X	Y	Value
-315	-450	0.002472
-306	-450	0.005103
4.5	-450	0.062919
27	-450	0.048629
31.5	-450	0.039184
36	-450	0.052519
40.5	-450	0.061532
45	-450	0.038733
49.5	-450	0.051546
54	-450	0.045162
58.5	-450	0.052496
63	-450	0.052717
67.5	-450	0.034238
72	-450	0.052984
76.5	-450	0.053585
81	-450	0.043694
85.5	-450	0.055327
90	-450	0.055359
94.5	-450	0.050693
99	-450	0.040756
103.5	-450	0.05033
112.5	-450	0.053385
117	-450	0.075516
121.5	-450	0.056292
126	-450	0.041771
130.5	-450	0.054488
135	-450	0.049707
139.5	-450	0.053717
144	-450	0.072858
148.5	-450	0.053306
153	-450	0.058407
157.5	-450	0.04793
162	-450	0.051372
166.5	-450	0.056452
171	-450	0.041089
175.5	-450	0.048189
180	-450	0.056529
184.5	-450	0.043497
189	-450	0.043909
193.5	-450	0.045498
198	-450	0.053192
202.5	-450	0.041763
207	-450	0.050793
211.5	-450	0.054848
220.5	-450	0.04308
225	-450	0.048316
229.5	-450	0.05346
234	-450	0.037243
238.5	-450	0.040202
243	-450	0.043504
247.5	-450	0.040013
252	-450	0.034685
256.5	-450	0.035823
261	-450	0.035942
265.5	-450	0.037444
270	-450	0.027755
274.5	-450	0.027788
297	-450	0.017123
382.5	-450	0.00531
-180	-445.5	0.012153
-13.5	-445.5	0.073442
-9	-445.5	0.043614
4.5	-445.5	0.044805
18	-445.5	0.037302
27	-445.5	0.055646
31.5	-445.5	0.0467
36	-445.5	0.069332
40.5	-445.5	0.05199
45	-445.5	0.035967
49.5	-445.5	0.049443
54	-445.5	0.045208
63	-445.5	0.052687
67.5	-445.5	0.040554
72	-445.5	0.048053
76.5	-445.5	0.063833
81	-445.5	0.04361
85.5	-445.5	0.054694
90	-445.5	0.044808
94.5	-445.5	0.04337
99	-445.5	0.044319
103.5	-445.5	0.051271
112.5	-445.5	0.058435
117	-445.5	0.072621
121.5	-445.5	0.057585
126	-445.5	0.049243
130.5	-445.5	0.057713
135	-445.5	0.052766
139.5	-445.5	0.070646
144	-445.5	0.063733
148.5	-445.5	0.057825
153	-445.5	0.050028
157.5	-445.5	0.044501
162	-445.5	0.051147
166.5	-445.5	0.060383
171	-445.5	0.045808
175.5	-445.5	0.05824
180	-445.5	0.046049
184.5	-445.5	0.055137
189	-445.5	0.048716
193.5	-445.5	0.041898
198	-445.5	0.050722
202.5	-445.5	0.04055
207	-445.5	0.053599
211.5	-445.5	0.045378
216	-445.5	0.041017
220.5	-445.5	0.037492
225	-445.5	0.059839
229.5	-445.5	0.036803
234	-445.5	0.046052
238.5	-445.5	0.038704
243	-445.5	0.038021
247.5	-445.5	0.049225
252	-445.5	0.033609
261	-445.5	0.02864
265.5	-445.5	0.043535
292.5	-445.5	0.034838
297	-445.5	0.013881
306	-445.5	0.019073
310.5	-445.5	0.023713
-400.5	-441	0.001603
-261	-441	0.003561
-193.5	-441	0.014601
-189	-441	0.010901
-162	-441	0.019421
-40.5	-441	0.028313
22.5	-441	0.051521
27	-441	0.061609
31.5	-441	0.045549
36	-441	0.072067
40.5	-441	0.055605
49.5	-441	0.038432
54	-441	0.04962
58.5	-441	0.04494
63	-441	0.050324
67.5	-441	0.049036
72	-441	0.040958
76.5	-441	0.06056
81	-441	0.046487
85.5	-441	0.052611
90	-441	0.042908
94.5	-441	0.043177
99	-441	0.062477
103.5	-441	0.050706
108	-441	0.051413
112.5	-441	0.05436
117	-441	0.070017
121.5	-441	0.051501
126	-441	0.060482
130.5	-441	0.060023
135	-441	0.05531
139.5	-441	0.07743
144	-441	0.056425
148.5	-441	0.058992
153	-441	0.043245
157.5	-441	0.042681
162	-441	0.056983
166.5	-441	0.071709
171	-441	0.058383
175.5	-441	0.066972
180	-441	0.047519
184.5	-441	0.057047
189	-441	0.048352
193.5	-441	0.050896
198	-441	0.047893
202.5	-441	0.047449
207	-441	0.052224
211.5	-441	0.047762
216	-441	0.038979
220.5	-441	0.039194
225	-441	0.062085
229.5	-441	0.039457
234	-441	0.044057
238.5	-441	0.040431
243	-441	0.042678
247.5	-441	0.044367
252	-441	0.025667
256.5	-441	0.030286
261	-441	0.027688
265.5	-441	0.030144
274.5	-441	0.021249
279	-441	0.031931
283.5	-441	0.029948
306	-441	0.032042
310.5	-441	0.021375
432	-441	0.001309
-396	-436.5	0.001276
-283.5	-436.5	0.003483
-225	-436.5	0.010339
-67.5	-436.5	0.031634
13.5	-436.5	0.04633
18	-436.5	0.040171
27	-436.5	0.048581
36	-436.5	0.061091
40.5	-436.5	0.047559
45	-436.5	0.043579
49.5	-436.5	0.035486
54	-436.5	0.046059
58.5	-436.5	0.056372
63	-436.5	0.046627
67.5	-436.5	0.045566
72	-436.5	0.042726
76.5	-436.5	0.061894
81	-436.5	0.045296
85.5	-436.5	0.050085
90	-436.5	0.042487
94.5	-436.5	0.049317
99	-436.5	0.06738
103.5	-436.5	0.052466
108	-436.5	0.061536
112.5	-436.5	0.049934
117	-436.5	0.06261
121.5	-436.5	0.048748
126	-436.5	0.062255
130.5	-436.5	0.082872
135	-436.5	0.060411
139.5	-436.5	0.077522
144	-436.5	0.062286
148.5	-436.5	0.067696
153	-436.5	0.053671
157.5	-436.5	0.074217
162	-436.5	0.084273
166.5	-436.5	0.066918
171	-436.5	0.053589
175.5	-436.5	0.065907
180	-436.5	0.051096
184.5	-436.5	0.059562
189	-436.5	0.055638
193.5	-436.5	0.057533
198	-436.5	0.058608
202.5	-436.5	0.056602
207	-436.5	0.055686
211.5	-436.5	0.057332
216	-436.5	0.046765
220.5	-436.5	0.055805
225	-436.5	0.050489
229.5	-436.5	0.040138
234	-436.5	0.037039
238.5	-436.5	0.038878
243	-436.5	0.04181
247.5	-436.5	0.046609
252	-436.5	0.037141
256.5	-436.5	0.039267
261	-436.5	0.039739
265.5	-436.5	0.038835
270	-436.5	0.023709
274.5	-436.5	0.030392
283.5	-436.5	0.036501
297	-436.5	0.024937
-292.5	-432	0.003488
-288	-432	0.003455
-252	-432	0.005632
-238.5	-432	0.005369
-225	-432	0.009788
-220.5	-432	0.011467
-189	-432	0.013703
-184.5	-432	0.011537
-180	-432	0.020114
-31.5	-432	0.040525
-18	-432	0.056136
-13.5	-432	0.036526
-9	-432	0.038936
0	-432	0.043936
4.5	-432	0.034474
18	-432	0.0438
22.5	-432	0.040625
36	-432	0.063696
40.5	-432	0.042695
45	-432	0.045858
49.5	-432	0.043002
54	-432	0.043689
58.5	-432	0.050477
63	-432	0.05766
67.5	-432	0.048455
76.5	-432	0.055981
81	-432	0.043871
85.5	-432	0.050972
90	-432	0.056114
94.5	-432	0.058335
99	-432	0.067695
103.5	-432	0.052779
108	-432	0.050239
112.5	-432	0.050477
117	-432	0.048239
121.5	-432	0.046335
126	-432	0.054383
130.5	-432	0.098006
135	-432	0.069467
139.5	-432	0.073504
144	-432	0.0677
148.5	-432	0.06667
153	-432	0.057911
157.5	-432	0.081977
162	-432	0.083202
166.5	-432	0.062567
171	-432	0.059778
175.5	-432	0.053997
180	-432	0.057123
184.5	-432	0.054553
189	-432	0.060077
193.5	-432	0.051558
198	-432	0.057011
202.5	-432	0.058834
207	-432	0.054168
211.5	-432	0.057177
216	-432	0.049632
220.5	-432	0.05488
225	-432	0.051926
229.5	-432	0.054379
234	-432	0.051277
238.5	-432	0.039494
243	-432	0.036322
247.5	-432	0.047286
252	-432	0.035684
265.5	-432	0.025042
270	-432	0.026102
274.5	-432	0.029237
315	-432	0.018147
328.5	-432	0.018861
-441	-427.5	0.000366
-306	-427.5	0.00187
-297	-427.5	0.004079
-238.5	-427.5	0.007064
-234	-427.5	0.005181
-193.5	-427.5	0.018672
-76.5	-427.5	0.051459
-54	-427.5	0.037464
-31.5	-427.5	0.03979
-9	-427.5	0.046094
0	-427.5	0.051526
13.5	-427.5	0.042708
22.5	-427.5	0.040585
31.5	-427.5	0.047947
36	-427.5	0.047466
40.5	-427.5	0.034186
45	-427.5	0.053293
49.5	-427.5	0.05079
54	-427.5	0.039593
58.5	-427.5	0.047594
63	-427.5	0.063063
67.5	-427.5	0.048679
72	-427.5	0.055597
76.5	-427.5	0.056031
81	-427.5	0.045904
85.5	-427.5	0.052442
90	-427.5	0.073259
94.5	-427.5	0.049659
99	-427.5	0.075339
103.5	-427.5	0.049967
108	-427.5	0.054875
112.5	-427.5	0.05304
117	-427.5	0.053659
121.5	-427.5	0.053485
126	-427.5	0.060599
130.5	-427.5	0.099035
135	-427.5	0.075337
139.5	-427.5	0.076524
144	-427.5	0.070052
148.5	-427.5	0.089634
153	-427.5	0.072286
157.5	-427.5	0.091121
162	-427.5	0.07776
166.5	-427.5	0.06366
171	-427.5	0.063159
175.5	-427.5	0.060128
180	-427.5	0.052425
184.5	-427.5	0.06258
189	-427.5	0.059479
193.5	-427.5	0.047612
198	-427.5	0.047462
202.5	-427.5	0.056983
207	-427.5	0.058999
211.5	-427.5	0.066035
216	-427.5	0.072727
220.5	-427.5	0.061996
225	-427.5	0.051506
229.5	-427.5	0.051348
234	-427.5	0.034693
238.5	-427.5	0.0424
243	-427.5	0.054211
247.5	-427.5	0.04191
252	-427.5	0.044605
256.5	-427.5	0.038412
265.5	-427.5	0.03042
279	-427.5	0.031997
288	-427.5	0.031863
292.5	-427.5	0.028353
-418.5	-423	0.000231
-306	-423	0.002153
-301.5	-423	0.004115
-297	-423	0.003862
-166.5	-423	0.015163
-40.5	-423	0.032319
-31.5	-423	0.041967
-13.5	-423	0.052894
-9	-423	0.050682
-4.5	-423	0.038669
0	-423	0.040315
4.5	-423	0.040953
18	-423	0.045995
22.5	-423	0.042396
27	-423	0.045205
31.5	-423	0.04467
36	-423	0.055423
45	-423	0.051656
49.5	-423	0.061524
54	-423	0.039856
58.5	-423	0.052656
63	-423	0.055293
67.5	-423	0.05031
72	-423	0.053302
81	-423	0.045712
85.5	-423	0.054278
90	-423	0.07998
94.5	-423	0.064672
99	-423	0.063073
103.5	-423	0.063492
108	-423	0.076642
112.5	-423	0.059969
117	-423	0.062523
121.5	-423	0.055807
126	-423	0.104972
130.5	-423	0.078949
135	-423	0.070805
139.5	-423	0.078623
144	-423	0.066556
148.5	-423	0.088024
153	-423	0.061212
157.5	-423	0.097335
162	-423	0.063165
166.5	-423	0.062701
171	-423	0.072499
175.5	-423	0.072875
180	-423	0.072293
184.5	-423	0.073193
189	-423	0.053275
193.5	-423	0.050929
198	-423	0.066368
202.5	-423	0.060329
207	-423	0.061406
211.5	-423	0.065511
216	-423	0.078506
220.5	-423	0.055508
225	-423	0.046275
229.5	-423	0.057893
234	-423	0.048719
238.5	-423	0.049354
243	-423	0.057953
247.5	-423	0.046763
252	-423	0.040262
256.5	-423	0.033146
261	-423	0.044795
274.5	-423	0.033072
364.5	-423	0.003641
-441	-418.5	0.000223
-418.5	-418.5	0.000509
-306	-418.5	0.002438
-301.5	-418.5	0.002842
-256.5	-418.5	0.003343
-243	-418.5	0.007111
-90	-418.5	0.053395
-49.5	-418.5	0.057919
-18	-418.5	0.040557
-13.5	-418.5	0.054226
-4.5	-418.5	0.045609
0	-418.5	0.038383
4.5	-418.5	0.038834
9	-418.5	0.048389
27	-418.5	0.052113
31.5	-418.5	0.05244
36	-418.5	0.046439
40.5	-418.5	0.038949
45	-418.5	0.041471
49.5	-418.5	0.055446
54	-418.5	0.04373
58.5	-418.5	0.060556
63	-418.5	0.058935
67.5	-418.5	0.040438
72	-418.5	0.059882
76.5	-418.5	0.061051
81	-418.5	0.050829
85.5	-418.5	0.069061
90	-418.5	0.059743
94.5	-418.5	0.077357
99	-418.5	0.067144
103.5	-418.5	0.070852
108	-418.5	0.075783
112.5	-418.5	0.062588
117	-418.5	0.053046
121.5	-418.5	0.072723
126	-418.5	0.096526
130.5	-418.5	0.078117
135	-418.5	0.080475
139.5	-418.5	0.081384
144	-418.5	0.072272
148.5	-418.5	0.071952
153	-418.5	0.065497
157.5	-418.5	0.083047
162	-418.5	0.07912
166.5	-418.5	0.084924
171	-418.5	0.067772
175.5	-418.5	0.065719
180	-418.5	0.086041
184.5	-418.5	0.070354
189	-418.5	0.05236
193.5	-418.5	0.05846
198	-418.5	0.062386
202.5	-418.5	0.064121
207	-418.5	0.058398
211.5	-418.5	0.080618
216	-418.5	0.056414
220.5	-418.5	0.061698
225	-418.5	0.052687
229.5	-418.5	0.052078
234	-418.5	0.055735
238.5	-418.5	0.051557
243	-418.5	0.047818
247.5	-418.5	0.046353
252	-418.5	0.045271
261	-418.5	0.039056
274.5	-418.5	0.039023
288	-418.5	0.029388
306	-418.5	0.020548
319.5	-418.5	0.018283
387	-418.5	0.001962
-418.5	-414	0.000421
-306	-414	0.001685
-252	-414	0.005499
-225	-414	0.00619
-58.5	-414	0.049353
-54	-414	0.0414
-4.5	-414	0.047414
0	-414	0.042556
13.5	-414	0.061976
18	-414	0.050913
22.5	-414	0.05004
27	-414	0.0497
31.5	-414	0.059154
36	-414	0.04232
40.5	-414	0.059646
45	-414	0.047043
49.5	-414	0.055936
54	-414	0.056002
58.5	-414	0.072152
63	-414	0.059644
67.5	-414	0.04593
72	-414	0.051174
76.5	-414	0.05897
81	-414	0.051136
85.5	-414	0.062334
90	-414	0.052724
94.5	-414	0.073907
99	-414	0.06506
103.5	-414	0.059773
108	-414	0.068241
112.5	-414	0.075374
117	-414	0.067672
121.5	-414	0.075133
126	-414	0.096357
130.5	-414	0.084885
135	-414	0.091165
139.5	-414	0.091963
144	-414	0.055955
148.5	-414	0.079798
153	-414	0.06346
157.5	-414	0.095499
162	-414	0.074735
166.5	-414	0.077945
171	-414	0.073055
175.5	-414	0.077985
180	-414	0.083133
184.5	-414	0.069437
189	-414	0.053793
193.5	-414	0.050357
198	-414	0.064787
202.5	-414	0.056955
207	-414	0.060302
211.5	-414	0.080668
216	-414	0.056449
220.5	-414	0.052053
225	-414	0.046171
229.5	-414	0.050571
234	-414	0.06147
238.5	-414	0.052815
243	-414	0.052376
247.5	-414	0.040483
252	-414	0.044684
256.5	-414	0.042231
270	-414	0.034589
292.5	-414	0.030254
297	-414	0.025548
301.5	-414	0.025262
315	-414	0.018347
319.5	-414	0.023008
324	-414	0.023194
445.5	-414	0.002104
-270	-409.5	0.002494
-90	-409.5	0.067209
-72	-409.5	0.043958
-67.5	-409.5	0.060337
-63	-409.5	0.04356
-49.5	-409.5	0.045662
-31.5	-409.5	0.053013
-22.5	-409.5	0.038462
-13.5	-409.5	0.048203
-9	-409.5	0.039238
-4.5	-409.5	0.053155
4.5	-409.5	0.036514
9	-409.5	0.036736
18	-409.5	0.050214
22.5	-409.5	0.068708
27	-409.5	0.054643
31.5	-409.5	0.053615
36	-409.5	0.044382
40.5	-409.5	0.047633
45	-409.5	0.045092
49.5	-409.5	0.07768
54	-409.5	0.060628
58.5	-409.5	0.064977
63	-409.5	0.068655
67.5	-409.5	0.042961
72	-409.5	0.057462
76.5	-409.5	0.062879
81	-409.5	0.063965
85.5	-409.5	0.055559
90	-409.5	0.056583
94.5	-409.5	0.065371
99	-409.5	0.052034
103.5	-409.5	0.065362
108	-409.5	0.075479
112.5	-409.5	0.068451
117	-409.5	0.064042
121.5	-409.5	0.085795
126	-409.5	0.071202
130.5	-409.5	0.080385
135	-409.5	0.091141
139.5	-409.5	0.087023
144	-409.5	0.081228
148.5	-409.5	0.081236
153	-409.5	0.075901
157.5	-409.5	0.093034
162	-409.5	0.079433
166.5	-409.5	0.078165
171	-409.5	0.064657
175.5	-409.5	0.069853
180	-409.5	0.077952
184.5	-409.5	0.072453
189	-409.5	0.054233
193.5	-409.5	0.074402
198	-409.5	0.063905
202.5	-409.5	0.070151
207	-409.5	0.0604
211.5	-409.5	0.076391
216	-409.5	0.064864
220.5	-409.5	0.053082
225	-409.5	0.056464
229.5	-409.5	0.042051
234	-409.5	0.040396
238.5	-409.5	0.047342
243	-409.5	0.045483
247.5	-409.5	0.056874
252	-409.5	0.04316
256.5	-409.5	0.044813
261	-409.5	0.042539
270	-409.5	0.037325
274.5	-409.5	0.033179
292.5	-409.5	0.026984
297	-409.5	0.021447
301.5	-409.5	0.019213
315	-409.5	0.015231
328.5	-409.5	0.014178
337.5	-409.5	0.010218
414	-409.5	0.001278
-274.5	-405	0.003122
-270	-405	0.00396
-265.5	-405	0.003811
-261	-405	0.008874
-216	-405	0.008215
-162	-405	0.01585
-76.5	-405	0.078432
-54	-405	0.045297
-49.5	-405	0.046461
-31.5	-405	0.036793
-13.5	-405	0.043864
-9	-405	0.041207
-4.5	-405	0.052691
0	-405	0.037203
9	-405	0.04373
13.5	-405	0.057396
18	-405	0.04602
22.5	-405	0.052824
27	-405	0.050691
31.5	-405	0.050195
36	-405	0.044444
40.5	-405	0.047398
45	-405	0.046228
49.5	-405	0.058943
54	-405	0.050928
58.5	-405	0.053171
63	-405	0.060601
67.5	-405	0.055913
72	-405	0.067841
76.5	-405	0.062394
81	-405	0.076505
85.5	-405	0.060992
90	-405	0.065377
94.5	-405	0.071092
99	-405	0.066562
103.5	-405	0.083222
108	-405	0.062031
112.5	-405	0.070446
117	-405	0.068676
121.5	-405	0.079448
126	-405	0.075771
130.5	-405	0.071902
135	-405	0.103981
139.5	-405	0.082376
144	-405	0.079796
148.5	-405	0.094336
153	-405	0.090494
157.5	-405	0.075125
162	-405	0.089619
166.5	-405	0.07846
171	-405	0.077379
175.5	-405	0.067521
180	-405	0.076672
184.5	-405	0.079896
189	-405	0.070879
193.5	-405	0.077443
198	-405	0.077632
202.5	-405	0.065703
207	-405	0.080477
211.5	-405	0.071286
216	-405	0.063053
220.5	-405	0.063153
225	-405	0.056463
229.5	-405	0.066113
234	-405	0.056136
238.5	-405	0.042127
243	-405	0.0571
247.5	-405	0.049882
252	-405	0.047406
256.5	-405	0.053807
261	-405	0.042364
265.5	-405	0.047502
270	-405	0.037481
274.5	-405	0.045737
279	-405	0.031486
297	-405	0.019022
306	-405	0.016849
310.5	-405	0.018687
-225	-400.5	0.008956
-220.5	-400.5	0.008096
-162	-400.5	0.015989
-108	-400.5	0.049104
-90	-400.5	0.056584
-85.5	-400.5	0.061886
-76.5	-400.5	0.083797
-72	-400.5	0.063214
-67.5	-400.5	0.064408
-63	-400.5	0.048398
-58.5	-400.5	0.041931
-49.5	-400.5	0.049096
-45	-400.5	0.040148
-36	-400.5	0.051647
-27	-400.5	0.043631
-22.5	-400.5	0.038709
-13.5	-400.5	0.049115
0	-400.5	0.040696
4.5	-400.5	0.046395
9	-400.5	0.050876
13.5	-400.5	0.069129
18	-400.5	0.051613
22.5	-400.5	0.057019
27	-400.5	0.060239
31.5	-400.5	0.056197
36	-400.5	0.052678
40.5	-400.5	0.058485
45	-400.5	0.053415
49.5	-400.5	0.058305
54	-400.5	0.043987
58.5	-400.5	0.052961
63	-400.5	0.057861
67.5	-400.5	0.060469
72	-400.5	0.07692
76.5	-400.5	0.056929
81	-400.5	0.076951
85.5	-400.5	0.064658
90	-400.5	0.057433
94.5	-400.5	0.074645
99	-400.5	0.073407
103.5	-400.5	0.08114
108	-400.5	0.070868
112.5	-400.5	0.068431
117	-400.5	0.077149
121.5	-400.5	0.078457
126	-400.5	0.080783
130.5	-400.5	0.081958
135	-400.5	0.095156
139.5	-400.5	0.090352
144	-400.5	0.088915
148.5	-400.5	0.098613
153	-400.5	0.093342
157.5	-400.5	0.073038
162	-400.5	0.107706
166.5	-400.5	0.079359
171	-400.5	0.090191
175.5	-400.5	0.077023
180	-400.5	0.098445
184.5	-400.5	0.064835
189	-400.5	0.080027
193.5	-400.5	0.073813
198	-400.5	0.081143
202.5	-400.5	0.078878
207	-400.5	0.082853
211.5	-400.5	0.080603
216	-400.5	0.065674
220.5	-400.5	0.067846
225	-400.5	0.070958
229.5	-400.5	0.064146
234	-400.5	0.06029
238.5	-400.5	0.053117
243	-400.5	0.061696
247.5	-400.5	0.044317
252	-400.5	0.04572
256.5	-400.5	0.054501
265.5	-400.5	0.040731
270	-400.5	0.04453
274.5	-400.5	0.033875
279	-400.5	0.04926
288	-400.5	0.026761
292.5	-400.5	0.030163
310.5	-400.5	0.018294
445.5	-400.5	0.002292
-301.5	-396	0.002081
-297	-396	0.002345
-283.5	-396	0.002207
-193.5	-396	0.01721
-103.5	-396	0.052441
-94.5	-396	0.08355
-90	-396	0.05391
-72	-396	0.079634
-67.5	-396	0.062263
-63	-396	0.048618
-45	-396	0.03484
-40.5	-396	0.043401
-18	-396	0.037295
-13.5	-396	0.046724
-9	-396	0.047108
-4.5	-396	0.042579
0	-396	0.056884
4.5	-396	0.043424
9	-396	0.056394
13.5	-396	0.059847
22.5	-396	0.067339
27	-396	0.05851
31.5	-396	0.069969
36	-396	0.054428
40.5	-396	0.051604
45	-396	0.055912
49.5	-396	0.076312
54	-396	0.064132
58.5	-396	0.066145
63	-396	0.05892
67.5	-396	0.062837
72	-396	0.072924
76.5	-396	0.075245
81	-396	0.068087
85.5	-396	0.057492
90	-396	0.058559
94.5	-396	0.073099
99	-396	0.081016
103.5	-396	0.077298
108	-396	0.073486
112.5	-396	0.078125
117	-396	0.087083
121.5	-396	0.098715
126	-396	0.069667
130.5	-396	0.064157
135	-396	0.091217
139.5	-396	0.092816
144	-396	0.089723
148.5	-396	0.108815
153	-396	0.092059
157.5	-396	0.088613
162	-396	0.104165
166.5	-396	0.089404
171	-396	0.095296
175.5	-396	0.076069
180	-396	0.084769
184.5	-396	0.071523
189	-396	0.078089
193.5	-396	0.077369
198	-396	0.079408
202.5	-396	0.089068
207	-396	0.086032
211.5	-396	0.088075
216	-396	0.073531
220.5	-396	0.05868
225	-396	0.063545
229.5	-396	0.064775
234	-396	0.060753
238.5	-396	0.055219
243	-396	0.058338
247.5	-396	0.048067
252	-396	0.046687
256.5	-396	0.048199
265.5	-396	0.040091
274.5	-396	0.040817
288	-396	0.035864
292.5	-396	0.031627
373.5	-396	0.002172
391.5	-396	0.001414
445.5	-396	0.001537
-306	-391.5	0.002068
-301.5	-391.5	0.002063
-297	-391.5	0.002285
-292.5	-391.5	0.002567
-288	-391.5	0.002349
-279	-391.5	0.001683
-261	-391.5	0.005247
-256.5	-391.5	0.010036
-247.5	-391.5	0.007464
-225	-391.5	0.007748
-207	-391.5	0.012785
-198	-391.5	0.01693
-189	-391.5	0.024128
-67.5	-391.5	0.053388
-63	-391.5	0.071564
-58.5	-391.5	0.049327
-54	-391.5	0.043277
-49.5	-391.5	0.045672
-45	-391.5	0.040614
-40.5	-391.5	0.044318
-36	-391.5	0.047402
-18	-391.5	0.046617
-13.5	-391.5	0.046256
-9	-391.5	0.053954
-4.5	-391.5	0.0506
0	-391.5	0.065941
4.5	-391.5	0.048333
9	-391.5	0.05322
13.5	-391.5	0.059608
18	-391.5	0.076624
22.5	-391.5	0.056517
27	-391.5	0.06235
31.5	-391.5	0.058096
36	-391.5	0.048449
40.5	-391.5	0.059962
45	-391.5	0.068414
49.5	-391.5	0.073495
54	-391.5	0.063729
58.5	-391.5	0.058467
63	-391.5	0.054131
67.5	-391.5	0.065164
72	-391.5	0.077105
76.5	-391.5	0.061393
81	-391.5	0.068738
85.5	-391.5	0.059928
90	-391.5	0.07274
94.5	-391.5	0.083047
99	-391.5	0.103123
103.5	-391.5	0.086478
108	-391.5	0.06676
112.5	-391.5	0.081982
117	-391.5	0.085997
121.5	-391.5	0.109753
126	-391.5	0.079793
130.5	-391.5	0.080778
135	-391.5	0.089135
139.5	-391.5	0.101209
144	-391.5	0.09816
148.5	-391.5	0.120712
153	-391.5	0.110955
157.5	-391.5	0.091906
162	-391.5	0.090495
166.5	-391.5	0.090562
171	-391.5	0.088369
175.5	-391.5	0.089041
180	-391.5	0.082745
184.5	-391.5	0.071369
189	-391.5	0.071398
193.5	-391.5	0.087379
198	-391.5	0.068958
202.5	-391.5	0.094803
207	-391.5	0.087678
211.5	-391.5	0.089294
216	-391.5	0.060502
220.5	-391.5	0.066438
225	-391.5	0.065458
229.5	-391.5	0.06075
234	-391.5	0.052558
238.5	-391.5	0.053957
243	-391.5	0.057533
247.5	-391.5	0.051369
252	-391.5	0.047556
256.5	-391.5	0.037372
261	-391.5	0.045482
265.5	-391.5	0.048838
279	-391.5	0.040878
283.5	-391.5	0.03767
292.5	-391.5	0.028218
297	-391.5	0.024793
301.5	-391.5	0.02749
306	-391.5	0.026256
319.5	-391.5	0.017646
324	-391.5	0.014188
337.5	-391.5	0.014002
-333	-387	0.001098
-328.5	-387	0.002499
-315	-387	0.001876
-310.5	-387	0.00286
-297	-387	0.001513
-292.5	-387	0.0022
-283.5	-387	0.002808
-252	-387	0.005587
-238.5	-387	0.009287
-225	-387	0.00468
-180	-387	0.018956
-99	-387	0.048061
-94.5	-387	0.042104
-90	-387	0.07941
-85.5	-387	0.075349
-76.5	-387	0.068375
-67.5	-387	0.059547
-63	-387	0.068828
-49.5	-387	0.044381
-45	-387	0.048256
-36	-387	0.04762
-31.5	-387	0.035762
-27	-387	0.048725
-22.5	-387	0.046947
-13.5	-387	0.047218
-9	-387	0.058025
-4.5	-387	0.063077
0	-387	0.06127
4.5	-387	0.053705
9	-387	0.057171
13.5	-387	0.047524
18	-387	0.071361
22.5	-387	0.047384
27	-387	0.055284
31.5	-387	0.057712
36	-387	0.041614
40.5	-387	0.071545
45	-387	0.068578
49.5	-387	0.05376
54	-387	0.064585
58.5	-387	0.06651
63	-387	0.051245
67.5	-387	0.067137
72	-387	0.081769
76.5	-387	0.056542
81	-387	0.067429
85.5	-387	0.06644
90	-387	0.075672
94.5	-387	0.069628
99	-387	0.110025
103.5	-387	0.089523
108	-387	0.084512
112.5	-387	0.088829
117	-387	0.092613
121.5	-387	0.09431
126	-387	0.075785
130.5	-387	0.11497
135	-387	0.101609
139.5	-387	0.09605
144	-387	0.102826
148.5	-387	0.089652
153	-387	0.097539
157.5	-387	0.110303
162	-387	0.081361
166.5	-387	0.104341
171	-387	0.101354
175.5	-387	0.099146
180	-387	0.11397
184.5	-387	0.077504
189	-387	0.08784
193.5	-387	0.09512
198	-387	0.077918
202.5	-387	0.115963
207	-387	0.090469
211.5	-387	0.083506
216	-387	0.060548
220.5	-387	0.066379
225	-387	0.071834
229.5	-387	0.066392
234	-387	0.081616
238.5	-387	0.069526
243	-387	0.054101
247.5	-387	0.059187
252	-387	0.052454
265.5	-387	0.044172
274.5	-387	0.044869
279	-387	0.034996
283.5	-387	0.027043
288	-387	0.031088
297	-387	0.026987
301.5	-387	0.028089
306	-387	0.026425
310.5	-387	0.01935
315	-387	0.016812
319.5	-387	0.019034
324	-387	0.016963
441	-387	0.002767
445.5	-387	0.002221
-400.5	-382.5	0.000234
-396	-382.5	0.000165
-387	-382.5	0.000294
-310.5	-382.5	0.002561
-301.5	-382.5	0.001617
-297	-382.5	0.00165
-292.5	-382.5	0.00169
-274.5	-382.5	0.001354
-247.5	-382.5	0.004552
-198	-382.5	0.011602
-139.5	-382.5	0.034997
-103.5	-382.5	0.050224
-99	-382.5	0.053047
-90	-382.5	0.083944
-85.5	-382.5	0.067816
-81	-382.5	0.065561
-76.5	-382.5	0.080813
-72	-382.5	0.085989
-67.5	-382.5	0.065272
-63	-382.5	0.079142
-58.5	-382.5	0.054832
-54	-382.5	0.041533
-49.5	-382.5	0.041204
-45	-382.5	0.059439
-40.5	-382.5	0.046795
-36	-382.5	0.045737
-31.5	-382.5	0.040657
-27	-382.5	0.040253
-22.5	-382.5	0.04981
-18	-382.5	0.047867
-13.5	-382.5	0.045303
-9	-382.5	0.063623
-4.5	-382.5	0.053064
4.5	-382.5	0.060409
9	-382.5	0.050545
13.5	-382.5	0.048005
18	-382.5	0.067874
22.5	-382.5	0.052604
27	-382.5	0.063886
31.5	-382.5	0.059689
36	-382.5	0.039768
40.5	-382.5	0.061279
45	-382.5	0.064134
49.5	-382.5	0.050804
54	-382.5	0.054609
58.5	-382.5	0.06365
63	-382.5	0.062932
67.5	-382.5	0.076548
72	-382.5	0.069353
76.5	-382.5	0.058283
81	-382.5	0.086176
85.5	-382.5	0.069709
90	-382.5	0.075385
94.5	-382.5	0.069609
99	-382.5	0.094472
103.5	-382.5	0.088048
108	-382.5	0.096103
112.5	-382.5	0.089061
117	-382.5	0.106836
121.5	-382.5	0.098209
126	-382.5	0.09615
130.5	-382.5	0.113955
135	-382.5	0.107011
139.5	-382.5	0.095765
144	-382.5	0.10861
148.5	-382.5	0.096378
153	-382.5	0.099915
157.5	-382.5	0.109556
162	-382.5	0.089829
166.5	-382.5	0.113757
171	-382.5	0.102942
175.5	-382.5	0.098398
180	-382.5	0.103773
184.5	-382.5	0.091317
189	-382.5	0.095141
193.5	-382.5	0.09097
198	-382.5	0.100802
202.5	-382.5	0.094679
207	-382.5	0.088963
211.5	-382.5	0.06888
216	-382.5	0.063765
220.5	-382.5	0.07646
225	-382.5	0.072983
229.5	-382.5	0.076963
234	-382.5	0.067739
238.5	-382.5	0.074219
243	-382.5	0.054678
252	-382.5	0.056862
261	-382.5	0.043729
265.5	-382.5	0.043639
274.5	-382.5	0.049104
279	-382.5	0.039204
283.5	-382.5	0.036273
292.5	-382.5	0.023596
297	-382.5	0.029118
301.5	-382.5	0.024097
306	-382.5	0.019289
315	-382.5	0.017842
319.5	-382.5	0.012841
441	-382.5	0.002454
-333	-378	0.001263
-319.5	-378	0.001904
-315	-378	0.001389
-306	-378	0.001816
-301.5	-378	0.001839
-274.5	-378	0.005087
-265.5	-378	0.002393
-261	-378	0.003504
-247.5	-378	0.005622
-243	-378	0.010599
-198	-378	0.011696
-112.5	-378	0.044857
-99	-378	0.05394
-94.5	-378	0.043213
-85.5	-378	0.061064
-81	-378	0.065363
-76.5	-378	0.090387
-72	-378	0.082361
-67.5	-378	0.060982
-63	-378	0.096482
-58.5	-378	0.063018
-54	-378	0.046169
-49.5	-378	0.054985
-45	-378	0.064136
-40.5	-378	0.054271
-36	-378	0.050906
-31.5	-378	0.049895
-27	-378	0.04788
-22.5	-378	0.055627
-18	-378	0.041364
-9	-378	0.052308
-4.5	-378	0.051917
0	-378	0.040993
4.5	-378	0.056254
9	-378	0.049605
13.5	-378	0.049298
18	-378	0.058912
22.5	-378	0.057473
27	-378	0.056747
31.5	-378	0.049699
36	-378	0.046974
45	-378	0.083126
49.5	-378	0.061846
54	-378	0.054009
58.5	-378	0.07296
63	-378	0.07244
67.5	-378	0.09099
72	-378	0.072205
76.5	-378	0.06785
81	-378	0.102971
85.5	-378	0.072818
90	-378	0.087449
94.5	-378	0.079052
99	-378	0.073894
103.5	-378	0.093721
108	-378	0.093693
112.5	-378	0.095821
117	-378	0.117216
121.5	-378	0.093823
126	-378	0.108185
130.5	-378	0.120982
135	-378	0.107413
139.5	-378	0.105886
144	-378	0.104974
148.5	-378	0.099258
153	-378	0.116539
157.5	-378	0.115102
162	-378	0.117522
166.5	-378	0.10935
171	-378	0.089239
175.5	-378	0.107934
180	-378	0.087879
184.5	-378	0.086699
189	-378	0.105126
193.5	-378	0.090738
198	-378	0.124244
202.5	-378	0.103928
207	-378	0.080996
211.5	-378	0.09017
216	-378	0.084034
220.5	-378	0.075777
225	-378	0.079956
229.5	-378	0.06201
234	-378	0.069036
238.5	-378	0.074363
243	-378	0.072645
252	-378	0.064351
274.5	-378	0.038326
279	-378	0.032496
288	-378	0.030967
292.5	-378	0.035325
297	-378	0.038164
301.5	-378	0.027455
-396	-373.5	9.4e-05
-337.5	-373.5	0.003676
-328.5	-373.5	0.002243
-301.5	-373.5	0.002055
-297	-373.5	0.002777
-288	-373.5	0.002102
-283.5	-373.5	0.003028
-274.5	-373.5	0.003981
-270	-373.5	0.002632
-261	-373.5	0.004201
-243	-373.5	0.005538
-229.5	-373.5	0.006799
-130.5	-373.5	0.030404
-108	-373.5	0.064357
-103.5	-373.5	0.062442
-99	-373.5	0.057982
-90	-373.5	0.083077
-85.5	-373.5	0.071605
-81	-373.5	0.077308
-76.5	-373.5	0.085863
-72	-373.5	0.076693
-63	-373.5	0.094144
-58.5	-373.5	0.073487
-54	-373.5	0.052188
-49.5	-373.5	0.064617
-45	-373.5	0.070344
-40.5	-373.5	0.060016
-36	-373.5	0.050754
-31.5	-373.5	0.053341
-22.5	-373.5	0.055729
-18	-373.5	0.042926
-13.5	-373.5	0.052587
-9	-373.5	0.06407
-4.5	-373.5	0.049581
0	-373.5	0.048237
4.5	-373.5	0.055417
9	-373.5	0.042722
18	-373.5	0.049964
22.5	-373.5	0.060999
31.5	-373.5	0.055332
36	-373.5	0.056197
40.5	-373.5	0.063141
45	-373.5	0.099468
49.5	-373.5	0.068434
54	-373.5	0.061029
58.5	-373.5	0.079476
63	-373.5	0.089442
67.5	-373.5	0.079921
72	-373.5	0.082081
76.5	-373.5	0.077391
81	-373.5	0.109765
85.5	-373.5	0.086267
90	-373.5	0.084655
94.5	-373.5	0.087139
99	-373.5	0.090422
103.5	-373.5	0.106273
108	-373.5	0.084719
112.5	-373.5	0.098466
117	-373.5	0.115627
121.5	-373.5	0.117302
126	-373.5	0.136694
130.5	-373.5	0.111542
135	-373.5	0.121937
139.5	-373.5	0.102958
144	-373.5	0.127382
148.5	-373.5	0.113235
153	-373.5	0.134012
157.5	-373.5	0.128649
162	-373.5	0.137818
166.5	-373.5	0.106491
171	-373.5	0.104277
175.5	-373.5	0.111971
180	-373.5	0.101336
184.5	-373.5	0.10437
189	-373.5	0.115817
193.5	-373.5	0.11298
198	-373.5	0.139723
202.5	-373.5	0.103275
207	-373.5	0.090231
211.5	-373.5	0.083014
216	-373.5	0.089297
220.5	-373.5	0.072947
225	-373.5	0.076997
229.5	-373.5	0.068322
234	-373.5	0.081432
238.5	-373.5	0.075619
243	-373.5	0.071011
274.5	-373.5	0.044504
297	-373.5	0.030676
306	-373.5	0.023587
310.5	-373.5	0.022579
315	-373.5	0.013893
-405	-369	0.000625
-391.5	-369	0.000202
-364.5	-369	0.001798
-355.5	-369	0.00168
-351	-369	0.002785
-342	-369	0.001571
-337.5	-369	0.002199
-333	-369	0.003496
-328.5	-369	0.003408
-324	-369	0.003239
-319.5	-369	0.004926
-315	-369	0.003533
-310.5	-369	0.002624
-306	-369	0.005475
-297	-369	0.003374
-292.5	-369	0.003018
-288	-369	0.00377
-283.5	-369	0.004143
-279	-369	0.004302
-274.5	-369	0.003521
-270	-369	0.003644
-261	-369	0.006072
-256.5	-369	0.005779
-252	-369	0.007469
-247.5	-369	0.00652
-243	-369	0.009066
-211.5	-369	0.012084
-189	-369	0.024708
-180	-369	0.044384
-166.5	-369	0.034983
-162	-369	0.040384
-153	-369	0.048584
-148.5	-369	0.034044
-144	-369	0.047263
-139.5	-369	0.043727
-135	-369	0.051703
-130.5	-369	0.040316
-126	-369	0.057933
-121.5	-369	0.064329
-117	-369	0.098817
-112.5	-369	0.089167
-108	-369	0.077284
-103.5	-369	0.084081
-99	-369	0.086426
-94.5	-369	0.078756
-90	-369	0.085378
-85.5	-369	0.131696
-81	-369	0.123214
-76.5	-369	0.133801
-72	-369	0.120558
-67.5	-369	0.121985
-63	-369	0.109026
-58.5	-369	0.114381
-54	-369	0.099535
-49.5	-369	0.082862
-45	-369	0.089481
-40.5	-369	0.095722
-36	-369	0.072886
-31.5	-369	0.086156
-27	-369	0.069863
-22.5	-369	0.075544
-18	-369	0.085345
-13.5	-369	0.107494
-9	-369	0.094353
-4.5	-369	0.094129
0	-369	0.079698
4.5	-369	0.087651
9	-369	0.07226
13.5	-369	0.090655
18	-369	0.082
22.5	-369	0.081248
27	-369	0.089243
31.5	-369	0.088316
36	-369	0.075538
40.5	-369	0.09249
45	-369	0.128457
49.5	-369	0.098518
54	-369	0.088857
58.5	-369	0.124938
63	-369	0.14239
67.5	-369	0.128303
72	-369	0.132196
76.5	-369	0.125483
81	-369	0.169746
85.5	-369	0.14491
90	-369	0.134291
94.5	-369	0.142284
99	-369	0.161589
103.5	-369	0.178817
108	-369	0.153744
112.5	-369	0.164203
117	-369	0.225411
121.5	-369	0.17661
126	-369	0.205346
130.5	-369	0.209544
135	-369	0.201006
139.5	-369	0.205717
144	-369	0.211959
148.5	-369	0.220331
153	-369	0.230547
157.5	-369	0.207865
162	-369	0.211633
166.5	-369	0.20071
171	-369	0.214019
175.5	-369	0.183805
180	-369	0.196385
184.5	-369	0.182173
189	-369	0.190793
193.5	-369	0.220965
198	-369	0.190917
202.5	-369	0.162173
207	-369	0.169899
211.5	-369	0.149532
216	-369	0.143558
220.5	-369	0.154697
225	-369	0.140976
229.5	-369	0.130228
234	-369	0.132424
238.5	-369	0.144509
243	-369	0.116354
288	-369	0.047746
292.5	-369	0.051074
297	-369	0.046203
301.5	-369	0.032978
306	-369	0.035294
310.5	-369	0.033665
315	-369	0.023544
319.5	-369	0.025783
324	-369	0.022399
328.5	-369	0.014265
333	-369	0.016417
337.5	-369	0.01587
346.5	-369	0.021273
351	-369	0.011795
445.5	-369	0.002177
-369	-364.5	0.001676
-360	-364.5	0.002243
-355.5	-364.5	0.001928
-351	-364.5	0.002695
-346.5	-364.5	0.0056
-342	-364.5	0.002452
-337.5	-364.5	0.003334
-333	-364.5	0.004361
-328.5	-364.5	0.006381
-324	-364.5	0.003776
-319.5	-364.5	0.004692
-315	-364.5	0.006143
-306	-364.5	0.008183
-297	-364.5	0.005413
-292.5	-364.5	0.005566
-288	-364.5	0.006689
-274.5	-364.5	0.006159
-270	-364.5	0.008829
-265.5	-364.5	0.007634
-261	-364.5	0.011246
-256.5	-364.5	0.009251
-252	-364.5	0.01172
-247.5	-364.5	0.008197
-238.5	-364.5	0.01834
-229.5	-364.5	0.011275
-216	-364.5	0.014961
-198	-364.5	0.026561
-193.5	-364.5	0.023002
-189	-364.5	0.035447
-184.5	-364.5	0.044375
-180	-364.5	0.050697
-171	-364.5	0.06634
-166.5	-364.5	0.056254
-162	-364.5	0.059796
-157.5	-364.5	0.053611
-148.5	-364.5	0.064345
-144	-364.5	0.067247
-139.5	-364.5	0.077104
-135	-364.5	0.08016
-130.5	-364.5	0.065393
-126	-364.5	0.085496
-121.5	-364.5	0.110621
-117	-364.5	0.119932
-112.5	-364.5	0.157146
-108	-364.5	0.134982
-103.5	-364.5	0.119986
-99	-364.5	0.139057
-94.5	-364.5	0.121516
-90	-364.5	0.151001
-85.5	-364.5	0.187276
-81	-364.5	0.182127
-76.5	-364.5	0.18446
-72	-364.5	0.176674
-67.5	-364.5	0.165903
-63	-364.5	0.17141
-58.5	-364.5	0.194272
-54	-364.5	0.150701
-49.5	-364.5	0.149255
-45	-364.5	0.139889
-40.5	-364.5	0.141605
-36	-364.5	0.103557
-31.5	-364.5	0.142094
-27	-364.5	0.106083
-22.5	-364.5	0.131513
-18	-364.5	0.1318
-13.5	-364.5	0.13604
-9	-364.5	0.1493
-4.5	-364.5	0.12615
0	-364.5	0.139776
4.5	-364.5	0.158228
9	-364.5	0.124033
13.5	-364.5	0.116875
18	-364.5	0.123959
22.5	-364.5	0.141393
27	-364.5	0.134888
31.5	-364.5	0.15263
36	-364.5	0.113498
40.5	-364.5	0.134997
45	-364.5	0.205913
49.5	-364.5	0.149696
54	-364.5	0.149564
58.5	-364.5	0.168902
63	-364.5	0.172773
67.5	-364.5	0.211503
72	-364.5	0.186788
76.5	-364.5	0.218304
81	-364.5	0.264418
85.5	-364.5	0.238505
90	-364.5	0.241934
94.5	-364.5	0.262018
99	-364.5	0.265235
103.5	-364.5	0.29743
108	-364.5	0.30054
112.5	-364.5	0.259885
117	-364.5	0.324138
121.5	-364.5	0.298902
126	-364.5	0.392591
130.5	-364.5	0.310858
135	-364.5	0.356897
139.5	-364.5	0.32845
144	-364.5	0.365611
148.5	-364.5	0.351927
153	-364.5	0.365902
157.5	-364.5	0.345215
162	-364.5	0.338072
166.5	-364.5	0.321504
171	-364.5	0.342444
175.5	-364.5	0.341896
180	-364.5	0.335457
184.5	-364.5	0.322793
189	-364.5	0.342135
193.5	-364.5	0.344494
198	-364.5	0.301503
202.5	-364.5	0.301255
207	-364.5	0.292155
211.5	-364.5	0.228845
216	-364.5	0.261434
220.5	-364.5	0.237881
225	-364.5	0.221665
229.5	-364.5	0.237339
234	-364.5	0.221504
238.5	-364.5	0.226212
243	-364.5	0.211877
270	-364.5	0.153599
283.5	-364.5	0.111732
288	-364.5	0.103106
292.5	-364.5	0.075102
297	-364.5	0.058289
301.5	-364.5	0.063053
306	-364.5	0.06204
310.5	-364.5	0.045306
315	-364.5	0.038398
319.5	-364.5	0.036275
324	-364.5	0.041999
328.5	-364.5	0.030389
333	-364.5	0.025386
337.5	-364.5	0.027249
342	-364.5	0.027427
346.5	-364.5	0.025111
351	-364.5	0.024622
355.5	-364.5	0.017131
360	-364.5	0.022562
369	-364.5	0.012323
373.5	-364.5	0.007585
-409.5	-360	0.000164
-405	-360	0.000311
-373.5	-360	0.002212
-369	-360	0.002748
-364.5	-360	0.003206
-360	-360	0.003685
-355.5	-360	0.003087
-351	-360	0.004048
-346.5	-360	0.006438
-342	-360	0.004637
-337.5	-360	0.005007
-333	-360	0.006734
-328.5	-360	0.008588
-324	-360	0.007819
-319.5	-360	0.007271
-315	-360	0.00834
-301.5	-360	0.012194
-292.5	-360	0.010689
-288	-360	0.011855
-283.5	-360	0.008095
-279	-360	0.015517
-274.5	-360	0.010525
-270	-360	0.012705
-256.5	-360	0.010883
-252	-360	0.012859
-247.5	-360	0.019202
-243	-360	0.01849
-238.5	-360	0.073933
-229.5	-360	0.0289
-225	-360	0.018623
-220.5	-360	0.021428
-211.5	-360	0.030513
-207	-360	0.028196
-202.5	-360	0.038054
-189	-360	0.049303
-184.5	-360	0.057475
-180	-360	0.067093
-175.5	-360	0.084179
-171	-360	0.120461
-166.5	-360	0.079145
-162	-360	0.080158
-157.5	-360	0.08915
-148.5	-360	0.104102
-144	-360	0.098094
-139.5	-360	0.130719
-135	-360	0.125779
-130.5	-360	0.110406
-126	-360	0.127643
-121.5	-360	0.158163
-117	-360	0.175678
-112.5	-360	0.191973
-108	-360	0.208285
-103.5	-360	0.179475
-99	-360	0.253643
-94.5	-360	0.188327
-90	-360	0.189882
-85.5	-360	0.290138
-81	-360	0.231516
-76.5	-360	0.248682
-72	-360	0.258296
-67.5	-360	0.270778
-63	-360	0.213771
-58.5	-360	0.288784
-54	-360	0.228865
-49.5	-360	0.212424
-45	-360	0.204155
-40.5	-360	0.219601
-36	-360	0.170272
-31.5	-360	0.244203
-27	-360	0.161953
-22.5	-360	0.189534
-18	-360	0.188395
-13.5	-360	0.206043
-9	-360	0.219592
-4.5	-360	0.178524
0	-360	0.194375
4.5	-360	0.213504
9	-360	0.208811
13.5	-360	0.18001
18	-360	0.212776
22.5	-360	0.218251
27	-360	0.208267
31.5	-360	0.213596
36	-360	0.1908
40.5	-360	0.205068
45	-360	0.311949
49.5	-360	0.210779
54	-360	0.210704
58.5	-360	0.242295
63	-360	0.275273
67.5	-360	0.275916
72	-360	0.288221
76.5	-360	0.36488
81	-360	0.356549
85.5	-360	0.357751
90	-360	0.378328
94.5	-360	0.361383
99	-360	0.384164
103.5	-360	0.450831
108	-360	0.490327
112.5	-360	0.406689
117	-360	0.470203
121.5	-360	0.48374
126	-360	0.551444
130.5	-360	0.462817
135	-360	0.527308
139.5	-360	0.532289
144	-360	0.593089
148.5	-360	0.562615
153	-360	0.548005
157.5	-360	0.551076
162	-360	0.52004
166.5	-360	0.546576
171	-360	0.512244
175.5	-360	0.512172
180	-360	0.532057
184.5	-360	0.488985
189	-360	0.537216
193.5	-360	0.505005
198	-360	0.473712
202.5	-360	0.472305
207	-360	0.454469
211.5	-360	0.38678
216	-360	0.403872
220.5	-360	0.374305
225	-360	0.328912
229.5	-360	0.326711
234	-360	0.343842
238.5	-360	0.333534
243	-360	0.358374
270	-360	0.237405
283.5	-360	0.16746
288	-360	0.160152
292.5	-360	0.115976
297	-360	0.090598
301.5	-360	0.100623
306	-360	0.07621
310.5	-360	0.065754
315	-360	0.068846
319.5	-360	0.060249
324	-360	0.066193
328.5	-360	0.055958
333	-360	0.047608
337.5	-360	0.047538
342	-360	0.057634
346.5	-360	0.040566
351	-360	0.040971
355.5	-360	0.031189
360	-360	0.023159
369	-360	0.015526
373.5	-360	0.013971
382.5	-360	0.007887
396	-360	0.001972
409.5	-360	0.001013
423	-360	0.002673
-387	-355.5	0.002952
-382.5	-355.5	0.002444
-378	-355.5	0.003448
-373.5	-355.5	0.003551
-369	-355.5	0.004757
-364.5	-355.5	0.004742
-360	-355.5	0.007654
-355.5	-355.5	0.006268
-351	-355.5	0.007475
-346.5	-355.5	0.007646
-342	-355.5	0.00719
-337.5	-355.5	0.008764
-333	-355.5	0.010489
-328.5	-355.5	0.012513
-324	-355.5	0.012546
-319.5	-355.5	0.011454
-315	-355.5	0.011531
-310.5	-355.5	0.013699
-306	-355.5	0.013769
-301.5	-355.5	0.016019
-297	-355.5	0.015106
-292.5	-355.5	0.016347
-288	-355.5	0.016569
-283.5	-355.5	0.016905
-279	-355.5	0.020165
-274.5	-355.5	0.019648
-270	-355.5	0.020135
-265.5	-355.5	0.016496
-256.5	-355.5	0.018251
-252	-355.5	0.020533
-247.5	-355.5	0.02117
-243	-355.5	0.026866
-238.5	-355.5	0.116997
-229.5	-355.5	0.047279
-225	-355.5	0.032703
-220.5	-355.5	0.033303
-216	-355.5	0.053894
-211.5	-355.5	0.041106
-207	-355.5	0.046387
-202.5	-355.5	0.047732
-198	-355.5	0.061216
-193.5	-355.5	0.073876
-189	-355.5	0.070739
-184.5	-355.5	0.076825
-180	-355.5	0.107998
-175.5	-355.5	0.09078
-171	-355.5	0.191968
-166.5	-355.5	0.123396
-162	-355.5	0.110218
-157.5	-355.5	0.128184
-153	-355.5	0.122064
-148.5	-355.5	0.173176
-144	-355.5	0.142563
-139.5	-355.5	0.179134
-135	-355.5	0.173356
-130.5	-355.5	0.204368
-126	-355.5	0.19698
-121.5	-355.5	0.2494
-117	-355.5	0.260505
-112.5	-355.5	0.267698
-108	-355.5	0.334763
-103.5	-355.5	0.241636
-99	-355.5	0.345454
-94.5	-355.5	0.288454
-90	-355.5	0.286854
-85.5	-355.5	0.342548
-81	-355.5	0.356574
-76.5	-355.5	0.349044
-72	-355.5	0.355823
-67.5	-355.5	0.425324
-63	-355.5	0.324331
-58.5	-355.5	0.405509
-54	-355.5	0.327217
-49.5	-355.5	0.283893
-45	-355.5	0.283943
-40.5	-355.5	0.292675
-36	-355.5	0.267097
-31.5	-355.5	0.363889
-27	-355.5	0.238728
-22.5	-355.5	0.271357
-18	-355.5	0.270156
-13.5	-355.5	0.302292
-9	-355.5	0.325002
-4.5	-355.5	0.278537
0	-355.5	0.256594
4.5	-355.5	0.270278
9	-355.5	0.283805
13.5	-355.5	0.292324
18	-355.5	0.29706
22.5	-355.5	0.331591
27	-355.5	0.322385
31.5	-355.5	0.290852
36	-355.5	0.333859
40.5	-355.5	0.320002
45	-355.5	0.433352
49.5	-355.5	0.295433
54	-355.5	0.322002
58.5	-355.5	0.355125
63	-355.5	0.370623
67.5	-355.5	0.426995
72	-355.5	0.450596
76.5	-355.5	0.787896
81	-355.5	0.632641
85.5	-355.5	0.504435
90	-355.5	0.543771
94.5	-355.5	0.55866
99	-355.5	0.567052
103.5	-355.5	0.573499
108	-355.5	0.598431
112.5	-355.5	0.616777
117	-355.5	0.655993
121.5	-355.5	0.678626
126	-355.5	0.772117
130.5	-355.5	0.72391
135	-355.5	0.754504
139.5	-355.5	0.761098
144	-355.5	0.80607
148.5	-355.5	0.833986
153	-355.5	0.847615
157.5	-355.5	0.870086
162	-355.5	0.766491
166.5	-355.5	0.822366
171	-355.5	0.772747
175.5	-355.5	0.809244
180	-355.5	0.785492
184.5	-355.5	0.80765
189	-355.5	0.849142
193.5	-355.5	0.662663
198	-355.5	0.641082
202.5	-355.5	0.682767
207	-355.5	0.640533
211.5	-355.5	0.599032
216	-355.5	0.583362
220.5	-355.5	0.599222
225	-355.5	0.499052
229.5	-355.5	0.537912
234	-355.5	0.528466
238.5	-355.5	0.533089
243	-355.5	0.502209
279	-355.5	0.293243
283.5	-355.5	0.241762
288	-355.5	0.168121
292.5	-355.5	0.143348
297	-355.5	0.14902
301.5	-355.5	0.124748
306	-355.5	0.12322
310.5	-355.5	0.125115
315	-355.5	0.105024
319.5	-355.5	0.110604
324	-355.5	0.096587
328.5	-355.5	0.081478
333	-355.5	0.08821
337.5	-355.5	0.08801
342	-355.5	0.067793
346.5	-355.5	0.061227
351	-355.5	0.065669
355.5	-355.5	0.050536
360	-355.5	0.035133
364.5	-355.5	0.031228
369	-355.5	0.025056
373.5	-355.5	0.028803
378	-355.5	0.015392
382.5	-355.5	0.009283
-391.5	-351	0.001618
-387	-351	0.001969
-373.5	-351	0.005352
-369	-351	0.006706
-364.5	-351	0.006965
-360	-351	0.012599
-351	-351	0.014663
-346.5	-351	0.011116
-342	-351	0.013591
-337.5	-351	0.016311
-333	-351	0.01892
-328.5	-351	0.017077
-324	-351	0.016037
-319.5	-351	0.019766
-315	-351	0.020536
-310.5	-351	0.019247
-306	-351	0.024896
-301.5	-351	0.027579
-297	-351	0.02776
-292.5	-351	0.024167
-288	-351	0.026352
-283.5	-351	0.020724
-279	-351	0.023675
-274.5	-351	0.026059
-270	-351	0.022975
-265.5	-351	0.026991
-261	-351	0.060939
-256.5	-351	0.03587
-252	-351	0.031512
-247.5	-351	0.031022
-243	-351	0.035596
-238.5	-351	0.04731
-234	-351	0.16837
-229.5	-351	0.060833
-225	-351	0.053162
-220.5	-351	0.049101
-216	-351	0.063877
-211.5	-351	0.06197
-207	-351	0.068165
-202.5	-351	0.066743
-198	-351	0.078436
-193.5	-351	0.098724
-189	-351	0.090676
-184.5	-351	0.107947
-180	-351	0.134241
-175.5	-351	0.148042
-171	-351	0.19512
-166.5	-351	0.246579
-162	-351	0.151757
-157.5	-351	0.196945
-153	-351	0.168136
-148.5	-351	0.225158
-144	-351	0.259703
-139.5	-351	0.22286
-135	-351	0.255143
-130.5	-351	0.303463
-126	-351	0.260591
-121.5	-351	0.312838
-117	-351	0.323377
-112.5	-351	0.381508
-108	-351	0.483989
-103.5	-351	0.411997
-99	-351	0.361672
-94.5	-351	0.438322
-90	-351	0.41594
-85.5	-351	0.400297
-81	-351	0.491699
-76.5	-351	0.513602
-72	-351	0.474776
-67.5	-351	0.647545
-63	-351	0.504846
-58.5	-351	0.548824
-54	-351	0.448012
-49.5	-351	0.371338
-45	-351	0.41513
-40.5	-351	0.394652
-36	-351	0.392775
-31.5	-351	0.414237
-27	-351	0.403927
-22.5	-351	0.364487
-18	-351	0.387884
-13.5	-351	0.459756
-9	-351	0.477872
-4.5	-351	0.384112
0	-351	0.402438
4.5	-351	0.420707
9	-351	0.405299
13.5	-351	0.40948
18	-351	0.425919
22.5	-351	0.674047
27	-351	0.44713
31.5	-351	0.428936
36	-351	0.439284
40.5	-351	0.471532
45	-351	0.543789
49.5	-351	0.418486
54	-351	0.458338
58.5	-351	0.512672
63	-351	0.58271
67.5	-351	0.665587
72	-351	0.644746
76.5	-351	0.859973
81	-351	0.799445
85.5	-351	0.805717
90	-351	0.762636
94.5	-351	0.843295
99	-351	0.836579
103.5	-351	0.800857
108	-351	0.933747
112.5	-351	0.995204
117	-351	0.964873
121.5	-351	0.996405
126	-351	1.17363
130.5	-351	1.0693
135	-351	1.06473
139.5	-351	1.2293
144	-351	1.18156
148.5	-351	1.23171
153	-351	1.20238
157.5	-351	1.21477
162	-351	1.19325
166.5	-351	1.1238
171	-351	1.1914
175.5	-351	1.11967
180	-351	1.22126
184.5	-351	1.32432
189	-351	1.17237
193.5	-351	1.00423
198	-351	1.02064
202.5	-351	1.02396
207	-351	0.953196
211.5	-351	0.91819
216	-351	0.852717
220.5	-351	0.844802
225	-351	0.743201
229.5	-351	0.814666
234	-351	0.712605
238.5	-351	0.816323
274.5	-351	0.469106
279	-351	0.331696
283.5	-351	0.312175
288	-351	0.246217
292.5	-351	0.232606
297	-351	0.20454
301.5	-351	0.202138
306	-351	0.201614
310.5	-351	0.196384
315	-351	0.174118
319.5	-351	0.149579
324	-351	0.151426
328.5	-351	0.144821
333	-351	0.129148
337.5	-351	0.125808
342	-351	0.119365
346.5	-351	0.095871
351	-351	0.084551
355.5	-351	0.074408
360	-351	0.071066
364.5	-351	0.057193
369	-351	0.039357
373.5	-351	0.035255
378	-351	0.023212
382.5	-351	0.012867
-391.5	-346.5	0.002508
-387	-346.5	0.002981
-382.5	-346.5	0.005437
-373.5	-346.5	0.008726
-364.5	-346.5	0.012142
-355.5	-346.5	0.022141
-351	-346.5	0.023223
-346.5	-346.5	0.020354
-342	-346.5	0.02062
-337.5	-346.5	0.024722
-333	-346.5	0.025717
-328.5	-346.5	0.026874
-324	-346.5	0.027389
-319.5	-346.5	0.031827
-315	-346.5	0.032731
-310.5	-346.5	0.029221
-306	-346.5	0.028829
-301.5	-346.5	0.045069
-297	-346.5	0.034322
-292.5	-346.5	0.035374
-288	-346.5	0.044959
-283.5	-346.5	0.046004
-279	-346.5	0.043646
-274.5	-346.5	0.04286
-270	-346.5	0.04534
-265.5	-346.5	0.043437
-261	-346.5	0.040363
-256.5	-346.5	0.066755
-252	-346.5	0.046682
-247.5	-346.5	0.081272
-243	-346.5	0.051878
-238.5	-346.5	0.067505
-234	-346.5	0.084764
-229.5	-346.5	0.073537
-220.5	-346.5	0.079697
-216	-346.5	0.075592
-211.5	-346.5	0.103492
-207	-346.5	0.108186
-198	-346.5	0.120833
-193.5	-346.5	0.117512
-189	-346.5	0.160504
-184.5	-346.5	0.151365
-180	-346.5	0.154176
-175.5	-346.5	0.23636
-171	-346.5	0.243097
-166.5	-346.5	0.398425
-162	-346.5	0.253037
-153	-346.5	0.30064
-148.5	-346.5	0.25209
-144	-346.5	0.372953
-139.5	-346.5	0.323925
-135	-346.5	0.35999
-130.5	-346.5	0.368111
-126	-346.5	0.413937
-121.5	-346.5	0.416144
-117	-346.5	0.426641
-112.5	-346.5	0.521396
-108	-346.5	0.561577
-103.5	-346.5	0.676931
-99	-346.5	0.561209
-94.5	-346.5	0.626463
-90	-346.5	0.586588
-85.5	-346.5	0.585258
-81	-346.5	0.658521
-76.5	-346.5	0.778377
-72	-346.5	0.705828
-67.5	-346.5	0.806079
-63	-346.5	0.792627
-58.5	-346.5	0.735606
-54	-346.5	0.766287
-49.5	-346.5	0.515354
-45	-346.5	0.575569
-40.5	-346.5	0.554981
-36	-346.5	0.562051
-31.5	-346.5	0.639676
-27	-346.5	0.586985
-22.5	-346.5	0.546668
-18	-346.5	0.582774
-13.5	-346.5	0.605027
-9	-346.5	0.665517
-4.5	-346.5	0.612301
0	-346.5	0.521248
4.5	-346.5	0.681743
9	-346.5	0.568078
13.5	-346.5	0.716961
18	-346.5	0.591715
22.5	-346.5	0.997498
27	-346.5	0.655475
31.5	-346.5	0.639309
36	-346.5	0.620698
40.5	-346.5	0.762906
45	-346.5	0.740959
49.5	-346.5	0.715204
54	-346.5	0.706338
58.5	-346.5	0.795244
63	-346.5	0.872544
67.5	-346.5	0.988648
72	-346.5	1.10507
76.5	-346.5	1.13118
81	-346.5	1.04351
85.5	-346.5	1.19043
90	-346.5	1.1907
94.5	-346.5	1.23397
99	-346.5	1.29022
103.5	-346.5	1.27736
108	-346.5	1.39525
112.5	-346.5	1.38781
117	-346.5	1.53611
121.5	-346.5	1.49304
126	-346.5	1.5855
130.5	-346.5	1.55896
135	-346.5	1.60676
139.5	-346.5	1.76672
144	-346.5	1.76311
148.5	-346.5	1.7862
153	-346.5	1.83585
157.5	-346.5	1.73964
162	-346.5	1.72222
166.5	-346.5	1.6151
171	-346.5	1.70392
175.5	-346.5	1.66522
180	-346.5	1.64052
184.5	-346.5	1.84617
189	-346.5	1.69279
193.5	-346.5	1.58471
198	-346.5	1.48217
202.5	-346.5	1.45989
207	-346.5	1.37327
211.5	-346.5	1.29794
216	-346.5	1.19786
220.5	-346.5	1.1905
225	-346.5	1.22536
229.5	-346.5	1.18232
234	-346.5	1.1039
238.5	-346.5	1.13191
243	-346.5	1.12611
279	-346.5	0.502082
283.5	-346.5	0.440373
288	-346.5	0.367441
292.5	-346.5	0.319542
297	-346.5	0.296068
301.5	-346.5	0.323757
306	-346.5	0.308529
310.5	-346.5	0.314284
315	-346.5	0.220974
319.5	-346.5	0.220739
324	-346.5	0.203793
328.5	-346.5	0.22014
333	-346.5	0.207389
337.5	-346.5	0.192159
342	-346.5	0.172845
346.5	-346.5	0.138732
351	-346.5	0.129296
355.5	-346.5	0.080599
360	-346.5	0.080351
364.5	-346.5	0.067022
369	-346.5	0.048755
373.5	-346.5	0.033947
378	-346.5	0.02483
382.5	-346.5	0.020612
387	-346.5	0.014517
-378	-342	0.009425
-373.5	-342	0.017142
-364.5	-342	0.019428
-360	-342	0.025912
-355.5	-342	0.029033
-351	-342	0.039983
-346.5	-342	0.035217
-342	-342	0.032002
-337.5	-342	0.041721
-333	-342	0.048058
-328.5	-342	0.042711
-324	-342	0.046015
-319.5	-342	0.055257
-315	-342	0.052732
-310.5	-342	0.049377
-306	-342	0.052219
-301.5	-342	0.05475
-297	-342	0.055502
-292.5	-342	0.055402
-288	-342	0.062975
-283.5	-342	0.063507
-279	-342	0.072869
-274.5	-342	0.071009
-270	-342	0.060655
-265.5	-342	0.07675
-261	-342	0.064719
-256.5	-342	0.072055
-252	-342	0.083944
-247.5	-342	0.097261
-243	-342	0.086403
-238.5	-342	0.145195
-234	-342	0.111715
-225	-342	0.111823
-216	-342	0.108707
-207	-342	0.139653
-202.5	-342	0.132262
-193.5	-342	0.179897
-189	-342	0.231685
-184.5	-342	0.207797
-180	-342	0.239911
-175.5	-342	0.289825
-171	-342	0.32271
-166.5	-342	0.407089
-162	-342	0.521521
-157.5	-342	0.352909
-148.5	-342	0.385421
-144	-342	0.458455
-139.5	-342	0.540401
-135	-342	0.513108
-130.5	-342	0.542262
-126	-342	0.562162
-121.5	-342	0.564363
-117	-342	0.628928
-112.5	-342	0.719649
-108	-342	0.707582
-103.5	-342	0.856841
-99	-342	0.828296
-94.5	-342	0.94214
-90	-342	0.922065
-85.5	-342	0.933535
-81	-342	1.03052
-76.5	-342	0.953765
-72	-342	1.10831
-67.5	-342	1.10985
-63	-342	1.19811
-58.5	-342	1.00087
-54	-342	1.0037
-49.5	-342	0.780991
-45	-342	0.907948
-40.5	-342	0.848185
-36	-342	0.893505
-31.5	-342	0.966564
-27	-342	0.948853
-22.5	-342	0.930308
-18	-342	0.808471
-13.5	-342	0.954671
-9	-342	0.822818
-4.5	-342	0.956273
0	-342	0.908651
4.5	-342	0.836247
9	-342	0.875588
13.5	-342	0.935728
18	-342	0.937897
22.5	-342	0.910573
27	-342	0.990289
31.5	-342	0.975048
36	-342	0.929491
40.5	-342	1.0409
45	-342	0.986029
49.5	-342	1.00567
54	-342	1.04951
58.5	-342	1.09934
63	-342	1.18874
67.5	-342	1.39345
72	-342	1.49053
76.5	-342	1.57357
81	-342	1.44803
85.5	-342	1.65674
90	-342	1.82764
94.5	-342	1.99119
99	-342	1.79873
103.5	-342	2.05566
108	-342	1.86873
112.5	-342	1.88846
117	-342	2.29379
121.5	-342	2.31027
126	-342	2.30992
130.5	-342	2.27828
135	-342	2.40609
139.5	-342	2.56278
144	-342	2.50189
148.5	-342	2.67782
153	-342	2.60061
157.5	-342	2.56912
162	-342	2.52105
166.5	-342	2.64106
171	-342	2.48566
175.5	-342	2.67046
180	-342	2.61793
184.5	-342	2.68987
189	-342	2.31462
193.5	-342	2.30836
198	-342	2.20455
202.5	-342	2.31211
207	-342	1.86135
211.5	-342	1.80739
216	-342	1.79609
220.5	-342	1.95243
225	-342	1.91153
229.5	-342	1.58182
234	-342	1.56486
238.5	-342	1.65096
243	-342	1.31905
279	-342	0.716787
283.5	-342	0.712618
288	-342	0.550352
292.5	-342	0.477128
297	-342	0.502256
301.5	-342	0.490472
306	-342	0.520359
310.5	-342	0.431327
315	-342	0.479955
319.5	-342	0.377683
324	-342	0.287318
328.5	-342	0.310198
333	-342	0.260906
337.5	-342	0.323282
342	-342	0.320075
346.5	-342	0.24446
351	-342	0.18674
355.5	-342	0.14787
360	-342	0.156795
364.5	-342	0.08797
369	-342	0.064079
373.5	-342	0.055108
378	-342	0.040374
382.5	-342	0.03396
387	-342	0.019546
391.5	-342	0.015928
-387	-337.5	0.005077
-378	-337.5	0.01135
-373.5	-337.5	0.01399
-369	-337.5	0.025081
-364.5	-337.5	0.028479
-360	-337.5	0.042642
-355.5	-337.5	0.038239
-351	-337.5	0.051491
-346.5	-337.5	0.058538
-342	-337.5	0.069611
-337.5	-337.5	0.071839
-333	-337.5	0.076105
-328.5	-337.5	0.075097
-324	-337.5	0.093094
-319.5	-337.5	0.07528
-315	-337.5	0.090448
-310.5	-337.5	0.08414
-306	-337.5	0.095081
-301.5	-337.5	0.095112
-297	-337.5	0.083952
-292.5	-337.5	0.082649
-288	-337.5	0.105264
-283.5	-337.5	0.099674
-279	-337.5	0.084796
-274.5	-337.5	0.100657
-270	-337.5	0.122397
-265.5	-337.5	0.113615
-261	-337.5	0.124304
-256.5	-337.5	0.110605
-252	-337.5	0.102296
-247.5	-337.5	0.097723
-243	-337.5	0.126132
-238.5	-337.5	0.123229
-234	-337.5	0.22509
-229.5	-337.5	0.138961
-225	-337.5	0.121869
-220.5	-337.5	0.177179
-216	-337.5	0.153467
-211.5	-337.5	0.180339
-207	-337.5	0.287716
-202.5	-337.5	0.238848
-193.5	-337.5	0.284917
-189	-337.5	0.281214
-180	-337.5	0.304012
-175.5	-337.5	0.421678
-171	-337.5	0.402502
-166.5	-337.5	0.490357
-162	-337.5	0.761097
-157.5	-337.5	0.630925
-153	-337.5	0.50403
-148.5	-337.5	0.64842
-144	-337.5	0.623206
-139.5	-337.5	0.882331
-135	-337.5	0.857935
-130.5	-337.5	0.78719
-126	-337.5	0.767052
-121.5	-337.5	0.838598
-117	-337.5	0.840557
-112.5	-337.5	0.909694
-108	-337.5	0.97854
-103.5	-337.5	1.20669
-99	-337.5	1.32207
-94.5	-337.5	1.31877
-90	-337.5	1.33633
-85.5	-337.5	1.18114
-81	-337.5	1.41201
-76.5	-337.5	1.66616
-72	-337.5	1.6865
-67.5	-337.5	1.46959
-63	-337.5	1.72182
-58.5	-337.5	1.67475
-54	-337.5	1.61563
-49.5	-337.5	1.2088
-45	-337.5	1.33013
-40.5	-337.5	1.28696
-36	-337.5	1.31789
-31.5	-337.5	1.54046
-27	-337.5	1.34169
-22.5	-337.5	1.19725
-18	-337.5	1.17498
-13.5	-337.5	1.36151
-9	-337.5	1.24667
-4.5	-337.5	1.51914
0	-337.5	1.25353
4.5	-337.5	1.31738
9	-337.5	1.54203
13.5	-337.5	1.31939
18	-337.5	1.38347
22.5	-337.5	1.39024
27	-337.5	1.42195
31.5	-337.5	1.67842
36	-337.5	1.6028
40.5	-337.5	1.46428
45	-337.5	1.34906
49.5	-337.5	1.38731
54	-337.5	1.49152
58.5	-337.5	1.63373
63	-337.5	1.76773
67.5	-337.5	2.11288
72	-337.5	2.15379
76.5	-337.5	2.21505
81	-337.5	2.22802
85.5	-337.5	2.50683
90	-337.5	2.68739
94.5	-337.5	3.01582
99	-337.5	2.56766
103.5	-337.5	2.90774
108	-337.5	2.62023
112.5	-337.5	3.05711
117	-337.5	3.20226
121.5	-337.5	3.35277
126	-337.5	3.40619
130.5	-337.5	3.02549
135	-337.5	3.60906
139.5	-337.5	3.59879
144	-337.5	3.85723
148.5	-337.5	3.81229
153	-337.5	3.9241
157.5	-337.5	3.76143
162	-337.5	3.53764
166.5	-337.5	3.6671
171	-337.5	3.87946
175.5	-337.5	3.92806
180	-337.5	3.83426
184.5	-337.5	3.61375
189	-337.5	3.57224
193.5	-337.5	3.25604
198	-337.5	3.35408
202.5	-337.5	3.2617
207	-337.5	2.76552
211.5	-337.5	2.45772
216	-337.5	2.6648
220.5	-337.5	2.9246
225	-337.5	2.32541
229.5	-337.5	2.27417
234	-337.5	2.31906
238.5	-337.5	2.27492
243	-337.5	2.02374
247.5	-337.5	2.2091
274.5	-337.5	1.46477
279	-337.5	0.936179
283.5	-337.5	0.913824
288	-337.5	0.808254
292.5	-337.5	0.705993
297	-337.5	0.781548
301.5	-337.5	0.639301
306	-337.5	0.667582
310.5	-337.5	0.697252
315	-337.5	0.626572
319.5	-337.5	0.488582
324	-337.5	0.506633
328.5	-337.5	0.500318
333	-337.5	0.498627
337.5	-337.5	0.489077
342	-337.5	0.380416
346.5	-337.5	0.336386
351	-337.5	0.265084
355.5	-337.5	0.170577
360	-337.5	0.172578
364.5	-337.5	0.173882
369	-337.5	0.114252
373.5	-337.5	0.092848
378	-337.5	0.058066
382.5	-337.5	0.039746
387	-337.5	0.027547
432	-337.5	0.005818
-396	-333	0.002296
-391.5	-333	0.004469
-364.5	-333	0.054461
-360	-333	0.059536
-355.5	-333	0.060926
-351	-333	0.080958
-346.5	-333	0.094068
-342	-333	0.10489
-337.5	-333	0.111427
-333	-333	0.10635
-328.5	-333	0.12292
-324	-333	0.142299
-319.5	-333	0.132831
-315	-333	0.116391
-310.5	-333	0.135008
-306	-333	0.128652
-301.5	-333	0.130115
-297	-333	0.119044
-292.5	-333	0.150953
-283.5	-333	0.169192
-279	-333	0.144542
-274.5	-333	0.139927
-270	-333	0.205872
-265.5	-333	0.210506
-261	-333	0.168735
-256.5	-333	0.176201
-252	-333	0.132954
-247.5	-333	0.143423
-243	-333	0.165886
-238.5	-333	0.165318
-234	-333	0.1717
-229.5	-333	0.208328
-225	-333	0.183914
-216	-333	0.229697
-211.5	-333	0.242781
-202.5	-333	0.303784
-193.5	-333	0.348502
-189	-333	0.305403
-184.5	-333	0.328128
-171	-333	0.776752
-166.5	-333	0.713211
-162	-333	0.933403
-157.5	-333	1.02401
-153	-333	0.769851
-148.5	-333	1.0278
-144	-333	1.06063
-139.5	-333	1.23254
-135	-333	1.2821
-130.5	-333	1.14225
-126	-333	1.17335
-121.5	-333	1.06513
-117	-333	1.11425
-112.5	-333	1.37503
-108	-333	1.25405
-103.5	-333	1.62487
-99	-333	1.73362
-94.5	-333	1.70905
-90	-333	1.86469
-85.5	-333	2.04908
-81	-333	1.93183
-76.5	-333	2.41188
-72	-333	2.21838
-67.5	-333	1.97366
-63	-333	2.24558
-58.5	-333	2.49811
-54	-333	2.14597
-49.5	-333	2.06186
-45	-333	2.08772
-40.5	-333	1.91708
-36	-333	1.71358
-31.5	-333	1.9767
-27	-333	2.31928
-22.5	-333	1.74123
-18	-333	1.73347
-13.5	-333	1.6814
-9	-333	1.91102
-4.5	-333	2.10154
0	-333	1.93466
4.5	-333	2.0822
9	-333	2.56024
13.5	-333	1.99487
18	-333	2.49046
22.5	-333	1.97256
27	-333	1.95838
31.5	-333	1.95935
36	-333	2.14781
40.5	-333	2.03304
45	-333	2.18361
49.5	-333	1.95425
54	-333	2.06822
58.5	-333	2.50728
63	-333	2.78967
67.5	-333	2.96238
72	-333	3.06008
76.5	-333	3.30482
81	-333	3.35562
85.5	-333	3.85383
90	-333	3.46136
94.5	-333	3.96336
99	-333	3.96635
103.5	-333	4.06795
108	-333	4.26546
112.5	-333	4.55673
117	-333	4.68931
121.5	-333	4.23322
126	-333	4.69106
130.5	-333	4.99873
135	-333	4.82397
139.5	-333	5.1199
144	-333	5.67609
148.5	-333	5.27494
153	-333	5.65453
157.5	-333	5.31899
162	-333	5.12216
166.5	-333	5.10848
171	-333	5.31286
175.5	-333	5.20417
180	-333	6.00714
184.5	-333	5.53698
189	-333	5.28559
193.5	-333	5.34063
198	-333	4.79586
202.5	-333	4.5684
207	-333	4.05765
211.5	-333	4.60582
216	-333	4.32461
220.5	-333	3.80843
225	-333	3.1682
229.5	-333	3.54661
234	-333	3.19084
238.5	-333	3.31022
243	-333	3.08465
247.5	-333	3.42926
270	-333	2.13741
274.5	-333	1.83847
279	-333	1.59225
283.5	-333	1.33062
288	-333	1.03828
292.5	-333	1.02019
297	-333	0.982351
301.5	-333	0.989634
306	-333	1.06852
310.5	-333	1.2053
315	-333	0.89969
319.5	-333	0.777722
324	-333	0.737587
328.5	-333	0.800132
333	-333	0.688201
337.5	-333	0.743687
342	-333	0.661716
346.5	-333	0.576659
351	-333	0.436881
355.5	-333	0.327104
360	-333	0.241924
364.5	-333	0.272757
373.5	-333	0.111377
378	-333	0.080819
382.5	-333	0.063598
387	-333	0.035435
391.5	-333	0.022219
396	-333	0.012195
-391.5	-328.5	0.004633
-360	-328.5	0.092773
-355.5	-328.5	0.116739
-351	-328.5	0.150815
-346.5	-328.5	0.202025
-342	-328.5	0.16888
-337.5	-328.5	0.19974
-333	-328.5	0.172189
-328.5	-328.5	0.188105
-324	-328.5	0.206572
-319.5	-328.5	0.19343
-315	-328.5	0.179604
-310.5	-328.5	0.250267
-306	-328.5	0.207607
-301.5	-328.5	0.188391
-297	-328.5	0.163055
-292.5	-328.5	0.242896
-283.5	-328.5	0.261487
-279	-328.5	0.22061
-274.5	-328.5	0.185627
-256.5	-328.5	0.332577
-252	-328.5	0.225734
-247.5	-328.5	0.254854
-243	-328.5	0.223707
-238.5	-328.5	0.212079
-229.5	-328.5	0.199111
-225	-328.5	0.232241
-220.5	-328.5	0.40444
-216	-328.5	0.40295
-202.5	-328.5	0.478888
-189	-328.5	0.450013
-184.5	-328.5	0.745781
-180	-328.5	0.795105
-171	-328.5	0.862314
-166.5	-328.5	0.750689
-162	-328.5	1.11065
-157.5	-328.5	1.3801
-148.5	-328.5	1.3346
-144	-328.5	1.71905
-139.5	-328.5	1.38097
-130.5	-328.5	1.89785
-126	-328.5	2.51485
-121.5	-328.5	1.55801
-117	-328.5	1.90774
-112.5	-328.5	1.81524
-108	-328.5	1.97742
-103.5	-328.5	2.2309
-99	-328.5	2.91018
-94.5	-328.5	2.41593
-90	-328.5	2.86773
-85.5	-328.5	2.90181
-81	-328.5	2.99079
-76.5	-328.5	3.30401
-72	-328.5	2.82418
-67.5	-328.5	2.82661
-63	-328.5	3.60897
-58.5	-328.5	3.94636
-54	-328.5	2.97774
-49.5	-328.5	2.88719
-45	-328.5	3.05437
-40.5	-328.5	2.91546
-36	-328.5	2.48083
-31.5	-328.5	2.58897
-27	-328.5	2.85594
-22.5	-328.5	2.65026
-18	-328.5	2.86496
-13.5	-328.5	2.64816
-9	-328.5	2.62929
-4.5	-328.5	3.07264
0	-328.5	2.8977
4.5	-328.5	2.91041
9	-328.5	5.72902
13.5	-328.5	3.37988
18	-328.5	3.98018
22.5	-328.5	2.55686
27	-328.5	2.76805
31.5	-328.5	2.96069
36	-328.5	3.16054
40.5	-328.5	3.15977
45	-328.5	3.25231
49.5	-328.5	2.99024
54	-328.5	2.78835
58.5	-328.5	3.42619
63	-328.5	4.23227
67.5	-328.5	4.32718
72	-328.5	4.75235
76.5	-328.5	4.6158
81	-328.5	4.85027
85.5	-328.5	5.35744
90	-328.5	4.68437
94.5	-328.5	5.07863
99	-328.5	6.04517
103.5	-328.5	6.00785
108	-328.5	6.31819
112.5	-328.5	6.22663
117	-328.5	6.37215
121.5	-328.5	7.00952
126	-328.5	6.96904
130.5	-328.5	7.36528
135	-328.5	7.26814
139.5	-328.5	7.68904
144	-328.5	8.09114
148.5	-328.5	8.62254
153	-328.5	8.05046
157.5	-328.5	7.68358
162	-328.5	7.94879
166.5	-328.5	7.71353
171	-328.5	8.71476
175.5	-328.5	8.11285
180	-328.5	8.60638
184.5	-328.5	8.51324
189	-328.5	7.91054
193.5	-328.5	7.39097
198	-328.5	6.49444
202.5	-328.5	7.67779
207	-328.5	6.41156
211.5	-328.5	7.16633
216	-328.5	5.37595
220.5	-328.5	5.80908
225	-328.5	4.70322
229.5	-328.5	4.7534
234	-328.5	5.27028
238.5	-328.5	4.26575
243	-328.5	4.54191
247.5	-328.5	5.02248
274.5	-328.5	2.56908
279	-328.5	2.57009
283.5	-328.5	2.02741
288	-328.5	1.32804
292.5	-328.5	1.7382
297	-328.5	1.48789
301.5	-328.5	1.25022
306	-328.5	1.71601
310.5	-328.5	1.88635
315	-328.5	1.3193
319.5	-328.5	1.01635
324	-328.5	1.32018
328.5	-328.5	1.40508
333	-328.5	1.18427
337.5	-328.5	1.34113
342	-328.5	1.34326
351	-328.5	0.706999
355.5	-328.5	0.412676
360	-328.5	0.435734
364.5	-328.5	0.284055
369	-328.5	0.189119
373.5	-328.5	0.122755
378	-328.5	0.088252
382.5	-328.5	0.052252
387	-328.5	0.033962
391.5	-328.5	0.020402
396	-328.5	0.008896
-441	-324	0.001612
-387	-324	0.011687
-382.5	-324	0.019188
-364.5	-324	0.10734
-360	-324	0.174064
-355.5	-324	0.303337
-351	-324	0.324632
-346.5	-324	0.287182
-342	-324	0.278886
-337.5	-324	0.302755
-333	-324	0.299018
-328.5	-324	0.28246
-324	-324	0.273696
-319.5	-324	0.311289
-315	-324	0.337899
-310.5	-324	0.303125
-301.5	-324	0.295354
-297	-324	0.268807
-292.5	-324	0.348628
-283.5	-324	0.530447
-279	-324	0.369082
-274.5	-324	0.417268
-270	-324	0.338812
-265.5	-324	0.294949
-261	-324	0.354323
-256.5	-324	0.443009
-252	-324	0.360407
-243	-324	0.301451
-238.5	-324	0.36228
-234	-324	0.440952
-229.5	-324	0.369797
-220.5	-324	0.383438
-216	-324	0.509791
-211.5	-324	0.435868
-198	-324	0.587204
-184.5	-324	1.13059
-175.5	-324	1.10388
-162	-324	1.59536
-157.5	-324	1.73219
-153	-324	2.05783
-148.5	-324	1.78406
-144	-324	2.03876
-139.5	-324	1.75632
-130.5	-324	2.66217
-126	-324	2.7101
-121.5	-324	2.52081
-108	-324	3.03723
-103.5	-324	3.26403
-99	-324	3.75736
-94.5	-324	3.93871
-90	-324	3.92302
-85.5	-324	4.13792
-81	-324	4.38492
-76.5	-324	4.30771
-72	-324	4.28302
-67.5	-324	3.69535
-63	-324	4.84408
-58.5	-324	4.64302
-54	-324	4.44664
-49.5	-324	4.63886
-45	-324	3.89687
-40.5	-324	3.56982
-36	-324	3.60391
-31.5	-324	3.27015
-27	-324	3.93184
-22.5	-324	3.70366
-18	-324	3.4158
-13.5	-324	3.41247
-9	-324	3.6437
-4.5	-324	4.03493
0	-324	4.41026
4.5	-324	4.36741
9	-324	4.94721
13.5	-324	4.41025
18	-324	3.82734
22.5	-324	4.42904
27	-324	4.66653
31.5	-324	4.39945
36	-324	4.55006
40.5	-324	4.9681
45	-324	3.90222
49.5	-324	4.39957
54	-324	3.96232
58.5	-324	4.6408
63	-324	5.14386
67.5	-324	5.72008
72	-324	5.78563
76.5	-324	6.88187
81	-324	6.58869
85.5	-324	6.78514
90	-324	6.29687
94.5	-324	6.55817
99	-324	7.42087
103.5	-324	8.55246
108	-324	10.0531
112.5	-324	9.47915
117	-324	9.79142
121.5	-324	10.5991
126	-324	10.4397
130.5	-324	10.0401
135	-324	10.789
139.5	-324	11.6936
144	-324	11.032
148.5	-324	11.7571
153	-324	10.701
157.5	-324	11.7384
162	-324	10.9771
166.5	-324	10.4821
171	-324	11.586
175.5	-324	12.6861
180	-324	11.7952
184.5	-324	11.8508
189	-324	10.8031
193.5	-324	11.3498
198	-324	10.3607
202.5	-324	9.34431
207	-324	8.43384
211.5	-324	8.05841
216	-324	9.03579
220.5	-324	8.72964
225	-324	7.28643
229.5	-324	6.29184
234	-324	6.35264
238.5	-324	5.32399
243	-324	6.32322
247.5	-324	7.38062
252	-324	5.81747
256.5	-324	5.96307
261	-324	5.57787
265.5	-324	4.93577
270	-324	3.77338
274.5	-324	3.39793
279	-324	3.32884
283.5	-324	3.1793
288	-324	2.23477
292.5	-324	2.32534
297	-324	2.43353
301.5	-324	2.15809
306	-324	2.34471
310.5	-324	2.47794
315	-324	2.1716
319.5	-324	1.87693
324	-324	1.8498
328.5	-324	1.60213
333	-324	2.17971
337.5	-324	2.46657
342	-324	1.65433
351	-324	0.747326
355.5	-324	0.752703
360	-324	0.393123
364.5	-324	0.348204
369	-324	0.230044
373.5	-324	0.164653
378	-324	0.102381
382.5	-324	0.073245
387	-324	0.045915
391.5	-324	0.028547
396	-324	0.010645
423	-324	0.010336
-418.5	-319.5	0.002511
-382.5	-319.5	0.022651
-364.5	-319.5	0.144261
-360	-319.5	0.203897
-351	-319.5	0.602431
-346.5	-319.5	0.535082
-342	-319.5	0.500215
-337.5	-319.5	0.396308
-333	-319.5	0.398733
-328.5	-319.5	0.406319
-324	-319.5	0.387677
-319.5	-319.5	0.410398
-315	-319.5	0.972986
-310.5	-319.5	0.511838
-306	-319.5	0.569454
-301.5	-319.5	0.479999
-297	-319.5	0.449409
-288	-319.5	0.480256
-283.5	-319.5	0.451201
-279	-319.5	0.485783
-274.5	-319.5	0.626303
-270	-319.5	0.709298
-265.5	-319.5	0.693
-261	-319.5	0.60724
-256.5	-319.5	3.41578
-252	-319.5	0.731099
-247.5	-319.5	0.743199
-243	-319.5	0.655908
-238.5	-319.5	0.76778
-234	-319.5	0.664361
-229.5	-319.5	0.577805
-225	-319.5	0.547387
-220.5	-319.5	0.584604
-216	-319.5	0.751899
-211.5	-319.5	0.624339
-207	-319.5	0.684065
-198	-319.5	0.917383
-193.5	-319.5	1.01795
-189	-319.5	1.10747
-184.5	-319.5	1.74913
-180	-319.5	1.44778
-175.5	-319.5	1.49059
-171	-319.5	1.47104
-162	-319.5	1.31035
-157.5	-319.5	1.57755
-153	-319.5	2.42513
-148.5	-319.5	2.33455
-144	-319.5	2.56977
-139.5	-319.5	2.48024
-135	-319.5	3.11306
-130.5	-319.5	3.23697
-126	-319.5	3.17772
-121.5	-319.5	4.0959
-108	-319.5	4.6864
-103.5	-319.5	4.17372
-99	-319.5	4.84771
-94.5	-319.5	5.87311
-90	-319.5	4.50278
-85.5	-319.5	5.28009
-81	-319.5	5.62831
-76.5	-319.5	5.88265
-72	-319.5	6.00454
-67.5	-319.5	5.63659
-63	-319.5	6.38054
-58.5	-319.5	5.93727
-54	-319.5	6.06342
-49.5	-319.5	5.03242
-45	-319.5	5.13347
-40.5	-319.5	5.99448
-36	-319.5	5.55033
-31.5	-319.5	5.38277
-27	-319.5	5.67563
-22.5	-319.5	5.13087
-18	-319.5	5.05214
-13.5	-319.5	5.27089
-9	-319.5	5.81024
-4.5	-319.5	5.34394
0	-319.5	5.41936
4.5	-319.5	5.65617
9	-319.5	5.54282
13.5	-319.5	7.06554
18	-319.5	5.64937
22.5	-319.5	6.22239
27	-319.5	7.03417
31.5	-319.5	6.53209
36	-319.5	6.94702
40.5	-319.5	7.14577
45	-319.5	6.73971
49.5	-319.5	6.47305
54	-319.5	6.41887
58.5	-319.5	6.41471
63	-319.5	6.98324
67.5	-319.5	6.74231
72	-319.5	8.43149
76.5	-319.5	8.36679
81	-319.5	9.27671
85.5	-319.5	9.04473
90	-319.5	9.73604
94.5	-319.5	10.1812
99	-319.5	11.0419
103.5	-319.5	11.399
108	-319.5	12.1047
112.5	-319.5	11.8737
117	-319.5	12.4992
121.5	-319.5	12.8874
126	-319.5	13.5482
130.5	-319.5	14.3487
135	-319.5	14.3519
139.5	-319.5	16.7867
144	-319.5	16.0617
148.5	-319.5	16.5793
153	-319.5	16.5646
157.5	-319.5	15.7413
162	-319.5	16.8379
166.5	-319.5	15.5878
171	-319.5	14.4432
175.5	-319.5	15.9534
180	-319.5	14.6748
184.5	-319.5	15.0877
189	-319.5	14.6184
193.5	-319.5	16.1489
198	-319.5	14.132
202.5	-319.5	14.0843
207	-319.5	11.9237
211.5	-319.5	10.3653
216	-319.5	10.884
220.5	-319.5	10.3653
225	-319.5	8.155
229.5	-319.5	8.11144
234	-319.5	8.54739
238.5	-319.5	8.79697
243	-319.5	7.22835
247.5	-319.5	7.77697
252	-319.5	7.12448
256.5	-319.5	7.31682
261	-319.5	6.69623
265.5	-319.5	5.90873
270	-319.5	5.10733
274.5	-319.5	4.64898
279	-319.5	3.91263
283.5	-319.5	4.07848
288	-319.5	3.4024
292.5	-319.5	4.1681
297	-319.5	3.89145
301.5	-319.5	3.90218
306	-319.5	3.40065
310.5	-319.5	3.1676
315	-319.5	3.14544
319.5	-319.5	3.12225
324	-319.5	2.47072
328.5	-319.5	3.25019
333	-319.5	2.76196
337.5	-319.5	2.75808
342	-319.5	2.67627
346.5	-319.5	2.12053
351	-319.5	1.54182
355.5	-319.5	1.09852
360	-319.5	0.695563
364.5	-319.5	0.363985
369	-319.5	0.279702
373.5	-319.5	0.188862
378	-319.5	0.115024
382.5	-319.5	0.074252
387	-319.5	0.045027
391.5	-319.5	0.025185
396	-319.5	0.020042
441	-319.5	0.01913
-450	-315	0.002114
-445.5	-315	0.002322
-436.5	-315	0.00223
-432	-315	0.003739
-355.5	-315	0.432103
-351	-315	0.657056
-346.5	-315	0.589516
-342	-315	0.571279
-337.5	-315	0.540344
-333	-315	0.517143
-328.5	-315	0.517312
-324	-315	0.54246
-319.5	-315	0.622739
-315	-315	0.628017
-310.5	-315	0.603773
-306	-315	0.761489
-301.5	-315	0.731577
-297	-315	0.559635
-292.5	-315	0.656281
-283.5	-315	0.799705
-279	-315	0.668722
-274.5	-315	0.859517
-270	-315	0.777334
-265.5	-315	0.718537
-261	-315	0.73444
-256.5	-315	2.23935
-252	-315	1.09298
-247.5	-315	0.907659
-243	-315	0.806632
-238.5	-315	0.932084
-234	-315	1.01402
-229.5	-315	0.92775
-225	-315	0.794561
-220.5	-315	0.78802
-216	-315	0.929934
-211.5	-315	1.18064
-207	-315	0.804672
-202.5	-315	0.901133
-198	-315	1.1044
-193.5	-315	1.35541
-189	-315	1.48233
-184.5	-315	1.27581
-180	-315	1.58884
-175.5	-315	1.9198
-171	-315	1.88979
-166.5	-315	2.36295
-162	-315	2.1587
-157.5	-315	1.88431
-153	-315	2.52105
-148.5	-315	2.71187
-144	-315	3.31655
-139.5	-315	3.23404
-135	-315	2.51368
-130.5	-315	4.31938
-126	-315	3.7966
-121.5	-315	4.27129
-117	-315	4.87642
-112.5	-315	4.7181
-108	-315	4.87505
-103.5	-315	4.45106
-99	-315	4.94884
-94.5	-315	5.94449
-90	-315	8.93188
-85.5	-315	5.87433
-81	-315	6.1739
-76.5	-315	6.37589
-72	-315	7.03687
-67.5	-315	7.02458
-63	-315	6.10216
-58.5	-315	7.10993
-54	-315	6.49424
-49.5	-315	6.6316
-45	-315	5.68136
-40.5	-315	6.14902
-36	-315	5.47216
-31.5	-315	5.6144
-27	-315	5.38935
-22.5	-315	5.98881
-18	-315	4.53608
-13.5	-315	5.31396
-9	-315	5.66834
-4.5	-315	6.29999
0	-315	5.94197
4.5	-315	6.32501
9	-315	5.40922
13.5	-315	6.68419
18	-315	7.13082
22.5	-315	5.86438
27	-315	7.12662
31.5	-315	7.38094
40.5	-315	6.66471
45	-315	6.7946
49.5	-315	7.28284
54	-315	6.8692
58.5	-315	6.00111
63	-315	8.00382
67.5	-315	7.27619
72	-315	9.79832
76.5	-315	9.23258
81	-315	9.78108
85.5	-315	9.98694
90	-315	8.67486
94.5	-315	10.1584
99	-315	11.7275
103.5	-315	11.7157
108	-315	13.0171
112.5	-315	14.9098
117	-315	12.6961
121.5	-315	13.8134
126	-315	12.7402
130.5	-315	15.1453
135	-315	14.0954
139.5	-315	14.7059
144	-315	15.4611
148.5	-315	15.6457
153	-315	14.0597
157.5	-315	15.1181
162	-315	16.9551
166.5	-315	16.3302
171	-315	15.6723
175.5	-315	14.9351
180	-315	12.6099
189	-315	14.8319
193.5	-315	14.2213
198	-315	14.5643
202.5	-315	19.1856
207	-315	11.9856
211.5	-315	12.1885
216	-315	12.9703
220.5	-315	11.781
225	-315	8.16588
229.5	-315	10.0644
234	-315	8.89255
238.5	-315	9.59179
243	-315	8.94226
247.5	-315	8.73531
252	-315	8.41692
256.5	-315	8.17966
261	-315	7.60911
265.5	-315	6.90234
270	-315	6.38308
274.5	-315	6.95407
279	-315	5.33849
283.5	-315	4.03431
288	-315	3.87849
292.5	-315	4.54373
297	-315	4.20921
301.5	-315	3.78993
306	-315	3.17457
310.5	-315	3.48743
315	-315	3.93418
319.5	-315	3.79592
324	-315	3.51281
328.5	-315	3.31866
333	-315	3.41691
337.5	-315	3.19769
342	-315	2.60148
346.5	-315	2.39588
351	-315	2.61617
355.5	-315	1.25606
360	-315	0.813251
364.5	-315	0.530964
369	-315	0.338873
373.5	-315	0.20464
378	-315	0.153908
382.5	-315	0.09647
387	-315	0.053653
391.5	-315	0.042124
396	-315	0.025559
405	-315	0.019192
409.5	-315	0.01371
-445.5	-310.5	0.002919
-441	-310.5	0.002702
-427.5	-310.5	0.004339
-382.5	-310.5	0.032277
-355.5	-310.5	0.399373
-351	-310.5	0.684914
-346.5	-310.5	0.617537
-342	-310.5	0.646835
-337.5	-310.5	0.611222
-333	-310.5	0.647604
-328.5	-310.5	0.497724
-324	-310.5	0.572925
-319.5	-310.5	0.523144
-315	-310.5	0.544975
-310.5	-310.5	0.638346
-306	-310.5	0.636526
-301.5	-310.5	0.694705
-297	-310.5	0.639036
-292.5	-310.5	0.736763
-288	-310.5	0.658735
-283.5	-310.5	0.647334
-279	-310.5	0.772979
-274.5	-310.5	0.757264
-270	-310.5	0.921677
-265.5	-310.5	0.968496
-261	-310.5	0.725226
-256.5	-310.5	0.86113
-252	-310.5	0.943292
-247.5	-310.5	0.972564
-243	-310.5	0.615769
-238.5	-310.5	0.747614
-234	-310.5	0.731391
-229.5	-310.5	1.19637
-225	-310.5	0.886907
-220.5	-310.5	0.81074
-216	-310.5	0.930804
-211.5	-310.5	0.962641
-207	-310.5	0.807907
-202.5	-310.5	0.840523
-189	-310.5	1.82082
-184.5	-310.5	1.57273
-180	-310.5	1.3874
-175.5	-310.5	1.39231
-171	-310.5	2.20026
-166.5	-310.5	1.92014
-162	-310.5	2.32363
-157.5	-310.5	2.43527
-153	-310.5	2.33344
-148.5	-310.5	3.08053
-144	-310.5	3.20547
-139.5	-310.5	3.24168
-135	-310.5	4.85878
-130.5	-310.5	3.29173
-126	-310.5	3.91882
-121.5	-310.5	4.05359
-117	-310.5	3.56189
-112.5	-310.5	5.15302
-108	-310.5	4.39345
-103.5	-310.5	4.74999
-99	-310.5	4.48155
-94.5	-310.5	5.83897
-90	-310.5	5.89278
-85.5	-310.5	5.75228
-81	-310.5	5.8863
-76.5	-310.5	5.3985
-72	-310.5	6.8064
-67.5	-310.5	6.70102
-63	-310.5	8.08048
-58.5	-310.5	5.92515
-54	-310.5	6.97113
-49.5	-310.5	6.80402
-45	-310.5	5.73305
-40.5	-310.5	6.40915
-36	-310.5	5.4104
-31.5	-310.5	6.23212
-27	-310.5	5.26465
-22.5	-310.5	6.68535
-18	-310.5	4.99374
-13.5	-310.5	5.93242
-9	-310.5	6.67778
-4.5	-310.5	5.83645
0	-310.5	6.32778
4.5	-310.5	5.6803
9	-310.5	5.13131
13.5	-310.5	6.731
18	-310.5	7.38631
22.5	-310.5	5.67278
27	-310.5	6.78894
31.5	-310.5	6.1221
36	-310.5	6.7279
40.5	-310.5	8.17881
45	-310.5	7.89956
49.5	-310.5	7.2773
54	-310.5	7.2788
58.5	-310.5	7.8049
63	-310.5	8.20902
67.5	-310.5	8.4214
72	-310.5	9.32308
76.5	-310.5	8.95975
85.5	-310.5	9.87638
90	-310.5	9.88127
94.5	-310.5	11.6314
99	-310.5	11.4261
108	-310.5	12.1608
112.5	-310.5	14.7149
117	-310.5	12.9679
121.5	-310.5	15.0011
126	-310.5	13.9563
130.5	-310.5	16.3449
135	-310.5	14.3121
139.5	-310.5	14.9352
144	-310.5	15.1311
148.5	-310.5	15.7768
153	-310.5	15.2955
157.5	-310.5	14.7485
162	-310.5	15.8736
166.5	-310.5	16.541
171	-310.5	17.7965
175.5	-310.5	16.8734
180	-310.5	14.4228
184.5	-310.5	16.9182
189	-310.5	14.7659
193.5	-310.5	14.0103
198	-310.5	15.8516
202.5	-310.5	13.4619
207	-310.5	12.5933
211.5	-310.5	14.4053
216	-310.5	12.1934
220.5	-310.5	10.2334
225	-310.5	9.00035
229.5	-310.5	9.90972
234	-310.5	9.93066
238.5	-310.5	8.21141
243	-310.5	8.28289
247.5	-310.5	8.88012
261	-310.5	7.32385
265.5	-310.5	6.80681
270	-310.5	5.56923
274.5	-310.5	5.098
279	-310.5	4.23528
283.5	-310.5	4.99526
288	-310.5	4.21833
297	-310.5	3.96242
301.5	-310.5	3.63824
306	-310.5	3.26566
310.5	-310.5	3.31998
315	-310.5	2.70694
319.5	-310.5	3.44265
324	-310.5	3.28004
328.5	-310.5	2.73558
333	-310.5	3.07505
337.5	-310.5	2.72849
342	-310.5	2.68851
346.5	-310.5	3.01941
351	-310.5	2.55834
355.5	-310.5	1.51399
360	-310.5	0.912013
364.5	-310.5	0.622775
369	-310.5	0.378623
373.5	-310.5	0.250835
378	-310.5	0.155678
382.5	-310.5	0.123087
387	-310.5	0.088507
391.5	-310.5	0.041686
396	-310.5	0.023922
405	-310.5	0.017867
409.5	-310.5	0.016615
432	-310.5	0.017257
436.5	-310.5	0.018371
-414	-306	0.003117
-382.5	-306	0.035709
-360	-306	0.289874
-351	-306	0.842215
-346.5	-306	0.876791
-342	-306	0.813273
-337.5	-306	0.629148
-333	-306	0.574306
-328.5	-306	0.558404
-324	-306	0.541818
-319.5	-306	0.66901
-315	-306	0.689202
-310.5	-306	0.81877
-306	-306	0.611094
-301.5	-306	0.660382
-297	-306	0.77786
-292.5	-306	0.748292
-288	-306	0.829274
-283.5	-306	0.891171
-279	-306	0.807154
-274.5	-306	0.670052
-270	-306	0.786435
-265.5	-306	0.940726
-261	-306	0.759453
-256.5	-306	0.783514
-252	-306	1.0009
-247.5	-306	0.937362
-243	-306	1.07977
-238.5	-306	0.749929
-234	-306	0.838206
-229.5	-306	0.759674
-225	-306	0.776436
-220.5	-306	0.917645
-216	-306	1.1346
-211.5	-306	1.23179
-207	-306	1.15318
-202.5	-306	1.21965
-198	-306	1.03976
-193.5	-306	1.5253
-189	-306	1.19455
-184.5	-306	1.79148
-180	-306	1.37303
-175.5	-306	1.42894
-171	-306	1.88055
-162	-306	2.38017
-157.5	-306	2.60096
-153	-306	2.32759
-148.5	-306	3.14949
-144	-306	3.44125
-139.5	-306	2.95734
-135	-306	3.56267
-130.5	-306	3.46517
-126	-306	4.17345
-121.5	-306	3.89245
-117	-306	3.43319
-112.5	-306	4.10788
-108	-306	4.01075
-103.5	-306	5.03851
-99	-306	5.26925
-94.5	-306	5.43203
-90	-306	5.27572
-85.5	-306	5.41203
-81	-306	5.79381
-76.5	-306	6.56313
-72	-306	5.78716
-67.5	-306	7.71189
-63	-306	6.97749
-58.5	-306	6.04082
-54	-306	6.95222
-49.5	-306	6.65103
-45	-306	6.37963
-40.5	-306	7.6488
-36	-306	5.15846
-31.5	-306	6.38912
-27	-306	5.08272
-22.5	-306	5.77726
-18	-306	5.13837
-13.5	-306	6.3265
-9	-306	6.4252
-4.5	-306	5.80639
0	-306	5.87294
4.5	-306	5.37617
9	-306	5.19927
13.5	-306	6.47587
18	-306	6.92364
22.5	-306	6.60356
27	-306	6.6676
31.5	-306	6.14639
36	-306	10.7847
40.5	-306	7.88391
45	-306	7.32578
49.5	-306	7.93258
54	-306	8.75807
58.5	-306	7.25183
63	-306	8.62608
67.5	-306	9.37542
72	-306	8.8776
76.5	-306	9.206
81	-306	13.5545
85.5	-306	10.6953
90	-306	10.0083
94.5	-306	12.4504
99	-306	12.6641
103.5	-306	12.7988
108	-306	11.7835
112.5	-306	12.8488
117	-306	14.5498
121.5	-306	14.0304
126	-306	14.3765
130.5	-306	14.4602
135	-306	16.5597
139.5	-306	17.1267
144	-306	16.2885
148.5	-306	17.2222
153	-306	15.986
157.5	-306	16.8186
162	-306	16.858
166.5	-306	17.1175
171	-306	17.2082
175.5	-306	17.172
180	-306	27.6575
184.5	-306	16.3881
189	-306	15.1855
193.5	-306	15.576
198	-306	15.0637
202.5	-306	11.8393
207	-306	13.5849
211.5	-306	11.9712
216	-306	10.8775
220.5	-306	10.891
225	-306	12.4066
229.5	-306	12.7913
234	-306	9.90206
238.5	-306	9.90426
243	-306	8.46684
247.5	-306	8.8471
252	-306	8.24905
256.5	-306	8.57183
261	-306	6.3105
265.5	-306	5.5381
270	-306	5.80943
274.5	-306	4.60666
279	-306	4.36779
288	-306	3.97188
292.5	-306	4.20489
306	-306	3.29385
310.5	-306	3.24333
315	-306	3.16527
324	-306	2.94644
328.5	-306	3.55061
333	-306	3.11062
337.5	-306	2.87174
342	-306	3.41053
346.5	-306	3.85911
355.5	-306	1.84388
360	-306	1.09007
364.5	-306	0.741037
369	-306	0.479847
373.5	-306	0.31766
378	-306	0.198389
382.5	-306	0.136407
387	-306	0.080763
391.5	-306	0.050922
396	-306	0.026312
400.5	-306	0.013581
405	-306	0.020123
409.5	-306	0.017887
427.5	-306	0.017796
432	-306	0.020831
-396	-301.5	0.007843
-382.5	-301.5	0.03423
-373.5	-301.5	0.090479
-369	-301.5	0.125138
-364.5	-301.5	0.207794
-360	-301.5	0.282064
-355.5	-301.5	0.431092
-351	-301.5	0.638472
-346.5	-301.5	0.79722
-342	-301.5	0.682187
-337.5	-301.5	0.793819
-333	-301.5	0.890777
-328.5	-301.5	1.01512
-319.5	-301.5	0.898628
-315	-301.5	0.751605
-310.5	-301.5	0.689931
-306	-301.5	0.602005
-301.5	-301.5	0.802115
-297	-301.5	0.866568
-292.5	-301.5	0.892376
-288	-301.5	0.733371
-283.5	-301.5	0.607299
-279	-301.5	0.607499
-274.5	-301.5	0.702786
-270	-301.5	0.888797
-265.5	-301.5	0.782026
-261	-301.5	0.737324
-256.5	-301.5	0.628175
-252	-301.5	0.922115
-247.5	-301.5	0.861329
-243	-301.5	0.833279
-238.5	-301.5	0.904586
-234	-301.5	0.847138
-229.5	-301.5	1.05363
-225	-301.5	0.982622
-220.5	-301.5	1.24482
-216	-301.5	0.981625
-211.5	-301.5	1.08591
-207	-301.5	1.09421
-202.5	-301.5	1.24766
-198	-301.5	1.0754
-193.5	-301.5	1.28338
-189	-301.5	1.15894
-184.5	-301.5	1.82777
-180	-301.5	1.65316
-175.5	-301.5	1.71436
-171	-301.5	1.43827
-166.5	-301.5	1.67501
-162	-301.5	2.05407
-157.5	-301.5	2.35172
-153	-301.5	3.04942
-148.5	-301.5	2.74816
-144	-301.5	3.54866
-139.5	-301.5	3.20829
-135	-301.5	3.89553
-130.5	-301.5	4.44451
-126	-301.5	4.70656
-121.5	-301.5	4.36863
-117	-301.5	4.45829
-112.5	-301.5	4.09474
-108	-301.5	4.52375
-103.5	-301.5	4.75795
-99	-301.5	5.46843
-94.5	-301.5	5.78675
-90	-301.5	5.64615
-85.5	-301.5	6.02618
-81	-301.5	5.41025
-76.5	-301.5	6.322
-72	-301.5	5.34697
-67.5	-301.5	7.49974
-63	-301.5	6.49699
-58.5	-301.5	7.38291
-54	-301.5	7.37791
-49.5	-301.5	6.13662
-45	-301.5	6.21694
-40.5	-301.5	6.87286
-36	-301.5	5.70308
-31.5	-301.5	6.30273
-27	-301.5	4.94171
-22.5	-301.5	6.66349
-18	-301.5	5.55945
-13.5	-301.5	6.35521
-9	-301.5	6.05345
-4.5	-301.5	6.55246
0	-301.5	5.88683
4.5	-301.5	6.14506
9	-301.5	6.41978
13.5	-301.5	5.83243
18	-301.5	6.78778
22.5	-301.5	6.64916
27	-301.5	5.50707
31.5	-301.5	6.75856
36	-301.5	6.43086
40.5	-301.5	7.42637
45	-301.5	5.96938
49.5	-301.5	8.75647
54	-301.5	8.35209
63	-301.5	8.75642
67.5	-301.5	8.40543
72	-301.5	8.3281
76.5	-301.5	8.74113
81	-301.5	9.50326
85.5	-301.5	11.0104
90	-301.5	10.5155
94.5	-301.5	11.0067
99	-301.5	10.5915
103.5	-301.5	13.8165
108	-301.5	13.2301
112.5	-301.5	12.4288
117	-301.5	14.3484
121.5	-301.5	14.9592
126	-301.5	14.2852
130.5	-301.5	15.5252
135	-301.5	15.6882
139.5	-301.5	15.4511
144	-301.5	16.7946
148.5	-301.5	17.5294
153	-301.5	17.8615
157.5	-301.5	17.0297
162	-301.5	17.0055
166.5	-301.5	19.3213
171	-301.5	17.3482
175.5	-301.5	16.8626
180	-301.5	17.7328
184.5	-301.5	16.0623
189	-301.5	14.0967
193.5	-301.5	14.3088
198	-301.5	14.2802
202.5	-301.5	13.0065
207	-301.5	13.0151
211.5	-301.5	10.3885
220.5	-301.5	10.7985
225	-301.5	11.2563
229.5	-301.5	10.7453
234	-301.5	11.0397
238.5	-301.5	7.81351
243	-301.5	9.22046
247.5	-301.5	8.00644
252	-301.5	7.9725
256.5	-301.5	6.82007
261	-301.5	6.17322
265.5	-301.5	5.22705
270	-301.5	5.38564
274.5	-301.5	4.74322
279	-301.5	4.16939
288	-301.5	5.21063
292.5	-301.5	4.33099
297	-301.5	4.16212
301.5	-301.5	3.69585
306	-301.5	2.82065
310.5	-301.5	2.99877
315	-301.5	3.30304
319.5	-301.5	2.83432
324	-301.5	2.85554
328.5	-301.5	3.26993
333	-301.5	3.00015
337.5	-301.5	2.72286
342	-301.5	3.70345
346.5	-301.5	4.5823
360	-301.5	1.34267
364.5	-301.5	0.726626
369	-301.5	0.467442
373.5	-301.5	0.361704
378	-301.5	0.205407
382.5	-301.5	0.1418
387	-301.5	0.088931
391.5	-301.5	0.059724
396	-301.5	0.027324
405	-301.5	0.022954
418.5	-301.5	0.017633
423	-301.5	0.014656
441	-301.5	0.02018
-445.5	-297	0.00433
-441	-297	0.003949
-432	-297	0.004838
-427.5	-297	0.003441
-418.5	-297	0.002647
-414	-297	0.002176
-382.5	-297	0.040677
-378	-297	0.05304
-373.5	-297	0.091547
-369	-297	0.14178
-364.5	-297	0.256237
-360	-297	0.279283
-355.5	-297	0.470218
-351	-297	0.708716
-346.5	-297	0.776593
-342	-297	0.57558
-337.5	-297	0.563313
-333	-297	0.608074
-328.5	-297	0.568939
-315	-297	0.918468
-306	-297	0.982867
-297	-297	1.07706
-292.5	-297	0.929289
-288	-297	0.621141
-283.5	-297	0.56909
-279	-297	0.593136
-274.5	-297	0.6355
-270	-297	0.733853
-265.5	-297	0.525774
-261	-297	0.677253
-256.5	-297	0.896869
-252	-297	0.908608
-247.5	-297	0.663833
-243	-297	0.929138
-238.5	-297	0.825072
-234	-297	0.973885
-229.5	-297	0.73991
-225	-297	0.67097
-220.5	-297	0.881913
-216	-297	0.989327
-211.5	-297	0.917649
-207	-297	1.07773
-202.5	-297	1.49791
-198	-297	1.20057
-193.5	-297	1.24229
-189	-297	1.43672
-184.5	-297	1.57595
-180	-297	1.91633
-175.5	-297	1.74294
-171	-297	1.60937
-166.5	-297	1.6972
-162	-297	1.74539
-157.5	-297	2.03611
-153	-297	2.33447
-148.5	-297	2.88388
-144	-297	4.0447
-139.5	-297	3.39322
-135	-297	3.1894
-130.5	-297	4.68427
-126	-297	4.1184
-121.5	-297	4.79879
-117	-297	3.93173
-112.5	-297	4.42825
-108	-297	3.7641
-103.5	-297	4.79838
-99	-297	6.34235
-94.5	-297	5.65765
-90	-297	5.79628
-85.5	-297	5.83345
-81	-297	6.34527
-76.5	-297	7.07114
-72	-297	6.26536
-67.5	-297	9.72041
-63	-297	7.63603
-58.5	-297	7.3146
-54	-297	7.64806
-49.5	-297	6.89726
-45	-297	5.69215
-40.5	-297	7.35811
-36	-297	5.42624
-31.5	-297	5.68212
-27	-297	5.85425
-18	-297	6.31971
-13.5	-297	6.61598
-9	-297	7.15019
-4.5	-297	6.04272
0	-297	5.63385
4.5	-297	6.17571
9	-297	6.37245
13.5	-297	6.59358
18	-297	7.11323
22.5	-297	5.88115
27	-297	5.16746
31.5	-297	6.3463
36	-297	7.14944
40.5	-297	7.74543
45	-297	7.50786
54	-297	7.70524
58.5	-297	6.63042
63	-297	8.48929
67.5	-297	8.70132
72	-297	8.50251
76.5	-297	9.63817
81	-297	8.88683
85.5	-297	11.1301
90	-297	11.3274
94.5	-297	9.98149
99	-297	11.6479
103.5	-297	14.136
108	-297	13.4172
112.5	-297	11.8262
117	-297	15.5027
121.5	-297	20.5001
126	-297	15.0278
130.5	-297	16.2518
135	-297	15.1913
139.5	-297	16.664
144	-297	18.1505
148.5	-297	17.8681
153	-297	16.154
157.5	-297	16.6949
162	-297	19.0502
166.5	-297	19.5662
171	-297	16.7728
175.5	-297	18.8368
180	-297	16.951
184.5	-297	17.5645
189	-297	15.2137
193.5	-297	15.3453
198	-297	16.6798
202.5	-297	15.2036
207	-297	12.2274
211.5	-297	11.7708
216	-297	12.3572
220.5	-297	11.6973
225	-297	10.7297
229.5	-297	9.5395
234	-297	10.4008
238.5	-297	8.23925
243	-297	8.45934
247.5	-297	7.51835
252	-297	7.44034
256.5	-297	6.37509
261	-297	6.1212
265.5	-297	4.53395
270	-297	4.43126
274.5	-297	5.68066
279	-297	4.64966
283.5	-297	4.39161
288	-297	4.61312
292.5	-297	3.59936
297	-297	3.78547
301.5	-297	3.61099
306	-297	3.07479
310.5	-297	2.71321
315	-297	3.53409
319.5	-297	3.01413
324	-297	3.35743
328.5	-297	3.42523
333	-297	3.45114
337.5	-297	3.31834
342	-297	3.39338
346.5	-297	3.82664
351	-297	2.7097
355.5	-297	1.96467
360	-297	1.08995
364.5	-297	0.817041
369	-297	0.555843
373.5	-297	0.299958
378	-297	0.242907
382.5	-297	0.155971
387	-297	0.096731
391.5	-297	0.061447
396	-297	0.029009
400.5	-297	0.021287
405	-297	0.027613
409.5	-297	0.022941
418.5	-297	0.022154
-445.5	-292.5	0.002915
-441	-292.5	0.003287
-436.5	-292.5	0.002509
-400.5	-292.5	0.003666
-396	-292.5	0.008203
-387	-292.5	0.018565
-382.5	-292.5	0.027016
-378	-292.5	0.053775
-373.5	-292.5	0.089805
-369	-292.5	0.114591
-364.5	-292.5	0.182299
-360	-292.5	0.255061
-355.5	-292.5	0.405329
-351	-292.5	0.710048
-346.5	-292.5	0.6284
-342	-292.5	0.661719
-337.5	-292.5	0.562234
-333	-292.5	0.668992
-328.5	-292.5	0.492419
-324	-292.5	0.5096
-319.5	-292.5	0.601526
-315	-292.5	0.768529
-310.5	-292.5	0.616253
-306	-292.5	0.647352
-301.5	-292.5	0.669223
-297	-292.5	0.523609
-292.5	-292.5	0.816308
-274.5	-292.5	0.982062
-270	-292.5	1.15737
-265.5	-292.5	0.754574
-261	-292.5	0.641807
-256.5	-292.5	0.625105
-252	-292.5	0.742071
-247.5	-292.5	0.742598
-243	-292.5	0.872212
-238.5	-292.5	0.850975
-234	-292.5	0.77793
-229.5	-292.5	0.708271
-225	-292.5	0.726159
-220.5	-292.5	0.956608
-216	-292.5	0.852126
-211.5	-292.5	0.872077
-207	-292.5	1.01567
-202.5	-292.5	1.15772
-198	-292.5	1.02376
-193.5	-292.5	1.1572
-189	-292.5	1.56714
-184.5	-292.5	1.48051
-180	-292.5	1.8245
-175.5	-292.5	1.73075
-171	-292.5	1.70221
-166.5	-292.5	1.93924
-162	-292.5	2.23018
-157.5	-292.5	1.7084
-153	-292.5	2.43984
-148.5	-292.5	2.57731
-144	-292.5	2.61287
-139.5	-292.5	4.3607
-135	-292.5	3.82375
-130.5	-292.5	3.48845
-126	-292.5	4.1023
-121.5	-292.5	4.89083
-117	-292.5	4.07239
-112.5	-292.5	4.58857
-108	-292.5	4.3994
-103.5	-292.5	4.47174
-99	-292.5	5.23659
-94.5	-292.5	5.68283
-90	-292.5	6.19991
-85.5	-292.5	6.35573
-81	-292.5	6.58774
-76.5	-292.5	7.36814
-72	-292.5	6.46391
-67.5	-292.5	7.38138
-63	-292.5	7.92035
-58.5	-292.5	7.75449
-54	-292.5	7.9983
-49.5	-292.5	6.99688
-45	-292.5	7.00664
-40.5	-292.5	8.55038
-31.5	-292.5	7.93337
-27	-292.5	6.20569
-18	-292.5	5.93379
-13.5	-292.5	6.3616
-9	-292.5	6.33544
-4.5	-292.5	6.0747
0	-292.5	5.54333
4.5	-292.5	5.94908
9	-292.5	6.1945
13.5	-292.5	7.30638
18	-292.5	6.66367
22.5	-292.5	6.44721
27	-292.5	5.42978
31.5	-292.5	6.18386
36	-292.5	6.5485
40.5	-292.5	6.98604
45	-292.5	8.33919
49.5	-292.5	6.86363
54	-292.5	8.14269
58.5	-292.5	8.22468
63	-292.5	8.44198
67.5	-292.5	9.95933
72	-292.5	10.4382
76.5	-292.5	11.1577
81	-292.5	10.0848
85.5	-292.5	10.8117
90	-292.5	12.1421
94.5	-292.5	10.8538
99	-292.5	14.1794
103.5	-292.5	13.2293
108	-292.5	13.7307
112.5	-292.5	12.7304
117	-292.5	14.5738
121.5	-292.5	16.2484
126	-292.5	16.4397
130.5	-292.5	15.9688
135	-292.5	16.418
139.5	-292.5	17.1597
144	-292.5	19.8239
148.5	-292.5	18.3405
153	-292.5	18.1437
157.5	-292.5	18.6302
162	-292.5	19.945
166.5	-292.5	19.9572
171	-292.5	18.0652
175.5	-292.5	19.8304
180	-292.5	16.8079
184.5	-292.5	17.1813
189	-292.5	17.2313
193.5	-292.5	15.9188
198	-292.5	16.4594
202.5	-292.5	15.9082
207	-292.5	12.9572
211.5	-292.5	12.4798
216	-292.5	12.5093
220.5	-292.5	10.7056
229.5	-292.5	10.7247
234	-292.5	8.24953
238.5	-292.5	8.85929
243	-292.5	7.98402
247.5	-292.5	6.50415
252	-292.5	6.5578
256.5	-292.5	5.34094
261	-292.5	5.56275
265.5	-292.5	5.05337
270	-292.5	5.20972
274.5	-292.5	5.08736
279	-292.5	4.54119
283.5	-292.5	4.06823
288	-292.5	4.69784
292.5	-292.5	3.67757
297	-292.5	3.80663
301.5	-292.5	3.66515
306	-292.5	3.53904
310.5	-292.5	3.50141
315	-292.5	3.61888
319.5	-292.5	3.99517
324	-292.5	3.62835
328.5	-292.5	3.86184
333	-292.5	3.23165
337.5	-292.5	3.64772
342	-292.5	3.60414
346.5	-292.5	3.13298
351	-292.5	2.89584
355.5	-292.5	1.97425
360	-292.5	1.22424
364.5	-292.5	0.777449
369	-292.5	0.513571
373.5	-292.5	0.372255
378	-292.5	0.238908
382.5	-292.5	0.159277
387	-292.5	0.089342
391.5	-292.5	0.061673
396	-292.5	0.028379
400.5	-292.5	0.030483
405	-292.5	0.028512
409.5	-292.5	0.0218
414	-292.5	0.025607
418.5	-292.5	0.026571
423	-292.5	0.025507
436.5	-292.5	0.015249
441	-292.5	0.018518
445.5	-292.5	0.023675
-445.5	-288	0.004458
-423	-288	0.004211
-414	-288	0.002636
-409.5	-288	0.00272
-405	-288	0.002414
-400.5	-288	0.004738
-396	-288	0.006801
-391.5	-288	0.015545
-387	-288	0.01759
-382.5	-288	0.032647
-378	-288	0.05595
-373.5	-288	0.07146
-369	-288	0.104265
-364.5	-288	0.198881
-360	-288	0.225008
-355.5	-288	0.409154
-351	-288	0.590686
-346.5	-288	1.0552
-342	-288	0.646222
-337.5	-288	0.594592
-333	-288	0.633863
-328.5	-288	0.627208
-324	-288	0.639812
-319.5	-288	0.807294
-315	-288	0.683261
-310.5	-288	0.60231
-306	-288	0.670221
-301.5	-288	0.698354
-297	-288	0.578349
-292.5	-288	0.544948
-288	-288	0.60891
-283.5	-288	0.821892
-279	-288	0.589571
-274.5	-288	0.695074
-270	-288	0.607447
-265.5	-288	1.08565
-261	-288	1.0391
-256.5	-288	0.998642
-243	-288	1.08697
-238.5	-288	0.745708
-234	-288	0.807713
-229.5	-288	0.743254
-225	-288	0.795633
-220.5	-288	1.15464
-216	-288	1.1253
-211.5	-288	0.931675
-207	-288	1.23531
-202.5	-288	1.45117
-198	-288	1.20806
-193.5	-288	1.50697
-189	-288	1.26609
-184.5	-288	1.15741
-180	-288	1.57713
-175.5	-288	3.27913
-171	-288	1.67727
-166.5	-288	1.60515
-162	-288	2.1929
-157.5	-288	2.1649
-153	-288	2.71899
-148.5	-288	2.81608
-144	-288	2.8108
-139.5	-288	3.85011
-135	-288	3.62352
-130.5	-288	3.90609
-126	-288	4.65109
-121.5	-288	4.42305
-117	-288	4.68925
-112.5	-288	4.41547
-108	-288	5.57356
-103.5	-288	4.77996
-99	-288	5.35064
-94.5	-288	6.47246
-90	-288	7.28358
-85.5	-288	7.45913
-81	-288	7.23189
-76.5	-288	6.80728
-72	-288	7.04216
-67.5	-288	6.93516
-63	-288	7.53225
-58.5	-288	8.80792
-54	-288	8.08896
-49.5	-288	7.20033
-45	-288	7.39023
-40.5	-288	8.40442
-31.5	-288	8.07275
-27	-288	6.4567
-22.5	-288	7.45877
-18	-288	6.2319
-13.5	-288	9.63707
-9	-288	6.27567
-4.5	-288	6.37356
0	-288	5.79297
4.5	-288	7.91021
9	-288	5.61592
13.5	-288	6.29074
18	-288	6.79683
22.5	-288	6.08734
27	-288	5.24497
31.5	-288	6.53142
36	-288	5.82672
40.5	-288	6.79194
45	-288	6.77963
54	-288	6.76515
58.5	-288	8.53116
63	-288	8.04592
67.5	-288	9.61187
72	-288	10.0099
76.5	-288	9.85733
81	-288	9.38651
85.5	-288	10.7037
90	-288	13.0047
94.5	-288	11.7271
99	-288	13.9871
103.5	-288	13.6384
108	-288	14.8047
112.5	-288	14.2746
117	-288	14.3839
121.5	-288	16.4348
126	-288	17.4048
130.5	-288	17.869
135	-288	23.0627
139.5	-288	18.705
144	-288	17.9163
148.5	-288	20.1957
153	-288	20.8595
157.5	-288	21.1484
162	-288	19.9065
166.5	-288	20.0427
171	-288	19.6136
175.5	-288	21.2123
180	-288	16.9443
184.5	-288	17.0882
189	-288	16.1592
193.5	-288	17.154
198	-288	16.1656
202.5	-288	17.0155
207	-288	14.2904
211.5	-288	12.9284
216	-288	12.3041
220.5	-288	11.0296
225	-288	11.5037
229.5	-288	9.366
234	-288	8.01147
238.5	-288	8.11796
243	-288	7.38972
247.5	-288	6.17386
252	-288	6.30903
256.5	-288	6.54638
261	-288	5.91256
265.5	-288	4.85343
270	-288	4.48558
274.5	-288	5.19925
279	-288	5.5061
283.5	-288	5.02218
288	-288	4.59705
292.5	-288	3.78583
297	-288	3.93154
301.5	-288	3.88454
306	-288	3.29877
310.5	-288	3.83785
315	-288	3.57979
319.5	-288	3.42109
324	-288	3.65047
328.5	-288	3.05501
333	-288	5.69737
337.5	-288	3.30181
342	-288	3.33622
346.5	-288	3.05644
351	-288	2.86212
355.5	-288	1.88174
360	-288	1.3991
364.5	-288	0.851204
369	-288	0.658989
373.5	-288	0.379845
378	-288	0.204447
382.5	-288	0.137674
387	-288	0.10389
391.5	-288	0.076597
400.5	-288	0.019612
405	-288	0.021636
409.5	-288	0.022834
414	-288	0.020035
423	-288	0.027704
432	-288	0.028463
436.5	-288	0.018343
441	-288	0.021992
445.5	-288	0.026315
-441	-283.5	0.003416
-432	-283.5	0.003276
-427.5	-283.5	0.00457
-418.5	-283.5	0.003043
-414	-283.5	0.003391
-405	-283.5	0.003051
-400.5	-283.5	0.004661
-396	-283.5	0.007991
-391.5	-283.5	0.012476
-387	-283.5	0.017191
-382.5	-283.5	0.031735
-378	-283.5	0.050371
-373.5	-283.5	0.089176
-369	-283.5	0.120988
-364.5	-283.5	0.216821
-360	-283.5	0.364725
-355.5	-283.5	0.429945
-351	-283.5	0.482243
-346.5	-283.5	0.669723
-342	-283.5	0.755559
-337.5	-283.5	0.626604
-333	-283.5	0.509068
-328.5	-283.5	0.593344
-324	-283.5	0.628871
-319.5	-283.5	0.636774
-315	-283.5	0.601331
-310.5	-283.5	0.61395
-306	-283.5	0.67644
-301.5	-283.5	0.564757
-297	-283.5	0.643487
-292.5	-283.5	0.647385
-288	-283.5	0.551802
-283.5	-283.5	0.704383
-279	-283.5	0.502164
-274.5	-283.5	0.555158
-270	-283.5	0.669507
-265.5	-283.5	0.578615
-261	-283.5	0.61129
-256.5	-283.5	0.763247
-252	-283.5	0.648313
-247.5	-283.5	0.704334
-243	-283.5	0.816837
-225	-283.5	1.40529
-220.5	-283.5	1.40051
-216	-283.5	1.04652
-211.5	-283.5	1.23173
-207	-283.5	1.12534
-202.5	-283.5	1.42786
-198	-283.5	1.16248
-193.5	-283.5	1.42987
-189	-283.5	1.50716
-184.5	-283.5	1.89456
-180	-283.5	1.39225
-175.5	-283.5	1.81329
-171	-283.5	2.03222
-166.5	-283.5	1.95959
-162	-283.5	1.71062
-157.5	-283.5	1.79454
-153	-283.5	1.73903
-148.5	-283.5	2.88469
-144	-283.5	3.41299
-139.5	-283.5	3.50361
-135	-283.5	3.72685
-130.5	-283.5	3.51944
-126	-283.5	4.16155
-121.5	-283.5	4.38697
-117	-283.5	4.82515
-112.5	-283.5	4.1947
-108	-283.5	5.43374
-103.5	-283.5	5.67796
-99	-283.5	4.97931
-94.5	-283.5	5.58255
-90	-283.5	7.40779
-85.5	-283.5	7.06915
-81	-283.5	7.61989
-76.5	-283.5	7.38978
-72	-283.5	9.133
-63	-283.5	10.1342
-54	-283.5	7.89611
-49.5	-283.5	7.91887
-45	-283.5	8.80085
-40.5	-283.5	7.77769
-36	-283.5	7.28504
-31.5	-283.5	7.43028
-27	-283.5	7.39392
-22.5	-283.5	6.36564
-18	-283.5	6.82429
-13.5	-283.5	6.59231
-9	-283.5	6.36327
-4.5	-283.5	5.77169
0	-283.5	7.39784
4.5	-283.5	5.94955
9	-283.5	5.37834
13.5	-283.5	6.90765
18	-283.5	6.57529
22.5	-283.5	6.60068
27	-283.5	6.67935
31.5	-283.5	6.5979
36	-283.5	5.99418
40.5	-283.5	6.02708
45	-283.5	6.54422
49.5	-283.5	6.81213
54	-283.5	5.96152
58.5	-283.5	6.77379
63	-283.5	8.35386
67.5	-283.5	7.92233
72	-283.5	9.243
76.5	-283.5	9.41008
81	-283.5	9.13016
85.5	-283.5	10.81
90	-283.5	14.2218
94.5	-283.5	13.3868
99	-283.5	15.0913
103.5	-283.5	14.2811
108	-283.5	15.2625
112.5	-283.5	14.4773
117	-283.5	16.0242
121.5	-283.5	16.1763
126	-283.5	18.6825
130.5	-283.5	18.6909
135	-283.5	18.38
139.5	-283.5	19.1116
144	-283.5	22.0734
148.5	-283.5	19.6281
153	-283.5	19.9312
157.5	-283.5	21.2017
162	-283.5	19.5049
166.5	-283.5	19.9379
171	-283.5	21.9383
175.5	-283.5	21.7412
180	-283.5	18.445
184.5	-283.5	18.7823
189	-283.5	16.3268
193.5	-283.5	18.8404
198	-283.5	17.6345
202.5	-283.5	15.4097
207	-283.5	13.2184
211.5	-283.5	14.306
216	-283.5	13.3357
220.5	-283.5	12.4014
225	-283.5	12.0717
229.5	-283.5	9.44575
234	-283.5	8.76211
238.5	-283.5	9.04334
243	-283.5	7.25206
247.5	-283.5	7.68688
252	-283.5	5.46279
256.5	-283.5	6.02746
261	-283.5	5.32656
265.5	-283.5	5.07886
270	-283.5	4.20873
274.5	-283.5	4.42417
279	-283.5	4.29081
283.5	-283.5	3.71982
288	-283.5	3.96405
292.5	-283.5	3.40734
297	-283.5	4.04532
301.5	-283.5	4.09029
306	-283.5	3.66452
310.5	-283.5	3.93605
315	-283.5	3.62638
319.5	-283.5	3.78788
324	-283.5	3.67625
328.5	-283.5	4.70603
333	-283.5	5.25146
337.5	-283.5	2.85726
342	-283.5	3.52368
346.5	-283.5	3.83485
351	-283.5	3.25663
355.5	-283.5	2.17463
360	-283.5	1.38983
364.5	-283.5	0.931617
369	-283.5	0.539807
373.5	-283.5	0.358914
378	-283.5	0.267701
382.5	-283.5	0.168549
387	-283.5	0.102073
391.5	-283.5	0.073749
396	-283.5	0.039182
400.5	-283.5	0.01934
405	-283.5	0.019516
409.5	-283.5	0.022121
414	-283.5	0.029939
418.5	-283.5	0.027905
423	-283.5	0.025165
427.5	-283.5	0.022312
432	-283.5	0.023294
436.5	-283.5	0.020419
441	-283.5	0.026107
445.5	-283.5	0.022623
-450	-279	0.009864
-445.5	-279	0.003482
-441	-279	0.003367
-405	-279	0.002884
-400.5	-279	0.004302
-396	-279	0.008275
-391.5	-279	0.011624
-387	-279	0.022697
-382.5	-279	0.034378
-378	-279	0.054641
-373.5	-279	0.091298
-369	-279	0.126746
-364.5	-279	0.19704
-355.5	-279	0.416784
-351	-279	0.636052
-346.5	-279	0.510612
-342	-279	0.587815
-337.5	-279	0.546542
-333	-279	0.548954
-328.5	-279	0.646315
-324	-279	0.697122
-319.5	-279	0.625635
-315	-279	0.632768
-310.5	-279	0.580254
-306	-279	0.498635
-301.5	-279	0.528528
-297	-279	0.715399
-292.5	-279	0.627904
-288	-279	0.672593
-283.5	-279	0.658638
-279	-279	0.634372
-274.5	-279	0.549578
-270	-279	0.677938
-265.5	-279	0.577708
-261	-279	0.57514
-256.5	-279	0.692774
-252	-279	0.598002
-247.5	-279	0.597902
-243	-279	0.793882
-238.5	-279	0.867479
-234	-279	0.903714
-229.5	-279	0.896701
-225	-279	0.799169
-220.5	-279	0.734247
-211.5	-279	1.14727
-207	-279	1.33437
-202.5	-279	1.59637
-198	-279	1.25833
-193.5	-279	1.26615
-189	-279	1.20383
-184.5	-279	1.36518
-180	-279	1.31238
-175.5	-279	1.44057
-171	-279	2.04655
-166.5	-279	2.76563
-162	-279	2.14383
-157.5	-279	2.28229
-153	-279	2.02955
-148.5	-279	2.18661
-144	-279	2.43878
-139.5	-279	3.23529
-135	-279	4.43049
-130.5	-279	4.02765
-121.5	-279	4.4157
-117	-279	5.0901
-112.5	-279	4.15635
-108	-279	4.56875
-103.5	-279	4.92982
-99	-279	5.40115
-94.5	-279	5.68445
-90	-279	6.08091
-85.5	-279	8.46476
-81	-279	8.17024
-76.5	-279	7.60149
-72	-279	8.7537
-67.5	-279	8.481
-63	-279	9.03223
-58.5	-279	10.3225
-54	-279	7.97732
-49.5	-279	8.46986
-45	-279	7.63081
-40.5	-279	8.04722
-36	-279	8.14622
-31.5	-279	8.22381
-27	-279	7.81439
-22.5	-279	7.62765
-18	-279	8.13807
-13.5	-279	7.63015
-9	-279	7.06376
-4.5	-279	5.81129
0	-279	5.49967
4.5	-279	6.63474
9	-279	6.85905
13.5	-279	6.72525
18	-279	6.77013
22.5	-279	5.93962
27	-279	6.22322
31.5	-279	6.60833
36	-279	6.12008
40.5	-279	5.90255
45	-279	6.56391
49.5	-279	7.7733
54	-279	6.74141
58.5	-279	8.9572
63	-279	7.36262
67.5	-279	9.02035
72	-279	8.16953
76.5	-279	9.3239
81	-279	10.3193
85.5	-279	11.3183
90	-279	14.2073
99	-279	14.9804
103.5	-279	14.0174
108	-279	14.1199
112.5	-279	14.9114
117	-279	18.1915
121.5	-279	17.8508
126	-279	19.4445
130.5	-279	18.5847
135	-279	18.6751
139.5	-279	18.7953
148.5	-279	20.1968
153	-279	23.0029
157.5	-279	24.2881
162	-279	21.2291
166.5	-279	19.6717
171	-279	21.2743
175.5	-279	20.5989
180	-279	18.9513
184.5	-279	20.8211
189	-279	19.1093
193.5	-279	20.0182
198	-279	16.7952
202.5	-279	14.9283
207	-279	20.662
211.5	-279	13.8478
216	-279	14.1225
220.5	-279	11.7833
225	-279	12.0335
229.5	-279	16.521
234	-279	15.6799
238.5	-279	7.29417
243	-279	7.62497
247.5	-279	6.19748
252	-279	6.07151
256.5	-279	5.22616
261	-279	4.62032
270	-279	4.8483
274.5	-279	4.15278
279	-279	3.96705
283.5	-279	5.30577
288	-279	3.77919
292.5	-279	3.96896
297	-279	3.95631
301.5	-279	3.8084
310.5	-279	3.66061
315	-279	4.16299
319.5	-279	4.04267
324	-279	3.83917
328.5	-279	3.8492
333	-279	3.8563
337.5	-279	3.69841
342	-279	3.127
346.5	-279	3.89598
351	-279	3.21033
355.5	-279	2.13894
360	-279	1.33121
364.5	-279	0.859331
369	-279	0.580935
373.5	-279	0.370109
378	-279	0.249047
382.5	-279	0.172034
387	-279	0.103761
391.5	-279	0.064232
396	-279	0.036091
400.5	-279	0.023808
405	-279	0.026008
409.5	-279	0.028625
414	-279	0.024994
418.5	-279	0.025376
423	-279	0.01895
432	-279	0.025084
436.5	-279	0.025349
441	-279	0.024926
445.5	-279	0.023477
-405	-274.5	0.004654
-400.5	-274.5	0.004825
-396	-274.5	0.010342
-391.5	-274.5	0.016969
-387	-274.5	0.024773
-382.5	-274.5	0.036328
-378	-274.5	0.059202
-373.5	-274.5	0.077058
-369	-274.5	0.141048
-364.5	-274.5	0.159736
-360	-274.5	0.249033
-355.5	-274.5	0.390276
-351	-274.5	0.552842
-346.5	-274.5	0.657424
-342	-274.5	0.618543
-337.5	-274.5	0.576298
-333	-274.5	0.642802
-328.5	-274.5	0.68466
-324	-274.5	0.716367
-319.5	-274.5	0.712726
-315	-274.5	0.539909
-310.5	-274.5	0.572854
-306	-274.5	0.647571
-301.5	-274.5	0.720011
-297	-274.5	0.823847
-292.5	-274.5	0.770385
-288	-274.5	0.860039
-283.5	-274.5	0.672376
-279	-274.5	0.602723
-274.5	-274.5	0.497924
-270	-274.5	0.566074
-265.5	-274.5	0.564844
-261	-274.5	0.715242
-256.5	-274.5	0.918129
-252	-274.5	0.948684
-247.5	-274.5	0.750876
-243	-274.5	0.87833
-238.5	-274.5	0.726912
-234	-274.5	0.73193
-229.5	-274.5	0.81875
-225	-274.5	0.617907
-220.5	-274.5	0.708813
-216	-274.5	0.870894
-211.5	-274.5	0.942276
-207	-274.5	1.27891
-202.5	-274.5	1.58406
-198	-274.5	1.19128
-193.5	-274.5	1.32808
-189	-274.5	1.40685
-184.5	-274.5	1.58067
-180	-274.5	1.43654
-175.5	-274.5	1.41614
-171	-274.5	1.56061
-166.5	-274.5	1.82841
-162	-274.5	1.84033
-157.5	-274.5	1.65115
-153	-274.5	2.42482
-148.5	-274.5	2.49088
-144	-274.5	2.78148
-139.5	-274.5	3.2273
-135	-274.5	2.94827
-130.5	-274.5	4.32017
-126	-274.5	3.71184
-121.5	-274.5	5.06833
-112.5	-274.5	4.45902
-108	-274.5	4.64384
-103.5	-274.5	5.25155
-99	-274.5	4.91538
-94.5	-274.5	5.94536
-90	-274.5	6.20678
-85.5	-274.5	8.78099
-81	-274.5	8.60924
-76.5	-274.5	6.90693
-72	-274.5	8.54386
-67.5	-274.5	9.81057
-63	-274.5	11.1082
-58.5	-274.5	8.06955
-54	-274.5	8.99225
-49.5	-274.5	9.65439
-45	-274.5	8.93667
-40.5	-274.5	9.37774
-36	-274.5	8.82884
-31.5	-274.5	8.30246
-27	-274.5	7.57376
-22.5	-274.5	8.33218
-18	-274.5	7.41066
-13.5	-274.5	7.38017
-9	-274.5	6.32945
-4.5	-274.5	6.89935
0	-274.5	5.97878
4.5	-274.5	6.07525
9	-274.5	6.62843
13.5	-274.5	7.25807
18	-274.5	6.80386
22.5	-274.5	6.40018
27	-274.5	6.7984
31.5	-274.5	6.32652
36	-274.5	6.25485
40.5	-274.5	6.34689
45	-274.5	8.11578
49.5	-274.5	7.45505
54	-274.5	7.48044
58.5	-274.5	7.99181
63	-274.5	7.97775
67.5	-274.5	8.50573
72	-274.5	8.55223
76.5	-274.5	8.70264
81	-274.5	11.7332
85.5	-274.5	11.4329
90	-274.5	13.4904
94.5	-274.5	13.5749
99	-274.5	14.9155
103.5	-274.5	13.9778
108	-274.5	14.2669
112.5	-274.5	15.9958
117	-274.5	17.9642
121.5	-274.5	20.253
126	-274.5	21.1658
130.5	-274.5	20.1902
135	-274.5	21.2699
139.5	-274.5	23.9763
144	-274.5	19.5283
148.5	-274.5	22.5503
153	-274.5	25.8766
157.5	-274.5	25.8159
162	-274.5	21.9752
166.5	-274.5	24.8017
171	-274.5	24.7906
175.5	-274.5	21.9919
180	-274.5	19.9204
184.5	-274.5	22.6499
189	-274.5	19.8565
193.5	-274.5	21.1095
198	-274.5	18.3758
202.5	-274.5	16.0506
207	-274.5	17.389
216	-274.5	13.4857
220.5	-274.5	12.3535
225	-274.5	11.499
229.5	-274.5	10.7521
234	-274.5	9.01378
238.5	-274.5	7.04857
243	-274.5	6.51458
247.5	-274.5	5.43571
252	-274.5	5.62688
256.5	-274.5	5.29441
270	-274.5	4.69435
274.5	-274.5	4.852
279	-274.5	5.18783
283.5	-274.5	4.47899
288	-274.5	4.18483
292.5	-274.5	3.6284
297	-274.5	4.21216
301.5	-274.5	3.75407
306	-274.5	4.41216
310.5	-274.5	4.19326
315	-274.5	4.43445
319.5	-274.5	4.39831
324	-274.5	4.44805
328.5	-274.5	4.19024
333	-274.5	3.81211
337.5	-274.5	3.6536
342	-274.5	3.87009
346.5	-274.5	3.81206
351	-274.5	2.82727
355.5	-274.5	2.55238
360	-274.5	1.43922
364.5	-274.5	0.967324
369	-274.5	0.719399
373.5	-274.5	0.511019
378	-274.5	0.304662
382.5	-274.5	0.178845
387	-274.5	0.12014
391.5	-274.5	0.071186
396	-274.5	0.039796
400.5	-274.5	0.026631
405	-274.5	0.022645
409.5	-274.5	0.02332
414	-274.5	0.021084
418.5	-274.5	0.023401
423	-274.5	0.020519
427.5	-274.5	0.033975
432	-274.5	0.026899
436.5	-274.5	0.02072
-441	-270	0.005834
-414	-270	0.004585
-405	-270	0.004704
-396	-270	0.014242
-391.5	-270	0.018409
-387	-270	0.022407
-382.5	-270	0.028946
-378	-270	0.043556
-373.5	-270	0.068665
-369	-270	0.114443
-364.5	-270	0.169153
-360	-270	0.278791
-355.5	-270	0.413452
-351	-270	0.660294
-346.5	-270	0.586621
-342	-270	0.602849
-337.5	-270	0.514695
-333	-270	0.657675
-328.5	-270	0.654271
-324	-270	0.594435
-319.5	-270	0.637124
-315	-270	0.770779
-310.5	-270	0.903328
-301.5	-270	0.660865
-297	-270	0.677153
-292.5	-270	0.611374
-288	-270	0.722493
-283.5	-270	0.679161
-279	-270	0.672888
-274.5	-270	0.596729
-270	-270	0.67337
-265.5	-270	0.840199
-261	-270	0.833034
-256.5	-270	0.780958
-252	-270	0.727571
-247.5	-270	0.580509
-243	-270	0.659616
-238.5	-270	0.630123
-234	-270	0.711433
-229.5	-270	0.708136
-225	-270	0.715137
-220.5	-270	0.86153
-216	-270	1.04378
-211.5	-270	0.90286
-207	-270	1.38027
-202.5	-270	1.67795
-198	-270	1.61642
-193.5	-270	1.1906
-189	-270	1.2981
-184.5	-270	1.3321
-180	-270	1.32955
-175.5	-270	1.23605
-171	-270	1.66831
-166.5	-270	1.88951
-162	-270	1.97136
-157.5	-270	2.29354
-153	-270	2.08933
-148.5	-270	2.29142
-144	-270	2.50221
-139.5	-270	2.78399
-135	-270	3.41513
-130.5	-270	4.61246
-126	-270	4.24745
-121.5	-270	5.26673
-117	-270	4.11128
-112.5	-270	5.05137
-108	-270	5.04512
-103.5	-270	7.00062
-99	-270	5.79515
-94.5	-270	6.30644
-90	-270	6.6999
-85.5	-270	7.7099
-81	-270	8.53275
-76.5	-270	8.7793
-72	-270	8.62861
-67.5	-270	9.94334
-63	-270	11.8422
-58.5	-270	10.6107
-54	-270	10.3195
-49.5	-270	9.7505
-45	-270	9.62584
-40.5	-270	10.9262
-31.5	-270	9.2825
-27	-270	8.24231
-22.5	-270	7.4336
-18	-270	8.132
-13.5	-270	7.3242
-9	-270	7.39455
-4.5	-270	6.90102
0	-270	6.95384
4.5	-270	6.19287
9	-270	6.63609
13.5	-270	6.479
22.5	-270	6.43988
27	-270	5.8067
31.5	-270	5.93796
36	-270	6.79676
40.5	-270	6.60672
45	-270	6.20899
49.5	-270	7.29467
54	-270	6.83608
58.5	-270	6.47109
63	-270	8.23136
67.5	-270	7.13207
76.5	-270	8.71959
81	-270	10.4765
85.5	-270	11.5177
90	-270	11.731
94.5	-270	13.9045
99	-270	16.6595
103.5	-270	14.2078
108	-270	13.69
112.5	-270	16.7858
117	-270	17.6133
121.5	-270	18.625
126	-270	22.8805
130.5	-270	21.8249
135	-270	21.5644
139.5	-270	24.0265
144	-270	23.7509
148.5	-270	23.8749
153	-270	30.3245
157.5	-270	26.2088
162	-270	25.9901
166.5	-270	26.2998
171	-270	25.3993
175.5	-270	25.4401
180	-270	23.8682
184.5	-270	21.9667
189	-270	23.3315
193.5	-270	21.5871
198	-270	18.2766
202.5	-270	19.887
207	-270	15.7904
216	-270	16.2668
220.5	-270	12.5125
225	-270	10.4915
229.5	-270	10.8779
234	-270	8.00034
238.5	-270	7.85625
243	-270	7.68819
247.5	-270	6.05165
252	-270	5.62238
256.5	-270	4.84185
265.5	-270	4.62353
270	-270	5.04209
274.5	-270	4.54606
279	-270	3.83073
283.5	-270	3.32345
288	-270	3.82062
292.5	-270	4.41758
297	-270	3.97706
301.5	-270	4.60727
306	-270	3.833
310.5	-270	4.1136
315	-270	4.4612
319.5	-270	4.21228
324	-270	4.05669
328.5	-270	3.97458
333	-270	3.65136
337.5	-270	3.79379
342	-270	4.82949
346.5	-270	4.13501
351	-270	3.21928
355.5	-270	2.30295
360	-270	1.56591
364.5	-270	0.964769
369	-270	0.764263
373.5	-270	0.473745
378	-270	0.32558
382.5	-270	0.201064
387	-270	0.142567
391.5	-270	0.098835
396	-270	0.037589
400.5	-270	0.027511
405	-270	0.029866
409.5	-270	0.026946
414	-270	0.028481
418.5	-270	0.027994
423	-270	0.031797
427.5	-270	0.028254
432	-270	0.028585
436.5	-270	0.026374
441	-270	0.019729
445.5	-270	0.020551
-450	-265.5	0.004559
-423	-265.5	0.005654
-414	-265.5	0.003612
-405	-265.5	0.004292
-391.5	-265.5	0.017303
-387	-265.5	0.029404
-382.5	-265.5	0.038291
-378	-265.5	0.047454
-373.5	-265.5	0.075851
-369	-265.5	0.121391
-364.5	-265.5	0.158901
-360	-265.5	0.364893
-351	-265.5	0.766083
-346.5	-265.5	0.793671
-342	-265.5	0.741409
-337.5	-265.5	0.773263
-333	-265.5	0.65874
-328.5	-265.5	0.717981
-324	-265.5	0.739163
-319.5	-265.5	0.675475
-315	-265.5	0.573606
-310.5	-265.5	0.618303
-301.5	-265.5	0.601232
-297	-265.5	0.699053
-292.5	-265.5	0.729914
-288	-265.5	0.863298
-283.5	-265.5	0.78979
-279	-265.5	0.762746
-274.5	-265.5	0.686209
-270	-265.5	0.780163
-265.5	-265.5	0.648061
-261	-265.5	0.551457
-256.5	-265.5	0.62653
-252	-265.5	0.599256
-243	-265.5	0.626924
-238.5	-265.5	0.464271
-234	-265.5	0.57586
-229.5	-265.5	0.507705
-225	-265.5	0.624658
-220.5	-265.5	0.701211
-216	-265.5	0.907357
-211.5	-265.5	0.858794
-207	-265.5	0.97859
-202.5	-265.5	1.12953
-198	-265.5	1.16248
-193.5	-265.5	1.15762
-189	-265.5	1.21925
-184.5	-265.5	1.144
-180	-265.5	1.27768
-175.5	-265.5	1.32489
-171	-265.5	1.38003
-166.5	-265.5	1.85496
-162	-265.5	1.75091
-157.5	-265.5	1.81266
-153	-265.5	2.03095
-148.5	-265.5	2.08193
-144	-265.5	2.38184
-139.5	-265.5	2.93981
-135	-265.5	3.24126
-130.5	-265.5	3.69183
-126	-265.5	4.86599
-121.5	-265.5	4.08812
-117	-265.5	4.45279
-112.5	-265.5	4.82811
-108	-265.5	6.22813
-103.5	-265.5	6.23836
-99	-265.5	6.39874
-94.5	-265.5	7.00389
-90	-265.5	8.05028
-85.5	-265.5	7.57578
-81	-265.5	10.6955
-76.5	-265.5	8.51155
-72	-265.5	8.22345
-67.5	-265.5	11.2847
-63	-265.5	11.534
-58.5	-265.5	12.1795
-54	-265.5	12.5857
-49.5	-265.5	10.3346
-45	-265.5	10.0271
-40.5	-265.5	9.98379
-36	-265.5	9.57742
-31.5	-265.5	8.36083
-27	-265.5	7.13593
-22.5	-265.5	8.7309
-18	-265.5	8.32486
-13.5	-265.5	7.6983
-9	-265.5	6.79829
-4.5	-265.5	7.32913
0	-265.5	7.50482
4.5	-265.5	6.44165
9	-265.5	7.11067
13.5	-265.5	7.09238
18	-265.5	6.5346
22.5	-265.5	6.15801
27	-265.5	5.59576
31.5	-265.5	6.18113
36	-265.5	6.89705
40.5	-265.5	6.90527
45	-265.5	7.34821
49.5	-265.5	7.85032
54	-265.5	7.06659
58.5	-265.5	7.03288
63	-265.5	8.29092
67.5	-265.5	8.23762
72	-265.5	9.27007
76.5	-265.5	8.8515
81	-265.5	11.2441
85.5	-265.5	12.1898
90	-265.5	11.7935
94.5	-265.5	12.2854
99	-265.5	16.8916
103.5	-265.5	15.5331
108	-265.5	15.8469
112.5	-265.5	15.8751
117	-265.5	16.1684
121.5	-265.5	19.9616
126	-265.5	21.0247
130.5	-265.5	22.3536
135	-265.5	21.5844
139.5	-265.5	25.4092
144	-265.5	25.7335
148.5	-265.5	27.7932
153	-265.5	31.7184
157.5	-265.5	28.2564
162	-265.5	27.4102
166.5	-265.5	28.1234
171	-265.5	27.453
175.5	-265.5	29.5991
180	-265.5	27.8764
184.5	-265.5	25.4718
189	-265.5	25.8379
193.5	-265.5	21.6366
198	-265.5	21.2644
202.5	-265.5	20.8429
207	-265.5	14.956
211.5	-265.5	15.8093
216	-265.5	13.688
220.5	-265.5	12.6374
225	-265.5	11.3387
229.5	-265.5	10.0245
234	-265.5	7.85453
238.5	-265.5	7.30305
243	-265.5	5.79321
256.5	-265.5	4.99883
261	-265.5	4.46756
265.5	-265.5	4.54171
270	-265.5	4.30736
274.5	-265.5	4.54366
279	-265.5	4.3845
283.5	-265.5	4.0629
288	-265.5	4.26534
292.5	-265.5	3.76196
297	-265.5	3.93538
301.5	-265.5	4.40548
306	-265.5	4.1021
310.5	-265.5	5.22702
315	-265.5	3.86355
319.5	-265.5	3.8042
324	-265.5	3.27973
328.5	-265.5	4.41268
333	-265.5	4.24564
337.5	-265.5	4.7993
342	-265.5	4.22768
346.5	-265.5	4.56939
351	-265.5	3.79801
355.5	-265.5	2.69899
360	-265.5	1.74417
364.5	-265.5	1.26925
369	-265.5	0.72632
373.5	-265.5	0.46642
378	-265.5	0.310694
382.5	-265.5	0.204726
387	-265.5	0.154884
391.5	-265.5	0.077193
396	-265.5	0.043999
400.5	-265.5	0.029068
405	-265.5	0.03204
409.5	-265.5	0.027764
414	-265.5	0.031897
418.5	-265.5	0.039952
423	-265.5	0.030098
427.5	-265.5	0.033268
432	-265.5	0.023807
436.5	-265.5	0.019551
445.5	-265.5	0.024981
-450	-261	0.007275
-445.5	-261	0.009063
-441	-261	0.008407
-436.5	-261	0.005284
-432	-261	0.00481
-405	-261	0.003931
-396	-261	0.010854
-391.5	-261	0.015243
-387	-261	0.017459
-382.5	-261	0.036434
-378	-261	0.067956
-373.5	-261	0.099434
-369	-261	0.149397
-364.5	-261	0.206668
-355.5	-261	0.688557
-351	-261	0.953421
-346.5	-261	0.672088
-342	-261	0.763597
-337.5	-261	0.701443
-333	-261	0.847861
-328.5	-261	2.28248
-324	-261	0.749942
-319.5	-261	0.805478
-315	-261	0.583707
-310.5	-261	0.832124
-306	-261	0.748408
-301.5	-261	0.659477
-297	-261	0.673349
-292.5	-261	0.740306
-288	-261	0.914127
-283.5	-261	0.71725
-279	-261	0.601029
-274.5	-261	0.55136
-270	-261	0.613084
-265.5	-261	0.590099
-261	-261	0.711475
-256.5	-261	0.796266
-252	-261	0.639318
-247.5	-261	0.741039
-243	-261	0.525025
-238.5	-261	0.522006
-234	-261	0.650449
-229.5	-261	0.782604
-225	-261	0.708382
-220.5	-261	0.761952
-216	-261	0.736142
-211.5	-261	0.73258
-207	-261	0.95028
-202.5	-261	0.785435
-198	-261	0.967206
-193.5	-261	2.1656
-189	-261	1.25021
-184.5	-261	1.48559
-180	-261	1.3549
-175.5	-261	1.38217
-171	-261	1.28091
-166.5	-261	1.61175
-162	-261	1.45036
-157.5	-261	1.85913
-153	-261	2.40843
-148.5	-261	1.75411
-144	-261	2.04326
-139.5	-261	2.32177
-135	-261	2.65297
-130.5	-261	3.98754
-126	-261	5.53167
-121.5	-261	4.17979
-117	-261	5.57657
-112.5	-261	4.75769
-108	-261	6.18954
-103.5	-261	6.90611
-99	-261	6.36876
-94.5	-261	7.93027
-90	-261	8.04551
-85.5	-261	8.30292
-81	-261	9.10946
-76.5	-261	9.10811
-72	-261	8.97636
-67.5	-261	12.111
-63	-261	12.8063
-58.5	-261	13.6295
-54	-261	12.6159
-49.5	-261	11.4429
-45	-261	12.5629
-40.5	-261	10.974
-36	-261	10.4243
-31.5	-261	8.34133
-27	-261	8.78748
-22.5	-261	10.2033
-18	-261	9.03856
-13.5	-261	8.59109
-9	-261	8.31901
-4.5	-261	8.24249
0	-261	7.429
4.5	-261	7.45472
9	-261	6.77087
13.5	-261	6.56077
18	-261	6.8374
22.5	-261	7.39048
27	-261	6.30136
31.5	-261	6.7014
36	-261	6.90376
40.5	-261	6.66432
45	-261	7.02631
49.5	-261	7.35006
54	-261	6.29171
58.5	-261	7.66938
63	-261	9.22373
67.5	-261	7.59812
72	-261	8.63743
76.5	-261	8.86629
81	-261	11.1404
85.5	-261	12.4944
90	-261	14.2288
94.5	-261	13.8196
99	-261	17.1495
103.5	-261	15.1489
108	-261	15.5346
112.5	-261	17.0907
117	-261	18.7351
121.5	-261	19.9848
126	-261	22.2957
130.5	-261	23.4772
135	-261	25.549
139.5	-261	29.0772
144	-261	27.5958
148.5	-261	31.2098
153	-261	32.3005
157.5	-261	31.6058
162	-261	30.4111
166.5	-261	29.8908
171	-261	30.1105
175.5	-261	32.2537
180	-261	29.0544
184.5	-261	29.9683
189	-261	28.0084
193.5	-261	23.9625
198	-261	20.8974
202.5	-261	20.6267
207	-261	16.3751
211.5	-261	17.2645
216	-261	14.5314
220.5	-261	14.7061
225	-261	10.6361
229.5	-261	8.37766
234	-261	7.6194
238.5	-261	5.5932
243	-261	8.06682
247.5	-261	4.69287
252	-261	5.0115
256.5	-261	4.69789
261	-261	5.07475
265.5	-261	4.21067
270	-261	4.43177
274.5	-261	4.18711
279	-261	4.30762
283.5	-261	3.9227
288	-261	4.47717
292.5	-261	4.33144
297	-261	4.60507
301.5	-261	4.32205
306	-261	4.93756
310.5	-261	4.33845
315	-261	3.87953
319.5	-261	3.77887
324	-261	4.59635
328.5	-261	4.41943
333	-261	4.15288
337.5	-261	3.869
342	-261	4.44449
346.5	-261	5.05441
351	-261	3.57137
355.5	-261	2.90293
360	-261	1.75351
364.5	-261	1.0531
369	-261	0.795589
373.5	-261	0.525642
378	-261	0.351746
382.5	-261	0.229323
387	-261	0.152255
391.5	-261	0.103441
396	-261	0.0536
400.5	-261	0.033895
405	-261	0.031294
409.5	-261	0.029844
414	-261	0.02653
427.5	-261	0.029871
432	-261	0.036732
436.5	-261	0.031926
441	-261	0.031787
-450	-256.5	0.007409
-445.5	-256.5	0.006479
-427.5	-256.5	0.007101
-418.5	-256.5	0.00639
-414	-256.5	0.004848
-391.5	-256.5	0.020062
-387	-256.5	0.030681
-382.5	-256.5	0.035697
-378	-256.5	0.060592
-373.5	-256.5	0.140094
-369	-256.5	0.178445
-364.5	-256.5	0.251927
-360	-256.5	0.326394
-355.5	-256.5	0.646247
-351	-256.5	0.890047
-346.5	-256.5	0.849037
-342	-256.5	0.796588
-337.5	-256.5	0.84135
-333	-256.5	0.765961
-328.5	-256.5	0.893826
-324	-256.5	0.783416
-319.5	-256.5	0.614527
-315	-256.5	0.803185
-310.5	-256.5	0.784923
-306	-256.5	0.784943
-301.5	-256.5	0.863311
-297	-256.5	0.808339
-292.5	-256.5	0.644994
-288	-256.5	0.895739
-283.5	-256.5	0.689187
-279	-256.5	0.820598
-274.5	-256.5	0.545982
-270	-256.5	0.549761
-265.5	-256.5	0.622974
-261	-256.5	1.03478
-256.5	-256.5	0.867052
-252	-256.5	0.959078
-247.5	-256.5	0.696801
-243	-256.5	0.720045
-238.5	-256.5	0.783805
-234	-256.5	0.837831
-229.5	-256.5	0.643237
-225	-256.5	0.858535
-220.5	-256.5	0.731128
-216	-256.5	0.883815
-211.5	-256.5	0.776233
-207	-256.5	0.900824
-202.5	-256.5	0.929444
-198	-256.5	0.934053
-193.5	-256.5	0.917635
-189	-256.5	1.10439
-184.5	-256.5	1.44854
-180	-256.5	1.21672
-175.5	-256.5	1.7884
-171	-256.5	1.64114
-166.5	-256.5	1.74404
-157.5	-256.5	1.78291
-153	-256.5	1.98453
-148.5	-256.5	2.25929
-144	-256.5	1.97542
-139.5	-256.5	2.47677
-135	-256.5	2.85886
-130.5	-256.5	3.82421
-126	-256.5	4.86101
-121.5	-256.5	4.66183
-117	-256.5	4.708
-112.5	-256.5	5.3893
-108	-256.5	6.28332
-103.5	-256.5	6.57188
-99	-256.5	6.76596
-94.5	-256.5	8.1811
-90	-256.5	7.42592
-85.5	-256.5	9.73919
-81	-256.5	10.3257
-76.5	-256.5	12.0345
-72	-256.5	10.2154
-67.5	-256.5	12.4658
-63	-256.5	11.7634
-58.5	-256.5	14.5466
-54	-256.5	13.6202
-49.5	-256.5	11.464
-45	-256.5	13.2284
-40.5	-256.5	11.7889
-36	-256.5	10.6326
-31.5	-256.5	9.56454
-27	-256.5	9.91574
-22.5	-256.5	10.2902
-18	-256.5	8.43974
-13.5	-256.5	7.47698
-9	-256.5	8.80879
-4.5	-256.5	10.8037
0	-256.5	6.17476
4.5	-256.5	6.2052
9	-256.5	6.53345
13.5	-256.5	6.11991
18	-256.5	6.58237
22.5	-256.5	6.43888
31.5	-256.5	6.2275
36	-256.5	6.26486
40.5	-256.5	6.79738
45	-256.5	7.03192
49.5	-256.5	7.82283
54	-256.5	6.82511
58.5	-256.5	7.23991
63	-256.5	9.98947
67.5	-256.5	8.45402
72	-256.5	8.20753
76.5	-256.5	11.3654
81	-256.5	11.7657
85.5	-256.5	12.712
90	-256.5	13.3023
94.5	-256.5	13.9232
99	-256.5	16.9516
108	-256.5	15.6773
112.5	-256.5	17.2537
117	-256.5	21.4074
121.5	-256.5	20.2921
126	-256.5	24.2387
130.5	-256.5	25.6186
135	-256.5	27.7681
139.5	-256.5	31.1068
144	-256.5	29.343
148.5	-256.5	31.85
153	-256.5	35.0314
157.5	-256.5	34.3044
162	-256.5	34.7776
166.5	-256.5	34.2553
171	-256.5	34.9069
175.5	-256.5	33.3578
180	-256.5	32.972
184.5	-256.5	33.0307
189	-256.5	29.7946
193.5	-256.5	25.9549
198	-256.5	24.0018
202.5	-256.5	21.2462
207	-256.5	17.8301
211.5	-256.5	16.2903
216	-256.5	15.6726
220.5	-256.5	12.2168
225	-256.5	9.72952
229.5	-256.5	8.26297
234	-256.5	5.95587
238.5	-256.5	5.32759
243	-256.5	5.35302
247.5	-256.5	4.7228
252	-256.5	4.88005
256.5	-256.5	4.24803
261	-256.5	4.09417
265.5	-256.5	3.65927
270	-256.5	4.0701
274.5	-256.5	4.34431
279	-256.5	3.24625
283.5	-256.5	3.78206
288	-256.5	3.77305
292.5	-256.5	4.76256
297	-256.5	4.20385
301.5	-256.5	4.01954
306	-256.5	4.14671
310.5	-256.5	3.79717
315	-256.5	3.66706
319.5	-256.5	4.746
324	-256.5	4.60327
328.5	-256.5	4.29551
333	-256.5	4.56603
337.5	-256.5	5.36544
342	-256.5	4.96265
346.5	-256.5	4.34867
351	-256.5	3.78339
355.5	-256.5	2.06166
360	-256.5	1.57004
364.5	-256.5	1.09923
369	-256.5	0.874162
373.5	-256.5	0.517129
378	-256.5	0.371286
382.5	-256.5	0.264731
387	-256.5	0.151164
391.5	-256.5	0.104997
396	-256.5	0.0493
400.5	-256.5	0.031649
405	-256.5	0.038176
409.5	-256.5	0.034071
414	-256.5	0.030213
418.5	-256.5	0.035839
423	-256.5	0.041459
427.5	-256.5	0.038317
432	-256.5	0.040252
441	-256.5	0.033859
445.5	-256.5	0.033539
-450	-252	0.005446
-445.5	-252	0.008116
-436.5	-252	0.009586
-432	-252	0.008867
-423	-252	0.007835
-418.5	-252	0.007272
-414	-252	0.010788
-387	-252	0.030701
-382.5	-252	0.037583
-378	-252	0.061211
-373.5	-252	0.132622
-355.5	-252	0.417264
-346.5	-252	0.619049
-342	-252	0.783641
-337.5	-252	0.918255
-333	-252	0.983836
-328.5	-252	0.718032
-319.5	-252	0.763334
-315	-252	0.861156
-310.5	-252	0.685995
-306	-252	0.723037
-301.5	-252	0.815028
-297	-252	0.893815
-292.5	-252	0.593593
-288	-252	0.917678
-283.5	-252	0.787662
-279	-252	0.857242
-274.5	-252	0.675516
-270	-252	0.729048
-265.5	-252	0.609731
-261	-252	0.61033
-256.5	-252	0.534823
-252	-252	0.637926
-247.5	-252	0.579697
-243	-252	0.506555
-238.5	-252	0.588767
-234	-252	0.592116
-229.5	-252	0.489992
-225	-252	0.717972
-220.5	-252	0.772697
-216	-252	0.926913
-211.5	-252	0.722937
-207	-252	0.852598
-202.5	-252	1.10993
-198	-252	0.972637
-193.5	-252	0.927159
-189	-252	1.06733
-184.5	-252	1.28577
-180	-252	1.36453
-175.5	-252	1.39774
-171	-252	2.14037
-166.5	-252	1.81619
-157.5	-252	1.78572
-153	-252	2.03392
-148.5	-252	2.03945
-144	-252	2.3854
-139.5	-252	2.42046
-135	-252	2.44639
-130.5	-252	3.29627
-126	-252	4.21796
-121.5	-252	5.08586
-117	-252	4.2457
-112.5	-252	4.90898
-108	-252	4.89779
-103.5	-252	7.66077
-99	-252	7.10802
-94.5	-252	8.15801
-90	-252	7.67191
-85.5	-252	9.21967
-81	-252	10.1544
-76.5	-252	12.2202
-72	-252	12.2946
-67.5	-252	13.3487
-63	-252	13.3001
-58.5	-252	13.9633
-54	-252	15.1671
-49.5	-252	15.0619
-45	-252	14.6553
-40.5	-252	13.7446
-36	-252	12.2474
-31.5	-252	10.671
-27	-252	9.67581
-22.5	-252	11.1663
-18	-252	8.42691
-13.5	-252	7.90895
-9	-252	8.71066
-4.5	-252	10.6553
0	-252	6.9701
4.5	-252	6.07121
9	-252	7.20945
13.5	-252	6.57595
18	-252	7.53268
22.5	-252	5.88074
27	-252	6.38138
36	-252	7.17868
40.5	-252	7.19987
45	-252	6.91529
49.5	-252	7.21767
54	-252	8.81383
58.5	-252	6.77537
63	-252	7.73313
67.5	-252	8.19039
72	-252	8.77241
76.5	-252	9.35946
81	-252	11.0419
85.5	-252	11.5183
90	-252	14.6344
94.5	-252	14.4787
99	-252	15.2901
103.5	-252	19.8913
108	-252	15.2314
112.5	-252	19.4206
117	-252	22.5044
121.5	-252	24.2135
126	-252	25.2496
130.5	-252	26.8604
135	-252	28.7281
139.5	-252	28.8153
144	-252	30.8126
148.5	-252	34.5922
153	-252	38.112
157.5	-252	35.9138
162	-252	39.7001
166.5	-252	38.8448
171	-252	37.3794
175.5	-252	35.5993
180	-252	36.4055
184.5	-252	34.1368
189	-252	31.9145
193.5	-252	27.8211
198	-252	27.2627
202.5	-252	26.5018
207	-252	19.7171
211.5	-252	16.977
216	-252	14.2716
220.5	-252	12.0143
225	-252	9.05088
229.5	-252	6.59818
234	-252	5.83379
238.5	-252	5.13694
243	-252	4.59613
247.5	-252	3.85527
252	-252	3.85925
256.5	-252	4.0905
261	-252	3.33365
265.5	-252	4.10979
274.5	-252	4.85264
279	-252	4.18036
283.5	-252	4.47617
288	-252	4.63201
292.5	-252	4.68456
297	-252	4.35626
301.5	-252	4.74412
306	-252	4.43685
310.5	-252	4.22947
315	-252	4.49229
319.5	-252	3.73951
324	-252	4.09807
333	-252	5.03544
337.5	-252	4.96641
342	-252	4.69409
346.5	-252	4.95674
351	-252	4.7703
355.5	-252	2.98925
360	-252	1.72576
364.5	-252	1.27101
369	-252	0.914159
373.5	-252	0.574898
378	-252	0.400212
382.5	-252	0.236652
387	-252	0.12346
391.5	-252	0.093171
396	-252	0.049166
400.5	-252	0.033835
405	-252	0.03538
409.5	-252	0.038155
414	-252	0.037897
418.5	-252	0.032849
423	-252	0.023864
427.5	-252	0.034452
432	-252	0.03646
436.5	-252	0.025857
441	-252	0.035633
445.5	-252	0.03389
-450	-247.5	0.00663
-445.5	-247.5	0.004276
-441	-247.5	0.003809
-427.5	-247.5	0.010606
-423	-247.5	0.006512
-418.5	-247.5	0.00683
-414	-247.5	0.005159
-409.5	-247.5	0.008952
-405	-247.5	0.007894
-391.5	-247.5	0.021631
-387	-247.5	0.033497
-382.5	-247.5	0.048301
-378	-247.5	0.06141
-373.5	-247.5	0.103596
-369	-247.5	0.130246
-364.5	-247.5	0.232719
-355.5	-247.5	0.367133
-351	-247.5	0.639355
-346.5	-247.5	0.647361
-342	-247.5	0.546388
-337.5	-247.5	0.822336
-333	-247.5	0.952826
-328.5	-247.5	0.778135
-324	-247.5	0.916314
-319.5	-247.5	0.981305
-315	-247.5	0.898391
-310.5	-247.5	0.832838
-306	-247.5	0.815149
-301.5	-247.5	0.707275
-297	-247.5	0.829674
-292.5	-247.5	0.78591
-288	-247.5	0.676499
-283.5	-247.5	0.749202
-279	-247.5	0.661155
-274.5	-247.5	0.52442
-270	-247.5	0.673223
-265.5	-247.5	0.77964
-261	-247.5	0.661597
-256.5	-247.5	0.650174
-252	-247.5	0.523664
-247.5	-247.5	0.455994
-243	-247.5	0.465052
-238.5	-247.5	0.383666
-234	-247.5	0.677248
-229.5	-247.5	0.474071
-220.5	-247.5	0.754466
-216	-247.5	0.770344
-211.5	-247.5	0.603395
-207	-247.5	0.702458
-202.5	-247.5	0.797407
-193.5	-247.5	1.07822
-189	-247.5	0.995939
-184.5	-247.5	1.15831
-180	-247.5	0.973456
-175.5	-247.5	1.16358
-171	-247.5	1.37115
-166.5	-247.5	1.50856
-162	-247.5	1.72793
-157.5	-247.5	1.92709
-153	-247.5	2.00593
-148.5	-247.5	2.35457
-144	-247.5	1.72881
-139.5	-247.5	2.68153
-135	-247.5	2.32597
-130.5	-247.5	2.64989
-126	-247.5	3.73752
-121.5	-247.5	5.29658
-117	-247.5	5.93588
-112.5	-247.5	6.11871
-108	-247.5	6.18244
-103.5	-247.5	7.94206
-99	-247.5	10.1189
-94.5	-247.5	10.8474
-90	-247.5	9.28837
-85.5	-247.5	12.3175
-81	-247.5	12.6909
-76.5	-247.5	13.7035
-72	-247.5	14.6902
-67.5	-247.5	14.6668
-63	-247.5	16.8301
-58.5	-247.5	15.3599
-54	-247.5	20.4701
-49.5	-247.5	17.1974
-45	-247.5	18.4901
-40.5	-247.5	16.3988
-36	-247.5	16.5239
-31.5	-247.5	13.0376
-27	-247.5	11.9787
-22.5	-247.5	12.2501
-18	-247.5	11.0508
-13.5	-247.5	9.86237
-9	-247.5	7.87279
-4.5	-247.5	9.22318
0	-247.5	8.89849
4.5	-247.5	7.7691
9	-247.5	6.4588
13.5	-247.5	8.0196
18	-247.5	7.77216
22.5	-247.5	6.40459
27	-247.5	6.00121
31.5	-247.5	6.89272
36	-247.5	7.56581
40.5	-247.5	6.30459
45	-247.5	6.52863
49.5	-247.5	8.28111
54	-247.5	8.29722
58.5	-247.5	7.60103
63	-247.5	7.67803
67.5	-247.5	8.86656
72	-247.5	9.98043
76.5	-247.5	10.0945
81	-247.5	11.9856
85.5	-247.5	11.887
90	-247.5	14.0867
94.5	-247.5	15.5857
99	-247.5	18.1906
103.5	-247.5	17.8934
108	-247.5	21.8081
112.5	-247.5	23.1957
117	-247.5	25.9963
121.5	-247.5	25.7548
126	-247.5	27.0694
130.5	-247.5	30.2141
135	-247.5	31.225
139.5	-247.5	36.0189
144	-247.5	40.3694
148.5	-247.5	43.3463
153	-247.5	59.4831
157.5	-247.5	50.0206
162	-247.5	47.0493
166.5	-247.5	48.5752
171	-247.5	48.0112
175.5	-247.5	46.1116
180	-247.5	46.0248
184.5	-247.5	38.5136
189	-247.5	38.5127
193.5	-247.5	34.0507
198	-247.5	30.6778
202.5	-247.5	25.3197
207	-247.5	22.4058
211.5	-247.5	19.9006
216	-247.5	15.8286
220.5	-247.5	12.2616
225	-247.5	9.22497
229.5	-247.5	7.44464
234	-247.5	5.6897
238.5	-247.5	4.36183
243	-247.5	4.28914
247.5	-247.5	3.70587
252	-247.5	3.76214
256.5	-247.5	3.80368
261	-247.5	4.03873
265.5	-247.5	4.52604
274.5	-247.5	6.56036
279	-247.5	4.41144
283.5	-247.5	4.03362
288	-247.5	4.11409
292.5	-247.5	6.82066
297	-247.5	4.18207
301.5	-247.5	4.97058
306	-247.5	4.83543
310.5	-247.5	4.81945
315	-247.5	4.05839
319.5	-247.5	4.02292
324	-247.5	4.81811
328.5	-247.5	4.57012
333	-247.5	4.36468
337.5	-247.5	5.32144
342	-247.5	5.23304
346.5	-247.5	5.1841
351	-247.5	4.4172
355.5	-247.5	3.00245
360	-247.5	2.19536
364.5	-247.5	1.37137
369	-247.5	0.980828
373.5	-247.5	0.587858
378	-247.5	0.345996
382.5	-247.5	0.233744
387	-247.5	0.148194
391.5	-247.5	0.096068
396	-247.5	0.050007
400.5	-247.5	0.039618
405	-247.5	0.041503
409.5	-247.5	0.035112
414	-247.5	0.029849
418.5	-247.5	0.039054
423	-247.5	0.035886
427.5	-247.5	0.035829
432	-247.5	0.043008
436.5	-247.5	0.033607
441	-247.5	0.031112
445.5	-247.5	0.030417
-445.5	-243	0.008164
-441	-243	0.005746
-436.5	-243	0.005578
-427.5	-243	0.007593
-414	-243	0.005708
-409.5	-243	0.005319
-405	-243	0.006234
-400.5	-243	0.00632
-391.5	-243	0.021874
-387	-243	0.03029
-382.5	-243	0.040311
-378	-243	0.072857
-373.5	-243	0.097794
-369	-243	0.122572
-364.5	-243	0.205862
-360	-243	0.329223
-355.5	-243	0.508148
-351	-243	0.892967
-346.5	-243	0.814147
-342	-243	0.763386
-337.5	-243	0.80633
-333	-243	0.984136
-328.5	-243	1.03548
-324	-243	0.922021
-319.5	-243	0.721023
-315	-243	0.640895
-310.5	-243	0.695936
-297	-243	0.633448
-292.5	-243	0.916081
-288	-243	0.725568
-283.5	-243	0.576956
-279	-243	0.653701
-274.5	-243	0.799517
-270	-243	0.667299
-265.5	-243	0.652129
-261	-243	0.577032
-256.5	-243	0.674827
-252	-243	0.504634
-247.5	-243	0.368108
-243	-243	0.310274
-238.5	-243	0.341857
-225	-243	0.343127
-220.5	-243	0.502039
-193.5	-243	1.03755
-184.5	-243	1.22115
-175.5	-243	1.2493
-171	-243	1.12988
-166.5	-243	1.84562
-162	-243	1.96075
-148.5	-243	2.54123
-144	-243	3.32784
-139.5	-243	3.24245
-135	-243	3.66542
-130.5	-243	3.35848
-126	-243	5.02727
-121.5	-243	7.78789
-117	-243	9.60595
-112.5	-243	9.58699
-108	-243	11.3579
-103.5	-243	13.3233
-99	-243	18.5449
-94.5	-243	18.6992
-90	-243	17.8714
-85.5	-243	21.5052
-81	-243	21.7405
-76.5	-243	24.8976
-72	-243	26.9735
-67.5	-243	26.0504
-63	-243	29.7041
-58.5	-243	28.0684
-54	-243	31.5978
-49.5	-243	31.7256
-45	-243	31.1545
-40.5	-243	31.5523
-36	-243	30.7002
-31.5	-243	23.0258
-27	-243	23.902
-22.5	-243	20.015
-18	-243	19.67
-13.5	-243	16.399
-9	-243	13.7496
-4.5	-243	14.1872
0	-243	13.5495
4.5	-243	10.9376
9	-243	13.1038
13.5	-243	10.6236
18	-243	10.8777
22.5	-243	9.48824
27	-243	8.79942
31.5	-243	8.78714
36	-243	10.0303
40.5	-243	9.22224
45	-243	10.6865
49.5	-243	9.56695
54	-243	11.1124
58.5	-243	12.7928
63	-243	12.7564
67.5	-243	12.8088
72	-243	16.058
76.5	-243	17.9179
81	-243	17.5958
85.5	-243	19.403
90	-243	20.6944
94.5	-243	26.6183
99	-243	31.179
103.5	-243	32.7687
108	-243	36.0496
112.5	-243	38.4412
117	-243	43.1251
121.5	-243	46.543
126	-243	53.989
130.5	-243	56.533
135	-243	64.2381
139.5	-243	71.4061
144	-243	76.1787
148.5	-243	81.1002
153	-243	83.4505
157.5	-243	93.455
162	-243	94.3091
166.5	-243	96.145
171	-243	90.3086
175.5	-243	85.5195
180	-243	85.4969
184.5	-243	76.4671
189	-243	72.3084
193.5	-243	63.6382
198	-243	57.8046
202.5	-243	46.0224
207	-243	36.4953
211.5	-243	30.5688
216	-243	24.864
220.5	-243	18.3621
225	-243	14.0394
229.5	-243	10.0679
234	-243	8.18315
238.5	-243	6.75567
243	-243	5.14217
247.5	-243	3.7935
252	-243	3.48071
256.5	-243	4.09831
261	-243	4.10777
265.5	-243	4.20552
270	-243	4.70793
274.5	-243	4.62809
279	-243	4.82526
283.5	-243	4.46208
288	-243	4.02734
292.5	-243	7.24532
297	-243	4.80165
301.5	-243	4.22769
306	-243	5.44879
315	-243	5.02177
319.5	-243	5.19877
324	-243	4.70009
328.5	-243	5.03277
333	-243	5.68412
337.5	-243	4.94058
342	-243	4.81273
346.5	-243	4.99571
351	-243	4.79878
355.5	-243	3.05482
360	-243	1.96947
364.5	-243	1.40721
369	-243	0.822037
373.5	-243	0.514617
378	-243	0.353826
382.5	-243	0.264313
387	-243	0.176576
391.5	-243	0.108286
396	-243	0.054498
400.5	-243	0.051981
405	-243	0.046226
409.5	-243	0.039491
414	-243	0.037808
418.5	-243	0.036896
423	-243	0.034068
427.5	-243	0.027922
432	-243	0.038017
436.5	-243	0.040123
441	-243	0.038248
445.5	-243	0.040027
-441	-238.5	0.008162
-423	-238.5	0.006697
-418.5	-238.5	0.00528
-409.5	-238.5	0.006899
-391.5	-238.5	0.01722
-387	-238.5	0.026084
-351	-238.5	0.745733
-346.5	-238.5	0.688161
-342	-238.5	0.683976
-337.5	-238.5	0.823674
-333	-238.5	0.649383
-328.5	-238.5	0.659638
-324	-238.5	0.975756
-319.5	-238.5	1.08842
-315	-238.5	1.22605
-310.5	-238.5	0.76378
-306	-238.5	0.697401
-301.5	-238.5	0.730565
-297	-238.5	0.622137
-292.5	-238.5	0.813481
-288	-238.5	0.891555
-283.5	-238.5	0.847793
-279	-238.5	0.84309
-274.5	-238.5	0.714755
-270	-238.5	0.642239
-265.5	-238.5	0.599453
-261	-238.5	0.613731
-256.5	-238.5	0.512578
-252	-238.5	0.427384
-247.5	-238.5	0.300163
-243	-238.5	0.30761
-238.5	-238.5	0.250033
-234	-238.5	0.396949
-229.5	-238.5	0.200173
-225	-238.5	0.362988
-220.5	-238.5	0.53856
-198	-238.5	1.28352
-193.5	-238.5	1.32112
-189	-238.5	1.16957
-184.5	-238.5	1.45597
-171	-238.5	1.41427
-162	-238.5	3.48988
-153	-238.5	4.63386
-144	-238.5	4.58741
-139.5	-238.5	3.8308
-135	-238.5	4.82763
-130.5	-238.5	5.38529
-126	-238.5	7.84314
-121.5	-238.5	11.4282
-117	-238.5	14.4931
-112.5	-238.5	16.6605
-108	-238.5	17.786
-103.5	-238.5	22.3457
-99	-238.5	27.5394
-94.5	-238.5	29.2921
-90	-238.5	29.2417
-85.5	-238.5	33.9522
-81	-238.5	35.9182
-76.5	-238.5	39.6255
-72	-238.5	43.9436
-67.5	-238.5	43.2643
-63	-238.5	45.6842
-58.5	-238.5	46.8755
-54	-238.5	52.6494
-49.5	-238.5	50.4989
-45	-238.5	49.4194
-40.5	-238.5	54.8183
-36	-238.5	47.5867
-31.5	-238.5	40.5941
-27	-238.5	42.0371
-22.5	-238.5	35.6217
-18	-238.5	29.0284
-13.5	-238.5	25.7349
-9	-238.5	23.9154
-4.5	-238.5	21.0758
0	-238.5	23.3243
4.5	-238.5	17.8911
9	-238.5	20.4525
13.5	-238.5	16.0446
18	-238.5	17.1371
22.5	-238.5	13.8741
27	-238.5	14.8386
31.5	-238.5	13.8925
36	-238.5	14.4677
40.5	-238.5	15.1103
45	-238.5	14.9366
49.5	-238.5	16.5991
54	-238.5	18.3279
58.5	-238.5	20.8457
63	-238.5	18.7172
67.5	-238.5	18.9763
72	-238.5	21.4782
76.5	-238.5	24.2107
81	-238.5	29.4942
85.5	-238.5	30.731
90	-238.5	34.2099
94.5	-238.5	41.1066
99	-238.5	52.8175
103.5	-238.5	53.4155
108	-238.5	54.7335
112.5	-238.5	66.2695
117	-238.5	71.216
121.5	-238.5	75.8408
126	-238.5	85.2476
130.5	-238.5	94.0647
135	-238.5	108.766
139.5	-238.5	121.696
144	-238.5	130.496
148.5	-238.5	140.014
153	-238.5	141.205
157.5	-238.5	145.439
162	-238.5	147.152
166.5	-238.5	161.063
171	-238.5	147.532
175.5	-238.5	142.201
180	-238.5	140.919
184.5	-238.5	120.765
189	-238.5	120.004
193.5	-238.5	101.143
198	-238.5	89.2043
202.5	-238.5	73.4744
207	-238.5	58.513
211.5	-238.5	46.4535
216	-238.5	35.7869
220.5	-238.5	26.6326
225	-238.5	18.8031
229.5	-238.5	16.1462
234	-238.5	11.3569
238.5	-238.5	7.77215
243	-238.5	5.75081
247.5	-238.5	4.61906
252	-238.5	4.51482
256.5	-238.5	4.09766
261	-238.5	5.14628
265.5	-238.5	4.47883
270	-238.5	4.66462
274.5	-238.5	4.79845
279	-238.5	4.44961
283.5	-238.5	6.07117
288	-238.5	5.10861
292.5	-238.5	4.83212
297	-238.5	4.60209
301.5	-238.5	5.20129
306	-238.5	4.84857
319.5	-238.5	4.56899
324	-238.5	4.92333
328.5	-238.5	4.85672
333	-238.5	4.33777
337.5	-238.5	5.56288
346.5	-238.5	4.92058
351	-238.5	4.59511
355.5	-238.5	2.48908
360	-238.5	2.19955
364.5	-238.5	1.40045
369	-238.5	0.804011
373.5	-238.5	0.571117
378	-238.5	0.405805
382.5	-238.5	0.287593
387	-238.5	0.191195
391.5	-238.5	0.131835
396	-238.5	0.093144
400.5	-238.5	0.049065
405	-238.5	0.046781
409.5	-238.5	0.04072
414	-238.5	0.03564
418.5	-238.5	0.042622
423	-238.5	0.044657
427.5	-238.5	0.04176
432	-238.5	0.0394
436.5	-238.5	0.037181
441	-238.5	0.046819
445.5	-238.5	0.0472
-450	-234	0.006529
-445.5	-234	0.008678
-441	-234	0.010822
-427.5	-234	0.010437
-423	-234	0.008641
-418.5	-234	0.007342
-378	-234	0.06517
-373.5	-234	0.089652
-369	-234	0.166704
-364.5	-234	0.275938
-360	-234	0.253933
-355.5	-234	0.524042
-351	-234	0.595116
-346.5	-234	0.83036
-342	-234	0.731673
-337.5	-234	0.672031
-333	-234	0.704384
-328.5	-234	0.669991
-324	-234	0.694355
-319.5	-234	0.933003
-315	-234	0.82869
-306	-234	0.879927
-301.5	-234	0.807309
-297	-234	0.555737
-292.5	-234	0.901964
-288	-234	0.804105
-283.5	-234	0.861807
-279	-234	0.620198
-274.5	-234	0.605836
-270	-234	0.591797
-265.5	-234	0.521609
-261	-234	0.554226
-256.5	-234	0.619903
-252	-234	0.455257
-247.5	-234	0.277188
-243	-234	0.259666
-238.5	-234	0.311322
-225	-234	0.499736
-211.5	-234	1.29621
-202.5	-234	1.2057
-198	-234	1.85249
-189	-234	2.06447
-148.5	-234	6.62247
-144	-234	6.56327
-139.5	-234	7.01112
-135	-234	6.13035
-130.5	-234	8.93147
-126	-234	11.2282
-121.5	-234	14.9239
-117	-234	23.1361
-112.5	-234	27.4032
-108	-234	27.9029
-103.5	-234	36.4742
-99	-234	39.4341
-94.5	-234	46.9043
-90	-234	47.6526
-85.5	-234	53.4143
-81	-234	56.1896
-76.5	-234	67.1285
-72	-234	69.2701
-67.5	-234	73.2206
-63	-234	69.5321
-58.5	-234	84.09
-54	-234	82.9271
-49.5	-234	85.304
-45	-234	82.5446
-40.5	-234	85.5016
-36	-234	73.0428
-31.5	-234	70.3241
-27	-234	58.7761
-22.5	-234	51.8362
-18	-234	44.5724
-13.5	-234	42.6731
-9	-234	38.7262
-4.5	-234	32.95
0	-234	29.8594
4.5	-234	26.9973
9	-234	28.2733
13.5	-234	23.6236
18	-234	27.6872
22.5	-234	22.0209
27	-234	20.9916
31.5	-234	23.9884
36	-234	20.7588
40.5	-234	21.1249
45	-234	25.7536
49.5	-234	27.0892
54	-234	27.0681
58.5	-234	29.3565
63	-234	30.4546
67.5	-234	31.6298
72	-234	34.6551
76.5	-234	36.9512
81	-234	44.8782
85.5	-234	48.3197
90	-234	51.6669
94.5	-234	65.8312
99	-234	73.0024
103.5	-234	76.6502
108	-234	81.8614
112.5	-234	94.175
117	-234	108.356
121.5	-234	114.981
126	-234	129.908
130.5	-234	143.493
135	-234	156.689
139.5	-234	182.2
144	-234	202.604
148.5	-234	210.855
153	-234	225.863
157.5	-234	229.862
162	-234	236.61
166.5	-234	242.495
171	-234	229.76
175.5	-234	221.46
180	-234	207.615
184.5	-234	190.15
189	-234	175.583
193.5	-234	150.521
198	-234	134.733
202.5	-234	114.912
207	-234	91.1851
211.5	-234	67.5366
216	-234	52.7107
220.5	-234	36.6041
225	-234	28.2692
229.5	-234	19.7648
234	-234	15.7856
238.5	-234	9.8183
243	-234	7.74707
247.5	-234	4.8448
252	-234	5.15702
256.5	-234	4.65031
261	-234	5.09225
265.5	-234	5.74104
270	-234	5.08569
274.5	-234	4.73282
279	-234	5.92787
283.5	-234	5.61209
288	-234	5.85341
292.5	-234	5.46998
297	-234	4.93458
301.5	-234	4.92441
306	-234	5.69624
310.5	-234	5.81724
315	-234	5.29726
319.5	-234	5.67345
324	-234	5.71968
328.5	-234	4.38973
333	-234	4.48859
346.5	-234	5.93124
351	-234	4.77752
355.5	-234	3.15756
360	-234	2.0023
364.5	-234	1.31148
369	-234	0.939187
373.5	-234	0.672854
378	-234	0.468927
382.5	-234	0.339677
387	-234	0.224906
391.5	-234	0.15763
396	-234	0.07643
400.5	-234	0.043549
405	-234	0.045513
409.5	-234	0.052505
414	-234	0.05563
418.5	-234	0.053674
423	-234	0.047174
427.5	-234	0.041022
432	-234	0.037746
436.5	-234	0.062413
441	-234	0.054019
445.5	-234	0.039785
-450	-229.5	0.006518
-445.5	-229.5	0.008892
-441	-229.5	0.009186
-432	-229.5	0.013978
-427.5	-229.5	0.009304
-423	-229.5	0.009904
-387	-229.5	0.035816
-382.5	-229.5	0.0562
-378	-229.5	0.063031
-373.5	-229.5	0.094184
-369	-229.5	0.143239
-364.5	-229.5	0.242765
-360	-229.5	0.316823
-355.5	-229.5	0.466776
-351	-229.5	0.76517
-346.5	-229.5	0.947668
-342	-229.5	0.799941
-337.5	-229.5	0.809499
-333	-229.5	0.803841
-328.5	-229.5	0.785389
-324	-229.5	0.851067
-319.5	-229.5	1.0279
-315	-229.5	1.07467
-310.5	-229.5	0.770422
-306	-229.5	0.796109
-301.5	-229.5	0.890481
-297	-229.5	0.875921
-292.5	-229.5	0.940495
-288	-229.5	0.728473
-283.5	-229.5	0.932916
-279	-229.5	0.729276
-274.5	-229.5	0.687475
-270	-229.5	0.605759
-261	-229.5	0.779075
-256.5	-229.5	0.597131
-252	-229.5	0.46687
-243	-229.5	0.30833
-229.5	-229.5	0.689458
-225	-229.5	0.659076
-207	-229.5	1.83646
-189	-229.5	4.45537
-180	-229.5	4.55249
-148.5	-229.5	11.3475
-144	-229.5	7.85993
-139.5	-229.5	11.7955
-135	-229.5	10.9523
-130.5	-229.5	13.1459
-126	-229.5	18.844
-121.5	-229.5	25.4917
-117	-229.5	27.1276
-112.5	-229.5	41.1298
-108	-229.5	48.7663
-103.5	-229.5	54.5238
-99	-229.5	61.4898
-94.5	-229.5	72.247
-90	-229.5	70.4495
-85.5	-229.5	84.4828
-81	-229.5	86.0091
-76.5	-229.5	95.7871
-72	-229.5	105.707
-67.5	-229.5	121.703
-63	-229.5	116.351
-58.5	-229.5	126.154
-54	-229.5	128.391
-49.5	-229.5	144.564
-45	-229.5	129.608
-40.5	-229.5	130.174
-36	-229.5	126.007
-31.5	-229.5	114.088
-27	-229.5	90.3124
-22.5	-229.5	80.3958
-18	-229.5	76.8333
-13.5	-229.5	70.1792
-9	-229.5	56.889
-4.5	-229.5	48.8117
0	-229.5	51.5541
4.5	-229.5	40.4029
9	-229.5	46.3134
13.5	-229.5	40.2435
18	-229.5	41.0776
22.5	-229.5	33.951
27	-229.5	30.0701
31.5	-229.5	33.0138
36	-229.5	32.5217
40.5	-229.5	31.0843
45	-229.5	40.3958
49.5	-229.5	38.1255
54	-229.5	44.5573
58.5	-229.5	43.2235
63	-229.5	42.2338
67.5	-229.5	48.7578
72	-229.5	57.3599
76.5	-229.5	58.3411
81	-229.5	71.0711
85.5	-229.5	75.1003
90	-229.5	85.2753
94.5	-229.5	90.7511
99	-229.5	98.8439
103.5	-229.5	115.981
108	-229.5	121.665
112.5	-229.5	141.657
117	-229.5	153.566
121.5	-229.5	174.342
126	-229.5	189.029
130.5	-229.5	214.909
135	-229.5	244.486
139.5	-229.5	270.801
144	-229.5	290.007
148.5	-229.5	320.242
153	-229.5	335.475
157.5	-229.5	350.096
162	-229.5	368.781
166.5	-229.5	372.118
171	-229.5	362.235
175.5	-229.5	335.73
180	-229.5	324.117
184.5	-229.5	302.414
189	-229.5	270.122
193.5	-229.5	233.12
198	-229.5	189.03
202.5	-229.5	156.871
207	-229.5	124.529
211.5	-229.5	92.9373
216	-229.5	67.162
220.5	-229.5	48.9662
225	-229.5	35.1166
229.5	-229.5	25.9418
234	-229.5	17.1312
238.5	-229.5	13.1403
243	-229.5	9.31685
247.5	-229.5	20.8123
252	-229.5	5.71556
256.5	-229.5	4.68208
261	-229.5	6.0606
265.5	-229.5	5.90327
270	-229.5	5.47922
274.5	-229.5	6.09306
279	-229.5	5.45706
283.5	-229.5	6.05413
288	-229.5	5.2789
292.5	-229.5	5.35523
297	-229.5	5.5566
301.5	-229.5	5.68187
306	-229.5	5.59338
310.5	-229.5	4.96012
315	-229.5	5.52949
319.5	-229.5	4.99675
324	-229.5	5.29682
328.5	-229.5	5.67557
342	-229.5	5.51151
346.5	-229.5	5.67091
351	-229.5	4.91073
355.5	-229.5	3.73225
360	-229.5	2.26184
364.5	-229.5	1.61147
369	-229.5	1.1067
373.5	-229.5	0.70073
378	-229.5	0.517588
382.5	-229.5	0.329694
387	-229.5	0.222409
391.5	-229.5	0.131539
396	-229.5	0.076409
400.5	-229.5	0.06331
405	-229.5	0.061287
409.5	-229.5	0.065826
414	-229.5	0.055886
418.5	-229.5	0.044753
423	-229.5	0.048178
427.5	-229.5	0.057036
436.5	-229.5	0.037382
441	-229.5	0.038612
445.5	-229.5	0.043162
-450	-225	0.017262
-445.5	-225	0.008374
-441	-225	0.009278
-436.5	-225	0.008621
-432	-225	0.008221
-427.5	-225	0.010412
-423	-225	0.009806
-414	-225	0.009295
-409.5	-225	0.009645
-396	-225	0.018863
-391.5	-225	0.031942
-387	-225	0.051269
-382.5	-225	0.077354
-378	-225	0.097488
-373.5	-225	0.102249
-369	-225	0.147909
-364.5	-225	0.204018
-360	-225	0.35679
-355.5	-225	0.64887
-351	-225	0.730186
-346.5	-225	0.877411
-342	-225	0.684099
-337.5	-225	0.751913
-333	-225	0.678619
-328.5	-225	0.734998
-324	-225	0.738076
-319.5	-225	0.954823
-315	-225	0.761554
-310.5	-225	0.848062
-306	-225	0.948215
-301.5	-225	1.10265
-297	-225	0.892697
-292.5	-225	0.970694
-288	-225	0.822208
-283.5	-225	0.761407
-279	-225	0.783409
-274.5	-225	0.562729
-270	-225	0.566054
-265.5	-225	0.696318
-261	-225	0.712389
-256.5	-225	0.788609
-247.5	-225	0.408034
-234	-225	0.455204
-153	-225	15.5292
-148.5	-225	19.4798
-144	-225	11.8874
-139.5	-225	16.3189
-135	-225	25.6884
-130.5	-225	16.36
-126	-225	23.0516
-121.5	-225	39.3676
-117	-225	38.6665
-112.5	-225	58.6132
-108	-225	89.8074
-103.5	-225	76.0012
-99	-225	98.6994
-94.5	-225	116.502
-90	-225	113.361
-85.5	-225	135.64
-81	-225	145.843
-76.5	-225	140.485
-72	-225	165.862
-67.5	-225	187.915
-63	-225	172.59
-58.5	-225	195.709
-54	-225	199.619
-49.5	-225	219.41
-45	-225	201.09
-40.5	-225	191.971
-36	-225	212.034
-31.5	-225	178.106
-27	-225	153.352
-22.5	-225	127.189
-18	-225	124.976
-13.5	-225	105.284
-9	-225	88.4365
-4.5	-225	74.6962
0	-225	78.922
4.5	-225	62.9299
9	-225	66.4232
13.5	-225	62.1487
18	-225	49.9396
22.5	-225	58.5159
27	-225	51.7335
31.5	-225	45.5335
36	-225	47.7136
40.5	-225	47.8609
45	-225	53.5637
49.5	-225	54.2894
54	-225	63.0183
58.5	-225	72.7494
63	-225	68.3734
67.5	-225	68.8287
72	-225	87.0002
76.5	-225	84.0098
81	-225	101.471
85.5	-225	116.858
90	-225	129.067
94.5	-225	146.583
99	-225	149.877
103.5	-225	174.477
108	-225	188.458
112.5	-225	204.632
117	-225	234.185
121.5	-225	260.553
126	-225	284.282
130.5	-225	326.679
135	-225	374.62
139.5	-225	413.838
144	-225	447.073
148.5	-225	477.845
153	-225	473.161
157.5	-225	538.44
162	-225	553.734
166.5	-225	547.717
171	-225	537.643
175.5	-225	511.686
180	-225	492.361
184.5	-225	449.141
189	-225	388.726
193.5	-225	352.084
198	-225	287.327
202.5	-225	216.439
207	-225	163.701
211.5	-225	116.77
216	-225	82.2368
220.5	-225	61.0666
225	-225	43.093
229.5	-225	33.9021
234	-225	24.1794
238.5	-225	15.8576
243	-225	11.2689
247.5	-225	6.89188
252	-225	6.23424
256.5	-225	6.32192
261	-225	6.28882
265.5	-225	6.12873
270	-225	6.1811
274.5	-225	6.15609
279	-225	6.20211
283.5	-225	5.41287
288	-225	6.164
292.5	-225	6.78338
297	-225	6.25339
301.5	-225	6.04488
310.5	-225	6.84333
315	-225	6.06098
319.5	-225	4.62146
324	-225	4.4492
328.5	-225	5.74798
333	-225	5.64874
337.5	-225	5.45663
342	-225	5.98395
346.5	-225	6.28413
351	-225	5.59646
355.5	-225	3.27746
360	-225	2.48555
364.5	-225	1.84805
369	-225	1.26637
373.5	-225	0.797829
378	-225	0.512035
382.5	-225	0.37881
387	-225	0.243072
391.5	-225	0.165432
396	-225	0.085129
400.5	-225	0.055673
405	-225	0.053069
409.5	-225	0.047047
414	-225	0.0411
418.5	-225	0.054679
423	-225	0.065722
427.5	-225	0.058082
432	-225	0.049379
436.5	-225	0.03854
445.5	-225	0.040919
-445.5	-220.5	0.024156
-441	-220.5	0.014986
-436.5	-220.5	0.012363
-423	-220.5	0.007505
-418.5	-220.5	0.00879
-414	-220.5	0.012847
-409.5	-220.5	0.013714
-396	-220.5	0.02275
-391.5	-220.5	0.021824
-387	-220.5	0.041318
-382.5	-220.5	0.071323
-378	-220.5	0.098425
-373.5	-220.5	0.135512
-369	-220.5	0.153137
-364.5	-220.5	0.254819
-355.5	-220.5	0.655432
-351	-220.5	0.754244
-346.5	-220.5	0.792002
-342	-220.5	0.844258
-337.5	-220.5	0.953077
-333	-220.5	0.830498
-328.5	-220.5	0.912237
-324	-220.5	0.98869
-319.5	-220.5	0.723368
-315	-220.5	0.816352
-310.5	-220.5	0.900107
-306	-220.5	0.735531
-301.5	-220.5	0.685813
-292.5	-220.5	1.07287
-288	-220.5	0.925624
-283.5	-220.5	0.751217
-279	-220.5	0.739083
-274.5	-220.5	0.706126
-270	-220.5	0.551993
-265.5	-220.5	0.64059
-261	-220.5	0.747097
-256.5	-220.5	0.673824
-252	-220.5	0.56744
-234	-220.5	0.697083
-229.5	-220.5	1.31699
-144	-220.5	19.7621
-139.5	-220.5	20.1872
-135	-220.5	39.2943
-130.5	-220.5	27.0318
-126	-220.5	32.2198
-121.5	-220.5	52.4992
-117	-220.5	59.1026
-112.5	-220.5	77.7464
-108	-220.5	127.043
-103.5	-220.5	136.638
-99	-220.5	142.356
-94.5	-220.5	171.527
-90	-220.5	190.046
-85.5	-220.5	190.989
-81	-220.5	230.895
-76.5	-220.5	208.302
-72	-220.5	260.753
-67.5	-220.5	297.221
-63	-220.5	280.63
-58.5	-220.5	275.871
-54	-220.5	318.09
-49.5	-220.5	337.782
-45	-220.5	320.157
-40.5	-220.5	317.996
-36	-220.5	338.801
-31.5	-220.5	276.983
-27	-220.5	224.645
-22.5	-220.5	193.445
-18	-220.5	190.412
-13.5	-220.5	151.41
-9	-220.5	137.921
-4.5	-220.5	114.463
0	-220.5	134.774
4.5	-220.5	105.708
9	-220.5	98.0285
13.5	-220.5	77.7326
18	-220.5	77.5817
22.5	-220.5	95.1891
27	-220.5	73.6298
31.5	-220.5	70.246
36	-220.5	74.6195
40.5	-220.5	72.8411
45	-220.5	81.9037
49.5	-220.5	75.9699
54	-220.5	97.564
58.5	-220.5	113.257
63	-220.5	101.821
67.5	-220.5	106.812
72	-220.5	115.474
76.5	-220.5	135.208
81	-220.5	151.19
85.5	-220.5	179.607
90	-220.5	205.214
94.5	-220.5	220.17
99	-220.5	232.196
103.5	-220.5	258.563
108	-220.5	287.58
112.5	-220.5	304.462
117	-220.5	346.898
121.5	-220.5	377.448
126	-220.5	431.714
130.5	-220.5	498.89
135	-220.5	559.223
139.5	-220.5	621.966
144	-220.5	673.676
148.5	-220.5	712.987
153	-220.5	764.682
157.5	-220.5	791.068
162	-220.5	853.511
166.5	-220.5	817.994
171	-220.5	819.682
175.5	-220.5	802.926
180	-220.5	726.345
184.5	-220.5	699.692
189	-220.5	605.992
193.5	-220.5	493.569
198	-220.5	407.24
202.5	-220.5	298.938
207	-220.5	211.546
211.5	-220.5	156.393
216	-220.5	111.936
220.5	-220.5	75.9231
225	-220.5	58.334
229.5	-220.5	37.2892
234	-220.5	27.2096
238.5	-220.5	20.2411
243	-220.5	12.6934
247.5	-220.5	6.85858
252	-220.5	6.12244
256.5	-220.5	5.60517
261	-220.5	6.61961
265.5	-220.5	6.84072
270	-220.5	6.63539
274.5	-220.5	5.86498
279	-220.5	5.64475
283.5	-220.5	5.9619
288	-220.5	6.84607
292.5	-220.5	6.32152
297	-220.5	5.88734
301.5	-220.5	6.30825
310.5	-220.5	6.74331
315	-220.5	5.79944
319.5	-220.5	6.04395
324	-220.5	6.25478
328.5	-220.5	5.68734
333	-220.5	6.51835
337.5	-220.5	5.63025
342	-220.5	4.91345
346.5	-220.5	5.7695
351	-220.5	6.61203
355.5	-220.5	4.09485
360	-220.5	2.72016
364.5	-220.5	1.75048
369	-220.5	1.21012
373.5	-220.5	0.789396
378	-220.5	0.630891
382.5	-220.5	0.412845
387	-220.5	0.250926
391.5	-220.5	0.152223
396	-220.5	0.087261
400.5	-220.5	0.059557
405	-220.5	0.062947
409.5	-220.5	0.057506
414	-220.5	0.065831
418.5	-220.5	0.067541
423	-220.5	0.054881
427.5	-220.5	0.060378
432	-220.5	0.055028
436.5	-220.5	0.050777
441	-220.5	0.048266
445.5	-220.5	0.043019
-445.5	-216	0.013002
-432	-216	0.018938
-427.5	-216	0.017743
-423	-216	0.014352
-418.5	-216	0.008657
-414	-216	0.00745
-400.5	-216	0.015065
-396	-216	0.025299
-391.5	-216	0.027883
-387	-216	0.034144
-382.5	-216	0.059751
-378	-216	0.090207
-373.5	-216	0.127157
-369	-216	0.165831
-364.5	-216	0.262237
-360	-216	0.389664
-355.5	-216	0.708963
-351	-216	0.830878
-346.5	-216	0.895303
-342	-216	0.890726
-337.5	-216	0.931181
-333	-216	1.04605
-328.5	-216	0.83194
-324	-216	1.06904
-319.5	-216	0.891592
-315	-216	1.19097
-310.5	-216	0.962881
-306	-216	1.02833
-301.5	-216	0.746435
-297	-216	0.858641
-292.5	-216	0.803238
-288	-216	0.949193
-283.5	-216	0.86343
-279	-216	0.690497
-274.5	-216	0.739421
-270	-216	0.610874
-265.5	-216	0.600317
-261	-216	0.502937
-256.5	-216	0.686824
-252	-216	0.607441
-247.5	-216	0.398426
-243	-216	0.522047
-234	-216	1.10698
-144	-216	33.8492
-139.5	-216	30.3474
-135	-216	50.206
-130.5	-216	59.4256
-126	-216	56.1159
-121.5	-216	65.589
-117	-216	92.9235
-112.5	-216	134.995
-108	-216	183.603
-103.5	-216	250.359
-99	-216	219.69
-94.5	-216	286.281
-90	-216	315.23
-85.5	-216	296.284
-81	-216	362.967
-76.5	-216	347.061
-72	-216	412.525
-67.5	-216	435.29
-63	-216	465.775
-58.5	-216	443.616
-54	-216	504.554
-49.5	-216	493.08
-45	-216	541.857
-40.5	-216	491.04
-36	-216	546.58
-31.5	-216	464.55
-27	-216	379.482
-22.5	-216	310.184
-18	-216	269.301
-13.5	-216	234.931
-9	-216	209.519
-4.5	-216	178.926
0	-216	211.598
4.5	-216	161.416
9	-216	138.844
13.5	-216	128.04
18	-216	108.988
22.5	-216	158.394
27	-216	117.881
31.5	-216	139.833
36	-216	130.667
40.5	-216	137.371
45	-216	133.662
49.5	-216	131.091
54	-216	153.237
58.5	-216	159.962
63	-216	182.608
67.5	-216	155.753
72	-216	182.36
76.5	-216	191.613
81	-216	227.07
85.5	-216	241.258
90	-216	281.538
94.5	-216	336.23
99	-216	336.657
103.5	-216	394.08
108	-216	407.333
112.5	-216	448.499
117	-216	504.017
121.5	-216	557.362
126	-216	674.286
130.5	-216	766.964
135	-216	834.347
139.5	-216	900.398
144	-216	998.278
148.5	-216	1060.98
153	-216	1160.23
157.5	-216	1263.48
162	-216	1238.77
166.5	-216	1237.08
171	-216	1238.61
175.5	-216	1185.91
180	-216	1124.52
184.5	-216	1037.61
189	-216	889.141
193.5	-216	683.189
198	-216	513.167
202.5	-216	385.925
207	-216	280.789
211.5	-216	205.515
216	-216	151.823
220.5	-216	102.33
225	-216	69.5321
229.5	-216	46.56
234	-216	33.8231
238.5	-216	24.6456
243	-216	16.7729
247.5	-216	10.0347
252	-216	7.29732
256.5	-216	7.44633
261	-216	8.16303
265.5	-216	8.01775
270	-216	7.17502
274.5	-216	7.46781
279	-216	6.50813
283.5	-216	6.20089
288	-216	7.17559
292.5	-216	6.90236
297	-216	7.81854
301.5	-216	6.61282
306	-216	6.37769
310.5	-216	6.77197
315	-216	5.57795
319.5	-216	6.57305
324	-216	5.89908
328.5	-216	5.40673
333	-216	5.52706
337.5	-216	5.87449
342	-216	6.87361
346.5	-216	6.11365
351	-216	5.98763
355.5	-216	5.14203
360	-216	2.99581
364.5	-216	1.97573
369	-216	1.51019
373.5	-216	0.969984
378	-216	0.680726
382.5	-216	0.391878
387	-216	0.272424
391.5	-216	0.151178
396	-216	0.086605
400.5	-216	0.054671
405	-216	0.055711
409.5	-216	0.07322
414	-216	0.06549
418.5	-216	0.056444
423	-216	0.048204
427.5	-216	0.052646
432	-216	0.04405
436.5	-216	0.053896
441	-216	0.052291
445.5	-216	0.053606
-450	-211.5	0.013874
-445.5	-211.5	0.011713
-441	-211.5	0.012729
-427.5	-211.5	0.014105
-396	-211.5	0.022276
-391.5	-211.5	0.040099
-387	-211.5	0.050597
-382.5	-211.5	0.05278
-378	-211.5	0.078908
-373.5	-211.5	0.134534
-369	-211.5	0.175093
-355.5	-211.5	0.615143
-351	-211.5	0.960042
-346.5	-211.5	0.903777
-342	-211.5	0.898508
-337.5	-211.5	1.04276
-333	-211.5	1.06635
-328.5	-211.5	0.96276
-324	-211.5	1.03667
-319.5	-211.5	1.13891
-315	-211.5	0.919192
-310.5	-211.5	0.938291
-306	-211.5	1.12036
-301.5	-211.5	0.772275
-297	-211.5	0.986978
-292.5	-211.5	0.680935
-288	-211.5	0.817968
-283.5	-211.5	0.740857
-279	-211.5	0.823595
-274.5	-211.5	0.830038
-270	-211.5	0.741508
-265.5	-211.5	0.650465
-261	-211.5	0.577293
-256.5	-211.5	0.628261
-252	-211.5	0.640087
-247.5	-211.5	0.512059
-243	-211.5	0.414768
-238.5	-211.5	0.598362
-234	-211.5	1.25458
-139.5	-211.5	57.5809
-135	-211.5	68.0765
-130.5	-211.5	101.141
-126	-211.5	94.6783
-121.5	-211.5	105.017
-117	-211.5	148.362
-112.5	-211.5	202.583
-108	-211.5	228.769
-103.5	-211.5	367.998
-99	-211.5	392.445
-94.5	-211.5	424.278
-90	-211.5	454.744
-85.5	-211.5	516.762
-81	-211.5	582.394
-76.5	-211.5	614.285
-72	-211.5	594.003
-67.5	-211.5	676.169
-63	-211.5	736.627
-58.5	-211.5	658.147
-54	-211.5	712.152
-49.5	-211.5	760.289
-45	-211.5	873.559
-40.5	-211.5	767.66
-36	-211.5	859.432
-31.5	-211.5	742.737
-27	-211.5	600.792
-22.5	-211.5	472.961
-18	-211.5	394.128
-13.5	-211.5	382.914
-9	-211.5	312.399
-4.5	-211.5	311.09
0	-211.5	276.014
4.5	-211.5	216.388
9	-211.5	268.917
13.5	-211.5	231.545
18	-211.5	190.53
22.5	-211.5	226.402
27	-211.5	200.702
31.5	-211.5	196.607
36	-211.5	213.37
40.5	-211.5	207.681
45	-211.5	230.599
49.5	-211.5	254.676
54	-211.5	256
58.5	-211.5	254.901
63	-211.5	243.847
67.5	-211.5	236.82
72	-211.5	315.295
76.5	-211.5	263.55
81	-211.5	334.472
85.5	-211.5	386.435
90	-211.5	424.793
94.5	-211.5	495.118
99	-211.5	500.802
103.5	-211.5	555.247
108	-211.5	616.935
112.5	-211.5	657.01
117	-211.5	762.088
121.5	-211.5	808.369
126	-211.5	905.119
130.5	-211.5	1136.42
135	-211.5	1243.62
139.5	-211.5	1287.23
144	-211.5	1486.57
148.5	-211.5	1621.7
153	-211.5	1716.18
157.5	-211.5	1904.68
162	-211.5	1919.43
166.5	-211.5	1909.62
171	-211.5	1867.89
175.5	-211.5	1792.3
180	-211.5	1683.52
184.5	-211.5	1562.41
189	-211.5	1248.84
193.5	-211.5	955.364
198	-211.5	683.287
202.5	-211.5	512.249
207	-211.5	369.582
211.5	-211.5	250.637
216	-211.5	183.403
220.5	-211.5	126.831
225	-211.5	86.5621
229.5	-211.5	57.7305
234	-211.5	39.9016
238.5	-211.5	27.3464
243	-211.5	19.1251
247.5	-211.5	11.1308
252	-211.5	8.39146
256.5	-211.5	7.90259
261	-211.5	8.09755
265.5	-211.5	7.12866
270	-211.5	7.81653
274.5	-211.5	7.71136
279	-211.5	7.46572
283.5	-211.5	7.69855
288	-211.5	8.01358
292.5	-211.5	8.02892
297	-211.5	7.94669
301.5	-211.5	7.29506
306	-211.5	6.94983
310.5	-211.5	6.63538
315	-211.5	6.39202
319.5	-211.5	6.85433
324	-211.5	5.96239
328.5	-211.5	6.52679
333	-211.5	6.29459
337.5	-211.5	7.06918
342	-211.5	8.49874
346.5	-211.5	7.06616
351	-211.5	5.66889
355.5	-211.5	3.92505
360	-211.5	3.3109
364.5	-211.5	2.43125
369	-211.5	1.4283
373.5	-211.5	0.962133
378	-211.5	0.648188
382.5	-211.5	0.434416
387	-211.5	0.282957
391.5	-211.5	0.162744
396	-211.5	0.096786
400.5	-211.5	0.077443
405	-211.5	0.077047
409.5	-211.5	0.073752
414	-211.5	0.066967
418.5	-211.5	0.059103
423	-211.5	0.046782
427.5	-211.5	0.043623
432	-211.5	0.059176
436.5	-211.5	0.056776
441	-211.5	0.043972
445.5	-211.5	0.05107
-450	-207	0.018308
-441	-207	0.012616
-432	-207	0.009074
-423	-207	0.014423
-418.5	-207	0.012703
-414	-207	0.015234
-409.5	-207	0.014314
-400.5	-207	0.0148
-391.5	-207	0.032032
-387	-207	0.056116
-382.5	-207	0.085075
-378	-207	0.088249
-373.5	-207	0.121964
-369	-207	0.217053
-364.5	-207	0.333543
-360	-207	0.443863
-355.5	-207	0.511402
-351	-207	0.773416
-346.5	-207	0.918817
-342	-207	1.12946
-337.5	-207	4.09053
-333	-207	0.994174
-328.5	-207	1.19225
-324	-207	0.938679
-319.5	-207	1.05658
-315	-207	0.942556
-310.5	-207	0.885347
-306	-207	0.977184
-301.5	-207	0.896189
-297	-207	0.974713
-292.5	-207	0.954385
-288	-207	0.854349
-283.5	-207	0.753269
-279	-207	0.715867
-274.5	-207	0.805906
-270	-207	0.693632
-265.5	-207	0.919556
-261	-207	0.737579
-256.5	-207	0.654196
-252	-207	0.657486
-247.5	-207	0.571454
-202.5	-207	22.5289
-139.5	-207	124.181
-135	-207	132.876
-130.5	-207	154.334
-126	-207	154.799
-121.5	-207	187.354
-117	-207	237.695
-112.5	-207	266.254
-108	-207	321.789
-103.5	-207	495.479
-99	-207	763.793
-94.5	-207	677.733
-90	-207	841.428
-85.5	-207	816.487
-81	-207	864.418
-76.5	-207	935.937
-72	-207	910.636
-67.5	-207	1086.88
-63	-207	1125.34
-58.5	-207	1045.98
-54	-207	1141.06
-49.5	-207	1216.46
-45	-207	1417.59
-40.5	-207	1236.83
-36	-207	1254.1
-31.5	-207	1293.3
-27	-207	1030.03
-22.5	-207	763.547
-18	-207	632.358
-13.5	-207	634.288
-9	-207	474.087
-4.5	-207	420.397
0	-207	379.909
4.5	-207	338.463
9	-207	338.838
13.5	-207	386.067
18	-207	287.566
22.5	-207	324.687
27	-207	293.332
31.5	-207	372.887
36	-207	328.441
40.5	-207	321.332
45	-207	362.541
49.5	-207	395.332
54	-207	391.453
58.5	-207	364.488
63	-207	404.394
67.5	-207	365.631
72	-207	431.416
76.5	-207	449.674
81	-207	485.868
85.5	-207	604.5
90	-207	657.081
94.5	-207	725.355
99	-207	674.646
103.5	-207	784.065
108	-207	852.708
112.5	-207	904.322
117	-207	1060.7
121.5	-207	1181.92
126	-207	1439.24
130.5	-207	1680.67
135	-207	1787.23
139.5	-207	1896.73
144	-207	2226.61
148.5	-207	2375.41
153	-207	2599.18
157.5	-207	2807.72
162	-207	2891.14
166.5	-207	2854.69
171	-207	2787.67
175.5	-207	2773.6
180	-207	2522.73
184.5	-207	2324.46
189	-207	1690.16
193.5	-207	1274.52
198	-207	908.714
202.5	-207	647.829
207	-207	466.894
211.5	-207	313.739
216	-207	230.857
220.5	-207	151.742
225	-207	106.423
229.5	-207	78.1902
234	-207	49.9397
238.5	-207	33.8967
243	-207	21.5055
247.5	-207	12.0026
252	-207	10.0445
256.5	-207	10.2798
261	-207	9.62268
265.5	-207	8.92138
270	-207	9.80576
274.5	-207	9.7
279	-207	10.3344
288	-207	8.7686
292.5	-207	7.83595
297	-207	7.11732
301.5	-207	8.99903
306	-207	8.27924
310.5	-207	6.9635
315	-207	7.07368
319.5	-207	7.27907
324	-207	7.47073
328.5	-207	7.53057
333	-207	8.19416
337.5	-207	7.3338
346.5	-207	6.96465
351	-207	7.20751
355.5	-207	4.04734
360	-207	3.03661
364.5	-207	2.21698
369	-207	1.48904
373.5	-207	0.984029
378	-207	0.599619
382.5	-207	0.405819
387	-207	0.313939
391.5	-207	0.200378
396	-207	0.123104
400.5	-207	0.087097
405	-207	0.070911
409.5	-207	0.05605
414	-207	0.066313
418.5	-207	0.055746
423	-207	0.05712
427.5	-207	0.060485
432	-207	0.062783
436.5	-207	0.052673
441	-207	0.064017
445.5	-207	0.073808
-423	-202.5	0.011936
-418.5	-202.5	0.014204
-414	-202.5	0.013959
-409.5	-202.5	0.013177
-396	-202.5	0.036729
-391.5	-202.5	0.034238
-387	-202.5	0.044195
-382.5	-202.5	0.079805
-378	-202.5	0.148441
-373.5	-202.5	0.163264
-369	-202.5	0.238579
-360	-202.5	0.640175
-355.5	-202.5	0.568424
-351	-202.5	0.769413
-346.5	-202.5	5.74559
-342	-202.5	3.14022
-337.5	-202.5	1.09489
-333	-202.5	0.912478
-328.5	-202.5	1.07615
-324	-202.5	0.948816
-319.5	-202.5	1.13975
-315	-202.5	0.874564
-310.5	-202.5	1.10444
-306	-202.5	0.81959
-301.5	-202.5	0.689352
-297	-202.5	0.844323
-292.5	-202.5	1.12532
-288	-202.5	0.970916
-283.5	-202.5	0.960963
-279	-202.5	0.719734
-274.5	-202.5	0.783243
-270	-202.5	0.692084
-265.5	-202.5	0.788779
-261	-202.5	0.646846
-256.5	-202.5	0.700707
-252	-202.5	0.628167
-247.5	-202.5	0.56871
-198	-202.5	48.4207
-135	-202.5	213.483
-130.5	-202.5	257.126
-126	-202.5	249.977
-121.5	-202.5	279.586
-117	-202.5	316.034
-112.5	-202.5	338.332
-108	-202.5	477.365
-103.5	-202.5	613.895
-99	-202.5	1158.16
-94.5	-202.5	1177.39
-90	-202.5	1282.63
-85.5	-202.5	1246.45
-81	-202.5	1345.24
-76.5	-202.5	1422.41
-72	-202.5	1481.47
-67.5	-202.5	1617.81
-63	-202.5	1751.53
-58.5	-202.5	1863.4
-54	-202.5	1802.07
-49.5	-202.5	1964.59
-45	-202.5	2135.5
-40.5	-202.5	2122.08
-36	-202.5	2010.56
-31.5	-202.5	2023.7
-27	-202.5	1759.98
-22.5	-202.5	1236.54
-18	-202.5	928.837
-13.5	-202.5	913.512
-9	-202.5	798.581
-4.5	-202.5	732.878
0	-202.5	618.904
4.5	-202.5	524.721
9	-202.5	549.502
13.5	-202.5	663.852
18	-202.5	441.139
22.5	-202.5	552.138
27	-202.5	545.677
31.5	-202.5	506.44
36	-202.5	544.57
40.5	-202.5	505.14
45	-202.5	581.409
54	-202.5	634.104
58.5	-202.5	572.837
63	-202.5	594.708
67.5	-202.5	536.757
72	-202.5	651.803
76.5	-202.5	653.434
81	-202.5	851.022
85.5	-202.5	920.046
90	-202.5	1120.15
94.5	-202.5	1097.68
99	-202.5	1137.35
103.5	-202.5	1221.64
108	-202.5	1312.67
112.5	-202.5	1340.64
117	-202.5	1556.18
121.5	-202.5	1893.54
126	-202.5	2144.78
130.5	-202.5	2524.1
135	-202.5	2638.4
139.5	-202.5	2906.78
144	-202.5	3250.03
148.5	-202.5	3462.89
153	-202.5	3928.72
157.5	-202.5	4221.82
162	-202.5	4311.67
166.5	-202.5	4321.52
171	-202.5	4528.65
175.5	-202.5	4354.31
180	-202.5	3913.97
184.5	-202.5	3068.45
189	-202.5	2181.22
193.5	-202.5	1643.2
198	-202.5	1149.37
202.5	-202.5	830.887
207	-202.5	580.388
211.5	-202.5	405.566
216	-202.5	267.449
220.5	-202.5	176.504
225	-202.5	125.432
229.5	-202.5	81.7601
234	-202.5	58.4779
238.5	-202.5	40.2906
243	-202.5	25.3952
247.5	-202.5	12.7649
252	-202.5	10.7364
256.5	-202.5	11.1984
261	-202.5	11.8782
265.5	-202.5	9.49695
270	-202.5	9.25506
274.5	-202.5	8.83101
279	-202.5	10.2187
288	-202.5	9.78186
292.5	-202.5	8.68649
297	-202.5	9.35612
301.5	-202.5	9.16768
306	-202.5	7.49705
310.5	-202.5	8.49493
315	-202.5	8.61007
319.5	-202.5	8.13377
324	-202.5	8.36312
328.5	-202.5	7.74133
333	-202.5	8.06866
337.5	-202.5	7.49074
342	-202.5	7.47728
346.5	-202.5	7.36306
351	-202.5	6.27164
355.5	-202.5	4.85737
360	-202.5	3.2907
364.5	-202.5	2.32743
369	-202.5	1.4835
373.5	-202.5	0.949933
378	-202.5	0.685483
382.5	-202.5	0.471176
387	-202.5	0.329222
391.5	-202.5	0.225163
396	-202.5	0.102988
400.5	-202.5	0.073234
405	-202.5	0.078087
409.5	-202.5	0.076956
414	-202.5	0.074455
418.5	-202.5	0.064466
423	-202.5	0.068679
427.5	-202.5	0.065588
432	-202.5	0.063091
436.5	-202.5	0.055599
441	-202.5	0.044205
445.5	-202.5	0.055557
-441	-198	0.024352
-436.5	-198	0.025308
-432	-198	0.012756
-427.5	-198	0.013472
-423	-198	0.012804
-418.5	-198	0.012953
-400.5	-198	0.02408
-396	-198	0.025231
-391.5	-198	0.045684
-387	-198	0.060885
-382.5	-198	0.084164
-378	-198	0.132263
-369	-198	0.326043
-364.5	-198	0.354872
-360	-198	0.541331
-355.5	-198	0.713856
-351	-198	0.840874
-346.5	-198	2.55316
-342	-198	1.26553
-337.5	-198	0.851928
-333	-198	0.881198
-328.5	-198	1.16285
-324	-198	0.975729
-319.5	-198	1.07364
-315	-198	1.06108
-310.5	-198	0.94308
-306	-198	0.861596
-301.5	-198	0.969173
-297	-198	0.998021
-292.5	-198	0.85103
-288	-198	0.938237
-283.5	-198	1.1538
-279	-198	0.803558
-274.5	-198	0.816887
-270	-198	0.866183
-265.5	-198	0.716177
-261	-198	0.745981
-256.5	-198	0.737119
-252	-198	0.735943
-247.5	-198	0.766383
-234	-198	1.8599
-193.5	-198	93.1958
-139.5	-198	340.176
-135	-198	471.864
-130.5	-198	381.869
-126	-198	405.611
-121.5	-198	489.73
-117	-198	530.009
-112.5	-198	635.906
-108	-198	594.696
-103.5	-198	927.007
-99	-198	1606.07
-94.5	-198	2207.13
-90	-198	1581.82
-85.5	-198	2203.67
-81	-198	2104.24
-76.5	-198	2167.87
-72	-198	2453.93
-67.5	-198	2445.23
-63	-198	2636.91
-58.5	-198	3028.28
-54	-198	2572.1
-49.5	-198	2919.87
-45	-198	3153.38
-40.5	-198	3609.98
-36	-198	3088.37
-31.5	-198	3443.09
-27	-198	3153.72
-22.5	-198	2004.93
-18	-198	1487.3
-13.5	-198	1408.42
-9	-198	1372.56
-4.5	-198	1120.43
0	-198	995.924
4.5	-198	779.03
9	-198	836.628
13.5	-198	967.212
18	-198	631.847
22.5	-198	832.716
27	-198	1030.56
31.5	-198	887.998
36	-198	964.006
40.5	-198	976.681
45	-198	853.298
54	-198	992.456
58.5	-198	894.811
63	-198	1011.82
67.5	-198	971.131
72	-198	1092.11
76.5	-198	1125.53
81	-198	1319.16
85.5	-198	1331.38
90	-198	1482.08
94.5	-198	1915.04
99	-198	1834.87
103.5	-198	1939.11
108	-198	2104.06
112.5	-198	2198.86
117	-198	2355.8
121.5	-198	2836.93
126	-198	3273.39
130.5	-198	3938.85
135	-198	3903.68
139.5	-198	4337.4
144	-198	4941.6
148.5	-198	5165.1
153	-198	5757.49
157.5	-198	6086.27
162	-198	6597.38
166.5	-198	6666.55
171	-198	7163.26
175.5	-198	6545.58
180	-198	5348.53
184.5	-198	4044.12
189	-198	2942.6
193.5	-198	2022.76
198	-198	1542.89
202.5	-198	1056.09
207	-198	673.538
211.5	-198	456.35
216	-198	329.508
220.5	-198	209.744
225	-198	143.94
229.5	-198	102.068
234	-198	66.5249
238.5	-198	44.2877
243	-198	30.3454
247.5	-198	16.1558
252	-198	13.4302
256.5	-198	12.2621
261	-198	11.627
265.5	-198	11.111
274.5	-198	11.1659
279	-198	10.7588
283.5	-198	9.65825
288	-198	9.9946
292.5	-198	10.028
297	-198	9.04917
301.5	-198	9.39681
306	-198	8.27186
310.5	-198	8.95627
315	-198	8.97593
319.5	-198	8.34345
324	-198	8.90658
328.5	-198	7.71939
333	-198	8.06611
337.5	-198	7.85172
342	-198	8.0633
346.5	-198	7.4397
351	-198	7.04227
355.5	-198	4.44086
360	-198	3.33281
364.5	-198	2.33511
369	-198	1.5189
373.5	-198	1.04194
378	-198	0.74776
382.5	-198	0.549359
387	-198	0.359334
391.5	-198	0.208719
396	-198	0.110299
400.5	-198	0.074959
405	-198	0.085212
409.5	-198	0.065471
414	-198	0.061179
418.5	-198	0.092685
423	-198	0.103646
427.5	-198	0.083015
432	-198	0.068468
436.5	-198	0.049807
441	-198	0.055282
445.5	-198	0.05587
-450	-193.5	0.02258
-427.5	-193.5	0.024878
-405	-193.5	0.011016
-400.5	-193.5	0.019616
-396	-193.5	0.035987
-391.5	-193.5	0.03506
-387	-193.5	0.046401
-382.5	-193.5	0.075211
-378	-193.5	0.103908
-373.5	-193.5	0.188735
-369	-193.5	0.285488
-364.5	-193.5	0.495288
-360	-193.5	0.664822
-355.5	-193.5	0.606978
-351	-193.5	0.866019
-346.5	-193.5	1.00273
-342	-193.5	0.98713
-337.5	-193.5	1.09842
-333	-193.5	1.09047
-328.5	-193.5	0.877082
-324	-193.5	1.02681
-319.5	-193.5	1.13664
-315	-193.5	0.872803
-310.5	-193.5	0.962021
-306	-193.5	0.845247
-301.5	-193.5	1.09121
-297	-193.5	0.89248
-292.5	-193.5	0.895331
-288	-193.5	0.938083
-283.5	-193.5	0.952663
-279	-193.5	0.818832
-274.5	-193.5	0.850561
-270	-193.5	1.01619
-265.5	-193.5	0.953405
-261	-193.5	0.999878
-256.5	-193.5	0.701546
-252	-193.5	0.927731
-247.5	-193.5	0.813752
-243	-193.5	0.886975
-135	-193.5	670.097
-130.5	-193.5	953.835
-126	-193.5	947.688
-121.5	-193.5	789.002
-117	-193.5	901.421
-112.5	-193.5	890.373
-108	-193.5	1202.23
-103.5	-193.5	1231.06
-99	-193.5	1786.98
-94.5	-193.5	3017.65
-90	-193.5	2886.47
-85.5	-193.5	3410.98
-81	-193.5	3575.02
-76.5	-193.5	3268.7
-72	-193.5	3688.12
-67.5	-193.5	3525.28
-63	-193.5	4515.54
-58.5	-193.5	4557.58
-54	-193.5	4063.65
-49.5	-193.5	4509.03
-45	-193.5	5024.82
-40.5	-193.5	5531.89
-36	-193.5	5384.84
-31.5	-193.5	5429.26
-27	-193.5	5231.07
-22.5	-193.5	2835.92
-18	-193.5	2572.39
-13.5	-193.5	2089.59
-9	-193.5	2455.54
-4.5	-193.5	1728.84
0	-193.5	1559.86
4.5	-193.5	1464.59
9	-193.5	1430.47
13.5	-193.5	1229.88
18	-193.5	1096.7
22.5	-193.5	1698.99
27	-193.5	1328.39
31.5	-193.5	1561.11
40.5	-193.5	1682.91
45	-193.5	1581.34
54	-193.5	1608.38
58.5	-193.5	1593.9
63	-193.5	1679.65
67.5	-193.5	1973.34
72	-193.5	1803.3
76.5	-193.5	1708.78
81	-193.5	2132.86
85.5	-193.5	2689.51
90	-193.5	2557.54
94.5	-193.5	3020.42
99	-193.5	2740.94
103.5	-193.5	3146.45
108	-193.5	2860.42
112.5	-193.5	3574.14
117	-193.5	3566.85
121.5	-193.5	4425.61
126	-193.5	4905.52
130.5	-193.5	5480.96
135	-193.5	5496.23
139.5	-193.5	6370.25
144	-193.5	7010.34
148.5	-193.5	7793.94
153	-193.5	8620.88
157.5	-193.5	9623.88
162	-193.5	9974.21
166.5	-193.5	10843.9
171	-193.5	10825.7
175.5	-193.5	9543.47
180	-193.5	7038.8
184.5	-193.5	5161.65
189	-193.5	3635.96
193.5	-193.5	2608.93
198	-193.5	1806.76
202.5	-193.5	1216.54
207	-193.5	799.708
211.5	-193.5	525.963
216	-193.5	370.608
220.5	-193.5	251.86
225	-193.5	169.763
229.5	-193.5	112.014
234	-193.5	75.2976
238.5	-193.5	51.8433
243	-193.5	31.1727
247.5	-193.5	15.643
252	-193.5	14.1727
256.5	-193.5	13.6871
261	-193.5	13.3792
265.5	-193.5	12.849
270	-193.5	11.4921
279	-193.5	11.1049
283.5	-193.5	10.7091
288	-193.5	9.32558
292.5	-193.5	8.85945
297	-193.5	8.8613
301.5	-193.5	10.3342
306	-193.5	9.57349
310.5	-193.5	8.65918
315	-193.5	8.14738
319.5	-193.5	9.38412
324	-193.5	8.38049
328.5	-193.5	6.80559
333	-193.5	7.07712
337.5	-193.5	7.29248
342	-193.5	6.91029
346.5	-193.5	7.67506
351	-193.5	7.02648
355.5	-193.5	4.21099
360	-193.5	3.2568
364.5	-193.5	2.41156
369	-193.5	1.72824
373.5	-193.5	2.11051
378	-193.5	0.903193
382.5	-193.5	0.569651
387	-193.5	0.35549
391.5	-193.5	0.207312
396	-193.5	0.127806
400.5	-193.5	0.077194
405	-193.5	0.076385
409.5	-193.5	0.085123
414	-193.5	0.113416
418.5	-193.5	0.107132
423	-193.5	0.067296
427.5	-193.5	0.059945
432	-193.5	0.068039
436.5	-193.5	0.066257
441	-193.5	0.051623
445.5	-193.5	0.062831
-432	-189	0.023982
-418.5	-189	0.028102
-396	-189	0.032225
-391.5	-189	0.045003
-387	-189	0.049032
-382.5	-189	0.063147
-378	-189	0.095397
-373.5	-189	0.142703
-369	-189	0.175216
-360	-189	0.587605
-355.5	-189	0.788202
-351	-189	1.07747
-346.5	-189	1.06911
-337.5	-189	1.05578
-333	-189	0.762464
-328.5	-189	0.910203
-324	-189	0.940367
-319.5	-189	0.7913
-315	-189	0.92164
-310.5	-189	0.975614
-306	-189	0.861466
-301.5	-189	1.05314
-297	-189	1.17284
-292.5	-189	4.93616
-288	-189	1.04684
-274.5	-189	0.970333
-270	-189	1.07369
-265.5	-189	1.04843
-261	-189	0.867398
-256.5	-189	0.999688
-252	-189	0.807064
-247.5	-189	0.839064
-243	-189	1.3701
-238.5	-189	1.49272
-130.5	-189	1971.85
-126	-189	1762.25
-121.5	-189	1881.57
-117	-189	1796.89
-112.5	-189	1648.31
-108	-189	1818.33
-103.5	-189	2096.2
-99	-189	2357.3
-94.5	-189	3586.45
-90	-189	5973.58
-85.5	-189	4913.68
-81	-189	6456.26
-76.5	-189	5789.16
-72	-189	6644.05
-67.5	-189	6039.16
-63	-189	6827.29
-58.5	-189	7469.61
-54	-189	7130.37
-49.5	-189	6487.91
-45	-189	8833.73
-40.5	-189	8968.27
-36	-189	8727.41
-31.5	-189	8605
-27	-189	8332.29
-22.5	-189	5422.39
-18	-189	4268.75
-13.5	-189	3953.9
-9	-189	3734.34
-4.5	-189	2633.61
0	-189	2725.37
4.5	-189	2608.26
9	-189	2642.9
13.5	-189	2398.5
18	-189	2803.15
22.5	-189	2419.51
27	-189	2583.16
31.5	-189	2586.12
40.5	-189	3113.21
45	-189	3054.54
58.5	-189	3015.85
63	-189	3642.8
67.5	-189	3313.9
72	-189	2892.28
76.5	-189	2803.43
81	-189	3684.45
85.5	-189	4792.39
90	-189	4257.87
94.5	-189	5038.39
99	-189	4435.57
103.5	-189	5385.73
108	-189	4624.88
112.5	-189	5012.83
117	-189	5590.57
121.5	-189	7453.78
126	-189	7757.48
130.5	-189	7150.83
135	-189	7901.6
139.5	-189	10035.2
144	-189	10404.9
148.5	-189	11339.9
153	-189	12588.5
157.5	-189	14557.2
162	-189	15972.4
166.5	-189	17063.3
171	-189	16172.3
175.5	-189	12748
180	-189	9144.28
184.5	-189	6135.3
189	-189	4568.99
193.5	-189	3112.78
198	-189	2061.06
202.5	-189	1399.84
207	-189	922.14
211.5	-189	589.303
216	-189	407.754
220.5	-189	284.122
225	-189	188.302
229.5	-189	124.144
234	-189	88.1085
238.5	-189	55.3734
243	-189	36.9358
247.5	-189	20.3293
252	-189	14.759
256.5	-189	14.6041
261	-189	12.7693
265.5	-189	11.8119
270	-189	11.8801
274.5	-189	10.5426
279	-189	9.58238
283.5	-189	9.53193
288	-189	8.67273
292.5	-189	9.28283
297	-189	9.45944
301.5	-189	9.24635
306	-189	7.66119
310.5	-189	9.103
315	-189	8.46933
319.5	-189	7.87894
324	-189	7.55951
328.5	-189	7.19795
333	-189	7.69531
337.5	-189	8.18862
342	-189	8.11378
346.5	-189	8.40219
351	-189	7.69092
355.5	-189	5.33808
360	-189	3.9229
364.5	-189	2.70934
369	-189	1.92485
373.5	-189	1.28575
378	-189	0.813006
382.5	-189	0.53945
387	-189	0.389128
391.5	-189	0.239179
396	-189	0.129786
400.5	-189	0.080528
405	-189	0.081306
409.5	-189	0.090251
414	-189	0.086028
418.5	-189	0.078865
423	-189	0.088104
427.5	-189	0.086006
432	-189	0.08382
436.5	-189	0.070369
441	-189	0.071585
445.5	-189	0.054284
-432	-184.5	0.029945
-391.5	-184.5	0.048234
-387	-184.5	0.072262
-382.5	-184.5	0.088616
-378	-184.5	0.124829
-373.5	-184.5	0.176905
-369	-184.5	0.253213
-364.5	-184.5	0.341367
-360	-184.5	0.44567
-355.5	-184.5	0.687316
-351	-184.5	1.16588
-346.5	-184.5	1.11085
-342	-184.5	3.01741
-337.5	-184.5	1.86849
-333	-184.5	1.19965
-328.5	-184.5	1.35769
-324	-184.5	1.37594
-319.5	-184.5	1.08695
-315	-184.5	1.06342
-306	-184.5	1.24522
-301.5	-184.5	0.989727
-297	-184.5	0.949093
-292.5	-184.5	1.02927
-288	-184.5	1.23583
-283.5	-184.5	0.945946
-279	-184.5	0.98167
-274.5	-184.5	1.23768
-270	-184.5	1.10495
-265.5	-184.5	0.91838
-256.5	-184.5	1.04272
-252	-184.5	0.868215
-243	-184.5	1.27971
-238.5	-184.5	2.40162
-184.5	-184.5	694.785
-121.5	-184.5	3689.75
-117	-184.5	3545.08
-112.5	-184.5	3311.48
-108	-184.5	2442.29
-103.5	-184.5	3586.26
-99	-184.5	3971.78
-94.5	-184.5	4936.67
-90	-184.5	8765.77
-85.5	-184.5	7223.82
-81	-184.5	9051.49
-76.5	-184.5	8956.64
-72	-184.5	8428.18
-67.5	-184.5	9418.26
-63	-184.5	9011.84
-58.5	-184.5	11336.3
-54	-184.5	11410.4
-49.5	-184.5	9254.15
-45	-184.5	13639.8
-40.5	-184.5	13607.2
-36	-184.5	12676.6
-31.5	-184.5	13316.7
-27	-184.5	12451.3
-22.5	-184.5	9432.3
-18	-184.5	6733.04
-13.5	-184.5	5412.2
-9	-184.5	4911.93
-4.5	-184.5	4519.1
0	-184.5	3928.66
4.5	-184.5	4648.11
9	-184.5	4786.89
13.5	-184.5	4341.15
18	-184.5	5128.85
22.5	-184.5	4448.45
27	-184.5	3352.57
31.5	-184.5	4319.82
40.5	-184.5	4876.66
45	-184.5	4398.93
58.5	-184.5	6244.18
63	-184.5	5555.72
67.5	-184.5	5251.14
72	-184.5	5352.74
76.5	-184.5	6201.23
81	-184.5	6309.41
85.5	-184.5	6897.02
90	-184.5	6953.37
99	-184.5	6447.86
103.5	-184.5	7574.58
108	-184.5	7619.1
112.5	-184.5	8400.2
117	-184.5	9456.45
121.5	-184.5	11067.8
126	-184.5	10438.9
130.5	-184.5	11556.7
135	-184.5	12068.9
139.5	-184.5	14688.8
144	-184.5	14733.2
148.5	-184.5	16695.4
153	-184.5	17414
157.5	-184.5	19768
162	-184.5	23196.7
166.5	-184.5	25398.3
171	-184.5	21229.3
175.5	-184.5	14714.3
180	-184.5	9980.1
184.5	-184.5	6633.55
189	-184.5	5228.79
193.5	-184.5	3489.23
198	-184.5	2328.52
202.5	-184.5	1585.07
207	-184.5	1058.39
211.5	-184.5	684.202
216	-184.5	466.824
220.5	-184.5	316.035
225	-184.5	214.805
229.5	-184.5	142.093
234	-184.5	95.363
238.5	-184.5	60.6478
243	-184.5	41.789
247.5	-184.5	22.3039
252	-184.5	16.7736
256.5	-184.5	15.1947
261	-184.5	14.5857
265.5	-184.5	13.8552
270	-184.5	12.9269
274.5	-184.5	12.9166
279	-184.5	11.4549
283.5	-184.5	11.5196
288	-184.5	11.578
292.5	-184.5	8.91359
297	-184.5	8.65924
301.5	-184.5	7.91546
306	-184.5	15.5483
310.5	-184.5	8.11611
315	-184.5	6.46656
319.5	-184.5	8.42693
324	-184.5	8.55314
328.5	-184.5	8.77385
333	-184.5	8.28776
337.5	-184.5	8.13124
342	-184.5	8.06469
346.5	-184.5	8.05144
351	-184.5	7.54447
355.5	-184.5	5.48739
360	-184.5	4.09453
364.5	-184.5	3.18162
369	-184.5	2.13357
373.5	-184.5	1.2934
378	-184.5	0.965945
382.5	-184.5	0.609091
387	-184.5	0.367986
391.5	-184.5	0.255261
396	-184.5	0.141682
400.5	-184.5	0.097977
405	-184.5	0.087281
409.5	-184.5	0.091607
414	-184.5	0.093721
418.5	-184.5	0.106979
423	-184.5	0.078624
427.5	-184.5	0.070697
432	-184.5	0.080558
436.5	-184.5	0.086159
441	-184.5	0.064703
445.5	-184.5	0.059646
-441	-180	0.021294
-396	-180	0.035235
-391.5	-180	0.044257
-387	-180	0.069145
-382.5	-180	0.111574
-378	-180	0.177303
-373.5	-180	0.230506
-369	-180	0.250367
-364.5	-180	0.363334
-360	-180	0.541397
-355.5	-180	0.60139
-351	-180	1.01261
-346.5	-180	1.23779
-342	-180	1.12328
-337.5	-180	1.18687
-333	-180	1.2561
-328.5	-180	1.21717
-324	-180	1.29964
-319.5	-180	1.26599
-315	-180	1.05616
-310.5	-180	1.0978
-306	-180	1.24186
-301.5	-180	1.38827
-297	-180	1.1705
-292.5	-180	1.06012
-288	-180	1.00962
-283.5	-180	0.939274
-279	-180	1.23201
-274.5	-180	1.08753
-270	-180	0.915879
-265.5	-180	1.01902
-261	-180	0.873885
-256.5	-180	1.06771
-252	-180	0.868874
-243	-180	1.40114
-238.5	-180	1.8369
-184.5	-180	860.34
-117	-180	3871.91
-112.5	-180	4029.74
-108	-180	4249.62
-103.5	-180	4225.59
-99	-180	4691.4
-94.5	-180	6402.65
-90	-180	9143.33
-85.5	-180	12184.2
-81	-180	12195.5
-76.5	-180	14080.4
-72	-180	13886.6
-67.5	-180	12964.6
-63	-180	14086
-58.5	-180	16078.5
-54	-180	16379.1
-49.5	-180	15321.1
-45	-180	19043.8
-40.5	-180	20000.5
-36	-180	19476.7
-31.5	-180	18735.5
-27	-180	18494.2
-22.5	-180	17992.4
-18	-180	10090.4
-13.5	-180	8511.79
-9	-180	7491.01
-4.5	-180	6270.89
0	-180	5744.64
4.5	-180	6457.03
9	-180	6827.62
13.5	-180	5865.56
18	-180	5618.69
22.5	-180	6008.18
27	-180	5258.05
40.5	-180	6637.73
45	-180	5858.77
58.5	-180	8293.48
63	-180	7993.12
67.5	-180	8611.72
72	-180	7748
76.5	-180	8558.89
81	-180	8519.88
85.5	-180	10983.6
94.5	-180	10531.6
99	-180	9336.64
103.5	-180	10863.3
108	-180	11235.2
112.5	-180	11879.5
117	-180	14725.9
121.5	-180	16003.9
126	-180	15277.6
130.5	-180	16795.4
135	-180	19115.2
139.5	-180	21896
144	-180	22742.8
148.5	-180	25593.8
153	-180	27171.9
157.5	-180	35679.3
162	-180	43308.4
166.5	-180	39238.7
171	-180	28692.1
175.5	-180	17171.5
180	-180	11488.8
184.5	-180	8063.01
189	-180	5713.89
193.5	-180	4086.91
198	-180	2662.35
202.5	-180	1747.7
207	-180	1158.57
211.5	-180	726.204
216	-180	494.949
220.5	-180	346.991
225	-180	237.564
229.5	-180	153.293
234	-180	110.028
238.5	-180	73.4741
243	-180	41.5391
247.5	-180	24.0088
252	-180	17.1939
256.5	-180	18.3453
261	-180	16.597
265.5	-180	13.8544
270	-180	14.7063
274.5	-180	12.5014
279	-180	11.7838
283.5	-180	9.50296
288	-180	10.5054
292.5	-180	10.0317
297	-180	9.32892
301.5	-180	8.56726
306	-180	17.8526
310.5	-180	9.53642
315	-180	9.17006
319.5	-180	9.55979
324	-180	8.0254
328.5	-180	9.22485
333	-180	7.96297
337.5	-180	8.10317
342	-180	8.24494
346.5	-180	9.01727
351	-180	8.54464
355.5	-180	6.87925
360	-180	4.0249
364.5	-180	2.8589
369	-180	1.94101
373.5	-180	1.24104
378	-180	0.897603
382.5	-180	0.610009
387	-180	0.397273
391.5	-180	0.241137
396	-180	0.133781
400.5	-180	0.091257
405	-180	0.09406
409.5	-180	0.081928
414	-180	0.088846
418.5	-180	0.07692
423	-180	0.076001
427.5	-180	0.074176
432	-180	0.065697
436.5	-180	0.064829
441	-180	0.063003
445.5	-180	0.067028
-450	-175.5	0.022054
-445.5	-175.5	0.017652
-409.5	-175.5	0.032443
-405	-175.5	0.039834
-396	-175.5	0.07617
-391.5	-175.5	0.091732
-387	-175.5	0.088473
-382.5	-175.5	0.09798
-378	-175.5	0.12627
-373.5	-175.5	0.195816
-369	-175.5	0.257214
-364.5	-175.5	0.408595
-360	-175.5	0.654457
-351	-175.5	1.32951
-346.5	-175.5	1.0279
-342	-175.5	1.12191
-337.5	-175.5	1.22787
-333	-175.5	1.28149
-328.5	-175.5	1.39264
-324	-175.5	1.24355
-319.5	-175.5	1.2293
-315	-175.5	1.26324
-310.5	-175.5	1.16823
-301.5	-175.5	1.10094
-297	-175.5	1.05723
-292.5	-175.5	1.16026
-288	-175.5	1.15271
-283.5	-175.5	1.12466
-279	-175.5	1.08121
-274.5	-175.5	1.0086
-270	-175.5	1.01001
-265.5	-175.5	0.959503
-261	-175.5	1.01741
-256.5	-175.5	1.00946
-252	-175.5	0.934394
-247.5	-175.5	0.905889
-117	-175.5	5368.37
-108	-175.5	6283.02
-103.5	-175.5	5369.96
-90	-175.5	10401.3
-85.5	-175.5	16743.1
-81	-175.5	18534.9
-76.5	-175.5	22232.5
-72	-175.5	22987.3
-67.5	-175.5	20548
-63	-175.5	22985.2
-58.5	-175.5	25334.4
-54	-175.5	25957.2
-49.5	-175.5	25736.6
-45	-175.5	25968.6
-40.5	-175.5	35382.5
-36	-175.5	30704.6
-31.5	-175.5	29983.4
-27	-175.5	29745.6
-22.5	-175.5	28617.3
-18	-175.5	16840.9
-13.5	-175.5	12083.5
-9	-175.5	11075.7
-4.5	-175.5	8634.91
0	-175.5	8441.92
4.5	-175.5	9431.86
13.5	-175.5	8427.15
22.5	-175.5	7591.35
27	-175.5	8245.7
40.5	-175.5	10261.8
45	-175.5	8410.93
58.5	-175.5	9933.23
63	-175.5	9315.81
67.5	-175.5	11511.5
72	-175.5	11940.3
76.5	-175.5	11390.6
81	-175.5	12838.6
85.5	-175.5	14686.4
94.5	-175.5	15106.5
99	-175.5	15138.8
103.5	-175.5	15992
108	-175.5	15940
112.5	-175.5	18777.5
117	-175.5	21350.4
121.5	-175.5	22325.3
126	-175.5	21833.7
130.5	-175.5	25775.8
135	-175.5	31331.2
139.5	-175.5	35738.1
144	-175.5	36924.2
148.5	-175.5	41679.4
153	-175.5	49418.1
157.5	-175.5	66151.8
162	-175.5	70120.4
166.5	-175.5	56545.1
171	-175.5	36571.7
175.5	-175.5	20340.8
180	-175.5	13915
184.5	-175.5	9191.94
189	-175.5	6922.81
193.5	-175.5	4234.99
198	-175.5	2914
202.5	-175.5	1939.22
207	-175.5	1315.78
211.5	-175.5	884.08
216	-175.5	559.926
220.5	-175.5	383.613
225	-175.5	256.236
229.5	-175.5	172.204
234	-175.5	120.478
238.5	-175.5	76.8557
243	-175.5	48.542
247.5	-175.5	26.5903
252	-175.5	21.418
256.5	-175.5	18.8187
261	-175.5	17.1509
265.5	-175.5	15.0403
270	-175.5	14.1814
274.5	-175.5	13.3238
279	-175.5	12.7383
283.5	-175.5	11.8641
288	-175.5	11.2034
297	-175.5	10.1424
301.5	-175.5	10.3478
306	-175.5	10.1205
310.5	-175.5	10.1994
315	-175.5	9.065
319.5	-175.5	9.42984
324	-175.5	8.34938
328.5	-175.5	10.1573
333	-175.5	9.04383
337.5	-175.5	8.45997
342	-175.5	9.62359
346.5	-175.5	10.5712
351	-175.5	9.93322
355.5	-175.5	6.18604
360	-175.5	4.18262
364.5	-175.5	2.69748
369	-175.5	1.86469
373.5	-175.5	1.29527
378	-175.5	0.851785
382.5	-175.5	0.619425
387	-175.5	0.408028
391.5	-175.5	0.246444
396	-175.5	0.140048
400.5	-175.5	0.090545
405	-175.5	0.093666
409.5	-175.5	0.106471
414	-175.5	0.106099
418.5	-175.5	0.097166
423	-175.5	0.075098
427.5	-175.5	0.065089
432	-175.5	0.058349
436.5	-175.5	0.060847
441	-175.5	0.057222
445.5	-175.5	0.062529
-441	-171	0.022466
-432	-171	0.01452
-414	-171	0.026149
-400.5	-171	0.036066
-396	-171	0.047551
-387	-171	0.162929
-382.5	-171	0.153314
-378	-171	0.144364
-373.5	-171	0.181985
-369	-171	0.282303
-364.5	-171	0.396191
-360	-171	0.555336
-355.5	-171	0.70547
-351	-171	1.10941
-346.5	-171	1.16269
-342	-171	0.999531
-337.5	-171	1.45153
-333	-171	1.08896
-328.5	-171	1.18572
-324	-171	1.39088
-319.5	-171	1.50613
-315	-171	1.7927
-310.5	-171	1.18295
-306	-171	1.18806
-301.5	-171	1.27548
-297	-171	1.09099
-292.5	-171	1.1093
-288	-171	1.17739
-283.5	-171	1.08016
-279	-171	1.04137
-274.5	-171	0.994755
-270	-171	1.08392
-265.5	-171	1.14171
-261	-171	1.12491
-256.5	-171	1.15049
-252	-171	1.12261
-112.5	-171	6979.74
-108	-171	6369.55
-103.5	-171	7139.41
-99	-171	8747.06
-94.5	-171	9614.42
-90	-171	11481.5
-85.5	-171	19703.5
-81	-171	28717.2
-76.5	-171	33807.3
-72	-171	40360.3
-67.5	-171	36400.7
-63	-171	37906.3
-58.5	-171	41212.2
-54	-171	45491.7
-49.5	-171	44101.4
-45	-171	41923.6
-40.5	-171	60927.5
-36	-171	55779.6
-31.5	-171	55113.2
-27	-171	55443.4
-22.5	-171	48749.6
-18	-171	29474.9
-13.5	-171	18526.2
-9	-171	16668.1
-4.5	-171	13702.2
0	-171	11694
4.5	-171	13234.2
9	-171	11395.2
13.5	-171	10782.6
18	-171	11504.7
22.5	-171	11835.6
27	-171	12513.5
40.5	-171	11694.2
45	-171	12312
58.5	-171	15623.6
63	-171	12764.5
67.5	-171	14592.5
72	-171	14941.4
76.5	-171	16642
81	-171	16989
85.5	-171	19691.5
90	-171	22963.1
94.5	-171	20207.2
99	-171	24024.7
103.5	-171	24544.7
108	-171	26111.4
112.5	-171	30328.4
117	-171	30843.1
121.5	-171	34077.9
126	-171	37268.7
130.5	-171	42413
135	-171	52057.4
139.5	-171	58197.4
144	-171	61446.8
148.5	-171	75575.2
153	-171	91038.8
157.5	-171	121432
162	-171	108268
166.5	-171	75934.3
171	-171	39687
175.5	-171	24421.4
180	-171	16411.9
184.5	-171	10241.4
189	-171	7025.79
193.5	-171	4920.37
198	-171	3146.86
202.5	-171	2059.2
207	-171	1383.11
211.5	-171	940.618
216	-171	626.778
220.5	-171	423.227
225	-171	284.042
229.5	-171	196.587
234	-171	132.377
238.5	-171	81.8561
243	-171	52.9766
247.5	-171	32.4855
252	-171	21.1888
256.5	-171	18.4587
261	-171	16.5602
265.5	-171	17.1954
270	-171	14.1566
274.5	-171	14.1905
279	-171	13.5924
283.5	-171	13.0425
288	-171	13.3779
292.5	-171	13.0463
297	-171	11.1546
301.5	-171	10.2338
306	-171	9.33641
310.5	-171	10.2818
315	-171	9.75711
319.5	-171	9.45629
324	-171	9.74069
328.5	-171	10.7138
333	-171	12.1456
337.5	-171	8.85538
342	-171	9.15362
346.5	-171	13.7974
355.5	-171	6.281
360	-171	3.81606
364.5	-171	2.79215
369	-171	1.9569
373.5	-171	1.27866
378	-171	0.897867
382.5	-171	0.584334
387	-171	0.400813
391.5	-171	0.278977
396	-171	0.154015
400.5	-171	0.106799
405	-171	0.106274
409.5	-171	0.106145
414	-171	0.103067
418.5	-171	0.098897
423	-171	0.095044
427.5	-171	0.078865
432	-171	0.05641
436.5	-171	0.071067
441	-171	0.067752
445.5	-171	0.071361
-414	-166.5	0.022485
-396	-166.5	0.051411
-387	-166.5	0.114428
-382.5	-166.5	0.167624
-378	-166.5	0.271206
-373.5	-166.5	0.20241
-369	-166.5	0.286435
-364.5	-166.5	0.439764
-360	-166.5	0.614157
-355.5	-166.5	1.28648
-351	-166.5	1.70454
-346.5	-166.5	1.68897
-342	-166.5	1.1237
-337.5	-166.5	1.40556
-333	-166.5	2.58378
-328.5	-166.5	1.09536
-324	-166.5	1.2383
-319.5	-166.5	1.49366
-315	-166.5	5.65274
-310.5	-166.5	1.29206
-306	-166.5	1.30172
-301.5	-166.5	1.06812
-297	-166.5	1.13785
-292.5	-166.5	1.37476
-288	-166.5	1.1957
-283.5	-166.5	1.27615
-279	-166.5	1.31568
-274.5	-166.5	1.35914
-270	-166.5	1.19504
-265.5	-166.5	1.20422
-261	-166.5	1.09566
-256.5	-166.5	1.20325
-252	-166.5	1.28925
-243	-166.5	2.49478
-99	-166.5	11539.9
-90	-166.5	14281.7
-85.5	-166.5	20484.7
-81	-166.5	41899.5
-76.5	-166.5	56861.8
-72	-166.5	74692.3
-67.5	-166.5	68574.9
-63	-166.5	65647.1
-58.5	-166.5	75849.3
-54	-166.5	80466
-49.5	-166.5	81918.2
-45	-166.5	76057.6
-40.5	-166.5	96187
-36	-166.5	106982
-31.5	-166.5	95080.1
-27	-166.5	101656
-22.5	-166.5	90638.2
-18	-166.5	66051.8
-13.5	-166.5	33811.2
-9	-166.5	26652.6
-4.5	-166.5	23914.4
0	-166.5	18698.4
4.5	-166.5	19586.7
18	-166.5	14871.3
22.5	-166.5	15573.8
27	-166.5	14687
40.5	-166.5	15820
45	-166.5	17380.8
63	-166.5	18648.4
67.5	-166.5	19229.8
72	-166.5	21258.6
76.5	-166.5	25719.2
81	-166.5	24397.4
85.5	-166.5	28647.6
90	-166.5	37629.9
94.5	-166.5	27829.1
99	-166.5	35230.4
103.5	-166.5	38203.9
108	-166.5	41142.7
112.5	-166.5	55988.6
117	-166.5	47156
121.5	-166.5	52238
126	-166.5	65548.5
130.5	-166.5	74747.4
135	-166.5	89082.7
139.5	-166.5	98568.8
144	-166.5	112516
148.5	-166.5	147069
153	-166.5	196752
157.5	-166.5	207292
162	-166.5	161206
166.5	-166.5	87420.6
171	-166.5	46290.5
175.5	-166.5	29653.8
180	-166.5	18363.9
184.5	-166.5	11627.7
189	-166.5	7628.14
193.5	-166.5	5092.39
198	-166.5	3437.55
202.5	-166.5	2232.9
207	-166.5	1549.02
211.5	-166.5	1020.46
216	-166.5	670.116
220.5	-166.5	451.216
225	-166.5	300.636
229.5	-166.5	198.234
234	-166.5	132.534
238.5	-166.5	85.6488
243	-166.5	50.87
247.5	-166.5	27.5356
252	-166.5	21.1681
256.5	-166.5	18.8646
261	-166.5	17.3476
265.5	-166.5	17.5912
270	-166.5	15.3378
274.5	-166.5	14.1454
279	-166.5	13.6169
283.5	-166.5	12.8428
288	-166.5	11.8279
292.5	-166.5	11.2057
297	-166.5	10.6502
301.5	-166.5	11.3451
306	-166.5	10.9601
310.5	-166.5	11.3853
315	-166.5	11.24
319.5	-166.5	11.93
324	-166.5	9.67628
328.5	-166.5	8.13691
333	-166.5	8.85235
337.5	-166.5	9.76802
342	-166.5	9.76237
355.5	-166.5	7.13448
360	-166.5	4.72054
364.5	-166.5	2.94315
369	-166.5	1.95594
373.5	-166.5	1.42841
378	-166.5	0.94145
382.5	-166.5	0.656036
387	-166.5	0.434397
391.5	-166.5	0.29419
396	-166.5	0.162707
400.5	-166.5	0.106547
405	-166.5	0.106423
409.5	-166.5	0.089222
414	-166.5	0.099579
418.5	-166.5	0.09064
423	-166.5	0.090516
427.5	-166.5	0.075381
432	-166.5	0.068214
436.5	-166.5	0.067138
441	-166.5	0.061741
445.5	-166.5	0.07291
-396	-162	0.061501
-387	-162	0.131645
-382.5	-162	0.1849
-378	-162	0.197
-364.5	-162	0.509463
-360	-162	0.683696
-355.5	-162	1.01347
-351	-162	1.44933
-346.5	-162	1.3545
-342	-162	1.16392
-337.5	-162	1.37438
-333	-162	2.66883
-328.5	-162	1.43806
-324	-162	1.40672
-319.5	-162	1.76216
-315	-162	1.40547
-310.5	-162	1.29538
-306	-162	1.19189
-301.5	-162	1.16713
-297	-162	1.28392
-292.5	-162	1.14711
-288	-162	1.52421
-283.5	-162	1.45649
-279	-162	1.00548
-274.5	-162	1.21218
-270	-162	1.11962
-265.5	-162	1.05844
-261	-162	1.30942
-256.5	-162	1.24812
-252	-162	1.01832
-135	-162	11164.9
-130.5	-162	12192.2
-126	-162	11763.8
-99	-162	19337.4
-94.5	-162	20145.5
-85.5	-162	26007.2
-81	-162	53470
-76.5	-162	92264.5
-72	-162	142711
-67.5	-162	134603
-63	-162	117766
-58.5	-162	141522
-54	-162	155331
-49.5	-162	149823
-45	-162	161031
-40.5	-162	167932
-36	-162	214656
-31.5	-162	182804
-27	-162	193690
-22.5	-162	172454
-18	-162	144385
-13.5	-162	62532.3
-9	-162	39829.4
-4.5	-162	39636.6
0	-162	30865
4.5	-162	35094.3
9	-162	32021.2
13.5	-162	27271.2
18	-162	25301
22.5	-162	24611.2
27	-162	25064.1
36	-162	25223.4
40.5	-162	25581.8
45	-162	26740
49.5	-162	24474
63	-162	27775.8
67.5	-162	30050.1
72	-162	38048.1
76.5	-162	48220
81	-162	43345
85.5	-162	52751.8
90	-162	67076.5
94.5	-162	48607.4
99	-162	58534.2
103.5	-162	62507.2
108	-162	80607.4
112.5	-162	92852.2
117	-162	84871.9
121.5	-162	82953.8
126	-162	105641
130.5	-162	141137
135	-162	159470
139.5	-162	182733
144	-162	230876
148.5	-162	306733
153	-162	406490
157.5	-162	335719
162	-162	186887
166.5	-162	99182.3
171	-162	59376.5
175.5	-162	34089.5
180	-162	20286.5
184.5	-162	12387.4
189	-162	8237.29
193.5	-162	5688.54
198	-162	3635.1
202.5	-162	2447.04
207	-162	1610.15
211.5	-162	1079.62
216	-162	699.757
220.5	-162	475.995
225	-162	316.108
229.5	-162	219.941
234	-162	143.981
238.5	-162	90.9419
243	-162	53.986
247.5	-162	29.068
252	-162	20.6679
256.5	-162	21.4437
261	-162	19.0709
265.5	-162	16.1394
270	-162	15.7328
274.5	-162	14.387
279	-162	13.0121
283.5	-162	13.8981
288	-162	12.6161
297	-162	11.468
301.5	-162	9.84988
306	-162	11.1088
319.5	-162	10.8703
324	-162	9.68638
328.5	-162	10.9523
333	-162	10.2015
337.5	-162	9.00124
342	-162	8.80041
346.5	-162	10.2116
351	-162	9.14281
355.5	-162	7.40192
360	-162	4.62793
364.5	-162	3.30951
369	-162	2.1521
373.5	-162	1.45903
378	-162	1.02402
382.5	-162	0.670009
387	-162	0.481127
391.5	-162	0.310996
396	-162	0.163982
400.5	-162	0.102029
405	-162	0.100122
409.5	-162	0.094012
414	-162	0.094425
418.5	-162	0.085762
423	-162	0.082913
427.5	-162	0.08521
432	-162	0.069167
436.5	-162	0.077258
441	-162	0.078213
445.5	-162	0.082225
-418.5	-157.5	0.044499
-405	-157.5	0.029182
-396	-157.5	0.049206
-387	-157.5	0.129145
-382.5	-157.5	0.184574
-373.5	-157.5	0.352073
-369	-157.5	0.471425
-364.5	-157.5	0.706431
-360	-157.5	0.849497
-355.5	-157.5	1.00281
-351	-157.5	1.40611
-346.5	-157.5	1.63344
-342	-157.5	2.37945
-333	-157.5	1.41885
-328.5	-157.5	1.37382
-324	-157.5	1.76306
-319.5	-157.5	1.40979
-315	-157.5	1.49245
-310.5	-157.5	1.24787
-306	-157.5	1.22738
-301.5	-157.5	1.24802
-297	-157.5	1.55036
-292.5	-157.5	1.29416
-288	-157.5	1.80242
-283.5	-157.5	1.55445
-279	-157.5	1.42535
-274.5	-157.5	1.09268
-270	-157.5	1.29948
-265.5	-157.5	1.24258
-261	-157.5	1.34963
-256.5	-157.5	0.981448
-252	-157.5	1.11118
-247.5	-157.5	1.55482
-126	-157.5	21595.3
-99	-157.5	34115.2
-90	-157.5	41787.4
-85.5	-157.5	56719
-81	-157.5	84220.6
-76.5	-157.5	141268
-72	-157.5	255781
-67.5	-157.5	318028
-63	-157.5	252462
-58.5	-157.5	276403
-54	-157.5	335783
-49.5	-157.5	304247
-45	-157.5	334277
-40.5	-157.5	305914
-36	-157.5	410226
-31.5	-157.5	402477
-27	-157.5	373763
-22.5	-157.5	400477
-18	-157.5	318426
-13.5	-157.5	127906
-9	-157.5	85438.6
-4.5	-157.5	78019
0	-157.5	69810.7
4.5	-157.5	66609.4
9	-157.5	58620
13.5	-157.5	56197.2
18	-157.5	53268.9
22.5	-157.5	48219.1
27	-157.5	42401.5
36	-157.5	53271.6
40.5	-157.5	49488
45	-157.5	43819.4
49.5	-157.5	57285.7
54	-157.5	55557.6
58.5	-157.5	62908.4
63	-157.5	55119.8
67.5	-157.5	57152.8
72	-157.5	74996.1
76.5	-157.5	81127.3
81	-157.5	102190
85.5	-157.5	85954
90	-157.5	128746
94.5	-157.5	96676.8
99	-157.5	119046
103.5	-157.5	128380
108	-157.5	171346
112.5	-157.5	177472
117	-157.5	166759
121.5	-157.5	164187
126	-157.5	191838
130.5	-157.5	247129
135	-157.5	284703
139.5	-157.5	332902
144	-157.5	439127
148.5	-157.5	769436
153	-157.5	736896
157.5	-157.5	442752
162	-157.5	202140
166.5	-157.5	112318
171	-157.5	65824.9
175.5	-157.5	35860.3
180	-157.5	20660.3
184.5	-157.5	13742.1
189	-157.5	9092.78
193.5	-157.5	5648.52
198	-157.5	3857.24
202.5	-157.5	2557.8
207	-157.5	1723.97
211.5	-157.5	1148.06
216	-157.5	804.55
220.5	-157.5	520.735
225	-157.5	342.825
229.5	-157.5	217.313
234	-157.5	145.665
238.5	-157.5	87.1922
243	-157.5	57.5209
247.5	-157.5	28.1768
252	-157.5	23.5349
256.5	-157.5	23.933
261	-157.5	19.1215
265.5	-157.5	18.1303
270	-157.5	17.8841
274.5	-157.5	15.7119
279	-157.5	15.1047
283.5	-157.5	15.0837
288	-157.5	14.5163
297	-157.5	12.8373
301.5	-157.5	12.1335
306	-157.5	13.8318
315	-157.5	11.9143
319.5	-157.5	11.3456
324	-157.5	10.2976
328.5	-157.5	10.5505
333	-157.5	10.3938
337.5	-157.5	9.76087
342	-157.5	9.44203
346.5	-157.5	8.79548
351	-157.5	7.43655
355.5	-157.5	7.50289
360	-157.5	5.47805
364.5	-157.5	3.44728
369	-157.5	2.2112
373.5	-157.5	1.43681
378	-157.5	0.979178
382.5	-157.5	0.652163
387	-157.5	0.406921
391.5	-157.5	0.276366
396	-157.5	0.162004
400.5	-157.5	0.098349
405	-157.5	0.109353
409.5	-157.5	0.105166
414	-157.5	0.107775
418.5	-157.5	0.082831
423	-157.5	0.07601
427.5	-157.5	0.080174
432	-157.5	0.083189
436.5	-157.5	0.081501
441	-157.5	0.083258
445.5	-157.5	0.089697
-418.5	-153	0.026295
-414	-153	0.055289
-382.5	-153	0.153717
-378	-153	0.288285
-373.5	-153	0.381911
-369	-153	0.506231
-364.5	-153	0.809417
-360	-153	1.03443
-351	-153	1.70439
-346.5	-153	1.46509
-342	-153	1.77612
-337.5	-153	2.17137
-333	-153	1.5993
-324	-153	1.59376
-319.5	-153	1.59597
-315	-153	1.54185
-310.5	-153	1.37229
-306	-153	1.3221
-301.5	-153	1.40515
-297	-153	2.10254
-292.5	-153	1.6718
-288	-153	1.56099
-283.5	-153	1.48255
-279	-153	1.47894
-265.5	-153	1.69886
-261	-153	1.19468
-256.5	-153	1.14465
-252	-153	1.22598
-247.5	-153	1.67281
-153	-153	40857.3
-148.5	-153	55898.8
-144	-153	52951.5
-139.5	-153	66484.2
-135	-153	58841.6
-130.5	-153	61615.7
-126	-153	66291.3
-121.5	-153	71359.2
-117	-153	68194.8
-112.5	-153	78581.2
-108	-153	85298.6
-103.5	-153	87996.3
-99	-153	85137.2
-94.5	-153	103224
-90	-153	120461
-85.5	-153	135044
-81	-153	170032
-76.5	-153	281358
-72	-153	460477
-67.5	-153	666880
-63	-153	600114
-58.5	-153	596419
-54	-153	709239
-49.5	-153	717526
-45	-153	831102
-40.5	-153	700449
-36	-153	884529
-31.5	-153	804960
-27	-153	769342
-22.5	-153	862663
-18	-153	761500
-13.5	-153	340005
-9	-153	204268
-4.5	-153	211379
0	-153	188817
4.5	-153	190790
9	-153	169974
13.5	-153	169889
18	-153	168334
22.5	-153	143868
27	-153	141704
31.5	-153	161294
36	-153	150477
40.5	-153	148765
45	-153	145578
49.5	-153	171323
54	-153	162124
58.5	-153	165364
63	-153	153357
67.5	-153	200154
72	-153	226162
76.5	-153	212025
81	-153	254335
85.5	-153	251071
90	-153	295430
94.5	-153	284795
99	-153	362984
103.5	-153	367227
108	-153	441806
112.5	-153	383660
117	-153	401141
121.5	-153	458531
126	-153	472596
130.5	-153	504527
135	-153	559793
139.5	-153	675419
144	-153	1.18902e+06
148.5	-153	1.69321e+06
153	-153	1.04433e+06
157.5	-153	473426
162	-153	216706
166.5	-153	131113
171	-153	68999
175.5	-153	39542
180	-153	24059.6
184.5	-153	14294.4
189	-153	9458.4
193.5	-153	6394.62
198	-153	4061.69
202.5	-153	2814.9
207	-153	1771.74
211.5	-153	1137.89
216	-153	756.439
220.5	-153	509.002
225	-153	327.63
229.5	-153	222.484
234	-153	143.305
238.5	-153	96.0381
243	-153	56.9806
247.5	-153	30.8899
252	-153	26.144
256.5	-153	20.0889
261	-153	20.4904
270	-153	17.5682
274.5	-153	16.0423
279	-153	15.6888
283.5	-153	15.397
288	-153	14.0291
292.5	-153	13.013
297	-153	12.7705
301.5	-153	13.1882
306	-153	15.4435
310.5	-153	11.5121
315	-153	11.149
319.5	-153	10.1756
324	-153	11.1127
328.5	-153	10.7396
333	-153	9.04901
337.5	-153	9.21203
342	-153	10.3872
346.5	-153	11.2589
351	-153	9.6966
355.5	-153	6.4408
360	-153	4.16578
364.5	-153	2.90823
369	-153	1.95511
373.5	-153	1.31871
378	-153	0.90619
382.5	-153	0.603689
387	-153	0.448511
391.5	-153	0.275998
396	-153	0.15269
400.5	-153	0.105354
405	-153	0.121795
409.5	-153	0.123251
414	-153	0.097878
418.5	-153	0.11714
423	-153	0.101197
427.5	-153	0.090891
432	-153	0.085188
436.5	-153	0.092567
441	-153	0.09255
445.5	-153	0.089244
-436.5	-148.5	0.022015
-432	-148.5	0.019827
-418.5	-148.5	0.021719
-396	-148.5	0.069538
-391.5	-148.5	0.070362
-387	-148.5	0.103505
-382.5	-148.5	0.154343
-378	-148.5	0.220651
-373.5	-148.5	0.372332
-369	-148.5	0.500085
-364.5	-148.5	0.632531
-355.5	-148.5	1.54184
-351	-148.5	2.07122
-346.5	-148.5	2.40035
-342	-148.5	1.65672
-337.5	-148.5	1.46581
-333	-148.5	1.51123
-319.5	-148.5	1.82932
-315	-148.5	1.99099
-310.5	-148.5	1.89001
-306	-148.5	1.63352
-301.5	-148.5	1.67577
-297	-148.5	2.85948
-288	-148.5	1.70539
-283.5	-148.5	1.61108
-279	-148.5	1.65838
-274.5	-148.5	1.51161
-270	-148.5	1.61409
-265.5	-148.5	1.40981
-261	-148.5	1.36312
-256.5	-148.5	1.42175
-252	-148.5	1.20585
-166.5	-148.5	7735.51
-157.5	-148.5	54398.4
-153	-148.5	200575
-148.5	-148.5	246037
-144	-148.5	279772
-139.5	-148.5	284138
-135	-148.5	278115
-130.5	-148.5	291145
-126	-148.5	320245
-121.5	-148.5	326934
-117	-148.5	309182
-112.5	-148.5	333416
-108	-148.5	384927
-103.5	-148.5	384091
-99	-148.5	370057
-94.5	-148.5	376739
-90	-148.5	422323
-85.5	-148.5	449458
-81	-148.5	508493
-76.5	-148.5	659004
-72	-148.5	977179
-67.5	-148.5	1.32497e+06
-63	-148.5	1.43362e+06
-58.5	-148.5	1.25348e+06
-54	-148.5	1.61744e+06
-49.5	-148.5	1.63896e+06
-45	-148.5	1.56861e+06
-40.5	-148.5	1.5446e+06
-36	-148.5	1.7943e+06
-31.5	-148.5	1.77745e+06
-27	-148.5	1.61592e+06
-22.5	-148.5	1.86192e+06
-18	-148.5	1.76429e+06
-13.5	-148.5	973487
-9	-148.5	712989
-4.5	-148.5	716509
0	-148.5	664438
4.5	-148.5	638843
9	-148.5	602414
13.5	-148.5	620013
18	-148.5	593262
22.5	-148.5	567148
27	-148.5	586414
31.5	-148.5	583148
36	-148.5	554157
40.5	-148.5	555741
45	-148.5	575217
49.5	-148.5	668594
54	-148.5	671815
58.5	-148.5	673225
63	-148.5	702181
67.5	-148.5	723358
72	-148.5	782992
76.5	-148.5	709847
81	-148.5	840446
85.5	-148.5	889106
90	-148.5	884034
94.5	-148.5	1.00138e+06
99	-148.5	1.06217e+06
103.5	-148.5	1.06648e+06
108	-148.5	1.23862e+06
112.5	-148.5	1.15921e+06
117	-148.5	1.24185e+06
121.5	-148.5	1.27969e+06
126	-148.5	1.3066e+06
130.5	-148.5	1.36561e+06
135	-148.5	1.52355e+06
139.5	-148.5	1.82036e+06
144	-148.5	3.31179e+06
148.5	-148.5	3.1816e+06
153	-148.5	1.25572e+06
157.5	-148.5	463163
162	-148.5	236466
166.5	-148.5	133097
171	-148.5	74809.7
175.5	-148.5	42219.2
180	-148.5	25007.4
184.5	-148.5	14989.8
189	-148.5	10330
193.5	-148.5	6218.83
198	-148.5	4361.77
202.5	-148.5	2807.31
207	-148.5	1863.03
211.5	-148.5	1154.3
216	-148.5	765.973
220.5	-148.5	523.432
225	-148.5	344.851
229.5	-148.5	219.769
234	-148.5	147.021
238.5	-148.5	99.3227
243	-148.5	59.2125
247.5	-148.5	32.5797
252	-148.5	24.3139
256.5	-148.5	21.3515
261	-148.5	22.2382
265.5	-148.5	21.1267
270	-148.5	17.7417
274.5	-148.5	17.3165
279	-148.5	15.0285
283.5	-148.5	14.8175
288	-148.5	15.2112
292.5	-148.5	14.1525
297	-148.5	13.6183
301.5	-148.5	11.9205
306	-148.5	11.175
310.5	-148.5	11.5573
315	-148.5	10.8899
324	-148.5	10.1044
328.5	-148.5	9.48392
333	-148.5	9.40851
337.5	-148.5	9.03461
342	-148.5	9.94912
346.5	-148.5	11.2681
351	-148.5	8.30628
355.5	-148.5	5.59632
360	-148.5	4.14007
364.5	-148.5	2.9883
369	-148.5	2.05037
373.5	-148.5	1.52363
378	-148.5	1.04001
382.5	-148.5	0.670011
387	-148.5	0.441656
391.5	-148.5	0.263263
396	-148.5	0.165869
400.5	-148.5	0.10509
405	-148.5	0.115913
409.5	-148.5	0.121503
414	-148.5	0.118481
418.5	-148.5	0.100245
423	-148.5	0.093773
427.5	-148.5	0.093113
432	-148.5	0.10214
436.5	-148.5	0.122392
441	-148.5	0.080769
445.5	-148.5	0.069065
-427.5	-144	0.021459
-409.5	-144	0.022211
-405	-144	0.021233
-396	-144	0.068972
-391.5	-144	0.133842
-387	-144	0.155267
-382.5	-144	0.145822
-378	-144	0.222826
-373.5	-144	0.34654
-369	-144	0.543798
-364.5	-144	0.715214
-360	-144	0.895105
-355.5	-144	1.41617
-351	-144	2.4237
-342	-144	1.87159
-337.5	-144	1.62059
-333	-144	1.54024
-328.5	-144	1.5183
-324	-144	1.74192
-319.5	-144	1.90941
-315	-144	1.68247
-310.5	-144	1.67254
-306	-144	1.58661
-301.5	-144	1.39449
-297	-144	1.9065
-292.5	-144	2.06781
-288	-144	1.77999
-283.5	-144	1.99197
-279	-144	1.60036
-274.5	-144	1.45784
-270	-144	1.59314
-265.5	-144	1.78529
-261	-144	1.49535
-256.5	-144	1.68055
-252	-144	1.4913
-243	-144	3.02138
-162	-144	17576.1
-157.5	-144	43262.1
-153	-144	309290
-148.5	-144	433623
-144	-144	429122
-139.5	-144	443302
-135	-144	436114
-130.5	-144	413440
-126	-144	450509
-121.5	-144	454232
-117	-144	490190
-112.5	-144	460180
-108	-144	465404
-103.5	-144	496456
-99	-144	499218
-94.5	-144	560194
-90	-144	571062
-85.5	-144	652937
-81	-144	707921
-76.5	-144	752839
-72	-144	1.0995e+06
-67.5	-144	1.39566e+06
-63	-144	1.73862e+06
-58.5	-144	1.54257e+06
-54	-144	1.87641e+06
-49.5	-144	1.96548e+06
-45	-144	1.90885e+06
-40.5	-144	2.00805e+06
-36	-144	2.02477e+06
-31.5	-144	2.1162e+06
-27	-144	1.98701e+06
-22.5	-144	2.12945e+06
-18	-144	2.11271e+06
-13.5	-144	1.42173e+06
-9	-144	1.00578e+06
-4.5	-144	984767
0	-144	933017
4.5	-144	876368
9	-144	897357
13.5	-144	865526
18	-144	853659
22.5	-144	806519
27	-144	868373
31.5	-144	831094
36	-144	758216
40.5	-144	751448
45	-144	889196
49.5	-144	935675
54	-144	883693
58.5	-144	851494
63	-144	957002
67.5	-144	1.0459e+06
72	-144	1.13624e+06
76.5	-144	1.02352e+06
81	-144	1.15991e+06
85.5	-144	1.11588e+06
90	-144	1.20485e+06
94.5	-144	1.38059e+06
99	-144	1.39715e+06
103.5	-144	1.41013e+06
108	-144	1.55094e+06
112.5	-144	1.49338e+06
117	-144	1.57361e+06
121.5	-144	1.58661e+06
126	-144	1.81386e+06
130.5	-144	2.00995e+06
135	-144	2.03194e+06
139.5	-144	3.08804e+06
144	-144	4.23705e+06
148.5	-144	3.31014e+06
153	-144	1.29794e+06
157.5	-144	496639
162	-144	265666
166.5	-144	140586
171	-144	77349.5
175.5	-144	44751.7
180	-144	24284
184.5	-144	14435.2
189	-144	9571.07
193.5	-144	6100.92
198	-144	4065.96
202.5	-144	2756.82
207	-144	1793.58
211.5	-144	1138.9
216	-144	782.161
220.5	-144	521.313
225	-144	335.22
229.5	-144	225.089
234	-144	146.614
238.5	-144	97.6596
243	-144	58.4564
247.5	-144	32.0711
252	-144	26.1699
256.5	-144	22.4382
261	-144	20.065
265.5	-144	27.5394
270	-144	18.4307
274.5	-144	18.0713
279	-144	17.3823
283.5	-144	16.1122
288	-144	14.596
292.5	-144	14.201
297	-144	12.6301
301.5	-144	12.4946
306	-144	12.9078
310.5	-144	11.7714
315	-144	11.699
319.5	-144	10.774
324	-144	10.7432
328.5	-144	11.9144
333	-144	10.5503
337.5	-144	9.88669
342	-144	10.1708
346.5	-144	8.91979
351	-144	9.25421
355.5	-144	6.46162
360	-144	4.06071
364.5	-144	3.17733
369	-144	1.98802
373.5	-144	1.36278
378	-144	0.946758
382.5	-144	0.60897
387	-144	0.420063
391.5	-144	0.272474
396	-144	0.148513
400.5	-144	0.101209
405	-144	0.10678
409.5	-144	0.114784
414	-144	0.113386
418.5	-144	0.095264
423	-144	0.100821
427.5	-144	0.12916
432	-144	0.143971
436.5	-144	0.125574
441	-144	0.09492
445.5	-144	0.08559
-396	-139.5	0.065019
-391.5	-139.5	0.086789
-387	-139.5	0.156928
-382.5	-139.5	0.293659
-378	-139.5	0.333161
-373.5	-139.5	0.312924
-369	-139.5	0.47742
-364.5	-139.5	0.724785
-355.5	-139.5	1.23407
-351	-139.5	1.9232
-346.5	-139.5	2.0649
-342	-139.5	2.23792
-337.5	-139.5	2.04111
-333	-139.5	2.01327
-328.5	-139.5	2.21124
-324	-139.5	1.56862
-315	-139.5	1.80965
-310.5	-139.5	2.20062
-306	-139.5	1.96677
-301.5	-139.5	1.4269
-292.5	-139.5	1.6878
-288	-139.5	1.5947
-283.5	-139.5	1.63303
-279	-139.5	1.80079
-274.5	-139.5	1.85773
-270	-139.5	1.9335
-265.5	-139.5	1.61939
-261	-139.5	1.54743
-256.5	-139.5	1.78087
-252	-139.5	1.78098
-157.5	-139.5	59076.1
-153	-139.5	295521
-148.5	-139.5	402785
-144	-139.5	408994
-139.5	-139.5	402183
-135	-139.5	403779
-130.5	-139.5	457304
-126	-139.5	466984
-121.5	-139.5	434944
-117	-139.5	480123
-112.5	-139.5	516684
-108	-139.5	535859
-103.5	-139.5	522094
-99	-139.5	539329
-94.5	-139.5	547016
-90	-139.5	633134
-85.5	-139.5	684497
-81	-139.5	717892
-76.5	-139.5	740604
-72	-139.5	885190
-67.5	-139.5	1.33275e+06
-63	-139.5	1.70741e+06
-58.5	-139.5	1.82167e+06
-54	-139.5	1.67301e+06
-49.5	-139.5	2.04104e+06
-45	-139.5	2.06748e+06
-40.5	-139.5	2.11852e+06
-36	-139.5	2.02759e+06
-31.5	-139.5	2.24904e+06
-27	-139.5	2.12282e+06
-22.5	-139.5	2.22081e+06
-18	-139.5	2.23108e+06
-13.5	-139.5	1.77832e+06
-9	-139.5	1.02358e+06
-4.5	-139.5	1.01794e+06
0	-139.5	933873
4.5	-139.5	970725
9	-139.5	918719
13.5	-139.5	885759
18	-139.5	790937
22.5	-139.5	887941
27	-139.5	804695
31.5	-139.5	872870
36	-139.5	810179
40.5	-139.5	929752
45	-139.5	872121
49.5	-139.5	906156
54	-139.5	919539
58.5	-139.5	935978
63	-139.5	1.08375e+06
67.5	-139.5	1.02778e+06
72	-139.5	1.10613e+06
76.5	-139.5	1.04178e+06
81	-139.5	1.23484e+06
85.5	-139.5	1.23684e+06
90	-139.5	1.31737e+06
94.5	-139.5	1.43834e+06
99	-139.5	1.38802e+06
103.5	-139.5	1.53341e+06
108	-139.5	1.48626e+06
112.5	-139.5	1.5207e+06
117	-139.5	1.7073e+06
121.5	-139.5	1.67668e+06
126	-139.5	1.92405e+06
130.5	-139.5	1.9703e+06
135	-139.5	2.46736e+06
139.5	-139.5	4.28677e+06
144	-139.5	4.2074e+06
148.5	-139.5	3.41484e+06
153	-139.5	1.26703e+06
157.5	-139.5	608884
162	-139.5	283883
166.5	-139.5	160193
171	-139.5	83284.1
175.5	-139.5	44989.5
180	-139.5	24344.9
184.5	-139.5	15075.4
189	-139.5	9343.28
193.5	-139.5	6091.06
198	-139.5	4046.42
202.5	-139.5	2662.43
207	-139.5	1808.98
211.5	-139.5	1167.74
216	-139.5	783.263
220.5	-139.5	525.049
225	-139.5	337.017
229.5	-139.5	225.784
234	-139.5	148.643
238.5	-139.5	93.6445
243	-139.5	57.1514
247.5	-139.5	29.8607
252	-139.5	23.9047
256.5	-139.5	23.3371
261	-139.5	21.2529
265.5	-139.5	17.0651
270	-139.5	17.6922
274.5	-139.5	17.7312
279	-139.5	16.7162
283.5	-139.5	17.0182
288	-139.5	15.0727
292.5	-139.5	13.0641
297	-139.5	18.9828
301.5	-139.5	12.9865
306	-139.5	12.4685
310.5	-139.5	11.6922
315	-139.5	11.3143
319.5	-139.5	10.8758
324	-139.5	10.7017
328.5	-139.5	10.4731
333	-139.5	11.4805
337.5	-139.5	11.0858
342	-139.5	11.0442
346.5	-139.5	10.5037
351	-139.5	9.98754
355.5	-139.5	5.95264
360	-139.5	5.05297
364.5	-139.5	4.60646
369	-139.5	2.31277
373.5	-139.5	1.5302
378	-139.5	0.989511
382.5	-139.5	0.629813
387	-139.5	0.465726
391.5	-139.5	0.311591
396	-139.5	0.183197
400.5	-139.5	0.124951
405	-139.5	0.102227
409.5	-139.5	0.087673
414	-139.5	0.101678
418.5	-139.5	0.10536
423	-139.5	0.099224
427.5	-139.5	0.096272
432	-139.5	0.101362
436.5	-139.5	0.111052
441	-139.5	0.107029
445.5	-139.5	0.088192
-396	-135	0.053486
-387	-135	0.114717
-382.5	-135	0.168792
-378	-135	0.258055
-373.5	-135	0.516782
-369	-135	0.629085
-364.5	-135	0.647512
-360	-135	0.926247
-355.5	-135	1.68766
-351	-135	2.0647
-346.5	-135	1.95955
-342	-135	1.86845
-337.5	-135	2.21033
-333	-135	2.245
-328.5	-135	2.31399
-324	-135	2.14245
-319.5	-135	1.93751
-315	-135	1.55788
-310.5	-135	1.69619
-306	-135	1.89017
-301.5	-135	2.05672
-297	-135	1.72744
-292.5	-135	1.89878
-288	-135	2.22145
-283.5	-135	1.67658
-279	-135	1.48037
-274.5	-135	1.62868
-270	-135	1.60197
-265.5	-135	1.78237
-261	-135	2.20954
-256.5	-135	1.93236
-252	-135	2.14296
-157.5	-135	69488.5
-153	-135	295478
-148.5	-135	404484
-144	-135	431019
-139.5	-135	404452
-135	-135	438175
-130.5	-135	378193
-126	-135	473919
-121.5	-135	468831
-117	-135	478157
-112.5	-135	532330
-108	-135	510406
-103.5	-135	555797
-99	-135	556467
-94.5	-135	615874
-90	-135	583524
-85.5	-135	609176
-81	-135	715509
-76.5	-135	742674
-72	-135	924373
-67.5	-135	1.19564e+06
-63	-135	1.57681e+06
-58.5	-135	1.97478e+06
-54	-135	1.67199e+06
-49.5	-135	2.08812e+06
-45	-135	2.16936e+06
-40.5	-135	2.10209e+06
-36	-135	2.14454e+06
-31.5	-135	2.43254e+06
-27	-135	2.3347e+06
-22.5	-135	2.26232e+06
-18	-135	2.33106e+06
-13.5	-135	2.14862e+06
-9	-135	1.15253e+06
-4.5	-135	1.07849e+06
0	-135	1.01284e+06
4.5	-135	957706
9	-135	987236
13.5	-135	942012
18	-135	841369
22.5	-135	901842
27	-135	838004
31.5	-135	1.02365e+06
36	-135	902464
40.5	-135	977018
45	-135	887794
49.5	-135	996666
54	-135	953547
58.5	-135	986039
63	-135	1.09917e+06
67.5	-135	1.03416e+06
72	-135	1.10451e+06
76.5	-135	1.09303e+06
81	-135	1.32043e+06
85.5	-135	1.2679e+06
90	-135	1.44639e+06
94.5	-135	1.49732e+06
99	-135	1.45829e+06
103.5	-135	1.67083e+06
108	-135	1.50302e+06
112.5	-135	1.61135e+06
117	-135	1.83541e+06
121.5	-135	1.77107e+06
126	-135	1.94103e+06
130.5	-135	2.04356e+06
135	-135	3.67005e+06
139.5	-135	4.5023e+06
144	-135	4.14455e+06
148.5	-135	3.28062e+06
153	-135	1.43936e+06
157.5	-135	662689
162	-135	312809
166.5	-135	152666
171	-135	79577.5
175.5	-135	41765.6
180	-135	24316.3
184.5	-135	14139.7
189	-135	9335.96
193.5	-135	5745.55
198	-135	3815.07
202.5	-135	2483.03
207	-135	1768.14
211.5	-135	1123.77
216	-135	756.725
220.5	-135	493.061
225	-135	327.521
229.5	-135	215.981
234	-135	141.934
238.5	-135	95.4142
243	-135	57.1888
247.5	-135	31.3666
252	-135	24.0878
256.5	-135	23.0802
261	-135	19.7857
265.5	-135	20.8386
270	-135	24.1513
274.5	-135	17.9201
279	-135	16.4525
283.5	-135	15.993
288	-135	16.1019
292.5	-135	14.8436
297	-135	14.924
301.5	-135	14.2415
306	-135	13.5398
310.5	-135	12.1656
315	-135	13.0595
319.5	-135	13.3824
324	-135	11.6548
328.5	-135	10.9331
333	-135	12.0648
337.5	-135	11.5119
342	-135	11.259
346.5	-135	10.5975
351	-135	10.7586
355.5	-135	7.04984
360	-135	5.18303
364.5	-135	2.99652
369	-135	2.2094
373.5	-135	1.46135
378	-135	0.980844
382.5	-135	0.667699
387	-135	0.482478
391.5	-135	0.301604
396	-135	0.180927
400.5	-135	0.135228
405	-135	0.125381
409.5	-135	0.108967
414	-135	0.107916
418.5	-135	0.106985
423	-135	0.108693
427.5	-135	0.101067
432	-135	0.111569
436.5	-135	0.099716
441	-135	0.089271
445.5	-135	0.09614
-436.5	-130.5	0.023377
-409.5	-130.5	0.02438
-391.5	-130.5	0.091322
-387	-130.5	0.135243
-382.5	-130.5	0.185416
-378	-130.5	0.246368
-373.5	-130.5	0.34873
-369	-130.5	0.506519
-364.5	-130.5	0.998969
-360	-130.5	1.41192
-355.5	-130.5	1.48335
-351	-130.5	2.09643
-346.5	-130.5	1.95408
-342	-130.5	2.21036
-337.5	-130.5	2.22501
-333	-130.5	2.19345
-328.5	-130.5	2.11034
-324	-130.5	2.22744
-319.5	-130.5	2.15069
-315	-130.5	2.15572
-310.5	-130.5	2.01476
-306	-130.5	1.73341
-301.5	-130.5	1.87577
-292.5	-130.5	2.2013
-288	-130.5	2.39339
-283.5	-130.5	2.02583
-279	-130.5	1.63342
-274.5	-130.5	1.52993
-270	-130.5	1.70819
-265.5	-130.5	1.67956
-261	-130.5	1.9343
-256.5	-130.5	1.80474
-252	-130.5	1.93036
-247.5	-130.5	2.98897
-166.5	-130.5	8992.16
-162	-130.5	16677
-157.5	-130.5	60065.2
-153	-130.5	306263
-148.5	-130.5	452073
-144	-130.5	461766
-139.5	-130.5	432770
-135	-130.5	447887
-130.5	-130.5	412605
-126	-130.5	420567
-121.5	-130.5	449664
-117	-130.5	438042
-112.5	-130.5	456894
-108	-130.5	546678
-103.5	-130.5	540019
-99	-130.5	579854
-94.5	-130.5	544198
-90	-130.5	575465
-85.5	-130.5	615895
-81	-130.5	655102
-76.5	-130.5	718746
-72	-130.5	890080
-67.5	-130.5	1.15393e+06
-63	-130.5	1.56253e+06
-58.5	-130.5	1.98359e+06
-54	-130.5	1.88971e+06
-49.5	-130.5	1.98073e+06
-45	-130.5	2.286e+06
-40.5	-130.5	2.23555e+06
-36	-130.5	2.28596e+06
-31.5	-130.5	2.55539e+06
-27	-130.5	2.66817e+06
-22.5	-130.5	2.34506e+06
-18	-130.5	2.54566e+06
-13.5	-130.5	2.46811e+06
-9	-130.5	1.24187e+06
-4.5	-130.5	1.1085e+06
0	-130.5	1.12001e+06
4.5	-130.5	1.00522e+06
9	-130.5	1.07895e+06
13.5	-130.5	1.0252e+06
18	-130.5	946284
22.5	-130.5	947821
27	-130.5	910981
31.5	-130.5	954526
36	-130.5	895656
40.5	-130.5	1.039e+06
45	-130.5	1.00622e+06
49.5	-130.5	1.04107e+06
54	-130.5	1.01827e+06
58.5	-130.5	1.19681e+06
63	-130.5	1.08761e+06
67.5	-130.5	1.07864e+06
72	-130.5	1.25247e+06
76.5	-130.5	1.1429e+06
81	-130.5	1.26836e+06
85.5	-130.5	1.34095e+06
90	-130.5	1.53914e+06
94.5	-130.5	1.65866e+06
99	-130.5	1.60669e+06
103.5	-130.5	1.70999e+06
108	-130.5	1.67693e+06
112.5	-130.5	1.80566e+06
117	-130.5	1.97227e+06
121.5	-130.5	1.98253e+06
126	-130.5	2.03487e+06
130.5	-130.5	2.89374e+06
135	-130.5	4.6596e+06
139.5	-130.5	4.44139e+06
144	-130.5	4.29377e+06
148.5	-130.5	3.45835e+06
153	-130.5	1.62236e+06
157.5	-130.5	692955
162	-130.5	316330
166.5	-130.5	153638
171	-130.5	73140.1
175.5	-130.5	38398
180	-130.5	22531.7
184.5	-130.5	13848.3
189	-130.5	9040.13
193.5	-130.5	5579.66
198	-130.5	4092.79
202.5	-130.5	2624.3
207	-130.5	1699.49
211.5	-130.5	1186.59
216	-130.5	760.249
220.5	-130.5	489.799
225	-130.5	341.006
229.5	-130.5	217.243
234	-130.5	145.339
238.5	-130.5	94.9696
243	-130.5	58.8875
247.5	-130.5	30.6258
252	-130.5	24.584
256.5	-130.5	22.1354
261	-130.5	20.8746
265.5	-130.5	18.9899
270	-130.5	19.277
274.5	-130.5	19.0474
279	-130.5	18.8773
283.5	-130.5	18.4993
288	-130.5	16.7861
292.5	-130.5	15.989
297	-130.5	15.3158
301.5	-130.5	14.3369
306	-130.5	13.5972
310.5	-130.5	11.8754
315	-130.5	13.4525
324	-130.5	11.7808
328.5	-130.5	11.7924
333	-130.5	11.1739
337.5	-130.5	11.1854
342	-130.5	11.4163
346.5	-130.5	10.8609
351	-130.5	9.65462
355.5	-130.5	6.95901
360	-130.5	4.78376
364.5	-130.5	3.18722
369	-130.5	2.22572
373.5	-130.5	1.58441
378	-130.5	1.113
382.5	-130.5	0.662258
387	-130.5	0.474244
391.5	-130.5	0.273625
396	-130.5	0.195996
400.5	-130.5	0.10786
405	-130.5	0.103852
409.5	-130.5	0.11468
414	-130.5	0.108537
418.5	-130.5	0.108529
423	-130.5	0.0988
427.5	-130.5	0.115131
432	-130.5	0.10326
436.5	-130.5	0.084905
441	-130.5	0.08528
445.5	-130.5	0.083111
-396	-126	0.060315
-391.5	-126	0.076259
-387	-126	0.107771
-382.5	-126	0.176638
-378	-126	0.251796
-373.5	-126	0.319205
-369	-126	0.501639
-364.5	-126	0.737858
-360	-126	1.17982
-351	-126	2.57522
-346.5	-126	2.26462
-342	-126	1.7937
-337.5	-126	2.40739
-333	-126	2.10593
-328.5	-126	2.30834
-324	-126	2.31716
-319.5	-126	2.43724
-315	-126	2.28834
-310.5	-126	2.32808
-306	-126	2.20868
-301.5	-126	2.42566
-297	-126	2.10674
-292.5	-126	2.56499
-288	-126	2.49575
-283.5	-126	2.43935
-279	-126	2.2298
-274.5	-126	2.00931
-270	-126	2.11232
-265.5	-126	2.04645
-261	-126	2.04151
-256.5	-126	2.05606
-252	-126	2.48252
-157.5	-126	63918.9
-153	-126	291490
-148.5	-126	450890
-144	-126	436411
-139.5	-126	425039
-135	-126	455238
-130.5	-126	464859
-126	-126	431241
-121.5	-126	437326
-117	-126	426213
-112.5	-126	467804
-108	-126	461285
-103.5	-126	563782
-99	-126	578986
-94.5	-126	609878
-90	-126	646594
-85.5	-126	652425
-81	-126	724316
-76.5	-126	768724
-72	-126	858771
-67.5	-126	1.0445e+06
-63	-126	1.43177e+06
-58.5	-126	1.9576e+06
-54	-126	2.26073e+06
-49.5	-126	1.8561e+06
-45	-126	2.35416e+06
-40.5	-126	2.56952e+06
-36	-126	2.57566e+06
-31.5	-126	2.57883e+06
-27	-126	2.92513e+06
-22.5	-126	2.62851e+06
-18	-126	2.72231e+06
-13.5	-126	2.7351e+06
-9	-126	1.66415e+06
-4.5	-126	1.22798e+06
0	-126	1.19201e+06
4.5	-126	1.21841e+06
9	-126	1.14324e+06
13.5	-126	1.04129e+06
18	-126	1.05961e+06
22.5	-126	1.00517e+06
27	-126	1.04625e+06
31.5	-126	1.01309e+06
36	-126	979932
40.5	-126	1.03356e+06
45	-126	1.09156e+06
49.5	-126	1.07629e+06
54	-126	1.14024e+06
58.5	-126	1.15104e+06
63	-126	1.14763e+06
67.5	-126	1.21958e+06
72	-126	1.2694e+06
76.5	-126	1.22915e+06
81	-126	1.35297e+06
85.5	-126	1.4316e+06
90	-126	1.62147e+06
94.5	-126	1.70787e+06
99	-126	1.69385e+06
103.5	-126	1.68582e+06
108	-126	1.65661e+06
112.5	-126	2.02248e+06
117	-126	2.03655e+06
121.5	-126	2.13099e+06
126	-126	2.30911e+06
130.5	-126	4.50388e+06
135	-126	4.67282e+06
139.5	-126	4.60031e+06
144	-126	4.27074e+06
148.5	-126	3.76333e+06
153	-126	1.72664e+06
157.5	-126	691654
162	-126	316965
166.5	-126	140674
171	-126	70743.4
175.5	-126	39805.1
180	-126	22725.3
184.5	-126	13665.9
189	-126	9140.4
193.5	-126	6049.18
198	-126	3803.27
202.5	-126	2533.77
207	-126	1682.02
211.5	-126	1117.94
216	-126	711.603
220.5	-126	481.32
225	-126	326.456
229.5	-126	210.469
234	-126	139.101
238.5	-126	89.2478
243	-126	53.3627
247.5	-126	29.2988
252	-126	23.3259
256.5	-126	21.3595
261	-126	21.5723
265.5	-126	18.7648
270	-126	18.6844
274.5	-126	17.9205
279	-126	18.4059
283.5	-126	17.8962
288	-126	15.7244
292.5	-126	15
297	-126	14.0214
301.5	-126	20.4366
306	-126	13.7333
310.5	-126	13.1864
315	-126	12.2618
319.5	-126	11.7629
324	-126	9.97461
328.5	-126	10.3457
333	-126	10.5489
337.5	-126	14.8224
342	-126	10.6129
346.5	-126	9.39615
351	-126	8.85386
355.5	-126	6.96674
360	-126	4.4666
364.5	-126	2.91654
369	-126	1.99254
373.5	-126	1.55395
378	-126	1.05167
382.5	-126	0.723499
387	-126	0.485102
391.5	-126	0.315865
396	-126	0.161194
400.5	-126	0.10047
405	-126	0.110009
409.5	-126	0.117779
414	-126	0.135686
418.5	-126	0.155474
423	-126	0.154775
427.5	-126	0.099953
432	-126	0.089907
436.5	-126	0.085301
441	-126	0.098795
445.5	-126	0.097311
-405	-121.5	0.031729
-400.5	-121.5	0.03393
-396	-121.5	0.053709
-391.5	-121.5	0.082396
-387	-121.5	0.124803
-382.5	-121.5	0.162209
-378	-121.5	0.238444
-373.5	-121.5	0.341913
-369	-121.5	0.521311
-364.5	-121.5	0.776414
-360	-121.5	0.8871
-355.5	-121.5	2.03973
-351	-121.5	2.50968
-346.5	-121.5	2.61009
-342	-121.5	2.48077
-337.5	-121.5	2.38044
-333	-121.5	2.00065
-328.5	-121.5	2.42141
-324	-121.5	2.05368
-319.5	-121.5	2.28427
-315	-121.5	2.69765
-310.5	-121.5	2.60798
-306	-121.5	2.49589
-301.5	-121.5	2.41256
-297	-121.5	2.37951
-292.5	-121.5	2.24951
-288	-121.5	2.02461
-283.5	-121.5	2.23788
-274.5	-121.5	2.37428
-270	-121.5	2.01377
-265.5	-121.5	1.89217
-261	-121.5	2.12934
-256.5	-121.5	2.29655
-252	-121.5	2.55929
-247.5	-121.5	3.26585
-157.5	-121.5	70605.4
-153	-121.5	308015
-148.5	-121.5	481691
-144	-121.5	453575
-139.5	-121.5	474943
-135	-121.5	440856
-130.5	-121.5	483072
-126	-121.5	488493
-121.5	-121.5	496118
-117	-121.5	456448
-112.5	-121.5	504531
-108	-121.5	458699
-103.5	-121.5	520120
-99	-121.5	629996
-94.5	-121.5	629124
-90	-121.5	634180
-85.5	-121.5	695364
-81	-121.5	671450
-76.5	-121.5	753607
-72	-121.5	793165
-67.5	-121.5	967928
-63	-121.5	1.30963e+06
-58.5	-121.5	1.78675e+06
-54	-121.5	2.26913e+06
-49.5	-121.5	2.19126e+06
-45	-121.5	2.444e+06
-40.5	-121.5	2.68738e+06
-36	-121.5	2.7933e+06
-31.5	-121.5	2.87159e+06
-27	-121.5	3.26035e+06
-22.5	-121.5	3.0116e+06
-18	-121.5	3.0082e+06
-13.5	-121.5	3.10115e+06
-9	-121.5	2.15771e+06
-4.5	-121.5	1.3885e+06
0	-121.5	1.30888e+06
4.5	-121.5	1.26638e+06
9	-121.5	1.1696e+06
13.5	-121.5	1.05625e+06
18	-121.5	1.04684e+06
22.5	-121.5	1.09893e+06
27	-121.5	1.07469e+06
31.5	-121.5	1.07015e+06
36	-121.5	1.02644e+06
40.5	-121.5	1.11521e+06
45	-121.5	1.13841e+06
49.5	-121.5	1.12678e+06
54	-121.5	1.21643e+06
58.5	-121.5	1.11619e+06
63	-121.5	1.25319e+06
67.5	-121.5	1.23755e+06
72	-121.5	1.32636e+06
76.5	-121.5	1.28611e+06
81	-121.5	1.47149e+06
85.5	-121.5	1.64972e+06
90	-121.5	1.71478e+06
94.5	-121.5	1.76373e+06
99	-121.5	1.78935e+06
103.5	-121.5	1.77732e+06
108	-121.5	1.87022e+06
112.5	-121.5	2.11789e+06
117	-121.5	2.13041e+06
121.5	-121.5	2.29349e+06
126	-121.5	3.65119e+06
130.5	-121.5	5.08293e+06
135	-121.5	4.63519e+06
139.5	-121.5	4.50017e+06
144	-121.5	4.40396e+06
148.5	-121.5	4.06776e+06
153	-121.5	1.64575e+06
157.5	-121.5	613243
162	-121.5	277336
166.5	-121.5	113452
171	-121.5	67587.4
175.5	-121.5	36344.2
180	-121.5	21195
184.5	-121.5	12809.5
189	-121.5	7885.83
193.5	-121.5	5316.3
198	-121.5	3543.45
202.5	-121.5	2359.34
207	-121.5	1543.15
211.5	-121.5	1036.15
216	-121.5	697.188
220.5	-121.5	482.108
225	-121.5	327.296
229.5	-121.5	214.391
234	-121.5	138.798
238.5	-121.5	90.1643
243	-121.5	54.9571
247.5	-121.5	29.6101
252	-121.5	23.1081
256.5	-121.5	22.5736
261	-121.5	19.9279
265.5	-121.5	18.9199
270	-121.5	18.5213
274.5	-121.5	16.2852
279	-121.5	16.3676
283.5	-121.5	16.1543
288	-121.5	13.6032
292.5	-121.5	12.8959
297	-121.5	12.6617
301.5	-121.5	11.6258
306	-121.5	12.182
310.5	-121.5	13.4636
315	-121.5	12.3937
319.5	-121.5	13.2232
324	-121.5	12.1998
328.5	-121.5	10.7558
333	-121.5	10.562
337.5	-121.5	10.3769
342	-121.5	11.3402
346.5	-121.5	10.1218
351	-121.5	9.91917
355.5	-121.5	7.47018
360	-121.5	4.4531
364.5	-121.5	3.16646
369	-121.5	2.34543
373.5	-121.5	1.67007
378	-121.5	0.988428
382.5	-121.5	0.735439
387	-121.5	0.462924
391.5	-121.5	0.268939
396	-121.5	0.164781
400.5	-121.5	0.117127
405	-121.5	0.137592
409.5	-121.5	0.120396
414	-121.5	0.128464
418.5	-121.5	0.125108
423	-121.5	0.111516
427.5	-121.5	0.096149
432	-121.5	0.102313
436.5	-121.5	0.115967
441	-121.5	0.10267
445.5	-121.5	0.087337
-391.5	-117	0.083363
-387	-117	0.115561
-382.5	-117	0.172324
-378	-117	0.273061
-373.5	-117	0.388991
-364.5	-117	0.857942
-360	-117	1.17029
-355.5	-117	1.63543
-351	-117	3.9057
-346.5	-117	2.65306
-342	-117	2.00663
-337.5	-117	3.04325
-333	-117	4.27578
-328.5	-117	2.4491
-324	-117	2.21789
-319.5	-117	1.81868
-315	-117	2.10544
-310.5	-117	2.23815
-306	-117	2.14575
-301.5	-117	2.75588
-297	-117	3.3324
-292.5	-117	3.13857
-288	-117	3.19454
-283.5	-117	3.08426
-279	-117	2.47766
-274.5	-117	2.70044
-270	-117	2.0546
-265.5	-117	2.15662
-261	-117	2.09446
-256.5	-117	2.23278
-252	-117	2.58534
-162	-117	21506.5
-157.5	-117	64366.9
-153	-117	355207
-148.5	-117	432879
-144	-117	464144
-139.5	-117	460771
-135	-117	495400
-130.5	-117	513176
-126	-117	467656
-121.5	-117	473110
-117	-117	451694
-112.5	-117	515904
-108	-117	509490
-103.5	-117	530412
-99	-117	585184
-94.5	-117	694901
-90	-117	745483
-85.5	-117	638633
-81	-117	769324
-76.5	-117	727544
-72	-117	812464
-67.5	-117	873269
-63	-117	1.10131e+06
-58.5	-117	1.69427e+06
-54	-117	2.20527e+06
-49.5	-117	2.71011e+06
-45	-117	2.48062e+06
-40.5	-117	2.96024e+06
-36	-117	3.07793e+06
-31.5	-117	3.2231e+06
-27	-117	3.47642e+06
-22.5	-117	3.45276e+06
-18	-117	3.36026e+06
-13.5	-117	3.56019e+06
-9	-117	2.69306e+06
-4.5	-117	1.5082e+06
0	-117	1.36414e+06
4.5	-117	1.2946e+06
9	-117	1.22469e+06
13.5	-117	1.1793e+06
18	-117	1.04688e+06
22.5	-117	1.15516e+06
27	-117	1.07453e+06
31.5	-117	1.1483e+06
36	-117	1.15072e+06
40.5	-117	1.16062e+06
45	-117	1.24728e+06
49.5	-117	1.30181e+06
54	-117	1.35557e+06
58.5	-117	1.14097e+06
63	-117	1.31257e+06
67.5	-117	1.24713e+06
72	-117	1.36214e+06
76.5	-117	1.45952e+06
81	-117	1.53463e+06
85.5	-117	1.7949e+06
90	-117	1.94992e+06
94.5	-117	1.9206e+06
99	-117	1.88821e+06
103.5	-117	1.84377e+06
108	-117	2.09159e+06
112.5	-117	2.15858e+06
117	-117	2.36017e+06
121.5	-117	3.01654e+06
126	-117	5.31386e+06
130.5	-117	4.9546e+06
135	-117	4.78587e+06
139.5	-117	4.29596e+06
144	-117	4.97476e+06
148.5	-117	3.89201e+06
153	-117	1.44766e+06
157.5	-117	538755
162	-117	192663
166.5	-117	102750
171	-117	59770.9
175.5	-117	32079.1
180	-117	18786.5
184.5	-117	11790.9
189	-117	8126.61
193.5	-117	5136.06
198	-117	3502.97
202.5	-117	2188.21
207	-117	1487.74
211.5	-117	1039.12
216	-117	665.485
220.5	-117	440.156
225	-117	283.711
229.5	-117	196.208
234	-117	128.45
238.5	-117	85.5345
243	-117	52.7249
247.5	-117	29.1397
252	-117	21.7535
261	-117	20.4101
265.5	-117	18.5348
270	-117	20.5135
274.5	-117	17.0153
279	-117	15.5247
283.5	-117	14.2491
288	-117	14.284
292.5	-117	15.1204
297	-117	15.3874
301.5	-117	12.8851
306	-117	12.2848
310.5	-117	12.7334
315	-117	11.3093
319.5	-117	10.8027
324	-117	11.205
328.5	-117	10.9379
333	-117	11.6604
337.5	-117	10.9397
342	-117	10.1269
346.5	-117	9.3456
351	-117	13.7666
355.5	-117	6.90413
360	-117	5.07645
364.5	-117	3.39438
369	-117	2.15053
373.5	-117	1.54165
378	-117	1.12925
382.5	-117	0.689262
387	-117	0.454096
391.5	-117	0.278632
396	-117	0.179563
400.5	-117	0.143448
405	-117	0.134585
409.5	-117	0.107822
414	-117	0.118858
418.5	-117	0.104139
423	-117	0.100142
427.5	-117	0.101038
432	-117	0.106066
436.5	-117	0.102502
441	-117	0.103299
445.5	-117	0.097465
-396	-112.5	0.079552
-391.5	-112.5	0.092554
-387	-112.5	0.136127
-382.5	-112.5	0.191024
-378	-112.5	0.281134
-373.5	-112.5	0.380556
-369	-112.5	0.566726
-355.5	-112.5	1.64923
-351	-112.5	1.90768
-346.5	-112.5	2.37041
-337.5	-112.5	2.5839
-333	-112.5	9.68729
-328.5	-112.5	2.89352
-324	-112.5	2.44516
-319.5	-112.5	3.26308
-315	-112.5	3.17848
-310.5	-112.5	3.65332
-306	-112.5	3.40123
-301.5	-112.5	4.74027
-297	-112.5	2.55958
-292.5	-112.5	2.98961
-288	-112.5	3.66429
-283.5	-112.5	2.86103
-279	-112.5	2.93857
-274.5	-112.5	2.70782
-270	-112.5	2.40122
-265.5	-112.5	2.53964
-261	-112.5	2.22486
-256.5	-112.5	2.03057
-252	-112.5	2.18841
-247.5	-112.5	2.89845
-157.5	-112.5	75901.7
-153	-112.5	357524
-148.5	-112.5	503760
-144	-112.5	453404
-139.5	-112.5	470448
-135	-112.5	481010
-130.5	-112.5	437581
-126	-112.5	487712
-121.5	-112.5	498941
-117	-112.5	512205
-112.5	-112.5	530941
-108	-112.5	480156
-103.5	-112.5	476855
-99	-112.5	554304
-94.5	-112.5	677930
-90	-112.5	700418
-85.5	-112.5	726346
-81	-112.5	705870
-76.5	-112.5	722378
-72	-112.5	852130
-67.5	-112.5	1.00007e+06
-63	-112.5	1.0203e+06
-58.5	-112.5	1.44203e+06
-54	-112.5	2.22441e+06
-49.5	-112.5	2.77006e+06
-45	-112.5	2.6654e+06
-40.5	-112.5	3.30518e+06
-36	-112.5	3.70329e+06
-31.5	-112.5	3.63109e+06
-27	-112.5	3.67745e+06
-22.5	-112.5	3.89996e+06
-18	-112.5	3.90369e+06
-13.5	-112.5	4.08384e+06
-9	-112.5	3.40737e+06
-4.5	-112.5	1.79068e+06
0	-112.5	1.59262e+06
4.5	-112.5	1.39237e+06
9	-112.5	1.36296e+06
13.5	-112.5	1.33165e+06
18	-112.5	1.23655e+06
22.5	-112.5	1.31432e+06
27	-112.5	1.19164e+06
31.5	-112.5	1.29779e+06
36	-112.5	1.23935e+06
40.5	-112.5	1.2658e+06
45	-112.5	1.30067e+06
49.5	-112.5	1.32093e+06
54	-112.5	1.41955e+06
58.5	-112.5	1.37547e+06
63	-112.5	1.33951e+06
67.5	-112.5	1.33466e+06
72	-112.5	1.42357e+06
76.5	-112.5	1.49998e+06
81	-112.5	1.62054e+06
85.5	-112.5	1.92756e+06
90	-112.5	1.97175e+06
94.5	-112.5	2.06261e+06
99	-112.5	2.12455e+06
103.5	-112.5	2.21612e+06
108	-112.5	2.3522e+06
112.5	-112.5	2.43678e+06
117	-112.5	2.86533e+06
121.5	-112.5	4.65206e+06
126	-112.5	5.66008e+06
130.5	-112.5	5.14328e+06
135	-112.5	4.73963e+06
139.5	-112.5	4.92573e+06
144	-112.5	4.97124e+06
148.5	-112.5	3.69557e+06
153	-112.5	1.11274e+06
157.5	-112.5	443054
162	-112.5	183022
166.5	-112.5	90537.9
171	-112.5	51688.3
175.5	-112.5	28748.2
180	-112.5	16562.9
184.5	-112.5	11439.2
189	-112.5	7296.96
193.5	-112.5	4645.34
198	-112.5	3124.7
202.5	-112.5	2235.34
207	-112.5	1446.67
211.5	-112.5	949.781
216	-112.5	614.742
220.5	-112.5	423.354
225	-112.5	276.12
229.5	-112.5	184.56
234	-112.5	122.942
238.5	-112.5	77.8092
243	-112.5	49.1031
247.5	-112.5	28.5683
252	-112.5	23.3733
256.5	-112.5	21.2312
261	-112.5	19.9648
265.5	-112.5	19.1583
270	-112.5	18.5109
274.5	-112.5	17.6336
279	-112.5	15.4678
288	-112.5	14.8518
292.5	-112.5	16.7396
297	-112.5	13.6757
301.5	-112.5	12.6466
306	-112.5	14.562
310.5	-112.5	12.2686
315	-112.5	11.3681
328.5	-112.5	11.8783
333	-112.5	12.447
337.5	-112.5	10.9463
342	-112.5	10.2881
346.5	-112.5	10.1812
351	-112.5	9.95935
355.5	-112.5	8.99165
360	-112.5	5.20887
364.5	-112.5	3.90764
369	-112.5	2.6436
373.5	-112.5	1.66907
378	-112.5	1.17959
382.5	-112.5	0.738477
387	-112.5	0.485523
391.5	-112.5	0.309391
396	-112.5	0.177805
400.5	-112.5	0.126095
405	-112.5	0.122946
409.5	-112.5	0.135284
414	-112.5	0.168543
418.5	-112.5	0.129445
423	-112.5	0.109658
427.5	-112.5	0.115799
432	-112.5	0.093358
436.5	-112.5	0.099145
441	-112.5	0.110572
445.5	-112.5	0.104954
-396	-108	0.074177
-391.5	-108	0.11381
-387	-108	0.142092
-382.5	-108	0.191365
-378	-108	0.273891
-373.5	-108	0.410483
-369	-108	0.634315
-355.5	-108	1.81623
-351	-108	2.21266
-346.5	-108	2.29198
-342	-108	3.11483
-333	-108	2.71583
-328.5	-108	2.66234
-324	-108	2.42331
-319.5	-108	2.42414
-315	-108	2.53923
-310.5	-108	2.94135
-306	-108	2.40335
-301.5	-108	2.9857
-292.5	-108	2.88099
-288	-108	2.74724
-283.5	-108	3.11284
-279	-108	3.02634
-274.5	-108	3.06249
-270	-108	2.81149
-265.5	-108	2.38286
-261	-108	2.543
-256.5	-108	2.3385
-252	-108	2.42767
-247.5	-108	3.04814
-225	-108	40.4091
-220.5	-108	68.1096
-166.5	-108	12738.1
-157.5	-108	78904.5
-153	-108	331469
-148.5	-108	530721
-144	-108	490843
-139.5	-108	471600
-135	-108	477720
-130.5	-108	482942
-126	-108	474458
-121.5	-108	512959
-117	-108	523320
-112.5	-108	510313
-108	-108	453847
-103.5	-108	480671
-99	-108	521477
-94.5	-108	576107
-90	-108	702800
-85.5	-108	762924
-81	-108	857343
-76.5	-108	877984
-72	-108	885342
-67.5	-108	1.00808e+06
-63	-108	1.0799e+06
-58.5	-108	1.24587e+06
-54	-108	2.05121e+06
-49.5	-108	2.9086e+06
-45	-108	3.31975e+06
-40.5	-108	3.57135e+06
-36	-108	4.21045e+06
-31.5	-108	4.31979e+06
-27	-108	4.34977e+06
-22.5	-108	4.91402e+06
-18	-108	4.89119e+06
-13.5	-108	4.99766e+06
-9	-108	4.54107e+06
-4.5	-108	2.15835e+06
0	-108	1.9458e+06
4.5	-108	1.70653e+06
9	-108	1.50784e+06
13.5	-108	1.4707e+06
18	-108	1.50711e+06
22.5	-108	1.41143e+06
27	-108	1.32069e+06
31.5	-108	1.41302e+06
36	-108	1.36573e+06
40.5	-108	1.37067e+06
45	-108	1.53313e+06
49.5	-108	1.43904e+06
54	-108	1.35779e+06
58.5	-108	1.40688e+06
63	-108	1.30571e+06
67.5	-108	1.50321e+06
72	-108	1.49648e+06
76.5	-108	1.57969e+06
81	-108	1.76179e+06
85.5	-108	2.14314e+06
90	-108	2.06311e+06
94.5	-108	2.23734e+06
99	-108	2.16513e+06
103.5	-108	2.45071e+06
108	-108	2.49212e+06
112.5	-108	2.637e+06
117	-108	3.99867e+06
121.5	-108	5.94357e+06
126	-108	5.66653e+06
130.5	-108	5.27733e+06
135	-108	5.24885e+06
139.5	-108	5.30368e+06
144	-108	4.68768e+06
148.5	-108	3.16526e+06
153	-108	994075
157.5	-108	351182
162	-108	171752
166.5	-108	89850.6
171	-108	46978
175.5	-108	27673.6
180	-108	18563.8
184.5	-108	12048.8
189	-108	8107.16
193.5	-108	4605.28
198	-108	3119.85
202.5	-108	2050.79
207	-108	1392.74
211.5	-108	1008.07
216	-108	633.854
220.5	-108	415.771
225	-108	276.099
229.5	-108	182.002
234	-108	119.234
238.5	-108	78.2355
243	-108	50.2802
247.5	-108	27.6661
252	-108	22.8425
256.5	-108	19.7409
261	-108	20.4345
265.5	-108	17.784
270	-108	17.0689
274.5	-108	16.7305
279	-108	15.4968
283.5	-108	19.5546
288	-108	14.245
292.5	-108	14.5934
297	-108	14.2493
301.5	-108	14.7393
306	-108	11.9331
310.5	-108	11.9877
315	-108	12.4956
319.5	-108	11.2675
324	-108	12.0501
328.5	-108	11.0856
333	-108	10.3838
337.5	-108	11.5636
346.5	-108	11.1348
351	-108	11.6713
355.5	-108	6.75587
360	-108	5.0101
364.5	-108	3.58698
369	-108	2.54059
373.5	-108	1.68389
378	-108	1.12173
382.5	-108	0.702865
387	-108	0.460992
391.5	-108	0.315771
396	-108	0.164381
400.5	-108	0.118928
405	-108	0.133504
409.5	-108	0.13426
414	-108	0.142915
418.5	-108	0.11775
423	-108	0.099599
427.5	-108	0.124872
432	-108	0.120229
436.5	-108	0.134865
441	-108	0.095511
445.5	-108	0.088733
-396	-103.5	0.06192
-387	-103.5	0.155607
-382.5	-103.5	0.241825
-378	-103.5	0.374908
-373.5	-103.5	0.443674
-369	-103.5	0.70033
-355.5	-103.5	1.67995
-351	-103.5	2.17931
-346.5	-103.5	2.46059
-342	-103.5	2.02206
-337.5	-103.5	3.07163
-333	-103.5	3.4126
-328.5	-103.5	2.3559
-324	-103.5	2.27376
-319.5	-103.5	2.52528
-315	-103.5	2.61521
-310.5	-103.5	2.43045
-306	-103.5	3.24839
-301.5	-103.5	2.99192
-297	-103.5	2.46154
-292.5	-103.5	2.81279
-288	-103.5	3.26747
-283.5	-103.5	2.94792
-279	-103.5	3.00681
-274.5	-103.5	3.23171
-270	-103.5	3.71675
-265.5	-103.5	3.43683
-261	-103.5	3.07208
-256.5	-103.5	3.11669
-252	-103.5	3.27109
-229.5	-103.5	22.7194
-225	-103.5	38.8571
-202.5	-103.5	530.069
-193.5	-103.5	1664.56
-162	-103.5	26812.8
-157.5	-103.5	93725.1
-153	-103.5	384038
-148.5	-103.5	515639
-144	-103.5	538655
-139.5	-103.5	491684
-135	-103.5	486797
-130.5	-103.5	528764
-126	-103.5	467255
-121.5	-103.5	475096
-117	-103.5	493842
-112.5	-103.5	497452
-108	-103.5	496962
-103.5	-103.5	456658
-99	-103.5	502274
-94.5	-103.5	546190
-90	-103.5	642765
-85.5	-103.5	779280
-81	-103.5	861895
-76.5	-103.5	900747
-72	-103.5	893088
-67.5	-103.5	1.01603e+06
-63	-103.5	1.10144e+06
-58.5	-103.5	1.22397e+06
-54	-103.5	1.74695e+06
-49.5	-103.5	2.82143e+06
-45	-103.5	4.03396e+06
-40.5	-103.5	4.25648e+06
-36	-103.5	4.92086e+06
-31.5	-103.5	5.70598e+06
-27	-103.5	6.10119e+06
-22.5	-103.5	7.65942e+06
-18	-103.5	8.31262e+06
-13.5	-103.5	9.36398e+06
-9	-103.5	9.96264e+06
-4.5	-103.5	5.01436e+06
0	-103.5	3.37905e+06
4.5	-103.5	2.78616e+06
9	-103.5	2.5549e+06
13.5	-103.5	2.26464e+06
18	-103.5	2.07468e+06
22.5	-103.5	1.77475e+06
27	-103.5	1.69959e+06
31.5	-103.5	1.59338e+06
36	-103.5	1.61713e+06
40.5	-103.5	1.49732e+06
45	-103.5	1.56716e+06
49.5	-103.5	1.58861e+06
54	-103.5	1.41936e+06
58.5	-103.5	1.45918e+06
63	-103.5	1.47263e+06
67.5	-103.5	1.579e+06
72	-103.5	1.71979e+06
76.5	-103.5	1.69337e+06
81	-103.5	1.90014e+06
85.5	-103.5	2.32509e+06
90	-103.5	2.29717e+06
94.5	-103.5	2.39171e+06
99	-103.5	2.44158e+06
103.5	-103.5	2.64436e+06
108	-103.5	2.75037e+06
112.5	-103.5	3.39541e+06
117	-103.5	5.93344e+06
121.5	-103.5	6.1448e+06
126	-103.5	5.92315e+06
130.5	-103.5	5.36504e+06
135	-103.5	5.64019e+06
139.5	-103.5	5.22238e+06
144	-103.5	4.09112e+06
148.5	-103.5	2.67956e+06
153	-103.5	902064
157.5	-103.5	335200
162	-103.5	144895
166.5	-103.5	70356.5
171	-103.5	40081.3
175.5	-103.5	27598.1
180	-103.5	17403.8
184.5	-103.5	12018.6
189	-103.5	7129.93
193.5	-103.5	4675.76
198	-103.5	2967.84
202.5	-103.5	2016.74
207	-103.5	1372.47
211.5	-103.5	951.805
216	-103.5	587.972
220.5	-103.5	389.289
225	-103.5	272.932
229.5	-103.5	181.821
234	-103.5	113.109
238.5	-103.5	72.4246
243	-103.5	44.5493
247.5	-103.5	25.1599
252	-103.5	21.4031
256.5	-103.5	19.9531
261	-103.5	18.8173
265.5	-103.5	17.6579
270	-103.5	17.2603
274.5	-103.5	15.6352
279	-103.5	16.132
288	-103.5	14.3544
292.5	-103.5	13.9492
297	-103.5	13.5373
301.5	-103.5	13.0018
306	-103.5	12.5906
310.5	-103.5	12.2326
315	-103.5	12.1773
319.5	-103.5	12.5798
324	-103.5	12.5623
328.5	-103.5	12.167
333	-103.5	11.2287
337.5	-103.5	12.6955
342	-103.5	13.1332
346.5	-103.5	12.9302
351	-103.5	9.89447
355.5	-103.5	7.05821
360	-103.5	5.31652
364.5	-103.5	3.34501
369	-103.5	2.40402
373.5	-103.5	1.71486
378	-103.5	1.25767
382.5	-103.5	0.806389
387	-103.5	0.521127
391.5	-103.5	0.342178
396	-103.5	0.215369
400.5	-103.5	0.160858
405	-103.5	0.163999
409.5	-103.5	0.142228
414	-103.5	0.109417
418.5	-103.5	0.119267
423	-103.5	0.119171
427.5	-103.5	0.124884
432	-103.5	0.117205
436.5	-103.5	0.093801
441	-103.5	0.10841
445.5	-103.5	0.108205
-396	-99	0.073561
-391.5	-99	0.109783
-387	-99	0.154207
-382.5	-99	0.214878
-378	-99	0.351385
-373.5	-99	0.623104
-369	-99	0.824335
-364.5	-99	1.02835
-360	-99	1.4033
-355.5	-99	1.86397
-351	-99	1.82333
-346.5	-99	2.00112
-342	-99	2.21569
-337.5	-99	2.34796
-333	-99	2.53932
-328.5	-99	2.21163
-324	-99	2.29567
-319.5	-99	2.46725
-315	-99	2.31342
-310.5	-99	2.76336
-306	-99	2.89665
-301.5	-99	3.44305
-297	-99	3.23046
-292.5	-99	2.92373
-288	-99	2.88551
-283.5	-99	3.13681
-279	-99	2.64596
-274.5	-99	2.64176
-270	-99	2.88851
-265.5	-99	3.78798
-261	-99	3.78761
-256.5	-99	3.81615
-252	-99	3.57296
-247.5	-99	4.57771
-243	-99	7.62596
-238.5	-99	9.69323
-216	-99	141.845
-211.5	-99	222.116
-207	-99	269.016
-202.5	-99	601.395
-198	-99	1262.8
-166.5	-99	11560.9
-157.5	-99	80801.5
-153	-99	398440
-148.5	-99	514022
-144	-99	504455
-139.5	-99	525379
-135	-99	542201
-130.5	-99	516201
-126	-99	484689
-121.5	-99	528136
-117	-99	448259
-112.5	-99	479858
-108	-99	466490
-103.5	-99	474598
-99	-99	519760
-94.5	-99	507260
-90	-99	597793
-85.5	-99	735506
-81	-99	856212
-76.5	-99	916708
-72	-99	990032
-67.5	-99	1.00247e+06
-63	-99	1.18359e+06
-58.5	-99	1.25474e+06
-54	-99	1.68229e+06
-49.5	-99	2.56085e+06
-45	-99	4.58789e+06
-40.5	-99	5.91512e+06
-36	-99	7.99892e+06
-31.5	-99	1.05064e+07
-27	-99	1.23478e+07
-22.5	-99	1.33776e+07
-18	-99	1.32529e+07
-13.5	-99	1.38593e+07
-9	-99	1.43687e+07
-4.5	-99	8.97006e+06
0	-99	5.55272e+06
4.5	-99	4.72094e+06
9	-99	4.60473e+06
13.5	-99	4.47019e+06
18	-99	3.79229e+06
22.5	-99	3.48123e+06
27	-99	2.86709e+06
31.5	-99	2.32843e+06
36	-99	1.96088e+06
40.5	-99	1.76397e+06
45	-99	1.85901e+06
49.5	-99	1.81687e+06
54	-99	1.73538e+06
58.5	-99	1.61217e+06
63	-99	1.69198e+06
67.5	-99	1.78889e+06
72	-99	1.80922e+06
76.5	-99	1.90463e+06
81	-99	2.27939e+06
85.5	-99	2.40179e+06
90	-99	2.57645e+06
94.5	-99	2.52618e+06
99	-99	2.87524e+06
103.5	-99	3.03447e+06
108	-99	3.13659e+06
112.5	-99	5.27807e+06
117	-99	6.63678e+06
121.5	-99	6.46258e+06
126	-99	5.88059e+06
130.5	-99	6.05849e+06
135	-99	5.52363e+06
139.5	-99	4.58834e+06
144	-99	3.5809e+06
148.5	-99	2.47993e+06
153	-99	781371
157.5	-99	287140
162	-99	112292
166.5	-99	63851.8
171	-99	41258.4
175.5	-99	26972
180	-99	17510.8
184.5	-99	11086.7
189	-99	7219.4
193.5	-99	4761.15
198	-99	3134.84
202.5	-99	2023.84
207	-99	1383.43
211.5	-99	867.97
216	-99	568.618
220.5	-99	384.272
225	-99	250.851
229.5	-99	169.334
234	-99	111.414
238.5	-99	72.4412
243	-99	44.1206
247.5	-99	24.4529
252	-99	20.0699
256.5	-99	19.0384
261	-99	18.2834
265.5	-99	18.4465
270	-99	17.7849
274.5	-99	16.8654
279	-99	15.3346
288	-99	14.2932
292.5	-99	13.3444
297	-99	13.4288
301.5	-99	12.4313
306	-99	12.2994
310.5	-99	11.7244
315	-99	11.1165
319.5	-99	11.8106
324	-99	12.4175
328.5	-99	12.596
333	-99	10.904
337.5	-99	10.0792
342	-99	11.2284
346.5	-99	11.1295
351	-99	9.85994
355.5	-99	6.39264
360	-99	4.32108
364.5	-99	3.48737
369	-99	2.38632
373.5	-99	1.68422
378	-99	1.15184
382.5	-99	0.748616
387	-99	0.496677
391.5	-99	0.304812
396	-99	0.173787
400.5	-99	0.118713
405	-99	0.141184
409.5	-99	0.125521
414	-99	0.13211
418.5	-99	0.122114
423	-99	0.111843
427.5	-99	0.116345
432	-99	0.121634
436.5	-99	0.112986
441	-99	0.114419
445.5	-99	0.131072
-396	-94.5	0.095444
-391.5	-94.5	0.126949
-387	-94.5	0.18474
-382.5	-94.5	0.273425
-378	-94.5	0.381263
-373.5	-94.5	0.582391
-369	-94.5	0.769278
-364.5	-94.5	1.08714
-360	-94.5	1.62831
-355.5	-94.5	2.14364
-351	-94.5	2.57731
-346.5	-94.5	2.46811
-342	-94.5	2.68622
-337.5	-94.5	3.03257
-333	-94.5	2.54748
-328.5	-94.5	2.98988
-324	-94.5	2.44055
-319.5	-94.5	2.69661
-315	-94.5	2.75617
-310.5	-94.5	2.81284
-306	-94.5	2.6655
-301.5	-94.5	2.64561
-297	-94.5	3.84473
-292.5	-94.5	3.33882
-288	-94.5	3.57999
-283.5	-94.5	3.42991
-279	-94.5	3.68882
-274.5	-94.5	3.57342
-270	-94.5	3.56916
-265.5	-94.5	3.67818
-261	-94.5	3.64898
-256.5	-94.5	4.41886
-252	-94.5	4.45636
-243	-94.5	9.46774
-234	-94.5	20.5694
-229.5	-94.5	31.9517
-220.5	-94.5	100.536
-216	-94.5	119.365
-211.5	-94.5	192.506
-207	-94.5	331.543
-202.5	-94.5	695.479
-198	-94.5	973.091
-166.5	-94.5	12648.6
-162	-94.5	23928.7
-157.5	-94.5	86984.1
-153	-94.5	457990
-148.5	-94.5	593181
-144	-94.5	543962
-139.5	-94.5	548871
-135	-94.5	541078
-130.5	-94.5	509761
-126	-94.5	498785
-121.5	-94.5	503831
-117	-94.5	496624
-112.5	-94.5	477667
-108	-94.5	465171
-103.5	-94.5	447344
-99	-94.5	499004
-94.5	-94.5	532940
-90	-94.5	606812
-85.5	-94.5	665962
-81	-94.5	815622
-76.5	-94.5	1.05596e+06
-72	-94.5	1.11716e+06
-67.5	-94.5	1.1245e+06
-63	-94.5	1.19934e+06
-58.5	-94.5	1.31683e+06
-54	-94.5	1.72804e+06
-49.5	-94.5	2.73418e+06
-45	-94.5	6.90993e+06
-40.5	-94.5	1.11848e+07
-36	-94.5	1.2531e+07
-31.5	-94.5	1.46426e+07
-27	-94.5	1.47979e+07
-22.5	-94.5	1.45689e+07
-18	-94.5	1.43277e+07
-13.5	-94.5	1.46705e+07
-9	-94.5	1.53642e+07
-4.5	-94.5	1.28436e+07
0	-94.5	9.58231e+06
4.5	-94.5	9.02476e+06
9	-94.5	8.12726e+06
13.5	-94.5	7.77949e+06
18	-94.5	6.89019e+06
22.5	-94.5	5.91507e+06
27	-94.5	5.10046e+06
31.5	-94.5	4.06966e+06
36	-94.5	3.62104e+06
40.5	-94.5	2.75988e+06
45	-94.5	2.22562e+06
49.5	-94.5	2.08972e+06
54	-94.5	2.04463e+06
58.5	-94.5	1.93126e+06
63	-94.5	1.85918e+06
67.5	-94.5	1.99916e+06
72	-94.5	2.03105e+06
76.5	-94.5	2.19507e+06
81	-94.5	2.47935e+06
85.5	-94.5	2.65273e+06
90	-94.5	2.9919e+06
94.5	-94.5	2.89528e+06
99	-94.5	3.09626e+06
103.5	-94.5	3.27285e+06
108	-94.5	4.26458e+06
112.5	-94.5	7.08097e+06
117	-94.5	6.89348e+06
121.5	-94.5	6.51151e+06
126	-94.5	6.46815e+06
130.5	-94.5	6.15771e+06
135	-94.5	5.14225e+06
139.5	-94.5	3.93779e+06
144	-94.5	3.22189e+06
148.5	-94.5	2.19939e+06
153	-94.5	745333
157.5	-94.5	255443
162	-94.5	133988
166.5	-94.5	66880.7
171	-94.5	45350.6
175.5	-94.5	27230.5
180	-94.5	16317.5
184.5	-94.5	11130.3
189	-94.5	7679.11
193.5	-94.5	4932.37
198	-94.5	3126.74
202.5	-94.5	2170.72
207	-94.5	1339.1
211.5	-94.5	797.878
216	-94.5	514.934
220.5	-94.5	358.709
225	-94.5	248.464
229.5	-94.5	165.472
234	-94.5	109.927
238.5	-94.5	67.7024
243	-94.5	41.7355
247.5	-94.5	23.6773
252	-94.5	18.3792
256.5	-94.5	17.9352
261	-94.5	18.8949
265.5	-94.5	18.6246
270	-94.5	17.3949
274.5	-94.5	15.3602
279	-94.5	15.5332
283.5	-94.5	14.2849
288	-94.5	14.3861
292.5	-94.5	13.3527
297	-94.5	12.3674
301.5	-94.5	11.7857
306	-94.5	12.2554
310.5	-94.5	12.4676
315	-94.5	11.5366
319.5	-94.5	10.7235
324	-94.5	11.8012
333	-94.5	11.0883
337.5	-94.5	10.4927
342	-94.5	11.2286
346.5	-94.5	10.5043
351	-94.5	8.94125
355.5	-94.5	7.039
360	-94.5	5.52545
364.5	-94.5	3.36355
369	-94.5	2.19637
373.5	-94.5	1.59678
378	-94.5	1.05525
382.5	-94.5	0.712308
387	-94.5	0.479219
391.5	-94.5	0.306776
396	-94.5	0.192663
400.5	-94.5	0.137847
405	-94.5	0.151422
409.5	-94.5	0.137924
414	-94.5	0.124515
418.5	-94.5	0.121732
423	-94.5	0.124477
427.5	-94.5	0.123782
432	-94.5	0.126005
436.5	-94.5	0.108004
441	-94.5	0.092161
445.5	-94.5	0.10619
-396	-90	0.075061
-391.5	-90	0.113175
-387	-90	0.153202
-382.5	-90	0.253293
-378	-90	0.348611
-373.5	-90	0.512356
-369	-90	0.7014
-364.5	-90	0.914271
-360	-90	1.32617
-351	-90	2.43209
-346.5	-90	2.89827
-342	-90	3.43458
-337.5	-90	2.62206
-333	-90	2.73945
-328.5	-90	2.76461
-324	-90	2.61417
-319.5	-90	2.42517
-315	-90	3.57671
-310.5	-90	2.84409
-306	-90	3.04532
-301.5	-90	2.87869
-297	-90	2.60062
-292.5	-90	2.93008
-288	-90	2.58319
-283.5	-90	2.86215
-279	-90	3.43726
-274.5	-90	3.28252
-270	-90	3.61763
-265.5	-90	3.50014
-261	-90	3.26798
-256.5	-90	3.67685
-252	-90	4.85843
-247.5	-90	8.668
-243	-90	11.9093
-238.5	-90	16.7356
-234	-90	25.0306
-229.5	-90	30.7668
-225	-90	44.8672
-220.5	-90	66.2146
-216	-90	109.957
-211.5	-90	181.906
-207	-90	326.782
-202.5	-90	420.696
-162	-90	26518.9
-157.5	-90	108760
-153	-90	435638
-148.5	-90	587650
-144	-90	557699
-139.5	-90	591780
-135	-90	593394
-130.5	-90	570510
-126	-90	495629
-121.5	-90	519604
-117	-90	510113
-112.5	-90	488999
-108	-90	470168
-103.5	-90	440387
-99	-90	413924
-94.5	-90	430024
-90	-90	489267
-85.5	-90	658922
-81	-90	772975
-76.5	-90	937198
-72	-90	1.16029e+06
-67.5	-90	1.27413e+06
-63	-90	1.3143e+06
-58.5	-90	1.47737e+06
-54	-90	2.20019e+06
-49.5	-90	4.0701e+06
-45	-90	9.91551e+06
-40.5	-90	1.3994e+07
-36	-90	1.35959e+07
-31.5	-90	1.49681e+07
-27	-90	1.55868e+07
-22.5	-90	1.56019e+07
-18	-90	1.60204e+07
-13.5	-90	1.61234e+07
-9	-90	1.67416e+07
-4.5	-90	1.69592e+07
0	-90	1.56809e+07
4.5	-90	1.58374e+07
9	-90	1.46257e+07
13.5	-90	1.37129e+07
18	-90	1.22889e+07
22.5	-90	1.0037e+07
27	-90	8.55089e+06
31.5	-90	7.15223e+06
36	-90	6.0818e+06
40.5	-90	5.06059e+06
45	-90	3.55959e+06
49.5	-90	2.84006e+06
54	-90	2.28189e+06
58.5	-90	2.17669e+06
63	-90	2.10606e+06
67.5	-90	2.26022e+06
72	-90	2.35882e+06
76.5	-90	2.53949e+06
81	-90	2.84542e+06
85.5	-90	2.99951e+06
90	-90	3.27166e+06
94.5	-90	3.27267e+06
99	-90	3.56343e+06
103.5	-90	3.85721e+06
108	-90	6.70796e+06
112.5	-90	7.88213e+06
117	-90	7.38977e+06
121.5	-90	6.94234e+06
126	-90	6.66879e+06
130.5	-90	5.77028e+06
135	-90	4.5146e+06
139.5	-90	3.58126e+06
144	-90	3.05838e+06
148.5	-90	2.28368e+06
153	-90	625132
157.5	-90	280167
162	-90	135358
166.5	-90	81489.2
171	-90	40887.7
175.5	-90	24741.1
180	-90	15538.4
184.5	-90	10472
189	-90	7024.84
193.5	-90	4602.62
198	-90	3136.49
202.5	-90	1865.71
207	-90	1104.59
211.5	-90	765.323
216	-90	533.711
220.5	-90	370.744
225	-90	241.731
229.5	-90	162.843
234	-90	109.004
238.5	-90	68.5297
243	-90	44.2252
247.5	-90	23.5237
252	-90	18.8803
256.5	-90	17.715
261	-90	17.056
265.5	-90	17.9114
270	-90	17.1289
274.5	-90	16.4968
279	-90	14.2201
283.5	-90	13.8792
288	-90	13.8954
292.5	-90	14.0536
297	-90	13.4397
301.5	-90	11.9806
306	-90	11.0636
310.5	-90	11.1873
315	-90	11.3084
319.5	-90	11.989
324	-90	11.1334
328.5	-90	11.6281
333	-90	10.7199
337.5	-90	10.791
342	-90	11.9879
346.5	-90	11.8094
351	-90	9.12205
355.5	-90	6.37513
360	-90	5.0605
364.5	-90	3.97773
369	-90	2.39704
373.5	-90	1.60807
378	-90	1.29432
382.5	-90	0.894052
387	-90	0.549004
391.5	-90	0.361571
396	-90	0.220419
400.5	-90	0.177411
405	-90	0.152138
409.5	-90	0.137353
414	-90	0.124561
418.5	-90	0.132581
423	-90	0.156464
427.5	-90	0.139233
432	-90	0.108705
436.5	-90	0.104896
441	-90	0.101144
445.5	-90	0.130565
-391.5	-85.5	0.152257
-387	-85.5	0.200888
-382.5	-85.5	0.255217
-378	-85.5	0.349473
-373.5	-85.5	0.529208
-369	-85.5	0.794277
-364.5	-85.5	0.957595
-360	-85.5	1.58869
-355.5	-85.5	2.25993
-351	-85.5	4.11061
-346.5	-85.5	2.46552
-342	-85.5	2.54669
-337.5	-85.5	3.18635
-333	-85.5	3.57301
-328.5	-85.5	2.60484
-324	-85.5	2.23243
-319.5	-85.5	2.50065
-315	-85.5	2.84712
-310.5	-85.5	2.70885
-306	-85.5	2.53153
-301.5	-85.5	2.70764
-297	-85.5	2.79859
-292.5	-85.5	2.78136
-288	-85.5	3.04004
-283.5	-85.5	3.18017
-279	-85.5	3.61196
-274.5	-85.5	3.22934
-270	-85.5	4.03136
-265.5	-85.5	3.6872
-261	-85.5	3.50014
-256.5	-85.5	3.2771
-252	-85.5	3.93728
-247.5	-85.5	7.08075
-238.5	-85.5	22.1257
-234	-85.5	33.5095
-229.5	-85.5	39.9801
-225	-85.5	63.5824
-220.5	-85.5	80.491
-216	-85.5	103.852
-211.5	-85.5	185.404
-207	-85.5	293.739
-157.5	-85.5	104349
-153	-85.5	503382
-148.5	-85.5	651031
-144	-85.5	639018
-139.5	-85.5	610364
-135	-85.5	627454
-130.5	-85.5	611913
-126	-85.5	566522
-121.5	-85.5	573098
-117	-85.5	547002
-112.5	-85.5	485939
-108	-85.5	448403
-103.5	-85.5	412125
-99	-85.5	414568
-94.5	-85.5	391380
-90	-85.5	513112
-85.5	-85.5	621582
-81	-85.5	848817
-76.5	-85.5	995427
-72	-85.5	1.18213e+06
-67.5	-85.5	1.35318e+06
-63	-85.5	1.46623e+06
-58.5	-85.5	2.28226e+06
-54	-85.5	3.48665e+06
-49.5	-85.5	5.58823e+06
-45	-85.5	1.04458e+07
-40.5	-85.5	1.49323e+07
-36	-85.5	1.52418e+07
-31.5	-85.5	1.54694e+07
-27	-85.5	1.6901e+07
-22.5	-85.5	1.73239e+07
-18	-85.5	1.78039e+07
-13.5	-85.5	1.81015e+07
-9	-85.5	1.92485e+07
-4.5	-85.5	2.00397e+07
0	-85.5	2.10481e+07
4.5	-85.5	2.27991e+07
9	-85.5	2.16824e+07
13.5	-85.5	2.1813e+07
18	-85.5	2.00925e+07
22.5	-85.5	1.75589e+07
27	-85.5	1.46366e+07
31.5	-85.5	1.24861e+07
36	-85.5	9.66983e+06
40.5	-85.5	8.18928e+06
45	-85.5	6.26368e+06
49.5	-85.5	4.89274e+06
54	-85.5	3.68101e+06
58.5	-85.5	2.7645e+06
63	-85.5	2.58841e+06
67.5	-85.5	2.56823e+06
72	-85.5	2.70973e+06
76.5	-85.5	3.01939e+06
81	-85.5	3.14413e+06
85.5	-85.5	3.34483e+06
90	-85.5	3.53769e+06
94.5	-85.5	3.827e+06
99	-85.5	4.08483e+06
103.5	-85.5	5.93791e+06
108	-85.5	8.63387e+06
112.5	-85.5	8.49623e+06
117	-85.5	7.53696e+06
121.5	-85.5	7.50942e+06
126	-85.5	6.62605e+06
130.5	-85.5	5.37126e+06
135	-85.5	3.91164e+06
139.5	-85.5	3.1177e+06
144	-85.5	3.07093e+06
148.5	-85.5	2.21438e+06
153	-85.5	671967
157.5	-85.5	277440
162	-85.5	138097
166.5	-85.5	76811.3
171	-85.5	43202.2
175.5	-85.5	27598.5
180	-85.5	18190.6
184.5	-85.5	11880.6
189	-85.5	7256.62
193.5	-85.5	4090.56
198	-85.5	2570.57
202.5	-85.5	1699.17
207	-85.5	1140.84
211.5	-85.5	725.5
216	-85.5	554.661
220.5	-85.5	360.035
225	-85.5	244.269
229.5	-85.5	155.991
234	-85.5	100.921
238.5	-85.5	65.1413
243	-85.5	41.354
247.5	-85.5	22.6307
252	-85.5	19.8118
256.5	-85.5	18.6778
261	-85.5	18.1703
265.5	-85.5	20.3725
270	-85.5	17.1313
274.5	-85.5	15.1637
279	-85.5	15.3689
283.5	-85.5	15.5971
288	-85.5	15.4464
292.5	-85.5	14.9917
297	-85.5	15.7395
301.5	-85.5	13.3004
306	-85.5	12.2769
310.5	-85.5	11.6779
315	-85.5	11.7838
319.5	-85.5	11.9101
324	-85.5	11.1848
328.5	-85.5	10.8352
333	-85.5	10.4793
337.5	-85.5	9.87908
342	-85.5	10.3677
346.5	-85.5	10.3781
351	-85.5	9.68422
355.5	-85.5	6.62123
360	-85.5	5.03566
364.5	-85.5	3.19774
369	-85.5	2.77207
373.5	-85.5	1.78385
378	-85.5	1.16913
382.5	-85.5	0.827878
387	-85.5	0.510728
391.5	-85.5	0.345587
396	-85.5	0.223597
400.5	-85.5	0.150436
405	-85.5	0.146578
409.5	-85.5	0.142806
414	-85.5	0.169044
418.5	-85.5	0.159907
423	-85.5	0.157104
427.5	-85.5	0.198059
432	-85.5	0.147639
436.5	-85.5	0.117868
441	-85.5	0.131838
445.5	-85.5	0.101802
-396	-81	0.138827
-391.5	-81	0.227977
-387	-81	0.365285
-382.5	-81	0.404007
-378	-81	0.406598
-373.5	-81	0.586963
-369	-81	0.78388
-364.5	-81	1.09241
-360	-81	1.64938
-355.5	-81	1.8114
-351	-81	2.22526
-346.5	-81	2.23589
-342	-81	2.56009
-337.5	-81	2.65047
-333	-81	2.60593
-328.5	-81	3.21001
-324	-81	4.0365
-319.5	-81	3.60801
-315	-81	2.78942
-310.5	-81	2.90428
-306	-81	2.88631
-292.5	-81	3.16721
-288	-81	2.99743
-283.5	-81	3.15956
-279	-81	3.19208
-274.5	-81	3.77296
-270	-81	3.59327
-265.5	-81	3.77103
-261	-81	4.04027
-256.5	-81	3.83255
-252	-81	3.97442
-247.5	-81	5.78834
-243	-81	9.70625
-238.5	-81	18.6061
-234	-81	33.8986
-229.5	-81	60.1775
-225	-81	92.6207
-220.5	-81	145.09
-216	-81	197.419
-211.5	-81	243.952
-207	-81	414.807
-202.5	-81	868.616
-198	-81	1513.82
-171	-81	10096.8
-157.5	-81	113425
-153	-81	506096
-148.5	-81	727660
-144	-81	760489
-139.5	-81	653992
-135	-81	643145
-130.5	-81	685552
-126	-81	615554
-121.5	-81	609184
-117	-81	551815
-112.5	-81	527959
-108	-81	479032
-103.5	-81	385028
-99	-81	395318
-94.5	-81	504882
-90	-81	579808
-85.5	-81	679568
-81	-81	977747
-76.5	-81	1.11627e+06
-72	-81	1.37043e+06
-67.5	-81	1.64427e+06
-63	-81	2.50686e+06
-58.5	-81	3.46032e+06
-54	-81	5.08109e+06
-49.5	-81	7.3437e+06
-45	-81	1.20157e+07
-40.5	-81	1.66779e+07
-36	-81	1.70042e+07
-31.5	-81	1.67469e+07
-27	-81	1.85688e+07
-22.5	-81	1.96004e+07
-18	-81	2.01514e+07
-13.5	-81	2.04637e+07
-9	-81	2.15821e+07
-4.5	-81	2.23086e+07
0	-81	2.16304e+07
4.5	-81	2.28549e+07
9	-81	2.27509e+07
13.5	-81	2.27687e+07
18	-81	2.2276e+07
22.5	-81	2.28021e+07
27	-81	2.28107e+07
31.5	-81	2.04381e+07
36	-81	1.67197e+07
40.5	-81	1.34838e+07
45	-81	1.0284e+07
49.5	-81	8.12857e+06
54	-81	6.29287e+06
58.5	-81	4.38705e+06
63	-81	3.16134e+06
67.5	-81	2.87688e+06
72	-81	2.99586e+06
76.5	-81	3.33292e+06
81	-81	3.53636e+06
85.5	-81	3.91426e+06
90	-81	4.09398e+06
94.5	-81	4.6647e+06
99	-81	5.12201e+06
103.5	-81	8.92525e+06
108	-81	9.22076e+06
112.5	-81	8.56916e+06
117	-81	8.25692e+06
121.5	-81	7.57217e+06
126	-81	6.08248e+06
130.5	-81	4.40774e+06
135	-81	3.44113e+06
139.5	-81	3.15861e+06
144	-81	3.00142e+06
148.5	-81	2.26886e+06
153	-81	749494
157.5	-81	295959
162	-81	124788
166.5	-81	68440.5
171	-81	45222
175.5	-81	27272.7
180	-81	16829.5
184.5	-81	12047.5
189	-81	7694.56
193.5	-81	4163.09
198	-81	2749.06
202.5	-81	1831.94
207	-81	1203.18
211.5	-81	760.884
216	-81	501.602
220.5	-81	334.85
225	-81	228.844
229.5	-81	148.745
234	-81	96.7233
238.5	-81	61.5504
243	-81	39.0409
247.5	-81	22.4431
252	-81	18.0329
256.5	-81	18.2063
261	-81	18.0388
265.5	-81	18.3351
270	-81	16.5181
274.5	-81	16.2386
279	-81	14.7659
283.5	-81	13.6631
288	-81	14.4258
292.5	-81	14.009
297	-81	13.6883
301.5	-81	13.2343
306	-81	13.2322
310.5	-81	12.9191
315	-81	13.4887
319.5	-81	13.6426
324	-81	13.7601
328.5	-81	11.9817
333	-81	11.9044
337.5	-81	17.1293
342	-81	12.9842
346.5	-81	11.4385
351	-81	9.73935
355.5	-81	6.8504
360	-81	4.54947
364.5	-81	3.22446
369	-81	2.37916
373.5	-81	1.65621
378	-81	1.12753
382.5	-81	0.768274
387	-81	0.529948
391.5	-81	0.33701
396	-81	0.200779
400.5	-81	0.173913
405	-81	0.191491
409.5	-81	0.159413
414	-81	0.153095
418.5	-81	0.15414
423	-81	0.127572
427.5	-81	0.147414
432	-81	0.133875
436.5	-81	0.115559
441	-81	0.112695
445.5	-81	0.118981
-396	-76.5	0.078711
-391.5	-76.5	0.138933
-387	-76.5	0.21862
-382.5	-76.5	0.420318
-378	-76.5	0.652862
-373.5	-76.5	1.43585
-369	-76.5	1.06312
-351	-76.5	2.70481
-346.5	-76.5	2.37716
-337.5	-76.5	3.06373
-333	-76.5	2.84017
-328.5	-76.5	3.32916
-324	-76.5	12.7415
-319.5	-76.5	2.943
-315	-76.5	3.80833
-306	-76.5	3.71001
-301.5	-76.5	4.02692
-292.5	-76.5	2.85591
-288	-76.5	2.92515
-283.5	-76.5	3.03501
-279	-76.5	3.61167
-274.5	-76.5	3.72386
-270	-76.5	3.53011
-265.5	-76.5	3.65088
-261	-76.5	3.36283
-256.5	-76.5	3.34624
-252	-76.5	4.16238
-247.5	-76.5	7.02215
-238.5	-76.5	14.6566
-234	-76.5	25.7614
-229.5	-76.5	56.7315
-225	-76.5	95.0299
-220.5	-76.5	179.324
-216	-76.5	270.721
-211.5	-76.5	397.562
-207	-76.5	457.968
-202.5	-76.5	672.034
-198	-76.5	1196.17
-171	-76.5	10519.4
-162	-76.5	43041.8
-157.5	-76.5	119219
-153	-76.5	547710
-148.5	-76.5	720634
-144	-76.5	825170
-139.5	-76.5	817038
-135	-76.5	673524
-130.5	-76.5	729061
-126	-76.5	775803
-121.5	-76.5	666715
-117	-76.5	610079
-112.5	-76.5	617327
-108	-76.5	511487
-103.5	-76.5	447427
-99	-76.5	531897
-94.5	-76.5	566438
-90	-76.5	714056
-85.5	-76.5	888508
-81	-76.5	1.23251e+06
-76.5	-76.5	1.39456e+06
-72	-76.5	1.77054e+06
-67.5	-76.5	2.55361e+06
-63	-76.5	3.48417e+06
-58.5	-76.5	5.56569e+06
-54	-76.5	7.80762e+06
-49.5	-76.5	1.11576e+07
-45	-76.5	1.57938e+07
-40.5	-76.5	1.79741e+07
-36	-76.5	1.82713e+07
-31.5	-76.5	1.91226e+07
-27	-76.5	2.02644e+07
-22.5	-76.5	2.21699e+07
-18	-76.5	2.31976e+07
-13.5	-76.5	2.38595e+07
-9	-76.5	2.41072e+07
-4.5	-76.5	2.48998e+07
0	-76.5	2.45566e+07
4.5	-76.5	2.47207e+07
9	-76.5	2.39088e+07
13.5	-76.5	2.36526e+07
18	-76.5	2.31755e+07
22.5	-76.5	2.33447e+07
27	-76.5	2.41833e+07
31.5	-76.5	2.56744e+07
36	-76.5	2.56806e+07
40.5	-76.5	2.18652e+07
45	-76.5	1.67862e+07
49.5	-76.5	1.3004e+07
54	-76.5	9.95161e+06
58.5	-76.5	7.46334e+06
63	-76.5	5.65099e+06
67.5	-76.5	3.83476e+06
72	-76.5	3.67464e+06
76.5	-76.5	4.08826e+06
81	-76.5	4.54873e+06
85.5	-76.5	4.77883e+06
90	-76.5	4.90939e+06
94.5	-76.5	5.66644e+06
99	-76.5	8.07679e+06
103.5	-76.5	1.03357e+07
108	-76.5	1.01622e+07
112.5	-76.5	9.36835e+06
117	-76.5	8.71902e+06
121.5	-76.5	7.24645e+06
126	-76.5	5.27049e+06
130.5	-76.5	3.8576e+06
135	-76.5	3.42978e+06
139.5	-76.5	3.12568e+06
144	-76.5	3.29163e+06
148.5	-76.5	2.2792e+06
153	-76.5	717865
157.5	-76.5	222142
162	-76.5	138336
166.5	-76.5	72434.3
171	-76.5	40638.7
175.5	-76.5	27748.7
180	-76.5	18005.7
184.5	-76.5	13580
189	-76.5	7086.4
193.5	-76.5	4259.94
198	-76.5	2722.51
202.5	-76.5	1745.1
207	-76.5	1218.21
211.5	-76.5	794.088
216	-76.5	485.629
220.5	-76.5	303.698
225	-76.5	208.6
229.5	-76.5	135.497
234	-76.5	91.4083
238.5	-76.5	61.1829
243	-76.5	38.1514
247.5	-76.5	24.3402
252	-76.5	18.3246
256.5	-76.5	19.4399
261	-76.5	16.1974
265.5	-76.5	16.5931
270	-76.5	16.0176
274.5	-76.5	15.3826
279	-76.5	14.9852
283.5	-76.5	13.7626
288	-76.5	13.5128
292.5	-76.5	13.5773
297	-76.5	13.4571
301.5	-76.5	14.7593
306	-76.5	14.2622
310.5	-76.5	22.9209
315	-76.5	12.2647
319.5	-76.5	10.9797
324	-76.5	11.905
328.5	-76.5	10.5654
333	-76.5	11.8086
337.5	-76.5	11.3886
346.5	-76.5	10.9328
351	-76.5	10.1943
355.5	-76.5	6.95055
360	-76.5	4.73867
364.5	-76.5	3.30684
369	-76.5	2.33789
373.5	-76.5	1.58074
378	-76.5	1.17352
382.5	-76.5	0.825427
387	-76.5	0.568867
391.5	-76.5	0.39366
396	-76.5	0.232441
400.5	-76.5	0.148446
405	-76.5	0.135271
409.5	-76.5	0.15707
414	-76.5	0.141887
418.5	-76.5	0.12081
423	-76.5	0.125182
427.5	-76.5	0.137283
432	-76.5	0.117249
436.5	-76.5	0.119418
441	-76.5	0.11412
445.5	-76.5	0.121033
-391.5	-72	0.116612
-387	-72	0.19851
-382.5	-72	0.267496
-378	-72	0.444423
-373.5	-72	0.838913
-369	-72	1.05958
-364.5	-72	1.52642
-360	-72	1.90449
-355.5	-72	2.44241
-351	-72	3.10566
-346.5	-72	3.45951
-342	-72	2.60814
-337.5	-72	2.45588
-333	-72	3.06476
-328.5	-72	3.76573
-324	-72	3.17901
-319.5	-72	3.25023
-315	-72	3.29704
-310.5	-72	3.62849
-306	-72	3.3408
-301.5	-72	3.83301
-297	-72	4.11969
-292.5	-72	3.95168
-288	-72	3.71876
-283.5	-72	3.37875
-279	-72	3.61573
-274.5	-72	3.70167
-270	-72	3.66687
-265.5	-72	3.65838
-261	-72	4.01235
-256.5	-72	3.83854
-252	-72	4.93438
-247.5	-72	5.96781
-243	-72	8.76712
-238.5	-72	15.0798
-234	-72	27.6862
-229.5	-72	44.1105
-225	-72	75.7841
-220.5	-72	152.738
-216	-72	304.719
-211.5	-72	544.701
-207	-72	839.839
-202.5	-72	1197.12
-198	-72	1730.14
-193.5	-72	2705.56
-184.5	-72	5013.94
-162	-72	30340.4
-157.5	-72	124528
-153	-72	532065
-148.5	-72	745616
-144	-72	729582
-139.5	-72	805809
-135	-72	784722
-130.5	-72	808598
-126	-72	750931
-121.5	-72	824133
-117	-72	765366
-112.5	-72	648067
-108	-72	564802
-103.5	-72	502020
-99	-72	669176
-94.5	-72	799544
-90	-72	972392
-85.5	-72	1.22156e+06
-81	-72	1.45927e+06
-76.5	-72	1.89999e+06
-72	-72	2.6153e+06
-67.5	-72	3.74626e+06
-63	-72	5.2715e+06
-58.5	-72	8.10493e+06
-54	-72	1.16756e+07
-49.5	-72	1.64026e+07
-45	-72	1.88012e+07
-40.5	-72	1.87728e+07
-36	-72	2.00219e+07
-31.5	-72	2.17821e+07
-27	-72	2.33938e+07
-22.5	-72	2.50847e+07
-18	-72	2.65925e+07
-13.5	-72	2.68775e+07
-9	-72	2.75163e+07
-4.5	-72	2.81064e+07
0	-72	2.77786e+07
4.5	-72	2.74584e+07
9	-72	2.64157e+07
13.5	-72	2.57411e+07
18	-72	2.50133e+07
22.5	-72	2.49987e+07
27	-72	2.5377e+07
31.5	-72	2.62785e+07
36	-72	2.70974e+07
40.5	-72	2.90078e+07
45	-72	2.66903e+07
49.5	-72	2.06095e+07
54	-72	1.51374e+07
58.5	-72	1.18938e+07
63	-72	8.73767e+06
67.5	-72	6.29861e+06
72	-72	4.56982e+06
76.5	-72	4.9525e+06
81	-72	5.53786e+06
85.5	-72	5.63086e+06
90	-72	6.24929e+06
94.5	-72	7.17948e+06
99	-72	1.17146e+07
103.5	-72	1.15561e+07
108	-72	1.05899e+07
112.5	-72	1.00297e+07
117	-72	8.58601e+06
121.5	-72	6.14829e+06
126	-72	4.55064e+06
130.5	-72	3.81897e+06
135	-72	3.48503e+06
139.5	-72	3.46435e+06
144	-72	3.03202e+06
148.5	-72	2.27472e+06
153	-72	695607
157.5	-72	306161
162	-72	133809
166.5	-72	61216.5
171	-72	39437.1
175.5	-72	23997.9
180	-72	16356.4
184.5	-72	11101.3
189	-72	6873.97
193.5	-72	4158.92
198	-72	2638.33
202.5	-72	1777.57
207	-72	1109.9
211.5	-72	693.336
216	-72	469.072
220.5	-72	328.712
225	-72	205.943
229.5	-72	136.285
234	-72	90.4129
238.5	-72	58.4009
243	-72	37.1223
247.5	-72	21.2904
252	-72	20.1329
256.5	-72	17.1191
261	-72	16.1064
265.5	-72	17.0236
270	-72	16.1096
274.5	-72	15.1496
283.5	-72	14.0087
288	-72	14.6028
292.5	-72	13.5983
297	-72	13.976
301.5	-72	13.3525
306	-72	12.5786
310.5	-72	12.7674
315	-72	12.1449
319.5	-72	10.9579
324	-72	11.7996
328.5	-72	12.7555
337.5	-72	12.1262
342	-72	11.8712
346.5	-72	11.1072
351	-72	9.55258
355.5	-72	7.31322
360	-72	5.18553
364.5	-72	3.40547
369	-72	2.64927
373.5	-72	1.77899
378	-72	1.11303
382.5	-72	0.751265
387	-72	0.516234
391.5	-72	0.329759
396	-72	0.198876
400.5	-72	0.145472
405	-72	0.145775
409.5	-72	0.140856
414	-72	0.137461
418.5	-72	0.144915
423	-72	0.129548
427.5	-72	0.115175
432	-72	0.114489
436.5	-72	0.116341
441	-72	0.104203
445.5	-72	0.105772
-450	-67.5	0.047709
-414	-67.5	0.045512
-400.5	-67.5	0.06284
-396	-67.5	0.094644
-391.5	-67.5	0.191598
-387	-67.5	0.302912
-382.5	-67.5	0.316519
-378	-67.5	0.34357
-373.5	-67.5	0.429148
-369	-67.5	0.661721
-364.5	-67.5	1.20796
-360	-67.5	1.73279
-355.5	-67.5	2.25624
-351	-67.5	2.69638
-346.5	-67.5	2.76265
-342	-67.5	3.34565
-337.5	-67.5	3.46737
-333	-67.5	3.21687
-328.5	-67.5	3.23485
-324	-67.5	2.80075
-319.5	-67.5	3.223
-315	-67.5	5.48971
-310.5	-67.5	3.40859
-306	-67.5	2.93714
-301.5	-67.5	3.43447
-297	-67.5	3.64673
-292.5	-67.5	3.57983
-288	-67.5	3.55909
-283.5	-67.5	3.5577
-279	-67.5	3.95524
-274.5	-67.5	4.62044
-270	-67.5	5.33457
-265.5	-67.5	4.30647
-261	-67.5	3.94073
-256.5	-67.5	3.80571
-252	-67.5	4.3521
-247.5	-67.5	6.98853
-243	-67.5	10.7686
-238.5	-67.5	16.2561
-234	-67.5	26.6528
-229.5	-67.5	46.9235
-225	-67.5	73.567
-220.5	-67.5	110.167
-216	-67.5	226.414
-211.5	-67.5	450.929
-207	-67.5	956.762
-202.5	-67.5	1548.07
-198	-67.5	2376.5
-193.5	-67.5	3680.12
-189	-67.5	4417.51
-184.5	-67.5	5484.42
-171	-67.5	14591.1
-166.5	-67.5	20348.8
-162	-67.5	51543.1
-157.5	-67.5	167867
-153	-67.5	555969
-148.5	-67.5	795617
-144	-67.5	785707
-139.5	-67.5	818605
-135	-67.5	840075
-130.5	-67.5	860091
-126	-67.5	862287
-121.5	-67.5	852834
-117	-67.5	848279
-112.5	-67.5	804079
-108	-67.5	747011
-103.5	-67.5	679928
-99	-67.5	720418
-94.5	-67.5	936095
-90	-67.5	1.31009e+06
-85.5	-67.5	1.45925e+06
-81	-67.5	2.07802e+06
-76.5	-67.5	2.74899e+06
-72	-67.5	3.83861e+06
-67.5	-67.5	5.23355e+06
-63	-67.5	8.02069e+06
-58.5	-67.5	1.18079e+07
-54	-67.5	1.70626e+07
-49.5	-67.5	1.88683e+07
-45	-67.5	1.91415e+07
-40.5	-67.5	1.97234e+07
-36	-67.5	2.10471e+07
-31.5	-67.5	2.3605e+07
-27	-67.5	2.69437e+07
-22.5	-67.5	2.85733e+07
-18	-67.5	3.11944e+07
-13.5	-67.5	3.20579e+07
-9	-67.5	3.29596e+07
-4.5	-67.5	3.42337e+07
0	-67.5	3.41154e+07
4.5	-67.5	3.25967e+07
9	-67.5	3.06921e+07
13.5	-67.5	2.83177e+07
18	-67.5	2.74949e+07
22.5	-67.5	2.77123e+07
27	-67.5	2.82606e+07
31.5	-67.5	2.87315e+07
36	-67.5	2.8918e+07
40.5	-67.5	3.10039e+07
45	-67.5	3.27696e+07
49.5	-67.5	3.1439e+07
54	-67.5	2.40151e+07
58.5	-67.5	1.71591e+07
63	-67.5	1.33769e+07
67.5	-67.5	1.0646e+07
72	-67.5	8.04708e+06
76.5	-67.5	6.07103e+06
81	-67.5	6.80279e+06
85.5	-67.5	7.24796e+06
90	-67.5	7.89066e+06
94.5	-67.5	1.20541e+07
99	-67.5	1.31351e+07
103.5	-67.5	1.23196e+07
108	-67.5	1.15129e+07
112.5	-67.5	1.02313e+07
117	-67.5	7.26387e+06
121.5	-67.5	5.31752e+06
126	-67.5	4.22039e+06
130.5	-67.5	3.91647e+06
135	-67.5	3.66571e+06
139.5	-67.5	3.28275e+06
144	-67.5	3.16676e+06
148.5	-67.5	2.44439e+06
153	-67.5	774507
157.5	-67.5	271160
162	-67.5	105815
166.5	-67.5	56220.1
171	-67.5	35985.6
175.5	-67.5	22970.7
180	-67.5	17432.8
184.5	-67.5	11866.3
189	-67.5	7716.38
193.5	-67.5	4158.42
198	-67.5	2343.06
202.5	-67.5	1573.82
207	-67.5	1130.45
211.5	-67.5	684.015
216	-67.5	449.205
220.5	-67.5	338.907
225	-67.5	224.733
229.5	-67.5	144.669
234	-67.5	90.2283
238.5	-67.5	56.2817
243	-67.5	37.5151
247.5	-67.5	21.5618
256.5	-67.5	18.8706
261	-67.5	18.756
265.5	-67.5	17.5299
270	-67.5	17.4569
274.5	-67.5	15.3619
279	-67.5	16.2163
283.5	-67.5	14.9331
288	-67.5	13.428
292.5	-67.5	13.1407
297	-67.5	13.573
301.5	-67.5	13.5193
306	-67.5	14.3077
310.5	-67.5	13.2678
315	-67.5	13.0698
319.5	-67.5	13.0195
324	-67.5	11.2708
328.5	-67.5	12.741
333	-67.5	11.7242
337.5	-67.5	11.3639
342	-67.5	11.3846
346.5	-67.5	11.9861
351	-67.5	10.5773
355.5	-67.5	7.64218
360	-67.5	5.5693
364.5	-67.5	3.73548
369	-67.5	2.59486
373.5	-67.5	1.74846
378	-67.5	1.05841
382.5	-67.5	0.773705
387	-67.5	0.475084
391.5	-67.5	0.318712
396	-67.5	0.204117
400.5	-67.5	0.137413
405	-67.5	0.157006
409.5	-67.5	0.136557
414	-67.5	0.148406
418.5	-67.5	0.13158
423	-67.5	0.13378
427.5	-67.5	0.157373
432	-67.5	0.146997
436.5	-67.5	0.131399
441	-67.5	0.135989
445.5	-67.5	0.145868
-445.5	-63	0.042019
-436.5	-63	0.04653
-400.5	-63	0.05778
-396	-63	0.106895
-391.5	-63	0.152399
-387	-63	0.208691
-382.5	-63	0.331965
-378	-63	0.649934
-373.5	-63	0.758133
-369	-63	0.765367
-364.5	-63	1.12775
-360	-63	1.70726
-355.5	-63	2.47577
-351	-63	2.98956
-346.5	-63	2.87333
-342	-63	2.8834
-337.5	-63	2.90544
-333	-63	2.99484
-328.5	-63	3.12151
-324	-63	3.79271
-319.5	-63	4.11174
-315	-63	3.82129
-310.5	-63	4.66478
-306	-63	3.50476
-301.5	-63	3.17862
-297	-63	3.38859
-292.5	-63	3.31433
-288	-63	3.75361
-283.5	-63	3.48105
-279	-63	3.84541
-274.5	-63	3.955
-270	-63	5.1855
-265.5	-63	4.49112
-261	-63	4.82539
-256.5	-63	4.40183
-252	-63	4.89208
-247.5	-63	7.24483
-243	-63	13.1007
-238.5	-63	22.0632
-234	-63	30.69
-229.5	-63	47.9094
-225	-63	61.9853
-220.5	-63	113.72
-216	-63	207.654
-211.5	-63	369.27
-207	-63	617.828
-202.5	-63	1422.4
-198	-63	2846.1
-193.5	-63	4765.39
-189	-63	6758.84
-184.5	-63	7143.46
-180	-63	7966.87
-171	-63	14871.9
-162	-63	51468.1
-157.5	-63	176430
-153	-63	648123
-148.5	-63	822618
-144	-63	868806
-139.5	-63	825789
-135	-63	873419
-130.5	-63	981760
-126	-63	921899
-121.5	-63	966489
-117	-63	891494
-112.5	-63	955873
-108	-63	1.00375e+06
-103.5	-63	1.14586e+06
-99	-63	1.08132e+06
-94.5	-63	1.04773e+06
-90	-63	1.50403e+06
-85.5	-63	1.94655e+06
-81	-63	2.5308e+06
-76.5	-63	3.6156e+06
-72	-63	5.56493e+06
-67.5	-63	7.98032e+06
-63	-63	1.19734e+07
-58.5	-63	1.71187e+07
-54	-63	1.90611e+07
-49.5	-63	1.88886e+07
-45	-63	1.98988e+07
-40.5	-63	2.11072e+07
-36	-63	2.31376e+07
-31.5	-63	2.58738e+07
-27	-63	3.05082e+07
-22.5	-63	3.56265e+07
-18	-63	4.17815e+07
-13.5	-63	4.57477e+07
-9	-63	4.62657e+07
-4.5	-63	4.74351e+07
0	-63	4.87076e+07
4.5	-63	4.61888e+07
9	-63	4.39479e+07
13.5	-63	3.82e+07
18	-63	3.41232e+07
22.5	-63	3.15143e+07
27	-63	3.14761e+07
31.5	-63	3.16462e+07
36	-63	3.18521e+07
40.5	-63	3.3445e+07
45	-63	3.44651e+07
49.5	-63	3.63652e+07
54	-63	3.48063e+07
58.5	-63	2.60867e+07
63	-63	2.061e+07
67.5	-63	1.79066e+07
72	-63	1.52581e+07
76.5	-63	1.05265e+07
81	-63	8.48029e+06
85.5	-63	8.99306e+06
90	-63	1.1336e+07
94.5	-63	1.56004e+07
99	-63	1.46766e+07
103.5	-63	1.33457e+07
108	-63	1.20973e+07
112.5	-63	9.08801e+06
117	-63	6.45659e+06
121.5	-63	4.95966e+06
126	-63	4.41101e+06
130.5	-63	3.91087e+06
135	-63	3.49064e+06
139.5	-63	3.40973e+06
144	-63	3.30393e+06
148.5	-63	2.42952e+06
153	-63	691029
157.5	-63	228271
162	-63	111559
166.5	-63	61531.5
171	-63	36670.2
175.5	-63	24740.9
180	-63	18515.7
184.5	-63	13227.6
189	-63	8073.46
193.5	-63	4518.5
198	-63	2570.03
202.5	-63	1695.83
207	-63	1042.08
211.5	-63	695.953
216	-63	462.12
220.5	-63	313.606
225	-63	212.684
229.5	-63	135.14
234	-63	88.437
238.5	-63	56.7624
243	-63	37.6074
247.5	-63	21.5212
256.5	-63	18.6701
261	-63	17.3823
265.5	-63	17.438
270	-63	16.3424
274.5	-63	15.78
279	-63	15.6935
283.5	-63	16.2903
288	-63	14.1851
292.5	-63	12.9792
297	-63	13.5631
301.5	-63	13.7297
306	-63	13.0495
310.5	-63	11.768
315	-63	12.2687
319.5	-63	11.6226
324	-63	13.1022
328.5	-63	12.9436
333	-63	12.3494
337.5	-63	10.6534
342	-63	10.8425
346.5	-63	11.1816
351	-63	8.79226
355.5	-63	5.95736
360	-63	5.35555
364.5	-63	3.47053
369	-63	2.71074
373.5	-63	1.79914
378	-63	1.20498
382.5	-63	0.796007
387	-63	0.52966
391.5	-63	0.354116
396	-63	0.207634
400.5	-63	0.149333
405	-63	0.146964
409.5	-63	0.154376
414	-63	0.13626
418.5	-63	0.138127
423	-63	0.142085
427.5	-63	0.13399
432	-63	0.119561
436.5	-63	0.131071
441	-63	0.123562
445.5	-63	0.12917
-445.5	-58.5	0.046748
-436.5	-58.5	0.04134
-427.5	-58.5	0.044299
-396	-58.5	0.111569
-391.5	-58.5	0.147973
-387	-58.5	0.208023
-382.5	-58.5	0.343984
-378	-58.5	0.474295
-373.5	-58.5	0.729602
-364.5	-58.5	1.61394
-360	-58.5	2.27924
-355.5	-58.5	2.89181
-351	-58.5	3.2682
-346.5	-58.5	2.97523
-342	-58.5	3.24096
-337.5	-58.5	3.10912
-333	-58.5	2.64112
-328.5	-58.5	2.9153
-324	-58.5	3.27697
-319.5	-58.5	3.91492
-315	-58.5	3.5657
-310.5	-58.5	3.19208
-306	-58.5	4.91038
-301.5	-58.5	4.3792
-297	-58.5	4.45228
-292.5	-58.5	4.15883
-288	-58.5	3.70433
-283.5	-58.5	4.30135
-279	-58.5	4.12872
-274.5	-58.5	3.23745
-270	-58.5	4.15113
-265.5	-58.5	4.80521
-261	-58.5	4.99277
-256.5	-58.5	6.92457
-252	-58.5	7.04222
-247.5	-58.5	10.9812
-243	-58.5	17.3725
-238.5	-58.5	24.4483
-234	-58.5	37.6819
-229.5	-58.5	66.543
-225	-58.5	101.634
-220.5	-58.5	170.865
-216	-58.5	231.734
-211.5	-58.5	348.931
-207	-58.5	625.151
-202.5	-58.5	1041.57
-198	-58.5	2293.24
-193.5	-58.5	4600.42
-189	-58.5	7695.37
-184.5	-58.5	8748.38
-180	-58.5	11295.6
-175.5	-58.5	13427
-171	-58.5	20824.8
-166.5	-58.5	33971.7
-162	-58.5	56969.2
-157.5	-58.5	169792
-153	-58.5	731004
-148.5	-58.5	1.02e+06
-144	-58.5	984513
-139.5	-58.5	978445
-135	-58.5	974288
-130.5	-58.5	1.01204e+06
-126	-58.5	999342
-121.5	-58.5	999685
-117	-58.5	1.12884e+06
-112.5	-58.5	1.07688e+06
-108	-58.5	1.07899e+06
-103.5	-58.5	1.18435e+06
-99	-58.5	1.21251e+06
-94.5	-58.5	1.36046e+06
-90	-58.5	1.70524e+06
-85.5	-58.5	2.46403e+06
-81	-58.5	3.33028e+06
-76.5	-58.5	4.66176e+06
-72	-58.5	7.31371e+06
-67.5	-58.5	1.11454e+07
-63	-58.5	1.63937e+07
-58.5	-58.5	1.92958e+07
-54	-58.5	1.92613e+07
-49.5	-58.5	2.00685e+07
-45	-58.5	2.08018e+07
-40.5	-58.5	2.28897e+07
-36	-58.5	2.52131e+07
-31.5	-58.5	2.96706e+07
-27	-58.5	4.05201e+07
-22.5	-58.5	4.68047e+07
-18	-58.5	4.76873e+07
-13.5	-58.5	4.85261e+07
-9	-58.5	4.80115e+07
-4.5	-58.5	4.87669e+07
0	-58.5	5.05942e+07
4.5	-58.5	4.8888e+07
9	-58.5	4.87305e+07
13.5	-58.5	4.75011e+07
18	-58.5	4.87209e+07
22.5	-58.5	4.55944e+07
27	-58.5	3.82275e+07
31.5	-58.5	3.54762e+07
36	-58.5	3.54815e+07
40.5	-58.5	3.67457e+07
45	-58.5	3.78181e+07
49.5	-58.5	3.84819e+07
54	-58.5	4.09442e+07
58.5	-58.5	3.71499e+07
63	-58.5	3.10572e+07
67.5	-58.5	2.95312e+07
72	-58.5	2.67712e+07
76.5	-58.5	2.11567e+07
81	-58.5	1.1539e+07
85.5	-58.5	1.23965e+07
90	-58.5	1.82253e+07
94.5	-58.5	1.83149e+07
99	-58.5	1.60755e+07
103.5	-58.5	1.43315e+07
108	-58.5	1.14502e+07
112.5	-58.5	7.78363e+06
117	-58.5	5.76967e+06
121.5	-58.5	5.00397e+06
126	-58.5	4.62536e+06
130.5	-58.5	4.04594e+06
135	-58.5	3.81419e+06
139.5	-58.5	3.74474e+06
144	-58.5	3.59264e+06
148.5	-58.5	2.56177e+06
153	-58.5	757291
157.5	-58.5	264012
162	-58.5	127145
166.5	-58.5	64331.5
171	-58.5	41408
175.5	-58.5	26914.9
180	-58.5	17491
184.5	-58.5	13490
189	-58.5	8004.91
193.5	-58.5	4605.2
198	-58.5	2638.86
202.5	-58.5	1667.68
207	-58.5	1078.16
211.5	-58.5	746.907
216	-58.5	489.708
220.5	-58.5	284.204
225	-58.5	183.323
229.5	-58.5	123.776
234	-58.5	86.1822
238.5	-58.5	56.3739
243	-58.5	36.1777
256.5	-58.5	18.9372
261	-58.5	17.6623
265.5	-58.5	17.9613
270	-58.5	16.1611
274.5	-58.5	14.2418
279	-58.5	15.0826
283.5	-58.5	14.9942
288	-58.5	13.6359
292.5	-58.5	13.3681
297	-58.5	13.1297
301.5	-58.5	12.5831
306	-58.5	12.7331
310.5	-58.5	11.9542
315	-58.5	13.1977
319.5	-58.5	13.2815
324	-58.5	11.2644
328.5	-58.5	11.467
337.5	-58.5	11.2519
342	-58.5	10.9759
346.5	-58.5	10.007
351	-58.5	8.75101
355.5	-58.5	6.89138
360	-58.5	5.14813
364.5	-58.5	3.42516
369	-58.5	2.41783
373.5	-58.5	1.69385
378	-58.5	1.20368
382.5	-58.5	0.910087
387	-58.5	0.612244
391.5	-58.5	0.378211
396	-58.5	0.209736
400.5	-58.5	0.173089
405	-58.5	0.14799
409.5	-58.5	0.125028
414	-58.5	0.127864
418.5	-58.5	0.143779
423	-58.5	0.136116
427.5	-58.5	0.124612
432	-58.5	0.125027
436.5	-58.5	0.112627
441	-58.5	0.122713
445.5	-58.5	0.121165
-400.5	-54	0.062316
-396	-54	0.10138
-391.5	-54	0.149122
-387	-54	0.221754
-382.5	-54	0.311721
-378	-54	0.426641
-373.5	-54	0.536493
-369	-54	0.851044
-364.5	-54	1.269
-355.5	-54	2.42125
-351	-54	3.22811
-346.5	-54	3.57319
-342	-54	3.44386
-337.5	-54	2.61494
-333	-54	3.16411
-328.5	-54	3.32639
-324	-54	3.66338
-319.5	-54	4.48404
-315	-54	4.52666
-310.5	-54	3.76966
-306	-54	4.85041
-301.5	-54	4.24546
-297	-54	3.52806
-292.5	-54	3.386
-288	-54	4.13835
-283.5	-54	4.87101
-279	-54	5.77534
-274.5	-54	5.22683
-270	-54	4.47909
-265.5	-54	4.77851
-261	-54	5.42417
-256.5	-54	4.86259
-252	-54	7.6882
-247.5	-54	11.7066
-243	-54	17.565
-238.5	-54	32.9624
-234	-54	43.6159
-229.5	-54	73.3427
-225	-54	125.793
-220.5	-54	168.711
-216	-54	266.948
-211.5	-54	348.237
-207	-54	582.001
-202.5	-54	1304.8
-198	-54	2081.24
-193.5	-54	3785.91
-189	-54	6519.43
-184.5	-54	9673.52
-180	-54	12917.3
-175.5	-54	17279.7
-171	-54	24454.4
-166.5	-54	39662.6
-162	-54	74423.4
-157.5	-54	208997
-153	-54	699335
-148.5	-54	1.00273e+06
-144	-54	1.03661e+06
-139.5	-54	1.06385e+06
-135	-54	1.09661e+06
-130.5	-54	1.04033e+06
-126	-54	1.05456e+06
-121.5	-54	1.09209e+06
-117	-54	1.25036e+06
-112.5	-54	1.20843e+06
-108	-54	1.24399e+06
-103.5	-54	1.33246e+06
-99	-54	1.52213e+06
-94.5	-54	1.6953e+06
-90	-54	2.00438e+06
-85.5	-54	2.72286e+06
-81	-54	4.42774e+06
-76.5	-54	6.49582e+06
-72	-54	9.42742e+06
-67.5	-54	1.51662e+07
-63	-54	2.07824e+07
-58.5	-54	1.94088e+07
-54	-54	2.0496e+07
-49.5	-54	2.16512e+07
-45	-54	2.29154e+07
-40.5	-54	2.51433e+07
-36	-54	3.20729e+07
-31.5	-54	3.94982e+07
-27	-54	4.40114e+07
-22.5	-54	4.72643e+07
-18	-54	4.94041e+07
-13.5	-54	5.09642e+07
-9	-54	5.18772e+07
-4.5	-54	5.21754e+07
0	-54	5.36611e+07
4.5	-54	5.33754e+07
9	-54	5.31247e+07
13.5	-54	5.22362e+07
18	-54	5.36588e+07
22.5	-54	5.51266e+07
27	-54	5.63636e+07
31.5	-54	4.67805e+07
36	-54	4.10586e+07
40.5	-54	4.1611e+07
45	-54	4.19306e+07
49.5	-54	4.25445e+07
54	-54	4.33049e+07
58.5	-54	4.53918e+07
63	-54	4.52607e+07
67.5	-54	4.40502e+07
72	-54	4.22216e+07
76.5	-54	3.48426e+07
81	-54	1.89956e+07
85.5	-54	2.03854e+07
90	-54	2.30749e+07
94.5	-54	2.06276e+07
99	-54	1.74418e+07
103.5	-54	1.42443e+07
108	-54	9.59965e+06
112.5	-54	6.94786e+06
117	-54	5.81185e+06
121.5	-54	5.10532e+06
126	-54	4.45879e+06
130.5	-54	4.19561e+06
135	-54	4.05961e+06
139.5	-54	3.65857e+06
144	-54	3.43453e+06
148.5	-54	2.58469e+06
153	-54	724195
157.5	-54	246374
162	-54	104353
166.5	-54	64685.1
171	-54	41209.5
175.5	-54	28329.7
180	-54	17934.2
184.5	-54	13102.6
189	-54	8457.53
193.5	-54	4439.56
198	-54	2602.64
202.5	-54	1751.98
207	-54	1117.63
211.5	-54	773.999
216	-54	459.29
220.5	-54	291.645
225	-54	188.204
229.5	-54	128.27
234	-54	83.5434
238.5	-54	54.7082
243	-54	39.5794
256.5	-54	18.721
261	-54	17.2973
265.5	-54	16.697
270	-54	16.5506
274.5	-54	15.2809
279	-54	14.3686
283.5	-54	13.5219
288	-54	13.2507
292.5	-54	13.8265
297	-54	14.7929
301.5	-54	29.7096
306	-54	12.8146
310.5	-54	12.3862
315	-54	12.2711
319.5	-54	11.7276
324	-54	11.1133
328.5	-54	12.8846
337.5	-54	10.7942
342	-54	11.1189
346.5	-54	12.6642
351	-54	9.99423
355.5	-54	7.5669
360	-54	4.53166
364.5	-54	3.1716
369	-54	2.19223
373.5	-54	1.47726
378	-54	1.16239
382.5	-54	0.756076
387	-54	0.544934
391.5	-54	0.352014
396	-54	0.218964
400.5	-54	0.177383
405	-54	0.188924
409.5	-54	0.149138
414	-54	0.139834
418.5	-54	0.141072
423	-54	0.145619
427.5	-54	0.13313
432	-54	0.146569
436.5	-54	0.147297
441	-54	0.119246
445.5	-54	0.099728
-396	-49.5	0.105553
-391.5	-49.5	0.147358
-387	-49.5	0.231931
-382.5	-49.5	0.354178
-378	-49.5	0.48867
-373.5	-49.5	0.607376
-369	-49.5	0.825986
-364.5	-49.5	1.22036
-360	-49.5	2.05458
-355.5	-49.5	2.61826
-351	-49.5	3.21517
-346.5	-49.5	3.5642
-342	-49.5	3.51727
-337.5	-49.5	3.45955
-333	-49.5	3.29572
-328.5	-49.5	3.63444
-324	-49.5	3.70818
-319.5	-49.5	4.13426
-315	-49.5	3.82597
-310.5	-49.5	4.15939
-306	-49.5	4.33974
-301.5	-49.5	4.3435
-297	-49.5	3.9315
-292.5	-49.5	3.87712
-283.5	-49.5	3.37402
-279	-49.5	4.40829
-274.5	-49.5	5.43901
-270	-49.5	6.55718
-261	-49.5	6.62705
-256.5	-49.5	6.31338
-252	-49.5	6.44534
-247.5	-49.5	8.56061
-243	-49.5	15.8072
-238.5	-49.5	28.6459
-234	-49.5	50.8179
-229.5	-49.5	81.8406
-225	-49.5	126.806
-220.5	-49.5	201.082
-216	-49.5	249.13
-211.5	-49.5	473.912
-207	-49.5	723.692
-202.5	-49.5	1140.82
-198	-49.5	1828.51
-193.5	-49.5	3150.12
-189	-49.5	5833.04
-184.5	-49.5	7646.52
-180	-49.5	12144.6
-175.5	-49.5	18254.5
-171	-49.5	27447.5
-166.5	-49.5	45951.9
-162	-49.5	87015.5
-157.5	-49.5	276173
-153	-49.5	866590
-148.5	-49.5	1.03872e+06
-144	-49.5	949266
-139.5	-49.5	1.02496e+06
-135	-49.5	1.1353e+06
-130.5	-49.5	1.22799e+06
-126	-49.5	1.18185e+06
-121.5	-49.5	1.19976e+06
-117	-49.5	1.29941e+06
-112.5	-49.5	1.28267e+06
-108	-49.5	1.38984e+06
-103.5	-49.5	1.58256e+06
-99	-49.5	1.58717e+06
-94.5	-49.5	1.65151e+06
-90	-49.5	2.1479e+06
-85.5	-49.5	3.57477e+06
-81	-49.5	5.76868e+06
-76.5	-49.5	8.55031e+06
-72	-49.5	1.32526e+07
-67.5	-49.5	1.97017e+07
-63	-49.5	2.12891e+07
-58.5	-49.5	2.10492e+07
-54	-49.5	2.17872e+07
-49.5	-49.5	2.29333e+07
-45	-49.5	2.56508e+07
-40.5	-49.5	3.19724e+07
-36	-49.5	4.08043e+07
-31.5	-49.5	4.21794e+07
-27	-49.5	4.54135e+07
-22.5	-49.5	4.90816e+07
-18	-49.5	5.33335e+07
-13.5	-49.5	5.4921e+07
-9	-49.5	5.62013e+07
-4.5	-49.5	5.62715e+07
0	-49.5	5.75631e+07
4.5	-49.5	5.91125e+07
9	-49.5	5.82822e+07
13.5	-49.5	5.86614e+07
18	-49.5	6.06449e+07
22.5	-49.5	6.20471e+07
27	-49.5	6.34368e+07
31.5	-49.5	6.52706e+07
36	-49.5	5.67186e+07
40.5	-49.5	4.79438e+07
45	-49.5	4.81005e+07
49.5	-49.5	4.73189e+07
54	-49.5	4.65497e+07
58.5	-49.5	4.73554e+07
63	-49.5	4.71618e+07
67.5	-49.5	4.62837e+07
72	-49.5	4.37637e+07
76.5	-49.5	4.14037e+07
81	-49.5	3.4741e+07
85.5	-49.5	3.25308e+07
90	-49.5	2.75116e+07
94.5	-49.5	2.24909e+07
99	-49.5	1.81758e+07
103.5	-49.5	1.25269e+07
108	-49.5	8.35854e+06
112.5	-49.5	6.61293e+06
117	-49.5	5.38766e+06
121.5	-49.5	4.88529e+06
126	-49.5	4.6102e+06
130.5	-49.5	4.35818e+06
135	-49.5	4.04157e+06
139.5	-49.5	3.80588e+06
144	-49.5	3.66798e+06
148.5	-49.5	2.80464e+06
153	-49.5	796945
157.5	-49.5	297359
162	-49.5	125356
166.5	-49.5	67298.4
171	-49.5	42908.5
175.5	-49.5	29477.7
180	-49.5	20760.7
184.5	-49.5	13173.1
189	-49.5	8946.09
193.5	-49.5	5051.31
198	-49.5	2819.92
202.5	-49.5	1818.65
207	-49.5	1018.26
211.5	-49.5	708.386
216	-49.5	436.178
220.5	-49.5	287.614
225	-49.5	205.412
229.5	-49.5	121.647
234	-49.5	83.5463
238.5	-49.5	55.3162
243	-49.5	36.9932
247.5	-49.5	24.2282
256.5	-49.5	18.251
261	-49.5	17.1366
265.5	-49.5	16.2628
270	-49.5	15.4575
274.5	-49.5	14.7711
279	-49.5	15.0235
283.5	-49.5	16.7081
288	-49.5	14.4961
292.5	-49.5	14.8472
297	-49.5	13.9719
301.5	-49.5	14.9571
306	-49.5	13.3832
310.5	-49.5	14.3393
315	-49.5	13.0313
319.5	-49.5	11.9795
324	-49.5	11.9384
328.5	-49.5	11.2632
333	-49.5	13.8701
342	-49.5	11.0455
346.5	-49.5	11.5192
351	-49.5	11.4083
355.5	-49.5	7.48316
360	-49.5	4.95694
364.5	-49.5	3.3453
369	-49.5	2.14371
373.5	-49.5	1.51905
378	-49.5	1.01898
382.5	-49.5	0.725449
387	-49.5	0.491263
391.5	-49.5	0.366077
396	-49.5	0.200404
400.5	-49.5	0.200203
405	-49.5	0.169633
409.5	-49.5	0.159074
414	-49.5	0.153774
418.5	-49.5	0.166251
423	-49.5	0.14621
427.5	-49.5	0.14816
432	-49.5	0.144282
436.5	-49.5	0.131476
441	-49.5	0.144223
445.5	-49.5	0.144324
-391.5	-45	0.165093
-387	-45	0.217471
-382.5	-45	0.303838
-378	-45	0.495733
-373.5	-45	0.776884
-369	-45	1.05511
-364.5	-45	1.49741
-360	-45	2.18216
-355.5	-45	2.50986
-351	-45	3.21358
-346.5	-45	3.51532
-342	-45	3.6398
-337.5	-45	3.75381
-333	-45	3.69759
-328.5	-45	3.57211
-324	-45	3.91622
-319.5	-45	4.40749
-315	-45	4.67521
-310.5	-45	4.38594
-306	-45	4.56456
-301.5	-45	4.15199
-297	-45	4.87398
-292.5	-45	5.53078
-288	-45	4.90189
-283.5	-45	4.23967
-279	-45	4.3247
-274.5	-45	4.09183
-270	-45	4.81185
-265.5	-45	5.71083
-261	-45	5.6772
-256.5	-45	5.90139
-252	-45	6.77957
-247.5	-45	12.4782
-243	-45	20.5758
-238.5	-45	31.2751
-234	-45	46.9348
-229.5	-45	83.9095
-225	-45	130.01
-220.5	-45	225.05
-216	-45	328.934
-211.5	-45	499.456
-207	-45	764.613
-202.5	-45	1372.04
-198	-45	2238.23
-193.5	-45	3769.59
-189	-45	5281.45
-184.5	-45	7972.07
-180	-45	11791
-175.5	-45	15300
-171	-45	27707.2
-166.5	-45	52038.6
-162	-45	123470
-157.5	-45	342365
-153	-45	908040
-148.5	-45	1.13152e+06
-144	-45	1.23232e+06
-139.5	-45	1.10162e+06
-135	-45	1.01229e+06
-130.5	-45	1.10369e+06
-126	-45	1.27702e+06
-121.5	-45	1.27993e+06
-117	-45	1.31645e+06
-112.5	-45	1.50574e+06
-108	-45	1.49307e+06
-103.5	-45	1.62786e+06
-99	-45	1.71609e+06
-94.5	-45	1.87524e+06
-90	-45	2.68108e+06
-85.5	-45	4.61029e+06
-81	-45	7.39272e+06
-76.5	-45	1.1638e+07
-72	-45	1.81812e+07
-67.5	-45	2.18117e+07
-63	-45	2.1817e+07
-58.5	-45	2.33965e+07
-54	-45	2.41688e+07
-49.5	-45	2.56702e+07
-45	-45	3.17313e+07
-40.5	-45	4.10032e+07
-36	-45	4.23996e+07
-31.5	-45	4.65388e+07
-27	-45	4.95673e+07
-22.5	-45	5.26772e+07
-18	-45	5.73474e+07
-13.5	-45	6.02013e+07
-9	-45	6.27962e+07
-4.5	-45	6.17884e+07
0	-45	6.36013e+07
4.5	-45	6.5366e+07
9	-45	6.53024e+07
13.5	-45	6.6776e+07
18	-45	6.81214e+07
22.5	-45	7.01517e+07
27	-45	7.38181e+07
31.5	-45	7.54688e+07
36	-45	7.77603e+07
40.5	-45	6.28544e+07
45	-45	5.53111e+07
49.5	-45	5.29278e+07
54	-45	5.20901e+07
58.5	-45	5.04439e+07
63	-45	4.85337e+07
67.5	-45	4.70372e+07
72	-45	4.53591e+07
76.5	-45	4.76722e+07
81	-45	6.94073e+07
85.5	-45	4.81913e+07
90	-45	3.0532e+07
94.5	-45	2.43548e+07
99	-45	1.6799e+07
103.5	-45	1.02669e+07
108	-45	7.48356e+06
112.5	-45	6.53761e+06
117	-45	5.66807e+06
121.5	-45	5.43982e+06
126	-45	4.90818e+06
130.5	-45	4.67054e+06
135	-45	4.33287e+06
139.5	-45	4.0734e+06
144	-45	3.88098e+06
148.5	-45	2.94317e+06
153	-45	838866
157.5	-45	264015
162	-45	122029
166.5	-45	64564.2
171	-45	38795.8
175.5	-45	27041.8
180	-45	18595
184.5	-45	12901.1
189	-45	8235.13
193.5	-45	4789.14
198	-45	2835.98
202.5	-45	1773.46
207	-45	1084.32
211.5	-45	667.339
216	-45	460.594
220.5	-45	294.392
225	-45	184.557
229.5	-45	115.145
234	-45	80.4599
238.5	-45	53.2356
243	-45	34.0373
247.5	-45	19.87
252	-45	18.767
256.5	-45	17.3324
261	-45	16.8774
265.5	-45	17.2485
270	-45	16.0507
274.5	-45	15.0663
279	-45	15.0741
283.5	-45	14.4453
288	-45	14.9285
292.5	-45	13.6574
297	-45	12.4738
301.5	-45	13.0055
306	-45	12.8958
310.5	-45	13.112
315	-45	12.22
319.5	-45	12.7152
324	-45	12.0807
328.5	-45	12.2162
337.5	-45	12.6001
342	-45	11.7316
346.5	-45	11.1159
351	-45	10.4663
355.5	-45	7.44456
360	-45	5.45233
364.5	-45	3.53669
369	-45	2.05259
373.5	-45	1.56324
378	-45	1.09803
382.5	-45	0.79033
387	-45	0.511951
391.5	-45	0.314668
396	-45	0.222041
400.5	-45	0.161408
405	-45	0.170193
409.5	-45	0.182426
414	-45	0.165624
418.5	-45	0.1429
423	-45	0.137339
427.5	-45	0.12746
432	-45	0.120828
436.5	-45	0.133419
441	-45	0.123413
445.5	-45	0.115892
-427.5	-40.5	0.06159
-396	-40.5	0.098514
-391.5	-40.5	0.162789
-387	-40.5	0.251337
-382.5	-40.5	0.308177
-378	-40.5	0.418979
-373.5	-40.5	0.6321
-369	-40.5	0.980124
-364.5	-40.5	1.798
-360	-40.5	2.30048
-355.5	-40.5	3.26014
-351	-40.5	3.82786
-346.5	-40.5	3.67707
-342	-40.5	4.06948
-337.5	-40.5	5.00197
-333	-40.5	3.99005
-328.5	-40.5	3.55996
-324	-40.5	3.35705
-315	-40.5	4.05809
-310.5	-40.5	4.63579
-306	-40.5	4.21899
-301.5	-40.5	4.20485
-297	-40.5	3.5497
-292.5	-40.5	3.75136
-288	-40.5	4.34925
-283.5	-40.5	4.52842
-279	-40.5	4.91271
-274.5	-40.5	4.60597
-270	-40.5	5.28505
-265.5	-40.5	6.01345
-261	-40.5	5.1331
-256.5	-40.5	5.14838
-252	-40.5	7.24836
-247.5	-40.5	11.2485
-243	-40.5	18.8285
-238.5	-40.5	27.7947
-234	-40.5	43.4103
-229.5	-40.5	81.1824
-225	-40.5	135.164
-220.5	-40.5	214.947
-216	-40.5	370.502
-211.5	-40.5	561.085
-207	-40.5	888.8
-202.5	-40.5	1158.49
-198	-40.5	1903.58
-193.5	-40.5	3888.27
-189	-40.5	6455.03
-184.5	-40.5	9632.57
-180	-40.5	12381.3
-175.5	-40.5	16799.6
-171	-40.5	27238.8
-166.5	-40.5	47873.2
-162	-40.5	117187
-157.5	-40.5	356733
-153	-40.5	1.05334e+06
-148.5	-40.5	1.26651e+06
-144	-40.5	1.216e+06
-139.5	-40.5	1.22102e+06
-135	-40.5	1.24264e+06
-130.5	-40.5	1.28892e+06
-126	-40.5	1.2458e+06
-121.5	-40.5	1.40731e+06
-117	-40.5	1.35251e+06
-112.5	-40.5	1.51845e+06
-108	-40.5	1.67191e+06
-103.5	-40.5	1.70184e+06
-99	-40.5	1.89884e+06
-94.5	-40.5	2.08182e+06
-90	-40.5	3.51167e+06
-85.5	-40.5	6.10543e+06
-81	-40.5	9.4478e+06
-76.5	-40.5	1.48412e+07
-72	-40.5	2.30267e+07
-67.5	-40.5	2.37507e+07
-63	-40.5	2.31547e+07
-58.5	-40.5	2.48972e+07
-54	-40.5	2.7601e+07
-49.5	-40.5	3.05163e+07
-45	-40.5	4.10388e+07
-40.5	-40.5	4.47514e+07
-36	-40.5	4.72721e+07
-31.5	-40.5	5.10456e+07
-27	-40.5	5.47439e+07
-22.5	-40.5	5.78567e+07
-18	-40.5	6.22595e+07
-13.5	-40.5	6.66537e+07
-9	-40.5	7.02255e+07
-4.5	-40.5	7.07842e+07
0	-40.5	7.10334e+07
4.5	-40.5	7.36292e+07
9	-40.5	7.50066e+07
13.5	-40.5	7.74764e+07
18	-40.5	8.0705e+07
22.5	-40.5	8.33978e+07
27	-40.5	8.73637e+07
31.5	-40.5	8.90109e+07
36	-40.5	9.21219e+07
40.5	-40.5	8.86394e+07
45	-40.5	6.6195e+07
49.5	-40.5	5.97957e+07
54	-40.5	5.79575e+07
58.5	-40.5	5.44137e+07
63	-40.5	5.31821e+07
67.5	-40.5	5.03142e+07
72	-40.5	4.92516e+07
76.5	-40.5	6.46219e+07
81	-40.5	9.70067e+07
85.5	-40.5	6.38962e+07
90	-40.5	3.44821e+07
94.5	-40.5	2.27559e+07
99	-40.5	1.35241e+07
103.5	-40.5	9.6411e+06
108	-40.5	7.56481e+06
112.5	-40.5	6.40374e+06
117	-40.5	5.86463e+06
121.5	-40.5	5.37158e+06
126	-40.5	5.04889e+06
130.5	-40.5	4.52926e+06
135	-40.5	4.32405e+06
139.5	-40.5	4.18604e+06
144	-40.5	4.12466e+06
148.5	-40.5	3.31199e+06
153	-40.5	839634
157.5	-40.5	272911
162	-40.5	116388
166.5	-40.5	62741.3
171	-40.5	40345.3
175.5	-40.5	26657.8
180	-40.5	19053.8
184.5	-40.5	15406.6
189	-40.5	9017.31
193.5	-40.5	5136.88
198	-40.5	2949.26
202.5	-40.5	1656.2
207	-40.5	1128.67
211.5	-40.5	737.795
216	-40.5	450.993
220.5	-40.5	311.291
225	-40.5	191.651
229.5	-40.5	135.365
234	-40.5	83.1808
238.5	-40.5	52.8856
243	-40.5	37.4861
247.5	-40.5	19.3774
252	-40.5	17.0785
256.5	-40.5	16.1131
261	-40.5	18.307
265.5	-40.5	16.3379
270	-40.5	14.8558
274.5	-40.5	15.1152
279	-40.5	16.3738
283.5	-40.5	14.056
288	-40.5	13.2044
292.5	-40.5	13.9993
297	-40.5	14.4685
301.5	-40.5	13.9185
310.5	-40.5	14.623
315	-40.5	12.5736
319.5	-40.5	15.0065
324	-40.5	12.4111
328.5	-40.5	11.5472
333	-40.5	11.7491
337.5	-40.5	10.619
342	-40.5	10.5689
346.5	-40.5	11.3202
351	-40.5	9.12317
355.5	-40.5	7.90081
360	-40.5	5.88809
364.5	-40.5	3.72228
369	-40.5	2.30195
373.5	-40.5	1.70697
378	-40.5	1.25527
382.5	-40.5	0.79447
387	-40.5	0.536096
391.5	-40.5	0.386822
396	-40.5	0.234436
400.5	-40.5	0.168383
405	-40.5	0.157491
409.5	-40.5	0.136579
414	-40.5	0.138354
418.5	-40.5	0.133754
423	-40.5	0.147207
427.5	-40.5	0.139508
432	-40.5	0.112531
436.5	-40.5	0.093848
441	-40.5	0.09765
445.5	-40.5	0.101909
-450	-36	0.043566
-436.5	-36	0.050788
-427.5	-36	0.0475
-391.5	-36	0.164601
-387	-36	0.218429
-382.5	-36	0.332236
-373.5	-36	0.61006
-355.5	-36	3.30245
-351	-36	3.31044
-346.5	-36	3.16904
-342	-36	4.17995
-337.5	-36	4.47586
-333	-36	4.31399
-328.5	-36	4.39717
-324	-36	3.94491
-319.5	-36	3.99269
-315	-36	4.33889
-310.5	-36	4.60042
-306	-36	5.20524
-301.5	-36	4.82497
-297	-36	5.72933
-292.5	-36	5.77295
-288	-36	5.28547
-283.5	-36	5.37352
-279	-36	5.17059
-274.5	-36	5.74776
-270	-36	5.22142
-265.5	-36	6.53266
-261	-36	5.08004
-256.5	-36	4.89929
-252	-36	4.90832
-247.5	-36	8.93158
-243	-36	15.8943
-238.5	-36	28.3798
-234	-36	50.5438
-229.5	-36	73.9684
-225	-36	111.37
-220.5	-36	152.719
-216	-36	274.702
-211.5	-36	524.23
-207	-36	800.417
-202.5	-36	1566.26
-198	-36	2733.25
-189	-36	6437.74
-184.5	-36	9348.01
-180	-36	12829.7
-175.5	-36	21311.4
-171	-36	30019
-166.5	-36	53065.1
-162	-36	120924
-157.5	-36	429303
-153	-36	1.07293e+06
-148.5	-36	1.41061e+06
-144	-36	1.44719e+06
-139.5	-36	1.39882e+06
-135	-36	1.46058e+06
-130.5	-36	1.3361e+06
-126	-36	1.38492e+06
-121.5	-36	1.36156e+06
-117	-36	1.62396e+06
-112.5	-36	1.65531e+06
-108	-36	1.72543e+06
-103.5	-36	1.83769e+06
-99	-36	1.90794e+06
-94.5	-36	2.28252e+06
-90	-36	4.31646e+06
-85.5	-36	7.3618e+06
-81	-36	1.23523e+07
-76.5	-36	1.92073e+07
-72	-36	2.52993e+07
-67.5	-36	2.55529e+07
-63	-36	2.63832e+07
-58.5	-36	2.74284e+07
-54	-36	2.99538e+07
-49.5	-36	4.1122e+07
-45	-36	4.68064e+07
-40.5	-36	4.93854e+07
-36	-36	5.42434e+07
-31.5	-36	5.6409e+07
-27	-36	6.24785e+07
-22.5	-36	6.52599e+07
-18	-36	6.87168e+07
-13.5	-36	7.46975e+07
-9	-36	7.98313e+07
-4.5	-36	8.03066e+07
0	-36	8.07939e+07
4.5	-36	8.39278e+07
9	-36	8.60386e+07
13.5	-36	9.01413e+07
18	-36	9.45414e+07
22.5	-36	9.8371e+07
27	-36	1.02644e+08
31.5	-36	1.03223e+08
36	-36	1.01172e+08
40.5	-36	9.8681e+07
45	-36	8.41045e+07
49.5	-36	6.68672e+07
54	-36	6.43295e+07
58.5	-36	6.36352e+07
63	-36	5.85013e+07
67.5	-36	5.54609e+07
72	-36	5.74436e+07
76.5	-36	9.6301e+07
81	-36	1.03219e+08
85.5	-36	7.84543e+07
90	-36	3.44775e+07
94.5	-36	1.82873e+07
99	-36	1.19358e+07
103.5	-36	8.9923e+06
108	-36	7.54482e+06
112.5	-36	6.80698e+06
117	-36	6.236e+06
121.5	-36	5.84961e+06
126	-36	5.29653e+06
130.5	-36	5.00338e+06
135	-36	4.92354e+06
139.5	-36	4.69992e+06
144	-36	4.53823e+06
148.5	-36	3.34022e+06
153	-36	1.01376e+06
157.5	-36	303659
162	-36	129287
166.5	-36	68761.2
171	-36	43990.6
175.5	-36	30719.7
180	-36	21931.4
184.5	-36	16708.1
189	-36	8951.53
193.5	-36	4963.56
198	-36	2885.14
202.5	-36	1704.29
207	-36	1121.56
211.5	-36	706.454
216	-36	504.307
220.5	-36	311.225
225	-36	205.982
229.5	-36	130.685
234	-36	92.0622
238.5	-36	56.2812
243	-36	35.4653
247.5	-36	34.2655
252	-36	16.9537
256.5	-36	17.2573
261	-36	16.5537
265.5	-36	15.468
270	-36	17.3258
274.5	-36	16.9469
279	-36	13.971
283.5	-36	14.4218
288	-36	14.3054
292.5	-36	14.3006
297	-36	13.7775
301.5	-36	13.8702
306	-36	13.0073
310.5	-36	13.8412
315	-36	13.521
319.5	-36	16.015
328.5	-36	11.1115
333	-36	10.9093
337.5	-36	12.1413
342	-36	10.9343
346.5	-36	11.3187
351	-36	9.0963
355.5	-36	7.53788
360	-36	5.38815
364.5	-36	3.47814
369	-36	2.35959
373.5	-36	1.6133
378	-36	1.18659
382.5	-36	0.879921
387	-36	0.532665
391.5	-36	0.340929
396	-36	0.239943
400.5	-36	0.17786
405	-36	0.167653
409.5	-36	0.163434
414	-36	0.149226
418.5	-36	0.137717
423	-36	0.138073
427.5	-36	0.1382
432	-36	0.127313
436.5	-36	0.127483
441	-36	0.124804
445.5	-36	0.117945
-427.5	-31.5	0.065059
-418.5	-31.5	0.049361
-396	-31.5	0.129172
-391.5	-31.5	0.177273
-387	-31.5	0.242956
-382.5	-31.5	0.30481
-378	-31.5	0.412229
-373.5	-31.5	0.590933
-369	-31.5	0.925246
-364.5	-31.5	1.24365
-360	-31.5	2.15513
-355.5	-31.5	2.77905
-351	-31.5	3.19819
-346.5	-31.5	2.91633
-342	-31.5	3.24665
-337.5	-31.5	3.53823
-333	-31.5	3.66589
-328.5	-31.5	3.82708
-324	-31.5	4.09355
-319.5	-31.5	4.99495
-315	-31.5	3.91812
-310.5	-31.5	6.68721
-306	-31.5	3.7922
-301.5	-31.5	4.14851
-297	-31.5	4.48822
-292.5	-31.5	5.56312
-288	-31.5	6.27035
-283.5	-31.5	5.97514
-279	-31.5	5.00526
-274.5	-31.5	4.7443
-270	-31.5	6.03641
-265.5	-31.5	5.89679
-261	-31.5	5.84949
-256.5	-31.5	6.1061
-252	-31.5	8.39509
-247.5	-31.5	10.4602
-243	-31.5	14.493
-238.5	-31.5	23.3282
-234	-31.5	43.4647
-229.5	-31.5	74.01
-225	-31.5	107.822
-220.5	-31.5	191.059
-216	-31.5	309.946
-211.5	-31.5	484.902
-207	-31.5	883.257
-202.5	-31.5	1454.44
-198	-31.5	2402.25
-193.5	-31.5	4898.84
-180	-31.5	14874.5
-175.5	-31.5	18740.2
-171	-31.5	33206.6
-166.5	-31.5	72696.2
-162	-31.5	150136
-157.5	-31.5	408000
-153	-31.5	1.17819e+06
-148.5	-31.5	1.4255e+06
-144	-31.5	1.48622e+06
-139.5	-31.5	1.67197e+06
-135	-31.5	1.67045e+06
-130.5	-31.5	1.62974e+06
-126	-31.5	1.6551e+06
-121.5	-31.5	1.76157e+06
-117	-31.5	1.57615e+06
-112.5	-31.5	1.75095e+06
-108	-31.5	1.78984e+06
-103.5	-31.5	1.97889e+06
-99	-31.5	2.16221e+06
-94.5	-31.5	2.79976e+06
-90	-31.5	5.43498e+06
-85.5	-31.5	8.82666e+06
-81	-31.5	1.42086e+07
-76.5	-31.5	2.3264e+07
-72	-31.5	2.64232e+07
-67.5	-31.5	2.66984e+07
-63	-31.5	2.89492e+07
-58.5	-31.5	3.13648e+07
-54	-31.5	3.49364e+07
-49.5	-31.5	5.05941e+07
-45	-31.5	5.44972e+07
-40.5	-31.5	5.66057e+07
-36	-31.5	6.04559e+07
-31.5	-31.5	6.60576e+07
-27	-31.5	7.00629e+07
-22.5	-31.5	7.63082e+07
-18	-31.5	8.00995e+07
-13.5	-31.5	8.43312e+07
-9	-31.5	9.21709e+07
-4.5	-31.5	9.33043e+07
0	-31.5	9.31325e+07
4.5	-31.5	9.62994e+07
9	-31.5	1.02323e+08
13.5	-31.5	1.06548e+08
18	-31.5	1.11561e+08
22.5	-31.5	1.13763e+08
27	-31.5	1.14876e+08
31.5	-31.5	1.11358e+08
36	-31.5	1.06021e+08
40.5	-31.5	1.03577e+08
45	-31.5	9.98958e+07
49.5	-31.5	7.56279e+07
54	-31.5	7.17077e+07
58.5	-31.5	6.99014e+07
63	-31.5	6.4887e+07
67.5	-31.5	6.15062e+07
72	-31.5	8.83377e+07
76.5	-31.5	1.10914e+08
81	-31.5	1.0543e+08
85.5	-31.5	8.26937e+07
90	-31.5	2.75253e+07
94.5	-31.5	1.40135e+07
99	-31.5	1.0922e+07
103.5	-31.5	9.21667e+06
108	-31.5	7.88001e+06
112.5	-31.5	7.12004e+06
117	-31.5	6.39728e+06
121.5	-31.5	6.075e+06
126	-31.5	5.70692e+06
130.5	-31.5	5.26341e+06
135	-31.5	5.26818e+06
139.5	-31.5	4.7601e+06
144	-31.5	4.57139e+06
148.5	-31.5	3.52736e+06
153	-31.5	1.05654e+06
157.5	-31.5	326255
162	-31.5	120692
166.5	-31.5	64591.7
171	-31.5	41409.4
175.5	-31.5	29880.7
180	-31.5	19262.3
184.5	-31.5	14467.1
189	-31.5	10108.2
193.5	-31.5	4957.58
198	-31.5	2950.43
202.5	-31.5	1849.83
207	-31.5	1058.64
211.5	-31.5	695.665
216	-31.5	462.433
220.5	-31.5	319.457
225	-31.5	207.383
229.5	-31.5	129.558
234	-31.5	82.5913
238.5	-31.5	53.8709
243	-31.5	33.4931
247.5	-31.5	20.7961
256.5	-31.5	18.3754
261	-31.5	17.8345
265.5	-31.5	18.0167
270	-31.5	15.3825
274.5	-31.5	16.8656
279	-31.5	15.5208
283.5	-31.5	14.7988
288	-31.5	13.3907
292.5	-31.5	12.4647
297	-31.5	14.1745
301.5	-31.5	15.6951
306	-31.5	13.5206
310.5	-31.5	12.9861
315	-31.5	12.0289
319.5	-31.5	11.6996
324	-31.5	11.6024
328.5	-31.5	12.2569
333	-31.5	11.0416
337.5	-31.5	11.8616
342	-31.5	11.3019
346.5	-31.5	10.4454
351	-31.5	9.88605
355.5	-31.5	7.14338
360	-31.5	4.63618
364.5	-31.5	3.47698
369	-31.5	2.55731
373.5	-31.5	1.62832
378	-31.5	1.11465
382.5	-31.5	0.769719
387	-31.5	0.533183
391.5	-31.5	0.342459
396	-31.5	0.203114
400.5	-31.5	0.157438
405	-31.5	0.155319
409.5	-31.5	0.132767
414	-31.5	0.138797
418.5	-31.5	0.151255
423	-31.5	0.157688
427.5	-31.5	0.15747
432	-31.5	0.151978
436.5	-31.5	0.139794
441	-31.5	0.139154
445.5	-31.5	0.119546
-396	-27	0.144901
-391.5	-27	0.191389
-387	-27	0.235046
-382.5	-27	0.29474
-378	-27	0.415877
-373.5	-27	0.699591
-360	-27	2.1436
-355.5	-27	2.51954
-351	-27	3.06772
-346.5	-27	3.18004
-342	-27	3.79984
-337.5	-27	3.59209
-333	-27	4.11267
-328.5	-27	3.66399
-324	-27	3.69503
-319.5	-27	4.49765
-315	-27	8.45095
-306	-27	4.66095
-301.5	-27	3.99792
-297	-27	4.46934
-292.5	-27	4.3736
-288	-27	4.23097
-283.5	-27	4.54085
-279	-27	4.39086
-274.5	-27	5.12387
-270	-27	5.26264
-265.5	-27	6.54358
-261	-27	6.76905
-256.5	-27	6.39026
-252	-27	7.58491
-247.5	-27	11.9517
-243	-27	19.7487
-238.5	-27	27.6505
-234	-27	43.1468
-229.5	-27	82.5619
-225	-27	139.535
-220.5	-27	212.542
-216	-27	319.358
-211.5	-27	505.561
-207	-27	844.409
-202.5	-27	1359.24
-198	-27	2557.81
-193.5	-27	3836.42
-189	-27	6334.25
-184.5	-27	9702.16
-180	-27	14131.2
-175.5	-27	21466.2
-171	-27	33428.8
-166.5	-27	52604.9
-162	-27	147418
-157.5	-27	453650
-153	-27	1.22354e+06
-148.5	-27	1.56857e+06
-144	-27	1.56162e+06
-139.5	-27	1.56853e+06
-135	-27	1.66261e+06
-130.5	-27	1.90232e+06
-126	-27	1.98102e+06
-121.5	-27	1.87054e+06
-117	-27	1.95333e+06
-112.5	-27	2.07605e+06
-108	-27	2.11265e+06
-103.5	-27	2.19204e+06
-99	-27	2.39881e+06
-94.5	-27	3.18648e+06
-90	-27	6.3704e+06
-85.5	-27	1.02457e+07
-81	-27	1.65185e+07
-76.5	-27	2.65569e+07
-72	-27	2.87778e+07
-67.5	-27	3.01317e+07
-63	-27	3.20189e+07
-58.5	-27	3.55441e+07
-54	-27	4.55319e+07
-49.5	-27	5.91063e+07
-45	-27	6.18064e+07
-40.5	-27	6.72002e+07
-36	-27	7.05282e+07
-31.5	-27	7.62429e+07
-27	-27	8.20979e+07
-22.5	-27	8.88912e+07
-18	-27	9.49888e+07
-13.5	-27	9.99298e+07
-9	-27	1.06208e+08
-4.5	-27	1.1084e+08
0	-27	1.1033e+08
4.5	-27	1.12771e+08
9	-27	1.21103e+08
13.5	-27	1.25683e+08
18	-27	1.26905e+08
22.5	-27	1.24079e+08
27	-27	1.21814e+08
31.5	-27	1.17665e+08
36	-27	1.12975e+08
40.5	-27	1.11215e+08
45	-27	1.1011e+08
49.5	-27	8.85147e+07
54	-27	8.11892e+07
58.5	-27	7.83261e+07
63	-27	7.37048e+07
67.5	-27	8.05949e+07
72	-27	1.264e+08
76.5	-27	1.20205e+08
81	-27	1.0706e+08
85.5	-27	6.03436e+07
90	-27	2.08333e+07
94.5	-27	1.217e+07
99	-27	1.04344e+07
103.5	-27	8.82505e+06
108	-27	8.02751e+06
112.5	-27	7.09977e+06
117	-27	6.6183e+06
121.5	-27	6.51033e+06
126	-27	6.07148e+06
130.5	-27	5.20895e+06
135	-27	5.1901e+06
139.5	-27	4.80769e+06
144	-27	4.78387e+06
148.5	-27	3.59261e+06
153	-27	1.03226e+06
157.5	-27	299424
162	-27	107595
166.5	-27	64089.4
171	-27	42768
175.5	-27	30855.9
180	-27	22412.5
184.5	-27	16181.5
189	-27	9789.34
193.5	-27	4897.81
198	-27	2903.62
202.5	-27	1788.55
207	-27	1142.79
211.5	-27	716.973
216	-27	502.463
220.5	-27	315.982
225	-27	187.13
229.5	-27	127.565
234	-27	77.1886
238.5	-27	53.6252
243	-27	34.6343
247.5	-27	21.8676
252	-27	17.9441
256.5	-27	16.9517
261	-27	17.6311
265.5	-27	17.0824
270	-27	15.4847
274.5	-27	15.7301
279	-27	15.3317
283.5	-27	25.9841
288	-27	15.0891
292.5	-27	13.1885
297	-27	14.6572
301.5	-27	14.0715
306	-27	13.0517
310.5	-27	14.6143
315	-27	13.3567
319.5	-27	13.1575
324	-27	11.9237
328.5	-27	11.3969
333	-27	11.5844
337.5	-27	12.262
342	-27	11.035
346.5	-27	10.0754
351	-27	9.02005
355.5	-27	7.39023
360	-27	4.57716
364.5	-27	3.0212
369	-27	2.133
373.5	-27	1.55897
378	-27	1.06682
382.5	-27	0.707813
387	-27	0.48854
391.5	-27	0.333359
396	-27	0.217508
400.5	-27	0.153556
405	-27	0.142118
409.5	-27	0.15254
414	-27	0.145356
418.5	-27	0.144881
423	-27	0.142239
427.5	-27	0.129882
432	-27	0.120715
436.5	-27	0.125383
441	-27	0.118729
445.5	-27	0.11875
-391.5	-22.5	0.159472
-387	-22.5	0.223053
-382.5	-22.5	0.334933
-378	-22.5	0.477904
-373.5	-22.5	0.66035
-369	-22.5	0.906337
-364.5	-22.5	1.21233
-360	-22.5	1.74245
-355.5	-22.5	2.71985
-351	-22.5	2.83852
-346.5	-22.5	3.1124
-342	-22.5	3.24672
-337.5	-22.5	3.23817
-333	-22.5	3.66737
-328.5	-22.5	4.20908
-324	-22.5	3.87139
-319.5	-22.5	4.02818
-315	-22.5	4.03823
-310.5	-22.5	4.07475
-306	-22.5	4.9427
-301.5	-22.5	5.18875
-297	-22.5	4.88309
-292.5	-22.5	4.50082
-283.5	-22.5	5.5352
-279	-22.5	5.14624
-274.5	-22.5	4.89038
-270	-22.5	5.92957
-265.5	-22.5	6.77726
-261	-22.5	7.04563
-256.5	-22.5	6.63791
-252	-22.5	7.64466
-247.5	-22.5	12.011
-243	-22.5	19.3202
-238.5	-22.5	32.7123
-234	-22.5	54.1116
-229.5	-22.5	88.4025
-225	-22.5	138.445
-220.5	-22.5	212.109
-216	-22.5	367.444
-211.5	-22.5	614.95
-207	-22.5	850.758
-202.5	-22.5	1554.4
-198	-22.5	2583.12
-193.5	-22.5	5702.42
-189	-22.5	7676.53
-180	-22.5	14580.3
-175.5	-22.5	20733.7
-171	-22.5	34624.5
-166.5	-22.5	62586
-162	-22.5	131923
-157.5	-22.5	383792
-153	-22.5	1.274e+06
-148.5	-22.5	1.57701e+06
-144	-22.5	1.62944e+06
-139.5	-22.5	1.85055e+06
-135	-22.5	1.7251e+06
-130.5	-22.5	1.91708e+06
-126	-22.5	2.16318e+06
-121.5	-22.5	2.35385e+06
-117	-22.5	2.30424e+06
-112.5	-22.5	2.38062e+06
-108	-22.5	2.45821e+06
-103.5	-22.5	2.65463e+06
-99	-22.5	2.66613e+06
-94.5	-22.5	4.02723e+06
-90	-22.5	7.35369e+06
-85.5	-22.5	1.17247e+07
-81	-22.5	1.87106e+07
-76.5	-22.5	2.84519e+07
-72	-22.5	2.98718e+07
-67.5	-22.5	3.22507e+07
-63	-22.5	3.58153e+07
-58.5	-22.5	3.98491e+07
-54	-22.5	5.71189e+07
-49.5	-22.5	6.72947e+07
-45	-22.5	7.07495e+07
-40.5	-22.5	7.66118e+07
-36	-22.5	8.30957e+07
-31.5	-22.5	8.86708e+07
-27	-22.5	9.62555e+07
-22.5	-22.5	1.05221e+08
-18	-22.5	1.14902e+08
-13.5	-22.5	1.22852e+08
-9	-22.5	1.28755e+08
-4.5	-22.5	1.32842e+08
0	-22.5	1.31884e+08
4.5	-22.5	1.34824e+08
9	-22.5	1.41331e+08
13.5	-22.5	1.41251e+08
18	-22.5	1.37063e+08
22.5	-22.5	1.33531e+08
27	-22.5	1.30618e+08
31.5	-22.5	1.27416e+08
36	-22.5	1.24228e+08
40.5	-22.5	1.21761e+08
45	-22.5	1.1879e+08
49.5	-22.5	1.02172e+08
54	-22.5	9.09042e+07
58.5	-22.5	8.77536e+07
63	-22.5	8.83516e+07
67.5	-22.5	1.33286e+08
72	-22.5	1.45387e+08
76.5	-22.5	1.323e+08
81	-22.5	8.43808e+07
85.5	-22.5	4.32684e+07
90	-22.5	1.74981e+07
94.5	-22.5	1.07837e+07
99	-22.5	1.01721e+07
103.5	-22.5	9.20735e+06
108	-22.5	7.99383e+06
112.5	-22.5	7.26393e+06
117	-22.5	7.06583e+06
121.5	-22.5	6.52005e+06
126	-22.5	5.9846e+06
130.5	-22.5	5.7084e+06
135	-22.5	5.50282e+06
139.5	-22.5	5.32816e+06
144	-22.5	5.23717e+06
148.5	-22.5	3.9055e+06
153	-22.5	1.0529e+06
157.5	-22.5	305752
162	-22.5	119778
166.5	-22.5	63105.4
171	-22.5	44527.6
175.5	-22.5	30766.8
180	-22.5	21545
184.5	-22.5	17138.5
189	-22.5	9693.39
193.5	-22.5	5535.35
198	-22.5	2996.35
202.5	-22.5	1858.58
207	-22.5	1193.05
211.5	-22.5	726.741
216	-22.5	464.086
220.5	-22.5	278.975
225	-22.5	200.496
229.5	-22.5	135.344
234	-22.5	82.9284
238.5	-22.5	54.5699
243	-22.5	33.2161
247.5	-22.5	18.4527
252	-22.5	16.4035
256.5	-22.5	15.0994
261	-22.5	16.2177
265.5	-22.5	17.4896
274.5	-22.5	16.3331
279	-22.5	15.5186
283.5	-22.5	15.6871
288	-22.5	15.2148
292.5	-22.5	13.7187
297	-22.5	14.359
301.5	-22.5	14.2928
306	-22.5	16.3955
310.5	-22.5	12.2579
315	-22.5	11.9301
319.5	-22.5	11.9374
324	-22.5	12.2022
328.5	-22.5	13.8087
333	-22.5	12.9099
337.5	-22.5	12.7703
342	-22.5	11.9063
346.5	-22.5	11.4725
351	-22.5	9.7478
355.5	-22.5	7.02727
360	-22.5	5.03205
364.5	-22.5	3.15617
369	-22.5	2.21659
373.5	-22.5	1.55768
378	-22.5	1.11668
382.5	-22.5	0.771476
387	-22.5	0.555522
391.5	-22.5	0.392732
396	-22.5	0.219396
400.5	-22.5	0.172486
405	-22.5	0.196897
409.5	-22.5	0.167209
414	-22.5	0.158717
418.5	-22.5	0.147975
423	-22.5	0.140853
427.5	-22.5	0.137093
432	-22.5	0.13671
436.5	-22.5	0.137546
441	-22.5	0.132598
445.5	-22.5	0.134001
-414	-18	0.081616
-396	-18	0.132917
-391.5	-18	0.171799
-387	-18	0.218115
-382.5	-18	0.260658
-378	-18	0.39542
-373.5	-18	0.638549
-369	-18	0.917416
-364.5	-18	1.08319
-360	-18	1.88413
-355.5	-18	2.87077
-351	-18	4.12329
-346.5	-18	3.73109
-342	-18	3.34772
-337.5	-18	3.76876
-333	-18	3.94744
-328.5	-18	3.5217
-324	-18	3.32487
-319.5	-18	4.63976
-315	-18	4.2853
-310.5	-18	3.85108
-306	-18	3.37096
-301.5	-18	4.31298
-297	-18	4.0152
-292.5	-18	4.49482
-288	-18	4.52104
-283.5	-18	4.57455
-279	-18	5.51729
-274.5	-18	5.47012
-270	-18	5.50219
-265.5	-18	5.86433
-261	-18	6.32427
-256.5	-18	6.63308
-252	-18	8.20336
-247.5	-18	13.4452
-243	-18	19.4235
-238.5	-18	27.7698
-234	-18	48.0716
-229.5	-18	74.5604
-225	-18	134.208
-220.5	-18	230.568
-216	-18	352.19
-211.5	-18	614.173
-207	-18	1062.04
-202.5	-18	1563.7
-198	-18	2233.86
-193.5	-18	3752.95
-189	-18	7185.16
-184.5	-18	11994.8
-180	-18	16199.5
-175.5	-18	20269.2
-171	-18	32503.4
-166.5	-18	66021.3
-162	-18	139552
-157.5	-18	373074
-153	-18	1.19112e+06
-148.5	-18	1.50547e+06
-144	-18	1.66192e+06
-139.5	-18	1.89494e+06
-135	-18	1.94233e+06
-130.5	-18	2.01682e+06
-126	-18	2.06e+06
-121.5	-18	2.31417e+06
-117	-18	2.55929e+06
-112.5	-18	2.78745e+06
-108	-18	3.01334e+06
-103.5	-18	3.20115e+06
-99	-18	3.47966e+06
-94.5	-18	5.43699e+06
-90	-18	9.17681e+06
-85.5	-18	1.36393e+07
-81	-18	1.95078e+07
-76.5	-18	2.93937e+07
-72	-18	3.09092e+07
-67.5	-18	3.3696e+07
-63	-18	3.7299e+07
-58.5	-18	4.27617e+07
-54	-18	6.1443e+07
-49.5	-18	6.95091e+07
-45	-18	7.4486e+07
-40.5	-18	8.19229e+07
-36	-18	8.98333e+07
-31.5	-18	9.8442e+07
-27	-18	1.09276e+08
-22.5	-18	1.22174e+08
-18	-18	1.35712e+08
-13.5	-18	1.49573e+08
-9	-18	1.62667e+08
-4.5	-18	1.6637e+08
0	-18	1.61587e+08
4.5	-18	1.59553e+08
9	-18	1.57378e+08
13.5	-18	1.53154e+08
18	-18	1.49921e+08
22.5	-18	1.45429e+08
27	-18	1.43361e+08
31.5	-18	1.39751e+08
36	-18	1.37411e+08
40.5	-18	1.34035e+08
45	-18	1.2938e+08
49.5	-18	1.16372e+08
54	-18	1.01369e+08
58.5	-18	1.03011e+08
63	-18	1.29795e+08
67.5	-18	1.80009e+08
72	-18	1.69845e+08
76.5	-18	1.23875e+08
81	-18	6.16459e+07
85.5	-18	3.77291e+07
90	-18	1.73442e+07
94.5	-18	1.14772e+07
99	-18	1.03412e+07
103.5	-18	9.38212e+06
108	-18	8.54724e+06
112.5	-18	7.83963e+06
117	-18	7.25668e+06
121.5	-18	6.53142e+06
126	-18	6.33486e+06
130.5	-18	5.7671e+06
135	-18	5.60334e+06
139.5	-18	5.31203e+06
144	-18	5.05144e+06
148.5	-18	3.99628e+06
153	-18	1.05573e+06
157.5	-18	317417
162	-18	134957
166.5	-18	82012.1
171	-18	51906.4
175.5	-18	34814.4
180	-18	24350.6
184.5	-18	18227.2
189	-18	10578.2
193.5	-18	5151.86
198	-18	3322.49
202.5	-18	1971
207	-18	1165.39
211.5	-18	725.188
216	-18	465.505
220.5	-18	305.494
225	-18	188.745
229.5	-18	124.988
234	-18	81.9192
238.5	-18	53.0407
243	-18	32.9546
247.5	-18	19.7681
252	-18	16.4725
256.5	-18	16.2571
261	-18	15.9326
265.5	-18	15.7502
274.5	-18	16.0901
279	-18	14.6542
283.5	-18	13.9959
288	-18	14.6298
292.5	-18	13.9767
297	-18	14.3653
301.5	-18	13.6288
306	-18	12.3573
310.5	-18	12.0406
315	-18	14.702
319.5	-18	10.9292
324	-18	11.598
328.5	-18	12.0759
333	-18	11.3005
337.5	-18	11.4815
342	-18	12.1125
346.5	-18	12.4541
351	-18	10.0259
355.5	-18	6.80121
360	-18	4.66883
364.5	-18	3.32782
369	-18	3.15747
373.5	-18	1.64283
378	-18	1.0406
382.5	-18	0.717573
387	-18	0.471627
391.5	-18	0.318448
396	-18	0.188485
400.5	-18	0.161702
405	-18	0.156684
409.5	-18	0.158009
414	-18	0.166058
418.5	-18	0.170281
423	-18	0.165876
427.5	-18	0.168608
432	-18	0.154662
436.5	-18	0.140013
441	-18	0.115904
445.5	-18	0.108916
-396	-13.5	0.121804
-391.5	-13.5	0.197993
-387	-13.5	0.292796
-382.5	-13.5	0.392461
-378	-13.5	0.619115
-373.5	-13.5	0.818453
-369	-13.5	1.10355
-360	-13.5	1.65191
-355.5	-13.5	2.45825
-351	-13.5	3.25164
-346.5	-13.5	3.59139
-342	-13.5	3.88974
-337.5	-13.5	3.47505
-333	-13.5	3.50257
-328.5	-13.5	3.71532
-324	-13.5	3.73333
-319.5	-13.5	3.42594
-315	-13.5	3.11932
-310.5	-13.5	3.48237
-306	-13.5	3.8067
-301.5	-13.5	4.51357
-297	-13.5	4.17294
-292.5	-13.5	4.31609
-288	-13.5	7.19796
-283.5	-13.5	5.21764
-279	-13.5	5.83728
-274.5	-13.5	5.27909
-270	-13.5	5.90087
-265.5	-13.5	6.01013
-261	-13.5	6.41126
-256.5	-13.5	6.46321
-252	-13.5	6.99603
-247.5	-13.5	12.4722
-243	-13.5	20.9502
-238.5	-13.5	31.4452
-234	-13.5	54.1835
-229.5	-13.5	91.7706
-225	-13.5	135.134
-220.5	-13.5	227.941
-216	-13.5	375.957
-211.5	-13.5	675.085
-207	-13.5	1121.43
-202.5	-13.5	1694.18
-198	-13.5	3121.03
-193.5	-13.5	5779.55
-189	-13.5	7856.6
-184.5	-13.5	10984.9
-180	-13.5	15560.9
-175.5	-13.5	22658.7
-171	-13.5	33112.1
-166.5	-13.5	56685.7
-162	-13.5	151601
-157.5	-13.5	427193
-153	-13.5	1.25356e+06
-148.5	-13.5	1.67134e+06
-144	-13.5	1.69821e+06
-139.5	-13.5	1.77364e+06
-135	-13.5	1.8207e+06
-130.5	-13.5	1.97565e+06
-126	-13.5	2.11975e+06
-121.5	-13.5	2.37148e+06
-117	-13.5	2.52526e+06
-112.5	-13.5	3.0005e+06
-108	-13.5	3.42382e+06
-103.5	-13.5	3.83538e+06
-99	-13.5	4.6242e+06
-94.5	-13.5	8.2275e+06
-90	-13.5	1.32492e+07
-85.5	-13.5	1.83212e+07
-81	-13.5	2.36702e+07
-76.5	-13.5	3.01594e+07
-72	-13.5	3.12325e+07
-67.5	-13.5	3.4908e+07
-63	-13.5	3.91014e+07
-58.5	-13.5	4.46911e+07
-54	-13.5	6.39103e+07
-49.5	-13.5	6.97552e+07
-45	-13.5	7.46966e+07
-40.5	-13.5	8.27739e+07
-36	-13.5	9.12642e+07
-31.5	-13.5	1.02961e+08
-27	-13.5	1.1377e+08
-22.5	-13.5	1.28914e+08
-18	-13.5	1.45657e+08
-13.5	-13.5	1.69584e+08
-9	-13.5	1.92708e+08
-4.5	-13.5	2.07093e+08
0	-13.5	1.97828e+08
4.5	-13.5	1.84157e+08
9	-13.5	1.74695e+08
13.5	-13.5	1.69979e+08
18	-13.5	1.6694e+08
22.5	-13.5	1.63162e+08
27	-13.5	1.60299e+08
31.5	-13.5	1.56233e+08
36	-13.5	1.52897e+08
40.5	-13.5	1.49437e+08
45	-13.5	1.44529e+08
49.5	-13.5	1.29916e+08
54	-13.5	1.17301e+08
58.5	-13.5	1.27246e+08
63	-13.5	2.05323e+08
67.5	-13.5	2.13423e+08
72	-13.5	1.98493e+08
76.5	-13.5	1.07769e+08
81	-13.5	6.07183e+07
85.5	-13.5	3.79703e+07
90	-13.5	1.97272e+07
94.5	-13.5	1.22913e+07
99	-13.5	1.10162e+07
103.5	-13.5	1.00703e+07
108	-13.5	9.59106e+06
112.5	-13.5	7.96484e+06
117	-13.5	7.44268e+06
121.5	-13.5	7.24732e+06
126	-13.5	6.61954e+06
130.5	-13.5	6.33085e+06
135	-13.5	6.08284e+06
139.5	-13.5	5.7399e+06
144	-13.5	5.65422e+06
148.5	-13.5	4.21444e+06
153	-13.5	1.20404e+06
157.5	-13.5	339172
162	-13.5	142834
166.5	-13.5	82423.2
171	-13.5	51907.2
175.5	-13.5	37176.4
180	-13.5	28578.8
184.5	-13.5	19164.8
189	-13.5	11253.5
193.5	-13.5	6216.43
198	-13.5	3473.34
202.5	-13.5	2074.41
207	-13.5	1275.6
211.5	-13.5	751.405
216	-13.5	483.345
220.5	-13.5	312.001
225	-13.5	189.854
229.5	-13.5	122.731
234	-13.5	79.4699
238.5	-13.5	55.241
243	-13.5	35.3251
247.5	-13.5	21.5315
252	-13.5	16.238
256.5	-13.5	16.881
261	-13.5	15.1634
265.5	-13.5	15.7645
270	-13.5	15.4784
274.5	-13.5	15.3925
279	-13.5	13.9521
283.5	-13.5	15.0943
288	-13.5	14.0935
292.5	-13.5	13.4511
297	-13.5	14.5231
301.5	-13.5	13.3801
306	-13.5	13.7068
310.5	-13.5	12.7895
315	-13.5	13.4961
319.5	-13.5	12.6509
324	-13.5	12.5958
328.5	-13.5	12.8832
333	-13.5	11.4128
337.5	-13.5	10.4231
342	-13.5	10.4353
346.5	-13.5	10.8503
351	-13.5	9.52214
355.5	-13.5	6.62393
360	-13.5	4.28611
364.5	-13.5	3.15373
369	-13.5	2.12374
373.5	-13.5	1.44323
378	-13.5	0.976902
382.5	-13.5	0.71778
387	-13.5	0.555235
391.5	-13.5	0.379994
396	-13.5	0.243946
400.5	-13.5	0.170455
405	-13.5	0.166643
409.5	-13.5	0.164988
414	-13.5	0.14832
418.5	-13.5	0.15409
423	-13.5	0.151461
427.5	-13.5	0.140159
432	-13.5	0.119958
436.5	-13.5	0.102507
441	-13.5	0.10507
445.5	-13.5	0.097065
-400.5	-9	0.106697
-396	-9	0.140814
-391.5	-9	0.21572
-387	-9	0.357482
-382.5	-9	0.444145
-378	-9	0.451053
-373.5	-9	0.661917
-369	-9	0.874797
-364.5	-9	1.28838
-360	-9	1.89133
-355.5	-9	2.99175
-351	-9	3.28435
-346.5	-9	3.55173
-342	-9	3.22347
-337.5	-9	3.39539
-333	-9	3.5641
-328.5	-9	3.87754
-324	-9	4.02642
-319.5	-9	4.12656
-315	-9	11.8463
-310.5	-9	4.85862
-306	-9	4.83861
-301.5	-9	4.99215
-297	-9	7.01933
-292.5	-9	4.41216
-288	-9	4.82815
-283.5	-9	5.31168
-279	-9	6.59741
-274.5	-9	5.08341
-270	-9	5.70617
-265.5	-9	5.63175
-261	-9	6.54101
-256.5	-9	5.91748
-252	-9	6.80955
-247.5	-9	11.5494
-243	-9	21.5509
-238.5	-9	35.3347
-234	-9	53.9428
-229.5	-9	85.2512
-225	-9	136.05
-220.5	-9	231.563
-216	-9	361.945
-211.5	-9	586.942
-207	-9	1000.02
-202.5	-9	1714.62
-198	-9	2989.55
-193.5	-9	4592.71
-189	-9	8260.28
-184.5	-9	11049.4
-180	-9	14703.9
-175.5	-9	22261.6
-171	-9	35683
-166.5	-9	56351.1
-162	-9	119088
-157.5	-9	386427
-153	-9	1.33039e+06
-148.5	-9	1.67849e+06
-144	-9	1.76004e+06
-139.5	-9	1.84913e+06
-135	-9	1.97102e+06
-130.5	-9	2.02811e+06
-126	-9	2.08892e+06
-121.5	-9	2.31055e+06
-117	-9	2.56653e+06
-112.5	-9	3.11904e+06
-108	-9	3.63949e+06
-103.5	-9	4.35467e+06
-99	-9	5.4517e+06
-94.5	-9	1.02041e+07
-90	-9	1.95047e+07
-85.5	-9	2.33295e+07
-81	-9	2.62907e+07
-76.5	-9	2.85292e+07
-72	-9	3.11714e+07
-67.5	-9	3.46348e+07
-63	-9	3.99141e+07
-58.5	-9	4.64223e+07
-54	-9	6.51429e+07
-49.5	-9	7.19148e+07
-45	-9	7.64888e+07
-40.5	-9	8.29606e+07
-36	-9	9.38535e+07
-31.5	-9	1.04712e+08
-27	-9	1.1955e+08
-22.5	-9	1.34228e+08
-18	-9	1.56068e+08
-13.5	-9	1.82862e+08
-9	-9	2.20661e+08
-4.5	-9	2.57923e+08
0	-9	2.61356e+08
4.5	-9	2.35754e+08
9	-9	2.1608e+08
13.5	-9	2.04568e+08
18	-9	1.96216e+08
22.5	-9	1.90408e+08
27	-9	1.85206e+08
31.5	-9	1.80331e+08
36	-9	1.75616e+08
40.5	-9	1.70329e+08
45	-9	1.6278e+08
49.5	-9	1.45761e+08
54	-9	1.41994e+08
58.5	-9	2.03362e+08
63	-9	2.55709e+08
67.5	-9	2.53281e+08
72	-9	2.45238e+08
76.5	-9	1.39821e+08
81	-9	7.53439e+07
85.5	-9	4.38883e+07
90	-9	2.24101e+07
94.5	-9	1.35148e+07
99	-9	1.21469e+07
103.5	-9	1.07875e+07
108	-9	9.48045e+06
112.5	-9	8.65571e+06
117	-9	8.11989e+06
121.5	-9	7.52007e+06
126	-9	6.9762e+06
130.5	-9	6.67072e+06
135	-9	6.63407e+06
139.5	-9	6.17259e+06
144	-9	5.84653e+06
148.5	-9	4.29707e+06
153	-9	1.23386e+06
157.5	-9	364760
162	-9	135391
166.5	-9	74330.8
171	-9	51721.4
175.5	-9	33800.5
180	-9	24653.8
184.5	-9	17897.4
189	-9	10424.5
193.5	-9	5968.52
198	-9	3220.35
202.5	-9	2139.17
207	-9	1178.04
211.5	-9	761.824
216	-9	521.742
220.5	-9	325.693
225	-9	205.225
229.5	-9	123.058
234	-9	82.3576
238.5	-9	53.6843
243	-9	32.4585
247.5	-9	20.9815
252	-9	18.6422
256.5	-9	16.3228
261	-9	15.782
265.5	-9	16.6021
270	-9	15.8104
279	-9	14.1477
283.5	-9	14.0318
288	-9	14.1996
292.5	-9	12.8478
297	-9	14.3193
301.5	-9	13.6708
306	-9	12.6372
310.5	-9	12.6278
315	-9	11.739
319.5	-9	11.6295
324	-9	11.1513
328.5	-9	10.8336
333	-9	12.5431
337.5	-9	10.584
342	-9	11.3557
346.5	-9	11.8651
351	-9	11.281
355.5	-9	7.3177
360	-9	4.98665
364.5	-9	3.05371
369	-9	2.08956
373.5	-9	1.53519
378	-9	1.0795
382.5	-9	0.678739
387	-9	0.488599
391.5	-9	0.319844
396	-9	0.179247
400.5	-9	0.136376
405	-9	0.129366
409.5	-9	0.134976
414	-9	0.122574
418.5	-9	0.123508
423	-9	0.113187
427.5	-9	0.113268
432	-9	0.120966
436.5	-9	0.119912
441	-9	0.118873
445.5	-9	0.109045
-450	-4.5	0.059838
-423	-4.5	0.059946
-409.5	-4.5	0.070145
-391.5	-4.5	0.168047
-387	-4.5	0.249578
-382.5	-4.5	0.392332
-378	-4.5	0.639544
-373.5	-4.5	0.764847
-369	-4.5	1.11419
-364.5	-4.5	1.53598
-360	-4.5	2.3561
-355.5	-4.5	3.72183
-351	-4.5	4.32021
-346.5	-4.5	4.08178
-342	-4.5	3.92625
-328.5	-4.5	3.79684
-324	-4.5	3.99025
-319.5	-4.5	4.15895
-315	-4.5	3.90052
-310.5	-4.5	4.42956
-306	-4.5	4.39505
-301.5	-4.5	4.01
-292.5	-4.5	4.73701
-288	-4.5	4.30338
-283.5	-4.5	4.6535
-279	-4.5	4.53326
-274.5	-4.5	5.02378
-270	-4.5	5.47215
-265.5	-4.5	6.01127
-261	-4.5	6.31258
-256.5	-4.5	6.594
-252	-4.5	7.11113
-247.5	-4.5	10.8457
-243	-4.5	17.7743
-238.5	-4.5	29.9086
-234	-4.5	47.4676
-229.5	-4.5	84.0357
-225	-4.5	136.153
-220.5	-4.5	207.081
-216	-4.5	314.685
-211.5	-4.5	538.812
-207	-4.5	989.392
-202.5	-4.5	1644.93
-198	-4.5	3074.93
-193.5	-4.5	5588.82
-189	-4.5	8613.76
-184.5	-4.5	12300.3
-180	-4.5	17272.4
-175.5	-4.5	26282
-171	-4.5	39691.2
-166.5	-4.5	67497.9
-162	-4.5	156986
-157.5	-4.5	434512
-153	-4.5	1.41495e+06
-148.5	-4.5	1.73388e+06
-144	-4.5	1.66719e+06
-139.5	-4.5	1.78119e+06
-135	-4.5	2.00966e+06
-130.5	-4.5	2.25499e+06
-126	-4.5	2.44153e+06
-121.5	-4.5	2.50817e+06
-117	-4.5	2.66511e+06
-112.5	-4.5	3.22751e+06
-108	-4.5	3.67062e+06
-103.5	-4.5	4.36926e+06
-99	-4.5	5.5551e+06
-94.5	-4.5	1.00159e+07
-90	-4.5	1.9282e+07
-85.5	-4.5	2.18323e+07
-81	-4.5	2.41751e+07
-76.5	-4.5	2.73336e+07
-72	-4.5	3.16769e+07
-67.5	-4.5	3.47681e+07
-63	-4.5	4.03587e+07
-58.5	-4.5	4.61922e+07
-54	-4.5	6.40045e+07
-49.5	-4.5	7.38364e+07
-45	-4.5	7.93348e+07
-40.5	-4.5	8.51484e+07
-36	-4.5	9.53216e+07
-31.5	-4.5	1.08118e+08
-27	-4.5	1.23596e+08
-22.5	-4.5	1.44877e+08
-18	-4.5	1.7045e+08
-13.5	-4.5	2.15788e+08
-9	-4.5	2.7632e+08
-4.5	-4.5	3.10334e+08
0	-4.5	3.17192e+08
4.5	-4.5	3.07504e+08
9	-4.5	2.80746e+08
13.5	-4.5	2.63855e+08
18	-4.5	2.54751e+08
22.5	-4.5	2.44148e+08
27	-4.5	2.36184e+08
31.5	-4.5	2.24822e+08
36	-4.5	2.15292e+08
40.5	-4.5	2.02612e+08
45	-4.5	1.9128e+08
49.5	-4.5	1.6824e+08
54	-4.5	1.95918e+08
58.5	-4.5	3.01132e+08
63	-4.5	2.99345e+08
67.5	-4.5	2.96101e+08
72	-4.5	2.76648e+08
76.5	-4.5	1.54839e+08
81	-4.5	8.52351e+07
85.5	-4.5	4.77858e+07
90	-4.5	2.45303e+07
94.5	-4.5	1.46706e+07
99	-4.5	1.24918e+07
103.5	-4.5	1.13159e+07
108	-4.5	1.05299e+07
112.5	-4.5	9.8363e+06
117	-4.5	8.92573e+06
121.5	-4.5	8.08197e+06
126	-4.5	7.50598e+06
130.5	-4.5	6.92386e+06
135	-4.5	6.65171e+06
139.5	-4.5	6.31488e+06
144	-4.5	5.97426e+06
148.5	-4.5	4.80884e+06
153	-4.5	1.3901e+06
157.5	-4.5	364250
162	-4.5	141037
166.5	-4.5	79936.9
171	-4.5	49846.4
175.5	-4.5	34439.8
180	-4.5	25752.6
184.5	-4.5	18597.8
189	-4.5	11167.2
193.5	-4.5	5100.93
198	-4.5	3194.17
202.5	-4.5	2113.74
207	-4.5	1177.86
211.5	-4.5	782.325
216	-4.5	520.992
220.5	-4.5	326.103
225	-4.5	215.599
229.5	-4.5	133.276
234	-4.5	82.5479
238.5	-4.5	53.3235
243	-4.5	35.2159
247.5	-4.5	21.0547
252	-4.5	17.37
256.5	-4.5	16.5187
261	-4.5	16.9696
265.5	-4.5	15.9362
270	-4.5	15.1725
279	-4.5	14.7935
283.5	-4.5	14.4228
288	-4.5	14.7363
292.5	-4.5	13.0764
297	-4.5	14.7005
301.5	-4.5	12.5727
306	-4.5	11.5872
310.5	-4.5	11.9905
315	-4.5	11.6868
319.5	-4.5	11.4362
324	-4.5	12.5467
328.5	-4.5	12.6377
333	-4.5	13.6821
346.5	-4.5	10.6883
351	-4.5	8.65683
355.5	-4.5	6.18813
360	-4.5	4.59493
364.5	-4.5	3.01913
369	-4.5	2.03155
373.5	-4.5	1.48516
378	-4.5	1.04202
382.5	-4.5	0.737458
387	-4.5	0.476378
391.5	-4.5	0.299615
396	-4.5	0.191774
400.5	-4.5	0.123682
405	-4.5	0.134458
409.5	-4.5	0.131152
414	-4.5	0.119284
418.5	-4.5	0.111476
423	-4.5	0.118897
427.5	-4.5	0.120498
432	-4.5	0.120601
436.5	-4.5	0.116105
441	-4.5	0.112351
445.5	-4.5	0.121427
-400.5	0	0.078887
-396	0	0.117417
-391.5	0	0.166993
-387	0	0.250476
-382.5	0	0.329908
-378	0	0.48719
-373.5	0	0.765484
-369	0	0.995015
-364.5	0	1.46767
-360	0	1.89238
-355.5	0	3.17472
-351	0	3.90145
-346.5	0	3.95084
-342	0	4.77249
-337.5	0	4.05373
-333	0	4.42588
-328.5	0	4.44377
-324	0	4.44697
-319.5	0	3.88176
-315	0	3.96071
-310.5	0	4.06875
-306	0	3.75886
-301.5	0	4.387
-292.5	0	4.07387
-288	0	4.6195
-283.5	0	4.1032
-279	0	5.84437
-274.5	0	5.45264
-270	0	5.3467
-265.5	0	5.42526
-261	0	5.81605
-256.5	0	6.42101
-252	0	7.263
-247.5	0	12.9771
-243	0	20.2372
-238.5	0	33.7309
-234	0	50.4092
-229.5	0	79.0747
-225	0	123.993
-220.5	0	241.282
-216	0	398.628
-211.5	0	593.891
-207	0	941.151
-202.5	0	1315.44
-198	0	2824.03
-193.5	0	4915.35
-189	0	9468.66
-184.5	0	12961.2
-180	0	19982.6
-175.5	0	28257.4
-171	0	42872
-166.5	0	70451.1
-162	0	182559
-157.5	0	457742
-153	0	1.4278e+06
-148.5	0	1.78763e+06
-144	0	2.01098e+06
-139.5	0	2.07066e+06
-135	0	2.08534e+06
-130.5	0	2.17629e+06
-126	0	2.28969e+06
-121.5	0	2.4466e+06
-117	0	2.83483e+06
-112.5	0	3.08679e+06
-108	0	3.41604e+06
-103.5	0	3.93976e+06
-99	0	5.37724e+06
-94.5	0	9.0502e+06
-90	0	1.85413e+07
-85.5	0	2.15137e+07
-81	0	2.37981e+07
-76.5	0	2.68441e+07
-72	0	3.11215e+07
-67.5	0	3.6103e+07
-63	0	4.08808e+07
-58.5	0	4.68265e+07
-54	0	6.12084e+07
-49.5	0	7.51432e+07
-45	0	8.07207e+07
-40.5	0	8.74588e+07
-36	0	9.8532e+07
-31.5	0	1.1212e+08
-27	0	1.31285e+08
-22.5	0	1.62501e+08
-18	0	2.0839e+08
-13.5	0	2.68233e+08
-9	0	3.34957e+08
-4.5	0	3.57328e+08
0	0	3.65374e+08
4.5	0	3.72151e+08
9	0	3.56252e+08
13.5	0	3.39083e+08
18	0	3.2534e+08
22.5	0	3.16126e+08
27	0	3.09048e+08
31.5	0	2.97976e+08
36	0	2.85399e+08
40.5	0	2.65217e+08
45	0	2.43316e+08
49.5	0	2.1111e+08
54	0	3.24909e+08
58.5	0	3.63297e+08
63	0	3.47755e+08
67.5	0	3.39672e+08
72	0	2.95663e+08
76.5	0	1.61042e+08
81	0	9.04872e+07
85.5	0	5.09013e+07
90	0	2.56422e+07
94.5	0	1.62548e+07
99	0	1.41504e+07
103.5	0	1.24488e+07
108	0	1.11087e+07
112.5	0	9.97335e+06
117	0	9.11133e+06
121.5	0	8.56038e+06
126	0	7.64186e+06
130.5	0	7.30149e+06
135	0	6.84935e+06
139.5	0	6.84615e+06
144	0	6.33013e+06
148.5	0	4.77755e+06
153	0	1.3506e+06
157.5	0	352610
162	0	139195
166.5	0	87348.5
171	0	54067.2
175.5	0	38505.3
180	0	26963.8
184.5	0	20304.4
189	0	11980.6
193.5	0	6550.29
198	0	3598.68
202.5	0	1953.08
207	0	1213.56
211.5	0	732.087
216	0	471.158
220.5	0	315.461
225	0	203.058
229.5	0	118.134
234	0	75.0238
238.5	0	48.1054
243	0	30.8573
247.5	0	18.9287
252	0	18.2478
256.5	0	18.5962
261	0	15.9924
265.5	0	15.0746
270	0	14.7781
274.5	0	17.0099
279	0	15.6911
283.5	0	15.1428
288	0	13.9953
292.5	0	15.2036
297	0	13.9079
301.5	0	12.2062
306	0	11.7547
310.5	0	10.608
315	0	13.0092
319.5	0	12.3113
324	0	13.2597
328.5	0	10.9408
337.5	0	10.5108
342	0	11.0593
346.5	0	10.5673
351	0	8.95859
355.5	0	6.93675
360	0	4.33637
364.5	0	3.13284
369	0	2.07918
373.5	0	1.35669
378	0	1.0751
382.5	0	0.722184
387	0	0.495988
391.5	0	0.325379
396	0	0.209664
400.5	0	0.18884
405	0	0.170274
409.5	0	0.138068
414	0	0.143178
418.5	0	0.150046
423	0	0.137913
427.5	0	0.116525
432	0	0.111017
436.5	0	0.111016
441	0	0.108444
445.5	0	0.116466
-450	4.5	0.092094
-445.5	4.5	0.123303
-418.5	4.5	0.049561
-405	4.5	0.041377
-396	4.5	0.144043
-391.5	4.5	0.208764
-387	4.5	0.255791
-382.5	4.5	0.334813
-378	4.5	0.470347
-373.5	4.5	0.652592
-369	4.5	0.934559
-364.5	4.5	1.34283
-355.5	4.5	3.08195
-351	4.5	4.01808
-346.5	4.5	4.32188
-342	4.5	4.49149
-337.5	4.5	3.89498
-333	4.5	3.9209
-328.5	4.5	4.17942
-324	4.5	3.54716
-319.5	4.5	3.56765
-315	4.5	3.76635
-310.5	4.5	3.86632
-306	4.5	4.05986
-301.5	4.5	4.91255
-297	4.5	4.96103
-292.5	4.5	4.65732
-288	4.5	4.34199
-283.5	4.5	5.05169
-279	4.5	5.28801
-274.5	4.5	4.88476
-270	4.5	5.12988
-265.5	4.5	5.16124
-261	4.5	5.46167
-256.5	4.5	6.00602
-252	4.5	6.22126
-247.5	4.5	10.5689
-243	4.5	17.5628
-238.5	4.5	31.4291
-234	4.5	53.6824
-229.5	4.5	91.9658
-225	4.5	129.979
-220.5	4.5	218.018
-216	4.5	369.192
-211.5	4.5	576.604
-207	4.5	1091.08
-202.5	4.5	1896.26
-198	4.5	2496.36
-193.5	4.5	4922.52
-189	4.5	8423.23
-184.5	4.5	12963
-180	4.5	18777.3
-175.5	4.5	30076.8
-171	4.5	51560
-166.5	4.5	100886
-162	4.5	227106
-157.5	4.5	574631
-153	4.5	1.52784e+06
-148.5	4.5	1.79998e+06
-144	4.5	1.90494e+06
-139.5	4.5	2.07279e+06
-135	4.5	2.13445e+06
-130.5	4.5	2.46196e+06
-126	4.5	2.53241e+06
-121.5	4.5	2.58549e+06
-117	4.5	2.88383e+06
-112.5	4.5	3.0907e+06
-108	4.5	3.74255e+06
-103.5	4.5	4.25754e+06
-99	4.5	4.79782e+06
-94.5	4.5	7.50587e+06
-90	4.5	1.68292e+07
-85.5	4.5	2.13003e+07
-81	4.5	2.35626e+07
-76.5	4.5	2.69776e+07
-72	4.5	3.16085e+07
-67.5	4.5	3.68947e+07
-63	4.5	4.2158e+07
-58.5	4.5	4.73826e+07
-54	4.5	5.62831e+07
-49.5	4.5	7.63567e+07
-45	4.5	8.12095e+07
-40.5	4.5	9.00397e+07
-36	4.5	1.02894e+08
-31.5	4.5	1.20912e+08
-27	4.5	1.49077e+08
-22.5	4.5	1.94176e+08
-18	4.5	2.5056e+08
-13.5	4.5	3.19261e+08
-9	4.5	3.82435e+08
-4.5	4.5	3.95316e+08
0	4.5	4.10557e+08
4.5	4.5	4.28461e+08
9	4.5	4.37189e+08
13.5	4.5	4.2677e+08
18	4.5	4.1454e+08
22.5	4.5	4.06605e+08
27	4.5	4.00641e+08
31.5	4.5	3.88534e+08
36	4.5	3.73781e+08
40.5	4.5	3.46025e+08
45	4.5	3.03821e+08
49.5	4.5	3.28846e+08
54	4.5	4.49409e+08
58.5	4.5	4.27806e+08
63	4.5	4.01983e+08
67.5	4.5	3.87074e+08
72	4.5	3.0163e+08
76.5	4.5	1.61235e+08
81	4.5	9.15266e+07
85.5	4.5	5.13832e+07
90	4.5	2.53684e+07
94.5	4.5	1.7957e+07
99	4.5	1.54396e+07
103.5	4.5	1.33461e+07
108	4.5	1.16556e+07
112.5	4.5	1.09644e+07
117	4.5	9.90941e+06
121.5	4.5	8.97553e+06
126	4.5	8.46989e+06
130.5	4.5	7.93406e+06
135	4.5	7.18116e+06
139.5	4.5	6.70547e+06
144	4.5	6.46686e+06
148.5	4.5	5.02901e+06
153	4.5	1.48034e+06
157.5	4.5	394837
162	4.5	156347
166.5	4.5	82236.3
171	4.5	51477.2
175.5	4.5	36747.3
180	4.5	27695.1
184.5	4.5	18998
189	4.5	12133.3
193.5	4.5	6221.11
198	4.5	3496.66
202.5	4.5	1993.79
207	4.5	1213.35
211.5	4.5	771.376
216	4.5	502.829
220.5	4.5	313.911
225	4.5	195.719
229.5	4.5	127.4
234	4.5	80.775
238.5	4.5	50.841
243	4.5	31.4386
247.5	4.5	19.0669
252	4.5	16.1228
256.5	4.5	15.941
261	4.5	15.3521
265.5	4.5	16.3579
270	4.5	16.3921
274.5	4.5	17.3561
279	4.5	17.3083
283.5	4.5	14.8562
292.5	4.5	13.342
297	4.5	12.3442
301.5	4.5	11.6156
306	4.5	13.2624
310.5	4.5	14.7922
315	4.5	15.2035
319.5	4.5	11.735
324	4.5	11.7497
328.5	4.5	14.7784
333	4.5	11.5398
337.5	4.5	12.4466
351	4.5	9.63961
355.5	4.5	6.87967
360	4.5	4.38061
364.5	4.5	3.17789
369	4.5	2.04403
373.5	4.5	1.34738
378	4.5	1.02754
382.5	4.5	0.681179
387	4.5	0.486155
391.5	4.5	0.307926
396	4.5	0.192509
400.5	4.5	0.157827
405	4.5	0.149665
409.5	4.5	0.151729
414	4.5	0.174797
418.5	4.5	0.266547
423	4.5	0.27144
427.5	4.5	0.167433
432	4.5	0.140895
436.5	4.5	0.161273
441	4.5	0.123962
445.5	4.5	0.096934
-445.5	9	0.041036
-400.5	9	0.072982
-396	9	0.114431
-391.5	9	0.173151
-387	9	0.247624
-382.5	9	0.318522
-378	9	0.448457
-373.5	9	0.651972
-369	9	0.990012
-364.5	9	1.34265
-360	9	2.21409
-355.5	9	3.15486
-351	9	3.98311
-346.5	9	3.92518
-342	9	3.52502
-337.5	9	4.00649
-328.5	9	7.07321
-324	9	3.54731
-319.5	9	3.44456
-315	9	3.68329
-310.5	9	4.06846
-306	9	4.26801
-301.5	9	4.27503
-297	9	4.90529
-292.5	9	5.63033
-274.5	9	5.83906
-252	9	8.03386
-247.5	9	11.1675
-243	9	17.4417
-238.5	9	26.3146
-234	9	44.699
-229.5	9	86.2991
-225	9	129.122
-220.5	9	205.833
-216	9	373.862
-211.5	9	588.703
-207	9	954.899
-202.5	9	1607.13
-198	9	3042.72
-193.5	9	6111.58
-189	9	8163.43
-184.5	9	12761
-180	9	16176.7
-175.5	9	25910
-171	9	41000.2
-166.5	9	72408.4
-162	9	165977
-157.5	9	540218
-153	9	1.62562e+06
-148.5	9	2.06652e+06
-144	9	2.31622e+06
-139.5	9	2.2742e+06
-135	9	2.36057e+06
-130.5	9	2.29257e+06
-126	9	2.33409e+06
-121.5	9	2.66325e+06
-117	9	2.98462e+06
-112.5	9	3.10776e+06
-108	9	3.63951e+06
-103.5	9	4.19403e+06
-99	9	4.64973e+06
-94.5	9	6.32111e+06
-90	9	1.52057e+07
-85.5	9	2.1761e+07
-81	9	2.39208e+07
-76.5	9	2.75803e+07
-72	9	3.1677e+07
-67.5	9	3.6706e+07
-63	9	4.29892e+07
-58.5	9	4.91263e+07
-54	9	5.42014e+07
-49.5	9	7.26911e+07
-45	9	8.44526e+07
-40.5	9	9.29645e+07
-36	9	1.09679e+08
-31.5	9	1.38467e+08
-27	9	1.75567e+08
-22.5	9	2.24474e+08
-18	9	2.89898e+08
-13.5	9	3.66394e+08
-9	9	4.2529e+08
-4.5	9	4.35771e+08
0	9	4.55932e+08
4.5	9	4.81222e+08
9	9	5.1605e+08
13.5	9	5.33356e+08
18	9	5.29247e+08
22.5	9	5.26481e+08
27	9	5.23473e+08
31.5	9	5.10497e+08
36	9	4.8877e+08
40.5	9	4.46487e+08
45	9	3.85909e+08
49.5	9	5.44472e+08
54	9	5.39239e+08
58.5	9	4.98047e+08
63	9	4.58862e+08
67.5	9	4.38353e+08
72	9	2.85168e+08
76.5	9	1.54647e+08
81	9	8.95523e+07
85.5	9	5.00253e+07
90	9	2.54255e+07
94.5	9	1.90849e+07
99	9	1.58171e+07
103.5	9	1.39071e+07
108	9	1.25145e+07
112.5	9	1.1325e+07
117	9	1.02871e+07
121.5	9	9.44962e+06
126	9	8.69721e+06
130.5	9	7.9882e+06
135	9	7.51285e+06
139.5	9	7.16356e+06
144	9	6.67352e+06
148.5	9	5.11888e+06
153	9	1.45112e+06
157.5	9	394684
162	9	156815
166.5	9	84826.9
171	9	55924.8
175.5	9	38558.8
180	9	26894.3
184.5	9	19757.9
189	9	12195.8
193.5	9	6340.41
198	9	3703.88
202.5	9	2219.88
207	9	1388.2
211.5	9	799.557
216	9	467.444
220.5	9	306.986
225	9	201.6
229.5	9	137.612
234	9	81.8386
238.5	9	48.2693
243	9	32.884
247.5	9	18.9888
252	9	16.6315
256.5	9	15.7773
261	9	15.6625
265.5	9	16.9791
270	9	16.1778
274.5	9	15.0172
279	9	14.6061
283.5	9	13.2066
288	9	12.8547
292.5	9	13.0288
297	9	12.9538
301.5	9	13.1324
306	9	12.709
310.5	9	13.0104
315	9	12.533
319.5	9	11.8358
324	9	12.2425
328.5	9	11.6681
333	9	13.2985
337.5	9	12.0298
342	9	11.3337
346.5	9	10.7455
351	9	10.6493
355.5	9	6.70612
360	9	4.96289
364.5	9	3.06137
369	9	2.11999
373.5	9	1.35843
378	9	0.954169
382.5	9	0.679995
387	9	0.448772
391.5	9	0.326735
396	9	0.205368
400.5	9	0.143734
405	9	0.149741
409.5	9	0.148369
414	9	0.140481
418.5	9	0.141521
423	9	0.132696
427.5	9	0.14243
432	9	0.163425
436.5	9	0.120792
441	9	0.126651
445.5	9	0.125043
-432	13.5	0.080097
-418.5	13.5	0.054717
-396	13.5	0.111149
-391.5	13.5	0.162466
-387	13.5	0.258126
-382.5	13.5	0.402439
-378	13.5	0.603073
-373.5	13.5	0.831794
-369	13.5	1.10276
-364.5	13.5	1.92725
-360	13.5	2.58859
-355.5	13.5	3.24097
-351	13.5	3.89023
-346.5	13.5	4.37246
-342	13.5	4.54015
-337.5	13.5	4.28228
-333	13.5	4.1338
-328.5	13.5	5.44624
-324	13.5	5.09894
-319.5	13.5	4.39819
-315	13.5	4.67963
-310.5	13.5	4.64625
-306	13.5	4.49339
-301.5	13.5	4.35246
-297	13.5	4.27456
-292.5	13.5	4.65902
-288	13.5	4.14744
-283.5	13.5	4.85442
-279	13.5	5.96155
-274.5	13.5	6.44483
-270	13.5	6.51124
-265.5	13.5	5.2841
-261	13.5	5.58389
-256.5	13.5	6.67352
-252	13.5	7.4113
-202.5	13.5	1537.26
-198	13.5	3089.96
-193.5	13.5	5712.93
-189	13.5	7599.64
-184.5	13.5	11087.5
-180	13.5	16347.7
-175.5	13.5	21722.3
-171	13.5	34974.6
-166.5	13.5	65195.7
-162	13.5	134034
-157.5	13.5	418400
-153	13.5	1.44566e+06
-148.5	13.5	1.96923e+06
-144	13.5	2.05444e+06
-139.5	13.5	2.16368e+06
-135	13.5	2.33184e+06
-130.5	13.5	2.63057e+06
-126	13.5	2.82932e+06
-121.5	13.5	2.956e+06
-117	13.5	3.00561e+06
-112.5	13.5	3.09479e+06
-108	13.5	3.63665e+06
-103.5	13.5	4.07204e+06
-99	13.5	4.78296e+06
-94.5	13.5	5.71945e+06
-90	13.5	1.24275e+07
-85.5	13.5	2.19263e+07
-81	13.5	2.51301e+07
-76.5	13.5	2.8791e+07
-72	13.5	3.41262e+07
-67.5	13.5	3.81325e+07
-63	13.5	4.46929e+07
-58.5	13.5	5.15186e+07
-54	13.5	5.66229e+07
-49.5	13.5	6.73863e+07
-45	13.5	8.7287e+07
-40.5	13.5	1.01538e+08
-36	13.5	1.23343e+08
-31.5	13.5	1.54248e+08
-27	13.5	1.95045e+08
-22.5	13.5	2.51199e+08
-18	13.5	3.23825e+08
-13.5	13.5	4.10451e+08
-9	13.5	4.6589e+08
-4.5	13.5	4.74564e+08
0	13.5	5.01341e+08
4.5	13.5	5.43535e+08
9	13.5	5.93753e+08
13.5	13.5	6.46134e+08
18	13.5	6.81741e+08
22.5	13.5	6.90187e+08
27	13.5	6.90076e+08
31.5	13.5	6.79282e+08
36	13.5	6.45944e+08
40.5	13.5	5.72497e+08
45	13.5	6.42772e+08
49.5	13.5	7.03204e+08
54	13.5	6.33151e+08
58.5	13.5	5.69407e+08
63	13.5	5.2255e+08
67.5	13.5	4.61854e+08
72	13.5	2.58691e+08
76.5	13.5	1.47996e+08
81	13.5	8.70717e+07
85.5	13.5	4.66674e+07
90	13.5	2.56608e+07
94.5	13.5	2.10539e+07
99	13.5	1.74169e+07
103.5	13.5	1.49603e+07
108	13.5	1.31233e+07
112.5	13.5	1.18755e+07
117	13.5	1.06887e+07
121.5	13.5	9.49051e+06
126	13.5	8.81611e+06
130.5	13.5	8.42436e+06
135	13.5	7.87583e+06
139.5	13.5	7.22304e+06
144	13.5	6.7298e+06
148.5	13.5	5.35782e+06
153	13.5	1.50394e+06
157.5	13.5	422667
162	13.5	172434
166.5	13.5	96869
171	13.5	58758.6
175.5	13.5	38272.1
184.5	13.5	21521.4
189	13.5	12960.4
193.5	13.5	6236.93
198	13.5	3382.79
202.5	13.5	2039.95
207	13.5	1240.89
211.5	13.5	746.576
216	13.5	503.358
220.5	13.5	316.167
225	13.5	199.986
229.5	13.5	127.498
234	13.5	80.6664
238.5	13.5	51.689
243	13.5	30.981
247.5	13.5	18.2514
252	13.5	15.9892
256.5	13.5	15.8499
261	13.5	16.3808
270	13.5	17.6655
274.5	13.5	14.0275
279	13.5	13.3705
283.5	13.5	13.1317
288	13.5	14.7626
292.5	13.5	13.8177
297	13.5	14.1088
306	13.5	12.6461
310.5	13.5	12.0641
315	13.5	12.3021
319.5	13.5	12.7597
324	13.5	12.4177
328.5	13.5	13.0503
333	13.5	11.889
337.5	13.5	10.7717
342	13.5	11.6997
346.5	13.5	15.0354
351	13.5	9.70512
355.5	13.5	7.07487
360	13.5	4.91057
364.5	13.5	3.17676
369	13.5	2.06704
373.5	13.5	1.42203
378	13.5	1.03038
382.5	13.5	0.725141
387	13.5	0.459903
391.5	13.5	0.294328
396	13.5	0.189733
400.5	13.5	0.130081
405	13.5	0.146811
409.5	13.5	0.150598
414	13.5	0.151998
418.5	13.5	0.135436
423	13.5	0.130719
427.5	13.5	0.137513
432	13.5	0.140907
436.5	13.5	0.124946
441	13.5	0.117627
445.5	13.5	0.115437
-400.5	18	0.069506
-396	18	0.101289
-391.5	18	0.169724
-387	18	0.237888
-382.5	18	0.365642
-378	18	0.4996
-373.5	18	0.706308
-369	18	1.03538
-364.5	18	1.69679
-360	18	2.40031
-355.5	18	3.01604
-351	18	3.50923
-342	18	3.94693
-337.5	18	4.035
-333	18	3.98465
-328.5	18	3.77484
-324	18	4.10932
-319.5	18	4.74743
-315	18	5.09809
-310.5	18	5.01688
-306	18	5.09827
-301.5	18	5.14113
-297	18	5.36936
-292.5	18	5.71991
-288	18	5.50378
-283.5	18	4.69772
-279	18	5.12262
-274.5	18	6.06618
-270	18	6.22904
-265.5	18	5.80613
-261	18	6.47285
-256.5	18	7.07502
-252	18	6.84082
-247.5	18	11.3761
-243	18	17.5154
-238.5	18	26.1051
-234	18	38.6221
-229.5	18	66.8114
-225	18	127.017
-220.5	18	201.261
-216	18	347.752
-211.5	18	559.623
-162	18	146839
-157.5	18	439244
-153	18	1.62649e+06
-148.5	18	2.04155e+06
-144	18	2.05613e+06
-139.5	18	2.09146e+06
-135	18	2.14459e+06
-130.5	18	2.30604e+06
-126	18	2.57552e+06
-121.5	18	2.91545e+06
-117	18	3.2877e+06
-112.5	18	3.62506e+06
-108	18	3.88469e+06
-103.5	18	4.3276e+06
-99	18	4.82982e+06
-94.5	18	5.60772e+06
-90	18	9.71266e+06
-85.5	18	2.04399e+07
-81	18	2.53226e+07
-76.5	18	3.02348e+07
-72	18	3.61374e+07
-67.5	18	4.19158e+07
-63	18	4.85646e+07
-58.5	18	5.5162e+07
-54	18	6.14479e+07
-49.5	18	6.94417e+07
-45	18	8.7757e+07
-40.5	18	1.11898e+08
-36	18	1.34117e+08
-31.5	18	1.67533e+08
-27	18	2.13917e+08
-22.5	18	2.74955e+08
-18	18	3.55364e+08
-13.5	18	4.47727e+08
-9	18	4.94698e+08
-4.5	18	5.17266e+08
0	18	5.55757e+08
4.5	18	6.12799e+08
9	18	6.84772e+08
13.5	18	7.68669e+08
18	18	8.60749e+08
22.5	18	9.12956e+08
27	18	9.3051e+08
31.5	18	9.20337e+08
36	18	8.57815e+08
40.5	18	8.52696e+08
45	18	9.4581e+08
49.5	18	8.33229e+08
54	18	7.32984e+08
58.5	18	6.51646e+08
63	18	5.9936e+08
67.5	18	4.38818e+08
72	18	2.35295e+08
76.5	18	1.3864e+08
81	18	8.17591e+07
85.5	18	4.25496e+07
90	18	2.67892e+07
94.5	18	2.18708e+07
99	18	1.86676e+07
103.5	18	1.56389e+07
108	18	1.416e+07
112.5	18	1.23209e+07
117	18	1.09064e+07
121.5	18	9.89771e+06
126	18	8.9368e+06
130.5	18	8.28549e+06
135	18	7.78619e+06
139.5	18	7.31246e+06
144	18	6.74039e+06
148.5	18	5.13407e+06
153	18	1.43095e+06
157.5	18	403354
162	18	157043
166.5	18	88415.5
171	18	58956.8
175.5	18	39826.7
180	18	27911.6
184.5	18	19238.9
189	18	11729
193.5	18	6415.38
198	18	3571.16
202.5	18	1887.19
207	18	1224.95
211.5	18	763.232
216	18	499.968
220.5	18	328.865
225	18	187.481
229.5	18	124.734
234	18	72.3769
238.5	18	42.8612
243	18	29.07
247.5	18	18.6791
252	18	17.3675
256.5	18	15.9212
261	18	15.2037
265.5	18	16.0007
270	18	15.4201
274.5	18	13.3064
279	18	13.1939
283.5	18	12.9427
288	18	17.6755
297	18	12.6687
301.5	18	14.2747
306	18	13.1143
310.5	18	11.8357
319.5	18	10.7919
333	18	9.82997
337.5	18	10.2732
342	18	10.1266
346.5	18	10.8847
351	18	9.6543
355.5	18	7.13298
360	18	4.63933
364.5	18	3.21599
369	18	1.99992
373.5	18	1.44698
378	18	0.957288
382.5	18	0.664679
387	18	0.493609
391.5	18	0.30962
396	18	0.183604
400.5	18	0.154627
405	18	0.138233
409.5	18	0.139665
414	18	0.142924
418.5	18	0.144056
423	18	0.124647
427.5	18	0.127114
432	18	0.131759
436.5	18	0.128064
441	18	0.120659
445.5	18	0.113944
-418.5	22.5	0.053839
-414	22.5	0.054621
-400.5	22.5	0.080251
-396	22.5	0.112074
-391.5	22.5	0.148372
-387	22.5	0.224783
-382.5	22.5	0.303055
-378	22.5	0.487742
-373.5	22.5	0.687342
-369	22.5	1.03754
-364.5	22.5	1.63479
-360	22.5	2.0194
-355.5	22.5	2.82602
-351	22.5	3.79758
-346.5	22.5	3.74757
-342	22.5	3.75103
-337.5	22.5	3.71768
-333	22.5	3.65336
-328.5	22.5	4.68072
-324	22.5	5.46426
-319.5	22.5	5.64312
-315	22.5	4.41959
-310.5	22.5	4.13218
-306	22.5	3.68462
-301.5	22.5	4.18969
-297	22.5	4.36699
-292.5	22.5	4.29361
-288	22.5	4.69901
-283.5	22.5	4.83386
-279	22.5	5.20937
-274.5	22.5	5.89778
-270	22.5	6.68426
-265.5	22.5	6.21556
-261	22.5	5.79109
-256.5	22.5	5.89406
-252	22.5	6.77749
-247.5	22.5	10.3941
-243	22.5	17.8852
-238.5	22.5	28.7888
-234	22.5	53.9842
-229.5	22.5	85.1689
-225	22.5	128.973
-220.5	22.5	199.197
-216	22.5	383.449
-211.5	22.5	572.078
-207	22.5	975.795
-202.5	22.5	1448.93
-198	22.5	2548.29
-193.5	22.5	5494.51
-189	22.5	9777.56
-184.5	22.5	11231.2
-180	22.5	15136.3
-175.5	22.5	23821.1
-171	22.5	37386.6
-166.5	22.5	74216.8
-162	22.5	141337
-157.5	22.5	471368
-153	22.5	1.64883e+06
-148.5	22.5	2.02927e+06
-144	22.5	2.12007e+06
-139.5	22.5	2.12024e+06
-135	22.5	2.26639e+06
-130.5	22.5	2.34197e+06
-126	22.5	2.5029e+06
-121.5	22.5	2.71107e+06
-117	22.5	2.98778e+06
-112.5	22.5	3.10533e+06
-108	22.5	3.42757e+06
-103.5	22.5	4.01455e+06
-99	22.5	5.0564e+06
-94.5	22.5	6.02195e+06
-90	22.5	8.41631e+06
-85.5	22.5	1.8341e+07
-81	22.5	2.609e+07
-76.5	22.5	3.09416e+07
-72	22.5	3.78249e+07
-67.5	22.5	4.65487e+07
-63	22.5	5.45382e+07
-58.5	22.5	6.14191e+07
-54	22.5	6.76461e+07
-49.5	22.5	7.61287e+07
-45	22.5	8.63919e+07
-40.5	22.5	1.14161e+08
-36	22.5	1.45355e+08
-31.5	22.5	1.77684e+08
-27	22.5	2.2703e+08
-22.5	22.5	2.96571e+08
-18	22.5	3.84357e+08
-13.5	22.5	4.82976e+08
-9	22.5	5.20624e+08
-4.5	22.5	5.61024e+08
0	22.5	6.16949e+08
4.5	22.5	6.95913e+08
9	22.5	7.98471e+08
13.5	22.5	9.26796e+08
18	22.5	1.07032e+09
22.5	22.5	1.20911e+09
27	22.5	1.27639e+09
31.5	22.5	1.26663e+09
36	22.5	1.24319e+09
40.5	22.5	1.3096e+09
45	22.5	1.12637e+09
49.5	22.5	9.66929e+08
54	22.5	8.36811e+08
58.5	22.5	7.36974e+08
63	22.5	6.42956e+08
67.5	22.5	3.72639e+08
72	22.5	2.12922e+08
76.5	22.5	1.28224e+08
81	22.5	7.52674e+07
85.5	22.5	3.9854e+07
90	22.5	2.93498e+07
94.5	22.5	2.33257e+07
99	22.5	1.90324e+07
103.5	22.5	1.64993e+07
108	22.5	1.41647e+07
112.5	22.5	1.25131e+07
117	22.5	1.08612e+07
121.5	22.5	1.00039e+07
126	22.5	9.31891e+06
130.5	22.5	8.427e+06
135	22.5	7.94738e+06
139.5	22.5	7.56389e+06
144	22.5	7.17959e+06
148.5	22.5	5.5464e+06
153	22.5	1.53094e+06
157.5	22.5	435657
162	22.5	168900
166.5	22.5	84621.1
171	22.5	52652.5
175.5	22.5	35890.4
180	22.5	26583.5
184.5	22.5	18840.6
189	22.5	10781
193.5	22.5	5748.29
198	22.5	3991.87
202.5	22.5	2504.6
207	22.5	1298.25
211.5	22.5	733.834
216	22.5	430.277
220.5	22.5	265.452
225	22.5	173.322
229.5	22.5	102.226
234	22.5	67.3714
238.5	22.5	42.3732
243	22.5	29.8694
247.5	22.5	20.0747
256.5	22.5	16.5725
261	22.5	15.6848
265.5	22.5	15.9551
270	22.5	15.5528
274.5	22.5	14.8166
279	22.5	14.9233
283.5	22.5	13.6252
288	22.5	13.8161
292.5	22.5	13.9908
297	22.5	15.763
301.5	22.5	15.2394
306	22.5	11.6642
310.5	22.5	11.6272
315	22.5	11.8428
319.5	22.5	13.4082
324	22.5	12.8274
328.5	22.5	13.4482
333	22.5	10.7797
337.5	22.5	11.5787
342	22.5	11.8247
346.5	22.5	11.1349
351	22.5	9.61894
355.5	22.5	6.60897
360	22.5	5.76299
364.5	22.5	3.93497
369	22.5	2.18656
373.5	22.5	1.33067
378	22.5	0.893812
382.5	22.5	0.591026
387	22.5	0.438785
391.5	22.5	0.298096
396	22.5	0.192501
400.5	22.5	0.163566
405	22.5	0.15498
409.5	22.5	0.135212
414	22.5	0.12543
418.5	22.5	0.111515
423	22.5	0.124365
427.5	22.5	0.115099
432	22.5	0.110084
436.5	22.5	0.121865
441	22.5	0.121543
445.5	22.5	0.11022
-445.5	27	0.045584
-396	27	0.119089
-391.5	27	0.156287
-387	27	0.221989
-382.5	27	0.364977
-378	27	0.499508
-373.5	27	0.909832
-369	27	1.23318
-364.5	27	1.75072
-360	27	2.22643
-355.5	27	3.10995
-351	27	3.69597
-346.5	27	3.2532
-342	27	3.21865
-337.5	27	3.52347
-333	27	4.07386
-328.5	27	4.09463
-324	27	4.36555
-319.5	27	4.08452
-315	27	4.24389
-310.5	27	6.67143
-306	27	4.59436
-301.5	27	4.90032
-297	27	4.33415
-292.5	27	4.71786
-288	27	4.55563
-283.5	27	4.7649
-279	27	4.85728
-274.5	27	4.83943
-270	27	4.59882
-265.5	27	5.39683
-261	27	5.18767
-256.5	27	6.04022
-252	27	6.20902
-247.5	27	9.48221
-243	27	14.1219
-238.5	27	26.5595
-234	27	41.8347
-229.5	27	70.0364
-225	27	112.386
-220.5	27	194.653
-216	27	342.921
-211.5	27	508.072
-207	27	953.584
-202.5	27	1648.34
-198	27	2762.77
-180	27	14837.7
-175.5	27	21401.9
-171	27	36138.9
-166.5	27	70189
-162	27	166788
-157.5	27	514109
-153	27	1.65383e+06
-148.5	27	2.07584e+06
-144	27	2.20445e+06
-139.5	27	2.3312e+06
-135	27	2.47345e+06
-130.5	27	2.50161e+06
-126	27	2.57052e+06
-121.5	27	2.66465e+06
-117	27	2.88572e+06
-112.5	27	3.28069e+06
-108	27	3.49452e+06
-103.5	27	3.84512e+06
-99	27	4.40999e+06
-94.5	27	5.12116e+06
-90	27	5.92231e+06
-85.5	27	1.10146e+07
-81	27	2.11297e+07
-76.5	27	2.90739e+07
-72	27	3.99491e+07
-67.5	27	5.83403e+07
-63	27	7.3254e+07
-58.5	27	7.30499e+07
-54	27	7.87291e+07
-49.5	27	8.47065e+07
-45	27	9.57216e+07
-40.5	27	1.09865e+08
-36	27	1.43286e+08
-31.5	27	1.8561e+08
-27	27	2.34748e+08
-22.5	27	3.03344e+08
-18	27	3.99768e+08
-13.5	27	4.98858e+08
-9	27	5.39611e+08
-4.5	27	5.98611e+08
0	27	6.80843e+08
4.5	27	8.02663e+08
9	27	9.52099e+08
13.5	27	1.1452e+09
18	27	1.36153e+09
22.5	27	1.59806e+09
27	27	1.77919e+09
31.5	27	1.88644e+09
36	27	1.87037e+09
40.5	27	1.57169e+09
45	27	1.30817e+09
49.5	27	1.10453e+09
54	27	9.4201e+08
58.5	27	8.36399e+08
63	27	5.76124e+08
67.5	27	3.17106e+08
72	27	1.93941e+08
76.5	27	1.18123e+08
81	27	6.70096e+07
85.5	27	3.88955e+07
90	27	2.98593e+07
94.5	27	2.33047e+07
99	27	1.90398e+07
103.5	27	1.64559e+07
108	27	1.43204e+07
112.5	27	1.20885e+07
117	27	1.09376e+07
121.5	27	1.02553e+07
126	27	9.70977e+06
130.5	27	8.89641e+06
135	27	8.19752e+06
139.5	27	7.34914e+06
144	27	7.03379e+06
148.5	27	5.59911e+06
153	27	1.56737e+06
157.5	27	415348
162	27	166451
166.5	27	81730.9
171	27	51677.6
175.5	27	34787
180	27	26332.3
184.5	27	20219.1
189	27	11079.1
193.5	27	5558.03
198	27	3533.55
202.5	27	1951.65
207	27	1196.61
211.5	27	729.65
216	27	470.053
220.5	27	292.354
225	27	183.395
229.5	27	111.357
234	27	65.6793
238.5	27	43.4378
243	27	25.7852
247.5	27	16.4018
252	27	16.7316
256.5	27	16.4994
261	27	15.0606
265.5	27	15.1948
270	27	13.8748
274.5	27	13.2422
279	27	15.1897
283.5	27	12.3075
288	27	12.9731
292.5	27	13.0065
297	27	13.5892
301.5	27	12.1451
306	27	11.794
310.5	27	11.7632
315	27	10.8209
319.5	27	11.3012
324	27	10.9856
328.5	27	11.1342
333	27	10.7256
337.5	27	10.093
342	27	10.2601
346.5	27	11.2629
351	27	10.3117
355.5	27	7.5255
360	27	5.17618
364.5	27	3.26488
369	27	2.3591
373.5	27	1.77912
378	27	1.02625
382.5	27	0.68233
387	27	0.442823
391.5	27	0.32422
396	27	0.197975
400.5	27	0.149348
405	27	0.144558
409.5	27	0.140971
414	27	0.138148
418.5	27	0.142233
423	27	0.147828
427.5	27	0.14893
432	27	0.137868
436.5	27	0.119665
441	27	0.121859
445.5	27	0.134642
-445.5	31.5	0.041874
-414	31.5	0.059075
-396	31.5	0.115107
-391.5	31.5	0.172273
-387	31.5	0.238258
-382.5	31.5	0.4134
-378	31.5	0.583617
-373.5	31.5	0.83757
-369	31.5	1.23415
-364.5	31.5	1.46409
-360	31.5	1.87775
-355.5	31.5	3.25717
-351	31.5	3.69821
-346.5	31.5	3.92864
-342	31.5	3.98513
-337.5	31.5	4.28148
-333	31.5	4.27225
-328.5	31.5	3.83584
-324	31.5	4.10247
-319.5	31.5	4.43465
-315	31.5	4.69897
-310.5	31.5	4.10536
-306	31.5	4.59638
-301.5	31.5	4.05314
-297	31.5	5.98301
-288	31.5	4.34137
-283.5	31.5	4.67529
-279	31.5	4.24755
-274.5	31.5	4.27074
-270	31.5	5.0941
-265.5	31.5	5.99491
-261	31.5	4.64384
-256.5	31.5	4.95976
-252	31.5	5.28847
-247.5	31.5	9.60191
-243	31.5	17.0449
-238.5	31.5	26.2947
-234	31.5	42.7391
-229.5	31.5	60.6389
-225	31.5	104.965
-220.5	31.5	159.648
-216	31.5	231.156
-211.5	31.5	434.058
-207	31.5	807.542
-202.5	31.5	1382.84
-198	31.5	2266.48
-193.5	31.5	4519.88
-189	31.5	7423.38
-180	31.5	13564.5
-175.5	31.5	20505
-171	31.5	30198.5
-166.5	31.5	55678.5
-162	31.5	131036
-157.5	31.5	482876
-153	31.5	1.71391e+06
-148.5	31.5	2.10348e+06
-144	31.5	2.16828e+06
-139.5	31.5	2.31e+06
-135	31.5	2.39303e+06
-130.5	31.5	2.54878e+06
-126	31.5	2.60176e+06
-121.5	31.5	2.75412e+06
-117	31.5	2.8839e+06
-112.5	31.5	3.35586e+06
-108	31.5	3.6682e+06
-103.5	31.5	3.88226e+06
-99	31.5	4.31525e+06
-94.5	31.5	4.86104e+06
-90	31.5	5.61779e+06
-85.5	31.5	7.84441e+06
-81	31.5	1.41872e+07
-76.5	31.5	2.22155e+07
-72	31.5	3.69305e+07
-67.5	31.5	6.54259e+07
-63	31.5	1.13084e+08
-58.5	31.5	1.23047e+08
-54	31.5	1.22405e+08
-49.5	31.5	1.22964e+08
-45	31.5	1.22865e+08
-40.5	31.5	1.28363e+08
-36	31.5	1.42767e+08
-31.5	31.5	1.74395e+08
-27	31.5	2.32293e+08
-22.5	31.5	3.03342e+08
-18	31.5	3.9908e+08
-13.5	31.5	4.94697e+08
-9	31.5	5.4983e+08
-4.5	31.5	6.28591e+08
0	31.5	7.49113e+08
4.5	31.5	9.20301e+08
9	31.5	1.15963e+09
13.5	31.5	1.46624e+09
18	31.5	1.84095e+09
22.5	31.5	2.28994e+09
27	31.5	2.80013e+09
31.5	31.5	2.71698e+09
36	31.5	2.26218e+09
40.5	31.5	1.84129e+09
45	31.5	1.49907e+09
49.5	31.5	1.24116e+09
54	31.5	1.06081e+09
58.5	31.5	8.25791e+08
63	31.5	4.67503e+08
67.5	31.5	2.80645e+08
72	31.5	1.76339e+08
76.5	31.5	1.08862e+08
81	31.5	6.38731e+07
85.5	31.5	4.18488e+07
90	31.5	2.76875e+07
94.5	31.5	2.19016e+07
99	31.5	1.77557e+07
103.5	31.5	1.52138e+07
108	31.5	1.31228e+07
112.5	31.5	1.17647e+07
117	31.5	1.07193e+07
121.5	31.5	9.82449e+06
126	31.5	8.98567e+06
130.5	31.5	8.35238e+06
135	31.5	8.15305e+06
139.5	31.5	7.85616e+06
144	31.5	7.47506e+06
148.5	31.5	5.8518e+06
153	31.5	1.63403e+06
157.5	31.5	441357
162	31.5	156882
166.5	31.5	77870.2
171	31.5	50180.1
175.5	31.5	35422.7
180	31.5	24711.2
184.5	31.5	18845.5
189	31.5	9830.93
193.5	31.5	4830.96
198	31.5	3000.41
202.5	31.5	1859.87
207	31.5	1069.69
211.5	31.5	658.557
216	31.5	449.285
220.5	31.5	270.166
225	31.5	172.556
229.5	31.5	107.047
234	31.5	65.7425
238.5	31.5	44.2173
243	31.5	26.0605
247.5	31.5	15.5221
252	31.5	14.6136
256.5	31.5	15.4213
261	31.5	15.3108
265.5	31.5	14.0581
270	31.5	15.2831
274.5	31.5	15.9227
283.5	31.5	12.0873
288	31.5	12.1593
292.5	31.5	12.9811
297	31.5	13.0104
301.5	31.5	12.0137
306	31.5	11.8201
310.5	31.5	12.9779
315	31.5	10.9401
319.5	31.5	9.89198
324	31.5	10.766
328.5	31.5	11.1642
333	31.5	21.4482
337.5	31.5	10.2773
342	31.5	10.9498
346.5	31.5	10.513
351	31.5	9.61679
355.5	31.5	6.21442
360	31.5	4.43369
364.5	31.5	2.93502
369	31.5	2.06276
373.5	31.5	1.50361
378	31.5	1.00498
382.5	31.5	0.690039
387	31.5	0.439086
391.5	31.5	0.286169
396	31.5	0.178457
400.5	31.5	0.129627
405	31.5	0.159431
409.5	31.5	0.158766
414	31.5	0.153833
418.5	31.5	0.142814
423	31.5	0.12078
427.5	31.5	0.132288
432	31.5	0.148038
436.5	31.5	0.144406
441	31.5	0.125679
445.5	31.5	0.123755
-418.5	36	0.050328
-414	36	0.060137
-400.5	36	0.072178
-396	36	0.107762
-391.5	36	0.167992
-387	36	0.26117
-382.5	36	0.354014
-378	36	0.572077
-373.5	36	0.745944
-369	36	0.954372
-364.5	36	1.35484
-360	36	2.22584
-355.5	36	3.72496
-351	36	4.56775
-346.5	36	4.47835
-342	36	4.0518
-337.5	36	4.07515
-328.5	36	3.75387
-324	36	4.63317
-319.5	36	4.69083
-315	36	4.39118
-310.5	36	4.37033
-306	36	3.92833
-301.5	36	4.32837
-297	36	4.91917
-292.5	36	5.27955
-288	36	5.51208
-283.5	36	5.02178
-279	36	5.51031
-274.5	36	5.28976
-270	36	5.0301
-265.5	36	5.7285
-261	36	5.91535
-256.5	36	5.37903
-252	36	6.13016
-247.5	36	10.7812
-243	36	14.0441
-238.5	36	21.6444
-234	36	35.8345
-229.5	36	57.2248
-225	36	83.8606
-220.5	36	136.395
-216	36	246.53
-211.5	36	340.836
-207	36	580.622
-202.5	36	1068.22
-198	36	1992.29
-193.5	36	3747.47
-189	36	6469.03
-175.5	36	17661.5
-171	36	26388.2
-166.5	36	42668.5
-162	36	113160
-157.5	36	452373
-153	36	1.58472e+06
-148.5	36	2.02089e+06
-144	36	2.22744e+06
-139.5	36	2.32181e+06
-135	36	2.51073e+06
-130.5	36	2.55501e+06
-126	36	2.55934e+06
-121.5	36	2.84349e+06
-117	36	3.19673e+06
-112.5	36	3.29606e+06
-108	36	3.62808e+06
-103.5	36	3.89955e+06
-99	36	4.31229e+06
-94.5	36	4.76563e+06
-90	36	5.31268e+06
-85.5	36	6.52693e+06
-81	36	1.05337e+07
-76.5	36	1.92201e+07
-72	36	3.22325e+07
-67.5	36	5.4783e+07
-63	36	9.3188e+07
-58.5	36	1.39811e+08
-54	36	1.53207e+08
-49.5	36	1.67213e+08
-45	36	1.86068e+08
-40.5	36	2.06345e+08
-36	36	2.19101e+08
-31.5	36	2.33119e+08
-27	36	2.48811e+08
-22.5	36	2.84691e+08
-18	36	3.6792e+08
-13.5	36	4.53094e+08
-9	36	5.34276e+08
-4.5	36	6.42446e+08
0	36	8.09917e+08
4.5	36	1.05544e+09
9	36	1.45794e+09
13.5	36	2.14538e+09
18	36	3.12701e+09
22.5	36	3.93366e+09
27	36	4.07736e+09
31.5	36	3.5743e+09
36	36	2.7774e+09
40.5	36	2.13292e+09
45	36	1.69181e+09
49.5	36	1.39505e+09
54	36	1.12167e+09
58.5	36	6.5653e+08
63	36	3.90473e+08
67.5	36	2.45197e+08
72	36	1.55713e+08
76.5	36	9.92582e+07
81	36	6.58637e+07
85.5	36	4.29227e+07
90	36	2.66133e+07
94.5	36	1.8482e+07
99	36	1.52591e+07
103.5	36	1.33674e+07
108	36	1.22519e+07
112.5	36	1.10219e+07
117	36	1.02948e+07
121.5	36	9.6044e+06
126	36	9.08474e+06
130.5	36	8.67268e+06
135	36	7.89362e+06
139.5	36	7.71699e+06
144	36	7.2354e+06
148.5	36	5.44079e+06
153	36	1.38847e+06
157.5	36	366022
162	36	129750
166.5	36	72859.1
171	36	46681.5
175.5	36	30707.8
180	36	22199.3
184.5	36	17094.5
189	36	11404.4
193.5	36	5114.36
198	36	2822.41
202.5	36	1558.66
207	36	1077.6
211.5	36	654.414
216	36	397.682
220.5	36	237.942
225	36	156.964
229.5	36	99.7911
234	36	67.0398
238.5	36	40.9871
243	36	25.1406
247.5	36	16.9771
252	36	14.5374
256.5	36	13.6855
261	36	13.9982
265.5	36	14.4771
270	36	15.2183
274.5	36	13.3278
283.5	36	12.6152
288	36	12.7238
292.5	36	12.6126
297	36	12.554
301.5	36	11.6626
306	36	10.2512
310.5	36	11.034
315	36	9.89358
319.5	36	11.4784
324	36	11.6907
328.5	36	11.2455
333	36	10.3064
337.5	36	10.5029
342	36	9.66914
346.5	36	11.1077
351	36	9.29041
355.5	36	6.27476
360	36	4.72712
364.5	36	3.20885
369	36	2.33664
373.5	36	1.47239
378	36	1.11627
382.5	36	0.766988
387	36	0.476069
391.5	36	0.335321
396	36	0.188118
400.5	36	0.127111
405	36	0.121322
409.5	36	0.135972
414	36	0.125904
418.5	36	0.121503
423	36	0.116664
427.5	36	0.116833
432	36	0.108219
436.5	36	0.1134
441	36	0.120856
445.5	36	0.128718
-414	40.5	0.053761
-409.5	40.5	0.050946
-400.5	40.5	0.063665
-396	40.5	0.086358
-391.5	40.5	0.147598
-387	40.5	0.223176
-382.5	40.5	0.319208
-378	40.5	0.506324
-373.5	40.5	0.768179
-369	40.5	1.13424
-364.5	40.5	1.58345
-360	40.5	2.56892
-355.5	40.5	3.5884
-351	40.5	5.26219
-346.5	40.5	5.01557
-342	40.5	4.67928
-337.5	40.5	4.07114
-328.5	40.5	3.99853
-324	40.5	3.98744
-319.5	40.5	3.7115
-315	40.5	4.55007
-310.5	40.5	4.33638
-306	40.5	4.52823
-301.5	40.5	4.74585
-297	40.5	5.09945
-292.5	40.5	5.46929
-288	40.5	5.26833
-283.5	40.5	5.39316
-279	40.5	4.67605
-274.5	40.5	4.70238
-270	40.5	5.12959
-265.5	40.5	4.68578
-261	40.5	4.23203
-256.5	40.5	5.14337
-252	40.5	6.12185
-247.5	40.5	8.47318
-243	40.5	13.7614
-238.5	40.5	23.5836
-234	40.5	36.9221
-229.5	40.5	56.5077
-225	40.5	92.8998
-220.5	40.5	166.404
-216	40.5	258.538
-211.5	40.5	397.756
-207	40.5	578.443
-202.5	40.5	981.884
-198	40.5	2002.12
-193.5	40.5	3883.91
-189	40.5	6742.32
-184.5	40.5	9422.91
-180	40.5	12442.6
-175.5	40.5	15537.2
-166.5	40.5	43059.5
-162	40.5	88615.6
-157.5	40.5	244779
-153	40.5	840543
-148.5	40.5	2.00715e+06
-144	40.5	2.2306e+06
-139.5	40.5	2.19319e+06
-135	40.5	2.44422e+06
-130.5	40.5	2.58196e+06
-126	40.5	2.77268e+06
-121.5	40.5	2.87288e+06
-117	40.5	3.18938e+06
-112.5	40.5	3.25557e+06
-108	40.5	3.57592e+06
-103.5	40.5	3.88299e+06
-99	40.5	4.53652e+06
-94.5	40.5	4.95606e+06
-90	40.5	5.35522e+06
-85.5	40.5	6.22518e+06
-81	40.5	7.95744e+06
-76.5	40.5	1.50601e+07
-72	40.5	2.59711e+07
-67.5	40.5	4.29236e+07
-63	40.5	6.99537e+07
-58.5	40.5	1.15441e+08
-54	40.5	1.66017e+08
-49.5	40.5	1.82825e+08
-45	40.5	2.0223e+08
-40.5	40.5	2.28868e+08
-36	40.5	2.62854e+08
-31.5	40.5	3.0488e+08
-27	40.5	3.60166e+08
-22.5	40.5	4.22072e+08
-18	40.5	4.75884e+08
-13.5	40.5	5.45748e+08
-9	40.5	6.50695e+08
-4.5	40.5	8.12906e+08
0	40.5	1.08339e+09
4.5	40.5	1.52705e+09
9	40.5	2.21608e+09
13.5	40.5	3.22231e+09
18	40.5	4.77832e+09
22.5	40.5	6.78569e+09
27	40.5	7.17308e+09
31.5	40.5	5.07251e+09
36	40.5	3.36042e+09
40.5	40.5	2.44004e+09
45	40.5	1.90652e+09
49.5	40.5	1.49757e+09
54	40.5	9.06963e+08
58.5	40.5	5.36527e+08
63	40.5	3.38131e+08
67.5	40.5	2.14446e+08
72	40.5	1.37464e+08
76.5	40.5	8.94549e+07
81	40.5	6.13373e+07
85.5	40.5	4.02326e+07
90	40.5	2.7056e+07
94.5	40.5	1.77148e+07
99	40.5	1.28574e+07
103.5	40.5	1.1411e+07
108	40.5	1.05694e+07
112.5	40.5	1.00003e+07
117	40.5	9.70486e+06
121.5	40.5	9.30607e+06
126	40.5	8.64989e+06
130.5	40.5	8.24812e+06
135	40.5	7.75395e+06
139.5	40.5	7.50743e+06
144	40.5	6.57358e+06
148.5	40.5	2.90643e+06
153	40.5	825924
157.5	40.5	254946
162	40.5	105981
180	40.5	22121.6
184.5	40.5	16270.5
189	40.5	9576.6
193.5	40.5	4841.87
198	40.5	3121.2
202.5	40.5	1811.56
207	40.5	1067.35
211.5	40.5	625.656
216	40.5	388.879
220.5	40.5	243.41
225	40.5	153.633
229.5	40.5	87.0734
234	40.5	56.0467
238.5	40.5	39.1179
243	40.5	24.2589
247.5	40.5	16.263
252	40.5	13.5993
256.5	40.5	13.2955
261	40.5	13.4986
265.5	40.5	12.9441
270	40.5	12.5373
274.5	40.5	11.7691
279	40.5	11.505
283.5	40.5	11.7324
288	40.5	11.4978
292.5	40.5	11.8168
297	40.5	12.0298
301.5	40.5	11.8835
306	40.5	11.3058
315	40.5	10.8968
319.5	40.5	10.9536
324	40.5	11.2316
328.5	40.5	10.7069
333	40.5	11.3782
337.5	40.5	11.3
342	40.5	11.8386
346.5	40.5	9.7527
351	40.5	8.62161
355.5	40.5	6.06003
360	40.5	4.39061
364.5	40.5	3.18624
369	40.5	2.11135
373.5	40.5	1.51555
378	40.5	1.05934
382.5	40.5	0.716086
387	40.5	0.471105
391.5	40.5	0.302628
396	40.5	0.216039
400.5	40.5	0.190131
405	40.5	0.139388
409.5	40.5	0.139729
414	40.5	0.150789
418.5	40.5	0.123622
423	40.5	0.109677
427.5	40.5	0.11463
432	40.5	0.11912
436.5	40.5	0.12042
441	40.5	0.123862
445.5	40.5	0.120032
-400.5	45	0.068084
-396	45	0.109804
-391.5	45	0.151551
-387	45	0.227878
-382.5	45	0.31055
-378	45	0.458288
-373.5	45	0.655273
-369	45	1.01357
-364.5	45	1.50583
-360	45	2.12023
-355.5	45	3.35059
-351	45	4.13104
-346.5	45	4.55658
-342	45	5.19408
-337.5	45	3.80367
-333	45	3.93545
-328.5	45	3.95009
-324	45	4.02408
-319.5	45	6.6293
-315	45	5.96566
-310.5	45	4.2109
-306	45	4.3698
-301.5	45	4.1888
-297	45	3.76933
-292.5	45	4.84987
-288	45	4.94496
-283.5	45	5.18213
-279	45	4.88856
-274.5	45	4.49026
-270	45	4.53107
-265.5	45	4.35086
-261	45	4.27288
-256.5	45	4.44789
-252	45	5.07111
-247.5	45	7.67918
-243	45	11.2807
-238.5	45	18.1455
-234	45	32.0317
-229.5	45	56.6724
-225	45	106.578
-220.5	45	209.633
-216	45	323.723
-211.5	45	540.906
-207	45	799.318
-202.5	45	1047.2
-198	45	2028.47
-193.5	45	3337.49
-189	45	6325.85
-184.5	45	8364.12
-166.5	45	28459.6
-162	45	45158.1
-157.5	45	117716
-153	45	272930
-148.5	45	869937
-144	45	1.98738e+06
-139.5	45	2.2652e+06
-135	45	2.40867e+06
-130.5	45	2.56243e+06
-126	45	2.65546e+06
-121.5	45	2.85343e+06
-117	45	3.10757e+06
-112.5	45	3.4451e+06
-108	45	3.85108e+06
-103.5	45	3.93939e+06
-99	45	4.49165e+06
-94.5	45	4.96296e+06
-90	45	5.43026e+06
-85.5	45	6.1298e+06
-81	45	7.37784e+06
-76.5	45	1.07183e+07
-72	45	1.98842e+07
-67.5	45	3.22351e+07
-63	45	5.18711e+07
-58.5	45	8.12548e+07
-54	45	1.31916e+08
-49.5	45	1.92589e+08
-45	45	2.19811e+08
-40.5	45	2.4447e+08
-36	45	2.78381e+08
-31.5	45	3.23142e+08
-27	45	3.79094e+08
-22.5	45	4.48214e+08
-18	45	5.33704e+08
-13.5	45	6.42714e+08
-9	45	7.86777e+08
-4.5	45	9.83395e+08
0	45	1.26235e+09
4.5	45	1.67965e+09
9	45	2.38763e+09
13.5	45	3.84496e+09
18	45	8.17832e+09
22.5	45	2.31965e+10
27	45	1.8781e+10
31.5	45	6.97498e+09
36	45	3.86511e+09
40.5	45	2.72649e+09
45	45	2.04019e+09
49.5	45	1.22393e+09
54	45	7.25014e+08
58.5	45	4.53958e+08
63	45	2.86627e+08
67.5	45	1.83352e+08
72	45	1.18502e+08
76.5	45	8.42111e+07
81	45	5.58893e+07
85.5	45	3.81357e+07
90	45	2.58401e+07
94.5	45	1.76868e+07
99	45	1.16157e+07
103.5	45	9.19875e+06
108	45	9.8394e+06
112.5	45	9.4295e+06
117	45	9.2874e+06
121.5	45	9.0104e+06
126	45	8.81178e+06
130.5	45	8.56169e+06
135	45	8.10866e+06
139.5	45	7.0124e+06
144	45	3.20729e+06
148.5	45	1.01147e+06
153	45	357647
157.5	45	131892
162	45	76933.6
166.5	45	49525.2
171	45	36067.9
175.5	45	24928.7
193.5	45	4713.22
198	45	2707.77
202.5	45	1752.7
207	45	1070.29
211.5	45	607.795
216	45	384.092
220.5	45	231.027
225	45	132.884
229.5	45	84.0791
234	45	53.3116
238.5	45	34.2871
243	45	22.1355
247.5	45	15.8286
256.5	45	13.5793
261	45	13.8438
265.5	45	13.5862
270	45	13.3529
274.5	45	11.4815
279	45	12.5751
283.5	45	11.6153
288	45	11.2486
292.5	45	10.3589
301.5	45	16.1469
306	45	11.1717
310.5	45	10.9281
319.5	45	10.7342
324	45	12.1625
328.5	45	11.1934
333	45	13.1635
337.5	45	13.4617
342	45	11.0786
346.5	45	9.69539
351	45	6.7905
355.5	45	5.86949
360	45	4.06093
364.5	45	2.70713
369	45	1.85005
373.5	45	1.3815
378	45	1.03263
382.5	45	0.702119
387	45	0.424602
391.5	45	0.292653
396	45	0.191022
400.5	45	0.133887
405	45	0.150591
409.5	45	0.142406
414	45	0.139019
418.5	45	0.143937
423	45	0.133179
427.5	45	0.11029
432	45	0.102753
436.5	45	0.102289
441	45	0.10391
445.5	45	0.11737
-400.5	49.5	0.06146
-396	49.5	0.100347
-391.5	49.5	0.151428
-387	49.5	0.23328
-382.5	49.5	0.319805
-378	49.5	0.472046
-373.5	49.5	0.658831
-369	49.5	1.03807
-364.5	49.5	1.50528
-360	49.5	2.29352
-355.5	49.5	3.41156
-351	49.5	3.79995
-346.5	49.5	4.62579
-342	49.5	4.85872
-337.5	49.5	4.81246
-333	49.5	5.07125
-328.5	49.5	5.6203
-324	49.5	4.90379
-319.5	49.5	4.62356
-315	49.5	5.79594
-310.5	49.5	4.71822
-306	49.5	4.2428
-301.5	49.5	4.57903
-292.5	49.5	4.06577
-288	49.5	4.90227
-283.5	49.5	4.48924
-279	49.5	5.31758
-274.5	49.5	4.40272
-270	49.5	4.48644
-265.5	49.5	4.0947
-261	49.5	5.1002
-256.5	49.5	5.70721
-252	49.5	4.82871
-247.5	49.5	7.04354
-243	49.5	11.7664
-238.5	49.5	16.3916
-234	49.5	33.5687
-229.5	49.5	48.2289
-225	49.5	76.9767
-220.5	49.5	131.168
-216	49.5	232.443
-211.5	49.5	305.105
-207	49.5	506.401
-202.5	49.5	937.93
-198	49.5	1608.48
-193.5	49.5	3190.65
-180	49.5	7595.03
-175.5	49.5	12026.4
-171	49.5	17335.2
-166.5	49.5	21747
-162	49.5	34424.2
-157.5	49.5	55267.3
-153	49.5	110759
-148.5	49.5	326676
-144	49.5	995008
-139.5	49.5	2.30113e+06
-135	49.5	2.62799e+06
-130.5	49.5	2.7973e+06
-126	49.5	2.92203e+06
-121.5	49.5	3.10458e+06
-117	49.5	3.38527e+06
-112.5	49.5	3.58148e+06
-108	49.5	3.73222e+06
-103.5	49.5	4.19701e+06
-99	49.5	4.36496e+06
-94.5	49.5	4.92871e+06
-90	49.5	5.40764e+06
-85.5	49.5	6.21518e+06
-81	49.5	7.35903e+06
-76.5	49.5	8.60099e+06
-72	49.5	1.34262e+07
-67.5	49.5	2.40601e+07
-63	49.5	3.80633e+07
-58.5	49.5	5.85595e+07
-54	49.5	9.03544e+07
-49.5	49.5	1.3983e+08
-45	49.5	2.1147e+08
-40.5	49.5	2.6251e+08
-36	49.5	2.9214e+08
-31.5	49.5	3.33089e+08
-27	49.5	3.88557e+08
-22.5	49.5	4.53003e+08
-18	49.5	5.37464e+08
-13.5	49.5	6.46195e+08
-9	49.5	7.85254e+08
-4.5	49.5	9.75706e+08
0	49.5	1.23379e+09
4.5	49.5	1.64502e+09
9	49.5	2.35935e+09
13.5	49.5	3.96693e+09
18	49.5	1.06872e+10
22.5	49.5	8.08818e+10
27	49.5	3.90739e+10
31.5	49.5	7.5339e+09
36	49.5	4.01628e+09
40.5	49.5	2.77765e+09
45	49.5	1.6412e+09
49.5	49.5	9.81012e+08
54	49.5	6.08918e+08
58.5	49.5	3.81401e+08
63	49.5	2.36255e+08
67.5	49.5	1.46657e+08
72	49.5	1.06187e+08
76.5	49.5	7.44228e+07
81	49.5	5.09276e+07
85.5	49.5	3.51229e+07
90	49.5	2.41576e+07
94.5	49.5	1.66111e+07
99	49.5	1.11391e+07
103.5	49.5	9.39634e+06
108	49.5	9.3302e+06
112.5	49.5	9.48678e+06
117	49.5	9.38503e+06
121.5	49.5	8.94145e+06
126	49.5	8.87969e+06
130.5	49.5	8.27196e+06
135	49.5	7.26176e+06
139.5	49.5	3.35665e+06
144	49.5	1.10819e+06
148.5	49.5	390513
153	49.5	194252
157.5	49.5	103358
162	49.5	62016
166.5	49.5	46147
171	49.5	34040.1
175.5	49.5	25348.8
180	49.5	18992.2
184.5	49.5	15249.1
189	49.5	8203.08
193.5	49.5	4438.35
198	49.5	2551.06
202.5	49.5	1503.69
207	49.5	1007.6
211.5	49.5	666.548
216	49.5	379.917
220.5	49.5	228.861
225	49.5	126.08
229.5	49.5	82.3993
234	49.5	51.6311
238.5	49.5	34.0603
243	49.5	22.402
247.5	49.5	13.8362
252	49.5	12.2086
256.5	49.5	11.6533
261	49.5	11.8965
265.5	49.5	13.2194
270	49.5	11.4308
274.5	49.5	11.7177
279	49.5	10.7853
283.5	49.5	12.1596
288	49.5	10.0793
292.5	49.5	11.2553
301.5	49.5	12.9541
306	49.5	10.6436
310.5	49.5	10.8205
315	49.5	10.1832
319.5	49.5	9.65477
324	49.5	10.2341
328.5	49.5	9.99093
333	49.5	10.5788
337.5	49.5	11.2594
342	49.5	9.84128
346.5	49.5	9.14008
351	49.5	7.7894
355.5	49.5	5.94377
360	49.5	3.84404
364.5	49.5	2.59002
369	49.5	1.72985
373.5	49.5	1.24945
378	49.5	0.86764
382.5	49.5	0.655045
387	49.5	0.438204
391.5	49.5	0.296587
396	49.5	0.200988
400.5	49.5	0.148381
405	49.5	0.194425
409.5	49.5	0.17482
414	49.5	0.127779
418.5	49.5	0.134294
423	49.5	0.128555
427.5	49.5	0.109319
432	49.5	0.110312
436.5	49.5	0.107688
441	49.5	0.11552
445.5	49.5	0.160938
-432	54	0.040065
-423	54	0.044773
-414	54	0.043081
-400.5	54	0.057255
-396	54	0.102374
-391.5	54	0.158417
-387	54	0.207116
-382.5	54	0.288038
-378	54	0.441706
-373.5	54	0.60607
-369	54	1.02237
-364.5	54	1.56786
-360	54	2.83917
-355.5	54	3.8269
-351	54	4.72304
-346.5	54	4.69209
-342	54	4.07773
-337.5	54	4.48301
-333	54	4.13322
-328.5	54	4.21529
-324	54	4.7527
-319.5	54	4.32635
-315	54	4.48059
-310.5	54	4.55717
-306	54	4.66829
-301.5	54	4.50079
-297	54	4.98815
-292.5	54	4.72196
-288	54	4.25548
-283.5	54	4.34557
-279	54	7.10375
-274.5	54	4.16492
-270	54	4.26826
-265.5	54	3.83829
-261	54	3.98913
-256.5	54	4.0953
-252	54	4.63189
-247.5	54	6.3991
-243	54	10.3641
-238.5	54	15.2704
-234	54	24.6292
-229.5	54	38.572
-225	54	63.4758
-220.5	54	114.722
-216	54	183.453
-211.5	54	265.162
-207	54	402.616
-202.5	54	644.564
-189	54	4672.57
-184.5	54	5957.12
-175.5	54	9685.88
-171	54	14703.8
-166.5	54	18639
-162	54	25896.2
-157.5	54	35812.9
-153	54	60326.4
-148.5	54	121627
-144	54	345862
-139.5	54	1.0899e+06
-135	54	2.46071e+06
-130.5	54	2.80293e+06
-126	54	2.98174e+06
-121.5	54	3.17185e+06
-117	54	3.38785e+06
-112.5	54	3.45958e+06
-108	54	3.76124e+06
-103.5	54	4.26699e+06
-99	54	4.57994e+06
-94.5	54	5.12112e+06
-90	54	5.60661e+06
-85.5	54	6.47295e+06
-81	54	7.33241e+06
-76.5	54	8.42714e+06
-72	54	1.00899e+07
-67.5	54	1.57716e+07
-63	54	2.72719e+07
-58.5	54	4.20231e+07
-54	54	6.45114e+07
-49.5	54	9.44755e+07
-45	54	1.41047e+08
-40.5	54	2.09227e+08
-36	54	2.90327e+08
-31.5	54	3.49505e+08
-27	54	4.02313e+08
-22.5	54	4.63451e+08
-18	54	5.42941e+08
-13.5	54	6.45165e+08
-9	54	7.78157e+08
-4.5	54	9.46817e+08
0	54	1.17529e+09
4.5	54	1.51584e+09
9	54	2.09118e+09
13.5	54	3.21006e+09
18	54	6.07659e+09
22.5	54	1.34473e+10
27	54	1.08531e+10
31.5	54	5.35528e+09
36	54	3.55185e+09
40.5	54	2.52711e+09
45	54	1.43474e+09
49.5	54	8.46968e+08
54	54	5.12594e+08
58.5	54	3.04927e+08
63	54	1.70991e+08
67.5	54	1.20891e+08
72	54	9.22317e+07
76.5	54	6.45062e+07
81	54	4.63852e+07
85.5	54	3.28518e+07
90	54	2.27166e+07
94.5	54	1.48515e+07
99	54	1.11275e+07
103.5	54	1.00473e+07
108	54	9.58376e+06
112.5	54	9.6441e+06
117	54	9.35955e+06
121.5	54	9.4971e+06
126	54	8.7691e+06
130.5	54	7.69452e+06
135	54	3.45264e+06
139.5	54	1.16266e+06
144	54	447920
148.5	54	205081
153	54	110111
157.5	54	75685
162	54	51210
166.5	54	36544.3
175.5	54	21083.4
180	54	16205.6
184.5	54	13315.7
189	54	7914.8
193.5	54	4277.12
198	54	2334.43
202.5	54	1253
207	54	723.807
211.5	54	489.625
216	54	278.978
220.5	54	167.384
225	54	112.281
229.5	54	73.8346
234	54	51.7175
238.5	54	34.265
243	54	23.3681
247.5	54	14.9322
252	54	12.4607
256.5	54	15.2407
261	54	14.2588
265.5	54	10.3149
270	54	11.6215
279	54	11.1249
283.5	54	11.1965
288	54	10.4915
292.5	54	11.1867
297	54	11.108
301.5	54	9.94503
306	54	10.7392
310.5	54	14.1774
315	54	10.6304
319.5	54	10.4664
324	54	9.44179
328.5	54	10.0207
333	54	10.0186
337.5	54	10.6221
342	54	9.25804
346.5	54	10.2027
351	54	7.38127
355.5	54	5.4103
360	54	3.85851
364.5	54	2.40565
369	54	1.85027
373.5	54	1.37697
378	54	0.974529
382.5	54	0.646674
387	54	0.436437
391.5	54	0.299874
396	54	0.195705
400.5	54	0.137941
405	54	0.132741
409.5	54	0.118053
414	54	0.121274
418.5	54	0.114112
423	54	0.107075
427.5	54	0.108722
432	54	0.107929
436.5	54	0.089776
441	54	0.090877
445.5	54	0.089197
-432	58.5	0.031737
-427.5	58.5	0.034627
-414	58.5	0.044899
-400.5	58.5	0.058702
-396	58.5	0.099097
-391.5	58.5	0.19178
-387	58.5	0.305534
-382.5	58.5	0.432057
-378	58.5	0.608996
-373.5	58.5	0.731783
-369	58.5	1.02529
-364.5	58.5	1.59146
-360	58.5	2.45317
-355.5	58.5	3.77727
-351	58.5	4.23356
-346.5	58.5	4.29054
-342	58.5	4.16704
-337.5	58.5	3.78125
-333	58.5	4.45093
-328.5	58.5	4.60514
-324	58.5	4.02488
-319.5	58.5	3.78675
-310.5	58.5	4.74785
-306	58.5	4.04176
-301.5	58.5	3.47235
-297	58.5	3.42969
-292.5	58.5	3.55957
-288	58.5	3.9141
-283.5	58.5	3.55639
-279	58.5	3.38738
-274.5	58.5	3.85913
-270	58.5	3.87694
-265.5	58.5	4.05418
-261	58.5	3.82301
-256.5	58.5	3.70812
-252	58.5	4.25411
-247.5	58.5	6.65543
-243	58.5	8.8401
-238.5	58.5	11.926
-234	58.5	20.4017
-229.5	58.5	35.4447
-225	58.5	74.9974
-220.5	58.5	113.184
-216	58.5	173.182
-211.5	58.5	235.359
-207	58.5	418.369
-202.5	58.5	900.404
-198	58.5	1562.58
-193.5	58.5	2547.72
-180	58.5	7574.42
-175.5	58.5	9725.05
-162	58.5	19821.1
-157.5	58.5	30131.7
-153	58.5	44693.1
-148.5	58.5	79672.5
-144	58.5	151844
-139.5	58.5	398384
-135	58.5	1.22875e+06
-130.5	58.5	2.53302e+06
-126	58.5	2.84619e+06
-121.5	58.5	3.07987e+06
-117	58.5	3.40987e+06
-112.5	58.5	3.5121e+06
-108	58.5	3.81712e+06
-103.5	58.5	4.34656e+06
-99	58.5	4.83135e+06
-94.5	58.5	5.0805e+06
-90	58.5	5.77054e+06
-85.5	58.5	6.29031e+06
-81	58.5	7.48253e+06
-76.5	58.5	8.47338e+06
-72	58.5	9.6651e+06
-67.5	58.5	1.17438e+07
-63	58.5	1.68877e+07
-58.5	58.5	2.91476e+07
-54	58.5	4.48926e+07
-49.5	58.5	6.6364e+07
-45	58.5	9.27489e+07
-40.5	58.5	1.32739e+08
-36	58.5	1.89297e+08
-31.5	58.5	2.70458e+08
-27	58.5	3.66794e+08
-22.5	58.5	4.58133e+08
-18	58.5	5.51809e+08
-13.5	58.5	6.55165e+08
-9	58.5	7.78597e+08
-4.5	58.5	9.27044e+08
0	58.5	1.10032e+09
4.5	58.5	1.3388e+09
9	58.5	1.71159e+09
13.5	58.5	2.30035e+09
18	58.5	3.21737e+09
22.5	58.5	4.16785e+09
27	58.5	4.15267e+09
31.5	58.5	3.36532e+09
36	58.5	2.76456e+09
40.5	58.5	2.14303e+09
45	58.5	1.22079e+09
49.5	58.5	7.01168e+08
54	58.5	3.99283e+08
58.5	58.5	2.10248e+08
63	58.5	1.32702e+08
67.5	58.5	1.09607e+08
72	58.5	8.8628e+07
76.5	58.5	6.38283e+07
81	58.5	4.63341e+07
85.5	58.5	3.18373e+07
90	58.5	2.12638e+07
94.5	58.5	1.42713e+07
99	58.5	1.19676e+07
103.5	58.5	1.07605e+07
108	58.5	1.08957e+07
112.5	58.5	1.02038e+07
117	58.5	1.00617e+07
121.5	58.5	9.50573e+06
126	58.5	8.30086e+06
130.5	58.5	3.99963e+06
135	58.5	1.27106e+06
139.5	58.5	492190
144	58.5	224009
148.5	58.5	133871
153	58.5	85518.6
157.5	58.5	58539.9
162	58.5	41104.2
166.5	58.5	30352.9
171	58.5	23395.6
180	58.5	13992.2
184.5	58.5	10343.9
189	58.5	6594.86
193.5	58.5	3711.73
198	58.5	1962.98
202.5	58.5	1197.36
207	58.5	745.061
211.5	58.5	385.084
216	58.5	241.814
220.5	58.5	164.462
225	58.5	93.513
229.5	58.5	60.7447
234	58.5	37.8224
238.5	58.5	26.8566
243	58.5	19.6635
247.5	58.5	13.5688
252	58.5	13.0132
256.5	58.5	11.7819
261	58.5	12.1417
265.5	58.5	10.9949
270	58.5	10.8721
274.5	58.5	12.3274
279	58.5	10.1853
283.5	58.5	9.88784
288	58.5	9.64547
292.5	58.5	9.36826
297	58.5	10.0984
301.5	58.5	11.4689
306	58.5	9.68214
310.5	58.5	12.4087
315	58.5	10.4924
319.5	58.5	9.75016
324	58.5	8.14496
337.5	58.5	8.87702
342	58.5	8.84029
346.5	58.5	9.7894
351	58.5	8.60632
355.5	58.5	13.5855
360	58.5	3.8247
364.5	58.5	2.60088
369	58.5	1.92016
373.5	58.5	1.28059
378	58.5	0.893801
382.5	58.5	0.604709
387	58.5	0.569028
391.5	58.5	0.39333
396	58.5	0.190414
400.5	58.5	0.126784
405	58.5	0.115398
409.5	58.5	0.120948
414	58.5	0.12757
418.5	58.5	0.108714
423	58.5	0.094451
427.5	58.5	0.09956
432	58.5	0.11234
436.5	58.5	0.12209
441	58.5	0.129614
445.5	58.5	0.15003
-400.5	63	0.058889
-396	63	0.099257
-391.5	63	0.149521
-387	63	0.222732
-382.5	63	0.293774
-378	63	0.444638
-373.5	63	0.635297
-369	63	0.875818
-364.5	63	1.41065
-360	63	1.99454
-355.5	63	2.84192
-351	63	3.87717
-346.5	63	3.63386
-342	63	3.94629
-337.5	63	3.8854
-333	63	3.8353
-328.5	63	3.73322
-324	63	3.64811
-319.5	63	3.51622
-315	63	3.81651
-310.5	63	4.89796
-306	63	3.82564
-301.5	63	3.95702
-297	63	3.41321
-292.5	63	3.80044
-283.5	63	4.17764
-279	63	3.97566
-274.5	63	3.86746
-270	63	3.51573
-265.5	63	3.61393
-261	63	3.76662
-256.5	63	3.58013
-252	63	3.75504
-247.5	63	5.51399
-243	63	7.39916
-220.5	63	107.325
-216	63	183.278
-211.5	63	268.938
-207	63	513.558
-202.5	63	1004.24
-193.5	63	1783.42
-189	63	3408.66
-184.5	63	4187.32
-180	63	5583.25
-171	63	9581.1
-166.5	63	12568.4
-162	63	17731
-157.5	63	23220.3
-153	63	30035.4
-148.5	63	42504.2
-144	63	70370.3
-139.5	63	168357
-135	63	455334
-130.5	63	1.29184e+06
-126	63	2.84508e+06
-121.5	63	3.37448e+06
-117	63	3.4766e+06
-112.5	63	3.61181e+06
-108	63	4.22292e+06
-103.5	63	4.22983e+06
-99	63	4.9089e+06
-94.5	63	5.08169e+06
-90	63	5.49435e+06
-85.5	63	6.2904e+06
-81	63	7.24352e+06
-76.5	63	8.2639e+06
-72	63	9.30487e+06
-67.5	63	1.11439e+07
-63	63	1.30919e+07
-58.5	63	1.76874e+07
-54	63	2.87781e+07
-49.5	63	4.35382e+07
-45	63	6.34006e+07
-40.5	63	8.86903e+07
-36	63	1.22235e+08
-31.5	63	1.66933e+08
-27	63	2.25117e+08
-22.5	63	2.98458e+08
-18	63	3.9888e+08
-13.5	63	5.26142e+08
-9	63	6.79205e+08
-4.5	63	8.78919e+08
0	63	1.04959e+09
4.5	63	1.14963e+09
9	63	1.36323e+09
13.5	63	1.67875e+09
18	63	2.06694e+09
22.5	63	2.39349e+09
27	63	2.46562e+09
31.5	63	2.29953e+09
36	63	2.07898e+09
40.5	63	1.69865e+09
45	63	9.43804e+08
49.5	63	5.0506e+08
54	63	2.54508e+08
58.5	63	1.6103e+08
63	63	1.28376e+08
67.5	63	1.05107e+08
72	63	8.70602e+07
76.5	63	7.2272e+07
81	63	5.26976e+07
85.5	63	3.34845e+07
90	63	2.04843e+07
94.5	63	1.52963e+07
99	63	1.38023e+07
103.5	63	1.25555e+07
108	63	1.20357e+07
112.5	63	1.15092e+07
117	63	1.0818e+07
121.5	63	9.56672e+06
126	63	4.49254e+06
130.5	63	1.474e+06
135	63	544017
139.5	63	253363
144	63	144327
148.5	63	88171.9
153	63	63286.9
157.5	63	48515.6
162	63	39793.3
166.5	63	27629.8
171	63	20050.7
175.5	63	15743.3
180	63	11292.8
184.5	63	8188
189	63	6389.52
193.5	63	3061.17
198	63	1800.29
202.5	63	1128.16
207	63	653.816
211.5	63	392.842
216	63	214.361
220.5	63	144.92
225	63	101.856
229.5	63	63.948
234	63	40.3999
238.5	63	25.7421
243	63	15.6755
247.5	63	11.1421
252	63	10.5069
256.5	63	10.0416
261	63	10.6837
265.5	63	10.6263
270	63	9.94898
274.5	63	13.1587
279	63	9.91878
283.5	63	9.43406
288	63	9.26676
292.5	63	9.05955
297	63	12.9248
301.5	63	9.97561
306	63	10.9516
310.5	63	9.18555
315	63	10.0082
319.5	63	9.34839
324	63	9.46622
328.5	63	10.7638
333	63	9.37243
337.5	63	9.25672
342	63	8.40806
346.5	63	9.05384
351	63	11.4313
355.5	63	6.50221
360	63	3.4073
364.5	63	2.38882
369	63	1.52747
373.5	63	1.08462
378	63	0.760596
382.5	63	0.557981
387	63	0.39244
391.5	63	0.272127
396	63	0.155341
400.5	63	0.133572
405	63	0.123897
409.5	63	0.117267
414	63	0.107387
418.5	63	0.110938
423	63	0.092801
427.5	63	0.090956
432	63	0.10074
436.5	63	0.115287
441	63	0.10906
445.5	63	0.095144
-409.5	67.5	0.04075
-400.5	67.5	0.058461
-396	67.5	0.084011
-391.5	67.5	0.122662
-387	67.5	0.226702
-382.5	67.5	0.317637
-378	67.5	0.504867
-373.5	67.5	0.590424
-369	67.5	0.890122
-364.5	67.5	1.33215
-360	67.5	1.93932
-355.5	67.5	3.27467
-351	67.5	3.39276
-346.5	67.5	3.18102
-342	67.5	3.24304
-337.5	67.5	3.57445
-333	67.5	4.02411
-328.5	67.5	3.46001
-324	67.5	3.64556
-319.5	67.5	3.32642
-315	67.5	4.33673
-310.5	67.5	3.54542
-306	67.5	4.05192
-301.5	67.5	4.05303
-297	67.5	3.95831
-292.5	67.5	4.50078
-283.5	67.5	3.72656
-274.5	67.5	3.62107
-270	67.5	3.87026
-265.5	67.5	3.76969
-261	67.5	3.56651
-256.5	67.5	3.56526
-252	67.5	3.49674
-247.5	67.5	3.92795
-243	67.5	6.4303
-238.5	67.5	9.93238
-207	67.5	423.895
-202.5	67.5	766.411
-198	67.5	646.751
-193.5	67.5	1491.41
-189	67.5	1667.84
-184.5	67.5	2195.47
-180	67.5	4571.22
-175.5	67.5	6594.64
-171	67.5	8832.77
-166.5	67.5	13031.9
-162	67.5	15553.4
-144	67.5	52961.7
-139.5	67.5	95182.2
-135	67.5	166495
-130.5	67.5	484849
-126	67.5	1.5037e+06
-121.5	67.5	3.12885e+06
-117	67.5	3.5917e+06
-112.5	67.5	4.09513e+06
-108	67.5	4.215e+06
-103.5	67.5	4.32575e+06
-99	67.5	4.97127e+06
-94.5	67.5	5.14374e+06
-90	67.5	5.87964e+06
-85.5	67.5	6.36139e+06
-81	67.5	7.22726e+06
-76.5	67.5	8.07192e+06
-72	67.5	8.97482e+06
-67.5	67.5	1.07618e+07
-63	67.5	1.22738e+07
-58.5	67.5	1.46762e+07
-54	67.5	1.80883e+07
-49.5	67.5	2.63626e+07
-45	67.5	4.08091e+07
-40.5	67.5	5.96444e+07
-36	67.5	8.12951e+07
-31.5	67.5	1.10564e+08
-27	67.5	1.48582e+08
-22.5	67.5	1.93791e+08
-18	67.5	2.58657e+08
-13.5	67.5	3.4362e+08
-9	67.5	4.85453e+08
-4.5	67.5	7.36998e+08
0	67.5	9.70224e+08
4.5	67.5	1.00036e+09
9	67.5	1.11698e+09
13.5	67.5	1.28946e+09
18	67.5	1.48901e+09
22.5	67.5	1.66158e+09
27	67.5	1.73009e+09
31.5	67.5	1.70672e+09
36	67.5	1.54897e+09
40.5	67.5	1.1957e+09
45	67.5	6.06154e+08
49.5	67.5	3.06292e+08
54	67.5	2.08166e+08
58.5	67.5	1.58363e+08
63	67.5	1.2652e+08
67.5	67.5	1.02812e+08
72	67.5	8.47556e+07
76.5	67.5	7.07196e+07
81	67.5	5.91298e+07
85.5	67.5	4.34407e+07
90	67.5	2.70323e+07
94.5	67.5	2.14655e+07
99	67.5	1.84954e+07
103.5	67.5	1.66447e+07
108	67.5	1.49896e+07
112.5	67.5	1.37906e+07
117	67.5	1.22362e+07
121.5	67.5	5.81012e+06
126	67.5	1.85152e+06
130.5	67.5	700989
135	67.5	297222
139.5	67.5	164820
144	67.5	103479
148.5	67.5	74696.7
153	67.5	51652.7
157.5	67.5	38830.3
162	67.5	28408
166.5	67.5	23171.5
171	67.5	18463.1
175.5	67.5	12360.9
180	67.5	7258.16
184.5	67.5	5276.51
189	67.5	4380.42
193.5	67.5	2503.3
198	67.5	1502.92
202.5	67.5	879.412
207	67.5	514.785
211.5	67.5	311.183
216	67.5	201.188
220.5	67.5	115.959
225	67.5	68.6683
229.5	67.5	50.5268
234	67.5	29.687
238.5	67.5	21.7588
243	67.5	14.381
247.5	67.5	10.8575
252	67.5	10.353
256.5	67.5	10.7612
261	67.5	9.72033
265.5	67.5	9.3139
270	67.5	8.42742
274.5	67.5	9.19878
279	67.5	9.77714
283.5	67.5	10.5178
288	67.5	10.2972
292.5	67.5	10.289
297	67.5	9.98498
301.5	67.5	10.2146
306	67.5	9.43785
310.5	67.5	10.1668
315	67.5	9.68139
319.5	67.5	10.1278
328.5	67.5	9.87106
333	67.5	9.14116
337.5	67.5	8.88498
342	67.5	9.04447
346.5	67.5	9.32796
351	67.5	8.74758
355.5	67.5	5.15034
360	67.5	3.6566
364.5	67.5	2.635
369	67.5	1.77793
373.5	67.5	1.19746
378	67.5	0.844691
382.5	67.5	0.532767
387	67.5	0.368059
391.5	67.5	0.239529
396	67.5	0.139869
400.5	67.5	0.107545
405	67.5	0.103147
409.5	67.5	0.10346
414	67.5	0.106695
418.5	67.5	0.119718
423	67.5	0.12305
427.5	67.5	0.11589
432	67.5	0.105359
436.5	67.5	0.106571
441	67.5	0.110633
445.5	67.5	0.108507
-405	72	0.037651
-400.5	72	0.05683
-396	72	0.099789
-391.5	72	0.150011
-387	72	0.223435
-382.5	72	0.311598
-378	72	0.451096
-373.5	72	0.628192
-369	72	1.08026
-364.5	72	1.69764
-360	72	2.1914
-355.5	72	2.83862
-351	72	3.87595
-346.5	72	3.69994
-342	72	3.64176
-337.5	72	3.44031
-333	72	3.59385
-328.5	72	3.95169
-324	72	3.84974
-319.5	72	4.19839
-315	72	4.63024
-306	72	3.91706
-301.5	72	5.08584
-297	72	4.52621
-292.5	72	5.17003
-288	72	4.06681
-283.5	72	3.66681
-274.5	72	3.21451
-270	72	3.42358
-265.5	72	2.89217
-261	72	3.14066
-256.5	72	3.02977
-252	72	3.11208
-247.5	72	3.82544
-243	72	5.00398
-238.5	72	9.22679
-234	72	17.1654
-229.5	72	23.5602
-216	72	109.461
-211.5	72	187.293
-207	72	222.857
-202.5	72	358.232
-198	72	517.675
-193.5	72	733.879
-189	72	927.606
-184.5	72	2122.5
-180	72	3439.1
-157.5	72	16451.6
-153	72	21474.9
-148.5	72	27119.7
-144	72	38963.7
-139.5	72	55683.1
-135	72	95060.9
-130.5	72	184822
-126	72	542042
-121.5	72	1.66876e+06
-117	72	3.53553e+06
-112.5	72	3.94827e+06
-108	72	4.10309e+06
-103.5	72	4.47847e+06
-99	72	4.86728e+06
-94.5	72	5.30168e+06
-90	72	5.76488e+06
-85.5	72	6.4732e+06
-81	72	7.31276e+06
-76.5	72	8.13729e+06
-72	72	9.07119e+06
-67.5	72	1.02636e+07
-63	72	1.14352e+07
-58.5	72	1.38631e+07
-54	72	1.61215e+07
-49.5	72	1.93098e+07
-45	72	2.48181e+07
-40.5	72	3.57265e+07
-36	72	5.16971e+07
-31.5	72	7.36891e+07
-27	72	9.90749e+07
-22.5	72	1.34064e+08
-18	72	1.82838e+08
-13.5	72	2.58072e+08
-9	72	3.80073e+08
-4.5	72	5.95675e+08
0	72	8.52704e+08
4.5	72	8.77866e+08
9	72	9.40896e+08
13.5	72	1.04195e+09
18	72	1.16734e+09
22.5	72	1.25266e+09
27	72	1.23212e+09
31.5	72	1.07299e+09
36	72	8.15855e+08
40.5	72	5.76146e+08
45	72	3.789e+08
49.5	72	2.67204e+08
54	72	1.95258e+08
58.5	72	1.52577e+08
63	72	1.21921e+08
67.5	72	9.96509e+07
72	72	8.19397e+07
76.5	72	6.83547e+07
81	72	5.8009e+07
85.5	72	4.80979e+07
90	72	3.82892e+07
94.5	72	3.01893e+07
99	72	2.5192e+07
103.5	72	2.16474e+07
108	72	1.89662e+07
112.5	72	1.6185e+07
117	72	7.88858e+06
121.5	72	2.60268e+06
126	72	880249
130.5	72	364693
135	72	189895
139.5	72	127839
144	72	78864.7
148.5	72	57369
153	72	45993.1
157.5	72	33935.8
162	72	25640.6
166.5	72	18165.4
171	72	12900.5
175.5	72	7588.84
180	72	4621.16
184.5	72	2806.34
189	72	2162.48
193.5	72	1406.93
198	72	1220.44
202.5	72	763.874
207	72	462.77
211.5	72	251.239
216	72	161.05
220.5	72	108.277
225	72	67.5098
229.5	72	42.53
234	72	28.5227
238.5	72	18.2953
243	72	12.5986
247.5	72	8.34152
252	72	9.08279
256.5	72	9.16857
261	72	9.01254
265.5	72	11.5077
270	72	9.00777
274.5	72	9.23557
279	72	9.66543
283.5	72	9.9573
288	72	9.14211
292.5	72	9.67876
297	72	11.3676
301.5	72	10.4458
306	72	9.32596
310.5	72	9.50062
315	72	9.80436
319.5	72	8.96539
328.5	72	9.87942
333	72	9.6232
337.5	72	9.48183
342	72	8.48359
346.5	72	9.21743
351	72	7.00513
355.5	72	4.62211
360	72	3.53186
364.5	72	2.37521
369	72	1.54371
373.5	72	1.11989
378	72	0.82405
382.5	72	0.581351
387	72	0.420953
391.5	72	0.295748
396	72	0.15125
400.5	72	0.108786
405	72	0.110154
409.5	72	0.112933
414	72	0.098281
418.5	72	0.100708
423	72	0.0939
427.5	72	0.096423
432	72	0.096249
436.5	72	0.090574
441	72	0.08376
445.5	72	0.090943
-409.5	76.5	0.040488
-400.5	76.5	0.056556
-396	76.5	0.092052
-391.5	76.5	0.13455
-387	76.5	0.217737
-382.5	76.5	0.302803
-378	76.5	0.390343
-373.5	76.5	0.606367
-369	76.5	0.891138
-364.5	76.5	1.26043
-360	76.5	2.11151
-355.5	76.5	2.96548
-351	76.5	3.81816
-346.5	76.5	3.55039
-342	76.5	3.32062
-337.5	76.5	3.7728
-333	76.5	3.76688
-328.5	76.5	4.52168
-324	76.5	4.05921
-319.5	76.5	3.3117
-315	76.5	3.20509
-310.5	76.5	3.90287
-306	76.5	3.71545
-301.5	76.5	3.77228
-297	76.5	4.50256
-292.5	76.5	4.79973
-288	76.5	4.21706
-283.5	76.5	3.4283
-279	76.5	3.40697
-274.5	76.5	3.04191
-270	76.5	2.94848
-265.5	76.5	3.08227
-261	76.5	3.60678
-256.5	76.5	2.89033
-252	76.5	2.74306
-247.5	76.5	3.05012
-243	76.5	4.90123
-238.5	76.5	7.00247
-216	76.5	68.8078
-202.5	76.5	187.478
-198	76.5	313.363
-193.5	76.5	481.805
-189	76.5	779.079
-184.5	76.5	1125.77
-180	76.5	2021.98
-175.5	76.5	3859.25
-171	76.5	5667.93
-166.5	76.5	7623.99
-162	76.5	10404.6
-157.5	76.5	12845.5
-153	76.5	17455
-148.5	76.5	20578.4
-144	76.5	29148.3
-139.5	76.5	39773.6
-135	76.5	60596.4
-130.5	76.5	88264.6
-126	76.5	228167
-121.5	76.5	580847
-117	76.5	1.81457e+06
-112.5	76.5	3.84068e+06
-108	76.5	4.30187e+06
-103.5	76.5	4.78734e+06
-99	76.5	5.19526e+06
-94.5	76.5	5.46242e+06
-90	76.5	6.09442e+06
-85.5	76.5	6.44877e+06
-81	76.5	7.20109e+06
-76.5	76.5	8.00663e+06
-72	76.5	9.18864e+06
-67.5	76.5	1.02663e+07
-63	76.5	1.16121e+07
-58.5	76.5	1.33991e+07
-54	76.5	1.53663e+07
-49.5	76.5	1.77073e+07
-45	76.5	2.11206e+07
-40.5	76.5	2.54082e+07
-36	76.5	3.14037e+07
-31.5	76.5	4.2694e+07
-27	76.5	6.10298e+07
-22.5	76.5	8.716e+07
-18	76.5	1.23128e+08
-13.5	76.5	1.79424e+08
-9	76.5	2.73926e+08
-4.5	76.5	4.33086e+08
0	76.5	6.58632e+08
4.5	76.5	6.92032e+08
9	76.5	7.02661e+08
13.5	76.5	7.15782e+08
18	76.5	7.08695e+08
22.5	76.5	6.68772e+08
27	76.5	5.86296e+08
31.5	76.5	4.94887e+08
36	76.5	4.31687e+08
40.5	76.5	3.84588e+08
45	76.5	3.13974e+08
49.5	76.5	2.43708e+08
54	76.5	1.85818e+08
58.5	76.5	1.44534e+08
63	76.5	1.17305e+08
67.5	76.5	9.68697e+07
72	76.5	8.12989e+07
76.5	76.5	6.80788e+07
81	76.5	5.76381e+07
85.5	76.5	4.84828e+07
90	76.5	4.04296e+07
94.5	76.5	3.50759e+07
99	76.5	2.95071e+07
103.5	76.5	2.56293e+07
108	76.5	2.14413e+07
112.5	76.5	1.07786e+07
117	76.5	3.75597e+06
121.5	76.5	1.34867e+06
126	76.5	566355
130.5	76.5	259287
135	76.5	149207
139.5	76.5	102454
144	76.5	69636.4
148.5	76.5	49538.3
153	76.5	39904.2
157.5	76.5	31816.8
162	76.5	24336.7
166.5	76.5	16810.4
171	76.5	9323.2
175.5	76.5	5089.35
180	76.5	3275.53
184.5	76.5	2159.44
189	76.5	1452.51
193.5	76.5	1009.23
198	76.5	698.784
202.5	76.5	495.504
207	76.5	334.569
211.5	76.5	196.454
216	76.5	123.225
220.5	76.5	75.536
225	76.5	45.8762
229.5	76.5	35.2843
234	76.5	21.1722
238.5	76.5	14.7256
243	76.5	10.8742
247.5	76.5	7.44654
252	76.5	8.22217
256.5	76.5	7.79995
261	76.5	9.09147
265.5	76.5	8.34898
270	76.5	8.44421
274.5	76.5	8.61804
279	76.5	10.0974
283.5	76.5	10.523
288	76.5	9.76829
292.5	76.5	11.2099
297	76.5	8.05348
301.5	76.5	8.92995
306	76.5	8.97674
310.5	76.5	8.70813
315	76.5	8.83593
319.5	76.5	9.50661
324	76.5	9.47141
328.5	76.5	11.1321
333	76.5	11.554
337.5	76.5	9.48023
342	76.5	10.2553
346.5	76.5	10.5267
351	76.5	9.15141
355.5	76.5	4.7256
360	76.5	3.24521
364.5	76.5	2.18171
369	76.5	1.50311
373.5	76.5	1.08182
378	76.5	0.715787
382.5	76.5	0.523403
387	76.5	0.386362
391.5	76.5	0.243508
396	76.5	0.159827
400.5	76.5	0.121257
405	76.5	0.112666
409.5	76.5	0.109311
414	76.5	0.09943
418.5	76.5	0.118492
423	76.5	0.10106
427.5	76.5	0.090494
432	76.5	0.092005
436.5	76.5	0.092419
441	76.5	0.099826
445.5	76.5	0.110686
-400.5	81	0.052015
-396	81	0.099384
-391.5	81	0.163049
-387	81	0.236199
-382.5	81	0.366391
-378	81	0.522528
-373.5	81	0.801395
-369	81	0.94172
-364.5	81	1.23905
-360	81	1.80956
-355.5	81	2.76938
-351	81	3.27406
-346.5	81	3.62359
-342	81	3.68821
-337.5	81	4.09888
-333	81	3.54868
-324	81	4.00271
-319.5	81	3.72287
-315	81	3.87222
-310.5	81	3.86521
-306	81	4.26405
-301.5	81	3.92273
-297	81	4.28249
-292.5	81	4.10967
-288	81	3.6822
-283.5	81	3.33625
-279	81	3.44089
-274.5	81	3.36336
-270	81	3.19489
-265.5	81	3.24661
-261	81	2.9073
-256.5	81	2.69144
-252	81	2.49408
-247.5	81	2.99638
-243	81	4.72644
-238.5	81	8.42481
-234	81	10.9201
-229.5	81	13.4055
-225	81	19.0546
-207	81	101.839
-202.5	81	188.031
-198	81	292.517
-193.5	81	372.344
-189	81	613.539
-184.5	81	996.356
-180	81	1593.85
-175.5	81	2177.85
-171	81	3492.6
-166.5	81	5459.08
-162	81	8570.26
-157.5	81	11401.4
-153	81	13990.1
-144	81	23865
-139.5	81	29577.9
-135	81	42550.3
-130.5	81	65524.4
-126	81	102932
-121.5	81	223974
-117	81	621504
-112.5	81	2.03205e+06
-108	81	4.52708e+06
-103.5	81	5.04738e+06
-99	81	5.09886e+06
-94.5	81	5.48227e+06
-90	81	6.06775e+06
-85.5	81	6.52964e+06
-81	81	7.30946e+06
-76.5	81	8.05688e+06
-72	81	9.05701e+06
-67.5	81	9.68655e+06
-63	81	1.13168e+07
-58.5	81	1.30551e+07
-54	81	1.50366e+07
-49.5	81	1.73726e+07
-45	81	2.01651e+07
-40.5	81	2.36303e+07
-36	81	2.83036e+07
-31.5	81	3.37168e+07
-27	81	4.12646e+07
-22.5	81	5.20811e+07
-18	81	6.98906e+07
-13.5	81	1.02228e+08
-9	81	1.54312e+08
-4.5	81	2.34172e+08
0	81	3.13255e+08
4.5	81	3.25946e+08
9	81	3.23852e+08
13.5	81	3.26136e+08
18	81	3.30219e+08
22.5	81	3.38133e+08
27	81	3.50532e+08
31.5	81	3.45647e+08
36	81	3.27418e+08
40.5	81	2.99394e+08
45	81	2.61441e+08
49.5	81	2.14003e+08
54	81	1.75671e+08
58.5	81	1.39132e+08
63	81	1.12489e+08
67.5	81	9.2729e+07
72	81	7.78085e+07
76.5	81	6.68857e+07
81	81	5.71373e+07
85.5	81	4.86033e+07
90	81	4.15014e+07
94.5	81	3.60039e+07
99	81	3.17935e+07
103.5	81	2.7815e+07
108	81	1.47128e+07
112.5	81	5.07668e+06
117	81	1.93108e+06
121.5	81	763153
126	81	368711
130.5	81	205882
135	81	125247
139.5	81	83768.9
144	81	60925.6
148.5	81	43942.7
153	81	32594.2
157.5	81	25677.8
162	81	17947.4
166.5	81	10422.6
171	81	5951.8
175.5	81	4020.82
180	81	2848.04
184.5	81	1651.21
189	81	1067.52
193.5	81	757.92
198	81	472.602
202.5	81	313.047
207	81	207.902
211.5	81	148.856
216	81	84.1643
220.5	81	65.3885
225	81	43.6012
229.5	81	25.7386
234	81	18.732
238.5	81	12.4755
243	81	8.98888
247.5	81	6.81416
252	81	6.62926
256.5	81	7.95253
261	81	7.68712
265.5	81	8.88744
270	81	8.06709
274.5	81	8.24252
279	81	9.01781
283.5	81	11.6924
292.5	81	9.35741
301.5	81	8.28673
306	81	9.59124
310.5	81	9.20784
319.5	81	8.95838
324	81	8.38113
333	81	10.5957
337.5	81	10.9077
342	81	9.93274
346.5	81	10.709
351	81	8.01269
355.5	81	4.61444
360	81	3.45944
364.5	81	2.17063
369	81	1.57522
373.5	81	1.05403
378	81	0.726426
382.5	81	0.539742
387	81	0.386183
391.5	81	0.252496
396	81	0.139702
400.5	81	0.103684
405	81	0.105842
409.5	81	0.104721
414	81	0.092789
418.5	81	0.087516
423	81	0.094724
427.5	81	0.092216
432	81	0.077109
436.5	81	0.082179
441	81	0.092297
445.5	81	0.105164
-396	85.5	0.109467
-391.5	85.5	0.145255
-387	85.5	0.206214
-382.5	85.5	0.309894
-378	85.5	0.519224
-373.5	85.5	0.676669
-369	85.5	0.964597
-364.5	85.5	1.28754
-360	85.5	1.98172
-355.5	85.5	2.76653
-351	85.5	3.59429
-346.5	85.5	4.0073
-342	85.5	3.90315
-337.5	85.5	3.85828
-333	85.5	3.73058
-324	85.5	4.11687
-319.5	85.5	3.83274
-315	85.5	3.90505
-310.5	85.5	4.13173
-306	85.5	3.98795
-301.5	85.5	3.83675
-297	85.5	3.80677
-292.5	85.5	3.61873
-288	85.5	3.93097
-283.5	85.5	3.56933
-279	85.5	3.49914
-274.5	85.5	3.55549
-270	85.5	3.1623
-265.5	85.5	3.11769
-261	85.5	2.90779
-256.5	85.5	2.93587
-252	85.5	2.73632
-247.5	85.5	3.03214
-243	85.5	3.82246
-238.5	85.5	4.75534
-234	85.5	6.58633
-225	85.5	17.4785
-220.5	85.5	19.5492
-211.5	85.5	45.5432
-207	85.5	82.0025
-202.5	85.5	108.518
-198	85.5	154.696
-193.5	85.5	256.627
-189	85.5	434.521
-184.5	85.5	754.642
-180	85.5	1018.28
-175.5	85.5	1345.71
-171	85.5	2288.55
-166.5	85.5	3482.48
-162	85.5	7709.22
-157.5	85.5	9437.45
-153	85.5	12142
-148.5	85.5	15247.9
-144	85.5	20484.1
-139.5	85.5	24430.3
-135	85.5	33229.7
-130.5	85.5	44606.1
-126	85.5	58046.8
-121.5	85.5	107427
-117	85.5	268719
-112.5	85.5	760472
-108	85.5	2.30947e+06
-103.5	85.5	4.57512e+06
-99	85.5	5.33764e+06
-94.5	85.5	5.67469e+06
-90	85.5	6.1175e+06
-85.5	85.5	6.79242e+06
-81	85.5	7.46384e+06
-76.5	85.5	7.93364e+06
-72	85.5	8.86793e+06
-67.5	85.5	1.0347e+07
-63	85.5	1.16678e+07
-58.5	85.5	1.31779e+07
-54	85.5	1.50363e+07
-49.5	85.5	1.69408e+07
-45	85.5	1.98819e+07
-40.5	85.5	2.27859e+07
-36	85.5	2.72585e+07
-31.5	85.5	3.29633e+07
-27	85.5	4.01194e+07
-22.5	85.5	4.96712e+07
-18	85.5	6.38289e+07
-13.5	85.5	8.26882e+07
-9	85.5	1.12372e+08
-4.5	85.5	1.50097e+08
0	85.5	1.86827e+08
4.5	85.5	2.08314e+08
9	85.5	2.20327e+08
13.5	85.5	2.38315e+08
18	85.5	2.5118e+08
22.5	85.5	2.63218e+08
27	85.5	2.71416e+08
31.5	85.5	2.68572e+08
36	85.5	2.58888e+08
40.5	85.5	2.40747e+08
45	85.5	2.14092e+08
49.5	85.5	1.88677e+08
54	85.5	1.59096e+08
58.5	85.5	1.34531e+08
63	85.5	1.0964e+08
67.5	85.5	9.03045e+07
72	85.5	7.57925e+07
76.5	85.5	6.50615e+07
81	85.5	5.76892e+07
85.5	85.5	4.92464e+07
90	85.5	4.34499e+07
94.5	85.5	3.74312e+07
99	85.5	3.25314e+07
103.5	85.5	1.76869e+07
108	85.5	6.72372e+06
112.5	85.5	2.61656e+06
117	85.5	1.07944e+06
121.5	85.5	546855
126	85.5	282806
130.5	85.5	164275
135	85.5	105552
139.5	85.5	74466
144	85.5	55392.1
148.5	85.5	39929.3
153	85.5	31655.9
157.5	85.5	21720.5
162	85.5	10886.2
166.5	85.5	6956.58
171	85.5	4674.37
175.5	85.5	2882.26
180	85.5	1973.35
184.5	85.5	1261.12
189	85.5	837.019
193.5	85.5	544.219
198	85.5	372.901
202.5	85.5	254.447
207	85.5	166.524
211.5	85.5	112.396
216	85.5	83.4007
220.5	85.5	54.1242
225	85.5	35.2745
229.5	85.5	22.8402
234	85.5	14.7508
238.5	85.5	11.2657
243	85.5	8.71918
247.5	85.5	6.77617
252	85.5	5.84585
256.5	85.5	7.23416
261	85.5	6.7993
265.5	85.5	7.5683
270	85.5	8.06048
274.5	85.5	8.23183
279	85.5	8.34343
283.5	85.5	8.40722
288	85.5	8.87444
292.5	85.5	9.11531
297	85.5	8.95088
301.5	85.5	9.18925
306	85.5	10.5725
310.5	85.5	8.96425
315	85.5	11.2113
319.5	85.5	8.9421
324	85.5	8.97656
328.5	85.5	9.33902
333	85.5	20.1346
337.5	85.5	17.0508
342	85.5	9.38354
346.5	85.5	8.66259
351	85.5	7.45609
355.5	85.5	5.01974
360	85.5	3.34076
364.5	85.5	2.3704
369	85.5	1.55013
373.5	85.5	1.10443
378	85.5	0.792001
382.5	85.5	0.517394
387	85.5	0.352844
391.5	85.5	0.228889
396	85.5	0.149278
400.5	85.5	0.125259
405	85.5	0.095484
409.5	85.5	0.082646
414	85.5	0.083944
418.5	85.5	0.086712
423	85.5	0.086516
427.5	85.5	0.103028
432	85.5	0.105284
436.5	85.5	0.095327
441	85.5	0.081653
445.5	85.5	0.093073
-400.5	90	0.051974
-396	90	0.103567
-391.5	90	0.157587
-387	90	0.230252
-382.5	90	0.356271
-378	90	0.518347
-373.5	90	0.676568
-369	90	1.0091
-364.5	90	1.83643
-360	90	2.67475
-355.5	90	3.37291
-351	90	3.9042
-346.5	90	3.17539
-342	90	3.43619
-337.5	90	3.82715
-333	90	3.3829
-328.5	90	3.73997
-324	90	3.802
-319.5	90	3.86499
-315	90	3.58105
-310.5	90	3.81115
-301.5	90	3.95859
-297	90	3.94805
-292.5	90	4.42788
-288	90	3.71507
-283.5	90	3.98205
-279	90	3.83177
-274.5	90	3.97157
-270	90	3.0199
-265.5	90	2.88782
-261	90	2.73681
-256.5	90	2.75648
-252	90	2.44605
-247.5	90	2.75524
-243	90	3.55336
-238.5	90	4.69567
-225	90	11.2568
-220.5	90	12.4582
-216	90	24.0256
-211.5	90	41.8816
-207	90	64.5472
-202.5	90	81.0537
-198	90	121.675
-193.5	90	174.788
-189	90	252.558
-184.5	90	351.469
-180	90	569.688
-175.5	90	1105.22
-171	90	1784.25
-166.5	90	2415.62
-162	90	3077.57
-157.5	90	6159.02
-153	90	11195.2
-148.5	90	12926.5
-144	90	18337.1
-139.5	90	21345.3
-135	90	29142.6
-130.5	90	36228.5
-126	90	51480.1
-121.5	90	73478.8
-117	90	138162
-112.5	90	322552
-108	90	888602
-103.5	90	2.45857e+06
-99	90	4.80684e+06
-94.5	90	5.78246e+06
-90	90	6.33062e+06
-85.5	90	6.83915e+06
-81	90	7.35133e+06
-76.5	90	8.30162e+06
-72	90	8.96786e+06
-67.5	90	1.01971e+07
-63	90	1.18506e+07
-58.5	90	1.34456e+07
-54	90	1.49964e+07
-49.5	90	1.66483e+07
-45	90	1.92757e+07
-40.5	90	2.28069e+07
-36	90	2.8152e+07
-31.5	90	3.3037e+07
-27	90	3.9404e+07
-22.5	90	4.85872e+07
-18	90	6.20864e+07
-13.5	90	8.0281e+07
-9	90	1.03832e+08
-4.5	90	1.31824e+08
0	90	1.55998e+08
4.5	90	1.70713e+08
9	90	1.82949e+08
13.5	90	1.96523e+08
18	90	2.05246e+08
22.5	90	2.14058e+08
27	90	2.1753e+08
31.5	90	2.16942e+08
36	90	2.09591e+08
40.5	90	1.982e+08
45	90	1.82242e+08
49.5	90	1.62617e+08
54	90	1.42741e+08
58.5	90	1.2281e+08
63	90	1.05619e+08
67.5	90	8.93154e+07
72	90	7.55583e+07
76.5	90	6.41074e+07
81	90	5.5401e+07
85.5	90	4.96208e+07
90	90	4.4186e+07
94.5	90	3.74531e+07
99	90	2.11207e+07
103.5	90	7.99721e+06
108	90	3.07288e+06
112.5	90	1.40732e+06
117	90	669654
121.5	90	366333
126	90	215582
130.5	90	139384
135	90	89091.2
139.5	90	62185.8
144	90	47695.4
148.5	90	35699.5
153	90	22936.5
157.5	90	13502.4
162	90	8380.97
166.5	90	5298.51
171	90	3167.63
175.5	90	2237.12
180	90	1506.57
184.5	90	951.119
189	90	656.821
193.5	90	453.47
198	90	300.479
202.5	90	190.101
207	90	130.8
211.5	90	90.5543
216	90	62.7418
220.5	90	41.4962
225	90	34.931
229.5	90	18.5187
234	90	13.9317
238.5	90	9.9246
243	90	8.46525
247.5	90	6.55303
252	90	6.54724
256.5	90	6.61652
261	90	7.45413
265.5	90	8.40988
274.5	90	8.7654
279	90	7.97307
283.5	90	8.71211
288	90	9.43272
292.5	90	8.87679
297	90	8.97127
301.5	90	8.99645
306	90	17.7541
310.5	90	7.99286
315	90	8.53991
319.5	90	9.16619
324	90	8.11783
328.5	90	8.54964
333	90	8.94547
337.5	90	9.0932
342	90	9.33424
346.5	90	10.0508
351	90	8.36276
355.5	90	5.52524
360	90	3.23703
364.5	90	2.19503
369	90	1.55467
373.5	90	1.01782
378	90	0.760369
382.5	90	0.476391
387	90	0.333441
391.5	90	0.231107
396	90	0.136326
400.5	90	0.10214
405	90	0.091465
409.5	90	0.10233
414	90	0.098578
418.5	90	0.085404
423	90	0.088955
427.5	90	0.095089
432	90	0.10266
436.5	90	0.10557
441	90	0.106705
445.5	90	0.089905
-396	94.5	0.089113
-391.5	94.5	0.136733
-387	94.5	0.220387
-382.5	94.5	0.49002
-378	94.5	0.697054
-373.5	94.5	0.771623
-369	94.5	1.03986
-364.5	94.5	1.63998
-360	94.5	4.64912
-355.5	94.5	4.37918
-351	94.5	4.189
-346.5	94.5	4.30126
-342	94.5	4.15502
-337.5	94.5	3.65084
-333	94.5	3.94964
-328.5	94.5	3.7874
-324	94.5	3.46258
-319.5	94.5	3.85734
-315	94.5	3.86167
-310.5	94.5	3.34975
-306	94.5	3.95545
-301.5	94.5	3.55951
-297	94.5	4.14943
-292.5	94.5	3.88555
-288	94.5	3.38932
-283.5	94.5	3.64125
-279	94.5	4.02948
-274.5	94.5	3.38765
-270	94.5	3.40071
-265.5	94.5	3.43412
-261	94.5	2.88999
-256.5	94.5	2.43527
-252	94.5	2.55342
-247.5	94.5	3.4015
-243	94.5	3.41905
-238.5	94.5	4.80729
-234	94.5	6.28079
-225	94.5	9.6362
-220.5	94.5	14.9567
-216	94.5	20.8626
-211.5	94.5	30.8935
-207	94.5	36.466
-202.5	94.5	55.4966
-198	94.5	80.7969
-193.5	94.5	119.492
-189	94.5	174.542
-184.5	94.5	333.104
-180	94.5	441.705
-175.5	94.5	644.104
-171	94.5	1079.5
-166.5	94.5	1782.67
-162	94.5	2367.44
-157.5	94.5	4297.66
-153	94.5	7036.51
-148.5	94.5	11669.7
-144	94.5	14312.8
-139.5	94.5	16519.9
-135	94.5	21939.1
-130.5	94.5	26922.8
-126	94.5	37305.5
-121.5	94.5	49039.6
-117	94.5	83424.1
-112.5	94.5	166654
-108	94.5	372333
-103.5	94.5	1.00466e+06
-99	94.5	2.94137e+06
-94.5	94.5	5.5709e+06
-90	94.5	6.21143e+06
-85.5	94.5	6.71471e+06
-81	94.5	7.64718e+06
-76.5	94.5	8.33356e+06
-72	94.5	9.25228e+06
-67.5	94.5	1.06288e+07
-63	94.5	1.19979e+07
-58.5	94.5	1.31186e+07
-54	94.5	1.49867e+07
-49.5	94.5	1.73551e+07
-45	94.5	1.96203e+07
-40.5	94.5	2.33365e+07
-36	94.5	2.77115e+07
-31.5	94.5	3.28496e+07
-27	94.5	3.98443e+07
-22.5	94.5	4.90401e+07
-18	94.5	6.19297e+07
-13.5	94.5	7.76046e+07
-9	94.5	9.59927e+07
-4.5	94.5	1.16184e+08
0	94.5	1.32663e+08
4.5	94.5	1.45654e+08
9	94.5	1.54905e+08
13.5	94.5	1.65954e+08
18	94.5	1.73476e+08
22.5	94.5	1.75559e+08
27	94.5	1.80013e+08
31.5	94.5	1.80051e+08
36	94.5	1.74833e+08
40.5	94.5	1.67128e+08
45	94.5	1.57545e+08
49.5	94.5	1.42316e+08
54	94.5	1.28809e+08
58.5	94.5	1.12417e+08
63	94.5	9.84506e+07
67.5	94.5	8.60102e+07
72	94.5	7.43168e+07
76.5	94.5	6.36409e+07
81	94.5	5.53337e+07
85.5	94.5	4.90243e+07
90	94.5	4.24151e+07
94.5	94.5	2.48683e+07
99	94.5	1.01365e+07
103.5	94.5	3.94354e+06
108	94.5	1.72098e+06
112.5	94.5	836819
117	94.5	453059
121.5	94.5	261744
126	94.5	166102
130.5	94.5	112826
135	94.5	79058.2
139.5	94.5	56597.5
144	94.5	43567.8
148.5	94.5	27977.2
153	94.5	15434.6
157.5	94.5	10419.5
162	94.5	6682
166.5	94.5	4392.96
171	94.5	2813.75
175.5	94.5	1796.98
180	94.5	1170.82
184.5	94.5	764.252
189	94.5	494.779
193.5	94.5	335.77
198	94.5	238.034
202.5	94.5	152.325
207	94.5	102.653
211.5	94.5	64.9157
216	94.5	44.6461
220.5	94.5	34.2559
225	94.5	24.2655
229.5	94.5	16.6087
234	94.5	13.0725
238.5	94.5	9.76145
252	94.5	7.10718
256.5	94.5	7.02894
261	94.5	8.0573
270	94.5	10.0647
274.5	94.5	11.0207
279	94.5	8.41707
283.5	94.5	8.89514
288	94.5	9.01714
292.5	94.5	8.78252
297	94.5	10.3335
301.5	94.5	8.51155
306	94.5	11.4639
310.5	94.5	8.3819
315	94.5	11.2934
319.5	94.5	8.78848
324	94.5	9.00276
328.5	94.5	8.68535
333	94.5	9.57659
337.5	94.5	9.11543
342	94.5	9.32201
346.5	94.5	9.73977
351	94.5	7.67485
355.5	94.5	4.73987
360	94.5	3.17774
364.5	94.5	2.29202
369	94.5	1.46861
373.5	94.5	1.13077
378	94.5	0.776511
382.5	94.5	0.490126
387	94.5	0.336365
391.5	94.5	0.232449
396	94.5	0.138375
400.5	94.5	0.115268
405	94.5	0.133015
409.5	94.5	0.148305
414	94.5	0.136108
418.5	94.5	0.083489
423	94.5	0.084825
427.5	94.5	0.086344
432	94.5	0.079581
436.5	94.5	0.090854
441	94.5	0.122089
445.5	94.5	0.118367
-396	99	0.084813
-391.5	99	0.129581
-387	99	0.196813
-382.5	99	0.307659
-378	99	0.460193
-373.5	99	0.633458
-369	99	1.06384
-364.5	99	1.52953
-360	99	2.82756
-355.5	99	3.78925
-351	99	3.54727
-346.5	99	3.55845
-342	99	3.57455
-337.5	99	3.12768
-333	99	3.76682
-328.5	99	3.59252
-324	99	3.64173
-319.5	99	3.41496
-315	99	3.26837
-310.5	99	6.28193
-306	99	4.01668
-301.5	99	3.59398
-297	99	3.31573
-292.5	99	3.73115
-288	99	3.83058
-283.5	99	3.86104
-279	99	3.66076
-274.5	99	4.34696
-265.5	99	3.53685
-261	99	3.66747
-256.5	99	2.92826
-252	99	2.84248
-247.5	99	3.50122
-243	99	4.16773
-238.5	99	5.64227
-234	99	7.33462
-229.5	99	6.77613
-225	99	7.36541
-220.5	99	10.3357
-216	99	13.7754
-211.5	99	18.5709
-207	99	24.3899
-202.5	99	37.3475
-198	99	55.9016
-193.5	99	88.3462
-189	99	146.57
-184.5	99	206.098
-180	99	308.567
-175.5	99	500.718
-171	99	752.24
-166.5	99	1038.02
-162	99	1758.68
-157.5	99	2798.89
-153	99	4820.51
-148.5	99	8875.69
-144	99	12054.9
-139.5	99	15027.5
-135	99	18940.6
-130.5	99	27682.7
-126	99	30208.8
-121.5	99	39475.4
-117	99	59472.3
-112.5	99	91718.1
-108	99	166659
-103.5	99	417577
-99	99	1.05284e+06
-94.5	99	3.22103e+06
-90	99	6.34113e+06
-85.5	99	7.31611e+06
-81	99	7.79698e+06
-76.5	99	8.46597e+06
-72	99	9.35328e+06
-67.5	99	1.04331e+07
-63	99	1.14888e+07
-58.5	99	1.30131e+07
-54	99	1.50355e+07
-49.5	99	1.7463e+07
-45	99	2.06827e+07
-40.5	99	2.38468e+07
-36	99	2.77233e+07
-31.5	99	3.2963e+07
-27	99	4.05898e+07
-22.5	99	4.94038e+07
-18	99	6.15508e+07
-13.5	99	7.51779e+07
-9	99	8.92588e+07
-4.5	99	1.03843e+08
0	99	1.14953e+08
4.5	99	1.2721e+08
9	99	1.34196e+08
13.5	99	1.42618e+08
18	99	1.47589e+08
22.5	99	1.50776e+08
27	99	1.53859e+08
31.5	99	1.51346e+08
36	99	1.5024e+08
40.5	99	1.44659e+08
45	99	1.37116e+08
49.5	99	1.27033e+08
54	99	1.15864e+08
58.5	99	1.05006e+08
63	99	9.21238e+07
67.5	99	8.14836e+07
72	99	7.34448e+07
76.5	99	6.3922e+07
81	99	5.59201e+07
85.5	99	4.79911e+07
90	99	2.82847e+07
94.5	99	1.14795e+07
99	99	4.85008e+06
103.5	99	2.20974e+06
108	99	1.07481e+06
112.5	99	566518
117	99	340225
121.5	99	215898
126	99	139425
130.5	99	92059.8
135	99	67981.2
139.5	99	49434.8
144	99	31657.6
148.5	99	20300.1
153	99	12705.2
157.5	99	7932.98
162	99	5047.67
166.5	99	3326.27
171	99	2182.51
175.5	99	1377.85
180	99	1058.48
184.5	99	648.416
189	99	402.689
193.5	99	275.79
198	99	180.351
202.5	99	121.231
207	99	85.0438
211.5	99	57.4901
216	99	37.4304
220.5	99	25.1792
225	99	20.7169
229.5	99	16.6759
234	99	12.0435
238.5	99	10.0589
243	99	9.55544
247.5	99	7.37651
252	99	7.07218
256.5	99	7.43413
261	99	7.36964
274.5	99	9.26322
279	99	9.49716
283.5	99	8.37195
288	99	8.19348
292.5	99	9.43137
297	99	10.5911
301.5	99	9.6219
306	99	9.05336
310.5	99	8.43388
315	99	8.33534
319.5	99	10.0634
324	99	9.35072
328.5	99	8.44095
333	99	24.4695
337.5	99	11.5591
342	99	8.75515
346.5	99	8.45662
351	99	7.11127
355.5	99	4.51826
360	99	3.72259
364.5	99	2.26049
369	99	1.47685
373.5	99	1.01907
378	99	0.667516
382.5	99	0.457974
387	99	0.311684
391.5	99	0.21603
396	99	0.135182
400.5	99	0.102698
405	99	0.105301
409.5	99	0.097454
414	99	0.083371
418.5	99	0.076827
423	99	0.077218
427.5	99	0.078623
432	99	0.068196
436.5	99	0.079836
441	99	0.078735
445.5	99	0.0764
-396	103.5	0.075489
-391.5	103.5	0.135853
-387	103.5	0.180334
-382.5	103.5	0.273326
-378	103.5	0.469934
-373.5	103.5	0.866624
-369	103.5	1.34032
-364.5	103.5	1.96263
-360	103.5	2.21684
-355.5	103.5	3.0625
-351	103.5	3.91358
-346.5	103.5	3.32321
-342	103.5	3.82603
-337.5	103.5	3.70882
-333	103.5	3.49864
-328.5	103.5	12.8256
-324	103.5	3.33636
-319.5	103.5	3.48476
-315	103.5	3.944
-310.5	103.5	3.92403
-306	103.5	3.71526
-301.5	103.5	3.70048
-297	103.5	3.18511
-292.5	103.5	3.62035
-288	103.5	3.58758
-283.5	103.5	3.59072
-279	103.5	4.26227
-274.5	103.5	3.94141
-265.5	103.5	3.3932
-261	103.5	3.46658
-256.5	103.5	4.09768
-252	103.5	4.5011
-243	103.5	5.87113
-238.5	103.5	6.61099
-229.5	103.5	6.87282
-225	103.5	6.18378
-220.5	103.5	7.76699
-216	103.5	9.73813
-211.5	103.5	11.5175
-207	103.5	19.8248
-202.5	103.5	31.0623
-198	103.5	43.4588
-193.5	103.5	69.2398
-189	103.5	115.134
-184.5	103.5	153.501
-180	103.5	257.989
-175.5	103.5	335.642
-171	103.5	581.808
-166.5	103.5	945.909
-162	103.5	1406.47
-157.5	103.5	2384.54
-153	103.5	3017.54
-148.5	103.5	5107.1
-144	103.5	6890.66
-139.5	103.5	12201.6
-135	103.5	15261.2
-130.5	103.5	20008.8
-126	103.5	24351.4
-121.5	103.5	29367.7
-117	103.5	43255.5
-112.5	103.5	59889.7
-108	103.5	98536.4
-103.5	103.5	195950
-99	103.5	437730
-94.5	103.5	1.20817e+06
-90	103.5	3.21298e+06
-85.5	103.5	4.70777e+06
-81	103.5	5.07349e+06
-76.5	103.5	5.58127e+06
-72	103.5	6.1004e+06
-67.5	103.5	6.97398e+06
-63	103.5	7.98133e+06
-58.5	103.5	9.5025e+06
-54	103.5	1.0963e+07
-49.5	103.5	1.28491e+07
-45	103.5	1.49221e+07
-40.5	103.5	1.76309e+07
-36	103.5	2.10284e+07
-31.5	103.5	2.64295e+07
-27	103.5	3.31155e+07
-22.5	103.5	4.10267e+07
-18	103.5	5.06519e+07
-13.5	103.5	6.33992e+07
-9	103.5	7.15478e+07
-4.5	103.5	8.12979e+07
0	103.5	9.01571e+07
4.5	103.5	9.84975e+07
9	103.5	1.0399e+08
13.5	103.5	1.11063e+08
18	103.5	1.1476e+08
22.5	103.5	1.16703e+08
27	103.5	1.18877e+08
31.5	103.5	1.17955e+08
36	103.5	1.16066e+08
40.5	103.5	1.13376e+08
45	103.5	1.05992e+08
49.5	103.5	9.96721e+07
54	103.5	9.16541e+07
58.5	103.5	8.39966e+07
63	103.5	7.35108e+07
67.5	103.5	6.46189e+07
72	103.5	5.72617e+07
76.5	103.5	5.09393e+07
81	103.5	4.41884e+07
85.5	103.5	3.08515e+07
90	103.5	1.37448e+07
94.5	103.5	5.90088e+06
99	103.5	2.66679e+06
103.5	103.5	1.29612e+06
108	103.5	697838
112.5	103.5	407167
117	103.5	257343
121.5	103.5	169113
126	103.5	116522
130.5	103.5	79278
135	103.5	54998.7
139.5	103.5	37704.1
144	103.5	24230.6
148.5	103.5	13846.4
153	103.5	9562.82
157.5	103.5	6104.06
162	103.5	4155.58
166.5	103.5	2754.91
171	103.5	1858.79
175.5	103.5	1197.76
180	103.5	792.232
184.5	103.5	536.225
189	103.5	353.516
193.5	103.5	238.276
198	103.5	153.47
202.5	103.5	99.6565
207	103.5	72.7406
211.5	103.5	47.1378
216	103.5	31.111
220.5	103.5	22.6577
225	103.5	17.0921
229.5	103.5	18.1247
234	103.5	16.7693
238.5	103.5	13.0207
243	103.5	11.2738
247.5	103.5	7.48508
252	103.5	16.9667
256.5	103.5	7.55997
261	103.5	8.44675
265.5	103.5	8.25985
270	103.5	8.98684
274.5	103.5	9.2677
279	103.5	9.39405
283.5	103.5	9.4293
288	103.5	9.72872
292.5	103.5	8.72368
297	103.5	10.2971
301.5	103.5	10.3706
306	103.5	8.92845
310.5	103.5	9.10096
315	103.5	8.9075
324	103.5	9.79279
328.5	103.5	9.55427
333	103.5	9.36229
337.5	103.5	9.54614
342	103.5	8.78686
346.5	103.5	8.86134
351	103.5	7.76592
355.5	103.5	6.24579
360	103.5	5.68199
364.5	103.5	2.46302
369	103.5	1.57794
373.5	103.5	1.01011
378	103.5	0.705881
382.5	103.5	0.438732
387	103.5	0.33964
391.5	103.5	0.238563
396	103.5	0.127907
400.5	103.5	0.099321
405	103.5	0.095965
409.5	103.5	0.088417
414	103.5	0.08865
418.5	103.5	0.081354
423	103.5	0.091155
427.5	103.5	0.282445
432	103.5	0.083819
436.5	103.5	0.076673
441	103.5	0.075004
445.5	103.5	0.086268
-391.5	108	0.125115
-387	108	0.185731
-382.5	108	0.301794
-378	108	0.434915
-373.5	108	0.678305
-369	108	1.00823
-364.5	108	1.45995
-360	108	1.78354
-355.5	108	2.98509
-351	108	3.87973
-337.5	108	4.51194
-333	108	4.62309
-328.5	108	4.22928
-324	108	3.79259
-319.5	108	3.63968
-315	108	4.51034
-310.5	108	3.66864
-306	108	3.6547
-301.5	108	4.15887
-297	108	3.95722
-292.5	108	3.8714
-288	108	3.88048
-283.5	108	3.33987
-279	108	4.18533
-274.5	108	4.63323
-270	108	4.29662
-265.5	108	3.87138
-261	108	4.62041
-256.5	108	4.83533
-252	108	6.0134
-243	108	7.49324
-238.5	108	6.4823
-229.5	108	6.32979
-225	108	6.91225
-220.5	108	7.94402
-216	108	8.87669
-211.5	108	12.2853
-207	108	14.989
-202.5	108	20.5213
-198	108	29.3386
-193.5	108	46.311
-189	108	76.0799
-184.5	108	121.335
-180	108	176.708
-175.5	108	288.023
-171	108	437.961
-166.5	108	639.091
-162	108	963.897
-157.5	108	1327.22
-153	108	1891.59
-148.5	108	3075.72
-144	108	4777.45
-139.5	108	8444.16
-135	108	12967.6
-130.5	108	15243.6
-126	108	19480
-121.5	108	24936.2
-117	108	34190.9
-112.5	108	45491.8
-108	108	68355.2
-103.5	108	111424
-99	108	159782
-94.5	108	365875
-90	108	644618
-85.5	108	877472
-81	108	884092
-76.5	108	952651
-72	108	1.11419e+06
-67.5	108	1.34067e+06
-63	108	1.5824e+06
-58.5	108	1.96813e+06
-54	108	2.30277e+06
-49.5	108	2.69731e+06
-45	108	3.75974e+06
-40.5	108	4.53234e+06
-36	108	5.87979e+06
-31.5	108	7.9373e+06
-27	108	1.05103e+07
-22.5	108	1.39589e+07
-18	108	1.82104e+07
-13.5	108	2.72417e+07
-9	108	2.67294e+07
-4.5	108	3.03144e+07
0	108	3.38262e+07
4.5	108	3.7296e+07
9	108	4.02567e+07
13.5	108	4.28249e+07
18	108	4.46016e+07
22.5	108	4.61242e+07
27	108	4.68239e+07
31.5	108	4.7017e+07
36	108	4.49354e+07
40.5	108	4.38115e+07
45	108	4.06177e+07
49.5	108	3.89054e+07
54	108	3.52994e+07
58.5	108	3.05867e+07
63	108	2.71046e+07
67.5	108	2.26117e+07
72	108	1.95989e+07
76.5	108	1.64768e+07
81	108	1.35104e+07
85.5	108	1.08271e+07
90	108	6.21254e+06
94.5	108	3.07213e+06
99	108	1.53524e+06
103.5	108	827400
108	108	494956
112.5	108	299856
117	108	194348
121.5	108	131469
126	108	95442.5
130.5	108	69664.9
135	108	46616.6
139.5	108	27661.9
144	108	17622
148.5	108	12000.1
153	108	7900.99
157.5	108	5186.62
162	108	3298.3
166.5	108	2107.77
171	108	1440.23
175.5	108	1012.78
180	108	682.318
184.5	108	459.557
189	108	303.751
193.5	108	189.245
198	108	130.057
202.5	108	83.5019
207	108	54.2175
211.5	108	40.9897
216	108	27.1639
220.5	108	20.2715
225	108	27.9849
229.5	108	19.0218
234	108	19.4632
238.5	108	17.9517
243	108	14.0579
247.5	108	9.52923
252	108	10.3158
256.5	108	10.2733
261	108	10.3815
265.5	108	9.36302
270	108	9.56071
274.5	108	9.67619
279	108	9.0068
283.5	108	8.699
288	108	9.32201
292.5	108	10.1689
297	108	10.7569
301.5	108	11.2398
306	108	9.89554
315	108	8.36679
319.5	108	10.1617
324	108	10.2157
328.5	108	9.55573
333	108	9.59441
337.5	108	9.20239
342	108	9.01769
346.5	108	8.42839
351	108	8.09966
355.5	108	5.84287
360	108	3.89083
364.5	108	2.55278
369	108	1.58438
373.5	108	1.0689
378	108	0.691607
382.5	108	0.468292
387	108	0.300209
391.5	108	0.186279
396	108	0.138048
400.5	108	0.096059
405	108	0.086695
409.5	108	0.099048
414	108	0.090948
418.5	108	0.082302
423	108	0.082755
427.5	108	0.093108
432	108	0.105974
436.5	108	0.117202
445.5	108	0.098244
-391.5	112.5	0.149637
-387	112.5	0.221549
-382.5	112.5	0.341307
-378	112.5	0.47412
-373.5	112.5	0.704559
-369	112.5	0.96677
-364.5	112.5	1.49907
-360	112.5	2.22813
-355.5	112.5	3.50263
-351	112.5	3.61437
-342	112.5	4.36257
-337.5	112.5	4.43006
-333	112.5	5.00646
-328.5	112.5	3.94123
-324	112.5	3.56564
-319.5	112.5	3.61135
-315	112.5	3.73047
-310.5	112.5	4.18975
-306	112.5	4.04783
-301.5	112.5	5.26206
-297	112.5	3.93687
-292.5	112.5	6.63288
-288	112.5	3.86048
-283.5	112.5	4.06132
-279	112.5	3.75886
-274.5	112.5	6.30116
-270	112.5	4.73428
-265.5	112.5	4.65948
-261	112.5	4.52765
-256.5	112.5	5.03088
-247.5	112.5	8.03042
-243	112.5	6.7616
-238.5	112.5	7.33458
-234	112.5	8.25077
-229.5	112.5	7.57557
-225	112.5	7.12594
-220.5	112.5	7.57416
-216	112.5	8.07119
-211.5	112.5	8.96146
-207	112.5	13.0069
-202.5	112.5	16.6063
-198	112.5	28.0004
-193.5	112.5	47.9097
-189	112.5	66.4435
-184.5	112.5	91.1992
-180	112.5	148.707
-175.5	112.5	215.246
-171	112.5	290.882
-166.5	112.5	450.078
-162	112.5	644.24
-157.5	112.5	910.504
-153	112.5	1472.87
-148.5	112.5	2340.33
-144	112.5	3784.14
-139.5	112.5	5224.69
-135	112.5	8493.14
-130.5	112.5	13124.6
-126	112.5	15735.1
-121.5	112.5	21408.2
-117	112.5	27191.5
-112.5	112.5	33830.5
-108	112.5	43479.1
-103.5	112.5	60651.6
-99	112.5	89280.7
-94.5	112.5	119449
-90	112.5	148305
-85.5	112.5	201879
-81	112.5	235733
-76.5	112.5	239000
-72	112.5	314749
-67.5	112.5	386914
-63	112.5	429415
-58.5	112.5	497526
-54	112.5	608553
-49.5	112.5	774871
-45	112.5	1.0761e+06
-40.5	112.5	1.32137e+06
-36	112.5	1.88886e+06
-31.5	112.5	2.7663e+06
-27	112.5	3.61977e+06
-22.5	112.5	4.79624e+06
-18	112.5	6.93098e+06
-13.5	112.5	1.07778e+07
-9	112.5	9.6163e+06
-4.5	112.5	1.03791e+07
0	112.5	1.21958e+07
4.5	112.5	1.33343e+07
9	112.5	1.47393e+07
13.5	112.5	1.57784e+07
18	112.5	1.59756e+07
22.5	112.5	1.6608e+07
27	112.5	1.70446e+07
31.5	112.5	1.68789e+07
36	112.5	1.61191e+07
40.5	112.5	1.55702e+07
45	112.5	1.44902e+07
49.5	112.5	1.36705e+07
54	112.5	1.24164e+07
58.5	112.5	1.09779e+07
63	112.5	9.68234e+06
67.5	112.5	8.43983e+06
72	112.5	6.89837e+06
76.5	112.5	6.02445e+06
81	112.5	4.69861e+06
85.5	112.5	3.71612e+06
90	112.5	2.63206e+06
94.5	112.5	1.66052e+06
99	112.5	964357
103.5	112.5	574372
108	112.5	346894
112.5	112.5	223876
117	112.5	158192
121.5	112.5	110534
126	112.5	79256.5
130.5	112.5	53697.5
135	112.5	34327.2
139.5	112.5	21828.4
144	112.5	14006.7
148.5	112.5	9733.39
153	112.5	6441.43
157.5	112.5	4360.45
162	112.5	2890.83
166.5	112.5	1820.3
171	112.5	1198.63
175.5	112.5	777.899
180	112.5	546.909
184.5	112.5	358.368
189	112.5	245.508
193.5	112.5	159.298
198	112.5	107.405
202.5	112.5	68.5287
207	112.5	47.0708
211.5	112.5	29.1598
216	112.5	24.4126
220.5	112.5	22.0679
225	112.5	21.085
229.5	112.5	21.3459
234	112.5	19.7354
238.5	112.5	20.5876
243	112.5	17.9296
247.5	112.5	15.1273
261	112.5	11.2998
265.5	112.5	11.4046
270	112.5	10.6171
274.5	112.5	10.6591
279	112.5	37.069
283.5	112.5	10.0058
288	112.5	11.7187
292.5	112.5	11.0076
297	112.5	10.0562
306	112.5	8.70568
310.5	112.5	9.59024
315	112.5	11.2775
319.5	112.5	10.3142
324	112.5	10.0241
328.5	112.5	10.4168
337.5	112.5	9.19725
342	112.5	8.91605
346.5	112.5	10.986
351	112.5	9.1977
355.5	112.5	6.49834
360	112.5	4.25537
364.5	112.5	2.73223
369	112.5	1.79607
373.5	112.5	1.1258
378	112.5	0.764715
382.5	112.5	0.475479
387	112.5	0.304522
391.5	112.5	0.1926
396	112.5	0.123361
400.5	112.5	0.080554
405	112.5	0.091235
409.5	112.5	0.087012
414	112.5	0.080817
418.5	112.5	0.094061
423	112.5	0.091627
427.5	112.5	0.093018
432	112.5	0.089632
436.5	112.5	0.091668
441	112.5	0.079267
445.5	112.5	0.090002
-391.5	117	0.166837
-387	117	0.226781
-382.5	117	0.307858
-378	117	0.430894
-373.5	117	0.676164
-369	117	0.968944
-364.5	117	1.47348
-360	117	2.51118
-355.5	117	3.42568
-351	117	3.83683
-346.5	117	3.56296
-342	117	4.38992
-337.5	117	3.74372
-333	117	3.8358
-328.5	117	3.51855
-324	117	3.87835
-319.5	117	3.90889
-315	117	3.46883
-310.5	117	3.28862
-306	117	3.5338
-301.5	117	4.81036
-297	117	5.6067
-292.5	117	4.21378
-288	117	3.77261
-283.5	117	4.26382
-279	117	5.21419
-274.5	117	4.8871
-270	117	4.37036
-265.5	117	5.18068
-261	117	5.62541
-256.5	117	6.02596
-247.5	117	6.87351
-243	117	6.7064
-238.5	117	7.63964
-234	117	7.1608
-229.5	117	9.42838
-225	117	7.62067
-220.5	117	7.78197
-216	117	8.06039
-211.5	117	8.21725
-207	117	9.7035
-202.5	117	14.1314
-198	117	23.356
-193.5	117	32.2935
-189	117	49.2669
-184.5	117	60.9874
-180	117	110.747
-175.5	117	148.007
-171	117	229.532
-166.5	117	279.865
-162	117	448.551
-157.5	117	687.167
-153	117	1038.54
-148.5	117	1580.5
-144	117	2234.71
-139.5	117	3216.61
-135	117	5344.24
-130.5	117	8417.8
-126	117	12826.7
-121.5	117	16788.3
-112.5	117	23917.4
-108	117	31170
-103.5	117	36740.7
-94.5	117	56083.5
-90	117	76452.4
-85.5	117	94328.9
-81	117	86899.7
-76.5	117	95805.6
-72	117	126266
-67.5	117	154956
-63	117	156079
-58.5	117	204811
-54	117	245446
-49.5	117	346609
-45	117	487035
-40.5	117	596884
-36	117	859574
-31.5	117	1.18113e+06
-27	117	1.45735e+06
-22.5	117	2.08821e+06
-18	117	3.01246e+06
-13.5	117	4.47212e+06
-9	117	3.9262e+06
-4.5	117	4.25534e+06
0	117	4.88943e+06
4.5	117	5.21733e+06
9	117	5.88582e+06
13.5	117	6.42898e+06
18	117	6.39911e+06
22.5	117	6.46385e+06
27	117	6.75695e+06
31.5	117	6.8429e+06
36	117	6.50362e+06
40.5	117	6.2179e+06
45	117	6.0664e+06
49.5	117	5.52465e+06
54	117	5.19223e+06
58.5	117	4.48009e+06
63	117	4.04896e+06
67.5	117	3.29699e+06
72	117	2.75916e+06
76.5	117	2.3949e+06
81	117	2.08285e+06
85.5	117	1.62532e+06
90	117	1.21412e+06
94.5	117	887330
99	117	600513
103.5	117	400222
108	117	266444
112.5	117	178606
117	117	125780
121.5	117	93288.6
126	117	62252.2
130.5	117	39896.5
135	117	25022.3
139.5	117	17027.2
144	117	11330.4
148.5	117	7539.9
153	117	5038.36
157.5	117	3399.71
162	117	2324.07
166.5	117	1533.91
171	117	991.052
175.5	117	675.268
180	117	424.806
184.5	117	294.114
189	117	199.063
193.5	117	136.365
198	117	89.808
202.5	117	57.1729
207	117	36.2863
211.5	117	26.9621
216	117	26.2154
220.5	117	25.4604
225	117	22.892
229.5	117	20.7158
234	117	20.4515
243	117	17.7779
247.5	117	18.8008
252	117	16.7732
256.5	117	14.439
261	117	16.4872
270	117	11.621
274.5	117	10.6346
279	117	11.2457
283.5	117	13.0971
288	117	11.0533
292.5	117	10.0522
297	117	9.64981
306	117	10.4747
310.5	117	9.63773
315	117	10.6264
319.5	117	10.0014
324	117	9.68459
328.5	117	9.4574
333	117	9.83924
337.5	117	10.5456
342	117	10.1277
346.5	117	10.5694
351	117	7.9113
355.5	117	5.54014
360	117	4.07365
364.5	117	2.89409
369	117	1.73286
373.5	117	1.18777
378	117	0.736561
382.5	117	0.487122
387	117	0.356852
391.5	117	0.203492
396	117	0.142657
400.5	117	0.093175
405	117	0.086444
409.5	117	0.12413
414	117	0.092754
418.5	117	0.074086
423	117	0.076078
427.5	117	0.0873
432	117	0.097489
436.5	117	0.086131
441	117	0.085095
445.5	117	0.080948
-382.5	121.5	0.319878
-378	121.5	0.488068
-373.5	121.5	0.830636
-369	121.5	1.1103
-364.5	121.5	1.58484
-360	121.5	2.50011
-355.5	121.5	3.56341
-351	121.5	3.80079
-346.5	121.5	3.77145
-342	121.5	3.73312
-337.5	121.5	4.03157
-333	121.5	3.74585
-328.5	121.5	3.96452
-324	121.5	3.88618
-319.5	121.5	3.63221
-315	121.5	3.8702
-310.5	121.5	9.47354
-306	121.5	3.67948
-301.5	121.5	3.88873
-297	121.5	3.7022
-288	121.5	3.74215
-283.5	121.5	4.39004
-279	121.5	4.23533
-274.5	121.5	4.33877
-270	121.5	4.8981
-265.5	121.5	6.43543
-261	121.5	5.0823
-256.5	121.5	5.97593
-252	121.5	6.98829
-247.5	121.5	7.01443
-243	121.5	7.34719
-238.5	121.5	8.68107
-234	121.5	8.28604
-229.5	121.5	7.56002
-225	121.5	8.10423
-220.5	121.5	8.57041
-216	121.5	9.19526
-207	121.5	9.29536
-202.5	121.5	12.6363
-198	121.5	18.274
-193.5	121.5	23.0942
-189	121.5	31.3888
-184.5	121.5	45.6192
-180	121.5	68.9133
-175.5	121.5	93.0527
-171	121.5	141.19
-166.5	121.5	198.762
-162	121.5	290.81
-157.5	121.5	399.456
-153	121.5	664.314
-148.5	121.5	1084.39
-144	121.5	1368.54
-139.5	121.5	2239.49
-135	121.5	3429.46
-130.5	121.5	5536.27
-126	121.5	10129.8
-117	121.5	14793.8
-112.5	121.5	20033.2
-108	121.5	22993.9
-81	121.5	54698.5
-76.5	121.5	64091.8
-72	121.5	81890.8
-67.5	121.5	85414.3
-63	121.5	99396.2
-58.5	121.5	133460
-54	121.5	167581
-49.5	121.5	205844
-45	121.5	275681
-40.5	121.5	368676
-36	121.5	482490
-31.5	121.5	592939
-27	121.5	803800
-22.5	121.5	1.06894e+06
-18	121.5	1.4619e+06
-13.5	121.5	2.08698e+06
-9	121.5	1.8526e+06
-4.5	121.5	2.0085e+06
0	121.5	2.2161e+06
4.5	121.5	2.4145e+06
9	121.5	2.66759e+06
13.5	121.5	2.82512e+06
18	121.5	2.94471e+06
22.5	121.5	2.91883e+06
27	121.5	2.9793e+06
31.5	121.5	3.12094e+06
36	121.5	2.96506e+06
40.5	121.5	2.81816e+06
45	121.5	2.68837e+06
49.5	121.5	2.51749e+06
54	121.5	2.40031e+06
58.5	121.5	2.04244e+06
63	121.5	1.8714e+06
67.5	121.5	1.59842e+06
72	121.5	1.36055e+06
76.5	121.5	1.14291e+06
81	121.5	979920
85.5	121.5	805052
90	121.5	661319
94.5	121.5	496361
99	121.5	376102
103.5	121.5	278168
108	121.5	202395
112.5	121.5	142233
117	121.5	105559
121.5	121.5	71006.3
126	121.5	45092.2
130.5	121.5	28361.7
135	121.5	19558.3
139.5	121.5	13066.8
144	121.5	8908.83
148.5	121.5	5931.54
153	121.5	3998.12
157.5	121.5	2755.93
162	121.5	1756.97
166.5	121.5	1231.22
171	121.5	811.845
175.5	121.5	556.313
180	121.5	371.241
184.5	121.5	240.002
189	121.5	161.014
193.5	121.5	107.817
198	121.5	68.2466
202.5	121.5	46.6711
207	121.5	32.4851
211.5	121.5	29.5539
216	121.5	27.3401
220.5	121.5	26.0619
225	121.5	24.7352
229.5	121.5	24.3696
234	121.5	22.972
238.5	121.5	20.3615
243	121.5	19.0791
252	121.5	24.2888
256.5	121.5	15.8447
261	121.5	14.0529
265.5	121.5	14.5386
270	121.5	13.0814
274.5	121.5	13.4538
279	121.5	12.8293
283.5	121.5	11.2413
288	121.5	13.0852
292.5	121.5	10.4865
297	121.5	10.8883
301.5	121.5	10.3216
306	121.5	10.484
310.5	121.5	10.0468
315	121.5	9.87899
319.5	121.5	9.51443
324	121.5	9.77441
328.5	121.5	9.84056
333	121.5	9.79137
337.5	121.5	10.3336
342	121.5	9.89222
346.5	121.5	9.72416
351	121.5	8.62001
355.5	121.5	6.74956
360	121.5	4.30179
364.5	121.5	2.83157
369	121.5	1.69349
373.5	121.5	1.13257
378	121.5	0.77416
382.5	121.5	0.478922
387	121.5	0.314658
391.5	121.5	0.207279
396	121.5	0.125091
400.5	121.5	0.084132
405	121.5	0.089989
409.5	121.5	0.101983
414	121.5	0.09144
418.5	121.5	0.083028
423	121.5	0.080274
427.5	121.5	0.079639
432	121.5	0.0956
436.5	121.5	0.095411
441	121.5	0.096874
445.5	121.5	0.089399
-378	126	0.675672
-373.5	126	0.788244
-369	126	1.08106
-364.5	126	1.79159
-360	126	2.59898
-355.5	126	3.86514
-351	126	3.93629
-346.5	126	3.84764
-342	126	3.76902
-337.5	126	3.88161
-333	126	4.61124
-328.5	126	4.95924
-319.5	126	4.48219
-315	126	3.77433
-310.5	126	4.01949
-306	126	4.35481
-301.5	126	4.08574
-297	126	3.8549
-292.5	126	4.16311
-288	126	5.18772
-283.5	126	4.1207
-279	126	4.61451
-274.5	126	5.82604
-270	126	5.14509
-265.5	126	6.79081
-261	126	7.70015
-256.5	126	6.23962
-252	126	6.3702
-247.5	126	7.28926
-243	126	7.99442
-238.5	126	7.62083
-234	126	8.24032
-229.5	126	7.9491
-225	126	7.37526
-220.5	126	7.67424
-216	126	8.29997
-211.5	126	8.25985
-207	126	9.37992
-202.5	126	10.4498
-193.5	126	17.2161
-189	126	22.7151
-184.5	126	29.4907
-180	126	49.1155
-175.5	126	69.7965
-171	126	86.4224
-166.5	126	156.112
-162	126	228.974
-157.5	126	375.761
-153	126	589.283
-148.5	126	726.609
-144	126	1289.25
-139.5	126	1481.62
-135	126	2331.07
-130.5	126	3171.91
-121.5	126	8774.78
-117	126	13241.1
-112.5	126	16172.5
-108	126	19351.3
-85.5	126	38204.7
-81	126	44275.3
-72	126	52312.9
-67.5	126	60746.1
-63	126	75684.9
-58.5	126	97504.9
-54	126	115168
-49.5	126	150344
-45	126	195214
-40.5	126	245395
-36	126	286115
-31.5	126	352132
-27	126	465554
-22.5	126	592729
-18	126	753908
-13.5	126	1.11207e+06
-9	126	985190
-4.5	126	1.04466e+06
0	126	1.13233e+06
4.5	126	1.22027e+06
9	126	1.33871e+06
13.5	126	1.38605e+06
18	126	1.43608e+06
22.5	126	1.44681e+06
27	126	1.47712e+06
31.5	126	1.51874e+06
36	126	1.4761e+06
40.5	126	1.42008e+06
45	126	1.33765e+06
49.5	126	1.25181e+06
54	126	1.19035e+06
58.5	126	1.07907e+06
63	126	935076
67.5	126	823977
72	126	725703
76.5	126	606894
81	126	512424
85.5	126	442660
90	126	372133
94.5	126	324950
99	126	254810
103.5	126	206119
108	126	154959
112.5	126	116613
117	126	82695.1
121.5	126	54612.8
126	126	35836.2
130.5	126	23144
135	126	15263.7
139.5	126	10338.9
144	126	7168.32
148.5	126	4851.4
153	126	3257.71
157.5	126	2209.88
162	126	1479.3
166.5	126	989.597
171	126	654.733
175.5	126	453.278
180	126	291.901
184.5	126	196.961
189	126	131.009
193.5	126	87.8746
198	126	53.4341
202.5	126	38.8198
207	126	34.9009
211.5	126	32.0757
216	126	30.4825
225	126	26.3314
229.5	126	25.2744
234	126	23.528
238.5	126	22.4087
243	126	21.9718
247.5	126	20.6929
252	126	19.3515
256.5	126	18.9348
261	126	17.6781
265.5	126	16.7629
270	126	14.823
274.5	126	14.6717
279	126	13.8741
283.5	126	16.6519
288	126	12.2883
292.5	126	11.7757
297	126	11.2387
301.5	126	10.126
306	126	10.2917
310.5	126	10.3242
315	126	10.9304
319.5	126	10.5703
328.5	126	9.48556
333	126	9.74739
337.5	126	10.0416
346.5	126	10.1057
351	126	9.29346
355.5	126	6.90716
360	126	4.54789
364.5	126	2.73856
369	126	1.69423
373.5	126	1.1379
378	126	0.777498
382.5	126	0.487266
387	126	0.337915
391.5	126	0.211277
396	126	0.138105
400.5	126	0.09095
405	126	0.09669
409.5	126	0.097941
414	126	0.094925
418.5	126	0.093023
423	126	0.083117
427.5	126	0.085272
432	126	0.084351
436.5	126	0.085184
441	126	0.088104
445.5	126	0.093368
-373.5	130.5	0.761112
-369	130.5	1.17487
-364.5	130.5	1.6275
-360	130.5	2.13232
-355.5	130.5	3.67294
-351	130.5	4.02024
-346.5	130.5	4.61402
-342	130.5	4.22007
-337.5	130.5	3.70081
-333	130.5	3.93086
-324	130.5	4.35503
-315	130.5	4.27935
-310.5	130.5	4.14493
-306	130.5	13.8083
-301.5	130.5	4.14933
-297	130.5	4.22136
-292.5	130.5	4.95173
-283.5	130.5	4.74563
-279	130.5	6.05291
-274.5	130.5	5.76892
-270	130.5	6.21065
-265.5	130.5	6.3816
-261	130.5	6.79426
-256.5	130.5	5.88839
-252	130.5	5.77906
-247.5	130.5	6.33976
-243	130.5	7.1765
-238.5	130.5	7.53475
-234	130.5	7.84798
-229.5	130.5	7.83185
-225	130.5	8.25047
-220.5	130.5	8.4702
-211.5	130.5	10.2724
-207	130.5	8.79086
-202.5	130.5	9.35285
-193.5	130.5	14.1919
-189	130.5	16.7853
-184.5	130.5	28.3679
-180	130.5	41.0847
-175.5	130.5	51.9012
-171	130.5	83.1841
-166.5	130.5	104.302
-162	130.5	176.731
-157.5	130.5	281.155
-153	130.5	347.701
-148.5	130.5	580.72
-144	130.5	712.827
-139.5	130.5	1018.68
-135	130.5	1570
-130.5	130.5	2604.13
-126	130.5	3881.59
-121.5	130.5	6400.17
-117	130.5	11851.5
-112.5	130.5	14095.6
-108	130.5	14535.8
-90	130.5	26521.1
-85.5	130.5	28652.4
-81	130.5	31575.3
-72	130.5	40219.5
-67.5	130.5	48315.4
-63	130.5	57594.8
-58.5	130.5	70433.1
-54	130.5	87811.8
-49.5	130.5	114853
-45	130.5	148853
-40.5	130.5	157313
-36	130.5	185472
-31.5	130.5	228393
-27	130.5	289011
-22.5	130.5	349775
-18	130.5	432499
-13.5	130.5	661593
-9	130.5	548290
-4.5	130.5	581366
0	130.5	639995
4.5	130.5	655977
9	130.5	720344
13.5	130.5	758977
18	130.5	752695
22.5	130.5	783325
27	130.5	797496
31.5	130.5	803409
36	130.5	779705
40.5	130.5	757528
45	130.5	730339
49.5	130.5	666756
54	130.5	654108
58.5	130.5	611149
63	130.5	525719
67.5	130.5	449684
72	130.5	403577
76.5	130.5	358724
81	130.5	302718
85.5	130.5	262516
90	130.5	229209
94.5	130.5	198698
99	130.5	185142
103.5	130.5	152460
108	130.5	128230
112.5	130.5	89084.3
117	130.5	60627.7
121.5	130.5	40916.1
126	130.5	27044.3
130.5	130.5	17915.3
135	130.5	11924.8
139.5	130.5	7972.03
144	130.5	5350.79
148.5	130.5	3705.33
153	130.5	2486.19
157.5	130.5	1794.28
162	130.5	1182.75
166.5	130.5	788.196
171	130.5	534.169
175.5	130.5	359.921
180	130.5	242.407
184.5	130.5	158.801
189	130.5	102.625
193.5	130.5	64.3881
198	130.5	46.8684
202.5	130.5	39.9281
207	130.5	38.0281
211.5	130.5	35.6181
216	130.5	39.0717
220.5	130.5	32.0994
225	130.5	29.5144
229.5	130.5	28.6075
234	130.5	26.4258
238.5	130.5	25.9655
243	130.5	22.7448
247.5	130.5	21.5539
252	130.5	21.0411
256.5	130.5	19.9514
261	130.5	18.2427
265.5	130.5	16.981
270	130.5	16.1669
274.5	130.5	15.6273
279	130.5	15.7716
283.5	130.5	17.3804
288	130.5	13.9816
292.5	130.5	12.4991
297	130.5	12.5039
301.5	130.5	12.1393
306	130.5	10.6161
310.5	130.5	10.7746
315	130.5	20.8794
319.5	130.5	11.2779
324	130.5	10.3411
328.5	130.5	10.358
333	130.5	12.0921
337.5	130.5	11.6475
346.5	130.5	11.7262
355.5	130.5	6.6633
360	130.5	4.57802
364.5	130.5	2.97619
369	130.5	1.92557
373.5	130.5	1.29561
378	130.5	0.870815
382.5	130.5	0.535046
387	130.5	0.344676
391.5	130.5	0.234414
396	130.5	0.154278
400.5	130.5	0.091892
405	130.5	0.097998
409.5	130.5	0.088565
414	130.5	0.111819
418.5	130.5	0.112817
423	130.5	0.12076
427.5	130.5	0.118091
432	130.5	0.103927
436.5	130.5	0.085239
441	130.5	0.084776
445.5	130.5	0.090001
-369	135	1.29722
-364.5	135	1.94663
-360	135	2.77993
-355.5	135	4.06852
-351	135	4.23977
-346.5	135	3.86111
-342	135	4.38302
-337.5	135	4.52041
-333	135	4.1785
-328.5	135	4.43907
-324	135	4.61974
-319.5	135	4.37854
-315	135	4.27711
-310.5	135	5.17109
-306	135	4.66923
-301.5	135	4.5007
-297	135	8.17088
-292.5	135	4.74263
-288	135	5.00193
-283.5	135	4.88647
-279	135	5.07859
-274.5	135	6.12523
-270	135	6.59736
-265.5	135	5.90644
-261	135	5.82874
-256.5	135	6.35108
-252	135	10.5449
-247.5	135	6.39511
-243	135	7.45927
-238.5	135	8.36119
-234	135	8.15268
-229.5	135	8.30984
-225	135	7.9417
-220.5	135	8.16175
-216	135	8.73453
-211.5	135	9.56652
-207	135	8.72812
-202.5	135	9.36876
-198	135	9.9078
-193.5	135	10.7687
-189	135	15.1477
-184.5	135	20.4106
-180	135	27.2118
-175.5	135	43.0837
-171	135	51.9289
-166.5	135	84.0284
-162	135	138.552
-157.5	135	182.59
-153	135	263.56
-148.5	135	401.777
-144	135	521.863
-139.5	135	719.411
-135	135	1052.78
-130.5	135	1611.35
-126	135	2637.89
-121.5	135	3936.46
-117	135	6034.49
-112.5	135	9083.13
-94.5	135	16544.9
-90	135	22576.2
-85.5	135	23075.7
-81	135	24469.6
-76.5	135	28314.3
-72	135	33054.3
-67.5	135	39184.8
-63	135	48771.7
-58.5	135	54689.8
-54	135	77445.6
-49.5	135	91319.8
-45	135	100949
-40.5	135	107343
-36	135	123402
-31.5	135	155847
-27	135	188062
-22.5	135	218084
-18	135	263865
-13.5	135	443611
-9	135	330962
-4.5	135	352030
0	135	372597
4.5	135	389912
9	135	416279
13.5	135	431653
18	135	433916
22.5	135	452155
27	135	461032
31.5	135	461170
36	135	451621
40.5	135	443467
45	135	424676
49.5	135	387481
54	135	374518
58.5	135	351347
63	135	321236
67.5	135	275060
72	135	244985
76.5	135	221556
81	135	198644
85.5	135	166053
90	135	147615
94.5	135	135923
99	135	120619
103.5	135	117422
108	135	91732.7
112.5	135	64970.3
117	135	43825.5
121.5	135	30878.5
126	135	21204.1
130.5	135	14304.1
135	135	9609.36
139.5	135	6328.08
144	135	4146.79
148.5	135	2896.75
153	135	2002.49
157.5	135	1365.9
162	135	953.053
166.5	135	640.965
171	135	420.531
175.5	135	292.266
180	135	194.491
184.5	135	126.731
189	135	80.0244
193.5	135	61.4411
198	135	48.6172
202.5	135	42.8435
207	135	40.5255
211.5	135	38.4678
216	135	35.037
220.5	135	32.393
225	135	30.8757
229.5	135	27.2814
234	135	26.759
238.5	135	26.1831
243	135	23.7135
247.5	135	23.4416
252	135	22.0552
256.5	135	21.0674
261	135	22.9185
265.5	135	18.5434
270	135	18.6395
274.5	135	17.2425
279	135	15.1141
283.5	135	13.9459
288	135	14.0941
292.5	135	13.5894
297	135	13.05
301.5	135	13.5293
306	135	11.7231
310.5	135	11.7501
315	135	11.1592
319.5	135	12.3028
324	135	10.555
328.5	135	10.1352
333	135	13.0415
337.5	135	13.6413
342	135	10.5481
346.5	135	11.1754
351	135	10.9712
355.5	135	6.51681
360	135	4.15953
364.5	135	2.84682
369	135	1.97989
373.5	135	1.22117
378	135	0.864664
382.5	135	0.5844
387	135	0.405732
391.5	135	0.251195
396	135	0.134344
400.5	135	0.09371
405	135	0.09622
409.5	135	0.085246
414	135	0.084669
418.5	135	0.085374
423	135	0.093647
427.5	135	0.094824
432	135	0.087199
436.5	135	0.090515
441	135	0.089383
445.5	135	0.087955
-369	139.5	1.20321
-364.5	139.5	1.81001
-360	139.5	2.676
-351	139.5	5.17861
-346.5	139.5	4.46456
-342	139.5	4.30685
-337.5	139.5	4.31949
-333	139.5	4.53033
-328.5	139.5	5.71399
-324	139.5	4.29808
-319.5	139.5	4.97018
-315	139.5	4.64126
-306	139.5	4.82944
-301.5	139.5	5.15905
-297	139.5	4.97304
-292.5	139.5	7.51884
-288	139.5	5.70108
-283.5	139.5	5.35331
-279	139.5	5.39994
-274.5	139.5	6.07975
-270	139.5	6.06676
-265.5	139.5	5.78874
-256.5	139.5	6.97445
-252	139.5	6.54544
-247.5	139.5	7.79755
-243	139.5	7.14457
-238.5	139.5	7.66992
-234	139.5	8.3935
-229.5	139.5	7.37179
-225	139.5	8.78632
-220.5	139.5	9.07875
-216	139.5	9.73845
-211.5	139.5	9.16485
-202.5	139.5	9.98396
-198	139.5	11.4887
-193.5	139.5	10.5567
-189	139.5	11.2907
-184.5	139.5	13.7312
-180	139.5	20.7203
-175.5	139.5	31.067
-171	139.5	42.0427
-166.5	139.5	59.8225
-162	139.5	91.7072
-157.5	139.5	125.859
-153	139.5	190.692
-148.5	139.5	284.408
-144	139.5	325.224
-139.5	139.5	527.75
-135	139.5	746.083
-130.5	139.5	1175.67
-126	139.5	1744.04
-121.5	139.5	2094.23
-117	139.5	3366.29
-112.5	139.5	4761.74
-94.5	139.5	13996.8
-90	139.5	14671.1
-85.5	139.5	18458.9
-81	139.5	21885.9
-76.5	139.5	24415.7
-72	139.5	30452.8
-67.5	139.5	32722.7
-63	139.5	37846.6
-58.5	139.5	50194.2
-54	139.5	61383.6
-49.5	139.5	68330.1
-45	139.5	70698.8
-40.5	139.5	74643.4
-36	139.5	89779.1
-31.5	139.5	106182
-27	139.5	126745
-22.5	139.5	150438
-18	139.5	176472
-13.5	139.5	294934
-9	139.5	216059
-4.5	139.5	224379
0	139.5	237043
4.5	139.5	247705
9	139.5	258094
13.5	139.5	270926
18	139.5	274492
22.5	139.5	277089
27	139.5	285991
31.5	139.5	285438
36	139.5	276112
40.5	139.5	276135
45	139.5	262190
49.5	139.5	247676
54	139.5	233091
58.5	139.5	221916
63	139.5	209990
67.5	139.5	182895
72	139.5	158377
76.5	139.5	145984
81	139.5	132991
85.5	139.5	116626
90	139.5	106766
94.5	139.5	92412.5
99	139.5	88247.1
103.5	139.5	75742
108	139.5	63762.1
112.5	139.5	43721.3
117	139.5	33536.7
121.5	139.5	22847.8
126	139.5	15969.4
130.5	139.5	11178.8
135	139.5	7521.4
139.5	139.5	5090.51
144	139.5	3458.47
148.5	139.5	2305.07
153	139.5	1572.82
157.5	139.5	1074.2
162	139.5	734.731
166.5	139.5	509.057
171	139.5	342.716
175.5	139.5	229.557
180	139.5	153.43
184.5	139.5	94.1208
189	139.5	63.6754
193.5	139.5	62.3569
198	139.5	51.2444
202.5	139.5	46.6848
207	139.5	43.4041
211.5	139.5	39.5719
216	139.5	35.9837
225	139.5	31.2378
229.5	139.5	29.5375
234	139.5	28.8536
238.5	139.5	27.5056
243	139.5	23.7162
247.5	139.5	25.8634
252	139.5	24.8087
256.5	139.5	23.9056
261	139.5	20.3929
265.5	139.5	19.333
270	139.5	25.3689
274.5	139.5	17.7205
279	139.5	16.5723
288	139.5	14.8311
297	139.5	13.2697
306	139.5	13.2756
310.5	139.5	16.1984
315	139.5	12.5889
319.5	139.5	11.6994
324	139.5	11.3979
328.5	139.5	10.0016
333	139.5	10.6108
337.5	139.5	10.3477
342	139.5	11.3806
346.5	139.5	10.0783
351	139.5	10.5378
355.5	139.5	7.08822
360	139.5	4.25542
364.5	139.5	2.80022
369	139.5	1.88023
373.5	139.5	1.22972
378	139.5	0.810868
382.5	139.5	0.569151
387	139.5	0.3458
391.5	139.5	0.22026
396	139.5	0.14172
400.5	139.5	0.097215
405	139.5	0.116184
409.5	139.5	0.129229
414	139.5	0.080344
418.5	139.5	0.086844
423	139.5	0.100262
427.5	139.5	0.099044
432	139.5	0.092011
436.5	139.5	0.078742
441	139.5	0.077171
445.5	139.5	0.077768
-369	144	1.11783
-364.5	144	1.75569
-360	144	2.48229
-355.5	144	4.07797
-351	144	4.79832
-346.5	144	5.23325
-342	144	4.38944
-337.5	144	4.27629
-333	144	4.42741
-328.5	144	5.35367
-324	144	4.26242
-319.5	144	5.22136
-315	144	5.06166
-310.5	144	5.36148
-306	144	4.78413
-301.5	144	6.60165
-292.5	144	5.06024
-288	144	5.34712
-283.5	144	5.65907
-279	144	6.97446
-270	144	6.45367
-265.5	144	6.60038
-252	144	6.50931
-247.5	144	6.48838
-243	144	7.98972
-238.5	144	7.8174
-234	144	8.16539
-229.5	144	9.39622
-225	144	8.65655
-220.5	144	8.95032
-216	144	9.11159
-211.5	144	9.59142
-207	144	9.21867
-202.5	144	10.2211
-198	144	11.3567
-193.5	144	10.3136
-189	144	10.6733
-184.5	144	13.8468
-180	144	19.8159
-175.5	144	22.992
-171	144	30.2347
-166.5	144	40.6785
-162	144	62.4145
-157.5	144	82.6436
-153	144	127.873
-148.5	144	170.502
-139.5	144	406.507
-135	144	524.013
-130.5	144	793.349
-126	144	1067.83
-121.5	144	1825.29
-117	144	2268.37
-99	144	7736.22
-94.5	144	7273.98
-90	144	10210.8
-85.5	144	13210.6
-81	144	14460.7
-76.5	144	18253.7
-72	144	21594.9
-67.5	144	23796.1
-63	144	29893.2
-58.5	144	35638.3
-54	144	42554.5
-49.5	144	42825.8
-45	144	45028.5
-40.5	144	51354.5
-36	144	59085
-31.5	144	70639.8
-27	144	78333.8
-22.5	144	97266.8
-18	144	114686
-13.5	144	223093
-9	144	138676
-4.5	144	145625
0	144	148581
4.5	144	154103
9	144	163361
13.5	144	173635
18	144	170671
22.5	144	175013
27	144	180292
31.5	144	180019
36	144	170837
40.5	144	174030
45	144	172456
49.5	144	158628
54	144	146483
58.5	144	138087
63	144	130358
67.5	144	118081
72	144	105603
76.5	144	93120.4
81	144	86757.5
85.5	144	75342.7
90	144	65499.6
94.5	144	60490.8
99	144	58146.5
103.5	144	49319.3
108	144	40761.5
112.5	144	32116
117	144	22491.4
121.5	144	17212.1
126	144	11933.5
130.5	144	8327.05
135	144	5760.94
139.5	144	3935.1
144	144	2702.6
148.5	144	1883.08
153	144	1268.12
157.5	144	860.273
162	144	576.465
166.5	144	394.328
171	144	259.914
175.5	144	173.344
180	144	109.944
184.5	144	72.4382
189	144	64.6132
193.5	144	58.3987
198	144	56.2678
202.5	144	53.4997
207	144	47.9349
211.5	144	46.9216
216	144	38.7622
220.5	144	37.2513
225	144	33.9879
229.5	144	32.246
234	144	29.2454
238.5	144	28.1855
243	144	25.553
247.5	144	22.9311
252	144	22.7748
256.5	144	23.6484
261	144	23.5556
265.5	144	18.9927
270	144	18.9047
274.5	144	19.6598
279	144	16.8727
283.5	144	17.257
288	144	15.2591
292.5	144	14.4272
297	144	13.4295
306	144	14.2387
315	144	11.8267
319.5	144	12.4521
324	144	12.2899
328.5	144	11.0324
333	144	11.5373
337.5	144	11.3432
342	144	11.1728
346.5	144	10.6721
351	144	9.1194
355.5	144	7.06689
360	144	4.24502
364.5	144	2.96046
369	144	2.01577
373.5	144	1.37607
378	144	0.924283
382.5	144	0.600057
387	144	0.414307
391.5	144	0.244189
396	144	0.140809
400.5	144	0.101239
405	144	0.096924
409.5	144	0.110982
414	144	0.107198
418.5	144	0.10183
423	144	0.097124
427.5	144	0.090618
432	144	0.081245
436.5	144	0.087114
441	144	0.082769
445.5	144	0.078521
-369	148.5	1.17882
-364.5	148.5	1.76538
-360	148.5	2.55948
-355.5	148.5	3.33937
-351	148.5	4.32617
-346.5	148.5	4.57844
-342	148.5	4.44335
-337.5	148.5	4.52312
-333	148.5	4.5689
-328.5	148.5	4.43925
-324	148.5	4.56669
-319.5	148.5	4.78882
-315	148.5	4.70756
-310.5	148.5	5.14057
-306	148.5	5.09799
-301.5	148.5	6.86788
-297	148.5	6.16467
-292.5	148.5	5.39893
-283.5	148.5	5.34436
-279	148.5	5.59153
-270	148.5	7.71792
-265.5	148.5	7.0372
-261	148.5	6.8202
-256.5	148.5	6.77442
-252	148.5	6.63062
-247.5	148.5	7.05976
-243	148.5	9.00209
-238.5	148.5	7.96437
-229.5	148.5	8.93702
-225	148.5	8.67525
-216	148.5	10.0795
-211.5	148.5	9.78374
-207	148.5	9.89454
-202.5	148.5	10.6072
-198	148.5	10.1153
-193.5	148.5	10.878
-189	148.5	11.5223
-184.5	148.5	12.1614
-175.5	148.5	16.9384
-171	148.5	21.4741
-166.5	148.5	28.6568
-162	148.5	40.7328
-157.5	148.5	59.9725
-153	148.5	89.51
-148.5	148.5	132.969
-144	148.5	171.392
-139.5	148.5	248.274
-135	148.5	356.318
-130.5	148.5	595.875
-126	148.5	728.525
-121.5	148.5	959.169
-117	148.5	1775.2
-108	148.5	2897.09
-103.5	148.5	3699.67
-99	148.5	4431.34
-94.5	148.5	4410.85
-90	148.5	4718.48
-85.5	148.5	7505.71
-81	148.5	8434.5
-76.5	148.5	10593.9
-72	148.5	11124
-67.5	148.5	15498
-63	148.5	16860.7
-58.5	148.5	20580.8
-54	148.5	21763.5
-49.5	148.5	22058.5
-45	148.5	24898.3
-40.5	148.5	30554.2
-36	148.5	35981.9
-31.5	148.5	41920.3
-27	148.5	48936.7
-22.5	148.5	61483.3
-18	148.5	73647.7
-13.5	148.5	154879
-9	148.5	93173.4
-4.5	148.5	90775.1
0	148.5	87549
4.5	148.5	94810.8
9	148.5	99543.9
13.5	148.5	106372
18	148.5	104064
22.5	148.5	108991
27	148.5	109752
31.5	148.5	107436
36	148.5	107704
40.5	148.5	104822
45	148.5	102640
49.5	148.5	96446.3
54	148.5	89952.8
58.5	148.5	83561.3
63	148.5	79504.7
67.5	148.5	70710.1
72	148.5	63582.2
76.5	148.5	57443.8
81	148.5	50254.8
85.5	148.5	45521.7
90	148.5	37962.2
94.5	148.5	33566.7
99	148.5	32676
103.5	148.5	29658.3
108	148.5	25167.3
112.5	148.5	20940.2
117	148.5	16431.2
121.5	148.5	11484.8
126	148.5	8759.1
130.5	148.5	6265.02
135	148.5	4378.24
139.5	148.5	3003.53
144	148.5	2088.61
148.5	148.5	1434.67
153	148.5	997.335
157.5	148.5	675.597
162	148.5	455.396
166.5	148.5	304.617
171	148.5	202.941
175.5	148.5	130.679
180	148.5	85.7482
184.5	148.5	73.581
189	148.5	72.6107
193.5	148.5	62.3478
198	148.5	57.6865
202.5	148.5	52.2372
207	148.5	50.3479
216	148.5	40.8251
220.5	148.5	44.1737
225	148.5	35.9121
229.5	148.5	33.5859
234	148.5	34.6851
238.5	148.5	27.9707
243	148.5	27.3064
247.5	148.5	24.8614
252	148.5	24.2902
256.5	148.5	23.3936
261	148.5	21.1167
265.5	148.5	20.8521
270	148.5	18.5833
274.5	148.5	19.0091
279	148.5	18.0769
283.5	148.5	17.643
292.5	148.5	17.2152
297	148.5	15.6489
301.5	148.5	13.2068
306	148.5	12.8921
315	148.5	12.7961
319.5	148.5	12.3569
324	148.5	12.0614
333	148.5	12.5789
337.5	148.5	12.3577
342	148.5	11.4611
346.5	148.5	11.423
351	148.5	9.28434
355.5	148.5	7.33766
360	148.5	4.84372
364.5	148.5	3.20394
369	148.5	2.1605
373.5	148.5	1.4886
378	148.5	0.898324
382.5	148.5	0.64684
387	148.5	0.430827
391.5	148.5	0.271474
396	148.5	0.153459
400.5	148.5	0.111319
405	148.5	0.118524
409.5	148.5	0.110253
414	148.5	0.095509
418.5	148.5	0.103974
423	148.5	0.095869
427.5	148.5	0.090439
432	148.5	0.094299
436.5	148.5	0.089378
441	148.5	0.083527
445.5	148.5	0.079961
-369	153	1.12383
-364.5	153	1.70679
-360	153	2.43811
-355.5	153	3.36729
-351	153	4.28822
-346.5	153	4.76124
-342	153	5.12384
-337.5	153	15.9142
-333	153	4.2286
-328.5	153	4.54672
-324	153	4.60633
-319.5	153	4.86507
-315	153	4.45463
-310.5	153	4.92292
-306	153	4.724
-301.5	153	5.66534
-297	153	5.88706
-292.5	153	5.46693
-288	153	5.50935
-283.5	153	6.48332
-279	153	6.11615
-274.5	153	6.09062
-270	153	5.67364
-265.5	153	6.49691
-261	153	6.52221
-256.5	153	6.73859
-252	153	6.83033
-247.5	153	8.09764
-238.5	153	7.80414
-234	153	8.32728
-229.5	153	8.22643
-216	153	10.132
-211.5	153	9.81387
-207	153	10.3575
-202.5	153	11.1264
-198	153	11.2795
-193.5	153	10.8354
-189	153	11.6739
-184.5	153	11.8804
-175.5	153	11.8989
-171	153	15.6793
-166.5	153	22.1865
-162	153	29.9717
-157.5	153	39.2584
-153	153	66.0479
-148.5	153	80.8275
-144	153	116.247
-139.5	153	177.707
-135	153	260.357
-130.5	153	397.284
-126	153	480.97
-121.5	153	715.928
-117	153	1120.35
-108	153	1532.69
-103.5	153	1925.56
-99	153	2174.75
-94.5	153	2534.86
-90	153	3008.02
-85.5	153	4253.03
-81	153	4649.09
-76.5	153	6246.8
-72	153	7682.9
-67.5	153	8884.73
-63	153	10875.4
-58.5	153	11843.3
-54	153	11672.3
-49.5	153	12988.1
-45	153	15522.4
-40.5	153	19768.7
-36	153	23540.7
-31.5	153	26948.6
-27	153	32989.1
-22.5	153	40097.7
-18	153	50385.9
-13.5	153	108974
-9	153	62671.5
-4.5	153	58264
0	153	56427.1
4.5	153	59932.8
9	153	61904.5
13.5	153	67155.9
18	153	65986.5
22.5	153	68790.5
27	153	69933.9
31.5	153	68362.3
36	153	68101.4
40.5	153	65646.1
45	153	66179.6
49.5	153	60237.8
54	153	57930.6
58.5	153	51503.7
63	153	49268.5
67.5	153	45442.9
72	153	40149.1
76.5	153	35266
81	153	31619.6
85.5	153	28648.3
90	153	24590.1
94.5	153	21114.7
99	153	19335.6
103.5	153	17479
108	153	15621.7
112.5	153	12910.5
117	153	10985.4
121.5	153	8337.69
126	153	5925.53
130.5	153	4585.64
135	153	3289.34
139.5	153	2282.49
144	153	1579.46
148.5	153	1103.22
153	153	770.994
157.5	153	523.776
162	153	367.2
166.5	153	235.683
171	153	146.162
175.5	153	99.7882
180	153	85.8563
184.5	153	75.5035
189	153	73.2375
193.5	153	65.185
198	153	65.2789
202.5	153	57.6646
207	153	50.2989
211.5	153	45.9864
216	153	42.5994
220.5	153	43.1784
225	153	36.53
229.5	153	34.6955
234	153	39.4301
238.5	153	30.5689
243	153	28.3219
247.5	153	25.8492
252	153	24.4924
256.5	153	25.5119
261	153	21.7453
265.5	153	21.8711
270	153	21.0802
274.5	153	17.9786
279	153	17.2263
283.5	153	18.5137
292.5	153	16.6254
301.5	153	15.3348
306	153	15.2817
310.5	153	13.9654
315	153	12.468
319.5	153	13.0318
324	153	30.7991
328.5	153	12.2803
333	153	12.9731
337.5	153	12.2831
342	153	12.5079
346.5	153	11.9749
351	153	10.8732
355.5	153	7.36368
360	153	4.9173
364.5	153	3.15137
369	153	2.28051
373.5	153	1.55168
378	153	1.0123
382.5	153	0.668885
387	153	0.394576
391.5	153	0.276021
396	153	0.150302
400.5	153	0.108351
405	153	0.111837
409.5	153	0.109818
414	153	0.110013
418.5	153	0.100066
423	153	0.10104
427.5	153	0.09848
432	153	0.100538
436.5	153	0.110143
441	153	0.110533
445.5	153	0.089268
-369	157.5	1.13228
-364.5	157.5	1.51448
-360	157.5	2.50082
-355.5	157.5	3.8697
-351	157.5	4.35942
-346.5	157.5	4.89118
-342	157.5	4.74822
-337.5	157.5	4.68825
-333	157.5	4.61282
-328.5	157.5	4.77543
-324	157.5	6.00385
-319.5	157.5	5.82897
-315	157.5	5.24971
-310.5	157.5	4.66671
-292.5	157.5	6.54831
-288	157.5	8.45326
-283.5	157.5	6.0776
-279	157.5	6.23665
-265.5	157.5	6.89216
-261	157.5	7.48456
-256.5	157.5	7.10975
-252	157.5	7.06665
-247.5	157.5	7.97483
-243	157.5	7.536
-238.5	157.5	8.93433
-234	157.5	9.67207
-229.5	157.5	9.4312
-225	157.5	10.0086
-220.5	157.5	9.30132
-216	157.5	10.1996
-211.5	157.5	10.7396
-207	157.5	11.3056
-202.5	157.5	11.5717
-198	157.5	10.8062
-193.5	157.5	11.1436
-189	157.5	12.0568
-184.5	157.5	10.8804
-180	157.5	11.3629
-175.5	157.5	13.104
-171	157.5	14.2622
-157.5	157.5	34.2689
-153	157.5	41.7366
-148.5	157.5	52.3795
-144	157.5	103.328
-139.5	157.5	125.925
-135	157.5	158.177
-130.5	157.5	281.982
-126	157.5	396.106
-121.5	157.5	495.013
-117	157.5	654.145
-112.5	157.5	903.892
-108	157.5	878.308
-103.5	157.5	1202.88
-99	157.5	1266.83
-94.5	157.5	1815.97
-90	157.5	2341.61
-85.5	157.5	2401.68
-81	157.5	2872.77
-76.5	157.5	4239.45
-72	157.5	4579.12
-67.5	157.5	5736.77
-63	157.5	6377.66
-58.5	157.5	6703.6
-54	157.5	7231.75
-49.5	157.5	8232.07
-45	157.5	10183
-40.5	157.5	12891.9
-36	157.5	15646
-31.5	157.5	17854
-27	157.5	22643.9
-22.5	157.5	27044.4
-18	157.5	34184
-13.5	157.5	69287.2
-9	157.5	42357.8
-4.5	157.5	39104.3
0	157.5	38340.5
4.5	157.5	38475.1
9	157.5	40344.5
13.5	157.5	42927.3
18	157.5	42054
22.5	157.5	43237.7
27	157.5	45215.4
31.5	157.5	43196.4
36	157.5	42284.5
40.5	157.5	42182.6
45	157.5	41012.5
49.5	157.5	38786.5
54	157.5	37094
58.5	157.5	33321.9
63	157.5	31598
67.5	157.5	28766.2
72	157.5	26262.8
76.5	157.5	22979.2
81	157.5	20048.4
85.5	157.5	17932.4
90	157.5	15822.7
94.5	157.5	13712.8
99	157.5	11884
103.5	157.5	10667.7
108	157.5	9260.5
112.5	157.5	8562.31
117	157.5	6755.16
121.5	157.5	5725.86
126	157.5	4376.88
130.5	157.5	3105.08
135	157.5	2400.91
139.5	157.5	1716.11
144	157.5	1227.44
148.5	157.5	840.619
153	157.5	582.559
157.5	157.5	402.365
162	157.5	266.192
166.5	157.5	172.097
171	157.5	111.963
175.5	157.5	98.1748
180	157.5	84.593
184.5	157.5	77.6916
189	157.5	73.3767
193.5	157.5	65.7972
198	157.5	62.0961
202.5	157.5	57.6032
207	157.5	51.4789
211.5	157.5	49.3123
216	157.5	47.9586
220.5	157.5	43.4891
225	157.5	38.8582
229.5	157.5	36.1831
234	157.5	38.953
238.5	157.5	31.4156
243	157.5	31.2004
252	157.5	27.5117
256.5	157.5	25.6035
261	157.5	25.4393
265.5	157.5	23.1376
270	157.5	20.599
274.5	157.5	19.7197
279	157.5	18.9606
288	157.5	16.7083
292.5	157.5	16.1596
297	157.5	16.9568
301.5	157.5	17.1057
306	157.5	15.9886
310.5	157.5	14.9003
315	157.5	15.1274
319.5	157.5	13.5462
324	157.5	13.8132
328.5	157.5	14.096
333	157.5	13.0993
337.5	157.5	12.2477
342	157.5	22.7509
346.5	157.5	12.3932
351	157.5	10.4509
355.5	157.5	7.34288
360	157.5	5.62433
364.5	157.5	3.6988
369	157.5	2.38265
373.5	157.5	1.63814
378	157.5	0.994324
382.5	157.5	0.717673
387	157.5	0.452043
391.5	157.5	0.295625
396	157.5	0.156897
400.5	157.5	0.131368
405	157.5	0.118512
409.5	157.5	0.121941
414	157.5	0.107575
418.5	157.5	0.10299
423	157.5	0.115346
427.5	157.5	0.122447
432	157.5	0.116643
436.5	157.5	0.100813
441	157.5	0.124968
445.5	157.5	0.117378
-369	162	1.16713
-364.5	162	1.60136
-360	162	2.87159
-355.5	162	3.5182
-351	162	4.19614
-346.5	162	4.38184
-342	162	4.30264
-337.5	162	4.43432
-333	162	4.6545
-328.5	162	4.90666
-324	162	4.94552
-319.5	162	5.61746
-315	162	5.89417
-306	162	5.6238
-301.5	162	5.94337
-297	162	5.50532
-292.5	162	5.73342
-288	162	6.64671
-283.5	162	6.22811
-279	162	7.65453
-270	162	6.66212
-265.5	162	7.04112
-261	162	6.74406
-256.5	162	7.14016
-252	162	7.21493
-247.5	162	7.04775
-243	162	8.24097
-238.5	162	8.26642
-234	162	8.6997
-229.5	162	9.15662
-225	162	9.66301
-220.5	162	10.5028
-216	162	9.36639
-211.5	162	9.53167
-207	162	9.64644
-202.5	162	10.4302
-198	162	11.8341
-193.5	162	11.324
-189	162	11.6299
-184.5	162	11.9098
-180	162	13.5088
-175.5	162	13.5567
-153	162	29.3469
-148.5	162	45.2156
-144	162	64.4973
-139.5	162	90.898
-135	162	133.49
-130.5	162	209.889
-126	162	247.211
-121.5	162	296.579
-117	162	447.865
-108	162	543.52
-103.5	162	693.496
-99	162	815.42
-94.5	162	1139.89
-90	162	1445.51
-85.5	162	1545.11
-81	162	2228.03
-76.5	162	2663.93
-72	162	2932.33
-67.5	162	3315.22
-63	162	3613.39
-58.5	162	4012
-54	162	4591.26
-49.5	162	5474.86
-45	162	6906.2
-40.5	162	8534.77
-36	162	10242.7
-31.5	162	12429.2
-27	162	15196.9
-22.5	162	18775.5
-18	162	23437.1
-13.5	162	54291.5
-9	162	29515
-4.5	162	26463
0	162	25586.4
4.5	162	25370.1
9	162	26611
13.5	162	27541.8
18	162	26922.4
22.5	162	28077.9
27	162	28795.1
31.5	162	27596.2
36	162	27603.7
40.5	162	27164.5
45	162	26463.5
49.5	162	24931.1
54	162	24272.7
58.5	162	22223.3
63	162	19709.1
67.5	162	18471.3
72	162	17350.9
76.5	162	15173.6
81	162	13118.2
85.5	162	12082.1
90	162	10449.6
94.5	162	8795.5
99	162	7572.15
103.5	162	6610.92
108	162	6008.34
112.5	162	5151.37
117	162	4617.38
121.5	162	3653.98
126	162	3016.41
130.5	162	2279.05
135	162	1643.56
139.5	162	1246.37
144	162	892.644
148.5	162	639.688
153	162	440.662
157.5	162	295.301
162	162	186.132
166.5	162	124.596
171	162	111.059
175.5	162	101.144
180	162	93.1652
184.5	162	82.5361
189	162	74.4836
193.5	162	67.7865
198	162	61.6623
202.5	162	57.6207
207	162	55.0254
211.5	162	60.7488
216	162	48.7964
220.5	162	44.544
225	162	40.9488
229.5	162	38.9243
234	162	38.0654
238.5	162	32.0009
243	162	28.1411
247.5	162	29.6857
256.5	162	27.9693
261	162	36.0581
265.5	162	26.0893
270	162	23.4675
274.5	162	20.6225
279	162	20.0933
283.5	162	23.793
288	162	18.9143
292.5	162	17.5362
297	162	16.8723
301.5	162	17.1188
315	162	14.8602
319.5	162	14.4117
324	162	14.2881
328.5	162	15.1776
333	162	13.4934
337.5	162	12.7006
342	162	13.5433
346.5	162	15.4343
351	162	11.0568
355.5	162	7.43508
360	162	5.5318
364.5	162	3.47905
369	162	2.49221
373.5	162	1.68413
378	162	1.18751
382.5	162	0.713264
387	162	0.451136
391.5	162	0.303757
396	162	0.178458
400.5	162	0.120986
405	162	0.136818
409.5	162	0.122034
414	162	0.10876
418.5	162	0.110899
423	162	0.104274
427.5	162	0.109434
432	162	0.110354
436.5	162	0.098591
441	162	0.098197
445.5	162	0.099782
-378	166.5	0.578329
-373.5	166.5	0.774479
-369	166.5	1.14297
-364.5	166.5	1.85786
-360	166.5	2.91451
-355.5	166.5	4.36302
-351	166.5	4.61555
-346.5	166.5	4.45305
-342	166.5	4.31775
-337.5	166.5	4.23112
-333	166.5	4.90829
-328.5	166.5	5.35946
-324	166.5	5.3095
-319.5	166.5	5.8466
-315	166.5	5.6989
-306	166.5	5.15416
-301.5	166.5	5.31435
-297	166.5	5.94702
-292.5	166.5	6.32976
-288	166.5	6.80513
-283.5	166.5	7.86678
-279	166.5	7.044
-274.5	166.5	6.31083
-270	166.5	7.62767
-265.5	166.5	6.7028
-256.5	166.5	7.78602
-252	166.5	7.44758
-247.5	166.5	7.95934
-243	166.5	7.72517
-238.5	166.5	7.60406
-234	166.5	9.2214
-229.5	166.5	8.89809
-225	166.5	7.98915
-220.5	166.5	10.2137
-216	166.5	9.1418
-211.5	166.5	9.12692
-207	166.5	10.0341
-202.5	166.5	17.5911
-193.5	166.5	10.7172
-189	166.5	11.7102
-184.5	166.5	13.7465
-180	166.5	12.6441
-175.5	166.5	13.6617
-148.5	166.5	33.2736
-144	166.5	52.1275
-139.5	166.5	68.5299
-135	166.5	105.548
-130.5	166.5	114.402
-126	166.5	145.831
-121.5	166.5	187.101
-117	166.5	249.82
-112.5	166.5	307.989
-108	166.5	378.591
-103.5	166.5	460.131
-99	166.5	495.995
-94.5	166.5	661.493
-90	166.5	795.822
-85.5	166.5	1181.12
-81	166.5	1405.4
-76.5	166.5	1639.83
-72	166.5	1892.24
-67.5	166.5	2028.15
-63	166.5	2305.32
-58.5	166.5	2498.08
-54	166.5	2974.17
-49.5	166.5	3889.89
-45	166.5	4504.24
-40.5	166.5	5604.64
-36	166.5	6991.07
-31.5	166.5	8689.75
-27	166.5	10630.6
-22.5	166.5	13218.5
-18	166.5	16887.4
-13.5	166.5	56481.6
-9	166.5	21654
-4.5	166.5	18606
0	166.5	17507.2
4.5	166.5	17144
9	166.5	17858.4
13.5	166.5	17788.6
18	166.5	17484.4
22.5	166.5	18097.8
27	166.5	18381.7
31.5	166.5	17974.5
36	166.5	17964.9
40.5	166.5	17369.7
45	166.5	16920.5
49.5	166.5	16385.6
54	166.5	15627
58.5	166.5	14487.2
63	166.5	12767.8
67.5	166.5	11972.6
72	166.5	11097.6
76.5	166.5	10034.4
81	166.5	8918.55
85.5	166.5	7761.85
90	166.5	6644.34
94.5	166.5	5740.74
99	166.5	4955.47
103.5	166.5	4314.71
108	166.5	3739.73
112.5	166.5	3285.71
117	166.5	2861.07
121.5	166.5	2492.12
126	166.5	1879.7
130.5	166.5	1619.85
135	166.5	1205.73
139.5	166.5	859.304
144	166.5	661.816
148.5	166.5	463.073
153	166.5	323.586
157.5	166.5	210.775
162	166.5	138.472
166.5	166.5	121.656
171	166.5	114.596
175.5	166.5	100.88
180	166.5	122.604
184.5	166.5	82.1291
189	166.5	76.3981
193.5	166.5	67.1064
198	166.5	63.885
202.5	166.5	62.4172
207	166.5	64.8877
211.5	166.5	63.8892
216	166.5	48.6651
220.5	166.5	50.1185
225	166.5	44.532
229.5	166.5	40.6181
234	166.5	37.9749
238.5	166.5	35.7632
243	166.5	34.7217
247.5	166.5	29.7143
252	166.5	30.3939
256.5	166.5	28.7403
261	166.5	37.7511
265.5	166.5	24.0753
270	166.5	21.5091
274.5	166.5	20.9575
279	166.5	20.595
283.5	166.5	18.5915
292.5	166.5	16.201
297	166.5	15.8439
301.5	166.5	16.6701
306	166.5	16.5989
310.5	166.5	15.2166
315	166.5	17.6296
319.5	166.5	20.7794
324	166.5	15.5888
328.5	166.5	13.8806
333	166.5	13.9812
337.5	166.5	15.0841
342	166.5	14.3841
346.5	166.5	14.4075
351	166.5	12.4308
355.5	166.5	8.87669
360	166.5	6.3585
364.5	166.5	4.18873
369	166.5	2.85761
373.5	166.5	2.58633
378	166.5	2.22609
382.5	166.5	0.829597
387	166.5	0.500642
391.5	166.5	0.311651
396	166.5	0.168259
400.5	166.5	0.118132
405	166.5	0.12459
409.5	166.5	0.135759
414	166.5	0.111841
418.5	166.5	0.1169
423	166.5	0.11138
427.5	166.5	0.09486
432	166.5	0.105679
436.5	166.5	0.091175
441	166.5	0.09768
445.5	166.5	0.082896
-382.5	171	0.339611
-378	171	0.496646
-373.5	171	0.699035
-369	171	1.09683
-364.5	171	1.68412
-360	171	3.21416
-355.5	171	3.68507
-351	171	4.34278
-346.5	171	4.10657
-342	171	4.46926
-337.5	171	4.92685
-333	171	5.74427
-328.5	171	5.309
-324	171	6.10916
-319.5	171	5.64541
-315	171	6.43764
-310.5	171	4.7688
-306	171	4.75533
-301.5	171	5.15257
-297	171	5.83566
-292.5	171	6.19451
-288	171	5.40384
-283.5	171	6.34597
-279	171	6.74331
-274.5	171	6.87527
-270	171	6.72378
-265.5	171	7.75593
-261	171	6.89784
-247.5	171	7.47187
-243	171	7.58184
-238.5	171	7.89805
-234	171	8.30725
-225	171	9.25183
-220.5	171	9.10797
-216	171	10.9226
-207	171	9.71807
-202.5	171	10.3106
-198	171	10.7607
-193.5	171	12.6423
-184.5	171	13.6941
-180	171	13.1298
-148.5	171	23.7093
-144	171	35.4755
-139.5	171	45.3865
-135	171	51.8573
-130.5	171	68.8667
-126	171	84.7584
-121.5	171	123.911
-117	171	165.7
-112.5	171	186.651
-108	171	242.117
-103.5	171	291.358
-99	171	358.294
-94.5	171	408.819
-90	171	628.417
-85.5	171	753.993
-81	171	846.153
-76.5	171	997.064
-72	171	1167.4
-67.5	171	1278.1
-63	171	1431.06
-58.5	171	1650.86
-54	171	2119.59
-49.5	171	2659.99
-45	171	3090.06
-40.5	171	3826.23
-36	171	4807.28
-31.5	171	6125.63
-27	171	7494.45
-22.5	171	9571.77
-18	171	12662.5
-13.5	171	41993.6
-9	171	17464.2
-4.5	171	13961
0	171	12305.4
4.5	171	11890
9	171	11690.8
13.5	171	11621.5
18	171	11433.9
22.5	171	11836.4
27	171	11906
31.5	171	11509.2
36	171	11722.9
40.5	171	11457.5
45	171	10890.8
49.5	171	10768.5
54	171	10091.1
58.5	171	9342.92
63	171	8472.94
67.5	171	7714.01
72	171	7203.83
76.5	171	6466.13
81	171	5842.77
85.5	171	5051.92
90	171	4477.67
94.5	171	3788.33
99	171	3338.05
103.5	171	2837.99
108	171	2355.77
112.5	171	2106.61
117	171	1775.29
121.5	171	1571.37
126	171	1312.54
130.5	171	1014.11
135	171	854.434
139.5	171	616.091
144	171	453.747
148.5	171	332.449
153	171	218.607
157.5	171	152.096
162	171	136.433
166.5	171	123.153
171	171	108.513
175.5	171	102.361
180	171	95.2008
184.5	171	84.9381
189	171	78.3445
193.5	171	77.1678
198	171	66.3835
202.5	171	61.3876
207	171	55.8499
211.5	171	55.2378
216	171	52.5128
220.5	171	54.8846
225	171	45.4487
229.5	171	38.9739
234	171	35.1726
238.5	171	33.1128
243	171	32.1924
247.5	171	34.5921
252	171	29.8017
256.5	171	28.9161
261	171	27.7938
265.5	171	25.2087
270	171	23.2585
274.5	171	23.472
279	171	23.2389
283.5	171	21.6105
288	171	21.1377
292.5	171	18.0321
297	171	18.0042
301.5	171	17.0776
306	171	16.939
310.5	171	16.5138
315	171	16.9401
319.5	171	19.9549
324	171	15.9232
328.5	171	13.6885
333	171	14.5801
337.5	171	14.9524
342	171	15.8335
346.5	171	14.3679
351	171	13.246
355.5	171	10.4026
360	171	6.6536
364.5	171	4.12083
369	171	2.78504
373.5	171	1.77527
378	171	1.26891
382.5	171	0.830998
387	171	0.538434
391.5	171	0.343668
396	171	0.172876
400.5	171	0.130982
405	171	0.133206
409.5	171	0.133047
414	171	0.124676
418.5	171	0.112344
423	171	0.113875
427.5	171	0.111981
432	171	0.099261
436.5	171	0.107267
441	171	0.103077
445.5	171	0.207362
-387	175.5	0.210394
-382.5	175.5	0.36996
-378	175.5	0.546195
-373.5	175.5	0.807827
-369	175.5	1.22385
-364.5	175.5	1.67131
-360	175.5	2.24817
-355.5	175.5	3.5035
-351	175.5	4.28073
-346.5	175.5	4.29511
-333	175.5	5.21142
-328.5	175.5	11.8676
-324	175.5	5.46339
-319.5	175.5	5.31831
-315	175.5	5.35784
-310.5	175.5	5.79514
-306	175.5	5.47459
-301.5	175.5	5.73839
-297	175.5	5.90883
-292.5	175.5	5.52559
-288	175.5	7.47303
-283.5	175.5	8.48883
-279	175.5	6.61505
-274.5	175.5	7.21904
-270	175.5	7.48795
-265.5	175.5	7.30791
-261	175.5	7.36504
-256.5	175.5	8.13146
-252	175.5	7.9727
-247.5	175.5	7.63082
-243	175.5	7.17602
-238.5	175.5	8.22068
-234	175.5	8.6485
-225	175.5	9.81953
-220.5	175.5	9.45381
-216	175.5	10.6498
-211.5	175.5	11.441
-207	175.5	10.6839
-202.5	175.5	10.6642
-198	175.5	11.0138
-193.5	175.5	11.4838
-189	175.5	12.1983
-184.5	175.5	11.66
-180	175.5	13.0053
-175.5	175.5	14.1512
-153	175.5	14.0327
-148.5	175.5	19.2295
-144	175.5	24.7096
-139.5	175.5	27.2634
-135	175.5	33.843
-130.5	175.5	44.7543
-126	175.5	65.1058
-121.5	175.5	76.8199
-117	175.5	105.856
-112.5	175.5	118.028
-108	175.5	141
-103.5	175.5	186.337
-99	175.5	216.098
-94.5	175.5	292.355
-90	175.5	383.71
-85.5	175.5	444.053
-81	175.5	532.248
-76.5	175.5	677.634
-72	175.5	657.632
-67.5	175.5	774.991
-63	175.5	947.778
-58.5	175.5	1174.08
-54	175.5	1461.13
-49.5	175.5	1760.86
-45	175.5	2116.21
-40.5	175.5	2764.21
-36	175.5	3439.97
-31.5	175.5	4244.5
-27	175.5	5398.68
-22.5	175.5	7123.54
-18	175.5	10098.1
-13.5	175.5	29247.5
-9	175.5	16928.5
-4.5	175.5	11072.1
0	175.5	9403.65
4.5	175.5	8738.23
9	175.5	8107.37
13.5	175.5	7726.34
18	175.5	7562.38
22.5	175.5	7751.62
27	175.5	7705.77
31.5	175.5	7605.98
36	175.5	7497.92
40.5	175.5	7456.87
45	175.5	6975.5
49.5	175.5	6784.96
54	175.5	6490.7
58.5	175.5	6251.51
63	175.5	5605.23
67.5	175.5	4968.8
72	175.5	4781.41
76.5	175.5	4222.93
81	175.5	3841.11
85.5	175.5	3339.78
90	175.5	2886.49
94.5	175.5	2437.1
99	175.5	2166.23
103.5	175.5	1818.61
108	175.5	1548.67
112.5	175.5	1341.25
117	175.5	1158.48
121.5	175.5	976.889
126	175.5	846.27
130.5	175.5	693.744
135	175.5	544.241
139.5	175.5	434.333
144	175.5	317.562
148.5	175.5	211.36
153	175.5	160.514
157.5	175.5	141.654
162	175.5	132.436
166.5	175.5	127.822
171	175.5	108.501
175.5	175.5	99.6081
180	175.5	98.6278
184.5	175.5	87.1399
189	175.5	81.5139
193.5	175.5	72.8997
198	175.5	67.3487
202.5	175.5	59.4905
207	175.5	55.1498
211.5	175.5	54.7914
216	175.5	53.9413
220.5	175.5	49.8828
225	175.5	48.1569
229.5	175.5	44.7147
234	175.5	44.0564
238.5	175.5	36.2237
243	175.5	32.8941
247.5	175.5	32.2357
252	175.5	32.2302
256.5	175.5	29.7617
261	175.5	29.8522
265.5	175.5	25.4028
270	175.5	23.7188
274.5	175.5	23.9256
279	175.5	24.9451
288	175.5	19.7451
292.5	175.5	18.5836
297	175.5	18.1898
301.5	175.5	17.4182
306	175.5	17.884
310.5	175.5	17.1587
315	175.5	15.4171
319.5	175.5	17.8207
324	175.5	15.8399
328.5	175.5	14.8326
333	175.5	16.7334
337.5	175.5	15.84
342	175.5	14.0204
346.5	175.5	13.8173
351	175.5	12.2993
355.5	175.5	9.257
360	175.5	6.16512
364.5	175.5	4.18741
369	175.5	2.57878
373.5	175.5	1.85466
378	175.5	1.21484
382.5	175.5	0.818682
387	175.5	0.511703
391.5	175.5	0.33176
396	175.5	0.197155
400.5	175.5	0.118557
405	175.5	0.125554
409.5	175.5	0.131546
414	175.5	0.133662
418.5	175.5	0.119263
423	175.5	0.129065
427.5	175.5	0.109116
432	175.5	0.100051
436.5	175.5	0.104308
441	175.5	0.101029
445.5	175.5	0.107603
-391.5	180	0.184795
-387	180	0.343831
-382.5	180	0.485389
-378	180	0.647402
-373.5	180	0.82975
-369	180	1.22115
-364.5	180	1.66352
-360	180	2.49907
-355.5	180	4.2329
-351	180	4.81598
-346.5	180	4.7018
-342	180	5.22126
-337.5	180	5.36447
-333	180	4.67346
-328.5	180	6.67691
-324	180	5.22219
-319.5	180	5.92865
-310.5	180	5.22605
-306	180	6.41226
-301.5	180	6.44315
-297	180	7.85294
-292.5	180	6.39836
-288	180	6.79868
-283.5	180	7.1563
-279	180	6.64839
-274.5	180	5.95879
-270	180	6.65054
-265.5	180	6.93766
-261	180	8.06231
-256.5	180	8.98841
-252	180	7.35277
-238.5	180	7.89216
-234	180	8.46501
-229.5	180	9.44055
-225	180	9.73241
-220.5	180	10.3066
-216	180	10.5903
-211.5	180	9.70755
-207	180	11.779
-184.5	180	11.6976
-180	180	11.775
-175.5	180	12.3765
-171	180	14.5538
-148.5	180	14.633
-144	180	14.7641
-139.5	180	18.7987
-135	180	21.7993
-130.5	180	32.5193
-126	180	41.0573
-121.5	180	55.974
-117	180	71.3182
-112.5	180	76.359
-108	180	106.397
-103.5	180	133.906
-99	180	166.155
-94.5	180	194.707
-90	180	245.815
-85.5	180	283.275
-81	180	330.379
-76.5	180	389.319
-72	180	411.845
-67.5	180	529.6
-63	180	594.898
-58.5	180	818.612
-54	180	981.697
-49.5	180	1222.88
-45	180	1487.63
-40.5	180	1888.74
-36	180	2372.17
-31.5	180	3011.2
-27	180	3898.56
-22.5	180	5291.39
-18	180	7762.57
-13.5	180	14747.2
-9	180	12167.1
-4.5	180	8124.18
0	180	6598.92
4.5	180	5993.46
9	180	5690.91
13.5	180	5109.79
18	180	4974.85
22.5	180	5063.15
27	180	5046.65
31.5	180	5135.24
36	180	4796.84
40.5	180	4816.48
45	180	4556.75
49.5	180	4296.32
54	180	4141.39
58.5	180	3934.22
63	180	3628.56
67.5	180	3283.21
72	180	3167.41
76.5	180	2730.93
81	180	2494.22
85.5	180	2176.42
90	180	1915.62
94.5	180	1641.43
99	180	1437.1
103.5	180	1217.59
108	180	1033.37
112.5	180	907.186
117	180	772.534
121.5	180	653.002
126	180	550.341
130.5	180	458.965
135	180	356.033
139.5	180	280.175
144	180	204.452
148.5	180	155.923
153	180	139.951
157.5	180	135.589
162	180	125.191
166.5	180	116.32
171	180	107.31
175.5	180	105.323
180	180	91.2872
184.5	180	85.2904
189	180	80.0278
193.5	180	80.4023
198	180	71.0721
202.5	180	62.6539
207	180	57.6036
211.5	180	53.2644
216	180	49.3448
220.5	180	48.2179
225	180	47.1218
229.5	180	43.2754
234	180	40.7142
238.5	180	36.6875
243	180	34.614
247.5	180	32.135
252	180	30.3731
256.5	180	28.3708
261	180	28.0383
265.5	180	25.4664
270	180	28.0168
274.5	180	23.2372
279	180	23.5072
288	180	23.7154
292.5	180	20.8627
297	180	20.3278
301.5	180	17.2592
306	180	16.6978
310.5	180	16.6771
315	180	16.1909
319.5	180	16.2427
324	180	15.475
328.5	180	15.0375
333	180	14.0798
337.5	180	13.6271
342	180	13.2176
351	180	12.9386
355.5	180	9.60996
360	180	6.24188
364.5	180	4.37473
369	180	3.10371
373.5	180	1.95396
378	180	1.34827
382.5	180	0.811375
387	180	0.534279
391.5	180	0.380358
396	180	0.220992
400.5	180	0.145298
405	180	0.133206
409.5	180	0.124036
414	180	0.130136
418.5	180	0.120334
423	180	0.112219
427.5	180	0.116558
432	180	0.114873
436.5	180	0.099252
441	180	0.108843
445.5	180	0.107802
-400.5	184.5	0.070114
-396	184.5	0.121314
-391.5	184.5	0.196368
-387	184.5	0.266189
-382.5	184.5	0.383352
-378	184.5	0.577895
-373.5	184.5	0.851333
-369	184.5	1.24298
-364.5	184.5	1.81599
-360	184.5	2.81396
-355.5	184.5	4.57697
-351	184.5	5.22148
-346.5	184.5	5.43696
-342	184.5	5.29267
-337.5	184.5	5.27978
-333	184.5	5.53638
-328.5	184.5	6.61755
-324	184.5	5.44219
-319.5	184.5	5.34377
-310.5	184.5	6.36022
-306	184.5	5.91866
-301.5	184.5	7.6647
-297	184.5	6.11372
-292.5	184.5	6.36683
-288	184.5	7.00747
-283.5	184.5	6.77961
-279	184.5	6.50097
-274.5	184.5	7.1738
-270	184.5	6.68038
-265.5	184.5	6.6543
-261	184.5	7.92325
-256.5	184.5	7.40917
-252	184.5	7.0829
-247.5	184.5	6.91257
-234	184.5	7.78701
-229.5	184.5	8.49521
-225	184.5	8.64719
-220.5	184.5	9.56304
-216	184.5	9.77174
-211.5	184.5	9.85855
-207	184.5	10.2149
-202.5	184.5	10.9992
-198	184.5	10.4553
-189	184.5	11.6139
-184.5	184.5	11.0722
-180	184.5	12.2608
-175.5	184.5	12.3684
-171	184.5	13.4862
-166.5	184.5	13.7912
-153	184.5	14.7459
-148.5	184.5	12.3895
-144	184.5	11.5306
-139.5	184.5	12.5692
-135	184.5	16.1638
-130.5	184.5	23.3487
-121.5	184.5	33.7281
-117	184.5	44.554
-112.5	184.5	49.6671
-108	184.5	59.897
-103.5	184.5	92.0695
-99	184.5	115.921
-94.5	184.5	127.528
-90	184.5	150.516
-85.5	184.5	172.748
-81	184.5	211.549
-76.5	184.5	238.115
-72	184.5	272.841
-67.5	184.5	338.317
-63	184.5	436.563
-58.5	184.5	550.862
-54	184.5	666.423
-49.5	184.5	847.347
-45	184.5	1005.83
-40.5	184.5	1315.59
-36	184.5	1652.03
-31.5	184.5	2144.86
-27	184.5	2767.43
-22.5	184.5	3719.26
-18	184.5	5332.19
-13.5	184.5	7952.8
-9	184.5	7352.97
-4.5	184.5	5469.82
0	184.5	4608.1
4.5	184.5	4109
9	184.5	3906.1
13.5	184.5	3469.25
18	184.5	3265.08
22.5	184.5	3334.77
27	184.5	3319.99
31.5	184.5	3302.19
36	184.5	3134.98
40.5	184.5	3100.65
45	184.5	2924.14
49.5	184.5	2794.86
54	184.5	2731.4
58.5	184.5	2569.96
63	184.5	2329.07
67.5	184.5	2160.07
72	184.5	2034.49
76.5	184.5	1847.28
81	184.5	1597.81
85.5	184.5	1427.73
90	184.5	1238.1
94.5	184.5	1098.62
99	184.5	923.324
103.5	184.5	806.256
108	184.5	668.684
112.5	184.5	605.662
117	184.5	530.081
121.5	184.5	434.731
126	184.5	363.917
130.5	184.5	292.517
135	184.5	237.839
139.5	184.5	177.738
144	184.5	134.864
148.5	184.5	131.978
153	184.5	132.612
157.5	184.5	122.727
162	184.5	121.728
166.5	184.5	115.387
171	184.5	105.581
175.5	184.5	104.072
180	184.5	94.0508
184.5	184.5	84.3647
189	184.5	77.8861
193.5	184.5	80.3556
198	184.5	67.3396
202.5	184.5	64.3875
207	184.5	59.8807
211.5	184.5	55.9473
216	184.5	59.3807
220.5	184.5	60.8177
225	184.5	46.5817
229.5	184.5	43.7026
234	184.5	40.0723
238.5	184.5	37.2151
243	184.5	34.6842
247.5	184.5	33.926
252	184.5	41.1347
256.5	184.5	30.7522
261	184.5	28.887
265.5	184.5	27.465
270	184.5	26.3024
274.5	184.5	24.1653
279	184.5	24.5096
283.5	184.5	27.9965
288	184.5	23.4332
292.5	184.5	20.3806
301.5	184.5	18.8907
306	184.5	19.7436
310.5	184.5	17.352
315	184.5	15.9718
319.5	184.5	16.0754
324	184.5	16.6075
328.5	184.5	15.7784
333	184.5	15.4425
337.5	184.5	14.8871
342	184.5	14.8266
351	184.5	13.4916
355.5	184.5	9.98811
360	184.5	6.37438
364.5	184.5	4.34472
369	184.5	3.07788
373.5	184.5	1.98571
378	184.5	1.27597
382.5	184.5	0.948936
387	184.5	0.635051
391.5	184.5	0.381248
396	184.5	0.197273
400.5	184.5	0.146205
405	184.5	0.140419
409.5	184.5	0.143712
414	184.5	0.149336
418.5	184.5	0.148131
423	184.5	0.141699
427.5	184.5	0.12764
432	184.5	0.120343
436.5	184.5	0.126474
441	184.5	0.118068
445.5	184.5	0.102956
-396	189	0.112361
-391.5	189	0.157983
-387	189	0.268592
-382.5	189	0.390144
-378	189	0.6435
-373.5	189	0.99467
-369	189	1.33104
-364.5	189	2.10612
-360	189	3.44124
-355.5	189	4.73705
-351	189	4.56582
-342	189	4.92556
-337.5	189	5.74812
-333	189	6.25806
-328.5	189	4.7341
-324	189	5.04235
-319.5	189	5.737
-315	189	6.02211
-310.5	189	5.64021
-301.5	189	5.58404
-297	189	5.61931
-292.5	189	7.10775
-288	189	6.5459
-283.5	189	6.17348
-279	189	6.18186
-274.5	189	7.85678
-270	189	6.9729
-265.5	189	6.81106
-261	189	9.69292
-256.5	189	8.27482
-252	189	8.17656
-247.5	189	7.94814
-243	189	7.34436
-238.5	189	7.55593
-234	189	8.42663
-229.5	189	7.90515
-225	189	8.2242
-220.5	189	9.40772
-216	189	10.8608
-211.5	189	10.2158
-207	189	10.1799
-202.5	189	9.88815
-198	189	10.8427
-189	189	11.8383
-184.5	189	10.9574
-180	189	10.9313
-175.5	189	12.5005
-171	189	12.119
-166.5	189	13.1608
-162	189	14.9955
-157.5	189	13.4138
-153	189	13.685
-148.5	189	13.6356
-144	189	12.0488
-139.5	189	10.9641
-135	189	14.5642
-130.5	189	19.2039
-126	189	24.0352
-121.5	189	25.273
-117	189	29.5097
-112.5	189	36.8467
-108	189	47.4896
-103.5	189	67.3717
-99	189	68.9335
-94.5	189	88.5938
-90	189	96.7208
-85.5	189	119.795
-81	189	128.665
-76.5	189	152.093
-72	189	182.664
-67.5	189	231.857
-63	189	282.82
-58.5	189	359.148
-54	189	454.804
-49.5	189	570.221
-45	189	707.352
-40.5	189	894.236
-36	189	1146.24
-31.5	189	1420.06
-27	189	1904.59
-22.5	189	2534.48
-18	189	3296.84
-13.5	189	4337.37
-9	189	4233.29
-4.5	189	3447.07
0	189	3045.37
4.5	189	2775.24
9	189	2681.62
13.5	189	2353.07
18	189	2207.08
22.5	189	2181.34
27	189	2151.99
31.5	189	2086.33
36	189	2050.21
40.5	189	1955.62
45	189	1895.93
49.5	189	1841.83
54	189	1706.53
58.5	189	1671.79
63	189	1540.51
67.5	189	1428.64
72	189	1322.81
76.5	189	1170.47
81	189	1090.5
85.5	189	923.373
90	189	838.675
94.5	189	731.463
99	189	582.215
103.5	189	521.044
108	189	457.753
112.5	189	387.208
117	189	345.928
121.5	189	303.286
126	189	231.962
130.5	189	186.782
135	189	140.13
139.5	189	114.784
144	189	118.122
148.5	189	129.13
153	189	120.951
157.5	189	117.997
162	189	111.22
166.5	189	108.578
171	189	100.164
175.5	189	94.6072
180	189	90.6715
184.5	189	87.4263
189	189	85.6955
193.5	189	70.2269
198	189	67.0572
202.5	189	64.3657
207	189	60.0703
211.5	189	65.1262
220.5	189	47.8531
225	189	48.4
229.5	189	43.2748
234	189	42.2365
238.5	189	44.6162
243	189	35.786
247.5	189	36.6535
252	189	35.1853
256.5	189	31.4201
261	189	29.2801
265.5	189	29.2752
283.5	189	26.4064
288	189	23.0678
292.5	189	22.1728
297	189	20.4425
301.5	189	19.6445
306	189	19.3068
310.5	189	17.607
315	189	17.4998
319.5	189	16.7663
324	189	16.5799
328.5	189	15.373
337.5	189	18.1782
342	189	15.4238
346.5	189	15.5221
351	189	14.0191
355.5	189	8.9871
360	189	6.40155
364.5	189	4.27994
369	189	3.05106
373.5	189	2.25259
378	189	1.37907
382.5	189	0.908218
387	189	0.608009
391.5	189	0.372586
396	189	0.223933
400.5	189	0.156818
405	189	0.153523
409.5	189	0.14901
414	189	0.137622
418.5	189	0.128018
423	189	0.131111
427.5	189	0.14172
432	189	0.123427
436.5	189	0.125927
441	189	0.123907
445.5	189	0.110891
-405	193.5	0.048048
-400.5	193.5	0.065542
-396	193.5	0.116351
-391.5	193.5	0.183121
-387	193.5	0.285492
-382.5	193.5	0.399808
-378	193.5	0.610075
-373.5	193.5	1.137
-369	193.5	1.62603
-364.5	193.5	2.1659
-360	193.5	3.18791
-355.5	193.5	5.12285
-351	193.5	5.19907
-346.5	193.5	4.7871
-342	193.5	5.26323
-337.5	193.5	5.04055
-333	193.5	5.92133
-324	193.5	6.45944
-319.5	193.5	6.59966
-315	193.5	5.94416
-310.5	193.5	6.05087
-306	193.5	5.55856
-301.5	193.5	5.67516
-297	193.5	6.18549
-292.5	193.5	5.93487
-288	193.5	5.65127
-283.5	193.5	5.84632
-279	193.5	7.42077
-274.5	193.5	6.55496
-270	193.5	7.87996
-265.5	193.5	7.0918
-261	193.5	7.09308
-256.5	193.5	6.58095
-252	193.5	7.20894
-247.5	193.5	7.66648
-243	193.5	7.33391
-238.5	193.5	7.89792
-234	193.5	8.2716
-225	193.5	10.2409
-220.5	193.5	8.38383
-216	193.5	10.3315
-211.5	193.5	11.1453
-207	193.5	8.89366
-202.5	193.5	10.8477
-198	193.5	10.0561
-193.5	193.5	9.99057
-189	193.5	11.7504
-184.5	193.5	11.1529
-175.5	193.5	11.7946
-171	193.5	12.4393
-166.5	193.5	13.8572
-162	193.5	13.1679
-157.5	193.5	13.5354
-153	193.5	12.6424
-148.5	193.5	12.6498
-144	193.5	12.4651
-126	193.5	18.7656
-121.5	193.5	19.6744
-117	193.5	23.3091
-112.5	193.5	28.006
-108	193.5	37.0781
-103.5	193.5	42.6805
-99	193.5	47.2958
-94.5	193.5	58.7191
-90	193.5	72.2101
-85.5	193.5	84.0616
-81	193.5	89.3031
-76.5	193.5	109.691
-72	193.5	129.446
-67.5	193.5	167.009
-63	193.5	207.663
-58.5	193.5	247.425
-54	193.5	299.84
-49.5	193.5	377.471
-45	193.5	469.287
-40.5	193.5	584.393
-36	193.5	754.012
-31.5	193.5	998.544
-27	193.5	1276.81
-22.5	193.5	1607.88
-18	193.5	2021.46
-13.5	193.5	2470.18
-9	193.5	2429.62
-4.5	193.5	2135.34
0	193.5	1920.9
4.5	193.5	1807.54
9	193.5	1760.25
13.5	193.5	1511.35
18	193.5	1432.93
22.5	193.5	1408.05
27	193.5	1405.84
31.5	193.5	1358.97
36	193.5	1298.33
40.5	193.5	1236.5
45	193.5	1211.41
49.5	193.5	1181.22
54	193.5	1086.75
58.5	193.5	1049.7
63	193.5	973.365
67.5	193.5	923.354
72	193.5	853.335
76.5	193.5	735.077
81	193.5	672.957
85.5	193.5	571.587
90	193.5	528.58
94.5	193.5	475.32
99	193.5	396.409
103.5	193.5	350.422
108	193.5	294.147
112.5	193.5	251.806
117	193.5	218.198
121.5	193.5	181.261
126	193.5	156.446
130.5	193.5	117.992
135	193.5	91.6497
139.5	193.5	94.8604
144	193.5	106.075
148.5	193.5	104.077
153	193.5	108.856
157.5	193.5	106.633
162	193.5	107.708
166.5	193.5	98.7747
171	193.5	99.756
175.5	193.5	92.0894
180	193.5	88.0616
184.5	193.5	83.9614
189	193.5	80.1337
193.5	193.5	71.4431
198	193.5	67.5106
202.5	193.5	60.9627
207	193.5	61.7177
211.5	193.5	56.7105
216	193.5	52.7994
220.5	193.5	54.8739
225	193.5	45.1344
229.5	193.5	49.7642
234	193.5	42.221
238.5	193.5	43.0457
243	193.5	47.2264
247.5	193.5	43.589
256.5	193.5	29.7717
261	193.5	31.7556
270	193.5	28.6294
274.5	193.5	26.4281
279	193.5	23.7757
283.5	193.5	20.8543
288	193.5	22.6035
292.5	193.5	22.7079
297	193.5	21.5919
301.5	193.5	20.5426
306	193.5	19.9678
310.5	193.5	19.1682
319.5	193.5	17.6844
324	193.5	17.2272
328.5	193.5	18.2115
333	193.5	16.3286
337.5	193.5	16.5892
342	193.5	17.4486
346.5	193.5	16.0219
351	193.5	14.5655
355.5	193.5	10.462
360	193.5	6.68807
364.5	193.5	4.45393
369	193.5	2.93631
373.5	193.5	1.99606
378	193.5	1.42423
382.5	193.5	0.973792
387	193.5	0.591421
391.5	193.5	0.382586
396	193.5	0.219845
400.5	193.5	0.158619
405	193.5	0.167491
409.5	193.5	0.168324
414	193.5	0.164076
418.5	193.5	0.155271
423	193.5	0.144618
427.5	193.5	0.120893
432	193.5	0.114446
436.5	193.5	0.117561
441	193.5	0.104456
445.5	193.5	0.106721
-409.5	198	0.045352
-400.5	198	0.066802
-396	198	0.132078
-391.5	198	0.192227
-387	198	0.253865
-382.5	198	0.49122
-378	198	0.778885
-373.5	198	1.08238
-369	198	1.65718
-364.5	198	2.28672
-360	198	3.29864
-355.5	198	4.93404
-351	198	5.27992
-346.5	198	5.34847
-342	198	7.06946
-337.5	198	6.74435
-333	198	6.47583
-328.5	198	5.95269
-324	198	6.77561
-319.5	198	6.05249
-315	198	5.80402
-310.5	198	5.811
-306	198	7.1259
-301.5	198	8.66206
-297	198	7.69068
-292.5	198	6.29757
-288	198	6.41645
-283.5	198	5.98966
-279	198	6.00372
-274.5	198	6.73011
-270	198	6.39038
-265.5	198	7.85646
-261	198	7.0214
-256.5	198	7.10839
-252	198	8.17379
-247.5	198	8.08388
-243	198	7.76725
-238.5	198	8.58156
-234	198	8.42972
-229.5	198	9.08275
-225	198	12.9818
-220.5	198	11.4381
-216	198	8.02928
-211.5	198	9.08223
-207	198	10.985
-202.5	198	11.0455
-198	198	10.971
-193.5	198	10.4386
-189	198	10.4969
-184.5	198	11.2957
-180	198	10.9733
-175.5	198	12.7066
-171	198	11.7303
-166.5	198	12.9123
-162	198	13.4208
-157.5	198	12.4238
-148.5	198	14.768
-144	198	13.594
-121.5	198	19.6621
-117	198	19.5163
-112.5	198	23.6634
-108	198	28.4903
-103.5	198	30.1929
-99	198	34.9804
-94.5	198	42.2476
-90	198	47.2587
-85.5	198	54.9122
-81	198	67.0315
-76.5	198	77.7403
-72	198	87.57
-67.5	198	103.825
-63	198	132.597
-58.5	198	159.559
-54	198	191.936
-49.5	198	239.148
-45	198	304.685
-40.5	198	380.97
-36	198	473.168
-31.5	198	612.275
-27	198	791.351
-22.5	198	926.953
-18	198	1140.48
-13.5	198	1335.78
-9	198	1345.48
-4.5	198	1228.5
0	198	1148.17
4.5	198	1107.73
9	198	1104.7
13.5	198	932.951
18	198	880.761
22.5	198	855.769
27	198	836.119
31.5	198	802.77
36	198	785.387
40.5	198	767.473
45	198	727.027
49.5	198	709.457
54	198	666.754
58.5	198	627.96
63	198	605.371
67.5	198	550.473
72	198	522.001
76.5	198	467.88
81	198	410.668
85.5	198	364.322
90	198	322.19
94.5	198	295.341
99	198	245.09
103.5	198	217.078
108	198	192.712
112.5	198	162.034
117	198	131.936
121.5	198	119.238
126	198	96.5738
130.5	198	81.5479
135	198	79.1952
144	198	91.8274
148.5	198	93.5936
153	198	95.7065
157.5	198	99.0083
162	198	101.369
166.5	198	98.0402
171	198	89.8802
175.5	198	90.498
180	198	83.2723
184.5	198	82.8282
189	198	83.7137
193.5	198	73.532
198	198	64.7959
202.5	198	64.5209
207	198	58.7982
211.5	198	66.2048
216	198	55.338
220.5	198	51.9044
225	198	45.5084
229.5	198	43.2209
234	198	42.2763
238.5	198	45.7658
243	198	46.2803
247.5	198	35.1394
256.5	198	30.5976
261	198	29.0488
265.5	198	30.7401
270	198	28.5141
274.5	198	25.955
279	198	24.9936
283.5	198	22.9202
288	198	21.3329
292.5	198	20.252
301.5	198	22.3332
310.5	198	20.0989
324	198	17.0189
328.5	198	18.797
333	198	17.1403
337.5	198	16.4337
342	198	15.5377
346.5	198	15.9168
351	198	15.1132
355.5	198	9.48483
360	198	6.61549
364.5	198	4.62382
369	198	2.95453
373.5	198	1.94995
378	198	1.38492
382.5	198	0.985172
387	198	0.642858
391.5	198	0.376735
396	198	0.237667
400.5	198	0.193611
405	198	0.168496
409.5	198	0.169874
414	198	0.157102
418.5	198	0.150911
423	198	0.152974
427.5	198	0.139439
432	198	0.127752
436.5	198	0.121563
441	198	0.117509
445.5	198	0.104158
-409.5	202.5	0.061434
-400.5	202.5	0.086654
-396	202.5	0.106806
-391.5	202.5	0.219438
-387	202.5	0.357982
-382.5	202.5	0.426867
-378	202.5	0.650928
-373.5	202.5	1.00279
-369	202.5	1.55233
-364.5	202.5	2.52428
-351	202.5	6.63636
-346.5	202.5	6.7828
-333	202.5	7.32063
-328.5	202.5	5.646
-324	202.5	5.43951
-315	202.5	6.1508
-310.5	202.5	7.2385
-306	202.5	6.18654
-301.5	202.5	6.11325
-297	202.5	6.41801
-292.5	202.5	7.38328
-288	202.5	5.96154
-283.5	202.5	5.99321
-279	202.5	6.77947
-274.5	202.5	6.43255
-261	202.5	6.98308
-256.5	202.5	7.88412
-252	202.5	10.1637
-247.5	202.5	7.68561
-243	202.5	7.54374
-238.5	202.5	8.17885
-234	202.5	9.5134
-229.5	202.5	8.19381
-225	202.5	8.78891
-220.5	202.5	8.41541
-216	202.5	8.39016
-211.5	202.5	11.7697
-207	202.5	10.377
-202.5	202.5	10.1319
-198	202.5	9.40035
-193.5	202.5	10.6658
-189	202.5	10.1235
-184.5	202.5	11.0483
-180	202.5	10.4477
-175.5	202.5	11.3175
-162	202.5	13.7802
-157.5	202.5	12.3615
-153	202.5	11.7996
-148.5	202.5	13.2698
-144	202.5	14.3058
-139.5	202.5	16.9934
-121.5	202.5	23.8342
-117	202.5	39.0232
-112.5	202.5	21.3284
-108	202.5	22.6832
-99	202.5	32.6514
-94.5	202.5	33.9325
-85.5	202.5	36.4802
-81	202.5	47.2286
-76.5	202.5	53.4093
-67.5	202.5	67.6146
-63	202.5	79.0281
-58.5	202.5	96.5167
-54	202.5	113.965
-49.5	202.5	143.998
-45	202.5	171.614
-40.5	202.5	217.398
-36	202.5	251.594
-31.5	202.5	328.637
-27	202.5	395.33
-22.5	202.5	463.513
-18	202.5	535.034
-13.5	202.5	624.477
-9	202.5	622.286
-4.5	202.5	597.973
0	202.5	571.878
4.5	202.5	572.839
9	202.5	598.251
13.5	202.5	476.582
18	202.5	454.664
22.5	202.5	453.141
27	202.5	430.044
31.5	202.5	428.593
36	202.5	406.564
40.5	202.5	401.203
45	202.5	381.076
49.5	202.5	378.607
54	202.5	344.767
58.5	202.5	327.437
63	202.5	318.649
67.5	202.5	299.61
72	202.5	276.892
76.5	202.5	252.318
81	202.5	232.078
85.5	202.5	206.486
90	202.5	179.78
94.5	202.5	160.771
99	202.5	138.788
103.5	202.5	119.801
108	202.5	114.118
112.5	202.5	90.3203
117	202.5	80
121.5	202.5	67.6239
126	202.5	60.6218
130.5	202.5	49.2129
135	202.5	64.7932
139.5	202.5	72.1004
144	202.5	78.1175
148.5	202.5	79.1486
153	202.5	83.9774
157.5	202.5	84.9464
162	202.5	89.7233
166.5	202.5	93.9617
171	202.5	89.7787
175.5	202.5	82.4128
180	202.5	82.4259
184.5	202.5	77.2095
189	202.5	76.3996
193.5	202.5	73.8814
198	202.5	77.4639
202.5	202.5	78.6308
207	202.5	62.0919
216	202.5	57.0011
220.5	202.5	50.5973
225	202.5	47.8693
229.5	202.5	43.2228
234	202.5	41.7771
238.5	202.5	40.5434
243	202.5	40.3766
247.5	202.5	39.3677
252	202.5	32.8321
256.5	202.5	31.2755
261	202.5	29.4922
265.5	202.5	28.3309
270	202.5	27.1161
274.5	202.5	30.3732
279	202.5	34.7846
283.5	202.5	25.7175
288	202.5	21.2078
292.5	202.5	21.9445
297	202.5	24.107
301.5	202.5	19.7088
306	202.5	19.1461
310.5	202.5	17.7289
315	202.5	17.8647
319.5	202.5	18.7601
328.5	202.5	17.3224
333	202.5	16.6262
337.5	202.5	16.6033
342	202.5	17.8299
346.5	202.5	17.2245
351	202.5	16.0178
355.5	202.5	10.7549
360	202.5	7.42642
364.5	202.5	5.16711
369	202.5	3.09212
373.5	202.5	2.13313
378	202.5	1.36903
382.5	202.5	0.948662
387	202.5	0.593486
391.5	202.5	0.410118
396	202.5	0.244085
400.5	202.5	0.159884
405	202.5	0.154934
409.5	202.5	0.157467
414	202.5	0.157539
418.5	202.5	0.157405
423	202.5	0.147124
427.5	202.5	0.136576
432	202.5	0.132246
436.5	202.5	0.142943
441	202.5	0.133304
445.5	202.5	0.115926
-436.5	207	0.032107
-400.5	207	0.100052
-396	207	0.167912
-391.5	207	0.180119
-387	207	0.266471
-382.5	207	0.450013
-378	207	0.659697
-373.5	207	1.03641
-369	207	1.6231
-342	207	6.19037
-337.5	207	7.82416
-333	207	6.05624
-328.5	207	5.13906
-324	207	5.84827
-319.5	207	5.90512
-315	207	5.67903
-310.5	207	6.14157
-306	207	6.06382
-301.5	207	6.32357
-297	207	6.82013
-292.5	207	6.15008
-288	207	8.34698
-283.5	207	8.2157
-279	207	6.61732
-274.5	207	6.30677
-270	207	30.8209
-265.5	207	7.51975
-261	207	9.10722
-256.5	207	8.09029
-252	207	6.82338
-247.5	207	9.12814
-243	207	8.49977
-238.5	207	7.62668
-234	207	9.3525
-229.5	207	8.34372
-225	207	8.99818
-220.5	207	9.30812
-216	207	9.29836
-211.5	207	9.10925
-198	207	10.4936
-193.5	207	10.0947
-189	207	22.7149
-184.5	207	10.9978
-180	207	10.6334
-175.5	207	11.0802
-171	207	12.1518
-166.5	207	12.0518
-162	207	13.3342
-157.5	207	11.486
-153	207	12.2317
-148.5	207	13.4183
-144	207	14.7098
-139.5	207	16.1243
-121.5	207	22.2392
-108	207	24.6855
-103.5	207	26.5861
-94.5	207	34.8288
-90	207	44.2492
-85.5	207	41.2224
-81	207	53.4355
-67.5	207	71.7445
-63	207	85.0485
-58.5	207	90.3708
-54	207	104.456
-49.5	207	127.814
-45	207	154.14
-40.5	207	183.446
-36	207	222.586
-31.5	207	265.735
-27	207	309.563
-22.5	207	364.521
-18	207	389.432
-13.5	207	435.568
-9	207	437.425
-4.5	207	447.979
0	207	570.425
4.5	207	468.784
9	207	464.763
13.5	207	384.392
18	207	372.043
22.5	207	352.36
27	207	346.204
31.5	207	328.251
36	207	321.846
40.5	207	307.808
45	207	314.507
49.5	207	302.832
54	207	282.581
58.5	207	265.673
63	207	253.359
67.5	207	245.182
72	207	222.311
76.5	207	205.353
81	207	186.565
85.5	207	168.988
90	207	156.237
94.5	207	138.038
99	207	125.513
103.5	207	104.421
108	207	92.3078
112.5	207	85.0344
117	207	72.226
121.5	207	59.9897
126	207	53.2444
130.5	207	48.9088
135	207	55.3702
139.5	207	66.3615
144	207	71.5017
148.5	207	71.8657
153	207	75.7685
157.5	207	81.2628
162	207	92.4585
166.5	207	87.9134
171	207	86.5506
175.5	207	82.442
180	207	77.2215
184.5	207	75.6246
189	207	70.9725
193.5	207	70.6024
198	207	68.1557
202.5	207	61.1042
207	207	59.566
211.5	207	55.3897
216	207	51.3742
220.5	207	48.4064
225	207	51.9345
229.5	207	44.5716
234	207	41.9471
243	207	46.7376
247.5	207	36.9235
252	207	35.3119
256.5	207	35.2977
261	207	32.0034
265.5	207	30.6591
270	207	30.9133
274.5	207	44.0789
279	207	25.4727
283.5	207	24.9399
288	207	25.2928
292.5	207	21.3254
297	207	23.2965
301.5	207	22.6554
306	207	19.7012
310.5	207	18.4161
315	207	17.8387
319.5	207	18.8779
324	207	19.6703
328.5	207	16.9231
333	207	17.6479
337.5	207	20.2859
342	207	18.7353
346.5	207	20.423
351	207	15.8145
355.5	207	10.8873
360	207	7.81941
364.5	207	5.20313
369	207	4.19983
373.5	207	4.88925
378	207	1.60317
382.5	207	1.00995
387	207	0.635652
391.5	207	0.390152
396	207	0.248927
400.5	207	0.171411
405	207	0.157852
409.5	207	0.168145
414	207	0.153466
418.5	207	0.150312
423	207	0.176686
427.5	207	0.151673
432	207	0.126802
436.5	207	0.131743
441	207	0.13745
445.5	207	0.125564
-436.5	211.5	0.035623
-414	211.5	0.053454
-409.5	211.5	0.071324
-405	211.5	0.070691
-400.5	211.5	0.067087
-396	211.5	0.10756
-391.5	211.5	0.173463
-387	211.5	0.28335
-382.5	211.5	0.4344
-378	211.5	0.656515
-373.5	211.5	1.02127
-369	211.5	1.62694
-364.5	211.5	2.99997
-351	211.5	6.32279
-346.5	211.5	5.92899
-342	211.5	6.01656
-337.5	211.5	6.0937
-333	211.5	5.4263
-328.5	211.5	5.25205
-324	211.5	5.70099
-319.5	211.5	5.73218
-315	211.5	5.68618
-310.5	211.5	6.06012
-306	211.5	6.48504
-301.5	211.5	5.97688
-297	211.5	5.63569
-292.5	211.5	6.47321
-288	211.5	7.45456
-283.5	211.5	8.12586
-279	211.5	7.2222
-274.5	211.5	6.86789
-270	211.5	7.25443
-265.5	211.5	7.67939
-261	211.5	6.71054
-256.5	211.5	7.92341
-252	211.5	7.57493
-247.5	211.5	7.14042
-243	211.5	8.09286
-238.5	211.5	7.90356
-234	211.5	7.97395
-229.5	211.5	8.83026
-225	211.5	9.50258
-220.5	211.5	9.54343
-216	211.5	8.54535
-211.5	211.5	9.1294
-207	211.5	10.0483
-198	211.5	9.77613
-193.5	211.5	10.5201
-189	211.5	10.5362
-180	211.5	11.1494
-175.5	211.5	12.8624
-171	211.5	12.1895
-166.5	211.5	12.5674
-162	211.5	12.0193
-157.5	211.5	12.1624
-139.5	211.5	14.8697
-135	211.5	17.6241
-126	211.5	19.6328
-121.5	211.5	19.885
-117	211.5	21.9968
-112.5	211.5	23.9465
-108	211.5	27.0683
-103.5	211.5	29.4417
-99	211.5	30.6275
-90	211.5	39.5551
-85.5	211.5	44.7491
-81	211.5	50.96
-76.5	211.5	55.7173
-72	211.5	69.1116
-67.5	211.5	80.4425
-63	211.5	98.8665
-58.5	211.5	103.028
-54	211.5	114.222
-49.5	211.5	130.241
-45	211.5	160.035
-40.5	211.5	191.184
-36	211.5	220.045
-31.5	211.5	257.451
-27	211.5	294.355
-22.5	211.5	342.231
-18	211.5	355.036
-13.5	211.5	383.362
-9	211.5	414.15
-4.5	211.5	403.579
0	211.5	432.053
4.5	211.5	427.748
9	211.5	420.515
13.5	211.5	381.66
18	211.5	352.575
22.5	211.5	333.458
27	211.5	324.423
31.5	211.5	312.477
36	211.5	317.234
40.5	211.5	294.15
45	211.5	294.251
49.5	211.5	284.37
54	211.5	254.88
58.5	211.5	247.33
63	211.5	239.074
67.5	211.5	223.409
72	211.5	202.526
76.5	211.5	194.723
81	211.5	177.585
85.5	211.5	154.974
90	211.5	145.017
94.5	211.5	133.876
99	211.5	131.132
103.5	211.5	103.009
108	211.5	88.7943
112.5	211.5	88.1994
117	211.5	71.5952
121.5	211.5	61.9707
126	211.5	65.4648
130.5	211.5	51.8285
135	211.5	76.8625
139.5	211.5	58.8777
144	211.5	66.1113
148.5	211.5	66.7476
153	211.5	69.06
157.5	211.5	72.307
162	211.5	72.7599
166.5	211.5	76.955
171	211.5	81.4106
175.5	211.5	77.2775
180	211.5	74.1793
184.5	211.5	68.6943
189	211.5	69.489
193.5	211.5	66.3462
198	211.5	65.8955
202.5	211.5	62.719
207	211.5	58.2425
211.5	211.5	55.8125
216	211.5	49.6569
220.5	211.5	46.5516
225	211.5	47.1381
229.5	211.5	43.562
234	211.5	43.5647
243	211.5	38.4776
247.5	211.5	37.1233
252	211.5	36.1193
256.5	211.5	34.984
261	211.5	32.8347
265.5	211.5	30.5401
270	211.5	29.0525
274.5	211.5	28.5765
279	211.5	27.2096
283.5	211.5	26.4633
288	211.5	23.9593
292.5	211.5	21.5037
297	211.5	22.1828
301.5	211.5	21.5106
306	211.5	20.4616
310.5	211.5	20.4017
315	211.5	18.6842
319.5	211.5	17.1791
324	211.5	18.4774
328.5	211.5	19.4703
333	211.5	17.4569
337.5	211.5	20.5186
342	211.5	17.8317
346.5	211.5	16.9647
351	211.5	21.3933
355.5	211.5	13.8227
360	211.5	7.26767
364.5	211.5	5.71759
369	211.5	3.88906
373.5	211.5	3.41182
378	211.5	2.00847
382.5	211.5	1.12576
387	211.5	0.710244
391.5	211.5	0.435838
396	211.5	0.247866
400.5	211.5	0.172011
405	211.5	0.193784
409.5	211.5	0.175569
414	211.5	0.168717
418.5	211.5	0.158555
423	211.5	0.14081
427.5	211.5	0.140079
432	211.5	0.146501
436.5	211.5	0.145094
441	211.5	0.126098
445.5	211.5	0.130634
-409.5	216	0.041271
-405	216	0.041681
-400.5	216	0.058342
-396	216	0.10698
-391.5	216	0.180482
-387	216	0.261243
-382.5	216	0.407833
-378	216	0.674167
-373.5	216	1.07608
-369	216	1.88102
-364.5	216	2.3517
-360	216	3.65132
-355.5	216	5.12143
-346.5	216	6.66095
-342	216	7.36411
-337.5	216	6.43836
-333	216	6.10511
-328.5	216	5.45027
-324	216	6.90241
-315	216	5.47629
-310.5	216	5.81476
-306	216	5.4732
-301.5	216	7.55228
-297	216	6.21194
-292.5	216	7.31609
-288	216	7.50116
-283.5	216	7.23296
-274.5	216	24.5988
-270	216	6.96347
-265.5	216	7.11348
-261	216	7.55526
-256.5	216	7.2727
-247.5	216	8.61866
-243	216	10.075
-238.5	216	8.30769
-234	216	8.00366
-229.5	216	8.91776
-220.5	216	10.9569
-216	216	9.33763
-211.5	216	10.527
-207	216	10.0138
-202.5	216	10.109
-198	216	9.81797
-193.5	216	12.7901
-189	216	13.425
-180	216	13.5986
-175.5	216	13.2104
-171	216	11.9292
-166.5	216	13.5203
-162	216	13.3933
-157.5	216	12.4558
-153	216	13.4558
-148.5	216	13.686
-144	216	14.5926
-139.5	216	15.9821
-135	216	17.6208
-130.5	216	19.6306
-121.5	216	21.2672
-117	216	24.9129
-112.5	216	25.3672
-103.5	216	29.5343
-99	216	35.2484
-94.5	216	36.2222
-90	216	42.3382
-85.5	216	47.0246
-81	216	54.9143
-76.5	216	60.0924
-72	216	84.0375
-67.5	216	84.0802
-63	216	90.7552
-58.5	216	115.939
-54	216	125.667
-49.5	216	135.204
-45	216	159.101
-40.5	216	190.535
-36	216	215.972
-31.5	216	250.974
-27	216	275.541
-22.5	216	307.611
-18	216	329.263
-13.5	216	355.045
-9	216	380.007
-4.5	216	354.441
0	216	372.665
4.5	216	396.172
9	216	383.274
13.5	216	343.354
18	216	333.305
22.5	216	322.254
27	216	308.077
31.5	216	299.642
36	216	281.137
40.5	216	278.07
45	216	293.734
49.5	216	258.154
54	216	243.017
58.5	216	234.067
63	216	222.316
67.5	216	208.587
72	216	193.214
76.5	216	188.314
81	216	168.146
85.5	216	154.735
90	216	139.958
94.5	216	127.907
99	216	117.048
103.5	216	103.012
108	216	85.3529
112.5	216	79.1422
117	216	77.3887
121.5	216	60.6094
126	216	57.6726
130.5	216	53.0017
135	216	57.7821
139.5	216	65.5423
144	216	71.7272
148.5	216	62.8463
153	216	62.8637
157.5	216	74.3211
162	216	66.3878
166.5	216	68.4024
171	216	74.0099
175.5	216	75.6228
180	216	73.388
184.5	216	72.2411
189	216	70.2677
193.5	216	65.424
198	216	63.8769
202.5	216	63.7735
216	216	49.9811
220.5	216	50.3795
225	216	44.9861
229.5	216	48.73
234	216	42.5623
238.5	216	49.3735
243	216	44.753
247.5	216	38.7662
252	216	35.5774
256.5	216	33.8327
265.5	216	33.2592
270	216	28.6047
279	216	31.4276
283.5	216	27.9312
288	216	24.2872
301.5	216	22.7799
306	216	21.5417
310.5	216	20.5714
315	216	18.4113
319.5	216	18.7935
324	216	18.5557
328.5	216	19.0794
333	216	18.6132
337.5	216	16.522
342	216	18.1
346.5	216	17.1515
351	216	16.0321
355.5	216	11.9861
360	216	7.75758
364.5	216	5.42983
369	216	3.52058
373.5	216	2.54668
378	216	1.74667
382.5	216	1.09065
387	216	0.724294
391.5	216	0.433788
396	216	0.276666
400.5	216	0.192696
405	216	0.167436
409.5	216	0.1865
414	216	0.186868
418.5	216	0.172525
423	216	0.154122
427.5	216	0.150347
432	216	0.140137
436.5	216	0.142613
441	216	0.142012
445.5	216	0.145599
-436.5	220.5	0.044599
-423	220.5	0.066775
-418.5	220.5	0.045878
-414	220.5	0.047815
-405	220.5	0.048595
-400.5	220.5	0.067283
-396	220.5	0.113878
-391.5	220.5	0.18629
-387	220.5	0.265751
-382.5	220.5	0.434031
-378	220.5	0.695344
-373.5	220.5	1.09554
-369	220.5	1.5143
-364.5	220.5	2.19884
-360	220.5	3.37966
-355.5	220.5	5.17352
-351	220.5	6.07806
-346.5	220.5	6.16685
-342	220.5	5.73962
-337.5	220.5	6.14617
-333	220.5	6.40938
-328.5	220.5	5.87384
-324	220.5	6.56076
-315	220.5	6.33919
-310.5	220.5	6.49885
-306	220.5	7.79406
-297	220.5	9.57707
-292.5	220.5	6.59838
-288	220.5	7.14679
-279	220.5	6.57118
-274.5	220.5	6.9937
-270	220.5	7.63914
-265.5	220.5	7.41454
-261	220.5	8.10279
-256.5	220.5	6.92233
-243	220.5	9.44115
-238.5	220.5	9.76165
-234	220.5	9.59436
-229.5	220.5	8.82907
-225	220.5	9.057
-216	220.5	11.1654
-211.5	220.5	9.79523
-202.5	220.5	9.57611
-198	220.5	11.015
-193.5	220.5	17.5833
-184.5	220.5	11.1113
-180	220.5	12.9611
-175.5	220.5	11.9943
-171	220.5	12.8234
-166.5	220.5	11.3312
-162	220.5	12.8236
-157.5	220.5	15.8879
-153	220.5	14.4947
-148.5	220.5	14.479
-144	220.5	14.9391
-139.5	220.5	16.2028
-135	220.5	16.2021
-126	220.5	22.4348
-121.5	220.5	22.7984
-117	220.5	26.5363
-112.5	220.5	27.5036
-108	220.5	30.1769
-103.5	220.5	34.0722
-99	220.5	34.2915
-94.5	220.5	39.1119
-90	220.5	46.4183
-85.5	220.5	56.5338
-81	220.5	64.7139
-76.5	220.5	66.8542
-72	220.5	73.9683
-67.5	220.5	81.9958
-63	220.5	96.3859
-58.5	220.5	109.231
-54	220.5	126.847
-45	220.5	160.885
-40.5	220.5	191.151
-36	220.5	203.475
-27	220.5	269.187
-22.5	220.5	282.636
-18	220.5	291.773
-13.5	220.5	328.843
-9	220.5	343.561
-4.5	220.5	331.772
0	220.5	348.377
4.5	220.5	371.211
9	220.5	351.385
13.5	220.5	333.279
18	220.5	303.198
22.5	220.5	306.544
27	220.5	289.33
31.5	220.5	278.784
36	220.5	271.346
40.5	220.5	257.582
45	220.5	269.298
49.5	220.5	241.836
54	220.5	233.263
58.5	220.5	230.933
63	220.5	208.373
67.5	220.5	197.931
72	220.5	192.35
76.5	220.5	176.348
81	220.5	167.076
85.5	220.5	149.179
90	220.5	129.101
94.5	220.5	126.714
99	220.5	108.2
103.5	220.5	103.117
108	220.5	93.0441
112.5	220.5	78.9774
117	220.5	81.2829
121.5	220.5	65.5501
126	220.5	60.2238
130.5	220.5	56.8355
135	220.5	54.546
139.5	220.5	52.8153
144	220.5	55.272
148.5	220.5	55.8951
153	220.5	66.2275
157.5	220.5	62.1582
162	220.5	59.8832
166.5	220.5	65.4372
171	220.5	66.5271
175.5	220.5	67.0813
180	220.5	72.0371
184.5	220.5	74.96
189	220.5	66.6888
193.5	220.5	67.1366
198	220.5	64.6415
202.5	220.5	63.2239
207	220.5	60.0696
211.5	220.5	59.3392
216	220.5	52.4221
225	220.5	43.8663
229.5	220.5	40.8713
234	220.5	48.519
238.5	220.5	39.6412
243	220.5	38.1137
247.5	220.5	37.4145
252	220.5	32.9376
256.5	220.5	33.6516
261	220.5	33.5798
270	220.5	28.9344
274.5	220.5	26.714
279	220.5	27.3413
283.5	220.5	27.1008
288	220.5	26.4929
292.5	220.5	26.279
297	220.5	22.2889
301.5	220.5	20.552
306	220.5	20.9148
310.5	220.5	19.9802
315	220.5	21.2922
319.5	220.5	20.7126
324	220.5	18.0857
328.5	220.5	18.4826
333	220.5	18.5071
337.5	220.5	17.4002
342	220.5	17.1998
346.5	220.5	16.4039
351	220.5	13.7766
355.5	220.5	10.9435
360	220.5	7.70115
364.5	220.5	6.27165
369	220.5	3.66147
373.5	220.5	2.297
378	220.5	1.63098
382.5	220.5	1.14343
387	220.5	0.742286
391.5	220.5	0.404023
396	220.5	0.239508
400.5	220.5	0.192983
405	220.5	0.189435
409.5	220.5	0.164611
414	220.5	0.157501
418.5	220.5	0.185881
423	220.5	0.183854
427.5	220.5	0.161918
432	220.5	0.157285
436.5	220.5	0.150312
441	220.5	0.145481
445.5	220.5	0.124483
-441	225	0.036164
-427.5	225	0.049709
-418.5	225	0.052013
-414	225	0.045174
-409.5	225	0.047167
-400.5	225	0.084479
-396	225	0.139207
-391.5	225	0.19849
-387	225	0.333287
-382.5	225	0.496505
-378	225	0.661436
-373.5	225	0.951781
-369	225	1.46144
-364.5	225	2.17142
-360	225	3.25874
-355.5	225	5.26847
-351	225	5.33898
-346.5	225	5.41963
-342	225	5.58312
-337.5	225	5.55443
-333	225	5.5639
-328.5	225	5.54423
-324	225	6.6729
-319.5	225	5.70975
-315	225	5.955
-310.5	225	6.81171
-306	225	9.13565
-301.5	225	6.28939
-297	225	7.75456
-292.5	225	6.96214
-288	225	6.21534
-283.5	225	6.51059
-279	225	8.29722
-274.5	225	8.45267
-270	225	7.6435
-265.5	225	7.73016
-261	225	8.21472
-256.5	225	7.37074
-252	225	7.61796
-247.5	225	9.48561
-234	225	9.78863
-229.5	225	8.97409
-225	225	9.70857
-220.5	225	9.69309
-216	225	9.7577
-211.5	225	10.3162
-207	225	10.274
-202.5	225	10.423
-198	225	10.5536
-189	225	14.8916
-184.5	225	12.0495
-180	225	12.4962
-175.5	225	12.8855
-171	225	13.2869
-166.5	225	12.2133
-162	225	11.7183
-153	225	14.888
-148.5	225	19.9116
-144	225	16.7713
-139.5	225	17.9135
-135	225	19.588
-130.5	225	21.2376
-126	225	22.7047
-117	225	28.1873
-112.5	225	28.8799
-108	225	30.7685
-103.5	225	33.9202
-99	225	37.0597
-94.5	225	41.509
-90	225	47.3386
-85.5	225	58.4988
-81	225	69.5351
-76.5	225	65.9846
-72	225	72.2811
-63	225	115.522
-58.5	225	110.425
-54	225	129.298
-45	225	154.708
-40.5	225	180.125
-36	225	197.713
-31.5	225	217.203
-27	225	256.389
-22.5	225	275.633
-18	225	286.42
-13.5	225	299.838
-9	225	310.559
-4.5	225	360.312
0	225	331.051
4.5	225	332.607
9	225	330.284
13.5	225	300.171
18	225	295.318
22.5	225	294.687
27	225	278.436
31.5	225	264.701
36	225	265.233
40.5	225	251.613
45	225	250.61
49.5	225	227.536
54	225	222.013
63	225	205.484
67.5	225	183.829
72	225	200.193
76.5	225	172.221
81	225	162.215
85.5	225	139.062
90	225	128.222
94.5	225	121.508
99	225	111.991
103.5	225	100.599
108	225	90.732
112.5	225	79.8156
117	225	72.8221
121.5	225	69.4188
126	225	60.1957
130.5	225	55.2527
135	225	54.2181
139.5	225	49.7985
144	225	48.6126
148.5	225	56.985
153	225	58.3608
157.5	225	59.9352
162	225	60.943
166.5	225	60.5842
175.5	225	63.2303
180	225	67.9751
184.5	225	70.9861
189	225	63.7337
193.5	225	64.2946
198	225	55.2274
202.5	225	57.5194
207	225	53.644
211.5	225	53.3436
216	225	52.2084
220.5	225	51.9966
225	225	45.5934
229.5	225	44.6423
234	225	47.5658
238.5	225	39.9852
243	225	38.6193
247.5	225	41.6627
252	225	35.5973
256.5	225	32.7409
261	225	33.5648
265.5	225	32.5491
270	225	29.3416
274.5	225	26.9578
279	225	26.6008
283.5	225	25.5703
288	225	26.75
292.5	225	26.3418
297	225	25.426
301.5	225	22.4877
306	225	35.5703
310.5	225	19.3831
315	225	19.0523
319.5	225	22.3312
324	225	18.9212
328.5	225	18.6661
333	225	18.0529
337.5	225	17.9289
342	225	16.3975
346.5	225	30.7336
351	225	20.7209
355.5	225	10.7765
360	225	7.70181
364.5	225	5.05665
369	225	3.53586
373.5	225	2.41194
378	225	1.61928
382.5	225	1.11923
387	225	0.773779
391.5	225	0.535849
396	225	0.326618
400.5	225	0.198655
405	225	0.180175
409.5	225	0.17482
414	225	0.187979
418.5	225	0.1937
423	225	0.172566
427.5	225	0.165913
432	225	0.147219
436.5	225	0.155056
441	225	0.132851
445.5	225	0.128212
-450	229.5	0.03585
-441	229.5	0.043352
-432	229.5	0.043932
-418.5	229.5	0.048646
-409.5	229.5	0.053248
-405	229.5	0.050037
-400.5	229.5	0.066982
-396	229.5	0.142244
-391.5	229.5	0.208289
-387	229.5	0.29526
-382.5	229.5	0.483394
-378	229.5	0.721461
-373.5	229.5	0.967633
-369	229.5	1.43049
-364.5	229.5	2.08879
-360	229.5	3.28099
-355.5	229.5	4.20304
-351	229.5	6.06521
-346.5	229.5	5.57641
-342	229.5	5.96642
-337.5	229.5	5.63455
-333	229.5	6.15843
-328.5	229.5	7.15667
-319.5	229.5	6.5546
-315	229.5	6.33467
-310.5	229.5	7.20971
-306	229.5	7.2993
-301.5	229.5	7.61496
-297	229.5	7.71875
-288	229.5	7.00558
-283.5	229.5	7.36629
-279	229.5	7.66225
-274.5	229.5	6.80425
-270	229.5	6.51935
-265.5	229.5	7.02242
-261	229.5	10.3644
-256.5	229.5	7.74482
-252	229.5	10.4402
-247.5	229.5	7.70823
-243	229.5	9.42253
-238.5	229.5	8.96394
-234	229.5	8.26809
-229.5	229.5	9.06377
-225	229.5	9.28063
-220.5	229.5	8.35593
-216	229.5	9.2206
-211.5	229.5	8.93353
-207	229.5	9.43187
-202.5	229.5	10.6245
-198	229.5	12.5878
-193.5	229.5	11.5071
-189	229.5	11.8224
-184.5	229.5	12.6591
-180	229.5	13.6584
-175.5	229.5	12.4864
-171	229.5	12.6416
-166.5	229.5	13.6313
-162	229.5	13.5971
-157.5	229.5	13.8106
-153	229.5	14.7712
-148.5	229.5	14.9025
-144	229.5	16.6073
-139.5	229.5	20.6
-135	229.5	20.0108
-130.5	229.5	20.7463
-126	229.5	23.0138
-117	229.5	29.5713
-112.5	229.5	30.4939
-108	229.5	35.9035
-103.5	229.5	41.9836
-99	229.5	39.3691
-94.5	229.5	43.3246
-90	229.5	52.6592
-85.5	229.5	77.3051
-81	229.5	71.5057
-76.5	229.5	69.7293
-72	229.5	81.4964
-67.5	229.5	87.3182
-63	229.5	98.0892
-58.5	229.5	109.704
-54	229.5	123.647
-49.5	229.5	136.77
-40.5	229.5	185.954
-36	229.5	191.948
-31.5	229.5	212.22
-27	229.5	238.5
-22.5	229.5	250.138
-18	229.5	264.158
-13.5	229.5	284.004
-9	229.5	291.382
-4.5	229.5	302.625
0	229.5	290.437
4.5	229.5	307.194
9	229.5	303.956
13.5	229.5	289.222
18	229.5	289.116
22.5	229.5	283.991
27	229.5	262.444
31.5	229.5	256.158
36	229.5	240.746
40.5	229.5	235.652
45	229.5	218.962
49.5	229.5	225.345
54	229.5	205.413
58.5	229.5	196.449
63	229.5	190.433
67.5	229.5	173.279
72	229.5	175.016
76.5	229.5	151.168
81	229.5	148.659
85.5	229.5	140.11
90	229.5	125.221
94.5	229.5	113.445
99	229.5	111.801
103.5	229.5	103.675
108	229.5	88.7951
112.5	229.5	87.7965
117	229.5	71.0549
121.5	229.5	75.5548
126	229.5	65.6123
130.5	229.5	55.0475
135	229.5	54.3265
139.5	229.5	51.3556
144	229.5	50.756
148.5	229.5	53.8287
153	229.5	54.5518
157.5	229.5	53.7972
162	229.5	57.7004
166.5	229.5	54.6173
171	229.5	56.4874
175.5	229.5	60.913
180	229.5	63.4168
184.5	229.5	74.6702
193.5	229.5	65.6731
198	229.5	57.4371
202.5	229.5	53.536
207	229.5	56.917
211.5	229.5	53.9679
216	229.5	52.4397
220.5	229.5	49.8053
225	229.5	52.323
229.5	229.5	43.6641
234	229.5	41.8683
238.5	229.5	40.8052
243	229.5	39.0343
247.5	229.5	36.1551
252	229.5	34.3028
256.5	229.5	34.0216
261	229.5	37.6568
265.5	229.5	34.4645
270	229.5	34.2986
274.5	229.5	29.6392
279	229.5	38.8957
283.5	229.5	26.2613
288	229.5	27.6163
292.5	229.5	29.1871
297	229.5	39.2562
301.5	229.5	39.2561
306	229.5	52.7457
310.5	229.5	20.1842
315	229.5	17.9981
319.5	229.5	20.2348
324	229.5	19.3911
328.5	229.5	18.8284
333	229.5	18.139
337.5	229.5	17.5562
342	229.5	18.3745
346.5	229.5	16.5626
351	229.5	15.0171
355.5	229.5	10.769
360	229.5	8.10973
364.5	229.5	4.76251
369	229.5	3.43523
373.5	229.5	2.44532
378	229.5	1.57857
382.5	229.5	1.07812
387	229.5	0.727191
391.5	229.5	0.513506
396	229.5	0.300802
400.5	229.5	0.23943
405	229.5	0.247834
409.5	229.5	0.203526
414	229.5	0.186054
418.5	229.5	0.191809
423	229.5	0.180735
427.5	229.5	0.163448
432	229.5	0.150344
436.5	229.5	0.137876
441	229.5	0.145832
445.5	229.5	0.130158
-450	234	0.0369
-423	234	0.048271
-418.5	234	0.053184
-409.5	234	0.053529
-405	234	0.054904
-400.5	234	0.092644
-396	234	0.128054
-391.5	234	0.183218
-387	234	0.299373
-382.5	234	0.433809
-378	234	0.606146
-373.5	234	0.892909
-369	234	1.48553
-364.5	234	2.31569
-360	234	3.4321
-355.5	234	4.94479
-351	234	5.82134
-346.5	234	6.12437
-342	234	5.6782
-337.5	234	6.24639
-333	234	6.72626
-328.5	234	6.87733
-324	234	6.49632
-319.5	234	6.41115
-315	234	6.82214
-301.5	234	7.90607
-297	234	6.42845
-288	234	7.83468
-283.5	234	9.01761
-279	234	6.53107
-274.5	234	7.58228
-270	234	7.19082
-265.5	234	8.8186
-261	234	8.44016
-256.5	234	7.7611
-252	234	7.90804
-247.5	234	9.76774
-243	234	8.01512
-234	234	8.74544
-229.5	234	8.4091
-225	234	8.19429
-220.5	234	8.49265
-216	234	9.01489
-211.5	234	10.1372
-207	234	12.515
-202.5	234	11.0569
-193.5	234	10.9314
-189	234	11.7817
-184.5	234	12.6599
-180	234	13.4907
-175.5	234	13.5092
-171	234	14.2215
-166.5	234	14.7619
-162	234	14.4039
-157.5	234	15.7288
-153	234	15.6642
-148.5	234	16.0219
-144	234	16.9166
-139.5	234	20.3962
-130.5	234	23.1106
-126	234	23.6113
-121.5	234	29.2258
-117	234	29.5159
-108	234	37.3242
-103.5	234	34.3155
-94.5	234	48.9403
-90	234	59.5965
-85.5	234	56.9656
-81	234	68.7053
-76.5	234	70.454
-72	234	90.3004
-67.5	234	90.3116
-63	234	102.228
-58.5	234	112.784
-54	234	126.017
-49.5	234	148.301
-45	234	158.095
-40.5	234	173.488
-36	234	183.637
-31.5	234	203.118
-27	234	223.585
-22.5	234	230.814
-18	234	240.584
-13.5	234	246.233
-9	234	276.426
-4.5	234	264.086
0	234	268.366
4.5	234	275.34
9	234	283.803
13.5	234	277.176
18	234	266.175
22.5	234	266.476
27	234	248.163
31.5	234	242.888
36	234	241.011
40.5	234	223.169
45	234	207.282
49.5	234	204.69
54	234	200.814
58.5	234	184.454
63	234	182.351
67.5	234	168.457
72	234	162.028
76.5	234	148.055
81	234	141.661
85.5	234	144.448
90	234	113.932
94.5	234	113.516
99	234	112.472
103.5	234	96.7801
108	234	88.8817
112.5	234	83.6634
117	234	85.054
121.5	234	71.2288
126	234	68.7609
130.5	234	59.044
135	234	62.1467
139.5	234	49.6724
144	234	50.1748
148.5	234	55.1887
153	234	51.9194
157.5	234	63.9267
162	234	53.0659
166.5	234	52.7945
171	234	51.0724
175.5	234	57.4263
180	234	56.864
184.5	234	57.7098
189	234	60.2268
193.5	234	59.8906
198	234	56.2059
202.5	234	55.7861
207	234	53.2201
211.5	234	51.9733
216	234	50.6634
220.5	234	49.5925
225	234	47.3304
229.5	234	46.6181
238.5	234	42.2684
243	234	38.2613
247.5	234	36.5831
252	234	36.564
256.5	234	32.1442
261	234	32.2608
265.5	234	30.6052
270	234	32.603
274.5	234	31.0937
279	234	28.2627
283.5	234	27.1136
288	234	26.4478
292.5	234	25.0648
297	234	20.8587
301.5	234	24.0995
306	234	26.3343
310.5	234	23.9769
315	234	21.659
319.5	234	18.7706
324	234	20.4386
328.5	234	19.623
333	234	18.7881
337.5	234	17.5702
342	234	17.0234
346.5	234	16.8193
351	234	15.9135
355.5	234	10.1373
360	234	7.43244
364.5	234	5.19179
369	234	3.40357
373.5	234	2.25363
378	234	1.58226
382.5	234	0.979541
387	234	0.667763
391.5	234	0.462892
396	234	0.305826
400.5	234	0.227931
405	234	0.222964
409.5	234	0.229015
414	234	0.225631
418.5	234	0.205719
423	234	0.213181
427.5	234	0.177089
432	234	0.150663
436.5	234	0.144571
441	234	0.129975
445.5	234	0.13785
-445.5	238.5	0.054727
-441	238.5	0.051351
-432	238.5	0.050532
-423	238.5	0.061869
-414	238.5	0.044247
-400.5	238.5	0.070009
-396	238.5	0.118671
-391.5	238.5	0.193411
-387	238.5	0.283478
-382.5	238.5	0.427389
-378	238.5	0.65485
-373.5	238.5	1.06651
-369	238.5	1.68841
-364.5	238.5	2.41572
-360	238.5	3.8113
-355.5	238.5	4.88982
-351	238.5	7.66316
-346.5	238.5	9.27763
-342	238.5	6.8256
-337.5	238.5	7.11532
-333	238.5	7.05303
-328.5	238.5	6.56549
-324	238.5	6.3004
-319.5	238.5	5.62643
-315	238.5	5.65712
-306	238.5	7.67971
-301.5	238.5	7.52782
-297	238.5	7.07507
-292.5	238.5	6.83907
-283.5	238.5	6.8705
-279	238.5	7.3813
-274.5	238.5	7.20643
-270	238.5	7.70388
-265.5	238.5	10.1498
-261	238.5	7.0567
-256.5	238.5	7.15159
-243	238.5	8.47778
-234	238.5	8.43209
-229.5	238.5	23.4698
-225	238.5	8.88897
-220.5	238.5	8.66648
-216	238.5	8.33451
-211.5	238.5	10.8982
-207	238.5	9.56043
-202.5	238.5	10.9684
-198	238.5	13.7946
-189	238.5	12.0546
-180	238.5	13.5405
-175.5	238.5	14.3482
-171	238.5	15.2777
-166.5	238.5	15.1705
-157.5	238.5	17.2867
-153	238.5	17.0455
-148.5	238.5	16.7813
-144	238.5	18.5847
-135	238.5	33.196
-130.5	238.5	24.369
-126	238.5	29.9137
-121.5	238.5	29.9366
-117	238.5	30.8527
-112.5	238.5	33.5871
-108	238.5	35.6084
-103.5	238.5	36.5886
-99	238.5	44.4992
-94.5	238.5	47.8631
-90	238.5	61.3101
-85.5	238.5	61.3708
-81	238.5	77.1449
-76.5	238.5	77.6025
-72	238.5	101.439
-67.5	238.5	93.5332
-63	238.5	99.741
-58.5	238.5	112.589
-54	238.5	123.268
-49.5	238.5	142.681
-45	238.5	160.933
-40.5	238.5	165.084
-36	238.5	179.084
-31.5	238.5	191.329
-27	238.5	226.727
-22.5	238.5	216.174
-18	238.5	224.864
-13.5	238.5	248.247
-9	238.5	254.257
-4.5	238.5	255.174
0	238.5	253.629
4.5	238.5	259.001
9	238.5	261.439
13.5	238.5	263.861
18	238.5	245.62
22.5	238.5	250.795
27	238.5	231.447
31.5	238.5	230.279
36	238.5	233.165
40.5	238.5	209.844
45	238.5	200.064
49.5	238.5	196.405
54	238.5	184
58.5	238.5	176.889
63	238.5	187.806
67.5	238.5	166.236
72	238.5	156.326
76.5	238.5	141.117
81	238.5	145.256
85.5	238.5	134.56
90	238.5	127.193
94.5	238.5	106.373
99	238.5	105.121
103.5	238.5	94.739
108	238.5	89.0858
112.5	238.5	89.0741
117	238.5	76.5669
121.5	238.5	71.6306
126	238.5	70.8828
130.5	238.5	64.5483
135	238.5	57.2769
139.5	238.5	57.1226
144	238.5	56.4726
148.5	238.5	50.9539
153	238.5	48.313
157.5	238.5	50.8073
162	238.5	47.9806
166.5	238.5	54.2423
171	238.5	53.9181
175.5	238.5	47.4774
180	238.5	50.8818
184.5	238.5	54.1552
189	238.5	63.0829
193.5	238.5	60.6235
198	238.5	55.8539
202.5	238.5	53.6718
207	238.5	52.2059
211.5	238.5	48.6117
216	238.5	48.2249
220.5	238.5	48.6402
225	238.5	43.7389
229.5	238.5	42.5585
234	238.5	41.3769
238.5	238.5	38.1681
243	238.5	36.3729
247.5	238.5	36.1646
252	238.5	37.1572
256.5	238.5	34.7283
261	238.5	33.078
265.5	238.5	37.161
270	238.5	30.8569
274.5	238.5	30.6034
279	238.5	32.978
283.5	238.5	28.5436
288	238.5	26.0046
292.5	238.5	24.5653
297	238.5	25.0529
301.5	238.5	30.7127
306	238.5	22.0646
310.5	238.5	24.3727
315	238.5	22.374
319.5	238.5	22.8879
324	238.5	19.9259
328.5	238.5	17.8346
333	238.5	18.1961
337.5	238.5	19.1429
342	238.5	19.6284
346.5	238.5	17.9525
351	238.5	15.8859
355.5	238.5	11.0395
360	238.5	8.10446
364.5	238.5	5.40956
369	238.5	3.57114
373.5	238.5	2.25478
378	238.5	1.5167
382.5	238.5	1.00869
387	238.5	0.678828
391.5	238.5	0.462388
396	238.5	0.274405
400.5	238.5	0.210257
405	238.5	0.216716
409.5	238.5	0.213179
414	238.5	0.212845
418.5	238.5	0.209403
423	238.5	0.199816
427.5	238.5	0.7226
432	238.5	0.409074
436.5	238.5	0.147293
441	238.5	0.118302
445.5	238.5	0.131466
-450	243	0.060786
-432	243	0.056318
-423	243	0.042523
-418.5	243	0.049105
-414	243	0.055391
-409.5	243	0.052486
-405	243	0.052633
-400.5	243	0.06943
-396	243	0.11751
-391.5	243	0.21207
-387	243	0.289087
-382.5	243	0.428735
-378	243	0.725639
-373.5	243	1.14475
-369	243	1.6588
-364.5	243	2.78494
-360	243	4.5372
-351	243	6.93747
-346.5	243	5.99543
-342	243	6.40611
-337.5	243	6.31887
-333	243	5.73596
-328.5	243	6.58957
-324	243	6.98702
-315	243	6.40731
-310.5	243	7.10603
-301.5	243	7.11872
-297	243	7.25987
-292.5	243	6.81005
-288	243	6.64851
-283.5	243	7.01026
-279	243	7.44781
-274.5	243	7.5198
-270	243	7.25758
-265.5	243	8.07104
-261	243	8.26696
-256.5	243	8.87957
-243	243	8.10556
-238.5	243	8.16627
-229.5	243	19.1517
-225	243	9.79688
-220.5	243	10.3181
-216	243	11.1924
-211.5	243	10.8986
-207	243	10.2749
-198	243	15.5902
-193.5	243	10.8436
-189	243	13.2595
-184.5	243	18.5994
-180	243	16.2168
-175.5	243	13.1548
-171	243	13.33
-166.5	243	14.1926
-162	243	15.0929
-157.5	243	16.9066
-153	243	17.0973
-148.5	243	18.7523
-144	243	20.9045
-139.5	243	20.5508
-135	243	26.6325
-130.5	243	25.7069
-126	243	27.7901
-121.5	243	28.4802
-117	243	31.1152
-112.5	243	35.0101
-108	243	38.4903
-103.5	243	45.9138
-99	243	44.5716
-94.5	243	53.2808
-90	243	53.5348
-85.5	243	65.7497
-81	243	73.7058
-76.5	243	76.1982
-72	243	79.8076
-67.5	243	93.9086
-63	243	97.9619
-58.5	243	109.444
-54	243	125.517
-49.5	243	132.843
-45	243	157.338
-40.5	243	159.76
-31.5	243	200.244
-27	243	200.743
-22.5	243	207.975
-18	243	210.781
-13.5	243	225.985
-9	243	235.905
-4.5	243	233.76
0	243	243.255
4.5	243	248.316
9	243	248.676
13.5	243	237.002
18	243	229.549
22.5	243	222.587
27	243	225.073
31.5	243	221.204
36	243	224.989
40.5	243	202.703
45	243	192.947
49.5	243	186.977
54	243	179.852
58.5	243	180.957
63	243	167.529
67.5	243	160.873
72	243	144.908
76.5	243	144.723
81	243	131.015
85.5	243	119.583
90	243	117.26
94.5	243	102.608
99	243	101.753
103.5	243	92.0483
108	243	100.498
112.5	243	83.7265
117	243	76.173
121.5	243	70.0487
126	243	64.5828
130.5	243	62.5384
135	243	66.6861
144	243	51.7224
148.5	243	46.7825
153	243	46.7729
157.5	243	51.6518
162	243	46.5316
166.5	243	47.4495
171	243	65.0404
175.5	243	52.5295
180	243	46.6677
184.5	243	49.9708
189	243	50.8318
193.5	243	49.155
198	243	53.0592
202.5	243	52.9282
207	243	49.9856
211.5	243	46.9863
216	243	52.6943
220.5	243	49.4446
225	243	46.6605
229.5	243	42.7499
238.5	243	47.1977
247.5	243	33.9522
252	243	36.2874
256.5	243	35.8023
261	243	32.6448
265.5	243	32.3501
270	243	28.945
274.5	243	29.2111
279	243	29.0834
283.5	243	29.8707
288	243	27.9305
292.5	243	27.5815
297	243	24.3802
301.5	243	24.7987
306	243	40.6995
310.5	243	19.4628
315	243	22.345
319.5	243	21.5162
324	243	22.615
328.5	243	20.8261
333	243	19.5509
337.5	243	17.2774
342	243	17.2722
346.5	243	18.6859
351	243	15.3556
355.5	243	10.1081
360	243	7.47713
364.5	243	5.16777
369	243	3.52836
373.5	243	2.35747
378	243	1.56664
382.5	243	1.07928
387	243	0.692797
391.5	243	0.452091
396	243	0.276941
400.5	243	0.199197
405	243	0.196028
409.5	243	0.199455
414	243	0.192975
418.5	243	0.192079
423	243	0.197449
427.5	243	0.198295
432	243	0.482556
436.5	243	0.180851
441	243	0.141968
445.5	243	0.132
-445.5	247.5	0.046371
-441	247.5	0.049533
-432	247.5	0.03861
-418.5	247.5	0.04771
-414	247.5	0.049652
-409.5	247.5	0.04973
-405	247.5	0.047302
-400.5	247.5	0.079219
-396	247.5	0.122676
-391.5	247.5	0.183353
-387	247.5	0.291356
-382.5	247.5	0.43508
-378	247.5	0.714119
-373.5	247.5	1.25712
-369	247.5	2.15726
-364.5	247.5	2.58981
-360	247.5	4.27955
-346.5	247.5	6.1612
-342	247.5	6.36325
-337.5	247.5	4.98412
-333	247.5	14.9861
-328.5	247.5	8.13259
-324	247.5	6.23768
-319.5	247.5	6.11492
-315	247.5	6.89219
-310.5	247.5	6.60154
-306	247.5	6.57525
-297	247.5	6.45921
-292.5	247.5	6.74116
-288	247.5	6.59673
-283.5	247.5	6.68916
-279	247.5	7.56091
-274.5	247.5	7.95062
-270	247.5	7.5802
-265.5	247.5	7.43726
-261	247.5	8.04796
-256.5	247.5	11.0049
-247.5	247.5	7.88136
-243	247.5	8.57311
-238.5	247.5	9.63681
-234	247.5	9.88931
-229.5	247.5	12.1999
-225	247.5	14.3071
-216	247.5	10.1534
-211.5	247.5	14.0058
-207	247.5	11.2546
-202.5	247.5	11.1801
-198	247.5	11.7338
-193.5	247.5	12.1218
-189	247.5	13.185
-184.5	247.5	13.5476
-180	247.5	13.1796
-175.5	247.5	13.8976
-166.5	247.5	14.9724
-162	247.5	15.786
-157.5	247.5	16.6777
-153	247.5	19.3455
-148.5	247.5	19.2247
-144	247.5	25.2076
-139.5	247.5	22.9178
-130.5	247.5	27.6259
-126	247.5	31.2626
-121.5	247.5	31.4677
-117	247.5	33.1053
-112.5	247.5	36.2745
-108	247.5	39.5034
-103.5	247.5	50.3085
-99	247.5	47.2133
-94.5	247.5	50.8143
-90	247.5	54.2207
-85.5	247.5	65.2923
-81	247.5	68.2017
-76.5	247.5	73.7743
-72	247.5	81.1371
-67.5	247.5	95.6875
-63	247.5	100.888
-58.5	247.5	112.384
-54	247.5	120.094
-49.5	247.5	131.207
-45	247.5	143.78
-40.5	247.5	168.31
-36	247.5	166.509
-31.5	247.5	175.408
-27	247.5	190.319
-22.5	247.5	203.674
-18	247.5	197.339
-13.5	247.5	210.067
-9	247.5	219.271
-4.5	247.5	217.82
0	247.5	225.044
4.5	247.5	236.711
9	247.5	247.386
13.5	247.5	239.378
18	247.5	217.297
22.5	247.5	212.468
27	247.5	206.735
31.5	247.5	203.664
36	247.5	214.289
40.5	247.5	188.58
45	247.5	192.891
49.5	247.5	180.676
54	247.5	173.719
58.5	247.5	167.424
67.5	247.5	166.657
72	247.5	136.434
76.5	247.5	140.136
81	247.5	125.044
85.5	247.5	111.616
90	247.5	113.793
94.5	247.5	104.726
99	247.5	97.1239
103.5	247.5	93.1492
108	247.5	87.0339
112.5	247.5	78.4677
117	247.5	74.4463
121.5	247.5	70.687
126	247.5	67.9241
130.5	247.5	61.9258
135	247.5	54.3819
139.5	247.5	55.6486
144	247.5	52.5191
148.5	247.5	50.4852
153	247.5	47.381
157.5	247.5	44.545
162	247.5	44.3628
166.5	247.5	45.6075
171	247.5	52.5168
175.5	247.5	50.3009
180	247.5	66.8728
184.5	247.5	46.9958
189	247.5	49.5778
193.5	247.5	47.1685
198	247.5	57.9196
202.5	247.5	52.4685
207	247.5	51.1592
211.5	247.5	48.6427
216	247.5	48.033
220.5	247.5	44.5284
225	247.5	48.9935
229.5	247.5	42.2519
234	247.5	40.0502
238.5	247.5	39.4496
243	247.5	42.1754
247.5	247.5	37.3748
252	247.5	33.7457
256.5	247.5	34.5212
265.5	247.5	34.2827
270	247.5	32.6685
274.5	247.5	29.6351
279	247.5	27.3651
283.5	247.5	30.471
288	247.5	29.9547
292.5	247.5	27.2082
297	247.5	25.6381
301.5	247.5	22.7466
306	247.5	23.5871
310.5	247.5	22.5357
315	247.5	19.7143
319.5	247.5	18.8918
324	247.5	20.6408
328.5	247.5	20.9067
333	247.5	21.3861
337.5	247.5	19.2622
342	247.5	18.1237
346.5	247.5	17.7529
351	247.5	15.5936
355.5	247.5	10.8285
360	247.5	7.26447
364.5	247.5	4.78657
369	247.5	3.49602
373.5	247.5	2.514
378	247.5	1.69252
382.5	247.5	1.07685
387	247.5	0.698006
391.5	247.5	0.448534
396	247.5	0.272054
400.5	247.5	0.196655
405	247.5	0.193092
409.5	247.5	0.195187
414	247.5	0.184546
418.5	247.5	0.194943
423	247.5	0.202049
427.5	247.5	0.188551
432	247.5	0.189518
436.5	247.5	0.174767
441	247.5	0.187722
445.5	247.5	0.15799
-450	252	0.043322
-445.5	252	0.046856
-432	252	0.044812
-427.5	252	0.043866
-423	252	0.045238
-418.5	252	0.046076
-414	252	0.046541
-409.5	252	0.051343
-405	252	0.058102
-400.5	252	0.072792
-396	252	0.122809
-391.5	252	0.203313
-387	252	0.295636
-382.5	252	0.468135
-378	252	0.810941
-373.5	252	1.23362
-369	252	1.7005
-364.5	252	2.79958
-360	252	4.4135
-355.5	252	5.81463
-351	252	6.19666
-346.5	252	6.13404
-342	252	5.54633
-337.5	252	6.45788
-333	252	7.88756
-328.5	252	5.96702
-324	252	6.80251
-319.5	252	6.74176
-315	252	6.04614
-310.5	252	6.56424
-306	252	6.43836
-301.5	252	6.30572
-288	252	7.04063
-283.5	252	7.52395
-279	252	7.48544
-274.5	252	6.495
-270	252	7.54348
-265.5	252	7.67439
-261	252	8.9977
-256.5	252	9.03303
-252	252	8.01971
-247.5	252	7.9202
-243	252	9.7754
-238.5	252	10.2561
-234	252	10.6708
-229.5	252	9.79271
-225	252	9.87831
-220.5	252	9.424
-216	252	9.98261
-211.5	252	12.4233
-207	252	11.7886
-202.5	252	15.714
-198	252	11.6709
-193.5	252	12.2999
-189	252	12.8862
-184.5	252	11.5317
-180	252	12.8669
-175.5	252	13.1763
-171	252	17.9545
-166.5	252	14.3793
-162	252	14.9819
-153	252	20.6636
-148.5	252	25.8073
-144	252	22.1847
-139.5	252	23.9888
-135	252	23.1924
-130.5	252	25.0332
-126	252	31.495
-121.5	252	30.0798
-108	252	46.9779
-103.5	252	43.034
-99	252	46.2583
-94.5	252	59.4773
-90	252	60.6388
-85.5	252	67.5532
-81	252	70.0113
-76.5	252	76.4857
-72	252	118.494
-67.5	252	109.858
-63	252	103.926
-58.5	252	111.958
-54	252	119.96
-49.5	252	129.767
-45	252	134.748
-40.5	252	149.664
-36	252	151.236
-31.5	252	172.942
-27	252	189.965
-22.5	252	178.973
-18	252	193.898
-13.5	252	211.05
-9	252	213.86
-4.5	252	217.338
0	252	253.42
4.5	252	221.231
9	252	231.226
13.5	252	206.467
18	252	209
22.5	252	208.472
27	252	200.51
31.5	252	191.526
36	252	202.844
40.5	252	181.833
45	252	180.022
49.5	252	176.894
54	252	157.891
58.5	252	165.409
63	252	154.024
67.5	252	151.442
72	252	136.87
76.5	252	126.688
81	252	114.4
85.5	252	110.749
90	252	108.671
94.5	252	104.319
99	252	97.7665
103.5	252	91.0942
108	252	86.7428
112.5	252	77.5596
117	252	74.8711
121.5	252	67.0226
126	252	66.8743
130.5	252	59.9538
135	252	57.8121
139.5	252	51.6208
144	252	49.2724
148.5	252	51.2537
153	252	46.6872
157.5	252	51.766
162	252	47.8211
166.5	252	46.052
171	252	42.2846
175.5	252	50.7237
180	252	46.9309
184.5	252	48.1891
189	252	44.2004
193.5	252	45.6451
198	252	46.8844
202.5	252	48.3686
207	252	48.9492
211.5	252	49.7669
216	252	46.4727
220.5	252	44.3736
225	252	44.204
229.5	252	44.1444
234	252	38.3367
238.5	252	39.931
243	252	39.8309
247.5	252	38.0283
252	252	36.2952
256.5	252	33.6419
261	252	37.6625
270	252	30.5478
274.5	252	32.1568
279	252	27.6347
283.5	252	26.99
288	252	27.8708
292.5	252	26.7252
297	252	27.0626
301.5	252	25.4416
306	252	24.9763
310.5	252	21.4751
315	252	23.7659
324	252	18.5991
328.5	252	19.784
333	252	20.9393
337.5	252	21.3264
342	252	22.1269
346.5	252	20.6703
351	252	14.7063
355.5	252	11.1624
360	252	9.01942
364.5	252	5.08454
369	252	3.26069
373.5	252	2.16661
378	252	1.61339
382.5	252	1.09999
387	252	0.725088
391.5	252	0.464313
396	252	0.291727
400.5	252	0.232509
405	252	0.22376
409.5	252	0.207605
414	252	0.195895
418.5	252	0.188218
423	252	0.161298
427.5	252	0.179975
432	252	0.174794
436.5	252	0.168806
441	252	0.148586
445.5	252	0.157532
-445.5	256.5	0.032974
-441	256.5	0.032411
-432	256.5	0.043399
-427.5	256.5	0.049238
-418.5	256.5	0.054786
-414	256.5	0.055557
-405	256.5	0.044609
-400.5	256.5	0.069763
-396	256.5	0.12687
-391.5	256.5	0.19041
-387	256.5	0.308958
-382.5	256.5	0.496156
-378	256.5	0.781041
-373.5	256.5	1.23245
-369	256.5	1.79066
-364.5	256.5	2.50429
-360	256.5	3.90044
-355.5	256.5	5.26502
-351	256.5	5.77837
-346.5	256.5	5.96124
-342	256.5	6.21361
-337.5	256.5	6.49759
-333	256.5	6.27527
-324	256.5	6.17924
-315	256.5	6.10798
-310.5	256.5	6.62225
-306	256.5	6.24401
-301.5	256.5	5.91316
-297	256.5	6.0738
-292.5	256.5	6.93964
-288	256.5	6.77856
-283.5	256.5	7.06357
-279	256.5	7.35989
-274.5	256.5	7.35448
-252	256.5	8.4073
-247.5	256.5	8.93134
-243	256.5	8.44917
-238.5	256.5	9.74237
-234	256.5	9.64445
-229.5	256.5	9.70615
-225	256.5	9.78069
-220.5	256.5	22.3971
-216	256.5	9.67597
-211.5	256.5	11.9869
-207	256.5	11.4733
-202.5	256.5	13.6812
-198	256.5	12.1713
-193.5	256.5	13.1417
-189	256.5	12.3912
-184.5	256.5	12.6479
-180	256.5	14.2826
-175.5	256.5	14.9767
-171	256.5	14.427
-166.5	256.5	16.8331
-162	256.5	16.7339
-157.5	256.5	19.0653
-153	256.5	18.5377
-148.5	256.5	20.5072
-144	256.5	23.7848
-139.5	256.5	24.5241
-135	256.5	28.5366
-130.5	256.5	27.4608
-121.5	256.5	43.3007
-117	256.5	34.596
-112.5	256.5	36.2218
-108	256.5	50.5691
-103.5	256.5	48.0536
-99	256.5	46.2248
-94.5	256.5	49.1232
-90	256.5	59.0957
-85.5	256.5	70.709
-81	256.5	71.5878
-76.5	256.5	76.1127
-72	256.5	79.7808
-67.5	256.5	100.5
-63	256.5	97.346
-58.5	256.5	118.749
-54	256.5	123.78
-49.5	256.5	124.692
-45	256.5	134.509
-40.5	256.5	157.696
-36	256.5	161.437
-31.5	256.5	168.381
-27	256.5	166.172
-22.5	256.5	168.603
-18	256.5	187.752
-13.5	256.5	207.036
-9	256.5	188.752
-4.5	256.5	190.744
0	256.5	218.176
4.5	256.5	214.301
9	256.5	216.745
13.5	256.5	196.03
18	256.5	190.895
22.5	256.5	195.735
27	256.5	193.724
31.5	256.5	185.296
36	256.5	186.557
40.5	256.5	168.945
45	256.5	168.375
49.5	256.5	159.621
54	256.5	159.127
58.5	256.5	145.044
63	256.5	145.312
67.5	256.5	148.194
72	256.5	130.426
76.5	256.5	143.758
81	256.5	116.467
85.5	256.5	111.619
90	256.5	102.438
94.5	256.5	97.2187
99	256.5	93.8111
103.5	256.5	91.7348
108	256.5	82.704
112.5	256.5	80.0677
117	256.5	78.9367
121.5	256.5	75.2301
126	256.5	66.3026
130.5	256.5	62.6018
135	256.5	60.5425
139.5	256.5	58.5853
144	256.5	48.1721
148.5	256.5	50.0636
153	256.5	49.5666
157.5	256.5	45.1268
162	256.5	42.1956
166.5	256.5	45.759
184.5	256.5	46.3875
189	256.5	43.6716
193.5	256.5	42.5107
198	256.5	41.5764
202.5	256.5	45.3978
207	256.5	47.1346
211.5	256.5	46.7822
216	256.5	47.5017
220.5	256.5	42.5179
225	256.5	46.6663
229.5	256.5	41.4777
234	256.5	42.9282
238.5	256.5	37.0869
243	256.5	36.2292
247.5	256.5	37.4365
252	256.5	36.3093
256.5	256.5	33.6303
261	256.5	30.0791
265.5	256.5	35.228
270	256.5	31.6233
274.5	256.5	31.6431
279	256.5	30.9053
283.5	256.5	28.7549
288	256.5	26.0746
292.5	256.5	26.2413
297	256.5	25.3595
301.5	256.5	24.6952
306	256.5	23.4875
310.5	256.5	23.3907
315	256.5	22.1112
319.5	256.5	23.0768
324	256.5	24.5769
328.5	256.5	23.4637
333	256.5	19.6344
337.5	256.5	20.494
342	256.5	20.6119
346.5	256.5	21.684
351	256.5	18.9873
355.5	256.5	9.74511
360	256.5	8.47532
364.5	256.5	7.53496
369	256.5	3.79843
373.5	256.5	2.26877
378	256.5	1.4905
382.5	256.5	1.0577
387	256.5	0.702588
391.5	256.5	0.446335
396	256.5	0.300793
400.5	256.5	0.210963
405	256.5	0.217611
409.5	256.5	0.209875
414	256.5	0.17952
418.5	256.5	0.176524
423	256.5	0.211566
427.5	256.5	0.203403
432	256.5	0.183566
436.5	256.5	0.170651
441	256.5	0.181498
445.5	256.5	0.161054
-450	261	0.040631
-445.5	261	0.037438
-432	261	0.046118
-423	261	0.053321
-418.5	261	0.056108
-409.5	261	0.049752
-400.5	261	0.077196
-396	261	0.136138
-391.5	261	0.207737
-387	261	0.357651
-382.5	261	0.561199
-378	261	0.786363
-373.5	261	1.06079
-369	261	1.62778
-364.5	261	2.57317
-360	261	3.62563
-355.5	261	5.31731
-351	261	5.46875
-346.5	261	6.05235
-337.5	261	6.28065
-333	261	5.74263
-324	261	5.45928
-315	261	6.8346
-310.5	261	6.14173
-306	261	5.92433
-301.5	261	6.23428
-297	261	7.1827
-292.5	261	7.40896
-288	261	8.09196
-283.5	261	7.3579
-279	261	24.1798
-274.5	261	27.0291
-270	261	7.61317
-265.5	261	12.2145
-261	261	8.59243
-256.5	261	8.68035
-252	261	10.1047
-247.5	261	8.94866
-243	261	8.60096
-234	261	11.9739
-229.5	261	10.239
-225	261	9.85431
-220.5	261	10.4001
-216	261	11.3928
-211.5	261	11.1225
-207	261	11.296
-202.5	261	13.929
-193.5	261	10.8121
-184.5	261	13.0743
-180	261	14.7101
-171	261	16.2322
-166.5	261	17.5095
-162	261	18.3497
-157.5	261	18.2521
-153	261	21.34
-148.5	261	21.7372
-144	261	28.5196
-135	261	27.8794
-130.5	261	27.6184
-126	261	29.6436
-121.5	261	31.7593
-117	261	37.7967
-112.5	261	51.3709
-108	261	44.5359
-103.5	261	46.4171
-99	261	57.9565
-94.5	261	60.178
-90	261	60.3263
-85.5	261	68.3602
-81	261	68.4414
-76.5	261	75.6948
-72	261	86.5322
-67.5	261	91.2794
-63	261	99.7807
-58.5	261	102.246
-54	261	114.079
-49.5	261	127.288
-45	261	135.608
-40.5	261	149.59
-31.5	261	166.416
-27	261	162.338
-22.5	261	169.729
-18	261	179.358
-13.5	261	206.803
-9	261	195.563
-4.5	261	182.426
0	261	214.187
4.5	261	204.956
9	261	198.366
13.5	261	200.453
18	261	190.446
22.5	261	182.773
27	261	173.718
31.5	261	173.508
36	261	163.924
40.5	261	164.552
45	261	159.016
49.5	261	159.247
54	261	160.403
58.5	261	140.542
63	261	139.731
67.5	261	134.858
72	261	126.541
76.5	261	120.468
81	261	106.406
85.5	261	111.656
90	261	104.92
94.5	261	101.653
99	261	86.9194
103.5	261	96.1328
108	261	85.14
112.5	261	76.9374
117	261	71.7703
121.5	261	79.6417
126	261	75.4456
130.5	261	63.9996
135	261	57.8518
144	261	52.2308
148.5	261	45.0551
153	261	47.0616
157.5	261	56.9775
162	261	44.6171
166.5	261	48.3983
171	261	51.5275
175.5	261	40.8122
180	261	45.2182
184.5	261	55.1057
189	261	45.0106
193.5	261	40.7601
198	261	40.6229
202.5	261	43.8856
207	261	46.5179
211.5	261	49.2033
220.5	261	50.3679
225	261	43.3529
229.5	261	41.9557
234	261	40.4086
238.5	261	39.0476
243	261	34.5552
247.5	261	37.5667
252	261	38.3058
256.5	261	38.1542
261	261	38.0526
265.5	261	29.3508
270	261	29.2919
274.5	261	29.5147
279	261	31.0856
283.5	261	27.6237
288	261	26.7366
292.5	261	26.4791
297	261	26.0792
301.5	261	24.7821
310.5	261	23.1409
319.5	261	23.1942
324	261	20.8792
328.5	261	27.0135
333	261	22.5567
337.5	261	22.5085
342	261	19.7729
346.5	261	19.3092
351	261	18.0108
355.5	261	12.0754
360	261	7.13164
364.5	261	5.27769
369	261	3.50017
373.5	261	2.5263
378	261	1.58775
382.5	261	1.04558
387	261	0.661856
391.5	261	0.427599
396	261	0.290122
400.5	261	0.22127
405	261	0.175597
409.5	261	0.217178
414	261	0.228142
418.5	261	0.185277
423	261	0.182096
432	261	0.192366
436.5	261	0.193009
441	261	0.186608
445.5	261	0.175963
-450	265.5	0.040434
-445.5	265.5	0.045603
-436.5	265.5	0.042356
-432	265.5	0.040389
-423	265.5	0.048882
-414	265.5	0.05133
-409.5	265.5	0.057394
-405	265.5	0.052721
-400.5	265.5	0.078232
-396	265.5	0.131309
-391.5	265.5	0.190934
-387	265.5	0.301469
-382.5	265.5	0.467212
-378	265.5	0.685401
-373.5	265.5	1.14221
-369	265.5	1.69541
-364.5	265.5	2.3542
-360	265.5	3.90287
-355.5	265.5	4.93409
-351	265.5	5.88229
-346.5	265.5	6.34187
-342	265.5	5.66552
-337.5	265.5	5.5204
-333	265.5	5.61868
-328.5	265.5	6.30298
-324	265.5	7.78355
-319.5	265.5	6.72694
-315	265.5	6.57234
-310.5	265.5	6.7454
-306	265.5	6.91572
-301.5	265.5	6.98286
-297	265.5	7.30898
-292.5	265.5	7.63199
-288	265.5	7.84284
-283.5	265.5	7.45009
-279	265.5	15.0674
-274.5	265.5	7.24295
-270	265.5	6.93729
-265.5	265.5	7.89366
-261	265.5	8.41435
-256.5	265.5	10.4927
-252	265.5	10.9068
-247.5	265.5	9.24538
-243	265.5	9.17528
-238.5	265.5	8.58827
-234	265.5	10.7674
-229.5	265.5	11.1133
-225	265.5	10.407
-220.5	265.5	12.6433
-216	265.5	10.7756
-211.5	265.5	10.3378
-207	265.5	11.4151
-193.5	265.5	12.2072
-189	265.5	12.668
-184.5	265.5	14.3819
-180	265.5	15.3897
-175.5	265.5	16.9088
-171	265.5	18.2096
-166.5	265.5	19.0514
-162	265.5	19.9052
-157.5	265.5	21.2003
-153	265.5	21.0192
-148.5	265.5	22.1158
-144	265.5	24.8609
-139.5	265.5	26.5094
-135	265.5	26.7861
-130.5	265.5	32.1641
-126	265.5	33.0432
-121.5	265.5	32.5273
-117	265.5	38.267
-112.5	265.5	57.3325
-108	265.5	50.1288
-103.5	265.5	45.7163
-99	265.5	47.5601
-94.5	265.5	57.7214
-90	265.5	60.0615
-85.5	265.5	69.2132
-81	265.5	99.3304
-76.5	265.5	90.1847
-72	265.5	81.7679
-67.5	265.5	90.8711
-63	265.5	107.986
-58.5	265.5	97.8186
-54	265.5	126.094
-49.5	265.5	128.529
-45	265.5	126.944
-40.5	265.5	131.455
-36	265.5	147.764
-31.5	265.5	148.411
-27	265.5	154.274
-22.5	265.5	155.757
-18	265.5	163.848
-13.5	265.5	169.515
-9	265.5	175.833
-4.5	265.5	185.007
0	265.5	193.583
4.5	265.5	184.962
9	265.5	184.654
13.5	265.5	200.308
18	265.5	187.943
22.5	265.5	178.82
27	265.5	169.952
31.5	265.5	165.596
36	265.5	164.827
40.5	265.5	150.935
45	265.5	166.547
49.5	265.5	163.853
54	265.5	143.279
58.5	265.5	135.507
63	265.5	149.897
67.5	265.5	133.326
72	265.5	121.671
76.5	265.5	114.253
81	265.5	104.989
85.5	265.5	115.632
90	265.5	101.474
94.5	265.5	99.0905
99	265.5	90.2574
103.5	265.5	88.4296
108	265.5	83.1033
112.5	265.5	80.232
117	265.5	70.7068
121.5	265.5	68.0467
126	265.5	63.726
130.5	265.5	60.3798
135	265.5	56.4419
139.5	265.5	58.5151
144	265.5	57.6973
148.5	265.5	46.9843
153	265.5	43.9917
157.5	265.5	48.5257
162	265.5	42.8259
166.5	265.5	43.044
171	265.5	42.2215
175.5	265.5	58.9834
184.5	265.5	59.8351
189	265.5	51.3804
193.5	265.5	43.3421
198	265.5	40.0059
202.5	265.5	40.2268
207	265.5	41.8701
211.5	265.5	41.4218
216	265.5	42.8129
220.5	265.5	46.3591
225	265.5	43.607
229.5	265.5	42.0912
234	265.5	39.8895
238.5	265.5	47.7221
243	265.5	38.7857
247.5	265.5	35.8357
252	265.5	36.7738
256.5	265.5	34.1616
261	265.5	34.4976
265.5	265.5	32.896
270	265.5	29.4441
274.5	265.5	30.9921
283.5	265.5	27.8867
288	265.5	27.7454
292.5	265.5	26.3978
297	265.5	24.0402
301.5	265.5	24.0646
306	265.5	24.5278
310.5	265.5	24.8042
319.5	265.5	22.1444
324	265.5	26.7232
328.5	265.5	23.8217
333	265.5	23.4007
337.5	265.5	21.1417
342	265.5	19.2312
346.5	265.5	19.5258
351	265.5	18.0263
355.5	265.5	13.1581
360	265.5	9.42778
364.5	265.5	5.31363
369	265.5	3.31887
373.5	265.5	2.35736
378	265.5	1.7444
382.5	265.5	1.08549
387	265.5	0.717483
391.5	265.5	0.444016
396	265.5	0.272064
400.5	265.5	0.217895
405	265.5	0.201138
409.5	265.5	0.195695
414	265.5	0.20504
418.5	265.5	0.216436
423	265.5	0.184995
427.5	265.5	0.163889
432	265.5	0.16956
436.5	265.5	0.187636
441	265.5	0.192729
445.5	265.5	0.171668
-450	270	0.045189
-432	270	0.051149
-427.5	270	0.046272
-423	270	0.05023
-418.5	270	0.047468
-414	270	0.054047
-409.5	270	0.051624
-405	270	0.052209
-400.5	270	0.074995
-396	270	0.133525
-391.5	270	0.204289
-387	270	0.299379
-382.5	270	0.483511
-378	270	0.86078
-373.5	270	1.19675
-369	270	1.71129
-364.5	270	3.06382
-360	270	4.28595
-355.5	270	6.1412
-351	270	6.93616
-346.5	270	6.49493
-342	270	5.73888
-337.5	270	5.35831
-333	270	6.31412
-328.5	270	6.62708
-324	270	6.76827
-319.5	270	6.68449
-315	270	7.23429
-310.5	270	8.19128
-306	270	7.42739
-301.5	270	7.76593
-297	270	7.15522
-292.5	270	6.62173
-288	270	6.8141
-283.5	270	6.4701
-279	270	6.79451
-270	270	7.51917
-265.5	270	8.00529
-261	270	8.29513
-256.5	270	9.14707
-252	270	8.32255
-247.5	270	8.48086
-234	270	10.1843
-229.5	270	9.87554
-225	270	9.89594
-220.5	270	10.5741
-211.5	270	11.2646
-207	270	13.7223
-202.5	270	11.9279
-198	270	13.4919
-193.5	270	13.4367
-184.5	270	14.9079
-171	270	22.7272
-166.5	270	19.0932
-162	270	17.6989
-153	270	20.8356
-148.5	270	23.3102
-144	270	26.374
-139.5	270	26.6491
-135	270	29.301
-130.5	270	34.8933
-126	270	33.8177
-121.5	270	38.0022
-117	270	40.5666
-112.5	270	46.5886
-108	270	46.4517
-103.5	270	45.3529
-99	270	51.4552
-94.5	270	60.0448
-90	270	61.5321
-85.5	270	59.7372
-81	270	78.7896
-76.5	270	89.5366
-72	270	81.7355
-67.5	270	92.5311
-63	270	94.6379
-58.5	270	102.469
-54	270	118.865
-49.5	270	114.944
-45	270	123.597
-40.5	270	138.428
-36	270	150.576
-31.5	270	142.212
-27	270	146.09
-22.5	270	170.486
-18	270	164.402
-13.5	270	172.792
-9	270	167.28
-4.5	270	171.722
0	270	172.165
4.5	270	180.001
9	270	168.557
13.5	270	178.571
18	270	171.208
22.5	270	168.505
27	270	167.964
31.5	270	153.446
36	270	149.766
40.5	270	173.432
45	270	147.518
49.5	270	141.609
54	270	134.1
58.5	270	127.235
63	270	124.634
67.5	270	125.823
72	270	134.799
76.5	270	107.01
81	270	113.787
85.5	270	107.192
90	270	122.775
94.5	270	106.679
99	270	99.6429
103.5	270	87.296
108	270	81.427
112.5	270	84.4847
117	270	101.405
121.5	270	71.2631
126	270	66.7391
130.5	270	72.6861
135	270	64.1769
139.5	270	55.5593
144	270	64.4589
148.5	270	57.2833
153	270	44.9137
157.5	270	41.5622
162	270	42.9391
166.5	270	52.2513
171	270	39.9058
180	270	45.172
184.5	270	40.7059
189	270	39.728
193.5	270	44.1018
198	270	44.2866
202.5	270	38.2954
207	270	42.963
211.5	270	40.3215
216	270	40.4208
225	270	61.6414
229.5	270	44.7863
234	270	41.109
238.5	270	37.7259
243	270	39.6764
247.5	270	37.237
252	270	33.0047
256.5	270	34.5339
261	270	36.394
265.5	270	36.619
270	270	30.5879
274.5	270	28.0986
279	270	28.081
283.5	270	25.8825
288	270	27.5615
292.5	270	27.918
297	270	26.4804
301.5	270	26.0982
306	270	29.363
310.5	270	24.8046
315	270	24.7018
319.5	270	28.8241
324	270	23.1661
328.5	270	26.743
333	270	23.2979
337.5	270	23.587
342	270	21.8311
346.5	270	21.917
351	270	16.7811
355.5	270	11.9251
360	270	8.43866
364.5	270	5.72731
369	270	3.70985
373.5	270	2.48311
378	270	1.69373
382.5	270	1.20814
387	270	0.80621
391.5	270	0.468965
396	270	0.280178
400.5	270	0.196577
405	270	0.192174
409.5	270	0.205238
414	270	0.223461
418.5	270	0.208949
423	270	0.195416
427.5	270	0.182279
432	270	0.181572
436.5	270	0.15945
441	270	0.150174
445.5	270	0.160338
-450	274.5	0.042994
-441	274.5	0.035745
-436.5	274.5	0.038077
-432	274.5	0.037884
-427.5	274.5	0.043376
-423	274.5	0.043107
-418.5	274.5	0.045037
-414	274.5	0.053353
-405	274.5	0.058388
-400.5	274.5	0.081967
-396	274.5	0.122013
-391.5	274.5	0.184075
-387	274.5	0.307067
-382.5	274.5	0.539744
-378	274.5	0.794637
-373.5	274.5	1.12849
-369	274.5	1.91817
-364.5	274.5	3.05725
-355.5	274.5	7.04296
-351	274.5	6.85902
-346.5	274.5	6.56757
-342	274.5	6.34297
-337.5	274.5	6.73244
-333	274.5	6.85814
-328.5	274.5	6.68083
-324	274.5	7.29644
-319.5	274.5	6.97801
-315	274.5	6.80563
-310.5	274.5	6.81963
-306	274.5	11.7343
-301.5	274.5	7.99547
-297	274.5	7.88073
-292.5	274.5	6.49505
-288	274.5	6.81954
-283.5	274.5	6.74125
-279	274.5	7.65997
-270	274.5	8.11402
-265.5	274.5	8.17328
-261	274.5	8.64236
-256.5	274.5	8.34795
-252	274.5	8.14232
-247.5	274.5	16.8715
-238.5	274.5	9.20587
-234	274.5	8.68329
-225	274.5	9.58514
-220.5	274.5	10.5742
-211.5	274.5	12.2662
-207	274.5	12.2112
-202.5	274.5	13.6399
-198	274.5	13.1159
-193.5	274.5	13.6029
-189	274.5	13.3991
-184.5	274.5	14.0903
-180	274.5	14.9995
-175.5	274.5	15.8861
-171	274.5	16.3014
-166.5	274.5	18.7476
-162	274.5	20.6842
-157.5	274.5	28.8405
-153	274.5	22.4793
-148.5	274.5	23.4576
-144	274.5	25.4018
-139.5	274.5	26.5746
-135	274.5	27.9337
-130.5	274.5	34.3598
-126	274.5	33.8507
-121.5	274.5	37.2461
-117	274.5	43.7209
-112.5	274.5	44.5155
-108	274.5	51.286
-103.5	274.5	49.7121
-99	274.5	56.8991
-94.5	274.5	63.4297
-90	274.5	59.8474
-85.5	274.5	64.2153
-81	274.5	74.6194
-76.5	274.5	74.8008
-72	274.5	84.1461
-67.5	274.5	88.4078
-63	274.5	99.6467
-58.5	274.5	101.548
-54	274.5	111.083
-49.5	274.5	121.611
-45	274.5	118.316
-40.5	274.5	124.579
-36	274.5	127.809
-31.5	274.5	152.745
-27	274.5	133.73
-22.5	274.5	148.538
-18	274.5	156.618
-13.5	274.5	161.486
-9	274.5	158.463
-4.5	274.5	164.281
0	274.5	155.538
4.5	274.5	181.167
9	274.5	164.477
13.5	274.5	165.346
18	274.5	171.001
22.5	274.5	157.462
27	274.5	154.496
31.5	274.5	155.535
36	274.5	147.428
40.5	274.5	139.477
45	274.5	146.822
49.5	274.5	144.413
54	274.5	146.757
58.5	274.5	139.667
63	274.5	122.974
67.5	274.5	127.68
72	274.5	125.422
76.5	274.5	113.247
85.5	274.5	107.779
90	274.5	95.9179
94.5	274.5	88.9876
99	274.5	88.4113
103.5	274.5	87.6427
108	274.5	78.1141
112.5	274.5	88.9013
117	274.5	73.0559
121.5	274.5	69.129
126	274.5	59.0647
130.5	274.5	59.0641
135	274.5	58.6264
139.5	274.5	79.192
144	274.5	54.1684
148.5	274.5	53.9608
153	274.5	45.3457
157.5	274.5	58.8975
162	274.5	49.0101
166.5	274.5	39.0656
171	274.5	42.9995
175.5	274.5	39.3797
180	274.5	39.2811
184.5	274.5	39.9675
189	274.5	41.623
198	274.5	42.4063
202.5	274.5	38.507
207	274.5	39.1033
211.5	274.5	40.4309
216	274.5	40.6107
220.5	274.5	38.9259
229.5	274.5	44.2836
234	274.5	37.8081
238.5	274.5	37.491
247.5	274.5	39.0726
252	274.5	34.0406
256.5	274.5	32.2375
261	274.5	34.7153
265.5	274.5	34.7606
270	274.5	30.8371
274.5	274.5	30.2491
279	274.5	28.9671
283.5	274.5	27.786
288	274.5	27.4621
297	274.5	25.7206
301.5	274.5	26.0105
310.5	274.5	23.9011
315	274.5	23.8462
319.5	274.5	22.0464
324	274.5	22.8051
328.5	274.5	20.8704
333	274.5	20.5195
337.5	274.5	21.1151
342	274.5	20.3849
346.5	274.5	19.7737
351	274.5	18.7854
355.5	274.5	11.8339
360	274.5	8.56049
364.5	274.5	5.95018
369	274.5	4.17115
373.5	274.5	2.66297
378	274.5	1.8513
382.5	274.5	1.16973
387	274.5	0.791202
391.5	274.5	0.528308
396	274.5	0.300985
400.5	274.5	0.203329
405	274.5	0.200907
409.5	274.5	0.190982
414	274.5	0.169475
418.5	274.5	0.188192
423	274.5	0.204699
427.5	274.5	0.176166
432	274.5	0.156558
436.5	274.5	0.159852
441	274.5	0.151347
445.5	274.5	0.146058
-450	279	0.034534
-445.5	279	0.033367
-436.5	279	0.039733
-432	279	0.040706
-427.5	279	0.053076
-423	279	0.050394
-418.5	279	0.053927
-409.5	279	0.057148
-405	279	0.045637
-400.5	279	0.065271
-396	279	0.112945
-391.5	279	0.18594
-387	279	0.300721
-382.5	279	0.514321
-378	279	0.715664
-373.5	279	1.14319
-369	279	1.91259
-364.5	279	3.17706
-351	279	6.5162
-346.5	279	6.20885
-342	279	5.93644
-333	279	6.48175
-328.5	279	8.22458
-319.5	279	6.86701
-315	279	6.85028
-310.5	279	6.53727
-306	279	8.35667
-301.5	279	8.63571
-297	279	7.3962
-292.5	279	7.96387
-288	279	7.75343
-283.5	279	7.04792
-279	279	7.55127
-274.5	279	12.6666
-270	279	8.31035
-265.5	279	8.667
-261	279	8.17238
-256.5	279	8.60637
-252	279	9.62734
-247.5	279	9.10705
-243	279	9.95955
-238.5	279	9.41069
-234	279	9.81293
-229.5	279	9.6599
-225	279	9.89348
-220.5	279	12.4104
-211.5	279	11.8178
-207	279	11.3914
-202.5	279	17.9349
-198	279	13.625
-193.5	279	13.9704
-189	279	15.9597
-184.5	279	14.9164
-180	279	17.5106
-171	279	17.5131
-166.5	279	21.5714
-153	279	22.0034
-148.5	279	26.9453
-144	279	26.2924
-139.5	279	29.6102
-135	279	29.6813
-130.5	279	33.2438
-126	279	33.9961
-121.5	279	39.2007
-117	279	61.0977
-112.5	279	48.7627
-108	279	43.5246
-103.5	279	49.8094
-99	279	57.7046
-94.5	279	66.0262
-90	279	64.3535
-85.5	279	72.4944
-81	279	70.5538
-76.5	279	71.7587
-72	279	79.52
-67.5	279	87.0861
-63	279	91.6758
-58.5	279	108.353
-54	279	102.115
-49.5	279	117.871
-45	279	120.153
-40.5	279	123.782
-36	279	123.773
-31.5	279	139.149
-27	279	133.371
-22.5	279	141.5
-18	279	151.297
-13.5	279	151.838
-9	279	167.786
-4.5	279	176.261
0	279	154.772
4.5	279	172.37
9	279	158.443
13.5	279	159.906
18	279	153.121
22.5	279	152.638
27	279	151.739
31.5	279	208.717
36	279	147.337
40.5	279	147.398
45	279	132.06
49.5	279	134.18
54	279	138.124
58.5	279	128.191
63	279	120.933
67.5	279	121.375
72	279	129.612
76.5	279	105.242
81	279	95.1794
85.5	279	98.3988
90	279	99.0538
94.5	279	94.1294
99	279	83.0324
103.5	279	78.7131
108	279	87.8507
112.5	279	81.2011
117	279	75.4841
121.5	279	66.3819
126	279	63.6924
130.5	279	57.1892
135	279	54.3417
139.5	279	52.1496
144	279	63.2366
148.5	279	52.1577
153	279	46.321
157.5	279	46.4276
162	279	44.3299
166.5	279	38.9036
171	279	39.1182
175.5	279	37.0426
180	279	36.1995
184.5	279	44.2176
189	279	49.2207
193.5	279	44.4503
198	279	38.8837
202.5	279	37.7559
207	279	39.0287
211.5	279	35.9583
216	279	37.0562
220.5	279	38.6084
225	279	37.0094
229.5	279	39.5194
234	279	42.179
238.5	279	40.511
247.5	279	32.8536
252	279	33.3154
256.5	279	33.8302
261	279	42.2027
265.5	279	37.5507
270	279	32.3199
274.5	279	31.0021
279	279	29.224
283.5	279	33.1937
292.5	279	26.3652
297	279	26.4878
301.5	279	26.0491
306	279	29.5934
310.5	279	22.3198
315	279	20.9906
319.5	279	21.9984
324	279	23.6011
328.5	279	29.8955
333	279	22.1515
337.5	279	20.5235
342	279	20.7613
346.5	279	20.8966
351	279	18.1848
355.5	279	13.2607
360	279	8.54897
364.5	279	5.54651
369	279	4.07741
373.5	279	2.73882
378	279	1.84317
382.5	279	1.26025
387	279	0.839263
391.5	279	0.488438
396	279	0.302519
400.5	279	0.22794
405	279	0.218821
409.5	279	0.192794
414	279	0.182886
418.5	279	0.172472
423	279	0.165642
427.5	279	0.190025
432	279	0.194722
436.5	279	0.160365
441	279	0.135963
445.5	279	0.147846
-450	283.5	0.036045
-445.5	283.5	0.041085
-436.5	283.5	0.040713
-432	283.5	0.043788
-427.5	283.5	0.055894
-423	283.5	0.051158
-414	283.5	0.047672
-405	283.5	0.049774
-400.5	283.5	0.064982
-396	283.5	0.127476
-391.5	283.5	0.208914
-387	283.5	0.320015
-382.5	283.5	0.462731
-378	283.5	0.757007
-373.5	283.5	1.29146
-369	283.5	1.93313
-364.5	283.5	11.0102
-360	283.5	21.7877
-355.5	283.5	5.9552
-346.5	283.5	6.08199
-342	283.5	5.52372
-337.5	283.5	8.18272
-333	283.5	7.40356
-328.5	283.5	6.61154
-324	283.5	6.4935
-319.5	283.5	6.60607
-315	283.5	6.60939
-306	283.5	6.93644
-301.5	283.5	7.31478
-297	283.5	7.61019
-292.5	283.5	8.26744
-288	283.5	6.71227
-283.5	283.5	7.44156
-279	283.5	8.16083
-274.5	283.5	8.55408
-270	283.5	8.51002
-265.5	283.5	7.85438
-261	283.5	8.06832
-256.5	283.5	8.20435
-252	283.5	8.81102
-247.5	283.5	9.54295
-243	283.5	9.15326
-238.5	283.5	11.0889
-234	283.5	9.96461
-229.5	283.5	10.2719
-225	283.5	10.8907
-220.5	283.5	11.3005
-216	283.5	17.9548
-211.5	283.5	15.8164
-207	283.5	12.7569
-202.5	283.5	16.672
-193.5	283.5	14.0773
-189	283.5	14.7462
-184.5	283.5	17.2239
-180	283.5	15.6213
-175.5	283.5	17.8226
-171	283.5	18.5727
-166.5	283.5	19.5753
-157.5	283.5	31.2035
-153	283.5	25.4512
-148.5	283.5	42.2745
-144	283.5	30.4823
-139.5	283.5	30.8174
-135	283.5	35.7329
-130.5	283.5	39.3699
-126	283.5	35.5474
-121.5	283.5	37.389
-117	283.5	40.7357
-112.5	283.5	43.45
-108	283.5	55.5015
-103.5	283.5	51.2307
-99	283.5	59.0619
-94.5	283.5	59.4959
-90	283.5	62.511
-85.5	283.5	74.9181
-81	283.5	68.7939
-76.5	283.5	75.3205
-72	283.5	84.4112
-67.5	283.5	87.4464
-63	283.5	104.659
-58.5	283.5	92.9404
-54	283.5	99.6244
-49.5	283.5	115.353
-45	283.5	114.151
-40.5	283.5	117.927
-36	283.5	119.853
-31.5	283.5	147.603
-27	283.5	129.401
-22.5	283.5	162.759
-18	283.5	142.583
-13.5	283.5	144.488
-9	283.5	157.292
-4.5	283.5	160.9
0	283.5	146.849
4.5	283.5	154.569
9	283.5	151.882
13.5	283.5	146.925
18	283.5	146.597
22.5	283.5	147.411
27	283.5	162.546
31.5	283.5	140.206
40.5	283.5	169.97
45	283.5	126.661
49.5	283.5	136.15
54	283.5	138.644
58.5	283.5	119.674
63	283.5	118.232
67.5	283.5	117.424
72	283.5	122.225
76.5	283.5	102.145
81	283.5	96.3284
85.5	283.5	93.0704
90	283.5	94.9019
94.5	283.5	102.439
99	283.5	89.2212
103.5	283.5	77.1166
108	283.5	73.2007
112.5	283.5	81.1313
117	283.5	72.1872
121.5	283.5	64.436
126	283.5	71.6443
130.5	283.5	69.9131
135	283.5	54.6438
139.5	283.5	51.9177
144	283.5	49.107
148.5	283.5	50.7062
153	283.5	52.0147
157.5	283.5	53.0512
162	283.5	45.1859
166.5	283.5	43.1633
171	283.5	41.3298
180	283.5	44.0061
184.5	283.5	36.8581
189	283.5	36.7863
193.5	283.5	42.261
198	283.5	35.9444
202.5	283.5	37.2334
207	283.5	38.5654
211.5	283.5	38.578
216	283.5	32.8298
220.5	283.5	34.4351
225	283.5	39.4806
229.5	283.5	38.8229
234	283.5	36.0916
243	283.5	37.6226
247.5	283.5	36.7559
252	283.5	33.7414
256.5	283.5	33.5724
261	283.5	49.8131
265.5	283.5	31.0431
270	283.5	32.5108
274.5	283.5	31.7477
279	283.5	32.2028
283.5	283.5	29.6966
288	283.5	28.3486
292.5	283.5	26.1128
297	283.5	25.7803
301.5	283.5	25.3685
306	283.5	27.2449
310.5	283.5	27.7353
315	283.5	25.0627
319.5	283.5	22.3575
324	283.5	21.4968
328.5	283.5	21.3546
333	283.5	20.8725
337.5	283.5	21.4496
351	283.5	22.7628
355.5	283.5	13.0954
360	283.5	7.99275
364.5	283.5	5.76279
369	283.5	3.85468
373.5	283.5	2.74481
378	283.5	1.86952
382.5	283.5	1.29107
387	283.5	0.79879
391.5	283.5	0.588876
396	283.5	0.336343
400.5	283.5	0.217281
405	283.5	0.228938
409.5	283.5	0.210024
414	283.5	0.202667
418.5	283.5	0.193459
423	283.5	0.164413
427.5	283.5	0.166126
432	283.5	0.17327
436.5	283.5	0.182499
441	283.5	0.184281
445.5	283.5	0.151763
-432	288	0.050275
-427.5	288	0.043659
-423	288	0.045512
-418.5	288	0.040701
-409.5	288	0.042086
-405	288	0.043497
-400.5	288	0.076089
-396	288	0.170703
-391.5	288	0.207693
-387	288	0.319059
-382.5	288	0.506274
-378	288	0.770671
-373.5	288	1.23058
-369	288	2.08495
-364.5	288	3.90503
-360	288	4.63083
-355.5	288	6.02758
-351	288	6.55949
-346.5	288	6.23251
-342	288	7.15686
-337.5	288	7.51181
-333	288	6.66009
-328.5	288	6.81898
-324	288	7.37661
-319.5	288	7.18571
-306	288	6.46672
-301.5	288	8.21286
-297	288	7.35583
-292.5	288	6.33886
-288	288	6.56057
-279	288	7.41588
-274.5	288	7.66426
-270	288	7.96543
-265.5	288	9.33631
-261	288	8.93497
-256.5	288	8.69895
-252	288	7.85446
-247.5	288	9.2489
-243	288	8.88567
-238.5	288	9.01352
-234	288	9.42504
-229.5	288	9.76461
-225	288	10.0342
-220.5	288	12.9175
-216	288	13.8264
-211.5	288	12.9744
-207	288	14.508
-202.5	288	14.3962
-198	288	17.9193
-193.5	288	14.2104
-189	288	14.3247
-184.5	288	16.794
-180	288	21.0019
-175.5	288	23.7218
-162	288	23.1013
-153	288	25.94
-148.5	288	26.7609
-144	288	34.2733
-139.5	288	43.1002
-135	288	48.0606
-126	288	35.5112
-117	288	45.7798
-112.5	288	42.1697
-108	288	48.9645
-103.5	288	49.2154
-99	288	61.2533
-94.5	288	55.9873
-90	288	61.7711
-85.5	288	64.3757
-81	288	65.9333
-76.5	288	72.0038
-72	288	82.8608
-67.5	288	104.581
-63	288	87.4568
-58.5	288	90.1706
-54	288	97.2663
-49.5	288	101.629
-45	288	108.71
-40.5	288	114.077
-36	288	115.966
-31.5	288	121.708
-27	288	138.43
-22.5	288	136.309
-18	288	145.058
-13.5	288	135.643
-9	288	145.177
-4.5	288	154.708
0	288	144.271
4.5	288	155.849
9	288	156.185
13.5	288	143.9
18	288	145.672
22.5	288	149.121
27	288	140.44
31.5	288	151.004
36	288	135.706
40.5	288	138.56
45	288	123.248
49.5	288	130.049
54	288	125.193
58.5	288	118.683
63	288	118.972
67.5	288	124.883
72	288	115.725
76.5	288	104.134
81	288	91.1323
85.5	288	94.6194
90	288	93.0459
94.5	288	89.8717
99	288	81.8015
103.5	288	78.0577
108	288	76.2078
112.5	288	75.9666
117	288	76.219
121.5	288	67.2991
126	288	64.5876
130.5	288	60.0117
135	288	51.483
139.5	288	50.3345
144	288	50.6996
157.5	288	54.101
162	288	46.1634
166.5	288	50.914
171	288	42.3444
175.5	288	38.8146
180	288	38.1796
184.5	288	33.0171
189	288	35.2834
193.5	288	33.0438
198	288	35.4773
202.5	288	38.2666
207	288	42.7778
211.5	288	37.8533
216	288	34.9665
220.5	288	33.3549
225	288	44.6868
229.5	288	41.9235
234	288	36.9973
243	288	45.0918
247.5	288	36.0932
252	288	33.8909
256.5	288	33.347
261	288	31.9149
265.5	288	29.3575
270	288	28.2502
279	288	30.0044
283.5	288	37.5895
288	288	28.2953
297	288	25.7091
301.5	288	23.9399
306	288	24.8851
310.5	288	24.9215
315	288	25.1625
319.5	288	24.6667
324	288	23.6566
337.5	288	21.602
342	288	22.4268
355.5	288	12.8391
360	288	8.69827
364.5	288	5.87834
369	288	3.74919
373.5	288	2.62564
378	288	1.74691
382.5	288	1.20087
387	288	0.822488
391.5	288	0.521756
396	288	0.276547
400.5	288	0.246354
405	288	0.223648
409.5	288	0.207114
414	288	0.202401
418.5	288	0.209975
423	288	0.175175
427.5	288	0.177898
432	288	0.157991
436.5	288	0.140717
441	288	0.160479
445.5	288	0.178383
-441	292.5	0.042451
-432	292.5	0.047308
-427.5	292.5	0.044581
-423	292.5	0.035704
-409.5	292.5	0.047911
-405	292.5	0.067211
-400.5	292.5	0.097321
-396	292.5	0.120231
-391.5	292.5	0.19317
-387	292.5	0.33199
-382.5	292.5	0.500189
-378	292.5	0.830717
-373.5	292.5	1.32843
-369	292.5	1.96354
-364.5	292.5	2.79453
-360	292.5	3.67692
-355.5	292.5	5.55507
-351	292.5	5.75128
-346.5	292.5	5.97406
-342	292.5	6.88133
-337.5	292.5	6.947
-333	292.5	6.38795
-328.5	292.5	6.54627
-324	292.5	7.03137
-315	292.5	6.34013
-310.5	292.5	6.02586
-306	292.5	6.84128
-301.5	292.5	12.366
-297	292.5	7.05974
-292.5	292.5	7.26671
-288	292.5	7.59352
-283.5	292.5	7.20849
-279	292.5	8.35196
-274.5	292.5	8.35202
-270	292.5	8.18517
-265.5	292.5	8.17846
-261	292.5	10.2784
-256.5	292.5	9.08344
-252	292.5	8.40165
-247.5	292.5	9.12504
-243	292.5	8.56638
-238.5	292.5	10.116
-234	292.5	10.217
-229.5	292.5	10.1471
-225	292.5	10.1642
-220.5	292.5	10.4531
-216	292.5	11.0586
-211.5	292.5	11.606
-207	292.5	11.8486
-202.5	292.5	13.8231
-198	292.5	14.6065
-193.5	292.5	15.5189
-189	292.5	15.9948
-184.5	292.5	17.3846
-180	292.5	18.2301
-175.5	292.5	18.8484
-171	292.5	19.8065
-162	292.5	22.1772
-157.5	292.5	22.8995
-153	292.5	25.7182
-148.5	292.5	27.0104
-144	292.5	32.9455
-139.5	292.5	30.0013
-135	292.5	49.3028
-130.5	292.5	41.4854
-126	292.5	45.3929
-121.5	292.5	47.2424
-117	292.5	38.327
-112.5	292.5	44.4281
-108	292.5	48.5973
-103.5	292.5	53.3107
-99	292.5	54.4692
-94.5	292.5	57.6468
-90	292.5	63.9705
-85.5	292.5	63.634
-81	292.5	69.4919
-76.5	292.5	78.4504
-72	292.5	87.2438
-67.5	292.5	89.282
-63	292.5	85.9042
-58.5	292.5	92.3598
-54	292.5	100.274
-49.5	292.5	101.514
-45	292.5	104.904
-40.5	292.5	107.168
-36	292.5	128.372
-31.5	292.5	114.325
-27	292.5	125.154
-22.5	292.5	130.775
-18	292.5	140.909
-13.5	292.5	145.543
-9	292.5	140.707
-4.5	292.5	147.031
0	292.5	131.081
4.5	292.5	138.336
9	292.5	155.063
13.5	292.5	154.218
18	292.5	138.327
22.5	292.5	147.681
27	292.5	161.639
31.5	292.5	140.108
36	292.5	139.831
40.5	292.5	128.26
45	292.5	131.472
54	292.5	121.423
58.5	292.5	107.975
63	292.5	116.92
67.5	292.5	108.779
72	292.5	112.613
76.5	292.5	102.384
81	292.5	94.5857
85.5	292.5	94.5709
90	292.5	95.9198
94.5	292.5	86.3003
99	292.5	89.1811
103.5	292.5	82.4475
112.5	292.5	70.1771
117	292.5	67.1587
121.5	292.5	63.3543
126	292.5	64.3648
130.5	292.5	60.7221
135	292.5	54.9211
139.5	292.5	50.2877
144	292.5	48.3392
148.5	292.5	46.1639
153	292.5	46.0117
166.5	292.5	41.2229
171	292.5	39.4686
175.5	292.5	44.5535
180	292.5	40.8199
184.5	292.5	37.7882
189	292.5	35.4478
193.5	292.5	36.1113
198	292.5	32.9206
202.5	292.5	32.881
207	292.5	34.3571
211.5	292.5	42.2055
229.5	292.5	38.539
238.5	292.5	33.0557
243	292.5	34.4801
247.5	292.5	35.6876
252	292.5	36.709
256.5	292.5	41.4929
261	292.5	32.2374
265.5	292.5	30.0833
279	292.5	28.0676
283.5	292.5	27.2641
288	292.5	27.8473
292.5	292.5	28.2757
297	292.5	27.3788
301.5	292.5	23.5112
306	292.5	22.9401
315	292.5	23.3593
319.5	292.5	23.7148
324	292.5	24.3124
328.5	292.5	22.6677
333	292.5	19.753
337.5	292.5	20.2058
342	292.5	21.3707
346.5	292.5	22.2981
351	292.5	18.8329
355.5	292.5	12.8017
360	292.5	8.847
364.5	292.5	6.3183
369	292.5	4.0195
373.5	292.5	2.57481
378	292.5	1.74064
382.5	292.5	1.16126
387	292.5	0.782066
391.5	292.5	0.542474
396	292.5	0.3239
400.5	292.5	0.215699
405	292.5	0.210536
409.5	292.5	0.236433
414	292.5	0.221346
418.5	292.5	0.205031
423	292.5	0.187715
427.5	292.5	0.173342
432	292.5	0.18087
436.5	292.5	0.158181
441	292.5	0.135424
445.5	292.5	0.146164
-450	297	0.039546
-445.5	297	0.032295
-441	297	0.042127
-436.5	297	0.039629
-432	297	0.037809
-427.5	297	0.039632
-423	297	0.040548
-418.5	297	0.040211
-409.5	297	0.061265
-405	297	0.05603
-400.5	297	0.079739
-396	297	0.127624
-391.5	297	0.201665
-387	297	0.311082
-382.5	297	0.51834
-378	297	0.816872
-373.5	297	1.21419
-369	297	1.69351
-364.5	297	2.34049
-360	297	3.88829
-355.5	297	5.49155
-351	297	6.75747
-346.5	297	6.89051
-342	297	6.46488
-337.5	297	5.40465
-333	297	6.29466
-324	297	6.52147
-319.5	297	7.15948
-315	297	6.71154
-310.5	297	6.99106
-306	297	7.10006
-301.5	297	8.87027
-297	297	7.12381
-292.5	297	7.19042
-288	297	7.85724
-283.5	297	8.08258
-279	297	8.10349
-274.5	297	7.45897
-270	297	9.95482
-265.5	297	8.97343
-261	297	9.36627
-256.5	297	8.61549
-247.5	297	9.01051
-243	297	9.14351
-238.5	297	9.57333
-234	297	9.37903
-229.5	297	10.3227
-225	297	11.7356
-220.5	297	12.853
-216	297	14.1909
-211.5	297	14.8192
-207	297	18.055
-202.5	297	12.7134
-198	297	14.7103
-193.5	297	15.5635
-189	297	15.3204
-184.5	297	17.8467
-180	297	18.0033
-175.5	297	20.1272
-171	297	24.2161
-166.5	297	21.1662
-162	297	21.8133
-157.5	297	21.9743
-153	297	25.882
-148.5	297	28.6271
-144	297	33.7703
-139.5	297	30.4948
-135	297	38.7864
-130.5	297	36.5314
-126	297	35.1721
-121.5	297	45.4718
-117	297	41.6208
-112.5	297	50.6163
-108	297	56.859
-103.5	297	50.9764
-99	297	56.3824
-90	297	62.9535
-85.5	297	66.5295
-81	297	69.3326
-76.5	297	79.8041
-72	297	81.8598
-67.5	297	94.0433
-63	297	85.3337
-58.5	297	94.6616
-54	297	98.5336
-49.5	297	103.363
-45	297	102.671
-40.5	297	104.291
-36	297	131.989
-31.5	297	109.692
-27	297	123.678
-22.5	297	129.019
-18	297	143.078
-13.5	297	146.034
-9	297	139.129
-4.5	297	147.828
0	297	126.735
4.5	297	132.614
9	297	141.899
13.5	297	134.574
18	297	132.049
22.5	297	132.823
27	297	144.083
31.5	297	130.36
36	297	129.127
40.5	297	125.494
45	297	120.173
49.5	297	114.178
54	297	114.105
58.5	297	109.79
63	297	108.293
67.5	297	103.758
72	297	100.527
76.5	297	99.2088
81	297	108.267
85.5	297	91.9601
90	297	93.5815
94.5	297	85.8699
99	297	93.8539
103.5	297	75.7179
108	297	75.9505
112.5	297	67.8703
117	297	69.3849
121.5	297	68.3718
126	297	58.9702
130.5	297	61.6282
135	297	53.7469
139.5	297	53.2829
144	297	52.8507
148.5	297	63.2364
153	297	45.48
157.5	297	43.9602
162	297	47.3529
166.5	297	43.3244
171	297	42.2425
175.5	297	48.943
180	297	47.3773
184.5	297	45.7974
189	297	48.3202
193.5	297	36.1744
198	297	35.3041
202.5	297	32.6169
207	297	35.1434
211.5	297	33.4784
216	297	35.3688
220.5	297	48.1012
229.5	297	37.5059
234	297	52.1257
238.5	297	33.2542
247.5	297	33.5478
252	297	36.0492
256.5	297	33.5858
265.5	297	30.3954
270	297	29.8788
274.5	297	30.8744
279	297	26.1869
283.5	297	29.1512
288	297	26.9229
292.5	297	28.5396
297	297	25.3503
301.5	297	28.5372
306	297	25.1785
310.5	297	21.4779
315	297	21.4084
328.5	297	24.6333
333	297	24.2812
346.5	297	20.2433
351	297	17.6657
355.5	297	13.0438
360	297	9.046
364.5	297	6.16865
369	297	4.00659
373.5	297	2.67728
378	297	1.78087
382.5	297	1.21542
387	297	0.806225
391.5	297	0.498906
396	297	0.299309
400.5	297	0.238972
405	297	0.223614
409.5	297	0.190524
414	297	0.218712
418.5	297	0.191039
423	297	0.175164
427.5	297	0.178544
432	297	0.169921
436.5	297	0.174653
441	297	0.162491
445.5	297	0.152049
-436.5	301.5	0.038016
-432	301.5	0.039813
-427.5	301.5	0.043709
-423	301.5	0.041823
-418.5	301.5	0.042838
-409.5	301.5	0.046695
-400.5	301.5	0.07262
-396	301.5	0.119959
-391.5	301.5	0.232232
-387	301.5	0.362719
-382.5	301.5	0.488834
-378	301.5	0.767729
-373.5	301.5	1.09066
-369	301.5	1.66199
-364.5	301.5	2.71057
-360	301.5	3.88833
-355.5	301.5	6.11807
-351	301.5	6.92546
-346.5	301.5	6.02073
-342	301.5	6.04552
-337.5	301.5	6.88542
-333	301.5	6.99653
-328.5	301.5	6.45884
-324	301.5	6.35404
-319.5	301.5	6.06381
-315	301.5	6.71599
-310.5	301.5	7.02786
-306	301.5	6.64609
-297	301.5	9.60959
-292.5	301.5	7.28529
-288	301.5	8.10982
-283.5	301.5	7.01463
-279	301.5	8.02562
-274.5	301.5	13.4607
-270	301.5	11.4091
-256.5	301.5	10.1768
-252	301.5	8.76555
-247.5	301.5	9.5611
-243	301.5	9.38415
-238.5	301.5	9.44327
-234	301.5	10.3157
-229.5	301.5	11.4036
-225	301.5	12.9103
-220.5	301.5	12.9276
-216	301.5	12.9049
-211.5	301.5	13.0176
-207	301.5	17.5151
-202.5	301.5	16.7247
-189	301.5	15.9208
-184.5	301.5	17.3868
-180	301.5	19.2991
-175.5	301.5	20.7291
-171	301.5	21.259
-166.5	301.5	22.0618
-162	301.5	21.7625
-157.5	301.5	23.6255
-148.5	301.5	29.299
-144	301.5	27.8237
-139.5	301.5	30.7419
-135	301.5	36.5776
-130.5	301.5	42.9179
-126	301.5	40.2902
-117	301.5	47.7337
-112.5	301.5	46.995
-108	301.5	46.9674
-103.5	301.5	60.8573
-99	301.5	56.8906
-94.5	301.5	59.4409
-90	301.5	61.6008
-85.5	301.5	72.713
-81	301.5	67.286
-76.5	301.5	79.4215
-72	301.5	81.6846
-67.5	301.5	88.9472
-63	301.5	88.0802
-58.5	301.5	91.5933
-54	301.5	109.414
-49.5	301.5	110.996
-45	301.5	120.52
-40.5	301.5	102.755
-36	301.5	111.609
-31.5	301.5	108.084
-27	301.5	122.786
-22.5	301.5	128.21
-13.5	301.5	130.866
-9	301.5	130.124
-4.5	301.5	139.518
0	301.5	126.305
4.5	301.5	140.74
9	301.5	139.837
13.5	301.5	130.484
18	301.5	136.609
22.5	301.5	131.433
27	301.5	124.809
31.5	301.5	131.473
36	301.5	119.481
40.5	301.5	119.639
45	301.5	118.212
49.5	301.5	121.637
54	301.5	116.273
58.5	301.5	111.518
63	301.5	100.521
67.5	301.5	102.573
72	301.5	109.19
76.5	301.5	96.8264
81	301.5	114.068
85.5	301.5	89.4707
90	301.5	86.7424
94.5	301.5	86.1537
99	301.5	84.6896
103.5	301.5	75.7548
108	301.5	71.4529
112.5	301.5	63.6005
117	301.5	68.2868
121.5	301.5	65.8311
126	301.5	61.6993
130.5	301.5	65.8559
135	301.5	55.9876
139.5	301.5	55.6529
144	301.5	53.0262
148.5	301.5	61.0856
153	301.5	51.7318
157.5	301.5	45.3355
162	301.5	44.9025
166.5	301.5	49.092
171	301.5	38.3598
175.5	301.5	38.8572
180	301.5	36.1855
184.5	301.5	36.3834
189	301.5	37.1008
193.5	301.5	37.2324
198	301.5	37.3018
202.5	301.5	33.6905
207	301.5	32.2867
211.5	301.5	31.8442
216	301.5	29.7974
225	301.5	33.1932
229.5	301.5	30.1752
234	301.5	36.961
238.5	301.5	34.3033
243	301.5	32.0143
247.5	301.5	30.0969
256.5	301.5	31.7342
261	301.5	28.0008
265.5	301.5	30.2967
270	301.5	28.8951
274.5	301.5	33.3912
279	301.5	29.7384
283.5	301.5	27.1989
288	301.5	27.6934
292.5	301.5	24.3668
297	301.5	26.9947
301.5	301.5	25.2389
306	301.5	23.4111
310.5	301.5	23.4073
315	301.5	21.0112
319.5	301.5	21.2567
324	301.5	21.3026
328.5	301.5	22.1451
333	301.5	23.0499
337.5	301.5	21.4367
342	301.5	21.6792
346.5	301.5	21.956
351	301.5	18.9056
355.5	301.5	11.7158
360	301.5	8.46982
364.5	301.5	6.09337
369	301.5	4.26329
373.5	301.5	2.77224
378	301.5	1.83126
382.5	301.5	1.20477
387	301.5	0.750645
391.5	301.5	0.471795
396	301.5	0.293337
400.5	301.5	0.218059
405	301.5	0.237072
409.5	301.5	0.224794
414	301.5	0.216067
418.5	301.5	0.187344
423	301.5	0.195439
427.5	301.5	0.176476
432	301.5	0.165342
436.5	301.5	0.177508
441	301.5	0.175118
445.5	301.5	0.1598
-445.5	306	0.037577
-441	306	0.032074
-432	306	0.040821
-418.5	306	0.042161
-414	306	0.044465
-409.5	306	0.050214
-400.5	306	0.070646
-396	306	0.177881
-391.5	306	0.234563
-387	306	0.303698
-382.5	306	0.490453
-378	306	0.733084
-373.5	306	1.08792
-369	306	1.55297
-364.5	306	2.49738
-360	306	3.63893
-355.5	306	5.4427
-351	306	5.72936
-346.5	306	6.0888
-342	306	7.20208
-337.5	306	6.20047
-333	306	6.74716
-328.5	306	6.15428
-324	306	5.78274
-319.5	306	5.71798
-315	306	7.03539
-310.5	306	7.75433
-306	306	7.55643
-301.5	306	7.47467
-297	306	7.79406
-292.5	306	7.54771
-288	306	9.25854
-279	306	8.29478
-274.5	306	8.25135
-270	306	8.35624
-265.5	306	7.82711
-261	306	9.90318
-252	306	8.92234
-247.5	306	9.3949
-243	306	9.28544
-238.5	306	9.66615
-234	306	10.678
-229.5	306	11.6859
-225	306	12.2157
-220.5	306	11.4266
-216	306	12.0328
-211.5	306	12.6373
-207	306	13.707
-202.5	306	14.9683
-198	306	16.0784
-193.5	306	15.8333
-189	306	17.1337
-184.5	306	17.1419
-180	306	18.4984
-175.5	306	18.6577
-171	306	33.1298
-166.5	306	25.7253
-162	306	24.4878
-157.5	306	23.6388
-148.5	306	31.4094
-144	306	32.2085
-139.5	306	35.236
-135	306	38.23
-130.5	306	34.4779
-126	306	36.8265
-117	306	44.7825
-112.5	306	44.6157
-108	306	48.5923
-103.5	306	52.8391
-99	306	70.1752
-90	306	72.3749
-85.5	306	64.2453
-81	306	66.6135
-76.5	306	84.43
-72	306	78.6784
-67.5	306	92.847
-63	306	89.7777
-58.5	306	87.4058
-54	306	93.7098
-49.5	306	97.1442
-45	306	95.1229
-40.5	306	105.827
-36	306	108.514
-31.5	306	109.162
-27	306	116.462
-22.5	306	120.563
-18	306	117.48
-13.5	306	130.854
-9	306	130.158
-4.5	306	128.215
0	306	144.633
4.5	306	142.315
13.5	306	125.282
18	306	126.973
22.5	306	145.381
31.5	306	126.693
36	306	117.93
40.5	306	118.508
45	306	118.526
49.5	306	112.261
54	306	110.201
58.5	306	109.517
63	306	103.887
67.5	306	96.7133
72	306	97.5893
81	306	101.423
85.5	306	97.2272
90	306	84.0268
94.5	306	83.181
99	306	81.2624
103.5	306	90.5188
108	306	81.983
112.5	306	77.3008
117	306	62.929
121.5	306	75.5897
126	306	67.086
130.5	306	54.9664
135	306	57.0004
139.5	306	50.2525
144	306	49.0628
148.5	306	55.836
153	306	45.2976
157.5	306	47.6073
162	306	41.689
166.5	306	46.1196
171	306	47.3562
175.5	306	40.075
180	306	37.4214
184.5	306	43.7428
189	306	34.744
198	306	39.5945
202.5	306	39.4212
207	306	33.2337
211.5	306	33.7054
216	306	33.2096
220.5	306	29.843
225	306	33.0796
229.5	306	31.2728
234	306	30.2044
238.5	306	30.5959
243	306	34.877
247.5	306	39.2884
252	306	44.7485
256.5	306	31.4411
261	306	29.603
265.5	306	27.7524
270	306	29.9768
274.5	306	35.2621
279	306	35.0107
283.5	306	27.652
288	306	27.2579
292.5	306	27.4627
297	306	25.304
301.5	306	27.8964
306	306	25.7119
310.5	306	21.6176
315	306	22.4092
319.5	306	23.3632
324	306	21.1787
328.5	306	22.5406
333	306	21.9372
337.5	306	21.6055
342	306	22.582
346.5	306	20.9659
351	306	22.2156
355.5	306	13.3838
360	306	8.12748
364.5	306	5.79792
369	306	3.76611
373.5	306	2.61965
378	306	1.68717
382.5	306	1.10951
387	306	0.750728
391.5	306	0.493958
396	306	0.29345
400.5	306	0.228225
405	306	0.222054
409.5	306	0.222301
414	306	0.22158
418.5	306	0.219966
423	306	0.18044
427.5	306	0.1913
432	306	0.182544
436.5	306	0.162172
441	306	0.170488
445.5	306	0.160336
-450	310.5	0.028601
-427.5	310.5	0.040809
-414	310.5	0.044475
-409.5	310.5	0.043389
-400.5	310.5	0.099392
-396	310.5	0.13024
-391.5	310.5	0.220397
-387	310.5	0.343008
-382.5	310.5	0.495631
-378	310.5	0.714995
-373.5	310.5	0.986606
-369	310.5	1.55136
-364.5	310.5	2.25745
-360	310.5	3.47043
-355.5	310.5	5.20581
-351	310.5	6.0091
-346.5	310.5	7.22103
-342	310.5	6.18981
-337.5	310.5	5.95859
-333	310.5	5.59667
-328.5	310.5	6.52541
-324	310.5	6.75118
-319.5	310.5	6.36458
-315	310.5	7.06321
-310.5	310.5	7.31562
-306	310.5	7.58947
-301.5	310.5	7.53167
-297	310.5	6.89307
-292.5	310.5	7.27183
-288	310.5	8.03882
-283.5	310.5	8.03222
-279	310.5	7.26243
-274.5	310.5	8.04237
-270	310.5	9.52221
-265.5	310.5	8.44195
-261	310.5	9.04432
-256.5	310.5	10.4931
-252	310.5	9.01876
-247.5	310.5	10.295
-243	310.5	10.2266
-238.5	310.5	9.72403
-234	310.5	10.247
-229.5	310.5	10.8622
-225	310.5	10.5565
-220.5	310.5	11.2256
-216	310.5	12.4882
-211.5	310.5	14.0314
-207	310.5	13.5399
-202.5	310.5	14.5093
-198	310.5	15.2884
-193.5	310.5	15.8969
-189	310.5	17.0772
-184.5	310.5	17.1127
-180	310.5	18.0206
-175.5	310.5	18.1078
-171	310.5	20.4567
-166.5	310.5	27.6947
-157.5	310.5	25.1959
-153	310.5	27.4318
-148.5	310.5	31.7902
-144	310.5	31.6469
-139.5	310.5	31.8582
-135	310.5	37.4034
-130.5	310.5	47.9753
-126	310.5	43.4131
-117	310.5	47.7518
-112.5	310.5	45.0105
-108	310.5	50.4972
-103.5	310.5	52.1636
-99	310.5	57.6404
-94.5	310.5	57.3646
-90	310.5	63.1772
-85.5	310.5	63.1054
-81	310.5	75.158
-76.5	310.5	74.0906
-72	310.5	75.4125
-67.5	310.5	99.5109
-63	310.5	82.3245
-58.5	310.5	83.6958
-54	310.5	90.2673
-49.5	310.5	98.9832
-45	310.5	108.704
-40.5	310.5	99.8954
-36	310.5	107.921
-31.5	310.5	114.57
-27	310.5	118.089
-22.5	310.5	143.172
-18	310.5	117.008
-13.5	310.5	122.681
-9	310.5	127.158
-4.5	310.5	132.579
0	310.5	123.505
4.5	310.5	143.029
13.5	310.5	142.403
18	310.5	122.172
22.5	310.5	125.485
27	310.5	118.033
31.5	310.5	122.315
36	310.5	113.635
40.5	310.5	114.362
45	310.5	116.493
49.5	310.5	113.636
54	310.5	106.498
58.5	310.5	108.441
63	310.5	102.138
67.5	310.5	100.463
72	310.5	126.757
76.5	310.5	98.4889
81	310.5	101.315
85.5	310.5	94.7513
90	310.5	94.4293
94.5	310.5	81.9732
99	310.5	77.8478
103.5	310.5	76.0097
108	310.5	72.479
112.5	310.5	67.9575
117	310.5	68.7233
121.5	310.5	60.4082
126	310.5	67.0008
130.5	310.5	54.1744
135	310.5	54.6643
139.5	310.5	52.2576
144	310.5	60.1629
153	310.5	43.9956
157.5	310.5	45.4891
162	310.5	39.6863
166.5	310.5	46.7183
171	310.5	42.2083
175.5	310.5	42.8171
180	310.5	39.913
184.5	310.5	35.3677
189	310.5	33.018
193.5	310.5	34.9049
198	310.5	35.049
202.5	310.5	34.3424
207	310.5	32.0798
211.5	310.5	32.6064
216	310.5	31.7918
220.5	310.5	32.4953
225	310.5	29.4754
234	310.5	31.3824
238.5	310.5	38.5626
243	310.5	32.5281
252	310.5	33.4172
256.5	310.5	31.7571
261	310.5	30.5694
265.5	310.5	31.6583
270	310.5	27.7934
274.5	310.5	31.3441
279	310.5	27.8911
283.5	310.5	61.9268
288	310.5	27.1742
292.5	310.5	25.7813
297	310.5	25.472
301.5	310.5	23.7678
306	310.5	26.001
310.5	310.5	23.8074
315	310.5	22.6703
319.5	310.5	21.8508
324	310.5	20.8316
328.5	310.5	21.8672
333	310.5	20.6168
337.5	310.5	21.1457
342	310.5	20.292
346.5	310.5	20.9637
351	310.5	17.8789
355.5	310.5	11.7533
360	310.5	8.55495
364.5	310.5	5.98357
369	310.5	3.81977
373.5	310.5	2.56529
378	310.5	1.66075
382.5	310.5	1.10113
387	310.5	0.722302
391.5	310.5	0.508731
396	310.5	0.300854
400.5	310.5	0.213666
405	310.5	0.201794
409.5	310.5	0.212726
414	310.5	0.21442
418.5	310.5	0.200255
423	310.5	0.219407
427.5	310.5	0.174374
432	310.5	0.186017
436.5	310.5	0.187396
441	310.5	0.163252
445.5	310.5	0.150593
-418.5	315	0.036898
-414	315	0.041067
-409.5	315	0.059298
-400.5	315	0.096674
-396	315	0.124765
-391.5	315	0.173499
-387	315	0.269637
-382.5	315	0.388969
-378	315	0.581605
-373.5	315	1.02331
-369	315	1.45209
-364.5	315	2.54468
-360	315	3.26551
-355.5	315	4.37173
-351	315	5.60728
-346.5	315	5.24349
-342	315	5.05747
-337.5	315	6.20363
-333	315	6.96293
-328.5	315	6.43841
-324	315	6.08607
-319.5	315	6.95322
-315	315	6.34643
-310.5	315	6.65248
-306	315	7.17432
-301.5	315	6.76979
-297	315	7.8832
-292.5	315	9.59424
-283.5	315	6.75767
-279	315	7.739
-274.5	315	7.65629
-270	315	8.87432
-265.5	315	8.76209
-261	315	8.80195
-256.5	315	9.9239
-252	315	11.1348
-247.5	315	9.24877
-243	315	9.77304
-238.5	315	9.891
-234	315	10.7587
-229.5	315	11.4252
-225	315	12.1698
-220.5	315	12.5439
-216	315	12.9783
-211.5	315	14.8471
-207	315	13.8296
-202.5	315	17.4898
-184.5	315	16.9383
-180	315	18.5444
-175.5	315	20.5196
-171	315	22.7492
-162	315	23.63
-157.5	315	24.7755
-153	315	29.4487
-148.5	315	28.4815
-144	315	33.1904
-139.5	315	32.8504
-135	315	36.5966
-130.5	315	39.3315
-126	315	45.9363
-121.5	315	43.2723
-117	315	45.1436
-112.5	315	48.7439
-108	315	53.1607
-103.5	315	53.6118
-99	315	64.8888
-94.5	315	56.2776
-90	315	59.719
-85.5	315	64.7665
-81	315	69.6335
-76.5	315	70.3752
-72	315	77.435
-67.5	315	80.0912
-63	315	86.1745
-58.5	315	90.5966
-54	315	99.7372
-49.5	315	92.828
-45	315	98.2068
-40.5	315	104.134
-36	315	104.683
-31.5	315	102.222
-27	315	111.335
-22.5	315	124.396
-18	315	117.949
-13.5	315	121.479
-9	315	123.423
-4.5	315	153.939
0	315	128.742
4.5	315	141.687
9	315	133.322
13.5	315	146.071
18	315	128.636
22.5	315	120.647
27	315	124.01
31.5	315	115.539
36	315	109.745
40.5	315	116.85
45	315	113.521
49.5	315	118.578
54	315	116.849
58.5	315	104.558
63	315	99.7667
67.5	315	94.5001
72	315	100.547
76.5	315	95.1046
81	315	87.4934
85.5	315	85.439
90	315	87.9591
94.5	315	77.2313
99	315	79.2041
103.5	315	80.3002
108	315	84.4042
112.5	315	72.0233
117	315	67.8075
121.5	315	61.5878
126	315	59.3563
130.5	315	59.8024
135	315	69.5915
139.5	315	51.3739
144	315	55.298
148.5	315	57.3164
153	315	44.9156
157.5	315	42.6644
162	315	45.4571
166.5	315	43.0899
171	315	41.1967
175.5	315	37.677
180	315	40.1598
184.5	315	39.0992
189	315	38.674
193.5	315	40.9905
198	315	35.2963
202.5	315	34.788
207	315	30.9855
211.5	315	32.225
216	315	30.9564
220.5	315	31.7205
225	315	30.634
229.5	315	33.4836
234	315	34.8208
238.5	315	36.62
247.5	315	30.852
252	315	30.5819
256.5	315	28.4608
261	315	29.1969
265.5	315	32.1126
270	315	28.9055
274.5	315	26.3288
279	315	28.4868
283.5	315	28.8423
288	315	29.4981
292.5	315	25.762
297	315	25.8445
301.5	315	23.6939
306	315	25.9463
310.5	315	26.4986
315	315	23.3427
319.5	315	22.1799
324	315	22.4979
328.5	315	25.9248
337.5	315	20.3374
342	315	19.8509
346.5	315	19.4125
351	315	18.1392
355.5	315	11.7588
360	315	8.11457
364.5	315	5.26196
369	315	3.92641
373.5	315	2.44882
378	315	1.59538
382.5	315	1.05592
387	315	0.698872
391.5	315	0.487659
396	315	0.29539
400.5	315	0.200993
405	315	0.200067
409.5	315	0.207485
414	315	0.186229
418.5	315	0.186207
423	315	0.190964
427.5	315	0.230581
432	315	0.175331
436.5	315	0.135706
441	315	0.162043
445.5	315	0.146789
-450	319.5	0.028442
-445.5	319.5	0.028305
-432	319.5	0.034195
-405	319.5	0.067937
-400.5	319.5	0.079317
-396	319.5	0.115112
-391.5	319.5	0.155735
-387	319.5	0.231472
-382.5	319.5	0.374989
-378	319.5	0.633757
-373.5	319.5	0.89852
-369	319.5	1.48018
-364.5	319.5	2.04087
-360	319.5	2.8915
-355.5	319.5	6.9956
-351	319.5	11.8325
-346.5	319.5	13.1087
-342	319.5	9.34212
-337.5	319.5	5.76794
-333	319.5	6.09533
-328.5	319.5	6.51952
-324	319.5	7.27299
-319.5	319.5	6.47451
-315	319.5	6.52202
-310.5	319.5	7.19598
-306	319.5	7.01829
-301.5	319.5	7.42559
-297	319.5	8.19677
-288	319.5	7.15993
-283.5	319.5	7.21185
-279	319.5	7.51917
-274.5	319.5	8.33674
-270	319.5	9.48727
-265.5	319.5	10.1171
-261	319.5	10.8443
-256.5	319.5	9.82237
-252	319.5	8.09826
-247.5	319.5	10.9423
-243	319.5	11.2476
-238.5	319.5	10.8377
-234	319.5	11.3044
-229.5	319.5	11.8309
-225	319.5	13.5785
-216	319.5	14.5461
-207	319.5	15.5877
-202.5	319.5	16.2802
-198	319.5	17.2284
-193.5	319.5	15.8671
-189	319.5	17.2483
-184.5	319.5	18.7211
-180	319.5	21.1056
-175.5	319.5	25.9473
-171	319.5	28.5484
-166.5	319.5	26.301
-162	319.5	24.8071
-157.5	319.5	27.0308
-153	319.5	28.9583
-148.5	319.5	32.1795
-144	319.5	28.7817
-139.5	319.5	32.8408
-135	319.5	36.7372
-130.5	319.5	40.6407
-121.5	319.5	45.0221
-117	319.5	55.3781
-112.5	319.5	49.6233
-108	319.5	50.9823
-103.5	319.5	66.2632
-99	319.5	57.1473
-94.5	319.5	57.2541
-90	319.5	62.5658
-85.5	319.5	63.2282
-81	319.5	71.3048
-76.5	319.5	70.5255
-72	319.5	77.5873
-67.5	319.5	92.1784
-63	319.5	83.4372
-58.5	319.5	84.9815
-54	319.5	85.3686
-49.5	319.5	93.2158
-45	319.5	93.8561
-40.5	319.5	104.83
-36	319.5	100.326
-31.5	319.5	107.788
-27	319.5	115.891
-22.5	319.5	124.309
-18	319.5	116.677
-9	319.5	133.885
-4.5	319.5	120.344
0	319.5	135.024
4.5	319.5	131.856
9	319.5	131.39
13.5	319.5	119.824
18	319.5	124.546
22.5	319.5	116.511
27	319.5	115.234
31.5	319.5	112.822
36	319.5	106.113
40.5	319.5	114.995
45	319.5	121.591
49.5	319.5	112.562
54	319.5	103.064
58.5	319.5	101.807
63	319.5	113.413
67.5	319.5	97.5495
72	319.5	91.4931
76.5	319.5	91.3216
81	319.5	95.5136
85.5	319.5	86.1955
90	319.5	86.1022
94.5	319.5	80.0121
99	319.5	87.1307
103.5	319.5	77.9178
108	319.5	70.0199
112.5	319.5	69.5509
121.5	319.5	59.8716
126	319.5	63.9449
130.5	319.5	54.854
135	319.5	52.4556
139.5	319.5	49.352
144	319.5	53.7476
148.5	319.5	48.8811
153	319.5	46.8897
157.5	319.5	40.8441
162	319.5	42.6631
166.5	319.5	42.6208
171	319.5	46.6933
175.5	319.5	44.5782
180	319.5	39.1609
184.5	319.5	37.5544
189	319.5	36.1077
193.5	319.5	37.0334
198	319.5	36.0756
202.5	319.5	39.7539
207	319.5	32.0851
211.5	319.5	40.1968
216	319.5	35.7808
220.5	319.5	32.3343
234	319.5	29.8806
238.5	319.5	29.058
243	319.5	36.5724
252	319.5	30.738
256.5	319.5	30.4584
261	319.5	27.1313
265.5	319.5	31.9913
270	319.5	31.6872
274.5	319.5	27.6335
279	319.5	26.3998
283.5	319.5	29.4722
288	319.5	26.9688
292.5	319.5	25.7514
297	319.5	24.1822
301.5	319.5	25.3792
306	319.5	23.8991
310.5	319.5	22.3732
315	319.5	24.1422
319.5	319.5	23.0428
324	319.5	20.5934
328.5	319.5	22.2508
333	319.5	20.5865
337.5	319.5	19.4237
342	319.5	20.6356
346.5	319.5	19.9794
351	319.5	16.9352
355.5	319.5	11.3555
360	319.5	8.39432
364.5	319.5	5.46587
369	319.5	3.33442
373.5	319.5	2.35417
378	319.5	1.56738
382.5	319.5	1.01508
387	319.5	0.696412
391.5	319.5	0.440937
396	319.5	0.283927
400.5	319.5	0.215565
405	319.5	0.209718
409.5	319.5	0.191431
414	319.5	0.198062
418.5	319.5	0.196928
423	319.5	0.183922
427.5	319.5	0.190354
432	319.5	0.194363
436.5	319.5	0.17814
441	319.5	0.130063
445.5	319.5	0.143029
-414	324	0.03588
-409.5	324	0.037456
-400.5	324	0.061487
-396	324	0.085443
-391.5	324	0.122602
-387	324	0.190969
-382.5	324	0.328181
-378	324	0.537605
-373.5	324	0.860303
-369	324	1.49276
-364.5	324	2.28128
-360	324	3.28081
-355.5	324	5.32748
-351	324	8.7308
-346.5	324	4.20043
-342	324	4.31173
-337.5	324	4.87449
-333	324	4.73615
-328.5	324	5.225
-324	324	4.334
-319.5	324	5.01336
-315	324	5.8969
-310.5	324	5.35497
-306	324	5.29017
-301.5	324	6.02662
-297	324	12.7563
-292.5	324	6.87676
-288	324	6.45798
-283.5	324	6.11077
-279	324	5.94153
-274.5	324	8.01086
-265.5	324	8.08222
-261	324	8.03781
-234	324	9.5864
-229.5	324	8.97993
-225	324	9.85809
-220.5	324	11.8607
-216	324	12.8989
-211.5	324	13.4821
-207	324	15.6589
-198	324	16.044
-193.5	324	16.204
-189	324	15.4728
-184.5	324	23.6445
-180	324	17.533
-175.5	324	21.5711
-171	324	21.878
-166.5	324	25.3519
-162	324	24.8731
-157.5	324	24.4558
-153	324	27.6707
-148.5	324	27.0094
-144	324	30.6254
-139.5	324	33.574
-135	324	34.2505
-121.5	324	53.0672
-117	324	51.1732
-108	324	54.3093
-103.5	324	51.9103
-99	324	50.7219
-94.5	324	56.8214
-90	324	62.0399
-85.5	324	62.9205
-81	324	69.6321
-76.5	324	71.2085
-72	324	74.877
-67.5	324	78.9325
-63	324	81.6303
-58.5	324	87.0096
-54	324	95.296
-49.5	324	96.3922
-45	324	95.4387
-40.5	324	104.064
-36	324	96.8162
-31.5	324	109.552
-27	324	114.233
-22.5	324	123.669
-18	324	120.597
-13.5	324	144.587
-9	324	122.371
-4.5	324	130.273
0	324	138.489
4.5	324	153.882
9	324	155.151
13.5	324	123.305
18	324	132.879
22.5	324	120.104
27	324	114.144
31.5	324	117.867
36	324	114.492
40.5	324	139.72
45	324	110.833
49.5	324	111.969
54	324	107.71
58.5	324	100.883
63	324	97.3785
67.5	324	95.4158
72	324	88.6823
76.5	324	95.361
81	324	94.7129
85.5	324	83.4451
90	324	80.897
94.5	324	72.7185
99	324	79.6541
103.5	324	78.6934
108	324	82.4746
112.5	324	69.7374
117	324	69.3264
121.5	324	66.4052
126	324	60.6736
130.5	324	54.5045
135	324	56.9237
139.5	324	45.6009
144	324	49.393
148.5	324	57.4833
153	324	55.428
157.5	324	41.801
162	324	39.1468
166.5	324	37.2134
171	324	39.8806
175.5	324	39.7463
180	324	38.8094
184.5	324	44.8846
189	324	35.514
193.5	324	33.8978
198	324	36.0237
202.5	324	30.3614
207	324	29.1995
211.5	324	28.3412
216	324	36.8833
220.5	324	31.9373
225	324	34.6259
234	324	31.7005
238.5	324	26.6173
243	324	26.2316
247.5	324	27.1958
252	324	30.6688
256.5	324	27.3832
261	324	26.7708
265.5	324	24.8134
270	324	25.3575
274.5	324	30.9124
279	324	24.7797
283.5	324	23.53
288	324	27.667
292.5	324	22.8894
297	324	22.8184
301.5	324	21.7873
306	324	23.2058
310.5	324	20.7044
315	324	21.5044
319.5	324	20.4012
324	324	18.9135
328.5	324	17.3777
333	324	20.374
337.5	324	19.5048
342	324	16.6386
346.5	324	16.5114
351	324	14.3156
355.5	324	10.8836
360	324	7.56189
364.5	324	5.12573
369	324	3.23671
373.5	324	2.1614
378	324	1.52399
382.5	324	1.03882
387	324	0.671145
391.5	324	0.450767
396	324	0.273717
400.5	324	0.2115
405	324	0.214385
409.5	324	0.210896
414	324	0.175275
418.5	324	0.187202
423	324	0.172485
427.5	324	0.163638
432	324	0.185434
436.5	324	0.181912
441	324	0.171591
445.5	324	0.156344
-423	328.5	0.032845
-418.5	328.5	0.030004
-405	328.5	0.032972
-400.5	328.5	0.041037
-396	328.5	0.072538
-391.5	328.5	0.103881
-387	328.5	0.181188
-382.5	328.5	0.316323
-378	328.5	0.482849
-373.5	328.5	0.769065
-369	328.5	1.0303
-364.5	328.5	1.33837
-360	328.5	1.66785
-355.5	328.5	2.0308
-351	328.5	2.23972
-346.5	328.5	2.39745
-342	328.5	2.57671
-337.5	328.5	2.28181
-333	328.5	2.55085
-328.5	328.5	2.75989
-324	328.5	2.63384
-319.5	328.5	3.17988
-315	328.5	3.01297
-310.5	328.5	3.21098
-306	328.5	3.71084
-301.5	328.5	8.43405
-297	328.5	10.2962
-292.5	328.5	3.99639
-288	328.5	3.57869
-283.5	328.5	3.98591
-279	328.5	3.79626
-274.5	328.5	5.28479
-270	328.5	5.8617
-265.5	328.5	4.91089
-261	328.5	4.90671
-256.5	328.5	4.95168
-252	328.5	5.11881
-247.5	328.5	4.95365
-243	328.5	6.73273
-238.5	328.5	6.09138
-234	328.5	5.75921
-229.5	328.5	5.31674
-225	328.5	6.35986
-220.5	328.5	7.61214
-216	328.5	8.25639
-211.5	328.5	8.8429
-207	328.5	8.96782
-202.5	328.5	9.37046
-198	328.5	9.3548
-193.5	328.5	9.01409
-189	328.5	10.7365
-184.5	328.5	12.3077
-180	328.5	12.9105
-175.5	328.5	14.548
-171	328.5	14.3554
-166.5	328.5	17.8448
-162	328.5	16.762
-157.5	328.5	17.4554
-153	328.5	17.2985
-148.5	328.5	18.6316
-144	328.5	22.4443
-139.5	328.5	23.6209
-135	328.5	25.6651
-130.5	328.5	31.2473
-126	328.5	33.6522
-121.5	328.5	33.7782
-117	328.5	34.9755
-112.5	328.5	35.6142
-108	328.5	39.2566
-103.5	328.5	38.9399
-99	328.5	40.0439
-94.5	328.5	42.5529
-90	328.5	46.1708
-85.5	328.5	50.3208
-81	328.5	53.0366
-76.5	328.5	54.635
-72	328.5	59.6109
-67.5	328.5	62.6796
-63	328.5	64.0393
-58.5	328.5	70.6972
-54	328.5	73.2021
-49.5	328.5	75.7576
-45	328.5	77.0396
-40.5	328.5	80.4122
-36	328.5	78.4128
-31.5	328.5	84.9295
-27	328.5	88.3821
-22.5	328.5	93.138
-18	328.5	95.9763
-13.5	328.5	110.819
-9	328.5	106.105
-4.5	328.5	102.269
0	328.5	103.48
4.5	328.5	119.383
9	328.5	101.437
13.5	328.5	104.771
18	328.5	94.9533
22.5	328.5	96.4389
27	328.5	89.9931
31.5	328.5	92.477
36	328.5	91.3477
40.5	328.5	94.2466
45	328.5	87.1015
49.5	328.5	89.1401
54	328.5	85.7187
58.5	328.5	83.0807
63	328.5	79.558
67.5	328.5	74.6
72	328.5	72.473
76.5	328.5	73.9332
81	328.5	70.5014
85.5	328.5	66.1685
90	328.5	68.7593
94.5	328.5	62.2574
99	328.5	58.9309
103.5	328.5	57.7936
108	328.5	62.7751
112.5	328.5	53.5275
117	328.5	52.5342
121.5	328.5	46.9975
126	328.5	47.2159
130.5	328.5	42.7199
135	328.5	38.8295
139.5	328.5	36.2461
144	328.5	36.6952
148.5	328.5	37.1432
153	328.5	35.0944
157.5	328.5	31.9391
162	328.5	28.1491
166.5	328.5	27.2307
171	328.5	29.9679
175.5	328.5	29.0368
180	328.5	29.7932
184.5	328.5	28.2717
189	328.5	28.0312
193.5	328.5	25.9003
198	328.5	23.1919
202.5	328.5	23.0795
207	328.5	21.3431
211.5	328.5	23.1164
216	328.5	21.5601
220.5	328.5	21.4092
234	328.5	28.6176
238.5	328.5	23.4443
243	328.5	20.8256
247.5	328.5	18.5028
252	328.5	18.1706
256.5	328.5	19.3704
261	328.5	18.966
265.5	328.5	18.2803
270	328.5	16.4023
274.5	328.5	22.3437
279	328.5	20.4318
283.5	328.5	16.1705
288	328.5	24.8917
292.5	328.5	19.48
297	328.5	13.9552
301.5	328.5	14.8771
306	328.5	15.7385
310.5	328.5	14.4399
315	328.5	13.4081
319.5	328.5	14.6871
324	328.5	13.9013
328.5	328.5	13.3247
333	328.5	12.0561
337.5	328.5	13.2951
342	328.5	10.6109
346.5	328.5	9.92192
351	328.5	10.6433
355.5	328.5	8.79149
360	328.5	6.70795
364.5	328.5	4.51331
369	328.5	3.30382
373.5	328.5	2.01355
378	328.5	1.32984
382.5	328.5	0.886097
387	328.5	0.673084
391.5	328.5	0.445452
396	328.5	0.288622
400.5	328.5	0.206992
405	328.5	0.203789
409.5	328.5	0.195702
414	328.5	0.190125
418.5	328.5	0.174702
423	328.5	0.168226
427.5	328.5	0.166704
432	328.5	0.158524
436.5	328.5	0.153314
441	328.5	0.153003
445.5	328.5	0.148777
-405	333	0.037472
-400.5	333	0.042961
-396	333	0.066762
-391.5	333	0.124321
-387	333	0.178732
-382.5	333	0.359678
-378	333	0.418316
-373.5	333	0.544031
-369	333	0.742628
-364.5	333	1.00205
-360	333	0.925891
-355.5	333	1.20023
-351	333	1.37691
-346.5	333	1.8299
-342	333	1.37793
-337.5	333	1.3065
-333	333	1.63173
-328.5	333	1.74407
-324	333	1.77195
-319.5	333	2.10247
-315	333	2.08089
-310.5	333	2.36152
-306	333	2.26609
-301.5	333	2.40858
-297	333	2.64117
-292.5	333	2.32045
-288	333	2.55848
-283.5	333	2.61373
-279	333	2.20894
-274.5	333	2.64245
-270	333	2.73182
-265.5	333	2.81287
-261	333	2.69991
-256.5	333	3.27236
-252	333	3.16699
-247.5	333	3.04585
-243	333	3.30311
-238.5	333	3.42799
-234	333	3.73141
-229.5	333	3.71491
-225	333	4.25327
-220.5	333	5.1695
-216	333	8.49864
-211.5	333	5.07171
-207	333	5.48982
-202.5	333	5.29034
-198	333	5.80915
-193.5	333	6.31051
-189	333	7.46625
-184.5	333	7.93875
-180	333	7.65761
-175.5	333	8.1511
-171	333	9.12314
-166.5	333	10.4618
-162	333	10.4741
-157.5	333	16.7819
-153	333	12.5044
-148.5	333	13.7835
-144	333	14.3673
-139.5	333	15.2715
-135	333	18.0114
-130.5	333	18.7592
-126	333	20.9407
-121.5	333	22.8799
-117	333	22.9007
-112.5	333	25.9634
-108	333	26.5279
-103.5	333	27.1439
-99	333	29.354
-94.5	333	30.2137
-90	333	32.5547
-85.5	333	33.9978
-81	333	36.6496
-76.5	333	38.7558
-72	333	40.4558
-67.5	333	40.9991
-63	333	43.8751
-58.5	333	48.5936
-54	333	49.7312
-49.5	333	52.6507
-45	333	54.1037
-40.5	333	56.4592
-36	333	55.3005
-31.5	333	60.4104
-27	333	61.763
-22.5	333	63.7706
-18	333	67.6627
-13.5	333	76.7568
-9	333	74.5702
-4.5	333	69.7872
0	333	71.7171
4.5	333	79.0949
9	333	72.1929
13.5	333	70.1304
18	333	67.7884
22.5	333	68.4513
27	333	64.8974
31.5	333	65.6118
36	333	62.7944
40.5	333	64.786
45	333	62.6381
49.5	333	63.2052
54	333	59.9087
58.5	333	60.0284
63	333	58.8657
67.5	333	53.6411
72	333	50.1219
76.5	333	53.0685
81	333	48.7673
85.5	333	47.5443
90	333	47.4488
94.5	333	44.3042
99	333	40.7048
103.5	333	38.8969
108	333	37.1824
112.5	333	37.0452
117	333	35.0079
121.5	333	32.3716
126	333	32.3652
130.5	333	29.6812
135	333	29.0442
139.5	333	26.919
144	333	24.8853
148.5	333	25.704
153	333	26.6317
157.5	333	21.6817
162	333	19.032
166.5	333	19.6808
171	333	20.8126
175.5	333	19.3899
180	333	20.2213
184.5	333	18.9085
189	333	20.4814
193.5	333	19.5135
198	333	18.0664
202.5	333	16.0116
207	333	15.7431
211.5	333	16.4707
216	333	15.4966
220.5	333	14.341
225	333	17.183
234	333	15.6826
238.5	333	14.4925
243	333	13.2475
247.5	333	13.4697
252	333	12.4823
256.5	333	11.6941
261	333	11.2381
265.5	333	12.3214
270	333	11.4871
274.5	333	16.997
279	333	14.6541
283.5	333	12.0245
288	333	12.7178
292.5	333	17.3872
297	333	12.0813
301.5	333	9.65713
306	333	10.0409
310.5	333	10.7884
315	333	8.83656
319.5	333	9.40547
324	333	9.74425
328.5	333	9.44049
333	333	8.94801
337.5	333	7.81949
342	333	7.26616
346.5	333	7.49245
351	333	6.10045
355.5	333	6.07121
360	333	5.48284
364.5	333	4.13378
369	333	2.74674
373.5	333	1.99602
378	333	1.33074
382.5	333	0.84732
387	333	0.583214
391.5	333	0.412228
396	333	0.267072
400.5	333	0.206021
405	333	0.198657
409.5	333	0.194044
414	333	0.184831
418.5	333	0.181273
423	333	0.158815
427.5	333	0.162651
432	333	0.164838
436.5	333	0.165273
441	333	0.165411
445.5	333	0.143011
-423	337.5	0.034558
-414	337.5	0.029297
-387	337.5	0.2086
-382.5	337.5	0.214944
-378	337.5	0.308318
-373.5	337.5	0.368776
-369	337.5	0.522381
-364.5	337.5	0.568648
-360	337.5	0.592782
-355.5	337.5	0.938491
-351	337.5	1.10784
-346.5	337.5	0.883044
-342	337.5	0.871883
-337.5	337.5	0.952536
-333	337.5	1.14575
-328.5	337.5	1.1616
-324	337.5	1.40456
-319.5	337.5	1.24321
-315	337.5	1.60805
-310.5	337.5	1.38877
-306	337.5	2.27882
-301.5	337.5	1.77525
-297	337.5	1.47303
-292.5	337.5	1.60114
-288	337.5	1.56157
-283.5	337.5	1.60315
-279	337.5	1.76289
-274.5	337.5	1.68253
-270	337.5	1.62873
-265.5	337.5	1.70615
-261	337.5	1.83236
-256.5	337.5	1.7585
-252	337.5	1.94728
-247.5	337.5	1.93841
-243	337.5	2.16067
-238.5	337.5	2.32248
-234	337.5	2.1637
-229.5	337.5	2.43454
-225	337.5	2.89354
-220.5	337.5	3.31659
-216	337.5	5.11411
-211.5	337.5	3.46758
-207	337.5	3.52145
-202.5	337.5	3.45742
-198	337.5	4.04024
-193.5	337.5	4.38439
-189	337.5	4.97214
-184.5	337.5	4.88462
-180	337.5	4.93838
-175.5	337.5	5.82796
-171	337.5	6.30793
-166.5	337.5	6.78714
-162	337.5	6.96711
-157.5	337.5	9.5902
-153	337.5	8.33966
-148.5	337.5	8.58369
-144	337.5	9.41974
-139.5	337.5	11.596
-135	337.5	12.2281
-130.5	337.5	12.5409
-126	337.5	14.3491
-121.5	337.5	14.6538
-117	337.5	15.7106
-112.5	337.5	17.2698
-108	337.5	17.6526
-103.5	337.5	18.082
-99	337.5	18.8407
-94.5	337.5	20.4372
-90	337.5	22.3764
-85.5	337.5	24.5589
-81	337.5	23.9971
-76.5	337.5	26.3776
-72	337.5	27.2593
-67.5	337.5	30.2207
-63	337.5	32.0228
-58.5	337.5	33.4309
-54	337.5	34.127
-49.5	337.5	34.9466
-45	337.5	37.3641
-40.5	337.5	39.0391
-36	337.5	37.8875
-31.5	337.5	40.8551
-27	337.5	42.6766
-22.5	337.5	42.1733
-18	337.5	45.0264
-13.5	337.5	53.1518
-9	337.5	50.0096
-4.5	337.5	48.0341
0	337.5	49.8948
4.5	337.5	53.271
9	337.5	51.1148
13.5	337.5	49.1316
18	337.5	46.5807
22.5	337.5	46.6562
27	337.5	47.2119
31.5	337.5	44.6972
36	337.5	44.4792
40.5	337.5	45.7049
45	337.5	44.1141
49.5	337.5	42.6534
54	337.5	42.3413
58.5	337.5	40.8293
63	337.5	38.6463
67.5	337.5	38.5528
72	337.5	35.8375
76.5	337.5	33.944
81	337.5	33.0722
85.5	337.5	33.3582
90	337.5	31.5642
94.5	337.5	30.4986
99	337.5	29.1495
103.5	337.5	27.541
108	337.5	26.0043
112.5	337.5	25.9076
117	337.5	23.5393
121.5	337.5	21.9585
126	337.5	20.5912
130.5	337.5	19.8073
135	337.5	19.907
139.5	337.5	19.6212
144	337.5	17.6325
148.5	337.5	16.6613
153	337.5	15.1616
157.5	337.5	18.5462
162	337.5	13.46
166.5	337.5	13.3292
171	337.5	13.2677
175.5	337.5	13.148
180	337.5	19.0185
184.5	337.5	12.7339
189	337.5	11.7928
193.5	337.5	12.3392
198	337.5	11.0733
202.5	337.5	11.1947
207	337.5	10.2937
211.5	337.5	10.254
216	337.5	10.3095
220.5	337.5	10.0338
225	337.5	10.6701
229.5	337.5	10.8123
234	337.5	10.8083
238.5	337.5	9.77373
243	337.5	8.9015
247.5	337.5	8.87251
252	337.5	8.11814
256.5	337.5	8.64087
261	337.5	8.15449
265.5	337.5	7.54894
270	337.5	7.68748
274.5	337.5	7.39554
279	337.5	7.78267
283.5	337.5	7.53127
288	337.5	8.2526
292.5	337.5	7.94584
297	337.5	8.01757
301.5	337.5	7.52302
306	337.5	6.50067
310.5	337.5	7.24046
315	337.5	6.78753
319.5	337.5	6.11578
324	337.5	6.29094
328.5	337.5	6.93496
333	337.5	6.13131
337.5	337.5	5.27463
342	337.5	4.86128
346.5	337.5	4.57854
351	337.5	4.37843
355.5	337.5	3.81601
360	337.5	3.66825
364.5	337.5	3.73472
369	337.5	2.59401
373.5	337.5	1.65329
378	337.5	1.19727
382.5	337.5	0.864944
387	337.5	0.507531
391.5	337.5	0.352153
396	337.5	0.238265
400.5	337.5	0.206275
405	337.5	0.187906
409.5	337.5	0.174503
414	337.5	0.17937
418.5	337.5	0.171431
423	337.5	0.158776
427.5	337.5	0.149597
432	337.5	0.147622
436.5	337.5	0.147898
441	337.5	0.143556
445.5	337.5	0.147673
-396	342	0.089266
-391.5	342	0.111444
-387	342	0.123727
-382.5	342	0.184362
-378	342	0.231919
-373.5	342	0.372609
-369	342	0.350958
-364.5	342	0.349144
-360	342	0.945448
-355.5	342	0.815606
-351	342	0.574129
-346.5	342	0.506289
-342	342	0.612676
-337.5	342	0.638451
-333	342	0.865272
-328.5	342	0.876239
-324	342	0.83071
-319.5	342	1.01399
-315	342	0.901368
-310.5	342	0.897311
-306	342	0.930592
-301.5	342	0.924969
-297	342	1.38338
-292.5	342	1.35349
-288	342	0.986227
-283.5	342	1.06977
-279	342	1.16748
-274.5	342	1.09769
-270	342	1.11534
-265.5	342	1.11689
-261	342	1.22649
-256.5	342	1.26568
-252	342	1.20992
-247.5	342	1.37727
-243	342	1.40247
-238.5	342	1.43189
-234	342	1.4949
-229.5	342	1.62412
-225	342	1.64016
-220.5	342	2.04742
-216	342	2.20006
-211.5	342	2.25276
-207	342	2.04462
-202.5	342	2.19753
-198	342	2.57261
-193.5	342	2.84032
-189	342	2.80791
-184.5	342	3.12612
-180	342	4.67388
-175.5	342	3.84827
-171	342	3.98376
-166.5	342	4.22097
-162	342	4.4781
-157.5	342	5.29877
-153	342	5.70719
-148.5	342	5.97538
-144	342	6.55895
-139.5	342	6.8085
-135	342	7.67448
-130.5	342	8.1476
-126	342	9.66711
-121.5	342	9.78021
-117	342	10.7708
-112.5	342	11.8291
-108	342	11.5544
-103.5	342	12.2226
-99	342	12.6856
-94.5	342	14.6611
-90	342	15.1539
-85.5	342	16.2736
-81	342	16.7659
-76.5	342	18.1463
-72	342	18.9502
-67.5	342	22.1138
-63	342	21.1798
-58.5	342	21.6001
-54	342	23.3463
-49.5	342	23.7637
-45	342	25.7077
-40.5	342	26.7556
-36	342	27.1579
-31.5	342	28.3712
-27	342	29.2628
-22.5	342	29.3604
-18	342	30.5331
-13.5	342	36.3919
-9	342	34.1164
-4.5	342	33.752
0	342	33.6971
4.5	342	36.2803
9	342	34.3526
13.5	342	33.122
18	342	32.3769
22.5	342	32.8207
27	342	32.2769
31.5	342	30.8703
36	342	30.4234
40.5	342	29.3318
45	342	29.9229
49.5	342	29.0437
54	342	28.4351
58.5	342	27.946
63	342	25.8405
67.5	342	25.7903
72	342	23.8742
76.5	342	24.3451
81	342	23.1355
85.5	342	22.7204
90	342	22.0095
94.5	342	20.9922
99	342	19.7375
103.5	342	18.7815
108	342	18.0404
112.5	342	16.9243
117	342	16.3314
121.5	342	14.2004
126	342	14.4321
130.5	342	13.4489
135	342	13.6152
139.5	342	12.772
144	342	12.3476
148.5	342	11.1713
153	342	10.4031
157.5	342	10.3847
162	342	9.81401
166.5	342	9.08575
171	342	8.82508
175.5	342	8.73224
180	342	9.89711
184.5	342	8.40493
189	342	7.7429
193.5	342	8.0027
198	342	7.3546
202.5	342	7.51644
207	342	7.06122
211.5	342	7.24075
216	342	6.89029
220.5	342	6.97546
225	342	6.72525
229.5	342	7.51003
234	342	6.59226
238.5	342	6.83377
243	342	6.05322
247.5	342	5.56018
252	342	5.37222
256.5	342	5.27329
261	342	5.16768
265.5	342	5.08232
270	342	4.93324
274.5	342	5.30218
279	342	5.07004
283.5	342	5.10917
288	342	4.84476
292.5	342	5.59971
297	342	5.05232
301.5	342	4.96775
306	342	4.88098
310.5	342	4.21766
315	342	4.2348
319.5	342	4.27971
324	342	4.08009
328.5	342	3.97789
333	342	4.0872
337.5	342	3.89642
342	342	3.51763
346.5	342	3.25767
351	342	2.89745
355.5	342	2.82297
360	342	2.23908
364.5	342	2.626
369	342	2.25
373.5	342	1.57336
378	342	1.07658
382.5	342	0.684078
387	342	0.543774
391.5	342	0.312606
396	342	0.189651
400.5	342	0.157662
405	342	0.186886
409.5	342	0.174056
414	342	0.164966
418.5	342	0.177324
423	342	0.183337
427.5	342	0.164527
432	342	0.153873
436.5	342	0.163004
441	342	0.126833
445.5	342	0.143086
-441	346.5	0.0301
-432	346.5	0.021604
-400.5	346.5	0.053938
-396	346.5	0.056354
-391.5	346.5	0.064639
-387	346.5	0.092753
-382.5	346.5	0.133761
-378	346.5	0.204195
-373.5	346.5	0.232283
-369	346.5	0.228659
-364.5	346.5	0.6552
-360	346.5	0.402226
-355.5	346.5	0.3934
-351	346.5	0.364731
-346.5	346.5	0.362407
-342	346.5	0.406829
-337.5	346.5	0.427142
-333	346.5	0.773936
-328.5	346.5	0.65672
-324	346.5	0.615148
-319.5	346.5	0.617084
-315	346.5	0.531966
-310.5	346.5	0.591649
-306	346.5	0.586405
-301.5	346.5	0.55833
-297	346.5	0.823866
-292.5	346.5	0.618984
-288	346.5	0.652855
-283.5	346.5	0.892287
-279	346.5	0.778677
-274.5	346.5	0.767991
-270	346.5	0.738763
-265.5	346.5	0.738856
-261	346.5	0.781543
-256.5	346.5	0.775041
-252	346.5	0.826123
-247.5	346.5	0.916782
-243	346.5	0.865331
-238.5	346.5	0.936954
-234	346.5	1.00205
-229.5	346.5	1.058
-225	346.5	1.17948
-220.5	346.5	1.33012
-216	346.5	1.51745
-211.5	346.5	1.44232
-207	346.5	1.39856
-202.5	346.5	1.57429
-198	346.5	1.65078
-193.5	346.5	1.78683
-189	346.5	1.86715
-184.5	346.5	2.06301
-180	346.5	3.51632
-175.5	346.5	2.56185
-171	346.5	2.645
-166.5	346.5	2.7077
-162	346.5	3.21914
-157.5	346.5	3.48422
-153	346.5	3.86709
-148.5	346.5	3.97885
-144	346.5	4.39315
-139.5	346.5	4.62802
-135	346.5	5.11663
-130.5	346.5	5.42347
-126	346.5	6.08317
-121.5	346.5	6.5944
-117	346.5	7.6029
-112.5	346.5	7.57614
-108	346.5	7.68446
-103.5	346.5	8.14495
-99	346.5	8.98991
-94.5	346.5	10.1176
-90	346.5	10.5564
-85.5	346.5	10.6547
-81	346.5	11.0729
-76.5	346.5	11.8121
-72	346.5	13.5508
-67.5	346.5	16.2562
-63	346.5	14.3193
-58.5	346.5	14.8537
-54	346.5	15.9899
-49.5	346.5	16.3017
-45	346.5	17.4913
-40.5	346.5	17.6005
-36	346.5	18.2816
-31.5	346.5	18.7397
-27	346.5	19.845
-22.5	346.5	20.1931
-18	346.5	21.2362
-13.5	346.5	25.5258
-9	346.5	23.0944
-4.5	346.5	23.1782
0	346.5	22.983
4.5	346.5	24.1245
9	346.5	23.3094
13.5	346.5	22.2623
18	346.5	21.7493
22.5	346.5	22.3718
27	346.5	21.6399
31.5	346.5	21.2327
36	346.5	20.9217
40.5	346.5	20.1246
45	346.5	21.0118
49.5	346.5	19.8435
54	346.5	19.2354
58.5	346.5	18.8969
63	346.5	17.6868
67.5	346.5	17.448
72	346.5	16.293
76.5	346.5	16.1609
81	346.5	15.8975
85.5	346.5	16.2667
90	346.5	17.6652
94.5	346.5	15.136
99	346.5	14.0738
103.5	346.5	13.1252
108	346.5	11.7403
112.5	346.5	11.4642
117	346.5	11.7488
121.5	346.5	10.5275
126	346.5	9.49463
130.5	346.5	9.00447
135	346.5	9.33708
139.5	346.5	8.40439
144	346.5	8.35803
148.5	346.5	7.90211
153	346.5	7.19325
157.5	346.5	6.89492
162	346.5	6.88902
166.5	346.5	6.399
171	346.5	5.7998
175.5	346.5	6.06506
180	346.5	5.77937
184.5	346.5	5.64006
189	346.5	5.44948
193.5	346.5	5.0578
198	346.5	5.05179
202.5	346.5	4.76285
207	346.5	4.83315
211.5	346.5	4.53253
216	346.5	4.54987
220.5	346.5	4.23664
225	346.5	4.40029
229.5	346.5	4.49881
234	346.5	4.36875
238.5	346.5	4.13912
243	346.5	3.8369
247.5	346.5	3.72787
252	346.5	3.61659
256.5	346.5	3.55181
261	346.5	3.62596
265.5	346.5	3.48993
270	346.5	3.75542
274.5	346.5	3.45812
279	346.5	3.49706
283.5	346.5	3.51562
288	346.5	3.17088
292.5	346.5	3.44061
297	346.5	3.55091
301.5	346.5	3.45363
306	346.5	3.31795
310.5	346.5	3.1717
315	346.5	2.72945
319.5	346.5	2.87309
324	346.5	2.93842
328.5	346.5	2.62118
333	346.5	2.42857
337.5	346.5	2.61003
342	346.5	2.48165
346.5	346.5	2.34125
351	346.5	2.08524
355.5	346.5	1.81817
360	346.5	1.69847
364.5	346.5	1.46944
369	346.5	1.24346
373.5	346.5	1.22027
378	346.5	0.89059
382.5	346.5	0.693893
387	346.5	0.442367
391.5	346.5	0.32855
396	346.5	0.213491
400.5	346.5	0.150015
405	346.5	0.136032
409.5	346.5	0.172131
414	346.5	0.168745
418.5	346.5	0.14859
423	346.5	0.156146
427.5	346.5	0.171042
432	346.5	0.151234
436.5	346.5	0.1346
441	346.5	0.15357
-441	351	0.023774
-423	351	0.026901
-396	351	0.036025
-391.5	351	0.048058
-387	351	0.076162
-382.5	351	0.101864
-378	351	0.134084
-373.5	351	0.167771
-369	351	0.192898
-364.5	351	0.180235
-360	351	0.22502
-355.5	351	0.271268
-351	351	0.22175
-346.5	351	0.278875
-342	351	0.26952
-337.5	351	0.370999
-333	351	0.426145
-328.5	351	0.40381
-324	351	0.41314
-319.5	351	0.383994
-315	351	0.37821
-310.5	351	0.39823
-306	351	0.377487
-301.5	351	0.382722
-297	351	0.408875
-292.5	351	0.408285
-288	351	0.410682
-283.5	351	0.432345
-279	351	0.445848
-274.5	351	0.470031
-270	351	0.527682
-265.5	351	0.475487
-261	351	0.48379
-256.5	351	0.504371
-252	351	0.601512
-247.5	351	0.549377
-243	351	0.59555
-238.5	351	0.614379
-234	351	0.672779
-229.5	351	0.699144
-225	351	0.768239
-220.5	351	0.852703
-216	351	0.958772
-211.5	351	0.875944
-207	351	0.901437
-202.5	351	1.07542
-198	351	1.09684
-193.5	351	1.12672
-189	351	1.24488
-184.5	351	1.45954
-180	351	1.60097
-175.5	351	1.76838
-171	351	1.78452
-166.5	351	1.97505
-162	351	2.18825
-157.5	351	2.14261
-153	351	2.68943
-148.5	351	2.6951
-144	351	2.84273
-139.5	351	3.08566
-135	351	3.28442
-130.5	351	3.75599
-126	351	3.94944
-121.5	351	4.44592
-117	351	4.7462
-112.5	351	4.97734
-108	351	5.20272
-103.5	351	5.56107
-99	351	6.25631
-94.5	351	6.77867
-90	351	6.96251
-85.5	351	7.24527
-81	351	7.57042
-76.5	351	8.45807
-72	351	9.27114
-67.5	351	9.75327
-63	351	9.85254
-58.5	351	10.1712
-54	351	10.9337
-49.5	351	10.7828
-45	351	12.1471
-40.5	351	11.9758
-36	351	12.5387
-31.5	351	12.6306
-27	351	13.0537
-22.5	351	13.6659
-18	351	14.0819
-13.5	351	15.9063
-9	351	16.0246
-4.5	351	15.5379
0	351	15.884
4.5	351	16.0242
9	351	15.5334
13.5	351	15.3566
18	351	15.0366
22.5	351	15.1648
27	351	14.7301
31.5	351	14.6343
36	351	14.2046
40.5	351	13.6411
45	351	14.5767
49.5	351	13.6799
54	351	13.3891
58.5	351	12.5558
63	351	12.0747
67.5	351	11.7569
72	351	11.0267
76.5	351	10.8921
81	351	10.751
85.5	351	10.8992
90	351	10.6775
94.5	351	9.69308
99	351	10.1966
103.5	351	8.8088
108	351	8.25431
112.5	351	7.89962
117	351	8.22913
121.5	351	7.03629
126	351	6.82273
130.5	351	6.26957
135	351	6.13985
139.5	351	5.96768
144	351	5.51421
148.5	351	5.22592
153	351	4.82277
157.5	351	4.54972
162	351	4.59716
166.5	351	4.16152
171	351	4.16475
175.5	351	3.8047
180	351	3.96321
184.5	351	3.80792
189	351	3.6407
193.5	351	3.24068
198	351	3.2584
202.5	351	3.16727
207	351	5.43129
211.5	351	2.95922
216	351	2.91359
220.5	351	2.91881
225	351	2.85675
229.5	351	2.73615
234	351	2.88219
238.5	351	2.71061
243	351	2.50823
247.5	351	2.37936
252	351	2.51199
256.5	351	2.33615
261	351	2.37297
265.5	351	2.32118
270	351	2.36949
274.5	351	2.25284
279	351	2.26794
283.5	351	2.37106
288	351	2.23085
292.5	351	2.15391
297	351	2.25962
301.5	351	2.30175
306	351	2.33977
310.5	351	2.12778
315	351	2.0295
319.5	351	1.85094
324	351	1.90062
328.5	351	1.86833
333	351	1.6581
337.5	351	1.64724
342	351	1.74718
346.5	351	1.57039
351	351	1.3688
355.5	351	1.2801
360	351	1.12969
364.5	351	1.04527
369	351	0.862657
373.5	351	0.740219
378	351	0.717422
382.5	351	0.534768
387	351	0.423935
391.5	351	0.26711
396	351	0.206501
400.5	351	0.169915
405	351	0.130668
409.5	351	0.134891
414	351	0.157585
418.5	351	0.149372
423	351	0.155268
427.5	351	0.145222
432	351	0.157768
436.5	351	0.155846
441	351	0.142044
445.5	351	0.150338
-436.5	355.5	0.034151
-427.5	355.5	0.026584
-423	355.5	0.023467
-418.5	355.5	0.019466
-414	355.5	0.032967
-396	355.5	0.037637
-391.5	355.5	0.048376
-387	355.5	0.064509
-382.5	355.5	0.076868
-378	355.5	0.106816
-369	355.5	0.105104
-364.5	355.5	0.122784
-360	355.5	0.173982
-355.5	355.5	0.151792
-351	355.5	0.177753
-346.5	355.5	0.152723
-342	355.5	0.19066
-337.5	355.5	0.279734
-333	355.5	0.204352
-328.5	355.5	0.210093
-324	355.5	0.258801
-319.5	355.5	0.265031
-315	355.5	0.243552
-310.5	355.5	0.233476
-306	355.5	0.242638
-301.5	355.5	0.249214
-297	355.5	0.267039
-292.5	355.5	0.240053
-288	355.5	0.262076
-283.5	355.5	0.268024
-279	355.5	0.306336
-274.5	355.5	0.373438
-270	355.5	0.305481
-265.5	355.5	0.306573
-261	355.5	0.314524
-256.5	355.5	0.362531
-252	355.5	0.382054
-247.5	355.5	0.365276
-243	355.5	0.442639
-238.5	355.5	0.397163
-234	355.5	0.426169
-229.5	355.5	0.530259
-225	355.5	0.537737
-220.5	355.5	0.592233
-216	355.5	0.558102
-211.5	355.5	0.583162
-207	355.5	0.639288
-202.5	355.5	0.731324
-198	355.5	0.709654
-193.5	355.5	0.768064
-189	355.5	0.883166
-184.5	355.5	0.940846
-180	355.5	1.04635
-175.5	355.5	1.13736
-171	355.5	1.20943
-166.5	355.5	1.40852
-162	355.5	1.43139
-157.5	355.5	1.53107
-153	355.5	1.74305
-148.5	355.5	1.81051
-144	355.5	1.87756
-139.5	355.5	2.05087
-135	355.5	2.28795
-130.5	355.5	2.5007
-126	355.5	2.70696
-121.5	355.5	2.94225
-117	355.5	3.23069
-112.5	355.5	3.54544
-108	355.5	3.46563
-103.5	355.5	3.91973
-99	355.5	4.20776
-94.5	355.5	4.64793
-90	355.5	4.75048
-85.5	355.5	4.93131
-81	355.5	5.25131
-76.5	355.5	5.71791
-72	355.5	6.49279
-67.5	355.5	6.40724
-63	355.5	6.86792
-58.5	355.5	7.08679
-54	355.5	7.40209
-49.5	355.5	7.46791
-45	355.5	8.11628
-40.5	355.5	8.11694
-36	355.5	8.63247
-31.5	355.5	8.63464
-27	355.5	8.65762
-22.5	355.5	9.18279
-18	355.5	9.50787
-13.5	355.5	10.5484
-9	355.5	11.0623
-4.5	355.5	10.4629
0	355.5	10.7844
4.5	355.5	10.41
9	355.5	10.4888
13.5	355.5	10.281
18	355.5	10.4544
22.5	355.5	10.3719
27	355.5	9.86187
31.5	355.5	9.85151
36	355.5	9.48089
40.5	355.5	9.26367
45	355.5	9.6153
49.5	355.5	9.15193
54	355.5	8.96013
58.5	355.5	8.48748
63	355.5	8.11281
67.5	355.5	8.06553
72	355.5	7.76157
76.5	355.5	7.49731
81	355.5	7.53793
85.5	355.5	7.32859
90	355.5	7.57341
94.5	355.5	6.75613
99	355.5	6.6735
103.5	355.5	5.83875
108	355.5	5.57378
112.5	355.5	5.43039
117	355.5	5.21836
121.5	355.5	4.94355
126	355.5	4.61905
130.5	355.5	4.30703
135	355.5	4.23559
139.5	355.5	4.15033
144	355.5	3.71203
148.5	355.5	3.5628
153	355.5	3.28386
157.5	355.5	3.27656
162	355.5	2.95447
166.5	355.5	2.8721
171	355.5	2.78044
175.5	355.5	2.57917
180	355.5	2.62072
184.5	355.5	2.51144
189	355.5	2.39145
193.5	355.5	2.24986
198	355.5	2.13972
202.5	355.5	2.14864
207	355.5	2.28465
211.5	355.5	2.00666
216	355.5	1.9159
220.5	355.5	1.94423
225	355.5	1.79391
229.5	355.5	1.88925
234	355.5	1.84148
238.5	355.5	1.81145
243	355.5	1.68842
247.5	355.5	1.64263
252	355.5	1.57601
256.5	355.5	1.59004
261	355.5	1.62549
265.5	355.5	1.57059
270	355.5	1.56699
274.5	355.5	1.52171
279	355.5	1.43173
283.5	355.5	1.42318
288	355.5	1.49907
292.5	355.5	1.42216
297	355.5	1.41128
301.5	355.5	1.60581
306	355.5	1.58107
310.5	355.5	1.42394
315	355.5	1.32965
319.5	355.5	1.31045
324	355.5	1.20744
328.5	355.5	1.23134
333	355.5	1.18723
337.5	355.5	1.06546
342	355.5	1.00424
346.5	355.5	1.05777
351	355.5	0.992243
355.5	355.5	0.937266
360	355.5	0.817862
364.5	355.5	0.711937
369	355.5	0.662263
373.5	355.5	0.531437
378	355.5	0.4352
382.5	355.5	0.417202
387	355.5	0.342021
391.5	355.5	0.268498
396	355.5	0.153142
405	355.5	0.156772
409.5	355.5	0.114065
414	355.5	0.128166
418.5	355.5	0.145217
432	355.5	0.139225
436.5	355.5	0.144591
441	355.5	0.147703
445.5	355.5	0.142205
-436.5	360	0.029694
-432	360	0.021118
-409.5	360	0.016685
-400.5	360	0.019591
-396	360	0.02759
-391.5	360	0.035561
-387	360	0.049222
-382.5	360	0.051585
-378	360	0.052753
-373.5	360	0.061242
-369	360	0.066867
-364.5	360	0.113581
-360	360	0.082656
-355.5	360	0.106754
-351	360	0.09682
-346.5	360	0.116231
-342	360	0.153682
-337.5	360	0.136938
-333	360	0.130854
-328.5	360	0.15932
-324	360	0.183417
-319.5	360	0.155675
-315	360	0.147317
-310.5	360	0.166867
-306	360	0.160388
-301.5	360	0.154303
-297	360	0.167466
-292.5	360	0.166165
-288	360	0.160869
-283.5	360	0.17184
-279	360	0.278471
-274.5	360	0.221477
-270	360	0.183045
-265.5	360	0.20287
-261	360	0.219734
-256.5	360	0.253632
-252	360	0.234915
-247.5	360	0.256122
-243	360	0.268297
-238.5	360	0.265865
-234	360	0.304332
-229.5	360	0.367809
-225	360	0.385304
-220.5	360	0.379436
-216	360	0.379211
-211.5	360	0.425262
-207	360	0.40698
-202.5	360	0.506346
-198	360	0.538371
-193.5	360	0.546118
-189	360	0.665224
-184.5	360	0.632741
-180	360	0.693881
-175.5	360	0.756198
-171	360	0.919978
-166.5	360	1.03462
-162	360	0.933849
-157.5	360	1.05924
-153	360	1.13961
-148.5	360	1.17687
-144	360	1.36602
-139.5	360	1.35652
-135	360	1.6396
-130.5	360	1.58275
-126	360	1.83693
-121.5	360	2.01794
-117	360	2.14762
-112.5	360	2.23931
-108	360	2.39623
-103.5	360	2.67158
-99	360	2.77622
-94.5	360	3.06958
-90	360	3.16589
-85.5	360	3.33789
-81	360	3.69785
-76.5	360	4.03072
-72	360	4.1764
-67.5	360	4.36093
-63	360	4.60434
-58.5	360	4.85663
-54	360	4.93213
-49.5	360	5.30813
-45	360	5.32987
-40.5	360	5.26177
-36	360	5.88543
-31.5	360	5.82078
-27	360	5.90115
-22.5	360	6.2111
-18	360	6.37063
-13.5	360	7.09898
-9	360	7.3172
-4.5	360	7.28022
0	360	7.16227
4.5	360	7.25262
9	360	7.09937
13.5	360	6.85762
18	360	7.02468
22.5	360	7.03233
27	360	6.78727
31.5	360	6.56618
36	360	6.38151
40.5	360	6.19151
45	360	6.48372
49.5	360	6.13987
54	360	6.14824
58.5	360	5.64879
63	360	5.55827
67.5	360	5.36428
72	360	5.36156
76.5	360	4.9947
81	360	5.14394
85.5	360	4.87959
90	360	4.93944
94.5	360	4.6695
99	360	4.36769
103.5	360	4.01794
108	360	3.89892
112.5	360	3.62416
117	360	3.48897
121.5	360	3.47699
126	360	3.15243
130.5	360	2.87223
135	360	2.84028
139.5	360	2.77775
144	360	2.61234
148.5	360	2.50437
153	360	2.26321
157.5	360	2.21531
162	360	2.05076
166.5	360	2.00653
171	360	1.93336
175.5	360	1.76261
180	360	1.6583
184.5	360	1.69119
189	360	1.54911
193.5	360	1.54678
198	360	1.43428
202.5	360	1.41514
207	360	1.38559
211.5	360	1.28963
216	360	1.28318
220.5	360	1.31835
225	360	1.26656
229.5	360	1.21008
234	360	1.21463
238.5	360	1.16032
243	360	1.16366
247.5	360	1.13458
252	360	0.992402
256.5	360	1.01
261	360	1.02077
265.5	360	1.01717
270	360	1.0084
274.5	360	1.03772
279	360	0.98456
283.5	360	0.929857
288	360	0.963601
292.5	360	1.01065
297	360	0.959517
301.5	360	0.960129
306	360	1.08054
310.5	360	0.996651
315	360	0.947154
319.5	360	0.882927
324	360	0.838017
328.5	360	0.788103
333	360	0.844352
337.5	360	0.784172
342	360	0.710998
346.5	360	0.641346
351	360	0.662111
355.5	360	0.652854
360	360	0.584269
364.5	360	0.493206
369	360	0.448575
373.5	360	0.395641
378	360	0.310718
382.5	360	0.25033
387	360	0.261801
391.5	360	0.203824
396	360	0.162557
409.5	360	0.156869
418.5	360	0.117622
427.5	360	0.129453
432	360	0.11927
436.5	360	0.118748
441	360	0.130604
-436.5	364.5	0.020236
-432	364.5	0.018529
-423	364.5	0.023846
-418.5	364.5	0.086092
-414	364.5	0.016564
-391.5	364.5	0.024503
-387	364.5	0.019225
-382.5	364.5	0.027825
-378	364.5	0.031895
-369	364.5	0.062589
-364.5	364.5	0.057738
-360	364.5	0.058786
-355.5	364.5	0.064469
-351	364.5	0.072402
-346.5	364.5	0.087955
-342	364.5	0.084098
-337.5	364.5	0.093777
-333	364.5	0.084863
-328.5	364.5	0.109013
-324	364.5	0.111458
-319.5	364.5	0.094563
-315	364.5	0.106593
-310.5	364.5	0.104448
-306	364.5	0.099675
-301.5	364.5	0.09968
-297	364.5	0.105611
-292.5	364.5	0.100931
-288	364.5	0.105851
-283.5	364.5	0.162051
-279	364.5	0.156696
-274.5	364.5	0.112071
-270	364.5	0.131978
-265.5	364.5	0.137354
-261	364.5	0.133536
-256.5	364.5	0.140889
-252	364.5	0.150223
-247.5	364.5	0.159628
-243	364.5	0.180914
-238.5	364.5	0.186023
-234	364.5	0.188617
-229.5	364.5	0.221264
-225	364.5	0.247093
-220.5	364.5	0.212763
-216	364.5	0.274513
-211.5	364.5	0.265144
-207	364.5	0.29058
-202.5	364.5	0.322952
-198	364.5	0.356417
-193.5	364.5	0.398356
-189	364.5	0.763841
-184.5	364.5	0.444105
-180	364.5	0.449033
-175.5	364.5	0.483134
-171	364.5	0.818242
-166.5	364.5	0.611707
-162	364.5	0.652647
-157.5	364.5	0.700292
-153	364.5	0.703784
-148.5	364.5	0.762505
-144	364.5	0.850837
-139.5	364.5	0.931325
-135	364.5	1.02951
-130.5	364.5	1.07402
-126	364.5	1.23048
-121.5	364.5	1.33348
-117	364.5	1.41653
-112.5	364.5	1.47792
-108	364.5	1.58128
-103.5	364.5	1.80891
-99	364.5	1.91335
-94.5	364.5	2.03595
-90	364.5	2.09468
-85.5	364.5	2.21639
-81	364.5	2.41925
-76.5	364.5	2.73671
-72	364.5	2.79809
-67.5	364.5	2.98543
-63	364.5	3.05402
-58.5	364.5	3.29246
-54	364.5	3.28142
-49.5	364.5	3.60372
-45	364.5	3.5402
-40.5	364.5	3.55766
-36	364.5	3.77696
-31.5	364.5	3.74426
-27	364.5	3.98555
-22.5	364.5	4.28808
-18	364.5	4.29923
-13.5	364.5	4.6683
-9	364.5	4.6854
-4.5	364.5	5.06002
0	364.5	4.81959
4.5	364.5	4.69815
9	364.5	4.73765
13.5	364.5	4.62317
18	364.5	4.52603
22.5	364.5	4.72926
27	364.5	4.57436
31.5	364.5	4.2768
36	364.5	4.28473
40.5	364.5	4.10814
45	364.5	4.3928
49.5	364.5	3.94657
54	364.5	4.14494
58.5	364.5	3.67983
63	364.5	3.65375
67.5	364.5	3.562
72	364.5	3.47542
76.5	364.5	3.35425
81	364.5	3.30762
85.5	364.5	3.28503
90	364.5	3.28359
94.5	364.5	3.08736
99	364.5	2.99227
103.5	364.5	2.63291
108	364.5	2.6709
112.5	364.5	2.41672
117	364.5	2.39129
121.5	364.5	2.30866
126	364.5	2.04626
130.5	364.5	1.97452
135	364.5	1.86662
139.5	364.5	1.78882
144	364.5	1.84133
148.5	364.5	1.67902
153	364.5	1.60974
157.5	364.5	1.47083
162	364.5	1.37725
166.5	364.5	1.36496
171	364.5	1.30773
175.5	364.5	1.18851
180	364.5	1.06714
184.5	364.5	1.1068
189	364.5	1.05369
193.5	364.5	0.976543
198	364.5	0.950456
202.5	364.5	0.883413
207	364.5	0.884951
211.5	364.5	0.819649
216	364.5	0.826097
220.5	364.5	0.857813
225	364.5	0.831589
229.5	364.5	0.793633
234	364.5	0.784525
238.5	364.5	0.726949
243	364.5	0.724685
247.5	364.5	0.761378
252	364.5	0.683189
256.5	364.5	0.664062
261	364.5	0.69207
265.5	364.5	0.654782
270	364.5	0.658221
274.5	364.5	0.663405
279	364.5	0.673086
283.5	364.5	0.59612
288	364.5	0.63737
292.5	364.5	0.677337
297	364.5	0.628089
301.5	364.5	0.621522
306	364.5	0.629252
310.5	364.5	0.715767
315	364.5	0.668311
319.5	364.5	0.624206
324	364.5	0.576392
328.5	364.5	0.539461
333	364.5	0.509064
337.5	364.5	0.522151
342	364.5	0.51472
346.5	364.5	0.442565
351	364.5	0.440646
355.5	364.5	0.43409
360	364.5	0.421309
364.5	364.5	0.340013
369	364.5	0.293248
373.5	364.5	0.288077
378	364.5	0.263933
382.5	364.5	0.189522
387	364.5	0.160225
391.5	364.5	0.149346
436.5	364.5	0.118906
441	364.5	0.119645
445.5	364.5	0.119606
-441	369	0.017431
-432	369	0.02802
-423	369	0.018927
-418.5	369	0.015705
-414	369	0.012509
-396	369	0.011238
-391.5	369	0.012846
-387	369	0.014647
-378	369	0.019673
-369	369	0.035093
-364.5	369	0.029846
-360	369	0.047269
-355.5	369	0.038716
-351	369	0.046926
-346.5	369	0.058497
-342	369	0.044361
-337.5	369	0.044702
-328.5	369	0.083681
-324	369	0.075843
-319.5	369	0.057309
-315	369	0.071025
-310.5	369	0.068302
-306	369	0.06389
-301.5	369	0.075232
-297	369	0.059311
-292.5	369	0.063625
-288	369	0.087714
-283.5	369	0.118017
-279	369	0.067886
-274.5	369	0.074538
-270	369	0.075166
-265.5	369	0.090138
-261	369	0.089266
-256.5	369	0.092305
-252	369	0.094459
-247.5	369	0.100647
-243	369	0.110861
-238.5	369	0.118729
-234	369	0.122799
-229.5	369	0.146933
-225	369	0.136182
-220.5	369	0.139483
-216	369	0.146156
-211.5	369	0.165913
-207	369	0.17527
-202.5	369	0.220539
-198	369	0.259883
-193.5	369	0.322755
-189	369	0.278829
-184.5	369	0.26367
-180	369	0.274668
-175.5	369	0.30445
-171	369	0.40961
-166.5	369	0.40017
-162	369	0.419204
-157.5	369	0.41397
-153	369	0.440156
-148.5	369	0.467277
-144	369	0.530138
-139.5	369	0.61156
-135	369	0.621433
-130.5	369	0.717442
-126	369	0.812382
-121.5	369	0.851478
-117	369	0.837914
-112.5	369	0.940455
-108	369	1.11137
-103.5	369	1.1948
-99	369	1.24395
-94.5	369	1.23607
-90	369	1.32651
-85.5	369	1.47705
-81	369	1.59709
-76.5	369	1.74829
-72	369	1.75886
-67.5	369	1.89865
-63	369	2.02024
-58.5	369	2.06924
-54	369	2.15049
-49.5	369	2.32857
-45	369	2.15944
-40.5	369	2.39808
-36	369	2.35059
-31.5	369	2.41546
-27	369	2.6134
-22.5	369	2.76204
-18	369	2.72563
-13.5	369	2.87136
-9	369	2.99164
-4.5	369	3.13354
0	369	2.97172
4.5	369	3.0092
9	369	2.99885
13.5	369	2.87066
18	369	2.76642
22.5	369	2.96651
27	369	2.92284
31.5	369	2.80732
36	369	2.65381
40.5	369	2.64774
45	369	2.76836
49.5	369	2.43611
54	369	2.61075
58.5	369	2.3765
63	369	2.28139
67.5	369	2.17094
72	369	2.16061
76.5	369	2.10663
81	369	2.14126
85.5	369	2.11157
90	369	2.02765
94.5	369	1.97883
99	369	1.94321
103.5	369	1.68434
108	369	1.63838
112.5	369	1.51064
117	369	1.54048
121.5	369	1.44972
126	369	1.38163
130.5	369	1.37035
135	369	1.16938
139.5	369	1.11799
144	369	1.10441
148.5	369	1.02462
153	369	0.991138
157.5	369	0.870559
162	369	0.939548
166.5	369	0.816212
171	369	0.856365
175.5	369	0.78306
180	369	0.730113
184.5	369	0.662937
189	369	0.669452
193.5	369	0.635421
198	369	0.609517
202.5	369	0.553453
207	369	0.537061
211.5	369	0.524957
216	369	0.498615
220.5	369	0.518435
225	369	0.523928
229.5	369	0.484747
234	369	0.469076
238.5	369	0.478697
243	369	0.446431
247.5	369	0.44231
252	369	0.439636
256.5	369	0.41038
261	369	0.410305
265.5	369	0.40603
270	369	0.420266
274.5	369	0.407335
279	369	0.403002
283.5	369	0.409105
288	369	0.364564
292.5	369	0.406344
297	369	0.45634
301.5	369	0.392983
306	369	0.387124
310.5	369	0.417822
315	369	0.487018
319.5	369	0.397275
324	369	0.395052
328.5	369	0.3529
333	369	0.351484
337.5	369	0.326914
342	369	0.326498
346.5	369	0.315968
351	369	0.278058
355.5	369	0.280477
360	369	0.260359
364.5	369	0.228045
369	369	0.215955
373.5	369	0.19044
378	369	0.178301
382.5	369	0.146007
387	369	0.121268
391.5	369	0.102011
423	369	0.128936
432	369	0.113148
436.5	369	0.112688
441	369	0.12607
445.5	369	0.1134
-445.5	373.5	0.017958
-441	373.5	0.029879
-418.5	373.5	0.010102
-414	373.5	0.010676
-355.5	373.5	0.023781
-351	373.5	0.032617
-346.5	373.5	0.027469
-337.5	373.5	0.025398
-328.5	373.5	0.05023
-319.5	373.5	0.046383
-315	373.5	0.049909
-310.5	373.5	0.042783
-306	373.5	0.043793
-301.5	373.5	0.037426
-297	373.5	0.041312
-292.5	373.5	0.043928
-288	373.5	0.059452
-283.5	373.5	0.041948
-279	373.5	0.046002
-270	373.5	0.04706
-265.5	373.5	0.052745
-261	373.5	0.057041
-256.5	373.5	0.053631
-252	373.5	0.050354
-247.5	373.5	0.069998
-243	373.5	0.06252
-238.5	373.5	0.071932
-234	373.5	0.08292
-229.5	373.5	0.087883
-225	373.5	0.070559
-220.5	373.5	0.078199
-216	373.5	0.097769
-211.5	373.5	0.104808
-207	373.5	0.118854
-202.5	373.5	0.173433
-198	373.5	0.171163
-193.5	373.5	0.16044
-189	373.5	0.181418
-184.5	373.5	0.155695
-180	373.5	0.164256
-175.5	373.5	0.229787
-171	373.5	0.215995
-166.5	373.5	0.247826
-162	373.5	0.236174
-157.5	373.5	0.246723
-153	373.5	0.273042
-148.5	373.5	0.277612
-144	373.5	0.349795
-139.5	373.5	0.383988
-135	373.5	0.371592
-130.5	373.5	0.426154
-126	373.5	0.472286
-121.5	373.5	0.513452
-117	373.5	0.486761
-112.5	373.5	0.571867
-108	373.5	0.718306
-103.5	373.5	0.698092
-99	373.5	0.697157
-94.5	373.5	0.753159
-90	373.5	0.974508
-85.5	373.5	0.917021
-81	373.5	1.01386
-76.5	373.5	1.03271
-72	373.5	1.07438
-67.5	373.5	1.18023
-63	373.5	1.25676
-58.5	373.5	1.25024
-54	373.5	1.34421
-49.5	373.5	1.26679
-45	373.5	1.27791
-40.5	373.5	1.62305
-36	373.5	1.39462
-31.5	373.5	1.46373
-27	373.5	1.47595
-22.5	373.5	1.62254
-18	373.5	1.63056
-13.5	373.5	1.75755
-9	373.5	1.7502
-4.5	373.5	1.9809
0	373.5	1.76137
4.5	373.5	1.77724
9	373.5	1.91096
13.5	373.5	1.74996
18	373.5	1.66692
22.5	373.5	1.85524
27	373.5	1.77151
31.5	373.5	1.74222
36	373.5	1.59434
40.5	373.5	1.62466
45	373.5	1.68433
49.5	373.5	1.49774
54	373.5	1.6866
58.5	373.5	1.45745
63	373.5	1.38224
67.5	373.5	1.36251
72	373.5	1.32839
76.5	373.5	1.2881
81	373.5	1.34444
85.5	373.5	1.25671
90	373.5	1.10851
94.5	373.5	1.19382
99	373.5	1.12577
103.5	373.5	1.07619
108	373.5	1.0305
112.5	373.5	1.36093
117	373.5	0.934481
121.5	373.5	0.88054
126	373.5	0.836972
130.5	373.5	0.739045
135	373.5	0.72702
139.5	373.5	0.719652
144	373.5	0.638355
148.5	373.5	0.654893
153	373.5	0.603474
157.5	373.5	0.551713
162	373.5	0.5543
166.5	373.5	0.477715
171	373.5	0.444539
175.5	373.5	0.475973
180	373.5	0.411256
184.5	373.5	0.402598
189	373.5	0.414531
193.5	373.5	0.347614
198	373.5	0.337975
202.5	373.5	0.346634
207	373.5	0.322618
211.5	373.5	0.310738
216	373.5	0.307917
220.5	373.5	0.295884
225	373.5	0.302171
229.5	373.5	0.288875
234	373.5	0.267982
238.5	373.5	0.277975
243	373.5	0.246936
247.5	373.5	0.255951
252	373.5	0.249277
256.5	373.5	0.266177
261	373.5	0.262787
265.5	373.5	0.25255
270	373.5	0.232285
274.5	373.5	0.242561
279	373.5	0.248814
283.5	373.5	0.255881
288	373.5	0.245033
292.5	373.5	0.243219
297	373.5	0.278779
301.5	373.5	0.247576
306	373.5	0.230098
310.5	373.5	0.235936
315	373.5	0.267282
319.5	373.5	0.296708
324	373.5	0.250183
328.5	373.5	0.245237
333	373.5	0.223632
337.5	373.5	0.226287
342	373.5	0.198003
346.5	373.5	0.210825
351	373.5	0.198407
355.5	373.5	0.174131
360	373.5	0.181356
364.5	373.5	0.168598
369	373.5	0.143647
373.5	373.5	0.134547
441	373.5	0.103542
-450	378	0.030313
-441	378	0.018521
-432	378	0.01698
-427.5	378	0.039911
-423	378	0.007204
-418.5	378	0.010359
-414	378	0.010073
-360	378	0.021021
-351	378	0.021749
-346.5	378	0.023004
-328.5	378	0.025735
-324	378	0.036428
-319.5	378	0.050784
-315	378	0.056422
-310.5	378	0.036894
-306	378	0.043686
-301.5	378	0.040909
-297	378	0.046135
-292.5	378	0.046614
-288	378	0.044647
-283.5	378	0.043737
-279	378	0.046796
-274.5	378	0.042668
-265.5	378	0.057857
-261	378	0.055821
-256.5	378	0.04884
-252	378	0.056901
-247.5	378	0.066421
-243	378	0.064081
-238.5	378	0.071629
-234	378	0.087021
-229.5	378	0.070019
-225	378	0.072009
-220.5	378	0.082028
-216	378	0.100579
-211.5	378	0.104199
-207	378	0.130787
-202.5	378	0.387597
-198	378	0.16548
-193.5	378	0.162761
-189	378	0.149744
-184.5	378	0.158572
-180	378	0.165274
-175.5	378	0.234261
-171	378	0.201766
-166.5	378	0.232021
-162	378	0.232752
-157.5	378	0.253974
-153	378	0.263748
-148.5	378	0.274772
-144	378	0.334831
-139.5	378	0.357917
-135	378	0.342177
-130.5	378	0.420083
-126	378	0.456024
-121.5	378	0.451131
-117	378	0.499582
-112.5	378	0.565082
-108	378	0.629601
-103.5	378	0.628783
-99	378	0.715396
-94.5	378	0.761695
-90	378	0.857409
-85.5	378	0.828821
-81	378	0.944883
-76.5	378	0.914554
-72	378	1.04015
-67.5	378	1.02487
-63	378	1.15575
-58.5	378	1.14897
-54	378	1.20153
-49.5	378	1.15491
-45	378	1.18881
-40.5	378	1.36707
-36	378	1.29378
-31.5	378	1.39159
-27	378	1.3924
-22.5	378	1.45703
-18	378	1.49231
-13.5	378	1.57624
-9	378	1.51072
-4.5	378	1.77315
0	378	1.5942
4.5	378	1.5753
9	378	1.68632
13.5	378	1.54166
18	378	1.48743
22.5	378	1.749
27	378	1.56316
31.5	378	1.60381
36	378	1.45788
40.5	378	1.47112
45	378	1.53546
49.5	378	1.41628
54	378	1.42378
58.5	378	1.31569
63	378	1.28601
67.5	378	1.2889
72	378	1.23059
76.5	378	1.17274
81	378	1.19794
85.5	378	1.13634
90	378	1.03479
94.5	378	1.08594
99	378	1.04401
103.5	378	1.00342
108	378	0.934815
112.5	378	1.12877
117	378	0.865469
121.5	378	0.834662
126	378	0.803069
130.5	378	0.690745
135	378	0.681227
139.5	378	0.617424
144	378	0.625534
148.5	378	0.605388
153	378	0.561652
157.5	378	0.550175
162	378	0.525825
166.5	378	0.47068
171	378	0.433108
175.5	378	0.413733
180	378	0.425591
184.5	378	0.363486
189	378	0.340942
193.5	378	0.344151
198	378	0.329462
202.5	378	0.325847
207	378	0.296997
211.5	378	0.301588
216	378	0.285508
220.5	378	0.283343
225	378	0.284204
229.5	378	0.305112
234	378	0.281851
238.5	378	0.237089
243	378	0.234719
247.5	378	0.24003
252	378	0.231337
256.5	378	0.23676
261	378	0.236907
265.5	378	0.214162
270	378	0.231313
274.5	378	0.22985
279	378	0.233036
283.5	378	0.241197
288	378	0.229324
292.5	378	0.228076
297	378	0.222481
301.5	378	0.248296
306	378	0.230954
310.5	378	0.229329
315	378	0.242834
319.5	378	0.243638
324	378	0.286625
328.5	378	0.214155
333	378	0.221277
337.5	378	0.200752
342	378	0.231005
346.5	378	0.177901
351	378	0.182812
355.5	378	0.185125
360	378	0.153616
364.5	378	0.163371
369	378	0.146903
373.5	378	0.132067
378	378	0.132502
432	378	0.124613
-450	382.5	0.02439
-432	382.5	0.010526
-427.5	382.5	0.007434
-423	382.5	0.010718
-382.5	382.5	0.012164
-355.5	382.5	0.024328
-351	382.5	0.023489
-333	382.5	0.029366
-328.5	382.5	0.029806
-324	382.5	0.05668
-315	382.5	0.039748
-310.5	382.5	0.042106
-306	382.5	0.046108
-301.5	382.5	0.059753
-297	382.5	0.041064
-288	382.5	0.044971
-283.5	382.5	0.048362
-279	382.5	0.040118
-265.5	382.5	0.045715
-261	382.5	0.045746
-256.5	382.5	0.046733
-252	382.5	0.063045
-247.5	382.5	0.056827
-243	382.5	0.07578
-238.5	382.5	0.079035
-234	382.5	0.068129
-229.5	382.5	0.062822
-225	382.5	0.074719
-220.5	382.5	0.089713
-216	382.5	0.102502
-211.5	382.5	0.116492
-207	382.5	1.13152
-202.5	382.5	0.480144
-198	382.5	0.147427
-193.5	382.5	0.153016
-189	382.5	0.178131
-184.5	382.5	0.167865
-180	382.5	0.185
-175.5	382.5	0.189653
-171	382.5	0.205778
-166.5	382.5	0.222156
-162	382.5	0.241619
-157.5	382.5	0.256112
-153	382.5	0.264972
-148.5	382.5	0.303405
-144	382.5	0.340848
-139.5	382.5	0.323518
-135	382.5	0.378991
-130.5	382.5	0.417343
-126	382.5	0.455324
-121.5	382.5	0.472395
-117	382.5	0.492093
-112.5	382.5	0.571131
-108	382.5	0.565058
-103.5	382.5	0.609189
-99	382.5	0.672122
-94.5	382.5	0.884901
-90	382.5	0.758218
-85.5	382.5	0.967702
-81	382.5	0.943958
-76.5	382.5	0.900057
-72	382.5	1.04477
-67.5	382.5	1.0878
-63	382.5	1.06212
-58.5	382.5	1.52089
-54	382.5	1.15685
-49.5	382.5	1.16403
-45	382.5	1.24698
-40.5	382.5	1.30599
-36	382.5	1.60352
-31.5	382.5	1.29525
-27	382.5	1.34787
-22.5	382.5	1.41448
-18	382.5	1.51532
-13.5	382.5	1.46426
-9	382.5	1.33321
-4.5	382.5	1.71837
0	382.5	1.56013
4.5	382.5	1.46114
9	382.5	1.63907
13.5	382.5	1.48372
18	382.5	1.56008
22.5	382.5	1.65253
27	382.5	1.5406
31.5	382.5	1.55848
36	382.5	1.36862
40.5	382.5	1.48813
45	382.5	1.45754
49.5	382.5	1.40996
54	382.5	1.29186
58.5	382.5	1.29042
63	382.5	1.2467
67.5	382.5	1.23181
72	382.5	1.2086
76.5	382.5	1.16585
81	382.5	1.13789
85.5	382.5	1.15118
90	382.5	1.03996
94.5	382.5	1.05932
99	382.5	0.993051
103.5	382.5	0.982913
108	382.5	0.88967
112.5	382.5	0.894225
117	382.5	0.77761
121.5	382.5	0.880458
126	382.5	0.70921
130.5	382.5	0.683159
135	382.5	0.6915
139.5	382.5	0.593123
144	382.5	0.606475
148.5	382.5	0.572709
153	382.5	0.560864
157.5	382.5	0.537206
162	382.5	0.476024
166.5	382.5	0.500112
171	382.5	0.435095
175.5	382.5	0.403599
180	382.5	0.434259
184.5	382.5	0.368499
189	382.5	0.351352
193.5	382.5	0.331628
198	382.5	0.314501
202.5	382.5	0.317478
207	382.5	0.313159
211.5	382.5	0.271214
216	382.5	0.28451
220.5	382.5	0.285414
225	382.5	0.273017
229.5	382.5	0.345146
234	382.5	0.307741
238.5	382.5	0.256051
243	382.5	0.222823
247.5	382.5	0.242044
252	382.5	0.225412
256.5	382.5	0.217044
261	382.5	0.245103
265.5	382.5	0.226071
270	382.5	0.227142
274.5	382.5	0.210705
279	382.5	0.216136
283.5	382.5	0.214379
288	382.5	0.221487
292.5	382.5	0.204055
297	382.5	0.220186
301.5	382.5	0.242105
306	382.5	0.212931
310.5	382.5	0.238106
315	382.5	0.229394
319.5	382.5	0.244042
324	382.5	0.224601
328.5	382.5	0.273593
333	382.5	0.207949
337.5	382.5	0.210357
342	382.5	0.199758
346.5	382.5	0.210905
351	382.5	0.165296
355.5	382.5	0.178501
360	382.5	0.17828
364.5	382.5	0.142132
369	382.5	0.140377
373.5	382.5	0.135242
378	382.5	0.126202
-436.5	387	0.010045
-400.5	387	0.009817
-382.5	387	0.016831
-369	387	0.021516
-360	387	0.02209
-355.5	387	0.022322
-351	387	0.022079
-346.5	387	0.025589
-337.5	387	0.025186
-333	387	0.028405
-328.5	387	0.038827
-324	387	0.055684
-319.5	387	0.046164
-315	387	0.034317
-306	387	0.055387
-301.5	387	0.039117
-297	387	0.046158
-292.5	387	0.042154
-288	387	0.122508
-283.5	387	0.05568
-270	387	0.054585
-265.5	387	0.050607
-261	387	0.045267
-256.5	387	0.058151
-252	387	0.053324
-247.5	387	0.069082
-243	387	0.082102
-238.5	387	0.066637
-234	387	0.0673
-229.5	387	0.086742
-225	387	0.083628
-220.5	387	0.091932
-216	387	0.100743
-211.5	387	0.12441
-207	387	0.252744
-202.5	387	0.143513
-198	387	0.135911
-193.5	387	0.17277
-189	387	0.1572
-184.5	387	0.180504
-180	387	0.192237
-175.5	387	0.195829
-171	387	0.204908
-166.5	387	0.245754
-162	387	0.244505
-157.5	387	0.248572
-153	387	0.247404
-148.5	387	0.377271
-144	387	0.352193
-139.5	387	0.34248
-135	387	0.404208
-130.5	387	0.450231
-126	387	0.425339
-121.5	387	0.473601
-117	387	0.502386
-112.5	387	0.545849
-108	387	0.571004
-103.5	387	0.644324
-99	387	0.684127
-94.5	387	0.784244
-90	387	0.721714
-85.5	387	0.865325
-81	387	0.897334
-76.5	387	0.884093
-72	387	0.996697
-67.5	387	1.07185
-63	387	1.03686
-58.5	387	1.44972
-54	387	1.11116
-49.5	387	1.12531
-45	387	1.20402
-40.5	387	1.26477
-36	387	1.87131
-31.5	387	1.29325
-27	387	1.30844
-22.5	387	1.30623
-18	387	1.45453
-13.5	387	1.41612
-9	387	1.40841
-4.5	387	1.56373
0	387	1.48918
4.5	387	1.47853
9	387	1.56209
13.5	387	1.46722
18	387	1.4963
22.5	387	1.52983
27	387	1.49623
31.5	387	1.47703
36	387	1.32926
40.5	387	1.43557
45	387	1.42848
49.5	387	1.43447
54	387	1.22333
58.5	387	1.19179
63	387	1.21302
67.5	387	1.17488
72	387	1.20537
76.5	387	1.11549
81	387	1.1576
85.5	387	1.13611
90	387	1.00319
94.5	387	1.05007
99	387	1.0008
103.5	387	0.927668
108	387	0.837248
112.5	387	0.82124
117	387	0.806852
121.5	387	0.790451
126	387	0.697959
130.5	387	0.672328
135	387	0.636968
139.5	387	0.586177
144	387	0.577498
148.5	387	0.548317
153	387	0.55227
157.5	387	0.502009
162	387	0.449116
166.5	387	0.477248
171	387	0.442964
175.5	387	0.424718
180	387	0.385833
184.5	387	0.380987
189	387	0.36384
193.5	387	0.337612
198	387	0.329749
202.5	387	0.307092
207	387	0.323651
211.5	387	0.302113
216	387	0.268845
220.5	387	0.248798
225	387	0.261601
229.5	387	0.254783
234	387	0.271551
238.5	387	0.251234
243	387	0.231579
247.5	387	0.227855
252	387	0.212385
256.5	387	0.221787
261	387	0.249885
265.5	387	0.224173
270	387	0.231177
274.5	387	0.209693
279	387	0.230328
283.5	387	0.205102
288	387	0.227476
292.5	387	0.220009
297	387	0.188578
301.5	387	0.214299
306	387	0.216056
310.5	387	0.207462
315	387	0.219107
319.5	387	0.219943
324	387	0.225235
328.5	387	0.231231
333	387	0.2771
337.5	387	0.189309
342	387	0.206728
346.5	387	0.187582
351	387	0.182648
355.5	387	0.154116
360	387	0.161354
364.5	387	0.161429
369	387	0.137767
373.5	387	0.135665
378	387	0.129796
382.5	387	0.115252
427.5	387	0.080319
-436.5	391.5	0.010486
-391.5	391.5	0.014769
-382.5	391.5	0.013664
-373.5	391.5	0.018393
-369	391.5	0.029696
-364.5	391.5	0.024443
-360	391.5	0.020302
-351	391.5	0.023602
-324	391.5	0.04475
-319.5	391.5	0.034262
-315	391.5	0.046187
-301.5	391.5	0.043915
-292.5	391.5	0.04282
-288	391.5	0.0448
-283.5	391.5	0.046294
-274.5	391.5	0.049582
-265.5	391.5	0.056816
-261	391.5	0.054162
-256.5	391.5	0.054684
-252	391.5	0.061853
-247.5	391.5	0.071995
-243	391.5	0.072114
-238.5	391.5	0.069202
-234	391.5	0.080372
-229.5	391.5	0.085721
-225	391.5	0.079444
-220.5	391.5	0.092816
-216	391.5	0.103361
-211.5	391.5	0.13534
-207	391.5	0.144984
-202.5	391.5	0.135323
-198	391.5	0.132933
-193.5	391.5	0.168626
-189	391.5	0.152002
-184.5	391.5	0.182667
-180	391.5	0.17299
-175.5	391.5	0.197586
-171	391.5	0.22389
-166.5	391.5	0.259883
-162	391.5	0.249561
-157.5	391.5	0.243616
-153	391.5	0.290933
-148.5	391.5	0.357816
-144	391.5	0.3281
-139.5	391.5	0.355525
-135	391.5	0.408111
-130.5	391.5	0.407969
-126	391.5	0.432517
-121.5	391.5	0.476081
-117	391.5	0.525835
-112.5	391.5	0.535017
-108	391.5	0.576709
-103.5	391.5	0.65344
-99	391.5	0.662291
-94.5	391.5	0.709119
-90	391.5	0.784997
-85.5	391.5	0.815334
-81	391.5	0.868724
-76.5	391.5	0.881815
-72	391.5	0.953779
-67.5	391.5	1.25137
-63	391.5	0.985259
-58.5	391.5	1.24096
-54	391.5	1.1151
-49.5	391.5	1.13068
-45	391.5	1.12268
-40.5	391.5	1.22576
-36	391.5	1.17767
-31.5	391.5	1.23667
-27	391.5	1.24503
-22.5	391.5	1.30153
-18	391.5	1.41671
-13.5	391.5	1.4037
-9	391.5	1.88392
-4.5	391.5	1.34142
0	391.5	1.40486
4.5	391.5	1.37762
9	391.5	1.47425
13.5	391.5	1.37014
18	391.5	1.41384
22.5	391.5	1.4255
27	391.5	1.44675
31.5	391.5	1.42369
36	391.5	1.27798
40.5	391.5	1.41277
45	391.5	1.36114
49.5	391.5	1.37168
54	391.5	1.23834
58.5	391.5	1.07947
63	391.5	1.16934
67.5	391.5	1.13133
72	391.5	1.16037
76.5	391.5	1.09951
81	391.5	1.16099
85.5	391.5	1.10045
90	391.5	1.01967
94.5	391.5	0.997996
99	391.5	0.949459
103.5	391.5	0.921853
108	391.5	0.850848
112.5	391.5	0.833638
117	391.5	0.788355
121.5	391.5	0.760703
126	391.5	0.699765
130.5	391.5	0.683834
135	391.5	0.586647
139.5	391.5	0.584945
144	391.5	0.557653
148.5	391.5	0.58216
153	391.5	0.516899
157.5	391.5	0.531888
162	391.5	0.498266
166.5	391.5	0.42226
171	391.5	0.428993
175.5	391.5	0.425815
180	391.5	0.377806
184.5	391.5	0.366569
189	391.5	0.360867
193.5	391.5	0.325641
198	391.5	0.310477
202.5	391.5	0.307248
207	391.5	0.309121
211.5	391.5	0.308707
216	391.5	0.26924
220.5	391.5	0.277165
225	391.5	0.244624
229.5	391.5	0.247465
234	391.5	0.246236
238.5	391.5	0.232204
243	391.5	0.216382
247.5	391.5	0.223993
252	391.5	0.200229
256.5	391.5	0.231021
261	391.5	0.222394
265.5	391.5	0.246304
270	391.5	0.198951
274.5	391.5	0.250393
279	391.5	0.233184
283.5	391.5	0.204528
288	391.5	0.219469
292.5	391.5	0.218326
297	391.5	0.193623
301.5	391.5	0.197687
306	391.5	0.209777
310.5	391.5	0.201315
315	391.5	0.195279
319.5	391.5	0.218928
324	391.5	0.209936
328.5	391.5	0.220067
333	391.5	0.218169
337.5	391.5	0.269411
342	391.5	0.213823
346.5	391.5	0.200898
351	391.5	0.177545
355.5	391.5	0.177994
360	391.5	0.144481
364.5	391.5	0.160742
369	391.5	0.149327
378	391.5	0.137913
382.5	391.5	0.11343
-396	396	0.013599
-391.5	396	0.021232
-387	396	0.018583
-382.5	396	0.014604
-378	396	0.017899
-373.5	396	0.021541
-351	396	0.023055
-324	396	0.035652
-315	396	0.049764
-310.5	396	0.045079
-301.5	396	0.046694
-265.5	396	0.061465
-261	396	0.062193
-256.5	396	0.060466
-252	396	0.065334
-247.5	396	0.061651
-243	396	0.061206
-238.5	396	0.080026
-234	396	0.090883
-229.5	396	0.09406
-225	396	0.091895
-220.5	396	0.090927
-216	396	0.125732
-211.5	396	0.141181
-207	396	0.131714
-202.5	396	0.130772
-198	396	0.158589
-193.5	396	0.149162
-189	396	0.182363
-184.5	396	0.180569
-180	396	0.180183
-175.5	396	0.206757
-171	396	0.218765
-166.5	396	0.238961
-162	396	0.23935
-157.5	396	0.262023
-153	396	0.295245
-148.5	396	0.315728
-144	396	0.314856
-139.5	396	0.376873
-135	396	0.396411
-130.5	396	0.418664
-126	396	0.4514
-121.5	396	0.473027
-117	396	0.579256
-112.5	396	0.550103
-108	396	0.597807
-103.5	396	0.691185
-99	396	0.689239
-94.5	396	0.716302
-90	396	0.794343
-85.5	396	0.785985
-81	396	0.817401
-76.5	396	0.875425
-72	396	0.909289
-67.5	396	1.17907
-63	396	1.01031
-58.5	396	1.0421
-54	396	1.33596
-49.5	396	1.11564
-45	396	1.09656
-40.5	396	1.16287
-36	396	1.20389
-31.5	396	1.13601
-27	396	1.14852
-22.5	396	1.22709
-18	396	1.36126
-13.5	396	1.34203
-9	396	1.33975
-4.5	396	1.22905
0	396	1.31137
4.5	396	1.32832
9	396	1.40066
13.5	396	1.33121
18	396	1.46211
22.5	396	1.35053
27	396	1.47049
31.5	396	1.36465
36	396	1.29767
40.5	396	1.39119
45	396	1.3355
49.5	396	1.30719
54	396	1.20663
58.5	396	1.10903
63	396	1.08508
67.5	396	1.10099
72	396	1.10151
76.5	396	1.1271
81	396	1.10125
85.5	396	1.04649
90	396	0.97802
94.5	396	0.889739
99	396	0.95597
103.5	396	0.908577
108	396	0.868533
112.5	396	0.807432
117	396	0.771467
121.5	396	0.691062
126	396	0.755083
130.5	396	0.706678
135	396	0.600926
139.5	396	0.608458
144	396	0.553911
148.5	396	0.565397
153	396	0.530757
157.5	396	0.531767
162	396	0.511057
166.5	396	0.406202
171	396	0.465172
175.5	396	0.393946
180	396	0.382537
184.5	396	0.339712
189	396	0.345981
193.5	396	0.345867
198	396	0.315028
202.5	396	0.272329
207	396	0.302716
211.5	396	0.30459
216	396	0.280472
220.5	396	0.255148
225	396	0.261022
229.5	396	0.249501
234	396	0.226329
238.5	396	0.228521
243	396	0.225036
247.5	396	0.212401
252	396	0.215296
256.5	396	0.213444
261	396	0.225075
265.5	396	0.200082
270	396	0.218325
274.5	396	0.275997
279	396	0.19306
283.5	396	0.203675
288	396	0.196611
292.5	396	0.211125
297	396	0.201226
301.5	396	0.204421
306	396	0.19347
310.5	396	0.214516
315	396	0.215816
319.5	396	0.204997
324	396	0.19712
328.5	396	0.187073
333	396	0.218449
337.5	396	0.211546
342	396	0.257743
346.5	396	0.197388
351	396	0.183709
355.5	396	0.177854
360	396	0.166063
364.5	396	0.141644
369	396	0.146722
373.5	396	0.14738
378	396	0.122311
382.5	396	0.128436
-445.5	400.5	0.008538
-436.5	400.5	0.012229
-432	400.5	0.007915
-418.5	400.5	0.006551
-409.5	400.5	0.008352
-396	400.5	0.020044
-391.5	400.5	0.022619
-378	400.5	0.021757
-373.5	400.5	0.031513
-355.5	400.5	0.023602
-342	400.5	0.026126
-319.5	400.5	0.043657
-310.5	400.5	0.036305
-306	400.5	0.037209
-301.5	400.5	0.042028
-292.5	400.5	0.044468
-270	400.5	0.055894
-265.5	400.5	0.058585
-261	400.5	0.06444
-256.5	400.5	0.070105
-252	400.5	0.06457
-247.5	400.5	0.06084
-243	400.5	0.077035
-238.5	400.5	0.079299
-234	400.5	0.091384
-229.5	400.5	0.083406
-225	400.5	0.092166
-220.5	400.5	0.100111
-216	400.5	0.122237
-211.5	400.5	0.112857
-207	400.5	0.125937
-202.5	400.5	0.140221
-198	400.5	0.151476
-193.5	400.5	0.159738
-189	400.5	0.167749
-184.5	400.5	0.189332
-180	400.5	0.188088
-175.5	400.5	0.198224
-171	400.5	0.211597
-166.5	400.5	0.241381
-162	400.5	0.242807
-157.5	400.5	0.253744
-153	400.5	0.258949
-148.5	400.5	0.315607
-144	400.5	0.334105
-139.5	400.5	0.417514
-135	400.5	0.372726
-130.5	400.5	0.40117
-126	400.5	0.447639
-121.5	400.5	0.492954
-117	400.5	0.547456
-112.5	400.5	0.571615
-108	400.5	0.586857
-103.5	400.5	0.686998
-99	400.5	0.648106
-94.5	400.5	0.720983
-90	400.5	0.907651
-85.5	400.5	0.812819
-81	400.5	0.788482
-76.5	400.5	0.859968
-72	400.5	0.930095
-67.5	400.5	0.940351
-63	400.5	0.973703
-58.5	400.5	1.0742
-54	400.5	1.00921
-49.5	400.5	1.05533
-45	400.5	1.10478
-40.5	400.5	1.09519
-36	400.5	1.10808
-31.5	400.5	1.07483
-27	400.5	1.1192
-22.5	400.5	1.2074
-18	400.5	1.30738
-13.5	400.5	1.2863
-9	400.5	1.26074
-4.5	400.5	1.22847
0	400.5	1.26546
4.5	400.5	1.26119
9	400.5	1.34345
13.5	400.5	1.28419
18	400.5	1.63451
22.5	400.5	1.33158
27	400.5	1.32982
31.5	400.5	1.32421
36	400.5	1.25661
40.5	400.5	1.32946
45	400.5	1.33846
49.5	400.5	1.19403
54	400.5	1.14996
58.5	400.5	1.11272
63	400.5	1.0274
67.5	400.5	1.07489
72	400.5	0.983725
76.5	400.5	1.04394
81	400.5	1.08539
85.5	400.5	0.979796
90	400.5	1.00959
94.5	400.5	0.883922
99	400.5	0.946826
103.5	400.5	0.850964
108	400.5	0.85815
112.5	400.5	0.779868
117	400.5	0.743591
121.5	400.5	0.716274
126	400.5	0.75114
130.5	400.5	0.70569
135	400.5	0.622418
139.5	400.5	0.58228
144	400.5	0.562357
148.5	400.5	0.529821
153	400.5	0.529437
157.5	400.5	0.49933
162	400.5	0.493305
166.5	400.5	0.427547
171	400.5	0.395068
175.5	400.5	0.413094
180	400.5	0.377122
184.5	400.5	0.35426
189	400.5	0.358376
193.5	400.5	0.318984
198	400.5	0.33291
202.5	400.5	0.304718
207	400.5	0.282042
211.5	400.5	0.302362
216	400.5	0.289509
220.5	400.5	0.261882
225	400.5	0.26948
229.5	400.5	0.272857
234	400.5	0.243168
238.5	400.5	0.225171
243	400.5	0.309142
247.5	400.5	0.197826
252	400.5	0.229817
256.5	400.5	0.222182
261	400.5	0.21213
265.5	400.5	0.207046
270	400.5	0.227729
274.5	400.5	0.209192
279	400.5	0.201712
283.5	400.5	0.184707
288	400.5	0.210124
292.5	400.5	0.183976
297	400.5	0.205708
301.5	400.5	0.189015
306	400.5	0.180814
310.5	400.5	0.204389
315	400.5	0.198977
319.5	400.5	0.198138
324	400.5	0.187686
328.5	400.5	0.199957
333	400.5	0.204194
337.5	400.5	0.194784
342	400.5	0.218779
346.5	400.5	0.238966
351	400.5	0.175141
355.5	400.5	0.195475
360	400.5	0.169842
364.5	400.5	0.176578
369	400.5	0.148474
373.5	400.5	0.160016
378	400.5	0.155648
391.5	400.5	0.104578
396	400.5	0.095611
-427.5	405	0.006827
-423	405	0.006183
-396	405	0.013042
-391.5	405	0.012923
-387	405	0.015411
-378	405	0.034375
-373.5	405	0.022128
-364.5	405	0.024065
-360	405	0.024397
-355.5	405	0.031851
-337.5	405	0.040931
-333	405	0.032095
-328.5	405	0.037629
-324	405	0.044881
-319.5	405	0.04336
-315	405	0.041073
-310.5	405	0.034042
-306	405	0.038345
-292.5	405	0.037883
-288	405	0.052451
-283.5	405	0.053534
-279	405	0.050983
-270	405	0.054822
-265.5	405	0.063258
-261	405	0.069875
-256.5	405	0.064201
-252	405	0.070053
-247.5	405	0.066777
-243	405	0.077378
-238.5	405	0.071766
-234	405	0.087786
-229.5	405	0.087511
-225	405	0.093883
-220.5	405	0.112983
-216	405	0.119263
-211.5	405	0.110194
-207	405	0.133232
-202.5	405	0.154912
-198	405	0.148565
-193.5	405	0.176675
-189	405	0.158913
-184.5	405	0.177268
-180	405	0.206241
-175.5	405	0.196375
-171	405	0.723556
-166.5	405	0.234172
-162	405	0.254426
-157.5	405	0.269338
-153	405	0.289588
-148.5	405	0.321539
-144	405	0.34497
-139.5	405	0.433543
-135	405	0.396903
-130.5	405	0.419449
-126	405	0.450077
-121.5	405	0.486645
-117	405	0.50889
-112.5	405	0.586708
-108	405	0.581688
-103.5	405	0.663601
-99	405	0.613343
-94.5	405	0.828001
-90	405	0.820915
-85.5	405	0.764809
-81	405	0.786606
-76.5	405	0.881264
-72	405	0.874289
-67.5	405	1.1303
-63	405	0.926772
-58.5	405	1.0415
-54	405	0.938764
-49.5	405	1.00874
-45	405	1.06629
-40.5	405	1.03841
-36	405	1.09372
-31.5	405	1.0782
-27	405	1.11425
-22.5	405	1.25578
-18	405	1.30451
-13.5	405	1.20744
-9	405	1.26081
-4.5	405	1.196
0	405	1.24674
4.5	405	1.22835
9	405	1.29136
13.5	405	1.24514
18	405	1.25928
22.5	405	1.35701
27	405	1.60104
31.5	405	1.37125
36	405	1.20348
40.5	405	1.2247
45	405	1.31705
49.5	405	1.14915
54	405	1.10035
58.5	405	1.1019
63	405	1.00626
67.5	405	1.05066
72	405	0.978124
76.5	405	0.973917
81	405	1.01859
85.5	405	0.95508
90	405	1.0037
94.5	405	0.85943
99	405	0.912494
103.5	405	0.816268
108	405	0.836626
112.5	405	0.726228
117	405	0.755077
121.5	405	0.707044
126	405	0.775443
130.5	405	0.683989
135	405	0.634449
139.5	405	0.614225
144	405	0.550645
148.5	405	0.494304
153	405	0.519405
157.5	405	0.482469
162	405	0.478147
166.5	405	0.46882
171	405	0.384208
175.5	405	0.393744
180	405	0.329748
184.5	405	0.348805
189	405	0.321256
193.5	405	0.342252
198	405	0.32068
202.5	405	0.333169
207	405	0.281079
211.5	405	0.27257
216	405	0.270076
220.5	405	0.26412
225	405	0.248184
229.5	405	0.272873
234	405	0.240844
238.5	405	0.212025
243	405	0.222138
247.5	405	0.246096
252	405	0.203876
256.5	405	0.21375
261	405	0.18898
265.5	405	0.208865
270	405	0.203004
274.5	405	0.20712
279	405	0.202926
283.5	405	0.192664
288	405	0.18687
292.5	405	0.189597
297	405	0.184856
301.5	405	0.192263
306	405	0.193896
310.5	405	0.177689
315	405	0.192852
319.5	405	0.19541
324	405	0.194309
328.5	405	0.201293
333	405	0.173988
337.5	405	0.178876
342	405	0.191346
346.5	405	0.213206
351	405	0.212906
355.5	405	0.173337
360	405	0.185668
364.5	405	0.141413
369	405	0.161101
373.5	405	0.129775
378	405	0.146716
391.5	405	0.110684
-418.5	409.5	0.008539
-414	409.5	0.00938
-405	409.5	0.011211
-400.5	409.5	0.012761
-396	409.5	0.013476
-387	409.5	0.020241
-382.5	409.5	0.026212
-373.5	409.5	0.022096
-355.5	409.5	0.03327
-346.5	409.5	0.027245
-337.5	409.5	0.034607
-333	409.5	0.033725
-328.5	409.5	0.041114
-324	409.5	0.046838
-319.5	409.5	0.043221
-301.5	409.5	0.042027
-292.5	409.5	0.048398
-288	409.5	0.044548
-283.5	409.5	0.051761
-279	409.5	0.049237
-274.5	409.5	0.055166
-270	409.5	0.051077
-261	409.5	0.066044
-256.5	409.5	0.067153
-252	409.5	0.06781
-247.5	409.5	0.073689
-243	409.5	0.083329
-238.5	409.5	0.070754
-234	409.5	0.085395
-229.5	409.5	0.092391
-225	409.5	0.104285
-220.5	409.5	0.105871
-216	409.5	0.11186
-211.5	409.5	0.124897
-207	409.5	0.176745
-202.5	409.5	0.150337
-198	409.5	0.168329
-193.5	409.5	0.166014
-189	409.5	0.169058
-184.5	409.5	0.176512
-180	409.5	0.202135
-175.5	409.5	0.208311
-171	409.5	0.232023
-166.5	409.5	0.234077
-162	409.5	0.2905
-157.5	409.5	0.26368
-153	409.5	0.28311
-148.5	409.5	0.350518
-144	409.5	0.385311
-139.5	409.5	0.376205
-135	409.5	0.38627
-130.5	409.5	0.446188
-126	409.5	0.450288
-121.5	409.5	0.508728
-117	409.5	0.506577
-112.5	409.5	0.580233
-108	409.5	0.631082
-103.5	409.5	0.643525
-99	409.5	0.635703
-94.5	409.5	0.746265
-90	409.5	0.780098
-85.5	409.5	0.75331
-81	409.5	0.784214
-76.5	409.5	0.841355
-72	409.5	0.889538
-67.5	409.5	1.02483
-63	409.5	0.883511
-58.5	409.5	0.933859
-54	409.5	0.971635
-49.5	409.5	1.00597
-45	409.5	1.06118
-40.5	409.5	1.04568
-36	409.5	1.01831
-31.5	409.5	1.08644
-27	409.5	1.11786
-22.5	409.5	1.24834
-18	409.5	1.23035
-13.5	409.5	1.18893
-9	409.5	1.17806
-4.5	409.5	1.16971
0	409.5	1.15203
4.5	409.5	1.20573
9	409.5	1.20143
13.5	409.5	1.19861
18	409.5	1.23415
22.5	409.5	1.36273
27	409.5	1.25848
31.5	409.5	1.49676
36	409.5	1.2623
40.5	409.5	1.17828
45	409.5	1.23677
49.5	409.5	1.12747
54	409.5	1.08381
58.5	409.5	1.14679
63	409.5	0.983876
67.5	409.5	1.02351
72	409.5	0.945422
76.5	409.5	0.969562
81	409.5	0.974853
85.5	409.5	0.939658
90	409.5	0.899404
94.5	409.5	0.903279
99	409.5	0.870638
103.5	409.5	0.80906
108	409.5	0.767781
112.5	409.5	0.720375
117	409.5	0.697433
121.5	409.5	0.726156
126	409.5	0.72689
130.5	409.5	0.61964
135	409.5	0.708008
139.5	409.5	0.571846
144	409.5	0.532886
148.5	409.5	0.48607
153	409.5	0.482849
157.5	409.5	0.478385
162	409.5	0.482999
166.5	409.5	0.466033
171	409.5	0.392739
175.5	409.5	0.366818
180	409.5	0.348883
184.5	409.5	0.348305
189	409.5	0.338718
193.5	409.5	0.338456
198	409.5	0.297414
202.5	409.5	0.309398
207	409.5	0.286261
211.5	409.5	0.262257
216	409.5	0.271372
220.5	409.5	0.257411
225	409.5	0.250743
229.5	409.5	0.244553
234	409.5	0.243398
238.5	409.5	0.216897
243	409.5	0.205524
247.5	409.5	0.192617
252	409.5	0.189149
256.5	409.5	0.200274
261	409.5	0.196293
265.5	409.5	0.192169
270	409.5	0.191583
274.5	409.5	0.188375
279	409.5	0.202742
283.5	409.5	0.196775
288	409.5	0.180235
292.5	409.5	0.181295
297	409.5	0.189153
301.5	409.5	0.176768
306	409.5	0.179563
310.5	409.5	0.190924
315	409.5	0.184844
319.5	409.5	0.178253
324	409.5	0.188225
328.5	409.5	0.179807
333	409.5	0.188424
337.5	409.5	0.17009
342	409.5	0.178491
346.5	409.5	0.181664
351	409.5	0.216278
355.5	409.5	0.199329
360	409.5	0.167579
364.5	409.5	0.177805
369	409.5	0.146594
373.5	409.5	0.143992
-423	414	0.009283
-418.5	414	0.00933
-387	414	0.017896
-378	414	0.017845
-373.5	414	0.021261
-369	414	0.022044
-333	414	0.040991
-297	414	0.056718
-292.5	414	0.046225
-288	414	0.046721
-283.5	414	0.053835
-274.5	414	0.051967
-270	414	0.066725
-265.5	414	0.06766
-261	414	0.05794
-256.5	414	0.071222
-252	414	0.07302
-247.5	414	0.084828
-243	414	0.078715
-238.5	414	0.076059
-234	414	0.081015
-229.5	414	0.095755
-225	414	0.095951
-220.5	414	0.104047
-216	414	0.113932
-211.5	414	0.14461
-207	414	0.152807
-202.5	414	0.145554
-198	414	0.174407
-193.5	414	0.243726
-189	414	0.166808
-184.5	414	0.191796
-180	414	0.187861
-175.5	414	0.21419
-171	414	0.217927
-166.5	414	0.251944
-162	414	0.271145
-157.5	414	0.251257
-153	414	0.303899
-148.5	414	0.345019
-144	414	0.37769
-139.5	414	0.379895
-135	414	0.394948
-130.5	414	0.415231
-126	414	0.439514
-121.5	414	0.486237
-117	414	0.543057
-112.5	414	0.56028
-108	414	0.605088
-103.5	414	0.624607
-99	414	0.628846
-94.5	414	0.661394
-90	414	0.805934
-85.5	414	0.719426
-81	414	0.757111
-76.5	414	0.821058
-72	414	0.866976
-67.5	414	0.790646
-63	414	0.836645
-58.5	414	0.983764
-54	414	0.919727
-49.5	414	1.01003
-45	414	1.02777
-40.5	414	1.03429
-36	414	0.984487
-31.5	414	1.02227
-27	414	1.02036
-22.5	414	1.1752
-18	414	1.22735
-13.5	414	1.19627
-9	414	1.15613
-4.5	414	1.2119
0	414	1.13556
4.5	414	1.20507
9	414	1.16627
13.5	414	1.16163
18	414	1.17426
22.5	414	1.31496
27	414	1.30202
31.5	414	1.08767
36	414	1.19785
40.5	414	1.10998
45	414	1.18784
49.5	414	1.07505
54	414	0.96901
58.5	414	1.13994
63	414	0.987288
67.5	414	0.988251
72	414	0.916455
76.5	414	0.920633
81	414	0.933205
85.5	414	0.968731
90	414	0.831875
94.5	414	0.897586
99	414	0.861199
103.5	414	0.79006
108	414	0.775801
112.5	414	0.723606
117	414	0.660718
121.5	414	0.696587
126	414	0.655958
130.5	414	0.627208
135	414	0.629403
139.5	414	0.55402
144	414	0.554383
148.5	414	0.493567
153	414	0.477513
157.5	414	0.503105
162	414	0.472744
166.5	414	0.427006
171	414	0.397984
175.5	414	0.363391
180	414	0.373574
184.5	414	0.346659
189	414	0.340729
193.5	414	0.314191
198	414	0.308615
202.5	414	0.307968
207	414	0.288902
211.5	414	0.271037
216	414	0.316193
220.5	414	0.243998
225	414	0.287466
229.5	414	0.2301
234	414	0.249588
238.5	414	0.243968
243	414	0.203297
247.5	414	0.198984
252	414	0.191119
256.5	414	0.19516
261	414	0.189437
265.5	414	0.18729
270	414	0.177858
274.5	414	0.186842
279	414	0.19245
283.5	414	0.196065
288	414	0.17362
292.5	414	0.181505
297	414	0.172097
301.5	414	0.177252
306	414	0.170301
310.5	414	0.182788
315	414	0.162065
319.5	414	0.173616
324	414	0.1693
328.5	414	0.171308
333	414	0.172975
337.5	414	0.173059
342	414	0.157336
346.5	414	0.162532
351	414	0.192168
355.5	414	0.209687
360	414	0.178343
364.5	414	0.16423
369	414	0.159818
378	414	0.141414
441	414	0.059763
-450	418.5	0.010774
-441	418.5	0.008734
-418.5	418.5	0.013075
-400.5	418.5	0.01253
-391.5	418.5	0.017495
-387	418.5	0.019595
-342	418.5	0.038804
-337.5	418.5	0.186946
-333	418.5	0.043109
-297	418.5	0.05319
-292.5	418.5	0.048381
-288	418.5	0.050409
-283.5	418.5	0.056213
-279	418.5	0.052152
-274.5	418.5	0.066001
-270	418.5	0.071223
-265.5	418.5	0.063745
-261	418.5	0.071415
-256.5	418.5	0.065307
-252	418.5	0.092012
-247.5	418.5	0.077201
-243	418.5	0.07201
-238.5	418.5	0.088177
-234	418.5	0.094143
-229.5	418.5	0.090582
-225	418.5	0.091782
-220.5	418.5	0.103897
-216	418.5	0.125893
-211.5	418.5	0.156294
-207	418.5	0.146199
-202.5	418.5	0.16258
-198	418.5	0.212047
-193.5	418.5	0.260547
-189	418.5	0.179025
-184.5	418.5	0.186275
-180	418.5	0.186231
-175.5	418.5	0.19879
-171	418.5	0.229488
-166.5	418.5	0.270555
-162	418.5	0.263387
-157.5	418.5	0.273393
-153	418.5	0.322271
-148.5	418.5	0.341819
-144	418.5	0.310274
-139.5	418.5	0.351836
-135	418.5	0.407388
-130.5	418.5	0.400987
-126	418.5	0.458005
-121.5	418.5	0.459525
-117	418.5	0.528104
-112.5	418.5	0.532613
-108	418.5	0.570838
-103.5	418.5	0.589805
-99	418.5	0.58482
-94.5	418.5	0.712594
-90	418.5	1.01984
-85.5	418.5	0.688124
-81	418.5	0.76643
-76.5	418.5	0.756804
-72	418.5	0.813799
-67.5	418.5	0.775674
-63	418.5	0.805481
-58.5	418.5	0.966457
-54	418.5	0.936808
-49.5	418.5	0.922705
-45	418.5	1.03735
-40.5	418.5	0.987343
-36	418.5	0.951154
-31.5	418.5	0.96512
-27	418.5	1.00341
-22.5	418.5	1.10634
-18	418.5	1.18176
-13.5	418.5	1.19568
-9	418.5	1.06846
-4.5	418.5	1.07105
0	418.5	1.17848
4.5	418.5	1.13853
9	418.5	1.16729
13.5	418.5	1.07095
18	418.5	1.12201
22.5	418.5	1.22111
27	418.5	1.28766
31.5	418.5	1.07584
36	418.5	1.13208
40.5	418.5	1.0571
45	418.5	1.1356
49.5	418.5	1.06183
54	418.5	0.964993
58.5	418.5	1.11387
63	418.5	0.932009
67.5	418.5	0.963124
72	418.5	0.93806
76.5	418.5	0.919352
81	418.5	0.910927
85.5	418.5	0.914217
90	418.5	0.861676
94.5	418.5	0.914245
99	418.5	0.751141
103.5	418.5	0.828012
108	418.5	0.756683
112.5	418.5	0.73461
117	418.5	0.658318
121.5	418.5	0.678538
126	418.5	0.621267
130.5	418.5	0.601091
135	418.5	0.637549
139.5	418.5	0.524316
144	418.5	0.554339
148.5	418.5	0.480271
153	418.5	0.482352
157.5	418.5	0.461587
162	418.5	0.438872
166.5	418.5	0.411033
171	418.5	0.411965
175.5	418.5	0.372371
180	418.5	0.37018
184.5	418.5	0.357687
189	418.5	0.327882
193.5	418.5	0.329595
198	418.5	0.309282
202.5	418.5	0.302239
207	418.5	0.278514
211.5	418.5	0.276885
216	418.5	0.2686
220.5	418.5	0.253023
225	418.5	0.24729
229.5	418.5	0.228038
234	418.5	0.223721
238.5	418.5	0.244508
243	418.5	0.213776
247.5	418.5	0.217193
252	418.5	0.184959
256.5	418.5	0.211722
261	418.5	0.174366
265.5	418.5	0.178356
270	418.5	0.185161
274.5	418.5	0.188305
279	418.5	0.179444
283.5	418.5	0.183432
288	418.5	0.168868
292.5	418.5	0.172036
297	418.5	0.175941
301.5	418.5	0.176429
306	418.5	0.165725
310.5	418.5	0.194073
315	418.5	0.18305
319.5	418.5	0.169011
324	418.5	0.18454
328.5	418.5	0.16994
333	418.5	0.168585
337.5	418.5	0.17368
342	418.5	0.164452
346.5	418.5	0.152491
351	418.5	0.168272
360	418.5	0.196756
364.5	418.5	0.171341
369	418.5	0.158658
378	418.5	0.145489
382.5	418.5	0.133182
387	418.5	0.112262
396	418.5	0.14016
405	418.5	0.100474
-445.5	423	0.009595
-427.5	423	0.011226
-400.5	423	0.030191
-378	423	0.02117
-369	423	0.019555
-364.5	423	0.031605
-346.5	423	0.033172
-315	423	0.037678
-310.5	423	0.040152
-301.5	423	0.052869
-297	423	0.046629
-279	423	0.054496
-274.5	423	0.05756
-270	423	0.062511
-265.5	423	0.050959
-256.5	423	0.071591
-252	423	0.071403
-247.5	423	0.08812
-243	423	0.092588
-238.5	423	0.089514
-234	423	0.090259
-229.5	423	0.098531
-225	423	0.109733
-220.5	423	0.117157
-216	423	0.124193
-211.5	423	0.155546
-207	423	0.155778
-202.5	423	0.157143
-198	423	0.173102
-193.5	423	0.163039
-189	423	0.176758
-184.5	423	0.193045
-180	423	0.187749
-175.5	423	0.210978
-171	423	0.24655
-166.5	423	0.259838
-162	423	0.264348
-157.5	423	0.278639
-153	423	0.328001
-148.5	423	0.330995
-144	423	0.311126
-139.5	423	0.371648
-135	423	0.399916
-130.5	423	0.404066
-126	423	0.443196
-121.5	423	0.457262
-117	423	0.517988
-112.5	423	0.519755
-108	423	0.549362
-103.5	423	0.577392
-99	423	0.614131
-94.5	423	0.752195
-90	423	0.744761
-85.5	423	0.712762
-81	423	0.761576
-76.5	423	0.785158
-72	423	0.774049
-67.5	423	0.778345
-63	423	0.852868
-58.5	423	0.913961
-54	423	0.867706
-49.5	423	0.902717
-45	423	1.0092
-40.5	423	0.944754
-36	423	0.949846
-31.5	423	0.919711
-27	423	0.989557
-22.5	423	1.17955
-18	423	1.07709
-13.5	423	1.1092
-9	423	1.03683
-4.5	423	1.01952
0	423	1.13713
4.5	423	1.10201
9	423	1.13657
13.5	423	1.04626
18	423	1.03843
22.5	423	1.10782
27	423	1.22212
31.5	423	1.04884
36	423	1.04634
40.5	423	1.0353
45	423	1.1205
49.5	423	1.01883
54	423	0.972664
58.5	423	1.00316
63	423	0.972472
67.5	423	0.907963
72	423	0.895782
76.5	423	0.898624
81	423	0.905311
85.5	423	0.913747
90	423	0.856245
94.5	423	0.895823
99	423	0.799074
103.5	423	0.80933
108	423	0.726021
112.5	423	0.698122
117	423	0.630669
121.5	423	0.622681
126	423	0.639813
130.5	423	0.565278
135	423	0.645714
139.5	423	0.55548
144	423	0.505191
148.5	423	0.523152
153	423	0.424746
157.5	423	0.458584
162	423	0.427336
166.5	423	0.415823
171	423	0.43011
175.5	423	0.353849
180	423	0.340431
184.5	423	0.365155
189	423	0.307911
193.5	423	0.306931
198	423	0.293491
202.5	423	0.299698
207	423	0.284174
211.5	423	0.260547
216	423	0.256559
220.5	423	0.247724
225	423	0.23437
229.5	423	0.220261
234	423	0.219331
238.5	423	0.243884
243	423	0.218656
247.5	423	0.195243
252	423	0.201719
256.5	423	0.197054
261	423	0.180764
265.5	423	0.182118
270	423	0.175089
274.5	423	0.198109
279	423	0.173227
283.5	423	0.146215
288	423	0.182423
292.5	423	0.162086
297	423	0.176796
301.5	423	0.160082
306	423	0.175939
310.5	423	0.165192
315	423	0.193221
319.5	423	0.176114
324	423	0.171585
328.5	423	0.169057
333	423	0.168336
337.5	423	0.167775
342	423	0.165213
346.5	423	0.16559
351	423	0.159296
355.5	423	0.151436
360	423	0.157454
364.5	423	0.198411
369	423	0.153225
373.5	423	0.154785
378	423	0.168268
382.5	423	0.142314
-427.5	427.5	0.013745
-409.5	427.5	0.013556
-405	427.5	0.01964
-400.5	427.5	0.01963
-391.5	427.5	0.015546
-387	427.5	0.019808
-373.5	427.5	0.019309
-369	427.5	0.02734
-319.5	427.5	0.034884
-310.5	427.5	0.041138
-301.5	427.5	0.054784
-292.5	427.5	0.052217
-288	427.5	0.060929
-283.5	427.5	0.219501
-279	427.5	0.047613
-274.5	427.5	0.067552
-270	427.5	0.060153
-265.5	427.5	0.067001
-261	427.5	0.070368
-256.5	427.5	0.08389
-252	427.5	0.074481
-247.5	427.5	0.082804
-243	427.5	0.084295
-238.5	427.5	0.099082
-234	427.5	0.0972
-229.5	427.5	0.102643
-225	427.5	0.121025
-220.5	427.5	0.1156
-216	427.5	0.13056
-211.5	427.5	0.156803
-207	427.5	0.142069
-202.5	427.5	0.141327
-198	427.5	0.146443
-193.5	427.5	0.164914
-189	427.5	0.161714
-184.5	427.5	0.180536
-180	427.5	0.186516
-175.5	427.5	0.198127
-171	427.5	0.281471
-166.5	427.5	0.256419
-162	427.5	0.271541
-157.5	427.5	0.279723
-153	427.5	0.29008
-148.5	427.5	0.303033
-144	427.5	0.344007
-139.5	427.5	0.363716
-135	427.5	0.394965
-130.5	427.5	0.425284
-126	427.5	0.443816
-121.5	427.5	0.464068
-117	427.5	0.500886
-112.5	427.5	0.494613
-108	427.5	0.546186
-103.5	427.5	0.568565
-99	427.5	0.601404
-94.5	427.5	0.726999
-90	427.5	0.632764
-85.5	427.5	0.72344
-81	427.5	0.770095
-76.5	427.5	0.702731
-72	427.5	0.743065
-67.5	427.5	0.79933
-63	427.5	0.856793
-58.5	427.5	0.862679
-54	427.5	0.829437
-49.5	427.5	1.75018
-45	427.5	0.89622
-40.5	427.5	0.909602
-36	427.5	0.93627
-31.5	427.5	0.893015
-27	427.5	1.01068
-22.5	427.5	1.12941
-18	427.5	1.07682
-13.5	427.5	1.01932
-9	427.5	0.994238
-4.5	427.5	1.02611
0	427.5	1.09165
4.5	427.5	1.05856
9	427.5	1.05894
13.5	427.5	1.01587
18	427.5	0.991768
22.5	427.5	1.06393
27	427.5	1.11247
31.5	427.5	1.04476
36	427.5	1.00683
40.5	427.5	1.04249
45	427.5	1.06988
49.5	427.5	0.948808
54	427.5	0.983446
58.5	427.5	0.910342
63	427.5	0.944203
67.5	427.5	0.881816
72	427.5	0.924378
76.5	427.5	0.878018
81	427.5	0.842592
85.5	427.5	0.868094
90	427.5	0.831691
94.5	427.5	0.826861
99	427.5	0.810311
103.5	427.5	0.761583
108	427.5	0.737137
112.5	427.5	0.657322
117	427.5	0.662154
121.5	427.5	0.592131
126	427.5	0.623503
130.5	427.5	0.529868
135	427.5	0.57239
139.5	427.5	0.572056
144	427.5	0.488366
148.5	427.5	0.538785
153	427.5	0.504733
157.5	427.5	0.433738
162	427.5	0.451047
166.5	427.5	0.4542
171	427.5	0.38535
175.5	427.5	0.36399
180	427.5	0.344164
184.5	427.5	0.357403
189	427.5	0.327577
193.5	427.5	0.30262
198	427.5	0.288719
202.5	427.5	0.305934
207	427.5	0.292125
211.5	427.5	0.279494
216	427.5	0.255159
220.5	427.5	0.259152
225	427.5	0.260464
229.5	427.5	0.241854
234	427.5	0.223628
238.5	427.5	0.218138
243	427.5	0.229104
247.5	427.5	0.186628
252	427.5	0.190711
256.5	427.5	0.182118
261	427.5	0.197385
265.5	427.5	0.176642
270	427.5	0.165254
274.5	427.5	0.170457
279	427.5	0.169471
283.5	427.5	0.166599
288	427.5	0.161233
292.5	427.5	0.163277
297	427.5	0.160507
301.5	427.5	0.158833
306	427.5	0.16753
310.5	427.5	0.172502
315	427.5	0.168185
319.5	427.5	0.178195
324	427.5	0.149354
328.5	427.5	0.163926
333	427.5	0.168515
337.5	427.5	0.142018
342	427.5	0.147188
346.5	427.5	0.148781
351	427.5	0.156261
355.5	427.5	0.146554
360	427.5	0.147544
364.5	427.5	0.145203
369	427.5	0.196136
373.5	427.5	0.140644
387	427.5	0.124449
391.5	427.5	0.126561
423	427.5	0.093336
-441	432	0.010249
-427.5	432	0.014197
-418.5	432	0.012634
-409.5	432	0.019065
-378	432	0.020068
-355.5	432	0.026848
-346.5	432	0.036569
-342	432	0.038784
-337.5	432	0.040876
-324	432	0.033798
-310.5	432	0.046183
-297	432	0.048594
-288	432	0.05618
-283.5	432	0.208067
-279	432	0.062074
-270	432	0.065973
-265.5	432	0.093318
-261	432	0.076751
-256.5	432	0.075903
-252	432	0.081453
-247.5	432	0.091055
-243	432	0.089871
-238.5	432	0.103436
-234	432	0.098366
-229.5	432	0.107706
-225	432	0.114744
-220.5	432	0.128435
-216	432	0.129674
-211.5	432	0.140263
-207	432	0.14789
-202.5	432	0.145611
-198	432	0.15462
-193.5	432	0.168435
-189	432	0.166687
-184.5	432	0.1732
-180	432	0.189965
-175.5	432	0.217658
-171	432	0.260103
-166.5	432	0.248095
-162	432	0.26134
-157.5	432	0.284103
-153	432	0.325109
-148.5	432	0.309486
-144	432	0.377907
-139.5	432	0.361988
-135	432	0.38696
-130.5	432	0.461506
-126	432	0.420215
-121.5	432	0.486835
-117	432	0.50148
-112.5	432	0.51986
-108	432	0.514293
-103.5	432	0.576817
-99	432	0.631662
-94.5	432	0.719321
-90	432	0.634533
-85.5	432	0.71897
-81	432	0.683054
-76.5	432	0.697515
-72	432	0.743599
-67.5	432	0.810454
-63	432	0.802996
-58.5	432	0.791078
-54	432	0.83111
-49.5	432	1.34979
-45	432	0.828267
-40.5	432	0.90279
-36	432	0.891342
-31.5	432	0.899811
-27	432	1.00725
-22.5	432	1.07385
-18	432	1.01552
-13.5	432	0.957544
-9	432	0.919861
-4.5	432	0.956969
0	432	1.22374
4.5	432	1.12783
9	432	1.00749
13.5	432	0.981943
18	432	0.930061
22.5	432	1.04194
27	432	1.05446
31.5	432	1.01337
36	432	0.982858
40.5	432	1.0196
45	432	0.971905
49.5	432	0.992042
54	432	0.894591
58.5	432	0.962235
63	432	0.918703
67.5	432	0.843488
72	432	0.864059
76.5	432	0.857765
81	432	0.816484
85.5	432	0.833093
90	432	0.771814
94.5	432	0.78336
99	432	0.780615
103.5	432	0.795819
108	432	0.724781
112.5	432	0.659178
117	432	0.665094
121.5	432	0.643682
126	432	0.584607
130.5	432	0.520152
135	432	0.57118
139.5	432	0.553095
144	432	0.505033
148.5	432	0.525088
153	432	0.509059
157.5	432	0.438639
162	432	0.4202
166.5	432	0.437383
171	432	0.401565
175.5	432	0.373143
180	432	0.337347
184.5	432	0.333133
189	432	0.347883
193.5	432	0.296522
198	432	0.294455
202.5	432	0.283096
207	432	0.277246
211.5	432	0.280014
216	432	0.248304
220.5	432	0.243694
225	432	0.266827
229.5	432	0.226127
234	432	0.241083
238.5	432	0.231307
243	432	0.2222
247.5	432	0.210807
252	432	0.19324
256.5	432	0.187256
261	432	0.191993
265.5	432	0.1874
270	432	0.169953
274.5	432	0.171291
279	432	0.184527
283.5	432	0.155678
288	432	0.167302
292.5	432	0.181159
297	432	0.152553
301.5	432	0.151425
306	432	0.156859
310.5	432	0.170347
315	432	0.14767
319.5	432	0.174732
324	432	0.161585
328.5	432	0.14394
333	432	0.140196
337.5	432	0.162289
342	432	0.132517
346.5	432	0.13996
351	432	0.150709
355.5	432	0.139285
360	432	0.135422
364.5	432	0.156354
369	432	0.13425
378	432	0.132828
382.5	432	0.147908
387	432	0.147312
391.5	432	0.119994
-445.5	436.5	0.007734
-441	436.5	0.010524
-346.5	436.5	0.032777
-342	436.5	0.033324
-337.5	436.5	0.035754
-292.5	436.5	0.049735
-283.5	436.5	0.052993
-279	436.5	0.055358
-274.5	436.5	0.060832
-270	436.5	0.084486
-265.5	436.5	0.080614
-261	436.5	0.073263
-256.5	436.5	0.076873
-252	436.5	0.086456
-247.5	436.5	0.094611
-243	436.5	0.088149
-238.5	436.5	0.094868
-234	436.5	0.108199
-229.5	436.5	0.093198
-225	436.5	0.119403
-220.5	436.5	0.11859
-216	436.5	0.127429
-211.5	436.5	0.137915
-207	436.5	0.160945
-202.5	436.5	0.147162
-198	436.5	0.162791
-193.5	436.5	0.152785
-189	436.5	0.180642
-184.5	436.5	0.188026
-180	436.5	0.183957
-175.5	436.5	0.244185
-171	436.5	0.243699
-166.5	436.5	0.228966
-162	436.5	0.282316
-157.5	436.5	0.274958
-153	436.5	0.313249
-148.5	436.5	0.338166
-144	436.5	0.355982
-139.5	436.5	0.347391
-135	436.5	0.392836
-130.5	436.5	0.456949
-126	436.5	0.404419
-121.5	436.5	0.499212
-117	436.5	0.524394
-112.5	436.5	0.528646
-108	436.5	0.537032
-103.5	436.5	0.521973
-99	436.5	0.619346
-94.5	436.5	0.637105
-90	436.5	0.687707
-85.5	436.5	0.705624
-81	436.5	0.660563
-76.5	436.5	0.691369
-72	436.5	0.737965
-67.5	436.5	0.771519
-63	436.5	0.777649
-58.5	436.5	0.75885
-54	436.5	0.826154
-49.5	436.5	0.82501
-45	436.5	0.84595
-40.5	436.5	0.874938
-36	436.5	0.863292
-31.5	436.5	0.94178
-27	436.5	0.948698
-22.5	436.5	1.03451
-18	436.5	1.01631
-13.5	436.5	0.942132
-9	436.5	0.967621
-4.5	436.5	0.903312
0	436.5	1.14501
4.5	436.5	1.13801
9	436.5	0.957751
13.5	436.5	0.921139
18	436.5	0.945788
22.5	436.5	1.04344
27	436.5	1.05924
31.5	436.5	0.9393
36	436.5	0.983875
40.5	436.5	1.01565
45	436.5	0.937555
49.5	436.5	0.980591
54	436.5	0.870652
58.5	436.5	0.934792
63	436.5	0.877948
67.5	436.5	0.90356
72	436.5	0.825742
76.5	436.5	0.811325
81	436.5	0.760741
85.5	436.5	0.79795
90	436.5	0.757107
94.5	436.5	0.751101
99	436.5	0.770825
103.5	436.5	0.828768
108	436.5	0.718137
112.5	436.5	0.678247
117	436.5	0.65779
121.5	436.5	0.672901
126	436.5	0.555862
130.5	436.5	0.567227
135	436.5	0.572122
139.5	436.5	0.524835
144	436.5	0.52567
148.5	436.5	0.462286
153	436.5	0.4958
157.5	436.5	0.481302
162	436.5	0.411639
166.5	436.5	0.393532
171	436.5	0.412674
175.5	436.5	0.347613
180	436.5	0.348849
184.5	436.5	0.337512
189	436.5	0.376036
193.5	436.5	0.295034
198	436.5	0.267309
202.5	436.5	0.279831
207	436.5	0.258277
211.5	436.5	0.272093
216	436.5	0.257882
220.5	436.5	0.237794
225	436.5	0.247318
229.5	436.5	0.226814
234	436.5	0.232739
238.5	436.5	0.23175
243	436.5	0.192174
247.5	436.5	0.223044
252	436.5	0.205459
256.5	436.5	0.19427
261	436.5	0.184569
265.5	436.5	0.194803
270	436.5	0.17514
274.5	436.5	0.173166
279	436.5	0.163819
283.5	436.5	0.162259
288	436.5	0.164001
292.5	436.5	0.159946
297	436.5	0.180145
301.5	436.5	0.148496
306	436.5	0.140289
310.5	436.5	0.150731
315	436.5	0.153328
319.5	436.5	0.146788
324	436.5	0.177157
328.5	436.5	0.149791
333	436.5	0.14057
337.5	436.5	0.152044
342	436.5	0.152047
346.5	436.5	0.131867
351	436.5	0.141672
355.5	436.5	0.150027
360	436.5	0.14929
364.5	436.5	0.132736
369	436.5	0.152882
387	436.5	0.147586
391.5	436.5	0.141581
436.5	436.5	0.051829
-450	441	0.008805
-445.5	441	0.011194
-414	441	0.016179
-409.5	441	0.016825
-405	441	0.015175
-400.5	441	0.018267
-396	441	0.022156
-337.5	441	0.045616
-315	441	0.044331
-310.5	441	0.047269
-306	441	0.076117
-292.5	441	0.05456
-283.5	441	0.05351
-279	441	0.062062
-270	441	0.081019
-265.5	441	0.077498
-261	441	0.079762
-256.5	441	0.086227
-252	441	0.075455
-247.5	441	0.071518
-243	441	0.09092
-238.5	441	0.095934
-234	441	0.096925
-229.5	441	0.103315
-225	441	0.128081
-220.5	441	0.121295
-216	441	0.12993
-211.5	441	0.146227
-207	441	0.142717
-202.5	441	0.148446
-198	441	0.178932
-193.5	441	0.171825
-189	441	0.17508
-184.5	441	0.178506
-180	441	0.212832
-175.5	441	0.243508
-171	441	0.238922
-166.5	441	0.2533
-162	441	0.289031
-157.5	441	0.316251
-153	441	0.329432
-148.5	441	0.347782
-144	441	0.334167
-139.5	441	0.381846
-135	441	0.402748
-130.5	441	0.412841
-126	441	0.458014
-121.5	441	0.45489
-117	441	0.498975
-112.5	441	0.762495
-108	441	0.506486
-103.5	441	0.554456
-99	441	0.691137
-94.5	441	0.576417
-90	441	0.68153
-85.5	441	0.633452
-81	441	0.643948
-76.5	441	0.661891
-72	441	0.71363
-67.5	441	0.736337
-63	441	0.769385
-58.5	441	0.742258
-54	441	0.790222
-49.5	441	0.768718
-45	441	1.06653
-40.5	441	0.862575
-36	441	0.813342
-31.5	441	0.90068
-27	441	0.891307
-22.5	441	1.00931
-18	441	0.951235
-13.5	441	0.914067
-9	441	0.935423
-4.5	441	0.926017
0	441	1.10577
4.5	441	1.09356
9	441	0.931646
13.5	441	0.856846
18	441	0.970209
22.5	441	1.01381
27	441	1.06178
31.5	441	0.895602
36	441	0.931759
40.5	441	0.917411
45	441	0.937018
49.5	441	0.973542
54	441	0.829055
58.5	441	0.932161
63	441	0.787374
67.5	441	1.00996
72	441	0.773666
76.5	441	0.753119
81	441	0.735171
85.5	441	0.757745
90	441	0.786561
94.5	441	0.704797
99	441	0.747194
103.5	441	0.655516
108	441	0.7392
112.5	441	0.678389
117	441	0.611644
121.5	441	0.582592
126	441	0.553647
130.5	441	0.572918
135	441	0.535542
139.5	441	0.519454
144	441	0.505894
148.5	441	0.450476
153	441	0.473385
157.5	441	0.470261
162	441	0.414772
166.5	441	0.408747
171	441	0.416316
175.5	441	0.354593
180	441	0.36862
184.5	441	0.34151
189	441	0.392981
193.5	441	0.31791
198	441	0.269892
202.5	441	0.259916
207	441	0.248746
211.5	441	0.274282
216	441	0.286867
220.5	441	0.248228
225	441	0.232546
229.5	441	0.234127
234	441	0.216708
238.5	441	0.236067
243	441	0.20295
247.5	441	0.215709
252	441	0.187702
256.5	441	0.187946
261	441	0.177878
265.5	441	0.158083
270	441	0.175765
274.5	441	0.171444
279	441	0.166589
283.5	441	0.169504
288	441	0.147689
292.5	441	0.156009
297	441	0.154537
301.5	441	0.153487
306	441	0.143576
310.5	441	0.140245
315	441	0.147356
319.5	441	0.147441
324	441	0.158837
328.5	441	0.150999
333	441	0.134049
337.5	441	0.13719
342	441	0.168332
346.5	441	0.1352
351	441	0.130602
355.5	441	0.12887
360	441	0.140886
369	441	0.130447
373.5	441	0.14638
378	441	0.154127
382.5	441	0.1924
387	441	0.124104
396	441	0.136443
409.5	441	0.092729
414	441	0.107896
427.5	441	0.093039
-418.5	445.5	0.015469
-400.5	445.5	0.02189
-396	445.5	0.019316
-346.5	445.5	0.036845
-333	445.5	0.02932
-315	445.5	0.048993
-306	445.5	0.044147
-288	445.5	0.07228
-283.5	445.5	0.070965
-279	445.5	0.068943
-274.5	445.5	0.068766
-270	445.5	0.076053
-265.5	445.5	0.073987
-261	445.5	0.078184
-256.5	445.5	0.076587
-252	445.5	0.069151
-247.5	445.5	0.081732
-243	445.5	0.099277
-238.5	445.5	0.101954
-234	445.5	0.094391
-229.5	445.5	0.100383
-225	445.5	0.114943
-220.5	445.5	0.12249
-216	445.5	0.127695
-211.5	445.5	0.162778
-207	445.5	0.153709
-202.5	445.5	0.156247
-198	445.5	0.164449
-193.5	445.5	0.172373
-189	445.5	0.177628
-184.5	445.5	0.208119
-180	445.5	0.244547
-175.5	445.5	0.225563
-171	445.5	0.223007
-166.5	445.5	0.28271
-162	445.5	0.28287
-157.5	445.5	0.277857
-153	445.5	0.316009
-148.5	445.5	0.387022
-144	445.5	0.327736
-139.5	445.5	0.40883
-135	445.5	0.377774
-130.5	445.5	0.421531
-126	445.5	0.451949
-121.5	445.5	0.428067
-117	445.5	0.453607
-112.5	445.5	0.497199
-108	445.5	0.489784
-103.5	445.5	0.582675
-99	445.5	0.639646
-94.5	445.5	0.556776
-90	445.5	0.630373
-85.5	445.5	0.653729
-81	445.5	0.689604
-76.5	445.5	0.662739
-72	445.5	0.710851
-67.5	445.5	0.736087
-63	445.5	0.736323
-58.5	445.5	0.703416
-54	445.5	0.74998
-49.5	445.5	1.05275
-45	445.5	0.912822
-40.5	445.5	0.836685
-36	445.5	0.774807
-31.5	445.5	0.895204
-27	445.5	0.851346
-22.5	445.5	0.938292
-18	445.5	0.971658
-13.5	445.5	0.892897
-9	445.5	1.00711
-4.5	445.5	1.0367
0	445.5	0.937719
4.5	445.5	0.985789
9	445.5	0.908016
13.5	445.5	0.856376
18	445.5	0.903853
22.5	445.5	1.00563
27	445.5	0.99602
31.5	445.5	0.834003
36	445.5	0.895837
40.5	445.5	0.850169
45	445.5	0.886952
49.5	445.5	0.979168
54	445.5	0.804529
58.5	445.5	0.810378
63	445.5	0.768901
67.5	445.5	0.801271
72	445.5	0.762926
76.5	445.5	0.740654
81	445.5	0.726208
85.5	445.5	0.696331
90	445.5	0.781321
94.5	445.5	0.656354
99	445.5	0.74827
103.5	445.5	0.630979
108	445.5	0.686021
112.5	445.5	0.674671
117	445.5	0.599295
121.5	445.5	0.598331
126	445.5	0.537182
130.5	445.5	0.568073
135	445.5	0.522121
139.5	445.5	0.521029
144	445.5	0.492689
148.5	445.5	0.490133
153	445.5	0.452336
157.5	445.5	0.455325
162	445.5	0.388324
166.5	445.5	0.400827
171	445.5	0.366695
175.5	445.5	0.372675
180	445.5	0.351604
184.5	445.5	0.337157
189	445.5	0.452043
193.5	445.5	2.49557
198	445.5	0.284766
202.5	445.5	0.258506
207	445.5	0.271239
211.5	445.5	0.319331
216	445.5	0.279908
220.5	445.5	0.248055
225	445.5	0.220709
229.5	445.5	0.23432
234	445.5	0.200887
238.5	445.5	0.209545
243	445.5	0.231849
247.5	445.5	0.193805
252	445.5	0.209686
256.5	445.5	0.203154
261	445.5	0.195102
265.5	445.5	0.168341
270	445.5	0.176166
274.5	445.5	0.171658
279	445.5	0.167857
283.5	445.5	0.152276
288	445.5	0.162349
292.5	445.5	0.150384
297	445.5	0.157133
301.5	445.5	0.148124
306	445.5	0.149174
310.5	445.5	0.135576
315	445.5	0.142881
319.5	445.5	0.147262
324	445.5	0.152381
328.5	445.5	0.162636
333	445.5	0.144794
337.5	445.5	0.13734
342	445.5	0.124945
346.5	445.5	0.146667
351	445.5	0.121682
355.5	445.5	0.135251
360	445.5	0.122642
364.5	445.5	0.139767
369	445.5	0.129272
382.5	445.5	0.146378
391.5	445.5	0.124704
423	445.5	0.113691
436.5	445.5	0.078017
