Cor C	Cor A	Value	Error
-450.0	-65.0	0.000280858	0.3087
-445.5	-65.0	0.00273136	0.6019
-441.0	-65.0	0.000508828	0.4672
-436.5	-65.0	0.000505036	0.3019
-432.0	-65.0	0.000272007	0.3716
-427.5	-65.0	0.000249781	0.3781
-423.0	-65.0	0.00308149	0.8581
-418.5	-65.0	0.000705659	0.2851
-414.0	-65.0	0.000849617	0.2645
-409.5	-65.0	0.000393448	0.3201
-405.0	-65.0	0.000227768	0.4145
-400.5	-65.0	0.00287722	0.6217
-396.0	-65.0	0.000753456	0.7083
-391.5	-65.0	0.000418698	0.2973
-387.0	-65.0	0.00347891	0.9392
-382.5	-65.0	0.00256474	0.5998
-378.0	-65.0	0.00183952	0.7483
-373.5	-65.0	0.000419717	0.3378
-369.0	-65.0	0.000487914	0.2876
-364.5	-65.0	0.00360951	0.6289
-360.0	-65.0	0.00125297	0.4769
-355.5	-65.0	0.00102423	0.2345
-351.0	-65.0	0.000879232	0.2388
-346.5	-65.0	0.00549056	0.7656
-342.0	-65.0	0.00169675	0.2913
-337.5	-65.0	0.000765595	0.2363
-333.0	-65.0	0.00214449	0.5033
-328.5	-65.0	0.00157854	0.3561
-324.0	-65.0	0.00186552	0.4195
-319.5	-65.0	0.0011779	0.1886
-315.0	-65.0	0.00160047	0.1756
-310.5	-65.0	0.00156906	0.1594
-306.0	-65.0	0.00339766	0.6008
-301.5	-65.0	0.00127569	0.1939
-297.0	-65.0	0.00172871	0.2503
-292.5	-65.0	0.00598246	0.4018
-288.0	-65.0	0.00448601	0.4502
-283.5	-65.0	0.00337499	0.4948
-279.0	-65.0	0.00474142	0.3591
-274.5	-65.0	0.00382743	0.3472
-270.0	-65.0	0.00948838	0.578
-265.5	-65.0	0.00955233	0.5
-261.0	-65.0	0.00406878	0.4008
-256.5	-65.0	0.00517266	0.4056
-252.0	-65.0	0.00670166	0.3559
-247.5	-65.0	0.0118955	0.4042
-243.0	-65.0	0.00469209	0.2825
-238.5	-65.0	0.00657115	0.4118
-234.0	-65.0	0.00756904	0.3256
-229.5	-65.0	0.00636326	0.2713
-225.0	-65.0	0.0110777	0.3527
-220.5	-65.0	0.014612	0.3369
-216.0	-65.0	0.0144026	0.3045
-211.5	-65.0	0.0228214	0.2762
-207.0	-65.0	0.0152467	0.2915
-202.5	-65.0	0.020049	0.2963
-198.0	-65.0	0.0201038	0.3152
-193.5	-65.0	0.0227511	0.2567
-189.0	-65.0	0.0235238	0.2801
-184.5	-65.0	0.0321029	0.2288
-180.0	-65.0	0.0240135	0.2344
-175.5	-65.0	0.0285124	0.256
-171.0	-65.0	0.0268872	0.2206
-166.5	-65.0	0.0182697	0.2241
-162.0	-65.0	0.0207459	0.2303
-157.5	-65.0	0.038185	0.2193
-153.0	-65.0	0.0424095	0.185
-148.5	-65.0	0.0363563	0.1999
-144.0	-65.0	0.0404626	0.2133
-139.5	-65.0	0.0414725	0.1682
-135.0	-65.0	0.0556693	0.1765
-130.5	-65.0	0.0442369	0.1688
-126.0	-65.0	0.0500584	0.1624
-121.5	-65.0	0.0656944	0.1517
-117.0	-65.0	0.0791571	0.1738
-112.5	-65.0	0.0637876	0.1604
-108.0	-65.0	0.0707882	0.1748
-103.5	-65.0	0.069699	0.1623
-99.0	-65.0	0.0778986	0.1344
-94.5	-65.0	0.080165	0.1282
-90.0	-65.0	0.100058	0.1336
-85.5	-65.0	0.113512	0.1406
-81.0	-65.0	0.10568	0.1206
-76.5	-65.0	0.0966695	0.1168
-72.0	-65.0	0.135161	0.1147
-67.5	-65.0	0.146889	0.1073
-63.0	-65.0	0.140475	0.1061
-58.5	-65.0	0.139308	0.1307
-54.0	-65.0	0.170351	0.1185
-49.5	-65.0	0.132619	0.1105
-45.0	-65.0	0.128335	0.116
-40.5	-65.0	0.182751	0.105
-36.0	-65.0	0.144128	0.101
-31.5	-65.0	0.180731	0.1103
-27.0	-65.0	0.146836	0.1311
-22.5	-65.0	0.145352	0.108
-18.0	-65.0	0.189515	0.1013
-13.5	-65.0	0.200297	0.0858
-9.0	-65.0	0.226392	0.0841
-4.5	-65.0	0.188993	0.0985
0.0	-65.0	0.230006	0.1082
4.5	-65.0	0.171419	0.0943
9.0	-65.0	0.173425	0.1007
13.5	-65.0	0.194441	0.0917
18.0	-65.0	0.172122	0.0945
22.5	-65.0	0.20824	0.0997
27.0	-65.0	0.209292	0.0933
31.5	-65.0	0.212258	0.0954
36.0	-65.0	0.213122	0.0922
40.5	-65.0	0.204546	0.096
45.0	-65.0	0.217578	0.0975
49.5	-65.0	0.198014	0.1167
54.0	-65.0	0.181507	0.1002
58.5	-65.0	0.183827	0.0971
63.0	-65.0	0.176447	0.0933
67.5	-65.0	0.179404	0.0934
72.0	-65.0	0.138125	0.107
76.5	-65.0	0.178746	0.1131
81.0	-65.0	0.152576	0.1148
85.5	-65.0	0.148927	0.1161
90.0	-65.0	0.148393	0.1219
94.5	-65.0	0.164236	0.1064
99.0	-65.0	0.138172	0.1123
103.5	-65.0	0.135628	0.1173
108.0	-65.0	0.117274	0.1226
112.5	-65.0	0.123853	0.1135
117.0	-65.0	0.116764	0.1181
121.5	-65.0	0.0974759	0.1304
126.0	-65.0	0.0769304	0.1349
130.5	-65.0	0.093653	0.118
135.0	-65.0	0.0837391	0.1416
139.5	-65.0	0.121271	0.1243
144.0	-65.0	0.0897792	0.1604
148.5	-65.0	0.0817561	0.1427
153.0	-65.0	0.0543697	0.1498
157.5	-65.0	0.0848865	0.1371
162.0	-65.0	0.0865028	0.1789
166.5	-65.0	0.0800452	0.1427
171.0	-65.0	0.0673845	0.1859
175.5	-65.0	0.054337	0.1496
180.0	-65.0	0.0684917	0.1652
184.5	-65.0	0.0535595	0.183
189.0	-65.0	0.0492428	0.1794
193.5	-65.0	0.0472313	0.186
198.0	-65.0	0.0517614	0.1639
202.5	-65.0	0.0467842	0.1613
207.0	-65.0	0.037199	0.1838
211.5	-65.0	0.0432357	0.1928
216.0	-65.0	0.0390867	0.1748
220.5	-65.0	0.0406671	0.1972
225.0	-65.0	0.0368882	0.2264
229.5	-65.0	0.0390544	0.191
234.0	-65.0	0.0475165	0.1995
238.5	-65.0	0.0337922	0.2117
243.0	-65.0	0.0314764	0.2039
247.5	-65.0	0.0380531	0.2242
252.0	-65.0	0.0181955	0.2164
256.5	-65.0	0.0276896	0.2323
261.0	-65.0	0.0422571	0.1971
265.5	-65.0	0.0376668	0.2253
270.0	-65.0	0.0215481	0.2304
274.5	-65.0	0.0197039	0.2577
279.0	-65.0	0.0212218	0.2602
283.5	-65.0	0.0177262	0.2533
288.0	-65.0	0.0189032	0.2773
292.5	-65.0	0.0162971	0.2483
297.0	-65.0	0.0133364	0.2855
301.5	-65.0	0.0133934	0.2957
306.0	-65.0	0.0165237	0.2411
310.5	-65.0	0.00962359	0.3725
315.0	-65.0	0.0152486	0.2816
319.5	-65.0	0.0106017	0.279
324.0	-65.0	0.0134275	0.3122
328.5	-65.0	0.0101872	0.3589
333.0	-65.0	0.0110233	0.3419
337.5	-65.0	0.0111515	0.3587
342.0	-65.0	0.0129114	0.3426
346.5	-65.0	0.013545	0.373
351.0	-65.0	0.00765982	0.4004
355.5	-65.0	0.00804246	0.3656
360.0	-65.0	0.0124436	0.3305
364.5	-65.0	0.00671115	0.3779
369.0	-65.0	0.0038906	0.5636
373.5	-65.0	0.00897777	0.4532
378.0	-65.0	0.00416285	0.5233
382.5	-65.0	0.00507543	0.4408
387.0	-65.0	0.00479689	0.4797
391.5	-65.0	0.00785448	0.5285
396.0	-65.0	0.00808322	0.4794
400.5	-65.0	0.00620854	0.4546
405.0	-65.0	0.000230033	0.3336
409.5	-65.0	0.000869878	0.3429
414.0	-65.0	0.00243981	0.554
418.5	-65.0	0.0026254	0.7569
423.0	-65.0	0.00151156	0.2546
427.5	-65.0	0.00334532	0.5161
432.0	-65.0	0.00259609	0.6682
436.5	-65.0	0.000401161	0.2859
441.0	-65.0	0.00204873	0.5288
445.5	-65.0	0.00665107	0.5731
-450.0	-62.4333	0.00139116	0.6558
-445.5	-62.4333	0.00154903	0.5161
-441.0	-62.4333	0.00150263	0.7967
-436.5	-62.4333	0.00175752	0.7665
-432.0	-62.4333	0.00300866	0.6266
-427.5	-62.4333	0.000400493	0.3016
-423.0	-62.4333	0.000252541	0.3646
-418.5	-62.4333	0.000257764	0.376
-414.0	-62.4333	0.000460193	0.3927
-409.5	-62.4333	0.000520774	0.2922
-405.0	-62.4333	0.000480194	0.2999
-400.5	-62.4333	0.000385993	0.3217
-396.0	-62.4333	0.00219007	0.8313
-391.5	-62.4333	0.00144819	0.6555
-387.0	-62.4333	0.000415201	0.2977
-382.5	-62.4333	0.000220031	0.3906
-378.0	-62.4333	0.000612846	0.3037
-373.5	-62.4333	0.000544264	0.3067
-369.0	-62.4333	0.000378836	0.2658
-364.5	-62.4333	0.000610912	0.2409
-360.0	-62.4333	0.0009132	0.2266
-355.5	-62.4333	0.00109425	0.2195
-351.0	-62.4333	0.00345311	0.6941
-346.5	-62.4333	0.00161225	0.5565
-342.0	-62.4333	0.00450333	0.5619
-337.5	-62.4333	0.00101187	0.2067
-333.0	-62.4333	0.00349915	0.6682
-328.5	-62.4333	0.00211875	0.4964
-324.0	-62.4333	0.00147958	0.2232
-319.5	-62.4333	0.00242439	0.4736
-315.0	-62.4333	0.00204573	0.3181
-310.5	-62.4333	0.00479002	0.4509
-306.0	-62.4333	0.00148183	0.1622
-301.5	-62.4333	0.00156819	0.1601
-297.0	-62.4333	0.00344252	0.4752
-292.5	-62.4333	0.00839852	0.4582
-288.0	-62.4333	0.00429932	0.4641
-283.5	-62.4333	0.00523238	0.4248
-279.0	-62.4333	0.00567654	0.4037
-274.5	-62.4333	0.00349576	0.5355
-270.0	-62.4333	0.0024498	0.2047
-265.5	-62.4333	0.0060067	0.4036
-261.0	-62.4333	0.00756257	0.4551
-256.5	-62.4333	0.00597743	0.4147
-252.0	-62.4333	0.00594525	0.345
-247.5	-62.4333	0.00690821	0.3793
-243.0	-62.4333	0.0108049	0.4375
-238.5	-62.4333	0.00657617	0.3447
-234.0	-62.4333	0.0174001	0.3209
-229.5	-62.4333	0.0092634	0.3288
-225.0	-62.4333	0.0104919	0.2787
-220.5	-62.4333	0.00744084	0.2952
-216.0	-62.4333	0.00831753	0.2908
-211.5	-62.4333	0.015908	0.2841
-207.0	-62.4333	0.0179754	0.2466
-202.5	-62.4333	0.00905392	0.3149
-198.0	-62.4333	0.0126034	0.2444
-193.5	-62.4333	0.0180356	0.3213
-189.0	-62.4333	0.0173015	0.2729
-184.5	-62.4333	0.0252067	0.2253
-180.0	-62.4333	0.02627	0.2543
-175.5	-62.4333	0.0236408	0.2175
-171.0	-62.4333	0.0407164	0.1898
-166.5	-62.4333	0.0300701	0.2225
-162.0	-62.4333	0.0240654	0.1857
-157.5	-62.4333	0.0247494	0.1683
-153.0	-62.4333	0.0355897	0.1915
-148.5	-62.4333	0.0358988	0.1889
-144.0	-62.4333	0.054188	0.1566
-139.5	-62.4333	0.0416577	0.1686
-135.0	-62.4333	0.064337	0.1683
-130.5	-62.4333	0.0482503	0.1681
-126.0	-62.4333	0.0538331	0.1462
-121.5	-62.4333	0.0567533	0.1432
-117.0	-62.4333	0.0749564	0.1352
-112.5	-62.4333	0.0794358	0.1367
-108.0	-62.4333	0.0922565	0.1464
-103.5	-62.4333	0.100376	0.1315
-99.0	-62.4333	0.0983253	0.1205
-94.5	-62.4333	0.0981079	0.1205
-90.0	-62.4333	0.0918238	0.1243
-85.5	-62.4333	0.0843617	0.1319
-81.0	-62.4333	0.124383	0.1154
-76.5	-62.4333	0.111292	0.1089
-72.0	-62.4333	0.171355	0.0987
-67.5	-62.4333	0.139177	0.1125
-63.0	-62.4333	0.164041	0.1117
-58.5	-62.4333	0.128961	0.1194
-54.0	-62.4333	0.185525	0.1155
-49.5	-62.4333	0.159825	0.0992
-45.0	-62.4333	0.161334	0.116
-40.5	-62.4333	0.161841	0.1296
-36.0	-62.4333	0.174952	0.1056
-31.5	-62.4333	0.152718	0.1124
-27.0	-62.4333	0.184876	0.0937
-22.5	-62.4333	0.20396	0.0928
-18.0	-62.4333	0.18931	0.0883
-13.5	-62.4333	0.190928	0.0868
-9.0	-62.4333	0.23676	0.0988
-4.5	-62.4333	0.246144	0.1237
0.0	-62.4333	0.208058	0.092
4.5	-62.4333	0.221742	0.0915
9.0	-62.4333	0.186004	0.0919
13.5	-62.4333	0.223849	0.0926
18.0	-62.4333	0.217173	0.0851
22.5	-62.4333	0.203905	0.0854
27.0	-62.4333	0.216071	0.0864
31.5	-62.4333	0.199715	0.0902
36.0	-62.4333	0.22523	0.0868
40.5	-62.4333	0.186239	0.0916
45.0	-62.4333	0.213356	0.0914
49.5	-62.4333	0.213446	0.0994
54.0	-62.4333	0.197149	0.0966
58.5	-62.4333	0.179703	0.0985
63.0	-62.4333	0.202264	0.094
67.5	-62.4333	0.156268	0.1039
72.0	-62.4333	0.16288	0.1103
76.5	-62.4333	0.179186	0.0923
81.0	-62.4333	0.156455	0.1035
85.5	-62.4333	0.202811	0.1005
90.0	-62.4333	0.177053	0.1117
94.5	-62.4333	0.180738	0.1031
99.0	-62.4333	0.167479	0.1146
103.5	-62.4333	0.130221	0.115
108.0	-62.4333	0.141486	0.1075
112.5	-62.4333	0.137588	0.1116
117.0	-62.4333	0.124371	0.1094
121.5	-62.4333	0.113453	0.1206
126.0	-62.4333	0.119418	0.1183
130.5	-62.4333	0.125002	0.1226
135.0	-62.4333	0.0923076	0.1215
139.5	-62.4333	0.111283	0.1227
144.0	-62.4333	0.090092	0.1444
148.5	-62.4333	0.092638	0.1348
153.0	-62.4333	0.0999547	0.1328
157.5	-62.4333	0.0618456	0.1441
162.0	-62.4333	0.0758568	0.1399
166.5	-62.4333	0.078371	0.1515
171.0	-62.4333	0.0610553	0.1469
175.5	-62.4333	0.0657967	0.1591
180.0	-62.4333	0.0540863	0.1572
184.5	-62.4333	0.056595	0.1938
189.0	-62.4333	0.0739654	0.1531
193.5	-62.4333	0.0561765	0.1635
198.0	-62.4333	0.0563199	0.1465
202.5	-62.4333	0.0605619	0.1697
207.0	-62.4333	0.0455635	0.1682
211.5	-62.4333	0.0482679	0.1835
216.0	-62.4333	0.0337281	0.1837
220.5	-62.4333	0.0426656	0.1828
225.0	-62.4333	0.0553611	0.1707
229.5	-62.4333	0.0528338	0.1898
234.0	-62.4333	0.0349615	0.1862
238.5	-62.4333	0.0466122	0.1919
243.0	-62.4333	0.0429424	0.2
247.5	-62.4333	0.0311141	0.1988
252.0	-62.4333	0.0325995	0.1977
256.5	-62.4333	0.0329881	0.2154
261.0	-62.4333	0.039663	0.2233
265.5	-62.4333	0.0300727	0.2235
270.0	-62.4333	0.0233968	0.2398
274.5	-62.4333	0.0280575	0.2084
279.0	-62.4333	0.0209079	0.2262
283.5	-62.4333	0.0142337	0.2825
288.0	-62.4333	0.0167963	0.2366
292.5	-62.4333	0.026318	0.2446
297.0	-62.4333	0.0143909	0.2595
301.5	-62.4333	0.019351	0.2609
306.0	-62.4333	0.0193357	0.2416
310.5	-62.4333	0.020691	0.2693
315.0	-62.4333	0.0126347	0.2794
319.5	-62.4333	0.0292897	0.2345
324.0	-62.4333	0.0114057	0.2622
328.5	-62.4333	0.0154734	0.2757
333.0	-62.4333	0.0188961	0.274
337.5	-62.4333	0.0189207	0.3552
342.0	-62.4333	0.019211	0.3764
346.5	-62.4333	0.016746	0.3926
351.0	-62.4333	0.0141824	0.3272
355.5	-62.4333	0.0111803	0.3312
360.0	-62.4333	0.0135497	0.3851
364.5	-62.4333	0.00895155	0.4277
369.0	-62.4333	0.00751289	0.5321
373.5	-62.4333	0.0111892	0.4266
378.0	-62.4333	0.011725	0.3396
382.5	-62.4333	0.00532213	0.4258
387.0	-62.4333	0.00371912	0.4482
391.5	-62.4333	0.00831901	0.4528
396.0	-62.4333	0.00336396	0.6946
400.5	-62.4333	0.00743212	0.5288
405.0	-62.4333	0.00736025	0.5913
409.5	-62.4333	0.008199	0.4091
414.0	-62.4333	0.00419898	0.6977
418.5	-62.4333	0.00432291	0.7351
423.0	-62.4333	0.00962163	0.4326
427.5	-62.4333	0.00396979	0.4832
432.0	-62.4333	0.00445287	0.6867
436.5	-62.4333	0.00227107	0.5088
441.0	-62.4333	0.00165703	0.3548
445.5	-62.4333	0.00198147	0.3582
-450.0	-59.8667	0.000365498	0.303
-445.5	-59.8667	0.000314398	0.3795
-441.0	-59.8667	0.00172571	0.8669
-436.5	-59.8667	0.000869402	0.6319
-432.0	-59.8667	0.000260712	0.3232
-427.5	-59.8667	0.000282904	0.3781
-423.0	-59.8667	0.000162779	0.4342
-418.5	-59.8667	0.000186314	0.4912
-414.0	-59.8667	0.000273057	0.3726
-409.5	-59.8667	0.000541925	0.3355
-405.0	-59.8667	0.000420725	0.3269
-400.5	-59.8667	0.000319719	0.3242
-396.0	-59.8667	0.000226252	0.4657
-391.5	-59.8667	0.00211609	0.6708
-387.0	-59.8667	0.00183408	0.7387
-382.5	-59.8667	0.000381167	0.3014
-378.0	-59.8667	0.000421397	0.2764
-373.5	-59.8667	0.000531052	0.3126
-369.0	-59.8667	0.000609852	0.2455
-364.5	-59.8667	0.000625912	0.2858
-360.0	-59.8667	0.000691838	0.2304
-355.5	-59.8667	0.000878035	0.2132
-351.0	-59.8667	0.00174219	0.3632
-346.5	-59.8667	0.00479254	0.7388
-342.0	-59.8667	0.00473901	0.745
-337.5	-59.8667	0.0046222	0.7636
-333.0	-59.8667	0.00433087	0.495
-328.5	-59.8667	0.00182692	0.4612
-324.0	-59.8667	0.00426447	0.789
-319.5	-59.8667	0.00143825	0.2078
-315.0	-59.8667	0.00219033	0.2166
-310.5	-59.8667	0.00468258	0.3109
-306.0	-59.8667	0.00399953	0.396
-301.5	-59.8667	0.00447275	0.3888
-297.0	-59.8667	0.00301007	0.3304
-292.5	-59.8667	0.00527139	0.3631
-288.0	-59.8667	0.00547981	0.5386
-283.5	-59.8667	0.00404391	0.5388
-279.0	-59.8667	0.00668119	0.3921
-274.5	-59.8667	0.00539591	0.3355
-270.0	-59.8667	0.00713126	0.3794
-265.5	-59.8667	0.00614693	0.5014
-261.0	-59.8667	0.00361917	0.3275
-256.5	-59.8667	0.00781582	0.3596
-252.0	-59.8667	0.0086213	0.3822
-247.5	-59.8667	0.00490766	0.3189
-243.0	-59.8667	0.00513058	0.2837
-238.5	-59.8667	0.0120895	0.3481
-234.0	-59.8667	0.0093812	0.352
-229.5	-59.8667	0.0096881	0.3348
-225.0	-59.8667	0.00824896	0.2422
-220.5	-59.8667	0.0162576	0.3303
-216.0	-59.8667	0.0162701	0.325
-211.5	-59.8667	0.00815851	0.2443
-207.0	-59.8667	0.0196226	0.267
-202.5	-59.8667	0.0186892	0.3555
-198.0	-59.8667	0.0144512	0.2587
-193.5	-59.8667	0.0169706	0.2852
-189.0	-59.8667	0.0160715	0.3265
-184.5	-59.8667	0.0176477	0.2073
-180.0	-59.8667	0.0360557	0.2029
-175.5	-59.8667	0.0277729	0.2117
-171.0	-59.8667	0.0277193	0.2004
-166.5	-59.8667	0.0332178	0.1827
-162.0	-59.8667	0.0264778	0.1801
-157.5	-59.8667	0.0299341	0.1824
-153.0	-59.8667	0.0383881	0.16
-148.5	-59.8667	0.0368963	0.1782
-144.0	-59.8667	0.048315	0.1647
-139.5	-59.8667	0.054206	0.1759
-135.0	-59.8667	0.051945	0.1736
-130.5	-59.8667	0.0615895	0.1571
-126.0	-59.8667	0.0669998	0.1516
-121.5	-59.8667	0.0530089	0.1471
-117.0	-59.8667	0.0587948	0.1356
-112.5	-59.8667	0.0771801	0.1421
-108.0	-59.8667	0.087682	0.1362
-103.5	-59.8667	0.101651	0.1268
-99.0	-59.8667	0.118504	0.1221
-94.5	-59.8667	0.10558	0.1308
-90.0	-59.8667	0.104634	0.1244
-85.5	-59.8667	0.116109	0.1671
-81.0	-59.8667	0.123452	0.1168
-76.5	-59.8667	0.118253	0.1116
-72.0	-59.8667	0.150731	0.104
-67.5	-59.8667	0.176625	0.1013
-63.0	-59.8667	0.189521	0.1121
-58.5	-59.8667	0.156854	0.1241
-54.0	-59.8667	0.187001	0.0941
-49.5	-59.8667	0.197478	0.099
-45.0	-59.8667	0.178443	0.0987
-40.5	-59.8667	0.19498	0.1019
-36.0	-59.8667	0.193127	0.0954
-31.5	-59.8667	0.20261	0.1099
-27.0	-59.8667	0.19025	0.1052
-22.5	-59.8667	0.192714	0.104
-18.0	-59.8667	0.249043	0.1066
-13.5	-59.8667	0.214124	0.0942
-9.0	-59.8667	0.237773	0.1064
-4.5	-59.8667	0.225672	0.1045
0.0	-59.8667	0.256124	0.089
4.5	-59.8667	0.241971	0.0902
9.0	-59.8667	0.238677	0.0895
13.5	-59.8667	0.241368	0.0948
18.0	-59.8667	0.247392	0.0879
22.5	-59.8667	0.295642	0.0863
27.0	-59.8667	0.222962	0.0829
31.5	-59.8667	0.182049	0.0877
36.0	-59.8667	0.21847	0.0898
40.5	-59.8667	0.227076	0.0942
45.0	-59.8667	0.205641	0.096
49.5	-59.8667	0.19206	0.0874
54.0	-59.8667	0.221308	0.0881
58.5	-59.8667	0.196066	0.0865
63.0	-59.8667	0.183536	0.1105
67.5	-59.8667	0.211419	0.0927
72.0	-59.8667	0.163057	0.0972
76.5	-59.8667	0.214378	0.0966
81.0	-59.8667	0.20565	0.1045
85.5	-59.8667	0.194946	0.0991
90.0	-59.8667	0.176712	0.1403
94.5	-59.8667	0.198454	0.1078
99.0	-59.8667	0.155517	0.1092
103.5	-59.8667	0.179769	0.1083
108.0	-59.8667	0.131904	0.1096
112.5	-59.8667	0.17338	0.1137
117.0	-59.8667	0.139862	0.1057
121.5	-59.8667	0.144917	0.1075
126.0	-59.8667	0.138474	0.1388
130.5	-59.8667	0.121124	0.1086
135.0	-59.8667	0.107116	0.1279
139.5	-59.8667	0.101826	0.1133
144.0	-59.8667	0.0963165	0.1275
148.5	-59.8667	0.0926556	0.1505
153.0	-59.8667	0.0851495	0.1283
157.5	-59.8667	0.0737442	0.129
162.0	-59.8667	0.0854596	0.129
166.5	-59.8667	0.0839143	0.1515
171.0	-59.8667	0.0829339	0.1462
175.5	-59.8667	0.0578877	0.1579
180.0	-59.8667	0.0825617	0.1379
184.5	-59.8667	0.0680084	0.1693
189.0	-59.8667	0.0600488	0.1593
193.5	-59.8667	0.0647985	0.1299
198.0	-59.8667	0.0661677	0.1499
202.5	-59.8667	0.055201	0.155
207.0	-59.8667	0.0591693	0.1687
211.5	-59.8667	0.0429441	0.1813
216.0	-59.8667	0.056868	0.1641
220.5	-59.8667	0.0440547	0.1717
225.0	-59.8667	0.0624134	0.1686
229.5	-59.8667	0.0593732	0.1763
234.0	-59.8667	0.0363375	0.19
238.5	-59.8667	0.0263225	0.1981
243.0	-59.8667	0.0397922	0.1964
247.5	-59.8667	0.025385	0.2376
252.0	-59.8667	0.0258329	0.2569
256.5	-59.8667	0.0270157	0.2228
261.0	-59.8667	0.0346638	0.198
265.5	-59.8667	0.0331319	0.2117
270.0	-59.8667	0.0270775	0.2055
274.5	-59.8667	0.0238229	0.1961
279.0	-59.8667	0.0166805	0.2418
283.5	-59.8667	0.0202003	0.2326
288.0	-59.8667	0.0189537	0.2453
292.5	-59.8667	0.0197267	0.2959
297.0	-59.8667	0.0244228	0.2919
301.5	-59.8667	0.0288781	0.2392
306.0	-59.8667	0.016789	0.2371
310.5	-59.8667	0.017034	0.259
315.0	-59.8667	0.0110396	0.3165
319.5	-59.8667	0.0156643	0.2619
324.0	-59.8667	0.0128569	0.3018
328.5	-59.8667	0.0194013	0.304
333.0	-59.8667	0.0240221	0.2879
337.5	-59.8667	0.0138385	0.2544
342.0	-59.8667	0.0048018	0.3671
346.5	-59.8667	0.0170409	0.2988
351.0	-59.8667	0.00912861	0.2975
355.5	-59.8667	0.013872	0.328
360.0	-59.8667	0.0126945	0.3355
364.5	-59.8667	0.0122227	0.4334
369.0	-59.8667	0.00896623	0.358
373.5	-59.8667	0.00257277	0.3107
378.0	-59.8667	0.00283066	0.3481
382.5	-59.8667	0.00717911	0.3756
387.0	-59.8667	0.00682958	0.4655
391.5	-59.8667	0.0101717	0.3727
396.0	-59.8667	0.0047281	0.5115
400.5	-59.8667	0.00126435	0.505
405.0	-59.8667	0.0069402	0.4333
409.5	-59.8667	0.00825919	0.5058
414.0	-59.8667	0.00428082	0.5982
418.5	-59.8667	0.00238772	0.555
423.0	-59.8667	0.00768057	0.4327
427.5	-59.8667	0.00404132	0.6218
432.0	-59.8667	0.00524921	0.4875
436.5	-59.8667	0.00334126	0.6722
441.0	-59.8667	0.00219382	0.5226
445.5	-59.8667	0.00642072	0.4608
-450.0	-57.3	0.000337174	0.2919
-445.5	-57.3	0.000312048	0.3091
-441.0	-57.3	0.000364783	0.3404
-436.5	-57.3	0.000239713	0.3708
-432.0	-57.3	0.000298785	0.3903
-427.5	-57.3	0.000425096	0.2974
-423.0	-57.3	0.000475499	0.2589
-418.5	-57.3	0.00148764	0.7454
-414.0	-57.3	0.000589141	0.64
-409.5	-57.3	0.00160102	0.8073
-405.0	-57.3	0.000931285	0.6493
-400.5	-57.3	0.000628951	0.5076
-396.0	-57.3	0.000396151	0.3255
-391.5	-57.3	0.00114743	0.7038
-387.0	-57.3	0.00152621	0.6597
-382.5	-57.3	0.00218334	0.8077
-378.0	-57.3	0.000537025	0.2993
-373.5	-57.3	0.00058693	0.2807
-369.0	-57.3	0.000794237	0.2179
-364.5	-57.3	0.00141992	0.4162
-360.0	-57.3	0.00074699	0.2225
-355.5	-57.3	0.00093131	0.2046
-351.0	-57.3	0.000954572	0.2153
-346.5	-57.3	0.00221224	0.5125
-342.0	-57.3	0.00155859	0.1672
-337.5	-57.3	0.00107329	0.2104
-333.0	-57.3	0.0029136	0.6911
-328.5	-57.3	0.00115018	0.2147
-324.0	-57.3	0.00339209	0.5446
-319.5	-57.3	0.00716651	0.6725
-315.0	-57.3	0.00392517	0.5485
-310.5	-57.3	0.00174141	0.2
-306.0	-57.3	0.00227112	0.2109
-301.5	-57.3	0.00257863	0.1794
-297.0	-57.3	0.00328885	0.4741
-292.5	-57.3	0.00349618	0.2483
-288.0	-57.3	0.00491214	0.4027
-283.5	-57.3	0.00205666	0.2141
-279.0	-57.3	0.00293732	0.4531
-274.5	-57.3	0.00316316	0.3129
-270.0	-57.3	0.00475781	0.2982
-265.5	-57.3	0.00219027	0.1485
-261.0	-57.3	0.00367759	0.3674
-256.5	-57.3	0.00557146	0.486
-252.0	-57.3	0.00460549	0.3923
-247.5	-57.3	0.0101872	0.3129
-243.0	-57.3	0.00926852	0.3582
-238.5	-57.3	0.00451725	0.2253
-234.0	-57.3	0.00907227	0.3731
-229.5	-57.3	0.0147729	0.2566
-225.0	-57.3	0.0143968	0.2644
-220.5	-57.3	0.00948164	0.2003
-216.0	-57.3	0.0240972	0.2662
-211.5	-57.3	0.0103773	0.3074
-207.0	-57.3	0.00923898	0.2839
-202.5	-57.3	0.0151332	0.2451
-198.0	-57.3	0.0227232	0.2394
-193.5	-57.3	0.0207009	0.2746
-189.0	-57.3	0.022765	0.2239
-184.5	-57.3	0.0361351	0.2348
-180.0	-57.3	0.0204847	0.2022
-175.5	-57.3	0.0293989	0.2099
-171.0	-57.3	0.0291968	0.2033
-166.5	-57.3	0.0365622	0.2166
-162.0	-57.3	0.0315502	0.1931
-157.5	-57.3	0.0374235	0.1831
-153.0	-57.3	0.04546	0.1871
-148.5	-57.3	0.045244	0.1643
-144.0	-57.3	0.0616935	0.1632
-139.5	-57.3	0.0558257	0.1507
-135.0	-57.3	0.0593343	0.1541
-130.5	-57.3	0.075101	0.1464
-126.0	-57.3	0.0690242	0.1436
-121.5	-57.3	0.0851972	0.1407
-117.0	-57.3	0.0789167	0.1214
-112.5	-57.3	0.103621	0.1572
-108.0	-57.3	0.103902	0.1276
-103.5	-57.3	0.0838532	0.1248
-99.0	-57.3	0.101383	0.1273
-94.5	-57.3	0.100682	0.124
-90.0	-57.3	0.107503	0.1182
-85.5	-57.3	0.137088	0.1183
-81.0	-57.3	0.125147	0.1126
-76.5	-57.3	0.155952	0.1173
-72.0	-57.3	0.140358	0.1061
-67.5	-57.3	0.216187	0.136
-63.0	-57.3	0.176327	0.0976
-58.5	-57.3	0.148266	0.1096
-54.0	-57.3	0.183579	0.1013
-49.5	-57.3	0.18579	0.0899
-45.0	-57.3	0.18425	0.0911
-40.5	-57.3	0.214593	0.0889
-36.0	-57.3	0.229664	0.0886
-31.5	-57.3	0.224018	0.1127
-27.0	-57.3	0.226139	0.1095
-22.5	-57.3	0.220482	0.0893
-18.0	-57.3	0.234004	0.0974
-13.5	-57.3	0.268423	0.0985
-9.0	-57.3	0.234067	0.0859
-4.5	-57.3	0.217101	0.1164
0.0	-57.3	0.255906	0.0936
4.5	-57.3	0.255584	0.0808
9.0	-57.3	0.264562	0.0912
13.5	-57.3	0.219657	0.0965
18.0	-57.3	0.229722	0.0794
22.5	-57.3	0.251468	0.0844
27.0	-57.3	0.24595	0.0841
31.5	-57.3	0.24915	0.083
36.0	-57.3	0.266163	0.0796
40.5	-57.3	0.251683	0.0972
45.0	-57.3	0.209718	0.0906
49.5	-57.3	0.254846	0.0784
54.0	-57.3	0.253179	0.0803
58.5	-57.3	0.198316	0.0906
63.0	-57.3	0.204219	0.0859
67.5	-57.3	0.222426	0.0892
72.0	-57.3	0.196133	0.0947
76.5	-57.3	0.227341	0.0858
81.0	-57.3	0.189842	0.094
85.5	-57.3	0.201703	0.0997
90.0	-57.3	0.163514	0.1016
94.5	-57.3	0.21562	0.1099
99.0	-57.3	0.164158	0.1006
103.5	-57.3	0.170901	0.1034
108.0	-57.3	0.148541	0.1003
112.5	-57.3	0.129627	0.1098
117.0	-57.3	0.136538	0.106
121.5	-57.3	0.118791	0.1115
126.0	-57.3	0.15315	0.1023
130.5	-57.3	0.14395	0.1054
135.0	-57.3	0.117635	0.1115
139.5	-57.3	0.0999393	0.129
144.0	-57.3	0.104843	0.1282
148.5	-57.3	0.0976896	0.1252
153.0	-57.3	0.116824	0.1238
157.5	-57.3	0.0900286	0.1315
162.0	-57.3	0.0939801	0.1259
166.5	-57.3	0.0816227	0.1242
171.0	-57.3	0.0734472	0.1332
175.5	-57.3	0.0693721	0.1441
180.0	-57.3	0.0780968	0.1413
184.5	-57.3	0.0692406	0.1423
189.0	-57.3	0.0614517	0.1566
193.5	-57.3	0.0584339	0.1616
198.0	-57.3	0.0493424	0.1753
202.5	-57.3	0.0673323	0.1614
207.0	-57.3	0.0425525	0.1746
211.5	-57.3	0.0478261	0.1662
216.0	-57.3	0.0580604	0.1619
220.5	-57.3	0.0448774	0.1744
225.0	-57.3	0.0572887	0.1821
229.5	-57.3	0.0506882	0.1678
234.0	-57.3	0.0398017	0.1911
238.5	-57.3	0.0300757	0.1944
243.0	-57.3	0.0357345	0.2022
247.5	-57.3	0.0298964	0.2224
252.0	-57.3	0.026807	0.205
256.5	-57.3	0.0427066	0.1918
261.0	-57.3	0.0438795	0.2101
265.5	-57.3	0.0202549	0.2195
270.0	-57.3	0.0229158	0.253
274.5	-57.3	0.0206179	0.2343
279.0	-57.3	0.0202279	0.2485
283.5	-57.3	0.0248771	0.2171
288.0	-57.3	0.0356076	0.2964
292.5	-57.3	0.0343061	0.2102
297.0	-57.3	0.0243434	0.2166
301.5	-57.3	0.0212399	0.2538
306.0	-57.3	0.0249008	0.2193
310.5	-57.3	0.0121357	0.225
315.0	-57.3	0.0207273	0.2517
319.5	-57.3	0.0128883	0.2972
324.0	-57.3	0.0156469	0.2757
328.5	-57.3	0.0164751	0.2909
333.0	-57.3	0.0183536	0.372
337.5	-57.3	0.0151754	0.3191
342.0	-57.3	0.0091526	0.3301
346.5	-57.3	0.0136478	0.3331
351.0	-57.3	0.0105195	0.302
355.5	-57.3	0.0140955	0.3007
360.0	-57.3	0.00645849	0.3585
364.5	-57.3	0.0179315	0.3516
369.0	-57.3	0.0058086	0.4758
373.5	-57.3	0.00630223	0.3863
378.0	-57.3	0.00514291	0.4354
382.5	-57.3	0.0068477	0.3567
387.0	-57.3	0.00852228	0.4076
391.5	-57.3	0.00658875	0.4173
396.0	-57.3	0.00542639	0.5658
400.5	-57.3	0.00549461	0.4817
405.0	-57.3	0.00444876	0.4053
409.5	-57.3	0.00247354	0.4227
414.0	-57.3	0.00136507	0.4144
418.5	-57.3	0.00255799	0.5836
423.0	-57.3	0.00364017	0.5343
427.5	-57.3	0.000733521	0.227
432.0	-57.3	0.00575402	0.5765
436.5	-57.3	0.000663086	0.225
441.0	-57.3	0.00486349	0.5807
445.5	-57.3	0.00386661	0.5033
-450.0	-54.7333	0.00248481	0.8019
-445.5	-54.7333	0.00118692	0.7626
-441.0	-54.7333	0.000316659	0.3302
-436.5	-54.7333	0.0022244	0.8628
-432.0	-54.7333	0.000214591	0.3273
-427.5	-54.7333	0.000325279	0.335
-423.0	-54.7333	0.000269048	0.3739
-418.5	-54.7333	0.00029647	0.3841
-414.0	-54.7333	0.000251438	0.4276
-409.5	-54.7333	0.000447079	0.4263
-405.0	-54.7333	0.00233331	0.8921
-400.5	-54.7333	0.00235875	0.7917
-396.0	-54.7333	0.000366302	0.2991
-391.5	-54.7333	0.000229987	0.3921
-387.0	-54.7333	0.000305903	0.3094
-382.5	-54.7333	0.00109684	0.5448
-378.0	-54.7333	0.00276782	0.7863
-373.5	-54.7333	0.00042533	0.2672
-369.0	-54.7333	0.0021412	0.7529
-364.5	-54.7333	0.0030582	0.5644
-360.0	-54.7333	0.00200247	0.4026
-355.5	-54.7333	0.00122357	0.1893
-351.0	-54.7333	0.00130724	0.189
-346.5	-54.7333	0.00180728	0.3858
-342.0	-54.7333	0.0021474	0.4687
-337.5	-54.7333	0.00125372	0.2082
-333.0	-54.7333	0.00177521	0.275
-328.5	-54.7333	0.00134717	0.1855
-324.0	-54.7333	0.00193212	0.4427
-319.5	-54.7333	0.00138008	0.1641
-315.0	-54.7333	0.00373089	0.5081
-310.5	-54.7333	0.0017119	0.1707
-306.0	-54.7333	0.00351305	0.4482
-301.5	-54.7333	0.00713235	0.3438
-297.0	-54.7333	0.00312247	0.2841
-292.5	-54.7333	0.00174488	0.1376
-288.0	-54.7333	0.00202565	0.1616
-283.5	-54.7333	0.00534131	0.4207
-279.0	-54.7333	0.00363006	0.4265
-274.5	-54.7333	0.00220902	0.147
-270.0	-54.7333	0.00662166	0.4329
-265.5	-54.7333	0.00277787	0.1807
-261.0	-54.7333	0.00308496	0.1751
-256.5	-54.7333	0.00818552	0.346
-252.0	-54.7333	0.00854753	0.312
-247.5	-54.7333	0.00777473	0.3124
-243.0	-54.7333	0.011314	0.3191
-238.5	-54.7333	0.00553521	0.2588
-234.0	-54.7333	0.00981464	0.3151
-229.5	-54.7333	0.0225056	0.3028
-225.0	-54.7333	0.0164045	0.2838
-220.5	-54.7333	0.0148891	0.3155
-216.0	-54.7333	0.0181746	0.2677
-211.5	-54.7333	0.00956038	0.2984
-207.0	-54.7333	0.0132632	0.236
-202.5	-54.7333	0.0274379	0.2777
-198.0	-54.7333	0.0343592	0.2517
-193.5	-54.7333	0.0209545	0.2297
-189.0	-54.7333	0.0202101	0.232
-184.5	-54.7333	0.0265634	0.1956
-180.0	-54.7333	0.0287188	0.2678
-175.5	-54.7333	0.0386007	0.2013
-171.0	-54.7333	0.0280178	0.2159
-166.5	-54.7333	0.0270662	0.1899
-162.0	-54.7333	0.0292473	0.1829
-157.5	-54.7333	0.0462862	0.2039
-153.0	-54.7333	0.0361478	0.2248
-148.5	-54.7333	0.0428109	0.1701
-144.0	-54.7333	0.0536879	0.164
-139.5	-54.7333	0.0578726	0.1704
-135.0	-54.7333	0.0715995	0.1364
-130.5	-54.7333	0.0661302	0.1526
-126.0	-54.7333	0.0659609	0.1597
-121.5	-54.7333	0.0751508	0.1463
-117.0	-54.7333	0.0905569	0.1388
-112.5	-54.7333	0.0974793	0.129
-108.0	-54.7333	0.0846173	0.1317
-103.5	-54.7333	0.107129	0.127
-99.0	-54.7333	0.117903	0.1154
-94.5	-54.7333	0.11819	0.1131
-90.0	-54.7333	0.106213	0.1095
-85.5	-54.7333	0.103882	0.1214
-81.0	-54.7333	0.158978	0.1015
-76.5	-54.7333	0.169506	0.1079
-72.0	-54.7333	0.168438	0.1012
-67.5	-54.7333	0.146603	0.0943
-63.0	-54.7333	0.176876	0.0944
-58.5	-54.7333	0.195862	0.1109
-54.0	-54.7333	0.161261	0.0987
-49.5	-54.7333	0.166783	0.1225
-45.0	-54.7333	0.216708	0.0946
-40.5	-54.7333	0.18045	0.0971
-36.0	-54.7333	0.218683	0.0991
-31.5	-54.7333	0.209161	0.0906
-27.0	-54.7333	0.228045	0.0906
-22.5	-54.7333	0.210587	0.1111
-18.0	-54.7333	0.232373	0.0896
-13.5	-54.7333	0.308176	0.0845
-9.0	-54.7333	0.260369	0.1152
-4.5	-54.7333	0.263469	0.091
0.0	-54.7333	0.260826	0.0946
4.5	-54.7333	0.267683	0.0914
9.0	-54.7333	0.312384	0.0815
13.5	-54.7333	0.276476	0.0885
18.0	-54.7333	0.259323	0.081
22.5	-54.7333	0.297448	0.0778
27.0	-54.7333	0.279194	0.0801
31.5	-54.7333	0.260893	0.0781
36.0	-54.7333	0.280867	0.0879
40.5	-54.7333	0.274297	0.092
45.0	-54.7333	0.237644	0.1032
49.5	-54.7333	0.208279	0.0867
54.0	-54.7333	0.254516	0.0842
58.5	-54.7333	0.2559	0.083
63.0	-54.7333	0.238257	0.081
67.5	-54.7333	0.233159	0.0783
72.0	-54.7333	0.250703	0.0892
76.5	-54.7333	0.193826	0.092
81.0	-54.7333	0.211375	0.097
85.5	-54.7333	0.179433	0.1049
90.0	-54.7333	0.20046	0.094
94.5	-54.7333	0.181902	0.0949
99.0	-54.7333	0.225958	0.0991
103.5	-54.7333	0.1684	0.1027
108.0	-54.7333	0.171789	0.103
112.5	-54.7333	0.188807	0.1049
117.0	-54.7333	0.137293	0.1057
121.5	-54.7333	0.149902	0.0967
126.0	-54.7333	0.129389	0.106
130.5	-54.7333	0.128394	0.1038
135.0	-54.7333	0.127	0.1125
139.5	-54.7333	0.144814	0.1105
144.0	-54.7333	0.116044	0.1205
148.5	-54.7333	0.108197	0.1169
153.0	-54.7333	0.0976281	0.1224
157.5	-54.7333	0.100757	0.1214
162.0	-54.7333	0.0909537	0.1251
166.5	-54.7333	0.10237	0.1319
171.0	-54.7333	0.105994	0.1257
175.5	-54.7333	0.0645186	0.1522
180.0	-54.7333	0.0713954	0.1386
184.5	-54.7333	0.0636222	0.135
189.0	-54.7333	0.101339	0.1388
193.5	-54.7333	0.0644519	0.1454
198.0	-54.7333	0.0665994	0.1407
202.5	-54.7333	0.0667272	0.1425
207.0	-54.7333	0.0555665	0.1458
211.5	-54.7333	0.0404313	0.1591
216.0	-54.7333	0.0509269	0.1552
220.5	-54.7333	0.0464874	0.1666
225.0	-54.7333	0.043215	0.1598
229.5	-54.7333	0.0421578	0.1854
234.0	-54.7333	0.0478888	0.1693
238.5	-54.7333	0.0427284	0.2009
243.0	-54.7333	0.0310187	0.195
247.5	-54.7333	0.0396888	0.1998
252.0	-54.7333	0.0370009	0.1891
256.5	-54.7333	0.039653	0.2172
261.0	-54.7333	0.0380514	0.2076
265.5	-54.7333	0.0454759	0.1927
270.0	-54.7333	0.0250423	0.2458
274.5	-54.7333	0.0282225	0.208
279.0	-54.7333	0.017472	0.2041
283.5	-54.7333	0.0354448	0.2076
288.0	-54.7333	0.0290338	0.2557
292.5	-54.7333	0.0292682	0.2142
297.0	-54.7333	0.028378	0.204
301.5	-54.7333	0.0232367	0.2517
306.0	-54.7333	0.0233464	0.2192
310.5	-54.7333	0.0173098	0.2605
315.0	-54.7333	0.0175546	0.2448
319.5	-54.7333	0.0164825	0.2759
324.0	-54.7333	0.0226693	0.2763
328.5	-54.7333	0.0193729	0.2635
333.0	-54.7333	0.0199472	0.2867
337.5	-54.7333	0.0286712	0.2317
342.0	-54.7333	0.0164383	0.3018
346.5	-54.7333	0.019024	0.2963
351.0	-54.7333	0.0187678	0.2791
355.5	-54.7333	0.0135545	0.3088
360.0	-54.7333	0.0154743	0.3425
364.5	-54.7333	0.0178816	0.4126
369.0	-54.7333	0.00718125	0.4015
373.5	-54.7333	0.0204966	0.3778
378.0	-54.7333	0.0105733	0.4538
382.5	-54.7333	0.0105632	0.4942
387.0	-54.7333	0.015696	0.3466
391.5	-54.7333	0.00328745	0.3531
396.0	-54.7333	0.00375709	0.596
400.5	-54.7333	0.00707164	0.5607
405.0	-54.7333	0.00353668	0.7116
409.5	-54.7333	0.00248194	0.537
414.0	-54.7333	0.00556948	0.4918
418.5	-54.7333	0.00208175	0.5291
423.0	-54.7333	0.00310311	0.5118
427.5	-54.7333	0.00391191	0.4449
432.0	-54.7333	0.00320378	0.5171
436.5	-54.7333	0.00123402	0.4161
441.0	-54.7333	0.00637598	0.4087
445.5	-54.7333	0.00409629	0.4585
-450.0	-52.1667	0.000293314	0.3902
-445.5	-52.1667	0.000544338	0.3347
-441.0	-52.1667	0.000463077	0.3792
-436.5	-52.1667	0.000949121	0.6351
-432.0	-52.1667	0.000334742	0.4004
-427.5	-52.1667	0.000401953	0.4976
-423.0	-52.1667	0.000594705	0.6705
-418.5	-52.1667	0.00402944	0.5502
-414.0	-52.1667	0.000299421	0.3539
-409.5	-52.1667	0.000285233	0.3432
-405.0	-52.1667	0.000174562	0.433
-400.5	-52.1667	0.000318082	0.4516
-396.0	-52.1667	0.000440382	0.2733
-391.5	-52.1667	0.000348438	0.3239
-387.0	-52.1667	0.000356631	0.307
-382.5	-52.1667	0.000489668	0.2589
-378.0	-52.1667	0.00102146	0.3435
-373.5	-52.1667	0.00382749	0.6775
-369.0	-52.1667	0.00465649	0.8581
-364.5	-52.1667	0.00442543	0.7028
-360.0	-52.1667	0.00530207	0.5333
-355.5	-52.1667	0.00354178	0.6895
-351.0	-52.1667	0.00376007	0.6499
-346.5	-52.1667	0.00449701	0.5116
-342.0	-52.1667	0.00450091	0.6271
-337.5	-52.1667	0.00178429	0.389
-333.0	-52.1667	0.00338156	0.4092
-328.5	-52.1667	0.00438497	0.3716
-324.0	-52.1667	0.00441325	0.466
-319.5	-52.1667	0.00181995	0.1615
-315.0	-52.1667	0.00430809	0.4214
-310.5	-52.1667	0.00205658	0.1487
-306.0	-52.1667	0.00213066	0.1585
-301.5	-52.1667	0.00215661	0.159
-297.0	-52.1667	0.00251783	0.2806
-292.5	-52.1667	0.00316055	0.2998
-288.0	-52.1667	0.00345257	0.3068
-283.5	-52.1667	0.00251026	0.1515
-279.0	-52.1667	0.00972659	0.3861
-274.5	-52.1667	0.00388314	0.302
-270.0	-52.1667	0.00507007	0.3948
-265.5	-52.1667	0.00827996	0.3778
-261.0	-52.1667	0.00426769	0.3001
-256.5	-52.1667	0.00448964	0.3245
-252.0	-52.1667	0.00815503	0.3151
-247.5	-52.1667	0.00499751	0.2868
-243.0	-52.1667	0.010426	0.3284
-238.5	-52.1667	0.0170007	0.3455
-234.0	-52.1667	0.00894294	0.3176
-229.5	-52.1667	0.00875114	0.3341
-225.0	-52.1667	0.0179635	0.3331
-220.5	-52.1667	0.0190214	0.3093
-216.0	-52.1667	0.0197065	0.3379
-211.5	-52.1667	0.0169926	0.2694
-207.0	-52.1667	0.0286548	0.2322
-202.5	-52.1667	0.013874	0.2491
-198.0	-52.1667	0.0221348	0.2968
-193.5	-52.1667	0.0314523	0.2411
-189.0	-52.1667	0.0267569	0.2673
-184.5	-52.1667	0.0204135	0.2116
-180.0	-52.1667	0.017667	0.2157
-175.5	-52.1667	0.0330131	0.2267
-171.0	-52.1667	0.0308221	0.2035
-166.5	-52.1667	0.0360631	0.1895
-162.0	-52.1667	0.0401184	0.1962
-157.5	-52.1667	0.052013	0.1737
-153.0	-52.1667	0.0423972	0.1871
-148.5	-52.1667	0.07341	0.1572
-144.0	-52.1667	0.0622472	0.1693
-139.5	-52.1667	0.0740752	0.1491
-135.0	-52.1667	0.0740542	0.1457
-130.5	-52.1667	0.0716569	0.1556
-126.0	-52.1667	0.0765306	0.1338
-121.5	-52.1667	0.0808148	0.1383
-117.0	-52.1667	0.0909059	0.1315
-112.5	-52.1667	0.104236	0.1231
-108.0	-52.1667	0.0924388	0.1322
-103.5	-52.1667	0.118341	0.1102
-99.0	-52.1667	0.106712	0.1226
-94.5	-52.1667	0.116239	0.1221
-90.0	-52.1667	0.134064	0.1101
-85.5	-52.1667	0.130693	0.113
-81.0	-52.1667	0.153384	0.1109
-76.5	-52.1667	0.180632	0.0971
-72.0	-52.1667	0.162436	0.1006
-67.5	-52.1667	0.179665	0.0988
-63.0	-52.1667	0.194034	0.1035
-58.5	-52.1667	0.200063	0.0974
-54.0	-52.1667	0.179569	0.0958
-49.5	-52.1667	0.170112	0.0977
-45.0	-52.1667	0.224003	0.1081
-40.5	-52.1667	0.19164	0.1083
-36.0	-52.1667	0.229853	0.0986
-31.5	-52.1667	0.255756	0.0935
-27.0	-52.1667	0.237631	0.0999
-22.5	-52.1667	0.239341	0.0963
-18.0	-52.1667	0.305859	0.0899
-13.5	-52.1667	0.29113	0.1006
-9.0	-52.1667	0.344316	0.0906
-4.5	-52.1667	0.308216	0.0934
0.0	-52.1667	0.290336	0.1054
4.5	-52.1667	0.273789	0.0899
9.0	-52.1667	0.285432	0.076
13.5	-52.1667	0.27724	0.0786
18.0	-52.1667	0.261665	0.077
22.5	-52.1667	0.266706	0.0806
27.0	-52.1667	0.271201	0.0866
31.5	-52.1667	0.302996	0.0868
36.0	-52.1667	0.270321	0.0835
40.5	-52.1667	0.289179	0.0894
45.0	-52.1667	0.276466	0.0834
49.5	-52.1667	0.264963	0.0952
54.0	-52.1667	0.272214	0.0824
58.5	-52.1667	0.239476	0.0806
63.0	-52.1667	0.255963	0.0804
67.5	-52.1667	0.247213	0.0866
72.0	-52.1667	0.235485	0.0812
76.5	-52.1667	0.189701	0.091
81.0	-52.1667	0.208621	0.0899
85.5	-52.1667	0.188035	0.0914
90.0	-52.1667	0.220741	0.0957
94.5	-52.1667	0.169765	0.1003
99.0	-52.1667	0.193801	0.1053
103.5	-52.1667	0.168014	0.1054
108.0	-52.1667	0.178081	0.1029
112.5	-52.1667	0.186229	0.0922
117.0	-52.1667	0.177616	0.1075
121.5	-52.1667	0.160063	0.1149
126.0	-52.1667	0.173676	0.1138
130.5	-52.1667	0.120829	0.1097
135.0	-52.1667	0.142594	0.102
139.5	-52.1667	0.131617	0.1118
144.0	-52.1667	0.112568	0.123
148.5	-52.1667	0.101983	0.1115
153.0	-52.1667	0.108266	0.1146
157.5	-52.1667	0.0911161	0.1313
162.0	-52.1667	0.105741	0.117
166.5	-52.1667	0.0761339	0.1289
171.0	-52.1667	0.0787848	0.1258
175.5	-52.1667	0.0692255	0.1402
180.0	-52.1667	0.0658504	0.1364
184.5	-52.1667	0.0665026	0.1407
189.0	-52.1667	0.0957105	0.126
193.5	-52.1667	0.0553878	0.1396
198.0	-52.1667	0.0640015	0.1488
202.5	-52.1667	0.0775	0.1494
207.0	-52.1667	0.0501404	0.1704
211.5	-52.1667	0.0505608	0.1547
216.0	-52.1667	0.0363135	0.1645
220.5	-52.1667	0.0301701	0.1574
225.0	-52.1667	0.0545427	0.1654
229.5	-52.1667	0.0572895	0.1546
234.0	-52.1667	0.0540628	0.1592
238.5	-52.1667	0.0281246	0.1745
243.0	-52.1667	0.045116	0.2092
247.5	-52.1667	0.0515716	0.1578
252.0	-52.1667	0.0484426	0.1896
256.5	-52.1667	0.0283672	0.1917
261.0	-52.1667	0.0365543	0.2056
265.5	-52.1667	0.0415829	0.2044
270.0	-52.1667	0.028352	0.1976
274.5	-52.1667	0.0289292	0.188
279.0	-52.1667	0.0293685	0.2403
283.5	-52.1667	0.0290749	0.228
288.0	-52.1667	0.0259055	0.1916
292.5	-52.1667	0.0383286	0.1996
297.0	-52.1667	0.0316062	0.189
301.5	-52.1667	0.0220894	0.223
306.0	-52.1667	0.0326505	0.1951
310.5	-52.1667	0.0157276	0.235
315.0	-52.1667	0.0189594	0.3144
319.5	-52.1667	0.0322455	0.224
324.0	-52.1667	0.0173207	0.2492
328.5	-52.1667	0.0183863	0.2925
333.0	-52.1667	0.0140463	0.2752
337.5	-52.1667	0.0140576	0.2648
342.0	-52.1667	0.00888404	0.3216
346.5	-52.1667	0.0101988	0.3195
351.0	-52.1667	0.0250276	0.2866
355.5	-52.1667	0.0210631	0.3302
360.0	-52.1667	0.0252629	0.2841
364.5	-52.1667	0.0249845	0.2821
369.0	-52.1667	0.0120753	0.3321
373.5	-52.1667	0.0105545	0.3167
378.0	-52.1667	0.00499317	0.5151
382.5	-52.1667	0.00639721	0.5191
387.0	-52.1667	0.00618919	0.5287
391.5	-52.1667	0.00303842	0.6929
396.0	-52.1667	0.00347176	0.6818
400.5	-52.1667	0.00175681	0.6249
405.0	-52.1667	0.00318292	0.4669
409.5	-52.1667	0.00113765	0.3988
414.0	-52.1667	0.00451125	0.4409
418.5	-52.1667	0.00587917	0.5522
423.0	-52.1667	0.00329139	0.5781
427.5	-52.1667	0.00331791	0.3529
432.0	-52.1667	0.00441784	0.5196
436.5	-52.1667	0.00668538	0.5975
441.0	-52.1667	0.00556728	0.4711
445.5	-52.1667	0.00862529	0.4001
-450.0	-49.6	0.000358628	0.2963
-445.5	-49.6	0.000376235	0.2829
-441.0	-49.6	0.000499031	0.253
-436.5	-49.6	0.00033021	0.2981
-432.0	-49.6	0.000129943	0.3843
-427.5	-49.6	0.000212466	0.3699
-423.0	-49.6	0.000275506	0.3294
-418.5	-49.6	0.000672525	0.777
-414.0	-49.6	5.41636e-05	0.5576
-409.5	-49.6	0.000381715	0.3271
-405.0	-49.6	0.000511838	0.2743
-400.5	-49.6	0.000217353	0.3233
-396.0	-49.6	0.000387281	0.3048
-391.5	-49.6	0.00054469	0.2847
-387.0	-49.6	0.000492946	0.3009
-382.5	-49.6	0.000712142	0.2617
-378.0	-49.6	0.00160533	0.4155
-373.5	-49.6	0.000935821	0.3403
-369.0	-49.6	0.000630894	0.2472
-364.5	-49.6	0.0016606	0.5972
-360.0	-49.6	0.00542015	0.7445
-355.5	-49.6	0.00531258	0.7526
-351.0	-49.6	0.00647335	0.6369
-346.5	-49.6	0.00469467	0.4453
-342.0	-49.6	0.00136189	0.1683
-337.5	-49.6	0.00364485	0.5711
-333.0	-49.6	0.00640882	0.5214
-328.5	-49.6	0.00423488	0.3046
-324.0	-49.6	0.00578335	0.4528
-319.5	-49.6	0.00372958	0.5055
-315.0	-49.6	0.00265218	0.2802
-310.5	-49.6	0.00428975	0.4208
-306.0	-49.6	0.00196029	0.1784
-301.5	-49.6	0.00205797	0.1683
-297.0	-49.6	0.00237113	0.1541
-292.5	-49.6	0.00322277	0.2497
-288.0	-49.6	0.0059558	0.413
-283.5	-49.6	0.00494248	0.3417
-279.0	-49.6	0.00802658	0.4365
-274.5	-49.6	0.012585	0.4587
-270.0	-49.6	0.00927092	0.4874
-265.5	-49.6	0.00328768	0.1526
-261.0	-49.6	0.00362232	0.3339
-256.5	-49.6	0.00530039	0.3088
-252.0	-49.6	0.00597113	0.314
-247.5	-49.6	0.00718982	0.2972
-243.0	-49.6	0.0109812	0.3951
-238.5	-49.6	0.0151218	0.353
-234.0	-49.6	0.0179436	0.292
-229.5	-49.6	0.0167474	0.3022
-225.0	-49.6	0.0102987	0.2651
-220.5	-49.6	0.0156548	0.2797
-216.0	-49.6	0.0136849	0.2816
-211.5	-49.6	0.016171	0.3374
-207.0	-49.6	0.0333322	0.2097
-202.5	-49.6	0.0265709	0.2035
-198.0	-49.6	0.0243276	0.258
-193.5	-49.6	0.0332813	0.2205
-189.0	-49.6	0.0341208	0.1989
-184.5	-49.6	0.0254309	0.1848
-180.0	-49.6	0.0306815	0.2171
-175.5	-49.6	0.0388223	0.1939
-171.0	-49.6	0.0349847	0.2186
-166.5	-49.6	0.0361725	0.1861
-162.0	-49.6	0.0443431	0.1625
-157.5	-49.6	0.0426723	0.1706
-153.0	-49.6	0.0467517	0.1899
-148.5	-49.6	0.064105	0.1555
-144.0	-49.6	0.0559616	0.1601
-139.5	-49.6	0.0665574	0.1462
-135.0	-49.6	0.0769671	0.1349
-130.5	-49.6	0.0580276	0.1345
-126.0	-49.6	0.0690462	0.1521
-121.5	-49.6	0.0706	0.1304
-117.0	-49.6	0.0814137	0.1391
-112.5	-49.6	0.0960459	0.1245
-108.0	-49.6	0.109723	0.125
-103.5	-49.6	0.111057	0.1096
-99.0	-49.6	0.110803	0.1258
-94.5	-49.6	0.120342	0.1147
-90.0	-49.6	0.141459	0.1032
-85.5	-49.6	0.15304	0.1046
-81.0	-49.6	0.136616	0.108
-76.5	-49.6	0.157833	0.0938
-72.0	-49.6	0.17456	0.111
-67.5	-49.6	0.147342	0.0989
-63.0	-49.6	0.156987	0.0945
-58.5	-49.6	0.18369	0.1023
-54.0	-49.6	0.235089	0.095
-49.5	-49.6	0.206489	0.0994
-45.0	-49.6	0.238701	0.0893
-40.5	-49.6	0.244544	0.1051
-36.0	-49.6	0.251091	0.1097
-31.5	-49.6	0.239157	0.0876
-27.0	-49.6	0.27297	0.0844
-22.5	-49.6	0.249307	0.0916
-18.0	-49.6	0.283579	0.0752
-13.5	-49.6	0.267962	0.0939
-9.0	-49.6	0.313772	0.0928
-4.5	-49.6	0.283482	0.0819
0.0	-49.6	0.31233	0.0845
4.5	-49.6	0.315202	0.0779
9.0	-49.6	0.320637	0.0944
13.5	-49.6	0.314408	0.075
18.0	-49.6	0.278691	0.0753
22.5	-49.6	0.287588	0.0945
27.0	-49.6	0.271496	0.0738
31.5	-49.6	0.282405	0.0733
36.0	-49.6	0.297454	0.0738
40.5	-49.6	0.262723	0.077
45.0	-49.6	0.276106	0.0733
49.5	-49.6	0.292791	0.0816
54.0	-49.6	0.2953	0.0777
58.5	-49.6	0.265098	0.0888
63.0	-49.6	0.280496	0.0748
67.5	-49.6	0.245142	0.0793
72.0	-49.6	0.248136	0.0832
76.5	-49.6	0.277734	0.0894
81.0	-49.6	0.216951	0.0867
85.5	-49.6	0.19977	0.0908
90.0	-49.6	0.214102	0.0909
94.5	-49.6	0.237685	0.0922
99.0	-49.6	0.204225	0.0912
103.5	-49.6	0.188896	0.0973
108.0	-49.6	0.187088	0.0945
112.5	-49.6	0.175646	0.0975
117.0	-49.6	0.167551	0.0966
121.5	-49.6	0.158346	0.0891
126.0	-49.6	0.12901	0.112
130.5	-49.6	0.156189	0.0979
135.0	-49.6	0.150559	0.1136
139.5	-49.6	0.148062	0.1176
144.0	-49.6	0.0921642	0.1202
148.5	-49.6	0.134389	0.1134
153.0	-49.6	0.115371	0.115
157.5	-49.6	0.0852103	0.1231
162.0	-49.6	0.104908	0.1372
166.5	-49.6	0.114359	0.1196
171.0	-49.6	0.0783099	0.1311
175.5	-49.6	0.0794084	0.1387
180.0	-49.6	0.0687023	0.1362
184.5	-49.6	0.0744606	0.1335
189.0	-49.6	0.0738182	0.1392
193.5	-49.6	0.0643748	0.1515
198.0	-49.6	0.059404	0.1436
202.5	-49.6	0.0589	0.161
207.0	-49.6	0.046609	0.1368
211.5	-49.6	0.0473019	0.1665
216.0	-49.6	0.0586342	0.1463
220.5	-49.6	0.0481075	0.1865
225.0	-49.6	0.0578908	0.1505
229.5	-49.6	0.0534241	0.1537
234.0	-49.6	0.0578445	0.1577
238.5	-49.6	0.0564204	0.1734
243.0	-49.6	0.0470815	0.1742
247.5	-49.6	0.0441934	0.1776
252.0	-49.6	0.0353514	0.1886
256.5	-49.6	0.0387618	0.1805
261.0	-49.6	0.039055	0.2209
265.5	-49.6	0.0236091	0.211
270.0	-49.6	0.0226129	0.2067
274.5	-49.6	0.029675	0.2018
279.0	-49.6	0.0349239	0.2031
283.5	-49.6	0.0253388	0.2339
288.0	-49.6	0.022727	0.2237
292.5	-49.6	0.0313133	0.2019
297.0	-49.6	0.0407977	0.1847
301.5	-49.6	0.0273933	0.2053
306.0	-49.6	0.0244032	0.2707
310.5	-49.6	0.0232657	0.2235
315.0	-49.6	0.0255852	0.2372
319.5	-49.6	0.0209857	0.263
324.0	-49.6	0.0151711	0.2986
328.5	-49.6	0.0215304	0.2648
333.0	-49.6	0.0241656	0.2392
337.5	-49.6	0.0144804	0.2679
342.0	-49.6	0.0180863	0.2844
346.5	-49.6	0.015353	0.2729
351.0	-49.6	0.00936397	0.3413
355.5	-49.6	0.0176614	0.2861
360.0	-49.6	0.0269872	0.3285
364.5	-49.6	0.017905	0.2915
369.0	-49.6	0.0137906	0.3423
373.5	-49.6	0.00305413	0.401
378.0	-49.6	0.00586938	0.5148
382.5	-49.6	0.00240378	0.4887
387.0	-49.6	0.00673352	0.5145
391.5	-49.6	0.00536842	0.5028
396.0	-49.6	0.00623203	0.4346
400.5	-49.6	0.00418606	0.4849
405.0	-49.6	0.00504798	0.6166
409.5	-49.6	0.00241453	0.686
414.0	-49.6	0.00746358	0.5823
418.5	-49.6	0.00228758	0.6451
423.0	-49.6	0.00355815	0.6231
427.5	-49.6	0.0039994	0.5309
432.0	-49.6	0.00537868	0.6017
436.5	-49.6	0.00124214	0.3525
441.0	-49.6	0.00662338	0.447
445.5	-49.6	0.00381811	0.4433
-450.0	-47.0333	0.00186793	0.8178
-445.5	-47.0333	0.000310372	0.3436
-441.0	-47.0333	0.000417234	0.2514
-436.5	-47.0333	0.000515579	0.2867
-432.0	-47.0333	0.000189084	0.4561
-427.5	-47.0333	0.000261078	0.3419
-423.0	-47.0333	0.000344507	0.3117
-418.5	-47.0333	0.000307557	0.3419
-414.0	-47.0333	0.000157976	0.4628
-409.5	-47.0333	0.000356148	0.344
-405.0	-47.0333	0.000496696	0.2935
-400.5	-47.0333	0.000592502	0.3143
-396.0	-47.0333	0.000149375	0.4159
-391.5	-47.0333	0.000455195	0.2797
-387.0	-47.0333	0.000561214	0.2467
-382.5	-47.0333	0.000416476	0.2805
-378.0	-47.0333	0.00074094	0.2226
-373.5	-47.0333	0.00060065	0.245
-369.0	-47.0333	0.002376	0.64
-364.5	-47.0333	0.000643948	0.2402
-360.0	-47.0333	0.000981313	0.1826
-355.5	-47.0333	0.0010787	0.1684
-351.0	-47.0333	0.0027023	0.4714
-346.5	-47.0333	0.0037041	0.6203
-342.0	-47.0333	0.00429883	0.3751
-337.5	-47.0333	0.0021773	0.1397
-333.0	-47.0333	0.00200768	0.1962
-328.5	-47.0333	0.00555108	0.6258
-324.0	-47.0333	0.00287546	0.3197
-319.5	-47.0333	0.00196688	0.1469
-315.0	-47.0333	0.00299948	0.2527
-310.5	-47.0333	0.00189494	0.1555
-306.0	-47.0333	0.00218464	0.1562
-301.5	-47.0333	0.00209671	0.1779
-297.0	-47.0333	0.00592954	0.4007
-292.5	-47.0333	0.00256387	0.1402
-288.0	-47.0333	0.00774888	0.3441
-283.5	-47.0333	0.0130271	0.3805
-279.0	-47.0333	0.0122641	0.4099
-274.5	-47.0333	0.0055053	0.381
-270.0	-47.0333	0.00656857	0.2883
-265.5	-47.0333	0.00265371	0.1424
-261.0	-47.0333	0.00545052	0.323
-256.5	-47.0333	0.00597612	0.2733
-252.0	-47.0333	0.0127863	0.3039
-247.5	-47.0333	0.0165742	0.3118
-243.0	-47.0333	0.0145486	0.2801
-238.5	-47.0333	0.0119808	0.2893
-234.0	-47.0333	0.0196158	0.265
-229.5	-47.0333	0.0201967	0.3199
-225.0	-47.0333	0.019023	0.2662
-220.5	-47.0333	0.0159572	0.2974
-216.0	-47.0333	0.0239087	0.2729
-211.5	-47.0333	0.0285464	0.2485
-207.0	-47.0333	0.0192328	0.2944
-202.5	-47.0333	0.0321446	0.2019
-198.0	-47.0333	0.0292185	0.232
-193.5	-47.0333	0.0302202	0.2307
-189.0	-47.0333	0.0245422	0.1895
-184.5	-47.0333	0.0324663	0.2185
-180.0	-47.0333	0.0319538	0.1977
-175.5	-47.0333	0.033729	0.1868
-171.0	-47.0333	0.0385019	0.2107
-166.5	-47.0333	0.048096	0.1718
-162.0	-47.0333	0.0529272	0.1688
-157.5	-47.0333	0.0558821	0.1733
-153.0	-47.0333	0.0369521	0.1754
-148.5	-47.0333	0.0448625	0.2481
-144.0	-47.0333	0.0686547	0.1634
-139.5	-47.0333	0.0747033	0.1366
-135.0	-47.0333	0.0532914	0.1541
-130.5	-47.0333	0.0703559	0.1406
-126.0	-47.0333	0.0766268	0.1413
-121.5	-47.0333	0.107877	0.1213
-117.0	-47.0333	0.110966	0.1202
-112.5	-47.0333	0.0912014	0.1233
-108.0	-47.0333	0.104183	0.1193
-103.5	-47.0333	0.108674	0.1114
-99.0	-47.0333	0.130865	0.1102
-94.5	-47.0333	0.147566	0.1059
-90.0	-47.0333	0.157885	0.0997
-85.5	-47.0333	0.16792	0.0979
-81.0	-47.0333	0.122671	0.1042
-76.5	-47.0333	0.172573	0.0955
-72.0	-47.0333	0.185831	0.1006
-67.5	-47.0333	0.176441	0.0944
-63.0	-47.0333	0.202662	0.0947
-58.5	-47.0333	0.20967	0.1104
-54.0	-47.0333	0.194198	0.0906
-49.5	-47.0333	0.229519	0.0959
-45.0	-47.0333	0.235982	0.0908
-40.5	-47.0333	0.240047	0.1092
-36.0	-47.0333	0.258222	0.0945
-31.5	-47.0333	0.297576	0.0903
-27.0	-47.0333	0.323315	0.1096
-22.5	-47.0333	0.319078	0.0908
-18.0	-47.0333	0.29508	0.0928
-13.5	-47.0333	0.290035	0.0818
-9.0	-47.0333	0.28459	0.0872
-4.5	-47.0333	0.336585	0.0788
0.0	-47.0333	0.329097	0.0727
4.5	-47.0333	0.294937	0.0948
9.0	-47.0333	0.307308	0.086
13.5	-47.0333	0.318149	0.0907
18.0	-47.0333	0.291439	0.0749
22.5	-47.0333	0.293843	0.0769
27.0	-47.0333	0.308905	0.0739
31.5	-47.0333	0.285079	0.0737
36.0	-47.0333	0.28804	0.0734
40.5	-47.0333	0.265442	0.0753
45.0	-47.0333	0.289344	0.0793
49.5	-47.0333	0.316197	0.0737
54.0	-47.0333	0.287533	0.077
58.5	-47.0333	0.238384	0.0752
63.0	-47.0333	0.285603	0.0807
67.5	-47.0333	0.265037	0.0811
72.0	-47.0333	0.261066	0.0775
76.5	-47.0333	0.266984	0.0818
81.0	-47.0333	0.210652	0.082
85.5	-47.0333	0.22428	0.0819
90.0	-47.0333	0.244419	0.0861
94.5	-47.0333	0.237418	0.0866
99.0	-47.0333	0.21005	0.0936
103.5	-47.0333	0.171734	0.0975
108.0	-47.0333	0.209391	0.0969
112.5	-47.0333	0.19067	0.0884
117.0	-47.0333	0.158493	0.0936
121.5	-47.0333	0.166013	0.093
126.0	-47.0333	0.162661	0.0996
130.5	-47.0333	0.165386	0.0933
135.0	-47.0333	0.128386	0.0987
139.5	-47.0333	0.162963	0.1017
144.0	-47.0333	0.131357	0.1054
148.5	-47.0333	0.131657	0.1173
153.0	-47.0333	0.118911	0.109
157.5	-47.0333	0.0969296	0.1167
162.0	-47.0333	0.102573	0.1199
166.5	-47.0333	0.0970388	0.1152
171.0	-47.0333	0.102303	0.1214
175.5	-47.0333	0.103798	0.1123
180.0	-47.0333	0.0927175	0.1225
184.5	-47.0333	0.0842192	0.1398
189.0	-47.0333	0.0794166	0.1563
193.5	-47.0333	0.0798405	0.1403
198.0	-47.0333	0.0832418	0.13
202.5	-47.0333	0.0659341	0.1634
207.0	-47.0333	0.0683525	0.1457
211.5	-47.0333	0.050413	0.1646
216.0	-47.0333	0.0630285	0.1455
220.5	-47.0333	0.0582502	0.1508
225.0	-47.0333	0.0597395	0.1527
229.5	-47.0333	0.0487705	0.1585
234.0	-47.0333	0.0587646	0.1485
238.5	-47.0333	0.0408994	0.1929
243.0	-47.0333	0.0458091	0.1801
247.5	-47.0333	0.0366577	0.197
252.0	-47.0333	0.0423468	0.1773
256.5	-47.0333	0.0484542	0.1523
261.0	-47.0333	0.0334384	0.1763
265.5	-47.0333	0.0399266	0.1814
270.0	-47.0333	0.0339424	0.1902
274.5	-47.0333	0.0411174	0.2021
279.0	-47.0333	0.0327149	0.1963
283.5	-47.0333	0.0259838	0.2179
288.0	-47.0333	0.0296326	0.2158
292.5	-47.0333	0.0252027	0.2417
297.0	-47.0333	0.033679	0.2077
301.5	-47.0333	0.0264361	0.1957
306.0	-47.0333	0.0359025	0.2404
310.5	-47.0333	0.0342837	0.2028
315.0	-47.0333	0.0210967	0.202
319.5	-47.0333	0.020197	0.2354
324.0	-47.0333	0.0211107	0.2459
328.5	-47.0333	0.0215453	0.2482
333.0	-47.0333	0.0214315	0.2276
337.5	-47.0333	0.0242299	0.258
342.0	-47.0333	0.0103694	0.2956
346.5	-47.0333	0.0210641	0.341
351.0	-47.0333	0.0129398	0.2519
355.5	-47.0333	0.0156096	0.3079
360.0	-47.0333	0.0185272	0.2634
364.5	-47.0333	0.00993045	0.2901
369.0	-47.0333	0.00940716	0.3743
373.5	-47.0333	0.00781893	0.3973
378.0	-47.0333	0.0107672	0.3695
382.5	-47.0333	0.00877034	0.307
387.0	-47.0333	0.00748407	0.3248
391.5	-47.0333	0.00900696	0.456
396.0	-47.0333	0.00806119	0.6282
400.5	-47.0333	0.00831596	0.4312
405.0	-47.0333	0.00287932	0.5354
409.5	-47.0333	0.00597436	0.41
414.0	-47.0333	0.00301965	0.5845
418.5	-47.0333	0.00231119	0.5174
423.0	-47.0333	0.00522217	0.604
427.5	-47.0333	0.00776942	0.4686
432.0	-47.0333	0.00324532	0.4934
436.5	-47.0333	0.00223556	0.5289
441.0	-47.0333	0.00835459	0.4005
445.5	-47.0333	0.00222168	0.5834
-450.0	-44.4667	0.00280745	0.825
-445.5	-44.4667	0.00141974	0.7528
-441.0	-44.4667	0.000606592	0.5047
-436.5	-44.4667	0.000884717	0.54
-432.0	-44.4667	0.0017916	0.8451
-427.5	-44.4667	0.000229834	0.4429
-423.0	-44.4667	0.000347963	0.272
-418.5	-44.4667	0.000266854	0.3381
-414.0	-44.4667	0.000142717	0.3885
-409.5	-44.4667	0.000336635	0.305
-405.0	-44.4667	0.000403933	0.337
-400.5	-44.4667	0.000366753	0.2832
-396.0	-44.4667	0.000522288	0.2874
-391.5	-44.4667	0.001577	0.6291
-387.0	-44.4667	0.00243792	0.6792
-382.5	-44.4667	0.00226821	0.729
-378.0	-44.4667	0.000789319	0.2471
-373.5	-44.4667	0.00110073	0.3199
-369.0	-44.4667	0.00210603	0.4251
-364.5	-44.4667	0.00101182	0.1925
-360.0	-44.4667	0.0031062	0.6422
-355.5	-44.4667	0.00167818	0.3866
-351.0	-44.4667	0.00254849	0.4923
-346.5	-44.4667	0.00119304	0.1762
-342.0	-44.4667	0.00212605	0.3788
-337.5	-44.4667	0.0020231	0.3022
-333.0	-44.4667	0.00923154	0.5588
-328.5	-44.4667	0.00544653	0.4628
-324.0	-44.4667	0.00710493	0.6521
-319.5	-44.4667	0.00537174	0.384
-315.0	-44.4667	0.00723093	0.5534
-310.5	-44.4667	0.00215006	0.1556
-306.0	-44.4667	0.0117467	0.4637
-301.5	-44.4667	0.00658218	0.5701
-297.0	-44.4667	0.00230246	0.1311
-292.5	-44.4667	0.00707009	0.5408
-288.0	-44.4667	0.00753267	0.3923
-283.5	-44.4667	0.00325021	0.2505
-279.0	-44.4667	0.00502699	0.476
-274.5	-44.4667	0.00298259	0.1568
-270.0	-44.4667	0.00836204	0.3313
-265.5	-44.4667	0.00523368	0.3093
-261.0	-44.4667	0.00721785	0.3035
-256.5	-44.4667	0.0123756	0.327
-252.0	-44.4667	0.00666232	0.1987
-247.5	-44.4667	0.00510196	0.2045
-243.0	-44.4667	0.0081223	0.3107
-238.5	-44.4667	0.0132887	0.3581
-234.0	-44.4667	0.0169862	0.2536
-229.5	-44.4667	0.0173288	0.2774
-225.0	-44.4667	0.0146218	0.2982
-220.5	-44.4667	0.0198729	0.3407
-216.0	-44.4667	0.0171687	0.2557
-211.5	-44.4667	0.0248616	0.2403
-207.0	-44.4667	0.020688	0.2572
-202.5	-44.4667	0.0164017	0.2041
-198.0	-44.4667	0.0277459	0.2048
-193.5	-44.4667	0.0192421	0.2259
-189.0	-44.4667	0.023587	0.2097
-184.5	-44.4667	0.026757	0.1945
-180.0	-44.4667	0.0259329	0.2028
-175.5	-44.4667	0.0189206	0.1691
-171.0	-44.4667	0.0364027	0.2556
-166.5	-44.4667	0.0447229	0.1793
-162.0	-44.4667	0.0484048	0.1766
-157.5	-44.4667	0.0516549	0.1824
-153.0	-44.4667	0.0490085	0.1665
-148.5	-44.4667	0.048267	0.1636
-144.0	-44.4667	0.0702635	0.1482
-139.5	-44.4667	0.0642736	0.1455
-135.0	-44.4667	0.0752851	0.1319
-130.5	-44.4667	0.0790337	0.1442
-126.0	-44.4667	0.0800315	0.1338
-121.5	-44.4667	0.106088	0.1195
-117.0	-44.4667	0.096672	0.1254
-112.5	-44.4667	0.130102	0.1114
-108.0	-44.4667	0.124404	0.1119
-103.5	-44.4667	0.109653	0.1166
-99.0	-44.4667	0.115021	0.1068
-94.5	-44.4667	0.135708	0.1097
-90.0	-44.4667	0.144424	0.1005
-85.5	-44.4667	0.160503	0.1001
-81.0	-44.4667	0.175165	0.0958
-76.5	-44.4667	0.203085	0.0982
-72.0	-44.4667	0.244081	0.0909
-67.5	-44.4667	0.196842	0.1013
-63.0	-44.4667	0.175703	0.0881
-58.5	-44.4667	0.238371	0.0862
-54.0	-44.4667	0.234911	0.0988
-49.5	-44.4667	0.225606	0.095
-45.0	-44.4667	0.25511	0.0823
-40.5	-44.4667	0.265319	0.0817
-36.0	-44.4667	0.230611	0.0975
-31.5	-44.4667	0.273537	0.1004
-27.0	-44.4667	0.275258	0.0924
-22.5	-44.4667	0.302069	0.0944
-18.0	-44.4667	0.263858	0.1079
-13.5	-44.4667	0.306532	0.0874
-9.0	-44.4667	0.324404	0.0829
-4.5	-44.4667	0.343385	0.087
0.0	-44.4667	0.375171	0.084
4.5	-44.4667	0.320024	0.0711
9.0	-44.4667	0.326017	0.0954
13.5	-44.4667	0.324538	0.0773
18.0	-44.4667	0.307764	0.0704
22.5	-44.4667	0.340152	0.0788
27.0	-44.4667	0.335977	0.0741
31.5	-44.4667	0.284459	0.071
36.0	-44.4667	0.271669	0.0732
40.5	-44.4667	0.292724	0.074
45.0	-44.4667	0.285538	0.0831
49.5	-44.4667	0.27447	0.0781
54.0	-44.4667	0.291481	0.0757
58.5	-44.4667	0.311723	0.082
63.0	-44.4667	0.301364	0.0766
67.5	-44.4667	0.277871	0.0786
72.0	-44.4667	0.245911	0.0773
76.5	-44.4667	0.290192	0.076
81.0	-44.4667	0.230361	0.0837
85.5	-44.4667	0.238618	0.0851
90.0	-44.4667	0.244157	0.0825
94.5	-44.4667	0.195219	0.09
99.0	-44.4667	0.242657	0.0923
103.5	-44.4667	0.218983	0.0926
108.0	-44.4667	0.19944	0.0909
112.5	-44.4667	0.231626	0.0872
117.0	-44.4667	0.185917	0.0929
121.5	-44.4667	0.176875	0.098
126.0	-44.4667	0.16254	0.0945
130.5	-44.4667	0.144845	0.098
135.0	-44.4667	0.153042	0.0959
139.5	-44.4667	0.146185	0.1169
144.0	-44.4667	0.147924	0.0967
148.5	-44.4667	0.138757	0.1058
153.0	-44.4667	0.124885	0.1132
157.5	-44.4667	0.11167	0.1085
162.0	-44.4667	0.113485	0.1102
166.5	-44.4667	0.106698	0.1129
171.0	-44.4667	0.0938215	0.1181
175.5	-44.4667	0.0919648	0.134
180.0	-44.4667	0.0866568	0.1179
184.5	-44.4667	0.0698544	0.1487
189.0	-44.4667	0.0639154	0.1378
193.5	-44.4667	0.0706696	0.142
198.0	-44.4667	0.0752344	0.1391
202.5	-44.4667	0.0784143	0.1493
207.0	-44.4667	0.0808274	0.131
211.5	-44.4667	0.0660294	0.1537
216.0	-44.4667	0.0818687	0.145
220.5	-44.4667	0.06097	0.1466
225.0	-44.4667	0.0656622	0.1656
229.5	-44.4667	0.0512364	0.1556
234.0	-44.4667	0.0481593	0.1589
238.5	-44.4667	0.0443432	0.1882
243.0	-44.4667	0.0645078	0.1577
247.5	-44.4667	0.0559102	0.1783
252.0	-44.4667	0.0397469	0.1731
256.5	-44.4667	0.0412667	0.1875
261.0	-44.4667	0.0428844	0.1947
265.5	-44.4667	0.0383555	0.1638
270.0	-44.4667	0.0360755	0.1867
274.5	-44.4667	0.0407711	0.1853
279.0	-44.4667	0.0347594	0.2252
283.5	-44.4667	0.0370993	0.1902
288.0	-44.4667	0.0343869	0.1966
292.5	-44.4667	0.0234421	0.2167
297.0	-44.4667	0.0372706	0.2076
301.5	-44.4667	0.0333504	0.2055
306.0	-44.4667	0.0393929	0.2148
310.5	-44.4667	0.0325188	0.1983
315.0	-44.4667	0.0359924	0.2004
319.5	-44.4667	0.0243017	0.2321
324.0	-44.4667	0.0212498	0.2665
328.5	-44.4667	0.0148686	0.2508
333.0	-44.4667	0.00832867	0.2312
337.5	-44.4667	0.0176636	0.301
342.0	-44.4667	0.0190944	0.3539
346.5	-44.4667	0.0167958	0.3478
351.0	-44.4667	0.011686	0.293
355.5	-44.4667	0.0134788	0.3382
360.0	-44.4667	0.0227758	0.2761
364.5	-44.4667	0.0150287	0.3171
369.0	-44.4667	0.0087247	0.3369
373.5	-44.4667	0.0143838	0.2842
378.0	-44.4667	0.00739434	0.3477
382.5	-44.4667	0.00926805	0.4142
387.0	-44.4667	0.00993862	0.4323
391.5	-44.4667	0.0081783	0.5004
396.0	-44.4667	0.0042266	0.5071
400.5	-44.4667	0.00267513	0.4311
405.0	-44.4667	0.00250165	0.5028
409.5	-44.4667	0.00776305	0.448
414.0	-44.4667	0.00394767	0.6534
418.5	-44.4667	0.00547852	0.6143
423.0	-44.4667	0.006108	0.4504
427.5	-44.4667	0.00687861	0.7873
432.0	-44.4667	0.00622684	0.3389
436.5	-44.4667	0.00605431	0.4009
441.0	-44.4667	0.00830807	0.4044
445.5	-44.4667	0.00490397	0.4219
-450.0	-41.9	0.00499953	0.6292
-445.5	-41.9	0.00150112	0.6293
-441.0	-41.9	0.000419532	0.3482
-436.5	-41.9	0.00218807	0.5845
-432.0	-41.9	0.00357819	0.8757
-427.5	-41.9	0.000356236	0.3352
-423.0	-41.9	0.000242712	0.3482
-418.5	-41.9	0.0010875	0.7773
-414.0	-41.9	0.00239447	0.9375
-409.5	-41.9	0.000239029	0.3527
-405.0	-41.9	0.000293736	0.3758
-400.5	-41.9	0.000314521	0.3454
-396.0	-41.9	0.000247648	0.3476
-391.5	-41.9	0.000565444	0.2758
-387.0	-41.9	0.000663004	0.2343
-382.5	-41.9	0.000644326	0.2755
-378.0	-41.9	0.00275256	0.5676
-373.5	-41.9	0.000636018	0.218
-369.0	-41.9	0.00147008	0.5372
-364.5	-41.9	0.00266602	0.5299
-360.0	-41.9	0.00277926	0.5654
-355.5	-41.9	0.00277606	0.5645
-351.0	-41.9	0.00599809	0.4098
-346.5	-41.9	0.00251276	0.5412
-342.0	-41.9	0.00185674	0.2935
-337.5	-41.9	0.00180203	0.254
-333.0	-41.9	0.00491934	0.4785
-328.5	-41.9	0.00715867	0.5273
-324.0	-41.9	0.00263895	0.2252
-319.5	-41.9	0.0113961	0.463
-315.0	-41.9	0.00328862	0.2083
-310.5	-41.9	0.00579237	0.6366
-306.0	-41.9	0.0113554	0.4059
-301.5	-41.9	0.008631	0.3661
-297.0	-41.9	0.00687433	0.694
-292.5	-41.9	0.0103223	0.4255
-288.0	-41.9	0.00626731	0.3757
-283.5	-41.9	0.00762568	0.5534
-279.0	-41.9	0.00910254	0.477
-274.5	-41.9	0.00355202	0.214
-270.0	-41.9	0.00591912	0.3215
-265.5	-41.9	0.00718534	0.3669
-261.0	-41.9	0.00731185	0.3075
-256.5	-41.9	0.020654	0.2631
-252.0	-41.9	0.0130585	0.3127
-247.5	-41.9	0.00654951	0.4125
-243.0	-41.9	0.012928	0.2769
-238.5	-41.9	0.0193711	0.3107
-234.0	-41.9	0.013935	0.2837
-229.5	-41.9	0.0142769	0.2526
-225.0	-41.9	0.00642487	0.1681
-220.5	-41.9	0.0162897	0.2652
-216.0	-41.9	0.0175011	0.3009
-211.5	-41.9	0.0190953	0.2665
-207.0	-41.9	0.0129296	0.2963
-202.5	-41.9	0.0181202	0.2415
-198.0	-41.9	0.0301313	0.2091
-193.5	-41.9	0.0295278	0.2178
-189.0	-41.9	0.0265899	0.2782
-184.5	-41.9	0.0269259	0.195
-180.0	-41.9	0.0378059	0.2036
-175.5	-41.9	0.0454346	0.2083
-171.0	-41.9	0.0475678	0.1855
-166.5	-41.9	0.054684	0.1734
-162.0	-41.9	0.0367599	0.1962
-157.5	-41.9	0.0486226	0.1703
-153.0	-41.9	0.0563442	0.152
-148.5	-41.9	0.0543804	0.1487
-144.0	-41.9	0.0668414	0.155
-139.5	-41.9	0.083814	0.1359
-135.0	-41.9	0.0767127	0.1329
-130.5	-41.9	0.074336	0.1294
-126.0	-41.9	0.0977355	0.1138
-121.5	-41.9	0.124439	0.118
-117.0	-41.9	0.0895646	0.1326
-112.5	-41.9	0.0936121	0.1166
-108.0	-41.9	0.0984584	0.1101
-103.5	-41.9	0.147106	0.1065
-99.0	-41.9	0.155257	0.1055
-94.5	-41.9	0.14017	0.1017
-90.0	-41.9	0.1349	0.1
-85.5	-41.9	0.157547	0.1012
-81.0	-41.9	0.183337	0.0912
-76.5	-41.9	0.162357	0.0924
-72.0	-41.9	0.194672	0.0895
-67.5	-41.9	0.220971	0.086
-63.0	-41.9	0.220816	0.1046
-58.5	-41.9	0.234087	0.0854
-54.0	-41.9	0.2637	0.083
-49.5	-41.9	0.269194	0.082
-45.0	-41.9	0.228496	0.0895
-40.5	-41.9	0.294836	0.0927
-36.0	-41.9	0.270972	0.0849
-31.5	-41.9	0.287455	0.0882
-27.0	-41.9	0.268653	0.0904
-22.5	-41.9	0.32129	0.0962
-18.0	-41.9	0.336697	0.1055
-13.5	-41.9	0.289017	0.1177
-9.0	-41.9	0.306583	0.0718
-4.5	-41.9	0.321363	0.0739
0.0	-41.9	0.347956	0.0775
4.5	-41.9	0.301255	0.0797
9.0	-41.9	0.309937	0.0769
13.5	-41.9	0.358184	0.0664
18.0	-41.9	0.362368	0.0721
22.5	-41.9	0.340104	0.0716
27.0	-41.9	0.303793	0.0801
31.5	-41.9	0.301027	0.07
36.0	-41.9	0.309311	0.0735
40.5	-41.9	0.349896	0.0747
45.0	-41.9	0.338487	0.0713
49.5	-41.9	0.351344	0.0797
54.0	-41.9	0.33791	0.077
58.5	-41.9	0.311308	0.0724
63.0	-41.9	0.252005	0.0773
67.5	-41.9	0.281336	0.0758
72.0	-41.9	0.288622	0.075
76.5	-41.9	0.271899	0.0753
81.0	-41.9	0.260484	0.0803
85.5	-41.9	0.27258	0.0766
90.0	-41.9	0.239853	0.0808
94.5	-41.9	0.233837	0.0868
99.0	-41.9	0.235049	0.0891
103.5	-41.9	0.218857	0.0832
108.0	-41.9	0.212521	0.0896
112.5	-41.9	0.237234	0.0896
117.0	-41.9	0.160117	0.0915
121.5	-41.9	0.165534	0.0933
126.0	-41.9	0.173162	0.0947
130.5	-41.9	0.161643	0.0973
135.0	-41.9	0.136017	0.1005
139.5	-41.9	0.140696	0.1066
144.0	-41.9	0.122081	0.1022
148.5	-41.9	0.123571	0.1122
153.0	-41.9	0.14821	0.1035
157.5	-41.9	0.111865	0.122
162.0	-41.9	0.145099	0.1163
166.5	-41.9	0.144884	0.1036
171.0	-41.9	0.117708	0.1559
175.5	-41.9	0.106694	0.1181
180.0	-41.9	0.115118	0.125
184.5	-41.9	0.108908	0.1369
189.0	-41.9	0.0786856	0.1335
193.5	-41.9	0.087584	0.1295
198.0	-41.9	0.054204	0.1946
202.5	-41.9	0.0582223	0.15
207.0	-41.9	0.0865214	0.1438
211.5	-41.9	0.077152	0.1563
216.0	-41.9	0.0628353	0.1507
220.5	-41.9	0.0812985	0.1542
225.0	-41.9	0.0609381	0.1548
229.5	-41.9	0.0645542	0.1464
234.0	-41.9	0.0537705	0.158
238.5	-41.9	0.0557571	0.1528
243.0	-41.9	0.0587349	0.1496
247.5	-41.9	0.0541744	0.1558
252.0	-41.9	0.0521464	0.1649
256.5	-41.9	0.0497588	0.1802
261.0	-41.9	0.04456	0.1728
265.5	-41.9	0.032545	0.1873
270.0	-41.9	0.0380377	0.1943
274.5	-41.9	0.0336527	0.172
279.0	-41.9	0.0321642	0.1695
283.5	-41.9	0.0400994	0.1949
288.0	-41.9	0.0328185	0.1945
292.5	-41.9	0.0320978	0.2
297.0	-41.9	0.033499	0.202
301.5	-41.9	0.0266746	0.2141
306.0	-41.9	0.0295678	0.236
310.5	-41.9	0.0192255	0.206
315.0	-41.9	0.0262227	0.218
319.5	-41.9	0.0260425	0.2106
324.0	-41.9	0.0209673	0.2721
328.5	-41.9	0.0134999	0.2929
333.0	-41.9	0.0149088	0.2901
337.5	-41.9	0.0154846	0.2807
342.0	-41.9	0.0148039	0.277
346.5	-41.9	0.0155857	0.2561
351.0	-41.9	0.0104377	0.26
355.5	-41.9	0.0169472	0.2495
360.0	-41.9	0.0161641	0.2521
364.5	-41.9	0.0133797	0.2974
369.0	-41.9	0.0137155	0.2585
373.5	-41.9	0.0124876	0.2698
378.0	-41.9	0.0112341	0.2947
382.5	-41.9	0.0105364	0.367
387.0	-41.9	0.00790651	0.34
391.5	-41.9	0.0103986	0.443
396.0	-41.9	0.00764825	0.5961
400.5	-41.9	0.00649461	0.5921
405.0	-41.9	0.0140198	0.5142
409.5	-41.9	0.00523006	0.5479
414.0	-41.9	0.00793137	0.4585
418.5	-41.9	0.00351695	0.4581
423.0	-41.9	0.0118556	0.5386
427.5	-41.9	0.00546466	0.5404
432.0	-41.9	0.0128148	0.4014
436.5	-41.9	0.00897965	0.5157
441.0	-41.9	0.00801628	0.6044
445.5	-41.9	0.0143332	0.4659
-450.0	-39.3333	0.000586401	0.3632
-445.5	-39.3333	0.000270681	0.3347
-441.0	-39.3333	0.000714439	0.225
-436.5	-39.3333	0.0027464	0.6599
-432.0	-39.3333	0.001061	0.5884
-427.5	-39.3333	0.000362565	0.3491
-423.0	-39.3333	0.000395532	0.3319
-418.5	-39.3333	0.000309337	0.3688
-414.0	-39.3333	0.000188459	0.4831
-409.5	-39.3333	0.000369591	0.3156
-405.0	-39.3333	0.000362167	0.3163
-400.5	-39.3333	0.000400322	0.3209
-396.0	-39.3333	0.000408379	0.302
-391.5	-39.3333	0.000329671	0.3568
-387.0	-39.3333	0.0015629	0.7062
-382.5	-39.3333	0.00158519	0.5515
-378.0	-39.3333	0.0021498	0.6125
-373.5	-39.3333	0.000779613	0.2247
-369.0	-39.3333	0.000825104	0.2159
-364.5	-39.3333	0.0010647	0.1876
-360.0	-39.3333	0.00146648	0.3372
-355.5	-39.3333	0.00206076	0.3396
-351.0	-39.3333	0.00715507	0.395
-346.5	-39.3333	0.00621469	0.7663
-342.0	-39.3333	0.00487137	0.4934
-337.5	-39.3333	0.00219238	0.2709
-333.0	-39.3333	0.0017548	0.1555
-328.5	-39.3333	0.00780865	0.4523
-324.0	-39.3333	0.00425601	0.4771
-319.5	-39.3333	0.00239996	0.1774
-315.0	-39.3333	0.00357877	0.2906
-310.5	-39.3333	0.00545858	0.6037
-306.0	-39.3333	0.00352048	0.2919
-301.5	-39.3333	0.00380628	0.3381
-297.0	-39.3333	0.00431384	0.4594
-292.5	-39.3333	0.00401145	0.3662
-288.0	-39.3333	0.00794072	0.6062
-283.5	-39.3333	0.00985079	0.3655
-279.0	-39.3333	0.00477123	0.2166
-274.5	-39.3333	0.00610234	0.3502
-270.0	-39.3333	0.00455597	0.1735
-265.5	-39.3333	0.00946798	0.331
-261.0	-39.3333	0.00745622	0.3187
-256.5	-39.3333	0.00711192	0.3014
-252.0	-39.3333	0.0139779	0.3527
-247.5	-39.3333	0.00631666	0.2331
-243.0	-39.3333	0.00927896	0.1967
-238.5	-39.3333	0.0124015	0.2912
-234.0	-39.3333	0.0136081	0.2781
-229.5	-39.3333	0.0188301	0.2161
-225.0	-39.3333	0.0158685	0.2317
-220.5	-39.3333	0.0112189	0.2948
-216.0	-39.3333	0.0124505	0.2505
-211.5	-39.3333	0.0189269	0.3125
-207.0	-39.3333	0.0159687	0.2504
-202.5	-39.3333	0.014585	0.2135
-198.0	-39.3333	0.0218282	0.2041
-193.5	-39.3333	0.0256655	0.1993
-189.0	-39.3333	0.0242454	0.2077
-184.5	-39.3333	0.0226724	0.2518
-180.0	-39.3333	0.0444789	0.2014
-175.5	-39.3333	0.035717	0.1912
-171.0	-39.3333	0.051964	0.1709
-166.5	-39.3333	0.0450587	0.1704
-162.0	-39.3333	0.0550529	0.1534
-157.5	-39.3333	0.0639727	0.1692
-153.0	-39.3333	0.0518886	0.1438
-148.5	-39.3333	0.0737229	0.1466
-144.0	-39.3333	0.0650991	0.1572
-139.5	-39.3333	0.0717397	0.1435
-135.0	-39.3333	0.0812757	0.1317
-130.5	-39.3333	0.0716228	0.1339
-126.0	-39.3333	0.0998943	0.1147
-121.5	-39.3333	0.117392	0.1243
-117.0	-39.3333	0.101778	0.1176
-112.5	-39.3333	0.110474	0.1438
-108.0	-39.3333	0.103073	0.1052
-103.5	-39.3333	0.155051	0.1355
-99.0	-39.3333	0.129763	0.1161
-94.5	-39.3333	0.134457	0.1096
-90.0	-39.3333	0.15953	0.1003
-85.5	-39.3333	0.15236	0.0934
-81.0	-39.3333	0.187704	0.0973
-76.5	-39.3333	0.177108	0.0974
-72.0	-39.3333	0.210358	0.0978
-67.5	-39.3333	0.19973	0.0939
-63.0	-39.3333	0.231382	0.0825
-58.5	-39.3333	0.256857	0.0802
-54.0	-39.3333	0.278005	0.0895
-49.5	-39.3333	0.247524	0.0867
-45.0	-39.3333	0.259896	0.0914
-40.5	-39.3333	0.306552	0.0921
-36.0	-39.3333	0.334103	0.081
-31.5	-39.3333	0.285665	0.1166
-27.0	-39.3333	0.267552	0.0811
-22.5	-39.3333	0.283255	0.0916
-18.0	-39.3333	0.345834	0.0939
-13.5	-39.3333	0.289332	0.1025
-9.0	-39.3333	0.314369	0.0933
-4.5	-39.3333	0.349605	0.0829
0.0	-39.3333	0.358425	0.0919
4.5	-39.3333	0.32046	0.0685
9.0	-39.3333	0.372287	0.0826
13.5	-39.3333	0.362289	0.0745
18.0	-39.3333	0.334557	0.0672
22.5	-39.3333	0.36893	0.0668
27.0	-39.3333	0.370321	0.0673
31.5	-39.3333	0.326341	0.0659
36.0	-39.3333	0.350522	0.0689
40.5	-39.3333	0.329601	0.0703
45.0	-39.3333	0.302521	0.0797
49.5	-39.3333	0.324503	0.0701
54.0	-39.3333	0.320546	0.071
58.5	-39.3333	0.288862	0.0715
63.0	-39.3333	0.285248	0.0752
67.5	-39.3333	0.271714	0.0763
72.0	-39.3333	0.300783	0.0744
76.5	-39.3333	0.308836	0.0842
81.0	-39.3333	0.269711	0.0729
85.5	-39.3333	0.250548	0.0795
90.0	-39.3333	0.273921	0.0778
94.5	-39.3333	0.261198	0.0821
99.0	-39.3333	0.224715	0.083
103.5	-39.3333	0.216066	0.0905
108.0	-39.3333	0.194687	0.0871
112.5	-39.3333	0.218564	0.0889
117.0	-39.3333	0.169772	0.0889
121.5	-39.3333	0.160405	0.0883
126.0	-39.3333	0.158729	0.0878
130.5	-39.3333	0.17158	0.0953
135.0	-39.3333	0.160483	0.098
139.5	-39.3333	0.13442	0.1077
144.0	-39.3333	0.142258	0.1059
148.5	-39.3333	0.125143	0.1007
153.0	-39.3333	0.142719	0.0971
157.5	-39.3333	0.126825	0.1074
162.0	-39.3333	0.0981174	0.1152
166.5	-39.3333	0.0970384	0.1173
171.0	-39.3333	0.0958622	0.1139
175.5	-39.3333	0.114399	0.1023
180.0	-39.3333	0.0929005	0.1213
184.5	-39.3333	0.0943538	0.1186
189.0	-39.3333	0.093123	0.1298
193.5	-39.3333	0.0939529	0.1205
198.0	-39.3333	0.0662731	0.1416
202.5	-39.3333	0.0759242	0.1363
207.0	-39.3333	0.0879089	0.1371
211.5	-39.3333	0.0639041	0.1425
216.0	-39.3333	0.0546262	0.1327
220.5	-39.3333	0.0676286	0.1449
225.0	-39.3333	0.0655591	0.1565
229.5	-39.3333	0.0626621	0.1683
234.0	-39.3333	0.0667824	0.175
238.5	-39.3333	0.0521503	0.1588
243.0	-39.3333	0.0394605	0.1529
247.5	-39.3333	0.0500975	0.1573
252.0	-39.3333	0.0540898	0.1825
256.5	-39.3333	0.0468779	0.1692
261.0	-39.3333	0.0392743	0.1881
265.5	-39.3333	0.0358016	0.2223
270.0	-39.3333	0.0321002	0.1924
274.5	-39.3333	0.0299329	0.1987
279.0	-39.3333	0.031253	0.185
283.5	-39.3333	0.0362133	0.1854
288.0	-39.3333	0.0302321	0.2078
292.5	-39.3333	0.0188066	0.203
297.0	-39.3333	0.0342435	0.1982
301.5	-39.3333	0.0199245	0.2429
306.0	-39.3333	0.0340463	0.2021
310.5	-39.3333	0.0341627	0.2085
315.0	-39.3333	0.0265249	0.2574
319.5	-39.3333	0.0270618	0.2291
324.0	-39.3333	0.0261361	0.234
328.5	-39.3333	0.026145	0.2595
333.0	-39.3333	0.0144267	0.2353
337.5	-39.3333	0.019359	0.2536
342.0	-39.3333	0.0151982	0.3252
346.5	-39.3333	0.0173373	0.2285
351.0	-39.3333	0.0138383	0.2806
355.5	-39.3333	0.0142385	0.3139
360.0	-39.3333	0.0159664	0.2871
364.5	-39.3333	0.0105471	0.3008
369.0	-39.3333	0.00758285	0.3114
373.5	-39.3333	0.0164516	0.2894
378.0	-39.3333	0.00908651	0.3412
382.5	-39.3333	0.00784018	0.3797
387.0	-39.3333	0.0148553	0.41
391.5	-39.3333	0.00829437	0.4783
396.0	-39.3333	0.00435114	0.5376
400.5	-39.3333	0.00350939	0.4511
405.0	-39.3333	0.00473376	0.4394
409.5	-39.3333	0.00230464	0.5127
414.0	-39.3333	0.00807878	0.4737
418.5	-39.3333	0.00918537	0.5626
423.0	-39.3333	0.0136787	0.4313
427.5	-39.3333	0.00930586	0.5578
432.0	-39.3333	0.00828467	0.4693
436.5	-39.3333	0.00218193	0.4098
441.0	-39.3333	0.00535241	0.444
445.5	-39.3333	0.00614196	0.5474
-450.0	-36.7667	0.000312623	0.2634
-445.5	-36.7667	0.000380067	0.2861
-441.0	-36.7667	0.0006596	0.2393
-436.5	-36.7667	0.000530215	0.2738
-432.0	-36.7667	0.0019193	0.6325
-427.5	-36.7667	0.00055909	0.2755
-423.0	-36.7667	0.0002466	0.357
-418.5	-36.7667	0.00031452	0.319
-414.0	-36.7667	0.00042118	0.3509
-409.5	-36.7667	0.000429053	0.3262
-405.0	-36.7667	0.00030851	0.3181
-400.5	-36.7667	0.000768046	0.3842
-396.0	-36.7667	0.000618636	0.2598
-391.5	-36.7667	0.00161419	0.5766
-387.0	-36.7667	0.00108472	0.3062
-382.5	-36.7667	0.000977653	0.249
-378.0	-36.7667	0.00130346	0.233
-373.5	-36.7667	0.00485842	0.7763
-369.0	-36.7667	0.00211267	0.477
-364.5	-36.7667	0.00135843	0.175
-360.0	-36.7667	0.00172378	0.1703
-355.5	-36.7667	0.00685504	0.6824
-351.0	-36.7667	0.00148216	0.2934
-346.5	-36.7667	0.0017418	0.1854
-342.0	-36.7667	0.00397616	0.633
-337.5	-36.7667	0.00795726	0.6148
-333.0	-36.7667	0.00401649	0.4108
-328.5	-36.7667	0.00497847	0.5047
-324.0	-36.7667	0.012661	0.4659
-319.5	-36.7667	0.00610203	0.5484
-315.0	-36.7667	0.00776708	0.4286
-310.5	-36.7667	0.00465619	0.4785
-306.0	-36.7667	0.00518781	0.3375
-301.5	-36.7667	0.00879939	0.4242
-297.0	-36.7667	0.0109101	0.4455
-292.5	-36.7667	0.00729335	0.5302
-288.0	-36.7667	0.007861	0.5095
-283.5	-36.7667	0.00964587	0.3041
-279.0	-36.7667	0.00655587	0.2597
-274.5	-36.7667	0.00636827	0.2578
-270.0	-36.7667	0.0117593	0.3894
-265.5	-36.7667	0.00981191	0.312
-261.0	-36.7667	0.00707812	0.2192
-256.5	-36.7667	0.00755048	0.294
-252.0	-36.7667	0.00974223	0.3293
-247.5	-36.7667	0.0112339	0.3985
-243.0	-36.7667	0.0118286	0.3576
-238.5	-36.7667	0.0236741	0.2929
-234.0	-36.7667	0.0177024	0.2368
-229.5	-36.7667	0.011428	0.2406
-225.0	-36.7667	0.0175004	0.2419
-220.5	-36.7667	0.0116146	0.214
-216.0	-36.7667	0.0187533	0.2301
-211.5	-36.7667	0.0121902	0.2435
-207.0	-36.7667	0.0190129	0.2102
-202.5	-36.7667	0.0329438	0.2152
-198.0	-36.7667	0.0248909	0.2328
-193.5	-36.7667	0.0323607	0.2055
-189.0	-36.7667	0.0221305	0.1832
-184.5	-36.7667	0.0269938	0.191
-180.0	-36.7667	0.0366976	0.1973
-175.5	-36.7667	0.0444151	0.1648
-171.0	-36.7667	0.0376952	0.1846
-166.5	-36.7667	0.0384164	0.2082
-162.0	-36.7667	0.0504034	0.1634
-157.5	-36.7667	0.0542913	0.1485
-153.0	-36.7667	0.0751843	0.1505
-148.5	-36.7667	0.0645965	0.159
-144.0	-36.7667	0.0739124	0.1387
-139.5	-36.7667	0.0821029	0.1345
-135.0	-36.7667	0.0758165	0.1252
-130.5	-36.7667	0.0812716	0.1288
-126.0	-36.7667	0.0823915	0.1345
-121.5	-36.7667	0.0908357	0.1255
-117.0	-36.7667	0.0711961	0.1244
-112.5	-36.7667	0.110684	0.1142
-108.0	-36.7667	0.110875	0.1157
-103.5	-36.7667	0.134844	0.1102
-99.0	-36.7667	0.131914	0.1175
-94.5	-36.7667	0.160504	0.1
-90.0	-36.7667	0.169661	0.1086
-85.5	-36.7667	0.185434	0.0977
-81.0	-36.7667	0.198745	0.0966
-76.5	-36.7667	0.20362	0.0843
-72.0	-36.7667	0.231144	0.0853
-67.5	-36.7667	0.205364	0.0891
-63.0	-36.7667	0.196752	0.0848
-58.5	-36.7667	0.248454	0.0892
-54.0	-36.7667	0.247031	0.0842
-49.5	-36.7667	0.282794	0.082
-45.0	-36.7667	0.272306	0.0809
-40.5	-36.7667	0.317543	0.0837
-36.0	-36.7667	0.299681	0.1071
-31.5	-36.7667	0.31857	0.107
-27.0	-36.7667	0.302409	0.0906
-22.5	-36.7667	0.338095	0.0894
-18.0	-36.7667	0.36957	0.1034
-13.5	-36.7667	0.532572	0.3552
-9.0	-36.7667	0.379	0.0902
-4.5	-36.7667	0.325856	0.078
0.0	-36.7667	0.396259	0.0767
4.5	-36.7667	0.320599	0.0867
9.0	-36.7667	0.30893	0.0711
13.5	-36.7667	0.353173	0.0761
18.0	-36.7667	0.364367	0.0786
22.5	-36.7667	0.343668	0.0781
27.0	-36.7667	0.322128	0.0736
31.5	-36.7667	0.331137	0.0691
36.0	-36.7667	0.35532	0.0773
40.5	-36.7667	0.378001	0.0683
45.0	-36.7667	0.332546	0.0758
49.5	-36.7667	0.329382	0.0676
54.0	-36.7667	0.31222	0.07
58.5	-36.7667	0.325077	0.0684
63.0	-36.7667	0.298504	0.0675
67.5	-36.7667	0.290623	0.0806
72.0	-36.7667	0.29759	0.0827
76.5	-36.7667	0.294836	0.0794
81.0	-36.7667	0.288182	0.0812
85.5	-36.7667	0.251682	0.0748
90.0	-36.7667	0.28867	0.0867
94.5	-36.7667	0.304651	0.0775
99.0	-36.7667	0.209859	0.0834
103.5	-36.7667	0.219077	0.088
108.0	-36.7667	0.20739	0.093
112.5	-36.7667	0.245054	0.0861
117.0	-36.7667	0.23503	0.083
121.5	-36.7667	0.200955	0.0853
126.0	-36.7667	0.168238	0.0993
130.5	-36.7667	0.179021	0.0866
135.0	-36.7667	0.176473	0.1047
139.5	-36.7667	0.166696	0.1011
144.0	-36.7667	0.149794	0.1001
148.5	-36.7667	0.114814	0.1142
153.0	-36.7667	0.123201	0.1076
157.5	-36.7667	0.131197	0.1065
162.0	-36.7667	0.141935	0.1012
166.5	-36.7667	0.11724	0.1726
171.0	-36.7667	0.101516	0.1118
175.5	-36.7667	0.0989825	0.1249
180.0	-36.7667	0.104242	0.1158
184.5	-36.7667	0.11074	0.1135
189.0	-36.7667	0.0725294	0.1286
193.5	-36.7667	0.0945545	0.1344
198.0	-36.7667	0.0836941	0.1507
202.5	-36.7667	0.0806667	0.1384
207.0	-36.7667	0.0763279	0.1273
211.5	-36.7667	0.0705962	0.1435
216.0	-36.7667	0.0713905	0.1397
220.5	-36.7667	0.0734882	0.1523
225.0	-36.7667	0.0647466	0.147
229.5	-36.7667	0.0708926	0.1457
234.0	-36.7667	0.0521967	0.1488
238.5	-36.7667	0.0570604	0.1779
243.0	-36.7667	0.0650025	0.1761
247.5	-36.7667	0.0572206	0.186
252.0	-36.7667	0.0439421	0.1831
256.5	-36.7667	0.0399622	0.1725
261.0	-36.7667	0.0408138	0.184
265.5	-36.7667	0.0381327	0.1809
270.0	-36.7667	0.033267	0.1822
274.5	-36.7667	0.0392933	0.2019
279.0	-36.7667	0.032128	0.1913
283.5	-36.7667	0.0433436	0.2008
288.0	-36.7667	0.0412523	0.1791
292.5	-36.7667	0.0311665	0.1939
297.0	-36.7667	0.0389835	0.1833
301.5	-36.7667	0.021417	0.2357
306.0	-36.7667	0.0229136	0.2459
310.5	-36.7667	0.0258463	0.2391
315.0	-36.7667	0.0189862	0.242
319.5	-36.7667	0.0227802	0.2356
324.0	-36.7667	0.0323064	0.1999
328.5	-36.7667	0.0164782	0.2341
333.0	-36.7667	0.0143908	0.219
337.5	-36.7667	0.0179638	0.2482
342.0	-36.7667	0.0225638	0.2517
346.5	-36.7667	0.0105396	0.23
351.0	-36.7667	0.0151972	0.2478
355.5	-36.7667	0.012978	0.2329
360.0	-36.7667	0.0246825	0.2393
364.5	-36.7667	0.0187462	0.3128
369.0	-36.7667	0.017225	0.2779
373.5	-36.7667	0.0184374	0.2739
378.0	-36.7667	0.0128179	0.3856
382.5	-36.7667	0.00708721	0.4116
387.0	-36.7667	0.0116327	0.3791
391.5	-36.7667	0.00320906	0.4518
396.0	-36.7667	0.00142724	0.488
400.5	-36.7667	0.00499705	0.4735
405.0	-36.7667	0.00707163	0.377
409.5	-36.7667	0.00502684	0.5243
414.0	-36.7667	0.00651912	0.5976
418.5	-36.7667	0.00517019	0.5613
423.0	-36.7667	0.00146965	0.421
427.5	-36.7667	0.00857294	0.4182
432.0	-36.7667	0.00356491	0.5576
436.5	-36.7667	0.000983048	0.217
441.0	-36.7667	0.00357941	0.363
445.5	-36.7667	0.00335929	0.6608
-450.0	-34.2	0.00186235	0.6612
-445.5	-34.2	0.000453071	0.2466
-441.0	-34.2	0.000670385	0.5568
-436.5	-34.2	0.00195521	0.6239
-432.0	-34.2	0.00162763	0.663
-427.5	-34.2	0.00102689	0.4733
-423.0	-34.2	0.00110269	0.4452
-418.5	-34.2	0.00116899	0.422
-414.0	-34.2	0.000498512	0.2772
-409.5	-34.2	0.000475048	0.3081
-405.0	-34.2	0.000341544	0.3422
-400.5	-34.2	0.000496609	0.2641
-396.0	-34.2	0.000516547	0.2566
-391.5	-34.2	0.000987515	0.2246
-387.0	-34.2	0.000622442	0.2676
-382.5	-34.2	0.00118815	0.3053
-378.0	-34.2	0.00108667	0.2184
-373.5	-34.2	0.000905969	0.2009
-369.0	-34.2	0.00361424	0.6415
-364.5	-34.2	0.00230066	0.4206
-360.0	-34.2	0.0017155	0.2386
-355.5	-34.2	0.00664751	0.6016
-351.0	-34.2	0.00912593	0.5248
-346.5	-34.2	0.00839138	0.6205
-342.0	-34.2	0.00899507	0.5906
-337.5	-34.2	0.00864116	0.6172
-333.0	-34.2	0.0066393	0.747
-328.5	-34.2	0.00289788	0.445
-324.0	-34.2	0.00395235	0.3517
-319.5	-34.2	0.00951681	0.4074
-315.0	-34.2	0.00603785	0.4907
-310.5	-34.2	0.00683018	0.488
-306.0	-34.2	0.00513174	0.4339
-301.5	-34.2	0.00277509	0.125
-297.0	-34.2	0.00673168	0.4279
-292.5	-34.2	0.0101414	0.4679
-288.0	-34.2	0.0053976	0.352
-283.5	-34.2	0.00816829	0.3442
-279.0	-34.2	0.00950967	0.4534
-274.5	-34.2	0.00603672	0.2554
-270.0	-34.2	0.00414757	0.1619
-265.5	-34.2	0.00669641	0.2583
-261.0	-34.2	0.00994451	0.3552
-256.5	-34.2	0.0123451	0.313
-252.0	-34.2	0.0101155	0.3266
-247.5	-34.2	0.01077	0.2719
-243.0	-34.2	0.0121314	0.2975
-238.5	-34.2	0.00943439	0.3267
-234.0	-34.2	0.0258215	0.2425
-229.5	-34.2	0.0137149	0.3876
-225.0	-34.2	0.0216366	0.2885
-220.5	-34.2	0.0177719	0.3362
-216.0	-34.2	0.0218974	0.2528
-211.5	-34.2	0.0223536	0.2367
-207.0	-34.2	0.0215128	0.2543
-202.5	-34.2	0.0386072	0.2173
-198.0	-34.2	0.0298905	0.23
-193.5	-34.2	0.0286457	0.1964
-189.0	-34.2	0.0372515	0.1955
-184.5	-34.2	0.0282589	0.1768
-180.0	-34.2	0.0357051	0.2342
-175.5	-34.2	0.04477	0.182
-171.0	-34.2	0.0704259	0.1599
-166.5	-34.2	0.0444078	0.1771
-162.0	-34.2	0.0483295	0.1701
-157.5	-34.2	0.0521997	0.1499
-153.0	-34.2	0.0581586	0.1535
-148.5	-34.2	0.0690427	0.1395
-144.0	-34.2	0.0742692	0.141
-139.5	-34.2	0.0783052	0.1408
-135.0	-34.2	0.091444	0.1465
-130.5	-34.2	0.0801306	0.1285
-126.0	-34.2	0.0830723	0.1179
-121.5	-34.2	0.0974865	0.1165
-117.0	-34.2	0.117509	0.1156
-112.5	-34.2	0.125146	0.1154
-108.0	-34.2	0.1105	0.1142
-103.5	-34.2	0.135888	0.1039
-99.0	-34.2	0.145473	0.099
-94.5	-34.2	0.147912	0.1038
-90.0	-34.2	0.135498	0.0995
-85.5	-34.2	0.172681	0.0969
-81.0	-34.2	0.187201	0.0949
-76.5	-34.2	0.189588	0.0925
-72.0	-34.2	0.237681	0.0813
-67.5	-34.2	0.231968	0.0852
-63.0	-34.2	0.250496	0.083
-58.5	-34.2	0.262744	0.0881
-54.0	-34.2	0.246437	0.0896
-49.5	-34.2	0.29858	0.0762
-45.0	-34.2	0.324217	0.0819
-40.5	-34.2	0.317111	0.0893
-36.0	-34.2	0.257453	0.0801
-31.5	-34.2	0.304917	0.078
-27.0	-34.2	0.32458	0.1075
-22.5	-34.2	0.306633	0.0853
-18.0	-34.2	0.404253	0.0798
-13.5	-34.2	0.334433	0.0675
-9.0	-34.2	0.329256	0.0827
-4.5	-34.2	0.356527	0.0845
0.0	-34.2	0.379082	0.082
4.5	-34.2	0.34483	0.0824
9.0	-34.2	0.345556	0.0727
13.5	-34.2	0.353516	0.0747
18.0	-34.2	0.353007	0.066
22.5	-34.2	0.326312	0.0775
27.0	-34.2	0.36427	0.0714
31.5	-34.2	0.349664	0.0671
36.0	-34.2	0.407872	0.0686
40.5	-34.2	0.37274	0.0643
45.0	-34.2	0.359172	0.0684
49.5	-34.2	0.367794	0.0721
54.0	-34.2	0.29798	0.0707
58.5	-34.2	0.289548	0.074
63.0	-34.2	0.345775	0.0696
67.5	-34.2	0.308999	0.0781
72.0	-34.2	0.316165	0.068
76.5	-34.2	0.297991	0.0809
81.0	-34.2	0.249396	0.0758
85.5	-34.2	0.286426	0.083
90.0	-34.2	0.268586	0.0801
94.5	-34.2	0.28446	0.0818
99.0	-34.2	0.244834	0.0869
103.5	-34.2	0.270053	0.0788
108.0	-34.2	0.244856	0.0822
112.5	-34.2	0.2505	0.0839
117.0	-34.2	0.199375	0.0827
121.5	-34.2	0.205499	0.0912
126.0	-34.2	0.189103	0.0841
130.5	-34.2	0.184529	0.0936
135.0	-34.2	0.20631	0.0978
139.5	-34.2	0.131217	0.0957
144.0	-34.2	0.154643	0.0974
148.5	-34.2	0.14089	0.1225
153.0	-34.2	0.114474	0.1052
157.5	-34.2	0.123322	0.1143
162.0	-34.2	0.157596	0.1017
166.5	-34.2	0.103314	0.1305
171.0	-34.2	0.122167	0.1101
175.5	-34.2	0.116691	0.1101
180.0	-34.2	0.105829	0.1143
184.5	-34.2	0.0858907	0.1278
189.0	-34.2	0.0967839	0.1273
193.5	-34.2	0.0949117	0.125
198.0	-34.2	0.0792711	0.1353
202.5	-34.2	0.0684013	0.1351
207.0	-34.2	0.0796618	0.1324
211.5	-34.2	0.0684479	0.1364
216.0	-34.2	0.0655738	0.1528
220.5	-34.2	0.0653992	0.1426
225.0	-34.2	0.0671472	0.1432
229.5	-34.2	0.0614369	0.1388
234.0	-34.2	0.0528016	0.1621
238.5	-34.2	0.0430704	0.1802
243.0	-34.2	0.0538235	0.1712
247.5	-34.2	0.0696723	0.1625
252.0	-34.2	0.058658	0.1618
256.5	-34.2	0.0460028	0.1654
261.0	-34.2	0.0307389	0.1701
265.5	-34.2	0.0427643	0.1801
270.0	-34.2	0.0508503	0.1623
274.5	-34.2	0.0432148	0.1741
279.0	-34.2	0.0259885	0.1907
283.5	-34.2	0.0425275	0.1761
288.0	-34.2	0.0365647	0.1958
292.5	-34.2	0.0392279	0.1932
297.0	-34.2	0.03365	0.2164
301.5	-34.2	0.0383655	0.2023
306.0	-34.2	0.0433166	0.1833
310.5	-34.2	0.0231105	0.2205
315.0	-34.2	0.0196243	0.226
319.5	-34.2	0.0284807	0.2374
324.0	-34.2	0.0329435	0.216
328.5	-34.2	0.0194771	0.2267
333.0	-34.2	0.0225909	0.2394
337.5	-34.2	0.0178937	0.3085
342.0	-34.2	0.0199744	0.2999
346.5	-34.2	0.0317076	0.2431
351.0	-34.2	0.0200885	0.2561
355.5	-34.2	0.021318	0.2725
360.0	-34.2	0.0196694	0.2926
364.5	-34.2	0.0132813	0.2959
369.0	-34.2	0.0183512	0.3072
373.5	-34.2	0.0114106	0.3806
378.0	-34.2	0.00911346	0.3933
382.5	-34.2	0.0100743	0.3871
387.0	-34.2	0.00567842	0.3948
391.5	-34.2	0.00603092	0.4028
396.0	-34.2	0.00408274	0.4838
400.5	-34.2	0.010875	0.453
405.0	-34.2	0.00586666	0.4713
409.5	-34.2	0.0131654	0.3929
414.0	-34.2	0.0136598	0.4632
418.5	-34.2	0.00353337	0.5935
423.0	-34.2	0.00386263	0.5237
427.5	-34.2	0.00407925	0.4388
432.0	-34.2	0.0046376	0.4438
436.5	-34.2	0.00530429	0.588
441.0	-34.2	0.00147567	0.3819
445.5	-34.2	0.00552069	0.527
-450.0	-31.6333	0.000723504	0.3417
-445.5	-31.6333	0.000508073	0.2703
-441.0	-31.6333	0.000394057	0.2835
-436.5	-31.6333	0.000278494	0.2976
-432.0	-31.6333	0.000423599	0.3268
-427.5	-31.6333	0.000399608	0.3229
-423.0	-31.6333	0.000220565	0.3179
-418.5	-31.6333	0.00213626	0.7691
-414.0	-31.6333	0.000763826	0.5309
-409.5	-31.6333	0.00104064	0.3292
-405.0	-31.6333	0.000472237	0.2937
-400.5	-31.6333	0.00047589	0.3333
-396.0	-31.6333	0.000904141	0.229
-391.5	-31.6333	0.000585141	0.2672
-387.0	-31.6333	0.000621984	0.2682
-382.5	-31.6333	0.00109892	0.3323
-378.0	-31.6333	0.00318367	0.6305
-373.5	-31.6333	0.000994706	0.2015
-369.0	-31.6333	0.00136919	0.1964
-364.5	-31.6333	0.00141307	0.1743
-360.0	-31.6333	0.00193806	0.3309
-355.5	-31.6333	0.00115871	0.177
-351.0	-31.6333	0.00225416	0.2712
-346.5	-31.6333	0.00172976	0.1759
-342.0	-31.6333	0.00267645	0.265
-337.5	-31.6333	0.0106832	0.5465
-333.0	-31.6333	0.0094561	0.4035
-328.5	-31.6333	0.00197098	0.1492
-324.0	-31.6333	0.00227964	0.147
-319.5	-31.6333	0.00457258	0.4917
-315.0	-31.6333	0.00208514	0.149
-310.5	-31.6333	0.00369645	0.4701
-306.0	-31.6333	0.00310155	0.3571
-301.5	-31.6333	0.00966392	0.3988
-297.0	-31.6333	0.00827218	0.4223
-292.5	-31.6333	0.00541257	0.3254
-288.0	-31.6333	0.0124054	0.3479
-283.5	-31.6333	0.00932973	0.3045
-279.0	-31.6333	0.00715713	0.3262
-274.5	-31.6333	0.00594063	0.204
-270.0	-31.6333	0.00478008	0.215
-265.5	-31.6333	0.00685153	0.268
-261.0	-31.6333	0.0104093	0.264
-256.5	-31.6333	0.00825707	0.2632
-252.0	-31.6333	0.0107293	0.3409
-247.5	-31.6333	0.00938825	0.2572
-243.0	-31.6333	0.00979827	0.2737
-238.5	-31.6333	0.0105014	0.3072
-234.0	-31.6333	0.0119185	0.2591
-229.5	-31.6333	0.0156451	0.2815
-225.0	-31.6333	0.0143634	0.2843
-220.5	-31.6333	0.0145274	0.2603
-216.0	-31.6333	0.01265	0.2291
-211.5	-31.6333	0.0237084	0.2748
-207.0	-31.6333	0.0281213	0.2345
-202.5	-31.6333	0.0242247	0.2013
-198.0	-31.6333	0.0279881	0.1933
-193.5	-31.6333	0.0287996	0.1977
-189.0	-31.6333	0.0321822	0.2193
-184.5	-31.6333	0.0249207	0.1879
-180.0	-31.6333	0.0402179	0.1771
-175.5	-31.6333	0.0444657	0.1748
-171.0	-31.6333	0.0400604	0.1579
-166.5	-31.6333	0.0521967	0.1759
-162.0	-31.6333	0.0508579	0.1599
-157.5	-31.6333	0.0433865	0.1457
-153.0	-31.6333	0.055774	0.1741
-148.5	-31.6333	0.045128	0.14
-144.0	-31.6333	0.0672072	0.148
-139.5	-31.6333	0.0692747	0.1301
-135.0	-31.6333	0.0780939	0.135
-130.5	-31.6333	0.0922115	0.1207
-126.0	-31.6333	0.0959761	0.1231
-121.5	-31.6333	0.118715	0.122
-117.0	-31.6333	0.110039	0.1076
-112.5	-31.6333	0.107493	0.1082
-108.0	-31.6333	0.11044	0.1042
-103.5	-31.6333	0.14694	0.0962
-99.0	-31.6333	0.139231	0.0999
-94.5	-31.6333	0.131616	0.1018
-90.0	-31.6333	0.188576	0.0937
-85.5	-31.6333	0.187445	0.09
-81.0	-31.6333	0.171912	0.0964
-76.5	-31.6333	0.191643	0.0934
-72.0	-31.6333	0.212711	0.0891
-67.5	-31.6333	0.227693	0.0925
-63.0	-31.6333	0.225701	0.0787
-58.5	-31.6333	0.205265	0.0828
-54.0	-31.6333	0.257939	0.0857
-49.5	-31.6333	0.253936	0.0849
-45.0	-31.6333	0.269744	0.0764
-40.5	-31.6333	0.294266	0.0836
-36.0	-31.6333	0.301117	0.0914
-31.5	-31.6333	0.337514	0.0779
-27.0	-31.6333	0.318107	0.1014
-22.5	-31.6333	0.349557	0.0915
-18.0	-31.6333	0.374546	0.0873
-13.5	-31.6333	0.359373	0.0746
-9.0	-31.6333	0.380407	0.0728
-4.5	-31.6333	0.382226	0.0822
0.0	-31.6333	0.355171	0.0726
4.5	-31.6333	0.386396	0.0692
9.0	-31.6333	0.364813	0.0716
13.5	-31.6333	0.382145	0.0961
18.0	-31.6333	0.371737	0.0748
22.5	-31.6333	0.340485	0.0695
27.0	-31.6333	0.360734	0.0705
31.5	-31.6333	0.340312	0.0709
36.0	-31.6333	0.364527	0.0663
40.5	-31.6333	0.34531	0.073
45.0	-31.6333	0.315193	0.0751
49.5	-31.6333	0.327763	0.0668
54.0	-31.6333	0.330706	0.068
58.5	-31.6333	0.317121	0.0692
63.0	-31.6333	0.29676	0.072
67.5	-31.6333	0.301802	0.0739
72.0	-31.6333	0.325605	0.0757
76.5	-31.6333	0.312417	0.0691
81.0	-31.6333	0.257738	0.0819
85.5	-31.6333	0.268851	0.0733
90.0	-31.6333	0.316521	0.0724
94.5	-31.6333	0.260628	0.0779
99.0	-31.6333	0.288589	0.0814
103.5	-31.6333	0.226506	0.0835
108.0	-31.6333	0.264689	0.0839
112.5	-31.6333	0.26053	0.0783
117.0	-31.6333	0.205307	0.0875
121.5	-31.6333	0.249373	0.0862
126.0	-31.6333	0.201626	0.0854
130.5	-31.6333	0.215643	0.0816
135.0	-31.6333	0.21615	0.0878
139.5	-31.6333	0.136047	0.1075
144.0	-31.6333	0.152444	0.0916
148.5	-31.6333	0.155558	0.0959
153.0	-31.6333	0.150542	0.0938
157.5	-31.6333	0.141012	0.1005
162.0	-31.6333	0.144588	0.1076
166.5	-31.6333	0.105146	0.1094
171.0	-31.6333	0.127996	0.1143
175.5	-31.6333	0.121492	0.1126
180.0	-31.6333	0.110354	0.1065
184.5	-31.6333	0.0992531	0.1246
189.0	-31.6333	0.0958016	0.1167
193.5	-31.6333	0.0989105	0.1186
198.0	-31.6333	0.0760547	0.1294
202.5	-31.6333	0.0963347	0.1345
207.0	-31.6333	0.0786813	0.1387
211.5	-31.6333	0.0750817	0.146
216.0	-31.6333	0.0756587	0.1309
220.5	-31.6333	0.0841925	0.1377
225.0	-31.6333	0.0634025	0.1352
229.5	-31.6333	0.0709688	0.1424
234.0	-31.6333	0.0475855	0.1454
238.5	-31.6333	0.0518744	0.161
243.0	-31.6333	0.0633485	0.1514
247.5	-31.6333	0.0324993	0.1508
252.0	-31.6333	0.0428675	0.1686
256.5	-31.6333	0.0515913	0.1603
261.0	-31.6333	0.0395837	0.1861
265.5	-31.6333	0.0455117	0.1639
270.0	-31.6333	0.043548	0.1655
274.5	-31.6333	0.0317589	0.185
279.0	-31.6333	0.0330664	0.2202
283.5	-31.6333	0.0330488	0.2061
288.0	-31.6333	0.0276389	0.183
292.5	-31.6333	0.0365046	0.1806
297.0	-31.6333	0.0420563	0.1684
301.5	-31.6333	0.0338035	0.2264
306.0	-31.6333	0.0365347	0.2061
310.5	-31.6333	0.0380432	0.182
315.0	-31.6333	0.0247604	0.2113
319.5	-31.6333	0.0307445	0.2174
324.0	-31.6333	0.0195012	0.2054
328.5	-31.6333	0.018179	0.2468
333.0	-31.6333	0.0171015	0.2126
337.5	-31.6333	0.0291655	0.2205
342.0	-31.6333	0.018536	0.2222
346.5	-31.6333	0.0150319	0.2354
351.0	-31.6333	0.0174758	0.2675
355.5	-31.6333	0.0217049	0.2795
360.0	-31.6333	0.0156906	0.2569
364.5	-31.6333	0.0131525	0.3022
369.0	-31.6333	0.0142622	0.307
373.5	-31.6333	0.0167101	0.3483
378.0	-31.6333	0.0104226	0.3571
382.5	-31.6333	0.00951204	0.3771
387.0	-31.6333	0.00418445	0.3502
391.5	-31.6333	0.00656256	0.4662
396.0	-31.6333	0.00325831	0.4786
400.5	-31.6333	0.00208015	0.3935
405.0	-31.6333	0.00793445	0.4479
409.5	-31.6333	0.00740602	0.5516
414.0	-31.6333	0.00441673	0.4175
418.5	-31.6333	0.00170411	0.2879
423.0	-31.6333	0.00706948	0.5229
427.5	-31.6333	0.00805234	0.5251
432.0	-31.6333	0.00205825	0.4944
436.5	-31.6333	0.00610465	0.5781
441.0	-31.6333	0.00794957	0.4226
445.5	-31.6333	0.00463336	0.5619
-450.0	-29.0667	0.00297738	0.6903
-445.5	-29.0667	0.00064624	0.4688
-441.0	-29.0667	0.000942988	0.5071
-436.5	-29.0667	0.00037233	0.2931
-432.0	-29.0667	0.000854742	0.5025
-427.5	-29.0667	0.000360342	0.3091
-423.0	-29.0667	0.000453346	0.2926
-418.5	-29.0667	0.00071835	0.2576
-414.0	-29.0667	0.000646322	0.3746
-409.5	-29.0667	0.000571882	0.2592
-405.0	-29.0667	0.000682731	0.256
-400.5	-29.0667	0.000845449	0.4713
-396.0	-29.0667	0.00532971	0.8957
-391.5	-29.0667	0.00343585	0.6571
-387.0	-29.0667	0.00400717	0.813
-382.5	-29.0667	0.00390123	0.8345
-378.0	-29.0667	0.00475333	0.6954
-373.5	-29.0667	0.00666058	0.5421
-369.0	-29.0667	0.00468587	0.696
-364.5	-29.0667	0.00724228	0.6103
-360.0	-29.0667	0.00371924	0.3676
-355.5	-29.0667	0.00165847	0.1813
-351.0	-29.0667	0.00404404	0.5326
-346.5	-29.0667	0.0025347	0.3781
-342.0	-29.0667	0.00134881	0.182
-337.5	-29.0667	0.00294622	0.2953
-333.0	-29.0667	0.00616664	0.4623
-328.5	-29.0667	0.00510926	0.6018
-324.0	-29.0667	0.00365526	0.4547
-319.5	-29.0667	0.00278199	0.2735
-315.0	-29.0667	0.0026746	0.2353
-310.5	-29.0667	0.00241461	0.1343
-306.0	-29.0667	0.00295106	0.261
-301.5	-29.0667	0.0036067	0.2145
-297.0	-29.0667	0.00658911	0.3419
-292.5	-29.0667	0.00603609	0.3253
-288.0	-29.0667	0.0105431	0.3075
-283.5	-29.0667	0.00666994	0.27
-279.0	-29.0667	0.00717705	0.2988
-274.5	-29.0667	0.00844323	0.267
-270.0	-29.0667	0.00779348	0.2275
-265.5	-29.0667	0.015226	0.4108
-261.0	-29.0667	0.011431	0.3192
-256.5	-29.0667	0.0115628	0.2792
-252.0	-29.0667	0.0116504	0.3009
-247.5	-29.0667	0.00843578	0.3509
-243.0	-29.0667	0.00805397	0.2409
-238.5	-29.0667	0.0142122	0.2626
-234.0	-29.0667	0.0138145	0.2676
-229.5	-29.0667	0.0127561	0.2167
-225.0	-29.0667	0.0144322	0.2438
-220.5	-29.0667	0.0218181	0.2454
-216.0	-29.0667	0.0186009	0.2482
-211.5	-29.0667	0.0206573	0.2979
-207.0	-29.0667	0.0204909	0.257
-202.5	-29.0667	0.0175841	0.2313
-198.0	-29.0667	0.0292364	0.2354
-193.5	-29.0667	0.0230938	0.2002
-189.0	-29.0667	0.0388163	0.2179
-184.5	-29.0667	0.0368189	0.2023
-180.0	-29.0667	0.0284565	0.1787
-175.5	-29.0667	0.0380621	0.1938
-171.0	-29.0667	0.059887	0.1508
-166.5	-29.0667	0.0490076	0.1646
-162.0	-29.0667	0.0565974	0.1478
-157.5	-29.0667	0.0630893	0.1398
-153.0	-29.0667	0.0427708	0.1396
-148.5	-29.0667	0.0643496	0.1489
-144.0	-29.0667	0.0639621	0.1342
-139.5	-29.0667	0.0740454	0.1234
-135.0	-29.0667	0.0841952	0.1304
-130.5	-29.0667	0.0741467	0.1214
-126.0	-29.0667	0.0953711	0.1152
-121.5	-29.0667	0.0893766	0.121
-117.0	-29.0667	0.0964557	0.1052
-112.5	-29.0667	0.134905	0.1017
-108.0	-29.0667	0.107245	0.1228
-103.5	-29.0667	0.132947	0.1068
-99.0	-29.0667	0.146381	0.0954
-94.5	-29.0667	0.14793	0.095
-90.0	-29.0667	0.186858	0.0911
-85.5	-29.0667	0.21911	0.0962
-81.0	-29.0667	0.183876	0.0861
-76.5	-29.0667	0.195397	0.0871
-72.0	-29.0667	0.212254	0.0922
-67.5	-29.0667	0.207759	0.0865
-63.0	-29.0667	0.275436	0.1075
-58.5	-29.0667	0.226644	0.0851
-54.0	-29.0667	0.238347	0.0809
-49.5	-29.0667	0.284077	0.0878
-45.0	-29.0667	0.313902	0.0833
-40.5	-29.0667	0.327113	0.069
-36.0	-29.0667	0.303763	0.0785
-31.5	-29.0667	0.35137	0.0776
-27.0	-29.0667	0.323663	0.0822
-22.5	-29.0667	0.321245	0.0739
-18.0	-29.0667	0.343783	0.0734
-13.5	-29.0667	0.402854	0.0947
-9.0	-29.0667	0.343241	0.0809
-4.5	-29.0667	0.370433	0.0783
0.0	-29.0667	0.367461	0.0752
4.5	-29.0667	0.378203	0.0727
9.0	-29.0667	0.418755	0.071
13.5	-29.0667	0.364518	0.0707
18.0	-29.0667	0.384016	0.0688
22.5	-29.0667	0.360976	0.0698
27.0	-29.0667	0.429219	0.0741
31.5	-29.0667	0.384295	0.0683
36.0	-29.0667	0.374289	0.0657
40.5	-29.0667	0.343154	0.0644
45.0	-29.0667	0.350852	0.0653
49.5	-29.0667	0.350685	0.0655
54.0	-29.0667	0.324613	0.0672
58.5	-29.0667	0.323858	0.0689
63.0	-29.0667	0.363998	0.0741
67.5	-29.0667	0.314325	0.0689
72.0	-29.0667	0.315953	0.0674
76.5	-29.0667	0.329352	0.0691
81.0	-29.0667	0.261002	0.0762
85.5	-29.0667	0.263803	0.0762
90.0	-29.0667	0.280477	0.0699
94.5	-29.0667	0.268687	0.0778
99.0	-29.0667	0.240772	0.081
103.5	-29.0667	0.239678	0.0812
108.0	-29.0667	0.242945	0.0748
112.5	-29.0667	0.206982	0.0775
117.0	-29.0667	0.189864	0.0855
121.5	-29.0667	0.212788	0.0901
126.0	-29.0667	0.215119	0.0884
130.5	-29.0667	0.21959	0.082
135.0	-29.0667	0.185232	0.092
139.5	-29.0667	0.156199	0.0926
144.0	-29.0667	0.163145	0.0929
148.5	-29.0667	0.161628	0.1007
153.0	-29.0667	0.171108	0.101
157.5	-29.0667	0.159437	0.0957
162.0	-29.0667	0.13476	0.099
166.5	-29.0667	0.122254	0.1078
171.0	-29.0667	0.13335	0.1235
175.5	-29.0667	0.107606	0.1056
180.0	-29.0667	0.112792	0.1141
184.5	-29.0667	0.0858683	0.1205
189.0	-29.0667	0.0955883	0.1219
193.5	-29.0667	0.0904755	0.1494
198.0	-29.0667	0.086792	0.1451
202.5	-29.0667	0.067206	0.1377
207.0	-29.0667	0.0711712	0.1396
211.5	-29.0667	0.0559899	0.147
216.0	-29.0667	0.0712422	0.1359
220.5	-29.0667	0.074888	0.1386
225.0	-29.0667	0.075036	0.1518
229.5	-29.0667	0.0500404	0.1579
234.0	-29.0667	0.0685671	0.1681
238.5	-29.0667	0.0586214	0.147
243.0	-29.0667	0.0566109	0.1684
247.5	-29.0667	0.054439	0.1633
252.0	-29.0667	0.0426817	0.1663
256.5	-29.0667	0.0431785	0.1665
261.0	-29.0667	0.046817	0.1635
265.5	-29.0667	0.0486707	0.2071
270.0	-29.0667	0.0471392	0.1765
274.5	-29.0667	0.0374562	0.1701
279.0	-29.0667	0.0389296	0.219
283.5	-29.0667	0.0318147	0.1865
288.0	-29.0667	0.0295608	0.1836
292.5	-29.0667	0.04003	0.1657
297.0	-29.0667	0.0376806	0.1854
301.5	-29.0667	0.0298181	0.2125
306.0	-29.0667	0.0270468	0.2498
310.5	-29.0667	0.0428998	0.2159
315.0	-29.0667	0.0291419	0.2222
319.5	-29.0667	0.0247943	0.2123
324.0	-29.0667	0.0264753	0.2207
328.5	-29.0667	0.0366382	0.2216
333.0	-29.0667	0.0261028	0.2891
337.5	-29.0667	0.0264683	0.2277
342.0	-29.0667	0.0163386	0.2645
346.5	-29.0667	0.0226753	0.2558
351.0	-29.0667	0.0221287	0.3316
355.5	-29.0667	0.0193724	0.3358
360.0	-29.0667	0.0191436	0.2859
364.5	-29.0667	0.0202263	0.2724
369.0	-29.0667	0.014091	0.3025
373.5	-29.0667	0.0182426	0.2622
378.0	-29.0667	0.00553678	0.4119
382.5	-29.0667	0.0106337	0.3539
387.0	-29.0667	0.00910434	0.4023
391.5	-29.0667	0.00707237	0.4303
396.0	-29.0667	0.00314626	0.3379
400.5	-29.0667	0.00503408	0.3958
405.0	-29.0667	0.00852265	0.4276
409.5	-29.0667	0.0156326	0.3835
414.0	-29.0667	0.00817012	0.3983
418.5	-29.0667	0.00616194	0.4261
423.0	-29.0667	0.00664971	0.5212
427.5	-29.0667	0.00745259	0.4213
432.0	-29.0667	0.00133587	0.2435
436.5	-29.0667	0.00271512	0.6173
441.0	-29.0667	0.00301582	0.4048
445.5	-29.0667	0.00718195	0.4226
-450.0	-26.5	0.00173938	0.6438
-445.5	-26.5	0.0019965	0.7661
-441.0	-26.5	0.00144766	0.5108
-436.5	-26.5	0.00048997	0.2525
-432.0	-26.5	0.000360422	0.3174
-427.5	-26.5	0.000344712	0.3245
-423.0	-26.5	0.00221304	0.8498
-418.5	-26.5	0.000233681	0.3207
-414.0	-26.5	0.000961386	0.296
-409.5	-26.5	0.000565315	0.3366
-405.0	-26.5	0.000507584	0.2676
-400.5	-26.5	0.000554293	0.3808
-396.0	-26.5	0.00116307	0.5785
-391.5	-26.5	0.00423783	0.9074
-387.0	-26.5	0.00538714	0.8863
-382.5	-26.5	0.00629779	0.773
-378.0	-26.5	0.00660589	0.7395
-373.5	-26.5	0.00387958	0.5401
-369.0	-26.5	0.00177527	0.2113
-364.5	-26.5	0.00119355	0.1875
-360.0	-26.5	0.00385251	0.5803
-355.5	-26.5	0.00559044	0.5337
-351.0	-26.5	0.00366624	0.3028
-346.5	-26.5	0.00242912	0.3545
-342.0	-26.5	0.00315038	0.4712
-337.5	-26.5	0.00174647	0.1959
-333.0	-26.5	0.00306777	0.2225
-328.5	-26.5	0.00296249	0.2963
-324.0	-26.5	0.00601163	0.5327
-319.5	-26.5	0.00247719	0.1545
-315.0	-26.5	0.00281429	0.1365
-310.5	-26.5	0.00257624	0.2324
-306.0	-26.5	0.0028831	0.1485
-301.5	-26.5	0.00283252	0.1217
-297.0	-26.5	0.00485004	0.4144
-292.5	-26.5	0.00854176	0.4478
-288.0	-26.5	0.00411127	0.1713
-283.5	-26.5	0.00780213	0.3173
-279.0	-26.5	0.0127517	0.2991
-274.5	-26.5	0.00786397	0.4527
-270.0	-26.5	0.0142095	0.3357
-265.5	-26.5	0.0116413	0.3514
-261.0	-26.5	0.0123049	0.3517
-256.5	-26.5	0.0129027	0.3507
-252.0	-26.5	0.0104235	0.4128
-247.5	-26.5	0.0107155	0.3138
-243.0	-26.5	0.00830762	0.2867
-238.5	-26.5	0.025547	0.2747
-234.0	-26.5	0.0145391	0.2952
-229.5	-26.5	0.027062	0.2524
-225.0	-26.5	0.0149257	0.2267
-220.5	-26.5	0.00940539	0.184
-216.0	-26.5	0.017637	0.2496
-211.5	-26.5	0.026951	0.2314
-207.0	-26.5	0.0170331	0.2705
-202.5	-26.5	0.0214453	0.2147
-198.0	-26.5	0.0173697	0.2151
-193.5	-26.5	0.0241291	0.2373
-189.0	-26.5	0.0319724	0.2015
-184.5	-26.5	0.0490971	0.1817
-180.0	-26.5	0.0285546	0.1962
-175.5	-26.5	0.0361457	0.1807
-171.0	-26.5	0.0379577	0.1896
-166.5	-26.5	0.056814	0.1611
-162.0	-26.5	0.0767831	0.1551
-157.5	-26.5	0.0720592	0.1358
-153.0	-26.5	0.0621487	0.1484
-148.5	-26.5	0.0754469	0.1479
-144.0	-26.5	0.0816158	0.1454
-139.5	-26.5	0.0612889	0.1451
-135.0	-26.5	0.0794424	0.141
-130.5	-26.5	0.0884667	0.1252
-126.0	-26.5	0.0954352	0.1468
-121.5	-26.5	0.100034	0.1239
-117.0	-26.5	0.124562	0.1123
-112.5	-26.5	0.121615	0.1054
-108.0	-26.5	0.155425	0.1016
-103.5	-26.5	0.152082	0.1031
-99.0	-26.5	0.175463	0.0931
-94.5	-26.5	0.160946	0.1044
-90.0	-26.5	0.18134	0.0894
-85.5	-26.5	0.16883	0.0968
-81.0	-26.5	0.18895	0.0941
-76.5	-26.5	0.216623	0.0838
-72.0	-26.5	0.203127	0.081
-67.5	-26.5	0.217502	0.0823
-63.0	-26.5	0.252324	0.0901
-58.5	-26.5	0.270734	0.0869
-54.0	-26.5	0.282552	0.0796
-49.5	-26.5	0.302381	0.0752
-45.0	-26.5	0.302632	0.0829
-40.5	-26.5	0.343743	0.0901
-36.0	-26.5	0.287101	0.085
-31.5	-26.5	0.318096	0.0742
-27.0	-26.5	0.349948	0.0906
-22.5	-26.5	0.410952	0.0796
-18.0	-26.5	0.348353	0.0867
-13.5	-26.5	0.408695	0.0768
-9.0	-26.5	0.428993	0.0863
-4.5	-26.5	0.401735	0.0783
0.0	-26.5	0.388021	0.0735
4.5	-26.5	0.404657	0.0772
9.0	-26.5	0.399257	0.0708
13.5	-26.5	0.434898	0.0684
18.0	-26.5	0.390469	0.0642
22.5	-26.5	0.380241	0.0678
27.0	-26.5	0.344051	0.0653
31.5	-26.5	0.426211	0.0714
36.0	-26.5	0.326629	0.0695
40.5	-26.5	0.371367	0.0641
45.0	-26.5	0.337929	0.0722
49.5	-26.5	0.360581	0.0663
54.0	-26.5	0.346487	0.0669
58.5	-26.5	0.325225	0.0699
63.0	-26.5	0.336495	0.0802
67.5	-26.5	0.324147	0.0719
72.0	-26.5	0.335455	0.0759
76.5	-26.5	0.343267	0.0706
81.0	-26.5	0.269409	0.0775
85.5	-26.5	0.270453	0.074
90.0	-26.5	0.28303	0.0743
94.5	-26.5	0.289238	0.0744
99.0	-26.5	0.23617	0.0759
103.5	-26.5	0.284972	0.0881
108.0	-26.5	0.257867	0.0746
112.5	-26.5	0.214591	0.0804
117.0	-26.5	0.245962	0.0871
121.5	-26.5	0.190158	0.0855
126.0	-26.5	0.187533	0.1059
130.5	-26.5	0.206024	0.0896
135.0	-26.5	0.175105	0.09
139.5	-26.5	0.16855	0.1013
144.0	-26.5	0.160356	0.1018
148.5	-26.5	0.15281	0.1105
153.0	-26.5	0.152632	0.0922
157.5	-26.5	0.140697	0.0948
162.0	-26.5	0.127938	0.1061
166.5	-26.5	0.149978	0.0967
171.0	-26.5	0.134616	0.123
175.5	-26.5	0.114378	0.109
180.0	-26.5	0.115065	0.1158
184.5	-26.5	0.0913189	0.1261
189.0	-26.5	0.0979371	0.1359
193.5	-26.5	0.104291	0.1486
198.0	-26.5	0.0897787	0.1199
202.5	-26.5	0.0874036	0.1296
207.0	-26.5	0.0702668	0.1452
211.5	-26.5	0.0689106	0.1456
216.0	-26.5	0.0660477	0.1439
220.5	-26.5	0.0789402	0.1344
225.0	-26.5	0.0689744	0.1409
229.5	-26.5	0.0626316	0.1468
234.0	-26.5	0.0594945	0.155
238.5	-26.5	0.0533434	0.1463
243.0	-26.5	0.0523339	0.1504
247.5	-26.5	0.0572715	0.1515
252.0	-26.5	0.0527916	0.1523
256.5	-26.5	0.0480496	0.1681
261.0	-26.5	0.0890041	0.1447
265.5	-26.5	0.0544473	0.173
270.0	-26.5	0.0587073	0.2346
274.5	-26.5	0.0397805	0.1574
279.0	-26.5	0.0348551	0.1777
283.5	-26.5	0.0360659	0.1925
288.0	-26.5	0.0375122	0.2006
292.5	-26.5	0.0318157	0.194
297.0	-26.5	0.0505835	0.1886
301.5	-26.5	0.0356407	0.234
306.0	-26.5	0.0409175	0.2248
310.5	-26.5	0.0284617	0.2251
315.0	-26.5	0.0253322	0.2211
319.5	-26.5	0.0240259	0.2247
324.0	-26.5	0.0292163	0.2042
328.5	-26.5	0.0272908	0.2032
333.0	-26.5	0.021392	0.2327
337.5	-26.5	0.0144092	0.2505
342.0	-26.5	0.0302827	0.1984
346.5	-26.5	0.0192638	0.2404
351.0	-26.5	0.0120321	0.3217
355.5	-26.5	0.0163921	0.3275
360.0	-26.5	0.0166839	0.3301
364.5	-26.5	0.0154162	0.2993
369.0	-26.5	0.0100094	0.2485
373.5	-26.5	0.0168267	0.275
378.0	-26.5	0.00956498	0.353
382.5	-26.5	0.0038107	0.2928
387.0	-26.5	0.00818308	0.3763
391.5	-26.5	0.00627425	0.4448
396.0	-26.5	0.0102672	0.4447
400.5	-26.5	0.0108445	0.3671
405.0	-26.5	0.00741749	0.552
409.5	-26.5	0.00382203	0.4813
414.0	-26.5	0.00401777	0.6266
418.5	-26.5	0.0049737	0.4355
423.0	-26.5	0.00376205	0.4713
427.5	-26.5	0.01437	0.4287
432.0	-26.5	0.00315628	0.5406
436.5	-26.5	0.00885849	0.5374
441.0	-26.5	0.00839367	0.4899
445.5	-26.5	0.00314611	0.3926
-450.0	-23.9333	0.00217611	0.5566
-445.5	-23.9333	0.00111564	0.3137
-441.0	-23.9333	0.00086274	0.2466
-436.5	-23.9333	0.00087753	0.2664
-432.0	-23.9333	0.00302319	0.7522
-427.5	-23.9333	0.00263421	0.8163
-423.0	-23.9333	0.00045512	0.3573
-418.5	-23.9333	0.000492768	0.285
-414.0	-23.9333	0.000439304	0.4478
-409.5	-23.9333	0.00145201	0.7904
-405.0	-23.9333	0.000282025	0.4041
-400.5	-23.9333	0.00498269	0.9442
-396.0	-23.9333	0.00339789	0.7164
-391.5	-23.9333	0.00129221	0.2761
-387.0	-23.9333	0.00234504	0.5342
-382.5	-23.9333	0.00192993	0.4389
-378.0	-23.9333	0.000936536	0.2012
-373.5	-23.9333	0.00606187	0.7052
-369.0	-23.9333	0.00639813	0.7502
-364.5	-23.9333	0.00750183	0.6627
-360.0	-23.9333	0.0021013	0.4574
-355.5	-23.9333	0.00262654	0.5235
-351.0	-23.9333	0.00212764	0.1801
-346.5	-23.9333	0.00174769	0.1428
-342.0	-23.9333	0.00190137	0.1592
-337.5	-23.9333	0.00236159	0.1566
-333.0	-23.9333	0.00438322	0.3827
-328.5	-23.9333	0.00525011	0.4792
-324.0	-23.9333	0.00324042	0.257
-319.5	-23.9333	0.0059874	0.3692
-315.0	-23.9333	0.00703255	0.4549
-310.5	-23.9333	0.00311791	0.2343
-306.0	-23.9333	0.008667	0.355
-301.5	-23.9333	0.0039168	0.2611
-297.0	-23.9333	0.00671427	0.3452
-292.5	-23.9333	0.00742198	0.3872
-288.0	-23.9333	0.00569217	0.2817
-283.5	-23.9333	0.00806996	0.2647
-279.0	-23.9333	0.00830951	0.3495
-274.5	-23.9333	0.010737	0.357
-270.0	-23.9333	0.00722872	0.3642
-265.5	-23.9333	0.0069186	0.2918
-261.0	-23.9333	0.00783292	0.2685
-256.5	-23.9333	0.0107027	0.3089
-252.0	-23.9333	0.0166289	0.3629
-247.5	-23.9333	0.0144724	0.3246
-243.0	-23.9333	0.00859158	0.2699
-238.5	-23.9333	0.0105048	0.2595
-234.0	-23.9333	0.0116628	0.2334
-229.5	-23.9333	0.0108397	0.2489
-225.0	-23.9333	0.0204112	0.2874
-220.5	-23.9333	0.0111547	0.3436
-216.0	-23.9333	0.0194362	0.2753
-211.5	-23.9333	0.0249249	0.2555
-207.0	-23.9333	0.0155039	0.2017
-202.5	-23.9333	0.021961	0.1901
-198.0	-23.9333	0.0360244	0.1847
-193.5	-23.9333	0.0461527	0.2174
-189.0	-23.9333	0.0526006	0.1859
-184.5	-23.9333	0.0376637	0.1991
-180.0	-23.9333	0.0428385	0.2002
-175.5	-23.9333	0.0306125	0.1818
-171.0	-23.9333	0.0585798	0.1587
-166.5	-23.9333	0.0773136	0.1591
-162.0	-23.9333	0.0487523	0.1585
-157.5	-23.9333	0.0686411	0.144
-153.0	-23.9333	0.0754259	0.1612
-148.5	-23.9333	0.0662263	0.1396
-144.0	-23.9333	0.0904268	0.1424
-139.5	-23.9333	0.0604422	0.1314
-135.0	-23.9333	0.0714343	0.15
-130.5	-23.9333	0.103666	0.1156
-126.0	-23.9333	0.0996284	0.1122
-121.5	-23.9333	0.115125	0.1116
-117.0	-23.9333	0.0958197	0.1109
-112.5	-23.9333	0.121996	0.1028
-108.0	-23.9333	0.144184	0.1016
-103.5	-23.9333	0.157002	0.0994
-99.0	-23.9333	0.131749	0.0986
-94.5	-23.9333	0.153797	0.0874
-90.0	-23.9333	0.182472	0.0995
-85.5	-23.9333	0.212824	0.0865
-81.0	-23.9333	0.224687	0.1073
-76.5	-23.9333	0.251568	0.0888
-72.0	-23.9333	0.22844	0.0934
-67.5	-23.9333	0.239676	0.0875
-63.0	-23.9333	0.286411	0.0764
-58.5	-23.9333	0.236554	0.0793
-54.0	-23.9333	0.29642	0.0768
-49.5	-23.9333	0.337925	0.0812
-45.0	-23.9333	0.35719	0.076
-40.5	-23.9333	0.34992	0.0993
-36.0	-23.9333	0.326344	0.0894
-31.5	-23.9333	0.349115	0.0873
-27.0	-23.9333	0.349062	0.0878
-22.5	-23.9333	0.349358	0.0704
-18.0	-23.9333	0.350857	0.0724
-13.5	-23.9333	0.381201	0.0787
-9.0	-23.9333	0.403085	0.0821
-4.5	-23.9333	0.395268	0.0765
0.0	-23.9333	0.456728	0.0766
4.5	-23.9333	0.398987	0.0753
9.0	-23.9333	0.426853	0.0648
13.5	-23.9333	0.396809	0.0669
18.0	-23.9333	0.417974	0.0669
22.5	-23.9333	0.425863	0.0983
27.0	-23.9333	0.403715	0.0626
31.5	-23.9333	0.40182	0.0663
36.0	-23.9333	0.345653	0.067
40.5	-23.9333	0.390329	0.0629
45.0	-23.9333	0.386987	0.0638
49.5	-23.9333	0.342334	0.0636
54.0	-23.9333	0.359285	0.0699
58.5	-23.9333	0.368429	0.0676
63.0	-23.9333	0.341679	0.0659
67.5	-23.9333	0.341626	0.0823
72.0	-23.9333	0.342028	0.0711
76.5	-23.9333	0.304548	0.0665
81.0	-23.9333	0.260416	0.0751
85.5	-23.9333	0.294716	0.0704
90.0	-23.9333	0.282923	0.0859
94.5	-23.9333	0.313737	0.0748
99.0	-23.9333	0.265876	0.0734
103.5	-23.9333	0.2513	0.0763
108.0	-23.9333	0.262577	0.0768
112.5	-23.9333	0.199956	0.0794
117.0	-23.9333	0.209031	0.0832
121.5	-23.9333	0.225284	0.0824
126.0	-23.9333	0.245408	0.0791
130.5	-23.9333	0.184002	0.0911
135.0	-23.9333	0.177773	0.0903
139.5	-23.9333	0.150006	0.0944
144.0	-23.9333	0.160571	0.11
148.5	-23.9333	0.149692	0.1065
153.0	-23.9333	0.183445	0.0976
157.5	-23.9333	0.14191	0.0982
162.0	-23.9333	0.148232	0.1058
166.5	-23.9333	0.152199	0.1038
171.0	-23.9333	0.119998	0.1095
175.5	-23.9333	0.102078	0.1098
180.0	-23.9333	0.113251	0.1179
184.5	-23.9333	0.120921	0.1181
189.0	-23.9333	0.101297	0.124
193.5	-23.9333	0.100596	0.1232
198.0	-23.9333	0.101731	0.1496
202.5	-23.9333	0.103333	0.1286
207.0	-23.9333	0.0888339	0.1251
211.5	-23.9333	0.076317	0.1322
216.0	-23.9333	0.0689141	0.1167
220.5	-23.9333	0.0747441	0.1341
225.0	-23.9333	0.0541387	0.1284
229.5	-23.9333	0.0807666	0.128
234.0	-23.9333	0.0697579	0.1609
238.5	-23.9333	0.0549559	0.1572
243.0	-23.9333	0.0642889	0.1516
247.5	-23.9333	0.0553845	0.1541
252.0	-23.9333	0.045278	0.1874
256.5	-23.9333	0.0499181	0.1901
261.0	-23.9333	0.039822	0.1614
265.5	-23.9333	0.0499816	0.1886
270.0	-23.9333	0.0432509	0.1857
274.5	-23.9333	0.0411548	0.184
279.0	-23.9333	0.0608362	0.1742
283.5	-23.9333	0.0452388	0.1752
288.0	-23.9333	0.0413103	0.2347
292.5	-23.9333	0.0438776	0.1734
297.0	-23.9333	0.037229	0.1966
301.5	-23.9333	0.025803	0.1946
306.0	-23.9333	0.0313042	0.1919
310.5	-23.9333	0.0445615	0.1925
315.0	-23.9333	0.0458131	0.2024
319.5	-23.9333	0.0367523	0.2159
324.0	-23.9333	0.0191077	0.2555
328.5	-23.9333	0.0282184	0.2421
333.0	-23.9333	0.0268915	0.2089
337.5	-23.9333	0.017646	0.2616
342.0	-23.9333	0.0155461	0.2328
346.5	-23.9333	0.0109777	0.3244
351.0	-23.9333	0.012952	0.2723
355.5	-23.9333	0.0268866	0.2414
360.0	-23.9333	0.0120559	0.2936
364.5	-23.9333	0.0179395	0.2661
369.0	-23.9333	0.0168093	0.2904
373.5	-23.9333	0.00889508	0.3001
378.0	-23.9333	0.00737511	0.2983
382.5	-23.9333	0.00619228	0.3042
387.0	-23.9333	0.0072465	0.3498
391.5	-23.9333	0.00996271	0.3776
396.0	-23.9333	0.0106138	0.4736
400.5	-23.9333	0.00666951	0.47
405.0	-23.9333	0.0129984	0.401
409.5	-23.9333	0.0112941	0.6486
414.0	-23.9333	0.00447174	0.5371
418.5	-23.9333	0.0034994	0.3934
423.0	-23.9333	0.00392532	0.4163
427.5	-23.9333	0.0111493	0.4118
432.0	-23.9333	0.0104436	0.3892
436.5	-23.9333	0.00621228	0.4964
441.0	-23.9333	0.0050034	0.4621
445.5	-23.9333	0.00995417	0.527
-450.0	-21.3667	0.000473016	0.2403
-445.5	-21.3667	0.00210109	0.758
-441.0	-21.3667	0.000568019	0.2441
-436.5	-21.3667	0.000406756	0.2819
-432.0	-21.3667	0.000292583	0.3602
-427.5	-21.3667	0.0014654	0.6278
-423.0	-21.3667	0.00418549	0.7516
-418.5	-21.3667	0.00117952	0.7157
-414.0	-21.3667	0.000365463	0.3062
-409.5	-21.3667	0.000850535	0.5478
-405.0	-21.3667	0.000327615	0.3247
-400.5	-21.3667	0.000374379	0.3651
-396.0	-21.3667	0.000565284	0.3048
-391.5	-21.3667	0.00185532	0.664
-387.0	-21.3667	0.00301929	0.707
-382.5	-21.3667	0.00254776	0.463
-378.0	-21.3667	0.00180418	0.5023
-373.5	-21.3667	0.00192115	0.4757
-369.0	-21.3667	0.00296534	0.4069
-364.5	-21.3667	0.00438748	0.5191
-360.0	-21.3667	0.00120805	0.195
-355.5	-21.3667	0.00144159	0.1709
-351.0	-21.3667	0.00237675	0.4296
-346.5	-21.3667	0.00193165	0.2178
-342.0	-21.3667	0.0054381	0.6326
-337.5	-21.3667	0.0026514	0.2353
-333.0	-21.3667	0.00470158	0.3184
-328.5	-21.3667	0.00892677	0.416
-324.0	-21.3667	0.00639136	0.4944
-319.5	-21.3667	0.0105891	0.3905
-315.0	-21.3667	0.00291948	0.2529
-310.5	-21.3667	0.00482708	0.3027
-306.0	-21.3667	0.00433279	0.3408
-301.5	-21.3667	0.00676606	0.3975
-297.0	-21.3667	0.00738143	0.3222
-292.5	-21.3667	0.010309	0.3692
-288.0	-21.3667	0.00650665	0.3161
-283.5	-21.3667	0.00816825	0.4107
-279.0	-21.3667	0.0139654	0.3562
-274.5	-21.3667	0.00820556	0.3057
-270.0	-21.3667	0.00717903	0.4058
-265.5	-21.3667	0.005689	0.2621
-261.0	-21.3667	0.0118145	0.3714
-256.5	-21.3667	0.010974	0.2834
-252.0	-21.3667	0.0102311	0.2583
-247.5	-21.3667	0.0088433	0.2887
-243.0	-21.3667	0.0115872	0.2662
-238.5	-21.3667	0.0129597	0.3145
-234.0	-21.3667	0.0139292	0.3387
-229.5	-21.3667	0.0180143	0.2505
-225.0	-21.3667	0.0131952	0.2072
-220.5	-21.3667	0.0190779	0.2176
-216.0	-21.3667	0.0205471	0.2125
-211.5	-21.3667	0.0209931	0.256
-207.0	-21.3667	0.0313028	0.2112
-202.5	-21.3667	0.0224155	0.1705
-198.0	-21.3667	0.0258757	0.2296
-193.5	-21.3667	0.0254906	0.2164
-189.0	-21.3667	0.0254015	0.1996
-184.5	-21.3667	0.0262313	0.2032
-180.0	-21.3667	0.0286423	0.1818
-175.5	-21.3667	0.0370533	0.1996
-171.0	-21.3667	0.0561051	0.1608
-166.5	-21.3667	0.0378499	0.1501
-162.0	-21.3667	0.0319674	0.1666
-157.5	-21.3667	0.0471439	0.1441
-153.0	-21.3667	0.0704394	0.1633
-148.5	-21.3667	0.0756101	0.1376
-144.0	-21.3667	0.0883151	0.1253
-139.5	-21.3667	0.0909346	0.1183
-135.0	-21.3667	0.0942655	0.1396
-130.5	-21.3667	0.100974	0.126
-126.0	-21.3667	0.0895763	0.1213
-121.5	-21.3667	0.126756	0.1187
-117.0	-21.3667	0.143877	0.1079
-112.5	-21.3667	0.11845	0.1142
-108.0	-21.3667	0.147832	0.0949
-103.5	-21.3667	0.147262	0.0955
-99.0	-21.3667	0.171528	0.0957
-94.5	-21.3667	0.187846	0.0887
-90.0	-21.3667	0.17368	0.0921
-85.5	-21.3667	0.190251	0.0899
-81.0	-21.3667	0.225711	0.0844
-76.5	-21.3667	0.209035	0.0853
-72.0	-21.3667	0.228953	0.0934
-67.5	-21.3667	0.195172	0.0812
-63.0	-21.3667	0.234649	0.0955
-58.5	-21.3667	0.233629	0.0778
-54.0	-21.3667	0.285799	0.0876
-49.5	-21.3667	0.285547	0.0737
-45.0	-21.3667	0.30971	0.0826
-40.5	-21.3667	0.325825	0.0784
-36.0	-21.3667	0.316965	0.073
-31.5	-21.3667	0.354197	0.0714
-27.0	-21.3667	0.381612	0.0729
-22.5	-21.3667	0.380011	0.0813
-18.0	-21.3667	0.420677	0.0793
-13.5	-21.3667	0.380667	0.0674
-9.0	-21.3667	0.424259	0.0758
-4.5	-21.3667	0.405808	0.082
0.0	-21.3667	0.414225	0.0762
4.5	-21.3667	0.393435	0.0783
9.0	-21.3667	0.467053	0.0799
13.5	-21.3667	0.386248	0.0656
18.0	-21.3667	0.398967	0.0731
22.5	-21.3667	0.398173	0.067
27.0	-21.3667	0.367992	0.0631
31.5	-21.3667	0.392939	0.0631
36.0	-21.3667	0.428192	0.0757
40.5	-21.3667	0.382541	0.0658
45.0	-21.3667	0.341602	0.0634
49.5	-21.3667	0.400524	0.0638
54.0	-21.3667	0.385464	0.0623
58.5	-21.3667	0.357589	0.0695
63.0	-21.3667	0.344909	0.0649
67.5	-21.3667	0.322522	0.0697
72.0	-21.3667	0.368584	0.0671
76.5	-21.3667	0.318051	0.0686
81.0	-21.3667	0.303502	0.0738
85.5	-21.3667	0.301797	0.0755
90.0	-21.3667	0.305344	0.0738
94.5	-21.3667	0.289494	0.0726
99.0	-21.3667	0.280468	0.0724
103.5	-21.3667	0.268735	0.0774
108.0	-21.3667	0.247224	0.078
112.5	-21.3667	0.259231	0.081
117.0	-21.3667	0.18676	0.0854
121.5	-21.3667	0.221667	0.0827
126.0	-21.3667	0.191399	0.1057
130.5	-21.3667	0.177714	0.0877
135.0	-21.3667	0.176379	0.098
139.5	-21.3667	0.199952	0.102
144.0	-21.3667	0.175439	0.0906
148.5	-21.3667	0.1514	0.0948
153.0	-21.3667	0.151084	0.0898
157.5	-21.3667	0.144209	0.1009
162.0	-21.3667	0.121782	0.1092
166.5	-21.3667	0.143321	0.1051
171.0	-21.3667	0.119368	0.1042
175.5	-21.3667	0.124208	0.1064
180.0	-21.3667	0.129765	0.1103
184.5	-21.3667	0.118493	0.1113
189.0	-21.3667	0.102172	0.1273
193.5	-21.3667	0.117558	0.1146
198.0	-21.3667	0.0840444	0.1345
202.5	-21.3667	0.0686396	0.146
207.0	-21.3667	0.0827323	0.1188
211.5	-21.3667	0.0873584	0.1197
216.0	-21.3667	0.0884219	0.1383
220.5	-21.3667	0.0837019	0.1295
225.0	-21.3667	0.0588925	0.1347
229.5	-21.3667	0.0797086	0.1415
234.0	-21.3667	0.0492063	0.1348
238.5	-21.3667	0.0719986	0.1728
243.0	-21.3667	0.0607308	0.1573
247.5	-21.3667	0.0647761	0.1427
252.0	-21.3667	0.0624788	0.1567
256.5	-21.3667	0.0479312	0.1486
261.0	-21.3667	0.05989	0.1831
265.5	-21.3667	0.0557581	0.1597
270.0	-21.3667	0.0466893	0.1676
274.5	-21.3667	0.0420352	0.181
279.0	-21.3667	0.0479857	0.1527
283.5	-21.3667	0.0414568	0.1911
288.0	-21.3667	0.0308848	0.1745
292.5	-21.3667	0.0432953	0.1707
297.0	-21.3667	0.0299293	0.1935
301.5	-21.3667	0.0253496	0.2213
306.0	-21.3667	0.0228676	0.2109
310.5	-21.3667	0.0388308	0.1805
315.0	-21.3667	0.0399766	0.2004
319.5	-21.3667	0.0286961	0.2334
324.0	-21.3667	0.0234552	0.2177
328.5	-21.3667	0.0196384	0.2346
333.0	-21.3667	0.0252406	0.2373
337.5	-21.3667	0.0163477	0.2258
342.0	-21.3667	0.0307616	0.2102
346.5	-21.3667	0.0132064	0.2561
351.0	-21.3667	0.0210671	0.2285
355.5	-21.3667	0.0140545	0.2553
360.0	-21.3667	0.0212707	0.2528
364.5	-21.3667	0.0210238	0.2677
369.0	-21.3667	0.0102312	0.3238
373.5	-21.3667	0.0177393	0.3051
378.0	-21.3667	0.0162813	0.3532
382.5	-21.3667	0.0136298	0.3401
387.0	-21.3667	0.0167741	0.3697
391.5	-21.3667	0.0194467	0.3476
396.0	-21.3667	0.00264938	0.4004
400.5	-21.3667	0.0045573	0.3987
405.0	-21.3667	0.00746171	0.3917
409.5	-21.3667	0.00897371	0.423
414.0	-21.3667	0.012798	0.4575
418.5	-21.3667	0.0139189	0.4036
423.0	-21.3667	0.00585895	0.5879
427.5	-21.3667	0.00777232	0.4864
432.0	-21.3667	0.009005	0.425
436.5	-21.3667	0.00622307	0.4591
441.0	-21.3667	0.00806701	0.3784
445.5	-21.3667	0.0035974	0.5953
-450.0	-18.8	0.000507003	0.2367
-445.5	-18.8	0.00029271	0.2889
-441.0	-18.8	0.000413207	0.2934
-436.5	-18.8	0.000398935	0.2768
-432.0	-18.8	0.000126694	0.3739
-427.5	-18.8	0.000288261	0.3154
-423.0	-18.8	0.000253128	0.3502
-418.5	-18.8	0.00264551	0.8375
-414.0	-18.8	0.00281491	0.9155
-409.5	-18.8	0.000443071	0.3597
-405.0	-18.8	0.00139815	0.6245
-400.5	-18.8	0.00638104	0.9309
-396.0	-18.8	0.000380245	0.3158
-391.5	-18.8	0.000672811	0.2349
-387.0	-18.8	0.00339701	0.6916
-382.5	-18.8	0.00100669	0.3444
-378.0	-18.8	0.0011001	0.2183
-373.5	-18.8	0.00109176	0.1793
-369.0	-18.8	0.00441979	0.5769
-364.5	-18.8	0.00299394	0.4109
-360.0	-18.8	0.00253199	0.4492
-355.5	-18.8	0.00158046	0.157
-351.0	-18.8	0.00218163	0.3735
-346.5	-18.8	0.0134458	0.4087
-342.0	-18.8	0.00399331	0.6662
-337.5	-18.8	0.00427327	0.3749
-333.0	-18.8	0.00444506	0.3637
-328.5	-18.8	0.00494042	0.4107
-324.0	-18.8	0.00708251	0.5368
-319.5	-18.8	0.00943561	0.4408
-315.0	-18.8	0.0168844	0.3401
-310.5	-18.8	0.00644037	0.4865
-306.0	-18.8	0.00869153	0.3125
-301.5	-18.8	0.0041043	0.247
-297.0	-18.8	0.00433664	0.181
-292.5	-18.8	0.00469566	0.2497
-288.0	-18.8	0.00774109	0.3087
-283.5	-18.8	0.00879054	0.3655
-279.0	-18.8	0.00792407	0.2798
-274.5	-18.8	0.00958664	0.2617
-270.0	-18.8	0.00834518	0.2681
-265.5	-18.8	0.0106678	0.4108
-261.0	-18.8	0.008366	0.294
-256.5	-18.8	0.0134654	0.2882
-252.0	-18.8	0.00833789	0.2259
-247.5	-18.8	0.0121275	0.3136
-243.0	-18.8	0.0107078	0.2546
-238.5	-18.8	0.0135201	0.3081
-234.0	-18.8	0.0212928	0.2594
-229.5	-18.8	0.0147845	0.3175
-225.0	-18.8	0.0172466	0.2589
-220.5	-18.8	0.0155716	0.2292
-216.0	-18.8	0.025349	0.2572
-211.5	-18.8	0.029954	0.2521
-207.0	-18.8	0.0264698	0.2024
-202.5	-18.8	0.0266426	0.2051
-198.0	-18.8	0.0272867	0.2218
-193.5	-18.8	0.0332899	0.237
-189.0	-18.8	0.0352446	0.1879
-184.5	-18.8	0.0438718	0.1894
-180.0	-18.8	0.0394925	0.1957
-175.5	-18.8	0.0482228	0.1639
-171.0	-18.8	0.0460465	0.1775
-166.5	-18.8	0.0472188	0.1636
-162.0	-18.8	0.0478658	0.1516
-157.5	-18.8	0.0624244	0.1529
-153.0	-18.8	0.0712519	0.1394
-148.5	-18.8	0.0556386	0.1452
-144.0	-18.8	0.0769026	0.1338
-139.5	-18.8	0.0688309	0.1291
-135.0	-18.8	0.0895539	0.1217
-130.5	-18.8	0.111816	0.1205
-126.0	-18.8	0.0942611	0.1264
-121.5	-18.8	0.113122	0.1236
-117.0	-18.8	0.125191	0.1112
-112.5	-18.8	0.147852	0.1002
-108.0	-18.8	0.160014	0.0977
-103.5	-18.8	0.131302	0.1075
-99.0	-18.8	0.141688	0.0921
-94.5	-18.8	0.165477	0.0948
-90.0	-18.8	0.168493	0.0882
-85.5	-18.8	0.176039	0.0837
-81.0	-18.8	0.212866	0.1167
-76.5	-18.8	0.202369	0.0822
-72.0	-18.8	0.223868	0.0899
-67.5	-18.8	0.256953	0.0789
-63.0	-18.8	0.285868	0.079
-58.5	-18.8	0.274986	0.0777
-54.0	-18.8	0.291525	0.0793
-49.5	-18.8	0.343596	0.0785
-45.0	-18.8	0.325243	0.0764
-40.5	-18.8	0.365784	0.0785
-36.0	-18.8	0.322068	0.0696
-31.5	-18.8	0.349406	0.0702
-27.0	-18.8	0.364974	0.0741
-22.5	-18.8	0.342598	0.0784
-18.0	-18.8	0.382272	0.0784
-13.5	-18.8	0.375266	0.0816
-9.0	-18.8	0.390007	0.0715
-4.5	-18.8	0.42298	0.0946
0.0	-18.8	0.445629	0.088
4.5	-18.8	0.395762	0.0748
9.0	-18.8	0.447571	0.0728
13.5	-18.8	0.467718	0.0671
18.0	-18.8	0.448105	0.0686
22.5	-18.8	0.430117	0.062
27.0	-18.8	0.418078	0.0851
31.5	-18.8	0.430785	0.0727
36.0	-18.8	0.390769	0.0648
40.5	-18.8	0.351053	0.0649
45.0	-18.8	0.409356	0.073
49.5	-18.8	0.368258	0.0642
54.0	-18.8	0.337815	0.0651
58.5	-18.8	0.388035	0.0648
63.0	-18.8	0.306981	0.0684
67.5	-18.8	0.354722	0.0715
72.0	-18.8	0.302945	0.0672
76.5	-18.8	0.325862	0.0686
81.0	-18.8	0.328772	0.0707
85.5	-18.8	0.280417	0.0729
90.0	-18.8	0.310693	0.0728
94.5	-18.8	0.261683	0.0718
99.0	-18.8	0.292015	0.0721
103.5	-18.8	0.237212	0.0764
108.0	-18.8	0.241303	0.0798
112.5	-18.8	0.221141	0.081
117.0	-18.8	0.234787	0.087
121.5	-18.8	0.217153	0.0773
126.0	-18.8	0.226507	0.0913
130.5	-18.8	0.211741	0.0834
135.0	-18.8	0.190874	0.0879
139.5	-18.8	0.206206	0.091
144.0	-18.8	0.161622	0.094
148.5	-18.8	0.168758	0.099
153.0	-18.8	0.14892	0.1004
157.5	-18.8	0.170626	0.0949
162.0	-18.8	0.146485	0.1024
166.5	-18.8	0.139973	0.103
171.0	-18.8	0.128316	0.1109
175.5	-18.8	0.111011	0.1105
180.0	-18.8	0.112181	0.1103
184.5	-18.8	0.0878271	0.1187
189.0	-18.8	0.0996834	0.1163
193.5	-18.8	0.122338	0.1126
198.0	-18.8	0.0898939	0.122
202.5	-18.8	0.0758147	0.1309
207.0	-18.8	0.0836909	0.1192
211.5	-18.8	0.0791831	0.1365
216.0	-18.8	0.079023	0.1262
220.5	-18.8	0.101451	0.1233
225.0	-18.8	0.0705103	0.1466
229.5	-18.8	0.0734852	0.1284
234.0	-18.8	0.0733026	0.1431
238.5	-18.8	0.0777482	0.1543
243.0	-18.8	0.0598012	0.1567
247.5	-18.8	0.076293	0.1353
252.0	-18.8	0.0531462	0.1634
256.5	-18.8	0.051479	0.1402
261.0	-18.8	0.0563234	0.1648
265.5	-18.8	0.0533163	0.1377
270.0	-18.8	0.0506498	0.1692
274.5	-18.8	0.0558451	0.1811
279.0	-18.8	0.036967	0.1745
283.5	-18.8	0.0266733	0.2254
288.0	-18.8	0.027689	0.2072
292.5	-18.8	0.0320265	0.188
297.0	-18.8	0.0379547	0.2289
301.5	-18.8	0.0342448	0.1685
306.0	-18.8	0.0342855	0.1725
310.5	-18.8	0.0399541	0.1747
315.0	-18.8	0.0304496	0.1983
319.5	-18.8	0.02933	0.214
324.0	-18.8	0.0185453	0.2091
328.5	-18.8	0.0218212	0.2285
333.0	-18.8	0.0163701	0.2245
337.5	-18.8	0.0218066	0.2069
342.0	-18.8	0.0432637	0.2176
346.5	-18.8	0.0103539	0.2128
351.0	-18.8	0.0142454	0.2202
355.5	-18.8	0.0144018	0.2876
360.0	-18.8	0.0237629	0.2521
364.5	-18.8	0.0237676	0.2524
369.0	-18.8	0.0133098	0.3336
373.5	-18.8	0.0173979	0.3002
378.0	-18.8	0.015822	0.2965
382.5	-18.8	0.0147772	0.3068
387.0	-18.8	0.0100856	0.3573
391.5	-18.8	0.0101233	0.425
396.0	-18.8	0.00640655	0.3488
400.5	-18.8	0.00591548	0.4161
405.0	-18.8	0.00670317	0.385
409.5	-18.8	0.00857047	0.4154
414.0	-18.8	0.00633495	0.4138
418.5	-18.8	0.00355893	0.7733
423.0	-18.8	0.00330358	0.4333
427.5	-18.8	0.00681058	0.5239
432.0	-18.8	0.00897531	0.4985
436.5	-18.8	0.010426	0.4073
441.0	-18.8	0.00747347	0.4939
445.5	-18.8	0.005266	0.6069
-450.0	-16.2333	0.000271014	0.3052
-445.5	-16.2333	0.000517212	0.2562
-441.0	-16.2333	0.000425119	0.248
-436.5	-16.2333	0.000267121	0.3114
-432.0	-16.2333	0.000789459	0.5189
-427.5	-16.2333	0.000301329	0.3173
-423.0	-16.2333	0.000349944	0.312
-418.5	-16.2333	0.000460232	0.2783
-414.0	-16.2333	0.00152816	0.5729
-409.5	-16.2333	0.00332389	0.9171
-405.0	-16.2333	0.00321599	0.6587
-400.5	-16.2333	0.000408519	0.2763
-396.0	-16.2333	0.000229969	0.3797
-391.5	-16.2333	0.000456877	0.2947
-387.0	-16.2333	0.000664447	0.2349
-382.5	-16.2333	0.0019144	0.5529
-378.0	-16.2333	0.00119935	0.3515
-373.5	-16.2333	0.0013635	0.3135
-369.0	-16.2333	0.00365752	0.6229
-364.5	-16.2333	0.00135862	0.3115
-360.0	-16.2333	0.00326744	0.3718
-355.5	-16.2333	0.00293462	0.3779
-351.0	-16.2333	0.00171365	0.1562
-346.5	-16.2333	0.00640359	0.6035
-342.0	-16.2333	0.0018389	0.1488
-337.5	-16.2333	0.00143391	0.1593
-333.0	-16.2333	0.00378343	0.6041
-328.5	-16.2333	0.00474619	0.4504
-324.0	-16.2333	0.00394741	0.2502
-319.5	-16.2333	0.00560046	0.5286
-315.0	-16.2333	0.0115504	0.3924
-310.5	-16.2333	0.0112352	0.4325
-306.0	-16.2333	0.0166755	0.3671
-301.5	-16.2333	0.0142549	0.4073
-297.0	-16.2333	0.011712	0.461
-292.5	-16.2333	0.010252	0.5167
-288.0	-16.2333	0.0069614	0.3043
-283.5	-16.2333	0.00357936	0.1171
-279.0	-16.2333	0.00977599	0.416
-274.5	-16.2333	0.0047851	0.2506
-270.0	-16.2333	0.00884007	0.3091
-265.5	-16.2333	0.005907	0.3157
-261.0	-16.2333	0.0070359	0.2744
-256.5	-16.2333	0.0166349	0.3237
-252.0	-16.2333	0.0215686	0.2695
-247.5	-16.2333	0.00917566	0.2739
-243.0	-16.2333	0.00991728	0.3118
-238.5	-16.2333	0.00869038	0.3069
-234.0	-16.2333	0.0189769	0.2852
-229.5	-16.2333	0.0230862	0.3063
-225.0	-16.2333	0.0102139	0.2195
-220.5	-16.2333	0.0218617	0.2284
-216.0	-16.2333	0.0180106	0.2227
-211.5	-16.2333	0.0256737	0.2294
-207.0	-16.2333	0.0178646	0.2043
-202.5	-16.2333	0.0247646	0.2313
-198.0	-16.2333	0.022425	0.2217
-193.5	-16.2333	0.0239555	0.2116
-189.0	-16.2333	0.0446286	0.2205
-184.5	-16.2333	0.0384831	0.1647
-180.0	-16.2333	0.0407519	0.1765
-175.5	-16.2333	0.0396047	0.1776
-171.0	-16.2333	0.0533696	0.15
-166.5	-16.2333	0.0457029	0.2162
-162.0	-16.2333	0.0482299	0.1699
-157.5	-16.2333	0.0618221	0.1563
-153.0	-16.2333	0.0700309	0.1477
-148.5	-16.2333	0.069063	0.1397
-144.0	-16.2333	0.0679312	0.1377
-139.5	-16.2333	0.0805891	0.1146
-135.0	-16.2333	0.0972157	0.1206
-130.5	-16.2333	0.0768755	0.138
-126.0	-16.2333	0.117349	0.1202
-121.5	-16.2333	0.0985523	0.123
-117.0	-16.2333	0.150703	0.1156
-112.5	-16.2333	0.174742	0.0982
-108.0	-16.2333	0.146273	0.0944
-103.5	-16.2333	0.165092	0.0986
-99.0	-16.2333	0.160813	0.1178
-94.5	-16.2333	0.178916	0.09
-90.0	-16.2333	0.195666	0.0925
-85.5	-16.2333	0.202766	0.0905
-81.0	-16.2333	0.22468	0.0815
-76.5	-16.2333	0.259205	0.0795
-72.0	-16.2333	0.238193	0.0915
-67.5	-16.2333	0.216165	0.0913
-63.0	-16.2333	0.276626	0.0772
-58.5	-16.2333	0.25096	0.0806
-54.0	-16.2333	0.296842	0.0848
-49.5	-16.2333	0.311585	0.0713
-45.0	-16.2333	0.339536	0.0735
-40.5	-16.2333	0.328509	0.0806
-36.0	-16.2333	0.334978	0.0821
-31.5	-16.2333	0.36003	0.0785
-27.0	-16.2333	0.367818	0.0719
-22.5	-16.2333	0.362273	0.0702
-18.0	-16.2333	0.410191	0.0653
-13.5	-16.2333	0.362697	0.0857
-9.0	-16.2333	0.414814	0.0732
-4.5	-16.2333	0.382075	0.0758
0.0	-16.2333	0.447333	0.0765
4.5	-16.2333	0.38181	0.0686
9.0	-16.2333	0.447521	0.0653
13.5	-16.2333	0.47201	0.0645
18.0	-16.2333	0.434669	0.0658
22.5	-16.2333	0.4763	0.0639
27.0	-16.2333	0.41192	0.0759
31.5	-16.2333	0.377153	0.0651
36.0	-16.2333	0.421849	0.0634
40.5	-16.2333	0.375381	0.0678
45.0	-16.2333	0.39256	0.0622
49.5	-16.2333	0.445492	0.0793
54.0	-16.2333	0.401087	0.0618
58.5	-16.2333	0.349693	0.064
63.0	-16.2333	0.344496	0.0887
67.5	-16.2333	0.322638	0.0666
72.0	-16.2333	0.348105	0.0706
76.5	-16.2333	0.297488	0.0705
81.0	-16.2333	0.359945	0.0676
85.5	-16.2333	0.340521	0.0713
90.0	-16.2333	0.293485	0.0716
94.5	-16.2333	0.268024	0.0725
99.0	-16.2333	0.281916	0.0724
103.5	-16.2333	0.285238	0.0763
108.0	-16.2333	0.272882	0.074
112.5	-16.2333	0.253577	0.0802
117.0	-16.2333	0.237795	0.0807
121.5	-16.2333	0.23017	0.0775
126.0	-16.2333	0.232723	0.0776
130.5	-16.2333	0.200357	0.0957
135.0	-16.2333	0.194683	0.0877
139.5	-16.2333	0.171194	0.094
144.0	-16.2333	0.195203	0.092
148.5	-16.2333	0.165872	0.0909
153.0	-16.2333	0.18848	0.0968
157.5	-16.2333	0.143756	0.1002
162.0	-16.2333	0.189398	0.1063
166.5	-16.2333	0.133556	0.1009
171.0	-16.2333	0.164991	0.1104
175.5	-16.2333	0.138425	0.1041
180.0	-16.2333	0.108986	0.1128
184.5	-16.2333	0.0987684	0.1147
189.0	-16.2333	0.0992545	0.117
193.5	-16.2333	0.121993	0.109
198.0	-16.2333	0.0956059	0.1176
202.5	-16.2333	0.0703785	0.139
207.0	-16.2333	0.0767408	0.1337
211.5	-16.2333	0.0810063	0.1246
216.0	-16.2333	0.0674753	0.1247
220.5	-16.2333	0.0632716	0.1389
225.0	-16.2333	0.0767959	0.133
229.5	-16.2333	0.0728529	0.1302
234.0	-16.2333	0.075262	0.1425
238.5	-16.2333	0.0625234	0.1409
243.0	-16.2333	0.0586586	0.1566
247.5	-16.2333	0.0594776	0.1442
252.0	-16.2333	0.0568314	0.1597
256.5	-16.2333	0.0602468	0.1669
261.0	-16.2333	0.0557266	0.1435
265.5	-16.2333	0.0508668	0.1598
270.0	-16.2333	0.0346103	0.1753
274.5	-16.2333	0.0461927	0.1788
279.0	-16.2333	0.0454803	0.1699
283.5	-16.2333	0.0506398	0.1931
288.0	-16.2333	0.0362409	0.1649
292.5	-16.2333	0.032617	0.2124
297.0	-16.2333	0.0359298	0.1788
301.5	-16.2333	0.0312422	0.204
306.0	-16.2333	0.0308157	0.1892
310.5	-16.2333	0.037274	0.1902
315.0	-16.2333	0.0282053	0.2196
319.5	-16.2333	0.029733	0.1835
324.0	-16.2333	0.0328243	0.2067
328.5	-16.2333	0.0324844	0.1989
333.0	-16.2333	0.01403	0.1871
337.5	-16.2333	0.030922	0.252
342.0	-16.2333	0.0170684	0.2394
346.5	-16.2333	0.0293169	0.2074
351.0	-16.2333	0.0218758	0.2458
355.5	-16.2333	0.0193344	0.3273
360.0	-16.2333	0.0138711	0.2691
364.5	-16.2333	0.0182287	0.2642
369.0	-16.2333	0.0136435	0.2972
373.5	-16.2333	0.0201393	0.3345
378.0	-16.2333	0.0160182	0.3428
382.5	-16.2333	0.0102147	0.3511
387.0	-16.2333	0.0139658	0.3684
391.5	-16.2333	0.00980057	0.3782
396.0	-16.2333	0.0040557	0.4548
400.5	-16.2333	0.00898914	0.5047
405.0	-16.2333	0.00947913	0.5155
409.5	-16.2333	0.00359052	0.4819
414.0	-16.2333	0.00200401	0.5001
418.5	-16.2333	0.0054845	0.5071
423.0	-16.2333	0.0110364	0.3907
427.5	-16.2333	0.00883821	0.4478
432.0	-16.2333	0.00379305	0.4995
436.5	-16.2333	0.00558555	0.5195
441.0	-16.2333	0.00345157	0.477
445.5	-16.2333	0.00618667	0.4726
-450.0	-13.6667	0.000777283	0.3512
-445.5	-13.6667	0.00109031	0.5432
-441.0	-13.6667	0.00060695	0.2458
-436.5	-13.6667	0.000752822	0.2397
-432.0	-13.6667	0.00206486	0.7691
-427.5	-13.6667	0.000431517	0.2656
-423.0	-13.6667	0.000313543	0.3316
-418.5	-13.6667	0.000545323	0.2582
-414.0	-13.6667	0.001273	0.7251
-409.5	-13.6667	0.00356852	0.8996
-405.0	-13.6667	0.00201425	0.8838
-400.5	-13.6667	0.00180915	0.7843
-396.0	-13.6667	0.000315569	0.325
-391.5	-13.6667	0.000464598	0.251
-387.0	-13.6667	0.00176319	0.591
-382.5	-13.6667	0.00383857	0.5989
-378.0	-13.6667	0.00144581	0.441
-373.5	-13.6667	0.000864217	0.1955
-369.0	-13.6667	0.00140233	0.1698
-364.5	-13.6667	0.00111635	0.187
-360.0	-13.6667	0.0014831	0.1521
-355.5	-13.6667	0.00349631	0.5291
-351.0	-13.6667	0.0015247	0.1658
-346.5	-13.6667	0.00302413	0.3395
-342.0	-13.6667	0.00417037	0.4497
-337.5	-13.6667	0.00624419	0.4449
-333.0	-13.6667	0.00210538	0.1474
-328.5	-13.6667	0.00634882	0.4472
-324.0	-13.6667	0.00371536	0.3588
-319.5	-13.6667	0.0041982	0.4654
-315.0	-13.6667	0.00546563	0.3843
-310.5	-13.6667	0.0067938	0.3703
-306.0	-13.6667	0.0049371	0.4562
-301.5	-13.6667	0.00555208	0.3727
-297.0	-13.6667	0.00353116	0.131
-292.5	-13.6667	0.00602022	0.3629
-288.0	-13.6667	0.0129866	0.4249
-283.5	-13.6667	0.0136382	0.4182
-279.0	-13.6667	0.0124093	0.4141
-274.5	-13.6667	0.0172431	0.3754
-270.0	-13.6667	0.0184376	0.3477
-265.5	-13.6667	0.00899406	0.3795
-261.0	-13.6667	0.0130732	0.3753
-256.5	-13.6667	0.0148995	0.3054
-252.0	-13.6667	0.00880102	0.2366
-247.5	-13.6667	0.0136886	0.2725
-243.0	-13.6667	0.00795733	0.3796
-238.5	-13.6667	0.00999392	0.2809
-234.0	-13.6667	0.0237881	0.2406
-229.5	-13.6667	0.0126409	0.2902
-225.0	-13.6667	0.0124371	0.2202
-220.5	-13.6667	0.0159065	0.2966
-216.0	-13.6667	0.0263567	0.232
-211.5	-13.6667	0.0253414	0.2183
-207.0	-13.6667	0.0181657	0.2449
-202.5	-13.6667	0.0295545	0.2141
-198.0	-13.6667	0.030574	0.2128
-193.5	-13.6667	0.0412329	0.1842
-189.0	-13.6667	0.0364149	0.1991
-184.5	-13.6667	0.0392056	0.183
-180.0	-13.6667	0.037006	0.2011
-175.5	-13.6667	0.0407574	0.181
-171.0	-13.6667	0.0507151	0.1746
-166.5	-13.6667	0.0674157	0.1641
-162.0	-13.6667	0.0459498	0.1401
-157.5	-13.6667	0.0502887	0.1603
-153.0	-13.6667	0.0754701	0.139
-148.5	-13.6667	0.0625884	0.1694
-144.0	-13.6667	0.0829022	0.1263
-139.5	-13.6667	0.106343	0.1208
-135.0	-13.6667	0.0994069	0.1252
-130.5	-13.6667	0.0931186	0.1239
-126.0	-13.6667	0.123558	0.1161
-121.5	-13.6667	0.120968	0.1161
-117.0	-13.6667	0.129319	0.1139
-112.5	-13.6667	0.155586	0.0944
-108.0	-13.6667	0.121749	0.0999
-103.5	-13.6667	0.152193	0.0971
-99.0	-13.6667	0.137827	0.0986
-94.5	-13.6667	0.157496	0.0924
-90.0	-13.6667	0.173046	0.0859
-85.5	-13.6667	0.194961	0.0919
-81.0	-13.6667	0.22968	0.0933
-76.5	-13.6667	0.254953	0.0766
-72.0	-13.6667	0.266915	0.0777
-67.5	-13.6667	0.30303	0.0771
-63.0	-13.6667	0.262202	0.0825
-58.5	-13.6667	0.275106	0.0775
-54.0	-13.6667	0.312979	0.069
-49.5	-13.6667	0.328118	0.0752
-45.0	-13.6667	0.373747	0.0779
-40.5	-13.6667	0.362446	0.0722
-36.0	-13.6667	0.338447	0.0714
-31.5	-13.6667	0.356648	0.0834
-27.0	-13.6667	0.344382	0.0874
-22.5	-13.6667	0.354896	0.0716
-18.0	-13.6667	0.395298	0.074
-13.5	-13.6667	0.377947	0.0896
-9.0	-13.6667	0.381584	0.0738
-4.5	-13.6667	0.421533	0.0697
0.0	-13.6667	0.395323	0.0784
4.5	-13.6667	0.464211	0.0633
9.0	-13.6667	0.453309	0.0698
13.5	-13.6667	0.405203	0.0647
18.0	-13.6667	0.412068	0.0658
22.5	-13.6667	0.408067	0.0642
27.0	-13.6667	0.394078	0.0631
31.5	-13.6667	0.40508	0.0691
36.0	-13.6667	0.380484	0.0626
40.5	-13.6667	0.436707	0.0636
45.0	-13.6667	0.43759	0.0672
49.5	-13.6667	0.368393	0.0633
54.0	-13.6667	0.356682	0.069
58.5	-13.6667	0.39622	0.0652
63.0	-13.6667	0.329027	0.0685
67.5	-13.6667	0.329356	0.0712
72.0	-13.6667	0.37342	0.0684
76.5	-13.6667	0.27696	0.0724
81.0	-13.6667	0.331796	0.0674
85.5	-13.6667	0.305798	0.0723
90.0	-13.6667	0.276122	0.0771
94.5	-13.6667	0.286024	0.0725
99.0	-13.6667	0.276284	0.0798
103.5	-13.6667	0.287858	0.0727
108.0	-13.6667	0.250414	0.0853
112.5	-13.6667	0.259851	0.076
117.0	-13.6667	0.228896	0.0814
121.5	-13.6667	0.22414	0.0815
126.0	-13.6667	0.227549	0.081
130.5	-13.6667	0.213314	0.088
135.0	-13.6667	0.211584	0.0848
139.5	-13.6667	0.178926	0.0921
144.0	-13.6667	0.168136	0.0882
148.5	-13.6667	0.192587	0.0861
153.0	-13.6667	0.146101	0.0988
157.5	-13.6667	0.147917	0.0985
162.0	-13.6667	0.136791	0.0977
166.5	-13.6667	0.153662	0.1073
171.0	-13.6667	0.12479	0.0975
175.5	-13.6667	0.113199	0.1073
180.0	-13.6667	0.114772	0.1148
184.5	-13.6667	0.108335	0.1191
189.0	-13.6667	0.107048	0.1241
193.5	-13.6667	0.114143	0.1056
198.0	-13.6667	0.0912184	0.1144
202.5	-13.6667	0.0925671	0.1223
207.0	-13.6667	0.0990153	0.136
211.5	-13.6667	0.0890477	0.1188
216.0	-13.6667	0.0838139	0.1255
220.5	-13.6667	0.0837607	0.1322
225.0	-13.6667	0.067869	0.1329
229.5	-13.6667	0.0814963	0.1276
234.0	-13.6667	0.0799128	0.156
238.5	-13.6667	0.073837	0.1452
243.0	-13.6667	0.0607349	0.1454
247.5	-13.6667	0.0626682	0.1459
252.0	-13.6667	0.0537653	0.1675
256.5	-13.6667	0.0769549	0.15
261.0	-13.6667	0.0762232	0.1416
265.5	-13.6667	0.0741503	0.1512
270.0	-13.6667	0.0548783	0.1602
274.5	-13.6667	0.031044	0.1818
279.0	-13.6667	0.0363038	0.1898
283.5	-13.6667	0.0420369	0.1815
288.0	-13.6667	0.0330646	0.1674
292.5	-13.6667	0.0375911	0.1863
297.0	-13.6667	0.0383268	0.1893
301.5	-13.6667	0.0415568	0.1808
306.0	-13.6667	0.0403048	0.207
310.5	-13.6667	0.0381174	0.2017
315.0	-13.6667	0.0266134	0.205
319.5	-13.6667	0.0331705	0.1949
324.0	-13.6667	0.0213433	0.2216
328.5	-13.6667	0.0297385	0.2262
333.0	-13.6667	0.0267513	0.2275
337.5	-13.6667	0.0280255	0.2338
342.0	-13.6667	0.019157	0.2451
346.5	-13.6667	0.0282035	0.3207
351.0	-13.6667	0.0237972	0.2919
355.5	-13.6667	0.0176594	0.2732
360.0	-13.6667	0.0186864	0.3105
364.5	-13.6667	0.0204912	0.237
369.0	-13.6667	0.0132894	0.3794
373.5	-13.6667	0.0112008	0.3743
378.0	-13.6667	0.00935474	0.4379
382.5	-13.6667	0.00911263	0.3463
387.0	-13.6667	0.0102199	0.4889
391.5	-13.6667	0.0147864	0.45
396.0	-13.6667	0.00351959	0.4195
400.5	-13.6667	0.00693565	0.4382
405.0	-13.6667	0.00562528	0.3602
409.5	-13.6667	0.00976009	0.3537
414.0	-13.6667	0.00971165	0.4684
418.5	-13.6667	0.0027064	0.4983
423.0	-13.6667	0.00536358	0.4105
427.5	-13.6667	0.00984419	0.485
432.0	-13.6667	0.00240461	0.3286
436.5	-13.6667	0.00412389	0.4357
441.0	-13.6667	0.00874383	0.4243
445.5	-13.6667	0.00391175	0.4066
-450.0	-11.1	0.000914908	0.2234
-445.5	-11.1	0.00072947	0.399
-441.0	-11.1	0.00164041	0.6625
-436.5	-11.1	0.000633049	0.2355
-432.0	-11.1	0.000651834	0.234
-427.5	-11.1	0.00151976	0.6234
-423.0	-11.1	0.000317585	0.3024
-418.5	-11.1	0.000322488	0.3526
-414.0	-11.1	0.000298644	0.394
-409.5	-11.1	0.00332106	0.8307
-405.0	-11.1	0.000370515	0.3532
-400.5	-11.1	0.000400413	0.3245
-396.0	-11.1	0.000397494	0.2724
-391.5	-11.1	0.000626007	0.2519
-387.0	-11.1	0.000672788	0.2849
-382.5	-11.1	0.00185861	0.5414
-378.0	-11.1	0.00148851	0.5118
-373.5	-11.1	0.00130109	0.228
-369.0	-11.1	0.00439848	0.5441
-364.5	-11.1	0.0019852	0.4202
-360.0	-11.1	0.002855	0.4476
-355.5	-11.1	0.00327866	0.4586
-351.0	-11.1	0.00362791	0.3489
-346.5	-11.1	0.00213651	0.1958
-342.0	-11.1	0.00377146	0.4569
-337.5	-11.1	0.00513559	0.41
-333.0	-11.1	0.00861161	0.4405
-328.5	-11.1	0.00504111	0.3254
-324.0	-11.1	0.0066002	0.4187
-319.5	-11.1	0.00791023	0.4695
-315.0	-11.1	0.00563072	0.4018
-310.5	-11.1	0.00721205	0.3922
-306.0	-11.1	0.00300322	0.1588
-301.5	-11.1	0.00548422	0.405
-297.0	-11.1	0.00904502	0.4131
-292.5	-11.1	0.00738395	0.3522
-288.0	-11.1	0.0116267	0.4608
-283.5	-11.1	0.013454	0.3613
-279.0	-11.1	0.00802602	0.3155
-274.5	-11.1	0.0075583	0.2893
-270.0	-11.1	0.019965	0.3614
-265.5	-11.1	0.00865073	0.3252
-261.0	-11.1	0.0137153	0.3237
-256.5	-11.1	0.0195097	0.2804
-252.0	-11.1	0.0125907	0.2712
-247.5	-11.1	0.0114776	0.2896
-243.0	-11.1	0.0151032	0.2779
-238.5	-11.1	0.0118312	0.2936
-234.0	-11.1	0.0101677	0.2353
-229.5	-11.1	0.0147868	0.2605
-225.0	-11.1	0.021336	0.2321
-220.5	-11.1	0.0171703	0.205
-216.0	-11.1	0.0181645	0.2399
-211.5	-11.1	0.0200796	0.2632
-207.0	-11.1	0.0267679	0.209
-202.5	-11.1	0.0221828	0.2227
-198.0	-11.1	0.0280196	0.2541
-193.5	-11.1	0.02942	0.1794
-189.0	-11.1	0.0353742	0.1973
-184.5	-11.1	0.0513769	0.1792
-180.0	-11.1	0.0488032	0.1745
-175.5	-11.1	0.0432224	0.1883
-171.0	-11.1	0.0318871	0.1725
-166.5	-11.1	0.0580383	0.1566
-162.0	-11.1	0.065245	0.1343
-157.5	-11.1	0.0676234	0.1391
-153.0	-11.1	0.064439	0.1323
-148.5	-11.1	0.0764735	0.1316
-144.0	-11.1	0.0843642	0.1226
-139.5	-11.1	0.102921	0.1379
-135.0	-11.1	0.097142	0.1148
-130.5	-11.1	0.0808575	0.1215
-126.0	-11.1	0.0953618	0.1103
-121.5	-11.1	0.118976	0.1081
-117.0	-11.1	0.119625	0.1207
-112.5	-11.1	0.122843	0.1097
-108.0	-11.1	0.121683	0.102
-103.5	-11.1	0.159033	0.1046
-99.0	-11.1	0.181703	0.0914
-94.5	-11.1	0.175399	0.0946
-90.0	-11.1	0.194943	0.0881
-85.5	-11.1	0.230466	0.0894
-81.0	-11.1	0.196892	0.0934
-76.5	-11.1	0.229631	0.0794
-72.0	-11.1	0.245579	0.0858
-67.5	-11.1	0.221523	0.0781
-63.0	-11.1	0.273505	0.0842
-58.5	-11.1	0.288028	0.0746
-54.0	-11.1	0.32683	0.0784
-49.5	-11.1	0.329547	0.0762
-45.0	-11.1	0.316506	0.0788
-40.5	-11.1	0.372027	0.0702
-36.0	-11.1	0.350066	0.0816
-31.5	-11.1	0.394953	0.0795
-27.0	-11.1	0.333029	0.073
-22.5	-11.1	0.391463	0.0685
-18.0	-11.1	0.452659	0.1007
-13.5	-11.1	0.401405	0.0778
-9.0	-11.1	0.436853	0.0665
-4.5	-11.1	0.405087	0.0668
0.0	-11.1	0.447393	0.0719
4.5	-11.1	0.430161	0.0684
9.0	-11.1	0.402139	0.0687
13.5	-11.1	0.438309	0.062
18.0	-11.1	0.426115	0.0621
22.5	-11.1	0.410858	0.0621
27.0	-11.1	0.381857	0.0618
31.5	-11.1	0.37033	0.0652
36.0	-11.1	0.427071	0.0656
40.5	-11.1	0.426003	0.0625
45.0	-11.1	0.388347	0.0633
49.5	-11.1	0.386845	0.0648
54.0	-11.1	0.407829	0.0644
58.5	-11.1	0.368075	0.0729
63.0	-11.1	0.363211	0.0654
67.5	-11.1	0.384321	0.0694
72.0	-11.1	0.362344	0.0827
76.5	-11.1	0.31391	0.0702
81.0	-11.1	0.298655	0.0769
85.5	-11.1	0.303578	0.0747
90.0	-11.1	0.30626	0.0702
94.5	-11.1	0.295998	0.0723
99.0	-11.1	0.315354	0.0726
103.5	-11.1	0.273878	0.074
108.0	-11.1	0.231607	0.0798
112.5	-11.1	0.23764	0.0773
117.0	-11.1	0.210411	0.0836
121.5	-11.1	0.242732	0.0781
126.0	-11.1	0.204386	0.0901
130.5	-11.1	0.184267	0.0883
135.0	-11.1	0.223034	0.097
139.5	-11.1	0.181928	0.0964
144.0	-11.1	0.188402	0.085
148.5	-11.1	0.178001	0.0938
153.0	-11.1	0.173453	0.1166
157.5	-11.1	0.146319	0.1016
162.0	-11.1	0.113208	0.1082
166.5	-11.1	0.139379	0.0968
171.0	-11.1	0.129761	0.1045
175.5	-11.1	0.132353	0.123
180.0	-11.1	0.106213	0.1139
184.5	-11.1	0.0883475	0.1125
189.0	-11.1	0.106904	0.1143
193.5	-11.1	0.120745	0.1192
198.0	-11.1	0.090739	0.1302
202.5	-11.1	0.112991	0.1207
207.0	-11.1	0.071205	0.1448
211.5	-11.1	0.0975074	0.1204
216.0	-11.1	0.0968405	0.1253
220.5	-11.1	0.0928208	0.1252
225.0	-11.1	0.0757816	0.1381
229.5	-11.1	0.0701064	0.1351
234.0	-11.1	0.0570309	0.1453
238.5	-11.1	0.0669266	0.1388
243.0	-11.1	0.0774845	0.1286
247.5	-11.1	0.0581661	0.1514
252.0	-11.1	0.0555809	0.1447
256.5	-11.1	0.0732053	0.1861
261.0	-11.1	0.0567641	0.1568
265.5	-11.1	0.0361416	0.1656
270.0	-11.1	0.0452477	0.1631
274.5	-11.1	0.038468	0.1689
279.0	-11.1	0.0541277	0.1585
283.5	-11.1	0.037413	0.1821
288.0	-11.1	0.039857	0.1784
292.5	-11.1	0.046979	0.1901
297.0	-11.1	0.0316483	0.1946
301.5	-11.1	0.0409038	0.1598
306.0	-11.1	0.0446947	0.1956
310.5	-11.1	0.0265921	0.2281
315.0	-11.1	0.0216404	0.2068
319.5	-11.1	0.0256711	0.2017
324.0	-11.1	0.0329892	0.2
328.5	-11.1	0.0392984	0.1875
333.0	-11.1	0.0300659	0.2029
337.5	-11.1	0.0359778	0.1909
342.0	-11.1	0.0208222	0.2527
346.5	-11.1	0.0186972	0.2643
351.0	-11.1	0.0184208	0.2516
355.5	-11.1	0.0207257	0.2593
360.0	-11.1	0.0227996	0.271
364.5	-11.1	0.0118154	0.2531
369.0	-11.1	0.00917912	0.3383
373.5	-11.1	0.00919301	0.3279
378.0	-11.1	0.00904052	0.3382
382.5	-11.1	0.00895363	0.3091
387.0	-11.1	0.0115189	0.3455
391.5	-11.1	0.00513971	0.4471
396.0	-11.1	0.0107123	0.528
400.5	-11.1	0.008465	0.5481
405.0	-11.1	0.00914902	0.4939
409.5	-11.1	0.00289739	0.6045
414.0	-11.1	0.00153122	0.335
418.5	-11.1	0.00723802	0.6121
423.0	-11.1	0.00440296	0.4828
427.5	-11.1	0.00582034	0.3947
432.0	-11.1	0.00782621	0.3793
436.5	-11.1	0.00928121	0.3522
441.0	-11.1	0.0147972	0.3613
445.5	-11.1	0.0102924	0.4177
-450.0	-8.53333	0.000481514	0.2534
-445.5	-8.53333	0.00184933	0.7354
-441.0	-8.53333	0.00140017	0.6339
-436.5	-8.53333	0.000505743	0.2886
-432.0	-8.53333	0.000505268	0.2847
-427.5	-8.53333	0.000391168	0.267
-423.0	-8.53333	0.00262019	0.8371
-418.5	-8.53333	0.000377749	0.2952
-414.0	-8.53333	0.000361213	0.3667
-409.5	-8.53333	0.000368896	0.283
-405.0	-8.53333	0.000357106	0.2953
-400.5	-8.53333	0.000502789	0.2706
-396.0	-8.53333	0.000383157	0.2659
-391.5	-8.53333	0.000617666	0.2444
-387.0	-8.53333	0.000502624	0.281
-382.5	-8.53333	0.00153995	0.652
-378.0	-8.53333	0.00101471	0.1959
-373.5	-8.53333	0.00111782	0.1848
-369.0	-8.53333	0.00313333	0.5987
-364.5	-8.53333	0.00341442	0.6504
-360.0	-8.53333	0.00206199	0.4254
-355.5	-8.53333	0.00159658	0.1696
-351.0	-8.53333	0.00646774	0.5452
-346.5	-8.53333	0.00592294	0.6115
-342.0	-8.53333	0.00452308	0.5361
-337.5	-8.53333	0.00498272	0.3381
-333.0	-8.53333	0.00573812	0.3995
-328.5	-8.53333	0.00644733	0.4167
-324.0	-8.53333	0.00881098	0.4324
-319.5	-8.53333	0.00602641	0.2841
-315.0	-8.53333	0.0115058	0.3212
-310.5	-8.53333	0.00563264	0.296
-306.0	-8.53333	0.00676926	0.367
-301.5	-8.53333	0.00575663	0.2751
-297.0	-8.53333	0.00737842	0.4531
-292.5	-8.53333	0.0131748	0.4362
-288.0	-8.53333	0.0081893	0.4102
-283.5	-8.53333	0.00376685	0.1285
-279.0	-8.53333	0.00925791	0.3122
-274.5	-8.53333	0.0113939	0.2899
-270.0	-8.53333	0.0101182	0.2755
-265.5	-8.53333	0.0114878	0.2854
-261.0	-8.53333	0.0118794	0.25
-256.5	-8.53333	0.0119855	0.3688
-252.0	-8.53333	0.0139835	0.276
-247.5	-8.53333	0.0172166	0.3424
-243.0	-8.53333	0.0215749	0.2107
-238.5	-8.53333	0.0127767	0.2451
-234.0	-8.53333	0.0112144	0.2229
-229.5	-8.53333	0.018179	0.3843
-225.0	-8.53333	0.0143945	0.2468
-220.5	-8.53333	0.0195492	0.2099
-216.0	-8.53333	0.0254711	0.2361
-211.5	-8.53333	0.0256544	0.2431
-207.0	-8.53333	0.018042	0.2148
-202.5	-8.53333	0.0365699	0.1855
-198.0	-8.53333	0.0289378	0.2049
-193.5	-8.53333	0.0329681	0.169
-189.0	-8.53333	0.0503838	0.1713
-184.5	-8.53333	0.0457658	0.1753
-180.0	-8.53333	0.0342213	0.1965
-175.5	-8.53333	0.0493725	0.1964
-171.0	-8.53333	0.0574004	0.1642
-166.5	-8.53333	0.0532961	0.155
-162.0	-8.53333	0.0729635	0.1579
-157.5	-8.53333	0.0676552	0.1463
-153.0	-8.53333	0.0582258	0.1289
-148.5	-8.53333	0.090843	0.1296
-144.0	-8.53333	0.0793489	0.1334
-139.5	-8.53333	0.0820382	0.1182
-135.0	-8.53333	0.102181	0.1264
-130.5	-8.53333	0.115124	0.1106
-126.0	-8.53333	0.107171	0.1171
-121.5	-8.53333	0.13311	0.1091
-117.0	-8.53333	0.110542	0.1114
-112.5	-8.53333	0.161763	0.0949
-108.0	-8.53333	0.15472	0.0961
-103.5	-8.53333	0.144419	0.0949
-99.0	-8.53333	0.171356	0.0957
-94.5	-8.53333	0.177476	0.0967
-90.0	-8.53333	0.164256	0.0918
-85.5	-8.53333	0.21749	0.0854
-81.0	-8.53333	0.216759	0.0799
-76.5	-8.53333	0.226889	0.0841
-72.0	-8.53333	0.273565	0.0789
-67.5	-8.53333	0.244271	0.078
-63.0	-8.53333	0.258379	0.0805
-58.5	-8.53333	0.293642	0.0752
-54.0	-8.53333	0.314236	0.0753
-49.5	-8.53333	0.325447	0.0693
-45.0	-8.53333	0.322521	0.0756
-40.5	-8.53333	0.351685	0.0828
-36.0	-8.53333	0.361158	0.0767
-31.5	-8.53333	0.399198	0.0714
-27.0	-8.53333	0.403211	0.0744
-22.5	-8.53333	0.395684	0.0663
-18.0	-8.53333	0.426532	0.0888
-13.5	-8.53333	0.415718	0.0672
-9.0	-8.53333	0.403861	0.066
-4.5	-8.53333	0.394434	0.0702
0.0	-8.53333	0.481744	0.071
4.5	-8.53333	0.423854	0.0593
9.0	-8.53333	0.415595	0.0677
13.5	-8.53333	0.401182	0.0682
18.0	-8.53333	0.443662	0.0607
22.5	-8.53333	0.406656	0.0631
27.0	-8.53333	0.454623	0.0675
31.5	-8.53333	0.441292	0.0611
36.0	-8.53333	0.417871	0.0679
40.5	-8.53333	0.42794	0.0716
45.0	-8.53333	0.442788	0.0627
49.5	-8.53333	0.401107	0.0644
54.0	-8.53333	0.344982	0.0648
58.5	-8.53333	0.391721	0.0717
63.0	-8.53333	0.380142	0.0635
67.5	-8.53333	0.370043	0.0672
72.0	-8.53333	0.333317	0.067
76.5	-8.53333	0.300714	0.0684
81.0	-8.53333	0.319793	0.0681
85.5	-8.53333	0.325028	0.0697
90.0	-8.53333	0.293356	0.0707
94.5	-8.53333	0.327668	0.0711
99.0	-8.53333	0.268782	0.0701
103.5	-8.53333	0.298967	0.0735
108.0	-8.53333	0.257428	0.078
112.5	-8.53333	0.247706	0.0824
117.0	-8.53333	0.235426	0.0853
121.5	-8.53333	0.220503	0.0816
126.0	-8.53333	0.196352	0.078
130.5	-8.53333	0.187823	0.0888
135.0	-8.53333	0.20183	0.0964
139.5	-8.53333	0.204009	0.0874
144.0	-8.53333	0.16761	0.0947
148.5	-8.53333	0.170207	0.0913
153.0	-8.53333	0.15941	0.0961
157.5	-8.53333	0.142319	0.1135
162.0	-8.53333	0.161324	0.1003
166.5	-8.53333	0.134625	0.0985
171.0	-8.53333	0.136223	0.0995
175.5	-8.53333	0.144554	0.1088
180.0	-8.53333	0.110326	0.1121
184.5	-8.53333	0.114468	0.1182
189.0	-8.53333	0.12378	0.1093
193.5	-8.53333	0.0829564	0.122
198.0	-8.53333	0.0831706	0.1257
202.5	-8.53333	0.0810545	0.1184
207.0	-8.53333	0.089056	0.1203
211.5	-8.53333	0.0943289	0.1244
216.0	-8.53333	0.0809735	0.148
220.5	-8.53333	0.0892704	0.1326
225.0	-8.53333	0.0703047	0.1434
229.5	-8.53333	0.0621349	0.1326
234.0	-8.53333	0.0737782	0.1267
238.5	-8.53333	0.072575	0.1503
243.0	-8.53333	0.0630771	0.1268
247.5	-8.53333	0.0487962	0.1392
252.0	-8.53333	0.0669615	0.1427
256.5	-8.53333	0.0656395	0.1423
261.0	-8.53333	0.0562445	0.1914
265.5	-8.53333	0.0448477	0.173
270.0	-8.53333	0.0454854	0.1359
274.5	-8.53333	0.0358861	0.1577
279.0	-8.53333	0.0453165	0.1668
283.5	-8.53333	0.051585	0.1609
288.0	-8.53333	0.0415027	0.1604
292.5	-8.53333	0.0530125	0.1608
297.0	-8.53333	0.0305117	0.193
301.5	-8.53333	0.0418278	0.1849
306.0	-8.53333	0.0389555	0.2128
310.5	-8.53333	0.0292952	0.1943
315.0	-8.53333	0.0289779	0.1895
319.5	-8.53333	0.0308498	0.2289
324.0	-8.53333	0.0244651	0.2223
328.5	-8.53333	0.0292052	0.2071
333.0	-8.53333	0.0309006	0.2084
337.5	-8.53333	0.031389	0.2274
342.0	-8.53333	0.019887	0.2644
346.5	-8.53333	0.0207408	0.2277
351.0	-8.53333	0.00951563	0.2487
355.5	-8.53333	0.0192062	0.2608
360.0	-8.53333	0.0245758	0.2347
364.5	-8.53333	0.0150252	0.2777
369.0	-8.53333	0.0116048	0.3289
373.5	-8.53333	0.0104272	0.2393
378.0	-8.53333	0.00470335	0.2951
382.5	-8.53333	0.00555584	0.367
387.0	-8.53333	0.00998174	0.4882
391.5	-8.53333	0.00159896	0.2158
396.0	-8.53333	0.00485019	0.5227
400.5	-8.53333	0.00970429	0.4145
405.0	-8.53333	0.00707934	0.4895
409.5	-8.53333	0.00399565	0.827
414.0	-8.53333	0.00172003	0.6398
418.5	-8.53333	0.00592507	0.4493
423.0	-8.53333	0.00270218	0.416
427.5	-8.53333	0.00282569	0.4952
432.0	-8.53333	0.00335346	0.5557
436.5	-8.53333	0.00382775	0.5257
441.0	-8.53333	0.00440472	0.5119
445.5	-8.53333	0.00728078	0.4677
-450.0	-5.96667	0.000395506	0.244
-445.5	-5.96667	0.000769551	0.3413
-441.0	-5.96667	0.000458871	0.2683
-436.5	-5.96667	0.000736994	0.2203
-432.0	-5.96667	0.000331576	0.3297
-427.5	-5.96667	0.00172838	0.5342
-423.0	-5.96667	0.000832454	0.5273
-418.5	-5.96667	0.000453444	0.284
-414.0	-5.96667	0.000620342	0.431
-409.5	-5.96667	0.000591011	0.3327
-405.0	-5.96667	0.000685646	0.2498
-400.5	-5.96667	0.000534427	0.3075
-396.0	-5.96667	0.000618153	0.2897
-391.5	-5.96667	0.000776104	0.2484
-387.0	-5.96667	0.000908651	0.2242
-382.5	-5.96667	0.00157694	0.3793
-378.0	-5.96667	0.00109834	0.203
-373.5	-5.96667	0.00177648	0.567
-369.0	-5.96667	0.000974984	0.1878
-364.5	-5.96667	0.00191085	0.4407
-360.0	-5.96667	0.00276899	0.5388
-355.5	-5.96667	0.0015295	0.154
-351.0	-5.96667	0.00655552	0.4913
-346.5	-5.96667	0.00508407	0.3586
-342.0	-5.96667	0.00847666	0.5509
-337.5	-5.96667	0.00390426	0.4043
-333.0	-5.96667	0.00380713	0.2037
-328.5	-5.96667	0.00450694	0.4679
-324.0	-5.96667	0.00331705	0.2315
-319.5	-5.96667	0.00805438	0.4058
-315.0	-5.96667	0.0079681	0.3204
-310.5	-5.96667	0.00488745	0.3068
-306.0	-5.96667	0.00377249	0.2974
-301.5	-5.96667	0.00408393	0.305
-297.0	-5.96667	0.0120488	0.3736
-292.5	-5.96667	0.0076737	0.3205
-288.0	-5.96667	0.00822785	0.5179
-283.5	-5.96667	0.0029012	0.1408
-279.0	-5.96667	0.0122186	0.285
-274.5	-5.96667	0.0135871	0.2779
-270.0	-5.96667	0.0133615	0.2921
-265.5	-5.96667	0.00981319	0.2881
-261.0	-5.96667	0.0126238	0.3261
-256.5	-5.96667	0.0142769	0.4158
-252.0	-5.96667	0.0139847	0.3557
-247.5	-5.96667	0.0202347	0.2858
-243.0	-5.96667	0.020294	0.2421
-238.5	-5.96667	0.010403	0.2702
-234.0	-5.96667	0.014819	0.2645
-229.5	-5.96667	0.0217402	0.2171
-225.0	-5.96667	0.0138191	0.2114
-220.5	-5.96667	0.0211221	0.205
-216.0	-5.96667	0.0248961	0.2244
-211.5	-5.96667	0.0311357	0.2348
-207.0	-5.96667	0.0304164	0.2379
-202.5	-5.96667	0.0252169	0.2305
-198.0	-5.96667	0.0279245	0.2292
-193.5	-5.96667	0.0371098	0.1661
-189.0	-5.96667	0.0387838	0.1718
-184.5	-5.96667	0.0413426	0.2093
-180.0	-5.96667	0.0442289	0.1728
-175.5	-5.96667	0.0487613	0.1771
-171.0	-5.96667	0.0492537	0.1552
-166.5	-5.96667	0.0552465	0.1516
-162.0	-5.96667	0.0649072	0.1658
-157.5	-5.96667	0.0759212	0.1889
-153.0	-5.96667	0.0634258	0.1478
-148.5	-5.96667	0.0775889	0.126
-144.0	-5.96667	0.0787215	0.129
-139.5	-5.96667	0.0886334	0.1175
-135.0	-5.96667	0.0883436	0.115
-130.5	-5.96667	0.103216	0.1191
-126.0	-5.96667	0.0864043	0.1298
-121.5	-5.96667	0.110314	0.1153
-117.0	-5.96667	0.134471	0.1118
-112.5	-5.96667	0.138726	0.1116
-108.0	-5.96667	0.149258	0.1048
-103.5	-5.96667	0.1477	0.0978
-99.0	-5.96667	0.165417	0.0893
-94.5	-5.96667	0.167044	0.097
-90.0	-5.96667	0.17473	0.0952
-85.5	-5.96667	0.204484	0.0988
-81.0	-5.96667	0.223412	0.0808
-76.5	-5.96667	0.235813	0.0832
-72.0	-5.96667	0.218392	0.0789
-67.5	-5.96667	0.278272	0.0779
-63.0	-5.96667	0.26076	0.0752
-58.5	-5.96667	0.293909	0.0737
-54.0	-5.96667	0.285912	0.0807
-49.5	-5.96667	0.309502	0.0794
-45.0	-5.96667	0.317513	0.071
-40.5	-5.96667	0.35476	0.0763
-36.0	-5.96667	0.323648	0.0704
-31.5	-5.96667	0.406814	0.0706
-27.0	-5.96667	0.423875	0.0711
-22.5	-5.96667	0.408315	0.0707
-18.0	-5.96667	0.375882	0.0697
-13.5	-5.96667	0.354972	0.077
-9.0	-5.96667	0.437025	0.0756
-4.5	-5.96667	0.430202	0.0705
0.0	-5.96667	0.456672	0.0681
4.5	-5.96667	0.4414	0.068
9.0	-5.96667	0.430515	0.0784
13.5	-5.96667	0.378662	0.066
18.0	-5.96667	0.449185	0.0625
22.5	-5.96667	0.42375	0.0614
27.0	-5.96667	0.429693	0.0621
31.5	-5.96667	0.448104	0.0673
36.0	-5.96667	0.400001	0.0826
40.5	-5.96667	0.397075	0.0691
45.0	-5.96667	0.449028	0.0644
49.5	-5.96667	0.375982	0.0634
54.0	-5.96667	0.37848	0.0639
58.5	-5.96667	0.319534	0.0727
63.0	-5.96667	0.348658	0.0648
67.5	-5.96667	0.388322	0.063
72.0	-5.96667	0.320811	0.0667
76.5	-5.96667	0.283549	0.0741
81.0	-5.96667	0.342988	0.0691
85.5	-5.96667	0.327201	0.0702
90.0	-5.96667	0.31744	0.0671
94.5	-5.96667	0.29343	0.0687
99.0	-5.96667	0.294881	0.0708
103.5	-5.96667	0.272013	0.0757
108.0	-5.96667	0.295488	0.0795
112.5	-5.96667	0.241637	0.077
117.0	-5.96667	0.25707	0.0724
121.5	-5.96667	0.235056	0.0831
126.0	-5.96667	0.186773	0.0822
130.5	-5.96667	0.184639	0.0856
135.0	-5.96667	0.203754	0.0854
139.5	-5.96667	0.191183	0.0834
144.0	-5.96667	0.174349	0.0946
148.5	-5.96667	0.174741	0.0902
153.0	-5.96667	0.148838	0.0988
157.5	-5.96667	0.155152	0.0989
162.0	-5.96667	0.124324	0.0968
166.5	-5.96667	0.134991	0.1108
171.0	-5.96667	0.120981	0.098
175.5	-5.96667	0.133786	0.1087
180.0	-5.96667	0.116543	0.1063
184.5	-5.96667	0.118711	0.1199
189.0	-5.96667	0.107728	0.1094
193.5	-5.96667	0.120907	0.1198
198.0	-5.96667	0.09951	0.1152
202.5	-5.96667	0.103023	0.1293
207.0	-5.96667	0.115138	0.12
211.5	-5.96667	0.0901685	0.1641
216.0	-5.96667	0.0888919	0.1247
220.5	-5.96667	0.0738177	0.1342
225.0	-5.96667	0.0864084	0.124
229.5	-5.96667	0.0788421	0.1219
234.0	-5.96667	0.0763881	0.1303
238.5	-5.96667	0.0602088	0.1475
243.0	-5.96667	0.0619946	0.1563
247.5	-5.96667	0.0845935	0.151
252.0	-5.96667	0.0715896	0.1432
256.5	-5.96667	0.058602	0.1412
261.0	-5.96667	0.0538512	0.1728
265.5	-5.96667	0.0368994	0.1608
270.0	-5.96667	0.0489011	0.1713
274.5	-5.96667	0.0508717	0.2055
279.0	-5.96667	0.0447859	0.1622
283.5	-5.96667	0.042255	0.172
288.0	-5.96667	0.0326607	0.1819
292.5	-5.96667	0.0267536	0.1913
297.0	-5.96667	0.0308467	0.1809
301.5	-5.96667	0.047274	0.1825
306.0	-5.96667	0.0344335	0.1905
310.5	-5.96667	0.0332878	0.1851
315.0	-5.96667	0.0376472	0.1822
319.5	-5.96667	0.0339247	0.1603
324.0	-5.96667	0.0379413	0.1813
328.5	-5.96667	0.0216367	0.1759
333.0	-5.96667	0.022977	0.2298
337.5	-5.96667	0.0311514	0.1998
342.0	-5.96667	0.019176	0.2133
346.5	-5.96667	0.0299321	0.2165
351.0	-5.96667	0.020887	0.2681
355.5	-5.96667	0.0141407	0.2712
360.0	-5.96667	0.0172953	0.3283
364.5	-5.96667	0.0168129	0.3498
369.0	-5.96667	0.0124927	0.4221
373.5	-5.96667	0.0120887	0.3108
378.0	-5.96667	0.00527267	0.4605
382.5	-5.96667	0.0109816	0.3525
387.0	-5.96667	0.00314096	0.3215
391.5	-5.96667	0.00744259	0.4069
396.0	-5.96667	0.00493475	0.4621
400.5	-5.96667	0.0018757	0.4276
405.0	-5.96667	0.00349973	0.4742
409.5	-5.96667	0.00634982	0.3951
414.0	-5.96667	0.0105769	0.4092
418.5	-5.96667	0.00995251	0.4255
423.0	-5.96667	0.00186782	0.5669
427.5	-5.96667	0.00601623	0.6786
432.0	-5.96667	0.00595075	0.4763
436.5	-5.96667	0.00652292	0.5531
441.0	-5.96667	0.00796426	0.4011
445.5	-5.96667	0.00535935	0.4354
-450.0	-3.4	0.00461079	0.8276
-445.5	-3.4	0.00445119	0.8562
-441.0	-3.4	0.00439394	0.8672
-436.5	-3.4	0.00422083	0.9025
-432.0	-3.4	0.00451167	0.8459
-427.5	-3.4	0.00318367	0.5791
-423.0	-3.4	0.000722208	0.233
-418.5	-3.4	0.000372358	0.2791
-414.0	-3.4	0.000292301	0.3158
-409.5	-3.4	0.000239231	0.3398
-405.0	-3.4	0.000442043	0.295
-400.5	-3.4	0.000425555	0.2784
-396.0	-3.4	0.000459812	0.28
-391.5	-3.4	0.00050257	0.29
-387.0	-3.4	0.000699036	0.2333
-382.5	-3.4	0.00286709	0.6754
-378.0	-3.4	0.000766947	0.216
-373.5	-3.4	0.000760764	0.2044
-369.0	-3.4	0.0010499	0.2716
-364.5	-3.4	0.00175048	0.3685
-360.0	-3.4	0.00751086	0.4309
-355.5	-3.4	0.00231438	0.4423
-351.0	-3.4	0.0040835	0.5271
-346.5	-3.4	0.00586904	0.4985
-342.0	-3.4	0.00401242	0.4122
-337.5	-3.4	0.00803945	0.4655
-333.0	-3.4	0.0064224	0.5275
-328.5	-3.4	0.00218664	0.1359
-324.0	-3.4	0.00232518	0.1481
-319.5	-3.4	0.00480483	0.3991
-315.0	-3.4	0.0135195	0.3242
-310.5	-3.4	0.00762176	0.3625
-306.0	-3.4	0.00658816	0.4619
-301.5	-3.4	0.00640635	0.2836
-297.0	-3.4	0.00424178	0.1806
-292.5	-3.4	0.00491484	0.374
-288.0	-3.4	0.0101026	0.4203
-283.5	-3.4	0.00689275	0.4165
-279.0	-3.4	0.00900959	0.5334
-274.5	-3.4	0.0114074	0.3154
-270.0	-3.4	0.00730106	0.2772
-265.5	-3.4	0.0119324	0.2925
-261.0	-3.4	0.00541452	0.1958
-256.5	-3.4	0.00877016	0.2795
-252.0	-3.4	0.0120222	0.257
-247.5	-3.4	0.0137503	0.2083
-243.0	-3.4	0.0136958	0.2851
-238.5	-3.4	0.00813296	0.2725
-234.0	-3.4	0.0161672	0.2602
-229.5	-3.4	0.0163766	0.2565
-225.0	-3.4	0.0149104	0.2886
-220.5	-3.4	0.0174939	0.2254
-216.0	-3.4	0.0190946	0.3226
-211.5	-3.4	0.0297768	0.203
-207.0	-3.4	0.0250584	0.2302
-202.5	-3.4	0.0208794	0.2018
-198.0	-3.4	0.0331373	0.1979
-193.5	-3.4	0.0319305	0.2067
-189.0	-3.4	0.0301066	0.19
-184.5	-3.4	0.029496	0.1742
-180.0	-3.4	0.0514018	0.1812
-175.5	-3.4	0.0434738	0.1789
-171.0	-3.4	0.0522758	0.1631
-166.5	-3.4	0.0503949	0.1678
-162.0	-3.4	0.0732944	0.1698
-157.5	-3.4	0.0780223	0.1487
-153.0	-3.4	0.0684848	0.1362
-148.5	-3.4	0.071928	0.1265
-144.0	-3.4	0.0799356	0.1309
-139.5	-3.4	0.0883358	0.1169
-135.0	-3.4	0.088719	0.1193
-130.5	-3.4	0.112435	0.109
-126.0	-3.4	0.0959198	0.11
-121.5	-3.4	0.0944938	0.1201
-117.0	-3.4	0.130644	0.1068
-112.5	-3.4	0.133058	0.1127
-108.0	-3.4	0.135965	0.0988
-103.5	-3.4	0.137907	0.0995
-99.0	-3.4	0.161726	0.0929
-94.5	-3.4	0.175684	0.0938
-90.0	-3.4	0.209859	0.0917
-85.5	-3.4	0.192207	0.0894
-81.0	-3.4	0.216218	0.0932
-76.5	-3.4	0.258619	0.0855
-72.0	-3.4	0.269397	0.0834
-67.5	-3.4	0.257879	0.0732
-63.0	-3.4	0.296098	0.0744
-58.5	-3.4	0.27155	0.0743
-54.0	-3.4	0.284123	0.0822
-49.5	-3.4	0.334282	0.0777
-45.0	-3.4	0.328713	0.0707
-40.5	-3.4	0.342161	0.0779
-36.0	-3.4	0.365087	0.072
-31.5	-3.4	0.358658	0.0715
-27.0	-3.4	0.358205	0.076
-22.5	-3.4	0.416429	0.069
-18.0	-3.4	0.374086	0.0671
-13.5	-3.4	0.428206	0.071
-9.0	-3.4	0.39659	0.066
-4.5	-3.4	0.445197	0.0762
0.0	-3.4	0.46572	0.0808
4.5	-3.4	0.40697	0.0803
9.0	-3.4	0.442387	0.067
13.5	-3.4	0.438435	0.0634
18.0	-3.4	0.407467	0.0647
22.5	-3.4	0.404572	0.0667
27.0	-3.4	0.442081	0.0597
31.5	-3.4	0.397115	0.0668
36.0	-3.4	0.435618	0.0607
40.5	-3.4	0.397012	0.0654
45.0	-3.4	0.38634	0.064
49.5	-3.4	0.452572	0.0643
54.0	-3.4	0.377815	0.0636
58.5	-3.4	0.408486	0.0644
63.0	-3.4	0.33814	0.0692
67.5	-3.4	0.363703	0.0654
72.0	-3.4	0.378459	0.0751
76.5	-3.4	0.368876	0.0821
81.0	-3.4	0.353661	0.0686
85.5	-3.4	0.283201	0.0704
90.0	-3.4	0.342561	0.066
94.5	-3.4	0.325645	0.0677
99.0	-3.4	0.276816	0.0718
103.5	-3.4	0.277971	0.0716
108.0	-3.4	0.273153	0.0814
112.5	-3.4	0.235323	0.0883
117.0	-3.4	0.234822	0.0834
121.5	-3.4	0.208832	0.0811
126.0	-3.4	0.223301	0.0812
130.5	-3.4	0.193996	0.0824
135.0	-3.4	0.196421	0.0911
139.5	-3.4	0.190978	0.0846
144.0	-3.4	0.182978	0.0897
148.5	-3.4	0.202087	0.0903
153.0	-3.4	0.180633	0.093
157.5	-3.4	0.165614	0.0919
162.0	-3.4	0.142474	0.1011
166.5	-3.4	0.124415	0.1086
171.0	-3.4	0.142949	0.0967
175.5	-3.4	0.145057	0.117
180.0	-3.4	0.127348	0.1017
184.5	-3.4	0.0995332	0.1128
189.0	-3.4	0.108991	0.1115
193.5	-3.4	0.105116	0.112
198.0	-3.4	0.085464	0.1334
202.5	-3.4	0.094755	0.1221
207.0	-3.4	0.0787121	0.1237
211.5	-3.4	0.0882496	0.1201
216.0	-3.4	0.104242	0.1201
220.5	-3.4	0.0902568	0.119
225.0	-3.4	0.0852479	0.1321
229.5	-3.4	0.08187	0.1292
234.0	-3.4	0.0748035	0.1525
238.5	-3.4	0.0686715	0.1544
243.0	-3.4	0.0472976	0.1542
247.5	-3.4	0.0626749	0.1461
252.0	-3.4	0.0568465	0.1413
256.5	-3.4	0.0694948	0.1552
261.0	-3.4	0.0572051	0.1439
265.5	-3.4	0.070711	0.1365
270.0	-3.4	0.051679	0.1612
274.5	-3.4	0.0437109	0.1776
279.0	-3.4	0.0428225	0.1893
283.5	-3.4	0.0464319	0.1772
288.0	-3.4	0.048979	0.2026
292.5	-3.4	0.0315892	0.173
297.0	-3.4	0.0565793	0.1545
301.5	-3.4	0.0437945	0.1703
306.0	-3.4	0.0386374	0.195
310.5	-3.4	0.0340434	0.1823
315.0	-3.4	0.0323902	0.2118
319.5	-3.4	0.027944	0.1796
324.0	-3.4	0.0386879	0.2011
328.5	-3.4	0.0268806	0.1925
333.0	-3.4	0.0295589	0.2547
337.5	-3.4	0.0366536	0.2325
342.0	-3.4	0.0173788	0.2128
346.5	-3.4	0.0234723	0.2222
351.0	-3.4	0.0206869	0.2203
355.5	-3.4	0.0148366	0.2595
360.0	-3.4	0.0104307	0.2702
364.5	-3.4	0.020144	0.2375
369.0	-3.4	0.0274702	0.255
373.5	-3.4	0.0167443	0.3862
378.0	-3.4	0.0174833	0.2957
382.5	-3.4	0.0195462	0.2975
387.0	-3.4	0.00802225	0.419
391.5	-3.4	0.00758565	0.4338
396.0	-3.4	0.00859837	0.4224
400.5	-3.4	0.00826491	0.573
405.0	-3.4	0.0067327	0.5525
409.5	-3.4	0.00408051	0.5315
414.0	-3.4	0.00784153	0.3988
418.5	-3.4	0.00270869	0.3748
423.0	-3.4	0.0036999	0.3771
427.5	-3.4	0.00506267	0.4536
432.0	-3.4	0.00338137	0.4014
436.5	-3.4	0.00860782	0.4281
441.0	-3.4	0.00467799	0.4674
445.5	-3.4	0.00199882	0.2742
-450.0	-0.833333	0.00308971	0.6671
-445.5	-0.833333	0.000886397	0.2341
-441.0	-0.833333	0.00213956	0.6752
-436.5	-0.833333	0.00278102	0.8311
-432.0	-0.833333	0.000974799	0.5278
-427.5	-0.833333	0.00123975	0.4056
-423.0	-0.833333	0.00152661	0.6306
-418.5	-0.833333	0.000414716	0.3312
-414.0	-0.833333	0.00252847	0.4797
-409.5	-0.833333	0.000520224	0.2999
-405.0	-0.833333	0.000613999	0.2644
-400.5	-0.833333	0.00149636	0.679
-396.0	-0.833333	0.000726981	0.2366
-391.5	-0.833333	0.000462988	0.265
-387.0	-0.833333	0.000498627	0.2686
-382.5	-0.833333	0.000773004	0.2262
-378.0	-0.833333	0.00121399	0.1778
-373.5	-0.833333	0.00121983	0.1808
-369.0	-0.833333	0.00115808	0.1737
-364.5	-0.833333	0.00231467	0.2636
-360.0	-0.833333	0.00413953	0.5105
-355.5	-0.833333	0.00415965	0.4389
-351.0	-0.833333	0.0024339	0.3084
-346.5	-0.833333	0.00502136	0.4733
-342.0	-0.833333	0.0037104	0.5297
-337.5	-0.833333	0.00662902	0.3367
-333.0	-0.833333	0.00899937	0.4581
-328.5	-0.833333	0.0107252	0.4741
-324.0	-0.833333	0.00639393	0.4467
-319.5	-0.833333	0.00664927	0.5881
-315.0	-0.833333	0.0070844	0.3028
-310.5	-0.833333	0.00330513	0.188
-306.0	-0.833333	0.00842641	0.4383
-301.5	-0.833333	0.0103504	0.4221
-297.0	-0.833333	0.014274	0.4128
-292.5	-0.833333	0.0108132	0.4134
-288.0	-0.833333	0.00813673	0.3706
-283.5	-0.833333	0.00840383	0.3931
-279.0	-0.833333	0.00506501	0.2574
-274.5	-0.833333	0.00396441	0.202
-270.0	-0.833333	0.00944628	0.2956
-265.5	-0.833333	0.00770871	0.2441
-261.0	-0.833333	0.0102972	0.2975
-256.5	-0.833333	0.00636974	0.2454
-252.0	-0.833333	0.00547126	0.1674
-247.5	-0.833333	0.0091511	0.2587
-243.0	-0.833333	0.0163242	0.2974
-238.5	-0.833333	0.0228629	0.2563
-234.0	-0.833333	0.017934	0.2417
-229.5	-0.833333	0.0167707	0.25
-225.0	-0.833333	0.0167236	0.2532
-220.5	-0.833333	0.0175367	0.2208
-216.0	-0.833333	0.0274553	0.222
-211.5	-0.833333	0.0191518	0.3207
-207.0	-0.833333	0.0272138	0.2309
-202.5	-0.833333	0.0215713	0.2038
-198.0	-0.833333	0.0420668	0.1957
-193.5	-0.833333	0.0338799	0.1826
-189.0	-0.833333	0.0454025	0.1852
-184.5	-0.833333	0.0282325	0.1901
-180.0	-0.833333	0.0459113	0.1709
-175.5	-0.833333	0.0457534	0.1687
-171.0	-0.833333	0.0475738	0.1668
-166.5	-0.833333	0.0515473	0.1607
-162.0	-0.833333	0.0661377	0.1345
-157.5	-0.833333	0.0740382	0.1581
-153.0	-0.833333	0.0660808	0.1372
-148.5	-0.833333	0.0716033	0.142
-144.0	-0.833333	0.0940011	0.1325
-139.5	-0.833333	0.10196	0.1282
-135.0	-0.833333	0.0930216	0.1144
-130.5	-0.833333	0.0954874	0.1132
-126.0	-0.833333	0.115367	0.1121
-121.5	-0.833333	0.101396	0.1107
-117.0	-0.833333	0.14337	0.0998
-112.5	-0.833333	0.15551	0.0997
-108.0	-0.833333	0.146177	0.0952
-103.5	-0.833333	0.162703	0.1099
-99.0	-0.833333	0.154609	0.0943
-94.5	-0.833333	0.193149	0.091
-90.0	-0.833333	0.204413	0.0853
-85.5	-0.833333	0.183857	0.0905
-81.0	-0.833333	0.215852	0.0895
-76.5	-0.833333	0.207605	0.0833
-72.0	-0.833333	0.252432	0.0961
-67.5	-0.833333	0.24306	0.0863
-63.0	-0.833333	0.310177	0.0796
-58.5	-0.833333	0.305227	0.0744
-54.0	-0.833333	0.317986	0.0854
-49.5	-0.833333	0.307801	0.0738
-45.0	-0.833333	0.289284	0.0677
-40.5	-0.833333	0.357314	0.0654
-36.0	-0.833333	0.364038	0.0744
-31.5	-0.833333	0.359445	0.0772
-27.0	-0.833333	0.338877	0.0719
-22.5	-0.833333	0.393086	0.0698
-18.0	-0.833333	0.415374	0.0867
-13.5	-0.833333	0.464828	0.0713
-9.0	-0.833333	0.414546	0.0736
-4.5	-0.833333	0.348081	0.0625
0.0	-0.833333	0.443421	0.0633
4.5	-0.833333	0.446841	0.0732
9.0	-0.833333	0.430548	0.0571
13.5	-0.833333	0.478216	0.0658
18.0	-0.833333	0.388174	0.0647
22.5	-0.833333	0.447332	0.0638
27.0	-0.833333	0.436346	0.0615
31.5	-0.833333	0.433917	0.0635
36.0	-0.833333	0.435304	0.068
40.5	-0.833333	0.412736	0.0672
45.0	-0.833333	0.415951	0.0654
49.5	-0.833333	0.467629	0.0681
54.0	-0.833333	0.39242	0.0609
58.5	-0.833333	0.389991	0.0645
63.0	-0.833333	0.325689	0.0693
67.5	-0.833333	0.374872	0.0643
72.0	-0.833333	0.378099	0.0657
76.5	-0.833333	0.357384	0.0665
81.0	-0.833333	0.345996	0.0669
85.5	-0.833333	0.331811	0.0708
90.0	-0.833333	0.298194	0.0713
94.5	-0.833333	0.283669	0.0714
99.0	-0.833333	0.292055	0.0783
103.5	-0.833333	0.267816	0.0765
108.0	-0.833333	0.283822	0.0852
112.5	-0.833333	0.261015	0.0793
117.0	-0.833333	0.232512	0.0787
121.5	-0.833333	0.219197	0.08
126.0	-0.833333	0.240303	0.08
130.5	-0.833333	0.22136	0.0808
135.0	-0.833333	0.217773	0.086
139.5	-0.833333	0.191814	0.0916
144.0	-0.833333	0.202067	0.0885
148.5	-0.833333	0.185149	0.0839
153.0	-0.833333	0.175372	0.0935
157.5	-0.833333	0.166732	0.0926
162.0	-0.833333	0.176038	0.1138
166.5	-0.833333	0.143696	0.101
171.0	-0.833333	0.130256	0.1058
175.5	-0.833333	0.136702	0.0964
180.0	-0.833333	0.134277	0.1105
184.5	-0.833333	0.125035	0.1099
189.0	-0.833333	0.0988713	0.1163
193.5	-0.833333	0.121705	0.1126
198.0	-0.833333	0.092988	0.1208
202.5	-0.833333	0.0787969	0.1315
207.0	-0.833333	0.0926735	0.1254
211.5	-0.833333	0.0888556	0.1368
216.0	-0.833333	0.0797473	0.1382
220.5	-0.833333	0.0775097	0.1335
225.0	-0.833333	0.0752001	0.1272
229.5	-0.833333	0.0782801	0.1507
234.0	-0.833333	0.074279	0.1279
238.5	-0.833333	0.0697151	0.1311
243.0	-0.833333	0.0453615	0.1717
247.5	-0.833333	0.0599896	0.1576
252.0	-0.833333	0.060951	0.1484
256.5	-0.833333	0.060455	0.1383
261.0	-0.833333	0.0684579	0.1402
265.5	-0.833333	0.0492127	0.1662
270.0	-0.833333	0.049265	0.1475
274.5	-0.833333	0.0486295	0.1648
279.0	-0.833333	0.0334057	0.1811
283.5	-0.833333	0.0364208	0.197
288.0	-0.833333	0.0454573	0.1729
292.5	-0.833333	0.049222	0.1802
297.0	-0.833333	0.0314625	0.1764
301.5	-0.833333	0.0446961	0.2126
306.0	-0.833333	0.0286405	0.1905
310.5	-0.833333	0.034395	0.2053
315.0	-0.833333	0.0313037	0.2011
319.5	-0.833333	0.0271374	0.203
324.0	-0.833333	0.0251892	0.2259
328.5	-0.833333	0.0334983	0.2223
333.0	-0.833333	0.0375651	0.1982
337.5	-0.833333	0.0259581	0.2829
342.0	-0.833333	0.0297839	0.1804
346.5	-0.833333	0.0277471	0.2008
351.0	-0.833333	0.0205857	0.2571
355.5	-0.833333	0.0221237	0.2808
360.0	-0.833333	0.0215526	0.2826
364.5	-0.833333	0.0217725	0.2645
369.0	-0.833333	0.0163769	0.2844
373.5	-0.833333	0.0208255	0.2604
378.0	-0.833333	0.0157798	0.2883
382.5	-0.833333	0.0124042	0.3423
387.0	-0.833333	0.014094	0.3438
391.5	-0.833333	0.0137187	0.3394
396.0	-0.833333	0.00575723	0.5407
400.5	-0.833333	0.00365942	0.6627
405.0	-0.833333	0.00556982	0.3972
409.5	-0.833333	0.00888342	0.5297
414.0	-0.833333	0.0101778	0.4117
418.5	-0.833333	0.00691763	0.4181
423.0	-0.833333	0.00416132	0.5824
427.5	-0.833333	0.00649097	0.5007
432.0	-0.833333	0.00736984	0.4382
436.5	-0.833333	0.00667571	0.4893
441.0	-0.833333	0.00740217	0.5419
445.5	-0.833333	0.0064816	0.4213
-450.0	1.73333	0.00270365	0.5363
-445.5	1.73333	0.00134036	0.6997
-441.0	1.73333	0.00117364	0.7984
-436.5	1.73333	0.000557073	0.238
-432.0	1.73333	0.00251264	0.6272
-427.5	1.73333	0.00103499	0.3254
-423.0	1.73333	0.00122728	0.7
-418.5	1.73333	0.000309272	0.3606
-414.0	1.73333	0.00211411	0.4946
-409.5	1.73333	0.000644861	0.2731
-405.0	1.73333	0.000571961	0.2904
-400.5	1.73333	0.000418077	0.3036
-396.0	1.73333	0.000766053	0.4549
-391.5	1.73333	0.000808612	0.2166
-387.0	1.73333	0.00224141	0.7438
-382.5	1.73333	0.00109922	0.1898
-378.0	1.73333	0.000981087	0.3254
-373.5	1.73333	0.00121139	0.3119
-369.0	1.73333	0.000848977	0.1858
-364.5	1.73333	0.0014059	0.1558
-360.0	1.73333	0.00145654	0.2073
-355.5	1.73333	0.00548801	0.4809
-351.0	1.73333	0.00757647	0.4208
-346.5	1.73333	0.00726461	0.4113
-342.0	1.73333	0.00538328	0.4339
-337.5	1.73333	0.00729003	0.37
-333.0	1.73333	0.00539991	0.3237
-328.5	1.73333	0.00559336	0.4905
-324.0	1.73333	0.0111731	0.4785
-319.5	1.73333	0.00810501	0.353
-315.0	1.73333	0.00628866	0.4255
-310.5	1.73333	0.00595053	0.3822
-306.0	1.73333	0.00339706	0.1256
-301.5	1.73333	0.0048744	0.2489
-297.0	1.73333	0.00512813	0.2377
-292.5	1.73333	0.0066923	0.3448
-288.0	1.73333	0.00726627	0.3487
-283.5	1.73333	0.00446197	0.2564
-279.0	1.73333	0.0113576	0.3955
-274.5	1.73333	0.00932947	0.367
-270.0	1.73333	0.0144987	0.3333
-265.5	1.73333	0.00906284	0.3097
-261.0	1.73333	0.00952618	0.285
-256.5	1.73333	0.00654132	0.2833
-252.0	1.73333	0.0111343	0.3344
-247.5	1.73333	0.011577	0.3736
-243.0	1.73333	0.0134906	0.2792
-238.5	1.73333	0.0119363	0.2265
-234.0	1.73333	0.00843254	0.2038
-229.5	1.73333	0.01147	0.2745
-225.0	1.73333	0.0175057	0.2514
-220.5	1.73333	0.0245629	0.2765
-216.0	1.73333	0.0333823	0.2316
-211.5	1.73333	0.024475	0.2271
-207.0	1.73333	0.0281017	0.27
-202.5	1.73333	0.0301309	0.2082
-198.0	1.73333	0.0309032	0.1921
-193.5	1.73333	0.0270325	0.2106
-189.0	1.73333	0.048784	0.1742
-184.5	1.73333	0.0374348	0.1895
-180.0	1.73333	0.0448628	0.1728
-175.5	1.73333	0.0482964	0.1711
-171.0	1.73333	0.0588439	0.1685
-166.5	1.73333	0.0577091	0.1613
-162.0	1.73333	0.0469799	0.1591
-157.5	1.73333	0.06527	0.1564
-153.0	1.73333	0.0726825	0.1487
-148.5	1.73333	0.0706927	0.1478
-144.0	1.73333	0.0780728	0.1332
-139.5	1.73333	0.0802957	0.1341
-135.0	1.73333	0.0945152	0.1149
-130.5	1.73333	0.103028	0.1131
-126.0	1.73333	0.104958	0.1032
-121.5	1.73333	0.112046	0.1139
-117.0	1.73333	0.169764	0.1322
-112.5	1.73333	0.150702	0.1092
-108.0	1.73333	0.142738	0.1026
-103.5	1.73333	0.143596	0.1029
-99.0	1.73333	0.187581	0.1064
-94.5	1.73333	0.208841	0.0988
-90.0	1.73333	0.213377	0.087
-85.5	1.73333	0.182002	0.0955
-81.0	1.73333	0.226779	0.0871
-76.5	1.73333	0.22682	0.0788
-72.0	1.73333	0.246806	0.082
-67.5	1.73333	0.233	0.0749
-63.0	1.73333	0.281743	0.0725
-58.5	1.73333	0.302951	0.0777
-54.0	1.73333	0.30819	0.068
-49.5	1.73333	0.298365	0.0726
-45.0	1.73333	0.307412	0.0669
-40.5	1.73333	0.343661	0.0673
-36.0	1.73333	0.349941	0.0668
-31.5	1.73333	0.331566	0.0731
-27.0	1.73333	0.39777	0.0684
-22.5	1.73333	0.372966	0.0669
-18.0	1.73333	0.381328	0.0702
-13.5	1.73333	0.418652	0.0652
-9.0	1.73333	0.445004	0.0702
-4.5	1.73333	0.388409	0.0652
0.0	1.73333	0.443577	0.0639
4.5	1.73333	0.431605	0.0636
9.0	1.73333	0.455263	0.0695
13.5	1.73333	0.435797	0.0674
18.0	1.73333	0.418236	0.0625
22.5	1.73333	0.429914	0.0669
27.0	1.73333	0.43726	0.065
31.5	1.73333	0.437248	0.0684
36.0	1.73333	0.391511	0.0684
40.5	1.73333	0.421804	0.063
45.0	1.73333	0.421455	0.0637
49.5	1.73333	0.3886	0.0654
54.0	1.73333	0.396874	0.0633
58.5	1.73333	0.377994	0.0689
63.0	1.73333	0.333497	0.0701
67.5	1.73333	0.337628	0.069
72.0	1.73333	0.376668	0.0668
76.5	1.73333	0.334275	0.0664
81.0	1.73333	0.35747	0.0668
85.5	1.73333	0.274619	0.0703
90.0	1.73333	0.314033	0.0776
94.5	1.73333	0.31794	0.0738
99.0	1.73333	0.289178	0.0744
103.5	1.73333	0.278678	0.0731
108.0	1.73333	0.248888	0.0869
112.5	1.73333	0.254945	0.0837
117.0	1.73333	0.273013	0.0734
121.5	1.73333	0.248052	0.078
126.0	1.73333	0.245614	0.0894
130.5	1.73333	0.201134	0.0838
135.0	1.73333	0.19794	0.093
139.5	1.73333	0.209042	0.0862
144.0	1.73333	0.204828	0.0885
148.5	1.73333	0.173058	0.0955
153.0	1.73333	0.148479	0.0936
157.5	1.73333	0.16612	0.092
162.0	1.73333	0.142618	0.096
166.5	1.73333	0.155236	0.0943
171.0	1.73333	0.123305	0.0991
175.5	1.73333	0.124348	0.1056
180.0	1.73333	0.121006	0.1096
184.5	1.73333	0.106804	0.1115
189.0	1.73333	0.121216	0.1126
193.5	1.73333	0.100148	0.1349
198.0	1.73333	0.104201	0.1183
202.5	1.73333	0.0980955	0.1155
207.0	1.73333	0.102007	0.1349
211.5	1.73333	0.0905561	0.1278
216.0	1.73333	0.0714485	0.1293
220.5	1.73333	0.0902778	0.1389
225.0	1.73333	0.0928295	0.1432
229.5	1.73333	0.0673234	0.1466
234.0	1.73333	0.0837779	0.1375
238.5	1.73333	0.0593812	0.1427
243.0	1.73333	0.0441076	0.1384
247.5	1.73333	0.0649675	0.1734
252.0	1.73333	0.0573468	0.1551
256.5	1.73333	0.052312	0.1469
261.0	1.73333	0.0430421	0.1524
265.5	1.73333	0.0542837	0.1507
270.0	1.73333	0.0523583	0.1596
274.5	1.73333	0.0484966	0.1845
279.0	1.73333	0.0380987	0.1735
283.5	1.73333	0.0394241	0.1672
288.0	1.73333	0.0401365	0.1865
292.5	1.73333	0.0349773	0.2019
297.0	1.73333	0.044118	0.1751
301.5	1.73333	0.036668	0.1683
306.0	1.73333	0.0287045	0.2035
310.5	1.73333	0.0301914	0.1972
315.0	1.73333	0.0290012	0.1945
319.5	1.73333	0.0247223	0.1846
324.0	1.73333	0.0324417	0.245
328.5	1.73333	0.037462	0.2339
333.0	1.73333	0.0267427	0.2411
337.5	1.73333	0.028483	0.2416
342.0	1.73333	0.0332256	0.2114
346.5	1.73333	0.0352504	0.2409
351.0	1.73333	0.0236231	0.2342
355.5	1.73333	0.0155319	0.3135
360.0	1.73333	0.020556	0.3085
364.5	1.73333	0.0121851	0.3003
369.0	1.73333	0.01753	0.2838
373.5	1.73333	0.0101531	0.3058
378.0	1.73333	0.00956402	0.3534
382.5	1.73333	0.0112754	0.3161
387.0	1.73333	0.00831201	0.3479
391.5	1.73333	0.00669494	0.3696
396.0	1.73333	0.00592673	0.4055
400.5	1.73333	0.00450847	0.3609
405.0	1.73333	0.00834396	0.3669
409.5	1.73333	0.00958962	0.3759
414.0	1.73333	0.00665435	0.3876
418.5	1.73333	0.00490379	0.4234
423.0	1.73333	0.00305343	0.6006
427.5	1.73333	0.00596754	0.4353
432.0	1.73333	0.00347151	0.381
436.5	1.73333	0.00593431	0.3699
441.0	1.73333	0.00849067	0.4929
445.5	1.73333	0.00659081	0.3788
-450.0	4.3	0.000460995	0.2597
-445.5	4.3	0.000772297	0.2225
-441.0	4.3	0.00128095	0.5869
-436.5	4.3	0.00125657	0.6489
-432.0	4.3	0.00031747	0.395
-427.5	4.3	0.00412758	0.7835
-423.0	4.3	0.000603665	0.2527
-418.5	4.3	0.000767373	0.3708
-414.0	4.3	0.0014331	0.4607
-409.5	4.3	0.00051784	0.2696
-405.0	4.3	0.000420112	0.3109
-400.5	4.3	0.000412411	0.3273
-396.0	4.3	0.00069482	0.2406
-391.5	4.3	0.00175787	0.5241
-387.0	4.3	0.000517457	0.3407
-382.5	4.3	0.0017042	0.6167
-378.0	4.3	0.00124161	0.2493
-373.5	4.3	0.00213794	0.4856
-369.0	4.3	0.00301011	0.6033
-364.5	4.3	0.00214777	0.4284
-360.0	4.3	0.00216879	0.5125
-355.5	4.3	0.00525857	0.5096
-351.0	4.3	0.0047111	0.4017
-346.5	4.3	0.00705645	0.4306
-342.0	4.3	0.00702146	0.3326
-337.5	4.3	0.00561786	0.4579
-333.0	4.3	0.00542463	0.3882
-328.5	4.3	0.0057231	0.3678
-324.0	4.3	0.00526158	0.409
-319.5	4.3	0.00560896	0.3503
-315.0	4.3	0.00701724	0.5335
-310.5	4.3	0.00675109	0.3316
-306.0	4.3	0.00439125	0.4216
-301.5	4.3	0.00341701	0.2783
-297.0	4.3	0.00712027	0.3345
-292.5	4.3	0.00481884	0.2417
-288.0	4.3	0.00398983	0.2052
-283.5	4.3	0.0103547	0.3283
-279.0	4.3	0.00958117	0.4414
-274.5	4.3	0.00509887	0.3233
-270.0	4.3	0.00909634	0.2945
-265.5	4.3	0.00751003	0.2428
-261.0	4.3	0.0121099	0.2806
-256.5	4.3	0.0122881	0.3101
-252.0	4.3	0.00870623	0.3509
-247.5	4.3	0.00966413	0.2694
-243.0	4.3	0.0278247	0.2602
-238.5	4.3	0.0154024	0.3173
-234.0	4.3	0.0144536	0.297
-229.5	4.3	0.0175062	0.2931
-225.0	4.3	0.0165242	0.2496
-220.5	4.3	0.0262678	0.2391
-216.0	4.3	0.027277	0.2507
-211.5	4.3	0.0327261	0.222
-207.0	4.3	0.0210817	0.1962
-202.5	4.3	0.0332858	0.2075
-198.0	4.3	0.0337454	0.1999
-193.5	4.3	0.0364274	0.2273
-189.0	4.3	0.044047	0.2138
-184.5	4.3	0.0333984	0.2085
-180.0	4.3	0.039413	0.1528
-175.5	4.3	0.0546246	0.1562
-171.0	4.3	0.055303	0.1431
-166.5	4.3	0.0450972	0.1527
-162.0	4.3	0.0461973	0.1606
-157.5	4.3	0.0439277	0.1542
-153.0	4.3	0.0556423	0.1406
-148.5	4.3	0.0865049	0.1297
-144.0	4.3	0.0820368	0.1312
-139.5	4.3	0.0914042	0.1228
-135.0	4.3	0.0940581	0.1219
-130.5	4.3	0.105765	0.1246
-126.0	4.3	0.103336	0.098
-121.5	4.3	0.116815	0.1123
-117.0	4.3	0.130098	0.1044
-112.5	4.3	0.155458	0.0981
-108.0	4.3	0.148941	0.0983
-103.5	4.3	0.161819	0.1025
-99.0	4.3	0.179116	0.0964
-94.5	4.3	0.202716	0.0859
-90.0	4.3	0.20313	0.0852
-85.5	4.3	0.223236	0.0885
-81.0	4.3	0.220984	0.083
-76.5	4.3	0.235903	0.0858
-72.0	4.3	0.255283	0.0865
-67.5	4.3	0.244588	0.0786
-63.0	4.3	0.227644	0.0752
-58.5	4.3	0.299884	0.0715
-54.0	4.3	0.329075	0.0698
-49.5	4.3	0.313867	0.0724
-45.0	4.3	0.281869	0.0732
-40.5	4.3	0.369658	0.0692
-36.0	4.3	0.312022	0.0657
-31.5	4.3	0.360346	0.0653
-27.0	4.3	0.355879	0.0688
-22.5	4.3	0.392088	0.0652
-18.0	4.3	0.424755	0.0651
-13.5	4.3	0.447034	0.0643
-9.0	4.3	0.375296	0.0711
-4.5	4.3	0.398129	0.0652
0.0	4.3	0.426447	0.0618
4.5	4.3	0.41928	0.0639
9.0	4.3	0.417852	0.0636
13.5	4.3	0.38552	0.0655
18.0	4.3	0.415408	0.0637
22.5	4.3	0.440232	0.0614
27.0	4.3	0.434566	0.0665
31.5	4.3	0.40779	0.064
36.0	4.3	0.417503	0.064
40.5	4.3	0.407811	0.066
45.0	4.3	0.422683	0.0659
49.5	4.3	0.392649	0.0641
54.0	4.3	0.369297	0.064
58.5	4.3	0.354455	0.0637
63.0	4.3	0.338788	0.0693
67.5	4.3	0.376546	0.0694
72.0	4.3	0.318464	0.0665
76.5	4.3	0.348579	0.0663
81.0	4.3	0.337266	0.0655
85.5	4.3	0.317564	0.0662
90.0	4.3	0.296841	0.0768
94.5	4.3	0.318958	0.0705
99.0	4.3	0.280079	0.0719
103.5	4.3	0.270409	0.0734
108.0	4.3	0.229244	0.076
112.5	4.3	0.26073	0.0758
117.0	4.3	0.236411	0.0757
121.5	4.3	0.241184	0.0751
126.0	4.3	0.200935	0.0811
130.5	4.3	0.225047	0.0911
135.0	4.3	0.189242	0.0844
139.5	4.3	0.161933	0.0876
144.0	4.3	0.177082	0.091
148.5	4.3	0.17219	0.0886
153.0	4.3	0.182001	0.0907
157.5	4.3	0.165789	0.0927
162.0	4.3	0.139784	0.102
166.5	4.3	0.142505	0.1035
171.0	4.3	0.126995	0.1055
175.5	4.3	0.159242	0.0985
180.0	4.3	0.121423	0.1103
184.5	4.3	0.0955288	0.1196
189.0	4.3	0.102378	0.1195
193.5	4.3	0.0946277	0.1092
198.0	4.3	0.109943	0.1127
202.5	4.3	0.0954574	0.1173
207.0	4.3	0.0776422	0.1295
211.5	4.3	0.0681997	0.1201
216.0	4.3	0.0731755	0.128
220.5	4.3	0.0869724	0.1271
225.0	4.3	0.0907665	0.1343
229.5	4.3	0.0640134	0.1412
234.0	4.3	0.0815281	0.1398
238.5	4.3	0.0621063	0.1429
243.0	4.3	0.0508177	0.1683
247.5	4.3	0.0512261	0.1641
252.0	4.3	0.0564273	0.151
256.5	4.3	0.0464542	0.1547
261.0	4.3	0.058597	0.1602
265.5	4.3	0.0523285	0.1665
270.0	4.3	0.0362404	0.155
274.5	4.3	0.0519363	0.1557
279.0	4.3	0.0564878	0.1451
283.5	4.3	0.0490584	0.1766
288.0	4.3	0.0449386	0.1742
292.5	4.3	0.0462621	0.1625
297.0	4.3	0.0390652	0.1907
301.5	4.3	0.0404494	0.1942
306.0	4.3	0.0383262	0.1999
310.5	4.3	0.0263733	0.19
315.0	4.3	0.0282703	0.2345
319.5	4.3	0.0256812	0.2275
324.0	4.3	0.0274031	0.2196
328.5	4.3	0.0224698	0.1861
333.0	4.3	0.0190287	0.2024
337.5	4.3	0.0321589	0.2293
342.0	4.3	0.039936	0.1887
346.5	4.3	0.0344459	0.2728
351.0	4.3	0.0301681	0.2174
355.5	4.3	0.020783	0.263
360.0	4.3	0.0213629	0.2315
364.5	4.3	0.0202896	0.2264
369.0	4.3	0.0168592	0.238
373.5	4.3	0.0119991	0.3232
378.0	4.3	0.00866925	0.2677
382.5	4.3	0.00845333	0.5151
387.0	4.3	0.00927037	0.3546
391.5	4.3	0.00506684	0.2911
396.0	4.3	0.0132237	0.3297
400.5	4.3	0.00890601	0.4296
405.0	4.3	0.00416508	0.4884
409.5	4.3	0.00135825	0.4348
414.0	4.3	0.0017023	0.3524
418.5	4.3	0.00563518	0.5058
423.0	4.3	0.00522283	0.4011
427.5	4.3	0.00427907	0.3943
432.0	4.3	0.00340553	0.3311
436.5	4.3	0.00684071	0.4044
441.0	4.3	0.00354025	0.3555
445.5	4.3	0.00937352	0.3898
-450.0	6.86667	0.00191021	0.645
-445.5	6.86667	0.00254488	0.6224
-441.0	6.86667	0.00357368	0.844
-436.5	6.86667	0.000435774	0.2733
-432.0	6.86667	0.000380159	0.2859
-427.5	6.86667	0.00217361	0.5604
-423.0	6.86667	0.000301459	0.287
-418.5	6.86667	0.000766915	0.5178
-414.0	6.86667	0.000469963	0.2457
-409.5	6.86667	0.000398375	0.283
-405.0	6.86667	0.000227988	0.3565
-400.5	6.86667	0.00179468	0.8402
-396.0	6.86667	0.00044365	0.2965
-391.5	6.86667	0.00173637	0.6928
-387.0	6.86667	0.000648921	0.2226
-382.5	6.86667	0.000794699	0.2002
-378.0	6.86667	0.00292874	0.482
-373.5	6.86667	0.0017601	0.2511
-369.0	6.86667	0.0017343	0.255
-364.5	6.86667	0.00190107	0.24
-360.0	6.86667	0.00174474	0.2564
-355.5	6.86667	0.00335065	0.4148
-351.0	6.86667	0.00376601	0.5551
-346.5	6.86667	0.00436145	0.4341
-342.0	6.86667	0.0119433	0.4581
-337.5	6.86667	0.0119622	0.566
-333.0	6.86667	0.00894306	0.5351
-328.5	6.86667	0.0167287	0.3755
-324.0	6.86667	0.0073522	0.4583
-319.5	6.86667	0.00411804	0.2477
-315.0	6.86667	0.00558608	0.3034
-310.5	6.86667	0.00769997	0.4048
-306.0	6.86667	0.0035479	0.275
-301.5	6.86667	0.00632141	0.2814
-297.0	6.86667	0.00602599	0.2645
-292.5	6.86667	0.007269	0.3669
-288.0	6.86667	0.00724181	0.3498
-283.5	6.86667	0.00893811	0.3159
-279.0	6.86667	0.00492345	0.2381
-274.5	6.86667	0.00676762	0.2515
-270.0	6.86667	0.0107208	0.2515
-265.5	6.86667	0.00903937	0.3436
-261.0	6.86667	0.00683194	0.2499
-256.5	6.86667	0.0167708	0.3345
-252.0	6.86667	0.00925654	0.3155
-247.5	6.86667	0.0190906	0.2903
-243.0	6.86667	0.014914	0.2708
-238.5	6.86667	0.0164719	0.2049
-234.0	6.86667	0.00889075	0.2059
-229.5	6.86667	0.0185245	0.2565
-225.0	6.86667	0.0223054	0.2186
-220.5	6.86667	0.0174144	0.2352
-216.0	6.86667	0.0233885	0.2508
-211.5	6.86667	0.0182673	0.1913
-207.0	6.86667	0.0285715	0.2151
-202.5	6.86667	0.0273369	0.2112
-198.0	6.86667	0.0270828	0.2101
-193.5	6.86667	0.026896	0.1968
-189.0	6.86667	0.0381896	0.1958
-184.5	6.86667	0.0390555	0.1748
-180.0	6.86667	0.0516651	0.1911
-175.5	6.86667	0.0515535	0.183
-171.0	6.86667	0.0539877	0.1516
-166.5	6.86667	0.0749731	0.1509
-162.0	6.86667	0.0763899	0.136
-157.5	6.86667	0.0695576	0.1393
-153.0	6.86667	0.0606047	0.143
-148.5	6.86667	0.0923496	0.1363
-144.0	6.86667	0.102904	0.129
-139.5	6.86667	0.0804306	0.1258
-135.0	6.86667	0.087723	0.1098
-130.5	6.86667	0.105863	0.1103
-126.0	6.86667	0.126706	0.1091
-121.5	6.86667	0.127086	0.1068
-117.0	6.86667	0.127527	0.1074
-112.5	6.86667	0.142752	0.1218
-108.0	6.86667	0.174188	0.109
-103.5	6.86667	0.17185	0.1018
-99.0	6.86667	0.155305	0.0886
-94.5	6.86667	0.216129	0.0935
-90.0	6.86667	0.195297	0.086
-85.5	6.86667	0.206014	0.0814
-81.0	6.86667	0.217609	0.0804
-76.5	6.86667	0.248338	0.0791
-72.0	6.86667	0.261721	0.0804
-67.5	6.86667	0.23185	0.0857
-63.0	6.86667	0.26631	0.0812
-58.5	6.86667	0.318567	0.0736
-54.0	6.86667	0.315709	0.0762
-49.5	6.86667	0.29516	0.0688
-45.0	6.86667	0.3538	0.0699
-40.5	6.86667	0.34562	0.0736
-36.0	6.86667	0.369522	0.0729
-31.5	6.86667	0.392429	0.0745
-27.0	6.86667	0.386743	0.0734
-22.5	6.86667	0.418089	0.067
-18.0	6.86667	0.409316	0.0705
-13.5	6.86667	0.46542	0.0641
-9.0	6.86667	0.416987	0.07
-4.5	6.86667	0.423767	0.0733
0.0	6.86667	0.415136	0.0707
4.5	6.86667	0.461838	0.0629
9.0	6.86667	0.432026	0.063
13.5	6.86667	0.410743	0.0686
18.0	6.86667	0.401568	0.0712
22.5	6.86667	0.4212	0.0604
27.0	6.86667	0.485664	0.0843
31.5	6.86667	0.379381	0.061
36.0	6.86667	0.433418	0.077
40.5	6.86667	0.390663	0.0658
45.0	6.86667	0.414693	0.0647
49.5	6.86667	0.403008	0.0619
54.0	6.86667	0.416932	0.0627
58.5	6.86667	0.341649	0.0624
63.0	6.86667	0.325338	0.0658
67.5	6.86667	0.373144	0.0671
72.0	6.86667	0.322985	0.0695
76.5	6.86667	0.36186	0.0705
81.0	6.86667	0.328895	0.0643
85.5	6.86667	0.312639	0.0738
90.0	6.86667	0.314705	0.0711
94.5	6.86667	0.277913	0.0753
99.0	6.86667	0.294719	0.0697
103.5	6.86667	0.260919	0.0818
108.0	6.86667	0.289115	0.0767
112.5	6.86667	0.285272	0.0794
117.0	6.86667	0.238803	0.0755
121.5	6.86667	0.239589	0.085
126.0	6.86667	0.198733	0.0824
130.5	6.86667	0.188385	0.0861
135.0	6.86667	0.158241	0.0915
139.5	6.86667	0.192265	0.0964
144.0	6.86667	0.174135	0.091
148.5	6.86667	0.217757	0.0895
153.0	6.86667	0.168845	0.0955
157.5	6.86667	0.179479	0.0915
162.0	6.86667	0.164693	0.0965
166.5	6.86667	0.138343	0.1075
171.0	6.86667	0.126473	0.0979
175.5	6.86667	0.118222	0.1088
180.0	6.86667	0.103154	0.1126
184.5	6.86667	0.134267	0.1138
189.0	6.86667	0.123283	0.1065
193.5	6.86667	0.121344	0.1087
198.0	6.86667	0.109341	0.1245
202.5	6.86667	0.0854828	0.1258
207.0	6.86667	0.0752159	0.128
211.5	6.86667	0.0711427	0.1375
216.0	6.86667	0.0760448	0.1286
220.5	6.86667	0.100515	0.1307
225.0	6.86667	0.0760177	0.139
229.5	6.86667	0.0553767	0.1494
234.0	6.86667	0.0731441	0.1248
238.5	6.86667	0.0624268	0.1276
243.0	6.86667	0.0623808	0.1452
247.5	6.86667	0.0566445	0.1447
252.0	6.86667	0.0575135	0.1435
256.5	6.86667	0.0440335	0.1966
261.0	6.86667	0.0550207	0.1507
265.5	6.86667	0.057444	0.1571
270.0	6.86667	0.0600174	0.157
274.5	6.86667	0.0622204	0.1456
279.0	6.86667	0.0527696	0.1485
283.5	6.86667	0.0325871	0.1786
288.0	6.86667	0.0457984	0.189
292.5	6.86667	0.0663785	0.1496
297.0	6.86667	0.0391922	0.1689
301.5	6.86667	0.0439326	0.166
306.0	6.86667	0.0369861	0.1932
310.5	6.86667	0.0393113	0.191
315.0	6.86667	0.0392758	0.1818
319.5	6.86667	0.0204162	0.2141
324.0	6.86667	0.034629	0.2024
328.5	6.86667	0.0330975	0.2172
333.0	6.86667	0.0178136	0.2241
337.5	6.86667	0.034029	0.1913
342.0	6.86667	0.0323275	0.2301
346.5	6.86667	0.0229467	0.2275
351.0	6.86667	0.0284614	0.2055
355.5	6.86667	0.0247161	0.2338
360.0	6.86667	0.0247615	0.2878
364.5	6.86667	0.0207917	0.2284
369.0	6.86667	0.00903732	0.2899
373.5	6.86667	0.0171264	0.2834
378.0	6.86667	0.00967703	0.2836
382.5	6.86667	0.0086036	0.3478
387.0	6.86667	0.00640255	0.3396
391.5	6.86667	0.00419757	0.4897
396.0	6.86667	0.00918663	0.4392
400.5	6.86667	0.00706513	0.512
405.0	6.86667	0.00159916	0.434
409.5	6.86667	0.000481254	0.2528
414.0	6.86667	0.00404827	0.4625
418.5	6.86667	0.00671161	0.487
423.0	6.86667	0.00464111	0.4348
427.5	6.86667	0.00368378	0.4393
432.0	6.86667	0.00483419	0.4042
436.5	6.86667	0.00861729	0.4191
441.0	6.86667	0.0053321	0.4223
445.5	6.86667	0.00597025	0.5847
-450.0	9.43333	0.00217032	0.9068
-445.5	9.43333	0.000337674	0.2809
-441.0	9.43333	0.000453527	0.301
-436.5	9.43333	0.000541822	0.2581
-432.0	9.43333	0.000597641	0.2407
-427.5	9.43333	0.000912485	0.7184
-423.0	9.43333	0.00157073	0.8195
-418.5	9.43333	0.000296672	0.3013
-414.0	9.43333	0.000408097	0.2691
-409.5	9.43333	0.000400063	0.2738
-405.0	9.43333	0.000452676	0.3068
-400.5	9.43333	0.000402415	0.3155
-396.0	9.43333	0.000469001	0.2539
-391.5	9.43333	0.000503829	0.2609
-387.0	9.43333	0.000573671	0.2543
-382.5	9.43333	0.00100983	0.2728
-378.0	9.43333	0.00136259	0.2269
-373.5	9.43333	0.00114731	0.1939
-369.0	9.43333	0.0010799	0.1931
-364.5	9.43333	0.000995861	0.1832
-360.0	9.43333	0.00124014	0.1719
-355.5	9.43333	0.00318698	0.5626
-351.0	9.43333	0.0024347	0.4073
-346.5	9.43333	0.00363398	0.3615
-342.0	9.43333	0.00697976	0.4156
-337.5	9.43333	0.00668975	0.5258
-333.0	9.43333	0.011059	0.5223
-328.5	9.43333	0.0117616	0.4374
-324.0	9.43333	0.00610767	0.5423
-319.5	9.43333	0.00553668	0.5959
-315.0	9.43333	0.00648685	0.5085
-310.5	9.43333	0.00495394	0.3128
-306.0	9.43333	0.00804819	0.5079
-301.5	9.43333	0.00679788	0.3199
-297.0	9.43333	0.00870245	0.46
-292.5	9.43333	0.014599	0.3467
-288.0	9.43333	0.00964355	0.4401
-283.5	9.43333	0.010791	0.4312
-279.0	9.43333	0.0052646	0.1953
-274.5	9.43333	0.00992827	0.2476
-270.0	9.43333	0.00853509	0.259
-265.5	9.43333	0.0113191	0.3112
-261.0	9.43333	0.0135907	0.2914
-256.5	9.43333	0.0110388	0.262
-252.0	9.43333	0.0087467	0.2476
-247.5	9.43333	0.00753338	0.2356
-243.0	9.43333	0.0116087	0.233
-238.5	9.43333	0.011154	0.2892
-234.0	9.43333	0.016218	0.2455
-229.5	9.43333	0.0159297	0.2474
-225.0	9.43333	0.0223876	0.2443
-220.5	9.43333	0.0221192	0.2959
-216.0	9.43333	0.0179818	0.2055
-211.5	9.43333	0.0243657	0.2617
-207.0	9.43333	0.014939	0.179
-202.5	9.43333	0.0165477	0.2262
-198.0	9.43333	0.0240088	0.2408
-193.5	9.43333	0.0297378	0.2179
-189.0	9.43333	0.0374143	0.1945
-184.5	9.43333	0.0528379	0.1617
-180.0	9.43333	0.0514924	0.1606
-175.5	9.43333	0.0469352	0.1674
-171.0	9.43333	0.049189	0.1829
-166.5	9.43333	0.0464705	0.1779
-162.0	9.43333	0.0675616	0.1368
-157.5	9.43333	0.0558147	0.2238
-153.0	9.43333	0.0458186	0.1447
-148.5	9.43333	0.0827456	0.1343
-144.0	9.43333	0.0833015	0.1234
-139.5	9.43333	0.0834505	0.1196
-135.0	9.43333	0.0911003	0.1276
-130.5	9.43333	0.114067	0.1103
-126.0	9.43333	0.0972838	0.108
-121.5	9.43333	0.0990652	0.0983
-117.0	9.43333	0.151844	0.105
-112.5	9.43333	0.148285	0.0959
-108.0	9.43333	0.142054	0.1021
-103.5	9.43333	0.193033	0.0909
-99.0	9.43333	0.178849	0.0911
-94.5	9.43333	0.199748	0.0848
-90.0	9.43333	0.172237	0.0902
-85.5	9.43333	0.207389	0.0837
-81.0	9.43333	0.208793	0.081
-76.5	9.43333	0.236392	0.0799
-72.0	9.43333	0.243357	0.0778
-67.5	9.43333	0.238021	0.0806
-63.0	9.43333	0.26468	0.0854
-58.5	9.43333	0.300005	0.0719
-54.0	9.43333	0.306224	0.0721
-49.5	9.43333	0.330209	0.0734
-45.0	9.43333	0.293216	0.0772
-40.5	9.43333	0.366749	0.0743
-36.0	9.43333	0.335512	0.0701
-31.5	9.43333	0.389289	0.0699
-27.0	9.43333	0.333541	0.0709
-22.5	9.43333	0.405626	0.0656
-18.0	9.43333	0.407931	0.0628
-13.5	9.43333	0.390404	0.0703
-9.0	9.43333	0.411219	0.0643
-4.5	9.43333	0.435777	0.0655
0.0	9.43333	0.424524	0.068
4.5	9.43333	0.442329	0.0671
9.0	9.43333	0.437926	0.062
13.5	9.43333	0.41834	0.0677
18.0	9.43333	0.471515	0.0649
22.5	9.43333	0.451284	0.0618
27.0	9.43333	0.429565	0.0614
31.5	9.43333	0.407921	0.062
36.0	9.43333	0.427185	0.0724
40.5	9.43333	0.406143	0.0643
45.0	9.43333	0.411267	0.0632
49.5	9.43333	0.453545	0.0654
54.0	9.43333	0.422291	0.0668
58.5	9.43333	0.40512	0.0657
63.0	9.43333	0.377443	0.0749
67.5	9.43333	0.368767	0.0651
72.0	9.43333	0.368715	0.0654
76.5	9.43333	0.364818	0.0728
81.0	9.43333	0.339171	0.0699
85.5	9.43333	0.321443	0.0691
90.0	9.43333	0.304435	0.0689
94.5	9.43333	0.30944	0.0686
99.0	9.43333	0.277791	0.0774
103.5	9.43333	0.288323	0.0777
108.0	9.43333	0.240761	0.0834
112.5	9.43333	0.253085	0.0824
117.0	9.43333	0.242295	0.0782
121.5	9.43333	0.189886	0.0838
126.0	9.43333	0.21426	0.0837
130.5	9.43333	0.186275	0.0819
135.0	9.43333	0.215527	0.0959
139.5	9.43333	0.208044	0.0862
144.0	9.43333	0.186721	0.1098
148.5	9.43333	0.169959	0.0909
153.0	9.43333	0.158213	0.0874
157.5	9.43333	0.161196	0.0921
162.0	9.43333	0.136652	0.1089
166.5	9.43333	0.128857	0.0971
171.0	9.43333	0.131443	0.1081
175.5	9.43333	0.135376	0.1026
180.0	9.43333	0.109057	0.108
184.5	9.43333	0.110071	0.1157
189.0	9.43333	0.144952	0.1041
193.5	9.43333	0.129303	0.1197
198.0	9.43333	0.0990459	0.1202
202.5	9.43333	0.0983459	0.1299
207.0	9.43333	0.0979292	0.1185
211.5	9.43333	0.0964166	0.1197
216.0	9.43333	0.0882523	0.1087
220.5	9.43333	0.0607316	0.1377
225.0	9.43333	0.0686341	0.14
229.5	9.43333	0.0721039	0.13
234.0	9.43333	0.0529744	0.1386
238.5	9.43333	0.0700271	0.1432
243.0	9.43333	0.0675539	0.142
247.5	9.43333	0.057071	0.1582
252.0	9.43333	0.0522444	0.1675
256.5	9.43333	0.0384068	0.159
261.0	9.43333	0.0479526	0.1679
265.5	9.43333	0.064767	0.1474
270.0	9.43333	0.0567398	0.1436
274.5	9.43333	0.0615131	0.1504
279.0	9.43333	0.0517462	0.1455
283.5	9.43333	0.0384328	0.1745
288.0	9.43333	0.0475577	0.1671
292.5	9.43333	0.0339657	0.1629
297.0	9.43333	0.0370605	0.1914
301.5	9.43333	0.0356056	0.1852
306.0	9.43333	0.0430642	0.1868
310.5	9.43333	0.0350969	0.1885
315.0	9.43333	0.0390902	0.1945
319.5	9.43333	0.0348528	0.1946
324.0	9.43333	0.0326317	0.1876
328.5	9.43333	0.0390085	0.2618
333.0	9.43333	0.0226831	0.1907
337.5	9.43333	0.029992	0.2056
342.0	9.43333	0.0296894	0.2095
346.5	9.43333	0.0232831	0.2842
351.0	9.43333	0.0122087	0.2775
355.5	9.43333	0.0185258	0.3193
360.0	9.43333	0.0261406	0.2853
364.5	9.43333	0.0259375	0.2439
369.0	9.43333	0.0231352	0.2893
373.5	9.43333	0.0187207	0.3081
378.0	9.43333	0.014628	0.3247
382.5	9.43333	0.010219	0.3142
387.0	9.43333	0.00690553	0.3834
391.5	9.43333	0.00651096	0.3333
396.0	9.43333	0.00822683	0.3972
400.5	9.43333	0.00861641	0.3715
405.0	9.43333	0.00328463	0.5282
409.5	9.43333	0.00655375	0.399
414.0	9.43333	0.00556508	0.4164
418.5	9.43333	0.00537108	0.5175
423.0	9.43333	0.00822748	0.3975
427.5	9.43333	0.00626362	0.5274
432.0	9.43333	0.00940494	0.3783
436.5	9.43333	0.0115089	0.5078
441.0	9.43333	0.0152847	0.4316
445.5	9.43333	0.00753285	0.4498
-450.0	12.0	0.000549626	0.2967
-445.5	12.0	0.000529725	0.2576
-441.0	12.0	0.00147374	0.6346
-436.5	12.0	0.000548227	0.2625
-432.0	12.0	0.00198217	0.7932
-427.5	12.0	0.000616428	0.2703
-423.0	12.0	0.00167885	0.6403
-418.5	12.0	0.00116516	0.483
-414.0	12.0	0.00264514	0.8125
-409.5	12.0	0.00257955	0.8331
-405.0	12.0	0.00248576	0.8635
-400.5	12.0	0.00300056	0.7271
-396.0	12.0	0.0027169	0.7908
-391.5	12.0	0.00245209	0.8751
-387.0	12.0	0.00159822	0.5614
-382.5	12.0	0.00120162	0.3998
-378.0	12.0	0.0013947	0.3237
-373.5	12.0	0.00155438	0.2522
-369.0	12.0	0.00101152	0.2132
-364.5	12.0	0.00104619	0.1725
-360.0	12.0	0.00116033	0.1604
-355.5	12.0	0.00168656	0.1462
-351.0	12.0	0.00182295	0.1678
-346.5	12.0	0.00309837	0.3211
-342.0	12.0	0.00269201	0.3156
-337.5	12.0	0.00501395	0.4062
-333.0	12.0	0.00782595	0.4893
-328.5	12.0	0.00795673	0.3793
-324.0	12.0	0.00852644	0.6154
-319.5	12.0	0.00356173	0.3836
-315.0	12.0	0.00271711	0.1541
-310.5	12.0	0.00366809	0.1626
-306.0	12.0	0.00848918	0.4272
-301.5	12.0	0.0114962	0.4666
-297.0	12.0	0.0120862	0.4121
-292.5	12.0	0.0122421	0.4942
-288.0	12.0	0.0112313	0.3735
-283.5	12.0	0.0129371	0.3405
-279.0	12.0	0.0135343	0.3826
-274.5	12.0	0.014572	0.2898
-270.0	12.0	0.0132183	0.3411
-265.5	12.0	0.0134933	0.2849
-261.0	12.0	0.0151672	0.386
-256.5	12.0	0.00724802	0.1628
-252.0	12.0	0.0118791	0.2564
-247.5	12.0	0.0203635	0.2506
-243.0	12.0	0.016039	0.2581
-238.5	12.0	0.0142029	0.2413
-234.0	12.0	0.0241865	0.2349
-229.5	12.0	0.0199331	0.2481
-225.0	12.0	0.0228093	0.2213
-220.5	12.0	0.0159805	0.3163
-216.0	12.0	0.0224263	0.272
-211.5	12.0	0.0308237	0.2321
-207.0	12.0	0.0261285	0.2217
-202.5	12.0	0.0380165	0.1758
-198.0	12.0	0.0299758	0.1932
-193.5	12.0	0.0327255	0.178
-189.0	12.0	0.0392761	0.1969
-184.5	12.0	0.0604097	0.1713
-180.0	12.0	0.0566643	0.1647
-175.5	12.0	0.0567999	0.1641
-171.0	12.0	0.0483095	0.1676
-166.5	12.0	0.0487252	0.1729
-162.0	12.0	0.0734146	0.1567
-157.5	12.0	0.0657123	0.1803
-153.0	12.0	0.0671094	0.1443
-148.5	12.0	0.0935025	0.1401
-144.0	12.0	0.0753799	0.138
-139.5	12.0	0.0744398	0.1273
-135.0	12.0	0.0654193	0.1393
-130.5	12.0	0.10746	0.1074
-126.0	12.0	0.121747	0.1114
-121.5	12.0	0.117084	0.1204
-117.0	12.0	0.14293	0.1042
-112.5	12.0	0.139862	0.108
-108.0	12.0	0.121157	0.1008
-103.5	12.0	0.129821	0.098
-99.0	12.0	0.177997	0.0995
-94.5	12.0	0.165894	0.0906
-90.0	12.0	0.190103	0.0837
-85.5	12.0	0.226355	0.0938
-81.0	12.0	0.19715	0.0853
-76.5	12.0	0.22408	0.0818
-72.0	12.0	0.281706	0.0777
-67.5	12.0	0.264865	0.0777
-63.0	12.0	0.258848	0.073
-58.5	12.0	0.240429	0.0783
-54.0	12.0	0.294967	0.0771
-49.5	12.0	0.313041	0.0849
-45.0	12.0	0.314431	0.0781
-40.5	12.0	0.360446	0.0731
-36.0	12.0	0.38798	0.065
-31.5	12.0	0.378693	0.0696
-27.0	12.0	0.386317	0.081
-22.5	12.0	0.4138	0.0708
-18.0	12.0	0.424697	0.0665
-13.5	12.0	0.380438	0.0635
-9.0	12.0	0.399818	0.0635
-4.5	12.0	0.462747	0.0607
0.0	12.0	0.422789	0.0627
4.5	12.0	0.4475	0.0631
9.0	12.0	0.421774	0.0655
13.5	12.0	0.448601	0.066
18.0	12.0	0.426254	0.0639
22.5	12.0	0.432559	0.0636
27.0	12.0	0.41861	0.0604
31.5	12.0	0.410988	0.0652
36.0	12.0	0.425319	0.0644
40.5	12.0	0.400672	0.0642
45.0	12.0	0.408446	0.0647
49.5	12.0	0.380836	0.0631
54.0	12.0	0.386998	0.0667
58.5	12.0	0.414223	0.0626
63.0	12.0	0.36011	0.0656
67.5	12.0	0.369814	0.0666
72.0	12.0	0.340626	0.0688
76.5	12.0	0.350569	0.0657
81.0	12.0	0.312626	0.0691
85.5	12.0	0.320721	0.0763
90.0	12.0	0.355968	0.0692
94.5	12.0	0.291718	0.075
99.0	12.0	0.29612	0.0693
103.5	12.0	0.252625	0.0744
108.0	12.0	0.241099	0.0769
112.5	12.0	0.268483	0.0733
117.0	12.0	0.234784	0.0785
121.5	12.0	0.234735	0.0798
126.0	12.0	0.254984	0.0764
130.5	12.0	0.196506	0.0797
135.0	12.0	0.188372	0.085
139.5	12.0	0.181417	0.0845
144.0	12.0	0.205917	0.0898
148.5	12.0	0.207966	0.0921
153.0	12.0	0.188539	0.0985
157.5	12.0	0.178286	0.0925
162.0	12.0	0.136462	0.1048
166.5	12.0	0.110604	0.0975
171.0	12.0	0.131405	0.1136
175.5	12.0	0.130691	0.1113
180.0	12.0	0.138484	0.1076
184.5	12.0	0.141878	0.1096
189.0	12.0	0.117018	0.115
193.5	12.0	0.106859	0.1234
198.0	12.0	0.110823	0.1251
202.5	12.0	0.0880531	0.1361
207.0	12.0	0.0850893	0.1223
211.5	12.0	0.103982	0.1235
216.0	12.0	0.0951895	0.1242
220.5	12.0	0.0816562	0.1379
225.0	12.0	0.0858819	0.1269
229.5	12.0	0.0731051	0.1499
234.0	12.0	0.0741491	0.1317
238.5	12.0	0.0829995	0.1386
243.0	12.0	0.0669467	0.1291
247.5	12.0	0.067658	0.14
252.0	12.0	0.0718461	0.1448
256.5	12.0	0.0504099	0.1567
261.0	12.0	0.046626	0.1611
265.5	12.0	0.0494189	0.1536
270.0	12.0	0.0660272	0.1636
274.5	12.0	0.0453192	0.1447
279.0	12.0	0.0466735	0.1642
283.5	12.0	0.0617663	0.1744
288.0	12.0	0.0396861	0.1876
292.5	12.0	0.0477485	0.1941
297.0	12.0	0.0436426	0.1862
301.5	12.0	0.047498	0.1779
306.0	12.0	0.0415419	0.1897
310.5	12.0	0.0340671	0.1636
315.0	12.0	0.031327	0.2584
319.5	12.0	0.0388634	0.2316
324.0	12.0	0.0306881	0.213
328.5	12.0	0.0309478	0.1988
333.0	12.0	0.0253126	0.2242
337.5	12.0	0.0236199	0.2046
342.0	12.0	0.0144292	0.2383
346.5	12.0	0.017186	0.2029
351.0	12.0	0.0193597	0.2313
355.5	12.0	0.0181939	0.2055
360.0	12.0	0.0169159	0.2521
364.5	12.0	0.0118555	0.2713
369.0	12.0	0.0155541	0.2804
373.5	12.0	0.00912563	0.3777
378.0	12.0	0.0134655	0.3702
382.5	12.0	0.0125233	0.3101
387.0	12.0	0.0126394	0.2915
391.5	12.0	0.011901	0.3351
396.0	12.0	0.00520402	0.465
400.5	12.0	0.00577041	0.4085
405.0	12.0	0.00258106	0.3247
409.5	12.0	0.00624223	0.5254
414.0	12.0	0.00336238	0.6308
418.5	12.0	0.0067753	0.5601
423.0	12.0	0.00491068	0.5124
427.5	12.0	0.0065128	0.3804
432.0	12.0	0.0113821	0.3486
436.5	12.0	0.00383842	0.4882
441.0	12.0	0.00335861	0.5245
445.5	12.0	0.014441	0.4187
-450.0	14.5667	0.000884678	0.499
-445.5	14.5667	0.0025053	0.6128
-441.0	14.5667	0.00224411	0.796
-436.5	14.5667	0.00104541	0.3746
-432.0	14.5667	0.00038517	0.2831
-427.5	14.5667	0.000414722	0.3404
-423.0	14.5667	0.000389146	0.3215
-418.5	14.5667	0.0015651	0.7332
-414.0	14.5667	0.000350091	0.36
-409.5	14.5667	0.000893399	0.409
-405.0	14.5667	0.00341501	0.673
-400.5	14.5667	0.000803706	0.4825
-396.0	14.5667	0.000514601	0.2635
-391.5	14.5667	0.000782019	0.2356
-387.0	14.5667	0.00115082	0.5067
-382.5	14.5667	0.00270085	0.6362
-378.0	14.5667	0.00279975	0.7501
-373.5	14.5667	0.00345315	0.4437
-369.0	14.5667	0.00539426	0.7925
-364.5	14.5667	0.00164535	0.1478
-360.0	14.5667	0.00112815	0.1787
-355.5	14.5667	0.00322852	0.5139
-351.0	14.5667	0.00174063	0.1732
-346.5	14.5667	0.0015193	0.1561
-342.0	14.5667	0.00310994	0.4535
-337.5	14.5667	0.00258006	0.2521
-333.0	14.5667	0.0095235	0.4557
-328.5	14.5667	0.00213977	0.1288
-324.0	14.5667	0.0027004	0.3001
-319.5	14.5667	0.00765368	0.2933
-315.0	14.5667	0.00528688	0.2933
-310.5	14.5667	0.00925974	0.4527
-306.0	14.5667	0.00589408	0.3531
-301.5	14.5667	0.00814675	0.2867
-297.0	14.5667	0.00654626	0.5074
-292.5	14.5667	0.0126232	0.3983
-288.0	14.5667	0.0116681	0.3741
-283.5	14.5667	0.00965393	0.3928
-279.0	14.5667	0.0092417	0.2837
-274.5	14.5667	0.00543653	0.2503
-270.0	14.5667	0.010141	0.4023
-265.5	14.5667	0.00687969	0.3891
-261.0	14.5667	0.01661	0.2771
-256.5	14.5667	0.0131612	0.2645
-252.0	14.5667	0.00941786	0.2636
-247.5	14.5667	0.00882226	0.3077
-243.0	14.5667	0.0150045	0.224
-238.5	14.5667	0.0196127	0.2563
-234.0	14.5667	0.0192231	0.3193
-229.5	14.5667	0.0313908	0.2591
-225.0	14.5667	0.0240725	0.2287
-220.5	14.5667	0.0143303	0.2532
-216.0	14.5667	0.0257939	0.2422
-211.5	14.5667	0.0272975	0.2577
-207.0	14.5667	0.0182689	0.2208
-202.5	14.5667	0.0378195	0.1899
-198.0	14.5667	0.0392125	0.1921
-193.5	14.5667	0.0442996	0.1965
-189.0	14.5667	0.0447821	0.1774
-184.5	14.5667	0.0543054	0.1653
-180.0	14.5667	0.0619136	0.1639
-175.5	14.5667	0.0479106	0.1873
-171.0	14.5667	0.0500119	0.1841
-166.5	14.5667	0.0598092	0.1554
-162.0	14.5667	0.0544891	0.1567
-157.5	14.5667	0.0452874	0.154
-153.0	14.5667	0.0627831	0.1449
-148.5	14.5667	0.0942939	0.1224
-144.0	14.5667	0.0883422	0.1339
-139.5	14.5667	0.109575	0.1105
-135.0	14.5667	0.107829	0.1155
-130.5	14.5667	0.0935598	0.122
-126.0	14.5667	0.133163	0.109
-121.5	14.5667	0.141277	0.106
-117.0	14.5667	0.134027	0.1045
-112.5	14.5667	0.139122	0.1213
-108.0	14.5667	0.123034	0.1044
-103.5	14.5667	0.134001	0.0957
-99.0	14.5667	0.190054	0.0922
-94.5	14.5667	0.163858	0.0851
-90.0	14.5667	0.21883	0.0898
-85.5	14.5667	0.187725	0.0838
-81.0	14.5667	0.225376	0.0826
-76.5	14.5667	0.27036	0.0809
-72.0	14.5667	0.226464	0.0777
-67.5	14.5667	0.2753	0.0753
-63.0	14.5667	0.259312	0.0815
-58.5	14.5667	0.278543	0.0805
-54.0	14.5667	0.269409	0.0818
-49.5	14.5667	0.322125	0.0707
-45.0	14.5667	0.32006	0.073
-40.5	14.5667	0.316349	0.0739
-36.0	14.5667	0.382605	0.0714
-31.5	14.5667	0.367547	0.0757
-27.0	14.5667	0.365771	0.0749
-22.5	14.5667	0.391517	0.0708
-18.0	14.5667	0.420063	0.0659
-13.5	14.5667	0.382337	0.0727
-9.0	14.5667	0.365273	0.0643
-4.5	14.5667	0.434702	0.0627
0.0	14.5667	0.421167	0.0673
4.5	14.5667	0.466669	0.0672
9.0	14.5667	0.438568	0.071
13.5	14.5667	0.433321	0.0628
18.0	14.5667	0.449368	0.0642
22.5	14.5667	0.433736	0.0612
27.0	14.5667	0.414994	0.0621
31.5	14.5667	0.430844	0.0637
36.0	14.5667	0.428413	0.0627
40.5	14.5667	0.398353	0.0605
45.0	14.5667	0.408857	0.0626
49.5	14.5667	0.463293	0.0634
54.0	14.5667	0.346326	0.0641
58.5	14.5667	0.392392	0.0732
63.0	14.5667	0.418617	0.0636
67.5	14.5667	0.368464	0.0807
72.0	14.5667	0.350567	0.0774
76.5	14.5667	0.347784	0.0664
81.0	14.5667	0.32269	0.0695
85.5	14.5667	0.318904	0.0693
90.0	14.5667	0.325764	0.0677
94.5	14.5667	0.28649	0.0701
99.0	14.5667	0.303504	0.0762
103.5	14.5667	0.242375	0.0753
108.0	14.5667	0.234303	0.0755
112.5	14.5667	0.273726	0.0745
117.0	14.5667	0.261236	0.0788
121.5	14.5667	0.262144	0.0763
126.0	14.5667	0.219044	0.0825
130.5	14.5667	0.214805	0.0859
135.0	14.5667	0.188052	0.0864
139.5	14.5667	0.196767	0.0899
144.0	14.5667	0.191252	0.0898
148.5	14.5667	0.184984	0.0978
153.0	14.5667	0.17962	0.0939
157.5	14.5667	0.163642	0.0907
162.0	14.5667	0.161968	0.1007
166.5	14.5667	0.151926	0.1037
171.0	14.5667	0.132792	0.1059
175.5	14.5667	0.137932	0.1125
180.0	14.5667	0.111532	0.1049
184.5	14.5667	0.131551	0.1127
189.0	14.5667	0.104845	0.1128
193.5	14.5667	0.0807983	0.1231
198.0	14.5667	0.110502	0.1154
202.5	14.5667	0.0913625	0.1162
207.0	14.5667	0.0827992	0.134
211.5	14.5667	0.0833254	0.1179
216.0	14.5667	0.0836747	0.1441
220.5	14.5667	0.101204	0.1253
225.0	14.5667	0.0828314	0.1279
229.5	14.5667	0.0631072	0.1433
234.0	14.5667	0.09279	0.1327
238.5	14.5667	0.0608336	0.1454
243.0	14.5667	0.073231	0.1336
247.5	14.5667	0.0534672	0.1385
252.0	14.5667	0.0642615	0.144
256.5	14.5667	0.0582271	0.1492
261.0	14.5667	0.0584166	0.1601
265.5	14.5667	0.0514364	0.1592
270.0	14.5667	0.0477533	0.1599
274.5	14.5667	0.051359	0.1634
279.0	14.5667	0.0614032	0.1415
283.5	14.5667	0.0526901	0.1626
288.0	14.5667	0.0529243	0.2049
292.5	14.5667	0.03294	0.183
297.0	14.5667	0.0360707	0.1806
301.5	14.5667	0.0432718	0.1804
306.0	14.5667	0.0312191	0.1885
310.5	14.5667	0.0317406	0.1879
315.0	14.5667	0.0363789	0.2037
319.5	14.5667	0.0354233	0.1864
324.0	14.5667	0.0419892	0.2036
328.5	14.5667	0.031944	0.2196
333.0	14.5667	0.0268867	0.1875
337.5	14.5667	0.0264367	0.2163
342.0	14.5667	0.018977	0.2688
346.5	14.5667	0.0182237	0.2357
351.0	14.5667	0.0170386	0.2056
355.5	14.5667	0.02336	0.3608
360.0	14.5667	0.0191075	0.258
364.5	14.5667	0.0103137	0.3209
369.0	14.5667	0.0179365	0.2583
373.5	14.5667	0.0159609	0.2655
378.0	14.5667	0.0106552	0.3612
382.5	14.5667	0.0138687	0.3258
387.0	14.5667	0.00380998	0.5899
391.5	14.5667	0.00351354	0.348
396.0	14.5667	0.00657803	0.5298
400.5	14.5667	0.00451472	0.7083
405.0	14.5667	0.0079905	0.5231
409.5	14.5667	0.00554816	0.5819
414.0	14.5667	0.00478626	0.4304
418.5	14.5667	0.00707774	0.4648
423.0	14.5667	0.00975588	0.3507
427.5	14.5667	0.0101826	0.4144
432.0	14.5667	0.00305972	0.3453
436.5	14.5667	0.00180911	0.271
441.0	14.5667	0.0070891	0.3672
445.5	14.5667	0.00698065	0.4329
-450.0	17.1333	0.000436644	0.28
-445.5	17.1333	0.000783637	0.2766
-441.0	17.1333	0.000479206	0.2729
-436.5	17.1333	0.000779068	0.2881
-432.0	17.1333	0.00072405	0.2595
-427.5	17.1333	0.000320425	0.3432
-423.0	17.1333	0.000466209	0.3067
-418.5	17.1333	0.00134685	0.7174
-414.0	17.1333	0.00166901	0.6167
-409.5	17.1333	0.000240553	0.3822
-405.0	17.1333	0.000546515	0.3111
-400.5	17.1333	0.000340953	0.389
-396.0	17.1333	0.00150257	0.7062
-391.5	17.1333	0.000960869	0.2053
-387.0	17.1333	0.00149841	0.4004
-382.5	17.1333	0.00127044	0.2412
-378.0	17.1333	0.00236032	0.5704
-373.5	17.1333	0.00271887	0.4034
-369.0	17.1333	0.00102923	0.1811
-364.5	17.1333	0.00176623	0.2527
-360.0	17.1333	0.00304543	0.605
-355.5	17.1333	0.00409066	0.5346
-351.0	17.1333	0.00627501	0.6763
-346.5	17.1333	0.00595242	0.7127
-342.0	17.1333	0.00831176	0.545
-337.5	17.1333	0.00901152	0.5093
-333.0	17.1333	0.0081725	0.4405
-328.5	17.1333	0.00387244	0.4036
-324.0	17.1333	0.00470322	0.339
-319.5	17.1333	0.0039434	0.2975
-315.0	17.1333	0.00362716	0.1313
-310.5	17.1333	0.00463407	0.1874
-306.0	17.1333	0.00349491	0.1354
-301.5	17.1333	0.00433325	0.2005
-297.0	17.1333	0.00519579	0.2629
-292.5	17.1333	0.0108504	0.3755
-288.0	17.1333	0.00391236	0.2227
-283.5	17.1333	0.00629821	0.2944
-279.0	17.1333	0.0108006	0.361
-274.5	17.1333	0.00527587	0.2879
-270.0	17.1333	0.00404899	0.1729
-265.5	17.1333	0.00824947	0.2614
-261.0	17.1333	0.0106263	0.3226
-256.5	17.1333	0.00885841	0.3396
-252.0	17.1333	0.00521603	0.1198
-247.5	17.1333	0.011696	0.2797
-243.0	17.1333	0.0148696	0.2736
-238.5	17.1333	0.0252784	0.2599
-234.0	17.1333	0.0165737	0.2281
-229.5	17.1333	0.0154678	0.2525
-225.0	17.1333	0.0254363	0.2128
-220.5	17.1333	0.0181439	0.2777
-216.0	17.1333	0.0180774	0.2226
-211.5	17.1333	0.0216446	0.2465
-207.0	17.1333	0.0141425	0.2008
-202.5	17.1333	0.0320332	0.233
-198.0	17.1333	0.0451819	0.2109
-193.5	17.1333	0.0253747	0.2204
-189.0	17.1333	0.0394023	0.1769
-184.5	17.1333	0.0406912	0.169
-180.0	17.1333	0.0553574	0.1654
-175.5	17.1333	0.0470363	0.1746
-171.0	17.1333	0.0467508	0.1691
-166.5	17.1333	0.058251	0.1428
-162.0	17.1333	0.0710278	0.1426
-157.5	17.1333	0.0708092	0.1574
-153.0	17.1333	0.0620604	0.1469
-148.5	17.1333	0.0690389	0.1327
-144.0	17.1333	0.0961512	0.1258
-139.5	17.1333	0.0847213	0.1338
-135.0	17.1333	0.0938167	0.1211
-130.5	17.1333	0.0987683	0.1149
-126.0	17.1333	0.124962	0.114
-121.5	17.1333	0.134825	0.1166
-117.0	17.1333	0.139013	0.1131
-112.5	17.1333	0.132157	0.0995
-108.0	17.1333	0.153744	0.0952
-103.5	17.1333	0.181883	0.0888
-99.0	17.1333	0.187182	0.0879
-94.5	17.1333	0.1908	0.0864
-90.0	17.1333	0.23065	0.0852
-85.5	17.1333	0.235192	0.0902
-81.0	17.1333	0.24001	0.0823
-76.5	17.1333	0.235067	0.0842
-72.0	17.1333	0.269374	0.0774
-67.5	17.1333	0.288982	0.0722
-63.0	17.1333	0.25118	0.0811
-58.5	17.1333	0.285261	0.0739
-54.0	17.1333	0.306222	0.0795
-49.5	17.1333	0.287594	0.0703
-45.0	17.1333	0.320474	0.072
-40.5	17.1333	0.340031	0.07
-36.0	17.1333	0.358908	0.0741
-31.5	17.1333	0.349999	0.0744
-27.0	17.1333	0.371106	0.0657
-22.5	17.1333	0.421059	0.0711
-18.0	17.1333	0.422022	0.0669
-13.5	17.1333	0.410187	0.0678
-9.0	17.1333	0.421935	0.0626
-4.5	17.1333	0.455274	0.0662
0.0	17.1333	0.410429	0.0657
4.5	17.1333	0.4545	0.062
9.0	17.1333	0.417447	0.0642
13.5	17.1333	0.418079	0.0669
18.0	17.1333	0.406596	0.0646
22.5	17.1333	0.432851	0.0647
27.0	17.1333	0.41301	0.0656
31.5	17.1333	0.438111	0.0734
36.0	17.1333	0.450862	0.0675
40.5	17.1333	0.436361	0.0696
45.0	17.1333	0.432248	0.0677
49.5	17.1333	0.414865	0.0649
54.0	17.1333	0.375738	0.0663
58.5	17.1333	0.35387	0.0735
63.0	17.1333	0.360125	0.0675
67.5	17.1333	0.386394	0.0639
72.0	17.1333	0.34053	0.0656
76.5	17.1333	0.326848	0.0675
81.0	17.1333	0.298149	0.0704
85.5	17.1333	0.328539	0.0677
90.0	17.1333	0.293346	0.0696
94.5	17.1333	0.294704	0.0716
99.0	17.1333	0.270288	0.0745
103.5	17.1333	0.271195	0.076
108.0	17.1333	0.274357	0.0736
112.5	17.1333	0.249697	0.0776
117.0	17.1333	0.257735	0.0822
121.5	17.1333	0.196531	0.0867
126.0	17.1333	0.218685	0.0783
130.5	17.1333	0.235624	0.082
135.0	17.1333	0.226756	0.0819
139.5	17.1333	0.200707	0.0913
144.0	17.1333	0.195473	0.0914
148.5	17.1333	0.21465	0.0977
153.0	17.1333	0.159474	0.0967
157.5	17.1333	0.167997	0.098
162.0	17.1333	0.14326	0.0945
166.5	17.1333	0.122732	0.1074
171.0	17.1333	0.10352	0.1171
175.5	17.1333	0.141179	0.1005
180.0	17.1333	0.13734	0.1038
184.5	17.1333	0.108629	0.1133
189.0	17.1333	0.0979853	0.12
193.5	17.1333	0.106085	0.1242
198.0	17.1333	0.0928132	0.112
202.5	17.1333	0.0942155	0.1157
207.0	17.1333	0.0795279	0.1265
211.5	17.1333	0.105369	0.1304
216.0	17.1333	0.091746	0.1314
220.5	17.1333	0.0883612	0.1394
225.0	17.1333	0.0923755	0.1333
229.5	17.1333	0.0634583	0.1487
234.0	17.1333	0.0654929	0.1351
238.5	17.1333	0.0510806	0.1527
243.0	17.1333	0.0729053	0.16
247.5	17.1333	0.0741628	0.1554
252.0	17.1333	0.0519286	0.1398
256.5	17.1333	0.0550025	0.1669
261.0	17.1333	0.0631515	0.1636
265.5	17.1333	0.0587867	0.1628
270.0	17.1333	0.0498639	0.1658
274.5	17.1333	0.0533864	0.1652
279.0	17.1333	0.0388033	0.1703
283.5	17.1333	0.0625908	0.1596
288.0	17.1333	0.0574362	0.1651
292.5	17.1333	0.0508119	0.1699
297.0	17.1333	0.0441445	0.1805
301.5	17.1333	0.0440685	0.1839
306.0	17.1333	0.0405378	0.1967
310.5	17.1333	0.0310528	0.1742
315.0	17.1333	0.0213101	0.1948
319.5	17.1333	0.0305744	0.2152
324.0	17.1333	0.0375175	0.1981
328.5	17.1333	0.0282423	0.1972
333.0	17.1333	0.0396697	0.1829
337.5	17.1333	0.0323332	0.2297
342.0	17.1333	0.0241708	0.2144
346.5	17.1333	0.0158204	0.2429
351.0	17.1333	0.022624	0.2585
355.5	17.1333	0.0246019	0.2376
360.0	17.1333	0.0160992	0.2311
364.5	17.1333	0.0149174	0.2998
369.0	17.1333	0.0201414	0.2913
373.5	17.1333	0.0208462	0.2769
378.0	17.1333	0.00858078	0.3225
382.5	17.1333	0.0068293	0.3409
387.0	17.1333	0.00226425	0.1523
391.5	17.1333	0.00424426	0.3375
396.0	17.1333	0.00778988	0.4652
400.5	17.1333	0.00451539	0.4488
405.0	17.1333	0.0088859	0.4687
409.5	17.1333	0.00893518	0.5249
414.0	17.1333	0.00426383	0.3996
418.5	17.1333	0.00438869	0.5429
423.0	17.1333	0.00532707	0.2834
427.5	17.1333	0.0033397	0.4492
432.0	17.1333	0.0062767	0.4723
436.5	17.1333	0.0115428	0.3578
441.0	17.1333	0.00410692	0.4079
445.5	17.1333	0.00658861	0.4138
-450.0	19.7	0.00134988	0.72
-445.5	19.7	0.00160398	0.6082
-441.0	19.7	0.00105339	0.408
-436.5	19.7	0.00142427	0.6827
-432.0	19.7	0.000771319	0.2684
-427.5	19.7	0.000568296	0.2984
-423.0	19.7	0.000660043	0.4842
-418.5	19.7	0.000911966	0.566
-414.0	19.7	0.000325961	0.338
-409.5	19.7	0.000393467	0.2882
-405.0	19.7	0.000431255	0.3088
-400.5	19.7	0.000592717	0.2661
-396.0	19.7	0.00166311	0.6597
-391.5	19.7	0.000932874	0.2283
-387.0	19.7	0.00121598	0.4079
-382.5	19.7	0.00134409	0.3696
-378.0	19.7	0.00136171	0.3827
-373.5	19.7	0.00145063	0.3496
-369.0	19.7	0.00141994	0.1553
-364.5	19.7	0.0026706	0.4592
-360.0	19.7	0.00201224	0.3965
-355.5	19.7	0.005967	0.5548
-351.0	19.7	0.00612264	0.5755
-346.5	19.7	0.00906648	0.4801
-342.0	19.7	0.00684354	0.5379
-337.5	19.7	0.00372834	0.4943
-333.0	19.7	0.0016795	0.1405
-328.5	19.7	0.00376046	0.3615
-324.0	19.7	0.00350587	0.2909
-319.5	19.7	0.00551087	0.3607
-315.0	19.7	0.00674031	0.4743
-310.5	19.7	0.0106631	0.3418
-306.0	19.7	0.00378584	0.2276
-301.5	19.7	0.00337917	0.1324
-297.0	19.7	0.00686729	0.4737
-292.5	19.7	0.00694721	0.3074
-288.0	19.7	0.00541865	0.1734
-283.5	19.7	0.00439435	0.1567
-279.0	19.7	0.00904994	0.5353
-274.5	19.7	0.0111968	0.4405
-270.0	19.7	0.00494053	0.2537
-265.5	19.7	0.00584894	0.2397
-261.0	19.7	0.0112718	0.3984
-256.5	19.7	0.0119265	0.2933
-252.0	19.7	0.00667181	0.273
-247.5	19.7	0.0129636	0.2598
-243.0	19.7	0.0117752	0.3083
-238.5	19.7	0.0126	0.3101
-234.0	19.7	0.0160519	0.2928
-229.5	19.7	0.0169503	0.2168
-225.0	19.7	0.0198622	0.2595
-220.5	19.7	0.0198314	0.2543
-216.0	19.7	0.026228	0.2453
-211.5	19.7	0.0120415	0.1983
-207.0	19.7	0.0193333	0.214
-202.5	19.7	0.027711	0.1926
-198.0	19.7	0.0340953	0.1737
-193.5	19.7	0.0435322	0.175
-189.0	19.7	0.0421755	0.1734
-184.5	19.7	0.0310629	0.2062
-180.0	19.7	0.0397155	0.1777
-175.5	19.7	0.0355627	0.1666
-171.0	19.7	0.0388844	0.168
-166.5	19.7	0.0412466	0.1604
-162.0	19.7	0.0568571	0.1531
-157.5	19.7	0.0666241	0.1393
-153.0	19.7	0.0658216	0.1532
-148.5	19.7	0.0916092	0.1389
-144.0	19.7	0.0747639	0.1436
-139.5	19.7	0.0827972	0.1189
-135.0	19.7	0.0824515	0.1283
-130.5	19.7	0.0858024	0.1143
-126.0	19.7	0.120491	0.1398
-121.5	19.7	0.125015	0.1152
-117.0	19.7	0.120474	0.1062
-112.5	19.7	0.134765	0.1102
-108.0	19.7	0.163771	0.1031
-103.5	19.7	0.155369	0.0967
-99.0	19.7	0.176387	0.0921
-94.5	19.7	0.201122	0.1107
-90.0	19.7	0.182108	0.0851
-85.5	19.7	0.222893	0.0786
-81.0	19.7	0.240978	0.0799
-76.5	19.7	0.234622	0.0862
-72.0	19.7	0.228084	0.0915
-67.5	19.7	0.28121	0.0771
-63.0	19.7	0.31181	0.0764
-58.5	19.7	0.277296	0.0727
-54.0	19.7	0.28732	0.074
-49.5	19.7	0.281825	0.0691
-45.0	19.7	0.305441	0.0742
-40.5	19.7	0.333835	0.0663
-36.0	19.7	0.356299	0.0746
-31.5	19.7	0.355797	0.0653
-27.0	19.7	0.391031	0.0731
-22.5	19.7	0.383974	0.0649
-18.0	19.7	0.407067	0.0692
-13.5	19.7	0.426142	0.0708
-9.0	19.7	0.380241	0.0619
-4.5	19.7	0.404454	0.0752
0.0	19.7	0.420045	0.0622
4.5	19.7	0.441305	0.0647
9.0	19.7	0.42106	0.0645
13.5	19.7	0.437593	0.0624
18.0	19.7	0.457952	0.0616
22.5	19.7	0.421195	0.0649
27.0	19.7	0.43342	0.066
31.5	19.7	0.439796	0.0624
36.0	19.7	0.380226	0.0624
40.5	19.7	0.412262	0.067
45.0	19.7	0.441535	0.0617
49.5	19.7	0.414422	0.0686
54.0	19.7	0.398946	0.0666
58.5	19.7	0.359428	0.0687
63.0	19.7	0.361829	0.0678
67.5	19.7	0.382805	0.0646
72.0	19.7	0.34307	0.0712
76.5	19.7	0.359644	0.0699
81.0	19.7	0.353701	0.0682
85.5	19.7	0.330925	0.0731
90.0	19.7	0.32409	0.0657
94.5	19.7	0.281732	0.0714
99.0	19.7	0.288465	0.0824
103.5	19.7	0.268484	0.0784
108.0	19.7	0.251731	0.0813
112.5	19.7	0.283636	0.0711
117.0	19.7	0.292632	0.0763
121.5	19.7	0.211125	0.0789
126.0	19.7	0.224982	0.0842
130.5	19.7	0.216106	0.0798
135.0	19.7	0.199927	0.0891
139.5	19.7	0.207486	0.1003
144.0	19.7	0.193825	0.0966
148.5	19.7	0.16359	0.0973
153.0	19.7	0.166459	0.0946
157.5	19.7	0.163434	0.0947
162.0	19.7	0.14344	0.0898
166.5	19.7	0.116281	0.1098
171.0	19.7	0.122963	0.1004
175.5	19.7	0.114666	0.1104
180.0	19.7	0.101089	0.1081
184.5	19.7	0.121792	0.1129
189.0	19.7	0.113891	0.1041
193.5	19.7	0.105744	0.1043
198.0	19.7	0.0991362	0.1135
202.5	19.7	0.115969	0.1165
207.0	19.7	0.0898874	0.129
211.5	19.7	0.0804605	0.1317
216.0	19.7	0.0917142	0.1259
220.5	19.7	0.0820356	0.1355
225.0	19.7	0.0736952	0.1527
229.5	19.7	0.0632192	0.1426
234.0	19.7	0.0593648	0.154
238.5	19.7	0.069563	0.1435
243.0	19.7	0.0584632	0.151
247.5	19.7	0.0675563	0.14
252.0	19.7	0.062553	0.1412
256.5	19.7	0.0598101	0.1619
261.0	19.7	0.0524041	0.1538
265.5	19.7	0.0565374	0.1509
270.0	19.7	0.0458416	0.179
274.5	19.7	0.0485519	0.1679
279.0	19.7	0.0797878	0.1632
283.5	19.7	0.0399753	0.1579
288.0	19.7	0.0367608	0.184
292.5	19.7	0.0460076	0.1709
297.0	19.7	0.0277113	0.1986
301.5	19.7	0.0376031	0.1837
306.0	19.7	0.0409561	0.1707
310.5	19.7	0.0307002	0.222
315.0	19.7	0.0302256	0.2492
319.5	19.7	0.0282131	0.1884
324.0	19.7	0.0280579	0.2034
328.5	19.7	0.0371709	0.222
333.0	19.7	0.0384271	0.1975
337.5	19.7	0.0299575	0.2057
342.0	19.7	0.0224222	0.3244
346.5	19.7	0.011181	0.2286
351.0	19.7	0.0229492	0.2282
355.5	19.7	0.0157606	0.265
360.0	19.7	0.0179329	0.2362
364.5	19.7	0.0134826	0.2479
369.0	19.7	0.00949317	0.3143
373.5	19.7	0.00772144	0.3302
378.0	19.7	0.00890847	0.3387
382.5	19.7	0.0090004	0.3563
387.0	19.7	0.0104959	0.3328
391.5	19.7	0.00732764	0.4903
396.0	19.7	0.010531	0.3672
400.5	19.7	0.0120047	0.4578
405.0	19.7	0.00574242	0.4366
409.5	19.7	0.00582391	0.4298
414.0	19.7	0.00561635	0.4556
418.5	19.7	0.00139613	0.1951
423.0	19.7	0.00382067	0.4026
427.5	19.7	0.00463704	0.4592
432.0	19.7	0.00864922	0.3941
436.5	19.7	0.00669627	0.3782
441.0	19.7	0.00683469	0.4455
445.5	19.7	0.00590494	0.4612
-450.0	22.2667	0.000717926	0.2091
-445.5	22.2667	0.000893011	0.4769
-441.0	22.2667	0.00125382	0.5618
-436.5	22.2667	0.00144943	0.6632
-432.0	22.2667	0.000440447	0.2905
-427.5	22.2667	0.000421519	0.3129
-423.0	22.2667	0.00044709	0.3136
-418.5	22.2667	0.0045991	0.605
-414.0	22.2667	0.000641563	0.304
-409.5	22.2667	0.000546538	0.3059
-405.0	22.2667	0.000468979	0.3021
-400.5	22.2667	0.00391937	0.8412
-396.0	22.2667	0.000824432	0.3428
-391.5	22.2667	0.00109425	0.3649
-387.0	22.2667	0.00183984	0.5745
-382.5	22.2667	0.000976656	0.1929
-378.0	22.2667	0.000837398	0.3006
-373.5	22.2667	0.00213556	0.4721
-369.0	22.2667	0.00186314	0.4856
-364.5	22.2667	0.0040643	0.4019
-360.0	22.2667	0.00683637	0.5494
-355.5	22.2667	0.00303639	0.3465
-351.0	22.2667	0.00616012	0.4371
-346.5	22.2667	0.00556747	0.4009
-342.0	22.2667	0.00206453	0.1451
-337.5	22.2667	0.0021749	0.132
-333.0	22.2667	0.00331271	0.2825
-328.5	22.2667	0.00305147	0.303
-324.0	22.2667	0.00454171	0.4688
-319.5	22.2667	0.00393789	0.2249
-315.0	22.2667	0.00539261	0.2566
-310.5	22.2667	0.0121642	0.3056
-306.0	22.2667	0.00594682	0.2987
-301.5	22.2667	0.00680727	0.2316
-297.0	22.2667	0.00929986	0.3509
-292.5	22.2667	0.00631306	0.3209
-288.0	22.2667	0.0051333	0.1867
-283.5	22.2667	0.00499806	0.2309
-279.0	22.2667	0.00956953	0.3145
-274.5	22.2667	0.0121615	0.3307
-270.0	22.2667	0.00909955	0.2986
-265.5	22.2667	0.0115693	0.3551
-261.0	22.2667	0.0113238	0.2375
-256.5	22.2667	0.00933818	0.2086
-252.0	22.2667	0.0150794	0.2556
-247.5	22.2667	0.0141789	0.2499
-243.0	22.2667	0.0116253	0.2414
-238.5	22.2667	0.0189506	0.3166
-234.0	22.2667	0.0192404	0.2972
-229.5	22.2667	0.0255256	0.2539
-225.0	22.2667	0.0212454	0.2312
-220.5	22.2667	0.0221945	0.2621
-216.0	22.2667	0.0150081	0.251
-211.5	22.2667	0.0263437	0.2276
-207.0	22.2667	0.0187858	0.235
-202.5	22.2667	0.0212411	0.2173
-198.0	22.2667	0.0308678	0.1893
-193.5	22.2667	0.0344559	0.1886
-189.0	22.2667	0.0392474	0.1629
-184.5	22.2667	0.0366944	0.1792
-180.0	22.2667	0.0474188	0.2179
-175.5	22.2667	0.0578249	0.1764
-171.0	22.2667	0.066293	0.1469
-166.5	22.2667	0.0546681	0.1514
-162.0	22.2667	0.0579806	0.1533
-157.5	22.2667	0.0742962	0.1492
-153.0	22.2667	0.0741913	0.1424
-148.5	22.2667	0.0872369	0.1364
-144.0	22.2667	0.0644063	0.131
-139.5	22.2667	0.101842	0.1216
-135.0	22.2667	0.0993179	0.1237
-130.5	22.2667	0.148504	0.1286
-126.0	22.2667	0.131584	0.1112
-121.5	22.2667	0.114189	0.1122
-117.0	22.2667	0.116886	0.1152
-112.5	22.2667	0.131749	0.1119
-108.0	22.2667	0.146564	0.1016
-103.5	22.2667	0.134533	0.1026
-99.0	22.2667	0.183157	0.0906
-94.5	22.2667	0.188622	0.0932
-90.0	22.2667	0.232841	0.0861
-85.5	22.2667	0.197327	0.0853
-81.0	22.2667	0.194765	0.0807
-76.5	22.2667	0.232683	0.0809
-72.0	22.2667	0.226068	0.0835
-67.5	22.2667	0.242765	0.0787
-63.0	22.2667	0.298036	0.0788
-58.5	22.2667	0.325827	0.0964
-54.0	22.2667	0.314218	0.0923
-49.5	22.2667	0.301981	0.071
-45.0	22.2667	0.312678	0.0722
-40.5	22.2667	0.352055	0.0939
-36.0	22.2667	0.352129	0.0696
-31.5	22.2667	0.347556	0.0671
-27.0	22.2667	0.367149	0.0636
-22.5	22.2667	0.390593	0.0685
-18.0	22.2667	0.38479	0.0666
-13.5	22.2667	0.397469	0.0642
-9.0	22.2667	0.375852	0.0647
-4.5	22.2667	0.406121	0.0649
0.0	22.2667	0.445195	0.0963
4.5	22.2667	0.407605	0.0658
9.0	22.2667	0.409494	0.063
13.5	22.2667	0.411369	0.068
18.0	22.2667	0.470537	0.0701
22.5	22.2667	0.428197	0.0627
27.0	22.2667	0.394509	0.0694
31.5	22.2667	0.4318	0.0639
36.0	22.2667	0.400073	0.065
40.5	22.2667	0.408316	0.066
45.0	22.2667	0.439189	0.0623
49.5	22.2667	0.381049	0.0669
54.0	22.2667	0.339703	0.066
58.5	22.2667	0.34922	0.0686
63.0	22.2667	0.334637	0.0668
67.5	22.2667	0.412993	0.0613
72.0	22.2667	0.35706	0.0685
76.5	22.2667	0.317774	0.0726
81.0	22.2667	0.32404	0.0734
85.5	22.2667	0.318482	0.075
90.0	22.2667	0.316895	0.069
94.5	22.2667	0.263295	0.0731
99.0	22.2667	0.303883	0.0711
103.5	22.2667	0.276414	0.1006
108.0	22.2667	0.256689	0.0829
112.5	22.2667	0.28923	0.0764
117.0	22.2667	0.235019	0.0788
121.5	22.2667	0.249409	0.1027
126.0	22.2667	0.208926	0.0821
130.5	22.2667	0.200471	0.0883
135.0	22.2667	0.18916	0.085
139.5	22.2667	0.179517	0.0911
144.0	22.2667	0.174736	0.0894
148.5	22.2667	0.180997	0.0982
153.0	22.2667	0.147726	0.0967
157.5	22.2667	0.145406	0.0952
162.0	22.2667	0.137893	0.1072
166.5	22.2667	0.155738	0.0987
171.0	22.2667	0.108016	0.1097
175.5	22.2667	0.0926828	0.1159
180.0	22.2667	0.118572	0.1073
184.5	22.2667	0.122776	0.1076
189.0	22.2667	0.114456	0.1194
193.5	22.2667	0.0963426	0.1339
198.0	22.2667	0.0941459	0.1228
202.5	22.2667	0.0889285	0.1204
207.0	22.2667	0.0955441	0.1243
211.5	22.2667	0.0892871	0.1319
216.0	22.2667	0.0828854	0.1446
220.5	22.2667	0.0754182	0.1538
225.0	22.2667	0.0772631	0.1283
229.5	22.2667	0.0762787	0.1481
234.0	22.2667	0.0672014	0.1476
238.5	22.2667	0.0709548	0.1465
243.0	22.2667	0.0605591	0.1456
247.5	22.2667	0.0716492	0.1589
252.0	22.2667	0.0743074	0.146
256.5	22.2667	0.0605496	0.1584
261.0	22.2667	0.0467015	0.1696
265.5	22.2667	0.0477099	0.1636
270.0	22.2667	0.0492771	0.173
274.5	22.2667	0.0553124	0.1589
279.0	22.2667	0.0358818	0.1683
283.5	22.2667	0.0533865	0.1631
288.0	22.2667	0.0532607	0.1675
292.5	22.2667	0.0372344	0.18
297.0	22.2667	0.0330939	0.1739
301.5	22.2667	0.0343916	0.192
306.0	22.2667	0.0355821	0.1975
310.5	22.2667	0.0392766	0.1819
315.0	22.2667	0.031189	0.1894
319.5	22.2667	0.0288939	0.197
324.0	22.2667	0.0230044	0.2255
328.5	22.2667	0.0273991	0.1913
333.0	22.2667	0.0243525	0.206
337.5	22.2667	0.0319782	0.2527
342.0	22.2667	0.0329896	0.2155
346.5	22.2667	0.0201936	0.2461
351.0	22.2667	0.0255376	0.2475
355.5	22.2667	0.0272998	0.2483
360.0	22.2667	0.015095	0.2549
364.5	22.2667	0.0159286	0.2506
369.0	22.2667	0.0260079	0.2935
373.5	22.2667	0.0062335	0.3673
378.0	22.2667	0.0161218	0.3141
382.5	22.2667	0.00826321	0.3198
387.0	22.2667	0.0090061	0.3412
391.5	22.2667	0.00942716	0.5708
396.0	22.2667	0.00770058	0.57
400.5	22.2667	0.00998419	0.4757
405.0	22.2667	0.0156331	0.377
409.5	22.2667	0.0140499	0.4446
414.0	22.2667	0.00792479	0.5855
418.5	22.2667	0.0109257	0.4373
423.0	22.2667	0.00431113	0.601
427.5	22.2667	0.00360934	0.4331
432.0	22.2667	0.00686167	0.4853
436.5	22.2667	0.00394321	0.6105
441.0	22.2667	0.00800636	0.3674
445.5	22.2667	0.00791445	0.4095
-450.0	24.8333	0.000691562	0.2333
-445.5	24.8333	0.00109761	0.4972
-441.0	24.8333	0.0014016	0.7807
-436.5	24.8333	0.000517537	0.2791
-432.0	24.8333	0.000756177	0.43
-427.5	24.8333	0.000472886	0.2869
-423.0	24.8333	0.000479015	0.3001
-418.5	24.8333	0.00267511	0.7177
-414.0	24.8333	0.00153235	0.7082
-409.5	24.8333	0.000623589	0.2724
-405.0	24.8333	0.000457452	0.2925
-400.5	24.8333	0.000911724	0.4841
-396.0	24.8333	0.00198541	0.6826
-391.5	24.8333	0.00179334	0.6794
-387.0	24.8333	0.00092076	0.329
-382.5	24.8333	0.00218887	0.541
-378.0	24.8333	0.00109952	0.211
-373.5	24.8333	0.00100241	0.2132
-369.0	24.8333	0.00153432	0.1766
-364.5	24.8333	0.00265537	0.359
-360.0	24.8333	0.00302371	0.4185
-355.5	24.8333	0.00524205	0.6394
-351.0	24.8333	0.00226055	0.2911
-346.5	24.8333	0.00592746	0.4292
-342.0	24.8333	0.00422307	0.4931
-337.5	24.8333	0.00245422	0.1474
-333.0	24.8333	0.00309778	0.1964
-328.5	24.8333	0.0047325	0.4336
-324.0	24.8333	0.00311676	0.1313
-319.5	24.8333	0.00472011	0.3311
-315.0	24.8333	0.00839728	0.3054
-310.5	24.8333	0.00699156	0.3714
-306.0	24.8333	0.00587143	0.3162
-301.5	24.8333	0.00689186	0.2959
-297.0	24.8333	0.00814052	0.4116
-292.5	24.8333	0.00642652	0.2562
-288.0	24.8333	0.0109254	0.3616
-283.5	24.8333	0.00906569	0.3347
-279.0	24.8333	0.00995286	0.3169
-274.5	24.8333	0.00914269	0.3167
-270.0	24.8333	0.00657546	0.2477
-265.5	24.8333	0.00757282	0.2773
-261.0	24.8333	0.00990567	0.2813
-256.5	24.8333	0.0106616	0.2482
-252.0	24.8333	0.00947312	0.2659
-247.5	24.8333	0.0103495	0.2601
-243.0	24.8333	0.0132971	0.2431
-238.5	24.8333	0.0188298	0.2562
-234.0	24.8333	0.0179434	0.2691
-229.5	24.8333	0.0204788	0.2337
-225.0	24.8333	0.0291721	0.2567
-220.5	24.8333	0.0279029	0.2493
-216.0	24.8333	0.0338367	0.2254
-211.5	24.8333	0.0309003	0.2179
-207.0	24.8333	0.0271044	0.2158
-202.5	24.8333	0.0232235	0.2275
-198.0	24.8333	0.0255048	0.1978
-193.5	24.8333	0.023761	0.2027
-189.0	24.8333	0.0429543	0.1797
-184.5	24.8333	0.0511186	0.2151
-180.0	24.8333	0.0508079	0.182
-175.5	24.8333	0.044526	0.1557
-171.0	24.8333	0.0483277	0.1657
-166.5	24.8333	0.0590237	0.1437
-162.0	24.8333	0.0557344	0.1568
-157.5	24.8333	0.0767187	0.1455
-153.0	24.8333	0.078646	0.1378
-148.5	24.8333	0.072209	0.136
-144.0	24.8333	0.0991753	0.1384
-139.5	24.8333	0.0927805	0.1295
-135.0	24.8333	0.122292	0.1159
-130.5	24.8333	0.115278	0.113
-126.0	24.8333	0.114674	0.1137
-121.5	24.8333	0.109369	0.1212
-117.0	24.8333	0.120532	0.1106
-112.5	24.8333	0.122104	0.1044
-108.0	24.8333	0.138754	0.1029
-103.5	24.8333	0.174036	0.0998
-99.0	24.8333	0.178996	0.1059
-94.5	24.8333	0.185994	0.0837
-90.0	24.8333	0.187871	0.0887
-85.5	24.8333	0.175747	0.092
-81.0	24.8333	0.197251	0.0807
-76.5	24.8333	0.236958	0.0764
-72.0	24.8333	0.20945	0.0798
-67.5	24.8333	0.243724	0.0801
-63.0	24.8333	0.29761	0.0768
-58.5	24.8333	0.293369	0.0765
-54.0	24.8333	0.273769	0.0838
-49.5	24.8333	0.360423	0.0718
-45.0	24.8333	0.353298	0.0842
-40.5	24.8333	0.296248	0.0698
-36.0	24.8333	0.332322	0.0733
-31.5	24.8333	0.363074	0.0734
-27.0	24.8333	0.389836	0.0762
-22.5	24.8333	0.349821	0.0726
-18.0	24.8333	0.358431	0.0635
-13.5	24.8333	0.417951	0.0601
-9.0	24.8333	0.39288	0.0652
-4.5	24.8333	0.398981	0.0671
0.0	24.8333	0.439318	0.0658
4.5	24.8333	0.443471	0.0667
9.0	24.8333	0.397371	0.0644
13.5	24.8333	0.406301	0.0668
18.0	24.8333	0.411224	0.0696
22.5	24.8333	0.416016	0.0658
27.0	24.8333	0.430757	0.0627
31.5	24.8333	0.438791	0.0923
36.0	24.8333	0.389912	0.0642
40.5	24.8333	0.456603	0.0671
45.0	24.8333	0.371986	0.0628
49.5	24.8333	0.386402	0.0674
54.0	24.8333	0.370836	0.0623
58.5	24.8333	0.398983	0.0807
63.0	24.8333	0.336675	0.0665
67.5	24.8333	0.35857	0.068
72.0	24.8333	0.320681	0.0671
76.5	24.8333	0.36881	0.067
81.0	24.8333	0.381646	0.0678
85.5	24.8333	0.311253	0.0785
90.0	24.8333	0.29513	0.0735
94.5	24.8333	0.258868	0.0801
99.0	24.8333	0.291676	0.0766
103.5	24.8333	0.261416	0.0798
108.0	24.8333	0.253877	0.0756
112.5	24.8333	0.244443	0.0754
117.0	24.8333	0.218568	0.0787
121.5	24.8333	0.219887	0.0882
126.0	24.8333	0.243829	0.0829
130.5	24.8333	0.226415	0.0809
135.0	24.8333	0.203547	0.0839
139.5	24.8333	0.181202	0.0934
144.0	24.8333	0.190096	0.0916
148.5	24.8333	0.176202	0.0898
153.0	24.8333	0.157803	0.0915
157.5	24.8333	0.141858	0.1063
162.0	24.8333	0.148394	0.0962
166.5	24.8333	0.162506	0.0971
171.0	24.8333	0.101111	0.111
175.5	24.8333	0.100245	0.1126
180.0	24.8333	0.111324	0.1118
184.5	24.8333	0.113395	0.1052
189.0	24.8333	0.0871969	0.1134
193.5	24.8333	0.0983351	0.1162
198.0	24.8333	0.0792778	0.127
202.5	24.8333	0.0874284	0.1279
207.0	24.8333	0.108253	0.1178
211.5	24.8333	0.102168	0.1235
216.0	24.8333	0.0709376	0.1414
220.5	24.8333	0.0664023	0.1354
225.0	24.8333	0.0718932	0.1419
229.5	24.8333	0.0650839	0.149
234.0	24.8333	0.0684844	0.1543
238.5	24.8333	0.0678835	0.1407
243.0	24.8333	0.0601723	0.1425
247.5	24.8333	0.0579552	0.1347
252.0	24.8333	0.0645101	0.1479
256.5	24.8333	0.0517611	0.1902
261.0	24.8333	0.0591989	0.1647
265.5	24.8333	0.0502712	0.185
270.0	24.8333	0.0633202	0.1606
274.5	24.8333	0.0563703	0.1608
279.0	24.8333	0.0345203	0.1731
283.5	24.8333	0.0518042	0.1506
288.0	24.8333	0.0439708	0.1702
292.5	24.8333	0.0532993	0.1691
297.0	24.8333	0.0429788	0.1987
301.5	24.8333	0.0451612	0.1741
306.0	24.8333	0.0277045	0.195
310.5	24.8333	0.044668	0.1891
315.0	24.8333	0.0312613	0.1874
319.5	24.8333	0.0341687	0.1956
324.0	24.8333	0.0253151	0.2261
328.5	24.8333	0.0284001	0.2152
333.0	24.8333	0.0355528	0.1998
337.5	24.8333	0.0404494	0.2193
342.0	24.8333	0.0182373	0.2376
346.5	24.8333	0.0219751	0.2473
351.0	24.8333	0.0165444	0.2486
355.5	24.8333	0.0134626	0.2219
360.0	24.8333	0.0216756	0.2681
364.5	24.8333	0.0238898	0.2697
369.0	24.8333	0.019504	0.3072
373.5	24.8333	0.0180779	0.2983
378.0	24.8333	0.0175935	0.2771
382.5	24.8333	0.0155596	0.2933
387.0	24.8333	0.007913	0.4531
391.5	24.8333	0.00616905	0.4569
396.0	24.8333	0.00139253	0.2274
400.5	24.8333	0.0037461	0.4349
405.0	24.8333	0.0051258	0.6776
409.5	24.8333	0.00223229	0.3424
414.0	24.8333	0.00169865	0.3345
418.5	24.8333	0.0054296	0.4138
423.0	24.8333	0.00851989	0.4278
427.5	24.8333	0.00306186	0.5248
432.0	24.8333	0.0134221	0.3936
436.5	24.8333	0.00916715	0.4595
441.0	24.8333	0.0115982	0.3488
445.5	24.8333	0.00514288	0.423
-450.0	27.4	0.000489506	0.2573
-445.5	27.4	0.00157575	0.7407
-441.0	27.4	0.0018287	0.6128
-436.5	27.4	0.000485975	0.2904
-432.0	27.4	0.0010517	0.4483
-427.5	27.4	0.000643442	0.2435
-423.0	27.4	0.00135644	0.5938
-418.5	27.4	0.00143127	0.708
-414.0	27.4	0.00186384	0.7003
-409.5	27.4	0.000843354	0.2904
-405.0	27.4	0.00107642	0.3075
-400.5	27.4	0.00262681	0.6501
-396.0	27.4	0.00114634	0.3431
-391.5	27.4	0.0010135	0.2983
-387.0	27.4	0.00104659	0.2247
-382.5	27.4	0.000901172	0.2471
-378.0	27.4	0.0007747	0.2739
-373.5	27.4	0.000856862	0.2386
-369.0	27.4	0.00184503	0.1654
-364.5	27.4	0.00262207	0.3444
-360.0	27.4	0.0037344	0.3821
-355.5	27.4	0.00197566	0.156
-351.0	27.4	0.00263104	0.2504
-346.5	27.4	0.00249262	0.3155
-342.0	27.4	0.00471379	0.4382
-337.5	27.4	0.0061649	0.3926
-333.0	27.4	0.00222351	0.138
-328.5	27.4	0.0038153	0.2473
-324.0	27.4	0.00320181	0.382
-319.5	27.4	0.00584671	0.393
-315.0	27.4	0.00749526	0.3307
-310.5	27.4	0.011042	0.3706
-306.0	27.4	0.0171277	0.3367
-301.5	27.4	0.0156163	0.3798
-297.0	27.4	0.0148228	0.3879
-292.5	27.4	0.0132384	0.3913
-288.0	27.4	0.0111149	0.3668
-283.5	27.4	0.0117366	0.432
-279.0	27.4	0.0127849	0.3135
-274.5	27.4	0.00679697	0.2531
-270.0	27.4	0.00839781	0.3332
-265.5	27.4	0.00575272	0.259
-261.0	27.4	0.0116465	0.4111
-256.5	27.4	0.011323	0.3886
-252.0	27.4	0.00727109	0.2927
-247.5	27.4	0.00954499	0.2076
-243.0	27.4	0.0130608	0.235
-238.5	27.4	0.0177738	0.3029
-234.0	27.4	0.0138345	0.2808
-229.5	27.4	0.0175814	0.2384
-225.0	27.4	0.0180146	0.2083
-220.5	27.4	0.0205093	0.2034
-216.0	27.4	0.0287094	0.2249
-211.5	27.4	0.0247072	0.2084
-207.0	27.4	0.0289497	0.2175
-202.5	27.4	0.0289419	0.2067
-198.0	27.4	0.0371329	0.1905
-193.5	27.4	0.044204	0.2002
-189.0	27.4	0.039331	0.1728
-184.5	27.4	0.0441861	0.1824
-180.0	27.4	0.0419593	0.2007
-175.5	27.4	0.0438873	0.1895
-171.0	27.4	0.0469506	0.1759
-166.5	27.4	0.0691562	0.1501
-162.0	27.4	0.0825032	0.1494
-157.5	27.4	0.0721617	0.161
-153.0	27.4	0.059472	0.136
-148.5	27.4	0.0764648	0.1462
-144.0	27.4	0.0884394	0.1342
-139.5	27.4	0.0929893	0.1415
-135.0	27.4	0.100887	0.1252
-130.5	27.4	0.103281	0.1183
-126.0	27.4	0.110966	0.121
-121.5	27.4	0.114072	0.118
-117.0	27.4	0.121221	0.1054
-112.5	27.4	0.136661	0.1123
-108.0	27.4	0.160196	0.0963
-103.5	27.4	0.146808	0.0972
-99.0	27.4	0.153191	0.0945
-94.5	27.4	0.171168	0.0966
-90.0	27.4	0.171245	0.0951
-85.5	27.4	0.194853	0.0935
-81.0	27.4	0.191328	0.0876
-76.5	27.4	0.231304	0.0802
-72.0	27.4	0.23801	0.0829
-67.5	27.4	0.244421	0.0816
-63.0	27.4	0.272531	0.0737
-58.5	27.4	0.249767	0.0822
-54.0	27.4	0.280185	0.0784
-49.5	27.4	0.290911	0.0898
-45.0	27.4	0.327449	0.0688
-40.5	27.4	0.341058	0.088
-36.0	27.4	0.35368	0.0729
-31.5	27.4	0.341113	0.0733
-27.0	27.4	0.356943	0.0692
-22.5	27.4	0.358191	0.074
-18.0	27.4	0.342077	0.0679
-13.5	27.4	0.355695	0.0655
-9.0	27.4	0.426318	0.0627
-4.5	27.4	0.359609	0.0664
0.0	27.4	0.419005	0.0661
4.5	27.4	0.424733	0.0628
9.0	27.4	0.409511	0.0695
13.5	27.4	0.4184	0.0687
18.0	27.4	0.38973	0.0645
22.5	27.4	0.391672	0.0652
27.0	27.4	0.414101	0.0623
31.5	27.4	0.433445	0.0664
36.0	27.4	0.403244	0.0738
40.5	27.4	0.415175	0.0657
45.0	27.4	0.428842	0.0652
49.5	27.4	0.427779	0.0626
54.0	27.4	0.420783	0.0631
58.5	27.4	0.372592	0.065
63.0	27.4	0.357613	0.0653
67.5	27.4	0.308713	0.067
72.0	27.4	0.334304	0.0669
76.5	27.4	0.334949	0.0661
81.0	27.4	0.337347	0.066
85.5	27.4	0.313552	0.0664
90.0	27.4	0.288923	0.0709
94.5	27.4	0.258281	0.0741
99.0	27.4	0.249735	0.0756
103.5	27.4	0.270726	0.0712
108.0	27.4	0.262279	0.072
112.5	27.4	0.237827	0.0768
117.0	27.4	0.255905	0.0775
121.5	27.4	0.213281	0.0823
126.0	27.4	0.240212	0.0842
130.5	27.4	0.200772	0.0866
135.0	27.4	0.16648	0.0891
139.5	27.4	0.17383	0.0844
144.0	27.4	0.171653	0.0882
148.5	27.4	0.163124	0.0954
153.0	27.4	0.196115	0.0878
157.5	27.4	0.156843	0.0976
162.0	27.4	0.14353	0.0927
166.5	27.4	0.159237	0.0985
171.0	27.4	0.142751	0.0982
175.5	27.4	0.122365	0.1076
180.0	27.4	0.115171	0.1105
184.5	27.4	0.124867	0.1064
189.0	27.4	0.0881944	0.1121
193.5	27.4	0.11792	0.1082
198.0	27.4	0.0831325	0.1285
202.5	27.4	0.0858514	0.1313
207.0	27.4	0.112527	0.1209
211.5	27.4	0.100294	0.1606
216.0	27.4	0.0934313	0.1257
220.5	27.4	0.0771065	0.1353
225.0	27.4	0.0721955	0.1457
229.5	27.4	0.0687694	0.1555
234.0	27.4	0.070753	0.1384
238.5	27.4	0.0640461	0.1414
243.0	27.4	0.0655645	0.1411
247.5	27.4	0.0582089	0.1519
252.0	27.4	0.0601106	0.1504
256.5	27.4	0.0781827	0.147
261.0	27.4	0.0561762	0.1501
265.5	27.4	0.0560932	0.1707
270.0	27.4	0.0446324	0.1754
274.5	27.4	0.0381819	0.1656
279.0	27.4	0.0545874	0.1627
283.5	27.4	0.042489	0.1581
288.0	27.4	0.0540496	0.1654
292.5	27.4	0.0491479	0.1626
297.0	27.4	0.0307845	0.1757
301.5	27.4	0.0498707	0.1939
306.0	27.4	0.033406	0.2222
310.5	27.4	0.0403157	0.179
315.0	27.4	0.0422081	0.1855
319.5	27.4	0.0430114	0.1861
324.0	27.4	0.0228756	0.2015
328.5	27.4	0.0221979	0.2347
333.0	27.4	0.0324619	0.2224
337.5	27.4	0.0269678	0.2038
342.0	27.4	0.0270303	0.2313
346.5	27.4	0.0292192	0.1943
351.0	27.4	0.0280953	0.2099
355.5	27.4	0.0204884	0.2943
360.0	27.4	0.0179992	0.2528
364.5	27.4	0.023965	0.2943
369.0	27.4	0.0085866	0.2661
373.5	27.4	0.0135181	0.3479
378.0	27.4	0.0080016	0.4168
382.5	27.4	0.0111452	0.3257
387.0	27.4	0.0124971	0.3696
391.5	27.4	0.0105056	0.3643
396.0	27.4	0.00769355	0.4589
400.5	27.4	0.00515176	0.5172
405.0	27.4	0.0115982	0.4802
409.5	27.4	0.00518975	0.4105
414.0	27.4	0.00830128	0.5505
418.5	27.4	0.00141242	0.2557
423.0	27.4	0.0072045	0.4277
427.5	27.4	0.00619031	0.5197
432.0	27.4	0.00449056	0.3909
436.5	27.4	0.00665466	0.3778
441.0	27.4	0.00520299	0.4615
445.5	27.4	0.00741575	0.3806
-450.0	29.9667	0.000649418	0.2067
-445.5	29.9667	0.000453057	0.233
-441.0	29.9667	0.000466281	0.2686
-436.5	29.9667	0.000523806	0.4115
-432.0	29.9667	0.00259329	0.6262
-427.5	29.9667	0.00029171	0.3234
-423.0	29.9667	0.000661286	0.2296
-418.5	29.9667	0.000740284	0.415
-414.0	29.9667	0.000513368	0.5501
-409.5	29.9667	0.000335316	0.3834
-405.0	29.9667	0.000833559	0.5845
-400.5	29.9667	0.000553364	0.2697
-396.0	29.9667	0.00139352	0.5657
-391.5	29.9667	0.000935231	0.2171
-387.0	29.9667	0.000747948	0.2392
-382.5	29.9667	0.00112068	0.1893
-378.0	29.9667	0.0014528	0.3235
-373.5	29.9667	0.000957404	0.1888
-369.0	29.9667	0.00182315	0.2328
-364.5	29.9667	0.00370563	0.457
-360.0	29.9667	0.00199705	0.3236
-355.5	29.9667	0.00163344	0.1418
-351.0	29.9667	0.00200151	0.2197
-346.5	29.9667	0.0019476	0.141
-342.0	29.9667	0.00330414	0.4576
-337.5	29.9667	0.00399511	0.2972
-333.0	29.9667	0.00399587	0.3514
-328.5	29.9667	0.00219002	0.1321
-324.0	29.9667	0.00492655	0.3532
-319.5	29.9667	0.00515501	0.2553
-315.0	29.9667	0.0100977	0.3032
-310.5	29.9667	0.00597663	0.3358
-306.0	29.9667	0.0079501	0.4759
-301.5	29.9667	0.00685133	0.315
-297.0	29.9667	0.00462494	0.2211
-292.5	29.9667	0.00493169	0.2256
-288.0	29.9667	0.00531313	0.3301
-283.5	29.9667	0.00660994	0.3212
-279.0	29.9667	0.00918632	0.3144
-274.5	29.9667	0.00823833	0.2766
-270.0	29.9667	0.0088563	0.4453
-265.5	29.9667	0.0083969	0.3057
-261.0	29.9667	0.00614909	0.2017
-256.5	29.9667	0.0107684	0.2584
-252.0	29.9667	0.00644652	0.1388
-247.5	29.9667	0.0111086	0.2639
-243.0	29.9667	0.00781388	0.2319
-238.5	29.9667	0.0119939	0.3098
-234.0	29.9667	0.0124699	0.238
-229.5	29.9667	0.0109484	0.2408
-225.0	29.9667	0.0278272	0.2685
-220.5	29.9667	0.0164177	0.2642
-216.0	29.9667	0.016937	0.2393
-211.5	29.9667	0.0255001	0.1978
-207.0	29.9667	0.0186278	0.1876
-202.5	29.9667	0.0202772	0.216
-198.0	29.9667	0.0325449	0.2036
-193.5	29.9667	0.0354886	0.191
-189.0	29.9667	0.0378691	0.1786
-184.5	29.9667	0.0348875	0.1687
-180.0	29.9667	0.0450542	0.1774
-175.5	29.9667	0.0432879	0.1827
-171.0	29.9667	0.0446725	0.1469
-166.5	29.9667	0.0654361	0.1489
-162.0	29.9667	0.0550885	0.1384
-157.5	29.9667	0.0588654	0.1509
-153.0	29.9667	0.0662997	0.1446
-148.5	29.9667	0.0479046	0.1554
-144.0	29.9667	0.0668804	0.1201
-139.5	29.9667	0.0783431	0.1255
-135.0	29.9667	0.0967902	0.135
-130.5	29.9667	0.0954045	0.1208
-126.0	29.9667	0.0965798	0.1176
-121.5	29.9667	0.135448	0.1148
-117.0	29.9667	0.131185	0.1042
-112.5	29.9667	0.151624	0.0982
-108.0	29.9667	0.137642	0.0995
-103.5	29.9667	0.158053	0.0974
-99.0	29.9667	0.166707	0.0972
-94.5	29.9667	0.176806	0.0937
-90.0	29.9667	0.205299	0.0894
-85.5	29.9667	0.172962	0.0868
-81.0	29.9667	0.201504	0.0889
-76.5	29.9667	0.211046	0.0878
-72.0	29.9667	0.208587	0.0848
-67.5	29.9667	0.246784	0.0888
-63.0	29.9667	0.252476	0.0763
-58.5	29.9667	0.316441	0.0784
-54.0	29.9667	0.309515	0.0747
-49.5	29.9667	0.317068	0.0733
-45.0	29.9667	0.303248	0.0732
-40.5	29.9667	0.306842	0.0737
-36.0	29.9667	0.351894	0.0708
-31.5	29.9667	0.35092	0.0689
-27.0	29.9667	0.349071	0.069
-22.5	29.9667	0.359241	0.0658
-18.0	29.9667	0.404092	0.0774
-13.5	29.9667	0.393196	0.0655
-9.0	29.9667	0.402445	0.0658
-4.5	29.9667	0.38293	0.0648
0.0	29.9667	0.421531	0.0734
4.5	29.9667	0.410421	0.0674
9.0	29.9667	0.42035	0.0684
13.5	29.9667	0.409949	0.064
18.0	29.9667	0.422564	0.0687
22.5	29.9667	0.4059	0.064
27.0	29.9667	0.42076	0.0659
31.5	29.9667	0.420552	0.0654
36.0	29.9667	0.412514	0.0638
40.5	29.9667	0.355981	0.0649
45.0	29.9667	0.374764	0.0716
49.5	29.9667	0.364993	0.065
54.0	29.9667	0.358163	0.0727
58.5	29.9667	0.33258	0.065
63.0	29.9667	0.360338	0.0655
67.5	29.9667	0.337346	0.0672
72.0	29.9667	0.353754	0.0693
76.5	29.9667	0.288078	0.0725
81.0	29.9667	0.307872	0.0698
85.5	29.9667	0.273364	0.0707
90.0	29.9667	0.280299	0.0679
94.5	29.9667	0.296716	0.0726
99.0	29.9667	0.282617	0.0767
103.5	29.9667	0.258681	0.0724
108.0	29.9667	0.231052	0.0769
112.5	29.9667	0.196716	0.0812
117.0	29.9667	0.233435	0.0759
121.5	29.9667	0.209785	0.0802
126.0	29.9667	0.189404	0.0857
130.5	29.9667	0.229899	0.0816
135.0	29.9667	0.185235	0.0883
139.5	29.9667	0.191988	0.0869
144.0	29.9667	0.1759	0.1323
148.5	29.9667	0.184191	0.0954
153.0	29.9667	0.134459	0.1013
157.5	29.9667	0.176116	0.0933
162.0	29.9667	0.181541	0.0967
166.5	29.9667	0.150901	0.1013
171.0	29.9667	0.119592	0.1014
175.5	29.9667	0.105832	0.1052
180.0	29.9667	0.126626	0.1036
184.5	29.9667	0.0816364	0.1108
189.0	29.9667	0.110778	0.1071
193.5	29.9667	0.103958	0.1126
198.0	29.9667	0.10565	0.1178
202.5	29.9667	0.0878531	0.1266
207.0	29.9667	0.100241	0.1327
211.5	29.9667	0.0935222	0.1345
216.0	29.9667	0.0695958	0.1201
220.5	29.9667	0.0842637	0.1294
225.0	29.9667	0.0785915	0.143
229.5	29.9667	0.0776017	0.1443
234.0	29.9667	0.082861	0.1456
238.5	29.9667	0.0703309	0.1369
243.0	29.9667	0.0659046	0.1364
247.5	29.9667	0.0653088	0.1486
252.0	29.9667	0.0603433	0.1454
256.5	29.9667	0.0592869	0.152
261.0	29.9667	0.0583824	0.1604
265.5	29.9667	0.0625362	0.1585
270.0	29.9667	0.0581233	0.1497
274.5	29.9667	0.0568489	0.1712
279.0	29.9667	0.0397748	0.1639
283.5	29.9667	0.0549996	0.1632
288.0	29.9667	0.0434055	0.1683
292.5	29.9667	0.0442096	0.187
297.0	29.9667	0.0334576	0.1892
301.5	29.9667	0.0362054	0.1711
306.0	29.9667	0.0369984	0.1621
310.5	29.9667	0.0400069	0.1792
315.0	29.9667	0.0374321	0.1854
319.5	29.9667	0.0334864	0.2148
324.0	29.9667	0.0411557	0.1874
328.5	29.9667	0.0317807	0.1873
333.0	29.9667	0.0316026	0.2092
337.5	29.9667	0.024853	0.2077
342.0	29.9667	0.0437209	0.1965
346.5	29.9667	0.0219962	0.2462
351.0	29.9667	0.0224046	0.3101
355.5	29.9667	0.00838166	0.2988
360.0	29.9667	0.013569	0.2839
364.5	29.9667	0.013936	0.2972
369.0	29.9667	0.0145884	0.3318
373.5	29.9667	0.0115734	0.396
378.0	29.9667	0.0098797	0.4132
382.5	29.9667	0.00626045	0.4153
387.0	29.9667	0.0152137	0.389
391.5	29.9667	0.0132518	0.3314
396.0	29.9667	0.00849399	0.3609
400.5	29.9667	0.00396704	0.409
405.0	29.9667	0.00491757	0.4886
409.5	29.9667	0.00538832	0.5934
414.0	29.9667	0.0132168	0.3278
418.5	29.9667	0.0100236	0.5026
423.0	29.9667	0.00798362	0.3929
427.5	29.9667	0.00840756	0.4469
432.0	29.9667	0.00583837	0.47
436.5	29.9667	0.00735919	0.3683
441.0	29.9667	0.00904671	0.3636
445.5	29.9667	0.0061666	0.5021
-450.0	32.5333	0.000302161	0.294
-445.5	32.5333	0.000771766	0.2143
-441.0	32.5333	0.000894686	0.3858
-436.5	32.5333	0.00166522	0.5974
-432.0	32.5333	0.000632743	0.2571
-427.5	32.5333	0.000649544	0.2763
-423.0	32.5333	0.000380511	0.2882
-418.5	32.5333	0.000487699	0.2768
-414.0	32.5333	0.00062084	0.2303
-409.5	32.5333	0.000653698	0.3277
-405.0	32.5333	0.00160138	0.7442
-400.5	32.5333	0.00397512	0.9237
-396.0	32.5333	0.00068366	0.2733
-391.5	32.5333	0.000674786	0.2408
-387.0	32.5333	0.00138246	0.5309
-382.5	32.5333	0.000959714	0.1818
-378.0	32.5333	0.00150266	0.3678
-373.5	32.5333	0.00130704	0.1802
-369.0	32.5333	0.00126974	0.1814
-364.5	32.5333	0.00248786	0.5331
-360.0	32.5333	0.00262221	0.3186
-355.5	32.5333	0.00232289	0.2406
-351.0	32.5333	0.003518	0.3123
-346.5	32.5333	0.00541691	0.4732
-342.0	32.5333	0.00442272	0.432
-337.5	32.5333	0.00266899	0.2926
-333.0	32.5333	0.0035474	0.2837
-328.5	32.5333	0.0027293	0.1784
-324.0	32.5333	0.00472425	0.3463
-319.5	32.5333	0.0068059	0.2868
-315.0	32.5333	0.00790021	0.4531
-310.5	32.5333	0.0124192	0.4641
-306.0	32.5333	0.0084236	0.6098
-301.5	32.5333	0.00557311	0.4267
-297.0	32.5333	0.00566576	0.4201
-292.5	32.5333	0.00657329	0.2983
-288.0	32.5333	0.00491471	0.3333
-283.5	32.5333	0.0152636	0.3687
-279.0	32.5333	0.00938975	0.3689
-274.5	32.5333	0.00625532	0.3319
-270.0	32.5333	0.0113496	0.2833
-265.5	32.5333	0.0104172	0.3098
-261.0	32.5333	0.0107556	0.3301
-256.5	32.5333	0.0147589	0.2575
-252.0	32.5333	0.010082	0.2481
-247.5	32.5333	0.00934089	0.2604
-243.0	32.5333	0.00943635	0.2995
-238.5	32.5333	0.0107278	0.2343
-234.0	32.5333	0.0225348	0.2928
-229.5	32.5333	0.0127628	0.4142
-225.0	32.5333	0.0170968	0.2035
-220.5	32.5333	0.0320719	0.2628
-216.0	32.5333	0.0303288	0.2441
-211.5	32.5333	0.0232156	0.1975
-207.0	32.5333	0.0158034	0.1842
-202.5	32.5333	0.0125252	0.1939
-198.0	32.5333	0.0279878	0.1796
-193.5	32.5333	0.0392615	0.1835
-189.0	32.5333	0.027237	0.1996
-184.5	32.5333	0.0417472	0.1701
-180.0	32.5333	0.0432868	0.1872
-175.5	32.5333	0.0410642	0.1698
-171.0	32.5333	0.0580803	0.1673
-166.5	32.5333	0.0557666	0.1535
-162.0	32.5333	0.0450849	0.148
-157.5	32.5333	0.0736279	0.1496
-153.0	32.5333	0.0835286	0.1426
-148.5	32.5333	0.0761186	0.1288
-144.0	32.5333	0.0775689	0.1315
-139.5	32.5333	0.0923169	0.1228
-135.0	32.5333	0.116011	0.1407
-130.5	32.5333	0.095584	0.1177
-126.0	32.5333	0.127434	0.1163
-121.5	32.5333	0.133954	0.1069
-117.0	32.5333	0.128021	0.1117
-112.5	32.5333	0.159368	0.1027
-108.0	32.5333	0.149369	0.098
-103.5	32.5333	0.152229	0.0949
-99.0	32.5333	0.164426	0.0941
-94.5	32.5333	0.189025	0.0902
-90.0	32.5333	0.209389	0.0846
-85.5	32.5333	0.219293	0.0867
-81.0	32.5333	0.205612	0.0807
-76.5	32.5333	0.212806	0.0892
-72.0	32.5333	0.209972	0.0873
-67.5	32.5333	0.253024	0.0772
-63.0	32.5333	0.263138	0.0784
-58.5	32.5333	0.263329	0.0768
-54.0	32.5333	0.261101	0.0769
-49.5	32.5333	0.271754	0.0716
-45.0	32.5333	0.304764	0.081
-40.5	32.5333	0.310145	0.0774
-36.0	32.5333	0.334775	0.067
-31.5	32.5333	0.406109	0.0744
-27.0	32.5333	0.372087	0.0634
-22.5	32.5333	0.339775	0.0782
-18.0	32.5333	0.366633	0.0672
-13.5	32.5333	0.378709	0.0639
-9.0	32.5333	0.368135	0.0709
-4.5	32.5333	0.431424	0.0595
0.0	32.5333	0.416026	0.0624
4.5	32.5333	0.373501	0.0691
9.0	32.5333	0.430813	0.069
13.5	32.5333	0.396181	0.0691
18.0	32.5333	0.409976	0.0671
22.5	32.5333	0.399022	0.0663
27.0	32.5333	0.385874	0.0676
31.5	32.5333	0.426998	0.066
36.0	32.5333	0.421514	0.0683
40.5	32.5333	0.367799	0.0666
45.0	32.5333	0.346815	0.0643
49.5	32.5333	0.378154	0.0628
54.0	32.5333	0.364874	0.0646
58.5	32.5333	0.377666	0.0674
63.0	32.5333	0.369153	0.0647
67.5	32.5333	0.367813	0.0686
72.0	32.5333	0.311	0.0668
76.5	32.5333	0.309352	0.0717
81.0	32.5333	0.322089	0.0698
85.5	32.5333	0.28885	0.0721
90.0	32.5333	0.313123	0.0715
94.5	32.5333	0.276452	0.0845
99.0	32.5333	0.283059	0.0766
103.5	32.5333	0.30628	0.0682
108.0	32.5333	0.262087	0.0846
112.5	32.5333	0.240991	0.0876
117.0	32.5333	0.239873	0.0809
121.5	32.5333	0.228327	0.0828
126.0	32.5333	0.212113	0.099
130.5	32.5333	0.178829	0.0856
135.0	32.5333	0.215465	0.0935
139.5	32.5333	0.176407	0.0945
144.0	32.5333	0.186531	0.0852
148.5	32.5333	0.172637	0.0931
153.0	32.5333	0.188924	0.0884
157.5	32.5333	0.168102	0.1053
162.0	32.5333	0.170207	0.1011
166.5	32.5333	0.110518	0.1044
171.0	32.5333	0.106915	0.112
175.5	32.5333	0.126859	0.1094
180.0	32.5333	0.120083	0.1099
184.5	32.5333	0.090181	0.1213
189.0	32.5333	0.10109	0.1093
193.5	32.5333	0.112951	0.119
198.0	32.5333	0.0851744	0.1223
202.5	32.5333	0.0863853	0.1202
207.0	32.5333	0.0758116	0.1467
211.5	32.5333	0.0993984	0.1319
216.0	32.5333	0.0752114	0.144
220.5	32.5333	0.0826124	0.1403
225.0	32.5333	0.0692414	0.1468
229.5	32.5333	0.0692047	0.1515
234.0	32.5333	0.0708471	0.1441
238.5	32.5333	0.0808512	0.1453
243.0	32.5333	0.0669763	0.1451
247.5	32.5333	0.0691288	0.1429
252.0	32.5333	0.060468	0.1451
256.5	32.5333	0.0480158	0.1557
261.0	32.5333	0.0407918	0.1546
265.5	32.5333	0.0480625	0.1654
270.0	32.5333	0.0567703	0.1543
274.5	32.5333	0.0459783	0.1552
279.0	32.5333	0.0448857	0.1889
283.5	32.5333	0.0473753	0.179
288.0	32.5333	0.0579061	0.1763
292.5	32.5333	0.0383653	0.1984
297.0	32.5333	0.0358723	0.1823
301.5	32.5333	0.0332158	0.1904
306.0	32.5333	0.0377678	0.1984
310.5	32.5333	0.0363709	0.1855
315.0	32.5333	0.0374522	0.2188
319.5	32.5333	0.0456981	0.1819
324.0	32.5333	0.0377761	0.1904
328.5	32.5333	0.0336055	0.3645
333.0	32.5333	0.0249089	0.2304
337.5	32.5333	0.0338387	0.2178
342.0	32.5333	0.0328901	0.1986
346.5	32.5333	0.0319111	0.2453
351.0	32.5333	0.0315301	0.2509
355.5	32.5333	0.0255263	0.3006
360.0	32.5333	0.0178148	0.3535
364.5	32.5333	0.0251492	0.2963
369.0	32.5333	0.0161825	0.2751
373.5	32.5333	0.0103807	0.3029
378.0	32.5333	0.0142208	0.3113
382.5	32.5333	0.0142305	0.3199
387.0	32.5333	0.0110197	0.3595
391.5	32.5333	0.0104033	0.2697
396.0	32.5333	0.00684542	0.4015
400.5	32.5333	0.00546769	0.4077
405.0	32.5333	0.00305267	0.7004
409.5	32.5333	0.00938166	0.423
414.0	32.5333	0.00598989	0.3504
418.5	32.5333	0.00419052	0.4573
423.0	32.5333	0.00511957	0.6029
427.5	32.5333	0.00162438	0.2162
432.0	32.5333	0.00526924	0.5282
436.5	32.5333	0.00317264	0.4197
441.0	32.5333	0.00201278	0.4168
445.5	32.5333	0.00999399	0.4154
-450.0	35.1	0.0018652	0.6401
-445.5	35.1	0.000622662	0.2695
-441.0	35.1	0.000626261	0.2317
-436.5	35.1	0.00304011	0.571
-432.0	35.1	0.00124413	0.624
-427.5	35.1	0.000785915	0.2168
-423.0	35.1	0.00075758	0.237
-418.5	35.1	0.000537879	0.263
-414.0	35.1	0.000578954	0.2574
-409.5	35.1	0.000333055	0.3085
-405.0	35.1	0.000324094	0.2965
-400.5	35.1	0.000435094	0.3159
-396.0	35.1	0.000638445	0.2469
-391.5	35.1	0.000463945	0.3136
-387.0	35.1	0.00306015	0.7549
-382.5	35.1	0.000887462	0.2234
-378.0	35.1	0.00199292	0.4014
-373.5	35.1	0.00325232	0.5464
-369.0	35.1	0.00217778	0.366
-364.5	35.1	0.00174519	0.1603
-360.0	35.1	0.00659817	0.5749
-355.5	35.1	0.00193829	0.1437
-351.0	35.1	0.00298233	0.3213
-346.5	35.1	0.0078013	0.3816
-342.0	35.1	0.00240817	0.2823
-337.5	35.1	0.00347784	0.2973
-333.0	35.1	0.00580842	0.3723
-328.5	35.1	0.00696577	0.3908
-324.0	35.1	0.00909279	0.3725
-319.5	35.1	0.0104003	0.5198
-315.0	35.1	0.00701021	0.3396
-310.5	35.1	0.00416698	0.3322
-306.0	35.1	0.00753982	0.4022
-301.5	35.1	0.0082332	0.3012
-297.0	35.1	0.0108109	0.4195
-292.5	35.1	0.0101553	0.3967
-288.0	35.1	0.0138896	0.3055
-283.5	35.1	0.00582203	0.2491
-279.0	35.1	0.00834292	0.3323
-274.5	35.1	0.00986849	0.3178
-270.0	35.1	0.00997432	0.2903
-265.5	35.1	0.0108959	0.2941
-261.0	35.1	0.0109983	0.3377
-256.5	35.1	0.0151711	0.2678
-252.0	35.1	0.0139786	0.299
-247.5	35.1	0.00784063	0.2882
-243.0	35.1	0.0146795	0.3193
-238.5	35.1	0.0101036	0.3648
-234.0	35.1	0.0144448	0.2661
-229.5	35.1	0.0211769	0.2533
-225.0	35.1	0.020736	0.2386
-220.5	35.1	0.0259035	0.2225
-216.0	35.1	0.0218955	0.2395
-211.5	35.1	0.0172351	0.2498
-207.0	35.1	0.025864	0.2146
-202.5	35.1	0.0235691	0.2104
-198.0	35.1	0.0343127	0.2576
-193.5	35.1	0.0349037	0.1863
-189.0	35.1	0.0417346	0.1742
-184.5	35.1	0.0327696	0.1751
-180.0	35.1	0.0504036	0.1853
-175.5	35.1	0.0526737	0.1768
-171.0	35.1	0.0546119	0.17
-166.5	35.1	0.0518013	0.164
-162.0	35.1	0.0596523	0.1524
-157.5	35.1	0.0442941	0.1665
-153.0	35.1	0.057107	0.1498
-148.5	35.1	0.0761398	0.1262
-144.0	35.1	0.077474	0.1351
-139.5	35.1	0.0918007	0.1309
-135.0	35.1	0.0815607	0.1334
-130.5	35.1	0.115154	0.1368
-126.0	35.1	0.0916131	0.1122
-121.5	35.1	0.130828	0.1231
-117.0	35.1	0.132731	0.1111
-112.5	35.1	0.144114	0.1023
-108.0	35.1	0.110205	0.1053
-103.5	35.1	0.159212	0.1049
-99.0	35.1	0.149531	0.0906
-94.5	35.1	0.181059	0.0955
-90.0	35.1	0.171724	0.0893
-85.5	35.1	0.183424	0.0863
-81.0	35.1	0.235694	0.091
-76.5	35.1	0.26351	0.0908
-72.0	35.1	0.210607	0.0806
-67.5	35.1	0.282725	0.0917
-63.0	35.1	0.270982	0.0785
-58.5	35.1	0.294063	0.0778
-54.0	35.1	0.293264	0.0699
-49.5	35.1	0.288834	0.072
-45.0	35.1	0.262906	0.0776
-40.5	35.1	0.326822	0.0704
-36.0	35.1	0.323419	0.0721
-31.5	35.1	0.331434	0.0666
-27.0	35.1	0.340745	0.066
-22.5	35.1	0.351068	0.0675
-18.0	35.1	0.417896	0.0694
-13.5	35.1	0.323636	0.0713
-9.0	35.1	0.364909	0.0657
-4.5	35.1	0.367258	0.0648
0.0	35.1	0.399099	0.0609
4.5	35.1	0.419251	0.0675
9.0	35.1	0.388034	0.0682
13.5	35.1	0.412867	0.0662
18.0	35.1	0.438105	0.0652
22.5	35.1	0.43077	0.0665
27.0	35.1	0.422613	0.0691
31.5	35.1	0.402604	0.0656
36.0	35.1	0.421392	0.0657
40.5	35.1	0.454531	0.0806
45.0	35.1	0.370199	0.0673
49.5	35.1	0.384159	0.067
54.0	35.1	0.337552	0.0694
58.5	35.1	0.389269	0.0645
63.0	35.1	0.36334	0.0632
67.5	35.1	0.387806	0.0693
72.0	35.1	0.321021	0.0669
76.5	35.1	0.30873	0.0686
81.0	35.1	0.318839	0.0714
85.5	35.1	0.29713	0.0788
90.0	35.1	0.273325	0.0728
94.5	35.1	0.293239	0.0694
99.0	35.1	0.273082	0.0722
103.5	35.1	0.280965	0.0847
108.0	35.1	0.253105	0.0764
112.5	35.1	0.206286	0.0827
117.0	35.1	0.218317	0.0796
121.5	35.1	0.267149	0.0927
126.0	35.1	0.214819	0.0807
130.5	35.1	0.195768	0.1002
135.0	35.1	0.181244	0.0862
139.5	35.1	0.18237	0.1113
144.0	35.1	0.169405	0.0887
148.5	35.1	0.188008	0.0908
153.0	35.1	0.145085	0.0944
157.5	35.1	0.145986	0.0975
162.0	35.1	0.17111	0.0969
166.5	35.1	0.120062	0.1089
171.0	35.1	0.133384	0.1018
175.5	35.1	0.112608	0.1213
180.0	35.1	0.103061	0.1188
184.5	35.1	0.0948123	0.1107
189.0	35.1	0.0994923	0.1285
193.5	35.1	0.111489	0.1115
198.0	35.1	0.0884365	0.1203
202.5	35.1	0.0969275	0.1162
207.0	35.1	0.0940276	0.1236
211.5	35.1	0.0922778	0.1237
216.0	35.1	0.0721158	0.1394
220.5	35.1	0.0855929	0.1428
225.0	35.1	0.0674226	0.1506
229.5	35.1	0.0691875	0.1467
234.0	35.1	0.0839493	0.1681
238.5	35.1	0.0673806	0.1519
243.0	35.1	0.071164	0.1319
247.5	35.1	0.0556129	0.1479
252.0	35.1	0.0574706	0.1352
256.5	35.1	0.0425233	0.1613
261.0	35.1	0.0517322	0.1592
265.5	35.1	0.047667	0.1667
270.0	35.1	0.0551773	0.1659
274.5	35.1	0.0591858	0.1738
279.0	35.1	0.0392701	0.2127
283.5	35.1	0.0488383	0.1484
288.0	35.1	0.0497627	0.1647
292.5	35.1	0.0465358	0.1732
297.0	35.1	0.034739	0.1792
301.5	35.1	0.0327969	0.1793
306.0	35.1	0.0307849	0.1981
310.5	35.1	0.0418309	0.1914
315.0	35.1	0.0343982	0.2399
319.5	35.1	0.028224	0.1808
324.0	35.1	0.0411166	0.1971
328.5	35.1	0.025859	0.1929
333.0	35.1	0.0453099	0.1931
337.5	35.1	0.0335179	0.2089
342.0	35.1	0.0199203	0.2413
346.5	35.1	0.0248044	0.2261
351.0	35.1	0.0147744	0.2148
355.5	35.1	0.012515	0.2878
360.0	35.1	0.0220711	0.236
364.5	35.1	0.0171181	0.3237
369.0	35.1	0.0278047	0.2622
373.5	35.1	0.0167721	0.3514
378.0	35.1	0.0206343	0.3353
382.5	35.1	0.0120859	0.4083
387.0	35.1	0.00814792	0.3731
391.5	35.1	0.00786272	0.3758
396.0	35.1	0.00745262	0.472
400.5	35.1	0.00127288	0.2577
405.0	35.1	0.00458735	0.5222
409.5	35.1	0.00571071	0.4371
414.0	35.1	0.00787821	0.4366
418.5	35.1	0.00558003	0.383
423.0	35.1	0.0105323	0.3686
427.5	35.1	0.00674521	0.379
432.0	35.1	0.00899297	0.4766
436.5	35.1	0.00722897	0.4811
441.0	35.1	0.00678093	0.3667
445.5	35.1	0.00664461	0.3118
-450.0	37.6667	0.00188514	0.5626
-445.5	37.6667	0.00111206	0.327
-441.0	37.6667	0.00121552	0.3746
-436.5	37.6667	0.00345883	0.7981
-432.0	37.6667	0.00348668	0.6146
-427.5	37.6667	0.00067767	0.2782
-423.0	37.6667	0.000466349	0.2515
-418.5	37.6667	0.000687618	0.2521
-414.0	37.6667	0.000505489	0.2853
-409.5	37.6667	0.00179367	0.7089
-405.0	37.6667	0.00254427	0.8622
-400.5	37.6667	0.000434581	0.2669
-396.0	37.6667	0.00044021	0.2684
-391.5	37.6667	0.000612355	0.2424
-387.0	37.6667	0.000797833	0.2259
-382.5	37.6667	0.00208945	0.4196
-378.0	37.6667	0.00429772	0.4849
-373.5	37.6667	0.00640969	0.4893
-369.0	37.6667	0.00331321	0.5261
-364.5	37.6667	0.0012639	0.2368
-360.0	37.6667	0.00138487	0.1653
-355.5	37.6667	0.00149369	0.1565
-351.0	37.6667	0.00169705	0.1324
-346.5	37.6667	0.00474202	0.4729
-342.0	37.6667	0.00289723	0.2864
-337.5	37.6667	0.00740837	0.5901
-333.0	37.6667	0.00489468	0.3401
-328.5	37.6667	0.00304218	0.1333
-324.0	37.6667	0.00392093	0.2891
-319.5	37.6667	0.00929443	0.4891
-315.0	37.6667	0.00758687	0.5497
-310.5	37.6667	0.00946816	0.4455
-306.0	37.6667	0.0107652	0.3167
-301.5	37.6667	0.00739301	0.3509
-297.0	37.6667	0.00753215	0.3844
-292.5	37.6667	0.0100024	0.3924
-288.0	37.6667	0.0140508	0.3592
-283.5	37.6667	0.0106542	0.379
-279.0	37.6667	0.00980472	0.2943
-274.5	37.6667	0.0108301	0.3085
-270.0	37.6667	0.0110689	0.2685
-265.5	37.6667	0.0063168	0.2484
-261.0	37.6667	0.0101824	0.2851
-256.5	37.6667	0.00816072	0.2249
-252.0	37.6667	0.0102717	0.2357
-247.5	37.6667	0.0126291	0.3156
-243.0	37.6667	0.0112823	0.304
-238.5	37.6667	0.0159846	0.291
-234.0	37.6667	0.0188996	0.2775
-229.5	37.6667	0.0151752	0.2515
-225.0	37.6667	0.0183125	0.2841
-220.5	37.6667	0.0184429	0.2287
-216.0	37.6667	0.0245668	0.2277
-211.5	37.6667	0.0147647	0.1802
-207.0	37.6667	0.0204016	0.2064
-202.5	37.6667	0.0260498	0.2125
-198.0	37.6667	0.0271164	0.1961
-193.5	37.6667	0.0368371	0.1921
-189.0	37.6667	0.0311429	0.1802
-184.5	37.6667	0.0342987	0.1835
-180.0	37.6667	0.0388299	0.1749
-175.5	37.6667	0.0443599	0.1632
-171.0	37.6667	0.056537	0.1616
-166.5	37.6667	0.0550793	0.1583
-162.0	37.6667	0.0674284	0.1523
-157.5	37.6667	0.0767865	0.1766
-153.0	37.6667	0.0485874	0.1601
-148.5	37.6667	0.0791808	0.1305
-144.0	37.6667	0.0769888	0.1302
-139.5	37.6667	0.103255	0.126
-135.0	37.6667	0.0786777	0.1301
-130.5	37.6667	0.106972	0.1151
-126.0	37.6667	0.0959326	0.1165
-121.5	37.6667	0.103608	0.1145
-117.0	37.6667	0.114543	0.1007
-112.5	37.6667	0.136525	0.1061
-108.0	37.6667	0.132366	0.0996
-103.5	37.6667	0.132578	0.0995
-99.0	37.6667	0.150077	0.0963
-94.5	37.6667	0.160904	0.0907
-90.0	37.6667	0.169005	0.0893
-85.5	37.6667	0.210555	0.0874
-81.0	37.6667	0.203512	0.0932
-76.5	37.6667	0.193165	0.0822
-72.0	37.6667	0.242072	0.0805
-67.5	37.6667	0.221574	0.0766
-63.0	37.6667	0.22394	0.0807
-58.5	37.6667	0.247952	0.0793
-54.0	37.6667	0.272585	0.0829
-49.5	37.6667	0.283841	0.0864
-45.0	37.6667	0.276057	0.0693
-40.5	37.6667	0.314604	0.0697
-36.0	37.6667	0.337576	0.0727
-31.5	37.6667	0.319479	0.0684
-27.0	37.6667	0.374712	0.0714
-22.5	37.6667	0.357627	0.0891
-18.0	37.6667	0.39049	0.0778
-13.5	37.6667	0.386789	0.0693
-9.0	37.6667	0.353927	0.0672
-4.5	37.6667	0.367143	0.0636
0.0	37.6667	0.379017	0.0629
4.5	37.6667	0.416416	0.064
9.0	37.6667	0.399614	0.0622
13.5	37.6667	0.419506	0.0647
18.0	37.6667	0.428156	0.0688
22.5	37.6667	0.418305	0.0674
27.0	37.6667	0.369253	0.0675
31.5	37.6667	0.394498	0.075
36.0	37.6667	0.455106	0.0794
40.5	37.6667	0.396416	0.0618
45.0	37.6667	0.375648	0.0657
49.5	37.6667	0.330851	0.082
54.0	37.6667	0.389629	0.0708
58.5	37.6667	0.344963	0.0665
63.0	37.6667	0.346801	0.0652
67.5	37.6667	0.360112	0.0809
72.0	37.6667	0.33673	0.0681
76.5	37.6667	0.336535	0.071
81.0	37.6667	0.311219	0.0691
85.5	37.6667	0.326895	0.0677
90.0	37.6667	0.292842	0.0714
94.5	37.6667	0.287679	0.0717
99.0	37.6667	0.261953	0.0795
103.5	37.6667	0.212817	0.0762
108.0	37.6667	0.24404	0.0765
112.5	37.6667	0.238893	0.0818
117.0	37.6667	0.233364	0.0947
121.5	37.6667	0.23783	0.0764
126.0	37.6667	0.235941	0.0806
130.5	37.6667	0.227053	0.083
135.0	37.6667	0.202175	0.0848
139.5	37.6667	0.159446	0.0918
144.0	37.6667	0.15699	0.0928
148.5	37.6667	0.149667	0.1181
153.0	37.6667	0.157841	0.0999
157.5	37.6667	0.164201	0.0963
162.0	37.6667	0.145642	0.1075
166.5	37.6667	0.127242	0.1156
171.0	37.6667	0.162962	0.0984
175.5	37.6667	0.106488	0.1156
180.0	37.6667	0.0967867	0.1174
184.5	37.6667	0.118669	0.1156
189.0	37.6667	0.112012	0.1161
193.5	37.6667	0.113646	0.1179
198.0	37.6667	0.0772727	0.1307
202.5	37.6667	0.0704246	0.1231
207.0	37.6667	0.10055	0.1218
211.5	37.6667	0.0910488	0.1243
216.0	37.6667	0.0715584	0.1288
220.5	37.6667	0.0834429	0.1287
225.0	37.6667	0.0799314	0.1436
229.5	37.6667	0.0675662	0.1447
234.0	37.6667	0.0598168	0.1472
238.5	37.6667	0.0720809	0.138
243.0	37.6667	0.0575395	0.1463
247.5	37.6667	0.0639716	0.1421
252.0	37.6667	0.0718586	0.136
256.5	37.6667	0.0509179	0.157
261.0	37.6667	0.0488261	0.1511
265.5	37.6667	0.0480235	0.1905
270.0	37.6667	0.0571067	0.1698
274.5	37.6667	0.0416057	0.1657
279.0	37.6667	0.0479089	0.1553
283.5	37.6667	0.0477698	0.1681
288.0	37.6667	0.0453104	0.1899
292.5	37.6667	0.0523932	0.1623
297.0	37.6667	0.0543691	0.1727
301.5	37.6667	0.0518718	0.1756
306.0	37.6667	0.0450852	0.1734
310.5	37.6667	0.0330117	0.208
315.0	37.6667	0.0363824	0.2265
319.5	37.6667	0.0301611	0.2083
324.0	37.6667	0.0345314	0.2061
328.5	37.6667	0.0257589	0.1904
333.0	37.6667	0.0358595	0.1909
337.5	37.6667	0.0231428	0.2195
342.0	37.6667	0.0266101	0.2635
346.5	37.6667	0.0311023	0.2685
351.0	37.6667	0.021893	0.2225
355.5	37.6667	0.0119065	0.2773
360.0	37.6667	0.0352539	0.2206
364.5	37.6667	0.0160751	0.2612
369.0	37.6667	0.0179301	0.3094
373.5	37.6667	0.0125767	0.2988
378.0	37.6667	0.00811279	0.3784
382.5	37.6667	0.0147707	0.4385
387.0	37.6667	0.0106147	0.3479
391.5	37.6667	0.00701541	0.4591
396.0	37.6667	0.00858882	0.3495
400.5	37.6667	0.00200116	0.283
405.0	37.6667	0.0109802	0.4134
409.5	37.6667	0.0066893	0.3583
414.0	37.6667	0.00542494	0.502
418.5	37.6667	0.00861795	0.4117
423.0	37.6667	0.00764525	0.3915
427.5	37.6667	0.00495154	0.4044
432.0	37.6667	0.0133444	0.4032
436.5	37.6667	0.00621161	0.3868
441.0	37.6667	0.0102352	0.4687
445.5	37.6667	0.0133745	0.4122
-450.0	40.2333	0.000674704	0.2215
-445.5	40.2333	0.00206221	0.6819
-441.0	40.2333	0.00169369	0.4766
-436.5	40.2333	0.00289633	0.8647
-432.0	40.2333	0.00293503	0.892
-427.5	40.2333	0.000253862	0.3714
-423.0	40.2333	0.00048572	0.2457
-418.5	40.2333	0.000778759	0.4212
-414.0	40.2333	0.000973069	0.5445
-409.5	40.2333	0.0026175	0.7849
-405.0	40.2333	0.000272793	0.343
-400.5	40.2333	0.00187565	0.8463
-396.0	40.2333	0.000275752	0.3441
-391.5	40.2333	0.000507127	0.2546
-387.0	40.2333	0.000555487	0.2149
-382.5	40.2333	0.00127973	0.3143
-378.0	40.2333	0.00238911	0.5916
-373.5	40.2333	0.000763205	0.201
-369.0	40.2333	0.00115	0.1747
-364.5	40.2333	0.00232392	0.5836
-360.0	40.2333	0.00149251	0.1518
-355.5	40.2333	0.00334503	0.3041
-351.0	40.2333	0.0028149	0.2736
-346.5	40.2333	0.00185087	0.1832
-342.0	40.2333	0.00238102	0.2628
-337.5	40.2333	0.00458336	0.4535
-333.0	40.2333	0.00608114	0.4483
-328.5	40.2333	0.00697999	0.4997
-324.0	40.2333	0.00705177	0.5676
-319.5	40.2333	0.00430302	0.2724
-315.0	40.2333	0.0043246	0.3705
-310.5	40.2333	0.00371006	0.2113
-306.0	40.2333	0.0072182	0.318
-301.5	40.2333	0.00426339	0.2663
-297.0	40.2333	0.00859801	0.3153
-292.5	40.2333	0.00792547	0.2622
-288.0	40.2333	0.0126103	0.3433
-283.5	40.2333	0.0116534	0.4237
-279.0	40.2333	0.00685819	0.2173
-274.5	40.2333	0.0100443	0.3793
-270.0	40.2333	0.00982856	0.3252
-265.5	40.2333	0.0104359	0.3588
-261.0	40.2333	0.0118135	0.248
-256.5	40.2333	0.00827265	0.23
-252.0	40.2333	0.0102583	0.2872
-247.5	40.2333	0.0163414	0.2761
-243.0	40.2333	0.0119347	0.3265
-238.5	40.2333	0.0146797	0.3264
-234.0	40.2333	0.0136864	0.2282
-229.5	40.2333	0.0122926	0.2694
-225.0	40.2333	0.0152059	0.3698
-220.5	40.2333	0.0278247	0.2847
-216.0	40.2333	0.0233027	0.2663
-211.5	40.2333	0.0247338	0.2327
-207.0	40.2333	0.0304932	0.2341
-202.5	40.2333	0.0234156	0.2163
-198.0	40.2333	0.0240297	0.1941
-193.5	40.2333	0.0487117	0.187
-189.0	40.2333	0.0355906	0.1665
-184.5	40.2333	0.0401218	0.1799
-180.0	40.2333	0.0479358	0.1859
-175.5	40.2333	0.0576498	0.1911
-171.0	40.2333	0.0452031	0.1732
-166.5	40.2333	0.0638755	0.1534
-162.0	40.2333	0.0560134	0.1589
-157.5	40.2333	0.0667046	0.1495
-153.0	40.2333	0.0678853	0.1491
-148.5	40.2333	0.0718463	0.1537
-144.0	40.2333	0.0663262	0.1574
-139.5	40.2333	0.083358	0.1387
-135.0	40.2333	0.103994	0.122
-130.5	40.2333	0.112362	0.1209
-126.0	40.2333	0.0949364	0.1181
-121.5	40.2333	0.117266	0.1109
-117.0	40.2333	0.111046	0.1185
-112.5	40.2333	0.127443	0.103
-108.0	40.2333	0.142279	0.1026
-103.5	40.2333	0.130143	0.0994
-99.0	40.2333	0.153387	0.0947
-94.5	40.2333	0.164231	0.0935
-90.0	40.2333	0.164244	0.0903
-85.5	40.2333	0.205446	0.082
-81.0	40.2333	0.19624	0.0905
-76.5	40.2333	0.215598	0.0892
-72.0	40.2333	0.227307	0.0839
-67.5	40.2333	0.239995	0.0734
-63.0	40.2333	0.235678	0.0748
-58.5	40.2333	0.25854	0.0772
-54.0	40.2333	0.253644	0.0861
-49.5	40.2333	0.306391	0.0715
-45.0	40.2333	0.339661	0.0779
-40.5	40.2333	0.327273	0.0689
-36.0	40.2333	0.319921	0.0741
-31.5	40.2333	0.334058	0.068
-27.0	40.2333	0.330618	0.075
-22.5	40.2333	0.355552	0.0684
-18.0	40.2333	0.361548	0.0689
-13.5	40.2333	0.396072	0.065
-9.0	40.2333	0.354453	0.0656
-4.5	40.2333	0.403736	0.0809
0.0	40.2333	0.433407	0.0622
4.5	40.2333	0.400523	0.0682
9.0	40.2333	0.34161	0.0696
13.5	40.2333	0.37516	0.0693
18.0	40.2333	0.35774	0.0676
22.5	40.2333	0.394895	0.0661
27.0	40.2333	0.372728	0.0653
31.5	40.2333	0.397744	0.0694
36.0	40.2333	0.347921	0.0668
40.5	40.2333	0.415454	0.0664
45.0	40.2333	0.392966	0.0695
49.5	40.2333	0.371182	0.0655
54.0	40.2333	0.380875	0.0675
58.5	40.2333	0.340176	0.0688
63.0	40.2333	0.338746	0.0675
67.5	40.2333	0.326917	0.0692
72.0	40.2333	0.316658	0.0703
76.5	40.2333	0.300871	0.0702
81.0	40.2333	0.331401	0.0687
85.5	40.2333	0.321809	0.0874
90.0	40.2333	0.308024	0.082
94.5	40.2333	0.273298	0.0771
99.0	40.2333	0.255213	0.0847
103.5	40.2333	0.244998	0.0752
108.0	40.2333	0.253277	0.0755
112.5	40.2333	0.221044	0.0861
117.0	40.2333	0.21588	0.0843
121.5	40.2333	0.225398	0.0817
126.0	40.2333	0.166895	0.0929
130.5	40.2333	0.190006	0.0875
135.0	40.2333	0.200473	0.087
139.5	40.2333	0.159723	0.0976
144.0	40.2333	0.147542	0.0899
148.5	40.2333	0.17307	0.0969
153.0	40.2333	0.15101	0.0958
157.5	40.2333	0.138936	0.0992
162.0	40.2333	0.13336	0.1057
166.5	40.2333	0.122425	0.1107
171.0	40.2333	0.12844	0.0991
175.5	40.2333	0.129521	0.1049
180.0	40.2333	0.118486	0.1055
184.5	40.2333	0.124086	0.1048
189.0	40.2333	0.0920046	0.1225
193.5	40.2333	0.0867669	0.1175
198.0	40.2333	0.0846077	0.1239
202.5	40.2333	0.0744008	0.1302
207.0	40.2333	0.0901854	0.1285
211.5	40.2333	0.0840388	0.1258
216.0	40.2333	0.0546216	0.1268
220.5	40.2333	0.0788121	0.1376
225.0	40.2333	0.068286	0.1411
229.5	40.2333	0.0604758	0.1368
234.0	40.2333	0.0609543	0.1486
238.5	40.2333	0.0597847	0.1416
243.0	40.2333	0.045283	0.1759
247.5	40.2333	0.0442751	0.164
252.0	40.2333	0.0516725	0.1402
256.5	40.2333	0.0440791	0.1706
261.0	40.2333	0.0437192	0.1833
265.5	40.2333	0.0562513	0.1625
270.0	40.2333	0.0527006	0.155
274.5	40.2333	0.0550242	0.1602
279.0	40.2333	0.0473693	0.1745
283.5	40.2333	0.0308514	0.1619
288.0	40.2333	0.0400027	0.1867
292.5	40.2333	0.0369259	0.158
297.0	40.2333	0.0440551	0.2092
301.5	40.2333	0.0339755	0.1839
306.0	40.2333	0.0276485	0.2104
310.5	40.2333	0.0482774	0.1908
315.0	40.2333	0.039637	0.1859
319.5	40.2333	0.0285207	0.2051
324.0	40.2333	0.0321587	0.1923
328.5	40.2333	0.0369273	0.196
333.0	40.2333	0.0393645	0.2126
337.5	40.2333	0.0223203	0.2173
342.0	40.2333	0.0278618	0.2223
346.5	40.2333	0.0431907	0.2224
351.0	40.2333	0.028293	0.2527
355.5	40.2333	0.0171721	0.2323
360.0	40.2333	0.0192987	0.25
364.5	40.2333	0.0129176	0.2105
369.0	40.2333	0.0174061	0.28
373.5	40.2333	0.0125258	0.3019
378.0	40.2333	0.0115075	0.345
382.5	40.2333	0.0160805	0.3075
387.0	40.2333	0.0114252	0.3251
391.5	40.2333	0.00622592	0.3654
396.0	40.2333	0.0069609	0.3889
400.5	40.2333	0.00213831	0.4416
405.0	40.2333	0.00681157	0.5398
409.5	40.2333	0.0103964	0.3726
414.0	40.2333	0.00753546	0.5043
418.5	40.2333	0.00427252	0.6394
423.0	40.2333	0.009398	0.3718
427.5	40.2333	0.00701686	0.4175
432.0	40.2333	0.00394714	0.3538
436.5	40.2333	0.00452094	0.3891
441.0	40.2333	0.00722048	0.5408
445.5	40.2333	0.00192464	0.3897
-450.0	42.8	0.00454922	0.6237
-445.5	42.8	0.00927056	0.55
-441.0	42.8	0.00809296	0.6431
-436.5	42.8	0.0037521	0.6271
-432.0	42.8	0.00135637	0.5183
-427.5	42.8	0.000426387	0.2616
-423.0	42.8	0.000330596	0.4829
-418.5	42.8	0.000694729	0.3248
-414.0	42.8	0.00108706	0.4641
-409.5	42.8	0.000977193	0.2443
-405.0	42.8	0.000733199	0.2877
-400.5	42.8	0.0030993	0.7809
-396.0	42.8	0.000517801	0.3616
-391.5	42.8	0.000523005	0.3398
-387.0	42.8	0.000700671	0.2585
-382.5	42.8	0.00316102	0.5292
-378.0	42.8	0.00211418	0.427
-373.5	42.8	0.00113463	0.3047
-369.0	42.8	0.00395619	0.4315
-364.5	42.8	0.0029949	0.3356
-360.0	42.8	0.00198863	0.1611
-355.5	42.8	0.00206845	0.3284
-351.0	42.8	0.00401359	0.5048
-346.5	42.8	0.00190546	0.1441
-342.0	42.8	0.00206268	0.1734
-337.5	42.8	0.00773477	0.3892
-333.0	42.8	0.00426375	0.23
-328.5	42.8	0.00255584	0.1135
-324.0	42.8	0.00217131	0.1343
-319.5	42.8	0.00159377	0.1955
-315.0	42.8	0.00239686	0.1602
-310.5	42.8	0.00289076	0.1155
-306.0	42.8	0.00764857	0.361
-301.5	42.8	0.00489975	0.2394
-297.0	42.8	0.00468922	0.2615
-292.5	42.8	0.00907694	0.3295
-288.0	42.8	0.0133245	0.3431
-283.5	42.8	0.00687324	0.3935
-279.0	42.8	0.00725338	0.3135
-274.5	42.8	0.00427215	0.1225
-270.0	42.8	0.0104004	0.2495
-265.5	42.8	0.00723578	0.2923
-261.0	42.8	0.00482571	0.2181
-256.5	42.8	0.00867309	0.3887
-252.0	42.8	0.0107055	0.3116
-247.5	42.8	0.01246	0.2726
-243.0	42.8	0.00953977	0.2726
-238.5	42.8	0.00948166	0.2484
-234.0	42.8	0.0112425	0.2739
-229.5	42.8	0.0154392	0.2586
-225.0	42.8	0.0145908	0.2762
-220.5	42.8	0.017069	0.2357
-216.0	42.8	0.0207147	0.2285
-211.5	42.8	0.0263986	0.2443
-207.0	42.8	0.0182611	0.2467
-202.5	42.8	0.0330074	0.1847
-198.0	42.8	0.036656	0.2108
-193.5	42.8	0.025733	0.2253
-189.0	42.8	0.0257929	0.2354
-184.5	42.8	0.0333007	0.224
-180.0	42.8	0.0254841	0.1605
-175.5	42.8	0.0382507	0.175
-171.0	42.8	0.0374875	0.1718
-166.5	42.8	0.0521029	0.1591
-162.0	42.8	0.053372	0.1543
-157.5	42.8	0.0517498	0.1611
-153.0	42.8	0.0458427	0.1451
-148.5	42.8	0.0626471	0.1412
-144.0	42.8	0.0726996	0.1375
-139.5	42.8	0.088238	0.1345
-135.0	42.8	0.101079	0.1245
-130.5	42.8	0.100312	0.1124
-126.0	42.8	0.0927068	0.1195
-121.5	42.8	0.103287	0.1094
-117.0	42.8	0.125794	0.1136
-112.5	42.8	0.14884	0.1008
-108.0	42.8	0.11467	0.0988
-103.5	42.8	0.139033	0.1043
-99.0	42.8	0.152247	0.0976
-94.5	42.8	0.180776	0.1057
-90.0	42.8	0.167957	0.0938
-85.5	42.8	0.179166	0.0867
-81.0	42.8	0.184699	0.0871
-76.5	42.8	0.217984	0.0824
-72.0	42.8	0.209149	0.0841
-67.5	42.8	0.280088	0.09
-63.0	42.8	0.234035	0.0792
-58.5	42.8	0.255461	0.0759
-54.0	42.8	0.270369	0.0845
-49.5	42.8	0.276502	0.0757
-45.0	42.8	0.30138	0.0879
-40.5	42.8	0.301709	0.0709
-36.0	42.8	0.261229	0.0767
-31.5	42.8	0.343686	0.0655
-27.0	42.8	0.304313	0.0743
-22.5	42.8	0.366891	0.0687
-18.0	42.8	0.388425	0.0676
-13.5	42.8	0.361925	0.0665
-9.0	42.8	0.354645	0.0691
-4.5	42.8	0.362616	0.0663
0.0	42.8	0.383795	0.0668
4.5	42.8	0.408428	0.0627
9.0	42.8	0.391725	0.0732
13.5	42.8	0.365064	0.0671
18.0	42.8	0.439843	0.0604
22.5	42.8	0.367409	0.0655
27.0	42.8	0.3657	0.0651
31.5	42.8	0.399745	0.0645
36.0	42.8	0.379527	0.0648
40.5	42.8	0.376494	0.0663
45.0	42.8	0.397069	0.0687
49.5	42.8	0.360494	0.0693
54.0	42.8	0.33516	0.0686
58.5	42.8	0.349448	0.0728
63.0	42.8	0.340027	0.074
67.5	42.8	0.309355	0.0758
72.0	42.8	0.315912	0.0675
76.5	42.8	0.326029	0.0741
81.0	42.8	0.27874	0.0698
85.5	42.8	0.272828	0.0699
90.0	42.8	0.287688	0.0746
94.5	42.8	0.238473	0.0773
99.0	42.8	0.25208	0.0815
103.5	42.8	0.241952	0.075
108.0	42.8	0.239272	0.0817
112.5	42.8	0.246567	0.0884
117.0	42.8	0.217155	0.0829
121.5	42.8	0.226887	0.0827
126.0	42.8	0.183248	0.0876
130.5	42.8	0.165158	0.0916
135.0	42.8	0.194102	0.0899
139.5	42.8	0.158124	0.0968
144.0	42.8	0.16736	0.0965
148.5	42.8	0.189551	0.0887
153.0	42.8	0.133883	0.1
157.5	42.8	0.157565	0.1123
162.0	42.8	0.149048	0.1067
166.5	42.8	0.139015	0.1042
171.0	42.8	0.121509	0.1078
175.5	42.8	0.0952599	0.1169
180.0	42.8	0.121113	0.1113
184.5	42.8	0.117129	0.1054
189.0	42.8	0.0997087	0.1177
193.5	42.8	0.0999823	0.1274
198.0	42.8	0.106311	0.121
202.5	42.8	0.0731579	0.134
207.0	42.8	0.0739093	0.1288
211.5	42.8	0.0846866	0.126
216.0	42.8	0.0747834	0.1388
220.5	42.8	0.0730153	0.1294
225.0	42.8	0.0601437	0.1296
229.5	42.8	0.0635986	0.1471
234.0	42.8	0.0722539	0.1369
238.5	42.8	0.0636056	0.1449
243.0	42.8	0.0589665	0.1537
247.5	42.8	0.0419611	0.1624
252.0	42.8	0.0486076	0.1553
256.5	42.8	0.0505989	0.1693
261.0	42.8	0.0564569	0.1672
265.5	42.8	0.054651	0.1687
270.0	42.8	0.0424403	0.1745
274.5	42.8	0.04532	0.1475
279.0	42.8	0.0405412	0.1647
283.5	42.8	0.0348907	0.1957
288.0	42.8	0.0462635	0.1676
292.5	42.8	0.0352952	0.1648
297.0	42.8	0.0384385	0.1907
301.5	42.8	0.0345342	0.1781
306.0	42.8	0.0417493	0.1779
310.5	42.8	0.0257062	0.1809
315.0	42.8	0.0304863	0.2066
319.5	42.8	0.0346027	0.1917
324.0	42.8	0.0258284	0.221
328.5	42.8	0.0323571	0.2089
333.0	42.8	0.0241017	0.216
337.5	42.8	0.0258814	0.2247
342.0	42.8	0.0312975	0.2087
346.5	42.8	0.0271556	0.2045
351.0	42.8	0.0167231	0.3035
355.5	42.8	0.0190585	0.2295
360.0	42.8	0.0230604	0.2456
364.5	42.8	0.0213239	0.2355
369.0	42.8	0.0153795	0.2925
373.5	42.8	0.0154579	0.2671
378.0	42.8	0.0138334	0.4333
382.5	42.8	0.0126025	0.4482
387.0	42.8	0.0127039	0.4327
391.5	42.8	0.0162292	0.4161
396.0	42.8	0.011227	0.5163
400.5	42.8	0.00648716	0.5869
405.0	42.8	0.00699155	0.4946
409.5	42.8	0.00666554	0.4285
414.0	42.8	0.0051579	0.4314
418.5	42.8	0.00597319	0.5068
423.0	42.8	0.0146942	0.3255
427.5	42.8	0.0158557	0.3552
432.0	42.8	0.00710264	0.426
436.5	42.8	0.0116664	0.4458
441.0	42.8	0.00867388	0.5525
445.5	42.8	0.00319477	0.565
-450.0	45.3667	0.00513925	0.896
-445.5	45.3667	0.00177009	0.7056
-441.0	45.3667	0.0018221	0.7295
-436.5	45.3667	0.00052695	0.2371
-432.0	45.3667	0.000725633	0.3385
-427.5	45.3667	0.000876478	0.433
-423.0	45.3667	0.000523495	0.3065
-418.5	45.3667	0.000520076	0.2852
-414.0	45.3667	0.00153239	0.6683
-409.5	45.3667	0.00135958	0.5348
-405.0	45.3667	0.00318313	0.7869
-400.5	45.3667	0.00227983	0.5898
-396.0	45.3667	0.000613874	0.2583
-391.5	45.3667	0.000510915	0.2597
-387.0	45.3667	0.00229769	0.7407
-382.5	45.3667	0.00100667	0.2851
-378.0	45.3667	0.00437045	0.6232
-373.5	45.3667	0.003373	0.708
-369.0	45.3667	0.00236631	0.3196
-364.5	45.3667	0.00588392	0.5259
-360.0	45.3667	0.00186549	0.1451
-355.5	45.3667	0.00252617	0.3832
-351.0	45.3667	0.00210181	0.1722
-346.5	45.3667	0.00410323	0.5514
-342.0	45.3667	0.00235941	0.1275
-337.5	45.3667	0.00604363	0.3822
-333.0	45.3667	0.00340628	0.3543
-328.5	45.3667	0.00566645	0.5267
-324.0	45.3667	0.00840038	0.479
-319.5	45.3667	0.00548197	0.3411
-315.0	45.3667	0.00507537	0.4086
-310.5	45.3667	0.00516982	0.3429
-306.0	45.3667	0.00726803	0.3513
-301.5	45.3667	0.00422522	0.3221
-297.0	45.3667	0.00667236	0.3357
-292.5	45.3667	0.0174158	0.3022
-288.0	45.3667	0.00556942	0.3766
-283.5	45.3667	0.00511284	0.1911
-279.0	45.3667	0.00752075	0.308
-274.5	45.3667	0.00751624	0.2385
-270.0	45.3667	0.00681474	0.4049
-265.5	45.3667	0.010716	0.3219
-261.0	45.3667	0.00979335	0.4192
-256.5	45.3667	0.0116731	0.3069
-252.0	45.3667	0.0105343	0.254
-247.5	45.3667	0.0060102	0.1786
-243.0	45.3667	0.0152765	0.3122
-238.5	45.3667	0.0164425	0.2901
-234.0	45.3667	0.00939808	0.2737
-229.5	45.3667	0.010739	0.339
-225.0	45.3667	0.0140669	0.2339
-220.5	45.3667	0.00981569	0.2249
-216.0	45.3667	0.0169722	0.2063
-211.5	45.3667	0.0255705	0.236
-207.0	45.3667	0.0258697	0.2466
-202.5	45.3667	0.0292072	0.2005
-198.0	45.3667	0.0225503	0.1817
-193.5	45.3667	0.0240611	0.1991
-189.0	45.3667	0.0365562	0.1844
-184.5	45.3667	0.0269551	0.2191
-180.0	45.3667	0.0515663	0.1601
-175.5	45.3667	0.0539116	0.1566
-171.0	45.3667	0.0457528	0.1709
-166.5	45.3667	0.0399241	0.1925
-162.0	45.3667	0.0454472	0.1684
-157.5	45.3667	0.0560058	0.1442
-153.0	45.3667	0.0796386	0.159
-148.5	45.3667	0.0882967	0.1377
-144.0	45.3667	0.0879791	0.1208
-139.5	45.3667	0.0787981	0.1484
-135.0	45.3667	0.0778745	0.1237
-130.5	45.3667	0.100088	0.1167
-126.0	45.3667	0.0858885	0.1238
-121.5	45.3667	0.0932569	0.1181
-117.0	45.3667	0.107418	0.1186
-112.5	45.3667	0.148621	0.102
-108.0	45.3667	0.121783	0.1132
-103.5	45.3667	0.136786	0.1109
-99.0	45.3667	0.14595	0.0978
-94.5	45.3667	0.158151	0.1051
-90.0	45.3667	0.185598	0.1116
-85.5	45.3667	0.201665	0.095
-81.0	45.3667	0.191779	0.089
-76.5	45.3667	0.202161	0.0818
-72.0	45.3667	0.221058	0.0781
-67.5	45.3667	0.254783	0.082
-63.0	45.3667	0.286205	0.0974
-58.5	45.3667	0.306747	0.0784
-54.0	45.3667	0.264941	0.0738
-49.5	45.3667	0.282266	0.078
-45.0	45.3667	0.326824	0.0737
-40.5	45.3667	0.317332	0.0734
-36.0	45.3667	0.285399	0.077
-31.5	45.3667	0.356456	0.07
-27.0	45.3667	0.333273	0.0784
-22.5	45.3667	0.354526	0.0699
-18.0	45.3667	0.347371	0.0656
-13.5	45.3667	0.336573	0.0647
-9.0	45.3667	0.344275	0.0662
-4.5	45.3667	0.329365	0.076
0.0	45.3667	0.346678	0.0664
4.5	45.3667	0.441277	0.0692
9.0	45.3667	0.411395	0.0764
13.5	45.3667	0.393347	0.0721
18.0	45.3667	0.387163	0.0641
22.5	45.3667	0.348609	0.0642
27.0	45.3667	0.365263	0.0658
31.5	45.3667	0.36946	0.0646
36.0	45.3667	0.360761	0.068
40.5	45.3667	0.370418	0.066
45.0	45.3667	0.320411	0.0686
49.5	45.3667	0.352745	0.0676
54.0	45.3667	0.32863	0.0675
58.5	45.3667	0.307983	0.0683
63.0	45.3667	0.331746	0.0659
67.5	45.3667	0.30284	0.0703
72.0	45.3667	0.314516	0.0693
76.5	45.3667	0.32976	0.0807
81.0	45.3667	0.272688	0.0715
85.5	45.3667	0.271508	0.0751
90.0	45.3667	0.3476	0.0772
94.5	45.3667	0.305089	0.0737
99.0	45.3667	0.303433	0.0729
103.5	45.3667	0.254451	0.0924
108.0	45.3667	0.190804	0.083
112.5	45.3667	0.219234	0.0835
117.0	45.3667	0.251363	0.0819
121.5	45.3667	0.182735	0.0872
126.0	45.3667	0.207946	0.0862
130.5	45.3667	0.181036	0.0952
135.0	45.3667	0.171476	0.0853
139.5	45.3667	0.151266	0.0919
144.0	45.3667	0.163159	0.0997
148.5	45.3667	0.173205	0.0916
153.0	45.3667	0.167729	0.0951
157.5	45.3667	0.135481	0.0936
162.0	45.3667	0.108299	0.1127
166.5	45.3667	0.124519	0.0997
171.0	45.3667	0.110167	0.11
175.5	45.3667	0.129565	0.1062
180.0	45.3667	0.102791	0.1183
184.5	45.3667	0.100623	0.1172
189.0	45.3667	0.0915599	0.11
193.5	45.3667	0.0980575	0.1438
198.0	45.3667	0.104138	0.1155
202.5	45.3667	0.0678337	0.1293
207.0	45.3667	0.0799726	0.129
211.5	45.3667	0.0879425	0.1315
216.0	45.3667	0.0831614	0.1355
220.5	45.3667	0.0974405	0.1271
225.0	45.3667	0.0737535	0.1412
229.5	45.3667	0.0605959	0.142
234.0	45.3667	0.0562967	0.1456
238.5	45.3667	0.0581239	0.1457
243.0	45.3667	0.0585968	0.1624
247.5	45.3667	0.0562756	0.1507
252.0	45.3667	0.0584129	0.1466
256.5	45.3667	0.048266	0.1616
261.0	45.3667	0.0613582	0.1508
265.5	45.3667	0.0427365	0.1756
270.0	45.3667	0.0589571	0.1543
274.5	45.3667	0.0428291	0.1644
279.0	45.3667	0.0559969	0.1496
283.5	45.3667	0.0507437	0.1565
288.0	45.3667	0.0417308	0.1739
292.5	45.3667	0.0421533	0.1751
297.0	45.3667	0.0367008	0.1845
301.5	45.3667	0.0414366	0.1724
306.0	45.3667	0.0361594	0.1884
310.5	45.3667	0.0430515	0.173
315.0	45.3667	0.0338651	0.1972
319.5	45.3667	0.0300488	0.2535
324.0	45.3667	0.0269165	0.2131
328.5	45.3667	0.0333006	0.1904
333.0	45.3667	0.0265126	0.2219
337.5	45.3667	0.022778	0.2422
342.0	45.3667	0.0211126	0.1945
346.5	45.3667	0.0316843	0.213
351.0	45.3667	0.0224216	0.2457
355.5	45.3667	0.0241057	0.2336
360.0	45.3667	0.0242691	0.2933
364.5	45.3667	0.0319633	0.216
369.0	45.3667	0.0136601	0.3132
373.5	45.3667	0.0210196	0.3048
378.0	45.3667	0.0133663	0.3727
382.5	45.3667	0.0137513	0.3719
387.0	45.3667	0.00533863	0.4139
391.5	45.3667	0.00776135	0.3201
396.0	45.3667	0.0113076	0.4023
400.5	45.3667	0.0025152	0.5172
405.0	45.3667	0.00946025	0.4353
409.5	45.3667	0.00713227	0.4789
414.0	45.3667	0.0037344	0.4529
418.5	45.3667	0.00423971	0.5045
423.0	45.3667	0.00505539	0.4758
427.5	45.3667	0.00404338	0.4954
432.0	45.3667	0.00297228	0.4488
436.5	45.3667	0.00722341	0.3394
441.0	45.3667	0.00785144	0.3851
445.5	45.3667	0.00917041	0.3717
-450.0	47.9333	0.00107103	0.3861
-445.5	47.9333	0.000506345	0.2812
-441.0	47.9333	0.000541395	0.2258
-436.5	47.9333	0.0010226	0.3016
-432.0	47.9333	0.000715203	0.2181
-427.5	47.9333	0.000396208	0.2755
-423.0	47.9333	0.00403126	0.8507
-418.5	47.9333	0.00403653	0.7121
-414.0	47.9333	0.000365499	0.296
-409.5	47.9333	0.00135217	0.5933
-405.0	47.9333	0.000631314	0.2655
-400.5	47.9333	0.00422975	0.6419
-396.0	47.9333	0.00132574	0.2961
-391.5	47.9333	0.000685907	0.2959
-387.0	47.9333	0.00084608	0.2632
-382.5	47.9333	0.00194832	0.5787
-378.0	47.9333	0.00462327	0.7583
-373.5	47.9333	0.00129821	0.1958
-369.0	47.9333	0.00147219	0.1737
-364.5	47.9333	0.0027837	0.4033
-360.0	47.9333	0.0015938	0.161
-355.5	47.9333	0.00161529	0.1591
-351.0	47.9333	0.00234557	0.3408
-346.5	47.9333	0.00193868	0.1417
-342.0	47.9333	0.00318198	0.2238
-337.5	47.9333	0.0064987	0.3849
-333.0	47.9333	0.00450248	0.3695
-328.5	47.9333	0.00911355	0.4833
-324.0	47.9333	0.00688154	0.5814
-319.5	47.9333	0.00446098	0.3223
-315.0	47.9333	0.00378921	0.2644
-310.5	47.9333	0.00680614	0.5451
-306.0	47.9333	0.011752	0.3959
-301.5	47.9333	0.0144825	0.3789
-297.0	47.9333	0.0176208	0.3563
-292.5	47.9333	0.0109458	0.3621
-288.0	47.9333	0.00673105	0.3103
-283.5	47.9333	0.00762104	0.3308
-279.0	47.9333	0.00696607	0.2913
-274.5	47.9333	0.00890491	0.3634
-270.0	47.9333	0.00677715	0.2785
-265.5	47.9333	0.011499	0.3033
-261.0	47.9333	0.0174383	0.3345
-256.5	47.9333	0.0119962	0.2566
-252.0	47.9333	0.0116909	0.3001
-247.5	47.9333	0.00714077	0.2032
-243.0	47.9333	0.0146311	0.2592
-238.5	47.9333	0.0148739	0.2382
-234.0	47.9333	0.0120493	0.3568
-229.5	47.9333	0.0145911	0.2968
-225.0	47.9333	0.0132003	0.2373
-220.5	47.9333	0.0260731	0.2681
-216.0	47.9333	0.0166797	0.2719
-211.5	47.9333	0.0140425	0.2168
-207.0	47.9333	0.0143306	0.2061
-202.5	47.9333	0.0229377	0.2236
-198.0	47.9333	0.032942	0.1707
-193.5	47.9333	0.0216661	0.1756
-189.0	47.9333	0.0326804	0.2079
-184.5	47.9333	0.0481752	0.1742
-180.0	47.9333	0.0533511	0.1608
-175.5	47.9333	0.0424056	0.1636
-171.0	47.9333	0.0465555	0.1414
-166.5	47.9333	0.0587896	0.164
-162.0	47.9333	0.0452722	0.1517
-157.5	47.9333	0.06266	0.1434
-153.0	47.9333	0.069566	0.1482
-148.5	47.9333	0.0845357	0.132
-144.0	47.9333	0.0904712	0.1259
-139.5	47.9333	0.0855264	0.1231
-135.0	47.9333	0.0727734	0.1242
-130.5	47.9333	0.093393	0.118
-126.0	47.9333	0.0806542	0.1277
-121.5	47.9333	0.103559	0.1141
-117.0	47.9333	0.108322	0.1122
-112.5	47.9333	0.143928	0.1113
-108.0	47.9333	0.131045	0.1006
-103.5	47.9333	0.155183	0.0998
-99.0	47.9333	0.152424	0.0985
-94.5	47.9333	0.185996	0.1182
-90.0	47.9333	0.174867	0.1119
-85.5	47.9333	0.166673	0.0886
-81.0	47.9333	0.168013	0.0886
-76.5	47.9333	0.185482	0.0882
-72.0	47.9333	0.224357	0.0826
-67.5	47.9333	0.227154	0.0799
-63.0	47.9333	0.253376	0.0811
-58.5	47.9333	0.262958	0.0809
-54.0	47.9333	0.292644	0.077
-49.5	47.9333	0.316311	0.0766
-45.0	47.9333	0.260546	0.0728
-40.5	47.9333	0.287291	0.0847
-36.0	47.9333	0.279203	0.0672
-31.5	47.9333	0.336162	0.0675
-27.0	47.9333	0.299367	0.0719
-22.5	47.9333	0.35597	0.0693
-18.0	47.9333	0.334696	0.0791
-13.5	47.9333	0.330593	0.0695
-9.0	47.9333	0.34371	0.0651
-4.5	47.9333	0.304122	0.0689
0.0	47.9333	0.335588	0.0701
4.5	47.9333	0.371352	0.0699
9.0	47.9333	0.380507	0.0665
13.5	47.9333	0.382909	0.0651
18.0	47.9333	0.388576	0.0641
22.5	47.9333	0.395405	0.0658
27.0	47.9333	0.358037	0.0644
31.5	47.9333	0.361194	0.0657
36.0	47.9333	0.38223	0.0751
40.5	47.9333	0.373649	0.065
45.0	47.9333	0.300529	0.0678
49.5	47.9333	0.346467	0.0657
54.0	47.9333	0.324908	0.0671
58.5	47.9333	0.317219	0.0712
63.0	47.9333	0.303492	0.0718
67.5	47.9333	0.279614	0.0731
72.0	47.9333	0.266306	0.0701
76.5	47.9333	0.323454	0.0701
81.0	47.9333	0.269832	0.0728
85.5	47.9333	0.285353	0.0707
90.0	47.9333	0.285098	0.0692
94.5	47.9333	0.292211	0.0834
99.0	47.9333	0.283927	0.0805
103.5	47.9333	0.232165	0.0799
108.0	47.9333	0.236657	0.0805
112.5	47.9333	0.199369	0.0853
117.0	47.9333	0.205459	0.0835
121.5	47.9333	0.177181	0.084
126.0	47.9333	0.182089	0.0888
130.5	47.9333	0.175083	0.0904
135.0	47.9333	0.185893	0.0885
139.5	47.9333	0.171921	0.0887
144.0	47.9333	0.144	0.0948
148.5	47.9333	0.150656	0.0922
153.0	47.9333	0.139309	0.0972
157.5	47.9333	0.133719	0.1029
162.0	47.9333	0.123869	0.1042
166.5	47.9333	0.127195	0.1098
171.0	47.9333	0.120054	0.1098
175.5	47.9333	0.0977793	0.1072
180.0	47.9333	0.115848	0.1075
184.5	47.9333	0.110291	0.1114
189.0	47.9333	0.102584	0.1141
193.5	47.9333	0.0926877	0.1312
198.0	47.9333	0.100641	0.1225
202.5	47.9333	0.107744	0.1191
207.0	47.9333	0.104427	0.1167
211.5	47.9333	0.0933017	0.1361
216.0	47.9333	0.0658436	0.1357
220.5	47.9333	0.0649463	0.1451
225.0	47.9333	0.0535378	0.1488
229.5	47.9333	0.0681198	0.1387
234.0	47.9333	0.0697444	0.1415
238.5	47.9333	0.0733226	0.1497
243.0	47.9333	0.0547516	0.1667
247.5	47.9333	0.0491701	0.1635
252.0	47.9333	0.0682897	0.1595
256.5	47.9333	0.0524921	0.1662
261.0	47.9333	0.0480072	0.1743
265.5	47.9333	0.0454221	0.1529
270.0	47.9333	0.0538312	0.1416
274.5	47.9333	0.048675	0.1737
279.0	47.9333	0.0431764	0.17
283.5	47.9333	0.0611584	0.1623
288.0	47.9333	0.0354448	0.175
292.5	47.9333	0.0427625	0.176
297.0	47.9333	0.0454208	0.1668
301.5	47.9333	0.0365525	0.1845
306.0	47.9333	0.039034	0.1771
310.5	47.9333	0.0378704	0.1668
315.0	47.9333	0.0297364	0.1975
319.5	47.9333	0.029733	0.2095
324.0	47.9333	0.0224287	0.1958
328.5	47.9333	0.038591	0.1965
333.0	47.9333	0.0159618	0.1998
337.5	47.9333	0.0263495	0.235
342.0	47.9333	0.0226247	0.2102
346.5	47.9333	0.0219927	0.2049
351.0	47.9333	0.0222546	0.2327
355.5	47.9333	0.0215779	0.2497
360.0	47.9333	0.0311455	0.2627
364.5	47.9333	0.0291847	0.2564
369.0	47.9333	0.0169327	0.2619
373.5	47.9333	0.0118745	0.3064
378.0	47.9333	0.0111562	0.3247
382.5	47.9333	0.00836135	0.3739
387.0	47.9333	0.00822241	0.4507
391.5	47.9333	0.00937902	0.3665
396.0	47.9333	0.00856746	0.5192
400.5	47.9333	0.00766132	0.3703
405.0	47.9333	0.00315104	0.5042
409.5	47.9333	0.00878645	0.4547
414.0	47.9333	0.00749494	0.4426
418.5	47.9333	0.00535169	0.6894
423.0	47.9333	0.00682379	0.5598
427.5	47.9333	0.00490713	0.4874
432.0	47.9333	0.00469268	0.4706
436.5	47.9333	0.0097844	0.4676
441.0	47.9333	0.00798446	0.6263
445.5	47.9333	0.00646528	0.41
-450.0	50.5	0.000310004	0.2837
-445.5	50.5	0.00059142	0.2152
-441.0	50.5	0.000745845	0.2271
-436.5	50.5	0.0029793	0.7736
-432.0	50.5	0.000385897	0.2738
-427.5	50.5	0.000408019	0.2684
-423.0	50.5	0.000545769	0.2493
-418.5	50.5	0.000316369	0.346
-414.0	50.5	0.00337217	0.8906
-409.5	50.5	0.00039434	0.2765
-405.0	50.5	0.000647278	0.2425
-400.5	50.5	0.000625826	0.25
-396.0	50.5	0.000333435	0.2948
-391.5	50.5	0.000743297	0.2261
-387.0	50.5	0.000991845	0.2118
-382.5	50.5	0.00079387	0.2424
-378.0	50.5	0.00123099	0.2021
-373.5	50.5	0.00124086	0.1745
-369.0	50.5	0.0013344	0.1528
-364.5	50.5	0.0022117	0.3672
-360.0	50.5	0.00132241	0.1681
-355.5	50.5	0.00176063	0.1484
-351.0	50.5	0.00236114	0.239
-346.5	50.5	0.00212685	0.1763
-342.0	50.5	0.00648409	0.4045
-337.5	50.5	0.00972518	0.4937
-333.0	50.5	0.00977602	0.4971
-328.5	50.5	0.00571529	0.431
-324.0	50.5	0.00439481	0.2542
-319.5	50.5	0.00987529	0.3744
-315.0	50.5	0.00770858	0.457
-310.5	50.5	0.00640684	0.4191
-306.0	50.5	0.00552333	0.2971
-301.5	50.5	0.00715907	0.2578
-297.0	50.5	0.00675873	0.3277
-292.5	50.5	0.00532665	0.2574
-288.0	50.5	0.00590158	0.2497
-283.5	50.5	0.00974636	0.3416
-279.0	50.5	0.00660673	0.325
-274.5	50.5	0.0079121	0.3025
-270.0	50.5	0.0104334	0.3639
-265.5	50.5	0.0102269	0.33
-261.0	50.5	0.0136505	0.2952
-256.5	50.5	0.010217	0.239
-252.0	50.5	0.0105035	0.3195
-247.5	50.5	0.010912	0.2245
-243.0	50.5	0.0269178	0.2498
-238.5	50.5	0.0162796	0.2927
-234.0	50.5	0.0218671	0.2446
-229.5	50.5	0.0169677	0.2305
-225.0	50.5	0.0168845	0.2825
-220.5	50.5	0.014779	0.3041
-216.0	50.5	0.0152979	0.2002
-211.5	50.5	0.0193634	0.2065
-207.0	50.5	0.0192979	0.2797
-202.5	50.5	0.0237918	0.1908
-198.0	50.5	0.024901	0.2252
-193.5	50.5	0.0308503	0.2128
-189.0	50.5	0.0184769	0.1851
-184.5	50.5	0.0335314	0.247
-180.0	50.5	0.0401191	0.1811
-175.5	50.5	0.0447535	0.1779
-171.0	50.5	0.0482381	0.1493
-166.5	50.5	0.0561361	0.1533
-162.0	50.5	0.0587277	0.1518
-157.5	50.5	0.0660033	0.1634
-153.0	50.5	0.0899879	0.1367
-148.5	50.5	0.0590372	0.1338
-144.0	50.5	0.0786329	0.1362
-139.5	50.5	0.0823264	0.1366
-135.0	50.5	0.0952594	0.1301
-130.5	50.5	0.0865373	0.1162
-126.0	50.5	0.089631	0.1175
-121.5	50.5	0.117555	0.1141
-117.0	50.5	0.108704	0.112
-112.5	50.5	0.118554	0.1041
-108.0	50.5	0.12176	0.1008
-103.5	50.5	0.154423	0.1015
-99.0	50.5	0.153903	0.0983
-94.5	50.5	0.146703	0.0953
-90.0	50.5	0.179264	0.0991
-85.5	50.5	0.159718	0.0888
-81.0	50.5	0.175626	0.0894
-76.5	50.5	0.20322	0.0863
-72.0	50.5	0.235583	0.0809
-67.5	50.5	0.248441	0.0845
-63.0	50.5	0.208246	0.0776
-58.5	50.5	0.25754	0.0743
-54.0	50.5	0.204622	0.0801
-49.5	50.5	0.223338	0.0785
-45.0	50.5	0.285411	0.0739
-40.5	50.5	0.293873	0.0736
-36.0	50.5	0.380229	0.0684
-31.5	50.5	0.308019	0.0698
-27.0	50.5	0.353431	0.067
-22.5	50.5	0.309574	0.0715
-18.0	50.5	0.298454	0.0684
-13.5	50.5	0.361523	0.0697
-9.0	50.5	0.366594	0.0668
-4.5	50.5	0.312481	0.0668
0.0	50.5	0.381676	0.0649
4.5	50.5	0.448079	0.0706
9.0	50.5	0.36665	0.0667
13.5	50.5	0.39319	0.0665
18.0	50.5	0.362233	0.0632
22.5	50.5	0.346516	0.0682
27.0	50.5	0.350466	0.067
31.5	50.5	0.336184	0.0712
36.0	50.5	0.377767	0.069
40.5	50.5	0.358904	0.0644
45.0	50.5	0.324685	0.0676
49.5	50.5	0.369415	0.0792
54.0	50.5	0.318556	0.1155
58.5	50.5	0.310682	0.0689
63.0	50.5	0.29388	0.0777
67.5	50.5	0.314906	0.0724
72.0	50.5	0.299492	0.0723
76.5	50.5	0.290171	0.0751
81.0	50.5	0.274369	0.0709
85.5	50.5	0.313431	0.0741
90.0	50.5	0.280184	0.0719
94.5	50.5	0.245398	0.0776
99.0	50.5	0.261504	0.0767
103.5	50.5	0.192017	0.0816
108.0	50.5	0.210472	0.0845
112.5	50.5	0.257669	0.0803
117.0	50.5	0.223178	0.0865
121.5	50.5	0.210618	0.0855
126.0	50.5	0.215523	0.0904
130.5	50.5	0.188313	0.0847
135.0	50.5	0.190913	0.0872
139.5	50.5	0.166488	0.09
144.0	50.5	0.163347	0.0923
148.5	50.5	0.133674	0.1018
153.0	50.5	0.147579	0.1002
157.5	50.5	0.131135	0.1046
162.0	50.5	0.145992	0.0963
166.5	50.5	0.117347	0.1172
171.0	50.5	0.141987	0.1032
175.5	50.5	0.121523	0.1146
180.0	50.5	0.113588	0.1096
184.5	50.5	0.106741	0.1169
189.0	50.5	0.0973205	0.1336
193.5	50.5	0.104188	0.1245
198.0	50.5	0.125413	0.1208
202.5	50.5	0.0893133	0.1329
207.0	50.5	0.0854672	0.1256
211.5	50.5	0.0752675	0.1393
216.0	50.5	0.0828682	0.1384
220.5	50.5	0.0630814	0.1459
225.0	50.5	0.064773	0.1373
229.5	50.5	0.0588801	0.155
234.0	50.5	0.0615978	0.1476
238.5	50.5	0.073786	0.1382
243.0	50.5	0.0693531	0.1435
247.5	50.5	0.0542666	0.1695
252.0	50.5	0.0516739	0.1499
256.5	50.5	0.0593197	0.1691
261.0	50.5	0.0363283	0.1881
265.5	50.5	0.0505567	0.1628
270.0	50.5	0.0601847	0.1703
274.5	50.5	0.0500886	0.177
279.0	50.5	0.0352266	0.2004
283.5	50.5	0.0409795	0.1877
288.0	50.5	0.0344546	0.1804
292.5	50.5	0.045924	0.1659
297.0	50.5	0.0365472	0.175
301.5	50.5	0.0372108	0.1853
306.0	50.5	0.0392681	0.2046
310.5	50.5	0.0311898	0.2085
315.0	50.5	0.0247275	0.226
319.5	50.5	0.0367033	0.1981
324.0	50.5	0.0285855	0.238
328.5	50.5	0.0290759	0.2011
333.0	50.5	0.0189622	0.2514
337.5	50.5	0.0287381	0.2378
342.0	50.5	0.0224492	0.2032
346.5	50.5	0.0256811	0.2413
351.0	50.5	0.0184795	0.2501
355.5	50.5	0.0274124	0.2441
360.0	50.5	0.0178404	0.2889
364.5	50.5	0.0136899	0.2345
369.0	50.5	0.0201419	0.3055
373.5	50.5	0.0156747	0.2355
378.0	50.5	0.00931524	0.3184
382.5	50.5	0.0134954	0.3329
387.0	50.5	0.00804371	0.353
391.5	50.5	0.00712001	0.3735
396.0	50.5	0.0120839	0.5079
400.5	50.5	0.00465644	0.3736
405.0	50.5	0.00366285	0.4755
409.5	50.5	0.00459635	0.4229
414.0	50.5	0.00338023	0.3201
418.5	50.5	0.00520567	0.4883
423.0	50.5	0.00575274	0.3647
427.5	50.5	0.00797983	0.581
432.0	50.5	0.0130169	0.5781
436.5	50.5	0.00770343	0.4734
441.0	50.5	0.0102191	0.3786
445.5	50.5	0.00448917	0.3796
-450.0	53.0667	0.000792714	0.2221
-445.5	53.0667	0.000897501	0.1977
-441.0	53.0667	0.000756666	0.223
-436.5	53.0667	0.000696331	0.2243
-432.0	53.0667	0.000533208	0.2764
-427.5	53.0667	0.000607281	0.2322
-423.0	53.0667	0.00048832	0.2396
-418.5	53.0667	0.000614042	0.3367
-414.0	53.0667	0.00100143	0.3747
-409.5	53.0667	0.000721898	0.2427
-405.0	53.0667	0.000720839	0.2429
-400.5	53.0667	0.000498195	0.2698
-396.0	53.0667	0.00166847	0.6542
-391.5	53.0667	0.000796274	0.234
-387.0	53.0667	0.000646171	0.2527
-382.5	53.0667	0.000970563	0.2294
-378.0	53.0667	0.00109241	0.172
-373.5	53.0667	0.00157093	0.1686
-369.0	53.0667	0.00286083	0.5635
-364.5	53.0667	0.00148741	0.2226
-360.0	53.0667	0.0014745	0.1479
-355.5	53.0667	0.00553391	0.4083
-351.0	53.0667	0.00337862	0.3457
-346.5	53.0667	0.00296102	0.3222
-342.0	53.0667	0.0049056	0.4221
-337.5	53.0667	0.00247807	0.1623
-333.0	53.0667	0.00483113	0.5265
-328.5	53.0667	0.00423351	0.4205
-324.0	53.0667	0.00480984	0.3728
-319.5	53.0667	0.0022637	0.1152
-315.0	53.0667	0.00750742	0.4219
-310.5	53.0667	0.00659068	0.5686
-306.0	53.0667	0.00767696	0.5137
-301.5	53.0667	0.00815611	0.4934
-297.0	53.0667	0.00512112	0.2568
-292.5	53.0667	0.00587689	0.2857
-288.0	53.0667	0.0029941	0.1083
-283.5	53.0667	0.00910653	0.2721
-279.0	53.0667	0.0115563	0.3292
-274.5	53.0667	0.0104524	0.2793
-270.0	53.0667	0.0123432	0.3418
-265.5	53.0667	0.00665537	0.3176
-261.0	53.0667	0.0118954	0.3
-256.5	53.0667	0.00736804	0.2708
-252.0	53.0667	0.0111406	0.2169
-247.5	53.0667	0.0157378	0.2742
-243.0	53.0667	0.0120869	0.2732
-238.5	53.0667	0.0271847	0.2502
-234.0	53.0667	0.0114659	0.2495
-229.5	53.0667	0.0159542	0.2392
-225.0	53.0667	0.0202693	0.2927
-220.5	53.0667	0.0150605	0.2408
-216.0	53.0667	0.0234624	0.2372
-211.5	53.0667	0.0215499	0.2032
-207.0	53.0667	0.0234743	0.2955
-202.5	53.0667	0.0213229	0.1954
-198.0	53.0667	0.0249566	0.1996
-193.5	53.0667	0.021412	0.2151
-189.0	53.0667	0.0400565	0.2236
-184.5	53.0667	0.0392005	0.207
-180.0	53.0667	0.0472511	0.2132
-175.5	53.0667	0.0413593	0.1763
-171.0	53.0667	0.0549281	0.1529
-166.5	53.0667	0.0639603	0.142
-162.0	53.0667	0.067581	0.1487
-157.5	53.0667	0.0644841	0.1449
-153.0	53.0667	0.0524013	0.1453
-148.5	53.0667	0.0567687	0.1353
-144.0	53.0667	0.0591378	0.1416
-139.5	53.0667	0.0626464	0.1335
-135.0	53.0667	0.0756419	0.128
-130.5	53.0667	0.0891943	0.1158
-126.0	53.0667	0.108982	0.1161
-121.5	53.0667	0.0995124	0.1155
-117.0	53.0667	0.10666	0.1114
-112.5	53.0667	0.110355	0.1086
-108.0	53.0667	0.134731	0.1084
-103.5	53.0667	0.156238	0.0968
-99.0	53.0667	0.171222	0.0975
-94.5	53.0667	0.146734	0.096
-90.0	53.0667	0.152517	0.0971
-85.5	53.0667	0.16328	0.09
-81.0	53.0667	0.184954	0.0944
-76.5	53.0667	0.196403	0.0886
-72.0	53.0667	0.226611	0.0851
-67.5	53.0667	0.232928	0.0948
-63.0	53.0667	0.213326	0.0872
-58.5	53.0667	0.256419	0.0986
-54.0	53.0667	0.255224	0.0791
-49.5	53.0667	0.246698	0.0819
-45.0	53.0667	0.279023	0.0717
-40.5	53.0667	0.258579	0.0776
-36.0	53.0667	0.278231	0.0716
-31.5	53.0667	0.253855	0.0733
-27.0	53.0667	0.320109	0.0685
-22.5	53.0667	0.317349	0.0727
-18.0	53.0667	0.309226	0.0732
-13.5	53.0667	0.367823	0.0744
-9.0	53.0667	0.30039	0.0706
-4.5	53.0667	0.34836	0.069
0.0	53.0667	0.353853	0.0672
4.5	53.0667	0.338005	0.0669
9.0	53.0667	0.381285	0.0673
13.5	53.0667	0.364096	0.0706
18.0	53.0667	0.333923	0.0731
22.5	53.0667	0.352514	0.064
27.0	53.0667	0.374478	0.0659
31.5	53.0667	0.351353	0.0744
36.0	53.0667	0.345261	0.0774
40.5	53.0667	0.359719	0.0696
45.0	53.0667	0.327362	0.0672
49.5	53.0667	0.357731	0.0683
54.0	53.0667	0.330715	0.0801
58.5	53.0667	0.337728	0.0681
63.0	53.0667	0.305855	0.0731
67.5	53.0667	0.29319	0.0693
72.0	53.0667	0.280276	0.0697
76.5	53.0667	0.295065	0.0794
81.0	53.0667	0.325557	0.0796
85.5	53.0667	0.302291	0.0761
90.0	53.0667	0.27199	0.0764
94.5	53.0667	0.234465	0.0772
99.0	53.0667	0.235904	0.0766
103.5	53.0667	0.233588	0.0789
108.0	53.0667	0.236242	0.0818
112.5	53.0667	0.251752	0.0839
117.0	53.0667	0.206793	0.0856
121.5	53.0667	0.25867	0.0916
126.0	53.0667	0.183702	0.0915
130.5	53.0667	0.201227	0.0887
135.0	53.0667	0.183	0.0968
139.5	53.0667	0.165756	0.0908
144.0	53.0667	0.171536	0.0989
148.5	53.0667	0.139041	0.1026
153.0	53.0667	0.142581	0.0987
157.5	53.0667	0.131072	0.1033
162.0	53.0667	0.140806	0.1096
166.5	53.0667	0.114965	0.1105
171.0	53.0667	0.135408	0.1101
175.5	53.0667	0.123562	0.1112
180.0	53.0667	0.0983668	0.1123
184.5	53.0667	0.115894	0.1106
189.0	53.0667	0.0854465	0.1241
193.5	53.0667	0.0959727	0.1368
198.0	53.0667	0.074532	0.144
202.5	53.0667	0.0975384	0.1272
207.0	53.0667	0.0729251	0.1353
211.5	53.0667	0.0662828	0.1276
216.0	53.0667	0.0673663	0.1378
220.5	53.0667	0.0820024	0.1484
225.0	53.0667	0.0812552	0.1415
229.5	53.0667	0.0794175	0.1405
234.0	53.0667	0.0598426	0.1637
238.5	53.0667	0.0780557	0.1438
243.0	53.0667	0.0737422	0.1421
247.5	53.0667	0.0659087	0.1531
252.0	53.0667	0.0682649	0.1502
256.5	53.0667	0.0455692	0.1622
261.0	53.0667	0.0483359	0.1652
265.5	53.0667	0.0423908	0.171
270.0	53.0667	0.057976	0.1554
274.5	53.0667	0.0598996	0.1944
279.0	53.0667	0.0450871	0.175
283.5	53.0667	0.04769	0.1694
288.0	53.0667	0.0548032	0.1606
292.5	53.0667	0.0378969	0.2363
297.0	53.0667	0.0259933	0.2016
301.5	53.0667	0.0336179	0.2025
306.0	53.0667	0.0413664	0.193
310.5	53.0667	0.0274225	0.233
315.0	53.0667	0.0341757	0.2085
319.5	53.0667	0.02088	0.2026
324.0	53.0667	0.0296237	0.1844
328.5	53.0667	0.0314535	0.209
333.0	53.0667	0.0165334	0.238
337.5	53.0667	0.0149716	0.2581
342.0	53.0667	0.0145	0.2475
346.5	53.0667	0.0283601	0.2639
351.0	53.0667	0.0237285	0.2841
355.5	53.0667	0.0179627	0.2566
360.0	53.0667	0.0128371	0.2708
364.5	53.0667	0.0185552	0.2642
369.0	53.0667	0.0174666	0.274
373.5	53.0667	0.0179213	0.2749
378.0	53.0667	0.017622	0.3043
382.5	53.0667	0.0112819	0.2976
387.0	53.0667	0.0106433	0.3598
391.5	53.0667	0.00839714	0.3801
396.0	53.0667	0.00635549	0.5379
400.5	53.0667	0.006326	0.4576
405.0	53.0667	0.00228543	0.4085
409.5	53.0667	0.0058567	0.4021
414.0	53.0667	0.00478237	0.5011
418.5	53.0667	0.00549341	0.3875
423.0	53.0667	0.00816548	0.3308
427.5	53.0667	0.00349913	0.4093
432.0	53.0667	0.00681308	0.4397
436.5	53.0667	0.00825948	0.4403
441.0	53.0667	0.00794308	0.4482
445.5	53.0667	0.00566677	0.5107
-450.0	55.6333	0.00106817	0.3427
-445.5	55.6333	0.00110207	0.3795
-441.0	55.6333	0.00101492	0.3632
-436.5	55.6333	0.00117649	0.3361
-432.0	55.6333	0.00134398	0.3411
-427.5	55.6333	0.00205174	0.4768
-423.0	55.6333	0.00141818	0.3789
-418.5	55.6333	0.000698242	0.2373
-414.0	55.6333	0.000872662	0.266
-409.5	55.6333	0.000876007	0.2726
-405.0	55.6333	0.000921479	0.4521
-400.5	55.6333	0.000700867	0.3237
-396.0	55.6333	0.000754385	0.2687
-391.5	55.6333	0.000850585	0.2055
-387.0	55.6333	0.00061922	0.2584
-382.5	55.6333	0.000449832	0.2255
-378.0	55.6333	0.00602027	0.5321
-373.5	55.6333	0.00486109	0.591
-369.0	55.6333	0.00288903	0.4086
-364.5	55.6333	0.00259371	0.3389
-360.0	55.6333	0.00154734	0.1513
-355.5	55.6333	0.00365266	0.403
-351.0	55.6333	0.00313587	0.4562
-346.5	55.6333	0.00537484	0.4851
-342.0	55.6333	0.00490202	0.3089
-337.5	55.6333	0.00815696	0.4371
-333.0	55.6333	0.00825914	0.4378
-328.5	55.6333	0.0063599	0.5312
-324.0	55.6333	0.00717701	0.4947
-319.5	55.6333	0.00881965	0.3738
-315.0	55.6333	0.00408099	0.2276
-310.5	55.6333	0.00343576	0.2983
-306.0	55.6333	0.00558362	0.3657
-301.5	55.6333	0.00249076	0.1129
-297.0	55.6333	0.00507966	0.3245
-292.5	55.6333	0.00649038	0.341
-288.0	55.6333	0.00593564	0.2803
-283.5	55.6333	0.014956	0.2935
-279.0	55.6333	0.0143632	0.2883
-274.5	55.6333	0.0178277	0.3329
-270.0	55.6333	0.00844839	0.3213
-265.5	55.6333	0.00992734	0.2563
-261.0	55.6333	0.0107547	0.3328
-256.5	55.6333	0.0121237	0.307
-252.0	55.6333	0.0212895	0.3294
-247.5	55.6333	0.0162089	0.2861
-243.0	55.6333	0.0225703	0.2377
-238.5	55.6333	0.0122302	0.2246
-234.0	55.6333	0.0166345	0.2287
-229.5	55.6333	0.019059	0.2247
-225.0	55.6333	0.0177142	0.2534
-220.5	55.6333	0.0214644	0.2864
-216.0	55.6333	0.0194974	0.2941
-211.5	55.6333	0.0220738	0.242
-207.0	55.6333	0.0208647	0.2338
-202.5	55.6333	0.0247759	0.2041
-198.0	55.6333	0.024941	0.2166
-193.5	55.6333	0.0327921	0.1914
-189.0	55.6333	0.0324242	0.2194
-184.5	55.6333	0.0350327	0.232
-180.0	55.6333	0.0244297	0.1517
-175.5	55.6333	0.0557745	0.1776
-171.0	55.6333	0.0551625	0.1651
-166.5	55.6333	0.0410849	0.1746
-162.0	55.6333	0.0437937	0.1659
-157.5	55.6333	0.0489249	0.1627
-153.0	55.6333	0.0456959	0.1558
-148.5	55.6333	0.0698234	0.1386
-144.0	55.6333	0.0749434	0.1394
-139.5	55.6333	0.0794223	0.1263
-135.0	55.6333	0.0835042	0.1361
-130.5	55.6333	0.0965422	0.1335
-126.0	55.6333	0.0917537	0.1248
-121.5	55.6333	0.0953811	0.1215
-117.0	55.6333	0.123295	0.111
-112.5	55.6333	0.103304	0.1126
-108.0	55.6333	0.127003	0.1008
-103.5	55.6333	0.14844	0.1097
-99.0	55.6333	0.142692	0.1013
-94.5	55.6333	0.146322	0.0982
-90.0	55.6333	0.192882	0.1012
-85.5	55.6333	0.177907	0.0944
-81.0	55.6333	0.185331	0.0928
-76.5	55.6333	0.186789	0.0848
-72.0	55.6333	0.230563	0.0788
-67.5	55.6333	0.190642	0.0899
-63.0	55.6333	0.215216	0.0769
-58.5	55.6333	0.243025	0.0843
-54.0	55.6333	0.250072	0.0752
-49.5	55.6333	0.279893	0.0734
-45.0	55.6333	0.263398	0.0755
-40.5	55.6333	0.285972	0.0754
-36.0	55.6333	0.291208	0.0785
-31.5	55.6333	0.286575	0.0747
-27.0	55.6333	0.304823	0.0745
-22.5	55.6333	0.293694	0.0726
-18.0	55.6333	0.351891	0.113
-13.5	55.6333	0.340445	0.0797
-9.0	55.6333	0.326276	0.0688
-4.5	55.6333	0.354897	0.0659
0.0	55.6333	0.350507	0.075
4.5	55.6333	0.358831	0.0698
9.0	55.6333	0.31696	0.0717
13.5	55.6333	0.402637	0.1085
18.0	55.6333	0.394968	0.0691
22.5	55.6333	0.360138	0.0675
27.0	55.6333	0.355185	0.0711
31.5	55.6333	0.32123	0.07
36.0	55.6333	0.300948	0.0733
40.5	55.6333	0.326293	0.0743
45.0	55.6333	0.323448	0.0725
49.5	55.6333	0.319868	0.0674
54.0	55.6333	0.341491	0.0704
58.5	55.6333	0.306777	0.0692
63.0	55.6333	0.277259	0.0719
67.5	55.6333	0.291604	0.0778
72.0	55.6333	0.289634	0.0687
76.5	55.6333	0.277506	0.076
81.0	55.6333	0.297808	0.0744
85.5	55.6333	0.267447	0.0724
90.0	55.6333	0.254952	0.0778
94.5	55.6333	0.219458	0.0874
99.0	55.6333	0.206082	0.0837
103.5	55.6333	0.203116	0.0838
108.0	55.6333	0.227956	0.077
112.5	55.6333	0.257734	0.0776
117.0	55.6333	0.23091	0.0857
121.5	55.6333	0.203826	0.0818
126.0	55.6333	0.188689	0.09
130.5	55.6333	0.193624	0.0931
135.0	55.6333	0.165317	0.0828
139.5	55.6333	0.153801	0.0958
144.0	55.6333	0.145484	0.0999
148.5	55.6333	0.150498	0.1043
153.0	55.6333	0.128929	0.1149
157.5	55.6333	0.132957	0.0997
162.0	55.6333	0.11263	0.1167
166.5	55.6333	0.133277	0.1114
171.0	55.6333	0.121313	0.1065
175.5	55.6333	0.114919	0.1131
180.0	55.6333	0.108497	0.1125
184.5	55.6333	0.098448	0.1264
189.0	55.6333	0.0762617	0.1173
193.5	55.6333	0.103552	0.1308
198.0	55.6333	0.0773931	0.135
202.5	55.6333	0.102092	0.154
207.0	55.6333	0.0788486	0.1355
211.5	55.6333	0.0723086	0.139
216.0	55.6333	0.0734857	0.1252
220.5	55.6333	0.0640518	0.1316
225.0	55.6333	0.0623878	0.1724
229.5	55.6333	0.0560216	0.1389
234.0	55.6333	0.0551652	0.1462
238.5	55.6333	0.0577601	0.1356
243.0	55.6333	0.0791001	0.1481
247.5	55.6333	0.0462822	0.1676
252.0	55.6333	0.0542357	0.1747
256.5	55.6333	0.0471471	0.1518
261.0	55.6333	0.0505876	0.1794
265.5	55.6333	0.0587513	0.1587
270.0	55.6333	0.0536659	0.166
274.5	55.6333	0.0573914	0.1695
279.0	55.6333	0.0548996	0.1493
283.5	55.6333	0.0372069	0.1672
288.0	55.6333	0.0449898	0.1768
292.5	55.6333	0.0392467	0.1775
297.0	55.6333	0.0301718	0.1901
301.5	55.6333	0.044405	0.1691
306.0	55.6333	0.0406782	0.1885
310.5	55.6333	0.0370684	0.2005
315.0	55.6333	0.0288082	0.2033
319.5	55.6333	0.030126	0.2252
324.0	55.6333	0.0231233	0.2306
328.5	55.6333	0.027934	0.2119
333.0	55.6333	0.0225507	0.2391
337.5	55.6333	0.0248213	0.2147
342.0	55.6333	0.0199468	0.2479
346.5	55.6333	0.0223155	0.2408
351.0	55.6333	0.0144977	0.279
355.5	55.6333	0.0144691	0.3476
360.0	55.6333	0.0201942	0.3391
364.5	55.6333	0.0192	0.2581
369.0	55.6333	0.0125311	0.3687
373.5	55.6333	0.0210583	0.2633
378.0	55.6333	0.00913747	0.2966
382.5	55.6333	0.0123564	0.3474
387.0	55.6333	0.00769349	0.3169
391.5	55.6333	0.00637145	0.5589
396.0	55.6333	0.0067732	0.6144
400.5	55.6333	0.00584278	0.5095
405.0	55.6333	0.00800707	0.4384
409.5	55.6333	0.00269382	0.2379
414.0	55.6333	0.00697577	0.5844
418.5	55.6333	0.0141349	0.363
423.0	55.6333	0.002937	0.386
427.5	55.6333	0.0037453	0.3944
432.0	55.6333	0.00494787	0.4963
436.5	55.6333	0.00549163	0.3954
441.0	55.6333	0.00438345	0.4184
445.5	55.6333	0.00828055	0.471
-450.0	58.2	0.000998926	0.3774
-445.5	58.2	0.000686812	0.2982
-441.0	58.2	0.000650598	0.2959
-436.5	58.2	0.000308139	0.3037
-432.0	58.2	0.00155736	0.6104
-427.5	58.2	0.00063033	0.3147
-423.0	58.2	0.00161401	0.5153
-418.5	58.2	0.00361193	0.5302
-414.0	58.2	0.00153476	0.5639
-409.5	58.2	0.000593969	0.2637
-405.0	58.2	0.00281057	0.5998
-400.5	58.2	0.00522786	0.6679
-396.0	58.2	0.000253905	0.3456
-391.5	58.2	0.00290222	0.6116
-387.0	58.2	0.00470127	0.579
-382.5	58.2	0.00517378	0.5734
-378.0	58.2	0.000812129	0.2128
-373.5	58.2	0.00144759	0.3279
-369.0	58.2	0.0012425	0.1594
-364.5	58.2	0.00374877	0.4655
-360.0	58.2	0.00138584	0.1657
-355.5	58.2	0.00168201	0.1573
-351.0	58.2	0.00162027	0.1554
-346.5	58.2	0.00302797	0.2411
-342.0	58.2	0.00631058	0.4816
-337.5	58.2	0.00359789	0.2159
-333.0	58.2	0.00384033	0.3143
-328.5	58.2	0.00550881	0.3768
-324.0	58.2	0.00382326	0.3844
-319.5	58.2	0.00757394	0.4098
-315.0	58.2	0.00292944	0.1441
-310.5	58.2	0.0028892	0.1076
-306.0	58.2	0.00284563	0.1129
-301.5	58.2	0.00378147	0.1123
-297.0	58.2	0.0039505	0.1617
-292.5	58.2	0.00647224	0.3706
-288.0	58.2	0.00988408	0.2816
-283.5	58.2	0.0109665	0.3374
-279.0	58.2	0.0116531	0.3434
-274.5	58.2	0.010388	0.296
-270.0	58.2	0.00853187	0.2797
-265.5	58.2	0.0175744	0.2678
-261.0	58.2	0.0147792	0.3018
-256.5	58.2	0.0135365	0.2603
-252.0	58.2	0.015602	0.3802
-247.5	58.2	0.015822	0.3526
-243.0	58.2	0.0228337	0.3325
-238.5	58.2	0.0189156	0.2805
-234.0	58.2	0.0230221	0.2407
-229.5	58.2	0.0232622	0.2716
-225.0	58.2	0.0235695	0.244
-220.5	58.2	0.0275062	0.2676
-216.0	58.2	0.0217849	0.2804
-211.5	58.2	0.0190153	0.2057
-207.0	58.2	0.0197129	0.2197
-202.5	58.2	0.0245017	0.2366
-198.0	58.2	0.0218245	0.1804
-193.5	58.2	0.0271896	0.2316
-189.0	58.2	0.0395189	0.1822
-184.5	58.2	0.0273913	0.2044
-180.0	58.2	0.0306545	0.1739
-175.5	58.2	0.0442497	0.1539
-171.0	58.2	0.0391687	0.1913
-166.5	58.2	0.044074	0.1955
-162.0	58.2	0.0532933	0.1591
-157.5	58.2	0.0681926	0.1485
-153.0	58.2	0.0623767	0.158
-148.5	58.2	0.0623809	0.1396
-144.0	58.2	0.0626494	0.1435
-139.5	58.2	0.0838088	0.1344
-135.0	58.2	0.0733744	0.1433
-130.5	58.2	0.0829145	0.1203
-126.0	58.2	0.0889268	0.1218
-121.5	58.2	0.101879	0.1124
-117.0	58.2	0.112915	0.1061
-112.5	58.2	0.119249	0.1237
-108.0	58.2	0.139198	0.1034
-103.5	58.2	0.144837	0.1062
-99.0	58.2	0.136679	0.0928
-94.5	58.2	0.158156	0.1011
-90.0	58.2	0.150687	0.0969
-85.5	58.2	0.163503	0.0881
-81.0	58.2	0.179324	0.0896
-76.5	58.2	0.194834	0.0822
-72.0	58.2	0.238057	0.0857
-67.5	58.2	0.226307	0.0843
-63.0	58.2	0.220233	0.0994
-58.5	58.2	0.212043	0.0764
-54.0	58.2	0.258218	0.0748
-49.5	58.2	0.293924	0.0853
-45.0	58.2	0.26613	0.0854
-40.5	58.2	0.263395	0.0746
-36.0	58.2	0.270247	0.0785
-31.5	58.2	0.318206	0.0728
-27.0	58.2	0.303404	0.0735
-22.5	58.2	0.330528	0.0805
-18.0	58.2	0.31588	0.0701
-13.5	58.2	0.324778	0.0718
-9.0	58.2	0.351666	0.0786
-4.5	58.2	0.340329	0.0712
0.0	58.2	0.339246	0.0729
4.5	58.2	0.367993	0.0683
9.0	58.2	0.354259	0.0677
13.5	58.2	0.334239	0.0699
18.0	58.2	0.304737	0.0682
22.5	58.2	0.347934	0.0746
27.0	58.2	0.319513	0.065
31.5	58.2	0.293292	0.0689
36.0	58.2	0.330587	0.0702
40.5	58.2	0.326723	0.0726
45.0	58.2	0.344854	0.0702
49.5	58.2	0.308627	0.0707
54.0	58.2	0.295736	0.0692
58.5	58.2	0.321562	0.0719
63.0	58.2	0.304052	0.0737
67.5	58.2	0.293603	0.0748
72.0	58.2	0.291361	0.07
76.5	58.2	0.269318	0.0759
81.0	58.2	0.253008	0.0733
85.5	58.2	0.259645	0.0769
90.0	58.2	0.222827	0.0797
94.5	58.2	0.227968	0.0785
99.0	58.2	0.226073	0.089
103.5	58.2	0.235136	0.0922
108.0	58.2	0.229638	0.0816
112.5	58.2	0.22068	0.1009
117.0	58.2	0.224751	0.0811
121.5	58.2	0.210376	0.0858
126.0	58.2	0.192038	0.09
130.5	58.2	0.163185	0.0935
135.0	58.2	0.166684	0.0929
139.5	58.2	0.146127	0.0953
144.0	58.2	0.168259	0.0914
148.5	58.2	0.145527	0.0962
153.0	58.2	0.145847	0.0958
157.5	58.2	0.137334	0.1007
162.0	58.2	0.120258	0.1093
166.5	58.2	0.120216	0.1093
171.0	58.2	0.131215	0.1124
175.5	58.2	0.0933913	0.1266
180.0	58.2	0.102355	0.1214
184.5	58.2	0.0987118	0.1166
189.0	58.2	0.101336	0.1209
193.5	58.2	0.105015	0.1569
198.0	58.2	0.0689901	0.13
202.5	58.2	0.0669101	0.132
207.0	58.2	0.0860711	0.1341
211.5	58.2	0.0591537	0.1602
216.0	58.2	0.0738005	0.1423
220.5	58.2	0.063855	0.1437
225.0	58.2	0.0680066	0.1419
229.5	58.2	0.0407537	0.1417
234.0	58.2	0.0661686	0.14
238.5	58.2	0.0669145	0.1385
243.0	58.2	0.0779952	0.1563
247.5	58.2	0.0583201	0.1712
252.0	58.2	0.0636937	0.1579
256.5	58.2	0.0526649	0.1642
261.0	58.2	0.0492817	0.1636
265.5	58.2	0.0585392	0.1553
270.0	58.2	0.0471388	0.1581
274.5	58.2	0.0460117	0.1558
279.0	58.2	0.0548985	0.1618
283.5	58.2	0.042661	0.1694
288.0	58.2	0.0451399	0.2015
292.5	58.2	0.0423027	0.1824
297.0	58.2	0.0304693	0.1907
301.5	58.2	0.0499425	0.1986
306.0	58.2	0.0318865	0.1874
310.5	58.2	0.0482993	0.1617
315.0	58.2	0.029356	0.1928
319.5	58.2	0.0341776	0.1984
324.0	58.2	0.0287291	0.1966
328.5	58.2	0.025534	0.2203
333.0	58.2	0.0221003	0.2156
337.5	58.2	0.0160327	0.226
342.0	58.2	0.0197302	0.2306
346.5	58.2	0.0309654	0.2183
351.0	58.2	0.0286778	0.2191
355.5	58.2	0.0147451	0.3265
360.0	58.2	0.0144497	0.32
364.5	58.2	0.0169646	0.2997
369.0	58.2	0.0096464	0.2745
373.5	58.2	0.0189217	0.3019
378.0	58.2	0.00923131	0.3945
382.5	58.2	0.0103581	0.3542
387.0	58.2	0.00932908	0.4702
391.5	58.2	0.00799008	0.423
396.0	58.2	0.00350642	0.3785
400.5	58.2	0.00532342	0.4793
405.0	58.2	0.00755986	0.4101
409.5	58.2	0.00648518	0.4986
414.0	58.2	0.0049115	0.465
418.5	58.2	0.00800855	0.4159
423.0	58.2	0.00855276	0.4087
427.5	58.2	0.0016639	0.3164
432.0	58.2	0.00716895	0.3769
436.5	58.2	0.00277159	0.4301
441.0	58.2	0.00305564	0.403
445.5	58.2	0.00450848	0.3445
-450.0	60.7667	0.000656794	0.2081
-445.5	60.7667	0.00092036	0.22
-441.0	60.7667	0.000634486	0.2167
-436.5	60.7667	0.000495484	0.2642
-432.0	60.7667	0.000409723	0.2788
-427.5	60.7667	0.000633984	0.2275
-423.0	60.7667	0.000479992	0.2453
-418.5	60.7667	0.00125646	0.4724
-414.0	60.7667	0.00059757	0.2496
-409.5	60.7667	0.000451448	0.2575
-405.0	60.7667	0.000965017	0.3735
-400.5	60.7667	0.00202411	0.6876
-396.0	60.7667	0.00109288	0.3211
-391.5	60.7667	0.0036663	0.74
-387.0	60.7667	0.00278889	0.5514
-382.5	60.7667	0.000907203	0.2177
-378.0	60.7667	0.00173606	0.4256
-373.5	60.7667	0.00147152	0.2981
-369.0	60.7667	0.00144057	0.1573
-364.5	60.7667	0.00466084	0.5278
-360.0	60.7667	0.00154075	0.1569
-355.5	60.7667	0.00203978	0.1667
-351.0	60.7667	0.00209325	0.1475
-346.5	60.7667	0.00343788	0.5178
-342.0	60.7667	0.00194631	0.1423
-337.5	60.7667	0.00289035	0.2382
-333.0	60.7667	0.00550038	0.4127
-328.5	60.7667	0.00270133	0.1195
-324.0	60.7667	0.00309354	0.1851
-319.5	60.7667	0.00424764	0.4404
-315.0	60.7667	0.00788702	0.6327
-310.5	60.7667	0.00431182	0.4674
-306.0	60.7667	0.00616788	0.4339
-301.5	60.7667	0.00443005	0.304
-297.0	60.7667	0.00831169	0.3377
-292.5	60.7667	0.00465157	0.3744
-288.0	60.7667	0.00882229	0.4148
-283.5	60.7667	0.00742268	0.3096
-279.0	60.7667	0.0122852	0.3099
-274.5	60.7667	0.00723094	0.3562
-270.0	60.7667	0.00656473	0.2808
-265.5	60.7667	0.0103696	0.3324
-261.0	60.7667	0.0131322	0.2632
-256.5	60.7667	0.00886224	0.2453
-252.0	60.7667	0.0106543	0.2808
-247.5	60.7667	0.0204059	0.2524
-243.0	60.7667	0.0154549	0.3042
-238.5	60.7667	0.00826828	0.2494
-234.0	60.7667	0.0143233	0.2702
-229.5	60.7667	0.0125127	0.231
-225.0	60.7667	0.0195705	0.2608
-220.5	60.7667	0.017667	0.261
-216.0	60.7667	0.0143857	0.2852
-211.5	60.7667	0.0275739	0.2184
-207.0	60.7667	0.024633	0.2399
-202.5	60.7667	0.0214204	0.1893
-198.0	60.7667	0.0233716	0.1757
-193.5	60.7667	0.0267629	0.2288
-189.0	60.7667	0.0399843	0.2073
-184.5	60.7667	0.029715	0.2057
-180.0	60.7667	0.0438161	0.1643
-175.5	60.7667	0.055545	0.178
-171.0	60.7667	0.037014	0.158
-166.5	60.7667	0.0572797	0.1568
-162.0	60.7667	0.0520018	0.166
-157.5	60.7667	0.0568276	0.1356
-153.0	60.7667	0.0484883	0.1384
-148.5	60.7667	0.072461	0.1481
-144.0	60.7667	0.0713164	0.1422
-139.5	60.7667	0.0672995	0.1281
-135.0	60.7667	0.0876121	0.1308
-130.5	60.7667	0.0970966	0.1205
-126.0	60.7667	0.0983704	0.117
-121.5	60.7667	0.0923621	0.1204
-117.0	60.7667	0.114141	0.1101
-112.5	60.7667	0.0924452	0.1109
-108.0	60.7667	0.128612	0.1077
-103.5	60.7667	0.152179	0.108
-99.0	60.7667	0.146984	0.1127
-94.5	60.7667	0.151198	0.0954
-90.0	60.7667	0.136945	0.0991
-85.5	60.7667	0.145432	0.0945
-81.0	60.7667	0.192321	0.0921
-76.5	60.7667	0.20125	0.0862
-72.0	60.7667	0.210672	0.098
-67.5	60.7667	0.221258	0.0865
-63.0	60.7667	0.210052	0.084
-58.5	60.7667	0.222439	0.0821
-54.0	60.7667	0.221411	0.083
-49.5	60.7667	0.262057	0.08
-45.0	60.7667	0.231053	0.0802
-40.5	60.7667	0.265741	0.0737
-36.0	60.7667	0.268865	0.0748
-31.5	60.7667	0.287393	0.0769
-27.0	60.7667	0.318945	0.0733
-22.5	60.7667	0.294601	0.0748
-18.0	60.7667	0.300198	0.0689
-13.5	60.7667	0.330227	0.0801
-9.0	60.7667	0.316004	0.0704
-4.5	60.7667	0.315058	0.0747
0.0	60.7667	0.348385	0.0722
4.5	60.7667	0.327265	0.0705
9.0	60.7667	0.332098	0.0668
13.5	60.7667	0.351781	0.0685
18.0	60.7667	0.326523	0.0716
22.5	60.7667	0.309737	0.069
27.0	60.7667	0.324681	0.0663
31.5	60.7667	0.321044	0.0699
36.0	60.7667	0.301547	0.0769
40.5	60.7667	0.317925	0.0742
45.0	60.7667	0.295241	0.0697
49.5	60.7667	0.275924	0.0722
54.0	60.7667	0.332513	0.0713
58.5	60.7667	0.331976	0.0771
63.0	60.7667	0.307363	0.0706
67.5	60.7667	0.284559	0.0794
72.0	60.7667	0.308439	0.0732
76.5	60.7667	0.241776	0.0748
81.0	60.7667	0.256632	0.0745
85.5	60.7667	0.275155	0.0733
90.0	60.7667	0.229847	0.0869
94.5	60.7667	0.212443	0.0797
99.0	60.7667	0.191314	0.0831
103.5	60.7667	0.191467	0.0805
108.0	60.7667	0.224956	0.0815
112.5	60.7667	0.186867	0.0901
117.0	60.7667	0.189147	0.0935
121.5	60.7667	0.174751	0.0898
126.0	60.7667	0.1824	0.0879
130.5	60.7667	0.186669	0.089
135.0	60.7667	0.158531	0.0943
139.5	60.7667	0.147397	0.0936
144.0	60.7667	0.153086	0.0987
148.5	60.7667	0.162061	0.0947
153.0	60.7667	0.155309	0.0959
157.5	60.7667	0.154022	0.106
162.0	60.7667	0.100663	0.1091
166.5	60.7667	0.1093	0.1136
171.0	60.7667	0.121312	0.1068
175.5	60.7667	0.111886	0.1101
180.0	60.7667	0.0736161	0.117
184.5	60.7667	0.0880327	0.121
189.0	60.7667	0.0991295	0.1172
193.5	60.7667	0.0792167	0.1283
198.0	60.7667	0.076735	0.1408
202.5	60.7667	0.0778521	0.1507
207.0	60.7667	0.0600933	0.1331
211.5	60.7667	0.0735927	0.135
216.0	60.7667	0.0667773	0.1381
220.5	60.7667	0.0822437	0.1256
225.0	60.7667	0.0804791	0.1398
229.5	60.7667	0.0644425	0.163
234.0	60.7667	0.0639335	0.149
238.5	60.7667	0.0719451	0.1301
243.0	60.7667	0.0624725	0.1623
247.5	60.7667	0.0553605	0.1703
252.0	60.7667	0.0554015	0.162
256.5	60.7667	0.0640828	0.1511
261.0	60.7667	0.0487395	0.1657
265.5	60.7667	0.0576835	0.1637
270.0	60.7667	0.0562141	0.1559
274.5	60.7667	0.0375816	0.1776
279.0	60.7667	0.0411287	0.1824
283.5	60.7667	0.0469696	0.1661
288.0	60.7667	0.0514177	0.1733
292.5	60.7667	0.0336458	0.1877
297.0	60.7667	0.0413096	0.2127
301.5	60.7667	0.0354232	0.2022
306.0	60.7667	0.0352985	0.1815
310.5	60.7667	0.0386616	0.164
315.0	60.7667	0.0259692	0.189
319.5	60.7667	0.0258702	0.2082
324.0	60.7667	0.0276533	0.2123
328.5	60.7667	0.0243832	0.2217
333.0	60.7667	0.0336663	0.1867
337.5	60.7667	0.0414695	0.1864
342.0	60.7667	0.0294139	0.2086
346.5	60.7667	0.026486	0.2322
351.0	60.7667	0.00738697	0.19
355.5	60.7667	0.0108993	0.2732
360.0	60.7667	0.0115476	0.2742
364.5	60.7667	0.0143361	0.2504
369.0	60.7667	0.0106383	0.2683
373.5	60.7667	0.0168256	0.2758
378.0	60.7667	0.0119158	0.2777
382.5	60.7667	0.0142924	0.2617
387.0	60.7667	0.0125321	0.4083
391.5	60.7667	0.0112835	0.5462
396.0	60.7667	0.00348024	0.4605
400.5	60.7667	0.0041361	0.4814
405.0	60.7667	0.00548988	0.4107
409.5	60.7667	0.00187998	0.4303
414.0	60.7667	0.00524892	0.5184
418.5	60.7667	0.00720665	0.4335
423.0	60.7667	0.00572064	0.4495
427.5	60.7667	0.00566092	0.5335
432.0	60.7667	0.00500934	0.4388
436.5	60.7667	0.00885566	0.3475
441.0	60.7667	0.00817914	0.4614
445.5	60.7667	0.00895121	0.3758
-450.0	63.3333	0.00138723	0.6292
-445.5	63.3333	0.00200039	0.5838
-441.0	63.3333	0.000599987	0.2795
-436.5	63.3333	0.000469755	0.2454
-432.0	63.3333	0.000379745	0.26
-427.5	63.3333	0.000191314	0.3757
-423.0	63.3333	0.000335459	0.3055
-418.5	63.3333	0.000624388	0.2631
-414.0	63.3333	0.000605142	0.2567
-409.5	63.3333	0.000728201	0.2475
-405.0	63.3333	0.000525259	0.2875
-400.5	63.3333	0.000630008	0.2604
-396.0	63.3333	0.000672948	0.211
-391.5	63.3333	0.00149827	0.2699
-387.0	63.3333	0.000711038	0.2176
-382.5	63.3333	0.0022315	0.6552
-378.0	63.3333	0.00198582	0.6209
-373.5	63.3333	0.00107546	0.1765
-369.0	63.3333	0.00125277	0.1849
-364.5	63.3333	0.00299313	0.345
-360.0	63.3333	0.00149836	0.1475
-355.5	63.3333	0.00136753	0.1526
-351.0	63.3333	0.0049877	0.3712
-346.5	63.3333	0.00191289	0.1644
-342.0	63.3333	0.00425453	0.4042
-337.5	63.3333	0.00462881	0.3692
-333.0	63.3333	0.00428013	0.2858
-328.5	63.3333	0.00373061	0.3798
-324.0	63.3333	0.002982	0.2067
-319.5	63.3333	0.00277149	0.2786
-315.0	63.3333	0.00770825	0.3269
-310.5	63.3333	0.00938767	0.4372
-306.0	63.3333	0.0032032	0.2
-301.5	63.3333	0.00311469	0.11
-297.0	63.3333	0.00312445	0.1092
-292.5	63.3333	0.00501648	0.2835
-288.0	63.3333	0.00615401	0.2786
-283.5	63.3333	0.00868637	0.4145
-279.0	63.3333	0.011534	0.2938
-274.5	63.3333	0.00747368	0.278
-270.0	63.3333	0.00590599	0.2301
-265.5	63.3333	0.00816872	0.3308
-261.0	63.3333	0.0101272	0.246
-256.5	63.3333	0.0139029	0.3605
-252.0	63.3333	0.00938284	0.2835
-247.5	63.3333	0.0139195	0.2636
-243.0	63.3333	0.0106058	0.3149
-238.5	63.3333	0.0164719	0.3019
-234.0	63.3333	0.0128654	0.2881
-229.5	63.3333	0.0130535	0.254
-225.0	63.3333	0.0189659	0.2529
-220.5	63.3333	0.0222729	0.2452
-216.0	63.3333	0.015257	0.2432
-211.5	63.3333	0.0186856	0.2705
-207.0	63.3333	0.0244657	0.2181
-202.5	63.3333	0.0194455	0.2339
-198.0	63.3333	0.0243445	0.2723
-193.5	63.3333	0.0334852	0.2075
-189.0	63.3333	0.0293823	0.2025
-184.5	63.3333	0.0252517	0.2021
-180.0	63.3333	0.0299887	0.1888
-175.5	63.3333	0.0422046	0.1777
-171.0	63.3333	0.0429995	0.1727
-166.5	63.3333	0.0392665	0.142
-162.0	63.3333	0.045029	0.1562
-157.5	63.3333	0.0576532	0.1743
-153.0	63.3333	0.0548494	0.1395
-148.5	63.3333	0.0729121	0.1484
-144.0	63.3333	0.0689771	0.1517
-139.5	63.3333	0.0961255	0.127
-135.0	63.3333	0.0747383	0.1408
-130.5	63.3333	0.0865522	0.1228
-126.0	63.3333	0.0783643	0.111
-121.5	63.3333	0.0798008	0.1221
-117.0	63.3333	0.114226	0.1281
-112.5	63.3333	0.100724	0.1028
-108.0	63.3333	0.11372	0.113
-103.5	63.3333	0.122702	0.1007
-99.0	63.3333	0.10176	0.1111
-94.5	63.3333	0.133079	0.1217
-90.0	63.3333	0.161203	0.104
-85.5	63.3333	0.148709	0.0982
-81.0	63.3333	0.157466	0.0887
-76.5	63.3333	0.192044	0.0959
-72.0	63.3333	0.20982	0.0958
-67.5	63.3333	0.180129	0.0906
-63.0	63.3333	0.219671	0.0827
-58.5	63.3333	0.221421	0.0851
-54.0	63.3333	0.223744	0.086
-49.5	63.3333	0.241786	0.0813
-45.0	63.3333	0.284924	0.0748
-40.5	63.3333	0.290336	0.0777
-36.0	63.3333	0.285924	0.0813
-31.5	63.3333	0.281571	0.0769
-27.0	63.3333	0.284598	0.0731
-22.5	63.3333	0.279398	0.0727
-18.0	63.3333	0.294023	0.0664
-13.5	63.3333	0.295811	0.0711
-9.0	63.3333	0.340631	0.0705
-4.5	63.3333	0.354582	0.0741
0.0	63.3333	0.329014	0.1296
4.5	63.3333	0.321264	0.071
9.0	63.3333	0.306533	0.0703
13.5	63.3333	0.332553	0.0702
18.0	63.3333	0.30807	0.0728
22.5	63.3333	0.359604	0.0698
27.0	63.3333	0.388072	0.08
31.5	63.3333	0.357287	0.0715
36.0	63.3333	0.307178	0.0724
40.5	63.3333	0.326035	0.0673
45.0	63.3333	0.331305	0.069
49.5	63.3333	0.290604	0.0699
54.0	63.3333	0.268082	0.0719
58.5	63.3333	0.312275	0.0682
63.0	63.3333	0.300362	0.0788
67.5	63.3333	0.264572	0.0728
72.0	63.3333	0.253569	0.0723
76.5	63.3333	0.309785	0.0723
81.0	63.3333	0.282743	0.0769
85.5	63.3333	0.28254	0.0945
90.0	63.3333	0.251123	0.075
94.5	63.3333	0.247006	0.0847
99.0	63.3333	0.227354	0.0833
103.5	63.3333	0.211635	0.0847
108.0	63.3333	0.210638	0.0845
112.5	63.3333	0.203822	0.0831
117.0	63.3333	0.197771	0.0893
121.5	63.3333	0.174892	0.0874
126.0	63.3333	0.218876	0.0852
130.5	63.3333	0.196249	0.0872
135.0	63.3333	0.18616	0.0904
139.5	63.3333	0.168711	0.1026
144.0	63.3333	0.152987	0.0956
148.5	63.3333	0.137372	0.1007
153.0	63.3333	0.156415	0.1062
157.5	63.3333	0.128492	0.1049
162.0	63.3333	0.133345	0.1077
166.5	63.3333	0.11429	0.1118
171.0	63.3333	0.0983777	0.1199
175.5	63.3333	0.106978	0.1138
180.0	63.3333	0.0855409	0.1215
184.5	63.3333	0.0953946	0.1166
189.0	63.3333	0.0905641	0.1248
193.5	63.3333	0.0965028	0.1322
198.0	63.3333	0.0810743	0.125
202.5	63.3333	0.0867779	0.1247
207.0	63.3333	0.0758061	0.1315
211.5	63.3333	0.0688645	0.1297
216.0	63.3333	0.0754328	0.1323
220.5	63.3333	0.0670629	0.1264
225.0	63.3333	0.05667	0.1537
229.5	63.3333	0.075034	0.125
234.0	63.3333	0.0631021	0.1535
238.5	63.3333	0.0597745	0.1637
243.0	63.3333	0.0604022	0.1484
247.5	63.3333	0.0733394	0.1446
252.0	63.3333	0.0676676	0.1375
256.5	63.3333	0.0545882	0.1527
261.0	63.3333	0.0483938	0.1792
265.5	63.3333	0.0382156	0.1839
270.0	63.3333	0.0354675	0.2095
274.5	63.3333	0.0419378	0.1708
279.0	63.3333	0.0465737	0.1537
283.5	63.3333	0.0294227	0.1745
288.0	63.3333	0.0446584	0.1864
292.5	63.3333	0.0445764	0.1832
297.0	63.3333	0.0369445	0.1985
301.5	63.3333	0.0405594	0.208
306.0	63.3333	0.0425505	0.1932
310.5	63.3333	0.0334664	0.1831
315.0	63.3333	0.0379357	0.1738
319.5	63.3333	0.0244428	0.2089
324.0	63.3333	0.027924	0.2054
328.5	63.3333	0.0238658	0.1895
333.0	63.3333	0.034691	0.226
337.5	63.3333	0.0308846	0.2476
342.0	63.3333	0.0219644	0.2598
346.5	63.3333	0.0149757	0.2446
351.0	63.3333	0.0193035	0.252
355.5	63.3333	0.00951198	0.2312
360.0	63.3333	0.0182661	0.2684
364.5	63.3333	0.0158358	0.2655
369.0	63.3333	0.0191527	0.2669
373.5	63.3333	0.0202784	0.2956
378.0	63.3333	0.0184272	0.3448
382.5	63.3333	0.0158154	0.3284
387.0	63.3333	0.0175473	0.5037
391.5	63.3333	0.00845921	0.4611
396.0	63.3333	0.00777577	0.4226
400.5	63.3333	0.00469028	0.4677
405.0	63.3333	0.00586854	0.5682
409.5	63.3333	0.0123932	0.5256
414.0	63.3333	0.00844087	0.4927
418.5	63.3333	0.00224862	0.4429
423.0	63.3333	0.00240503	0.3754
427.5	63.3333	0.00422984	0.4266
432.0	63.3333	0.00847642	0.4397
436.5	63.3333	0.0119256	0.4039
441.0	63.3333	0.00608603	0.3701
445.5	63.3333	0.00553254	0.4634
-450.0	65.9	0.00556383	0.5887
-445.5	65.9	0.000962952	0.3055
-441.0	65.9	0.00137135	0.5649
-436.5	65.9	0.00431747	0.5579
-432.0	65.9	0.0014471	0.5632
-427.5	65.9	0.000125131	0.4039
-423.0	65.9	0.000540971	0.2555
-418.5	65.9	0.000204161	0.3284
-414.0	65.9	0.00072466	0.5988
-409.5	65.9	0.00169971	0.5533
-405.0	65.9	0.00180384	0.8231
-400.5	65.9	0.00207668	0.6533
-396.0	65.9	0.00148354	0.5595
-391.5	65.9	0.00123778	0.3314
-387.0	65.9	0.00144398	0.3808
-382.5	65.9	0.00370008	0.6238
-378.0	65.9	0.00148198	0.2934
-373.5	65.9	0.000860017	0.1925
-369.0	65.9	0.00160028	0.3871
-364.5	65.9	0.00121861	0.1716
-360.0	65.9	0.00116788	0.1585
-355.5	65.9	0.00147953	0.1936
-351.0	65.9	0.00235219	0.2728
-346.5	65.9	0.00232765	0.3797
-342.0	65.9	0.00377526	0.331
-337.5	65.9	0.00209358	0.1237
-333.0	65.9	0.00807394	0.3777
-328.5	65.9	0.0043433	0.4495
-324.0	65.9	0.0041595	0.4672
-319.5	65.9	0.00326743	0.2632
-315.0	65.9	0.00408417	0.3195
-310.5	65.9	0.00997751	0.3895
-306.0	65.9	0.00561393	0.3292
-301.5	65.9	0.00609175	0.3091
-297.0	65.9	0.00343184	0.1079
-292.5	65.9	0.0108622	0.3355
-288.0	65.9	0.0115586	0.3059
-283.5	65.9	0.00731842	0.3728
-279.0	65.9	0.00778572	0.342
-274.5	65.9	0.00534359	0.238
-270.0	65.9	0.00758635	0.3323
-265.5	65.9	0.00723474	0.2436
-261.0	65.9	0.0192863	0.2981
-256.5	65.9	0.0155962	0.3092
-252.0	65.9	0.0147618	0.4139
-247.5	65.9	0.0231149	0.3411
-243.0	65.9	0.0167242	0.2642
-238.5	65.9	0.00900894	0.2447
-234.0	65.9	0.0125369	0.2546
-229.5	65.9	0.0125241	0.2552
-225.0	65.9	0.0199525	0.2328
-220.5	65.9	0.0124112	0.2775
-216.0	65.9	0.0278789	0.1968
-211.5	65.9	0.0180072	0.2179
-207.0	65.9	0.0266269	0.1923
-202.5	65.9	0.0294036	0.1994
-198.0	65.9	0.024106	0.2504
-193.5	65.9	0.0337071	0.1882
-189.0	65.9	0.0330948	0.2463
-184.5	65.9	0.0370856	0.2129
-180.0	65.9	0.0464288	0.1817
-175.5	65.9	0.0496943	0.1724
-171.0	65.9	0.0453947	0.1705
-166.5	65.9	0.0378638	0.179
-162.0	65.9	0.05106	0.1582
-157.5	65.9	0.0537917	0.1625
-153.0	65.9	0.0746664	0.1514
-148.5	65.9	0.0716018	0.1455
-144.0	65.9	0.0538875	0.1332
-139.5	65.9	0.0786966	0.1456
-135.0	65.9	0.0539369	0.1342
-130.5	65.9	0.0735198	0.119
-126.0	65.9	0.0972471	0.1168
-121.5	65.9	0.0963447	0.1178
-117.0	65.9	0.11532	0.1146
-112.5	65.9	0.117263	0.1078
-108.0	65.9	0.13649	0.1103
-103.5	65.9	0.130838	0.1527
-99.0	65.9	0.131563	0.1016
-94.5	65.9	0.127665	0.1279
-90.0	65.9	0.164871	0.0934
-85.5	65.9	0.156893	0.0924
-81.0	65.9	0.172187	0.0901
-76.5	65.9	0.159702	0.0892
-72.0	65.9	0.158732	0.0892
-67.5	65.9	0.204374	0.0955
-63.0	65.9	0.208385	0.0844
-58.5	65.9	0.195095	0.0854
-54.0	65.9	0.219043	0.0806
-49.5	65.9	0.242423	0.0777
-45.0	65.9	0.259077	0.0825
-40.5	65.9	0.231385	0.0802
-36.0	65.9	0.300412	0.1142
-31.5	65.9	0.25631	0.091
-27.0	65.9	0.267828	0.0733
-22.5	65.9	0.273037	0.0764
-18.0	65.9	0.287209	0.0811
-13.5	65.9	0.292551	0.0711
-9.0	65.9	0.321365	0.0708
-4.5	65.9	0.330143	0.0736
0.0	65.9	0.325243	0.0853
4.5	65.9	0.323491	0.0682
9.0	65.9	0.301183	0.07
13.5	65.9	0.325425	0.0737
18.0	65.9	0.308511	0.0691
22.5	65.9	0.349201	0.0708
27.0	65.9	0.281948	0.0733
31.5	65.9	0.336522	0.073
36.0	65.9	0.360639	0.0746
40.5	65.9	0.300116	0.0712
45.0	65.9	0.316125	0.068
49.5	65.9	0.285859	0.0704
54.0	65.9	0.260404	0.0753
58.5	65.9	0.285634	0.077
63.0	65.9	0.299822	0.0751
67.5	65.9	0.304398	0.074
72.0	65.9	0.236044	0.0781
76.5	65.9	0.252357	0.0727
81.0	65.9	0.261658	0.0759
85.5	65.9	0.239256	0.0831
90.0	65.9	0.253698	0.0737
94.5	65.9	0.237671	0.0767
99.0	65.9	0.199987	0.0878
103.5	65.9	0.193791	0.0866
108.0	65.9	0.190481	0.0839
112.5	65.9	0.197312	0.0865
117.0	65.9	0.198257	0.088
121.5	65.9	0.196462	0.0862
126.0	65.9	0.180669	0.0942
130.5	65.9	0.200834	0.0893
135.0	65.9	0.184292	0.0943
139.5	65.9	0.156635	0.1156
144.0	65.9	0.160367	0.1007
148.5	65.9	0.126944	0.1094
153.0	65.9	0.140735	0.1042
157.5	65.9	0.119673	0.1081
162.0	65.9	0.0932708	0.11
166.5	65.9	0.125487	0.1042
171.0	65.9	0.105323	0.1156
175.5	65.9	0.110776	0.1068
180.0	65.9	0.098396	0.1157
184.5	65.9	0.100157	0.1308
189.0	65.9	0.0872785	0.1207
193.5	65.9	0.0697127	0.1323
198.0	65.9	0.0786498	0.1392
202.5	65.9	0.112913	0.1389
207.0	65.9	0.0764939	0.1349
211.5	65.9	0.0780549	0.1382
216.0	65.9	0.0780032	0.1274
220.5	65.9	0.0622774	0.1438
225.0	65.9	0.0643404	0.1533
229.5	65.9	0.0632574	0.141
234.0	65.9	0.0642508	0.1474
238.5	65.9	0.0589793	0.1576
243.0	65.9	0.0937856	0.1401
247.5	65.9	0.0849666	0.1548
252.0	65.9	0.0745671	0.1627
256.5	65.9	0.056477	0.1381
261.0	65.9	0.0611952	0.1507
265.5	65.9	0.0433106	0.1649
270.0	65.9	0.0333945	0.1655
274.5	65.9	0.0489951	0.164
279.0	65.9	0.0565212	0.1661
283.5	65.9	0.040324	0.1807
288.0	65.9	0.0431347	0.169
292.5	65.9	0.0479107	0.1841
297.0	65.9	0.0379777	0.2184
301.5	65.9	0.0467285	0.1644
306.0	65.9	0.0408678	0.1779
310.5	65.9	0.0359944	0.1783
315.0	65.9	0.0401707	0.1816
319.5	65.9	0.0271029	0.192
324.0	65.9	0.0203059	0.1892
328.5	65.9	0.0240158	0.2078
333.0	65.9	0.0231083	0.2233
337.5	65.9	0.023579	0.2281
342.0	65.9	0.0146262	0.2171
346.5	65.9	0.0196894	0.2776
351.0	65.9	0.0258489	0.2497
355.5	65.9	0.0191434	0.2711
360.0	65.9	0.0140123	0.2532
364.5	65.9	0.0105304	0.3359
369.0	65.9	0.00881277	0.3061
373.5	65.9	0.00835857	0.3953
378.0	65.9	0.00967246	0.3457
382.5	65.9	0.00958794	0.318
387.0	65.9	0.00655626	0.3104
391.5	65.9	0.00856373	0.3292
396.0	65.9	0.00782018	0.3853
400.5	65.9	0.00931002	0.606
405.0	65.9	0.00317329	0.3373
409.5	65.9	0.00960845	0.4469
414.0	65.9	0.00272516	0.4812
418.5	65.9	0.00454941	0.4535
423.0	65.9	0.00497345	0.4609
427.5	65.9	0.00161709	0.4371
432.0	65.9	0.00301528	0.4026
436.5	65.9	0.00157408	0.2388
441.0	65.9	0.00814033	0.3689
445.5	65.9	0.0079381	0.3741
-450.0	68.4667	0.000730359	0.2212
-445.5	68.4667	0.00167959	0.6174
-441.0	68.4667	0.00262228	0.6145
-436.5	68.4667	0.00253263	0.6223
-432.0	68.4667	0.000874766	0.3797
-427.5	68.4667	0.00207493	0.7219
-423.0	68.4667	0.00194924	0.7641
-418.5	68.4667	0.00199662	0.7452
-414.0	68.4667	0.00341663	0.6392
-409.5	68.4667	0.0083271	0.6482
-405.0	68.4667	0.00268138	0.6564
-400.5	68.4667	0.00189764	0.6423
-396.0	68.4667	0.000843687	0.2582
-391.5	68.4667	0.00179877	0.6421
-387.0	68.4667	0.00226118	0.7671
-382.5	68.4667	0.00105567	0.2216
-378.0	68.4667	0.00352169	0.7878
-373.5	68.4667	0.00129085	0.1776
-369.0	68.4667	0.00421708	0.7183
-364.5	68.4667	0.00115783	0.1828
-360.0	68.4667	0.00236199	0.3697
-355.5	68.4667	0.00408886	0.3952
-351.0	68.4667	0.00400286	0.4426
-346.5	68.4667	0.00204828	0.1471
-342.0	68.4667	0.00227735	0.1547
-337.5	68.4667	0.00241552	0.1487
-333.0	68.4667	0.00977123	0.5047
-328.5	68.4667	0.0117516	0.4678
-324.0	68.4667	0.00650155	0.6637
-319.5	68.4667	0.00870908	0.5226
-315.0	68.4667	0.0103168	0.4212
-310.5	68.4667	0.00295063	0.1046
-306.0	68.4667	0.00593928	0.3706
-301.5	68.4667	0.00359281	0.2895
-297.0	68.4667	0.00369531	0.258
-292.5	68.4667	0.00669328	0.3619
-288.0	68.4667	0.00809145	0.3353
-283.5	68.4667	0.00590958	0.2854
-279.0	68.4667	0.00467173	0.2197
-274.5	68.4667	0.00521511	0.2709
-270.0	68.4667	0.00672678	0.2726
-265.5	68.4667	0.0113302	0.3358
-261.0	68.4667	0.0128898	0.2768
-256.5	68.4667	0.0100347	0.2895
-252.0	68.4667	0.00788407	0.2632
-247.5	68.4667	0.00940479	0.2013
-243.0	68.4667	0.0119274	0.2706
-238.5	68.4667	0.0176741	0.2764
-234.0	68.4667	0.0115883	0.2948
-229.5	68.4667	0.0115783	0.2284
-225.0	68.4667	0.0160051	0.2278
-220.5	68.4667	0.00822785	0.1732
-216.0	68.4667	0.0213684	0.1978
-211.5	68.4667	0.0164365	0.2643
-207.0	68.4667	0.0272593	0.2979
-202.5	68.4667	0.0398048	0.192
-198.0	68.4667	0.0277281	0.1852
-193.5	68.4667	0.019257	0.1925
-189.0	68.4667	0.0413427	0.1921
-184.5	68.4667	0.0216682	0.1907
-180.0	68.4667	0.0346209	0.1658
-175.5	68.4667	0.0290358	0.1807
-171.0	68.4667	0.0468824	0.1599
-166.5	68.4667	0.0409531	0.1772
-162.0	68.4667	0.0642755	0.2018
-157.5	68.4667	0.0478996	0.1559
-153.0	68.4667	0.0598608	0.1473
-148.5	68.4667	0.0727743	0.1463
-144.0	68.4667	0.0764198	0.1382
-139.5	68.4667	0.0785245	0.1379
-135.0	68.4667	0.0786782	0.1422
-130.5	68.4667	0.0825266	0.1298
-126.0	68.4667	0.0930101	0.1804
-121.5	68.4667	0.0907553	0.1422
-117.0	68.4667	0.107408	0.1285
-112.5	68.4667	0.0856474	0.1229
-108.0	68.4667	0.146969	0.1172
-103.5	68.4667	0.109853	0.1044
-99.0	68.4667	0.109633	0.1118
-94.5	68.4667	0.137164	0.1038
-90.0	68.4667	0.140327	0.121
-85.5	68.4667	0.138011	0.092
-81.0	68.4667	0.167504	0.0907
-76.5	68.4667	0.177294	0.0961
-72.0	68.4667	0.184156	0.0842
-67.5	68.4667	0.193536	0.0861
-63.0	68.4667	0.192969	0.0807
-58.5	68.4667	0.244678	0.08
-54.0	68.4667	0.195864	0.0809
-49.5	68.4667	0.212332	0.0855
-45.0	68.4667	0.269407	0.0772
-40.5	68.4667	0.278257	0.0795
-36.0	68.4667	0.240472	0.0851
-31.5	68.4667	0.250078	0.0835
-27.0	68.4667	0.287681	0.0877
-22.5	68.4667	0.266054	0.077
-18.0	68.4667	0.293586	0.0761
-13.5	68.4667	0.326348	0.0819
-9.0	68.4667	0.269325	0.0757
-4.5	68.4667	0.33539	0.0711
0.0	68.4667	0.301014	0.0731
4.5	68.4667	0.317141	0.069
9.0	68.4667	0.31462	0.0691
13.5	68.4667	0.329436	0.078
18.0	68.4667	0.317917	0.0757
22.5	68.4667	0.315371	0.0845
27.0	68.4667	0.301934	0.0732
31.5	68.4667	0.275699	0.0706
36.0	68.4667	0.318991	0.0705
40.5	68.4667	0.297421	0.0692
45.0	68.4667	0.302052	0.0691
49.5	68.4667	0.33789	0.0727
54.0	68.4667	0.305116	0.069
58.5	68.4667	0.307304	0.0753
63.0	68.4667	0.255105	0.0723
67.5	68.4667	0.262603	0.073
72.0	68.4667	0.24467	0.0767
76.5	68.4667	0.30076	0.0769
81.0	68.4667	0.227617	0.0751
85.5	68.4667	0.233352	0.0777
90.0	68.4667	0.243768	0.0788
94.5	68.4667	0.201334	0.082
99.0	68.4667	0.207664	0.0798
103.5	68.4667	0.187692	0.0848
108.0	68.4667	0.19511	0.0903
112.5	68.4667	0.179953	0.0885
117.0	68.4667	0.194241	0.0917
121.5	68.4667	0.151457	0.1003
126.0	68.4667	0.176754	0.0941
130.5	68.4667	0.183324	0.0932
135.0	68.4667	0.187367	0.106
139.5	68.4667	0.123379	0.0996
144.0	68.4667	0.128891	0.1006
148.5	68.4667	0.139176	0.1039
153.0	68.4667	0.123825	0.0992
157.5	68.4667	0.102765	0.1049
162.0	68.4667	0.109059	0.1131
166.5	68.4667	0.0986292	0.1191
171.0	68.4667	0.100448	0.12
175.5	68.4667	0.100797	0.1198
180.0	68.4667	0.0984991	0.1191
184.5	68.4667	0.0940845	0.1237
189.0	68.4667	0.094622	0.1217
193.5	68.4667	0.0929666	0.1192
198.0	68.4667	0.0671428	0.1416
202.5	68.4667	0.0990168	0.1447
207.0	68.4667	0.0858793	0.1264
211.5	68.4667	0.0642451	0.1364
216.0	68.4667	0.0584001	0.1405
220.5	68.4667	0.0613852	0.1462
225.0	68.4667	0.0601257	0.1402
229.5	68.4667	0.0580781	0.1566
234.0	68.4667	0.0533997	0.1661
238.5	68.4667	0.05683	0.1692
243.0	68.4667	0.04225	0.1881
247.5	68.4667	0.0553676	0.1445
252.0	68.4667	0.0387919	0.1829
256.5	68.4667	0.0426248	0.1573
261.0	68.4667	0.0385734	0.1828
265.5	68.4667	0.0413539	0.1772
270.0	68.4667	0.0354159	0.1877
274.5	68.4667	0.0257447	0.2145
279.0	68.4667	0.0399908	0.175
283.5	68.4667	0.0459839	0.16
288.0	68.4667	0.0335451	0.211
292.5	68.4667	0.0344236	0.1934
297.0	68.4667	0.0301899	0.1971
301.5	68.4667	0.0303177	0.1726
306.0	68.4667	0.0348665	0.1748
310.5	68.4667	0.0352557	0.1832
315.0	68.4667	0.0325927	0.2079
319.5	68.4667	0.0298345	0.2012
324.0	68.4667	0.0347627	0.1909
328.5	68.4667	0.0185831	0.2982
333.0	68.4667	0.0264668	0.2324
337.5	68.4667	0.0201071	0.3243
342.0	68.4667	0.0236803	0.3181
346.5	68.4667	0.0144146	0.2282
351.0	68.4667	0.0126809	0.2617
355.5	68.4667	0.0148074	0.2699
360.0	68.4667	0.0121941	0.2812
364.5	68.4667	0.010143	0.4069
369.0	68.4667	0.0143707	0.2849
373.5	68.4667	0.0162275	0.2864
378.0	68.4667	0.0195445	0.2793
382.5	68.4667	0.00467706	0.2981
387.0	68.4667	0.0111373	0.3495
391.5	68.4667	0.024783	0.3195
396.0	68.4667	0.0138706	0.3991
400.5	68.4667	0.00871551	0.4707
405.0	68.4667	0.00409048	0.4532
409.5	68.4667	0.00227223	0.4208
414.0	68.4667	0.00403813	0.5567
418.5	68.4667	0.00546533	0.3322
423.0	68.4667	0.0113622	0.5053
427.5	68.4667	0.00440813	0.3981
432.0	68.4667	0.00162557	0.2906
436.5	68.4667	0.00542991	0.4884
441.0	68.4667	0.00882237	0.3859
445.5	68.4667	0.0154992	0.3693
-450.0	71.0333	0.000811431	0.2177
-445.5	71.0333	0.00060207	0.2249
-441.0	71.0333	0.00343561	0.599
-436.5	71.0333	0.000760277	0.3729
-432.0	71.0333	0.00213297	0.6645
-427.5	71.0333	0.000527327	0.3752
-423.0	71.0333	0.000535338	0.3928
-418.5	71.0333	0.00102005	0.6643
-414.0	71.0333	0.000663109	0.2852
-409.5	71.0333	0.00035664	0.3427
-405.0	71.0333	0.00416919	0.8653
-400.5	71.0333	0.00270967	0.7749
-396.0	71.0333	0.00223358	0.7946
-391.5	71.0333	0.00144278	0.7674
-387.0	71.0333	0.000584198	0.257
-382.5	71.0333	0.00150381	0.5021
-378.0	71.0333	0.00343424	0.5317
-373.5	71.0333	0.000929191	0.2453
-369.0	71.0333	0.000733906	0.2047
-364.5	71.0333	0.00208337	0.2686
-360.0	71.0333	0.0020917	0.2791
-355.5	71.0333	0.00203616	0.2876
-351.0	71.0333	0.0019552	0.177
-346.5	71.0333	0.0017938	0.1441
-342.0	71.0333	0.002556	0.1252
-337.5	71.0333	0.00359922	0.3509
-333.0	71.0333	0.00208176	0.1287
-328.5	71.0333	0.00285763	0.1768
-324.0	71.0333	0.00292668	0.2867
-319.5	71.0333	0.0025962	0.1223
-315.0	71.0333	0.00330677	0.2265
-310.5	71.0333	0.00297817	0.1106
-306.0	71.0333	0.00261805	0.1504
-301.5	71.0333	0.00581942	0.3465
-297.0	71.0333	0.0108039	0.3074
-292.5	71.0333	0.0050227	0.2774
-288.0	71.0333	0.00627279	0.3985
-283.5	71.0333	0.0043446	0.2701
-279.0	71.0333	0.0058731	0.2577
-274.5	71.0333	0.00984553	0.3805
-270.0	71.0333	0.00724514	0.2871
-265.5	71.0333	0.00445544	0.1321
-261.0	71.0333	0.00903123	0.254
-256.5	71.0333	0.00512914	0.1893
-252.0	71.0333	0.007432	0.2341
-247.5	71.0333	0.012735	0.2864
-243.0	71.0333	0.0110015	0.239
-238.5	71.0333	0.0128376	0.271
-234.0	71.0333	0.0134111	0.2503
-229.5	71.0333	0.0129355	0.2755
-225.0	71.0333	0.0191473	0.2361
-220.5	71.0333	0.0223769	0.2541
-216.0	71.0333	0.0218447	0.2709
-211.5	71.0333	0.0273905	0.2028
-207.0	71.0333	0.0296974	0.2349
-202.5	71.0333	0.0354498	0.2016
-198.0	71.0333	0.0316585	0.243
-193.5	71.0333	0.0273166	0.1727
-189.0	71.0333	0.0335705	0.2026
-184.5	71.0333	0.0296784	0.1999
-180.0	71.0333	0.0445114	0.1794
-175.5	71.0333	0.04742	0.1752
-171.0	71.0333	0.0507389	0.1437
-166.5	71.0333	0.0482849	0.1612
-162.0	71.0333	0.0456452	0.1575
-157.5	71.0333	0.0495833	0.1573
-153.0	71.0333	0.0412856	0.1759
-148.5	71.0333	0.0696741	0.1355
-144.0	71.0333	0.0612974	0.1411
-139.5	71.0333	0.08393	0.1581
-135.0	71.0333	0.0851382	0.1375
-130.5	71.0333	0.098526	0.1346
-126.0	71.0333	0.0771713	0.1224
-121.5	71.0333	0.082738	0.1272
-117.0	71.0333	0.101299	0.1157
-112.5	71.0333	0.112157	0.117
-108.0	71.0333	0.12003	0.1108
-103.5	71.0333	0.134972	0.1132
-99.0	71.0333	0.112173	0.1003
-94.5	71.0333	0.153371	0.1051
-90.0	71.0333	0.138349	0.1091
-85.5	71.0333	0.143751	0.1015
-81.0	71.0333	0.154452	0.0911
-76.5	71.0333	0.197419	0.0874
-72.0	71.0333	0.172188	0.0924
-67.5	71.0333	0.167029	0.0893
-63.0	71.0333	0.217163	0.0824
-58.5	71.0333	0.209343	0.0825
-54.0	71.0333	0.220789	0.0813
-49.5	71.0333	0.200584	0.0785
-45.0	71.0333	0.216964	0.0764
-40.5	71.0333	0.253485	0.0857
-36.0	71.0333	0.23116	0.0784
-31.5	71.0333	0.265866	0.0784
-27.0	71.0333	0.255636	0.0979
-22.5	71.0333	0.257378	0.0748
-18.0	71.0333	0.290278	0.0756
-13.5	71.0333	0.272285	0.0766
-9.0	71.0333	0.242772	0.0718
-4.5	71.0333	0.306854	0.0746
0.0	71.0333	0.294131	0.0767
4.5	71.0333	0.295394	0.0711
9.0	71.0333	0.343063	0.0719
13.5	71.0333	0.342758	0.0692
18.0	71.0333	0.291334	0.0794
22.5	71.0333	0.323798	0.0668
27.0	71.0333	0.328283	0.0724
31.5	71.0333	0.300095	0.0703
36.0	71.0333	0.312931	0.0718
40.5	71.0333	0.296031	0.0702
45.0	71.0333	0.269025	0.0704
49.5	71.0333	0.258386	0.074
54.0	71.0333	0.287425	0.0769
58.5	71.0333	0.284034	0.0819
63.0	71.0333	0.249834	0.0759
67.5	71.0333	0.278308	0.0744
72.0	71.0333	0.242737	0.0761
76.5	71.0333	0.236484	0.079
81.0	71.0333	0.228338	0.0795
85.5	71.0333	0.232115	0.0736
90.0	71.0333	0.214723	0.0795
94.5	71.0333	0.238997	0.0813
99.0	71.0333	0.238484	0.0837
103.5	71.0333	0.189185	0.0846
108.0	71.0333	0.188326	0.0868
112.5	71.0333	0.172004	0.0935
117.0	71.0333	0.166808	0.0975
121.5	71.0333	0.165026	0.096
126.0	71.0333	0.179348	0.0855
130.5	71.0333	0.180376	0.0918
135.0	71.0333	0.148969	0.1016
139.5	71.0333	0.135614	0.1044
144.0	71.0333	0.161687	0.1017
148.5	71.0333	0.140959	0.0968
153.0	71.0333	0.148231	0.1033
157.5	71.0333	0.106725	0.1081
162.0	71.0333	0.103747	0.1129
166.5	71.0333	0.0991723	0.1195
171.0	71.0333	0.108378	0.1536
175.5	71.0333	0.0772528	0.1317
180.0	71.0333	0.099255	0.1211
184.5	71.0333	0.0855141	0.1137
189.0	71.0333	0.101939	0.1187
193.5	71.0333	0.0903643	0.1184
198.0	71.0333	0.0908123	0.1435
202.5	71.0333	0.0790922	0.1419
207.0	71.0333	0.084219	0.1235
211.5	71.0333	0.0671832	0.1295
216.0	71.0333	0.0914392	0.1343
220.5	71.0333	0.0730837	0.1437
225.0	71.0333	0.0684843	0.1594
229.5	71.0333	0.0758343	0.1531
234.0	71.0333	0.0391875	0.1608
238.5	71.0333	0.0466754	0.1616
243.0	71.0333	0.0508486	0.1503
247.5	71.0333	0.0482229	0.1616
252.0	71.0333	0.0478407	0.1646
256.5	71.0333	0.0329661	0.1778
261.0	71.0333	0.0304648	0.1827
265.5	71.0333	0.0394166	0.1655
270.0	71.0333	0.0365711	0.1709
274.5	71.0333	0.0254742	0.1861
279.0	71.0333	0.0403094	0.2234
283.5	71.0333	0.0385306	0.1698
288.0	71.0333	0.0362653	0.1955
292.5	71.0333	0.0365399	0.2127
297.0	71.0333	0.029351	0.254
301.5	71.0333	0.033065	0.1717
306.0	71.0333	0.0303868	0.1883
310.5	71.0333	0.0256678	0.2092
315.0	71.0333	0.0288017	0.1913
319.5	71.0333	0.0263186	0.2257
324.0	71.0333	0.0260843	0.2273
328.5	71.0333	0.0269074	0.1963
333.0	71.0333	0.0350137	0.2026
337.5	71.0333	0.0125314	0.2363
342.0	71.0333	0.0214744	0.2576
346.5	71.0333	0.0220091	0.305
351.0	71.0333	0.0188999	0.2573
355.5	71.0333	0.0204564	0.2346
360.0	71.0333	0.0148542	0.317
364.5	71.0333	0.0107305	0.3208
369.0	71.0333	0.00562452	0.2912
373.5	71.0333	0.0104056	0.4178
378.0	71.0333	0.0149625	0.2844
382.5	71.0333	0.00930407	0.343
387.0	71.0333	0.00329065	0.4305
391.5	71.0333	0.0047053	0.3203
396.0	71.0333	0.0118506	0.3707
400.5	71.0333	0.00528675	0.3911
405.0	71.0333	0.0103688	0.3714
409.5	71.0333	0.00573053	0.4366
414.0	71.0333	0.00329364	0.4449
418.5	71.0333	0.00974639	0.3921
423.0	71.0333	0.00378702	0.4804
427.5	71.0333	0.00291309	0.3884
432.0	71.0333	0.00898542	0.4208
436.5	71.0333	0.00784809	0.3836
441.0	71.0333	0.0129329	0.3629
445.5	71.0333	0.0133993	0.3583
-450.0	73.6	0.000806176	0.3525
-445.5	73.6	0.00173944	0.5756
-441.0	73.6	0.000596739	0.2884
-436.5	73.6	0.00149385	0.5433
-432.0	73.6	0.000302223	0.287
-427.5	73.6	0.00092841	0.7452
-423.0	73.6	0.00094703	0.4332
-418.5	73.6	0.000548787	0.3438
-414.0	73.6	0.000553365	0.4412
-409.5	73.6	0.000220139	0.4059
-405.0	73.6	0.0004765	0.2761
-400.5	73.6	0.00139136	0.6726
-396.0	73.6	0.00107869	0.4681
-391.5	73.6	0.000578313	0.253
-387.0	73.6	0.00122359	0.5873
-382.5	73.6	0.00127404	0.3446
-378.0	73.6	0.00268334	0.4535
-373.5	73.6	0.0009691	0.1899
-369.0	73.6	0.00287228	0.4366
-364.5	73.6	0.00199484	0.3281
-360.0	73.6	0.00259798	0.3329
-355.5	73.6	0.00247358	0.4481
-351.0	73.6	0.0016906	0.2537
-346.5	73.6	0.00223399	0.1609
-342.0	73.6	0.00400828	0.4742
-337.5	73.6	0.00324777	0.2025
-333.0	73.6	0.00544499	0.3454
-328.5	73.6	0.00309586	0.1841
-324.0	73.6	0.00208415	0.1314
-319.5	73.6	0.00222437	0.1289
-315.0	73.6	0.00306099	0.1213
-310.5	73.6	0.00422966	0.2923
-306.0	73.6	0.00285657	0.113
-301.5	73.6	0.00396136	0.2128
-297.0	73.6	0.00556892	0.2843
-292.5	73.6	0.00433305	0.1529
-288.0	73.6	0.00545141	0.2713
-283.5	73.6	0.00957786	0.3156
-279.0	73.6	0.00749232	0.2906
-274.5	73.6	0.0077136	0.2958
-270.0	73.6	0.00649503	0.3455
-265.5	73.6	0.013428	0.3354
-261.0	73.6	0.0113107	0.2953
-256.5	73.6	0.0124221	0.3235
-252.0	73.6	0.0110373	0.3332
-247.5	73.6	0.0125654	0.2718
-243.0	73.6	0.0120609	0.2541
-238.5	73.6	0.0148384	0.2488
-234.0	73.6	0.00587612	0.1126
-229.5	73.6	0.00886294	0.2144
-225.0	73.6	0.019494	0.2652
-220.5	73.6	0.0099067	0.1867
-216.0	73.6	0.0152265	0.2331
-211.5	73.6	0.0187722	0.2312
-207.0	73.6	0.0239795	0.2314
-202.5	73.6	0.0217735	0.2107
-198.0	73.6	0.0301145	0.1864
-193.5	73.6	0.0210094	0.168
-189.0	73.6	0.0288742	0.2116
-184.5	73.6	0.0282469	0.1739
-180.0	73.6	0.0236562	0.1882
-175.5	73.6	0.032418	0.1816
-171.0	73.6	0.0457798	0.1901
-166.5	73.6	0.0511949	0.1624
-162.0	73.6	0.0535714	0.1695
-157.5	73.6	0.0471738	0.1853
-153.0	73.6	0.0591583	0.1717
-148.5	73.6	0.0731786	0.1503
-144.0	73.6	0.0635993	0.1398
-139.5	73.6	0.0716982	0.1277
-135.0	73.6	0.0708192	0.1287
-130.5	73.6	0.0633957	0.1355
-126.0	73.6	0.0829502	0.1435
-121.5	73.6	0.0944859	0.1173
-117.0	73.6	0.117031	0.119
-112.5	73.6	0.120804	0.1144
-108.0	73.6	0.0945319	0.1192
-103.5	73.6	0.110759	0.1117
-99.0	73.6	0.146143	0.1146
-94.5	73.6	0.134212	0.1127
-90.0	73.6	0.133178	0.113
-85.5	73.6	0.180424	0.1058
-81.0	73.6	0.163235	0.1016
-76.5	73.6	0.184756	0.0897
-72.0	73.6	0.178662	0.0894
-67.5	73.6	0.207236	0.085
-63.0	73.6	0.199957	0.0833
-58.5	73.6	0.212723	0.077
-54.0	73.6	0.211331	0.0876
-49.5	73.6	0.231817	0.0836
-45.0	73.6	0.228907	0.0793
-40.5	73.6	0.247759	0.0777
-36.0	73.6	0.245864	0.079
-31.5	73.6	0.254392	0.079
-27.0	73.6	0.254704	0.0784
-22.5	73.6	0.260778	0.0769
-18.0	73.6	0.294731	0.0732
-13.5	73.6	0.278176	0.0774
-9.0	73.6	0.248241	0.0749
-4.5	73.6	0.300187	0.0722
0.0	73.6	0.272525	0.0702
4.5	73.6	0.247053	0.0795
9.0	73.6	0.317628	0.0872
13.5	73.6	0.295376	0.0712
18.0	73.6	0.306779	0.0722
22.5	73.6	0.319716	0.0777
27.0	73.6	0.294966	0.0774
31.5	73.6	0.321933	0.0784
36.0	73.6	0.309621	0.0685
40.5	73.6	0.278865	0.0698
45.0	73.6	0.27731	0.075
49.5	73.6	0.251297	0.0758
54.0	73.6	0.249327	0.0725
58.5	73.6	0.304352	0.0729
63.0	73.6	0.27081	0.0792
67.5	73.6	0.246858	0.078
72.0	73.6	0.289221	0.0819
76.5	73.6	0.236689	0.0786
81.0	73.6	0.213665	0.0852
85.5	73.6	0.208489	0.0814
90.0	73.6	0.219077	0.0826
94.5	73.6	0.205563	0.0849
99.0	73.6	0.259946	0.0909
103.5	73.6	0.196394	0.0881
108.0	73.6	0.209464	0.0872
112.5	73.6	0.176301	0.0874
117.0	73.6	0.155478	0.0902
121.5	73.6	0.171535	0.0958
126.0	73.6	0.157861	0.089
130.5	73.6	0.145565	0.0991
135.0	73.6	0.145108	0.0927
139.5	73.6	0.121251	0.1166
144.0	73.6	0.127469	0.1059
148.5	73.6	0.123519	0.1126
153.0	73.6	0.137944	0.1027
157.5	73.6	0.0878679	0.1113
162.0	73.6	0.103081	0.1516
166.5	73.6	0.0913165	0.1074
171.0	73.6	0.0946485	0.1163
175.5	73.6	0.0811432	0.1117
180.0	73.6	0.0981913	0.1157
184.5	73.6	0.0876572	0.1224
189.0	73.6	0.0759517	0.1347
193.5	73.6	0.082085	0.146
198.0	73.6	0.0957365	0.1331
202.5	73.6	0.09235	0.1274
207.0	73.6	0.0848369	0.1273
211.5	73.6	0.0688581	0.138
216.0	73.6	0.100676	0.1383
220.5	73.6	0.0668782	0.1466
225.0	73.6	0.056282	0.1452
229.5	73.6	0.0524108	0.1523
234.0	73.6	0.0435081	0.1676
238.5	73.6	0.0561162	0.1556
243.0	73.6	0.056637	0.1581
247.5	73.6	0.0351302	0.1754
252.0	73.6	0.0428388	0.1465
256.5	73.6	0.0607825	0.1736
261.0	73.6	0.031356	0.1806
265.5	73.6	0.0465598	0.1836
270.0	73.6	0.0464786	0.1729
274.5	73.6	0.044201	0.2004
279.0	73.6	0.0336592	0.1844
283.5	73.6	0.0427739	0.184
288.0	73.6	0.0401218	0.195
292.5	73.6	0.032016	0.2179
297.0	73.6	0.040612	0.1773
301.5	73.6	0.0375897	0.1881
306.0	73.6	0.0429026	0.1922
310.5	73.6	0.0284727	0.2016
315.0	73.6	0.0406704	0.1786
319.5	73.6	0.0203975	0.1954
324.0	73.6	0.0218443	0.25
328.5	73.6	0.0220766	0.2168
333.0	73.6	0.0359349	0.1961
337.5	73.6	0.0264229	0.2809
342.0	73.6	0.0330081	0.2194
346.5	73.6	0.0259268	0.2258
351.0	73.6	0.0141088	0.294
355.5	73.6	0.013351	0.261
360.0	73.6	0.0186362	0.2818
364.5	73.6	0.0101865	0.2837
369.0	73.6	0.0165307	0.2921
373.5	73.6	0.00693877	0.3402
378.0	73.6	0.00851895	0.3976
382.5	73.6	0.0145162	0.2988
387.0	73.6	0.0137618	0.3625
391.5	73.6	0.0112154	0.368
396.0	73.6	0.00551174	0.4663
400.5	73.6	0.00224375	0.2688
405.0	73.6	0.00373917	0.5965
409.5	73.6	0.00513654	0.6186
414.0	73.6	0.00451272	0.5578
418.5	73.6	0.00132843	0.3315
423.0	73.6	0.00802438	0.3754
427.5	73.6	0.0056235	0.3623
432.0	73.6	0.00437189	0.4147
436.5	73.6	0.00772801	0.3717
441.0	73.6	0.00509431	0.3409
445.5	73.6	0.00438248	0.5579
-450.0	76.1667	0.000486807	0.2578
-445.5	76.1667	0.000984876	0.1771
-441.0	76.1667	0.000546422	0.235
-436.5	76.1667	0.000593205	0.2578
-432.0	76.1667	0.000345032	0.3016
-427.5	76.1667	0.000599817	0.3682
-423.0	76.1667	0.00325256	0.886
-418.5	76.1667	0.000561006	0.2678
-414.0	76.1667	0.000332538	0.3624
-409.5	76.1667	0.00043302	0.3116
-405.0	76.1667	0.000348673	0.3163
-400.5	76.1667	0.0004894	0.2687
-396.0	76.1667	0.000513636	0.2822
-391.5	76.1667	0.000475026	0.2479
-387.0	76.1667	0.00312523	0.6865
-382.5	76.1667	0.00123313	0.3689
-378.0	76.1667	0.00111915	0.2073
-373.5	76.1667	0.000934148	0.1988
-369.0	76.1667	0.00174194	0.2664
-364.5	76.1667	0.00214305	0.431
-360.0	76.1667	0.0029838	0.4047
-355.5	76.1667	0.00149008	0.1792
-351.0	76.1667	0.00201685	0.2269
-346.5	76.1667	0.0019645	0.1688
-342.0	76.1667	0.00235934	0.2142
-337.5	76.1667	0.0028655	0.2597
-333.0	76.1667	0.00727626	0.3404
-328.5	76.1667	0.00660464	0.4112
-324.0	76.1667	0.0075524	0.395
-319.5	76.1667	0.00515423	0.4113
-315.0	76.1667	0.00296261	0.1602
-310.5	76.1667	0.00296235	0.119
-306.0	76.1667	0.00412774	0.3313
-301.5	76.1667	0.00688868	0.3702
-297.0	76.1667	0.0105095	0.328
-292.5	76.1667	0.0125717	0.4342
-288.0	76.1667	0.00394105	0.2251
-283.5	76.1667	0.00584507	0.345
-279.0	76.1667	0.00603013	0.2648
-274.5	76.1667	0.0080479	0.3345
-270.0	76.1667	0.00872522	0.2748
-265.5	76.1667	0.00707221	0.199
-261.0	76.1667	0.00954262	0.3455
-256.5	76.1667	0.00643207	0.376
-252.0	76.1667	0.00657177	0.2833
-247.5	76.1667	0.0136967	0.2895
-243.0	76.1667	0.0162737	0.2601
-238.5	76.1667	0.0191049	0.2513
-234.0	76.1667	0.0141286	0.2479
-229.5	76.1667	0.0131676	0.3015
-225.0	76.1667	0.0122365	0.2495
-220.5	76.1667	0.0167837	0.2561
-216.0	76.1667	0.0158435	0.1938
-211.5	76.1667	0.0184525	0.1965
-207.0	76.1667	0.0233184	0.2724
-202.5	76.1667	0.0343015	0.2041
-198.0	76.1667	0.0353376	0.2061
-193.5	76.1667	0.0246797	0.2263
-189.0	76.1667	0.0263662	0.22
-184.5	76.1667	0.03193	0.2002
-180.0	76.1667	0.0246539	0.1624
-175.5	76.1667	0.0390679	0.1929
-171.0	76.1667	0.0330894	0.1983
-166.5	76.1667	0.0480306	0.1985
-162.0	76.1667	0.0445638	0.166
-157.5	76.1667	0.0527409	0.1566
-153.0	76.1667	0.049159	0.1628
-148.5	76.1667	0.0591711	0.1431
-144.0	76.1667	0.0714476	0.1733
-139.5	76.1667	0.0577948	0.1335
-135.0	76.1667	0.0860876	0.1214
-130.5	76.1667	0.0797669	0.129
-126.0	76.1667	0.0690783	0.1449
-121.5	76.1667	0.0841698	0.1243
-117.0	76.1667	0.112326	0.1365
-112.5	76.1667	0.101714	0.116
-108.0	76.1667	0.0973608	0.11
-103.5	76.1667	0.120395	0.1176
-99.0	76.1667	0.136827	0.1029
-94.5	76.1667	0.149348	0.1066
-90.0	76.1667	0.114768	0.094
-85.5	76.1667	0.181904	0.0961
-81.0	76.1667	0.156383	0.0927
-76.5	76.1667	0.196637	0.0982
-72.0	76.1667	0.166425	0.0876
-67.5	76.1667	0.218885	0.0885
-63.0	76.1667	0.183957	0.0883
-58.5	76.1667	0.219975	0.0834
-54.0	76.1667	0.247269	0.0906
-49.5	76.1667	0.226477	0.0788
-45.0	76.1667	0.266683	0.1114
-40.5	76.1667	0.220485	0.0826
-36.0	76.1667	0.239445	0.0783
-31.5	76.1667	0.238283	0.0777
-27.0	76.1667	0.256334	0.0767
-22.5	76.1667	0.246349	0.0825
-18.0	76.1667	0.293113	0.0767
-13.5	76.1667	0.283155	0.0747
-9.0	76.1667	0.270852	0.0767
-4.5	76.1667	0.255905	0.0764
0.0	76.1667	0.278525	0.0766
4.5	76.1667	0.311157	0.0706
9.0	76.1667	0.274388	0.0745
13.5	76.1667	0.305345	0.0682
18.0	76.1667	0.325745	0.076
22.5	76.1667	0.27072	0.0725
27.0	76.1667	0.269493	0.0708
31.5	76.1667	0.315737	0.078
36.0	76.1667	0.322436	0.0722
40.5	76.1667	0.264945	0.0742
45.0	76.1667	0.248557	0.0758
49.5	76.1667	0.277961	0.0738
54.0	76.1667	0.252617	0.0775
58.5	76.1667	0.264646	0.0752
63.0	76.1667	0.239757	0.0759
67.5	76.1667	0.265804	0.0812
72.0	76.1667	0.248593	0.0789
76.5	76.1667	0.227364	0.0843
81.0	76.1667	0.221258	0.0814
85.5	76.1667	0.217178	0.0868
90.0	76.1667	0.235178	0.0842
94.5	76.1667	0.203247	0.0871
99.0	76.1667	0.182576	0.0866
103.5	76.1667	0.189602	0.0863
108.0	76.1667	0.174389	0.0895
112.5	76.1667	0.199626	0.0889
117.0	76.1667	0.161687	0.0907
121.5	76.1667	0.183161	0.0876
126.0	76.1667	0.171708	0.1056
130.5	76.1667	0.1316	0.0991
135.0	76.1667	0.160449	0.0965
139.5	76.1667	0.159266	0.1042
144.0	76.1667	0.138832	0.1199
148.5	76.1667	0.153566	0.0944
153.0	76.1667	0.143232	0.0993
157.5	76.1667	0.0877299	0.1172
162.0	76.1667	0.101192	0.1103
166.5	76.1667	0.107396	0.1204
171.0	76.1667	0.0884654	0.1188
175.5	76.1667	0.106474	0.1192
180.0	76.1667	0.0923861	0.1125
184.5	76.1667	0.0732309	0.131
189.0	76.1667	0.0818882	0.1264
193.5	76.1667	0.0844071	0.1296
198.0	76.1667	0.0771561	0.1359
202.5	76.1667	0.0771371	0.1296
207.0	76.1667	0.0682001	0.1409
211.5	76.1667	0.0874133	0.131
216.0	76.1667	0.0730519	0.1478
220.5	76.1667	0.0646186	0.14
225.0	76.1667	0.0534292	0.1452
229.5	76.1667	0.0554277	0.1499
234.0	76.1667	0.0454467	0.1517
238.5	76.1667	0.0417073	0.1737
243.0	76.1667	0.0455301	0.1747
247.5	76.1667	0.0440067	0.1784
252.0	76.1667	0.0455188	0.1554
256.5	76.1667	0.0593503	0.1481
261.0	76.1667	0.0461031	0.165
265.5	76.1667	0.0531458	0.1607
270.0	76.1667	0.0401024	0.1738
274.5	76.1667	0.0391606	0.1924
279.0	76.1667	0.030449	0.1925
283.5	76.1667	0.0260122	0.1924
288.0	76.1667	0.0308584	0.2037
292.5	76.1667	0.0394615	0.195
297.0	76.1667	0.0318076	0.2304
301.5	76.1667	0.0274335	0.1871
306.0	76.1667	0.0236768	0.191
310.5	76.1667	0.017295	0.2423
315.0	76.1667	0.0258985	0.2558
319.5	76.1667	0.0234183	0.2216
324.0	76.1667	0.0484878	0.2023
328.5	76.1667	0.0282633	0.2079
333.0	76.1667	0.029066	0.2149
337.5	76.1667	0.0194582	0.2437
342.0	76.1667	0.0220598	0.2767
346.5	76.1667	0.0204791	0.2314
351.0	76.1667	0.0108767	0.3573
355.5	76.1667	0.0155218	0.2657
360.0	76.1667	0.011056	0.3638
364.5	76.1667	0.00774793	0.3007
369.0	76.1667	0.00558715	0.3304
373.5	76.1667	0.00607779	0.3405
378.0	76.1667	0.00264759	0.3631
382.5	76.1667	0.00756823	0.338
387.0	76.1667	0.00976462	0.3836
391.5	76.1667	0.00932644	0.4472
396.0	76.1667	0.00544996	0.4413
400.5	76.1667	0.00384767	0.5299
405.0	76.1667	0.00301163	0.5983
409.5	76.1667	0.0035555	0.591
414.0	76.1667	0.00492813	0.4652
418.5	76.1667	0.0134296	0.4148
423.0	76.1667	0.0072314	0.6014
427.5	76.1667	0.00622409	0.5867
432.0	76.1667	0.00708015	0.4576
436.5	76.1667	0.00652369	0.3646
441.0	76.1667	0.0110257	0.3926
445.5	76.1667	0.00371839	0.4654
-450.0	78.7333	0.000614936	0.2317
-445.5	78.7333	0.000379982	0.2898
-441.0	78.7333	0.000650286	0.2491
-436.5	78.7333	0.000392372	0.3142
-432.0	78.7333	0.000623134	0.2336
-427.5	78.7333	0.00149656	0.5985
-423.0	78.7333	0.00141974	0.4797
-418.5	78.7333	0.000343377	0.4095
-414.0	78.7333	0.000383377	0.3157
-409.5	78.7333	0.00152428	0.823
-405.0	78.7333	0.0004363	0.275
-400.5	78.7333	0.000530982	0.3045
-396.0	78.7333	0.000663617	0.2374
-391.5	78.7333	0.000666398	0.2612
-387.0	78.7333	0.0009808	0.2801
-382.5	78.7333	0.000790181	0.2187
-378.0	78.7333	0.00137088	0.1608
-373.5	78.7333	0.00273045	0.4783
-369.0	78.7333	0.00134459	0.1698
-364.5	78.7333	0.00115787	0.1781
-360.0	78.7333	0.00148976	0.1388
-355.5	78.7333	0.00305335	0.6321
-351.0	78.7333	0.00282974	0.3464
-346.5	78.7333	0.00307527	0.3216
-342.0	78.7333	0.00353116	0.4823
-337.5	78.7333	0.00395183	0.3214
-333.0	78.7333	0.00521816	0.4467
-328.5	78.7333	0.00460418	0.3732
-324.0	78.7333	0.0052696	0.4152
-319.5	78.7333	0.00370521	0.2867
-315.0	78.7333	0.00738108	0.557
-310.5	78.7333	0.0053479	0.3169
-306.0	78.7333	0.00711104	0.4643
-301.5	78.7333	0.00974748	0.4705
-297.0	78.7333	0.00764314	0.2589
-292.5	78.7333	0.00944627	0.4387
-288.0	78.7333	0.00622765	0.4299
-283.5	78.7333	0.00538209	0.2527
-279.0	78.7333	0.00715607	0.3064
-274.5	78.7333	0.00625901	0.2725
-270.0	78.7333	0.00921744	0.3655
-265.5	78.7333	0.0105117	0.3611
-261.0	78.7333	0.0097103	0.3046
-256.5	78.7333	0.0172802	0.284
-252.0	78.7333	0.00702495	0.227
-247.5	78.7333	0.0126918	0.3474
-243.0	78.7333	0.0182959	0.2775
-238.5	78.7333	0.00894298	0.1807
-234.0	78.7333	0.0128111	0.2488
-229.5	78.7333	0.0114093	0.2002
-225.0	78.7333	0.015472	0.2902
-220.5	78.7333	0.0164314	0.2175
-216.0	78.7333	0.0214204	0.2405
-211.5	78.7333	0.0227225	0.2137
-207.0	78.7333	0.0289483	0.2488
-202.5	78.7333	0.0186327	0.2395
-198.0	78.7333	0.0246241	0.2034
-193.5	78.7333	0.0225115	0.2106
-189.0	78.7333	0.0189261	0.1866
-184.5	78.7333	0.032418	0.1878
-180.0	78.7333	0.0308124	0.2102
-175.5	78.7333	0.0253715	0.221
-171.0	78.7333	0.0337345	0.1832
-166.5	78.7333	0.0534527	0.1585
-162.0	78.7333	0.0413691	0.1435
-157.5	78.7333	0.056457	0.1661
-153.0	78.7333	0.0580856	0.1459
-148.5	78.7333	0.069987	0.155
-144.0	78.7333	0.0698149	0.1372
-139.5	78.7333	0.0713162	0.1542
-135.0	78.7333	0.0933608	0.1417
-130.5	78.7333	0.103269	0.1321
-126.0	78.7333	0.0753643	0.1506
-121.5	78.7333	0.0902065	0.1198
-117.0	78.7333	0.116522	0.1409
-112.5	78.7333	0.110288	0.1428
-108.0	78.7333	0.0909934	0.1262
-103.5	78.7333	0.114353	0.11
-99.0	78.7333	0.122193	0.1034
-94.5	78.7333	0.115826	0.1197
-90.0	78.7333	0.152584	0.1
-85.5	78.7333	0.14938	0.0977
-81.0	78.7333	0.143504	0.1068
-76.5	78.7333	0.165736	0.1021
-72.0	78.7333	0.167397	0.0906
-67.5	78.7333	0.183921	0.0848
-63.0	78.7333	0.178998	0.0867
-58.5	78.7333	0.187697	0.0934
-54.0	78.7333	0.197168	0.0827
-49.5	78.7333	0.198907	0.0902
-45.0	78.7333	0.246699	0.0799
-40.5	78.7333	0.190868	0.0779
-36.0	78.7333	0.212267	0.0889
-31.5	78.7333	0.260841	0.0773
-27.0	78.7333	0.233925	0.0777
-22.5	78.7333	0.259362	0.0785
-18.0	78.7333	0.254432	0.0812
-13.5	78.7333	0.293765	0.0808
-9.0	78.7333	0.247956	0.0792
-4.5	78.7333	0.264472	0.0821
0.0	78.7333	0.278034	0.0737
4.5	78.7333	0.307426	0.0704
9.0	78.7333	0.243154	0.0778
13.5	78.7333	0.236313	0.0796
18.0	78.7333	0.292106	0.0721
22.5	78.7333	0.272878	0.076
27.0	78.7333	0.286377	0.0717
31.5	78.7333	0.280723	0.0789
36.0	78.7333	0.261282	0.0725
40.5	78.7333	0.266281	0.0752
45.0	78.7333	0.274207	0.076
49.5	78.7333	0.276881	0.0889
54.0	78.7333	0.273119	0.0757
58.5	78.7333	0.27909	0.0866
63.0	78.7333	0.249521	0.0765
67.5	78.7333	0.260925	0.0799
72.0	78.7333	0.224953	0.0792
76.5	78.7333	0.226689	0.0803
81.0	78.7333	0.208571	0.0787
85.5	78.7333	0.206389	0.088
90.0	78.7333	0.187184	0.082
94.5	78.7333	0.18113	0.0876
99.0	78.7333	0.19535	0.0848
103.5	78.7333	0.15888	0.0872
108.0	78.7333	0.194826	0.0893
112.5	78.7333	0.202514	0.0861
117.0	78.7333	0.171697	0.0915
121.5	78.7333	0.151798	0.0906
126.0	78.7333	0.173575	0.092
130.5	78.7333	0.130602	0.121
135.0	78.7333	0.145358	0.1025
139.5	78.7333	0.148206	0.1012
144.0	78.7333	0.136217	0.1034
148.5	78.7333	0.12039	0.102
153.0	78.7333	0.125563	0.1068
157.5	78.7333	0.0975086	0.1089
162.0	78.7333	0.0980793	0.114
166.5	78.7333	0.0968959	0.1258
171.0	78.7333	0.0957422	0.1189
175.5	78.7333	0.0942103	0.1212
180.0	78.7333	0.0890096	0.136
184.5	78.7333	0.0643317	0.1508
189.0	78.7333	0.0779125	0.1254
193.5	78.7333	0.0833537	0.1225
198.0	78.7333	0.0713859	0.1283
202.5	78.7333	0.0704211	0.1353
207.0	78.7333	0.074785	0.1385
211.5	78.7333	0.0723314	0.1323
216.0	78.7333	0.0693086	0.1351
220.5	78.7333	0.0580899	0.1529
225.0	78.7333	0.0715355	0.146
229.5	78.7333	0.0647952	0.1376
234.0	78.7333	0.0616979	0.1425
238.5	78.7333	0.0539724	0.155
243.0	78.7333	0.0565767	0.1649
247.5	78.7333	0.0430763	0.1736
252.0	78.7333	0.0546234	0.1645
256.5	78.7333	0.0405699	0.1545
261.0	78.7333	0.0368952	0.1748
265.5	78.7333	0.028989	0.1873
270.0	78.7333	0.0426213	0.2024
274.5	78.7333	0.038387	0.1932
279.0	78.7333	0.0473955	0.1843
283.5	78.7333	0.0377528	0.163
288.0	78.7333	0.0344755	0.1725
292.5	78.7333	0.0384665	0.2187
297.0	78.7333	0.0318759	0.2098
301.5	78.7333	0.0298954	0.1854
306.0	78.7333	0.03334	0.1935
310.5	78.7333	0.0314908	0.2112
315.0	78.7333	0.0208988	0.2235
319.5	78.7333	0.0306754	0.2432
324.0	78.7333	0.0215966	0.223
328.5	78.7333	0.0313747	0.1789
333.0	78.7333	0.0237272	0.223
337.5	78.7333	0.0238598	0.2454
342.0	78.7333	0.0201666	0.263
346.5	78.7333	0.0203106	0.2559
351.0	78.7333	0.0157475	0.2744
355.5	78.7333	0.0130563	0.269
360.0	78.7333	0.0193459	0.2779
364.5	78.7333	0.0103071	0.325
369.0	78.7333	0.0111021	0.2872
373.5	78.7333	0.0117883	0.3005
378.0	78.7333	0.00580854	0.3599
382.5	78.7333	0.0108994	0.3585
387.0	78.7333	0.00585089	0.4048
391.5	78.7333	0.00658331	0.4431
396.0	78.7333	0.0053455	0.4798
400.5	78.7333	0.00658493	0.4232
405.0	78.7333	0.00715017	0.4241
409.5	78.7333	0.00806058	0.4402
414.0	78.7333	0.00683293	0.4817
418.5	78.7333	0.00274455	0.4264
423.0	78.7333	0.00513033	0.4209
427.5	78.7333	0.0033209	0.4323
432.0	78.7333	0.00334645	0.4459
436.5	78.7333	0.00236649	0.3335
441.0	78.7333	0.00614438	0.3663
445.5	78.7333	0.00929847	0.4474
-450.0	81.3	0.000814991	0.2367
-445.5	81.3	0.00131873	0.5625
-441.0	81.3	0.0029957	0.7816
-436.5	81.3	0.00316902	0.7481
-432.0	81.3	0.00271328	0.8618
-427.5	81.3	0.00318843	0.7557
-423.0	81.3	0.00414117	0.6529
-418.5	81.3	0.00117225	0.7269
-414.0	81.3	0.000222746	0.3622
-409.5	81.3	0.000795544	0.4155
-405.0	81.3	0.000722175	0.3346
-400.5	81.3	0.00220344	0.5254
-396.0	81.3	0.00311339	0.83
-391.5	81.3	0.00349568	0.7406
-387.0	81.3	0.00457165	0.6156
-382.5	81.3	0.00108051	0.3564
-378.0	81.3	0.00115506	0.1765
-373.5	81.3	0.00160209	0.3251
-369.0	81.3	0.00228813	0.4516
-364.5	81.3	0.00433227	0.4616
-360.0	81.3	0.00419021	0.4152
-355.5	81.3	0.00112499	0.1605
-351.0	81.3	0.00194666	0.1367
-346.5	81.3	0.00322517	0.3846
-342.0	81.3	0.0020147	0.1338
-337.5	81.3	0.00343228	0.2572
-333.0	81.3	0.00373503	0.3524
-328.5	81.3	0.00344317	0.2038
-324.0	81.3	0.00844371	0.5085
-319.5	81.3	0.00769679	0.4318
-315.0	81.3	0.0030464	0.2306
-310.5	81.3	0.00584265	0.3608
-306.0	81.3	0.00786958	0.4831
-301.5	81.3	0.00404448	0.2983
-297.0	81.3	0.00878227	0.4392
-292.5	81.3	0.00448588	0.193
-288.0	81.3	0.00576203	0.2348
-283.5	81.3	0.00544032	0.2956
-279.0	81.3	0.0055672	0.2777
-274.5	81.3	0.0067287	0.269
-270.0	81.3	0.00844144	0.2745
-265.5	81.3	0.0179115	0.2758
-261.0	81.3	0.00683016	0.2363
-256.5	81.3	0.0102163	0.4021
-252.0	81.3	0.00986034	0.2933
-247.5	81.3	0.0119747	0.2162
-243.0	81.3	0.0127204	0.2513
-238.5	81.3	0.0136077	0.332
-234.0	81.3	0.0143623	0.2121
-229.5	81.3	0.0170321	0.339
-225.0	81.3	0.0124312	0.2597
-220.5	81.3	0.0272499	0.2576
-216.0	81.3	0.0211547	0.2211
-211.5	81.3	0.0226246	0.2252
-207.0	81.3	0.021926	0.2702
-202.5	81.3	0.0307099	0.2182
-198.0	81.3	0.0269767	0.2224
-193.5	81.3	0.0410671	0.2049
-189.0	81.3	0.0291008	0.1671
-184.5	81.3	0.0320379	0.1977
-180.0	81.3	0.053684	0.1899
-175.5	81.3	0.0405635	0.1995
-171.0	81.3	0.0381546	0.1909
-166.5	81.3	0.0500112	0.184
-162.0	81.3	0.0532427	0.1594
-157.5	81.3	0.0477548	0.1762
-153.0	81.3	0.0451657	0.1512
-148.5	81.3	0.0574623	0.1567
-144.0	81.3	0.0786965	0.154
-139.5	81.3	0.0703734	0.1406
-135.0	81.3	0.0712573	0.1441
-130.5	81.3	0.0723913	0.1274
-126.0	81.3	0.0756155	0.1312
-121.5	81.3	0.077174	0.1244
-117.0	81.3	0.121059	0.1195
-112.5	81.3	0.102874	0.1218
-108.0	81.3	0.119069	0.1136
-103.5	81.3	0.109254	0.1205
-99.0	81.3	0.110564	0.1096
-94.5	81.3	0.128538	0.1202
-90.0	81.3	0.146924	0.0991
-85.5	81.3	0.14226	0.0938
-81.0	81.3	0.163411	0.0906
-76.5	81.3	0.168635	0.0962
-72.0	81.3	0.159074	0.1107
-67.5	81.3	0.194454	0.1087
-63.0	81.3	0.18396	0.0916
-58.5	81.3	0.216411	0.093
-54.0	81.3	0.207185	0.0862
-49.5	81.3	0.198024	0.0825
-45.0	81.3	0.25307	0.0801
-40.5	81.3	0.205495	0.0931
-36.0	81.3	0.216039	0.0925
-31.5	81.3	0.290252	0.0889
-27.0	81.3	0.24061	0.087
-22.5	81.3	0.22404	0.0796
-18.0	81.3	0.242109	0.0776
-13.5	81.3	0.281106	0.0742
-9.0	81.3	0.241546	0.0798
-4.5	81.3	0.285803	0.0813
0.0	81.3	0.275137	0.0794
4.5	81.3	0.277727	0.0739
9.0	81.3	0.246265	0.0748
13.5	81.3	0.274766	0.0793
18.0	81.3	0.270138	0.0732
22.5	81.3	0.247437	0.0831
27.0	81.3	0.28182	0.078
31.5	81.3	0.272423	0.0789
36.0	81.3	0.26268	0.0797
40.5	81.3	0.237763	0.0753
45.0	81.3	0.255085	0.0775
49.5	81.3	0.243977	0.0747
54.0	81.3	0.253927	0.0735
58.5	81.3	0.224972	0.0779
63.0	81.3	0.231131	0.0787
67.5	81.3	0.228161	0.0808
72.0	81.3	0.230648	0.0799
76.5	81.3	0.203352	0.0862
81.0	81.3	0.232883	0.0813
85.5	81.3	0.217491	0.1063
90.0	81.3	0.212524	0.0798
94.5	81.3	0.224988	0.0791
99.0	81.3	0.169898	0.0848
103.5	81.3	0.18294	0.0984
108.0	81.3	0.174155	0.0881
112.5	81.3	0.179768	0.0948
117.0	81.3	0.141535	0.0969
121.5	81.3	0.14496	0.1171
126.0	81.3	0.151618	0.0931
130.5	81.3	0.138716	0.0947
135.0	81.3	0.142004	0.094
139.5	81.3	0.165384	0.1052
144.0	81.3	0.145783	0.1137
148.5	81.3	0.12109	0.1086
153.0	81.3	0.115692	0.1016
157.5	81.3	0.107148	0.1225
162.0	81.3	0.109795	0.1193
166.5	81.3	0.113902	0.1125
171.0	81.3	0.124395	0.1167
175.5	81.3	0.0762017	0.1225
180.0	81.3	0.0858673	0.132
184.5	81.3	0.0843476	0.1396
189.0	81.3	0.0731941	0.1309
193.5	81.3	0.0759093	0.1452
198.0	81.3	0.0757152	0.1338
202.5	81.3	0.075732	0.1448
207.0	81.3	0.0786019	0.1318
211.5	81.3	0.0622739	0.1379
216.0	81.3	0.059279	0.1411
220.5	81.3	0.0592321	0.159
225.0	81.3	0.0734913	0.15
229.5	81.3	0.0763941	0.1325
234.0	81.3	0.0612963	0.1477
238.5	81.3	0.0506079	0.1786
243.0	81.3	0.0517891	0.1526
247.5	81.3	0.0357308	0.1711
252.0	81.3	0.044387	0.1549
256.5	81.3	0.0575385	0.1613
261.0	81.3	0.0349486	0.1964
265.5	81.3	0.0572444	0.1682
270.0	81.3	0.0381996	0.1678
274.5	81.3	0.0477799	0.1855
279.0	81.3	0.0484458	0.181
283.5	81.3	0.0309765	0.1886
288.0	81.3	0.0381376	0.2174
292.5	81.3	0.0320942	0.2097
297.0	81.3	0.0261721	0.2223
301.5	81.3	0.04387	0.1772
306.0	81.3	0.0282994	0.2394
310.5	81.3	0.0341026	0.1728
315.0	81.3	0.0388025	0.1912
319.5	81.3	0.0272014	0.2181
324.0	81.3	0.0196076	0.2099
328.5	81.3	0.02037	0.2326
333.0	81.3	0.0251905	0.2394
337.5	81.3	0.0303394	0.2349
342.0	81.3	0.0244368	0.2211
346.5	81.3	0.0169942	0.2526
351.0	81.3	0.0131448	0.2762
355.5	81.3	0.0182945	0.2566
360.0	81.3	0.00836005	0.3206
364.5	81.3	0.0100052	0.3861
369.0	81.3	0.0104431	0.3082
373.5	81.3	0.00867921	0.2867
378.0	81.3	0.00742013	0.3884
382.5	81.3	0.0051041	0.3611
387.0	81.3	0.00854449	0.3686
391.5	81.3	0.00979139	0.4072
396.0	81.3	0.00635524	0.4603
400.5	81.3	0.00930343	0.5188
405.0	81.3	0.010631	0.3973
409.5	81.3	0.00318852	0.4882
414.0	81.3	0.00347157	0.7259
418.5	81.3	0.00123586	0.1879
423.0	81.3	0.00356809	0.4286
427.5	81.3	0.00844802	0.3744
432.0	81.3	0.00930766	0.3547
436.5	81.3	0.00797519	0.4599
441.0	81.3	0.0109152	0.378
445.5	81.3	0.00323705	0.4006
-450.0	83.8667	0.000920466	0.2723
-445.5	83.8667	0.000830654	0.2491
-441.0	83.8667	0.000606485	0.3074
-436.5	83.8667	0.000347641	0.3461
-432.0	83.8667	0.00128369	0.6124
-427.5	83.8667	0.00104722	0.74
-423.0	83.8667	0.000547258	0.3024
-418.5	83.8667	0.00322489	0.7035
-414.0	83.8667	0.00275676	0.6349
-409.5	83.8667	0.00182339	0.8262
-405.0	83.8667	0.00270654	0.6298
-400.5	83.8667	0.000607445	0.2974
-396.0	83.8667	0.000627014	0.233
-391.5	83.8667	0.000641623	0.2629
-387.0	83.8667	0.000532106	0.2237
-382.5	83.8667	0.000698532	0.2117
-378.0	83.8667	0.000747358	0.1945
-373.5	83.8667	0.00198597	0.4492
-369.0	83.8667	0.00148893	0.1653
-364.5	83.8667	0.00268366	0.3563
-360.0	83.8667	0.0060689	0.45
-355.5	83.8667	0.00185708	0.3622
-351.0	83.8667	0.00221258	0.2632
-346.5	83.8667	0.00521988	0.3746
-342.0	83.8667	0.00174099	0.1523
-337.5	83.8667	0.00233644	0.135
-333.0	83.8667	0.00466572	0.3587
-328.5	83.8667	0.00676908	0.4929
-324.0	83.8667	0.00444887	0.2927
-319.5	83.8667	0.00656727	0.4196
-315.0	83.8667	0.00369871	0.2108
-310.5	83.8667	0.00651422	0.4103
-306.0	83.8667	0.00405595	0.2655
-301.5	83.8667	0.00644246	0.3018
-297.0	83.8667	0.00712987	0.3419
-292.5	83.8667	0.00436604	0.3624
-288.0	83.8667	0.0067232	0.4037
-283.5	83.8667	0.00725699	0.3348
-279.0	83.8667	0.00557124	0.2801
-274.5	83.8667	0.00441889	0.2274
-270.0	83.8667	0.00646837	0.2202
-265.5	83.8667	0.0100422	0.3186
-261.0	83.8667	0.0122183	0.2845
-256.5	83.8667	0.0106673	0.2346
-252.0	83.8667	0.0116374	0.2283
-247.5	83.8667	0.00739009	0.2491
-243.0	83.8667	0.0115133	0.2456
-238.5	83.8667	0.0102029	0.3552
-234.0	83.8667	0.016382	0.2657
-229.5	83.8667	0.0167372	0.239
-225.0	83.8667	0.0211843	0.2955
-220.5	83.8667	0.0201145	0.2396
-216.0	83.8667	0.0151919	0.2085
-211.5	83.8667	0.022169	0.2164
-207.0	83.8667	0.022543	0.2225
-202.5	83.8667	0.0209954	0.1965
-198.0	83.8667	0.0149915	0.1965
-193.5	83.8667	0.0282726	0.1743
-189.0	83.8667	0.0285049	0.1876
-184.5	83.8667	0.0277025	0.185
-180.0	83.8667	0.0413224	0.1855
-175.5	83.8667	0.0293649	0.1771
-171.0	83.8667	0.0341274	0.1904
-166.5	83.8667	0.053359	0.1668
-162.0	83.8667	0.056974	0.203
-157.5	83.8667	0.0482682	0.1689
-153.0	83.8667	0.0505142	0.1655
-148.5	83.8667	0.0578518	0.1759
-144.0	83.8667	0.0776281	0.1364
-139.5	83.8667	0.0668327	0.1484
-135.0	83.8667	0.0672069	0.1325
-130.5	83.8667	0.0654454	0.135
-126.0	83.8667	0.0740475	0.1412
-121.5	83.8667	0.0834811	0.1326
-117.0	83.8667	0.0933002	0.1236
-112.5	83.8667	0.0896069	0.1285
-108.0	83.8667	0.0886259	0.1159
-103.5	83.8667	0.0924101	0.1183
-99.0	83.8667	0.113156	0.1256
-94.5	83.8667	0.135154	0.1159
-90.0	83.8667	0.12073	0.103
-85.5	83.8667	0.126039	0.1017
-81.0	83.8667	0.133435	0.101
-76.5	83.8667	0.145527	0.1008
-72.0	83.8667	0.159325	0.0915
-67.5	83.8667	0.169921	0.086
-63.0	83.8667	0.165802	0.0889
-58.5	83.8667	0.198899	0.0856
-54.0	83.8667	0.216291	0.0931
-49.5	83.8667	0.212897	0.0808
-45.0	83.8667	0.237517	0.0785
-40.5	83.8667	0.201747	0.0862
-36.0	83.8667	0.22242	0.081
-31.5	83.8667	0.267703	0.0769
-27.0	83.8667	0.242263	0.0835
-22.5	83.8667	0.248542	0.0788
-18.0	83.8667	0.256858	0.0871
-13.5	83.8667	0.24867	0.0868
-9.0	83.8667	0.268461	0.0761
-4.5	83.8667	0.24003	0.0777
0.0	83.8667	0.265325	0.0874
4.5	83.8667	0.254586	0.0739
9.0	83.8667	0.295106	0.0738
13.5	83.8667	0.297158	0.082
18.0	83.8667	0.272234	0.0778
22.5	83.8667	0.273777	0.0749
27.0	83.8667	0.268076	0.0753
31.5	83.8667	0.278295	0.0808
36.0	83.8667	0.25729	0.0754
40.5	83.8667	0.247419	0.0771
45.0	83.8667	0.241486	0.0746
49.5	83.8667	0.241111	0.0774
54.0	83.8667	0.236332	0.0779
58.5	83.8667	0.237258	0.0792
63.0	83.8667	0.20078	0.0845
67.5	83.8667	0.210634	0.0813
72.0	83.8667	0.235374	0.0775
76.5	83.8667	0.228273	0.0791
81.0	83.8667	0.159566	0.0935
85.5	83.8667	0.216675	0.0844
90.0	83.8667	0.191572	0.0896
94.5	83.8667	0.221209	0.0979
99.0	83.8667	0.167873	0.0929
103.5	83.8667	0.166589	0.093
108.0	83.8667	0.189777	0.0895
112.5	83.8667	0.191759	0.097
117.0	83.8667	0.144826	0.0978
121.5	83.8667	0.137855	0.0919
126.0	83.8667	0.156577	0.0992
130.5	83.8667	0.157584	0.0982
135.0	83.8667	0.156481	0.0964
139.5	83.8667	0.114962	0.1115
144.0	83.8667	0.13079	0.1113
148.5	83.8667	0.121907	0.1142
153.0	83.8667	0.10368	0.1183
157.5	83.8667	0.114525	0.1166
162.0	83.8667	0.0940145	0.1073
166.5	83.8667	0.0988693	0.1167
171.0	83.8667	0.093989	0.1222
175.5	83.8667	0.0849809	0.1237
180.0	83.8667	0.0793579	0.1333
184.5	83.8667	0.0981239	0.1231
189.0	83.8667	0.0682325	0.1308
193.5	83.8667	0.0643476	0.1276
198.0	83.8667	0.0814483	0.1256
202.5	83.8667	0.0812285	0.129
207.0	83.8667	0.0430748	0.1539
211.5	83.8667	0.0664248	0.1581
216.0	83.8667	0.0660252	0.1573
220.5	83.8667	0.0775546	0.1466
225.0	83.8667	0.0582125	0.1713
229.5	83.8667	0.0629292	0.1595
234.0	83.8667	0.0647258	0.1672
238.5	83.8667	0.0566191	0.1473
243.0	83.8667	0.0402647	0.1653
247.5	83.8667	0.0425646	0.1646
252.0	83.8667	0.0348622	0.1757
256.5	83.8667	0.0569533	0.1522
261.0	83.8667	0.0445072	0.1703
265.5	83.8667	0.0464801	0.1645
270.0	83.8667	0.042425	0.1918
274.5	83.8667	0.0440333	0.1736
279.0	83.8667	0.0405913	0.1924
283.5	83.8667	0.0410566	0.1829
288.0	83.8667	0.0387705	0.1834
292.5	83.8667	0.0347787	0.1891
297.0	83.8667	0.0234381	0.1806
301.5	83.8667	0.023806	0.2037
306.0	83.8667	0.0284105	0.2009
310.5	83.8667	0.0269442	0.1902
315.0	83.8667	0.0289589	0.1966
319.5	83.8667	0.0235759	0.2213
324.0	83.8667	0.030774	0.2179
328.5	83.8667	0.0358681	0.2178
333.0	83.8667	0.0186566	0.2443
337.5	83.8667	0.0202273	0.2531
342.0	83.8667	0.0200663	0.2775
346.5	83.8667	0.0186592	0.2271
351.0	83.8667	0.0174478	0.2739
355.5	83.8667	0.0181376	0.3404
360.0	83.8667	0.0148598	0.2916
364.5	83.8667	0.0130623	0.3008
369.0	83.8667	0.0171932	0.3006
373.5	83.8667	0.0134982	0.3039
378.0	83.8667	0.00655582	0.441
382.5	83.8667	0.00429274	0.294
387.0	83.8667	0.00804275	0.3415
391.5	83.8667	0.00886133	0.4269
396.0	83.8667	0.00692423	0.46
400.5	83.8667	0.0066542	0.348
405.0	83.8667	0.0012595	0.2308
409.5	83.8667	0.00488897	0.5082
414.0	83.8667	0.0117394	0.4251
418.5	83.8667	0.00750623	0.4589
423.0	83.8667	0.00891746	0.4342
427.5	83.8667	0.00893233	0.4097
432.0	83.8667	0.00430929	0.4779
436.5	83.8667	0.00819655	0.3294
441.0	83.8667	0.00908044	0.3808
445.5	83.8667	0.00702418	0.5043
-450.0	86.4333	0.00164802	0.6353
-445.5	86.4333	0.00340496	0.5919
-441.0	86.4333	0.00338765	0.7067
-436.5	86.4333	0.00289237	0.8161
-432.0	86.4333	0.00298969	0.7896
-427.5	86.4333	0.00275365	0.8561
-423.0	86.4333	0.00271528	0.8682
-418.5	86.4333	0.00107431	0.5882
-414.0	86.4333	0.000446104	0.3875
-409.5	86.4333	0.000350664	0.3496
-405.0	86.4333	0.00106048	0.506
-400.5	86.4333	0.00222229	0.6296
-396.0	86.4333	0.00241149	0.5981
-391.5	86.4333	0.000695028	0.2433
-387.0	86.4333	0.000699965	0.2247
-382.5	86.4333	0.000789188	0.1993
-378.0	86.4333	0.00133278	0.1814
-373.5	86.4333	0.00261286	0.4942
-369.0	86.4333	0.00236062	0.4568
-364.5	86.4333	0.00198191	0.3456
-360.0	86.4333	0.0027381	0.3439
-355.5	86.4333	0.00138529	0.1459
-351.0	86.4333	0.00402087	0.3948
-346.5	86.4333	0.00575939	0.6149
-342.0	86.4333	0.00525222	0.4982
-337.5	86.4333	0.00195864	0.1324
-333.0	86.4333	0.00838401	0.451
-328.5	86.4333	0.00455126	0.3936
-324.0	86.4333	0.00364264	0.3216
-319.5	86.4333	0.00599297	0.5113
-315.0	86.4333	0.00965896	0.41
-310.5	86.4333	0.0120033	0.3733
-306.0	86.4333	0.00762765	0.3715
-301.5	86.4333	0.00668628	0.3124
-297.0	86.4333	0.00625975	0.4225
-292.5	86.4333	0.00400788	0.216
-288.0	86.4333	0.00558381	0.4467
-283.5	86.4333	0.00694648	0.2777
-279.0	86.4333	0.0112694	0.3168
-274.5	86.4333	0.0109548	0.3078
-270.0	86.4333	0.0110367	0.2997
-265.5	86.4333	0.0114697	0.2851
-261.0	86.4333	0.0074894	0.2881
-256.5	86.4333	0.00823755	0.3044
-252.0	86.4333	0.00907797	0.2408
-247.5	86.4333	0.0137225	0.2953
-243.0	86.4333	0.00828035	0.2175
-238.5	86.4333	0.00904853	0.3104
-234.0	86.4333	0.0184038	0.3245
-229.5	86.4333	0.027147	0.2601
-225.0	86.4333	0.0164231	0.2636
-220.5	86.4333	0.0118168	0.2403
-216.0	86.4333	0.0222884	0.2955
-211.5	86.4333	0.0276466	0.2596
-207.0	86.4333	0.0121321	0.2703
-202.5	86.4333	0.0296245	0.2062
-198.0	86.4333	0.0221776	0.2162
-193.5	86.4333	0.0218556	0.1955
-189.0	86.4333	0.0219259	0.2166
-184.5	86.4333	0.0332386	0.1839
-180.0	86.4333	0.0301768	0.1922
-175.5	86.4333	0.032907	0.2275
-171.0	86.4333	0.0395863	0.1884
-166.5	86.4333	0.0425928	0.2094
-162.0	86.4333	0.066529	0.213
-157.5	86.4333	0.0486192	0.1628
-153.0	86.4333	0.0583869	0.1546
-148.5	86.4333	0.0484264	0.158
-144.0	86.4333	0.0772088	0.1405
-139.5	86.4333	0.0707067	0.1433
-135.0	86.4333	0.0680583	0.123
-130.5	86.4333	0.0629154	0.1434
-126.0	86.4333	0.054898	0.1387
-121.5	86.4333	0.0825613	0.1302
-117.0	86.4333	0.0872934	0.1161
-112.5	86.4333	0.0996378	0.129
-108.0	86.4333	0.0974835	0.1145
-103.5	86.4333	0.109047	0.1047
-99.0	86.4333	0.105906	0.1165
-94.5	86.4333	0.129938	0.0985
-90.0	86.4333	0.137373	0.1065
-85.5	86.4333	0.105786	0.1017
-81.0	86.4333	0.124035	0.0973
-76.5	86.4333	0.139704	0.102
-72.0	86.4333	0.178188	0.097
-67.5	86.4333	0.171016	0.0948
-63.0	86.4333	0.178915	0.0957
-58.5	86.4333	0.166133	0.0827
-54.0	86.4333	0.182239	0.0879
-49.5	86.4333	0.199498	0.0893
-45.0	86.4333	0.211805	0.088
-40.5	86.4333	0.175495	0.0931
-36.0	86.4333	0.205586	0.092
-31.5	86.4333	0.221515	0.0874
-27.0	86.4333	0.245323	0.0897
-22.5	86.4333	0.237545	0.0788
-18.0	86.4333	0.231658	0.0781
-13.5	86.4333	0.244407	0.094
-9.0	86.4333	0.240437	0.0872
-4.5	86.4333	0.228796	0.0776
0.0	86.4333	0.277885	0.0765
4.5	86.4333	0.274728	0.0766
9.0	86.4333	0.256812	0.0726
13.5	86.4333	0.242129	0.0831
18.0	86.4333	0.227726	0.0842
22.5	86.4333	0.298096	0.0737
27.0	86.4333	0.254189	0.0794
31.5	86.4333	0.278977	0.0927
36.0	86.4333	0.282682	0.0821
40.5	86.4333	0.277156	0.0723
45.0	86.4333	0.217287	0.0795
49.5	86.4333	0.22539	0.0833
54.0	86.4333	0.205475	0.0778
58.5	86.4333	0.238254	0.0825
63.0	86.4333	0.22431	0.0801
67.5	86.4333	0.253262	0.0792
72.0	86.4333	0.241177	0.0775
76.5	86.4333	0.234901	0.0817
81.0	86.4333	0.166077	0.0944
85.5	86.4333	0.234374	0.0967
90.0	86.4333	0.19576	0.0915
94.5	86.4333	0.176083	0.0903
99.0	86.4333	0.16596	0.113
103.5	86.4333	0.155321	0.0912
108.0	86.4333	0.179371	0.0882
112.5	86.4333	0.183398	0.0922
117.0	86.4333	0.152319	0.0958
121.5	86.4333	0.180419	0.1046
126.0	86.4333	0.151565	0.1042
130.5	86.4333	0.130315	0.1046
135.0	86.4333	0.146594	0.1122
139.5	86.4333	0.149618	0.1161
144.0	86.4333	0.129514	0.1081
148.5	86.4333	0.126194	0.1085
153.0	86.4333	0.113376	0.1136
157.5	86.4333	0.118881	0.1111
162.0	86.4333	0.107946	0.1079
166.5	86.4333	0.0913271	0.1444
171.0	86.4333	0.0908353	0.1302
175.5	86.4333	0.0869291	0.1244
180.0	86.4333	0.0955064	0.1193
184.5	86.4333	0.076756	0.128
189.0	86.4333	0.0793191	0.1359
193.5	86.4333	0.0684845	0.1343
198.0	86.4333	0.0774757	0.1367
202.5	86.4333	0.058998	0.1595
207.0	86.4333	0.048078	0.1542
211.5	86.4333	0.0539439	0.1472
216.0	86.4333	0.0556573	0.1439
220.5	86.4333	0.0466437	0.1378
225.0	86.4333	0.0523197	0.1719
229.5	86.4333	0.0646242	0.1535
234.0	86.4333	0.0501973	0.1518
238.5	86.4333	0.041773	0.1594
243.0	86.4333	0.0397909	0.1735
247.5	86.4333	0.0480441	0.1569
252.0	86.4333	0.0375447	0.1782
256.5	86.4333	0.0402155	0.1744
261.0	86.4333	0.0349753	0.1818
265.5	86.4333	0.0459933	0.2036
270.0	86.4333	0.0389483	0.2171
274.5	86.4333	0.0365201	0.1837
279.0	86.4333	0.0418855	0.1845
283.5	86.4333	0.031862	0.1903
288.0	86.4333	0.027103	0.2195
292.5	86.4333	0.0433589	0.2128
297.0	86.4333	0.0314217	0.1975
301.5	86.4333	0.0243057	0.2064
306.0	86.4333	0.0329585	0.1911
310.5	86.4333	0.0255792	0.1781
315.0	86.4333	0.0307297	0.2199
319.5	86.4333	0.0172842	0.2285
324.0	86.4333	0.0248758	0.1926
328.5	86.4333	0.0311128	0.2094
333.0	86.4333	0.0256139	0.2235
337.5	86.4333	0.0139099	0.2971
342.0	86.4333	0.0246688	0.2651
346.5	86.4333	0.00990082	0.2409
351.0	86.4333	0.0200409	0.2644
355.5	86.4333	0.0192452	0.2626
360.0	86.4333	0.0124287	0.3329
364.5	86.4333	0.0246009	0.2445
369.0	86.4333	0.00892674	0.2854
373.5	86.4333	0.0166378	0.3537
378.0	86.4333	0.00553114	0.4042
382.5	86.4333	0.00186241	0.1535
387.0	86.4333	0.0107354	0.3741
391.5	86.4333	0.00266009	0.3615
396.0	86.4333	0.00214322	0.368
400.5	86.4333	0.0085372	0.4333
405.0	86.4333	0.00389388	0.5067
409.5	86.4333	0.00530643	0.3704
414.0	86.4333	0.00690878	0.5196
418.5	86.4333	0.00305929	0.576
423.0	86.4333	0.00475699	0.5053
427.5	86.4333	0.00404153	0.5132
432.0	86.4333	0.00436433	0.5798
436.5	86.4333	0.00692479	0.4225
441.0	86.4333	0.0109912	0.2978
445.5	86.4333	0.00685145	0.4666
-450.0	89.0	0.00173131	0.6069
-445.5	89.0	0.00242176	0.581
-441.0	89.0	0.000648348	0.2406
-436.5	89.0	0.000359419	0.2674
-432.0	89.0	0.000641861	0.2672
-427.5	89.0	0.000642063	0.244
-423.0	89.0	0.000715567	0.2351
-418.5	89.0	0.00189118	0.6616
-414.0	89.0	0.000450196	0.2395
-409.5	89.0	0.000455538	0.2562
-405.0	89.0	0.000512591	0.2345
-400.5	89.0	0.000728678	0.2573
-396.0	89.0	0.00065771	0.2622
-391.5	89.0	0.000955552	0.209
-387.0	89.0	0.000759891	0.1996
-382.5	89.0	0.000911072	0.2125
-378.0	89.0	0.00216612	0.6574
-373.5	89.0	0.00353328	0.4674
-369.0	89.0	0.0021266	0.5492
-364.5	89.0	0.00100486	0.173
-360.0	89.0	0.00214899	0.3087
-355.5	89.0	0.0024243	0.3717
-351.0	89.0	0.00255404	0.2653
-346.5	89.0	0.00309692	0.4627
-342.0	89.0	0.00424201	0.3673
-337.5	89.0	0.00310576	0.3016
-333.0	89.0	0.00553175	0.6196
-328.5	89.0	0.0116428	0.436
-324.0	89.0	0.0100057	0.4062
-319.5	89.0	0.00375962	0.2021
-315.0	89.0	0.00304388	0.1077
-310.5	89.0	0.00397834	0.2661
-306.0	89.0	0.00467342	0.3533
-301.5	89.0	0.00898355	0.4339
-297.0	89.0	0.0087523	0.3628
-292.5	89.0	0.00943041	0.4557
-288.0	89.0	0.00729314	0.3894
-283.5	89.0	0.0139606	0.3043
-279.0	89.0	0.0169475	0.3072
-274.5	89.0	0.0098485	0.3216
-270.0	89.0	0.00779797	0.3215
-265.5	89.0	0.0061847	0.3063
-261.0	89.0	0.0142969	0.2814
-256.5	89.0	0.00943695	0.3749
-252.0	89.0	0.00957272	0.2405
-247.5	89.0	0.004948	0.1227
-243.0	89.0	0.010177	0.3049
-238.5	89.0	0.0131684	0.2716
-234.0	89.0	0.0189904	0.2858
-229.5	89.0	0.0133819	0.289
-225.0	89.0	0.00958224	0.2515
-220.5	89.0	0.017634	0.2395
-216.0	89.0	0.0217235	0.2029
-211.5	89.0	0.0175458	0.2288
-207.0	89.0	0.0192883	0.2036
-202.5	89.0	0.0220228	0.2288
-198.0	89.0	0.0292145	0.2203
-193.5	89.0	0.0415383	0.3434
-189.0	89.0	0.0290705	0.2023
-184.5	89.0	0.0339172	0.2074
-180.0	89.0	0.0303679	0.185
-175.5	89.0	0.0360333	0.1681
-171.0	89.0	0.0358029	0.2049
-166.5	89.0	0.0456195	0.169
-162.0	89.0	0.0591857	0.1749
-157.5	89.0	0.0470403	0.1645
-153.0	89.0	0.0497247	0.1663
-148.5	89.0	0.0508044	0.1592
-144.0	89.0	0.0541124	0.1322
-139.5	89.0	0.0639048	0.1371
-135.0	89.0	0.0694022	0.1341
-130.5	89.0	0.0744377	0.1418
-126.0	89.0	0.0684529	0.1424
-121.5	89.0	0.0742458	0.1238
-117.0	89.0	0.0910825	0.1197
-112.5	89.0	0.100587	0.1279
-108.0	89.0	0.100652	0.1156
-103.5	89.0	0.0961651	0.1192
-99.0	89.0	0.108454	0.1097
-94.5	89.0	0.118548	0.1069
-90.0	89.0	0.122235	0.1131
-85.5	89.0	0.103203	0.1014
-81.0	89.0	0.148607	0.0994
-76.5	89.0	0.155032	0.099
-72.0	89.0	0.175314	0.0916
-67.5	89.0	0.172664	0.1272
-63.0	89.0	0.156283	0.0991
-58.5	89.0	0.162354	0.0977
-54.0	89.0	0.179353	0.0856
-49.5	89.0	0.192834	0.0988
-45.0	89.0	0.240582	0.0845
-40.5	89.0	0.224008	0.0871
-36.0	89.0	0.245226	0.0887
-31.5	89.0	0.189851	0.0842
-27.0	89.0	0.234831	0.0837
-22.5	89.0	0.261216	0.0763
-18.0	89.0	0.194229	0.0786
-13.5	89.0	0.217869	0.0892
-9.0	89.0	0.232705	0.0767
-4.5	89.0	0.251057	0.0866
0.0	89.0	0.280024	0.0771
4.5	89.0	0.20364	0.084
9.0	89.0	0.251276	0.0763
13.5	89.0	0.21653	0.0765
18.0	89.0	0.230901	0.0743
22.5	89.0	0.239802	0.0764
27.0	89.0	0.258885	0.0813
31.5	89.0	0.265247	0.0829
36.0	89.0	0.229513	0.1024
40.5	89.0	0.230258	0.08
45.0	89.0	0.247482	0.0992
49.5	89.0	0.221704	0.0779
54.0	89.0	0.237759	0.0816
58.5	89.0	0.247892	0.0789
63.0	89.0	0.195838	0.0823
67.5	89.0	0.218103	0.0884
72.0	89.0	0.208053	0.0801
76.5	89.0	0.214647	0.0813
81.0	89.0	0.198511	0.0869
85.5	89.0	0.172473	0.0856
90.0	89.0	0.182796	0.0849
94.5	89.0	0.192033	0.0901
99.0	89.0	0.166677	0.0949
103.5	89.0	0.151788	0.1062
108.0	89.0	0.161667	0.0932
112.5	89.0	0.153873	0.0888
117.0	89.0	0.183403	0.1091
121.5	89.0	0.134318	0.0991
126.0	89.0	0.134603	0.1048
130.5	89.0	0.122325	0.1065
135.0	89.0	0.160814	0.0943
139.5	89.0	0.140602	0.1031
144.0	89.0	0.108682	0.1067
148.5	89.0	0.111344	0.1112
153.0	89.0	0.118544	0.1049
157.5	89.0	0.0998119	0.1132
162.0	89.0	0.0922243	0.1281
166.5	89.0	0.0871192	0.1215
171.0	89.0	0.0918604	0.1185
175.5	89.0	0.088395	0.1369
180.0	89.0	0.0822803	0.1258
184.5	89.0	0.0765797	0.1253
189.0	89.0	0.0867245	0.1282
193.5	89.0	0.0731972	0.1337
198.0	89.0	0.0771931	0.1404
202.5	89.0	0.0754317	0.1433
207.0	89.0	0.0566757	0.1454
211.5	89.0	0.05061	0.1532
216.0	89.0	0.0639094	0.1411
220.5	89.0	0.0472357	0.1516
225.0	89.0	0.0533045	0.1482
229.5	89.0	0.0623946	0.1529
234.0	89.0	0.0555597	0.1543
238.5	89.0	0.0644659	0.1701
243.0	89.0	0.0377993	0.1705
247.5	89.0	0.0555299	0.1547
252.0	89.0	0.0437512	0.2005
256.5	89.0	0.0341241	0.1858
261.0	89.0	0.0439621	0.1818
265.5	89.0	0.039041	0.1655
270.0	89.0	0.0402687	0.17
274.5	89.0	0.035982	0.1746
279.0	89.0	0.0294228	0.1786
283.5	89.0	0.0315235	0.1928
288.0	89.0	0.0336889	0.1823
292.5	89.0	0.0337069	0.1895
297.0	89.0	0.0353526	0.204
301.5	89.0	0.0236226	0.2289
306.0	89.0	0.0250468	0.2148
310.5	89.0	0.0260277	0.1926
315.0	89.0	0.0182966	0.2267
319.5	89.0	0.0247735	0.2096
324.0	89.0	0.0230814	0.2202
328.5	89.0	0.0246534	0.2281
333.0	89.0	0.0223271	0.2713
337.5	89.0	0.0243396	0.2378
342.0	89.0	0.0241625	0.2394
346.5	89.0	0.015939	0.2762
351.0	89.0	0.0167075	0.279
355.5	89.0	0.0163505	0.2706
360.0	89.0	0.0103708	0.2691
364.5	89.0	0.0187595	0.2676
369.0	89.0	0.0154756	0.372
373.5	89.0	0.0120759	0.3978
378.0	89.0	0.00709522	0.4044
382.5	89.0	0.00179766	0.2512
387.0	89.0	0.00447936	0.4008
391.5	89.0	0.00337384	0.5664
396.0	89.0	0.00474241	0.4969
400.5	89.0	0.00376512	0.5862
405.0	89.0	0.00710134	0.4368
409.5	89.0	0.00912734	0.4654
414.0	89.0	0.0057444	0.549
418.5	89.0	0.00707875	0.4386
423.0	89.0	0.00925012	0.3817
427.5	89.0	0.00862067	0.4526
432.0	89.0	0.00511555	0.4406
436.5	89.0	0.00977063	0.4527
441.0	89.0	0.0110907	0.4247
445.5	89.0	0.00943672	0.5371
-450.0	91.5667	0.0011489	0.4056
-445.5	91.5667	0.00177704	0.5922
-441.0	91.5667	0.000700033	0.2486
-436.5	91.5667	0.000400095	0.3417
-432.0	91.5667	0.00521887	0.5973
-427.5	91.5667	0.000708243	0.2336
-423.0	91.5667	0.000484001	0.2759
-418.5	91.5667	0.00124072	0.649
-414.0	91.5667	0.000537816	0.2677
-409.5	91.5667	0.00108647	0.5105
-405.0	91.5667	0.00268983	0.7178
-400.5	91.5667	0.00214542	0.7573
-396.0	91.5667	0.000656091	0.2455
-391.5	91.5667	0.000909313	0.2169
-387.0	91.5667	0.00294948	0.6592
-382.5	91.5667	0.00131394	0.2431
-378.0	91.5667	0.00119899	0.2656
-373.5	91.5667	0.0013268	0.1877
-369.0	91.5667	0.00266483	0.4288
-364.5	91.5667	0.00128234	0.17
-360.0	91.5667	0.00214653	0.3283
-355.5	91.5667	0.0014908	0.1499
-351.0	91.5667	0.00337503	0.4906
-346.5	91.5667	0.00422346	0.4262
-342.0	91.5667	0.00205999	0.1493
-337.5	91.5667	0.00362434	0.3501
-333.0	91.5667	0.00221439	0.1186
-328.5	91.5667	0.0071073	0.4214
-324.0	91.5667	0.00377792	0.2396
-319.5	91.5667	0.00359525	0.2332
-315.0	91.5667	0.0044453	0.4313
-310.5	91.5667	0.00486087	0.2356
-306.0	91.5667	0.00506878	0.2824
-301.5	91.5667	0.00601876	0.4185
-297.0	91.5667	0.00635826	0.489
-292.5	91.5667	0.00440355	0.2017
-288.0	91.5667	0.0044142	0.2209
-283.5	91.5667	0.0088103	0.3611
-279.0	91.5667	0.00729744	0.474
-274.5	91.5667	0.0194292	0.3527
-270.0	91.5667	0.0123575	0.3173
-265.5	91.5667	0.00596282	0.2811
-261.0	91.5667	0.00919494	0.315
-256.5	91.5667	0.00998916	0.2827
-252.0	91.5667	0.0108425	0.2958
-247.5	91.5667	0.012003	0.2654
-243.0	91.5667	0.011623	0.3337
-238.5	91.5667	0.0067225	0.2062
-234.0	91.5667	0.0229266	0.2349
-229.5	91.5667	0.0205291	0.3312
-225.0	91.5667	0.0191659	0.2903
-220.5	91.5667	0.0257796	0.2334
-216.0	91.5667	0.0233149	0.2329
-211.5	91.5667	0.019604	0.2337
-207.0	91.5667	0.0178861	0.2237
-202.5	91.5667	0.0193037	0.2204
-198.0	91.5667	0.0269849	0.2489
-193.5	91.5667	0.0157084	0.2436
-189.0	91.5667	0.0279976	0.2112
-184.5	91.5667	0.036968	0.1754
-180.0	91.5667	0.025064	0.2529
-175.5	91.5667	0.0462082	0.2054
-171.0	91.5667	0.0360756	0.1933
-166.5	91.5667	0.045016	0.1735
-162.0	91.5667	0.0561757	0.1664
-157.5	91.5667	0.0541796	0.1608
-153.0	91.5667	0.0522961	0.1712
-148.5	91.5667	0.0634398	0.1425
-144.0	91.5667	0.0686686	0.1597
-139.5	91.5667	0.052324	0.1474
-135.0	91.5667	0.0606668	0.1476
-130.5	91.5667	0.063213	0.1269
-126.0	91.5667	0.0754763	0.1435
-121.5	91.5667	0.0693775	0.1394
-117.0	91.5667	0.0807672	0.141
-112.5	91.5667	0.0852374	0.1171
-108.0	91.5667	0.0925112	0.1176
-103.5	91.5667	0.10077	0.1221
-99.0	91.5667	0.101619	0.1206
-94.5	91.5667	0.108919	0.1083
-90.0	91.5667	0.137376	0.1151
-85.5	91.5667	0.12002	0.1039
-81.0	91.5667	0.140034	0.1084
-76.5	91.5667	0.120585	0.1089
-72.0	91.5667	0.162502	0.0939
-67.5	91.5667	0.194147	0.1173
-63.0	91.5667	0.150191	0.0923
-58.5	91.5667	0.194267	0.1057
-54.0	91.5667	0.202278	0.0887
-49.5	91.5667	0.203185	0.0865
-45.0	91.5667	0.185696	0.0919
-40.5	91.5667	0.200036	0.0944
-36.0	91.5667	0.201741	0.0862
-31.5	91.5667	0.173432	0.0854
-27.0	91.5667	0.24488	0.0868
-22.5	91.5667	0.242467	0.0784
-18.0	91.5667	0.246084	0.0893
-13.5	91.5667	0.217095	0.0946
-9.0	91.5667	0.206319	0.0812
-4.5	91.5667	0.217483	0.089
0.0	91.5667	0.226008	0.0953
4.5	91.5667	0.255161	0.0914
9.0	91.5667	0.274264	0.0791
13.5	91.5667	0.242013	0.0773
18.0	91.5667	0.219958	0.0787
22.5	91.5667	0.225201	0.0804
27.0	91.5667	0.243255	0.085
31.5	91.5667	0.231903	0.0758
36.0	91.5667	0.217356	0.0822
40.5	91.5667	0.217773	0.0828
45.0	91.5667	0.198932	0.0873
49.5	91.5667	0.235354	0.0821
54.0	91.5667	0.208299	0.0815
58.5	91.5667	0.202491	0.0805
63.0	91.5667	0.239691	0.0852
67.5	91.5667	0.229966	0.0854
72.0	91.5667	0.180764	0.0889
76.5	91.5667	0.206481	0.0826
81.0	91.5667	0.185355	0.092
85.5	91.5667	0.167576	0.0844
90.0	91.5667	0.151103	0.0887
94.5	91.5667	0.152037	0.0946
99.0	91.5667	0.140903	0.0979
103.5	91.5667	0.175104	0.0923
108.0	91.5667	0.157458	0.1059
112.5	91.5667	0.177858	0.0937
117.0	91.5667	0.162934	0.0892
121.5	91.5667	0.135093	0.0971
126.0	91.5667	0.146132	0.0966
130.5	91.5667	0.130656	0.1023
135.0	91.5667	0.119242	0.1004
139.5	91.5667	0.123267	0.1032
144.0	91.5667	0.117315	0.1049
148.5	91.5667	0.119571	0.111
153.0	91.5667	0.11465	0.1143
157.5	91.5667	0.0871086	0.1189
162.0	91.5667	0.0883271	0.1256
166.5	91.5667	0.0933016	0.1193
171.0	91.5667	0.0882036	0.1288
175.5	91.5667	0.0707032	0.1457
180.0	91.5667	0.0646528	0.1366
184.5	91.5667	0.0826212	0.1309
189.0	91.5667	0.0629705	0.1371
193.5	91.5667	0.0623405	0.1452
198.0	91.5667	0.059669	0.1333
202.5	91.5667	0.0763187	0.137
207.0	91.5667	0.0780147	0.1389
211.5	91.5667	0.070725	0.1402
216.0	91.5667	0.0479912	0.1665
220.5	91.5667	0.0597276	0.1591
225.0	91.5667	0.050745	0.1478
229.5	91.5667	0.0436575	0.1598
234.0	91.5667	0.045254	0.1633
238.5	91.5667	0.0436342	0.1574
243.0	91.5667	0.0430453	0.1548
247.5	91.5667	0.0455518	0.1584
252.0	91.5667	0.0469602	0.1643
256.5	91.5667	0.03769	0.1964
261.0	91.5667	0.0367844	0.1819
265.5	91.5667	0.0346198	0.1829
270.0	91.5667	0.0436545	0.1656
274.5	91.5667	0.0341532	0.186
279.0	91.5667	0.0324464	0.1853
283.5	91.5667	0.0349834	0.1975
288.0	91.5667	0.0402803	0.198
292.5	91.5667	0.0496981	0.2003
297.0	91.5667	0.0250293	0.2164
301.5	91.5667	0.0359782	0.2384
306.0	91.5667	0.0254662	0.2287
310.5	91.5667	0.0288811	0.1952
315.0	91.5667	0.0247142	0.2379
319.5	91.5667	0.0271133	0.217
324.0	91.5667	0.0266117	0.2233
328.5	91.5667	0.0166427	0.2143
333.0	91.5667	0.0172668	0.2452
337.5	91.5667	0.0160894	0.2177
342.0	91.5667	0.0256703	0.2168
346.5	91.5667	0.0212894	0.2192
351.0	91.5667	0.0115026	0.274
355.5	91.5667	0.0116932	0.2383
360.0	91.5667	0.0213911	0.2531
364.5	91.5667	0.0168667	0.2929
369.0	91.5667	0.0147078	0.3323
373.5	91.5667	0.0111786	0.2856
378.0	91.5667	0.00631503	0.3878
382.5	91.5667	0.00379867	0.3789
387.0	91.5667	0.00615759	0.4956
391.5	91.5667	0.00797979	0.4084
396.0	91.5667	0.00624785	0.5311
400.5	91.5667	0.00493576	0.4261
405.0	91.5667	0.00573136	0.4066
409.5	91.5667	0.00164781	0.3115
414.0	91.5667	0.00777949	0.4909
418.5	91.5667	0.00518964	0.3989
423.0	91.5667	0.00698836	0.3854
427.5	91.5667	0.00553732	0.446
432.0	91.5667	0.0011836	0.1861
436.5	91.5667	0.00160465	0.282
441.0	91.5667	0.00593179	0.75
445.5	91.5667	0.00515668	0.7758
-450.0	94.1333	0.00061474	0.2463
-445.5	94.1333	0.000647495	0.2739
-441.0	94.1333	0.000772712	0.747
-436.5	94.1333	0.000120241	0.399
-432.0	94.1333	0.00151013	0.527
-427.5	94.1333	0.00062703	0.3178
-423.0	94.1333	0.00161297	0.7415
-418.5	94.1333	0.000522502	0.2702
-414.0	94.1333	0.000460552	0.2996
-409.5	94.1333	0.00195745	0.761
-405.0	94.1333	0.000454141	0.3026
-400.5	94.1333	0.000697207	0.2377
-396.0	94.1333	0.00129523	0.2485
-391.5	94.1333	0.00189726	0.4337
-387.0	94.1333	0.00306804	0.7042
-382.5	94.1333	0.00306018	0.704
-378.0	94.1333	0.0029353	0.7143
-373.5	94.1333	0.00133524	0.1636
-369.0	94.1333	0.0031756	0.498
-364.5	94.1333	0.00184442	0.2375
-360.0	94.1333	0.00312802	0.5288
-355.5	94.1333	0.00426821	0.396
-351.0	94.1333	0.00306825	0.3005
-346.5	94.1333	0.00293212	0.3351
-342.0	94.1333	0.00172573	0.1316
-337.5	94.1333	0.00221391	0.1172
-333.0	94.1333	0.00310637	0.2501
-328.5	94.1333	0.00391905	0.2993
-324.0	94.1333	0.00667468	0.4098
-319.5	94.1333	0.00566238	0.6075
-315.0	94.1333	0.00215535	0.1321
-310.5	94.1333	0.00765532	0.3187
-306.0	94.1333	0.00828687	0.4424
-301.5	94.1333	0.00656359	0.3838
-297.0	94.1333	0.00653049	0.3482
-292.5	94.1333	0.00501739	0.2274
-288.0	94.1333	0.00845694	0.3078
-283.5	94.1333	0.00495412	0.2865
-279.0	94.1333	0.00356207	0.1901
-274.5	94.1333	0.00422047	0.1419
-270.0	94.1333	0.0118785	0.3221
-265.5	94.1333	0.014162	0.4153
-261.0	94.1333	0.0101226	0.4626
-256.5	94.1333	0.00453309	0.1426
-252.0	94.1333	0.0118081	0.2544
-247.5	94.1333	0.00884314	0.3168
-243.0	94.1333	0.00819439	0.3033
-238.5	94.1333	0.00933958	0.2645
-234.0	94.1333	0.0103582	0.2285
-229.5	94.1333	0.021318	0.2532
-225.0	94.1333	0.012265	0.2405
-220.5	94.1333	0.0197462	0.2242
-216.0	94.1333	0.0254515	0.202
-211.5	94.1333	0.0186865	0.2358
-207.0	94.1333	0.0110654	0.1917
-202.5	94.1333	0.0238645	0.2208
-198.0	94.1333	0.0237033	0.2267
-193.5	94.1333	0.0203499	0.2169
-189.0	94.1333	0.0205112	0.2116
-184.5	94.1333	0.0278763	0.2121
-180.0	94.1333	0.0291382	0.1802
-175.5	94.1333	0.0347423	0.1983
-171.0	94.1333	0.0335018	0.2131
-166.5	94.1333	0.0424209	0.1793
-162.0	94.1333	0.0533652	0.1459
-157.5	94.1333	0.053635	0.1631
-153.0	94.1333	0.0610976	0.1517
-148.5	94.1333	0.0718982	0.1441
-144.0	94.1333	0.0615913	0.1553
-139.5	94.1333	0.0581912	0.1959
-135.0	94.1333	0.0741033	0.1566
-130.5	94.1333	0.0633229	0.1283
-126.0	94.1333	0.0913895	0.134
-121.5	94.1333	0.0682182	0.1358
-117.0	94.1333	0.0988635	0.1351
-112.5	94.1333	0.0833267	0.129
-108.0	94.1333	0.0762854	0.1163
-103.5	94.1333	0.0843353	0.112
-99.0	94.1333	0.1002	0.1147
-94.5	94.1333	0.127656	0.1107
-90.0	94.1333	0.123654	0.1126
-85.5	94.1333	0.143639	0.1239
-81.0	94.1333	0.146875	0.1098
-76.5	94.1333	0.126579	0.1141
-72.0	94.1333	0.148213	0.097
-67.5	94.1333	0.18447	0.0983
-63.0	94.1333	0.182475	0.1007
-58.5	94.1333	0.179339	0.095
-54.0	94.1333	0.188063	0.1031
-49.5	94.1333	0.155105	0.0936
-45.0	94.1333	0.199063	0.1021
-40.5	94.1333	0.177771	0.1054
-36.0	94.1333	0.233874	0.088
-31.5	94.1333	0.211002	0.0926
-27.0	94.1333	0.200226	0.0914
-22.5	94.1333	0.206968	0.0838
-18.0	94.1333	0.235645	0.0843
-13.5	94.1333	0.206803	0.076
-9.0	94.1333	0.229692	0.085
-4.5	94.1333	0.259664	0.123
0.0	94.1333	0.212469	0.0828
4.5	94.1333	0.232936	0.0895
9.0	94.1333	0.268376	0.0825
13.5	94.1333	0.226068	0.0881
18.0	94.1333	0.229102	0.091
22.5	94.1333	0.246935	0.0866
27.0	94.1333	0.236197	0.0834
31.5	94.1333	0.236726	0.0796
36.0	94.1333	0.235788	0.0854
40.5	94.1333	0.255663	0.0825
45.0	94.1333	0.243345	0.0791
49.5	94.1333	0.219503	0.082
54.0	94.1333	0.202611	0.0823
58.5	94.1333	0.192011	0.0831
63.0	94.1333	0.196458	0.0929
67.5	94.1333	0.194412	0.0888
72.0	94.1333	0.201265	0.0856
76.5	94.1333	0.1934	0.0876
81.0	94.1333	0.182327	0.0935
85.5	94.1333	0.190263	0.0823
90.0	94.1333	0.161632	0.0887
94.5	94.1333	0.164499	0.0896
99.0	94.1333	0.175	0.096
103.5	94.1333	0.154091	0.1072
108.0	94.1333	0.180134	0.0959
112.5	94.1333	0.19277	0.1012
117.0	94.1333	0.132625	0.0961
121.5	94.1333	0.177452	0.0943
126.0	94.1333	0.157627	0.1014
130.5	94.1333	0.115377	0.1051
135.0	94.1333	0.125632	0.1147
139.5	94.1333	0.143236	0.1077
144.0	94.1333	0.111787	0.1049
148.5	94.1333	0.108015	0.1159
153.0	94.1333	0.111432	0.117
157.5	94.1333	0.111145	0.1156
162.0	94.1333	0.0937889	0.1158
166.5	94.1333	0.0867351	0.1311
171.0	94.1333	0.0731322	0.1199
175.5	94.1333	0.0734078	0.1398
180.0	94.1333	0.0718656	0.1362
184.5	94.1333	0.082573	0.1286
189.0	94.1333	0.0919147	0.1678
193.5	94.1333	0.0551205	0.1496
198.0	94.1333	0.0587617	0.131
202.5	94.1333	0.0508614	0.1453
207.0	94.1333	0.0562214	0.1629
211.5	94.1333	0.0598386	0.1656
216.0	94.1333	0.0532091	0.1655
220.5	94.1333	0.0524728	0.1522
225.0	94.1333	0.054494	0.1533
229.5	94.1333	0.0668189	0.1522
234.0	94.1333	0.0330597	0.1612
238.5	94.1333	0.0497376	0.1724
243.0	94.1333	0.0523507	0.1549
247.5	94.1333	0.051254	0.1659
252.0	94.1333	0.0531768	0.147
256.5	94.1333	0.0458963	0.1544
261.0	94.1333	0.0592732	0.1691
265.5	94.1333	0.0486896	0.1674
270.0	94.1333	0.0379938	0.1681
274.5	94.1333	0.0340871	0.1927
279.0	94.1333	0.043297	0.1831
283.5	94.1333	0.0261121	0.2099
288.0	94.1333	0.0395426	0.1918
292.5	94.1333	0.0350681	0.2106
297.0	94.1333	0.0303556	0.207
301.5	94.1333	0.0341507	0.2061
306.0	94.1333	0.0354082	0.184
310.5	94.1333	0.0366877	0.2091
315.0	94.1333	0.0274138	0.2369
319.5	94.1333	0.0144205	0.1954
324.0	94.1333	0.0278028	0.1982
328.5	94.1333	0.0273809	0.2214
333.0	94.1333	0.0215917	0.2513
337.5	94.1333	0.0223249	0.2206
342.0	94.1333	0.0171215	0.3082
346.5	94.1333	0.0145325	0.3041
351.0	94.1333	0.0137224	0.2635
355.5	94.1333	0.0134391	0.2532
360.0	94.1333	0.00999296	0.2575
364.5	94.1333	0.0140024	0.4048
369.0	94.1333	0.0117206	0.3375
373.5	94.1333	0.00339809	0.3075
378.0	94.1333	0.0069074	0.4383
382.5	94.1333	0.0050354	0.5175
387.0	94.1333	0.00354705	0.3349
391.5	94.1333	0.00328253	0.3532
396.0	94.1333	0.0111944	0.4645
400.5	94.1333	0.00754913	0.4588
405.0	94.1333	0.00647606	0.3746
409.5	94.1333	0.00119946	0.2145
414.0	94.1333	0.00731518	0.504
418.5	94.1333	0.00179275	0.2971
423.0	94.1333	0.0033812	0.544
427.5	94.1333	0.00131045	0.3796
432.0	94.1333	0.00484878	0.56
436.5	94.1333	0.00761991	0.4463
441.0	94.1333	0.00300435	0.3626
445.5	94.1333	0.00537553	0.5401
-450.0	96.7	0.00045461	0.2417
-445.5	96.7	0.000737463	0.2163
-441.0	96.7	0.000429793	0.2501
-436.5	96.7	0.000427211	0.2569
-432.0	96.7	0.000394461	0.2729
-427.5	96.7	0.000684423	0.4171
-423.0	96.7	0.000462413	0.2812
-418.5	96.7	0.000718305	0.2303
-414.0	96.7	0.000548431	0.2444
-409.5	96.7	0.00130805	0.7194
-405.0	96.7	0.00279669	0.7743
-400.5	96.7	0.00371162	0.6155
-396.0	96.7	0.00280016	0.7693
-391.5	96.7	0.00224121	0.6252
-387.0	96.7	0.0010781	0.1973
-382.5	96.7	0.00129316	0.3176
-378.0	96.7	0.00160838	0.2582
-373.5	96.7	0.00154715	0.2713
-369.0	96.7	0.00177506	0.2336
-364.5	96.7	0.00317001	0.3767
-360.0	96.7	0.00147243	0.157
-355.5	96.7	0.00421022	0.635
-351.0	96.7	0.00172265	0.1453
-346.5	96.7	0.00582742	0.6013
-342.0	96.7	0.00217119	0.2403
-337.5	96.7	0.00226496	0.1199
-333.0	96.7	0.00338018	0.3128
-328.5	96.7	0.0033271	0.3717
-324.0	96.7	0.00728165	0.4001
-319.5	96.7	0.00487325	0.3597
-315.0	96.7	0.00509888	0.3618
-310.5	96.7	0.00936593	0.4231
-306.0	96.7	0.0131286	0.3032
-301.5	96.7	0.00647607	0.4048
-297.0	96.7	0.00461615	0.2328
-292.5	96.7	0.00489795	0.2605
-288.0	96.7	0.00575571	0.3684
-283.5	96.7	0.00889402	0.3307
-279.0	96.7	0.00865385	0.3066
-274.5	96.7	0.00546764	0.3476
-270.0	96.7	0.0110794	0.3265
-265.5	96.7	0.0122739	0.3714
-261.0	96.7	0.00639512	0.2471
-256.5	96.7	0.0120925	0.2778
-252.0	96.7	0.0093899	0.3243
-247.5	96.7	0.00829755	0.2705
-243.0	96.7	0.00879712	0.2648
-238.5	96.7	0.0118283	0.2165
-234.0	96.7	0.0100178	0.2056
-229.5	96.7	0.00972603	0.262
-225.0	96.7	0.0191616	0.2682
-220.5	96.7	0.0186741	0.2944
-216.0	96.7	0.020736	0.276
-211.5	96.7	0.0245541	0.2223
-207.0	96.7	0.0182187	0.265
-202.5	96.7	0.0283146	0.2065
-198.0	96.7	0.0134512	0.2004
-193.5	96.7	0.0253164	0.2144
-189.0	96.7	0.0273811	0.2636
-184.5	96.7	0.0298914	0.1793
-180.0	96.7	0.0437495	0.1736
-175.5	96.7	0.0323739	0.1909
-171.0	96.7	0.0244661	0.1924
-166.5	96.7	0.0381334	0.1787
-162.0	96.7	0.0330363	0.1615
-157.5	96.7	0.0474396	0.1673
-153.0	96.7	0.0469093	0.1756
-148.5	96.7	0.0502862	0.153
-144.0	96.7	0.0597524	0.1576
-139.5	96.7	0.0435299	0.1452
-135.0	96.7	0.0577925	0.1575
-130.5	96.7	0.0669731	0.1363
-126.0	96.7	0.0577882	0.1418
-121.5	96.7	0.0700046	0.1402
-117.0	96.7	0.0909876	0.135
-112.5	96.7	0.098153	0.1196
-108.0	96.7	0.0959575	0.1237
-103.5	96.7	0.0876479	0.1175
-99.0	96.7	0.0921619	0.1197
-94.5	96.7	0.106624	0.1227
-90.0	96.7	0.144029	0.1076
-85.5	96.7	0.131524	0.1114
-81.0	96.7	0.119557	0.107
-76.5	96.7	0.14826	0.1006
-72.0	96.7	0.140964	0.1041
-67.5	96.7	0.152911	0.0987
-63.0	96.7	0.156325	0.0977
-58.5	96.7	0.189068	0.0927
-54.0	96.7	0.148616	0.0917
-49.5	96.7	0.148424	0.1009
-45.0	96.7	0.183471	0.0991
-40.5	96.7	0.172411	0.0885
-36.0	96.7	0.209757	0.0967
-31.5	96.7	0.191083	0.0863
-27.0	96.7	0.218538	0.0956
-22.5	96.7	0.191774	0.0844
-18.0	96.7	0.213855	0.0981
-13.5	96.7	0.191479	0.0961
-9.0	96.7	0.225843	0.0822
-4.5	96.7	0.18736	0.0851
0.0	96.7	0.21227	0.0843
4.5	96.7	0.235483	0.0864
9.0	96.7	0.22724	0.0784
13.5	96.7	0.210926	0.089
18.0	96.7	0.205093	0.0826
22.5	96.7	0.227051	0.0831
27.0	96.7	0.243711	0.0775
31.5	96.7	0.250938	0.0866
36.0	96.7	0.253013	0.0948
40.5	96.7	0.223756	0.0905
45.0	96.7	0.209026	0.0905
49.5	96.7	0.219026	0.0773
54.0	96.7	0.227134	0.0833
58.5	96.7	0.212121	0.0895
63.0	96.7	0.207404	0.081
67.5	96.7	0.19183	0.0874
72.0	96.7	0.198574	0.0854
76.5	96.7	0.193589	0.0856
81.0	96.7	0.169268	0.0856
85.5	96.7	0.169992	0.0913
90.0	96.7	0.164415	0.087
94.5	96.7	0.167953	0.1072
99.0	96.7	0.168784	0.0909
103.5	96.7	0.134455	0.1078
108.0	96.7	0.144161	0.0961
112.5	96.7	0.128294	0.099
117.0	96.7	0.135029	0.0969
121.5	96.7	0.131406	0.1025
126.0	96.7	0.120286	0.105
130.5	96.7	0.120223	0.108
135.0	96.7	0.11432	0.11
139.5	96.7	0.137558	0.1022
144.0	96.7	0.138746	0.1035
148.5	96.7	0.104283	0.11
153.0	96.7	0.0898802	0.1178
157.5	96.7	0.0999777	0.1205
162.0	96.7	0.115959	0.1253
166.5	96.7	0.0951496	0.1332
171.0	96.7	0.0796373	0.1216
175.5	96.7	0.0750955	0.1301
180.0	96.7	0.0892999	0.1358
184.5	96.7	0.0894804	0.1233
189.0	96.7	0.0589065	0.1532
193.5	96.7	0.068841	0.1507
198.0	96.7	0.0664329	0.1296
202.5	96.7	0.0753176	0.1546
207.0	96.7	0.0668387	0.1442
211.5	96.7	0.0492167	0.158
216.0	96.7	0.0504237	0.1746
220.5	96.7	0.0498489	0.1644
225.0	96.7	0.0553368	0.1875
229.5	96.7	0.0658402	0.1458
234.0	96.7	0.0477107	0.1699
238.5	96.7	0.0360825	0.1502
243.0	96.7	0.0486586	0.1966
247.5	96.7	0.0301843	0.2043
252.0	96.7	0.0454754	0.155
256.5	96.7	0.0476181	0.1635
261.0	96.7	0.0492598	0.167
265.5	96.7	0.0404672	0.1835
270.0	96.7	0.0330256	0.1886
274.5	96.7	0.0340706	0.2164
279.0	96.7	0.0332525	0.176
283.5	96.7	0.0193432	0.2068
288.0	96.7	0.0376128	0.1988
292.5	96.7	0.0209065	0.1884
297.0	96.7	0.0212095	0.2228
301.5	96.7	0.0392878	0.205
306.0	96.7	0.0387462	0.1879
310.5	96.7	0.0341227	0.2228
315.0	96.7	0.032216	0.235
319.5	96.7	0.0299883	0.2005
324.0	96.7	0.0154551	0.2228
328.5	96.7	0.0175294	0.2466
333.0	96.7	0.025112	0.2926
337.5	96.7	0.0263556	0.2114
342.0	96.7	0.0125001	0.3371
346.5	96.7	0.0162048	0.2773
351.0	96.7	0.0155799	0.2705
355.5	96.7	0.0154229	0.3217
360.0	96.7	0.0138206	0.3053
364.5	96.7	0.00936859	0.3275
369.0	96.7	0.0144143	0.3086
373.5	96.7	0.00864276	0.3765
378.0	96.7	0.0107233	0.3412
382.5	96.7	0.00460096	0.3594
387.0	96.7	0.0102319	0.422
391.5	96.7	0.0134151	0.3568
396.0	96.7	0.0102472	0.5364
400.5	96.7	0.00266431	0.3486
405.0	96.7	0.0130195	0.4502
409.5	96.7	0.00797309	0.3617
414.0	96.7	0.00484574	0.4614
418.5	96.7	0.00393849	0.5419
423.0	96.7	0.00601188	0.5613
427.5	96.7	0.00851178	0.4022
432.0	96.7	0.00248464	0.5157
436.5	96.7	0.00581188	0.4349
441.0	96.7	0.00667627	0.4212
445.5	96.7	0.0111626	0.267
-450.0	99.2667	0.00077034	0.3206
-445.5	99.2667	0.000764496	0.2145
-441.0	99.2667	0.000596944	0.2792
-436.5	99.2667	0.000412381	0.2688
-432.0	99.2667	0.000655348	0.2345
-427.5	99.2667	0.0004752	0.2584
-423.0	99.2667	0.000615223	0.2414
-418.5	99.2667	0.000529386	0.2564
-414.0	99.2667	0.000517011	0.2985
-409.5	99.2667	0.00114214	0.7608
-405.0	99.2667	0.000271405	0.3586
-400.5	99.2667	0.00290815	0.6891
-396.0	99.2667	0.000719604	0.2343
-391.5	99.2667	0.00124831	0.5077
-387.0	99.2667	0.000763257	0.2206
-382.5	99.2667	0.00127593	0.4584
-378.0	99.2667	0.00148879	0.3898
-373.5	99.2667	0.00231209	0.3373
-369.0	99.2667	0.00218955	0.2788
-364.5	99.2667	0.00205776	0.2939
-360.0	99.2667	0.00476755	0.3457
-355.5	99.2667	0.00421111	0.4654
-351.0	99.2667	0.00169294	0.1748
-346.5	99.2667	0.00431639	0.387
-342.0	99.2667	0.00219549	0.1384
-337.5	99.2667	0.00289432	0.2549
-333.0	99.2667	0.00351976	0.3499
-328.5	99.2667	0.0027116	0.134
-324.0	99.2667	0.00454733	0.334
-319.5	99.2667	0.00353592	0.2321
-315.0	99.2667	0.00248695	0.1284
-310.5	99.2667	0.00467118	0.2453
-306.0	99.2667	0.00384637	0.1787
-301.5	99.2667	0.00416613	0.2435
-297.0	99.2667	0.00381996	0.2711
-292.5	99.2667	0.00457165	0.2555
-288.0	99.2667	0.00699656	0.2795
-283.5	99.2667	0.00908428	0.3448
-279.0	99.2667	0.00489153	0.2721
-274.5	99.2667	0.0110138	0.3363
-270.0	99.2667	0.0055862	0.282
-265.5	99.2667	0.00912184	0.3455
-261.0	99.2667	0.0093823	0.315
-256.5	99.2667	0.00494197	0.1871
-252.0	99.2667	0.00649892	0.2469
-247.5	99.2667	0.00705246	0.1836
-243.0	99.2667	0.0100936	0.2332
-238.5	99.2667	0.0099003	0.3012
-234.0	99.2667	0.00887896	0.2576
-229.5	99.2667	0.0094654	0.1986
-225.0	99.2667	0.0198695	0.2178
-220.5	99.2667	0.0152527	0.2618
-216.0	99.2667	0.0180952	0.2233
-211.5	99.2667	0.0329641	0.2128
-207.0	99.2667	0.0148623	0.184
-202.5	99.2667	0.0193895	0.2052
-198.0	99.2667	0.0109427	0.2018
-193.5	99.2667	0.0275364	0.2097
-189.0	99.2667	0.018765	0.2327
-184.5	99.2667	0.0232605	0.2182
-180.0	99.2667	0.0345798	0.226
-175.5	99.2667	0.0362019	0.1863
-171.0	99.2667	0.0413339	0.2031
-166.5	99.2667	0.0321015	0.172
-162.0	99.2667	0.0407389	0.2315
-157.5	99.2667	0.0604487	0.1482
-153.0	99.2667	0.0523161	0.163
-148.5	99.2667	0.0502332	0.1696
-144.0	99.2667	0.0684467	0.1597
-139.5	99.2667	0.0786475	0.1441
-135.0	99.2667	0.0718351	0.17
-130.5	99.2667	0.0716017	0.1399
-126.0	99.2667	0.0755478	0.1447
-121.5	99.2667	0.0829349	0.1289
-117.0	99.2667	0.0821245	0.1381
-112.5	99.2667	0.0719622	0.1329
-108.0	99.2667	0.108351	0.1319
-103.5	99.2667	0.0894254	0.1289
-99.0	99.2667	0.0965526	0.1186
-94.5	99.2667	0.131211	0.1068
-90.0	99.2667	0.124938	0.1114
-85.5	99.2667	0.108725	0.1043
-81.0	99.2667	0.137303	0.0988
-76.5	99.2667	0.114282	0.1035
-72.0	99.2667	0.13657	0.1024
-67.5	99.2667	0.142703	0.1042
-63.0	99.2667	0.135071	0.1006
-58.5	99.2667	0.167489	0.1121
-54.0	99.2667	0.139344	0.0997
-49.5	99.2667	0.143918	0.098
-45.0	99.2667	0.181288	0.09
-40.5	99.2667	0.153523	0.0882
-36.0	99.2667	0.182813	0.0882
-31.5	99.2667	0.208908	0.11
-27.0	99.2667	0.228795	0.0842
-22.5	99.2667	0.205613	0.111
-18.0	99.2667	0.17894	0.0903
-13.5	99.2667	0.216482	0.0886
-9.0	99.2667	0.191255	0.0919
-4.5	99.2667	0.225426	0.1306
0.0	99.2667	0.20482	0.0877
4.5	99.2667	0.226909	0.0895
9.0	99.2667	0.21243	0.0895
13.5	99.2667	0.220502	0.0846
18.0	99.2667	0.209284	0.0829
22.5	99.2667	0.197883	0.104
27.0	99.2667	0.266463	0.0841
31.5	99.2667	0.209888	0.0853
36.0	99.2667	0.219065	0.0875
40.5	99.2667	0.202373	0.0873
45.0	99.2667	0.198143	0.0832
49.5	99.2667	0.210111	0.0801
54.0	99.2667	0.203384	0.0828
58.5	99.2667	0.174505	0.0876
63.0	99.2667	0.202871	0.0848
67.5	99.2667	0.215649	0.0881
72.0	99.2667	0.174643	0.0906
76.5	99.2667	0.193809	0.0881
81.0	99.2667	0.162083	0.088
85.5	99.2667	0.163621	0.0867
90.0	99.2667	0.163291	0.0947
94.5	99.2667	0.140492	0.1006
99.0	99.2667	0.129753	0.0953
103.5	99.2667	0.141764	0.094
108.0	99.2667	0.112446	0.1035
112.5	99.2667	0.148042	0.1087
117.0	99.2667	0.138999	0.1049
121.5	99.2667	0.133319	0.1035
126.0	99.2667	0.123846	0.1114
130.5	99.2667	0.11557	0.1098
135.0	99.2667	0.117827	0.1195
139.5	99.2667	0.114876	0.1085
144.0	99.2667	0.118044	0.1144
148.5	99.2667	0.0869352	0.1145
153.0	99.2667	0.0911581	0.1156
157.5	99.2667	0.0784093	0.1327
162.0	99.2667	0.0796501	0.1288
166.5	99.2667	0.0950249	0.1207
171.0	99.2667	0.0833379	0.1207
175.5	99.2667	0.0839736	0.1274
180.0	99.2667	0.0727139	0.1384
184.5	99.2667	0.0828927	0.1301
189.0	99.2667	0.0682858	0.1318
193.5	99.2667	0.0824404	0.1314
198.0	99.2667	0.0667088	0.149
202.5	99.2667	0.0635805	0.1486
207.0	99.2667	0.0518486	0.1526
211.5	99.2667	0.0470112	0.1514
216.0	99.2667	0.0584891	0.1515
220.5	99.2667	0.0555077	0.1524
225.0	99.2667	0.0521178	0.1954
229.5	99.2667	0.0543924	0.1547
234.0	99.2667	0.0506564	0.1629
238.5	99.2667	0.0540808	0.1625
243.0	99.2667	0.0301534	0.1658
247.5	99.2667	0.0431701	0.1818
252.0	99.2667	0.0362494	0.2035
256.5	99.2667	0.033243	0.1942
261.0	99.2667	0.0336215	0.1645
265.5	99.2667	0.0401929	0.1768
270.0	99.2667	0.0243985	0.1764
274.5	99.2667	0.0282656	0.1949
279.0	99.2667	0.0464753	0.1812
283.5	99.2667	0.0388506	0.1978
288.0	99.2667	0.0260286	0.1901
292.5	99.2667	0.0309007	0.2375
297.0	99.2667	0.0227409	0.2006
301.5	99.2667	0.0328738	0.1899
306.0	99.2667	0.0252195	0.2006
310.5	99.2667	0.024764	0.2342
315.0	99.2667	0.022235	0.2006
319.5	99.2667	0.0325892	0.225
324.0	99.2667	0.0272453	0.2042
328.5	99.2667	0.0161934	0.2702
333.0	99.2667	0.0131548	0.2232
337.5	99.2667	0.0260221	0.229
342.0	99.2667	0.0226641	0.2937
346.5	99.2667	0.0160725	0.2406
351.0	99.2667	0.0205102	0.261
355.5	99.2667	0.0183087	0.2434
360.0	99.2667	0.0212622	0.255
364.5	99.2667	0.0123753	0.3297
369.0	99.2667	0.0317804	0.2742
373.5	99.2667	0.0178993	0.2606
378.0	99.2667	0.00489382	0.2891
382.5	99.2667	0.00423817	0.3517
387.0	99.2667	0.0101312	0.3984
391.5	99.2667	0.00547962	0.5462
396.0	99.2667	0.00406552	0.3721
400.5	99.2667	0.0071213	0.3992
405.0	99.2667	0.00823092	0.5059
409.5	99.2667	0.00211128	0.4001
414.0	99.2667	0.0095244	0.4437
418.5	99.2667	0.00609523	0.4894
423.0	99.2667	0.00258708	0.4561
427.5	99.2667	0.00520777	0.4919
432.0	99.2667	0.0100921	0.4101
436.5	99.2667	0.00547948	0.5654
441.0	99.2667	0.0140064	0.365
445.5	99.2667	0.00665494	0.4485
-450.0	101.833	0.000688686	0.2196
-445.5	101.833	0.00484707	0.6374
-441.0	101.833	0.00198905	0.715
-436.5	101.833	0.00481818	0.6487
-432.0	101.833	0.000445663	0.2776
-427.5	101.833	0.000466035	0.2373
-423.0	101.833	0.000310523	0.3397
-418.5	101.833	0.000386133	0.2791
-414.0	101.833	0.000273269	0.3684
-409.5	101.833	0.0012884	0.7707
-405.0	101.833	0.000406909	0.3278
-400.5	101.833	0.000241758	0.3162
-396.0	101.833	0.000760471	0.2268
-391.5	101.833	0.000494285	0.2754
-387.0	101.833	0.000683403	0.255
-382.5	101.833	0.00309298	0.7388
-378.0	101.833	0.00102333	0.2038
-373.5	101.833	0.00216335	0.4781
-369.0	101.833	0.00268048	0.5057
-364.5	101.833	0.0014755	0.1943
-360.0	101.833	0.00164108	0.1917
-355.5	101.833	0.00229028	0.2709
-351.0	101.833	0.00387294	0.568
-346.5	101.833	0.00184774	0.1405
-342.0	101.833	0.00299318	0.2877
-337.5	101.833	0.00500871	0.4548
-333.0	101.833	0.00254291	0.2753
-328.5	101.833	0.00519508	0.4506
-324.0	101.833	0.00701911	0.4182
-319.5	101.833	0.00686851	0.4322
-315.0	101.833	0.00324207	0.1305
-310.5	101.833	0.00347662	0.2067
-306.0	101.833	0.00331904	0.162
-301.5	101.833	0.00466413	0.2629
-297.0	101.833	0.00551557	0.3334
-292.5	101.833	0.00691454	0.3236
-288.0	101.833	0.010011	0.2614
-283.5	101.833	0.0087383	0.294
-279.0	101.833	0.00469903	0.1375
-274.5	101.833	0.00683182	0.279
-270.0	101.833	0.00521799	0.2846
-265.5	101.833	0.0135659	0.3052
-261.0	101.833	0.0130486	0.291
-256.5	101.833	0.01004	0.3339
-252.0	101.833	0.0128185	0.2764
-247.5	101.833	0.00808625	0.2931
-243.0	101.833	0.0112207	0.2795
-238.5	101.833	0.0114575	0.255
-234.0	101.833	0.00875236	0.2259
-229.5	101.833	0.00715157	0.182
-225.0	101.833	0.0144592	0.2036
-220.5	101.833	0.0196937	0.2357
-216.0	101.833	0.0194849	0.2484
-211.5	101.833	0.0140366	0.3108
-207.0	101.833	0.0147301	0.2374
-202.5	101.833	0.0194974	0.2816
-198.0	101.833	0.0230159	0.2289
-193.5	101.833	0.027099	0.2037
-189.0	101.833	0.0296411	0.2276
-184.5	101.833	0.0334616	0.2353
-180.0	101.833	0.0393172	0.1919
-175.5	101.833	0.0318722	0.1788
-171.0	101.833	0.0308779	0.1916
-166.5	101.833	0.0310127	0.2186
-162.0	101.833	0.0426303	0.1851
-157.5	101.833	0.0436771	0.1648
-153.0	101.833	0.0478294	0.1485
-148.5	101.833	0.0651126	0.1599
-144.0	101.833	0.0521402	0.1486
-139.5	101.833	0.0539337	0.1458
-135.0	101.833	0.0670608	0.1479
-130.5	101.833	0.0748358	0.1408
-126.0	101.833	0.0656518	0.1265
-121.5	101.833	0.0864403	0.1222
-117.0	101.833	0.0793209	0.1376
-112.5	101.833	0.0861926	0.1248
-108.0	101.833	0.0852703	0.1238
-103.5	101.833	0.0982893	0.122
-99.0	101.833	0.100485	0.1214
-94.5	101.833	0.0957605	0.119
-90.0	101.833	0.0933974	0.109
-85.5	101.833	0.114788	0.1248
-81.0	101.833	0.141737	0.1036
-76.5	101.833	0.132588	0.0997
-72.0	101.833	0.127382	0.1139
-67.5	101.833	0.147549	0.1012
-63.0	101.833	0.140167	0.1032
-58.5	101.833	0.1483	0.0926
-54.0	101.833	0.16883	0.0985
-49.5	101.833	0.164623	0.0932
-45.0	101.833	0.169376	0.1019
-40.5	101.833	0.166282	0.0864
-36.0	101.833	0.201528	0.105
-31.5	101.833	0.196453	0.1415
-27.0	101.833	0.174257	0.0918
-22.5	101.833	0.177129	0.1004
-18.0	101.833	0.186423	0.106
-13.5	101.833	0.195961	0.09
-9.0	101.833	0.205218	0.1025
-4.5	101.833	0.185608	0.0886
0.0	101.833	0.238261	0.1048
4.5	101.833	0.215183	0.0907
9.0	101.833	0.249418	0.0805
13.5	101.833	0.214415	0.0882
18.0	101.833	0.20146	0.0952
22.5	101.833	0.221505	0.0935
27.0	101.833	0.20292	0.0869
31.5	101.833	0.219774	0.0853
36.0	101.833	0.196547	0.0821
40.5	101.833	0.206652	0.0828
45.0	101.833	0.223855	0.0922
49.5	101.833	0.191471	0.0886
54.0	101.833	0.189553	0.0868
58.5	101.833	0.19804	0.0919
63.0	101.833	0.172721	0.0868
67.5	101.833	0.190572	0.0827
72.0	101.833	0.173233	0.0879
76.5	101.833	0.199753	0.0848
81.0	101.833	0.173218	0.0978
85.5	101.833	0.156826	0.0928
90.0	101.833	0.169585	0.0939
94.5	101.833	0.136697	0.0971
99.0	101.833	0.148915	0.1034
103.5	101.833	0.141311	0.0999
108.0	101.833	0.117158	0.0987
112.5	101.833	0.126923	0.1074
117.0	101.833	0.146367	0.111
121.5	101.833	0.117555	0.1099
126.0	101.833	0.0954912	0.1095
130.5	101.833	0.113276	0.1089
135.0	101.833	0.0949684	0.1111
139.5	101.833	0.105881	0.1109
144.0	101.833	0.0840256	0.1163
148.5	101.833	0.0962448	0.1404
153.0	101.833	0.0780802	0.1255
157.5	101.833	0.0807909	0.1434
162.0	101.833	0.0785967	0.1298
166.5	101.833	0.0731136	0.1342
171.0	101.833	0.0917566	0.1227
175.5	101.833	0.0764251	0.119
180.0	101.833	0.0896485	0.1317
184.5	101.833	0.0640699	0.1428
189.0	101.833	0.0620586	0.1581
193.5	101.833	0.0849151	0.1315
198.0	101.833	0.0684879	0.139
202.5	101.833	0.0576145	0.1447
207.0	101.833	0.0590149	0.1532
211.5	101.833	0.0597765	0.1349
216.0	101.833	0.0474688	0.1472
220.5	101.833	0.0588613	0.1701
225.0	101.833	0.0430786	0.1667
229.5	101.833	0.0521267	0.1704
234.0	101.833	0.0468112	0.1866
238.5	101.833	0.0438415	0.1779
243.0	101.833	0.0409763	0.167
247.5	101.833	0.0376144	0.1547
252.0	101.833	0.0435477	0.1843
256.5	101.833	0.046647	0.1841
261.0	101.833	0.0402878	0.1871
265.5	101.833	0.0354356	0.1518
270.0	101.833	0.0316411	0.1823
274.5	101.833	0.0310992	0.1715
279.0	101.833	0.0389237	0.2167
283.5	101.833	0.0341643	0.1988
288.0	101.833	0.0323424	0.2147
292.5	101.833	0.0231715	0.2091
297.0	101.833	0.0333723	0.2024
301.5	101.833	0.018667	0.2192
306.0	101.833	0.0302794	0.2423
310.5	101.833	0.0222114	0.2285
315.0	101.833	0.0188362	0.2426
319.5	101.833	0.0344187	0.2073
324.0	101.833	0.0388261	0.1962
328.5	101.833	0.0258475	0.2625
333.0	101.833	0.023043	0.2546
337.5	101.833	0.0305193	0.2234
342.0	101.833	0.0143739	0.208
346.5	101.833	0.0240546	0.2511
351.0	101.833	0.022442	0.2737
355.5	101.833	0.0228092	0.2678
360.0	101.833	0.0149817	0.2993
364.5	101.833	0.0184309	0.3019
369.0	101.833	0.0214129	0.2442
373.5	101.833	0.0185878	0.279
378.0	101.833	0.0109514	0.3245
382.5	101.833	0.00300996	0.328
387.0	101.833	0.00367799	0.3207
391.5	101.833	0.0104446	0.455
396.0	101.833	0.00667295	0.4328
400.5	101.833	0.00300795	0.5135
405.0	101.833	0.00502738	0.462
409.5	101.833	0.00445558	0.4163
414.0	101.833	0.00533201	0.4837
418.5	101.833	0.00491468	0.5007
423.0	101.833	0.00577925	0.4321
427.5	101.833	0.00765799	0.3972
432.0	101.833	0.00478582	0.4543
436.5	101.833	0.00460488	0.4161
441.0	101.833	0.0109903	0.4197
445.5	101.833	0.00306242	0.3939
-450.0	104.4	0.000662354	0.2235
-445.5	104.4	0.00200431	0.7521
-441.0	104.4	0.00135466	0.4529
-436.5	104.4	0.00149591	0.7361
-432.0	104.4	0.00323711	0.8983
-427.5	104.4	0.000417052	0.3019
-423.0	104.4	0.000512133	0.2816
-418.5	104.4	0.000386393	0.2857
-414.0	104.4	0.000428956	0.2967
-409.5	104.4	0.00101129	0.7788
-405.0	104.4	0.000354272	0.3703
-400.5	104.4	0.000515213	0.2713
-396.0	104.4	0.000341665	0.2962
-391.5	104.4	0.00039267	0.2572
-387.0	104.4	0.000750065	0.22
-382.5	104.4	0.00118228	0.4685
-378.0	104.4	0.00128167	0.1748
-373.5	104.4	0.00102822	0.1936
-369.0	104.4	0.00204714	0.312
-364.5	104.4	0.00277167	0.4534
-360.0	104.4	0.00129302	0.1512
-355.5	104.4	0.00195942	0.1506
-351.0	104.4	0.00208613	0.2262
-346.5	104.4	0.00265509	0.141
-342.0	104.4	0.00350194	0.372
-337.5	104.4	0.00200071	0.1363
-333.0	104.4	0.00621711	0.4674
-328.5	104.4	0.00638558	0.3713
-324.0	104.4	0.00427085	0.4053
-319.5	104.4	0.00236397	0.1305
-315.0	104.4	0.0031555	0.1771
-310.5	104.4	0.00558944	0.3265
-306.0	104.4	0.00533317	0.2635
-301.5	104.4	0.00402142	0.3098
-297.0	104.4	0.00915002	0.3887
-292.5	104.4	0.00438133	0.277
-288.0	104.4	0.00442916	0.3387
-283.5	104.4	0.00713989	0.3169
-279.0	104.4	0.0110966	0.3317
-274.5	104.4	0.00533712	0.2794
-270.0	104.4	0.0119951	0.3749
-265.5	104.4	0.0100131	0.3637
-261.0	104.4	0.00885343	0.2544
-256.5	104.4	0.0130734	0.3351
-252.0	104.4	0.00777055	0.2197
-247.5	104.4	0.0146441	0.2435
-243.0	104.4	0.0155737	0.2975
-238.5	104.4	0.0103876	0.3454
-234.0	104.4	0.0162782	0.2548
-229.5	104.4	0.0205659	0.2589
-225.0	104.4	0.0252403	0.2213
-220.5	104.4	0.0125601	0.2629
-216.0	104.4	0.0118165	0.2509
-211.5	104.4	0.0179512	0.312
-207.0	104.4	0.017318	0.2429
-202.5	104.4	0.018382	0.2454
-198.0	104.4	0.0266323	0.244
-193.5	104.4	0.0381552	0.2198
-189.0	104.4	0.0305463	0.2067
-184.5	104.4	0.0228391	0.2341
-180.0	104.4	0.022034	0.1893
-175.5	104.4	0.0256232	0.2039
-171.0	104.4	0.0289938	0.1891
-166.5	104.4	0.0361609	0.185
-162.0	104.4	0.0309611	0.1703
-157.5	104.4	0.0363902	0.1663
-153.0	104.4	0.0462927	0.1971
-148.5	104.4	0.0591496	0.2328
-144.0	104.4	0.0594275	0.1603
-139.5	104.4	0.0501301	0.1677
-135.0	104.4	0.0522602	0.1695
-130.5	104.4	0.0759066	0.1352
-126.0	104.4	0.0428149	0.1446
-121.5	104.4	0.0807278	0.1352
-117.0	104.4	0.0734581	0.1384
-112.5	104.4	0.0821815	0.1274
-108.0	104.4	0.0838579	0.1307
-103.5	104.4	0.0872636	0.1204
-99.0	104.4	0.080697	0.131
-94.5	104.4	0.0858522	0.1139
-90.0	104.4	0.104471	0.1062
-85.5	104.4	0.128168	0.1024
-81.0	104.4	0.148964	0.122
-76.5	104.4	0.114643	0.1036
-72.0	104.4	0.113066	0.1074
-67.5	104.4	0.126864	0.0989
-63.0	104.4	0.135226	0.1043
-58.5	104.4	0.137514	0.1017
-54.0	104.4	0.146565	0.1104
-49.5	104.4	0.140418	0.0978
-45.0	104.4	0.187102	0.1027
-40.5	104.4	0.184622	0.0965
-36.0	104.4	0.180582	0.13
-31.5	104.4	0.182944	0.103
-27.0	104.4	0.19564	0.0941
-22.5	104.4	0.183932	0.0938
-18.0	104.4	0.176056	0.1247
-13.5	104.4	0.188761	0.0929
-9.0	104.4	0.215891	0.0897
-4.5	104.4	0.179913	0.1028
0.0	104.4	0.196909	0.1074
4.5	104.4	0.22306	0.0966
9.0	104.4	0.236092	0.0859
13.5	104.4	0.202122	0.0868
18.0	104.4	0.22102	0.0842
22.5	104.4	0.177909	0.1085
27.0	104.4	0.246625	0.0861
31.5	104.4	0.201252	0.0866
36.0	104.4	0.206467	0.0863
40.5	104.4	0.221041	0.0865
45.0	104.4	0.212388	0.0851
49.5	104.4	0.192845	0.0898
54.0	104.4	0.175802	0.0894
58.5	104.4	0.194578	0.0905
63.0	104.4	0.174018	0.087
67.5	104.4	0.187123	0.0905
72.0	104.4	0.180147	0.1239
76.5	104.4	0.183336	0.0938
81.0	104.4	0.166086	0.0969
85.5	104.4	0.155721	0.0962
90.0	104.4	0.140617	0.104
94.5	104.4	0.112529	0.099
99.0	104.4	0.153928	0.1017
103.5	104.4	0.126119	0.1149
108.0	104.4	0.159659	0.1007
112.5	104.4	0.137274	0.1068
117.0	104.4	0.121006	0.1123
121.5	104.4	0.128402	0.1154
126.0	104.4	0.101121	0.1187
130.5	104.4	0.108034	0.1017
135.0	104.4	0.114129	0.1167
139.5	104.4	0.106354	0.1095
144.0	104.4	0.100593	0.1173
148.5	104.4	0.0946266	0.1149
153.0	104.4	0.0846721	0.1336
157.5	104.4	0.0872806	0.134
162.0	104.4	0.0787651	0.1202
166.5	104.4	0.0825077	0.1344
171.0	104.4	0.0817317	0.1294
175.5	104.4	0.0775363	0.1461
180.0	104.4	0.0613766	0.1322
184.5	104.4	0.0710817	0.1466
189.0	104.4	0.0637384	0.1371
193.5	104.4	0.0680688	0.1208
198.0	104.4	0.0563219	0.1504
202.5	104.4	0.0672928	0.1537
207.0	104.4	0.0543206	0.1618
211.5	104.4	0.055798	0.161
216.0	104.4	0.0613611	0.1447
220.5	104.4	0.0475255	0.1543
225.0	104.4	0.0433843	0.1706
229.5	104.4	0.0390031	0.1494
234.0	104.4	0.0457754	0.1761
238.5	104.4	0.0327682	0.1609
243.0	104.4	0.0426819	0.1667
247.5	104.4	0.041124	0.1644
252.0	104.4	0.037543	0.237
256.5	104.4	0.0308961	0.195
261.0	104.4	0.0450475	0.168
265.5	104.4	0.038862	0.1702
270.0	104.4	0.0394613	0.1944
274.5	104.4	0.0295296	0.2072
279.0	104.4	0.0241301	0.1976
283.5	104.4	0.0167014	0.1969
288.0	104.4	0.0313456	0.2043
292.5	104.4	0.0303334	0.1942
297.0	104.4	0.0290576	0.2099
301.5	104.4	0.0199089	0.2519
306.0	104.4	0.0249349	0.2319
310.5	104.4	0.0321675	0.2087
315.0	104.4	0.0186314	0.247
319.5	104.4	0.0193452	0.2132
324.0	104.4	0.0334342	0.2195
328.5	104.4	0.0163484	0.2388
333.0	104.4	0.021446	0.235
337.5	104.4	0.0189696	0.2264
342.0	104.4	0.0222708	0.2871
346.5	104.4	0.0195371	0.2633
351.0	104.4	0.0132865	0.2658
355.5	104.4	0.00781284	0.2906
360.0	104.4	0.0100025	0.3219
364.5	104.4	0.00927719	0.3258
369.0	104.4	0.0174991	0.2918
373.5	104.4	0.00874718	0.3349
378.0	104.4	0.00977161	0.5695
382.5	104.4	0.00928207	0.3813
387.0	104.4	0.00852176	0.3293
391.5	104.4	0.00184177	0.2781
396.0	104.4	0.00626251	0.5783
400.5	104.4	0.00314554	0.4486
405.0	104.4	0.00671637	0.4359
409.5	104.4	0.00609667	0.5324
414.0	104.4	0.00311625	0.4847
418.5	104.4	0.00133717	0.3091
423.0	104.4	0.00392844	0.3889
427.5	104.4	0.00555781	0.4119
432.0	104.4	0.00358905	0.4599
436.5	104.4	0.00833456	0.4263
441.0	104.4	0.00543601	0.3808
445.5	104.4	0.00531544	0.3857
-450.0	106.967	0.00276571	0.7806
-445.5	106.967	0.000451213	0.2659
-441.0	106.967	0.00216351	0.572
-436.5	106.967	0.00165009	0.6899
-432.0	106.967	0.00295784	0.6528
-427.5	106.967	0.00113253	0.4482
-423.0	106.967	0.00119803	0.5305
-418.5	106.967	0.00191639	0.7891
-414.0	106.967	0.00202965	0.7457
-409.5	106.967	0.000673341	0.2889
-405.0	106.967	0.000298771	0.4379
-400.5	106.967	0.000612738	0.2861
-396.0	106.967	0.000587336	0.3042
-391.5	106.967	0.0020765	0.6209
-387.0	106.967	0.000800805	0.2035
-382.5	106.967	0.00340915	0.7227
-378.0	106.967	0.000722605	0.1988
-373.5	106.967	0.000757793	0.1852
-369.0	106.967	0.00145373	0.1538
-364.5	106.967	0.00182383	0.3048
-360.0	106.967	0.00230604	0.1947
-355.5	106.967	0.00209687	0.1426
-351.0	106.967	0.00500007	0.3418
-346.5	106.967	0.00233278	0.1477
-342.0	106.967	0.00352742	0.4453
-337.5	106.967	0.00574546	0.5953
-333.0	106.967	0.00812718	0.3652
-328.5	106.967	0.00565463	0.4023
-324.0	106.967	0.0028886	0.1235
-319.5	106.967	0.0039218	0.3007
-315.0	106.967	0.00256524	0.1187
-310.5	106.967	0.0073242	0.3494
-306.0	106.967	0.00870092	0.4929
-301.5	106.967	0.00370988	0.2067
-297.0	106.967	0.00725434	0.3761
-292.5	106.967	0.00565886	0.3524
-288.0	106.967	0.0031634	0.1071
-283.5	106.967	0.0100634	0.2803
-279.0	106.967	0.00577584	0.252
-274.5	106.967	0.00560763	0.4424
-270.0	106.967	0.00566365	0.2908
-265.5	106.967	0.00784289	0.4504
-261.0	106.967	0.018728	0.3717
-256.5	106.967	0.00682204	0.2594
-252.0	106.967	0.0109026	0.3313
-247.5	106.967	0.00818106	0.2726
-243.0	106.967	0.0110308	0.2969
-238.5	106.967	0.0129205	0.2677
-234.0	106.967	0.011682	0.3209
-229.5	106.967	0.016552	0.2538
-225.0	106.967	0.010015	0.2129
-220.5	106.967	0.0165445	0.2631
-216.0	106.967	0.0202467	0.2532
-211.5	106.967	0.01837	0.2752
-207.0	106.967	0.0214745	0.2585
-202.5	106.967	0.0220324	0.2504
-198.0	106.967	0.0324186	0.24
-193.5	106.967	0.0277954	0.2073
-189.0	106.967	0.0274885	0.2188
-184.5	106.967	0.0318882	0.2457
-180.0	106.967	0.0236993	0.1953
-175.5	106.967	0.022644	0.2487
-171.0	106.967	0.0273408	0.2092
-166.5	106.967	0.0297165	0.1854
-162.0	106.967	0.0524532	0.1851
-157.5	106.967	0.0474356	0.1641
-153.0	106.967	0.0503507	0.1725
-148.5	106.967	0.0519052	0.1665
-144.0	106.967	0.0486672	0.1514
-139.5	106.967	0.0487703	0.1502
-135.0	106.967	0.0457627	0.159
-130.5	106.967	0.0537814	0.1582
-126.0	106.967	0.0604568	0.1302
-121.5	106.967	0.0690134	0.1373
-117.0	106.967	0.0768093	0.1327
-112.5	106.967	0.100837	0.1313
-108.0	106.967	0.0887262	0.1282
-103.5	106.967	0.0724103	0.1254
-99.0	106.967	0.0911858	0.1251
-94.5	106.967	0.0801578	0.1302
-90.0	106.967	0.118986	0.1091
-85.5	106.967	0.108644	0.1074
-81.0	106.967	0.107617	0.1095
-76.5	106.967	0.111582	0.1121
-72.0	106.967	0.0889703	0.1119
-67.5	106.967	0.134136	0.113
-63.0	106.967	0.115911	0.111
-58.5	106.967	0.14372	0.0977
-54.0	106.967	0.167153	0.1045
-49.5	106.967	0.155243	0.1036
-45.0	106.967	0.154458	0.1053
-40.5	106.967	0.166142	0.0888
-36.0	106.967	0.178951	0.0909
-31.5	106.967	0.190385	0.1017
-27.0	106.967	0.174614	0.0905
-22.5	106.967	0.174407	0.0964
-18.0	106.967	0.192017	0.0941
-13.5	106.967	0.203292	0.0888
-9.0	106.967	0.199385	0.0879
-4.5	106.967	0.22027	0.0932
0.0	106.967	0.198483	0.101
4.5	106.967	0.202736	0.095
9.0	106.967	0.195745	0.0934
13.5	106.967	0.194844	0.0859
18.0	106.967	0.18611	0.0927
22.5	106.967	0.211712	0.0967
27.0	106.967	0.183731	0.087
31.5	106.967	0.212679	0.0902
36.0	106.967	0.191768	0.0875
40.5	106.967	0.221481	0.0878
45.0	106.967	0.204654	0.0901
49.5	106.967	0.193832	0.0843
54.0	106.967	0.204739	0.0942
58.5	106.967	0.173481	0.0891
63.0	106.967	0.182406	0.089
67.5	106.967	0.173087	0.0911
72.0	106.967	0.163562	0.1014
76.5	106.967	0.170822	0.0887
81.0	106.967	0.150861	0.0953
85.5	106.967	0.179624	0.0898
90.0	106.967	0.148084	0.1024
94.5	106.967	0.13704	0.0989
99.0	106.967	0.153442	0.1067
103.5	106.967	0.115475	0.1132
108.0	106.967	0.155171	0.1019
112.5	106.967	0.161276	0.1264
117.0	106.967	0.13204	0.1083
121.5	106.967	0.116949	0.1182
126.0	106.967	0.0996019	0.1131
130.5	106.967	0.112152	0.1125
135.0	106.967	0.142394	0.2681
139.5	106.967	0.0911683	0.1208
144.0	106.967	0.0989553	0.1118
148.5	106.967	0.103535	0.1135
153.0	106.967	0.0789351	0.1213
157.5	106.967	0.0786912	0.1251
162.0	106.967	0.0838804	0.1256
166.5	106.967	0.0589087	0.1371
171.0	106.967	0.071395	0.1333
175.5	106.967	0.0627862	0.1508
180.0	106.967	0.0644852	0.1362
184.5	106.967	0.0643503	0.1418
189.0	106.967	0.0619124	0.1585
193.5	106.967	0.0746193	0.1312
198.0	106.967	0.0693171	0.135
202.5	106.967	0.0574566	0.1536
207.0	106.967	0.0599115	0.1652
211.5	106.967	0.0471721	0.168
216.0	106.967	0.0658457	0.1449
220.5	106.967	0.0455829	0.162
225.0	106.967	0.0471367	0.1625
229.5	106.967	0.0434234	0.1654
234.0	106.967	0.0486349	0.1601
238.5	106.967	0.0503133	0.159
243.0	106.967	0.0346172	0.1998
247.5	106.967	0.0452925	0.1777
252.0	106.967	0.0305711	0.1899
256.5	106.967	0.040089	0.1736
261.0	106.967	0.0465057	0.1806
265.5	106.967	0.0410528	0.1962
270.0	106.967	0.0322901	0.1923
274.5	106.967	0.037379	0.1917
279.0	106.967	0.0270744	0.2136
283.5	106.967	0.0415604	0.1958
288.0	106.967	0.0234306	0.207
292.5	106.967	0.0245487	0.2139
297.0	106.967	0.020164	0.2283
301.5	106.967	0.0202234	0.2364
306.0	106.967	0.0256101	0.2059
310.5	106.967	0.0241333	0.216
315.0	106.967	0.0308156	0.1978
319.5	106.967	0.0201778	0.2419
324.0	106.967	0.0247758	0.2127
328.5	106.967	0.0319648	0.2132
333.0	106.967	0.0206643	0.2731
337.5	106.967	0.0172742	0.2759
342.0	106.967	0.02006	0.2282
346.5	106.967	0.0185649	0.2483
351.0	106.967	0.0208433	0.291
355.5	106.967	0.0109573	0.2903
360.0	106.967	0.0164912	0.3251
364.5	106.967	0.0137445	0.343
369.0	106.967	0.0118066	0.3493
373.5	106.967	0.0149286	0.3153
378.0	106.967	0.00809853	0.343
382.5	106.967	0.0160123	0.3457
387.0	106.967	0.0109968	0.4286
391.5	106.967	0.00852653	0.5343
396.0	106.967	0.00415196	0.4542
400.5	106.967	0.00605614	0.7158
405.0	106.967	0.00113314	0.2816
409.5	106.967	0.00408452	0.5252
414.0	106.967	0.00494143	0.8207
418.5	106.967	0.00322593	0.4124
423.0	106.967	0.00513007	0.4376
427.5	106.967	0.00799641	0.461
432.0	106.967	0.00872732	0.3399
436.5	106.967	0.0054232	0.4235
441.0	106.967	0.00460392	0.4363
445.5	106.967	0.00516058	0.3948
-450.0	109.533	0.00394355	0.8296
-445.5	109.533	0.00532139	0.6761
-441.0	109.533	0.00600647	0.5142
-436.5	109.533	0.0031511	0.6043
-432.0	109.533	0.00176775	0.8536
-427.5	109.533	0.00171643	0.879
-423.0	109.533	0.00134085	0.6901
-418.5	109.533	0.000345558	0.2704
-414.0	109.533	0.000328939	0.3113
-409.5	109.533	0.000248517	0.3845
-405.0	109.533	0.000337557	0.3059
-400.5	109.533	0.000587114	0.3422
-396.0	109.533	0.00171001	0.561
-391.5	109.533	0.00241929	0.5692
-387.0	109.533	0.00143394	0.515
-382.5	109.533	0.000919729	0.186
-378.0	109.533	0.000933899	0.2017
-373.5	109.533	0.00108565	0.1672
-369.0	109.533	0.00508674	0.7694
-364.5	109.533	0.0053214	0.5358
-360.0	109.533	0.00229139	0.1937
-355.5	109.533	0.00240109	0.3952
-351.0	109.533	0.00413312	0.341
-346.5	109.533	0.00556841	0.4401
-342.0	109.533	0.00331741	0.2795
-337.5	109.533	0.00328281	0.2356
-333.0	109.533	0.00284341	0.2488
-328.5	109.533	0.0041229	0.3173
-324.0	109.533	0.00322032	0.2126
-319.5	109.533	0.00512495	0.3489
-315.0	109.533	0.00779371	0.4208
-310.5	109.533	0.00813189	0.4839
-306.0	109.533	0.00419298	0.2939
-301.5	109.533	0.00265652	0.1179
-297.0	109.533	0.00626622	0.3886
-292.5	109.533	0.00418088	0.1993
-288.0	109.533	0.00493245	0.1945
-283.5	109.533	0.00913945	0.3382
-279.0	109.533	0.00859496	0.3265
-274.5	109.533	0.0157023	0.3628
-270.0	109.533	0.0114455	0.3958
-265.5	109.533	0.011315	0.2832
-261.0	109.533	0.00839103	0.2829
-256.5	109.533	0.0111416	0.3605
-252.0	109.533	0.00864067	0.2514
-247.5	109.533	0.0109698	0.2298
-243.0	109.533	0.011912	0.2253
-238.5	109.533	0.0101652	0.247
-234.0	109.533	0.00925462	0.2815
-229.5	109.533	0.0166716	0.2875
-225.0	109.533	0.0127841	0.2572
-220.5	109.533	0.0183766	0.2162
-216.0	109.533	0.0165762	0.3055
-211.5	109.533	0.0215529	0.2509
-207.0	109.533	0.0258168	0.2455
-202.5	109.533	0.0267955	0.2251
-198.0	109.533	0.0196774	0.286
-193.5	109.533	0.0217701	0.2818
-189.0	109.533	0.0284346	0.2645
-184.5	109.533	0.03331	0.192
-180.0	109.533	0.0235174	0.1926
-175.5	109.533	0.0286473	0.2032
-171.0	109.533	0.0349161	0.1839
-166.5	109.533	0.0357436	0.1786
-162.0	109.533	0.0453222	0.1648
-157.5	109.533	0.0393774	0.1777
-153.0	109.533	0.0574714	0.1687
-148.5	109.533	0.0549238	0.167
-144.0	109.533	0.0465151	0.1661
-139.5	109.533	0.0499377	0.1498
-135.0	109.533	0.0412335	0.166
-130.5	109.533	0.0692976	0.1637
-126.0	109.533	0.0550119	0.1613
-121.5	109.533	0.0608998	0.15
-117.0	109.533	0.0870239	0.1346
-112.5	109.533	0.0744255	0.1783
-108.0	109.533	0.0866296	0.1327
-103.5	109.533	0.0885514	0.1354
-99.0	109.533	0.0985035	0.1163
-94.5	109.533	0.0966865	0.1318
-90.0	109.533	0.102695	0.1179
-85.5	109.533	0.130876	0.139
-81.0	109.533	0.0851811	0.1168
-76.5	109.533	0.126774	0.1053
-72.0	109.533	0.130321	0.0999
-67.5	109.533	0.137966	0.1095
-63.0	109.533	0.136574	0.1058
-58.5	109.533	0.150202	0.0985
-54.0	109.533	0.154596	0.1012
-49.5	109.533	0.169019	0.1049
-45.0	109.533	0.14301	0.1026
-40.5	109.533	0.163591	0.0933
-36.0	109.533	0.172288	0.096
-31.5	109.533	0.181328	0.0921
-27.0	109.533	0.156662	0.1165
-22.5	109.533	0.20446	0.1062
-18.0	109.533	0.176829	0.0939
-13.5	109.533	0.196339	0.1003
-9.0	109.533	0.192161	0.0965
-4.5	109.533	0.184736	0.096
0.0	109.533	0.177371	0.0909
4.5	109.533	0.196917	0.085
9.0	109.533	0.21198	0.093
13.5	109.533	0.20522	0.0887
18.0	109.533	0.198821	0.0842
22.5	109.533	0.19696	0.0883
27.0	109.533	0.207971	0.1087
31.5	109.533	0.195237	0.0884
36.0	109.533	0.159572	0.0934
40.5	109.533	0.178996	0.0897
45.0	109.533	0.164883	0.0887
49.5	109.533	0.202173	0.0949
54.0	109.533	0.159088	0.0915
58.5	109.533	0.158307	0.0972
63.0	109.533	0.171583	0.0946
67.5	109.533	0.140205	0.1005
72.0	109.533	0.191998	0.0902
76.5	109.533	0.157726	0.0968
81.0	109.533	0.14821	0.0969
85.5	109.533	0.151561	0.0913
90.0	109.533	0.13437	0.1
94.5	109.533	0.139707	0.0997
99.0	109.533	0.129378	0.1081
103.5	109.533	0.120169	0.1028
108.0	109.533	0.130334	0.111
112.5	109.533	0.105538	0.1297
117.0	109.533	0.117973	0.1129
121.5	109.533	0.104593	0.1105
126.0	109.533	0.0956119	0.105
130.5	109.533	0.084545	0.1157
135.0	109.533	0.10361	0.1166
139.5	109.533	0.0830238	0.1193
144.0	109.533	0.0783858	0.1146
148.5	109.533	0.117177	0.1195
153.0	109.533	0.0916036	0.1136
157.5	109.533	0.0846891	0.1194
162.0	109.533	0.0825992	0.1308
166.5	109.533	0.0767078	0.1362
171.0	109.533	0.076022	0.132
175.5	109.533	0.0792067	0.136
180.0	109.533	0.0681805	0.1406
184.5	109.533	0.0627723	0.1512
189.0	109.533	0.0825616	0.1355
193.5	109.533	0.0707647	0.1326
198.0	109.533	0.0579182	0.1627
202.5	109.533	0.0597911	0.1525
207.0	109.533	0.0470308	0.1685
211.5	109.533	0.0445062	0.161
216.0	109.533	0.0496596	0.1528
220.5	109.533	0.0527469	0.1623
225.0	109.533	0.0440014	0.1766
229.5	109.533	0.0526457	0.1651
234.0	109.533	0.0360615	0.1563
238.5	109.533	0.0346224	0.1791
243.0	109.533	0.0372987	0.1967
247.5	109.533	0.0557643	0.1592
252.0	109.533	0.0446426	0.163
256.5	109.533	0.032218	0.1846
261.0	109.533	0.0397977	0.1875
265.5	109.533	0.0378298	0.2009
270.0	109.533	0.0264881	0.1752
274.5	109.533	0.0242266	0.2173
279.0	109.533	0.0354703	0.2263
283.5	109.533	0.0346661	0.2141
288.0	109.533	0.026153	0.2411
292.5	109.533	0.0244786	0.2185
297.0	109.533	0.0292517	0.2261
301.5	109.533	0.0337008	0.2093
306.0	109.533	0.0218128	0.2218
310.5	109.533	0.0170511	0.2764
315.0	109.533	0.0220962	0.2104
319.5	109.533	0.0231776	0.2356
324.0	109.533	0.0124472	0.2201
328.5	109.533	0.0232975	0.217
333.0	109.533	0.0212982	0.2638
337.5	109.533	0.0152576	0.2739
342.0	109.533	0.0170557	0.2906
346.5	109.533	0.0144816	0.2437
351.0	109.533	0.0111316	0.253
355.5	109.533	0.0154776	0.2774
360.0	109.533	0.00984537	0.286
364.5	109.533	0.00764389	0.312
369.0	109.533	0.0093969	0.2906
373.5	109.533	0.010487	0.3105
378.0	109.533	0.0115928	0.362
382.5	109.533	0.00887571	0.2915
387.0	109.533	0.00959828	0.5145
391.5	109.533	0.00947323	0.478
396.0	109.533	0.0149113	0.4148
400.5	109.533	0.0131859	0.3682
405.0	109.533	0.00658855	0.5801
409.5	109.533	0.00862412	0.4859
414.0	109.533	0.00663611	0.4173
418.5	109.533	0.00587036	0.5762
423.0	109.533	0.0103581	0.4726
427.5	109.533	0.00926154	0.558
432.0	109.533	0.00459771	0.3868
436.5	109.533	0.00421819	0.7125
441.0	109.533	0.00256961	0.4835
445.5	109.533	0.00346509	0.3976
-450.0	112.1	0.00227476	0.5962
-445.5	112.1	0.00140275	0.5493
-441.0	112.1	0.000409484	0.28
-436.5	112.1	0.00166212	0.5976
-432.0	112.1	0.00253885	0.8903
-427.5	112.1	0.00240949	0.8498
-423.0	112.1	0.000523666	0.2389
-418.5	112.1	0.000258447	0.3285
-414.0	112.1	0.00157525	0.7989
-409.5	112.1	0.000959884	0.5199
-405.0	112.1	0.00378962	0.4911
-400.5	112.1	0.00392413	0.6053
-396.0	112.1	0.00156494	0.3156
-391.5	112.1	0.000870759	0.2236
-387.0	112.1	0.000820714	0.1983
-382.5	112.1	0.00063011	0.2257
-378.0	112.1	0.000634131	0.2381
-373.5	112.1	0.00455993	0.5278
-369.0	112.1	0.00113677	0.1928
-364.5	112.1	0.002536	0.4103
-360.0	112.1	0.00166222	0.1407
-355.5	112.1	0.00303731	0.422
-351.0	112.1	0.00215361	0.1306
-346.5	112.1	0.00173767	0.1497
-342.0	112.1	0.00366743	0.2598
-337.5	112.1	0.00268016	0.1563
-333.0	112.1	0.00634329	0.3132
-328.5	112.1	0.00661203	0.2932
-324.0	112.1	0.00382958	0.2373
-319.5	112.1	0.0115386	0.328
-315.0	112.1	0.00579032	0.4684
-310.5	112.1	0.00416594	0.293
-306.0	112.1	0.00265594	0.1101
-301.5	112.1	0.00350857	0.267
-297.0	112.1	0.00844692	0.3991
-292.5	112.1	0.00850346	0.3992
-288.0	112.1	0.00789756	0.3303
-283.5	112.1	0.00938385	0.4532
-279.0	112.1	0.00964347	0.4011
-274.5	112.1	0.0119004	0.3466
-270.0	112.1	0.00814473	0.2723
-265.5	112.1	0.0118512	0.3304
-261.0	112.1	0.0141344	0.3647
-256.5	112.1	0.00599199	0.2535
-252.0	112.1	0.0140714	0.3008
-247.5	112.1	0.0106889	0.245
-243.0	112.1	0.0154246	0.2885
-238.5	112.1	0.0104255	0.3077
-234.0	112.1	0.00934838	0.244
-229.5	112.1	0.0155192	0.3233
-225.0	112.1	0.0260375	0.2913
-220.5	112.1	0.032907	0.2294
-216.0	112.1	0.0257742	0.2238
-211.5	112.1	0.023286	0.2688
-207.0	112.1	0.0331078	0.2609
-202.5	112.1	0.0187949	0.2742
-198.0	112.1	0.0241369	0.281
-193.5	112.1	0.0253422	0.2129
-189.0	112.1	0.0296014	0.1971
-184.5	112.1	0.0291133	0.255
-180.0	112.1	0.0260506	0.1902
-175.5	112.1	0.0167794	0.2002
-171.0	112.1	0.0381229	0.2088
-166.5	112.1	0.0364545	0.2083
-162.0	112.1	0.0426432	0.18
-157.5	112.1	0.0464016	0.1733
-153.0	112.1	0.0447999	0.1742
-148.5	112.1	0.0532815	0.1794
-144.0	112.1	0.046812	0.1632
-139.5	112.1	0.037392	0.1767
-135.0	112.1	0.0447924	0.1628
-130.5	112.1	0.048638	0.15
-126.0	112.1	0.0700312	0.1429
-121.5	112.1	0.0727069	0.1358
-117.0	112.1	0.0738476	0.1337
-112.5	112.1	0.0841111	0.1235
-108.0	112.1	0.0765283	0.1338
-103.5	112.1	0.102116	0.1364
-99.0	112.1	0.0983328	0.1155
-94.5	112.1	0.096519	0.1139
-90.0	112.1	0.104823	0.1137
-85.5	112.1	0.126309	0.1084
-81.0	112.1	0.127689	0.1102
-76.5	112.1	0.127929	0.1077
-72.0	112.1	0.106145	0.116
-67.5	112.1	0.132119	0.1112
-63.0	112.1	0.147273	0.1046
-58.5	112.1	0.145988	0.1039
-54.0	112.1	0.148267	0.1023
-49.5	112.1	0.154693	0.1411
-45.0	112.1	0.178155	0.0945
-40.5	112.1	0.145124	0.1059
-36.0	112.1	0.177357	0.0931
-31.5	112.1	0.178734	0.1002
-27.0	112.1	0.160839	0.1025
-22.5	112.1	0.180767	0.1248
-18.0	112.1	0.175173	0.0959
-13.5	112.1	0.206438	0.0944
-9.0	112.1	0.206788	0.0994
-4.5	112.1	0.212325	0.0983
0.0	112.1	0.192478	0.1013
4.5	112.1	0.213019	0.0879
9.0	112.1	0.177761	0.089
13.5	112.1	0.203457	0.1243
18.0	112.1	0.195942	0.117
22.5	112.1	0.177977	0.0961
27.0	112.1	0.198649	0.0941
31.5	112.1	0.195642	0.0936
36.0	112.1	0.176173	0.0902
40.5	112.1	0.175163	0.0957
45.0	112.1	0.185654	0.0942
49.5	112.1	0.178458	0.0909
54.0	112.1	0.134981	0.0999
58.5	112.1	0.136242	0.0939
63.0	112.1	0.177002	0.0959
67.5	112.1	0.159359	0.0964
72.0	112.1	0.165846	0.089
76.5	112.1	0.174704	0.0877
81.0	112.1	0.155556	0.0944
85.5	112.1	0.150262	0.0919
90.0	112.1	0.158225	0.1083
94.5	112.1	0.135251	0.1098
99.0	112.1	0.13182	0.1111
103.5	112.1	0.119411	0.1035
108.0	112.1	0.120469	0.1073
112.5	112.1	0.102805	0.1352
117.0	112.1	0.116315	0.1244
121.5	112.1	0.102467	0.1118
126.0	112.1	0.0787929	0.1125
130.5	112.1	0.0905202	0.1172
135.0	112.1	0.107441	0.1121
139.5	112.1	0.075428	0.1153
144.0	112.1	0.0781529	0.1262
148.5	112.1	0.0830808	0.1217
153.0	112.1	0.0820079	0.123
157.5	112.1	0.0801904	0.132
162.0	112.1	0.0895335	0.1338
166.5	112.1	0.0963102	0.1406
171.0	112.1	0.0749738	0.1347
175.5	112.1	0.0555922	0.1329
180.0	112.1	0.0518782	0.1362
184.5	112.1	0.0603817	0.1635
189.0	112.1	0.0711008	0.1447
193.5	112.1	0.063367	0.1488
198.0	112.1	0.0544976	0.148
202.5	112.1	0.057893	0.1365
207.0	112.1	0.0389272	0.1645
211.5	112.1	0.0496181	0.1866
216.0	112.1	0.0329376	0.1619
220.5	112.1	0.0470827	0.1626
225.0	112.1	0.0389281	0.1554
229.5	112.1	0.0428472	0.1591
234.0	112.1	0.0454855	0.1885
238.5	112.1	0.0281298	0.1673
243.0	112.1	0.0321486	0.2096
247.5	112.1	0.0418371	0.168
252.0	112.1	0.0413288	0.2251
256.5	112.1	0.0248573	0.2071
261.0	112.1	0.0246383	0.2007
265.5	112.1	0.0399714	0.1888
270.0	112.1	0.0451458	0.1803
274.5	112.1	0.0261594	0.2107
279.0	112.1	0.026424	0.236
283.5	112.1	0.0291763	0.2246
288.0	112.1	0.0280383	0.2141
292.5	112.1	0.0312822	0.2252
297.0	112.1	0.0197472	0.2187
301.5	112.1	0.0265394	0.1958
306.0	112.1	0.0254047	0.2024
310.5	112.1	0.0248913	0.2391
315.0	112.1	0.0235128	0.2184
319.5	112.1	0.0243802	0.2202
324.0	112.1	0.0125283	0.2137
328.5	112.1	0.0211717	0.2448
333.0	112.1	0.0174933	0.2681
337.5	112.1	0.00991477	0.2657
342.0	112.1	0.0159087	0.2605
346.5	112.1	0.0121615	0.2482
351.0	112.1	0.0141966	0.2934
355.5	112.1	0.0103999	0.2881
360.0	112.1	0.015707	0.3078
364.5	112.1	0.0114038	0.3348
369.0	112.1	0.00626291	0.281
373.5	112.1	0.00703709	0.4097
378.0	112.1	0.00818358	0.3803
382.5	112.1	0.00755462	0.5006
387.0	112.1	0.00399696	0.3705
391.5	112.1	0.00212667	0.3369
396.0	112.1	0.0110785	0.4459
400.5	112.1	0.00955768	0.4151
405.0	112.1	0.00692979	0.6746
409.5	112.1	0.00301878	0.4538
414.0	112.1	0.0068295	0.5526
418.5	112.1	0.00661263	0.5759
423.0	112.1	0.00707253	0.5023
427.5	112.1	0.0126651	0.4798
432.0	112.1	0.00790049	0.5575
436.5	112.1	0.0116214	0.5106
441.0	112.1	0.00494869	0.769
445.5	112.1	0.00215617	0.3576
-450.0	114.667	0.00101344	0.5714
-445.5	114.667	0.00263143	0.8237
-441.0	114.667	0.000861699	0.5766
-436.5	114.667	0.00357418	0.5799
-432.0	114.667	0.00298594	0.7374
-427.5	114.667	0.00049852	0.4606
-423.0	114.667	0.000869735	0.4037
-418.5	114.667	0.00048546	0.3133
-414.0	114.667	0.000532483	0.2902
-409.5	114.667	0.00315026	0.8629
-405.0	114.667	0.00262617	0.7865
-400.5	114.667	0.000851056	0.223
-396.0	114.667	0.000777626	0.2057
-391.5	114.667	0.000512491	0.2434
-387.0	114.667	0.000646096	0.2354
-382.5	114.667	0.000448944	0.2214
-378.0	114.667	0.00227161	0.5212
-373.5	114.667	0.00320428	0.4116
-369.0	114.667	0.00184054	0.1985
-364.5	114.667	0.00225271	0.3103
-360.0	114.667	0.00203405	0.1875
-355.5	114.667	0.00444912	0.4898
-351.0	114.667	0.00168028	0.148
-346.5	114.667	0.00157742	0.1528
-342.0	114.667	0.00232752	0.1325
-337.5	114.667	0.00382943	0.2663
-333.0	114.667	0.00377195	0.44
-328.5	114.667	0.00865175	0.3227
-324.0	114.667	0.00543303	0.4114
-319.5	114.667	0.00384916	0.1958
-315.0	114.667	0.00227041	0.1198
-310.5	114.667	0.00647591	0.4518
-306.0	114.667	0.00693962	0.4538
-301.5	114.667	0.00560702	0.3236
-297.0	114.667	0.00593397	0.363
-292.5	114.667	0.00813802	0.3461
-288.0	114.667	0.00937742	0.4114
-283.5	114.667	0.00488454	0.2037
-279.0	114.667	0.00768427	0.2836
-274.5	114.667	0.00571351	0.2476
-270.0	114.667	0.00477069	0.199
-265.5	114.667	0.0118434	0.3022
-261.0	114.667	0.00630536	0.263
-256.5	114.667	0.0111793	0.3825
-252.0	114.667	0.014719	0.2667
-247.5	114.667	0.0107145	0.2448
-243.0	114.667	0.0087903	0.3068
-238.5	114.667	0.0146625	0.2865
-234.0	114.667	0.0145374	0.3066
-229.5	114.667	0.0153915	0.2769
-225.0	114.667	0.02303	0.2582
-220.5	114.667	0.0210572	0.2757
-216.0	114.667	0.020156	0.2242
-211.5	114.667	0.0250828	0.2795
-207.0	114.667	0.0136616	0.2268
-202.5	114.667	0.0196863	0.2527
-198.0	114.667	0.0257323	0.2311
-193.5	114.667	0.0251182	0.2295
-189.0	114.667	0.0242082	0.1939
-184.5	114.667	0.0169524	0.1765
-180.0	114.667	0.0283804	0.2512
-175.5	114.667	0.0275864	0.2259
-171.0	114.667	0.0383211	0.1955
-166.5	114.667	0.03377	0.1623
-162.0	114.667	0.0406943	0.1896
-157.5	114.667	0.0454338	0.1768
-153.0	114.667	0.0448666	0.1792
-148.5	114.667	0.0502579	0.1665
-144.0	114.667	0.0481553	0.1532
-139.5	114.667	0.0435484	0.1758
-135.0	114.667	0.0540965	0.1512
-130.5	114.667	0.056999	0.1468
-126.0	114.667	0.0618134	0.1374
-121.5	114.667	0.0541992	0.1502
-117.0	114.667	0.0839521	0.1419
-112.5	114.667	0.0773966	0.1678
-108.0	114.667	0.0757593	0.1315
-103.5	114.667	0.0871074	0.1324
-99.0	114.667	0.10274	0.1449
-94.5	114.667	0.0907529	0.1454
-90.0	114.667	0.120253	0.1606
-85.5	114.667	0.0987405	0.1208
-81.0	114.667	0.138123	0.1068
-76.5	114.667	0.111097	0.1064
-72.0	114.667	0.113384	0.1153
-67.5	114.667	0.132736	0.1016
-63.0	114.667	0.139001	0.1054
-58.5	114.667	0.121183	0.1077
-54.0	114.667	0.156888	0.101
-49.5	114.667	0.16117	0.1117
-45.0	114.667	0.144077	0.1069
-40.5	114.667	0.185412	0.1099
-36.0	114.667	0.190186	0.1142
-31.5	114.667	0.169301	0.1078
-27.0	114.667	0.146656	0.0964
-22.5	114.667	0.189883	0.112
-18.0	114.667	0.16786	0.0945
-13.5	114.667	0.173557	0.0925
-9.0	114.667	0.199357	0.1059
-4.5	114.667	0.182638	0.1711
0.0	114.667	0.148522	0.0976
4.5	114.667	0.168602	0.1324
9.0	114.667	0.167398	0.0963
13.5	114.667	0.195958	0.0867
18.0	114.667	0.205156	0.087
22.5	114.667	0.168719	0.0904
27.0	114.667	0.201739	0.0882
31.5	114.667	0.182048	0.088
36.0	114.667	0.189272	0.0943
40.5	114.667	0.171008	0.0903
45.0	114.667	0.15204	0.0951
49.5	114.667	0.192012	0.1024
54.0	114.667	0.189486	0.0889
58.5	114.667	0.17165	0.0882
63.0	114.667	0.14814	0.1063
67.5	114.667	0.184129	0.0922
72.0	114.667	0.132154	0.1018
76.5	114.667	0.152065	0.0947
81.0	114.667	0.154167	0.1018
85.5	114.667	0.125724	0.0957
90.0	114.667	0.144419	0.1032
94.5	114.667	0.1521	0.0932
99.0	114.667	0.116614	0.1007
103.5	114.667	0.124824	0.1152
108.0	114.667	0.109876	0.1086
112.5	114.667	0.132818	0.1142
117.0	114.667	0.122179	0.1054
121.5	114.667	0.108772	0.1161
126.0	114.667	0.106675	0.1425
130.5	114.667	0.089434	0.1218
135.0	114.667	0.089742	0.1118
139.5	114.667	0.0823849	0.1184
144.0	114.667	0.0823662	0.1241
148.5	114.667	0.0857261	0.1293
153.0	114.667	0.0730826	0.126
157.5	114.667	0.0842542	0.1269
162.0	114.667	0.0749086	0.1203
166.5	114.667	0.0769399	0.1313
171.0	114.667	0.0667918	0.1529
175.5	114.667	0.0594252	0.1438
180.0	114.667	0.0561762	0.1399
184.5	114.667	0.055369	0.1494
189.0	114.667	0.0414587	0.1632
193.5	114.667	0.0558109	0.1536
198.0	114.667	0.0574808	0.1761
202.5	114.667	0.0512497	0.1566
207.0	114.667	0.0520494	0.1652
211.5	114.667	0.0358848	0.2317
216.0	114.667	0.0469238	0.1828
220.5	114.667	0.0355153	0.1546
225.0	114.667	0.0447846	0.1598
229.5	114.667	0.038059	0.1664
234.0	114.667	0.0348853	0.1698
238.5	114.667	0.0306334	0.1804
243.0	114.667	0.0263392	0.1779
247.5	114.667	0.0331763	0.1865
252.0	114.667	0.0430692	0.2056
256.5	114.667	0.0346471	0.1658
261.0	114.667	0.0312029	0.1848
265.5	114.667	0.0253831	0.1878
270.0	114.667	0.0407233	0.1787
274.5	114.667	0.0371568	0.2335
279.0	114.667	0.0319059	0.2315
283.5	114.667	0.0294154	0.2408
288.0	114.667	0.0248298	0.235
292.5	114.667	0.0237784	0.2227
297.0	114.667	0.0229287	0.1943
301.5	114.667	0.0269421	0.2181
306.0	114.667	0.0204498	0.2186
310.5	114.667	0.0139037	0.2083
315.0	114.667	0.0225562	0.2229
319.5	114.667	0.0258081	0.2257
324.0	114.667	0.0308613	0.2079
328.5	114.667	0.0191531	0.2185
333.0	114.667	0.0164993	0.2703
337.5	114.667	0.0121095	0.3145
342.0	114.667	0.0158857	0.2249
346.5	114.667	0.0152783	0.3116
351.0	114.667	0.00683117	0.2343
355.5	114.667	0.00781959	0.322
360.0	114.667	0.0186751	0.3091
364.5	114.667	0.00996266	0.2477
369.0	114.667	0.0186987	0.3187
373.5	114.667	0.00535228	0.324
378.0	114.667	0.00695393	0.3269
382.5	114.667	0.00573976	0.4144
387.0	114.667	0.00834759	0.4846
391.5	114.667	0.0030419	0.355
396.0	114.667	0.00426551	0.4782
400.5	114.667	0.005772	0.5862
405.0	114.667	0.00874172	0.4633
409.5	114.667	0.00583818	0.3574
414.0	114.667	0.0053938	0.5664
418.5	114.667	0.00517243	0.5433
423.0	114.667	0.00326943	0.3709
427.5	114.667	0.00722438	0.5141
432.0	114.667	0.00421206	0.7807
436.5	114.667	0.00612196	0.537
441.0	114.667	0.00741147	0.4065
445.5	114.667	0.00792262	0.459
-450.0	117.233	0.0014131	0.4295
-445.5	117.233	0.000896547	0.596
-441.0	117.233	0.00429682	0.8786
-436.5	117.233	0.00431541	0.754
-432.0	117.233	0.00355022	0.6275
-427.5	117.233	0.00151146	0.5612
-423.0	117.233	0.000436433	0.3265
-418.5	117.233	0.00227921	0.7238
-414.0	117.233	0.00346772	0.8443
-409.5	117.233	0.000762223	0.3559
-405.0	117.233	0.000569522	0.3123
-400.5	117.233	0.000382172	0.3177
-396.0	117.233	0.000606399	0.3974
-391.5	117.233	0.000669664	0.2368
-387.0	117.233	0.00078366	0.3885
-382.5	117.233	0.00328519	0.5282
-378.0	117.233	0.000959051	0.1946
-373.5	117.233	0.0015937	0.3987
-369.0	117.233	0.0062357	0.563
-364.5	117.233	0.00125304	0.17
-360.0	117.233	0.00148227	0.215
-355.5	117.233	0.0037441	0.6143
-351.0	117.233	0.00223563	0.3136
-346.5	117.233	0.0016108	0.1735
-342.0	117.233	0.00251298	0.3199
-337.5	117.233	0.005149	0.3371
-333.0	117.233	0.00222265	0.1163
-328.5	117.233	0.00628433	0.3791
-324.0	117.233	0.00396852	0.2811
-319.5	117.233	0.00524214	0.365
-315.0	117.233	0.00328703	0.1653
-310.5	117.233	0.00370777	0.2263
-306.0	117.233	0.00616178	0.3666
-301.5	117.233	0.00493574	0.2602
-297.0	117.233	0.00649239	0.2579
-292.5	117.233	0.0120465	0.3447
-288.0	117.233	0.00854922	0.3152
-283.5	117.233	0.00438973	0.2261
-279.0	117.233	0.0118373	0.3385
-274.5	117.233	0.00762947	0.4305
-270.0	117.233	0.0135011	0.3082
-265.5	117.233	0.00802788	0.4527
-261.0	117.233	0.00738394	0.3032
-256.5	117.233	0.0127156	0.2954
-252.0	117.233	0.0100553	0.252
-247.5	117.233	0.00933385	0.258
-243.0	117.233	0.00943234	0.2367
-238.5	117.233	0.0126845	0.2355
-234.0	117.233	0.0111538	0.271
-229.5	117.233	0.0142336	0.3859
-225.0	117.233	0.00949112	0.2063
-220.5	117.233	0.012444	0.2429
-216.0	117.233	0.0184035	0.2389
-211.5	117.233	0.0177973	0.2565
-207.0	117.233	0.0137572	0.2598
-202.5	117.233	0.017336	0.2847
-198.0	117.233	0.0226385	0.2519
-193.5	117.233	0.0164225	0.2171
-189.0	117.233	0.0254448	0.221
-184.5	117.233	0.0222999	0.2899
-180.0	117.233	0.0187188	0.2508
-175.5	117.233	0.0211757	0.2327
-171.0	117.233	0.0281864	0.1871
-166.5	117.233	0.0389894	0.1587
-162.0	117.233	0.0397597	0.1782
-157.5	117.233	0.0506621	0.159
-153.0	117.233	0.0315309	0.1819
-148.5	117.233	0.0500976	0.1585
-144.0	117.233	0.0567631	0.1647
-139.5	117.233	0.0509458	0.1561
-135.0	117.233	0.0505605	0.1392
-130.5	117.233	0.0563152	0.1544
-126.0	117.233	0.0557047	0.1535
-121.5	117.233	0.0516416	0.1639
-117.0	117.233	0.0672119	0.1362
-112.5	117.233	0.0750875	0.1397
-108.0	117.233	0.0634985	0.134
-103.5	117.233	0.0724108	0.1355
-99.0	117.233	0.0944982	0.139
-94.5	117.233	0.0987787	0.1249
-90.0	117.233	0.100875	0.1186
-85.5	117.233	0.10336	0.1099
-81.0	117.233	0.107218	0.1179
-76.5	117.233	0.0948341	0.1098
-72.0	117.233	0.122221	0.1271
-67.5	117.233	0.118118	0.1122
-63.0	117.233	0.132346	0.1334
-58.5	117.233	0.152177	0.1163
-54.0	117.233	0.153546	0.1216
-49.5	117.233	0.133684	0.1148
-45.0	117.233	0.149745	0.105
-40.5	117.233	0.157927	0.1027
-36.0	117.233	0.159126	0.1053
-31.5	117.233	0.165293	0.113
-27.0	117.233	0.172677	0.1018
-22.5	117.233	0.172039	0.1103
-18.0	117.233	0.158952	0.1329
-13.5	117.233	0.163336	0.1037
-9.0	117.233	0.169075	0.1104
-4.5	117.233	0.17223	0.0994
0.0	117.233	0.19807	0.1054
4.5	117.233	0.180192	0.109
9.0	117.233	0.173063	0.1116
13.5	117.233	0.187105	0.1
18.0	117.233	0.183496	0.0938
22.5	117.233	0.179624	0.1018
27.0	117.233	0.190333	0.0888
31.5	117.233	0.180854	0.099
36.0	117.233	0.178224	0.0861
40.5	117.233	0.166961	0.0894
45.0	117.233	0.160327	0.0961
49.5	117.233	0.158382	0.0986
54.0	117.233	0.166815	0.088
58.5	117.233	0.149583	0.093
63.0	117.233	0.168028	0.0951
67.5	117.233	0.173829	0.1012
72.0	117.233	0.127718	0.1156
76.5	117.233	0.126655	0.0936
81.0	117.233	0.140439	0.1077
85.5	117.233	0.12911	0.1008
90.0	117.233	0.107503	0.1043
94.5	117.233	0.136075	0.0987
99.0	117.233	0.110206	0.1026
103.5	117.233	0.102956	0.1044
108.0	117.233	0.126809	0.1145
112.5	117.233	0.12244	0.1247
117.0	117.233	0.0999828	0.116
121.5	117.233	0.114256	0.1122
126.0	117.233	0.0822105	0.1221
130.5	117.233	0.0959206	0.1173
135.0	117.233	0.0875887	0.1193
139.5	117.233	0.0593366	0.1387
144.0	117.233	0.102146	0.1301
148.5	117.233	0.10026	0.1245
153.0	117.233	0.071693	0.1308
157.5	117.233	0.083169	0.1286
162.0	117.233	0.0582256	0.129
166.5	117.233	0.0651783	0.1445
171.0	117.233	0.0601824	0.1391
175.5	117.233	0.0644622	0.1271
180.0	117.233	0.0540529	0.1371
184.5	117.233	0.043898	0.1693
189.0	117.233	0.0548689	0.1609
193.5	117.233	0.0474045	0.1577
198.0	117.233	0.0488549	0.1301
202.5	117.233	0.0513157	0.1644
207.0	117.233	0.0424941	0.1621
211.5	117.233	0.052767	0.1466
216.0	117.233	0.0550378	0.1436
220.5	117.233	0.0514937	0.181
225.0	117.233	0.0573382	0.1533
229.5	117.233	0.0422397	0.1818
234.0	117.233	0.0434518	0.1972
238.5	117.233	0.0430604	0.2086
243.0	117.233	0.0355674	0.2057
247.5	117.233	0.0348463	0.1747
252.0	117.233	0.0386572	0.1936
256.5	117.233	0.0393429	0.1879
261.0	117.233	0.030499	0.1914
265.5	117.233	0.0362896	0.2287
270.0	117.233	0.0317933	0.191
274.5	117.233	0.029191	0.2146
279.0	117.233	0.0422132	0.1905
283.5	117.233	0.0366186	0.2147
288.0	117.233	0.0278811	0.2496
292.5	117.233	0.0283437	0.2405
297.0	117.233	0.0273284	0.2124
301.5	117.233	0.0377797	0.1967
306.0	117.233	0.013974	0.1995
310.5	117.233	0.0245139	0.2262
315.0	117.233	0.0199965	0.2114
319.5	117.233	0.0245029	0.223
324.0	117.233	0.0195891	0.244
328.5	117.233	0.0253312	0.2358
333.0	117.233	0.0176613	0.2699
337.5	117.233	0.0141885	0.2683
342.0	117.233	0.0191691	0.2486
346.5	117.233	0.00996355	0.2059
351.0	117.233	0.0145925	0.278
355.5	117.233	0.017652	0.281
360.0	117.233	0.0170327	0.2691
364.5	117.233	0.0129982	0.2861
369.0	117.233	0.00747311	0.3294
373.5	117.233	0.00404669	0.365
378.0	117.233	0.00896561	0.362
382.5	117.233	0.00187685	0.2291
387.0	117.233	0.00386955	0.66
391.5	117.233	0.00420815	0.4775
396.0	117.233	0.00451537	0.3806
400.5	117.233	0.00183943	0.6102
405.0	117.233	0.00458379	0.7406
409.5	117.233	0.00164794	0.4778
414.0	117.233	0.00435748	0.5489
418.5	117.233	0.0048763	0.5908
423.0	117.233	0.00172847	0.5204
427.5	117.233	0.00108798	0.2038
432.0	117.233	0.00134758	0.333
436.5	117.233	0.0072795	0.3986
441.0	117.233	0.00447599	0.4558
445.5	117.233	0.00573707	0.4618
-450.0	119.8	0.00256679	0.6309
-445.5	119.8	0.00844279	0.6104
-441.0	119.8	0.00287431	0.5811
-436.5	119.8	0.000775912	0.2846
-432.0	119.8	0.000802121	0.2458
-427.5	119.8	0.00191055	0.5619
-423.0	119.8	0.00318004	0.9199
-418.5	119.8	0.00188363	0.687
-414.0	119.8	0.000932669	0.3014
-409.5	119.8	0.0003822	0.3494
-405.0	119.8	0.000403219	0.3096
-400.5	119.8	0.000304604	0.3183
-396.0	119.8	0.000437325	0.2679
-391.5	119.8	0.00122517	0.4855
-387.0	119.8	0.00151623	0.6434
-382.5	119.8	0.000904916	0.1966
-378.0	119.8	0.0013732	0.1607
-373.5	119.8	0.00182948	0.3513
-369.0	119.8	0.0017869	0.2905
-364.5	119.8	0.0018084	0.1572
-360.0	119.8	0.00145815	0.1688
-355.5	119.8	0.00116037	0.1708
-351.0	119.8	0.00136368	0.1544
-346.5	119.8	0.00418013	0.5654
-342.0	119.8	0.00457372	0.5708
-337.5	119.8	0.00688626	0.3807
-333.0	119.8	0.00404764	0.3344
-328.5	119.8	0.00410288	0.332
-324.0	119.8	0.00750472	0.4175
-319.5	119.8	0.00405523	0.3204
-315.0	119.8	0.00453852	0.4349
-310.5	119.8	0.00329821	0.1024
-306.0	119.8	0.0026067	0.1164
-301.5	119.8	0.00400519	0.2806
-297.0	119.8	0.00559279	0.3843
-292.5	119.8	0.0057473	0.2381
-288.0	119.8	0.00979863	0.2671
-283.5	119.8	0.00519182	0.3721
-279.0	119.8	0.00452758	0.2518
-274.5	119.8	0.00879036	0.3743
-270.0	119.8	0.0095237	0.2895
-265.5	119.8	0.00985367	0.3281
-261.0	119.8	0.00766411	0.2584
-256.5	119.8	0.0102107	0.3159
-252.0	119.8	0.00901799	0.2281
-247.5	119.8	0.0114144	0.2534
-243.0	119.8	0.0173207	0.2537
-238.5	119.8	0.0191142	0.281
-234.0	119.8	0.0125618	0.3781
-229.5	119.8	0.00989311	0.2008
-225.0	119.8	0.0120636	0.2856
-220.5	119.8	0.0191694	0.2825
-216.0	119.8	0.0115274	0.2366
-211.5	119.8	0.017731	0.2521
-207.0	119.8	0.0219918	0.3497
-202.5	119.8	0.0194148	0.2489
-198.0	119.8	0.0181808	0.2149
-193.5	119.8	0.0145958	0.2686
-189.0	119.8	0.0195133	0.2199
-184.5	119.8	0.0360886	0.1955
-180.0	119.8	0.0394201	0.2167
-175.5	119.8	0.0301911	0.2118
-171.0	119.8	0.0300354	0.2148
-166.5	119.8	0.0229868	0.2027
-162.0	119.8	0.0339095	0.196
-157.5	119.8	0.0384606	0.2018
-153.0	119.8	0.0380543	0.1683
-148.5	119.8	0.0328004	0.1677
-144.0	119.8	0.0418646	0.1725
-139.5	119.8	0.0436673	0.192
-135.0	119.8	0.0594943	0.1633
-130.5	119.8	0.0485028	0.1445
-126.0	119.8	0.0570856	0.1373
-121.5	119.8	0.0476618	0.1546
-117.0	119.8	0.0599241	0.145
-112.5	119.8	0.0627997	0.1397
-108.0	119.8	0.0690197	0.1474
-103.5	119.8	0.0730138	0.1374
-99.0	119.8	0.0891645	0.1367
-94.5	119.8	0.104339	0.1225
-90.0	119.8	0.10238	0.1243
-85.5	119.8	0.10349	0.1214
-81.0	119.8	0.0847388	0.126
-76.5	119.8	0.0852959	0.1248
-72.0	119.8	0.122746	0.11
-67.5	119.8	0.137552	0.116
-63.0	119.8	0.1052	0.121
-58.5	119.8	0.148669	0.1443
-54.0	119.8	0.145882	0.109
-49.5	119.8	0.126129	0.0977
-45.0	119.8	0.118952	0.1022
-40.5	119.8	0.127199	0.103
-36.0	119.8	0.145223	0.1166
-31.5	119.8	0.163452	0.1277
-27.0	119.8	0.144766	0.1066
-22.5	119.8	0.134187	0.1213
-18.0	119.8	0.141543	0.1182
-13.5	119.8	0.201843	0.1086
-9.0	119.8	0.179355	0.113
-4.5	119.8	0.167723	0.1099
0.0	119.8	0.196858	0.0963
4.5	119.8	0.165099	0.1041
9.0	119.8	0.14395	0.092
13.5	119.8	0.157969	0.1107
18.0	119.8	0.151163	0.0943
22.5	119.8	0.169002	0.1043
27.0	119.8	0.181666	0.0899
31.5	119.8	0.187167	0.0995
36.0	119.8	0.158112	0.0933
40.5	119.8	0.169942	0.0893
45.0	119.8	0.178543	0.0914
49.5	119.8	0.147264	0.0932
54.0	119.8	0.175052	0.0889
58.5	119.8	0.161013	0.0897
63.0	119.8	0.144412	0.106
67.5	119.8	0.155523	0.0963
72.0	119.8	0.136632	0.1154
76.5	119.8	0.145277	0.1006
81.0	119.8	0.140342	0.1066
85.5	119.8	0.132098	0.1066
90.0	119.8	0.134121	0.1009
94.5	119.8	0.127711	0.1295
99.0	119.8	0.128169	0.1108
103.5	119.8	0.129346	0.1083
108.0	119.8	0.11635	0.1158
112.5	119.8	0.108856	0.1131
117.0	119.8	0.107476	0.1146
121.5	119.8	0.108373	0.1145
126.0	119.8	0.0698033	0.1211
130.5	119.8	0.0877246	0.1346
135.0	119.8	0.095411	0.1281
139.5	119.8	0.0663384	0.1387
144.0	119.8	0.0795667	0.131
148.5	119.8	0.0891207	0.1383
153.0	119.8	0.059519	0.1349
157.5	119.8	0.0659407	0.1414
162.0	119.8	0.0662439	0.1349
166.5	119.8	0.077056	0.1244
171.0	119.8	0.0568337	0.1588
175.5	119.8	0.0698257	0.1296
180.0	119.8	0.0491463	0.1469
184.5	119.8	0.0607343	0.1495
189.0	119.8	0.0496111	0.1592
193.5	119.8	0.0578971	0.1625
198.0	119.8	0.0564907	0.1766
202.5	119.8	0.0451359	0.1651
207.0	119.8	0.0333378	0.1589
211.5	119.8	0.0409983	0.1818
216.0	119.8	0.0456017	0.1584
220.5	119.8	0.0506339	0.1633
225.0	119.8	0.0291189	0.1667
229.5	119.8	0.0462473	0.18
234.0	119.8	0.0428573	0.2218
238.5	119.8	0.0428611	0.1758
243.0	119.8	0.0382075	0.1641
247.5	119.8	0.0264088	0.1795
252.0	119.8	0.041169	0.1923
256.5	119.8	0.0390125	0.1649
261.0	119.8	0.0258832	0.2253
265.5	119.8	0.0348085	0.185
270.0	119.8	0.0269875	0.2188
274.5	119.8	0.0238121	0.2096
279.0	119.8	0.0274313	0.2116
283.5	119.8	0.0286675	0.1954
288.0	119.8	0.0370478	0.2287
292.5	119.8	0.0225135	0.2574
297.0	119.8	0.0347081	0.1914
301.5	119.8	0.0376288	0.2313
306.0	119.8	0.0213327	0.277
310.5	119.8	0.0312183	0.2278
315.0	119.8	0.0243021	0.2281
319.5	119.8	0.0218613	0.2763
324.0	119.8	0.0168151	0.2624
328.5	119.8	0.014833	0.2191
333.0	119.8	0.0251707	0.2489
337.5	119.8	0.0264404	0.2237
342.0	119.8	0.0155693	0.2469
346.5	119.8	0.0109466	0.2985
351.0	119.8	0.0240015	0.2727
355.5	119.8	0.0155695	0.23
360.0	119.8	0.0129822	0.3047
364.5	119.8	0.0136511	0.2876
369.0	119.8	0.00604511	0.3599
373.5	119.8	0.00797986	0.3983
378.0	119.8	0.00657946	0.4492
382.5	119.8	0.00177998	0.1444
387.0	119.8	0.00620712	0.623
391.5	119.8	0.0092282	0.3422
396.0	119.8	0.00489142	0.5637
400.5	119.8	0.0075326	0.4366
405.0	119.8	0.00517711	0.4165
409.5	119.8	0.00552539	0.5318
414.0	119.8	0.00511172	0.4539
418.5	119.8	0.00180266	0.4532
423.0	119.8	0.0015559	0.3615
427.5	119.8	0.00288854	0.5112
432.0	119.8	0.00767207	0.5283
436.5	119.8	0.00101861	0.1937
441.0	119.8	0.00682544	0.3369
445.5	119.8	0.00522517	0.3481
-450.0	122.367	0.00347453	0.8627
-445.5	122.367	0.000906417	0.209
-441.0	122.367	0.0018483	0.3428
-436.5	122.367	0.000608649	0.2637
-432.0	122.367	0.000512152	0.2979
-427.5	122.367	0.00339824	0.6899
-423.0	122.367	0.0026026	0.7721
-418.5	122.367	0.000627809	0.2526
-414.0	122.367	0.000651489	0.2309
-409.5	122.367	0.000369702	0.2828
-405.0	122.367	0.000357471	0.3017
-400.5	122.367	0.000316006	0.3337
-396.0	122.367	0.00123802	0.691
-391.5	122.367	0.00228574	0.5275
-387.0	122.367	0.000538973	0.2591
-382.5	122.367	0.00183478	0.3991
-378.0	122.367	0.00705169	0.402
-373.5	122.367	0.00148903	0.2169
-369.0	122.367	0.00515254	0.7592
-364.5	122.367	0.00113088	0.163
-360.0	122.367	0.00159886	0.1633
-355.5	122.367	0.00170037	0.1306
-351.0	122.367	0.00298906	0.617
-346.5	122.367	0.0049618	0.5347
-342.0	122.367	0.00208465	0.1357
-337.5	122.367	0.00395585	0.4032
-333.0	122.367	0.00416448	0.4125
-328.5	122.367	0.00405795	0.5239
-324.0	122.367	0.00212332	0.1289
-319.5	122.367	0.00624859	0.4631
-315.0	122.367	0.00297291	0.1051
-310.5	122.367	0.00810625	0.3488
-306.0	122.367	0.00526348	0.3419
-301.5	122.367	0.0088448	0.3778
-297.0	122.367	0.00644308	0.3119
-292.5	122.367	0.00489887	0.3158
-288.0	122.367	0.00593876	0.3011
-283.5	122.367	0.00762527	0.3552
-279.0	122.367	0.00287623	0.1329
-274.5	122.367	0.00532033	0.2878
-270.0	122.367	0.00751817	0.2455
-265.5	122.367	0.0100323	0.2671
-261.0	122.367	0.00657295	0.3278
-256.5	122.367	0.00659653	0.2456
-252.0	122.367	0.0101546	0.2634
-247.5	122.367	0.0102342	0.3002
-243.0	122.367	0.0119116	0.2752
-238.5	122.367	0.0154934	0.2393
-234.0	122.367	0.0122444	0.2425
-229.5	122.367	0.0150817	0.3109
-225.0	122.367	0.0173298	0.2665
-220.5	122.367	0.0149514	0.2385
-216.0	122.367	0.00850609	0.1975
-211.5	122.367	0.0119315	0.273
-207.0	122.367	0.0141708	0.2258
-202.5	122.367	0.01858	0.24
-198.0	122.367	0.021689	0.262
-193.5	122.367	0.0189035	0.2387
-189.0	122.367	0.024994	0.2303
-184.5	122.367	0.0379842	0.214
-180.0	122.367	0.0273516	0.2257
-175.5	122.367	0.0246192	0.2209
-171.0	122.367	0.0227421	0.191
-166.5	122.367	0.0345876	0.2161
-162.0	122.367	0.0369935	0.2006
-157.5	122.367	0.0346077	0.222
-153.0	122.367	0.0319986	0.1678
-148.5	122.367	0.0450132	0.1904
-144.0	122.367	0.0482575	0.1558
-139.5	122.367	0.0403237	0.1782
-135.0	122.367	0.0599825	0.1884
-130.5	122.367	0.0657829	0.1426
-126.0	122.367	0.0490378	0.1423
-121.5	122.367	0.0428406	0.135
-117.0	122.367	0.059274	0.1491
-112.5	122.367	0.0942017	0.1326
-108.0	122.367	0.0756986	0.1352
-103.5	122.367	0.0686597	0.1477
-99.0	122.367	0.0791337	0.1355
-94.5	122.367	0.0875703	0.111
-90.0	122.367	0.0874512	0.1268
-85.5	122.367	0.0862134	0.122
-81.0	122.367	0.0916068	0.1177
-76.5	122.367	0.0912957	0.1226
-72.0	122.367	0.122623	0.1256
-67.5	122.367	0.112479	0.1144
-63.0	122.367	0.0949665	0.1229
-58.5	122.367	0.121978	0.1157
-54.0	122.367	0.121851	0.1088
-49.5	122.367	0.153652	0.1043
-45.0	122.367	0.143092	0.1084
-40.5	122.367	0.131511	0.1064
-36.0	122.367	0.121584	0.1527
-31.5	122.367	0.15795	0.1046
-27.0	122.367	0.118177	0.1095
-22.5	122.367	0.149104	0.1318
-18.0	122.367	0.137221	0.1078
-13.5	122.367	0.16693	0.1252
-9.0	122.367	0.173235	0.1214
-4.5	122.367	0.163689	0.1214
0.0	122.367	0.163386	0.0972
4.5	122.367	0.175939	0.0992
9.0	122.367	0.192907	0.0994
13.5	122.367	0.148981	0.1087
18.0	122.367	0.160013	0.0927
22.5	122.367	0.165642	0.104
27.0	122.367	0.163772	0.0961
31.5	122.367	0.169045	0.1123
36.0	122.367	0.160929	0.0922
40.5	122.367	0.163102	0.1064
45.0	122.367	0.148527	0.0983
49.5	122.367	0.180253	0.096
54.0	122.367	0.151817	0.1322
58.5	122.367	0.154524	0.0933
63.0	122.367	0.1376	0.0982
67.5	122.367	0.156104	0.0931
72.0	122.367	0.131094	0.1008
76.5	122.367	0.128212	0.1012
81.0	122.367	0.129412	0.1038
85.5	122.367	0.112984	0.0989
90.0	122.367	0.149924	0.1044
94.5	122.367	0.110936	0.108
99.0	122.367	0.131191	0.1021
103.5	122.367	0.112439	0.1122
108.0	122.367	0.110602	0.1113
112.5	122.367	0.119255	0.1206
117.0	122.367	0.0867744	0.1236
121.5	122.367	0.105677	0.1251
126.0	122.367	0.0816555	0.1169
130.5	122.367	0.075308	0.1292
135.0	122.367	0.0768511	0.1352
139.5	122.367	0.0697378	0.1399
144.0	122.367	0.0800918	0.1356
148.5	122.367	0.0673801	0.1422
153.0	122.367	0.0637325	0.1474
157.5	122.367	0.0774147	0.1459
162.0	122.367	0.072007	0.1426
166.5	122.367	0.0688239	0.1512
171.0	122.367	0.0738002	0.1439
175.5	122.367	0.0491672	0.1377
180.0	122.367	0.0510773	0.1373
184.5	122.367	0.0541938	0.1379
189.0	122.367	0.047224	0.1502
193.5	122.367	0.0437369	0.1822
198.0	122.367	0.0512374	0.1633
202.5	122.367	0.0613225	0.1858
207.0	122.367	0.0367638	0.1619
211.5	122.367	0.0343719	0.1781
216.0	122.367	0.0364731	0.1679
220.5	122.367	0.0515364	0.181
225.0	122.367	0.0483022	0.1769
229.5	122.367	0.0440413	0.1884
234.0	122.367	0.0290302	0.1789
238.5	122.367	0.0464369	0.1848
243.0	122.367	0.0430266	0.2016
247.5	122.367	0.0285625	0.1828
252.0	122.367	0.0377766	0.1903
256.5	122.367	0.0310016	0.1917
261.0	122.367	0.032638	0.225
265.5	122.367	0.0293208	0.2205
270.0	122.367	0.0341027	0.207
274.5	122.367	0.0271133	0.207
279.0	122.367	0.0249743	0.1966
283.5	122.367	0.0197545	0.1737
288.0	122.367	0.0375484	0.1951
292.5	122.367	0.0266378	0.1967
297.0	122.367	0.0424513	0.1831
301.5	122.367	0.0241914	0.2275
306.0	122.367	0.0263873	0.2143
310.5	122.367	0.0251316	0.2771
315.0	122.367	0.0212547	0.2167
319.5	122.367	0.0320906	0.2485
324.0	122.367	0.0317541	0.2175
328.5	122.367	0.0214137	0.272
333.0	122.367	0.0298249	0.2321
337.5	122.367	0.0243603	0.2548
342.0	122.367	0.0159945	0.2991
346.5	122.367	0.00588719	0.1705
351.0	122.367	0.00902906	0.2354
355.5	122.367	0.0267439	0.267
360.0	122.367	0.0150084	0.2841
364.5	122.367	0.0138185	0.2823
369.0	122.367	0.00710751	0.3624
373.5	122.367	0.00902919	0.3564
378.0	122.367	0.00791264	0.383
382.5	122.367	0.00614679	0.4954
387.0	122.367	0.00314325	0.437
391.5	122.367	0.00725317	0.3558
396.0	122.367	0.00720983	0.4545
400.5	122.367	0.0107553	0.454
405.0	122.367	0.00376231	0.4093
409.5	122.367	0.00391508	0.7019
414.0	122.367	0.010103	0.4381
418.5	122.367	0.00875699	0.429
423.0	122.367	0.00485225	0.4959
427.5	122.367	0.000905686	0.3079
432.0	122.367	0.00140848	0.1978
436.5	122.367	0.00585841	0.5349
441.0	122.367	0.00157582	0.4355
445.5	122.367	0.00689373	0.5118
-450.0	124.933	0.0020938	0.7139
-445.5	124.933	0.0011625	0.2371
-441.0	124.933	0.000643489	0.2049
-436.5	124.933	0.00181651	0.7591
-432.0	124.933	0.00138904	0.7326
-427.5	124.933	0.00081786	0.3506
-423.0	124.933	0.00075307	0.2801
-418.5	124.933	0.000338762	0.3305
-414.0	124.933	0.000250446	0.4171
-409.5	124.933	0.000287016	0.3599
-405.0	124.933	0.00015953	0.4537
-400.5	124.933	0.000634724	0.3882
-396.0	124.933	0.00103703	0.3878
-391.5	124.933	0.000689346	0.2317
-387.0	124.933	0.00100451	0.2601
-382.5	124.933	0.00315995	0.6675
-378.0	124.933	0.00284146	0.6335
-373.5	124.933	0.00129164	0.1639
-369.0	124.933	0.000955611	0.1939
-364.5	124.933	0.00332772	0.5512
-360.0	124.933	0.00332046	0.4665
-355.5	124.933	0.00475415	0.5569
-351.0	124.933	0.00287534	0.3047
-346.5	124.933	0.00310087	0.272
-342.0	124.933	0.00267566	0.1255
-337.5	124.933	0.00299739	0.2878
-333.0	124.933	0.00583276	0.3729
-328.5	124.933	0.00589493	0.3404
-324.0	124.933	0.00745436	0.5062
-319.5	124.933	0.00400293	0.2846
-315.0	124.933	0.00546179	0.3448
-310.5	124.933	0.00428278	0.2509
-306.0	124.933	0.00254885	0.1119
-301.5	124.933	0.00290155	0.1857
-297.0	124.933	0.00272904	0.1274
-292.5	124.933	0.00536415	0.3896
-288.0	124.933	0.00676843	0.2455
-283.5	124.933	0.00530374	0.2861
-279.0	124.933	0.00733444	0.3037
-274.5	124.933	0.00666978	0.2413
-270.0	124.933	0.0104734	0.2628
-265.5	124.933	0.0108727	0.3281
-261.0	124.933	0.00792022	0.2961
-256.5	124.933	0.00928651	0.2903
-252.0	124.933	0.00674996	0.2436
-247.5	124.933	0.00715351	0.2411
-243.0	124.933	0.00573616	0.2885
-238.5	124.933	0.0062669	0.158
-234.0	124.933	0.0155731	0.2952
-229.5	124.933	0.0158454	0.2653
-225.0	124.933	0.0150252	0.2958
-220.5	124.933	0.0110414	0.2606
-216.0	124.933	0.0183313	0.2606
-211.5	124.933	0.00856965	0.2007
-207.0	124.933	0.00930369	0.2132
-202.5	124.933	0.0105406	0.1995
-198.0	124.933	0.0225305	0.2713
-193.5	124.933	0.0178816	0.2305
-189.0	124.933	0.0405606	0.2075
-184.5	124.933	0.0482324	0.2136
-180.0	124.933	0.0255245	0.2376
-175.5	124.933	0.0264033	0.2375
-171.0	124.933	0.029528	0.232
-166.5	124.933	0.0266937	0.1746
-162.0	124.933	0.0264881	0.1991
-157.5	124.933	0.0224494	0.1674
-153.0	124.933	0.0367168	0.1664
-148.5	124.933	0.0349177	0.1934
-144.0	124.933	0.0417043	0.1508
-139.5	124.933	0.0531482	0.1614
-135.0	124.933	0.0505521	0.1534
-130.5	124.933	0.0526751	0.1548
-126.0	124.933	0.0514419	0.1503
-121.5	124.933	0.0724633	0.1367
-117.0	124.933	0.0727315	0.1363
-112.5	124.933	0.0731935	0.1466
-108.0	124.933	0.0721998	0.1458
-103.5	124.933	0.0739732	0.1355
-99.0	124.933	0.0796386	0.1253
-94.5	124.933	0.0814878	0.1285
-90.0	124.933	0.0819944	0.1312
-85.5	124.933	0.0749969	0.1269
-81.0	124.933	0.0977085	0.1276
-76.5	124.933	0.0922327	0.1277
-72.0	124.933	0.108899	0.1158
-67.5	124.933	0.0973717	0.1135
-63.0	124.933	0.108843	0.1145
-58.5	124.933	0.117338	0.1167
-54.0	124.933	0.123855	0.1272
-49.5	124.933	0.135847	0.1302
-45.0	124.933	0.145789	0.1158
-40.5	124.933	0.153938	0.1078
-36.0	124.933	0.152097	0.0998
-31.5	124.933	0.163782	0.1146
-27.0	124.933	0.143782	0.1069
-22.5	124.933	0.125816	0.1096
-18.0	124.933	0.134685	0.1078
-13.5	124.933	0.137814	0.1101
-9.0	124.933	0.165546	0.0897
-4.5	124.933	0.180732	0.1127
0.0	124.933	0.149565	0.1026
4.5	124.933	0.156937	0.1222
9.0	124.933	0.146878	0.0988
13.5	124.933	0.158692	0.13
18.0	124.933	0.164385	0.1118
22.5	124.933	0.183812	0.1068
27.0	124.933	0.161077	0.1025
31.5	124.933	0.14736	0.099
36.0	124.933	0.138735	0.1025
40.5	124.933	0.13962	0.1016
45.0	124.933	0.113868	0.0974
49.5	124.933	0.167395	0.1175
54.0	124.933	0.132478	0.1067
58.5	124.933	0.118981	0.1166
63.0	124.933	0.138969	0.1102
67.5	124.933	0.141379	0.0919
72.0	124.933	0.132152	0.1024
76.5	124.933	0.113171	0.1021
81.0	124.933	0.131228	0.1064
85.5	124.933	0.13788	0.1072
90.0	124.933	0.128276	0.1215
94.5	124.933	0.134445	0.1092
99.0	124.933	0.115291	0.1123
103.5	124.933	0.113653	0.1223
108.0	124.933	0.11038	0.1114
112.5	124.933	0.119589	0.1217
117.0	124.933	0.0841439	0.1158
121.5	124.933	0.0869958	0.1144
126.0	124.933	0.0969801	0.1175
130.5	124.933	0.0812603	0.12
135.0	124.933	0.0829419	0.1338
139.5	124.933	0.0872634	0.1311
144.0	124.933	0.0770268	0.1364
148.5	124.933	0.0723412	0.1285
153.0	124.933	0.0702032	0.1357
157.5	124.933	0.0717616	0.1417
162.0	124.933	0.0662682	0.1468
166.5	124.933	0.0664171	0.1764
171.0	124.933	0.0604088	0.1454
175.5	124.933	0.0556275	0.1468
180.0	124.933	0.0641735	0.1423
184.5	124.933	0.0710345	0.1494
189.0	124.933	0.0561984	0.1646
193.5	124.933	0.0562501	0.164
198.0	124.933	0.0343756	0.1646
202.5	124.933	0.0453722	0.1575
207.0	124.933	0.0308732	0.155
211.5	124.933	0.0355883	0.1727
216.0	124.933	0.0367308	0.1893
220.5	124.933	0.0509472	0.1585
225.0	124.933	0.0388553	0.2011
229.5	124.933	0.0377068	0.1732
234.0	124.933	0.0223972	0.1956
238.5	124.933	0.0512691	0.1694
243.0	124.933	0.044365	0.1782
247.5	124.933	0.0293544	0.2369
252.0	124.933	0.0359549	0.1998
256.5	124.933	0.0301176	0.2186
261.0	124.933	0.0277418	0.182
265.5	124.933	0.0317434	0.2068
270.0	124.933	0.0341148	0.2247
274.5	124.933	0.0457597	0.223
279.0	124.933	0.0308957	0.2379
283.5	124.933	0.0265827	0.2199
288.0	124.933	0.0226466	0.2324
292.5	124.933	0.0284823	0.2075
297.0	124.933	0.030775	0.2269
301.5	124.933	0.0193527	0.2543
306.0	124.933	0.0179228	0.2284
310.5	124.933	0.0317708	0.2641
315.0	124.933	0.025524	0.2764
319.5	124.933	0.0158482	0.2518
324.0	124.933	0.0210872	0.2542
328.5	124.933	0.0259715	0.2588
333.0	124.933	0.0215145	0.2347
337.5	124.933	0.0160184	0.2201
342.0	124.933	0.0161466	0.2632
346.5	124.933	0.0106739	0.2569
351.0	124.933	0.00972494	0.3294
355.5	124.933	0.00971515	0.3337
360.0	124.933	0.014633	0.3568
364.5	124.933	0.0144467	0.2991
369.0	124.933	0.0116589	0.331
373.5	124.933	0.00837138	0.3657
378.0	124.933	0.00650742	0.4554
382.5	124.933	0.005148	0.5084
387.0	124.933	0.0066516	0.4235
391.5	124.933	0.0084356	0.5174
396.0	124.933	0.00713126	0.4525
400.5	124.933	0.0036454	0.5233
405.0	124.933	0.00212101	0.4689
409.5	124.933	0.00103617	0.2098
414.0	124.933	0.00105107	0.2041
418.5	124.933	0.00370573	0.4066
423.0	124.933	0.00805851	0.4429
427.5	124.933	0.00596692	0.4143
432.0	124.933	0.00776686	0.3982
436.5	124.933	0.00515184	0.4743
441.0	124.933	0.00346519	0.4521
445.5	124.933	0.00299843	0.4144
-450.0	127.5	0.000880067	0.2392
-445.5	127.5	0.000992062	0.315
-441.0	127.5	0.0019796	0.7986
-436.5	127.5	0.000540102	0.2434
-432.0	127.5	0.00193552	0.7604
-427.5	127.5	0.00121501	0.6432
-423.0	127.5	0.000424299	0.2938
-418.5	127.5	0.000177243	0.3266
-414.0	127.5	0.000203317	0.3591
-409.5	127.5	0.000168743	0.4549
-405.0	127.5	0.000374662	0.3055
-400.5	127.5	0.00065036	0.2268
-396.0	127.5	0.000464051	0.2458
-391.5	127.5	0.00151785	0.4691
-387.0	127.5	0.00259218	0.7593
-382.5	127.5	0.00514792	0.8287
-378.0	127.5	0.00071162	0.1947
-373.5	127.5	0.00111012	0.2091
-369.0	127.5	0.00127598	0.1779
-364.5	127.5	0.00152904	0.2349
-360.0	127.5	0.00434232	0.4086
-355.5	127.5	0.00619633	0.4381
-351.0	127.5	0.00467419	0.3514
-346.5	127.5	0.00545599	0.4076
-342.0	127.5	0.00643824	0.3985
-337.5	127.5	0.00342881	0.3826
-333.0	127.5	0.00285689	0.3072
-328.5	127.5	0.0111103	0.5353
-324.0	127.5	0.00266715	0.1237
-319.5	127.5	0.00520082	0.2905
-315.0	127.5	0.00679045	0.3026
-310.5	127.5	0.00437284	0.2717
-306.0	127.5	0.00484787	0.2826
-301.5	127.5	0.00225391	0.1151
-297.0	127.5	0.00558565	0.3469
-292.5	127.5	0.00435856	0.2408
-288.0	127.5	0.00926889	0.3577
-283.5	127.5	0.00442177	0.1642
-279.0	127.5	0.00820929	0.2882
-274.5	127.5	0.00653767	0.2848
-270.0	127.5	0.0064146	0.2784
-265.5	127.5	0.0101261	0.2915
-261.0	127.5	0.00669072	0.2542
-256.5	127.5	0.00885607	0.2832
-252.0	127.5	0.00756417	0.2598
-247.5	127.5	0.00959874	0.248
-243.0	127.5	0.0108894	0.253
-238.5	127.5	0.00949248	0.2656
-234.0	127.5	0.0187945	0.3151
-229.5	127.5	0.0101244	0.2581
-225.0	127.5	0.0101047	0.2404
-220.5	127.5	0.0143526	0.3467
-216.0	127.5	0.0141375	0.2774
-211.5	127.5	0.00751599	0.2223
-207.0	127.5	0.012463	0.2569
-202.5	127.5	0.0139961	0.2273
-198.0	127.5	0.0214057	0.2594
-193.5	127.5	0.0167573	0.211
-189.0	127.5	0.0321075	0.1989
-184.5	127.5	0.0258667	0.1794
-180.0	127.5	0.0261808	0.2695
-175.5	127.5	0.02533	0.2286
-171.0	127.5	0.0361912	0.1761
-166.5	127.5	0.0408367	0.2001
-162.0	127.5	0.0277455	0.2248
-157.5	127.5	0.0268404	0.172
-153.0	127.5	0.0334763	0.1718
-148.5	127.5	0.0461941	0.1828
-144.0	127.5	0.0498986	0.1822
-139.5	127.5	0.0605349	0.1625
-135.0	127.5	0.0434275	0.1691
-130.5	127.5	0.0591641	0.1497
-126.0	127.5	0.049829	0.148
-121.5	127.5	0.0485103	0.1631
-117.0	127.5	0.0593922	0.1698
-112.5	127.5	0.0632365	0.1402
-108.0	127.5	0.0800075	0.1379
-103.5	127.5	0.0576029	0.1507
-99.0	127.5	0.0616606	0.1238
-94.5	127.5	0.0821817	0.1693
-90.0	127.5	0.0665369	0.1204
-85.5	127.5	0.0778672	0.1254
-81.0	127.5	0.0899762	0.1272
-76.5	127.5	0.074084	0.1203
-72.0	127.5	0.0925878	0.1193
-67.5	127.5	0.113651	0.1161
-63.0	127.5	0.123589	0.11
-58.5	127.5	0.128609	0.1372
-54.0	127.5	0.116351	0.1073
-49.5	127.5	0.104892	0.1137
-45.0	127.5	0.151451	0.1308
-40.5	127.5	0.13396	0.1204
-36.0	127.5	0.137303	0.1049
-31.5	127.5	0.154346	0.1114
-27.0	127.5	0.137245	0.1316
-22.5	127.5	0.138145	0.1339
-18.0	127.5	0.142394	0.1006
-13.5	127.5	0.139884	0.11
-9.0	127.5	0.145866	0.0965
-4.5	127.5	0.169684	0.1286
0.0	127.5	0.171203	0.1021
4.5	127.5	0.149278	0.1229
9.0	127.5	0.167233	0.1368
13.5	127.5	0.163062	0.1193
18.0	127.5	0.149428	0.0955
22.5	127.5	0.152542	0.0954
27.0	127.5	0.140405	0.1031
31.5	127.5	0.150784	0.1022
36.0	127.5	0.122802	0.0985
40.5	127.5	0.16942	0.099
45.0	127.5	0.146459	0.1011
49.5	127.5	0.150055	0.0988
54.0	127.5	0.120467	0.1003
58.5	127.5	0.154064	0.0964
63.0	127.5	0.154977	0.0965
67.5	127.5	0.143118	0.0987
72.0	127.5	0.119707	0.1028
76.5	127.5	0.152917	0.1104
81.0	127.5	0.13189	0.1039
85.5	127.5	0.122325	0.1003
90.0	127.5	0.112901	0.1162
94.5	127.5	0.131191	0.1086
99.0	127.5	0.101426	0.1119
103.5	127.5	0.108109	0.1178
108.0	127.5	0.126962	0.1391
112.5	127.5	0.0881855	0.1191
117.0	127.5	0.11449	0.1144
121.5	127.5	0.0881026	0.1229
126.0	127.5	0.0898418	0.1284
130.5	127.5	0.0832186	0.118
135.0	127.5	0.0981141	0.1314
139.5	127.5	0.0774012	0.1266
144.0	127.5	0.0644527	0.1315
148.5	127.5	0.0711759	0.1376
153.0	127.5	0.0734166	0.1387
157.5	127.5	0.0748766	0.1413
162.0	127.5	0.0687536	0.1425
166.5	127.5	0.0482645	0.1612
171.0	127.5	0.059663	0.1342
175.5	127.5	0.0670626	0.1383
180.0	127.5	0.0522094	0.16
184.5	127.5	0.0556369	0.1577
189.0	127.5	0.0496234	0.1508
193.5	127.5	0.0766285	0.1582
198.0	127.5	0.0410729	0.1842
202.5	127.5	0.0376497	0.1764
207.0	127.5	0.0413124	0.1753
211.5	127.5	0.04184	0.1668
216.0	127.5	0.0410436	0.1786
220.5	127.5	0.0503937	0.1747
225.0	127.5	0.0441614	0.1966
229.5	127.5	0.0469659	0.1666
234.0	127.5	0.0339396	0.186
238.5	127.5	0.0427084	0.1851
243.0	127.5	0.04449	0.1917
247.5	127.5	0.0476055	0.1802
252.0	127.5	0.0353432	0.2117
256.5	127.5	0.0372054	0.219
261.0	127.5	0.0361784	0.197
265.5	127.5	0.026263	0.1882
270.0	127.5	0.029764	0.1743
274.5	127.5	0.0302215	0.1946
279.0	127.5	0.025436	0.2014
283.5	127.5	0.0321501	0.202
288.0	127.5	0.0202342	0.215
292.5	127.5	0.0246046	0.2424
297.0	127.5	0.0211793	0.2017
301.5	127.5	0.0187826	0.2203
306.0	127.5	0.0233925	0.2468
310.5	127.5	0.0180646	0.2196
315.0	127.5	0.0179447	0.2928
319.5	127.5	0.0290019	0.2315
324.0	127.5	0.021243	0.2232
328.5	127.5	0.0197367	0.2673
333.0	127.5	0.0106104	0.3166
337.5	127.5	0.0190689	0.2458
342.0	127.5	0.015442	0.2584
346.5	127.5	0.0213162	0.2465
351.0	127.5	0.0140573	0.2908
355.5	127.5	0.0139055	0.2742
360.0	127.5	0.0132187	0.2974
364.5	127.5	0.0122681	0.2767
369.0	127.5	0.0132013	0.3134
373.5	127.5	0.00725304	0.3164
378.0	127.5	0.0028419	0.3016
382.5	127.5	0.00436633	0.4553
387.0	127.5	0.00337995	0.4022
391.5	127.5	0.00311122	0.6063
396.0	127.5	0.00140141	0.2573
400.5	127.5	0.00388806	0.5825
405.0	127.5	0.00559478	0.4395
409.5	127.5	0.00135793	0.2703
414.0	127.5	0.00276133	0.5708
418.5	127.5	0.00273201	0.3915
423.0	127.5	0.0084487	0.4703
427.5	127.5	0.00663802	0.4461
432.0	127.5	0.00327435	0.4347
436.5	127.5	0.00588816	0.4981
441.0	127.5	0.00344277	0.4705
445.5	127.5	0.00399133	0.5539
-450.0	130.067	0.000848153	0.253
-445.5	130.067	0.000503475	0.2806
-441.0	130.067	0.00201058	0.6503
-436.5	130.067	0.00411489	0.8793
-432.0	130.067	0.000499419	0.2762
-427.5	130.067	0.000696682	0.2863
-423.0	130.067	0.00137726	0.6646
-418.5	130.067	0.000351961	0.2806
-414.0	130.067	0.000196254	0.3154
-409.5	130.067	0.000310832	0.3512
-405.0	130.067	0.00150509	0.696
-400.5	130.067	0.000468097	0.2818
-396.0	130.067	0.000661669	0.2467
-391.5	130.067	0.00141893	0.5797
-387.0	130.067	0.00287957	0.6777
-382.5	130.067	0.000786278	0.2534
-378.0	130.067	0.00102669	0.2061
-373.5	130.067	0.00130638	0.3769
-369.0	130.067	0.00108999	0.1869
-364.5	130.067	0.000921336	0.1817
-360.0	130.067	0.00746788	0.5319
-355.5	130.067	0.00526112	0.4903
-351.0	130.067	0.00153934	0.1494
-346.5	130.067	0.00165213	0.1421
-342.0	130.067	0.00635974	0.4849
-337.5	130.067	0.00666735	0.4119
-333.0	130.067	0.0135295	0.4594
-328.5	130.067	0.00461832	0.2741
-324.0	130.067	0.0047594	0.2409
-319.5	130.067	0.00574167	0.4299
-315.0	130.067	0.00573194	0.3316
-310.5	130.067	0.00376603	0.3202
-306.0	130.067	0.00548263	0.4415
-301.5	130.067	0.00480389	0.4028
-297.0	130.067	0.00301635	0.1886
-292.5	130.067	0.0057404	0.2956
-288.0	130.067	0.00947766	0.288
-283.5	130.067	0.0098004	0.3055
-279.0	130.067	0.00546803	0.3049
-274.5	130.067	0.00553167	0.4081
-270.0	130.067	0.00574884	0.3017
-265.5	130.067	0.00573987	0.2439
-261.0	130.067	0.00703835	0.2366
-256.5	130.067	0.00756912	0.2599
-252.0	130.067	0.00613754	0.2253
-247.5	130.067	0.0105286	0.2573
-243.0	130.067	0.0118123	0.335
-238.5	130.067	0.00722384	0.4275
-234.0	130.067	0.0192151	0.3057
-229.5	130.067	0.0133896	0.2759
-225.0	130.067	0.00816558	0.1581
-220.5	130.067	0.00912482	0.2016
-216.0	130.067	0.0100571	0.3431
-211.5	130.067	0.0126145	0.2811
-207.0	130.067	0.00909645	0.2278
-202.5	130.067	0.0144621	0.2682
-198.0	130.067	0.0131901	0.2149
-193.5	130.067	0.0201378	0.2474
-189.0	130.067	0.0257785	0.2143
-184.5	130.067	0.0188996	0.1828
-180.0	130.067	0.0253761	0.1936
-175.5	130.067	0.0308226	0.2146
-171.0	130.067	0.0397965	0.1756
-166.5	130.067	0.0376763	0.1892
-162.0	130.067	0.0232921	0.1871
-157.5	130.067	0.0375314	0.1717
-153.0	130.067	0.0344396	0.2466
-148.5	130.067	0.0318753	0.1793
-144.0	130.067	0.0299173	0.1668
-139.5	130.067	0.0328751	0.1905
-135.0	130.067	0.0398575	0.1944
-130.5	130.067	0.0338594	0.1697
-126.0	130.067	0.0490992	0.1636
-121.5	130.067	0.0410711	0.1783
-117.0	130.067	0.0456289	0.1487
-112.5	130.067	0.0635696	0.1595
-108.0	130.067	0.0621809	0.1669
-103.5	130.067	0.0731495	0.1351
-99.0	130.067	0.0800031	0.1315
-94.5	130.067	0.0756695	0.1372
-90.0	130.067	0.0841773	0.1278
-85.5	130.067	0.0970826	0.1156
-81.0	130.067	0.0603951	0.1596
-76.5	130.067	0.08135	0.1204
-72.0	130.067	0.104028	0.1199
-67.5	130.067	0.0923585	0.1104
-63.0	130.067	0.116541	0.1221
-58.5	130.067	0.126868	0.1113
-54.0	130.067	0.110711	0.1107
-49.5	130.067	0.123883	0.1224
-45.0	130.067	0.119018	0.1146
-40.5	130.067	0.121912	0.1088
-36.0	130.067	0.129147	0.1038
-31.5	130.067	0.161171	0.1366
-27.0	130.067	0.137345	0.1108
-22.5	130.067	0.16124	0.1479
-18.0	130.067	0.163485	0.1343
-13.5	130.067	0.170851	0.1659
-9.0	130.067	0.153063	0.1174
-4.5	130.067	0.113398	0.1266
0.0	130.067	0.172892	0.1192
4.5	130.067	0.123382	0.1552
9.0	130.067	0.171272	0.1101
13.5	130.067	0.167933	0.1426
18.0	130.067	0.138064	0.1019
22.5	130.067	0.131323	0.0984
27.0	130.067	0.141743	0.0964
31.5	130.067	0.136895	0.1048
36.0	130.067	0.141457	0.1052
40.5	130.067	0.126324	0.0976
45.0	130.067	0.118259	0.1023
49.5	130.067	0.136334	0.0989
54.0	130.067	0.131075	0.1193
58.5	130.067	0.137626	0.098
63.0	130.067	0.129401	0.1014
67.5	130.067	0.135605	0.1042
72.0	130.067	0.0997174	0.1303
76.5	130.067	0.141378	0.103
81.0	130.067	0.125617	0.1144
85.5	130.067	0.120884	0.1123
90.0	130.067	0.103784	0.1038
94.5	130.067	0.096739	0.1098
99.0	130.067	0.0896387	0.1218
103.5	130.067	0.0990748	0.1161
108.0	130.067	0.111069	0.1162
112.5	130.067	0.0843633	0.1254
117.0	130.067	0.0794851	0.1149
121.5	130.067	0.0762181	0.1289
126.0	130.067	0.0665567	0.1315
130.5	130.067	0.0849602	0.1321
135.0	130.067	0.0931243	0.1376
139.5	130.067	0.0941947	0.1241
144.0	130.067	0.0643526	0.1351
148.5	130.067	0.0805693	0.1217
153.0	130.067	0.063766	0.1284
157.5	130.067	0.069609	0.1434
162.0	130.067	0.0584084	0.1457
166.5	130.067	0.0424148	0.1527
171.0	130.067	0.0596124	0.1642
175.5	130.067	0.0345162	0.1556
180.0	130.067	0.0540762	0.1474
184.5	130.067	0.0397415	0.1526
189.0	130.067	0.0536606	0.1659
193.5	130.067	0.0471078	0.1756
198.0	130.067	0.0330733	0.1695
202.5	130.067	0.0390357	0.1729
207.0	130.067	0.0287318	0.1874
211.5	130.067	0.0533548	0.1605
216.0	130.067	0.0470155	0.1517
220.5	130.067	0.0354886	0.2081
225.0	130.067	0.033641	0.1882
229.5	130.067	0.0321386	0.1656
234.0	130.067	0.0304814	0.1841
238.5	130.067	0.0274549	0.1841
243.0	130.067	0.0375288	0.1698
247.5	130.067	0.0442084	0.2003
252.0	130.067	0.0312497	0.2115
256.5	130.067	0.0370354	0.1882
261.0	130.067	0.0404141	0.1782
265.5	130.067	0.0304248	0.1898
270.0	130.067	0.0235161	0.2124
274.5	130.067	0.032433	0.2169
279.0	130.067	0.0281797	0.2012
283.5	130.067	0.0198098	0.2332
288.0	130.067	0.0226552	0.223
292.5	130.067	0.0294999	0.2111
297.0	130.067	0.0276556	0.2261
301.5	130.067	0.024961	0.2243
306.0	130.067	0.0178672	0.2462
310.5	130.067	0.0261783	0.2237
315.0	130.067	0.0192465	0.2305
319.5	130.067	0.013974	0.1883
324.0	130.067	0.0292539	0.2264
328.5	130.067	0.0166228	0.3077
333.0	130.067	0.0218901	0.2827
337.5	130.067	0.0164749	0.2525
342.0	130.067	0.0155268	0.2372
346.5	130.067	0.0167131	0.3351
351.0	130.067	0.0064682	0.3016
355.5	130.067	0.0138818	0.3966
360.0	130.067	0.011144	0.3001
364.5	130.067	0.012448	0.349
369.0	130.067	0.00825556	0.3277
373.5	130.067	0.00578291	0.3238
378.0	130.067	0.00430768	0.4148
382.5	130.067	0.00445793	0.4146
387.0	130.067	0.00419279	0.3948
391.5	130.067	0.00310751	0.6266
396.0	130.067	0.003489	0.4896
400.5	130.067	0.00370335	0.5895
405.0	130.067	0.000895507	0.2096
409.5	130.067	0.00120564	0.1952
414.0	130.067	0.00415971	0.5274
418.5	130.067	0.0017115	0.4234
423.0	130.067	0.00243024	0.4579
427.5	130.067	0.00774305	0.3926
432.0	130.067	0.00490409	0.4967
436.5	130.067	0.00801319	0.5386
441.0	130.067	0.00396141	0.5094
445.5	130.067	0.000918578	0.1815
-450.0	132.633	0.0003462	0.2706
-445.5	132.633	0.000581309	0.2253
-441.0	132.633	0.0020628	0.5927
-436.5	132.633	0.00027981	0.2764
-432.0	132.633	0.000554924	0.2374
-427.5	132.633	0.000363174	0.2665
-423.0	132.633	0.00245718	0.5911
-418.5	132.633	0.000523649	0.2505
-414.0	132.633	0.0017571	0.7804
-409.5	132.633	0.00129235	0.6769
-405.0	132.633	0.00108161	0.553
-400.5	132.633	0.000586164	0.3257
-396.0	132.633	0.000387216	0.2877
-391.5	132.633	0.000705888	0.238
-387.0	132.633	0.000720097	0.2509
-382.5	132.633	0.000802397	0.2075
-378.0	132.633	0.00091279	0.2072
-373.5	132.633	0.00249622	0.5264
-369.0	132.633	0.00566366	0.4921
-364.5	132.633	0.00541081	0.7478
-360.0	132.633	0.00334122	0.3668
-355.5	132.633	0.00659158	0.6057
-351.0	132.633	0.00304134	0.4528
-346.5	132.633	0.00490771	0.441
-342.0	132.633	0.00555454	0.3873
-337.5	132.633	0.00896115	0.5788
-333.0	132.633	0.00717739	0.285
-328.5	132.633	0.00524039	0.3026
-324.0	132.633	0.007306	0.4516
-319.5	132.633	0.00556331	0.3812
-315.0	132.633	0.00300027	0.138
-310.5	132.633	0.00239792	0.1212
-306.0	132.633	0.00620205	0.3927
-301.5	132.633	0.0055962	0.5135
-297.0	132.633	0.00587082	0.3382
-292.5	132.633	0.00520205	0.3283
-288.0	132.633	0.00479509	0.2609
-283.5	132.633	0.00499377	0.4103
-279.0	132.633	0.00828983	0.3122
-274.5	132.633	0.00436542	0.1493
-270.0	132.633	0.00913248	0.3393
-265.5	132.633	0.00996812	0.347
-261.0	132.633	0.008385	0.264
-256.5	132.633	0.0130172	0.3279
-252.0	132.633	0.00510555	0.1383
-247.5	132.633	0.00721187	0.2228
-243.0	132.633	0.0124822	0.3392
-238.5	132.633	0.0108191	0.3318
-234.0	132.633	0.0130728	0.2701
-229.5	132.633	0.012842	0.2575
-225.0	132.633	0.0134618	0.2814
-220.5	132.633	0.0228519	0.3134
-216.0	132.633	0.0114263	0.3032
-211.5	132.633	0.0113028	0.2567
-207.0	132.633	0.0127725	0.2533
-202.5	132.633	0.0222291	0.288
-198.0	132.633	0.0110412	0.2854
-193.5	132.633	0.0213247	0.2909
-189.0	132.633	0.0208543	0.2074
-184.5	132.633	0.0157563	0.2011
-180.0	132.633	0.030467	0.2186
-175.5	132.633	0.0274234	0.2168
-171.0	132.633	0.0453034	0.1951
-166.5	132.633	0.0385929	0.2256
-162.0	132.633	0.0305396	0.2275
-157.5	132.633	0.0271084	0.2029
-153.0	132.633	0.027121	0.2476
-148.5	132.633	0.0320215	0.2021
-144.0	132.633	0.0263574	0.1609
-139.5	132.633	0.0311994	0.1634
-135.0	132.633	0.035846	0.1937
-130.5	132.633	0.0344956	0.1837
-126.0	132.633	0.0469133	0.2066
-121.5	132.633	0.0649867	0.1621
-117.0	132.633	0.0710663	0.1537
-112.5	132.633	0.064475	0.1482
-108.0	132.633	0.0575193	0.1558
-103.5	132.633	0.0654659	0.1278
-99.0	132.633	0.06435	0.1534
-94.5	132.633	0.0864155	0.1426
-90.0	132.633	0.0619677	0.13
-85.5	132.633	0.0755155	0.1404
-81.0	132.633	0.062852	0.1955
-76.5	132.633	0.0841199	0.123
-72.0	132.633	0.0890151	0.1209
-67.5	132.633	0.0991392	0.139
-63.0	132.633	0.0998838	0.1144
-58.5	132.633	0.124233	0.1082
-54.0	132.633	0.105899	0.1169
-49.5	132.633	0.0965119	0.1102
-45.0	132.633	0.118464	0.1195
-40.5	132.633	0.112221	0.1281
-36.0	132.633	0.14583	0.1205
-31.5	132.633	0.151655	0.1496
-27.0	132.633	0.148797	0.1423
-22.5	132.633	0.136042	0.1704
-18.0	132.633	0.131218	0.1301
-13.5	132.633	0.174027	0.1103
-9.0	132.633	0.127451	0.1399
-4.5	132.633	0.134361	0.1205
0.0	132.633	0.170983	0.1253
4.5	132.633	0.140849	0.1016
9.0	132.633	0.137638	0.0962
13.5	132.633	0.141136	0.1078
18.0	132.633	0.127156	0.1054
22.5	132.633	0.11942	0.1009
27.0	132.633	0.135204	0.1033
31.5	132.633	0.135007	0.1039
36.0	132.633	0.138885	0.1165
40.5	132.633	0.118437	0.1059
45.0	132.633	0.127178	0.1072
49.5	132.633	0.107983	0.1067
54.0	132.633	0.133715	0.1018
58.5	132.633	0.131807	0.1231
63.0	132.633	0.128358	0.1037
67.5	132.633	0.11031	0.1024
72.0	132.633	0.104211	0.1256
76.5	132.633	0.104567	0.1082
81.0	132.633	0.127949	0.1012
85.5	132.633	0.140193	0.1047
90.0	132.633	0.104093	0.1091
94.5	132.633	0.094105	0.1106
99.0	132.633	0.0968283	0.1252
103.5	132.633	0.101245	0.1165
108.0	132.633	0.0769223	0.1176
112.5	132.633	0.0930168	0.1249
117.0	132.633	0.0782636	0.1196
121.5	132.633	0.0817458	0.14
126.0	132.633	0.0861931	0.1247
130.5	132.633	0.0772154	0.1328
135.0	132.633	0.0743496	0.1303
139.5	132.633	0.0823249	0.124
144.0	132.633	0.0638494	0.1327
148.5	132.633	0.0643041	0.1332
153.0	132.633	0.0697914	0.1378
157.5	132.633	0.0666382	0.1421
162.0	132.633	0.0393929	0.1626
166.5	132.633	0.0575385	0.1465
171.0	132.633	0.0483341	0.1498
175.5	132.633	0.0449521	0.156
180.0	132.633	0.0572732	0.1645
184.5	132.633	0.0554237	0.1517
189.0	132.633	0.0552813	0.1597
193.5	132.633	0.0482568	0.1711
198.0	132.633	0.0286281	0.2026
202.5	132.633	0.0425784	0.1678
207.0	132.633	0.0503509	0.1539
211.5	132.633	0.0450858	0.169
216.0	132.633	0.0441326	0.1748
220.5	132.633	0.0320123	0.1926
225.0	132.633	0.0269306	0.1726
229.5	132.633	0.0318642	0.1945
234.0	132.633	0.0327405	0.1854
238.5	132.633	0.0238595	0.1789
243.0	132.633	0.0442755	0.1754
247.5	132.633	0.0288992	0.199
252.0	132.633	0.0241775	0.2034
256.5	132.633	0.0250882	0.177
261.0	132.633	0.0414371	0.2026
265.5	132.633	0.0351283	0.1885
270.0	132.633	0.030443	0.2031
274.5	132.633	0.0267386	0.1988
279.0	132.633	0.0384177	0.2003
283.5	132.633	0.0233251	0.2132
288.0	132.633	0.0261107	0.2329
292.5	132.633	0.0436588	0.2424
297.0	132.633	0.0184518	0.2499
301.5	132.633	0.0179356	0.2034
306.0	132.633	0.0178802	0.2168
310.5	132.633	0.0192182	0.3705
315.0	132.633	0.026618	0.2373
319.5	132.633	0.0236536	0.2525
324.0	132.633	0.0161054	0.267
328.5	132.633	0.023826	0.2845
333.0	132.633	0.0249331	0.2268
337.5	132.633	0.0147138	0.3109
342.0	132.633	0.0107979	0.3014
346.5	132.633	0.0119945	0.2636
351.0	132.633	0.00945457	0.2986
355.5	132.633	0.0137714	0.3217
360.0	132.633	0.0145837	0.3221
364.5	132.633	0.0120246	0.4219
369.0	132.633	0.0113445	0.3262
373.5	132.633	0.00549283	0.3616
378.0	132.633	0.00812438	0.3978
382.5	132.633	0.00423661	0.3407
387.0	132.633	0.00197613	0.4519
391.5	132.633	0.0038251	0.6594
396.0	132.633	0.00739286	0.3678
400.5	132.633	0.00446782	0.4598
405.0	132.633	0.00399622	0.5684
409.5	132.633	0.00321865	0.3341
414.0	132.633	0.00591901	0.5026
418.5	132.633	0.00998405	0.4642
423.0	132.633	0.00664881	0.4608
427.5	132.633	0.00325651	0.7312
432.0	132.633	0.0090772	0.4332
436.5	132.633	0.00421058	0.5176
441.0	132.633	0.00699002	0.5151
445.5	132.633	0.00353453	0.5883
-450.0	135.2	0.00246278	0.798
-445.5	135.2	0.000846081	0.4353
-441.0	135.2	0.000441399	0.2612
-436.5	135.2	0.00109822	0.6767
-432.0	135.2	0.000746301	0.6065
-427.5	135.2	0.000560642	0.2366
-423.0	135.2	0.00062946	0.2342
-418.5	135.2	0.000552501	0.2486
-414.0	135.2	0.00101765	0.6539
-409.5	135.2	0.000473537	0.2944
-405.0	135.2	0.000480617	0.2846
-400.5	135.2	0.00468168	0.623
-396.0	135.2	0.00150266	0.6024
-391.5	135.2	0.00089907	0.199
-387.0	135.2	0.000826954	0.2042
-382.5	135.2	0.00229341	0.6665
-378.0	135.2	0.0015161	0.2334
-373.5	135.2	0.00110671	0.1966
-369.0	135.2	0.00429292	0.7366
-364.5	135.2	0.00176157	0.3086
-360.0	135.2	0.00116016	0.159
-355.5	135.2	0.00314774	0.3907
-351.0	135.2	0.00161159	0.1498
-346.5	135.2	0.00200474	0.1418
-342.0	135.2	0.0110694	0.4799
-337.5	135.2	0.0068469	0.4126
-333.0	135.2	0.00320957	0.2567
-328.5	135.2	0.00599351	0.2925
-324.0	135.2	0.00469372	0.4474
-319.5	135.2	0.0066477	0.3492
-315.0	135.2	0.0025353	0.112
-310.5	135.2	0.00618348	0.3857
-306.0	135.2	0.00588525	0.4348
-301.5	135.2	0.0075258	0.4216
-297.0	135.2	0.00604103	0.3439
-292.5	135.2	0.00355831	0.1682
-288.0	135.2	0.00786264	0.3494
-283.5	135.2	0.00747375	0.278
-279.0	135.2	0.00719648	0.1999
-274.5	135.2	0.0117305	0.32
-270.0	135.2	0.00649061	0.2827
-265.5	135.2	0.0110606	0.3341
-261.0	135.2	0.00949654	0.3192
-256.5	135.2	0.00618622	0.2664
-252.0	135.2	0.00681176	0.2582
-247.5	135.2	0.00538909	0.2869
-243.0	135.2	0.0110748	0.3439
-238.5	135.2	0.00658055	0.2596
-234.0	135.2	0.0114278	0.3239
-229.5	135.2	0.0136422	0.2866
-225.0	135.2	0.0138144	0.2521
-220.5	135.2	0.0207915	0.2978
-216.0	135.2	0.0166813	0.2902
-211.5	135.2	0.0110959	0.2616
-207.0	135.2	0.0188078	0.3185
-202.5	135.2	0.0174346	0.2394
-198.0	135.2	0.0177278	0.2684
-193.5	135.2	0.0156969	0.1907
-189.0	135.2	0.0126437	0.2066
-184.5	135.2	0.0185698	0.2825
-180.0	135.2	0.0187869	0.1983
-175.5	135.2	0.0194774	0.2247
-171.0	135.2	0.0348159	0.2271
-166.5	135.2	0.028733	0.2015
-162.0	135.2	0.0427134	0.2028
-157.5	135.2	0.0268707	0.2005
-153.0	135.2	0.0236883	0.1859
-148.5	135.2	0.0451125	0.1937
-144.0	135.2	0.0221168	0.2191
-139.5	135.2	0.031795	0.1405
-135.0	135.2	0.0516238	0.1954
-130.5	135.2	0.0395781	0.1683
-126.0	135.2	0.034436	0.1856
-121.5	135.2	0.0439163	0.1657
-117.0	135.2	0.0520553	0.162
-112.5	135.2	0.0562074	0.1579
-108.0	135.2	0.0600353	0.1595
-103.5	135.2	0.0753637	0.1422
-99.0	135.2	0.065892	0.1391
-94.5	135.2	0.0525316	0.1412
-90.0	135.2	0.077071	0.148
-85.5	135.2	0.0734634	0.1311
-81.0	135.2	0.0876011	0.128
-76.5	135.2	0.088295	0.1264
-72.0	135.2	0.106709	0.1266
-67.5	135.2	0.0885162	0.1291
-63.0	135.2	0.0821181	0.1437
-58.5	135.2	0.123252	0.1158
-54.0	135.2	0.118184	0.1807
-49.5	135.2	0.0980407	0.117
-45.0	135.2	0.123323	0.114
-40.5	135.2	0.111239	0.1133
-36.0	135.2	0.124983	0.1151
-31.5	135.2	0.135031	0.1519
-27.0	135.2	0.133072	0.1477
-22.5	135.2	0.119316	0.1077
-18.0	135.2	0.109644	0.1287
-13.5	135.2	0.130987	0.1094
-9.0	135.2	0.144089	0.1157
-4.5	135.2	0.12437	0.1175
0.0	135.2	0.150917	0.1412
4.5	135.2	0.146277	0.1028
9.0	135.2	0.130017	0.1021
13.5	135.2	0.124457	0.1013
18.0	135.2	0.123793	0.1036
22.5	135.2	0.144076	0.1319
27.0	135.2	0.117155	0.1375
31.5	135.2	0.136756	0.1083
36.0	135.2	0.113646	0.1042
40.5	135.2	0.134887	0.1065
45.0	135.2	0.136071	0.0987
49.5	135.2	0.11939	0.1086
54.0	135.2	0.0999585	0.1099
58.5	135.2	0.128784	0.1119
63.0	135.2	0.128663	0.1083
67.5	135.2	0.10983	0.109
72.0	135.2	0.108523	0.107
76.5	135.2	0.109176	0.1198
81.0	135.2	0.102375	0.117
85.5	135.2	0.103987	0.1063
90.0	135.2	0.151977	0.1253
94.5	135.2	0.111345	0.1057
99.0	135.2	0.123611	0.1043
103.5	135.2	0.100275	0.1097
108.0	135.2	0.0892037	0.1278
112.5	135.2	0.0772728	0.1307
117.0	135.2	0.0953567	0.132
121.5	135.2	0.0691802	0.125
126.0	135.2	0.0846464	0.1365
130.5	135.2	0.0632937	0.1314
135.0	135.2	0.0734289	0.1303
139.5	135.2	0.093055	0.1331
144.0	135.2	0.056628	0.1438
148.5	135.2	0.0829813	0.1461
153.0	135.2	0.0699133	0.1425
157.5	135.2	0.0747336	0.1522
162.0	135.2	0.0551927	0.1531
166.5	135.2	0.0621006	0.1575
171.0	135.2	0.0451488	0.1606
175.5	135.2	0.0532657	0.1639
180.0	135.2	0.0556713	0.1472
184.5	135.2	0.0575062	0.1613
189.0	135.2	0.0541405	0.1576
193.5	135.2	0.059264	0.1696
198.0	135.2	0.0482393	0.1774
202.5	135.2	0.03444	0.189
207.0	135.2	0.0375188	0.1694
211.5	135.2	0.0359501	0.1979
216.0	135.2	0.0400166	0.1772
220.5	135.2	0.0462265	0.1564
225.0	135.2	0.0344448	0.2116
229.5	135.2	0.0275746	0.1932
234.0	135.2	0.0256656	0.1861
238.5	135.2	0.0311622	0.1851
243.0	135.2	0.0354645	0.169
247.5	135.2	0.0205938	0.2045
252.0	135.2	0.0262637	0.2237
256.5	135.2	0.0307723	0.2124
261.0	135.2	0.0355529	0.1911
265.5	135.2	0.0450172	0.2174
270.0	135.2	0.0214376	0.2227
274.5	135.2	0.0251261	0.2192
279.0	135.2	0.0293394	0.2029
283.5	135.2	0.0314031	0.2014
288.0	135.2	0.0178707	0.204
292.5	135.2	0.0194281	0.2128
297.0	135.2	0.0312587	0.2812
301.5	135.2	0.0280064	0.2448
306.0	135.2	0.022183	0.2584
310.5	135.2	0.0164989	0.2378
315.0	135.2	0.0153268	0.2384
319.5	135.2	0.0236997	0.263
324.0	135.2	0.0139505	0.2737
328.5	135.2	0.0283776	0.2754
333.0	135.2	0.0172031	0.2743
337.5	135.2	0.0108762	0.2639
342.0	135.2	0.0120492	0.2845
346.5	135.2	0.0157689	0.2539
351.0	135.2	0.00996948	0.2955
355.5	135.2	0.0118304	0.2501
360.0	135.2	0.00967666	0.3135
364.5	135.2	0.00478956	0.3795
369.0	135.2	0.00468846	0.2872
373.5	135.2	0.00690265	0.2989
378.0	135.2	0.0103596	0.3322
382.5	135.2	0.0096882	0.3489
387.0	135.2	0.0031436	0.4321
391.5	135.2	0.00329224	0.5188
396.0	135.2	0.00478147	0.4372
400.5	135.2	0.00317353	0.5863
405.0	135.2	0.00124063	0.2387
409.5	135.2	0.00526216	0.5516
414.0	135.2	0.00204503	0.3807
418.5	135.2	0.00153943	0.5357
423.0	135.2	0.00475736	0.4345
427.5	135.2	0.00123834	0.3384
432.0	135.2	0.00321948	0.5995
436.5	135.2	0.00477136	0.43
441.0	135.2	0.00367213	0.4052
445.5	135.2	0.00471578	0.5323
-450.0	137.767	0.000553367	0.2148
-445.5	137.767	0.00247332	0.6909
-441.0	137.767	0.000691272	0.2531
-436.5	137.767	0.000582922	0.3102
-432.0	137.767	0.00171683	0.7236
-427.5	137.767	0.00139719	0.5757
-423.0	137.767	0.000601779	0.2283
-418.5	137.767	0.000303269	0.312
-414.0	137.767	0.00143273	0.6604
-409.5	137.767	0.000524732	0.2651
-405.0	137.767	0.000438536	0.3045
-400.5	137.767	0.000661799	0.2909
-396.0	137.767	0.000421213	0.3155
-391.5	137.767	0.00151103	0.6656
-387.0	137.767	0.000663351	0.2213
-382.5	137.767	0.00361959	0.3987
-378.0	137.767	0.00132616	0.2633
-373.5	137.767	0.00101037	0.1893
-369.0	137.767	0.00226682	0.4666
-364.5	137.767	0.00121956	0.1617
-360.0	137.767	0.00141551	0.1865
-355.5	137.767	0.0057116	0.4481
-351.0	137.767	0.00333627	0.4605
-346.5	137.767	0.00291435	0.3195
-342.0	137.767	0.00567835	0.3808
-337.5	137.767	0.00183359	0.1423
-333.0	137.767	0.00482378	0.5369
-328.5	137.767	0.00796536	0.3894
-324.0	137.767	0.00838209	0.4922
-319.5	137.767	0.0101682	0.3706
-315.0	137.767	0.00242044	0.1255
-310.5	137.767	0.00605007	0.4113
-306.0	137.767	0.00230327	0.1168
-301.5	137.767	0.00532768	0.4061
-297.0	137.767	0.00573744	0.3573
-292.5	137.767	0.00714922	0.3304
-288.0	137.767	0.00905134	0.2936
-283.5	137.767	0.00645011	0.3307
-279.0	137.767	0.00527154	0.3138
-274.5	137.767	0.00566706	0.4757
-270.0	137.767	0.012149	0.3185
-265.5	137.767	0.00955394	0.2864
-261.0	137.767	0.0108156	0.3275
-256.5	137.767	0.00549787	0.2171
-252.0	137.767	0.00960182	0.499
-247.5	137.767	0.0138789	0.2812
-243.0	137.767	0.0129388	0.2507
-238.5	137.767	0.0101314	0.263
-234.0	137.767	0.0174657	0.3275
-229.5	137.767	0.0111362	0.2964
-225.0	137.767	0.0116941	0.2689
-220.5	137.767	0.0137429	0.3363
-216.0	137.767	0.00859522	0.2288
-211.5	137.767	0.0144647	0.2299
-207.0	137.767	0.0125813	0.2446
-202.5	137.767	0.0179752	0.2356
-198.0	137.767	0.0161599	0.2701
-193.5	137.767	0.0208662	0.2636
-189.0	137.767	0.0135382	0.2285
-184.5	137.767	0.0124347	0.2394
-180.0	137.767	0.0188338	0.2016
-175.5	137.767	0.0368266	0.269
-171.0	137.767	0.0282029	0.1832
-166.5	137.767	0.0264768	0.2101
-162.0	137.767	0.0209125	0.1987
-157.5	137.767	0.0200826	0.2138
-153.0	137.767	0.0257916	0.1735
-148.5	137.767	0.034222	0.1736
-144.0	137.767	0.0319492	0.1822
-139.5	137.767	0.0418073	0.172
-135.0	137.767	0.0403051	0.1606
-130.5	137.767	0.0357466	0.1716
-126.0	137.767	0.0410927	0.1667
-121.5	137.767	0.035777	0.1759
-117.0	137.767	0.053911	0.1521
-112.5	137.767	0.04438	0.1535
-108.0	137.767	0.0745473	0.1714
-103.5	137.767	0.0738573	0.1263
-99.0	137.767	0.0696362	0.1444
-94.5	137.767	0.0803816	0.1321
-90.0	137.767	0.0700921	0.1236
-85.5	137.767	0.0699491	0.1407
-81.0	137.767	0.0713713	0.1342
-76.5	137.767	0.0933517	0.1304
-72.0	137.767	0.088208	0.1239
-67.5	137.767	0.0892051	0.1586
-63.0	137.767	0.109458	0.1138
-58.5	137.767	0.0887402	0.1245
-54.0	137.767	0.0982091	0.1151
-49.5	137.767	0.116705	0.1477
-45.0	137.767	0.110019	0.129
-40.5	137.767	0.102586	0.114
-36.0	137.767	0.112347	0.1461
-31.5	137.767	0.113507	0.1119
-27.0	137.767	0.138291	0.2061
-22.5	137.767	0.134741	0.1302
-18.0	137.767	0.131134	0.1178
-13.5	137.767	0.128292	0.1165
-9.0	137.767	0.135683	0.21
-4.5	137.767	0.12507	0.1498
0.0	137.767	0.155208	0.1326
4.5	137.767	0.145355	0.1156
9.0	137.767	0.16138	0.1077
13.5	137.767	0.152761	0.13
18.0	137.767	0.12758	0.105
22.5	137.767	0.128681	0.12
27.0	137.767	0.115725	0.1265
31.5	137.767	0.156768	0.1051
36.0	137.767	0.139834	0.1741
40.5	137.767	0.138367	0.1026
45.0	137.767	0.117199	0.111
49.5	137.767	0.126388	0.1406
54.0	137.767	0.121462	0.1161
58.5	137.767	0.115845	0.1295
63.0	137.767	0.111738	0.1099
67.5	137.767	0.119879	0.1045
72.0	137.767	0.120219	0.1076
76.5	137.767	0.101978	0.111
81.0	137.767	0.102756	0.1126
85.5	137.767	0.0966212	0.1125
90.0	137.767	0.113541	0.116
94.5	137.767	0.125437	0.1146
99.0	137.767	0.113879	0.1186
103.5	137.767	0.126288	0.1065
108.0	137.767	0.0899611	0.1262
112.5	137.767	0.0798221	0.13
117.0	137.767	0.0959348	0.1209
121.5	137.767	0.0790211	0.1485
126.0	137.767	0.0825684	0.1407
130.5	137.767	0.0840774	0.1274
135.0	137.767	0.0645593	0.1347
139.5	137.767	0.0627337	0.1513
144.0	137.767	0.0459199	0.1365
148.5	137.767	0.0520419	0.1449
153.0	137.767	0.0634488	0.1391
157.5	137.767	0.0643506	0.1618
162.0	137.767	0.0599268	0.1416
166.5	137.767	0.0549373	0.1622
171.0	137.767	0.0377884	0.1508
175.5	137.767	0.0521573	0.1529
180.0	137.767	0.0450985	0.1843
184.5	137.767	0.043177	0.1571
189.0	137.767	0.0389841	0.1649
193.5	137.767	0.0409311	0.1914
198.0	137.767	0.0538622	0.17
202.5	137.767	0.0493766	0.1759
207.0	137.767	0.0331047	0.1572
211.5	137.767	0.0406515	0.1858
216.0	137.767	0.0304338	0.1815
220.5	137.767	0.0325707	0.2047
225.0	137.767	0.0187307	0.1782
229.5	137.767	0.0365663	0.1819
234.0	137.767	0.0305087	0.1997
238.5	137.767	0.0219229	0.2111
243.0	137.767	0.0180543	0.2086
247.5	137.767	0.0226497	0.2148
252.0	137.767	0.0180961	0.1974
256.5	137.767	0.0356394	0.2328
261.0	137.767	0.0266595	0.1927
265.5	137.767	0.0278409	0.199
270.0	137.767	0.0284737	0.2292
274.5	137.767	0.0293542	0.2352
279.0	137.767	0.0301717	0.207
283.5	137.767	0.0223713	0.2234
288.0	137.767	0.0195028	0.2467
292.5	137.767	0.0285615	0.1914
297.0	137.767	0.0243037	0.2078
301.5	137.767	0.0215891	0.242
306.0	137.767	0.0259265	0.2249
310.5	137.767	0.0227087	0.2071
315.0	137.767	0.0158092	0.2238
319.5	137.767	0.0131567	0.2384
324.0	137.767	0.0152724	0.2677
328.5	137.767	0.0158808	0.2608
333.0	137.767	0.0114079	0.2482
337.5	137.767	0.0140041	0.2797
342.0	137.767	0.0129733	0.2828
346.5	137.767	0.0128285	0.3172
351.0	137.767	0.0133021	0.3276
355.5	137.767	0.0104458	0.3172
360.0	137.767	0.0141756	0.2891
364.5	137.767	0.0114593	0.2882
369.0	137.767	0.00775581	0.3038
373.5	137.767	0.00935096	0.3474
378.0	137.767	0.0046425	0.3023
382.5	137.767	0.0045594	0.4019
387.0	137.767	0.00241847	0.3502
391.5	137.767	0.00607277	0.3954
396.0	137.767	0.00915469	0.5143
400.5	137.767	0.00313161	0.63
405.0	137.767	0.00302051	0.4434
409.5	137.767	0.00789375	0.4998
414.0	137.767	0.00304772	0.4333
418.5	137.767	0.00169695	0.5609
423.0	137.767	0.00747599	0.4139
427.5	137.767	0.00977064	0.4216
432.0	137.767	0.00136724	0.5962
436.5	137.767	0.00447963	0.6434
441.0	137.767	0.00840069	0.4084
445.5	137.767	0.00172201	0.3266
-450.0	140.333	0.000703069	0.2109
-445.5	140.333	0.000577977	0.224
-441.0	140.333	0.000953352	0.4471
-436.5	140.333	0.000356473	0.3668
-432.0	140.333	0.000623112	0.2264
-427.5	140.333	0.00096049	0.3877
-423.0	140.333	0.000681819	0.2382
-418.5	140.333	0.000310251	0.362
-414.0	140.333	0.00159111	0.7621
-409.5	140.333	0.000606245	0.2949
-405.0	140.333	0.000782063	0.2667
-400.5	140.333	0.000674668	0.2649
-396.0	140.333	0.000481253	0.3364
-391.5	140.333	0.00328436	0.6114
-387.0	140.333	0.000801416	0.3819
-382.5	140.333	0.000696241	0.3309
-378.0	140.333	0.00631977	0.6664
-373.5	140.333	0.000990159	0.1968
-369.0	140.333	0.000901268	0.3065
-364.5	140.333	0.00127426	0.4324
-360.0	140.333	0.00408916	0.5199
-355.5	140.333	0.00218878	0.3765
-351.0	140.333	0.00155569	0.1487
-346.5	140.333	0.00201332	0.156
-342.0	140.333	0.00337259	0.3809
-337.5	140.333	0.00568935	0.4288
-333.0	140.333	0.00508271	0.3781
-328.5	140.333	0.00457766	0.4271
-324.0	140.333	0.00338165	0.1844
-319.5	140.333	0.0072571	0.3851
-315.0	140.333	0.00218124	0.1174
-310.5	140.333	0.00403138	0.2577
-306.0	140.333	0.00415585	0.3341
-301.5	140.333	0.00411954	0.3641
-297.0	140.333	0.00753172	0.2967
-292.5	140.333	0.0052491	0.2395
-288.0	140.333	0.0077609	0.288
-283.5	140.333	0.00516778	0.3179
-279.0	140.333	0.005004	0.2991
-274.5	140.333	0.00638083	0.3385
-270.0	140.333	0.00563419	0.2992
-265.5	140.333	0.0120338	0.3006
-261.0	140.333	0.0143239	0.2768
-256.5	140.333	0.00607465	0.3034
-252.0	140.333	0.00843831	0.2464
-247.5	140.333	0.0106581	0.2766
-243.0	140.333	0.0102066	0.3551
-238.5	140.333	0.00959779	0.3355
-234.0	140.333	0.0140022	0.295
-229.5	140.333	0.0156743	0.2918
-225.0	140.333	0.0158007	0.2839
-220.5	140.333	0.0142939	0.2346
-216.0	140.333	0.0145615	0.3944
-211.5	140.333	0.0160874	0.2457
-207.0	140.333	0.012549	0.2258
-202.5	140.333	0.0213464	0.256
-198.0	140.333	0.0202433	0.289
-193.5	140.333	0.0122809	0.2098
-189.0	140.333	0.0198712	0.2114
-184.5	140.333	0.0150875	0.2235
-180.0	140.333	0.0180381	0.227
-175.5	140.333	0.0290685	0.2011
-171.0	140.333	0.023127	0.2026
-166.5	140.333	0.0247315	0.2134
-162.0	140.333	0.0212654	0.1725
-157.5	140.333	0.020188	0.2387
-153.0	140.333	0.0407018	0.2244
-148.5	140.333	0.032816	0.2039
-144.0	140.333	0.0263891	0.1906
-139.5	140.333	0.037627	0.1822
-135.0	140.333	0.0301368	0.1932
-130.5	140.333	0.0372933	0.1912
-126.0	140.333	0.0339188	0.1783
-121.5	140.333	0.0462737	0.1399
-117.0	140.333	0.050484	0.1679
-112.5	140.333	0.0699229	0.1373
-108.0	140.333	0.0578113	0.1538
-103.5	140.333	0.0479972	0.1503
-99.0	140.333	0.0503719	0.1551
-94.5	140.333	0.0777841	0.1263
-90.0	140.333	0.0644078	0.1614
-85.5	140.333	0.0616333	0.1344
-81.0	140.333	0.0784832	0.1331
-76.5	140.333	0.0810947	0.1404
-72.0	140.333	0.0840852	0.1227
-67.5	140.333	0.0749885	0.1286
-63.0	140.333	0.101818	0.1087
-58.5	140.333	0.0893752	0.1252
-54.0	140.333	0.100363	0.114
-49.5	140.333	0.087115	0.1161
-45.0	140.333	0.109695	0.1249
-40.5	140.333	0.0986193	0.1221
-36.0	140.333	0.116134	0.1067
-31.5	140.333	0.0999085	0.1415
-27.0	140.333	0.107702	0.1228
-22.5	140.333	0.120777	0.1388
-18.0	140.333	0.120276	0.2077
-13.5	140.333	0.133179	0.1592
-9.0	140.333	0.1497	0.1512
-4.5	140.333	0.11637	0.1379
0.0	140.333	0.141708	0.1285
4.5	140.333	0.117959	0.1168
9.0	140.333	0.114939	0.1124
13.5	140.333	0.130693	0.1194
18.0	140.333	0.124413	0.1061
22.5	140.333	0.111904	0.1269
27.0	140.333	0.108694	0.1122
31.5	140.333	0.123725	0.1059
36.0	140.333	0.127476	0.1045
40.5	140.333	0.132739	0.1011
45.0	140.333	0.102805	0.1049
49.5	140.333	0.12335	0.1108
54.0	140.333	0.122088	0.1311
58.5	140.333	0.100773	0.109
63.0	140.333	0.113446	0.1013
67.5	140.333	0.101142	0.112
72.0	140.333	0.112668	0.1088
76.5	140.333	0.113394	0.1073
81.0	140.333	0.0928624	0.1249
85.5	140.333	0.0973675	0.1284
90.0	140.333	0.108645	0.1294
94.5	140.333	0.114412	0.114
99.0	140.333	0.111257	0.1166
103.5	140.333	0.0775186	0.125
108.0	140.333	0.10584	0.1416
112.5	140.333	0.0733904	0.1284
117.0	140.333	0.0851161	0.1155
121.5	140.333	0.0698435	0.1433
126.0	140.333	0.0757461	0.1292
130.5	140.333	0.0968091	0.122
135.0	140.333	0.0734337	0.1329
139.5	140.333	0.0607763	0.1509
144.0	140.333	0.0692729	0.1452
148.5	140.333	0.0583766	0.1305
153.0	140.333	0.0619017	0.1419
157.5	140.333	0.0368775	0.1533
162.0	140.333	0.0503618	0.178
166.5	140.333	0.0628941	0.1553
171.0	140.333	0.0378905	0.1785
175.5	140.333	0.03933	0.1555
180.0	140.333	0.0367151	0.1616
184.5	140.333	0.0359082	0.2063
189.0	140.333	0.0365422	0.1729
193.5	140.333	0.0477832	0.149
198.0	140.333	0.0494021	0.163
202.5	140.333	0.0577833	0.1753
207.0	140.333	0.0410911	0.1648
211.5	140.333	0.0288599	0.1852
216.0	140.333	0.0285864	0.1981
220.5	140.333	0.0253824	0.1945
225.0	140.333	0.0411255	0.1942
229.5	140.333	0.0281625	0.2012
234.0	140.333	0.0380751	0.182
238.5	140.333	0.0236929	0.212
243.0	140.333	0.0175447	0.2128
247.5	140.333	0.0269175	0.1942
252.0	140.333	0.024162	0.2263
256.5	140.333	0.0301953	0.1847
261.0	140.333	0.025213	0.1928
265.5	140.333	0.0295596	0.1846
270.0	140.333	0.0243979	0.2107
274.5	140.333	0.0331734	0.2186
279.0	140.333	0.0260481	0.2252
283.5	140.333	0.0259943	0.1878
288.0	140.333	0.019485	0.2128
292.5	140.333	0.0246756	0.2505
297.0	140.333	0.0180783	0.2398
301.5	140.333	0.0166944	0.2184
306.0	140.333	0.0201808	0.2583
310.5	140.333	0.0173881	0.2624
315.0	140.333	0.0162047	0.2956
319.5	140.333	0.0148133	0.2795
324.0	140.333	0.0194947	0.2953
328.5	140.333	0.0146067	0.2693
333.0	140.333	0.0124439	0.2733
337.5	140.333	0.0109662	0.2784
342.0	140.333	0.0113127	0.3044
346.5	140.333	0.0179717	0.2647
351.0	140.333	0.0142068	0.34
355.5	140.333	0.0101232	0.302
360.0	140.333	0.0105231	0.323
364.5	140.333	0.0112149	0.3303
369.0	140.333	0.0123939	0.3448
373.5	140.333	0.0106625	0.2997
378.0	140.333	0.0047882	0.4372
382.5	140.333	0.00390783	0.3998
387.0	140.333	0.00924514	0.3673
391.5	140.333	0.00623732	0.3864
396.0	140.333	0.00295206	0.5404
400.5	140.333	0.00347337	0.8283
405.0	140.333	0.00980308	0.4875
409.5	140.333	0.00842597	0.5133
414.0	140.333	0.00789923	0.3861
418.5	140.333	0.00261117	0.5996
423.0	140.333	0.00323201	0.5273
427.5	140.333	0.00736835	0.3865
432.0	140.333	0.00933714	0.3723
436.5	140.333	0.003094	0.5333
441.0	140.333	0.00316219	0.4292
445.5	140.333	0.00468344	0.3791
-450.0	142.9	0.000783922	0.4791
-445.5	142.9	0.000507501	0.2296
-441.0	142.9	0.000362163	0.2605
-436.5	142.9	0.000255675	0.3454
-432.0	142.9	0.000465016	0.2393
-427.5	142.9	0.000528891	0.247
-423.0	142.9	0.000691701	0.2643
-418.5	142.9	0.000216401	0.413
-414.0	142.9	0.000521352	0.3793
-409.5	142.9	0.000406201	0.3359
-405.0	142.9	0.000394575	0.2981
-400.5	142.9	0.000403992	0.2564
-396.0	142.9	0.00349385	0.807
-391.5	142.9	0.00176009	0.4963
-387.0	142.9	0.00490796	0.5125
-382.5	142.9	0.00115632	0.4579
-378.0	142.9	0.00506422	0.4684
-373.5	142.9	0.00271671	0.6615
-369.0	142.9	0.0011888	0.315
-364.5	142.9	0.00142754	0.3162
-360.0	142.9	0.00530133	0.532
-355.5	142.9	0.00390604	0.6216
-351.0	142.9	0.00640274	0.5618
-346.5	142.9	0.00195986	0.3311
-342.0	142.9	0.00434332	0.3186
-337.5	142.9	0.00386378	0.3043
-333.0	142.9	0.00780724	0.5038
-328.5	142.9	0.00700946	0.6155
-324.0	142.9	0.00644206	0.6613
-319.5	142.9	0.0075077	0.5799
-315.0	142.9	0.00672354	0.3366
-310.5	142.9	0.00536458	0.2362
-306.0	142.9	0.00722045	0.3538
-301.5	142.9	0.00257158	0.1322
-297.0	142.9	0.00435042	0.4305
-292.5	142.9	0.00476916	0.3342
-288.0	142.9	0.0106283	0.4202
-283.5	142.9	0.0110569	0.3774
-279.0	142.9	0.00686715	0.3642
-274.5	142.9	0.00337326	0.1692
-270.0	142.9	0.00620654	0.3612
-265.5	142.9	0.00554849	0.2408
-261.0	142.9	0.00906089	0.4233
-256.5	142.9	0.0125097	0.3614
-252.0	142.9	0.018721	0.2872
-247.5	142.9	0.00707782	0.2552
-243.0	142.9	0.0101144	0.4271
-238.5	142.9	0.00789477	0.3102
-234.0	142.9	0.0104468	0.3377
-229.5	142.9	0.00784326	0.4736
-225.0	142.9	0.00941543	0.2508
-220.5	142.9	0.0140106	0.2905
-216.0	142.9	0.0145449	0.3016
-211.5	142.9	0.015759	0.23
-207.0	142.9	0.0139604	0.3121
-202.5	142.9	0.014711	0.3121
-198.0	142.9	0.0176367	0.2636
-193.5	142.9	0.0150592	0.2661
-189.0	142.9	0.0215933	0.2386
-184.5	142.9	0.0268899	0.2252
-180.0	142.9	0.0177602	0.1925
-175.5	142.9	0.0254486	0.2033
-171.0	142.9	0.0269736	0.2164
-166.5	142.9	0.0196595	0.2242
-162.0	142.9	0.0241225	0.2281
-157.5	142.9	0.0325049	0.2008
-153.0	142.9	0.0379129	0.1759
-148.5	142.9	0.0270153	0.1874
-144.0	142.9	0.0367343	0.2516
-139.5	142.9	0.0291083	0.1638
-135.0	142.9	0.0325286	0.1726
-130.5	142.9	0.0377478	0.1833
-126.0	142.9	0.0297655	0.166
-121.5	142.9	0.0623722	0.1638
-117.0	142.9	0.0456857	0.1598
-112.5	142.9	0.0565081	0.147
-108.0	142.9	0.0700754	0.1402
-103.5	142.9	0.0643394	0.1408
-99.0	142.9	0.0520857	0.1706
-94.5	142.9	0.0582303	0.1528
-90.0	142.9	0.0657425	0.1337
-85.5	142.9	0.0689783	0.1463
-81.0	142.9	0.0653515	0.1387
-76.5	142.9	0.0804259	0.1364
-72.0	142.9	0.0838214	0.1289
-67.5	142.9	0.0911236	0.1178
-63.0	142.9	0.075677	0.145
-58.5	142.9	0.0932675	0.1331
-54.0	142.9	0.110281	0.1355
-49.5	142.9	0.0861955	0.1263
-45.0	142.9	0.0984886	0.1613
-40.5	142.9	0.105914	0.1188
-36.0	142.9	0.119355	0.1173
-31.5	142.9	0.107744	0.138
-27.0	142.9	0.137257	0.1829
-22.5	142.9	0.125792	0.1802
-18.0	142.9	0.115374	0.1282
-13.5	142.9	0.138397	0.1137
-9.0	142.9	0.138067	0.1514
-4.5	142.9	0.131556	0.1545
0.0	142.9	0.12526	0.1293
4.5	142.9	0.135089	0.1186
9.0	142.9	0.119569	0.1067
13.5	142.9	0.131143	0.1042
18.0	142.9	0.111043	0.1319
22.5	142.9	0.113039	0.1141
27.0	142.9	0.107397	0.1069
31.5	142.9	0.112078	0.1216
36.0	142.9	0.112306	0.1082
40.5	142.9	0.127378	0.1149
45.0	142.9	0.109254	0.1154
49.5	142.9	0.119411	0.1069
54.0	142.9	0.109516	0.118
58.5	142.9	0.108623	0.1224
63.0	142.9	0.119405	0.1125
67.5	142.9	0.0974531	0.1127
72.0	142.9	0.106538	0.117
76.5	142.9	0.0991948	0.1305
81.0	142.9	0.0954857	0.1239
85.5	142.9	0.0935458	0.1234
90.0	142.9	0.0631604	0.1184
94.5	142.9	0.0776079	0.1164
99.0	142.9	0.0822122	0.1312
103.5	142.9	0.0865616	0.1186
108.0	142.9	0.0836064	0.138
112.5	142.9	0.0801329	0.1194
117.0	142.9	0.0793027	0.1274
121.5	142.9	0.0799857	0.1237
126.0	142.9	0.0863315	0.1374
130.5	142.9	0.0779377	0.1338
135.0	142.9	0.0811121	0.1409
139.5	142.9	0.0747761	0.1258
144.0	142.9	0.073996	0.1431
148.5	142.9	0.0709256	0.1503
153.0	142.9	0.0586026	0.1466
157.5	142.9	0.0543325	0.16
162.0	142.9	0.0418124	0.1674
166.5	142.9	0.0511991	0.1616
171.0	142.9	0.0464024	0.1621
175.5	142.9	0.0513578	0.1695
180.0	142.9	0.0373345	0.1735
184.5	142.9	0.0368109	0.178
189.0	142.9	0.035428	0.149
193.5	142.9	0.0449211	0.1632
198.0	142.9	0.0448464	0.1614
202.5	142.9	0.0408258	0.188
207.0	142.9	0.0354425	0.164
211.5	142.9	0.0424521	0.1791
216.0	142.9	0.0412884	0.1962
220.5	142.9	0.0296921	0.2089
225.0	142.9	0.0358929	0.188
229.5	142.9	0.0289296	0.2194
234.0	142.9	0.0332518	0.2192
238.5	142.9	0.0280226	0.2026
243.0	142.9	0.0306178	0.1897
247.5	142.9	0.0356278	0.2061
252.0	142.9	0.021581	0.2326
256.5	142.9	0.0260127	0.2429
261.0	142.9	0.0378541	0.1913
265.5	142.9	0.0326344	0.1932
270.0	142.9	0.0279231	0.197
274.5	142.9	0.0171425	0.2223
279.0	142.9	0.0309774	0.2036
283.5	142.9	0.0304995	0.1983
288.0	142.9	0.0155053	0.1921
292.5	142.9	0.0173948	0.2024
297.0	142.9	0.0237408	0.2327
301.5	142.9	0.0198929	0.208
306.0	142.9	0.0163194	0.2469
310.5	142.9	0.0189803	0.2279
315.0	142.9	0.0174554	0.268
319.5	142.9	0.0159419	0.2858
324.0	142.9	0.0149427	0.2551
328.5	142.9	0.0120147	0.2167
333.0	142.9	0.0175993	0.2675
337.5	142.9	0.0141395	0.2994
342.0	142.9	0.0110291	0.2828
346.5	142.9	0.0130455	0.249
351.0	142.9	0.0135739	0.2786
355.5	142.9	0.0078868	0.314
360.0	142.9	0.00756036	0.3598
364.5	142.9	0.00841307	0.4226
369.0	142.9	0.00707559	0.3076
373.5	142.9	0.00411992	0.3884
378.0	142.9	0.00865316	0.3869
382.5	142.9	0.00890621	0.5136
387.0	142.9	0.00381971	0.3796
391.5	142.9	0.00435767	0.492
396.0	142.9	0.00477016	0.5078
400.5	142.9	0.00166518	0.4356
405.0	142.9	0.00523704	0.4737
409.5	142.9	0.00479099	0.6548
414.0	142.9	0.00500403	0.5873
418.5	142.9	0.00219193	0.6756
423.0	142.9	0.00279464	0.4489
427.5	142.9	0.00558709	0.4867
432.0	142.9	0.00897553	0.5076
436.5	142.9	0.00706906	0.4502
441.0	142.9	0.00354561	0.3802
445.5	142.9	0.0114322	0.496
-450.0	145.467	0.00186046	0.7913
-445.5	145.467	0.000367779	0.3117
-441.0	145.467	0.00148224	0.6829
-436.5	145.467	0.000317889	0.2969
-432.0	145.467	0.00059005	0.2153
-427.5	145.467	0.00066198	0.232
-423.0	145.467	0.000482866	0.2908
-418.5	145.467	0.00284339	0.6511
-414.0	145.467	0.000368966	0.2888
-409.5	145.467	0.000308794	0.3396
-405.0	145.467	0.00286178	0.8873
-400.5	145.467	0.00243342	0.8697
-396.0	145.467	0.000559647	0.2566
-391.5	145.467	0.000368561	0.2774
-387.0	145.467	0.00102777	0.5896
-382.5	145.467	0.000789428	0.2152
-378.0	145.467	0.000953244	0.1876
-373.5	145.467	0.00169594	0.5917
-369.0	145.467	0.00486776	0.7974
-364.5	145.467	0.00541528	0.5957
-360.0	145.467	0.00560742	0.6464
-355.5	145.467	0.0047458	0.4247
-351.0	145.467	0.00380774	0.6795
-346.5	145.467	0.00210679	0.2834
-342.0	145.467	0.00453754	0.3755
-337.5	145.467	0.00431006	0.4382
-333.0	145.467	0.00226788	0.2772
-328.5	145.467	0.00453424	0.4051
-324.0	145.467	0.00286694	0.327
-319.5	145.467	0.00424728	0.3694
-315.0	145.467	0.0112632	0.4892
-310.5	145.467	0.00737429	0.4196
-306.0	145.467	0.00723044	0.3288
-301.5	145.467	0.00269668	0.1134
-297.0	145.467	0.00756871	0.4113
-292.5	145.467	0.0162689	0.3265
-288.0	145.467	0.0099385	0.3737
-283.5	145.467	0.00928797	0.3655
-279.0	145.467	0.00817732	0.4573
-274.5	145.467	0.00792624	0.3293
-270.0	145.467	0.00410204	0.2854
-265.5	145.467	0.00702918	0.2442
-261.0	145.467	0.00632814	0.238
-256.5	145.467	0.0105603	0.2685
-252.0	145.467	0.00765333	0.3858
-247.5	145.467	0.0102299	0.3003
-243.0	145.467	0.0102213	0.2934
-238.5	145.467	0.0105707	0.3319
-234.0	145.467	0.0140511	0.3263
-229.5	145.467	0.00573044	0.1682
-225.0	145.467	0.0111852	0.2793
-220.5	145.467	0.010859	0.343
-216.0	145.467	0.0171332	0.2831
-211.5	145.467	0.0233839	0.2405
-207.0	145.467	0.0165884	0.2768
-202.5	145.467	0.0152965	0.2511
-198.0	145.467	0.019096	0.3347
-193.5	145.467	0.0177322	0.2831
-189.0	145.467	0.0158867	0.1823
-184.5	145.467	0.0235085	0.2498
-180.0	145.467	0.0250532	0.2538
-175.5	145.467	0.0257438	0.1995
-171.0	145.467	0.0322045	0.225
-166.5	145.467	0.0278812	0.2837
-162.0	145.467	0.0299749	0.2359
-157.5	145.467	0.0319525	0.2003
-153.0	145.467	0.0360957	0.1869
-148.5	145.467	0.0264353	0.1862
-144.0	145.467	0.0346065	0.1833
-139.5	145.467	0.0290964	0.1827
-135.0	145.467	0.0396598	0.1673
-130.5	145.467	0.0330207	0.1729
-126.0	145.467	0.0394533	0.1777
-121.5	145.467	0.0348266	0.1861
-117.0	145.467	0.0376051	0.1553
-112.5	145.467	0.0498844	0.1451
-108.0	145.467	0.0417934	0.1643
-103.5	145.467	0.0522097	0.1516
-99.0	145.467	0.0611998	0.1304
-94.5	145.467	0.0697042	0.1371
-90.0	145.467	0.0631579	0.133
-85.5	145.467	0.0781476	0.1359
-81.0	145.467	0.0632397	0.1357
-76.5	145.467	0.0730704	0.1325
-72.0	145.467	0.0503474	0.1458
-67.5	145.467	0.0877426	0.1229
-63.0	145.467	0.080532	0.1207
-58.5	145.467	0.0756285	0.1301
-54.0	145.467	0.0763608	0.1411
-49.5	145.467	0.0877183	0.1413
-45.0	145.467	0.0898778	0.1443
-40.5	145.467	0.101112	0.1171
-36.0	145.467	0.122756	0.1252
-31.5	145.467	0.0897778	0.1422
-27.0	145.467	0.100367	0.1737
-22.5	145.467	0.114066	0.1083
-18.0	145.467	0.125009	0.1449
-13.5	145.467	0.104067	0.1143
-9.0	145.467	0.139176	0.1637
-4.5	145.467	0.124916	0.1297
0.0	145.467	0.117395	0.1436
4.5	145.467	0.114717	0.1373
9.0	145.467	0.112004	0.1303
13.5	145.467	0.113118	0.1083
18.0	145.467	0.111427	0.1326
22.5	145.467	0.109804	0.1108
27.0	145.467	0.117359	0.1117
31.5	145.467	0.112385	0.1177
36.0	145.467	0.104558	0.1059
40.5	145.467	0.132793	0.1054
45.0	145.467	0.107632	0.1176
49.5	145.467	0.101635	0.1065
54.0	145.467	0.104691	0.1162
58.5	145.467	0.111536	0.1126
63.0	145.467	0.120091	0.1324
67.5	145.467	0.105711	0.1197
72.0	145.467	0.0862288	0.1167
76.5	145.467	0.0947796	0.1307
81.0	145.467	0.0881872	0.1147
85.5	145.467	0.081399	0.116
90.0	145.467	0.08072	0.1251
94.5	145.467	0.0855825	0.1444
99.0	145.467	0.0888027	0.1214
103.5	145.467	0.0765974	0.1246
108.0	145.467	0.0740061	0.1238
112.5	145.467	0.0665764	0.1242
117.0	145.467	0.0898475	0.1373
121.5	145.467	0.0872058	0.166
126.0	145.467	0.0693766	0.1428
130.5	145.467	0.0757407	0.1384
135.0	145.467	0.0583363	0.1473
139.5	145.467	0.0550475	0.1427
144.0	145.467	0.051011	0.1347
148.5	145.467	0.050063	0.1462
153.0	145.467	0.0709023	0.143
157.5	145.467	0.0533013	0.1599
162.0	145.467	0.0524426	0.1676
166.5	145.467	0.0420465	0.2108
171.0	145.467	0.0470392	0.1673
175.5	145.467	0.0474384	0.1914
180.0	145.467	0.0507872	0.178
184.5	145.467	0.0436075	0.1466
189.0	145.467	0.0399573	0.1832
193.5	145.467	0.024801	0.1803
198.0	145.467	0.0455507	0.1706
202.5	145.467	0.0259971	0.1748
207.0	145.467	0.0397444	0.1839
211.5	145.467	0.0353177	0.187
216.0	145.467	0.0350385	0.1992
220.5	145.467	0.0362222	0.1865
225.0	145.467	0.0443383	0.2012
229.5	145.467	0.0291971	0.214
234.0	145.467	0.0308089	0.2004
238.5	145.467	0.0292685	0.215
243.0	145.467	0.0430336	0.1923
247.5	145.467	0.0404058	0.1899
252.0	145.467	0.0368281	0.1804
256.5	145.467	0.023905	0.258
261.0	145.467	0.0359014	0.1969
265.5	145.467	0.0174509	0.2368
270.0	145.467	0.0252452	0.2279
274.5	145.467	0.0217295	0.2379
279.0	145.467	0.0345483	0.2192
283.5	145.467	0.0202513	0.2204
288.0	145.467	0.0154599	0.185
292.5	145.467	0.0183895	0.2168
297.0	145.467	0.0219503	0.2544
301.5	145.467	0.0212032	0.2341
306.0	145.467	0.011529	0.2952
310.5	145.467	0.0171006	0.2384
315.0	145.467	0.0184714	0.243
319.5	145.467	0.0234276	0.2497
324.0	145.467	0.0153567	0.3033
328.5	145.467	0.0155716	0.2437
333.0	145.467	0.0117202	0.3116
337.5	145.467	0.0131779	0.2479
342.0	145.467	0.0193972	0.2651
346.5	145.467	0.0112878	0.297
351.0	145.467	0.00696995	0.3036
355.5	145.467	0.0108979	0.3468
360.0	145.467	0.00521902	0.2866
364.5	145.467	0.00563533	0.4751
369.0	145.467	0.0114524	0.4508
373.5	145.467	0.0104979	0.3422
378.0	145.467	0.00684968	0.3798
382.5	145.467	0.00730326	0.3708
387.0	145.467	0.00312808	0.3784
391.5	145.467	0.010385	0.4167
396.0	145.467	0.00633266	0.6579
400.5	145.467	0.00379871	0.747
405.0	145.467	0.00334431	0.5377
409.5	145.467	0.00129493	0.3111
414.0	145.467	0.00562136	0.5774
418.5	145.467	0.00122739	0.3546
423.0	145.467	0.00245437	0.5561
427.5	145.467	0.00396937	0.5544
432.0	145.467	0.00530214	0.6047
436.5	145.467	0.00665494	0.6308
441.0	145.467	0.0081483	0.4509
445.5	145.467	0.00462577	0.4991
-450.0	148.033	0.00246838	0.7508
-445.5	148.033	0.00325957	0.6348
-441.0	148.033	0.0016151	0.6608
-436.5	148.033	0.000496392	0.2859
-432.0	148.033	0.000583619	0.271
-427.5	148.033	0.00137288	0.4891
-423.0	148.033	0.000748	0.7417
-418.5	148.033	0.00181283	0.8222
-414.0	148.033	0.000337058	0.2929
-409.5	148.033	0.000212637	0.3482
-405.0	148.033	0.000309693	0.2953
-400.5	148.033	0.000492428	0.3321
-396.0	148.033	0.00293479	0.8072
-391.5	148.033	0.00152595	0.5641
-387.0	148.033	0.00154874	0.4551
-382.5	148.033	0.00446286	0.8097
-378.0	148.033	0.00596106	0.681
-373.5	148.033	0.00770562	0.5558
-369.0	148.033	0.004854	0.7395
-364.5	148.033	0.0026488	0.359
-360.0	148.033	0.00237033	0.4066
-355.5	148.033	0.00729693	0.5275
-351.0	148.033	0.00356261	0.4401
-346.5	148.033	0.0034786	0.5209
-342.0	148.033	0.0059738	0.5929
-337.5	148.033	0.00219181	0.1225
-333.0	148.033	0.00206866	0.1384
-328.5	148.033	0.00318982	0.3923
-324.0	148.033	0.00310947	0.2428
-319.5	148.033	0.00806344	0.4134
-315.0	148.033	0.00401174	0.3198
-310.5	148.033	0.00610256	0.3091
-306.0	148.033	0.0107507	0.3672
-301.5	148.033	0.00971495	0.3771
-297.0	148.033	0.00808982	0.4058
-292.5	148.033	0.00829864	0.3802
-288.0	148.033	0.00693354	0.4488
-283.5	148.033	0.00512191	0.2613
-279.0	148.033	0.00378926	0.1552
-274.5	148.033	0.00596386	0.2882
-270.0	148.033	0.0055243	0.27
-265.5	148.033	0.0104341	0.5009
-261.0	148.033	0.0085449	0.2792
-256.5	148.033	0.00926439	0.3044
-252.0	148.033	0.00762836	0.3625
-247.5	148.033	0.0109193	0.3472
-243.0	148.033	0.00585094	0.2063
-238.5	148.033	0.0132949	0.3015
-234.0	148.033	0.0072737	0.1899
-229.5	148.033	0.00797542	0.1935
-225.0	148.033	0.00836761	0.3105
-220.5	148.033	0.014529	0.3714
-216.0	148.033	0.0105108	0.2515
-211.5	148.033	0.0135921	0.2004
-207.0	148.033	0.00652865	0.1675
-202.5	148.033	0.0153236	0.2988
-198.0	148.033	0.0178676	0.302
-193.5	148.033	0.00799931	0.227
-189.0	148.033	0.0222102	0.2339
-184.5	148.033	0.0282923	0.2666
-180.0	148.033	0.0258413	0.2527
-175.5	148.033	0.0256254	0.2098
-171.0	148.033	0.0270187	0.2175
-166.5	148.033	0.0228644	0.2042
-162.0	148.033	0.0319415	0.2076
-157.5	148.033	0.0340337	0.2399
-153.0	148.033	0.0289365	0.2211
-148.5	148.033	0.0300665	0.2206
-144.0	148.033	0.0277495	0.1874
-139.5	148.033	0.0253924	0.1967
-135.0	148.033	0.0335546	0.1917
-130.5	148.033	0.0299202	0.1879
-126.0	148.033	0.0496195	0.1875
-121.5	148.033	0.0393436	0.1934
-117.0	148.033	0.0435659	0.1591
-112.5	148.033	0.0526078	0.167
-108.0	148.033	0.0501067	0.1467
-103.5	148.033	0.0579721	0.1757
-99.0	148.033	0.0611549	0.1457
-94.5	148.033	0.0562343	0.1414
-90.0	148.033	0.0655309	0.1381
-85.5	148.033	0.0658577	0.1723
-81.0	148.033	0.0584637	0.1446
-76.5	148.033	0.0717233	0.1347
-72.0	148.033	0.0627414	0.1415
-67.5	148.033	0.0919325	0.1156
-63.0	148.033	0.0776564	0.1485
-58.5	148.033	0.0888088	0.1313
-54.0	148.033	0.0841925	0.1124
-49.5	148.033	0.092101	0.1356
-45.0	148.033	0.085288	0.1434
-40.5	148.033	0.0910489	0.1265
-36.0	148.033	0.107688	0.141
-31.5	148.033	0.0948816	0.1209
-27.0	148.033	0.100876	0.1458
-22.5	148.033	0.109086	0.1368
-18.0	148.033	0.101179	0.17
-13.5	148.033	0.136081	0.2553
-9.0	148.033	0.0981409	0.1507
-4.5	148.033	0.107793	0.1282
0.0	148.033	0.11001	0.1668
4.5	148.033	0.103697	0.1616
9.0	148.033	0.127818	0.1125
13.5	148.033	0.128687	0.1131
18.0	148.033	0.10315	0.1175
22.5	148.033	0.118066	0.1314
27.0	148.033	0.128562	0.1223
31.5	148.033	0.120108	0.1214
36.0	148.033	0.115713	0.1069
40.5	148.033	0.130311	0.1315
45.0	148.033	0.118917	0.1205
49.5	148.033	0.0986011	0.114
54.0	148.033	0.106844	0.1128
58.5	148.033	0.0896116	0.1161
63.0	148.033	0.0969702	0.1269
67.5	148.033	0.0832316	0.1222
72.0	148.033	0.0847156	0.1204
76.5	148.033	0.088225	0.1342
81.0	148.033	0.072379	0.1395
85.5	148.033	0.0828018	0.1196
90.0	148.033	0.0770904	0.1163
94.5	148.033	0.104975	0.1152
99.0	148.033	0.0751767	0.1299
103.5	148.033	0.0673274	0.1401
108.0	148.033	0.0472348	0.1312
112.5	148.033	0.0576147	0.1411
117.0	148.033	0.0774748	0.1419
121.5	148.033	0.0670045	0.1323
126.0	148.033	0.0725096	0.1466
130.5	148.033	0.0652945	0.1301
135.0	148.033	0.0625532	0.1444
139.5	148.033	0.0524936	0.1398
144.0	148.033	0.0594538	0.1462
148.5	148.033	0.0408346	0.1523
153.0	148.033	0.0616663	0.1624
157.5	148.033	0.0509344	0.1738
162.0	148.033	0.0543632	0.1561
166.5	148.033	0.0535051	0.1539
171.0	148.033	0.0427627	0.1623
175.5	148.033	0.0484751	0.1759
180.0	148.033	0.0560969	0.1811
184.5	148.033	0.0468618	0.1601
189.0	148.033	0.044289	0.162
193.5	148.033	0.0359866	0.2145
198.0	148.033	0.0411197	0.1767
202.5	148.033	0.0394008	0.1688
207.0	148.033	0.0345714	0.1682
211.5	148.033	0.0395544	0.215
216.0	148.033	0.0329091	0.1865
220.5	148.033	0.029261	0.1837
225.0	148.033	0.0282131	0.1871
229.5	148.033	0.027709	0.1906
234.0	148.033	0.0231323	0.2292
238.5	148.033	0.0317239	0.1851
243.0	148.033	0.032859	0.1907
247.5	148.033	0.040148	0.1854
252.0	148.033	0.0409273	0.1825
256.5	148.033	0.0346242	0.2027
261.0	148.033	0.0324819	0.1848
265.5	148.033	0.036498	0.1717
270.0	148.033	0.0380499	0.1936
274.5	148.033	0.0272083	0.2149
279.0	148.033	0.0304394	0.2325
283.5	148.033	0.0269216	0.2143
288.0	148.033	0.0181255	0.2155
292.5	148.033	0.0298045	0.2271
297.0	148.033	0.0231154	0.2327
301.5	148.033	0.0116459	0.2543
306.0	148.033	0.0160637	0.2462
310.5	148.033	0.00982115	0.2619
315.0	148.033	0.0209193	0.2338
319.5	148.033	0.0113999	0.2482
324.0	148.033	0.0176306	0.2483
328.5	148.033	0.0115079	0.2481
333.0	148.033	0.0104028	0.2357
337.5	148.033	0.0170341	0.2982
342.0	148.033	0.0151288	0.2535
346.5	148.033	0.0172557	0.2758
351.0	148.033	0.0181049	0.269
355.5	148.033	0.0124456	0.3148
360.0	148.033	0.0122473	0.4053
364.5	148.033	0.0182658	0.2761
369.0	148.033	0.0125671	0.3315
373.5	148.033	0.00901022	0.3519
378.0	148.033	0.00422201	0.3837
382.5	148.033	0.00465773	0.4205
387.0	148.033	0.00697751	0.4168
391.5	148.033	0.00674903	0.505
396.0	148.033	0.00634794	0.4376
400.5	148.033	0.0034927	0.502
405.0	148.033	0.00668672	0.5067
409.5	148.033	0.00434657	0.6091
414.0	148.033	0.00971827	0.4128
418.5	148.033	0.00588144	0.4813
423.0	148.033	0.00290512	0.7089
427.5	148.033	0.00263854	0.4979
432.0	148.033	0.00484293	0.5807
436.5	148.033	0.00627513	0.5168
441.0	148.033	0.0103433	0.5055
445.5	148.033	0.00566479	0.4292
-450.0	150.6	0.00128029	0.7167
-445.5	150.6	0.000668157	0.2246
-441.0	150.6	0.00042082	0.2574
-436.5	150.6	0.000508933	0.2807
-432.0	150.6	0.00210961	0.7911
-427.5	150.6	0.00204077	0.6584
-423.0	150.6	0.00252142	0.8323
-418.5	150.6	0.000326002	0.3257
-414.0	150.6	0.000299509	0.3345
-409.5	150.6	0.000620597	0.7333
-405.0	150.6	0.0020575	0.5845
-400.5	150.6	0.000775904	0.2563
-396.0	150.6	0.00288737	0.8026
-391.5	150.6	0.00445858	0.8704
-387.0	150.6	0.00461063	0.8422
-382.5	150.6	0.00100252	0.3232
-378.0	150.6	0.00113962	0.5473
-373.5	150.6	0.00222528	0.4107
-369.0	150.6	0.00147321	0.1684
-364.5	150.6	0.0019476	0.2581
-360.0	150.6	0.00501687	0.7268
-355.5	150.6	0.00200859	0.1695
-351.0	150.6	0.00405627	0.3042
-346.5	150.6	0.00242364	0.2716
-342.0	150.6	0.00684109	0.3957
-337.5	150.6	0.00497248	0.3628
-333.0	150.6	0.00430265	0.3722
-328.5	150.6	0.00309455	0.2533
-324.0	150.6	0.00676012	0.4411
-319.5	150.6	0.00821378	0.428
-315.0	150.6	0.00977323	0.4049
-310.5	150.6	0.00962857	0.3942
-306.0	150.6	0.00496556	0.3491
-301.5	150.6	0.00869201	0.359
-297.0	150.6	0.00487955	0.3423
-292.5	150.6	0.00361836	0.1704
-288.0	150.6	0.00255128	0.1153
-283.5	150.6	0.00422814	0.2754
-279.0	150.6	0.00797088	0.3544
-274.5	150.6	0.00718778	0.3429
-270.0	150.6	0.0136421	0.4616
-265.5	150.6	0.00433585	0.2787
-261.0	150.6	0.00466631	0.2322
-256.5	150.6	0.00369187	0.1171
-252.0	150.6	0.0103929	0.3396
-247.5	150.6	0.00894222	0.3309
-243.0	150.6	0.010299	0.2744
-238.5	150.6	0.0089406	0.2368
-234.0	150.6	0.00737744	0.3022
-229.5	150.6	0.00763828	0.2263
-225.0	150.6	0.00769088	0.2427
-220.5	150.6	0.015233	0.2587
-216.0	150.6	0.0155866	0.2749
-211.5	150.6	0.0152648	0.3254
-207.0	150.6	0.0124355	0.3139
-202.5	150.6	0.0185203	0.2255
-198.0	150.6	0.0137203	0.2331
-193.5	150.6	0.0212575	0.3205
-189.0	150.6	0.0236452	0.2319
-184.5	150.6	0.0177099	0.248
-180.0	150.6	0.0219478	0.2393
-175.5	150.6	0.0259959	0.263
-171.0	150.6	0.0203517	0.2645
-166.5	150.6	0.0225739	0.2158
-162.0	150.6	0.0302597	0.2193
-157.5	150.6	0.0311926	0.1705
-153.0	150.6	0.0315793	0.2084
-148.5	150.6	0.0318648	0.1989
-144.0	150.6	0.0377939	0.2031
-139.5	150.6	0.0361259	0.1896
-135.0	150.6	0.0460292	0.1805
-130.5	150.6	0.0410487	0.1878
-126.0	150.6	0.0345678	0.1797
-121.5	150.6	0.0490967	0.1882
-117.0	150.6	0.0499387	0.1592
-112.5	150.6	0.0502254	0.1494
-108.0	150.6	0.0519918	0.2033
-103.5	150.6	0.0495264	0.1641
-99.0	150.6	0.0538213	0.1385
-94.5	150.6	0.0522207	0.1531
-90.0	150.6	0.0680583	0.1501
-85.5	150.6	0.063166	0.1372
-81.0	150.6	0.0692172	0.1521
-76.5	150.6	0.0731425	0.1371
-72.0	150.6	0.0748875	0.1377
-67.5	150.6	0.0857721	0.1384
-63.0	150.6	0.0842924	0.138
-58.5	150.6	0.0802449	0.1196
-54.0	150.6	0.0907907	0.1284
-49.5	150.6	0.0976515	0.1344
-45.0	150.6	0.0853907	0.1206
-40.5	150.6	0.103971	0.1314
-36.0	150.6	0.100189	0.1242
-31.5	150.6	0.0941882	0.1226
-27.0	150.6	0.100377	0.1451
-22.5	150.6	0.104875	0.165
-18.0	150.6	0.113511	0.1439
-13.5	150.6	0.540173	0.8207
-9.0	150.6	0.133357	0.1412
-4.5	150.6	0.104341	0.1208
0.0	150.6	0.101711	0.1386
4.5	150.6	0.0954381	0.122
9.0	150.6	0.105056	0.1323
13.5	150.6	0.0926469	0.1155
18.0	150.6	0.089723	0.1311
22.5	150.6	0.103415	0.1287
27.0	150.6	0.117216	0.1214
31.5	150.6	0.113053	0.1572
36.0	150.6	0.107314	0.1107
40.5	150.6	0.103517	0.16
45.0	150.6	0.0900706	0.1124
49.5	150.6	0.0950311	0.1139
54.0	150.6	0.0851218	0.1203
58.5	150.6	0.0808801	0.1292
63.0	150.6	0.0801361	0.132
67.5	150.6	0.102429	0.1432
72.0	150.6	0.0958724	0.1387
76.5	150.6	0.0793036	0.1249
81.0	150.6	0.0717519	0.1342
85.5	150.6	0.0657304	0.1263
90.0	150.6	0.0714954	0.1294
94.5	150.6	0.0819064	0.1198
99.0	150.6	0.0756505	0.1373
103.5	150.6	0.0913918	0.1257
108.0	150.6	0.0566428	0.1275
112.5	150.6	0.0542862	0.1396
117.0	150.6	0.0693462	0.1445
121.5	150.6	0.0602387	0.1413
126.0	150.6	0.0421851	0.1624
130.5	150.6	0.0575116	0.1506
135.0	150.6	0.0711895	0.135
139.5	150.6	0.0518768	0.1366
144.0	150.6	0.0504153	0.1584
148.5	150.6	0.0516075	0.1508
153.0	150.6	0.0517565	0.1542
157.5	150.6	0.0451614	0.1462
162.0	150.6	0.0387146	0.2033
166.5	150.6	0.0399751	0.1691
171.0	150.6	0.036968	0.1618
175.5	150.6	0.0364009	0.1785
180.0	150.6	0.0539706	0.1504
184.5	150.6	0.0407487	0.1681
189.0	150.6	0.0448213	0.1624
193.5	150.6	0.0340867	0.217
198.0	150.6	0.0313694	0.1737
202.5	150.6	0.0442463	0.1929
207.0	150.6	0.0336216	0.1996
211.5	150.6	0.0316985	0.1815
216.0	150.6	0.0401456	0.2035
220.5	150.6	0.0382629	0.1694
225.0	150.6	0.0323023	0.1806
229.5	150.6	0.025301	0.201
234.0	150.6	0.0230384	0.2147
238.5	150.6	0.0248428	0.1878
243.0	150.6	0.0217661	0.2234
247.5	150.6	0.025388	0.2159
252.0	150.6	0.0326978	0.1844
256.5	150.6	0.0325022	0.2146
261.0	150.6	0.0324799	0.19
265.5	150.6	0.0275194	0.1875
270.0	150.6	0.0323097	0.1832
274.5	150.6	0.0284539	0.219
279.0	150.6	0.0228007	0.2319
283.5	150.6	0.0172972	0.261
288.0	150.6	0.0198612	0.2226
292.5	150.6	0.0253689	0.2291
297.0	150.6	0.0164134	0.2322
301.5	150.6	0.0344101	0.2357
306.0	150.6	0.0234156	0.2452
310.5	150.6	0.0139314	0.296
315.0	150.6	0.0168329	0.2382
319.5	150.6	0.0169673	0.2898
324.0	150.6	0.0136705	0.2122
328.5	150.6	0.0141214	0.2766
333.0	150.6	0.0107426	0.2641
337.5	150.6	0.0100655	0.258
342.0	150.6	0.0122888	0.3273
346.5	150.6	0.0224275	0.2501
351.0	150.6	0.0167939	0.2849
355.5	150.6	0.00766451	0.2652
360.0	150.6	0.00536711	0.2761
364.5	150.6	0.008251	0.3259
369.0	150.6	0.00567019	0.3757
373.5	150.6	0.00760733	0.4074
378.0	150.6	0.00875327	0.3403
382.5	150.6	0.00693035	0.3686
387.0	150.6	0.00295725	0.321
391.5	150.6	0.00192707	0.2413
396.0	150.6	0.00254315	0.4909
400.5	150.6	0.000687602	0.2214
405.0	150.6	0.000718827	0.2327
409.5	150.6	0.00111059	0.3924
414.0	150.6	0.00410513	0.6824
418.5	150.6	0.0102885	0.3683
423.0	150.6	0.00542723	0.4962
427.5	150.6	0.00298838	0.5706
432.0	150.6	0.00508223	0.4781
436.5	150.6	0.00239515	0.5812
441.0	150.6	0.00309929	0.4833
445.5	150.6	0.00357487	0.7054
-450.0	153.167	0.000593556	0.2378
-445.5	153.167	0.000665881	0.2223
-441.0	153.167	0.000428225	0.2839
-436.5	153.167	0.000310593	0.2982
-432.0	153.167	0.00235358	0.8943
-427.5	153.167	0.00175506	0.7551
-423.0	153.167	0.000368401	0.4017
-418.5	153.167	0.000445255	0.3026
-414.0	153.167	0.000417037	0.3423
-409.5	153.167	0.00135844	0.7656
-405.0	153.167	0.00440147	0.8829
-400.5	153.167	0.00407914	0.9508
-396.0	153.167	0.0019954	0.7865
-391.5	153.167	0.000538291	0.2567
-387.0	153.167	0.000654272	0.2228
-382.5	153.167	0.000787857	0.2235
-378.0	153.167	0.000865449	0.2205
-373.5	153.167	0.00324493	0.6146
-369.0	153.167	0.00107501	0.2376
-364.5	153.167	0.00601424	0.6782
-360.0	153.167	0.00342132	0.4406
-355.5	153.167	0.00213719	0.43
-351.0	153.167	0.00274475	0.3376
-346.5	153.167	0.00179906	0.14
-342.0	153.167	0.00577226	0.447
-337.5	153.167	0.00783135	0.3882
-333.0	153.167	0.0058219	0.3371
-328.5	153.167	0.00957604	0.4604
-324.0	153.167	0.00673382	0.426
-319.5	153.167	0.00469017	0.3838
-315.0	153.167	0.00452471	0.3329
-310.5	153.167	0.00418221	0.3651
-306.0	153.167	0.0028257	0.1115
-301.5	153.167	0.00285621	0.1168
-297.0	153.167	0.00669516	0.2994
-292.5	153.167	0.00282956	0.1942
-288.0	153.167	0.00262893	0.1237
-283.5	153.167	0.00463183	0.2422
-279.0	153.167	0.00495668	0.3751
-274.5	153.167	0.00426785	0.2641
-270.0	153.167	0.00781724	0.3353
-265.5	153.167	0.00856559	0.484
-261.0	153.167	0.00642816	0.3747
-256.5	153.167	0.00514011	0.1901
-252.0	153.167	0.0102205	0.326
-247.5	153.167	0.00474905	0.1602
-243.0	153.167	0.00760623	0.4017
-238.5	153.167	0.0136277	0.3051
-234.0	153.167	0.00837116	0.3153
-229.5	153.167	0.0106589	0.343
-225.0	153.167	0.012553	0.3277
-220.5	153.167	0.0179157	0.2817
-216.0	153.167	0.0154566	0.246
-211.5	153.167	0.0141532	0.2902
-207.0	153.167	0.0107663	0.2224
-202.5	153.167	0.0179519	0.2432
-198.0	153.167	0.0286712	0.271
-193.5	153.167	0.0119013	0.2429
-189.0	153.167	0.0121831	0.2235
-184.5	153.167	0.0185255	0.2737
-180.0	153.167	0.0185469	0.2635
-175.5	153.167	0.0248792	0.2764
-171.0	153.167	0.025066	0.2305
-166.5	153.167	0.0183552	0.2253
-162.0	153.167	0.0202968	0.2542
-157.5	153.167	0.0296517	0.2504
-153.0	153.167	0.032966	0.2063
-148.5	153.167	0.0371141	0.2351
-144.0	153.167	0.0414599	0.2044
-139.5	153.167	0.0398865	0.1848
-135.0	153.167	0.0323697	0.1775
-130.5	153.167	0.0370285	0.1721
-126.0	153.167	0.0383648	0.2211
-121.5	153.167	0.039788	0.1793
-117.0	153.167	0.0400631	0.1749
-112.5	153.167	0.0462418	0.2055
-108.0	153.167	0.0463604	0.1701
-103.5	153.167	0.0503865	0.1445
-99.0	153.167	0.0433199	0.1508
-94.5	153.167	0.0656884	0.1562
-90.0	153.167	0.0521271	0.1658
-85.5	153.167	0.0544565	0.1564
-81.0	153.167	0.0603843	0.1541
-76.5	153.167	0.0553034	0.142
-72.0	153.167	0.0676547	0.1389
-67.5	153.167	0.0694025	0.1315
-63.0	153.167	0.0727181	0.1318
-58.5	153.167	0.085386	0.133
-54.0	153.167	0.084622	0.1405
-49.5	153.167	0.0892127	0.1473
-45.0	153.167	0.08757	0.149
-40.5	153.167	0.0751466	0.1253
-36.0	153.167	0.112114	0.1283
-31.5	153.167	0.0959097	0.1821
-27.0	153.167	0.088339	0.1539
-22.5	153.167	0.0963904	0.1683
-18.0	153.167	0.118455	0.1272
-13.5	153.167	0.0969296	0.1305
-9.0	153.167	0.0991751	0.1478
-4.5	153.167	0.101199	0.1468
0.0	153.167	0.104175	0.1975
4.5	153.167	0.0996306	0.145
9.0	153.167	0.104659	0.1214
13.5	153.167	0.0983444	0.1155
18.0	153.167	0.0875082	0.1256
22.5	153.167	0.089846	0.1337
27.0	153.167	0.112391	0.1177
31.5	153.167	0.111894	0.1121
36.0	153.167	0.102111	0.1133
40.5	153.167	0.120655	0.1398
45.0	153.167	0.0934884	0.116
49.5	153.167	0.101233	0.1269
54.0	153.167	0.102499	0.1194
58.5	153.167	0.085551	0.1236
63.0	153.167	0.0809296	0.1394
67.5	153.167	0.0888495	0.114
72.0	153.167	0.091109	0.1255
76.5	153.167	0.0823506	0.1692
81.0	153.167	0.0785786	0.159
85.5	153.167	0.0763392	0.1276
90.0	153.167	0.0542346	0.1357
94.5	153.167	0.0725958	0.1704
99.0	153.167	0.0655646	0.1298
103.5	153.167	0.0590897	0.1392
108.0	153.167	0.0740849	0.1497
112.5	153.167	0.0905784	0.1349
117.0	153.167	0.0685861	0.1364
121.5	153.167	0.0705807	0.1308
126.0	153.167	0.0574949	0.1547
130.5	153.167	0.0689968	0.1392
135.0	153.167	0.0491017	0.158
139.5	153.167	0.0728162	0.141
144.0	153.167	0.0491438	0.1749
148.5	153.167	0.0563256	0.1657
153.0	153.167	0.0418674	0.1507
157.5	153.167	0.0420441	0.1662
162.0	153.167	0.0312414	0.1983
166.5	153.167	0.045141	0.1613
171.0	153.167	0.0458287	0.1527
175.5	153.167	0.0360946	0.1613
180.0	153.167	0.0353421	0.179
184.5	153.167	0.0359975	0.198
189.0	153.167	0.0301285	0.1832
193.5	153.167	0.0295171	0.1898
198.0	153.167	0.0371428	0.2203
202.5	153.167	0.0367107	0.1963
207.0	153.167	0.0343402	0.1892
211.5	153.167	0.0340373	0.1904
216.0	153.167	0.0379168	0.2117
220.5	153.167	0.0366224	0.1853
225.0	153.167	0.0301391	0.1795
229.5	153.167	0.0306756	0.1889
234.0	153.167	0.0278463	0.2415
238.5	153.167	0.0265915	0.1927
243.0	153.167	0.0229701	0.2205
247.5	153.167	0.0201621	0.1805
252.0	153.167	0.0264465	0.2045
256.5	153.167	0.0261512	0.2146
261.0	153.167	0.0239928	0.2352
265.5	153.167	0.0265279	0.1877
270.0	153.167	0.0260609	0.2133
274.5	153.167	0.0181978	0.2412
279.0	153.167	0.0251381	0.1973
283.5	153.167	0.0127621	0.2102
288.0	153.167	0.0142213	0.2258
292.5	153.167	0.0225886	0.2153
297.0	153.167	0.024432	0.2501
301.5	153.167	0.0269979	0.1801
306.0	153.167	0.0188749	0.2888
310.5	153.167	0.0156191	0.302
315.0	153.167	0.0252258	0.2191
319.5	153.167	0.0145347	0.282
324.0	153.167	0.0219114	0.2427
328.5	153.167	0.01605	0.2682
333.0	153.167	0.0115422	0.2694
337.5	153.167	0.00830666	0.2686
342.0	153.167	0.00917646	0.2662
346.5	153.167	0.0200621	0.2731
351.0	153.167	0.0115397	0.307
355.5	153.167	0.0108264	0.3578
360.0	153.167	0.00642799	0.2842
364.5	153.167	0.00460175	0.3624
369.0	153.167	0.00388158	0.6163
373.5	153.167	0.00462503	0.3181
378.0	153.167	0.00546055	0.4718
382.5	153.167	0.0068537	0.3785
387.0	153.167	0.00202119	0.3537
391.5	153.167	0.00216435	0.5045
396.0	153.167	0.00506076	0.7451
400.5	153.167	0.00126086	0.403
405.0	153.167	0.00212519	0.5614
409.5	153.167	0.00173397	0.5929
414.0	153.167	0.00166293	0.6133
418.5	153.167	0.00366256	0.5263
423.0	153.167	0.00553701	0.5869
427.5	153.167	0.00780706	0.5131
432.0	153.167	0.00639726	0.3568
436.5	153.167	0.00211243	0.359
441.0	153.167	0.0109122	0.4784
445.5	153.167	0.00121006	0.3172
-450.0	155.733	0.00155603	0.7026
-445.5	155.733	0.000692515	0.2134
-441.0	155.733	0.000801077	0.3506
-436.5	155.733	0.00338749	0.7828
-432.0	155.733	0.000995344	0.5581
-427.5	155.733	0.000460276	0.2897
-423.0	155.733	0.000518894	0.3081
-418.5	155.733	0.000457848	0.2715
-414.0	155.733	0.000386612	0.295
-409.5	155.733	0.00206869	0.85
-405.0	155.733	0.000511356	0.3539
-400.5	155.733	0.00057516	0.2965
-396.0	155.733	0.000521104	0.2406
-391.5	155.733	0.000564742	0.2637
-387.0	155.733	0.000874872	0.2101
-382.5	155.733	0.0007565	0.2185
-378.0	155.733	0.00128005	0.2268
-373.5	155.733	0.00127986	0.1833
-369.0	155.733	0.00181973	0.3701
-364.5	155.733	0.00137149	0.2138
-360.0	155.733	0.00399465	0.667
-355.5	155.733	0.00438711	0.4896
-351.0	155.733	0.00137805	0.1687
-346.5	155.733	0.00186682	0.2044
-342.0	155.733	0.00274132	0.356
-337.5	155.733	0.0058426	0.5307
-333.0	155.733	0.00564982	0.3428
-328.5	155.733	0.00576982	0.4397
-324.0	155.733	0.00348743	0.2791
-319.5	155.733	0.00556814	0.3525
-315.0	155.733	0.00334831	0.3325
-310.5	155.733	0.00440791	0.3594
-306.0	155.733	0.00389021	0.2109
-301.5	155.733	0.00497402	0.3321
-297.0	155.733	0.00384055	0.2067
-292.5	155.733	0.00395195	0.2695
-288.0	155.733	0.00361247	0.2099
-283.5	155.733	0.00371964	0.2692
-279.0	155.733	0.00432649	0.2896
-274.5	155.733	0.00510571	0.3331
-270.0	155.733	0.00792813	0.3036
-265.5	155.733	0.0039004	0.1983
-261.0	155.733	0.00913187	0.2892
-256.5	155.733	0.00878586	0.3648
-252.0	155.733	0.00781982	0.39
-247.5	155.733	0.00750368	0.2688
-243.0	155.733	0.00896494	0.3005
-238.5	155.733	0.0124065	0.2818
-234.0	155.733	0.0112806	0.3095
-229.5	155.733	0.00824679	0.2349
-225.0	155.733	0.0110368	0.2465
-220.5	155.733	0.0134117	0.2488
-216.0	155.733	0.00948493	0.2056
-211.5	155.733	0.0133656	0.2965
-207.0	155.733	0.0203521	0.2806
-202.5	155.733	0.0267035	0.2663
-198.0	155.733	0.0187811	0.269
-193.5	155.733	0.0163709	0.2672
-189.0	155.733	0.0164508	0.2881
-184.5	155.733	0.0118984	0.2632
-180.0	155.733	0.0160814	0.2525
-175.5	155.733	0.0191691	0.2203
-171.0	155.733	0.0185679	0.2282
-166.5	155.733	0.0306244	0.2178
-162.0	155.733	0.0225101	0.2082
-157.5	155.733	0.0182938	0.2093
-153.0	155.733	0.0190042	0.1961
-148.5	155.733	0.0352899	0.2048
-144.0	155.733	0.0399364	0.1842
-139.5	155.733	0.0244537	0.1466
-135.0	155.733	0.0268869	0.1947
-130.5	155.733	0.0384002	0.174
-126.0	155.733	0.0329464	0.1943
-121.5	155.733	0.0338003	0.1789
-117.0	155.733	0.0263428	0.1948
-112.5	155.733	0.0374027	0.1703
-108.0	155.733	0.0481898	0.1608
-103.5	155.733	0.0583106	0.1582
-99.0	155.733	0.0531776	0.1589
-94.5	155.733	0.0572501	0.156
-90.0	155.733	0.0516487	0.1464
-85.5	155.733	0.0638543	0.1445
-81.0	155.733	0.0589447	0.1522
-76.5	155.733	0.0622912	0.1668
-72.0	155.733	0.0586778	0.1889
-67.5	155.733	0.0568414	0.1387
-63.0	155.733	0.0705205	0.1312
-58.5	155.733	0.0665226	0.1299
-54.0	155.733	0.0857403	0.1264
-49.5	155.733	0.1074	0.1235
-45.0	155.733	0.0936824	0.1589
-40.5	155.733	0.0966427	0.1475
-36.0	155.733	0.0772842	0.1629
-31.5	155.733	0.103303	0.1809
-27.0	155.733	0.0991658	0.1387
-22.5	155.733	0.0860037	0.1377
-18.0	155.733	0.0917818	0.1562
-13.5	155.733	0.091383	0.1334
-9.0	155.733	0.10802	0.2358
-4.5	155.733	0.100042	0.1592
0.0	155.733	0.109076	0.1174
4.5	155.733	0.100033	0.1222
9.0	155.733	0.105307	0.1162
13.5	155.733	0.0981314	0.1128
18.0	155.733	0.110936	0.1258
22.5	155.733	0.100567	0.1233
27.0	155.733	0.0922763	0.1803
31.5	155.733	0.106761	0.1363
36.0	155.733	0.0986461	0.1344
40.5	155.733	0.0943725	0.1162
45.0	155.733	0.0702037	0.1198
49.5	155.733	0.0980987	0.1259
54.0	155.733	0.0955754	0.1277
58.5	155.733	0.0806072	0.1252
63.0	155.733	0.0942511	0.1194
67.5	155.733	0.0979948	0.1246
72.0	155.733	0.0831027	0.124
76.5	155.733	0.0932289	0.1298
81.0	155.733	0.0983703	0.1789
85.5	155.733	0.0776656	0.1336
90.0	155.733	0.0873607	0.1418
94.5	155.733	0.0945216	0.1477
99.0	155.733	0.0700037	0.1396
103.5	155.733	0.07785	0.1343
108.0	155.733	0.0577043	0.135
112.5	155.733	0.07167	0.1369
117.0	155.733	0.063516	0.1483
121.5	155.733	0.0691676	0.1381
126.0	155.733	0.0570314	0.144
130.5	155.733	0.0597127	0.1567
135.0	155.733	0.0525613	0.1676
139.5	155.733	0.0600117	0.1409
144.0	155.733	0.0587781	0.163
148.5	155.733	0.0683468	0.1458
153.0	155.733	0.0445226	0.1622
157.5	155.733	0.0425688	0.1604
162.0	155.733	0.0321242	0.182
166.5	155.733	0.0436193	0.1892
171.0	155.733	0.0286439	0.1627
175.5	155.733	0.0321535	0.1778
180.0	155.733	0.032358	0.2174
184.5	155.733	0.0384603	0.1907
189.0	155.733	0.0384839	0.1964
193.5	155.733	0.0424661	0.1671
198.0	155.733	0.0341723	0.1701
202.5	155.733	0.0262715	0.1939
207.0	155.733	0.0303898	0.1816
211.5	155.733	0.0344728	0.1939
216.0	155.733	0.0338811	0.1859
220.5	155.733	0.0453871	0.1753
225.0	155.733	0.0337677	0.2222
229.5	155.733	0.0282218	0.1903
234.0	155.733	0.0300358	0.1751
238.5	155.733	0.0270653	0.2019
243.0	155.733	0.0189425	0.2152
247.5	155.733	0.0208725	0.2298
252.0	155.733	0.0278973	0.2116
256.5	155.733	0.0288637	0.2195
261.0	155.733	0.0179841	0.2694
265.5	155.733	0.0227821	0.2074
270.0	155.733	0.0254679	0.2042
274.5	155.733	0.0229584	0.2388
279.0	155.733	0.0200562	0.2049
283.5	155.733	0.0251471	0.2345
288.0	155.733	0.0147211	0.2103
292.5	155.733	0.0302045	0.2349
297.0	155.733	0.0169748	0.2495
301.5	155.733	0.0205302	0.2547
306.0	155.733	0.00910527	0.2382
310.5	155.733	0.0274011	0.2233
315.0	155.733	0.0183468	0.2266
319.5	155.733	0.0218824	0.2279
324.0	155.733	0.023995	0.2211
328.5	155.733	0.00797737	0.3023
333.0	155.733	0.0115905	0.4291
337.5	155.733	0.0128592	0.2514
342.0	155.733	0.0127956	0.2791
346.5	155.733	0.00707765	0.2954
351.0	155.733	0.0113864	0.2961
355.5	155.733	0.00779494	0.4067
360.0	155.733	0.00909524	0.3734
364.5	155.733	0.00341037	0.3943
369.0	155.733	0.00814384	0.4275
373.5	155.733	0.0061928	0.3889
378.0	155.733	0.00775173	0.4889
382.5	155.733	0.00657112	0.4816
387.0	155.733	0.00303056	0.5009
391.5	155.733	0.000725617	0.2474
396.0	155.733	0.00572208	0.538
400.5	155.733	0.00529094	0.5301
405.0	155.733	0.00436019	0.4693
409.5	155.733	0.00405847	0.5963
414.0	155.733	0.00514972	0.4994
418.5	155.733	0.00381969	0.7254
423.0	155.733	0.00334112	0.7593
427.5	155.733	0.00374374	0.5193
432.0	155.733	0.00690394	0.4849
436.5	155.733	0.0057818	0.6302
441.0	155.733	0.00583778	0.6284
445.5	155.733	0.00486949	0.626
-450.0	158.3	0.00134746	0.7655
-445.5	158.3	0.00042521	0.247
-441.0	158.3	0.00277209	0.7752
-436.5	158.3	0.00058508	0.4118
-432.0	158.3	0.00041961	0.3024
-427.5	158.3	0.000412366	0.2656
-423.0	158.3	0.000424846	0.3098
-418.5	158.3	0.000343529	0.4859
-414.0	158.3	0.000694181	0.2887
-409.5	158.3	0.00042247	0.3285
-405.0	158.3	0.000371475	0.3127
-400.5	158.3	0.000421879	0.2689
-396.0	158.3	0.000700499	0.2854
-391.5	158.3	0.00174661	0.7466
-387.0	158.3	0.00225372	0.5569
-382.5	158.3	0.00632981	0.7192
-378.0	158.3	0.00244111	0.6692
-373.5	158.3	0.00177139	0.4996
-369.0	158.3	0.00215299	0.614
-364.5	158.3	0.00172132	0.3333
-360.0	158.3	0.00196153	0.3654
-355.5	158.3	0.00134161	0.1572
-351.0	158.3	0.00338348	0.4515
-346.5	158.3	0.00292318	0.4848
-342.0	158.3	0.00389452	0.4575
-337.5	158.3	0.00306005	0.3959
-333.0	158.3	0.00541044	0.5122
-328.5	158.3	0.0020394	0.1411
-324.0	158.3	0.00442769	0.2961
-319.5	158.3	0.00704826	0.3608
-315.0	158.3	0.00290179	0.1847
-310.5	158.3	0.00509133	0.2807
-306.0	158.3	0.00742965	0.3662
-301.5	158.3	0.00486374	0.3223
-297.0	158.3	0.00540164	0.3071
-292.5	158.3	0.00367108	0.2001
-288.0	158.3	0.00303251	0.1362
-283.5	158.3	0.00438059	0.312
-279.0	158.3	0.00361097	0.1626
-274.5	158.3	0.00644185	0.3673
-270.0	158.3	0.00412522	0.1406
-265.5	158.3	0.00497227	0.167
-261.0	158.3	0.00628421	0.2999
-256.5	158.3	0.00714407	0.2751
-252.0	158.3	0.00695842	0.2826
-247.5	158.3	0.00874307	0.3155
-243.0	158.3	0.00523765	0.1722
-238.5	158.3	0.0152511	0.3264
-234.0	158.3	0.0061268	0.2369
-229.5	158.3	0.00773797	0.3716
-225.0	158.3	0.00657814	0.2968
-220.5	158.3	0.0101999	0.2982
-216.0	158.3	0.00673453	0.1505
-211.5	158.3	0.00902286	0.2332
-207.0	158.3	0.0120857	0.3363
-202.5	158.3	0.0152934	0.2998
-198.0	158.3	0.0197071	0.2805
-193.5	158.3	0.0222399	0.2308
-189.0	158.3	0.0106864	0.284
-184.5	158.3	0.0170002	0.2319
-180.0	158.3	0.0286923	0.2331
-175.5	158.3	0.0209676	0.306
-171.0	158.3	0.0206203	0.2054
-166.5	158.3	0.0197622	0.2072
-162.0	158.3	0.0236985	0.2038
-157.5	158.3	0.0182167	0.1976
-153.0	158.3	0.0242845	0.2419
-148.5	158.3	0.0217784	0.2125
-144.0	158.3	0.0301189	0.1859
-139.5	158.3	0.0268837	0.194
-135.0	158.3	0.0304453	0.2589
-130.5	158.3	0.0261099	0.1892
-126.0	158.3	0.0374531	0.183
-121.5	158.3	0.0450823	0.1977
-117.0	158.3	0.0390305	0.1713
-112.5	158.3	0.0437148	0.1671
-108.0	158.3	0.0515579	0.1524
-103.5	158.3	0.0537566	0.1609
-99.0	158.3	0.0502694	0.1485
-94.5	158.3	0.0491832	0.1578
-90.0	158.3	0.0516287	0.1486
-85.5	158.3	0.0478118	0.1474
-81.0	158.3	0.0510029	0.1356
-76.5	158.3	0.0682214	0.1573
-72.0	158.3	0.0627663	0.1466
-67.5	158.3	0.0482682	0.1331
-63.0	158.3	0.0725607	0.1646
-58.5	158.3	0.0565609	0.1306
-54.0	158.3	0.069628	0.1414
-49.5	158.3	0.0954969	0.1971
-45.0	158.3	0.0772085	0.1305
-40.5	158.3	0.0684447	0.1744
-36.0	158.3	0.0878664	0.1576
-31.5	158.3	0.0963755	0.1258
-27.0	158.3	0.103604	0.1639
-22.5	158.3	0.0816734	0.1333
-18.0	158.3	0.0694808	0.1401
-13.5	158.3	0.0858739	0.125
-9.0	158.3	0.0847757	0.1338
-4.5	158.3	0.115546	0.1667
0.0	158.3	0.0765172	0.1294
4.5	158.3	0.0949447	0.1196
9.0	158.3	0.0945422	0.1343
13.5	158.3	0.121156	0.1509
18.0	158.3	0.0948616	0.1197
22.5	158.3	0.114637	0.1239
27.0	158.3	0.087601	0.125
31.5	158.3	0.0883572	0.129
36.0	158.3	0.0771203	0.1303
40.5	158.3	0.0940293	0.1175
45.0	158.3	0.0699902	0.1368
49.5	158.3	0.103952	0.1199
54.0	158.3	0.0787476	0.1467
58.5	158.3	0.0807418	0.1312
63.0	158.3	0.0737805	0.1455
67.5	158.3	0.0711609	0.1334
72.0	158.3	0.0793187	0.1406
76.5	158.3	0.0567713	0.1376
81.0	158.3	0.0583874	0.1251
85.5	158.3	0.063046	0.1328
90.0	158.3	0.0741433	0.1293
94.5	158.3	0.0918154	0.1795
99.0	158.3	0.0480922	0.1306
103.5	158.3	0.05511	0.1431
108.0	158.3	0.0551663	0.1281
112.5	158.3	0.0727682	0.1481
117.0	158.3	0.0639942	0.1539
121.5	158.3	0.0575004	0.1597
126.0	158.3	0.0520574	0.157
130.5	158.3	0.0473699	0.1561
135.0	158.3	0.0427709	0.1701
139.5	158.3	0.0541504	0.1524
144.0	158.3	0.0561048	0.161
148.5	158.3	0.0371638	0.16
153.0	158.3	0.0394517	0.1587
157.5	158.3	0.0458278	0.1539
162.0	158.3	0.0457311	0.1655
166.5	158.3	0.0336068	0.214
171.0	158.3	0.0336854	0.1666
175.5	158.3	0.0590056	0.2309
180.0	158.3	0.0259117	0.1916
184.5	158.3	0.0587388	0.1804
189.0	158.3	0.029166	0.1824
193.5	158.3	0.0295533	0.185
198.0	158.3	0.0411473	0.1907
202.5	158.3	0.0267405	0.1952
207.0	158.3	0.0418628	0.1862
211.5	158.3	0.034234	0.1825
216.0	158.3	0.0286821	0.2205
220.5	158.3	0.0305919	0.1909
225.0	158.3	0.0318774	0.2213
229.5	158.3	0.0251044	0.1943
234.0	158.3	0.0292127	0.1914
238.5	158.3	0.023429	0.198
243.0	158.3	0.0178487	0.2092
247.5	158.3	0.0276212	0.2229
252.0	158.3	0.0368542	0.312
256.5	158.3	0.023906	0.2217
261.0	158.3	0.0283415	0.2072
265.5	158.3	0.0168212	0.2229
270.0	158.3	0.0167614	0.222
274.5	158.3	0.0178084	0.2211
279.0	158.3	0.0159916	0.2549
283.5	158.3	0.0213655	0.2342
288.0	158.3	0.0195063	0.2254
292.5	158.3	0.0199596	0.2295
297.0	158.3	0.0313579	0.2048
301.5	158.3	0.0202287	0.2546
306.0	158.3	0.0244753	0.2975
310.5	158.3	0.01185	0.2186
315.0	158.3	0.0191563	0.2724
319.5	158.3	0.0190035	0.2997
324.0	158.3	0.0184671	0.238
328.5	158.3	0.0121426	0.2523
333.0	158.3	0.00838463	0.2447
337.5	158.3	0.00974883	0.3512
342.0	158.3	0.0139035	0.3155
346.5	158.3	0.00723143	0.3092
351.0	158.3	0.0120034	0.2975
355.5	158.3	0.0179355	0.3151
360.0	158.3	0.00723081	0.3407
364.5	158.3	0.00717068	0.3942
369.0	158.3	0.0116495	0.3511
373.5	158.3	0.00575118	0.4881
378.0	158.3	0.00352612	0.4468
382.5	158.3	0.00773077	0.5476
387.0	158.3	0.00871008	0.4551
391.5	158.3	0.00158382	0.6085
396.0	158.3	0.00585246	0.4975
400.5	158.3	0.00520221	0.4954
405.0	158.3	0.00368253	0.4251
409.5	158.3	0.00802834	0.5005
414.0	158.3	0.00158859	0.3573
418.5	158.3	0.00325379	0.4424
423.0	158.3	0.00724676	0.5223
427.5	158.3	0.00201714	0.4536
432.0	158.3	0.00592144	0.5056
436.5	158.3	0.0069115	0.3916
441.0	158.3	0.00269771	0.3659
445.5	158.3	0.00753263	0.5646
-450.0	160.867	0.00163618	0.3938
-445.5	160.867	0.00269473	0.5457
-441.0	160.867	0.000444174	0.2835
-436.5	160.867	0.000648404	0.2558
-432.0	160.867	0.000437963	0.2742
-427.5	160.867	0.000616869	0.262
-423.0	160.867	0.000367797	0.2955
-418.5	160.867	0.000427243	0.302
-414.0	160.867	0.000652818	0.4553
-409.5	160.867	0.000370978	0.325
-405.0	160.867	0.00416913	0.8957
-400.5	160.867	0.00244175	0.8153
-396.0	160.867	0.000364137	0.3034
-391.5	160.867	0.0046039	0.9189
-387.0	160.867	0.0037537	0.8638
-382.5	160.867	0.0023108	0.6699
-378.0	160.867	0.000914304	0.2122
-373.5	160.867	0.00418597	0.5602
-369.0	160.867	0.000865464	0.1767
-364.5	160.867	0.00379855	0.5192
-360.0	160.867	0.0020726	0.4117
-355.5	160.867	0.00407185	0.7783
-351.0	160.867	0.00657469	0.5094
-346.5	160.867	0.00489909	0.6478
-342.0	160.867	0.00648913	0.5186
-337.5	160.867	0.00829145	0.479
-333.0	160.867	0.00592727	0.5641
-328.5	160.867	0.0054353	0.5403
-324.0	160.867	0.00629437	0.4629
-319.5	160.867	0.00430205	0.3609
-315.0	160.867	0.00211543	0.1237
-310.5	160.867	0.00342658	0.2581
-306.0	160.867	0.00227683	0.136
-301.5	160.867	0.00417694	0.2874
-297.0	160.867	0.00642334	0.3455
-292.5	160.867	0.0032868	0.1983
-288.0	160.867	0.0058271	0.3939
-283.5	160.867	0.00693725	0.3196
-279.0	160.867	0.00490968	0.2461
-274.5	160.867	0.00420089	0.2451
-270.0	160.867	0.00432862	0.1939
-265.5	160.867	0.00328833	0.1036
-261.0	160.867	0.0073997	0.5502
-256.5	160.867	0.00568713	0.2119
-252.0	160.867	0.00545223	0.1731
-247.5	160.867	0.00466604	0.1635
-243.0	160.867	0.00417427	0.1224
-238.5	160.867	0.00806192	0.3202
-234.0	160.867	0.0109091	0.2719
-229.5	160.867	0.00920837	0.2708
-225.0	160.867	0.0119038	0.325
-220.5	160.867	0.0104845	0.2969
-216.0	160.867	0.010491	0.2907
-211.5	160.867	0.0139576	0.3152
-207.0	160.867	0.00965436	0.252
-202.5	160.867	0.00805932	0.2383
-198.0	160.867	0.0138764	0.2278
-193.5	160.867	0.00787983	0.2294
-189.0	160.867	0.0184621	0.2711
-184.5	160.867	0.016886	0.2454
-180.0	160.867	0.027612	0.2329
-175.5	160.867	0.0139178	0.2235
-171.0	160.867	0.0144092	0.2107
-166.5	160.867	0.0187169	0.2062
-162.0	160.867	0.0209722	0.2164
-157.5	160.867	0.0157258	0.1887
-153.0	160.867	0.023812	0.2407
-148.5	160.867	0.0207078	0.2213
-144.0	160.867	0.0242532	0.1895
-139.5	160.867	0.0200943	0.1841
-135.0	160.867	0.0239255	0.1806
-130.5	160.867	0.0277733	0.1994
-126.0	160.867	0.0334309	0.2054
-121.5	160.867	0.0320956	0.1935
-117.0	160.867	0.0491927	0.1504
-112.5	160.867	0.0361457	0.1609
-108.0	160.867	0.0382148	0.1852
-103.5	160.867	0.0348639	0.1557
-99.0	160.867	0.0531929	0.1708
-94.5	160.867	0.0527326	0.1617
-90.0	160.867	0.0633197	0.1537
-85.5	160.867	0.050472	0.1584
-81.0	160.867	0.0479983	0.1439
-76.5	160.867	0.0628817	0.1458
-72.0	160.867	0.0575758	0.158
-67.5	160.867	0.0590566	0.1378
-63.0	160.867	0.0794827	0.1416
-58.5	160.867	0.0674231	0.1362
-54.0	160.867	0.0646742	0.1347
-49.5	160.867	0.0878105	0.1388
-45.0	160.867	0.0936226	0.1307
-40.5	160.867	0.0787704	0.1372
-36.0	160.867	0.0731812	0.1372
-31.5	160.867	0.0877773	0.1406
-27.0	160.867	0.0931204	0.1291
-22.5	160.867	0.0781317	0.1326
-18.0	160.867	0.0684119	0.1562
-13.5	160.867	0.0935925	0.1323
-9.0	160.867	0.0709586	0.1413
-4.5	160.867	0.0970331	0.1241
0.0	160.867	0.0715969	0.1292
4.5	160.867	0.0794699	0.1557
9.0	160.867	0.0938655	0.1614
13.5	160.867	0.10771	0.1224
18.0	160.867	0.0928972	0.1127
22.5	160.867	0.097154	0.119
27.0	160.867	0.088902	0.1345
31.5	160.867	0.0928165	0.1183
36.0	160.867	0.0818911	0.1259
40.5	160.867	0.100496	0.1128
45.0	160.867	0.100903	0.1306
49.5	160.867	0.0985348	0.1477
54.0	160.867	0.0829789	0.1261
58.5	160.867	0.0710308	0.1363
63.0	160.867	0.0658764	0.1365
67.5	160.867	0.080776	0.1212
72.0	160.867	0.069155	0.1425
76.5	160.867	0.0542191	0.139
81.0	160.867	0.0653342	0.1432
85.5	160.867	0.0698773	0.145
90.0	160.867	0.0645772	0.1346
94.5	160.867	0.0535546	0.1327
99.0	160.867	0.0614005	0.164
103.5	160.867	0.064692	0.1459
108.0	160.867	0.0713534	0.1332
112.5	160.867	0.0726893	0.1475
117.0	160.867	0.070071	0.1385
121.5	160.867	0.0478773	0.1425
126.0	160.867	0.0432254	0.1598
130.5	160.867	0.0417377	0.1645
135.0	160.867	0.0578525	0.2369
139.5	160.867	0.0411311	0.1756
144.0	160.867	0.0508395	0.1656
148.5	160.867	0.046925	0.1784
153.0	160.867	0.0430601	0.1664
157.5	160.867	0.0693001	0.1581
162.0	160.867	0.0532801	0.1446
166.5	160.867	0.0385547	0.1788
171.0	160.867	0.0297115	0.1865
175.5	160.867	0.0395559	0.1586
180.0	160.867	0.0380821	0.1918
184.5	160.867	0.0308782	0.2038
189.0	160.867	0.0460565	0.1548
193.5	160.867	0.036637	0.1965
198.0	160.867	0.0178576	0.1544
202.5	160.867	0.0271676	0.1958
207.0	160.867	0.0375128	0.1883
211.5	160.867	0.0405851	0.213
216.0	160.867	0.0388858	0.1794
220.5	160.867	0.0387868	0.177
225.0	160.867	0.0214997	0.2409
229.5	160.867	0.0233206	0.2009
234.0	160.867	0.0303192	0.219
238.5	160.867	0.0223697	0.2327
243.0	160.867	0.0217512	0.2258
247.5	160.867	0.0312642	0.2365
252.0	160.867	0.0268151	0.2594
256.5	160.867	0.0218519	0.2967
261.0	160.867	0.0274998	0.2258
265.5	160.867	0.0203588	0.2217
270.0	160.867	0.0207862	0.2126
274.5	160.867	0.0305923	0.2276
279.0	160.867	0.016872	0.2546
283.5	160.867	0.029323	0.3774
288.0	160.867	0.0195115	0.2475
292.5	160.867	0.017418	0.2392
297.0	160.867	0.0251683	0.2011
301.5	160.867	0.0229516	0.2329
306.0	160.867	0.0203849	0.2814
310.5	160.867	0.0110278	0.2547
315.0	160.867	0.0166669	0.257
319.5	160.867	0.0214431	0.2445
324.0	160.867	0.0210494	0.2773
328.5	160.867	0.0119906	0.2517
333.0	160.867	0.0117012	0.2902
337.5	160.867	0.0094308	0.3367
342.0	160.867	0.0125727	0.2962
346.5	160.867	0.0125592	0.283
351.0	160.867	0.0146182	0.3316
355.5	160.867	0.0144018	0.2657
360.0	160.867	0.00819751	0.306
364.5	160.867	0.0100796	0.344
369.0	160.867	0.0140722	0.3137
373.5	160.867	0.00606737	0.5035
378.0	160.867	0.00593106	0.5224
382.5	160.867	0.00468198	0.5284
387.0	160.867	0.00429866	0.4867
391.5	160.867	0.00486707	0.565
396.0	160.867	0.00196265	0.4614
400.5	160.867	0.00441472	0.608
405.0	160.867	0.00258484	0.4827
409.5	160.867	0.00961473	0.3822
414.0	160.867	0.002387	0.4295
418.5	160.867	0.00196018	0.4043
423.0	160.867	0.0017643	0.5853
427.5	160.867	0.0020964	0.5177
432.0	160.867	0.00157296	0.4045
436.5	160.867	0.00370901	0.3802
441.0	160.867	0.00631542	0.3865
445.5	160.867	0.00227586	0.4169
-450.0	163.433	0.00173472	0.3958
-445.5	163.433	0.00379454	0.5213
-441.0	163.433	0.000422462	0.2819
-436.5	163.433	0.00140019	0.7896
-432.0	163.433	0.000297732	0.3116
-427.5	163.433	0.000414848	0.2918
-423.0	163.433	0.000272862	0.292
-418.5	163.433	0.000438783	0.3012
-414.0	163.433	0.000625618	0.567
-409.5	163.433	0.00117987	0.7428
-405.0	163.433	0.00242084	0.8017
-400.5	163.433	0.00243157	0.6383
-396.0	163.433	0.00257381	0.8449
-391.5	163.433	0.000922424	0.3236
-387.0	163.433	0.000667309	0.2276
-382.5	163.433	0.000990072	0.2024
-378.0	163.433	0.000977692	0.1992
-373.5	163.433	0.00113012	0.2442
-369.0	163.433	0.00112005	0.1833
-364.5	163.433	0.00351135	0.6641
-360.0	163.433	0.0032227	0.5406
-355.5	163.433	0.00128139	0.1718
-351.0	163.433	0.00259532	0.2515
-346.5	163.433	0.00370422	0.3484
-342.0	163.433	0.00522522	0.4089
-337.5	163.433	0.00410848	0.5502
-333.0	163.433	0.00228591	0.1626
-328.5	163.433	0.00359933	0.2893
-324.0	163.433	0.00476046	0.4078
-319.5	163.433	0.00356457	0.3973
-315.0	163.433	0.0028362	0.2576
-310.5	163.433	0.00277112	0.1631
-306.0	163.433	0.00246797	0.1569
-301.5	163.433	0.00258655	0.1543
-297.0	163.433	0.00522819	0.2941
-292.5	163.433	0.00423223	0.3631
-288.0	163.433	0.00447029	0.296
-283.5	163.433	0.00668733	0.3996
-279.0	163.433	0.0068858	0.3112
-274.5	163.433	0.00403367	0.1991
-270.0	163.433	0.00432115	0.1852
-265.5	163.433	0.00915303	0.4429
-261.0	163.433	0.00451959	0.2157
-256.5	163.433	0.00633193	0.2983
-252.0	163.433	0.00902612	0.3285
-247.5	163.433	0.00479585	0.2427
-243.0	163.433	0.00487551	0.2891
-238.5	163.433	0.00490174	0.1747
-234.0	163.433	0.00988946	0.3006
-229.5	163.433	0.00700238	0.2357
-225.0	163.433	0.00901118	0.2222
-220.5	163.433	0.0108068	0.3532
-216.0	163.433	0.0131465	0.3426
-211.5	163.433	0.00784186	0.2155
-207.0	163.433	0.0114725	0.2816
-202.5	163.433	0.0137753	0.2573
-198.0	163.433	0.0222918	0.296
-193.5	163.433	0.0196432	0.2584
-189.0	163.433	0.015999	0.2628
-184.5	163.433	0.0188771	0.2278
-180.0	163.433	0.0147962	0.2236
-175.5	163.433	0.0142591	0.299
-171.0	163.433	0.0234751	0.2418
-166.5	163.433	0.0206667	0.1974
-162.0	163.433	0.0211945	0.1875
-157.5	163.433	0.0238857	0.1994
-153.0	163.433	0.0311613	0.2067
-148.5	163.433	0.0418451	0.2012
-144.0	163.433	0.0299272	0.2097
-139.5	163.433	0.0279449	0.1999
-135.0	163.433	0.0279711	0.1802
-130.5	163.433	0.0278805	0.2331
-126.0	163.433	0.0380991	0.1965
-121.5	163.433	0.0312266	0.1887
-117.0	163.433	0.0335541	0.1679
-112.5	163.433	0.0372477	0.1712
-108.0	163.433	0.0340314	0.1597
-103.5	163.433	0.0446983	0.1764
-99.0	163.433	0.0447475	0.2339
-94.5	163.433	0.0480929	0.1865
-90.0	163.433	0.0449466	0.1614
-85.5	163.433	0.0499078	0.1691
-81.0	163.433	0.0484354	0.1715
-76.5	163.433	0.0649898	0.1587
-72.0	163.433	0.0486587	0.1303
-67.5	163.433	0.0625371	0.1452
-63.0	163.433	0.0681689	0.1582
-58.5	163.433	0.0619357	0.1397
-54.0	163.433	0.0633895	0.1462
-49.5	163.433	0.0737658	0.1356
-45.0	163.433	0.0795315	0.1351
-40.5	163.433	0.0713284	0.1369
-36.0	163.433	0.0997242	0.1675
-31.5	163.433	0.07742	0.2073
-27.0	163.433	0.0604294	0.1304
-22.5	163.433	0.100885	0.1498
-18.0	163.433	0.101894	0.2262
-13.5	163.433	0.0940227	0.1247
-9.0	163.433	0.0862488	0.1712
-4.5	163.433	0.0950624	0.1493
0.0	163.433	0.0863611	0.1283
4.5	163.433	0.0972262	0.1368
9.0	163.433	0.0989058	0.1444
13.5	163.433	0.0758599	0.1178
18.0	163.433	0.098241	0.1347
22.5	163.433	0.094258	0.1202
27.0	163.433	0.0854576	0.1292
31.5	163.433	0.104431	0.1122
36.0	163.433	0.0802833	0.1183
40.5	163.433	0.105987	0.1209
45.0	163.433	0.0883512	0.1279
49.5	163.433	0.0810084	0.128
54.0	163.433	0.0859123	0.1331
58.5	163.433	0.0804119	0.1663
63.0	163.433	0.0745658	0.121
67.5	163.433	0.0978277	0.1309
72.0	163.433	0.0757779	0.1291
76.5	163.433	0.0766434	0.1302
81.0	163.433	0.0575483	0.1349
85.5	163.433	0.0710936	0.1379
90.0	163.433	0.0710556	0.187
94.5	163.433	0.0685823	0.2272
99.0	163.433	0.0572839	0.1354
103.5	163.433	0.0700152	0.1374
108.0	163.433	0.0603222	0.1394
112.5	163.433	0.0823672	0.1382
117.0	163.433	0.056019	0.1405
121.5	163.433	0.0508911	0.1562
126.0	163.433	0.0545428	0.1669
130.5	163.433	0.0559817	0.1507
135.0	163.433	0.0456025	0.1678
139.5	163.433	0.0342169	0.177
144.0	163.433	0.0415505	0.159
148.5	163.433	0.049652	0.158
153.0	163.433	0.0407436	0.1531
157.5	163.433	0.0406116	0.1702
162.0	163.433	0.0315685	0.1638
166.5	163.433	0.0396214	0.1649
171.0	163.433	0.0377747	0.1794
175.5	163.433	0.0338113	0.1706
180.0	163.433	0.0339551	0.1723
184.5	163.433	0.0260837	0.2119
189.0	163.433	0.0316959	0.2572
193.5	163.433	0.0377721	0.175
198.0	163.433	0.02368	0.1817
202.5	163.433	0.0334809	0.181
207.0	163.433	0.0316196	0.1812
211.5	163.433	0.025468	0.2168
216.0	163.433	0.036371	0.2078
220.5	163.433	0.0237566	0.2287
225.0	163.433	0.0291389	0.2227
229.5	163.433	0.0192315	0.1903
234.0	163.433	0.0241402	0.2016
238.5	163.433	0.0305404	0.2423
243.0	163.433	0.0216608	0.2256
247.5	163.433	0.0363406	0.2583
252.0	163.433	0.0179381	0.2067
256.5	163.433	0.0349554	0.2021
261.0	163.433	0.0203229	0.2809
265.5	163.433	0.0206196	0.2358
270.0	163.433	0.0236044	0.2104
274.5	163.433	0.0160194	0.2232
279.0	163.433	0.0132487	0.2321
283.5	163.433	0.0227953	0.2654
288.0	163.433	0.011968	0.3006
292.5	163.433	0.0188698	0.2705
297.0	163.433	0.0236828	0.2314
301.5	163.433	0.014217	0.2383
306.0	163.433	0.0158872	0.2572
310.5	163.433	0.0148168	0.2456
315.0	163.433	0.0207063	0.3306
319.5	163.433	0.0212281	0.2503
324.0	163.433	0.0226883	0.2615
328.5	163.433	0.0106048	0.2768
333.0	163.433	0.010337	0.2454
337.5	163.433	0.018837	0.3352
342.0	163.433	0.0123271	0.2844
346.5	163.433	0.00949539	0.4059
351.0	163.433	0.01129	0.3056
355.5	163.433	0.0134318	0.3249
360.0	163.433	0.00534895	0.3587
364.5	163.433	0.00794604	0.3631
369.0	163.433	0.0091504	0.3567
373.5	163.433	0.00652054	0.3153
378.0	163.433	0.00507563	0.3528
382.5	163.433	0.00137745	0.211
387.0	163.433	0.00109361	0.2123
391.5	163.433	0.00329088	0.4713
396.0	163.433	0.00112385	0.2575
400.5	163.433	0.00304178	0.5815
405.0	163.433	0.00477179	0.4187
409.5	163.433	0.00391074	0.541
414.0	163.433	0.0110637	0.4952
418.5	163.433	0.00241888	0.4515
423.0	163.433	0.00423426	0.6058
427.5	163.433	0.00117886	0.2701
432.0	163.433	0.00287654	0.595
436.5	163.433	0.00408526	0.4696
441.0	163.433	0.00310739	0.5908
445.5	163.433	0.00556816	0.5795
-450.0	166.0	0.000390626	0.2766
-445.5	166.0	0.000626633	0.2459
-441.0	166.0	0.000337983	0.2781
-436.5	166.0	0.00016444	0.341
-432.0	166.0	0.00226263	0.8486
-427.5	166.0	0.000311441	0.2906
-423.0	166.0	0.000451922	0.2657
-418.5	166.0	0.000361349	0.3423
-414.0	166.0	0.000337022	0.3234
-409.5	166.0	0.00199126	0.8683
-405.0	166.0	0.0016207	0.6111
-400.5	166.0	0.00165663	0.7235
-396.0	166.0	0.000585894	0.2476
-391.5	166.0	0.000719306	0.2194
-387.0	166.0	0.000779321	0.2146
-382.5	166.0	0.00104419	0.2754
-378.0	166.0	0.00114624	0.5575
-373.5	166.0	0.014684	0.9306
-369.0	166.0	0.00118892	0.1823
-364.5	166.0	0.00319258	0.6275
-360.0	166.0	0.00103573	0.1765
-355.5	166.0	0.00145301	0.1528
-351.0	166.0	0.00292728	0.2345
-346.5	166.0	0.00572572	0.4241
-342.0	166.0	0.00437544	0.5697
-337.5	166.0	0.00260039	0.1486
-333.0	166.0	0.0019968	0.1364
-328.5	166.0	0.00196001	0.1398
-324.0	166.0	0.00333167	0.37
-319.5	166.0	0.00420384	0.2822
-315.0	166.0	0.00521364	0.3476
-310.5	166.0	0.00262854	0.1138
-306.0	166.0	0.00493763	0.4105
-301.5	166.0	0.00778009	0.4428
-297.0	166.0	0.00559256	0.4559
-292.5	166.0	0.00798044	0.3685
-288.0	166.0	0.00817189	0.4043
-283.5	166.0	0.00426446	0.2417
-279.0	166.0	0.00336921	0.308
-274.5	166.0	0.00534197	0.3637
-270.0	166.0	0.00683181	0.2971
-265.5	166.0	0.0126641	0.4168
-261.0	166.0	0.00520052	0.2255
-256.5	166.0	0.0045699	0.2196
-252.0	166.0	0.0065346	0.2895
-247.5	166.0	0.00393526	0.1754
-243.0	166.0	0.00813635	0.3273
-238.5	166.0	0.00907568	0.3234
-234.0	166.0	0.00551227	0.2056
-229.5	166.0	0.00935379	0.3566
-225.0	166.0	0.00635561	0.1816
-220.5	166.0	0.00544261	0.3123
-216.0	166.0	0.0140888	0.3322
-211.5	166.0	0.0154875	0.3368
-207.0	166.0	0.00754507	0.2757
-202.5	166.0	0.0152378	0.3249
-198.0	166.0	0.0146989	0.2934
-193.5	166.0	0.0193662	0.3352
-189.0	166.0	0.019989	0.2706
-184.5	166.0	0.00979093	0.1981
-180.0	166.0	0.0126799	0.2467
-175.5	166.0	0.0168241	0.2527
-171.0	166.0	0.0247617	0.222
-166.5	166.0	0.0228392	0.2183
-162.0	166.0	0.0191548	0.192
-157.5	166.0	0.0305914	0.2404
-153.0	166.0	0.0329408	0.2308
-148.5	166.0	0.0250412	0.2256
-144.0	166.0	0.0267141	0.2486
-139.5	166.0	0.0255157	0.2155
-135.0	166.0	0.0286016	0.1952
-130.5	166.0	0.024819	0.1919
-126.0	166.0	0.0272762	0.1801
-121.5	166.0	0.0370735	0.1721
-117.0	166.0	0.0329364	0.1816
-112.5	166.0	0.0349984	0.1851
-108.0	166.0	0.0233489	0.1558
-103.5	166.0	0.0438528	0.1621
-99.0	166.0	0.0391242	0.1777
-94.5	166.0	0.0422596	0.1733
-90.0	166.0	0.0433053	0.1781
-85.5	166.0	0.0600237	0.193
-81.0	166.0	0.0480895	0.16
-76.5	166.0	0.0519602	0.1589
-72.0	166.0	0.0583493	0.1426
-67.5	166.0	0.0739034	0.1384
-63.0	166.0	0.0463272	0.148
-58.5	166.0	0.0785802	0.1305
-54.0	166.0	0.0553271	0.1521
-49.5	166.0	0.0616117	0.1576
-45.0	166.0	0.0894859	0.1639
-40.5	166.0	0.0922517	0.169
-36.0	166.0	0.0878548	0.1353
-31.5	166.0	0.0709012	0.1473
-27.0	166.0	0.0626314	0.1414
-22.5	166.0	0.0878899	0.1273
-18.0	166.0	0.0804283	0.1497
-13.5	166.0	0.0810804	0.1476
-9.0	166.0	0.0971843	0.146
-4.5	166.0	0.0534238	0.1389
0.0	166.0	0.0799933	0.1367
4.5	166.0	0.0756303	0.162
9.0	166.0	0.097014	0.1253
13.5	166.0	0.09428	0.1391
18.0	166.0	0.09344	0.1704
22.5	166.0	0.0865292	0.1324
27.0	166.0	0.0654536	0.1362
31.5	166.0	0.113905	0.1306
36.0	166.0	0.108579	0.1379
40.5	166.0	0.0871902	0.127
45.0	166.0	0.0741551	0.1441
49.5	166.0	0.0853684	0.1304
54.0	166.0	0.0795115	0.1272
58.5	166.0	0.0469565	0.1592
63.0	166.0	0.0897429	0.1212
67.5	166.0	0.0897366	0.1394
72.0	166.0	0.073574	0.1278
76.5	166.0	0.0673275	0.1348
81.0	166.0	0.0567836	0.1413
85.5	166.0	0.063975	0.1391
90.0	166.0	0.0794146	0.141
94.5	166.0	0.0682732	0.135
99.0	166.0	0.0762261	0.1462
103.5	166.0	0.0592656	0.1503
108.0	166.0	0.0563409	0.1446
112.5	166.0	0.0693816	0.1428
117.0	166.0	0.0650602	0.1381
121.5	166.0	0.0425778	0.1418
126.0	166.0	0.0510531	0.1511
130.5	166.0	0.0432865	0.1672
135.0	166.0	0.0426213	0.1678
139.5	166.0	0.0473447	0.1624
144.0	166.0	0.0381159	0.176
148.5	166.0	0.0441507	0.1619
153.0	166.0	0.0292722	0.1689
157.5	166.0	0.033685	0.2104
162.0	166.0	0.0326686	0.1594
166.5	166.0	0.0283468	0.1897
171.0	166.0	0.0432391	0.2279
175.5	166.0	0.050171	0.16
180.0	166.0	0.0441533	0.1728
184.5	166.0	0.0306264	0.193
189.0	166.0	0.038421	0.1988
193.5	166.0	0.0299882	0.1966
198.0	166.0	0.028764	0.1959
202.5	166.0	0.0266775	0.21
207.0	166.0	0.029904	0.1953
211.5	166.0	0.0233208	0.2395
216.0	166.0	0.0287477	0.225
220.5	166.0	0.0317157	0.2449
225.0	166.0	0.0437	0.1895
229.5	166.0	0.0193295	0.1953
234.0	166.0	0.0244085	0.2031
238.5	166.0	0.0285366	0.1916
243.0	166.0	0.0228862	0.2303
247.5	166.0	0.0288907	0.2102
252.0	166.0	0.0216112	0.2504
256.5	166.0	0.0248081	0.2298
261.0	166.0	0.0247783	0.2418
265.5	166.0	0.0206121	0.2873
270.0	166.0	0.0179465	0.2231
274.5	166.0	0.0149377	0.3036
279.0	166.0	0.0222047	0.2584
283.5	166.0	0.0146486	0.2371
288.0	166.0	0.0176124	0.2256
292.5	166.0	0.0157988	0.224
297.0	166.0	0.0202666	0.2998
301.5	166.0	0.020909	0.2696
306.0	166.0	0.018664	0.2444
310.5	166.0	0.0101561	0.268
315.0	166.0	0.0172821	0.2766
319.5	166.0	0.0104341	0.3386
324.0	166.0	0.024807	0.2771
328.5	166.0	0.0275795	0.2549
333.0	166.0	0.0121945	0.2484
337.5	166.0	0.0105535	0.3302
342.0	166.0	0.0119397	0.3209
346.5	166.0	0.0172664	0.2868
351.0	166.0	0.0106021	0.3467
355.5	166.0	0.00472097	0.2859
360.0	166.0	0.0157456	0.4014
364.5	166.0	0.00463935	0.4628
369.0	166.0	0.00478088	0.3557
373.5	166.0	0.0107029	0.3628
378.0	166.0	0.00481927	0.4503
382.5	166.0	0.00141512	0.4629
387.0	166.0	0.00336503	0.4696
391.5	166.0	0.00658414	0.4552
396.0	166.0	0.00248826	0.5954
400.5	166.0	0.00418197	0.5331
405.0	166.0	0.0098787	0.3755
409.5	166.0	0.00276175	0.6876
414.0	166.0	0.00447104	0.4916
418.5	166.0	0.00437166	0.5625
423.0	166.0	0.00791018	0.3527
427.5	166.0	0.00495804	0.4702
432.0	166.0	0.00349991	0.4829
436.5	166.0	0.0030494	0.5063
441.0	166.0	0.00322271	0.6193
445.5	166.0	0.00331749	0.5368
-450.0	168.567	0.00107367	0.7761
-445.5	168.567	0.000328616	0.2886
-441.0	168.567	0.00166491	0.7704
-436.5	168.567	0.00169302	0.6344
-432.0	168.567	0.000627729	0.391
-427.5	168.567	0.000415352	0.2907
-423.0	168.567	0.000490082	0.2785
-418.5	168.567	0.000309379	0.2884
-414.0	168.567	0.00171715	0.8888
-409.5	168.567	0.00116022	0.8856
-405.0	168.567	0.00101937	0.8337
-400.5	168.567	0.000339034	0.2796
-396.0	168.567	0.000506668	0.2915
-391.5	168.567	0.000669124	0.2363
-387.0	168.567	0.000716848	0.2164
-382.5	168.567	0.000532668	0.2572
-378.0	168.567	0.000768349	0.2053
-373.5	168.567	0.00191831	0.6077
-369.0	168.567	0.00305644	0.5174
-364.5	168.567	0.00129877	0.2664
-360.0	168.567	0.0014878	0.1996
-355.5	168.567	0.00132985	0.1539
-351.0	168.567	0.0074993	0.4031
-346.5	168.567	0.00450549	0.4906
-342.0	168.567	0.00315697	0.4461
-337.5	168.567	0.00788869	0.4814
-333.0	168.567	0.00515187	0.5743
-328.5	168.567	0.0063381	0.51
-324.0	168.567	0.00584933	0.5088
-319.5	168.567	0.00750199	0.4602
-315.0	168.567	0.00748153	0.4028
-310.5	168.567	0.00360367	0.2938
-306.0	168.567	0.00307815	0.2271
-301.5	168.567	0.00612434	0.3379
-297.0	168.567	0.00443809	0.3461
-292.5	168.567	0.00749388	0.3255
-288.0	168.567	0.00488627	0.4144
-283.5	168.567	0.00301375	0.1266
-279.0	168.567	0.00771267	0.3713
-274.5	168.567	0.00553373	0.3441
-270.0	168.567	0.00659343	0.309
-265.5	168.567	0.00427681	0.2538
-261.0	168.567	0.00600784	0.2901
-256.5	168.567	0.00457027	0.1728
-252.0	168.567	0.0118625	0.3231
-247.5	168.567	0.0042988	0.1963
-243.0	168.567	0.00813129	0.3064
-238.5	168.567	0.00501622	0.2439
-234.0	168.567	0.00908955	0.3853
-229.5	168.567	0.00531446	0.2342
-225.0	168.567	0.0110496	0.3651
-220.5	168.567	0.0141286	0.3548
-216.0	168.567	0.0157675	0.248
-211.5	168.567	0.0127235	0.2598
-207.0	168.567	0.0143362	0.3763
-202.5	168.567	0.0149362	0.3284
-198.0	168.567	0.0158673	0.3127
-193.5	168.567	0.00733432	0.1667
-189.0	168.567	0.0194198	0.2342
-184.5	168.567	0.0126103	0.1816
-180.0	168.567	0.0178734	0.2761
-175.5	168.567	0.0225454	0.2141
-171.0	168.567	0.0225438	0.2257
-166.5	168.567	0.0184101	0.2352
-162.0	168.567	0.0252178	0.2056
-157.5	168.567	0.0257863	0.2705
-153.0	168.567	0.0359867	0.1762
-148.5	168.567	0.0277914	0.2383
-144.0	168.567	0.021729	0.2552
-139.5	168.567	0.0322756	0.1959
-135.0	168.567	0.0221064	0.18
-130.5	168.567	0.0243918	0.2014
-126.0	168.567	0.0461247	0.1645
-121.5	168.567	0.0374447	0.1841
-117.0	168.567	0.0264136	0.19
-112.5	168.567	0.0291196	0.1919
-108.0	168.567	0.0420172	0.1897
-103.5	168.567	0.0401677	0.1637
-99.0	168.567	0.035674	0.1699
-94.5	168.567	0.0525058	0.1546
-90.0	168.567	0.0531167	0.1613
-85.5	168.567	0.044949	0.1611
-81.0	168.567	0.0536596	0.1639
-76.5	168.567	0.0468875	0.1844
-72.0	168.567	0.0608618	0.1364
-67.5	168.567	0.0617763	0.1508
-63.0	168.567	0.0611795	0.1544
-58.5	168.567	0.0562255	0.154
-54.0	168.567	0.0782572	0.145
-49.5	168.567	0.0726222	0.1477
-45.0	168.567	0.0620693	0.1267
-40.5	168.567	0.0848327	0.1402
-36.0	168.567	0.0670299	0.1578
-31.5	168.567	0.0805663	0.159
-27.0	168.567	0.0751087	0.1667
-22.5	168.567	0.0682444	0.1546
-18.0	168.567	0.0742128	0.1726
-13.5	168.567	0.0789972	0.1604
-9.0	168.567	0.0793789	0.1586
-4.5	168.567	0.0666106	0.1691
0.0	168.567	0.0737856	0.1845
4.5	168.567	0.079011	0.147
9.0	168.567	0.0993255	0.1277
13.5	168.567	0.0903364	0.144
18.0	168.567	0.0750579	0.1349
22.5	168.567	0.0785715	0.1248
27.0	168.567	0.0841412	0.1312
31.5	168.567	0.0971733	0.1218
36.0	168.567	0.0985342	0.1358
40.5	168.567	0.0722764	0.1404
45.0	168.567	0.065677	0.1454
49.5	168.567	0.0753218	0.1235
54.0	168.567	0.088904	0.1282
58.5	168.567	0.0546163	0.1488
63.0	168.567	0.0840559	0.1567
67.5	168.567	0.0755987	0.1284
72.0	168.567	0.0593988	0.1343
76.5	168.567	0.054687	0.1506
81.0	168.567	0.0481577	0.1392
85.5	168.567	0.0673495	0.1306
90.0	168.567	0.0520838	0.1508
94.5	168.567	0.071273	0.1441
99.0	168.567	0.0660264	0.1434
103.5	168.567	0.0620841	0.1365
108.0	168.567	0.0756101	0.1475
112.5	168.567	0.0618991	0.1573
117.0	168.567	0.0638256	0.1516
121.5	168.567	0.0469912	0.1691
126.0	168.567	0.0417941	0.162
130.5	168.567	0.0486875	0.1765
135.0	168.567	0.0400866	0.1524
139.5	168.567	0.0447394	0.1672
144.0	168.567	0.0307414	0.1858
148.5	168.567	0.038566	0.1744
153.0	168.567	0.0384221	0.1706
157.5	168.567	0.0461249	0.1741
162.0	168.567	0.0489949	0.1671
166.5	168.567	0.0295978	0.1765
171.0	168.567	0.0422807	0.182
175.5	168.567	0.0319098	0.1635
180.0	168.567	0.0373409	0.1765
184.5	168.567	0.0401023	0.183
189.0	168.567	0.0244661	0.199
193.5	168.567	0.0259447	0.2204
198.0	168.567	0.0253096	0.2179
202.5	168.567	0.0239224	0.2223
207.0	168.567	0.0261469	0.2028
211.5	168.567	0.0242134	0.1946
216.0	168.567	0.0242027	0.2086
220.5	168.567	0.0311095	0.2209
225.0	168.567	0.0309912	0.2161
229.5	168.567	0.0217997	0.2108
234.0	168.567	0.0222614	0.2021
238.5	168.567	0.0246038	0.2809
243.0	168.567	0.0192145	0.2087
247.5	168.567	0.0199218	0.2241
252.0	168.567	0.0145203	0.2361
256.5	168.567	0.0245142	0.2268
261.0	168.567	0.0228283	0.2715
265.5	168.567	0.0197023	0.2195
270.0	168.567	0.0232757	0.2356
274.5	168.567	0.0249031	0.2353
279.0	168.567	0.0239034	0.2336
283.5	168.567	0.0170732	0.2285
288.0	168.567	0.0240802	0.2393
292.5	168.567	0.0189956	0.2261
297.0	168.567	0.0157668	0.2313
301.5	168.567	0.0104859	0.258
306.0	168.567	0.0154675	0.2401
310.5	168.567	0.0131831	0.285
315.0	168.567	0.0181177	0.3038
319.5	168.567	0.0123297	0.2815
324.0	168.567	0.0138086	0.282
328.5	168.567	0.016371	0.278
333.0	168.567	0.01802	0.3083
337.5	168.567	0.00912019	0.2976
342.0	168.567	0.012374	0.2723
346.5	168.567	0.0109203	0.3209
351.0	168.567	0.00888702	0.2941
355.5	168.567	0.00278437	0.1407
360.0	168.567	0.00355548	0.3113
364.5	168.567	0.00389174	0.4196
369.0	168.567	0.00729204	0.2988
373.5	168.567	0.00971131	0.4235
378.0	168.567	0.00330404	0.389
382.5	168.567	0.00650794	0.4108
387.0	168.567	0.00235135	0.4544
391.5	168.567	0.00834645	0.5487
396.0	168.567	0.0083936	0.6407
400.5	168.567	0.00368265	0.6586
405.0	168.567	0.00290227	0.4469
409.5	168.567	0.0043252	0.7381
414.0	168.567	0.00103749	0.4082
418.5	168.567	0.00141964	0.4324
423.0	168.567	0.0109278	0.4003
427.5	168.567	0.00504665	0.5208
432.0	168.567	0.00292288	0.4251
436.5	168.567	0.00222747	0.5931
441.0	168.567	0.00399187	0.7654
445.5	168.567	0.0040675	0.5438
-450.0	171.133	0.0011997	0.6352
-445.5	171.133	0.00146307	0.6626
-441.0	171.133	0.000378163	0.3
-436.5	171.133	0.000312281	0.3266
-432.0	171.133	0.00203397	0.848
-427.5	171.133	0.000340801	0.3106
-423.0	171.133	0.00120278	0.6618
-418.5	171.133	0.00162291	0.8175
-414.0	171.133	0.00150156	0.8193
-409.5	171.133	0.000296318	0.3344
-405.0	171.133	0.00102586	0.7432
-400.5	171.133	0.000960232	0.6129
-396.0	171.133	0.00177603	0.5523
-391.5	171.133	0.000764733	0.2872
-387.0	171.133	0.000579451	0.3147
-382.5	171.133	0.000642536	0.2181
-378.0	171.133	0.00062705	0.227
-373.5	171.133	0.00159258	0.6152
-369.0	171.133	0.00198081	0.4337
-364.5	171.133	0.00112117	0.1744
-360.0	171.133	0.00117505	0.1718
-355.5	171.133	0.00225433	0.317
-351.0	171.133	0.00160526	0.1662
-346.5	171.133	0.00203584	0.3052
-342.0	171.133	0.00433143	0.621
-337.5	171.133	0.00190271	0.174
-333.0	171.133	0.00694354	0.421
-328.5	171.133	0.00475032	0.6435
-324.0	171.133	0.00593293	0.5414
-319.5	171.133	0.00528804	0.4578
-315.0	171.133	0.00363687	0.348
-310.5	171.133	0.00209684	0.1241
-306.0	171.133	0.00438614	0.2894
-301.5	171.133	0.00504108	0.2996
-297.0	171.133	0.00371153	0.3102
-292.5	171.133	0.00906636	0.4121
-288.0	171.133	0.00502866	0.3635
-283.5	171.133	0.00528203	0.486
-279.0	171.133	0.00462478	0.2398
-274.5	171.133	0.0059207	0.3188
-270.0	171.133	0.00509808	0.2334
-265.5	171.133	0.00447705	0.2363
-261.0	171.133	0.00750988	0.2842
-256.5	171.133	0.0047357	0.2354
-252.0	171.133	0.0077972	0.2875
-247.5	171.133	0.00474505	0.2727
-243.0	171.133	0.00941059	0.293
-238.5	171.133	0.00451781	0.1589
-234.0	171.133	0.00421154	0.2198
-229.5	171.133	0.00906754	0.2966
-225.0	171.133	0.0094919	0.3847
-220.5	171.133	0.0101221	0.3122
-216.0	171.133	0.0168494	0.3154
-211.5	171.133	0.0112867	0.2819
-207.0	171.133	0.0129634	0.2631
-202.5	171.133	0.0150425	0.2989
-198.0	171.133	0.0118748	0.2679
-193.5	171.133	0.0242605	0.2747
-189.0	171.133	0.0165853	0.2814
-184.5	171.133	0.019633	0.2528
-180.0	171.133	0.0156514	0.2225
-175.5	171.133	0.0242715	0.2352
-171.0	171.133	0.0135914	0.2657
-166.5	171.133	0.0229249	0.2334
-162.0	171.133	0.0221679	0.199
-157.5	171.133	0.0277123	0.1917
-153.0	171.133	0.0441768	0.1917
-148.5	171.133	0.0183701	0.198
-144.0	171.133	0.0258449	0.2174
-139.5	171.133	0.0244852	0.2022
-135.0	171.133	0.0270425	0.2207
-130.5	171.133	0.0341236	0.1866
-126.0	171.133	0.0444709	0.1904
-121.5	171.133	0.0444653	0.1825
-117.0	171.133	0.0260423	0.2055
-112.5	171.133	0.0384296	0.2362
-108.0	171.133	0.0391682	0.1614
-103.5	171.133	0.0304823	0.173
-99.0	171.133	0.0374992	0.1813
-94.5	171.133	0.0397355	0.1815
-90.0	171.133	0.0510709	0.1773
-85.5	171.133	0.047525	0.1797
-81.0	171.133	0.0525381	0.1761
-76.5	171.133	0.0532599	0.1576
-72.0	171.133	0.0474119	0.1497
-67.5	171.133	0.0522047	0.1446
-63.0	171.133	0.0640832	0.1466
-58.5	171.133	0.0407954	0.1504
-54.0	171.133	0.0526015	0.1487
-49.5	171.133	0.0467884	0.1409
-45.0	171.133	0.0647629	0.1526
-40.5	171.133	0.0622264	0.1365
-36.0	171.133	0.0586487	0.1471
-31.5	171.133	0.0657565	0.1487
-27.0	171.133	0.0829931	0.199
-22.5	171.133	0.0645849	0.1412
-18.0	171.133	0.0520099	0.2151
-13.5	171.133	0.072	0.172
-9.0	171.133	0.0571056	0.1464
-4.5	171.133	0.0724155	0.1572
0.0	171.133	0.0623114	0.1722
4.5	171.133	0.071994	0.1632
9.0	171.133	0.0710819	0.1392
13.5	171.133	0.0700214	0.1416
18.0	171.133	0.0739326	0.1336
22.5	171.133	0.0830062	0.1507
27.0	171.133	0.0834607	0.1319
31.5	171.133	0.0794534	0.1281
36.0	171.133	0.0806329	0.1291
40.5	171.133	0.0706639	0.144
45.0	171.133	0.0808151	0.1386
49.5	171.133	0.0789753	0.1283
54.0	171.133	0.0809842	0.1693
58.5	171.133	0.0772319	0.1195
63.0	171.133	0.0780202	0.1349
67.5	171.133	0.0640168	0.134
72.0	171.133	0.0815436	0.1265
76.5	171.133	0.04825	0.1598
81.0	171.133	0.0620416	0.1434
85.5	171.133	0.0454133	0.1376
90.0	171.133	0.0518627	0.1547
94.5	171.133	0.0629299	0.1457
99.0	171.133	0.0542604	0.1534
103.5	171.133	0.069762	0.1483
108.0	171.133	0.0507335	0.1552
112.5	171.133	0.0537343	0.1559
117.0	171.133	0.0572632	0.1517
121.5	171.133	0.0421426	0.1563
126.0	171.133	0.0419354	0.1566
130.5	171.133	0.0516623	0.1775
135.0	171.133	0.0436435	0.1601
139.5	171.133	0.0428848	0.1528
144.0	171.133	0.0465679	0.1874
148.5	171.133	0.034017	0.2165
153.0	171.133	0.0349406	0.1678
157.5	171.133	0.046482	0.1643
162.0	171.133	0.0377611	0.193
166.5	171.133	0.0342921	0.2046
171.0	171.133	0.030298	0.183
175.5	171.133	0.0353511	0.2025
180.0	171.133	0.0379017	0.216
184.5	171.133	0.029995	0.1886
189.0	171.133	0.0330364	0.2205
193.5	171.133	0.0342764	0.1992
198.0	171.133	0.0247153	0.227
202.5	171.133	0.02586	0.2718
207.0	171.133	0.0285264	0.2581
211.5	171.133	0.0351301	0.2424
216.0	171.133	0.0157119	0.2082
220.5	171.133	0.0209001	0.2302
225.0	171.133	0.0252658	0.2129
229.5	171.133	0.0371651	0.2153
234.0	171.133	0.0221617	0.2242
238.5	171.133	0.0203707	0.2592
243.0	171.133	0.0200612	0.1903
247.5	171.133	0.010177	0.1622
252.0	171.133	0.019663	0.2645
256.5	171.133	0.0165651	0.2139
261.0	171.133	0.019146	0.2031
265.5	171.133	0.0311186	0.2186
270.0	171.133	0.0266302	0.2246
274.5	171.133	0.0274411	0.227
279.0	171.133	0.0219143	0.2186
283.5	171.133	0.0154556	0.2517
288.0	171.133	0.0229235	0.2594
292.5	171.133	0.023094	0.2553
297.0	171.133	0.015954	0.2569
301.5	171.133	0.00954326	0.2616
306.0	171.133	0.0152381	0.2614
310.5	171.133	0.022246	0.2631
315.0	171.133	0.0165714	0.2749
319.5	171.133	0.0182757	0.3182
324.0	171.133	0.0184447	0.3238
328.5	171.133	0.0169663	0.2956
333.0	171.133	0.0145386	0.3407
337.5	171.133	0.00786491	0.2842
342.0	171.133	0.0102227	0.2961
346.5	171.133	0.0152499	0.3783
351.0	171.133	0.0132501	0.4054
355.5	171.133	0.00632594	0.3022
360.0	171.133	0.00612836	0.3574
364.5	171.133	0.00487556	0.398
369.0	171.133	0.00564224	0.4329
373.5	171.133	0.00468065	0.3966
378.0	171.133	0.00327088	0.3445
382.5	171.133	0.00916046	0.4173
387.0	171.133	0.00414502	0.4334
391.5	171.133	0.00376435	0.5391
396.0	171.133	0.00409186	0.4484
400.5	171.133	0.00945819	0.6057
405.0	171.133	0.00629182	0.8429
409.5	171.133	0.00958398	0.6435
414.0	171.133	0.0108856	0.5392
418.5	171.133	0.00862171	0.6668
423.0	171.133	0.0109174	0.5382
427.5	171.133	0.00581995	0.5096
432.0	171.133	0.00402398	0.4792
436.5	171.133	0.00298306	0.7197
441.0	171.133	0.00236967	0.7355
445.5	171.133	0.00303998	0.4198
-450.0	173.7	0.00200436	0.7332
-445.5	173.7	0.000573139	0.2461
-441.0	173.7	0.000429726	0.3042
-436.5	173.7	0.000448112	0.3119
-432.0	173.7	0.000388733	0.3125
-427.5	173.7	0.000419644	0.3104
-423.0	173.7	0.00149747	0.7525
-418.5	173.7	0.00297024	0.606
-414.0	173.7	0.0023943	0.8216
-409.5	173.7	0.000395746	0.3146
-405.0	173.7	0.000352361	0.322
-400.5	173.7	0.000532192	0.3293
-396.0	173.7	0.00466134	0.6868
-391.5	173.7	0.000377783	0.2885
-387.0	173.7	0.000386547	0.2876
-382.5	173.7	0.000566919	0.2285
-378.0	173.7	0.000716296	0.4321
-373.5	173.7	0.0014007	0.4444
-369.0	173.7	0.000976456	0.1897
-364.5	173.7	0.00117178	0.1718
-360.0	173.7	0.00116782	0.1952
-355.5	173.7	0.0027005	0.3429
-351.0	173.7	0.00221643	0.343
-346.5	173.7	0.00281202	0.3812
-342.0	173.7	0.0026804	0.2202
-337.5	173.7	0.00224549	0.3718
-333.0	173.7	0.00157204	0.1394
-328.5	173.7	0.00170735	0.1376
-324.0	173.7	0.00206253	0.1324
-319.5	173.7	0.00230165	0.1261
-315.0	173.7	0.00251901	0.1986
-310.5	173.7	0.00205978	0.1248
-306.0	173.7	0.00456205	0.4503
-301.5	173.7	0.00633145	0.3621
-297.0	173.7	0.00301118	0.2052
-292.5	173.7	0.00646106	0.3134
-288.0	173.7	0.00440766	0.3738
-283.5	173.7	0.00295574	0.1339
-279.0	173.7	0.00366673	0.1948
-274.5	173.7	0.00490283	0.3489
-270.0	173.7	0.0058812	0.3208
-265.5	173.7	0.00623991	0.2877
-261.0	173.7	0.0082004	0.2882
-256.5	173.7	0.00508152	0.2694
-252.0	173.7	0.00620316	0.2957
-247.5	173.7	0.0090614	0.3064
-243.0	173.7	0.00716463	0.3311
-238.5	173.7	0.00827564	0.3382
-234.0	173.7	0.00639025	0.3704
-229.5	173.7	0.00861943	0.2734
-225.0	173.7	0.0114387	0.3672
-220.5	173.7	0.0139118	0.3115
-216.0	173.7	0.01162	0.3056
-211.5	173.7	0.0124244	0.2493
-207.0	173.7	0.0122565	0.3445
-202.5	173.7	0.0108149	0.3393
-198.0	173.7	0.0129191	0.2668
-193.5	173.7	0.0208494	0.2504
-189.0	173.7	0.0134663	0.3776
-184.5	173.7	0.0140276	0.2725
-180.0	173.7	0.0133308	0.2157
-175.5	173.7	0.0241315	0.2916
-171.0	173.7	0.0192574	0.2882
-166.5	173.7	0.0201143	0.2548
-162.0	173.7	0.0232758	0.1991
-157.5	173.7	0.0306602	0.2182
-153.0	173.7	0.0260721	0.2318
-148.5	173.7	0.01707	0.2253
-144.0	173.7	0.0224036	0.2225
-139.5	173.7	0.0320993	0.2205
-135.0	173.7	0.0296773	0.2318
-130.5	173.7	0.0330005	0.2099
-126.0	173.7	0.029264	0.1976
-121.5	173.7	0.0254769	0.2333
-117.0	173.7	0.0206545	0.1729
-112.5	173.7	0.0326256	0.1685
-108.0	173.7	0.0309919	0.1914
-103.5	173.7	0.039701	0.1553
-99.0	173.7	0.0450107	0.1601
-94.5	173.7	0.0493968	0.1758
-90.0	173.7	0.0458499	0.1824
-85.5	173.7	0.0473794	0.1685
-81.0	173.7	0.0514772	0.1655
-76.5	173.7	0.0560262	0.1471
-72.0	173.7	0.0579212	0.1615
-67.5	173.7	0.0653638	0.1551
-63.0	173.7	0.0607077	0.144
-58.5	173.7	0.0549726	0.15
-54.0	173.7	0.05499	0.1547
-49.5	173.7	0.0627244	0.16
-45.0	173.7	0.0544692	0.1489
-40.5	173.7	0.0506326	0.1418
-36.0	173.7	0.0661903	0.1439
-31.5	173.7	0.0638994	0.1383
-27.0	173.7	0.0614583	0.1802
-22.5	173.7	0.0568954	0.148
-18.0	173.7	0.0672619	0.1354
-13.5	173.7	0.0981018	0.1845
-9.0	173.7	0.0685693	0.1381
-4.5	173.7	0.069241	0.1452
0.0	173.7	0.0744584	0.1675
4.5	173.7	0.0831847	0.1634
9.0	173.7	0.0786505	0.1719
13.5	173.7	0.0544794	0.1407
18.0	173.7	0.0669893	0.1317
22.5	173.7	0.087729	0.136
27.0	173.7	0.0939095	0.1827
31.5	173.7	0.0728462	0.1446
36.0	173.7	0.0592018	0.1334
40.5	173.7	0.0783298	0.1241
45.0	173.7	0.0650398	0.1406
49.5	173.7	0.0794024	0.1444
54.0	173.7	0.0763118	0.1313
58.5	173.7	0.0786148	0.147
63.0	173.7	0.0769349	0.1336
67.5	173.7	0.0546147	0.1389
72.0	173.7	0.0601067	0.134
76.5	173.7	0.0496219	0.1584
81.0	173.7	0.0669998	0.1404
85.5	173.7	0.0616505	0.152
90.0	173.7	0.0603599	0.1453
94.5	173.7	0.0505523	0.1602
99.0	173.7	0.0525506	0.1513
103.5	173.7	0.0460027	0.1609
108.0	173.7	0.0320263	0.1602
112.5	173.7	0.0589648	0.1503
117.0	173.7	0.0434053	0.1673
121.5	173.7	0.0567878	0.1592
126.0	173.7	0.0355841	0.1669
130.5	173.7	0.0543586	0.1734
135.0	173.7	0.0498985	0.1613
139.5	173.7	0.0391702	0.1808
144.0	173.7	0.0438951	0.1934
148.5	173.7	0.040347	0.2016
153.0	173.7	0.0356898	0.1679
157.5	173.7	0.0429609	0.1808
162.0	173.7	0.0321099	0.1675
166.5	173.7	0.0339092	0.1788
171.0	173.7	0.0342183	0.172
175.5	173.7	0.0496585	0.1976
180.0	173.7	0.032975	0.1942
184.5	173.7	0.0300416	0.2091
189.0	173.7	0.0350756	0.188
193.5	173.7	0.031962	0.194
198.0	173.7	0.0209082	0.2293
202.5	173.7	0.0242969	0.2118
207.0	173.7	0.0324761	0.2025
211.5	173.7	0.0321519	0.1997
216.0	173.7	0.0318315	0.2248
220.5	173.7	0.0213772	0.2034
225.0	173.7	0.0279689	0.2325
229.5	173.7	0.0220068	0.2171
234.0	173.7	0.0217907	0.2581
238.5	173.7	0.0260833	0.2137
243.0	173.7	0.0194637	0.2902
247.5	173.7	0.0172464	0.2581
252.0	173.7	0.0226659	0.251
256.5	173.7	0.0263776	0.2119
261.0	173.7	0.017013	0.2005
265.5	173.7	0.0307758	0.279
270.0	173.7	0.03971	0.2238
274.5	173.7	0.0149113	0.2349
279.0	173.7	0.0292846	0.2227
283.5	173.7	0.0160002	0.2856
288.0	173.7	0.0134474	0.2579
292.5	173.7	0.019962	0.2478
297.0	173.7	0.0113049	0.2751
301.5	173.7	0.0124932	0.2667
306.0	173.7	0.0144603	0.229
310.5	173.7	0.0138334	0.263
315.0	173.7	0.0167346	0.2349
319.5	173.7	0.0187813	0.2882
324.0	173.7	0.0111264	0.2806
328.5	173.7	0.0230533	0.2815
333.0	173.7	0.0129846	0.2715
337.5	173.7	0.00923058	0.3014
342.0	173.7	0.0148661	0.2795
346.5	173.7	0.0119363	0.3418
351.0	173.7	0.0121279	0.2943
355.5	173.7	0.00978697	0.3557
360.0	173.7	0.00758693	0.3675
364.5	173.7	0.00545535	0.4695
369.0	173.7	0.00511583	0.3847
373.5	173.7	0.00359829	0.3714
378.0	173.7	0.00604468	0.3814
382.5	173.7	0.0107482	0.4664
387.0	173.7	0.00267302	0.6711
391.5	173.7	0.00151053	0.41
396.0	173.7	0.00113661	0.3587
400.5	173.7	0.00651212	0.6606
405.0	173.7	0.000869398	0.3571
409.5	173.7	0.00772378	0.5594
414.0	173.7	0.0040718	0.5174
418.5	173.7	0.00507689	0.8822
423.0	173.7	0.0044648	0.808
427.5	173.7	0.00203687	0.544
432.0	173.7	0.00380927	0.6029
436.5	173.7	0.00183123	0.5956
441.0	173.7	0.0010243	0.3307
445.5	173.7	0.00334263	0.4642
-450.0	176.267	0.000650873	0.2386
-445.5	176.267	0.000368422	0.3454
-441.0	176.267	0.00271633	0.7688
-436.5	176.267	0.000475175	0.273
-432.0	176.267	0.0003489	0.318
-427.5	176.267	0.00343347	0.8634
-423.0	176.267	0.000721241	0.5704
-418.5	176.267	0.000432745	0.2683
-414.0	176.267	0.0003437	0.3444
-409.5	176.267	0.0020678	0.5807
-405.0	176.267	0.00116669	0.6006
-400.5	176.267	0.000419595	0.3232
-396.0	176.267	0.000670206	0.4927
-391.5	176.267	0.00118741	0.6158
-387.0	176.267	0.000770124	0.2428
-382.5	176.267	0.00319626	0.6409
-378.0	176.267	0.0006956	0.228
-373.5	176.267	0.00478401	0.5552
-369.0	176.267	0.00114282	0.1845
-364.5	176.267	0.00101041	0.2187
-360.0	176.267	0.00130533	0.1568
-355.5	176.267	0.00130213	0.1636
-351.0	176.267	0.002355	0.3777
-346.5	176.267	0.00124531	0.161
-342.0	176.267	0.00175696	0.1323
-337.5	176.267	0.00144257	0.1421
-333.0	176.267	0.00141674	0.1436
-328.5	176.267	0.001758	0.1352
-324.0	176.267	0.00189652	0.1431
-319.5	176.267	0.00241758	0.3497
-315.0	176.267	0.00341457	0.3293
-310.5	176.267	0.00309419	0.2278
-306.0	176.267	0.00376646	0.2933
-301.5	176.267	0.0026711	0.2568
-297.0	176.267	0.00311654	0.1777
-292.5	176.267	0.0047236	0.2794
-288.0	176.267	0.00340089	0.3214
-283.5	176.267	0.00497102	0.4914
-279.0	176.267	0.00470423	0.4549
-274.5	176.267	0.00699279	0.4386
-270.0	176.267	0.00321615	0.1312
-265.5	176.267	0.00553342	0.377
-261.0	176.267	0.00494262	0.2401
-256.5	176.267	0.0063837	0.348
-252.0	176.267	0.0122041	0.3609
-247.5	176.267	0.00445038	0.1824
-243.0	176.267	0.00356049	0.1205
-238.5	176.267	0.0071427	0.4066
-234.0	176.267	0.00816352	0.3952
-229.5	176.267	0.00547407	0.2231
-225.0	176.267	0.00585071	0.1685
-220.5	176.267	0.00766234	0.2064
-216.0	176.267	0.0110758	0.3777
-211.5	176.267	0.0118062	0.2762
-207.0	176.267	0.0109135	0.2656
-202.5	176.267	0.0118998	0.3767
-198.0	176.267	0.011909	0.2537
-193.5	176.267	0.0100105	0.2211
-189.0	176.267	0.0144561	0.2152
-184.5	176.267	0.0154511	0.2241
-180.0	176.267	0.0133745	0.2303
-175.5	176.267	0.008817	0.2015
-171.0	176.267	0.0111009	0.2369
-166.5	176.267	0.0143697	0.2622
-162.0	176.267	0.0185642	0.2157
-157.5	176.267	0.0263206	0.215
-153.0	176.267	0.0235635	0.2161
-148.5	176.267	0.028439	0.2367
-144.0	176.267	0.0217162	0.1862
-139.5	176.267	0.0262495	0.176
-135.0	176.267	0.0330169	0.2067
-130.5	176.267	0.0311952	0.1959
-126.0	176.267	0.0252848	0.1796
-121.5	176.267	0.0289441	0.219
-117.0	176.267	0.0408345	0.2536
-112.5	176.267	0.0384125	0.1736
-108.0	176.267	0.0416605	0.1777
-103.5	176.267	0.0357785	0.1823
-99.0	176.267	0.0403875	0.1889
-94.5	176.267	0.0411972	0.1737
-90.0	176.267	0.0459885	0.1713
-85.5	176.267	0.0397729	0.1735
-81.0	176.267	0.0534996	0.1513
-76.5	176.267	0.0495107	0.1651
-72.0	176.267	0.0461826	0.1492
-67.5	176.267	0.0625953	0.1797
-63.0	176.267	0.0607756	0.1515
-58.5	176.267	0.0707233	0.1534
-54.0	176.267	0.0438423	0.1584
-49.5	176.267	0.0435408	0.1362
-45.0	176.267	0.0573336	0.2802
-40.5	176.267	0.0400019	0.1542
-36.0	176.267	0.0560306	0.155
-31.5	176.267	0.0791474	0.1525
-27.0	176.267	0.0841852	0.1392
-22.5	176.267	0.068417	0.1479
-18.0	176.267	0.0779249	0.1402
-13.5	176.267	0.0813604	0.1791
-9.0	176.267	0.0633012	0.1592
-4.5	176.267	0.0588757	0.1412
0.0	176.267	0.0937165	0.1448
4.5	176.267	0.104424	0.1358
9.0	176.267	0.0704697	0.1422
13.5	176.267	0.0588452	0.1671
18.0	176.267	0.0945442	0.1911
22.5	176.267	0.0773207	0.1544
27.0	176.267	0.0512693	0.1419
31.5	176.267	0.0862282	0.1445
36.0	176.267	0.067725	0.1423
40.5	176.267	0.0581505	0.1513
45.0	176.267	0.0683961	0.142
49.5	176.267	0.0611272	0.1423
54.0	176.267	0.0718915	0.2068
58.5	176.267	0.0620398	0.1494
63.0	176.267	0.0594789	0.1313
67.5	176.267	0.0641405	0.1617
72.0	176.267	0.0523001	0.1463
76.5	176.267	0.0589716	0.148
81.0	176.267	0.0616248	0.1398
85.5	176.267	0.05253	0.1448
90.0	176.267	0.0568955	0.1469
94.5	176.267	0.0448302	0.1662
99.0	176.267	0.0398118	0.1402
103.5	176.267	0.0455725	0.1646
108.0	176.267	0.0457617	0.1604
112.5	176.267	0.0658052	0.1458
117.0	176.267	0.0521703	0.1632
121.5	176.267	0.0321749	0.1883
126.0	176.267	0.0493379	0.1772
130.5	176.267	0.0372549	0.1753
135.0	176.267	0.0410983	0.1692
139.5	176.267	0.0363285	0.168
144.0	176.267	0.0348914	0.1749
148.5	176.267	0.0437326	0.1801
153.0	176.267	0.0302386	0.2018
157.5	176.267	0.0304755	0.1918
162.0	176.267	0.0432666	0.1815
166.5	176.267	0.039927	0.2004
171.0	176.267	0.0382516	0.1813
175.5	176.267	0.0218833	0.1909
180.0	176.267	0.0348733	0.1885
184.5	176.267	0.035862	0.1794
189.0	176.267	0.0405888	0.2193
193.5	176.267	0.0316473	0.1894
198.0	176.267	0.0312935	0.2495
202.5	176.267	0.016745	0.1869
207.0	176.267	0.0246516	0.2052
211.5	176.267	0.0283747	0.2246
216.0	176.267	0.0270074	0.235
220.5	176.267	0.0210534	0.2023
225.0	176.267	0.0246041	0.2584
229.5	176.267	0.0264682	0.2087
234.0	176.267	0.0308257	0.1872
238.5	176.267	0.0224862	0.1862
243.0	176.267	0.0159624	0.2694
247.5	176.267	0.0263117	0.1974
252.0	176.267	0.0321111	0.2196
256.5	176.267	0.0208059	0.2328
261.0	176.267	0.0117662	0.2471
265.5	176.267	0.0198763	0.212
270.0	176.267	0.0243468	0.2243
274.5	176.267	0.020975	0.2342
279.0	176.267	0.0153561	0.2475
283.5	176.267	0.018671	0.284
288.0	176.267	0.0207335	0.2988
292.5	176.267	0.0165486	0.2353
297.0	176.267	0.0202289	0.2182
301.5	176.267	0.0223409	0.2724
306.0	176.267	0.0176091	0.2972
310.5	176.267	0.0182693	0.2494
315.0	176.267	0.0192054	0.2321
319.5	176.267	0.0095226	0.2818
324.0	176.267	0.0199183	0.2996
328.5	176.267	0.0164762	0.3582
333.0	176.267	0.0170126	0.2543
337.5	176.267	0.0135504	0.262
342.0	176.267	0.0100853	0.2954
346.5	176.267	0.00917055	0.3469
351.0	176.267	0.0136381	0.351
355.5	176.267	0.0125124	0.2798
360.0	176.267	0.00756718	0.322
364.5	176.267	0.0152726	0.3412
369.0	176.267	0.00479652	0.3644
373.5	176.267	0.00577294	0.4156
378.0	176.267	0.00671812	0.5955
382.5	176.267	0.00729976	0.459
387.0	176.267	0.00108969	0.1976
391.5	176.267	0.00317153	0.5421
396.0	176.267	0.000703159	0.3651
400.5	176.267	0.00173055	0.6185
405.0	176.267	0.0021974	0.5475
409.5	176.267	0.00572526	0.4977
414.0	176.267	0.0040743	0.7043
418.5	176.267	0.00285285	0.6917
423.0	176.267	0.00634058	0.7514
427.5	176.267	0.00286514	0.5472
432.0	176.267	0.00197991	0.7033
436.5	176.267	0.00431494	0.736
441.0	176.267	0.000553825	0.3203
445.5	176.267	0.00164679	0.3872
-450.0	178.833	0.00062214	0.3293
-445.5	178.833	0.000773614	0.2605
-441.0	178.833	0.000425395	0.2686
-436.5	178.833	0.000521563	0.4686
-432.0	178.833	0.00559481	0.9154
-427.5	178.833	0.00158324	0.64
-423.0	178.833	0.000424495	0.3124
-418.5	178.833	0.000387354	0.319
-414.0	178.833	0.00158457	0.7391
-409.5	178.833	0.00310798	0.7527
-405.0	178.833	0.000224832	0.426
-400.5	178.833	0.000161603	0.4073
-396.0	178.833	0.000316337	0.2812
-391.5	178.833	0.000635829	0.2361
-387.0	178.833	0.000492874	0.2409
-382.5	178.833	0.000477202	0.28
-378.0	178.833	0.000763948	0.1997
-373.5	178.833	0.00125792	0.2212
-369.0	178.833	0.00276055	0.4234
-364.5	178.833	0.00155484	0.3306
-360.0	178.833	0.00112038	0.1684
-355.5	178.833	0.00166684	0.1701
-351.0	178.833	0.00206726	0.1667
-346.5	178.833	0.00341857	0.5975
-342.0	178.833	0.00232664	0.2075
-337.5	178.833	0.00166853	0.1382
-333.0	178.833	0.00181194	0.1513
-328.5	178.833	0.0029795	0.2895
-324.0	178.833	0.0022202	0.14
-319.5	178.833	0.00618219	0.428
-315.0	178.833	0.00386477	0.3466
-310.5	178.833	0.0062567	0.3657
-306.0	178.833	0.00522845	0.5004
-301.5	178.833	0.00226405	0.1313
-297.0	178.833	0.0038614	0.3976
-292.5	178.833	0.00431693	0.3162
-288.0	178.833	0.00227585	0.1151
-283.5	178.833	0.00490961	0.2043
-279.0	178.833	0.00351339	0.2028
-274.5	178.833	0.00293261	0.1577
-270.0	178.833	0.00601706	0.3276
-265.5	178.833	0.00359643	0.1318
-261.0	178.833	0.00342936	0.1337
-256.5	178.833	0.00433784	0.2732
-252.0	178.833	0.00368968	0.1177
-247.5	178.833	0.00647694	0.3148
-243.0	178.833	0.00909922	0.3133
-238.5	178.833	0.00661635	0.3615
-234.0	178.833	0.0093262	0.4192
-229.5	178.833	0.0043094	0.1304
-225.0	178.833	0.0093771	0.236
-220.5	178.833	0.0133315	0.2987
-216.0	178.833	0.0115326	0.3799
-211.5	178.833	0.00784728	0.2491
-207.0	178.833	0.00883536	0.3622
-202.5	178.833	0.00852291	0.2442
-198.0	178.833	0.00952333	0.2821
-193.5	178.833	0.0111177	0.2208
-189.0	178.833	0.0104016	0.2752
-184.5	178.833	0.0162936	0.2771
-180.0	178.833	0.0112048	0.2406
-175.5	178.833	0.0120547	0.2528
-171.0	178.833	0.0148805	0.261
-166.5	178.833	0.0176303	0.2521
-162.0	178.833	0.0126959	0.2279
-157.5	178.833	0.0187718	0.3786
-153.0	178.833	0.0234883	0.2875
-148.5	178.833	0.0159833	0.2795
-144.0	178.833	0.0197561	0.2288
-139.5	178.833	0.029766	0.1967
-135.0	178.833	0.0249023	0.2017
-130.5	178.833	0.0218845	0.1965
-126.0	178.833	0.0265343	0.1923
-121.5	178.833	0.0260508	0.214
-117.0	178.833	0.0360352	0.1874
-112.5	178.833	0.0424748	0.2068
-108.0	178.833	0.0369905	0.1928
-103.5	178.833	0.0339712	0.2003
-99.0	178.833	0.0414021	0.2072
-94.5	178.833	0.042465	0.2145
-90.0	178.833	0.0315745	0.1862
-85.5	178.833	0.0420471	0.1624
-81.0	178.833	0.0565044	0.1643
-76.5	178.833	0.0659318	0.1911
-72.0	178.833	0.0336753	0.1673
-67.5	178.833	0.0393583	0.1814
-63.0	178.833	0.0400756	0.1596
-58.5	178.833	0.0470409	0.1693
-54.0	178.833	0.0504332	0.1888
-49.5	178.833	0.0402692	0.1443
-45.0	178.833	0.0510568	0.1675
-40.5	178.833	0.0580911	0.1514
-36.0	178.833	0.0662753	0.1421
-31.5	178.833	0.0564418	0.1595
-27.0	178.833	0.0591158	0.1318
-22.5	178.833	0.0569983	0.1417
-18.0	178.833	0.056635	0.1603
-13.5	178.833	0.0706052	0.1429
-9.0	178.833	0.076048	0.1712
-4.5	178.833	0.0552049	0.1479
0.0	178.833	0.0595724	0.1435
4.5	178.833	0.0752744	0.1365
9.0	178.833	0.0572464	0.1573
13.5	178.833	0.0572126	0.1409
18.0	178.833	0.069137	0.14
22.5	178.833	0.0717194	0.1413
27.0	178.833	0.0562285	0.159
31.5	178.833	0.056001	0.1492
36.0	178.833	0.0573353	0.1335
40.5	178.833	0.0758036	0.148
45.0	178.833	0.0556672	0.1488
49.5	178.833	0.0654048	0.1471
54.0	178.833	0.052743	0.1577
58.5	178.833	0.0707463	0.1521
63.0	178.833	0.0554206	0.1408
67.5	178.833	0.0620698	0.1453
72.0	178.833	0.0538607	0.1508
76.5	178.833	0.0746009	0.1335
81.0	178.833	0.0716844	0.1389
85.5	178.833	0.0555104	0.1635
90.0	178.833	0.0407663	0.1391
94.5	178.833	0.0588588	0.151
99.0	178.833	0.0412562	0.1459
103.5	178.833	0.0461148	0.1621
108.0	178.833	0.0406309	0.1836
112.5	178.833	0.0491554	0.1659
117.0	178.833	0.0538548	0.1785
121.5	178.833	0.0264565	0.1751
126.0	178.833	0.0467193	0.1771
130.5	178.833	0.0379098	0.2343
135.0	178.833	0.0386907	0.1888
139.5	178.833	0.0338412	0.1732
144.0	178.833	0.0239132	0.2066
148.5	178.833	0.0397808	0.1861
153.0	178.833	0.0334003	0.1967
157.5	178.833	0.024227	0.2261
162.0	178.833	0.0434824	0.1858
166.5	178.833	0.0303292	0.1834
171.0	178.833	0.0409127	0.1639
175.5	178.833	0.0399875	0.1858
180.0	178.833	0.0344363	0.1513
184.5	178.833	0.0223134	0.1898
189.0	178.833	0.0174395	0.2028
193.5	178.833	0.0228958	0.1991
198.0	178.833	0.0227925	0.1733
202.5	178.833	0.0275951	0.2057
207.0	178.833	0.0187088	0.2223
211.5	178.833	0.023382	0.1969
216.0	178.833	0.017883	0.2465
220.5	178.833	0.0197855	0.2414
225.0	178.833	0.0152871	0.2391
229.5	178.833	0.0290726	0.2147
234.0	178.833	0.024399	0.2271
238.5	178.833	0.0148474	0.1965
243.0	178.833	0.022038	0.2248
247.5	178.833	0.0168083	0.2095
252.0	178.833	0.0229492	0.2357
256.5	178.833	0.0230792	0.3187
261.0	178.833	0.0182692	0.2533
265.5	178.833	0.0144923	0.2494
270.0	178.833	0.0162929	0.3158
274.5	178.833	0.0180336	0.2761
279.0	178.833	0.0171252	0.3068
283.5	178.833	0.0111375	0.2293
288.0	178.833	0.0153893	0.26
292.5	178.833	0.0166574	0.2239
297.0	178.833	0.0158023	0.2318
301.5	178.833	0.027498	0.2638
306.0	178.833	0.0177771	0.3365
310.5	178.833	0.0287952	0.2444
315.0	178.833	0.0175487	0.3185
319.5	178.833	0.0119922	0.3112
324.0	178.833	0.00615704	0.2682
328.5	178.833	0.0119024	0.28
333.0	178.833	0.0129316	0.2982
337.5	178.833	0.014168	0.3185
342.0	178.833	0.0101396	0.2929
346.5	178.833	0.00718191	0.4094
351.0	178.833	0.0074786	0.3833
355.5	178.833	0.00374509	0.2538
360.0	178.833	0.00916138	0.3899
364.5	178.833	0.00847333	0.3544
369.0	178.833	0.00498293	0.4176
373.5	178.833	0.00588365	0.4321
378.0	178.833	0.0114547	0.4114
382.5	178.833	0.00908794	0.4475
387.0	178.833	0.00270989	0.6461
391.5	178.833	0.0023223	0.3989
396.0	178.833	0.00459515	0.421
400.5	178.833	0.0016979	0.4939
405.0	178.833	0.000613039	0.249
409.5	178.833	0.00139034	0.4768
414.0	178.833	0.00405112	0.5132
418.5	178.833	0.00490846	0.4836
423.0	178.833	0.00462934	0.4947
427.5	178.833	0.00853356	0.5177
432.0	178.833	0.0051592	0.5519
436.5	178.833	0.00106475	0.3132
441.0	178.833	0.000984729	0.2739
445.5	178.833	0.00160431	0.4281
-450.0	181.4	0.00214068	0.7165
-445.5	181.4	0.00062364	0.2464
-441.0	181.4	0.00194758	0.7523
-436.5	181.4	0.00529243	0.9243
-432.0	181.4	0.000461641	0.2804
-427.5	181.4	0.000280538	0.3209
-423.0	181.4	0.000638166	0.5685
-418.5	181.4	0.00302799	0.6301
-414.0	181.4	0.000524615	0.563
-409.5	181.4	0.000319917	0.3186
-405.0	181.4	0.000353627	0.3592
-400.5	181.4	0.00100461	0.6004
-396.0	181.4	0.00223431	0.7256
-391.5	181.4	0.00075295	0.2364
-387.0	181.4	0.000488473	0.2568
-382.5	181.4	0.000690388	0.239
-378.0	181.4	0.000712385	0.2268
-373.5	181.4	0.000975518	0.2261
-369.0	181.4	0.00122484	0.1778
-364.5	181.4	0.0037849	0.7138
-360.0	181.4	0.00163958	0.2499
-355.5	181.4	0.00547845	0.4955
-351.0	181.4	0.00458733	0.4239
-346.5	181.4	0.00288813	0.5875
-342.0	181.4	0.00187102	0.1794
-337.5	181.4	0.00142763	0.1754
-333.0	181.4	0.00631678	0.4939
-328.5	181.4	0.00300486	0.5086
-324.0	181.4	0.0023766	0.1299
-319.5	181.4	0.00528652	0.5776
-315.0	181.4	0.0029253	0.3844
-310.5	181.4	0.00245457	0.1267
-306.0	181.4	0.00254727	0.123
-301.5	181.4	0.00510479	0.354
-297.0	181.4	0.00592254	0.3795
-292.5	181.4	0.00342744	0.2249
-288.0	181.4	0.00337586	0.2554
-283.5	181.4	0.00800417	0.365
-279.0	181.4	0.00478994	0.2949
-274.5	181.4	0.00409315	0.3029
-270.0	181.4	0.00347085	0.1409
-265.5	181.4	0.00239785	0.1384
-261.0	181.4	0.00334732	0.1819
-256.5	181.4	0.00491962	0.2515
-252.0	181.4	0.0038573	0.3272
-247.5	181.4	0.00441587	0.3435
-243.0	181.4	0.00887792	0.339
-238.5	181.4	0.00949014	0.4467
-234.0	181.4	0.00373584	0.1755
-229.5	181.4	0.00388057	0.1439
-225.0	181.4	0.010387	0.2585
-220.5	181.4	0.0116712	0.2731
-216.0	181.4	0.00756413	0.2637
-211.5	181.4	0.00636516	0.1738
-207.0	181.4	0.00445587	0.152
-202.5	181.4	0.00953248	0.3388
-198.0	181.4	0.0079968	0.1751
-193.5	181.4	0.0176056	0.2695
-189.0	181.4	0.00869817	0.211
-184.5	181.4	0.0131797	0.3018
-180.0	181.4	0.0140123	0.23
-175.5	181.4	0.0176485	0.2506
-171.0	181.4	0.0164739	0.2438
-166.5	181.4	0.0186499	0.2477
-162.0	181.4	0.0185585	0.253
-157.5	181.4	0.0178887	0.216
-153.0	181.4	0.0175437	0.2377
-148.5	181.4	0.023613	0.2361
-144.0	181.4	0.0278311	0.2213
-139.5	181.4	0.0219341	0.2127
-135.0	181.4	0.0260135	0.1777
-130.5	181.4	0.0221751	0.1962
-126.0	181.4	0.034594	0.2001
-121.5	181.4	0.0430734	0.1955
-117.0	181.4	0.0313305	0.203
-112.5	181.4	0.0345903	0.207
-108.0	181.4	0.0358233	0.1833
-103.5	181.4	0.0424	0.2136
-99.0	181.4	0.033702	0.1843
-94.5	181.4	0.0483313	0.194
-90.0	181.4	0.0443926	0.1621
-85.5	181.4	0.0439344	0.179
-81.0	181.4	0.0477252	0.1697
-76.5	181.4	0.049242	0.1534
-72.0	181.4	0.0553751	0.1844
-67.5	181.4	0.0473815	0.2099
-63.0	181.4	0.0436733	0.1941
-58.5	181.4	0.0358724	0.1854
-54.0	181.4	0.0517664	0.1494
-49.5	181.4	0.0403962	0.1996
-45.0	181.4	0.0480254	0.1582
-40.5	181.4	0.0641515	0.1712
-36.0	181.4	0.0595082	0.1727
-31.5	181.4	0.065172	0.1502
-27.0	181.4	0.0675315	0.2007
-22.5	181.4	0.0522029	0.1867
-18.0	181.4	0.0724204	0.1738
-13.5	181.4	0.0627976	0.1621
-9.0	181.4	0.0568054	0.1705
-4.5	181.4	0.0496215	0.1327
0.0	181.4	0.0663229	0.1593
4.5	181.4	0.0803695	0.141
9.0	181.4	0.0786105	0.1294
13.5	181.4	0.0774623	0.1658
18.0	181.4	0.0579727	0.1459
22.5	181.4	0.0524542	0.1358
27.0	181.4	0.0584701	0.149
31.5	181.4	0.0679919	0.1659
36.0	181.4	0.0701343	0.1568
40.5	181.4	0.0674665	0.1754
45.0	181.4	0.0664933	0.1409
49.5	181.4	0.0635636	0.1555
54.0	181.4	0.0550037	0.1657
58.5	181.4	0.050596	0.1656
63.0	181.4	0.0447987	0.1575
67.5	181.4	0.047704	0.1786
72.0	181.4	0.0543045	0.1452
76.5	181.4	0.0477742	0.1456
81.0	181.4	0.0537145	0.133
85.5	181.4	0.0561556	0.1525
90.0	181.4	0.0510045	0.1539
94.5	181.4	0.0524155	0.1655
99.0	181.4	0.049147	0.1466
103.5	181.4	0.0416376	0.1549
108.0	181.4	0.0261156	0.1945
112.5	181.4	0.0293366	0.1571
117.0	181.4	0.0584243	0.1768
121.5	181.4	0.0263688	0.1858
126.0	181.4	0.0320365	0.1958
130.5	181.4	0.0295702	0.1972
135.0	181.4	0.0322987	0.187
139.5	181.4	0.0305265	0.1775
144.0	181.4	0.0370922	0.1848
148.5	181.4	0.0323436	0.1611
153.0	181.4	0.0279783	0.1973
157.5	181.4	0.0313001	0.1953
162.0	181.4	0.0336694	0.2072
166.5	181.4	0.0255454	0.1974
171.0	181.4	0.026804	0.2114
175.5	181.4	0.0369415	0.1858
180.0	181.4	0.0318219	0.193
184.5	181.4	0.0246798	0.2009
189.0	181.4	0.0143174	0.1675
193.5	181.4	0.0201499	0.2174
198.0	181.4	0.0342881	0.1817
202.5	181.4	0.0270325	0.2112
207.0	181.4	0.0223575	0.2243
211.5	181.4	0.0224184	0.2004
216.0	181.4	0.0154397	0.217
220.5	181.4	0.0176124	0.2232
225.0	181.4	0.011228	0.2559
229.5	181.4	0.0150458	0.2482
234.0	181.4	0.0253536	0.2261
238.5	181.4	0.0150674	0.2478
243.0	181.4	0.0176636	0.2658
247.5	181.4	0.0174864	0.2493
252.0	181.4	0.0182703	0.2603
256.5	181.4	0.0250592	0.2481
261.0	181.4	0.0215465	0.2859
265.5	181.4	0.0191107	0.3218
270.0	181.4	0.0204022	0.2533
274.5	181.4	0.0183894	0.2456
279.0	181.4	0.00974933	0.2879
283.5	181.4	0.0249283	0.3593
288.0	181.4	0.0222372	0.2421
292.5	181.4	0.0157738	0.2805
297.0	181.4	0.0167899	0.2406
301.5	181.4	0.0186477	0.2503
306.0	181.4	0.0297865	0.2743
310.5	181.4	0.0153093	0.2708
315.0	181.4	0.0333766	0.2856
319.5	181.4	0.0201872	0.328
324.0	181.4	0.00500168	0.1974
328.5	181.4	0.00872145	0.3028
333.0	181.4	0.00911194	0.3073
337.5	181.4	0.0130585	0.2879
342.0	181.4	0.0105884	0.2962
346.5	181.4	0.0100927	0.3049
351.0	181.4	0.0058207	0.2724
355.5	181.4	0.00269634	0.1167
360.0	181.4	0.00515236	0.3892
364.5	181.4	0.0096139	0.4323
369.0	181.4	0.00197872	0.3238
373.5	181.4	0.00145644	0.1823
378.0	181.4	0.00411354	0.3897
382.5	181.4	0.00859256	0.4328
387.0	181.4	0.0042978	0.5661
391.5	181.4	0.00188985	0.5534
396.0	181.4	0.00456131	0.4313
400.5	181.4	0.00368901	0.5252
405.0	181.4	0.00127784	0.3949
409.5	181.4	0.00304467	0.7423
414.0	181.4	0.000696177	0.217
418.5	181.4	0.00184072	0.4764
423.0	181.4	0.00084688	0.4331
427.5	181.4	0.0028464	0.6922
432.0	181.4	0.00495927	0.5369
436.5	181.4	0.00600224	0.6626
441.0	181.4	0.0059692	0.46
445.5	181.4	0.00210939	0.6349
-450.0	183.967	0.000866093	0.6834
-445.5	183.967	0.00316806	0.85
-441.0	183.967	0.00407582	0.8984
-436.5	183.967	0.00044322	0.2957
-432.0	183.967	0.000310319	0.3116
-427.5	183.967	0.000455882	0.3647
-423.0	183.967	0.00190612	0.7564
-418.5	183.967	0.000274433	0.4055
-414.0	183.967	0.00033045	0.3152
-409.5	183.967	0.000219757	0.3684
-405.0	183.967	0.000253222	0.4744
-400.5	183.967	0.00159756	0.5743
-396.0	183.967	0.00202671	0.6945
-391.5	183.967	0.000334086	0.3306
-387.0	183.967	0.000523889	0.3007
-382.5	183.967	0.00215913	0.6646
-378.0	183.967	0.000681614	0.226
-373.5	183.967	0.000898276	0.2164
-369.0	183.967	0.000993291	0.2066
-364.5	183.967	0.0013753	0.1706
-360.0	183.967	0.00124194	0.1772
-355.5	183.967	0.00344518	0.5494
-351.0	183.967	0.00314991	0.5251
-346.5	183.967	0.00603788	0.5692
-342.0	183.967	0.00262794	0.3876
-337.5	183.967	0.00492413	0.5999
-333.0	183.967	0.00485155	0.39
-328.5	183.967	0.00179558	0.1413
-324.0	183.967	0.00179836	0.1372
-319.5	183.967	0.00309246	0.3443
-315.0	183.967	0.00346751	0.4255
-310.5	183.967	0.00265705	0.3522
-306.0	183.967	0.00745298	0.4152
-301.5	183.967	0.00551588	0.3556
-297.0	183.967	0.00419967	0.3054
-292.5	183.967	0.00475927	0.3408
-288.0	183.967	0.00415609	0.4523
-283.5	183.967	0.00460256	0.2811
-279.0	183.967	0.00297053	0.1024
-274.5	183.967	0.00391428	0.2698
-270.0	183.967	0.00369136	0.2453
-265.5	183.967	0.00368481	0.239
-261.0	183.967	0.00510277	0.2589
-256.5	183.967	0.00742423	0.5177
-252.0	183.967	0.00554771	0.4105
-247.5	183.967	0.00877096	0.2966
-243.0	183.967	0.00789228	0.3165
-238.5	183.967	0.0104366	0.3457
-234.0	183.967	0.0052986	0.4383
-229.5	183.967	0.00742387	0.4253
-225.0	183.967	0.00745232	0.3474
-220.5	183.967	0.0118768	0.312
-216.0	183.967	0.00725722	0.2988
-211.5	183.967	0.00537531	0.1881
-207.0	183.967	0.00951453	0.2753
-202.5	183.967	0.00857426	0.2465
-198.0	183.967	0.0090531	0.2852
-193.5	183.967	0.0186262	0.2808
-189.0	183.967	0.0108797	0.2761
-184.5	183.967	0.0181103	0.3116
-180.0	183.967	0.0214805	0.3351
-175.5	183.967	0.0109593	0.2617
-171.0	183.967	0.0149975	0.2735
-166.5	183.967	0.0096413	0.2221
-162.0	183.967	0.0146844	0.3365
-157.5	183.967	0.018522	0.2483
-153.0	183.967	0.0202725	0.2231
-148.5	183.967	0.0291597	0.1992
-144.0	183.967	0.0296644	0.1993
-139.5	183.967	0.0212155	0.2119
-135.0	183.967	0.0308056	0.1983
-130.5	183.967	0.0270188	0.2019
-126.0	183.967	0.0276024	0.2358
-121.5	183.967	0.0184006	0.1909
-117.0	183.967	0.0235072	0.1996
-112.5	183.967	0.017533	0.24
-108.0	183.967	0.0316015	0.193
-103.5	183.967	0.0275191	0.206
-99.0	183.967	0.0337915	0.1785
-94.5	183.967	0.0350281	0.1693
-90.0	183.967	0.0602877	0.1611
-85.5	183.967	0.04292	0.1817
-81.0	183.967	0.0281263	0.1653
-76.5	183.967	0.0454616	0.1709
-72.0	183.967	0.0396425	0.1917
-67.5	183.967	0.0511552	0.2222
-63.0	183.967	0.035949	0.1737
-58.5	183.967	0.047743	0.1704
-54.0	183.967	0.0535893	0.1535
-49.5	183.967	0.0471885	0.1758
-45.0	183.967	0.0584733	0.229
-40.5	183.967	0.048756	0.154
-36.0	183.967	0.0537949	0.1556
-31.5	183.967	0.052052	0.175
-27.0	183.967	0.0513049	0.1615
-22.5	183.967	0.0505139	0.137
-18.0	183.967	0.0770961	0.1424
-13.5	183.967	0.077094	0.137
-9.0	183.967	0.0720096	0.1601
-4.5	183.967	0.0628739	0.1426
0.0	183.967	0.0824841	0.1688
4.5	183.967	0.0707918	0.1413
9.0	183.967	0.063893	0.1388
13.5	183.967	0.0482022	0.1417
18.0	183.967	0.0524431	0.1519
22.5	183.967	0.0551011	0.147
27.0	183.967	0.0629233	0.1454
31.5	183.967	0.0585804	0.1561
36.0	183.967	0.06275	0.1371
40.5	183.967	0.0495021	0.1439
45.0	183.967	0.0454419	0.1501
49.5	183.967	0.0529513	0.1562
54.0	183.967	0.0544048	0.15
58.5	183.967	0.0572285	0.1631
63.0	183.967	0.053	0.1582
67.5	183.967	0.0485646	0.1508
72.0	183.967	0.0626968	0.1552
76.5	183.967	0.0458562	0.1496
81.0	183.967	0.0527099	0.1572
85.5	183.967	0.0462005	0.1549
90.0	183.967	0.0315143	0.158
94.5	183.967	0.0386617	0.1632
99.0	183.967	0.0346043	0.1657
103.5	183.967	0.0335819	0.1534
108.0	183.967	0.037468	0.2031
112.5	183.967	0.030705	0.1829
117.0	183.967	0.0379513	0.1861
121.5	183.967	0.0324104	0.1724
126.0	183.967	0.0356832	0.1828
130.5	183.967	0.0449334	0.1827
135.0	183.967	0.0241207	0.1718
139.5	183.967	0.0438831	0.182
144.0	183.967	0.0314306	0.1767
148.5	183.967	0.0349882	0.1683
153.0	183.967	0.026345	0.2257
157.5	183.967	0.0423976	0.1905
162.0	183.967	0.031265	0.1881
166.5	183.967	0.0337566	0.223
171.0	183.967	0.0371026	0.2081
175.5	183.967	0.0259805	0.1763
180.0	183.967	0.0298869	0.2306
184.5	183.967	0.0240012	0.1972
189.0	183.967	0.0283775	0.2242
193.5	183.967	0.019776	0.2208
198.0	183.967	0.0219215	0.2204
202.5	183.967	0.0263515	0.2198
207.0	183.967	0.0124558	0.1626
211.5	183.967	0.0222247	0.225
216.0	183.967	0.0268625	0.2104
220.5	183.967	0.0143752	0.2278
225.0	183.967	0.0165115	0.23
229.5	183.967	0.0165802	0.2142
234.0	183.967	0.021298	0.2474
238.5	183.967	0.0172778	0.2724
243.0	183.967	0.0136966	0.2522
247.5	183.967	0.0133272	0.2041
252.0	183.967	0.0166595	0.2472
256.5	183.967	0.0182302	0.2231
261.0	183.967	0.0204464	0.2057
265.5	183.967	0.0238422	0.2644
270.0	183.967	0.020408	0.2912
274.5	183.967	0.0209227	0.3208
279.0	183.967	0.0217052	0.2729
283.5	183.967	0.0175024	0.2617
288.0	183.967	0.0106402	0.2631
292.5	183.967	0.0141627	0.2341
297.0	183.967	0.0205858	0.2778
301.5	183.967	0.0135588	0.3267
306.0	183.967	0.0254116	0.2342
310.5	183.967	0.0219553	0.3633
315.0	183.967	0.0200677	0.2848
319.5	183.967	0.01189	0.3201
324.0	183.967	0.00969721	0.3263
328.5	183.967	0.00591238	0.2251
333.0	183.967	0.00890763	0.3309
337.5	183.967	0.00848553	0.4348
342.0	183.967	0.0076194	0.4668
346.5	183.967	0.00823939	0.2824
351.0	183.967	0.00992516	0.3185
355.5	183.967	0.010042	0.3588
360.0	183.967	0.00581368	0.3944
364.5	183.967	0.00831259	0.3941
369.0	183.967	0.00154313	0.1682
373.5	183.967	0.00629767	0.5149
378.0	183.967	0.00272309	0.4203
382.5	183.967	0.00978521	0.3911
387.0	183.967	0.0045902	0.5515
391.5	183.967	0.00447495	0.5788
396.0	183.967	0.00367644	0.4767
400.5	183.967	0.0012113	0.4506
405.0	183.967	0.00270056	0.7836
409.5	183.967	0.00520712	0.4772
414.0	183.967	0.002268	0.665
418.5	183.967	0.00123294	0.3083
423.0	183.967	0.0018939	0.3991
427.5	183.967	0.00314243	0.5491
432.0	183.967	0.0017524	0.544
436.5	183.967	0.00248138	0.563
441.0	183.967	0.0063438	0.7543
445.5	183.967	0.00646811	0.5228
-450.0	186.533	0.00656448	0.678
-445.5	186.533	0.00275094	0.8838
-441.0	186.533	0.000374896	0.3191
-436.5	186.533	0.000366402	0.35
-432.0	186.533	0.000758298	0.4243
-427.5	186.533	0.00359328	0.6039
-423.0	186.533	0.000464867	0.2686
-418.5	186.533	0.00032716	0.2952
-414.0	186.533	0.000366017	0.2996
-409.5	186.533	0.000231785	0.3349
-405.0	186.533	0.000317241	0.4145
-400.5	186.533	0.00261373	0.8768
-396.0	186.533	0.000463361	0.2562
-391.5	186.533	0.000612694	0.2895
-387.0	186.533	0.00064883	0.3192
-382.5	186.533	0.00108983	0.4257
-378.0	186.533	0.00118522	0.2151
-373.5	186.533	0.00105608	0.2253
-369.0	186.533	0.001145	0.2572
-364.5	186.533	0.00327673	0.6238
-360.0	186.533	0.00147385	0.2294
-355.5	186.533	0.000856231	0.1831
-351.0	186.533	0.00451028	0.7383
-346.5	186.533	0.00151084	0.1765
-342.0	186.533	0.00552787	0.6217
-337.5	186.533	0.00437974	0.4944
-333.0	186.533	0.00233158	0.2447
-328.5	186.533	0.00185514	0.1825
-324.0	186.533	0.00211047	0.1222
-319.5	186.533	0.00517527	0.4869
-315.0	186.533	0.00255215	0.2655
-310.5	186.533	0.00501665	0.4985
-306.0	186.533	0.00261985	0.127
-301.5	186.533	0.00388329	0.3522
-297.0	186.533	0.00308747	0.1704
-292.5	186.533	0.00600454	0.4256
-288.0	186.533	0.0091506	0.4066
-283.5	186.533	0.00266733	0.1176
-279.0	186.533	0.00506092	0.4823
-274.5	186.533	0.00673312	0.4309
-270.0	186.533	0.00836439	0.3145
-265.5	186.533	0.00466684	0.2902
-261.0	186.533	0.00867646	0.4872
-256.5	186.533	0.00526623	0.3513
-252.0	186.533	0.00976651	0.31
-247.5	186.533	0.00676789	0.2899
-243.0	186.533	0.0163328	0.3354
-238.5	186.533	0.00795159	0.4228
-234.0	186.533	0.00493919	0.3595
-229.5	186.533	0.00736134	0.2706
-225.0	186.533	0.00947271	0.3303
-220.5	186.533	0.00812334	0.2641
-216.0	186.533	0.00692667	0.2593
-211.5	186.533	0.00549711	0.1596
-207.0	186.533	0.00690031	0.2169
-202.5	186.533	0.0127528	0.2784
-198.0	186.533	0.0153185	0.2995
-193.5	186.533	0.0101006	0.2487
-189.0	186.533	0.0125082	0.2997
-184.5	186.533	0.00819157	0.2488
-180.0	186.533	0.0121728	0.3616
-175.5	186.533	0.0116014	0.2609
-171.0	186.533	0.0158122	0.234
-166.5	186.533	0.010252	0.2552
-162.0	186.533	0.0105085	0.2917
-157.5	186.533	0.022235	0.2704
-153.0	186.533	0.0220377	0.2149
-148.5	186.533	0.0202412	0.228
-144.0	186.533	0.0312766	0.2241
-139.5	186.533	0.020569	0.2205
-135.0	186.533	0.0235459	0.2395
-130.5	186.533	0.0203994	0.2126
-126.0	186.533	0.0336055	0.2177
-121.5	186.533	0.0344441	0.2027
-117.0	186.533	0.0192056	0.2018
-112.5	186.533	0.0231938	0.2039
-108.0	186.533	0.0445288	0.1846
-103.5	186.533	0.0242988	0.2209
-99.0	186.533	0.0276104	0.1928
-94.5	186.533	0.0410907	0.1804
-90.0	186.533	0.0367362	0.1641
-85.5	186.533	0.037641	0.3101
-81.0	186.533	0.0422189	0.1678
-76.5	186.533	0.0314391	0.2016
-72.0	186.533	0.0408094	0.2191
-67.5	186.533	0.0452296	0.1605
-63.0	186.533	0.0336436	0.17
-58.5	186.533	0.0375823	0.1899
-54.0	186.533	0.0503256	0.1794
-49.5	186.533	0.0455129	0.1581
-45.0	186.533	0.0618189	0.1662
-40.5	186.533	0.0627491	0.1547
-36.0	186.533	0.0447337	0.154
-31.5	186.533	0.0418232	0.1844
-27.0	186.533	0.0534896	0.1712
-22.5	186.533	0.0557438	0.1594
-18.0	186.533	0.0429491	0.1399
-13.5	186.533	0.0602802	0.1452
-9.0	186.533	0.0529799	0.156
-4.5	186.533	0.0612564	0.1412
0.0	186.533	0.0619257	0.1617
4.5	186.533	0.0673675	0.1608
9.0	186.533	0.0718528	0.1488
13.5	186.533	0.0557026	0.1536
18.0	186.533	0.056068	0.1492
22.5	186.533	0.0536798	0.1501
27.0	186.533	0.0639574	0.1433
31.5	186.533	0.0521876	0.1546
36.0	186.533	0.0507491	0.1647
40.5	186.533	0.0568856	0.148
45.0	186.533	0.0507819	0.1493
49.5	186.533	0.0496955	0.1614
54.0	186.533	0.044003	0.1528
58.5	186.533	0.0513255	0.1466
63.0	186.533	0.045672	0.1558
67.5	186.533	0.0528361	0.1528
72.0	186.533	0.0470582	0.1607
76.5	186.533	0.0393469	0.1642
81.0	186.533	0.0694911	0.1448
85.5	186.533	0.0355877	0.1535
90.0	186.533	0.0465102	0.1692
94.5	186.533	0.0399923	0.1652
99.0	186.533	0.0442674	0.1835
103.5	186.533	0.0539383	0.1969
108.0	186.533	0.0427014	0.1712
112.5	186.533	0.0298278	0.1893
117.0	186.533	0.0402713	0.1735
121.5	186.533	0.0358635	0.1695
126.0	186.533	0.0388074	0.1745
130.5	186.533	0.0345539	0.1558
135.0	186.533	0.0260838	0.1731
139.5	186.533	0.031261	0.1914
144.0	186.533	0.0394004	0.1616
148.5	186.533	0.0303636	0.1877
153.0	186.533	0.0282849	0.1916
157.5	186.533	0.0374521	0.2128
162.0	186.533	0.0310522	0.2337
166.5	186.533	0.0239876	0.2095
171.0	186.533	0.0328776	0.1945
175.5	186.533	0.0307296	0.2192
180.0	186.533	0.0273169	0.2155
184.5	186.533	0.0190817	0.1879
189.0	186.533	0.0235171	0.2348
193.5	186.533	0.0180702	0.1988
198.0	186.533	0.0215419	0.2186
202.5	186.533	0.0286628	0.2309
207.0	186.533	0.0162076	0.2092
211.5	186.533	0.0256382	0.2345
216.0	186.533	0.0198009	0.2291
220.5	186.533	0.0191625	0.2649
225.0	186.533	0.0151382	0.2828
229.5	186.533	0.019553	0.2047
234.0	186.533	0.0149399	0.2826
238.5	186.533	0.0173017	0.2292
243.0	186.533	0.016823	0.2275
247.5	186.533	0.0162557	0.2329
252.0	186.533	0.0179101	0.2617
256.5	186.533	0.0201917	0.2143
261.0	186.533	0.0151116	0.2389
265.5	186.533	0.0172569	0.2497
270.0	186.533	0.0125343	0.2781
274.5	186.533	0.021734	0.2765
279.0	186.533	0.0182033	0.2434
283.5	186.533	0.0196992	0.2455
288.0	186.533	0.0178171	0.3302
292.5	186.533	0.0104532	0.2952
297.0	186.533	0.0162962	0.3024
301.5	186.533	0.0194473	0.2602
306.0	186.533	0.0166548	0.2495
310.5	186.533	0.0130168	0.2354
315.0	186.533	0.0280773	0.3067
319.5	186.533	0.0128003	0.3452
324.0	186.533	0.0111945	0.4341
328.5	186.533	0.010391	0.3082
333.0	186.533	0.00982327	0.4674
337.5	186.533	0.0104753	0.3421
342.0	186.533	0.0115177	0.3153
346.5	186.533	0.0139843	0.2824
351.0	186.533	0.00962381	0.3629
355.5	186.533	0.00873674	0.3709
360.0	186.533	0.0107108	0.3734
364.5	186.533	0.00817824	0.3535
369.0	186.533	0.0129724	0.3697
373.5	186.533	0.00925871	0.4906
378.0	186.533	0.00205775	0.3979
382.5	186.533	0.00564105	0.5758
387.0	186.533	0.00896123	0.4211
391.5	186.533	0.00402834	0.5101
396.0	186.533	0.00636453	0.4587
400.5	186.533	0.00239115	0.5602
405.0	186.533	0.00100147	0.4615
409.5	186.533	0.00479166	0.5988
414.0	186.533	0.00621992	0.4645
418.5	186.533	0.00131033	0.3663
423.0	186.533	0.00174885	0.3916
427.5	186.533	0.00266071	0.6822
432.0	186.533	0.00347618	0.5552
436.5	186.533	0.0030056	0.6804
441.0	186.533	0.00513054	0.4092
445.5	186.533	0.00390925	0.5683
-450.0	189.1	0.00357229	0.5266
-445.5	189.1	0.000387805	0.3181
-441.0	189.1	0.00127482	0.81
-436.5	189.1	0.00056866	0.5077
-432.0	189.1	0.000459191	0.5379
-427.5	189.1	0.00042885	0.2675
-423.0	189.1	0.000252277	0.3774
-418.5	189.1	7.37427e-05	0.4505
-414.0	189.1	0.000334994	0.3575
-409.5	189.1	0.00236579	0.7655
-405.0	189.1	0.00252256	0.8469
-400.5	189.1	0.000620479	0.3822
-396.0	189.1	0.00243041	0.7474
-391.5	189.1	0.000366697	0.3341
-387.0	189.1	0.000588322	0.2607
-382.5	189.1	0.0005881	0.2549
-378.0	189.1	0.000769432	0.222
-373.5	189.1	0.00116683	0.1878
-369.0	189.1	0.00323393	0.6744
-364.5	189.1	0.000632917	0.1904
-360.0	189.1	0.00107279	0.1772
-355.5	189.1	0.00166611	0.3969
-351.0	189.1	0.0013648	0.2596
-346.5	189.1	0.00481735	0.7472
-342.0	189.1	0.00302852	0.5217
-337.5	189.1	0.00168248	0.1447
-333.0	189.1	0.00271844	0.4116
-328.5	189.1	0.0048778	0.5827
-324.0	189.1	0.00459886	0.627
-319.5	189.1	0.00256918	0.207
-315.0	189.1	0.00762171	0.4341
-310.5	189.1	0.00391446	0.2675
-306.0	189.1	0.00333474	0.2546
-301.5	189.1	0.00322403	0.2755
-297.0	189.1	0.00391493	0.3002
-292.5	189.1	0.00300709	0.2554
-288.0	189.1	0.00884953	0.5256
-283.5	189.1	0.00951519	0.5028
-279.0	189.1	0.00804926	0.5484
-274.5	189.1	0.00487222	0.4087
-270.0	189.1	0.00307919	0.1286
-265.5	189.1	0.00726165	0.599
-261.0	189.1	0.00440836	0.2933
-256.5	189.1	0.00464874	0.2865
-252.0	189.1	0.00855453	0.3503
-247.5	189.1	0.0112366	0.4836
-243.0	189.1	0.0116089	0.3092
-238.5	189.1	0.00639847	0.3426
-234.0	189.1	0.0081669	0.3625
-229.5	189.1	0.0111985	0.3202
-225.0	189.1	0.0105587	0.2639
-220.5	189.1	0.00694031	0.3246
-216.0	189.1	0.0102758	0.285
-211.5	189.1	0.00635023	0.2723
-207.0	189.1	0.0128999	0.298
-202.5	189.1	0.0208858	0.3696
-198.0	189.1	0.0129103	0.3936
-193.5	189.1	0.00900358	0.2128
-189.0	189.1	0.0169659	0.2718
-184.5	189.1	0.0163418	0.3127
-180.0	189.1	0.0142364	0.2503
-175.5	189.1	0.0134218	0.2969
-171.0	189.1	0.0116413	0.2417
-166.5	189.1	0.00621107	0.1459
-162.0	189.1	0.0173653	0.3089
-157.5	189.1	0.0230068	0.2803
-153.0	189.1	0.0259289	0.2427
-148.5	189.1	0.030185	0.236
-144.0	189.1	0.0165026	0.2059
-139.5	189.1	0.0190837	0.2455
-135.0	189.1	0.0251922	0.2471
-130.5	189.1	0.0194662	0.2406
-126.0	189.1	0.0228793	0.2221
-121.5	189.1	0.025522	0.2163
-117.0	189.1	0.0223681	0.2184
-112.5	189.1	0.0304733	0.1961
-108.0	189.1	0.0190376	0.1723
-103.5	189.1	0.0284326	0.2057
-99.0	189.1	0.0258508	0.1756
-94.5	189.1	0.023036	0.1893
-90.0	189.1	0.029762	0.1786
-85.5	189.1	0.0335278	0.1742
-81.0	189.1	0.0446192	0.1767
-76.5	189.1	0.0341269	0.2078
-72.0	189.1	0.0355921	0.1773
-67.5	189.1	0.0272944	0.1839
-63.0	189.1	0.0455206	0.1723
-58.5	189.1	0.0357229	0.1751
-54.0	189.1	0.0360826	0.18
-49.5	189.1	0.0537665	0.1792
-45.0	189.1	0.0646662	0.1591
-40.5	189.1	0.0492958	0.1434
-36.0	189.1	0.0568291	0.2032
-31.5	189.1	0.0412491	0.1688
-27.0	189.1	0.0531579	0.2072
-22.5	189.1	0.0537602	0.1487
-18.0	189.1	0.0536789	0.1566
-13.5	189.1	0.0465461	0.1668
-9.0	189.1	0.046783	0.2204
-4.5	189.1	0.0519404	0.1591
0.0	189.1	0.0441709	0.1511
4.5	189.1	0.0690725	0.1561
9.0	189.1	0.065495	0.1553
13.5	189.1	0.0603412	0.1601
18.0	189.1	0.0457441	0.161
22.5	189.1	0.0654587	0.3342
27.0	189.1	0.0576296	0.1548
31.5	189.1	0.0447331	0.1567
36.0	189.1	0.0422945	0.1696
40.5	189.1	0.0508761	0.1512
45.0	189.1	0.0545471	0.1424
49.5	189.1	0.0428789	0.1683
54.0	189.1	0.0480979	0.1562
58.5	189.1	0.0550912	0.1535
63.0	189.1	0.0416197	0.1592
67.5	189.1	0.0471444	0.1699
72.0	189.1	0.04422	0.1674
76.5	189.1	0.0324559	0.1663
81.0	189.1	0.0548911	0.1557
85.5	189.1	0.0391331	0.1844
90.0	189.1	0.0496604	0.1667
94.5	189.1	0.0454582	0.1805
99.0	189.1	0.0520321	0.1593
103.5	189.1	0.0343257	0.1657
108.0	189.1	0.0340284	0.1952
112.5	189.1	0.0266384	0.1884
117.0	189.1	0.0353628	0.1968
121.5	189.1	0.0392538	0.1633
126.0	189.1	0.0465329	0.1865
130.5	189.1	0.0293108	0.1812
135.0	189.1	0.0260951	0.1968
139.5	189.1	0.0335029	0.1757
144.0	189.1	0.0376187	0.1886
148.5	189.1	0.0245648	0.1689
153.0	189.1	0.0183867	0.1878
157.5	189.1	0.0321948	0.2058
162.0	189.1	0.0270906	0.2156
166.5	189.1	0.0294216	0.1995
171.0	189.1	0.0348572	0.2001
175.5	189.1	0.0391837	0.1956
180.0	189.1	0.0263334	0.2368
184.5	189.1	0.0352899	0.2056
189.0	189.1	0.0243234	0.2004
193.5	189.1	0.0172906	0.1946
198.0	189.1	0.0110977	0.1731
202.5	189.1	0.0167697	0.191
207.0	189.1	0.0118758	0.2116
211.5	189.1	0.0198646	0.2688
216.0	189.1	0.0180819	0.2632
220.5	189.1	0.0177677	0.2576
225.0	189.1	0.0141462	0.2322
229.5	189.1	0.0233504	0.2446
234.0	189.1	0.0176616	0.2627
238.5	189.1	0.017463	0.2172
243.0	189.1	0.0267377	0.2088
247.5	189.1	0.0311343	0.192
252.0	189.1	0.0173394	0.234
256.5	189.1	0.0226052	0.2417
261.0	189.1	0.0196979	0.2505
265.5	189.1	0.0189781	0.2474
270.0	189.1	0.0131582	0.3103
274.5	189.1	0.0122129	0.2358
279.0	189.1	0.0306549	0.2318
283.5	189.1	0.0156742	0.2307
288.0	189.1	0.0117255	0.2724
292.5	189.1	0.0133343	0.3011
297.0	189.1	0.0134265	0.3384
301.5	189.1	0.0181264	0.248
306.0	189.1	0.0220372	0.244
310.5	189.1	0.0116323	0.2499
315.0	189.1	0.00952384	0.3639
319.5	189.1	0.0177571	0.2959
324.0	189.1	0.0123759	0.3357
328.5	189.1	0.0184664	0.2997
333.0	189.1	0.0110016	0.3546
337.5	189.1	0.0122311	0.3244
342.0	189.1	0.00993904	0.3645
346.5	189.1	0.00851799	0.361
351.0	189.1	0.00512935	0.3512
355.5	189.1	0.00698947	0.3241
360.0	189.1	0.00486937	0.3885
364.5	189.1	0.00603071	0.4975
369.0	189.1	0.0118638	0.3291
373.5	189.1	0.0137173	0.3586
378.0	189.1	0.0029914	0.411
382.5	189.1	0.00164608	0.2877
387.0	189.1	0.00216194	0.5693
391.5	189.1	0.00463213	0.5856
396.0	189.1	0.00374179	0.5903
400.5	189.1	0.00271479	0.5565
405.0	189.1	0.00292833	0.6842
409.5	189.1	0.00264467	0.7248
414.0	189.1	0.00417984	0.654
418.5	189.1	0.00353846	0.5539
423.0	189.1	0.00253825	0.4739
427.5	189.1	0.00162574	0.4528
432.0	189.1	0.00316934	0.3588
436.5	189.1	0.00336079	0.4924
441.0	189.1	0.00287744	0.4004
445.5	189.1	0.00420034	0.6732
-450.0	191.667	0.00245701	0.7331
-445.5	191.667	0.000529997	0.2499
-441.0	191.667	0.00251382	0.8701
-436.5	191.667	0.000860462	0.421
-432.0	191.667	0.00221814	0.8598
-427.5	191.667	0.000430693	0.3224
-423.0	191.667	0.00018965	0.4613
-418.5	191.667	0.000190935	0.4671
-414.0	191.667	0.000489807	0.291
-409.5	191.667	0.00134783	0.8075
-405.0	191.667	0.00141497	0.8539
-400.5	191.667	0.00188722	0.88
-396.0	191.667	0.000397329	0.2845
-391.5	191.667	0.000258195	0.3682
-387.0	191.667	0.000365673	0.3173
-382.5	191.667	0.000706986	0.232
-378.0	191.667	0.000718575	0.2314
-373.5	191.667	0.00166355	0.4617
-369.0	191.667	0.000837028	0.2519
-364.5	191.667	0.000804476	0.2028
-360.0	191.667	0.000866545	0.2003
-355.5	191.667	0.0011838	0.1949
-351.0	191.667	0.00523899	0.7283
-346.5	191.667	0.00171033	0.2569
-342.0	191.667	0.00223331	0.2605
-337.5	191.667	0.00232197	0.3375
-333.0	191.667	0.00268645	0.4444
-328.5	191.667	0.00905953	0.3934
-324.0	191.667	0.00455441	0.5567
-319.5	191.667	0.0066358	0.4069
-315.0	191.667	0.00474473	0.2738
-310.5	191.667	0.00528176	0.3857
-306.0	191.667	0.00553408	0.3551
-301.5	191.667	0.00435856	0.3517
-297.0	191.667	0.00260591	0.2316
-292.5	191.667	0.00563502	0.5434
-288.0	191.667	0.00510252	0.6313
-283.5	191.667	0.00830162	0.4678
-279.0	191.667	0.00277512	0.1638
-274.5	191.667	0.00250636	0.2043
-270.0	191.667	0.00765976	0.4503
-265.5	191.667	0.00495332	0.3301
-261.0	191.667	0.00356302	0.3015
-256.5	191.667	0.0101916	0.3289
-252.0	191.667	0.00790198	0.4403
-247.5	191.667	0.0128535	0.4245
-243.0	191.667	0.0109849	0.2939
-238.5	191.667	0.00434338	0.183
-234.0	191.667	0.0110945	0.3293
-229.5	191.667	0.00541142	0.2213
-225.0	191.667	0.008992	0.3121
-220.5	191.667	0.0121755	0.3168
-216.0	191.667	0.00788063	0.3184
-211.5	191.667	0.0097621	0.3028
-207.0	191.667	0.0101595	0.3038
-202.5	191.667	0.0100067	0.2756
-198.0	191.667	0.0102579	0.3087
-193.5	191.667	0.0139893	0.2694
-189.0	191.667	0.0122625	0.2513
-184.5	191.667	0.0114204	0.2878
-180.0	191.667	0.0143328	0.2898
-175.5	191.667	0.00879223	0.2381
-171.0	191.667	0.0100357	0.2693
-166.5	191.667	0.0138559	0.2803
-162.0	191.667	0.0175575	0.2876
-157.5	191.667	0.0238342	0.2488
-153.0	191.667	0.030171	0.2573
-148.5	191.667	0.0217351	0.3128
-144.0	191.667	0.0143755	0.2875
-139.5	191.667	0.0201463	0.2959
-135.0	191.667	0.018942	0.2264
-130.5	191.667	0.0163462	0.1956
-126.0	191.667	0.0198751	0.2378
-121.5	191.667	0.0246334	0.2227
-117.0	191.667	0.0247538	0.2132
-112.5	191.667	0.030377	0.1943
-108.0	191.667	0.025531	0.1996
-103.5	191.667	0.0242667	0.1859
-99.0	191.667	0.0264378	0.2341
-94.5	191.667	0.0275968	0.2018
-90.0	191.667	0.0399422	0.1885
-85.5	191.667	0.0292736	0.2391
-81.0	191.667	0.0345422	0.1855
-76.5	191.667	0.0420264	0.1647
-72.0	191.667	0.0400541	0.1942
-67.5	191.667	0.0316126	0.1912
-63.0	191.667	0.0455411	0.1742
-58.5	191.667	0.0447999	0.2059
-54.0	191.667	0.0397542	0.1742
-49.5	191.667	0.0396807	0.1682
-45.0	191.667	0.0399476	0.1683
-40.5	191.667	0.0500172	0.1654
-36.0	191.667	0.0447511	0.1606
-31.5	191.667	0.0489861	0.1544
-27.0	191.667	0.0420749	0.185
-22.5	191.667	0.0494467	0.1691
-18.0	191.667	0.0510627	0.1484
-13.5	191.667	0.0599203	0.1683
-9.0	191.667	0.0608362	0.2016
-4.5	191.667	0.0512501	0.1716
0.0	191.667	0.0606699	0.2063
4.5	191.667	0.0530822	0.1779
9.0	191.667	0.0629348	0.1682
13.5	191.667	0.0676567	0.1754
18.0	191.667	0.0442757	0.1339
22.5	191.667	0.0452616	0.1874
27.0	191.667	0.0460212	0.1519
31.5	191.667	0.0403045	0.1462
36.0	191.667	0.0476149	0.1751
40.5	191.667	0.0402743	0.1619
45.0	191.667	0.0660215	0.1465
49.5	191.667	0.0488862	0.1575
54.0	191.667	0.0543078	0.1682
58.5	191.667	0.052267	0.1665
63.0	191.667	0.0421994	0.1717
67.5	191.667	0.030662	0.164
72.0	191.667	0.0411249	0.1521
76.5	191.667	0.0485007	0.2011
81.0	191.667	0.0341201	0.1724
85.5	191.667	0.0487625	0.1581
90.0	191.667	0.0435999	0.1923
94.5	191.667	0.0424621	0.2231
99.0	191.667	0.0388582	0.1704
103.5	191.667	0.0372177	0.1762
108.0	191.667	0.0330546	0.1835
112.5	191.667	0.0365076	0.1729
117.0	191.667	0.0315798	0.1695
121.5	191.667	0.0314343	0.1998
126.0	191.667	0.0362014	0.1774
130.5	191.667	0.0330058	0.2005
135.0	191.667	0.0263858	0.1801
139.5	191.667	0.0278642	0.1784
144.0	191.667	0.0463159	0.1683
148.5	191.667	0.0303162	0.2254
153.0	191.667	0.0275121	0.1875
157.5	191.667	0.0277817	0.2046
162.0	191.667	0.0210255	0.1961
166.5	191.667	0.0398222	0.203
171.0	191.667	0.024027	0.2205
175.5	191.667	0.0265675	0.2136
180.0	191.667	0.0222482	0.22
184.5	191.667	0.0259751	0.2097
189.0	191.667	0.0196637	0.2154
193.5	191.667	0.0234226	0.2495
198.0	191.667	0.0161529	0.2405
202.5	191.667	0.0145508	0.2218
207.0	191.667	0.0178645	0.2726
211.5	191.667	0.0156879	0.2191
216.0	191.667	0.018135	0.2223
220.5	191.667	0.024649	0.2434
225.0	191.667	0.0137848	0.2554
229.5	191.667	0.0248044	0.2262
234.0	191.667	0.0230335	0.2988
238.5	191.667	0.0214048	0.2755
243.0	191.667	0.01718	0.3013
247.5	191.667	0.0211393	0.2417
252.0	191.667	0.0227655	0.2434
256.5	191.667	0.014176	0.2615
261.0	191.667	0.0112651	0.2495
265.5	191.667	0.0154709	0.2315
270.0	191.667	0.00906803	0.2534
274.5	191.667	0.0149748	0.2568
279.0	191.667	0.0154838	0.2644
283.5	191.667	0.0127979	0.3352
288.0	191.667	0.0129737	0.3299
292.5	191.667	0.0123851	0.3175
297.0	191.667	0.0123103	0.2634
301.5	191.667	0.0164572	0.3047
306.0	191.667	0.0119633	0.2716
310.5	191.667	0.011017	0.2768
315.0	191.667	0.0121313	0.2768
319.5	191.667	0.00924755	0.2601
324.0	191.667	0.00662334	0.3385
328.5	191.667	0.00890505	0.3878
333.0	191.667	0.00683933	0.3434
337.5	191.667	0.00882749	0.3566
342.0	191.667	0.00681425	0.3554
346.5	191.667	0.00766039	0.4501
351.0	191.667	0.00461128	0.2971
355.5	191.667	0.00518502	0.4245
360.0	191.667	0.00699301	0.3988
364.5	191.667	0.0106493	0.4084
369.0	191.667	0.0077649	0.4315
373.5	191.667	0.0120911	0.4165
378.0	191.667	0.0079024	0.5166
382.5	191.667	0.00415301	0.3873
387.0	191.667	0.00437069	0.7681
391.5	191.667	0.00150382	0.4326
396.0	191.667	0.000693541	0.2354
400.5	191.667	0.0023685	0.5
405.0	191.667	0.000907417	0.2638
409.5	191.667	0.00192917	0.6507
414.0	191.667	0.00240969	0.7409
418.5	191.667	0.00151025	0.4053
423.0	191.667	0.000582392	0.2188
427.5	191.667	0.000672601	0.2334
432.0	191.667	0.00478104	0.5142
436.5	191.667	0.00295119	0.5872
441.0	191.667	0.00452867	0.5525
445.5	191.667	0.00135574	0.3288
-450.0	194.233	0.00167051	0.7196
-445.5	194.233	0.000370967	0.3003
-441.0	194.233	0.000219943	0.3624
-436.5	194.233	0.000424977	0.2636
-432.0	194.233	0.000300588	0.285
-427.5	194.233	0.000421659	0.2835
-423.0	194.233	0.000270982	0.3204
-418.5	194.233	0.000304654	0.4084
-414.0	194.233	0.00122674	0.5782
-409.5	194.233	0.00250763	0.8998
-405.0	194.233	0.000271732	0.3608
-400.5	194.233	0.00023095	0.4414
-396.0	194.233	0.00200164	0.7786
-391.5	194.233	0.00142259	0.8084
-387.0	194.233	0.000450267	0.2693
-382.5	194.233	0.000663079	0.2342
-378.0	194.233	0.000688017	0.2538
-373.5	194.233	0.000806166	0.2158
-369.0	194.233	0.000639592	0.2697
-364.5	194.233	0.00127193	0.4805
-360.0	194.233	0.00122394	0.4049
-355.5	194.233	0.00486025	0.7523
-351.0	194.233	0.00562565	0.5735
-346.5	194.233	0.00112276	0.1579
-342.0	194.233	0.00172395	0.3022
-337.5	194.233	0.00147784	0.1494
-333.0	194.233	0.00396806	0.5899
-328.5	194.233	0.00626529	0.4425
-324.0	194.233	0.00451354	0.4748
-319.5	194.233	0.00275055	0.2978
-315.0	194.233	0.00727384	0.3963
-310.5	194.233	0.00503302	0.4078
-306.0	194.233	0.00456758	0.3578
-301.5	194.233	0.00201213	0.1248
-297.0	194.233	0.00283514	0.1651
-292.5	194.233	0.00637472	0.6477
-288.0	194.233	0.00455554	0.3387
-283.5	194.233	0.00400064	0.3355
-279.0	194.233	0.00555193	0.4508
-274.5	194.233	0.00506761	0.3965
-270.0	194.233	0.00294325	0.1708
-265.5	194.233	0.0033701	0.2654
-261.0	194.233	0.00387788	0.3521
-256.5	194.233	0.00849392	0.3512
-252.0	194.233	0.0106976	0.5026
-247.5	194.233	0.00753585	0.3026
-243.0	194.233	0.00905605	0.362
-238.5	194.233	0.00391805	0.261
-234.0	194.233	0.00783043	0.3717
-229.5	194.233	0.00532433	0.2802
-225.0	194.233	0.00733046	0.3078
-220.5	194.233	0.00927781	0.3475
-216.0	194.233	0.00835495	0.2643
-211.5	194.233	0.0047912	0.2682
-207.0	194.233	0.0105366	0.2629
-202.5	194.233	0.0102793	0.3096
-198.0	194.233	0.0057404	0.2621
-193.5	194.233	0.0118765	0.3101
-189.0	194.233	0.0137859	0.3178
-184.5	194.233	0.0156838	0.3291
-180.0	194.233	0.0140242	0.2618
-175.5	194.233	0.0163734	0.266
-171.0	194.233	0.0101444	0.2518
-166.5	194.233	0.0161508	0.2687
-162.0	194.233	0.010559	0.2698
-157.5	194.233	0.0222221	0.2382
-153.0	194.233	0.019408	0.266
-148.5	194.233	0.011605	0.2115
-144.0	194.233	0.0176791	0.2685
-139.5	194.233	0.0165714	0.2813
-135.0	194.233	0.0179354	0.2575
-130.5	194.233	0.0238991	0.224
-126.0	194.233	0.0252017	0.2354
-121.5	194.233	0.0202231	0.2232
-117.0	194.233	0.0238977	0.211
-112.5	194.233	0.0254877	0.1923
-108.0	194.233	0.0287875	0.1828
-103.5	194.233	0.0285692	0.2582
-99.0	194.233	0.0239851	0.1919
-94.5	194.233	0.017275	0.1727
-90.0	194.233	0.0253267	0.2239
-85.5	194.233	0.0261796	0.2151
-81.0	194.233	0.0392513	0.1991
-76.5	194.233	0.0488088	0.1712
-72.0	194.233	0.0438485	0.2268
-67.5	194.233	0.029234	0.1933
-63.0	194.233	0.0457816	0.1532
-58.5	194.233	0.0353907	0.1901
-54.0	194.233	0.0425105	0.1925
-49.5	194.233	0.0337179	0.2251
-45.0	194.233	0.0445708	0.2664
-40.5	194.233	0.0479109	0.1628
-36.0	194.233	0.0490732	0.1745
-31.5	194.233	0.0472244	0.1732
-27.0	194.233	0.0413037	0.1743
-22.5	194.233	0.0467289	0.1683
-18.0	194.233	0.0478878	0.1649
-13.5	194.233	0.0607042	0.1795
-9.0	194.233	0.047831	0.1712
-4.5	194.233	0.0594292	0.1701
0.0	194.233	0.0515879	0.168
4.5	194.233	0.044678	0.1616
9.0	194.233	0.0526652	0.1589
13.5	194.233	0.0567467	0.1412
18.0	194.233	0.0607628	0.1534
22.5	194.233	0.0513065	0.1607
27.0	194.233	0.050835	0.1553
31.5	194.233	0.046954	0.1869
36.0	194.233	0.0473997	0.1726
40.5	194.233	0.0496303	0.1475
45.0	194.233	0.0493514	0.1582
49.5	194.233	0.0418251	0.1535
54.0	194.233	0.0454421	0.1496
58.5	194.233	0.0318668	0.1737
63.0	194.233	0.0449645	0.1465
67.5	194.233	0.0410312	0.1934
72.0	194.233	0.0414273	0.1717
76.5	194.233	0.0415821	0.1708
81.0	194.233	0.0328146	0.2182
85.5	194.233	0.0335778	0.1811
90.0	194.233	0.0353757	0.217
94.5	194.233	0.0335629	0.1872
99.0	194.233	0.0328929	0.1974
103.5	194.233	0.0325997	0.1651
108.0	194.233	0.0266549	0.2048
112.5	194.233	0.0312802	0.1868
117.0	194.233	0.0305226	0.2059
121.5	194.233	0.0409174	0.1895
126.0	194.233	0.0325986	0.1933
130.5	194.233	0.0307106	0.2005
135.0	194.233	0.0329224	0.1879
139.5	194.233	0.0261999	0.2084
144.0	194.233	0.0305564	0.1892
148.5	194.233	0.0329656	0.2039
153.0	194.233	0.028209	0.211
157.5	194.233	0.0237239	0.2041
162.0	194.233	0.0384008	0.1957
166.5	194.233	0.0246571	0.2223
171.0	194.233	0.0277804	0.2312
175.5	194.233	0.0314904	0.2019
180.0	194.233	0.0269718	0.2297
184.5	194.233	0.0200557	0.2405
189.0	194.233	0.0177708	0.2453
193.5	194.233	0.0310698	0.2323
198.0	194.233	0.0292789	0.2234
202.5	194.233	0.0152015	0.2196
207.0	194.233	0.0160153	0.2189
211.5	194.233	0.0139872	0.2584
216.0	194.233	0.0224026	0.2582
220.5	194.233	0.0227657	0.2321
225.0	194.233	0.0234922	0.2773
229.5	194.233	0.0248209	0.2435
234.0	194.233	0.013036	0.2591
238.5	194.233	0.0106235	0.3126
243.0	194.233	0.012609	0.2562
247.5	194.233	0.0188125	0.2264
252.0	194.233	0.0195299	0.2632
256.5	194.233	0.0184697	0.2447
261.0	194.233	0.011104	0.2788
265.5	194.233	0.0119004	0.2819
270.0	194.233	0.0104712	0.2971
274.5	194.233	0.0136562	0.2531
279.0	194.233	0.011813	0.2802
283.5	194.233	0.0122268	0.3134
288.0	194.233	0.0115044	0.2826
292.5	194.233	0.0130545	0.2693
297.0	194.233	0.0161481	0.3074
301.5	194.233	0.0143906	0.2986
306.0	194.233	0.0132992	0.2583
310.5	194.233	0.0105477	0.2888
315.0	194.233	0.0124139	0.2994
319.5	194.233	0.0167132	0.2844
324.0	194.233	0.010102	0.3402
328.5	194.233	0.0156709	0.3362
333.0	194.233	0.0115949	0.3841
337.5	194.233	0.0111542	0.3222
342.0	194.233	0.00823298	0.3893
346.5	194.233	0.0118406	0.4114
351.0	194.233	0.00802277	0.3417
355.5	194.233	0.00971208	0.4108
360.0	194.233	0.00684529	0.3294
364.5	194.233	0.00766248	0.3672
369.0	194.233	0.00472306	0.718
373.5	194.233	0.00572799	0.4354
378.0	194.233	0.00391165	0.3686
382.5	194.233	0.00477506	0.5432
387.0	194.233	0.00691404	0.4503
391.5	194.233	0.00420156	0.4831
396.0	194.233	0.00470824	0.4567
400.5	194.233	0.00849076	0.4661
405.0	194.233	0.00279561	0.4016
409.5	194.233	0.00185401	0.368
414.0	194.233	0.000555152	0.2367
418.5	194.233	0.00319771	0.739
423.0	194.233	0.00151186	0.6255
427.5	194.233	0.000953878	0.3107
432.0	194.233	0.00259851	0.5189
436.5	194.233	0.00154453	0.6481
441.0	194.233	0.00249522	0.4648
445.5	194.233	0.00172108	0.4421
-450.0	196.8	0.000516915	0.2827
-445.5	196.8	0.000418537	0.2764
-441.0	196.8	0.000280184	0.3126
-436.5	196.8	0.000259472	0.3505
-432.0	196.8	0.000321069	0.3314
-427.5	196.8	0.000299368	0.3426
-423.0	196.8	0.000502379	0.364
-418.5	196.8	0.000275859	0.3915
-414.0	196.8	0.00376748	0.672
-409.5	196.8	0.000314695	0.2773
-405.0	196.8	0.000166332	0.3962
-400.5	196.8	0.00181498	0.6887
-396.0	196.8	0.00341223	0.9061
-391.5	196.8	0.000375867	0.2845
-387.0	196.8	0.000617284	0.2494
-382.5	196.8	0.00080297	0.2631
-378.0	196.8	0.000818056	0.2464
-373.5	196.8	0.00063777	0.2305
-369.0	196.8	0.000422214	0.2495
-364.5	196.8	0.00151794	0.7104
-360.0	196.8	0.00384142	0.6792
-355.5	196.8	0.000867436	0.2125
-351.0	196.8	0.00105437	0.1709
-346.5	196.8	0.00116556	0.1589
-342.0	196.8	0.00150728	0.1351
-337.5	196.8	0.00312099	0.6602
-333.0	196.8	0.00305868	0.4225
-328.5	196.8	0.00193999	0.2038
-324.0	196.8	0.00208037	0.2403
-319.5	196.8	0.00351375	0.5153
-315.0	196.8	0.00237083	0.1339
-310.5	196.8	0.00303099	0.3631
-306.0	196.8	0.00747166	0.4036
-301.5	196.8	0.00724554	0.3647
-297.0	196.8	0.00272212	0.2995
-292.5	196.8	0.00219315	0.1566
-288.0	196.8	0.0034406	0.4355
-283.5	196.8	0.00350517	0.2557
-279.0	196.8	0.00585722	0.5307
-274.5	196.8	0.00563069	0.4198
-270.0	196.8	0.00635064	0.3323
-265.5	196.8	0.00437485	0.4344
-261.0	196.8	0.00357721	0.3834
-256.5	196.8	0.00611252	0.3315
-252.0	196.8	0.00401168	0.2539
-247.5	196.8	0.00690344	0.2312
-243.0	196.8	0.00706467	0.3176
-238.5	196.8	0.00395569	0.3437
-234.0	196.8	0.00263054	0.1215
-229.5	196.8	0.00612021	0.4368
-225.0	196.8	0.0136474	0.2834
-220.5	196.8	0.0128294	0.3135
-216.0	196.8	0.0111616	0.4004
-211.5	196.8	0.00546792	0.2865
-207.0	196.8	0.0100462	0.3067
-202.5	196.8	0.0109868	0.3307
-198.0	196.8	0.00731627	0.4148
-193.5	196.8	0.0124159	0.3595
-189.0	196.8	0.0165481	0.2862
-184.5	196.8	0.0112808	0.3222
-180.0	196.8	0.00910108	0.2267
-175.5	196.8	0.0160337	0.26
-171.0	196.8	0.0113757	0.2259
-166.5	196.8	0.0124371	0.2873
-162.0	196.8	0.012147	0.2683
-157.5	196.8	0.0122759	0.2577
-153.0	196.8	0.0149937	0.2662
-148.5	196.8	0.0155759	0.271
-144.0	196.8	0.0160475	0.2824
-139.5	196.8	0.0165757	0.21
-135.0	196.8	0.043381	0.2214
-130.5	196.8	0.0217223	0.2189
-126.0	196.8	0.0213342	0.2369
-121.5	196.8	0.018473	0.2226
-117.0	196.8	0.0205028	0.2196
-112.5	196.8	0.0160689	0.2033
-108.0	196.8	0.027764	0.198
-103.5	196.8	0.0177891	0.2561
-99.0	196.8	0.0162984	0.1919
-94.5	196.8	0.0206852	0.178
-90.0	196.8	0.0278097	0.2168
-85.5	196.8	0.0389146	0.1841
-81.0	196.8	0.0333799	0.1898
-76.5	196.8	0.0400029	0.1816
-72.0	196.8	0.0377697	0.174
-67.5	196.8	0.0435539	0.1909
-63.0	196.8	0.0311216	0.1845
-58.5	196.8	0.0270763	0.2008
-54.0	196.8	0.0360959	0.2081
-49.5	196.8	0.0354683	0.1909
-45.0	196.8	0.0396927	0.174
-40.5	196.8	0.0566848	0.1901
-36.0	196.8	0.0474581	0.1855
-31.5	196.8	0.0384297	0.1784
-27.0	196.8	0.0406643	0.1742
-22.5	196.8	0.0465066	0.1803
-18.0	196.8	0.040294	0.1769
-13.5	196.8	0.0542724	0.1749
-9.0	196.8	0.0487693	0.176
-4.5	196.8	0.0421822	0.1845
0.0	196.8	0.0444073	0.1873
4.5	196.8	0.05287	0.1556
9.0	196.8	0.0439167	0.1696
13.5	196.8	0.044288	0.1937
18.0	196.8	0.053535	0.1451
22.5	196.8	0.052931	0.1668
27.0	196.8	0.0503797	0.1682
31.5	196.8	0.0460866	0.1977
36.0	196.8	0.0477919	0.1756
40.5	196.8	0.0426559	0.1588
45.0	196.8	0.045686	0.1807
49.5	196.8	0.0460777	0.1607
54.0	196.8	0.0466768	0.1623
58.5	196.8	0.0462238	0.1588
63.0	196.8	0.0552971	0.1766
67.5	196.8	0.051624	0.1803
72.0	196.8	0.0326741	0.1576
76.5	196.8	0.0552629	0.1652
81.0	196.8	0.0325435	0.2006
85.5	196.8	0.0307963	0.2105
90.0	196.8	0.0345242	0.1823
94.5	196.8	0.0354946	0.1846
99.0	196.8	0.0370877	0.1742
103.5	196.8	0.031281	0.1987
108.0	196.8	0.0365168	0.1791
112.5	196.8	0.0300802	0.1892
117.0	196.8	0.030202	0.2
121.5	196.8	0.0282374	0.1893
126.0	196.8	0.0286534	0.2381
130.5	196.8	0.0305605	0.1859
135.0	196.8	0.0412048	0.199
139.5	196.8	0.017248	0.2062
144.0	196.8	0.0332306	0.2244
148.5	196.8	0.0321946	0.1855
153.0	196.8	0.0147817	0.1883
157.5	196.8	0.0340827	0.1972
162.0	196.8	0.0218979	0.2053
166.5	196.8	0.0236645	0.221
171.0	196.8	0.0231819	0.2178
175.5	196.8	0.0245654	0.2505
180.0	196.8	0.0221118	0.2422
184.5	196.8	0.0238922	0.2713
189.0	196.8	0.0217415	0.264
193.5	196.8	0.0238691	0.1995
198.0	196.8	0.0172644	0.2425
202.5	196.8	0.0164589	0.2909
207.0	196.8	0.0248579	0.2134
211.5	196.8	0.0282321	0.2189
216.0	196.8	0.0136309	0.2631
220.5	196.8	0.015769	0.268
225.0	196.8	0.011959	0.21
229.5	196.8	0.0181171	0.2257
234.0	196.8	0.0244955	0.2396
238.5	196.8	0.0124503	0.2954
243.0	196.8	0.00984609	0.3031
247.5	196.8	0.0102897	0.2624
252.0	196.8	0.0286613	0.2378
256.5	196.8	0.0181761	0.2144
261.0	196.8	0.0145324	0.3096
265.5	196.8	0.0164893	0.2897
270.0	196.8	0.0156097	0.3075
274.5	196.8	0.0200372	0.2566
279.0	196.8	0.0143219	0.2753
283.5	196.8	0.00846389	0.3328
288.0	196.8	0.0143118	0.3468
292.5	196.8	0.0131204	0.34
297.0	196.8	0.0109205	0.2895
301.5	196.8	0.0128951	0.303
306.0	196.8	0.0113609	0.2531
310.5	196.8	0.0158393	0.2622
315.0	196.8	0.00922334	0.2849
319.5	196.8	0.00825688	0.2767
324.0	196.8	0.00690759	0.288
328.5	196.8	0.00736069	0.2739
333.0	196.8	0.00549445	0.2975
337.5	196.8	0.00881583	0.4187
342.0	196.8	0.00689313	0.4668
346.5	196.8	0.00807739	0.4352
351.0	196.8	0.00714222	0.3415
355.5	196.8	0.00950814	0.4612
360.0	196.8	0.00408297	0.4518
364.5	196.8	0.0060326	0.4036
369.0	196.8	0.00259721	0.4609
373.5	196.8	0.00306433	0.4211
378.0	196.8	0.0039452	0.4309
382.5	196.8	0.0026949	0.5664
387.0	196.8	0.00495472	0.467
391.5	196.8	0.00599467	0.5661
396.0	196.8	0.00675334	0.4746
400.5	196.8	0.000654364	0.3981
405.0	196.8	0.00299257	0.7456
409.5	196.8	0.00368729	0.7748
414.0	196.8	0.00182248	0.5465
418.5	196.8	0.00228475	0.6418
423.0	196.8	0.00103529	0.3858
427.5	196.8	0.00374035	0.5918
432.0	196.8	0.00190482	0.5288
436.5	196.8	0.00643629	0.4653
441.0	196.8	0.00342229	0.5566
445.5	196.8	0.00265041	0.7022
-450.0	199.367	0.000485514	0.2621
-445.5	199.367	0.00136364	0.7811
-441.0	199.367	0.00057468	0.2388
-436.5	199.367	0.000537331	0.2832
-432.0	199.367	0.000497128	0.3349
-427.5	199.367	0.00116815	0.5082
-423.0	199.367	0.000574425	0.2868
-418.5	199.367	0.00034863	0.4017
-414.0	199.367	0.00135175	0.7549
-409.5	199.367	0.000536023	0.2916
-405.0	199.367	0.0014333	0.657
-400.5	199.367	0.00368146	0.9242
-396.0	199.367	0.000359103	0.3304
-391.5	199.367	0.000393352	0.3272
-387.0	199.367	0.000623948	0.2878
-382.5	199.367	0.000474536	0.2682
-378.0	199.367	0.000318448	0.2752
-373.5	199.367	0.000551271	0.2544
-369.0	199.367	0.00120739	0.5215
-364.5	199.367	0.00309729	0.5127
-360.0	199.367	0.00109554	0.1695
-355.5	199.367	0.00118528	0.1591
-351.0	199.367	0.00120429	0.182
-346.5	199.367	0.00143942	0.1462
-342.0	199.367	0.00293977	0.4643
-337.5	199.367	0.00356886	0.4848
-333.0	199.367	0.00286832	0.4507
-328.5	199.367	0.00266894	0.3536
-324.0	199.367	0.00763064	0.5817
-319.5	199.367	0.00580774	0.7384
-315.0	199.367	0.00645599	0.6674
-310.5	199.367	0.00755179	0.5869
-306.0	199.367	0.0142368	0.3984
-301.5	199.367	0.00370492	0.3029
-297.0	199.367	0.00309527	0.4967
-292.5	199.367	0.00184204	0.1478
-288.0	199.367	0.00927991	0.4564
-283.5	199.367	0.00824817	0.4266
-279.0	199.367	0.00323957	0.3309
-274.5	199.367	0.00349324	0.3934
-270.0	199.367	0.00642171	0.3873
-265.5	199.367	0.00386897	0.4494
-261.0	199.367	0.00407906	0.3226
-256.5	199.367	0.00549789	0.3875
-252.0	199.367	0.00877438	0.5865
-247.5	199.367	0.00572322	0.3939
-243.0	199.367	0.00639334	0.3651
-238.5	199.367	0.00808499	0.3592
-234.0	199.367	0.00549178	0.3257
-229.5	199.367	0.0127834	0.3767
-225.0	199.367	0.00826882	0.3223
-220.5	199.367	0.00741989	0.4435
-216.0	199.367	0.00663843	0.2629
-211.5	199.367	0.0107766	0.2977
-207.0	199.367	0.00832911	0.3441
-202.5	199.367	0.0110163	0.2778
-198.0	199.367	0.0132628	0.3092
-193.5	199.367	0.00959427	0.3526
-189.0	199.367	0.0103142	0.3042
-184.5	199.367	0.00572902	0.2914
-180.0	199.367	0.00913325	0.2598
-175.5	199.367	0.0177361	0.3079
-171.0	199.367	0.012355	0.2737
-166.5	199.367	0.0147597	0.2628
-162.0	199.367	0.0150914	0.2619
-157.5	199.367	0.0244822	0.2574
-153.0	199.367	0.0131933	0.2667
-148.5	199.367	0.0150329	0.2454
-144.0	199.367	0.0223127	0.2764
-139.5	199.367	0.0206285	0.323
-135.0	199.367	0.0195568	0.269
-130.5	199.367	0.0206321	0.2418
-126.0	199.367	0.0225471	0.266
-121.5	199.367	0.0252104	0.2097
-117.0	199.367	0.0288443	0.221
-112.5	199.367	0.0137926	0.1902
-108.0	199.367	0.029039	0.2451
-103.5	199.367	0.0169001	0.2601
-99.0	199.367	0.0198874	0.2207
-94.5	199.367	0.0219805	0.1944
-90.0	199.367	0.0246129	0.2137
-85.5	199.367	0.0305095	0.2139
-81.0	199.367	0.0222762	0.2181
-76.5	199.367	0.0402134	0.2265
-72.0	199.367	0.0332554	0.2193
-67.5	199.367	0.0403419	0.1705
-63.0	199.367	0.0376849	0.1719
-58.5	199.367	0.0279685	0.2284
-54.0	199.367	0.0373163	0.1652
-49.5	199.367	0.027023	0.1882
-45.0	199.367	0.040593	0.175
-40.5	199.367	0.0369634	0.1794
-36.0	199.367	0.0511996	0.1731
-31.5	199.367	0.0287812	0.1729
-27.0	199.367	0.0443651	0.177
-22.5	199.367	0.0514042	0.1583
-18.0	199.367	0.0467283	0.1787
-13.5	199.367	0.0385085	0.1865
-9.0	199.367	0.0439987	0.1788
-4.5	199.367	0.0413935	0.1756
0.0	199.367	0.0428028	0.1703
4.5	199.367	0.0479239	0.1668
9.0	199.367	0.0449473	0.1842
13.5	199.367	0.0386787	0.1818
18.0	199.367	0.0429389	0.1747
22.5	199.367	0.0510114	0.1618
27.0	199.367	0.0462998	0.1655
31.5	199.367	0.0377623	0.1703
36.0	199.367	0.0493565	0.1622
40.5	199.367	0.0510441	0.1548
45.0	199.367	0.0343778	0.1925
49.5	199.367	0.0347806	0.1726
54.0	199.367	0.0359137	0.1642
58.5	199.367	0.0361436	0.1535
63.0	199.367	0.0443922	0.1873
67.5	199.367	0.0379442	0.1593
72.0	199.367	0.0466583	0.1826
76.5	199.367	0.0513929	0.1735
81.0	199.367	0.0349783	0.2086
85.5	199.367	0.0452477	0.1974
90.0	199.367	0.0284835	0.1901
94.5	199.367	0.0346471	0.189
99.0	199.367	0.0264636	0.1795
103.5	199.367	0.0399676	0.1824
108.0	199.367	0.03065	0.1739
112.5	199.367	0.041395	0.1961
117.0	199.367	0.025537	0.2132
121.5	199.367	0.0199849	0.1951
126.0	199.367	0.0214523	0.1641
130.5	199.367	0.0292996	0.1926
135.0	199.367	0.0294745	0.1865
139.5	199.367	0.0292418	0.2253
144.0	199.367	0.0324903	0.1728
148.5	199.367	0.0334713	0.1857
153.0	199.367	0.0252877	0.2181
157.5	199.367	0.0319155	0.2199
162.0	199.367	0.0167819	0.2042
166.5	199.367	0.0313041	0.2139
171.0	199.367	0.0198989	0.2
175.5	199.367	0.0256023	0.2491
180.0	199.367	0.0151082	0.2251
184.5	199.367	0.0218794	0.2408
189.0	199.367	0.0165513	0.2342
193.5	199.367	0.0149731	0.234
198.0	199.367	0.0165186	0.2453
202.5	199.367	0.0161345	0.2206
207.0	199.367	0.0223383	0.239
211.5	199.367	0.0184083	0.2565
216.0	199.367	0.0110677	0.2482
220.5	199.367	0.0193232	0.3075
225.0	199.367	0.023495	0.3014
229.5	199.367	0.0192512	0.2313
234.0	199.367	0.0111867	0.2874
238.5	199.367	0.015075	0.2628
243.0	199.367	0.0105805	0.2987
247.5	199.367	0.0136154	0.2855
252.0	199.367	0.0198352	0.2362
256.5	199.367	0.0193885	0.2632
261.0	199.367	0.0125247	0.2487
265.5	199.367	0.0134144	0.3206
270.0	199.367	0.0110087	0.327
274.5	199.367	0.0155936	0.2666
279.0	199.367	0.0148578	0.2992
283.5	199.367	0.0113907	0.2978
288.0	199.367	0.00887314	0.3008
292.5	199.367	0.00768769	0.3498
297.0	199.367	0.00774084	0.3376
301.5	199.367	0.00782919	0.333
306.0	199.367	0.00842945	0.3253
310.5	199.367	0.00687575	0.3495
315.0	199.367	0.0160114	0.2745
319.5	199.367	0.0084594	0.3173
324.0	199.367	0.00576246	0.2852
328.5	199.367	0.0096481	0.349
333.0	199.367	0.0131763	0.3354
337.5	199.367	0.00640917	0.4165
342.0	199.367	0.00881179	0.3406
346.5	199.367	0.00657012	0.3322
351.0	199.367	0.00861944	0.3728
355.5	199.367	0.00561986	0.5741
360.0	199.367	0.00820998	0.3825
364.5	199.367	0.00545717	0.5329
369.0	199.367	0.00410989	0.501
373.5	199.367	0.00262828	0.3748
378.0	199.367	0.00945106	0.3913
382.5	199.367	0.0027478	0.522
387.0	199.367	0.00280372	0.5948
391.5	199.367	0.000717832	0.2649
396.0	199.367	0.00582837	0.5971
400.5	199.367	0.00616663	0.4625
405.0	199.367	0.00374746	0.5346
409.5	199.367	0.00107366	0.48
414.0	199.367	0.00308854	0.6453
418.5	199.367	0.00371199	0.7661
423.0	199.367	0.00432762	0.6087
427.5	199.367	0.00330329	0.7443
432.0	199.367	0.00242628	0.4756
436.5	199.367	0.00324667	0.5513
441.0	199.367	0.00218303	0.3377
445.5	199.367	0.00324006	0.5197
-450.0	201.933	0.000537389	0.2683
-445.5	201.933	0.000376534	0.3217
-441.0	201.933	0.000539369	0.3207
-436.5	201.933	0.000444425	0.3278
-432.0	201.933	0.000499248	0.2776
-427.5	201.933	0.00107767	0.5815
-423.0	201.933	0.000279481	0.3201
-418.5	201.933	0.000136482	0.4802
-414.0	201.933	0.0013958	0.7318
-409.5	201.933	0.000910865	0.6867
-405.0	201.933	0.00406931	0.9127
-400.5	201.933	0.000326138	0.3585
-396.0	201.933	0.000390005	0.3923
-391.5	201.933	0.000526046	0.3528
-387.0	201.933	0.000361636	0.2844
-382.5	201.933	0.000387209	0.2949
-378.0	201.933	0.000435256	0.2752
-373.5	201.933	0.000567604	0.2216
-369.0	201.933	0.00134459	0.5699
-364.5	201.933	0.0031317	0.7089
-360.0	201.933	0.0010762	0.1721
-355.5	201.933	0.00107974	0.2012
-351.0	201.933	0.000900231	0.2414
-346.5	201.933	0.0012699	0.1687
-342.0	201.933	0.00177492	0.292
-337.5	201.933	0.00175506	0.1483
-333.0	201.933	0.00372102	0.475
-328.5	201.933	0.00339041	0.5939
-324.0	201.933	0.00150965	0.143
-319.5	201.933	0.00124203	0.146
-315.0	201.933	0.00419426	0.6978
-310.5	201.933	0.00281811	0.3575
-306.0	201.933	0.00469558	0.4903
-301.5	201.933	0.00207877	0.1385
-297.0	201.933	0.00245874	0.2375
-292.5	201.933	0.00752938	0.452
-288.0	201.933	0.0104916	0.4604
-283.5	201.933	0.00206845	0.1283
-279.0	201.933	0.0030584	0.4305
-274.5	201.933	0.00503213	0.4194
-270.0	201.933	0.00351853	0.3467
-265.5	201.933	0.00474466	0.4504
-261.0	201.933	0.0046722	0.4255
-256.5	201.933	0.0101586	0.4816
-252.0	201.933	0.00679797	0.3939
-247.5	201.933	0.00686918	0.4203
-243.0	201.933	0.00690328	0.3335
-238.5	201.933	0.00813587	0.4201
-234.0	201.933	0.00806372	0.4762
-229.5	201.933	0.00765722	0.5183
-225.0	201.933	0.00711969	0.3581
-220.5	201.933	0.00454693	0.2975
-216.0	201.933	0.00637174	0.258
-211.5	201.933	0.00747157	0.2929
-207.0	201.933	0.00906749	0.4112
-202.5	201.933	0.00755264	0.3765
-198.0	201.933	0.00487015	0.21
-193.5	201.933	0.00695747	0.411
-189.0	201.933	0.00937776	0.3
-184.5	201.933	0.0112037	0.3178
-180.0	201.933	0.00835977	0.2898
-175.5	201.933	0.0115195	0.2706
-171.0	201.933	0.0114834	0.2658
-166.5	201.933	0.0126608	0.2425
-162.0	201.933	0.0121189	0.2757
-157.5	201.933	0.0192517	0.2444
-153.0	201.933	0.0100827	0.2266
-148.5	201.933	0.0116386	0.2754
-144.0	201.933	0.017204	0.2816
-139.5	201.933	0.0153435	0.3111
-135.0	201.933	0.0187686	0.2261
-130.5	201.933	0.0120832	0.2616
-126.0	201.933	0.0134207	0.2437
-121.5	201.933	0.0171016	0.2433
-117.0	201.933	0.0237516	0.2353
-112.5	201.933	0.018284	0.2358
-108.0	201.933	0.0209998	0.2384
-103.5	201.933	0.0228275	0.2379
-99.0	201.933	0.020633	0.2537
-94.5	201.933	0.0138912	0.1684
-90.0	201.933	0.0236285	0.2107
-85.5	201.933	0.0263556	0.1814
-81.0	201.933	0.0318212	0.2145
-76.5	201.933	0.0419844	0.1983
-72.0	201.933	0.0213228	0.1851
-67.5	201.933	0.0367052	0.2019
-63.0	201.933	0.0476452	0.1775
-58.5	201.933	0.0231851	0.1749
-54.0	201.933	0.0307717	0.2061
-49.5	201.933	0.0294905	0.2319
-45.0	201.933	0.0265611	0.1738
-40.5	201.933	0.0407951	0.2123
-36.0	201.933	0.0348976	0.1971
-31.5	201.933	0.0352495	0.19
-27.0	201.933	0.0375313	0.1871
-22.5	201.933	0.0612338	0.1663
-18.0	201.933	0.0296414	0.1781
-13.5	201.933	0.0596082	0.1696
-9.0	201.933	0.0547472	0.1562
-4.5	201.933	0.0441306	0.1586
0.0	201.933	0.045532	0.16
4.5	201.933	0.0279875	0.181
9.0	201.933	0.0382404	0.1727
13.5	201.933	0.0373753	0.1592
18.0	201.933	0.0366651	0.165
22.5	201.933	0.0387405	0.1785
27.0	201.933	0.0414115	0.1644
31.5	201.933	0.036816	0.1655
36.0	201.933	0.0393196	0.1865
40.5	201.933	0.0468555	0.1768
45.0	201.933	0.0333378	0.1964
49.5	201.933	0.0457381	0.193
54.0	201.933	0.0422763	0.2143
58.5	201.933	0.0262274	0.1883
63.0	201.933	0.0439848	0.2077
67.5	201.933	0.0326471	0.1571
72.0	201.933	0.0413367	0.1781
76.5	201.933	0.0367145	0.1625
81.0	201.933	0.0451459	0.1775
85.5	201.933	0.0344793	0.1923
90.0	201.933	0.0329309	0.1996
94.5	201.933	0.0262669	0.1848
99.0	201.933	0.0300179	0.1956
103.5	201.933	0.0385937	0.1772
108.0	201.933	0.0319116	0.2049
112.5	201.933	0.0236441	0.2123
117.0	201.933	0.0302317	0.219
121.5	201.933	0.0210106	0.1962
126.0	201.933	0.0345969	0.1811
130.5	201.933	0.0215243	0.1994
135.0	201.933	0.0346334	0.2018
139.5	201.933	0.0247602	0.2183
144.0	201.933	0.0253556	0.1843
148.5	201.933	0.0252976	0.2242
153.0	201.933	0.038821	0.1838
157.5	201.933	0.019015	0.1898
162.0	201.933	0.0296856	0.247
166.5	201.933	0.0279215	0.2402
171.0	201.933	0.0300708	0.2241
175.5	201.933	0.0207198	0.2137
180.0	201.933	0.0163179	0.2518
184.5	201.933	0.0156627	0.2692
189.0	201.933	0.017771	0.24
193.5	201.933	0.0151939	0.2631
198.0	201.933	0.0187575	0.2636
202.5	201.933	0.026931	0.2687
207.0	201.933	0.020199	0.2329
211.5	201.933	0.0232405	0.2488
216.0	201.933	0.0122047	0.2892
220.5	201.933	0.0135024	0.3056
225.0	201.933	0.0132272	0.2381
229.5	201.933	0.0182306	0.2622
234.0	201.933	0.0146299	0.2429
238.5	201.933	0.0190136	0.267
243.0	201.933	0.0115754	0.3044
247.5	201.933	0.0191657	0.2863
252.0	201.933	0.0179072	0.2656
256.5	201.933	0.0125394	0.2581
261.0	201.933	0.00834125	0.3315
265.5	201.933	0.0157016	0.3147
270.0	201.933	0.0130896	0.3021
274.5	201.933	0.0126618	0.2749
279.0	201.933	0.00973302	0.3082
283.5	201.933	0.0110187	0.2746
288.0	201.933	0.00653293	0.2836
292.5	201.933	0.0119516	0.3534
297.0	201.933	0.00879433	0.2682
301.5	201.933	0.0129867	0.3121
306.0	201.933	0.00771831	0.3758
310.5	201.933	0.017185	0.3495
315.0	201.933	0.00576343	0.3196
319.5	201.933	0.0113683	0.2812
324.0	201.933	0.0136515	0.3316
328.5	201.933	0.00472902	0.4525
333.0	201.933	0.00659596	0.3367
337.5	201.933	0.00735524	0.4373
342.0	201.933	0.00364438	0.3791
346.5	201.933	0.00489277	0.4343
351.0	201.933	0.00644898	0.4036
355.5	201.933	0.00340044	0.3066
360.0	201.933	0.00453104	0.506
364.5	201.933	0.00618668	0.4547
369.0	201.933	0.0112376	0.5805
373.5	201.933	0.00488449	0.5856
378.0	201.933	0.00351083	0.674
382.5	201.933	0.000997537	0.222
387.0	201.933	0.0044525	0.6785
391.5	201.933	0.000564591	0.2342
396.0	201.933	0.00299418	0.5842
400.5	201.933	0.00330508	0.4344
405.0	201.933	0.00273665	0.6897
409.5	201.933	0.00184191	0.5811
414.0	201.933	0.00190344	0.4917
418.5	201.933	0.000558335	0.2527
423.0	201.933	0.00159699	0.5832
427.5	201.933	0.00757651	0.5919
432.0	201.933	0.00123337	0.513
436.5	201.933	0.00264042	0.7566
441.0	201.933	0.00564396	0.6368
445.5	201.933	0.00331981	0.727
-450.0	204.5	0.00318465	0.6853
-445.5	204.5	0.00203718	0.6377
-441.0	204.5	0.00049549	0.2535
-436.5	204.5	0.000344402	0.2793
-432.0	204.5	0.000564419	0.4637
-427.5	204.5	0.000454605	0.6453
-423.0	204.5	0.000211681	0.4609
-418.5	204.5	0.00026303	0.4869
-414.0	204.5	0.00038958	0.3085
-409.5	204.5	0.00326507	0.9133
-405.0	204.5	0.000198873	0.3943
-400.5	204.5	0.000273669	0.3721
-396.0	204.5	0.000272455	0.3305
-391.5	204.5	0.000294896	0.3149
-387.0	204.5	0.000538617	0.2752
-382.5	204.5	0.0021965	0.8314
-378.0	204.5	0.00046931	0.2792
-373.5	204.5	0.000689886	0.2403
-369.0	204.5	0.0009066	0.2051
-364.5	204.5	0.00234745	0.5846
-360.0	204.5	0.000778484	0.1979
-355.5	204.5	0.000803641	0.2141
-351.0	204.5	0.000779912	0.2158
-346.5	204.5	0.000999068	0.1673
-342.0	204.5	0.00195253	0.4613
-337.5	204.5	0.00189501	0.2966
-333.0	204.5	0.00215597	0.4794
-328.5	204.5	0.00104441	0.1913
-324.0	204.5	0.00122806	0.1667
-319.5	204.5	0.00197768	0.4118
-315.0	204.5	0.00108505	0.1692
-310.5	204.5	0.00487017	0.6247
-306.0	204.5	0.00349896	0.4926
-301.5	204.5	0.00149225	0.1418
-297.0	204.5	0.00943797	0.4406
-292.5	204.5	0.00675568	0.5403
-288.0	204.5	0.00278857	0.2275
-283.5	204.5	0.00467639	0.4094
-279.0	204.5	0.0034132	0.421
-274.5	204.5	0.00232025	0.1496
-270.0	204.5	0.00868304	0.3963
-265.5	204.5	0.00323629	0.3109
-261.0	204.5	0.0102188	0.4577
-256.5	204.5	0.00792981	0.3784
-252.0	204.5	0.00819642	0.5275
-247.5	204.5	0.00457836	0.3783
-243.0	204.5	0.00586136	0.3268
-238.5	204.5	0.00558652	0.3677
-234.0	204.5	0.00540732	0.4557
-229.5	204.5	0.00346268	0.2479
-225.0	204.5	0.00404362	0.1971
-220.5	204.5	0.00911553	0.3737
-216.0	204.5	0.00833267	0.3911
-211.5	204.5	0.00792384	0.3097
-207.0	204.5	0.00785553	0.3026
-202.5	204.5	0.00425725	0.2432
-198.0	204.5	0.00514835	0.2593
-193.5	204.5	0.0157558	0.3074
-189.0	204.5	0.00646054	0.2934
-184.5	204.5	0.00596277	0.2455
-180.0	204.5	0.0130097	0.3716
-175.5	204.5	0.00972199	0.2976
-171.0	204.5	0.0121555	0.3161
-166.5	204.5	0.0127873	0.2612
-162.0	204.5	0.00851688	0.2906
-157.5	204.5	0.00953002	0.2583
-153.0	204.5	0.00898733	0.3381
-148.5	204.5	0.021615	0.2545
-144.0	204.5	0.0127802	0.2523
-139.5	204.5	0.0158538	0.3146
-135.0	204.5	0.0196982	0.2266
-130.5	204.5	0.0136568	0.2369
-126.0	204.5	0.0158491	0.2339
-121.5	204.5	0.0217356	0.2602
-117.0	204.5	0.0209484	0.2405
-112.5	204.5	0.0243802	0.2337
-108.0	204.5	0.0277364	0.2337
-103.5	204.5	0.0253435	0.256
-99.0	204.5	0.0275603	0.2304
-94.5	204.5	0.0207419	0.2242
-90.0	204.5	0.024709	0.1946
-85.5	204.5	0.0370404	0.1867
-81.0	204.5	0.0330059	0.2199
-76.5	204.5	0.0341785	0.1959
-72.0	204.5	0.0287242	0.2067
-67.5	204.5	0.02823	0.1925
-63.0	204.5	0.0312223	0.2743
-58.5	204.5	0.0310225	0.1829
-54.0	204.5	0.0294979	0.2177
-49.5	204.5	0.0333059	0.2396
-45.0	204.5	0.0483146	0.212
-40.5	204.5	0.0484038	0.1672
-36.0	204.5	0.0462505	0.1968
-31.5	204.5	0.0354545	0.1902
-27.0	204.5	0.0348993	0.1677
-22.5	204.5	0.0409817	0.1788
-18.0	204.5	0.0292434	0.1881
-13.5	204.5	0.0362873	0.1925
-9.0	204.5	0.0492939	0.1911
-4.5	204.5	0.0359653	0.153
0.0	204.5	0.0492124	0.1682
4.5	204.5	0.0386687	0.1593
9.0	204.5	0.0469001	0.2002
13.5	204.5	0.0515756	0.1567
18.0	204.5	0.0330291	0.1803
22.5	204.5	0.0396032	0.2034
27.0	204.5	0.0387831	0.1732
31.5	204.5	0.0334057	0.1705
36.0	204.5	0.033435	0.1763
40.5	204.5	0.0358326	0.2086
45.0	204.5	0.0311221	0.1698
49.5	204.5	0.0423777	0.1718
54.0	204.5	0.0305464	0.2454
58.5	204.5	0.0345885	0.1983
63.0	204.5	0.0471749	0.1947
67.5	204.5	0.0359624	0.1817
72.0	204.5	0.0423059	0.2132
76.5	204.5	0.0313617	0.1866
81.0	204.5	0.0368638	0.1644
85.5	204.5	0.0363809	0.2243
90.0	204.5	0.0369019	0.1937
94.5	204.5	0.0347776	0.2002
99.0	204.5	0.0316123	0.1974
103.5	204.5	0.030208	0.2084
108.0	204.5	0.0431469	0.1737
112.5	204.5	0.0409968	0.3866
117.0	204.5	0.0336394	0.2475
121.5	204.5	0.0277783	0.2011
126.0	204.5	0.0176875	0.3
130.5	204.5	0.0236253	0.198
135.0	204.5	0.0283824	0.2073
139.5	204.5	0.0286171	0.1922
144.0	204.5	0.0240335	0.1872
148.5	204.5	0.0197655	0.2352
153.0	204.5	0.0285133	0.214
157.5	204.5	0.0210605	0.2157
162.0	204.5	0.0198503	0.2194
166.5	204.5	0.0252522	0.3498
171.0	204.5	0.025125	0.1952
175.5	204.5	0.0154626	0.221
180.0	204.5	0.0261256	0.2403
184.5	204.5	0.022685	0.2207
189.0	204.5	0.0243502	0.2508
193.5	204.5	0.0175875	0.2976
198.0	204.5	0.0192979	0.2577
202.5	204.5	0.00904267	0.2834
207.0	204.5	0.0141302	0.2794
211.5	204.5	0.0189665	0.269
216.0	204.5	0.015932	0.2733
220.5	204.5	0.0181455	0.2485
225.0	204.5	0.0177702	0.2414
229.5	204.5	0.0139885	0.2582
234.0	204.5	0.00795633	0.2363
238.5	204.5	0.0172991	0.2744
243.0	204.5	0.0132333	0.2445
247.5	204.5	0.0150007	0.2542
252.0	204.5	0.0122371	0.2391
256.5	204.5	0.0143692	0.3067
261.0	204.5	0.0152765	0.3149
265.5	204.5	0.0202609	0.3069
270.0	204.5	0.00804054	0.2873
274.5	204.5	0.0125362	0.2827
279.0	204.5	0.0179505	0.2653
283.5	204.5	0.00868893	0.2835
288.0	204.5	0.00777596	0.3257
292.5	204.5	0.00871974	0.328
297.0	204.5	0.00726763	0.3955
301.5	204.5	0.0128854	0.2861
306.0	204.5	0.00658061	0.367
310.5	204.5	0.0101854	0.2521
315.0	204.5	0.0161652	0.2702
319.5	204.5	0.0123861	0.2485
324.0	204.5	0.007173	0.2671
328.5	204.5	0.00323067	0.211
333.0	204.5	0.0091078	0.3314
337.5	204.5	0.00656063	0.3309
342.0	204.5	0.00486435	0.3061
346.5	204.5	0.00227787	0.22
351.0	204.5	0.0127144	0.3214
355.5	204.5	0.00378208	0.3436
360.0	204.5	0.0078683	0.4697
364.5	204.5	0.00328462	0.3747
369.0	204.5	0.00336198	0.4056
373.5	204.5	0.00407138	0.6221
378.0	204.5	0.00767881	0.4448
382.5	204.5	0.00217824	0.6593
387.0	204.5	0.00494464	0.6186
391.5	204.5	0.0007411	0.3004
396.0	204.5	0.00197244	0.5725
400.5	204.5	0.000653038	0.2451
405.0	204.5	0.0014538	0.5628
409.5	204.5	0.00202647	0.7223
414.0	204.5	0.00330937	0.4728
418.5	204.5	0.00366958	0.6257
423.0	204.5	0.000608798	0.3333
427.5	204.5	0.0017307	0.6543
432.0	204.5	0.00157274	0.6506
436.5	204.5	0.00304257	0.6038
441.0	204.5	0.00169583	0.4617
445.5	204.5	0.00189886	0.6241
-450.0	207.067	0.00131439	0.8506
-445.5	207.067	0.000275521	0.3217
-441.0	207.067	0.000306711	0.3347
-436.5	207.067	0.000353559	0.3465
-432.0	207.067	0.000203933	0.4652
-427.5	207.067	0.00101547	0.6339
-423.0	207.067	0.000424594	0.3618
-418.5	207.067	0.00022962	0.3431
-414.0	207.067	0.00277578	0.888
-409.5	207.067	0.000193448	0.4164
-405.0	207.067	0.000274673	0.3242
-400.5	207.067	0.000211502	0.4311
-396.0	207.067	0.00137951	0.7872
-391.5	207.067	0.00462195	0.9275
-387.0	207.067	0.0018623	0.6004
-382.5	207.067	0.00294506	0.5646
-378.0	207.067	0.000574016	0.2556
-373.5	207.067	0.000572803	0.2574
-369.0	207.067	0.00241772	0.7694
-364.5	207.067	0.00101211	0.226
-360.0	207.067	0.000877623	0.2089
-355.5	207.067	0.000896924	0.1901
-351.0	207.067	0.00109563	0.2684
-346.5	207.067	0.00274803	0.5155
-342.0	207.067	0.00118218	0.1994
-337.5	207.067	0.00118559	0.158
-333.0	207.067	0.00101804	0.1754
-328.5	207.067	0.00105334	0.1718
-324.0	207.067	0.00102787	0.1667
-319.5	207.067	0.00106805	0.1859
-315.0	207.067	0.00262871	0.5485
-310.5	207.067	0.00172468	0.1682
-306.0	207.067	0.00195647	0.2484
-301.5	207.067	0.0062684	0.4425
-297.0	207.067	0.0064622	0.3752
-292.5	207.067	0.00755912	0.5369
-288.0	207.067	0.00477064	0.4168
-283.5	207.067	0.00514956	0.5248
-279.0	207.067	0.00337737	0.3526
-274.5	207.067	0.00506022	0.4135
-270.0	207.067	0.00569617	0.4857
-265.5	207.067	0.00966192	0.4072
-261.0	207.067	0.00442119	0.4482
-256.5	207.067	0.00337678	0.4487
-252.0	207.067	0.00328836	0.2849
-247.5	207.067	0.00413249	0.2597
-243.0	207.067	0.00473502	0.2749
-238.5	207.067	0.00702277	0.5258
-234.0	207.067	0.00258197	0.1186
-229.5	207.067	0.00355792	0.2706
-225.0	207.067	0.00772182	0.3633
-220.5	207.067	0.0030596	0.1624
-216.0	207.067	0.00691726	0.3356
-211.5	207.067	0.00753699	0.416
-207.0	207.067	0.002936	0.1101
-202.5	207.067	0.00436778	0.3914
-198.0	207.067	0.0115378	0.3047
-193.5	207.067	0.0146252	0.3515
-189.0	207.067	0.0059442	0.2822
-184.5	207.067	0.0133213	0.3005
-180.0	207.067	0.0125867	0.2758
-175.5	207.067	0.00930467	0.3325
-171.0	207.067	0.00708889	0.3508
-166.5	207.067	0.0162518	0.2543
-162.0	207.067	0.0196014	0.3103
-157.5	207.067	0.00791301	0.2624
-153.0	207.067	0.0216401	0.2456
-148.5	207.067	0.0173117	0.2595
-144.0	207.067	0.0183361	0.2434
-139.5	207.067	0.00939414	0.2817
-135.0	207.067	0.0119334	0.2621
-130.5	207.067	0.00929874	0.2418
-126.0	207.067	0.00861612	0.1801
-121.5	207.067	0.0195365	0.2281
-117.0	207.067	0.0249764	0.2283
-112.5	207.067	0.0271129	0.2361
-108.0	207.067	0.0177589	0.2299
-103.5	207.067	0.0177838	0.2465
-99.0	207.067	0.024776	0.2168
-94.5	207.067	0.0222153	0.2061
-90.0	207.067	0.0161109	0.2044
-85.5	207.067	0.0289317	0.2664
-81.0	207.067	0.0368176	0.2302
-76.5	207.067	0.0317561	0.2034
-72.0	207.067	0.0246548	0.1945
-67.5	207.067	0.0290906	0.2124
-63.0	207.067	0.0378525	0.2218
-58.5	207.067	0.0332962	0.2136
-54.0	207.067	0.039877	0.1988
-49.5	207.067	0.0326854	0.1866
-45.0	207.067	0.0326934	0.1909
-40.5	207.067	0.0360088	0.2008
-36.0	207.067	0.0296585	0.1774
-31.5	207.067	0.0356519	0.166
-27.0	207.067	0.041644	0.1791
-22.5	207.067	0.0445869	0.1824
-18.0	207.067	0.0349027	0.1764
-13.5	207.067	0.0387782	0.2037
-9.0	207.067	0.0390209	0.1735
-4.5	207.067	0.0407933	0.1771
0.0	207.067	0.0361032	0.1824
4.5	207.067	0.0576239	0.1579
9.0	207.067	0.0361276	0.177
13.5	207.067	0.0520532	0.1862
18.0	207.067	0.0383422	0.1765
22.5	207.067	0.0454488	0.1707
27.0	207.067	0.0436178	0.1952
31.5	207.067	0.0324861	0.1951
36.0	207.067	0.0294088	0.1684
40.5	207.067	0.042868	0.1848
45.0	207.067	0.0358063	0.2079
49.5	207.067	0.0323867	0.1957
54.0	207.067	0.0378341	0.1937
58.5	207.067	0.0268773	0.178
63.0	207.067	0.0417849	0.1815
67.5	207.067	0.0393556	0.1793
72.0	207.067	0.0356821	0.1871
76.5	207.067	0.0262835	0.2259
81.0	207.067	0.0296799	0.1989
85.5	207.067	0.031459	0.1915
90.0	207.067	0.0429004	0.1773
94.5	207.067	0.0347738	0.2119
99.0	207.067	0.0306945	0.1981
103.5	207.067	0.0377086	0.1981
108.0	207.067	0.0324582	0.2001
112.5	207.067	0.0245341	0.2374
117.0	207.067	0.0254627	0.2068
121.5	207.067	0.0195724	0.2058
126.0	207.067	0.0273519	0.2297
130.5	207.067	0.0183152	0.229
135.0	207.067	0.0284281	0.2032
139.5	207.067	0.0334802	0.2425
144.0	207.067	0.0200083	0.2183
148.5	207.067	0.0159483	0.2585
153.0	207.067	0.0143212	0.2094
157.5	207.067	0.0201249	0.2423
162.0	207.067	0.0125614	0.2192
166.5	207.067	0.0103661	0.2231
171.0	207.067	0.0227303	0.2145
175.5	207.067	0.0169465	0.2331
180.0	207.067	0.0228731	0.2857
184.5	207.067	0.0192994	0.1978
189.0	207.067	0.027009	0.2288
193.5	207.067	0.0243697	0.248
198.0	207.067	0.0200936	0.2712
202.5	207.067	0.0112667	0.2455
207.0	207.067	0.0104393	0.2961
211.5	207.067	0.0144547	0.3664
216.0	207.067	0.0181438	0.2599
220.5	207.067	0.0120188	0.3067
225.0	207.067	0.0202413	0.3502
229.5	207.067	0.0103159	0.2958
234.0	207.067	0.0172511	0.2861
238.5	207.067	0.0131914	0.3186
243.0	207.067	0.0170472	0.2413
247.5	207.067	0.013969	0.2507
252.0	207.067	0.0136235	0.285
256.5	207.067	0.00926996	0.2383
261.0	207.067	0.00849209	0.2575
265.5	207.067	0.0135939	0.2637
270.0	207.067	0.00663817	0.3083
274.5	207.067	0.0100113	0.2559
279.0	207.067	0.0074771	0.2812
283.5	207.067	0.00870077	0.3373
288.0	207.067	0.00917694	0.354
292.5	207.067	0.0159838	0.3016
297.0	207.067	0.00743945	0.3634
301.5	207.067	0.0125163	0.3322
306.0	207.067	0.0126849	0.2765
310.5	207.067	0.0136979	0.2848
315.0	207.067	0.00900882	0.2406
319.5	207.067	0.01805	0.3675
324.0	207.067	0.00637841	0.3475
328.5	207.067	0.00500212	0.3999
333.0	207.067	0.00441526	0.3245
337.5	207.067	0.00627712	0.3967
342.0	207.067	0.00370854	0.32
346.5	207.067	0.00531808	0.3239
351.0	207.067	0.00733815	0.4147
355.5	207.067	0.00536671	0.4786
360.0	207.067	0.00372788	0.4644
364.5	207.067	0.00202347	0.4612
369.0	207.067	0.00472322	0.4844
373.5	207.067	0.0026786	0.5942
378.0	207.067	0.00103344	0.2774
382.5	207.067	0.000583767	0.248
387.0	207.067	0.0037721	0.5869
391.5	207.067	0.00242255	0.6237
396.0	207.067	0.0020794	0.5
400.5	207.067	0.00352554	0.6192
405.0	207.067	0.00150736	0.7893
409.5	207.067	0.00168304	0.7237
414.0	207.067	0.00363044	0.4492
418.5	207.067	0.00703799	0.6491
423.0	207.067	0.00242143	0.602
427.5	207.067	0.00296101	0.5192
432.0	207.067	0.00271561	0.6805
436.5	207.067	0.00340195	0.5279
441.0	207.067	0.00346626	0.4515
445.5	207.067	0.00356888	0.6026
-450.0	209.633	0.000222914	0.3342
-445.5	209.633	0.00187434	0.8679
-441.0	209.633	0.00055033	0.3179
-436.5	209.633	0.000344877	0.3928
-432.0	209.633	0.000339234	0.3083
-427.5	209.633	0.000372947	0.2908
-423.0	209.633	0.000143749	0.4603
-418.5	209.633	0.000264245	0.3299
-414.0	209.633	0.00182704	0.7135
-409.5	209.633	0.000511034	0.6104
-405.0	209.633	0.000343521	0.3837
-400.5	209.633	0.000150686	0.4678
-396.0	209.633	0.000280325	0.3285
-391.5	209.633	0.000280997	0.3728
-387.0	209.633	0.00360797	0.8641
-382.5	209.633	0.0004456	0.2667
-378.0	209.633	0.000379739	0.2467
-373.5	209.633	0.000576534	0.2434
-369.0	209.633	0.000481495	0.2549
-364.5	209.633	0.000610861	0.2164
-360.0	209.633	0.000607344	0.2678
-355.5	209.633	0.0016011	0.4054
-351.0	209.633	0.00181956	0.6383
-346.5	209.633	0.0014256	0.2292
-342.0	209.633	0.0009739	0.1774
-337.5	209.633	0.000798246	0.1942
-333.0	209.633	0.000956608	0.1857
-328.5	209.633	0.00421009	0.5092
-324.0	209.633	0.00246807	0.4483
-319.5	209.633	0.00145937	0.1713
-315.0	209.633	0.00351379	0.5897
-310.5	209.633	0.0029663	0.5499
-306.0	209.633	0.00146998	0.223
-301.5	209.633	0.00759556	0.422
-297.0	209.633	0.0166692	0.724
-292.5	209.633	0.00993581	0.4888
-288.0	209.633	0.0023008	0.4807
-283.5	209.633	0.00283649	0.3023
-279.0	209.633	0.00712703	0.4032
-274.5	209.633	0.00764331	0.4097
-270.0	209.633	0.00410845	0.3567
-265.5	209.633	0.0031367	0.3685
-261.0	209.633	0.00565136	0.4471
-256.5	209.633	0.0037215	0.4924
-252.0	209.633	0.00813324	0.5768
-247.5	209.633	0.0036186	0.3839
-243.0	209.633	0.00243069	0.1231
-238.5	209.633	0.00727097	0.4022
-234.0	209.633	0.00351718	0.3325
-229.5	209.633	0.00572512	0.3055
-225.0	209.633	0.0086676	0.3528
-220.5	209.633	0.00451493	0.2752
-216.0	209.633	0.00739481	0.3213
-211.5	209.633	0.00777038	0.3962
-207.0	209.633	0.013048	0.3638
-202.5	209.633	0.00681983	0.4544
-198.0	209.633	0.0137076	0.3416
-193.5	209.633	0.0122275	0.3236
-189.0	209.633	0.0115696	0.2869
-184.5	209.633	0.012447	0.3267
-180.0	209.633	0.0106577	0.3078
-175.5	209.633	0.00678721	0.4618
-171.0	209.633	0.00972852	0.3055
-166.5	209.633	0.0165338	0.2967
-162.0	209.633	0.00946969	0.2672
-157.5	209.633	0.0104585	0.2659
-153.0	209.633	0.0218186	0.2677
-148.5	209.633	0.012402	0.3932
-144.0	209.633	0.0124245	0.2947
-139.5	209.633	0.00983072	0.2191
-135.0	209.633	0.0117811	0.3207
-130.5	209.633	0.00732991	0.1969
-126.0	209.633	0.0146904	0.2747
-121.5	209.633	0.0186357	0.2995
-117.0	209.633	0.0175735	0.2399
-112.5	209.633	0.0194767	0.2402
-108.0	209.633	0.0209478	0.1997
-103.5	209.633	0.0165053	0.2251
-99.0	209.633	0.0265215	0.2165
-94.5	209.633	0.0210315	0.2358
-90.0	209.633	0.0190054	0.2099
-85.5	209.633	0.024032	0.2243
-81.0	209.633	0.0226117	0.2165
-76.5	209.633	0.0225662	0.2359
-72.0	209.633	0.0253374	0.1935
-67.5	209.633	0.0336793	0.2036
-63.0	209.633	0.0371556	0.1999
-58.5	209.633	0.0365171	0.2035
-54.0	209.633	0.0290681	0.2046
-49.5	209.633	0.0235981	0.2095
-45.0	209.633	0.0405754	0.2442
-40.5	209.633	0.0336219	0.1874
-36.0	209.633	0.0411152	0.2023
-31.5	209.633	0.0355689	0.1827
-27.0	209.633	0.037761	0.177
-22.5	209.633	0.0350514	0.1994
-18.0	209.633	0.045768	0.1741
-13.5	209.633	0.031048	0.205
-9.0	209.633	0.0402385	0.1897
-4.5	209.633	0.0337676	0.1703
0.0	209.633	0.0320802	0.23
4.5	209.633	0.0524763	0.1593
9.0	209.633	0.0367684	0.1781
13.5	209.633	0.039408	0.1981
18.0	209.633	0.0241851	0.2221
22.5	209.633	0.0401871	0.1675
27.0	209.633	0.0330405	0.2025
31.5	209.633	0.0431053	0.1763
36.0	209.633	0.0407519	0.1778
40.5	209.633	0.0338813	0.2037
45.0	209.633	0.0324693	0.2049
49.5	209.633	0.0322335	0.1978
54.0	209.633	0.0219013	0.2085
58.5	209.633	0.0327834	0.2138
63.0	209.633	0.039237	0.1972
67.5	209.633	0.0358684	0.1874
72.0	209.633	0.0367814	0.1865
76.5	209.633	0.02638	0.1916
81.0	209.633	0.0249336	0.21
85.5	209.633	0.022487	0.2228
90.0	209.633	0.026708	0.1895
94.5	209.633	0.0274147	0.1793
99.0	209.633	0.0302003	0.2091
103.5	209.633	0.0360632	0.2174
108.0	209.633	0.0343484	0.1887
112.5	209.633	0.0203333	0.1815
117.0	209.633	0.022996	0.2105
121.5	209.633	0.0214142	0.2089
126.0	209.633	0.0305623	0.2212
130.5	209.633	0.0242941	0.2325
135.0	209.633	0.0238761	0.2209
139.5	209.633	0.0250157	0.2682
144.0	209.633	0.0231143	0.2599
148.5	209.633	0.018077	0.234
153.0	209.633	0.0255157	0.2198
157.5	209.633	0.0203094	0.2396
162.0	209.633	0.0236592	0.2329
166.5	209.633	0.0334594	0.2649
171.0	209.633	0.0121535	0.2527
175.5	209.633	0.026661	0.2556
180.0	209.633	0.0120932	0.291
184.5	209.633	0.0173114	0.2663
189.0	209.633	0.0136695	0.2019
193.5	209.633	0.0182175	0.2784
198.0	209.633	0.0136941	0.2832
202.5	209.633	0.0137026	0.2806
207.0	209.633	0.0149713	0.2853
211.5	209.633	0.015097	0.2579
216.0	209.633	0.0133065	0.2648
220.5	209.633	0.0195488	0.2601
225.0	209.633	0.0248261	0.3018
229.5	209.633	0.0156016	0.2912
234.0	209.633	0.0118043	0.243
238.5	209.633	0.0105464	0.4209
243.0	209.633	0.0162275	0.3048
247.5	209.633	0.0160916	0.2828
252.0	209.633	0.0242625	0.2496
256.5	209.633	0.0135897	0.2983
261.0	209.633	0.0100931	0.3169
265.5	209.633	0.0166049	0.2963
270.0	209.633	0.0117448	0.3175
274.5	209.633	0.00676147	0.2735
279.0	209.633	0.0149146	0.2985
283.5	209.633	0.00920084	0.2783
288.0	209.633	0.00804271	0.4064
292.5	209.633	0.00640956	0.3537
297.0	209.633	0.00958837	0.3355
301.5	209.633	0.0136387	0.2802
306.0	209.633	0.0168849	0.3028
310.5	209.633	0.0163747	0.2559
315.0	209.633	0.0119516	0.3699
319.5	209.633	0.00649981	0.3765
324.0	209.633	0.00972069	0.3639
328.5	209.633	0.00745508	0.3773
333.0	209.633	0.00790712	0.3956
337.5	209.633	0.00369722	0.2365
342.0	209.633	0.00660344	0.3899
346.5	209.633	0.00601649	0.3656
351.0	209.633	0.00356536	0.3679
355.5	209.633	0.00555051	0.5164
360.0	209.633	0.00354262	0.3725
364.5	209.633	0.00188105	0.2053
369.0	209.633	0.00321035	0.5741
373.5	209.633	0.00144415	0.4021
378.0	209.633	0.000745663	0.2371
382.5	209.633	0.000601516	0.2253
387.0	209.633	0.00277963	0.7308
391.5	209.633	0.00466437	0.6684
396.0	209.633	0.000530743	0.3808
400.5	209.633	0.00188147	0.7592
405.0	209.633	0.00238523	0.6335
409.5	209.633	0.00041624	0.3839
414.0	209.633	0.00246123	0.6759
418.5	209.633	0.000666354	0.217
423.0	209.633	0.00456159	0.8324
427.5	209.633	0.000634166	0.2499
432.0	209.633	0.00237463	0.5184
436.5	209.633	0.00478635	0.6788
441.0	209.633	0.00230845	0.7105
445.5	209.633	0.0018749	0.518
-450.0	212.2	0.000455754	0.3757
-445.5	212.2	0.000597512	0.6322
-441.0	212.2	0.00025011	0.3275
-436.5	212.2	0.00020805	0.3318
-432.0	212.2	0.000558499	0.2582
-427.5	212.2	0.00059891	0.265
-423.0	212.2	0.000368069	0.2803
-418.5	212.2	0.00127327	0.6356
-414.0	212.2	0.000968336	0.7524
-409.5	212.2	0.000476317	0.3012
-405.0	212.2	0.000257883	0.3965
-400.5	212.2	0.000260443	0.369
-396.0	212.2	0.000453279	0.3073
-391.5	212.2	0.00191948	0.8374
-387.0	212.2	0.00196486	0.7725
-382.5	212.2	0.000472275	0.2801
-378.0	212.2	0.0016286	0.5168
-373.5	212.2	0.000483399	0.2489
-369.0	212.2	0.000549376	0.2594
-364.5	212.2	0.000621821	0.2194
-360.0	212.2	0.0011703	0.3435
-355.5	212.2	0.00298643	0.5208
-351.0	212.2	0.00106827	0.2139
-346.5	212.2	0.0015747	0.2472
-342.0	212.2	0.00120637	0.262
-337.5	212.2	0.00109858	0.2788
-333.0	212.2	0.000975334	0.297
-328.5	212.2	0.00200599	0.4623
-324.0	212.2	0.00155261	0.2536
-319.5	212.2	0.00392192	0.6176
-315.0	212.2	0.00288294	0.5486
-310.5	212.2	0.00121158	0.1731
-306.0	212.2	0.00405719	0.708
-301.5	212.2	0.00328648	0.4764
-297.0	212.2	0.00405293	0.6338
-292.5	212.2	0.00347519	0.3782
-288.0	212.2	0.00319824	0.4957
-283.5	212.2	0.00280254	0.3286
-279.0	212.2	0.0081891	0.3882
-274.5	212.2	0.00498361	0.4997
-270.0	212.2	0.00425408	0.3906
-265.5	212.2	0.00511968	0.5876
-261.0	212.2	0.00223887	0.2712
-256.5	212.2	0.00857781	0.4452
-252.0	212.2	0.00423415	0.3973
-247.5	212.2	0.00246389	0.1851
-243.0	212.2	0.00498305	0.4544
-238.5	212.2	0.00464305	0.3473
-234.0	212.2	0.00749218	0.3656
-229.5	212.2	0.00399985	0.2734
-225.0	212.2	0.00480235	0.3865
-220.5	212.2	0.00464895	0.2679
-216.0	212.2	0.00770273	0.3411
-211.5	212.2	0.00617047	0.3194
-207.0	212.2	0.0120654	0.3202
-202.5	212.2	0.0069177	0.3133
-198.0	212.2	0.0115683	0.3797
-193.5	212.2	0.00297169	0.1188
-189.0	212.2	0.0131565	0.363
-184.5	212.2	0.0121081	0.4251
-180.0	212.2	0.0124411	0.3199
-175.5	212.2	0.0137982	0.4691
-171.0	212.2	0.0125772	0.2928
-166.5	212.2	0.0100621	0.2817
-162.0	212.2	0.0125536	0.275
-157.5	212.2	0.0175296	0.2403
-153.0	212.2	0.0154149	0.2646
-148.5	212.2	0.0123774	0.3202
-144.0	212.2	0.0104823	0.31
-139.5	212.2	0.00768388	0.2124
-135.0	212.2	0.00639766	0.2382
-130.5	212.2	0.00734787	0.1912
-126.0	212.2	0.0150442	0.2817
-121.5	212.2	0.0124313	0.2731
-117.0	212.2	0.0114927	0.2743
-112.5	212.2	0.0196955	0.2766
-108.0	212.2	0.01944	0.2202
-103.5	212.2	0.0189502	0.231
-99.0	212.2	0.0209269	0.234
-94.5	212.2	0.0220396	0.2431
-90.0	212.2	0.0250413	0.2528
-85.5	212.2	0.0336191	0.2013
-81.0	212.2	0.0298637	0.2174
-76.5	212.2	0.0248925	0.2455
-72.0	212.2	0.0202466	0.2284
-67.5	212.2	0.0317502	0.2505
-63.0	212.2	0.0229689	0.2118
-58.5	212.2	0.0234049	0.2291
-54.0	212.2	0.0333036	0.2798
-49.5	212.2	0.0211414	0.2142
-45.0	212.2	0.0315744	0.2242
-40.5	212.2	0.0242438	0.2065
-36.0	212.2	0.0256734	0.1972
-31.5	212.2	0.0323423	0.1945
-27.0	212.2	0.0229674	0.1932
-22.5	212.2	0.0236363	0.1792
-18.0	212.2	0.0440725	0.1586
-13.5	212.2	0.045193	0.1855
-9.0	212.2	0.0312361	0.2046
-4.5	212.2	0.0322202	0.1899
0.0	212.2	0.0444198	0.1727
4.5	212.2	0.0302556	0.191
9.0	212.2	0.0296845	0.182
13.5	212.2	0.0247497	0.1935
18.0	212.2	0.0242024	0.1858
22.5	212.2	0.0334037	0.1902
27.0	212.2	0.0466405	0.1939
31.5	212.2	0.0272357	0.2088
36.0	212.2	0.033749	0.2011
40.5	212.2	0.0327706	0.2121
45.0	212.2	0.0178706	0.2003
49.5	212.2	0.0241566	0.165
54.0	212.2	0.0373278	0.2071
58.5	212.2	0.0287359	0.2173
63.0	212.2	0.0334631	0.2168
67.5	212.2	0.0338465	0.1968
72.0	212.2	0.0216578	0.2389
76.5	212.2	0.0271806	0.2322
81.0	212.2	0.0217555	0.2439
85.5	212.2	0.0305065	0.2054
90.0	212.2	0.0337037	0.2077
94.5	212.2	0.0344244	0.1689
99.0	212.2	0.0277279	0.2277
103.5	212.2	0.0247788	0.2202
108.0	212.2	0.0235138	0.2066
112.5	212.2	0.0202524	0.2194
117.0	212.2	0.0361869	0.1901
121.5	212.2	0.0210214	0.1919
126.0	212.2	0.0284898	0.2401
130.5	212.2	0.0195196	0.2379
135.0	212.2	0.0191526	0.229
139.5	212.2	0.0248955	0.2545
144.0	212.2	0.0214594	0.2427
148.5	212.2	0.0155342	0.2815
153.0	212.2	0.0158452	0.2694
157.5	212.2	0.0188607	0.2716
162.0	212.2	0.0248731	0.2366
166.5	212.2	0.0165068	0.2759
171.0	212.2	0.0209104	0.3225
175.5	212.2	0.0178686	0.2724
180.0	212.2	0.013314	0.249
184.5	212.2	0.0139273	0.2826
189.0	212.2	0.0177922	0.2829
193.5	212.2	0.0183259	0.2516
198.0	212.2	0.0172509	0.2741
202.5	212.2	0.02533	0.2423
207.0	212.2	0.00947712	0.266
211.5	212.2	0.0117511	0.2994
216.0	212.2	0.0116045	0.319
220.5	212.2	0.0202699	0.2662
225.0	212.2	0.00985572	0.2451
229.5	212.2	0.0135957	0.2539
234.0	212.2	0.0108823	0.3041
238.5	212.2	0.00773552	0.4029
243.0	212.2	0.016649	0.2706
247.5	212.2	0.0146623	0.2625
252.0	212.2	0.0208508	0.2521
256.5	212.2	0.00723365	0.2801
261.0	212.2	0.00910248	0.2955
265.5	212.2	0.0143267	0.3017
270.0	212.2	0.00566546	0.331
274.5	212.2	0.00581887	0.3004
279.0	212.2	0.00592088	0.2589
283.5	212.2	0.0115823	0.3338
288.0	212.2	0.00384542	0.1925
292.5	212.2	0.00885515	0.3294
297.0	212.2	0.00755146	0.3383
301.5	212.2	0.0104044	0.3031
306.0	212.2	0.0108841	0.3002
310.5	212.2	0.0118436	0.3252
315.0	212.2	0.00562909	0.4437
319.5	212.2	0.0100963	0.3939
324.0	212.2	0.00736974	0.3774
328.5	212.2	0.00541122	0.534
333.0	212.2	0.00472118	0.304
337.5	212.2	0.005089	0.3776
342.0	212.2	0.0069113	0.4375
346.5	212.2	0.00398575	0.472
351.0	212.2	0.00400015	0.4213
355.5	212.2	0.00414215	0.5837
360.0	212.2	0.0029977	0.4121
364.5	212.2	0.00270486	0.3549
369.0	212.2	0.00164276	0.4909
373.5	212.2	0.00974988	0.3849
378.0	212.2	0.00412759	0.4998
382.5	212.2	0.00264841	0.5512
387.0	212.2	0.001738	0.6279
391.5	212.2	0.00487631	0.6382
396.0	212.2	0.000466303	0.307
400.5	212.2	0.00343476	0.5422
405.0	212.2	0.000515616	0.2998
409.5	212.2	0.00220159	0.8652
414.0	212.2	0.0010644	0.5146
418.5	212.2	0.00561857	0.6446
423.0	212.2	0.00158414	0.5171
427.5	212.2	0.00216452	0.6625
432.0	212.2	0.0010499	0.3088
436.5	212.2	0.00187831	0.657
441.0	212.2	0.00310267	0.8076
445.5	212.2	0.00207049	0.7095
-450.0	214.767	0.000254136	0.3444
-445.5	214.767	0.000284071	0.3181
-441.0	214.767	0.000471133	0.271
-436.5	214.767	0.0004133	0.2684
-432.0	214.767	0.000550806	0.3531
-427.5	214.767	0.000367922	0.3127
-423.0	214.767	0.000633176	0.6731
-418.5	214.767	0.00140825	0.7878
-414.0	214.767	0.000289766	0.395
-409.5	214.767	0.000183809	0.4031
-405.0	214.767	0.00192802	0.8987
-400.5	214.767	0.000431129	0.4231
-396.0	214.767	0.000313755	0.4061
-391.5	214.767	0.00328047	0.9494
-387.0	214.767	0.00027799	0.3004
-382.5	214.767	0.000886724	0.5782
-378.0	214.767	0.000430506	0.2742
-373.5	214.767	0.00174136	0.7027
-369.0	214.767	0.000567488	0.212
-364.5	214.767	0.00175351	0.4974
-360.0	214.767	0.0007326	0.2452
-355.5	214.767	0.000709131	0.2305
-351.0	214.767	0.000988204	0.2117
-346.5	214.767	0.000758864	0.2034
-342.0	214.767	0.00261729	0.6907
-337.5	214.767	0.00118645	0.3152
-333.0	214.767	0.00106501	0.167
-328.5	214.767	0.00109246	0.1915
-324.0	214.767	0.00195329	0.4542
-319.5	214.767	0.00117117	0.1513
-315.0	214.767	0.00130776	0.1899
-310.5	214.767	0.00114113	0.168
-306.0	214.767	0.00273737	0.4907
-301.5	214.767	0.00554724	0.7411
-297.0	214.767	0.00336358	0.4633
-292.5	214.767	0.00217733	0.3947
-288.0	214.767	0.00218716	0.3523
-283.5	214.767	0.00308017	0.3815
-279.0	214.767	0.00598266	0.4843
-274.5	214.767	0.00501216	0.4138
-270.0	214.767	0.00466961	0.492
-265.5	214.767	0.0016539	0.1377
-261.0	214.767	0.00200548	0.1322
-256.5	214.767	0.0029961	0.2817
-252.0	214.767	0.00317159	0.3671
-247.5	214.767	0.00633834	0.3741
-243.0	214.767	0.00657865	0.3663
-238.5	214.767	0.00431797	0.5933
-234.0	214.767	0.00698523	0.3439
-229.5	214.767	0.0150018	0.5862
-225.0	214.767	0.00692801	0.4497
-220.5	214.767	0.00363876	0.3174
-216.0	214.767	0.00537804	0.4056
-211.5	214.767	0.00884744	0.3988
-207.0	214.767	0.0027161	0.1709
-202.5	214.767	0.00718766	0.4608
-198.0	214.767	0.00914123	0.4306
-193.5	214.767	0.0100098	0.422
-189.0	214.767	0.00515822	0.2277
-184.5	214.767	0.00928075	0.4018
-180.0	214.767	0.012291	0.3909
-175.5	214.767	0.0096394	0.3841
-171.0	214.767	0.0174402	0.2721
-166.5	214.767	0.00326892	0.1091
-162.0	214.767	0.00803352	0.2471
-157.5	214.767	0.013118	0.3826
-153.0	214.767	0.0114497	0.3036
-148.5	214.767	0.0219191	0.2757
-144.0	214.767	0.011675	0.2667
-139.5	214.767	0.00668012	0.1808
-135.0	214.767	0.0131871	0.2879
-130.5	214.767	0.0110112	0.312
-126.0	214.767	0.0144518	0.229
-121.5	214.767	0.0126421	0.3236
-117.0	214.767	0.0109125	0.2376
-112.5	214.767	0.0139109	0.2352
-108.0	214.767	0.0208093	0.2771
-103.5	214.767	0.0235226	0.2218
-99.0	214.767	0.0178058	0.2173
-94.5	214.767	0.0308269	0.2108
-90.0	214.767	0.0191303	0.2466
-85.5	214.767	0.0215273	0.2504
-81.0	214.767	0.0279769	0.2353
-76.5	214.767	0.0316669	0.1865
-72.0	214.767	0.0115498	0.2051
-67.5	214.767	0.0235427	0.2219
-63.0	214.767	0.0218471	0.1733
-58.5	214.767	0.0343419	0.1966
-54.0	214.767	0.0343049	0.2381
-49.5	214.767	0.0201477	0.229
-45.0	214.767	0.0281403	0.1976
-40.5	214.767	0.0260568	0.2137
-36.0	214.767	0.0293661	0.1847
-31.5	214.767	0.0379083	0.1781
-27.0	214.767	0.0224839	0.1987
-22.5	214.767	0.0229516	0.2114
-18.0	214.767	0.0226109	0.2037
-13.5	214.767	0.0336652	0.201
-9.0	214.767	0.0238744	0.1762
-4.5	214.767	0.0359271	0.2314
0.0	214.767	0.0284724	0.1857
4.5	214.767	0.0290732	0.2155
9.0	214.767	0.0324995	0.1803
13.5	214.767	0.0345519	0.2166
18.0	214.767	0.0267997	0.2409
22.5	214.767	0.03615	0.1811
27.0	214.767	0.0275343	0.1908
31.5	214.767	0.0217797	0.1938
36.0	214.767	0.0298189	0.1856
40.5	214.767	0.0257155	0.2238
45.0	214.767	0.0267028	0.1884
49.5	214.767	0.0216721	0.2306
54.0	214.767	0.0274536	0.2829
58.5	214.767	0.0254236	0.2049
63.0	214.767	0.0297515	0.216
67.5	214.767	0.0282805	0.2301
72.0	214.767	0.0202841	0.1914
76.5	214.767	0.0294598	0.3695
81.0	214.767	0.0200001	0.2284
85.5	214.767	0.0287899	0.2071
90.0	214.767	0.0373011	0.1923
94.5	214.767	0.0360793	0.1935
99.0	214.767	0.0324051	0.2299
103.5	214.767	0.0281943	0.2502
108.0	214.767	0.0283041	0.1893
112.5	214.767	0.014126	0.2055
117.0	214.767	0.0214957	0.2074
121.5	214.767	0.0273851	0.2326
126.0	214.767	0.0295111	0.2259
130.5	214.767	0.0372863	0.5022
135.0	214.767	0.0208116	0.2284
139.5	214.767	0.0216481	0.2362
144.0	214.767	0.0156684	0.2371
148.5	214.767	0.0244318	0.2434
153.0	214.767	0.0218096	0.2472
157.5	214.767	0.022622	0.2945
162.0	214.767	0.016652	0.272
166.5	214.767	0.0128899	0.2251
171.0	214.767	0.0104195	0.2781
175.5	214.767	0.00960881	0.267
180.0	214.767	0.0167568	0.2474
184.5	214.767	0.0136777	0.2747
189.0	214.767	0.0138231	0.301
193.5	214.767	0.0144618	0.2799
198.0	214.767	0.0178769	0.328
202.5	214.767	0.017187	0.285
207.0	214.767	0.0129122	0.2542
211.5	214.767	0.011361	0.2631
216.0	214.767	0.0167999	0.2787
220.5	214.767	0.0214482	0.33
225.0	214.767	0.00803015	0.2125
229.5	214.767	0.00749298	0.2588
234.0	214.767	0.0114409	0.3099
238.5	214.767	0.00569818	0.288
243.0	214.767	0.0131988	0.3041
247.5	214.767	0.0100758	0.2866
252.0	214.767	0.0210134	0.2813
256.5	214.767	0.00820774	0.3458
261.0	214.767	0.0121213	0.3233
265.5	214.767	0.00492497	0.3003
270.0	214.767	0.00877219	0.3898
274.5	214.767	0.00747419	0.4285
279.0	214.767	0.0124205	0.3482
283.5	214.767	0.00689983	0.2825
288.0	214.767	0.00915585	0.3296
292.5	214.767	0.00419538	0.2522
297.0	214.767	0.00578129	0.4186
301.5	214.767	0.00874203	0.308
306.0	214.767	0.0118139	0.3553
310.5	214.767	0.0107385	0.314
315.0	214.767	0.00540053	0.396
319.5	214.767	0.0141072	0.3741
324.0	214.767	0.00789802	0.322
328.5	214.767	0.00208325	0.1497
333.0	214.767	0.00915146	0.4032
337.5	214.767	0.00395393	0.4017
342.0	214.767	0.00758543	0.353
346.5	214.767	0.00441986	0.4278
351.0	214.767	0.00528069	0.4001
355.5	214.767	0.00854232	0.4998
360.0	214.767	0.00560981	0.4675
364.5	214.767	0.00366866	0.4984
369.0	214.767	0.00116373	0.1984
373.5	214.767	0.00294187	0.4274
378.0	214.767	0.00467412	0.6617
382.5	214.767	0.00427339	0.6337
387.0	214.767	0.00211125	0.5492
391.5	214.767	0.00554843	0.6169
396.0	214.767	0.000948963	0.5561
400.5	214.767	0.00246745	0.5011
405.0	214.767	0.00498831	0.5332
409.5	214.767	0.00176157	0.5525
414.0	214.767	0.00163715	0.8992
418.5	214.767	0.00160814	0.553
423.0	214.767	0.00485838	0.6764
427.5	214.767	0.000466427	0.2614
432.0	214.767	0.00302649	0.6032
436.5	214.767	0.00137155	0.4226
441.0	214.767	0.00166762	0.5517
445.5	214.767	0.00460199	0.5856
-450.0	217.333	0.000213952	0.3467
-445.5	217.333	0.000535163	0.3358
-441.0	217.333	0.000842312	0.5088
-436.5	217.333	0.000331702	0.301
-432.0	217.333	0.00201682	0.7748
-427.5	217.333	0.00109017	0.6269
-423.0	217.333	0.00171788	0.8671
-418.5	217.333	0.000508942	0.2894
-414.0	217.333	0.000295634	0.3656
-409.5	217.333	0.000161503	0.4722
-405.0	217.333	0.00019861	0.4157
-400.5	217.333	0.00266951	0.7688
-396.0	217.333	0.000513704	0.497
-391.5	217.333	0.00119776	0.7513
-387.0	217.333	0.000995378	0.532
-382.5	217.333	0.000448576	0.2522
-378.0	217.333	0.000527074	0.2623
-373.5	217.333	0.000388874	0.2727
-369.0	217.333	0.000393005	0.2568
-364.5	217.333	0.000841715	0.4467
-360.0	217.333	0.00257359	0.7108
-355.5	217.333	0.000753532	0.2279
-351.0	217.333	0.000835695	0.2005
-346.5	217.333	0.000904928	0.1975
-342.0	217.333	0.00208741	0.5056
-337.5	217.333	0.000707312	0.2
-333.0	217.333	0.00113096	0.1829
-328.5	217.333	0.0014527	0.4466
-324.0	217.333	0.001217	0.1611
-319.5	217.333	0.00105938	0.2209
-315.0	217.333	0.00522508	0.6012
-310.5	217.333	0.00172684	0.3376
-306.0	217.333	0.00358986	0.7253
-301.5	217.333	0.00305346	0.5086
-297.0	217.333	0.00343912	0.4799
-292.5	217.333	0.00509041	0.5233
-288.0	217.333	0.00421932	0.6957
-283.5	217.333	0.00443272	0.456
-279.0	217.333	0.003624	0.5107
-274.5	217.333	0.00357248	0.3665
-270.0	217.333	0.00255157	0.3524
-265.5	217.333	0.00187065	0.1449
-261.0	217.333	0.00227059	0.1464
-256.5	217.333	0.00274336	0.3679
-252.0	217.333	0.00550421	0.4658
-247.5	217.333	0.00383988	0.4623
-243.0	217.333	0.00433661	0.3248
-238.5	217.333	0.00669223	0.4108
-234.0	217.333	0.00350392	0.2097
-229.5	217.333	0.00458118	0.3575
-225.0	217.333	0.00492252	0.6339
-220.5	217.333	0.00868548	0.4359
-216.0	217.333	0.00534311	0.3473
-211.5	217.333	0.00374243	0.4721
-207.0	217.333	0.00655738	0.3389
-202.5	217.333	0.00256419	0.1284
-198.0	217.333	0.0119551	0.3451
-193.5	217.333	0.0124157	0.3836
-189.0	217.333	0.0035711	0.1838
-184.5	217.333	0.00846665	0.5115
-180.0	217.333	0.00436445	0.2124
-175.5	217.333	0.0118207	0.3522
-171.0	217.333	0.0163413	0.3042
-166.5	217.333	0.00785212	0.3155
-162.0	217.333	0.0188388	0.3789
-157.5	217.333	0.00870559	0.3521
-153.0	217.333	0.0124332	0.3229
-148.5	217.333	0.0137212	0.2928
-144.0	217.333	0.00925687	0.2553
-139.5	217.333	0.0114096	0.2593
-135.0	217.333	0.00817715	0.2952
-130.5	217.333	0.00817824	0.3393
-126.0	217.333	0.0115006	0.2733
-121.5	217.333	0.0132577	0.2647
-117.0	217.333	0.0100983	0.3009
-112.5	217.333	0.00956677	0.2347
-108.0	217.333	0.0119506	0.2682
-103.5	217.333	0.030685	0.2161
-99.0	217.333	0.0155322	0.2176
-94.5	217.333	0.0179226	0.3139
-90.0	217.333	0.0170011	0.2822
-85.5	217.333	0.0235138	0.259
-81.0	217.333	0.0198513	0.2304
-76.5	217.333	0.0243225	0.2333
-72.0	217.333	0.0221512	0.2929
-67.5	217.333	0.0312706	0.2065
-63.0	217.333	0.0378403	0.2131
-58.5	217.333	0.0283505	0.2065
-54.0	217.333	0.0289347	0.3206
-49.5	217.333	0.02328	0.2192
-45.0	217.333	0.0247051	0.2297
-40.5	217.333	0.0242052	0.2282
-36.0	217.333	0.0121287	0.2129
-31.5	217.333	0.0268483	0.1934
-27.0	217.333	0.0239665	0.2181
-22.5	217.333	0.0342073	0.1853
-18.0	217.333	0.0246872	0.1938
-13.5	217.333	0.0276201	0.2384
-9.0	217.333	0.040707	0.2749
-4.5	217.333	0.0270385	0.237
0.0	217.333	0.0371235	0.2005
4.5	217.333	0.0248157	0.1847
9.0	217.333	0.0334792	0.2155
13.5	217.333	0.0385178	0.195
18.0	217.333	0.0376789	0.2522
22.5	217.333	0.0243876	0.2101
27.0	217.333	0.0257858	0.224
31.5	217.333	0.0335892	0.236
36.0	217.333	0.0255624	0.216
40.5	217.333	0.0212291	0.2441
45.0	217.333	0.0273089	0.2709
49.5	217.333	0.0200381	0.2384
54.0	217.333	0.0174496	0.2414
58.5	217.333	0.0324347	0.2274
63.0	217.333	0.0346442	0.3194
67.5	217.333	0.0292901	0.2028
72.0	217.333	0.0259643	0.2277
76.5	217.333	0.0287378	0.2252
81.0	217.333	0.0290651	0.1923
85.5	217.333	0.0312778	0.1859
90.0	217.333	0.0283806	0.1983
94.5	217.333	0.0302977	0.1767
99.0	217.333	0.0240467	0.2298
103.5	217.333	0.023301	0.2374
108.0	217.333	0.0187728	0.195
112.5	217.333	0.0289695	0.2188
117.0	217.333	0.0290853	0.2212
121.5	217.333	0.0284041	0.2354
126.0	217.333	0.0203014	0.2094
130.5	217.333	0.0131639	0.3077
135.0	217.333	0.0209994	0.2287
139.5	217.333	0.0225269	0.2526
144.0	217.333	0.025295	0.2245
148.5	217.333	0.0121659	0.235
153.0	217.333	0.0140423	0.308
157.5	217.333	0.015346	0.3088
162.0	217.333	0.0106767	0.2433
166.5	217.333	0.00832276	0.2837
171.0	217.333	0.0143173	0.2608
175.5	217.333	0.00878526	0.2117
180.0	217.333	0.0189855	0.2722
184.5	217.333	0.0188599	0.3036
189.0	217.333	0.0106286	0.2467
193.5	217.333	0.0179906	0.2604
198.0	217.333	0.0116528	0.2365
202.5	217.333	0.0210961	0.3806
207.0	217.333	0.00820085	0.232
211.5	217.333	0.0152285	0.3241
216.0	217.333	0.0134009	0.2403
220.5	217.333	0.00947072	0.4403
225.0	217.333	0.0169769	0.3191
229.5	217.333	0.0106212	0.417
234.0	217.333	0.010227	0.3188
238.5	217.333	0.0133757	0.3327
243.0	217.333	0.0171211	0.3037
247.5	217.333	0.0102418	0.3445
252.0	217.333	0.014068	0.3128
256.5	217.333	0.00652063	0.2993
261.0	217.333	0.0144568	0.2939
265.5	217.333	0.00427212	0.3107
270.0	217.333	0.00641223	0.377
274.5	217.333	0.00848195	0.42
279.0	217.333	0.0115137	0.3727
283.5	217.333	0.00827024	0.2705
288.0	217.333	0.00940162	0.3589
292.5	217.333	0.0124626	0.3621
297.0	217.333	0.0128416	0.3531
301.5	217.333	0.0117533	0.3393
306.0	217.333	0.0139021	0.2789
310.5	217.333	0.00960437	0.3771
315.0	217.333	0.00734744	0.3921
319.5	217.333	0.0112586	0.3868
324.0	217.333	0.00971674	0.3414
328.5	217.333	0.00604167	0.4059
333.0	217.333	0.00476559	0.5634
337.5	217.333	0.0080488	0.3735
342.0	217.333	0.00660944	0.343
346.5	217.333	0.00851038	0.3711
351.0	217.333	0.00385409	0.4491
355.5	217.333	0.00244452	0.4146
360.0	217.333	0.00237431	0.4278
364.5	217.333	0.00414101	0.5548
369.0	217.333	0.00180345	0.5069
373.5	217.333	0.00185337	0.5793
378.0	217.333	0.0037207	0.4704
382.5	217.333	0.00301032	0.504
387.0	217.333	0.00490938	0.6371
391.5	217.333	0.00146421	0.7518
396.0	217.333	0.00267451	0.6396
400.5	217.333	0.000271929	0.3606
405.0	217.333	0.00264257	0.6799
409.5	217.333	0.00114746	0.6745
414.0	217.333	0.00215295	0.4863
418.5	217.333	0.000554553	0.4908
423.0	217.333	0.00266047	0.6034
427.5	217.333	0.00429111	0.7144
432.0	217.333	0.00133819	0.4948
436.5	217.333	0.00122156	0.5065
441.0	217.333	0.00241234	0.3944
445.5	217.333	0.00346487	0.5951
-450.0	219.9	0.0011359	0.6692
-445.5	219.9	0.00180742	0.7177
-441.0	219.9	0.000335419	0.3116
-436.5	219.9	0.000623639	0.4118
-432.0	219.9	0.000965669	0.6681
-427.5	219.9	0.00196876	0.7793
-423.0	219.9	0.000448124	0.2788
-418.5	219.9	0.000380926	0.3854
-414.0	219.9	0.000316018	0.3817
-409.5	219.9	0.000880094	0.8161
-405.0	219.9	0.00445887	0.6501
-400.5	219.9	0.00102575	0.65
-396.0	219.9	0.000272758	0.3755
-391.5	219.9	0.000873443	0.5585
-387.0	219.9	0.000381627	0.2666
-382.5	219.9	0.000384446	0.2675
-378.0	219.9	0.000669555	0.2483
-373.5	219.9	0.000656311	0.2672
-369.0	219.9	0.00060181	0.2807
-364.5	219.9	0.00268056	0.781
-360.0	219.9	0.000861477	0.1974
-355.5	219.9	0.000730542	0.2327
-351.0	219.9	0.000599587	0.2208
-346.5	219.9	0.000709249	0.2227
-342.0	219.9	0.00074063	0.1973
-337.5	219.9	0.00076102	0.2148
-333.0	219.9	0.00154169	0.3141
-328.5	219.9	0.00435131	0.6309
-324.0	219.9	0.0040416	0.6034
-319.5	219.9	0.00346889	0.6763
-315.0	219.9	0.0032716	0.6352
-310.5	219.9	0.00279913	0.4168
-306.0	219.9	0.00675992	0.6148
-301.5	219.9	0.00695579	0.6311
-297.0	219.9	0.00634674	0.6342
-292.5	219.9	0.00409172	0.4854
-288.0	219.9	0.00116001	0.1643
-283.5	219.9	0.00652861	0.603
-279.0	219.9	0.00556836	0.7932
-274.5	219.9	0.00806051	0.5321
-270.0	219.9	0.00115574	0.1805
-265.5	219.9	0.00404602	0.4396
-261.0	219.9	0.00558666	0.4812
-256.5	219.9	0.00871271	0.4483
-252.0	219.9	0.00446177	0.4296
-247.5	219.9	0.00461498	0.3669
-243.0	219.9	0.00609345	0.488
-238.5	219.9	0.00611385	0.4666
-234.0	219.9	0.00523094	0.4675
-229.5	219.9	0.00373053	0.4275
-225.0	219.9	0.00441769	0.3089
-220.5	219.9	0.00704859	0.3818
-216.0	219.9	0.00575006	0.4253
-211.5	219.9	0.00533371	0.4472
-207.0	219.9	0.00350876	0.1973
-202.5	219.9	0.0112204	0.4133
-198.0	219.9	0.0123749	0.3589
-193.5	219.9	0.0065384	0.2881
-189.0	219.9	0.00329032	0.184
-184.5	219.9	0.00386507	0.2199
-180.0	219.9	0.0139287	0.3735
-175.5	219.9	0.0155486	0.3812
-171.0	219.9	0.0108608	0.3194
-166.5	219.9	0.00769832	0.4425
-162.0	219.9	0.011114	0.2523
-157.5	219.9	0.0103033	0.3459
-153.0	219.9	0.00974214	0.3491
-148.5	219.9	0.0100814	0.3188
-144.0	219.9	0.00906715	0.3778
-139.5	219.9	0.00840087	0.3485
-135.0	219.9	0.00933069	0.3013
-130.5	219.9	0.0110143	0.3178
-126.0	219.9	0.00927687	0.3506
-121.5	219.9	0.016573	0.2697
-117.0	219.9	0.021211	0.3272
-112.5	219.9	0.0075691	0.2805
-108.0	219.9	0.0139773	0.2467
-103.5	219.9	0.0201562	0.2461
-99.0	219.9	0.0211793	0.2292
-94.5	219.9	0.00983715	0.2899
-90.0	219.9	0.0206061	0.2501
-85.5	219.9	0.0217094	0.272
-81.0	219.9	0.0249874	0.2756
-76.5	219.9	0.0156136	0.2292
-72.0	219.9	0.0222627	0.235
-67.5	219.9	0.0266639	0.2276
-63.0	219.9	0.0204226	0.2204
-58.5	219.9	0.0203459	0.2406
-54.0	219.9	0.0196664	0.2112
-49.5	219.9	0.0274401	0.2764
-45.0	219.9	0.0193392	0.207
-40.5	219.9	0.0200415	0.2344
-36.0	219.9	0.0262785	0.2784
-31.5	219.9	0.0322583	0.202
-27.0	219.9	0.0239344	0.2327
-22.5	219.9	0.0261269	0.2117
-18.0	219.9	0.0304502	0.2121
-13.5	219.9	0.033097	0.2485
-9.0	219.9	0.0406397	0.2603
-4.5	219.9	0.0221678	0.24
0.0	219.9	0.0270207	0.2122
4.5	219.9	0.0202662	0.2048
9.0	219.9	0.0229672	0.2384
13.5	219.9	0.03251	0.2063
18.0	219.9	0.0254168	0.2055
22.5	219.9	0.0259116	0.1916
27.0	219.9	0.0350248	0.2109
31.5	219.9	0.0231903	0.2227
36.0	219.9	0.0395413	0.1906
40.5	219.9	0.0190312	0.2099
45.0	219.9	0.0226231	0.2288
49.5	219.9	0.0210519	0.2358
54.0	219.9	0.0210217	0.2716
58.5	219.9	0.0252366	0.2267
63.0	219.9	0.0209819	0.2113
67.5	219.9	0.0267347	0.1844
72.0	219.9	0.0247899	0.22
76.5	219.9	0.0234012	0.1955
81.0	219.9	0.0256222	0.2298
85.5	219.9	0.0336511	0.1936
90.0	219.9	0.0186255	0.2056
94.5	219.9	0.0276854	0.2002
99.0	219.9	0.0232111	0.1963
103.5	219.9	0.0155429	0.2142
108.0	219.9	0.0195149	0.2414
112.5	219.9	0.0263175	0.2174
117.0	219.9	0.0257756	0.2397
121.5	219.9	0.0120632	0.322
126.0	219.9	0.0199771	0.232
130.5	219.9	0.026597	0.2556
135.0	219.9	0.0167795	0.2631
139.5	219.9	0.0172361	0.2632
144.0	219.9	0.0229845	0.2316
148.5	219.9	0.015475	0.3163
153.0	219.9	0.00838972	0.2273
157.5	219.9	0.0165949	0.2684
162.0	219.9	0.0154454	0.2706
166.5	219.9	0.011665	0.3116
171.0	219.9	0.014326	0.2735
175.5	219.9	0.0186497	0.2537
180.0	219.9	0.0197662	0.2819
184.5	219.9	0.019241	0.307
189.0	219.9	0.0136775	0.2928
193.5	219.9	0.0144701	0.3585
198.0	219.9	0.0111441	0.3149
202.5	219.9	0.0173432	0.2959
207.0	219.9	0.01833	0.2797
211.5	219.9	0.0105797	0.3033
216.0	219.9	0.012534	0.2905
220.5	219.9	0.0103954	0.3693
225.0	219.9	0.020675	0.3357
229.5	219.9	0.00618575	0.3424
234.0	219.9	0.00891497	0.3306
238.5	219.9	0.0123515	0.3335
243.0	219.9	0.0111413	0.3471
247.5	219.9	0.0119216	0.3406
252.0	219.9	0.0134389	0.2925
256.5	219.9	0.0073658	0.343
261.0	219.9	0.0120066	0.2553
265.5	219.9	0.00696567	0.3324
270.0	219.9	0.0090897	0.3513
274.5	219.9	0.00376742	0.3474
279.0	219.9	0.00769337	0.3551
283.5	219.9	0.012838	0.4054
288.0	219.9	0.00703332	0.3665
292.5	219.9	0.00763521	0.3366
297.0	219.9	0.0134836	0.3193
301.5	219.9	0.00958561	0.3366
306.0	219.9	0.00766911	0.4024
310.5	219.9	0.00906156	0.3509
315.0	219.9	0.00536423	0.3796
319.5	219.9	0.0077685	0.4565
324.0	219.9	0.00513367	0.3349
328.5	219.9	0.00275585	0.33
333.0	219.9	0.00210317	0.147
337.5	219.9	0.00591802	0.4611
342.0	219.9	0.00380461	0.3487
346.5	219.9	0.00643396	0.4753
351.0	219.9	0.00570968	0.3785
355.5	219.9	0.00801117	0.4348
360.0	219.9	0.00246292	0.4455
364.5	219.9	0.0022371	0.5382
369.0	219.9	0.00245858	0.72
373.5	219.9	0.00447214	0.467
378.0	219.9	0.0039055	0.6587
382.5	219.9	0.00216993	0.5136
387.0	219.9	0.00274878	0.7103
391.5	219.9	0.00317729	0.4904
396.0	219.9	0.00153923	0.5472
400.5	219.9	0.000702767	0.3722
405.0	219.9	0.000417665	0.3017
409.5	219.9	0.000335996	0.3721
414.0	219.9	0.000834907	0.321
418.5	219.9	0.00574003	0.5274
423.0	219.9	0.00330675	0.6133
427.5	219.9	0.00516655	0.5624
432.0	219.9	0.00400117	0.7505
436.5	219.9	0.00139744	0.423
441.0	219.9	0.00112642	0.418
445.5	219.9	0.00710662	0.5504
-450.0	222.467	0.000249019	0.3285
-445.5	222.467	0.000214129	0.3593
-441.0	222.467	0.000166824	0.4293
-436.5	222.467	0.000651411	0.6328
-432.0	222.467	0.0013012	0.9009
-427.5	222.467	0.000583766	0.6162
-423.0	222.467	0.000368185	0.3548
-418.5	222.467	0.000158237	0.4339
-414.0	222.467	0.00226326	0.9214
-409.5	222.467	0.00428055	0.6334
-405.0	222.467	0.00102824	0.7126
-400.5	222.467	0.000426034	0.2908
-396.0	222.467	0.000816452	0.537
-391.5	222.467	0.000351969	0.3513
-387.0	222.467	0.000525383	0.294
-382.5	222.467	0.000565718	0.3438
-378.0	222.467	0.000518247	0.2968
-373.5	222.467	0.000584375	0.2544
-369.0	222.467	0.00503724	0.912
-364.5	222.467	0.00117774	0.5303
-360.0	222.467	0.000617965	0.2131
-355.5	222.467	0.000610062	0.2332
-351.0	222.467	0.000786426	0.2165
-346.5	222.467	0.000793972	0.1904
-342.0	222.467	0.000623834	0.2301
-337.5	222.467	0.00127729	0.5403
-333.0	222.467	0.00285638	0.6738
-328.5	222.467	0.00212218	0.5402
-324.0	222.467	0.00221727	0.5288
-319.5	222.467	0.00293649	0.7127
-315.0	222.467	0.00241935	0.5818
-310.5	222.467	0.00156555	0.3636
-306.0	222.467	0.00143999	0.1638
-301.5	222.467	0.00482176	0.7097
-297.0	222.467	0.00460426	0.6242
-292.5	222.467	0.0014559	0.3097
-288.0	222.467	0.00235528	0.6437
-283.5	222.467	0.00214681	0.5829
-279.0	222.467	0.00159386	0.2285
-274.5	222.467	0.00393951	0.6088
-270.0	222.467	0.00129367	0.1741
-265.5	222.467	0.00212189	0.3156
-261.0	222.467	0.00486993	0.3419
-256.5	222.467	0.00298792	0.3426
-252.0	222.467	0.00436876	0.4326
-247.5	222.467	0.00689557	0.5425
-243.0	222.467	0.00604753	0.3688
-238.5	222.467	0.00693997	0.3504
-234.0	222.467	0.00150729	0.1643
-229.5	222.467	0.00286923	0.3976
-225.0	222.467	0.00294335	0.521
-220.5	222.467	0.00502797	0.3262
-216.0	222.467	0.0029972	0.3018
-211.5	222.467	0.00261415	0.1531
-207.0	222.467	0.00283995	0.1652
-202.5	222.467	0.00536083	0.2949
-198.0	222.467	0.00948205	0.3649
-193.5	222.467	0.00509326	0.2734
-189.0	222.467	0.00341388	0.2416
-184.5	222.467	0.00529879	0.378
-180.0	222.467	0.0117318	0.3811
-175.5	222.467	0.0105148	0.3865
-171.0	222.467	0.00934928	0.3168
-166.5	222.467	0.00786909	0.3917
-162.0	222.467	0.00819552	0.2911
-157.5	222.467	0.00744356	0.3105
-153.0	222.467	0.0111744	0.409
-148.5	222.467	0.0134594	0.3047
-144.0	222.467	0.00528931	0.2535
-139.5	222.467	0.00625828	0.3043
-135.0	222.467	0.00729052	0.3316
-130.5	222.467	0.0119154	0.461
-126.0	222.467	0.0105516	0.272
-121.5	222.467	0.0114799	0.2691
-117.0	222.467	0.0184959	0.28
-112.5	222.467	0.0103266	0.2816
-108.0	222.467	0.0167826	0.3025
-103.5	222.467	0.00986878	0.2343
-99.0	222.467	0.0207497	0.2466
-94.5	222.467	0.0115439	0.261
-90.0	222.467	0.0277122	0.2777
-85.5	222.467	0.0240897	0.2799
-81.0	222.467	0.0125262	0.2407
-76.5	222.467	0.018351	0.2147
-72.0	222.467	0.0143566	0.2285
-67.5	222.467	0.0216114	0.2279
-63.0	222.467	0.0180276	0.2719
-58.5	222.467	0.0200154	0.2883
-54.0	222.467	0.0228125	0.2372
-49.5	222.467	0.0240699	0.2314
-45.0	222.467	0.0169559	0.2196
-40.5	222.467	0.0173414	0.2451
-36.0	222.467	0.0138646	0.2809
-31.5	222.467	0.0220884	0.1955
-27.0	222.467	0.0246997	0.2459
-22.5	222.467	0.0344471	0.4491
-18.0	222.467	0.0262614	0.2211
-13.5	222.467	0.032796	0.2067
-9.0	222.467	0.0175579	0.2432
-4.5	222.467	0.02733	0.2811
0.0	222.467	0.0237169	0.1919
4.5	222.467	0.0257566	0.2215
9.0	222.467	0.0189949	0.2179
13.5	222.467	0.0294102	0.2234
18.0	222.467	0.0327307	0.2141
22.5	222.467	0.0314964	0.1914
27.0	222.467	0.0203664	0.2264
31.5	222.467	0.0286929	0.197
36.0	222.467	0.0207302	0.2375
40.5	222.467	0.0237682	0.226
45.0	222.467	0.0180021	0.1972
49.5	222.467	0.0281523	0.2156
54.0	222.467	0.0203693	0.2237
58.5	222.467	0.0227308	0.2225
63.0	222.467	0.0144573	0.2666
67.5	222.467	0.0269867	0.2305
72.0	222.467	0.0245849	0.23
76.5	222.467	0.0223579	0.2303
81.0	222.467	0.0229744	0.2209
85.5	222.467	0.0213444	0.2092
90.0	222.467	0.0366618	0.2263
94.5	222.467	0.0293699	0.214
99.0	222.467	0.0187471	0.2178
103.5	222.467	0.0106935	0.1929
108.0	222.467	0.0190796	0.2358
112.5	222.467	0.0222506	0.25
117.0	222.467	0.0151016	0.2329
121.5	222.467	0.0172778	0.2492
126.0	222.467	0.0233726	0.2668
130.5	222.467	0.0245889	0.262
135.0	222.467	0.0119935	0.236
139.5	222.467	0.0222151	0.2462
144.0	222.467	0.0197326	0.2524
148.5	222.467	0.0207501	0.2568
153.0	222.467	0.0122538	0.2801
157.5	222.467	0.0126084	0.3013
162.0	222.467	0.0210862	0.2599
166.5	222.467	0.0157357	0.276
171.0	222.467	0.0133118	0.262
175.5	222.467	0.0108396	0.3134
180.0	222.467	0.0150248	0.3115
184.5	222.467	0.0177183	0.2654
189.0	222.467	0.0292807	0.2846
193.5	222.467	0.017295	0.3231
198.0	222.467	0.012321	0.3682
202.5	222.467	0.00949142	0.3085
207.0	222.467	0.0171988	0.2883
211.5	222.467	0.0144462	0.3914
216.0	222.467	0.0169199	0.2843
220.5	222.467	0.00862869	0.3133
225.0	222.467	0.0138903	0.4547
229.5	222.467	0.0110396	0.3884
234.0	222.467	0.00700463	0.3071
238.5	222.467	0.0110708	0.3323
243.0	222.467	0.00550325	0.3553
247.5	222.467	0.00990556	0.3723
252.0	222.467	0.0149978	0.3404
256.5	222.467	0.00705185	0.4704
261.0	222.467	0.0136986	0.2883
265.5	222.467	0.0249625	0.3267
270.0	222.467	0.0122824	0.2786
274.5	222.467	0.00562579	0.3629
279.0	222.467	0.008634	0.4071
283.5	222.467	0.0078305	0.4376
288.0	222.467	0.00924179	0.3524
292.5	222.467	0.0106465	0.3553
297.0	222.467	0.0104736	0.3474
301.5	222.467	0.0107718	0.3449
306.0	222.467	0.0101084	0.3142
310.5	222.467	0.00582184	0.3701
315.0	222.467	0.00647206	0.4805
319.5	222.467	0.0109974	0.3759
324.0	222.467	0.00623065	0.3697
328.5	222.467	0.00354559	0.5504
333.0	222.467	0.00489634	0.5132
337.5	222.467	0.00330843	0.4258
342.0	222.467	0.00320195	0.3109
346.5	222.467	0.00289446	0.4297
351.0	222.467	0.0062819	0.4556
355.5	222.467	0.00455345	0.5491
360.0	222.467	0.00387198	0.4049
364.5	222.467	0.0021553	0.5386
369.0	222.467	0.00236165	0.8027
373.5	222.467	0.00190631	0.7239
378.0	222.467	0.000928206	0.3396
382.5	222.467	0.00455584	0.5783
387.0	222.467	0.000921506	0.4568
391.5	222.467	0.00411494	0.6686
396.0	222.467	0.00248162	0.6867
400.5	222.467	0.000730829	0.6331
405.0	222.467	0.00369003	0.8581
409.5	222.467	0.00035686	0.4654
414.0	222.467	0.00026365	0.328
418.5	222.467	0.00267028	0.6299
423.0	222.467	0.00287135	0.6441
427.5	222.467	0.00540833	0.6208
432.0	222.467	0.00137222	0.4247
436.5	222.467	0.00854966	0.3787
441.0	222.467	0.00200548	0.4485
445.5	222.467	0.00185634	0.4468
-450.0	225.033	0.000205282	0.3306
-445.5	225.033	0.000165944	0.3881
-441.0	225.033	0.00025312	0.3423
-436.5	225.033	0.000408411	0.3603
-432.0	225.033	0.00111334	0.6674
-427.5	225.033	0.000276312	0.337
-423.0	225.033	0.000876016	0.884
-418.5	225.033	0.00286961	0.9353
-414.0	225.033	0.000723476	0.8335
-409.5	225.033	0.000273587	0.3749
-405.0	225.033	0.000226949	0.4135
-400.5	225.033	0.00181703	0.7693
-396.0	225.033	0.000413334	0.4179
-391.5	225.033	0.000376287	0.2904
-387.0	225.033	0.000996292	0.4387
-382.5	225.033	0.00104891	0.6584
-378.0	225.033	0.000425324	0.3014
-373.5	225.033	0.00137247	0.7534
-369.0	225.033	0.00281826	0.7778
-364.5	225.033	0.000600437	0.2603
-360.0	225.033	0.000570501	0.2534
-355.5	225.033	0.000681041	0.2351
-351.0	225.033	0.000688656	0.2506
-346.5	225.033	0.00072791	0.2357
-342.0	225.033	0.000517123	0.2989
-337.5	225.033	0.00065453	0.2718
-333.0	225.033	0.00077907	0.2207
-328.5	225.033	0.00114986	0.3169
-324.0	225.033	0.000774144	0.219
-319.5	225.033	0.00173204	0.5121
-315.0	225.033	0.00109542	0.2519
-310.5	225.033	0.0030179	0.48
-306.0	225.033	0.00311188	0.6223
-301.5	225.033	0.0012051	0.4454
-297.0	225.033	0.00201389	0.4652
-292.5	225.033	0.00102028	0.1934
-288.0	225.033	0.00123049	0.2484
-283.5	225.033	0.000904846	0.2646
-279.0	225.033	0.00108632	0.1817
-274.5	225.033	0.00131437	0.1779
-270.0	225.033	0.00306366	0.5182
-265.5	225.033	0.0034694	0.6329
-261.0	225.033	0.00355988	0.42
-256.5	225.033	0.00190879	0.3248
-252.0	225.033	0.00765613	0.4546
-247.5	225.033	0.00661587	0.4655
-243.0	225.033	0.00850347	0.5257
-238.5	225.033	0.00692103	0.5631
-234.0	225.033	0.00574001	0.6293
-229.5	225.033	0.00439572	0.3321
-225.0	225.033	0.00249439	0.2783
-220.5	225.033	0.00320588	0.2886
-216.0	225.033	0.00364356	0.2258
-211.5	225.033	0.00458196	0.4346
-207.0	225.033	0.00253006	0.3437
-202.5	225.033	0.00354369	0.42
-198.0	225.033	0.00802948	0.3814
-193.5	225.033	0.00362228	0.4395
-189.0	225.033	0.00335206	0.3921
-184.5	225.033	0.00516822	0.4284
-180.0	225.033	0.0110763	0.3914
-175.5	225.033	0.00676938	0.4887
-171.0	225.033	0.00716875	0.2989
-166.5	225.033	0.00571314	0.2725
-162.0	225.033	0.0083854	0.3362
-157.5	225.033	0.00786614	0.3388
-153.0	225.033	0.0138741	0.3653
-148.5	225.033	0.00764234	0.4421
-144.0	225.033	0.00696344	0.3563
-139.5	225.033	0.00408951	0.2163
-135.0	225.033	0.00864703	0.2842
-130.5	225.033	0.0111872	0.3085
-126.0	225.033	0.00767974	0.2433
-121.5	225.033	0.0141476	0.2977
-117.0	225.033	0.0102955	0.2725
-112.5	225.033	0.0167482	0.2953
-108.0	225.033	0.0154552	0.2941
-103.5	225.033	0.00597142	0.1614
-99.0	225.033	0.0172514	0.2648
-94.5	225.033	0.0164737	0.2854
-90.0	225.033	0.0180879	0.2909
-85.5	225.033	0.0146071	0.2718
-81.0	225.033	0.0192064	0.2528
-76.5	225.033	0.0121873	0.2964
-72.0	225.033	0.013106	0.2807
-67.5	225.033	0.0159489	0.234
-63.0	225.033	0.01991	0.2368
-58.5	225.033	0.0141394	0.2951
-54.0	225.033	0.0239992	0.2248
-49.5	225.033	0.0182819	0.2773
-45.0	225.033	0.0139365	0.2216
-40.5	225.033	0.0233635	0.2733
-36.0	225.033	0.0198894	0.2606
-31.5	225.033	0.0178054	0.2837
-27.0	225.033	0.0162185	0.2545
-22.5	225.033	0.0262366	0.2527
-18.0	225.033	0.019193	0.2058
-13.5	225.033	0.0217735	0.2045
-9.0	225.033	0.0179197	0.2857
-4.5	225.033	0.0187199	0.2284
0.0	225.033	0.0243607	0.224
4.5	225.033	0.0338741	0.1863
9.0	225.033	0.025454	0.2005
13.5	225.033	0.0205342	0.2374
18.0	225.033	0.0371021	0.2169
22.5	225.033	0.0263188	0.2213
27.0	225.033	0.0181623	0.2265
31.5	225.033	0.0270157	0.2277
36.0	225.033	0.0192255	0.2231
40.5	225.033	0.0185073	0.1969
45.0	225.033	0.0119432	0.1811
49.5	225.033	0.033963	0.1953
54.0	225.033	0.0250291	0.2133
58.5	225.033	0.0194603	0.2323
63.0	225.033	0.0169114	0.2945
67.5	225.033	0.0203088	0.239
72.0	225.033	0.0175959	0.2678
76.5	225.033	0.0215212	0.221
81.0	225.033	0.0125037	0.2136
85.5	225.033	0.0231039	0.2219
90.0	225.033	0.0256138	0.2409
94.5	225.033	0.0267314	0.2131
99.0	225.033	0.0179358	0.2767
103.5	225.033	0.0192984	0.2513
108.0	225.033	0.0148646	0.3018
112.5	225.033	0.019178	0.279
117.0	225.033	0.0146592	0.2704
121.5	225.033	0.0151492	0.2698
126.0	225.033	0.00973441	0.2212
130.5	225.033	0.0212375	0.2573
135.0	225.033	0.0111543	0.2168
139.5	225.033	0.0196015	0.239
144.0	225.033	0.0172877	0.2372
148.5	225.033	0.0212912	0.2425
153.0	225.033	0.00920526	0.3042
157.5	225.033	0.0111051	0.2968
162.0	225.033	0.0151706	0.3024
166.5	225.033	0.0150499	0.3128
171.0	225.033	0.0193752	0.2646
175.5	225.033	0.00698223	0.2324
180.0	225.033	0.0173704	0.3005
184.5	225.033	0.014289	0.2884
189.0	225.033	0.0170423	0.2687
193.5	225.033	0.0115145	0.3158
198.0	225.033	0.0111305	0.3029
202.5	225.033	0.012278	0.3232
207.0	225.033	0.0107788	0.2898
211.5	225.033	0.0115904	0.3564
216.0	225.033	0.0105121	0.3094
220.5	225.033	0.0137289	0.2896
225.0	225.033	0.0130516	0.3157
229.5	225.033	0.00635042	0.4183
234.0	225.033	0.00832895	0.2895
238.5	225.033	0.0120979	0.3057
243.0	225.033	0.00559158	0.3099
247.5	225.033	0.00390711	0.418
252.0	225.033	0.00815867	0.4127
256.5	225.033	0.00712362	0.3205
261.0	225.033	0.0109691	0.3692
265.5	225.033	0.015239	0.2858
270.0	225.033	0.0142616	0.3225
274.5	225.033	0.00897859	0.3422
279.0	225.033	0.00723113	0.3572
283.5	225.033	0.00992556	0.3413
288.0	225.033	0.0113914	0.4802
292.5	225.033	0.00746007	0.3414
297.0	225.033	0.00433199	0.5454
301.5	225.033	0.0137456	0.435
306.0	225.033	0.00529027	0.3205
310.5	225.033	0.00378185	0.4416
315.0	225.033	0.00472926	0.4814
319.5	225.033	0.011367	0.3877
324.0	225.033	0.00407524	0.3032
328.5	225.033	0.00517514	0.4704
333.0	225.033	0.00663239	0.4159
337.5	225.033	0.00500156	0.436
342.0	225.033	0.00598624	0.4864
346.5	225.033	0.00345234	0.392
351.0	225.033	0.00417427	0.4577
355.5	225.033	0.00142372	0.2119
360.0	225.033	0.00346315	0.4982
364.5	225.033	0.00182125	0.4089
369.0	225.033	0.00253322	0.771
373.5	225.033	0.00125784	0.4985
378.0	225.033	0.00498124	0.5225
382.5	225.033	0.00200879	0.4343
387.0	225.033	0.00576038	0.8772
391.5	225.033	0.0029555	0.5854
396.0	225.033	0.00139728	0.644
400.5	225.033	0.00483861	0.7286
405.0	225.033	0.00154113	0.6991
409.5	225.033	0.000844215	0.5091
414.0	225.033	0.00211583	0.8359
418.5	225.033	0.00181432	0.8803
423.0	225.033	0.000616487	0.3908
427.5	225.033	0.00176811	0.5508
432.0	225.033	0.00524249	0.629
436.5	225.033	0.004676	0.6976
441.0	225.033	0.00175092	0.6509
445.5	225.033	0.0017154	0.5954
-450.0	227.6	0.00027663	0.3633
-445.5	227.6	0.000106493	0.4612
-441.0	227.6	0.000413773	0.3861
-436.5	227.6	0.00017768	0.3402
-432.0	227.6	0.000307671	0.2917
-427.5	227.6	0.00241024	0.8906
-423.0	227.6	0.0021546	0.8875
-418.5	227.6	0.0001317	0.529
-414.0	227.6	0.000281968	0.4128
-409.5	227.6	0.000130186	0.412
-405.0	227.6	0.00281779	0.6448
-400.5	227.6	0.000275514	0.3894
-396.0	227.6	0.000329502	0.3642
-391.5	227.6	0.000475622	0.2725
-387.0	227.6	0.000493863	0.3326
-382.5	227.6	0.000288982	0.3466
-378.0	227.6	0.00450107	0.6744
-373.5	227.6	0.000493453	0.3094
-369.0	227.6	0.000374911	0.3581
-364.5	227.6	0.000420988	0.3307
-360.0	227.6	0.000449206	0.3165
-355.5	227.6	0.000476368	0.2726
-351.0	227.6	0.000294603	0.3211
-346.5	227.6	0.000504722	0.2836
-342.0	227.6	0.0005056	0.2586
-337.5	227.6	0.000480883	0.2488
-333.0	227.6	0.00103484	0.2028
-328.5	227.6	0.000491315	0.2401
-324.0	227.6	0.00175866	0.4527
-319.5	227.6	0.000748943	0.1902
-315.0	227.6	0.00247217	0.6582
-310.5	227.6	0.00114816	0.2109
-306.0	227.6	0.000935648	0.1816
-301.5	227.6	0.00517231	0.6303
-297.0	227.6	0.0012522	0.1789
-292.5	227.6	0.00131399	0.2725
-288.0	227.6	0.00111399	0.1719
-283.5	227.6	0.00128023	0.1763
-279.0	227.6	0.00185056	0.4148
-274.5	227.6	0.00103838	0.1962
-270.0	227.6	0.00212917	0.5891
-265.5	227.6	0.00148708	0.2612
-261.0	227.6	0.00327717	0.4323
-256.5	227.6	0.00158277	0.2622
-252.0	227.6	0.00821899	0.4582
-247.5	227.6	0.00331196	0.3649
-243.0	227.6	0.00537325	0.4989
-238.5	227.6	0.0019505	0.255
-234.0	227.6	0.00247679	0.3804
-229.5	227.6	0.00688479	0.5043
-225.0	227.6	0.00146852	0.1666
-220.5	227.6	0.00373767	0.3824
-216.0	227.6	0.00477365	0.3714
-211.5	227.6	0.0062701	0.4023
-207.0	227.6	0.00442705	0.3579
-202.5	227.6	0.00275602	0.3784
-198.0	227.6	0.00533121	0.4667
-193.5	227.6	0.00314729	0.384
-189.0	227.6	0.00239222	0.1939
-184.5	227.6	0.00372653	0.2962
-180.0	227.6	0.0111463	0.4152
-175.5	227.6	0.0121381	0.3717
-171.0	227.6	0.00572526	0.3158
-166.5	227.6	0.00769791	0.2853
-162.0	227.6	0.0131361	0.3337
-157.5	227.6	0.00662057	0.4363
-153.0	227.6	0.00993909	0.3582
-148.5	227.6	0.00552005	0.3516
-144.0	227.6	0.00678098	0.323
-139.5	227.6	0.0104926	0.3218
-135.0	227.6	0.0075242	0.2733
-130.5	227.6	0.0106836	0.3048
-126.0	227.6	0.0157719	0.2941
-121.5	227.6	0.0133974	0.2806
-117.0	227.6	0.0219645	0.2823
-112.5	227.6	0.00711277	0.2495
-108.0	227.6	0.0160853	0.3147
-103.5	227.6	0.0123422	0.339
-99.0	227.6	0.0194019	0.3115
-94.5	227.6	0.0223124	0.2358
-90.0	227.6	0.00967242	0.2624
-85.5	227.6	0.00935928	0.3201
-81.0	227.6	0.0121485	0.2832
-76.5	227.6	0.0130286	0.2549
-72.0	227.6	0.00985888	0.3522
-67.5	227.6	0.0137133	0.2943
-63.0	227.6	0.0210287	0.248
-58.5	227.6	0.0226483	0.2667
-54.0	227.6	0.0123044	0.2754
-49.5	227.6	0.0189275	0.2434
-45.0	227.6	0.0194719	0.2613
-40.5	227.6	0.0195744	0.2569
-36.0	227.6	0.027482	0.2558
-31.5	227.6	0.0198933	0.2709
-27.0	227.6	0.0146908	0.2814
-22.5	227.6	0.0187672	0.2655
-18.0	227.6	0.0160755	0.2216
-13.5	227.6	0.0242138	0.2742
-9.0	227.6	0.0373412	0.1862
-4.5	227.6	0.0216139	0.2149
0.0	227.6	0.018881	0.2059
4.5	227.6	0.0235768	0.2297
9.0	227.6	0.0176556	0.2054
13.5	227.6	0.0175254	0.1974
18.0	227.6	0.0329652	0.2292
22.5	227.6	0.0187359	0.2184
27.0	227.6	0.0281194	0.2158
31.5	227.6	0.0204012	0.3004
36.0	227.6	0.0167915	0.2151
40.5	227.6	0.0192683	0.2277
45.0	227.6	0.0173928	0.2467
49.5	227.6	0.0198062	0.1902
54.0	227.6	0.0164572	0.2369
58.5	227.6	0.0178275	0.2596
63.0	227.6	0.0264796	0.2068
67.5	227.6	0.0196255	0.2459
72.0	227.6	0.0141676	0.2527
76.5	227.6	0.0192373	0.277
81.0	227.6	0.0173163	0.2433
85.5	227.6	0.0219391	0.2293
90.0	227.6	0.0164262	0.2665
94.5	227.6	0.0120232	0.2205
99.0	227.6	0.0127589	0.2793
103.5	227.6	0.0231223	0.2824
108.0	227.6	0.0180971	0.3204
112.5	227.6	0.0156257	0.2402
117.0	227.6	0.0143471	0.263
121.5	227.6	0.0171007	0.2581
126.0	227.6	0.0123258	0.2965
130.5	227.6	0.0171126	0.2707
135.0	227.6	0.0196699	0.2441
139.5	227.6	0.0136416	0.3579
144.0	227.6	0.0126695	0.2584
148.5	227.6	0.0189719	0.2839
153.0	227.6	0.011914	0.2919
157.5	227.6	0.0163548	0.27
162.0	227.6	0.0188911	0.2585
166.5	227.6	0.0182222	0.3166
171.0	227.6	0.00963562	0.357
175.5	227.6	0.00964654	0.3086
180.0	227.6	0.0182275	0.2891
184.5	227.6	0.0124121	0.3761
189.0	227.6	0.013476	0.2755
193.5	227.6	0.00879005	0.2854
198.0	227.6	0.0110816	0.2623
202.5	227.6	0.00967872	0.3218
207.0	227.6	0.0146718	0.2719
211.5	227.6	0.0160389	0.3027
216.0	227.6	0.0132969	0.3574
220.5	227.6	0.00811272	0.3091
225.0	227.6	0.00932898	0.3536
229.5	227.6	0.00996415	0.4707
234.0	227.6	0.00638391	0.3301
238.5	227.6	0.00673481	0.3327
243.0	227.6	0.010587	0.3336
247.5	227.6	0.00730156	0.3324
252.0	227.6	0.00547933	0.3581
256.5	227.6	0.00768755	0.4019
261.0	227.6	0.00671961	0.3945
265.5	227.6	0.00717508	0.3182
270.0	227.6	0.0135619	0.3355
274.5	227.6	0.0117243	0.345
279.0	227.6	0.0039134	0.4209
283.5	227.6	0.00720007	0.3189
288.0	227.6	0.00299516	0.3094
292.5	227.6	0.0150544	0.4028
297.0	227.6	0.00587195	0.3558
301.5	227.6	0.00468828	0.3617
306.0	227.6	0.0109945	0.3938
310.5	227.6	0.00583155	0.4177
315.0	227.6	0.00558674	0.4344
319.5	227.6	0.00713675	0.4329
324.0	227.6	0.00397002	0.4678
328.5	227.6	0.00642315	0.432
333.0	227.6	0.00126129	0.1625
337.5	227.6	0.00544601	0.4178
342.0	227.6	0.00382936	0.3975
346.5	227.6	0.00295161	0.4053
351.0	227.6	0.0021577	0.3626
355.5	227.6	0.00215222	0.4537
360.0	227.6	0.00452443	0.5885
364.5	227.6	0.00298901	0.5977
369.0	227.6	0.000614099	0.2497
373.5	227.6	0.00315742	0.8807
378.0	227.6	0.00606064	0.6738
382.5	227.6	0.00380895	0.4534
387.0	227.6	0.00211026	0.7066
391.5	227.6	0.00505942	0.9238
396.0	227.6	0.00493968	0.6169
400.5	227.6	0.00188417	0.7853
405.0	227.6	0.00035306	0.3212
409.5	227.6	0.000494674	0.2689
414.0	227.6	0.000544385	0.4684
418.5	227.6	0.000831781	0.4521
423.0	227.6	0.00142645	0.7155
427.5	227.6	0.000590822	0.3091
432.0	227.6	0.00414221	0.491
436.5	227.6	0.00149663	0.6529
441.0	227.6	0.000536527	0.2464
445.5	227.6	0.000686662	0.2143
-450.0	230.167	0.000346959	0.2792
-445.5	230.167	0.000112167	0.5538
-441.0	230.167	0.000920791	0.7866
-436.5	230.167	0.000143058	0.4299
-432.0	230.167	0.0017221	0.6533
-427.5	230.167	0.000714058	0.7597
-423.0	230.167	0.000219426	0.3819
-418.5	230.167	9.63059e-05	0.508
-414.0	230.167	0.000182498	0.4506
-409.5	230.167	0.00352004	0.7068
-405.0	230.167	0.000875428	0.5704
-400.5	230.167	0.000302052	0.3302
-396.0	230.167	0.00141278	0.8008
-391.5	230.167	0.000409967	0.3901
-387.0	230.167	0.000283315	0.384
-382.5	230.167	0.000209045	0.3747
-378.0	230.167	0.000524921	0.3803
-373.5	230.167	0.000331583	0.3747
-369.0	230.167	0.00151296	0.7366
-364.5	230.167	0.00411561	0.9135
-360.0	230.167	0.000424175	0.2622
-355.5	230.167	0.00035087	0.2905
-351.0	230.167	0.000568343	0.2573
-346.5	230.167	0.000518605	0.3224
-342.0	230.167	0.000854934	0.2744
-337.5	230.167	0.000711271	0.2082
-333.0	230.167	0.000783126	0.1998
-328.5	230.167	0.000656591	0.2414
-324.0	230.167	0.000541501	0.2234
-319.5	230.167	0.00105784	0.3478
-315.0	230.167	0.00212354	0.6112
-310.5	230.167	0.000737452	0.2015
-306.0	230.167	0.00288819	0.5375
-301.5	230.167	0.00288893	0.5294
-297.0	230.167	0.00254835	0.4329
-292.5	230.167	0.000871769	0.2166
-288.0	230.167	0.000997207	0.1779
-283.5	230.167	0.00118536	0.1761
-279.0	230.167	0.00582999	0.554
-274.5	230.167	0.00141775	0.2334
-270.0	230.167	0.00281512	0.6519
-265.5	230.167	0.00322617	0.4301
-261.0	230.167	0.00127833	0.2525
-256.5	230.167	0.00586022	0.6128
-252.0	230.167	0.00650498	0.4608
-247.5	230.167	0.00265462	0.3104
-243.0	230.167	0.00388054	0.507
-238.5	230.167	0.00422517	0.5398
-234.0	230.167	0.0037064	0.5506
-229.5	230.167	0.0028055	0.4315
-225.0	230.167	0.00551515	0.4367
-220.5	230.167	0.00635125	0.485
-216.0	230.167	0.00271648	0.3902
-211.5	230.167	0.00339512	0.3468
-207.0	230.167	0.00299423	0.3416
-202.5	230.167	0.00507529	0.5121
-198.0	230.167	0.00486122	0.5174
-193.5	230.167	0.00160153	0.1509
-189.0	230.167	0.00207304	0.1667
-184.5	230.167	0.00438599	0.5528
-180.0	230.167	0.00691813	0.4557
-175.5	230.167	0.00529571	0.2978
-171.0	230.167	0.00654529	0.3508
-166.5	230.167	0.0104736	0.4023
-162.0	230.167	0.00842023	0.4175
-157.5	230.167	0.00933378	0.4809
-153.0	230.167	0.0029523	0.2398
-148.5	230.167	0.00829194	0.3587
-144.0	230.167	0.00653953	0.2508
-139.5	230.167	0.00537828	0.2424
-135.0	230.167	0.00910395	0.3455
-130.5	230.167	0.0138131	0.3276
-126.0	230.167	0.0111124	0.2687
-121.5	230.167	0.016305	0.3208
-117.0	230.167	0.01428	0.3595
-112.5	230.167	0.0135054	0.3186
-108.0	230.167	0.0164038	0.2606
-103.5	230.167	0.0183041	0.2512
-99.0	230.167	0.014415	0.2784
-94.5	230.167	0.0243913	0.2595
-90.0	230.167	0.00507136	0.2767
-85.5	230.167	0.0172076	0.2594
-81.0	230.167	0.0109334	0.2591
-76.5	230.167	0.0173294	0.2696
-72.0	230.167	0.010087	0.2928
-67.5	230.167	0.0169172	0.3212
-63.0	230.167	0.0142817	0.2992
-58.5	230.167	0.0145166	0.27
-54.0	230.167	0.0113801	0.2672
-49.5	230.167	0.0155164	0.2744
-45.0	230.167	0.0169147	0.2982
-40.5	230.167	0.0291091	0.2547
-36.0	230.167	0.0135654	0.2318
-31.5	230.167	0.0216405	0.2891
-27.0	230.167	0.0106917	0.2875
-22.5	230.167	0.0258569	0.2458
-18.0	230.167	0.0227923	0.2666
-13.5	230.167	0.0253685	0.2471
-9.0	230.167	0.0244009	0.2319
-4.5	230.167	0.017223	0.2346
0.0	230.167	0.0113862	0.2718
4.5	230.167	0.0233164	0.2336
9.0	230.167	0.0126866	0.2376
13.5	230.167	0.0257274	0.2227
18.0	230.167	0.0360254	0.2047
22.5	230.167	0.0140923	0.2189
27.0	230.167	0.0142773	0.2461
31.5	230.167	0.0160369	0.1983
36.0	230.167	0.0137712	0.2139
40.5	230.167	0.0228464	0.2329
45.0	230.167	0.0149902	0.2313
49.5	230.167	0.021097	0.2327
54.0	230.167	0.0134075	0.2292
58.5	230.167	0.0116633	0.2846
63.0	230.167	0.0226773	0.236
67.5	230.167	0.0168978	0.2827
72.0	230.167	0.0148337	0.256
76.5	230.167	0.0196021	0.2833
81.0	230.167	0.0179491	0.2687
85.5	230.167	0.0194578	0.2471
90.0	230.167	0.0214347	0.278
94.5	230.167	0.0175569	0.2438
99.0	230.167	0.0177439	0.2703
103.5	230.167	0.0151967	0.2077
108.0	230.167	0.0172126	0.2842
112.5	230.167	0.00913114	0.2723
117.0	230.167	0.0159218	0.2306
121.5	230.167	0.0145345	0.2342
126.0	230.167	0.0174992	0.2699
130.5	230.167	0.0126443	0.2829
135.0	230.167	0.0176884	0.2498
139.5	230.167	0.0177706	0.2519
144.0	230.167	0.0146344	0.271
148.5	230.167	0.0136691	0.2778
153.0	230.167	0.0084462	0.2513
157.5	230.167	0.0102416	0.2968
162.0	230.167	0.0150623	0.3236
166.5	230.167	0.0090759	0.2885
171.0	230.167	0.013737	0.3261
175.5	230.167	0.0104508	0.3146
180.0	230.167	0.0178191	0.2568
184.5	230.167	0.00811732	0.2693
189.0	230.167	0.00866312	0.4253
193.5	230.167	0.00826565	0.315
198.0	230.167	0.0134436	0.3266
202.5	230.167	0.0174571	0.2591
207.0	230.167	0.00818513	0.4161
211.5	230.167	0.0164545	0.2553
216.0	230.167	0.0116667	0.3232
220.5	230.167	0.0231831	0.307
225.0	230.167	0.0123914	0.3035
229.5	230.167	0.00749584	0.3953
234.0	230.167	0.0125904	0.3083
238.5	230.167	0.00909016	0.3353
243.0	230.167	0.0118752	0.3442
247.5	230.167	0.0124708	0.3646
252.0	230.167	0.00795757	0.4433
256.5	230.167	0.00816452	0.3397
261.0	230.167	0.00738166	0.429
265.5	230.167	0.00703397	0.4826
270.0	230.167	0.00632454	0.4217
274.5	230.167	0.0140237	0.3216
279.0	230.167	0.00881895	0.3451
283.5	230.167	0.00572772	0.4304
288.0	230.167	0.00198085	0.1298
292.5	230.167	0.0108644	0.347
297.0	230.167	0.00935733	0.455
301.5	230.167	0.00646059	0.3403
306.0	230.167	0.00211729	0.2447
310.5	230.167	0.00371681	0.5599
315.0	230.167	0.00840432	0.4195
319.5	230.167	0.00290173	0.3304
324.0	230.167	0.00230409	0.2922
328.5	230.167	0.00462443	0.3943
333.0	230.167	0.00108763	0.177
337.5	230.167	0.00424971	0.4755
342.0	230.167	0.00690071	0.4723
346.5	230.167	0.00535829	0.5845
351.0	230.167	0.00262959	0.4784
355.5	230.167	0.00355905	0.5659
360.0	230.167	0.00132509	0.3823
364.5	230.167	0.0037547	0.714
369.0	230.167	0.00473519	0.4979
373.5	230.167	0.00211795	0.7901
378.0	230.167	0.00295154	0.5472
382.5	230.167	0.00253419	0.6297
387.0	230.167	0.000358689	0.3399
391.5	230.167	0.000523293	0.2817
396.0	230.167	0.00502494	0.7289
400.5	230.167	0.00381329	0.6847
405.0	230.167	0.0004425	0.3312
409.5	230.167	0.00192388	0.8023
414.0	230.167	0.00313546	0.8724
418.5	230.167	0.00151344	0.7443
423.0	230.167	0.00157306	0.8377
427.5	230.167	0.00187343	0.7903
432.0	230.167	0.00254603	0.6364
436.5	230.167	0.00390166	0.6153
441.0	230.167	0.00541683	0.4716
445.5	230.167	0.00287465	0.7854
-450.0	232.733	0.000150476	0.425
-445.5	232.733	0.000162427	0.4579
-441.0	232.733	0.000234081	0.3484
-436.5	232.733	0.000236604	0.3307
-432.0	232.733	0.000497126	0.6317
-427.5	232.733	0.000324865	0.3063
-423.0	232.733	0.000264605	0.4255
-418.5	232.733	0.00041252	0.5006
-414.0	232.733	0.00327036	0.7227
-409.5	232.733	0.000994109	0.8431
-405.0	232.733	0.000331102	0.3322
-400.5	232.733	0.000422162	0.2931
-396.0	232.733	0.00158848	0.7
-391.5	232.733	0.000931298	0.7441
-387.0	232.733	0.000308313	0.4593
-382.5	232.733	0.000460196	0.3961
-378.0	232.733	0.000314334	0.387
-373.5	232.733	0.000507498	0.27
-369.0	232.733	0.000372673	0.3143
-364.5	232.733	0.000483957	0.3072
-360.0	232.733	0.00161391	0.681
-355.5	232.733	0.000354761	0.2782
-351.0	232.733	0.00054983	0.262
-346.5	232.733	0.000654625	0.4109
-342.0	232.733	0.000628909	0.2103
-337.5	232.733	0.000971986	0.4144
-333.0	232.733	0.000751862	0.2132
-328.5	232.733	0.00079788	0.2176
-324.0	232.733	0.000733422	0.2198
-319.5	232.733	0.00334769	0.5833
-315.0	232.733	0.00132041	0.3137
-310.5	232.733	0.00184613	0.5225
-306.0	232.733	0.00228077	0.2884
-301.5	232.733	0.00506335	0.4929
-297.0	232.733	0.00662434	0.6362
-292.5	232.733	0.00127169	0.4465
-288.0	232.733	0.00269293	0.5564
-283.5	232.733	0.000774288	0.2321
-279.0	232.733	0.00188205	0.5265
-274.5	232.733	0.0020261	0.6227
-270.0	232.733	0.0014185	0.2474
-265.5	232.733	0.00444124	0.4041
-261.0	232.733	0.0050831	0.3934
-256.5	232.733	0.00726654	0.4407
-252.0	232.733	0.00141009	0.1776
-247.5	232.733	0.00179686	0.2535
-243.0	232.733	0.00108393	0.1642
-238.5	232.733	0.00172036	0.189
-234.0	232.733	0.0032349	0.5462
-229.5	232.733	0.00251817	0.3165
-225.0	232.733	0.00310282	0.3184
-220.5	232.733	0.00361952	0.4511
-216.0	232.733	0.00319416	0.5346
-211.5	232.733	0.00479407	0.5619
-207.0	232.733	0.00186973	0.2132
-202.5	232.733	0.00249831	0.2855
-198.0	232.733	0.00374065	0.533
-193.5	232.733	0.00206646	0.2291
-189.0	232.733	0.0061793	0.4342
-184.5	232.733	0.00459415	0.5469
-180.0	232.733	0.00401879	0.241
-175.5	232.733	0.00793673	0.3667
-171.0	232.733	0.0085358	0.3831
-166.5	232.733	0.00292867	0.2992
-162.0	232.733	0.00503578	0.4091
-157.5	232.733	0.00796878	0.5114
-153.0	232.733	0.00780254	0.3924
-148.5	232.733	0.00773916	0.3265
-144.0	232.733	0.0138282	0.3629
-139.5	232.733	0.00570455	0.3046
-135.0	232.733	0.0124929	0.3441
-130.5	232.733	0.0127979	0.3208
-126.0	232.733	0.0110361	0.3173
-121.5	232.733	0.005719	0.3043
-117.0	232.733	0.0056921	0.3828
-112.5	232.733	0.0120631	0.2653
-108.0	232.733	0.022609	0.2917
-103.5	232.733	0.0172307	0.3557
-99.0	232.733	0.0157398	0.2686
-94.5	232.733	0.0068648	0.2255
-90.0	232.733	0.0102207	0.274
-85.5	232.733	0.0180258	0.2991
-81.0	232.733	0.0154492	0.3419
-76.5	232.733	0.0181742	0.2929
-72.0	232.733	0.0121331	0.3279
-67.5	232.733	0.0134909	0.2765
-63.0	232.733	0.0235655	0.2479
-58.5	232.733	0.0128357	0.3138
-54.0	232.733	0.0144349	0.2758
-49.5	232.733	0.0122878	0.3019
-45.0	232.733	0.0211945	0.2621
-40.5	232.733	0.0207111	0.3077
-36.0	232.733	0.0125179	0.24
-31.5	232.733	0.0185958	0.2679
-27.0	232.733	0.0147084	0.2523
-22.5	232.733	0.0207999	0.231
-18.0	232.733	0.0221702	0.2361
-13.5	232.733	0.0214909	0.257
-9.0	232.733	0.0199723	0.2667
-4.5	232.733	0.0212884	0.2096
0.0	232.733	0.0227269	0.2945
4.5	232.733	0.0272989	0.2371
9.0	232.733	0.0215983	0.2296
13.5	232.733	0.0224323	0.21
18.0	232.733	0.0226518	0.2232
22.5	232.733	0.00923012	0.3172
27.0	232.733	0.0280208	0.2411
31.5	232.733	0.0206979	0.231
36.0	232.733	0.0119632	0.3098
40.5	232.733	0.0169859	0.2788
45.0	232.733	0.0197116	0.2019
49.5	232.733	0.0246708	0.2214
54.0	232.733	0.0106481	0.2101
58.5	232.733	0.0201068	0.2638
63.0	232.733	0.0196175	0.2019
67.5	232.733	0.019793	0.2348
72.0	232.733	0.0158931	0.2556
76.5	232.733	0.0238005	0.2387
81.0	232.733	0.0232969	0.272
85.5	232.733	0.0138127	0.2707
90.0	232.733	0.0143273	0.2551
94.5	232.733	0.0195201	0.2525
99.0	232.733	0.0212217	0.2581
103.5	232.733	0.0287373	0.2379
108.0	232.733	0.0129861	0.2626
112.5	232.733	0.0112537	0.3521
117.0	232.733	0.0124796	0.3129
121.5	232.733	0.00797985	0.2535
126.0	232.733	0.0142644	0.2548
130.5	232.733	0.0130967	0.2414
135.0	232.733	0.0193117	0.2589
139.5	232.733	0.0141704	0.3159
144.0	232.733	0.00903799	0.3169
148.5	232.733	0.0180627	0.2674
153.0	232.733	0.018087	0.2816
157.5	232.733	0.013041	0.259
162.0	232.733	0.00865137	0.3609
166.5	232.733	0.0167629	0.318
171.0	232.733	0.00852023	0.2456
175.5	232.733	0.0141633	0.3262
180.0	232.733	0.0121515	0.2693
184.5	232.733	0.0176849	0.3289
189.0	232.733	0.00655296	0.3147
193.5	232.733	0.00433446	0.309
198.0	232.733	0.00317083	0.1743
202.5	232.733	0.0132789	0.359
207.0	232.733	0.00697485	0.3301
211.5	232.733	0.0106412	0.3775
216.0	232.733	0.0107798	0.356
220.5	232.733	0.0228904	0.2748
225.0	232.733	0.00926971	0.3046
229.5	232.733	0.0053238	0.3965
234.0	232.733	0.0062258	0.4546
238.5	232.733	0.0111948	0.3371
243.0	232.733	0.0130586	0.3985
247.5	232.733	0.0106064	0.2762
252.0	232.733	0.00496158	0.3135
256.5	232.733	0.011135	0.3445
261.0	232.733	0.00327329	0.3406
265.5	232.733	0.00513152	0.3597
270.0	232.733	0.00512761	0.5122
274.5	232.733	0.00884718	0.4407
279.0	232.733	0.0110029	0.3369
283.5	232.733	0.0106081	0.365
288.0	232.733	0.00633515	0.4154
292.5	232.733	0.00354913	0.3114
297.0	232.733	0.00749346	0.4895
301.5	232.733	0.00535749	0.433
306.0	232.733	0.00652574	0.4631
310.5	232.733	0.00155346	0.1715
315.0	232.733	0.00301086	0.5438
319.5	232.733	0.00612942	0.5345
324.0	232.733	0.00136679	0.1655
328.5	232.733	0.0032368	0.4053
333.0	232.733	0.00236373	0.3187
337.5	232.733	0.00336985	0.4998
342.0	232.733	0.00307353	0.4535
346.5	232.733	0.00146947	0.3145
351.0	232.733	0.00543624	0.4932
355.5	232.733	0.00277957	0.4047
360.0	232.733	0.00133188	0.3475
364.5	232.733	0.00139398	0.3402
369.0	232.733	0.00371486	0.5155
373.5	232.733	0.00128	0.6642
378.0	232.733	0.000526704	0.2791
382.5	232.733	0.000504083	0.2714
387.0	232.733	0.000445882	0.3056
391.5	232.733	0.000359081	0.2937
396.0	232.733	0.000173116	0.4017
400.5	232.733	0.000178102	0.523
405.0	232.733	0.00107095	0.7566
409.5	232.733	0.00293453	0.6683
414.0	232.733	0.00463501	0.6679
418.5	232.733	0.00344818	0.6377
423.0	232.733	0.00179121	0.5018
427.5	232.733	0.00432491	0.543
432.0	232.733	0.000317117	0.3689
436.5	232.733	0.00285791	0.6801
441.0	232.733	0.00695815	0.4864
445.5	232.733	0.000727736	0.2377
-450.0	235.3	0.000209831	0.3989
-445.5	235.3	0.000334877	0.3427
-441.0	235.3	0.000254116	0.3663
-436.5	235.3	0.00022285	0.3607
-432.0	235.3	0.000520314	0.6119
-427.5	235.3	0.000119541	0.4302
-423.0	235.3	0.00144757	0.6685
-418.5	235.3	0.00250762	0.8392
-414.0	235.3	0.00133104	0.9149
-409.5	235.3	0.000433931	0.3276
-405.0	235.3	0.000451017	0.318
-400.5	235.3	0.000508414	0.3965
-396.0	235.3	0.000293332	0.3897
-391.5	235.3	0.00106722	0.5506
-387.0	235.3	0.000286634	0.3518
-382.5	235.3	0.000507466	0.3153
-378.0	235.3	0.000510277	0.3026
-373.5	235.3	0.000396183	0.3086
-369.0	235.3	0.000380253	0.3071
-364.5	235.3	0.00104173	0.6851
-360.0	235.3	0.00152576	0.5737
-355.5	235.3	0.000644498	0.271
-351.0	235.3	0.000591563	0.2289
-346.5	235.3	0.00254644	0.743
-342.0	235.3	0.0047278	0.9013
-337.5	235.3	0.00157151	0.7878
-333.0	235.3	0.000605972	0.2566
-328.5	235.3	0.000553738	0.2511
-324.0	235.3	0.00123895	0.4283
-319.5	235.3	0.00266814	0.5985
-315.0	235.3	0.000833709	0.2182
-310.5	235.3	0.00451399	0.7832
-306.0	235.3	0.00805526	0.5741
-301.5	235.3	0.00519396	0.4953
-297.0	235.3	0.000878127	0.2125
-292.5	235.3	0.00314983	0.6681
-288.0	235.3	0.00102427	0.2132
-283.5	235.3	0.00169004	0.4389
-279.0	235.3	0.00405883	0.5653
-274.5	235.3	0.00105496	0.2501
-270.0	235.3	0.0035013	0.498
-265.5	235.3	0.00359323	0.4371
-261.0	235.3	0.00900165	0.4782
-256.5	235.3	0.00188803	0.2822
-252.0	235.3	0.00117603	0.1781
-247.5	235.3	0.00373155	0.6388
-243.0	235.3	0.00100994	0.1843
-238.5	235.3	0.00117724	0.1645
-234.0	235.3	0.00509319	0.4975
-229.5	235.3	0.00191812	0.3497
-225.0	235.3	0.00225236	0.2519
-220.5	235.3	0.00158169	0.2999
-216.0	235.3	0.00321852	0.4173
-211.5	235.3	0.0032803	0.541
-207.0	235.3	0.00231741	0.3194
-202.5	235.3	0.00269685	0.3324
-198.0	235.3	0.00825655	0.4094
-193.5	235.3	0.0022809	0.2879
-189.0	235.3	0.00618162	0.4847
-184.5	235.3	0.00376808	0.4365
-180.0	235.3	0.00443635	0.3333
-175.5	235.3	0.0046649	0.3586
-171.0	235.3	0.00784392	0.4456
-166.5	235.3	0.00673304	0.3767
-162.0	235.3	0.00470091	0.383
-157.5	235.3	0.00974891	0.3584
-153.0	235.3	0.00859155	0.307
-148.5	235.3	0.00726136	0.3748
-144.0	235.3	0.00996162	0.3595
-139.5	235.3	0.00700089	0.3877
-135.0	235.3	0.0137311	0.2962
-130.5	235.3	0.0157053	0.348
-126.0	235.3	0.0118161	0.3686
-121.5	235.3	0.00792027	0.4219
-117.0	235.3	0.00552838	0.2328
-112.5	235.3	0.0149541	0.324
-108.0	235.3	0.00687549	0.2913
-103.5	235.3	0.0143188	0.2881
-99.0	235.3	0.0159146	0.3155
-94.5	235.3	0.00730631	0.3132
-90.0	235.3	0.014213	0.3623
-85.5	235.3	0.0147171	0.3042
-81.0	235.3	0.0180806	0.2928
-76.5	235.3	0.00693564	0.2847
-72.0	235.3	0.0123793	0.2941
-67.5	235.3	0.0142432	0.2332
-63.0	235.3	0.0150011	0.2749
-58.5	235.3	0.00985617	0.2767
-54.0	235.3	0.0105148	0.311
-49.5	235.3	0.0183822	0.2939
-45.0	235.3	0.00800272	0.2597
-40.5	235.3	0.0178065	0.2586
-36.0	235.3	0.0134621	0.2602
-31.5	235.3	0.0111791	0.2384
-27.0	235.3	0.0152806	0.2665
-22.5	235.3	0.0222573	0.231
-18.0	235.3	0.0199274	0.2672
-13.5	235.3	0.0193344	0.2761
-9.0	235.3	0.0210956	0.2925
-4.5	235.3	0.0137687	0.2431
0.0	235.3	0.0277914	0.2489
4.5	235.3	0.0196526	0.2515
9.0	235.3	0.0197031	0.2101
13.5	235.3	0.0217544	0.2225
18.0	235.3	0.0138804	0.2702
22.5	235.3	0.00868272	0.262
27.0	235.3	0.0221234	0.2303
31.5	235.3	0.0224225	0.2493
36.0	235.3	0.0139717	0.2288
40.5	235.3	0.0096974	0.311
45.0	235.3	0.0202753	0.2425
49.5	235.3	0.0196279	0.2399
54.0	235.3	0.0162662	0.2298
58.5	235.3	0.013623	0.2774
63.0	235.3	0.0175399	0.2228
67.5	235.3	0.018026	0.2617
72.0	235.3	0.00781452	0.3099
76.5	235.3	0.0201244	0.2595
81.0	235.3	0.0226397	0.2705
85.5	235.3	0.0112973	0.3088
90.0	235.3	0.0105518	0.2615
94.5	235.3	0.0176854	0.2567
99.0	235.3	0.0123834	0.319
103.5	235.3	0.019766	0.2583
108.0	235.3	0.0159965	0.3313
112.5	235.3	0.0098175	0.2527
117.0	235.3	0.0105974	0.3523
121.5	235.3	0.00588948	0.2889
126.0	235.3	0.00976413	0.2762
130.5	235.3	0.0112186	0.2728
135.0	235.3	0.0177668	0.2947
139.5	235.3	0.0166721	0.2758
144.0	235.3	0.015728	0.2682
148.5	235.3	0.00931311	0.2964
153.0	235.3	0.0190331	0.2763
157.5	235.3	0.00906852	0.267
162.0	235.3	0.0109542	0.3124
166.5	235.3	0.0144177	0.3046
171.0	235.3	0.00816008	0.331
175.5	235.3	0.0125765	0.3261
180.0	235.3	0.0165117	0.6439
184.5	235.3	0.0075766	0.3385
189.0	235.3	0.0122458	0.3654
193.5	235.3	0.00906128	0.3637
198.0	235.3	0.0105244	0.3195
202.5	235.3	0.013588	0.3546
207.0	235.3	0.00661793	0.2678
211.5	235.3	0.00569578	0.3744
216.0	235.3	0.00710474	0.3826
220.5	235.3	0.0121763	0.3138
225.0	235.3	0.0111514	0.3846
229.5	235.3	0.00346431	0.2494
234.0	235.3	0.00734189	0.3344
238.5	235.3	0.00425051	0.3069
243.0	235.3	0.00996905	0.3661
247.5	235.3	0.0126767	0.3787
252.0	235.3	0.00518784	0.3855
256.5	235.3	0.00371411	0.2992
261.0	235.3	0.0051471	0.371
265.5	235.3	0.00700393	0.4659
270.0	235.3	0.00658437	0.4406
274.5	235.3	0.00511534	0.4382
279.0	235.3	0.00593803	0.3163
283.5	235.3	0.0116416	0.2961
288.0	235.3	0.00461086	0.4283
292.5	235.3	0.00397526	0.4906
297.0	235.3	0.00566294	0.5386
301.5	235.3	0.00438831	0.6056
306.0	235.3	0.00198948	0.2719
310.5	235.3	0.00294509	0.5128
315.0	235.3	0.00417059	0.4244
319.5	235.3	0.00407886	0.4713
324.0	235.3	0.00759384	0.4696
328.5	235.3	0.0012934	0.2383
333.0	235.3	0.0045955	0.4457
337.5	235.3	0.00353117	0.5784
342.0	235.3	0.0038197	0.7499
346.5	235.3	0.000765242	0.2136
351.0	235.3	0.00212876	0.6065
355.5	235.3	0.00169967	0.3117
360.0	235.3	0.00101681	0.5579
364.5	235.3	0.00160033	0.7247
369.0	235.3	0.00257053	0.5713
373.5	235.3	0.00170915	0.7086
378.0	235.3	0.000384836	0.3333
382.5	235.3	0.0020579	0.7419
387.0	235.3	0.000379608	0.3349
391.5	235.3	0.000299511	0.3551
396.0	235.3	0.000184992	0.442
400.5	235.3	0.000261411	0.4251
405.0	235.3	0.00157739	0.6483
409.5	235.3	0.000549054	0.47
414.0	235.3	0.00306662	0.8915
418.5	235.3	0.00302734	0.5537
423.0	235.3	0.000874563	0.4287
427.5	235.3	0.002561	0.7619
432.0	235.3	0.00242412	0.8484
436.5	235.3	0.00238144	0.6085
441.0	235.3	0.00484588	0.5304
445.5	235.3	0.00644603	0.4707
-450.0	237.867	0.00132348	0.8599
-445.5	237.867	0.000776808	0.8537
-441.0	237.867	0.00248936	0.6843
-436.5	237.867	0.000524685	0.5847
-432.0	237.867	0.000124345	0.4212
-427.5	237.867	0.000909084	0.6379
-423.0	237.867	0.00296205	0.7079
-418.5	237.867	0.000231777	0.663
-414.0	237.867	0.00039803	0.3144
-409.5	237.867	0.000369519	0.3364
-405.0	237.867	0.000223154	0.4573
-400.5	237.867	0.00029087	0.324
-396.0	237.867	0.000147379	0.479
-391.5	237.867	0.000263229	0.3993
-387.0	237.867	0.000294572	0.4436
-382.5	237.867	0.000336978	0.3612
-378.0	237.867	0.00035384	0.3342
-373.5	237.867	0.000357555	0.3568
-369.0	237.867	0.000477591	0.4872
-364.5	237.867	0.00189243	0.8275
-360.0	237.867	0.000289885	0.3216
-355.5	237.867	0.000770686	0.2994
-351.0	237.867	0.00487709	0.8738
-346.5	237.867	0.00451115	0.9275
-342.0	237.867	0.000539166	0.2506
-337.5	237.867	0.000266556	0.3389
-333.0	237.867	0.000370107	0.2637
-328.5	237.867	0.000450187	0.3053
-324.0	237.867	0.00188833	0.6711
-319.5	237.867	0.00427907	0.8566
-315.0	237.867	0.00605515	0.7001
-310.5	237.867	0.00347949	0.565
-306.0	237.867	0.00249212	0.5299
-301.5	237.867	0.00139164	0.2302
-297.0	237.867	0.00176253	0.4108
-292.5	237.867	0.00201023	0.5649
-288.0	237.867	0.000971129	0.1845
-283.5	237.867	0.0010698	0.2154
-279.0	237.867	0.0016017	0.6098
-274.5	237.867	0.00330498	0.4548
-270.0	237.867	0.00192606	0.4922
-265.5	237.867	0.00672284	0.5052
-261.0	237.867	0.00306463	0.5023
-256.5	237.867	0.00109897	0.2029
-252.0	237.867	0.00362297	0.4798
-247.5	237.867	0.00251897	0.4434
-243.0	237.867	0.00225655	0.5305
-238.5	237.867	0.000984595	0.1639
-234.0	237.867	0.00463347	0.5295
-229.5	237.867	0.00297477	0.5561
-225.0	237.867	0.00293307	0.4433
-220.5	237.867	0.00199481	0.261
-216.0	237.867	0.00203235	0.3683
-211.5	237.867	0.0035584	0.4196
-207.0	237.867	0.00190378	0.139
-202.5	237.867	0.00655318	0.4255
-198.0	237.867	0.00491714	0.3955
-193.5	237.867	0.00556637	0.4141
-189.0	237.867	0.0026732	0.2724
-184.5	237.867	0.00507837	0.3652
-180.0	237.867	0.00424468	0.377
-175.5	237.867	0.00781032	0.3997
-171.0	237.867	0.00381268	0.4049
-166.5	237.867	0.00832366	0.589
-162.0	237.867	0.00273145	0.2985
-157.5	237.867	0.00640603	0.4606
-153.0	237.867	0.00626041	0.3655
-148.5	237.867	0.00409973	0.2848
-144.0	237.867	0.00632218	0.3674
-139.5	237.867	0.00692988	0.4899
-135.0	237.867	0.0111038	0.349
-130.5	237.867	0.0124003	0.3962
-126.0	237.867	0.0119004	0.4109
-121.5	237.867	0.0054395	0.3108
-117.0	237.867	0.0160078	0.2563
-112.5	237.867	0.0111446	0.3574
-108.0	237.867	0.00416387	0.3233
-103.5	237.867	0.0101762	0.4006
-99.0	237.867	0.012058	0.3214
-94.5	237.867	0.0063912	0.3
-90.0	237.867	0.0175676	0.338
-85.5	237.867	0.0127433	0.3239
-81.0	237.867	0.0158811	0.3618
-76.5	237.867	0.00353444	0.1836
-72.0	237.867	0.0145105	0.2912
-67.5	237.867	0.0146799	0.3106
-63.0	237.867	0.0131822	0.3156
-58.5	237.867	0.00781816	0.2843
-54.0	237.867	0.00915707	0.2977
-49.5	237.867	0.0111059	0.3065
-45.0	237.867	0.0185795	0.2867
-40.5	237.867	0.0143028	0.2842
-36.0	237.867	0.00724104	0.3454
-31.5	237.867	0.0182847	0.2492
-27.0	237.867	0.0129263	0.3829
-22.5	237.867	0.0141607	0.2667
-18.0	237.867	0.021445	0.2429
-13.5	237.867	0.0214019	0.269
-9.0	237.867	0.0126869	0.2921
-4.5	237.867	0.0128144	0.2596
0.0	237.867	0.0243953	0.251
4.5	237.867	0.0117607	0.2727
9.0	237.867	0.0112859	0.206
13.5	237.867	0.0239334	0.2292
18.0	237.867	0.0196818	0.2408
22.5	237.867	0.0182629	0.3058
27.0	237.867	0.0136759	0.2645
31.5	237.867	0.0218408	0.2532
36.0	237.867	0.0144368	0.4241
40.5	237.867	0.0120099	0.2665
45.0	237.867	0.0133665	0.2385
49.5	237.867	0.0127752	0.2749
54.0	237.867	0.0176479	0.2643
58.5	237.867	0.0119378	0.336
63.0	237.867	0.0129307	0.262
67.5	237.867	0.0170101	0.265
72.0	237.867	0.012191	0.239
76.5	237.867	0.0168941	0.2882
81.0	237.867	0.0222663	0.2766
85.5	237.867	0.0139786	0.3344
90.0	237.867	0.0103252	0.2834
94.5	237.867	0.010579	0.2602
99.0	237.867	0.017148	0.2827
103.5	237.867	0.0100604	0.3035
108.0	237.867	0.0117425	0.2876
112.5	237.867	0.0119556	0.3416
117.0	237.867	0.00637895	0.4719
121.5	237.867	0.0122142	0.3822
126.0	237.867	0.0121901	0.3156
130.5	237.867	0.0105782	0.3235
135.0	237.867	0.014462	0.3382
139.5	237.867	0.0135178	0.3214
144.0	237.867	0.0186036	0.3019
148.5	237.867	0.00844178	0.2887
153.0	237.867	0.00617213	0.3567
157.5	237.867	0.0162094	0.3166
162.0	237.867	0.0078515	0.3475
166.5	237.867	0.00757103	0.3846
171.0	237.867	0.0157174	0.3261
175.5	237.867	0.010316	0.4008
180.0	237.867	0.0068174	0.4989
184.5	237.867	0.00907693	0.4162
189.0	237.867	0.00711064	0.361
193.5	237.867	0.00993126	0.3326
198.0	237.867	0.0142806	0.319
202.5	237.867	0.0111706	0.3329
207.0	237.867	0.0124817	0.3004
211.5	237.867	0.00752119	0.3571
216.0	237.867	0.010952	0.3836
220.5	237.867	0.00990595	0.335
225.0	237.867	0.0166133	0.3417
229.5	237.867	0.00697049	0.3274
234.0	237.867	0.00923192	0.3167
238.5	237.867	0.00837429	0.5953
243.0	237.867	0.00988744	0.2963
247.5	237.867	0.0119939	0.363
252.0	237.867	0.0124347	0.4301
256.5	237.867	0.0034321	0.4539
261.0	237.867	0.00342086	0.3248
265.5	237.867	0.00409331	0.413
270.0	237.867	0.0047842	0.3532
274.5	237.867	0.00741285	0.4497
279.0	237.867	0.00877001	0.3646
283.5	237.867	0.00771981	0.4301
288.0	237.867	0.00622231	0.4331
292.5	237.867	0.00152973	0.2202
297.0	237.867	0.00273531	0.3722
301.5	237.867	0.00205126	0.409
306.0	237.867	0.00668643	0.4946
310.5	237.867	0.00194641	0.3843
315.0	237.867	0.00133485	0.1804
319.5	237.867	0.00542183	0.5998
324.0	237.867	0.00731587	0.4444
328.5	237.867	0.00337148	0.3956
333.0	237.867	0.00296752	0.4862
337.5	237.867	0.00209533	0.3495
342.0	237.867	0.00198606	0.625
346.5	237.867	0.000659232	0.2129
351.0	237.867	0.00218141	0.7608
355.5	237.867	0.003986	0.5393
360.0	237.867	0.000663804	0.299
364.5	237.867	0.00118364	0.6745
369.0	237.867	0.000820315	0.5523
373.5	237.867	0.00191656	0.6925
378.0	237.867	0.00147279	0.7632
382.5	237.867	0.00479429	0.6221
387.0	237.867	0.00209663	0.6439
391.5	237.867	0.000385109	0.3169
396.0	237.867	0.000407095	0.3383
400.5	237.867	0.000616278	0.5843
405.0	237.867	0.000444489	0.4195
409.5	237.867	0.000261525	0.338
414.0	237.867	0.00203615	0.8489
418.5	237.867	0.000426979	0.2925
423.0	237.867	0.000757163	0.4945
427.5	237.867	0.000690127	0.4478
432.0	237.867	0.00169137	0.5192
436.5	237.867	0.00376348	0.6036
441.0	237.867	0.00266687	0.5758
445.5	237.867	0.0026895	0.5619
-450.0	240.433	0.000997327	0.6698
-445.5	240.433	9.68446e-05	0.415
-441.0	240.433	0.000482945	0.6803
-436.5	240.433	0.000210988	0.4461
-432.0	240.433	0.000859037	0.7289
-427.5	240.433	0.00211981	0.8088
-423.0	240.433	0.000892716	0.7167
-418.5	240.433	0.000888219	0.6666
-414.0	240.433	0.000895555	0.511
-409.5	240.433	0.000276779	0.3227
-405.0	240.433	0.000237337	0.3817
-400.5	240.433	0.000122118	0.4958
-396.0	240.433	0.000164663	0.5116
-391.5	240.433	0.000367768	0.4239
-387.0	240.433	0.000172808	0.4995
-382.5	240.433	0.00036906	0.2802
-378.0	240.433	0.000476275	0.3112
-373.5	240.433	0.000281962	0.3895
-369.0	240.433	0.0016619	0.6962
-364.5	240.433	0.000928783	0.5619
-360.0	240.433	0.00585607	0.7656
-355.5	240.433	0.00566608	0.7543
-351.0	240.433	0.00046955	0.2468
-346.5	240.433	0.00043504	0.2765
-342.0	240.433	0.000367677	0.2625
-337.5	240.433	0.000388966	0.2872
-333.0	240.433	0.00053982	0.272
-328.5	240.433	0.00100108	0.2238
-324.0	240.433	0.00125442	0.4851
-319.5	240.433	0.00261179	0.7211
-315.0	240.433	0.0014602	0.505
-310.5	240.433	0.00122081	0.3184
-306.0	240.433	0.00155931	0.5908
-301.5	240.433	0.00422569	0.7793
-297.0	240.433	0.000640712	0.2349
-292.5	240.433	0.000717064	0.2073
-288.0	240.433	0.00122112	0.1787
-283.5	240.433	0.000837581	0.3035
-279.0	240.433	0.0012064	0.455
-274.5	240.433	0.00217385	0.6601
-270.0	240.433	0.00240316	0.3731
-265.5	240.433	0.00649672	0.6053
-261.0	240.433	0.000765755	0.2012
-256.5	240.433	0.00109571	0.1829
-252.0	240.433	0.00366641	0.6652
-247.5	240.433	0.00117028	0.3366
-243.0	240.433	0.00178791	0.5361
-238.5	240.433	0.00120548	0.1905
-234.0	240.433	0.00204324	0.2983
-229.5	240.433	0.00171798	0.2864
-225.0	240.433	0.00370023	0.4107
-220.5	240.433	0.00165964	0.1918
-216.0	240.433	0.00191262	0.3621
-211.5	240.433	0.00316643	0.5315
-207.0	240.433	0.0028646	0.4501
-202.5	240.433	0.00462915	0.4881
-198.0	240.433	0.001387	0.1591
-193.5	240.433	0.00771906	0.4763
-189.0	240.433	0.0026067	0.3549
-184.5	240.433	0.00193531	0.2046
-180.0	240.433	0.00389009	0.371
-175.5	240.433	0.00828402	0.3605
-171.0	240.433	0.00727393	0.446
-166.5	240.433	0.00621992	0.4677
-162.0	240.433	0.00451498	0.5439
-157.5	240.433	0.00843771	0.453
-153.0	240.433	0.00526584	0.3691
-148.5	240.433	0.00483885	0.3882
-144.0	240.433	0.0058508	0.4223
-139.5	240.433	0.00869923	0.4271
-135.0	240.433	0.0137955	0.3564
-130.5	240.433	0.00776665	0.4383
-126.0	240.433	0.00955763	0.3169
-121.5	240.433	0.0062676	0.4046
-117.0	240.433	0.0141786	0.2821
-112.5	240.433	0.00472353	0.5845
-108.0	240.433	0.0112643	0.328
-103.5	240.433	0.00958079	0.3864
-99.0	240.433	0.0105573	0.404
-94.5	240.433	0.00973996	0.4704
-90.0	240.433	0.0108206	0.3362
-85.5	240.433	0.00968707	0.3622
-81.0	240.433	0.00856636	0.2961
-76.5	240.433	0.0123783	0.3903
-72.0	240.433	0.0121552	0.3192
-67.5	240.433	0.00992238	0.359
-63.0	240.433	0.0102501	0.4145
-58.5	240.433	0.014258	0.3269
-54.0	240.433	0.0106425	0.449
-49.5	240.433	0.00463583	0.2524
-45.0	240.433	0.0148316	0.301
-40.5	240.433	0.0207169	0.2875
-36.0	240.433	0.00923931	0.263
-31.5	240.433	0.0142365	0.3467
-27.0	240.433	0.0067864	0.204
-22.5	240.433	0.0107746	0.246
-18.0	240.433	0.0199156	0.2579
-13.5	240.433	0.0247685	0.2625
-9.0	240.433	0.0101922	0.303
-4.5	240.433	0.0159849	0.2979
0.0	240.433	0.0146446	0.3043
4.5	240.433	0.0102326	0.2961
9.0	240.433	0.0131397	0.3052
13.5	240.433	0.0225709	0.2452
18.0	240.433	0.0188892	0.2615
22.5	240.433	0.0120786	0.347
27.0	240.433	0.0147826	0.2762
31.5	240.433	0.0215039	0.2697
36.0	240.433	0.0133913	0.2679
40.5	240.433	0.0197709	0.2464
45.0	240.433	0.0171583	0.2866
49.5	240.433	0.017008	0.308
54.0	240.433	0.0114985	0.3052
58.5	240.433	0.0201478	0.2967
63.0	240.433	0.017619	0.2691
67.5	240.433	0.0119603	0.267
72.0	240.433	0.0138824	0.2746
76.5	240.433	0.0108252	0.3577
81.0	240.433	0.0151343	0.3181
85.5	240.433	0.0220333	0.266
90.0	240.433	0.0133092	0.296
94.5	240.433	0.0098953	0.3037
99.0	240.433	0.0150744	0.2533
103.5	240.433	0.0102247	0.3382
108.0	240.433	0.0142462	0.3168
112.5	240.433	0.0111823	0.3077
117.0	240.433	0.0103043	0.3872
121.5	240.433	0.00520337	0.3086
126.0	240.433	0.00894198	0.2724
130.5	240.433	0.00773829	0.3565
135.0	240.433	0.00742248	0.4405
139.5	240.433	0.00961865	0.3492
144.0	240.433	0.00692194	0.3315
148.5	240.433	0.00846898	0.3242
153.0	240.433	0.00764804	0.3441
157.5	240.433	0.0152872	0.3453
162.0	240.433	0.0087185	0.3545
166.5	240.433	0.0127096	0.2995
171.0	240.433	0.0119354	0.2776
175.5	240.433	0.013403	0.38
180.0	240.433	0.0110804	0.3518
184.5	240.433	0.0141545	0.4874
189.0	240.433	0.00779798	0.4541
193.5	240.433	0.00592166	0.3241
198.0	240.433	0.00750434	0.3804
202.5	240.433	0.00731012	0.3219
207.0	240.433	0.00582222	0.4187
211.5	240.433	0.00709863	0.4125
216.0	240.433	0.00961207	0.3521
220.5	240.433	0.00676475	0.297
225.0	240.433	0.00922589	0.3945
229.5	240.433	0.0121794	0.3843
234.0	240.433	0.00564123	0.4177
238.5	240.433	0.00693742	0.475
243.0	240.433	0.00605419	0.3521
247.5	240.433	0.00802433	0.329
252.0	240.433	0.00527785	0.322
256.5	240.433	0.00430837	0.4018
261.0	240.433	0.00568392	0.379
265.5	240.433	0.00407904	0.3904
270.0	240.433	0.00788424	0.3794
274.5	240.433	0.00708458	0.5671
279.0	240.433	0.0043483	0.588
283.5	240.433	0.00229591	0.4924
288.0	240.433	0.00829117	0.3702
292.5	240.433	0.00400391	0.5054
297.0	240.433	0.0048503	0.4427
301.5	240.433	0.00285364	0.4702
306.0	240.433	0.0045318	0.4348
310.5	240.433	0.00495726	0.547
315.0	240.433	0.00492518	0.4791
319.5	240.433	0.00259127	0.3994
324.0	240.433	0.00403726	0.5358
328.5	240.433	0.00453311	0.6931
333.0	240.433	0.00332358	0.4643
337.5	240.433	0.00213989	0.4179
342.0	240.433	0.00211269	0.5716
346.5	240.433	0.000602424	0.2195
351.0	240.433	0.000385285	0.253
355.5	240.433	0.00591572	0.5638
360.0	240.433	0.00073348	0.2809
364.5	240.433	0.00180059	0.6333
369.0	240.433	0.00407166	0.7025
373.5	240.433	0.000934851	0.4603
378.0	240.433	0.00265853	0.5593
382.5	240.433	0.0017062	0.6228
387.0	240.433	0.00062024	0.386
391.5	240.433	0.00247864	0.7545
396.0	240.433	0.00028745	0.3542
400.5	240.433	0.000324727	0.3381
405.0	240.433	0.000535778	0.4615
409.5	240.433	0.00302535	0.8724
414.0	240.433	0.000757799	0.5397
418.5	240.433	0.000912913	0.7002
423.0	240.433	0.00166214	0.6228
427.5	240.433	0.000772123	0.408
432.0	240.433	0.00245849	0.7405
436.5	240.433	0.0032782	0.6109
441.0	240.433	0.0016214	0.6479
445.5	240.433	0.00104806	0.5303
-450.0	243.0	0.000210436	0.3524
-445.5	243.0	0.00030883	0.2925
-441.0	243.0	0.000138514	0.3546
-436.5	243.0	0.00023737	0.3978
-432.0	243.0	0.000238613	0.4373
-427.5	243.0	0.000449864	0.3636
-423.0	243.0	0.000971181	0.7675
-418.5	243.0	0.000508489	0.5724
-414.0	243.0	0.00040303	0.3123
-409.5	243.0	0.000271147	0.3507
-405.0	243.0	0.000108857	0.6036
-400.5	243.0	0.000138563	0.4545
-396.0	243.0	0.000435888	0.4229
-391.5	243.0	0.000257162	0.3896
-387.0	243.0	0.000251459	0.3721
-382.5	243.0	0.000399091	0.2924
-378.0	243.0	4.37857e-05	0.4714
-373.5	243.0	0.000551859	0.6766
-369.0	243.0	0.00614933	0.7381
-364.5	243.0	0.00421073	0.9447
-360.0	243.0	0.000209381	0.358
-355.5	243.0	0.000327855	0.2956
-351.0	243.0	0.000440855	0.2689
-346.5	243.0	0.00287293	0.7565
-342.0	243.0	0.000582142	0.2612
-337.5	243.0	0.000495724	0.277
-333.0	243.0	0.00039695	0.3035
-328.5	243.0	0.000524631	0.4072
-324.0	243.0	0.00100862	0.4205
-319.5	243.0	0.00042613	0.2528
-315.0	243.0	0.000609758	0.2458
-310.5	243.0	0.00168659	0.742
-306.0	243.0	0.000733641	0.2304
-301.5	243.0	0.000784403	0.2103
-297.0	243.0	0.000735069	0.261
-292.5	243.0	0.000690604	0.2342
-288.0	243.0	0.00106242	0.2922
-283.5	243.0	0.000693966	0.208
-279.0	243.0	0.00240067	0.76
-274.5	243.0	0.000758033	0.2286
-270.0	243.0	0.00488662	0.6073
-265.5	243.0	0.00260468	0.5947
-261.0	243.0	0.000952552	0.2191
-256.5	243.0	0.00198288	0.6068
-252.0	243.0	0.00228471	0.523
-247.5	243.0	0.000983133	0.2324
-243.0	243.0	0.00374914	0.6266
-238.5	243.0	0.00122296	0.2635
-234.0	243.0	0.00425324	0.5636
-229.5	243.0	0.00147432	0.1852
-225.0	243.0	0.00116006	0.1729
-220.5	243.0	0.00217943	0.4183
-216.0	243.0	0.00381538	0.3977
-211.5	243.0	0.00466587	0.4128
-207.0	243.0	0.00353092	0.3961
-202.5	243.0	0.00297252	0.4873
-198.0	243.0	0.00234624	0.4705
-193.5	243.0	0.00490349	0.6458
-189.0	243.0	0.00329324	0.6005
-184.5	243.0	0.00348221	0.3371
-180.0	243.0	0.00275126	0.3473
-175.5	243.0	0.00291434	0.4803
-171.0	243.0	0.00332101	0.3451
-166.5	243.0	0.00312056	0.3044
-162.0	243.0	0.00495041	0.5399
-157.5	243.0	0.00378448	0.4233
-153.0	243.0	0.00506956	0.3561
-148.5	243.0	0.00451988	0.3612
-144.0	243.0	0.00582328	0.4881
-139.5	243.0	0.011684	0.4388
-135.0	243.0	0.00942359	0.3612
-130.5	243.0	0.00886726	0.4294
-126.0	243.0	0.00867437	0.4891
-121.5	243.0	0.00731903	0.4712
-117.0	243.0	0.00663493	0.3019
-112.5	243.0	0.0031847	0.2597
-108.0	243.0	0.0103972	0.4576
-103.5	243.0	0.0095774	0.3884
-99.0	243.0	0.00867822	0.3477
-94.5	243.0	0.00384071	0.4085
-90.0	243.0	0.00709589	0.3919
-85.5	243.0	0.00971325	0.3809
-81.0	243.0	0.00683235	0.3051
-76.5	243.0	0.0236253	0.3079
-72.0	243.0	0.00882596	0.273
-67.5	243.0	0.00732319	0.3315
-63.0	243.0	0.00944986	0.3723
-58.5	243.0	0.00937448	0.3349
-54.0	243.0	0.0128465	0.3817
-49.5	243.0	0.00648065	0.3412
-45.0	243.0	0.0225965	0.2788
-40.5	243.0	0.0204886	0.3125
-36.0	243.0	0.0116787	0.3223
-31.5	243.0	0.00804345	0.2721
-27.0	243.0	0.0113445	0.2628
-22.5	243.0	0.0154619	0.3049
-18.0	243.0	0.0202829	0.2607
-13.5	243.0	0.00919767	0.2243
-9.0	243.0	0.0107599	0.2496
-4.5	243.0	0.0122257	0.2521
0.0	243.0	0.0199846	0.3123
4.5	243.0	0.0206288	0.3212
9.0	243.0	0.0127769	0.2561
13.5	243.0	0.016085	0.2667
18.0	243.0	0.0204319	0.2587
22.5	243.0	0.0104117	0.275
27.0	243.0	0.0173195	0.2717
31.5	243.0	0.0164099	0.3008
36.0	243.0	0.0093236	0.3077
40.5	243.0	0.0156923	0.3084
45.0	243.0	0.0164298	0.3638
49.5	243.0	0.0140632	0.2952
54.0	243.0	0.00759187	0.3018
58.5	243.0	0.0131604	0.3348
63.0	243.0	0.016619	0.2502
67.5	243.0	0.00949731	0.2568
72.0	243.0	0.0135802	0.315
76.5	243.0	0.0136583	0.2566
81.0	243.0	0.0137872	0.2838
85.5	243.0	0.0198217	0.2923
90.0	243.0	0.0191364	0.2754
94.5	243.0	0.0104883	0.261
99.0	243.0	0.0198012	0.2583
103.5	243.0	0.0115128	0.3478
108.0	243.0	0.0134235	0.3407
112.5	243.0	0.0203498	0.3166
117.0	243.0	0.00930482	0.4013
121.5	243.0	0.0088903	0.4616
126.0	243.0	0.00579223	0.3629
130.5	243.0	0.00464734	0.3782
135.0	243.0	0.00906326	0.4386
139.5	243.0	0.0143913	0.3502
144.0	243.0	0.00749577	0.3918
148.5	243.0	0.00887291	0.3228
153.0	243.0	0.0109449	0.3909
157.5	243.0	0.0127913	0.3622
162.0	243.0	0.0170832	0.365
166.5	243.0	0.006744	0.3318
171.0	243.0	0.0110507	0.3152
175.5	243.0	0.00851385	0.3737
180.0	243.0	0.00966493	0.4167
184.5	243.0	0.00851351	0.349
189.0	243.0	0.00408823	0.3928
193.5	243.0	0.0110106	0.4389
198.0	243.0	0.00313544	0.2868
202.5	243.0	0.00854238	0.4487
207.0	243.0	0.0055489	0.6022
211.5	243.0	0.00421012	0.4791
216.0	243.0	0.011623	0.3726
220.5	243.0	0.0067358	0.4792
225.0	243.0	0.00786852	0.3985
229.5	243.0	0.0100656	0.4005
234.0	243.0	0.00653226	0.458
238.5	243.0	0.0104306	0.3694
243.0	243.0	0.0059907	0.3489
247.5	243.0	0.00709586	0.361
252.0	243.0	0.00724545	0.5163
256.5	243.0	0.0044301	0.4078
261.0	243.0	0.0070666	0.5419
265.5	243.0	0.00589847	0.5197
270.0	243.0	0.00346243	0.4838
274.5	243.0	0.00309361	0.3686
279.0	243.0	0.00663905	0.5473
283.5	243.0	0.00450038	0.4178
288.0	243.0	0.00376065	0.3798
292.5	243.0	0.00161241	0.404
297.0	243.0	0.0028486	0.5869
301.5	243.0	0.00252573	0.6114
306.0	243.0	0.00590558	0.4104
310.5	243.0	0.00316873	0.4565
315.0	243.0	0.00128721	0.2048
319.5	243.0	0.00253363	0.3599
324.0	243.0	0.00402583	0.6419
328.5	243.0	0.00298106	0.4687
333.0	243.0	0.00416649	0.5375
337.5	243.0	0.00707114	0.3982
342.0	243.0	0.00101183	0.3344
346.5	243.0	0.00203461	0.6225
351.0	243.0	0.00167021	0.4906
355.5	243.0	0.00794709	0.5015
360.0	243.0	0.00221198	0.7916
364.5	243.0	0.00076864	0.4808
369.0	243.0	0.00207083	0.6948
373.5	243.0	0.000377818	0.2788
378.0	243.0	0.00415143	0.5372
382.5	243.0	0.0016638	0.5618
387.0	243.0	0.000470263	0.3287
391.5	243.0	0.00393974	0.4273
396.0	243.0	0.00187261	0.6088
400.5	243.0	0.000485442	0.2997
405.0	243.0	0.000391821	0.3245
409.5	243.0	0.000378203	0.3704
414.0	243.0	0.00336171	0.9222
418.5	243.0	0.00172054	0.576
423.0	243.0	0.000302042	0.3585
427.5	243.0	0.000793486	0.3938
432.0	243.0	0.00070994	0.6108
436.5	243.0	0.000416625	0.2496
441.0	243.0	0.000648019	0.3019
445.5	243.0	0.000693659	0.2822
-450.0	245.567	0.000128677	0.4264
-445.5	245.567	0.000141672	0.416
-441.0	245.567	0.000569856	0.4661
-436.5	245.567	0.000188217	0.3908
-432.0	245.567	0.000505467	0.3027
-427.5	245.567	0.00107437	0.8031
-423.0	245.567	0.000232664	0.5728
-418.5	245.567	0.000270005	0.3757
-414.0	245.567	0.000366627	0.308
-409.5	245.567	6.3738e-05	0.6366
-405.0	245.567	0.000587438	0.7463
-400.5	245.567	0.000319758	0.4212
-396.0	245.567	0.000222152	0.433
-391.5	245.567	3.38171e-05	0.8722
-387.0	245.567	0.00034272	0.378
-382.5	245.567	0.000512493	0.6453
-378.0	245.567	0.000106122	0.5018
-373.5	245.567	0.00174839	0.8924
-369.0	245.567	0.00040036	0.402
-364.5	245.567	0.000224726	0.544
-360.0	245.567	0.000372351	0.3183
-355.5	245.567	0.000494015	0.279
-351.0	245.567	0.000444666	0.3122
-346.5	245.567	0.000751774	0.2411
-342.0	245.567	0.00101908	0.5977
-337.5	245.567	0.00191164	0.8072
-333.0	245.567	0.00167035	0.5217
-328.5	245.567	0.000546532	0.561
-324.0	245.567	0.000364738	0.2619
-319.5	245.567	0.00056079	0.2892
-315.0	245.567	0.00132695	0.6231
-310.5	245.567	0.00180643	0.4784
-306.0	245.567	0.000759742	0.2301
-301.5	245.567	0.000750243	0.2212
-297.0	245.567	0.001798	0.7925
-292.5	245.567	0.000831128	0.4485
-288.0	245.567	0.000682073	0.2154
-283.5	245.567	0.000564617	0.2266
-279.0	245.567	0.0007701	0.2793
-274.5	245.567	0.00138674	0.3586
-270.0	245.567	0.00309882	0.6173
-265.5	245.567	0.00109875	0.2352
-261.0	245.567	0.000861075	0.2247
-256.5	245.567	0.00319638	0.744
-252.0	245.567	0.00316949	0.6946
-247.5	245.567	0.000610537	0.2258
-243.0	245.567	0.00244895	0.6418
-238.5	245.567	0.00201113	0.451
-234.0	245.567	0.0010971	0.2006
-229.5	245.567	0.00126671	0.1689
-225.0	245.567	0.000875603	0.2363
-220.5	245.567	0.00188274	0.5124
-216.0	245.567	0.00218622	0.4895
-211.5	245.567	0.00179299	0.2392
-207.0	245.567	0.00104222	0.1907
-202.5	245.567	0.00248885	0.5591
-198.0	245.567	0.00477027	0.658
-193.5	245.567	0.00315468	0.6508
-189.0	245.567	0.00159559	0.1661
-184.5	245.567	0.00444787	0.5244
-180.0	245.567	0.00277268	0.6357
-175.5	245.567	0.00436711	0.4215
-171.0	245.567	0.0029444	0.3584
-166.5	245.567	0.00148522	0.2786
-162.0	245.567	0.00556903	0.5487
-157.5	245.567	0.00592107	0.4574
-153.0	245.567	0.00414349	0.3683
-148.5	245.567	0.00290494	0.4567
-144.0	245.567	0.0107313	0.532
-139.5	245.567	0.00580388	0.3872
-135.0	245.567	0.00404233	0.5723
-130.5	245.567	0.00276957	0.3544
-126.0	245.567	0.00385251	0.3715
-121.5	245.567	0.00708435	0.3716
-117.0	245.567	0.00616417	0.3751
-112.5	245.567	0.00856278	0.4123
-108.0	245.567	0.00769687	0.3018
-103.5	245.567	0.0080496	0.3193
-99.0	245.567	0.0129709	0.2941
-94.5	245.567	0.00506098	0.3154
-90.0	245.567	0.00575114	0.3127
-85.5	245.567	0.00778452	0.4432
-81.0	245.567	0.0098304	0.4109
-76.5	245.567	0.013706	0.3716
-72.0	245.567	0.0120929	0.3327
-67.5	245.567	0.00701437	0.3361
-63.0	245.567	0.00761554	0.3784
-58.5	245.567	0.0100922	0.3867
-54.0	245.567	0.0152544	0.3713
-49.5	245.567	0.0134033	0.272
-45.0	245.567	0.010028	0.2434
-40.5	245.567	0.0110279	0.2967
-36.0	245.567	0.00993527	0.2804
-31.5	245.567	0.0121255	0.3414
-27.0	245.567	0.0181513	0.2893
-22.5	245.567	0.0139754	0.2889
-18.0	245.567	0.0132858	0.2673
-13.5	245.567	0.00961316	0.3453
-9.0	245.567	0.0107098	0.3579
-4.5	245.567	0.00670808	0.2735
0.0	245.567	0.0167498	0.3054
4.5	245.567	0.0148365	0.3417
9.0	245.567	0.0140367	0.3125
13.5	245.567	0.0105072	0.3359
18.0	245.567	0.0143709	0.2407
22.5	245.567	0.00781051	0.2697
27.0	245.567	0.0100291	0.324
31.5	245.567	0.0128361	0.2841
36.0	245.567	0.0083367	0.3106
40.5	245.567	0.0185034	0.2895
45.0	245.567	0.0137142	0.3062
49.5	245.567	0.00818775	0.3391
54.0	245.567	0.00907793	0.3903
58.5	245.567	0.014055	0.298
63.0	245.567	0.0167244	0.2725
67.5	245.567	0.00882142	0.3077
72.0	245.567	0.0115836	0.3028
76.5	245.567	0.0103771	0.2936
81.0	245.567	0.0123844	0.3208
85.5	245.567	0.0157798	0.2982
90.0	245.567	0.0111575	0.295
94.5	245.567	0.00932247	0.3371
99.0	245.567	0.0090702	0.3194
103.5	245.567	0.014139	0.3364
108.0	245.567	0.00905814	0.3507
112.5	245.567	0.0140354	0.3184
117.0	245.567	0.00461232	0.2568
121.5	245.567	0.0149571	0.3719
126.0	245.567	0.00428874	0.3336
130.5	245.567	0.0116753	0.3101
135.0	245.567	0.00909371	0.3745
139.5	245.567	0.0100112	0.3322
144.0	245.567	0.00808254	0.307
148.5	245.567	0.011206	0.3798
153.0	245.567	0.013133	0.3872
157.5	245.567	0.0115299	0.3692
162.0	245.567	0.0120017	0.3897
166.5	245.567	0.0083323	0.377
171.0	245.567	0.00758998	0.3475
175.5	245.567	0.00842064	0.3463
180.0	245.567	0.00919471	0.4917
184.5	245.567	0.00826634	0.3946
189.0	245.567	0.00369591	0.3983
193.5	245.567	0.00196375	0.1668
198.0	245.567	0.00482004	0.3484
202.5	245.567	0.00514436	0.3773
207.0	245.567	0.0057736	0.4309
211.5	245.567	0.00574829	0.4229
216.0	245.567	0.00460775	0.4511
220.5	245.567	0.00356613	0.385
225.0	245.567	0.00977784	0.4539
229.5	245.567	0.00594237	0.3532
234.0	245.567	0.00773007	0.4067
238.5	245.567	0.00500512	0.4196
243.0	245.567	0.00951606	0.4078
247.5	245.567	0.00354097	0.3068
252.0	245.567	0.00358029	0.3829
256.5	245.567	0.00311114	0.3412
261.0	245.567	0.00647167	0.5129
265.5	245.567	0.0037218	0.41
270.0	245.567	0.00672074	0.4327
274.5	245.567	0.00456139	0.5078
279.0	245.567	0.00559386	0.4591
283.5	245.567	0.00154527	0.447
288.0	245.567	0.00117702	0.345
292.5	245.567	0.0049038	0.4054
297.0	245.567	0.00220965	0.4487
301.5	245.567	0.00179573	0.4182
306.0	245.567	0.00247462	0.5829
310.5	245.567	0.00200831	0.378
315.0	245.567	0.00305629	0.5481
319.5	245.567	0.00314372	0.4837
324.0	245.567	0.00356854	0.4653
328.5	245.567	0.00226531	0.4233
333.0	245.567	0.00495355	0.6347
337.5	245.567	0.003515	0.4205
342.0	245.567	0.00330598	0.5801
346.5	245.567	0.00176617	0.6548
351.0	245.567	0.00128364	0.4225
355.5	245.567	0.00654738	0.4936
360.0	245.567	0.00102754	0.5088
364.5	245.567	0.00117176	0.7414
369.0	245.567	0.00327454	0.8324
373.5	245.567	0.00220231	0.8724
378.0	245.567	0.00202581	0.6296
382.5	245.567	0.0018629	0.7123
387.0	245.567	0.000404925	0.3162
391.5	245.567	0.00294853	0.5425
396.0	245.567	0.000851933	0.5513
400.5	245.567	0.00309819	0.8796
405.0	245.567	0.000264808	0.3808
409.5	245.567	0.00135753	0.7251
414.0	245.567	0.00034551	0.4697
418.5	245.567	0.000824615	0.5813
423.0	245.567	0.000524463	0.4018
427.5	245.567	0.00102126	0.4943
432.0	245.567	0.00350965	0.5972
436.5	245.567	0.000616499	0.5677
441.0	245.567	0.00204102	0.5274
445.5	245.567	0.0029906	0.4819
-450.0	248.133	0.000272201	0.3067
-445.5	248.133	0.000360072	0.3013
-441.0	248.133	0.000277968	0.299
-436.5	248.133	0.000571093	0.4045
-432.0	248.133	0.00108442	0.764
-427.5	248.133	0.000169768	0.3252
-423.0	248.133	0.000374244	0.3321
-418.5	248.133	0.00035301	0.3255
-414.0	248.133	0.000230296	0.4325
-409.5	248.133	0.000238824	0.4237
-405.0	248.133	0.00168111	0.9106
-400.5	248.133	0.000184823	0.4282
-396.0	248.133	0.000116784	0.4345
-391.5	248.133	0.00129815	0.6732
-387.0	248.133	0.00171026	0.8737
-382.5	248.133	0.000760537	0.7221
-378.0	248.133	0.000883641	0.5169
-373.5	248.133	0.00142318	0.8089
-369.0	248.133	0.00295221	0.9438
-364.5	248.133	0.00023397	0.4388
-360.0	248.133	0.000301353	0.3202
-355.5	248.133	0.000300343	0.286
-351.0	248.133	0.000413122	0.2832
-346.5	248.133	0.000350386	0.2835
-342.0	248.133	0.00109403	0.6704
-337.5	248.133	0.000730329	0.5802
-333.0	248.133	0.00059197	0.3982
-328.5	248.133	0.000241065	0.3316
-324.0	248.133	0.0004195	0.2898
-319.5	248.133	0.000468507	0.2818
-315.0	248.133	0.0016355	0.7408
-310.5	248.133	0.00258287	0.5678
-306.0	248.133	0.000477436	0.2572
-301.5	248.133	0.00315995	0.8245
-297.0	248.133	0.000693038	0.2498
-292.5	248.133	0.000407549	0.2652
-288.0	248.133	0.000540519	0.257
-283.5	248.133	0.00147874	0.4866
-279.0	248.133	0.000661875	0.221
-274.5	248.133	0.00251205	0.5828
-270.0	248.133	0.00453791	0.6479
-265.5	248.133	0.00175572	0.5309
-261.0	248.133	0.00173057	0.5828
-256.5	248.133	0.00223708	0.6205
-252.0	248.133	0.00117031	0.2635
-247.5	248.133	0.00304205	0.7269
-243.0	248.133	0.0045325	0.5669
-238.5	248.133	0.00209576	0.4406
-234.0	248.133	0.000626802	0.2105
-229.5	248.133	0.00162587	0.5176
-225.0	248.133	0.00152983	0.4953
-220.5	248.133	0.00242533	0.4488
-216.0	248.133	0.00129824	0.2526
-211.5	248.133	0.00527777	0.6214
-207.0	248.133	0.00107877	0.3614
-202.5	248.133	0.00446132	0.5773
-198.0	248.133	0.0042204	0.6129
-193.5	248.133	0.00258241	0.4573
-189.0	248.133	0.00176788	0.1988
-184.5	248.133	0.00745311	0.4814
-180.0	248.133	0.00359882	0.4724
-175.5	248.133	0.00466865	0.6065
-171.0	248.133	0.00188067	0.3483
-166.5	248.133	0.00378655	0.5724
-162.0	248.133	0.00667553	0.3814
-157.5	248.133	0.00905188	0.4056
-153.0	248.133	0.00292407	0.4076
-148.5	248.133	0.00639323	0.4474
-144.0	248.133	0.00791054	0.5175
-139.5	248.133	0.00641233	0.4263
-135.0	248.133	0.00709645	0.7737
-130.5	248.133	0.00561498	0.4091
-126.0	248.133	0.00478158	0.3427
-121.5	248.133	0.00565622	0.3625
-117.0	248.133	0.00687665	0.4685
-112.5	248.133	0.00590911	0.2997
-108.0	248.133	0.006956	0.3607
-103.5	248.133	0.0091743	0.3697
-99.0	248.133	0.0126833	0.2924
-94.5	248.133	0.00657983	0.3684
-90.0	248.133	0.00579284	0.3796
-85.5	248.133	0.0142862	0.3555
-81.0	248.133	0.0059056	0.3654
-76.5	248.133	0.0186174	0.3147
-72.0	248.133	0.0165719	0.3517
-67.5	248.133	0.00313491	0.2782
-63.0	248.133	0.00765031	0.3249
-58.5	248.133	0.00872469	0.3665
-54.0	248.133	0.011408	0.3349
-49.5	248.133	0.012136	0.2913
-45.0	248.133	0.0122578	0.3504
-40.5	248.133	0.00672589	0.3319
-36.0	248.133	0.00601144	0.3526
-31.5	248.133	0.00999391	0.3357
-27.0	248.133	0.0158061	0.3096
-22.5	248.133	0.0166961	0.3032
-18.0	248.133	0.0181537	0.2785
-13.5	248.133	0.0109467	0.3195
-9.0	248.133	0.00865206	0.3479
-4.5	248.133	0.0110531	0.3608
0.0	248.133	0.0118396	0.346
4.5	248.133	0.0156253	0.2731
9.0	248.133	0.0143537	0.3242
13.5	248.133	0.015732	0.2737
18.0	248.133	0.00648024	0.2849
22.5	248.133	0.00787301	0.2902
27.0	248.133	0.00575022	0.319
31.5	248.133	0.0139955	0.3351
36.0	248.133	0.00836006	0.3138
40.5	248.133	0.014821	0.3932
45.0	248.133	0.0191344	0.3125
49.5	248.133	0.0052691	0.2391
54.0	248.133	0.00747735	0.3509
58.5	248.133	0.0120889	0.2874
63.0	248.133	0.0112992	0.3207
67.5	248.133	0.00758586	0.3215
72.0	248.133	0.0116913	0.3314
76.5	248.133	0.0100074	0.2964
81.0	248.133	0.0114075	0.3427
85.5	248.133	0.00996989	0.3605
90.0	248.133	0.00589652	0.2894
94.5	248.133	0.0111001	0.3513
99.0	248.133	0.0119736	0.3451
103.5	248.133	0.0130239	0.347
108.0	248.133	0.00874512	0.4195
112.5	248.133	0.00466857	0.3318
117.0	248.133	0.00584351	0.5209
121.5	248.133	0.00967505	0.3316
126.0	248.133	0.00391578	0.3813
130.5	248.133	0.0106952	0.3079
135.0	248.133	0.00678952	0.3279
139.5	248.133	0.00473271	0.3756
144.0	248.133	0.00603519	0.3312
148.5	248.133	0.0135987	0.318
153.0	248.133	0.00620738	0.3141
157.5	248.133	0.00993228	0.4087
162.0	248.133	0.00232631	0.1707
166.5	248.133	0.0132143	0.3825
171.0	248.133	0.0108423	0.3376
175.5	248.133	0.0137861	0.3803
180.0	248.133	0.00829492	0.3498
184.5	248.133	0.00776332	0.4184
189.0	248.133	0.00321724	0.3936
193.5	248.133	0.00353448	0.4217
198.0	248.133	0.00360293	0.3098
202.5	248.133	0.00502461	0.4344
207.0	248.133	0.00375549	0.4187
211.5	248.133	0.0115792	0.3778
216.0	248.133	0.00199797	0.4419
220.5	248.133	0.0052619	0.4835
225.0	248.133	0.00667805	0.5099
229.5	248.133	0.00607536	0.4126
234.0	248.133	0.00888595	0.3653
238.5	248.133	0.00673493	0.2965
243.0	248.133	0.00251986	0.3921
247.5	248.133	0.00621656	0.4459
252.0	248.133	0.00364055	0.4759
256.5	248.133	0.00372125	0.3166
261.0	248.133	0.00756805	0.4891
265.5	248.133	0.00646338	0.5868
270.0	248.133	0.00325332	0.7394
274.5	248.133	0.00438872	0.5136
279.0	248.133	0.00490232	0.4715
283.5	248.133	0.00259559	0.482
288.0	248.133	0.00267547	0.3647
292.5	248.133	0.00507071	0.3936
297.0	248.133	0.00379711	0.4115
301.5	248.133	0.00496241	0.4533
306.0	248.133	0.00113093	0.4064
310.5	248.133	0.00204556	0.5943
315.0	248.133	0.00137607	0.2633
319.5	248.133	0.00606063	0.3826
324.0	248.133	0.00420553	0.5653
328.5	248.133	0.00143108	0.4146
333.0	248.133	0.003804	0.5956
337.5	248.133	0.00128446	0.4099
342.0	248.133	0.00326033	0.6418
346.5	248.133	0.000827408	0.3169
351.0	248.133	0.000662572	0.2513
355.5	248.133	0.00436279	0.4139
360.0	248.133	0.00305642	0.6072
364.5	248.133	0.00128873	0.6798
369.0	248.133	0.000750324	0.6
373.5	248.133	0.00119193	0.4574
378.0	248.133	0.00521571	0.6784
382.5	248.133	0.00279119	0.8472
387.0	248.133	0.000505647	0.2872
391.5	248.133	0.00172374	0.8503
396.0	248.133	0.000469006	0.3182
400.5	248.133	0.00451275	0.689
405.0	248.133	0.00670957	0.6934
409.5	248.133	0.000375108	0.3207
414.0	248.133	0.000382817	0.3356
418.5	248.133	0.00117132	0.6778
423.0	248.133	0.000444452	0.301
427.5	248.133	0.000166999	0.3778
432.0	248.133	0.000533034	0.338
436.5	248.133	0.000365076	0.3057
441.0	248.133	0.00131948	0.4788
445.5	248.133	0.00321225	0.5928
-450.0	250.7	0.000378464	0.3008
-445.5	250.7	0.00123719	0.7148
-441.0	250.7	0.00151988	0.5526
-436.5	250.7	0.000973268	0.6935
-432.0	250.7	0.000205547	0.4381
-427.5	250.7	0.000410053	0.3206
-423.0	250.7	0.00039949	0.2964
-418.5	250.7	0.000387048	0.3324
-414.0	250.7	0.000129509	0.4685
-409.5	250.7	0.000323871	0.3694
-405.0	250.7	0.000146204	0.5256
-400.5	250.7	0.00106898	0.7304
-396.0	250.7	0.00182401	0.8215
-391.5	250.7	0.00104158	0.6192
-387.0	250.7	0.000363923	0.4309
-382.5	250.7	0.000564036	0.3192
-378.0	250.7	0.00187123	0.8367
-373.5	250.7	0.000392748	0.3182
-369.0	250.7	0.000305205	0.3793
-364.5	250.7	0.00020458	0.4021
-360.0	250.7	0.00112274	0.7965
-355.5	250.7	0.000279956	0.3531
-351.0	250.7	0.000259496	0.3024
-346.5	250.7	0.000443865	0.2912
-342.0	250.7	0.00028887	0.3141
-337.5	250.7	0.000316447	0.3224
-333.0	250.7	0.000246166	0.3623
-328.5	250.7	0.00040451	0.2823
-324.0	250.7	0.0011012	0.5347
-319.5	250.7	0.00256088	0.5913
-315.0	250.7	0.000854239	0.3475
-310.5	250.7	0.000393191	0.2545
-306.0	250.7	0.00412825	0.8979
-301.5	250.7	0.000761405	0.3204
-297.0	250.7	0.00047547	0.2815
-292.5	250.7	0.0005713	0.2521
-288.0	250.7	0.00080505	0.2402
-283.5	250.7	0.00149048	0.6879
-279.0	250.7	0.000732828	0.351
-274.5	250.7	0.00741745	0.6097
-270.0	250.7	0.000795618	0.4168
-265.5	250.7	0.000779459	0.2228
-261.0	250.7	0.00317245	0.699
-256.5	250.7	0.00114635	0.1758
-252.0	250.7	0.000561298	0.2237
-247.5	250.7	0.00218664	0.7039
-243.0	250.7	0.00218321	0.4866
-238.5	250.7	0.00226482	0.5307
-234.0	250.7	0.000662061	0.2274
-229.5	250.7	0.000572428	0.2383
-225.0	250.7	0.00160419	0.5148
-220.5	250.7	0.00206099	0.2988
-216.0	250.7	0.00111659	0.2034
-211.5	250.7	0.000907207	0.4739
-207.0	250.7	0.000924199	0.2139
-202.5	250.7	0.00272486	0.5591
-198.0	250.7	0.00125914	0.2475
-193.5	250.7	0.00375933	0.3761
-189.0	250.7	0.00272806	0.4581
-184.5	250.7	0.00517568	0.4708
-180.0	250.7	0.00807347	0.5035
-175.5	250.7	0.0041138	0.3695
-171.0	250.7	0.000956231	0.1811
-166.5	250.7	0.00742492	0.3364
-162.0	250.7	0.0117546	0.3622
-157.5	250.7	0.00172072	0.1723
-153.0	250.7	0.00376488	0.4515
-148.5	250.7	0.00232831	0.5273
-144.0	250.7	0.00830159	0.4508
-139.5	250.7	0.00666213	0.6262
-135.0	250.7	0.00195322	0.2632
-130.5	250.7	0.00285793	0.3984
-126.0	250.7	0.00554488	0.3844
-121.5	250.7	0.00354725	0.3149
-117.0	250.7	0.00888825	0.4511
-112.5	250.7	0.0104814	0.4866
-108.0	250.7	0.00647981	0.3367
-103.5	250.7	0.00355555	0.3376
-99.0	250.7	0.0110177	0.3173
-94.5	250.7	0.00590833	0.3389
-90.0	250.7	0.00562849	0.4869
-85.5	250.7	0.00802591	0.3619
-81.0	250.7	0.0056042	0.4966
-76.5	250.7	0.0107752	0.2939
-72.0	250.7	0.00560395	0.2255
-67.5	250.7	0.00722595	0.3631
-63.0	250.7	0.0142658	0.3725
-58.5	250.7	0.00635203	0.2882
-54.0	250.7	0.0166213	0.2862
-49.5	250.7	0.00972968	0.334
-45.0	250.7	0.0106718	0.3238
-40.5	250.7	0.00467165	0.3796
-36.0	250.7	0.00405123	0.2796
-31.5	250.7	0.0142271	0.3095
-27.0	250.7	0.00897968	0.3656
-22.5	250.7	0.0127361	0.3394
-18.0	250.7	0.0109961	0.3446
-13.5	250.7	0.0125626	0.3222
-9.0	250.7	0.0113563	0.3319
-4.5	250.7	0.0131245	0.3307
0.0	250.7	0.0153229	0.3026
4.5	250.7	0.0100898	0.372
9.0	250.7	0.0116827	0.332
13.5	250.7	0.0109944	0.3321
18.0	250.7	0.0108935	0.3168
22.5	250.7	0.0154667	0.2953
27.0	250.7	0.00625482	0.2981
31.5	250.7	0.0187174	0.3059
36.0	250.7	0.00960827	0.5018
40.5	250.7	0.009485	0.3566
45.0	250.7	0.0168867	0.322
49.5	250.7	0.0102955	0.4272
54.0	250.7	0.00517638	0.2858
58.5	250.7	0.00521286	0.3215
63.0	250.7	0.00950769	0.3565
67.5	250.7	0.00637187	0.3042
72.0	250.7	0.00752829	0.2767
76.5	250.7	0.00926845	0.3789
81.0	250.7	0.0069971	0.4132
85.5	250.7	0.00380845	0.2902
90.0	250.7	0.0083295	0.3529
94.5	250.7	0.00961011	0.3723
99.0	250.7	0.00963807	0.483
103.5	250.7	0.0107998	0.3817
108.0	250.7	0.00299479	0.2215
112.5	250.7	0.00685726	0.3949
117.0	250.7	0.00605158	0.3655
121.5	250.7	0.00535195	0.3694
126.0	250.7	0.00723339	0.4059
130.5	250.7	0.00705941	0.3444
135.0	250.7	0.00902794	0.3928
139.5	250.7	0.00377128	0.2766
144.0	250.7	0.00443399	0.3552
148.5	250.7	0.00705758	0.3508
153.0	250.7	0.015509	0.3609
157.5	250.7	0.00616434	0.5036
162.0	250.7	0.00181113	0.1403
166.5	250.7	0.00555898	0.648
171.0	250.7	0.00912916	0.4152
175.5	250.7	0.00878667	0.3907
180.0	250.7	0.00927036	0.4121
184.5	250.7	0.0108641	0.3322
189.0	250.7	0.00395395	0.388
193.5	250.7	0.00260754	0.3341
198.0	250.7	0.00531471	0.4526
202.5	250.7	0.00175247	0.1796
207.0	250.7	0.00417694	0.3352
211.5	250.7	0.00787961	0.3624
216.0	250.7	0.00536432	0.5006
220.5	250.7	0.00372564	0.504
225.0	250.7	0.001653	0.2125
229.5	250.7	0.00600354	0.4514
234.0	250.7	0.0086333	0.5029
238.5	250.7	0.00931268	0.3205
243.0	250.7	0.00632438	0.3604
247.5	250.7	0.00163585	0.2911
252.0	250.7	0.00727676	0.5229
256.5	250.7	0.00411031	0.3762
261.0	250.7	0.00402934	0.5874
265.5	250.7	0.00426197	0.7448
270.0	250.7	0.00228612	0.349
274.5	250.7	0.00708699	0.4974
279.0	250.7	0.00347585	0.4905
283.5	250.7	0.00385813	0.4084
288.0	250.7	0.00621756	0.4303
292.5	250.7	0.00197246	0.4041
297.0	250.7	0.00342272	0.5595
301.5	250.7	0.000984135	0.3021
306.0	250.7	0.00142704	0.1966
310.5	250.7	0.00118221	0.2773
315.0	250.7	0.001321	0.4244
319.5	250.7	0.0033044	0.7125
324.0	250.7	0.00257906	0.5179
328.5	250.7	0.00239723	0.6978
333.0	250.7	0.00255431	0.4824
337.5	250.7	0.00367575	0.6506
342.0	250.7	0.000625722	0.2409
346.5	250.7	0.00211644	0.5647
351.0	250.7	0.00139841	0.6175
355.5	250.7	0.00204351	0.7311
360.0	250.7	0.00676902	0.6223
364.5	250.7	0.00169967	0.5567
369.0	250.7	0.00048111	0.3738
373.5	250.7	0.00194017	0.6892
378.0	250.7	0.000334355	0.3991
382.5	250.7	0.00023836	0.3302
387.0	250.7	0.00224358	0.8919
391.5	250.7	0.00121392	0.7611
396.0	250.7	0.000180924	0.3366
400.5	250.7	0.00210503	0.6452
405.0	250.7	0.00267245	0.6391
409.5	250.7	0.00389885	0.9186
414.0	250.7	0.000359701	0.3999
418.5	250.7	0.000426555	0.3051
423.0	250.7	0.000361428	0.3333
427.5	250.7	0.0012854	0.5395
432.0	250.7	0.000327543	0.3427
436.5	250.7	0.000423481	0.259
441.0	250.7	0.00042626	0.4065
445.5	250.7	0.00167116	0.6457
-450.0	253.267	0.000363633	0.2995
-445.5	253.267	0.00140107	0.5122
-441.0	253.267	0.0016891	0.5999
-436.5	253.267	0.000231868	0.5417
-432.0	253.267	0.000319011	0.3651
-427.5	253.267	0.000233144	0.3535
-423.0	253.267	0.000155842	0.5094
-418.5	253.267	0.000165194	0.4309
-414.0	253.267	0.000174848	0.5394
-409.5	253.267	0.000773554	0.8847
-405.0	253.267	0.00189226	0.7932
-400.5	253.267	0.00103623	0.7041
-396.0	253.267	0.00040859	0.377
-391.5	253.267	0.000312856	0.4485
-387.0	253.267	0.000255946	0.3929
-382.5	253.267	0.00134403	0.6357
-378.0	253.267	0.00105539	0.6884
-373.5	253.267	0.000244303	0.3959
-369.0	253.267	0.000180255	0.4238
-364.5	253.267	0.000231995	0.4128
-360.0	253.267	0.000188473	0.4156
-355.5	253.267	0.000256598	0.4288
-351.0	253.267	0.000330304	0.3509
-346.5	253.267	0.00104312	0.6726
-342.0	253.267	0.000272994	0.3334
-337.5	253.267	0.000277792	0.3686
-333.0	253.267	0.0014159	0.7418
-328.5	253.267	0.000466367	0.2822
-324.0	253.267	0.00253108	0.624
-319.5	253.267	0.00205274	0.6058
-315.0	253.267	0.000443086	0.3264
-310.5	253.267	0.00335563	0.9437
-306.0	253.267	0.00119655	0.6256
-301.5	253.267	0.000574174	0.2266
-297.0	253.267	0.000425111	0.2637
-292.5	253.267	0.000604679	0.2491
-288.0	253.267	0.000521536	0.275
-283.5	253.267	0.0011145	0.5788
-279.0	253.267	0.00243319	0.5997
-274.5	253.267	0.00138418	0.5363
-270.0	253.267	0.000519213	0.2928
-265.5	253.267	0.00081167	0.2167
-261.0	253.267	0.000854282	0.2202
-256.5	253.267	0.00167254	0.6737
-252.0	253.267	0.0005852	0.2366
-247.5	253.267	0.00108982	0.4175
-243.0	253.267	0.00161766	0.557
-238.5	253.267	0.000646191	0.2426
-234.0	253.267	0.000748842	0.232
-229.5	253.267	0.000814769	0.2274
-225.0	253.267	0.0019134	0.554
-220.5	253.267	0.00145765	0.394
-216.0	253.267	0.00206287	0.4083
-211.5	253.267	0.00269941	0.6475
-207.0	253.267	0.00366341	0.5404
-202.5	253.267	0.00290988	0.4742
-198.0	253.267	0.00127619	0.2113
-193.5	253.267	0.00406042	0.6734
-189.0	253.267	0.00387779	0.5264
-184.5	253.267	0.00506671	0.6603
-180.0	253.267	0.00856223	0.4762
-175.5	253.267	0.00498266	0.5439
-171.0	253.267	0.00326852	0.7019
-166.5	253.267	0.00634848	0.4179
-162.0	253.267	0.00383324	0.596
-157.5	253.267	0.00174609	0.1981
-153.0	253.267	0.00461453	0.4784
-148.5	253.267	0.00578515	0.5395
-144.0	253.267	0.00923743	0.4415
-139.5	253.267	0.00244097	0.325
-135.0	253.267	0.00215982	0.3369
-130.5	253.267	0.00452676	0.5079
-126.0	253.267	0.00442268	0.5233
-121.5	253.267	0.0105019	0.4292
-117.0	253.267	0.0104059	0.3506
-112.5	253.267	0.00457108	0.3407
-108.0	253.267	0.00608761	0.3803
-103.5	253.267	0.00247139	0.2205
-99.0	253.267	0.0044696	0.3908
-94.5	253.267	0.00380516	0.343
-90.0	253.267	0.0121204	0.361
-85.5	253.267	0.00507068	0.2962
-81.0	253.267	0.00577882	0.4302
-76.5	253.267	0.0117456	0.2912
-72.0	253.267	0.00747032	0.3262
-67.5	253.267	0.00569351	0.4357
-63.0	253.267	0.00699327	0.3378
-58.5	253.267	0.0115677	0.469
-54.0	253.267	0.0127332	0.3069
-49.5	253.267	0.013273	0.3523
-45.0	253.267	0.00898188	0.3059
-40.5	253.267	0.00832246	0.412
-36.0	253.267	0.00816444	0.4099
-31.5	253.267	0.0106301	0.4445
-27.0	253.267	0.00700715	0.3689
-22.5	253.267	0.00680833	0.475
-18.0	253.267	0.00775961	0.4135
-13.5	253.267	0.011921	0.3192
-9.0	253.267	0.0100133	0.3827
-4.5	253.267	0.017073	0.3374
0.0	253.267	0.0116351	0.3148
4.5	253.267	0.00879729	0.3285
9.0	253.267	0.00615545	0.3112
13.5	253.267	0.00895322	0.3914
18.0	253.267	0.00576824	0.3
22.5	253.267	0.0102591	0.2777
27.0	253.267	0.0111794	0.2946
31.5	253.267	0.0172568	0.3972
36.0	253.267	0.0112009	0.3834
40.5	253.267	0.00671841	0.3078
45.0	253.267	0.0120617	0.3219
49.5	253.267	0.0119681	0.3412
54.0	253.267	0.00566374	0.2728
58.5	253.267	0.00468042	0.2942
63.0	253.267	0.00782131	0.3202
67.5	253.267	0.00754446	0.4267
72.0	253.267	0.0108761	0.4179
76.5	253.267	0.0111146	0.3877
81.0	253.267	0.00803588	0.3353
85.5	253.267	0.00957826	0.5199
90.0	253.267	0.00510146	0.3527
94.5	253.267	0.00584447	0.4559
99.0	253.267	0.0092528	0.4321
103.5	253.267	0.00702008	0.4053
108.0	253.267	0.00906091	0.3912
112.5	253.267	0.00914683	0.4047
117.0	253.267	0.00544506	0.54
121.5	253.267	0.00561884	0.3977
126.0	253.267	0.00558219	0.5015
130.5	253.267	0.00743329	0.3652
135.0	253.267	0.00886155	0.3858
139.5	253.267	0.00431907	0.3511
144.0	253.267	0.00595725	0.324
148.5	253.267	0.0102649	0.3145
153.0	253.267	0.0153585	0.3751
157.5	253.267	0.00542136	0.3373
162.0	253.267	0.00256628	0.3103
166.5	253.267	0.0067438	0.4665
171.0	253.267	0.00598331	0.3745
175.5	253.267	0.0071041	0.3871
180.0	253.267	0.00432784	0.406
184.5	253.267	0.00425236	0.3372
189.0	253.267	0.00387135	0.3212
193.5	253.267	0.00502099	0.5138
198.0	253.267	0.00807996	0.3647
202.5	253.267	0.00324863	0.3769
207.0	253.267	0.0035866	0.3979
211.5	253.267	0.0022985	0.2825
216.0	253.267	0.00430488	0.4973
220.5	253.267	0.00161544	0.2454
225.0	253.267	0.00468395	0.4671
229.5	253.267	0.00273622	0.4519
234.0	253.267	0.0061725	0.4626
238.5	253.267	0.00455789	0.3444
243.0	253.267	0.00713797	0.4095
247.5	253.267	0.00364132	0.3814
252.0	253.267	0.00257206	0.4473
256.5	253.267	0.00392392	0.3273
261.0	253.267	0.0040579	0.4453
265.5	253.267	0.00397614	0.4788
270.0	253.267	0.00704597	0.5882
274.5	253.267	0.00164329	0.5798
279.0	253.267	0.00580305	0.6125
283.5	253.267	0.00367383	0.5316
288.0	253.267	0.00246782	0.3795
292.5	253.267	0.00565751	0.6069
297.0	253.267	0.00524523	0.5411
301.5	253.267	0.000543504	0.2529
306.0	253.267	0.00113654	0.211
310.5	253.267	0.000940281	0.2058
315.0	253.267	0.000674348	0.2731
319.5	253.267	0.00115245	0.2695
324.0	253.267	0.00355125	0.6918
328.5	253.267	0.00362716	0.6391
333.0	253.267	0.00280573	0.5855
337.5	253.267	0.000852712	0.2732
342.0	253.267	0.000573196	0.4455
346.5	253.267	0.00303941	0.7664
351.0	253.267	0.0014307	0.7581
355.5	253.267	0.00273423	0.8291
360.0	253.267	0.00247125	0.6356
364.5	253.267	0.00147313	0.4922
369.0	253.267	0.000319255	0.312
373.5	253.267	0.0015938	0.8305
378.0	253.267	0.000456571	0.3261
382.5	253.267	0.000883499	0.5042
387.0	253.267	0.00273827	0.8668
391.5	253.267	0.000308051	0.3854
396.0	253.267	8.03114e-05	0.6921
400.5	253.267	0.000238415	0.3868
405.0	253.267	0.0019635	0.9179
409.5	253.267	0.000216379	0.3833
414.0	253.267	0.000207628	0.5051
418.5	253.267	0.000340054	0.3588
423.0	253.267	0.000901743	0.6229
427.5	253.267	0.00240902	0.5947
432.0	253.267	0.000365894	0.2968
436.5	253.267	0.000614269	0.2247
441.0	253.267	0.00419117	0.6202
445.5	253.267	0.000368033	0.2654
-450.0	255.833	0.000953342	0.7094
-445.5	255.833	0.00087985	0.5421
-441.0	255.833	0.000874971	0.6017
-436.5	255.833	0.00220578	0.6701
-432.0	255.833	0.000254645	0.388
-427.5	255.833	0.000233968	0.3977
-423.0	255.833	0.000125531	0.4319
-418.5	255.833	0.000970878	0.8207
-414.0	255.833	0.00132283	0.9664
-409.5	255.833	0.000642437	0.4818
-405.0	255.833	0.000308429	0.4279
-400.5	255.833	0.000288433	0.3793
-396.0	255.833	0.000242814	0.5745
-391.5	255.833	0.000252005	0.4003
-387.0	255.833	0.000202586	0.355
-382.5	255.833	0.000590797	0.3791
-378.0	255.833	0.000389	0.3124
-373.5	255.833	0.000225497	0.4203
-369.0	255.833	0.000236857	0.435
-364.5	255.833	0.000288972	0.3957
-360.0	255.833	0.000501046	0.3052
-355.5	255.833	0.000354504	0.404
-351.0	255.833	0.000340387	0.3034
-346.5	255.833	0.00197662	0.9372
-342.0	255.833	0.00022879	0.3969
-337.5	255.833	0.000347192	0.3095
-333.0	255.833	0.00144995	0.5937
-328.5	255.833	0.00381958	0.596
-324.0	255.833	0.00114562	0.4476
-319.5	255.833	0.000507431	0.3602
-315.0	255.833	0.00292087	0.9
-310.5	255.833	0.00154216	0.8308
-306.0	255.833	0.000606277	0.2232
-301.5	255.833	0.000434664	0.2683
-297.0	255.833	0.000525781	0.2582
-292.5	255.833	0.000371428	0.311
-288.0	255.833	0.000450267	0.2807
-283.5	255.833	0.000577607	0.2987
-279.0	255.833	0.000350182	0.3239
-274.5	255.833	0.00158298	0.5624
-270.0	255.833	0.000648736	0.2701
-265.5	255.833	0.00139028	0.5527
-261.0	255.833	0.00313992	0.7971
-256.5	255.833	0.00064001	0.2916
-252.0	255.833	0.000768556	0.2272
-247.5	255.833	0.00213565	0.6754
-243.0	255.833	0.00132542	0.4426
-238.5	255.833	0.000857156	0.2212
-234.0	255.833	0.00334848	0.725
-229.5	255.833	0.00118289	0.3809
-225.0	255.833	0.00116358	0.3573
-220.5	255.833	0.00224074	0.5579
-216.0	255.833	0.00474012	0.45
-211.5	255.833	0.0032975	0.474
-207.0	255.833	0.00345313	0.5112
-202.5	255.833	0.00253257	0.6273
-198.0	255.833	0.00516486	0.6017
-193.5	255.833	0.00280069	0.4663
-189.0	255.833	0.00267335	0.732
-184.5	255.833	0.00504005	0.4879
-180.0	255.833	0.00417281	0.4684
-175.5	255.833	0.00109932	0.1696
-171.0	255.833	0.0054322	0.4914
-166.5	255.833	0.00697808	0.3731
-162.0	255.833	0.00379871	0.602
-157.5	255.833	0.0018676	0.3816
-153.0	255.833	0.00376056	0.4831
-148.5	255.833	0.00922903	0.448
-144.0	255.833	0.00242522	0.3609
-139.5	255.833	0.00535704	0.6396
-135.0	255.833	0.00222614	0.4615
-130.5	255.833	0.00455501	0.4954
-126.0	255.833	0.00320046	0.3263
-121.5	255.833	0.00693645	0.4018
-117.0	255.833	0.0025368	0.4018
-112.5	255.833	0.00428371	0.3512
-108.0	255.833	0.00837519	0.417
-103.5	255.833	0.00689565	0.506
-99.0	255.833	0.0057403	0.5093
-94.5	255.833	0.00527937	0.5096
-90.0	255.833	0.00649296	0.3456
-85.5	255.833	0.0081706	0.3329
-81.0	255.833	0.00401927	0.3984
-76.5	255.833	0.0115507	0.3726
-72.0	255.833	0.0123697	0.3407
-67.5	255.833	0.00516461	0.3394
-63.0	255.833	0.00518998	0.3687
-58.5	255.833	0.00570332	0.335
-54.0	255.833	0.00393901	0.2683
-49.5	255.833	0.00509117	0.3074
-45.0	255.833	0.016325	0.3503
-40.5	255.833	0.0105654	0.347
-36.0	255.833	0.00566885	0.3127
-31.5	255.833	0.00745976	0.3581
-27.0	255.833	0.00692792	0.3852
-22.5	255.833	0.00829937	0.4581
-18.0	255.833	0.00806824	0.3857
-13.5	255.833	0.0177219	0.2926
-9.0	255.833	0.00890925	0.3849
-4.5	255.833	0.0158777	0.3666
0.0	255.833	0.0155179	0.3003
4.5	255.833	0.0105844	0.3875
9.0	255.833	0.005532	0.2898
13.5	255.833	0.0100677	0.3947
18.0	255.833	0.0055037	0.2929
22.5	255.833	0.0144894	0.2656
27.0	255.833	0.00838026	0.3051
31.5	255.833	0.0144786	0.2914
36.0	255.833	0.0117854	0.3286
40.5	255.833	0.0115091	0.3297
45.0	255.833	0.0077349	0.3397
49.5	255.833	0.00545762	0.2851
54.0	255.833	0.0085811	0.265
58.5	255.833	0.0111435	0.3302
63.0	255.833	0.00957442	0.3595
67.5	255.833	0.0045319	0.4832
72.0	255.833	0.00659463	0.3386
76.5	255.833	0.00633328	0.4366
81.0	255.833	0.010981	0.3411
85.5	255.833	0.00632414	0.5815
90.0	255.833	0.00432158	0.2738
94.5	255.833	0.00607415	0.3449
99.0	255.833	0.00425656	0.4576
103.5	255.833	0.00774341	0.4247
108.0	255.833	0.0087743	0.3472
112.5	255.833	0.0108269	0.3483
117.0	255.833	0.00440773	0.3886
121.5	255.833	0.00396097	0.417
126.0	255.833	0.00678973	0.507
130.5	255.833	0.00371376	0.5494
135.0	255.833	0.00879035	0.3907
139.5	255.833	0.00264651	0.1881
144.0	255.833	0.0101684	0.3492
148.5	255.833	0.0107019	0.379
153.0	255.833	0.00991479	0.4768
157.5	255.833	0.0107357	0.4071
162.0	255.833	0.00234769	0.1933
166.5	255.833	0.00418542	0.3652
171.0	255.833	0.00970438	0.4336
175.5	255.833	0.00706853	0.3823
180.0	255.833	0.00607865	0.6085
184.5	255.833	0.00559887	0.3238
189.0	255.833	0.0084972	0.4258
193.5	255.833	0.0080643	0.4364
198.0	255.833	0.00754222	0.3978
202.5	255.833	0.00337303	0.2983
207.0	255.833	0.00149381	0.1869
211.5	255.833	0.00463566	0.4409
216.0	255.833	0.00618759	0.3881
220.5	255.833	0.0104289	0.4731
225.0	255.833	0.00847536	0.4154
229.5	255.833	0.00316619	0.4681
234.0	255.833	0.00385868	0.4479
238.5	255.833	0.00787214	0.4742
243.0	255.833	0.00486414	0.5568
247.5	255.833	0.00622082	0.5714
252.0	255.833	0.00128097	0.2886
256.5	255.833	0.0041302	0.4248
261.0	255.833	0.00944708	0.5344
265.5	255.833	0.00583435	0.7194
270.0	255.833	0.0108135	0.5325
274.5	255.833	0.00330248	0.5762
279.0	255.833	0.00282952	0.4599
283.5	255.833	0.00552461	0.5733
288.0	255.833	0.0046246	0.5317
292.5	255.833	0.00171945	0.3608
297.0	255.833	0.00372606	0.524
301.5	255.833	0.00469945	0.7723
306.0	255.833	0.0019642	0.5299
310.5	255.833	0.00162827	0.4956
315.0	255.833	0.00083987	0.3809
319.5	255.833	0.000802943	0.2072
324.0	255.833	0.00116902	0.4598
328.5	255.833	0.00322766	0.6801
333.0	255.833	0.00415787	0.6006
337.5	255.833	0.00509269	0.6249
342.0	255.833	0.00198044	0.5047
346.5	255.833	0.00182034	0.5944
351.0	255.833	0.00144687	0.7494
355.5	255.833	0.000564718	0.2641
360.0	255.833	0.00259947	0.9123
364.5	255.833	0.000318492	0.3028
369.0	255.833	0.000575414	0.2727
373.5	255.833	0.00168782	0.7867
378.0	255.833	0.000815635	0.6202
382.5	255.833	0.00138825	0.5224
387.0	255.833	0.00361556	0.9015
391.5	255.833	0.000635724	0.3849
396.0	255.833	0.00113215	0.8761
400.5	255.833	0.00033051	0.3473
405.0	255.833	0.00190636	0.9448
409.5	255.833	0.00150813	0.8697
414.0	255.833	0.000197259	0.3704
418.5	255.833	0.00314203	0.7732
423.0	255.833	0.00119589	0.5521
427.5	255.833	0.00169477	0.5156
432.0	255.833	0.000609554	0.2857
436.5	255.833	0.00341821	0.6544
441.0	255.833	0.00305526	0.4788
445.5	255.833	0.00133377	0.7036
-450.0	258.4	0.000535477	0.4096
-445.5	258.4	0.00169449	0.8352
-441.0	258.4	0.000516204	0.3382
-436.5	258.4	0.000210361	0.36
-432.0	258.4	0.00021012	0.424
-427.5	258.4	0.000479282	0.5688
-423.0	258.4	0.000444165	0.692
-418.5	258.4	0.000163807	0.5893
-414.0	258.4	0.00166461	0.7415
-409.5	258.4	0.000910635	0.5376
-405.0	258.4	0.000219114	0.3947
-400.5	258.4	0.00429098	0.9633
-396.0	258.4	0.000277704	0.4169
-391.5	258.4	0.000231456	0.3621
-387.0	258.4	0.000385324	0.3125
-382.5	258.4	0.000355934	0.3188
-378.0	258.4	0.000188588	0.3575
-373.5	258.4	0.000283197	0.3432
-369.0	258.4	0.000146842	0.6207
-364.5	258.4	0.000438899	0.2956
-360.0	258.4	0.000435545	0.3171
-355.5	258.4	0.00017333	0.3861
-351.0	258.4	0.000263318	0.3195
-346.5	258.4	0.000175343	0.3512
-342.0	258.4	0.000315889	0.3351
-337.5	258.4	0.00144472	0.6431
-333.0	258.4	0.0017977	0.8721
-328.5	258.4	0.000285243	0.2679
-324.0	258.4	0.00114404	0.539
-319.5	258.4	0.00293917	0.7205
-315.0	258.4	0.00212406	0.8565
-310.5	258.4	0.000426512	0.2997
-306.0	258.4	0.000389381	0.2733
-301.5	258.4	0.000266209	0.3513
-297.0	258.4	0.0003464	0.2943
-292.5	258.4	0.00219649	0.8168
-288.0	258.4	0.00186461	0.7036
-283.5	258.4	0.00339976	0.7217
-279.0	258.4	0.000598789	0.2432
-274.5	258.4	0.00211951	0.693
-270.0	258.4	0.00227932	0.714
-265.5	258.4	0.00228288	0.7692
-261.0	258.4	0.00166698	0.7118
-256.5	258.4	0.00061424	0.2325
-252.0	258.4	0.00190259	0.4331
-247.5	258.4	0.00248403	0.5894
-243.0	258.4	0.000540161	0.2724
-238.5	258.4	0.00136668	0.4844
-234.0	258.4	0.00156935	0.4063
-229.5	258.4	0.00124329	0.2629
-225.0	258.4	0.00332437	0.7177
-220.5	258.4	0.00185794	0.5495
-216.0	258.4	0.00393843	0.5886
-211.5	258.4	0.00207827	0.2935
-207.0	258.4	0.00661814	0.6644
-202.5	258.4	0.00315376	0.5503
-198.0	258.4	0.00676816	0.5597
-193.5	258.4	0.00192872	0.4689
-189.0	258.4	0.00432873	0.529
-184.5	258.4	0.00373212	0.5248
-180.0	258.4	0.00324182	0.5263
-175.5	258.4	0.00122834	0.1715
-171.0	258.4	0.00656301	0.4336
-166.5	258.4	0.00502408	0.3905
-162.0	258.4	0.00386745	0.5905
-157.5	258.4	0.00512214	0.461
-153.0	258.4	0.00161474	0.2485
-148.5	258.4	0.00364314	0.4776
-144.0	258.4	0.00575061	0.7339
-139.5	258.4	0.00484585	0.3665
-135.0	258.4	0.00297891	0.653
-130.5	258.4	0.00266434	0.3677
-126.0	258.4	0.00457623	0.6662
-121.5	258.4	0.00222324	0.3813
-117.0	258.4	0.00607838	0.4058
-112.5	258.4	0.00584085	0.3732
-108.0	258.4	0.0023422	0.2971
-103.5	258.4	0.00250434	0.257
-99.0	258.4	0.00414377	0.4606
-94.5	258.4	0.00245238	0.3279
-90.0	258.4	0.00688137	0.3472
-85.5	258.4	0.0033508	0.3104
-81.0	258.4	0.00705426	0.518
-76.5	258.4	0.00537257	0.3981
-72.0	258.4	0.0104243	0.369
-67.5	258.4	0.00668454	0.4726
-63.0	258.4	0.00677445	0.4437
-58.5	258.4	0.00485827	0.4245
-54.0	258.4	0.0122749	0.3431
-49.5	258.4	0.011231	0.3554
-45.0	258.4	0.00599443	0.3727
-40.5	258.4	0.00705418	0.431
-36.0	258.4	0.00718231	0.3588
-31.5	258.4	0.00702758	0.38
-27.0	258.4	0.00859987	0.3799
-22.5	258.4	0.00933515	0.4096
-18.0	258.4	0.0105186	0.3448
-13.5	258.4	0.0158143	0.3074
-9.0	258.4	0.011768	0.3738
-4.5	258.4	0.0149053	0.324
0.0	258.4	0.0136458	0.3423
4.5	258.4	0.0076148	0.34
9.0	258.4	0.010418	0.3071
13.5	258.4	0.0114087	0.2721
18.0	258.4	0.00635778	0.3401
22.5	258.4	0.013883	0.2983
27.0	258.4	0.00490544	0.3428
31.5	258.4	0.0114817	0.3268
36.0	258.4	0.00698442	0.338
40.5	258.4	0.0104382	0.3034
45.0	258.4	0.0134464	0.3024
49.5	258.4	0.00529425	0.2831
54.0	258.4	0.0143345	0.2916
58.5	258.4	0.00896546	0.3244
63.0	258.4	0.00916533	0.3072
67.5	258.4	0.00860929	0.3881
72.0	258.4	0.00665901	0.3347
76.5	258.4	0.00674817	0.3621
81.0	258.4	0.01189	0.344
85.5	258.4	0.0063539	0.3811
90.0	258.4	0.00541749	0.3809
94.5	258.4	0.00605553	0.3562
99.0	258.4	0.00537774	0.4757
103.5	258.4	0.00760822	0.3176
108.0	258.4	0.00745255	0.4193
112.5	258.4	0.0155088	0.3393
117.0	258.4	0.0075355	0.4099
121.5	258.4	0.00713704	0.5007
126.0	258.4	0.00524573	0.5295
130.5	258.4	0.00487755	0.3554
135.0	258.4	0.00385777	0.3238
139.5	258.4	0.00958869	0.4444
144.0	258.4	0.00696413	0.4643
148.5	258.4	0.00905595	0.3904
153.0	258.4	0.00945947	0.4223
157.5	258.4	0.00962571	0.5183
162.0	258.4	0.00759334	0.4159
166.5	258.4	0.00683826	0.4611
171.0	258.4	0.016327	0.3782
175.5	258.4	0.00696178	0.3291
180.0	258.4	0.00183393	0.1474
184.5	258.4	0.00156472	0.1962
189.0	258.4	0.00659175	0.2986
193.5	258.4	0.0166089	0.3775
198.0	258.4	0.00933499	0.3874
202.5	258.4	0.00441663	0.4212
207.0	258.4	0.00207817	0.2828
211.5	258.4	0.00517822	0.4953
216.0	258.4	0.00240016	0.4288
220.5	258.4	0.0147008	0.3457
225.0	258.4	0.0105375	0.4821
229.5	258.4	0.0023952	0.2927
234.0	258.4	0.00613869	0.4199
238.5	258.4	0.00485332	0.6453
243.0	258.4	0.00203062	0.4643
247.5	258.4	0.00201756	0.482
252.0	258.4	0.00102819	0.1858
256.5	258.4	0.00388754	0.4165
261.0	258.4	0.00581142	0.5177
265.5	258.4	0.00233296	0.6429
270.0	258.4	0.00411573	0.5516
274.5	258.4	0.00786573	0.562
279.0	258.4	0.00961168	0.4961
283.5	258.4	0.00772109	0.5744
288.0	258.4	0.0082405	0.4161
292.5	258.4	0.00307558	0.3916
297.0	258.4	0.00271347	0.4728
301.5	258.4	0.00181508	0.3884
306.0	258.4	0.00440357	0.5975
310.5	258.4	0.00289151	0.6469
315.0	258.4	0.000876327	0.2525
319.5	258.4	0.00311137	0.6194
324.0	258.4	0.00389404	0.771
328.5	258.4	0.00117712	0.4936
333.0	258.4	0.00325085	0.5358
337.5	258.4	0.000564471	0.2917
342.0	258.4	0.00301276	0.55
346.5	258.4	0.00625348	0.4934
351.0	258.4	0.00288898	0.4909
355.5	258.4	0.000382417	0.2966
360.0	258.4	0.000249184	0.3264
364.5	258.4	0.000362166	0.3126
369.0	258.4	0.000446643	0.4067
373.5	258.4	0.00609359	0.554
378.0	258.4	0.00110251	0.7328
382.5	258.4	0.00170998	0.5115
387.0	258.4	0.00233552	0.4983
391.5	258.4	0.00205763	0.7853
396.0	258.4	0.000371413	0.3617
400.5	258.4	0.000336738	0.3688
405.0	258.4	0.00125439	0.8339
409.5	258.4	0.00130808	0.5553
414.0	258.4	0.000247629	0.3761
418.5	258.4	0.00173568	0.5487
423.0	258.4	0.00279655	0.6711
427.5	258.4	0.00824398	0.5455
432.0	258.4	0.00182505	0.7505
436.5	258.4	0.00163251	0.6484
441.0	258.4	0.00229218	0.6093
445.5	258.4	0.000925508	0.5758
-450.0	260.967	0.000355103	0.3312
-445.5	260.967	0.000281062	0.411
-441.0	260.967	0.000272829	0.3485
-436.5	260.967	0.000675954	0.6221
-432.0	260.967	0.00261397	0.6971
-427.5	260.967	0.000201377	0.4859
-423.0	260.967	0.000199463	0.381
-418.5	260.967	0.000427571	0.4676
-414.0	260.967	0.00223171	0.9152
-409.5	260.967	0.000262996	0.3568
-405.0	260.967	0.000646184	0.7473
-400.5	260.967	0.000680538	0.8482
-396.0	260.967	0.000255274	0.3477
-391.5	260.967	0.000294532	0.3575
-387.0	260.967	0.000448557	0.2887
-382.5	260.967	0.000187586	0.4258
-378.0	260.967	0.000197543	0.5127
-373.5	260.967	0.00141049	0.8111
-369.0	260.967	0.000194844	0.4172
-364.5	260.967	0.000437488	0.2846
-360.0	260.967	0.000637222	0.4886
-355.5	260.967	0.000489361	0.4889
-351.0	260.967	0.000220545	0.3786
-346.5	260.967	0.000362049	0.2918
-342.0	260.967	0.000558539	0.2427
-337.5	260.967	0.000736885	0.2909
-333.0	260.967	0.000406618	0.2796
-328.5	260.967	0.000310851	0.363
-324.0	260.967	0.00204414	0.7618
-319.5	260.967	0.0026214	0.8994
-315.0	260.967	0.00144555	0.5854
-310.5	260.967	0.000898235	0.5954
-306.0	260.967	0.000269741	0.3145
-301.5	260.967	0.000293677	0.3418
-297.0	260.967	0.000513846	0.5685
-292.5	260.967	0.0017755	0.8677
-288.0	260.967	0.000766625	0.3614
-283.5	260.967	0.000556653	0.2309
-279.0	260.967	0.000716691	0.2395
-274.5	260.967	0.00217773	0.6041
-270.0	260.967	0.00176017	0.5127
-265.5	260.967	0.00229047	0.395
-261.0	260.967	0.00307551	0.6567
-256.5	260.967	0.00172573	0.5538
-252.0	260.967	0.00531559	0.6259
-247.5	260.967	0.00167063	0.6552
-243.0	260.967	0.000547414	0.3121
-238.5	260.967	0.000960159	0.2318
-234.0	260.967	0.00205512	0.4291
-229.5	260.967	0.00371645	0.719
-225.0	260.967	0.00131845	0.51
-220.5	260.967	0.00244039	0.7104
-216.0	260.967	0.00839428	0.4284
-211.5	260.967	0.00675063	0.5968
-207.0	260.967	0.00237523	0.5173
-202.5	260.967	0.00745675	0.5522
-198.0	260.967	0.00187971	0.3476
-193.5	260.967	0.00239648	0.6383
-189.0	260.967	0.00318784	0.516
-184.5	260.967	0.00377933	0.5363
-180.0	260.967	0.00372191	0.6947
-175.5	260.967	0.0019728	0.4874
-171.0	260.967	0.00349389	0.3372
-166.5	260.967	0.00333549	0.3548
-162.0	260.967	0.00634083	0.4636
-157.5	260.967	0.00293721	0.5755
-153.0	260.967	0.00122883	0.1755
-148.5	260.967	0.00860389	0.4067
-144.0	260.967	0.00535711	0.5538
-139.5	260.967	0.00555893	0.3773
-135.0	260.967	0.00209506	0.4883
-130.5	260.967	0.00634965	0.5542
-126.0	260.967	0.00445406	0.4317
-121.5	260.967	0.00605414	0.5122
-117.0	260.967	0.00893314	0.4269
-112.5	260.967	0.0031541	0.3917
-108.0	260.967	0.00136225	0.154
-103.5	260.967	0.00368053	0.3948
-99.0	260.967	0.00321869	0.3905
-94.5	260.967	0.00417137	0.4228
-90.0	260.967	0.00911869	0.3233
-85.5	260.967	0.00362841	0.355
-81.0	260.967	0.00542015	0.3991
-76.5	260.967	0.00325242	0.4429
-72.0	260.967	0.0104934	0.4248
-67.5	260.967	0.00915923	0.3506
-63.0	260.967	0.00587726	0.3398
-58.5	260.967	0.00260089	0.2341
-54.0	260.967	0.0127491	0.4105
-49.5	260.967	0.00683873	0.3381
-45.0	260.967	0.00943852	0.4143
-40.5	260.967	0.0106431	0.386
-36.0	260.967	0.0102639	0.3213
-31.5	260.967	0.00862322	0.3674
-27.0	260.967	0.00540016	0.3389
-22.5	260.967	0.0121123	0.4044
-18.0	260.967	0.0102771	0.3083
-13.5	260.967	0.0142024	0.3418
-9.0	260.967	0.00776415	0.4481
-4.5	260.967	0.0138416	0.3209
0.0	260.967	0.0159954	0.3218
4.5	260.967	0.00598108	0.3876
9.0	260.967	0.0086626	0.3037
13.5	260.967	0.0132256	0.3156
18.0	260.967	0.0078817	0.3475
22.5	260.967	0.00718703	0.3144
27.0	260.967	0.00688159	0.2398
31.5	260.967	0.00797015	0.3117
36.0	260.967	0.00877662	0.3979
40.5	260.967	0.00918752	0.3686
45.0	260.967	0.0098957	0.392
49.5	260.967	0.00957791	0.3375
54.0	260.967	0.00700246	0.3087
58.5	260.967	0.00761683	0.367
63.0	260.967	0.00974888	0.4002
67.5	260.967	0.0035931	0.241
72.0	260.967	0.0105141	0.3672
76.5	260.967	0.00734401	0.3436
81.0	260.967	0.0128872	0.3366
85.5	260.967	0.00600617	0.4609
90.0	260.967	0.00950014	0.3187
94.5	260.967	0.0105779	0.3438
99.0	260.967	0.00655778	0.415
103.5	260.967	0.00657565	0.3778
108.0	260.967	0.00567924	0.3447
112.5	260.967	0.0131647	0.3452
117.0	260.967	0.00500652	0.4857
121.5	260.967	0.00736388	0.4833
126.0	260.967	0.00449722	0.3011
130.5	260.967	0.00542562	0.4731
135.0	260.967	0.00235127	0.2783
139.5	260.967	0.00587895	0.3226
144.0	260.967	0.0112313	0.3965
148.5	260.967	0.00973054	0.4502
153.0	260.967	0.0104229	0.3624
157.5	260.967	0.0104806	0.466
162.0	260.967	0.00675749	0.4446
166.5	260.967	0.00727638	0.3571
171.0	260.967	0.0058262	0.4016
175.5	260.967	0.0104169	0.3715
180.0	260.967	0.00470071	0.4905
184.5	260.967	0.00113882	0.1588
189.0	260.967	0.00445926	0.3546
193.5	260.967	0.0106974	0.3958
198.0	260.967	0.00876977	0.444
202.5	260.967	0.00312836	0.5476
207.0	260.967	0.00223371	0.4837
211.5	260.967	0.00529663	0.5325
216.0	260.967	0.00354361	0.6237
220.5	260.967	0.00742892	0.4665
225.0	260.967	0.00624746	0.5358
229.5	260.967	0.00296422	0.5098
234.0	260.967	0.00330259	0.5324
238.5	260.967	0.00642201	0.5439
243.0	260.967	0.0026294	0.3562
247.5	260.967	0.00265089	0.3227
252.0	260.967	0.00347235	0.4339
256.5	260.967	0.00387486	0.5822
261.0	260.967	0.00677894	0.4459
265.5	260.967	0.00236279	0.495
270.0	260.967	0.00329967	0.5723
274.5	260.967	0.00437823	0.8105
279.0	260.967	0.00706612	0.4257
283.5	260.967	0.00639823	0.4401
288.0	260.967	0.00288701	0.4677
292.5	260.967	0.00412743	0.5582
297.0	260.967	0.00324922	0.5189
301.5	260.967	0.00291617	0.6606
306.0	260.967	0.00120508	0.6167
310.5	260.967	0.00435356	0.7978
315.0	260.967	0.00454752	0.8076
319.5	260.967	0.00194983	0.4623
324.0	260.967	0.000729316	0.2406
328.5	260.967	0.00329915	0.8019
333.0	260.967	0.00267247	0.8108
337.5	260.967	0.000524499	0.2497
342.0	260.967	0.000890511	0.2232
346.5	260.967	0.00604814	0.4927
351.0	260.967	0.00188659	0.5397
355.5	260.967	0.00234336	0.6261
360.0	260.967	0.00203413	0.7006
364.5	260.967	0.00106997	0.6197
369.0	260.967	0.000252946	0.3881
373.5	260.967	0.00241324	0.5478
378.0	260.967	0.000395783	0.5507
382.5	260.967	0.00174864	0.7825
387.0	260.967	0.00432949	0.6686
391.5	260.967	0.00257086	0.6256
396.0	260.967	0.000728363	0.4088
400.5	260.967	0.000272941	0.3871
405.0	260.967	0.000218456	0.5401
409.5	260.967	0.000268563	0.3709
414.0	260.967	0.000423893	0.6479
418.5	260.967	0.00236464	0.8365
423.0	260.967	0.000384093	0.2947
427.5	260.967	0.00144096	0.6754
432.0	260.967	0.00239744	0.8558
436.5	260.967	0.00400849	0.8522
441.0	260.967	0.0012847	0.6302
445.5	260.967	0.000689027	0.3839
-450.0	263.533	0.00068537	0.4344
-445.5	263.533	0.000388745	0.3118
-441.0	263.533	0.000363591	0.3109
-436.5	263.533	0.000454251	0.2959
-432.0	263.533	0.00131678	0.87
-427.5	263.533	0.000750917	0.8653
-423.0	263.533	0.000209449	0.5659
-418.5	263.533	0.00241058	0.906
-414.0	263.533	0.00022813	0.4017
-409.5	263.533	0.000123954	0.5996
-405.0	263.533	0.000154746	0.3988
-400.5	263.533	0.000315079	0.3315
-396.0	263.533	0.000271144	0.3388
-391.5	263.533	0.000291013	0.3531
-387.0	263.533	0.000263398	0.3803
-382.5	263.533	0.000171429	0.6053
-378.0	263.533	0.000456546	0.4757
-373.5	263.533	0.0015064	0.76
-369.0	263.533	0.000326613	0.3496
-364.5	263.533	0.000528007	0.5223
-360.0	263.533	0.000372889	0.7154
-355.5	263.533	0.000488886	0.3872
-351.0	263.533	0.000431398	0.2878
-346.5	263.533	0.000472322	0.2567
-342.0	263.533	0.000339174	0.2672
-337.5	263.533	0.000209556	0.3609
-333.0	263.533	0.000375722	0.3448
-328.5	263.533	0.000502588	0.3566
-324.0	263.533	0.00105234	0.6343
-319.5	263.533	0.000322423	0.288
-315.0	263.533	0.000333693	0.2946
-310.5	263.533	0.00185704	0.623
-306.0	263.533	0.000414423	0.3032
-301.5	263.533	0.0010598	0.7526
-297.0	263.533	0.00146948	0.8586
-292.5	263.533	0.000870426	0.2528
-288.0	263.533	0.0009623	0.3806
-283.5	263.533	0.000557027	0.245
-279.0	263.533	0.000524939	0.246
-274.5	263.533	0.000562507	0.2454
-270.0	263.533	0.00116582	0.4651
-265.5	263.533	0.00241521	0.5357
-261.0	263.533	0.000579622	0.2583
-256.5	263.533	0.00525812	0.5921
-252.0	263.533	0.0024918	0.5797
-247.5	263.533	0.000910995	0.2235
-243.0	263.533	0.00332759	0.7788
-238.5	263.533	0.00250492	0.6394
-234.0	263.533	0.0055191	0.4721
-229.5	263.533	0.00146972	0.3327
-225.0	263.533	0.00224756	0.5807
-220.5	263.533	0.00422374	0.8156
-216.0	263.533	0.00352448	0.5799
-211.5	263.533	0.00320341	0.6284
-207.0	263.533	0.00498931	0.5728
-202.5	263.533	0.00628107	0.4278
-198.0	263.533	0.000922921	0.2167
-193.5	263.533	0.0014842	0.4417
-189.0	263.533	0.00302835	0.5346
-184.5	263.533	0.00642002	0.5056
-180.0	263.533	0.00220645	0.6197
-175.5	263.533	0.00276336	0.4769
-171.0	263.533	0.00408292	0.3757
-166.5	263.533	0.00168555	0.393
-162.0	263.533	0.00623192	0.4199
-157.5	263.533	0.002616	0.6361
-153.0	263.533	0.00319401	0.647
-148.5	263.533	0.00724618	0.5587
-144.0	263.533	0.00335849	0.4036
-139.5	263.533	0.00410207	0.4091
-135.0	263.533	0.0048255	0.5929
-130.5	263.533	0.00324907	0.596
-126.0	263.533	0.00657427	0.3941
-121.5	263.533	0.00645486	0.5242
-117.0	263.533	0.00536914	0.4831
-112.5	263.533	0.00399606	0.3874
-108.0	263.533	0.00368489	0.4524
-103.5	263.533	0.00609513	0.4482
-99.0	263.533	0.00185218	0.1898
-94.5	263.533	0.00978467	0.4092
-90.0	263.533	0.00904383	0.3585
-85.5	263.533	0.00537559	0.4015
-81.0	263.533	0.00622572	0.3255
-76.5	263.533	0.00181098	0.1376
-72.0	263.533	0.00488412	0.4376
-67.5	263.533	0.00859502	0.3854
-63.0	263.533	0.0110255	0.528
-58.5	263.533	0.00659899	0.426
-54.0	263.533	0.00887727	0.4377
-49.5	263.533	0.00989485	0.386
-45.0	263.533	0.00770929	0.4597
-40.5	263.533	0.00621013	0.3395
-36.0	263.533	0.0132899	0.2731
-31.5	263.533	0.00390043	0.2881
-27.0	263.533	0.00605948	0.2929
-22.5	263.533	0.0122479	0.3631
-18.0	263.533	0.0107086	0.3116
-13.5	263.533	0.0135125	0.3117
-9.0	263.533	0.00392777	0.2804
-4.5	263.533	0.0163072	0.3138
0.0	263.533	0.014754	0.3167
4.5	263.533	0.00569094	0.3893
9.0	263.533	0.0125125	0.3118
13.5	263.533	0.0173312	0.5142
18.0	263.533	0.0108951	0.3694
22.5	263.533	0.00836511	0.3708
27.0	263.533	0.0151555	0.386
31.5	263.533	0.00447549	0.3869
36.0	263.533	0.00792448	0.4753
40.5	263.533	0.010984	0.3136
45.0	263.533	0.0090043	0.3798
49.5	263.533	0.00950877	0.3246
54.0	263.533	0.00619563	0.3106
58.5	263.533	0.00530633	0.3107
63.0	263.533	0.00997815	0.4027
67.5	263.533	0.00475665	0.4351
72.0	263.533	0.00880182	0.385
76.5	263.533	0.00512856	0.3444
81.0	263.533	0.00978035	0.4522
85.5	263.533	0.00602519	0.473
90.0	263.533	0.00871768	0.3802
94.5	263.533	0.008008	0.3795
99.0	263.533	0.0154402	0.3544
103.5	263.533	0.00636482	0.4326
108.0	263.533	0.00509689	0.4014
112.5	263.533	0.0103228	0.3492
117.0	263.533	0.00975378	0.3317
121.5	263.533	0.00992758	0.378
126.0	263.533	0.0049238	0.3878
130.5	263.533	0.0066072	0.5259
135.0	263.533	0.00277638	0.2877
139.5	263.533	0.0109485	0.3295
144.0	263.533	0.00582502	0.369
148.5	263.533	0.00298974	0.3756
153.0	263.533	0.0084149	0.2976
157.5	263.533	0.0119473	0.3654
162.0	263.533	0.0113	0.4168
166.5	263.533	0.0043044	0.3608
171.0	263.533	0.00643659	0.5818
175.5	263.533	0.00821053	0.4893
180.0	263.533	0.00790079	0.4065
184.5	263.533	0.0020147	0.3202
189.0	263.533	0.0049849	0.3745
193.5	263.533	0.00448092	0.3175
198.0	263.533	0.00295539	0.4279
202.5	263.533	0.00791523	0.4179
207.0	263.533	0.00383002	0.4576
211.5	263.533	0.00643227	0.5004
216.0	263.533	0.0110288	0.4644
220.5	263.533	0.00766311	0.5054
225.0	263.533	0.00425398	0.4835
229.5	263.533	0.000839993	0.1883
234.0	263.533	0.00155745	0.2859
238.5	263.533	0.00472596	0.5251
243.0	263.533	0.00414673	0.4641
247.5	263.533	0.00545423	0.6595
252.0	263.533	0.0032276	0.4037
256.5	263.533	0.00264656	0.5192
261.0	263.533	0.00340417	0.4585
265.5	263.533	0.00382193	0.3966
270.0	263.533	0.00363931	0.7084
274.5	263.533	0.00510965	0.7649
279.0	263.533	0.00931955	0.3717
283.5	263.533	0.00328272	0.4458
288.0	263.533	0.00270111	0.3982
292.5	263.533	0.00725125	0.3955
297.0	263.533	0.00456533	0.4458
301.5	263.533	0.00106238	0.1772
306.0	263.533	0.000846721	0.2259
310.5	263.533	0.00288726	0.5197
315.0	263.533	0.000773974	0.2485
319.5	263.533	0.00411846	0.7675
324.0	263.533	0.000734205	0.3635
328.5	263.533	0.000530612	0.2458
333.0	263.533	0.00261439	0.8283
337.5	263.533	0.000722274	0.2414
342.0	263.533	0.00255252	0.4753
346.5	263.533	0.0034441	0.5576
351.0	263.533	0.000827138	0.2475
355.5	263.533	0.00392788	0.6677
360.0	263.533	0.000975468	0.2553
364.5	263.533	0.00192822	0.5133
369.0	263.533	0.000186388	0.3136
373.5	263.533	0.000460067	0.2817
378.0	263.533	0.00081388	0.5529
382.5	263.533	0.003596	0.7551
387.0	263.533	0.00204552	0.492
391.5	263.533	0.00414382	0.6355
396.0	263.533	0.00360192	0.5691
400.5	263.533	0.000675851	0.5155
405.0	263.533	0.000392796	0.3304
409.5	263.533	0.000662965	0.4001
414.0	263.533	0.00299231	0.5897
418.5	263.533	0.000342316	0.3338
423.0	263.533	0.000420676	0.5597
427.5	263.533	0.00120598	0.4914
432.0	263.533	0.00179964	0.5901
436.5	263.533	0.000477623	0.271
441.0	263.533	0.00297414	0.8796
445.5	263.533	0.00422446	0.8128
-450.0	266.1	0.000450915	0.2633
-445.5	266.1	0.00036685	0.3661
-441.0	266.1	0.000353975	0.2865
-436.5	266.1	0.000229121	0.3528
-432.0	266.1	0.000170168	0.4451
-427.5	266.1	0.000358918	0.428
-423.0	266.1	0.0037688	0.5554
-418.5	266.1	0.00116376	0.8063
-414.0	266.1	0.000223942	0.3939
-409.5	266.1	0.000158953	0.4512
-405.0	266.1	0.000287517	0.3317
-400.5	266.1	0.000214792	0.4363
-396.0	266.1	6.73906e-05	0.6005
-391.5	266.1	0.00034619	0.3135
-387.0	266.1	0.000383244	0.2875
-382.5	266.1	0.000199191	0.3553
-378.0	266.1	0.000264809	0.5033
-373.5	266.1	0.000909126	0.7139
-369.0	266.1	0.000503311	0.4881
-364.5	266.1	0.00195712	0.8163
-360.0	266.1	0.000318911	0.727
-355.5	266.1	0.000478016	0.5013
-351.0	266.1	0.000121313	0.4776
-346.5	266.1	0.00024659	0.3172
-342.0	266.1	0.00039584	0.3234
-337.5	266.1	0.000428281	0.3166
-333.0	266.1	0.000524963	0.2987
-328.5	266.1	0.000520823	0.2733
-324.0	266.1	0.00154864	0.8006
-319.5	266.1	0.000278607	0.3127
-315.0	266.1	0.000329405	0.2964
-310.5	266.1	0.00046694	0.2636
-306.0	266.1	0.000790104	0.7548
-301.5	266.1	0.00234794	0.6217
-297.0	266.1	0.00378602	0.602
-292.5	266.1	0.000607246	0.2289
-288.0	266.1	0.000490658	0.2354
-283.5	266.1	0.00080063	0.2346
-279.0	266.1	0.000999149	0.2234
-274.5	266.1	0.00264004	0.5346
-270.0	266.1	0.00141514	0.5202
-265.5	266.1	0.00179084	0.3939
-261.0	266.1	0.00280285	0.6702
-256.5	266.1	0.00248566	0.5239
-252.0	266.1	0.000554492	0.2426
-247.5	266.1	0.000691479	0.2687
-243.0	266.1	0.00222179	0.4829
-238.5	266.1	0.0028426	0.6845
-234.0	266.1	0.000673134	0.2386
-229.5	266.1	0.000576054	0.2567
-225.0	266.1	0.00127697	0.4212
-220.5	266.1	0.000757301	0.217
-216.0	266.1	0.00193223	0.5177
-211.5	266.1	0.00425331	0.4474
-207.0	266.1	0.00554257	0.6212
-202.5	266.1	0.00107507	0.3285
-198.0	266.1	0.00203648	0.4561
-193.5	266.1	0.00093315	0.1961
-189.0	266.1	0.00312636	0.5468
-184.5	266.1	0.0046349	0.6007
-180.0	266.1	0.00160303	0.4788
-175.5	266.1	0.00327064	0.4712
-171.0	266.1	0.00494031	0.4459
-166.5	266.1	0.00553437	0.4661
-162.0	266.1	0.0067246	0.4817
-157.5	266.1	0.00507594	0.5122
-153.0	266.1	0.00313922	0.4581
-148.5	266.1	0.0063196	0.5484
-144.0	266.1	0.00286322	0.423
-139.5	266.1	0.00320993	0.4436
-135.0	266.1	0.00918946	0.4651
-130.5	266.1	0.00466257	0.5788
-126.0	266.1	0.00287222	0.4624
-121.5	266.1	0.00686736	0.4314
-117.0	266.1	0.00460144	0.4231
-112.5	266.1	0.00437633	0.369
-108.0	266.1	0.00705423	0.3162
-103.5	266.1	0.00484332	0.3432
-99.0	266.1	0.00292949	0.3532
-94.5	266.1	0.00437059	0.3797
-90.0	266.1	0.00473199	0.4525
-85.5	266.1	0.0067219	0.3493
-81.0	266.1	0.00746798	0.3852
-76.5	266.1	0.00284273	0.2091
-72.0	266.1	0.00583627	0.4051
-67.5	266.1	0.0108754	0.4021
-63.0	266.1	0.00809919	0.4383
-58.5	266.1	0.0129633	0.3823
-54.0	266.1	0.00566666	0.4259
-49.5	266.1	0.00510878	0.3962
-45.0	266.1	0.00948155	0.3555
-40.5	266.1	0.00880883	0.3597
-36.0	266.1	0.00579548	0.4179
-31.5	266.1	0.00521815	0.3405
-27.0	266.1	0.0089276	0.3357
-22.5	266.1	0.0122079	0.3557
-18.0	266.1	0.0147144	0.3398
-13.5	266.1	0.00444414	0.234
-9.0	266.1	0.00320844	0.215
-4.5	266.1	0.0170816	0.3035
0.0	266.1	0.0104708	0.4009
4.5	266.1	0.00848542	0.317
9.0	266.1	0.0129784	0.343
13.5	266.1	0.00899875	0.4215
18.0	266.1	0.0129461	0.3668
22.5	266.1	0.00755419	0.3735
27.0	266.1	0.00767734	0.3114
31.5	266.1	0.00629967	0.3956
36.0	266.1	0.00757152	0.3872
40.5	266.1	0.0109359	0.3748
45.0	266.1	0.00845801	0.4188
49.5	266.1	0.0100597	0.3602
54.0	266.1	0.00770637	0.399
58.5	266.1	0.00718878	0.3878
63.0	266.1	0.00543433	0.2981
67.5	266.1	0.0114991	0.3919
72.0	266.1	0.00814034	0.4113
76.5	266.1	0.00592416	0.4088
81.0	266.1	0.00606843	0.4314
85.5	266.1	0.00472497	0.3296
90.0	266.1	0.0104655	0.4157
94.5	266.1	0.00514371	0.4326
99.0	266.1	0.00472879	0.3668
103.5	266.1	0.0106303	0.336
108.0	266.1	0.00552827	0.4179
112.5	266.1	0.00849461	0.4168
117.0	266.1	0.0148708	0.3376
121.5	266.1	0.0193705	0.3204
126.0	266.1	0.0106916	0.4034
130.5	266.1	0.00632381	0.5031
135.0	266.1	0.0017414	0.143
139.5	266.1	0.0032903	0.2944
144.0	266.1	0.00663728	0.3726
148.5	266.1	0.00493609	0.3674
153.0	266.1	0.00528077	0.3742
157.5	266.1	0.0083367	0.3089
162.0	266.1	0.00663847	0.4238
166.5	266.1	0.00680165	0.3867
171.0	266.1	0.00545942	0.3652
175.5	266.1	0.00652191	0.3995
180.0	266.1	0.00941451	0.3607
184.5	266.1	0.00259622	0.4115
189.0	266.1	0.00465378	0.4439
193.5	266.1	0.00348839	0.3805
198.0	266.1	0.0046501	0.3957
202.5	266.1	0.00583136	0.4459
207.0	266.1	0.00640612	0.4623
211.5	266.1	0.00366654	0.4965
216.0	266.1	0.0061172	0.4513
220.5	266.1	0.014271	0.4652
225.0	266.1	0.00614538	0.3937
229.5	266.1	0.00176818	0.2766
234.0	266.1	0.00290467	0.5065
238.5	266.1	0.00297587	0.4653
243.0	266.1	0.00251901	0.6133
247.5	266.1	0.00318956	0.4526
252.0	266.1	0.00296629	0.3797
256.5	266.1	0.00447232	0.3933
261.0	266.1	0.00489143	0.7171
265.5	266.1	0.00426496	0.666
270.0	266.1	0.00357785	0.4395
274.5	266.1	0.00443149	0.5716
279.0	266.1	0.003736	0.3974
283.5	266.1	0.00548188	0.4243
288.0	266.1	0.00354374	0.4206
292.5	266.1	0.00411756	0.4463
297.0	266.1	0.00789869	0.433
301.5	266.1	0.00279885	0.5786
306.0	266.1	0.000612751	0.232
310.5	266.1	0.00865487	0.4036
315.0	266.1	0.00112867	0.4151
319.5	266.1	0.00173005	0.3427
324.0	266.1	0.000526905	0.2264
328.5	266.1	0.000893149	0.4992
333.0	266.1	0.001053	0.6077
337.5	266.1	0.0019937	0.7718
342.0	266.1	0.00235228	0.8755
346.5	266.1	0.00151748	0.4424
351.0	266.1	0.00445682	0.5056
355.5	266.1	0.00099603	0.4532
360.0	266.1	0.00120701	0.5156
364.5	266.1	0.00210379	0.6903
369.0	266.1	0.000475502	0.3077
373.5	266.1	0.000982096	0.5167
378.0	266.1	0.00252113	0.5817
382.5	266.1	0.00334811	0.7451
387.0	266.1	0.00157102	0.8287
391.5	266.1	0.00199154	0.5135
396.0	266.1	0.000918544	0.6025
400.5	266.1	0.00341954	0.6111
405.0	266.1	0.000656978	0.4091
409.5	266.1	0.00151126	0.5548
414.0	266.1	0.00140992	0.6351
418.5	266.1	0.00167994	0.7172
423.0	266.1	0.000108369	0.463
427.5	266.1	0.000328478	0.3149
432.0	266.1	0.00334797	0.6493
436.5	266.1	0.000810526	0.3004
441.0	266.1	0.00263233	0.821
445.5	266.1	0.000602823	0.2314
-450.0	268.667	0.000463352	0.2832
-445.5	268.667	0.000672936	0.3865
-441.0	268.667	0.000523281	0.2588
-436.5	268.667	0.000194581	0.3673
-432.0	268.667	0.000112024	0.5402
-427.5	268.667	0.000359087	0.5917
-423.0	268.667	0.00224642	0.8945
-418.5	268.667	0.000248964	0.3921
-414.0	268.667	0.00032348	0.3217
-409.5	268.667	0.00021564	0.4101
-405.0	268.667	0.000332898	0.3138
-400.5	268.667	0.000150734	0.4908
-396.0	268.667	0.00020335	0.4553
-391.5	268.667	0.000479858	0.2765
-387.0	268.667	0.000246126	0.3671
-382.5	268.667	0.000355161	0.4477
-378.0	268.667	0.000774238	0.706
-373.5	268.667	0.00217166	0.543
-369.0	268.667	0.000473507	0.7034
-364.5	268.667	0.000200807	0.4144
-360.0	268.667	0.00156696	0.8033
-355.5	268.667	0.000474392	0.3309
-351.0	268.667	0.00034624	0.332
-346.5	268.667	0.00044667	0.3489
-342.0	268.667	0.00055928	0.2612
-337.5	268.667	0.00379303	0.7284
-333.0	268.667	0.00100967	0.4854
-328.5	268.667	0.00119766	0.6916
-324.0	268.667	0.000953938	0.5744
-319.5	268.667	0.000389409	0.255
-315.0	268.667	0.00173082	0.7342
-310.5	268.667	0.000512592	0.2488
-306.0	268.667	0.000479506	0.2845
-301.5	268.667	0.00227513	0.7839
-297.0	268.667	0.000470885	0.2403
-292.5	268.667	0.000666448	0.2077
-288.0	268.667	0.000805685	0.2277
-283.5	268.667	0.000698038	0.2181
-279.0	268.667	0.00135256	0.3494
-274.5	268.667	0.000655761	0.27
-270.0	268.667	0.00182896	0.6511
-265.5	268.667	0.00240843	0.4811
-261.0	268.667	0.00293664	0.7045
-256.5	268.667	0.00156128	0.6197
-252.0	268.667	0.001102	0.2585
-247.5	268.667	0.00225664	0.5543
-243.0	268.667	0.00439912	0.5306
-238.5	268.667	0.00318679	0.5531
-234.0	268.667	0.00248989	0.5979
-229.5	268.667	0.00125875	0.2613
-225.0	268.667	0.000641652	0.2252
-220.5	268.667	0.000820206	0.2128
-216.0	268.667	0.00624206	0.5522
-211.5	268.667	0.00589766	0.5148
-207.0	268.667	0.00126498	0.2678
-202.5	268.667	0.00206674	0.5039
-198.0	268.667	0.00312511	0.787
-193.5	268.667	0.00212823	0.5322
-189.0	268.667	0.00313544	0.4984
-184.5	268.667	0.00349799	0.7387
-180.0	268.667	0.00558967	0.5147
-175.5	268.667	0.00525665	0.4992
-171.0	268.667	0.00347012	0.4035
-166.5	268.667	0.00673096	0.3722
-162.0	268.667	0.00630518	0.5295
-157.5	268.667	0.00114467	0.1964
-153.0	268.667	0.00241561	0.3643
-148.5	268.667	0.00648387	0.4947
-144.0	268.667	0.00306734	0.4104
-139.5	268.667	0.00535184	0.4152
-135.0	268.667	0.00974813	0.3672
-130.5	268.667	0.00134087	0.163
-126.0	268.667	0.00487142	0.3232
-121.5	268.667	0.0102895	0.4363
-117.0	268.667	0.00175067	0.1578
-112.5	268.667	0.00407359	0.3984
-108.0	268.667	0.00615077	0.4689
-103.5	268.667	0.00742935	0.3767
-99.0	268.667	0.00509526	0.4772
-94.5	268.667	0.00561351	0.4066
-90.0	268.667	0.00524875	0.3631
-85.5	268.667	0.00778997	0.4016
-81.0	268.667	0.00481613	0.4154
-76.5	268.667	0.00587619	0.5182
-72.0	268.667	0.0114303	0.3373
-67.5	268.667	0.0106419	0.3568
-63.0	268.667	0.0147583	0.3758
-58.5	268.667	0.00872363	0.3984
-54.0	268.667	0.00705933	0.3645
-49.5	268.667	0.00770666	0.4106
-45.0	268.667	0.0079032	0.4261
-40.5	268.667	0.00598143	0.446
-36.0	268.667	0.00209145	0.1741
-31.5	268.667	0.00527364	0.3226
-27.0	268.667	0.00974359	0.3189
-22.5	268.667	0.00852638	0.3706
-18.0	268.667	0.00595817	0.2999
-13.5	268.667	0.00437094	0.3209
-9.0	268.667	0.00947867	0.3571
-4.5	268.667	0.0145224	0.3095
0.0	268.667	0.00335397	0.3999
4.5	268.667	0.00891325	0.3194
9.0	268.667	0.00910625	0.2928
13.5	268.667	0.00355598	0.301
18.0	268.667	0.00865397	0.3884
22.5	268.667	0.0101925	0.3528
27.0	268.667	0.00774585	0.3501
31.5	268.667	0.00887569	0.3571
36.0	268.667	0.00458631	0.4154
40.5	268.667	0.00575069	0.3201
45.0	268.667	0.0135689	0.3523
49.5	268.667	0.00329874	0.2734
54.0	268.667	0.00667575	0.3403
58.5	268.667	0.0116279	0.4012
63.0	268.667	0.00449214	0.3696
67.5	268.667	0.00600903	0.3684
72.0	268.667	0.00821081	0.4293
76.5	268.667	0.0066482	0.4227
81.0	268.667	0.00669137	0.3265
85.5	268.667	0.00257854	0.2273
90.0	268.667	0.00838791	0.3612
94.5	268.667	0.00330948	0.312
99.0	268.667	0.0121828	0.3893
103.5	268.667	0.00883796	0.4177
108.0	268.667	0.00633214	0.4482
112.5	268.667	0.00624896	0.3669
117.0	268.667	0.0161062	0.3401
121.5	268.667	0.0128042	0.3804
126.0	268.667	0.0105822	0.3935
130.5	268.667	0.00767742	0.3798
135.0	268.667	0.00346193	0.3875
139.5	268.667	0.00761236	0.3099
144.0	268.667	0.00374518	0.507
148.5	268.667	0.00603982	0.4859
153.0	268.667	0.00734022	0.3941
157.5	268.667	0.00961671	0.3863
162.0	268.667	0.00250065	0.5226
166.5	268.667	0.00541588	0.5161
171.0	268.667	0.00763104	0.4002
175.5	268.667	0.00163822	0.2663
180.0	268.667	0.00346064	0.3559
184.5	268.667	0.00362272	0.4022
189.0	268.667	0.0025249	0.2601
193.5	268.667	0.00213149	0.3604
198.0	268.667	0.00368878	0.3314
202.5	268.667	0.00325453	0.6071
207.0	268.667	0.00493565	0.5093
211.5	268.667	0.00193381	0.3317
216.0	268.667	0.00493021	0.3508
220.5	268.667	0.0112939	0.4046
225.0	268.667	0.0126601	0.4084
229.5	268.667	0.00594232	0.55
234.0	268.667	0.0037929	0.5094
238.5	268.667	0.00702457	0.6633
243.0	268.667	0.00362957	0.5616
247.5	268.667	0.00496344	0.6016
252.0	268.667	0.00615054	0.4704
256.5	268.667	0.0104797	0.404
261.0	268.667	0.0076318	0.4506
265.5	268.667	0.00136418	0.3271
270.0	268.667	0.00248411	0.579
274.5	268.667	0.00138343	0.3156
279.0	268.667	0.00701393	0.4981
283.5	268.667	0.00502545	0.437
288.0	268.667	0.00480026	0.4247
292.5	268.667	0.00781341	0.4004
297.0	268.667	0.00775767	0.4164
301.5	268.667	0.00659856	0.5429
306.0	268.667	0.00450645	0.492
310.5	268.667	0.00426332	0.4409
315.0	268.667	0.00245381	0.4398
319.5	268.667	0.00145841	0.2412
324.0	268.667	0.000759987	0.3371
328.5	268.667	0.000570065	0.2186
333.0	268.667	0.000597085	0.2298
337.5	268.667	0.00274353	0.7897
342.0	268.667	0.00216845	0.8126
346.5	268.667	0.000410448	0.3158
351.0	268.667	0.00182878	0.7478
355.5	268.667	0.00279303	0.8274
360.0	268.667	0.00058932	0.3359
364.5	268.667	0.00285006	0.5571
369.0	268.667	0.000430616	0.2785
373.5	268.667	0.000259498	0.3795
378.0	268.667	0.00162027	0.6203
382.5	268.667	0.002771	0.8638
387.0	268.667	0.000147316	0.4911
391.5	268.667	0.00395001	0.6508
396.0	268.667	0.000546229	0.6161
400.5	268.667	0.00249607	0.8545
405.0	268.667	0.00167663	0.6465
409.5	268.667	0.00579291	0.5687
414.0	268.667	0.000867186	0.3595
418.5	268.667	0.00540384	0.5665
423.0	268.667	0.000940275	0.7287
427.5	268.667	0.00120665	0.7434
432.0	268.667	0.00159484	0.6127
436.5	268.667	0.000460043	0.2831
441.0	268.667	0.00160741	0.7395
445.5	268.667	0.000487593	0.2571
-450.0	271.233	0.00200576	0.7524
-445.5	271.233	0.000571298	0.57
-441.0	271.233	0.00265894	0.9289
-436.5	271.233	0.00022636	0.6623
-432.0	271.233	0.00154524	0.6529
-427.5	271.233	0.00313598	0.7291
-423.0	271.233	0.00093598	0.6581
-418.5	271.233	0.000467615	0.2915
-414.0	271.233	0.000306507	0.3541
-409.5	271.233	0.000258656	0.3927
-405.0	271.233	0.00017861	0.4292
-400.5	271.233	0.00023036	0.3761
-396.0	271.233	0.000195869	0.3749
-391.5	271.233	0.000289247	0.3725
-387.0	271.233	0.00237678	0.8362
-382.5	271.233	0.00153936	0.7583
-378.0	271.233	0.00339621	0.5247
-373.5	271.233	0.00388693	0.8366
-369.0	271.233	0.00183261	0.8655
-364.5	271.233	0.000341799	0.3455
-360.0	271.233	0.00181382	0.9236
-355.5	271.233	0.000364027	0.3497
-351.0	271.233	0.000719595	0.2585
-346.5	271.233	0.000552656	0.302
-342.0	271.233	0.000448782	0.2302
-337.5	271.233	0.00210651	0.8121
-333.0	271.233	0.00035192	0.3074
-328.5	271.233	0.00179056	0.7615
-324.0	271.233	0.000397085	0.3065
-319.5	271.233	0.000390736	0.2917
-315.0	271.233	0.00168758	0.7094
-310.5	271.233	0.000508022	0.2605
-306.0	271.233	0.000645517	0.2213
-301.5	271.233	0.00124967	0.5611
-297.0	271.233	0.0004247	0.2628
-292.5	271.233	0.000744396	0.2441
-288.0	271.233	0.000718004	0.2083
-283.5	271.233	0.0010893	0.3106
-279.0	271.233	0.000978779	0.298
-274.5	271.233	0.00175736	0.5848
-270.0	271.233	0.00282889	0.6418
-265.5	271.233	0.00377806	0.5065
-261.0	271.233	0.0022564	0.5282
-256.5	271.233	0.004343	0.6425
-252.0	271.233	0.00201675	0.4301
-247.5	271.233	0.000916764	0.257
-243.0	271.233	0.00268943	0.7216
-238.5	271.233	0.00123874	0.1966
-234.0	271.233	0.0019144	0.4602
-229.5	271.233	0.000818595	0.1851
-225.0	271.233	0.00378442	0.7909
-220.5	271.233	0.00279812	0.49
-216.0	271.233	0.00468214	0.4344
-211.5	271.233	0.00106349	0.2112
-207.0	271.233	0.00162812	0.2441
-202.5	271.233	0.000946086	0.4692
-198.0	271.233	0.000674812	0.2053
-193.5	271.233	0.00234813	0.6628
-189.0	271.233	0.0030231	0.5407
-184.5	271.233	0.00638345	0.4287
-180.0	271.233	0.00126726	0.1804
-175.5	271.233	0.0050884	0.5133
-171.0	271.233	0.00484002	0.4185
-166.5	271.233	0.00565997	0.4844
-162.0	271.233	0.00466968	0.5924
-157.5	271.233	0.00328859	0.3853
-153.0	271.233	0.00762905	0.4081
-148.5	271.233	0.00190409	0.2606
-144.0	271.233	0.00317679	0.6203
-139.5	271.233	0.00324886	0.3529
-135.0	271.233	0.00233368	0.3509
-130.5	271.233	0.00123915	0.1682
-126.0	271.233	0.00340673	0.4304
-121.5	271.233	0.00648485	0.4353
-117.0	271.233	0.00242651	0.4787
-112.5	271.233	0.00617633	0.4489
-108.0	271.233	0.00429781	0.4053
-103.5	271.233	0.00253909	0.4189
-99.0	271.233	0.00766984	0.4279
-94.5	271.233	0.0138875	0.331
-90.0	271.233	0.00644961	0.4181
-85.5	271.233	0.00538683	0.3098
-81.0	271.233	0.00365714	0.297
-76.5	271.233	0.0078284	0.3119
-72.0	271.233	0.0127407	0.3362
-67.5	271.233	0.00968902	0.3881
-63.0	271.233	0.0109623	0.4029
-58.5	271.233	0.00822566	0.4079
-54.0	271.233	0.00864209	0.4206
-49.5	271.233	0.00402535	0.3109
-45.0	271.233	0.00926071	0.468
-40.5	271.233	0.00466018	0.311
-36.0	271.233	0.00767979	0.3558
-31.5	271.233	0.00573056	0.3434
-27.0	271.233	0.00833959	0.3181
-22.5	271.233	0.0106866	0.3535
-18.0	271.233	0.00704626	0.3283
-13.5	271.233	0.00624252	0.3852
-9.0	271.233	0.0149581	0.3278
-4.5	271.233	0.0109357	0.3698
0.0	271.233	0.00571692	0.3355
4.5	271.233	0.0131705	0.2936
9.0	271.233	0.00562568	0.3752
13.5	271.233	0.00592081	0.5199
18.0	271.233	0.00867187	0.4213
22.5	271.233	0.0118839	0.3683
27.0	271.233	0.00585461	0.3883
31.5	271.233	0.00806993	0.38
36.0	271.233	0.00749153	0.4054
40.5	271.233	0.0067697	0.2804
45.0	271.233	0.00993848	0.4581
49.5	271.233	0.00220869	0.1831
54.0	271.233	0.00502053	0.2905
58.5	271.233	0.0105405	0.3427
63.0	271.233	0.00857363	0.4427
67.5	271.233	0.00523473	0.3711
72.0	271.233	0.0112161	0.4149
76.5	271.233	0.0077177	0.4411
81.0	271.233	0.00832446	0.4097
85.5	271.233	0.00679686	0.5457
90.0	271.233	0.00555998	0.3368
94.5	271.233	0.0058618	0.3773
99.0	271.233	0.00829901	0.3896
103.5	271.233	0.00496575	0.4089
108.0	271.233	0.00623482	0.4066
112.5	271.233	0.0135325	0.4008
117.0	271.233	0.00900861	0.432
121.5	271.233	0.0118471	0.3208
126.0	271.233	0.0110491	0.3466
130.5	271.233	0.0111415	0.3299
135.0	271.233	0.00923919	0.344
139.5	271.233	0.00799265	0.3013
144.0	271.233	0.00479058	0.4909
148.5	271.233	0.00263187	0.3009
153.0	271.233	0.0093676	0.3737
157.5	271.233	0.00581669	0.385
162.0	271.233	0.00283447	0.3621
166.5	271.233	0.00638648	0.5969
171.0	271.233	0.00659233	0.4565
175.5	271.233	0.00137006	0.1853
180.0	271.233	0.00334104	0.4896
184.5	271.233	0.00657818	0.4238
189.0	271.233	0.00427031	0.364
193.5	271.233	0.0078212	0.4136
198.0	271.233	0.00579007	0.437
202.5	271.233	0.00846621	0.4095
207.0	271.233	0.0023919	0.4553
211.5	271.233	0.00333775	0.6505
216.0	271.233	0.00357765	0.4892
220.5	271.233	0.00667234	0.5172
225.0	271.233	0.00597714	0.409
229.5	271.233	0.00380694	0.4541
234.0	271.233	0.00512002	0.5887
238.5	271.233	0.00417229	0.6029
243.0	271.233	0.00613324	0.4822
247.5	271.233	0.00339879	0.4693
252.0	271.233	0.00436511	0.4705
256.5	271.233	0.00744645	0.499
261.0	271.233	0.00137894	0.292
265.5	271.233	0.00466722	0.6472
270.0	271.233	0.00269291	0.5501
274.5	271.233	0.00197291	0.5402
279.0	271.233	0.00252907	0.4489
283.5	271.233	0.00541981	0.5829
288.0	271.233	0.00138635	0.3138
292.5	271.233	0.00728418	0.4218
297.0	271.233	0.00498319	0.378
301.5	271.233	0.00627736	0.4065
306.0	271.233	0.00737354	0.5236
310.5	271.233	0.00333388	0.5603
315.0	271.233	0.000853798	0.2117
319.5	271.233	0.00535785	0.4751
324.0	271.233	0.00696528	0.4557
328.5	271.233	0.000648249	0.2332
333.0	271.233	0.00286992	0.8474
337.5	271.233	0.00115894	0.4815
342.0	271.233	0.000625786	0.2247
346.5	271.233	0.000297172	0.3132
351.0	271.233	0.000513467	0.3495
355.5	271.233	0.00164842	0.7461
360.0	271.233	0.00364643	0.6952
364.5	271.233	0.00281034	0.785
369.0	271.233	0.000427806	0.3059
373.5	271.233	0.000425095	0.302
378.0	271.233	0.00145555	0.6847
382.5	271.233	0.00294585	0.752
387.0	271.233	0.000248474	0.3468
391.5	271.233	0.000537216	0.5337
396.0	271.233	0.00115998	0.8285
400.5	271.233	0.00143251	0.7665
405.0	271.233	0.00127358	0.8171
409.5	271.233	0.00235526	0.6579
414.0	271.233	0.00344989	0.5498
418.5	271.233	0.00282988	0.5368
423.0	271.233	0.00154898	0.6544
427.5	271.233	0.000485343	0.3184
432.0	271.233	0.000350044	0.4045
436.5	271.233	0.00135581	0.6314
441.0	271.233	0.000358743	0.2932
445.5	271.233	0.0036404	0.6118
-450.0	273.8	0.000750821	0.7335
-445.5	273.8	0.000288591	0.3233
-441.0	273.8	0.000113289	0.412
-436.5	273.8	0.00217169	0.9243
-432.0	273.8	0.001846	0.7065
-427.5	273.8	0.00197518	0.5795
-423.0	273.8	0.000300358	0.4052
-418.5	273.8	0.000409032	0.3238
-414.0	273.8	0.00013628	0.447
-409.5	273.8	0.000239278	0.4019
-405.0	273.8	0.000162552	0.4668
-400.5	273.8	0.000116438	0.506
-396.0	273.8	0.000203675	0.3769
-391.5	273.8	0.000874214	0.5306
-387.0	273.8	0.00365909	0.6413
-382.5	273.8	0.00380162	0.8522
-378.0	273.8	0.00250468	0.7422
-373.5	273.8	0.000183459	0.3662
-369.0	273.8	0.000381359	0.3795
-364.5	273.8	0.000491242	0.3322
-360.0	273.8	0.0021555	0.7801
-355.5	273.8	0.00051956	0.3685
-351.0	273.8	0.00112186	0.3664
-346.5	273.8	0.00134249	0.7252
-342.0	273.8	0.00438193	0.5391
-337.5	273.8	0.00143324	0.8029
-333.0	273.8	0.00135955	0.706
-328.5	273.8	0.000858399	0.5028
-324.0	273.8	0.000397838	0.2727
-319.5	273.8	0.000641942	0.2243
-315.0	273.8	0.000590897	0.2478
-310.5	273.8	0.000450837	0.2704
-306.0	273.8	0.0010263	0.5896
-301.5	273.8	0.000549081	0.2185
-297.0	273.8	0.000517772	0.2675
-292.5	273.8	0.000667904	0.2197
-288.0	273.8	0.000710786	0.2065
-283.5	273.8	0.000776845	0.2419
-279.0	273.8	0.00116106	0.2946
-274.5	273.8	0.00187294	0.5859
-270.0	273.8	0.00165395	0.4764
-265.5	273.8	0.00256594	0.5345
-261.0	273.8	0.00536757	0.8796
-256.5	273.8	0.0015738	0.5137
-252.0	273.8	0.000995496	0.4341
-247.5	273.8	0.000863571	0.2177
-243.0	273.8	0.00296451	0.62
-238.5	273.8	0.00106245	0.3375
-234.0	273.8	0.000904996	0.2275
-229.5	273.8	0.00337485	0.7234
-225.0	273.8	0.00157445	0.6203
-220.5	273.8	0.00176431	0.4704
-216.0	273.8	0.00317331	0.3991
-211.5	273.8	0.00257802	0.3996
-207.0	273.8	0.00109814	0.2421
-202.5	273.8	0.00183475	0.6939
-198.0	273.8	0.000684425	0.2151
-193.5	273.8	0.00424325	0.5608
-189.0	273.8	0.00209903	0.4728
-184.5	273.8	0.0016413	0.211
-180.0	273.8	0.00434198	0.4911
-175.5	273.8	0.00325814	0.3685
-171.0	273.8	0.00511923	0.4808
-166.5	273.8	0.00226659	0.3841
-162.0	273.8	0.00497606	0.5511
-157.5	273.8	0.00227054	0.3731
-153.0	273.8	0.0014944	0.1504
-148.5	273.8	0.00149079	0.2951
-144.0	273.8	0.00277472	0.4394
-139.5	273.8	0.00235582	0.2134
-135.0	273.8	0.00259063	0.4361
-130.5	273.8	0.00359244	0.3885
-126.0	273.8	0.00309697	0.3458
-121.5	273.8	0.00657911	0.4718
-117.0	273.8	0.00378062	0.5388
-112.5	273.8	0.0079007	0.52
-108.0	273.8	0.00646193	0.4794
-103.5	273.8	0.00345137	0.4158
-99.0	273.8	0.0109401	0.3691
-94.5	273.8	0.00792767	0.3682
-90.0	273.8	0.00516351	0.4662
-85.5	273.8	0.00582019	0.4915
-81.0	273.8	0.004516	0.3213
-76.5	273.8	0.00605085	0.4911
-72.0	273.8	0.0100918	0.3393
-67.5	273.8	0.00934905	0.3456
-63.0	273.8	0.00843498	0.4444
-58.5	273.8	0.00382613	0.3614
-54.0	273.8	0.0105841	0.3908
-49.5	273.8	0.0110027	0.3477
-45.0	273.8	0.00979805	0.3497
-40.5	273.8	0.00806261	0.4523
-36.0	273.8	0.011604	0.3789
-31.5	273.8	0.00621811	0.4206
-27.0	273.8	0.00637701	0.3526
-22.5	273.8	0.00898688	0.3575
-18.0	273.8	0.00845651	0.4013
-13.5	273.8	0.00717253	0.3784
-9.0	273.8	0.00958046	0.3868
-4.5	273.8	0.00769884	0.4
0.0	273.8	0.00837766	0.2977
4.5	273.8	0.0089645	0.4034
9.0	273.8	0.00748829	0.3585
13.5	273.8	0.00541966	0.286
18.0	273.8	0.00914211	0.3882
22.5	273.8	0.00599495	0.3053
27.0	273.8	0.0116132	0.3376
31.5	273.8	0.00857211	0.3265
36.0	273.8	0.00803192	0.3583
40.5	273.8	0.00675462	0.3441
45.0	273.8	0.0108041	0.3748
49.5	273.8	0.00686392	0.3412
54.0	273.8	0.00206309	0.1271
58.5	273.8	0.00715169	0.3737
63.0	273.8	0.00754655	0.3165
67.5	273.8	0.00537156	0.3904
72.0	273.8	0.00696012	0.4807
76.5	273.8	0.007642	0.4105
81.0	273.8	0.00645629	0.3296
85.5	273.8	0.00693473	0.4322
90.0	273.8	0.00620123	0.383
94.5	273.8	0.0112641	0.3628
99.0	273.8	0.00589992	0.3856
103.5	273.8	0.00302482	0.3878
108.0	273.8	0.00636247	0.4362
112.5	273.8	0.00752387	0.3862
117.0	273.8	0.00545617	0.4501
121.5	273.8	0.00912293	0.4846
126.0	273.8	0.00973267	0.3765
130.5	273.8	0.0106713	0.39
135.0	273.8	0.00808274	0.336
139.5	273.8	0.00712513	0.3512
144.0	273.8	0.00461101	0.4715
148.5	273.8	0.00555489	0.6045
153.0	273.8	0.00719536	0.4313
157.5	273.8	0.00734236	0.3811
162.0	273.8	0.00298412	0.3199
166.5	273.8	0.00332831	0.3045
171.0	273.8	0.00307268	0.3951
175.5	273.8	0.00427225	0.4677
180.0	273.8	0.00526176	0.5481
184.5	273.8	0.00568958	0.384
189.0	273.8	0.00696961	0.4998
193.5	273.8	0.00175007	0.3042
198.0	273.8	0.00244289	0.2952
202.5	273.8	0.00451521	0.3739
207.0	273.8	0.00302942	0.4775
211.5	273.8	0.00212703	0.4065
216.0	273.8	0.00271319	0.5284
220.5	273.8	0.00859189	0.4585
225.0	273.8	0.00386843	0.5261
229.5	273.8	0.00290804	0.5706
234.0	273.8	0.00307566	0.6288
238.5	273.8	0.00382018	0.5144
243.0	273.8	0.0076832	0.4586
247.5	273.8	0.00558974	0.5759
252.0	273.8	0.00465566	0.5451
256.5	273.8	0.00829612	0.5275
261.0	273.8	0.00379651	0.4632
265.5	273.8	0.00208794	0.3667
270.0	273.8	0.00653709	0.6181
274.5	273.8	0.00182633	0.4309
279.0	273.8	0.00226508	0.3522
283.5	273.8	0.00763845	0.5312
288.0	273.8	0.000980694	0.483
292.5	273.8	0.0039249	0.605
297.0	273.8	0.00637906	0.4482
301.5	273.8	0.00245579	0.4982
306.0	273.8	0.00270768	0.6825
310.5	273.8	0.00514488	0.4492
315.0	273.8	0.003486	0.8157
319.5	273.8	0.00190152	0.3696
324.0	273.8	0.00213732	0.6349
328.5	273.8	0.00180192	0.6457
333.0	273.8	0.00525541	0.569
337.5	273.8	0.000666701	0.2317
342.0	273.8	0.00292305	0.612
346.5	273.8	0.000620993	0.2415
351.0	273.8	0.000273482	0.3788
355.5	273.8	0.00269919	0.5754
360.0	273.8	0.00214276	0.7258
364.5	273.8	0.00154818	0.6033
369.0	273.8	0.000391187	0.2931
373.5	273.8	0.000470559	0.2808
378.0	273.8	0.00260655	0.751
382.5	273.8	0.00332743	0.8234
387.0	273.8	0.00237137	0.6685
391.5	273.8	0.00033563	0.3387
396.0	273.8	0.000266245	0.3617
400.5	273.8	0.000179075	0.4073
405.0	273.8	0.00232943	0.9147
409.5	273.8	0.000450533	0.2883
414.0	273.8	0.00461046	0.6958
418.5	273.8	0.000450469	0.2637
423.0	273.8	0.00160273	0.8213
427.5	273.8	0.0010241	0.6861
432.0	273.8	0.000284491	0.3337
436.5	273.8	0.00115353	0.5873
441.0	273.8	0.000290287	0.3071
445.5	273.8	0.00465892	0.6482
-450.0	276.367	0.000761774	0.5854
-445.5	276.367	0.000136266	0.5597
-441.0	276.367	0.00109981	0.8011
-436.5	276.367	0.00152868	0.7528
-432.0	276.367	0.00333169	0.6814
-427.5	276.367	0.000442226	0.3392
-423.0	276.367	0.000331713	0.3152
-418.5	276.367	0.000214552	0.34
-414.0	276.367	0.000157534	0.5546
-409.5	276.367	8.75238e-05	0.8183
-405.0	276.367	0.000352627	0.3238
-400.5	276.367	0.000213321	0.3252
-396.0	276.367	0.00392903	0.6701
-391.5	276.367	0.00456178	0.737
-387.0	276.367	0.00169054	0.7882
-382.5	276.367	0.00374603	0.8263
-378.0	276.367	0.000458835	0.2812
-373.5	276.367	0.000227194	0.386
-369.0	276.367	0.000298335	0.454
-364.5	276.367	0.000621861	0.3179
-360.0	276.367	0.00157641	0.7669
-355.5	276.367	0.00205899	0.7113
-351.0	276.367	0.000837989	0.5417
-346.5	276.367	0.000136345	0.5207
-342.0	276.367	0.0003557	0.3187
-337.5	276.367	0.000183284	0.3493
-333.0	276.367	0.00185238	0.7185
-328.5	276.367	0.000297287	0.3094
-324.0	276.367	0.00054457	0.2851
-319.5	276.367	0.000784276	0.2146
-315.0	276.367	0.00154272	0.6299
-310.5	276.367	0.000804691	0.5611
-306.0	276.367	0.000969535	0.491
-301.5	276.367	0.000498257	0.2633
-297.0	276.367	0.00434174	0.6561
-292.5	276.367	0.000867098	0.2873
-288.0	276.367	0.00073692	0.2147
-283.5	276.367	0.000888192	0.4417
-279.0	276.367	0.00191446	0.6226
-274.5	276.367	0.000597713	0.2333
-270.0	276.367	0.000952472	0.2275
-265.5	276.367	0.00439037	0.6668
-261.0	276.367	0.00141966	0.486
-256.5	276.367	0.000859634	0.22
-252.0	276.367	0.00275578	0.7162
-247.5	276.367	0.00269853	0.7189
-243.0	276.367	0.00424703	0.6128
-238.5	276.367	0.000875876	0.217
-234.0	276.367	0.00109594	0.3963
-229.5	276.367	0.002419	0.6653
-225.0	276.367	0.00141527	0.4562
-220.5	276.367	0.00105174	0.2839
-216.0	276.367	0.00258707	0.4112
-211.5	276.367	0.00421418	0.4639
-207.0	276.367	0.00469671	0.5357
-202.5	276.367	0.00274494	0.3757
-198.0	276.367	0.00279717	0.6734
-193.5	276.367	0.00289947	0.54
-189.0	276.367	0.00237651	0.2616
-184.5	276.367	0.00155325	0.309
-180.0	276.367	0.00455953	0.5694
-175.5	276.367	0.00137472	0.3346
-171.0	276.367	0.00726672	0.4424
-166.5	276.367	0.00330239	0.4537
-162.0	276.367	0.00722863	0.5084
-157.5	276.367	0.0048844	0.4183
-153.0	276.367	0.00184586	0.2894
-148.5	276.367	0.00275252	0.5592
-144.0	276.367	0.00205347	0.3489
-139.5	276.367	0.00531977	0.3998
-135.0	276.367	0.00643711	0.526
-130.5	276.367	0.00359316	0.3575
-126.0	276.367	0.00286355	0.3625
-121.5	276.367	0.00891286	0.407
-117.0	276.367	0.00958071	0.4475
-112.5	276.367	0.00699006	0.5233
-108.0	276.367	0.00653968	0.3577
-103.5	276.367	0.00609292	0.4735
-99.0	276.367	0.00257129	0.3775
-94.5	276.367	0.00748419	0.4069
-90.0	276.367	0.00440189	0.3888
-85.5	276.367	0.00514116	0.3171
-81.0	276.367	0.00388386	0.4666
-76.5	276.367	0.00514789	0.3298
-72.0	276.367	0.0119208	0.3791
-67.5	276.367	0.0106699	0.4042
-63.0	276.367	0.0079637	0.3492
-58.5	276.367	0.00423062	0.3781
-54.0	276.367	0.0104756	0.41
-49.5	276.367	0.00806487	0.418
-45.0	276.367	0.0113633	0.3637
-40.5	276.367	0.00692745	0.3748
-36.0	276.367	0.0187095	0.2789
-31.5	276.367	0.0033379	0.3421
-27.0	276.367	0.0086497	0.3155
-22.5	276.367	0.00735808	0.3708
-18.0	276.367	0.0078533	0.3539
-13.5	276.367	0.00708563	0.4003
-9.0	276.367	0.0064458	0.4486
-4.5	276.367	0.00873735	0.3422
0.0	276.367	0.00990707	0.3146
4.5	276.367	0.0121206	0.3748
9.0	276.367	0.00587852	0.3417
13.5	276.367	0.00676745	0.3926
18.0	276.367	0.0102254	0.3337
22.5	276.367	0.00267806	0.3154
27.0	276.367	0.0137989	0.2684
31.5	276.367	0.00598761	0.3597
36.0	276.367	0.00894311	0.3615
40.5	276.367	0.00548593	0.47
45.0	276.367	0.0110512	0.3867
49.5	276.367	0.0046412	0.2517
54.0	276.367	0.00443998	0.4548
58.5	276.367	0.00523162	0.458
63.0	276.367	0.00690279	0.3013
67.5	276.367	0.0088725	0.3121
72.0	276.367	0.0169893	0.3063
76.5	276.367	0.00361004	0.3175
81.0	276.367	0.00589985	0.3075
85.5	276.367	0.0131846	0.3561
90.0	276.367	0.00631754	0.4181
94.5	276.367	0.00388293	0.3836
99.0	276.367	0.0113702	0.3845
103.5	276.367	0.00525284	0.4296
108.0	276.367	0.00685138	0.4486
112.5	276.367	0.00995673	0.3221
117.0	276.367	0.00539942	0.4042
121.5	276.367	0.00917814	0.4184
126.0	276.367	0.013713	0.3389
130.5	276.367	0.0150189	0.3385
135.0	276.367	0.00765014	0.3205
139.5	276.367	0.00479026	0.3599
144.0	276.367	0.00605948	0.4119
148.5	276.367	0.00313054	0.5505
153.0	276.367	0.00753732	0.4102
157.5	276.367	0.00976474	0.3721
162.0	276.367	0.0105205	0.4474
166.5	276.367	0.00732875	0.4314
171.0	276.367	0.003999	0.4474
175.5	276.367	0.00596682	0.4914
180.0	276.367	0.00475915	0.5714
184.5	276.367	0.00439506	0.4245
189.0	276.367	0.00407534	0.4202
193.5	276.367	0.00532999	0.3996
198.0	276.367	0.00674719	0.4865
202.5	276.367	0.00684866	0.4142
207.0	276.367	0.00390028	0.471
211.5	276.367	0.00698181	0.7087
216.0	276.367	0.00838122	0.5569
220.5	276.367	0.00574564	0.5405
225.0	276.367	0.00689492	0.4494
229.5	276.367	0.0073482	0.481
234.0	276.367	0.00356342	0.5332
238.5	276.367	0.00261571	0.375
243.0	276.367	0.0114098	0.4886
247.5	276.367	0.00462816	0.402
252.0	276.367	0.0100058	0.4214
256.5	276.367	0.00589037	0.3559
261.0	276.367	0.0100678	0.4097
265.5	276.367	0.00563429	0.4808
270.0	276.367	0.00361727	0.5607
274.5	276.367	0.00320797	0.409
279.0	276.367	0.0013984	0.2315
283.5	276.367	0.00615583	0.3944
288.0	276.367	0.00192009	0.5334
292.5	276.367	0.00247287	0.421
297.0	276.367	0.00281917	0.402
301.5	276.367	0.00377438	0.4947
306.0	276.367	0.00167326	0.5402
310.5	276.367	0.00395317	0.8126
315.0	276.367	0.0022938	0.7671
319.5	276.367	0.000704307	0.2247
324.0	276.367	0.0054421	0.6334
328.5	276.367	0.000741952	0.216
333.0	276.367	0.00216531	0.544
337.5	276.367	0.00318209	0.7071
342.0	276.367	0.000785665	0.2317
346.5	276.367	0.00208069	0.5715
351.0	276.367	0.000672483	0.2493
355.5	276.367	0.000789368	0.517
360.0	276.367	0.00220583	0.5926
364.5	276.367	0.00379062	0.6881
369.0	276.367	0.00126806	0.5315
373.5	276.367	0.002114	0.6121
378.0	276.367	0.00102423	0.4318
382.5	276.367	0.00301549	0.8402
387.0	276.367	0.00594832	0.7424
391.5	276.367	0.000460631	0.3055
396.0	276.367	0.00023149	0.3752
400.5	276.367	0.000248799	0.3814
405.0	276.367	0.000457921	0.3516
409.5	276.367	0.000227829	0.3319
414.0	276.367	0.00347575	0.6419
418.5	276.367	0.00185078	0.7149
423.0	276.367	0.000290857	0.3205
427.5	276.367	0.00190588	0.8525
432.0	276.367	0.00140542	0.5476
436.5	276.367	0.000478559	0.2689
441.0	276.367	0.000236069	0.3125
445.5	276.367	0.00179832	0.57
-450.0	278.933	0.000141834	0.3731
-445.5	278.933	0.000291863	0.3382
-441.0	278.933	0.00143585	0.9438
-436.5	278.933	0.00271019	0.6549
-432.0	278.933	0.000365817	0.3553
-427.5	278.933	0.000331558	0.3001
-423.0	278.933	0.000292937	0.3227
-418.5	278.933	0.000299837	0.4066
-414.0	278.933	0.000216412	0.5303
-409.5	278.933	0.000374105	0.3253
-405.0	278.933	0.000470997	0.7242
-400.5	278.933	0.00574073	0.4937
-396.0	278.933	0.00248539	0.4825
-391.5	278.933	0.000143481	0.5765
-387.0	278.933	0.000705254	0.6764
-382.5	278.933	0.000393231	0.2909
-378.0	278.933	0.000263787	0.2935
-373.5	278.933	0.000435689	0.3847
-369.0	278.933	0.000607163	0.2591
-364.5	278.933	0.000537661	0.3051
-360.0	278.933	0.000516792	0.2633
-355.5	278.933	0.000577076	0.2806
-351.0	278.933	0.000374248	0.35
-346.5	278.933	0.000269006	0.3364
-342.0	278.933	0.000450844	0.271
-337.5	278.933	0.000999777	0.4593
-333.0	278.933	0.000429774	0.2847
-328.5	278.933	0.000452828	0.2488
-324.0	278.933	0.00057831	0.2477
-319.5	278.933	0.000549916	0.2329
-315.0	278.933	0.00132684	0.5375
-310.5	278.933	0.00132454	0.6822
-306.0	278.933	0.00181546	0.7089
-301.5	278.933	0.000382231	0.2911
-297.0	278.933	0.000614629	0.2558
-292.5	278.933	0.00160549	0.5476
-288.0	278.933	0.00359202	0.7302
-283.5	278.933	0.00139102	0.3674
-279.0	278.933	0.00151571	0.5234
-274.5	278.933	0.000452514	0.2438
-270.0	278.933	0.000484831	0.2309
-265.5	278.933	0.000909841	0.2132
-261.0	278.933	0.00110253	0.3379
-256.5	278.933	0.00177355	0.5518
-252.0	278.933	0.000686213	0.2078
-247.5	278.933	0.00460228	0.4806
-243.0	278.933	0.00175238	0.6049
-238.5	278.933	0.000734372	0.2202
-234.0	278.933	0.00124477	0.303
-229.5	278.933	0.0014063	0.4592
-225.0	278.933	0.00288308	0.4923
-220.5	278.933	0.00333857	0.5044
-216.0	278.933	0.00191429	0.3275
-211.5	278.933	0.00337173	0.4434
-207.0	278.933	0.00308412	0.4257
-202.5	278.933	0.00488323	0.438
-198.0	278.933	0.00190937	0.3865
-193.5	278.933	0.00200733	0.2875
-189.0	278.933	0.00303151	0.3981
-184.5	278.933	0.0028817	0.5425
-180.0	278.933	0.00501665	0.5433
-175.5	278.933	0.00495666	0.5205
-171.0	278.933	0.00643414	0.4462
-166.5	278.933	0.00378906	0.6027
-162.0	278.933	0.00689105	0.5784
-157.5	278.933	0.00467535	0.4161
-153.0	278.933	0.00130255	0.1572
-148.5	278.933	0.00222831	0.2937
-144.0	278.933	0.00452264	0.5057
-139.5	278.933	0.00442106	0.3581
-135.0	278.933	0.00578999	0.3982
-130.5	278.933	0.00642123	0.3873
-126.0	278.933	0.00503231	0.5316
-121.5	278.933	0.00360587	0.5483
-117.0	278.933	0.0046167	0.4028
-112.5	278.933	0.00300444	0.3644
-108.0	278.933	0.002823	0.3421
-103.5	278.933	0.00315347	0.4083
-99.0	278.933	0.00376346	0.3667
-94.5	278.933	0.00481109	0.345
-90.0	278.933	0.00363088	0.3231
-85.5	278.933	0.00772978	0.3545
-81.0	278.933	0.00360655	0.3693
-76.5	278.933	0.00431188	0.4545
-72.0	278.933	0.00862078	0.3902
-67.5	278.933	0.00859557	0.4217
-63.0	278.933	0.0138574	0.3374
-58.5	278.933	0.00344779	0.257
-54.0	278.933	0.0104883	0.4092
-49.5	278.933	0.0114083	0.373
-45.0	278.933	0.0131998	0.3272
-40.5	278.933	0.00440272	0.2852
-36.0	278.933	0.00973357	0.2932
-31.5	278.933	0.00624996	0.4722
-27.0	278.933	0.0125917	0.36
-22.5	278.933	0.0143292	0.3136
-18.0	278.933	0.0114992	0.3379
-13.5	278.933	0.0109847	0.3367
-9.0	278.933	0.0051401	0.3367
-4.5	278.933	0.00539121	0.3784
0.0	278.933	0.00836986	0.3335
4.5	278.933	0.0172311	0.3138
9.0	278.933	0.0084965	0.3718
13.5	278.933	0.00974316	0.3498
18.0	278.933	0.00806649	0.3395
22.5	278.933	0.00596977	0.2875
27.0	278.933	0.0129665	0.3129
31.5	278.933	0.00839281	0.3472
36.0	278.933	0.00672442	0.2814
40.5	278.933	0.00840208	0.4098
45.0	278.933	0.00893459	0.4174
49.5	278.933	0.0120261	0.3202
54.0	278.933	0.0027888	0.2776
58.5	278.933	0.00477512	0.3824
63.0	278.933	0.00863349	0.3867
67.5	278.933	0.00748603	0.3432
72.0	278.933	0.00989266	0.3964
76.5	278.933	0.00846381	0.3404
81.0	278.933	0.0051176	0.3692
85.5	278.933	0.00633242	0.4079
90.0	278.933	0.00921847	0.4659
94.5	278.933	0.00894879	0.3257
99.0	278.933	0.0131472	0.3208
103.5	278.933	0.00588138	0.3643
108.0	278.933	0.00680271	0.4274
112.5	278.933	0.00386537	0.4191
117.0	278.933	0.0119576	0.3318
121.5	278.933	0.00175494	0.1432
126.0	278.933	0.0167711	0.3399
130.5	278.933	0.00353117	0.2778
135.0	278.933	0.00618065	0.4628
139.5	278.933	0.00869532	0.3776
144.0	278.933	0.00921755	0.3671
148.5	278.933	0.00390362	0.2911
153.0	278.933	0.00397566	0.3237
157.5	278.933	0.00428674	0.3833
162.0	278.933	0.00780485	0.4254
166.5	278.933	0.00462753	0.441
171.0	278.933	0.00362462	0.3705
175.5	278.933	0.00519826	0.5203
180.0	278.933	0.00831842	0.4996
184.5	278.933	0.00631188	0.4028
189.0	278.933	0.00307777	0.3636
193.5	278.933	0.00429658	0.4212
198.0	278.933	0.00365116	0.4576
202.5	278.933	0.00561381	0.3934
207.0	278.933	0.00305715	0.3663
211.5	278.933	0.00630364	0.5081
216.0	278.933	0.0074732	0.5118
220.5	278.933	0.00677961	0.7023
225.0	278.933	0.00374384	0.6094
229.5	278.933	0.0117103	0.4847
234.0	278.933	0.00313961	0.5476
238.5	278.933	0.00721944	0.464
243.0	278.933	0.0113427	0.3286
247.5	278.933	0.0126675	0.4552
252.0	278.933	0.00567082	0.352
256.5	278.933	0.0114639	0.403
261.0	278.933	0.0107497	0.556
265.5	278.933	0.00719929	0.4388
270.0	278.933	0.00245158	0.3309
274.5	278.933	0.00636556	0.5109
279.0	278.933	0.00374537	0.4177
283.5	278.933	0.00311706	0.429
288.0	278.933	0.00358726	0.5698
292.5	278.933	0.00136391	0.317
297.0	278.933	0.00290436	0.6518
301.5	278.933	0.00478379	0.4899
306.0	278.933	0.0011104	0.2881
310.5	278.933	0.00290411	0.619
315.0	278.933	0.00436897	0.5735
319.5	278.933	0.000877522	0.2754
324.0	278.933	0.00255887	0.6677
328.5	278.933	0.000775257	0.2251
333.0	278.933	0.000834776	0.2127
337.5	278.933	0.00261427	0.534
342.0	278.933	0.00418981	0.5533
346.5	278.933	0.00168248	0.6666
351.0	278.933	0.000455643	0.2602
355.5	278.933	0.000701036	0.2483
360.0	278.933	0.00260289	0.5939
364.5	278.933	0.00387154	0.6126
369.0	278.933	0.00307994	0.6071
373.5	278.933	0.00365984	0.826
378.0	278.933	0.00173266	0.7364
382.5	278.933	0.00317264	0.5863
387.0	278.933	0.00137693	0.4584
391.5	278.933	0.00442872	0.8898
396.0	278.933	0.0007339	0.4906
400.5	278.933	0.000441104	0.3703
405.0	278.933	0.000231078	0.306
409.5	278.933	0.00049849	0.2665
414.0	278.933	0.000536214	0.2257
418.5	278.933	0.0011029	0.4084
423.0	278.933	0.000444583	0.3044
427.5	278.933	0.000434442	0.3335
432.0	278.933	0.00294267	0.6872
436.5	278.933	0.00165602	0.4728
441.0	278.933	0.000273445	0.2998
445.5	278.933	0.000695845	0.2268
-450.0	281.5	0.000153184	0.424
-445.5	281.5	0.000956041	0.7745
-441.0	281.5	0.000329495	0.3552
-436.5	281.5	0.000165896	0.4452
-432.0	281.5	0.000191764	0.4165
-427.5	281.5	0.000282032	0.3975
-423.0	281.5	6.00634e-05	0.7569
-418.5	281.5	0.000223199	0.4523
-414.0	281.5	0.00138502	0.812
-409.5	281.5	0.00334291	0.8105
-405.0	281.5	0.00123271	0.8328
-400.5	281.5	0.000163444	0.4652
-396.0	281.5	0.00015627	0.3872
-391.5	281.5	0.000599995	0.8326
-387.0	281.5	0.000348686	0.3216
-382.5	281.5	0.000243234	0.3264
-378.0	281.5	0.000375791	0.4246
-373.5	281.5	0.000419127	0.3476
-369.0	281.5	0.00038268	0.3282
-364.5	281.5	0.00239048	0.6843
-360.0	281.5	0.000490775	0.3319
-355.5	281.5	0.000265531	0.3319
-351.0	281.5	0.000228293	0.3566
-346.5	281.5	0.00033511	0.2807
-342.0	281.5	0.00238226	0.7175
-337.5	281.5	0.000413887	0.2752
-333.0	281.5	0.000427777	0.2607
-328.5	281.5	0.000678651	0.2341
-324.0	281.5	0.0018385	0.6546
-319.5	281.5	0.000701638	0.2033
-315.0	281.5	0.00403757	0.6751
-310.5	281.5	0.000839553	0.2768
-306.0	281.5	0.000688183	0.2165
-301.5	281.5	0.00100282	0.4188
-297.0	281.5	0.00114579	0.5151
-292.5	281.5	0.00152722	0.5549
-288.0	281.5	0.000797674	0.2135
-283.5	281.5	0.00219498	0.5558
-279.0	281.5	0.00231892	0.6115
-274.5	281.5	0.000544666	0.2576
-270.0	281.5	0.000894808	0.2048
-265.5	281.5	0.00378855	0.6621
-261.0	281.5	0.00367383	0.7526
-256.5	281.5	0.000679443	0.2052
-252.0	281.5	0.00302292	0.6423
-247.5	281.5	0.00682676	0.5898
-243.0	281.5	0.00435086	0.5092
-238.5	281.5	0.000700439	0.2112
-234.0	281.5	0.00251248	0.4554
-229.5	281.5	0.00498974	0.5522
-225.0	281.5	0.00147028	0.3716
-220.5	281.5	0.000740952	0.2058
-216.0	281.5	0.00537027	0.5571
-211.5	281.5	0.00169161	0.3534
-207.0	281.5	0.00328253	0.527
-202.5	281.5	0.00173608	0.4014
-198.0	281.5	0.00307854	0.3774
-193.5	281.5	0.00161641	0.3467
-189.0	281.5	0.00192352	0.28
-184.5	281.5	0.00419589	0.5486
-180.0	281.5	0.00555361	0.5294
-175.5	281.5	0.0071234	0.381
-171.0	281.5	0.00395253	0.4187
-166.5	281.5	0.00698619	0.5442
-162.0	281.5	0.0068881	0.497
-157.5	281.5	0.00329848	0.5513
-153.0	281.5	0.00127528	0.2266
-148.5	281.5	0.00228714	0.2772
-144.0	281.5	0.00507555	0.2924
-139.5	281.5	0.00459114	0.4336
-135.0	281.5	0.0065521	0.4447
-130.5	281.5	0.00520681	0.3387
-126.0	281.5	0.00475934	0.5149
-121.5	281.5	0.00856944	0.4416
-117.0	281.5	0.00451591	0.3738
-112.5	281.5	0.00501566	0.4199
-108.0	281.5	0.00207474	0.2017
-103.5	281.5	0.00789182	0.3914
-99.0	281.5	0.00672371	0.2775
-94.5	281.5	0.00322342	0.2701
-90.0	281.5	0.00940703	0.3782
-85.5	281.5	0.00642257	0.417
-81.0	281.5	0.00918018	0.3812
-76.5	281.5	0.00402948	0.4264
-72.0	281.5	0.00638832	0.4245
-67.5	281.5	0.00888038	0.3994
-63.0	281.5	0.00999926	0.3095
-58.5	281.5	0.00930808	0.4028
-54.0	281.5	0.014954	0.2779
-49.5	281.5	0.0126307	0.3546
-45.0	281.5	0.0069286	0.3579
-40.5	281.5	0.00429961	0.3331
-36.0	281.5	0.00553214	0.3195
-31.5	281.5	0.00713377	0.3686
-27.0	281.5	0.0150531	0.2742
-22.5	281.5	0.015713	0.3496
-18.0	281.5	0.00567535	0.2766
-13.5	281.5	0.00617395	0.4447
-9.0	281.5	0.00780725	0.336
-4.5	281.5	0.00668883	0.4336
0.0	281.5	0.00823221	0.3216
4.5	281.5	0.00867523	0.3399
9.0	281.5	0.00597428	0.3209
13.5	281.5	0.00991796	0.3058
18.0	281.5	0.00385404	0.3502
22.5	281.5	0.00711657	0.3364
27.0	281.5	0.00497553	0.3297
31.5	281.5	0.0084515	0.3896
36.0	281.5	0.0100547	0.3069
40.5	281.5	0.00338522	0.4302
45.0	281.5	0.0126957	0.3206
49.5	281.5	0.00978682	0.278
54.0	281.5	0.00443753	0.358
58.5	281.5	0.00626438	0.3651
63.0	281.5	0.00887423	0.3513
67.5	281.5	0.0100054	0.4097
72.0	281.5	0.0102998	0.2853
76.5	281.5	0.00564319	0.2835
81.0	281.5	0.00676461	0.3978
85.5	281.5	0.00838998	0.309
90.0	281.5	0.00470636	0.3313
94.5	281.5	0.00525537	0.4161
99.0	281.5	0.0103275	0.3629
103.5	281.5	0.0102526	0.4083
108.0	281.5	0.00355327	0.349
112.5	281.5	0.00767414	0.3725
117.0	281.5	0.010285	0.3105
121.5	281.5	0.00396839	0.4527
126.0	281.5	0.0131852	0.3054
130.5	281.5	0.0101286	0.3409
135.0	281.5	0.0067479	0.4818
139.5	281.5	0.00290181	0.2925
144.0	281.5	0.0142604	0.3505
148.5	281.5	0.00611155	0.4198
153.0	281.5	0.00265345	0.3651
157.5	281.5	0.00508712	0.3442
162.0	281.5	0.00510219	0.3757
166.5	281.5	0.00689715	0.3645
171.0	281.5	0.00952486	0.4075
175.5	281.5	0.00478322	0.3938
180.0	281.5	0.00853951	0.3465
184.5	281.5	0.00861664	0.3584
189.0	281.5	0.00448606	0.4303
193.5	281.5	0.00418449	0.3866
198.0	281.5	0.00338541	0.3434
202.5	281.5	0.00933168	0.4239
207.0	281.5	0.0101054	0.3645
211.5	281.5	0.00465999	0.3689
216.0	281.5	0.0044912	0.4791
220.5	281.5	0.00390983	0.4867
225.0	281.5	0.00255471	0.6119
229.5	281.5	0.00479476	0.3395
234.0	281.5	0.0101168	0.3935
238.5	281.5	0.00822165	0.3906
243.0	281.5	0.0146324	0.4309
247.5	281.5	0.00449705	0.5493
252.0	281.5	0.010888	0.4076
256.5	281.5	0.0134175	0.3558
261.0	281.5	0.00373927	0.4199
265.5	281.5	0.00352349	0.3772
270.0	281.5	0.0101594	0.3538
274.5	281.5	0.00183844	0.2393
279.0	281.5	0.00578696	0.4496
283.5	281.5	0.00311728	0.3891
288.0	281.5	0.00676553	0.428
292.5	281.5	0.00508052	0.4854
297.0	281.5	0.00391776	0.4516
301.5	281.5	0.00383458	0.5659
306.0	281.5	0.00659471	0.5147
310.5	281.5	0.0010851	0.4376
315.0	281.5	0.0041351	0.6074
319.5	281.5	0.000724858	0.2188
324.0	281.5	0.00258294	0.7001
328.5	281.5	0.0012537	0.546
333.0	281.5	0.000491363	0.2416
337.5	281.5	0.00193107	0.4251
342.0	281.5	0.00453852	0.4961
346.5	281.5	0.00170699	0.6352
351.0	281.5	0.00216661	0.6116
355.5	281.5	0.000460671	0.266
360.0	281.5	0.00065256	0.3172
364.5	281.5	0.00297117	0.8202
369.0	281.5	0.00368555	0.7055
373.5	281.5	0.000462051	0.2648
378.0	281.5	0.00171101	0.6515
382.5	281.5	0.000527247	0.36
387.0	281.5	0.000652874	0.2702
391.5	281.5	0.00472165	0.6369
396.0	281.5	0.00268551	0.7465
400.5	281.5	0.00165921	0.7913
405.0	281.5	0.000284145	0.3732
409.5	281.5	0.000529649	0.2535
414.0	281.5	0.00387073	0.7231
418.5	281.5	0.000579464	0.2474
423.0	281.5	0.00084986	0.4655
427.5	281.5	0.00169685	0.772
432.0	281.5	0.000372579	0.3174
436.5	281.5	0.00318479	0.6772
441.0	281.5	0.00083883	0.3923
445.5	281.5	0.000480025	0.2332
-450.0	284.067	0.000256937	0.3083
-445.5	284.067	0.00155523	0.8125
-441.0	284.067	0.000191837	0.4935
-436.5	284.067	0.00017841	0.3729
-432.0	284.067	0.000614975	0.5076
-427.5	284.067	0.00103643	0.922
-423.0	284.067	0.00037052	0.3976
-418.5	284.067	0.000395322	0.3679
-414.0	284.067	0.000459438	0.3198
-409.5	284.067	0.000561839	0.3786
-405.0	284.067	0.000817195	0.7317
-400.5	284.067	0.000173674	0.4133
-396.0	284.067	0.000507377	0.6426
-391.5	284.067	0.000269413	0.4075
-387.0	284.067	0.000171566	0.3606
-382.5	284.067	0.000525762	0.3543
-378.0	284.067	0.000579607	0.301
-373.5	284.067	0.000551388	0.2677
-369.0	284.067	0.000587377	0.3313
-364.5	284.067	0.00216374	0.656
-360.0	284.067	0.000428058	0.2639
-355.5	284.067	0.000246696	0.3299
-351.0	284.067	0.000499295	0.2676
-346.5	284.067	0.00048332	0.2632
-342.0	284.067	0.000488073	0.2589
-337.5	284.067	0.000512425	0.2455
-333.0	284.067	0.000345971	0.3104
-328.5	284.067	0.000503018	0.2602
-324.0	284.067	0.00157438	0.5912
-319.5	284.067	0.00170885	0.3767
-315.0	284.067	0.00112889	0.4782
-310.5	284.067	0.000532615	0.2453
-306.0	284.067	0.00163253	0.5754
-301.5	284.067	0.000710827	0.2678
-297.0	284.067	0.00070454	0.2341
-292.5	284.067	0.000708888	0.2778
-288.0	284.067	0.000562724	0.2482
-283.5	284.067	0.00607654	0.5626
-279.0	284.067	0.00122342	0.4714
-274.5	284.067	0.00141498	0.6077
-270.0	284.067	0.00113109	0.1998
-265.5	284.067	0.000497732	0.2389
-261.0	284.067	0.00084725	0.2272
-256.5	284.067	0.000818503	0.1832
-252.0	284.067	0.00662948	0.4081
-247.5	284.067	0.00270885	0.4031
-243.0	284.067	0.00125137	0.5044
-238.5	284.067	0.000777537	0.1968
-234.0	284.067	0.0026103	0.6851
-229.5	284.067	0.00214729	0.3877
-225.0	284.067	0.000722112	0.2006
-220.5	284.067	0.000919918	0.1903
-216.0	284.067	0.00468043	0.4482
-211.5	284.067	0.00254197	0.309
-207.0	284.067	0.00632467	0.3981
-202.5	284.067	0.00235465	0.4701
-198.0	284.067	0.00250539	0.3404
-193.5	284.067	0.00141083	0.2301
-189.0	284.067	0.00180136	0.2832
-184.5	284.067	0.0024052	0.4878
-180.0	284.067	0.00650233	0.4467
-175.5	284.067	0.00526546	0.489
-171.0	284.067	0.00789842	0.3938
-166.5	284.067	0.00502515	0.5822
-162.0	284.067	0.0041107	0.4302
-157.5	284.067	0.00324471	0.4308
-153.0	284.067	0.0040046	0.4036
-148.5	284.067	0.0050611	0.4097
-144.0	284.067	0.00907349	0.4049
-139.5	284.067	0.00543027	0.446
-135.0	284.067	0.00566228	0.3226
-130.5	284.067	0.00654263	0.4395
-126.0	284.067	0.00692336	0.5076
-121.5	284.067	0.0104295	0.3947
-117.0	284.067	0.00374453	0.319
-112.5	284.067	0.00410302	0.4028
-108.0	284.067	0.00219033	0.2948
-103.5	284.067	0.00605496	0.3969
-99.0	284.067	0.0078212	0.4914
-94.5	284.067	0.00469715	0.4207
-90.0	284.067	0.00679802	0.3243
-85.5	284.067	0.006397	0.3664
-81.0	284.067	0.00504753	0.3255
-76.5	284.067	0.0114648	0.3824
-72.0	284.067	0.0122256	0.3659
-67.5	284.067	0.00602833	0.3187
-63.0	284.067	0.00915849	0.3328
-58.5	284.067	0.011797	0.3542
-54.0	284.067	0.00858564	0.3433
-49.5	284.067	0.0132716	0.3768
-45.0	284.067	0.00677339	0.3614
-40.5	284.067	0.00672551	0.3403
-36.0	284.067	0.0072362	0.3124
-31.5	284.067	0.0095101	0.3435
-27.0	284.067	0.00871569	0.346
-22.5	284.067	0.00940846	0.4413
-18.0	284.067	0.0086762	0.3697
-13.5	284.067	0.0083617	0.4114
-9.0	284.067	0.0130044	0.3168
-4.5	284.067	0.00579012	0.4278
0.0	284.067	0.0118522	0.2846
4.5	284.067	0.00526323	0.4065
9.0	284.067	0.00679545	0.3724
13.5	284.067	0.00581331	0.392
18.0	284.067	0.00553896	0.3908
22.5	284.067	0.00344177	0.2764
27.0	284.067	0.00662618	0.325
31.5	284.067	0.00820525	0.3482
36.0	284.067	0.00686173	0.297
40.5	284.067	0.00615715	0.3564
45.0	284.067	0.0108451	0.3508
49.5	284.067	0.00383227	0.3546
54.0	284.067	0.00412332	0.2913
58.5	284.067	0.00328455	0.2369
63.0	284.067	0.0094974	0.3986
67.5	284.067	0.00909259	0.4177
72.0	284.067	0.00928762	0.318
76.5	284.067	0.0119012	0.4259
81.0	284.067	0.00711526	0.3565
85.5	284.067	0.00593776	0.2901
90.0	284.067	0.00654744	0.4178
94.5	284.067	0.00866238	0.3452
99.0	284.067	0.00830164	0.4131
103.5	284.067	0.00965275	0.3292
108.0	284.067	0.00863058	0.3681
112.5	284.067	0.00829265	0.3465
117.0	284.067	0.00818749	0.3444
121.5	284.067	0.00718538	0.2834
126.0	284.067	0.00774374	0.3825
130.5	284.067	0.00284636	0.3412
135.0	284.067	0.00493948	0.3717
139.5	284.067	0.0114606	0.3942
144.0	284.067	0.00885825	0.4352
148.5	284.067	0.00323924	0.4145
153.0	284.067	0.00239317	0.1287
157.5	284.067	0.00304675	0.2522
162.0	284.067	0.00860515	0.3883
166.5	284.067	0.00609187	0.3977
171.0	284.067	0.00469844	0.4762
175.5	284.067	0.00736628	0.3547
180.0	284.067	0.0109598	0.3251
184.5	284.067	0.0110412	0.4315
189.0	284.067	0.0062604	0.4813
193.5	284.067	0.00625634	0.4468
198.0	284.067	0.00441562	0.3303
202.5	284.067	0.0117694	0.383
207.0	284.067	0.00834029	0.3552
211.5	284.067	0.0028789	0.3641
216.0	284.067	0.00631734	0.4108
220.5	284.067	0.00555131	0.6419
225.0	284.067	0.0018016	0.3387
229.5	284.067	0.00321386	0.5471
234.0	284.067	0.00860506	0.4452
238.5	284.067	0.00776866	0.4597
243.0	284.067	0.0096551	0.5119
247.5	284.067	0.010394	0.4214
252.0	284.067	0.00836296	0.5456
256.5	284.067	0.00371508	0.4393
261.0	284.067	0.00715419	0.5083
265.5	284.067	0.00450431	0.7342
270.0	284.067	0.00527937	0.4464
274.5	284.067	0.00266344	0.497
279.0	284.067	0.00298933	0.6559
283.5	284.067	0.00663121	0.4866
288.0	284.067	0.00776638	0.4082
292.5	284.067	0.00490127	0.6131
297.0	284.067	0.00450578	0.6234
301.5	284.067	0.00443774	0.5388
306.0	284.067	0.00842926	0.4636
310.5	284.067	0.00525873	0.392
315.0	284.067	0.00167112	0.5313
319.5	284.067	0.000806746	0.4158
324.0	284.067	0.00191702	0.4871
328.5	284.067	0.00261554	0.5546
333.0	284.067	0.000986961	0.4789
337.5	284.067	0.00291926	0.5327
342.0	284.067	0.00580917	0.5537
346.5	284.067	0.000865686	0.2463
351.0	284.067	0.00225221	0.6581
355.5	284.067	0.000835121	0.47
360.0	284.067	0.00145837	0.6193
364.5	284.067	0.000494639	0.2443
369.0	284.067	0.00202358	0.5085
373.5	284.067	0.0111589	0.432
378.0	284.067	0.00378025	0.5403
382.5	284.067	0.0012152	0.4673
387.0	284.067	0.00323596	0.8091
391.5	284.067	0.000665392	0.2762
396.0	284.067	0.00498117	0.8546
400.5	284.067	0.00169918	0.8675
405.0	284.067	0.00301006	0.9009
409.5	284.067	0.00116185	0.6419
414.0	284.067	0.000836141	0.4181
418.5	284.067	0.000436837	0.274
423.0	284.067	0.00352878	0.6253
427.5	284.067	0.00160955	0.4719
432.0	284.067	0.000542527	0.241
436.5	284.067	0.000743153	0.3559
441.0	284.067	0.00260823	0.7032
445.5	284.067	0.00229589	0.5838
-450.0	286.633	0.00030956	0.3345
-445.5	286.633	0.000513384	0.3028
-441.0	286.633	0.000244426	0.3618
-436.5	286.633	0.000367829	0.3303
-432.0	286.633	0.000227764	0.3972
-427.5	286.633	0.000380433	0.3452
-423.0	286.633	0.000357598	0.3127
-418.5	286.633	0.000369314	0.4823
-414.0	286.633	0.000756563	0.7791
-409.5	286.633	0.00020961	0.4188
-405.0	286.633	0.00020415	0.4541
-400.5	286.633	0.000249721	0.3439
-396.0	286.633	0.000279966	0.3898
-391.5	286.633	0.000280588	0.325
-387.0	286.633	0.000437872	0.3543
-382.5	286.633	0.00186942	0.7449
-378.0	286.633	0.000481994	0.2579
-373.5	286.633	0.000566393	0.3107
-369.0	286.633	0.000341308	0.313
-364.5	286.633	0.0039876	0.6405
-360.0	286.633	0.000372035	0.2598
-355.5	286.633	0.000353668	0.2779
-351.0	286.633	0.000419452	0.2809
-346.5	286.633	0.00046468	0.2657
-342.0	286.633	0.00048965	0.2674
-337.5	286.633	0.000695085	0.3296
-333.0	286.633	0.000561837	0.2834
-328.5	286.633	0.000705021	0.2447
-324.0	286.633	0.000617882	0.2305
-319.5	286.633	0.00211467	0.4773
-315.0	286.633	0.00126245	0.4907
-310.5	286.633	0.0009692	0.2264
-306.0	286.633	0.000733203	0.2259
-301.5	286.633	0.000681064	0.2241
-297.0	286.633	0.00237781	0.5433
-292.5	286.633	0.000604543	0.3235
-288.0	286.633	0.00259456	0.715
-283.5	286.633	0.00177405	0.5157
-279.0	286.633	0.000568368	0.2479
-274.5	286.633	0.00351824	0.6873
-270.0	286.633	0.00125235	0.3414
-265.5	286.633	0.000608665	0.2178
-261.0	286.633	0.00098054	0.2517
-256.5	286.633	0.00659412	0.7796
-252.0	286.633	0.00464285	0.4102
-247.5	286.633	0.00260062	0.4962
-243.0	286.633	0.000729327	0.2105
-238.5	286.633	0.000808567	0.194
-234.0	286.633	0.00114347	0.2093
-229.5	286.633	0.00381683	0.5937
-225.0	286.633	0.00479432	0.5261
-220.5	286.633	0.00115035	0.3151
-216.0	286.633	0.00181115	0.5054
-211.5	286.633	0.00118018	0.1829
-207.0	286.633	0.00500474	0.4464
-202.5	286.633	0.00191666	0.4232
-198.0	286.633	0.00213578	0.5986
-193.5	286.633	0.00153979	0.1578
-189.0	286.633	0.00292036	0.5526
-184.5	286.633	0.00454068	0.4721
-180.0	286.633	0.00404555	0.4514
-175.5	286.633	0.00432355	0.4656
-171.0	286.633	0.00785575	0.4584
-166.5	286.633	0.0040645	0.4102
-162.0	286.633	0.00440434	0.6294
-157.5	286.633	0.00593175	0.4838
-153.0	286.633	0.00699092	0.4254
-148.5	286.633	0.00570737	0.4183
-144.0	286.633	0.00670876	0.3902
-139.5	286.633	0.00544621	0.4383
-135.0	286.633	0.0109253	0.3377
-130.5	286.633	0.00374054	0.3532
-126.0	286.633	0.00955986	0.4158
-121.5	286.633	0.0071896	0.4
-117.0	286.633	0.00207376	0.1411
-112.5	286.633	0.00317289	0.3869
-108.0	286.633	0.0112301	0.4147
-103.5	286.633	0.00756606	0.342
-99.0	286.633	0.00530552	0.4498
-94.5	286.633	0.00182699	0.1339
-90.0	286.633	0.00717638	0.3935
-85.5	286.633	0.00356242	0.2273
-81.0	286.633	0.00224997	0.1393
-76.5	286.633	0.00637491	0.4452
-72.0	286.633	0.00713359	0.3403
-67.5	286.633	0.0123587	0.3248
-63.0	286.633	0.0108242	0.358
-58.5	286.633	0.0117752	0.3383
-54.0	286.633	0.00419303	0.2481
-49.5	286.633	0.0080462	0.422
-45.0	286.633	0.00623892	0.3413
-40.5	286.633	0.00647027	0.3163
-36.0	286.633	0.0118003	0.3326
-31.5	286.633	0.00837041	0.3534
-27.0	286.633	0.00876123	0.3136
-22.5	286.633	0.00929417	0.3862
-18.0	286.633	0.00857958	0.35
-13.5	286.633	0.00713764	0.3949
-9.0	286.633	0.0135463	0.2892
-4.5	286.633	0.00486011	0.2953
0.0	286.633	0.00912895	0.2983
4.5	286.633	0.00806327	0.3553
9.0	286.633	0.0100143	0.3304
13.5	286.633	0.00537166	0.3059
18.0	286.633	0.00675736	0.3218
22.5	286.633	0.00661446	0.4299
27.0	286.633	0.00931441	0.347
31.5	286.633	0.0136833	0.2892
36.0	286.633	0.0101821	0.2974
40.5	286.633	0.00431256	0.319
45.0	286.633	0.0120526	0.3251
49.5	286.633	0.00321617	0.1934
54.0	286.633	0.00661705	0.3309
58.5	286.633	0.00751874	0.3478
63.0	286.633	0.00884459	0.4294
67.5	286.633	0.0101209	0.417
72.0	286.633	0.00760971	0.3475
76.5	286.633	0.0123927	0.2987
81.0	286.633	0.00472032	0.3238
85.5	286.633	0.00973409	0.3471
90.0	286.633	0.00282002	0.2132
94.5	286.633	0.00676119	0.3568
99.0	286.633	0.00645453	0.3693
103.5	286.633	0.00628097	0.4475
108.0	286.633	0.00863384	0.422
112.5	286.633	0.00721005	0.4291
117.0	286.633	0.0121034	0.3244
121.5	286.633	0.00557624	0.4028
126.0	286.633	0.00794128	0.3891
130.5	286.633	0.00753143	0.4112
135.0	286.633	0.00436648	0.4452
139.5	286.633	0.00904538	0.3666
144.0	286.633	0.00769333	0.4683
148.5	286.633	0.00498223	0.4243
153.0	286.633	0.00442106	0.3714
157.5	286.633	0.00718935	0.4635
162.0	286.633	0.00989391	0.3645
166.5	286.633	0.00620087	0.377
171.0	286.633	0.00796191	0.5305
175.5	286.633	0.00362734	0.366
180.0	286.633	0.0124811	0.3488
184.5	286.633	0.00645724	0.3629
189.0	286.633	0.0070188	0.4581
193.5	286.633	0.0112029	0.4229
198.0	286.633	0.00579792	0.3661
202.5	286.633	0.0094597	0.3681
207.0	286.633	0.00887485	0.5384
211.5	286.633	0.00822674	0.592
216.0	286.633	0.00659131	0.4901
220.5	286.633	0.0076337	0.5599
225.0	286.633	0.00401564	0.4479
229.5	286.633	0.00245226	0.5102
234.0	286.633	0.00610664	0.4853
238.5	286.633	0.0116534	0.4763
243.0	286.633	0.00543951	0.478
247.5	286.633	0.0080801	0.5053
252.0	286.633	0.00788318	0.5686
256.5	286.633	0.00523047	0.5442
261.0	286.633	0.00662473	0.4709
265.5	286.633	0.00362705	0.4097
270.0	286.633	0.0154547	0.341
274.5	286.633	0.00467856	0.399
279.0	286.633	0.00995551	0.4225
283.5	286.633	0.00203925	0.4837
288.0	286.633	0.00788113	0.4587
292.5	286.633	0.0027798	0.5736
297.0	286.633	0.00542105	0.5595
301.5	286.633	0.00340532	0.555
306.0	286.633	0.00885333	0.4972
310.5	286.633	0.00444364	0.3985
315.0	286.633	0.00105463	0.217
319.5	286.633	0.00262142	0.5435
324.0	286.633	0.00257803	0.7048
328.5	286.633	0.000945139	0.3391
333.0	286.633	0.00075588	0.3333
337.5	286.633	0.00144199	0.4675
342.0	286.633	0.00287745	0.5035
346.5	286.633	0.00273252	0.6739
351.0	286.633	0.00185089	0.5212
355.5	286.633	0.00505483	0.5803
360.0	286.633	0.00380261	0.8884
364.5	286.633	0.000775838	0.3882
369.0	286.633	0.00280525	0.6328
373.5	286.633	0.00446622	0.5104
378.0	286.633	0.0036839	0.5838
382.5	286.633	0.00969644	0.5167
387.0	286.633	0.00155974	0.8393
391.5	286.633	0.00276492	0.9252
396.0	286.633	0.000623837	0.3192
400.5	286.633	0.00638349	0.7167
405.0	286.633	0.000455575	0.2943
409.5	286.633	0.000168221	0.4144
414.0	286.633	0.000350466	0.3142
418.5	286.633	0.00255717	0.7892
423.0	286.633	0.00184252	0.6623
427.5	286.633	0.00147612	0.5686
432.0	286.633	0.00235676	0.811
436.5	286.633	0.00248548	0.5544
441.0	286.633	0.000967543	0.5711
445.5	286.633	0.00261775	0.5504
-450.0	289.2	0.00232985	0.5849
-445.5	289.2	0.000468312	0.2623
-441.0	289.2	0.000290616	0.3269
-436.5	289.2	0.000241851	0.2863
-432.0	289.2	0.000204896	0.3418
-427.5	289.2	0.000257975	0.3455
-423.0	289.2	0.000433787	0.3454
-418.5	289.2	0.00115454	0.7149
-414.0	289.2	0.000476729	0.2659
-409.5	289.2	0.000205981	0.4143
-405.0	289.2	0.00031088	0.3335
-400.5	289.2	0.00049278	0.2651
-396.0	289.2	0.000365466	0.3065
-391.5	289.2	0.000291378	0.317
-387.0	289.2	0.000212981	0.3378
-382.5	289.2	0.00203557	0.6868
-378.0	289.2	0.000417578	0.2931
-373.5	289.2	0.000386377	0.3065
-369.0	289.2	0.000304563	0.3605
-364.5	289.2	0.000288674	0.3625
-360.0	289.2	0.00035235	0.2698
-355.5	289.2	0.000578972	0.2443
-351.0	289.2	0.000626556	0.2264
-346.5	289.2	0.000439416	0.2749
-342.0	289.2	0.000552108	0.3655
-337.5	289.2	0.000576157	0.313
-333.0	289.2	0.000392268	0.2915
-328.5	289.2	0.000581635	0.2441
-324.0	289.2	0.00129136	0.6194
-319.5	289.2	0.00110963	0.3025
-315.0	289.2	0.00153252	0.5545
-310.5	289.2	0.000495561	0.2855
-306.0	289.2	0.000812341	0.2408
-301.5	289.2	0.000747612	0.2317
-297.0	289.2	0.000660933	0.2831
-292.5	289.2	0.00362359	0.6393
-288.0	289.2	0.00357433	0.5499
-283.5	289.2	0.00217759	0.81
-279.0	289.2	0.000752301	0.2138
-274.5	289.2	0.00121984	0.367
-270.0	289.2	0.000777043	0.3418
-265.5	289.2	0.00199927	0.6616
-261.0	289.2	0.00572202	0.8629
-256.5	289.2	0.00528152	0.4611
-252.0	289.2	0.00145098	0.5538
-247.5	289.2	0.00305967	0.5761
-243.0	289.2	0.000825135	0.186
-238.5	289.2	0.000955298	0.1756
-234.0	289.2	0.00211604	0.3969
-229.5	289.2	0.00423242	0.4808
-225.0	289.2	0.00191879	0.3198
-220.5	289.2	0.00165201	0.4562
-216.0	289.2	0.00209682	0.4396
-211.5	289.2	0.00466402	0.4806
-207.0	289.2	0.00280113	0.3872
-202.5	289.2	0.00503883	0.4984
-198.0	289.2	0.00120028	0.1699
-193.5	289.2	0.00262008	0.3654
-189.0	289.2	0.00388116	0.4216
-184.5	289.2	0.0067869	0.4806
-180.0	289.2	0.00324646	0.6385
-175.5	289.2	0.00456075	0.4631
-171.0	289.2	0.00354686	0.3452
-166.5	289.2	0.00348101	0.3483
-162.0	289.2	0.00388178	0.6999
-157.5	289.2	0.0046668	0.4656
-153.0	289.2	0.00942329	0.3966
-148.5	289.2	0.0076946	0.4641
-144.0	289.2	0.00561233	0.3905
-139.5	289.2	0.00430951	0.4
-135.0	289.2	0.00230236	0.1945
-130.5	289.2	0.0048295	0.4512
-126.0	289.2	0.00833416	0.4359
-121.5	289.2	0.00871884	0.3336
-117.0	289.2	0.00612696	0.4266
-112.5	289.2	0.00815767	0.4384
-108.0	289.2	0.00592546	0.3207
-103.5	289.2	0.00729373	0.3558
-99.0	289.2	0.0033479	0.3841
-94.5	289.2	0.00664178	0.3602
-90.0	289.2	0.00541533	0.3472
-85.5	289.2	0.00638485	0.3076
-81.0	289.2	0.0055953	0.4226
-76.5	289.2	0.00556665	0.3591
-72.0	289.2	0.00539395	0.3371
-67.5	289.2	0.00843138	0.3425
-63.0	289.2	0.00651596	0.332
-58.5	289.2	0.0118803	0.2962
-54.0	289.2	0.00648341	0.3318
-49.5	289.2	0.00930975	0.4045
-45.0	289.2	0.00842252	0.369
-40.5	289.2	0.00839052	0.3507
-36.0	289.2	0.00770163	0.3195
-31.5	289.2	0.00869904	0.3235
-27.0	289.2	0.00809767	0.3943
-22.5	289.2	0.00838149	0.4066
-18.0	289.2	0.0102063	0.3486
-13.5	289.2	0.00627975	0.3008
-9.0	289.2	0.0102421	0.2724
-4.5	289.2	0.00630273	0.2775
0.0	289.2	0.00968285	0.2596
4.5	289.2	0.0125048	0.3965
9.0	289.2	0.012208	0.2965
13.5	289.2	0.00602995	0.3739
18.0	289.2	0.0077213	0.3786
22.5	289.2	0.00781108	0.3217
27.0	289.2	0.00698892	0.3365
31.5	289.2	0.012983	0.3309
36.0	289.2	0.0167273	0.297
40.5	289.2	0.00346497	0.1867
45.0	289.2	0.00502197	0.3227
49.5	289.2	0.00480976	0.424
54.0	289.2	0.0120918	0.4632
58.5	289.2	0.0059408	0.3187
63.0	289.2	0.0108335	0.3131
67.5	289.2	0.00730605	0.4277
72.0	289.2	0.00410626	0.474
76.5	289.2	0.00688837	0.3454
81.0	289.2	0.0117541	0.3353
85.5	289.2	0.00410494	0.2792
90.0	289.2	0.00627141	0.3787
94.5	289.2	0.00867197	0.3505
99.0	289.2	0.0110311	0.3856
103.5	289.2	0.00417451	0.3132
108.0	289.2	0.0102695	0.3355
112.5	289.2	0.00372828	0.3427
117.0	289.2	0.0118389	0.3242
121.5	289.2	0.00576233	0.3718
126.0	289.2	0.0075039	0.3821
130.5	289.2	0.00627218	0.3361
135.0	289.2	0.0064254	0.3818
139.5	289.2	0.00968919	0.3816
144.0	289.2	0.0126828	0.3159
148.5	289.2	0.00648686	0.4007
153.0	289.2	0.00591171	0.3527
157.5	289.2	0.00308255	0.2457
162.0	289.2	0.00547976	0.3176
166.5	289.2	0.0117703	0.3348
171.0	289.2	0.00977745	0.2941
175.5	289.2	0.00361725	0.375
180.0	289.2	0.0115618	0.3769
184.5	289.2	0.0076307	0.3632
189.0	289.2	0.00341295	0.4387
193.5	289.2	0.00452237	0.5516
198.0	289.2	0.00871115	0.3743
202.5	289.2	0.00433871	0.3363
207.0	289.2	0.0112185	0.4378
211.5	289.2	0.00456423	0.4291
216.0	289.2	0.00442813	0.3862
220.5	289.2	0.00716792	0.4573
225.0	289.2	0.0042385	0.5646
229.5	289.2	0.00431214	0.3946
234.0	289.2	0.00436916	0.5886
238.5	289.2	0.00498004	0.5847
243.0	289.2	0.00266685	0.3656
247.5	289.2	0.00430988	0.3556
252.0	289.2	0.0064885	0.3812
256.5	289.2	0.00479636	0.477
261.0	289.2	0.00247949	0.5183
265.5	289.2	0.00511773	0.4693
270.0	289.2	0.00369838	0.4491
274.5	289.2	0.0036847	0.5398
279.0	289.2	0.0045985	0.6978
283.5	289.2	0.00446048	0.5312
288.0	289.2	0.0056438	0.4785
292.5	289.2	0.00790161	0.4259
297.0	289.2	0.00412528	0.5622
301.5	289.2	0.00459484	0.5172
306.0	289.2	0.00390322	0.5517
310.5	289.2	0.000753422	0.209
315.0	289.2	0.00150813	0.335
319.5	289.2	0.00371411	0.5391
324.0	289.2	0.0024217	0.5504
328.5	289.2	0.000723803	0.215
333.0	289.2	0.00415832	0.5305
337.5	289.2	0.00558475	0.482
342.0	289.2	0.00350698	0.6568
346.5	289.2	0.00188321	0.4027
351.0	289.2	0.00261744	0.6155
355.5	289.2	0.00348862	0.7945
360.0	289.2	0.00208487	0.7671
364.5	289.2	0.00269752	0.6637
369.0	289.2	0.00200115	0.481
373.5	289.2	0.0010595	0.3306
378.0	289.2	0.00216928	0.5871
382.5	289.2	0.00543262	0.6281
387.0	289.2	0.000560487	0.2444
391.5	289.2	0.000795232	0.2547
396.0	289.2	0.00152534	0.7119
400.5	289.2	0.00163278	0.4323
405.0	289.2	0.00266722	0.7572
409.5	289.2	0.00415473	0.5874
414.0	289.2	0.00329113	0.533
418.5	289.2	0.000600833	0.2387
423.0	289.2	0.0023416	0.8422
427.5	289.2	0.00120341	0.62
432.0	289.2	0.000684617	0.515
436.5	289.2	0.00273797	0.7256
441.0	289.2	0.000737713	0.2361
445.5	289.2	0.00210451	0.6916
-450.0	291.767	0.00145872	0.6737
-445.5	291.767	0.000267622	0.3117
-441.0	291.767	0.00032619	0.3098
-436.5	291.767	0.00188037	0.824
-432.0	291.767	0.00109204	0.6783
-427.5	291.767	0.00284063	0.8735
-423.0	291.767	0.000830816	0.6327
-418.5	291.767	0.00385435	0.9063
-414.0	291.767	0.000704454	0.6135
-409.5	291.767	0.000215602	0.3463
-405.0	291.767	0.000810708	0.2804
-400.5	291.767	0.00177727	0.8506
-396.0	291.767	0.000243467	0.3748
-391.5	291.767	0.000269726	0.336
-387.0	291.767	0.00125416	0.7545
-382.5	291.767	0.00174134	0.7981
-378.0	291.767	0.000356931	0.3171
-373.5	291.767	0.000595289	0.2931
-369.0	291.767	0.00106652	0.6437
-364.5	291.767	0.000385755	0.3355
-360.0	291.767	0.000435321	0.2922
-355.5	291.767	0.000889532	0.2037
-351.0	291.767	0.000470537	0.2743
-346.5	291.767	0.000579699	0.244
-342.0	291.767	0.000413215	0.3009
-337.5	291.767	0.000411942	0.2888
-333.0	291.767	0.00271133	0.7164
-328.5	291.767	0.000741978	0.4422
-324.0	291.767	0.0021435	0.4303
-319.5	291.767	0.00262855	0.7744
-315.0	291.767	0.00225778	0.5617
-310.5	291.767	0.000691531	0.2286
-306.0	291.767	0.00070568	0.2252
-301.5	291.767	0.0011877	0.5578
-297.0	291.767	0.000617994	0.3019
-292.5	291.767	0.000856911	0.2155
-288.0	291.767	0.00457455	0.6201
-283.5	291.767	0.000747897	0.1947
-279.0	291.767	0.0016365	0.368
-274.5	291.767	0.00361823	0.5924
-270.0	291.767	0.00687768	0.526
-265.5	291.767	0.0047314	0.8088
-261.0	291.767	0.00450631	0.4762
-256.5	291.767	0.00682536	0.3956
-252.0	291.767	0.00173748	0.4604
-247.5	291.767	0.00322551	0.497
-243.0	291.767	0.00132939	0.1805
-238.5	291.767	0.00114357	0.172
-234.0	291.767	0.00285909	0.5691
-229.5	291.767	0.00142042	0.2618
-225.0	291.767	0.000860866	0.1819
-220.5	291.767	0.00166691	0.3211
-216.0	291.767	0.00385783	0.4706
-211.5	291.767	0.00407408	0.5164
-207.0	291.767	0.00133161	0.2349
-202.5	291.767	0.00123006	0.1675
-198.0	291.767	0.00148897	0.1599
-193.5	291.767	0.0062232	0.4023
-189.0	291.767	0.00894429	0.4677
-184.5	291.767	0.00453446	0.4824
-180.0	291.767	0.0048092	0.5524
-175.5	291.767	0.00295775	0.5053
-171.0	291.767	0.00254442	0.2775
-166.5	291.767	0.00327823	0.3887
-162.0	291.767	0.00573396	0.5377
-157.5	291.767	0.00513587	0.4513
-153.0	291.767	0.00530707	0.5526
-148.5	291.767	0.00639653	0.5003
-144.0	291.767	0.00513653	0.4052
-139.5	291.767	0.0052981	0.429
-135.0	291.767	0.0060118	0.4221
-130.5	291.767	0.00347437	0.405
-126.0	291.767	0.00874509	0.3393
-121.5	291.767	0.00953529	0.3565
-117.0	291.767	0.00764351	0.3674
-112.5	291.767	0.00922813	0.4534
-108.0	291.767	0.00932792	0.434
-103.5	291.767	0.00626891	0.4234
-99.0	291.767	0.00636917	0.4339
-94.5	291.767	0.00605564	0.3894
-90.0	291.767	0.00613479	0.3532
-85.5	291.767	0.00379685	0.2372
-81.0	291.767	0.00778445	0.3772
-76.5	291.767	0.00273939	0.1947
-72.0	291.767	0.00935174	0.3443
-67.5	291.767	0.0129223	0.3357
-63.0	291.767	0.00685124	0.3328
-58.5	291.767	0.00384566	0.3162
-54.0	291.767	0.00728931	0.3723
-49.5	291.767	0.00600353	0.339
-45.0	291.767	0.0110139	0.355
-40.5	291.767	0.0109174	0.3125
-36.0	291.767	0.00954962	0.3642
-31.5	291.767	0.0172378	0.3137
-27.0	291.767	0.00759151	0.4288
-22.5	291.767	0.00863759	0.3847
-18.0	291.767	0.0133861	0.3313
-13.5	291.767	0.0160366	0.3174
-9.0	291.767	0.00577951	0.3335
-4.5	291.767	0.0137633	0.3338
0.0	291.767	0.0164439	0.2759
4.5	291.767	0.0104502	0.4
9.0	291.767	0.0148568	0.4063
13.5	291.767	0.0038977	0.1757
18.0	291.767	0.00744064	0.3286
22.5	291.767	0.00919932	0.2786
27.0	291.767	0.00602333	0.3727
31.5	291.767	0.0121914	0.3387
36.0	291.767	0.00972012	0.3124
40.5	291.767	0.00977846	0.3488
45.0	291.767	0.00595597	0.4247
49.5	291.767	0.00803572	0.3955
54.0	291.767	0.00639582	0.3362
58.5	291.767	0.00527757	0.2907
63.0	291.767	0.01013	0.347
67.5	291.767	0.0149006	0.3157
72.0	291.767	0.00404725	0.2807
76.5	291.767	0.00656242	0.427
81.0	291.767	0.00517169	0.3936
85.5	291.767	0.00393326	0.1933
90.0	291.767	0.00741443	0.3215
94.5	291.767	0.00940314	0.3409
99.0	291.767	0.00538149	0.3529
103.5	291.767	0.0093257	0.2942
108.0	291.767	0.00755224	0.3338
112.5	291.767	0.0113866	0.3245
117.0	291.767	0.0112882	0.3734
121.5	291.767	0.00512503	0.4618
126.0	291.767	0.00587922	0.2865
130.5	291.767	0.00620273	0.4238
135.0	291.767	0.00922606	0.4034
139.5	291.767	0.00813896	0.3036
144.0	291.767	0.0115412	0.3727
148.5	291.767	0.00519346	0.4303
153.0	291.767	0.0101459	0.4415
157.5	291.767	0.00729618	0.4537
162.0	291.767	0.00851726	0.381
166.5	291.767	0.00657422	0.4458
171.0	291.767	0.0132866	0.3245
175.5	291.767	0.00777649	0.4457
180.0	291.767	0.0136818	0.3784
184.5	291.767	0.00890353	0.3614
189.0	291.767	0.00345114	0.5292
193.5	291.767	0.0073934	0.4988
198.0	291.767	0.0128202	0.4081
202.5	291.767	0.00959628	0.3506
207.0	291.767	0.0109301	0.4009
211.5	291.767	0.00732544	0.4029
216.0	291.767	0.00298568	0.4439
220.5	291.767	0.0052437	0.5837
225.0	291.767	0.00546652	0.3273
229.5	291.767	0.0041704	0.3081
234.0	291.767	0.00624726	0.5645
238.5	291.767	0.00608008	0.5361
243.0	291.767	0.0108501	0.492
247.5	291.767	0.00383553	0.5967
252.0	291.767	0.00707476	0.4619
256.5	291.767	0.00576726	0.434
261.0	291.767	0.0107965	0.3869
265.5	291.767	0.00533164	0.4003
270.0	291.767	0.00610163	0.4844
274.5	291.767	0.00269289	0.4945
279.0	291.767	0.00821659	0.4001
283.5	291.767	0.00644819	0.4406
288.0	291.767	0.00489914	0.491
292.5	291.767	0.00426406	0.4145
297.0	291.767	0.00539016	0.6132
301.5	291.767	0.0060412	0.5591
306.0	291.767	0.00261935	0.5564
310.5	291.767	0.00239023	0.4081
315.0	291.767	0.000724985	0.2111
319.5	291.767	0.0029248	0.644
324.0	291.767	0.00380097	0.537
328.5	291.767	0.00198812	0.5323
333.0	291.767	0.00414031	0.6283
337.5	291.767	0.00267271	0.569
342.0	291.767	0.0019068	0.4958
346.5	291.767	0.00224775	0.5196
351.0	291.767	0.0032895	0.5826
355.5	291.767	0.00543037	0.5855
360.0	291.767	0.00140705	0.5296
364.5	291.767	0.00624614	0.6678
369.0	291.767	0.00176272	0.4914
373.5	291.767	0.00287341	0.7117
378.0	291.767	0.00391475	0.5936
382.5	291.767	0.00390343	0.5103
387.0	291.767	0.00090665	0.4272
391.5	291.767	0.000577569	0.2294
396.0	291.767	0.000420266	0.2943
400.5	291.767	0.00249601	0.8468
405.0	291.767	0.00405832	0.6396
409.5	291.767	0.00092354	0.2791
414.0	291.767	0.00296873	0.5002
418.5	291.767	0.000547126	0.2863
423.0	291.767	0.000973639	0.5361
427.5	291.767	0.00382455	0.805
432.0	291.767	0.00156708	0.5012
436.5	291.767	0.00031683	0.2855
441.0	291.767	0.000643821	0.246
445.5	291.767	0.00201496	0.6824
-450.0	294.333	0.00143238	0.5514
-445.5	294.333	0.000430896	0.2757
-441.0	294.333	0.000171413	0.382
-436.5	294.333	0.000209354	0.4276
-432.0	294.333	0.000325618	0.3088
-427.5	294.333	0.000510509	0.3327
-423.0	294.333	0.0005823	0.3033
-418.5	294.333	0.00135487	0.6541
-414.0	294.333	0.000295829	0.3222
-409.5	294.333	0.000169944	0.3645
-405.0	294.333	0.00169339	0.7993
-400.5	294.333	0.00154507	0.7387
-396.0	294.333	0.00255289	0.6974
-391.5	294.333	0.0034659	0.6509
-387.0	294.333	0.000275241	0.3354
-382.5	294.333	0.00120708	0.3881
-378.0	294.333	0.00133987	0.6488
-373.5	294.333	0.000267644	0.3109
-369.0	294.333	0.000507797	0.3174
-364.5	294.333	0.00159778	0.715
-360.0	294.333	0.00239437	0.5872
-355.5	294.333	0.003958	0.5892
-351.0	294.333	0.000715802	0.405
-346.5	294.333	0.000571588	0.247
-342.0	294.333	0.000646091	0.2569
-337.5	294.333	0.000619673	0.2413
-333.0	294.333	0.00193361	0.6309
-328.5	294.333	0.00541594	0.6352
-324.0	294.333	0.00217996	0.6869
-319.5	294.333	0.00105655	0.2842
-315.0	294.333	0.00124176	0.3199
-310.5	294.333	0.00281269	0.7234
-306.0	294.333	0.000962722	0.2105
-301.5	294.333	0.00181799	0.6132
-297.0	294.333	0.00079861	0.2319
-292.5	294.333	0.00231616	0.5883
-288.0	294.333	0.00123226	0.4598
-283.5	294.333	0.000876181	0.2008
-279.0	294.333	0.00157471	0.4062
-274.5	294.333	0.00598706	0.6538
-270.0	294.333	0.00614657	0.532
-265.5	294.333	0.00165558	0.2824
-261.0	294.333	0.00768038	0.4641
-256.5	294.333	0.00159552	0.3492
-252.0	294.333	0.0031293	0.7482
-247.5	294.333	0.00423932	0.7508
-243.0	294.333	0.00118124	0.1804
-238.5	294.333	0.00114273	0.1758
-234.0	294.333	0.00266274	0.6683
-229.5	294.333	0.00248321	0.7228
-225.0	294.333	0.0023939	0.5756
-220.5	294.333	0.00327067	0.6514
-216.0	294.333	0.00118282	0.1743
-211.5	294.333	0.0071344	0.4261
-207.0	294.333	0.00280141	0.5188
-202.5	294.333	0.00284304	0.538
-198.0	294.333	0.00479237	0.4588
-193.5	294.333	0.00243056	0.2578
-189.0	294.333	0.00874308	0.4477
-184.5	294.333	0.0032498	0.3641
-180.0	294.333	0.00145141	0.2004
-175.5	294.333	0.00528148	0.4324
-171.0	294.333	0.00350945	0.3232
-166.5	294.333	0.00394037	0.6731
-162.0	294.333	0.00578292	0.5599
-157.5	294.333	0.0067825	0.4825
-153.0	294.333	0.00238707	0.4368
-148.5	294.333	0.0086132	0.4389
-144.0	294.333	0.00619125	0.3895
-139.5	294.333	0.011639	0.3593
-135.0	294.333	0.00228016	0.2258
-130.5	294.333	0.00601883	0.4142
-126.0	294.333	0.00921362	0.3467
-121.5	294.333	0.00676199	0.3769
-117.0	294.333	0.005697	0.4701
-112.5	294.333	0.0103489	0.3582
-108.0	294.333	0.0111916	0.369
-103.5	294.333	0.00476894	0.2331
-99.0	294.333	0.00297813	0.3084
-94.5	294.333	0.0043131	0.3874
-90.0	294.333	0.0134038	0.3876
-85.5	294.333	0.00393962	0.3492
-81.0	294.333	0.00576055	0.4265
-76.5	294.333	0.00349484	0.2771
-72.0	294.333	0.00308682	0.2402
-67.5	294.333	0.0115197	0.3005
-63.0	294.333	0.00822859	0.3394
-58.5	294.333	0.00350202	0.2739
-54.0	294.333	0.00712107	0.3275
-49.5	294.333	0.00841393	0.3234
-45.0	294.333	0.0126676	0.3592
-40.5	294.333	0.0134656	0.3234
-36.0	294.333	0.0118599	0.3216
-31.5	294.333	0.0115308	0.3798
-27.0	294.333	0.00795207	0.306
-22.5	294.333	0.0149019	0.313
-18.0	294.333	0.0134999	0.3204
-13.5	294.333	0.0129226	0.265
-9.0	294.333	0.00612971	0.2977
-4.5	294.333	0.0129417	0.3302
0.0	294.333	0.0144492	0.2603
4.5	294.333	0.00973875	0.3334
9.0	294.333	0.00815235	0.2935
13.5	294.333	0.0162636	0.3106
18.0	294.333	0.0111934	0.3228
22.5	294.333	0.00875837	0.3785
27.0	294.333	0.00621972	0.3248
31.5	294.333	0.00572402	0.3327
36.0	294.333	0.00680914	0.3739
40.5	294.333	0.00762314	0.3583
45.0	294.333	0.00508471	0.3744
49.5	294.333	0.00473793	0.3969
54.0	294.333	0.00686034	0.3041
58.5	294.333	0.00778569	0.332
63.0	294.333	0.012247	0.3676
67.5	294.333	0.0138152	0.3228
72.0	294.333	0.00900732	0.3737
76.5	294.333	0.00582288	0.3134
81.0	294.333	0.00687429	0.3372
85.5	294.333	0.00264401	0.1147
90.0	294.333	0.00387458	0.2372
94.5	294.333	0.00605216	0.3189
99.0	294.333	0.00735742	0.3863
103.5	294.333	0.00753294	0.3385
108.0	294.333	0.00884298	0.3316
112.5	294.333	0.0136943	0.3499
117.0	294.333	0.00318086	0.1579
121.5	294.333	0.00527706	0.33
126.0	294.333	0.0087221	0.3755
130.5	294.333	0.0122623	0.4275
135.0	294.333	0.0113093	0.3119
139.5	294.333	0.0112843	0.276
144.0	294.333	0.0106276	0.3589
148.5	294.333	0.00314539	0.3436
153.0	294.333	0.0102558	0.4122
157.5	294.333	0.00485065	0.3863
162.0	294.333	0.00741273	0.3541
166.5	294.333	0.00384576	0.5453
171.0	294.333	0.00707378	0.4085
175.5	294.333	0.00591189	0.3233
180.0	294.333	0.019612	0.2885
184.5	294.333	0.0110815	0.3713
189.0	294.333	0.00470848	0.3526
193.5	294.333	0.00752053	0.37
198.0	294.333	0.0106976	0.3482
202.5	294.333	0.00791147	0.3822
207.0	294.333	0.00991019	0.4714
211.5	294.333	0.00642791	0.4074
216.0	294.333	0.00229952	0.4818
220.5	294.333	0.0047182	0.5958
225.0	294.333	0.00532436	0.4999
229.5	294.333	0.00705727	0.4036
234.0	294.333	0.00542682	0.4345
238.5	294.333	0.00430046	0.5217
243.0	294.333	0.00699881	0.4666
247.5	294.333	0.00688301	0.5713
252.0	294.333	0.00699092	0.4985
256.5	294.333	0.00480899	0.4297
261.0	294.333	0.00382641	0.4312
265.5	294.333	0.0042959	0.3953
270.0	294.333	0.00423708	0.4732
274.5	294.333	0.00328382	0.4251
279.0	294.333	0.0038785	0.3624
283.5	294.333	0.00337819	0.6606
288.0	294.333	0.00164734	0.3496
292.5	294.333	0.00502132	0.7073
297.0	294.333	0.00405525	0.5326
301.5	294.333	0.00397571	0.3759
306.0	294.333	0.00867873	0.3931
310.5	294.333	0.00953833	0.4666
315.0	294.333	0.00250169	0.6524
319.5	294.333	0.00116228	0.2049
324.0	294.333	0.00504185	0.5942
328.5	294.333	0.00549914	0.6147
333.0	294.333	0.00503379	0.5286
337.5	294.333	0.0010491	0.434
342.0	294.333	0.00160752	0.4041
346.5	294.333	0.00447115	0.5243
351.0	294.333	0.0017328	0.5628
355.5	294.333	0.004742	0.6309
360.0	294.333	0.000837017	0.454
364.5	294.333	0.00200366	0.5691
369.0	294.333	0.00953018	0.5209
373.5	294.333	0.000803975	0.2822
378.0	294.333	0.00130104	0.3233
382.5	294.333	0.00214614	0.7198
387.0	294.333	0.00199911	0.5692
391.5	294.333	0.00107558	0.3817
396.0	294.333	0.000389999	0.3136
400.5	294.333	0.00210645	0.7973
405.0	294.333	0.00172949	0.7618
409.5	294.333	0.000621927	0.2426
414.0	294.333	0.000422396	0.2901
418.5	294.333	0.000366565	0.2845
423.0	294.333	0.00157929	0.557
427.5	294.333	0.0013024	0.4449
432.0	294.333	0.00577546	0.5664
436.5	294.333	0.00112892	0.6255
441.0	294.333	0.00195744	0.8445
445.5	294.333	0.000337252	0.2647
-450.0	296.9	0.00972291	0.4822
-445.5	296.9	0.00303076	0.6316
-441.0	296.9	0.000487946	0.2852
-436.5	296.9	0.000274349	0.3647
-432.0	296.9	0.00048469	0.286
-427.5	296.9	0.000327023	0.3223
-423.0	296.9	0.000496793	0.2638
-418.5	296.9	0.0005251	0.2756
-414.0	296.9	0.000252464	0.3515
-409.5	296.9	0.000152566	0.5001
-405.0	296.9	0.000335491	0.3128
-400.5	296.9	0.000401036	0.2966
-396.0	296.9	0.000428569	0.2531
-391.5	296.9	0.000557364	0.2545
-387.0	296.9	0.000347903	0.3249
-382.5	296.9	0.000418453	0.3033
-378.0	296.9	0.00215519	0.6143
-373.5	296.9	0.00457728	0.6843
-369.0	296.9	0.00313622	0.8483
-364.5	296.9	0.000440195	0.2698
-360.0	296.9	0.000518529	0.2616
-355.5	296.9	0.00038917	0.2612
-351.0	296.9	0.000420347	0.2578
-346.5	296.9	0.000397961	0.2965
-342.0	296.9	0.00149295	0.6933
-337.5	296.9	0.00046373	0.243
-333.0	296.9	0.00256498	0.495
-328.5	296.9	0.00235426	0.6483
-324.0	296.9	0.00295533	0.6713
-319.5	296.9	0.00451879	0.8273
-315.0	296.9	0.00173394	0.6442
-310.5	296.9	0.000665349	0.2194
-306.0	296.9	0.000563848	0.2451
-301.5	296.9	0.00103103	0.3159
-297.0	296.9	0.000619395	0.2174
-292.5	296.9	0.000983907	0.3027
-288.0	296.9	0.00240642	0.6357
-283.5	296.9	0.00232045	0.4417
-279.0	296.9	0.0059688	0.7874
-274.5	296.9	0.00261674	0.6146
-270.0	296.9	0.00186567	0.4462
-265.5	296.9	0.00336397	0.7098
-261.0	296.9	0.00414416	0.4624
-256.5	296.9	0.00271167	0.5308
-252.0	296.9	0.00284365	0.5395
-247.5	296.9	0.00177098	0.3071
-243.0	296.9	0.00367585	0.551
-238.5	296.9	0.000998762	0.1672
-234.0	296.9	0.00184175	0.51
-229.5	296.9	0.000993714	0.1857
-225.0	296.9	0.000982127	0.1907
-220.5	296.9	0.00125361	0.1573
-216.0	296.9	0.00653644	0.4733
-211.5	296.9	0.00679211	0.4376
-207.0	296.9	0.00403998	0.4875
-202.5	296.9	0.00242527	0.3595
-198.0	296.9	0.00257888	0.5262
-193.5	296.9	0.00307877	0.552
-189.0	296.9	0.00395754	0.4363
-184.5	296.9	0.00505465	0.4736
-180.0	296.9	0.00153778	0.146
-175.5	296.9	0.00264455	0.3211
-171.0	296.9	0.00696581	0.4405
-166.5	296.9	0.0018007	0.1557
-162.0	296.9	0.0109315	0.3722
-157.5	296.9	0.00790656	0.4497
-153.0	296.9	0.00194165	0.195
-148.5	296.9	0.00693827	0.4726
-144.0	296.9	0.00710444	0.3571
-139.5	296.9	0.00776825	0.3834
-135.0	296.9	0.00600591	0.3994
-130.5	296.9	0.00707024	0.4115
-126.0	296.9	0.00677253	0.4729
-121.5	296.9	0.00901084	0.4525
-117.0	296.9	0.00718575	0.5209
-112.5	296.9	0.00770054	0.3636
-108.0	296.9	0.0146937	0.3553
-103.5	296.9	0.0100987	0.3621
-99.0	296.9	0.00580087	0.4276
-94.5	296.9	0.00389347	0.3283
-90.0	296.9	0.00889268	0.3707
-85.5	296.9	0.00604758	0.323
-81.0	296.9	0.00690739	0.4076
-76.5	296.9	0.0105486	0.4315
-72.0	296.9	0.00783235	0.3351
-67.5	296.9	0.0133127	0.2776
-63.0	296.9	0.00722901	0.3464
-58.5	296.9	0.00927812	0.3353
-54.0	296.9	0.00909739	0.3001
-49.5	296.9	0.00815769	0.299
-45.0	296.9	0.00588426	0.4841
-40.5	296.9	0.010303	0.3695
-36.0	296.9	0.00904386	0.3574
-31.5	296.9	0.0102551	0.2572
-27.0	296.9	0.00922439	0.4271
-22.5	296.9	0.00935441	0.3914
-18.0	296.9	0.0211309	0.2746
-13.5	296.9	0.0119072	0.3275
-9.0	296.9	0.00871486	0.2903
-4.5	296.9	0.0100695	0.2588
0.0	296.9	0.00891669	0.2988
4.5	296.9	0.00498449	0.238
9.0	296.9	0.0106688	0.3704
13.5	296.9	0.0101693	0.4355
18.0	296.9	0.00762188	0.3734
22.5	296.9	0.0125312	0.3308
27.0	296.9	0.00763816	0.4237
31.5	296.9	0.00682187	0.3732
36.0	296.9	0.00634784	0.3079
40.5	296.9	0.00286038	0.1223
45.0	296.9	0.00593522	0.364
49.5	296.9	0.0069117	0.3873
54.0	296.9	0.0118117	0.3172
58.5	296.9	0.00976486	0.355
63.0	296.9	0.0133116	0.2872
67.5	296.9	0.00441574	0.2322
72.0	296.9	0.0119252	0.393
76.5	296.9	0.00945483	0.3642
81.0	296.9	0.00744856	0.3404
85.5	296.9	0.0100155	0.4238
90.0	296.9	0.00539091	0.261
94.5	296.9	0.0138941	0.3087
99.0	296.9	0.0080381	0.3672
103.5	296.9	0.00901737	0.3466
108.0	296.9	0.00701645	0.465
112.5	296.9	0.00965761	0.4078
117.0	296.9	0.0069126	0.4331
121.5	296.9	0.00571749	0.3309
126.0	296.9	0.00256909	0.143
130.5	296.9	0.0100262	0.4083
135.0	296.9	0.0128168	0.421
139.5	296.9	0.00796686	0.3275
144.0	296.9	0.00923482	0.3243
148.5	296.9	0.00382562	0.3205
153.0	296.9	0.0108692	0.4046
157.5	296.9	0.00971483	0.3456
162.0	296.9	0.0136253	0.3438
166.5	296.9	0.0034583	0.3595
171.0	296.9	0.00675265	0.4248
175.5	296.9	0.0118278	0.4059
180.0	296.9	0.0114791	0.3116
184.5	296.9	0.0157197	0.4121
189.0	296.9	0.00642509	0.45
193.5	296.9	0.00772656	0.4577
198.0	296.9	0.0082069	0.4212
202.5	296.9	0.00729708	0.5526
207.0	296.9	0.00627809	0.6129
211.5	296.9	0.00559577	0.4163
216.0	296.9	0.00534404	0.4449
220.5	296.9	0.00473092	0.6175
225.0	296.9	0.00700722	0.5552
229.5	296.9	0.00914517	0.4877
234.0	296.9	0.00535091	0.541
238.5	296.9	0.00479646	0.3045
243.0	296.9	0.010545	0.5168
247.5	296.9	0.00617276	0.4492
252.0	296.9	0.00962295	0.6038
256.5	296.9	0.00834931	0.4271
261.0	296.9	0.00201972	0.4171
265.5	296.9	0.00589578	0.5541
270.0	296.9	0.00547247	0.5551
274.5	296.9	0.00452099	0.4295
279.0	296.9	0.00329234	0.5373
283.5	296.9	0.00402541	0.5597
288.0	296.9	0.00689459	0.4986
292.5	296.9	0.00150318	0.2077
297.0	296.9	0.00287214	0.5796
301.5	296.9	0.00327783	0.441
306.0	296.9	0.00245933	0.3958
310.5	296.9	0.00415356	0.5435
315.0	296.9	0.00185234	0.3636
319.5	296.9	0.00323687	0.5893
324.0	296.9	0.00408075	0.4837
328.5	296.9	0.00585835	0.614
333.0	296.9	0.00336533	0.4647
337.5	296.9	0.00550741	0.485
342.0	296.9	0.00166436	0.5527
346.5	296.9	0.0050297	0.531
351.0	296.9	0.00390336	0.5037
355.5	296.9	0.00506774	0.6147
360.0	296.9	0.00257968	0.469
364.5	296.9	0.00196918	0.7641
369.0	296.9	0.00918181	0.5384
373.5	296.9	0.00315357	0.4968
378.0	296.9	0.00315282	0.4337
382.5	296.9	0.00298574	0.5847
387.0	296.9	0.000478148	0.2405
391.5	296.9	0.0032318	0.5455
396.0	296.9	0.00212087	0.4743
400.5	296.9	0.000581327	0.2958
405.0	296.9	0.000185886	0.3615
409.5	296.9	0.000459454	0.279
414.0	296.9	0.000475015	0.2877
418.5	296.9	0.000591422	0.2236
423.0	296.9	0.000421367	0.2474
427.5	296.9	0.00065473	0.2722
432.0	296.9	0.00229801	0.8296
436.5	296.9	0.00193569	0.5747
441.0	296.9	0.00116832	0.7106
445.5	296.9	0.000564045	0.2628
-450.0	299.467	0.000247231	0.3738
-445.5	299.467	0.000304377	0.3205
-441.0	299.467	0.000306159	0.2993
-436.5	299.467	0.000602078	0.4792
-432.0	299.467	0.000424017	0.3043
-427.5	299.467	0.00143304	0.8437
-423.0	299.467	0.000301643	0.3017
-418.5	299.467	0.000222082	0.4014
-414.0	299.467	0.000397213	0.3286
-409.5	299.467	0.00060585	0.2631
-405.0	299.467	0.000841322	0.6072
-400.5	299.467	0.000504968	0.2484
-396.0	299.467	0.000660581	0.3999
-391.5	299.467	0.000917815	0.5452
-387.0	299.467	0.000429618	0.2704
-382.5	299.467	0.00476607	0.6891
-378.0	299.467	0.00244283	0.7944
-373.5	299.467	0.00136485	0.3928
-369.0	299.467	0.000551603	0.2692
-364.5	299.467	0.000585227	0.2276
-360.0	299.467	0.00577311	0.6517
-355.5	299.467	0.000361781	0.2917
-351.0	299.467	0.000442658	0.2617
-346.5	299.467	0.000916736	0.2132
-342.0	299.467	0.000475973	0.2695
-337.5	299.467	0.00144632	0.5239
-333.0	299.467	0.00118594	0.3878
-328.5	299.467	0.000886845	0.2132
-324.0	299.467	0.00276292	0.6356
-319.5	299.467	0.00244344	0.8158
-315.0	299.467	0.00239622	0.5504
-310.5	299.467	0.00203936	0.6931
-306.0	299.467	0.000529587	0.2435
-301.5	299.467	0.00271787	0.7099
-297.0	299.467	0.00145845	0.3412
-292.5	299.467	0.00102742	0.1852
-288.0	299.467	0.00695752	0.5413
-283.5	299.467	0.00333646	0.4876
-279.0	299.467	0.00259429	0.4335
-274.5	299.467	0.00367832	0.5453
-270.0	299.467	0.0040821	0.5526
-265.5	299.467	0.00479035	0.4555
-261.0	299.467	0.00412464	0.4638
-256.5	299.467	0.000933635	0.1948
-252.0	299.467	0.00248863	0.3527
-247.5	299.467	0.00703599	0.5381
-243.0	299.467	0.00126404	0.1588
-238.5	299.467	0.00188264	0.4366
-234.0	299.467	0.00640692	0.6187
-229.5	299.467	0.00101224	0.1818
-225.0	299.467	0.000854963	0.2003
-220.5	299.467	0.0010303	0.2006
-216.0	299.467	0.003987	0.4708
-211.5	299.467	0.00222402	0.4566
-207.0	299.467	0.00159499	0.2033
-202.5	299.467	0.0043487	0.4355
-198.0	299.467	0.00124261	0.1619
-193.5	299.467	0.00343478	0.3922
-189.0	299.467	0.00161906	0.2528
-184.5	299.467	0.00188323	0.1402
-180.0	299.467	0.00236448	0.1947
-175.5	299.467	0.00490278	0.4256
-171.0	299.467	0.00610616	0.4138
-166.5	299.467	0.00792343	0.5026
-162.0	299.467	0.00673081	0.4345
-157.5	299.467	0.00655238	0.3903
-153.0	299.467	0.00553137	0.455
-148.5	299.467	0.00598249	0.4132
-144.0	299.467	0.00919467	0.3515
-139.5	299.467	0.00558011	0.3915
-135.0	299.467	0.00806298	0.3532
-130.5	299.467	0.00203553	0.2013
-126.0	299.467	0.00280022	0.2754
-121.5	299.467	0.01017	0.4042
-117.0	299.467	0.0145866	0.3997
-112.5	299.467	0.0105626	0.3621
-108.0	299.467	0.0129986	0.3365
-103.5	299.467	0.0108123	0.348
-99.0	299.467	0.00818772	0.2737
-94.5	299.467	0.00185058	0.1447
-90.0	299.467	0.0103032	0.2957
-85.5	299.467	0.00775861	0.3055
-81.0	299.467	0.00614273	0.432
-76.5	299.467	0.0113545	0.3883
-72.0	299.467	0.00427302	0.269
-67.5	299.467	0.00980475	0.3497
-63.0	299.467	0.00866471	0.3671
-58.5	299.467	0.0114823	0.2981
-54.0	299.467	0.00540623	0.2751
-49.5	299.467	0.00594835	0.2633
-45.0	299.467	0.00986238	0.3585
-40.5	299.467	0.0100755	0.3545
-36.0	299.467	0.0162236	0.3003
-31.5	299.467	0.00909481	0.3986
-27.0	299.467	0.00820532	0.3826
-22.5	299.467	0.0109616	0.3551
-18.0	299.467	0.0120387	0.334
-13.5	299.467	0.00597542	0.2154
-9.0	299.467	0.0082645	0.2699
-4.5	299.467	0.0184768	0.2987
0.0	299.467	0.00862646	0.3309
4.5	299.467	0.00491008	0.2464
9.0	299.467	0.0132421	0.3211
13.5	299.467	0.00958045	0.3051
18.0	299.467	0.00515146	0.3473
22.5	299.467	0.00770953	0.3233
27.0	299.467	0.0117556	0.3363
31.5	299.467	0.00672538	0.3717
36.0	299.467	0.00655604	0.3818
40.5	299.467	0.00593256	0.3063
45.0	299.467	0.00882983	0.3521
49.5	299.467	0.00709714	0.371
54.0	299.467	0.00398646	0.1542
58.5	299.467	0.00748781	0.3436
63.0	299.467	0.0064243	0.405
67.5	299.467	0.00959266	0.3184
72.0	299.467	0.0112676	0.3913
76.5	299.467	0.011936	0.3756
81.0	299.467	0.00858328	0.4277
85.5	299.467	0.00494886	0.3914
90.0	299.467	0.00726978	0.3118
94.5	299.467	0.017972	0.3502
99.0	299.467	0.00869102	0.3441
103.5	299.467	0.00794039	0.4297
108.0	299.467	0.00596784	0.5114
112.5	299.467	0.00823926	0.3328
117.0	299.467	0.00622906	0.2955
121.5	299.467	0.00834527	0.374
126.0	299.467	0.00942257	0.3119
130.5	299.467	0.00646499	0.4581
135.0	299.467	0.00991507	0.2737
139.5	299.467	0.0127698	0.3971
144.0	299.467	0.0129268	0.3192
148.5	299.467	0.00462098	0.3472
153.0	299.467	0.00625851	0.3161
157.5	299.467	0.00903141	0.3772
162.0	299.467	0.0063116	0.3408
166.5	299.467	0.00670966	0.3576
171.0	299.467	0.00564138	0.3878
175.5	299.467	0.00726862	0.413
180.0	299.467	0.0100184	0.2954
184.5	299.467	0.007368	0.3027
189.0	299.467	0.0104141	0.407
193.5	299.467	0.00458092	0.4498
198.0	299.467	0.00554395	0.4571
202.5	299.467	0.00985414	0.594
207.0	299.467	0.00923464	0.482
211.5	299.467	0.00728949	0.5242
216.0	299.467	0.00611912	0.7018
220.5	299.467	0.00190496	0.2489
225.0	299.467	0.00856965	0.4267
229.5	299.467	0.00363601	0.4771
234.0	299.467	0.00886819	0.6634
238.5	299.467	0.00516534	0.5948
243.0	299.467	0.00780127	0.5108
247.5	299.467	0.00864623	0.5046
252.0	299.467	0.00799834	0.4141
256.5	299.467	0.00416841	0.3905
261.0	299.467	0.00527957	0.6232
265.5	299.467	0.00194633	0.2188
270.0	299.467	0.00424236	0.4332
274.5	299.467	0.00310277	0.4749
279.0	299.467	0.005564	0.3581
283.5	299.467	0.00916014	0.4696
288.0	299.467	0.00512586	0.416
292.5	299.467	0.0021821	0.3858
297.0	299.467	0.00434765	0.4646
301.5	299.467	0.00372529	0.3587
306.0	299.467	0.00247723	0.4227
310.5	299.467	0.00275626	0.6469
315.0	299.467	0.00372333	0.6905
319.5	299.467	0.00091375	0.2108
324.0	299.467	0.00349431	0.5654
328.5	299.467	0.00221526	0.4382
333.0	299.467	0.011523	0.417
337.5	299.467	0.00206693	0.344
342.0	299.467	0.00274686	0.549
346.5	299.467	0.00337918	0.844
351.0	299.467	0.00401194	0.5792
355.5	299.467	0.000879853	0.2967
360.0	299.467	0.00221257	0.5187
364.5	299.467	0.000832634	0.3747
369.0	299.467	0.00475521	0.5875
373.5	299.467	0.00110062	0.4288
378.0	299.467	0.00124978	0.4791
382.5	299.467	0.00570437	0.5388
387.0	299.467	0.0034534	0.5054
391.5	299.467	0.000493996	0.2308
396.0	299.467	0.00660373	0.6112
400.5	299.467	0.00137008	0.7011
405.0	299.467	0.000641126	0.2356
409.5	299.467	0.00035707	0.3018
414.0	299.467	0.000453687	0.2896
418.5	299.467	0.000416042	0.3603
423.0	299.467	0.000929009	0.2258
427.5	299.467	0.00344779	0.6883
432.0	299.467	0.000575808	0.2631
436.5	299.467	0.00302806	0.7688
441.0	299.467	0.00223911	0.5412
445.5	299.467	0.0015643	0.6275
-450.0	302.033	0.000564081	0.2414
-445.5	302.033	0.000312037	0.3445
-441.0	302.033	0.000548972	0.2717
-436.5	302.033	0.00377712	0.681
-432.0	302.033	0.00140122	0.664
-427.5	302.033	0.00344902	0.6093
-423.0	302.033	0.000395001	0.4101
-418.5	302.033	0.00142672	0.8457
-414.0	302.033	0.000453791	0.2861
-409.5	302.033	0.000141736	0.372
-405.0	302.033	0.000395595	0.3109
-400.5	302.033	0.000487509	0.2519
-396.0	302.033	0.00324721	0.8041
-391.5	302.033	0.00165475	0.7505
-387.0	302.033	0.00059796	0.2617
-382.5	302.033	0.000545557	0.2686
-378.0	302.033	0.000528145	0.3131
-373.5	302.033	0.00092864	0.352
-369.0	302.033	0.000565525	0.3158
-364.5	302.033	0.00146175	0.5135
-360.0	302.033	0.00218053	0.4904
-355.5	302.033	0.000531564	0.2901
-351.0	302.033	0.000622711	0.2254
-346.5	302.033	0.000564577	0.2165
-342.0	302.033	0.00332826	0.6268
-337.5	302.033	0.00212833	0.564
-333.0	302.033	0.000445609	0.2588
-328.5	302.033	0.00680969	0.4718
-324.0	302.033	0.00471995	0.7981
-319.5	302.033	0.000728558	0.2022
-315.0	302.033	0.000814234	0.2291
-310.5	302.033	0.000718106	0.2031
-306.0	302.033	0.000541227	0.2257
-301.5	302.033	0.00225109	0.6944
-297.0	302.033	0.00425384	0.4892
-292.5	302.033	0.00438061	0.5342
-288.0	302.033	0.00125239	0.3262
-283.5	302.033	0.00268738	0.5702
-279.0	302.033	0.00136246	0.598
-274.5	302.033	0.00138927	0.2687
-270.0	302.033	0.00406745	0.6745
-265.5	302.033	0.00421485	0.4637
-261.0	302.033	0.00261754	0.4485
-256.5	302.033	0.00250841	0.6493
-252.0	302.033	0.00498232	0.5037
-247.5	302.033	0.00198877	0.2954
-243.0	302.033	0.00323285	0.4582
-238.5	302.033	0.0037124	0.5297
-234.0	302.033	0.00133214	0.3473
-229.5	302.033	0.00369579	0.7241
-225.0	302.033	0.0013286	0.1675
-220.5	302.033	0.00313012	0.5986
-216.0	302.033	0.00119378	0.2046
-211.5	302.033	0.00341713	0.5567
-207.0	302.033	0.00216592	0.2588
-202.5	302.033	0.00485889	0.3346
-198.0	302.033	0.00456684	0.4763
-193.5	302.033	0.00580291	0.4007
-189.0	302.033	0.00264123	0.552
-184.5	302.033	0.00590476	0.5261
-180.0	302.033	0.00222772	0.2671
-175.5	302.033	0.00705947	0.4397
-171.0	302.033	0.00311865	0.347
-166.5	302.033	0.00666801	0.4441
-162.0	302.033	0.00613125	0.4756
-157.5	302.033	0.00393258	0.4825
-153.0	302.033	0.00699783	0.44
-148.5	302.033	0.00682247	0.3737
-144.0	302.033	0.0065765	0.365
-139.5	302.033	0.00765385	0.3698
-135.0	302.033	0.00456424	0.4214
-130.5	302.033	0.00513765	0.3742
-126.0	302.033	0.00617919	0.5373
-121.5	302.033	0.00648453	0.5016
-117.0	302.033	0.0077319	0.4135
-112.5	302.033	0.00720303	0.3434
-108.0	302.033	0.011501	0.3837
-103.5	302.033	0.00697812	0.3762
-99.0	302.033	0.00620953	0.284
-94.5	302.033	0.00580245	0.5059
-90.0	302.033	0.00787795	0.3349
-85.5	302.033	0.00673642	0.3563
-81.0	302.033	0.0118162	0.3422
-76.5	302.033	0.0118281	0.348
-72.0	302.033	0.00993391	0.4371
-67.5	302.033	0.00489695	0.3548
-63.0	302.033	0.0148849	0.3054
-58.5	302.033	0.0108998	0.2858
-54.0	302.033	0.00547361	0.3196
-49.5	302.033	0.00856037	0.2884
-45.0	302.033	0.0110277	0.3547
-40.5	302.033	0.00884186	0.3656
-36.0	302.033	0.013766	0.3278
-31.5	302.033	0.0078632	0.4048
-27.0	302.033	0.00498428	0.2634
-22.5	302.033	0.013005	0.3444
-18.0	302.033	0.00974027	0.3477
-13.5	302.033	0.0094261	0.2256
-9.0	302.033	0.00709319	0.3149
-4.5	302.033	0.0157705	0.276
0.0	302.033	0.011062	0.314
4.5	302.033	0.00931731	0.4364
9.0	302.033	0.00910715	0.4812
13.5	302.033	0.0135196	0.337
18.0	302.033	0.00916287	0.3178
22.5	302.033	0.00882412	0.3119
27.0	302.033	0.0121706	0.313
31.5	302.033	0.00956054	0.3212
36.0	302.033	0.00605932	0.3046
40.5	302.033	0.0064699	0.2815
45.0	302.033	0.00586936	0.3281
49.5	302.033	0.00893174	0.2773
54.0	302.033	0.00930522	0.3292
58.5	302.033	0.0110137	0.3501
63.0	302.033	0.0186551	0.31
67.5	302.033	0.00811181	0.2964
72.0	302.033	0.0119245	0.3801
76.5	302.033	0.0136763	0.3326
81.0	302.033	0.0111004	0.3219
85.5	302.033	0.00296197	0.1694
90.0	302.033	0.00614424	0.3515
94.5	302.033	0.00433231	0.3173
99.0	302.033	0.0137637	0.3294
103.5	302.033	0.0122837	0.307
108.0	302.033	0.00904388	0.3754
112.5	302.033	0.00856561	0.3573
117.0	302.033	0.005529	0.3397
121.5	302.033	0.00705361	0.3348
126.0	302.033	0.00982413	0.3623
130.5	302.033	0.00514967	0.3514
135.0	302.033	0.00927719	0.3572
139.5	302.033	0.0114185	0.3793
144.0	302.033	0.00995508	0.3524
148.5	302.033	0.0116643	0.3618
153.0	302.033	0.0101653	0.2995
157.5	302.033	0.0103316	0.3075
162.0	302.033	0.00976423	0.3527
166.5	302.033	0.0133782	0.6235
171.0	302.033	0.00553941	0.3156
175.5	302.033	0.00570325	0.3345
180.0	302.033	0.00767182	0.377
184.5	302.033	0.00983863	0.3728
189.0	302.033	0.00798764	0.4428
193.5	302.033	0.00280342	0.296
198.0	302.033	0.00787755	0.4554
202.5	302.033	0.00872	0.4371
207.0	302.033	0.00773593	0.4351
211.5	302.033	0.00920817	0.3985
216.0	302.033	0.00510964	0.5163
220.5	302.033	0.00346865	0.4174
225.0	302.033	0.00636933	0.3813
229.5	302.033	0.00931938	0.4547
234.0	302.033	0.00740262	0.6453
238.5	302.033	0.0108184	0.4704
243.0	302.033	0.00460579	0.4865
247.5	302.033	0.0093453	0.4065
252.0	302.033	0.0054892	0.4681
256.5	302.033	0.00671778	0.4709
261.0	302.033	0.00627452	0.4301
265.5	302.033	0.00700309	0.4633
270.0	302.033	0.00504433	0.4662
274.5	302.033	0.00455898	0.3732
279.0	302.033	0.00362018	0.4363
283.5	302.033	0.0024153	0.4173
288.0	302.033	0.00766788	0.4144
292.5	302.033	0.00406822	0.4197
297.0	302.033	0.00809253	0.6465
301.5	302.033	0.00461922	0.501
306.0	302.033	0.00271343	0.374
310.5	302.033	0.00506136	0.4929
315.0	302.033	0.00635885	0.4144
319.5	302.033	0.00303638	0.387
324.0	302.033	0.00336848	0.4633
328.5	302.033	0.00359155	0.5518
333.0	302.033	0.00883326	0.5021
337.5	302.033	0.00214111	0.651
342.0	302.033	0.00275202	0.6775
346.5	302.033	0.00126301	0.4584
351.0	302.033	0.00629642	0.4832
355.5	302.033	0.00241403	0.3396
360.0	302.033	0.00180783	0.54
364.5	302.033	0.00466499	0.634
369.0	302.033	0.0020379	0.5778
373.5	302.033	0.00489263	0.6631
378.0	302.033	0.00139857	0.7011
382.5	302.033	0.00356914	0.6248
387.0	302.033	0.00195711	0.4102
391.5	302.033	0.00218575	0.804
396.0	302.033	0.000933555	0.3648
400.5	302.033	0.000547905	0.26
405.0	302.033	0.000615452	0.322
409.5	302.033	0.000467655	0.3687
414.0	302.033	0.000473643	0.2362
418.5	302.033	0.000450796	0.2779
423.0	302.033	0.000815065	0.2471
427.5	302.033	0.00109317	0.4713
432.0	302.033	0.00065163	0.246
436.5	302.033	0.00240678	0.5847
441.0	302.033	0.00302702	0.5503
445.5	302.033	0.00170761	0.4801
-450.0	304.6	0.000578395	0.3882
-445.5	304.6	0.00169853	0.9001
-441.0	304.6	0.00179369	0.8336
-436.5	304.6	0.000344177	0.3361
-432.0	304.6	0.000249503	0.3277
-427.5	304.6	0.000335141	0.3261
-423.0	304.6	0.00029843	0.3365
-418.5	304.6	0.000202567	0.3698
-414.0	304.6	0.000211551	0.3933
-409.5	304.6	0.00030427	0.3023
-405.0	304.6	0.000468279	0.2558
-400.5	304.6	0.00220985	0.8411
-396.0	304.6	0.00109402	0.6841
-391.5	304.6	0.00334616	0.7651
-387.0	304.6	0.0017502	0.6096
-382.5	304.6	0.00292956	0.8269
-378.0	304.6	0.000391897	0.3164
-373.5	304.6	0.0004766	0.2628
-369.0	304.6	0.00359168	0.7656
-364.5	304.6	0.000531994	0.2625
-360.0	304.6	0.00113541	0.6266
-355.5	304.6	0.000222949	0.3303
-351.0	304.6	0.003424	0.6298
-346.5	304.6	0.000544999	0.2316
-342.0	304.6	0.00213145	0.705
-337.5	304.6	0.000602229	0.2196
-333.0	304.6	0.0014514	0.5068
-328.5	304.6	0.00542143	0.479
-324.0	304.6	0.0032039	0.723
-319.5	304.6	0.00443134	0.6389
-315.0	304.6	0.000315797	0.3181
-310.5	304.6	0.000547992	0.2281
-306.0	304.6	0.000511229	0.2367
-301.5	304.6	0.00478093	0.5799
-297.0	304.6	0.00334481	0.5455
-292.5	304.6	0.00476447	0.4189
-288.0	304.6	0.00113382	0.2506
-283.5	304.6	0.00399769	0.4416
-279.0	304.6	0.00351146	0.393
-274.5	304.6	0.00566311	0.5007
-270.0	304.6	0.00231856	0.3794
-265.5	304.6	0.00283952	0.279
-261.0	304.6	0.00196789	0.4395
-256.5	304.6	0.00289681	0.5719
-252.0	304.6	0.00136659	0.1523
-247.5	304.6	0.00177167	0.309
-243.0	304.6	0.00464005	0.5104
-238.5	304.6	0.0030978	0.487
-234.0	304.6	0.00299429	0.5483
-229.5	304.6	0.0035916	0.4962
-225.0	304.6	0.00130086	0.2342
-220.5	304.6	0.00595936	0.4608
-216.0	304.6	0.00436137	0.5622
-211.5	304.6	0.00304647	0.4536
-207.0	304.6	0.00406398	0.4111
-202.5	304.6	0.00405869	0.4011
-198.0	304.6	0.00551911	0.5711
-193.5	304.6	0.00567841	0.4626
-189.0	304.6	0.00280429	0.4298
-184.5	304.6	0.00773678	0.4725
-180.0	304.6	0.00336649	0.5344
-175.5	304.6	0.00283204	0.3792
-171.0	304.6	0.00525229	0.5211
-166.5	304.6	0.00600584	0.4727
-162.0	304.6	0.00221316	0.1509
-157.5	304.6	0.00570688	0.4746
-153.0	304.6	0.00813445	0.3966
-148.5	304.6	0.00554015	0.441
-144.0	304.6	0.00512893	0.357
-139.5	304.6	0.00657641	0.2795
-135.0	304.6	0.0046822	0.3629
-130.5	304.6	0.00477898	0.3193
-126.0	304.6	0.00556022	0.3768
-121.5	304.6	0.0104759	0.3814
-117.0	304.6	0.00549356	0.2997
-112.5	304.6	0.00915409	0.2728
-108.0	304.6	0.0153679	0.2925
-103.5	304.6	0.00779562	0.2818
-99.0	304.6	0.00714567	0.3781
-94.5	304.6	0.00211087	0.1298
-90.0	304.6	0.0109869	0.3341
-85.5	304.6	0.00666373	0.3648
-81.0	304.6	0.0090346	0.4552
-76.5	304.6	0.00978418	0.3786
-72.0	304.6	0.010453	0.3515
-67.5	304.6	0.00635421	0.2562
-63.0	304.6	0.0105956	0.3378
-58.5	304.6	0.00827898	0.2985
-54.0	304.6	0.00434151	0.3384
-49.5	304.6	0.00855762	0.2951
-45.0	304.6	0.0106562	0.3712
-40.5	304.6	0.00699197	0.3033
-36.0	304.6	0.0169287	0.3295
-31.5	304.6	0.0116868	0.3014
-27.0	304.6	0.0116092	0.3167
-22.5	304.6	0.00869253	0.4158
-18.0	304.6	0.0122815	0.3415
-13.5	304.6	0.0132469	0.2942
-9.0	304.6	0.00653746	0.3292
-4.5	304.6	0.0162665	0.2893
0.0	304.6	0.014076	0.2707
4.5	304.6	0.00858865	0.2967
9.0	304.6	0.0121512	0.3452
13.5	304.6	0.0125845	0.3211
18.0	304.6	0.0129652	0.2766
22.5	304.6	0.00888148	0.3881
27.0	304.6	0.00750411	0.3443
31.5	304.6	0.0129752	0.2808
36.0	304.6	0.00412917	0.2739
40.5	304.6	0.00900992	0.2708
45.0	304.6	0.0070796	0.3712
49.5	304.6	0.00752077	0.3534
54.0	304.6	0.00921818	0.3041
58.5	304.6	0.0130688	0.2958
63.0	304.6	0.00949665	0.3566
67.5	304.6	0.00589147	0.3724
72.0	304.6	0.0101697	0.3708
76.5	304.6	0.0125279	0.3777
81.0	304.6	0.00703935	0.3208
85.5	304.6	0.0116295	0.3217
90.0	304.6	0.0058427	0.4634
94.5	304.6	0.00395839	0.2736
99.0	304.6	0.00836329	0.3185
103.5	304.6	0.0067174	0.3078
108.0	304.6	0.0144867	0.3199
112.5	304.6	0.00711704	0.3529
117.0	304.6	0.0114593	0.3447
121.5	304.6	0.00832107	0.2788
126.0	304.6	0.0063874	0.3018
130.5	304.6	0.00754983	0.2901
135.0	304.6	0.00711277	0.3247
139.5	304.6	0.00751905	0.4228
144.0	304.6	0.0102537	0.4567
148.5	304.6	0.00629452	0.398
153.0	304.6	0.00493803	0.2982
157.5	304.6	0.00967715	0.3843
162.0	304.6	0.00921465	0.3223
166.5	304.6	0.00607916	0.3336
171.0	304.6	0.00597237	0.314
175.5	304.6	0.00958819	0.3499
180.0	304.6	0.00898375	0.3962
184.5	304.6	0.0123504	0.316
189.0	304.6	0.0114331	0.3334
193.5	304.6	0.00981142	0.4228
198.0	304.6	0.00721815	0.5384
202.5	304.6	0.0118267	0.4519
207.0	304.6	0.00757928	0.4391
211.5	304.6	0.0091287	0.4812
216.0	304.6	0.00785614	0.4262
220.5	304.6	0.00612882	0.4362
225.0	304.6	0.00569986	0.4699
229.5	304.6	0.00561378	0.4519
234.0	304.6	0.0108872	0.4824
238.5	304.6	0.0119977	0.459
243.0	304.6	0.00932283	0.424
247.5	304.6	0.00814297	0.6577
252.0	304.6	0.0039833	0.4154
256.5	304.6	0.00309804	0.4211
261.0	304.6	0.00604742	0.4187
265.5	304.6	0.00435739	0.4978
270.0	304.6	0.0029579	0.6034
274.5	304.6	0.00518171	0.5551
279.0	304.6	0.00996646	0.4491
283.5	304.6	0.00282376	0.3909
288.0	304.6	0.00501461	0.4814
292.5	304.6	0.00899511	0.3971
297.0	304.6	0.00352088	0.4566
301.5	304.6	0.00276009	0.3653
306.0	304.6	0.00613802	0.4894
310.5	304.6	0.003415	0.7218
315.0	304.6	0.00577283	0.4904
319.5	304.6	0.00430252	0.4464
324.0	304.6	0.0035645	0.4104
328.5	304.6	0.00488473	0.4132
333.0	304.6	0.00704474	0.3726
337.5	304.6	0.00406739	0.5557
342.0	304.6	0.00203609	0.4704
346.5	304.6	0.00626762	0.5428
351.0	304.6	0.00278339	0.4247
355.5	304.6	0.00372448	0.4699
360.0	304.6	0.000864123	0.2192
364.5	304.6	0.00527976	0.5251
369.0	304.6	0.00289351	0.5423
373.5	304.6	0.000533494	0.2802
378.0	304.6	0.00433517	0.6102
382.5	304.6	0.000822367	0.2366
387.0	304.6	0.00300761	0.7482
391.5	304.6	0.0027886	0.6123
396.0	304.6	0.00220286	0.5463
400.5	304.6	0.00443101	0.5336
405.0	304.6	0.00291028	0.7901
409.5	304.6	0.000498	0.2818
414.0	304.6	0.000509114	0.2467
418.5	304.6	0.00219041	0.7225
423.0	304.6	0.000618908	0.2537
427.5	304.6	0.00184253	0.5679
432.0	304.6	0.00156063	0.6223
436.5	304.6	0.000530163	0.2247
441.0	304.6	0.000662317	0.2097
445.5	304.6	0.00060425	0.2565
-450.0	307.167	0.000535232	0.3018
-445.5	307.167	0.00311029	0.8007
-441.0	307.167	0.00328369	0.7591
-436.5	307.167	0.00183415	0.6713
-432.0	307.167	0.00130314	0.5748
-427.5	307.167	0.000309115	0.3636
-423.0	307.167	0.000338384	0.3007
-418.5	307.167	0.000320404	0.3116
-414.0	307.167	0.000306031	0.3411
-409.5	307.167	0.000279085	0.3515
-405.0	307.167	0.00134745	0.6604
-400.5	307.167	0.0021719	0.7909
-396.0	307.167	0.000564498	0.2572
-391.5	307.167	0.000553943	0.2678
-387.0	307.167	0.00268254	0.5826
-382.5	307.167	0.00031675	0.2988
-378.0	307.167	0.0004233	0.3052
-373.5	307.167	0.00054245	0.2459
-369.0	307.167	0.00050432	0.2745
-364.5	307.167	0.001354	0.5582
-360.0	307.167	0.00418026	0.71
-355.5	307.167	0.00325943	0.4905
-351.0	307.167	0.00144548	0.7073
-346.5	307.167	0.000708038	0.2284
-342.0	307.167	0.000348422	0.2786
-337.5	307.167	0.000760965	0.1971
-333.0	307.167	0.00234031	0.4235
-328.5	307.167	0.00462874	0.8083
-324.0	307.167	0.00238061	0.7336
-319.5	307.167	0.00211301	0.778
-315.0	307.167	0.000525725	0.2329
-310.5	307.167	0.000733283	0.1902
-306.0	307.167	0.000718516	0.2115
-301.5	307.167	0.00142752	0.4916
-297.0	307.167	0.0047977	0.5226
-292.5	307.167	0.00249841	0.6935
-288.0	307.167	0.00445322	0.7997
-283.5	307.167	0.00544735	0.4917
-279.0	307.167	0.0035803	0.491
-274.5	307.167	0.007374	0.4326
-270.0	307.167	0.00320437	0.4029
-265.5	307.167	0.0017716	0.3822
-261.0	307.167	0.00349497	0.7221
-256.5	307.167	0.00267073	0.601
-252.0	307.167	0.00233659	0.5284
-247.5	307.167	0.0018513	0.2548
-243.0	307.167	0.00315756	0.5731
-238.5	307.167	0.0016104	0.3976
-234.0	307.167	0.00115826	0.2026
-229.5	307.167	0.00126031	0.1697
-225.0	307.167	0.00290651	0.6438
-220.5	307.167	0.00192733	0.3586
-216.0	307.167	0.00712072	0.4477
-211.5	307.167	0.00514973	0.5583
-207.0	307.167	0.00126406	0.1699
-202.5	307.167	0.00334181	0.5321
-198.0	307.167	0.00473171	0.3577
-193.5	307.167	0.00481086	0.4579
-189.0	307.167	0.00575642	0.4142
-184.5	307.167	0.00898953	0.4633
-180.0	307.167	0.00158256	0.1378
-175.5	307.167	0.00382546	0.4254
-171.0	307.167	0.00358958	0.5383
-166.5	307.167	0.00247266	0.3574
-162.0	307.167	0.00745708	0.4229
-157.5	307.167	0.00448314	0.439
-153.0	307.167	0.00734361	0.3597
-148.5	307.167	0.00790746	0.4173
-144.0	307.167	0.00901528	0.2936
-139.5	307.167	0.00837729	0.2807
-135.0	307.167	0.00784435	0.3545
-130.5	307.167	0.00621235	0.3705
-126.0	307.167	0.00190968	0.1224
-121.5	307.167	0.00644642	0.4613
-117.0	307.167	0.012234	0.3335
-112.5	307.167	0.00882442	0.2674
-108.0	307.167	0.00994407	0.3737
-103.5	307.167	0.00673631	0.3207
-99.0	307.167	0.0048294	0.2925
-94.5	307.167	0.00633983	0.3862
-90.0	307.167	0.0143319	0.3508
-85.5	307.167	0.00837665	0.38
-81.0	307.167	0.00859554	0.4056
-76.5	307.167	0.0116057	0.3416
-72.0	307.167	0.00636741	0.4053
-67.5	307.167	0.00865714	0.3721
-63.0	307.167	0.0112018	0.3151
-58.5	307.167	0.00927001	0.3472
-54.0	307.167	0.00946312	0.4149
-49.5	307.167	0.00826662	0.2855
-45.0	307.167	0.00986794	0.3974
-40.5	307.167	0.00865042	0.4149
-36.0	307.167	0.0121213	0.331
-31.5	307.167	0.00849368	0.3198
-27.0	307.167	0.0108267	0.3508
-22.5	307.167	0.00728748	0.3049
-18.0	307.167	0.011565	0.3494
-13.5	307.167	0.0140242	0.3108
-9.0	307.167	0.00842011	0.2949
-4.5	307.167	0.0146205	0.3317
0.0	307.167	0.00926343	0.3004
4.5	307.167	0.00604197	0.2765
9.0	307.167	0.00723729	0.2946
13.5	307.167	0.0132404	0.3406
18.0	307.167	0.0124091	0.2797
22.5	307.167	0.0119772	0.3542
27.0	307.167	0.00863053	0.3772
31.5	307.167	0.0118911	0.2676
36.0	307.167	0.00903625	0.2836
40.5	307.167	0.00938743	0.3245
45.0	307.167	0.0102749	0.3573
49.5	307.167	0.00863752	0.3104
54.0	307.167	0.0111511	0.2871
58.5	307.167	0.00948711	0.2798
63.0	307.167	0.0112752	0.3092
67.5	307.167	0.011741	0.3398
72.0	307.167	0.00564115	0.3556
76.5	307.167	0.00878325	0.4068
81.0	307.167	0.00912109	0.3148
85.5	307.167	0.00534122	0.3144
90.0	307.167	0.00691437	0.3258
94.5	307.167	0.00645722	0.3357
99.0	307.167	0.00984834	0.3471
103.5	307.167	0.00419134	0.3848
108.0	307.167	0.0119414	0.3566
112.5	307.167	0.0063787	0.325
117.0	307.167	0.0100169	0.3938
121.5	307.167	0.00623225	0.3447
126.0	307.167	0.00519508	0.3361
130.5	307.167	0.00879748	0.4096
135.0	307.167	0.00492796	0.275
139.5	307.167	0.00763898	0.3925
144.0	307.167	0.00874145	0.3164
148.5	307.167	0.00906727	0.5262
153.0	307.167	0.00788225	0.4364
157.5	307.167	0.00861221	0.3039
162.0	307.167	0.0134505	0.307
166.5	307.167	0.0173756	0.3483
171.0	307.167	0.00947745	0.386
175.5	307.167	0.00498037	0.3356
180.0	307.167	0.00574697	0.4019
184.5	307.167	0.00709401	0.3516
189.0	307.167	0.0107117	0.3446
193.5	307.167	0.0082432	0.339
198.0	307.167	0.00746582	0.4048
202.5	307.167	0.00751701	0.3837
207.0	307.167	0.00766831	0.3463
211.5	307.167	0.00713892	0.373
216.0	307.167	0.00830178	0.4844
220.5	307.167	0.00443137	0.4618
225.0	307.167	0.00721219	0.5505
229.5	307.167	0.00430879	0.4749
234.0	307.167	0.00379518	0.4387
238.5	307.167	0.00623088	0.443
243.0	307.167	0.00703143	0.4777
247.5	307.167	0.00215198	0.1537
252.0	307.167	0.0103845	0.3651
256.5	307.167	0.00561359	0.3647
261.0	307.167	0.00688601	0.5886
265.5	307.167	0.0125225	0.6718
270.0	307.167	0.00520332	0.469
274.5	307.167	0.0034422	0.4933
279.0	307.167	0.00322714	0.3806
283.5	307.167	0.00402199	0.5468
288.0	307.167	0.00901542	0.3819
292.5	307.167	0.00527342	0.4023
297.0	307.167	0.00452791	0.4879
301.5	307.167	0.00544742	0.3975
306.0	307.167	0.00238134	0.2875
310.5	307.167	0.00322377	0.3533
315.0	307.167	0.00613807	0.5437
319.5	307.167	0.00351077	0.5749
324.0	307.167	0.00659604	0.3567
328.5	307.167	0.0044993	0.5158
333.0	307.167	0.00439886	0.5461
337.5	307.167	0.00480737	0.6914
342.0	307.167	0.00346892	0.6523
346.5	307.167	0.00427526	0.498
351.0	307.167	0.00652723	0.5283
355.5	307.167	0.00283875	0.45
360.0	307.167	0.00111955	0.476
364.5	307.167	0.0021789	0.3293
369.0	307.167	0.00233209	0.5892
373.5	307.167	0.000645342	0.29
378.0	307.167	0.000682466	0.2498
382.5	307.167	0.00166707	0.6262
387.0	307.167	0.00597843	0.5016
391.5	307.167	0.00257424	0.6039
396.0	307.167	0.00103821	0.3275
400.5	307.167	0.00403634	0.5184
405.0	307.167	0.00577755	0.4392
409.5	307.167	0.000585471	0.256
414.0	307.167	0.000361713	0.2979
418.5	307.167	0.000339469	0.3176
423.0	307.167	0.000358167	0.3231
427.5	307.167	0.0024665	0.4922
432.0	307.167	0.00207179	0.4851
436.5	307.167	0.00318391	0.5843
441.0	307.167	0.00137475	0.4496
445.5	307.167	0.00071838	0.4071
-450.0	309.733	0.000461534	0.2668
-445.5	309.733	0.000453635	0.285
-441.0	309.733	0.00163141	0.7708
-436.5	309.733	0.000792337	0.5115
-432.0	309.733	0.000971849	0.6289
-427.5	309.733	0.000403593	0.285
-423.0	309.733	0.00027233	0.3041
-418.5	309.733	0.00054351	0.2396
-414.0	309.733	0.000503141	0.2879
-409.5	309.733	0.000305856	0.3134
-405.0	309.733	0.00300373	0.8654
-400.5	309.733	0.000516758	0.317
-396.0	309.733	0.00195509	0.5076
-391.5	309.733	0.00311339	0.5807
-387.0	309.733	0.00132518	0.5774
-382.5	309.733	0.00154099	0.7499
-378.0	309.733	0.000332507	0.2782
-373.5	309.733	0.000387012	0.2876
-369.0	309.733	0.000547553	0.2718
-364.5	309.733	0.000507877	0.2811
-360.0	309.733	0.000834485	0.523
-355.5	309.733	0.000305717	0.2905
-351.0	309.733	0.00070835	0.3759
-346.5	309.733	0.00167868	0.6045
-342.0	309.733	0.000767346	0.1993
-337.5	309.733	0.00065228	0.209
-333.0	309.733	0.00286087	0.6097
-328.5	309.733	0.00444681	0.6468
-324.0	309.733	0.0029849	0.7808
-319.5	309.733	0.000617643	0.2506
-315.0	309.733	0.00272623	0.5728
-310.5	309.733	0.00287693	0.7771
-306.0	309.733	0.000817358	0.1981
-301.5	309.733	0.00318709	0.5834
-297.0	309.733	0.00135431	0.2637
-292.5	309.733	0.00225106	0.5229
-288.0	309.733	0.00511802	0.6266
-283.5	309.733	0.00366619	0.6241
-279.0	309.733	0.0062622	0.4975
-274.5	309.733	0.00637787	0.4488
-270.0	309.733	0.00202275	0.3843
-265.5	309.733	0.00198174	0.3442
-261.0	309.733	0.0012302	0.1659
-256.5	309.733	0.00236117	0.4302
-252.0	309.733	0.00413986	0.4104
-247.5	309.733	0.00231972	0.4175
-243.0	309.733	0.00838697	0.4478
-238.5	309.733	0.00156636	0.5195
-234.0	309.733	0.00311709	0.4373
-229.5	309.733	0.0049707	0.3537
-225.0	309.733	0.00551652	0.4691
-220.5	309.733	0.0057267	0.5074
-216.0	309.733	0.00497879	0.3445
-211.5	309.733	0.00095527	0.1727
-207.0	309.733	0.00400049	0.4914
-202.5	309.733	0.00860919	0.4424
-198.0	309.733	0.00430277	0.6537
-193.5	309.733	0.00180597	0.1482
-189.0	309.733	0.0051112	0.5764
-184.5	309.733	0.00264466	0.4657
-180.0	309.733	0.00245553	0.2665
-175.5	309.733	0.00481659	0.4594
-171.0	309.733	0.00518475	0.4434
-166.5	309.733	0.00310342	0.3154
-162.0	309.733	0.00734999	0.4761
-157.5	309.733	0.00544811	0.472
-153.0	309.733	0.00491098	0.3917
-148.5	309.733	0.0108692	0.3204
-144.0	309.733	0.0102109	0.4063
-139.5	309.733	0.00349052	0.4656
-135.0	309.733	0.00553863	0.3312
-130.5	309.733	0.00497897	0.399
-126.0	309.733	0.00247441	0.1422
-121.5	309.733	0.0080809	0.4088
-117.0	309.733	0.00595748	0.2841
-112.5	309.733	0.00851894	0.2806
-108.0	309.733	0.0113378	0.3003
-103.5	309.733	0.00610119	0.4886
-99.0	309.733	0.00853768	0.3289
-94.5	309.733	0.00521311	0.3216
-90.0	309.733	0.0108572	0.2755
-85.5	309.733	0.00674151	0.392
-81.0	309.733	0.00742247	0.3286
-76.5	309.733	0.010861	0.4002
-72.0	309.733	0.00587648	0.4273
-67.5	309.733	0.00672004	0.3981
-63.0	309.733	0.00685376	0.3903
-58.5	309.733	0.00300829	0.122
-54.0	309.733	0.00651837	0.4904
-49.5	309.733	0.00471361	0.2498
-45.0	309.733	0.0104867	0.3485
-40.5	309.733	0.00668948	0.3242
-36.0	309.733	0.0133306	0.3441
-31.5	309.733	0.011433	0.3931
-27.0	309.733	0.0169291	0.3176
-22.5	309.733	0.00814181	0.271
-18.0	309.733	0.00988521	0.299
-13.5	309.733	0.00997253	0.3026
-9.0	309.733	0.00972251	0.3596
-4.5	309.733	0.00754691	0.2536
0.0	309.733	0.0120155	0.3017
4.5	309.733	0.00625439	0.3522
9.0	309.733	0.0121318	0.3044
13.5	309.733	0.00996925	0.3081
18.0	309.733	0.00978206	0.2957
22.5	309.733	0.0107193	0.3153
27.0	309.733	0.017954	0.4052
31.5	309.733	0.0204169	0.2608
36.0	309.733	0.0121544	0.3176
40.5	309.733	0.0062857	0.4501
45.0	309.733	0.012948	0.2492
49.5	309.733	0.00859629	0.285
54.0	309.733	0.0172611	0.4532
58.5	309.733	0.00827983	0.3916
63.0	309.733	0.0131912	0.258
67.5	309.733	0.0068094	0.3725
72.0	309.733	0.00749208	0.3128
76.5	309.733	0.00784197	0.429
81.0	309.733	0.0095264	0.3056
85.5	309.733	0.00969711	0.3101
90.0	309.733	0.0108139	0.3062
94.5	309.733	0.0134256	0.2692
99.0	309.733	0.00947311	0.3601
103.5	309.733	0.00448672	0.3519
108.0	309.733	0.0157301	0.3806
112.5	309.733	0.0046424	0.4062
117.0	309.733	0.00489387	0.2652
121.5	309.733	0.00712779	0.2943
126.0	309.733	0.0101903	0.301
130.5	309.733	0.00705304	0.4194
135.0	309.733	0.00576298	0.4101
139.5	309.733	0.00699164	0.4021
144.0	309.733	0.00740721	0.3194
148.5	309.733	0.00653461	0.3602
153.0	309.733	0.0118928	0.3525
157.5	309.733	0.00845714	0.4389
162.0	309.733	0.00754084	0.4629
166.5	309.733	0.00643776	0.3902
171.0	309.733	0.00940519	0.3294
175.5	309.733	0.00866496	0.3326
180.0	309.733	0.00583737	0.3413
184.5	309.733	0.0112123	0.3245
189.0	309.733	0.00565795	0.4072
193.5	309.733	0.009688	0.5479
198.0	309.733	0.0109786	0.4021
202.5	309.733	0.00755694	0.4952
207.0	309.733	0.00528813	0.4986
211.5	309.733	0.00624659	0.6071
216.0	309.733	0.0160437	0.4464
220.5	309.733	0.00538011	0.5203
225.0	309.733	0.00469408	0.3647
229.5	309.733	0.00686837	0.5107
234.0	309.733	0.00433	0.642
238.5	309.733	0.0075798	0.4957
243.0	309.733	0.00823274	0.5205
247.5	309.733	0.00690066	0.4815
252.0	309.733	0.00767802	0.3775
256.5	309.733	0.0052664	0.4028
261.0	309.733	0.00919185	0.5606
265.5	309.733	0.00500246	0.5411
270.0	309.733	0.00321949	0.3806
274.5	309.733	0.00968961	0.4225
279.0	309.733	0.00418249	0.4193
283.5	309.733	0.00669197	0.4518
288.0	309.733	0.00680732	0.447
292.5	309.733	0.00851254	0.4121
297.0	309.733	0.0087937	0.4465
301.5	309.733	0.00799501	0.3263
306.0	309.733	0.00386713	0.4524
310.5	309.733	0.00400078	0.6753
315.0	309.733	0.00549433	0.3868
319.5	309.733	0.00717155	0.5342
324.0	309.733	0.00398413	0.4477
328.5	309.733	0.00767961	0.4786
333.0	309.733	0.00568584	0.3869
337.5	309.733	0.0064182	0.4989
342.0	309.733	0.0067748	0.3746
346.5	309.733	0.00667585	0.4529
351.0	309.733	0.00681021	0.5169
355.5	309.733	0.00633652	0.5051
360.0	309.733	0.00265837	0.4029
364.5	309.733	0.00406746	0.604
369.0	309.733	0.00341633	0.5466
373.5	309.733	0.00225681	0.5538
378.0	309.733	0.00122428	0.4482
382.5	309.733	0.00417226	0.5296
387.0	309.733	0.00217156	0.4973
391.5	309.733	0.00458854	0.5615
396.0	309.733	0.00543943	0.5005
400.5	309.733	0.0035546	0.8875
405.0	309.733	0.00147485	0.5086
409.5	309.733	0.00099088	0.203
414.0	309.733	0.000515083	0.3314
418.5	309.733	0.0018376	0.7446
423.0	309.733	0.00147053	0.7376
427.5	309.733	0.00334367	0.5217
432.0	309.733	0.00679083	0.5031
436.5	309.733	0.00162973	0.4194
441.0	309.733	0.00119239	0.3213
445.5	309.733	0.00175417	0.6393
-450.0	312.3	0.000333137	0.3403
-445.5	312.3	0.0019621	0.796
-441.0	312.3	0.000359128	0.3308
-436.5	312.3	0.000328983	0.2952
-432.0	312.3	0.000754566	0.6645
-427.5	312.3	0.000223372	0.3064
-423.0	312.3	0.000658123	0.2332
-418.5	312.3	0.00141824	0.6034
-414.0	312.3	0.00126836	0.6834
-409.5	312.3	0.0035489	0.7293
-405.0	312.3	0.00100137	0.5283
-400.5	312.3	0.00269269	0.7386
-396.0	312.3	0.0010724	0.4034
-391.5	312.3	0.00299616	0.7923
-387.0	312.3	0.000499302	0.2549
-382.5	312.3	0.000558977	0.2637
-378.0	312.3	0.000509896	0.2597
-373.5	312.3	0.000523698	0.2638
-369.0	312.3	0.000542113	0.2794
-364.5	312.3	0.000446029	0.2769
-360.0	312.3	0.000692553	0.2216
-355.5	312.3	0.000837005	0.2844
-351.0	312.3	0.000702388	0.3227
-346.5	312.3	0.000520283	0.25
-342.0	312.3	0.00250856	0.6106
-337.5	312.3	0.000666933	0.215
-333.0	312.3	0.00455003	0.6124
-328.5	312.3	0.00327598	0.6347
-324.0	312.3	0.00102657	0.3725
-319.5	312.3	0.00175828	0.6191
-315.0	312.3	0.00221343	0.5324
-310.5	312.3	0.00227583	0.4891
-306.0	312.3	0.00170487	0.5051
-301.5	312.3	0.00251241	0.4979
-297.0	312.3	0.00332177	0.6431
-292.5	312.3	0.00303276	0.4709
-288.0	312.3	0.00557175	0.4175
-283.5	312.3	0.000998524	0.1762
-279.0	312.3	0.00645208	0.4445
-274.5	312.3	0.00432234	0.4764
-270.0	312.3	0.00538381	0.575
-265.5	312.3	0.00329221	0.4665
-261.0	312.3	0.00266196	0.6071
-256.5	312.3	0.00262626	0.6511
-252.0	312.3	0.00258126	0.3878
-247.5	312.3	0.0019492	0.4216
-243.0	312.3	0.000977136	0.1733
-238.5	312.3	0.00159683	0.1679
-234.0	312.3	0.00335966	0.5209
-229.5	312.3	0.00492724	0.4104
-225.0	312.3	0.001628	0.2887
-220.5	312.3	0.00380252	0.5866
-216.0	312.3	0.0017941	0.1558
-211.5	312.3	0.00107825	0.1591
-207.0	312.3	0.00496725	0.3684
-202.5	312.3	0.00273474	0.2581
-198.0	312.3	0.00361532	0.5649
-193.5	312.3	0.00301045	0.3819
-189.0	312.3	0.00685799	0.4561
-184.5	312.3	0.00349151	0.3047
-180.0	312.3	0.00330997	0.3475
-175.5	312.3	0.00285989	0.4781
-171.0	312.3	0.00708651	0.3766
-166.5	312.3	0.00816702	0.3918
-162.0	312.3	0.00246365	0.1584
-157.5	312.3	0.00463779	0.4603
-153.0	312.3	0.00729868	0.3488
-148.5	312.3	0.00569241	0.3386
-144.0	312.3	0.00884579	0.3104
-139.5	312.3	0.00925852	0.3401
-135.0	312.3	0.0074223	0.363
-130.5	312.3	0.0025766	0.1204
-126.0	312.3	0.00538309	0.3195
-121.5	312.3	0.00899968	0.3806
-117.0	312.3	0.00648044	0.2678
-112.5	312.3	0.00567905	0.4274
-108.0	312.3	0.00721884	0.3008
-103.5	312.3	0.00860786	0.4384
-99.0	312.3	0.00726896	0.3428
-94.5	312.3	0.00571373	0.2999
-90.0	312.3	0.00611721	0.3053
-85.5	312.3	0.00867649	0.3344
-81.0	312.3	0.0079059	0.33
-76.5	312.3	0.00981546	0.3805
-72.0	312.3	0.0141511	0.399
-67.5	312.3	0.0104689	0.315
-63.0	312.3	0.00748339	0.2998
-58.5	312.3	0.0120281	0.334
-54.0	312.3	0.012855	0.3165
-49.5	312.3	0.00693739	0.2877
-45.0	312.3	0.012268	0.3162
-40.5	312.3	0.0101024	0.3078
-36.0	312.3	0.0173843	0.2814
-31.5	312.3	0.0124807	0.3032
-27.0	312.3	0.0168994	0.3063
-22.5	312.3	0.0133284	0.3307
-18.0	312.3	0.0111774	0.3571
-13.5	312.3	0.00976546	0.3704
-9.0	312.3	0.0186547	0.3162
-4.5	312.3	0.00881052	0.2747
0.0	312.3	0.0104253	0.3229
4.5	312.3	0.00944401	0.3167
9.0	312.3	0.0084019	0.2994
13.5	312.3	0.0105849	0.325
18.0	312.3	0.00817599	0.2929
22.5	312.3	0.00824725	0.3826
27.0	312.3	0.0140138	0.3375
31.5	312.3	0.0196647	0.2656
36.0	312.3	0.0150562	0.2832
40.5	312.3	0.00501329	0.2297
45.0	312.3	0.0107809	0.3375
49.5	312.3	0.0102643	0.3428
54.0	312.3	0.0170398	0.3229
58.5	312.3	0.00529373	0.2297
63.0	312.3	0.00847023	0.3234
67.5	312.3	0.00783805	0.3088
72.0	312.3	0.00873858	0.2707
76.5	312.3	0.00810252	0.4153
81.0	312.3	0.0118502	0.4014
85.5	312.3	0.00480412	0.3038
90.0	312.3	0.0134842	0.2893
94.5	312.3	0.00739754	0.251
99.0	312.3	0.00751177	0.2969
103.5	312.3	0.0127803	0.4088
108.0	312.3	0.00802918	0.3714
112.5	312.3	0.00524844	0.3389
117.0	312.3	0.00428213	0.2764
121.5	312.3	0.00732873	0.3504
126.0	312.3	0.00739999	0.3463
130.5	312.3	0.00722836	0.3364
135.0	312.3	0.00876915	0.3261
139.5	312.3	0.00843101	0.3891
144.0	312.3	0.00633286	0.447
148.5	312.3	0.00914041	0.3652
153.0	312.3	0.0115035	0.299
157.5	312.3	0.00312687	0.296
162.0	312.3	0.0123989	0.3661
166.5	312.3	0.00867853	0.4205
171.0	312.3	0.00940922	0.4766
175.5	312.3	0.00439516	0.3714
180.0	312.3	0.00732711	0.3567
184.5	312.3	0.00883965	0.3382
189.0	312.3	0.00541116	0.4376
193.5	312.3	0.00736	0.4249
198.0	312.3	0.00509075	0.5223
202.5	312.3	0.00927368	0.4548
207.0	312.3	0.00468812	0.3791
211.5	312.3	0.0101603	0.4112
216.0	312.3	0.00511526	0.4222
220.5	312.3	0.0120556	0.4464
225.0	312.3	0.00401807	0.4487
229.5	312.3	0.0132847	0.3143
234.0	312.3	0.00858258	0.3909
238.5	312.3	0.00865867	0.397
243.0	312.3	0.00371857	0.5098
247.5	312.3	0.00711433	0.3899
252.0	312.3	0.00499307	0.3945
256.5	312.3	0.00949899	0.547
261.0	312.3	0.00500635	0.5774
265.5	312.3	0.00552464	0.4678
270.0	312.3	0.00455743	0.603
274.5	312.3	0.00353689	0.5148
279.0	312.3	0.00761034	0.7024
283.5	312.3	0.00994237	0.4192
288.0	312.3	0.00815779	0.3963
292.5	312.3	0.0061888	0.4362
297.0	312.3	0.00604317	0.4744
301.5	312.3	0.0058475	0.3812
306.0	312.3	0.00630249	0.5556
310.5	312.3	0.00224903	0.2831
315.0	312.3	0.00510823	0.4867
319.5	312.3	0.00639017	0.4388
324.0	312.3	0.0057713	0.4618
328.5	312.3	0.00287913	0.4035
333.0	312.3	0.0064497	0.4314
337.5	312.3	0.00530307	0.5068
342.0	312.3	0.00726739	0.5376
346.5	312.3	0.00342729	0.6698
351.0	312.3	0.00956333	0.4205
355.5	312.3	0.000933617	0.1885
360.0	312.3	0.00509999	0.5317
364.5	312.3	0.00530644	0.5346
369.0	312.3	0.0075021	0.423
373.5	312.3	0.00631706	0.5044
378.0	312.3	0.00137826	0.6197
382.5	312.3	0.00567989	0.491
387.0	312.3	0.00468964	0.628
391.5	312.3	0.00619215	0.4546
396.0	312.3	0.00254312	0.549
400.5	312.3	0.00200761	0.5115
405.0	312.3	0.00568485	0.5584
409.5	312.3	0.001119	0.3729
414.0	312.3	0.000673541	0.2507
418.5	312.3	0.00212752	0.7823
423.0	312.3	0.000442268	0.2521
427.5	312.3	0.00301148	0.7548
432.0	312.3	0.00475412	0.6258
436.5	312.3	0.00481976	0.5202
441.0	312.3	0.00122383	0.3985
445.5	312.3	0.00105872	0.5213
-450.0	314.867	0.000921922	0.5336
-445.5	314.867	0.00288077	0.791
-441.0	314.867	0.00180993	0.7531
-436.5	314.867	0.000512031	0.3978
-432.0	314.867	0.00111551	0.7811
-427.5	314.867	0.000424252	0.3968
-423.0	314.867	0.00169713	0.6687
-418.5	314.867	0.00102404	0.7007
-414.0	314.867	0.00198523	0.7766
-409.5	314.867	0.00168967	0.6416
-405.0	314.867	0.00246596	0.5745
-400.5	314.867	0.000954933	0.3062
-396.0	314.867	0.000628952	0.2583
-391.5	314.867	0.00126587	0.7037
-387.0	314.867	0.000762087	0.4363
-382.5	314.867	0.00250741	0.6016
-378.0	314.867	0.000466087	0.2603
-373.5	314.867	0.000836547	0.4301
-369.0	314.867	0.00150666	0.6282
-364.5	314.867	0.000890257	0.2363
-360.0	314.867	0.000566127	0.2452
-355.5	314.867	0.000541469	0.241
-351.0	314.867	0.00272441	0.739
-346.5	314.867	0.000542068	0.254
-342.0	314.867	0.00116601	0.4923
-337.5	314.867	0.00352949	0.7105
-333.0	314.867	0.00321916	0.7394
-328.5	314.867	0.000601422	0.2409
-324.0	314.867	0.00194216	0.4393
-319.5	314.867	0.0032088	0.4504
-315.0	314.867	0.00417803	0.7203
-310.5	314.867	0.00172213	0.4479
-306.0	314.867	0.00289118	0.7211
-301.5	314.867	0.00298775	0.5827
-297.0	314.867	0.00730208	0.5904
-292.5	314.867	0.00520152	0.464
-288.0	314.867	0.00334665	0.5214
-283.5	314.867	0.00196379	0.6451
-279.0	314.867	0.0014353	0.4092
-274.5	314.867	0.00111759	0.1779
-270.0	314.867	0.00459708	0.4992
-265.5	314.867	0.00304315	0.4972
-261.0	314.867	0.00174133	0.446
-256.5	314.867	0.00102197	0.1823
-252.0	314.867	0.00230169	0.2627
-247.5	314.867	0.00371593	0.4116
-243.0	314.867	0.00128276	0.1707
-238.5	314.867	0.00205009	0.3693
-234.0	314.867	0.0016027	0.1769
-229.5	314.867	0.0027799	0.4513
-225.0	314.867	0.00160697	0.1487
-220.5	314.867	0.00385157	0.5786
-216.0	314.867	0.00470639	0.3362
-211.5	314.867	0.00300406	0.4287
-207.0	314.867	0.00170664	0.1551
-202.5	314.867	0.00171547	0.1456
-198.0	314.867	0.0035393	0.4967
-193.5	314.867	0.00376523	0.3653
-189.0	314.867	0.00529948	0.395
-184.5	314.867	0.00256335	0.4702
-180.0	314.867	0.00492515	0.5134
-175.5	314.867	0.00968836	0.3469
-171.0	314.867	0.0103608	0.3397
-166.5	314.867	0.00928664	0.3568
-162.0	314.867	0.00743588	0.3417
-157.5	314.867	0.0065428	0.3485
-153.0	314.867	0.00511595	0.4762
-148.5	314.867	0.00808111	0.4897
-144.0	314.867	0.00684552	0.3285
-139.5	314.867	0.00957198	0.3459
-135.0	314.867	0.00403091	0.2896
-130.5	314.867	0.00500106	0.3987
-126.0	314.867	0.00973259	0.4538
-121.5	314.867	0.00657324	0.3533
-117.0	314.867	0.00844254	0.4482
-112.5	314.867	0.00961032	0.4238
-108.0	314.867	0.00369672	0.2768
-103.5	314.867	0.013093	0.3233
-99.0	314.867	0.00537462	0.3777
-94.5	314.867	0.0107586	0.2719
-90.0	314.867	0.00700758	0.3863
-85.5	314.867	0.010903	0.2637
-81.0	314.867	0.00946896	0.3001
-76.5	314.867	0.00948526	0.3794
-72.0	314.867	0.0134831	0.3009
-67.5	314.867	0.00872526	0.4426
-63.0	314.867	0.00556682	0.2857
-58.5	314.867	0.0159041	0.31
-54.0	314.867	0.00694272	0.2894
-49.5	314.867	0.00592485	0.2485
-45.0	314.867	0.0110706	0.2898
-40.5	314.867	0.0117889	0.3115
-36.0	314.867	0.0101045	0.3158
-31.5	314.867	0.0115187	0.3433
-27.0	314.867	0.0180379	0.311
-22.5	314.867	0.0113425	0.3779
-18.0	314.867	0.0070319	0.3028
-13.5	314.867	0.00672918	0.353
-9.0	314.867	0.00965513	0.2947
-4.5	314.867	0.00934772	0.2847
0.0	314.867	0.0163812	0.2623
4.5	314.867	0.00494481	0.2415
9.0	314.867	0.0100669	0.2939
13.5	314.867	0.0120746	0.3268
18.0	314.867	0.0121909	0.2743
22.5	314.867	0.00650711	0.2822
27.0	314.867	0.0123973	0.2856
31.5	314.867	0.0116909	0.319
36.0	314.867	0.0119797	0.3373
40.5	314.867	0.0132272	0.3103
45.0	314.867	0.0133263	0.2559
49.5	314.867	0.00554512	0.4268
54.0	314.867	0.0106077	0.3305
58.5	314.867	0.00763358	0.3185
63.0	314.867	0.0101915	0.3351
67.5	314.867	0.0116592	0.3604
72.0	314.867	0.00859134	0.2833
76.5	314.867	0.0152102	0.3105
81.0	314.867	0.00500888	0.3619
85.5	314.867	0.00868296	0.3288
90.0	314.867	0.0097755	0.5298
94.5	314.867	0.00513368	0.2359
99.0	314.867	0.00428615	0.3632
103.5	314.867	0.0123818	0.3095
108.0	314.867	0.00668637	0.2859
112.5	314.867	0.00341578	0.1706
117.0	314.867	0.0072544	0.3483
121.5	314.867	0.00919811	0.3362
126.0	314.867	0.00556999	0.3757
130.5	314.867	0.0136899	0.3508
135.0	314.867	0.0126323	0.3332
139.5	314.867	0.0117771	0.3108
144.0	314.867	0.00590527	0.4076
148.5	314.867	0.0071815	0.4271
153.0	314.867	0.0102639	0.3864
157.5	314.867	0.00759523	0.4094
162.0	314.867	0.0094355	0.4069
166.5	314.867	0.00973767	0.4006
171.0	314.867	0.0101479	0.3295
175.5	314.867	0.0057715	0.304
180.0	314.867	0.0109054	0.3786
184.5	314.867	0.00864234	0.3284
189.0	314.867	0.00933701	0.3743
193.5	314.867	0.00310698	0.2016
198.0	314.867	0.0050512	0.3788
202.5	314.867	0.00904611	0.472
207.0	314.867	0.00363053	0.2468
211.5	314.867	0.00668722	0.3618
216.0	314.867	0.0074471	0.3713
220.5	314.867	0.00712315	0.5187
225.0	314.867	0.00646237	0.4521
229.5	314.867	0.00703104	0.342
234.0	314.867	0.0113012	0.4265
238.5	314.867	0.00740339	0.5106
243.0	314.867	0.00817287	0.4918
247.5	314.867	0.00713541	0.3412
252.0	314.867	0.00934875	0.4826
256.5	314.867	0.00353871	0.5919
261.0	314.867	0.0035312	0.6182
265.5	314.867	0.00732225	0.4942
270.0	314.867	0.00749535	0.4252
274.5	314.867	0.00780666	0.391
279.0	314.867	0.00672909	0.4684
283.5	314.867	0.00567595	0.4364
288.0	314.867	0.00998073	0.4195
292.5	314.867	0.00472645	0.3818
297.0	314.867	0.00734824	0.4449
301.5	314.867	0.00665756	0.533
306.0	314.867	0.00352443	0.3685
310.5	314.867	0.00549138	0.4334
315.0	314.867	0.00117283	0.1625
319.5	314.867	0.00330588	0.577
324.0	314.867	0.00593857	0.6072
328.5	314.867	0.00387923	0.4333
333.0	314.867	0.00749679	0.4039
337.5	314.867	0.00799996	0.3625
342.0	314.867	0.0113126	0.3793
346.5	314.867	0.00586809	0.6082
351.0	314.867	0.00246624	0.3034
355.5	314.867	0.00502493	0.4393
360.0	314.867	0.00450522	0.5827
364.5	314.867	0.00329884	0.5844
369.0	314.867	0.00367024	0.4969
373.5	314.867	0.00236749	0.5449
378.0	314.867	0.00593509	0.4909
382.5	314.867	0.00482088	0.8536
387.0	314.867	0.000618142	0.2153
391.5	314.867	0.00400885	0.5303
396.0	314.867	0.00336893	0.5105
400.5	314.867	0.00305816	0.5356
405.0	314.867	0.00319797	0.4538
409.5	314.867	0.000670054	0.2319
414.0	314.867	0.000750795	0.2278
418.5	314.867	0.00133584	0.5574
423.0	314.867	0.00380738	0.5078
427.5	314.867	0.00183153	0.4266
432.0	314.867	0.00380552	0.5336
436.5	314.867	0.00324244	0.6145
441.0	314.867	0.00207184	0.6901
445.5	314.867	0.00129616	0.4238
-450.0	317.433	0.00105626	0.4094
-445.5	317.433	0.000499245	0.3046
-441.0	317.433	0.000412423	0.2773
-436.5	317.433	0.000385927	0.3021
-432.0	317.433	0.00102546	0.6278
-427.5	317.433	0.000372348	0.3228
-423.0	317.433	0.000355857	0.2817
-418.5	317.433	0.000895344	0.6421
-414.0	317.433	0.00331414	0.646
-409.5	317.433	0.000469709	0.2419
-405.0	317.433	0.000611162	0.2329
-400.5	317.433	0.000946419	0.541
-396.0	317.433	0.00256841	0.6047
-391.5	317.433	0.00274824	0.8148
-387.0	317.433	0.00461595	0.597
-382.5	317.433	0.00178074	0.5658
-378.0	317.433	0.000471001	0.2623
-373.5	317.433	0.00190112	0.6383
-369.0	317.433	0.00123524	0.5402
-364.5	317.433	0.000665584	0.2349
-360.0	317.433	0.000433918	0.2796
-355.5	317.433	0.00169396	0.5994
-351.0	317.433	0.00360741	0.8272
-346.5	317.433	0.000633408	0.2304
-342.0	317.433	0.000653406	0.2198
-337.5	317.433	0.000748009	0.1998
-333.0	317.433	0.0032941	0.723
-328.5	317.433	0.000883817	0.1845
-324.0	317.433	0.00247878	0.6717
-319.5	317.433	0.00160681	0.2409
-315.0	317.433	0.00173806	0.5139
-310.5	317.433	0.00112958	0.275
-306.0	317.433	0.000670424	0.2788
-301.5	317.433	0.00112799	0.4814
-297.0	317.433	0.00347238	0.5717
-292.5	317.433	0.00224264	0.5845
-288.0	317.433	0.00166675	0.3117
-283.5	317.433	0.00165267	0.2389
-279.0	317.433	0.000872505	0.1962
-274.5	317.433	0.00197027	0.4752
-270.0	317.433	0.00540672	0.4566
-265.5	317.433	0.0018345	0.2731
-261.0	317.433	0.00311925	0.6303
-256.5	317.433	0.00216376	0.4606
-252.0	317.433	0.00303187	0.4995
-247.5	317.433	0.00230949	0.3423
-243.0	317.433	0.00513761	0.6249
-238.5	317.433	0.00122769	0.2001
-234.0	317.433	0.00451232	0.3271
-229.5	317.433	0.00302848	0.3769
-225.0	317.433	0.0014732	0.1465
-220.5	317.433	0.00428546	0.5304
-216.0	317.433	0.00329601	0.4971
-211.5	317.433	0.0073789	0.5118
-207.0	317.433	0.0035394	0.3763
-202.5	317.433	0.00135465	0.1699
-198.0	317.433	0.00613515	0.5281
-193.5	317.433	0.00478763	0.5107
-189.0	317.433	0.00373319	0.4243
-184.5	317.433	0.00730813	0.4195
-180.0	317.433	0.0054032	0.3024
-175.5	317.433	0.00984717	0.4269
-171.0	317.433	0.00459653	0.3344
-166.5	317.433	0.00469545	0.4146
-162.0	317.433	0.0104106	0.301
-157.5	317.433	0.00568772	0.5321
-153.0	317.433	0.00741457	0.3568
-148.5	317.433	0.00804984	0.3904
-144.0	317.433	0.0131184	0.3912
-139.5	317.433	0.00621791	0.3484
-135.0	317.433	0.00560337	0.3052
-130.5	317.433	0.00839076	0.3315
-126.0	317.433	0.00722534	0.3174
-121.5	317.433	0.00811215	0.3787
-117.0	317.433	0.0057965	0.3473
-112.5	317.433	0.00719257	0.3633
-108.0	317.433	0.00655631	0.4918
-103.5	317.433	0.00937879	0.3737
-99.0	317.433	0.00519374	0.2894
-94.5	317.433	0.00626133	0.3021
-90.0	317.433	0.00741752	0.3541
-85.5	317.433	0.00764066	0.3062
-81.0	317.433	0.0151854	0.3147
-76.5	317.433	0.0161679	0.3204
-72.0	317.433	0.00736466	0.3459
-67.5	317.433	0.00473302	0.2717
-63.0	317.433	0.0052251	0.3157
-58.5	317.433	0.00901401	0.4134
-54.0	317.433	0.0112477	0.3068
-49.5	317.433	0.00900661	0.3186
-45.0	317.433	0.00788919	0.3132
-40.5	317.433	0.0120186	0.3496
-36.0	317.433	0.00891506	0.3378
-31.5	317.433	0.0108175	0.3679
-27.0	317.433	0.0150171	0.368
-22.5	317.433	0.00925199	0.4098
-18.0	317.433	0.00977044	0.3347
-13.5	317.433	0.00908605	0.3441
-9.0	317.433	0.00704242	0.2216
-4.5	317.433	0.00575961	0.2395
0.0	317.433	0.0087787	0.2825
4.5	317.433	0.00851054	0.3858
9.0	317.433	0.0127862	0.3206
13.5	317.433	0.0123176	0.279
18.0	317.433	0.0118894	0.3039
22.5	317.433	0.0056032	0.4844
27.0	317.433	0.0105017	0.2962
31.5	317.433	0.0101505	0.3061
36.0	317.433	0.0101932	0.2659
40.5	317.433	0.00970496	0.2928
45.0	317.433	0.00875806	0.305
49.5	317.433	0.00924067	0.3346
54.0	317.433	0.00677806	0.32
58.5	317.433	0.00846266	0.3087
63.0	317.433	0.0149168	0.2844
67.5	317.433	0.0104909	0.3505
72.0	317.433	0.016744	0.2781
76.5	317.433	0.00972695	0.3444
81.0	317.433	0.0141549	0.3083
85.5	317.433	0.00922815	0.3003
90.0	317.433	0.00834497	0.33
94.5	317.433	0.0104782	0.3083
99.0	317.433	0.0095817	0.3518
103.5	317.433	0.0073701	0.3865
108.0	317.433	0.0166865	0.3258
112.5	317.433	0.0139991	0.3557
117.0	317.433	0.0108774	0.2973
121.5	317.433	0.0095125	0.3599
126.0	317.433	0.00743304	0.3169
130.5	317.433	0.0121265	0.3698
135.0	317.433	0.00865531	0.3591
139.5	317.433	0.00854214	0.3118
144.0	317.433	0.00940472	0.305
148.5	317.433	0.0114236	0.351
153.0	317.433	0.00488556	0.3734
157.5	317.433	0.00999899	0.454
162.0	317.433	0.0143748	0.3507
166.5	317.433	0.0148531	0.3633
171.0	317.433	0.0075711	0.4052
175.5	317.433	0.00679151	0.2585
180.0	317.433	0.010122	0.5443
184.5	317.433	0.0107016	0.3664
189.0	317.433	0.00504529	0.4145
193.5	317.433	0.00460315	0.2778
198.0	317.433	0.00483877	0.3628
202.5	317.433	0.00858698	0.4152
207.0	317.433	0.00393641	0.4188
211.5	317.433	0.0128781	0.45
216.0	317.433	0.00882684	0.4029
220.5	317.433	0.00934725	0.365
225.0	317.433	0.00632058	0.4108
229.5	317.433	0.0190303	0.5685
234.0	317.433	0.0124525	0.4859
238.5	317.433	0.00656277	0.3763
243.0	317.433	0.00309799	0.3423
247.5	317.433	0.0106449	0.3928
252.0	317.433	0.00767866	0.4715
256.5	317.433	0.00905968	0.4353
261.0	317.433	0.0114885	0.5405
265.5	317.433	0.00930501	0.3618
270.0	317.433	0.00827819	0.3547
274.5	317.433	0.00599112	0.5254
279.0	317.433	0.00986972	0.4716
283.5	317.433	0.00293498	0.5173
288.0	317.433	0.00188195	0.2187
292.5	317.433	0.00688807	0.5171
297.0	317.433	0.00524217	0.4848
301.5	317.433	0.00257856	0.2977
306.0	317.433	0.00475404	0.4287
310.5	317.433	0.00505972	0.458
315.0	317.433	0.00374702	0.4746
319.5	317.433	0.00345474	0.5369
324.0	317.433	0.00121974	0.2084
328.5	317.433	0.00276719	0.4671
333.0	317.433	0.00727807	0.4101
337.5	317.433	0.00531395	0.4707
342.0	317.433	0.00829742	0.4468
346.5	317.433	0.00383687	0.4659
351.0	317.433	0.00190443	0.5063
355.5	317.433	0.0056862	0.4803
360.0	317.433	0.00689475	0.4306
364.5	317.433	0.00202133	0.4663
369.0	317.433	0.00423308	0.5229
373.5	317.433	0.00325774	0.8203
378.0	317.433	0.000748268	0.2061
382.5	317.433	0.00164631	0.4254
387.0	317.433	0.000427661	0.2554
391.5	317.433	0.000939525	0.2318
396.0	317.433	0.00327224	0.6914
400.5	317.433	0.00222011	0.5676
405.0	317.433	0.00674579	0.4861
409.5	317.433	0.00223177	0.7847
414.0	317.433	0.000562985	0.2368
418.5	317.433	0.000860929	0.311
423.0	317.433	0.00268857	0.6954
427.5	317.433	0.00444511	0.534
432.0	317.433	0.00181586	0.5013
436.5	317.433	0.00297598	0.531
441.0	317.433	0.0044684	0.6493
445.5	317.433	0.000560791	0.2955
