Parent,Nuclide,Atoms_EOB,Atoms_after_cooling,Activity_EOB_Bq,Activity_after_cooling_Bq
Na24,"Nuclide: Na-24, decay dataset: icrp107_ame2020_nubase2020",27621.30750784576,9083.97911394264,0.35552048604040926,0.11692207795928818
Na24,"Nuclide: Mg-24, decay dataset: icrp107_ame2020_nubase2020",-27621.30750784576,-36705.2866217884,-0.0,-0.0
Li7,"Nuclide: Li-7, decay dataset: icrp107_ame2020_nubase2020",0.0,0.0,0.0,0.0
Be9,"Nuclide: Be-9, decay dataset: icrp107_ame2020_nubase2020",0.0,0.0,0.0,0.0
Ar44,"Nuclide: Ar-44, decay dataset: icrp107_ame2020_nubase2020",2531758.929702943,7.659456246151716e-31,2464.0291547052234,7.4545499882649884e-34
Ar44,"Nuclide: K-44, decay dataset: icrp107_ame2020_nubase2020",-5460800.691379501,-1.410010236344106e-13,-2850.6842919336505,-7.360631268885218e-17
Ar44,"Nuclide: Ca-44, decay dataset: icrp107_ame2020_nubase2020",2929041.761676557,2929041.761676557,0.0,0.0
K45,"Nuclide: K-45, decay dataset: icrp107_ame2020_nubase2020",1256681.679997992,1.1025372591139576e-19,839.1766506280767,7.362433454885641e-23
K45,"Nuclide: Ca-45, decay dataset: icrp107_ame2020_nubase2020",-1256774.4979203418,-1251430.6953523897,-0.06198143280257277,-0.06171788787838484
K45,"Nuclide: Sc-45, decay dataset: icrp107_ame2020_nubase2020",92.81792234990131,1251523.5132747395,0.0,0.0
K46,"Nuclide: K-46, decay dataset: icrp107_ame2020_nubase2020",1267026.342115535,2.5009412963309067e-242,8364.149873643464,1.6509718174263834e-244
K46,"Nuclide: Ca-46, decay dataset: icrp107_ame2020_nubase2020",-1267026.342115535,-1267026.342115535,-0.0,-0.0
Ca46,"Nuclide: Ca-46, decay dataset: icrp107_ame2020_nubase2020",0.0,0.0,0.0,0.0
Ca47,"Nuclide: Ca-47, decay dataset: icrp107_ame2020_nubase2020",16032.252879074565,13760.363828526233,0.028355233444059155,0.024337086719877846
Ca47,"Nuclide: Sc-47, decay dataset: icrp107_ame2020_nubase2020",45243.71556736701,75617.86798450016,0.10837494734638313,0.18113195078029426
Ca47,"Nuclide: Ti-47, decay dataset: icrp107_ame2020_nubase2020",-61275.96844644156,-150654.20025946794,-0.0,-0.0
Sc48,"Nuclide: Sc-48, decay dataset: icrp107_ame2020_nubase2020",39589.75861701382,27048.543359011914,0.1745511129203364,0.11925693692308818
Sc48,"Nuclide: Ti-48, decay dataset: icrp107_ame2020_nubase2020",-39589.75861701382,-66638.30197602573,-0.0,-0.0
Sc49,"Nuclide: Sc-49, decay dataset: icrp107_ame2020_nubase2020",1942103.835281829,0.0512737324272878,392.238868817091,1.0355548679708503e-05
Sc49,"Nuclide: Ti-49, decay dataset: icrp107_ame2020_nubase2020",-1942103.835281829,-1942103.8865555613,-0.0,-0.0
Sc50,"Nuclide: Sc-50, decay dataset: icrp107_ame2020_nubase2020",2534052.68423107,4.545230163833518e-248,17136.307058196366,3.073671681031436e-250
Sc50,"Nuclide: Ti-50, decay dataset: icrp107_ame2020_nubase2020",-2534052.68423107,-2534052.68423107,-0.0,-0.0
Ti44,"Nuclide: Ti-44, decay dataset: icrp107_ame2020_nubase2020",6.679240509545546,6.679029251394535,2.4451561577620696e-09,2.445078819752144e-09
Ti44,"Nuclide: Sc-44, decay dataset: icrp107_ame2020_nubase2020",0.2947930860694213,0.00451404973665336,1.4297159002070015e-05,2.1892673158890568e-07
Ti44,"Nuclide: Ca-44, decay dataset: icrp107_ame2020_nubase2020",-6.974033595614967,-13.657576896746153,-0.0,-0.0
Ti50,"Nuclide: Ti-50, decay dataset: icrp107_ame2020_nubase2020",0.0,0.0,0.0,0.0
Ti51,"Nuclide: Ti-51, decay dataset: icrp107_ame2020_nubase2020",6335128.319814909,3.5015191032365856e-69,12705.950038672363,7.022766475941053e-72
Ti51,"Nuclide: V-51, decay dataset: icrp107_ame2020_nubase2020",-6335128.319814909,-6335128.319814909,-0.0,-0.0
Ti52,"Nuclide: Ti-52, decay dataset: icrp107_ame2020_nubase2020",13949772.781419808,1.4270959036464307e-248,94796.5262048334,9.697916686285987e-251
Ti52,"Nuclide: V-52, decay dataset: icrp107_ame2020_nubase2020",-25557512.22606674,-3.9429239619934994e-109,-78881.1004614146,-1.2169501413385177e-111
Ti52,"Nuclide: Cr-52, decay dataset: icrp107_ame2020_nubase2020",11607739.444646928,11607739.444646928,0.0,0.0
V47,"Nuclide: V-47, decay dataset: icrp107_ame2020_nubase2020",4661447.645072925,2.3522871032461987e-07,1651.8759164162036,8.33579332046331e-11
V47,"Nuclide: Ti-47, decay dataset: icrp107_ame2020_nubase2020",-4661447.645072925,-4661447.6450731605,-0.0,-0.0
V50,"Nuclide: V-50, decay dataset: icrp107_ame2020_nubase2020",0.0,0.0,0.0,0.0
V50,"Nuclide: Ti-50, decay dataset: icrp107_ame2020_nubase2020",0.0,0.0,0.0,0.0
V53,"Nuclide: V-53, decay dataset: icrp107_ame2020_nubase2020",8862942.885734284,5.0507773746246134e-263,63595.48522474683,3.62415330937579e-265
V53,"Nuclide: Cr-53, decay dataset: icrp107_ame2020_nubase2020",-8862942.885734284,-8862942.885734284,-0.0,-0.0
Cr48,"Nuclide: Cr-48, decay dataset: icrp107_ame2020_nubase2020",631628.9883966126,291987.1426582136,5.640742275652474,2.607581744656969
Cr48,"Nuclide: V-48, decay dataset: icrp107_ame2020_nubase2020",-669267.9301547554,-950233.8427636469,-0.33613338384085734,-0.4772458123525946
Cr48,"Nuclide: Ti-48, decay dataset: icrp107_ame2020_nubase2020",37638.94175814277,695885.641863576,0.0,0.0
Cr49,"Nuclide: Cr-49, decay dataset: icrp107_ame2020_nubase2020",7622456.085637891,0.00043078968057569037,2081.7509632395195,1.176519513417491e-07
Cr49,"Nuclide: V-49, decay dataset: icrp107_ame2020_nubase2020",-7623134.659949661,-7607139.482048512,-0.1853238740380508,-0.1849350197849386
Cr49,"Nuclide: Ti-49, decay dataset: icrp107_ame2020_nubase2020",678.574311769553,7607818.055929491,0.0,0.0
Cr50,"Nuclide: Cr-50, decay dataset: icrp107_ame2020_nubase2020",0.0,0.0,0.0,0.0
Cr51,"Nuclide: Cr-51, decay dataset: icrp107_ame2020_nubase2020",2639.1143144586563,2573.9000253411064,0.0007642772940679285,0.0007453914882700283
Cr51,"Nuclide: V-51, decay dataset: icrp107_ame2020_nubase2020",-2639.1143144586563,-5213.014339799763,-0.0,-0.0
Cr52,"Nuclide: Cr-52, decay dataset: icrp107_ame2020_nubase2020",0.0,0.0,0.0,0.0
Cr54,"Nuclide: Cr-54, decay dataset: icrp107_ame2020_nubase2020",0.0,0.0,0.0,0.0
Cr55,"Nuclide: Cr-55, decay dataset: icrp107_ame2020_nubase2020",5055622.350076686,5.5613897336444195e-118,16701.412534226954,1.8372231502576756e-120
Cr55,"Nuclide: Mn-55, decay dataset: icrp107_ame2020_nubase2020",-5055622.350076687,-5055622.350076687,-0.0,-0.0
Cr56,"Nuclide: Cr-56, decay dataset: icrp107_ame2020_nubase2020",27868314.912943836,2.9386107542212343e-66,54199.89873418545,5.71517889745113e-69
Cr56,"Nuclide: Mn-56, decay dataset: icrp107_ame2020_nubase2020",-28980844.508967895,-45775.97261702557,-2163.7122052077834,-3.4176378340550597
Cr56,"Nuclide: Fe-56, decay dataset: icrp107_ame2020_nubase2020",1112529.5960240588,1158305.5686410842,0.0,0.0
Mn51,"Nuclide: Mn-51, decay dataset: icrp107_ame2020_nubase2020",29698076.726962637,0.01230198557197549,7426.096014194472,3.076149572331867e-06
Mn51,"Nuclide: Cr-51, decay dataset: icrp107_ame2020_nubase2020",-29732511.092329554,-28997800.764914393,-8.610420169749826,-8.397650901710067
Mn51,"Nuclide: V-51, decay dataset: icrp107_ame2020_nubase2020",34434.36536691561,29032235.117979325,0.0,0.0
Mn52,"Nuclide: Mn-52, decay dataset: icrp107_ame2020_nubase2020",91094.29788348234,80472.83562622627,0.13071138582308117,0.11547062890008133
Mn52,"Nuclide: Cr-52, decay dataset: icrp107_ame2020_nubase2020",-91094.29788348234,-171567.1335097086,-0.0,-0.0
Mn53,"Nuclide: Mn-53, decay dataset: icrp107_ame2020_nubase2020",0.0004868715638884366,0.00048687156363871436,2.890303537516924e-18,2.890303536034453e-18
Mn53,"Nuclide: Cr-53, decay dataset: icrp107_ame2020_nubase2020",-0.0004868715638884366,-0.000973743127527151,-0.0,-0.0
Mn54,"Nuclide: Mn-54, decay dataset: icrp107_ame2020_nubase2020",1640.0624366831187,1636.4242741296803,4.215513671769974e-05,4.206162366818951e-05
Mn54,"Nuclide: Cr-54, decay dataset: icrp107_ame2020_nubase2020",-1640.0624366831187,-3276.486710812799,-0.0,-0.0
Mn55,"Nuclide: Mn-55, decay dataset: icrp107_ame2020_nubase2020",0.0,0.0,0.0,0.0
Mn56,"Nuclide: Mn-56, decay dataset: icrp107_ame2020_nubase2020",1583174.3939675528,2500.663763742601,118.19992885783661,0.1866997597346204
Mn56,"Nuclide: Fe-56, decay dataset: icrp107_ame2020_nubase2020",-1583174.3939675528,-1585675.0577312955,-0.0,-0.0
Mn57,"Nuclide: Mn-57, decay dataset: icrp107_ame2020_nubase2020",6335131.710577675,1.7653002524433654e-298,51418.954141250804,1.4328019822281948e-300
Mn57,"Nuclide: Fe-57, decay dataset: icrp107_ame2020_nubase2020",-6335131.710577675,-6335131.710577675,-0.0,-0.0
Fe52,"Nuclide: Fe-52, decay dataset: icrp107_ame2020_nubase2020",8231380.430080807,1102540.9808152134,191.52595291127295,25.653681514060487
Fe52,"Nuclide: Mn-52m, decay dataset: icrp107_ame2020_nubase2020",365339.9100718044,48934.82266554691,200.02711580750017,26.792286225769946
Fe52,"Nuclide: Cr-52, decay dataset: icrp107_ame2020_nubase2020",-8596720.340152612,-9748196.143633373,-0.0,-0.0
Fe53,"Nuclide: Fe-53, decay dataset: icrp107_ame2020_nubase2020",20283750.15752534,2.3391206826992327e-44,27535.49595156881,3.17539151234318e-47
Fe53,"Nuclide: Mn-53, decay dataset: icrp107_ame2020_nubase2020",-20283750.157614037,-20283750.14721026,-1.2041408696461706e-07,-1.2041408690285523e-07
Fe53,"Nuclide: Cr-53, decay dataset: icrp107_ame2020_nubase2020",8.87018008606549e-05,20283750.147298962,0.0,0.0
Fe54,"Nuclide: Fe-54, decay dataset: icrp107_ame2020_nubase2020",0.0,0.0,0.0,0.0
Fe55,"Nuclide: Fe-55, decay dataset: icrp107_ame2020_nubase2020",73.2085094728803,73.15776593749068,5.87513074470011e-07,5.871058473498185e-07
Fe55,"Nuclide: Mn-55, decay dataset: icrp107_ame2020_nubase2020",-73.2085094728803,-146.36627541037097,-0.0,-0.0
Fe58,"Nuclide: Fe-58, decay dataset: icrp107_ame2020_nubase2020",0.0,0.0,0.0,0.0
Fe59,"Nuclide: Fe-59, decay dataset: icrp107_ame2020_nubase2020",24656.30778179553,24275.185847134147,0.004445581229988859,0.00437686418873264
Fe59,"Nuclide: Co-59, decay dataset: icrp107_ame2020_nubase2020",-24656.30778179553,-48931.493628929675,-0.0,-0.0
Fe60,"Nuclide: Fe-60, decay dataset: icrp107_ame2020_nubase2020",0.006284416365999995,0.00628441635804906,9.202471061375896e-17,9.202471049733088e-17
Fe60,"Nuclide: Co-60m, decay dataset: icrp107_ame2020_nubase2020",0.9996461570093116,8.337819197448553e-14,0.0011033118615467483,9.202471049855181e-17
Fe60,"Nuclide: Co-60, decay dataset: icrp107_ame2020_nubase2020",-0.9996199077591135,-0.999260067165718,-4.165315780791714e-09,-4.163816361171711e-09
Fe60,"Nuclide: Ni-60, decay dataset: icrp107_ame2020_nubase2020",-0.00631066561619816,0.9866649851913873,-0.0,0.0
Fe61,"Nuclide: Fe-61, decay dataset: icrp107_ame2020_nubase2020",103921031.47299582,3.3719029119562248e-65,200759.67103229763,6.514005007091211e-68
Fe61,"Nuclide: Co-61, decay dataset: icrp107_ame2020_nubase2020",-110601828.24077763,-4625.345588427598,-12906.287106038779,-0.5397382582043722
Fe61,"Nuclide: Ni-61, decay dataset: icrp107_ame2020_nubase2020",6680796.767781815,6685422.1133702425,0.0,0.0
Fe62,"Nuclide: Fe-62, decay dataset: icrp107_ame2020_nubase2020",283676587.4342417,0.0,2891612.1583957565,0.0
Fe62,"Nuclide: Co-62, decay dataset: icrp107_ame2020_nubase2020",-1160495129.412807,-1.190823741600632e-280,-8937710.300067067,-9.171290211492477e-283
Fe62,"Nuclide: Ni-62, decay dataset: icrp107_ame2020_nubase2020",876818541.9785653,876818541.9785653,0.0,0.0
Co55,"Nuclide: Co-55, decay dataset: icrp107_ame2020_nubase2020",20335500.158063855,7872637.200786467,223.35511503831972,86.46916839856245
Co55,"Nuclide: Fe-55, decay dataset: icrp107_ame2020_nubase2020",-20350369.344984695,-28214657.37108767,-0.16331582416524,-0.22642832392792187
Co55,"Nuclide: Mn-55, decay dataset: icrp107_ame2020_nubase2020",14869.186920840395,20356889.357222043,0.0,0.0
Co56,"Nuclide: Co-56, decay dataset: icrp107_ame2020_nubase2020",174291.41380638228,172734.12931758942,0.018105131209161875,0.017943362827209864
Co56,"Nuclide: Fe-56, decay dataset: icrp107_ame2020_nubase2020",-174291.41380638228,-347025.54312397167,-0.0,-0.0
Co57,"Nuclide: Co-57, decay dataset: icrp107_ame2020_nubase2020",14260.75627146032,14224.426666808995,0.0004210180398736639,0.00041994548673212424
Co57,"Nuclide: Fe-57, decay dataset: icrp107_ame2020_nubase2020",-14260.75627146032,-28485.182938269314,-0.0,-0.0
Co58,"Nuclide: Co-58, decay dataset: icrp107_ame2020_nubase2020",30005.97113166833,29713.88589001602,0.003397177645846893,0.003364108712691259
Co58,"Nuclide: Fe-58, decay dataset: icrp107_ame2020_nubase2020",-30005.97113166833,-59719.85702168435,-0.0,-0.0
Co59,"Nuclide: Co-59, decay dataset: icrp107_ame2020_nubase2020",0.0,0.0,0.0,0.0
Co60,"Nuclide: Co-60, decay dataset: icrp107_ame2020_nubase2020",265.8991612300482,265.80344941109087,1.1079751051113484e-06,1.1075762835724647e-06
Co60,"Nuclide: Ni-60, decay dataset: icrp107_ame2020_nubase2020",-265.8991612300482,-531.702610641139,-0.0,-0.0
Co61,"Nuclide: Co-61, decay dataset: icrp107_ame2020_nubase2020",12965983.066131769,542.2347309124178,1513.0192938513856,0.06327415402922947
Co61,"Nuclide: Ni-61, decay dataset: icrp107_ame2020_nubase2020",-12965983.066131769,-12966525.300862681,-0.0,-0.0
Co62,"Nuclide: Co-62, decay dataset: icrp107_ame2020_nubase2020",59606411.6611003,6.11641775640835e-282,459066.8465131902,4.710641914423594e-284
Co62,"Nuclide: Ni-62, decay dataset: icrp107_ame2020_nubase2020",-59606411.6611003,-59606411.6611003,-0.0,-0.0
Ni56,"Nuclide: Ni-56, decay dataset: icrp107_ame2020_nubase2020",9184486.72318228,8194125.816424676,12.12886960269785,10.82101662629215
Ni56,"Nuclide: Co-56, decay dataset: icrp107_ame2020_nubase2020",-9968630.589251192,-18773277.052643053,-1.035526425843064,-1.9501399227940848
Ni56,"Nuclide: Fe-56, decay dataset: icrp107_ame2020_nubase2020",784143.8660689145,11363295.102287292,0.0,0.0
Ni57,"Nuclide: Ni-57, decay dataset: icrp107_ame2020_nubase2020",43980784.96961256,27562677.668620154,237.8679549040275,149.07141319199926
Ni57,"Nuclide: Co-57, decay dataset: icrp107_ame2020_nubase2020",-44222178.32770728,-71823479.75683545,-1.3055643392304046,-2.1204331725832186
Ni57,"Nuclide: Fe-57, decay dataset: icrp107_ame2020_nubase2020",241393.35809471653,44502195.446310006,0.0,0.0
Ni58,"Nuclide: Ni-58, decay dataset: icrp107_ame2020_nubase2020",0.0,0.0,0.0,0.0
Ni59,"Nuclide: Ni-59, decay dataset: icrp107_ame2020_nubase2020",0.6743426101878292,0.6743425975170378,1.4665267779795863e-13,1.4665267504237795e-13
Ni59,"Nuclide: Co-59, decay dataset: icrp107_ame2020_nubase2020",-0.6743426101878292,-1.348685207704867,-0.0,-0.0
Ni60,"Nuclide: Ni-60, decay dataset: icrp107_ame2020_nubase2020",0.0,0.0,0.0,0.0
Ni61,"Nuclide: Ni-61, decay dataset: icrp107_ame2020_nubase2020",0.0,0.0,0.0,0.0
Ni62,"Nuclide: Ni-62, decay dataset: icrp107_ame2020_nubase2020",0.0,0.0,0.0,0.0
Ni63,"Nuclide: Ni-63, decay dataset: icrp107_ame2020_nubase2020",38.01393546223198,38.01321477114714,8.341411071421898e-09,8.341252929926653e-09
Ni63,"Nuclide: Cu-63, decay dataset: icrp107_ame2020_nubase2020",-38.01393546223198,-76.02715023337912,-0.0,-0.0
Ni64,"Nuclide: Ni-64, decay dataset: icrp107_ame2020_nubase2020",0.0,0.0,0.0,0.0
Ni65,"Nuclide: Ni-65, decay dataset: icrp107_ame2020_nubase2020",107838590.21059175,145419.08706338448,8248.617479547409,11.123164917757297
Ni65,"Nuclide: Cu-65, decay dataset: icrp107_ame2020_nubase2020",-107838590.21059176,-107984009.29765515,-0.0,-0.0
Ni66,"Nuclide: Ni-66, decay dataset: icrp107_ame2020_nubase2020",21906790.31704002,16153174.107727565,77.25188208879833,56.9623885320781
Ni66,"Nuclide: Cu-66, decay dataset: icrp107_ame2020_nubase2020",34292.31194753612,25285.015479493326,77.3750629600156,57.051553352947174
Ni66,"Nuclide: Zn-66, decay dataset: icrp107_ame2020_nubase2020",-21941082.62898755,-38119541.75219461,-0.0,-0.0
Cu57,"Nuclide: Cu-57, decay dataset: icrp107_ame2020_nubase2020",2518448911.5449185,0.0,8892795529.402054,0.0
Cu57,"Nuclide: Ni-57, decay dataset: icrp107_ame2020_nubase2020",-2518452768.968325,-1578309753.7408357,-13620.930369723641,-8536.212202369863
Cu57,"Nuclide: Co-57, decay dataset: icrp107_ame2020_nubase2020",3857.423441985732,1586976327.3930616,0.00011388209892891259,46.85204977677623
Cu57,"Nuclide: Fe-57, decay dataset: icrp107_ame2020_nubase2020",-3.517051579809044e-05,-8666573.65226129,-0.0,-0.0
Cu59,"Nuclide: Cu-59, decay dataset: icrp107_ame2020_nubase2020",2402980993.667394,1.78654424058237e-310,20437049.088339757,1.51943325559e-312
Cu59,"Nuclide: Ni-59, decay dataset: icrp107_ame2020_nubase2020",-2402980993.72884,-2402980948.577206,-0.000522588358059973,-0.0005225883482406202
Cu59,"Nuclide: Co-59, decay dataset: icrp107_ame2020_nubase2020",0.061445752491033206,2402980948.638652,0.0,0.0
Cu60,"Nuclide: Cu-60, decay dataset: icrp107_ame2020_nubase2020",2603578478.9118896,1.3339530879939347e-09,1269102.0267400332,6.50229129354591e-13
Cu60,"Nuclide: Ni-60, decay dataset: icrp107_ame2020_nubase2020",-2603578478.9118896,-2603578478.9118896,-0.0,-0.0
Cu61,"Nuclide: Cu-61, decay dataset: icrp107_ame2020_nubase2020",405649628.7030721,2757517.9664627016,23433.58472769969,159.29641329108037
Cu61,"Nuclide: Ni-61, decay dataset: icrp107_ame2020_nubase2020",-405649628.7030721,-408407146.6695348,-0.0,-0.0
Cu62,"Nuclide: Cu-62, decay dataset: icrp107_ame2020_nubase2020",842448434.1485373,1.2936447688647457e-36,1006135.2164051128,1.5449984909623362e-39
Cu62,"Nuclide: Ni-62, decay dataset: icrp107_ame2020_nubase2020",-842448434.1485373,-842448434.1485373,-0.0,-0.0
Cu63,"Nuclide: Cu-63, decay dataset: icrp107_ame2020_nubase2020",0.0,0.0,0.0,0.0
Cu64,"Nuclide: Cu-64, decay dataset: icrp107_ame2020_nubase2020",12037398.03250569,3248306.7824527444,182.49537417999016,49.2466029713663
Cu64,"Nuclide: Ni-64, decay dataset: icrp107_ame2020_nubase2020",-12037398.03250569,-15285704.814958435,-0.0,-0.0
Cu65,"Nuclide: Cu-65, decay dataset: icrp107_ame2020_nubase2020",0.0,0.0,0.0,0.0
Cu66,"Nuclide: Cu-66, decay dataset: icrp107_ame2020_nubase2020",113907530.58211818,2.46527945447166e-77,257013.94423027657,5.5625048930969765e-80
Cu66,"Nuclide: Zn-66, decay dataset: icrp107_ame2020_nubase2020",-113907530.58211818,-113907530.58211818,-0.0,-0.0
Cu67,"Nuclide: Cu-67, decay dataset: icrp107_ame2020_nubase2020",10032848.346835302,7666128.9008985385,31.24265703719157,23.872606041057622
Cu67,"Nuclide: Zn-67, decay dataset: icrp107_ame2020_nubase2020",-10032848.346835302,-17698977.24773384,-0.0,-0.0
Cu69,"Nuclide: Cu-69, decay dataset: icrp107_ame2020_nubase2020",2974079073.9799256,2.365844961332346e-143,12055406.578312973,9.589934295844844e-146
Cu69,"Nuclide: Zn-69, decay dataset: icrp107_ame2020_nubase2020",-3132363393.6726713,-64.56540955746927,-641604.2715169603,-0.013224979786187342
Cu69,"Nuclide: Ga-69, decay dataset: icrp107_ame2020_nubase2020",158284319.69274634,158284384.2581559,0.0,0.0
Zn60,"Nuclide: Zn-60, decay dataset: icrp107_ame2020_nubase2020",1263905587.5783038,9.245255930582257e-174,6134962.1465256475,4.4876212057690514e-176
Zn60,"Nuclide: Cu-60, decay dataset: icrp107_ame2020_nubase2020",-1404998236.6286798,-7.198560564074654e-10,-684859.7513437864,-3.5089043312787314e-13
Zn60,"Nuclide: Ni-60, decay dataset: icrp107_ame2020_nubase2020",141092649.050376,141092649.050376,0.0,0.0
Zn61,"Nuclide: Zn-61, decay dataset: icrp107_ame2020_nubase2020",301464888.29645485,3.7270236943150266e-284,2345224.886200971,2.899411858130833e-286
Zn61,"Nuclide: Cu-61, decay dataset: icrp107_ame2020_nubase2020",-303720236.247676,-2064624.1213357733,-17545.323318504943,-119.26929264759356
Zn61,"Nuclide: Ni-61, decay dataset: icrp107_ame2020_nubase2020",2255347.9512211895,4319972.072556963,0.0,0.0
Zn62,"Nuclide: Zn-62, decay dataset: icrp107_ame2020_nubase2020",18097996.35070135,2958952.6742000547,379.3385811825006,62.02039648293534
Zn62,"Nuclide: Cu-62, decay dataset: icrp107_ame2020_nubase2020",323299.4699550289,52858.05424236802,386.1161929698698,63.128314669668235
Zn62,"Nuclide: Ni-62, decay dataset: icrp107_ame2020_nubase2020",-18421295.820656385,-21433106.54909881,-0.0,-0.0
Zn63,"Nuclide: Zn-63, decay dataset: icrp107_ame2020_nubase2020",11212192.531915123,6.047926262767463e-05,3366.9957722000877,1.8161784235645586e-08
Zn63,"Nuclide: Cu-63, decay dataset: icrp107_ame2020_nubase2020",-11212192.531915123,-11212192.531975603,-0.0,-0.0
Zn64,"Nuclide: Zn-64, decay dataset: icrp107_ame2020_nubase2020",0.0,0.0,0.0,0.0
Zn65,"Nuclide: Zn-65, decay dataset: icrp107_ame2020_nubase2020",299.8346778978093,298.98433488506515,9.85591551651337e-06,9.827963750051853e-06
Zn65,"Nuclide: Cu-65, decay dataset: icrp107_ame2020_nubase2020",-299.8346778978093,-598.8190127828744,-0.0,-0.0
Zn66,"Nuclide: Zn-66, decay dataset: icrp107_ame2020_nubase2020",0.0,0.0,0.0,0.0
Zn67,"Nuclide: Zn-67, decay dataset: icrp107_ame2020_nubase2020",0.0,0.0,0.0,0.0
Zn68,"Nuclide: Zn-68, decay dataset: icrp107_ame2020_nubase2020",0.0,0.0,0.0,0.0
Zn69,"Nuclide: Zn-69, decay dataset: icrp107_ame2020_nubase2020",322489234.7081881,6.647264988113585,66055.7044323035,0.0013615641208468586
Zn69,"Nuclide: Ga-69, decay dataset: icrp107_ame2020_nubase2020",-322489234.7081881,-322489241.35545313,-0.0,-0.0
Zn70,"Nuclide: Zn-70, decay dataset: icrp107_ame2020_nubase2020",0.0,0.0,0.0,0.0
Zn71,"Nuclide: Zn-71, decay dataset: icrp107_ame2020_nubase2020",3036494164.7251563,3.5518664833416107e-168,14317941.28616305,1.67480696507048e-170
Zn71,"Nuclide: Ga-71, decay dataset: icrp107_ame2020_nubase2020",-3036494164.7251563,-3036494164.7251563,-0.0,-0.0
Zn72,"Nuclide: Zn-72, decay dataset: icrp107_ame2020_nubase2020",278662172.07957774,194853269.62718043,1153.8464689705472,806.8219502088825
Zn72,"Nuclide: Ga-72, decay dataset: icrp107_ame2020_nubase2020",121269649.05419701,122067363.15685591,1655.9833595234572,1666.8764501686685
Zn72,"Nuclide: Ge-72, decay dataset: icrp107_ame2020_nubase2020",-399931821.1337747,-716852453.9178112,-0.0,-0.0
Ga64,"Nuclide: Ga-64, decay dataset: icrp107_ame2020_nubase2020",53364902.586638585,5.206230827978311e-158,234676.6385533858,2.2894837074974217e-160
Ga64,"Nuclide: Zn-64, decay dataset: icrp107_ame2020_nubase2020",-53364902.586638585,-53364902.586638585,-0.0,-0.0
Ga65,"Nuclide: Ga-65, decay dataset: icrp107_ame2020_nubase2020",134871636.22654876,4.0859162270812484e-21,102506.46314466979,3.1054181061463776e-24
Ga65,"Nuclide: Zn-65, decay dataset: icrp107_ame2020_nubase2020",-134877469.65507612,-134494951.81323764,-4.433579715734537,-4.4210059081978255
Ga65,"Nuclide: Cu-65, decay dataset: icrp107_ame2020_nubase2020",5833.428527345662,134500785.241765,0.0,0.0
Ga66,"Nuclide: Ga-66, decay dataset: icrp107_ame2020_nubase2020",2583041.993079074,447541.45449040603,52.406869065996425,9.080087149154725
Ga66,"Nuclide: Zn-66, decay dataset: icrp107_ame2020_nubase2020",-2583041.993079074,-3030583.44756948,-0.0,-0.0
Ga67,"Nuclide: Ga-67, decay dataset: icrp107_ame2020_nubase2020",66841.439575382,54042.97932978718,0.16442963006347636,0.1329454774639213
Ga67,"Nuclide: Zn-67, decay dataset: icrp107_ame2020_nubase2020",-66841.439575382,-120884.41890516918,-0.0,-0.0
Ga68,"Nuclide: Ga-68, decay dataset: icrp107_ame2020_nubase2020",1792211.4055796457,0.7101228750706534,305.78109652560136,0.00012115878223461472
Ga68,"Nuclide: Zn-68, decay dataset: icrp107_ame2020_nubase2020",-1792211.4055796457,-1792212.1157025208,-0.0,-0.0
Ga69,"Nuclide: Ga-69, decay dataset: icrp107_ame2020_nubase2020",0.0,0.0,0.0,0.0
Ga70,"Nuclide: Ga-70, decay dataset: icrp107_ame2020_nubase2020",115657923.7244264,3.612608582316105e-13,63204.00799353781,1.974195406259121e-16
Ga70,"Nuclide: Ge-70, decay dataset: icrp107_ame2020_nubase2020",-115657923.7244264,-115657923.7244264,-0.0,-0.0
Ga71,"Nuclide: Ga-71, decay dataset: icrp107_ame2020_nubase2020",0.0,0.0,0.0,0.0
Ga72,"Nuclide: Ga-72, decay dataset: icrp107_ame2020_nubase2020",143191519.61490157,44007410.66845128,1955.3348719693286,600.9379950469004
Ga72,"Nuclide: Ge-72, decay dataset: icrp107_ame2020_nubase2020",-143191519.61490157,-187198930.28335285,-0.0,-0.0
Ga73,"Nuclide: Ga-73, decay dataset: icrp107_ame2020_nubase2020",1548958633.5520113,50521000.180389985,61365.81559502526,2001.513993718896
Ga73,"Nuclide: Ge-73, decay dataset: icrp107_ame2020_nubase2020",-1548958633.5520113,-1599479633.7324011,-0.0,-0.0
Ga74,"Nuclide: Ga-74, decay dataset: icrp107_ame2020_nubase2020",9486756184.15633,3.9128028500444223e-44,13496958.747347262,5.566806780778346e-47
Ga74,"Nuclide: Ge-74, decay dataset: icrp107_ame2020_nubase2020",-9486756184.15633,-9486756184.15633,-0.0,-0.0
Ge71,"Nuclide: Ge-71, decay dataset: icrp107_ame2020_nubase2020",121287.22714297636,114150.60953436392,0.08512959270204276,0.08012051330759651
Ge71,"Nuclide: Ga-71, decay dataset: icrp107_ame2020_nubase2020",-121287.22714297636,-235437.83667734027,-0.0,-0.0
Ge72,"Nuclide: Ge-72, decay dataset: icrp107_ame2020_nubase2020",0.0,0.0,0.0,0.0
Ge73,"Nuclide: Ge-73, decay dataset: icrp107_ame2020_nubase2020",0.0,0.0,0.0,0.0
Ge74,"Nuclide: Ge-74, decay dataset: icrp107_ame2020_nubase2020",0.0,0.0,0.0,0.0
Ge75,"Nuclide: Ge-75, decay dataset: icrp107_ame2020_nubase2020",3303585611.5296197,19160.92282776425,461035.48610174726,2.6740234426575427
Ge75,"Nuclide: As-75, decay dataset: icrp107_ame2020_nubase2020",-3303585611.5296197,-3303604772.4524474,-0.0,-0.0
Ge77,"Nuclide: Ge-77, decay dataset: icrp107_ame2020_nubase2020",2763531891.9043946,634028438.2091923,47087.86478026112,10803.220853970675
Ge77,"Nuclide: As-77, decay dataset: icrp107_ame2020_nubase2020",-3897854826.0690928,-3433873061.6241784,-19327.746894738943,-17027.06549249969
Ge77,"Nuclide: Se-77, decay dataset: icrp107_ame2020_nubase2020",1134322934.164698,3934167557.5796843,0.0,0.0
Ge78,"Nuclide: Ge-78, decay dataset: icrp107_ame2020_nubase2020",33772032288.80594,400508.5688620777,4433520.636887362,52.57791388197876
Ge78,"Nuclide: As-78, decay dataset: icrp107_ame2020_nubase2020",-1134490121701.1428,-32312014.741711378,-144499931.86884534,-4115.579183467224
Ge78,"Nuclide: Se-78, decay dataset: icrp107_ame2020_nubase2020",1100718089412.3367,1100750000918.5095,0.0,0.0
As68,"Nuclide: As-68, decay dataset: icrp107_ame2020_nubase2020",140746029.6290895,3.8473957052241625e-164,643520.5383404348,1.7591104786111944e-166
As68,"Nuclide: Ge-68, decay dataset: icrp107_ame2020_nubase2020",-140746941.0839533,-140387340.9203526,-4.167364886612047,-4.156717514218244
As68,"Nuclide: Ga-68, decay dataset: icrp107_ame2020_nubase2020",947.492573431249,-24367.13571083149,0.16165800371076583,-4.157438934742384
As68,"Nuclide: Zn-68, decay dataset: icrp107_ame2020_nubase2020",-36.037709619084865,140411672.0183538,-0.0,0.0
As69,"Nuclide: As-69, decay dataset: icrp107_ame2020_nubase2020",60596235.85399998,2.0892498404978355e-21,45964.22634574913,1.584764320886835e-24
As69,"Nuclide: Ge-69, decay dataset: icrp107_ame2020_nubase2020",-60992701.39435365,-39835093.02557435,-300.73210276163667,-196.411882330488
As69,"Nuclide: Ga-69, decay dataset: icrp107_ame2020_nubase2020",396465.54035366594,40231558.56592801,0.0,0.0
As70,"Nuclide: As-70, decay dataset: icrp107_ame2020_nubase2020",2012791.73151134,0.011552433656364203,442.0661957387375,2.537242337615547e-06
As70,"Nuclide: Ge-70, decay dataset: icrp107_ame2020_nubase2020",-2012791.73151134,-2012791.7430637737,-0.0,-0.0
As71,"Nuclide: As-71, decay dataset: icrp107_ame2020_nubase2020",53246.09283835526,41268.14544796543,0.15704733084294595,0.12171882941940264
As71,"Nuclide: Ge-71, decay dataset: icrp107_ame2020_nubase2020",-69874.02953350972,-119918.1542964016,-0.04904347980209103,-0.08416866205374832
As71,"Nuclide: Ga-71, decay dataset: icrp107_ame2020_nubase2020",16627.936695154454,95277.94554359063,0.0,0.0
As73,"Nuclide: As-73, decay dataset: icrp107_ame2020_nubase2020",5475.476448932738,5428.415706866687,0.0005470387468866906,0.0005423370465675543
As73,"Nuclide: Ge-73, decay dataset: icrp107_ame2020_nubase2020",-5475.476448932738,-10903.892155799425,-0.0,-0.0
As74,"Nuclide: As-74, decay dataset: icrp107_ame2020_nubase2020",209643.34791738205,201623.30896010454,0.0946466784505207,0.09102590986477366
As74,"Nuclide: Ge-74, decay dataset: icrp107_ame2020_nubase2020",-209643.34791738205,-411266.6568774866,-0.0,-0.0
As75,"Nuclide: As-75, decay dataset: icrp107_ame2020_nubase2020",0.0,0.0,0.0,0.0
As76,"Nuclide: As-76, decay dataset: icrp107_ame2020_nubase2020",82889187.709809,43570993.31440497,616.9804784948395,324.31796047671725
As76,"Nuclide: Se-76, decay dataset: icrp107_ame2020_nubase2020",-82889187.70980899,-126460181.02421397,-0.0,-0.0
As77,"Nuclide: As-77, decay dataset: icrp107_ame2020_nubase2020",273626552.7849644,178278092.68715665,1356.7936703381913,884.0026132551236
As77,"Nuclide: Se-77, decay dataset: icrp107_ame2020_nubase2020",-273626552.7849644,-451904645.472121,-0.0,-0.0
As78,"Nuclide: As-78, decay dataset: icrp107_ame2020_nubase2020",9011135904.945757,149786.2682824417,1147747.785034113,19.078267097862927
As78,"Nuclide: Se-78, decay dataset: icrp107_ame2020_nubase2020",-9011135904.945757,-9011285691.214039,-0.0,-0.0
As79,"Nuclide: As-79, decay dataset: icrp107_ame2020_nubase2020",42750152100.37017,3.3082277857422786e-38,54813443.20547615,4.241747618086073e-41
As79,"Nuclide: Se-79m, decay dataset: icrp107_ame2020_nubase2020",32923496314.055214,2.5477903575854086e-38,97027332.67118676,7.50847662847849e-41
As79,"Nuclide: Se-79, decay dataset: icrp107_ame2020_nubase2020",-75673648418.81984,-75673647932.00124,-0.0056344746000964036,-0.0056344745638490824
As79,"Nuclide: Br-79, decay dataset: icrp107_ame2020_nubase2020",4.394444720899153,75673647936.39568,0.0,0.0
Se70,"Nuclide: Se-70, decay dataset: icrp107_ame2020_nubase2020",83687531.41024618,0.0023747856333509567,23523.023700338203,6.675085021052229e-07
Se70,"Nuclide: As-70, decay dataset: icrp107_ame2020_nubase2020",-382779490.69952404,-2.2078279000815435,-84069.24105023665,-0.0004849016743038994
Se70,"Nuclide: Ge-70, decay dataset: icrp107_ame2020_nubase2020",299091959.2892779,299091961.494731,0.0,0.0
Se71,"Nuclide: Se-71, decay dataset: icrp107_ame2020_nubase2020",40569808.013059385,1.4323606155108666e-84,98877.8060482081,3.4909870681661914e-87
Se71,"Nuclide: As-71, decay dataset: icrp107_ame2020_nubase2020",-40618963.90734035,-31481545.802104317,-119.80409309316764,-92.85362503573235
Se71,"Nuclide: Ge-71, decay dataset: icrp107_ame2020_nubase2020",49170.052996088525,41359028.694837175,0.034511685057821616,29.029250237480415
Se71,"Nuclide: Ga-71, decay dataset: icrp107_ame2020_nubase2020",-14.158715120249044,-9877497.051447976,-0.0,-0.0
Se72,"Nuclide: Se-72, decay dataset: icrp107_ame2020_nubase2020",8682.768548323562,7995.052505058055,0.008292598846347341,0.007635786075713348
Se72,"Nuclide: As-72, decay dataset: icrp107_ame2020_nubase2020",1285.655466087099,1861.8105915962406,0.009520816896258067,0.01378748677672626
Se72,"Nuclide: Ge-72, decay dataset: icrp107_ame2020_nubase2020",-9968.424014410662,-19825.287111064958,-0.0,-0.0
Se73,"Nuclide: Se-73, decay dataset: icrp107_ame2020_nubase2020",223312.48483831144,21800.309982758095,6.013536101379608,0.5870560761414764
Se73,"Nuclide: As-73, decay dataset: icrp107_ame2020_nubase2020",-224144.06885223792,-244099.08193105788,-0.022393574639684943,-0.02438722130231883
Se73,"Nuclide: Ge-73, decay dataset: icrp107_ame2020_nubase2020",831.5840139264158,223130.35596222623,0.0,0.0
Se75,"Nuclide: Se-75, decay dataset: icrp107_ame2020_nubase2020",1835.60089323684,1825.0091598920994,0.00012294455403868336,0.00012223514278411073
Se75,"Nuclide: As-75, decay dataset: icrp107_ame2020_nubase2020",-1835.6008932368397,-3660.6100531289394,-0.0,-0.0
Se76,"Nuclide: Se-76, decay dataset: icrp107_ame2020_nubase2020",0.0,0.0,0.0,0.0
Se77,"Nuclide: Se-77, decay dataset: icrp107_ame2020_nubase2020",0.0,0.0,0.0,0.0
Se78,"Nuclide: Se-78, decay dataset: icrp107_ame2020_nubase2020",0.0,0.0,0.0,0.0
Se79,"Nuclide: Se-79, decay dataset: icrp107_ame2020_nubase2020",2.7102907855301552,2.7102907680944957,2.0180161666616718e-13,2.0180161536795065e-13
Se79,"Nuclide: Br-79, decay dataset: icrp107_ame2020_nubase2020",-2.7102907855301552,-5.42058155362465,-0.0,-0.0
Se80,"Nuclide: Se-80, decay dataset: icrp107_ame2020_nubase2020",0.0,0.0,0.0,0.0
Se81,"Nuclide: Se-81, decay dataset: icrp107_ame2020_nubase2020",36727823957.004196,1.1748194995428796e-13,22997098.124570433,7.356123069331462e-17
Se81,"Nuclide: Br-81, decay dataset: icrp107_ame2020_nubase2020",-36727823957.004196,-36727823957.004196,-0.0,-0.0
Se83,"Nuclide: Se-83, decay dataset: icrp107_ame2020_nubase2020",91376228764.0372,3.3275530645980196e-09,47337201.2989484,1.7238296150147405e-12
Se83,"Nuclide: Br-83, decay dataset: icrp107_ame2020_nubase2020",-108119777666.12949,-105585720.37707958,-8673948.964357153,-8470.653285505032
Se83,"Nuclide: Kr-83m, decay dataset: icrp107_ame2020_nubase2020",21010761939.058838,-336617048.17217284,2210617.8505578088,-35416.690629774275
Se83,"Nuclide: Kr-83, decay dataset: icrp107_ame2020_nubase2020",-4267213036.9665456,-3825010268.417293,-0.0,-0.0
Se84,"Nuclide: Se-84, decay dataset: icrp107_ame2020_nubase2020",161343009574.45184,2.368437044728988e-129,601260495.6429439,8.826212149933479e-132
Se84,"Nuclide: Br-84, decay dataset: icrp107_ame2020_nubase2020",-178770303290.626,-0.004175883782576824,-64944513.466322705,-1.517034628007927e-06
Se84,"Nuclide: Kr-84, decay dataset: icrp107_ame2020_nubase2020",17427293716.17419,17427293716.178368,0.0,0.0
Br72,"Nuclide: Br-72, decay dataset: icrp107_ame2020_nubase2020",17725885.77146857,0.0,156318.6736058663,0.0
Br72,"Nuclide: Se-72, decay dataset: icrp107_ame2020_nubase2020",-17727805.690662634,-16323680.230274063,-16.93118735118684,-15.590157804200542
Br72,"Nuclide: As-72, decay dataset: icrp107_ame2020_nubase2020",1921.592584685784,-2415932.404636669,0.014230197460041123,-17.890990755313204
Br72,"Nuclide: Ge-72, decay dataset: icrp107_ame2020_nubase2020",-1.6733906205401183,18739610.96152011,-0.0,0.0
Br74,"Nuclide: Br-74, decay dataset: icrp107_ame2020_nubase2020",1219097.5274764195,1.046576502272546e-11,554.4711377938848,4.760049552431131e-15
Br74,"Nuclide: Se-74, decay dataset: icrp107_ame2020_nubase2020",-1219097.5274764197,-1219097.5274764197,-0.0,-0.0
Br77,"Nuclide: Br-77, decay dataset: icrp107_ame2020_nubase2020",91423.66623477991,68295.03990377445,0.3086260163517153,0.23054890456870425
Br77,"Nuclide: Se-77, decay dataset: icrp107_ame2020_nubase2020",-91423.66623477991,-159718.70613855438,-0.0,-0.0
Br78,"Nuclide: Br-78, decay dataset: icrp107_ame2020_nubase2020",29147772.781305414,2.3011440349460898e-60,52125.12002828628,4.115148348517075e-63
Br78,"Nuclide: Se-78, decay dataset: icrp107_ame2020_nubase2020",-29147772.781305414,-29147772.781305414,-0.0,-0.0
Br79,"Nuclide: Br-79, decay dataset: icrp107_ame2020_nubase2020",0.0,0.0,0.0,0.0
Br80,"Nuclide: Br-80, decay dataset: icrp107_ame2020_nubase2020",1032895404.2426842,3.13167117738371e-16,674913.77947223,2.046294350532016e-19
Br80,"Nuclide: Kr-80, decay dataset: icrp107_ame2020_nubase2020",-1032895404.2426844,-1032895404.2426844,-0.0,-0.0
Br81,"Nuclide: Br-81, decay dataset: icrp107_ame2020_nubase2020",0.0,0.0,0.0,0.0
Br82,"Nuclide: Br-82, decay dataset: icrp107_ame2020_nubase2020",582884150.859859,363844622.5350092,3179.2926169467196,1984.5599171548567
Br82,"Nuclide: Kr-82, decay dataset: icrp107_ame2020_nubase2020",-582884150.859859,-946728773.3948681,-0.0,-0.0
Br83,"Nuclide: Br-83, decay dataset: icrp107_ame2020_nubase2020",22319431436.292595,21796319.762004487,1790584.603213799,1748.6177765759755
Br83,"Nuclide: Kr-83m, decay dataset: icrp107_ame2020_nubase2020",71657121980.20738,78056051.46013299,7539303.5925350385,8212.557983490162
Br83,"Nuclide: Kr-83, decay dataset: icrp107_ame2020_nubase2020",-93976553416.49998,-94076405787.72212,-0.0,-0.0
Br84,"Nuclide: Br-84, decay dataset: icrp107_ame2020_nubase2020",73471129176.78238,0.0017162072848204432,26690936.08042046,6.234718242818287e-07
Br84,"Nuclide: Kr-84, decay dataset: icrp107_ame2020_nubase2020",-73471129176.78238,-73471129176.78409,-0.0,-0.0
Br85,"Nuclide: Br-85, decay dataset: icrp107_ame2020_nubase2020",166960367741.76706,5.5673692762079374e-139,665104069.9164222,2.2178197223790778e-141
Br85,"Nuclide: Kr-85m, decay dataset: icrp107_ame2020_nubase2020",-168781296912.05798,-4117784633.6060305,-7253861.612465524,-176973.63646683327
Br85,"Nuclide: Rb-85, decay dataset: icrp107_ame2020_nubase2020",1820929170.2909257,5938713803.896956,0.0,0.0
Kr74,"Nuclide: Kr-74, decay dataset: icrp107_ame2020_nubase2020",15187094.503569428,3.0710291163866525e-31,15256.36483485013,3.085036483247693e-34
Kr74,"Nuclide: Br-74, decay dataset: icrp107_ame2020_nubase2020",-27751955.90046546,-2.382462787670027e-10,-12622.171907763497,-1.0835940709071305e-13
Kr74,"Nuclide: Se-74, decay dataset: icrp107_ame2020_nubase2020",12564861.39689603,12564861.39689603,0.0,0.0
Kr75,"Nuclide: Kr-75, decay dataset: icrp107_ame2020_nubase2020",3807320.5209600106,3.432305450943934e-95,10252.655340293137,9.242784950047862e-98
Kr75,"Nuclide: Br-75, decay dataset: icrp107_ame2020_nubase2020",-3984069.2680976973,-131.08824827171543,-475.96456055454047,-0.01566071177078278
Kr75,"Nuclide: Se-75, decay dataset: icrp107_ame2020_nubase2020",176753.14354922294,175864.40924707678,0.011838540986039255,0.011779015496136292
Kr75,"Nuclide: As-75, decay dataset: icrp107_ame2020_nubase2020",-4.396411536712974,-175737.71741034178,-0.0,-0.0
Kr80,"Nuclide: Kr-80, decay dataset: icrp107_ame2020_nubase2020",0.0,0.0,0.0,0.0
Kr81,"Nuclide: Kr-81, decay dataset: icrp107_ame2020_nubase2020",0.06293181199452307,0.06293181147299311,6.0362264319989985e-15,6.036226381975444e-15
Kr81,"Nuclide: Br-81, decay dataset: icrp107_ame2020_nubase2020",-0.06293181199452307,-0.12586362346751617,-0.0,-0.0
Kr82,"Nuclide: Kr-82, decay dataset: icrp107_ame2020_nubase2020",0.0,0.0,0.0,0.0
Kr83,"Nuclide: Kr-83, decay dataset: icrp107_ame2020_nubase2020",0.0,0.0,0.0,0.0
Kr84,"Nuclide: Kr-84, decay dataset: icrp107_ame2020_nubase2020",0.0,0.0,0.0,0.0
Kr85,"Nuclide: Kr-85, decay dataset: icrp107_ame2020_nubase2020",578148.541471045,578046.5427234609,0.0011806452095964352,0.00118043691652972
Kr85,"Nuclide: Rb-85, decay dataset: icrp107_ame2020_nubase2020",-578148.541471045,-1156195.084194506,-0.0,-0.0
Kr86,"Nuclide: Kr-86, decay dataset: icrp107_ame2020_nubase2020",0.0,0.0,0.0,0.0
Kr87,"Nuclide: Kr-87, decay dataset: icrp107_ame2020_nubase2020",81208758166.05145,169162.0034954091,12295679.72030865,25.61253075157589
Kr87,"Nuclide: Rb-87, decay dataset: icrp107_ame2020_nubase2020",-81208758166.0517,-81208927328.05206,-3.6232958962172436e-08,-3.6233034437280734e-08
Kr87,"Nuclide: Sr-87, decay dataset: icrp107_ame2020_nubase2020",0.00023930629854484187,81208758166.04881,0.0,0.0
Kr88,"Nuclide: Kr-88, decay dataset: icrp107_ame2020_nubase2020",68462340842.13239,195675426.00535727,4641478.7293875255,13266.027957793387
Kr88,"Nuclide: Rb-88, decay dataset: icrp107_ame2020_nubase2020",7975759535.606835,22795892.244628835,5182204.007245947,14811.500222827895
Kr88,"Nuclide: Sr-88, decay dataset: icrp107_ame2020_nubase2020",-76438100377.73924,-76656571695.98923,-0.0,-0.0
Kr89,"Nuclide: Kr-89, decay dataset: icrp107_ame2020_nubase2020",133568294193.00546,3.2508061753144036e-127,489854426.0956775,1.1922154153259462e-129
Kr89,"Nuclide: Rb-89, decay dataset: icrp107_ame2020_nubase2020",-168629971417.67352,-4.113227240155919e-18,-128586786.84935595,-3.136492700238108e-21
Kr89,"Nuclide: Sr-89, decay dataset: icrp107_ame2020_nubase2020",35063195149.4541,34585498350.32946,5566.906270217926,5491.063401506875
Kr89,"Nuclide: Y-89, decay dataset: icrp107_ame2020_nubase2020",-1517924.786045061,-34587016275.1155,-0.0,-0.0
Rb81,"Nuclide: Rb-81, decay dataset: icrp107_ame2020_nubase2020",331154.04872066935,8733.76335903672,13.93371790026119,0.36748394085045527
Rb81,"Nuclide: Kr-81m, decay dataset: icrp107_ame2020_nubase2020",264.54716067195824,6.950718386645669,13.997718972893642,0.3677764009595128
Rb81,"Nuclide: Kr-81, decay dataset: icrp107_ame2020_nubase2020",-331418.5966368397,-340159.3079876485,-3.1788655525275684e-08,-3.26270377554714e-08
Rb81,"Nuclide: Br-81, decay dataset: icrp107_ame2020_nubase2020",0.0007554983311173441,331418.5946657235,0.0,0.0
Rb82,"Nuclide: Rb-82, decay dataset: icrp107_ame2020_nubase2020",3807320.535421066,0.0,34551.36808870245,0.0
Rb82,"Nuclide: Kr-82, decay dataset: icrp107_ame2020_nubase2020",-3807320.535421066,-3807320.535421066,-0.0,-0.0
Rb83,"Nuclide: Rb-83, decay dataset: icrp107_ame2020_nubase2020",49126.85028429375,48733.397908270985,0.004572180566881064,0.004535562397850601
Rb83,"Nuclide: Kr-83m, decay dataset: icrp107_ame2020_nubase2020",44.02583037995022,43.15126839150058,0.0046321159987360175,0.004540100185663951
Rb83,"Nuclide: Kr-83, decay dataset: icrp107_ame2020_nubase2020",-49170.876114673694,-97947.42529133619,-0.0,-0.0
Rb84,"Nuclide: Rb-84, decay dataset: icrp107_ame2020_nubase2020",741956.5153568196,726427.5509103844,0.18164093553189922,0.17783923614452263
Rb84,"Nuclide: Kr-84, decay dataset: icrp107_ame2020_nubase2020",-741956.5153568196,-1468384.066267204,-0.0,-0.0
Rb85,"Nuclide: Rb-85, decay dataset: icrp107_ame2020_nubase2020",0.0,0.0,0.0,0.0
Rb86,"Nuclide: Rb-86, decay dataset: icrp107_ame2020_nubase2020",39198071.27052855,37767370.86611023,16.868789278438033,16.253091034610048
Rb86,"Nuclide: Sr-86, decay dataset: icrp107_ame2020_nubase2020",-39198071.27052855,-76965442.13663878,-0.0,-0.0
Rb87,"Nuclide: Rb-87, decay dataset: icrp107_ame2020_nubase2020",0.00016980659086580753,0.000169806590865801,7.576270561565149e-23,7.576270561564857e-23
Rb87,"Nuclide: Sr-87, decay dataset: icrp107_ame2020_nubase2020",-0.00016980659086580753,-0.0003396131817316085,-0.0,-0.0
Rb88,"Nuclide: Rb-88, decay dataset: icrp107_ame2020_nubase2020",76984416733.15166,3.2064223178102024e-14,50020183.16988746,2.0833545081314458e-17
Rb88,"Nuclide: Sr-88, decay dataset: icrp107_ame2020_nubase2020",-76984416733.15166,-76984416733.15166,-0.0,-0.0
Rb89,"Nuclide: Rb-89, decay dataset: icrp107_ame2020_nubase2020",140165211521.83676,3.4189139766017354e-18,106881321.42898735,2.6070523470390358e-21
Rb89,"Nuclide: Sr-89, decay dataset: icrp107_ame2020_nubase2020",-140194401348.29224,-138284409503.74362,-22258.356336000008,-21955.111137433207
Rb89,"Nuclide: Y-89, decay dataset: icrp107_ame2020_nubase2020",29189826.455454327,138313599330.19907,0.0,0.0
Rb90,"Nuclide: Rb-90, decay dataset: icrp107_ame2020_nubase2020",149172066879.60944,3.6292464490916475e-154,654418971.9993726,1.5921531289525748e-156
Rb90,"Nuclide: Sr-90, decay dataset: icrp107_ame2020_nubase2020",-149172092821.89957,-149162260046.59158,-113.80902070705388,-113.80151891159424
Rb90,"Nuclide: Y-90, decay dataset: icrp107_ame2020_nubase2020",25960.08624255874,-37875980.77148953,0.07797781498579744,-113.77027770281103
Rb90,"Nuclide: Zr-90, decay dataset: icrp107_ame2020_nubase2020",-17.79610241750724,149200136009.567,-0.0,0.0
Sr79,"Nuclide: Sr-79, decay dataset: icrp107_ame2020_nubase2020",1267026.3421155347,2.7770801820887503e-187,6505.449901722693,1.4258705914101606e-189
Sr79,"Nuclide: Rb-79, decay dataset: icrp107_ame2020_nubase2020",-1405079.0862370424,-1.6531172677428743e-13,-708.8257693514921,-8.339545656993694e-17
Sr79,"Nuclide: Kr-79, decay dataset: icrp107_ame2020_nubase2020",138200.67632431097,85965.70711737174,0.7593972693562416,0.47237195200127036
Sr79,"Nuclide: Br-79, decay dataset: icrp107_ame2020_nubase2020",-147.93220280324496,-86113.63932017499,-0.0,-0.0
Sr83,"Nuclide: Sr-83, decay dataset: icrp107_ame2020_nubase2020",53052.63929106732,31753.42774009846,0.3151743918703683,0.1886403280123008
Sr83,"Nuclide: Rb-83, decay dataset: icrp107_ame2020_nubase2020",-53896.99360203135,-85724.13443746288,-0.00501613242726667,-0.007978248540655495
Sr83,"Nuclide: Kr-83m, decay dataset: icrp107_ame2020_nubase2020",-49.99758307920021,-77.58420390105104,-0.00526042558381288,-0.008162913204311086
Sr83,"Nuclide: Kr-83, decay dataset: icrp107_ame2020_nubase2020",894.3518940432268,54942.64279530869,0.0,0.0
Sr84,"Nuclide: Sr-84, decay dataset: icrp107_ame2020_nubase2020",0.0,0.0,0.0,0.0
Sr85,"Nuclide: Sr-85, decay dataset: icrp107_ame2020_nubase2020",20313.50038244295,20097.50326268198,0.0025133529395352278,0.0024866280036225778
Sr85,"Nuclide: Rb-85, decay dataset: icrp107_ame2020_nubase2020",-20313.50038244295,-40411.00364512493,-0.0,-0.0
Sr86,"Nuclide: Sr-86, decay dataset: icrp107_ame2020_nubase2020",0.0,0.0,0.0,0.0
Sr87,"Nuclide: Sr-87, decay dataset: icrp107_ame2020_nubase2020",0.0,0.0,0.0,0.0
Sr88,"Nuclide: Sr-88, decay dataset: icrp107_ame2020_nubase2020",0.0,0.0,0.0,0.0
Sr89,"Nuclide: Sr-89, decay dataset: icrp107_ame2020_nubase2020",37793071.50255087,37278183.19277462,6.0003227264820564,5.9185750435359425
Sr89,"Nuclide: Y-89, decay dataset: icrp107_ame2020_nubase2020",-37793071.50255088,-75071254.6953255,-0.0,-0.0
Sr90,"Nuclide: Sr-90, decay dataset: icrp107_ame2020_nubase2020",464568.0181387632,464537.3958363525,0.00035443647800339416,0.0003544131150929246
Sr90,"Nuclide: Y-90, decay dataset: icrp107_ame2020_nubase2020",118.04905678474661,209.08506881067484,0.0003545907907700988,0.0006280409340583352
Sr90,"Nuclide: Zr-90, decay dataset: icrp107_ame2020_nubase2020",-464686.067195548,-929432.5481007111,-0.0,-0.0
Sr91,"Nuclide: Sr-91, decay dataset: icrp107_ame2020_nubase2020",14518895700.410568,2580495265.6510696,290288.7856116158,51594.06420429001
Sr91,"Nuclide: Y-91m, decay dataset: icrp107_ame2020_nubase2020",1366688075.3212733,242906362.60862204,317614.15748469083,56450.70085906192
Sr91,"Nuclide: Y-91, decay dataset: icrp107_ame2020_nubase2020",-15995276214.300163,-18649801511.337524,-2193.1753930595346,-2557.147823651982
Sr91,"Nuclide: Zr-91, decay dataset: icrp107_ame2020_nubase2020",109692438.5683218,15936092321.646154,0.0,0.0
Sr92,"Nuclide: Sr-92, decay dataset: icrp107_ame2020_nubase2020",68194669078.322655,131126453.42428368,4936188.659237451,9491.429771080537
Sr92,"Nuclide: Y-92, decay dataset: icrp107_ame2020_nubase2020",-274328555155.6558,-3024320075.417931,-14920752.083586492,-164493.0110943801
Sr92,"Nuclide: Zr-92, decay dataset: icrp107_ame2020_nubase2020",206133886077.3331,209027079699.32675,0.0,0.0
Sr93,"Nuclide: Sr-93, decay dataset: icrp107_ame2020_nubase2020",134814762422.33607,5.400483211243203e-48,209812906.89052296,8.404799747484274e-51
Sr93,"Nuclide: Y-93, decay dataset: icrp107_ame2020_nubase2020",-136473310861.17975,-26628720053.44633,-2581207.450477726,-503646.09874935605
Sr93,"Nuclide: Zr-93, decay dataset: icrp107_ame2020_nubase2020",1658548438.8589792,28287268510.460327,2.3810444201317507e-05,0.00040609753245396147
Sr93,"Nuclide: Nb-93m, decay dataset: icrp107_ame2020_nubase2020",-0.015289550569153588,17465.175150943774,-2.0820498370437113e-11,2.378314844016726e-05
Sr93,"Nuclide: Nb-93, decay dataset: icrp107_ame2020_nubase2020",-9.791246381653994e-06,-1658565922.189158,-0.0,-0.0
Sr94,"Nuclide: Sr-94, decay dataset: icrp107_ame2020_nubase2020",139497727814.1981,0.0,1284096370.9021256,0.0
Sr94,"Nuclide: Y-94, decay dataset: icrp107_ame2020_nubase2020",-149533247928.24667,-9.858669650352464e-13,-92378386.09753607,-6.090471543862489e-16
Sr94,"Nuclide: Zr-94, decay dataset: icrp107_ame2020_nubase2020",10035520114.048597,10035520114.048597,0.0,0.0
Y81,"Nuclide: Y-81, decay dataset: icrp107_ame2020_nubase2020",103921126.0897717,0.0,1023190.845876986,0.0
Y81,"Nuclide: Sr-81, decay dataset: icrp107_ame2020_nubase2020",-109692699.1723964,-3.994564912913019e-12,-56825.997876948284,-2.069373248841063e-15
Y81,"Nuclide: Rb-81, decay dataset: icrp107_ame2020_nubase2020",5796343.961822446,152871.13869122652,243.88837137558835,6.432243029623885
Y81,"Nuclide: Kr-81m, decay dataset: icrp107_ame2020_nubase2020",5664.109719609103,121.66166986756583,299.6993650785674,6.437362095489933
Y81,"Nuclide: Kr-81, decay dataset: icrp107_ame2020_nubase2020",-30434.9889176491,-183427.78937528376,-2.919230810933881e-09,-1.7593831092716558e-08
Y81,"Nuclide: Br-81, decay dataset: icrp107_ame2020_nubase2020",2.96373725092303e-07,30434.98901448608,0.0,0.0
Y83,"Nuclide: Y-83, decay dataset: icrp107_ame2020_nubase2020",7614580.891682247,4.520705423214484e-55,12424.72993459318,7.376445899819147e-58
Y83,"Nuclide: Sr-83, decay dataset: icrp107_ame2020_nubase2020",-7642405.714954116,-4574184.826110448,-45.4018990539242,-27.174254478886326
Y83,"Nuclide: Rb-83, decay dataset: icrp107_ame2020_nubase2020",27826.410437637067,4674588.445286426,0.0025897726459718955,0.43505867614188365
Y83,"Nuclide: Kr-83m, decay dataset: icrp107_ame2020_nubase2020",-1.1654164082313683,4381.015766230919,-0.00012261765293622816,0.46094242962228754
Y83,"Nuclide: Kr-83, decay dataset: icrp107_ame2020_nubase2020",-0.4217493592116281,-104785.05669156794,-0.0,-0.0
Y87,"Nuclide: Y-87, decay dataset: icrp107_ame2020_nubase2020",261742.52791716254,212490.2245613785,0.6315305460123015,0.5126949319523432
Y87,"Nuclide: Sr-87m, decay dataset: icrp107_ame2020_nubase2020",9571.152227675599,7795.794120920799,0.6546494159584942,0.5332181483266281
Y87,"Nuclide: Sr-87, decay dataset: icrp107_ame2020_nubase2020",-271313.6801448381,-491599.69882713736,-0.0,-0.0
Y88,"Nuclide: Y-88, decay dataset: icrp107_ame2020_nubase2020",106961.89115322083,106268.97108427176,0.008045998211549414,0.007993874660110664
Y88,"Nuclide: Sr-88, decay dataset: icrp107_ame2020_nubase2020",-106961.89115322083,-213230.86223749258,-0.0,-0.0
Y89,"Nuclide: Y-89, decay dataset: icrp107_ame2020_nubase2020",0.0,0.0,0.0,0.0
Y90,"Nuclide: Y-90, decay dataset: icrp107_ame2020_nubase2020",174932513.83967048,134946118.82528248,525.4549261407142,405.3454749144216
Y90,"Nuclide: Zr-90, decay dataset: icrp107_ame2020_nubase2020",-174932513.83967048,-309878632.664953,-0.0,-0.0
Y91,"Nuclide: Y-91, decay dataset: icrp107_ame2020_nubase2020",28330040.820079695,27996405.02684606,3.8844436056329408,3.8386974864562218
Y91,"Nuclide: Zr-91, decay dataset: icrp107_ame2020_nubase2020",-28330040.820079695,-56326445.84692575,-0.0,-0.0
Y92,"Nuclide: Y-92, decay dataset: icrp107_ame2020_nubase2020",18303123612.57335,166588065.98517492,995508.3590313385,9060.738249572985
Y92,"Nuclide: Zr-92, decay dataset: icrp107_ame2020_nubase2020",-18303123612.57335,-18469711678.558525,-0.0,-0.0
Y93,"Nuclide: Y-93, decay dataset: icrp107_ame2020_nubase2020",14104589082.930704,2752092345.2960205,266769.15945726924,52052.09151338529
Y93,"Nuclide: Zr-93, decay dataset: icrp107_ame2020_nubase2020",-14104589093.636639,-16856681423.52662,-0.00020248822628755417,-0.00024199779943140552
Y93,"Nuclide: Nb-93m, decay dataset: icrp107_ame2020_nubase2020",10.70671546026114,-148686.17297253569,1.4579836783615901e-08,-0.0002024729378459805
Y93,"Nuclide: Nb-93, decay dataset: icrp107_ame2020_nubase2020",-0.0007806674226238983,14104737764.402796,-0.0,0.0
Y94,"Nuclide: Y-94, decay dataset: icrp107_ame2020_nubase2020",132313713759.7508,8.723392370869994e-13,81740532.65774234,5.38912194900773e-16
Y94,"Nuclide: Zr-94, decay dataset: icrp107_ame2020_nubase2020",-132313713759.7508,-132313713759.7508,-0.0,-0.0
Y95,"Nuclide: Y-95, decay dataset: icrp107_ame2020_nubase2020",161604799410.7761,1.326500102524578e-31,181255519.5413187,1.4877990389601774e-34
Y95,"Nuclide: Zr-95, decay dataset: icrp107_ame2020_nubase2020",-161622853701.69754,-159882719817.92444,-20249.645388059766,-20031.624896111338
Y95,"Nuclide: Nb-95, decay dataset: icrp107_ame2020_nubase2020",18057982.29525818,-192622227660.7887,4.14023113700124,-44163.325204342094
Y95,"Nuclide: Mo-95, decay dataset: icrp107_ame2020_nubase2020",-3691.373831369458,352504943787.3393,-0.0,0.0
Zr85,"Nuclide: Zr-85, decay dataset: icrp107_ame2020_nubase2020",1266994.2123284375,8.958619151187602e-50,1862.1998856260072,1.3167178978702325e-52
Zr85,"Nuclide: Y-85m, decay dataset: icrp107_ame2020_nubase2020",-1302091.4989041563,-42469.15535773233,-51.58556534616421,-1.6825203073259292
Zr85,"Nuclide: Sr-85, decay dataset: icrp107_ame2020_nubase2020",35100.241503182806,77329.21941269969,0.00434288987616675,0.00956780551178938
Zr85,"Nuclide: Rb-85, decay dataset: icrp107_ame2020_nubase2020",-2.95492746386092,-34863.01898243124,-0.0,-0.0
Zr89,"Nuclide: Zr-89, decay dataset: icrp107_ame2020_nubase2020",266341.6294870865,215426.32140320883,0.6540192915611515,0.5289934223916833
Zr89,"Nuclide: Y-89, decay dataset: icrp107_ame2020_nubase2020",-266341.6294870865,-481767.9508902953,-0.0,-0.0
Zr90,"Nuclide: Zr-90, decay dataset: icrp107_ame2020_nubase2020",0.0,0.0,0.0,0.0
Zr91,"Nuclide: Zr-91, decay dataset: icrp107_ame2020_nubase2020",0.0,0.0,0.0,0.0
Zr92,"Nuclide: Zr-92, decay dataset: icrp107_ame2020_nubase2020",0.0,0.0,0.0,0.0
Zr93,"Nuclide: Zr-93, decay dataset: icrp107_ame2020_nubase2020",1.896745121967934,1.8967451196152585,2.723004214565401e-14,2.723004211187854e-14
Zr93,"Nuclide: Nb-93m, decay dataset: icrp107_ame2020_nubase2020",2.980114501718408e-05,4.9794254216663404e-05,4.0581617390326604e-14,6.780717223086856e-14
Zr93,"Nuclide: Nb-93, decay dataset: icrp107_ame2020_nubase2020",-1.8967749231129514,-3.7935698369824267,-0.0,-0.0
Zr94,"Nuclide: Zr-94, decay dataset: icrp107_ame2020_nubase2020",0.0,0.0,0.0,0.0
Zr95,"Nuclide: Zr-95, decay dataset: icrp107_ame2020_nubase2020",77382647.12084526,76549496.59053987,9.695232620249312,9.590847612763328
Zr95,"Nuclide: Nb-95, decay dataset: icrp107_ame2020_nubase2020",93237016.81944141,183641398.28437543,21.37685118111589,42.10425189192195
Zr95,"Nuclide: Mo-95, decay dataset: icrp107_ame2020_nubase2020",-170619663.94028667,-430810558.815202,-0.0,-0.0
Zr97,"Nuclide: Zr-97, decay dataset: icrp107_ame2020_nubase2020",10737159442.9835,3975651254.391923,123467.64006885725,45716.4002009239
Zr97,"Nuclide: Nb-97, decay dataset: icrp107_ame2020_nubase2020",830151196.1711535,307381139.7479183,133013.6294647483,49251.125837626474
Zr97,"Nuclide: Mo-97, decay dataset: icrp107_ame2020_nubase2020",-11567310639.154655,-15850343033.294497,-0.0,-0.0
Nb87,"Nuclide: Nb-87, decay dataset: icrp107_ame2020_nubase2020",390094317.06297183,9.90036687773215e-108,1201745.6712206947,3.049960616804048e-110
Nb87,"Nuclide: Zr-87, decay dataset: icrp107_ame2020_nubase2020",-405167512.67821544,-20286.452377661924,-46435.304078602996,-2.3249830140773744
Nb87,"Nuclide: Y-87m, decay dataset: icrp107_ame2020_nubase2020",15143988.401060691,4387076.73029267,218.08802590018556,63.178132354826474
Nb87,"Nuclide: Y-87, decay dataset: icrp107_ame2020_nubase2020",-70848.27560462925,-5302662.716714802,-0.17094222529547032,-12.794227623054876
Nb87,"Nuclide: Sr-87m, decay dataset: icrp107_ame2020_nubase2020",57.12880891106436,-236186.69079123432,0.003907506692860878,-16.154740359949443
Nb87,"Nuclide: Sr-87, decay dataset: icrp107_ame2020_nubase2020",-1.639021291391031,1172057.490569736,-0.0,0.0
Nb88,"Nuclide: Nb-88, decay dataset: icrp107_ame2020_nubase2020",42927463.43822423,5.461885029354834e-23,34201.20718482214,4.351597940965376e-26
Nb88,"Nuclide: Zr-88, decay dataset: icrp107_ame2020_nubase2020",-42932646.98553765,-42577307.4014935,-4.12984101774148,-4.09565966409918
Nb88,"Nuclide: Y-88, decay dataset: icrp107_ame2020_nubase2020",5184.03482634607,195311379.88687196,0.0003899588394677927,14.691915001894579
Nb88,"Nuclide: Sr-88, decay dataset: icrp107_ame2020_nubase2020",-0.48751293454456973,-152734072.9728914,-0.0,-0.0
Nb89,"Nuclide: Nb-89, decay dataset: icrp107_ame2020_nubase2020",13172975.503575714,3636.709122992533,1249.426769278699,0.3449335899177485
Nb89,"Nuclide: Zr-89, decay dataset: icrp107_ame2020_nubase2020",-13523082.062016698,-10941669.834291864,-33.20681249474856,-26.86798592957676
Nb89,"Nuclide: Y-89, decay dataset: icrp107_ame2020_nubase2020",350106.5584409853,11288139.683609856,0.0,0.0
Nb90,"Nuclide: Nb-90, decay dataset: icrp107_ame2020_nubase2020",573855.9527189255,183636.52357250135,7.567858365195291,2.421749211607862
Nb90,"Nuclide: Zr-90, decay dataset: icrp107_ame2020_nubase2020",-573855.9527189254,-757492.4762914268,-0.0,-0.0
Nb91,"Nuclide: Nb-91, decay dataset: icrp107_ame2020_nubase2020",2.0612575172168714,2.0612517645762356,6.658158175169594e-11,6.658139593313152e-11
Nb91,"Nuclide: Zr-91, decay dataset: icrp107_ame2020_nubase2020",-2.0612575172168714,-4.122509281793107,-0.0,-0.0
Nb92,"Nuclide: Nb-92, decay dataset: icrp107_ame2020_nubase2020",0.00032286386290359607,0.0003228638628859384,2.0437168815023372e-19,2.0437168813905646e-19
Nb92,"Nuclide: Zr-92, decay dataset: icrp107_ame2020_nubase2020",-0.00032286386290359607,-0.0006457277257895344,-0.0,-0.0
Nb93,"Nuclide: Nb-93, decay dataset: icrp107_ame2020_nubase2020",0.0,0.0,0.0,0.0
Nb94,"Nuclide: Nb-94, decay dataset: icrp107_ame2020_nubase2020",24.06922087134756,24.069218621202662,2.604334492275765e-11,2.6043342488058994e-11
Nb94,"Nuclide: Mo-94, decay dataset: icrp107_ame2020_nubase2020",-24.06922087134756,-48.13843949255022,-0.0,-0.0
Nb95,"Nuclide: Nb-95, decay dataset: icrp107_ame2020_nubase2020",22597145.379522268,22153916.29318408,5.180944547288037,5.07932351155561
Nb95,"Nuclide: Mo-95, decay dataset: icrp107_ame2020_nubase2020",-22597145.379522268,-44751061.67270635,-0.0,-0.0
Nb96,"Nuclide: Nb-96, decay dataset: icrp107_ame2020_nubase2020",1852836562.22385,908714099.2804267,15278.235060002895,7493.131285406829
Nb96,"Nuclide: Mo-96, decay dataset: icrp107_ame2020_nubase2020",-1852836562.22385,-2761550661.5042768,-0.0,-0.0
Nb97,"Nuclide: Nb-97, decay dataset: icrp107_ame2020_nubase2020",53191434447.49712,51712.09537122426,8522767.641521448,8.285735808463036
Nb97,"Nuclide: Mo-97, decay dataset: icrp107_ame2020_nubase2020",-53191434447.49712,-53191486159.59249,-0.0,-0.0
Nb99,"Nuclide: Nb-99, decay dataset: icrp107_ame2020_nubase2020",148859991425.88922,0.0,6878792223.668849,0.0
Nb99,"Nuclide: Mo-99, decay dataset: icrp107_ame2020_nubase2020",-148869398298.1701,-115675231006.48463,-434689.8009218487,-337764.80400012294
Nb99,"Nuclide: Tc-99m, decay dataset: icrp107_ame2020_nubase2020",9413393.286241136,-11610363183.85564,301.32386699270165,-371649.1413210736
Nb99,"Nuclide: Tc-99, decay dataset: icrp107_ame2020_nubase2020",-6521.005319524207,127285592205.09041,-6.785113075833603e-10,0.0132440796122368
Nb99,"Nuclide: Ru-99, decay dataset: icrp107_ame2020_nubase2020",1.5418448077877926e-08,1985.2498805517032,0.0,0.0
Mo89,"Nuclide: Mo-89, decay dataset: icrp107_ame2020_nubase2020",252156966.60821486,9.10749725542289e-198,1380583.6529465434,4.986442373265257e-200
Mo89,"Nuclide: Nb-89, decay dataset: icrp107_ame2020_nubase2020",-256602209.6553743,-70841.06370504029,-24338.136035587668,-6.71911378968475
Mo89,"Nuclide: Zr-89, decay dataset: icrp107_ame2020_nubase2020",4447237.625443726,3669803.4518475514,10.920482865551532,9.011442403382807
Mo89,"Nuclide: Y-89, decay dataset: icrp107_ame2020_nubase2020",-1994.5782843186228,-3600956.96642683,-0.0,-0.0
Mo90,"Nuclide: Mo-90, decay dataset: icrp107_ame2020_nubase2020",11432221.99244702,573747.2220903024,395.8939069544391,19.868668532473716
Mo90,"Nuclide: Nb-90, decay dataset: icrp107_ame2020_nubase2020",-18463544.277749468,-6835045.575115396,-243.49226901190553,-90.13874751502979
Mo90,"Nuclide: Zr-90, decay dataset: icrp107_ame2020_nubase2020",7031322.285302443,13292620.638327535,0.0,0.0
Mo91,"Nuclide: Mo-91, decay dataset: icrp107_ame2020_nubase2020",10095236.852661507,1.0456929931143739e-21,7529.034819783925,7.798785774785007e-25
Mo91,"Nuclide: Nb-91, decay dataset: icrp107_ame2020_nubase2020",-10095237.289896954,-10095209.115701456,-0.00032609068071591356,-0.0003260897706488864
Mo91,"Nuclide: Zr-91, decay dataset: icrp107_ame2020_nubase2020",0.4372354471774426,10095209.552936902,0.0,0.0
Mo92,"Nuclide: Mo-92, decay dataset: icrp107_ame2020_nubase2020",0.0,0.0,0.0,0.0
Mo93,"Nuclide: Mo-93, decay dataset: icrp107_ame2020_nubase2020",0.15052987690656752,0.15052980548865974,8.265963508558474e-13,8.265959586826578e-13
Mo93,"Nuclide: Nb-93m, decay dataset: icrp107_ame2020_nubase2020",0.0006192739437852558,0.0012286702123155636,8.4329438456142e-13,1.673137875283994e-12
Mo93,"Nuclide: Nb-93, decay dataset: icrp107_ame2020_nubase2020",-0.1511491508503528,-0.3029076265513281,-0.0,-0.0
Mo94,"Nuclide: Mo-94, decay dataset: icrp107_ame2020_nubase2020",0.0,0.0,0.0,0.0
Mo95,"Nuclide: Mo-95, decay dataset: icrp107_ame2020_nubase2020",0.0,0.0,0.0,0.0
Mo96,"Nuclide: Mo-96, decay dataset: icrp107_ame2020_nubase2020",0.0,0.0,0.0,0.0
Mo97,"Nuclide: Mo-97, decay dataset: icrp107_ame2020_nubase2020",0.0,0.0,0.0,0.0
Mo98,"Nuclide: Mo-98, decay dataset: icrp107_ame2020_nubase2020",0.0,0.0,0.0,0.0
Mo99,"Nuclide: Mo-99, decay dataset: icrp107_ame2020_nubase2020",908943623.9528139,706271838.769872,2654.061395169144,2062.2718201404687
Mo99,"Nuclide: Tc-99m, decay dataset: icrp107_ame2020_nubase2020",91235643.06068017,76634157.86685088,2920.4640599466147,2453.068738339034
Mo99,"Nuclide: Tc-99, decay dataset: icrp107_ame2020_nubase2020",-1000179302.654207,-1783085318.011774,-0.00010406876443266491,-0.00018553021986265374
Mo99,"Nuclide: Ru-99, decay dataset: icrp107_ame2020_nubase2020",35.64071277183457,1000179357.015764,0.0,0.0
Mo101,"Nuclide: Mo-101, decay dataset: icrp107_ame2020_nubase2020",114456882054.16142,2.4453122875961567e-19,90503610.6451337,1.933562990800669e-22
Mo101,"Nuclide: Tc-101, decay dataset: icrp107_ame2020_nubase2020",3964116402852.4653,9.64717276483951e-18,3225018906.1603503,7.848486622445068e-21
Mo101,"Nuclide: Ru-101, decay dataset: icrp107_ame2020_nubase2020",-4078573284906.6265,-4078573284906.6265,-0.0,-0.0
Mo102,"Nuclide: Mo-102, decay dataset: icrp107_ame2020_nubase2020",203655734208.95416,8.862414585809875e-28,208205601.7283218,9.060409562105384e-31
Mo102,"Nuclide: Tc-102, decay dataset: icrp107_ame2020_nubase2020",1598439584.516586,6.95587302489537e-30,209839752.1407352,9.131522302157583e-31
Mo102,"Nuclide: Ru-102, decay dataset: icrp107_ame2020_nubase2020",-205254173793.4707,-205254173793.4707,-0.0,-0.0
Tc91,"Nuclide: Tc-91, decay dataset: icrp107_ame2020_nubase2020",2877335683.3174033,2.5528070928491537e-129,10586078.112611366,9.392096809563807e-132
Tc91,"Nuclide: Mo-91, decay dataset: icrp107_ame2020_nubase2020",-3608901192.088589,-3.7382012373629686e-19,-2691521.0740430723,-2.7879531397071666e-22
Tc91,"Nuclide: Nb-91, decay dataset: icrp107_ame2020_nubase2020",731565515.1940761,731563473.5115229,0.02363061808132687,0.023630552132044607
Tc91,"Nuclide: Zr-91, decay dataset: icrp107_ame2020_nubase2020",-6.422890705992685,-731563479.9344136,-0.0,-0.0
Tc92,"Nuclide: Tc-92, decay dataset: icrp107_ame2020_nubase2020",889415040.2959465,8.975504718279071e-94,2417629.5197205706,2.439743446893186e-96
Tc92,"Nuclide: Mo-92, decay dataset: icrp107_ame2020_nubase2020",-889415040.2959465,-889415040.2959465,-0.0,-0.0
Tc93,"Nuclide: Tc-93, decay dataset: icrp107_ame2020_nubase2020",68209493.48097053,160943.6896143252,4775.678595328959,11.26845097829136
Tc93,"Nuclide: Mo-93, decay dataset: icrp107_ame2020_nubase2020",-68209498.83062048,-68370410.1713105,-0.0003745550317701561,-0.0003754386352763773
Tc93,"Nuclide: Nb-93m, decay dataset: icrp107_ame2020_nubase2020",5.34976385423927,-276162.9605387223,7.285024442388056e-09,-0.0003760640604748568
Tc93,"Nuclide: Nb-93, decay dataset: icrp107_ame2020_nubase2020",-0.00011389371558398131,68485629.44212103,-0.0,0.0
Tc94,"Nuclide: Tc-94, decay dataset: icrp107_ame2020_nubase2020",6887523.997935276,228348.57194903184,271.5624482484527,9.003365690066055
Tc94,"Nuclide: Mo-94, decay dataset: icrp107_ame2020_nubase2020",-6887523.997935275,-7115872.569884307,-0.0,-0.0
Tc95,"Nuclide: Tc-95, decay dataset: icrp107_ame2020_nubase2020",679209.6853953244,295643.18710854143,6.5387816450107845,2.846170022167248
Tc95,"Nuclide: Mo-95, decay dataset: icrp107_ame2020_nubase2020",-679209.6853953244,-974852.8725038657,-0.0,-0.0
Tc96,"Nuclide: Tc-96, decay dataset: icrp107_ame2020_nubase2020",102075.75265024717,86813.7426720516,0.19133329047965664,0.1627258052283153
Tc96,"Nuclide: Mo-96, decay dataset: icrp107_ame2020_nubase2020",-102075.75265024717,-188889.49532229878,-0.0,-0.0
Tc97,"Nuclide: Tc-97, decay dataset: icrp107_ame2020_nubase2020",0.006852624593966445,0.006852624588964624,5.789144116525947e-17,5.789144112300375e-17
Tc97,"Nuclide: Mo-97, decay dataset: icrp107_ame2020_nubase2020",-0.006852624593966445,-0.013705249182931069,-0.0,-0.0
Tc98,"Nuclide: Tc-98, decay dataset: icrp107_ame2020_nubase2020",0.022444325256739797,0.022444325246598305,1.1737835853364555e-16,1.1737835848060802e-16
Tc98,"Nuclide: Ru-98, decay dataset: icrp107_ame2020_nubase2020",-0.022444325256739797,-0.044888650503338096,-0.0,-0.0
Tc99,"Nuclide: Tc-99, decay dataset: icrp107_ame2020_nubase2020",2.7353977068889592,2.735397682297927,2.8461842674852663e-13,2.846184241898271e-13
Tc99,"Nuclide: Ru-99, decay dataset: icrp107_ame2020_nubase2020",-2.7353977068889592,-5.470795389186886,-0.0,-0.0
Tc101,"Nuclide: Tc-101, decay dataset: icrp107_ame2020_nubase2020",37030836052.32949,1.1004695788920741e-20,30126548.830340095,8.952903590387692e-24
Tc101,"Nuclide: Ru-101, decay dataset: icrp107_ame2020_nubase2020",-37030836052.32949,-37030836052.32949,-0.0,-0.0
Tc102,"Nuclide: Tc-102, decay dataset: icrp107_ame2020_nubase2020",63039241652.05372,0.0,8275657692.378428,0.0
Tc102,"Nuclide: Ru-102, decay dataset: icrp107_ame2020_nubase2020",-63039241652.05372,-63039241652.05372,-0.0,-0.0
Tc104,"Nuclide: Tc-104, decay dataset: icrp107_ame2020_nubase2020",150367051209.1618,3.08706992555012e-13,94923950.45058599,1.948810396253612e-16
Tc104,"Nuclide: Ru-104, decay dataset: icrp107_ame2020_nubase2020",-150367051209.1618,-150367051209.1618,-0.0,-0.0
Tc105,"Nuclide: Tc-105, decay dataset: icrp107_ame2020_nubase2020",224066219567.47952,2.056430566305543e-46,340594009.5436931,3.12589703739469e-49
Tc105,"Nuclide: Ru-105, decay dataset: icrp107_ame2020_nubase2020",-230646216741.52682,-5441982859.758394,-10001987.915490951,-235991.93417774516
Tc105,"Nuclide: Rh-105, decay dataset: icrp107_ame2020_nubase2020",6603652793.027734,10348823954.632555,35957.95087735657,56351.00982171301
Tc105,"Nuclide: Pd-105, decay dataset: icrp107_ame2020_nubase2020",-23655618.980445832,-4930496713.854607,-0.0,-0.0
Ru92,"Nuclide: Ru-92, decay dataset: icrp107_ame2020_nubase2020",15198074594.384823,2.625848916489829e-109,48102751.392865635,8.310957867768549e-112
Ru92,"Nuclide: Tc-92, decay dataset: icrp107_ame2020_nubase2020",-107653028375.89252,-1.0863772483579145e-91,-292625070.9705478,-2.9530169675441565e-94
Ru92,"Nuclide: Mo-92, decay dataset: icrp107_ame2020_nubase2020",92454953781.50769,92454953781.50769,0.0,0.0
Ru94,"Nuclide: Ru-94, decay dataset: icrp107_ame2020_nubase2020",2372074819.4289045,10.156099790548437,529020.9051365465,0.0022650167102008043
Ru94,"Nuclide: Tc-94m, decay dataset: icrp107_ame2020_nubase2020",-616739453050.7194,-5484.303551259216,-137016414.43018875,-1.2184069050930195
Ru94,"Nuclide: Mo-94, decay dataset: icrp107_ame2020_nubase2020",614367378231.2905,614367383705.438,0.0,0.0
Ru95,"Nuclide: Ru-95, decay dataset: icrp107_ame2020_nubase2020",158824108.40542725,6362.725813570484,18612.3762335445,0.745638983288085
Ru95,"Nuclide: Tc-95, decay dataset: icrp107_ame2020_nubase2020",-173039285.66101384,-75326656.00886175,-1665.8568469727597,-725.1730449104358
Ru95,"Nuclide: Mo-95, decay dataset: icrp107_ame2020_nubase2020",14215177.25558662,89535470.5386348,0.0,0.0
Ru96,"Nuclide: Ru-96, decay dataset: icrp107_ame2020_nubase2020",0.0,0.0,0.0,0.0
Ru97,"Nuclide: Ru-97, decay dataset: icrp107_ame2020_nubase2020",324953.9239524254,255869.39299194384,0.8989499369393141,0.7078350428797513
Ru97,"Nuclide: Tc-97, decay dataset: icrp107_ame2020_nubase2020",-324953.92494477675,-580823.318480912,-2.7452329788974866e-09,-4.906835112323845e-09
Ru97,"Nuclide: Mo-97, decay dataset: icrp107_ame2020_nubase2020",0.0009923513394015928,324953.9264813195,0.0,0.0
Ru98,"Nuclide: Ru-98, decay dataset: icrp107_ame2020_nubase2020",0.0,0.0,0.0,0.0
Ru99,"Nuclide: Ru-99, decay dataset: icrp107_ame2020_nubase2020",0.0,0.0,0.0,0.0
Ru100,"Nuclide: Ru-100, decay dataset: icrp107_ame2020_nubase2020",0.0,0.0,0.0,0.0
Ru101,"Nuclide: Ru-101, decay dataset: icrp107_ame2020_nubase2020",0.0,0.0,0.0,0.0
Ru102,"Nuclide: Ru-102, decay dataset: icrp107_ame2020_nubase2020",0.0,0.0,0.0,0.0
Ru103,"Nuclide: Ru-103, decay dataset: icrp107_ame2020_nubase2020",27115746.619446218,26641211.266326264,5.540934168119178,5.443965820207372
Ru103,"Nuclide: Rh-103m, decay dataset: icrp107_ame2020_nubase2020",26941.62243188033,26469.37546329856,5.546598480583701,5.4493747768138645
Ru103,"Nuclide: Rh-103, decay dataset: icrp107_ame2020_nubase2020",-27142688.241878092,-53810368.883667655,-0.0,-0.0
Ru104,"Nuclide: Ru-104, decay dataset: icrp107_ame2020_nubase2020",0.0,0.0,0.0,0.0
Ru105,"Nuclide: Ru-105, decay dataset: icrp107_ame2020_nubase2020",24103920403.43489,568720022.9929293,1045268.047302442,24662.580109205217
Ru105,"Nuclide: Rh-105, decay dataset: icrp107_ame2020_nubase2020",-27565156062.880623,-17870715535.22535,-150096.70536922282,-97308.91848785717
Ru105,"Nuclide: Pd-105, decay dataset: icrp107_ame2020_nubase2020",3461235659.4457364,20763231171.678158,0.0,0.0
Ru106,"Nuclide: Ru-106, decay dataset: icrp107_ame2020_nubase2020",29768720.82552358,29713540.07976973,0.6392587025080909,0.6380737415505549
Ru106,"Nuclide: Rh-106, decay dataset: icrp107_ame2020_nubase2020",28.483235099808887,27.432290841322793,0.6625192651898859,0.6380743306363524
Ru106,"Nuclide: Pd-106, decay dataset: icrp107_ame2020_nubase2020",-29768749.308758676,-59482316.820819244,-0.0,-0.0
Ru107,"Nuclide: Ru-107, decay dataset: icrp107_ame2020_nubase2020",173201876775.9595,4.395762893713075e-105,533575078.02198845,1.3541825138609974e-107
Ru107,"Nuclide: Rh-107, decay dataset: icrp107_ame2020_nubase2020",-209386112870.23727,-2.2118915550170597e-09,-111471116.57788898,-1.177547154427364e-12
Ru107,"Nuclide: Pd-107, decay dataset: icrp107_ame2020_nubase2020",36184236094.3175,36184236083.75296,0.0001222747603485192,0.00012227476031281923
Ru107,"Nuclide: Ag-107, decay dataset: icrp107_ame2020_nubase2020",-0.039691167854849885,-36184236083.79265,-0.0,-0.0
Ru108,"Nuclide: Ru-108, decay dataset: icrp107_ame2020_nubase2020",239361870252.5948,1.2823996027093407e-84,607739946.8833022,3.2560134394475217e-87
Ru108,"Nuclide: Rh-108, decay dataset: icrp107_ame2020_nubase2020",15695860345.432447,8.4091777226842e-86,647591746.7201874,3.46952251744408e-87
Ru108,"Nuclide: Pd-108, decay dataset: icrp107_ame2020_nubase2020",-255057730598.02722,-255057730598.02722,-0.0,-0.0
Rh94,"Nuclide: Rh-94, decay dataset: icrp107_ame2020_nubase2020",10111244700.626438,0.0,99271682.09902132,0.0
Rh94,"Nuclide: Ru-94, decay dataset: icrp107_ame2020_nubase2020",-10346266058.839565,-44.29780616213328,-2307427.653799132,-0.009879311276149823
Rh94,"Nuclide: Tc-94m, decay dataset: icrp107_ame2020_nubase2020",240462388.94975013,11518.538347712623,53421.7394010347,2.558987942271992
Rh94,"Nuclide: Mo-94, decay dataset: icrp107_ame2020_nubase2020",-5441030.7366227405,-5452504.977164291,-0.0,-0.0
Rh95,"Nuclide: Rh-95, decay dataset: icrp107_ame2020_nubase2020",3370414685.550745,1.5012379085052246e-77,7756286.310117309,3.454776970883484e-80
Rh95,"Nuclide: Ru-95, decay dataset: icrp107_ame2020_nubase2020",-3551255661.0546365,-142268.48991653792,-416166.70874882763,-16.672246342762097
Rh95,"Nuclide: Tc-95, decay dataset: icrp107_ame2020_nubase2020",181600671.66530055,79201285.4022346,1748.2776882304918,762.4742732400342
Rh95,"Nuclide: Mo-95, decay dataset: icrp107_ame2020_nubase2020",-759696.161409198,-79818713.07372727,-0.0,-0.0
Rh96,"Nuclide: Rh-96, decay dataset: icrp107_ame2020_nubase2020",680171779.0477393,1.1128520270608924e-35,793702.2743154588,1.2986031059556861e-38
Rh96,"Nuclide: Ru-96, decay dataset: icrp107_ame2020_nubase2020",-680171779.0477393,-680171779.0477393,-0.0,-0.0
Rh97,"Nuclide: Rh-97, decay dataset: icrp107_ame2020_nubase2020",131375337.39647643,9.96644114379009e-07,49436.72351328946,3.7503857649482827e-10
Rh97,"Nuclide: Ru-97, decay dataset: icrp107_ame2020_nubase2020",-132348300.21613303,-104211325.8025333,-366.1272794808182,-288.28937844204916
Rh97,"Nuclide: Tc-97, decay dataset: icrp107_ame2020_nubase2020",972962.8196784408,105184288.93974338,8.219656433681362e-09,8.886040656635777e-07
Rh97,"Nuclide: Mo-97, decay dataset: icrp107_ame2020_nubase2020",-2.184327989710265e-05,-972963.1372329319,-0.0,-0.0
Rh98,"Nuclide: Rh-98, decay dataset: icrp107_ame2020_nubase2020",53361143.19258921,7.972062052341654e-43,70856.56313294776,1.0585847384730936e-45
Rh98,"Nuclide: Ru-98, decay dataset: icrp107_ame2020_nubase2020",-53361143.19258921,-53361143.19258921,-0.0,-0.0
Rh99,"Nuclide: Rh-99, decay dataset: icrp107_ame2020_nubase2020",18105.650546905417,17342.696288316452,0.00902194087070905,0.00864176517968856
Rh99,"Nuclide: Ru-99, decay dataset: icrp107_ame2020_nubase2020",-18105.650546905417,-35448.34683522187,-0.0,-0.0
Rh100,"Nuclide: Rh-100, decay dataset: icrp107_ame2020_nubase2020",163386.26479293322,73429.95155795626,1.5124296044797316,0.6797244109381776
Rh100,"Nuclide: Ru-100, decay dataset: icrp107_ame2020_nubase2020",-163386.26479293322,-236816.21635088947,-0.0,-0.0
Rh101,"Nuclide: Rh-101, decay dataset: icrp107_ame2020_nubase2020",486.0510551046613,485.77161573715796,3.235182009575182e-06,3.2333220460898255e-06
Rh101,"Nuclide: Ru-101, decay dataset: icrp107_ame2020_nubase2020",-486.0510551046613,-971.8226708418192,-0.0,-0.0
Rh102,"Nuclide: Rh-102, decay dataset: icrp107_ame2020_nubase2020",18720.237216388447,18657.65664263217,0.0007255255661764744,0.000723100179912329
Rh102,"Nuclide: Ru-102, decay dataset: icrp107_ame2020_nubase2020",-18720.237216388447,-37377.893859020616,-0.0,-0.0
Rh103,"Nuclide: Rh-103, decay dataset: icrp107_ame2020_nubase2020",0.0,0.0,0.0,0.0
Rh104,"Nuclide: Rh-104, decay dataset: icrp107_ame2020_nubase2020",2877335683.326412,0.0,47149340.813764215,0.0
Rh104,"Nuclide: Pd-104, decay dataset: icrp107_ame2020_nubase2020",-2877335683.326412,-2877335683.326412,-0.0,-0.0
Rh105,"Nuclide: Rh-105, decay dataset: icrp107_ame2020_nubase2020",538720712.743289,336546185.1359438,2933.420870626375,1832.5480718575982
Rh105,"Nuclide: Pd-105, decay dataset: icrp107_ame2020_nubase2020",-538720712.743289,-875266897.8792328,-0.0,-0.0
Rh106,"Nuclide: Rh-106, decay dataset: icrp107_ame2020_nubase2020",31207545372.30382,0.0,725886647.2150658,0.0
Rh106,"Nuclide: Pd-106, decay dataset: icrp107_ame2020_nubase2020",-31207545372.30382,-31207545372.30382,-0.0,-0.0
Rh107,"Nuclide: Rh-107, decay dataset: icrp107_ame2020_nubase2020",87627183346.24219,9.256670567909235e-10,46650180.55058154,4.927983952011147e-13
Rh107,"Nuclide: Pd-107, decay dataset: icrp107_ame2020_nubase2020",-87627183346.79842,-87627183321.21432,-0.0002961121748105161,-0.0002961121747240616
Rh107,"Nuclide: Ag-107, decay dataset: icrp107_ame2020_nubase2020",0.5562138350977321,87627183321.77055,0.0,0.0
Rh108,"Nuclide: Rh-108, decay dataset: icrp107_ame2020_nubase2020",118900747868.47754,0.0,4905697509.018103,0.0
Rh108,"Nuclide: Pd-108, decay dataset: icrp107_ame2020_nubase2020",-118900747868.47754,-118900747868.47754,-0.0,-0.0
Rh109,"Nuclide: Rh-109, decay dataset: icrp107_ame2020_nubase2020",212835459439.11203,0.0,1844078732.9175136,0.0
Rh109,"Nuclide: Pd-109, decay dataset: icrp107_ame2020_nubase2020",-213181221889.48984,-63305773162.30432,-2995803.3461185875,-889626.41919075
Rh109,"Nuclide: Ag-109, decay dataset: icrp107_ame2020_nubase2020",345762450.37783396,63651535612.68215,0.0,0.0
Pd96,"Nuclide: Pd-96, decay dataset: icrp107_ame2020_nubase2020",34640375363.25724,2.2445363531334835e-203,196810479.64409792,1.2752410203596522e-205
Pd96,"Nuclide: Rh-96m, decay dataset: icrp107_ame2020_nubase2020",99949618087.34091,6.476273681334189e-203,764677659.771343,4.954758104582087e-205
Pd96,"Nuclide: Rh-96, decay dataset: icrp107_ame2020_nubase2020",-169378084977.00497,-2.7712520720904876e-33,-197649734.0916731,-3.23381407473136e-36
Pd96,"Nuclide: Ru-96, decay dataset: icrp107_ame2020_nubase2020",34788091526.40684,34788091526.40684,0.0,0.0
Pd97,"Nuclide: Pd-97, decay dataset: icrp107_ame2020_nubase2020",11765244605.332369,1.7270807850344844e-130,43844334.01496902,6.436135358848978e-133
Pd97,"Nuclide: Rh-97, decay dataset: icrp107_ame2020_nubase2020",-13086703237.60657,-9.927879933068109e-05,-4924544.762199621,-3.735875127331063e-08
Pd97,"Nuclide: Ru-97, decay dataset: icrp107_ame2020_nubase2020",1322440328.8919935,1041292254.9328332,3658.3883518129473,2880.622568030017
Pd97,"Nuclide: Tc-97, decay dataset: icrp107_ame2020_nubase2020",-981696.6177957092,-1042273954.7297341,-8.293440157409678e-09,-8.805201642221198e-06
Pd97,"Nuclide: Mo-97, decay dataset: icrp107_ame2020_nubase2020",2.2254715415557647e-06,981699.7970024442,0.0,0.0
Pd98,"Nuclide: Pd-98, decay dataset: icrp107_ame2020_nubase2020",6401165777.222422,2.068631607950245e-15,4177919.030864908,1.3501564657889815e-18
Pd98,"Nuclide: Rh-98, decay dataset: icrp107_ame2020_nubase2020",6187793585.64827,1.99967722101857e-15,8216574.095362093,2.6553077160516638e-18
Pd98,"Nuclide: Ru-98, decay dataset: icrp107_ame2020_nubase2020",-12588959362.870691,-12588959362.870691,-0.0,-0.0
Pd99,"Nuclide: Pd-99, decay dataset: icrp107_ame2020_nubase2020",2121381412.966782,1.1759659637893062e-11,1145194.3499144844,6.348267073481435e-15
Pd99,"Nuclide: Rh-99m, decay dataset: icrp107_ame2020_nubase2020",-2295585412.0877433,-66637548.29729806,-94041.28582288176,-2729.883494190268
Pd99,"Nuclide: Ru-99, decay dataset: icrp107_ame2020_nubase2020",174203999.12096152,240841547.41825956,0.0,0.0
Pd100,"Nuclide: Pd-100, decay dataset: icrp107_ame2020_nubase2020",7734746.524471171,6390247.991991002,17.094294414418897,14.122864945947526
Pd100,"Nuclide: Rh-100, decay dataset: icrp107_ame2020_nubase2020",2425855.428001607,3094420.36099186,22.45559362133217,28.644347605352504
Pd100,"Nuclide: Ru-100, decay dataset: icrp107_ame2020_nubase2020",-10160601.95247278,-19645270.305455644,-0.0,-0.0
Pd101,"Nuclide: Pd-101, decay dataset: icrp107_ame2020_nubase2020",16820689.059908103,2359751.2624656134,382.3695788059431,53.642100695290935
Pd101,"Nuclide: Rh-101m, decay dataset: icrp107_ame2020_nubase2020",-18309572.277300674,-18175517.49306646,-33.84544184499675,-33.5976401304003
Pd101,"Nuclide: Ru-101, decay dataset: icrp107_ame2020_nubase2020",1488883.217392565,17304649.44799341,0.0,0.0
Pd102,"Nuclide: Pd-102, decay dataset: icrp107_ame2020_nubase2020",0.0,0.0,0.0,0.0
Pd103,"Nuclide: Pd-103, decay dataset: icrp107_ame2020_nubase2020",43000.441929537395,41281.54022697687,0.020303256330619003,0.019491653000322736
Pd103,"Nuclide: Rh-103m, decay dataset: icrp107_ame2020_nubase2020",99.61906532428902,94.8949005088237,0.020509045353966315,0.019536459331957464
Pd103,"Nuclide: Rh-103, decay dataset: icrp107_ame2020_nubase2020",-43100.06099486169,-84476.4961223474,-0.0,-0.0
Pd104,"Nuclide: Pd-104, decay dataset: icrp107_ame2020_nubase2020",0.0,0.0,0.0,0.0
Pd105,"Nuclide: Pd-105, decay dataset: icrp107_ame2020_nubase2020",0.0,0.0,0.0,0.0
Pd106,"Nuclide: Pd-106, decay dataset: icrp107_ame2020_nubase2020",0.0,0.0,0.0,0.0
Pd107,"Nuclide: Pd-107, decay dataset: icrp107_ame2020_nubase2020",0.14578423504747937,0.14578423500491544,4.926380746731351e-16,4.926380745293019e-16
Pd107,"Nuclide: Ag-107, decay dataset: icrp107_ame2020_nubase2020",-0.14578423504747937,-0.29156847005239483,-0.0,-0.0
Pd108,"Nuclide: Pd-108, decay dataset: icrp107_ame2020_nubase2020",0.0,0.0,0.0,0.0
Pd109,"Nuclide: Pd-109, decay dataset: icrp107_ame2020_nubase2020",4444596569.833349,1319856504.0296252,62459.240818857514,18547.743071001096
Pd109,"Nuclide: Ag-109, decay dataset: icrp107_ame2020_nubase2020",-4444596569.833349,-5764453073.862974,-0.0,-0.0
Pd110,"Nuclide: Pd-110, decay dataset: icrp107_ame2020_nubase2020",0.0,0.0,0.0,0.0
Pd111,"Nuclide: Pd-111, decay dataset: icrp107_ame2020_nubase2020",131871271340.18634,3.93756179954256e-08,65104131.00164222,1.94395289147683e-11
Pd111,"Nuclide: Ag-111m, decay dataset: icrp107_ame2020_nubase2020",6380867969.073533,1.9052718384883356e-09,68254330.89951518,2.0380151281611932e-11
Pd111,"Nuclide: Ag-111, decay dataset: icrp107_ame2020_nubase2020",-138554355184.65286,-126244791875.77232,-149202.33757541538,-135946.7772015111
Pd111,"Nuclide: Cd-111, decay dataset: icrp107_ame2020_nubase2020",302215875.39297915,126547007751.1653,0.0,0.0
Pd112,"Nuclide: Pd-112, decay dataset: icrp107_ame2020_nubase2020",15210149081.160582,6895884303.557549,139257.0395665306,63135.50433875544
Pd112,"Nuclide: Ag-112, decay dataset: icrp107_ame2020_nubase2020",2659651767.063565,1218896635.1958127,163607.57220548333,74980.01118920675
Pd112,"Nuclide: Cd-112, decay dataset: icrp107_ame2020_nubase2020",-17869800848.224148,-25984581786.97751,-0.0,-0.0
Pd114,"Nuclide: Pd-114, decay dataset: icrp107_ame2020_nubase2020",209714704901.8814,1.5716006782505266e-168,1001123666.8367772,7.502414456580237e-171
Pd114,"Nuclide: Ag-114, decay dataset: icrp107_ame2020_nubase2020",6861220787.263544,5.1417945376617515e-170,1033877357.3676118,7.747870406084285e-171
Pd114,"Nuclide: Cd-114, decay dataset: icrp107_ame2020_nubase2020",-216575925689.1449,-216575925689.1449,-0.0,-0.0
Ag99,"Nuclide: Ag-99, decay dataset: icrp107_ame2020_nubase2020",260895079.31245995,4.640165015527405e-202,1458376.521349959,2.5938042724562222e-204
Ag99,"Nuclide: Pd-99, decay dataset: icrp107_ame2020_nubase2020",-288783862.67326814,-1.6008436357535206e-12,-155895.4207189924,-8.641902279126828e-16
Ag99,"Nuclide: Rh-99m, decay dataset: icrp107_ame2020_nubase2020",28094678.34756275,815548.1714706104,1150.9306788032898,33.40986499206102
Ag99,"Nuclide: Ru-99, decay dataset: icrp107_ame2020_nubase2020",-205894.9867545651,-1021443.1582251755,-0.0,-0.0
Ag101,"Nuclide: Ag-101, decay dataset: icrp107_ame2020_nubase2020",22800015.81526523,2.0202037373877067e-32,23729.37939800789,2.1025503374278573e-35
Ag101,"Nuclide: Pd-101, decay dataset: icrp107_ame2020_nubase2020",-23309128.871990003,-3270005.5322794598,-529.8654387684733,-74.33409140479242
Ag101,"Nuclide: Rh-101m, decay dataset: icrp107_ame2020_nubase2020",510018.9084062248,3994184.9810432694,0.9427754533464427,7.383294019470635
Ag101,"Nuclide: Ru-101, decay dataset: icrp107_ame2020_nubase2020",-905.8516814514613,-725085.3004452605,-0.0,-0.0
Ag102,"Nuclide: Ag-102, decay dataset: icrp107_ame2020_nubase2020",2530039.0609199414,6.306361657298864e-28,2265.748632794818,5.647592767891539e-31
Ag102,"Nuclide: Pd-102, decay dataset: icrp107_ame2020_nubase2020",-2530039.0609199414,-2530039.0609199414,-0.0,-0.0
Ag105,"Nuclide: Ag-105, decay dataset: icrp107_ame2020_nubase2020",3542.511193965243,3483.538414735488,0.0006883004713159893,0.0006768422176885054
Ag105,"Nuclide: Pd-105, decay dataset: icrp107_ame2020_nubase2020",-3542.511193965243,-7026.049608700731,-0.0,-0.0
Ag106,"Nuclide: Ag-106, decay dataset: icrp107_ame2020_nubase2020",2455320.3929985412,1.986804688140213e-12,1183.8469725780992,9.579494072813509e-16
Ag106,"Nuclide: Pd-106, decay dataset: icrp107_ame2020_nubase2020",-2455320.3929985412,-2455320.3929985412,-0.0,-0.0
Ag107,"Nuclide: Ag-107, decay dataset: icrp107_ame2020_nubase2020",0.0,0.0,0.0,0.0
Ag108,"Nuclide: Ag-108, decay dataset: icrp107_ame2020_nubase2020",558615062.164238,6.963241836127418e-175,2722942.7240327713,3.3941993293029364e-177
Ag108,"Nuclide: Cd-108, decay dataset: icrp107_ame2020_nubase2020",-558615062.164238,-558615062.164238,-0.0,-0.0
Ag109,"Nuclide: Ag-109, decay dataset: icrp107_ame2020_nubase2020",0.0,0.0,0.0,0.0
Ag110,"Nuclide: Ag-110, decay dataset: icrp107_ame2020_nubase2020",10204867336.74335,0.0,287539635.05902153,0.0
Ag110,"Nuclide: Cd-110, decay dataset: icrp107_ame2020_nubase2020",-10204867336.74335,-10204867336.74335,-0.0,-0.0
Ag111,"Nuclide: Ag-111, decay dataset: icrp107_ame2020_nubase2020",291642221.7193613,265731896.58369425,314.0550952600885,286.15354664093127
Ag111,"Nuclide: Cd-111, decay dataset: icrp107_ame2020_nubase2020",-291642221.7193613,-557374118.3030555,-0.0,-0.0
Ag112,"Nuclide: Ag-112, decay dataset: icrp107_ame2020_nubase2020",22334125545.155693,109837776.81512362,1373876.1228165175,6756.633414836302
Ag112,"Nuclide: Cd-112, decay dataset: icrp107_ame2020_nubase2020",-22334125545.155693,-22443963321.970818,-0.0,-0.0
Ag113,"Nuclide: Ag-113, decay dataset: icrp107_ame2020_nubase2020",31739192645.602283,1432881976.2592068,1138005.9950107685,51375.85877918641
Ag113,"Nuclide: Cd-113, decay dataset: icrp107_ame2020_nubase2020",-31739192645.602283,-33172074621.861492,-9.053904696438841e-14,-9.462647823560991e-14
Ag113,"Nuclide: In-113, decay dataset: icrp107_ame2020_nubase2020",2.525150364893081e-09,31739192645.602283,0.0,0.0
Ag114,"Nuclide: Ag-114, decay dataset: icrp107_ame2020_nubase2020",147923765064.7201,0.0,22289769715.74402,0.0
Ag114,"Nuclide: Cd-114, decay dataset: icrp107_ame2020_nubase2020",-147923765064.7201,-147923765064.7201,-0.0,-0.0
Ag115,"Nuclide: Ag-115, decay dataset: icrp107_ame2020_nubase2020",223948271299.03085,4.742289106773098e-11,129357594.03516413,2.739253603133262e-14
Ag115,"Nuclide: Cd-115, decay dataset: icrp107_ame2020_nubase2020",-225353392840.5979,-165090303719.37024,-811630.0290823784,-594587.2228502439
Ag115,"Nuclide: In-115m, decay dataset: icrp107_ame2020_nubase2020",1517910235.1978197,-15084992712.371666,65149.303999507865,-647453.8172677802
Ag115,"Nuclide: In-115, decay dataset: icrp107_ame2020_nubase2020",-112788693.63080333,180062507738.11105,-5.617689684564156e-15,8.968410394114921e-12
Ag115,"Nuclide: Sn-115, decay dataset: icrp107_ame2020_nubase2020",9.725536328599219e-12,112788693.63080084,0.0,0.0
Ag116,"Nuclide: Ag-116, decay dataset: icrp107_ame2020_nubase2020",165712065926.9278,2.964106303292779e-151,714321214.4403841,1.2777126411737263e-153
Ag116,"Nuclide: Cd-116, decay dataset: icrp107_ame2020_nubase2020",-165712065926.9278,-165712065926.9278,-0.0,-0.0
Ag117,"Nuclide: Ag-117, decay dataset: icrp107_ame2020_nubase2020",177570933168.40872,0.0,1672320539.0636005,0.0
Ag117,"Nuclide: Cd-117, decay dataset: icrp107_ame2020_nubase2020",-179040970588.25476,-224625206.52050346,-13844460.50512772,-17369.29145274235
Ag117,"Nuclide: In-117m, decay dataset: icrp107_ame2020_nubase2020",1485721458.305931,-785911881.9044306,147708.4968333572,-78134.33808241779
Ag117,"Nuclide: Sn-117, decay dataset: icrp107_ame2020_nubase2020",-15684038.459882172,994853049.9650519,-0.0,0.0
Cd108,"Nuclide: Cd-108, decay dataset: icrp107_ame2020_nubase2020",0.0,0.0,0.0,0.0
Cd109,"Nuclide: Cd-109, decay dataset: icrp107_ame2020_nubase2020",1586.0799852661605,1583.6990544131656,2.7577774314330147e-05,2.7536376166486485e-05
Cd109,"Nuclide: Ag-109, decay dataset: icrp107_ame2020_nubase2020",-1586.0799852661605,-3169.779039679326,-0.0,-0.0
Cd110,"Nuclide: Cd-110, decay dataset: icrp107_ame2020_nubase2020",0.0,0.0,0.0,0.0
Cd111,"Nuclide: Cd-111, decay dataset: icrp107_ame2020_nubase2020",0.0,0.0,0.0,0.0
Cd112,"Nuclide: Cd-112, decay dataset: icrp107_ame2020_nubase2020",0.0,0.0,0.0,0.0
Cd113,"Nuclide: Cd-113, decay dataset: icrp107_ame2020_nubase2020",0.0,0.0,0.0,0.0
Cd113,"Nuclide: In-113, decay dataset: icrp107_ame2020_nubase2020",0.0,0.0,0.0,0.0
Cd114,"Nuclide: Cd-114, decay dataset: icrp107_ame2020_nubase2020",0.0,0.0,0.0,0.0
Cd115,"Nuclide: Cd-115, decay dataset: icrp107_ame2020_nubase2020",1965180513.9878101,1439659921.81498,7077.770152980394,5185.061602502415
Cd115,"Nuclide: In-115m, decay dataset: icrp107_ame2020_nubase2020",180009797.01001576,136285901.8959168,7726.091251217398,5849.444484645071
Cd115,"Nuclide: In-115, decay dataset: icrp107_ame2020_nubase2020",-2145190310.9978259,-3721136134.7087226,-1.0684593547086043e-13,-1.8533939356757525e-13
Cd115,"Nuclide: Sn-115, decay dataset: icrp107_ame2020_nubase2020",2.9666342057445816e-08,2145190310.9978259,0.0,0.0
Cd116,"Nuclide: Cd-116, decay dataset: icrp107_ame2020_nubase2020",0.0,0.0,0.0,0.0
Cd117,"Nuclide: Cd-117, decay dataset: icrp107_ame2020_nubase2020",63552567316.36265,79733194.65060276,4914243.959469311,6165.421582898552
Cd117,"Nuclide: In-117m, decay dataset: icrp107_ame2020_nubase2020",222433985607.7805,320438412.4479882,22114097.817662723,31857.57058683705
Cd117,"Nuclide: Sn-117, decay dataset: icrp107_ame2020_nubase2020",-285986552924.1431,-286386724531.2417,-0.0,-0.0
Cd118,"Nuclide: Cd-118, decay dataset: icrp107_ame2020_nubase2020",178417561219.9325,430.01287644895075,40977345.76606283,0.09876150195992787
Cd118,"Nuclide: In-118, decay dataset: icrp107_ame2020_nubase2020",296079591.47449803,0.7135958786076182,41045346.81037775,0.0989253942632135
Cd118,"Nuclide: Sn-118, decay dataset: icrp107_ame2020_nubase2020",-178713640811.407,-178713641242.13348,-0.0,-0.0
Cd119,"Nuclide: Cd-119, decay dataset: icrp107_ame2020_nubase2020",130447539656.2251,9.316809375592561e-151,560218985.8964937,4.0011896843286544e-153
Cd119,"Nuclide: In-119m, decay dataset: icrp107_ame2020_nubase2020",-153367453546.49854,-1.2686258417029068e-13,-98431683.3476054,-8.14207801260979e-17
Cd119,"Nuclide: Sn-119, decay dataset: icrp107_ame2020_nubase2020",22919913890.27343,22919913890.27343,0.0,0.0
In103,"Nuclide: In-103, decay dataset: icrp107_ame2020_nubase2020",2534052.68423107,0.0,29274.524557752124,0.0
In103,"Nuclide: Cd-103, decay dataset: icrp107_ame2020_nubase2020",-2936282.2690409133,-1.2205016867546496e-53,-4646.748347291936,-1.931477860827952e-56
In103,"Nuclide: Ag-103, decay dataset: icrp107_ame2020_nubase2020",408447.03388503334,0.10309035458489259,71.81986553665229,1.812703922461779e-05
In103,"Nuclide: Pd-103, decay dataset: icrp107_ame2020_nubase2020",-6217.701678846702,-5969.258345335677,-0.0029357742690134907,-0.0028184682959220167
In103,"Nuclide: Rh-103m, decay dataset: icrp107_ame2020_nubase2020",1.0202444001715683,-13.72306913455847,0.00021004251151257415,-0.002825232764030489
In103,"Nuclide: Rh-103, decay dataset: icrp107_ame2020_nubase2020",-0.7676407435438528,5982.110683372108,-0.0,0.0
In105,"Nuclide: In-105, decay dataset: icrp107_ame2020_nubase2020",1267026.247095468,4.0099769176305416e-80,2887.0337635426436,9.137094656693194e-83
In105,"Nuclide: Cd-105, decay dataset: icrp107_ame2020_nubase2020",-1394406.4555012567,-0.021571551843807664,-290.24891987546033,-4.490168270521914e-06
In105,"Nuclide: Ag-105m, decay dataset: icrp107_ame2020_nubase2020",426373.5799368638,-0.0032310403942558408,681.2808778203955,-5.162716780898409e-06
In105,"Nuclide: Ag-105, decay dataset: icrp107_ame2020_nubase2020",-299018.86852022464,-294041.0263346115,-0.058098568181084415,-0.05713138672846662
In105,"Nuclide: Pd-105, decay dataset: icrp107_ame2020_nubase2020",25.496989149749336,294066.54812635353,0.0,0.0
In111,"Nuclide: In-111, decay dataset: icrp107_ame2020_nubase2020",258273.00379672536,201719.7693038079,0.7387616074854519,0.5769972813332228
In111,"Nuclide: Cd-111, decay dataset: icrp107_ame2020_nubase2020",-258273.00379672536,-459992.7731005333,-0.0,-0.0
In112,"Nuclide: In-112, decay dataset: icrp107_ame2020_nubase2020",61863106.26381099,6.833426898887774e-22,47740.18891943985,5.273403015504955e-25
In112,"Nuclide: Cd-112, decay dataset: icrp107_ame2020_nubase2020",-61863106.26381099,-61863106.26381099,-0.0,-0.0
In113,"Nuclide: In-113, decay dataset: icrp107_ame2020_nubase2020",0.0,0.0,0.0,0.0
In114,"Nuclide: In-114, decay dataset: icrp107_ame2020_nubase2020",2287513075.78987,0.0,22052618.06645002,0.0
In114,"Nuclide: Sn-114, decay dataset: icrp107_ame2020_nubase2020",-2287513075.78987,-2287513075.78987,-0.0,-0.0
In115,"Nuclide: In-115, decay dataset: icrp107_ame2020_nubase2020",0.0,0.0,0.0,0.0
In115,"Nuclide: Sn-115, decay dataset: icrp107_ame2020_nubase2020",0.0,0.0,0.0,0.0
In117,"Nuclide: In-117, decay dataset: icrp107_ame2020_nubase2020",54913382674.79534,5.073936273408021,14684821.132732924,0.0013568613511780888
In117,"Nuclide: Sn-117, decay dataset: icrp107_ame2020_nubase2020",-54913382674.79534,-54913382679.86928,-0.0,-0.0
In118,"Nuclide: In-118, decay dataset: icrp107_ame2020_nubase2020",86444900681.28159,0.0,11983807836.202965,0.0
In118,"Nuclide: Sn-118, decay dataset: icrp107_ame2020_nubase2020",-86444900681.28159,-86444900681.28159,-0.0,-0.0
In119,"Nuclide: In-119, decay dataset: icrp107_ame2020_nubase2020",160718858667.36453,3.873195701991518e-170,773623776.0284448,1.864371305966888e-172
In119,"Nuclide: Sn-119, decay dataset: icrp107_ame2020_nubase2020",-160718858667.36453,-160718858667.36453,-0.0,-0.0
In121,"Nuclide: In-121, decay dataset: icrp107_ame2020_nubase2020",183188291335.4234,0.0,5496815915.616562,0.0
In121,"Nuclide: Sn-121, decay dataset: icrp107_ame2020_nubase2020",-183231788831.18054,-99018327557.13895,-1305202.016455873,-705330.2356434414
In121,"Nuclide: Sb-121, decay dataset: icrp107_ame2020_nubase2020",43497495.75714827,99061825052.89609,0.0,0.0
Sn114,"Nuclide: Sn-114, decay dataset: icrp107_ame2020_nubase2020",0.0,0.0,0.0,0.0
Sn115,"Nuclide: Sn-115, decay dataset: icrp107_ame2020_nubase2020",0.0,0.0,0.0,0.0
Sn116,"Nuclide: Sn-116, decay dataset: icrp107_ame2020_nubase2020",0.0,0.0,0.0,0.0
Sn117,"Nuclide: Sn-117, decay dataset: icrp107_ame2020_nubase2020",0.0,0.0,0.0,0.0
Sn118,"Nuclide: Sn-118, decay dataset: icrp107_ame2020_nubase2020",0.0,0.0,0.0,0.0
Sn119,"Nuclide: Sn-119, decay dataset: icrp107_ame2020_nubase2020",0.0,0.0,0.0,0.0
Sn120,"Nuclide: Sn-120, decay dataset: icrp107_ame2020_nubase2020",0.0,0.0,0.0,0.0
Sn121,"Nuclide: Sn-121, decay dataset: icrp107_ame2020_nubase2020",4508972399.474542,2436645457.893893,32118.443559814095,17356.78391461492
Sn121,"Nuclide: Sb-121, decay dataset: icrp107_ame2020_nubase2020",-4508972399.474542,-6945617857.368435,-0.0,-0.0
Sn122,"Nuclide: Sn-122, decay dataset: icrp107_ame2020_nubase2020",0.0,0.0,0.0,0.0
Sn123,"Nuclide: Sn-123, decay dataset: icrp107_ame2020_nubase2020",56075129.76176934,55775096.931570455,3.4819256405070647,3.4632954204986284
Sn123,"Nuclide: Sb-123, decay dataset: icrp107_ame2020_nubase2020",-56075129.76176934,-111850226.6933398,-0.0,-0.0
Sn124,"Nuclide: Sn-124, decay dataset: icrp107_ame2020_nubase2020",0.0,0.0,0.0,0.0
Sn125,"Nuclide: Sn-125, decay dataset: icrp107_ame2020_nubase2020",535067047.814167,497944600.84969103,445.2899468876346,414.3961504845871
Sn125,"Nuclide: Sb-125, decay dataset: icrp107_ame2020_nubase2020",-540235935.7774577,-1042619280.0707886,-4.301617631042272,-8.301834773658252
Sn125,"Nuclide: Te-125, decay dataset: icrp107_ame2020_nubase2020",5168887.963290758,549843567.1843885,0.0,0.0
Sn126,"Nuclide: Sn-126, decay dataset: icrp107_ame2020_nubase2020",57.937374064228734,57.937373586176356,5.533013629133695e-12,5.533013583479739e-12
Sn126,"Nuclide: Sb-126m, decay dataset: icrp107_ame2020_nubase2020",0.9870087825813445,9.17183649696004e-09,0.0005954241556433098,5.533013584355663e-12
Sn126,"Nuclide: Te-126, decay dataset: icrp107_ame2020_nubase2020",-58.92438284681008,-116.86175644215828,-0.0,-0.0
Sn127,"Nuclide: Sn-127, decay dataset: icrp107_ame2020_nubase2020",17945372155.228256,6510429.819117776,1645341.81395442,596.9161472691642
Sn127,"Nuclide: Sb-127, decay dataset: icrp107_ame2020_nubase2020",-18362706391.381466,-15343897150.742302,-38263.76311518805,-31973.241488813146
Sn127,"Nuclide: Te-127, decay dataset: icrp107_ame2020_nubase2020",538217256.4390239,-1635676869.6480377,11083.29690521148,-33682.8523619624
Sn127,"Nuclide: I-127, decay dataset: icrp107_ame2020_nubase2020",-120883020.285816,16852180570.285406,-0.0,0.0
Sn128,"Nuclide: Sn-128, decay dataset: icrp107_ame2020_nubase2020",21051668706.577793,965.651470175564,4117122.2871300797,0.18885463403751435
Sn128,"Nuclide: Sb-128m, decay dataset: icrp107_ame2020_nubase2020",4498404655.785138,206.34426319757276,4996885.423357692,0.22920984657070007
Sn128,"Nuclide: Te-128, decay dataset: icrp107_ame2020_nubase2020",-25550073362.362934,-25550074534.35867,-0.0,-0.0
Sn129,"Nuclide: Sn-129, decay dataset: icrp107_ame2020_nubase2020",9955206973.764917,4.082891996404159e-185,51572672.987711936,2.1151308489075549e-187
Sn129,"Nuclide: Sb-129, decay dataset: icrp107_ame2020_nubase2020",-10040014673.19858,-228956276.19192415,-439343.93077702494,-10018.96447688992
Sn129,"Nuclide: Te-129, decay dataset: icrp107_ame2020_nubase2020",87614902.07644644,-81971948.31315653,14542.629872922545,-13605.99254268918
Sn129,"Nuclide: I-129, decay dataset: icrp107_ame2020_nubase2020",-2807202.642784733,308121021.87257606,-3.927397688470479e-09,4.310746116536459e-07
Sn129,"Nuclide: Xe-129, decay dataset: icrp107_ame2020_nubase2020",7.581230242708106e-07,2807202.632505371,0.0,0.0
Sn130,"Nuclide: Sn-130, decay dataset: icrp107_ame2020_nubase2020",6584792072.27408,1.9534477922785597e-107,20449059.406228755,6.066428447979092e-110
Sn130,"Nuclide: Sb-130m, decay dataset: icrp107_ame2020_nubase2020",-16079143431.297176,-2.5084575589028407e-59,-29484690.3048217,-4.599815567480918e-62
Sn130,"Nuclide: Te-130, decay dataset: icrp107_ame2020_nubase2020",9494351359.023094,9494351359.023094,0.0,0.0
Sb115,"Nuclide: Sb-115, decay dataset: icrp107_ame2020_nubase2020",1172088.3885622686,3.671225196606956e-08,421.8223062819242,1.3212354071800323e-11
Sb115,"Nuclide: Sn-115, decay dataset: icrp107_ame2020_nubase2020",-1172088.3885622686,-1172088.3885623054,-0.0,-0.0
Sb116,"Nuclide: Sb-116, decay dataset: icrp107_ame2020_nubase2020",3787627.3632988036,1.3890634082887914e-21,2769.3915905931067,1.0156385918505948e-24
Sb116,"Nuclide: Sn-116, decay dataset: icrp107_ame2020_nubase2020",-3787627.363298804,-3787627.363298804,-0.0,-0.0
Sb117,"Nuclide: Sb-117, decay dataset: icrp107_ame2020_nubase2020",18766953.452603966,49332.90286519947,1290.5020707710487,3.392357393834391
Sb117,"Nuclide: Sn-117, decay dataset: icrp107_ame2020_nubase2020",-18766953.452603966,-18816286.355469167,-0.0,-0.0
Sb118,"Nuclide: Sb-118, decay dataset: icrp107_ame2020_nubase2020",272441871.075039,1.0550561871916096e-112,874269.9759358306,3.3856908402045836e-115
Sb118,"Nuclide: Sn-118, decay dataset: icrp107_ame2020_nubase2020",-272441871.075039,-272441871.075039,-0.0,-0.0
Sb119,"Nuclide: Sb-119, decay dataset: icrp107_ame2020_nubase2020",75984940.34059262,49152907.30010502,383.09001165297366,247.81210258206156
Sb119,"Nuclide: Sn-119, decay dataset: icrp107_ame2020_nubase2020",-75984940.34059261,-125137847.64069763,-0.0,-0.0
Sb120,"Nuclide: Sb-120, decay dataset: icrp107_ame2020_nubase2020",5680546986.3183975,2.9794686403570098e-18,4129908.8814819497,2.1661530182821846e-21
Sb120,"Nuclide: Sn-120, decay dataset: icrp107_ame2020_nubase2020",-5680546986.3183975,-5680546986.3183975,-0.0,-0.0
Sb121,"Nuclide: Sb-121, decay dataset: icrp107_ame2020_nubase2020",0.0,0.0,0.0,0.0
Sb122,"Nuclide: Sb-122, decay dataset: icrp107_ame2020_nubase2020",726866734.7239058,563555122.7039425,2140.8749308933234,1659.8655251868975
Sb122,"Nuclide: Te-122, decay dataset: icrp107_ame2020_nubase2020",-726866734.7239058,-1290421857.4278483,-0.0,-0.0
Sb123,"Nuclide: Sb-123, decay dataset: icrp107_ame2020_nubase2020",0.0,0.0,0.0,0.0
Sb124,"Nuclide: Sb-124, decay dataset: icrp107_ame2020_nubase2020",85298983.7283961,84322477.59241149,11.367346129407839,11.237212301781328
Sb124,"Nuclide: Te-124, decay dataset: icrp107_ame2020_nubase2020",-85298983.7283961,-169621461.32080758,-0.0,-0.0
Sb125,"Nuclide: Sb-125, decay dataset: icrp107_ame2020_nubase2020",8319188.119180482,8313466.833395978,0.06624136589122731,0.06619581026974235
Sb125,"Nuclide: Te-125, decay dataset: icrp107_ame2020_nubase2020",-8319188.119180482,-16632654.95257646,-0.0,-0.0
Sb126,"Nuclide: Sb-126, decay dataset: icrp107_ame2020_nubase2020",538794764.6763362,509387717.25544095,350.00006750999177,330.8973047191066
Sb126,"Nuclide: Te-126, decay dataset: icrp107_ame2020_nubase2020",-538794764.6763362,-1048182481.9317771,-0.0,-0.0
Sb127,"Nuclide: Sb-127, decay dataset: icrp107_ame2020_nubase2020",2054052493.6163912,1715623273.2627945,4280.184868543551,3574.9742507369247
Sb127,"Nuclide: Te-127, decay dataset: icrp107_ame2020_nubase2020",231250943.1277238,232178529.82403645,4762.059989031789,4781.161418124897
Sb127,"Nuclide: I-127, decay dataset: icrp107_ame2020_nubase2020",-2285303436.7441154,-4233105239.830947,-0.0,-0.0
Sb128,"Nuclide: Sb-128, decay dataset: icrp107_ame2020_nubase2020",11971820666.683056,1889315546.8935556,255834.06527563953,40374.0826401942
Sb128,"Nuclide: Te-128, decay dataset: icrp107_ame2020_nubase2020",-11971820666.683056,-13861136213.57661,-0.0,-0.0
Sb129,"Nuclide: Sb-129, decay dataset: icrp107_ame2020_nubase2020",21422739890.7555,488532229.3710312,937443.9239360002,21377.824330883504
Sb129,"Nuclide: Te-129, decay dataset: icrp107_ame2020_nubase2020",7669869838.128302,174911135.67968965,1273071.9955843862,29032.366030870435
Sb129,"Nuclide: I-129, decay dataset: icrp107_ame2020_nubase2020",-29092609729.81393,-29756053091.36923,-4.0701816984291995e-05,-4.1630002888968476e-05
Sb129,"Nuclide: Xe-129, decay dataset: icrp107_ame2020_nubase2020",0.9301297027450968,29092609727.248634,0.0,0.0
Sb130,"Nuclide: Sb-130, decay dataset: icrp107_ame2020_nubase2020",34259929246.17151,0.3635200688480449,10019904.372644302,0.00010631768388142595
Sb130,"Nuclide: Te-130, decay dataset: icrp107_ame2020_nubase2020",-34259929246.17151,-34259929246.53503,-0.0,-0.0
Sb131,"Nuclide: Sb-131, decay dataset: icrp107_ame2020_nubase2020",27024641117.836025,4.06645245853901e-09,13556269.935209442,2.039839380892584e-12
Sb131,"Nuclide: Te-131, decay dataset: icrp107_ame2020_nubase2020",-342952298448.7324,-1.6216275565034432e-06,-158477612.49086118,-7.493510458057834e-10
Sb131,"Nuclide: I-131, decay dataset: icrp107_ame2020_nubase2020",316558867019.1901,290350679373.4096,316631.3618310109,290417.1722758559
Sb131,"Nuclide: Xe-131, decay dataset: icrp107_ame2020_nubase2020",-631209688.2937586,-290981889061.70337,-0.0,-0.0
Sb133,"Nuclide: Sb-133, decay dataset: icrp107_ame2020_nubase2020",6366339255.949957,2.5740221250731654e-164,29418734.038332082,1.189450785795589e-166
Sb133,"Nuclide: Te-133, decay dataset: icrp107_ame2020_nubase2020",-7957924068.938735,-1.6678012326796453e-25,-7354683.508660016,-1.5413756295550633e-28
Sb133,"Nuclide: I-133, decay dataset: icrp107_ame2020_nubase2020",1594779483.4847143,716734545.3812594,14762.512053849832,6634.649163206919
Sb133,"Nuclide: Xe-133, decay dataset: icrp107_ame2020_nubase2020",-3195728.697236244,-861472964.3233656,-4.889920105828515,-1318.1763434786044
Sb133,"Nuclide: Cs-133, decay dataset: icrp107_ame2020_nubase2020",1058.2012996880446,144739477.14340574,0.0,0.0
Te119,"Nuclide: Te-119, decay dataset: icrp107_ame2020_nubase2020",942566.767782249,334328.81763857906,11.30732948386581,4.010714387783336
Te119,"Nuclide: Sb-119, decay dataset: icrp107_ame2020_nubase2020",-1625863.7792382785,-1628428.3801677118,-8.197047616839415,-8.209977455246053
Te119,"Nuclide: Sn-119, decay dataset: icrp107_ame2020_nubase2020",683297.0114560295,1977396.5739851622,0.0,0.0
Te120,"Nuclide: Te-120, decay dataset: icrp107_ame2020_nubase2020",0.0,0.0,0.0,0.0
Te121,"Nuclide: Te-121, decay dataset: icrp107_ame2020_nubase2020",1662750.5912939024,1603672.689714947,0.6962149179483627,0.6714782457043631
Te121,"Nuclide: Sb-121, decay dataset: icrp107_ame2020_nubase2020",-1662750.5912939024,-3266423.2810088494,-0.0,-0.0
Te122,"Nuclide: Te-122, decay dataset: icrp107_ame2020_nubase2020",0.0,0.0,0.0,0.0
Te123,"Nuclide: Te-123, decay dataset: icrp107_ame2020_nubase2020",0.0,0.0,0.0,0.0
Te123,"Nuclide: Sb-123, decay dataset: icrp107_ame2020_nubase2020",0.0,0.0,0.0,0.0
Te124,"Nuclide: Te-124, decay dataset: icrp107_ame2020_nubase2020",0.0,0.0,0.0,0.0
Te125,"Nuclide: Te-125, decay dataset: icrp107_ame2020_nubase2020",0.0,0.0,0.0,0.0
Te126,"Nuclide: Te-126, decay dataset: icrp107_ame2020_nubase2020",0.0,0.0,0.0,0.0
Te127,"Nuclide: Te-127, decay dataset: icrp107_ame2020_nubase2020",12127033206.555971,2046714430.9573104,249727.23932504765,42147.18767764149
Te127,"Nuclide: I-127, decay dataset: icrp107_ame2020_nubase2020",-12127033206.555971,-14173747637.51328,-0.0,-0.0
Te128,"Nuclide: Te-128, decay dataset: icrp107_ame2020_nubase2020",0.0,0.0,0.0,0.0
Te129,"Nuclide: Te-129, decay dataset: icrp107_ame2020_nubase2020",77906765717.57603,46064.71284593662,12931239.225019643,7.64598319742923
Te129,"Nuclide: I-129, decay dataset: icrp107_ame2020_nubase2020",-77906765718.2327,-77906811773.52838,-0.00010899492859356834,-0.00010899499302691527
Te129,"Nuclide: Xe-129, decay dataset: icrp107_ame2020_nubase2020",0.6566611458075395,77906765709.4722,0.0,0.0
Te130,"Nuclide: Te-130, decay dataset: icrp107_ame2020_nubase2020",0.0,0.0,0.0,0.0
Te131,"Nuclide: Te-131, decay dataset: icrp107_ame2020_nubase2020",81235692777.46455,3.7189397137156867e-07,37538860.93968898,1.7185150514896255e-10
Te131,"Nuclide: I-131, decay dataset: icrp107_ame2020_nubase2020",-81411911966.48306,-74671748010.5323,-81430.55602246404,-74688.84850868396
Te131,"Nuclide: Xe-131, decay dataset: icrp107_ame2020_nubase2020",176219189.01849943,74847967199.5508,0.0,0.0
Te132,"Nuclide: Te-132, decay dataset: icrp107_ame2020_nubase2020",1405086212.8050137,1131744888.644297,3518.2134414210477,2833.7905839522195
Te132,"Nuclide: I-132, decay dataset: icrp107_ame2020_nubase2020",43225598.74816801,34847358.78285355,3626.446611027373,2923.5473844463554
Te132,"Nuclide: Xe-132, decay dataset: icrp107_ame2020_nubase2020",-1448311811.5531821,-2614904058.9803324,-0.0,-0.0
Te133,"Nuclide: Te-133, decay dataset: icrp107_ame2020_nubase2020",36154104995.667656,7.57708421893062e-25,33413487.924553692,7.002712750956019e-28
Te133,"Nuclide: I-133, decay dataset: icrp107_ame2020_nubase2020",-36519889141.654045,-16412968947.98452,-338056.33270431706,-151931.1318230956
Te133,"Nuclide: Xe-133, decay dataset: icrp107_ame2020_nubase2020",366390759.6303133,19984327009.743,560.6300508724337,30578.866889078123
Te133,"Nuclide: Cs-133, decay dataset: icrp107_ame2020_nubase2020",-606613.6439230001,-3571964675.4024034,-0.0,-0.0
Te134,"Nuclide: Te-134, decay dataset: icrp107_ame2020_nubase2020",20340586298.96441,0.8668663264243002,5621618.8373458665,0.00023957972491362077
Te134,"Nuclide: I-134, decay dataset: icrp107_ame2020_nubase2020",-99801942120.29211,-556.732926067027,-21961090.411138833,-0.12250725651690421
Te134,"Nuclide: Xe-134, decay dataset: icrp107_ame2020_nubase2020",79461355821.3277,79461356377.19376,0.0,0.0
I121,"Nuclide: I-121, decay dataset: icrp107_ame2020_nubase2020",608163.3985118873,237.75712240314758,55.2341122901296,0.02159338037890298
I121,"Nuclide: Te-121, decay dataset: icrp107_ame2020_nubase2020",-610980.1970503387,-589510.7918946883,-0.25582521514935275,-0.24683570089080734
I121,"Nuclide: Sb-121, decay dataset: icrp107_ame2020_nubase2020",2816.79853845146,592089.8333107366,0.0,0.0
I122,"Nuclide: I-122, decay dataset: icrp107_ame2020_nubase2020",24061017.47935527,9.21416965817587e-113,76574.04236555862,2.932403911738108e-115
I122,"Nuclide: Te-122, decay dataset: icrp107_ame2020_nubase2020",-24061017.479355272,-24061017.479355272,-0.0,-0.0
I123,"Nuclide: I-123, decay dataset: icrp107_ame2020_nubase2020",21484046.42380847,6133042.857907563,311.7224777208787,88.98730145717025
I123,"Nuclide: Te-123, decay dataset: icrp107_ame2020_nubase2020",-21484046.42380847,-27617089.281716034,-7.8649433766827645e-16,-1.0110145879631966e-15
I123,"Nuclide: Sb-123, decay dataset: icrp107_ame2020_nubase2020",5.420552597319486e-11,21484046.42380847,0.0,0.0
I124,"Nuclide: I-124, decay dataset: icrp107_ame2020_nubase2020",11274543.699289184,9550217.166590523,21.659588569554735,18.346975283025497
I124,"Nuclide: Te-124, decay dataset: icrp107_ame2020_nubase2020",-11274543.699289184,-20824760.865879707,-0.0,-0.0
I125,"Nuclide: I-125, decay dataset: icrp107_ame2020_nubase2020",3882542.399547101,3837499.7670472227,0.5243743994050297,0.5182909620760516
I125,"Nuclide: Te-125, decay dataset: icrp107_ame2020_nubase2020",-3882542.399547101,-7720042.166594323,-0.0,-0.0
I126,"Nuclide: I-126, decay dataset: icrp107_ame2020_nubase2020",40896197.46503789,38761574.83575947,25.374419925411935,24.049973782860345
I126,"Nuclide: Te-126, decay dataset: icrp107_ame2020_nubase2020",-40896197.46503789,-79657772.30079736,-0.0,-0.0
I127,"Nuclide: I-127, decay dataset: icrp107_ame2020_nubase2020",0.0,0.0,0.0,0.0
I128,"Nuclide: I-128, decay dataset: icrp107_ame2020_nubase2020",40018082858.57968,1.8029763181378995e-07,18499680.7421894,8.334853618338244e-11
I128,"Nuclide: Xe-128, decay dataset: icrp107_ame2020_nubase2020",-40018082858.57968,-40018082858.57968,-0.0,-0.0
I129,"Nuclide: I-129, decay dataset: icrp107_ame2020_nubase2020",0.8644865321072304,0.8644865320027335,1.2094539796185826e-15,1.209453979472387e-15
I129,"Nuclide: Xe-129, decay dataset: icrp107_ame2020_nubase2020",-0.8644865321072304,-1.7289730641099639,-0.0,-0.0
I130,"Nuclide: I-130, decay dataset: icrp107_ame2020_nubase2020",9833893113.942133,2559771622.222709,153189.84371307195,39875.460329490925
I130,"Nuclide: Xe-130, decay dataset: icrp107_ame2020_nubase2020",-9833893113.942133,-12393664736.164843,-0.0,-0.0
I131,"Nuclide: I-131, decay dataset: icrp107_ame2020_nubase2020",1048031959.0222402,961264469.2991842,1048.2719677143577,961.4846074601147
I131,"Nuclide: Xe-131, decay dataset: icrp107_ame2020_nubase2020",-1048031959.0222402,-2009296428.3214245,-0.0,-0.0
I132,"Nuclide: I-132, decay dataset: icrp107_ame2020_nubase2020",55891325993.22635,39748277.64180278,4689048.054945732,3334.7139408774524
I132,"Nuclide: Xe-132, decay dataset: icrp107_ame2020_nubase2020",-55891325993.22635,-55931074270.86815,-0.0,-0.0
I133,"Nuclide: I-133, decay dataset: icrp107_ame2020_nubase2020",9557694061.162966,4295471304.190791,88473.40666599416,39762.20384182689
I133,"Nuclide: Xe-133, decay dataset: icrp107_ame2020_nubase2020",-11450450901.659565,-15178574098.42262,-17520.820879835836,-23225.38040412316
I133,"Nuclide: Cs-133, decay dataset: icrp107_ame2020_nubase2020",1892756840.4966,12775859634.728428,0.0,0.0
I134,"Nuclide: I-134, decay dataset: icrp107_ame2020_nubase2020",73925998841.34592,409.2365953958966,16267173.862525938,0.09005117215257676
I134,"Nuclide: Xe-134, decay dataset: icrp107_ame2020_nubase2020",-73925998841.34592,-73925999250.58252,-0.0,-0.0
I135,"Nuclide: I-135, decay dataset: icrp107_ame2020_nubase2020",14247787540.845045,1132646737.108944,417546.66680001095,33193.42518169652
I135,"Nuclide: Xe-135, decay dataset: icrp107_ame2020_nubase2020",-50671119892.203125,-12237536230.553911,-1067424.7474196316,-257792.78310262048
I135,"Nuclide: Cs-135, decay dataset: icrp107_ame2020_nubase2020",36423332363.22738,47528221831.28398,0.000347842472392326,0.00045389405959174727
I135,"Nuclide: Ba-135, decay dataset: icrp107_ame2020_nubase2020",-11.869297586138002,-36423332349.70831,-0.0,-0.0
Xe124,"Nuclide: Xe-124, decay dataset: icrp107_ame2020_nubase2020",0.0,0.0,0.0,0.0
Xe125,"Nuclide: Xe-125, decay dataset: icrp107_ame2020_nubase2020",1796615.1961397491,671362.1454154105,20.46875012747239,7.648796486347269
Xe125,"Nuclide: I-125, decay dataset: icrp107_ame2020_nubase2020",-1818168.9658888564,-2476492.1927412283,-0.24556106833915,-0.3344739020368225
Xe125,"Nuclide: Te-125, decay dataset: icrp107_ame2020_nubase2020",21553.769749107174,1826683.8170749252,0.0,0.0
Xe126,"Nuclide: Xe-126, decay dataset: icrp107_ame2020_nubase2020",0.0,0.0,0.0,0.0
Xe127,"Nuclide: Xe-127, decay dataset: icrp107_ame2020_nubase2020",1533979.641160057,1505045.1927609167,0.3380881357176085,0.33171100172260654
Xe127,"Nuclide: I-127, decay dataset: icrp107_ame2020_nubase2020",-1533979.641160057,-3039024.8339209734,-0.0,-0.0
Xe128,"Nuclide: Xe-128, decay dataset: icrp107_ame2020_nubase2020",0.0,0.0,0.0,0.0
Xe129,"Nuclide: Xe-129, decay dataset: icrp107_ame2020_nubase2020",0.0,0.0,0.0,0.0
Xe130,"Nuclide: Xe-130, decay dataset: icrp107_ame2020_nubase2020",0.0,0.0,0.0,0.0
Xe131,"Nuclide: Xe-131, decay dataset: icrp107_ame2020_nubase2020",0.0,0.0,0.0,0.0
Xe132,"Nuclide: Xe-132, decay dataset: icrp107_ame2020_nubase2020",0.0,0.0,0.0,0.0
Xe133,"Nuclide: Xe-133, decay dataset: icrp107_ame2020_nubase2020",1121521726.3434753,982634686.2076494,1716.087990671209,1503.5710362168047
Xe133,"Nuclide: Cs-133, decay dataset: icrp107_ame2020_nubase2020",-1121521726.3434753,-2104156412.5511246,-0.0,-0.0
Xe134,"Nuclide: Xe-134, decay dataset: icrp107_ame2020_nubase2020",0.0,0.0,0.0,0.0
Xe135,"Nuclide: Xe-135, decay dataset: icrp107_ame2020_nubase2020",19455990956.083546,3152118974.2960496,409854.8892599412,66401.72562067874
Xe135,"Nuclide: Cs-135, decay dataset: icrp107_ame2020_nubase2020",-19455990964.903767,-22608109924.575294,-0.00018580452586231243,-0.00021590723149266894
Xe135,"Nuclide: Ba-135, decay dataset: icrp107_ame2020_nubase2020",8.820222155397108,19455990959.099464,0.0,0.0
Xe137,"Nuclide: Xe-137, decay dataset: icrp107_ame2020_nubase2020",58046034372.42287,1.6867603893847185e-103,175634909.498562,5.103776882234211e-106
Xe137,"Nuclide: Cs-137, decay dataset: icrp107_ame2020_nubase2020",-58046048340.337685,-58042396851.756546,-42.263928676012746,-42.261269989377446
Xe137,"Nuclide: Ba-137m, decay dataset: icrp107_ame2020_nubase2020",-28155.49181691481,-9335.746985758675,-127.45493580311594,-42.26127678683146
Xe137,"Nuclide: Ba-137, decay dataset: icrp107_ame2020_nubase2020",42123.40663934256,58042448310.910164,0.0,0.0
Xe138,"Nuclide: Xe-138, decay dataset: icrp107_ame2020_nubase2020",49796309091.40884,8.129025886381885e-21,40857210.285276525,6.669757781539316e-24
Xe138,"Nuclide: Cs-138, decay dataset: icrp107_ame2020_nubase2020",-86068012763.90288,-0.009124050227045133,-29760451.15419369,-3.1548985783516226e-06
Xe138,"Nuclide: Ba-138, decay dataset: icrp107_ame2020_nubase2020",36271703672.49402,36271703672.50314,0.0,0.0
Cs127,"Nuclide: Cs-127, decay dataset: icrp107_ame2020_nubase2020",1260248.5266710836,88003.71685150416,38.8238983585283,2.711090142862927
Cs127,"Nuclide: Xe-127, decay dataset: icrp107_ame2020_nubase2020",-1269329.6956529354,-1334025.0240430136,-0.2797594563183142,-0.29401826548249516
Cs127,"Nuclide: I-127, decay dataset: icrp107_ame2020_nubase2020",9081.168981852044,1255102.4761733613,0.0,0.0
Cs128,"Nuclide: Cs-128, decay dataset: icrp107_ame2020_nubase2020",59606411.654000804,4.858514289182777e-112,189175.89826587052,1.5419713742020368e-114
Cs128,"Nuclide: Xe-128, decay dataset: icrp107_ame2020_nubase2020",-59606411.65400081,-59606411.65400081,-0.0,-0.0
Cs129,"Nuclide: Cs-129, decay dataset: icrp107_ame2020_nubase2020",18621510.82390098,11083194.33320896,111.83412807022827,66.56169771662293
Cs129,"Nuclide: Xe-129, decay dataset: icrp107_ame2020_nubase2020",-18621510.82390098,-29704705.15710994,-0.0,-0.0
Cs130,"Nuclide: Cs-130, decay dataset: icrp107_ame2020_nubase2020",1399343989.8162148,2.021584521095301e-06,553435.6619734189,7.995296194572834e-10
Cs130,"Nuclide: Xe-130, decay dataset: icrp107_ame2020_nubase2020",-1399343989.8162148,-1399343989.8162167,-0.0,-0.0
Cs131,"Nuclide: Cs-131, decay dataset: icrp107_ame2020_nubase2020",35985926.66135862,33501437.097627543,29.79651371204374,27.739344862404682
Cs131,"Nuclide: Xe-131, decay dataset: icrp107_ame2020_nubase2020",-35985926.66135862,-69487363.75898616,-0.0,-0.0
Cs132,"Nuclide: Cs-132, decay dataset: icrp107_ame2020_nubase2020",112457230.40342984,101047358.99166825,139.24869126272193,125.12056756748207
Cs132,"Nuclide: Xe-132, decay dataset: icrp107_ame2020_nubase2020",-112457230.40342984,-213504589.3950981,-0.0,-0.0
Cs133,"Nuclide: Cs-133, decay dataset: icrp107_ame2020_nubase2020",0.0,0.0,0.0,0.0
Cs134,"Nuclide: Cs-134, decay dataset: icrp107_ame2020_nubase2020",3991578.948109951,3987911.9416380012,0.04246171200790045,0.0424227030405802
Cs134,"Nuclide: Ba-134, decay dataset: icrp107_ame2020_nubase2020",-3991578.948109951,-7979490.889747952,-0.0,-0.0
Cs135,"Nuclide: Cs-135, decay dataset: icrp107_ame2020_nubase2020",7.317271035548634,7.317271029511013,6.987986773938506e-14,6.987986768172584e-14
Cs135,"Nuclide: Ba-135, decay dataset: icrp107_ame2020_nubase2020",-7.317271035548634,-14.634542065059648,-0.0,-0.0
Cs136,"Nuclide: Cs-136, decay dataset: icrp107_ame2020_nubase2020",542607362.8126498,514767432.47237825,330.78172816462586,313.810081812091
Cs136,"Nuclide: Ba-136, decay dataset: icrp107_ame2020_nubase2020",-542607362.8126498,-1057374795.2850281,-0.0,-0.0
Cs137,"Nuclide: Cs-137, decay dataset: icrp107_ame2020_nubase2020",937438.5226218749,937379.5514057672,0.0006825586924701099,0.0006825157549172053
Cs137,"Nuclide: Ba-137m, decay dataset: icrp107_ame2020_nubase2020",1.1507809693705986,0.15077148422900413,0.005209382081774237,0.0006825158646954838
Cs137,"Nuclide: Ba-137, decay dataset: icrp107_ame2020_nubase2020",-937439.6734028442,-1874819.3755800957,-0.0,-0.0
Cs138,"Nuclide: Cs-138, decay dataset: icrp107_ame2020_nubase2020",91008748783.52954,0.009647816515518695,31468850.456745412,3.336005595276594e-06
Cs138,"Nuclide: Ba-138, decay dataset: icrp107_ame2020_nubase2020",-91008748783.52954,-91008748783.53918,-0.0,-0.0
Cs139,"Nuclide: Cs-139, decay dataset: icrp107_ame2020_nubase2020",100163516769.85202,1.7328800038826368e-36,124825708.81695746,2.1595485238043094e-39
Cs139,"Nuclide: Ba-139, decay dataset: icrp107_ame2020_nubase2020",-112746736723.90874,-681063.5064016435,-15681451.697068742,-94.72615162624798
Cs139,"Nuclide: La-139, decay dataset: icrp107_ame2020_nubase2020",12583219954.056723,12583901017.563124,0.0,0.0
Cs140,"Nuclide: Cs-140, decay dataset: icrp107_ame2020_nubase2020",55861506216.42383,0.0,607853148.1278812,0.0
Cs140,"Nuclide: Ba-140, decay dataset: icrp107_ame2020_nubase2020",-55864736087.12291,-52909207764.85522,-35145.61651142111,-33286.234864274884
Cs140,"Nuclide: La-140, decay dataset: icrp107_ame2020_nubase2020",3231290.396465102,-8015538030.307938,15.447914996734992,-38320.09350838639
Cs140,"Nuclide: Ce-140, decay dataset: icrp107_ame2020_nubase2020",-1419.697378464203,60924744375.46578,-0.0,0.0
Ba130,"Nuclide: Ba-130, decay dataset: icrp107_ame2020_nubase2020",0.0,0.0,0.0,0.0
Ba131,"Nuclide: Ba-131, decay dataset: icrp107_ame2020_nubase2020",666078.4033237426,627117.3714725985,0.46466421829279614,0.4374845389657765
Ba131,"Nuclide: Cs-131, decay dataset: icrp107_ame2020_nubase2020",3563574.633113274,6672673.222091073,2.9506562779017815,5.525004289288389
Ba131,"Nuclide: Xe-131, decay dataset: icrp107_ame2020_nubase2020",-4229653.036437016,-11529443.630000688,-0.0,-0.0
Ba132,"Nuclide: Ba-132, decay dataset: icrp107_ame2020_nubase2020",0.0,0.0,0.0,0.0
Ba133,"Nuclide: Ba-133, decay dataset: icrp107_ame2020_nubase2020",36452.29616584815,36445.72088224751,7.610968400985871e-05,7.609595530660109e-05
Ba133,"Nuclide: Cs-133, decay dataset: icrp107_ame2020_nubase2020",-36452.29616584815,-72898.01704809566,-0.0,-0.0
Ba134,"Nuclide: Ba-134, decay dataset: icrp107_ame2020_nubase2020",0.0,0.0,0.0,0.0
Ba135,"Nuclide: Ba-135, decay dataset: icrp107_ame2020_nubase2020",0.0,0.0,0.0,0.0
Ba136,"Nuclide: Ba-136, decay dataset: icrp107_ame2020_nubase2020",0.0,0.0,0.0,0.0
Ba137,"Nuclide: Ba-137, decay dataset: icrp107_ame2020_nubase2020",0.0,0.0,0.0,0.0
Ba138,"Nuclide: Ba-138, decay dataset: icrp107_ame2020_nubase2020",0.0,0.0,0.0,0.0
Ba139,"Nuclide: Ba-139, decay dataset: icrp107_ame2020_nubase2020",60414139334.155594,364940.63390867255,8402739.053179557,50.75800053486547
Ba139,"Nuclide: La-139, decay dataset: icrp107_ame2020_nubase2020",-60414139334.155594,-60414504274.789505,-0.0,-0.0
Ba140,"Nuclide: Ba-140, decay dataset: icrp107_ame2020_nubase2020",557107986.7527295,527634144.24067724,350.48771424115915,331.94513374044527
Ba140,"Nuclide: La-140, decay dataset: icrp107_ame2020_nubase2020",84422192.08629723,135811751.23174393,403.59939441340083,649.2788116106288
Ba140,"Nuclide: Ce-140, decay dataset: icrp107_ame2020_nubase2020",-641530178.8390267,-1304976074.3114479,-0.0,-0.0
Ba141,"Nuclide: Ba-141, decay dataset: icrp107_ame2020_nubase2020",79358143466.69159,1.489667620168621e-13,50179596.24011031,9.419439070345951e-17
Ba141,"Nuclide: La-141, decay dataset: icrp107_ame2020_nubase2020",-86041743158.16734,-1235004131.8797107,-4226161.541988851,-60660.40476135943
Ba141,"Nuclide: Ce-141, decay dataset: icrp107_ame2020_nubase2020",6686209242.34862,7786393302.021616,1650.066438406541,1921.5770548314906
Ba141,"Nuclide: Pr-141, decay dataset: icrp107_ame2020_nubase2020",-2609550.8728585592,-6553998721.014765,-0.0,-0.0
Ba142,"Nuclide: Ba-142, decay dataset: icrp107_ame2020_nubase2020",77988362515.20323,9.940057150140775e-31,84995933.32374221,1.0833211616705665e-33
Ba142,"Nuclide: La-142, decay dataset: icrp107_ame2020_nubase2020",-88257637578.71825,-1539677.0793190554,-11192011.095969636,-195.2474984454399
Ba142,"Nuclide: Ce-142, decay dataset: icrp107_ame2020_nubase2020",10269275063.51502,10270814740.59434,0.0,0.0
La132,"Nuclide: La-132, decay dataset: icrp107_ame2020_nubase2020",317829.07462509425,9932.158582034195,12.748977255576419,0.3984055392367631
La132,"Nuclide: Ba-132, decay dataset: icrp107_ame2020_nubase2020",-317829.07462509425,-327761.2332071284,-0.0,-0.0
La133,"Nuclide: La-133, decay dataset: icrp107_ame2020_nubase2020",10615505.978201594,151053.5407980689,522.4741563712565,7.434555776938346
La133,"Nuclide: Ba-133, decay dataset: icrp107_ame2020_nubase2020",-10615956.3280525,-10765101.36554603,-0.02216532747112712,-0.02247673121984093
La133,"Nuclide: Cs-133, decay dataset: icrp107_ame2020_nubase2020",450.34985090698945,10614498.174598867,0.0,0.0
La134,"Nuclide: La-134, decay dataset: icrp107_ame2020_nubase2020",221573016.29042554,1.376639299697912e-59,396854.5517567734,2.465668344272933e-62
La134,"Nuclide: Ba-134, decay dataset: icrp107_ame2020_nubase2020",-221573016.29042554,-221573016.29042554,-0.0,-0.0
La135,"Nuclide: La-135, decay dataset: icrp107_ame2020_nubase2020",78810174.95722842,33580243.06882812,778.1631135475625,331.5676752945279
La135,"Nuclide: Ba-135, decay dataset: icrp107_ame2020_nubase2020",-78810174.95722842,-112390418.02605654,-0.0,-0.0
La136,"Nuclide: La-136, decay dataset: icrp107_ame2020_nubase2020",3076390691.1438465,3.7048583196821733e-35,3600796.240910535,4.3363932770377497e-38
La136,"Nuclide: Ba-136, decay dataset: icrp107_ame2020_nubase2020",-3076390691.1438465,-3076390691.1438465,-0.0,-0.0
La137,"Nuclide: La-137, decay dataset: icrp107_ame2020_nubase2020",28.214070616833368,28.214069724434516,1.0328690575775943e-11,1.0328690249083928e-11
La137,"Nuclide: Ba-137, decay dataset: icrp107_ame2020_nubase2020",-28.214070616833368,-56.428140341267884,-0.0,-0.0
La138,"Nuclide: La-138, decay dataset: icrp107_ame2020_nubase2020",3.240218807951504e-05,3.240218807951444e-05,6.977581780475397e-24,6.977581780475266e-24
La138,"Nuclide: Ba-138, decay dataset: icrp107_ame2020_nubase2020",-3.240218807951504e-05,-6.480437615902947e-05,-0.0,-0.0
La139,"Nuclide: La-139, decay dataset: icrp107_ame2020_nubase2020",0.0,0.0,0.0,0.0
La140,"Nuclide: La-140, decay dataset: icrp107_ame2020_nubase2020",1784512759.905385,1180680139.2211258,8531.267092479371,5644.508599095256
La140,"Nuclide: Ce-140, decay dataset: icrp107_ame2020_nubase2020",-1784512759.905385,-2965192899.1265106,-0.0,-0.0
La141,"Nuclide: La-141, decay dataset: icrp107_ame2020_nubase2020",25656978149.98564,368268620.1339697,1260208.479758409,18088.46058209769
La141,"Nuclide: Ce-141, decay dataset: icrp107_ame2020_nubase2020",-25786540151.895493,-25612659024.14885,-6363.770998635301,-6320.8594769093925
La141,"Nuclide: Pr-141, decay dataset: icrp107_ame2020_nubase2020",129562001.90985323,25373952405.924736,0.0,0.0
La142,"Nuclide: La-142, decay dataset: icrp107_ame2020_nubase2020",48204316071.16214,840936.6329664384,6112822.13237221,106.63974682953904
La142,"Nuclide: Ce-142, decay dataset: icrp107_ame2020_nubase2020",-48204316071.16214,-48205157007.795105,-0.0,-0.0
La143,"Nuclide: La-143, decay dataset: icrp107_ame2020_nubase2020",90554397405.2763,2.6910642643495255e-20,73670804.28259635,2.1893234830275783e-23
La143,"Nuclide: Ce-143, decay dataset: icrp107_ame2020_nubase2020",-91207741396.59503,-55126348520.17913,-531529.9830359613,-321258.9923299995
La143,"Nuclide: Pr-143, decay dataset: icrp107_ame2020_nubase2020",653819111.6504678,61971342490.31785,386.5355852342533,36637.24218274803
La143,"Nuclide: Nd-143, decay dataset: icrp107_ame2020_nubase2020",-475120.33173531207,-6845469090.470454,-0.0,-0.0
Ce135,"Nuclide: Ce-135, decay dataset: icrp107_ame2020_nubase2020",764062.3775947324,298505.6462577081,8.311482780943457,3.2471492009534644
Ce135,"Nuclide: La-135, decay dataset: icrp107_ame2020_nubase2020",-8277342.355319118,-6760705.612657275,-81.72958000169322,-66.7544734189343
Ce135,"Nuclide: Ba-135, decay dataset: icrp107_ame2020_nubase2020",7513279.977724385,13975479.944123954,0.0,0.0
Ce136,"Nuclide: Ce-136, decay dataset: icrp107_ame2020_nubase2020",0.0,0.0,0.0,0.0
Ce137,"Nuclide: Ce-137, decay dataset: icrp107_ame2020_nubase2020",43035926.7628452,6777733.753780351,920.6861511867421,144.99898277835877
Ce137,"Nuclide: La-137, decay dataset: icrp107_ame2020_nubase2020",-43035927.4992731,-49813660.0078258,-1.5754719863652495e-05,-1.8235932264264102e-05
Ce137,"Nuclide: Ba-137, decay dataset: icrp107_ame2020_nubase2020",0.7364278988237188,43035926.99047335,0.0,0.0
Ce138,"Nuclide: Ce-138, decay dataset: icrp107_ame2020_nubase2020",0.0,0.0,0.0,0.0
Ce139,"Nuclide: Ce-139, decay dataset: icrp107_ame2020_nubase2020",1833128.5335329073,1823920.275404905,0.10684564295131581,0.1063089308538548
Ce139,"Nuclide: La-139, decay dataset: icrp107_ame2020_nubase2020",-1833128.5335329073,-3657048.808937812,-0.0,-0.0
Ce140,"Nuclide: Ce-140, decay dataset: icrp107_ame2020_nubase2020",0.0,0.0,0.0,0.0
Ce141,"Nuclide: Ce-141, decay dataset: icrp107_ame2020_nubase2020",31800919.914704192,31130027.27219693,7.8480389649420434,7.682471691611205
Ce141,"Nuclide: Pr-141, decay dataset: icrp107_ame2020_nubase2020",-31800919.914704192,-62930947.18690112,-0.0,-0.0
Ce142,"Nuclide: Ce-142, decay dataset: icrp107_ame2020_nubase2020",0.0,0.0,0.0,0.0
Ce143,"Nuclide: Ce-143, decay dataset: icrp107_ame2020_nubase2020",1679886632.6298647,1015330656.8799785,9789.850068334486,5917.02720145917
Ce143,"Nuclide: Pr-143, decay dataset: icrp107_ame2020_nubase2020",-1869544863.8900607,-2906408490.578195,-1105.2684224253205,-1718.2585929608497
Ce143,"Nuclide: Nd-143, decay dataset: icrp107_ame2020_nubase2020",189658231.26019624,2080736064.958413,0.0,0.0
Ce144,"Nuclide: Ce-144, decay dataset: icrp107_ame2020_nubase2020",13475091.191601178,13442347.978190314,0.37943355842254717,0.3785115703037271
Ce144,"Nuclide: Pr-144, decay dataset: icrp107_ame2020_nubase2020",568.5672737321896,566.1962377352027,0.3801126569696391,0.3785275133389315
Ce144,"Nuclide: Nd-144, decay dataset: icrp107_ame2020_nubase2020",-13475659.758874916,-26918573.93330297,-1.29254396222097e-16,-2.581947068393069e-16
Ce144,"Nuclide: Ce-140, decay dataset: icrp107_ame2020_nubase2020",4.590302067784804e-09,13475659.758874923,0.0,0.0
Ce145,"Nuclide: Ce-145, decay dataset: icrp107_ame2020_nubase2020",51492449864.249954,4.98188237880896e-134,197629271.55885488,1.9120585408375988e-136
Ce145,"Nuclide: Pr-145, decay dataset: icrp107_ame2020_nubase2020",-51927784734.95683,-3221515616.595716,-1670825.7938650798,-103655.32469795168
Ce145,"Nuclide: Nd-145, decay dataset: icrp107_ame2020_nubase2020",435334870.7068759,3656850487.302592,0.0,0.0
Pr137,"Nuclide: Pr-137, decay dataset: icrp107_ame2020_nubase2020",1676113.9582685078,3.8018162626805965,252.1253612133216,0.0005718789547491328
Pr137,"Nuclide: Ce-137, decay dataset: icrp107_ame2020_nubase2020",-1954018.7205103782,-307743.09690167726,-41.80316564454075,-6.583680862783445
Pr137,"Nuclide: La-137, decay dataset: icrp107_ame2020_nubase2020",277904.76291820663,585644.0544796188,1.017361991007411e-07,2.1439431085331845e-07
Pr137,"Nuclide: Ba-137, decay dataset: icrp107_ame2020_nubase2020",-0.0006763365605092607,-277904.76007054077,-0.0,-0.0
Pr138,"Nuclide: Pr-138, decay dataset: icrp107_ame2020_nubase2020",16477583.956576418,1.8321743750493266e-292,131280.35473495096,1.4597316119076098e-294
Pr138,"Nuclide: Ce-138, decay dataset: icrp107_ame2020_nubase2020",-16477583.95657642,-16477583.95657642,-0.0,-0.0
Pr139,"Nuclide: Pr-139, decay dataset: icrp107_ame2020_nubase2020",37291179.976466976,857724.1650510358,1628.135314968605,37.44829218337482
Pr139,"Nuclide: Ce-139, decay dataset: icrp107_ame2020_nubase2020",-37341030.051766776,-38012327.57280882,-2.176457510405015,-2.215584725946812
Pr139,"Nuclide: La-139, decay dataset: icrp107_ame2020_nubase2020",49850.075299795084,37204453.48305757,0.0,0.0
Pr140,"Nuclide: Pr-140, decay dataset: icrp107_ame2020_nubase2020",486837707.7971884,6.549914159104591e-120,1659047.1216808634,2.2320818742836834e-122
Pr140,"Nuclide: Ce-140, decay dataset: icrp107_ame2020_nubase2020",-486837707.7971884,-486837707.7971884,-0.0,-0.0
Pr141,"Nuclide: Pr-141, decay dataset: icrp107_ame2020_nubase2020",0.0,0.0,0.0,0.0
Pr142,"Nuclide: Pr-142, decay dataset: icrp107_ame2020_nubase2020",261914355.41881406,109722926.7188308,2637.511579014505,1104.9241239240914
Pr142,"Nuclide: Nd-142, decay dataset: icrp107_ame2020_nubase2020",-261914355.4188141,-371637282.1376449,-0.0,-0.0
Pr143,"Nuclide: Pr-143, decay dataset: icrp107_ame2020_nubase2020",39899411.42096236,37912550.03934253,23.588393286901717,22.41376774714795
Pr143,"Nuclide: Nd-143, decay dataset: icrp107_ame2020_nubase2020",-39899411.42096236,-77811961.46030489,-0.0,-0.0
Pr144,"Nuclide: Pr-144, decay dataset: icrp107_ame2020_nubase2020",13248382480.247683,1.0872511750103943e-15,8857136.345643764,7.268760479542268e-19
Pr144,"Nuclide: Nd-144, decay dataset: icrp107_ame2020_nubase2020",-13248382480.247683,-13248382480.247683,-1.270744222579564e-13,-1.270744222579564e-13
Pr144,"Nuclide: Ce-140, decay dataset: icrp107_ame2020_nubase2020",1.9007616952378998e-10,13248382480.247683,0.0,0.0
Pr145,"Nuclide: Pr-145, decay dataset: icrp107_ame2020_nubase2020",5253065560.2144,325891674.82508975,169022.37366120587,10485.874163183744
Pr145,"Nuclide: Nd-145, decay dataset: icrp107_ame2020_nubase2020",-5253065560.2144,-5578957235.03949,-0.0,-0.0
Pr146,"Nuclide: Pr-146, decay dataset: icrp107_ame2020_nubase2020",26011747429.264565,2.9211568722582517e-08,12443043.058683325,1.3973717391160218e-11
Pr146,"Nuclide: Nd-146, decay dataset: icrp107_ame2020_nubase2020",-26011747429.264565,-26011747429.264565,-0.0,-0.0
Pr147,"Nuclide: Pr-147, decay dataset: icrp107_ame2020_nubase2020",40176626534.56414,1.7967241145222355e-22,34637208.21746644,1.5489978286382485e-25
Pr147,"Nuclide: Nd-147, decay dataset: icrp107_ame2020_nubase2020",-40210705127.49988,-37750740762.76977,-29379.9510130518,-27582.578092073196
Pr147,"Nuclide: Pm-147, decay dataset: icrp107_ame2020_nubase2020",34078923.901234,38222405594.38279,0.28533308176303146,320.02526876286913
Pr147,"Nuclide: Sm-147, decay dataset: icrp107_ame2020_nubase2020",-330.96549164757175,-471665162.5794743,-6.858160070057548e-17,-9.773693228067045e-11
Pr147,"Nuclide: Nd-143, decay dataset: icrp107_ame2020_nubase2020",7.958101395291811e-14,330.9664585678798,0.0,0.0
Pr148,"Nuclide: Pr-148, decay dataset: icrp107_ame2020_nubase2020",32143771733.472923,1.6335249146637606e-179,162156948.687185,8.240707343330501e-182
Pr148,"Nuclide: Nd-148, decay dataset: icrp107_ame2020_nubase2020",-32143771733.472923,-32143771733.472923,-0.0,-0.0
Nd134,"Nuclide: Nd-134, decay dataset: icrp107_ame2020_nubase2020",2533910.129903149,2.5454725197798798e-45,3443.8679653620634,3.459582549565183e-48
Nd134,"Nuclide: Pr-134m, decay dataset: icrp107_ame2020_nubase2020",-5067819.267306662,-1.606237351935265e-19,-3443.8672909029224,-1.0915283252980407e-22
Nd134,"Nuclide: Ce-134, decay dataset: icrp107_ame2020_nubase2020",2538651.2720758193,2038639.2911516686,6.445070659225097,5.1756515062430575
Nd134,"Nuclide: La-134, decay dataset: icrp107_ame2020_nubase2020",14921.32741232005,2893.7869976404368,26.72526104925444,5.182998187481907
Nd134,"Nuclide: Ba-134, decay dataset: icrp107_ame2020_nubase2020",-19663.462084626328,-2061196.540233935,-0.0,-0.0
Nd140,"Nuclide: Nd-140, decay dataset: icrp107_ame2020_nubase2020",43063.8978348226,35057.98317565728,0.10251682660226678,0.08345814854079034
Nd140,"Nuclide: Pr-140, decay dataset: icrp107_ame2020_nubase2020",31.103994848845844,24.50742728816045,0.1059962946589408,0.08351649030268575
Nd140,"Nuclide: Ce-140, decay dataset: icrp107_ame2020_nubase2020",-43095.00182967144,-78177.49243261688,-0.0,-0.0
Nd141,"Nuclide: Nd-141, decay dataset: icrp107_ame2020_nubase2020",10818592.1720936,13573.030200479965,836.5547369159498,1.0495434644263362
Nd141,"Nuclide: Pr-141, decay dataset: icrp107_ame2020_nubase2020",-10818592.1720936,-10832165.20229408,-0.0,-0.0
Nd142,"Nuclide: Nd-142, decay dataset: icrp107_ame2020_nubase2020",0.0,0.0,0.0,0.0
Nd143,"Nuclide: Nd-143, decay dataset: icrp107_ame2020_nubase2020",0.0,0.0,0.0,0.0
Nd144,"Nuclide: Nd-144, decay dataset: icrp107_ame2020_nubase2020",0.0,0.0,0.0,0.0
Nd144,"Nuclide: Ce-140, decay dataset: icrp107_ame2020_nubase2020",0.0,0.0,0.0,0.0
Nd145,"Nuclide: Nd-145, decay dataset: icrp107_ame2020_nubase2020",0.0,0.0,0.0,0.0
Nd146,"Nuclide: Nd-146, decay dataset: icrp107_ame2020_nubase2020",0.0,0.0,0.0,0.0
Nd147,"Nuclide: Nd-147, decay dataset: icrp107_ame2020_nubase2020",43719069.04715917,41044474.02142719,31.943337050892147,29.98914424112673
Nd147,"Nuclide: Pm-147, decay dataset: icrp107_ame2020_nubase2020",-44225865.086951755,-85714149.43021542,-0.3702905178422921,-0.7176600551854503
Nd147,"Nuclide: Sm-147, decay dataset: icrp107_ame2020_nubase2020",506796.03979273094,45176471.44967484,1.0501663924137707e-13,9.361322567495172e-12
Nd147,"Nuclide: Nd-143, decay dataset: icrp107_ame2020_nubase2020",-1.4373043410500468e-07,-506796.0408867575,-0.0,-0.0
Nd148,"Nuclide: Nd-148, decay dataset: icrp107_ame2020_nubase2020",0.0,0.0,0.0,0.0
Nd149,"Nuclide: Nd-149, decay dataset: icrp107_ame2020_nubase2020",8332862421.070289,549315.7477250178,928481.882259322,61.20702510493414
Nd149,"Nuclide: Pm-149, decay dataset: icrp107_ame2020_nubase2020",-8613264085.314829,-6296466655.344886,-31243.5093577525,-22839.624202681574
Nd149,"Nuclide: Sm-149, decay dataset: icrp107_ame2020_nubase2020",280401664.2445407,6576319003.8417015,0.0,0.0
Nd151,"Nuclide: Nd-151, decay dataset: icrp107_ame2020_nubase2020",16644033480.96233,2.373245597732066e-25,15456544.58798817,2.2039234925566503e-28
Nd151,"Nuclide: Pm-151, decay dataset: icrp107_ame2020_nubase2020",-16766436337.746944,-9333600725.682922,-113669.87554330114,-63278.15950195008
Nd151,"Nuclide: Sm-151, decay dataset: icrp107_ame2020_nubase2020",122402888.95276621,9456337040.758114,0.029873074862627563,2.3078692566955223
Nd151,"Nuclide: Eu-151, decay dataset: icrp107_ame2020_nubase2020",-32.16815092191049,-122736347.24334286,-0.0,-0.0
Nd152,"Nuclide: Nd-152, decay dataset: icrp107_ame2020_nubase2020",17713866693.57286,1.6729070620144252e-28,17950755.49044554,1.6952789669212287e-31
Nd152,"Nuclide: Pm-152, decay dataset: icrp107_ame2020_nubase2020",10024880602.30772,9.467550955356365e-29,28109699.534545638,2.654695085563463e-31
Nd152,"Nuclide: Sm-152, decay dataset: icrp107_ame2020_nubase2020",-27738747295.88058,-27738747295.88058,-0.0,-0.0
Pm136,"Nuclide: Pm-136, decay dataset: icrp107_ame2020_nubase2020",17725885.77146857,1.4925189666221241e-236,114828.48360206626,9.66855433314363e-239
Pm136,"Nuclide: Nd-136, decay dataset: icrp107_ame2020_nubase2020",-18372770.97373465,-0.050789044939665906,-4190.534517774851,-1.1584166930984462e-05
Pm136,"Nuclide: Pr-136, decay dataset: icrp107_ame2020_nubase2020",748826.6151609388,-0.017718681456980648,660.3652125026106,-1.562551411596173e-05
Pm136,"Nuclide: Ce-136, decay dataset: icrp107_ame2020_nubase2020",-101941.41289485699,-101941.3443871306,-0.0,-0.0
Pm143,"Nuclide: Pm-143, decay dataset: icrp107_ame2020_nubase2020",2210.517623715624,2204.7432390484423,6.692060003741067e-05,6.674578791077173e-05
Pm143,"Nuclide: Nd-143, decay dataset: icrp107_ame2020_nubase2020",-2210.517623715624,-4415.260862764066,-0.0,-0.0
Pm144,"Nuclide: Pm-144, decay dataset: icrp107_ame2020_nubase2020",8044.103726609034,8028.758195562539,0.000177779940128265,0.00017744079388110038
Pm144,"Nuclide: Nd-144, decay dataset: icrp107_ame2020_nubase2020",-8044.103726609038,-16072.861922171582,-7.715657629646025e-20,-1.541659629646861e-19
Pm144,"Nuclide: Ce-140, decay dataset: icrp107_ame2020_nubase2020",3.4911447403512378e-12,8044.103726609045,0.0,0.0
Pm145,"Nuclide: Pm-145, decay dataset: icrp107_ame2020_nubase2020",1664.6464162303616,1664.4679442828747,2.0657582805401085e-06,2.065536804135407e-06
Pm145,"Nuclide: Nd-145, decay dataset: icrp107_ame2020_nubase2020",-1664.6464162303616,-3329.1143605132365,-0.0,-0.0
Pm146,"Nuclide: Pm-146, decay dataset: icrp107_ame2020_nubase2020",11155.821258213202,11151.99348314889,4.431055446625898e-05,4.4295350669824276e-05
Pm146,"Nuclide: Nd-146, decay dataset: icrp107_ame2020_nubase2020",-11155.821258213202,-22307.81474136209,-0.0,-0.0
Pm147,"Nuclide: Pm-147, decay dataset: icrp107_ame2020_nubase2020",66031.686171995,65983.93595946865,0.0005528644203692842,0.0005524646214984494
Pm147,"Nuclide: Sm-147, decay dataset: icrp107_ame2020_nubase2020",-66031.68617362923,-132015.62213472975,-1.3682872834270535e-14,-2.735585102365616e-14
Pm147,"Nuclide: Nd-143, decay dataset: icrp107_ame2020_nubase2020",1.6342219373104738e-06,66031.68617689532,0.0,0.0
Pm148,"Nuclide: Pm-148, decay dataset: icrp107_ame2020_nubase2020",19038453.18804389,16732200.00827055,28.453183968948196,25.006462465109223
Pm148,"Nuclide: Sm-148, decay dataset: icrp107_ame2020_nubase2020",-19038453.18804389,-35770653.19631444,-5.973988592669816e-17,-1.1224308615645814e-16
Pm148,"Nuclide: Nd-144, decay dataset: icrp107_ame2020_nubase2020",3.9972855864417627e-11,-9256487.85575807,3.8340737614909737e-34,-8.878539309700363e-17
Pm148,"Nuclide: Ce-140, decay dataset: icrp107_ame2020_nubase2020",-2.5654363992203715e-28,28294941.043801956,-0.0,0.0
Pm149,"Nuclide: Pm-149, decay dataset: icrp107_ame2020_nubase2020",98953316.99032438,72330311.59541608,358.9404498393299,262.3689166843809
Pm149,"Nuclide: Sm-149, decay dataset: icrp107_ame2020_nubase2020",-98953316.99032438,-171283628.58574045,-0.0,-0.0
Pm150,"Nuclide: Pm-150, decay dataset: icrp107_ame2020_nubase2020",1890505915.297901,3808790.056258803,135820.77581059688,273.63723972227865
Pm150,"Nuclide: Sm-150, decay dataset: icrp107_ame2020_nubase2020",-1890505915.297901,-1894314705.3541598,-0.0,-0.0
Pm151,"Nuclide: Pm-151, decay dataset: icrp107_ame2020_nubase2020",431159732.14401084,240019566.93472117,2923.0942166138725,1627.2387138108475
Pm151,"Nuclide: Sm-151, decay dataset: icrp107_ame2020_nubase2020",-431175253.77900773,-671194369.5250983,-0.10523060971235063,-0.1638085491261131
Pm151,"Nuclide: Eu-151, decay dataset: icrp107_ame2020_nubase2020",15521.634996886967,431190324.2253741,0.0,0.0
Pm152,"Nuclide: Pm-152, decay dataset: icrp107_ame2020_nubase2020",8800527779.970547,5.372065529556768e-96,24676622.241610266,1.5063236551761902e-98
Pm152,"Nuclide: Sm-152, decay dataset: icrp107_ame2020_nubase2020",-8800527779.970547,-8800527779.970547,-0.0,-0.0
Pm153,"Nuclide: Pm-153, decay dataset: icrp107_ame2020_nubase2020",11515582726.725092,3.112135785919612e-73,25339662.53820414,6.848152842952028e-76
Pm153,"Nuclide: Sm-153, decay dataset: icrp107_ame2020_nubase2020",-11537292686.051245,-8067399983.808547,-47772.05434068876,-33404.39398581985
Pm153,"Nuclide: Eu-153, decay dataset: icrp107_ame2020_nubase2020",21709959.326155286,8089109943.134703,0.0,0.0
Pm154,"Nuclide: Pm-154, decay dataset: icrp107_ame2020_nubase2020",7957924069.937473,2.1502041750066235e-241,53140776.80334571,1.43584582036037e-243
Pm154,"Nuclide: Sm-154, decay dataset: icrp107_ame2020_nubase2020",-7957924069.937473,-7957924069.937473,-0.0,-0.0
Sm139,"Nuclide: Sm-139, decay dataset: icrp107_ame2020_nubase2020",3807320.5354210325,8.130477161510897e-163,17114.35469918982,3.654745344428214e-165
Sm139,"Nuclide: Pm-139, decay dataset: icrp107_ame2020_nubase2020",-10000239.646833725,-3.517456859230656e-98,-27837.903277616784,-9.791627729787026e-101
Sm139,"Nuclide: Nd-139, decay dataset: icrp107_ame2020_nubase2020",6779569.52648458,1.7211090560073997e-08,2637.059204653709,6.694623398472043e-12
Sm139,"Nuclide: Pr-139, decay dataset: icrp107_ame2020_nubase2020",-592404.1430015987,-13625.724615048332,-25.864402965078654,-0.5949000125980723
Sm139,"Nuclide: Ce-139, decay dataset: icrp107_ame2020_nubase2020",5753.802615123031,19368.839042140073,0.0003353658669220352,0.0011289312357653364
Sm139,"Nuclide: La-139, decay dataset: icrp107_ame2020_nubase2020",-0.07468541335536863,-5743.1891125223065,-0.0,-0.0
Sm140,"Nuclide: Sm-140, decay dataset: icrp107_ame2020_nubase2020",1262399.3815221263,7.100985926177291e-24,984.0627215954571,5.53534455007382e-27
Sm140,"Nuclide: Pm-140, decay dataset: icrp107_ame2020_nubase2020",13198.811715913136,7.423758013730804e-26,994.425992133344,5.593214061279138e-27
Sm140,"Nuclide: Nd-140, decay dataset: icrp107_ame2020_nubase2020",-1279505.664608246,-1041635.5768595013,-3.0459588414031917,-2.4796913234665054
Sm140,"Nuclide: Pr-140, decay dataset: icrp107_ame2020_nubase2020",-1157.9138174768252,-728.159632935493,-3.945942467627652,-2.481424761882014
Sm140,"Nuclide: Ce-140, decay dataset: icrp107_ame2020_nubase2020",5065.385187683242,1047429.1216801202,0.0,0.0
Sm145,"Nuclide: Sm-145, decay dataset: icrp107_ame2020_nubase2020",646.7669940954665,645.4497939291878,1.526091770276768e-05,1.5229837447406529e-05
Sm145,"Nuclide: Pm-145, decay dataset: icrp107_ame2020_nubase2020",-682.6704019074461,-1363.8773007614723,-8.471661139988278e-07,-1.692516080423179e-06
Sm145,"Nuclide: Nd-145, decay dataset: icrp107_ame2020_nubase2020",35.90340781197952,754.3309146442639,0.0,0.0
Sm146,"Nuclide: Sm-146, decay dataset: icrp107_ame2020_nubase2020",1.169181263024862e-05,1.1691812630033198e-05,2.493304900799666e-21,2.4933049007537265e-21
Sm146,"Nuclide: Nd-142, decay dataset: icrp107_ame2020_nubase2020",-1.169181263024862e-05,-2.338362526028182e-05,-0.0,-0.0
Sm147,"Nuclide: Sm-147, decay dataset: icrp107_ame2020_nubase2020",4.5491951399062496e-08,4.549195139906168e-08,9.426695304121688e-27,9.426695304121519e-27
Sm147,"Nuclide: Nd-143, decay dataset: icrp107_ame2020_nubase2020",-4.5491951399062496e-08,-9.098390279812418e-08,-0.0,-0.0
Sm148,"Nuclide: Sm-148, decay dataset: icrp107_ame2020_nubase2020",0.0,0.0,0.0,0.0
Sm148,"Nuclide: Nd-144, decay dataset: icrp107_ame2020_nubase2020",0.0,0.0,0.0,0.0
Sm148,"Nuclide: Ce-140, decay dataset: icrp107_ame2020_nubase2020",0.0,0.0,0.0,0.0
Sm149,"Nuclide: Sm-149, decay dataset: icrp107_ame2020_nubase2020",0.0,0.0,0.0,0.0
Sm150,"Nuclide: Sm-150, decay dataset: icrp107_ame2020_nubase2020",0.0,0.0,0.0,0.0
Sm151,"Nuclide: Sm-151, decay dataset: icrp107_ame2020_nubase2020",1732.8743253790951,1732.8377857201092,4.229171786096562e-07,4.229082609118986e-07
Sm151,"Nuclide: Eu-151, decay dataset: icrp107_ame2020_nubase2020",-1732.8743253790951,-3465.7121110992043,-0.0,-0.0
Sm152,"Nuclide: Sm-152, decay dataset: icrp107_ame2020_nubase2020",0.0,0.0,0.0,0.0
Sm153,"Nuclide: Sm-153, decay dataset: icrp107_ame2020_nubase2020",80573700.41379896,56340797.36917487,333.6286336266813,233.2883204715815
Sm153,"Nuclide: Eu-153, decay dataset: icrp107_ame2020_nubase2020",-80573700.41379896,-136914497.78297383,-0.0,-0.0
Sm154,"Nuclide: Sm-154, decay dataset: icrp107_ame2020_nubase2020",0.0,0.0,0.0,0.0
Sm155,"Nuclide: Sm-155, decay dataset: icrp107_ame2020_nubase2020",3898719093.9322543,1.4197559742284886e-10,2019720.5887551317,7.355006357396226e-14
Sm155,"Nuclide: Eu-155, decay dataset: icrp107_ame2020_nubase2020",-3898753813.9493065,-3897200080.668721,-17.986608334933038,-17.979440302964758
Sm155,"Nuclide: Gd-155, decay dataset: icrp107_ame2020_nubase2020",34720.017052764546,3897234800.685774,0.0,0.0
Sm156,"Nuclide: Sm-156, decay dataset: icrp107_ame2020_nubase2020",637591500.3279217,108631379.81973712,13059.833061503676,2225.10445160719
Sm156,"Nuclide: Eu-156, decay dataset: icrp107_ame2020_nubase2020",-654466599.1615024,-736779763.0963079,-345.6538764991064,-389.1272397500718
Sm156,"Nuclide: Gd-156, decay dataset: icrp107_ame2020_nubase2020",16875098.83358058,645023482.1101513,0.0,0.0
Sm157,"Nuclide: Sm-157, decay dataset: icrp107_ame2020_nubase2020",2846037840.773584,2.959903568431005e-45,4094485.481733342,4.2582997367938407e-48
Sm157,"Nuclide: Eu-157, decay dataset: icrp107_ame2020_nubase2020",-2871352908.6010704,-959731659.4245654,-36419.817248379266,-12173.094968237725
Sm157,"Nuclide: Gd-157, decay dataset: icrp107_ame2020_nubase2020",25315067.827486597,985046727.252052,0.0,0.0
Eu142,"Nuclide: Eu-142, decay dataset: icrp107_ame2020_nubase2020",13949772.781419808,0.0,4132156.2704670965,0.0
Eu142,"Nuclide: Sm-142, decay dataset: icrp107_ame2020_nubase2020",-13957281.18968212,-14.618320496483229,-2224.318320897255,-0.0023296656174780456
Eu142,"Nuclide: Pm-142, decay dataset: icrp107_ame2020_nubase2020",7970.560344032658,-0.1373997957965074,136.41410938146035,-0.0023515624954533665
Eu142,"Nuclide: Nd-142, decay dataset: icrp107_ame2020_nubase2020",-462.15208171754097,-447.39636142526126,-0.0,-0.0
Eu143,"Nuclide: Eu-143, decay dataset: icrp107_ame2020_nubase2020",2534052.684231041,1.0858933226209267e-161,11302.9052346532,4.8435257076162575e-164
Eu143,"Nuclide: Sm-143, decay dataset: icrp107_ame2020_nubase2020",-3599505.653811677,-1.0358728030776244e-43,-4752.356562569803,-1.3676425007085386e-46
Eu143,"Nuclide: Pm-143, decay dataset: icrp107_ame2020_nubase2020",1065460.2012864263,1062676.972153216,0.032255447873887066,0.03217118916378325
Eu143,"Nuclide: Nd-143, decay dataset: icrp107_ame2020_nubase2020",-7.231705790570276,-1062684.2038590065,-0.0,-0.0
Eu149,"Nuclide: Eu-149, decay dataset: icrp107_ame2020_nubase2020",1571.7209990591434,1560.0626907487879,0.00013543705234374452,0.0001344324421655931
Eu149,"Nuclide: Sm-149, decay dataset: icrp107_ame2020_nubase2020",-1571.7209990591434,-3131.7836898079313,-0.0,-0.0
Eu150,"Nuclide: Eu-150, decay dataset: icrp107_ame2020_nubase2020",70.62029075153531,70.61665882982557,4.2037211872272735e-08,4.2035049945993604e-08
Eu150,"Nuclide: Sm-150, decay dataset: icrp107_ame2020_nubase2020",-70.6202907515353,-141.23694958136088,-0.0,-0.0
Eu151,"Nuclide: Eu-151, decay dataset: icrp107_ame2020_nubase2020",0.0,0.0,0.0,0.0
Eu152,"Nuclide: Eu-152, decay dataset: icrp107_ame2020_nubase2020",1895.8381285450125,1895.5723665387561,3.076164762684335e-06,3.0757335403628733e-06
Eu152,"Nuclide: Sm-152, decay dataset: icrp107_ame2020_nubase2020",-1895.8381285450125,-3791.410495083769,-0.0,-0.0
Eu153,"Nuclide: Eu-153, decay dataset: icrp107_ame2020_nubase2020",0.0,0.0,0.0,0.0
Eu154,"Nuclide: Eu-154, decay dataset: icrp107_ame2020_nubase2020",11659.236324774783,11656.661653141764,2.9802730938677698e-05,2.9796149697522882e-05
Eu154,"Nuclide: Gd-154, decay dataset: icrp107_ame2020_nubase2020",-11659.236324774783,-23315.897977916546,-0.0,-0.0
Eu155,"Nuclide: Eu-155, decay dataset: icrp107_ame2020_nubase2020",43433.25546076313,43415.9464185117,0.00020037606680594472,0.0002002962128376035
Eu155,"Nuclide: Gd-155, decay dataset: icrp107_ame2020_nubase2020",-43433.25546076313,-86849.20187927483,-0.0,-0.0
Eu156,"Nuclide: Eu-156, decay dataset: icrp107_ame2020_nubase2020",5578808.9043401675,5329958.6836243095,2.94642526677982,2.814996033311989
Eu156,"Nuclide: Gd-156, decay dataset: icrp107_ame2020_nubase2020",-5578808.9043401675,-10908767.587964477,-0.0,-0.0
Eu157,"Nuclide: Eu-157, decay dataset: icrp107_ame2020_nubase2020",171322400.33142447,57263435.32143015,2173.0280844036215,726.3209768376902
Eu157,"Nuclide: Gd-157, decay dataset: icrp107_ame2020_nubase2020",-171322400.33142447,-228585835.65285462,-0.0,-0.0
Eu158,"Nuclide: Eu-158, decay dataset: icrp107_ame2020_nubase2020",1336896904.2303398,0.48086107420954577,336480.1451948363,0.00012102668766498667
Eu158,"Nuclide: Gd-158, decay dataset: icrp107_ame2020_nubase2020",-1336896904.2303398,-1336896904.711201,-0.0,-0.0
Eu159,"Nuclide: Eu-159, decay dataset: icrp107_ame2020_nubase2020",1430319137.9825308,1.6072566388098771e-15,912911.3055188975,1.0258429167839049e-18
Eu159,"Nuclide: Gd-159, decay dataset: icrp107_ame2020_nubase2020",-1454056371.4588912,-591033423.171256,-15150.45718942155,-6158.238945226851
Eu159,"Nuclide: Tb-159, decay dataset: icrp107_ame2020_nubase2020",23737233.47636043,614770656.6476164,0.0,0.0
Gd142,"Nuclide: Gd-142, decay dataset: icrp107_ame2020_nubase2020",617909398.3716156,0.0,6101170.332233297,0.0
Gd142,"Nuclide: Eu-142, decay dataset: icrp107_ame2020_nubase2020",21307221.63350399,0.0,6311555.812320154,0.0
Gd142,"Nuclide: Sm-142, decay dataset: icrp107_ame2020_nubase2020",-649702926.7296693,-680.4739032884509,-103540.66120941166,-0.10844451361314449
Gd142,"Nuclide: Pm-142, decay dataset: icrp107_ame2020_nubase2020",-14299509.092870345,-6.395876693165834,-244732.4545954168,-0.10946379992782629
Gd142,"Nuclide: Nd-142, decay dataset: icrp107_ame2020_nubase2020",24785815.817420032,24786502.687200014,0.0,0.0
Gd144,"Nuclide: Gd-144, decay dataset: icrp107_ame2020_nubase2020",126702633.1609388,1.3386888768790373e-89,327455.5292506554,3.459762940550576e-92
Gd144,"Nuclide: Eu-144, decay dataset: icrp107_ame2020_nubase2020",5009174.869153394,5.292490908591543e-91,340401.5134789616,3.596544266107227e-92
Gd144,"Nuclide: Sm-144, decay dataset: icrp107_ame2020_nubase2020",-131711808.03009221,-131711808.03009221,-0.0,-0.0
Gd145,"Nuclide: Gd-145, decay dataset: icrp107_ame2020_nubase2020",39479344.108702205,5.614027661849543e-12,19829.707289349866,2.8198169894177917e-15
Gd145,"Nuclide: Eu-145, decay dataset: icrp107_ame2020_nubase2020",-39585967.34816925,-35219026.75922736,-53.55478588377047,-47.646869925800445
Gd145,"Nuclide: Sm-145, decay dataset: icrp107_ame2020_nubase2020",106628.24855378114,35950602.72127611,0.0025159677918402254,0.8482795110186285
Gd145,"Nuclide: Pm-145, decay dataset: icrp107_ame2020_nubase2020",-5.009099451476006,-738062.0532516019,-6.216088034699812e-09,-0.0009159048931902075
Gd145,"Nuclide: Nd-145, decay dataset: icrp107_ame2020_nubase2020",1.2712991465898438e-05,6486.091215554343,0.0,0.0
Gd146,"Nuclide: Gd-146, decay dataset: icrp107_ame2020_nubase2020",18175.889125204776,17916.75215956853,0.003020856424247927,0.0029777875233534543
Gd146,"Nuclide: Eu-146, decay dataset: icrp107_ame2020_nubase2020",1919.1798558006126,3543.0687829682965,0.0033398462130323496,0.006165813392394833
Gd146,"Nuclide: Sm-146, decay dataset: icrp107_ame2020_nubase2020",-20095.069006789276,-41554.88997457447,-4.285317907585195e-12,-8.861672189113267e-12
Gd146,"Nuclide: Nd-142, decay dataset: icrp107_ame2020_nubase2020",2.5783885072222445e-05,20095.069057821536,0.0,0.0
Gd147,"Nuclide: Gd-147, decay dataset: icrp107_ame2020_nubase2020",226364.8741009386,146279.62640800333,1.1439499435759155,0.739233819029379
Gd147,"Nuclide: Eu-147, decay dataset: icrp107_ame2020_nubase2020",-242327.30314002646,-392051.6664807959,-0.08066720788391564,-0.13050825421420761
Gd147,"Nuclide: Sm-147, decay dataset: icrp107_ame2020_nubase2020",15962.42903908848,261734.46911202776,3.3076830128736136e-15,5.423577171402634e-14
Gd147,"Nuclide: Nd-143, decay dataset: icrp107_ame2020_nubase2020",-6.545245372284775e-10,-15962.429039235842,-0.0,-0.0
Gd152,"Nuclide: Gd-152, decay dataset: icrp107_ame2020_nubase2020",0.0,0.0,0.0,0.0
Gd152,"Nuclide: Sm-148, decay dataset: icrp107_ame2020_nubase2020",0.0,0.0,0.0,0.0
Gd152,"Nuclide: Nd-144, decay dataset: icrp107_ame2020_nubase2020",0.0,0.0,0.0,0.0
Gd152,"Nuclide: Ce-140, decay dataset: icrp107_ame2020_nubase2020",0.0,0.0,0.0,0.0
Gd153,"Nuclide: Gd-153, decay dataset: icrp107_ame2020_nubase2020",2736.5919971097746,2728.7129245787696,9.132450098310061e-05,9.106156358948708e-05
Gd153,"Nuclide: Eu-153, decay dataset: icrp107_ame2020_nubase2020",-2736.5919971097746,-5465.304921688545,-0.0,-0.0
Gd154,"Nuclide: Gd-154, decay dataset: icrp107_ame2020_nubase2020",0.0,0.0,0.0,0.0
Gd155,"Nuclide: Gd-155, decay dataset: icrp107_ame2020_nubase2020",0.0,0.0,0.0,0.0
Gd156,"Nuclide: Gd-156, decay dataset: icrp107_ame2020_nubase2020",0.0,0.0,0.0,0.0
Gd157,"Nuclide: Gd-157, decay dataset: icrp107_ame2020_nubase2020",0.0,0.0,0.0,0.0
Gd158,"Nuclide: Gd-158, decay dataset: icrp107_ame2020_nubase2020",0.0,0.0,0.0,0.0
Gd159,"Nuclide: Gd-159, decay dataset: icrp107_ame2020_nubase2020",41952804.65638336,17052646.81232359,437.1248483887757,177.67907803823311
Gd159,"Nuclide: Tb-159, decay dataset: icrp107_ame2020_nubase2020",-41952804.65638336,-59005451.46870695,-0.0,-0.0
Gd160,"Nuclide: Gd-160, decay dataset: icrp107_ame2020_nubase2020",0.0,0.0,0.0,0.0
Gd162,"Nuclide: Gd-162, decay dataset: icrp107_ame2020_nubase2020",514898716.7355478,1.278143735040748e-43,708136.098768212,1.757820885503675e-46
Gd162,"Nuclide: Tb-162, decay dataset: icrp107_ame2020_nubase2020",4891537809.987686,1.2142410376347124e-42,7435429.038586259,1.8457187538523755e-45
Gd162,"Nuclide: Dy-162, decay dataset: icrp107_ame2020_nubase2020",-5406436526.723235,-5406436526.723235,-0.0,-0.0
Tb146,"Nuclide: Tb-146, decay dataset: icrp107_ame2020_nubase2020",29147847.377731767,0.0,878423.8360550595,0.0
Tb146,"Nuclide: Gd-146, decay dataset: icrp107_ame2020_nubase2020",-29148008.124572266,-28732439.657593224,-4.844436879571518,-4.775368859595116
Tb146,"Nuclide: Eu-146, decay dataset: icrp107_ame2020_nubase2020",160.7698972209957,-3033680.8860868085,0.00027977926653421844,-5.279352838308598
Tb146,"Nuclide: Sm-146, decay dataset: icrp107_ame2020_nubase2020",-0.02305672075072611,31766120.561382454,-4.9168966919145985e-18,6.774195463086523e-09
Tb146,"Nuclide: Nd-142, decay dataset: icrp107_ame2020_nubase2020",1.6869871389975142e-12,-0.017702419505425986,0.0,-0.0
Tb147,"Nuclide: Tb-147, decay dataset: icrp107_ame2020_nubase2020",5056948.004683286,198.871009615954,593.7007540115957,0.023348048714500046
Tb147,"Nuclide: Gd-147, decay dataset: icrp107_ame2020_nubase2020",-5284413.540199021,-3415057.5872087493,-26.705135216548193,-17.25822060384656
Tb147,"Nuclide: Eu-147, decay dataset: icrp107_ame2020_nubase2020",228112.3270136022,3877306.5569204725,0.07593525065335724,1.2906985304748801
Tb147,"Nuclide: Sm-147, decay dataset: icrp107_ame2020_nubase2020",-646.7914978676597,-463094.6322193552,-1.3402604610670867e-16,-9.596097464827854e-14
Tb147,"Nuclide: Nd-143, decay dataset: icrp107_ame2020_nubase2020",1.1415336256787913e-12,646.7914980154942,0.0,0.0
Tb148,"Nuclide: Tb-148, decay dataset: icrp107_ame2020_nubase2020",1900539.5131733024,0.1132809825642887,365.93155697190156,2.1811220465415843e-05
Tb148,"Nuclide: Gd-148, decay dataset: icrp107_ame2020_nubase2020",-1900542.4195120453,-1900494.1848807712,-0.0005595894375211816,-0.0005595752354755411
Tb148,"Nuclide: Sm-144, decay dataset: icrp107_ame2020_nubase2020",2.9063387432656036,1900496.977938532,0.0,0.0
Tb156,"Nuclide: Tb-156, decay dataset: icrp107_ame2020_nubase2020",95175.68750220387,83610.09823962071,0.14271971151351473,0.1253766525206238
Tb156,"Nuclide: Gd-156, decay dataset: icrp107_ame2020_nubase2020",-95175.68750220387,-178785.7857418246,-0.0,-0.0
Tb157,"Nuclide: Tb-157, decay dataset: icrp107_ame2020_nubase2020",73.68344257947417,73.68147310540752,2.2795143379772906e-08,2.2794534091686456e-08
Tb157,"Nuclide: Gd-157, decay dataset: icrp107_ame2020_nubase2020",-73.68344257947416,-147.36491568488168,-0.0,-0.0
Tb158,"Nuclide: Tb-158, decay dataset: icrp107_ame2020_nubase2020",63.33768117279569,63.337013395150954,7.728948668974215e-09,7.728867181634564e-09
Tb158,"Nuclide: Gd-158, decay dataset: icrp107_ame2020_nubase2020",-63.33768117279569,-126.67469456794666,-0.0,-0.0
Tb159,"Nuclide: Tb-159, decay dataset: icrp107_ame2020_nubase2020",0.0,0.0,0.0,0.0
Tb160,"Nuclide: Tb-160, decay dataset: icrp107_ame2020_nubase2020",132587.83764561606,131322.77887209094,0.014712182687970416,0.014571809512590126
Tb160,"Nuclide: Dy-160, decay dataset: icrp107_ame2020_nubase2020",-132587.83764561606,-263910.616517707,-0.0,-0.0
Tb161,"Nuclide: Tb-161, decay dataset: icrp107_ame2020_nubase2020",2300411.624711127,2080730.9251613144,2.672333759351504,2.4171358880754714
Tb161,"Nuclide: Dy-161, decay dataset: icrp107_ame2020_nubase2020",-2300411.624711127,-4381142.549872441,-0.0,-0.0
Tb162,"Nuclide: Tb-162, decay dataset: icrp107_ame2020_nubase2020",258393913.37308222,2.371482602926169e-49,392774.1502815848,3.604794912204461e-52
Tb162,"Nuclide: Dy-162, decay dataset: icrp107_ame2020_nubase2020",-258393913.37308222,-258393913.37308222,-0.0,-0.0
Tb163,"Nuclide: Tb-163, decay dataset: icrp107_ame2020_nubase2020",307692495.5153914,1.8122142122032773e-14,182287.33824439926,1.0736163861191145e-17
Tb163,"Nuclide: Dy-163, decay dataset: icrp107_ame2020_nubase2020",-307692495.5153914,-307692495.5153914,-0.0,-0.0
Tb164,"Nuclide: Tb-164, decay dataset: icrp107_ame2020_nubase2020",185060744.05759332,5.928111796155512e-137,712635.183199147,2.2828077653051926e-139
Tb164,"Nuclide: Dy-164, decay dataset: icrp107_ame2020_nubase2020",-185060744.05759332,-185060744.05759332,-0.0,-0.0
Tb165,"Nuclide: Tb-165, decay dataset: icrp107_ame2020_nubase2020",148235840.51844314,5.3540361340666745e-198,811605.4890465447,2.9313862961646007e-200
Tb165,"Nuclide: Dy-165m, decay dataset: icrp107_ame2020_nubase2020",218443672.1977526,7.889828160049012e-198,2007605.6151555704,7.251143124158624e-200
Tb165,"Nuclide: Dy-165, decay dataset: icrp107_ame2020_nubase2020",-372288834.17778426,-298851.81032301893,-30711.577140374196,-24.65346683455157
Tb165,"Nuclide: Ho-165, decay dataset: icrp107_ame2020_nubase2020",5609321.461588511,5908173.27191153,0.0,0.0
Dy148,"Nuclide: Dy-148, decay dataset: icrp107_ame2020_nubase2020",5055622.35025604,2.2142724810504121e-125,17698.43625280716,7.751599632482667e-128
Dy148,"Nuclide: Tb-148, decay dataset: icrp107_ame2020_nubase2020",-5349864.170905863,-0.31887675350343414,-1030.0675740116856,-6.1396811843615e-05
Dy148,"Nuclide: Gd-148, decay dataset: icrp107_ame2020_nubase2020",294241.8453986305,294234.6790554269,8.663559785426329e-05,8.663348781982195e-05
Dy148,"Nuclide: Sm-144, decay dataset: icrp107_ame2020_nubase2020",-0.024748808090928286,-294234.3849274815,-0.0,-0.0
Dy149,"Nuclide: Dy-149, decay dataset: icrp107_ame2020_nubase2020",1267026.338939183,7.807309846674099e-98,3485.06243861462,2.147466193642877e-100
Dy149,"Nuclide: Tb-149, decay dataset: icrp107_ame2020_nubase2020",-1288936.0935492788,-22688.55998374007,-60.265394417842565,-1.060824522671107
Dy149,"Nuclide: Gd-149, decay dataset: icrp107_ame2020_nubase2020",21916.64383316587,43455.23975013957,0.018946883830588773,0.03756694618225887
Dy149,"Nuclide: Eu-149, decay dataset: icrp107_ame2020_nubase2020",-6.889495679139094,-23026.13831491134,-5.936759688749639e-07,-0.0019841894980710865
Dy149,"Nuclide: Sm-149, decay dataset: icrp107_ame2020_nubase2020",0.0002726092036798545,2259.4588211210407,0.0,0.0
Dy150,"Nuclide: Dy-150, decay dataset: icrp107_ame2020_nubase2020",1267014.7376078377,4.414429522240133e-55,2041.4404767567912,7.112620588380601e-58
Dy150,"Nuclide: Tb-150, decay dataset: icrp107_ame2020_nubase2020",-1312069.6868567446,-11012.55185403576,-72.59398181217455,-0.6093007078859424
Dy150,"Nuclide: Gd-150, decay dataset: icrp107_ame2020_nubase2020",45054.94924924996,56067.501057960486,5.528664579445862e-10,6.880007908617271e-10
Dy150,"Nuclide: Sm-146, decay dataset: icrp107_ame2020_nubase2020",-3.431531392273564e-07,-45851.79100913552,-7.317816585144542e-23,-9.777995837681215e-12
Dy150,"Nuclide: Nd-142, decay dataset: icrp107_ame2020_nubase2020",2.713328814648162e-14,796.841805210788,0.0,0.0
Dy158,"Nuclide: Dy-158, decay dataset: icrp107_ame2020_nubase2020",0.0,0.0,0.0,0.0
Dy159,"Nuclide: Dy-159, decay dataset: icrp107_ame2020_nubase2020",2533.645273881296,2521.512442889142,0.00014076359057032378,0.0001400895179715096
Dy159,"Nuclide: Tb-159, decay dataset: icrp107_ame2020_nubase2020",-2533.645273881296,-5055.157716770438,-0.0,-0.0
Dy160,"Nuclide: Dy-160, decay dataset: icrp107_ame2020_nubase2020",0.0,0.0,0.0,0.0
Dy161,"Nuclide: Dy-161, decay dataset: icrp107_ame2020_nubase2020",0.0,0.0,0.0,0.0
Dy162,"Nuclide: Dy-162, decay dataset: icrp107_ame2020_nubase2020",0.0,0.0,0.0,0.0
Dy163,"Nuclide: Dy-163, decay dataset: icrp107_ame2020_nubase2020",0.0,0.0,0.0,0.0
Dy164,"Nuclide: Dy-164, decay dataset: icrp107_ame2020_nubase2020",0.0,0.0,0.0,0.0
Dy165,"Nuclide: Dy-165, decay dataset: icrp107_ame2020_nubase2020",46542276.836990945,37361.43126615391,3839.4563418071884,3.0820921098518004
Dy165,"Nuclide: Ho-165, decay dataset: icrp107_ame2020_nubase2020",-46542276.836990945,-46579638.2682571,-0.0,-0.0
Dy166,"Nuclide: Dy-166, decay dataset: icrp107_ame2020_nubase2020",1876762.2288295552,1530632.8167298455,4.428351196536646,3.611634740566516
Dy166,"Nuclide: Ho-166, decay dataset: icrp107_ame2020_nubase2020",917832.6732705618,1241940.9182505931,6.594041559942863,8.922552300035532
Dy166,"Nuclide: Er-166, decay dataset: icrp107_ame2020_nubase2020",-2794594.9021001174,-5567168.637080556,-0.0,-0.0
Dy167,"Nuclide: Dy-167, decay dataset: icrp107_ame2020_nubase2020",64599522.572615825,7.826816539979734e-63,120368.21757184732,1.4583698433997042e-65
Dy167,"Nuclide: Ho-167, decay dataset: icrp107_ame2020_nubase2020",-66827091.95592043,-312174.7392663106,-4150.628169737137,-19.38916132298201
Dy167,"Nuclide: Er-167, decay dataset: icrp107_ame2020_nubase2020",2227569.3833046053,2539744.122570916,0.0,0.0
Dy168,"Nuclide: Dy-168, decay dataset: icrp107_ame2020_nubase2020",70836137.45448977,1.0582795823868745e-42,94061.05164432246,1.4052557639379664e-45
Dy168,"Nuclide: Ho-168, decay dataset: icrp107_ame2020_nubase2020",37092829.544470124,5.541604117927768e-43,143315.44157045768,2.1411077313940997e-45
Dy168,"Nuclide: Er-168, decay dataset: icrp107_ame2020_nubase2020",-107928966.99895991,-107928966.99895991,-0.0,-0.0
Ho150,"Nuclide: Ho-150, decay dataset: icrp107_ame2020_nubase2020",2534052.68423107,0.0,22870.722310743848,0.0
Ho150,"Nuclide: Dy-150, decay dataset: icrp107_ame2020_nubase2020",-3084745.64617839,-1.0747619459266629e-54,-4970.206293335931,-1.7316787833384165e-57
Ho150,"Nuclide: Tb-150, decay dataset: icrp107_ame2020_nubase2020",554089.9794821428,4650.625414162881,30.656601776386115,0.2573090592007845
Ho150,"Nuclide: Gd-150, decay dataset: icrp107_ame2020_nubase2020",-3397.0175348274115,-8047.6429464201865,-4.168458922605369e-11,-9.875212212483247e-11
Ho150,"Nuclide: Sm-146, decay dataset: icrp107_ame2020_nubase2020",4.6024372463512815e-09,3457.097182305327,9.814799214505163e-25,7.372336197795616e-13
Ho150,"Nuclide: Nd-142, decay dataset: icrp107_ame2020_nubase2020",2.7133242621610898e-14,-60.07965004802001,0.0,-0.0
Ho161,"Nuclide: Ho-161, decay dataset: icrp107_ame2020_nubase2020",542557.8227402325,662.6016655430647,42.122807473469386,0.05144270567937938
Ho161,"Nuclide: Dy-161, decay dataset: icrp107_ame2020_nubase2020",-542557.8227402325,-543220.4244057755,-0.0,-0.0
Ho162,"Nuclide: Ho-162, decay dataset: icrp107_ame2020_nubase2020",2524154.0409332924,3.185930306636677e-23,1944.011396413227,2.4536873438952164e-26
Ho162,"Nuclide: Dy-162, decay dataset: icrp107_ame2020_nubase2020",-2524154.0409332924,-2524154.0409332924,-0.0,-0.0
Ho163,"Nuclide: Ho-163, decay dataset: icrp107_ame2020_nubase2020",0.6134158641072026,0.6134156093753675,2.9482857402490428e-12,2.948284515921012e-12
Ho163,"Nuclide: Dy-163, decay dataset: icrp107_ame2020_nubase2020",-0.6134158641072026,-1.2268314734825703,-0.0,-0.0
Ho164,"Nuclide: Ho-164, decay dataset: icrp107_ame2020_nubase2020",15541634.984259505,1.7530744828470992e-08,6191.172684270854,6.983555374120983e-12
Ho164,"Nuclide: Dy-164, decay dataset: icrp107_ame2020_nubase2020",-15541634.984259505,-15541634.984259522,-0.0,-0.0
Ho165,"Nuclide: Ho-165, decay dataset: icrp107_ame2020_nubase2020",0.0,0.0,0.0,0.0
Ho166,"Nuclide: Ho-166, decay dataset: icrp107_ame2020_nubase2020",2548656.127397658,1370036.5152839902,18.310466510390913,9.842837353164077
Ho166,"Nuclide: Er-166, decay dataset: icrp107_ame2020_nubase2020",-2548656.127397658,-3918692.642681648,-0.0,-0.0
Ho167,"Nuclide: Ho-167, decay dataset: icrp107_ame2020_nubase2020",21042691.344096366,98298.40700142519,1306.9607685083836,6.105310364388159
Ho167,"Nuclide: Er-167, decay dataset: icrp107_ame2020_nubase2020",-21042691.344096366,-21140989.75109779,-0.0,-0.0
Ho168,"Nuclide: Ho-168, decay dataset: icrp107_ame2020_nubase2020",46811318.05841692,4.92826548338856e-138,180864.7331688213,1.904132288105728e-140
Ho168,"Nuclide: Er-168, decay dataset: icrp107_ame2020_nubase2020",-46811318.05841692,-46811318.05841692,-0.0,-0.0
Ho170,"Nuclide: Ho-170, decay dataset: icrp107_ame2020_nubase2020",27868338.017465036,2.432108227933854e-150,116647.70485324533,1.018000580319442e-152
Ho170,"Nuclide: Er-170, decay dataset: icrp107_ame2020_nubase2020",-27868338.017465036,-27868338.017465036,-0.0,-0.0
Er162,"Nuclide: Er-162, decay dataset: icrp107_ame2020_nubase2020",0.0,0.0,0.0,0.0
Er163,"Nuclide: Er-163, decay dataset: icrp107_ame2020_nubase2020",849063.521720762,1.409821943489457,130.783552488232,0.0002171586900491688
Er163,"Nuclide: Ho-163, decay dataset: icrp107_ame2020_nubase2020",-849063.5482143789,-849064.6054476441,-4.080888836171715e-06,-4.08089391759517e-06
Er163,"Nuclide: Dy-163, decay dataset: icrp107_ame2020_nubase2020",0.026493616782985695,849063.2221193174,0.0,0.0
Er164,"Nuclide: Er-164, decay dataset: icrp107_ame2020_nubase2020",0.0,0.0,0.0,0.0
Er165,"Nuclide: Er-165, decay dataset: icrp107_ame2020_nubase2020",476850.40889373975,95722.79566231696,8.862277897725031,1.7790107767227252
Er165,"Nuclide: Ho-165, decay dataset: icrp107_ame2020_nubase2020",-476850.40889373975,-572573.2045560568,-0.0,-0.0
Er166,"Nuclide: Er-166, decay dataset: icrp107_ame2020_nubase2020",0.0,0.0,0.0,0.0
Er167,"Nuclide: Er-167, decay dataset: icrp107_ame2020_nubase2020",0.0,0.0,0.0,0.0
Er168,"Nuclide: Er-168, decay dataset: icrp107_ame2020_nubase2020",0.0,0.0,0.0,0.0
Er169,"Nuclide: Er-169, decay dataset: icrp107_ame2020_nubase2020",170723.67914769967,158587.62446970848,0.1457060638987992,0.1353484101320895
Er169,"Nuclide: Tm-169, decay dataset: icrp107_ame2020_nubase2020",-170723.67914769967,-329311.30361740815,-0.0,-0.0
Er170,"Nuclide: Er-170, decay dataset: icrp107_ame2020_nubase2020",0.0,0.0,0.0,0.0
Er171,"Nuclide: Er-171, decay dataset: icrp107_ame2020_nubase2020",3201172.977159631,349996.5897092081,82.00594374973703,8.966026157624238
Er171,"Nuclide: Tm-171, decay dataset: icrp107_ame2020_nubase2020",-3202603.176113323,-3549592.169083544,-0.03663807689732126,-0.040607663108247184
Er171,"Nuclide: Yb-171, decay dataset: icrp107_ame2020_nubase2020",1430.1989536917172,3201025.778328028,0.0,0.0
Er172,"Nuclide: Er-172, decay dataset: icrp107_ame2020_nubase2020",632548.3805058558,451385.6056619865,2.470414280569041,1.762884042765096
Er172,"Nuclide: Tm-172, decay dataset: icrp107_ame2020_nubase2020",-2813292.0763529134,-4173362.3962998753,-8.516882734170405,-12.634322058220455
Er172,"Nuclide: Yb-172, decay dataset: icrp107_ame2020_nubase2020",2180743.6958470577,5902720.486484947,0.0,0.0
Er173,"Nuclide: Er-173, decay dataset: icrp107_ame2020_nubase2020",7614641.070842132,3.9094354086249154e-296,61344.33971676182,3.149481788783796e-298
Er173,"Nuclide: Tm-173, decay dataset: icrp107_ame2020_nubase2020",-7636791.3184463205,-1014202.15304807,-178.44594022740475,-23.69846827478074
Er173,"Nuclide: Yb-173, decay dataset: icrp107_ame2020_nubase2020",22150.247604188695,1036352.4006522588,0.0,0.0
Tm168,"Nuclide: Tm-168, decay dataset: icrp107_ame2020_nubase2020",3135.6995301426264,3112.4403436121142,0.0002702069270897366,0.00026820265555204536
Tm168,"Nuclide: Er-168, decay dataset: icrp107_ame2020_nubase2020",-3135.6995301426264,-6248.139873754741,-0.0,-0.0
Tm169,"Nuclide: Tm-169, decay dataset: icrp107_ame2020_nubase2020",0.0,0.0,0.0,0.0
Tm170,"Nuclide: Tm-170, decay dataset: icrp107_ame2020_nubase2020",3980.005446263926,3958.611136852875,0.00024828724887058877,0.00024695259385644995
Tm170,"Nuclide: Yb-170, decay dataset: icrp107_ame2020_nubase2020",-3980.005446263926,-7938.6165831168,-0.0,-0.0
Tm171,"Nuclide: Tm-171, decay dataset: icrp107_ame2020_nubase2020",835.3858635273167,834.5605560340362,9.556891635882752e-06,9.547450041735754e-06
Tm171,"Nuclide: Yb-171, decay dataset: icrp107_ame2020_nubase2020",-835.3858635273167,-1669.9464195613527,-0.0,-0.0
Tm172,"Nuclide: Tm-172, decay dataset: icrp107_ame2020_nubase2020",327689.3555443374,252270.2917630171,0.9920377048177103,0.7637161140573466
Tm172,"Nuclide: Yb-172, decay dataset: icrp107_ame2020_nubase2020",-327689.3555443374,-579959.6473073545,-0.0,-0.0
Tm173,"Nuclide: Tm-173, decay dataset: icrp107_ame2020_nubase2020",2353401.997835637,312542.96126008645,54.99103153734878,7.303070132190032
Tm173,"Nuclide: Yb-173, decay dataset: icrp107_ame2020_nubase2020",-2353401.997835637,-2665944.9590957235,-0.0,-0.0
Tm174,"Nuclide: Tm-174, decay dataset: icrp107_ame2020_nubase2020",19005391.247355394,1.0097440531224869e-73,40659.053575750164,2.1601890231759982e-76
Tm174,"Nuclide: Yb-174, decay dataset: icrp107_ame2020_nubase2020",-19005391.247355394,-19005391.247355394,-0.0,-0.0
Tm175,"Nuclide: Tm-175, decay dataset: icrp107_ame2020_nubase2020",11342891.065136012,3.4363120342964407e-22,8620.935264471076,2.611699559316653e-25
Tm175,"Nuclide: Yb-175, decay dataset: icrp107_ame2020_nubase2020",-11371572.83612885,-9635845.623980366,-21.799011156176086,-18.47166696140559
Tm175,"Nuclide: Lu-175, decay dataset: icrp107_ame2020_nubase2020",28681.77099283743,9664527.394973204,0.0,0.0
Tm176,"Nuclide: Tm-176, decay dataset: icrp107_ame2020_nubase2020",2534052.68423107,1.2262408271110754e-228,15824.06732851466,7.657345693689525e-231
Tm176,"Nuclide: Yb-176, decay dataset: icrp107_ame2020_nubase2020",-2534052.68423107,-2534052.68423107,-0.0,-0.0
Yb172,"Nuclide: Yb-172, decay dataset: icrp107_ame2020_nubase2020",0.0,0.0,0.0,0.0
Yb173,"Nuclide: Yb-173, decay dataset: icrp107_ame2020_nubase2020",0.0,0.0,0.0,0.0
Yb174,"Nuclide: Yb-174, decay dataset: icrp107_ame2020_nubase2020",0.0,0.0,0.0,0.0
Yb175,"Nuclide: Yb-175, decay dataset: icrp107_ame2020_nubase2020",69299.43796243382,58721.75253655919,0.13284523108890284,0.11256808157511068
Yb175,"Nuclide: Lu-175, decay dataset: icrp107_ame2020_nubase2020",-69299.43796243382,-128021.190498993,-0.0,-0.0
Yb176,"Nuclide: Yb-176, decay dataset: icrp107_ame2020_nubase2020",0.0,0.0,0.0,0.0
Yb177,"Nuclide: Yb-177, decay dataset: icrp107_ame2020_nubase2020",1307274.81677571,216.6558415841033,131.71315969897995,0.021828941471286608
Yb177,"Nuclide: Lu-177, decay dataset: icrp107_ame2020_nubase2020",-1323124.6350764304,-1192319.1958096635,-1.5969333672051895,-1.4390589198255854
Yb177,"Nuclide: Hf-177, decay dataset: icrp107_ame2020_nubase2020",15849.818300720346,1207952.3582687997,0.0,0.0
Yb178,"Nuclide: Yb-178, decay dataset: icrp107_ame2020_nubase2020",1710561.6216108683,2.3727813885427205,267.04301017874354,0.0003704249390886259
Yb178,"Nuclide: Lu-178, decay dataset: icrp107_ame2020_nubase2020",1065350.7284188136,1.477784900462634,433.3596559336764,0.00060112819086252
Yb178,"Nuclide: Hf-178, decay dataset: icrp107_ame2020_nubase2020",-2775912.350029682,-2775916.2005959707,-0.0,-0.0
Yb179,"Nuclide: Yb-179, decay dataset: icrp107_ame2020_nubase2020",3807204.3452191795,2.4843167524442246e-48,5497.818661883847,3.587494067863654e-51
Yb179,"Nuclide: Lu-179, decay dataset: icrp107_ame2020_nubase2020",-3921106.98192758,-104567.23931915512,-164.4822227788077,-4.386376610567019
Yb179,"Nuclide: Hf-179, decay dataset: icrp107_ame2020_nubase2020",113902.63670840062,218469.87602755573,0.0,0.0
Lu176,"Nuclide: Lu-176, decay dataset: icrp107_ame2020_nubase2020",5.204722725946053e-09,5.2047227259457965e-09,2.969392703732444e-27,2.969392703732298e-27
Lu176,"Nuclide: Hf-176, decay dataset: icrp107_ame2020_nubase2020",-5.204722725946053e-09,-1.040944545189185e-08,-0.0,-0.0
Lu178,"Nuclide: Lu-178, decay dataset: icrp107_ame2020_nubase2020",1199289.036767492,6.537792396715835e-10,487.84261415014066,2.659420403092622e-13
Lu178,"Nuclide: Hf-178, decay dataset: icrp107_ame2020_nubase2020",-1199289.036767492,-1199289.0367674928,-0.0,-0.0
Lu179,"Nuclide: Lu-179, decay dataset: icrp107_ame2020_nubase2020",992493.6714124472,26467.608188112692,41.63303014180142,1.1102607111931515
Lu179,"Nuclide: Hf-179, decay dataset: icrp107_ame2020_nubase2020",-992493.6714124474,-1018961.2796005601,-0.0,-0.0
Lu180,"Nuclide: Lu-180, decay dataset: icrp107_ame2020_nubase2020",1267025.7595939115,1.1300621509758395e-70,2567.939570056558,2.2903491046971063e-73
Lu180,"Nuclide: Hf-180, decay dataset: icrp107_ame2020_nubase2020",-1267025.7595939115,-1267025.7595939115,-0.0,-0.0
Lu181,"Nuclide: Lu-181, decay dataset: icrp107_ame2020_nubase2020",2534052.684110069,3.5602014000520914e-118,8364.149873244078,1.1751159822246081e-120
Lu181,"Nuclide: Hf-181, decay dataset: icrp107_ame2020_nubase2020",-2534197.9884573235,-2493096.579930087,-0.47961067825872805,-0.471832014353649
Lu181,"Nuclide: Ta-181, decay dataset: icrp107_ame2020_nubase2020",145.30434725416413,2493241.8842773414,0.0,0.0
Hf180,"Nuclide: Hf-180, decay dataset: icrp107_ame2020_nubase2020",0.0,0.0,0.0,0.0
Hf183,"Nuclide: Hf-183, decay dataset: icrp107_ame2020_nubase2020",921460.5601410529,0.15610535634632638,166.2781915180045,2.8169318864355334e-05
Hf183,"Nuclide: Ta-183, decay dataset: icrp107_ame2020_nubase2020",-929563.8548029645,-811435.1621654462,-1.4622471067245582,-1.2764251880496122
Hf183,"Nuclide: W-183, decay dataset: icrp107_ame2020_nubase2020",8103.294661911608,819538.3007220014,0.0,0.0
Ta183,"Nuclide: Ta-183, decay dataset: icrp107_ame2020_nubase2020",14269.298035311484,12455.957552934064,0.022446268386314732,0.019593799607367925
Ta183,"Nuclide: W-183, decay dataset: icrp107_ame2020_nubase2020",-14269.298035311484,-26725.25558824555,-0.0,-0.0
Ta184,"Nuclide: Ta-184, decay dataset: icrp107_ame2020_nubase2020",186629.39998549494,27577.347112548574,4.130320638874206,0.6103180203826946
Ta184,"Nuclide: W-184, decay dataset: icrp107_ame2020_nubase2020",-186629.39998549494,-214206.7470980435,-0.0,-0.0
Ta185,"Nuclide: Ta-185, decay dataset: icrp107_ame2020_nubase2020",1031771.4349302088,0.0017322878674713644,241.2852432875045,4.0510474063966815e-07
Ta185,"Nuclide: W-185, decay dataset: icrp107_ame2020_nubase2020",-1032242.9610358409,-1022759.5467806295,-0.11026906995839539,-0.1092560068429996
Ta185,"Nuclide: Re-185, decay dataset: icrp107_ame2020_nubase2020",471.5261056320187,1023231.0711539737,0.0,0.0
Ta186,"Nuclide: Ta-186, decay dataset: icrp107_ame2020_nubase2020",1266566.6756339504,6.584372102164551e-36,1393.5192384235802,7.244347552972886e-39
Ta186,"Nuclide: W-186, decay dataset: icrp107_ame2020_nubase2020",-1266566.6756339504,-1266566.6756339504,-0.0,-0.0
W187,"Nuclide: W-187, decay dataset: icrp107_ame2020_nubase2020",71927.87765570392,35670.87613724748,0.5838556960922786,0.28954898846070026
W187,"Nuclide: Re-187, decay dataset: icrp107_ame2020_nubase2020",-71927.87765570865,-107598.75379295516,-3.8346947461149067e-14,-5.736418052446308e-14
W187,"Nuclide: Os-187, decay dataset: icrp107_ame2020_nubase2020",4.724133540497601e-09,71927.87765571241,0.0,0.0
At216,"Nuclide: At-216, decay dataset: icrp107_ame2020_nubase2020",1267026.342115535,0.0,2927452455.775213,0.0
At216,"Nuclide: Bi-212, decay dataset: icrp107_ame2020_nubase2020",-1267025.6999099678,-0.08783964346328385,-241.7383131267783,-1.6759097497375733e-05
At216,"Nuclide: Po-212, decay dataset: icrp107_ame2020_nubase2020",0.9998956183212021,-7.229301788517323e-12,2317976.015697607,-1.6759097498755024e-05
At216,"Nuclide: Pb-208, decay dataset: icrp107_ame2020_nubase2020",-1.6421011855805987,-1.5542615421100856,-0.0,-0.0
Rn215,"Nuclide: Rn-215, decay dataset: icrp107_ame2020_nubase2020",5055622.350313218,0.0,1523604512215.4138,0.0
Rn215,"Nuclide: Po-211, decay dataset: icrp107_ame2020_nubase2020",-5055643.885164451,0.0,-6791289.350614083,0.0
Rn215,"Nuclide: Pb-207, decay dataset: icrp107_ame2020_nubase2020",21.53485123232216,21.53485123232216,0.0,0.0
Rn216,"Nuclide: Rn-216, decay dataset: icrp107_ame2020_nubase2020",11390754.060890894,0.0,175454868039.07266,0.0
Rn216,"Nuclide: Po-212, decay dataset: icrp107_ame2020_nubase2020",76192.48261126992,0.0,176630784287.17194,0.0
Rn216,"Nuclide: Pb-208, decay dataset: icrp107_ame2020_nubase2020",-11466946.543502163,-11466946.543502163,-0.0,-0.0
Rn217,"Nuclide: Rn-217, decay dataset: icrp107_ame2020_nubase2020",16477583.956576418,0.0,21150723818.408764,0.0
Rn217,"Nuclide: Po-213, decay dataset: icrp107_ame2020_nubase2020",129164.59204483194,0.0,21316684000.964478,0.0
Rn217,"Nuclide: Pb-209, decay dataset: icrp107_ame2020_nubase2020",-16606748.967392383,-99849.06044647761,-982.9320990038948,-5.909937385151783
Rn217,"Nuclide: Bi-209, decay dataset: icrp107_ame2020_nubase2020",0.418771131915442,99849.47921760952,0.0,0.0
Rn218,"Nuclide: Rn-218, decay dataset: icrp107_ame2020_nubase2020",51804525.31802434,0.0,1025947447.555282,0.0
Rn218,"Nuclide: Po-214, decay dataset: icrp107_ame2020_nubase2020",244333.20833086167,0.0,1030790471.5258825,0.0
Rn218,"Nuclide: Pb-210, decay dataset: icrp107_ame2020_nubase2020",-52048858.52894843,-52044409.30584899,-0.05149783881689491,-0.05149343669587802
Rn218,"Nuclide: Bi-210, decay dataset: icrp107_ame2020_nubase2020",0.014056718071397434,-32196.32362614279,2.2495619027369493e-08,-0.05152527259185476
Rn218,"Nuclide: Po-210, decay dataset: icrp107_ame2020_nubase2020",-0.011469533449279779,-904159.5752787428,-6.649618020012855e-10,-0.05241988116890873
Rn218,"Nuclide: Pb-206, decay dataset: icrp107_ame2020_nubase2020",6.040260667149449e-06,52980765.20475992,0.0,0.0
Rn219,"Nuclide: Rn-219, decay dataset: icrp107_ame2020_nubase2020",31519620.826026857,0.0,5517105.1282522855,0.0
Rn219,"Nuclide: Po-215, decay dataset: icrp107_ame2020_nubase2020",14183.248301863498,0.0,5519976.738696415,0.0
Rn219,"Nuclide: Pb-211, decay dataset: icrp107_ame2020_nubase2020",-31591560.597804207,-3.1026042127710246e-05,-10109.695825418581,-9.92872281844711e-09
Rn219,"Nuclide: Bi-211, decay dataset: icrp107_ame2020_nubase2020",59596.46972198179,-1.955115728895758e-06,321.7221570024753,-1.0554384385922875e-08
Rn219,"Nuclide: Tl-207, decay dataset: icrp107_ame2020_nubase2020",-1864.4454930269683,-5.021389178934268e-06,-4.515496634519009,-1.2161291935263825e-08
Rn219,"Nuclide: Pb-207, decay dataset: icrp107_ame2020_nubase2020",24.49924652274831,24.499284525295348,0.0,0.0
Rn220,"Nuclide: Rn-220, decay dataset: icrp107_ame2020_nubase2020",29147847.377731767,0.0,363376.7667134239,0.0
Rn220,"Nuclide: Po-216, decay dataset: icrp107_ame2020_nubase2020",76214.8286858012,0.0,364331.68014084373,0.0
Rn220,"Nuclide: Pb-212, decay dataset: icrp107_ame2020_nubase2020",-29266543.803838663,-6128531.323801246,-529.6058459264021,-110.90158229078276
Rn220,"Nuclide: Bi-212, decay dataset: icrp107_ame2020_nubase2020",43142.73068346361,-642178.021853129,8.231286026672128,-122.52240166943555
Rn220,"Nuclide: Po-212, decay dataset: icrp107_ame2020_nubase2020",1.0000035506954428,-5.285197592501636e-05,2318226.2264698343,-122.52240167039196
Rn220,"Nuclide: Pb-208, decay dataset: icrp107_ame2020_nubase2020",-662.1332659251503,6770047.212441303,-0.0,0.0
Rn222,"Nuclide: Rn-222, decay dataset: icrp107_ame2020_nubase2020",75802.12754607589,63233.88537161914,0.15904939418571268,0.13267848127681567
Rn222,"Nuclide: Po-218, decay dataset: icrp107_ame2020_nubase2020",43.70356138811265,35.62317039366194,0.16286559331504716,0.13275322645684565
Rn222,"Nuclide: Pb-214, decay dataset: icrp107_ame2020_nubase2020",370.8092799906616,309.4744387567791,0.1598416709894219,0.13340257131817965
Rn222,"Nuclide: Bi-214, decay dataset: icrp107_ame2020_nubase2020",280.3636783177374,230.62989411428399,0.16275820197433433,0.1338864831307828
Rn222,"Nuclide: Po-214, decay dataset: icrp107_ame2020_nubase2020",1.0000385793571702,3.1735755127154694e-05,4218.952658141178,0.1338864831973713
Rn222,"Nuclide: Pb-210, decay dataset: icrp107_ame2020_nubase2020",-76534.0910133343,-140367.26523657178,-7.572385628419052e-05,-0.00013888125512494985
Rn222,"Nuclide: Bi-210, decay dataset: icrp107_ame2020_nubase2020",152.09524912743547,211.9796158756218,0.00024340509376834205,0.00033924082819938406
Rn222,"Nuclide: Po-210, decay dataset: icrp107_ame2020_nubase2020",-119.30456184626921,-1685.1567817586947,-6.916844245068282e-06,-9.769925648748282e-05
Rn222,"Nuclide: Pb-206, decay dataset: icrp107_ame2020_nubase2020",3.296221701361136,78034.1257175366,0.0,0.0
Rn223,"Nuclide: Rn-223, decay dataset: icrp107_ame2020_nubase2020",1225700.8756556662,1.776519334758315e-12,582.7099493625385,8.445743265418077e-16
Rn223,"Nuclide: Fr-223, decay dataset: icrp107_ame2020_nubase2020",11724096.309554176,1.7224692085299812e-11,6156.457804227831,9.044883905256644e-15
Rn223,"Nuclide: Ra-223, decay dataset: icrp107_ame2020_nubase2020",-12968944.24339119,-12205843.313205086,-9.102697515822696,-8.567089002811564
Rn223,"Nuclide: Rn-219, decay dataset: icrp107_ame2020_nubase2020",-51.14600071078112,-48.94459566776329,-8.952451057978507,-8.567123356251676
Rn223,"Nuclide: Po-215, decay dataset: icrp107_ame2020_nubase2020",0.9769973890525415,-0.022012708343811537,380.23749895350767,-8.56712337170205
Rn223,"Nuclide: Pb-211, decay dataset: icrp107_ame2020_nubase2020",58735.532781613794,-26830.057132960188,18.79610754675062,-8.585954965823454
Rn223,"Nuclide: Bi-211, decay dataset: icrp107_ame2020_nubase2020",3819.201272288038,-1590.6866597682476,20.617356650135587,-8.587071443712444
Rn223,"Nuclide: Tl-207, decay dataset: icrp107_ame2020_nubase2020",10588.47431128463,-3546.6238041942615,25.644203757157058,-8.58956076304696
Rn223,"Nuclide: Pb-207, decay dataset: icrp107_ame2020_nubase2020",-53945.9811805135,12183913.666229868,-0.0,0.0
Fr219,"Nuclide: Fr-219, decay dataset: icrp107_ame2020_nubase2020",652237698.2811497,0.0,22604836080.924362,0.0
Fr219,"Nuclide: At-215, decay dataset: icrp107_ame2020_nubase2020",3277577.37327211,0.0,22718435153.50634,0.0
Fr219,"Nuclide: Bi-211, decay dataset: icrp107_ame2020_nubase2020",-655617395.7441025,-1.7964303983991566e-194,-3539247.269361982,-9.697746617776905e-197
Fr219,"Nuclide: Tl-207, decay dataset: icrp107_ame2020_nubase2020",102127.4128355289,1.3556966007217983e-86,247.3421672425871,3.2833587578092814e-89
Fr219,"Nuclide: Pb-207, decay dataset: icrp107_ame2020_nubase2020",-7.323154983477436,-7.323154983477436,-0.0,-0.0
Fr220,"Nuclide: Fr-220, decay dataset: icrp107_ame2020_nubase2020",633513171.0577675,0.0,16026199.575411748,0.0
Fr220,"Nuclide: At-216, decay dataset: icrp107_ame2020_nubase2020",6937.351540977829,0.0,16028685.537273249,0.0
Fr220,"Nuclide: Bi-212, decay dataset: icrp107_ame2020_nubase2020",-638334410.6752942,-44.2540881752024,-121789.07157004526,-0.008443324097685868
Fr220,"Nuclide: Po-212, decay dataset: icrp107_ame2020_nubase2020",0.9474643570396435,-3.6421613998003097e-09,2196428.922284516,-0.008443324098380764
Fr220,"Nuclide: Pb-208, decay dataset: icrp107_ame2020_nubase2020",4814301.318521273,4814345.5726094525,0.0,0.0
Fr221,"Nuclide: Fr-221, decay dataset: icrp107_ame2020_nubase2020",808275390.8346046,2.7644035806962636e-80,1905625.198207463,6.5174780540456885e-83
Fr221,"Nuclide: At-217, decay dataset: icrp107_ame2020_nubase2020",88811.08057673591,3.0374165480251516e-84,1905856.0403791522,6.518194168575094e-83
Fr221,"Nuclide: Bi-213, decay dataset: icrp107_ame2020_nubase2020",-905709607.4290247,-0.2809916617492058,-229505.761788215,-7.120296048194627e-05
Fr221,"Nuclide: Po-213, decay dataset: icrp107_ame2020_nubase2020",-0.390648682293276,-4.31441464194896e-10,-64470.72207643859,-7.120296059127304e-05
Fr221,"Nuclide: Pb-209, decay dataset: icrp107_ame2020_nubase2020",99852198.60645472,600367.6169521852,5910.123128802112,35.534986592709316
Fr221,"Nuclide: Bi-209, decay dataset: icrp107_ame2020_nubase2020",-2506792.7019627765,-3107160.0379232997,-0.0,-0.0
Fr222,"Nuclide: Fr-222, decay dataset: icrp107_ame2020_nubase2020",659709012.0246934,1.9605004262615099e-22,536708.264876647,1.5949710598001601e-25
Fr222,"Nuclide: Ra-222, decay dataset: icrp107_ame2020_nubase2020",30797227.605575364,9.1522132921299e-24,561763.4601017757,1.66942916824292e-25
Fr222,"Nuclide: Rn-218, decay dataset: icrp107_ame2020_nubase2020",28368.032844644364,8.43001644098036e-27,561806.3424084904,1.6694977508970057e-25
Fr222,"Nuclide: Po-214, decay dataset: icrp107_ame2020_nubase2020",134.16769914447045,3.9572913381343285e-29,566025.3340487198,1.6694980728436413e-25
Fr222,"Nuclide: Pb-210, decay dataset: icrp107_ame2020_nubase2020",-690535581.6348995,-690476553.5034932,-0.6832251673797329,-0.6831667641547104
Fr222,"Nuclide: Bi-210, decay dataset: icrp107_ame2020_nubase2020",841.4707917338362,-426418.06971934234,0.0013466448040969717,-0.6824166490406801
Fr222,"Nuclide: Po-210, decay dataset: icrp107_ame2020_nubase2020",-1.6668286725131654,-11996305.413205208,-9.663665942500607e-08,-0.6955021230984445
Fr222,"Nuclide: Pb-206, decay dataset: icrp107_ame2020_nubase2020",0.00012400638485869544,702899276.9865417,0.0,0.0
Fr223,"Nuclide: Fr-223, decay dataset: icrp107_ame2020_nubase2020",539777018.5329167,1.0676597139649244e-11,283443.1200963216,5.606403943425947e-15
Fr223,"Nuclide: Ra-223, decay dataset: icrp107_ame2020_nubase2020",-540499470.9168304,-508696138.17971015,-379.3680579454481,-357.04580006014714
Fr223,"Nuclide: Rn-219, decay dataset: icrp107_ame2020_nubase2020",-2172.8788032533366,-2039.8366718358857,-380.33454953876725,-357.0472317893501
Fr223,"Nuclide: Po-215, decay dataset: icrp107_ame2020_nubase2020",0.022752128516921766,-0.9174113937099876,8.854898221921308,-357.04723243326663
Fr223,"Nuclide: Pb-211, decay dataset: icrp107_ame2020_nubase2020",1855250.214257707,-1118181.3579336428,593.7033496057081,-357.8320663002749
Fr223,"Nuclide: Bi-211, decay dataset: icrp107_ame2020_nubase2020",121830.64128299164,-66294.16256745797,657.6835320180353,-357.87859712785166
Fr223,"Nuclide: Tl-207, decay dataset: icrp107_ame2020_nubase2020",346732.00330399803,-147810.66629121403,839.7495125788536,-357.9823431042696
Fr223,"Nuclide: Pb-207, decay dataset: icrp107_ame2020_nubase2020",-1599187.6188798146,508431277.5017058,-0.0,0.0
Fr224,"Nuclide: Fr-224, decay dataset: icrp107_ame2020_nubase2020",281179983.80046666,1.878672773637775e-122,975471.0360419647,6.517501182391171e-125
Fr224,"Nuclide: Ra-224, decay dataset: icrp107_ame2020_nubase2020",-281357754.2237918,-232814623.75718063,-616.7221149213826,-510.31800258808374
Fr224,"Nuclide: Rn-220, decay dataset: icrp107_ame2020_nubase2020",-68542.94179661675,-40941.767364794345,-854.5026412519663,-510.4077448929565
Fr224,"Nuclide: Po-216, decay dataset: icrp107_ame2020_nubase2020",-177.88389054918258,-106.7726437053874,-850.3428772496538,-510.40797893324736
Fr224,"Nuclide: Pb-212, decay dataset: icrp107_ame2020_nubase2020",247783.8790352757,-32041174.63521405,4.483884115014304,-579.8154203275755
Fr224,"Nuclide: Bi-212, decay dataset: icrp107_ame2020_nubase2020",-1366.9485790519211,-3073854.339503902,-0.26080279480877033,-586.4666856259518
Fr224,"Nuclide: Po-212, decay dataset: icrp107_ame2020_nubase2020",0.9999998874985891,-0.00025298168112098117,2318217.7343809684,-586.4666856264992
Fr224,"Nuclide: Pb-208, decay dataset: icrp107_ame2020_nubase2020",73.31855615788044,267970774.59071624,0.0,0.0
Fr227,"Nuclide: Fr-227, decay dataset: icrp107_ame2020_nubase2020",26620036.202575095,8.432180889778045e-169,124504.74386112414,3.9438207892854936e-171
Fr227,"Nuclide: Ra-227, decay dataset: icrp107_ame2020_nubase2020",-28274993.545269582,-0.0015110850828975344,-7740.415504049867,-4.1366681074116007e-07
Fr227,"Nuclide: Ac-227, decay dataset: icrp107_ame2020_nubase2020",1654957.69967728,1654813.451741848,0.0016696265442600407,0.0016694810177719625
Fr227,"Nuclide: Th-227, decay dataset: icrp107_ame2020_nubase2020",-0.35392087042974474,3896.0993068572598,-1.5199910126180908e-07,0.0016732655306537412
Fr227,"Nuclide: Ra-223, decay dataset: icrp107_ame2020_nubase2020",0.009941092584559594,2387.0744958399587,6.977496168984379e-09,0.001675449957650858
Fr227,"Nuclide: Rn-219, decay dataset: icrp107_ame2020_nubase2020",1.0000000398666788,0.009571966896878536,0.1750371737862175,0.0016754499664102238
Fr227,"Nuclide: Po-215, decay dataset: icrp107_ame2020_nubase2020",1.0004499498564812,4.304967940247667e-06,389.3649983348448,0.0016754499664141636
Fr227,"Nuclide: Pb-211, decay dataset: icrp107_ame2020_nubase2020",-1.1021110220145902,5.235590802648817,-0.00035268935714379175,0.001675454756889016
Fr227,"Nuclide: Bi-211, decay dataset: icrp107_ame2020_nubase2020",1.058616109922256,0.31036471514359915,0.005714772366728574,0.0016754550408650802
Fr227,"Nuclide: Tl-207, decay dataset: icrp107_ame2020_nubase2020",-0.6680602414331296,0.691794509590895,-0.0016179736994883652,0.0016754556738287174
Fr227,"Nuclide: Pb-207, decay dataset: icrp107_ame2020_nubase2020",-1.3018978547555262,-1661104.173257614,-0.0,-0.0
Ra219,"Nuclide: Ra-219, decay dataset: icrp107_ame2020_nubase2020",3620075263.187243,0.0,250924496209.30396,0.0
Ra219,"Nuclide: Rn-215, decay dataset: icrp107_ame2020_nubase2020",832809.8565700769,0.0,250982523488.73102,0.0
Ra219,"Nuclide: Po-211, decay dataset: icrp107_ame2020_nubase2020",-3692467520.107924,0.0,-4960122966.806164,0.0
Ra219,"Nuclide: Pb-207, decay dataset: icrp107_ame2020_nubase2020",71559447.06411143,71559447.06411143,0.0,0.0
Ra220,"Nuclide: Ra-220, decay dataset: icrp107_ame2020_nubase2020",10704188062.70021,0.0,414501551723.1326,0.0
Ra220,"Nuclide: Rn-216, decay dataset: icrp107_ame2020_nubase2020",26977792.25295489,0.0,415546236397.0581,0.0
Ra220,"Nuclide: Po-212, decay dataset: icrp107_ame2020_nubase2020",179256.43616963763,0.0,415555496080.9636,0.0
Ra220,"Nuclide: Pb-208, decay dataset: icrp107_ame2020_nubase2020",-10731345111.389336,-10731345111.389336,-0.0,-0.0
Ra221,"Nuclide: Ra-221, decay dataset: icrp107_ame2020_nubase2020",13637697327.696768,0.0,337604694.7151041,0.0
Ra221,"Nuclide: Rn-217, decay dataset: icrp107_ame2020_nubase2020",263018.80666328047,0.0,337612489.39424855,0.0
Ra221,"Nuclide: Po-213, decay dataset: icrp107_ame2020_nubase2020",2046.702197425469,0.0,337777585.1407877,0.0
Ra221,"Nuclide: Pb-209, decay dataset: icrp107_ame2020_nubase2020",-13670648302.653688,-82195581.53100325,-809148.0793294228,-4865.0506876302225
Ra221,"Nuclide: Bi-209, decay dataset: icrp107_ame2020_nubase2020",32685909.448056556,114881490.97905982,0.0,0.0
Ra222,"Nuclide: Ra-222, decay dataset: icrp107_ame2020_nubase2020",20909055399.443558,0.0,381396126.2709474,0.0
Ra222,"Nuclide: Rn-218, decay dataset: icrp107_ame2020_nubase2020",19276095.79732713,0.0,381747755.8320203,0.0
Ra222,"Nuclide: Po-214, decay dataset: icrp107_ame2020_nubase2020",90488.89239178709,0.0,381753625.2791205,0.0
Ra222,"Nuclide: Pb-210, decay dataset: icrp107_ame2020_nubase2020",-20928423119.333412,-20926634122.87491,-20.706862570132596,-20.70509251303878
Ra222,"Nuclide: Bi-210, decay dataset: icrp107_ame2020_nubase2020",1135.3112034236,-12944896.35708517,0.0018168912672218594,-20.71631908093192
Ra222,"Nuclide: Po-210, decay dataset: icrp107_ame2020_nubase2020",-0.11107520550344431,-363556235.2347706,-6.4397361179387354e-09,-21.077667228539006
Ra222,"Nuclide: Pb-206, decay dataset: icrp107_ame2020_nubase2020",6.356847721995253e-06,21303135254.46677,0.0,0.0
Ra223,"Nuclide: Ra-223, decay dataset: icrp107_ame2020_nubase2020",83847071.42309521,78913456.39664848,58.85093762670401,55.38811101549799
Ra223,"Nuclide: Rn-219, decay dataset: icrp107_ame2020_nubase2020",337.2210134460466,316.4375551094485,59.02621078174106,55.38833311802943
Ra223,"Nuclide: Po-215, decay dataset: icrp107_ame2020_nubase2020",1.151664501865655,0.14231699158240083,448.21617204893465,55.38833321791948
Ra223,"Nuclide: Pb-211, decay dataset: icrp107_ame2020_nubase2020",184305.8448754614,173462.20898949433,58.98018316534843,55.51008360792613
Ra223,"Nuclide: Bi-211, decay dataset: icrp107_ame2020_nubase2020",10928.154314089266,10284.138436463063,58.99392018329422,55.51730188257427
Ra223,"Nuclide: Tl-207, decay dataset: icrp107_ame2020_nubase2020",24362.582536707992,22929.701434550207,59.00368761872154,55.533395878545804
Ra223,"Nuclide: Pb-207, decay dataset: icrp107_ame2020_nubase2020",-84067006.37749937,-163187455.40288043,-0.0,-0.0
Ra224,"Nuclide: Ra-224, decay dataset: icrp107_ame2020_nubase2020",279509291.74912965,231285079.64792025,612.6703776949769,506.965318456342
Ra224,"Nuclide: Rn-220, decay dataset: icrp107_ame2020_nubase2020",49154.28863115861,40672.7883887965,612.790585919377,507.0544711727621
Ra224,"Nuclide: Po-216, decay dataset: icrp107_ame2020_nubase2020",129.19020681193956,106.07116943554055,617.5712248803596,507.05470367545644
Ra224,"Nuclide: Pb-212, decay dataset: icrp107_ame2020_nubase2020",38529832.562614426,39950517.806716785,697.2338348011425,722.9424806713562
Ra224,"Nuclide: Bi-212, decay dataset: icrp107_ame2020_nubase2020",3696892.818356372,3904498.0109187607,705.3374164261022,744.9468174429545
Ra224,"Nuclide: Po-212, decay dataset: icrp107_ame2020_nubase2020",1.0003042584510569,0.0003213445926968201,2318923.3326001903,744.9468174447654
Ra224,"Nuclide: Pb-208, decay dataset: icrp107_ame2020_nubase2020",-321785301.6092426,-596966175.934678,-0.0,-0.0
Ra225,"Nuclide: Ra-225, decay dataset: icrp107_ame2020_nubase2020",43589634.209096156,41608290.1384214,23.46976141380371,22.402955659152816
Ra225,"Nuclide: Ac-225, decay dataset: icrp107_ame2020_nubase2020",88958437.16718031,167916034.58604643,71.36723369149315,134.71125687977354
Ra225,"Nuclide: Fr-221, decay dataset: icrp107_ame2020_nubase2020",30278.49391670719,57154.30929496097,71.38589350328927,134.74948416548733
Ra225,"Nuclide: At-217, decay dataset: icrp107_ame2020_nubase2020",4.326514903387196,6.279198121649708,92.84556058617395,134.7494883652879
Ra225,"Nuclide: Bi-213, decay dataset: icrp107_ame2020_nubase2020",282302.84387897083,533175.8326264892,71.53521250960117,135.10613626078535
Ra225,"Nuclide: Po-213, decay dataset: icrp107_ame2020_nubase2020",1.0004334546844151,0.0008186512016671533,165106.57820294006,135.10613626133298
Ra225,"Nuclide: Pb-209, decay dataset: icrp107_ame2020_nubase2020",1219694.6486077849,2316070.3756927256,72.19215654152912,137.08522482578695
Ra225,"Nuclide: Bi-209, decay dataset: icrp107_ame2020_nubase2020",-134080352.68962829,-346511084.211727,-0.0,-0.0
Ra226,"Nuclide: Ra-226, decay dataset: icrp107_ame2020_nubase2020",1027.1813010183962,1027.1800826703375,1.4101259041355862e-08,1.4101242315738328e-08
Ra226,"Nuclide: Rn-222, decay dataset: icrp107_ame2020_nubase2020",0.02171426121476813,0.024834589169217332,4.55612553790118e-08,5.2108383894820606e-08
Ra226,"Nuclide: Po-218, decay dataset: icrp107_ame2020_nubase2020",1.000012230719111,1.3988575908339507e-05,0.0037266433239162007,5.2129795435023147e-08
Ra226,"Nuclide: Pb-214, decay dataset: icrp107_ame2020_nubase2020",-0.17558093171995104,0.00012136501472450994,-7.568621130707234e-05,5.23158070739492e-08
Ra226,"Nuclide: Bi-214, decay dataset: icrp107_ame2020_nubase2020",3.894320901621485,9.035683849305411e-05,0.0022607517195599638,5.245442868155008e-08
Ra226,"Nuclide: Po-214, decay dataset: icrp107_ame2020_nubase2020",1.000000535876897,1.2433524765332819e-11,4218.792160690844,5.245442870062507e-08
Ra226,"Nuclide: Pb-210, decay dataset: icrp107_ame2020_nubase2020",8.719070991023317,23.152787799207545,8.626765796968469e-09,2.2907678822240064e-08
Ra226,"Nuclide: Bi-210, decay dataset: icrp107_ame2020_nubase2020",0.02043217992070051,0.03215890102903462,3.2698566839012744e-08,5.146538347098855e-08
Ra226,"Nuclide: Po-210, decay dataset: icrp107_ame2020_nubase2020",0.23521550656144466,0.613719741459839,1.3636938921135024e-08,3.558123676168572e-08
Ra226,"Nuclide: Pb-206, decay dataset: icrp107_ame2020_nubase2020",-1041.8964866936137,-2092.9002961052583,-0.0,-0.0
Ra227,"Nuclide: Ra-227, decay dataset: icrp107_ame2020_nubase2020",4458749994.266139,0.2382865479321117,1220604.2604057055,6.523208880904641e-05
Ra227,"Nuclide: Ac-227, decay dataset: icrp107_ame2020_nubase2020",-4458766426.076165,-4458377791.2519,-4.498287044486954,-4.497894964968098
Ra227,"Nuclide: Th-227, decay dataset: icrp107_ame2020_nubase2020",16457.632177418724,-10481882.891589494,0.007068092076140072,-4.501675126190113
Ra227,"Nuclide: Ra-223, decay dataset: icrp107_ame2020_nubase2020",-25.87551560012889,-6407672.877702768,-1.81616164857792e-05,-4.497444579252641
Ra227,"Nuclide: Rn-219, decay dataset: icrp107_ame2020_nubase2020",0.9998960787779756,-25.69422622807859,0.17501897673179262,-4.497444562288402
Ra227,"Nuclide: Po-215, decay dataset: icrp107_ame2020_nubase2020",1.000449903100211,-0.011555913361649073,389.3649801377775,-4.497444562280772
Ra227,"Nuclide: Pb-211, decay dataset: icrp107_ame2020_nubase2020",-1.4954947904695193,-14053.934039815429,-0.00047857709951802094,-4.49743525183449
Ra227,"Nuclide: Bi-211, decay dataset: icrp107_ame2020_nubase2020",1.0340506738868724,-833.1139931755125,0.005582159728666644,-4.497434699802524
Ra227,"Nuclide: Tl-207, decay dataset: icrp107_ame2020_nubase2020",-0.7297938679118483,-1856.9872241670148,-0.0017674862401573543,-4.497433468788279
Ra227,"Nuclide: Pb-207, decay dataset: icrp107_ame2020_nubase2020",-0.7557429682967289,4475284115.768203,-0.0,0.0
Ra228,"Nuclide: Ra-228, decay dataset: icrp107_ame2020_nubase2020",121881.39121919732,121841.17118808707,0.0004655864437390579,0.0004654328033755506
Ra228,"Nuclide: Ac-228, decay dataset: icrp107_ame2020_nubase2020",15.075050310734333,15.87643734656093,0.0004719615456045542,0.0004970509387581449
Ra228,"Nuclide: Th-228, decay dataset: icrp107_ame2020_nubase2020",60706.57683487948,121332.0765693723,0.0006975406005765744,0.0013941495958437185
Ra228,"Nuclide: Ra-224, decay dataset: icrp107_ame2020_nubase2020",318.80069827096,902.0655107426927,0.0006987951742026467,0.001977282449945812
Ra228,"Nuclide: Rn-220, decay dataset: icrp107_ame2020_nubase2020",1.0560530649766684,0.15861365221864565,0.013165471304141481,0.001977384997008452
Ra228,"Nuclide: Po-216, decay dataset: icrp107_ame2020_nubase2020",1.0027609142205915,0.000413650767666017,4.793523451501491,0.00197738526444246
Ra228,"Nuclide: Pb-212, decay dataset: icrp107_ame2020_nubase2020",36.74260145640484,121.40369429533564,0.0006648921941819328,0.002196914902108746
Ra228,"Nuclide: Bi-212, decay dataset: icrp107_ame2020_nubase2020",4.42459188611378,11.631560280670984,0.0008441765458266384,0.0022192081514065894
Ra228,"Nuclide: Po-212, decay dataset: icrp107_ame2020_nubase2020",1.000000000364149,9.572905378264519e-10,2318217.99602794,0.002219208151408424
Ra228,"Nuclide: Pb-208, decay dataset: icrp107_ame2020_nubase2020",-182966.0698099805,-427190.453797409,-0.0,-0.0
Ra230,"Nuclide: Ra-230, decay dataset: icrp107_ame2020_nubase2020",354202384.55916804,7729.3303675411025,43998.99358508903,0.9601368372540288
Ra230,"Nuclide: Ac-230, decay dataset: icrp107_ame2020_nubase2020",7917313.37013897,172.7699349285479,44982.48721410972,0.9815983055840016
Ra230,"Nuclide: Th-230, decay dataset: icrp107_ame2020_nubase2020",-362119698.77875245,-362127591.7623134,-0.00010551805707154871,-0.00010552035700798592
Ra230,"Nuclide: Ra-226, decay dataset: icrp107_ame2020_nubase2020",0.849445697819933,-7852960.704605463,1.1661284930565188e-11,-0.00010780631717832143
Ra230,"Nuclide: Rn-222, decay dataset: icrp107_ame2020_nubase2020",0.014993533840233522,-51.36743879123877,3.1459703720619057e-08,-0.00010778008856878245
Ra230,"Nuclide: Po-218, decay dataset: icrp107_ame2020_nubase2020",1.0000084466888548,-0.02892184270194266,0.003726629222357581,-0.00010778007379274079
Ra230,"Nuclide: Pb-214, decay dataset: icrp107_ame2020_nubase2020",-0.175613645467539,-0.250033697180261,-7.570031295004879e-05,-0.00010777994542629171
Ra230,"Nuclide: Bi-214, decay dataset: icrp107_ame2020_nubase2020",3.8942966103061223,-0.18565918498523215,0.0022607376178373877,-0.00010777984976345979
Ra230,"Nuclide: Po-214, decay dataset: icrp107_ame2020_nubase2020",1.0000005358735544,-2.554757461731149e-08,4218.792160676741,-0.00010777984976344663
Ra230,"Nuclide: Pb-210, decay dataset: icrp107_ame2020_nubase2020",-5.733695787543838,-108997.68969653043,-5.6729955245381135e-09,-0.00010784377629115426
Ra230,"Nuclide: Bi-210, decay dataset: icrp107_ame2020_nubase2020",0.011496687303951142,-67.37773765000308,1.8398682847081505e-08,-0.00010782772403927406
Ra230,"Nuclide: Po-210, decay dataset: icrp107_ame2020_nubase2020",-0.011493165716298642,-1860.166689180361,-6.663319148251185e-10,-0.00010784569390987834
Ra230,"Nuclide: Pb-206, decay dataset: icrp107_ame2020_nubase2020",6.589852946804861e-06,370083627.4327999,0.0,0.0
Ac223,"Nuclide: Ac-223, decay dataset: icrp107_ame2020_nubase2020",126390558757.83046,4.798949485612016e-196,695295709.9395736,2.639982782223467e-198
Ac223,"Nuclide: Fr-219, decay dataset: icrp107_ame2020_nubase2020",20065179.40257667,7.618589435802533e-200,695406126.5162754,2.6404018936351552e-198
Ac223,"Nuclide: At-215, decay dataset: icrp107_ame2020_nubase2020",100326.97666179601,3.8092977411534423e-202,695413610.0722734,2.6404039891938766e-198
Ac223,"Nuclide: Bi-211, decay dataset: icrp107_ame2020_nubase2020",-6762973748028.967,-1.8533515475599688e-190,-36508848797.87542,-1.0005026478018722e-192
Ac223,"Nuclide: Tl-207, decay dataset: icrp107_ame2020_nubase2020",11856331694142.506,1.5738760170753395e-78,28714824897.199154,3.811767029303592e-81
Ac223,"Nuclide: Pb-207, decay dataset: icrp107_ame2020_nubase2020",-5219768670377.75,-5219768670377.75,-0.0,-0.0
Ac224,"Nuclide: Ac-224, decay dataset: icrp107_ame2020_nubase2020",57471094381.091034,144753595.7835453,3980408.376693422,10025.5342519263
Ac224,"Nuclide: Ra-224, decay dataset: icrp107_ame2020_nubase2020",-59349411361.7882,-49259241324.34434,-130090.93918651294,-107973.7914911304
Ac224,"Nuclide: Rn-220, decay dataset: icrp107_ame2020_nubase2020",-10493389.953700192,-8662658.191656603,-130817.69174322559,-107994.55218887208
Ac224,"Nuclide: Po-216, decay dataset: icrp107_ame2020_nubase2020",-27365.251581753488,-22591.476034505904,-130814.80675314492,-107994.60633107132
Ac224,"Nuclide: Pb-212, decay dataset: icrp107_ame2020_nubase2020",2556899938.5116577,-6227823168.82305,46269.527552037725,-112698.3623249687
Ac224,"Nuclide: Bi-212, decay dataset: icrp107_ame2020_nubase2020",380716860.6163846,-592480142.8599367,72637.7149815251,-113040.44606691955
Ac224,"Nuclide: Po-212, decay dataset: icrp107_ame2020_nubase2020",1.0313334272853565,-0.04876178439723786,2390855.7101674587,-113040.44606694768
Ac224,"Nuclide: Pb-208, decay dataset: icrp107_ame2020_nubase2020",-1048779064.2569256,54894697225.7033,-0.0,0.0
Ac225,"Nuclide: Ac-225, decay dataset: icrp107_ame2020_nubase2020",1164729683.0535839,1086731220.5112028,934.408675836887,871.8341221340376
Ac225,"Nuclide: Fr-221, decay dataset: icrp107_ame2020_nubase2020",396467.5370134246,369916.3590739136,934.7291002190511,872.1308888948421
Ac225,"Nuclide: At-217, decay dataset: icrp107_ame2020_nubase2020",44.557489550410075,40.64047226110787,956.1888004549835,872.1309214988106
Ac225,"Nuclide: Bi-213, decay dataset: icrp107_ame2020_nubase2020",3700471.4749868624,3452663.167569734,937.6951705891809,874.9008335249437
Ac225,"Nuclide: Po-213, decay dataset: icrp107_ame2020_nubase2020",1.005681794324221,0.005301303393969207,165972.73816102394,874.9008335291965
Ac225,"Nuclide: Pb-209, decay dataset: icrp107_ame2020_nubase2020",16060151.806716984,15081215.610973984,950.5797165172821,892.6377429520825
Ac225,"Nuclide: Bi-209, decay dataset: icrp107_ame2020_nubase2020",-1184886819.435472,-2290521875.730066,-0.0,-0.0
Ac226,"Nuclide: Ac-226, decay dataset: icrp107_ame2020_nubase2020",8114858766.799482,4605652676.923413,53198.572568845906,30193.273253582913
Ac226,"Nuclide: Th-226, decay dataset: icrp107_ame2020_nubase2020",143258799.00366774,81307670.99989627,54137.734499943406,30726.30188173249
Ac226,"Nuclide: Ra-222, decay dataset: icrp107_ame2020_nubase2020",2969029.2282238523,1685095.5893531125,54157.216803774565,30737.34886142393
Ac226,"Nuclide: Rn-218, decay dataset: icrp107_ame2020_nubase2020",2735.633089973138,1552.0622408081142,54177.03895318204,30737.359036277
Ac226,"Nuclide: Po-214, decay dataset: icrp107_ame2020_nubase2020",13.841865494005948,7.285823616029456,58395.92234242371,30737.359084040672
Ac226,"Nuclide: Pb-210, decay dataset: icrp107_ame2020_nubase2020",-8262336330.71323,-12950984792.251999,-8.174866397375368,-12.813878079199545
Ac226,"Nuclide: Bi-210, decay dataset: icrp107_ame2020_nubase2020",1649704.2682941325,-2737938.3877955857,2.6400983884626488,-4.381650011006919
Ac226,"Nuclide: Po-210, decay dataset: icrp107_ame2020_nubase2020",-406311.33977218653,-145653590.2941361,-0.023556452567426413,-8.444465007949177
Ac226,"Nuclide: Pb-206, decay dataset: icrp107_ame2020_nubase2020",3593.278378087142,8410732911.351582,0.0,0.0
Ac227,"Nuclide: Ac-227, decay dataset: icrp107_ame2020_nubase2020",1462118.8871779833,1461991.4459507745,0.0014750784901465155,0.0014749499193342087
Ac227,"Nuclide: Th-227, decay dataset: icrp107_ame2020_nubase2020",3442.722873609648,6759.736670381378,0.001478553050705201,0.0029031175737584043
Ac227,"Nuclide: Ra-223, decay dataset: icrp107_ame2020_nubase2020",2109.5885636839002,9324.775581294889,0.0014806869562909092,0.006544912980307647
Ac227,"Nuclide: Rn-219, decay dataset: icrp107_ame2020_nubase2020",1.008459271775527,0.037391644888884815,0.17651785377291468,0.006544927583643737
Ac227,"Nuclide: Po-215, decay dataset: icrp107_ame2020_nubase2020",1.0004537543746703,1.6816797882305866e-05,389.36647901483144,0.00654492759021155
Ac227,"Nuclide: Pb-211, decay dataset: icrp107_ame2020_nubase2020",3.5248471579876712,20.477098593173324,0.0011279953229288505,0.006552928511498666
Ac227,"Nuclide: Bi-211, decay dataset: icrp107_ame2020_nubase2020",1.3329012188139813,1.2139657344010764,0.0071954573347805745,0.0065534028512187655
Ac227,"Nuclide: Tl-207, decay dataset: icrp107_ame2020_nubase2020",-0.05668618040619222,2.7063322360455384,-0.00013728814159770983,0.006554460374121095
Ac227,"Nuclide: Pb-207, decay dataset: icrp107_ame2020_nubase2020",-1467678.008590499,-2945778.401597975,-0.0,-0.0
Ac228,"Nuclide: Ac-228, decay dataset: icrp107_ame2020_nubase2020",32561289888.258442,2177461065.068728,1019411.3044914812,68170.77678552142
Ac228,"Nuclide: Th-228, decay dataset: icrp107_ame2020_nubase2020",-32573244815.176086,-34719183730.75471,-374.27840500555254,-398.93602198904404
Ac228,"Nuclide: Ra-224, decay dataset: icrp107_ame2020_nubase2020",12854948.974566368,-159984121.4429091,28.177404744619754,-350.6771867806122
Ac228,"Nuclide: Rn-220, decay dataset: icrp107_ame2020_nubase2020",2266.9083131278535,-28128.483615010282,28.260811255979732,-350.668689049838
Ac228,"Nuclide: Po-216, decay dataset: icrp107_ame2020_nubase2020",6.911946696906593,-73.3566522736814,33.04135424235471,-350.66866688840395
Ac228,"Nuclide: Pb-212, decay dataset: icrp107_ame2020_nubase2020",-2138177.0819565556,-19909003.128049742,-38.69234064056176,-360.2722792911135
Ac228,"Nuclide: Bi-212, decay dataset: icrp107_ame2020_nubase2020",-242607.81491711852,-1893913.5966332606,-46.287619843547965,-361.34348189663916
Ac228,"Nuclide: Po-212, decay dataset: icrp107_ame2020_nubase2020",0.9999800331030385,-0.00015587122636759787,2318171.7075639195,-361.3434818967273
Ac228,"Nuclide: Pb-208, decay dataset: icrp107_ame2020_nubase2020",1478488.0197121364,32725016393.71371,0.0,0.0
Ac230,"Nuclide: Ac-230, decay dataset: icrp107_ame2020_nubase2020",51804525318.02434,3.356694005587011e-203,294329185.7740563,1.9071172016189394e-205
Ac230,"Nuclide: Th-230, decay dataset: icrp107_ame2020_nubase2020",-51804525320.681244,-51804524016.44558,-0.015095320353428044,-0.01509531997338682
Ac230,"Nuclide: Ra-226, decay dataset: icrp107_ame2020_nubase2020",2.656909250679245,-1123437764.0320737,3.6474345430604505e-11,-0.015422678461681006
Ac230,"Nuclide: Rn-222, decay dataset: icrp107_ame2020_nubase2020",0.014993622907088498,-7350.358163031568,3.14598906023041e-08,-0.015422654359768022
Ac230,"Nuclide: Po-218, decay dataset: icrp107_ame2020_nubase2020",1.0000084467513657,-4.1385347713221226,0.003726629222590534,-0.015422654346189394
Ac230,"Nuclide: Pb-214, decay dataset: icrp107_ame2020_nubase2020",-0.17561364479695052,-35.77830032991135,-7.57003126609838e-05,-0.01542265422817476
Ac230,"Nuclide: Bi-214, decay dataset: icrp107_ame2020_nubase2020",3.8942966109446475,-26.566722854619616,0.0022607376182080677,-0.015422654140198534
Ac230,"Nuclide: Po-214, decay dataset: icrp107_ame2020_nubase2020",1.0000005358735546,-3.6557056658408705e-06,4218.792160676742,-0.01542265414019852
Ac230,"Nuclide: Pb-210, decay dataset: icrp107_ame2020_nubase2020",-5.733695790526035,-15592298.957983894,-5.6729955274887395e-09,-0.015427229745614862
Ac230,"Nuclide: Bi-210, decay dataset: icrp107_ame2020_nubase2020",0.011496687303975205,-9639.922887206558,1.8398682847120016e-08,-0.015427216482706336
Ac230,"Nuclide: Po-210, decay dataset: icrp107_ame2020_nubase2020",-0.011493165716298952,-266096.5850332655,-6.663319148251365e-10,-0.015427311448419868
Ac230,"Nuclide: Pb-206, decay dataset: icrp107_ame2020_nubase2020",6.589852946805024e-06,52943837232.785286,0.0,0.0
Ac231,"Nuclide: Ac-231, decay dataset: icrp107_ame2020_nubase2020",41505402013.32593,6.61219202157309e-48,63931894.18565321,1.0184938349054116e-50
Ac231,"Nuclide: Th-231, decay dataset: icrp107_ame2020_nubase2020",-41709701097.80409,-21733855145.37074,-314687.4098521961,-163975.53570959583
Ac231,"Nuclide: Pa-231, decay dataset: icrp107_ame2020_nubase2020",204299084.56709477,21938156149.543625,0.0001369787806968758,0.014709130422536219
Ac231,"Nuclide: Ac-227, decay dataset: icrp107_ame2020_nubase2020",-0.08892116320259127,133933.8248955012,-8.970932275699649e-11,0.00013512095763137106
Ac231,"Nuclide: Th-227, decay dataset: icrp107_ame2020_nubase2020",0.003087497785819817,319.43619682934764,1.3259938246156514e-09,0.00013718889979445116
Ac231,"Nuclide: Ra-223, decay dataset: icrp107_ame2020_nubase2020",0.00990831031771048,195.2856152861441,6.954486812678253e-09,0.00013706789479389937
Ac231,"Nuclide: Rn-219, decay dataset: icrp107_ame2020_nubase2020",1.0000000397316153,0.0007830787986814021,0.17503717376257638,0.0001370678943086573
Ac231,"Nuclide: Po-215, decay dataset: icrp107_ame2020_nubase2020",1.0004499498564203,3.521877122346861e-07,389.3649983348211,0.0001370678943084391
Ac231,"Nuclide: Pb-211, decay dataset: icrp107_ame2020_nubase2020",-1.1021110165118768,0.428319522487223,-0.00035268935538285444,0.00013706762206408158
Ac231,"Nuclide: Bi-211, decay dataset: icrp107_ame2020_nubase2020",1.0586161123348565,0.02539068338059098,0.005714772379752618,0.0001370676059014556
Ac231,"Nuclide: Tl-207, decay dataset: icrp107_ame2020_nubase2020",-0.6680602471849502,0.0565951064424178,-0.0016179737134186876,0.00013706756975559713
Ac231,"Nuclide: Pb-207, decay dataset: icrp107_ame2020_nubase2020",-1.301897856707075,-204435454.53258142,-0.0,-0.0
Ac232,"Nuclide: Ac-232, decay dataset: icrp107_ame2020_nubase2020",1023607488.2115653,2.8001327385361164e-210,5962274.323141966,1.6310118595881577e-212
Ac232,"Nuclide: Th-232, decay dataset: icrp107_ame2020_nubase2020",-1023607488.2115656,-1023607488.2114273,-1.6002502311196656e-09,-1.6002502311194495e-09
Ac232,"Nuclide: Ra-228, decay dataset: icrp107_ame2020_nubase2020",2.777832623790235e-05,-0.4188863276108454,1.0611309894607794e-13,-1.6001441536920114e-09
Ac232,"Nuclide: Ac-228, decay dataset: icrp107_ame2020_nubase2020",0.20181407620664746,0.013444739648896285,6.318286265580289e-06,4.2092065858152517e-07
Ac232,"Nuclide: Th-228, decay dataset: icrp107_ame2020_nubase2020",-0.20179174299051905,-0.35434738633608065,-2.3186603649199134e-09,-4.071580075251329e-09
Ac232,"Nuclide: Ra-224, decay dataset: icrp107_ame2020_nubase2020",0.01573833835306728,0.011235992679336485,3.449764994474499e-08,2.4628733576434014e-08
Ac232,"Nuclide: Rn-220, decay dataset: icrp107_ame2020_nubase2020",1.000002767708536,1.9759702535758594e-06,0.012466710413476863,2.4633780757849408e-08
Ac232,"Nuclide: Po-216, decay dataset: icrp107_ame2020_nubase2020",1.0026147398840741,5.153162587464556e-09,4.792824690610269,2.463379392046931e-08
Ac232,"Nuclide: Pb-212, decay dataset: icrp107_ame2020_nubase2020",-1.8797708152582715,-0.3920544034580653,-3.401623435398759e-05,-7.094595979090153e-06
Ac232,"Nuclide: Bi-212, decay dataset: icrp107_ame2020_nubase2020",0.7613220480297852,-0.041095072143025026,0.00014525412361408448,-7.840609246035053e-06
Ac232,"Nuclide: Po-212, decay dataset: icrp107_ame2020_nubase2020",1.0000000000626577,-3.3821708149905596e-12,2318217.9953290178,-7.840609246096451e-06
Ac232,"Nuclide: Pb-208, decay dataset: icrp107_ame2020_nubase2020",-1.8999569155901312,1023607487.493171,-0.0,0.0
Th223,"Nuclide: Th-223, decay dataset: icrp107_ame2020_nubase2020",9767961701.531096,0.0,11284391855.389675,0.0
Th223,"Nuclide: Ra-219, decay dataset: icrp107_ame2020_nubase2020",165558673.9073067,0.0,11475652803.609303,0.0
Th223,"Nuclide: Rn-215, decay dataset: icrp107_ame2020_nubase2020",38079.64096685626,0.0,11475998162.135397,0.0
Th223,"Nuclide: Po-211, decay dataset: icrp107_ame2020_nubase2020",61020430496.46617,0.0,81969262316.2396,0.0
Th223,"Nuclide: Pb-207, decay dataset: icrp107_ame2020_nubase2020",-70953988951.54555,-70953988951.54555,-0.0,-0.0
Th224,"Nuclide: Th-224, decay dataset: icrp107_ame2020_nubase2020",69592826180.23752,0.0,45941020241.93331,0.0
Th224,"Nuclide: Ra-220, decay dataset: icrp107_ame2020_nubase2020",1206967919.4441926,0.0,46737788289.8908,0.0
Th224,"Nuclide: Rn-216, decay dataset: icrp107_ame2020_nubase2020",3034407.9384753443,0.0,46739806827.17557,0.0
Th224,"Nuclide: Po-212, decay dataset: icrp107_ame2020_nubase2020",20162.960754781292,0.0,46742138457.91799,0.0
Th224,"Nuclide: Pb-208, decay dataset: icrp107_ame2020_nubase2020",-70802848670.58093,-70802848670.58093,-0.0,-0.0
Th226,"Nuclide: Th-226, decay dataset: icrp107_ame2020_nubase2020",413980956360.83203,0.0027350227342419846,156444080.63843662,1.0335695654820545e-06
Th226,"Nuclide: Ra-222, decay dataset: icrp107_ame2020_nubase2020",8758087263.95046,5.786152093374648e-05,159753776.16066387,1.0554355288983322e-06
Th226,"Nuclide: Rn-218, decay dataset: icrp107_ame2020_nubase2020",8066814.252091992,5.329452308333798e-08,159756844.4268099,1.0554556689857897e-06
Th226,"Nuclide: Po-214, decay dataset: icrp107_ame2020_nubase2020",37868.93431758358,2.5017974076984334e-10,159761077.6204675,1.0554557635291229e-06
Th226,"Nuclide: Pb-210, decay dataset: icrp107_ame2020_nubase2020",-422748255137.775,-422712117912.9632,-418.27279441873566,-418.2370397637586
Th226,"Nuclide: Bi-210, decay dataset: icrp107_ame2020_nubase2020",1111536.9797319158,-260535236.5096985,1.7788442724594167,-416.9466438722655
Th226,"Nuclide: Po-210, decay dataset: icrp107_ame2020_nubase2020",-4707.895826549079,-7344721944.795803,-0.00027294666398596965,-425.8202446688438
Th226,"Nuclide: Pb-206, decay dataset: icrp107_ame2020_nubase2020",0.7222733529628844,430317375094.98804,0.0,0.0
Th227,"Nuclide: Th-227, decay dataset: icrp107_ame2020_nubase2020",1580154355.0314126,1522595059.6574423,678.632038647706,653.9119334007813
Th227,"Nuclide: Ra-223, decay dataset: icrp107_ame2020_nubase2020",2491195072.833875,4745061436.30483,1748.5305492365242,3330.483818734018
Th227,"Nuclide: Rn-219, decay dataset: icrp107_ame2020_nubase2020",9990.506065114214,19027.3563742579,1748.7098766164017,3330.494551597517
Th227,"Nuclide: Po-215, decay dataset: icrp107_ame2020_nubase2020",5.493205081556019,8.557505492845644,2137.899839706973,3330.494556424595
Th227,"Nuclide: Pb-211, decay dataset: icrp107_ame2020_nubase2020",5471298.752664684,10425766.405998053,1750.8842587306885,3336.376080098866
Th227,"Nuclide: Bi-211, decay dataset: icrp107_ame2020_nubase2020",324364.3066607164,618101.7149143188,1751.0296311227187,3336.724774081987
Th227,"Nuclide: Tl-207, decay dataset: icrp107_ame2020_nubase2020",723124.1483136361,1378052.3890910859,1751.3328602320357,3337.5021948371173
Th227,"Nuclide: Pb-207, decay dataset: icrp107_ame2020_nubase2020",-4077878211.0721965,-10357975663.458351,-0.0,-0.0
Th228,"Nuclide: Th-228, decay dataset: icrp107_ame2020_nubase2020",68157211.81998825,68089581.1412096,0.7831511006765168,0.7823739996315843
Th228,"Nuclide: Ra-224, decay dataset: icrp107_ame2020_nubase2020",359167.9203561585,656011.5814384513,0.7872781045791915,1.4379445522437684
Th228,"Nuclide: Rn-220, decay dataset: icrp107_ame2020_nubase2020",64.15066148616731,115.3523078934732,0.7997455061185672,1.438059837903663
Th228,"Nuclide: Po-216, decay dataset: icrp107_ame2020_nubase2020",1.1673062063622508,0.30082892340784717,5.580103488207723,1.4380601385588483
Th228,"Nuclide: Pb-212, decay dataset: icrp107_ame2020_nubase2020",43531.569063110335,93574.41156654432,0.7877449969049046,1.6933176574223614
Th228,"Nuclide: Bi-212, decay dataset: icrp107_ame2020_nubase2020",4130.004877152834,9011.210076667032,0.787971713817041,1.7192664073975013
Th228,"Nuclide: Po-212, decay dataset: icrp107_ame2020_nubase2020",1.0000003399040622,7.416327588568097e-07,2318218.783155477,1.7192664073996369
Th228,"Nuclide: Pb-208, decay dataset: icrp107_ame2020_nubase2020",-68564107.63225274,-137412401.6296816,-0.0,-0.0
Th229,"Nuclide: Th-229, decay dataset: icrp107_ame2020_nubase2020",14389.33041433736,14389.326693942978,4.306012575011925e-08,4.306011461682497e-08
Th229,"Nuclide: Ra-225, decay dataset: icrp107_ame2020_nubase2020",0.0838437908213924,0.16000732768708278,4.514361733726849e-08,8.615199171578479e-08
Th229,"Nuclide: Ac-225, decay dataset: icrp107_ame2020_nubase2020",0.06733026678280182,0.2798278686810773,5.401595438292595e-08,2.2449293775276314e-07
Th229,"Nuclide: Fr-221, decay dataset: icrp107_ame2020_nubase2020",1.0000228698284592,9.523917738612857e-05,0.0023576973901940877,2.2454002477565825e-07
Th229,"Nuclide: At-217, decay dataset: icrp107_ame2020_nubase2020",1.0001098785295601,1.0463352042329779e-08,21.4620229892543,2.245400299488245e-07
Th229,"Nuclide: Bi-213, decay dataset: icrp107_ame2020_nubase2020",-1.2816471367435485,0.000887845945589899,-0.00032476789475269327,2.249791306416674e-07
Th229,"Nuclide: Po-213, decay dataset: icrp107_ame2020_nubase2020",0.999999998031928,1.363220359541109e-12,165035.04266566233,2.249791306423416e-07
Th229,"Nuclide: Pb-209, decay dataset: icrp107_ame2020_nubase2020",-1.622852161520845,-0.005924332030814336,-9.605453087951178e-05,-3.5065358847046584e-07
Th229,"Nuclide: Bi-209, decay dataset: icrp107_ame2020_nubase2020",-14389.577221843085,-28779.338809745987,-0.0,-0.0
Th230,"Nuclide: Th-230, decay dataset: icrp107_ame2020_nubase2020",1872.5472344330362,1872.5471872896087,5.456415285289345e-10,5.456415147918115e-10
Th230,"Nuclide: Ra-226, decay dataset: icrp107_ame2020_nubase2020",40.6082350553734,81.2164208237912,5.574743632505366e-10,1.11494804988427e-09
Th230,"Nuclide: Rn-222, decay dataset: icrp107_ame2020_nubase2020",0.015259318794910971,0.013260653839405561,3.2017378516744403e-08,2.782374358004524e-08
Th230,"Nuclide: Po-218, decay dataset: icrp107_ame2020_nubase2020",1.000008596337876,7.470296511146186e-06,0.0037266297800392857,2.7838790132514918e-08
Th230,"Nuclide: Pb-214, decay dataset: icrp107_ame2020_nubase2020",-0.17561235153295796,6.488516053990789e-05,-7.569975518443519e-05,2.7969506273890902e-08
Th230,"Nuclide: Bi-214, decay dataset: icrp107_ame2020_nubase2020",3.8942975712373724,4.834745547195781e-05,0.0022607381756822678,2.8066919972893682e-08
Th230,"Nuclide: Po-214, decay dataset: icrp107_ame2020_nubase2020",1.0000005358736868,6.652836631353791e-12,4218.7921606773,2.806691998629826e-08
Th230,"Nuclide: Pb-210, decay dataset: icrp107_ame2020_nubase2020",-5.17009046536978,-4.047524363936473,-5.115356858523546e-09,-4.004674899556664e-09
Th230,"Nuclide: Bi-210, decay dataset: icrp107_ame2020_nubase2020",0.011845136082960004,0.007844627916034456,1.8956321617619653e-08,1.2554122528050039e-08
Th230,"Nuclide: Po-210, decay dataset: icrp107_ame2020_nubase2020",-0.0018747355185984027,-0.08302844607219971,-1.0869034161117422e-10,-4.813687092128704e-09
Th230,"Nuclide: Pb-206, decay dataset: icrp107_ame2020_nubase2020",-1913.729303094315,-3863.3835843823804,-0.0,-0.0
Th231,"Nuclide: Th-231, decay dataset: icrp107_ame2020_nubase2020",51810954768.44079,26997359277.166603,390898.3936331373,203687.12410235888
Th231,"Nuclide: Pa-231, decay dataset: icrp107_ame2020_nubase2020",-51810959372.76842,-78808318047.74335,-0.03473829585020205,-0.05283952856580822
Th231,"Nuclide: Ac-227, decay dataset: icrp107_ame2020_nubase2020",4604.9434032727195,-34448988.55271481,4.645759672539414e-06,-0.03475432980657986
Th231,"Nuclide: Th-227, decay dataset: icrp107_ame2020_nubase2020",-0.649844004302799,-80930.09464083781,-2.790897990685411e-07,-0.03475720896454558
Th231,"Nuclide: Ra-223, decay dataset: icrp107_ame2020_nubase2020",0.05088786517431518,-49520.224219755175,3.5717390345309604e-08,-0.034757464719447295
Th231,"Nuclide: Rn-219, decay dataset: icrp107_ame2020_nubase2020",1.0000002040632479,-0.198571911064953,0.17503720252671975,-0.03475746472047282
Th231,"Nuclide: Po-215, decay dataset: icrp107_ame2020_nubase2020",1.000449949930328,-8.930721555724396e-05,389.36499836358524,-0.034757464720473294
Th231,"Nuclide: Pb-211, decay dataset: icrp107_ame2020_nubase2020",-1.102018961778792,-108.61281975148141,-0.00035265989671309686,-0.03475746527396347
Th231,"Nuclide: Bi-211, decay dataset: icrp107_ame2020_nubase2020",1.0586215769563703,-6.438543891617962,0.005714801879651333,-0.03475746530674804
Th231,"Nuclide: Tl-207, decay dataset: icrp107_ame2020_nubase2020",-0.6680480286335351,-14.351333844613286,-0.0016179441213346067,-0.03475746537969329
Th231,"Nuclide: Pb-207, decay dataset: icrp107_ame2020_nubase2020",-1.3058200885590479,51845538337.74385,-0.0,0.0
Th232,"Nuclide: Th-232, decay dataset: icrp107_ame2020_nubase2020",0.25020573269484375,0.25020573269480995,3.911575346834836e-19,3.9115753468343073e-19
Th232,"Nuclide: Ra-228, decay dataset: icrp107_ame2020_nubase2020",2.7503696359449973e-05,2.749472272385961e-05,1.0506401387103825e-13,1.0502973461774016e-13
Th232,"Nuclide: Ac-228, decay dataset: icrp107_ame2020_nubase2020",0.2018140762068411,0.013495853637268261,6.318286265586352e-06,4.225209077652293e-07
Th232,"Nuclide: Th-228, decay dataset: icrp107_ame2020_nubase2020",-0.20179174295647778,-0.21507862083766732,-2.3186603645287666e-09,-2.4713314137009457e-09
Th232,"Nuclide: Ra-224, decay dataset: icrp107_ame2020_nubase2020",0.015738338353245732,0.011966049795889026,3.449764994513614e-08,2.6228982235568416e-08
Th232,"Nuclide: Rn-220, decay dataset: icrp107_ame2020_nubase2020",1.000002767708536,2.1043323503183914e-06,0.012466710413476863,2.6234029416983382e-08
Th232,"Nuclide: Po-216, decay dataset: icrp107_ame2020_nubase2020",1.0026147398840741,5.4879198541492175e-09,4.792824690610269,2.6234042579603287e-08
Th232,"Nuclide: Pb-212, decay dataset: icrp107_ame2020_nubase2020",-1.8797708152582497,-0.3919659721315726,-3.40162343539872e-05,-7.0929957304312245e-06
Th232,"Nuclide: Bi-212, decay dataset: icrp107_ame2020_nubase2020",0.7613220480297872,-0.04108668474199264,0.00014525412361408486,-7.839008997376141e-06
Th232,"Nuclide: Po-212, decay dataset: icrp107_ame2020_nubase2020",1.0000000000626577,-3.381480522420044e-12,2318217.9953290178,-7.83900899743754e-06
Th232,"Nuclide: Pb-208, decay dataset: icrp107_ame2020_nubase2020",-2.150162648421618,-1.7777286113779651,-0.0,-0.0
Th233,"Nuclide: Th-233, decay dataset: icrp107_ame2020_nubase2020",89244116759.54301,3.2499101597574e-09,46232666.601972945,1.6836069239977301e-12
Th233,"Nuclide: Pa-233, decay dataset: icrp107_ame2020_nubase2020",-89295395671.5103,-87029434854.62712,-26564.89779805123,-25890.786696776435
Th233,"Nuclide: U-233, decay dataset: icrp107_ame2020_nubase2020",51278911.980949365,87080754128.21132,7.075001023282248e-06,0.012014615770205322
Th233,"Nuclide: Th-229, decay dataset: icrp107_ame2020_nubase2020",-0.013657035668667616,2438151.849227274,-4.086873095086772e-14,7.29617864087715e-06
Th233,"Nuclide: Ra-225, decay dataset: icrp107_ame2020_nubase2020",0.0038691576089893397,13.277657789349037,2.08325230534817e-09,7.149026737763393e-06
Th233,"Nuclide: Ac-225, decay dataset: icrp107_ame2020_nubase2020",0.013655816039371984,8.730677641450727,1.095542868742589e-08,7.004218277256163e-06
Th233,"Nuclide: Fr-221, decay dataset: icrp107_ame2020_nubase2020",1.0000046056056138,0.002970834683915709,0.0023576543296683376,7.004168996822688e-06
Th233,"Nuclide: At-217, decay dataset: icrp107_ame2020_nubase2020",1.0001098765229806,3.263876197833435e-07,21.462022946193777,7.004168991408544e-06
Th233,"Nuclide: Bi-213, decay dataset: icrp107_ame2020_nubase2020",-1.2818170685658674,0.02763907673757212,-0.0003248109552789519,7.0037099195467145e-06
Th233,"Nuclide: Po-213, decay dataset: icrp107_ame2020_nubase2020",0.9999999980316671,4.243771378876625e-11,165035.04266561926,7.00370991954601e-06
Th233,"Nuclide: Pb-209, decay dataset: icrp107_ame2020_nubase2020",-1.6235796740182595,0.10853326303539855,-9.609759140794749e-05,6.423944160087904e-06
Th233,"Nuclide: Bi-209, decay dataset: icrp107_ame2020_nubase2020",-0.11224273373304797,-53757447.69315352,-0.0,-0.0
Pa227,"Nuclide: Pa-227, decay dataset: icrp107_ame2020_nubase2020",95947369015.71373,0.46124749091700656,28940665.06326659,0.00013912636983005747
Pa227,"Nuclide: Ac-223, decay dataset: icrp107_ame2020_nubase2020",5566007595.834222,0.026757451130544577,30619543.428791508,0.0001471972365881547
Pa227,"Nuclide: Fr-219, decay dataset: icrp107_ame2020_nubase2020",883501.95848344,4.24725142993021e-06,30619844.577099316,0.00014719851768926604
Pa227,"Nuclide: At-215, decay dataset: icrp107_ame2020_nubase2020",4418.510009775423,2.12362580737702e-08,30626777.555517305,0.00014719852409477186
Pa227,"Nuclide: Bi-211, decay dataset: icrp107_ame2020_nubase2020",6007757857.324892,0.028881076065968254,32431934.737473574,0.0001559099411733895
Pa227,"Nuclide: Tl-207, decay dataset: icrp107_ame2020_nubase2020",15296154195.076895,0.07353315440166298,37045723.807574175,0.00017808979263169754
Pa227,"Nuclide: Pb-207, decay dataset: icrp107_ame2020_nubase2020",-122818176584.41826,-122818176585.00868,-0.0,-0.0
Pa228,"Nuclide: Pa-228, decay dataset: icrp107_ame2020_nubase2020",9795896174.54219,4598834857.955213,85732.29563689233,40248.35120773298
Pa228,"Nuclide: Th-228, decay dataset: icrp107_ame2020_nubase2020",-9808774168.082188,-14403921800.424734,-112.70637517141138,-165.50628922224962
Pa228,"Nuclide: Ra-224, decay dataset: icrp107_ame2020_nubase2020",17181089.81761264,-29355249.64526739,37.66008894336099,-64.34523795237055
Pa228,"Nuclide: Rn-220, decay dataset: icrp107_ame2020_nubase2020",3023.9827047537906,-5159.951387403206,37.69901233564977,-64.32744165476457
Pa228,"Nuclide: Po-216, decay dataset: icrp107_ame2020_nubase2020",8.88630708326751,-13.456698046107862,42.47943931280515,-64.32739524349097
Pa228,"Nuclide: Pb-212, decay dataset: icrp107_ame2020_nubase2020",4033201.69812732,-1561075.605530227,72.98460697803193,-28.2491425076803
Pa228,"Nuclide: Bi-212, decay dataset: icrp107_ame2020_nubase2020",400926.9388276697,-128910.314510987,76.49363535891246,-24.595051210676147
Pa228,"Nuclide: Po-212, decay dataset: icrp107_ame2020_nubase2020",1.0000329967395294,-1.0609464365073988e-05,2318294.488819123,-24.5950512103754
Pa228,"Nuclide: Pb-208, decay dataset: icrp107_ame2020_nubase2020",-8740258.78361488,9827397092.659315,-0.0,0.0
Pa229,"Nuclide: Pa-229, decay dataset: icrp107_ame2020_nubase2020",10397909678.71648,6550272639.560266,55611.74211048838,35033.20225316472
Pa229,"Nuclide: Th-229, decay dataset: icrp107_ame2020_nubase2020",-10397915496.539862,-16948189112.694298,-0.031115801495113463,-0.05071752009407353
Pa229,"Nuclide: Ra-225, decay dataset: icrp107_ame2020_nubase2020",6469.076136460657,-47540.39735442039,0.0034831141909142187,-0.025596952203669508
Pa229,"Nuclide: Ac-225, decay dataset: icrp107_ame2020_nubase2020",-766.1615041488001,-27381.256229354,-0.0006146558870998931,-0.021966713605979356
Pa229,"Nuclide: Fr-221, decay dataset: icrp107_ame2020_nubase2020",0.7386994491979495,-9.316709723139294,0.0017415899336487867,-0.021965479852685137
Pa229,"Nuclide: At-217, decay dataset: icrp107_ame2020_nubase2020",1.0000811685003428,-0.0010235704836748863,21.461406881644216,-0.021965479717140152
Pa229,"Nuclide: Bi-213, decay dataset: icrp107_ame2020_nubase2020",-3.7654427808444386,-86.63866659191272,-0.0009541588239753316,-0.021954137411587856
Pa229,"Nuclide: Po-213, decay dataset: icrp107_ame2020_nubase2020",0.9999999942182475,-1.3302712571680366e-07,165035.0420362714,-0.021954137411570443
Pa229,"Nuclide: Pb-209, decay dataset: icrp107_ame2020_nubase2020",-13.312727468328651,-370.2249113148658,-0.0007879632057788487,-0.021913136032632695
Pa229,"Nuclide: Bi-209, decay dataset: icrp107_ame2020_nubase2020",129.24813863686705,10397991990.217064,0.0,0.0
Pa230,"Nuclide: Pa-230, decay dataset: icrp107_ame2020_nubase2020",927740172.3294761,891509115.371745,427.7488324435759,411.04394806527785
Pa230,"Nuclide: Th-230, decay dataset: icrp107_ame2020_nubase2020",-927740758.6550024,-1819250414.0976007,-0.00027033437465430807,-0.0005301113683392162
Pa230,"Nuclide: Ra-226, decay dataset: icrp107_ame2020_nubase2020",586.3429846730636,-20117922.813855313,8.049381648360576e-09,-0.00027618107990372764
Pa230,"Nuclide: Rn-222, decay dataset: icrp107_ame2020_nubase2020",0.019910324908497617,-131.60886061385463,4.1776203613973445e-08,-0.0002761440902484155
Pa230,"Nuclide: Po-218, decay dataset: icrp107_ame2020_nubase2020",1.0000112153760137,-0.07410085238878251,0.0037266395401409037,-0.0002761440694106091
Pa230,"Nuclide: Pb-214, decay dataset: icrp107_ame2020_nubase2020",-0.17558968389716334,-0.6406134007863113,-7.568998403528034e-05,-0.00027614388842285445
Pa230,"Nuclide: Bi-214, decay dataset: icrp107_ame2020_nubase2020",3.8943144169446553,-0.47567912126927303,0.0022607479550411516,-0.0002761437535670259
Pa230,"Nuclide: Po-214, decay dataset: icrp107_ame2020_nubase2020",1.0000005358760047,-6.545567807750106e-08,4218.792160687079,-0.0002761437535670072
Pa230,"Nuclide: Pb-210, decay dataset: icrp107_ame2020_nubase2020",-5.756163459147967,-279231.95217876637,-5.695225340206729e-09,-0.00027627583912971437
Pa230,"Nuclide: Bi-210, decay dataset: icrp107_ame2020_nubase2020",0.011477175164100465,-172.62501757655335,1.836745666311309e-08,-0.000276259836063501
Pa230,"Nuclide: Po-210, decay dataset: icrp107_ame2020_nubase2020",-0.011415698491862903,-4765.366380383837,-6.61840647121456e-10,-0.00027627859751308033
Pa230,"Nuclide: Pb-206, decay dataset: icrp107_ame2020_nubase2020",-3.1512127379035846e-06,948143524.2825383,-0.0,0.0
Pa231,"Nuclide: Pa-231, decay dataset: icrp107_ame2020_nubase2020",1687.3182553203758,1687.3181575746871,1.1313158732508146e-09,1.131315807714127e-09
Pa231,"Nuclide: Ac-227, decay dataset: icrp107_ame2020_nubase2020",1.122129482954706,2.244153830048009,1.1320755637460193e-09,2.264045059750859e-09
Pa231,"Nuclide: Th-227, decay dataset: icrp107_ame2020_nubase2020",0.0057233972214909435,0.010792819180648807,2.4580388061733386e-09,4.635213553662079e-09
Pa231,"Nuclide: Ra-223, decay dataset: icrp107_ame2020_nubase2020",0.011521213184639667,0.022769641589521182,8.086557908406902e-09,1.598165248021074e-08
Pa231,"Nuclide: Rn-219, decay dataset: icrp107_ame2020_nubase2020",1.0000000461992193,9.13045970182705e-08,0.17503717489464746,1.598169797863035e-08
Pa231,"Nuclide: Po-215, decay dataset: icrp107_ame2020_nubase2020",1.0004499498593291,4.1064011994380905e-11,389.3649983359532,1.598169799909315e-08
Pa231,"Nuclide: Pb-211, decay dataset: icrp107_ame2020_nubase2020",-1.1021074789284662,5.0018762300300955e-05,-0.0003526882233117708,1.6006631608287943e-08
Pa231,"Nuclide: Bi-211, decay dataset: icrp107_ame2020_nubase2020",1.0586163220420168,2.9653749741227034e-06,0.0057147735118237,1.600810983345929e-08
Pa231,"Nuclide: Tl-207, decay dataset: icrp107_ame2020_nubase2020",-0.6680597797535721,6.611098488137694e-06,-0.001617972581347612,1.6011405581609923e-08
Pa231,"Nuclide: Pb-207, decay dataset: icrp107_ame2020_nubase2020",-1689.7465284731552,-3379.3424620252417,-0.0,-0.0
Pa232,"Nuclide: Pa-232, decay dataset: icrp107_ame2020_nubase2020",9423039374.723814,5551330910.101016,57707.38951525976,33996.760749680114
Pa232,"Nuclide: U-232, decay dataset: icrp107_ame2020_nubase2020",-9423529926.370378,-14974890274.711441,-3.0041745364821577,-4.773920643474832
Pa232,"Nuclide: Th-228, decay dataset: icrp107_ame2020_nubase2020",491473.7798893427,-268124593.76826674,0.00564721210560302,-3.08084889509053
Pa232,"Nuclide: Ra-224, decay dataset: icrp107_ame2020_nubase2020",-1436.1578118233313,-1409272.5733850508,-0.0031479860418705805,-3.0890549448565143
Pa232,"Nuclide: Rn-220, decay dataset: icrp107_ame2020_nubase2020",0.7473638331375747,-247.78508807581449,0.009317142694096822,-3.0890563882113042
Pa232,"Nuclide: Po-216, decay dataset: icrp107_ame2020_nubase2020",1.0019558785092013,-0.646202118970754,4.789675118855972,-3.0890563919754515
Pa232,"Nuclide: Pb-212, decay dataset: icrp107_ame2020_nubase2020",-264.9606781734363,-170834.90414482137,-0.004794714573808699,-3.091419490110992
Pa232,"Nuclide: Bi-212, decay dataset: icrp107_ame2020_nubase2020",-25.018462807879605,-16204.336005258512,-0.0047733214856112306,-3.091656981803178
Pa232,"Nuclide: Po-212, decay dataset: icrp107_ame2020_nubase2020",0.9999999979409523,-1.3336351405373874e-06,2318217.990410442,-3.0916569818031987
Pa232,"Nuclide: Pb-208, decay dataset: icrp107_ame2020_nubase2020",801.2543088058799,9693281319.87783,0.0,0.0
