parent_nuclide,parent_original,production_rate,nuclide,original_nuclide,atom_number_EOL,activity_EOL_Bq,is_stable,decay_constant,half_life,half_life_seconds
Na24,Na24,1e-09,Na24,Na24,242455562684.81085,3120703.806813656,False,1.2871240289382558e-05,14.96 小时,53852.4
Na24,Na24,1e-09,Mg24,Mg-24,2453872437315.189,0.0,True,0.0,稳定,inf
Li7,Li7,1.62e-08,Li7,Li7,43680513600000.0,0.0,True,0.0,稳定,inf
Be9,Be9,8.12e-09,Be9,Be9,21894183359999.996,0.0,True,0.0,稳定,inf
Ar44,Ar44,8.12e-09,Ar44,Ar44,26037034390.61915,25340489.999999996,False,0.0009732479367592605,11.87 分钟,712.1999999999999
Ar44,Ar44,8.12e-09,K44,K-44,48542508093.04143,25340489.999999993,False,0.0005220267966259567,22.13 分钟,1327.8
Ar44,Ar44,8.12e-09,Ca44,Ca-44,21819603817516.336,0.0,True,0.0,稳定,inf
K45,K45,4.06e-09,K45,K45,18973913014.22541,12670244.999999998,False,0.000667771850250429,17.30 分钟,1038.0
K45,K45,4.06e-09,Ca45,Ca-45,10698954393882.078,527649.5695286016,False,4.931786323253461e-08,162.67 天,14054687.999999998
K45,K45,4.06e-09,Sc45,Sc-45,229163373103.6969,0.0,True,0.0,稳定,inf
K46,K46,4.06e-09,K46,K46,1919326460.976559,12670244.999999998,False,0.006601401719618527,1.75 分钟,105.0
K46,K46,4.06e-09,Ca46,Ca-46,10945172353539.021,0.0,True,0.0,稳定,inf
Ca46,Ca46,1.22e-08,Ca46,Ca46,32895201600000.0,0.0,True,0.0,稳定,inf
Ca47,Ca47,4.06e-09,Ca47,Ca47,5609672462973.874,9921473.509187572,False,1.7686368633237223e-06,4.54 天,391910.39999999997
Ca47,Ca47,4.06e-09,Sc47,Sc-47,2787919118264.317,6678067.52515692,False,2.3953591341324507e-06,3.35 天,289370.88
Ca47,Ca47,4.06e-09,Ti47,Ti-47,2549500098761.809,0.0,True,0.0,稳定,inf
Sc48,Sc48,4.06e-09,Sc48,Sc48,2810037558771.4185,12389446.169058088,False,4.408996645039471e-06,1.82 天,157212.0
Sc48,Sc48,4.06e-09,Ti48,Ti-48,8137054121228.58,0.0,True,0.0,稳定,inf
Sc49,Sc49,8.12e-09,Sc49,Sc49,125469112648.98192,25340489.999999996,False,0.00020196596170161577,57.20 分钟,3432.0
Sc49,Sc49,8.12e-09,Ti49,Ti-49,21768714247351.016,0.0,True,0.0,稳定,inf
Sc50,Sc50,8.12e-09,Sc50,Sc50,3747256423.8113775,25340489.999999996,False,0.006762411517658003,1.71 分钟,102.5
Sc50,Sc50,8.12e-09,Ti50,Ti-50,21890436103576.184,0.0,True,0.0,稳定,inf
Ti44,Ti44,8.12e-09,Ti44,Ti44,21890721207220.727,8013.820086459261,False,3.660829632152949e-10,60.04 年,1893415564.8000002
Ti44,Ti44,8.12e-09,Sc44,Sc-44,161294220.18806,7822.602432407556,False,4.849896309543418e-05,3.97 小时,14292.0
Ti44,Ti44,8.12e-09,Ca44,Ca-44,3300858540.675916,0.0,True,0.0,稳定,inf
Ti50,Ti50,4.06e-09,Ti50,Ti50,10947091679999.998,0.0,True,0.0,稳定,inf
Ti51,Ti51,2.03e-08,Ti51,Ti51,31586629757.785656,63351225.0,False,0.0020056342030091013,5.76 分钟,345.59999999999997
Ti51,Ti51,2.03e-08,V51,V-51,54703871770242.21,0.0,True,0.0,稳定,inf
Ti52,Ti52,4.47e-08,Ti52,Ti52,20527743528.445988,139497525.0,False,0.006795560593724954,1.70 分钟,102.0
Ti52,Ti52,4.47e-08,V52,V-52,45197261192.33726,139497525.0,False,0.003086415444651996,3.74 分钟,224.57999999999998
Ti52,Ti52,4.47e-08,Cr52,Cr-52,120460136595279.22,0.0,True,0.0,稳定,inf
V47,V47,1.62e-08,V47,V47,142664981079.65384,50556149.99999999,False,0.00035436972421265094,32.60 分钟,1956.0
V47,V47,1.62e-08,Ti47,Ti-47,43537848618920.34,0.0,True,0.0,稳定,inf
V50,V50,4.06e-09,V50,V50,0.0,0.0,False,1.4643318528611795e-25,150099534246575360.00 年,4.7335389120000005e+24
V50,V50,4.06e-09,Ti50,Ti-50,9086086094400.0,0.0,True,0.0,稳定,inf
V50,V50,4.06e-09,Cr50,Cr-50,1861005585600.0,0.0,True,0.0,稳定,inf
V53,V53,2.84e-08,V53,V53,12351763983.348658,88629300.0,False,0.0071754366517592675,1.61 分钟,96.60000000000001
V53,V53,2.84e-08,Cr53,Cr-53,76563363436016.66,0.0,True,0.0,稳定,inf
Cr48,Cr48,3.25e-08,Cr48,Cr48,11352056389551.293,101379172.85063635,False,8.930467694289132e-06,21.56 小时,77616.0
Cr48,Cr48,3.25e-08,V48,V-48,63301508734345.98,31792574.20594952,False,5.022403863922375e-07,15.97 天,1380110.4
Cr48,Cr48,3.25e-08,Ti48,Ti-48,12977094876102.729,0.0,True,0.0,稳定,inf
Cr49,Cr49,2.84e-08,Cr49,Cr49,324521500928.974,88629300.0,False,0.00027310763615443075,42.30 分钟,2538.0
Cr49,Cr49,2.84e-08,V49,V-49,75459296207977.06,1834469.6413298636,False,2.4310717612231527e-08,330.00 天,28512000.0
Cr49,Cr49,2.84e-08,Ti49,Ti-49,791897491093.198,0.0,True,0.0,稳定,inf
Cr50,Cr50,2.44e-08,Cr50,Cr50,65790403200000.0,0.0,True,0.0,稳定,inf
Cr51,Cr51,4.06e-09,Cr51,Cr51,9684972897664.262,2804730.6775592966,False,2.8959613074763664e-07,27.70 天,2393496.0
Cr51,Cr51,4.06e-09,V51,V-51,1262118782335.7363,0.0,True,0.0,稳定,inf
Cr52,Cr52,4.06e-09,Cr52,Cr52,10947091679999.998,0.0,True,0.0,稳定,inf
Cr54,Cr54,8.12e-09,Cr54,Cr54,21894183359999.996,0.0,True,0.0,稳定,inf
Cr55,Cr55,1.62e-08,Cr55,Cr55,15303663767.96164,50556150.0,False,0.003303532459059886,3.50 分钟,209.82
Cr55,Cr55,1.62e-08,Mn55,Mn-55,43665209936232.04,0.0,True,0.0,稳定,inf
Cr56,Cr56,8.93e-08,Cr56,Cr56,143292240198.92023,278682975.0,False,0.001944857408978522,5.94 分钟,356.40000000000003
Cr56,Cr56,8.93e-08,Mn56,Mn-56,3732690487363.589,278682975.0,False,7.466008123187162e-05,2.58 小时,9284.039999999999
Cr56,Cr56,8.93e-08,Fe56,Fe-56,236906107672437.5,0.0,True,0.0,稳定,inf
Mn51,Mn51,1.14e-07,Mn51,Mn51,1422759831762.3284,355765500.0,False,0.0002500530954400957,46.20 分钟,2772.0
Mn51,Mn51,1.14e-07,Cr51,Cr-51,270833491629159.38,78432331.252677,False,2.8959613074763664e-07,27.70 天,2393496.0
Mn51,Mn51,1.14e-07,V51,V-51,35125140539078.227,0.0,True,0.0,稳定,inf
Mn52,Mn52,2.84e-08,Mn52,Mn52,43888087330078.74,62975102.16695138,False,1.4349019517146133e-06,5.59 天,483062.4
Mn52,Mn52,2.84e-08,Cr52,Cr-52,32687627869921.258,0.0,True,0.0,稳定,inf
Mn53,Mn53,3.65e-08,Mn53,Mn53,98415971822526.22,0.5842444960946492,False,5.93648048457235e-15,3702455.18 年,116760626496000.0
Mn53,Mn53,3.65e-08,Cr53,Cr-53,177473.796875,0.0,True,0.0,稳定,inf
Mn54,Mn54,2.84e-08,Mn54,Mn54,75731688905571.31,1946559.8554486567,False,2.5703373100206342e-08,312.12 天,26967168.0
Mn54,Mn54,2.84e-08,Cr54,Cr-54,844026294428.6875,0.0,True,0.0,稳定,inf
Mn54,Mn54,2.84e-08,Fe54,Fe-54,2447676.253843218,0.0,True,0.0,稳定,inf
Mn55,Mn55,4.06e-09,Mn55,Mn55,10947091679999.998,0.0,True,0.0,稳定,inf
Mn56,Mn56,1.22e-08,Mn56,Mn56,509953235675.65265,38073150.0,False,7.466008123187162e-05,2.58 小时,9284.039999999999
Mn56,Mn56,1.22e-08,Fe56,Fe-56,32385248364324.348,0.0,True,0.0,稳定,inf
Mn57,Mn57,2.03e-08,Mn57,Mn57,7805260941.304675,63351225.0,False,0.00811647752412114,1.42 分钟,85.4
Mn57,Mn57,2.03e-08,Fe57,Fe-57,54727653139058.695,0.0,True,0.0,稳定,inf
Fe52,Fe52,1.71e-07,Fe52,Fe52,22935073219382.316,533648249.0080819,False,2.3267780482039118e-05,8.28 小时,29790.0
Fe52,Fe52,1.71e-07,Mn52m,Mn-52m,974682869867.1572,533648248.96405697,False,0.0005475096212953754,21.10 分钟,1266.0
Fe52,Fe52,1.71e-07,Cr52,Cr-52,429511991102312.4,0.0,True,0.0,稳定,inf
Fe52,Fe52,1.71e-07,Mn52,Mn-52,4495387720841.351,6450440.614349161,False,1.4349019517146133e-06,5.59 天,483062.4
Fe53,Fe53,6.5e-08,Fe53,Fe53,149426521025.92313,202848750.0,False,0.0013575150422247264,8.51 分钟,510.59999999999997
Fe53,Fe53,6.5e-08,Mn53,Mn-53,175111893163690.62,1.0395483363827678,False,5.93648048457235e-15,3702455.18 年,116760626496000.0
Fe53,Fe53,6.5e-08,Cr53,Cr-53,0.0,0.0,True,0.0,稳定,inf
Fe54,Fe54,2.03e-08,Fe54,Fe54,54735458400000.0,0.0,True,0.0,稳定,inf
Fe55,Fe55,4.06e-09,Fe55,Fe55,10909226913212.545,87548.74931918655,False,8.025201970375482e-09,2.74 年,86371306.68096001
Fe55,Fe55,4.06e-09,Mn55,Mn-55,37864766787.453125,0.0,True,0.0,稳定,inf
Fe58,Fe58,2.44e-08,Fe58,Fe58,65790403200000.0,0.0,True,0.0,稳定,inf
Fe59,Fe59,6.09e-08,Fe59,Fe59,152055337053351.16,27415879.06454911,False,1.80301984763151e-07,44.49 天,3844368.0
Fe59,Fe59,6.09e-08,Co59,Co-59,12151038146648.844,0.0,True,0.0,稳定,inf
Fe60,Fe60,1.91e-07,Fe60,Fe60,514998649782830.9,7.541289270574986,False,1.46433185286118e-14,1500995.34 年,47335389120000.0
Fe60,Fe60,1.91e-07,Co60m,Co-60m,6825.554640121329,7.533381030155013,False,0.0011037023989044065,10.47 分钟,628.02
Fe60,Fe60,1.91e-07,Co60,Co-60,3239342.2220610552,0.013498013767236116,False,4.1668995869932835e-09,5.27 年,166346024.445504
Fe60,Fe60,1.91e-07,Ni60,Ni-60,0.0,0.0,True,0.0,稳定,inf
Fe61,Fe61,3.33e-07,Fe61,Fe61,537935475693.32324,1039209749.9999999,False,0.0019318483293198029,5.98 分钟,358.8
Fe61,Fe61,3.33e-07,Co61,Co-61,8905620751444.648,1039209749.9999999,False,0.00011669144453871133,1.65 小时,5940.0
Fe61,Fe61,3.33e-07,Ni61,Ni-61,888433667772862.0,0.0,True,0.0,稳定,inf
Fe62,Fe62,9.09e-07,Fe62,Fe62,278295583405.77783,2836761750.0,False,0.01019334089058743,1.13 分钟,68.0
Fe62,Fe62,9.09e-07,Co62,Co-62,368332389801.7647,2836761749.9999995,False,0.007701635339554948,1.50 分钟,90.0
Fe62,Fe62,9.09e-07,Ni62,Ni-62,2450315524026792.0,0.0,True,0.0,稳定,inf
Co55,Co55,8.57e-07,Co55,Co55,243481468840078.22,2674280497.6404634,False,1.0983507329656228e-05,17.53 小时,63108.00000000001
Co55,Co55,8.57e-07,Fe55,Fe-55,2060784721985401.0,16538213.61139693,False,8.025201970375482e-09,2.74 年,86371306.68096001
Co55,Co55,8.57e-07,Mn55,Mn-55,6486905174537.853,0.0,True,0.0,稳定,inf
Co56,Co56,7.47e-07,Co56,Co56,1926415173751079.0,200113125.0379844,False,1.0387850332819375e-07,77.23 天,6672672.0
Co56,Co56,7.47e-07,Fe56,Fe-56,87741842248921.0,0.0,True,0.0,稳定,inf
Co57,Co57,2.15e-07,Co57,Co57,572379434351105.9,16898267.029271808,False,2.952284099520278e-08,271.74 天,23478336.0
Co57,Co57,2.15e-07,Fe57,Fe-57,7331085648894.125,0.0,True,0.0,稳定,inf
Co58,Co58,1.18e-07,Co58,Co58,303100522732983.8,34316047.15457013,False,1.1321672046339831e-07,70.86 天,6122304.0
Co58,Co58,1.18e-07,Fe58,Fe-58,15066181267016.188,0.0,True,0.0,稳定,inf
Co59,Co59,8.12e-09,Co59,Co59,21894183359999.996,0.0,True,0.0,稳定,inf
Co60,Co60,2.84e-08,Co60,Co60,76438036480726.9,318509.6226421185,False,4.1668995869932835e-09,5.27 年,166346024.445504
Co60,Co60,2.84e-08,Ni60,Ni-60,137678719273.09375,0.0,True,0.0,稳定,inf
Co61,Co61,7.31e-08,Co61,Co61,1954957588380.192,228126825.0,False,0.00011669144453871133,1.65 小时,5940.0
Co61,Co61,7.31e-08,Ni61,Ni-61,195146619211619.8,0.0,True,0.0,稳定,inf
Co62,Co62,1.91e-07,Co62,Co62,77394374534.80426,596063250.0,False,0.007701635339554948,1.50 分钟,90.0
Co62,Co62,1.91e-07,Ni62,Ni-62,514921253625465.2,0.0,True,0.0,稳定,inf
Ni56,Ni56,3.11e-06,Ni56,Ni56,5001255068306746.0,6604568377.263293,False,1.3205821912817126e-06,6.08 天,524880.0
Ni56,Ni56,3.11e-06,Co56,Co-56,3276783154913398.5,340387329.8634407,False,1.0387850332819375e-07,77.23 天,6672672.0
Ni56,Ni56,3.11e-06,Fe56,Fe-56,107541856779857.69,0.0,True,0.0,稳定,inf
Ni57,Ni57,3.69e-06,Ni57,Ni57,2109282608283415.5,11407953284.455189,False,5.408451783395328e-06,1.48 天,128160.0
Ni57,Ni57,3.69e-06,Co57,Co-57,7756686855629181.0,228999432.68831974,False,2.952284099520278e-08,271.74 天,23478336.0
Ni57,Ni57,3.69e-06,Fe57,Fe-57,83480856087383.31,0.0,True,0.0,稳定,inf
Ni58,Ni58,2.38e-06,Ni58,Ni58,6417260640000000.0,0.0,True,0.0,稳定,inf
Ni59,Ni59,1.38e-06,Ni59,Ni59,3720932291206700.5,809.2098529238173,False,2.1747502765265047e-13,101067.02 年,3187249534080.0
Ni59,Ni59,1.38e-06,Co59,Co-59,348793299.5,0.0,True,0.0,稳定,inf
Ni60,Ni60,4.91e-07,Ni60,Ni60,1323897048000000.2,0.0,True,0.0,稳定,inf
Ni61,Ni61,2.31e-07,Ni61,Ni61,622851768000000.0,0.0,True,0.0,稳定,inf
Ni62,Ni62,7.71e-08,Ni62,Ni62,207886888800000.0,0.0,True,0.0,稳定,inf
Ni63,Ni63,7.71e-08,Ni63,Ni63,207867183634189.94,45612.368355657614,False,2.1943034758159538e-10,100.17 年,3158848300.608
Ni63,Ni63,7.71e-08,Cu63,Cu-63,19705165810.0625,0.0,True,0.0,稳定,inf
Ni64,Ni64,3.37e-07,Ni64,Ni64,908662536000000.0,0.0,True,0.0,稳定,inf
Ni65,Ni65,8.16e-07,Ni65,Ni65,33292175505418.926,2546532000.0,False,7.649040536823748e-05,2.52 小时,9061.884
Ni65,Ni65,8.16e-07,Cu65,Cu-65,2166911472494581.0,0.0,True,0.0,稳定,inf
Ni66,Ni66,2.8e-06,Ni66,Ni66,2360189145024984.0,8322946944.761169,False,3.526389807488529e-06,2.27 天,196560.0
Ni66,Ni66,2.8e-06,Cu66,Cu-66,3688408088498.136,8322297094.065691,False,0.0022563384783852386,5.12 分钟,307.2
Ni66,Ni66,2.8e-06,Zn66,Zn-66,5185840846886518.0,0.0,True,0.0,稳定,inf
Cu57,Cu57,8.07e-06,Cu57,Cu57,7132263052.352494,25184452500.000004,False,3.531060522465335,1.96e-01 秒,0.1963
Cu57,Cu57,8.07e-06,Ni57,Ni-57,4612983849024873.0,24949100725.03242,False,5.408451783395328e-06,1.48 天,128160.0
Cu57,Cu57,8.07e-06,Co57,Co-57,1.696380416698773e+16,500819693.0957371,False,2.952284099520278e-08,271.74 天,23478336.0
Cu57,Cu57,8.07e-06,Fe57,Fe-57,0.0,0.0,True,0.0,稳定,inf
Cu59,Cu59,7.7e-06,Cu59,Cu59,2825412433933.474,24029775000.000004,False,0.008504873381103624,1.36 分钟,81.5
Cu59,Cu59,7.7e-06,Ni59,Ni-59,2.075889824193138e+16,4514.541969202584,False,2.1747502765265047e-13,101067.02 年,3187249534080.0
Cu59,Cu59,7.7e-06,Co59,Co-59,1947725903.3203127,0.0,True,0.0,稳定,inf
Cu60,Cu60,8.6e-06,Cu60,Cu60,55059411580048.19,26838450000.000004,False,0.00048744527465537644,23.70 分钟,1422.0
Cu60,Cu60,8.6e-06,Ni60,Ni-60,2.3133361388419956e+16,0.0,True,0.0,稳定,inf
Cu61,Cu61,3.82e-06,Cu61,Cu61,206364360259602.1,11921265000.0,False,5.776804185084719e-05,3.33 小时,11998.800000000001
Cu61,Cu61,3.82e-06,Ni61,Ni-61,1.0093608599740398e+16,0.0,True,0.0,稳定,inf
Cu62,Cu62,2.7e-06,Cu62,Cu62,7055206349608.853,8426025000.0,False,0.0011942988741168636,9.67 分钟,580.38
Cu62,Cu62,2.7e-06,Ni62,Ni-62,7273030393650391.0,0.0,True,0.0,稳定,inf
Cu63,Cu63,7.79e-07,Cu63,Cu63,2100439512000000.0,0.0,True,0.0,稳定,inf
Cu64,Cu64,3.73e-07,Cu64,Cu64,76779924797764.56,1164037366.5173914,False,1.5160699487312889e-05,12.70 小时,45720.0
Cu64,Cu64,3.73e-07,Ni64,Ni-64,566659755713363.6,0.0,True,0.0,稳定,inf
Cu64,Cu64,3.73e-07,Zn64,Zn-64,362290663488871.9,0.0,True,0.0,稳定,inf
Cu65,Cu65,1.75e-07,Cu65,Cu65,471857400000000.0,0.0,True,0.0,稳定,inf
Cu66,Cu66,3.65e-07,Cu66,Cu66,504832834661.92737,1139073750.0,False,0.0022563384783852386,5.12 分钟,307.2
Cu66,Cu66,3.65e-07,Zn66,Zn-66,983654887165338.1,0.0,True,0.0,稳定,inf
Cu67,Cu67,1.45e-06,Cu67,Cu67,1354538455425509.2,4218082337.494451,False,3.1140366082625535e-06,2.58 天,222588.0
Cu67,Cu67,1.45e-06,Zn67,Zn-67,2555137144574491.0,0.0,True,0.0,稳定,inf
Cu69,Cu69,9.53e-06,Cu69,Cu69,7337067747129.323,29740747500.0,False,0.004053492283976288,2.85 分钟,171.0
Cu69,Cu69,9.53e-06,Zn69,Zn-69,145196709101085.56,29740747500.0,False,0.00020483072711582307,56.40 分钟,3384.0
Cu69,Cu69,9.53e-06,Ga69,Ga-69,2.5543472063151788e+16,0.0,True,0.0,稳定,inf
Zn60,Zn60,4.05e-06,Zn60,Zn60,2603854716024.3564,12639037500.0,False,0.004853971852660682,2.38 分钟,142.79999999999998
Zn60,Zn60,4.05e-06,Cu60,Cu-60,25929141499906.41,12639037500.0,False,0.00048744527465537644,23.70 分钟,1422.0
Zn60,Zn60,4.05e-06,Ni60,Ni-60,1.089159540378407e+16,0.0,True,0.0,稳定,inf
Zn61,Zn61,9.66e-07,Zn61,Zn61,387514848914.21313,3014644500.0,False,0.007779429635914089,1.48 分钟,89.1
Zn61,Zn61,9.66e-07,Cu61,Cu-61,52185332987114.03,3014644499.9999995,False,5.776804185084719e-05,3.33 小时,11998.800000000001
Zn61,Zn61,9.66e-07,Ni61,Ni-61,2552080000163971.5,0.0,True,0.0,稳定,inf
Zn62,Zn62,4.14e-07,Zn62,Zn62,61640023437962.34,1291990482.3666615,False,2.0960252938044166e-05,9.19 小时,33069.6
Zn62,Zn62,4.14e-07,Cu62,Cu-62,1081798291911.6782,1291990482.0516634,False,0.0011942988741168636,9.67 分钟,580.38
Zn62,Zn62,4.14e-07,Ni62,Ni-62,1053557970270126.0,0.0,True,0.0,稳定,inf
Zn63,Zn63,4.06e-08,Zn63,Zn63,421922794021.5328,126702450.0,False,0.0003002977127458389,38.47 分钟,2308.2
Zn63,Zn63,4.06e-08,Cu63,Cu-63,109048994005978.47,0.0,True,0.0,稳定,inf
Zn64,Zn64,1.62e-08,Zn64,Zn64,43680513600000.0,0.0,True,0.0,稳定,inf
Zn65,Zn65,4.06e-09,Zn65,Zn65,10793100477145.5,354781.79912278726,False,3.2871166156012474e-08,244.06 天,21086784.0
Zn65,Zn65,4.06e-09,Cu65,Cu-65,153991202854.49805,0.0,True,0.0,稳定,inf
Zn66,Zn66,2.03e-08,Zn66,Zn66,54735458400000.0,0.0,True,0.0,稳定,inf
Zn67,Zn67,6.5e-08,Zn67,Zn67,175261320000000.0,0.0,True,0.0,稳定,inf
Zn68,Zn68,4.83e-07,Zn68,Zn68,1302326424000000.0,0.0,True,0.0,稳定,inf
Zn69,Zn69,1.34e-06,Zn69,Zn69,20415906631212.453,4181805000.0000005,False,0.00020483072711582307,56.40 分钟,3384.0
Zn69,Zn69,1.34e-06,Ga69,Ga-69,3592663613368788.0,0.0,True,0.0,稳定,inf
Zn70,Zn70,6.21e-06,Zn70,Zn70,1.674419688e+16,0.0,True,0.0,稳定,inf
Zn71,Zn71,9.73e-06,Zn71,Zn71,6439671194931.697,30364897500.0,False,0.004715286942584662,2.45 分钟,147.0
Zn71,Zn71,9.73e-06,Ga71,Ga-71,2.6228831768805068e+16,0.0,True,0.0,稳定,inf
Zn72,Zn72,3.04e-05,Zn72,Zn72,2.2271712115717184e+16,92219680162.79654,False,4.140664161051047e-06,1.94 天,167400.0
Zn72,Zn72,3.04e-05,Ga72,Ga-72,6668891704855512.0,91066262464.14903,False,1.3655381807721538e-05,14.10 小时,50760.0
Zn72,Zn72,3.04e-05,Ge72,Ge-72,5.3027767379427304e+16,0.0,True,0.0,稳定,inf
Ga64,Ga64,1.71e-07,Ga64,Ga64,121350327209.0791,533648250.0,False,0.004397583939601227,2.63 分钟,157.61999999999998
Ga64,Ga64,1.71e-07,Zn64,Zn-64,460950737672790.94,0.0,True,0.0,稳定,inf
Ga65,Ga65,4.34e-07,Ga65,Ga65,1782042617560.8962,1354405500.0,False,0.000760029803245554,15.20 分钟,912.0
Ga65,Ga65,4.34e-07,Zn65,Zn-65,1152013005177728.8,37868010.90708438,False,3.2871166156012474e-08,244.06 天,21086784.0
Ga65,Ga65,4.34e-07,Cu65,Cu-65,16411304204710.191,0.0,True,0.0,稳定,inf
Ga66,Ga66,6.09e-08,Ga66,Ga66,9367409659174.102,190053670.36665866,False,2.0288818070481948e-05,9.49 小时,34164.0
Ga66,Ga66,6.09e-08,Zn66,Zn-66,154838965540825.9,0.0,True,0.0,稳定,inf
Ga67,Ga67,1.22e-08,Ga67,Ga67,13629270809886.18,33527942.718485557,False,2.4599953428297573e-06,3.26 天,281767.68
Ga67,Ga67,1.22e-08,Zn67,Zn-67,19265930790113.82,0.0,True,0.0,稳定,inf
Ga68,Ga68,8.12e-09,Ga68,Ga68,148522965340.25464,25340490.0,False,0.00017061664465119514,1.13 小时,4062.5999999999995
Ga68,Ga68,8.12e-09,Zn68,Zn-68,21745660394659.742,0.0,True,0.0,稳定,inf
Ga69,Ga69,6.9e-08,Ga69,Ga69,186046632000000.0,0.0,True,0.0,稳定,inf
Ga70,Ga70,3.78e-07,Ga70,Ga70,2158646615559.016,1179643500.0,False,0.0005464736522863018,21.14 分钟,1268.4
Ga70,Ga70,3.78e-07,Ge70,Ge-70,1012883418701164.9,0.0,True,0.0,稳定,inf
Ga70,Ga70,3.78e-07,Zn70,Zn-70,4169918683276.2085,0.0,True,0.0,稳定,inf
Ga71,Ga71,1.99e-06,Ga71,Ga71,5365692720000000.0,0.0,True,0.0,稳定,inf
Ga72,Ga72,4.9e-06,Ga72,Ga72,1119819295940740.8,15291560041.724731,False,1.3655381807721538e-05,14.10 小时,50760.0
Ga72,Ga72,4.9e-06,Ge72,Ge-72,1.2092187904059258e+16,0.0,True,0.0,稳定,inf
Ga73,Ga73,2e-05,Ga73,Ga73,1575441508855071.2,62414999999.99992,False,3.9617465738451376e-05,4.86 小时,17496.0
Ga73,Ga73,2e-05,Ge73,Ge-73,5.2351118491144936e+16,0.0,True,0.0,稳定,inf
Ga74,Ga74,3.04e-05,Ga74,Ga74,66682885044214.17,94870800000.0,False,0.0014227158878488205,8.12 分钟,487.19999999999993
Ga74,Ga74,3.04e-05,Ge74,Ge-74,8.190168831495579e+16,0.0,True,0.0,稳定,inf
Ge71,Ge71,7.71e-08,Ge71,Ge71,155875337848501.3,109406442.3428008,False,7.018842355237448e-07,11.43 天,987552.0
Ge71,Ge71,7.71e-08,Ga71,Ga-71,52011550951498.69,0.0,True,0.0,稳定,inf
Ge72,Ge72,4.59e-07,Ge72,Ge72,1237614552000000.0,0.0,True,0.0,稳定,inf
Ge73,Ge73,1.21e-06,Ge73,Ge73,3262556880000000.0,0.0,True,0.0,稳定,inf
Ge74,Ge74,8.85e-06,Ge74,Ge74,2.38625028e+16,0.0,True,0.0,稳定,inf
Ge75,Ge75,1.67e-05,Ge75,Ge75,373445010857421.75,52116525000.0,False,0.00013955608853989394,1.38 小时,4966.8
Ge75,Ge75,1.67e-05,As75,As-75,4.465523258914258e+16,0.0,True,0.0,稳定,inf
Ge77,Ge77,7.67e-05,Ge77,Ge77,1.4047843193620006e+16,239361428284.31476,False,1.7039016237953423e-05,11.30 小时,40680.0
Ge77,Ge77,7.67e-05,As77,As-77,4.733384500725552e+16,234707708900.9114,False,4.958559966234192e-06,1.62 天,139788.0
Ge77,Ge77,7.67e-05,Se77,Se-77,1.454266693991244e+17,0.0,True,0.0,稳定,inf
Ge78,Ge78,0.000177,Ge78,Ge78,4207660655337211.5,552372750000.0,False,0.00013127787510605024,1.47 小时,5280.0
Ge78,Ge78,0.000177,As78,As-78,4336759334535058.5,552372750000.0001,False,0.00012736993395074335,1.51 小时,5442.0
Ge78,Ge78,0.000177,Se78,Se-78,4.687056360101277e+17,0.0,True,0.0,稳定,inf
As68,As68,4.51e-07,As68,As68,307828808490.04205,1407458250.0,False,0.004572210953561645,2.53 分钟,151.6
As68,As68,4.51e-07,Ge68,Ge-68,1200321184373701.8,35540213.64792456,False,2.960891977130985e-08,270.95 天,23410080.0
As68,As68,4.51e-07,Ga68,Ga-68,206908821101.67026,35302088.80510138,False,0.00017061664465119514,1.13 小时,4062.5999999999995
As68,As68,4.51e-07,Zn68,Zn-68,0.0,0.0,True,0.0,稳定,inf
As69,As69,1.95e-07,As69,As69,802267655190.8846,608546250.0,False,0.0007585326992339081,15.23 分钟,913.8000000000001
As69,As69,1.95e-07,Ge69,Ge-69,121667442276496.58,599896461.6580844,False,4.930624417128648e-06,1.63 天,140580.0
As69,As69,1.95e-07,Ga69,Ga-69,403314250068312.5,0.0,True,0.0,稳定,inf
As70,As70,8.12e-09,As70,As70,115378939254.13373,25340489.999999996,False,0.0002196283842078407,52.60 分钟,3156.0
As70,As70,8.12e-09,Ge70,Ge-70,21778804420745.863,0.0,True,0.0,稳定,inf
As71,As71,8.12e-09,As71,As71,7919601983234.464,23358565.605579045,False,2.949462063248678e-06,2.72 天,235008.0
As71,As71,8.12e-09,Ge71,Ge-71,11150274517458.564,7826201.9055662975,False,7.018842355237448e-07,11.43 天,987552.0
As71,As71,8.12e-09,Ga71,Ga-71,2824306859306.963,0.0,True,0.0,稳定,inf
As73,As73,2.44e-08,As73,As73,63030867905086.086,6297228.618470199,False,9.990705868040354e-08,80.30 天,6937920.0
As73,As73,2.44e-08,Ge73,Ge-73,2759535294913.914,0.0,True,0.0,稳定,inf
As74,As74,2.07e-07,As74,As74,462158679229081.5,208648565.96046317,False,4.514652117071696e-07,17.77 天,1535328.0
As74,As74,2.07e-07,Ge74,Ge-74,63347603068806.19,0.0,True,0.0,稳定,inf
As74,As74,2.07e-07,Se74,Se-74,32633613702112.312,0.0,True,0.0,稳定,inf
As75,As75,1.84e-06,As75,As75,4961243520000000.0,0.0,True,0.0,稳定,inf
As76,As76,5.09e-06,As76,As76,2130606122135208.8,15859033259.213064,False,7.443437383592877e-06,1.08 天,93121.92000000001
As76,As76,5.09e-06,Se76,Se-76,1.1593703397864794e+16,0.0,True,0.0,稳定,inf
As77,As77,2.5e-05,As77,As77,1.5517264137176104e+16,76943284736.08298,False,4.958559966234192e-06,1.62 天,139788.0
As77,As77,2.5e-05,Se77,Se-77,5.1890935862823896e+16,0.0,True,0.0,稳定,inf
As78,As78,4.81e-05,As78,As78,1178520474526193.8,150108075000.0,False,0.00012736993395074335,1.51 小时,5442.0
As78,As78,4.81e-05,Se78,Se-78,1.2851485632547381e+17,0.0,True,0.0,稳定,inf
As79,As79,0.000137,As79,As79,333449543087351.94,427542750000.0,False,0.001282181244099048,9.01 分钟,540.6
As79,As79,0.000137,Se79m,Se-79m,140995109033083.66,415520247870.00006,False,0.002947054339115414,3.92 分钟,235.2
As79,As79,0.000137,Se79,Se-79,3.5834362967672966e+17,26681.38938333183,False,7.445755184039897e-14,295195.75 年,9309293193600.0
As79,As79,0.000137,Br79,Br-79,0.0,0.0,True,0.0,稳定,inf
Se70,Se70,3.09e-07,Se70,Se70,3430718384483.632,964311750.0,False,0.00028108158173558204,41.10 分钟,2466.0
Se70,Se70,3.09e-07,As70,As-70,4390651752404.843,964311749.9999999,False,0.0002196283842078407,52.60 分钟,3156.0
Se70,Se70,3.09e-07,Ge70,Ge-70,825343981863111.5,0.0,True,0.0,稳定,inf
Se71,Se71,1.3e-07,Se71,Se71,166458686172.2387,405697500.0,False,0.002437226373276882,4.74 分钟,284.40000000000003
Se71,Se71,1.3e-07,As71,As-71,126778622565420.44,373928737.68763036,False,2.949462063248678e-06,2.72 天,235008.0
Se71,Se71,1.3e-07,Ge71,Ge-71,178412203325130.3,125224712.938966,False,7.018842355237448e-07,11.43 天,987552.0
Se71,Se71,1.3e-07,Ga71,Ga-71,0.0,0.0,True,0.0,稳定,inf
Se72,Se72,4.06e-09,Se72,Se72,7453609162019.002,7118673.081527293,False,9.5506390619481e-07,8.40 天,725760.0
Se72,Se72,4.06e-09,As72,As-72,850702592851.3872,6299808.800533912,False,7.4054185957259116e-06,1.08 天,93600.0
Se72,Se72,4.06e-09,Ge72,Ge-72,2642779925129.607,0.0,True,0.0,稳定,inf
Se73,Se73,4.06e-09,Se73,Se73,470509172396.6939,12670244.999003947,False,2.6928794893548767e-05,7.15 小时,25740.0
Se73,Se73,4.06e-09,As73,As-73,10054717390481.24,1004537.2403456832,False,9.990705868040354e-08,80.30 天,6937920.0
Se73,Se73,4.06e-09,Ge73,Ge-73,421865117122.0881,0.0,True,0.0,稳定,inf
Se75,Se75,1.22e-08,Se75,Se75,31961495369308.066,2140711.4199317493,False,6.697782425998217e-08,119.78 天,10348905.6
Se75,Se75,1.22e-08,As75,As-75,933706230691.9336,0.0,True,0.0,稳定,inf
Se76,Se76,2.31e-07,Se76,Se76,622851768000000.0,0.0,True,0.0,稳定,inf
Se77,Se77,9.01e-07,Se77,Se77,2429391528000000.0,0.0,True,0.0,稳定,inf
Se78,Se78,6.93e-06,Se78,Se78,1.868555304e+16,0.0,True,0.0,稳定,inf
Se79,Se79,1.62e-05,Se79,Se79,4.368051218988408e+16,3252.344000793473,False,7.445755184039897e-14,295195.75 年,9309293193600.0
Se79,Se79,1.62e-05,Br79,Br-79,1410115920.0,0.0,True,0.0,稳定,inf
Se80,Se80,7.42e-05,Se80,Se80,2.000675376e+17,0.0,True,0.0,稳定,inf
Se81,Se81,0.000119,Se81,Se81,593100240872214.6,371369250000.0,False,0.0006261492145979632,18.45 分钟,1107.0
Se81,Se81,0.000119,Br81,Br-81,3.202699317591278e+17,0.0,True,0.0,稳定,inf
Se83,Se83,0.0003,Se83,Se83,1807219426310089.0,936224999999.9999,False,0.0005180472201494359,22.30 分钟,1338.0
Se83,Se83,0.0003,Br83,Br-83,1.166993710263017e+16,936224999999.9999,False,8.022536812036404e-05,2.40 小时,8640.0
Se83,Se83,0.0003,Kr83m,Kr-83m,8884534633842333.0,934773851249.9999,False,0.00010521359753490366,1.83 小时,6588.0
Se83,Se83,0.0003,Kr83,Kr-83,0.0,0.0,True,0.0,稳定,inf
Se84,Se84,0.000517,Se84,Se84,432949263758920.7,1613427750000.0,False,0.0037265977449459425,3.10 分钟,186.0
Se84,Se84,0.000517,Br84,Br-84,4441221479849574.0,1613427750000.0,False,0.00036328468582806357,31.80 分钟,1908.0
Se84,Se84,0.000517,Kr84,Kr-84,1.3891274052563914e+18,0.0,True,0.0,稳定,inf
Br72,Br72,5.68e-08,Br72,Br72,20100386109.548744,177258600.0,False,0.008818666419337727,1.31 分钟,78.6
Br72,Br72,5.68e-08,Se72,Se-72,104268285592045.5,99582876.129775,False,9.5506390619481e-07,8.40 天,725760.0
Br72,Br72,5.68e-08,As72,As-72,11900155790213.873,88125634.9808852,False,7.4054185957259116e-06,1.08 天,93600.0
Br72,Br72,5.68e-08,Ge72,Ge-72,0.0,0.0,True,0.0,稳定,inf
Br74,Br74,4.06e-09,Br74,Br74,27857652633.60263,12670244.999999998,False,0.00045482098461938666,25.40 分钟,1524.0
Br74,Br74,4.06e-09,Se74,Se-74,10919234027366.395,0.0,True,0.0,稳定,inf
Br77,Br77,1.22e-08,Br77,Br77,10668023302431.271,36012880.14113909,False,3.3757781662261325e-06,2.38 天,205329.6
Br77,Br77,1.22e-08,Se77,Se-77,22227178297568.727,0.0,True,0.0,稳定,inf
Br78,Br78,9.34e-08,Br78,Br78,162991202083.13315,291478050.0,False,0.0017883054194013034,6.46 分钟,387.6
Br78,Br78,9.34e-08,Se78,Se-78,251648876593517.06,0.0,True,0.0,稳定,inf
Br78,Br78,9.34e-08,Kr78,Kr-78,25167404399.791687,0.0,True,0.0,稳定,inf
Br79,Br79,9.05e-07,Br79,Br79,2440176840000000.0,0.0,True,0.0,稳定,inf
Br80,Br80,3.34e-06,Br80,Br80,15951939579510.064,10423305000.0,False,0.0006534192878581686,17.68 分钟,1060.8
Br80,Br80,3.34e-06,Kr80,Kr-80,8243631543245591.0,0.0,True,0.0,稳定,inf
Br80,Br80,3.34e-06,Se80,Se-80,746152037174900.8,0.0,True,0.0,稳定,inf
Br81,Br81,1.85e-05,Br81,Br81,4.9882068e+16,0.0,True,0.0,稳定,inf
Br82,Br82,4.85e-05,Br82,Br82,2.7500103671757884e+16,149997004447.47543,False,5.454415962857612e-06,1.47 天,127079.99999999999
Br82,Br82,4.85e-05,Kr82,Kr-82,1.0327180432824211e+17,0.0,True,0.0,稳定,inf
Br83,Br83,0.000163,Br83,Br83,6340665825762393.0,508682250000.0,False,8.022536812036404e-05,2.40 小时,8640.0
Br83,Br83,0.000163,Kr83m,Kr-83m,4827263817721001.0,507893792512.49994,False,0.00010521359753490366,1.83 小时,6588.0
Br83,Br83,0.000163,Kr83,Kr-83,4.276621351193464e+17,0.0,True,0.0,稳定,inf
Br84,Br84,0.000254,Br84,Br84,2181954073272324.5,792670500000.0,False,0.00036328468582806357,31.80 分钟,1908.0
Br84,Br84,0.000254,Kr84,Kr-84,6.826853579267277e+17,0.0,True,0.0,稳定,inf
Br85,Br85,0.000535,Br85,Br85,419118227192840.5,1669601250000.0,False,0.003983604485976697,2.90 分钟,174.0
Br85,Br85,0.000535,Kr85m,Kr-85m,3.876207004303726e+16,1665911431237.4995,False,4.297787577876644e-05,4.48 小时,16128.000000000002
Br85,Br85,0.000535,Rb85,Rb-85,1.1005314306522179e+18,0.0,True,0.0,稳定,inf
Br85,Br85,0.000535,Kr85,Kr-85,2.993785930147723e+17,611365205.210526,False,2.0421139636405443e-09,10.76 年,339426296.91648
Kr74,Kr74,4.87e-08,Kr74,Kr74,151290469313.1488,151980525.0,False,0.0010045611312462974,11.50 分钟,690.0
Kr74,Kr74,4.87e-08,Br74,Br-74,334154601787.3025,151980524.99999997,False,0.00045482098461938666,25.40 分钟,1524.0
Kr74,Kr74,4.87e-08,Se74,Se-74,130825728528899.55,0.0,True,0.0,稳定,inf
Kr75,Kr75,1.22e-08,Kr75,Kr75,14138452964.755968,38073150.0,False,0.002692879489354877,4.29 分钟,257.4
Kr75,Kr75,1.22e-08,Br75,Br-75,318691935126.31757,38073150.0,False,0.00011946693908306538,1.61 小时,5802.0
Kr75,Kr75,1.22e-08,Se75,Se-75,31647202257439.062,2119660.7511188644,False,6.697782425998217e-08,119.78 天,10348905.6
Kr75,Kr75,1.22e-08,As75,As-75,0.0,0.0,True,0.0,稳定,inf
Kr80,Kr80,6.09e-08,Kr80,Kr80,164206375200000.0,0.0,True,0.0,稳定,inf
Kr81,Kr81,2.92e-07,Kr81,Kr81,787327743383961.5,75.51806287850094,False,9.591693359352706e-14,229151.96 年,7226536072320.0
Kr81,Kr81,2.92e-07,Br81,Br-81,32616038.625,0.0,True,0.0,稳定,inf
Kr82,Kr82,3.44e-06,Kr82,Kr82,9275368320000000.0,0.0,True,0.0,稳定,inf
Kr83,Kr83,1.09e-05,Kr83,Kr83,2.9389975200000004e+16,0.0,True,0.0,稳定,inf
Kr84,Kr84,6e-05,Kr84,Kr84,1.6177968e+17,0.0,True,0.0,稳定,inf
Kr85,Kr85,0.000126,Kr85,Kr85,3.394377902211897e+17,693170651.1979812,False,2.0421139636405443e-09,10.76 年,339426296.91648
Kr85,Kr85,0.000126,Rb85,Rb-85,299537778810304.0,0.0,True,0.0,稳定,inf
Kr86,Kr86,0.000392,Kr86,Kr86,1.056960576e+18,0.0,True,0.0,稳定,inf
Kr87,Kr87,0.000392,Kr87,Kr87,8079702564000633.0,1223334000000.0,False,0.00015140829632152584,1.27 小时,4578.0
Kr87,Kr87,0.000392,Rb87,Rb-87,1.0488206913638693e+18,0.46795293915417374,False,4.461705828339974e-19,49262667139.73 年,1.5535474709184e+18
Kr87,Kr87,0.000392,Sr87,Sr-87,-313173504000000.0,0.0,True,0.0,稳定,inf
Kr88,Kr88,0.000568,Kr88,Kr88,2.6145845748603864e+16,1772586000000.0,False,6.77960857355189e-05,2.84 小时,10224.0
Kr88,Kr88,0.000568,Rb88,Rb-88,2728128740670051.5,1772586000000.0002,False,0.0006497442637419809,17.78 分钟,1066.8000000000002
Kr88,Kr88,0.000568,Sr88,Sr-88,1.5026403295107261e+18,0.0,True,0.0,稳定,inf
Kr89,Kr89,0.000428,Kr89,Kr89,364199287077916.56,1335681000000.0,False,0.0036674453997880704,3.15 分钟,189.0
Kr89,Kr89,0.000428,Rb89,Rb-89,1751625142612836.8,1335680999999.9998,False,0.0007625381524311829,15.15 分钟,909.0
Kr89,Kr89,0.000428,Sr89,Sr-89,1.0765296869870296e+18,170918247439.21378,False,1.5876779758631315e-07,50.53 天,4365792.0
Kr89,Kr89,0.000428,Y89,Y-89,0.0,0.0,True,0.0,稳定,inf
Rb81,Rb81,4.06e-09,Rb81,Rb81,301125870357.5565,12670244.999999994,False,4.207624202116995e-05,4.58 小时,16473.6
Rb81,Rb81,4.06e-09,Kr81m,Kr-81m,229140544.3564508,12124284.142949997,False,0.05291199851602636,13.10 秒,13.1
Rb81,Rb81,4.06e-09,Kr81,Kr-81,10186797851614.232,0.9770864130639664,False,9.591693359352706e-14,229151.96 年,7226536072320.0
Rb81,Rb81,4.06e-09,Br81,Br-81,0.0,0.0,True,0.0,稳定,inf
Rb82,Rb82,1.22e-08,Rb82,Rb82,4195396415.882132,38073150.0,False,0.00907498272532005,1.27 分钟,76.38
Rb82,Rb82,1.22e-08,Kr82,Kr-82,32891006203584.117,0.0,True,0.0,稳定,inf
Rb83,Rb83,2.35e-07,Rb83,Rb83,608830565336319.9,56663174.277303495,False,9.306887252942464e-08,86.20 天,7447680.0
Rb83,Rb83,2.35e-07,Kr83m,Kr-83m,395871829513.9836,41651099.34589027,False,0.00010521359753490366,1.83 小时,6588.0
Rb83,Rb83,2.35e-07,Kr83,Kr-83,18033384044428.277,0.0,True,0.0,稳定,inf
Rb84,Rb84,1.35e-06,Rb84,Rb84,3280840073785387.0,803193782.9218032,False,2.4481345169473304e-07,32.77 天,2831328.0000000005
Rb84,Rb84,1.35e-06,Kr84,Kr-84,345553022618457.5,0.0,True,0.0,稳定,inf
Rb84,Rb84,1.35e-06,Sr84,Sr-84,13649703596155.297,0.0,True,0.0,稳定,inf
Rb85,Rb85,1.03e-05,Rb85,Rb85,2.77721784e+16,0.0,True,0.0,稳定,inf
Rb86,Rb86,4.06e-05,Rb86,Rb86,9.142350655191053e+16,39343871193.97884,False,4.303474311788651e-07,18.64 天,1610668.8
Rb86,Rb86,4.06e-05,Sr86,Sr-86,1.8046507877577056e+16,0.0,True,0.0,稳定,inf
Rb86,Rb86,4.06e-05,Kr86,Kr-86,938465332900.6523,0.0,True,0.0,稳定,inf
Rb87,Rb87,0.000169,Rb87,Rb87,4.556534861576773e+17,0.20329918148931367,False,4.461705828339974e-19,49262667139.73 年,1.5535474709184e+18
Rb87,Rb87,0.000169,Sr87,Sr-87,25945842322624.0,0.0,True,0.0,稳定,inf
Rb88,Rb88,0.000249,Rb88,Rb88,1195957845821906.2,777066750000.0,False,0.0006497442637419809,17.78 分钟,1066.8000000000002
Rb88,Rb88,0.000249,Sr88,Sr-88,6.70189714154178e+17,0.0,True,0.0,稳定,inf
Rb89,Rb89,0.000451,Rb89,Rb89,1845754531117732.5,1407458250000.0,False,0.0007625381524311829,15.15 分钟,909.0
Rb89,Rb89,0.000451,Sr89,Sr-89,1.1347152435260032e+18,180156240102.2405,False,1.5876779758631315e-07,50.53 天,4365792.0
Rb89,Rb89,0.000451,Y89,Y-89,7.948292994288045e+16,0.0,True,0.0,稳定,inf
Rb90,Rb90,0.000478,Rb90,Rb90,340030991411667.06,1491718499999.9998,False,0.004387007471898388,2.63 分钟,158.0
Rb90,Rb90,0.000478,Sr90,Sr-90,1.2880802811363758e+18,982725070.1860255,False,7.629377489724798e-10,28.81 年,908523901.8432001
Rb90,Rb90,0.000478,Y90,Y-90,210500427281087.28,632292328.2915126,False,3.0037579327437396e-06,2.67 天,230759.99999999997
Rb90,Rb90,0.000478,Zr90,Zr-90,0.0,0.0,True,0.0,稳定,inf
Sr79,Sr79,4.06e-09,Sr79,Sr79,2467705449.8270044,12670244.999999998,False,0.005134423559703298,2.25 分钟,135.0
Sr79,Sr79,4.06e-09,Rb79,Rb-79,25115757689.3504,12670244.999999996,False,0.0005044739305385337,22.90 分钟,1374.0
Sr79,Sr79,4.06e-09,Kr79,Kr-79,2285584540284.695,12559031.583188538,False,5.4948882274221945e-06,1.46 天,126144.0
Sr79,Sr79,4.06e-09,Br79,Br-79,0.0,0.0,True,0.0,稳定,inf
Sr83,Sr83,4.06e-09,Sr83,Sr83,2120172763911.401,12595493.277153607,False,5.940786284753895e-06,1.35 天,116675.99999999999
Sr83,Sr83,4.06e-09,Rb83,Rb-83,8532009998084.642,794064.5509315161,False,9.306887252942464e-08,86.20 天,7447680.0
Sr83,Sr83,4.06e-09,Kr83m,Kr-83m,5533191870.686298,582167.0225657889,False,0.00010521359753490366,1.83 小时,6588.0
Sr83,Sr83,4.06e-09,Kr83,Kr-83,0.0,0.0,True,0.0,稳定,inf
Sr84,Sr84,8.12e-09,Sr84,Sr84,21894183359999.996,0.0,True,0.0,稳定,inf
Sr85,Sr85,7.31e-08,Sr85,Sr85,186931968352893.75,23128756.90094871,False,1.2372820499747694e-07,64.84 天,5602176.0
Sr85,Sr85,7.31e-08,Rb85,Rb-85,10169608447106.25,0.0,True,0.0,稳定,inf
Sr86,Sr86,1.25e-06,Sr86,Sr86,3370410000000000.5,0.0,True,0.0,稳定,inf
Sr87,Sr87,6.81e-06,Sr87,Sr87,1.836199368e+16,0.0,True,0.0,稳定,inf
Sr88,Sr88,5.33e-05,Sr88,Sr88,1.437142824e+17,0.0,True,0.0,稳定,inf
Sr89,Sr89,0.000106,Sr89,Sr89,2.6707410726468173e+17,42402767802.74428,False,1.5876779758631315e-07,50.53 天,4365792.0
Sr89,Sr89,0.000106,Y89,Y-89,1.873666073531827e+16,0.0,True,0.0,稳定,inf
Sr90,Sr90,0.000271,Sr90,Sr90,7.304641085364934e+17,557298642.6720215,False,7.629377489724798e-10,28.81 年,908523901.8432001
Sr90,Sr90,0.000271,Y90,Y-90,119387579886504.62,358611390.1551652,False,3.0037579327437396e-06,2.67 天,230759.99999999997
Sr90,Sr90,0.000271,Zr90,Zr-90,121391883852029.42,0.0,True,0.0,稳定,inf
Sr91,Sr91,0.000347,Sr91,Sr91,5.416163513177007e+16,1082900215936.9708,False,1.999386121379789e-05,9.63 小时,34668.0
Sr91,Sr91,0.000347,Y91m,Y-91m,2714135675161402.0,630756886909.1697,False,0.00023239696256955185,49.71 分钟,2982.6
Sr91,Sr91,0.000347,Y91,Y-91,4.8328565933357485e+17,66265202405.27926,False,1.3711394312145624e-07,58.51 天,5055264.0
Sr91,Sr91,0.000347,Zr91,Zr-91,0.0,0.0,True,0.0,稳定,inf
Sr92,Sr92,0.000538,Sr92,Sr92,2.3195296651155532e+16,1678963499999.9998,False,7.238379078529086e-05,2.66 小时,9576.0
Sr92,Sr92,0.000538,Y92,Y-92,3.08689286259739e+16,1678963499999.9995,False,5.439008008160274e-05,3.54 小时,12744.0
Sr92,Sr92,0.000538,Zr92,Zr-92,1.3965602387228703e+18,0.0,True,0.0,稳定,inf
Sr93,Sr93,0.000432,Sr93,Sr93,866259431128237.6,1348164000000.0,False,0.001556305133952906,7.42 分钟,445.38
Sr93,Sr93,0.000432,Y93,Y-93,7.127997005116887e+16,1348163890836.1997,False,1.891364277886775e-05,10.18 小时,36648.0
Sr93,Sr93,0.000432,Zr93,Zr-93,1.0926674646440173e+18,15686.546794738248,False,1.4356194635893918e-14,1531015.25 年,48282096902400.0
Sr93,Sr93,0.000432,Nb93m,Nb-93m,0.0,0.0,False,1.3617469183457963e-09,16.14 年,509013217.6704
Sr93,Sr93,0.000432,Nb93,Nb-93,0.0,0.0,True,0.0,稳定,inf
Sr94,Sr94,0.000447,Sr94,Sr94,151543047812939.5,1394975250000.0,False,0.009205141840105515,1.25 分钟,75.3
Sr94,Sr94,0.000447,Y94,Y-94,2258051788129058.5,1394975250000.0,False,0.0006177782357931777,18.70 分钟,1122.0
Sr94,Sr94,0.000447,Zr94,Zr-94,1.2028490211640579e+18,0.0,True,0.0,稳定,inf
Y81,Y81,3.33e-07,Y81,Y81,105548097794.89955,1039209749.9999999,False,0.009845840632953767,1.17 分钟,70.4
Y81,Y81,3.33e-07,Sr81,Sr-81,2006013563204.1985,1039209749.9999998,False,0.0005180472201494359,22.30 分钟,1338.0
Y81,Y81,3.33e-07,Rb81,Rb-81,24662689396973.52,1037713287.9599998,False,4.207624202116995e-05,4.58 小时,16473.6
Y81,Y81,3.33e-07,Kr81m,Kr-81m,0.0,0.0,False,0.05291199851602636,13.10 秒,13.1
Y81,Y81,3.33e-07,Kr81,Kr-81,0.0,0.0,False,9.591693359352706e-14,229151.96 年,7226536072320.0
Y81,Y81,3.33e-07,Rb81m,Rb-81m,3956893237.9380903,1498748.30145,False,0.00037876895112565315,30.50 分钟,1830.0
Y83,Y83,2.44e-08,Y83,Y83,46666781813.73998,76146300.0,False,0.001631702402448082,7.08 分钟,424.8
Y83,Y83,2.44e-08,Sr83,Sr-83,12741648655021.873,75695411.57490686,False,5.940786284753895e-06,1.35 天,116675.99999999999
Y83,Y83,2.44e-08,Rb83,Rb-83,51232650951194.8,4768165.060721255,False,9.306887252942464e-08,86.20 天,7447680.0
Y83,Y83,2.44e-08,Kr83m,Kr-83m,0.0,0.0,False,0.00010521359753490366,1.83 小时,6588.0
Y83,Y83,2.44e-08,Kr83,Kr-83,0.0,0.0,True,0.0,稳定,inf
Y87,Y87,4.87e-08,Y87,Y87,55156703753689.94,133081710.16377865,False,2.412793026176362e-06,3.33 天,287280.0
Y87,Y87,4.87e-08,Sr87m,Sr-87m,1935587462396.3997,132390664.32674596,False,6.839818241167804e-05,2.81 小时,10134.0
Y87,Y87,4.87e-08,Sr87,Sr-87,73996225736761.94,0.0,True,0.0,稳定,inf
Y87,Y87,4.87e-08,Rb87,Rb-87,222634217047.8596,9.93328383790342e-08,False,4.461705828339974e-19,49262667139.73 年,1.5535474709184e+18
Y88,Y88,6.33e-07,Y88,Y88,1652493955324156.0,124305612.6418723,False,7.522303621224945e-08,106.65 天,9214560.0
Y88,Y88,6.33e-07,Sr88,Sr-88,54281668675844.0,0.0,True,0.0,稳定,inf
Y89,Y89,7.97e-06,Y89,Y89,2.148973416e+16,0.0,True,0.0,稳定,inf
Y90,Y90,2.62e-05,Y90,Y90,2.5189059455187904e+16,75661837156.87437,False,3.0037579327437396e-06,2.67 天,230759.99999999997
Y90,Y90,2.62e-05,Zr90,Zr-90,4.54547341448121e+16,0.0,True,0.0,稳定,inf
Y91,Y91,9.2e-05,Y91,Y91,2.3393209830800214e+17,32075352421.686314,False,1.3711394312145624e-07,58.51 天,5055264.0
Y91,Y91,9.2e-05,Zr91,Zr-91,1.4130077691997856e+16,0.0,True,0.0,稳定,inf
Y92,Y92,0.000181,Y92,Y92,1.03852715265823e+16,564855750000.0,False,5.439008008160274e-05,3.54 小时,12744.0
Y92,Y92,0.000181,Zr92,Zr-92,4.776500964734177e+17,0.0,True,0.0,稳定,inf
Y93,Y93,0.000355,Y93,Y93,5.857497544691133e+16,1107866161383.8303,False,1.891364277886775e-05,10.18 小时,36648.0
Y93,Y93,0.000355,Zr93,Zr-93,8.986214630050871e+17,12900.784626892777,False,1.4356194635893918e-14,1531015.25 年,48282096902400.0
Y93,Y93,0.000355,Nb93m,Nb-93m,5121104328.8664875,6.973648038361256,False,1.3617469183457963e-09,16.14 年,509013217.6704
Y93,Y93,0.000355,Nb93,Nb-93,0.0,0.0,True,0.0,稳定,inf
Y94,Y94,0.000429,Y94,Y94,2167123528204398.5,1338801750000.0,False,0.0006177782357931777,18.70 分钟,1122.0
Y94,Y94,0.000429,Zr94,Zr-94,1.1545575884717957e+18,0.0,True,0.0,稳定,inf
Y95,Y95,0.000518,Y95,Y95,1441291259661412.2,1616548500000.0,False,0.001121597379546837,10.30 分钟,618.0
Y95,Y95,0.000518,Zr95,Zr-95,1.3224635021740367e+18,165690781621.15497,False,1.2528949294159802e-07,64.03 天,5532364.8
Y95,Y95,0.000518,Nb95,Nb-95,6.744385224273974e+16,15463141589.63515,False,2.292742937337145e-07,34.99 天,3023222.4
Y95,Y95,0.000518,Mo95,Mo-95,0.0,0.0,True,0.0,稳定,inf
Y95,Y95,0.000518,Nb95m,Nb-95m,452988815019199.2,1006681286.4078323,False,2.2223093662150703e-06,3.61 天,311904.0
Zr85,Zr85,4.06e-09,Zr85,Zr85,8620517704.729004,12670244.999999998,False,0.0014697777365562876,7.86 分钟,471.6
Zr85,Zr85,4.06e-09,Y85m,Y-85m,309711682252.83887,12269991.960449982,False,3.9617465738451376e-05,4.86 小时,17496.0
Zr85,Zr85,4.06e-09,Sr85,Sr-85,9376879590260.717,1160184.4801804356,False,1.2372820499747694e-07,64.84 天,5602176.0
Zr85,Zr85,4.06e-09,Rb85,Rb-85,0.0,0.0,True,0.0,稳定,inf
Zr85,Zr85,4.06e-09,Sr85m,Sr-85m,2873080079.657885,490775.13843407907,False,0.00017081846827343518,1.13 小时,4057.7999999999997
Zr85,Zr85,4.06e-09,Y85,Y-85,5570818072.738212,400227.69905999996,False,7.184361324211705e-05,2.68 小时,9648.0
Zr89,Zr89,4.87e-08,Zr89,Zr89,54475182935871.05,133767374.70591286,False,2.45556540605629e-06,3.27 天,282276.0
Zr89,Zr89,4.87e-08,Y89,Y-89,76835990664128.95,0.0,True,0.0,稳定,inf
Zr90,Zr90,7.71e-07,Zr90,Zr90,2078868888000000.0,0.0,True,0.0,稳定,inf
Zr91,Zr91,3.8e-06,Zr91,Zr91,1.02460464e+16,0.0,True,0.0,稳定,inf
Zr92,Zr92,2.14e-05,Zr92,Zr92,5.770141919999999e+16,0.0,True,0.0,稳定,inf
Zr93,Zr93,5.88e-05,Zr93,Zr93,1.5854408603062166e+17,2276.0897574255146,False,1.4356194635893918e-14,1531015.25 年,48282096902400.0
Zr93,Zr93,5.88e-05,Nb93m,Nb-93m,958319443.2437619,1.304988548628052,False,1.3617469183457963e-09,16.14 年,509013217.6704
Zr93,Zr93,5.88e-05,Nb93,Nb-93,-1397754667.9687498,0.0,True,0.0,稳定,inf
Zr94,Zr94,0.000175,Zr94,Zr94,4.718574e+17,0.0,True,0.0,稳定,inf
Zr95,Zr95,0.000275,Zr95,Zr95,7.027667821054173e+17,88049293786.18625,False,1.2528949294159802e-07,64.03 天,5532364.8
Zr95,Zr95,0.000275,Nb95,Nb-95,3.5875394466311948e+16,8225305728.682081,False,2.292742937337145e-07,34.99 天,3023222.4
Zr95,Zr95,0.000275,Mo95,Mo-95,1.6248571427954428e+16,0.0,True,0.0,稳定,inf
Zr95,Zr95,0.000275,Nb95m,Nb-95m,240857011366229.38,535258792.2777412,False,2.2223093662150703e-06,3.61 天,311904.0
Zr97,Zr97,0.000433,Zr97,Zr97,1.175065548864027e+17,1351219296079.8975,False,1.149909719833216e-05,16.74 小时,60278.4
Zr97,Zr97,0.000433,Nb97,Nb-97,8433061471722471.0,1351214235463.0452,False,0.00016022819707811958,1.20 小时,4326.0
Zr97,Zr97,0.000433,Mo97,Mo-97,1.0415704076418748e+18,0.0,True,0.0,稳定,inf
Nb87,Nb87,1.25e-06,Nb87,Nb87,1266269216865.2532,3900937500.0000005,False,0.003080654135821979,3.75 分钟,225.0
Nb87,Nb87,1.25e-06,Zr87,Zr-87,34037316549338.004,3900937500.0000005,False,0.0001146076687433772,1.68 小时,6048.0
Nb87,Nb87,1.25e-06,Y87m,Y-87m,270077280078411.9,3889373082.765102,False,1.440096361173326e-05,13.37 小时,48132.0
Nb87,Nb87,1.25e-06,Y87,Y-87,0.0,0.0,False,2.412793026176362e-06,3.33 天,287280.0
Nb87,Nb87,1.25e-06,Sr87,Sr-87,0.0,0.0,True,0.0,稳定,inf
Nb88,Nb88,1.38e-07,Nb88,Nb88,540545003295.4392,430663500.0,False,0.0007967208971953394,14.50 分钟,870.0
Nb88,Nb88,1.38e-07,Zr88,Zr-88,356552829914697.06,34298059.993122436,False,9.619348695487293e-08,83.40 天,7205760.000000001
Nb88,Nb88,1.38e-07,Y88,Y-88,14678421312700.621,1104155.4179439328,False,7.522303621224945e-08,106.65 天,9214560.0
Nb88,Nb88,1.38e-07,Sr88,Sr-88,0.0,0.0,True,0.0,稳定,inf
Nb89,Nb89,8.53e-08,Nb89,Nb89,2806603664936.58,266199975.0,False,9.484772585658803e-05,2.03 小时,7307.999999999999
Nb89,Nb89,8.53e-08,Zr89,Zr-89,93902723397912.62,230584279.1103868,False,2.45556540605629e-06,3.27 天,282276.0
Nb89,Nb89,8.53e-08,Y89,Y-89,224305576034655.1,0.0,True,0.0,稳定,inf
Nb89,Nb89,8.53e-08,Zr89m,Zr-89m,1177224100.491445,3268403.29305,False,0.0027763645780659514,4.16 分钟,249.65999999999997
Nb90,Nb90,2.03e-08,Nb90,Nb90,4803745848637.428,63350511.6268945,False,1.3187731745813266e-05,14.60 小时,52560.0
Nb90,Nb90,2.03e-08,Zr90,Zr-90,49931712551362.57,0.0,True,0.0,稳定,inf
Nb91,Nb91,2.84e-08,Nb91,Nb91,76574646655347.86,2473.4711960076984,False,3.2301437930761316e-11,680.45 年,21458709734.4
Nb91,Nb91,2.84e-08,Zr91,Zr-91,1068544652.140625,0.0,True,0.0,稳定,inf
Nb92,Nb92,2.27e-07,Nb92,Nb92,612066462057599.0,0.38743591489581736,False,6.329964781820661e-16,34723025.59 年,1095025334976000.1
Nb92,Nb92,2.27e-07,Zr92,Zr-92,-6057599.0,0.0,True,0.0,稳定,inf
Nb93,Nb93,2.12e-06,Nb93,Nb93,5716215360000000.0,0.0,True,0.0,稳定,inf
Nb94,Nb94,9.9e-06,Nb94,Nb94,2.669363472316652e+16,28883.009552049723,False,1.0820186104885565e-12,20313.47 年,640605599424.0
Nb94,Nb94,9.9e-06,Mo94,Mo-94,12476833480.0,0.0,True,0.0,稳定,inf
Nb95,Nb95,4.39e-05,Nb95,Nb95,1.0738206471406482e+17,24619947046.985233,False,2.292742937337145e-07,34.99 天,3023222.4
Nb95,Nb95,4.39e-05,Mo95,Mo-95,1.09867344859352e+16,0.0,True,0.0,稳定,inf
Nb96,Nb96,0.000103,Nb96,Nb96,3.895025412679653e+16,321178430050.94446,False,8.245862247917504e-06,23.35 小时,84060.0
Nb96,Nb96,0.000103,Mo96,Mo-96,2.3877152987320346e+17,0.0,True,0.0,稳定,inf
Nb97,Nb97,0.000249,Nb97,Nb97,4849750319671509.0,777066750000.0,False,0.00016022819707811958,1.20 小时,4326.0
Nb97,Nb97,0.000249,Mo97,Mo-97,6.665359216803284e+17,0.0,True,0.0,稳定,inf
Nb99,Nb99,0.000477,Nb99,Nb99,32213888877052.035,1488597750000.0,False,0.046209812037329684,15.00 秒,15.0
Nb99,Nb99,0.000477,Mo99,Mo-99,4.6889876081760864e+17,1369156531311.1985,False,2.9199406049268075e-06,2.75 天,237384.0
Nb99,Nb99,0.000477,Tc99m,Tc-99m,3.7195831526840264e+16,1190643102956.1306,False,3.20101219432874e-05,6.01 小时,21654.0
Nb99,Nb99,0.000477,Tc99,Tc-99,0.0,0.0,False,1.0405010797213499e-13,211240.08 年,6661667095488.0
Nb99,Nb99,0.000477,Ru99,Ru-99,0.0,0.0,True,0.0,稳定,inf
Mo89,Mo89,8.08e-07,Mo89,Mo89,460551906655.83624,2521566000.0,False,0.005475096212953754,2.11 分钟,126.6
Mo89,Mo89,8.08e-07,Nb89,Nb-89,26585413379469.594,2521565999.9999995,False,9.484772585658803e-05,2.03 小时,7307.999999999999
Mo89,Mo89,8.08e-07,Zr89,Zr-89,889432880604421.1,2184060612.621211,False,2.45556540605629e-06,3.27 天,282276.0
Mo89,Mo89,8.08e-07,Y89,Y-89,0.0,0.0,True,0.0,稳定,inf
Mo89,Mo89,8.08e-07,Zr89m,Zr-89m,11151196637.71498,30959787.348000005,False,0.0027763645780659514,4.16 分钟,249.65999999999997
Mo90,Mo90,1.66e-07,Mo90,Mo90,14959562705892.293,518044499.99994755,False,3.462965530375426e-05,5.56 小时,20016.0
Mo90,Mo90,1.66e-07,Nb90,Nb-90,39281590544407.51,518035078.6485211,False,1.3187731745813266e-05,14.60 小时,52560.0
Mo90,Mo90,1.66e-07,Zr90,Zr-90,393349294749700.2,0.0,True,0.0,稳定,inf
Mo91,Mo91,3.25e-08,Mo91,Mo91,135993937173.41652,101424375.0,False,0.0007458007107380518,15.49 分钟,929.4
Mo91,Mo91,3.25e-08,Nb91,Nb-91,87463699273887.02,2825.203253290235,False,3.2301437930761316e-11,680.45 年,21458709734.4
Mo91,Mo91,3.25e-08,Zr91,Zr-91,4789796941029.878,0.0,True,0.0,稳定,inf
Mo91,Mo91,3.25e-08,Nb91m,Nb-91m,28310973129.447968,3731.939272355731,False,1.3181953355301354e-07,60.86 天,5258304.0
Mo92,Mo92,1.62e-08,Mo92,Mo92,43680513600000.0,0.0,True,0.0,稳定,inf
Mo93,Mo93,1.22e-08,Mo93,Mo93,32895123565776.484,180.635164654391,False,5.491244448229424e-12,4002.65 年,126227704320.00002
Mo93,Mo93,1.22e-08,Nb93m,Nb-93m,68643395.88172777,0.09347493280673332,False,1.3617469183457963e-09,16.14 年,509013217.6704
Mo93,Mo93,1.22e-08,Nb93,Nb-93,26584.27954101562,0.0,True,0.0,稳定,inf
Mo94,Mo94,1.3e-07,Mo94,Mo94,350522640000000.0,0.0,True,0.0,稳定,inf
Mo95,Mo95,8e-07,Mo95,Mo95,2157062400000000.0,0.0,True,0.0,稳定,inf
Mo96,Mo96,7.12e-06,Mo96,Mo96,1.919785536e+16,0.0,True,0.0,稳定,inf
Mo97,Mo97,2.11e-05,Mo97,Mo97,5.689252080000001e+16,0.0,True,0.0,稳定,inf
Mo98,Mo98,8.44e-05,Mo98,Mo98,2.2757008320000003e+17,0.0,True,0.0,稳定,inf
Mo99,Mo99,0.00014,Mo99,Mo99,1.3762303643752274e+17,401851092267.2442,False,2.9199406049268075e-06,2.75 天,237384.0
Mo99,Mo99,0.00014,Tc99m,Tc-99m,1.0917082346919782e+16,349457137189.8124,False,3.20101219432874e-05,6.01 小时,21654.0
Mo99,Mo99,0.00014,Tc99,Tc-99,1.995066380350841e+17,20758.687228708153,False,1.0405010797213499e-13,211240.08 年,6661667095488.0
Mo99,Mo99,0.00014,Ru99,Ru-99,0.0,0.0,True,0.0,稳定,inf
Mo101,Mo101,0.000368,Mo101,Mo101,1452388505406228.0,1148436000000.0,False,0.0007907223141226847,14.61 分钟,876.5999999999999
Mo101,Mo101,0.000368,Tc101,Tc-101,1411630169525561.0,1148436000000.0002,False,0.0008135530288262268,14.20 分钟,852.0
Mo101,Mo101,0.000368,Ru101,Ru-101,9.893846853250682e+17,0.0,True,0.0,稳定,inf
Mo102,Mo102,0.000653,Mo102,Mo102,1993317103856430.2,2037849750000.0002,False,0.0010223409742772054,11.30 分钟,678.0
Mo102,Mo102,0.000653,Tc102,Tc-102,15523177445961.582,2037849750000.0005,False,0.13127787510605024,5.28 秒,5.28
Mo102,Mo102,0.000653,Ru102,Ru-102,1.7586933437186977e+18,0.0,True,0.0,稳定,inf
Tc91,Tc91,9.22e-06,Tc91,Tc91,7820694793306.147,28773315000.0,False,0.0036791251622077773,3.14 分钟,188.4
Tc91,Tc91,9.22e-06,Mo91,Mo-91,38311142440484.39,28572477261.3,False,0.0007458007107380518,15.49 分钟,929.4
Tc91,Tc91,9.22e-06,Nb91,Nb-91,2.463182224147587e+16,795643.277254579,False,3.2301437930761316e-11,680.45 年,21458709734.4
Tc91,Tc91,9.22e-06,Zr91,Zr-91,0.0,0.0,True,0.0,稳定,inf
Tc91,Tc91,9.22e-06,Nb91m,Nb-91m,7984063815523.791,1052455.5680198397,False,1.3181953355301354e-07,60.86 天,5258304.0
Tc91,Tc91,9.22e-06,Mo91m,Mo-91m,18714745803.01526,200806088.05349997,False,0.010729832516407823,1.08 分钟,64.6
Tc92,Tc92,2.85e-06,Tc92,Tc92,3272039656379.8135,8894137500.0,False,0.0027182242374899817,4.25 分钟,255.0
Tc92,Tc92,2.85e-06,Mo92,Mo-92,7681262760343620.0,0.0,True,0.0,稳定,inf
Tc93,Tc93,5.52e-07,Tc93,Tc93,24604117391378.61,1722654000.0,False,7.00148667232268e-05,2.75 小时,9900.0
Tc93,Tc93,5.52e-07,Mo93,Mo-93,1463765522682498.8,8037.894299939911,False,5.491244448229424e-12,4002.65 年,126227704320.00002
Tc93,Tc93,5.52e-07,Nb93m,Nb-93m,3004864423.123832,4.091864868235797,False,1.3617469183457963e-09,16.14 年,509013217.6704
Tc93,Tc93,5.52e-07,Nb93,Nb-93,0.0,0.0,True,0.0,稳定,inf
Tc94,Tc94,8.93e-08,Tc94,Tc94,7068118918902.956,278682974.9999996,False,3.942816726734615e-05,4.88 小时,17580.0
Tc94,Tc94,8.93e-08,Mo94,Mo-94,233713971481097.03,0.0,True,0.0,稳定,inf
Tc95,Tc95,3.25e-08,Tc95,Tc95,10532787774972.146,101399613.18969725,False,9.627044174443684e-06,20.00 小时,72000.0
Tc95,Tc95,3.25e-08,Mo95,Mo-95,77097872225027.86,0.0,True,0.0,稳定,inf
Tc96,Tc96,2.44e-08,Tc96,Tc96,32580427608993.27,61069551.365662545,False,1.8744244887935522e-06,4.28 天,369792.0
Tc96,Tc96,2.44e-08,Mo96,Mo-96,33209975591006.73,0.0,True,0.0,稳定,inf
Tc97,Tc97,3.61e-07,Tc97,Tc97,973374407383585.0,8.223133554759565,False,8.448068381891422e-15,2601725.26 年,82048007808000.0
Tc97,Tc97,3.61e-07,Mo97,Mo-97,616415.0,0.0,True,0.0,稳定,inf
Tc98,Tc98,1.91e-06,Tc98,Tc98,5149986434559290.0,26.933175635457662,False,5.2297566173613555e-15,4202786.96 年,132539089536000.02
Tc98,Tc98,1.91e-06,Ru98,Ru-98,45440710.0,0.0,True,0.0,稳定,inf
Tc99,Tc99,1.17e-05,Tc99,Tc99,3.1547036177796468e+16,3282.472520500571,False,1.0405010797213499e-13,211240.08 年,6661667095488.0
Tc99,Tc99,1.17e-05,Ru99,Ru-99,1422203532.0,0.0,True,0.0,稳定,inf
Tc101,Tc101,0.000119,Tc101,Tc101,456478234167232.94,371369250000.0,False,0.0008135530288262268,14.20 分钟,852.0
Tc101,Tc101,0.000119,Ru101,Ru-101,3.2040655376583277e+17,0.0,True,0.0,稳定,inf
Tc102,Tc102,0.000202,Tc102,Tc102,4801963007785.971,630391500000.0,False,0.13127787510605024,5.28 秒,5.28
Tc102,Tc102,0.000202,Ru102,Ru-102,5.446534540369922e+17,0.0,True,0.0,稳定,inf
Tc104,Tc104,0.000487,Tc104,Tc104,2407491816026628.5,1519805250000.0,False,0.000631281585209422,18.30 分钟,1098.0
Tc104,Tc104,0.000487,Ru104,Ru-104,1.3107042441839734e+18,0.0,True,0.0,稳定,inf
Tc105,Tc105,0.000718,Tc105,Tc105,1474085944019266.8,2240698500000.0,False,0.001520059606491108,7.60 分钟,456.0
Tc105,Tc105,0.000718,Ru105,Ru-105,5.1670591511412184e+16,2240698499999.9995,False,4.336506384884542e-05,4.44 小时,15984.000000000002
Tc105,Tc105,0.000718,Rh105,Rh-105,4.0722696211443974e+17,2217416263178.8555,False,5.445160732151406e-06,1.47 天,127296.0
Tc105,Tc105,0.000718,Pd105,Pd-105,0.0,0.0,True,0.0,稳定,inf
Ru92,Ru92,4.87e-05,Ru92,Ru92,48018279390695.05,151980525000.0,False,0.003165055618995184,3.65 分钟,219.0
Ru92,Ru92,4.87e-05,Tc92,Tc-92,55911695180946.28,151980525000.0,False,0.0027182242374899817,4.25 分钟,255.0
Ru92,Ru92,4.87e-05,Mo92,Mo-92,1.3120724362542835e+17,0.0,True,0.0,稳定,inf
Ru94,Ru94,9.51e-06,Ru94,Ru94,133074561935728.47,29678332500.0,False,0.00022302032836549077,51.80 分钟,3108.0
Ru94,Ru94,9.51e-06,Tc94m,Tc-94m,133588363333163.7,29678332500.0,False,0.00022216255787177734,52.00 分钟,3120.0
Ru94,Ru94,9.51e-06,Mo94,Mo-94,2.5375416354731108e+16,0.0,True,0.0,稳定,inf
Ru95,Ru95,8.93e-07,Ru95,Ru95,23780722287558.176,2786829750.0,False,0.0001171886083316334,1.64 小时,5914.8
Ru95,Ru95,8.93e-07,Tc95,Tc-95,281840192580387.75,2713287984.105108,False,9.627044174443684e-06,20.00 小时,72000.0
Ru95,Ru95,8.93e-07,Mo95,Mo-95,125856125319489.9,0.0,True,0.0,稳定,inf
Ru95,Ru95,8.93e-07,Tc95m,Tc-95m,58920366905119.914,7749029.71270518,False,1.3151699691862958e-07,61.00 天,5270400.0
Ru96,Ru96,3.13e-07,Ru96,Ru96,843950664000000.0,0.0,True,0.0,稳定,inf
Ru97,Ru97,5.28e-08,Ru97,Ru97,54106475079870.71,149679720.03372175,False,2.766392004150484e-06,2.90 天,250560.0
Ru97,Ru97,5.28e-08,Tc97,Tc-97,88222574449231.62,0.7453103417736158,False,8.448068381891422e-15,2601725.26 年,82048007808000.0
Ru97,Ru97,5.28e-08,Mo97,Mo-97,-2573537.410125,0.0,True,0.0,稳定,inf
Ru97,Ru97,5.28e-08,Tc97m,Tc-97m,36138519763.6777,3217.7869604507155,False,8.9040364173545e-08,90.10 天,7784639.999999999
Ru98,Ru98,2.84e-08,Ru98,Ru98,76575715200000.0,0.0,True,0.0,稳定,inf
Ru99,Ru99,8.53e-08,Ru99,Ru99,229996778400000.0,0.0,True,0.0,稳定,inf
Ru100,Ru100,9.95e-07,Ru100,Ru100,2682846360000000.0,0.0,True,0.0,稳定,inf
Ru101,Ru101,3.93e-06,Ru101,Ru101,1.0596569039999998e+16,0.0,True,0.0,稳定,inf
Ru102,Ru102,2.6e-05,Ru102,Ru102,7.0104528e+16,0.0,True,0.0,稳定,inf
Ru103,Ru103,5.91e-05,Ru103,Ru103,1.4607843624094832e+17,29850219872.33114,False,2.0434378023526244e-07,39.26 天,3392064.0
Ru103,Ru103,5.91e-05,Rh103m,Rh-103m,142450274652210.5,29326907796.381638,False,0.00020587470166682863,56.11 分钟,3366.8399999999997
Ru103,Ru103,5.91e-05,Rh103,Rh-103,1.2966830154839216e+16,0.0,True,0.0,稳定,inf
Ru104,Ru104,0.00021,Ru104,Ru104,5.6622888e+17,0.0,True,0.0,稳定,inf
Ru105,Ru105,0.000288,Ru105,Ru105,2.0725808294271184e+16,898776000000.0,False,4.336506384884542e-05,4.44 小时,15984.000000000002
Ru105,Ru105,0.000288,Rh105,Rh-105,1.633506633525927e+17,889470617658.4215,False,5.445160732151406e-06,1.47 天,127296.0
Ru105,Ru105,0.000288,Pd105,Pd-105,5.924659923531361e+17,0.0,True,0.0,稳定,inf
Ru106,Ru106,0.000617,Ru106,Ru106,1.648296107483449e+18,35395798065.8537,False,2.1474174394487017e-08,1.02 年,32278175.999999996
Ru106,Ru106,0.000617,Rh106,Rh-106,1521672180322.0442,35394053071.36676,False,0.023259972502011585,29.80 秒,29.8
Ru106,Ru106,0.000617,Pd106,Pd-106,1.533674684437717e+16,0.0,True,0.0,稳定,inf
Ru107,Ru107,0.000555,Ru107,Ru107,562223532288172.4,1732016250000.0002,False,0.003080654135821979,3.75 分钟,225.0
Ru107,Ru107,0.000555,Rh107,Rh-107,3253400173507558.0,1732016250000.0005,False,0.0005323711064208489,21.70 分钟,1302.0
Ru107,Ru107,0.000555,Pd107,Pd-107,1.492646403976794e+18,5043.991556312114,False,3.3792273527565687e-15,6504313.15 年,205120019520000.0
Ru107,Ru107,0.000555,Ag107,Ag-107,0.0,0.0,True,0.0,稳定,inf
Ru108,Ru108,0.000767,Ru108,Ru108,942739120315136.6,2393615250000.0,False,0.002539000661391741,4.55 分钟,273.0
Ru108,Ru108,0.000767,Rh108,Rh-108,58014715096316.1,2393615250000.0,False,0.04125876074761579,16.80 秒,16.8
Ru108,Ru108,0.000767,Pd108,Pd-108,2.0670828221645885e+18,0.0,True,0.0,稳定,inf
Rh94,Rh94,3.24e-05,Rh94,Rh94,10298719493071.125,101112300000.0,False,0.009817948733143702,1.18 分钟,70.6
Rh94,Rh94,3.24e-05,Ru94,Ru-94,453377056437182.2,101112300000.00002,False,0.00022302032836549077,51.80 分钟,3108.0
Rh94,Rh94,3.24e-05,Tc94m,Tc-94m,455127547002576.7,101112300000.0,False,0.00022216255787177734,52.00 分钟,3120.0
Rh94,Rh94,3.24e-05,Mo94,Mo-94,0.0,0.0,True,0.0,稳定,inf
Rh95,Rh95,1.08e-05,Rh95,Rh95,14645771063800.865,33704100000.0,False,0.0023012854600263787,5.02 分钟,301.2
Rh95,Rh95,1.08e-05,Ru95,Ru-95,287605599894320.6,33704100000.000004,False,0.0001171886083316334,1.64 小时,5914.8
Rh95,Rh95,1.08e-05,Tc95,Tc-95,3408589784677249.5,32814644429.645367,False,9.627044174443684e-06,20.00 小时,72000.0
Rh95,Rh95,1.08e-05,Mo95,Mo-95,0.0,0.0,True,0.0,稳定,inf
Rh95,Rh95,1.08e-05,Tc95m,Tc-95m,712244739894402.2,93672289.26200223,False,1.3151699691862958e-07,61.00 天,5270400.0
Rh96,Rh96,2.18e-06,Rh96,Rh96,5830106077522.323,6803235000.0,False,0.0011669144453871133,9.90 分钟,594.0
Rh96,Rh96,2.18e-06,Ru96,Ru-96,5872164933922478.0,0.0,True,0.0,稳定,inf
Rh97,Rh97,4.51e-07,Rh97,Rh97,3740241855136.263,1407458250.0,False,0.00037630140095545346,30.70 分钟,1842.0
Rh97,Rh97,4.51e-07,Ru97,Ru-97,461814275471483.1,1277559319.06686,False,2.766392004150484e-06,2.90 天,250560.0
Rh97,Rh97,4.51e-07,Tc97,Tc-97,750174206669233.0,6.337522996272829,False,8.448068381891422e-15,2601725.26 年,82048007808000.0
Rh97,Rh97,4.51e-07,Mo97,Mo-97,0.0,0.0,True,0.0,稳定,inf
Rh97,Rh97,4.51e-07,Tc97m,Tc-97m,307323913518.0643,27364.23317888749,False,8.9040364173545e-08,90.10 天,7784639.999999999
Rh98,Rh98,1.71e-07,Rh98,Rh98,401883458971.8265,533648249.99999994,False,0.0013278681619922324,8.70 分钟,522.0
Rh98,Rh98,1.71e-07,Ru98,Ru-98,460670204541028.2,0.0,True,0.0,稳定,inf
Rh99,Rh99,1.62e-08,Rh99,Rh99,35493519469184.04,17686215.31243849,False,4.982942119277268e-07,16.10 天,1391040.0000000002
Rh99,Rh99,1.62e-08,Ru99,Ru-99,8186994130815.961,0.0,True,0.0,稳定,inf
Rh100,Rh100,8.12e-09,Rh100,Rh100,2736587606123.647,25331970.934026387,False,9.256773244657388e-06,20.80 小时,74880.0
Rh100,Rh100,8.12e-09,Ru100,Ru-100,19157595753876.348,0.0,True,0.0,稳定,inf
Rh101,Rh101,3.25e-08,Rh101,Rh101,87379167789016.0,581600.4484998079,False,6.6560538766417264e-09,3.30 年,104137856.064
Rh101,Rh101,3.25e-08,Ru101,Ru-101,251492210984.0,0.0,True,0.0,稳定,inf
Rh102,Rh102,2.15e-07,Rh102,Rh102,570112043541114.9,22095385.77919756,False,3.875621648326765e-08,207.00 天,17884800.0
Rh102,Rh102,2.15e-07,Ru102,Ru-102,7486811637930.375,0.0,True,0.0,稳定,inf
Rh102,Rh102,2.15e-07,Pd102,Pd-102,2111664820954.7188,0.0,True,0.0,稳定,inf
Rh103,Rh103,2.4e-06,Rh103,Rh103,6471187200000000.0,0.0,True,0.0,稳定,inf
Rh104,Rh104,9.22e-06,Rh104,Rh104,1755920327796.4438,28773315000.000004,False,0.016386458169265847,42.30 秒,42.3
Rh104,Rh104,9.22e-06,Pd104,Pd-104,2.4746525492593684e+16,0.0,True,0.0,稳定,inf
Rh104,Rh104,9.22e-06,Ru104,Ru-104,111862747078524.9,0.0,True,0.0,稳定,inf
Rh105,Rh105,4.49e-05,Rh105,Rh105,2.550027617103317e+16,138853102465.526,False,5.445160732151406e-06,1.47 天,127296.0
Rh105,Rh105,4.49e-05,Pd105,Pd-105,9.556485102896683e+16,0.0,True,0.0,稳定,inf
Rh106,Rh106,0.0001,Rh106,Rh106,13416825835585.615,312075000000.0,False,0.023259972502011585,29.80 秒,29.8
Rh106,Rh106,0.0001,Pd106,Pd-106,2.696193831741644e+17,0.0,True,0.0,稳定,inf
Rh107,Rh107,0.000287,Rh107,Rh107,1682388918552556.5,895655250000.0,False,0.0005323711064208489,21.70 分钟,1302.0
Rh107,Rh107,0.000287,Pd107,Pd-107,7.72163740711057e+17,2609.316833417635,False,3.3792273527565687e-15,6504313.15 年,205120019520000.0
Rh107,Rh107,0.000287,Ag107,Ag-107,55978453125.0,0.0,True,0.0,稳定,inf
Rh108,Rh108,0.000381,Rh108,Rh108,28818261345106.176,1189005750000.0,False,0.04125876074761579,16.80 秒,16.8
Rh108,Rh108,0.000381,Pd108,Pd-108,1.0272721497386548e+18,0.0,True,0.0,稳定,inf
Rh109,Rh109,0.000682,Rh109,Rh109,245644972345486.94,2128351500000.0,False,0.008664339756999316,1.33 分钟,80.0
Rh109,Rh109,0.000682,Pd109,Pd-109,1.514525813183543e+17,2128340131791.8447,False,1.4052848180369142e-05,13.70 小时,49324.32
Rh109,Rh109,0.000682,Ag109,Ag-109,1.6871974697093005e+18,0.0,True,0.0,稳定,inf
Pd96,Pd96,0.000111,Pd96,Pd96,60970018612584.016,346403250000.0,False,0.0056815342668847975,2.03 分钟,122.0
Pd96,Pd96,0.000111,Rh96m,Rh-96m,45277735133607.48,346403250000.00006,False,0.007650631132008227,1.51 分钟,90.6
Pd96,Pd96,0.000111,Rh96,Rh-96,178112415028892.97,207841949999.99997,False,0.0011669144453871133,9.90 分钟,594.0
Pd96,Pd96,0.000111,Ru96,Ru-96,0.0,0.0,True,0.0,稳定,inf
Pd97,Pd97,3.77e-05,Pd97,Pd97,31570961786675.65,117652275000.0,False,0.0037265977449459425,3.10 分钟,186.0
Pd97,Pd97,3.77e-05,Rh97,Rh-97,309021319796430.44,116285155564.49998,False,0.00037630140095545346,30.70 分钟,1842.0
Pd97,Pd97,3.77e-05,Ru97,Ru-97,3.813795515635957e+16,105504534199.20284,False,2.766392004150484e-06,2.90 天,250560.0
Pd97,Pd97,3.77e-05,Tc97,Tc-97,0.0,0.0,False,8.448068381891422e-15,2601725.26 年,82048007808000.0
Pd97,Pd97,3.77e-05,Tc97m,Tc-97m,0.0,0.0,False,8.9040364173545e-08,90.10 天,7784639.999999999
Pd97,Pd97,3.77e-05,Rh97m,Rh-97m,5468257602024.256,1367354740.05,False,0.0002500530954400957,46.20 分钟,2772.0
Pd98,Pd98,2.07e-05,Pd98,Pd98,98975654051682.14,64599525000.0,False,0.0006526809609792328,17.70 分钟,1062.0
Pd98,Pd98,2.07e-05,Rh98,Rh-98,48649050296589.516,64599524999.99999,False,0.0013278681619922324,8.70 分钟,522.0
Pd98,Pd98,2.07e-05,Ru98,Ru-98,5.566636489565173e+16,0.0,True,0.0,稳定,inf
Pd99,Pd99,6.94e-06,Pd99,Pd99,40119730989218.12,21658005000.0,False,0.000539834252772543,21.40 分钟,1284.0
Pd99,Pd99,6.94e-06,Rh99m,Rh-99m,510953907821504.2,20931812092.349987,False,4.096614542316461e-05,4.70 小时,16920.0
Pd99,Pd99,6.94e-06,Ru99,Ru-99,3376127846578431.0,0.0,True,0.0,稳定,inf
Pd99,Pd99,6.94e-06,Rh99,Rh-99,508941379821571.06,253602543.77559966,False,4.982942119277268e-07,16.10 天,1391040.0000000002
Pd100,Pd100,1.57e-06,Pd100,Pd100,1888487545073953.8,4173680674.7735677,False,2.210065237475593e-06,3.63 天,313632.0
Pd100,Pd100,1.57e-06,Rh100,Rh-100,426340098216210.75,3946533614.292423,False,9.256773244657388e-06,20.80 小时,74880.0
Pd100,Pd100,1.57e-06,Ru100,Ru-100,1918407316709835.8,0.0,True,0.0,稳定,inf
Pd101,Pd101,3.57e-07,Pd101,Pd101,49010331954677.27,1114107746.7103353,False,2.2732099585463243e-05,8.47 小时,30492.000000000004
Pd101,Pd101,3.57e-07,Rh101m,Rh-101m,468598992433596.0,866210291.908224,False,1.8485107861835032e-06,4.34 天,374976.0
Pd101,Pd101,3.57e-07,Ru101,Ru-101,414192269976080.94,0.0,True,0.0,稳定,inf
Pd101,Pd101,3.57e-07,Rh101,Rh-101,28263310111883.688,188122.11483693073,False,6.6560538766417264e-09,3.30 年,104137856.064
Pd102,Pd102,1.14e-07,Pd102,Pd102,307381392000000.0,0.0,True,0.0,稳定,inf
Pd103,Pd103,4.06e-08,Pd103,Pd103,89891986967496.44,42443751.0772666,False,4.721638992429171e-07,16.99 天,1468022.4
Pd103,Pd103,4.06e-08,Rh103m,Rh-103m,204965693204.66318,42197250.94044475,False,0.00020587470166682863,56.11 分钟,3366.8399999999997
Pd103,Pd103,4.06e-08,Rh103,Rh-103,19349490477008.277,0.0,True,0.0,稳定,inf
Pd104,Pd104,9.74e-08,Pd104,Pd104,262622347200000.0,0.0,True,0.0,稳定,inf
Pd105,Pd105,7.79e-07,Pd105,Pd105,2100439512000000.0,0.0,True,0.0,稳定,inf
Pd106,Pd106,6.48e-06,Pd106,Pd106,1.747220544e+16,0.0,True,0.0,稳定,inf
Pd107,Pd107,1.92e-05,Pd107,Pd107,5.176949717349965e+16,174.94090088714387,False,3.3792273527565687e-15,6504313.15 年,205120019520000.0
Pd107,Pd107,1.92e-05,Ag107,Ag-107,426500352.0,0.0,True,0.0,稳定,inf
Pd108,Pd108,8.59e-05,Pd108,Pd108,2.316145752e+17,0.0,True,0.0,稳定,inf
Pd109,Pd109,0.000148,Pd109,Pd109,3.2866542858214948e+16,461868537000.09033,False,1.4052848180369142e-05,13.70 小时,49324.32
Pd109,Pd109,0.000148,Ag109,Ag-109,3.66190001141785e+17,0.0,True,0.0,稳定,inf
Pd110,Pd110,0.000404,Pd110,Pd110,1.089316512e+18,0.0,True,0.0,稳定,inf
Pd111,Pd111,0.000435,Pd111,Pd111,2749728929807234.5,1357526250000.0,False,0.000493694573048394,23.40 分钟,1404.0
Pd111,Pd111,0.000435,Ag111m,Ag-111m,126600904210084.83,1354213885950.0,False,0.010696715749381872,1.08 分钟,64.8
Pd111,Pd111,0.000435,Ag111,Ag-111,7.551309344605782e+17,813163183841.2668,False,1.0768505787968328e-06,7.45 天,643680.0
Pd111,Pd111,0.000435,Cd111,Cd-111,0.0,0.0,True,0.0,稳定,inf
Pd112,Pd112,0.000764,Pd112,Pd112,2.603210407932541e+17,2383378182837.6733,False,9.15553416494882e-06,21.03 小时,75708.0
Pd112,Pd112,0.000764,Ag112,Ag-112,3.874239474983696e+16,2383225212015.434,False,6.151465926162098e-05,3.13 小时,11268.0
Pd112,Pd112,0.000764,Cd112,Cd-112,1.7609311564569088e+18,0.0,True,0.0,稳定,inf
Pd114,Pd114,0.000672,Pd114,Pd114,439308298930122.4,2097144000000.0,False,0.004773740912947282,2.42 分钟,145.2
Pd114,Pd114,0.000672,Ag114,Ag-114,13917480544618.203,2097144000000.0,False,0.15068416968694465,4.60 秒,4.6
Pd114,Pd114,0.000672,Cd114,Cd-114,1.8114791902205253e+18,0.0,True,0.0,稳定,inf
Ag99,Ag99,8.36e-07,Ag99,Ag99,466725447456.42523,2608947000.0,False,0.005589896617418913,2.07 分钟,124.0
Ag99,Ag99,8.36e-07,Pd99,Pd-99,4832866730113.306,2608946999.9999995,False,0.000539834252772543,21.40 分钟,1284.0
Ag99,Ag99,8.36e-07,Rh99m,Rh-99m,61550067282244.61,2521469007.089999,False,4.096614542316461e-05,4.70 小时,16920.0
Ag99,Ag99,8.36e-07,Ru99,Ru-99,0.0,0.0,True,0.0,稳定,inf
Ag99,Ag99,8.36e-07,Rh99,Rh-99,61297451291463.055,30544165.184457805,False,4.982942119277268e-07,16.10 天,1391040.0000000002
Ag101,Ag101,7.31e-08,Ag101,Ag101,219192214454.74878,228126825.0,False,0.0010407615323722902,11.10 分钟,666.0
Ag101,Ag101,7.31e-08,Pd101,Pd-101,10035448923391.297,228126824.31136084,False,2.2732099585463243e-05,8.47 小时,30492.000000000004
Ag101,Ag101,7.31e-08,Rh101m,Rh-101m,95902956417405.3,177277649.3644601,False,1.8485107861835032e-06,4.34 天,374976.0
Ag101,Ag101,7.31e-08,Ru101,Ru-101,0.0,0.0,True,0.0,稳定,inf
Ag101,Ag101,7.31e-08,Rh101,Rh-101,0.0,0.0,False,6.6560538766417264e-09,3.30 年,104137856.064
Ag102,Ag102,8.12e-09,Ag102,Ag102,28296355824.682983,25340489.999999996,False,0.0008955389929715056,12.90 分钟,774.0
Ag102,Ag102,8.12e-09,Pd102,Pd-102,21865887004175.312,0.0,True,0.0,稳定,inf
Ag105,Ag105,8.12e-09,Ag105,Ag105,20155123014070.363,3916086.614955234,False,1.9429733136440794e-07,41.29 天,3567456.0
Ag105,Ag105,8.12e-09,Pd105,Pd-105,1739060345929.6328,0.0,True,0.0,稳定,inf
Ag106,Ag106,8.12e-09,Ag106,Ag106,52556642291.4267,25340489.999999996,False,0.0004821558017250593,23.96 分钟,1437.6000000000001
Ag106,Ag106,8.12e-09,Pd106,Pd-106,21623210450531.49,0.0,True,0.0,稳定,inf
Ag106,Ag106,8.12e-09,Cd106,Cd-106,218416267177.0857,0.0,True,0.0,稳定,inf
Ag107,Ag107,3.65e-07,Ag107,Ag107,984159720000000.0,0.0,True,0.0,稳定,inf
Ag108,Ag108,1.79e-06,Ag108,Ag108,1146004031724.2588,5586142500.0,False,0.004874452746553764,2.37 分钟,142.20000000000002
Ag108,Ag108,1.79e-06,Cd108,Cd-108,4687760604163180.0,0.0,True,0.0,稳定,inf
Ag108,Ag108,1.79e-06,Pd108,Pd-108,137520511805095.86,0.0,True,0.0,稳定,inf
Ag109,Ag109,1.19e-05,Ag109,Ag109,3.20863032e+16,0.0,True,0.0,稳定,inf
Ag110,Ag110,3.27e-05,Ag110,Ag110,3621732563309.3223,102048525000.0,False,0.028176714656908342,24.60 秒,24.6
Ag110,Ag110,3.27e-05,Cd110,Cd-110,8.79018049558344e+16,0.0,True,0.0,稳定,inf
Ag110,Ag110,3.27e-05,Pd110,Pd-110,264498911602310.12,0.0,True,0.0,稳定,inf
Ag111,Ag111,0.000121,Ag111,Ag111,2.1236228254556074e+17,228682446873.80362,False,1.0768505787968328e-06,7.45 天,643680.0
Ag111,Ag111,0.000121,Cd111,Cd-111,1.1389340545443926e+17,0.0,True,0.0,稳定,inf
Ag112,Ag112,0.0002,Ag112,Ag112,1.01463619808979e+16,624150000000.0,False,6.151465926162098e-05,3.13 小时,11268.0
Ag112,Ag112,0.0002,Cd112,Cd-112,5.291192380191021e+17,0.0,True,0.0,稳定,inf
Ag113,Ag113,0.000447,Ag113,Ag113,3.890611155802979e+16,1394975249999.951,False,3.5854913126419684e-05,5.37 小时,19332.0
Ag113,Ag113,0.000447,Cd113,Cd-113,-3.8229534278035656e+16,-1.0905335992865441e-07,False,2.8525945185607395e-24,7705109424657535.00 年,2.42988330816e+23
Ag113,Ag113,0.000447,In113,In-113,746878605071722.2,0.0,True,0.0,稳定,inf
Ag113,Ag113,0.000447,Cd113m,Cd-113m,2.0267320786052756e+16,31572429.148055885,False,1.55779984346934e-09,14.11 年,444952657.72800004
Ag114,Ag114,0.000474,Ag114,Ag114,9816794312721.768,1479235500000.0,False,0.15068416968694465,4.60 秒,4.6
Ag114,Ag114,0.000474,Cd114,Cd-114,1.2780496552056873e+18,0.0,True,0.0,稳定,inf
Ag115,Ag115,0.000729,Ag115,Ag115,3938603772137683.0,2275026750000.0,False,0.0005776226504666211,20.00 分钟,1200.0
Ag115,Ag115,0.000729,Cd115,Cd-115,5.684381380420412e+17,2047279859846.333,False,3.6015877944046708e-06,2.23 天,192456.0
Ag115,Ag115,0.000729,In115m,In-115m,6994575539710293.0,300209931797.92365,False,4.2920393109423474e-05,4.49 小时,16149.599999999999
Ag115,Ag115,0.000729,In115,In-115,0.0,0.0,False,4.9807205879631965e-23,441292630684931.50 年,1.391660440128e+22
Ag115,Ag115,0.000729,Sn115,Sn-115,0.0,0.0,True,0.0,稳定,inf
Ag115,Ag115,0.000729,Cd115m,Cd-115m,1.0515686252224126e+17,18915354274.056767,False,1.7987750699633193e-07,44.60 天,3853440.0
Ag116,Ag116,0.000531,Ag116,Ag116,384427178055808.9,1657118250000.0,False,0.004310616794527023,2.68 分钟,160.8
Ag116,Ag116,0.000531,Cd116,Cd-116,1.431365740821944e+18,0.0,True,0.0,稳定,inf
Ag117,Ag117,0.000569,Ag117,Ag117,188548724521137.06,1775706750000.0,False,0.00941776060543404,1.23 分钟,73.6
Ag117,Ag117,0.000569,Cd117,Cd-117,1.9451201139124016e+16,1504076888452.4998,False,7.7325656019628e-05,2.49 小时,8964.0
Ag117,Ag117,0.000569,In117m,In-117m,1.3843830487183054e+16,1376335638316.229,False,9.941870059666456e-05,1.94 小时,6972.0
Ag117,Ag117,0.000569,Sn117,Sn-117,0.0,0.0,True,0.0,稳定,inf
Ag117,Ag117,0.000569,In117,In-117,0.0,0.0,False,0.0002674178937345468,43.20 分钟,2592.0
Ag117,Ag117,0.000569,Cd117m,Cd-117m,4740169039747554.0,271629861547.50003,False,5.73038343716886e-05,3.36 小时,12096.0
Cd108,Cd108,4.06e-09,Cd108,Cd108,10947091679999.998,0.0,True,0.0,稳定,inf
Cd109,Cd109,4.06e-08,Cd109,Cd109,108652744836716.95,1889186.4871724318,False,1.7387379306537502e-08,1.26 年,39864960.0
Cd109,Cd109,4.06e-08,Ag109,Ag-109,818171963283.0469,0.0,True,0.0,稳定,inf
Cd110,Cd110,9.3e-07,Cd110,Cd110,2507585040000000.0,0.0,True,0.0,稳定,inf
Cd111,Cd111,4.34e-06,Cd111,Cd111,1.170206352e+16,0.0,True,0.0,稳定,inf
Cd112,Cd112,2.46e-05,Cd112,Cd112,6.63296688e+16,0.0,True,0.0,稳定,inf
Cd113,Cd113,5.23e-05,Cd113,Cd113,0.0,0.0,False,2.8525945185607395e-24,7705109424657535.00 年,2.42988330816e+23
Cd113,Cd113,5.23e-05,In113,In-113,1.410179544e+17,0.0,True,0.0,稳定,inf
Cd114,Cd114,0.000175,Cd114,Cd114,4.718574e+17,0.0,True,0.0,稳定,inf
Cd115,Cd115,0.000246,Cd115,Cd115,2.0366704991197706e+17,733524761085.3834,False,3.6015877944046708e-06,2.23 天,192456.0
Cd115,Cd115,0.000246,In115m,In-115m,1.7017409602478594e+16,730393909842.4591,False,4.2920393109423474e-05,4.49 小时,16149.599999999999
Cd115,Cd115,0.000246,In115,In-115,-2.0965023653873286e+17,-1.0442092493998208e-05,False,4.9807205879631965e-23,441292630684931.50 年,1.391660440128e+22
Cd115,Cd115,0.000246,Sn115,Sn-115,0.0,0.0,True,0.0,稳定,inf
Cd116,Cd116,0.000529,Cd116,Cd116,1.4263575119999997e+18,0.0,True,0.0,稳定,inf
Cd117,Cd117,0.000477,Cd117,Cd117,1.9251019992926296e+16,1488597750000.0,False,7.7325656019628e-05,2.49 小时,8964.0
Cd117,Cd117,0.000477,In117m,In-117m,1.3701357339387718e+16,1362171143092.5,False,9.941870059666456e-05,1.94 小时,6972.0
Cd117,Cd117,0.000477,Sn117,Sn-117,6.060215956172032e+17,0.0,True,0.0,稳定,inf
Cd117,Cd117,0.000477,In117,In-117,2399176059001633.0,641582608396.5675,False,0.0002674178937345468,43.20 分钟,2592.0
Cd117,Cd117,0.000477,Sn117m,Sn-117m,0.0,0.0,False,5.830331985491573e-07,13.76 天,1188864.0
Cd118,Cd118,0.000707,Cd118,Cd118,9606654403644546.0,2206370250000.0,False,0.00022967103398275192,50.30 分钟,3018.0
Cd118,Cd118,0.000707,In118,In-118,15915597090199.715,2206370250000.0,False,0.13862943611198905,5.00 秒,5.0
Cd118,Cd118,0.000707,Sn118,Sn-118,1.8966813259992653e+18,0.0,True,0.0,稳定,inf
Cd119,Cd119,0.000418,Cd119,Cd119,303747932336560.56,1304473499999.9998,False,0.004294592196777852,2.69 分钟,161.4
Cd119,Cd119,0.000418,In119m,In-119m,1831112228618570.2,1175213220885.0,False,0.0006418029449629123,18.00 分钟,1080.0
Cd119,Cd119,0.000418,Sn119,Sn-119,9.565358112465873e+17,0.0,True,0.0,稳定,inf
Cd119,Cd119,0.000418,In119,In-119,13672304640351.992,65811940369.560005,False,0.004813522087221842,2.40 分钟,144.0
Cd119,Cd119,0.000418,Sn119m,Sn-119m,0.0,0.0,False,2.7371329962594347e-08,293.10 天,25323840.000000004
In103,In103,8.12e-09,In103,In103,2193515955.401782,25340489.999999996,False,0.011552453009332421,1.00 分钟,60.0
In103,In103,8.12e-09,Cd103,Cd-103,16012666474.433008,25340490.0,False,0.001582527809497592,7.30 分钟,438.0
In103,In103,8.12e-09,Ag103,Ag-103,144113998269.89706,25340489.999999996,False,0.00017583642327751023,1.09 小时,3942.0
In103,In103,8.12e-09,Pd103,Pd-103,0.0,0.0,False,4.721638992429171e-07,16.99 天,1468022.4
In105,In105,4.06e-09,In105,In105,5560562946.943518,12670244.999999998,False,0.002278590337146434,5.07 分钟,304.20000000000005
In105,In105,4.06e-09,Cd105,Cd-105,60870067762.39944,12670244.999999996,False,0.00020815230647445806,55.50 分钟,3330.0
In105,In105,4.06e-09,Ag105m,Ag-105m,6578601011.119129,10511615.359349998,False,0.0015978496555093251,7.23 分钟,433.8
In105,In105,4.06e-09,Ag105,Ag-105,0.0,0.0,False,1.9429733136440794e-07,41.29 天,3567456.0
In105,In105,4.06e-09,Pd105,Pd-105,0.0,0.0,True,0.0,稳定,inf
In111,In111,4.06e-08,In111,In111,40553937427483.64,116000091.23435962,False,2.86039034906992e-06,2.80 天,242326.08
In111,In111,4.06e-08,Cd111,Cd-111,68913533523547.74,0.0,True,0.0,稳定,inf
In111,In111,4.06e-08,Cd111m,Cd-111m,24321547.236970786,5793.268692151831,False,0.00023819490740891591,48.50 分钟,2910.0
In112,In112,1.99e-07,In112,In112,804747516825.1936,621029250.0,False,0.0007717069478511971,14.97 分钟,898.2
In112,In112,1.99e-07,Cd112,Cd-112,300028133710577.94,0.0,True,0.0,稳定,inf
In112,In112,1.99e-07,Sn112,Sn-112,235736390772596.9,0.0,True,0.0,稳定,inf
In113,In113,1.84e-06,In113,In113,4961243520000000.0,0.0,True,0.0,稳定,inf
In114,In114,7.33e-06,In114,In114,2372828681091.0,22875097500.0,False,0.00964043366564597,1.20 分钟,71.9
In114,In114,7.33e-06,Sn114,Sn-114,1.9662902854262316e+16,0.0,True,0.0,稳定,inf
In114,In114,7.33e-06,Cd114,Cd-114,98808557056594.55,0.0,True,0.0,稳定,inf
In115,In115,3.33e-05,In115,In115,0.0,0.0,False,4.9807205879631965e-23,441292630684931.50 年,1.391660440128e+22
In115,In115,3.33e-05,Sn115,Sn-115,8.978772240000002e+16,0.0,True,0.0,稳定,inf
In117,In117,0.000206,In117,In117,2404007043141815.0,642874500000.0,False,0.0002674178937345468,43.20 分钟,2592.0
In117,In117,0.000206,Sn117,Sn-117,5.5108733130668045e+17,0.0,True,0.0,稳定,inf
In117,In117,0.000206,Sn117m,Sn-117m,1536094066951120.2,895593837.1268951,False,5.830331985491573e-07,13.76 天,1188864.0
In118,In118,0.000277,In118,In118,6235672410163.112,864447750000.0,False,0.13862943611198905,5.00 秒,5.0
In118,In118,0.000277,Sn118,Sn-118,7.468766203275899e+17,0.0,True,0.0,稳定,inf
In119,In119,0.000515,In119,In119,333889867103029.94,1607186250000.0002,False,0.004813522087221842,2.40 分钟,144.0
In119,In119,0.000515,Sn119,Sn-119,1.375114182847237e+18,0.0,True,0.0,稳定,inf
In119,In119,0.000515,Sn119m,Sn-119m,1.30027799378655e+16,355903380.1103186,False,2.7371329962594347e-08,293.10 天,25323840.000000004
In121,In121,0.000587,In121,In121,61049709155298.734,1831880249999.9998,False,0.030006371452811483,23.10 秒,23.1
In121,In121,0.000587,Sn121,Sn-121,2.274967927731445e+17,1620511782146.743,False,7.1232291338836e-06,1.13 天,97308.0
In121,In121,0.000587,Sb121,Sb-121,303209970104510.06,0.0,True,0.0,稳定,inf
In121,In121,0.000587,Sn121m,Sn-121m,1.7959575524093626e+17,89859152.06308535,False,5.003411797931138e-10,43.93 年,1385349054.912
Sn114,Sn114,1.01e-07,Sn114,Sn114,272329128000000.0,0.0,True,0.0,稳定,inf
Sn115,Sn115,5.28e-07,Sn115,Sn115,1423661184000000.0,0.0,True,0.0,稳定,inf
Sn116,Sn116,4.3e-06,Sn116,Sn116,1.1594210400000002e+16,0.0,True,0.0,稳定,inf
Sn117,Sn117,1.27e-05,Sn117,Sn117,3.42433656e+16,0.0,True,0.0,稳定,inf
Sn118,Sn118,5.52e-05,Sn118,Sn118,1.488373056e+17,0.0,True,0.0,稳定,inf
Sn119,Sn119,9.76e-05,Sn119,Sn119,2.631616128e+17,0.0,True,0.0,稳定,inf
Sn120,Sn120,0.000259,Sn120,Sn120,6.98348952e+17,0.0,True,0.0,稳定,inf
Sn121,Sn121,0.000289,Sn121,Sn121,1.2634454608250122e+17,899981151562.1716,False,7.1232291338836e-06,1.13 天,97308.0
Sn121,Sn121,0.000289,Sb121,Sb-121,6.528942459174986e+17,0.0,True,0.0,稳定,inf
Sn122,Sn122,0.000518,Sn122,Sn122,1.396697904e+18,0.0,True,0.0,稳定,inf
Sn123,Sn123,0.000402,Sn123,Sn123,1.0553611168370733e+18,65531527939.76219,False,6.209393817365639e-08,129.20 天,11162879.999999998
Sn123,Sn123,0.000402,Sb123,Sb-123,2.856273916292672e+16,0.0,True,0.0,稳定,inf
Sn124,Sn124,0.000506,Sn124,Sn124,1.3643419680000003e+18,0.0,True,0.0,稳定,inf
Sn125,Sn125,0.000287,Sn125,Sn125,5.5186685546946874e+17,459270971301.5131,False,8.322133622444402e-07,9.64 天,832896.0
Sn125,Sn125,0.000287,Sb125,Sb-125,2.2144222766254922e+17,1763229225.7634847,False,7.962479624484403e-09,2.76 年,87051674.00724481
Sn125,Sn125,0.000287,Te125,Te-125,412800316444931.56,0.0,True,0.0,稳定,inf
Sn125,Sn125,0.000287,Te125m,Te-125m,120467058126910.23,16837132.55158304,False,1.3976544968704536e-07,57.40 天,4959360.0
Sn126,Sn126,0.00027,Sn126,Sn126,7.280085301096477e+17,69524.74433440463,False,9.549990344746824e-14,230152.62 年,7258092998400.0
Sn126,Sn126,0.00027,Sb126m,Sb-126m,115027038.19326577,69391.3552757383,False,0.0006032612537510403,19.15 分钟,1149.0
Sn126,Sn126,0.00027,Te126,Te-126,25475559960.9375,0.0,True,0.0,稳定,inf
Sn126,Sn126,0.00027,Sb126,Sb-126,3504925681.537431,2276.793141990755,False,6.495981224320975e-07,12.35 天,1067040.0
Sn127,Sn127,0.000119,Sn127,Sn127,4050440669371222.0,371369250000.0,False,9.168613499470175e-05,2.10 小时,7560.0
Sn127,Sn127,0.000119,Sb127,Sb-127,1.4808634031429434e+17,308578731566.5395,False,2.083775795334131e-06,3.85 天,332640.0
Sn127,Sn127,0.000119,Te127,Te-127,1.2053000063536388e+16,248202703842.2189,False,2.0592607859772586e-05,9.35 小时,33660.0
Sn127,Sn127,0.000119,I127,I-127,0.0,0.0,True,0.0,稳定,inf
Sn127,Sn127,0.000119,Te127m,Te-127m,2.913745586151137e+16,2144553323.4684482,False,7.360125515629728e-08,109.00 天,9417600.0
Sn128,Sn128,8.93e-05,Sn128,Sn128,1424961721978151.0,278682975000.0,False,0.00019557225341683464,59.07 分钟,3544.2
Sn128,Sn128,8.93e-05,Sb128m,Sb-128m,250882036711914.16,278682975000.0,False,0.0011108127893588867,10.40 分钟,624.0
Sn128,Sn128,8.93e-05,Te128,Te-128,2.304984217622228e+17,0.0,True,0.0,稳定,inf
Sn128,Sn128,8.93e-05,Sb128,Sb-128,469477480011543.2,10032586989.961437,False,2.1369687401650797e-05,9.01 小时,32436.0
Sn129,Sn129,3.19e-05,Sn129,Sn129,19216766566430.617,99551925000.00002,False,0.005180472201494359,2.23 分钟,133.8
Sn129,Sn129,3.19e-05,Sb129,Sb-129,2274989405173849.0,99551925000.00002,False,4.375929170201674e-05,4.40 小时,15840.000000000002
Sn129,Sn129,3.19e-05,Te129,Te-129,464107972699179.0,77034275084.25,False,0.00016598352024902905,1.16 小时,4176.0
Sn129,Sn129,3.19e-05,I129,I-129,0.0,0.0,False,1.3990431715234201e-15,15710417.92 年,495443739456000.0
Sn129,Sn129,3.19e-05,Te129m,Te-129m,1.7155149190880988e+16,4096065949.399383,False,2.387659765487025e-07,33.60 天,2903040.0
Sn130,Sn130,2.11e-05,Sn130,Sn130,21203627385639.99,65847825000.0,False,0.003105498120788285,3.72 分钟,223.20000000000002
Sn130,Sn130,2.11e-05,Sb130m,Sb-130m,35909368959551.59,65847825000.00001,False,0.0018337226998940352,6.30 分钟,378.0
Sn130,Sn130,2.11e-05,Te130,Te-130,5.683540780365482e+16,0.0,True,0.0,稳定,inf
Sb115,Sb115,4.06e-09,Sb115,Sb115,35205931084.1986,12670244.999999998,False,0.00035988950184836203,32.10 分钟,1926.0
Sb115,Sb115,4.06e-09,Sn115,Sn-115,10911885748915.799,0.0,True,0.0,稳定,inf
Sb116,Sb116,1.22e-08,Sb116,Sb116,52071691571.828514,38073150.0,False,0.0007311679119830646,15.80 分钟,948.0
Sb116,Sb116,1.22e-08,Sn116,Sn-116,32843129908428.17,0.0,True,0.0,稳定,inf
Sb117,Sb117,1.54e-07,Sb117,Sb117,6988995664797.402,480595500.0,False,6.876460124602632e-05,2.80 小时,10080.0
Sb117,Sb117,1.54e-07,Sn117,Sn-117,408245516335202.6,0.0,True,0.0,稳定,inf
Sb118,Sb118,8.73e-07,Sb118,Sb118,848987924216.3448,2724414750.0,False,0.0032090147248145617,3.60 分钟,216.0
Sb118,Sb118,8.73e-07,Sn118,Sn-118,2353045356075783.5,0.0,True,0.0,稳定,inf
Sb119,Sb119,6.83e-06,Sb119,Sb119,4173481159506697.5,21041260792.762203,False,5.041657069622249e-06,1.59 天,137484.0
Sb119,Sb119,6.83e-06,Sn119,Sn-119,1.4242439080493302e+16,0.0,True,0.0,稳定,inf
Sb120,Sb120,1.83e-05,Sb120,Sb120,78552453709780.56,57109725000.00001,False,0.0007270266211033619,15.89 分钟,953.4000000000001
Sb120,Sb120,1.83e-05,Sn120,Sn-120,4.9264249946290216e+16,0.0,True,0.0,稳定,inf
Sb121,Sb121,6.53e-05,Sb121,Sb121,1.760702184e+17,0.0,True,0.0,稳定,inf
Sb122,Sb122,0.000111,Sb122,Sb122,1.083790545505724e+17,319213949183.372,False,2.945347239898819e-06,2.72 天,235336.32
Sb122,Sb122,0.000111,Te122,Te-122,1.863123416312964e+17,0.0,True,0.0,稳定,inf
Sb122,Sb122,0.000111,Sn122,Sn-122,4601011818131205.0,0.0,True,0.0,稳定,inf
Sb123,Sb123,0.000257,Sb123,Sb123,6.92956296e+17,0.0,True,0.0,稳定,inf
Sb124,Sb124,0.000285,Sb124,Sb124,7.258635096574716e+17,96732005427.59149,False,1.3326473109695023e-07,60.20 天,5201280.0
Sb124,Sb124,0.000285,Te124,Te-124,4.258997034252838e+16,0.0,True,0.0,稳定,inf
Sb125,Sb125,0.000465,Sb125,Sb125,1.249489608591432e+18,9949035549.414268,False,7.962479624484403e-09,2.76 年,87051674.00724481
Sb125,Sb125,0.000465,Te125,Te-125,3307389825081728.0,0.0,True,0.0,稳定,inf
Sb125,Sb125,0.000465,Te125m,Te-125m,956608628409112.4,133700835.12410727,False,1.3976544968704536e-07,57.40 天,4959360.0
Sb126,Sb126,0.00037,Sb126,Sb126,7.634582007384232e+17,495941013755.0671,False,6.495981224320975e-07,12.35 天,1067040.0
Sb126,Sb126,0.00037,Te126,Te-126,2.3418315926157683e+17,0.0,True,0.0,稳定,inf
Sb127,Sb127,0.000442,Sb127,Sb127,5.525786772634473e+17,1151450072699.322,False,2.083775795334131e-06,3.85 天,332640.0
Sb127,Sb127,0.000442,Te127,Te-127,4.500403121875137e+16,926750366996.7102,False,2.0592607859772586e-05,9.35 小时,33660.0
Sb127,Sb127,0.000442,I127,I-127,1.239530767313387e+16,0.0,True,0.0,稳定,inf
Sb127,Sb127,0.000442,Te127m,Te-127m,1.1034809887088555e+17,8121758581.008368,False,7.360125515629728e-08,109.00 天,9417600.0
Sb128,Sb128,0.000269,Sb128,Sb128,3.928376331286347e+16,839481741956.3303,False,2.1369687401650797e-05,9.01 小时,32436.0
Sb128,Sb128,0.000269,Te128,Te-128,6.860284686871364e+17,0.0,True,0.0,稳定,inf
Sb129,Sb129,0.000254,Sb129,Sb129,1.811433570263817e+16,792670500000.0,False,4.375929170201674e-05,4.40 小时,15840.000000000002
Sb129,Sb129,0.000254,Te129,Te-129,3695405174469952.5,613376359605.0001,False,0.00016598352024902905,1.16 小时,4176.0
Sb129,Sb129,0.000254,I129,I-129,4.8540365150210984e+16,67.91006640665607,False,1.3990431715234201e-15,15710417.92 年,495443739456000.0
Sb129,Sb129,0.000254,Xe129,Xe-129,0.0,0.0,True,0.0,稳定,inf
Sb129,Sb129,0.000254,Te129m,Te-129m,1.3662417272396677e+17,32621204020.59653,False,2.387659765487025e-07,33.60 天,2903040.0
Sb130,Sb130,0.000125,Sb130,Sb130,1333803575098066.5,390093750000.0,False,0.00029246716479322586,39.50 分钟,2370.0
Sb130,Sb130,0.000125,Te130,Te-130,3.3570719642490195e+17,0.0,True,0.0,稳定,inf
Sb131,Sb131,8.9e-05,Sb131,Sb131,553692592156203.4,277746750000.0,False,0.0005016262704877299,23.03 分钟,1381.8000000000002
Sb131,Sb131,8.9e-05,Te131,Te-131,551727139728553.75,254952074227.5,False,0.00046209812037329687,25.00 分钟,1500.0
Sb131,Sb131,8.9e-05,I131,I-131,1.2758633625960283e+17,127615554671.72675,False,1.000229008943908e-06,8.02 天,692988.48
Sb131,Sb131,8.9e-05,Xe131,Xe-131,0.0,0.0,True,0.0,稳定,inf
Sb131,Sb131,8.9e-05,Xe131m,Xe-131m,0.0,0.0,False,6.775791226382097e-07,11.84 天,1022976.0
Sb131,Sb131,8.9e-05,Te131m,Te-131m,3537479891807300.0,22703650123.090096,False,6.418029449629123e-06,1.25 天,108000.0
Sb133,Sb133,2.04e-05,Sb133,Sb133,13777009079493.951,63663299999.99999,False,0.0046209812037329686,2.50 分钟,150.0
Sb133,Sb133,2.04e-05,Te133,Te-133,56941756226456.46,52625357046.00001,False,0.0009241962407465937,12.50 分钟,750.0
Sb133,Sb133,2.04e-05,I133,I-133,5683060917101639.0,52606806245.18453,False,9.256773244657388e-06,20.80 小时,74880.0
Sb133,Sb133,2.04e-05,Xe133,Xe-133,0.0,0.0,False,1.5301424398314711e-06,5.24 天,452995.2
Sb133,Sb133,2.04e-05,Xe133m,Xe-133m,0.0,0.0,False,3.6632588182814627e-06,2.19 天,189216.0
Sb133,Sb133,2.04e-05,Te133m,Te-133m,52932657605930.97,11037942953.999998,False,0.00020852803265943,55.40 分钟,3324.0
Te119,Te119,3.65e-08,Te119,Te119,9494896389106.273,113903784.38590893,False,1.1996316728278734e-05,16.05 小时,57780.0
Te119,Te119,3.65e-08,Sb119,Sb-119,22093760616945.703,111389164.40896593,False,5.041657069622249e-06,1.59 天,137484.0
Te119,Te119,3.65e-08,Sn119,Sn-119,66827314993948.05,0.0,True,0.0,稳定,inf
Te120,Te120,3.82e-07,Te120,Te120,1029997296000000.0,0.0,True,0.0,稳定,inf
Te121,Te121,1.77e-06,Te121,Te121,4004559970768937.5,1676760427.0094585,False,4.187127772461589e-07,19.16 天,1655424.0
Te121,Te121,1.77e-06,Sb121,Sb-121,767940589231062.5,0.0,True,0.0,稳定,inf
Te122,Te122,1.04e-05,Te122,Te122,2.80418112e+16,0.0,True,0.0,稳定,inf
Te123,Te123,2.38e-05,Te123,Te123,0.0,0.0,False,3.660829632152949e-23,600398136986301.50 年,1.8934155648000003e+22
Te123,Te123,2.38e-05,Sb123,Sb-123,6.41726064e+16,0.0,True,0.0,稳定,inf
Te124,Te124,8.19e-05,Te124,Te124,2.208292632e+17,0.0,True,0.0,稳定,inf
Te125,Te125,0.000122,Te125,Te125,3.28952016e+17,0.0,True,0.0,稳定,inf
Te126,Te126,0.000277,Te126,Te126,7.46882856e+17,0.0,True,0.0,稳定,inf
Te127,Te127,0.000282,Te127,Te127,4.273628136323776e+16,880051483498.0626,False,2.0592607859772586e-05,9.35 小时,33660.0
Te127,Te127,0.000282,I127,I-127,7.176282146367624e+17,0.0,True,0.0,稳定,inf
Te128,Te128,0.000462,Te128,Te128,1.245703536e+18,0.0,True,0.0,稳定,inf
Te129,Te129,0.000358,Te129,Te129,6730960388861468.0,1117228500000.0,False,0.00016598352024902905,1.16 小时,4176.0
Te129,Te129,0.000358,I129,I-129,9.585544663961545e+17,1341.0590807448157,False,1.3990431715234201e-15,15710417.92 年,495443739456000.0
Te129,Te129,0.000358,Xe129,Xe-129,0.0,0.0,True,0.0,稳定,inf
Te130,Te130,0.000442,Te130,Te130,1.191776976e+18,0.0,True,0.0,稳定,inf
Te131,Te131,0.00027,Te131,Te131,1823427672285964.2,842602500000.0,False,0.00046209812037329687,25.00 分钟,1500.0
Te131,Te131,0.00027,I131,I-131,4.8665704869391725e+17,486768497510.6841,False,1.000229008943908e-06,8.02 天,692988.48
Te131,Te131,0.00027,Xe131,Xe-131,2.367112333702633e+17,0.0,True,0.0,稳定,inf
Te131,Te131,0.00027,Xe131m,Xe-131m,2310530752381484.5,1565567400.0272489,False,6.775791226382097e-07,11.84 天,1022976.0
Te132,Te132,0.000252,Te132,Te132,2.779809501047982e+17,696040076548.2516,False,2.503912862683022e-06,3.20 天,276825.60000000003
Te132,Te132,0.000252,I132,I-132,8263337392618310.0,693259382196.6777,False,8.389580979907351e-05,2.29 小时,8262.0
Te132,Te132,0.000252,Xe132,Xe-132,3.932303685025835e+17,0.0,True,0.0,稳定,inf
Te133,Te133,0.000116,Te133,Te133,391699277750318.25,362007000000.0,False,0.0009241962407465937,12.50 分钟,750.0
Te133,Te133,0.000116,I133,I-133,3.9093975643615016e+16,361884067765.1031,False,9.256773244657388e-06,20.80 小时,74880.0
Te133,Te133,0.000116,Xe133,Xe-133,1.5627095757146848e+17,239116824293.2071,False,1.5301424398314711e-06,5.24 天,452995.2
Te133,Te133,0.000116,Cs133,Cs-133,0.0,0.0,True,0.0,稳定,inf
Te133,Te133,0.000116,Xe133m,Xe-133m,2651299689528334.5,9712396967.571575,False,3.6632588182814627e-06,2.19 天,189216.0
Te134,Te134,7.55e-05,Te134,Te134,852526724587744.5,235616625000.00003,False,0.0002763744739074742,41.80 分钟,2508.0
Te134,Te134,7.55e-05,I134,I-134,1070757249781258.1,235616625000.00006,False,0.0002200467239872842,52.50 分钟,3150.0
Te134,Te134,7.55e-05,Xe134,Xe-134,2.01649480025631e+17,0.0,True,0.0,稳定,inf
I121,I121,4.06e-09,I121,I121,139507614763.5533,12670244.999999996,False,9.082117145701589e-05,2.12 小时,7632.0
I121,I121,4.06e-09,Te121,Te-121,9061999926852.096,3794375.1567767295,False,4.187127772461589e-07,19.16 天,1655424.0
I121,I121,4.06e-09,Sb121,Sb-121,235966662502.83716,0.0,True,0.0,稳定,inf
I121,I121,4.06e-09,Te121m,Te-121m,30265660038.817364,1576.6712454674769,False,5.209439488335327e-08,154.00 天,13305600.0
I122,I122,7.71e-08,I122,I122,75604173766.76883,240609825.0,False,0.003182493941964855,3.63 分钟,217.79999999999998
I122,I122,7.71e-08,Te122,Te-122,207811284626233.22,0.0,True,0.0,稳定,inf
I123,I123,6.94e-07,I123,I123,149267359830420.12,2165792715.734793,False,1.4509486321693571e-05,13.27 小时,47772.0
I123,I123,6.94e-07,Te123,Te-123,-149261389136026.9,-5.4642051628547956e-09,False,3.660829632152949e-23,600398136986301.50 年,1.8934155648000003e+22
I123,I123,6.94e-07,Sb123,Sb-123,9083662339323986.0,0.0,True,0.0,稳定,inf
I123,I123,6.94e-07,Te123m,Te-123m,74466218761.77722,5009.710534754831,False,6.727494182001177e-08,119.25 天,10303200.0
I124,I124,2.63e-06,I124,I124,3459849359003315.5,6646735834.938854,False,1.921105558437836e-06,4.18 天,360806.4
I124,I124,2.63e-06,Te124,Te-124,3631493280996683.5,0.0,True,0.0,稳定,inf
I125,I125,1.28e-05,I125,I125,3.2575406512459576e+16,4399619493.489181,False,1.3505954229017514e-07,59.40 天,5132160.0
I125,I125,1.28e-05,Te125,Te-125,1937591887540424.0,0.0,True,0.0,稳定,inf
I126,I126,2.94e-05,I126,I126,6.136212058909837e+16,38072689194.946526,False,6.204591501961642e-07,12.93 天,1117152.0
I126,I126,2.94e-05,Te126,Te-126,9438529215945160.0,0.0,True,0.0,稳定,inf
I126,I126,2.94e-05,Xe126,Xe-126,8471393394956472.0,0.0,True,0.0,稳定,inf
I127,I127,8.87e-05,I127,I127,2.391642936e+17,0.0,True,0.0,稳定,inf
I128,I128,0.000133,I128,I128,897847681710620.8,415059750000.0,False,0.0004622830335867316,24.99 分钟,1499.3999999999999
I128,I128,0.000133,Xe128,Xe-128,3.330315257523275e+17,0.0,True,0.0,稳定,inf
I128,I128,0.000133,Te128,Te-128,2.4682250565961976e+16,0.0,True,0.0,稳定,inf
I129,I129,0.000275,I129,I129,7.414902021331215e+17,1037.3768040458642,False,1.3990431715234201e-15,15710417.92 年,495443739456000.0
I129,I129,0.000275,Xe129,Xe-129,-2133121536.0,0.0,True,0.0,稳定,inf
I130,I130,0.000297,I130,I130,5.949908934723432e+16,926861426351.1268,False,1.5577741382594957e-05,12.36 小时,44496.0
I130,I130,0.000297,Xe130,Xe-130,7.413103266527657e+17,0.0,True,0.0,稳定,inf
I131,I131,0.000468,I131,I131,8.448736202747944e+17,845067103890.3093,False,1.000229008943908e-06,8.02 天,692988.48
I131,I131,0.000468,Xe131,Xe-131,4.121038710125971e+17,0.0,True,0.0,稳定,inf
I131,I131,0.000468,Xe131m,Xe-131m,4020517946296672.0,2724219022.6028757,False,6.775791226382097e-07,11.84 天,1022976.0
I132,I132,0.000395,I132,I132,1.4693180183280298e+16,1232696250000.0,False,8.389580979907351e-05,2.29 小时,8262.0
I132,I132,0.000395,Xe132,Xe-132,1.0503563798167197e+18,0.0,True,0.0,稳定,inf
I133,I133,0.000475,I133,I133,1.6008363459467152e+17,1481857905623.465,False,9.256773244657388e-06,20.80 小时,74880.0
I133,I133,0.000475,Xe133,Xe-133,6.404003136726806e+17,979903698431.9548,False,1.5301424398314711e-06,5.24 天,452995.2
I133,I133,0.000475,Cs133,Cs-133,4.4794045976070406e+17,0.0,True,0.0,稳定,inf
I133,I133,0.000475,Xe133m,Xe-133m,1.0859834052773488e+16,39782382858.8958,False,3.6632588182814627e-06,2.19 天,189216.0
I134,I134,0.000298,I134,I134,4226300138209468.0,929983499999.9999,False,0.0002200467239872842,52.50 分钟,3150.0
I134,I134,0.000298,Xe134,Xe-134,7.992794438617905e+17,0.0,True,0.0,稳定,inf
I135,I135,0.00024,I135,I135,2.5557162254502452e+16,748979999992.4501,False,2.9306070546251702e-05,6.57 小时,23652.0
I135,I135,0.00024,Xe135,Xe-135,2.9663752679846356e+16,624888965927.0309,False,2.1065742176025568e-05,9.14 小时,32904.0
I135,I135,0.00024,Cs135,Cs-135,5.177541781319577e+17,4944.547402112524,False,9.549990344746825e-15,2301526.19 年,72580929984000.0
I135,I135,0.00024,Ba135,Ba-135,0.0,0.0,True,0.0,稳定,inf
I135,I135,0.00024,Xe135m,Xe-135m,164237974939466.5,124091006398.69867,False,0.0007555561157182748,15.29 分钟,917.4
Xe124,Xe124,1.22e-08,Xe124,Xe124,32895201600000.0,0.0,True,0.0,稳定,inf
Xe125,Xe125,7.31e-08,Xe125,Xe125,20022441935802.695,228114713.60497785,False,1.1392951685732172e-05,16.90 小时,60839.99999999999
Xe125,Xe125,7.31e-08,I125,I-125,168005314183353.97,22690720.835920855,False,1.3505954229017514e-07,59.40 天,5132160.0
Xe125,Xe125,7.31e-08,Te125,Te-125,9073820680843.693,0.0,True,0.0,稳定,inf
Xe126,Xe126,8.81e-07,Xe126,Xe126,2375464968000000.0,0.0,True,0.0,稳定,inf
Xe127,Xe127,3.1e-06,Xe127,Xe127,7610971935383362.0,1677453366.1260707,False,2.2039936296803306e-07,36.40 天,3144960.0
Xe127,Xe127,3.1e-06,I127,I-127,747644864616638.0,0.0,True,0.0,稳定,inf
Xe128,Xe128,1.52e-05,Xe128,Xe128,4.09841856e+16,0.0,True,0.0,稳定,inf
Xe129,Xe129,3.22e-05,Xe129,Xe129,8.682176159999998e+16,0.0,True,0.0,稳定,inf
Xe130,Xe130,9.94e-05,Xe130,Xe130,2.680150032e+17,0.0,True,0.0,稳定,inf
Xe131,Xe131,0.000142,Xe131,Xe131,3.82878576e+17,0.0,True,0.0,稳定,inf
Xe132,Xe132,0.000304,Xe132,Xe132,8.19683712e+17,0.0,True,0.0,稳定,inf
Xe133,Xe133,0.000328,Xe133,Xe133,4.9062281485853254e+17,750722790964.6191,False,1.5301424398314711e-06,5.24 天,452995.2
Xe133,Xe133,0.000328,Cs133,Cs-133,3.9377276914146746e+17,0.0,True,0.0,稳定,inf
Xe134,Xe134,0.000532,Xe134,Xe134,1.434446496e+18,0.0,True,0.0,稳定,inf
Xe135,Xe135,0.000443,Xe135,Xe135,6.562751130356773e+16,1382492232775.1614,False,2.1065742176025568e-05,9.14 小时,32904.0
Xe135,Xe135,0.000443,Cs135,Cs-135,1.1288457875602748e+18,10780.46637190875,False,9.549990344746825e-15,2301526.19 年,72580929984000.0
Xe135,Xe135,0.000443,Ba135,Ba-135,0.0,0.0,True,0.0,稳定,inf
Xe137,Xe137,0.000186,Xe137,Xe137,191837557721264.12,580459500000.0,False,0.0030257865398984865,3.82 分钟,229.08
Xe137,Xe137,0.000186,Cs137,Cs-137,5.0116757511361734e+17,364905299.41230726,False,7.28110351771224e-10,30.19 年,951980944.7479681
Xe137,Xe137,0.000186,Ba137m,Ba-137m,76075175419.98859,344378875.08469397,False,0.004526823279518974,2.55 分钟,153.12
Xe137,Xe137,0.000186,Ba137,Ba-137,0.0,0.0,True,0.0,稳定,inf
Xe138,Xe138,0.00016,Xe138,Xe138,608565608907529.0,499320000000.0001,False,0.0008204867194128141,14.08 分钟,844.8
Xe138,Xe138,0.00016,Cs138,Cs-138,1444046661477311.2,499320000000.00006,False,0.00034577830018953673,33.41 分钟,2004.6
Xe138,Xe138,0.00016,Ba138,Ba-138,4.293598677296152e+17,0.0,True,0.0,稳定,inf
Cs127,Cs127,2.03e-08,Cs127,Cs127,2056421208183.5007,63351224.99982533,False,3.080654135821979e-05,6.25 小时,22500.0
Cs127,Cs127,2.03e-08,Xe127,Xe-127,48127487887908.14,10607267.67174668,False,2.2039936296803306e-07,36.40 天,3144960.0
Cs127,Cs127,2.03e-08,I127,I-127,4551549303908.337,0.0,True,0.0,稳定,inf
Cs128,Cs128,1.91e-07,Cs128,Cs128,187810348871.125,596063250.0,False,0.003173750826739676,3.64 分钟,218.4
Cs128,Cs128,1.91e-07,Xe128,Xe-128,514810837651128.9,0.0,True,0.0,稳定,inf
Cs129,Cs129,1.41e-06,Cs129,Cs129,728600140937018.0,4375711629.636036,False,6.0056420302206385e-06,1.34 天,115416.00000000001
Cs129,Cs129,1.41e-06,Xe129,Xe-129,3073222339062982.0,0.0,True,0.0,稳定,inf
Cs130,Cs130,4.76e-06,Cs130,Cs130,37559800619788.38,14854770000.0,False,0.000395496508364684,29.21 分钟,1752.6000000000001
Cs130,Cs130,4.76e-06,Xe130,Xe-130,1.2592210095710128e+16,0.0,True,0.0,稳定,inf
Cs130,Cs130,4.76e-06,Ba130,Ba-130,204751383670083.38,0.0,True,0.0,稳定,inf
Cs131,Cs131,1.94e-05,Cs131,Cs131,3.73637260523141e+16,30937337980.135563,False,8.280046250424609e-07,9.69 天,837129.6
Cs131,Cs131,1.94e-05,Xe131,Xe-131,1.4945037147685904e+16,0.0,True,0.0,稳定,inf
Cs132,Cs132,4.06e-05,Cs132,Cs132,6.722084631821498e+16,83235331706.14624,False,1.2382368902664616e-06,6.48 天,559785.6
Cs132,Cs132,4.06e-05,Xe132,Xe-132,4.145999416377565e+16,0.0,True,0.0,稳定,inf
Cs132,Cs132,4.06e-05,Ba132,Ba-132,790076318009380.0,0.0,True,0.0,稳定,inf
Cs133,Cs133,0.000111,Cs133,Cs133,2.99292408e+17,0.0,True,0.0,稳定,inf
Cs134,Cs134,0.000167,Cs134,Cs134,4.482237904297821e+17,4768125534.215207,False,1.0637823417724572e-08,2.07 年,65158740.969984
Cs134,Cs134,0.000167,Ba134,Ba-134,2062985570217920.0,0.0,True,0.0,稳定,inf
Cs134,Cs134,0.000167,Xe134,Xe-134,6188956710.653809,0.0,True,0.0,稳定,inf
Cs135,Cs135,0.000341,Cs135,Cs135,9.194478436525111e+17,8780.71802937977,False,9.549990344746825e-15,2301526.19 年,72580929984000.0
Cs135,Cs135,0.000341,Ba135,Ba-135,4347488896.0,0.0,True,0.0,稳定,inf
Cs136,Cs136,0.000397,Cs136,Cs136,8.321443583279953e+17,507287898754.9205,False,6.096152592732829e-07,13.16 天,1137024.0
Cs136,Cs136,0.000397,Ba136,Ba-136,2.3829785767200474e+17,0.0,True,0.0,稳定,inf
Cs137,Cs137,0.000573,Cs137,Cs137,1.544510077192151e+18,1124573775.6185775,False,7.28110351771224e-10,30.19 年,951980944.7479681
Cs137,Cs137,0.000573,Ba137m,Ba-137m,234450296455.1433,1061315059.8832675,False,0.004526823279518974,2.55 分钟,153.12
Cs137,Cs137,0.000573,Ba137,Ba-137,458418957641291.5,0.0,True,0.0,稳定,inf
Cs138,Cs138,0.000318,Cs138,Cs138,2870042739686155.5,992398499999.9999,False,0.00034577830018953673,33.41 分钟,2004.6
Cs138,Cs138,0.000318,Ba138,Ba-138,8.545622612603137e+17,0.0,True,0.0,稳定,inf
Cs139,Cs139,0.000321,Cs139,Cs139,803839855050544.4,1001760750000.0001,False,0.001246219310607597,9.27 分钟,556.1999999999999
Cs139,Cs139,0.000321,Ba139,Ba-139,7202474472545656.0,1001760750000.0001,False,0.0001390856370013535,1.38 小时,4983.6
Cs139,Cs139,0.000321,La139,La-139,8.575149736724037e+17,0.0,True,0.0,稳定,inf
Cs140,Cs140,0.000179,Cs140,Cs140,51336467525200.62,558614250000.0,False,0.010881431405964604,1.06 分钟,63.7
Cs140,Cs140,0.000179,Ba140,Ba-140,3.722990131275796e+17,234220713448.93594,False,6.291198880204206e-07,12.75 天,1101772.8
Cs140,Cs140,0.000179,La140,La-140,3.8995022413777816e+16,186424529408.68674,False,4.780726304771113e-06,1.68 天,144987.84
Cs140,Cs140,0.000179,Ce140,Ce-140,0.0,0.0,True,0.0,稳定,inf
Ba130,Ba130,1.3e-07,Ba130,Ba130,350522640000000.0,0.0,True,0.0,稳定,inf
Ba131,Ba131,4.26e-07,Ba131,Ba131,862688293254299.6,601821616.5169978,False,6.976118966988177e-07,11.50 天,993600.0
Ba131,Ba131,4.26e-07,Cs131,Cs-131,225918441418208.78,187061514.37666112,False,8.280046250424609e-07,9.69 天,837129.6
Ba131,Ba131,4.26e-07,Xe131,Xe-131,60028993327492.28,0.0,True,0.0,稳定,inf
Ba132,Ba132,2.54e-06,Ba132,Ba132,6848673119999999.0,0.0,True,0.0,稳定,inf
Ba133,Ba133,7.77e-06,Ba133,Ba133,2.0931582933163704e+16,43703588.811554745,False,2.08792564571461e-09,10.53 年,331978862.3616
Ba133,Ba133,7.77e-06,Cs133,Cs-133,18885626836296.0,0.0,True,0.0,稳定,inf
Ba134,Ba134,3.01e-05,Ba134,Ba134,8.11594728e+16,0.0,True,0.0,稳定,inf
Ba135,Ba135,5.47e-05,Ba135,Ba135,1.474891416e+17,0.0,True,0.0,稳定,inf
Ba136,Ba136,0.000148,Ba136,Ba136,3.99056544e+17,0.0,True,0.0,稳定,inf
Ba137,Ba137,0.000217,Ba137,Ba137,5.85103176e+17,0.0,True,0.0,稳定,inf
Ba138,Ba138,0.000414,Ba138,Ba138,1.116279792e+18,0.0,True,0.0,稳定,inf
Ba139,Ba139,0.000306,Ba139,Ba139,6865910244856606.0,954949500000.0,False,0.0001390856370013535,1.38 小时,4983.6
Ba139,Ba139,0.000306,La139,La-139,8.182104577551434e+17,0.0,True,0.0,稳定,inf
Ba140,Ba140,0.000395,Ba140,Ba140,8.216194736939037e+17,516897151285.7056,False,6.291198880204206e-07,12.75 天,1101772.8
Ba140,Ba140,0.000395,La140,La-140,8.606016129982264e+16,411430076918.90704,False,4.780726304771113e-06,1.68 天,144987.84
Ba140,Ba140,0.000395,Ce140,Ce-140,1.57369925006274e+17,0.0,True,0.0,稳定,inf
Ba141,Ba141,0.000257,Ba141,Ba141,1268400601211080.5,802032750000.0,False,0.0006323181723772535,18.27 分钟,1096.2
Ba141,Ba141,0.000257,La141,La-141,1.632883532593575e+16,802032750000.0,False,4.911757231859023e-05,3.92 小时,14112.0
Ba141,Ba141,0.000257,Ce141,Ce-141,6.097710734865385e+17,150483292849.7819,False,2.4678653906842633e-07,32.51 天,2808691.2
Ba141,Ba141,0.000257,Pr141,Pr-141,0.0,0.0,True,0.0,稳定,inf
Ba142,Ba142,0.00025,Ba142,Ba142,715864197267823.0,780187500000.0,False,0.0010898540574841907,10.60 分钟,636.0
Ba142,Ba142,0.00025,La142,La-142,6152380035009308.0,780187499999.9999,False,0.00012681068067324283,1.52 小时,5466.0
Ba142,Ba142,0.00025,Ce142,Ce-142,6.672137557677229e+17,0.0,True,0.0,稳定,inf
La132,La132,4.06e-09,La132,La132,315866297577.85626,12670244.999999985,False,4.011268406018202e-05,4.80 小时,17280.0
La132,La132,4.06e-09,Ba132,Ba-132,10631225382422.143,0.0,True,0.0,稳定,inf
La133,La133,1.14e-07,La133,La133,7228359041369.128,355765500.0,False,4.921801725175708e-05,3.91 小时,14083.199999999999
La133,La133,1.14e-07,Ba133,Ba-133,299888668412225.56,626145.2416370907,False,2.08792564571461e-09,10.53 年,331978862.3616
La133,La133,1.14e-07,Cs133,Cs-133,264364546403.78888,0.0,True,0.0,稳定,inf
La134,La134,7.1e-07,La134,La134,1237094374108.6775,2215732500.0,False,0.0017910779859430111,6.45 分钟,387.0
La134,La134,7.1e-07,Ba134,Ba-134,1913155785625891.2,0.0,True,0.0,稳定,inf
La135,La135,3.68e-06,La135,La135,1162874309849255.2,11482094718.19948,False,9.873891460967882e-06,19.50 小时,70200.0
La135,La135,3.68e-06,Ba135,Ba-135,8759612730150745.0,0.0,True,0.0,稳定,inf
La136,La136,9.86e-06,La136,La136,26289288725490.355,30770595000.0,False,0.0011704612978047035,9.87 分钟,592.1999999999999
La136,La136,9.86e-06,Ba136,Ba-136,2.6559504791274508e+16,0.0,True,0.0,稳定,inf
La137,La137,3.43e-05,La137,La137,9.248403578734928e+16,33856.8298711422,False,3.6608296321529493e-13,60039.81 年,1893415564800.0
La137,La137,3.43e-05,Ba137,Ba-137,14612650720.0,0.0,True,0.0,稳定,inf
La138,La138,6.68e-05,La138,La138,1.8013126088342083e+17,0.038789991618770614,False,2.153429195384088e-19,102067683287.67 年,3.21880646016e+18
La138,La138,6.68e-05,Ba138,Ba-138,-10989520991424.0,0.0,True,0.0,稳定,inf
La138,La138,6.68e-05,Ce138,Ce-138,-5560962429400.0,0.0,True,0.0,稳定,inf
La139,La139,0.000166,La139,La139,4.47590448e+17,0.0,True,0.0,稳定,inf
La140,La140,0.000169,La140,La140,1.085460955183795e+17,518929174124.91473,False,4.780726304771113e-06,1.68 天,144987.84
La140,La140,0.000169,Ce140,Ce-140,3.471333364816204e+17,0.0,True,0.0,稳定,inf
La141,La141,0.000276,La141,La141,1.7536025486218936e+16,861327000000.0,False,4.911757231859023e-05,3.92 小时,14112.0
La141,La141,0.000276,Ce141,Ce-141,6.559580176216806e+17,161881608943.04037,False,2.4678653906842633e-07,32.51 天,2808691.2
La141,La141,0.000276,Pr141,Pr-141,7.069248489210022e+16,0.0,True,0.0,稳定,inf
La142,La142,0.000258,La142,La142,6349256196129607.0,805153500000.0,False,0.00012681068067324283,1.52 小时,5466.0
La142,La142,0.000258,Ce142,Ce-142,6.893033678038703e+17,0.0,True,0.0,稳定,inf
La143,La143,0.000291,La143,La143,1116261900358527.8,908138250000.0001,False,0.0008135530288262268,14.20 分钟,852.0
La143,La143,0.000291,Ce143,Ce-143,1.5481066867753546e+17,902187805946.7896,False,5.827684962888516e-06,1.38 天,118940.40000000001
La143,La143,0.000291,Pr143,Pr-143,5.1074358967437626e+17,301949834169.0715,False,5.911965226261167e-07,13.57 天,1172448.0
La143,La143,0.000291,Nd143,Nd-143,0.0,0.0,True,0.0,稳定,inf
Ce135,Ce135,3.25e-08,Ce135,Ce135,9323021119447.756,101415973.05784741,False,1.0878016016320548e-05,17.70 小时,63720.0
Ce135,Ce135,3.25e-08,La135,La-135,10258393468507.635,101290263.67194623,False,9.873891460967882e-06,19.50 小时,70200.0
Ce135,Ce135,3.25e-08,Ba135,Ba-135,68049245412044.59,0.0,True,0.0,稳定,inf
Ce136,Ce136,3.04e-07,Ce136,Ce136,819683712000000.1,0.0,True,0.0,稳定,inf
Ce137,Ce137,9.66e-07,Ce137,Ce137,140914489191474.8,3014644471.7011003,False,2.1393431498763742e-05,9.00 小时,32400.0
Ce137,Ce137,9.66e-07,La137,La-137,2463737989427885.0,901.9325037558531,False,3.6608296321529493e-13,60039.81 年,1893415564800.0
Ce137,Ce137,9.66e-07,Ba137,Ba-137,369470590.5761719,0.0,True,0.0,稳定,inf
Ce138,Ce138,5.85e-06,Ce138,Ce138,1.57735188e+16,0.0,True,0.0,稳定,inf
Ce139,Ce139,1.4e-05,Ce139,Ce139,3.681385656270941e+16,2145730701.3706977,False,5.8285952674249715e-08,137.64 天,11892182.399999999
Ce139,Ce139,1.4e-05,La139,La-139,934735437290592.0,0.0,True,0.0,稳定,inf
Ce140,Ce140,4.56e-05,Ce140,Ce140,1.229525568e+17,0.0,True,0.0,稳定,inf
Ce141,Ce141,5.74e-05,Ce141,Ce141,1.3938180889414358e+17,34397554226.0825,False,2.4678653906842633e-07,32.51 天,2808691.2
Ce141,Ce141,5.74e-05,Pr141,Pr-141,1.5387418305856416e+16,0.0,True,0.0,稳定,inf
Ce142,Ce142,0.000122,Ce142,Ce142,3.28952016e+17,0.0,True,0.0,稳定,inf
Ce143,Ce143,0.000131,Ce143,Ce143,6.969469329769414e+16,406158716124.0992,False,5.827684962888516e-06,1.38 天,118940.40000000001
Ce143,Ce143,0.000131,Pr143,Pr-143,2.3025450794981405e+17,136125664418.91762,False,5.911965226261167e-07,13.57 天,1172448.0
Ce143,Ce143,0.000131,Nd143,Nd-143,5.32697667524919e+16,0.0,True,0.0,稳定,inf
Ce144,Ce144,0.000213,Ce144,Ce144,5.673879906188922e+17,15976592753.667572,False,2.8158144017536774e-08,284.91 天,24616224.000000004
Ce144,Ce144,0.000213,Pr144,Pr-144,23623614574130.758,15793443129.526972,False,0.0006685447343363669,17.28 分钟,1036.8000000000002
Ce144,Ce144,0.000213,Nd144,Nd-144,-5.61854462960755e+17,-5.389135721303354e-06,False,9.591693359352705e-24,2291519556164383.50 年,7.22653607232e+22
Ce144,Ce144,0.000213,Ce140,Ce-140,0.0,0.0,True,0.0,稳定,inf
Ce144,Ce144,0.000213,Pr144m,Pr-144m,97212692447.32104,155978480.75116128,False,0.0016045073624072809,7.20 分钟,432.0
Ce145,Ce145,0.000165,Ce145,Ce145,134163756065307.28,514923750000.0,False,0.0038380242555921666,3.01 分钟,180.6
Ce145,Ce145,0.000165,Pr145,Pr-145,1.6003373746726546e+16,514923749999.5615,False,3.217594978089467e-05,5.98 小时,21542.4
Ce145,Ce145,0.000165,Nd145,Nd-145,4.287565824972081e+17,0.0,True,0.0,稳定,inf
Pr137,Pr137,8.12e-09,Pr137,Pr137,168462025374.85684,25340489.999999996,False,0.00015042256522568257,1.28 小时,4608.0
Pr137,Pr137,8.12e-09,Ce137,Ce-137,1184498602954.3296,25340489.7226848,False,2.1393431498763742e-05,9.00 小时,32400.0
Pr137,Pr137,8.12e-09,La137,La-137,20541219676723.203,7.519790567311153,False,3.6608296321529493e-13,60039.81 年,1893415564800.0
Pr137,Pr137,8.12e-09,Ba137,Ba-137,0.0,0.0,True,0.0,稳定,inf
Pr138,Pr138,5.28e-08,Pr138,Pr138,20681721865.2168,164775600.0,False,0.007967208971953394,1.45 分钟,87.0
Pr138,Pr138,5.28e-08,Ce138,Ce-138,142345436678134.78,0.0,True,0.0,稳定,inf
Pr139,Pr139,4.43e-07,Pr139,Pr139,31664915585849.14,1382492250.0,False,4.366006428319131e-05,4.41 小时,15876.0
Pr139,Pr139,4.43e-07,Ce139,Ce-139,1134745567779066.2,66139726.46088528,False,5.8285952674249715e-08,137.64 天,11892182.399999999
Pr139,Pr139,4.43e-07,La139,La-139,28062820635083.516,0.0,True,0.0,稳定,inf
Pr140,Pr140,1.56e-06,Pr140,Pr140,1428594800313.6436,4868370000.0,False,0.0034078032475906845,3.39 分钟,203.4
Pr140,Pr140,1.56e-06,Ce140,Ce-140,4204843085199686.5,0.0,True,0.0,稳定,inf
Pr141,Pr141,7.16e-06,Pr141,Pr141,1.930570848e+16,0.0,True,0.0,稳定,inf
Pr142,Pr142,1.2e-05,Pr142,Pr142,3718200820842495.5,37442765221.44715,False,1.0070129889585444e-05,19.12 小时,68832.0
Pr142,Pr142,1.2e-05,Nd142,Nd-142,2.863315314152884e+16,0.0,True,0.0,稳定,inf
Pr142,Pr142,1.2e-05,Ce142,Ce-142,4696588569381.832,0.0,True,0.0,稳定,inf
Pr143,Pr143,3.01e-05,Pr143,Pr143,6.3552532316211896e+16,37572036109.42838,False,5.911965226261167e-07,13.57 天,1172448.0
Pr143,Pr143,3.01e-05,Nd143,Nd-143,1.7606940483788104e+16,0.0,True,0.0,稳定,inf
Pr144,Pr144,4.28e-05,Pr144,Pr144,199789323197028.53,133568099999.99997,False,0.0006685447343363669,17.28 分钟,1036.8000000000002
Pr144,Pr144,4.28e-05,Nd144,Nd-144,-199789323197028.56,-1.91631792457851e-09,False,9.591693359352705e-24,2291519556164383.50 年,7.22653607232e+22
Pr144,Pr144,4.28e-05,Ce140,Ce-140,-2.2409008644095997e+18,0.0,True,0.0,稳定,inf
Pr145,Pr145,8.14e-05,Pr145,Pr145,7894997715051818.0,254029049999.78546,False,3.217594978089467e-05,5.98 小时,21542.4
Pr145,Pr145,8.14e-05,Nd145,Nd-145,2.115861014849482e+17,0.0,True,0.0,稳定,inf
Pr146,Pr146,8.61e-05,Pr146,Pr146,561700816355450.4,268696575000.00003,False,0.0004783624434506179,24.15 分钟,1449.0
Pr146,Pr146,8.61e-05,Nd146,Nd-146,2.3159213998364458e+17,0.0,True,0.0,稳定,inf
Pr147,Pr147,0.000129,Pr147,Pr147,466959566564965.6,402576750000.0,False,0.0008621233589054045,13.40 分钟,804.0
Pr147,Pr147,0.000129,Nd147,Nd-147,2.576618799384707e+17,188260648166.20084,False,7.306499828812754e-07,10.98 天,948672.0
Pr147,Pr147,0.000129,Pm147,Pm-147,8.947104257215077e+16,749115446.8272033,False,8.372713956284856e-09,2.63 年,82786439.87827201
Pr147,Pr147,0.000129,Sm147,Sm-147,0.0,0.0,False,2.0721677163129903e-19,106070337534.25 年,3.34503416448e+18
Pr148,Pr148,0.000103,Pr148,Pr148,63717316305494.88,321437250000.0,False,0.005044739305385336,2.29 分钟,137.4
Pr148,Pr148,0.000103,Nd148,Nd-148,2.776580666836945e+17,0.0,True,0.0,稳定,inf
Nd134,Nd134,8.12e-09,Nd134,Nd134,18644885620.915146,25340489.999999996,False,0.0013591121187449908,8.50 分钟,510.0
Nd134,Nd134,8.12e-09,Pr134m,Pr-134m,37289771241.83029,25340489.999999996,False,0.0006795560593724954,17.00 分钟,1020.0
Nd134,Nd134,8.12e-09,Ce134,Ce-134,8861933653041.46,22498477.518148534,False,2.538777472163419e-06,3.16 天,273024.0
Nd134,Nd134,8.12e-09,La134,La-134,0.0,0.0,False,0.0017910779859430111,6.45 分钟,387.0
Nd140,Nd140,8.12e-09,Nd140,Nd140,9283659807837.457,22100445.863145046,False,2.380574721672523e-06,3.37 天,291168.0
Nd140,Nd140,8.12e-09,Pr140,Pr-140,6484582380.920134,22098180.896968964,False,0.0034078032475906845,3.39 分钟,203.4
Nd140,Nd140,8.12e-09,Ce140,Ce-140,12604038969781.621,0.0,True,0.0,稳定,inf
Nd141,Nd141,8.12e-08,Nd141,Nd141,3277112837370.262,253404900.0,False,7.7325656019628e-05,2.49 小时,8964.0
Nd141,Nd141,8.12e-08,Pr141,Pr-141,215664720762629.75,0.0,True,0.0,稳定,inf
Nd142,Nd142,7.39e-07,Nd142,Nd142,1992586392000000.0,0.0,True,0.0,稳定,inf
Nd143,Nd143,1.65e-06,Nd143,Nd143,4448941200000000.0,0.0,True,0.0,稳定,inf
Nd144,Nd144,5.63e-06,Nd144,Nd144,0.0,0.0,False,9.591693359352705e-24,2291519556164383.50 年,7.22653607232e+22
Nd144,Nd144,5.63e-06,Ce140,Ce-140,1.518032664e+16,0.0,True,0.0,稳定,inf
Nd145,Nd145,8.52e-06,Nd145,Nd145,2.297271456e+16,0.0,True,0.0,稳定,inf
Nd146,Nd146,2.19e-05,Nd146,Nd146,5.90495832e+16,0.0,True,0.0,稳定,inf
Nd147,Nd147,2.67e-05,Nd147,Nd147,5.3381469564874984e+16,39003169823.75323,False,7.306499828812754e-07,10.98 天,948672.0
Nd147,Nd147,2.67e-05,Pm147,Pm-147,1.856344246086998e+16,155426393.76881698,False,8.372713956284856e-09,2.63 年,82786439.87827201
Nd147,Nd147,2.67e-05,Sm147,Sm-147,64611037568789.16,1.3388490616753064e-05,False,2.0721677163129903e-19,106070337534.25 年,3.34503416448e+18
Nd147,Nd147,2.67e-05,Nd143,Nd-143,0.0,0.0,True,0.0,稳定,inf
Nd148,Nd148,5.21e-05,Nd148,Nd148,1.404786888e+17,0.0,True,0.0,稳定,inf
Nd149,Nd149,4.84e-05,Nd149,Nd149,1355579893841520.8,151044300000.0,False,0.0001114241223893945,1.73 小时,6220.8
Nd149,Nd149,4.84e-05,Pm149,Pm-149,3.976608163401174e+16,144246354384.01083,False,3.627371580423393e-06,2.21 天,191088.0
Nd149,Nd149,4.84e-05,Sm149,Sm-149,8.938061367214675e+16,0.0,True,0.0,稳定,inf
Nd151,Nd151,5.34e-05,Nd151,Nd151,179451216146500.28,166648050000.0,False,0.0009286537788852429,12.44 分钟,746.4
Nd151,Nd151,5.34e-05,Pm151,Pm-151,2.4510005374691544e+16,166168242576.0617,False,6.77960857355189e-06,1.18 天,102240.0
Nd151,Nd151,5.34e-05,Sm151,Sm-151,1.1928361099140778e+17,29111798.51650339,False,2.440553088101966e-10,90.06 年,2840123347.2000003
Nd151,Nd151,5.34e-05,Eu151,Eu-151,0.0,0.0,True,0.0,稳定,inf
Nd152,Nd152,5.68e-05,Nd152,Nd152,174919390571645.56,177258600000.0,False,0.001013373070994072,11.40 分钟,684.0
Nd152,Nd152,5.68e-05,Pm152,Pm-152,63216481504840.34,177258600000.00003,False,0.0028039934488670922,4.12 分钟,247.20000000000002
Nd152,Nd152,5.68e-05,Sm152,Sm-152,1.5291329452792352e+17,0.0,True,0.0,稳定,inf
Pm136,Pm136,5.68e-08,Pm136,Pm136,27363121039.716484,177258600.0,False,0.006478011033270517,1.78 分钟,107.0
Pm136,Pm136,5.68e-08,Nd136,Nd-136,777163783548.5831,177258600.0,False,0.00022808396859491455,50.65 分钟,3039.0
Pm136,Pm136,5.68e-08,Pr136,Pr-136,201003861095.48743,177258600.0,False,0.0008818666419337727,13.10 分钟,786.0
Pm136,Pm136,5.68e-08,Ce136,Ce-136,0.0,0.0,True,0.0,稳定,inf
Pm143,Pm143,3.25e-08,Pm143,Pm143,86494531701781.98,2618511.564593946,False,3.02737238190053e-08,265.00 天,22896000.0
Pm143,Pm143,3.25e-08,Nd143,Nd-143,1136128298218.0156,0.0,True,0.0,稳定,inf
Pm144,Pm144,1.62e-07,Pm144,Pm144,432661165144601.94,9562094.006917715,False,2.2100652374755932e-08,363.00 天,31363200.0
Pm144,Pm144,1.62e-07,Nd144,Nd-144,-432661165144602.2,-4.149953224567285e-09,False,9.591693359352705e-24,2291519556164383.50 年,7.22653607232e+22
Pm144,Pm144,1.62e-07,Ce140,Ce-140,-8481914486784000.0,0.0,True,0.0,稳定,inf
Pm145,Pm145,5.97e-07,Pm145,Pm145,1608845169031627.2,1996511.209605797,False,1.2409591973399828e-09,17.71 年,558557591.616
Pm145,Pm145,5.97e-07,Nd145,Nd-145,862646968372.5,0.0,True,0.0,稳定,inf
Pm145,Pm145,5.97e-07,Pr141,Pr-141,2415.4115114435554,0.0,True,0.0,稳定,inf
Pm146,Pm146,1.25e-06,Pm146,Pm146,3364633357916859.5,13364212.83688136,False,3.971967051160524e-09,5.53 年,174509801.2224
Pm146,Pm146,1.25e-06,Nd146,Nd-146,3812583774873.0,0.0,True,0.0,稳定,inf
Pm146,Pm146,1.25e-06,Sm146,Sm-146,1964293665227.9607,0.0004188899683058356,False,2.1325221158172522e-16,103068346.85 年,3250363386240000.0
Pm146,Pm146,1.25e-06,Nd142,Nd-142,1326318750.0000002,0.0,True,0.0,稳定,inf
Pm147,Pm147,3.51e-06,Pm147,Pm147,9429961867386698.0,78954373.3343026,False,8.372713956284856e-09,2.63 年,82786439.87827201
Pm147,Pm147,3.51e-06,Sm147,Sm-147,36458580262408.94,7.554829300236979e-06,False,2.0721677163129903e-19,106070337534.25 年,3.34503416448e+18
Pm147,Pm147,3.51e-06,Nd143,Nd-143,0.0,0.0,True,0.0,稳定,inf
Pm148,Pm148,5.7e-06,Pm148,Pm148,8630137066928899.0,12897837614.075441,False,1.4945113286207905e-06,5.37 天,463795.2
Pm148,Pm148,5.7e-06,Sm148,Sm-148,-8630137066928899.0,-2.7080109860704158e-08,False,3.1378539704168136e-24,7004644931506850.00 年,2.2089848256e+23
Pm148,Pm148,5.7e-06,Nd144,Nd-144,0.01811970865801,1.7379868920844022e-25,False,9.591693359352705e-24,2291519556164383.50 年,7.22653607232e+22
Pm148,Pm148,5.7e-06,Ce140,Ce-140,0.0,0.0,True,0.0,稳定,inf
Pm149,Pm149,1.23e-05,Pm149,Pm149,1.0121347575883048e+16,36713888552.34537,False,3.627371580423393e-06,2.21 天,191088.0
Pm149,Pm149,1.23e-05,Sm149,Sm-149,2.304348682411695e+16,0.0,True,0.0,稳定,inf
Pm150,Pm150,1.5e-05,Pm150,Pm150,651571488230184.5,46811250000.0,False,7.184361324211705e-05,2.68 小时,9648.0
Pm150,Pm150,1.5e-05,Sm150,Sm-150,3.9793348511769816e+16,0.0,True,0.0,稳定,inf
Pm151,Pm151,2.9e-05,Pm151,Pm151,1.3310957664647614e+16,90243082705.43121,False,6.77960857355189e-06,1.18 天,102240.0
Pm151,Pm151,2.9e-05,Sm151,Sm-151,6.487664628257881e+16,15833489.943064665,False,2.440553088101966e-10,90.06 年,2840123347.2000003
Pm151,Pm151,2.9e-05,Eu151,Eu-151,5908052780933.618,0.0,True,0.0,稳定,inf
Pm152,Pm152,2.82e-05,Pm152,Pm152,31385647507684.812,88005150000.0,False,0.0028039934488670922,4.12 分钟,247.20000000000002
Pm152,Pm152,2.82e-05,Sm152,Sm-152,7.600506395249232e+16,0.0,True,0.0,稳定,inf
Pm153,Pm153,3.69e-05,Pm153,Pm153,52332374194607.18,115155675000.00002,False,0.0022004672398728423,5.25 分钟,315.0
Pm153,Pm153,3.69e-05,Sm153,Sm-153,2.7032290664090492e+16,111931637143.9143,False,4.140664161051047e-06,1.94 天,167400.0
Pm153,Pm153,3.69e-05,Eu153,Eu-153,7.240988016171491e+16,0.0,True,0.0,稳定,inf
Pm154,Pm154,2.55e-05,Pm154,Pm154,11917112853762.268,79579125000.0,False,0.00667771850250429,1.73 分钟,103.8
Pm154,Pm154,2.55e-05,Sm154,Sm-154,6.874444688714624e+16,0.0,True,0.0,稳定,inf
Sm139,Sm139,1.22e-08,Sm139,Sm139,8469889072.126536,38073150.0,False,0.0044951179024639775,2.57 分钟,154.2
Sm139,Sm139,1.22e-08,Pm139,Pm-139,13677058229.30939,38073150.0,False,0.0027837236167066073,4.15 分钟,249.00000000000003
Sm139,Sm139,1.22e-08,Nd139,Nd-139,97881597448.31056,38073150.0,False,0.0003889714817957044,29.70 分钟,1782.0
Sm139,Sm139,1.22e-08,Pr139,Pr-139,0.0,0.0,False,4.366006428319131e-05,4.41 小时,15876.0
Sm140,Sm140,4.06e-09,Sm140,Sm140,16253953229.527205,12670244.999999998,False,0.0007795177469185169,14.82 分钟,889.2
Sm140,Sm140,4.06e-09,Pm140,Pm-140,168169556.58080328,12670245.0,False,0.07534208484347232,9.20 秒,9.2
Sm140,Sm140,4.06e-09,Nd140,Nd-140,4639723732680.83,11045209.033564068,False,2.380574721672523e-06,3.37 天,291168.0
Sm140,Sm140,4.06e-09,Pr140,Pr-140,0.0,0.0,False,0.0034078032475906845,3.39 分钟,203.4
Sm145,Sm145,1.22e-08,Sm145,Sm145,32562156663214.473,768326.7662056899,False,2.3595696505989422e-08,340.00 天,29376000.0
Sm145,Sm145,1.22e-08,Pm145,Pm-145,332925737818.28656,413.14725637680243,False,1.2409591973399828e-09,17.71 年,558557591.616
Sm145,Sm145,1.22e-08,Nd145,Nd-145,119198969.02540326,0.0,True,0.0,稳定,inf
Sm145,Sm145,1.22e-08,Pr141,Pr-141,0.3337571132711291,0.0,True,0.0,稳定,inf
Sm146,Sm146,2.44e-08,Sm146,Sm146,65790416706203.67,0.014029951863481214,False,2.1325221158172522e-16,103068346.85 年,3250363386240000.0
Sm146,Sm146,2.44e-08,Nd142,Nd-142,-13506203.671875,0.0,True,0.0,稳定,inf
Sm147,Sm147,1.01e-07,Sm147,Sm147,272395574134606.5,5.644493147882734e-05,False,2.0721677163129903e-19,106070337534.25 年,3.34503416448e+18
Sm147,Sm147,1.01e-07,Nd143,Nd-143,-66446134606.5,0.0,True,0.0,稳定,inf
Sm148,Sm148,3.49e-07,Sm148,Sm148,0.0,0.0,False,3.1378539704168136e-24,7004644931506850.00 年,2.2089848256e+23
Sm148,Sm148,3.49e-07,Nd144,Nd-144,-0.0,-0.0,False,9.591693359352705e-24,2291519556164383.50 年,7.22653607232e+22
Sm148,Sm148,3.49e-07,Ce140,Ce-140,0.0,0.0,True,0.0,稳定,inf
Sm149,Sm149,8e-07,Sm149,Sm149,2157062400000000.0,0.0,True,0.0,稳定,inf
Sm150,Sm150,2.48e-06,Sm150,Sm150,6686893440000000.0,0.0,True,0.0,稳定,inf
Sm151,Sm151,3.16e-06,Sm151,Sm151,8519498221602947.0,2079228.7693812281,False,2.440553088101966e-10,90.06 年,2840123347.2000003
Sm151,Sm151,3.16e-06,Eu151,Eu-151,898258397053.0,0.0,True,0.0,稳定,inf
Sm152,Sm152,8.01e-06,Sm152,Sm152,2.159758728e+16,0.0,True,0.0,稳定,inf
Sm153,Sm153,8.79e-06,Sm153,Sm153,6439748338722172.0,26664835152.33492,False,4.140664161051047e-06,1.94 天,167400.0
Sm153,Sm153,8.79e-06,Eu153,Eu-153,1.7260974781277828e+16,0.0,True,0.0,稳定,inf
Sm154,Sm154,1.51e-05,Sm154,Sm154,4.07145528e+16,0.0,True,0.0,稳定,inf
Sm155,Sm155,1.28e-05,Sm155,Sm155,77108028855897.14,39945600000.0,False,0.0005180472201494359,22.30 分钟,1338.0
Sm155,Sm155,1.28e-05,Eu155,Eu-155,3.436750333641789e+16,158551899.26328868,False,4.613425005338618e-09,4.76 年,150245680.75948802
Sm155,Sm155,1.28e-05,Gd155,Gd-155,68387034725551.414,0.0,True,0.0,稳定,inf
Sm156,Sm156,1.49e-05,Sm156,Sm156,2270126884588407.0,46499174041.54215,False,2.0483072711582307e-05,9.40 小时,33840.0
Sm156,Sm156,1.49e-05,Eu156,Eu-156,3.0781164028443012e+16,16256946776.531588,False,5.281459389095723e-07,15.19 天,1312416.0
Sm156,Sm156,1.49e-05,Gd156,Gd-156,7123996286968599.0,0.0,True,0.0,稳定,inf
Sm157,Sm157,9.12e-06,Sm157,Sm157,19783136708314.28,28461240000.000004,False,0.001438661644997811,8.03 分钟,481.79999999999995
Sm157,Sm157,9.12e-06,Eu157,Eu-157,2243856107473589.5,28460740273.706856,False,1.2683852667251232e-05,15.18 小时,54648.0
Sm157,Sm157,9.12e-06,Gd157,Gd-157,2.23268721158181e+16,0.0,True,0.0,稳定,inf
Eu142,Eu142,4.47e-08,Eu142,Eu142,470930586.829055,139497525.0,False,0.29621674382903646,2.34 秒,2.34
Eu142,Eu142,4.47e-08,Sm142,Sm-142,875327134339.4409,139497525.0,False,0.0001593661609785132,1.21 小时,4349.4
Eu142,Eu142,4.47e-08,Pm142,Pm-142,8150721695.118259,139497525.0,False,0.017114745199010996,40.50 秒,40.5
Eu142,Eu142,4.47e-08,Nd142,Nd-142,0.0,0.0,True,0.0,稳定,inf
Eu143,Eu143,8.12e-09,Eu143,Eu143,5681206324.490615,25340489.999999996,False,0.0044604065673098155,2.59 分钟,155.39999999999998
Eu143,Eu143,8.12e-09,Sm143,Sm-143,19170040759.587776,25309828.007099997,False,0.0013202803439237053,8.75 分钟,525.0
Eu143,Eu143,8.12e-09,Pm143,Pm-143,21576301954521.953,653195.0064066618,False,3.02737238190053e-08,265.00 天,22896000.0
Eu143,Eu143,8.12e-09,Nd143,Nd-143,0.0,0.0,True,0.0,稳定,inf
Eu143,Eu143,8.12e-09,Sm143m,Sm-143m,2912089.847231851,30583.437380999992,False,0.01050223000848402,1.10 分钟,66.0
Eu149,Eu149,8.12e-09,Eu149,Eu149,21099007537042.785,1818126.365879262,False,8.617117950629866e-08,93.10 天,8043839.999999999
Eu149,Eu149,8.12e-09,Sm149,Sm-149,795175822957.2109,0.0,True,0.0,稳定,inf
Eu150,Eu150,5.28e-08,Eu150,Eu150,142329515091369.22,84722.61892299916,False,5.952568507565771e-10,36.92 年,1164450572.352
Eu150,Eu150,5.28e-08,Sm150,Sm-150,36603308630.78125,0.0,True,0.0,稳定,inf
Eu151,Eu151,2.19e-07,Eu151,Eu151,590495832000000.0,0.0,True,0.0,稳定,inf
Eu152,Eu152,5.2e-07,Eu152,Eu152,1401108212312223.0,2273421.789828809,False,1.622588298213614e-09,13.55 年,427186108.34496003
Eu152,Eu152,5.2e-07,Sm152,Sm-152,708272682887.125,0.0,True,0.0,稳定,inf
Eu152,Eu152,5.2e-07,Gd152,Gd-152,103401198151860.17,2.1029676121913802e-08,False,2.0337942400849716e-22,108071664657534.25 年,3.40814801664e+21
Eu152,Eu152,5.2e-07,Sm148,Sm-148,-502056402453394.9,-1.5753796758115668e-09,False,3.1378539704168136e-24,7004644931506850.00 年,2.2089848256e+23
Eu152,Eu152,5.2e-07,Nd144,Nd-144,0.0,0.0,False,9.591693359352705e-24,2291519556164383.50 年,7.22653607232e+22
Eu153,Eu153,1.38e-06,Eu153,Eu153,3720932640000000.0,0.0,True,0.0,稳定,inf
Eu154,Eu154,2.03e-06,Eu154,Eu154,5467506092160343.0,13975753.508314226,False,2.5561477706176768e-09,8.60 年,271168665.80544
Eu154,Eu154,2.03e-06,Gd154,Gd-154,6038539890090.0,0.0,True,0.0,稳定,inf
Eu154,Eu154,2.03e-06,Sm154,Sm-154,1207949567.9315186,0.0,True,0.0,稳定,inf
Eu155,Eu155,4.19e-06,Eu155,Eu155,1.1275128065805036e+16,52016957.7571802,False,4.613425005338618e-09,4.76 年,150245680.75948802
Eu155,Eu155,4.19e-06,Gd155,Gd-155,22486254194962.0,0.0,True,0.0,稳定,inf
Eu156,Eu156,4.71e-06,Eu156,Eu156,1.0196869853896598e+16,5385435402.9249325,False,5.281459389095723e-07,15.19 天,1312416.0
Eu156,Eu156,4.71e-06,Gd156,Gd-156,2502835026103402.0,0.0,True,0.0,稳定,inf
Eu157,Eu157,6.29e-06,Eu157,Eu157,1547572050534180.5,19629175880.931423,False,1.2683852667251232e-05,15.18 小时,54648.0
Eu157,Eu157,6.29e-06,Gd157,Gd-157,1.541233106946582e+16,0.0,True,0.0,稳定,inf
Eu158,Eu158,5.12e-06,Eu158,Eu158,63484457838308.125,15978240000.0,False,0.00025168742939722053,45.90 分钟,2754.0
Eu158,Eu158,5.12e-06,Gd158,Gd-158,1.3741714902161692e+16,0.0,True,0.0,稳定,inf
Eu159,Eu159,4.63e-06,Eu159,Eu159,22638327291937.875,14449072500.0,False,0.0006382570723388078,18.10 分钟,1086.0
Eu159,Eu159,4.63e-06,Gd159,Gd-159,1386567820467525.2,14447264092.757147,False,1.0419442799332956e-05,18.48 小时,66524.4
Eu159,Eu159,4.63e-06,Tb159,Tb-159,1.1074792492240538e+16,0.0,True,0.0,稳定,inf
Gd142,Gd142,1.98e-06,Gd142,Gd142,625800377128.543,6179085000.0,False,0.009873891460967881,1.17 分钟,70.2
Gd142,Gd142,1.98e-06,Eu142,Eu-142,20860012570.95143,6179085000.0,False,0.29621674382903646,2.34 秒,2.34
Gd142,Gd142,1.98e-06,Sm142,Sm-142,38772879776109.46,6179085000.0,False,0.0001593661609785132,1.21 小时,4349.4
Gd142,Gd142,1.98e-06,Pm142,Pm-142,0.0,0.0,False,0.017114745199010996,40.50 秒,40.5
Gd144,Gd144,4.06e-07,Gd144,Gd144,490250816032.2983,1267024500.0,False,0.002584441389112399,4.47 分钟,268.2
Gd144,Gd144,4.06e-07,Eu144,Eu-144,18644885620.91515,1267024500.0000002,False,0.06795560593724954,10.20 秒,10.2
Gd144,Gd144,4.06e-07,Sm144,Sm-144,1094200272298346.8,0.0,True,0.0,稳定,inf
Gd145,Gd145,1.3e-07,Gd145,Gd145,807710924464.4495,405697500.0,False,0.0005022805656231487,23.00 分钟,1380.0
Gd145,Gd145,1.3e-07,Eu145,Eu-145,206450382261445.03,279301145.28691906,False,1.3528729868526819e-06,5.93 天,512352.0
Gd145,Gd145,1.3e-07,Sm145,Sm-145,142212320147080.94,3355598.745603127,False,2.3595696505989422e-08,340.00 天,29376000.0
Gd145,Gd145,1.3e-07,Pm145,Pm-145,0.0,0.0,False,1.2409591973399828e-09,17.71 年,558557591.616
Gd146,Gd146,4.87e-08,Gd146,Gd146,122318701938435.33,20329527.431149904,False,1.6620130126447902e-07,48.27 天,4170528.0000000005
Gd146,Gd146,4.87e-08,Eu146,Eu-146,5744340675900.936,9996569.313078813,False,1.7402465969710203e-06,4.61 天,398304.0
Gd146,Gd146,4.87e-08,Sm146,Sm-146,3248157954654.058,0.000692676867396751,False,2.1325221158172522e-16,103068346.85 年,3250363386240000.0
Gd146,Gd146,4.87e-08,Nd142,Nd-142,0.0,0.0,True,0.0,稳定,inf
Gd147,Gd147,2.03e-08,Gd147,Gd147,12376757604002.818,62546767.55386714,False,5.053566495770963e-06,1.59 天,137160.0
Gd147,Gd147,2.03e-08,Eu147,Eu-147,37672258686117.32,12540542.825806404,False,3.3288534489777605e-07,24.10 天,2082240.0000000002
Gd147,Gd147,2.03e-08,Sm147,Sm-147,4699703129115.418,9.73857310040811e-07,False,2.0721677163129903e-19,106070337534.25 年,3.34503416448e+18
Gd147,Gd147,2.03e-08,Nd143,Nd-143,0.0,0.0,True,0.0,稳定,inf
Gd147,Gd147,2.03e-08,Pm143,Pm-143,102316717.52634336,3.097508048459698,False,3.02737238190053e-08,265.00 天,22896000.0
Gd152,Gd152,1.62e-08,Gd152,Gd152,55195949187129.24,1.1225720353280622e-08,False,2.0337942400849716e-22,108071664657534.25 年,3.40814801664e+21
Gd152,Gd152,1.62e-08,Sm148,Sm-148,-56060888611419.7,-1.7591088191443804e-10,False,3.1378539704168136e-24,7004644931506850.00 年,2.2089848256e+23
Gd152,Gd152,1.62e-08,Nd144,Nd-144,907750358215.0271,8.706863082841114e-12,False,9.591693359352705e-24,2291519556164383.50 年,7.22653607232e+22
Gd152,Gd152,1.62e-08,Ce140,Ce-140,0.0,0.0,True,0.0,稳定,inf
Gd153,Gd153,3.65e-08,Gd153,Gd153,97010692894496.73,3237403.7225759504,False,3.337161735456075e-08,240.40 天,20770560.0
Gd153,Gd153,3.65e-08,Eu153,Eu-153,1405279105503.2812,0.0,True,0.0,稳定,inf
Gd154,Gd154,2.15e-07,Gd154,Gd154,579710520000000.0,0.0,True,0.0,稳定,inf
Gd155,Gd155,4.06e-07,Gd155,Gd155,1094709168000000.0,0.0,True,0.0,稳定,inf
Gd156,Gd156,7.79e-07,Gd156,Gd156,2100439512000000.0,0.0,True,0.0,稳定,inf
Gd157,Gd157,1.17e-06,Gd157,Gd157,3154703760000000.0,0.0,True,0.0,稳定,inf
Gd158,Gd158,1.94e-06,Gd158,Gd158,5230876320000000.0,0.0,True,0.0,稳定,inf
Gd159,Gd159,1.86e-06,Gd159,Gd159,557024063953599.06,5803880372.216508,False,1.0419442799332956e-05,18.48 小时,66524.4
Gd159,Gd159,1.86e-06,Tb159,Tb-159,4458146016046401.0,0.0,True,0.0,稳定,inf
Gd160,Gd160,2.54e-06,Gd160,Gd160,6848673119999999.0,0.0,True,0.0,稳定,inf
Gd162,Gd162,1.65e-06,Gd162,Gd162,3744104820427.18,5149237500.0,False,0.0013752920249205263,8.40 分钟,504.0
Gd162,Gd162,1.65e-06,Tb162,Tb-162,3387523408957.925,5149237500.0,False,0.001520059606491108,7.60 分钟,456.0
Gd162,Gd162,1.65e-06,Dy162,Dy-162,4441809571770615.0,0.0,True,0.0,稳定,inf
Tb146,Tb146,9.34e-08,Tb146,Tb146,9671820557.048662,291478050.0,False,0.030136833937388925,23.00 秒,23.0
Tb146,Tb146,9.34e-08,Gd146,Gd-146,234582315120305.94,38987886.02662892,False,1.6620130126447902e-07,48.27 天,4170528.0000000005
Tb146,Tb146,9.34e-08,Eu146,Eu-146,11016209356309.7,19170920.843838267,False,1.7402465969710203e-06,4.61 天,398304.0
Tb146,Tb146,9.34e-08,Sm146,Sm-146,0.0,0.0,False,2.1325221158172522e-16,103068346.85 年,3250363386240000.0
Tb147,Tb147,2.84e-08,Tb147,Tb147,754915264572.3651,88629300.0,False,0.0001174029777371181,1.64 小时,5904.0
Tb147,Tb147,2.84e-08,Gd147,Gd-147,17305249405863.508,87453228.59843218,False,5.053566495770963e-06,1.59 天,137160.0
Tb147,Tb147,2.84e-08,Eu147,Eu-147,52106893062675.21,17345621.068720173,False,3.3288534489777605e-07,24.10 天,2082240.0000000002
Tb147,Tb147,2.84e-08,Sm147,Sm-147,0.0,0.0,False,2.0721677163129903e-19,106070337534.25 年,3.34503416448e+18
Tb147,Tb147,2.84e-08,Pm143,Pm-143,0.0,0.0,False,3.02737238190053e-08,265.00 天,22896000.0
Tb148,Tb148,8.12e-09,Tb148,Tb148,131610957324.10692,25340489.999999996,False,0.0001925408834888737,1.00 小时,3600.0
Tb148,Tb148,8.12e-09,Gd148,Gd-148,21759821047420.75,6406.8898938935645,False,2.9443669963696646e-10,74.65 年,2354146685.568
Tb148,Tb148,8.12e-09,Sm144,Sm-144,2751355260.6225724,0.0,True,0.0,稳定,inf
Tb156,Tb156,2.84e-08,Tb156,Tb156,42925534470520.04,64368538.404875636,False,1.499539591034842e-06,5.35 天,462239.99999999994
Tb156,Tb156,2.84e-08,Gd156,Gd-156,33650180729479.96,0.0,True,0.0,稳定,inf
Tb157,Tb157,1.06e-07,Tb157,Tb157,285772573919422.7,88408.28506993027,False,3.0936588440729144e-10,71.05 年,2240541751.6800003
Tb157,Tb157,1.06e-07,Gd157,Gd-157,38194080577.3125,0.0,True,0.0,稳定,inf
Tb158,Tb158,2.31e-07,Tb158,Tb158,622818934933216.9,76001.133748982,False,1.220276544050983e-10,180.12 年,5680246694.400001
Tb158,Tb158,2.31e-07,Gd158,Gd-158,27382777697.125,0.0,True,0.0,稳定,inf
Tb158,Tb158,2.31e-07,Dy158,Dy-158,5450289086.0,0.0,True,0.0,稳定,inf
Tb159,Tb159,4.71e-07,Tb159,Tb159,1269970488000000.0,0.0,True,0.0,稳定,inf
Tb160,Tb160,5.32e-07,Tb160,Tb160,1367831319672396.5,151777000.20370865,False,1.1096178163259204e-07,72.30 天,6246720.0
Tb160,Tb160,5.32e-07,Dy160,Dy-160,66615176327603.75,0.0,True,0.0,稳定,inf
Tb161,Tb161,8.85e-07,Tb161,Tb161,1506074787211529.5,1749571448.3180406,False,1.161676341157892e-06,6.91 天,596678.4
Tb161,Tb161,8.85e-07,Dy161,Dy-161,880175492788470.5,0.0,True,0.0,稳定,inf
Tb162,Tb162,8.28e-07,Tb162,Tb162,1699920837949.795,2583981000.0,False,0.001520059606491108,7.60 分钟,456.0
Tb162,Tb162,8.28e-07,Dy162,Dy-162,2230859663162050.2,0.0,True,0.0,稳定,inf
Tb163,Tb163,1e-06,Tb163,Tb163,5267679942159.453,3120750000.0000005,False,0.0005924334876580728,19.50 分钟,1170.0
Tb163,Tb163,1e-06,Dy163,Dy-163,2691060320057840.5,0.0,True,0.0,稳定,inf
Tb164,Tb164,5.93e-07,Tb164,Tb164,480574493184.7008,1850604750.0,False,0.003850817669777474,3.00 分钟,180.0
Tb164,Tb164,5.93e-07,Dy164,Dy-164,1598441929506815.2,0.0,True,0.0,稳定,inf
Tb165,Tb165,4.75e-07,Tb165,Tb165,270745242155.3493,1482356250.0,False,0.005475096212953754,2.11 分钟,126.6
Tb165,Tb165,4.75e-07,Dy165m,Dy-165m,143595315759.1862,1319712122.25,False,0.009190495631927146,1.26 分钟,75.41999999999999
Tb165,Tb165,4.75e-07,Dy165,Dy-165,15639335280264.688,1290150570.7116003,False,8.24939517947188e-05,2.33 小时,8402.4
Tb165,Tb165,4.75e-07,Ho165,Ho-165,0.0,0.0,True,0.0,稳定,inf
Dy148,Dy148,1.62e-08,Dy148,Dy148,14441547164.504837,50556150.0,False,0.00350074333616134,3.30 分钟,198.0
Dy148,Dy148,1.62e-08,Tb148,Tb-148,262573584809.17886,50556150.0,False,0.0001925408834888737,1.00 小时,3600.0
Dy148,Dy148,1.62e-08,Gd148,Gd-148,43398012961062.914,12777.967707057658,False,2.9443669963696646e-10,74.65 年,2354146685.568
Dy148,Dy148,1.62e-08,Sm144,Sm-144,0.0,0.0,True,0.0,稳定,inf
Dy149,Dy149,4.06e-09,Dy149,Dy149,4606383506.343742,12670245.0,False,0.0027505840498410527,4.20 分钟,252.0
Dy149,Dy149,4.06e-09,Tb149,Tb-149,153600829307.89713,7181748.270899999,False,4.675592119690959e-05,4.12 小时,14824.800000000001
Dy149,Dy149,4.06e-09,Gd149,Gd-149,3639151825858.094,3146037.660294833,False,8.644975012970263e-07,9.28 天,801792.0
Dy149,Dy149,4.06e-09,Eu149,Eu-149,0.0,0.0,False,8.617117950629866e-08,93.10 天,8043839.999999999
Dy149,Dy149,4.06e-09,Eu145,Eu-145,610797441718.9908,826331.359340348,False,1.3528729868526819e-06,5.93 天,512352.0
Dy149,Dy149,4.06e-09,Sm145,Sm-145,0.0,0.0,False,2.3595696505989422e-08,340.00 天,29376000.0
Dy149,Dy149,4.06e-09,Tb149m,Tb-149m,1976389462.4467635,5488496.729099999,False,0.0027770319733972162,4.16 分钟,249.60000000000002
Dy150,Dy150,4.06e-09,Dy150,Dy150,7863754700.115387,12670244.999999998,False,0.0016112207823336712,7.17 分钟,430.2
Dy150,Dy150,4.06e-09,Tb150,Tb-150,146561962076.12546,8108956.799999999,False,5.532784008300968e-05,3.48 小时,12528.0
Dy150,Dy150,4.06e-09,Gd150,Gd-150,6854543933484.119,0.08411167892712704,False,1.227093731447916e-14,1791187.78 年,56486897683200.0
Dy150,Dy150,4.06e-09,Sm146,Sm-146,0.0,0.0,False,2.1325221158172522e-16,103068346.85 年,3250363386240000.0
Dy150,Dy150,4.06e-09,Eu146,Eu-146,2143039.91834064,3.729417925065352,False,1.7402465969710203e-06,4.61 天,398304.0
Dy150,Dy150,4.06e-09,Gd146,Gd-146,3668615539577.546,609728.676516877,False,1.6620130126447902e-07,48.27 天,4170528.0000000005
Dy158,Dy158,4.06e-09,Dy158,Dy158,10947091679999.998,0.0,True,0.0,稳定,inf
Dy159,Dy159,2.03e-08,Dy159,Dy159,53442526100159.87,2969145.6576644657,False,5.555773415537676e-08,144.40 天,12476160.0
Dy159,Dy159,2.03e-08,Tb159,Tb-159,1292932299840.1328,0.0,True,0.0,稳定,inf
Dy160,Dy160,8.93e-08,Dy160,Dy160,240782090400000.0,0.0,True,0.0,稳定,inf
Dy161,Dy161,1.5e-07,Dy161,Dy161,404449200000000.0,0.0,True,0.0,稳定,inf
Dy162,Dy162,2.48e-07,Dy162,Dy162,668689344000000.0,0.0,True,0.0,稳定,inf
Dy163,Dy163,2.52e-07,Dy163,Dy163,679474655999999.9,0.0,True,0.0,稳定,inf
Dy164,Dy164,4.26e-07,Dy164,Dy164,1148635728000000.0,0.0,True,0.0,稳定,inf
Dy165,Dy165,3.33e-07,Dy165,Dy165,12597405353861.703,1039209749.9999999,False,8.24939517947188e-05,2.33 小时,8402.4
Dy165,Dy165,3.33e-07,Ho165,Ho-165,885279818646138.1,0.0,True,0.0,稳定,inf
Dy166,Dy166,3.57e-07,Dy166,Dy166,410688741909052.75,969048691.2512627,False,2.359569650598942e-06,3.40 天,293760.0
Dy166,Dy166,3.57e-07,Ho166,Ho-166,125161455034858.83,899205116.8345021,False,7.184361324211705e-06,1.12 天,96480.0
Dy166,Dy166,3.57e-07,Er166,Er-166,426738899056088.4,0.0,True,0.0,稳定,inf
Dy167,Dy167,2.07e-07,Dy167,Dy167,346694381423.9713,645995250.0,False,0.0018632988724729713,6.20 分钟,372.0
Dy167,Dy167,2.07e-07,Ho167,Ho-167,10400831442719.14,645995250.0,False,6.21099624157657e-05,3.10 小时,11160.0
Dy167,Dy167,2.07e-07,Er167,Er-167,547392370175856.9,0.0,True,0.0,稳定,inf
Dy168,Dy168,2.27e-07,Dy168,Dy168,533494416295.9334,708410250.0,False,0.0013278681619922324,8.70 分钟,522.0
Dy168,Dy168,2.27e-07,Ho168,Ho-168,183350379853.43002,708410250.0000001,False,0.0038636966586396058,2.99 分钟,179.4
Dy168,Dy168,2.27e-07,Er168,Er-168,611349611203850.6,0.0,True,0.0,稳定,inf
Ho150,Ho150,8.12e-09,Ho150,Ho150,2807700422.914281,25340490.0,False,0.009025353913540955,1.28 分钟,76.8
Ho150,Ho150,8.12e-09,Dy150,Dy-150,15727509400.230776,25340489.999999996,False,0.0016112207823336712,7.17 分钟,430.2
Ho150,Ho150,8.12e-09,Tb150,Tb-150,293123924152.2509,16217913.599999998,False,5.532784008300968e-05,3.48 小时,12528.0
Ho150,Ho150,8.12e-09,Gd150,Gd-150,0.0,0.0,False,1.227093731447916e-14,1791187.78 年,56486897683200.0
Ho150,Ho150,8.12e-09,Eu146,Eu-146,0.0,0.0,False,1.7402465969710203e-06,4.61 天,398304.0
Ho150,Ho150,8.12e-09,Gd146,Gd-146,7336355405507.19,1219311.8149339897,False,1.6620130126447902e-07,48.27 天,4170528.0000000005
Ho161,Ho161,4.06e-09,Ho161,Ho161,163197587081.89258,12670244.999999998,False,7.763745301970713e-05,2.48 小时,8928.0
Ho161,Ho161,4.06e-09,Dy161,Dy-161,10783894092918.105,0.0,True,0.0,稳定,inf
Ho162,Ho162,8.12e-09,Ho162,Ho162,32902739331.02673,25340489.999999996,False,0.0007701635339554948,15.00 分钟,900.0
Ho162,Ho162,8.12e-09,Dy162,Dy-162,21861280620668.97,0.0,True,0.0,稳定,inf
Ho163,Ho163,5.68e-08,Ho163,Ho163,153151112405005.75,736.0964514084449,False,4.806340873723785e-12,4573.03 年,144215152185.6
Ho163,Ho163,5.68e-08,Dy163,Dy-163,317994994.25,0.0,True,0.0,稳定,inf
Ho164,Ho164,5.28e-08,Ho164,Ho164,413634437304.33606,164775600.0,False,0.0003983604485976697,29.00 分钟,1740.0
Ho164,Ho164,5.28e-08,Dy164,Dy-164,85171490377617.4,0.0,True,0.0,稳定,inf
Ho164,Ho164,5.28e-08,Er164,Er-164,56780993585078.27,0.0,True,0.0,稳定,inf
Ho165,Ho165,1.38e-07,Ho165,Ho165,372093264000000.0,0.0,True,0.0,稳定,inf
Ho166,Ho166,1.62e-07,Ho166,Ho166,70227947307044.67,504542948.5115093,False,7.184361324211705e-06,1.12 天,96480.0
Ho166,Ho166,1.62e-07,Er166,Er-166,366577188692955.3,0.0,True,0.0,稳定,inf
Ho167,Ho167,1.87e-07,Ho167,Ho167,9395920192214.875,583580250.0,False,6.21099624157657e-05,3.10 小时,11160.0
Ho167,Ho167,1.87e-07,Er167,Er-167,494817415807785.1,0.0,True,0.0,稳定,inf
Ho168,Ho168,1.5e-07,Ho168,Ho168,121156638669.6674,468112500.0,False,0.0038636966586396058,2.99 分钟,179.4
Ho168,Ho168,1.5e-07,Er168,Er-168,404328043361330.3,0.0,True,0.0,稳定,inf
Ho170,Ho170,8.93e-08,Ho170,Ho170,66580232819.700294,278682975.0,False,0.004185671380192907,2.76 分钟,165.6
Ho170,Ho170,8.93e-08,Er170,Er-170,240715510167180.3,0.0,True,0.0,稳定,inf
Er162,Er162,4.06e-09,Er162,Er162,10947091679999.998,0.0,True,0.0,稳定,inf
Er163,Er163,4.06e-09,Er163,Er163,82256848327.56682,12670244.999999998,False,0.00015403270679109895,1.25 小时,4500.0
Er163,Er163,4.06e-09,Ho163,Ho-163,10864812440767.404,52.21999211940305,False,4.806340873723785e-12,4573.03 年,144215152185.6
Er163,Er163,4.06e-09,Dy163,Dy-163,22391007.918090817,0.0,True,0.0,稳定,inf
Er164,Er164,4.06e-09,Er164,Er164,10947091679999.998,0.0,True,0.0,稳定,inf
Er165,Er165,1.22e-08,Er165,Er165,2048592407718.249,38073145.95469794,False,1.8585027363790896e-05,10.36 小时,37296.0
Er165,Er165,1.22e-08,Ho165,Ho-165,30846609192281.75,0.0,True,0.0,稳定,inf
Er166,Er166,3.65e-08,Er166,Er166,98415972000000.02,0.0,True,0.0,稳定,inf
Er167,Er167,4.87e-08,Er167,Er167,131311173600000.0,0.0,True,0.0,稳定,inf
Er168,Er168,8.12e-08,Er168,Er168,218941833600000.0,0.0,True,0.0,稳定,inf
Er169,Er169,8.93e-08,Er169,Er169,170332308143200.16,145372043.86786717,False,8.534613629825961e-07,9.40 天,812160.0
Er169,Er169,8.93e-08,Tm169,Tm-169,70449782256799.84,0.0,True,0.0,稳定,inf
Er170,Er170,9.74e-08,Er170,Er170,262622347200000.0,0.0,True,0.0,稳定,inf
Er171,Er171,6.09e-08,Er171,Er171,7418909662549.039,190053674.95361015,False,2.561746720181928e-05,7.52 小时,27057.6
Er171,Er171,6.09e-08,Tm171,Tm-171,156048292206413.94,1785206.9129878196,False,1.1440092600477966e-08,1.92 年,60589298.0736
Er171,Er171,6.09e-08,Yb171,Yb-171,739173331036.29,0.0,True,0.0,稳定,inf
Er172,Er172,7.31e-08,Er172,Er172,56411717529605.125,220315657.85547575,False,3.905494594094801e-06,2.05 天,177480.0
Er172,Er172,7.31e-08,Tm172,Tm-172,59744210616950.57,180867973.20020455,False,3.0273723819005295e-06,2.65 天,228960.0
Er172,Er172,7.31e-08,Yb172,Yb-172,80945648653444.31,0.0,True,0.0,稳定,inf
Er173,Er173,2.44e-08,Er173,Er173,9452000723.291403,76146300.0,False,0.008056103911668356,1.43 分钟,86.03999999999999
Er173,Er173,2.44e-08,Tm173,Tm-173,3258765097347.931,76146299.86966944,False,2.3366612073892437e-05,8.24 小时,29664.0
Er173,Er173,2.44e-08,Yb173,Yb-173,62522186101928.78,0.0,True,0.0,稳定,inf
Tm168,Tm168,1.62e-08,Tm168,Tm168,42094079076366.16,3627296.4442418786,False,8.617117950629866e-08,93.10 天,8043839.999999999
Tm168,Tm168,1.62e-08,Er168,Er-168,1586275880181.4844,0.0,True,0.0,稳定,inf
Tm168,Tm168,1.62e-08,Yb168,Yb-168,158643452.36338472,0.0,True,0.0,稳定,inf
Tm169,Tm169,3.25e-08,Tm169,Tm169,87630660000000.0,0.0,True,0.0,稳定,inf
Tm170,Tm170,2.84e-08,Tm170,Tm170,74548603063378.84,4650613.626452928,False,6.238364550572631e-08,128.60 天,11111040.0
Tm170,Tm170,2.84e-08,Yb170,Yb-170,2024456619722.1875,0.0,True,0.0,稳定,inf
Tm170,Tm170,2.84e-08,Er170,Er-170,2655516898.973709,0.0,True,0.0,稳定,inf
Tm171,Tm171,3.25e-08,Tm171,Tm171,87199002136288.36,997564.6591084149,False,1.1440092600477966e-08,1.92 年,60589298.0736
Tm171,Tm171,3.25e-08,Yb171,Yb-171,431657863711.6406,0.0,True,0.0,稳定,inf
Tm172,Tm172,4.87e-08,Tm172,Tm172,46531331822210.27,140867668.85160863,False,3.0273723819005295e-06,2.65 天,228960.0
Tm172,Tm172,4.87e-08,Yb172,Yb-172,84779841777789.72,0.0,True,0.0,稳定,inf
Tm173,Tm173,4.87e-08,Tm173,Tm173,6504174600066.888,151980524.74062747,False,2.3366612073892437e-05,8.24 小时,29664.0
Tm173,Tm173,4.87e-08,Yb173,Yb-173,124806998999933.11,0.0,True,0.0,稳定,inf
Tm174,Tm174,6.09e-08,Tm174,Tm174,88837396193.77217,190053675.0,False,0.0021393431498763745,5.40 分钟,324.0
Tm174,Tm174,6.09e-08,Yb174,Yb-174,164117537803806.22,0.0,True,0.0,稳定,inf
Tm175,Tm175,3.65e-08,Tm175,Tm175,149872247790.25974,113907375.00000003,False,0.000760029803245554,15.20 分钟,912.0
Tm175,Tm175,3.65e-08,Yb175,Yb-175,48051322163200.81,92113142.3945757,False,1.9169741486347443e-06,4.18 天,361583.99999999994
Tm175,Tm175,3.65e-08,Lu175,Lu-175,50214777589008.945,0.0,True,0.0,稳定,inf
Tm176,Tm176,8.12e-09,Tm176,Tm176,4058004517.4932966,25340489.999999996,False,0.006244569194233741,1.85 分钟,111.0
Tm176,Tm176,8.12e-09,Yb176,Yb-176,21890125355482.504,0.0,True,0.0,稳定,inf
Yb172,Yb172,4.06e-09,Yb172,Yb172,10947091679999.998,0.0,True,0.0,稳定,inf
Yb173,Yb173,1.22e-08,Yb173,Yb173,32895201600000.0,0.0,True,0.0,稳定,inf
Yb174,Yb174,1.62e-08,Yb174,Yb174,43680513600000.0,0.0,True,0.0,稳定,inf
Yb175,Yb175,1.62e-08,Yb175,Yb175,21339615400023.266,40907491.06365248,False,1.9169741486347443e-06,4.18 天,361583.99999999994
Yb175,Yb175,1.62e-08,Lu175,Lu-175,22340898199976.734,0.0,True,0.0,稳定,inf
Yb176,Yb176,1.62e-08,Yb176,Yb176,43680513600000.0,0.0,True,0.0,稳定,inf
Yb177,Yb177,8.12e-09,Yb177,Yb177,251508539446.36832,25340489.999999996,False,0.00010075399449967226,1.91 小时,6879.6
Yb177,Yb177,8.12e-09,Lu177,Lu-177,13505632422593.045,16300501.471353255,False,1.2069409977488195e-06,6.65 天,574300.8
Yb177,Yb177,8.12e-09,Hf177,Hf-177,8137042397960.584,0.0,True,0.0,稳定,inf
Yb178,Yb178,8.12e-09,Yb178,Yb178,162320180699.73184,25340489.999999996,False,0.00015611422985584354,1.23 小时,4440.0
Yb178,Yb178,8.12e-09,Lu178,Lu-178,62295853133.4106,25340489.999999993,False,0.0004067765144131134,28.40 分钟,1704.0
Yb178,Yb178,8.12e-09,Hf178,Hf-178,21669567326166.855,0.0,True,0.0,稳定,inf
Yb179,Yb179,1.22e-08,Yb179,Yb179,26365413454.09039,38073150.0,False,0.0014440566261665526,8.00 分钟,480.0
Yb179,Yb179,1.22e-08,Lu179,Lu-179,907629358157.0614,38073149.99999999,False,4.1947904899536755e-05,4.59 小时,16524.0
Yb179,Yb179,1.22e-08,Hf179,Hf-179,31961206828388.848,0.0,True,0.0,稳定,inf
Lu176,Lu176,4.06e-09,Lu176,Lu176,10947329089344.521,6.2456581906289435e-06,False,5.705189037121479e-19,38525547123.29 年,1.21494165408e+18
Lu176,Lu176,4.06e-09,Hf176,Hf-176,-237409344.5234375,0.0,True,0.0,稳定,inf
Lu178,Lu178,4.06e-09,Lu178,Lu178,31147926566.705303,12670244.999999998,False,0.0004067765144131134,28.40 分钟,1704.0
Lu178,Lu178,4.06e-09,Hf178,Hf-178,10915943753433.293,0.0,True,0.0,稳定,inf
Lu179,Lu179,1.22e-08,Lu179,Lu179,907629358157.0613,38073149.99999999,False,4.1947904899536755e-05,4.59 小时,16524.0
Lu179,Lu179,1.22e-08,Hf179,Hf-179,31987572241842.938,0.0,True,0.0,稳定,inf
Lu180,Lu180,4.06e-09,Lu180,Lu180,6251520472.895078,12670244.999999998,False,0.002026746141988144,5.70 分钟,342.0
Lu180,Lu180,4.06e-09,Hf180,Hf-180,10940840159527.104,0.0,True,0.0,稳定,inf
Lu181,Lu181,8.12e-09,Lu181,Lu181,7677305843.906236,25340489.999999996,False,0.0033007008598092634,3.50 分钟,210.0
Lu181,Lu181,8.12e-09,Hf181,Hf-181,20191336974631.484,3821319.749073197,False,1.8925540957858937e-07,42.39 天,3662496.0
Lu181,Lu181,8.12e-09,Ta181,Ta-181,1695169079524.608,0.0,True,0.0,稳定,inf
Hf180,Hf180,8.12e-09,Hf180,Hf180,21894183359999.996,0.0,True,0.0,稳定,inf
Hf183,Hf183,4.06e-09,Hf183,Hf183,70214445732.41103,12670244.999999998,False,0.00018045068743099691,1.07 小时,3841.2
Hf183,Hf183,4.06e-09,Ta183,Ta-183,5967260858288.519,9386778.412283057,False,1.5730464337326284e-06,5.10 天,440639.99999999994
Hf183,Hf183,4.06e-09,W183,W-183,4909616375979.068,0.0,True,0.0,稳定,inf
Ta183,Ta183,4.06e-09,Ta183,Ta183,5985456780035.687,9415401.442095919,False,1.5730464337326284e-06,5.10 天,440639.99999999994
Ta183,Ta183,4.06e-09,W183,W-183,4961634899964.312,0.0,True,0.0,稳定,inf
Ta184,Ta184,4.06e-09,Ta184,Ta184,572507661518.6405,12670244.937120473,False,2.2131136033203875e-05,8.70 小时,31319.999999999996
Ta184,Ta184,4.06e-09,W184,W-184,10374584018481.357,0.0,True,0.0,稳定,inf
Ta185,Ta185,4.06e-09,Ta185,Ta185,54179844098.42401,12670244.999999998,False,0.0002338553240755551,49.40 分钟,2964.0
Ta185,Ta185,4.06e-09,W185,W-185,10407666886420.293,1111796.1481187632,False,1.0682472452778169e-07,75.10 天,6488639.999999999
Ta185,Ta185,4.06e-09,Re185,Re-185,485244949481.27386,0.0,True,0.0,稳定,inf
Ta186,Ta186,4.06e-09,Ta186,Ta186,11515958765.859354,12670244.999999998,False,0.0011002336199364211,10.50 分钟,630.0
Ta186,Ta186,4.06e-09,W186,W-186,10935575721234.139,0.0,True,0.0,稳定,inf
W187,W187,4.06e-09,W187,W187,1559501388216.143,12658843.806461263,False,8.11723792111609e-06,23.72 小时,85392.0
W187,W187,4.06e-09,Re187,Re-187,9387750850801.938,5.004896576779339e-06,False,5.33130528954313e-19,41227338739.73 年,1.300145354496e+18
W187,W187,4.06e-09,Os187,Os-187,0.0,0.0,True,0.0,稳定,inf
At216,At216,4.06e-09,At216,At216,5483.789888504453,12670244.999999996,False,2310.4906018664847,3.00e-04 秒,0.0003
At216,At216,4.06e-09,Bi212,Bi-212,66408695549.78893,12670244.999999996,False,0.0001907919572144083,1.01 小时,3633.0
At216,At216,4.06e-09,Po212,Po-212,3.5012060832340333,8116558.946999998,False,2318217.9951837636,2.99e-07 秒,2.99e-07
At216,At216,4.06e-09,Pb208,Pb-208,0.0,0.0,True,0.0,稳定,inf
At216,At216,4.06e-09,Tl208,Tl-208,1203415716.8679426,4553686.052999998,False,0.0037839675759359388,3.05 分钟,183.18
Rn215,Rn215,1.62e-08,Rn215,Rn215,167.7553458503087,50556150.0,False,301368.3393738893,2.30e-06 秒,2.2999999999999996e-06
Rn215,Rn215,1.62e-08,Po211,Po-211,37635547.15598231,50556150.00000001,False,1.3433084894572582,5.16e-01 秒,0.516
Rn215,Rn215,1.62e-08,Pb207,Pb-207,43680475964285.09,0.0,True,0.0,稳定,inf
Rn216,Rn216,3.65e-08,Rn216,Rn216,7395.012226493079,113907375.00000001,False,15403.270679109894,4.50e-05 秒,4.5e-05
Rn216,Rn216,3.65e-08,Po212,Po-212,49.13574790492067,113907375.0,False,2318217.9951837636,2.99e-07 秒,2.99e-07
Rn216,Rn216,3.65e-08,Pb208,Pb-208,98415971992555.86,0.0,True,0.0,稳定,inf
Rn217,Rn217,5.28e-08,Rn217,Rn217,128369.30812893188,164775600.0,False,1283.6058899258246,5.40e-04 秒,0.00054
Rn217,Rn217,5.28e-08,Po213,Po-213,998.4279521139146,164775600.0,False,165035.04299046317,4.20e-06 秒,4.2e-06
Rn217,Rn217,5.28e-08,Pb209,Pb-209,2783902395622.77,164775600.0,False,5.918871303070202e-05,3.25 小时,11710.800000000001
Rn217,Rn217,5.28e-08,Bi209,Bi-209,0.0,0.0,True,0.0,稳定,inf
Rn218,Rn218,1.66e-07,Rn218,Rn218,26158308.088843096,518044500.0,False,19.804205158855577,3.50e-02 秒,0.035
Rn218,Rn218,1.66e-07,Po214,Po-214,122794.57197134057,518044500.0,False,4218.789899938803,1.64e-04 秒,0.0001643
Rn218,Rn218,1.66e-07,Pb210,Pb-210,447399164183206.75,442662.7344979312,False,9.894134140953916e-10,22.21 年,700563758.9760001
Rn218,Rn218,1.66e-07,Bi210,Bi-210,0.0,0.0,False,1.6003464616071022e-06,5.01 天,433123.2
Rn218,Rn218,1.66e-07,Hg206,Hg-206,0.0,0.0,False,0.0014174788968506038,8.15 分钟,489.0
Rn219,Rn219,1.01e-07,Rn219,Rn219,1800736127.9197388,315195750.0,False,0.175037166808067,3.96 秒,3.96
Rn219,Rn219,1.01e-07,Po215,Po-215,809876.5262184483,315195750.00000006,False,389.1898824031136,1.78e-03 秒,0.001781
Rn219,Rn219,1.01e-07,Pb211,Pb-211,984948094210.6451,315195750.0,False,0.0003200125487349701,36.10 分钟,2166.0
Rn219,Rn219,1.01e-07,Bi211,Bi-211,0.0,0.0,False,0.005398342527725431,2.14 分钟,128.4
Rn220,Rn220,9.34e-08,Rn220,Rn220,23380574911.821987,291478050.0,False,0.012466675909351533,55.60 秒,55.6
Rn220,Rn220,9.34e-08,Po216,Po-216,60974520.90313288,291478050.00000006,False,4.780325383172037,1.45e-01 秒,0.145
Rn220,Rn220,9.34e-08,Pb212,Pb-212,16107363237710.324,291478002.67527735,False,1.8095947696322715e-05,10.64 小时,38304.0
Rn220,Rn220,9.34e-08,Bi212,Bi-212,0.0,0.0,False,0.0001907919572144083,1.01 小时,3633.0
Rn222,Rn222,1.62e-08,Rn222,Rn222,20162851463837.508,42306059.396955274,False,2.0982180755947176e-06,3.82 天,330350.4
Rn222,Rn222,1.62e-08,Po218,Po-218,11351214849.704449,42301411.661305495,False,0.0037265977449459425,3.10 分钟,186.0
Rn222,Rn222,1.62e-08,Pb214,Pb-214,98019806693.20804,42252582.492803484,False,0.00043106167945270227,26.80 分钟,1608.0
Rn222,Rn222,1.62e-08,Bi214,Bi-214,0.0,0.0,False,0.0005805252768508755,19.90 分钟,1194.0
Rn222,Rn222,1.62e-08,At218,At-218,18308.394825421,8460.274835879238,False,0.46209812037329684,1.50 秒,1.5
Rn222,Rn222,1.62e-08,Rn218,Rn-218,0.0,0.0,False,19.804205158855577,3.50e-02 秒,0.035
Rn223,Rn223,4.06e-09,Rn223,Rn223,26651218858.13165,12670244.999999998,False,0.00047540958886141654,24.30 分钟,1458.0
Rn223,Rn223,4.06e-09,Fr223,Fr-223,24128675509.4196,12670244.999999998,False,0.000525111500424201,22.00 分钟,1320.0
Rn223,Rn223,4.06e-09,Ra223,Ra-223,8180472812252.526,5741744.906050643,False,7.018842355237448e-07,11.43 天,987552.0
Rn223,Rn223,4.06e-09,Rn219,Rn-219,0.0,0.0,False,0.175037166808067,3.96 秒,3.96
Rn223,Rn223,4.06e-09,At219,At-219,61418.4467512499,760.2147,False,0.012377628224284737,56.00 秒,56.0
Rn223,Rn223,4.06e-09,Bi215,Bi-215,0.0,0.0,False,0.001520059606491108,7.60 分钟,456.0
Fr219,Fr219,2.09e-06,Fr219,Fr219,188195744.9421069,6522367500.0,False,34.657359027997266,2.00e-02 秒,0.02
Fr219,Fr219,2.09e-06,At215,At-215,940978.7247105347,6522367500.0,False,6931.471805599453,1.00e-04 秒,0.0001
Fr219,Fr219,2.09e-06,Bi211,Bi-211,1208216682528.3264,6522367500.0,False,0.005398342527725431,2.14 分钟,128.4
Fr219,Fr219,2.09e-06,Tl207,Tl-207,0.0,0.0,False,0.002421897905520424,4.77 分钟,286.2
Fr219,Fr219,2.09e-06,Po211,Po-211,0.0,0.0,False,1.3433084894572582,5.16e-01 秒,0.516
Fr220,Fr220,2.03e-06,Fr220,Fr220,250426404908.37012,6335122500.0,False,0.025297342356202384,27.40 秒,27.4
Fr220,Fr220,2.03e-06,At216,At-216,2732298.3119473453,6312949571.250002,False,2310.4906018664847,3.00e-04 秒,0.0003
Fr220,Fr220,2.03e-06,Bi212,Bi-212,33088132557682.348,6312949571.250001,False,0.0001907919572144083,1.01 小时,3633.0
Fr220,Fr220,2.03e-06,Po212,Po-212,0.0,0.0,False,2318217.9951837636,2.99e-07 秒,2.99e-07
Fr220,Fr220,2.03e-06,Tl208,Tl-208,0.0,0.0,False,0.0037839675759359388,3.05 分钟,183.18
Fr220,Fr220,2.03e-06,Ra220,Ra-220,572599.0608580069,22172928.750000004,False,38.72330617653326,1.79e-02 秒,0.0179
Fr220,Fr220,2.03e-06,Rn216,Rn-216,1439.4948457324197,22172928.75,False,15403.270679109894,4.50e-05 秒,4.5e-05
Fr221,Fr221,2.59e-06,Fr221,Fr221,3428314161330.544,8082742500.0,False,0.002357643471292331,4.90 分钟,294.0
Fr221,Fr221,2.59e-06,At217,At-217,376648120.44549865,8082742500.000002,False,21.459665032815643,3.23e-02 秒,0.0323
Fr221,Fr221,2.59e-06,Bi213,Bi-213,31893487141621.574,8081772570.9,False,0.00025339883766905944,45.59 分钟,2735.4
Fr221,Fr221,2.59e-06,Po213,Po-213,0.0,0.0,False,165035.04299046317,4.20e-06 秒,4.2e-06
Fr221,Fr221,2.59e-06,Tl209,Tl-209,0.0,0.0,False,0.005345882928890524,2.16 分钟,129.66
Fr222,Fr222,2.12e-06,Fr222,Fr222,8132217280962.47,6615990000.0,False,0.0008135530288262268,14.20 分钟,852.0
Fr222,Fr222,2.12e-06,Ra222,Ra-222,362704526615.697,6615990000.0,False,0.018240715277893296,38.00 秒,38.0
Fr222,Fr222,2.12e-06,Rn218,Rn-218,334069958.7249841,6615990000.0,False,19.804205158855577,3.50e-02 秒,0.035
Fr222,Fr222,2.12e-06,Po214,Po-214,0.0,0.0,False,4218.789899938803,1.64e-04 秒,0.0001643
Fr223,Fr223,1.77e-06,Fr223,Fr223,10519151638343.03,5523727500.0,False,0.000525111500424201,22.00 分钟,1320.0
Fr223,Fr223,1.77e-06,Ra223,Ra-223,3572717343273726.5,2507633981.2261043,False,7.018842355237448e-07,11.43 天,987552.0
Fr223,Fr223,1.77e-06,Rn219,Rn-219,14326225296.181532,2507621886.897676,False,0.175037166808067,3.96 秒,3.96
Fr223,Fr223,1.77e-06,Po215,Po-215,0.0,0.0,False,389.1898824031136,1.78e-03 秒,0.001781
Fr223,Fr223,1.77e-06,At219,At-219,26776022.352145895,331423.65,False,0.012377628224284737,56.00 秒,56.0
Fr223,Fr223,1.77e-06,Bi215,Bi-215,211492325.12144947,321480.94049999997,False,0.001520059606491108,7.60 分钟,456.0
Fr224,Fr224,9.01e-07,Fr224,Fr224,810501444146.6293,2811795750.0,False,0.0034692051079076337,3.33 分钟,199.8
Fr224,Fr224,9.01e-07,Ra224,Ra-224,1089612106747014.9,2388375201.4258103,False,2.191949948643826e-06,3.66 天,316224.0
Fr224,Fr224,9.01e-07,Rn220,Rn-220,191574783678.9291,2388300740.529337,False,0.012466675909351533,55.60 秒,55.6
Fr224,Fr224,9.01e-07,Po216,Po-216,0.0,0.0,False,4.780325383172037,1.45e-01 秒,0.145
Fr227,Fr227,8.53e-08,Fr227,Fr227,56915525881.718834,266199975.0,False,0.004677106481511101,2.47 分钟,148.20000000000002
Fr227,Fr227,8.53e-08,Ra227,Ra-227,972402911825.3176,266199975.0,False,0.0002737548106476877,42.20 分钟,2532.0
Fr227,Fr227,8.53e-08,Ac227,Ac-227,228868142820372.97,230896.7331690156,False,1.0088635767461738e-09,21.79 年,687057394.61376
Fr227,Fr227,8.53e-08,Th227,Th-227,0.0,0.0,False,4.294719920790366e-07,18.68 天,1613952.0
Fr227,Fr227,8.53e-08,Fr223,Fr-223,0.0,0.0,False,0.000525111500424201,22.00 分钟,1320.0
Ra219,Ra219,1.16e-05,Ra219,Ra219,522265703.66709095,36200700000.0,False,69.31471805599453,1.00e-02 秒,0.01
Ra219,Ra219,1.16e-05,Rn215,Rn-215,120121.1118434309,36200700000.0,False,301368.3393738893,2.30e-06 秒,2.2999999999999996e-06
Ra219,Ra219,1.16e-05,Po211,Po-211,26948910309.221897,36200700000.0,False,1.3433084894572582,5.16e-01 秒,0.516
Ra219,Ra219,1.16e-05,Pb207,Pb-207,0.0,0.0,True,0.0,稳定,inf
Ra220,Ra220,3.43e-05,Ra220,Ra220,2764271328.280033,107041725000.0,False,38.72330617653326,1.79e-02 秒,0.0179
Ra220,Ra220,3.43e-05,Rn216,Rn-216,6949285.462156509,107041725000.0,False,15403.270679109894,4.50e-05 秒,4.5e-05
Ra220,Ra220,3.43e-05,Po212,Po-212,46174.141181884355,107041725000.0,False,2318217.9951837636,2.99e-07 秒,2.99e-07
Ra220,Ra220,3.43e-05,Pb208,Pb-208,0.0,0.0,True,0.0,稳定,inf
Ra221,Ra221,4.37e-05,Ra221,Ra221,5509002715578.039,136376774999.99998,False,0.024755256448569473,28.00 秒,28.0
Ra221,Ra221,4.37e-05,Rn217,Rn-217,106245052.37186217,136376774999.99998,False,1283.6058899258246,5.40e-04 秒,0.00054
Ra221,Ra221,4.37e-05,Po213,Po-213,826350.4073367058,136376775000.0,False,165035.04299046317,4.20e-06 秒,4.2e-06
Ra221,Ra221,4.37e-05,Pb209,Pb-209,0.0,0.0,False,5.918871303070202e-05,3.25 小时,11710.800000000001
Ra222,Ra222,6.7e-05,Ra222,Ra222,11462831737382.877,209090250000.0,False,0.018240715277893296,38.00 秒,38.0
Ra222,Ra222,6.7e-05,Rn218,Rn-218,10557871337.063177,209090250000.0,False,19.804205158855577,3.50e-02 秒,0.035
Ra222,Ra222,6.7e-05,Po214,Po-214,49561664.59084228,209090249999.99997,False,4218.789899938803,1.64e-04 秒,0.0001643
Ra222,Ra222,6.7e-05,Pb210,Pb-210,0.0,0.0,False,9.894134140953916e-10,22.21 年,700563758.9760001
Ra223,Ra223,5.33e-05,Ra223,Ra223,1.0775817778631803e+17,75633766236.98161,False,7.018842355237448e-07,11.43 天,987552.0
Ra223,Ra223,5.33e-05,Rn219,Rn-219,432099101616.9214,75633402527.33696,False,0.175037166808067,3.96 秒,3.96
Ra223,Ra223,5.33e-05,Po215,Po-215,194335479.3725604,75633402363.75949,False,389.1898824031136,1.78e-03 秒,0.001781
Ra223,Ra223,5.33e-05,Pb211,Pb-211,0.0,0.0,False,0.0003200125487349701,36.10 分钟,2166.0
Ra224,Ra224,5.72e-05,Ra224,Ra224,6.918179115755297e+16,151643023574.8861,False,2.191949948643826e-06,3.66 天,316224.0
Ra224,Ra224,5.72e-05,Rn220,Rn-220,12163490934792.438,151638299410.39264,False,0.012466675909351533,55.60 秒,55.6
Ra224,Ra224,5.72e-05,Po216,Po-216,31721331695.11415,151638287090.17383,False,4.780325383172037,1.45e-01 秒,0.145
Ra224,Ra224,5.72e-05,Pb212,Pb-212,0.0,0.0,False,1.8095947696322715e-05,10.64 小时,38304.0
Ra225,Ra225,3.61e-05,Ra225,Ra225,7.783450851595694e+16,41908067772.88763,False,5.384252893984164e-07,14.90 天,1287360.0
Ra225,Ra225,3.61e-05,Ac225,Ac-225,1.5551810098909028e+16,12476496901.22972,False,8.022536812036404e-07,10.00 天,864000.0
Ra225,Ra225,3.61e-05,Fr221,Fr-221,5287688420968.779,12466484083.925098,False,0.002357643471292331,4.90 分钟,294.0
Ra225,Ra225,3.61e-05,At217,At-217,0.0,0.0,False,21.459665032815643,3.23e-02 秒,0.0323
Ra226,Ra226,3.33e-05,Ra226,Ra226,8.978718991172467e+16,1232608.5203121975,False,1.372811112057356e-11,1601.06 年,50491081728.0
Ra226,Ra226,3.33e-05,Rn222,Rn-222,316287177229.7474,663639.4723422859,False,2.0982180755947176e-06,3.82 天,330350.4
Ra226,Ra226,3.33e-05,Po218,Po-218,177995909.79646972,663319.1560571254,False,0.0037265977449459425,3.10 分钟,186.0
Ra226,Ra226,3.33e-05,Pb214,Pb-214,0.0,0.0,False,0.00043106167945270227,26.80 分钟,1608.0
Ra226,Ra226,3.33e-05,At218,At-218,0.0,0.0,False,0.46209812037329684,1.50 秒,1.5
Ra227,Ra227,1.66e-05,Ra227,Ra227,189236674517002.03,51804450000.00001,False,0.0002737548106476877,42.20 分钟,2532.0
Ra227,Ra227,1.66e-05,Ac227,Ac-227,4.4550470680521304e+16,44945347.19647627,False,1.0088635767461738e-09,21.79 年,687057394.61376
Ra227,Ra227,1.66e-05,Th227,Th-227,16923418993991.54,7268134.468137752,False,4.294719920790366e-07,18.68 天,1613952.0
Ra227,Ra227,1.66e-05,Ra223,Ra-223,0.0,0.0,False,7.018842355237448e-07,11.43 天,987552.0
Ra227,Ra227,1.66e-05,Fr223,Fr-223,1178556334.920925,618873.485364774,False,0.000525111500424201,22.00 分钟,1320.0
Ra227,Ra227,1.66e-05,At219,At-219,0.0,0.0,False,0.012377628224284737,56.00 秒,56.0
Ra228,Ra228,1.42e-05,Ra228,Ra228,3.822474296497477e+16,146018370.49837527,False,3.81999613789873e-09,5.75 年,181452324.96
Ra228,Ra228,1.42e-05,Ac228,Ac-228,4491851174068.479,140628454.23669583,False,3.130746072989816e-05,6.15 小时,22140.0
Ra228,Ra228,1.42e-05,Th228,Th-228,58435830424641.24,671448.9001820199,False,1.1490362938333175e-08,1.91 年,60324219.894528
Ra228,Ra228,1.42e-05,Ra224,Ra-224,0.0,0.0,False,2.191949948643826e-06,3.66 天,316224.0
Ra230,Ra230,1.92e-06,Ra230,Ra230,48235740024204.7,5991839999.999999,False,0.0001242199248315314,1.55 小时,5580.0
Ra230,Ra230,1.92e-06,Ac230,Ac-230,1054616538163.6154,5991839999.999999,False,0.0056815342668847975,2.03 分钟,122.0
Ra230,Ra230,1.92e-06,Th230,Th-230,5127658764503033.0,1494.14845969712,False,2.9138999459959797e-13,75430.02 年,2378761087910.4
Ra230,Ra230,1.92e-06,Ra226,Ra-226,0.0,0.0,False,1.372811112057356e-11,1601.06 年,50491081728.0
Ac223,Ac223,0.000405,Ac223,Ac223,229751886708031.5,1263903750000.0,False,0.005501168099682105,2.10 分钟,126.0
Ac223,Ac223,0.000405,Fr219,Fr-219,36103867911.26209,1251264712500.0,False,34.657359027997266,2.00e-02 秒,0.02
Ac223,Ac223,0.000405,At215,At-215,180519339.55631045,1251264712499.9998,False,6931.471805599453,1.00e-04 秒,0.0001
Ac223,Ac223,0.000405,Bi211,Bi-211,0.0,0.0,False,0.005398342527725431,2.14 分钟,128.4
Ac224,Ac224,0.000469,Ac224,Ac224,2.1132635268265652e+16,1463631750000.0,False,6.925931060750853e-05,2.78 小时,10008.0
Ac224,Ac224,0.000469,Ra224,Ra-224,5.1263788854479226e+17,1123676593468.6367,False,2.191949948643826e-06,3.66 天,316224.0
Ac224,Ac224,0.000469,Rn220,Rn-220,90131502647828.9,1123640232733.3425,False,0.012466675909351533,55.60 秒,55.6
Ac224,Ac224,0.000469,Po216,Po-216,0.0,0.0,False,4.780325383172037,1.45e-01 秒,0.145
Ac224,Ac224,0.000469,Fr220,Fr-220,5264999278366.665,133190489250.00002,False,0.025297342356202384,27.40 秒,27.4
Ac224,Ac224,0.000469,At216,At-216,57444216.57911365,132724322537.62498,False,2310.4906018664847,3.00e-04 秒,0.0003
Ac224,Ac224,0.000469,Bi212,Bi-212,0.0,0.0,False,0.0001907919572144083,1.01 小时,3633.0
Ac224,Ac224,0.000469,Ra220,Ra-220,12038401.634659544,466166712.37499994,False,38.72330617653326,1.79e-02 秒,0.0179
Ac224,Ac224,0.000469,Rn216,Rn-216,0.0,0.0,False,15403.270679109894,4.50e-05 秒,4.5e-05
Ac225,Ac225,0.000648,Ac225,Ac225,1.2603532070840584e+18,1011123000000.0,False,8.022536812036404e-07,10.00 天,864000.0
Ac225,Ac225,0.000648,Fr221,Fr-221,428724203851614.3,1010778820195.761,False,0.002357643471292331,4.90 分钟,294.0
Ac225,Ac225,0.000648,At217,At-217,47101330837.97664,1010778782382.8083,False,21.459665032815643,3.23e-02 秒,0.0323
Ac225,Ac225,0.000648,Bi213,Bi-213,0.0,0.0,False,0.00025339883766905944,45.59 分钟,2735.4
Ac226,Ac226,0.000564,Ac226,Ac226,2.675532545162659e+17,1753998638232.3909,False,6.555699131388277e-06,1.22 天,105732.0
Ac226,Ac226,0.000564,Th226,Th-226,3852138455928507.0,1455729424192.2285,False,0.00037790163589572853,30.57 分钟,1834.2
Ac226,Ac226,0.000564,Ra222,Ra-222,79809144110804.83,1455775874297.5454,False,0.018240715277893296,38.00 秒,38.0
Ac226,Ac226,0.000564,Rn218,Rn-218,0.0,0.0,False,19.804205158855577,3.50e-02 秒,0.035
Ac226,Ac226,0.000564,Ra226,Ra-226,2.1303878830850538e+17,2924620.158891509,False,1.372811112057356e-11,1601.06 年,50491081728.0
Ac226,Ac226,0.000564,Rn222,Rn-222,683237481184.6125,1433581.2329453598,False,2.0982180755947176e-06,3.82 天,330350.4
Ac226,Ac226,0.000564,Po218,Po-218,0.0,0.0,False,0.0037265977449459425,3.10 分钟,186.0
Ac226,Ac226,0.000564,Fr222,Fr-222,129354742976.30548,105236942.94141142,False,0.0008135530288262268,14.20 分钟,852.0
Ac227,Ac227,0.000645,Ac227,Ac227,1.738373816098456e+18,1753782025.8309836,False,1.0088635767461738e-09,21.79 年,687057394.61376
Ac227,Ac227,0.000645,Th227,Th-227,662826266413569.5,284665317.0389459,False,4.294719920790366e-07,18.68 天,1613952.0
Ac227,Ac227,0.000645,Ra223,Ra-223,614136227477066.6,431052536.53017753,False,7.018842355237448e-07,11.43 天,987552.0
Ac227,Ac227,0.000645,Rn219,Rn-219,0.0,0.0,False,0.175037166808067,3.96 秒,3.96
Ac227,Ac227,0.000645,Fr223,Fr-223,45988081783.07017,24148870.62673884,False,0.000525111500424201,22.00 分钟,1320.0
Ac227,Ac227,0.000645,At219,At-219,117049.60629935058,1448.7965105722583,False,0.012377628224284737,56.00 秒,56.0
Ac227,Ac227,0.000645,Bi215,Bi-215,0.0,0.0,False,0.001520059606491108,7.60 分钟,456.0
Ac228,Ac228,0.000517,Ac228,Ac228,5.1534928492501944e+16,1613427749997.1143,False,3.130746072989816e-05,6.15 小时,22140.0
Ac228,Ac228,0.000517,Th228,Th-228,1.3360602494881846e+18,15351817174.09921,False,1.1490362938333175e-08,1.91 年,60324219.894528
Ac228,Ac228,0.000517,Ra224,Ra-224,3789454223547096.0,8306293990.692186,False,2.191949948643826e-06,3.66 天,316224.0
Ac228,Ac228,0.000517,Rn220,Rn-220,0.0,0.0,False,0.012466675909351533,55.60 秒,55.6
Ac230,Ac230,0.000166,Ac230,Ac230,91180388195395.92,518044500000.0,False,0.0056815342668847975,2.03 分钟,122.0
Ac230,Ac230,0.000166,Th230,Th-230,4.474992113306417e+17,130396.79277296005,False,2.9138999459959797e-13,75430.02 年,2378761087910.4
Ac230,Ac230,0.000166,Ra226,Ra-226,56320598971.83468,0.7731754410626074,False,1.372811112057356e-11,1601.06 年,50491081728.0
Ac230,Ac230,0.000166,Rn222,Rn-222,0.0,0.0,False,2.0982180755947176e-06,3.82 天,330350.4
Ac231,Ac231,0.000133,Ac231,Ac231,269462089348925.8,415059750000.0,False,0.0015403270679109895,7.50 分钟,450.0
Ac231,Ac231,0.000133,Th231,Th-231,5.4931797533896136e+16,414444233103.7733,False,7.544705465864957e-06,1.06 天,91872.0
Ac231,Ac231,0.000133,Pa231,Pa-231,3.0341028765770797e+17,203431.020468386,False,6.704816176104303e-13,32781.74 年,1033804898380.8
Ac231,Ac231,0.000133,Ac227,Ac-227,0.0,0.0,False,1.0088635767461738e-09,21.79 年,687057394.61376
Ac232,Ac232,3.28e-06,Ac232,Ac232,1757334047028.784,10236060000.0,False,0.005824766223192818,1.98 分钟,119.0
Ac232,Ac232,3.28e-06,Th232,Th-232,8841991919606478.0,0.013823071612762564,False,1.5633436151542845e-18,14059323041.10 年,4.43374811424e+17
Ac232,Ac232,3.28e-06,Ra228,Ra-228,5879.523707343338,2.2459757854735574e-05,False,3.81999613789873e-09,5.75 年,181452324.96
Ac232,Ac232,3.28e-06,Ac228,Ac-228,0.0,0.0,False,3.130746072989816e-05,6.15 小时,22140.0
Th223,Th223,3.13e-05,Th223,Th223,84553016507.48248,97679475000.0,False,1.1552453009332422,6.00e-01 秒,0.6
Th223,Th223,3.13e-05,Ra219,Ra-219,1409216941.7913747,97679475000.0,False,69.31471805599453,1.00e-02 秒,0.01
Th223,Th223,3.13e-05,Rn215,Rn-215,324119.89661201613,97679475000.0,False,301368.3393738893,2.30e-06 秒,2.2999999999999996e-06
Th223,Th223,3.13e-05,Po211,Po-211,0.0,0.0,False,1.3433084894572582,5.16e-01 秒,0.516
Th224,Th224,0.000223,Th224,Th224,1054211332014.2186,695927250000.0,False,0.6601401719618526,1.05 秒,1.05
Th224,Th224,0.000223,Ra220,Ra-220,17971793183.861443,695927250000.0001,False,38.72330617653326,1.79e-02 秒,0.0179
Th224,Th224,0.000223,Rn216,Rn-216,45180485.65775223,695927250000.0,False,15403.270679109894,4.50e-05 秒,4.5e-05
Th224,Th224,0.000223,Po212,Po-212,0.0,0.0,False,2318217.9951837636,2.99e-07 秒,2.99e-07
Th226,Th226,0.00142,Th226,Th226,1.1726503881085976e+16,4431465000000.0,False,0.00037790163589572853,30.57 分钟,1834.2
Th226,Th226,0.00142,Ra222,Ra-222,242943598016174.4,4431465000000.0,False,0.018240715277893296,38.00 秒,38.0
Th226,Th226,0.00142,Rn218,Rn-218,223763840278.0554,4431465000000.0,False,19.804205158855577,3.50e-02 秒,0.035
Th226,Th226,0.00142,Po214,Po-214,0.0,0.0,False,4218.789899938803,1.64e-04 秒,0.0001643
Th227,Th227,0.00164,Th227,Th227,3.6942798417750973e+18,1586589722944.5793,False,4.294719920790366e-07,18.68 天,1613952.0
Th227,Th227,0.00164,Ra223,Ra-223,5.96951223876029e+17,418990653415.1905,False,7.018842355237448e-07,11.43 天,987552.0
Th227,Th227,0.00164,Rn219,Rn-219,2393697173566.9585,418985971457.6382,False,0.175037166808067,3.96 秒,3.96
Th227,Th227,0.00164,Po215,Po-215,0.0,0.0,False,389.1898824031136,1.78e-03 秒,0.001781
Th228,Th228,0.00264,Th228,Th228,7.083088450064121e+18,81387257015.55254,False,1.1490362938333175e-08,1.91 年,60324219.894528
Th228,Th228,0.00264,Ra224,Ra-224,2.0499560012910052e+16,44934009517.51922,False,2.191949948643826e-06,3.66 天,316224.0
Th228,Th228,0.00264,Rn220,Rn-220,3603815536458.084,44927600330.108765,False,0.012466675909351533,55.60 秒,55.6
Th228,Th228,0.00264,Po216,Po-216,0.0,0.0,False,4.780325383172037,1.45e-01 秒,0.145
Th229,Th229,0.00214,Th229,Th229,5.770134460519503e+18,17267149.221724797,False,2.9925037865010483e-12,7344.87 年,231627837427.2
Th229,Th229,0.00214,Ra225,Ra-225,6425624672850.854,3459718.8240453256,False,5.384252893984164e-07,14.90 天,1287360.0
Th229,Th229,0.00214,Ac225,Ac-225,873674629807.7511,700908.6879374961,False,8.022536812036404e-07,10.00 天,864000.0
Th229,Th229,0.00214,Fr221,Fr-221,0.0,0.0,False,0.002357643471292331,4.90 分钟,294.0
Th230,Th230,0.00286,Th230,Th230,7.71149710994117e+18,2247053.101220573,False,2.9138999459959797e-13,75430.02 年,2378761087910.4
Th230,Th230,0.00286,Ra226,Ra-226,970738268824.8276,13.326402823420441,False,1.372811112057356e-11,1601.06 年,50491081728.0
Th230,Th230,0.00286,Rn222,Rn-222,2578394.9086326174,5.410034803314348,False,2.0982180755947176e-06,3.82 天,330350.4
Th230,Th230,0.00286,Po218,Po-218,0.0,0.0,False,0.0037265977449459425,3.10 分钟,186.0
Th231,Th231,0.00314,Th231,Th231,1.296895481239988e+18,9784694425966.9,False,7.544705465864957e-06,1.06 天,91872.0
Th231,Th231,0.00314,Pa231,Pa-231,7.169572624380256e+18,4807066.650769932,False,6.704816176104303e-13,32781.74 年,1033804898380.8
Th231,Th231,0.00314,Ac227,Ac-227,1814682531460.4556,1830.7671093479962,False,1.0088635767461738e-09,21.79 年,687057394.61376
Th231,Th231,0.00314,Th227,Th-227,0.0,0.0,False,4.294719920790366e-07,18.68 天,1613952.0
Th231,Th231,0.00314,Fr223,Fr-223,0.0,0.0,False,0.000525111500424201,22.00 分钟,1320.0
Th232,Th232,0.0715,Th232,Th232,1.9278294866958097e+20,301.3859919132056,False,1.5633436151542845e-18,14059323041.10 年,4.43374811424e+17
Th232,Th232,0.0715,Ra228,Ra-228,128215665.4127789,0.4897833466949312,False,3.81999613789873e-09,5.75 年,181452324.96
Th232,Th232,0.0715,Ac228,Ac-228,15423.352579091441,0.48286600519327877,False,3.130746072989816e-05,6.15 小时,22140.0
Th232,Th232,0.0715,Th228,Th-228,0.0,0.0,False,1.1490362938333175e-08,1.91 年,60324219.894528
Th233,Th233,0.000293,Th233,Th233,1765050973029520.8,914379750000.0001,False,0.0005180472201494359,22.30 分钟,1338.0
Th233,Th233,0.000293,Pa233,Pa-233,6.952939424428823e+17,206846191583.56302,False,2.974945975464977e-07,26.97 天,2329948.8
Th233,Th233,0.000293,U233,U-233,9.296510693616253e+16,12826.485611614502,False,1.3797096603591517e-13,159305.64 年,5023862631936.0
Th233,Th233,0.000293,Th229,Th-229,0.0,0.0,False,2.9925037865010483e-12,7344.87 年,231627837427.2
Pa227,Pa227,0.000347,Pa227,Pa227,3590153497399658.0,1082900249999.9999,False,0.00030163062687552013,38.30 分钟,2298.0
Pa227,Pa227,0.000347,Ac223,Ac-223,167321775270454.06,920465212500.0,False,0.005501168099682105,2.10 分钟,126.0
Pa227,Pa227,0.000347,Fr219,Fr-219,26293421828.214207,911260560375.0,False,34.657359027997266,2.00e-02 秒,0.02
Pa227,Pa227,0.000347,At215,At-215,0.0,0.0,False,6931.471805599453,1.00e-04 秒,0.0001
Pa227,Pa227,0.000347,Th227,Th-227,1.1687622211680834e+17,50195063939.177635,False,4.294719920790366e-07,18.68 天,1613952.0
Pa227,Pa227,0.000347,Ra223,Ra-223,1.8823310311327424e+16,13211784767.892273,False,7.018842355237448e-07,11.43 天,987552.0
Pa227,Pa227,0.000347,Rn219,Rn-219,0.0,0.0,False,0.175037166808067,3.96 秒,3.96
Pa228,Pa228,0.000514,Pa228,Pa228,1.8318753115855565e+17,1603231322427.9038,False,8.75185834040335e-06,22.00 小时,79200.0
Pa228,Pa228,0.000514,Th228,Th-228,1.1734916432722903e+18,13483844886.29962,False,1.1490362938333175e-08,1.91 年,60324219.894528
Pa228,Pa228,0.000514,Ra224,Ra-224,5.6860861938038995e+17,1246361634049.2825,False,2.191949948643826e-06,3.66 天,316224.0
Pa228,Pa228,0.000514,Rn220,Rn-220,0.0,0.0,False,0.012466675909351533,55.60 秒,55.6
Pa228,Pa228,0.000514,Ac224,Ac-224,462930009579613.2,32062213323.011326,False,6.925931060750853e-05,2.78 小时,10008.0
Pa228,Pa228,0.000514,Fr220,Fr-220,115334677054.04466,2917660810.978207,False,0.025297342356202384,27.40 秒,27.4
Pa228,Pa228,0.000514,At216,At-216,0.0,0.0,False,2310.4906018664847,3.00e-04 秒,0.0003
Pa228,Pa228,0.000514,Ra220,Ra-220,0.0,0.0,False,38.72330617653326,1.79e-02 秒,0.0179
Pa229,Pa229,0.000882,Pa229,Pa229,5.0957851455545165e+17,2725408261095.9595,False,5.3483578746909356e-06,1.50 天,129600.0
Pa229,Pa229,0.000882,Th229,Th-229,1.8596115649160264e+18,5564894.649432349,False,2.9925037865010483e-12,7344.87 年,231627837427.2
Pa229,Pa229,0.000882,Ra225,Ra-225,1773677862699.5535,954993.0165235717,False,5.384252893984164e-07,14.90 天,1287360.0
Pa229,Pa229,0.000882,Ac225,Ac-225,0.0,0.0,False,8.022536812036404e-07,10.00 天,864000.0
Pa230,Pa230,0.000897,Pa230,Pa230,1.9949412694232415e+18,919798262747.0454,False,4.6106533402508075e-07,17.40 天,1503359.9999999998
Pa230,Pa230,0.000897,Th230,Th-230,3.8807705763715354e+17,113081.77172911805,False,2.9138999459959797e-13,75430.02 年,2378761087910.4
Pa230,Pa230,0.000897,Ra226,Ra-226,2.7932117885819027e+17,3834552.181694838,False,1.372811112057356e-11,1601.06 年,50491081728.0
Pa230,Pa230,0.000897,Rn222,Rn-222,0.0,0.0,False,2.0982180755947176e-06,3.82 天,330350.4
Pa230,Pa230,0.000897,U230,U-230,3.1831450706890336e+16,12277355051.757208,False,3.856988851940579e-07,20.80 天,1797120.0
Pa230,Pa230,0.000897,Th226,Th-226,172464624673762.8,65174663798.357796,False,0.00037790163589572853,30.57 分钟,1834.2
Pa230,Pa230,0.000897,Ra222,Ra-222,0.0,0.0,False,0.018240715277893296,38.00 秒,38.0
Pa230,Pa230,0.000897,Ac226,Ac-226,3799298279157.3623,24907056.428556893,False,6.555699131388277e-06,1.22 天,105732.0
Pa230,Pa230,0.000897,Fr222,Fr-222,1834218.153770951,1492.2337345284072,False,0.0008135530288262268,14.20 分钟,852.0
Pa231,Pa231,0.00112,Pa231,Pa231,3.01988648557101e+18,2024778.3758455282,False,6.704816176104303e-13,32781.74 年,1033804898380.8
Pa231,Pa231,0.00112,Ac227,Ac-227,874450433619.9491,882.2011921490645,False,1.0088635767461738e-09,21.79 年,687057394.61376
Pa231,Pa231,0.00112,Th227,Th-227,228962776.068435,98.33309955005716,False,4.294719920790366e-07,18.68 天,1613952.0
Pa231,Pa231,0.00112,Ra223,Ra-223,0.0,0.0,False,7.018842355237448e-07,11.43 天,987552.0
Pa231,Pa231,0.00112,Fr223,Fr-223,23082.4076366589,12.12083770748899,False,0.000525111500424201,22.00 分钟,1320.0
Pa231,Pa231,0.00112,At219,At-219,0.0,0.0,False,0.012377628224284737,56.00 秒,56.0
Pa232,Pa232,0.0007,Pa232,Pa232,3.549147822837969e+17,2173524355731.0278,False,6.124073902317865e-06,1.31 天,113184.0
Pa232,Pa232,0.0007,U232,U-232,1.5323346730797683e+18,488500683.0989101,False,3.187950332789215e-10,68.95 年,2174272206.912
Pa232,Pa232,0.0007,Th228,Th-228,179623661383555.78,2063941.0616093173,False,1.1490362938333175e-08,1.91 年,60324219.894528
Pa232,Pa232,0.0007,Ra224,Ra-224,0.0,0.0,False,2.191949948643826e-06,3.66 天,316224.0
Pa232,Pa232,0.0007,Th232,Th-232,45974121875011.125,7.187334989562356e-05,False,1.5633436151542845e-18,14059323041.10 年,4.43374811424e+17
Pa232,Pa232,0.0007,Ra228,Ra-228,25.94216919656623,9.90989861395984e-08,False,3.81999613789873e-09,5.75 年,181452324.96
Pa232,Pa232,0.0007,Ac228,Ac-228,0.0,0.0,False,3.130746072989816e-05,6.15 小时,22140.0
