parent_nuclide,parent_original,production_rate,nuclide,original_nuclide,atom_number_after_irradiation,atom_number_after_cooling,activity_after_cooling_Bq,is_stable,decay_constant,half_life,half_life_seconds,cooling_time_hours
Na24,Na24,1e-09,Na24,Na24,242455562684.81085,3588815.184593197,46.19250259508386,False,1.2871240289382558e-05,14.96 小时,53852.4,240.0
Na24,Na24,1e-09,Mg24,Mg-24,,,0.0,True,0.0,稳定,inf,240.0
Li7,Li7,1.62e-08,Li7,Li7,43680513600000.0,43680513600000.0,0.0,True,0.0,稳定,inf,240.0
Be9,Be9,8.12e-09,Be9,Be9,21894183359999.996,21894183359999.996,0.0,True,0.0,稳定,inf,240.0
Ar44,Ar44,8.12e-09,Ar44,Ar44,26037034390.61915,0.0,0.0,False,0.0009732479367592605,11.87 分钟,712.1999999999999,240.0
Ar44,Ar44,8.12e-09,K44,K-44,104702310341.0338,1.3791632020812367e-185,7.19960148406865e-189,False,0.0005220267966259567,22.13 分钟,1327.8,240.0
Ar44,Ar44,8.12e-09,Ca44,Ca-44,,,0.0,True,0.0,稳定,inf,240.0
K45,K45,4.06e-09,K45,K45,18973913014.22541,5.126687138612085e-241,3.42345735620607e-244,False,0.000667771850250429,17.30 分钟,1038.0,240.0
K45,K45,4.06e-09,Ca45,Ca-45,10717929708306.02,10270825278937.463,506535.15639189695,False,4.931786323253461e-08,162.67 天,14054687.999999998,240.0
K45,K45,4.06e-09,Sc45,Sc-45,,,0.0,True,0.0,稳定,inf,240.0
K46,K46,4.06e-09,K46,K46,1919326460.976559,0.0,0.0,False,0.006601401719618527,1.75 分钟,105.0,240.0
K46,K46,4.06e-09,Ca46,Ca-46,,,0.0,True,0.0,稳定,inf,240.0
Ca46,Ca46,1.22e-08,Ca46,Ca46,32895201600000.0,32895201600000.0,0.0,True,0.0,稳定,inf,240.0
Ca47,Ca47,4.06e-09,Ca47,Ca47,5609672462973.874,1217001544880.7905,2152433.7949980856,False,1.7686368633237223e-06,4.54 天,391910.39999999997,240.0
Ca47,Ca47,4.06e-09,Sc47,Sc-47,14163286952043.094,1787937818138.032,4282753.18393778,False,2.3953591341324507e-06,3.35 天,289370.88,240.0
Ca47,Ca47,4.06e-09,Ti47,Ti-47,,,0.0,True,0.0,稳定,inf,240.0
Sc48,Sc48,4.06e-09,Sc48,Sc48,2810037558771.4185,62276243388.02207,274575.74816345086,False,4.408996645039471e-06,1.82 天,157212.0,240.0
Sc48,Sc48,4.06e-09,Ti48,Ti-48,,,0.0,True,0.0,稳定,inf,240.0
Sc49,Sc49,8.12e-09,Sc49,Sc49,125469112648.98192,2.0642471533557065e-65,4.1690766151730797e-69,False,0.00020196596170161577,57.20 分钟,3432.0,240.0
Sc49,Sc49,8.12e-09,Ti49,Ti-49,,,0.0,True,0.0,稳定,inf,240.0
Sc50,Sc50,8.12e-09,Sc50,Sc50,3747256423.8113775,0.0,0.0,False,0.006762411517658003,1.71 分钟,102.5,240.0
Sc50,Sc50,8.12e-09,Ti50,Ti-50,,,0.0,True,0.0,稳定,inf,240.0
Ti44,Ti44,8.12e-09,Ti44,Ti44,21890721207220.727,21883798361556.832,8011.28575060474,False,3.660829632152949e-10,60.04 年,1893415564.8000002,240.0
Ti44,Ti44,8.12e-09,Sc44,Sc-44,2.6077138813786945e+26,165185927.925806,8011.346222358715,False,4.849896309543418e-05,3.97 小时,14292.0,240.0
Ti44,Ti44,8.12e-09,Ca44,Ca-44,,,0.0,True,0.0,稳定,inf,240.0
Ti50,Ti50,4.06e-09,Ti50,Ti50,10947091679999.998,10947091679999.998,0.0,True,0.0,稳定,inf,240.0
Ti51,Ti51,2.03e-08,Ti51,Ti51,31586629757.785656,0.0,0.0,False,0.0020056342030091013,5.76 分钟,345.59999999999997,240.0
Ti51,Ti51,2.03e-08,V51,V-51,,,0.0,True,0.0,稳定,inf,240.0
Ti52,Ti52,4.47e-08,Ti52,Ti52,20527743528.445988,0.0,0.0,False,0.006795560593724954,1.70 分钟,102.0,240.0
Ti52,Ti52,4.47e-08,V52,V-52,,0.0,0.0,False,0.003086415444651996,3.74 分钟,224.57999999999998,240.0
Ti52,Ti52,4.47e-08,Cr52,Cr-52,,,0.0,True,0.0,稳定,inf,240.0
V47,V47,1.62e-08,V47,V47,142664981079.65384,1.5276102015026523e-122,5.4133880581092705e-126,False,0.00035436972421265094,32.60 分钟,1956.0,240.0
V47,V47,1.62e-08,Ti47,Ti-47,,,0.0,True,0.0,稳定,inf,240.0
V50,V50,4.06e-09,V50,V50,0.0,0.0,0.0,False,1.4643318528611795e-25,150099534246575360.00 年,4.7335389120000005e+24,240.0
V50,V50,4.06e-09,Ti50,Ti-50,,,0.0,True,0.0,稳定,inf,240.0
V50,V50,4.06e-09,Cr50,Cr-50,,,0.0,True,0.0,稳定,inf,240.0
V53,V53,2.84e-08,V53,V53,12351763983.348658,0.0,0.0,False,0.0071754366517592675,1.61 分钟,96.60000000000001,240.0
V53,V53,2.84e-08,Cr53,Cr-53,,,0.0,True,0.0,稳定,inf,240.0
Cr48,Cr48,3.25e-08,Cr48,Cr48,11352056389551.293,5059309939.107078,45182.00396659168,False,8.930467694289132e-06,21.56 小时,77616.0,240.0
Cr48,Cr48,3.25e-08,V48,V-48,75321763869434.98,48805032278944.83,24511858.269662872,False,5.022403863922375e-07,15.97 天,1380110.4,240.0
Cr48,Cr48,3.25e-08,Ti48,Ti-48,,,0.0,True,0.0,稳定,inf,240.0
Cr49,Cr49,2.84e-08,Cr49,Cr49,324521500928.974,1.0788152568027734e-91,2.946326846327406e-95,False,0.00027310763615443075,42.30 分钟,2538.0,240.0
Cr49,Cr49,2.84e-08,V49,V-49,75783846598808.23,74208648825004.75,1804065.5059699474,False,2.4310717612231527e-08,330.00 天,28512000.0,240.0
Cr49,Cr49,2.84e-08,Ti49,Ti-49,,,0.0,True,0.0,稳定,inf,240.0
Cr50,Cr50,2.44e-08,Cr50,Cr50,65790403200000.0,65790403200000.0,0.0,True,0.0,稳定,inf,240.0
Cr51,Cr51,4.06e-09,Cr51,Cr51,9684972897664.262,7541072712828.9,2183865.4793218332,False,2.8959613074763664e-07,27.70 天,2393496.0,240.0
Cr51,Cr51,4.06e-09,V51,V-51,,,0.0,True,0.0,稳定,inf,240.0
Cr52,Cr52,4.06e-09,Cr52,Cr52,10947091679999.998,10947091679999.998,0.0,True,0.0,稳定,inf,240.0
Cr54,Cr54,8.12e-09,Cr54,Cr54,21894183359999.996,21894183359999.996,0.0,True,0.0,稳定,inf,240.0
Cr55,Cr55,1.62e-08,Cr55,Cr55,15303663767.96164,0.0,0.0,False,0.003303532459059886,3.50 分钟,209.82,240.0
Cr55,Cr55,1.62e-08,Mn55,Mn-55,,,0.0,True,0.0,稳定,inf,240.0
Cr56,Cr56,8.93e-08,Cr56,Cr56,143292240198.92023,0.0,0.0,False,0.001944857408978522,5.94 分钟,356.40000000000003,240.0
Cr56,Cr56,8.93e-08,Mn56,Mn-56,3881703092004.5,3.752215321898922e-16,2.8014070073244685e-20,False,7.466008123187162e-05,2.58 小时,9284.039999999999,240.0
Cr56,Cr56,8.93e-08,Fe56,Fe-56,,,0.0,True,0.0,稳定,inf,240.0
Mn51,Mn51,1.14e-07,Mn51,Mn51,1422759831762.3284,2.1164132868442334e-82,5.292156936059477e-86,False,0.0002500530954400957,46.20 分钟,2772.0,240.0
Mn51,Mn51,1.14e-07,Cr51,Cr-51,272257901124477.06,211989919921925.2,61391460.566890866,False,2.8959613074763664e-07,27.70 天,2393496.0,240.0
Mn51,Mn51,1.14e-07,V51,V-51,,,0.0,True,0.0,稳定,inf,240.0
Mn52,Mn52,2.84e-08,Mn52,Mn52,43888087330078.74,12703628200605.832,18228460.898906108,False,1.4349019517146133e-06,5.59 天,483062.4,240.0
Mn52,Mn52,2.84e-08,Cr52,Cr-52,,,0.0,True,0.0,稳定,inf,240.0
Mn53,Mn53,3.65e-08,Mn53,Mn53,98415971822526.22,98415971317738.97,0.5842444930979895,False,5.93648048457235e-15,3702455.18 年,116760626496000.0,240.0
Mn53,Mn53,3.65e-08,Cr53,Cr-53,,,0.0,True,0.0,稳定,inf,240.0
Mn54,Mn54,2.84e-08,Mn54,Mn54,75731688905571.31,74068398487967.75,1903807.6812709942,False,2.5703373100206342e-08,312.12 天,26967168.0,240.0
Mn54,Mn54,2.84e-08,Cr54,Cr-54,,,0.0,True,0.0,稳定,inf,240.0
Mn54,Mn54,2.84e-08,Fe54,Fe-54,,,0.0,True,0.0,稳定,inf,240.0
Mn55,Mn55,4.06e-09,Mn55,Mn55,10947091679999.998,10947091679999.998,0.0,True,0.0,稳定,inf,240.0
Mn56,Mn56,1.22e-08,Mn56,Mn56,509953235675.65265,4.92941963617834e-17,3.6803087046305794e-21,False,7.466008123187162e-05,2.58 小时,9284.039999999999,240.0
Mn56,Mn56,1.22e-08,Fe56,Fe-56,,,0.0,True,0.0,稳定,inf,240.0
Mn57,Mn57,2.03e-08,Mn57,Mn57,7805260941.304675,0.0,0.0,False,0.00811647752412114,1.42 分钟,85.4,240.0
Mn57,Mn57,2.03e-08,Fe57,Fe-57,,,0.0,True,0.0,稳定,inf,240.0
Fe52,Fe52,1.71e-07,Fe52,Fe52,22935073219382.316,42630.536723824145,0.9919179703214472,False,2.3267780482039118e-05,8.28 小时,29790.0,240.0
Fe52,Fe52,1.71e-07,Mn52m,Mn-52m,5.238609193229983e+208,1892.099968179826,1.0359429370311284,False,0.0005475096212953754,21.10 分钟,1266.0,240.0
Fe52,Fe52,1.71e-07,Cr52,Cr-52,,,0.0,True,0.0,稳定,inf,240.0
Fe52,Fe52,1.71e-07,Mn52,Mn-52,4636626975685.514,1342095060124.429,1925774.8211590843,False,1.4349019517146133e-06,5.59 天,483062.4,240.0
Fe53,Fe53,6.5e-08,Fe53,Fe53,149426521025.92313,0.0,0.0,False,0.0013575150422247264,8.51 分钟,510.59999999999997,240.0
Fe53,Fe53,6.5e-08,Mn53,Mn-53,175261319684717.2,175261318785781.0,1.0404353986722024,False,5.93648048457235e-15,3702455.18 年,116760626496000.0,240.0
Fe53,Fe53,6.5e-08,Cr53,Cr-53,,,0.0,True,0.0,稳定,inf,240.0
Fe54,Fe54,2.03e-08,Fe54,Fe54,54735458400000.0,54735458400000.0,0.0,True,0.0,稳定,inf,240.0
Fe55,Fe55,4.06e-09,Fe55,Fe55,10909226913212.545,10833846431438.832,86943.8057283283,False,8.025201970375482e-09,2.74 年,86371306.68096001,240.0
Fe55,Fe55,4.06e-09,Mn55,Mn-55,,,0.0,True,0.0,稳定,inf,240.0
Fe58,Fe58,2.44e-08,Fe58,Fe58,65790403200000.0,65790403200000.0,0.0,True,0.0,稳定,inf,240.0
Fe59,Fe59,6.09e-08,Fe59,Fe59,152055337053351.16,130120845485251.1,23461046.700050067,False,1.80301984763151e-07,44.49 天,3844368.0,240.0
Fe59,Fe59,6.09e-08,Co59,Co-59,,,0.0,True,0.0,稳定,inf,240.0
Fe60,Fe60,1.91e-07,Fe60,Fe60,514998649782830.9,514998643267156.94,7.5412891751638975,False,1.46433185286118e-14,1500995.34 年,47335389120000.0,240.0
Fe60,Fe60,1.91e-07,Co60m,Co-60m,inf,6832.719746509416,7.541289175263951,False,0.0011037023989044065,10.47 分钟,628.02,240.0
Fe60,Fe60,1.91e-07,Co60,Co-60,512302107967332.8,510461033389428.7,2127039.869206575,False,4.1668995869932835e-09,5.27 年,166346024.445504,240.0
Fe60,Fe60,1.91e-07,Ni60,Ni-60,,,0.0,True,0.0,稳定,inf,240.0
Fe61,Fe61,3.33e-07,Fe61,Fe61,537935475693.32324,0.0,0.0,False,0.0019318483293198029,5.98 分钟,358.8,240.0
Fe61,Fe61,3.33e-07,Co61,Co-61,9478138619576.652,1.550750281102105e-31,1.809592904206173e-35,False,0.00011669144453871133,1.65 小时,5940.0,240.0
Fe61,Fe61,3.33e-07,Ni61,Ni-61,,,0.0,True,0.0,稳定,inf,240.0
Fe62,Fe62,9.09e-07,Fe62,Fe62,278295583405.77783,0.0,0.0,False,0.01019334089058743,1.13 分钟,68.0,240.0
Fe62,Fe62,9.09e-07,Co62,Co-62,,0.0,0.0,False,0.007701635339554948,1.50 分钟,90.0,240.0
Fe62,Fe62,9.09e-07,Ni62,Ni-62,,,0.0,True,0.0,稳定,inf,240.0
Co55,Co55,8.57e-07,Co55,Co55,243481468840078.22,18412794614.709583,202237.06461011744,False,1.0983507329656228e-05,17.53 小时,63108.00000000001,240.0
Co55,Co55,8.57e-07,Fe55,Fe-55,2304425668444735.5,2288502567891323.5,18365695.3170508,False,8.025201970375482e-09,2.74 年,86371306.68096001,240.0
Co55,Co55,8.57e-07,Mn55,Mn-55,,,0.0,True,0.0,稳定,inf,240.0
Co56,Co56,7.47e-07,Co56,Co56,1926415173751079.0,1761049302440830.0,182935165.82471305,False,1.0387850332819375e-07,77.23 天,6672672.0,240.0
Co56,Co56,7.47e-07,Fe56,Fe-56,,,0.0,True,0.0,稳定,inf,240.0
Co57,Co57,2.15e-07,Co57,Co57,572379434351105.9,557963966209348.75,16472681.4554513,False,2.952284099520278e-08,271.74 天,23478336.0,240.0
Co57,Co57,2.15e-07,Fe57,Fe-57,,,0.0,True,0.0,稳定,inf,240.0
Co58,Co58,1.18e-07,Co58,Co58,303100522732983.8,274855433260304.56,31118230.755278133,False,1.1321672046339831e-07,70.86 天,6122304.0,240.0
Co58,Co58,1.18e-07,Fe58,Fe-58,,,0.0,True,0.0,稳定,inf,240.0
Co59,Co59,8.12e-09,Co59,Co59,21894183359999.996,21894183359999.996,0.0,True,0.0,稳定,inf,240.0
Co60,Co60,2.84e-08,Co60,Co60,76438036480726.9,76163338946672.36,317364.98560091853,False,4.1668995869932835e-09,5.27 年,166346024.445504,240.0
Co60,Co60,2.84e-08,Ni60,Ni-60,,,0.0,True,0.0,稳定,inf,240.0
Co61,Co61,7.31e-08,Co61,Co61,1954957588380.192,3.198572157893474e-32,3.732460055658925e-36,False,0.00011669144453871133,1.65 小时,5940.0,240.0
Co61,Co61,7.31e-08,Ni61,Ni-61,,,0.0,True,0.0,稳定,inf,240.0
Co62,Co62,1.91e-07,Co62,Co62,77394374534.80426,0.0,0.0,False,0.007701635339554948,1.50 分钟,90.0,240.0
Co62,Co62,1.91e-07,Ni62,Ni-62,,,0.0,True,0.0,稳定,inf,240.0
Ni56,Ni56,3.11e-06,Ni56,Ni56,5001255068306746.0,1597924950070935.2,2110191232.0683968,False,1.3205821912817126e-06,6.08 天,524880.0,240.0
Ni56,Ni56,3.11e-06,Co56,Co-56,6807820519794234.0,6223428750398302.0,646480464.1610267,False,1.0387850332819375e-07,77.23 天,6672672.0,240.0
Ni56,Ni56,3.11e-06,Fe56,Fe-56,,,0.0,True,0.0,稳定,inf,240.0
Ni57,Ni57,3.69e-06,Ni57,Ni57,2109282608283415.5,19711472600263.383,106608549.13824263,False,5.408451783395328e-06,1.48 天,128160.0,240.0
Ni57,Ni57,3.69e-06,Co57,Co-57,9857214773884908.0,9608959233920432.0,283683775.59241843,False,2.952284099520278e-08,271.74 天,23478336.0,240.0
Ni57,Ni57,3.69e-06,Fe57,Fe-57,,,0.0,True,0.0,稳定,inf,240.0
Ni58,Ni58,2.38e-06,Ni58,Ni58,6417260640000000.0,6417260640000000.0,0.0,True,0.0,稳定,inf,240.0
Ni59,Ni59,1.38e-06,Ni59,Ni59,3720932291206700.5,3720931592049453.0,809.2097008745756,False,2.1747502765265047e-13,101067.02 年,3187249534080.0,240.0
Ni59,Ni59,1.38e-06,Co59,Co-59,,,0.0,True,0.0,稳定,inf,240.0
Ni60,Ni60,4.91e-07,Ni60,Ni60,1323897048000000.2,1323897048000000.2,0.0,True,0.0,稳定,inf,240.0
Ni61,Ni61,2.31e-07,Ni61,Ni61,622851768000000.0,622851768000000.0,0.0,True,0.0,稳定,inf,240.0
Ni62,Ni62,7.71e-08,Ni62,Ni62,207886888800000.0,207886888800000.0,0.0,True,0.0,稳定,inf,240.0
Ni63,Ni63,7.71e-08,Ni63,Ni63,207867183634189.94,207827778283435.97,45603.72162584509,False,2.1943034758159538e-10,100.17 年,3158848300.608,240.0
Ni63,Ni63,7.71e-08,Cu63,Cu-63,,,0.0,True,0.0,稳定,inf,240.0
Ni64,Ni64,3.37e-07,Ni64,Ni64,908662536000000.0,908662536000000.0,0.0,True,0.0,稳定,inf,240.0
Ni65,Ni65,8.16e-07,Ni65,Ni65,33292175505418.926,6.6193340303639245e-16,5.0631554325030575e-20,False,7.649040536823748e-05,2.52 小时,9061.884,240.0
Ni65,Ni65,8.16e-07,Cu65,Cu-65,,,0.0,True,0.0,稳定,inf,240.0
Ni66,Ni66,2.8e-06,Ni66,Ni66,2360189145024984.0,112134186436255.83,395428852.119831,False,3.526389807488529e-06,2.27 天,196560.0,240.0
Ni66,Ni66,2.8e-06,Cu66,Cu-66,inf,175526780118.38705,396047827.9681818,False,0.0022563384783852386,5.12 分钟,307.2,240.0
Ni66,Ni66,2.8e-06,Zn66,Zn-66,,,0.0,True,0.0,稳定,inf,240.0
Cu57,Cu57,8.07e-06,Cu57,Cu57,7132263052.352494,0.0,0.0,False,3.531060522465335,1.96e-01 秒,0.1963,240.0
Cu57,Cu57,8.07e-06,Ni57,Ni-57,4612990981298847.0,43108896349898.98,233152387.34381548,False,5.408451783395328e-06,1.48 天,128160.0,240.0
Cu57,Cu57,8.07e-06,Co57,Co-57,2.155764850415356e+16,2.1014715658260644e+16,620414108.9382272,False,2.952284099520278e-08,271.74 天,23478336.0,240.0
Cu57,Cu57,8.07e-06,Fe57,Fe-57,,,0.0,True,0.0,稳定,inf,240.0
Cu59,Cu59,7.7e-06,Cu59,Cu59,2825412433933.474,0.0,0.0,False,0.008504873381103624,1.36 分钟,81.5,240.0
Cu59,Cu59,7.7e-06,Ni59,Ni-59,2.0761723654365388e+16,2.07617197532706e+16,4515.155577459103,False,2.1747502765265047e-13,101067.02 年,3187249534080.0,240.0
Cu59,Cu59,7.7e-06,Co59,Co-59,,,0.0,True,0.0,稳定,inf,240.0
Cu60,Cu60,8.6e-06,Cu60,Cu60,55059411580048.19,6.863259230808342e-170,3.34546328079242e-173,False,0.00048744527465537644,23.70 分钟,1422.0,240.0
Cu60,Cu60,8.6e-06,Ni60,Ni-60,,,0.0,True,0.0,稳定,inf,240.0
Cu61,Cu61,3.82e-06,Cu61,Cu61,206364360259602.1,4.348178606580883e-08,2.5118576371992286e-12,False,5.776804185084719e-05,3.33 小时,11998.800000000001,240.0
Cu61,Cu61,3.82e-06,Ni61,Ni-61,,,0.0,True,0.0,稳定,inf,240.0
Cu62,Cu62,2.7e-06,Cu62,Cu62,7055206349608.853,0.0,0.0,False,0.0011942988741168636,9.67 分钟,580.38,240.0
Cu62,Cu62,2.7e-06,Ni62,Ni-62,,,0.0,True,0.0,稳定,inf,240.0
Cu63,Cu63,7.79e-07,Cu63,Cu63,2100439512000000.0,2100439512000000.0,0.0,True,0.0,稳定,inf,240.0
Cu64,Cu64,3.73e-07,Cu64,Cu64,76779924797764.56,157214232.12561518,2383.4777283851035,False,1.5160699487312889e-05,12.70 小时,45720.0,240.0
Cu64,Cu64,3.73e-07,Ni64,Ni-64,,,0.0,True,0.0,稳定,inf,240.0
Cu64,Cu64,3.73e-07,Zn64,Zn-64,,,0.0,True,0.0,稳定,inf,240.0
Cu65,Cu65,1.75e-07,Cu65,Cu65,471857400000000.0,471857400000000.0,0.0,True,0.0,稳定,inf,240.0
Cu66,Cu66,3.65e-07,Cu66,Cu66,504832834661.92737,0.0,0.0,False,0.0022563384783852386,5.12 分钟,307.2,240.0
Cu66,Cu66,3.65e-07,Zn66,Zn-66,,,0.0,True,0.0,稳定,inf,240.0
Cu67,Cu67,1.45e-06,Cu67,Cu67,1354538455425509.2,91898841431889.17,286176356.4758184,False,3.1140366082625535e-06,2.58 天,222588.0,240.0
Cu67,Cu67,1.45e-06,Zn67,Zn-67,,,0.0,True,0.0,稳定,inf,240.0
Cu69,Cu69,9.53e-06,Cu69,Cu69,7337067747129.323,0.0,0.0,False,0.004053492283976288,2.85 分钟,171.0,240.0
Cu69,Cu69,9.53e-06,Zn69,Zn-69,152924265047641.9,2.1171620699218857e-63,4.336598462041409e-67,False,0.00020483072711582307,56.40 分钟,3384.0,240.0
Cu69,Cu69,9.53e-06,Ga69,Ga-69,,,0.0,True,0.0,稳定,inf,240.0
Zn60,Zn60,4.05e-06,Zn60,Zn60,2603854716024.3564,0.0,0.0,False,0.004853971852660682,2.38 分钟,142.79999999999998,240.0
Zn60,Zn60,4.05e-06,Cu60,Cu-60,28823670429070.44,3.5929247418579474e-170,1.751354187611045e-173,False,0.00048744527465537644,23.70 分钟,1422.0,240.0
Zn60,Zn60,4.05e-06,Ni60,Ni-60,,,0.0,True,0.0,稳定,inf,240.0
Zn61,Zn61,9.66e-07,Zn61,Zn61,387514848914.21313,0.0,0.0,False,0.007779429635914089,1.48 分钟,89.1,240.0
Zn61,Zn61,9.66e-07,Cu61,Cu-61,52575746949611.16,1.1077917612504615e-08,6.399496082594038e-13,False,5.776804185084719e-05,3.33 小时,11998.800000000001,240.0
Zn61,Zn61,9.66e-07,Ni61,Ni-61,,,0.0,True,0.0,稳定,inf,240.0
Zn62,Zn62,4.14e-07,Zn62,Zn62,61640023437962.34,841275.0765292671,17.633338394525904,False,2.0960252938044166e-05,9.19 小时,33069.6,240.0
Zn62,Zn62,4.14e-07,Cu62,Cu-62,inf,15028.345676383,17.948336321143252,False,0.0011942988741168636,9.67 分钟,580.38,240.0
Zn62,Zn62,4.14e-07,Ni62,Ni-62,,,0.0,True,0.0,稳定,inf,240.0
Zn63,Zn63,4.06e-08,Zn63,Zn63,421922794021.5328,8.79817096219975e-102,2.6420706162954414e-105,False,0.0003002977127458389,38.47 分钟,2308.2,240.0
Zn63,Zn63,4.06e-08,Cu63,Cu-63,,,0.0,True,0.0,稳定,inf,240.0
Zn64,Zn64,1.62e-08,Zn64,Zn64,43680513600000.0,43680513600000.0,0.0,True,0.0,稳定,inf,240.0
Zn65,Zn65,4.06e-09,Zn65,Zn65,10793100477145.5,10490880937949.953,344847.4904342969,False,3.2871166156012474e-08,244.06 天,21086784.0,240.0
Zn65,Zn65,4.06e-09,Cu65,Cu-65,,,0.0,True,0.0,稳定,inf,240.0
Zn66,Zn66,2.03e-08,Zn66,Zn66,54735458400000.0,54735458400000.0,0.0,True,0.0,稳定,inf,240.0
Zn67,Zn67,6.5e-08,Zn67,Zn67,175261320000000.0,175261320000000.0,0.0,True,0.0,稳定,inf,240.0
Zn68,Zn68,4.83e-07,Zn68,Zn68,1302326424000000.0,1302326424000000.0,0.0,True,0.0,稳定,inf,240.0
Zn69,Zn69,1.34e-06,Zn69,Zn69,20415906631212.453,2.826482973725838e-64,5.789505626887572e-68,False,0.00020483072711582307,56.40 分钟,3384.0,240.0
Zn69,Zn69,1.34e-06,Ga69,Ga-69,,,0.0,True,0.0,稳定,inf,240.0
Zn70,Zn70,6.21e-06,Zn70,Zn70,1.674419688e+16,1.674419688e+16,0.0,True,0.0,稳定,inf,240.0
Zn71,Zn71,9.73e-06,Zn71,Zn71,6439671194931.697,0.0,0.0,False,0.004715286942584662,2.45 分钟,147.0,240.0
Zn71,Zn71,9.73e-06,Ga71,Ga-71,,,0.0,True,0.0,稳定,inf,240.0
Zn72,Zn72,3.04e-05,Zn72,Zn72,2.2271712115717184e+16,622372508700912.5,2577035541.6012993,False,4.140664161051047e-06,1.94 天,167400.0,240.0
Zn72,Zn72,3.04e-05,Ga72,Ga-72,3.6024907637899833e+19,270824566222674.9,3698212854.681192,False,1.3655381807721538e-05,14.10 小时,50760.0,240.0
Zn72,Zn72,3.04e-05,Ge72,Ge-72,,,0.0,True,0.0,稳定,inf,240.0
Ga64,Ga64,1.71e-07,Ga64,Ga64,121350327209.0791,0.0,0.0,False,0.004397583939601227,2.63 分钟,157.61999999999998,240.0
Ga64,Ga64,1.71e-07,Zn64,Zn-64,,,0.0,True,0.0,稳定,inf,240.0
Ga65,Ga65,4.34e-07,Ga65,Ga65,1782042617560.8962,1.1603964842490673e-273,8.819359116106512e-277,False,0.000760029803245554,15.20 分钟,912.0,240.0
Ga65,Ga65,4.34e-07,Zn65,Zn-65,1153795124871678.2,1121487500968504.0,36864601.986226894,False,3.2871166156012474e-08,244.06 天,21086784.0,240.0
Ga65,Ga65,4.34e-07,Cu65,Cu-65,,,0.0,True,0.0,稳定,inf,240.0
Ga66,Ga66,6.09e-08,Ga66,Ga66,9367409659174.102,228369.20321290876,4.633341216887628,False,2.0288818070481948e-05,9.49 小时,34164.0,240.0
Ga66,Ga66,6.09e-08,Zn66,Zn-66,,,0.0,True,0.0,稳定,inf,240.0
Ga67,Ga67,1.22e-08,Ga67,Ga67,13629270809886.18,1627074747606.302,4002596.301547406,False,2.4599953428297573e-06,3.26 天,281767.68,240.0
Ga67,Ga67,1.22e-08,Zn67,Zn-67,,,0.0,True,0.0,稳定,inf,240.0
Ga68,Ga68,8.12e-09,Ga68,Ga68,148522965340.25464,1.4165642280472064e-53,2.4168943552232477e-57,False,0.00017061664465119514,1.13 小时,4062.5999999999995,240.0
Ga68,Ga68,8.12e-09,Zn68,Zn-68,,,0.0,True,0.0,稳定,inf,240.0
Ga69,Ga69,6.9e-08,Ga69,Ga69,186046632000000.0,186046632000000.0,0.0,True,0.0,稳定,inf,240.0
Ga70,Ga70,3.78e-07,Ga70,Ga70,2158646615559.016,1.9082564025107549e-193,1.0428118457787714e-196,False,0.0005464736522863018,21.14 分钟,1268.4,240.0
Ga70,Ga70,3.78e-07,Ge70,Ge-70,,,0.0,True,0.0,稳定,inf,240.0
Ga70,Ga70,3.78e-07,Zn70,Zn-70,,,0.0,True,0.0,稳定,inf,240.0
Ga71,Ga71,1.99e-06,Ga71,Ga71,5365692720000000.0,5365692720000000.0,0.0,True,0.0,稳定,inf,240.0
Ga72,Ga72,4.9e-06,Ga72,Ga72,1119819295940740.8,8418469191.351201,114957.41104444144,False,1.3655381807721538e-05,14.10 小时,50760.0,240.0
Ga72,Ga72,4.9e-06,Ge72,Ge-72,,,0.0,True,0.0,稳定,inf,240.0
Ga73,Ga73,2e-05,Ga73,Ga73,1575441508855071.2,2.1464633902161507,8.503743982072854e-05,False,3.9617465738451376e-05,4.86 小时,17496.0,240.0
Ga73,Ga73,2e-05,Ge73,Ge-73,,,0.0,True,0.0,稳定,inf,240.0
Ga74,Ga74,3.04e-05,Ga74,Ga74,66682885044214.17,0.0,0.0,False,0.0014227158878488205,8.12 分钟,487.19999999999993,240.0
Ga74,Ga74,3.04e-05,Ge74,Ge-74,,,0.0,True,0.0,稳定,inf,240.0
Ge71,Ge71,7.71e-08,Ge71,Ge71,155875337848501.3,84998073534848.89,59658807.86399846,False,7.018842355237448e-07,11.43 天,987552.0,240.0
Ge71,Ge71,7.71e-08,Ga71,Ga-71,,,0.0,True,0.0,稳定,inf,240.0
Ge72,Ge72,4.59e-07,Ge72,Ge72,1237614552000000.0,1237614552000000.0,0.0,True,0.0,稳定,inf,240.0
Ge73,Ge73,1.21e-06,Ge73,Ge73,3262556880000000.0,3262556880000000.0,0.0,True,0.0,稳定,inf,240.0
Ge74,Ge74,8.85e-06,Ge74,Ge74,2.38625028e+16,2.38625028e+16,0.0,True,0.0,稳定,inf,240.0
Ge75,Ge75,1.67e-05,Ge75,Ge75,373445010857421.75,1.6089228508428847e-38,2.245349798260882e-42,False,0.00013955608853989394,1.38 小时,4966.8,240.0
Ge75,Ge75,1.67e-05,As75,As-75,,,0.0,True,0.0,稳定,inf,240.0
Ge77,Ge77,7.67e-05,Ge77,Ge77,1.4047843193620006e+16,5676128527.208853,96715.64614382229,False,1.7039016237953423e-05,11.30 小时,40680.0,240.0
Ge77,Ge77,7.67e-05,As77,As-77,6.7147203604233464e+16,925604230335870.6,4589664081.12046,False,4.958559966234192e-06,1.62 天,139788.0,240.0
Ge77,Ge77,7.67e-05,Se77,Se-77,,,0.0,True,0.0,稳定,inf,240.0
Ge78,Ge78,0.000177,Ge78,Ge78,4207660655337211.5,2.315191243064969e-34,3.039333868537042e-38,False,0.00013127787510605024,1.47 小时,5280.0,240.0
Ge78,Ge78,0.000177,As78,As-78,1.4085344935066797e+17,2.2682561668615464e-31,2.8890763815652146e-35,False,0.00012736993395074335,1.51 小时,5442.0,240.0
Ge78,Ge78,0.000177,Se78,Se-78,,,0.0,True,0.0,稳定,inf,240.0
As68,As68,4.51e-07,As68,As68,307828808490.04205,0.0,0.0,False,0.004572210953561645,2.53 分钟,151.6,240.0
As68,As68,4.51e-07,Ge68,Ge-68,1200629015175655.2,1170303939110059.2,34651435.44115763,False,2.960891977130985e-08,270.95 天,23410080.0,240.0
As68,As68,4.51e-07,Ga68,Ga-68,2.1292231769382835e+75,203078451811.8098,34648564.049090415,False,0.00017061664465119514,1.13 小时,4062.5999999999995,240.0
As68,As68,4.51e-07,Zn68,Zn-68,,,0.0,True,0.0,稳定,inf,240.0
As69,As69,1.95e-07,As69,As69,802267655190.8846,1.904436897588432e-273,1.4445776604484032e-276,False,0.0007585326992339081,15.23 分钟,913.8000000000001,240.0
As69,As69,1.95e-07,Ge69,Ge-69,122474958962471.67,1729525504539.5173,8527640.682729289,False,4.930624417128648e-06,1.63 天,140580.0,240.0
As69,As69,1.95e-07,Ga69,Ga-69,,,0.0,True,0.0,稳定,inf,240.0
As70,As70,8.12e-09,As70,As70,115378939254.13373,4.4758237465645094e-72,9.830179374570471e-76,False,0.0002196283842078407,52.60 分钟,3156.0,240.0
As70,As70,8.12e-09,Ge70,Ge-70,,,0.0,True,0.0,稳定,inf,240.0
As71,As71,8.12e-09,As71,As71,7919601983234.464,619406032191.0491,1826914.5936948885,False,2.949462063248678e-06,2.72 天,235008.0,240.0
As71,As71,8.12e-09,Ge71,Ge-71,20052410495361.395,10934483192538.535,7674741.3764421465,False,7.018842355237448e-07,11.43 天,987552.0,240.0
As71,As71,8.12e-09,Ga71,Ga-71,,,0.0,True,0.0,稳定,inf,240.0
As73,As73,2.44e-08,As73,As73,63030867905086.086,57818273396634.29,5776453.633037156,False,9.990705868040354e-08,80.30 天,6937920.0,240.0
As73,As73,2.44e-08,Ge73,Ge-73,,,0.0,True,0.0,稳定,inf,240.0
As74,As74,2.07e-07,As74,As74,462158679229081.5,312887077514781.7,141257630.6906485,False,4.514652117071696e-07,17.77 天,1535328.0,240.0
As74,As74,2.07e-07,Ge74,Ge-74,,,0.0,True,0.0,稳定,inf,240.0
As74,As74,2.07e-07,Se74,Se-74,,,0.0,True,0.0,稳定,inf,240.0
As75,As75,1.84e-06,As75,As75,4961243520000000.0,4961243520000000.0,0.0,True,0.0,稳定,inf,240.0
As76,As76,5.09e-06,As76,As76,2130606122135208.8,3431618044994.273,25543034.042322274,False,7.443437383592877e-06,1.08 天,93121.92000000001,240.0
As76,As76,5.09e-06,Se76,Se-76,,,0.0,True,0.0,稳定,inf,240.0
As77,As77,2.5e-05,As77,As77,1.5517264137176104e+16,213900870887551.8,1060640295.1256431,False,4.958559966234192e-06,1.62 天,139788.0,240.0
As77,As77,2.5e-05,Se77,Se-77,,,0.0,True,0.0,稳定,inf,240.0
As78,As78,4.81e-05,As78,As78,1178520474526193.8,1.8978493934227236e-33,2.4172895188871065e-37,False,0.00012736993395074335,1.51 小时,5442.0,240.0
As78,As78,4.81e-05,Se78,Se-78,,,0.0,True,0.0,稳定,inf,240.0
As79,As79,0.000137,As79,As79,333449543087351.94,0.0,0.0,False,0.001282181244099048,9.01 分钟,540.6,240.0
As79,As79,0.000137,Se79m,Se-79m,,0.0,0.0,False,0.002947054339115414,3.92 分钟,235.2,240.0
As79,As79,0.000137,Se79,Se-79,3.5881781420338586e+17,3.588177911201613e+17,26716.694283586858,False,7.445755184039897e-14,295195.75 年,9309293193600.0,240.0
As79,As79,0.000137,Br79,Br-79,,,0.0,True,0.0,稳定,inf,240.0
Se70,Se70,3.09e-07,Se70,Se70,3430718384483.632,1.161506449121254e-93,3.2647806991508144e-97,False,0.00028108158173558204,41.10 分钟,2466.0,240.0
Se70,Se70,3.09e-07,As70,As-70,20082459319695.19,7.790464091069993e-70,1.711007040550907e-73,False,0.0002196283842078407,52.60 分钟,3156.0,240.0
Se70,Se70,3.09e-07,Ge70,Ge-70,,,0.0,True,0.0,稳定,inf,240.0
Se71,Se71,1.3e-07,Se71,Se71,166458686172.2387,0.0,0.0,False,0.002437226373276882,4.74 分钟,284.40000000000003,240.0
Se71,Se71,1.3e-07,As71,As-71,126945282939238.69,9928614364361.043,29284071.40830878,False,2.949462063248678e-06,2.72 天,235008.0,240.0
Se71,Se71,1.3e-07,Ge71,Ge-71,321021476674824.4,175051470343516.25,122865867.43936639,False,7.018842355237448e-07,11.43 天,987552.0,240.0
Se71,Se71,1.3e-07,Ga71,Ga-71,,,0.0,True,0.0,稳定,inf,240.0
Se72,Se72,4.06e-09,Se72,Se72,7453609162019.002,3265860077302.0225,3119105.082513754,False,9.5506390619481e-07,8.40 天,725760.0,240.0
Se72,Se72,4.06e-09,As72,As-72,290272977345003.7,483134650207.7496,3577814.3228880023,False,7.4054185957259116e-06,1.08 天,93600.0,240.0
Se72,Se72,4.06e-09,Ge72,Ge-72,,,0.0,True,0.0,稳定,inf,240.0
Se73,Se73,4.06e-09,Se73,Se73,470509172396.6939,36.98833167431009,0.0009960511971120497,False,2.6928794893548767e-05,7.15 小时,25740.0,240.0
Se73,Se73,4.06e-09,As73,As-73,10526978673763.03,9656407268843.21,964743.2476501939,False,9.990705868040354e-08,80.30 天,6937920.0,240.0
Se73,Se73,4.06e-09,Ge73,Ge-73,,,0.0,True,0.0,稳定,inf,240.0
Se75,Se75,1.22e-08,Se75,Se75,31961495369308.066,30164419526222.492,2020347.1899317047,False,6.697782425998217e-08,119.78 天,10348905.6,240.0
Se75,Se75,1.22e-08,As75,As-75,,,0.0,True,0.0,稳定,inf,240.0
Se76,Se76,2.31e-07,Se76,Se76,622851768000000.0,622851768000000.0,0.0,True,0.0,稳定,inf,240.0
Se77,Se77,9.01e-07,Se77,Se77,2429391528000000.0,2429391528000000.0,0.0,True,0.0,稳定,inf,240.0
Se78,Se78,6.93e-06,Se78,Se78,1.868555304e+16,1.868555304e+16,0.0,True,0.0,稳定,inf,240.0
Se79,Se79,1.62e-05,Se79,Se79,4.368051218988408e+16,4.368050937985895e+16,3252.343791565881,False,7.445755184039897e-14,295195.75 年,9309293193600.0,240.0
Se79,Se79,1.62e-05,Br79,Br-79,,,0.0,True,0.0,稳定,inf,240.0
Se80,Se80,7.42e-05,Se80,Se80,2.000675376e+17,2.000675376e+17,0.0,True,0.0,稳定,inf,240.0
Se81,Se81,0.000119,Se81,Se81,593100240872214.6,6.651009714716549e-221,4.1645245091531907e-224,False,0.0006261492145979632,18.45 分钟,1107.0,240.0
Se81,Se81,0.000119,Br81,Br-81,,,0.0,True,0.0,稳定,inf,240.0
Se83,Se83,0.0003,Se83,Se83,1807219426310089.0,7.411881792987622e-180,3.839704758933454e-183,False,0.0005180472201494359,22.30 分钟,1338.0,240.0
Se83,Se83,0.0003,Br83,Br-83,1.3808306842882038e+16,1.0892833435645399e-14,8.738815722484618e-19,False,8.022536812036404e-05,2.40 小时,8640.0,240.0
Se83,Se83,0.0003,Kr83m,Kr-83m,8.898467074081919e+25,2.951015592199433e-14,3.1048696683689656e-18,False,0.00010521359753490366,1.83 小时,6588.0,240.0
Se83,Se83,0.0003,Kr83,Kr-83,,,0.0,True,0.0,稳定,inf,240.0
Se84,Se84,0.000517,Se84,Se84,432949263758920.7,0.0,0.0,False,0.0037265977449459425,3.10 分钟,186.0,240.0
Se84,Se84,0.000517,Br84,Br-84,4920935298230539.0,2.38000527828313e-121,8.646194697902198e-125,False,0.00036328468582806357,31.80 分钟,1908.0,240.0
Se84,Se84,0.000517,Kr84,Kr-84,,,0.0,True,0.0,稳定,inf,240.0
Br72,Br72,5.68e-08,Br72,Br72,20100386109.548744,0.0,0.0,False,0.008818666419337727,1.31 分钟,78.6,240.0
Br72,Br72,5.68e-08,Se72,Se-72,104288388155267.97,45694813881307.516,43641467.43832639,False,9.5506390619481e-07,8.40 天,725760.0,240.0
Br72,Br72,5.68e-08,As72,As-72,4060619833511639.5,6758555897397.812,50049935.52284278,False,7.4054185957259116e-06,1.08 天,93600.0,240.0
Br72,Br72,5.68e-08,Ge72,Ge-72,,,0.0,True,0.0,稳定,inf,240.0
Br74,Br74,4.06e-09,Br74,Br74,27857652633.60263,6.057170681684935e-161,2.7549283334516237e-164,False,0.00045482098461938666,25.40 分钟,1524.0,240.0
Br74,Br74,4.06e-09,Se74,Se-74,,,0.0,True,0.0,稳定,inf,240.0
Br77,Br77,1.22e-08,Br77,Br77,10668023302431.271,577283646444.4099,1948781.5293864452,False,3.3757781662261325e-06,2.38 天,205329.6,240.0
Br77,Br77,1.22e-08,Se77,Se-77,,,0.0,True,0.0,稳定,inf,240.0
Br78,Br78,9.34e-08,Br78,Br78,162991202083.13315,0.0,0.0,False,0.0017883054194013034,6.46 分钟,387.6,240.0
Br78,Br78,9.34e-08,Se78,Se-78,,,0.0,True,0.0,稳定,inf,240.0
Br78,Br78,9.34e-08,Kr78,Kr-78,,,0.0,True,0.0,稳定,inf,240.0
Br79,Br79,9.05e-07,Br79,Br79,2440176840000000.0,2440176840000000.0,0.0,True,0.0,稳定,inf,240.0
Br80,Br80,3.34e-06,Br80,Br80,15951939579510.064,1.0471565117809778e-232,6.842322622039705e-236,False,0.0006534192878581686,17.68 分钟,1060.8,240.0
Br80,Br80,3.34e-06,Kr80,Kr-80,,,0.0,True,0.0,稳定,inf,240.0
Br80,Br80,3.34e-06,Se80,Se-80,,,0.0,True,0.0,稳定,inf,240.0
Br81,Br81,1.85e-05,Br81,Br81,4.9882068e+16,4.9882068e+16,0.0,True,0.0,稳定,inf,240.0
Br82,Br82,4.85e-05,Br82,Br82,2.7500103671757884e+16,246985507698370.88,1347161695.7844858,False,5.454415962857612e-06,1.47 天,127079.99999999999,240.0
Br82,Br82,4.85e-05,Kr82,Kr-82,,,0.0,True,0.0,稳定,inf,240.0
Br83,Br83,0.000163,Br83,Br83,6340665825762393.0,5.001903383014847e-15,4.0127954020486036e-19,False,8.022536812036404e-05,2.40 小时,8640.0,240.0
Br83,Br83,0.000163,Kr83m,Kr-83m,4.834833776917843e+25,1.603385138428359e-14,1.6869791864804716e-18,False,0.00010521359753490366,1.83 小时,6588.0,240.0
Br83,Br83,0.000163,Kr83,Kr-83,,,0.0,True,0.0,稳定,inf,240.0
Br84,Br84,0.000254,Br84,Br84,2181954073272324.5,1.055299835628162e-121,3.8337426924058394e-125,False,0.00036328468582806357,31.80 分钟,1908.0,240.0
Br84,Br84,0.000254,Kr84,Kr-84,,,0.0,True,0.0,稳定,inf,240.0
Br85,Br85,0.000535,Br85,Br85,419118227192840.5,0.0,0.0,False,0.003983604485976697,2.90 分钟,174.0,240.0
Br85,Br85,0.000535,Kr85m,Kr-85m,3.918482296941865e+16,2.927594876678588,0.00012582180894044542,False,4.297787577876644e-05,4.48 小时,16128.000000000002,240.0
Br85,Br85,0.000535,Rb85,Rb-85,,,0.0,True,0.0,稳定,inf,240.0
Br85,Br85,0.000535,Kr85,Kr-85,3.0776433653466355e+17,3.072218000677448e+17,627381927.8531251,False,2.0421139636405443e-09,10.76 年,339426296.91648,240.0
Kr74,Kr74,4.87e-08,Kr74,Kr74,151290469313.1488,0.0,0.0,False,0.0010045611312462974,11.50 分钟,690.0,240.0
Kr74,Kr74,4.87e-08,Br74,Br-74,610613444992.6248,1.3276746269678974e-159,6.03854281091716e-163,False,0.00045482098461938666,25.40 分钟,1524.0,240.0
Kr74,Kr74,4.87e-08,Se74,Se-74,,,0.0,True,0.0,稳定,inf,240.0
Kr75,Kr75,1.22e-08,Kr75,Kr75,14138452964.755968,0.0,0.0,False,0.002692879489354877,4.29 分钟,257.4,240.0
Kr75,Kr75,1.22e-08,Br75,Br-75,333486745230.1148,4.959608226893807e-34,5.925092139181923e-38,False,0.00011946693908306538,1.61 小时,5802.0,240.0
Kr75,Kr75,1.22e-08,Se75,Se-75,31979424281489.973,30181340362449.17,2021480.5107268272,False,6.697782425998217e-08,119.78 天,10348905.6,240.0
Kr75,Kr75,1.22e-08,As75,As-75,,,0.0,True,0.0,稳定,inf,240.0
Kr80,Kr80,6.09e-08,Kr80,Kr80,164206375200000.0,164206375200000.0,0.0,True,0.0,稳定,inf,240.0
Kr81,Kr81,2.92e-07,Kr81,Kr81,787327743383961.5,787327678136357.9,75.51805662015089,False,9.591693359352706e-14,229151.96 年,7226536072320.0,240.0
Kr81,Kr81,2.92e-07,Br81,Br-81,,,0.0,True,0.0,稳定,inf,240.0
Kr82,Kr82,3.44e-06,Kr82,Kr82,9275368320000000.0,9275368320000000.0,0.0,True,0.0,稳定,inf,240.0
Kr83,Kr83,1.09e-05,Kr83,Kr83,2.9389975200000004e+16,2.9389975200000004e+16,0.0,True,0.0,稳定,inf,240.0
Kr84,Kr84,6e-05,Kr84,Kr84,1.6177968e+17,1.6177968e+17,0.0,True,0.0,稳定,inf,240.0
Kr85,Kr85,0.000126,Kr85,Kr85,3.394377902211897e+17,3.388394188129918e+17,691948708.5898571,False,2.0421139636405443e-09,10.76 年,339426296.91648,240.0
Kr85,Kr85,0.000126,Rb85,Rb-85,,,0.0,True,0.0,稳定,inf,240.0
Kr86,Kr86,0.000392,Kr86,Kr86,1.056960576e+18,1.056960576e+18,0.0,True,0.0,稳定,inf,240.0
Kr87,Kr87,0.000392,Kr87,Kr87,8079702564000633.0,1.242781790380305e-41,1.8816747358089766e-45,False,0.00015140829632152584,1.27 小时,4578.0,240.0
Kr87,Kr87,0.000392,Rb87,Rb-87,1.05690039392787e+18,1.0569003939274625e+18,0.47155786475609746,False,4.461705828339974e-19,49262667139.73 年,1.5535474709184e+18,240.0
Kr87,Kr87,0.000392,Sr87,Sr-87,,,0.0,True,0.0,稳定,inf,240.0
Kr88,Kr88,0.000568,Kr88,Kr88,2.6145845748603864e+16,9.51148071109351e-10,6.4484116176103e-14,False,6.77960857355189e-05,2.84 小时,10224.0,240.0
Kr88,Kr88,0.000568,Rb88,Rb-88,7.053252786760607e+233,1.1080731689375089e-10,7.199641853235452e-14,False,0.0006497442637419809,17.78 分钟,1066.8000000000002,240.0
Kr88,Kr88,0.000568,Sr88,Sr-88,,,0.0,True,0.0,稳定,inf,240.0
Kr89,Kr89,0.000428,Kr89,Kr89,364199287077916.56,0.0,0.0,False,0.0036674453997880704,3.15 分钟,189.0,240.0
Kr89,Kr89,0.000428,Rb89,Rb-89,2211426742548706.2,1.6487390569507544e-271,1.2572264343283592e-274,False,0.0007625381524311829,15.15 分钟,909.0,240.0
Kr89,Kr89,0.000428,Sr89,Sr-89,1.0785992720283117e+18,9.403415222916116e+17,149295952473.20016,False,1.5876779758631315e-07,50.53 天,4365792.0,240.0
Kr89,Kr89,0.000428,Y89,Y-89,,,0.0,True,0.0,稳定,inf,240.0
Rb81,Rb81,4.06e-09,Rb81,Rb81,301125870357.5565,4.9029964906328775e-05,2.062996669688159e-09,False,4.207624202116995e-05,4.58 小时,16473.6,240.0
Rb81,Rb81,4.06e-09,Kr81m,Kr-81m,inf,3.733885086798988e-08,1.97567322171721e-09,False,0.05291199851602636,13.10 秒,13.1,240.0
Rb81,Rb81,4.06e-09,Kr81,Kr-81,10488147372859.846,10488146503683.713,1.0059908517130136,False,9.591693359352706e-14,229151.96 年,7226536072320.0,240.0
Rb81,Rb81,4.06e-09,Br81,Br-81,,,0.0,True,0.0,稳定,inf,240.0
Rb82,Rb82,1.22e-08,Rb82,Rb82,4195396415.882132,0.0,0.0,False,0.00907498272532005,1.27 分钟,76.38,240.0
Rb82,Rb82,1.22e-08,Kr82,Kr-82,,,0.0,True,0.0,稳定,inf,240.0
Rb83,Rb83,2.35e-07,Rb83,Rb83,608830565336319.9,561790219498830.44,52285182.32681414,False,9.306887252942464e-08,86.20 天,7447680.0,240.0
Rb83,Rb83,2.35e-07,Kr83m,Kr-83m,1.1142350972762304e+51,369515908533.85876,38878098.08322569,False,0.00010521359753490366,1.83 小时,6588.0,240.0
Rb83,Rb83,2.35e-07,Kr83,Kr-83,,,0.0,True,0.0,稳定,inf,240.0
Rb84,Rb84,1.35e-06,Rb84,Rb84,3280840073785387.0,2655361191388258.5,650068138.7599982,False,2.4481345169473304e-07,32.77 天,2831328.0000000005,240.0
Rb84,Rb84,1.35e-06,Kr84,Kr-84,,,0.0,True,0.0,稳定,inf,240.0
Rb84,Rb84,1.35e-06,Sr84,Sr-84,,,0.0,True,0.0,稳定,inf,240.0
Rb85,Rb85,1.03e-05,Rb85,Rb85,2.77721784e+16,2.77721784e+16,0.0,True,0.0,稳定,inf,240.0
Rb86,Rb86,4.06e-05,Rb86,Rb86,9.142350655191053e+16,6.3034515921656344e+16,27126742002.488083,False,4.303474311788651e-07,18.64 天,1610668.8,240.0
Rb86,Rb86,4.06e-05,Sr86,Sr-86,,,0.0,True,0.0,稳定,inf,240.0
Rb86,Rb86,4.06e-05,Kr86,Kr-86,,,0.0,True,0.0,稳定,inf,240.0
Rb87,Rb87,0.000169,Rb87,Rb87,4.556534861576773e+17,4.556534861575017e+17,0.20329918148923531,False,4.461705828339974e-19,49262667139.73 年,1.5535474709184e+18,240.0
Rb87,Rb87,0.000169,Sr87,Sr-87,,,0.0,True,0.0,稳定,inf,240.0
Rb88,Rb88,0.000249,Rb88,Rb88,1195957845821906.2,1.878861909817064e-229,1.2207797482669405e-232,False,0.0006497442637419809,17.78 分钟,1066.8000000000002,240.0
Rb88,Rb88,0.000249,Sr88,Sr-88,,,0.0,True,0.0,稳定,inf,240.0
Rb89,Rb89,0.000451,Rb89,Rb89,1845754531117732.5,1.3761105111220328e-271,1.0493367666921258e-274,False,0.0007625381524311829,15.15 分钟,909.0,240.0
Rb89,Rb89,0.000451,Sr89,Sr-89,1.1365613824410479e+18,9.908738938166281e+17,157318865807.04034,False,1.5876779758631315e-07,50.53 天,4365792.0,240.0
Rb89,Rb89,0.000451,Y89,Y-89,,,0.0,True,0.0,稳定,inf,240.0
Rb90,Rb90,0.000478,Rb90,Rb90,340030991411667.06,0.0,0.0,False,0.004387007471898388,2.63 分钟,158.0,240.0
Rb90,Rb90,0.000478,Sr90,Sr-90,1.2884203121869217e+18,1.2875712934432927e+18,982336744.26121,False,7.629377489724798e-10,28.81 年,908523901.8432001,240.0
Rb90,Rb90,0.000478,Y90,Y-90,4265535445887591.5,318326040563557.8,956174369.5416923,False,3.0037579327437396e-06,2.67 天,230759.99999999997,240.0
Rb90,Rb90,0.000478,Zr90,Zr-90,,,0.0,True,0.0,稳定,inf,240.0
Sr79,Sr79,4.06e-09,Sr79,Sr79,2467705449.8270044,0.0,0.0,False,0.005134423559703298,2.25 分钟,135.0,240.0
Sr79,Sr79,4.06e-09,Rb79,Rb-79,27852341456.955166,1.4154373070749436e-179,7.140512217309743e-183,False,0.0005044739305385337,22.90 分钟,1374.0,240.0
Sr79,Sr79,4.06e-09,Kr79,Kr-79,2310998539643.2554,20042430471.30366,110130.91524569436,False,5.4948882274221945e-06,1.46 天,126144.0,240.0
Sr79,Sr79,4.06e-09,Br79,Br-79,,,0.0,True,0.0,稳定,inf,240.0
Sr83,Sr83,4.06e-09,Sr83,Sr83,2120172763911.401,12508563712.412054,74310.70374466779,False,5.940786284753895e-06,1.35 天,116675.99999999999,240.0
Sr83,Sr83,4.06e-09,Rb83,Rb-83,10672154508773.28,9847587104463.512,916503.8289477205,False,9.306887252942464e-08,86.20 天,7447680.0,240.0
Sr83,Sr83,4.06e-09,Kr83m,Kr-83m,1.5614631609249287e+49,5178310034.944854,544828.6279276408,False,0.00010521359753490366,1.83 小时,6588.0,240.0
Sr83,Sr83,4.06e-09,Kr83,Kr-83,,,0.0,True,0.0,稳定,inf,240.0
Sr84,Sr84,8.12e-09,Sr84,Sr84,21894183359999.996,21894183359999.996,0.0,True,0.0,稳定,inf,240.0
Sr85,Sr85,7.31e-08,Sr85,Sr85,186931968352893.75,167979773436535.62,20783835.84318541,False,1.2372820499747694e-07,64.84 天,5602176.0,240.0
Sr85,Sr85,7.31e-08,Rb85,Rb-85,,,0.0,True,0.0,稳定,inf,240.0
Sr86,Sr86,1.25e-06,Sr86,Sr86,3370410000000000.5,3370410000000000.5,0.0,True,0.0,稳定,inf,240.0
Sr87,Sr87,6.81e-06,Sr87,Sr87,1.836199368e+16,1.836199368e+16,0.0,True,0.0,稳定,inf,240.0
Sr88,Sr88,5.33e-05,Sr88,Sr88,1.437142824e+17,1.437142824e+17,0.0,True,0.0,稳定,inf,240.0
Sr89,Sr89,0.000106,Sr89,Sr89,2.6707410726468173e+17,2.3283983134688403e+17,36967467213.31338,False,1.5876779758631315e-07,50.53 天,4365792.0,240.0
Sr89,Sr89,0.000106,Y89,Y-89,,,0.0,True,0.0,稳定,inf,240.0
Sr90,Sr90,0.000271,Sr90,Sr90,7.304641085364934e+17,7.299827611735021e+17,556931404.598427,False,7.629377489724798e-10,28.81 年,908523901.8432001,240.0
Sr90,Sr90,0.000271,Y90,Y-90,2418933061710180.0,180518810285553.47,542234808.4046934,False,3.0037579327437396e-06,2.67 天,230759.99999999997,240.0
Sr90,Sr90,0.000271,Zr90,Zr-90,,,0.0,True,0.0,稳定,inf,240.0
Sr91,Sr91,0.000347,Sr91,Sr91,5.416163513177007e+16,1703674328.1359305,34063.02807026016,False,1.999386121379789e-05,9.63 小时,34668.0,240.0
Sr91,Sr91,0.000347,Y91m,Y-91m,1.488705201862023e+95,93410556.7830352,21708.32966830803,False,0.00023239696256955185,49.71 分钟,2982.6,240.0
Sr91,Sr91,0.000347,Y91,Y-91,5.3700490806732454e+17,4.7701158957701357e+17,65404939961.53806,False,1.3711394312145624e-07,58.51 天,5055264.0,240.0
Sr91,Sr91,0.000347,Zr91,Zr-91,,,0.0,True,0.0,稳定,inf,240.0
Sr92,Sr92,0.000538,Sr92,Sr92,2.3195296651155532e+16,1.6025028798668838e-11,1.159952331891106e-15,False,7.238379078529086e-05,2.66 小时,9576.0,240.0
Sr92,Sr92,0.000538,Y92,Y-92,1.2417726453891146e+17,0.00048442753804680687,2.6348052588099484e-08,False,5.439008008160274e-05,3.54 小时,12744.0,240.0
Sr92,Sr92,0.000538,Zr92,Zr-92,,,0.0,True,0.0,稳定,inf,240.0
Sr93,Sr93,0.000432,Sr93,Sr93,866259431128237.6,0.0,0.0,False,0.001556305133952906,7.42 分钟,445.38,240.0
Sr93,Sr93,0.000432,Y93,Y-93,7.215688657356389e+16,5771695735.775493,109163.79137477193,False,1.891364277886775e-05,10.18 小时,36648.0,240.0
Sr93,Sr93,0.000432,Zr93,Zr-93,1.1648136883986435e+18,1.1648136739505833e+18,16722.29181778525,False,1.4356194635893918e-14,1531015.25 年,48282096902400.0,240.0
Sr93,Sr93,0.000432,Nb93m,Nb-93m,20273320339.880653,20249481804.62318,27.574669445544888,False,1.3617469183457963e-09,16.14 年,509013217.6704,240.0
Sr93,Sr93,0.000432,Nb93,Nb-93,,,0.0,True,0.0,稳定,inf,240.0
Sr94,Sr94,0.000447,Sr94,Sr94,151543047812939.5,0.0,0.0,False,0.009205141840105515,1.25 分钟,75.3,240.0
Sr94,Sr94,0.000447,Y94,Y-94,2420496901003920.5,3.755865304936911e-217,2.32029184196073e-220,False,0.0006177782357931777,18.70 分钟,1122.0,240.0
Sr94,Sr94,0.000447,Zr94,Zr-94,,,0.0,True,0.0,稳定,inf,240.0
Y81,Y81,3.33e-07,Y81,Y81,105548097794.89955,0.0,0.0,False,0.009845840632953767,1.17 分钟,70.4,240.0
Y81,Y81,3.33e-07,Sr81,Sr-81,2117423593852.3333,8.68411060374673e-183,4.498779357741233e-186,False,0.0005180472201494359,22.30 分钟,1338.0,240.0
Y81,Y81,3.33e-07,Rb81,Rb-81,26847236807423.61,0.004371325110449268,1.839289333004809e-07,False,4.207624202116995e-05,4.58 小时,16473.6,240.0
Y81,Y81,3.33e-07,Rb81m,Rb-81m,14717712653.30631,1.1020543736813253e-132,4.1742397920271424e-136,False,0.00037876895112565315,30.50 分钟,1830.0,240.0
Y81,Y81,3.33e-07,Kr81m,Kr-81m,inf,3.0581114811015796e-06,1.6181079014988997e-07,False,0.05291199851602636,13.10 秒,13.1,240.0
Y81,Y81,3.33e-07,Kr81,Kr-81,38634805850085.32,38634802648332.914,3.7057318000191715,False,9.591693359352706e-14,229151.96 年,7226536072320.0,240.0
Y83,Y83,2.44e-08,Y83,Y83,46666781813.73998,0.0,0.0,False,0.001631702402448082,7.08 分钟,424.8,240.0
Y83,Y83,2.44e-08,Sr83,Sr-83,12788485964528.357,75449319128.82314,448228.28027453215,False,5.940786284753895e-06,1.35 天,116675.99999999999,240.0
Y83,Y83,2.44e-08,Rb83,Rb-83,64137792498982.44,59182285807660.8,5508028.613833159,False,9.306887252942464e-08,86.20 天,7447680.0,240.0
Y83,Y83,2.44e-08,Kr83m,Kr-83m,9.384162839056223e+49,31120878042.525723,3274339.5372991217,False,0.00010521359753490366,1.83 小时,6588.0,240.0
Y83,Y83,2.44e-08,Kr83,Kr-83,,,0.0,True,0.0,稳定,inf,240.0
Y87,Y87,4.87e-08,Y87,Y87,55156703753689.94,6858749377377.803,16548742.666028626,False,2.412793026176362e-06,3.33 天,287280.0,240.0
Y87,Y87,4.87e-08,Sr87m,Sr-87m,1.1598365167636252e+37,250794044259.51178,17153856.787024543,False,6.839818241167804e-05,2.81 小时,10134.0,240.0
Y87,Y87,4.87e-08,Sr87,Sr-87,,,0.0,True,0.0,稳定,inf,240.0
Y87,Y87,4.87e-08,Rb87,Rb-87,393051863448.3995,393051863448.248,1.7536817899869358e-07,False,4.461705828339974e-19,49262667139.73 年,1.5535474709184e+18,240.0
Y88,Y88,6.33e-07,Y88,Y88,1652493955324156.0,1548509617950542.5,116483595.06611021,False,7.522303621224945e-08,106.65 天,9214560.0,240.0
Y88,Y88,6.33e-07,Sr88,Sr-88,,,0.0,True,0.0,稳定,inf,240.0
Y89,Y89,7.97e-06,Y89,Y89,2.148973416e+16,2.148973416e+16,0.0,True,0.0,稳定,inf,240.0
Y90,Y90,2.62e-05,Y90,Y90,2.5189059455187904e+16,1879795318456561.0,5646450099.74844,False,3.0037579327437396e-06,2.67 天,230759.99999999997,240.0
Y90,Y90,2.62e-05,Zr90,Zr-90,,,0.0,True,0.0,稳定,inf,240.0
Y91,Y91,9.2e-05,Y91,Y91,2.3393209830800214e+17,2.077975832075569e+17,28491946004.697025,False,1.3711394312145624e-07,58.51 天,5055264.0,240.0
Y91,Y91,9.2e-05,Zr91,Zr-91,,,0.0,True,0.0,稳定,inf,240.0
Y92,Y92,0.000181,Y92,Y92,1.03852715265823e+16,4.05139502488671e-05,2.2035569984579505e-09,False,5.439008008160274e-05,3.54 小时,12744.0,240.0
Y92,Y92,0.000181,Zr92,Zr-92,,,0.0,True,0.0,稳定,inf,240.0
Y93,Y93,0.000355,Y93,Y93,5.857497544691133e+16,4685303815.948644,88616.16268531857,False,1.891364277886775e-05,10.18 小时,36648.0,240.0
Y93,Y93,0.000355,Zr93,Zr-93,9.571964338111553e+17,9.57196421938328e+17,13741.698138127877,False,1.4356194635893918e-14,1531015.25 年,48282096902400.0,240.0
Y93,Y93,0.000355,Nb93m,Nb-93m,16659788705.225994,16640199168.15099,22.659739937889892,False,1.3617469183457963e-09,16.14 年,509013217.6704,240.0
Y93,Y93,0.000355,Nb93,Nb-93,,,0.0,True,0.0,稳定,inf,240.0
Y94,Y94,0.000429,Y94,Y94,2167123528204398.5,3.362707908330507e-217,2.077407759096187e-220,False,0.0006177782357931777,18.70 分钟,1122.0,240.0
Y94,Y94,0.000429,Zr94,Zr-94,,,0.0,True,0.0,稳定,inf,240.0
Y95,Y95,0.000518,Y95,Y95,1441291259661412.2,0.0,0.0,False,0.001121597379546837,10.30 分钟,618.0,240.0
Y95,Y95,0.000518,Zr95,Zr-95,1.3239049544529984e+18,1.1880764210676733e+18,148853492371.4373,False,1.2528949294159802e-07,64.03 天,5532364.8,240.0
Y95,Y95,0.000518,Nb95,Nb-95,2.1613536664434906e+17,1.772944516522451e+17,40649060185.474686,False,2.292742937337145e-07,34.99 天,3023222.4,240.0
Y95,Y95,0.000518,Nb95m,Nb-95m,4824945599052717.0,707317359087924.9,1571877991.9876037,False,2.2223093662150703e-06,3.61 天,311904.0,240.0
Y95,Y95,0.000518,Mo95,Mo-95,,,0.0,True,0.0,稳定,inf,240.0
Zr85,Zr85,4.06e-09,Zr85,Zr85,8620517704.729004,0.0,0.0,False,0.0014697777365562876,7.86 分钟,471.6,240.0
Zr85,Zr85,4.06e-09,Y85m,Y-85m,318291134647.66266,0.00043365638401140827,1.718036693583268e-08,False,3.9617465738451376e-05,4.86 小时,17496.0,240.0
Zr85,Zr85,4.06e-09,Y85,Y-85,5857117471.53331,6.453181423531559e-18,4.636198703734156e-22,False,7.184361324211705e-05,2.68 小时,9648.0,240.0
Zr85,Zr85,4.06e-09,Sr85,Sr-85,9684849074210.072,8702945609504.494,1076799.838454664,False,1.2372820499747694e-07,64.84 天,5602176.0,240.0
Zr85,Zr85,4.06e-09,Sr85m,Sr-85m,6.361423494077186e+58,5.096436324095609e-06,8.705654465351084e-10,False,0.00017081846827343518,1.13 小时,4057.7999999999997,240.0
Zr85,Zr85,4.06e-09,Rb85,Rb-85,,,0.0,True,0.0,稳定,inf,240.0
Zr89,Zr89,4.87e-08,Zr89,Zr89,54475182935871.05,6528235733551.456,16030509.829889463,False,2.45556540605629e-06,3.27 天,282276.0,240.0
Zr89,Zr89,4.87e-08,Y89,Y-89,,,0.0,True,0.0,稳定,inf,240.0
Zr90,Zr90,7.71e-07,Zr90,Zr90,2078868888000000.0,2078868888000000.0,0.0,True,0.0,稳定,inf,240.0
Zr91,Zr91,3.8e-06,Zr91,Zr91,1.02460464e+16,1.02460464e+16,0.0,True,0.0,稳定,inf,240.0
Zr92,Zr92,2.14e-05,Zr92,Zr92,5.770141919999999e+16,5.770141919999999e+16,0.0,True,0.0,稳定,inf,240.0
Zr93,Zr93,5.88e-05,Zr93,Zr93,1.5854408603062166e+17,1.5854408406408013e+17,2276.0897291934616,False,1.4356194635893918e-14,1531015.25 年,48282096902400.0,240.0
Zr93,Zr93,5.88e-05,Nb93m,Nb-93m,2876825830.4042287,2873443093.248303,3.912902277272889,False,1.3617469183457963e-09,16.14 年,509013217.6704,240.0
Zr93,Zr93,5.88e-05,Nb93,Nb-93,,,0.0,True,0.0,稳定,inf,240.0
Zr94,Zr94,0.000175,Zr94,Zr94,4.718574e+17,4.718574e+17,0.0,True,0.0,稳定,inf,240.0
Zr95,Zr95,0.000275,Zr95,Zr95,7.027667821054173e+17,6.30665094590589e+17,79015709917.21986,False,1.2528949294159802e-07,64.03 天,5532364.8,240.0
Zr95,Zr95,0.000275,Nb95,Nb-95,1.1482062031503544e+17,9.418661662448978e+16,21594570005.748024,False,2.292742937337145e-07,34.99 天,3023222.4,240.0
Zr95,Zr95,0.000275,Nb95m,Nb-95m,2563775804024900.0,375839083315766.2,835230715.0423133,False,2.2223093662150703e-06,3.61 天,311904.0,240.0
Zr95,Zr95,0.000275,Mo95,Mo-95,,,0.0,True,0.0,稳定,inf,240.0
Zr97,Zr97,0.000433,Zr97,Zr97,1.175065548864027e+17,5691816365899.526,65450749.62653638,False,1.149909719833216e-05,16.74 小时,60278.4,240.0
Zr97,Zr97,0.000433,Nb97,Nb-97,5.83464372156042e+71,440066871106.17865,70511121.35115224,False,0.00016022819707811958,1.20 小时,4326.0,240.0
Zr97,Zr97,0.000433,Mo97,Mo-97,,,0.0,True,0.0,稳定,inf,240.0
Nb87,Nb87,1.25e-06,Nb87,Nb87,1266269216865.2532,0.0,0.0,False,0.003080654135821979,3.75 分钟,225.0,240.0
Nb87,Nb87,1.25e-06,Zr87,Zr-87,35352514252171.77,3.500541342483799e-30,4.011888826018801e-34,False,0.0001146076687433772,1.68 小时,6048.0,240.0
Nb87,Nb87,1.25e-06,Y87m,Y-87m,308890963192255.3,1219341627.0724652,17559.6944017422,False,1.440096361173326e-05,13.37 小时,48132.0,240.0
Nb87,Nb87,1.25e-06,Y87,Y-87,1669099354233608.5,207552906130029.53,500782204.4731723,False,2.412793026176362e-06,3.33 天,287280.0,240.0
Nb87,Nb87,1.25e-06,Sr87,Sr-87,,,0.0,True,0.0,稳定,inf,240.0
Nb88,Nb88,1.38e-07,Nb88,Nb88,540545003295.4392,6.010424260066276e-288,4.788630609004637e-291,False,0.0007967208971953394,14.50 分钟,870.0,240.0
Nb88,Nb88,1.38e-07,Zr88,Zr-88,357093440189516.8,328614822305801.56,31610605.622651007,False,9.619348695487293e-08,83.40 天,7205760.000000001,240.0
Nb88,Nb88,1.38e-07,Y88,Y-88,44086765277735.18,41312574752207.93,3107657.306606599,False,7.522303621224945e-08,106.65 天,9214560.0,240.0
Nb88,Nb88,1.38e-07,Sr88,Sr-88,,,0.0,True,0.0,稳定,inf,240.0
Nb89,Nb89,8.53e-08,Nb89,Nb89,2806603664936.58,7.218183293584184e-24,6.846282702124764e-28,False,9.484772585658803e-05,2.03 小时,7307.999999999999,240.0
Nb89,Nb89,8.53e-08,Zr89,Zr-89,96749643725877.94,11594352645372.158,28470691.261593103,False,2.45556540605629e-06,3.27 天,282276.0,240.0
Nb89,Nb89,8.53e-08,Zr89m,Zr-89m,inf,3.134742895515648e-27,8.703189136453541e-30,False,0.0027763645780659514,4.16 分钟,249.65999999999997,240.0
Nb89,Nb89,8.53e-08,Y89,Y-89,,,0.0,True,0.0,稳定,inf,240.0
Nb90,Nb90,2.03e-08,Nb90,Nb90,4803745848637.428,54093083.347843975,713.365072495285,False,1.3187731745813266e-05,14.60 小时,52560.0,240.0
Nb90,Nb90,2.03e-08,Zr90,Zr-90,,,0.0,True,0.0,稳定,inf,240.0
Nb91,Nb91,2.84e-08,Nb91,Nb91,76574646655347.86,76572509606055.52,2473.4021662426267,False,3.2301437930761316e-11,680.45 年,21458709734.4,240.0
Nb91,Nb91,2.84e-08,Zr91,Zr-91,,,0.0,True,0.0,稳定,inf,240.0
Nb92,Nb92,2.27e-07,Nb92,Nb92,612066462057599.0,612066461722854.4,0.3874359146839252,False,6.329964781820661e-16,34723025.59 年,1095025334976000.1,240.0
Nb92,Nb92,2.27e-07,Zr92,Zr-92,,,0.0,True,0.0,稳定,inf,240.0
Nb93,Nb93,2.12e-06,Nb93,Nb93,5716215360000000.0,5716215360000000.0,0.0,True,0.0,稳定,inf,240.0
Nb94,Nb94,9.9e-06,Nb94,Nb94,2.669363472316652e+16,2.6693609768257932e+16,28882.982550374207,False,1.0820186104885565e-12,20313.47 年,640605599424.0,240.0
Nb94,Nb94,9.9e-06,Mo94,Mo-94,,,0.0,True,0.0,稳定,inf,240.0
Nb95,Nb95,4.39e-05,Nb95,Nb95,1.0738206471406482e+17,8.808481728996008e+16,20195584272.818882,False,2.292742937337145e-07,34.99 天,3023222.4,240.0
Nb95,Nb95,4.39e-05,Mo95,Mo-95,,,0.0,True,0.0,稳定,inf,240.0
Nb96,Nb96,0.000103,Nb96,Nb96,3.895025412679653e+16,31362584108714.945,258611548.29918998,False,8.245862247917504e-06,23.35 小时,84060.0,240.0
Nb96,Nb96,0.000103,Mo96,Mo-96,,,0.0,True,0.0,稳定,inf,240.0
Nb97,Nb97,0.000249,Nb97,Nb97,4849750319671509.0,3.657831652920969e-45,5.8608777096280495e-49,False,0.00016022819707811958,1.20 小时,4326.0,240.0
Nb97,Nb97,0.000249,Mo97,Mo-97,,,0.0,True,0.0,稳定,inf,240.0
Nb99,Nb99,0.000477,Nb99,Nb99,32213888877052.035,0.0,0.0,False,0.046209812037329684,15.00 秒,15.0,240.0
Nb99,Nb99,0.000477,Mo99,Mo-99,4.6893097674216986e+17,3.7623426584156824e+16,109858170979.56221,False,2.9199406049268075e-06,2.75 天,237384.0,240.0
Nb99,Nb99,0.000477,Tc99m,Tc-99m,3.399195353984609e+27,3312868730380168.5,106045332041.57289,False,3.20101219432874e-05,6.01 小时,21654.0,240.0
Nb99,Nb99,0.000477,Tc99,Tc-99,1.1776089321964823e+18,1.1776088263302764e+18,122530.32552860442,False,1.0405010797213499e-13,211240.08 年,6661667095488.0,240.0
Nb99,Nb99,0.000477,Ru99,Ru-99,,,0.0,True,0.0,稳定,inf,240.0
Mo89,Mo89,8.08e-07,Mo89,Mo89,460551906655.83624,0.0,0.0,False,0.005475096212953754,2.11 分钟,126.6,240.0
Mo89,Mo89,8.08e-07,Nb89,Nb-89,27054084297931.293,6.957923619292308e-23,6.599432319737157e-27,False,9.484772585658803e-05,2.03 小时,7307.999999999999,240.0
Mo89,Mo89,8.08e-07,Zr89,Zr-89,916456179724611.5,109826927754521.72,269687204.44744694,False,2.45556540605629e-06,3.27 天,282276.0,240.0
Mo89,Mo89,8.08e-07,Zr89m,Zr-89m,inf,2.969369589187155e-26,8.244052546605463e-29,False,0.0027763645780659514,4.16 分钟,249.65999999999997,240.0
Mo89,Mo89,8.08e-07,Y89,Y-89,,,0.0,True,0.0,稳定,inf,240.0
Mo90,Mo90,1.66e-07,Mo90,Mo90,14959562705892.293,1.5164160285151558,5.251296436456784e-05,False,3.462965530375426e-05,5.56 小时,20016.0,240.0
Mo90,Mo90,1.66e-07,Nb90,Nb-90,63441946024486.03,714394679.1076293,9421.245388707765,False,1.3187731745813266e-05,14.60 小时,52560.0,240.0
Mo90,Mo90,1.66e-07,Zr90,Zr-90,,,0.0,True,0.0,稳定,inf,240.0
Mo91,Mo91,3.25e-08,Mo91,Mo91,135993937173.41652,1.9337325129804797e-269,1.4421790825581207e-272,False,0.0007458007107380518,15.49 分钟,929.4,240.0
Mo91,Mo91,3.25e-08,Nb91,Nb-91,87602590958174.12,87600146140428.4,2829.6106832806686,False,3.2301437930761316e-11,680.45 年,21458709734.4,240.0
Mo91,Mo91,3.25e-08,Nb91m,Nb-91m,28357534803.75078,25304966878.694454,3335.68893052396,False,1.3181953355301354e-07,60.86 天,5258304.0,240.0
Mo91,Mo91,3.25e-08,Zr91,Zr-91,,,0.0,True,0.0,稳定,inf,240.0
Mo92,Mo92,1.62e-08,Mo92,Mo92,43680513600000.0,43680513600000.0,0.0,True,0.0,稳定,inf,240.0
Mo93,Mo93,1.22e-08,Mo93,Mo93,32895123565776.484,32894967497364.45,180.63430764458988,False,5.491244448229424e-12,4002.65 年,126227704320.00002,240.0
Mo93,Mo93,1.22e-08,Nb93m,Nb-93m,206064423.86416787,205822121.47110927,0.2802776396406772,False,1.3617469183457963e-09,16.14 年,509013217.6704,240.0
Mo93,Mo93,1.22e-08,Nb93,Nb-93,,,0.0,True,0.0,稳定,inf,240.0
Mo94,Mo94,1.3e-07,Mo94,Mo94,350522640000000.0,350522640000000.0,0.0,True,0.0,稳定,inf,240.0
Mo95,Mo95,8e-07,Mo95,Mo95,2157062400000000.0,2157062400000000.0,0.0,True,0.0,稳定,inf,240.0
Mo96,Mo96,7.12e-06,Mo96,Mo96,1.919785536e+16,1.919785536e+16,0.0,True,0.0,稳定,inf,240.0
Mo97,Mo97,2.11e-05,Mo97,Mo97,5.689252080000001e+16,5.689252080000001e+16,0.0,True,0.0,稳定,inf,240.0
Mo98,Mo98,8.44e-05,Mo98,Mo98,2.2757008320000003e+17,2.2757008320000003e+17,0.0,True,0.0,稳定,inf,240.0
Mo99,Mo99,0.00014,Mo99,Mo99,1.3762303643752274e+17,1.104181737719321e+16,32241450911.852875,False,2.9199406049268075e-06,2.75 天,237384.0,240.0
Mo99,Mo99,0.00014,Tc99m,Tc-99m,9.976728990368324e+26,972335804852308.6,31124587683.146896,False,3.20101219432874e-05,6.01 小时,21654.0,240.0
Mo99,Mo99,0.00014,Tc99,Tc-99,3.4562954160608096e+17,3.4562951053423085e+17,35962.78788944289,False,1.0405010797213499e-13,211240.08 年,6661667095488.0,240.0
Mo99,Mo99,0.00014,Ru99,Ru-99,,,0.0,True,0.0,稳定,inf,240.0
Mo101,Mo101,0.000368,Mo101,Mo101,1452388505406228.0,2.8774447581071804e-282,2.2752597778906982e-285,False,0.0007907223141226847,14.61 分钟,876.5999999999999,240.0
Mo101,Mo101,0.000368,Tc101,Tc-101,1.855095359534967e+25,9.965784257911556e-281,8.107693967652677e-284,False,0.0008135530288262268,14.20 分钟,852.0,240.0
Mo101,Mo101,0.000368,Ru101,Ru-101,,,0.0,True,0.0,稳定,inf,240.0
Mo102,Mo102,0.000653,Mo102,Mo102,1993317103856430.2,0.0,0.0,False,0.0010223409742772054,11.30 分钟,678.0,240.0
Mo102,Mo102,0.000653,Tc102,Tc-102,,0.0,0.0,False,0.13127787510605024,5.28 秒,5.28,240.0
Mo102,Mo102,0.000653,Ru102,Ru-102,,,0.0,True,0.0,稳定,inf,240.0
Tc91,Tc91,9.22e-06,Tc91,Tc91,7820694793306.147,0.0,0.0,False,0.0036791251622077773,3.14 分钟,188.4,240.0
Tc91,Tc91,9.22e-06,Mo91,Mo-91,48061845545035.41,6.834036523684693e-267,5.096829296573848e-270,False,0.0007458007107380518,15.49 分钟,929.4,240.0
Tc91,Tc91,9.22e-06,Mo91m,Mo-91m,,0.0,0.0,False,0.010729832516407823,1.08 分钟,64.6,240.0
Tc91,Tc91,9.22e-06,Nb91,Nb-91,2.467871296405223e+16,2.467802422922446e+16,797135.6678941178,False,3.2301437930761316e-11,680.45 年,21458709734.4,240.0
Tc91,Tc91,9.22e-06,Nb91m,Nb-91m,7998019171669.52,7137066449354.79,940804.770290811,False,1.3181953355301354e-07,60.86 天,5258304.0,240.0
Tc91,Tc91,9.22e-06,Zr91,Zr-91,,,0.0,True,0.0,稳定,inf,240.0
Tc92,Tc92,2.85e-06,Tc92,Tc92,3272039656379.8135,0.0,0.0,False,0.0027182242374899817,4.25 分钟,255.0,240.0
Tc92,Tc92,2.85e-06,Mo92,Mo-92,,,0.0,True,0.0,稳定,inf,240.0
Tc93,Tc93,5.52e-07,Tc93,Tc93,24604117391378.61,1.3161308769779343e-13,9.214872794193368e-18,False,7.00148667232268e-05,2.75 小时,9900.0,240.0
Tc93,Tc93,5.52e-07,Mo93,Mo-93,1488369642003571.2,1488362580546997.5,8172.9627573811185,False,5.491244448229424e-12,4002.65 年,126227704320.00002,240.0
Tc93,Tc93,5.52e-07,Nb93m,Nb-93m,9220786199.123459,9209943868.749138,12.5416126814069,False,1.3617469183457963e-09,16.14 年,509013217.6704,240.0
Tc93,Tc93,5.52e-07,Nb93,Nb-93,,,0.0,True,0.0,稳定,inf,240.0
Tc94,Tc94,8.93e-08,Tc94,Tc94,7068118918902.956,0.011341110885791117,4.471592170024924e-07,False,3.942816726734615e-05,4.88 小时,17580.0,240.0
Tc94,Tc94,8.93e-08,Mo94,Mo-94,,,0.0,True,0.0,稳定,inf,240.0
Tc95,Tc95,3.25e-08,Tc95,Tc95,10532787774972.146,2571481390.374061,24755.76493889095,False,9.627044174443684e-06,20.00 小时,72000.0,240.0
Tc95,Tc95,3.25e-08,Mo95,Mo-95,,,0.0,True,0.0,稳定,inf,240.0
Tc96,Tc96,2.44e-08,Tc96,Tc96,32580427608993.27,6450831064149.141,12091595.719711319,False,1.8744244887935522e-06,4.28 天,369792.0,240.0
Tc96,Tc96,2.44e-08,Mo96,Mo-96,,,0.0,True,0.0,稳定,inf,240.0
Tc97,Tc97,3.61e-07,Tc97,Tc97,973374407383585.0,973374400278797.6,8.223133494737835,False,8.448068381891422e-15,2601725.26 年,82048007808000.0,240.0
Tc97,Tc97,3.61e-07,Mo97,Mo-97,,,0.0,True,0.0,稳定,inf,240.0
Tc98,Tc98,1.91e-06,Tc98,Tc98,5149986434559290.0,5149986411289026.0,26.933175513759842,False,5.2297566173613555e-15,4202786.96 年,132539089536000.02,240.0
Tc98,Tc98,1.91e-06,Ru98,Ru-98,,,0.0,True,0.0,稳定,inf,240.0
Tc99,Tc99,1.17e-05,Tc99,Tc99,3.1547036177796468e+16,3.154703334174034e+16,3282.4722254086246,False,1.0405010797213499e-13,211240.08 年,6661667095488.0,240.0
Tc99,Tc99,1.17e-05,Ru99,Ru-99,,,0.0,True,0.0,稳定,inf,240.0
Tc101,Tc101,0.000119,Tc101,Tc101,456478234167232.94,2.4522532368812857e-291,1.9950380483136886e-294,False,0.0008135530288262268,14.20 分钟,852.0,240.0
Tc101,Tc101,0.000119,Ru101,Ru-101,,,0.0,True,0.0,稳定,inf,240.0
Tc102,Tc102,0.000202,Tc102,Tc102,4801963007785.971,0.0,0.0,False,0.13127787510605024,5.28 秒,5.28,240.0
Tc102,Tc102,0.000202,Ru102,Ru-102,,,0.0,True,0.0,稳定,inf,240.0
Tc104,Tc104,0.000487,Tc104,Tc104,2407491816026628.5,3.2025996927442534e-222,2.0217422108268e-225,False,0.000631281585209422,18.30 分钟,1098.0,240.0
Tc104,Tc104,0.000487,Ru104,Ru-104,,,0.0,True,0.0,稳定,inf,240.0
Tc105,Tc105,0.000718,Tc105,Tc105,1474085944019266.8,0.0,0.0,False,0.001520059606491108,7.60 分钟,456.0,240.0
Tc105,Tc105,0.000718,Ru105,Ru-105,5.318796591437483e+16,2.8439484777371105,0.00012332800731989653,False,4.336506384884542e-05,4.44 小时,15984.000000000002,240.0
Tc105,Tc105,0.000718,Rh105,Rh-105,4.6633258006346694e+17,4221878613704154.5,22988807643.251675,False,5.445160732151406e-06,1.47 天,127296.0,240.0
Tc105,Tc105,0.000718,Pd105,Pd-105,,,0.0,True,0.0,稳定,inf,240.0
Ru92,Ru92,4.87e-05,Ru92,Ru92,48018279390695.05,0.0,0.0,False,0.003165055618995184,3.65 分钟,219.0,240.0
Ru92,Ru92,4.87e-05,Tc92,Tc-92,,0.0,0.0,False,0.0027182242374899817,4.25 分钟,255.0,240.0
Ru92,Ru92,4.87e-05,Mo92,Mo-92,,,0.0,True,0.0,稳定,inf,240.0
Ru94,Ru94,9.51e-06,Ru94,Ru94,133074561935728.47,2.754741213836274e-70,6.143632900717164e-74,False,0.00022302032836549077,51.80 分钟,3108.0,240.0
Ru94,Ru94,9.51e-06,Tc94m,Tc-94m,1.8243500553757956e+16,7.924201834860883e-68,1.760460948724925e-71,False,0.00022216255787177734,52.00 分钟,3120.0,240.0
Ru94,Ru94,9.51e-06,Mo94,Mo-94,,,0.0,True,0.0,稳定,inf,240.0
Ru95,Ru95,8.93e-07,Ru95,Ru95,23780722287558.176,2.532170056028149e-31,2.9674148492497295e-35,False,0.0001171886083316334,1.64 小时,5914.8,240.0
Ru95,Ru95,8.93e-07,Tc95,Tc-95,422803939902001.2,103223618140.13708,993738.3316810061,False,9.627044174443684e-06,20.00 小时,72000.0,240.0
Ru95,Ru95,8.93e-07,Tc95m,Tc-95m,59542479135715.336,53146875018010.89,6989717.39797853,False,1.3151699691862958e-07,61.00 天,5270400.0,240.0
Ru95,Ru95,8.93e-07,Mo95,Mo-95,,,0.0,True,0.0,稳定,inf,240.0
Ru96,Ru96,3.13e-07,Ru96,Ru96,843950664000000.0,843950664000000.0,0.0,True,0.0,稳定,inf,240.0
Ru97,Ru97,5.28e-08,Ru97,Ru97,54106475079870.71,4956952687194.911,13712874.278808257,False,2.766392004150484e-06,2.90 天,250560.0,240.0
Ru97,Ru97,5.28e-08,Tc97,Tc-97,137354130074332.61,137354129071766.81,1.1603770749334266,False,8.448068381891422e-15,2601725.26 年,82048007808000.0,240.0
Ru97,Ru97,5.28e-08,Tc97m,Tc-97m,57385982069.13048,53136771508.24696,4731.317486100759,False,8.9040364173545e-08,90.10 天,7784639.999999999,240.0
Ru97,Ru97,5.28e-08,Mo97,Mo-97,,,0.0,True,0.0,稳定,inf,240.0
Ru98,Ru98,2.84e-08,Ru98,Ru98,76575715200000.0,76575715200000.0,0.0,True,0.0,稳定,inf,240.0
Ru99,Ru99,8.53e-08,Ru99,Ru99,229996778400000.0,229996778400000.0,0.0,True,0.0,稳定,inf,240.0
Ru100,Ru100,9.95e-07,Ru100,Ru100,2682846360000000.0,2682846360000000.0,0.0,True,0.0,稳定,inf,240.0
Ru101,Ru101,3.93e-06,Ru101,Ru101,1.0596569039999998e+16,1.0596569039999998e+16,0.0,True,0.0,稳定,inf,240.0
Ru102,Ru102,2.6e-05,Ru102,Ru102,7.0104528e+16,7.0104528e+16,0.0,True,0.0,稳定,inf,240.0
Ru103,Ru103,5.91e-05,Ru103,Ru103,1.4607843624094832e+17,1.2243627442494699e+17,25019091153.91565,False,2.0434378023526244e-07,39.26 天,3392064.0,240.0
Ru103,Ru103,5.91e-05,Rh103m,Rh-103m,2.1385146921119058e+91,120132058517995.9,24732151708.01441,False,0.00020587470166682863,56.11 分钟,3366.8399999999997,240.0
Ru103,Ru103,5.91e-05,Rh103,Rh-103,,,0.0,True,0.0,稳定,inf,240.0
Ru104,Ru104,0.00021,Ru104,Ru104,5.6622888e+17,5.6622888e+17,0.0,True,0.0,稳定,inf,240.0
Ru105,Ru105,0.000288,Ru105,Ru105,2.0725808294271184e+16,1.1082042701774661,4.805734893380896e-05,False,4.336506384884542e-05,4.44 小时,15984.000000000002,240.0
Ru105,Ru105,0.000288,Rh105,Rh-105,1.8705262264384186e+17,1693455488505287.2,9221137327.655266,False,5.445160732151406e-06,1.47 天,127296.0,240.0
Ru105,Ru105,0.000288,Pd105,Pd-105,,,0.0,True,0.0,稳定,inf,240.0
Ru106,Ru106,0.000617,Ru106,Ru106,1.648296107483449e+18,1.6179960956173445e+18,34745130326.88595,False,2.1474174394487017e-08,1.02 年,32278175.999999996,240.0
Ru106,Ru106,0.000617,Rh106,Rh-106,inf,1493774870175.0686,34745162404.468025,False,0.023259972502011585,29.80 秒,29.8,240.0
Ru106,Ru106,0.000617,Pd106,Pd-106,,,0.0,True,0.0,稳定,inf,240.0
Ru107,Ru107,0.000555,Ru107,Ru107,562223532288172.4,0.0,0.0,False,0.003080654135821979,3.75 分钟,225.0,240.0
Ru107,Ru107,0.000555,Rh107,Rh-107,3933079875493816.5,6.806005971658222e-185,3.6233209294385927e-188,False,0.0005323711064208489,21.70 分钟,1302.0,240.0
Ru107,Ru107,0.000555,Pd107,Pd-107,1.496462027680973e+18,1.4964620233118241e+18,5056.885401536754,False,3.3792273527565687e-15,6504313.15 年,205120019520000.0,240.0
Ru107,Ru107,0.000555,Ag107,Ag-107,,,0.0,True,0.0,稳定,inf,240.0
Ru108,Ru108,0.000767,Ru108,Ru108,942739120315136.6,0.0,0.0,False,0.002539000661391741,4.55 分钟,273.0,240.0
Ru108,Ru108,0.000767,Rh108,Rh-108,,0.0,0.0,False,0.04125876074761579,16.80 秒,16.8,240.0
Ru108,Ru108,0.000767,Pd108,Pd-108,,,0.0,True,0.0,稳定,inf,240.0
Rh94,Rh94,3.24e-05,Rh94,Rh94,10298719493071.125,0.0,0.0,False,0.009817948733143702,1.18 分钟,70.6,240.0
Rh94,Rh94,3.24e-05,Ru94,Ru-94,463915154871522.4,9.603384585741073e-70,2.1417499837320665e-73,False,0.00022302032836549077,51.80 分钟,3108.0,240.0
Rh94,Rh94,3.24e-05,Tc94m,Tc-94m,6.2154512927629624e+16,2.6997280699210578e-67,5.997784935718988e-71,False,0.00022216255787177734,52.00 分钟,3120.0,240.0
Rh94,Rh94,3.24e-05,Mo94,Mo-94,,,0.0,True,0.0,稳定,inf,240.0
Rh95,Rh95,1.08e-05,Rh95,Rh95,14645771063800.865,0.0,0.0,False,0.0023012854600263787,5.02 分钟,301.2,240.0
Rh95,Rh95,1.08e-05,Ru95,Ru-95,303037195784332.25,3.226738463824082e-30,3.7813699002569676e-34,False,0.0001171886083316334,1.64 小时,5914.8,240.0
Rh95,Rh95,1.08e-05,Tc95,Tc-95,5113418310124987.0,1248393142120.359,12018335.926265247,False,9.627044174443684e-06,20.00 小时,72000.0,240.0
Rh95,Rh95,1.08e-05,Tc95m,Tc-95m,720110609928024.1,642761758336525.8,84534096.1905578,False,1.3151699691862958e-07,61.00 天,5270400.0,240.0
Rh95,Rh95,1.08e-05,Mo95,Mo-95,,,0.0,True,0.0,稳定,inf,240.0
Rh96,Rh96,2.18e-06,Rh96,Rh96,5830106077522.323,0.0,0.0,False,0.0011669144453871133,9.90 分钟,594.0,240.0
Rh96,Rh96,2.18e-06,Ru96,Ru-96,,,0.0,True,0.0,稳定,inf,240.0
Rh97,Rh97,4.51e-07,Rh97,Rh97,3740241855136.263,2.3613605641042567e-129,8.885832884333916e-133,False,0.00037630140095545346,30.70 分钟,1842.0,240.0
Rh97,Rh97,4.51e-07,Ru97,Ru-97,465582217474968.7,42654211360394.29,117998269.2507395,False,2.766392004150484e-06,2.90 天,250560.0,240.0
Rh97,Rh97,4.51e-07,Tc97,Tc-97,1172919752261266.2,1172919743699971.2,9.908906201247918,False,8.448068381891422e-15,2601725.26 年,82048007808000.0,240.0
Rh97,Rh97,4.51e-07,Tc97m,Tc-97m,490036371420.0498,453751068815.19604,40402.16041144033,False,8.9040364173545e-08,90.10 天,7784639.999999999,240.0
Rh97,Rh97,4.51e-07,Mo97,Mo-97,,,0.0,True,0.0,稳定,inf,240.0
Rh98,Rh98,1.71e-07,Rh98,Rh98,401883458971.8265,0.0,0.0,False,0.0013278681619922324,8.70 分钟,522.0,240.0
Rh98,Rh98,1.71e-07,Ru98,Ru-98,,,0.0,True,0.0,稳定,inf,240.0
Rh99,Rh99,1.62e-08,Rh99,Rh99,35493519469184.04,23076711078350.945,11498991.560670728,False,4.982942119277268e-07,16.10 天,1391040.0000000002,240.0
Rh99,Rh99,1.62e-08,Ru99,Ru-99,,,0.0,True,0.0,稳定,inf,240.0
Rh100,Rh100,8.12e-09,Rh100,Rh100,2736587606123.647,919996825.5989665,8516.202000374242,False,9.256773244657388e-06,20.80 小时,74880.0,240.0
Rh100,Rh100,8.12e-09,Ru100,Ru-100,,,0.0,True,0.0,稳定,inf,240.0
Rh101,Rh101,3.25e-08,Rh101,Rh101,87379167789016.0,86878107139880.8,578265.3618236989,False,6.6560538766417264e-09,3.30 年,104137856.064,240.0
Rh101,Rh101,3.25e-08,Ru101,Ru-101,,,0.0,True,0.0,稳定,inf,240.0
Rh102,Rh102,2.15e-07,Rh102,Rh102,570112043541114.9,551337717096171.0,21367763.91916978,False,3.875621648326765e-08,207.00 天,17884800.0,240.0
Rh102,Rh102,2.15e-07,Ru102,Ru-102,,,0.0,True,0.0,稳定,inf,240.0
Rh102,Rh102,2.15e-07,Pd102,Pd-102,,,0.0,True,0.0,稳定,inf,240.0
Rh103,Rh103,2.4e-06,Rh103,Rh103,6471187200000000.0,6471187200000000.0,0.0,True,0.0,稳定,inf,240.0
Rh104,Rh104,9.22e-06,Rh104,Rh104,1755920327796.4438,0.0,0.0,False,0.016386458169265847,42.30 秒,42.3,240.0
Rh104,Rh104,9.22e-06,Pd104,Pd-104,,,0.0,True,0.0,稳定,inf,240.0
Rh104,Rh104,9.22e-06,Ru104,Ru-104,,,0.0,True,0.0,稳定,inf,240.0
Rh105,Rh105,4.49e-05,Rh105,Rh105,2.550027617103317e+16,230863283443293.66,1257087685.5009625,False,5.445160732151406e-06,1.47 天,127296.0,240.0
Rh105,Rh105,4.49e-05,Pd105,Pd-105,,,0.0,True,0.0,稳定,inf,240.0
Rh106,Rh106,0.0001,Rh106,Rh106,13416825835585.615,0.0,0.0,False,0.023259972502011585,29.80 秒,29.8,240.0
Rh106,Rh106,0.0001,Pd106,Pd-106,,,0.0,True,0.0,稳定,inf,240.0
Rh107,Rh107,0.000287,Rh107,Rh107,1682388918552556.5,2.9112932838371795e-185,1.5498884266319857e-188,False,0.0005323711064208489,21.70 分钟,1302.0,240.0
Rh107,Rh107,0.000287,Pd107,Pd-107,7.738461296296201e+17,7.738461273702584e+17,2615.002000434321,False,3.3792273527565687e-15,6504313.15 年,205120019520000.0,240.0
Rh107,Rh107,0.000287,Ag107,Ag-107,,,0.0,True,0.0,稳定,inf,240.0
Rh108,Rh108,0.000381,Rh108,Rh108,28818261345106.176,0.0,0.0,False,0.04125876074761579,16.80 秒,16.8,240.0
Rh108,Rh108,0.000381,Pd108,Pd-108,,,0.0,True,0.0,稳定,inf,240.0
Rh109,Rh109,0.000682,Rh109,Rh109,245644972345486.94,0.0,0.0,False,0.008664339756999316,1.33 分钟,80.0,240.0
Rh109,Rh109,0.000682,Pd109,Pd-109,1.516986253539377e+17,808956831108.8875,11368147.532045716,False,1.4052848180369142e-05,13.70 小时,49324.32,240.0
Rh109,Rh109,0.000682,Ag109,Ag-109,,,0.0,True,0.0,稳定,inf,240.0
Pd96,Pd96,0.000111,Pd96,Pd96,60970018612584.016,0.0,0.0,False,0.0056815342668847975,2.03 分钟,122.0,240.0
Pd96,Pd96,0.000111,Rh96m,Rh-96m,,0.0,0.0,False,0.007650631132008227,1.51 分钟,90.6,240.0
Pd96,Pd96,0.000111,Rh96,Rh-96,,0.0,0.0,False,0.0011669144453871133,9.90 分钟,594.0,240.0
Pd96,Pd96,0.000111,Ru96,Ru-96,,,0.0,True,0.0,稳定,inf,240.0
Pd97,Pd97,3.77e-05,Pd97,Pd97,31570961786675.65,0.0,0.0,False,0.0037265977449459425,3.10 分钟,186.0,240.0
Pd97,Pd97,3.77e-05,Rh97,Rh-97,1.4290582566663638e+59,9.022202151086809e-83,3.395067309157272e-86,False,0.00037630140095545346,30.70 分钟,1842.0,240.0
Pd97,Pd97,3.77e-05,Rh97m,Rh-97m,5861566153445.954,8.719318757757702e-82,2.180292645506203e-85,False,0.0002500530954400957,46.20 分钟,2772.0,240.0
Pd97,Pd97,3.77e-05,Ru97,Ru-97,3.847193848447638e+16,3524598092385623.0,9750419980.619637,False,2.766392004150484e-06,2.90 天,250560.0,240.0
Pd97,Pd97,3.77e-05,Tc97,Tc-97,9.690553730450984e+16,9.690553659718362e+16,818.664599756889,False,8.448068381891422e-15,2601725.26 年,82048007808000.0,240.0
Pd97,Pd97,3.77e-05,Tc97m,Tc-97m,40487137492599.57,37489221172090.33,3338053.9057454965,False,8.9040364173545e-08,90.10 天,7784639.999999999,240.0
Pd98,Pd98,2.07e-05,Pd98,Pd98,98975654051682.14,1.2296151235279757e-231,8.025463804588373e-235,False,0.0006526809609792328,17.70 分钟,1062.0,240.0
Pd98,Pd98,2.07e-05,Rh98,Rh-98,inf,1.1886279527437098e-231,1.57834121490238e-234,False,0.0013278681619922324,8.70 分钟,522.0,240.0
Pd98,Pd98,2.07e-05,Ru98,Ru-98,,,0.0,True,0.0,稳定,inf,240.0
Pd99,Pd99,6.94e-06,Pd99,Pd99,40119730989218.12,1.099304331954656e-189,5.934421326103613e-193,False,0.000539834252772543,21.40 分钟,1284.0,240.0
Pd99,Pd99,6.94e-06,Rh99m,Rh-99m,552912517289578.75,0.23491565662002037,9.623588951273957e-06,False,4.096614542316461e-05,4.70 小时,16920.0,240.0
Pd99,Pd99,6.94e-06,Rh99,Rh-99,510287797092881.94,331772228745714.8,165320181.26235148,False,4.982942119277268e-07,16.10 天,1391040.0000000002,240.0
Pd99,Pd99,6.94e-06,Ru99,Ru-99,,,0.0,True,0.0,稳定,inf,240.0
Pd100,Pd100,1.57e-06,Pd100,Pd100,1888487545073953.8,279788841680500.47,618351592.8316364,False,2.210065237475593e-06,3.63 天,313632.0,240.0
Pd100,Pd100,1.57e-06,Rh100,Rh-100,2.608531200777058e+17,87694631767703.84,811769321.0473628,False,9.256773244657388e-06,20.80 小时,74880.0,240.0
Pd100,Pd100,1.57e-06,Ru100,Ru-100,,,0.0,True,0.0,稳定,inf,240.0
Pd101,Pd101,3.57e-07,Pd101,Pd101,49010331954677.27,144714.5132073881,3.2896647256921825,False,2.2732099585463243e-05,8.47 小时,30492.000000000004,240.0
Pd101,Pd101,3.57e-07,Rh101m,Rh-101m,521803432066574.94,105654848042841.28,195304126.21977112,False,1.8485107861835032e-06,4.34 天,374976.0,240.0
Pd101,Pd101,3.57e-07,Ru101,Ru-101,,,0.0,True,0.0,稳定,inf,240.0
Pd101,Pd101,3.57e-07,Rh101,Rh-101,54795303789838.62,54481089644966.11,362629.0679350421,False,6.6560538766417264e-09,3.30 年,104137856.064,240.0
Pd102,Pd102,1.14e-07,Pd102,Pd102,307381392000000.0,307381392000000.0,0.0,True,0.0,稳定,inf,240.0
Pd103,Pd103,4.06e-08,Pd103,Pd103,89891986967496.44,59779284974051.85,28225620.287301846,False,4.721638992429171e-07,16.99 天,1468022.4,240.0
Pd103,Pd103,4.06e-08,Rh103m,Rh-103m,2.4431368901721474e+88,137244352325.57967,28255140.090485834,False,0.00020587470166682863,56.11 分钟,3366.8399999999997,240.0
Pd103,Pd103,4.06e-08,Rh103,Rh-103,,,0.0,True,0.0,稳定,inf,240.0
Pd104,Pd104,9.74e-08,Pd104,Pd104,262622347200000.0,262622347200000.0,0.0,True,0.0,稳定,inf,240.0
Pd105,Pd105,7.79e-07,Pd105,Pd105,2100439512000000.0,2100439512000000.0,0.0,True,0.0,稳定,inf,240.0
Pd106,Pd106,6.48e-06,Pd106,Pd106,1.747220544e+16,1.747220544e+16,0.0,True,0.0,稳定,inf,240.0
Pd107,Pd107,1.92e-05,Pd107,Pd107,5.176949717349965e+16,5.176949702235071e+16,174.94090037637727,False,3.3792273527565687e-15,6504313.15 年,205120019520000.0,240.0
Pd107,Pd107,1.92e-05,Ag107,Ag-107,,,0.0,True,0.0,稳定,inf,240.0
Pd108,Pd108,8.59e-05,Pd108,Pd108,2.316145752e+17,2.316145752e+17,0.0,True,0.0,稳定,inf,240.0
Pd109,Pd109,0.000148,Pd109,Pd109,3.2866542858214948e+16,175266020361.442,2462986.775316831,False,1.4052848180369142e-05,13.70 小时,49324.32,240.0
Pd109,Pd109,0.000148,Ag109,Ag-109,,,0.0,True,0.0,稳定,inf,240.0
Pd110,Pd110,0.000404,Pd110,Pd110,1.089316512e+18,1.089316512e+18,0.0,True,0.0,稳定,inf,240.0
Pd111,Pd111,0.000435,Pd111,Pd111,2749728929807234.5,1.549036966539424e-170,7.647511438318603e-174,False,0.000493694573048394,23.40 分钟,1404.0,240.0
Pd111,Pd111,0.000435,Ag111m,Ag-111m,inf,7.477051530682586e-172,7.997989486719225e-174,False,0.010696715749381872,1.08 分钟,64.8,240.0
Pd111,Pd111,0.000435,Ag111,Ag-111,7.563400977804938e+17,2.9829777713889344e+17,321222133965.82605,False,1.0768505787968328e-06,7.45 天,643680.0,240.0
Pd111,Pd111,0.000435,Cd111,Cd-111,,,0.0,True,0.0,稳定,inf,240.0
Pd112,Pd112,0.000764,Pd112,Pd112,2.603210407932541e+17,95515582532830.31,874496179.1643167,False,9.15553416494882e-06,21.03 小时,75708.0,240.0
Pd112,Pd112,0.000764,Ag112,Ag-112,2.0180769720575513e+36,16701886778087.09,1027410874.1802001,False,6.151465926162098e-05,3.13 小时,11268.0,240.0
Pd112,Pd112,0.000764,Cd112,Cd-112,,,0.0,True,0.0,稳定,inf,240.0
Pd114,Pd114,0.000672,Pd114,Pd114,439308298930122.4,0.0,0.0,False,0.004773740912947282,2.42 分钟,145.2,240.0
Pd114,Pd114,0.000672,Ag114,Ag-114,,0.0,0.0,False,0.15068416968694465,4.60 秒,4.6,240.0
Pd114,Pd114,0.000672,Cd114,Cd-114,,,0.0,True,0.0,稳定,inf,240.0
Ag99,Ag99,8.36e-07,Ag99,Ag99,466725447456.42523,0.0,0.0,False,0.005589896617418913,2.07 分钟,124.0,240.0
Ag99,Ag99,8.36e-07,Pd99,Pd-99,5349483518504.729,1.4657900889696098e-190,7.912836974003087e-194,False,0.000539834252772543,21.40 分钟,1284.0,240.0
Ag99,Ag99,8.36e-07,Rh99m,Rh-99m,66604447327678.375,0.02829819725278632,1.1592680638710418e-06,False,4.096614542316461e-05,4.70 小时,16920.0,240.0
Ag99,Ag99,8.36e-07,Rh99,Rh-99,61469826854416.31,39965645998763.33,19914650.077136282,False,4.982942119277268e-07,16.10 天,1391040.0000000002,240.0
Ag99,Ag99,8.36e-07,Ru99,Ru-99,,,0.0,True,0.0,稳定,inf,240.0
Ag101,Ag101,7.31e-08,Ag101,Ag101,219192214454.74878,0.0,0.0,False,0.0010407615323722902,11.10 分钟,666.0,240.0
Ag101,Ag101,7.31e-08,Pd101,Pd-101,10259535592845.94,30293.68787841643,0.688639129663103,False,2.2732099585463243e-05,8.47 小时,30492.000000000004,240.0
Ag101,Ag101,7.31e-08,Rh101m,Rh-101m,106845464660532.75,21634087932436.344,39990844.89235095,False,1.8485107861835032e-06,4.34 天,374976.0,240.0
Ag101,Ag101,7.31e-08,Ru101,Ru-101,,,0.0,True,0.0,稳定,inf,240.0
Ag101,Ag101,7.31e-08,Rh101,Rh-101,11219990776012.787,11155651689205.57,74252.61867240156,False,6.6560538766417264e-09,3.30 年,104137856.064,240.0
Ag102,Ag102,8.12e-09,Ag102,Ag102,28296355824.682983,0.0,0.0,False,0.0008955389929715056,12.90 分钟,774.0,240.0
Ag102,Ag102,8.12e-09,Pd102,Pd-102,,,0.0,True,0.0,稳定,inf,240.0
Ag105,Ag105,8.12e-09,Ag105,Ag105,20155123014070.363,17040376319820.285,3310899.644386332,False,1.9429733136440794e-07,41.29 天,3567456.0,240.0
Ag105,Ag105,8.12e-09,Pd105,Pd-105,,,0.0,True,0.0,稳定,inf,240.0
Ag106,Ag106,8.12e-09,Ag106,Ag106,52556642291.4267,6.325540827412899e-171,3.049896208985861e-174,False,0.0004821558017250593,23.96 分钟,1437.6000000000001,240.0
Ag106,Ag106,8.12e-09,Pd106,Pd-106,,,0.0,True,0.0,稳定,inf,240.0
Ag106,Ag106,8.12e-09,Cd106,Cd-106,,,0.0,True,0.0,稳定,inf,240.0
Ag107,Ag107,3.65e-07,Ag107,Ag107,984159720000000.0,984159720000000.0,0.0,True,0.0,稳定,inf,240.0
Ag108,Ag108,1.79e-06,Ag108,Ag108,1146004031724.2588,0.0,0.0,False,0.004874452746553764,2.37 分钟,142.20000000000002,240.0
Ag108,Ag108,1.79e-06,Cd108,Cd-108,,,0.0,True,0.0,稳定,inf,240.0
Ag108,Ag108,1.79e-06,Pd108,Pd-108,,,0.0,True,0.0,稳定,inf,240.0
Ag109,Ag109,1.19e-05,Ag109,Ag109,3.20863032e+16,3.20863032e+16,0.0,True,0.0,稳定,inf,240.0
Ag110,Ag110,3.27e-05,Ag110,Ag110,3621732563309.3223,0.0,0.0,False,0.028176714656908342,24.60 秒,24.6,240.0
Ag110,Ag110,3.27e-05,Cd110,Cd-110,,,0.0,True,0.0,稳定,inf,240.0
Ag110,Ag110,3.27e-05,Pd110,Pd-110,,,0.0,True,0.0,稳定,inf,240.0
Ag111,Ag111,0.000121,Ag111,Ag111,2.1236228254556074e+17,8.375491001650837e+16,90191523328.35368,False,1.0768505787968328e-06,7.45 天,643680.0,240.0
Ag111,Ag111,0.000121,Cd111,Cd-111,,,0.0,True,0.0,稳定,inf,240.0
Ag112,Ag112,0.0002,Ag112,Ag112,1.01463619808979e+16,8.39727083559484e-08,5.1655525417916386e-12,False,6.151465926162098e-05,3.13 小时,11268.0,240.0
Ag112,Ag112,0.0002,Cd112,Cd-112,,,0.0,True,0.0,稳定,inf,240.0
Ag113,Ag113,0.000447,Ag113,Ag113,3.890611155802979e+16,1368.2431196421508,0.04905823819059077,False,3.5854913126419684e-05,5.37 小时,19332.0,240.0
Ag113,Ag113,0.000447,Cd113,Cd-113,38164319768.0,38164319768.0,1.0886732937479607e-13,False,2.8525945185607395e-24,7705109424657535.00 年,2.42988330816e+23,240.0
Ag113,Ag113,0.000447,Cd113m,Cd-113m,2.0943849647188904e+16,2.091567946371019e+16,32582442.19462263,False,1.55779984346934e-09,14.11 年,444952657.72800004,240.0
Ag113,Ag113,0.000447,In113,In-113,,,0.0,True,0.0,稳定,inf,240.0
Ag114,Ag114,0.000474,Ag114,Ag114,9816794312721.768,0.0,0.0,False,0.15068416968694465,4.60 秒,4.6,240.0
Ag114,Ag114,0.000474,Cd114,Cd-114,,,0.0,True,0.0,稳定,inf,240.0
Ag115,Ag115,0.000729,Ag115,Ag115,3938603772137683.0,7.140776075543801e-202,4.124674003144248e-205,False,0.0005776226504666211,20.00 分钟,1200.0,240.0
Ag115,Ag115,0.000729,Cd115,Cd-115,5.7217197786178125e+17,2.547424017649434e+16,91747712491.3951,False,3.6015877944046708e-06,2.23 天,192456.0,240.0
Ag115,Ag115,0.000729,Cd115m,Cd-115m,1.0538486052340718e+17,9.021582196049035e+16,16227797145.87794,False,1.7987750699633193e-07,44.60 天,3853440.0,240.0
Ag115,Ag115,0.000729,In115m,In-115m,2.952546368524157e+31,2318243565625631.5,99499925160.04366,False,4.2920393109423474e-05,4.49 小时,16149.599999999999,240.0
Ag115,Ag115,0.000729,In115,In-115,1.2828968974655104e+16,1.2828968974655104e+16,6.389750989440577e-07,False,4.9807205879631965e-23,441292630684931.50 年,1.391660440128e+22,240.0
Ag115,Ag115,0.000729,Sn115,Sn-115,,,0.0,True,0.0,稳定,inf,240.0
Ag116,Ag116,0.000531,Ag116,Ag116,384427178055808.9,0.0,0.0,False,0.004310616794527023,2.68 分钟,160.8,240.0
Ag116,Ag116,0.000531,Cd116,Cd-116,,,0.0,True,0.0,稳定,inf,240.0
Ag117,Ag117,0.000569,Ag117,Ag117,188548724521137.06,0.0,0.0,False,0.00941776060543404,1.23 分钟,73.6,240.0
Ag117,Ag117,0.000569,Cd117,Cd-117,1.961222970969896e+16,1.8949058223037118e-13,1.4652483580504715e-17,False,7.7325656019628e-05,2.49 小时,8964.0,240.0
Ag117,Ag117,0.000569,Cd117m,Cd-117m,4769187907970655.0,1.5007276586375437e-06,8.599744918757783e-11,False,5.73038343716886e-05,3.36 小时,12096.0,240.0
Ag117,Ag117,0.000569,In117m,In-117m,4.088837700454178e+29,2.0261792446733428e-08,2.01440107681355e-12,False,9.941870059666456e-05,1.94 小时,6972.0,240.0
Ag117,Ag117,0.000569,Sn117,Sn-117,,,0.0,True,0.0,稳定,inf,240.0
Ag117,Ag117,0.000569,In117,In-117,8.878829465732035e+93,4.0273912915115063e-07,1.0769964964208632e-10,False,0.0002674178937345468,43.20 分钟,2592.0,240.0
Cd108,Cd108,4.06e-09,Cd108,Cd108,10947091679999.998,10947091679999.998,0.0,True,0.0,稳定,inf,240.0
Cd109,Cd109,4.06e-08,Cd109,Cd109,108652744836716.95,107032686997742.89,1861017.9270276602,False,1.7387379306537502e-08,1.26 年,39864960.0,240.0
Cd109,Cd109,4.06e-08,Ag109,Ag-109,,,0.0,True,0.0,稳定,inf,240.0
Cd110,Cd110,9.3e-07,Cd110,Cd110,2507585040000000.0,2507585040000000.0,0.0,True,0.0,稳定,inf,240.0
Cd111,Cd111,4.34e-06,Cd111,Cd111,1.170206352e+16,1.170206352e+16,0.0,True,0.0,稳定,inf,240.0
Cd112,Cd112,2.46e-05,Cd112,Cd112,6.63296688e+16,6.63296688e+16,0.0,True,0.0,稳定,inf,240.0
Cd113,Cd113,5.23e-05,Cd113,Cd113,0.0,0.0,0.0,False,2.8525945185607395e-24,7705109424657535.00 年,2.42988330816e+23,240.0
Cd113,Cd113,5.23e-05,In113,In-113,,,0.0,True,0.0,稳定,inf,240.0
Cd114,Cd114,0.000175,Cd114,Cd114,4.718574e+17,4.718574e+17,0.0,True,0.0,稳定,inf,240.0
Cd115,Cd115,0.000246,Cd115,Cd115,2.0366704991197706e+17,9067664174824522.0,32657988615.8085,False,3.6015877944046708e-06,2.23 天,192456.0,240.0
Cd115,Cd115,0.000246,In115m,In-115m,1.0578565598656402e+31,830594631605807.2,35649448103.098015,False,4.2920393109423474e-05,4.49 小时,16149.599999999999,240.0
Cd115,Cd115,0.000246,In115,In-115,-825832618990658.0,-825832618990658.0,-4.113241527618337e-08,False,4.9807205879631965e-23,441292630684931.50 年,1.391660440128e+22,240.0
Cd115,Cd115,0.000246,Sn115,Sn-115,,,0.0,True,0.0,稳定,inf,240.0
Cd116,Cd116,0.000529,Cd116,Cd116,1.4263575119999997e+18,1.4263575119999997e+18,0.0,True,0.0,稳定,inf,240.0
Cd117,Cd117,0.000477,Cd117,Cd117,1.9251019992926296e+16,1.8600062517032968e-13,1.4382620361356672e-17,False,7.7325656019628e-05,2.49 小时,8964.0,240.0
Cd117,Cd117,0.000477,In117m,In-117m,1.2021503135928696e+25,5.95712569884802e-13,5.922496962704674e-17,False,9.941870059666456e-05,1.94 小时,6972.0,240.0
Cd117,Cd117,0.000477,Sn117,Sn-117,,,0.0,True,0.0,稳定,inf,240.0
Cd117,Cd117,0.000477,In117,In-117,1.4167133920854666e+86,6.4261389408072375e-15,1.718464540396223e-18,False,0.0002674178937345468,43.20 分钟,2592.0,240.0
Cd117,Cd117,0.000477,Sn117m,Sn-117m,,,,False,5.830331985491573e-07,13.76 天,1188864.0,240.0
Cd118,Cd118,0.000707,Cd118,Cd118,9606654403644546.0,6.353467086532013e-71,1.4592073551391899e-74,False,0.00022967103398275192,50.30 分钟,3018.0,240.0
Cd118,Cd118,0.000707,In118,In-118,inf,1.0543423641772341e-73,1.4616288741487137e-74,False,0.13862943611198905,5.00 秒,5.0,240.0
Cd118,Cd118,0.000707,Sn118,Sn-118,,,0.0,True,0.0,稳定,inf,240.0
Cd119,Cd119,0.000418,Cd119,Cd119,303747932336560.56,0.0,0.0,False,0.004294592196777852,2.69 分钟,161.4,240.0
Cd119,Cd119,0.000418,In119m,In-119m,2152842594064942.2,3.2286111791379556e-226,2.0721321629109206e-229,False,0.0006418029449629123,18.00 分钟,1080.0,240.0
Cd119,Cd119,0.000418,Sn119,Sn-119,,,0.0,True,0.0,稳定,inf,240.0
Cd119,Cd119,0.000418,In119,In-119,inf,2.3658821201245447e-228,1.1388225840982737e-230,False,0.004813522087221842,2.40 分钟,144.0,240.0
Cd119,Cd119,0.000418,Sn119m,Sn-119m,,,,False,2.7371329962594347e-08,293.10 天,25323840.000000004,240.0
In103,In103,8.12e-09,In103,In103,2193515955.401782,0.0,0.0,False,0.011552453009332421,1.00 分钟,60.0,240.0
In103,In103,8.12e-09,Cd103,Cd-103,,0.0,0.0,False,0.001582527809497592,7.30 分钟,438.0,240.0
In103,In103,8.12e-09,Ag103,Ag-103,162128248053.63422,1.7009108752549154e-55,2.9908208461864367e-59,False,0.00017583642327751023,1.09 小时,3942.0,240.0
In103,In103,8.12e-09,Pd103,Pd-103,18026803780556.434,11988047841893.322,5660323.413338988,False,4.721638992429171e-07,16.99 天,1468022.4,240.0
In105,In105,4.06e-09,In105,In105,5560562946.943518,0.0,0.0,False,0.002278590337146434,5.07 分钟,304.20000000000005,240.0
In105,In105,4.06e-09,Cd105,Cd-105,66989664104.960724,5.259298784914634e-68,1.0947351725182958e-71,False,0.00020815230647445806,55.50 分钟,3330.0,240.0
In105,In105,4.06e-09,Ag105m,Ag-105m,inf,5.938397650191649e-69,9.488666639636112e-72,False,0.0015978496555093251,7.23 分钟,433.8,240.0
In105,In105,4.06e-09,Ag105,Ag-105,8343614589851.654,7054203161119.879,1370612.849107963,False,1.9429733136440794e-07,41.29 天,3567456.0,240.0
In105,In105,4.06e-09,Pd105,Pd-105,,,0.0,True,0.0,稳定,inf,240.0
In111,In111,4.06e-08,In111,In111,40553937427483.64,3425527980779.075,9798347.176689437,False,2.86039034906992e-06,2.80 天,242326.08,240.0
In111,In111,4.06e-08,Cd111,Cd-111,,,0.0,True,0.0,稳定,inf,240.0
In111,In111,4.06e-08,Cd111m,Cd-111m,4.9704752866970265e+95,2081708.065015964,495.85225979887105,False,0.00023819490740891591,48.50 分钟,2910.0,240.0
In112,In112,1.99e-07,In112,In112,804747516825.1936,2.1763460145319877e-278,1.6795013403425972e-281,False,0.0007717069478511971,14.97 分钟,898.2,240.0
In112,In112,1.99e-07,Cd112,Cd-112,,,0.0,True,0.0,稳定,inf,240.0
In112,In112,1.99e-07,Sn112,Sn-112,,,0.0,True,0.0,稳定,inf,240.0
In113,In113,1.84e-06,In113,In113,4961243520000000.0,4961243520000000.0,0.0,True,0.0,稳定,inf,240.0
In114,In114,7.33e-06,In114,In114,2372828681091.0,0.0,0.0,False,0.00964043366564597,1.20 分钟,71.9,240.0
In114,In114,7.33e-06,Sn114,Sn-114,,,0.0,True,0.0,稳定,inf,240.0
In114,In114,7.33e-06,Cd114,Cd-114,,,0.0,True,0.0,稳定,inf,240.0
In115,In115,3.33e-05,In115,In115,0.0,0.0,0.0,False,4.9807205879631965e-23,441292630684931.50 年,1.391660440128e+22,240.0
In115,In115,3.33e-05,Sn115,Sn-115,,,0.0,True,0.0,稳定,inf,240.0
In117,In117,0.000206,In117,In117,2404007043141815.0,1.0904452065048676e-85,2.9160456035646465e-89,False,0.0002674178937345468,43.20 分钟,2592.0,240.0
In117,In117,0.000206,Sn117,Sn-117,,,0.0,True,0.0,稳定,inf,240.0
In117,In117,0.000206,Sn117m,Sn-117m,1544603813454590.2,933351658565947.0,544175002.8648651,False,5.830331985491573e-07,13.76 天,1188864.0,240.0
In118,In118,0.000277,In118,In118,6235672410163.112,0.0,0.0,False,0.13862943611198905,5.00 秒,5.0,240.0
In118,In118,0.000277,Sn118,Sn-118,,,0.0,True,0.0,稳定,inf,240.0
In119,In119,0.000515,In119,In119,333889867103029.94,0.0,0.0,False,0.004813522087221842,2.40 分钟,144.0,240.0
In119,In119,0.000515,Sn119,Sn-119,,,0.0,True,0.0,稳定,inf,240.0
In119,In119,0.000515,Sn119m,Sn-119m,1.300594433029681e+16,1.2701977373439492e+16,347670013.8658198,False,2.7371329962594347e-08,293.10 天,25323840.000000004,240.0
In121,In121,0.000587,In121,In121,61049709155298.734,0.0,0.0,False,0.030006371452811483,23.10 秒,23.1,240.0
In121,In121,0.000587,Sn121,Sn-121,2.3214839113074595e+17,493075394045277.2,3512289012.0644546,False,7.1232291338836e-06,1.13 天,97308.0,240.0
In121,In121,0.000587,Sn121m,Sn-121m,1.7960268438304093e+17,1.795250598597734e+17,89823780.2526684,False,5.003411797931138e-10,43.93 年,1385349054.912,240.0
In121,In121,0.000587,Sb121,Sb-121,,,0.0,True,0.0,稳定,inf,240.0
Sn114,Sn114,1.01e-07,Sn114,Sn114,272329128000000.0,272329128000000.0,0.0,True,0.0,稳定,inf,240.0
Sn115,Sn115,5.28e-07,Sn115,Sn115,1423661184000000.0,1423661184000000.0,0.0,True,0.0,稳定,inf,240.0
Sn116,Sn116,4.3e-06,Sn116,Sn116,1.1594210400000002e+16,1.1594210400000002e+16,0.0,True,0.0,稳定,inf,240.0
Sn117,Sn117,1.27e-05,Sn117,Sn117,3.42433656e+16,3.42433656e+16,0.0,True,0.0,稳定,inf,240.0
Sn118,Sn118,5.52e-05,Sn118,Sn118,1.488373056e+17,1.488373056e+17,0.0,True,0.0,稳定,inf,240.0
Sn119,Sn119,9.76e-05,Sn119,Sn119,2.631616128e+17,2.631616128e+17,0.0,True,0.0,稳定,inf,240.0
Sn120,Sn120,0.000259,Sn120,Sn120,6.98348952e+17,6.98348952e+17,0.0,True,0.0,稳定,inf,240.0
Sn121,Sn121,0.000289,Sn121,Sn121,1.2634454608250122e+17,268351576944658.12,1911529771.0157952,False,7.1232291338836e-06,1.13 天,97308.0,240.0
Sn121,Sn121,0.000289,Sb121,Sb-121,,,0.0,True,0.0,稳定,inf,240.0
Sn122,Sn122,0.000518,Sn122,Sn122,1.396697904e+18,1.396697904e+18,0.0,True,0.0,稳定,inf,240.0
Sn123,Sn123,0.000402,Sn123,Sn123,1.0553611168370733e+18,1.0002338639605862e+18,62108459707.96608,False,6.209393817365639e-08,129.20 天,11162879.999999998,240.0
Sn123,Sn123,0.000402,Sb123,Sb-123,,,0.0,True,0.0,稳定,inf,240.0
Sn124,Sn124,0.000506,Sn124,Sn124,1.3643419680000003e+18,1.3643419680000003e+18,0.0,True,0.0,稳定,inf,240.0
Sn125,Sn125,0.000287,Sn125,Sn125,5.5186685546946874e+17,2.688824965427783e+17,223767606496.5446,False,8.322133622444402e-07,9.64 天,832896.0,240.0
Sn125,Sn125,0.000287,Sb125,Sb-125,5.052861817036642e+17,5.01821953667498e+17,3995747081.1964087,False,7.962479624484403e-09,2.76 年,87051674.00724481,240.0
Sn125,Sn125,0.000287,Te125,Te-125,,,0.0,True,0.0,稳定,inf,240.0
Sn125,Sn125,0.000287,Te125m,Te-125m,963736444563506.6,854110443992811.2,119375130.28705724,False,1.3976544968704536e-07,57.40 天,4959360.0,240.0
Sn126,Sn126,0.00027,Sn126,Sn126,7.280085301096477e+17,7.280084700402711e+17,69524.73859778496,False,9.549990344746824e-14,230152.62 年,7258092998400.0,240.0
Sn126,Sn126,0.00027,Sb126m,Sb-126m,2.652253346579721e+234,115248141.95589511,69524.73860879114,False,0.0006032612537510403,19.15 分钟,1149.0,240.0
Sn126,Sn126,0.00027,Te126,Te-126,,,0.0,True,0.0,稳定,inf,240.0
Sn126,Sn126,0.00027,Sb126,Sb-126,7.788486338814341e+16,4.443284054636226e+16,28863489793.241695,False,6.495981224320975e-07,12.35 天,1067040.0,240.0
Sn127,Sn127,0.000119,Sn127,Sn127,4050440669371222.0,1.5998313362201083e-19,1.4668235186143093e-23,False,9.168613499470175e-05,2.10 小时,7560.0,240.0
Sn127,Sn127,0.000119,Sb127,Sb-127,1.5223097727830208e+17,2.5153993409786784e+16,52415282623.307945,False,2.083775795334131e-06,3.85 天,332640.0,240.0
Sn127,Sn127,0.000119,Te127,Te-127,1.2614487842930012e+23,2365355770968557.5,48708843840.40556,False,2.0592607859772586e-05,9.35 小时,33660.0,240.0
Sn127,Sn127,0.000119,Te127m,Te-127m,5.207040674600358e+16,4.886225877098707e+16,3596323575.3164444,False,7.360125515629728e-08,109.00 天,9417600.0,240.0
Sn127,Sn127,0.000119,I127,I-127,,,0.0,True,0.0,稳定,inf,240.0
Sn128,Sn128,8.93e-05,Sn128,Sn128,1424961721978151.0,5.8768146034024e-59,1.1493418749003687e-62,False,0.00019557225341683464,59.07 分钟,3544.2,240.0
Sn128,Sn128,8.93e-05,Sb128m,Sb-128m,inf,1.2557812179039443e-59,1.3949378374843802e-62,False,0.0011108127893588867,10.40 分钟,624.0,240.0
Sn128,Sn128,8.93e-05,Te128,Te-128,,,0.0,True,0.0,稳定,inf,240.0
Sn128,Sn128,8.93e-05,Sb128,Sb-128,478686393900621.25,4586633.514708556,98.01492443525675,False,2.1369687401650797e-05,9.01 小时,32436.0,240.0
Sn129,Sn129,3.19e-05,Sn129,Sn129,19216766566430.617,0.0,0.0,False,0.005180472201494359,2.23 分钟,133.8,240.0
Sn129,Sn129,3.19e-05,Sb129,Sb-129,2294369878007014.5,0.08726608384910012,3.818702018845424e-06,False,4.375929170201674e-05,4.40 小时,15840.000000000002,240.0
Sn129,Sn129,3.19e-05,Te129,Te-129,2.4256800591484717e+75,12669674270744.098,2102957135.8666553,False,0.00016598352024902905,1.16 小时,4176.0,240.0
Sn129,Sn129,3.19e-05,Te129m,Te-129m,1.7676108141987536e+16,1.4381175601996554e+16,3433735436.529082,False,2.387659765487025e-07,33.60 天,2903040.0,240.0
Sn129,Sn129,3.19e-05,I129,I-129,6.774105350841973e+16,6.774105342653615e+16,94.77265822819858,False,1.3990431715234201e-15,15710417.92 年,495443739456000.0,240.0
Sn130,Sn130,2.11e-05,Sn130,Sn130,21203627385639.99,0.0,0.0,False,0.003105498120788285,3.72 分钟,223.20000000000002,240.0
Sn130,Sn130,2.11e-05,Sb130m,Sb-130m,,0.0,0.0,False,0.0018337226998940352,6.30 分钟,378.0,240.0
Sn130,Sn130,2.11e-05,Te130,Te-130,,,0.0,True,0.0,稳定,inf,240.0
Sb115,Sb115,4.06e-09,Sb115,Sb115,35205931084.1986,3.199797188929265e-125,1.1515734163395424e-128,False,0.00035988950184836203,32.10 分钟,1926.0,240.0
Sb115,Sb115,4.06e-09,Sn115,Sn-115,,,0.0,True,0.0,稳定,inf,240.0
Sb116,Sb116,1.22e-08,Sb116,Sb116,52071691571.828514,2.2916587197876154e-264,1.6755873211248937e-267,False,0.0007311679119830646,15.80 分钟,948.0,240.0
Sb116,Sb116,1.22e-08,Sn116,Sn-116,,,0.0,True,0.0,稳定,inf,240.0
Sb117,Sb117,1.54e-07,Sb117,Sb117,6988995664797.402,1.101142979362008e-13,7.571965789068987e-18,False,6.876460124602632e-05,2.80 小时,10080.0,240.0
Sb117,Sb117,1.54e-07,Sn117,Sn-117,,,0.0,True,0.0,稳定,inf,240.0
Sb118,Sb118,8.73e-07,Sb118,Sb118,848987924216.3448,0.0,0.0,False,0.0032090147248145617,3.60 分钟,216.0,240.0
Sb118,Sb118,8.73e-07,Sn118,Sn-118,,,0.0,True,0.0,稳定,inf,240.0
Sb119,Sb119,6.83e-06,Sb119,Sb119,4173481159506697.5,53544552738299.65,269953272.8528098,False,5.041657069622249e-06,1.59 天,137484.0,240.0
Sb119,Sb119,6.83e-06,Sn119,Sn-119,,,0.0,True,0.0,稳定,inf,240.0
Sb120,Sb120,1.83e-05,Sb120,Sb120,78552453709780.56,1.2377883146355247e-259,8.999050560306905e-263,False,0.0007270266211033619,15.89 分钟,953.4000000000001,240.0
Sb120,Sb120,1.83e-05,Sn120,Sn-120,,,0.0,True,0.0,稳定,inf,240.0
Sb121,Sb121,6.53e-05,Sb121,Sb121,1.760702184e+17,1.760702184e+17,0.0,True,0.0,稳定,inf,240.0
Sb122,Sb122,0.000111,Sb122,Sb122,1.083790545505724e+17,8506706321021088.0,25055203983.249302,False,2.945347239898819e-06,2.72 天,235336.32,240.0
Sb122,Sb122,0.000111,Te122,Te-122,,,0.0,True,0.0,稳定,inf,240.0
Sb122,Sb122,0.000111,Sn122,Sn-122,,,0.0,True,0.0,稳定,inf,240.0
Sb123,Sb123,0.000257,Sb123,Sb123,6.92956296e+17,6.92956296e+17,0.0,True,0.0,稳定,inf,240.0
Sb124,Sb124,0.000285,Sb124,Sb124,7.258635096574716e+17,6.469191117820429e+17,86211501473.11183,False,1.3326473109695023e-07,60.20 天,5201280.0,240.0
Sb124,Sb124,0.000285,Te124,Te-124,,,0.0,True,0.0,稳定,inf,240.0
Sb125,Sb125,0.000465,Sb125,Sb125,1.249489608591432e+18,1.2409231425179162e+18,9880825237.850063,False,7.962479624484403e-09,2.76 年,87051674.00724481,240.0
Sb125,Sb125,0.000465,Te125,Te-125,,,0.0,True,0.0,稳定,inf,240.0
Sb125,Sb125,0.000465,Te125m,Te-125m,3063033065870748.0,2714609939899529.0,379408678.97498083,False,1.3976544968704536e-07,57.40 天,4959360.0,240.0
Sb126,Sb126,0.00037,Sb126,Sb126,7.634582007384232e+17,4.355482570235477e+17,282931329991.0692,False,6.495981224320975e-07,12.35 天,1067040.0,240.0
Sb126,Sb126,0.00037,Te126,Te-126,,,0.0,True,0.0,稳定,inf,240.0
Sb127,Sb127,0.000442,Sb127,Sb127,5.525786772634473e+17,9.130572932513515e+16,190260668743.0464,False,2.083775795334131e-06,3.85 天,332640.0,240.0
Sb127,Sb127,0.000442,Te127,Te-127,4.706155195388799e+23,8824560686960834.0,181720717761.34985,False,2.0592607859772586e-05,9.35 小时,33660.0,240.0
Sb127,Sb127,0.000442,Te127m,Te-127m,1.937884710216262e+17,1.8184882757074627e+17,13384301957.908005,False,7.360125515629728e-08,109.00 天,9417600.0,240.0
Sb127,Sb127,0.000442,I127,I-127,,,0.0,True,0.0,稳定,inf,240.0
Sb128,Sb128,0.000269,Sb128,Sb128,3.928376331286347e+16,376405570.93432814,8043.669387106487,False,2.1369687401650797e-05,9.01 小时,32436.0,240.0
Sb128,Sb128,0.000269,Te128,Te-128,,,0.0,True,0.0,稳定,inf,240.0
Sb129,Sb129,0.000254,Sb129,Sb129,1.811433570263817e+16,0.688976591546909,3.0149127645362435e-05,False,4.375929170201674e-05,4.40 小时,15840.000000000002,240.0
Sb129,Sb129,0.000254,Te129,Te-129,1.9314192320492535e+76,100880791999028.25,16744548981.508793,False,0.00016598352024902905,1.16 小时,4176.0,240.0
Sb129,Sb129,0.000254,Te129m,Te-129m,1.4074393316817666e+17,1.1450842015382838e+17,27340714761.07796,False,2.387659765487025e-07,33.60 天,2903040.0,240.0
Sb129,Sb129,0.000254,I129,I-129,5.3938017527080275e+17,5.393801746188144e+17,754.6161501555623,False,1.3990431715234201e-15,15710417.92 年,495443739456000.0,240.0
Sb129,Sb129,0.000254,Xe129,Xe-129,,,0.0,True,0.0,稳定,inf,240.0
Sb130,Sb130,0.000125,Sb130,Sb130,1333803575098066.5,2.412743639494288e-95,7.056482916157834e-99,False,0.00029246716479322586,39.50 分钟,2370.0,240.0
Sb130,Sb130,0.000125,Te130,Te-130,,,0.0,True,0.0,稳定,inf,240.0
Sb131,Sb131,8.9e-05,Sb131,Sb131,553692592156203.4,3.294779481183874e-174,1.6527479432257643e-177,False,0.0005016262704877299,23.03 分钟,1381.8000000000002,240.0
Sb131,Sb131,8.9e-05,Te131,Te-131,1.068626999611068e+184,43206455544.74145,19965621.895217434,False,0.00046209812037329687,25.00 分钟,1500.0,240.0
Sb131,Sb131,8.9e-05,Te131m,Te-131m,3583508694729616.0,13998080838787.566,89840095.06162775,False,6.418029449629123e-06,1.25 天,108000.0,240.0
Sb131,Sb131,8.9e-05,I131,I-131,1.5103415567722442e+17,6.364419659669016e+16,63658771686.938644,False,1.000229008943908e-06,8.02 天,692988.48,240.0
Sb131,Sb131,8.9e-05,Xe131,Xe-131,,,0.0,True,0.0,稳定,inf,240.0
Sb131,Sb131,8.9e-05,Xe131m,Xe-131m,2007747548333849.8,1118048896007732.2,757566590.0235382,False,6.775791226382097e-07,11.84 天,1022976.0,240.0
Sb133,Sb133,2.04e-05,Sb133,Sb133,13777009079493.951,0.0,0.0,False,0.0046209812037329686,2.50 分钟,150.0,240.0
Sb133,Sb133,2.04e-05,Te133,Te-133,inf,1.5316185369369763e-66,1.4155160940949513e-69,False,0.0009241962407465937,12.50 分钟,750.0,240.0
Sb133,Sb133,2.04e-05,Te133m,Te-133m,55434200971050.59,3.1456756247337913e-65,6.559615494104608e-69,False,0.00020852803265943,55.40 分钟,3324.0,240.0
Sb133,Sb133,2.04e-05,I133,I-133,5786350258756451.0,1945278074762.707,18006998.03588206,False,9.256773244657388e-06,20.80 小时,74880.0,240.0
Sb133,Sb133,2.04e-05,Xe133,Xe-133,2.9338776994274764e+16,7821427009387507.0,11967897407.107967,False,1.5301424398314711e-06,5.24 天,452995.2,240.0
Sb133,Sb133,2.04e-05,Xe133m,Xe-133m,654675073447763.6,27635009318489.406,101234191.57924671,False,3.6632588182814627e-06,2.19 天,189216.0,240.0
Te119,Te119,3.65e-08,Te119,Te119,9494896389106.273,299300275.9321005,3590.500906942698,False,1.1996316728278734e-05,16.05 小时,57780.0,240.0
Te119,Te119,3.65e-08,Sb119,Sb-119,38431573199520.6,493065936888.2319,2485869.366502472,False,5.041657069622249e-06,1.59 天,137484.0,240.0
Te119,Te119,3.65e-08,Sn119,Sn-119,,,0.0,True,0.0,稳定,inf,240.0
Te120,Te120,3.82e-07,Te120,Te120,1029997296000000.0,1029997296000000.0,0.0,True,0.0,稳定,inf,240.0
Te121,Te121,1.77e-06,Te121,Te121,4004559970768937.5,2788951907812988.0,1167769798.9263494,False,4.187127772461589e-07,19.16 天,1655424.0,240.0
Te121,Te121,1.77e-06,Sb121,Sb-121,,,0.0,True,0.0,稳定,inf,240.0
Te122,Te122,1.04e-05,Te122,Te122,2.80418112e+16,2.80418112e+16,0.0,True,0.0,稳定,inf,240.0
Te123,Te123,2.38e-05,Te123,Te123,0.0,0.0,0.0,False,3.660829632152949e-23,600398136986301.50 年,1.8934155648000003e+22,240.0
Te123,Te123,2.38e-05,Sb123,Sb-123,,,0.0,True,0.0,稳定,inf,240.0
Te124,Te124,8.19e-05,Te124,Te124,2.208292632e+17,2.208292632e+17,0.0,True,0.0,稳定,inf,240.0
Te125,Te125,0.000122,Te125,Te125,3.28952016e+17,3.28952016e+17,0.0,True,0.0,稳定,inf,240.0
Te126,Te126,0.000277,Te126,Te126,7.46882856e+17,7.46882856e+17,0.0,True,0.0,稳定,inf,240.0
Te127,Te127,0.000282,Te127,Te127,4.273628136323776e+16,801352468.7720554,16501.937146883593,False,2.0592607859772586e-05,9.35 小时,33660.0,240.0
Te127,Te127,0.000282,I127,I-127,,,0.0,True,0.0,稳定,inf,240.0
Te128,Te128,0.000462,Te128,Te128,1.245703536e+18,1.245703536e+18,0.0,True,0.0,稳定,inf,240.0
Te129,Te129,0.000358,Te129,Te129,6730960388861468.0,3.515676988584093e-47,5.835444426236932e-51,False,0.00016598352024902905,1.16 小时,4176.0,240.0
Te129,Te129,0.000358,I129,I-129,9.652854267850726e+17,9.652854256182614e+17,1350.475983282307,False,1.3990431715234201e-15,15710417.92 年,495443739456000.0,240.0
Te129,Te129,0.000358,Xe129,Xe-129,,,0.0,True,0.0,稳定,inf,240.0
Te130,Te130,0.000442,Te130,Te130,1.191776976e+18,1.191776976e+18,0.0,True,0.0,稳定,inf,240.0
Te131,Te131,0.00027,Te131,Te131,1823427672285964.2,7.372436471317743e-159,3.4067890359674705e-162,False,0.00046209812037329687,25.00 分钟,1500.0,240.0
Te131,Te131,0.00027,I131,I-131,4.884844318066589e+17,2.0584217571796352e+17,205889315417.23642,False,1.000229008943908e-06,8.02 天,692988.48,240.0
Te131,Te131,0.00027,Xe131,Xe-131,,,0.0,True,0.0,稳定,inf,240.0
Te131,Te131,0.00027,Xe131m,Xe-131m,6635494567835512.0,3695089744818951.0,2503715667.363871,False,6.775791226382097e-07,11.84 天,1022976.0,240.0
Te132,Te132,0.000252,Te132,Te132,2.779809501047982e+17,3.1949990170844284e+16,79999991351.37312,False,2.503912862683022e-06,3.20 天,276825.60000000003,240.0
Te132,Te132,0.000252,I132,I-132,2.970090988882439e+46,982898720420471.9,82461084100.14864,False,8.389580979907351e-05,2.29 小时,8262.0,240.0
Te132,Te132,0.000252,Xe132,Xe-132,,,0.0,True,0.0,稳定,inf,240.0
Te133,Te133,0.000116,Te133,Te133,391699277750318.25,0.0,0.0,False,0.0009241962407465937,12.50 分钟,750.0,240.0
Te133,Te133,0.000116,I133,I-133,3.948963788451537e+16,13275782370902.588,122890907.0528653,False,9.256773244657388e-06,20.80 小时,74880.0,240.0
Te133,Te133,0.000116,Xe133,Xe-133,2.0565320967565283e+17,5.482510634435341e+16,83890221985.76878,False,1.5301424398314711e-06,5.24 天,452995.2,240.0
Te133,Te133,0.000116,Xe133m,Xe-133m,4503474610280451.5,190099742403910.0,696384557.7141578,False,3.6632588182814627e-06,2.19 天,189216.0,240.0
Te133,Te133,0.000116,Cs133,Cs-133,,,0.0,True,0.0,稳定,inf,240.0
Te134,Te134,7.55e-05,Te134,Te134,852526724587744.5,1.684979661655285e-89,4.656853675347733e-93,False,0.0002763744739074742,41.80 分钟,2508.0,240.0
Te134,Te134,7.55e-05,I134,I-134,5253715477898694.0,1.419839215766599e-67,3.124309680181149e-71,False,0.0002200467239872842,52.50 分钟,3150.0,240.0
Te134,Te134,7.55e-05,Xe134,Xe-134,,,0.0,True,0.0,稳定,inf,240.0
I121,I121,4.06e-09,I121,I121,139507614763.5533,1.1634038047238811e-23,1.0566169642257225e-27,False,9.082117145701589e-05,2.12 小时,7632.0,240.0
I121,I121,4.06e-09,Te121,Te-121,9203172844717.309,6409494838524.924,2683737.3845836916,False,4.187127772461589e-07,19.16 天,1655424.0,240.0
I121,I121,4.06e-09,Te121m,Te-121m,30665313529.12077,29315682336.893127,1527.1827319330553,False,5.209439488335327e-08,154.00 天,13305600.0,240.0
I121,I121,4.06e-09,Sb121,Sb-121,,,0.0,True,0.0,稳定,inf,240.0
I122,I122,7.71e-08,I122,I122,75604173766.76883,0.0,0.0,False,0.003182493941964855,3.63 分钟,217.79999999999998,240.0
I122,I122,7.71e-08,Te122,Te-122,,,0.0,True,0.0,稳定,inf,240.0
I123,I123,6.94e-07,I123,I123,149267359830420.12,536492957.5345062,7784.237229031848,False,1.4509486321693571e-05,13.27 小时,47772.0,240.0
I123,I123,6.94e-07,Te123,Te-123,3668525674.96875,3668525674.96875,1.34298474972395e-13,False,3.660829632152949e-23,600398136986301.50 年,1.8934155648000003e+22,240.0
I123,I123,6.94e-07,Te123m,Te-123m,81127535608.1143,76546383730.95811,5149.6535120325025,False,6.727494182001177e-08,119.25 天,10303200.0,240.0
I123,I123,6.94e-07,Sb123,Sb-123,,,0.0,True,0.0,稳定,inf,240.0
I124,I124,2.63e-06,I124,I124,3459849359003315.5,657960649768329.6,1264011861.5033085,False,1.921105558437836e-06,4.18 天,360806.4,240.0
I124,I124,2.63e-06,Te124,Te-124,,,0.0,True,0.0,稳定,inf,240.0
I125,I125,1.28e-05,I125,I125,3.2575406512459576e+16,2.8987542179452896e+16,3915044178.874054,False,1.3505954229017514e-07,59.40 天,5132160.0,240.0
I125,I125,1.28e-05,Te125,Te-125,,,0.0,True,0.0,稳定,inf,240.0
I126,I126,2.94e-05,I126,I126,6.136212058909837e+16,3.589923587642986e+16,22274009384.58132,False,6.204591501961642e-07,12.93 天,1117152.0,240.0
I126,I126,2.94e-05,Te126,Te-126,,,0.0,True,0.0,稳定,inf,240.0
I126,I126,2.94e-05,Xe126,Xe-126,,,0.0,True,0.0,稳定,inf,240.0
I127,I127,8.87e-05,I127,I127,2.391642936e+17,2.391642936e+17,0.0,True,0.0,稳定,inf,240.0
I128,I128,0.000133,I128,I128,897847681710620.8,3.0941409823556137e-159,1.430368879668383e-162,False,0.0004622830335867316,24.99 分钟,1499.3999999999999,240.0
I128,I128,0.000133,Xe128,Xe-128,,,0.0,True,0.0,稳定,inf,240.0
I128,I128,0.000133,Te128,Te-128,,,0.0,True,0.0,稳定,inf,240.0
I129,I129,0.000275,I129,I129,7.414902021331215e+17,7.41490201236828e+17,1037.376802791911,False,1.3990431715234201e-15,15710417.92 年,495443739456000.0,240.0
I129,I129,0.000275,Xe129,Xe-129,,,0.0,True,0.0,稳定,inf,240.0
I130,I130,0.000297,I130,I130,5.949908934723432e+16,84970404265.51285,1323646.9828227025,False,1.5577741382594957e-05,12.36 小时,44496.0,240.0
I130,I130,0.000297,Xe130,Xe-130,,,0.0,True,0.0,稳定,inf,240.0
I131,I131,0.000468,I131,I131,8.448736202747944e+17,3.5602081229255974e+17,356102344242.7922,False,1.000229008943908e-06,8.02 天,692988.48,240.0
I131,I131,0.000468,Xe131,Xe-131,,,0.0,True,0.0,稳定,inf,240.0
I131,I131,0.000468,Xe131m,Xe-131m,1.1513361151422438e+16,6411413992445688.0,4344240267.871691,False,6.775791226382097e-07,11.84 天,1022976.0,240.0
I132,I132,0.000395,I132,I132,1.4693180183280298e+16,4.86244632070606e-16,4.079388716801604e-20,False,8.389580979907351e-05,2.29 小时,8262.0,240.0
I132,I132,0.000395,Xe132,Xe-132,,,0.0,True,0.0,稳定,inf,240.0
I133,I133,0.000475,I133,I133,1.6008363459467152e+17,53817548295506.06,498176841.15489733,False,9.256773244657388e-06,20.80 小时,74880.0,240.0
I133,I133,0.000475,Xe133,Xe-133,8.421150690862368e+17,2.244995266042832e+17,343516253379.28815,False,1.5301424398314711e-06,5.24 天,452995.2,240.0
I133,I133,0.000475,Xe133m,Xe-133m,1.8440977862333124e+16,778426758153172.5,2851578686.1908607,False,3.6632588182814627e-06,2.19 天,189216.0,240.0
I133,I133,0.000475,Cs133,Cs-133,,,0.0,True,0.0,稳定,inf,240.0
I134,I134,0.000298,I134,I134,4226300138209468.0,1.142175799027027e-67,2.51332042793456e-71,False,0.0002200467239872842,52.50 分钟,3150.0,240.0
I134,I134,0.000298,Xe134,Xe-134,,,0.0,True,0.0,稳定,inf,240.0
I135,I135,0.00024,I135,I135,2.5557162254502452e+16,257622.09534486552,7.549891300449811,False,2.9306070546251702e-05,6.57 小时,23652.0,240.0
I135,I135,0.00024,Xe135,Xe-135,1.0560335526131525e+17,1315740285.4611807,27717.045624135513,False,2.1065742176025568e-05,9.14 小时,32904.0,240.0
I135,I135,0.00024,Xe135m,Xe-135m,5.543353684753734e+286,1722.3627027275966,1.3013416735308925,False,0.0007555561157182748,15.29 分钟,917.4,240.0
I135,I135,0.00024,Cs135,Cs-135,5.399050722764972e+17,5.39905067821637e+17,5156.088184776513,False,9.549990344746825e-15,2301526.19 年,72580929984000.0,240.0
I135,I135,0.00024,Ba135,Ba-135,,,0.0,True,0.0,稳定,inf,240.0
Xe124,Xe124,1.22e-08,Xe124,Xe124,32895201600000.0,32895201600000.0,0.0,True,0.0,稳定,inf,240.0
Xe125,Xe125,7.31e-08,Xe125,Xe125,20022441935802.695,1063003895.2790073,12110.752020658832,False,1.1392951685732172e-05,16.90 小时,60839.99999999999,240.0
Xe125,Xe125,7.31e-08,I125,I-125,188266753977498.97,167531001334521.12,22626660.359655146,False,1.3505954229017514e-07,59.40 天,5132160.0,240.0
Xe125,Xe125,7.31e-08,Te125,Te-125,,,0.0,True,0.0,稳定,inf,240.0
Xe126,Xe126,8.81e-07,Xe126,Xe126,2375464968000000.0,2375464968000000.0,0.0,True,0.0,稳定,inf,240.0
Xe127,Xe127,3.1e-06,Xe127,Xe127,7610971935383362.0,6291288082246334.0,1386595885.5754704,False,2.2039936296803306e-07,36.40 天,3144960.0,240.0
Xe127,Xe127,3.1e-06,I127,I-127,,,0.0,True,0.0,稳定,inf,240.0
Xe128,Xe128,1.52e-05,Xe128,Xe128,4.09841856e+16,4.09841856e+16,0.0,True,0.0,稳定,inf,240.0
Xe129,Xe129,3.22e-05,Xe129,Xe129,8.682176159999998e+16,8.682176159999998e+16,0.0,True,0.0,稳定,inf,240.0
Xe130,Xe130,9.94e-05,Xe130,Xe130,2.680150032e+17,2.680150032e+17,0.0,True,0.0,稳定,inf,240.0
Xe131,Xe131,0.000142,Xe131,Xe131,3.82878576e+17,3.82878576e+17,0.0,True,0.0,稳定,inf,240.0
Xe132,Xe132,0.000304,Xe132,Xe132,8.19683712e+17,8.19683712e+17,0.0,True,0.0,稳定,inf,240.0
Xe133,Xe133,0.000328,Xe133,Xe133,4.9062281485853254e+17,1.3079517719177885e+17,200135251546.41806,False,1.5301424398314711e-06,5.24 天,452995.2,240.0
Xe133,Xe133,0.000328,Cs133,Cs-133,,,0.0,True,0.0,稳定,inf,240.0
Xe134,Xe134,0.000532,Xe134,Xe134,1.434446496e+18,1.434446496e+18,0.0,True,0.0,稳定,inf,240.0
Xe135,Xe135,0.000443,Xe135,Xe135,6.562751130356773e+16,817670615.1333284,17224.838363310926,False,2.1065742176025568e-05,9.14 小时,32904.0,240.0
Xe135,Xe135,0.000443,Cs135,Cs-135,1.1944732980759237e+18,1.1944732882200957e+18,11407.208369559905,False,9.549990344746825e-15,2301526.19 年,72580929984000.0,240.0
Xe135,Xe135,0.000443,Ba135,Ba-135,,,0.0,True,0.0,稳定,inf,240.0
Xe137,Xe137,0.000186,Xe137,Xe137,191837557721264.12,0.0,0.0,False,0.0030257865398984865,3.82 分钟,229.08,240.0
Xe137,Xe137,0.000186,Cs137,Cs-137,5.013594127175015e+17,5.010441130421166e+17,364815405.39999646,False,7.28110351771224e-10,30.19 年,951980944.7479681,240.0
Xe137,Xe137,0.000186,Ba137m,Ba-137m,inf,76046789559.14803,344250377.3090317,False,0.004526823279518974,2.55 分钟,153.12,240.0
Xe137,Xe137,0.000186,Ba137,Ba-137,,,0.0,True,0.0,稳定,inf,240.0
Xe138,Xe138,0.00016,Xe138,Xe138,608565608907529.0,8.179390287375104e-294,6.711081103685434e-297,False,0.0008204867194128141,14.08 分钟,844.8,240.0
Xe138,Xe138,0.00016,Cs138,Cs-138,2495892341435953.0,4.473884480742997e-115,1.5469721709956614e-118,False,0.00034577830018953673,33.41 分钟,2004.6,240.0
Xe138,Xe138,0.00016,Ba138,Ba-138,,,0.0,True,0.0,稳定,inf,240.0
Cs127,Cs127,2.03e-08,Cs127,Cs127,2056421208183.5007,5.669702100871402,0.0001746639122592805,False,3.080654135821979e-05,6.25 小时,22500.0,240.0
Cs127,Cs127,2.03e-08,Xe127,Xe-127,50198727373079.22,41494655077883.77,9145395.545743842,False,2.2039936296803306e-07,36.40 天,3144960.0,240.0
Cs127,Cs127,2.03e-08,I127,I-127,,,0.0,True,0.0,稳定,inf,240.0
Cs128,Cs128,1.91e-07,Cs128,Cs128,187810348871.125,0.0,0.0,False,0.003173750826739676,3.64 分钟,218.4,240.0
Cs128,Cs128,1.91e-07,Xe128,Xe-128,,,0.0,True,0.0,稳定,inf,240.0
Cs129,Cs129,1.41e-06,Cs129,Cs129,728600140937018.0,4064335918206.161,24408946.615314312,False,6.0056420302206385e-06,1.34 天,115416.00000000001,240.0
Cs129,Cs129,1.41e-06,Xe129,Xe-129,,,0.0,True,0.0,稳定,inf,240.0
Cs130,Cs130,4.76e-06,Cs130,Cs130,37559800619788.38,1.487296123260819e-135,5.8822042365398454e-139,False,0.000395496508364684,29.21 分钟,1752.6000000000001,240.0
Cs130,Cs130,4.76e-06,Xe130,Xe-130,,,0.0,True,0.0,稳定,inf,240.0
Cs130,Cs130,4.76e-06,Ba130,Ba-130,,,0.0,True,0.0,稳定,inf,240.0
Cs131,Cs131,1.94e-05,Cs131,Cs131,3.73637260523141e+16,1.827080345361884e+16,15128309762.838167,False,8.280046250424609e-07,9.69 天,837129.6,240.0
Cs131,Cs131,1.94e-05,Xe131,Xe-131,,,0.0,True,0.0,稳定,inf,240.0
Cs132,Cs132,4.06e-05,Cs132,Cs132,6.722084631821498e+16,2.306108902177357e+16,28555091156.47894,False,1.2382368902664616e-06,6.48 天,559785.6,240.0
Cs132,Cs132,4.06e-05,Xe132,Xe-132,,,0.0,True,0.0,稳定,inf,240.0
Cs132,Cs132,4.06e-05,Ba132,Ba-132,,,0.0,True,0.0,稳定,inf,240.0
Cs133,Cs133,0.000111,Cs133,Cs133,2.99292408e+17,2.99292408e+17,0.0,True,0.0,稳定,inf,240.0
Cs134,Cs134,0.000167,Cs134,Cs134,4.482237904297821e+17,4.441230041624878e+17,4724502094.029901,False,1.0637823417724572e-08,2.07 年,65158740.969984,240.0
Cs134,Cs134,0.000167,Ba134,Ba-134,,,0.0,True,0.0,稳定,inf,240.0
Cs134,Cs134,0.000167,Xe134,Xe-134,,,0.0,True,0.0,稳定,inf,240.0
Cs135,Cs135,0.000341,Cs135,Cs135,9.194478436525111e+17,9.194478360659708e+17,8780.717956928384,False,9.549990344746825e-15,2301526.19 年,72580929984000.0,240.0
Cs135,Cs135,0.000341,Ba135,Ba-135,,,0.0,True,0.0,稳定,inf,240.0
Cs136,Cs136,0.000397,Cs136,Cs136,8.321443583279953e+17,4.914196019817056e+17,299576888074.05096,False,6.096152592732829e-07,13.16 天,1137024.0,240.0
Cs136,Cs136,0.000397,Ba136,Ba-136,,,0.0,True,0.0,稳定,inf,240.0
Cs137,Cs137,0.000573,Cs137,Cs137,1.544510077192151e+18,1.5435387510065554e+18,1123866542.9678988,False,7.28110351771224e-10,30.19 年,951980944.7479681,240.0
Cs137,Cs137,0.000573,Ba137m,Ba-137m,inf,234362793294.4131,1060918948.5382425,False,0.004526823279518974,2.55 分钟,153.12,240.0
Cs137,Cs137,0.000573,Ba137,Ba-137,,,0.0,True,0.0,稳定,inf,240.0
Cs138,Cs138,0.000318,Cs138,Cs138,2870042739686155.5,5.144548688652041e-115,1.7788733008044127e-118,False,0.00034577830018953673,33.41 分钟,2004.6,240.0
Cs138,Cs138,0.000318,Ba138,Ba-138,,,0.0,True,0.0,稳定,inf,240.0
Cs139,Cs139,0.000321,Cs139,Cs139,803839855050544.4,0.0,0.0,False,0.001246219310607597,9.27 分钟,556.1999999999999,240.0
Cs139,Cs139,0.000321,Ba139,Ba-139,8107298139173900.0,5.244600794777544e-37,7.294486423594395e-41,False,0.0001390856370013535,1.38 小时,4983.6,240.0
Cs139,Cs139,0.000321,La139,La-139,,,0.0,True,0.0,稳定,inf,240.0
Cs140,Cs140,0.000179,Cs140,Cs140,51336467525200.62,0.0,0.0,False,0.010881431405964604,1.06 分钟,63.7,240.0
Cs140,Cs140,0.000179,Ba140,Ba-140,3.723503525633412e+17,2.1621550870361565e+17,136025476623.89694,False,6.291198880204206e-07,12.75 天,1101772.8,240.0
Cs140,Cs140,0.000179,La140,La-140,2.0206483009925809e+18,3.2480053181963856e+16,155278244627.3793,False,4.780726304771113e-06,1.68 天,144987.84,240.0
Cs140,Cs140,0.000179,Ce140,Ce-140,,,0.0,True,0.0,稳定,inf,240.0
Ba130,Ba130,1.3e-07,Ba130,Ba130,350522640000000.0,350522640000000.0,0.0,True,0.0,稳定,inf,240.0
Ba131,Ba131,4.26e-07,Ba131,Ba131,862688293254299.6,472159455201426.6,329384053.0873477,False,6.976118966988177e-07,11.50 天,993600.0,240.0
Ba131,Ba131,4.26e-07,Cs131,Cs-131,776313888336442.2,379616274143816.9,314324030.7324671,False,8.280046250424609e-07,9.69 天,837129.6,240.0
Ba131,Ba131,4.26e-07,Xe131,Xe-131,,,0.0,True,0.0,稳定,inf,240.0
Ba132,Ba132,2.54e-06,Ba132,Ba132,6848673119999999.0,6848673119999999.0,0.0,True,0.0,稳定,inf,240.0
Ba133,Ba133,7.77e-06,Ba133,Ba133,2.0931582933163704e+16,2.0893857070781148e+16,43624820.015979506,False,2.08792564571461e-09,10.53 年,331978862.3616,240.0
Ba133,Ba133,7.77e-06,Cs133,Cs-133,,,0.0,True,0.0,稳定,inf,240.0
Ba134,Ba134,3.01e-05,Ba134,Ba134,8.11594728e+16,8.11594728e+16,0.0,True,0.0,稳定,inf,240.0
Ba135,Ba135,5.47e-05,Ba135,Ba135,1.474891416e+17,1.474891416e+17,0.0,True,0.0,稳定,inf,240.0
Ba136,Ba136,0.000148,Ba136,Ba136,3.99056544e+17,3.99056544e+17,0.0,True,0.0,稳定,inf,240.0
Ba137,Ba137,0.000217,Ba137,Ba137,5.85103176e+17,5.85103176e+17,0.0,True,0.0,稳定,inf,240.0
Ba138,Ba138,0.000414,Ba138,Ba138,1.116279792e+18,1.116279792e+18,0.0,True,0.0,稳定,inf,240.0
Ba139,Ba139,0.000306,Ba139,Ba139,6865910244856606.0,4.441548554018688e-37,6.177556099081297e-41,False,0.0001390856370013535,1.38 小时,4983.6,240.0
Ba139,Ba139,0.000306,La139,La-139,,,0.0,True,0.0,稳定,inf,240.0
Ba140,Ba140,0.000395,Ba140,Ba140,8.216194736939037e+17,4.7709602325488474e+17,300150596725.1011,False,6.291198880204206e-07,12.75 天,1101772.8,240.0
Ba140,Ba140,0.000395,La140,La-140,4.459322666581426e+18,7.1679488852638984e+16,342680017870.35895,False,4.780726304771113e-06,1.68 天,144987.84,240.0
Ba140,Ba140,0.000395,Ce140,Ce-140,,,0.0,True,0.0,稳定,inf,240.0
Ba141,Ba141,0.000257,Ba141,Ba141,1268400601211080.5,6.8902539100246036e-223,4.356832759601983e-226,False,0.0006323181723772535,18.27 分钟,1096.2,240.0
Ba141,Ba141,0.000257,La141,La-141,1.7704061534412428e+16,0.006571507571480634,3.227764983843633e-07,False,4.911757231859023e-05,3.92 小时,14112.0,240.0
Ba141,Ba141,0.000257,Ce141,Ce-141,6.272127797157526e+17,5.0677254558791974e+17,125064642620.53902,False,2.4678653906842633e-07,32.51 天,2808691.2,240.0
Ba141,Ba141,0.000257,Pr141,Pr-141,,,0.0,True,0.0,稳定,inf,240.0
Ba142,Ba142,0.00025,Ba142,Ba142,715864197267823.0,0.0,0.0,False,0.0010898540574841907,10.60 分钟,636.0,240.0
Ba142,Ba142,0.00025,La142,La-142,6962507095519852.0,1.8177707603657073e-32,2.3051274742989353e-36,False,0.00012681068067324283,1.52 小时,5466.0,240.0
Ba142,Ba142,0.00025,Ce142,Ce-142,,,0.0,True,0.0,稳定,inf,240.0
La132,La132,4.06e-09,La132,La132,315866297577.85626,0.0002805456290192296,1.1253438181313388e-08,False,4.011268406018202e-05,4.80 小时,17280.0,240.0
La132,La132,4.06e-09,Ba132,Ba-132,,,0.0,True,0.0,稳定,inf,240.0
La133,La133,1.14e-07,La133,La133,7228359041369.128,2.460038040770093e-06,1.210781947306011e-10,False,4.921801725175708e-05,3.91 小时,14083.199999999999,240.0
La133,La133,1.14e-07,Ba133,Ba-133,307117334107891.9,306563803764828.56,640082.4279284067,False,2.08792564571461e-09,10.53 年,331978862.3616,240.0
La133,La133,1.14e-07,Cs133,Cs-133,,,0.0,True,0.0,稳定,inf,240.0
La134,La134,7.1e-07,La134,La134,1237094374108.6775,0.0,0.0,False,0.0017910779859430111,6.45 分钟,387.0,240.0
La134,La134,7.1e-07,Ba134,Ba-134,,,0.0,True,0.0,稳定,inf,240.0
La135,La135,3.68e-06,La135,La135,1162874309849255.2,229376126348.4704,2264834.9753020518,False,9.873891460967882e-06,19.50 小时,70200.0,240.0
La135,La135,3.68e-06,Ba135,Ba-135,,,0.0,True,0.0,稳定,inf,240.0
La136,La136,9.86e-06,La136,La136,26289288725490.355,0.0,0.0,False,0.0011704612978047035,9.87 分钟,592.1999999999999,240.0
La136,La136,9.86e-06,Ba136,Ba-136,,,0.0,True,0.0,稳定,inf,240.0
La137,La137,3.43e-05,La137,La137,9.248403578734928e+16,9.24840065350529e+16,33856.819162374864,False,3.6608296321529493e-13,60039.81 年,1893415564800.0,240.0
La137,La137,3.43e-05,Ba137,Ba-137,,,0.0,True,0.0,稳定,inf,240.0
La138,La138,6.68e-05,La138,La138,1.8013126088342083e+17,1.8013126088338733e+17,0.0387899916187634,False,2.153429195384088e-19,102067683287.67 年,3.21880646016e+18,240.0
La138,La138,6.68e-05,Ba138,Ba-138,,,0.0,True,0.0,稳定,inf,240.0
La138,La138,6.68e-05,Ce138,Ce-138,,,0.0,True,0.0,稳定,inf,240.0
La139,La139,0.000166,La139,La139,4.47590448e+17,4.47590448e+17,0.0,True,0.0,稳定,inf,240.0
La140,La140,0.000169,La140,La140,1.085460955183795e+17,1744778125614270.2,8341306681.113379,False,4.780726304771113e-06,1.68 天,144987.84,240.0
La140,La140,0.000169,Ce140,Ce-140,,,0.0,True,0.0,稳定,inf,240.0
La141,La141,0.000276,La141,La141,1.7536025486218936e+16,0.006509134868988677,3.1971290265900867e-07,False,4.911757231859023e-05,3.92 小时,14112.0,240.0
La141,La141,0.000276,Ce141,Ce-141,6.735825961149718e+17,5.442382201644587e+17,134310666783.147,False,2.4678653906842633e-07,32.51 天,2808691.2,240.0
La141,La141,0.000276,Pr141,Pr-141,,,0.0,True,0.0,稳定,inf,240.0
La142,La142,0.000258,La142,La142,6349256196129607.0,1.6576632677073707e-32,2.1020940730500364e-36,False,0.00012681068067324283,1.52 小时,5466.0,240.0
La142,La142,0.000258,Ce142,Ce-142,,,0.0,True,0.0,稳定,inf,240.0
La143,La143,0.000291,La143,La143,1116261900358527.8,5.996686486827346e-291,4.878622454279693e-294,False,0.0008135530288262268,14.20 分钟,852.0,240.0
La143,La143,0.000291,Ce143,Ce-143,1.5593498433371683e+17,1014422358281688.1,5911733923.376101,False,5.827684962888516e-06,1.38 天,118940.40000000001,240.0
La143,La143,0.000291,Pr143,Pr-143,6.819021342470378e+17,4.0915430299293376e+17,241890601146.935,False,5.911965226261167e-07,13.57 天,1172448.0,240.0
La143,La143,0.000291,Nd143,Nd-143,,,0.0,True,0.0,稳定,inf,240.0
Ce135,Ce135,3.25e-08,Ce135,Ce135,9323021119447.756,772314191.0703481,8401.246140094896,False,1.0878016016320548e-05,17.70 小时,63720.0,240.0
Ce135,Ce135,3.25e-08,La135,La-135,68840717236636.766,13578782264.81506,134075.42225489955,False,9.873891460967882e-06,19.50 小时,70200.0,240.0
Ce135,Ce135,3.25e-08,Ba135,Ba-135,,,0.0,True,0.0,稳定,inf,240.0
Ce136,Ce136,3.04e-07,Ce136,Ce136,819683712000000.1,819683712000000.1,0.0,True,0.0,稳定,inf,240.0
Ce137,Ce137,9.66e-07,Ce137,Ce137,140914489191474.8,1322784.507032653,28.29889973882903,False,2.1393431498763742e-05,9.00 小时,32400.0,240.0
Ce137,Ce137,9.66e-07,La137,La-137,2604652479707894.0,2604651655867696.5,953.518596323671,False,3.6608296321529493e-13,60039.81 年,1893415564800.0,240.0
Ce137,Ce137,9.66e-07,Ba137,Ba-137,,,0.0,True,0.0,稳定,inf,240.0
Ce138,Ce138,5.85e-06,Ce138,Ce138,1.57735188e+16,1.57735188e+16,0.0,True,0.0,稳定,inf,240.0
Ce139,Ce139,1.4e-05,Ce139,Ce139,3.681385656270941e+16,3.5005852024824452e+16,2040349434.4407065,False,5.8285952674249715e-08,137.64 天,11892182.399999999,240.0
Ce139,Ce139,1.4e-05,La139,La-139,,,0.0,True,0.0,稳定,inf,240.0
Ce140,Ce140,4.56e-05,Ce140,Ce140,1.229525568e+17,1.229525568e+17,0.0,True,0.0,稳定,inf,240.0
Ce141,Ce141,5.74e-05,Ce141,Ce141,1.3938180889414358e+17,1.1261708368561178e+17,27792380322.75147,False,2.4678653906842633e-07,32.51 天,2808691.2,240.0
Ce141,Ce141,5.74e-05,Pr141,Pr-141,,,0.0,True,0.0,稳定,inf,240.0
Ce142,Ce142,0.000122,Ce142,Ce142,3.28952016e+17,3.28952016e+17,0.0,True,0.0,稳定,inf,240.0
Ce143,Ce143,0.000131,Ce143,Ce143,6.969469329769414e+16,453393158930012.4,2642232494.572956,False,5.827684962888516e-06,1.38 天,118940.40000000001,240.0
Ce143,Ce143,0.000131,Pr143,Pr-143,3.069767503539299e+17,1.8419191261923174e+17,108893618236.34335,False,5.911965226261167e-07,13.57 天,1172448.0,240.0
Ce143,Ce143,0.000131,Nd143,Nd-143,,,0.0,True,0.0,稳定,inf,240.0
Ce144,Ce144,0.000213,Ce144,Ce144,5.673879906188922e+17,5.5375077454484026e+17,15592594059.456148,False,2.8158144017536774e-08,284.91 天,24616224.000000004,240.0
Ce144,Ce144,0.000213,Pr144,Pr-144,1.6667558643070045e+264,23096292545860.09,15440904764.227043,False,0.0006685447343363669,17.28 分钟,1036.8000000000002,240.0
Ce144,Ce144,0.000213,Pr144m,Pr-144m,inf,94945502750.48936,152340758.19062093,False,0.0016045073624072809,7.20 分钟,432.0,240.0
Ce144,Ce144,0.000213,Nd144,Nd-144,-960940856197097.2,-960940856197097.2,-9.2170500291164e-09,False,9.591693359352705e-24,2291519556164383.50 年,7.22653607232e+22,240.0
Ce144,Ce144,0.000213,Ce140,Ce-140,,,0.0,True,0.0,稳定,inf,240.0
Ce145,Ce145,0.000165,Ce145,Ce145,134163756065307.28,0.0,0.0,False,0.0038380242555921666,3.01 分钟,180.6,240.0
Ce145,Ce145,0.000165,Pr145,Pr-145,1.6138671769302418e+16,13629.258883985174,0.4385343494019195,False,3.217594978089467e-05,5.98 小时,21542.4,240.0
Ce145,Ce145,0.000165,Nd145,Nd-145,,,0.0,True,0.0,稳定,inf,240.0
Pr137,Pr137,8.12e-09,Pr137,Pr137,168462025374.85684,6.072644123306628e-46,9.134627067304492e-50,False,0.00015042256522568257,1.28 小时,4608.0,240.0
Pr137,Pr137,8.12e-09,Ce137,Ce-137,1380892155852.4788,12962.63258750178,0.2773151923043619,False,2.1393431498763742e-05,9.00 小时,32400.0,240.0
Pr137,Pr137,8.12e-09,La137,La-137,21894180262367.71,21894173337334.168,8.015083852480595,False,3.6608296321529493e-13,60039.81 年,1893415564800.0,240.0
Pr137,Pr137,8.12e-09,Ba137,Ba-137,,,0.0,True,0.0,稳定,inf,240.0
Pr138,Pr138,5.28e-08,Pr138,Pr138,20681721865.2168,0.0,0.0,False,0.007967208971953394,1.45 分钟,87.0,240.0
Pr138,Pr138,5.28e-08,Ce138,Ce-138,,,0.0,True,0.0,稳定,inf,240.0
Pr139,Pr139,4.43e-07,Pr139,Pr139,31664915585849.14,0.0013121803701849756,5.7289879313417804e-08,False,4.366006428319131e-05,4.41 小时,15876.0,240.0
Pr139,Pr139,4.43e-07,Ce139,Ce-139,1166452812367124.8,1109165905346231.5,64648791.46690179,False,5.8285952674249715e-08,137.64 天,11892182.399999999,240.0
Pr139,Pr139,4.43e-07,La139,La-139,,,0.0,True,0.0,稳定,inf,240.0
Pr140,Pr140,1.56e-06,Pr140,Pr140,1428594800313.6436,0.0,0.0,False,0.0034078032475906845,3.39 分钟,203.4,240.0
Pr140,Pr140,1.56e-06,Ce140,Ce-140,,,0.0,True,0.0,稳定,inf,240.0
Pr141,Pr141,7.16e-06,Pr141,Pr141,1.930570848e+16,1.930570848e+16,0.0,True,0.0,稳定,inf,240.0
Pr142,Pr142,1.2e-05,Pr142,Pr142,3718200820842495.5,619032784132.7217,6233740.542128215,False,1.0070129889585444e-05,19.12 小时,68832.0,240.0
Pr142,Pr142,1.2e-05,Nd142,Nd-142,,,0.0,True,0.0,稳定,inf,240.0
Pr142,Pr142,1.2e-05,Ce142,Ce-142,,,0.0,True,0.0,稳定,inf,240.0
Pr143,Pr143,3.01e-05,Pr143,Pr143,6.3552532316211896e+16,3.8132733067316296e+16,22543939187.627327,False,5.911965226261167e-07,13.57 天,1172448.0,240.0
Pr143,Pr143,3.01e-05,Nd143,Nd-143,,,0.0,True,0.0,稳定,inf,240.0
Pr144,Pr144,4.28e-05,Pr144,Pr144,199789323197028.53,2.7684874281312406e-237,1.850857692153572e-240,False,0.0006685447343363669,17.28 分钟,1036.8000000000002,240.0
Pr144,Pr144,4.28e-05,Nd144,Nd-144,0.0,0.0,0.0,False,9.591693359352705e-24,2291519556164383.50 年,7.22653607232e+22,240.0
Pr144,Pr144,4.28e-05,Ce140,Ce-140,,,0.0,True,0.0,稳定,inf,240.0
Pr145,Pr145,8.14e-05,Pr145,Pr145,7894997715051818.0,6667.399231179958,0.21452990283162207,False,3.217594978089467e-05,5.98 小时,21542.4,240.0
Pr145,Pr145,8.14e-05,Nd145,Nd-145,,,0.0,True,0.0,稳定,inf,240.0
Pr146,Pr146,8.61e-05,Pr146,Pr146,561700816355450.4,1.7920848656861202e-165,8.572660952204849e-169,False,0.0004783624434506179,24.15 分钟,1449.0,240.0
Pr146,Pr146,8.61e-05,Nd146,Nd-146,,,0.0,True,0.0,稳定,inf,240.0
Pr147,Pr147,0.000129,Pr147,Pr147,466959566564965.6,0.0,0.0,False,0.0008621233589054045,13.40 分钟,804.0,240.0
Pr147,Pr147,0.000129,Nd147,Nd-147,2.5812923558918602e+17,1.3730143817828768e+17,100319293454.54039,False,7.306499828812754e-07,10.98 天,948672.0,240.0
Pr147,Pr147,0.000129,Pm147,Pm-147,2.106891145335635e+17,2.0917048377064496e+17,1751324628.7093341,False,8.372713956284856e-09,2.63 年,82786439.87827201,240.0
Pr147,Pr147,0.000129,Sm147,Sm-147,1986398769419735.8,1986398769419380.0,0.0004116151401714691,False,2.0721677163129903e-19,106070337534.25 年,3.34503416448e+18,240.0
Pr148,Pr148,0.000103,Pr148,Pr148,63717316305494.88,0.0,0.0,False,0.005044739305385336,2.29 分钟,137.4,240.0
Pr148,Pr148,0.000103,Nd148,Nd-148,,,0.0,True,0.0,稳定,inf,240.0
Nd134,Nd134,8.12e-09,Nd134,Nd134,18644885620.915146,0.0,0.0,False,0.0013591121187449908,8.50 分钟,510.0,240.0
Nd134,Nd134,8.12e-09,Pr134m,Pr-134m,74579542483.66058,7.629669761791223e-245,5.1847883176363296e-248,False,0.0006795560593724954,17.00 分钟,1020.0,240.0
Nd134,Nd134,8.12e-09,Ce134,Ce-134,8901454339099.053,992737437123.5157,2520339.4411424305,False,2.538777472163419e-06,3.16 天,273024.0,240.0
Nd134,Nd134,8.12e-09,La134,La-134,inf,1403235493.9613507,2513304.202328042,False,0.0017910779859430111,6.45 分钟,387.0,240.0
Nd140,Nd140,8.12e-09,Nd140,Nd140,9283659807837.457,1187012071547.9355,2825770.931847152,False,2.380574721672523e-06,3.37 天,291168.0,240.0
Nd140,Nd140,8.12e-09,Pr140,Pr-140,inf,829785669.2973993,2827746.298635887,False,0.0034078032475906845,3.39 分钟,203.4,240.0
Nd140,Nd140,8.12e-09,Ce140,Ce-140,,,0.0,True,0.0,稳定,inf,240.0
Nd141,Nd141,8.12e-08,Nd141,Nd141,3277112837370.262,3.166299950488631e-17,2.44836220826449e-21,False,7.7325656019628e-05,2.49 小时,8964.0,240.0
Nd141,Nd141,8.12e-08,Pr141,Pr-141,,,0.0,True,0.0,稳定,inf,240.0
Nd142,Nd142,7.39e-07,Nd142,Nd142,1992586392000000.0,1992586392000000.0,0.0,True,0.0,稳定,inf,240.0
Nd143,Nd143,1.65e-06,Nd143,Nd143,4448941200000000.0,4448941200000000.0,0.0,True,0.0,稳定,inf,240.0
Nd144,Nd144,5.63e-06,Nd144,Nd144,0.0,0.0,0.0,False,9.591693359352705e-24,2291519556164383.50 年,7.22653607232e+22,240.0
Nd144,Nd144,5.63e-06,Ce140,Ce-140,,,0.0,True,0.0,稳定,inf,240.0
Nd145,Nd145,8.52e-06,Nd145,Nd145,2.297271456e+16,2.297271456e+16,0.0,True,0.0,稳定,inf,240.0
Nd146,Nd146,2.19e-05,Nd146,Nd146,5.90495832e+16,5.90495832e+16,0.0,True,0.0,稳定,inf,240.0
Nd147,Nd147,2.67e-05,Nd147,Nd147,5.3381469564874984e+16,2.8394120203387304e+16,20746163440.53381,False,7.306499828812754e-07,10.98 天,948672.0,240.0
Nd147,Nd147,2.67e-05,Pm147,Pm-147,4.363190959102932e+16,4.331741417774464e+16,362684318.23617405,False,8.372713956284856e-09,2.63 年,82786439.87827201,240.0
Nd147,Nd147,2.67e-05,Sm147,Sm-147,411138349949666.2,411138349949592.56,8.519476157037382e-05,False,2.0721677163129903e-19,106070337534.25 年,3.34503416448e+18,240.0
Nd147,Nd147,2.67e-05,Nd143,Nd-143,,,0.0,True,0.0,稳定,inf,240.0
Nd148,Nd148,5.21e-05,Nd148,Nd148,1.404786888e+17,1.404786888e+17,0.0,True,0.0,稳定,inf,240.0
Nd149,Nd149,4.84e-05,Nd149,Nd149,1355579893841520.8,2.10089089404829e-27,2.340899241052011e-31,False,0.0001114241223893945,1.73 小时,6220.8,240.0
Nd149,Nd149,4.84e-05,Pm149,Pm-149,4.116727692854961e+16,1792470159582927.2,6501955315.628094,False,3.627371580423393e-06,2.21 天,191088.0,240.0
Nd149,Nd149,4.84e-05,Sm149,Sm-149,,,0.0,True,0.0,稳定,inf,240.0
Nd151,Nd151,5.34e-05,Nd151,Nd151,179451216146500.28,0.0,0.0,False,0.0009286537788852429,12.44 分钟,746.4,240.0
Nd151,Nd151,5.34e-05,Pm151,Pm-151,2.469077630348723e+16,70569865303445.3,478436063.8456398,False,6.77960857355189e-06,1.18 天,102240.0,240.0
Nd151,Nd151,5.34e-05,Sm151,Sm-151,1.4390333142652291e+17,1.4387299062412413e+17,35112967.156217135,False,2.440553088101966e-10,90.06 年,2840123347.2000003,240.0
Nd151,Nd151,5.34e-05,Eu151,Eu-151,,,0.0,True,0.0,稳定,inf,240.0
Nd152,Nd152,5.68e-05,Nd152,Nd152,174919390571645.56,0.0,0.0,False,0.001013373070994072,11.40 分钟,684.0,240.0
Nd152,Nd152,5.68e-05,Pm152,Pm-152,,0.0,0.0,False,0.0028039934488670922,4.12 分钟,247.20000000000002,240.0
Nd152,Nd152,5.68e-05,Sm152,Sm-152,,,0.0,True,0.0,稳定,inf,240.0
Pm136,Pm136,5.68e-08,Pm136,Pm136,27363121039.716484,0.0,0.0,False,0.006478011033270517,1.78 分钟,107.0,240.0
Pm136,Pm136,5.68e-08,Nd136,Nd-136,805525490519.8308,2.0991000393885734e-74,4.787710674614873e-78,False,0.00022808396859491455,50.65 分钟,3039.0,240.0
Pm136,Pm136,5.68e-08,Pr136,Pr-136,inf,7.065253632023254e-75,6.230611494882738e-78,False,0.0008818666419337727,13.10 分钟,786.0,240.0
Pm136,Pm136,5.68e-08,Ce136,Ce-136,,,0.0,True,0.0,稳定,inf,240.0
Pm143,Pm143,3.25e-08,Pm143,Pm143,86494531701781.98,84261469565236.86,2550908.458201501,False,3.02737238190053e-08,265.00 天,22896000.0,240.0
Pm143,Pm143,3.25e-08,Nd143,Nd-143,,,0.0,True,0.0,稳定,inf,240.0
Pm144,Pm144,1.62e-07,Pm144,Pm144,432661165144601.94,424477894198821.4,9381238.38045658,False,2.2100652374755932e-08,363.00 天,31363200.0,240.0
Pm144,Pm144,1.62e-07,Nd144,Nd-144,-424477894198821.5,-424477894198821.5,-4.071461798978856e-09,False,9.591693359352705e-24,2291519556164383.50 年,7.22653607232e+22,240.0
Pm144,Pm144,1.62e-07,Ce140,Ce-140,,,0.0,True,0.0,稳定,inf,240.0
Pm145,Pm145,5.97e-07,Pm145,Pm145,1608845169031627.2,1607121107771232.0,1994371.719927932,False,1.2409591973399828e-09,17.71 年,558557591.616,240.0
Pm145,Pm145,5.97e-07,Nd145,Nd-145,,,0.0,True,0.0,稳定,inf,240.0
Pm145,Pm145,5.97e-07,Pr141,Pr-141,,,0.0,True,0.0,稳定,inf,240.0
Pm146,Pm146,1.25e-06,Pm146,Pm146,3364633357916859.5,3353106468210661.5,13318428.41076598,False,3.971967051160524e-09,5.53 年,174509801.2224,240.0
Pm146,Pm146,1.25e-06,Nd146,Nd-146,,,0.0,True,0.0,稳定,inf,240.0
Pm146,Pm146,1.25e-06,Sm146,Sm-146,5883436165696.079,5883436164612.057,0.0012546557738034243,False,2.1325221158172522e-16,103068346.85 年,3250363386240000.0,240.0
Pm146,Pm146,1.25e-06,Nd142,Nd-142,1145939400000000.2,1145939400000000.2,0.0,True,0.0,稳定,inf,240.0
Pm147,Pm147,3.51e-06,Pm147,Pm147,9429961867386698.0,9361991435137904.0,78385276.34759842,False,8.372713956284856e-09,2.63 年,82786439.87827201,240.0
Pm147,Pm147,3.51e-06,Sm147,Sm-147,104429012511209.27,104429012511190.56,2.1639442837213443e-05,False,2.0721677163129903e-19,106070337534.25 年,3.34503416448e+18,240.0
Pm147,Pm147,3.51e-06,Nd143,Nd-143,,,0.0,True,0.0,稳定,inf,240.0
Pm148,Pm148,5.7e-06,Pm148,Pm148,8630137066928899.0,2372638435023205.0,3545935019.863283,False,1.4945113286207905e-06,5.37 天,463795.2,240.0
Pm148,Pm148,5.7e-06,Sm148,Sm-148,-2372638435023207.0,-2372638435023207.0,-7.444992933701105e-09,False,3.1378539704168136e-24,7004644931506850.00 年,2.2089848256e+23,240.0
Pm148,Pm148,5.7e-06,Nd144,Nd-144,0.0,0.0,0.0,False,9.591693359352705e-24,2291519556164383.50 年,7.22653607232e+22,240.0
Pm148,Pm148,5.7e-06,Ce140,Ce-140,,,0.0,True,0.0,稳定,inf,240.0
Pm149,Pm149,1.23e-05,Pm149,Pm149,1.0121347575883048e+16,440695009680266.06,1598564553.748609,False,3.627371580423393e-06,2.21 天,191088.0,240.0
Pm149,Pm149,1.23e-05,Sm149,Sm-149,,,0.0,True,0.0,稳定,inf,240.0
Pm150,Pm150,1.5e-05,Pm150,Pm150,651571488230184.5,7.178802618157333e-13,5.1575111884039277e-17,False,7.184361324211705e-05,2.68 小时,9648.0,240.0
Pm150,Pm150,1.5e-05,Sm150,Sm-150,,,0.0,True,0.0,稳定,inf,240.0
Pm151,Pm151,2.9e-05,Pm151,Pm151,1.3310957664647614e+16,38044672144284.68,257927985.4473632,False,6.77960857355189e-06,1.18 天,102240.0,240.0
Pm151,Pm151,2.9e-05,Sm151,Sm-151,7.815002907302034e+16,7.813355179924176e+16,19068908.11280144,False,2.440553088101966e-10,90.06 年,2840123347.2000003,240.0
Pm151,Pm151,2.9e-05,Eu151,Eu-151,,,0.0,True,0.0,稳定,inf,240.0
Pm152,Pm152,2.82e-05,Pm152,Pm152,31385647507684.812,0.0,0.0,False,0.0028039934488670922,4.12 分钟,247.20000000000002,240.0
Pm152,Pm152,2.82e-05,Sm152,Sm-152,,,0.0,True,0.0,稳定,inf,240.0
Pm153,Pm153,3.69e-05,Pm153,Pm153,52332374194607.18,0.0,0.0,False,0.0022004672398728423,5.25 分钟,315.0,240.0
Pm153,Pm153,3.69e-05,Sm153,Sm-153,2.7084721698834348e+16,756869795352361.5,3133943636.1975636,False,4.140664161051047e-06,1.94 天,167400.0,240.0
Pm153,Pm153,3.69e-05,Eu153,Eu-153,,,0.0,True,0.0,稳定,inf,240.0
Pm154,Pm154,2.55e-05,Pm154,Pm154,11917112853762.268,0.0,0.0,False,0.00667771850250429,1.73 分钟,103.8,240.0
Pm154,Pm154,2.55e-05,Sm154,Sm-154,,,0.0,True,0.0,稳定,inf,240.0
Sm139,Sm139,1.22e-08,Sm139,Sm139,8469889072.126536,0.0,0.0,False,0.0044951179024639775,2.57 分钟,154.2,240.0
Sm139,Sm139,1.22e-08,Pm139,Pm-139,,0.0,0.0,False,0.0027837236167066073,4.15 分钟,249.00000000000003,240.0
Sm139,Sm139,1.22e-08,Nd139,Nd-139,113780173941.87178,1.2651129512655649e-135,4.920928592927035e-139,False,0.0003889714817957044,29.70 分钟,1782.0,240.0
Sm139,Sm139,1.22e-08,Pr139,Pr-139,982293481602.4814,4.070581589977315e-05,1.7772185388838466e-09,False,4.366006428319131e-05,4.41 小时,15876.0,240.0
Sm140,Sm140,4.06e-09,Sm140,Sm140,16253953229.527205,5.154396147977318e-283,4.017943271996761e-286,False,0.0007795177469185169,14.82 分钟,889.2,240.0
Sm140,Sm140,4.06e-09,Pm140,Pm-140,inf,5.388686881976285e-285,4.0599490425676363e-286,False,0.07534208484347232,9.20 秒,9.2,240.0
Sm140,Sm140,4.06e-09,Nd140,Nd-140,4641976575889.886,593524789304.787,1412930.1101049862,False,2.380574721672523e-06,3.37 天,291168.0,240.0
Sm140,Sm140,4.06e-09,Pr140,Pr-140,inf,414890912.6914119,1413866.5996656567,False,0.0034078032475906845,3.39 分钟,203.4,240.0
Sm145,Sm145,1.22e-08,Sm145,Sm145,32562156663214.473,31905043276753.656,752821.7181687376,False,2.3595696505989422e-08,340.00 天,29376000.0,240.0
Sm145,Sm145,1.22e-08,Pm145,Pm-145,990390327418.1285,989329011121.7944,1227.716935546861,False,1.2409591973399828e-09,17.71 年,558557591.616,240.0
Sm145,Sm145,1.22e-08,Nd145,Nd-145,,,0.0,True,0.0,稳定,inf,240.0
Sm145,Sm145,1.22e-08,Pr141,Pr-141,,,0.0,True,0.0,稳定,inf,240.0
Sm146,Sm146,2.44e-08,Sm146,Sm146,65790416706203.67,65790416694081.79,0.014029951860896197,False,2.1325221158172522e-16,103068346.85 年,3250363386240000.0,240.0
Sm146,Sm146,2.44e-08,Nd142,Nd-142,,,0.0,True,0.0,稳定,inf,240.0
Sm147,Sm147,1.01e-07,Sm147,Sm147,272395574134606.5,272395574134557.72,5.644493147881723e-05,False,2.0721677163129903e-19,106070337534.25 年,3.34503416448e+18,240.0
Sm147,Sm147,1.01e-07,Nd143,Nd-143,,,0.0,True,0.0,稳定,inf,240.0
Sm148,Sm148,3.49e-07,Sm148,Sm148,0.0,0.0,0.0,False,3.1378539704168136e-24,7004644931506850.00 年,2.2089848256e+23,240.0
Sm148,Sm148,3.49e-07,Nd144,Nd-144,0.0,0.0,0.0,False,9.591693359352705e-24,2291519556164383.50 年,7.22653607232e+22,240.0
Sm148,Sm148,3.49e-07,Ce140,Ce-140,,,0.0,True,0.0,稳定,inf,240.0
Sm149,Sm149,8e-07,Sm149,Sm149,2157062400000000.0,2157062400000000.0,0.0,True,0.0,稳定,inf,240.0
Sm150,Sm150,2.48e-06,Sm150,Sm150,6686893440000000.0,6686893440000000.0,0.0,True,0.0,稳定,inf,240.0
Sm151,Sm151,3.16e-06,Sm151,Sm151,8519498221602947.0,8517701957336400.0,2078790.3815509514,False,2.440553088101966e-10,90.06 年,2840123347.2000003,240.0
Sm151,Sm151,3.16e-06,Eu151,Eu-151,,,0.0,True,0.0,稳定,inf,240.0
Sm152,Sm152,8.01e-06,Sm152,Sm152,2.159758728e+16,2.159758728e+16,0.0,True,0.0,稳定,inf,240.0
Sm153,Sm153,8.79e-06,Sm153,Sm153,6439748338722172.0,179955735246086.22,745136263.5090599,False,4.140664161051047e-06,1.94 天,167400.0,240.0
Sm153,Sm153,8.79e-06,Eu153,Eu-153,,,0.0,True,0.0,稳定,inf,240.0
Sm154,Sm154,1.51e-05,Sm154,Sm154,4.07145528e+16,4.07145528e+16,0.0,True,0.0,稳定,inf,240.0
Sm155,Sm155,1.28e-05,Sm155,Sm155,77108028855897.14,3.1624028983413856e-181,1.638274030478274e-184,False,0.0005180472201494359,22.30 分钟,1338.0,240.0
Sm155,Sm155,1.28e-05,Eu155,Eu-155,3.4444612051958828e+16,3.4307589123778376e+16,158275489.5365224,False,4.613425005338618e-09,4.76 年,150245680.75948802,240.0
Sm155,Sm155,1.28e-05,Gd155,Gd-155,,,0.0,True,0.0,稳定,inf,240.0
Sm156,Sm156,1.49e-05,Sm156,Sm156,2270126884588407.0,46792678.12506841,958.4578284054431,False,2.0483072711582307e-05,9.40 小时,33840.0,240.0
Sm156,Sm156,1.49e-05,Eu156,Eu-156,3.3111374159433424e+16,2.097977256469003e+16,11080381679.287502,False,5.281459389095723e-07,15.19 天,1312416.0,240.0
Sm156,Sm156,1.49e-05,Gd156,Gd-156,,,0.0,True,0.0,稳定,inf,240.0
Sm157,Sm157,9.12e-06,Sm157,Sm157,19783136708314.28,0.0,0.0,False,0.001438661644997811,8.03 分钟,481.79999999999995,240.0
Sm157,Sm157,9.12e-06,Eu157,Eu-157,2263815212133616.0,39397934473.00768,499717.59624964773,False,1.2683852667251232e-05,15.18 小时,54648.0,240.0
Sm157,Sm157,9.12e-06,Gd157,Gd-157,,,0.0,True,0.0,稳定,inf,240.0
Eu142,Eu142,4.47e-08,Eu142,Eu142,470930586.829055,0.0,0.0,False,0.29621674382903646,2.34 秒,2.34,240.0
Eu142,Eu142,4.47e-08,Sm142,Sm-142,875798318425.7784,1.3911392969927875e-48,2.217005291480883e-52,False,0.0001593661609785132,1.21 小时,4349.4,240.0
Eu142,Eu142,4.47e-08,Pm142,Pm-142,inf,1.306849304897298e-50,2.2366392866821888e-52,False,0.017114745199010996,40.50 秒,40.5,240.0
Eu142,Eu142,4.47e-08,Nd142,Nd-142,,,0.0,True,0.0,稳定,inf,240.0
Eu143,Eu143,8.12e-09,Eu143,Eu143,5681206324.490615,0.0,0.0,False,0.0044604065673098155,2.59 分钟,155.39999999999998,240.0
Eu143,Eu143,8.12e-09,Sm143,Sm-143,,0.0,0.0,False,0.0013202803439237053,8.75 分钟,525.0,240.0
Eu143,Eu143,8.12e-09,Sm143m,Sm-143m,,0.0,0.0,False,0.01050223000848402,1.10 分钟,66.0,240.0
Eu143,Eu143,8.12e-09,Pm143,Pm-143,21584672518416.53,21027412839888.1,636578.0889429783,False,3.02737238190053e-08,265.00 天,22896000.0,240.0
Eu143,Eu143,8.12e-09,Nd143,Nd-143,,,0.0,True,0.0,稳定,inf,240.0
Eu149,Eu149,8.12e-09,Eu149,Eu149,21099007537042.785,19585198534257.805,1687679.6585620267,False,8.617117950629866e-08,93.10 天,8043839.999999999,240.0
Eu149,Eu149,8.12e-09,Sm149,Sm-149,,,0.0,True,0.0,稳定,inf,240.0
Eu150,Eu150,5.28e-08,Eu150,Eu150,142329515091369.22,142256333568931.53,84679.05712041933,False,5.952568507565771e-10,36.92 年,1164450572.352,240.0
Eu150,Eu150,5.28e-08,Sm150,Sm-150,,,0.0,True,0.0,稳定,inf,240.0
Eu151,Eu151,2.19e-07,Eu151,Eu151,590495832000000.0,590495832000000.0,0.0,True,0.0,稳定,inf,240.0
Eu152,Eu152,5.2e-07,Eu152,Eu152,1401108212312223.0,1399145352090149.5,2270236.8758014436,False,1.622588298213614e-09,13.55 年,427186108.34496003,240.0
Eu152,Eu152,5.2e-07,Sm152,Sm-152,,,0.0,True,0.0,稳定,inf,240.0
Eu152,Eu152,5.2e-07,Gd152,Gd-152,103948836153818.62,103948836153818.61,2.1141054423317273e-08,False,2.0337942400849716e-22,108071664657534.25 年,3.40814801664e+21,240.0
Eu152,Eu152,5.2e-07,Sm148,Sm-148,,,,False,3.1378539704168136e-24,7004644931506850.00 年,2.2089848256e+23,240.0
Eu152,Eu152,5.2e-07,Nd144,Nd-144,,,,False,9.591693359352705e-24,2291519556164383.50 年,7.22653607232e+22,240.0
Eu153,Eu153,1.38e-06,Eu153,Eu153,3720932640000000.0,3720932640000000.0,0.0,True,0.0,稳定,inf,240.0
Eu154,Eu154,2.03e-06,Eu154,Eu154,5467506092160343.0,5455444365264101.0,13944921.951998599,False,2.5561477706176768e-09,8.60 年,271168665.80544,240.0
Eu154,Eu154,2.03e-06,Gd154,Gd-154,,,0.0,True,0.0,稳定,inf,240.0
Eu154,Eu154,2.03e-06,Sm154,Sm-154,,,0.0,True,0.0,稳定,inf,240.0
Eu155,Eu155,4.19e-06,Eu155,Eu155,1.1275128065805036e+16,1.123027486609834e+16,51810030.88408388,False,4.613425005338618e-09,4.76 年,150245680.75948802,240.0
Eu155,Eu155,4.19e-06,Gd155,Gd-155,,,0.0,True,0.0,稳定,inf,240.0
Eu156,Eu156,4.71e-06,Eu156,Eu156,1.0196869853896598e+16,6460861738217731.0,3412277888.895935,False,5.281459389095723e-07,15.19 天,1312416.0,240.0
Eu156,Eu156,4.71e-06,Gd156,Gd-156,,,0.0,True,0.0,稳定,inf,240.0
Eu157,Eu157,6.29e-06,Eu157,Eu157,1547572050534180.5,26932914803.4743,341613.1232668977,False,1.2683852667251232e-05,15.18 小时,54648.0,240.0
Eu157,Eu157,6.29e-06,Gd157,Gd-157,,,0.0,True,0.0,稳定,inf,240.0
Eu158,Eu158,5.12e-06,Eu158,Eu158,63484457838308.125,2.3008296303342065e-81,5.790898951397736e-85,False,0.00025168742939722053,45.90 分钟,2754.0,240.0
Eu158,Eu158,5.12e-06,Gd158,Gd-158,,,0.0,True,0.0,稳定,inf,240.0
Eu159,Eu159,4.63e-06,Eu159,Eu159,22638327291937.875,7.267200142861895e-227,4.638341887283199e-230,False,0.0006382570723388078,18.10 分钟,1086.0,240.0
Eu159,Eu159,4.63e-06,Gd159,Gd-159,1409581848012511.0,173539472038.14578,1808184.602327901,False,1.0419442799332956e-05,18.48 小时,66524.4,240.0
Eu159,Eu159,4.63e-06,Tb159,Tb-159,,,0.0,True,0.0,稳定,inf,240.0
Gd142,Gd142,1.98e-06,Gd142,Gd142,625800377128.543,0.0,0.0,False,0.009873891460967881,1.17 分钟,70.2,240.0
Gd142,Gd142,1.98e-06,Eu142,Eu-142,,0.0,0.0,False,0.29621674382903646,2.34 秒,2.34,240.0
Gd142,Gd142,1.98e-06,Sm142,Sm-142,38793751017517.69,6.16209353030362e-47,9.820291895150215e-51,False,0.0001593661609785132,1.21 小时,4349.4,240.0
Gd142,Gd142,1.98e-06,Pm142,Pm-142,inf,5.788728464645749e-49,9.907261269867412e-51,False,0.017114745199010996,40.50 秒,40.5,240.0
Gd144,Gd144,4.06e-07,Gd144,Gd144,490250816032.2983,0.0,0.0,False,0.002584441389112399,4.47 分钟,268.2,240.0
Gd144,Gd144,4.06e-07,Eu144,Eu-144,,0.0,0.0,False,0.06795560593724954,10.20 秒,10.2,240.0
Gd144,Gd144,4.06e-07,Sm144,Sm-144,,,0.0,True,0.0,稳定,inf,240.0
Gd145,Gd145,1.3e-07,Gd145,Gd145,807710924464.4495,2.730877063404244e-177,1.371666476053967e-180,False,0.0005022805656231487,23.00 分钟,1380.0,240.0
Gd145,Gd145,1.3e-07,Eu145,Eu-145,207260274599129.28,64398678197503.96,87123232.12242186,False,1.3528729868526819e-06,5.93 天,512352.0,240.0
Gd145,Gd145,1.3e-07,Sm145,Sm-145,286246430320349.75,280469897668180.0,6617882.584444285,False,2.3595696505989422e-08,340.00 天,29376000.0,240.0
Gd145,Gd145,1.3e-07,Pm145,Pm-145,6430080070235.647,6423189505398.383,7970.916092981778,False,1.2409591973399828e-09,17.71 年,558557591.616,240.0
Gd146,Gd146,4.87e-08,Gd146,Gd146,122318701938435.33,105956859482633.38,17610167.92391122,False,1.6620130126447902e-07,48.27 天,4170528.0000000005,240.0
Gd146,Gd146,4.87e-08,Eu146,Eu-146,43148773634417.87,9593453476815.754,16694974.766228419,False,1.7402465969710203e-06,4.61 天,398304.0,240.0
Gd146,Gd146,4.87e-08,Sm146,Sm-146,67862693395392.74,67862693382889.05,0.014471869447793599,False,2.1325221158172522e-16,103068346.85 年,3250363386240000.0,240.0
Gd146,Gd146,4.87e-08,Nd142,Nd-142,,,0.0,True,0.0,稳定,inf,240.0
Gd147,Gd147,2.03e-08,Gd147,Gd147,12376757604002.818,157164676981.7252,794242.1459135123,False,5.053566495770963e-06,1.59 天,137160.0,240.0
Gd147,Gd147,2.03e-08,Eu147,Eu-147,50697466123554.08,38025728389996.516,12658207.710093144,False,3.3288534489777605e-07,24.10 天,2082240.0000000002,240.0
Gd147,Gd147,2.03e-08,Sm147,Sm-147,16597099706058.031,16597099706055.059,3.439197419531511e-06,False,2.0721677163129903e-19,106070337534.25 年,3.34503416448e+18,240.0
Gd147,Gd147,2.03e-08,Pm143,Pm-143,366053354.00307035,356602815.70085806,10.795695155607424,False,3.02737238190053e-08,265.00 天,22896000.0,240.0
Gd147,Gd147,2.03e-08,Nd143,Nd-143,,,0.0,True,0.0,稳定,inf,240.0
Gd152,Gd152,1.62e-08,Gd152,Gd152,55195949187129.24,55195949187129.23,1.122572035328062e-08,False,2.0337942400849716e-22,108071664657534.25 年,3.40814801664e+21,240.0
Gd152,Gd152,1.62e-08,Sm148,Sm-148,-56060888611419.69,-56060888611419.69,-1.7591088191443798e-10,False,3.1378539704168136e-24,7004644931506850.00 年,2.2089848256e+23,240.0
Gd152,Gd152,1.62e-08,Nd144,Nd-144,0.0,0.0,0.0,False,9.591693359352705e-24,2291519556164383.50 年,7.22653607232e+22,240.0
Gd152,Gd152,1.62e-08,Ce140,Ce-140,,,0.0,True,0.0,稳定,inf,240.0
Gd153,Gd153,3.65e-08,Gd153,Gd153,97010692894496.73,94253516036489.81,3145392.2714916933,False,3.337161735456075e-08,240.40 天,20770560.0,240.0
Gd153,Gd153,3.65e-08,Eu153,Eu-153,,,0.0,True,0.0,稳定,inf,240.0
Gd154,Gd154,2.15e-07,Gd154,Gd154,579710520000000.0,579710520000000.0,0.0,True,0.0,稳定,inf,240.0
Gd155,Gd155,4.06e-07,Gd155,Gd155,1094709168000000.0,1094709168000000.0,0.0,True,0.0,稳定,inf,240.0
Gd156,Gd156,7.79e-07,Gd156,Gd156,2100439512000000.0,2100439512000000.0,0.0,True,0.0,稳定,inf,240.0
Gd157,Gd157,1.17e-06,Gd157,Gd157,3154703760000000.0,3154703760000000.0,0.0,True,0.0,稳定,inf,240.0
Gd158,Gd158,1.94e-06,Gd158,Gd158,5230876320000000.0,5230876320000000.0,0.0,True,0.0,稳定,inf,240.0
Gd159,Gd159,1.86e-06,Gd159,Gd159,557024063953599.06,68577544544.39595,714539.8026990414,False,1.0419442799332956e-05,18.48 小时,66524.4,240.0
Gd159,Gd159,1.86e-06,Tb159,Tb-159,,,0.0,True,0.0,稳定,inf,240.0
Gd160,Gd160,2.54e-06,Gd160,Gd160,6848673119999999.0,6848673119999999.0,0.0,True,0.0,稳定,inf,240.0
Gd162,Gd162,1.65e-06,Gd162,Gd162,3744104820427.18,0.0,0.0,False,0.0013752920249205263,8.40 分钟,504.0,240.0
Gd162,Gd162,1.65e-06,Tb162,Tb-162,,0.0,0.0,False,0.001520059606491108,7.60 分钟,456.0,240.0
Gd162,Gd162,1.65e-06,Dy162,Dy-162,,,0.0,True,0.0,稳定,inf,240.0
Tb146,Tb146,9.34e-08,Tb146,Tb146,9671820557.048662,0.0,0.0,False,0.030136833937388925,23.00 秒,23.0,240.0
Tb146,Tb146,9.34e-08,Gd146,Gd-146,234591986994202.3,203212017522938.8,33774101.744892545,False,1.6620130126447902e-07,48.27 天,4170528.0000000005,240.0
Tb146,Tb146,9.34e-08,Eu146,Eu-146,82750938165309.56,18398374011226.168,32017707.7628364,False,1.7402465969710203e-06,4.61 天,398304.0,240.0
Tb146,Tb146,9.34e-08,Sm146,Sm-146,130151448934901.06,130151448910920.67,0.027755084320819755,False,2.1325221158172522e-16,103068346.85 年,3250363386240000.0,240.0
Tb147,Tb147,2.84e-08,Tb147,Tb147,754915264572.3651,6.679256316434851e-33,7.841645806189063e-37,False,0.0001174029777371181,1.64 小时,5904.0,240.0
Tb147,Tb147,2.84e-08,Gd147,Gd-147,18094121363631.117,229765891065.3228,1161137.2089586763,False,5.053566495770963e-06,1.59 天,137160.0,240.0
Tb147,Tb147,2.84e-08,Eu147,Eu-147,70915962104051.88,53190648757711.89,17706387.457047388,False,3.3288534489777605e-07,24.10 天,2082240.0000000002,240.0
Tb147,Tb147,2.84e-08,Sm147,Sm-147,23219587766110.742,23219587766106.586,4.811488015502213e-06,False,2.0721677163129903e-19,106070337534.25 年,3.34503416448e+18,240.0
Tb147,Tb147,2.84e-08,Pm143,Pm-143,512114051.90577334,498892609.15785074,15.103337064987727,False,3.02737238190053e-08,265.00 天,22896000.0,240.0
Tb148,Tb148,8.12e-09,Tb148,Tb148,131610957324.10692,7.448916204901744e-62,1.4342209071263698e-65,False,0.0001925408834888737,1.00 小时,3600.0,240.0
Tb148,Tb148,8.12e-09,Gd148,Gd-148,21891432206006.816,21885863880442.836,6444.00152966148,False,2.9443669963696646e-10,74.65 年,2354146685.568,240.0
Tb148,Tb148,8.12e-09,Sm144,Sm-144,,,0.0,True,0.0,稳定,inf,240.0
Tb156,Tb156,2.84e-08,Tb156,Tb156,42925534470520.04,11750134076796.047,17619791.248123307,False,1.499539591034842e-06,5.35 天,462239.99999999994,240.0
Tb156,Tb156,2.84e-08,Gd156,Gd-156,,,0.0,True,0.0,稳定,inf,240.0
Tb157,Tb157,1.06e-07,Tb157,Tb157,285772573919422.7,285696199368734.94,88384.65738951054,False,3.0936588440729144e-10,71.05 年,2240541751.6800003,240.0
Tb157,Tb157,1.06e-07,Gd157,Gd-157,,,0.0,True,0.0,稳定,inf,240.0
Tb158,Tb158,2.31e-07,Tb158,Tb158,622818934933216.9,622753273415127.6,75993.1212279449,False,1.220276544050983e-10,180.12 年,5680246694.400001,240.0
Tb158,Tb158,2.31e-07,Gd158,Gd-158,,,0.0,True,0.0,稳定,inf,240.0
Tb158,Tb158,2.31e-07,Dy158,Dy-158,,,0.0,True,0.0,稳定,inf,240.0
Tb159,Tb159,4.71e-07,Tb159,Tb159,1269970488000000.0,1269970488000000.0,0.0,True,0.0,稳定,inf,240.0
Tb160,Tb160,5.32e-07,Tb160,Tb160,1367831319672396.5,1242785868695425.0,137901734.17825294,False,1.1096178163259204e-07,72.30 天,6246720.0,240.0
Tb160,Tb160,5.32e-07,Dy160,Dy-160,,,0.0,True,0.0,稳定,inf,240.0
Tb161,Tb161,8.85e-07,Tb161,Tb161,1506074787211529.5,552014165380724.06,641261795.9068071,False,1.161676341157892e-06,6.91 天,596678.4,240.0
Tb161,Tb161,8.85e-07,Dy161,Dy-161,,,0.0,True,0.0,稳定,inf,240.0
Tb162,Tb162,8.28e-07,Tb162,Tb162,1699920837949.795,0.0,0.0,False,0.001520059606491108,7.60 分钟,456.0,240.0
Tb162,Tb162,8.28e-07,Dy162,Dy-162,,,0.0,True,0.0,稳定,inf,240.0
Tb163,Tb163,1e-06,Tb163,Tb163,5267679942159.453,2.645730834393654e-210,1.5674195456243354e-213,False,0.0005924334876580728,19.50 分钟,1170.0,240.0
Tb163,Tb163,1e-06,Dy163,Dy-163,,,0.0,True,0.0,稳定,inf,240.0
Tb164,Tb164,5.93e-07,Tb164,Tb164,480574493184.7008,0.0,0.0,False,0.003850817669777474,3.00 分钟,180.0,240.0
Tb164,Tb164,5.93e-07,Dy164,Dy-164,,,0.0,True,0.0,稳定,inf,240.0
Tb165,Tb165,4.75e-07,Tb165,Tb165,270745242155.3493,0.0,0.0,False,0.005475096212953754,2.11 分钟,126.6,240.0
Tb165,Tb165,4.75e-07,Dy165m,Dy-165m,,0.0,0.0,False,0.009190495631927146,1.26 分钟,75.41999999999999,240.0
Tb165,Tb165,4.75e-07,Dy165,Dy-165,15811146115905.764,1.7567993122916435e-18,1.4492531778118199e-22,False,8.24939517947188e-05,2.33 小时,8402.4,240.0
Tb165,Tb165,4.75e-07,Ho165,Ho-165,,,0.0,True,0.0,稳定,inf,240.0
Dy148,Dy148,1.62e-08,Dy148,Dy148,14441547164.504837,0.0,0.0,False,0.00350074333616134,3.30 分钟,198.0,240.0
Dy148,Dy148,1.62e-08,Tb148,Tb-148,277855645300.71844,1.5726072213022687e-61,3.0279118377052154e-65,False,0.0001925408834888737,1.00 小时,3600.0,240.0
Dy148,Dy148,1.62e-08,Gd148,Gd-148,43675024844496.35,43663915623543.586,12856.25920942315,False,2.9443669963696646e-10,74.65 年,2354146685.568,240.0
Dy148,Dy148,1.62e-08,Sm144,Sm-144,,,0.0,True,0.0,稳定,inf,240.0
Dy149,Dy149,4.06e-09,Dy149,Dy149,4606383506.343742,0.0,0.0,False,0.0027505840498410527,4.20 分钟,252.0,240.0
Dy149,Dy149,4.06e-09,Tb149,Tb-149,156256970130.90915,4.4626710202378104e-07,2.0865629454997118e-11,False,4.675592119690959e-05,4.12 小时,14824.800000000001,240.0
Dy149,Dy149,4.06e-09,Tb149m,Tb-149m,,0.0,0.0,False,0.0027770319733972162,4.16 分钟,249.60000000000002,240.0
Dy149,Dy149,4.06e-09,Gd149,Gd-149,3711773216542.256,1758715788791.8235,1520405.40490216,False,8.644975012970263e-07,9.28 天,801792.0,240.0
Dy149,Dy149,4.06e-09,Eu145,Eu-145,629275699883.4705,195524797854.7016,264520.217277457,False,1.3528729868526819e-06,5.93 天,512352.0,240.0
Dy149,Dy149,4.06e-09,Eu149,Eu-149,3434542398711.1943,3188121272291.499,274724.17044248,False,8.617117950629866e-08,93.10 天,8043839.999999999,240.0
Dy149,Dy149,4.06e-09,Sm145,Sm-145,723050890825.6322,708459522558.2258,16716.595881062065,False,2.3595696505989422e-08,340.00 天,29376000.0,240.0
Dy150,Dy150,4.06e-09,Dy150,Dy150,7863754700.115387,0.0,0.0,False,0.0016112207823336712,7.17 分钟,430.2,240.0
Dy150,Dy150,4.06e-09,Tb150,Tb-150,151773732487.70023,2.6333419551032875e-10,1.4569712257583476e-14,False,5.532784008300968e-05,3.48 小时,12528.0,240.0
Dy150,Dy150,4.06e-09,Gd146,Gd-146,3671446783319.193,3180339267448.363,528576.5247124379,False,1.6620130126447902e-07,48.27 天,4170528.0000000005,240.0
Dy150,Dy150,4.06e-09,Gd150,Gd-150,7006138698548.62,7006138624268.908,0.08597188787495504,False,1.227093731447916e-14,1791187.78 年,56486897683200.0,240.0
Dy150,Dy150,4.06e-09,Eu146,Eu-146,1121870043359.1372,249430219249.9464,434070.0902314547,False,1.7402465969710203e-06,4.61 天,398304.0,240.0
Dy150,Dy150,4.06e-09,Sm146,Sm-146,21057094.58626719,21057094.58238742,4.490471989179682e-09,False,2.1325221158172522e-16,103068346.85 年,3250363386240000.0,240.0
Dy158,Dy158,4.06e-09,Dy158,Dy158,10947091679999.998,10947091679999.998,0.0,True,0.0,稳定,inf,240.0
Dy159,Dy159,2.03e-08,Dy159,Dy159,53442526100159.87,50937781412035.69,2829987.7181545706,False,5.555773415537676e-08,144.40 天,12476160.0,240.0
Dy159,Dy159,2.03e-08,Tb159,Tb-159,,,0.0,True,0.0,稳定,inf,240.0
Dy160,Dy160,8.93e-08,Dy160,Dy160,240782090400000.0,240782090400000.0,0.0,True,0.0,稳定,inf,240.0
Dy161,Dy161,1.5e-07,Dy161,Dy161,404449200000000.0,404449200000000.0,0.0,True,0.0,稳定,inf,240.0
Dy162,Dy162,2.48e-07,Dy162,Dy162,668689344000000.0,668689344000000.0,0.0,True,0.0,稳定,inf,240.0
Dy163,Dy163,2.52e-07,Dy163,Dy163,679474655999999.9,679474655999999.9,0.0,True,0.0,稳定,inf,240.0
Dy164,Dy164,4.26e-07,Dy164,Dy164,1148635728000000.0,1148635728000000.0,0.0,True,0.0,稳定,inf,240.0
Dy165,Dy165,3.33e-07,Dy165,Dy165,12597405353861.703,1.3997159282501194e-18,1.1546809831136544e-22,False,8.24939517947188e-05,2.33 小时,8402.4,240.0
Dy165,Dy165,3.33e-07,Ho165,Ho-165,,,0.0,True,0.0,稳定,inf,240.0
Dy166,Dy166,3.57e-07,Dy166,Dy166,410688741909052.75,53472496120801.86,126172078.98841374,False,2.359569650598942e-06,3.40 天,293760.0,240.0
Dy166,Dy166,3.57e-07,Ho166,Ho-166,1.2904343762982438e+16,25998298026614.688,186781166.83774006,False,7.184361324211705e-06,1.12 天,96480.0,240.0
Dy166,Dy166,3.57e-07,Er166,Er-166,,,0.0,True,0.0,稳定,inf,240.0
Dy167,Dy167,2.07e-07,Dy167,Dy167,346694381423.9713,0.0,0.0,False,0.0018632988724729713,6.20 分钟,372.0,240.0
Dy167,Dy167,2.07e-07,Ho167,Ho-167,10759480802812.902,5.3240639530780805e-11,3.3067741202481255e-15,False,6.21099624157657e-05,3.10 小时,11160.0,240.0
Dy167,Dy167,2.07e-07,Er167,Er-167,,,0.0,True,0.0,稳定,inf,240.0
Dy168,Dy168,2.27e-07,Dy168,Dy168,533494416295.9334,0.0,0.0,False,0.0013278681619922324,8.70 分钟,522.0,240.0
Dy168,Dy168,2.27e-07,Ho168,Ho-168,,0.0,0.0,False,0.0038636966586396058,2.99 分钟,179.4,240.0
Dy168,Dy168,2.27e-07,Er168,Er-168,,,0.0,True,0.0,稳定,inf,240.0
Ho150,Ho150,8.12e-09,Ho150,Ho150,2807700422.914281,0.0,0.0,False,0.009025353913540955,1.28 分钟,76.8,240.0
Ho150,Ho150,8.12e-09,Dy150,Dy-150,,0.0,0.0,False,0.0016112207823336712,7.17 分钟,430.2,240.0
Ho150,Ho150,8.12e-09,Tb150,Tb-150,303547464975.40045,5.266683910206575e-10,2.913942451516695e-14,False,5.532784008300968e-05,3.48 小时,12528.0,240.0
Ho150,Ho150,8.12e-09,Gd146,Gd-146,7342893566638.386,6360678534896.726,1057153.0494248758,False,1.6620130126447902e-07,48.27 天,4170528.0000000005,240.0
Ho150,Ho150,8.12e-09,Gd150,Gd-150,14012277397097.24,14012277248537.816,0.17194377574991007,False,1.227093731447916e-14,1791187.78 年,56486897683200.0,240.0
Ho150,Ho150,8.12e-09,Eu146,Eu-146,2243740086718.2744,498860438499.8928,868140.1804629094,False,1.7402465969710203e-06,4.61 天,398304.0,240.0
Ho161,Ho161,4.06e-09,Ho161,Ho161,163197587081.89258,1.2044219703474361e-18,9.350825413875217e-23,False,7.763745301970713e-05,2.48 小时,8928.0,240.0
Ho161,Ho161,4.06e-09,Dy161,Dy-161,,,0.0,True,0.0,稳定,inf,240.0
Ho162,Ho162,8.12e-09,Ho162,Ho162,32902739331.02673,3.3762626111932673e-279,2.6002743441984133e-282,False,0.0007701635339554948,15.00 分钟,900.0,240.0
Ho162,Ho162,8.12e-09,Dy162,Dy-162,,,0.0,True,0.0,稳定,inf,240.0
Ho163,Ho163,5.68e-08,Ho163,Ho163,153151112405005.75,153150476418992.25,736.0933946428731,False,4.806340873723785e-12,4573.03 年,144215152185.6,240.0
Ho163,Ho163,5.68e-08,Dy163,Dy-163,,,0.0,True,0.0,稳定,inf,240.0
Ho164,Ho164,5.28e-08,Ho164,Ho164,413634437304.33606,1.3792828136264538e-138,5.4945172037929014e-142,False,0.0003983604485976697,29.00 分钟,1740.0,240.0
Ho164,Ho164,5.28e-08,Dy164,Dy-164,,,0.0,True,0.0,稳定,inf,240.0
Ho164,Ho164,5.28e-08,Er164,Er-164,,,0.0,True,0.0,稳定,inf,240.0
Ho165,Ho165,1.38e-07,Ho165,Ho165,372093264000000.0,372093264000000.0,0.0,True,0.0,稳定,inf,240.0
Ho166,Ho166,1.62e-07,Ho166,Ho166,70227947307044.67,141487791818.09097,1016499.4193860102,False,7.184361324211705e-06,1.12 天,96480.0,240.0
Ho166,Ho166,1.62e-07,Er166,Er-166,,,0.0,True,0.0,稳定,inf,240.0
Ho167,Ho167,1.87e-07,Ho167,Ho167,9395920192214.875,4.649339584145319e-11,2.887703068293975e-15,False,6.21099624157657e-05,3.10 小时,11160.0,240.0
Ho167,Ho167,1.87e-07,Er167,Er-167,,,0.0,True,0.0,稳定,inf,240.0
Ho168,Ho168,1.5e-07,Ho168,Ho168,121156638669.6674,0.0,0.0,False,0.0038636966586396058,2.99 分钟,179.4,240.0
Ho168,Ho168,1.5e-07,Er168,Er-168,,,0.0,True,0.0,稳定,inf,240.0
Ho170,Ho170,8.93e-08,Ho170,Ho170,66580232819.700294,0.0,0.0,False,0.004185671380192907,2.76 分钟,165.6,240.0
Ho170,Ho170,8.93e-08,Er170,Er-170,,,0.0,True,0.0,稳定,inf,240.0
Er162,Er162,4.06e-09,Er162,Er162,10947091679999.998,10947091679999.998,0.0,True,0.0,稳定,inf,240.0
Er163,Er163,4.06e-09,Er163,Er163,82256848327.56682,1.310427197058972e-47,2.0184864821566626e-51,False,0.00015403270679109895,1.25 小时,4500.0,240.0
Er163,Er163,4.06e-09,Ho163,Ho-163,10947069291661.664,10947023832096.605,52.61512808983429,False,4.806340873723785e-12,4573.03 年,144215152185.6,240.0
Er163,Er163,4.06e-09,Dy163,Dy-163,,,0.0,True,0.0,稳定,inf,240.0
Er164,Er164,4.06e-09,Er164,Er164,10947091679999.998,10947091679999.998,0.0,True,0.0,稳定,inf,240.0
Er165,Er165,1.22e-08,Er165,Er165,2048592407718.249,217664.55116441133,4.045301639517848,False,1.8585027363790896e-05,10.36 小时,37296.0,240.0
Er165,Er165,1.22e-08,Ho165,Ho-165,,,0.0,True,0.0,稳定,inf,240.0
Er166,Er166,3.65e-08,Er166,Er166,98415972000000.02,98415972000000.02,0.0,True,0.0,稳定,inf,240.0
Er167,Er167,4.87e-08,Er167,Er167,131311173600000.0,131311173600000.0,0.0,True,0.0,稳定,inf,240.0
Er168,Er168,8.12e-08,Er168,Er168,218941833600000.0,218941833600000.0,0.0,True,0.0,稳定,inf,240.0
Er169,Er169,8.93e-08,Er169,Er169,170332308143200.16,81480250454680.22,69540245.60921468,False,8.534613629825961e-07,9.40 天,812160.0,240.0
Er169,Er169,8.93e-08,Tm169,Tm-169,,,0.0,True,0.0,稳定,inf,240.0
Er170,Er170,9.74e-08,Er170,Er170,262622347200000.0,262622347200000.0,0.0,True,0.0,稳定,inf,240.0
Er171,Er171,6.09e-08,Er171,Er171,7418909662549.039,1810.8679762243141,0.046389850987751224,False,2.561746720181928e-05,7.52 小时,27057.6,240.0
Er171,Er171,6.09e-08,Tm171,Tm-171,163470516438861.78,161862693763044.34,1851724.2052120348,False,1.1440092600477966e-08,1.92 年,60589298.0736,240.0
Er171,Er171,6.09e-08,Yb171,Yb-171,,,0.0,True,0.0,稳定,inf,240.0
Er172,Er172,7.31e-08,Er172,Er172,56411717529605.125,1931563087915.8264,7543709.198008322,False,3.905494594094801e-06,2.05 天,177480.0,240.0
Er172,Er172,7.31e-08,Tm172,Tm-172,193150631269924.6,14123225197923.611,42756261.90755558,False,3.0273723819005295e-06,2.65 天,228960.0,240.0
Er172,Er172,7.31e-08,Yb172,Yb-172,,,0.0,True,0.0,稳定,inf,240.0
Er173,Er173,2.44e-08,Er173,Er173,9452000723.291403,0.0,0.0,False,0.008056103911668356,1.43 分钟,86.03999999999999,240.0
Er173,Er173,2.44e-08,Tm173,Tm-173,3268244593210.9214,5577.641541453416,0.13033058618636942,False,2.3366612073892437e-05,8.24 小时,29664.0,240.0
Er173,Er173,2.44e-08,Yb173,Yb-173,,,0.0,True,0.0,稳定,inf,240.0
Tm168,Tm168,1.62e-08,Tm168,Tm168,42094079076366.16,39073918258002.03,3367045.6242247336,False,8.617117950629866e-08,93.10 天,8043839.999999999,240.0
Tm168,Tm168,1.62e-08,Er168,Er-168,,,0.0,True,0.0,稳定,inf,240.0
Tm168,Tm168,1.62e-08,Yb168,Yb-168,,,0.0,True,0.0,稳定,inf,240.0
Tm169,Tm169,3.25e-08,Tm169,Tm169,87630660000000.0,87630660000000.0,0.0,True,0.0,稳定,inf,240.0
Tm170,Tm170,2.84e-08,Tm170,Tm170,74548603063378.84,70636840821777.25,4406583.637470169,False,6.238364550572631e-08,128.60 天,11111040.0,240.0
Tm170,Tm170,2.84e-08,Yb170,Yb-170,,,0.0,True,0.0,稳定,inf,240.0
Tm170,Tm170,2.84e-08,Er170,Er-170,,,0.0,True,0.0,稳定,inf,240.0
Tm171,Tm171,3.25e-08,Tm171,Tm171,87199002136288.36,86341351863948.2,987753.0605740183,False,1.1440092600477966e-08,1.92 年,60589298.0736,240.0
Tm171,Tm171,3.25e-08,Yb171,Yb-171,,,0.0,True,0.0,稳定,inf,240.0
Tm172,Tm172,4.87e-08,Tm172,Tm172,46531331822210.27,3402383278602.895,10300281.17028258,False,3.0273723819005295e-06,2.65 天,228960.0,240.0
Tm172,Tm172,4.87e-08,Yb172,Yb-172,,,0.0,True,0.0,稳定,inf,240.0
Tm173,Tm173,4.87e-08,Tm173,Tm173,6504174600066.888,11100.134462873102,0.25937253596200016,False,2.3366612073892437e-05,8.24 小时,29664.0,240.0
Tm173,Tm173,4.87e-08,Yb173,Yb-173,,,0.0,True,0.0,稳定,inf,240.0
Tm174,Tm174,6.09e-08,Tm174,Tm174,88837396193.77217,0.0,0.0,False,0.0021393431498763745,5.40 分钟,324.0,240.0
Tm174,Tm174,6.09e-08,Yb174,Yb-174,,,0.0,True,0.0,稳定,inf,240.0
Tm175,Tm175,3.65e-08,Tm175,Tm175,149872247790.25974,9.759094856011742e-275,7.417202943269303e-278,False,0.000760029803245554,15.20 分钟,912.0,240.0
Tm175,Tm175,3.65e-08,Yb175,Yb-175,48201573379943.42,9199287163646.799,17634795.678578354,False,1.9169741486347443e-06,4.18 天,361583.99999999994,240.0
Tm175,Tm175,3.65e-08,Lu175,Lu-175,,,0.0,True,0.0,稳定,inf,240.0
Tm176,Tm176,8.12e-09,Tm176,Tm176,4058004517.4932966,0.0,0.0,False,0.006244569194233741,1.85 分钟,111.0,240.0
Tm176,Tm176,8.12e-09,Yb176,Yb-176,,,0.0,True,0.0,稳定,inf,240.0
Yb172,Yb172,4.06e-09,Yb172,Yb172,10947091679999.998,10947091679999.998,0.0,True,0.0,稳定,inf,240.0
Yb173,Yb173,1.22e-08,Yb173,Yb173,32895201600000.0,32895201600000.0,0.0,True,0.0,稳定,inf,240.0
Yb174,Yb174,1.62e-08,Yb174,Yb174,43680513600000.0,43680513600000.0,0.0,True,0.0,稳定,inf,240.0
Yb175,Yb175,1.62e-08,Yb175,Yb175,21339615400023.266,4072673073951.5127,7807208.998605848,False,1.9169741486347443e-06,4.18 天,361583.99999999994,240.0
Yb175,Yb175,1.62e-08,Lu175,Lu-175,,,0.0,True,0.0,稳定,inf,240.0
Yb176,Yb176,1.62e-08,Yb176,Yb176,43680513600000.0,43680513600000.0,0.0,True,0.0,稳定,inf,240.0
Yb177,Yb177,8.12e-09,Yb177,Yb177,251508539446.36832,3.9317673929390105e-27,3.961412702821678e-31,False,0.00010075399449967226,1.91 小时,6879.6,240.0
Yb177,Yb177,8.12e-09,Lu177,Lu-177,13760190333737.15,4850019098362.013,5853686.889677878,False,1.2069409977488195e-06,6.65 天,574300.8,240.0
Yb177,Yb177,8.12e-09,Hf177,Hf-177,,,0.0,True,0.0,稳定,inf,240.0
Yb178,Yb178,8.12e-09,Yb178,Yb178,162320180699.73184,4.28117075878512e-48,6.683516758890964e-52,False,0.00015611422985584354,1.23 小时,4440.0,240.0
Yb178,Yb178,8.12e-09,Lu178,Lu-178,1.150385573457136e+105,2.666343191874943e-48,1.0846057898200246e-51,False,0.0004067765144131134,28.40 分钟,1704.0,240.0
Yb178,Yb178,8.12e-09,Hf178,Hf-178,,,0.0,True,0.0,稳定,inf,240.0
Yb179,Yb179,1.22e-08,Yb179,Yb179,26365413454.09039,0.0,0.0,False,0.0014440566261665526,8.00 分钟,480.0,240.0
Yb179,Yb179,1.22e-08,Lu179,Lu-179,934783564833.4131,0.0001700515425796657,7.133305936151341e-09,False,4.1947904899536755e-05,4.59 小时,16524.0,240.0
Yb179,Yb179,1.22e-08,Hf179,Hf-179,,,0.0,True,0.0,稳定,inf,240.0
Lu176,Lu176,4.06e-09,Lu176,Lu176,10947329089344.521,10947329089339.125,6.2456581906258645e-06,False,5.705189037121479e-19,38525547123.29 年,1.21494165408e+18,240.0
Lu176,Lu176,4.06e-09,Hf176,Hf-176,,,0.0,True,0.0,稳定,inf,240.0
Lu178,Lu178,4.06e-09,Lu178,Lu178,31147926566.705303,7.21941093998341e-143,2.93668681828235e-146,False,0.0004067765144131134,28.40 分钟,1704.0,240.0
Lu178,Lu178,4.06e-09,Hf178,Hf-178,,,0.0,True,0.0,稳定,inf,240.0
Lu179,Lu179,1.22e-08,Lu179,Lu179,907629358157.0613,0.00016511177373203562,6.926092982305261e-09,False,4.1947904899536755e-05,4.59 小时,16524.0,240.0
Lu179,Lu179,1.22e-08,Hf179,Hf-179,,,0.0,True,0.0,稳定,inf,240.0
Lu180,Lu180,4.06e-09,Lu180,Lu180,6251520472.895078,0.0,0.0,False,0.002026746141988144,5.70 分钟,342.0,240.0
Lu180,Lu180,4.06e-09,Hf180,Hf-180,,,0.0,True,0.0,稳定,inf,240.0
Lu181,Lu181,8.12e-09,Lu181,Lu181,7677305843.906236,0.0,0.0,False,0.0033007008598092634,3.50 分钟,210.0,240.0
Lu181,Lu181,8.12e-09,Hf181,Hf-181,20199014720701.586,17152040620278.564,3246116.472699422,False,1.8925540957858937e-07,42.39 天,3662496.0,240.0
Lu181,Lu181,8.12e-09,Ta181,Ta-181,,,0.0,True,0.0,稳定,inf,240.0
Hf180,Hf180,8.12e-09,Hf180,Hf180,21894183359999.996,21894183359999.996,0.0,True,0.0,稳定,inf,240.0
Hf183,Hf183,4.06e-09,Hf183,Hf183,70214445732.41103,1.3672156052174974e-57,2.467149958278839e-61,False,0.00018045068743099691,1.07 小时,3841.2,240.0
Hf183,Hf183,4.06e-09,Ta183,Ta-183,6038092768466.683,1551118178809.5654,2439980.919474236,False,1.5730464337326284e-06,5.10 天,440639.99999999994,240.0
Hf183,Hf183,4.06e-09,W183,W-183,,,0.0,True,0.0,稳定,inf,240.0
Ta183,Ta183,4.06e-09,Ta183,Ta183,5985456780035.687,1537596584881.5442,2418710.8243673816,False,1.5730464337326284e-06,5.10 天,440639.99999999994,240.0
Ta183,Ta183,4.06e-09,W183,W-183,,,0.0,True,0.0,稳定,inf,240.0
Ta184,Ta184,4.06e-09,Ta184,Ta184,572507661518.6405,2841.2245623903227,0.06287952729114038,False,2.2131136033203875e-05,8.70 小时,31319.999999999996,240.0
Ta184,Ta184,4.06e-09,W184,W-184,,,0.0,True,0.0,稳定,inf,240.0
Ta185,Ta185,4.06e-09,Ta185,Ta185,54179844098.42401,9.642805067301093e-78,2.255021304011102e-81,False,0.0002338553240755551,49.40 分钟,2964.0,240.0
Ta185,Ta185,4.06e-09,W185,W-185,10461871491092.31,9539497389019.7,1019054.180715522,False,1.0682472452778169e-07,75.10 天,6488639.999999999,240.0
Ta185,Ta185,4.06e-09,Re185,Re-185,,,0.0,True,0.0,稳定,inf,240.0
Ta186,Ta186,4.06e-09,Ta186,Ta186,11515958765.859354,0.0,0.0,False,0.0011002336199364211,10.50 分钟,630.0,240.0
Ta186,Ta186,4.06e-09,W186,W-186,,,0.0,True,0.0,稳定,inf,240.0
W187,W187,4.06e-09,W187,W187,1559501388216.143,1403301763.3817964,11390.934288491797,False,8.11723792111609e-06,23.72 小时,85392.0,240.0
W187,W187,4.06e-09,Re187,Re-187,10945848937254.8,10945848937249.758,5.8355662337699685e-06,False,5.33130528954313e-19,41227338739.73 年,1.300145354496e+18,240.0
W187,W187,4.06e-09,Os187,Os-187,,,0.0,True,0.0,稳定,inf,240.0
At216,At216,4.06e-09,At216,At216,5483.789888504453,0.0,0.0,False,2310.4906018664847,3.00e-04 秒,0.0003,240.0
At216,At216,4.06e-09,Bi212,Bi-212,66408701033.579285,1.703242119459598e-61,3.2496489758171373e-65,False,0.0001907919572144083,1.01 小时,3633.0,240.0
At216,At216,4.06e-09,Po212,Po-212,inf,8.979849895494565e-72,2.081724962178454e-65,False,2318217.9951837636,2.99e-07 秒,2.99e-07,240.0
At216,At216,4.06e-09,Tl208,Tl-208,inf,3.250394273468062e-63,1.2299386539811e-65,False,0.0037839675759359388,3.05 分钟,183.18,240.0
At216,At216,4.06e-09,Pb208,Pb-208,,,0.0,True,0.0,稳定,inf,240.0
Rn215,Rn215,1.62e-08,Rn215,Rn215,167.7553458503087,0.0,0.0,False,301368.3393738893,2.30e-06 秒,2.2999999999999996e-06,240.0
Rn215,Rn215,1.62e-08,Po211,Po-211,,0.0,0.0,False,1.3433084894572582,5.16e-01 秒,0.516,240.0
Rn215,Rn215,1.62e-08,Pb207,Pb-207,,,0.0,True,0.0,稳定,inf,240.0
Rn216,Rn216,3.65e-08,Rn216,Rn216,7395.012226493079,0.0,0.0,False,15403.270679109894,4.50e-05 秒,4.5e-05,240.0
Rn216,Rn216,3.65e-08,Po212,Po-212,,0.0,0.0,False,2318217.9951837636,2.99e-07 秒,2.99e-07,240.0
Rn216,Rn216,3.65e-08,Pb208,Pb-208,,,0.0,True,0.0,稳定,inf,240.0
Rn217,Rn217,5.28e-08,Rn217,Rn217,128369.30812893188,0.0,0.0,False,1283.6058899258246,5.40e-04 秒,0.00054,240.0
Rn217,Rn217,5.28e-08,Po213,Po-213,,0.0,0.0,False,165035.04299046317,4.20e-06 秒,4.2e-06,240.0
Rn217,Rn217,5.28e-08,Pb209,Pb-209,2783902396621.1973,1.718888172570279e-10,1.0173877877813005e-14,False,5.918871303070202e-05,3.25 小时,11710.800000000001,240.0
Rn217,Rn217,5.28e-08,Bi209,Bi-209,,,0.0,True,0.0,稳定,inf,240.0
Rn218,Rn218,1.66e-07,Rn218,Rn218,26158308.088843096,0.0,0.0,False,19.804205158855577,3.50e-02 秒,0.035,240.0
Rn218,Rn218,1.66e-07,Po214,Po-214,,0.0,0.0,False,4218.789899938803,1.64e-04 秒,0.0001643,240.0
Rn218,Rn218,1.66e-07,Pb210,Pb-210,447399190441957.5,447016893244174.44,442284.5105030338,False,9.894134140953916e-10,22.21 年,700563758.9760001,240.0
Rn218,Rn218,1.66e-07,Bi210,Bi-210,952174614097.6523,238900964914.70355,382324.3138757683,False,1.6003464616071022e-06,5.01 天,433123.2,240.0
Rn218,Rn218,1.66e-07,Hg206,Hg-206,inf,5.928420932107956,0.008403411562910414,False,0.0014174788968506038,8.15 分钟,489.0,240.0
Rn219,Rn219,1.01e-07,Rn219,Rn219,1800736127.9197388,0.0,0.0,False,0.175037166808067,3.96 秒,3.96,240.0
Rn219,Rn219,1.01e-07,Po215,Po-215,,0.0,0.0,False,389.1898824031136,1.78e-03 秒,0.001781,240.0
Rn219,Rn219,1.01e-07,Pb211,Pb-211,984948904087.8373,8.221795633314383e-109,2.6310777757949832e-112,False,0.0003200125487349701,36.10 分钟,2166.0,240.0
Rn219,Rn219,1.01e-07,Bi211,Bi-211,inf,5.180985921096895e-110,2.796873663340408e-112,False,0.005398342527725431,2.14 分钟,128.4,240.0
Rn220,Rn220,9.34e-08,Rn220,Rn220,23380574911.821987,0.0,0.0,False,0.012466675909351533,55.60 秒,55.6,240.0
Rn220,Rn220,9.34e-08,Po216,Po-216,,0.0,0.0,False,4.780325383172037,1.45e-01 秒,0.145,240.0
Rn220,Rn220,9.34e-08,Pb212,Pb-212,16107424216258.148,2611414.5442229826,47.256021005675514,False,1.8095947696322715e-05,10.64 小时,38304.0,240.0
Rn220,Rn220,9.34e-08,Bi212,Bi-212,1.0668952992582521e+77,273635.9818017307,52.20754453223841,False,0.0001907919572144083,1.01 小时,3633.0,240.0
Rn222,Rn222,1.62e-08,Rn222,Rn222,20162851463837.508,3290308921711.651,6903785.653825951,False,2.0982180755947176e-06,3.82 天,330350.4,240.0
Rn222,Rn222,1.62e-08,Po218,Po-218,inf,1853614318.9222307,6907674.940895095,False,0.0037265977449459425,3.10 分钟,186.0,240.0
Rn222,Rn222,1.62e-08,Pb214,Pb-214,130092817023.48918,2.326981664222918e-151,1.0030726242355752e-154,False,0.00043106167945270227,26.80 分钟,1608.0,240.0
Rn222,Rn222,1.62e-08,At218,At-218,,0.0,0.0,False,0.46209812037329684,1.50 秒,1.5,240.0
Rn222,Rn222,1.62e-08,Bi214,Bi-214,4.096773651315441e+67,6.049108000040878e-151,3.5116600964245765e-154,False,0.0005805252768508755,19.90 分钟,1194.0,240.0
Rn222,Rn222,1.62e-08,Rn218,Rn-218,,0.0,0.0,False,19.804205158855577,3.50e-02 秒,0.035,240.0
Rn223,Rn223,4.06e-09,Rn223,Rn223,26651218858.13165,1.0903639820799028e-168,5.183694924299036e-172,False,0.00047540958886141654,24.30 分钟,1458.0,240.0
Rn223,Rn223,4.06e-09,Fr223,Fr-223,1.137841279894315e+30,1.0429568524242552e-167,5.476686376542026e-171,False,0.000525111500424201,22.00 分钟,1320.0,240.0
Rn223,Rn223,4.06e-09,Ra223,Ra-223,8219207531399.052,4481894415080.861,3145771.0352271716,False,7.018842355237448e-07,11.43 天,987552.0,240.0
Rn223,Rn223,4.06e-09,At219,At-219,inf,5.879093168168776e-193,7.276922953152541e-195,False,0.012377628224284737,56.00 秒,56.0,240.0
Rn223,Rn223,4.06e-09,Rn219,Rn-219,inf,17919259.334765285,3136536.385256323,False,0.175037166808067,3.96 秒,3.96,240.0
Rn223,Rn223,4.06e-09,Bi215,Bi-215,,0.0,0.0,False,0.001520059606491108,7.60 分钟,456.0,240.0
Fr219,Fr219,2.09e-06,Fr219,Fr219,188195744.9421069,0.0,0.0,False,34.657359027997266,2.00e-02 秒,0.02,240.0
Fr219,Fr219,2.09e-06,At215,At-215,,0.0,0.0,False,6931.471805599453,1.00e-04 秒,0.0001,240.0
Fr219,Fr219,2.09e-06,Bi211,Bi-211,,0.0,0.0,False,0.005398342527725431,2.14 分钟,128.4,240.0
Fr219,Fr219,2.09e-06,Tl207,Tl-207,,0.0,0.0,False,0.002421897905520424,4.77 分钟,286.2,240.0
Fr219,Fr219,2.09e-06,Po211,Po-211,,0.0,0.0,False,1.3433084894572582,5.16e-01 秒,0.516,240.0
Fr220,Fr220,2.03e-06,Fr220,Fr220,250426404908.37012,0.0,0.0,False,0.025297342356202384,27.40 秒,27.4,240.0
Fr220,Fr220,2.03e-06,At216,At-216,,0.0,0.0,False,2310.4906018664847,3.00e-04 秒,0.0003,240.0
Fr220,Fr220,2.03e-06,Ra220,Ra-220,,0.0,0.0,False,38.72330617653326,1.79e-02 秒,0.0179,240.0
Fr220,Fr220,2.03e-06,Bi212,Bi-212,33088135289980.875,8.486403860207447e-59,1.6191376022008887e-62,False,0.0001907919572144083,1.01 小时,3633.0,240.0
Fr220,Fr220,2.03e-06,Rn216,Rn-216,,0.0,0.0,False,15403.270679109894,4.50e-05 秒,4.5e-05,240.0
Fr220,Fr220,2.03e-06,Po212,Po-212,inf,4.4742102104301677e-69,1.0372194624054148e-62,False,2318217.9951837636,2.99e-07 秒,2.99e-07,240.0
Fr220,Fr220,2.03e-06,Tl208,Tl-208,inf,1.6195089467554625e-60,6.128169343460833e-63,False,0.0037839675759359388,3.05 分钟,183.18,240.0
Fr221,Fr221,2.59e-06,Fr221,Fr221,3428314161330.544,0.0,0.0,False,0.002357643471292331,4.90 分钟,294.0,240.0
Fr221,Fr221,2.59e-06,At217,At-217,,0.0,0.0,False,21.459665032815643,3.23e-02 秒,0.0323,240.0
Fr221,Fr221,2.59e-06,Bi213,Bi-213,31893863748991.277,2.6348246352585339e-82,6.67661500036316e-86,False,0.00025339883766905944,45.59 分钟,2735.4,240.0
Fr221,Fr221,2.59e-06,Po213,Po-213,inf,3.960974861899669e-91,6.536996566177557e-86,False,165035.04299046317,4.20e-06 秒,4.2e-06,240.0
Fr221,Fr221,2.59e-06,Tl209,Tl-209,inf,2.740108820855583e-85,1.4648300968714202e-87,False,0.005345882928890524,2.16 分钟,129.66,240.0
Fr222,Fr222,2.12e-06,Fr222,Fr222,8132217280962.47,4.368720052259097e-293,3.5541854306092605e-296,False,0.0008135530288262268,14.20 分钟,852.0,240.0
Fr222,Fr222,2.12e-06,Ra222,Ra-222,inf,2.039451621447736e-294,3.7201056349865973e-296,False,0.018240715277893296,38.00 秒,38.0,240.0
Fr222,Fr222,2.12e-06,Rn218,Rn-218,,0.0,0.0,False,19.804205158855577,3.50e-02 秒,0.035,240.0
Fr222,Fr222,2.12e-06,Po214,Po-214,,0.0,0.0,False,4218.789899938803,1.64e-04 秒,0.0001643,240.0
Fr223,Fr223,1.77e-06,Fr223,Fr223,10519151638343.03,9.641961033368998e-185,5.063104625264074e-188,False,0.000525111500424201,22.00 分钟,1320.0,240.0
Fr223,Fr223,1.77e-06,Ra223,Ra-223,3583250574033577.5,1953929338594366.0,1371432200.0867229,False,7.018842355237448e-07,11.43 天,987552.0,240.0
Fr223,Fr223,1.77e-06,At219,At-219,inf,2.563052932920873e-190,3.172451632285717e-192,False,0.012377628224284737,56.00 秒,56.0,240.0
Fr223,Fr223,1.77e-06,Rn219,Rn-219,inf,7812090892.249891,1367406256.6265252,False,0.175037166808067,3.96 秒,3.96,240.0
Fr223,Fr223,1.77e-06,Bi215,Bi-215,,0.0,0.0,False,0.001520059606491108,7.60 分钟,456.0,240.0
Fr223,Fr223,1.77e-06,Po215,Po-215,,0.0,0.0,False,389.1898824031136,1.78e-03 秒,0.001781,240.0
Fr224,Fr224,9.01e-07,Fr224,Fr224,810501444146.6293,0.0,0.0,False,0.0034692051079076337,3.33 分钟,199.8,240.0
Fr224,Fr224,9.01e-07,Ra224,Ra-224,1090423120614541.0,164100054189928.2,359699105.35406214,False,2.191949948643826e-06,3.66 天,316224.0,240.0
Fr224,Fr224,9.01e-07,Rn220,Rn-220,inf,28836458570.207825,359494783.3682234,False,0.012466675909351533,55.60 秒,55.6,240.0
Fr224,Fr224,9.01e-07,Po216,Po-216,,0.0,0.0,False,4.780325383172037,1.45e-01 秒,0.145,240.0
Fr227,Fr227,8.53e-08,Fr227,Fr227,56915525881.718834,0.0,0.0,False,0.004677106481511101,2.47 分钟,148.20000000000002,240.0
Fr227,Fr227,8.53e-08,Ra227,Ra-227,1032856855752.0365,1.962927120333e-91,5.3736074214197136e-95,False,0.0002737548106476877,42.20 分钟,2532.0,240.0
Fr227,Fr227,8.53e-08,Ac227,Ac-227,229897415474240.5,229697110834171.88,231733.04880442494,False,1.0088635767461738e-09,21.79 年,687057394.61376,240.0
Fr227,Fr227,8.53e-08,Th227,Th-227,325816853113.2947,224813601723.26825,96551.14537855516,False,4.294719920790366e-07,18.68 天,1613952.0,240.0
Fr227,Fr227,8.53e-08,Fr223,Fr-223,6.615929384369144e+203,6064227.945064254,3184.3958351470596,False,0.000525111500424201,22.00 分钟,1320.0,240.0
Ra219,Ra219,1.16e-05,Ra219,Ra219,522265703.66709095,0.0,0.0,False,69.31471805599453,1.00e-02 秒,0.01,240.0
Ra219,Ra219,1.16e-05,Rn215,Rn-215,,0.0,0.0,False,301368.3393738893,2.30e-06 秒,2.2999999999999996e-06,240.0
Ra219,Ra219,1.16e-05,Po211,Po-211,,0.0,0.0,False,1.3433084894572582,5.16e-01 秒,0.516,240.0
Ra219,Ra219,1.16e-05,Pb207,Pb-207,,,0.0,True,0.0,稳定,inf,240.0
Ra220,Ra220,3.43e-05,Ra220,Ra220,2764271328.280033,0.0,0.0,False,38.72330617653326,1.79e-02 秒,0.0179,240.0
Ra220,Ra220,3.43e-05,Rn216,Rn-216,,0.0,0.0,False,15403.270679109894,4.50e-05 秒,4.5e-05,240.0
Ra220,Ra220,3.43e-05,Po212,Po-212,,0.0,0.0,False,2318217.9951837636,2.99e-07 秒,2.99e-07,240.0
Ra220,Ra220,3.43e-05,Pb208,Pb-208,,,0.0,True,0.0,稳定,inf,240.0
Ra221,Ra221,4.37e-05,Ra221,Ra221,5509002715578.039,0.0,0.0,False,0.024755256448569473,28.00 秒,28.0,240.0
Ra221,Ra221,4.37e-05,Rn217,Rn-217,,0.0,0.0,False,1283.6058899258246,5.40e-04 秒,0.00054,240.0
Ra221,Ra221,4.37e-05,Po213,Po-213,,0.0,0.0,False,165035.04299046317,4.20e-06 秒,4.2e-06,240.0
Ra221,Ra221,4.37e-05,Pb209,Pb-209,2304101036597469.0,1.4226404004038107e-07,8.420425440538417e-12,False,5.918871303070202e-05,3.25 小时,11710.800000000001,240.0
Ra222,Ra222,6.7e-05,Ra222,Ra222,11462831737382.877,0.0,0.0,False,0.018240715277893296,38.00 秒,38.0,240.0
Ra222,Ra222,6.7e-05,Rn218,Rn-218,,0.0,0.0,False,19.804205158855577,3.50e-02 秒,0.035,240.0
Ra222,Ra222,6.7e-05,Po214,Po-214,,0.0,0.0,False,4218.789899938803,1.64e-04 秒,0.0001643,240.0
Ra222,Ra222,6.7e-05,Pb210,Pb-210,1.8057678168440454e+17,1.804224810081909e+17,178512422.9138751,False,9.894134140953916e-10,22.21 年,700563758.9760001,240.0
Ra223,Ra223,5.33e-05,Ra223,Ra223,1.0775817778631803e+17,5.876001711293705e+16,41242729690.67598,False,7.018842355237448e-07,11.43 天,987552.0,240.0
Ra223,Ra223,5.33e-05,Rn219,Rn-219,inf,235623643956.83545,41242895071.1972,False,0.175037166808067,3.96 秒,3.96,240.0
Ra223,Ra223,5.33e-05,Po215,Po-215,,0.0,0.0,False,389.1898824031136,1.78e-03 秒,0.001781,240.0
Ra223,Ra223,5.33e-05,Pb211,Pb-211,519779966216650.75,4.338828784709471e-106,1.3884796579195309e-109,False,0.0003200125487349701,36.10 分钟,2166.0,240.0
Ra224,Ra224,5.72e-05,Ra224,Ra224,6.918179115755297e+16,1.0411312327560112e+16,22821075521.71022,False,2.191949948643826e-06,3.66 天,316224.0,240.0
Ra224,Ra224,5.72e-05,Rn220,Rn-220,inf,1830888113462.1367,22825088736.816498,False,0.012466675909351533,55.60 秒,55.6,240.0
Ra224,Ra224,5.72e-05,Po216,Po-216,,0.0,0.0,False,4.780325383172037,1.45e-01 秒,0.145,240.0
Ra224,Ra224,5.72e-05,Pb212,Pb-212,9864503909742674.0,1599281712.3078647,28940.51821760855,False,1.8095947696322715e-05,10.64 小时,38304.0,240.0
Ra225,Ra225,3.61e-05,Ra225,Ra225,7.783450851595694e+16,4.888083693684871e+16,26318678773.75957,False,5.384252893984164e-07,14.90 天,1287360.0,240.0
Ra225,Ra225,3.61e-05,Ac225,Ac-225,5.621949450246104e+16,2.810974725123052e+16,22551148210.003597,False,8.022536812036404e-07,10.00 天,864000.0,240.0
Ra225,Ra225,3.61e-05,Fr221,Fr-221,inf,2646868360923.3076,6240371910.50107,False,0.002357643471292331,4.90 分钟,294.0,240.0
Ra225,Ra225,3.61e-05,At217,At-217,,0.0,0.0,False,21.459665032815643,3.23e-02 秒,0.0323,240.0
Ra226,Ra226,3.33e-05,Ra226,Ra226,8.978718991172467e+16,8.978612494427898e+16,1232593.9003207632,False,1.372811112057356e-11,1601.06 年,50491081728.0,240.0
Ra226,Ra226,3.33e-05,Rn222,Rn-222,3328704136403.943,543200198513.1836,1139752.4751870006,False,2.0982180755947176e-06,3.82 天,330350.4,240.0
Ra226,Ra226,3.33e-05,Po218,Po-218,inf,29076960.749130566,108358.13635759165,False,0.0037265977449459425,3.10 分钟,186.0,240.0
Ra226,Ra226,3.33e-05,Pb214,Pb-214,267413012770505.62,4.783240087569333e-148,2.0618715053731274e-151,False,0.00043106167945270227,26.80 分钟,1608.0,240.0
Ra226,Ra226,3.33e-05,At218,At-218,,0.0,0.0,False,0.46209812037329684,1.50 秒,1.5,240.0
Ra227,Ra227,1.66e-05,Ra227,Ra227,189236674517002.03,3.596411240360977e-89,9.84534878116235e-93,False,0.0002737548106476877,42.20 分钟,2532.0,240.0
Ra227,Ra227,1.66e-05,Ac227,Ac-227,4.473970805243132e+16,4.4700727313566856e+16,45096935.64072044,False,1.0088635767461738e-09,21.79 年,687057394.61376,240.0
Ra227,Ra227,1.66e-05,Th227,Th-227,63406327803994.04,43750360944973.66,18789554.669214718,False,4.294719920790366e-07,18.68 天,1613952.0,240.0
Ra227,Ra227,1.66e-05,Fr223,Fr-223,1.2875079458444057e+206,1180142835.7334893,619706.5751868839,False,0.000525111500424201,22.00 分钟,1320.0,240.0
Ra227,Ra227,1.66e-05,Ra223,Ra-223,5966065321900816.0,3253266783213026.0,2283416669.090267,False,7.018842355237448e-07,11.43 天,987552.0,240.0
Ra227,Ra227,1.66e-05,At219,At-219,inf,2.883835795363116e-194,3.5695047334889125e-196,False,0.012377628224284737,56.00 秒,56.0,240.0
Ra228,Ra228,1.42e-05,Ra228,Ra228,3.822474296497477e+16,3.8098791057863576e+16,145537234.6996495,False,3.81999613789873e-09,5.75 年,181452324.96,240.0
Ra228,Ra228,1.42e-05,Ac228,Ac-228,2.599508812758337e+24,4649211123314.525,145554994.66817522,False,3.130746072989816e-05,6.15 小时,22140.0,240.0
Ra228,Ra228,1.42e-05,Th228,Th-228,3.670092588475904e+16,3.633837370012835e+16,417541102.40325576,False,1.1490362938333175e-08,1.91 年,60324219.894528,240.0
Ra228,Ra228,1.42e-05,Ra224,Ra-224,1189168489667236.8,178960451136958.72,392272351.6789326,False,2.191949948643826e-06,3.66 天,316224.0,240.0
Ra230,Ra230,1.92e-06,Ra230,Ra230,48235740024204.7,1.1810623981739923e-33,1.4671148232252153e-37,False,0.0001242199248315314,1.55 小时,5580.0,240.0
Ra230,Ra230,1.92e-06,Ac230,Ac-230,inf,2.639970915669239e-35,1.4999085220954016e-37,False,0.0056815342668847975,2.03 分钟,122.0,240.0
Ra230,Ra230,1.92e-06,Th230,Th-230,5176949109037204.0,5176947805683715.0,1508.5107931405782,False,2.9138999459959797e-13,75430.02 年,2378761087910.4,240.0
Ra230,Ra230,1.92e-06,Ra226,Ra-226,1954780138.3612041,1954756952.6794505,0.026835120660097248,False,1.372811112057356e-11,1601.06 年,50491081728.0,240.0
Ac223,Ac223,0.000405,Ac223,Ac223,229751886708031.5,0.0,0.0,False,0.005501168099682105,2.10 分钟,126.0,240.0
Ac223,Ac223,0.000405,Fr219,Fr-219,,0.0,0.0,False,34.657359027997266,2.00e-02 秒,0.02,240.0
Ac223,Ac223,0.000405,At215,At-215,,0.0,0.0,False,6931.471805599453,1.00e-04 秒,0.0001,240.0
Ac223,Ac223,0.000405,Bi211,Bi-211,,0.0,0.0,False,0.005398342527725431,2.14 分钟,128.4,240.0
Ac224,Ac224,0.000469,Ac224,Ac224,2.1132635268265652e+16,2.1714637964685217e-10,1.5039408555257303e-14,False,6.925931060750853e-05,2.78 小时,10008.0,240.0
Ac224,Ac224,0.000469,Ra224,Ra-224,5.3247527662268666e+17,8.01333171469573e+16,175648220404.93246,False,2.191949948643826e-06,3.66 天,316224.0,240.0
Ac224,Ac224,0.000469,Fr220,Fr-220,inf,5.424852043078184e-14,1.372343393654928e-15,False,0.025297342356202384,27.40 秒,27.4,240.0
Ac224,Ac224,0.000469,Rn220,Rn-220,inf,13566902517881.94,169134176784.19943,False,0.012466675909351533,55.60 秒,55.6,240.0
Ac224,Ac224,0.000469,At216,At-216,,0.0,0.0,False,2310.4906018664847,3.00e-04 秒,0.0003,240.0
Ac224,Ac224,0.000469,Ra220,Ra-220,,0.0,0.0,False,38.72330617653326,1.79e-02 秒,0.0179,240.0
Ac224,Ac224,0.000469,Po216,Po-216,,0.0,0.0,False,4.780325383172037,1.45e-01 秒,0.145,240.0
Ac224,Ac224,0.000469,Bi212,Bi-212,695649511572386.8,1.784193230782314e-57,3.404097185496561e-61,False,0.0001907919572144083,1.01 小时,3633.0,240.0
Ac224,Ac224,0.000469,Rn216,Rn-216,,0.0,0.0,False,15403.270679109894,4.50e-05 秒,4.5e-05,240.0
Ac225,Ac225,0.000648,Ac225,Ac225,1.2603532070840584e+18,6.301766035420292e+17,505561500000.0,False,8.022536812036404e-07,10.00 天,864000.0,240.0
Ac225,Ac225,0.000648,Fr221,Fr-221,inf,214508086595851.56,505733589902.11945,False,0.002357643471292331,4.90 分钟,294.0,240.0
Ac225,Ac225,0.000648,At217,At-217,,0.0,0.0,False,21.459665032815643,3.23e-02 秒,0.0323,240.0
Ac225,Ac225,0.000648,Bi213,Bi-213,7979623053801679.0,6.592148122191235e-80,1.670442671905532e-83,False,0.00025339883766905944,45.59 分钟,2735.4,240.0
Ac226,Ac226,0.000564,Ac226,Ac226,2.675532545162659e+17,927924023576231.0,6083190715.353012,False,6.555699131388277e-06,1.22 天,105732.0,240.0
Ac226,Ac226,0.000564,Th226,Th-226,8.582722615512268e+154,13596616507338.21,5138183620.769977,False,0.00037790163589572853,30.57 分钟,1834.2,240.0
Ac226,Ac226,0.000564,Ra226,Ra-226,2.5836518753797846e+17,2.5836212306392486e+17,3546823.9347688616,False,1.372811112057356e-11,1601.06 年,50491081728.0,240.0
Ac226,Ac226,0.000564,Fr222,Fr-222,inf,452283334.1458518,367956.47638198215,False,0.0008135530288262268,14.20 分钟,852.0,240.0
Ac226,Ac226,0.000564,Ra222,Ra-222,inf,1.2910306849309888e-128,2.3549323138849735e-130,False,0.018240715277893296,38.00 秒,38.0,240.0
Ac226,Ac226,0.000564,Rn222,Rn-222,1.1921142689266992e+17,1.94537177530878e+16,40818142227.04668,False,2.0982180755947176e-06,3.82 天,330350.4,240.0
Ac226,Ac226,0.000564,Rn218,Rn-218,,0.0,0.0,False,19.804205158855577,3.50e-02 秒,0.035,240.0
Ac226,Ac226,0.000564,Po218,Po-218,inf,10958705885226.543,40838688639.411064,False,0.0037265977449459425,3.10 分钟,186.0,240.0
Ac227,Ac227,0.000645,Ac227,Ac227,1.738373816098456e+18,1.736859208633992e+18,1752253993.527018,False,1.0088635767461738e-09,21.79 年,687057394.61376,240.0
Ac227,Ac227,0.000645,Th227,Th-227,2471322437960647.5,1705212277967309.0,732340913.9362521,False,4.294719920790366e-07,18.68 天,1613952.0,240.0
Ac227,Ac227,0.000645,Fr223,Fr-223,5.023897765581212e+207,46049556234.930275,24181151.568392854,False,0.000525111500424201,22.00 分钟,1320.0,240.0
Ac227,Ac227,0.000645,Ra223,Ra-223,2.3181398389313405e+17,1.2640705272122898e+17,88723117564.0495,False,7.018842355237448e-07,11.43 天,987552.0,240.0
Ac227,Ac227,0.000645,At219,At-219,inf,1.1205265590416922e-192,1.3869461163255107e-194,False,0.012377628224284737,56.00 秒,56.0,240.0
Ac227,Ac227,0.000645,Rn219,Rn-219,inf,506277166828.8597,88617320901.33867,False,0.175037166808067,3.96 秒,3.96,240.0
Ac227,Ac227,0.000645,Bi215,Bi-215,,0.0,0.0,False,0.001520059606491108,7.60 分钟,456.0,240.0
Ac228,Ac228,0.000517,Ac228,Ac228,5.1534928492501944e+16,92170.0136620513,2.8856090831988475,False,3.130746072989816e-05,6.15 小时,22140.0,240.0
Ac228,Ac228,0.000517,Th228,Th-228,1.3876140991076726e+18,1.3739064742745687e+18,15786684032.740505,False,1.1490362938333175e-08,1.91 年,60324219.894528,240.0
Ac228,Ac228,0.000517,Ra224,Ra-224,4.3295782335067704e+16,6515672763225892.0,14282028578.73297,False,2.191949948643826e-06,3.66 天,316224.0,240.0
Ac228,Ac228,0.000517,Rn220,Rn-220,inf,106243203964.8609,1324499591.4010527,False,0.012466675909351533,55.60 秒,55.6,240.0
Ac230,Ac230,0.000166,Ac230,Ac230,91180388195395.92,0.0,0.0,False,0.0056815342668847975,2.03 分钟,122.0,240.0
Ac230,Ac230,0.000166,Th230,Th-230,4.475903917188417e+17,4.475902790330713e+17,130423.3289902792,False,2.9138999459959797e-13,75430.02 年,2378761087910.4,240.0
Ac230,Ac230,0.000166,Ra226,Ra-226,169007032795.81247,169005028200.41086,2.3201198070709084,False,1.372811112057356e-11,1601.06 年,50491081728.0,240.0
Ac230,Ac230,0.000166,Rn222,Rn-222,1576688719795.277,257294607898.53735,539860.1970457665,False,2.0982180755947176e-06,3.82 天,330350.4,240.0
Ac231,Ac231,0.000133,Ac231,Ac231,269462089348925.8,0.0,0.0,False,0.0015403270679109895,7.50 分钟,450.0,240.0
Ac231,Ac231,0.000133,Th231,Th-231,5.520258597729777e+16,81462236421736.0,614608580.392655,False,7.544705465864957e-06,1.06 天,91872.0,240.0
Ac231,Ac231,0.000133,Pa231,Pa-231,3.5853008973996826e+17,3.585298820449394e+17,240387.69527516773,False,6.704816176104303e-13,32781.74 年,1033804898380.8,240.0
Ac231,Ac231,0.000133,Ac227,Ac-227,279837899918.61414,279594083215.82465,282.0722868301842,False,1.0088635767461738e-09,21.79 年,687057394.61376,240.0
Ac232,Ac232,3.28e-06,Ac232,Ac232,1757334047028.784,0.0,0.0,False,0.005824766223192818,1.98 分钟,119.0,240.0
Ac232,Ac232,3.28e-06,Th232,Th-232,8843749253653508.0,8843749253641563.0,0.013825818929706007,False,1.5633436151542845e-18,14059323041.10 年,4.43374811424e+17,240.0
Ac232,Ac232,3.28e-06,Ra228,Ra-228,17844.646165870443,17785.847412969077,6.7941868426798e-05,False,3.81999613789873e-09,5.75 年,181452324.96,240.0
Ac232,Ac232,3.28e-06,Ac228,Ac-228,1437550322992.6833,2.5710530078527185,8.049314107783553e-05,False,3.130746072989816e-05,6.15 小时,22140.0,240.0
Th223,Th223,3.13e-05,Th223,Th223,84553016507.48248,0.0,0.0,False,1.1552453009332422,6.00e-01 秒,0.6,240.0
Th223,Th223,3.13e-05,Ra219,Ra-219,,0.0,0.0,False,69.31471805599453,1.00e-02 秒,0.01,240.0
Th223,Th223,3.13e-05,Rn215,Rn-215,,0.0,0.0,False,301368.3393738893,2.30e-06 秒,2.2999999999999996e-06,240.0
Th223,Th223,3.13e-05,Po211,Po-211,,0.0,0.0,False,1.3433084894572582,5.16e-01 秒,0.516,240.0
Th224,Th224,0.000223,Th224,Th224,1054211332014.2186,0.0,0.0,False,0.6601401719618526,1.05 秒,1.05,240.0
Th224,Th224,0.000223,Ra220,Ra-220,,0.0,0.0,False,38.72330617653326,1.79e-02 秒,0.0179,240.0
Th224,Th224,0.000223,Rn216,Rn-216,,0.0,0.0,False,15403.270679109894,4.50e-05 秒,4.5e-05,240.0
Th224,Th224,0.000223,Po212,Po-212,,0.0,0.0,False,2318217.9951837636,2.99e-07 秒,2.99e-07,240.0
Th226,Th226,0.00142,Th226,Th226,1.1726503881085976e+16,1.8576946195927225e-126,7.020258357387829e-130,False,0.00037790163589572853,30.57 分钟,1834.2,240.0
Th226,Th226,0.00142,Ra222,Ra-222,inf,3.9300966231223393e-128,7.168777351698451e-130,False,0.018240715277893296,38.00 秒,38.0,240.0
Th226,Th226,0.00142,Rn218,Rn-218,,0.0,0.0,False,19.804205158855577,3.50e-02 秒,0.035,240.0
Th226,Th226,0.00142,Po214,Po-214,,0.0,0.0,False,4218.789899938803,1.64e-04 秒,0.0001643,240.0
Th227,Th227,0.00164,Th227,Th227,3.6942798417750973e+18,2.54905278553633e+18,1094746777718.905,False,4.294719920790366e-07,18.68 天,1613952.0,240.0
Th227,Th227,0.00164,Ra223,Ra-223,2.1425224657627604e+18,1.1683072165781985e+18,820016417564.863,False,7.018842355237448e-07,11.43 天,987552.0,240.0
Th227,Th227,0.00164,Rn219,Rn-219,inf,1305291398979.294,228474508336.2738,False,0.175037166808067,3.96 秒,3.96,240.0
Th227,Th227,0.00164,Po215,Po-215,,0.0,0.0,False,389.1898824031136,1.78e-03 秒,0.001781,240.0
Th228,Th228,0.00264,Th228,Th228,7.083088450064121e+18,7.013117757783314e+18,80583268366.19965,False,1.1490362938333175e-08,1.91 年,60324219.894528,240.0
Th228,Th228,0.00264,Ra224,Ra-224,2.287482653902714e+17,3.44248044972122e+16,75457448449.73804,False,2.191949948643826e-06,3.66 天,316224.0,240.0
Th228,Th228,0.00264,Rn220,Rn-220,inf,542518488331.2045,6763402168.856439,False,0.012466675909351533,55.60 秒,55.6,240.0
Th228,Th228,0.00264,Po216,Po-216,,0.0,0.0,False,4.780325383172037,1.45e-01 秒,0.145,240.0
Th229,Th229,0.00214,Th229,Th229,5.770134460519503e+18,5.770119541721862e+18,17267104.577166367,False,2.9925037865010483e-12,7344.87 年,231627837427.2,240.0
Th229,Th229,0.00214,Ra225,Ra-225,25421512564026.85,15964959939015.938,8595938.17539878,False,5.384252893984164e-07,14.90 天,1287360.0,240.0
Th229,Th229,0.00214,Ac225,Ac-225,9.21911213597843e+17,4.609556067989215e+17,369803332425.8926,False,8.022536812036404e-07,10.00 天,864000.0,240.0
Th229,Th229,0.00214,Fr221,Fr-221,inf,156905769871907.97,369927863946.60077,False,0.002357643471292331,4.90 分钟,294.0,240.0
Th230,Th230,0.00286,Th230,Th230,7.71149710994117e+18,7.711495168487535e+18,2247052.5355004086,False,2.9138999459959797e-13,75430.02 年,2378761087910.4,240.0
Th230,Th230,0.00286,Ra226,Ra-226,2912203417788.456,2912168876092.2715,39.978577932870515,False,1.372811112057356e-11,1601.06 年,50491081728.0,240.0
Th230,Th230,0.00286,Rn222,Rn-222,27164636979605.383,4432907099938.656,9301205.804523448,False,2.0982180755947176e-06,3.82 天,330350.4,240.0
Th230,Th230,0.00286,Po218,Po-218,inf,2497300532.808211,9306434.53401538,False,0.0037265977449459425,3.10 分钟,186.0,240.0
Th231,Th231,0.00314,Th231,Th231,1.296895481239988e+18,1913823500053078.0,14439234621.55126,False,7.544705465864957e-06,1.06 天,91872.0,240.0
Th231,Th231,0.00314,Pa231,Pa-231,8.464554396093743e+18,8.464549492611664e+18,5675324.8361498155,False,6.704816176104303e-13,32781.74 年,1033804898380.8,240.0
Th231,Th231,0.00314,Ac227,Ac-227,6606699291311.643,6600943017275.86,6659.450982306605,False,1.0088635767461738e-09,21.79 年,687057394.61376,240.0
Th231,Th231,0.00314,Th227,Th-227,3226784684644409.0,2226481165749095.0,956211301.5807195,False,4.294719920790366e-07,18.68 天,1613952.0,240.0
Th231,Th231,0.00314,Fr223,Fr-223,7.085074872088769e+201,64942.51455238317,34.10206125792243,False,0.000525111500424201,22.00 分钟,1320.0,240.0
Th232,Th232,0.0715,Th232,Th232,1.9278294866958097e+20,1.9278294866932056e+20,301.3859919127985,False,1.5633436151542845e-18,14059323041.10 年,4.43374811424e+17,240.0
Th232,Th232,0.0715,Ra228,Ra-228,389043353.50498044,387761441.61958766,1.4812472094128686,False,3.81999613789873e-09,5.75 年,181452324.96,240.0
Th232,Th232,0.0715,Ac228,Ac-228,3.1336843931090508e+16,56045.82014069188,1.7546523131296463,False,3.130746072989816e-05,6.15 小时,22140.0,240.0
Th232,Th232,0.0715,Th228,Th-228,1.8479691554649797e+20,1.829713887013505e+20,2102407663509.351,False,1.1490362938333175e-08,1.91 年,60324219.894528,240.0
Th233,Th233,0.000293,Th233,Th233,1765050973029520.8,7.238937884484579e-180,3.7501116478916745e-183,False,0.0005180472201494359,22.30 分钟,1338.0,240.0
Th233,Th233,0.000293,Pa233,Pa-233,6.970600075992187e+17,5.390650062320257e+17,160368927080.3968,False,2.974945975464977e-07,26.97 天,2329948.8,240.0
Th233,Th233,0.000293,U233,U-233,2.5095910308652432e+17,2.5095907317046573e+17,34625.065760807076,False,1.3797096603591517e-13,159305.64 年,5023862631936.0,240.0
Th233,Th233,0.000293,Th229,Th-229,58223847352.8226,58223696813.90492,0.1742346331796995,False,2.9925037865010483e-12,7344.87 年,231627837427.2,240.0
Pa227,Pa227,0.000347,Pa227,Pa227,3590153497399658.0,2.3665870320885753e-98,7.1383513004435365e-102,False,0.00030163062687552013,38.30 分钟,2298.0,240.0
Pa227,Pa227,0.000347,Ac223,Ac-223,inf,1.166949682949753e-99,6.419586369777329e-102,False,0.005501168099682105,2.10 分钟,126.0,240.0
Pa227,Pa227,0.000347,Th227,Th-227,1.1741551300220635e+17,8.10166942685205e+16,34794401079.15977,False,4.294719920790366e-07,18.68 天,1613952.0,240.0
Pa227,Pa227,0.000347,Fr219,Fr-219,,0.0,0.0,False,34.657359027997266,2.00e-02 秒,0.02,240.0
Pa227,Pa227,0.000347,Ra223,Ra-223,1.5411227185503277e+17,8.403668211124037e+16,58984022379.59991,False,7.018842355237448e-07,11.43 天,987552.0,240.0
Pa227,Pa227,0.000347,At215,At-215,,0.0,0.0,False,6931.471805599453,1.00e-04 秒,0.0001,240.0
Pa227,Pa227,0.000347,Rn219,Rn-219,inf,230062549949.99338,40269496931.88624,False,0.175037166808067,3.96 秒,3.96,240.0
Pa228,Pa228,0.000514,Pa228,Pa228,1.8318753115855565e+17,95264769412561.14,833743766.7299252,False,8.75185834040335e-06,22.00 小时,79200.0,240.0
Pa228,Pa228,0.000514,Th228,Th-228,1.353157016531776e+18,1.3397897779495017e+18,15394670809.708588,False,1.1490362938333175e-08,1.91 年,60324219.894528,240.0
Pa228,Pa228,0.000514,Ac224,Ac-224,2.6819754205073593e+37,275583828269.4276,19086745.960518576,False,6.925931060750853e-05,2.78 小时,10008.0,240.0
Pa228,Pa228,0.000514,Ra224,Ra-224,3.884756720167204e+16,5846251571911367.0,12814690832.810007,False,2.191949948643826e-06,3.66 天,316224.0,240.0
Pa228,Pa228,0.000514,Fr220,Fr-220,inf,1.1883642415583465e-15,3.006245706257028e-17,False,0.025297342356202384,27.40 秒,27.4,240.0
Pa228,Pa228,0.000514,Rn220,Rn-220,inf,103514171569.01302,1290477628.975896,False,0.012466675909351533,55.60 秒,55.6,240.0
Pa228,Pa228,0.000514,At216,At-216,,0.0,0.0,False,2310.4906018664847,3.00e-04 秒,0.0003,240.0
Pa228,Pa228,0.000514,Ra220,Ra-220,,0.0,0.0,False,38.72330617653326,1.79e-02 秒,0.0179,240.0
Pa229,Pa229,0.000882,Pa229,Pa229,5.0957851455545165e+17,5015849195801364.0,26826556544.626423,False,5.3483578746909356e-06,1.50 天,129600.0,240.0
Pa229,Pa229,0.000882,Th229,Th-229,2.3617525975326546e+18,2.3617464911742464e+18,7067535.317594497,False,2.9925037865010483e-12,7344.87 年,231627837427.2,240.0
Pa229,Pa229,0.000882,Ra225,Ra-225,8757642610975.557,5499885700833.234,2961277.5501293465,False,5.384252893984164e-07,14.90 天,1287360.0,240.0
Pa229,Pa229,0.000882,Ac225,Ac-225,3.809624128164558e+17,1.904812064082279e+17,152814249041.1113,False,8.022536812036404e-07,10.00 天,864000.0,240.0
Pa230,Pa230,0.000897,Pa230,Pa230,1.9949412694232415e+18,1.3394434105656049e+18,617570923500.124,False,4.6106533402508075e-07,17.40 天,1503359.9999999998,240.0
Pa230,Pa230,0.000897,Th230,Th-230,9.885131669289277e+17,9.885129180599398e+17,288042.7738551187,False,2.9138999459959797e-13,75430.02 年,2378761087910.4,240.0
Pa230,Pa230,0.000897,U230,U-230,9.645970821034539e+16,6.912258709609947e+16,26660504784.694736,False,3.856988851940579e-07,20.80 天,1797120.0,240.0
Pa230,Pa230,0.000897,Ac226,Ac-226,933916943355826.4,3238996174169.3867,21233884.4055722,False,6.555699131388277e-06,1.22 天,105732.0,240.0
Pa230,Pa230,0.000897,Ra226,Ra-226,1020229492970.2408,1020217392010.2017,14.005657724657803,False,1.372811112057356e-11,1601.06 年,50491081728.0,240.0
Pa230,Pa230,0.000897,Th226,Th-226,1.4710972787727735e+155,23304895707931.93,8806958212.406818,False,0.00037790163589572853,30.57 分钟,1834.2,240.0
Pa230,Pa230,0.000897,Fr222,Fr-222,inf,6422.494453370297,5.225039815159048,False,0.0008135530288262268,14.20 分钟,852.0,240.0
Pa230,Pa230,0.000897,Rn222,Rn-222,7804153252995.358,1273533910656.922,2672151.871223182,False,2.0982180755947176e-06,3.82 天,330350.4,240.0
Pa230,Pa230,0.000897,Ra222,Ra-222,inf,5.234109112885292e-136,9.547389406156727e-138,False,0.018240715277893296,38.00 秒,38.0,240.0
Pa231,Pa231,0.00112,Pa231,Pa231,3.01988648557101e+18,3.019884736163e+18,2024777.2028996155,False,6.704816176104303e-13,32781.74 年,1033804898380.8,240.0
Pa231,Pa231,0.00112,Ac227,Ac-227,2624621107999.632,2622334332459.8984,2645.577594069783,False,1.0088635767461738e-09,21.79 年,687057394.61376,240.0
Pa231,Pa231,0.00112,Th227,Th-227,1150955046752145.5,794158887146173.8,341068999.2899381,False,4.294719920790366e-07,18.68 天,1613952.0,240.0
Pa231,Pa231,0.00112,Fr223,Fr-223,2.527160463929752e+201,23164.209012315016,12.163792550596536,False,0.000525111500424201,22.00 分钟,1320.0,240.0
Pa231,Pa231,0.00112,Ra223,Ra-223,4.0252970846559706e+17,2.1949751790352938e+17,154061847553.07822,False,7.018842355237448e-07,11.43 天,987552.0,240.0
Pa231,Pa231,0.00112,At219,At-219,inf,1.9457205366305356e-192,2.4083405430768562e-194,False,0.012377628224284737,56.00 秒,56.0,240.0
Pa232,Pa232,0.0007,Pa232,Pa232,3.549147822837969e+17,1787249523673933.8,10945248164.861572,False,6.124073902317865e-06,1.31 天,113184.0,240.0
Pa232,Pa232,0.0007,U232,U-232,1.8854800968461775e+18,1.8849608337817354e+18,600916151.734912,False,3.187950332789215e-10,68.95 年,2174272206.912,240.0
Pa232,Pa232,0.0007,Th232,Th-232,56567947857817.45,56567947857741.05,8.843514010577995e-05,False,1.5633436151542845e-18,14059323041.10 年,4.43374811424e+17,240.0
Pa232,Pa232,0.0007,Th228,Th-228,683162007735900.5,676413352970648.5,7772234.921967615,False,1.1490362938333175e-08,1.91 年,60324219.894528,240.0
Pa232,Pa232,0.0007,Ra228,Ra-228,7788785932.901129,7763121602.254652,29.65509453865097,False,3.81999613789873e-09,5.75 年,181452324.96,240.0
Pa232,Pa232,0.0007,Ra224,Ra-224,5443105798422809.0,819144366619168.5,1795523452.3427658,False,2.191949948643826e-06,3.66 天,316224.0,240.0
Pa232,Pa232,0.0007,Ac228,Ac-228,5.296835688716362e+17,947336.9461755629,29.658714240373083,False,3.130746072989816e-05,6.15 小时,22140.0,240.0
