Cor C	Cor A	Value	Error
-450.0	-65.0	0.0332125	0.1534
-445.5	-65.0	0.0311408	0.195
-441.0	-65.0	0.026568	0.1588
-436.5	-65.0	0.0338169	0.3395
-432.0	-65.0	0.0244611	0.1469
-427.5	-65.0	0.031257	0.2876
-423.0	-65.0	0.0252211	0.1464
-418.5	-65.0	0.0261233	0.1209
-414.0	-65.0	0.0348882	0.2285
-409.5	-65.0	0.0484792	0.3991
-405.0	-65.0	0.0404318	0.2755
-400.5	-65.0	0.0363378	0.1789
-396.0	-65.0	0.0590742	0.3396
-391.5	-65.0	0.0922015	0.3327
-387.0	-65.0	0.0464514	0.2249
-382.5	-65.0	0.0632963	0.286
-378.0	-65.0	0.0539747	0.1864
-373.5	-65.0	0.0516572	0.1253
-369.0	-65.0	0.0501398	0.1408
-364.5	-65.0	0.0561623	0.1413
-360.0	-65.0	0.0670871	0.1681
-355.5	-65.0	0.0534031	0.1215
-351.0	-65.0	0.0586052	0.1232
-346.5	-65.0	0.109918	0.2876
-342.0	-65.0	0.0758676	0.2202
-337.5	-65.0	0.0515603	0.0914
-333.0	-65.0	0.0591037	0.0838
-328.5	-65.0	0.0638585	0.0886
-324.0	-65.0	0.0611825	0.0856
-319.5	-65.0	0.081601	0.1186
-315.0	-65.0	0.0735678	0.0765
-310.5	-65.0	0.0948318	0.1337
-306.0	-65.0	0.088529	0.0928
-301.5	-65.0	0.109113	0.1487
-297.0	-65.0	0.112364	0.1856
-292.5	-65.0	0.112405	0.1112
-288.0	-65.0	0.104987	0.0748
-283.5	-65.0	0.123469	0.161
-279.0	-65.0	0.137004	0.1243
-274.5	-65.0	0.167607	0.1958
-270.0	-65.0	0.160767	0.0839
-265.5	-65.0	0.171746	0.0784
-261.0	-65.0	0.151145	0.0614
-256.5	-65.0	0.171257	0.0704
-252.0	-65.0	0.190021	0.0611
-247.5	-65.0	0.199146	0.0542
-243.0	-65.0	0.240381	0.0575
-238.5	-65.0	0.249281	0.0544
-234.0	-65.0	0.259827	0.0626
-229.5	-65.0	0.293959	0.0844
-225.0	-65.0	0.340467	0.0694
-220.5	-65.0	0.357042	0.0565
-216.0	-65.0	0.382319	0.0544
-211.5	-65.0	0.457424	0.0752
-207.0	-65.0	0.462822	0.0585
-202.5	-65.0	0.514685	0.0583
-198.0	-65.0	0.541487	0.0548
-193.5	-65.0	0.621167	0.0581
-189.0	-65.0	0.608329	0.048
-184.5	-65.0	0.636299	0.0457
-180.0	-65.0	0.695783	0.045
-175.5	-65.0	0.800274	0.0514
-171.0	-65.0	0.958488	0.0709
-166.5	-65.0	0.908842	0.0507
-162.0	-65.0	0.914965	0.0375
-157.5	-65.0	1.05142	0.049
-153.0	-65.0	1.07831	0.0368
-148.5	-65.0	1.35334	0.0586
-144.0	-65.0	1.30652	0.0461
-139.5	-65.0	1.35928	0.0387
-135.0	-65.0	1.4071	0.0362
-130.5	-65.0	1.63424	0.0597
-126.0	-65.0	1.66315	0.0491
-121.5	-65.0	1.85972	0.0457
-117.0	-65.0	2.05483	0.0496
-112.5	-65.0	12.7957	0.8175
-108.0	-65.0	2.0515	0.0364
-103.5	-65.0	2.3922	0.047
-99.0	-65.0	2.26613	0.0469
-94.5	-65.0	2.32655	0.0332
-90.0	-65.0	2.49393	0.0447
-85.5	-65.0	2.61225	0.0415
-81.0	-65.0	2.80996	0.0375
-76.5	-65.0	2.92504	0.041
-72.0	-65.0	3.04933	0.0445
-67.5	-65.0	3.49912	0.061
-63.0	-65.0	3.276	0.0423
-58.5	-65.0	5.09571	0.3304
-54.0	-65.0	3.52367	0.0457
-49.5	-65.0	3.27721	0.043
-45.0	-65.0	3.43079	0.0425
-40.5	-65.0	3.26829	0.0354
-36.0	-65.0	3.56499	0.0453
-31.5	-65.0	3.39543	0.0444
-27.0	-65.0	3.47557	0.0473
-22.5	-65.0	3.42645	0.0442
-18.0	-65.0	3.69432	0.0924
-13.5	-65.0	2.71448	0.0392
-9.0	-65.0	3.27577	0.267
-4.5	-65.0	2.12413	0.0266
0.0	-65.0	2.21885	0.0332
4.5	-65.0	2.27816	0.0411
9.0	-65.0	2.32895	0.042
13.5	-65.0	3.04832	0.0482
18.0	-65.0	2.95112	0.0421
22.5	-65.0	3.14187	0.0397
27.0	-65.0	3.3258	0.0422
31.5	-65.0	3.96039	0.1855
36.0	-65.0	8.29731	0.5947
40.5	-65.0	3.51072	0.042
45.0	-65.0	4.69075	0.3261
49.5	-65.0	3.43593	0.0401
54.0	-65.0	3.8369	0.1379
58.5	-65.0	3.15516	0.0378
63.0	-65.0	3.10457	0.0403
67.5	-65.0	2.9599	0.0349
72.0	-65.0	6.13154	0.3909
76.5	-65.0	3.0065	0.0396
81.0	-65.0	3.3838	0.1799
85.5	-65.0	2.67589	0.0365
90.0	-65.0	2.54917	0.0387
94.5	-65.0	2.98082	0.1339
99.0	-65.0	2.34036	0.0364
103.5	-65.0	2.50345	0.0456
108.0	-65.0	2.6085	0.0563
112.5	-65.0	2.21965	0.0483
117.0	-65.0	2.67724	0.2358
121.5	-65.0	2.21475	0.0913
126.0	-65.0	1.7376	0.0355
130.5	-65.0	1.79702	0.0481
135.0	-65.0	1.64944	0.0446
139.5	-65.0	1.68252	0.0546
144.0	-65.0	1.52443	0.0502
148.5	-65.0	1.44614	0.0553
153.0	-65.0	1.42006	0.0542
157.5	-65.0	1.22241	0.0501
162.0	-65.0	1.1066	0.0428
166.5	-65.0	1.04689	0.0538
171.0	-65.0	1.00286	0.0565
175.5	-65.0	0.868351	0.0592
180.0	-65.0	0.796166	0.0634
184.5	-65.0	0.714168	0.0529
189.0	-65.0	0.626666	0.0413
193.5	-65.0	0.599576	0.0665
198.0	-65.0	0.514598	0.0602
202.5	-65.0	0.493952	0.0816
207.0	-65.0	0.442369	0.0777
211.5	-65.0	0.354907	0.0703
216.0	-65.0	0.303434	0.0809
220.5	-65.0	0.279672	0.07
225.0	-65.0	0.259545	0.0827
229.5	-65.0	0.261475	0.0962
234.0	-65.0	0.203674	0.0566
238.5	-65.0	0.204888	0.0755
243.0	-65.0	0.227079	0.1328
247.5	-65.0	0.177004	0.0966
252.0	-65.0	0.171063	0.0728
256.5	-65.0	0.1312	0.0611
261.0	-65.0	0.136669	0.0859
265.5	-65.0	0.123454	0.0781
270.0	-65.0	0.124866	0.0795
274.5	-65.0	0.128376	0.0803
279.0	-65.0	0.123761	0.1636
283.5	-65.0	0.111698	0.0735
288.0	-65.0	0.107253	0.0805
292.5	-65.0	0.112147	0.1156
297.0	-65.0	0.104033	0.1037
301.5	-65.0	0.112905	0.0996
306.0	-65.0	0.0909365	0.1297
310.5	-65.0	0.100863	0.1108
315.0	-65.0	0.0874772	0.1048
319.5	-65.0	0.0848928	0.1216
324.0	-65.0	0.150411	0.1987
328.5	-65.0	0.0839207	0.0891
333.0	-65.0	0.0901895	0.1831
337.5	-65.0	0.0901806	0.1875
342.0	-65.0	0.0721255	0.1861
346.5	-65.0	0.0788975	0.1546
351.0	-65.0	0.0650324	0.1508
355.5	-65.0	0.058505	0.0887
360.0	-65.0	0.0687493	0.1112
364.5	-65.0	0.0734863	0.1541
369.0	-65.0	0.0673327	0.1615
373.5	-65.0	0.045587	0.093
378.0	-65.0	0.0944614	0.3737
382.5	-65.0	0.0484231	0.1501
387.0	-65.0	0.0467355	0.1315
391.5	-65.0	0.0667702	0.2804
396.0	-65.0	0.0601974	0.1406
400.5	-65.0	0.0413914	0.1501
405.0	-65.0	0.0777869	0.4316
409.5	-65.0	0.0436849	0.2781
414.0	-65.0	0.0532293	0.2923
418.5	-65.0	0.0413443	0.2924
423.0	-65.0	0.0626015	0.4845
427.5	-65.0	0.0360766	0.1264
432.0	-65.0	0.0440211	0.2353
436.5	-65.0	0.0618355	0.4242
441.0	-65.0	0.0634954	0.3969
445.5	-65.0	0.0739503	0.1966
-450.0	-62.4333	0.0475051	0.3181
-445.5	-62.4333	0.0427124	0.1868
-441.0	-62.4333	0.0366845	0.1973
-436.5	-62.4333	0.0270047	0.1452
-432.0	-62.4333	0.0317072	0.3353
-427.5	-62.4333	0.0207655	0.1602
-423.0	-62.4333	0.0250828	0.1277
-418.5	-62.4333	0.0443289	0.478
-414.0	-62.4333	0.0286968	0.1399
-409.5	-62.4333	0.0244196	0.1354
-405.0	-62.4333	0.0320087	0.1611
-400.5	-62.4333	0.0347758	0.1358
-396.0	-62.4333	0.057772	0.3324
-391.5	-62.4333	0.0434258	0.1738
-387.0	-62.4333	0.0380215	0.1233
-382.5	-62.4333	0.0465089	0.1692
-378.0	-62.4333	0.0493434	0.105
-373.5	-62.4333	0.0866347	0.3048
-369.0	-62.4333	0.0650463	0.2171
-364.5	-62.4333	0.0485386	0.1253
-360.0	-62.4333	0.0524256	0.1245
-355.5	-62.4333	0.0492568	0.1073
-351.0	-62.4333	0.0568808	0.0926
-346.5	-62.4333	0.0617189	0.0971
-342.0	-62.4333	0.0601255	0.0961
-337.5	-62.4333	0.100295	0.2269
-333.0	-62.4333	0.0650082	0.0889
-328.5	-62.4333	0.073411	0.1
-324.0	-62.4333	0.117719	0.2464
-319.5	-62.4333	0.0782305	0.0955
-315.0	-62.4333	0.0840972	0.0868
-310.5	-62.4333	0.0977014	0.0812
-306.0	-62.4333	0.117108	0.1322
-301.5	-62.4333	0.107981	0.0844
-297.0	-62.4333	0.099952	0.1029
-292.5	-62.4333	0.0989193	0.0717
-288.0	-62.4333	0.110064	0.0718
-283.5	-62.4333	0.115996	0.0786
-279.0	-62.4333	0.136511	0.0918
-274.5	-62.4333	0.132456	0.0838
-270.0	-62.4333	0.149359	0.0601
-265.5	-62.4333	0.169058	0.0859
-261.0	-62.4333	0.173893	0.1139
-256.5	-62.4333	0.178342	0.0696
-252.0	-62.4333	0.188013	0.0499
-247.5	-62.4333	0.230933	0.0655
-243.0	-62.4333	0.276946	0.0814
-238.5	-62.4333	0.265783	0.0627
-234.0	-62.4333	0.288637	0.0673
-229.5	-62.4333	0.311453	0.0584
-225.0	-62.4333	0.321563	0.0536
-220.5	-62.4333	0.353505	0.0486
-216.0	-62.4333	0.433371	0.06
-211.5	-62.4333	0.444775	0.0616
-207.0	-62.4333	0.487181	0.0611
-202.5	-62.4333	0.528893	0.0542
-198.0	-62.4333	0.581315	0.0897
-193.5	-62.4333	0.631036	0.0534
-189.0	-62.4333	0.639213	0.0577
-184.5	-62.4333	0.685919	0.0496
-180.0	-62.4333	0.736404	0.068
-175.5	-62.4333	0.956787	0.1608
-171.0	-62.4333	0.881192	0.0461
-166.5	-62.4333	0.883873	0.0398
-162.0	-62.4333	0.998097	0.0433
-157.5	-62.4333	1.2879	0.1349
-153.0	-62.4333	1.21908	0.0483
-148.5	-62.4333	1.1884	0.0349
-144.0	-62.4333	1.4385	0.0554
-139.5	-62.4333	1.44573	0.0426
-135.0	-62.4333	1.52826	0.0357
-130.5	-62.4333	1.96833	0.113
-126.0	-62.4333	1.76072	0.0352
-121.5	-62.4333	1.80293	0.0387
-117.0	-62.4333	1.81709	0.0323
-112.5	-62.4333	2.069	0.0382
-108.0	-62.4333	2.27215	0.0524
-103.5	-62.4333	2.29929	0.037
-99.0	-62.4333	6.47051	0.6058
-94.5	-62.4333	2.50404	0.0314
-90.0	-62.4333	2.81079	0.0464
-85.5	-62.4333	2.89898	0.0555
-81.0	-62.4333	3.01783	0.0391
-76.5	-62.4333	3.21241	0.0463
-72.0	-62.4333	3.24812	0.0401
-67.5	-62.4333	3.45111	0.0402
-63.0	-62.4333	3.69695	0.0486
-58.5	-62.4333	3.92207	0.0494
-54.0	-62.4333	3.36147	0.035
-49.5	-62.4333	3.42526	0.0459
-45.0	-62.4333	3.25588	0.0295
-40.5	-62.4333	3.51901	0.0364
-36.0	-62.4333	3.33968	0.0316
-31.5	-62.4333	3.44787	0.0328
-27.0	-62.4333	3.37102	0.0414
-22.5	-62.4333	3.53698	0.0408
-18.0	-62.4333	3.28135	0.0351
-13.5	-62.4333	2.82721	0.0364
-9.0	-62.4333	2.41046	0.0336
-4.5	-62.4333	2.32367	0.0258
0.0	-62.4333	2.40026	0.0467
4.5	-62.4333	2.4409	0.0402
9.0	-62.4333	2.63114	0.0413
13.5	-62.4333	3.20795	0.0478
18.0	-62.4333	3.37952	0.0482
22.5	-62.4333	3.3728	0.0369
27.0	-62.4333	3.40191	0.0391
31.5	-62.4333	3.43021	0.039
36.0	-62.4333	3.45892	0.0383
40.5	-62.4333	3.5743	0.0474
45.0	-62.4333	3.61302	0.0416
49.5	-62.4333	3.40556	0.0331
54.0	-62.4333	3.49392	0.0464
58.5	-62.4333	3.42573	0.0353
63.0	-62.4333	3.37806	0.0402
67.5	-62.4333	3.13118	0.0363
72.0	-62.4333	3.25724	0.0461
76.5	-62.4333	3.3071	0.0422
81.0	-62.4333	3.12185	0.0408
85.5	-62.4333	6.18929	0.5195
90.0	-62.4333	7.29601	0.5722
94.5	-62.4333	2.63447	0.0447
99.0	-62.4333	2.64637	0.0394
103.5	-62.4333	2.62533	0.0426
108.0	-62.4333	2.44669	0.0479
112.5	-62.4333	2.22269	0.0362
117.0	-62.4333	2.27245	0.0452
121.5	-62.4333	2.18289	0.058
126.0	-62.4333	1.99587	0.0424
130.5	-62.4333	1.80648	0.0378
135.0	-62.4333	1.83858	0.0503
139.5	-62.4333	1.84863	0.0461
144.0	-62.4333	1.62003	0.0377
148.5	-62.4333	1.52667	0.0507
153.0	-62.4333	1.43049	0.0491
157.5	-62.4333	1.42979	0.0484
162.0	-62.4333	1.13829	0.0447
166.5	-62.4333	1.01926	0.0531
171.0	-62.4333	1.04075	0.0541
175.5	-62.4333	0.950375	0.0516
180.0	-62.4333	0.892044	0.0582
184.5	-62.4333	0.751306	0.0524
189.0	-62.4333	0.641432	0.0513
193.5	-62.4333	0.56748	0.0462
198.0	-62.4333	0.524486	0.0682
202.5	-62.4333	0.495731	0.0575
207.0	-62.4333	0.427928	0.0632
211.5	-62.4333	0.38134	0.0486
216.0	-62.4333	0.339367	0.0593
220.5	-62.4333	0.308561	0.0898
225.0	-62.4333	0.288949	0.0807
229.5	-62.4333	0.237765	0.0737
234.0	-62.4333	0.22479	0.0868
238.5	-62.4333	0.216249	0.0602
243.0	-62.4333	0.21309	0.071
247.5	-62.4333	0.191486	0.0667
252.0	-62.4333	0.164092	0.0692
256.5	-62.4333	0.159192	0.0775
261.0	-62.4333	0.147972	0.1009
265.5	-62.4333	0.157745	0.0988
270.0	-62.4333	0.127838	0.0859
274.5	-62.4333	0.12353	0.0916
279.0	-62.4333	0.107231	0.0839
283.5	-62.4333	0.0895957	0.0616
288.0	-62.4333	0.101975	0.1115
292.5	-62.4333	0.103103	0.0773
297.0	-62.4333	0.116588	0.162
301.5	-62.4333	0.122155	0.1709
306.0	-62.4333	0.0828362	0.1078
310.5	-62.4333	0.117044	0.152
315.0	-62.4333	0.091774	0.1259
319.5	-62.4333	0.0841713	0.0941
324.0	-62.4333	0.10762	0.1438
328.5	-62.4333	0.0978087	0.1514
333.0	-62.4333	0.0798854	0.0838
337.5	-62.4333	0.0744882	0.1264
342.0	-62.4333	0.0911522	0.1306
346.5	-62.4333	0.105595	0.2154
351.0	-62.4333	0.0836761	0.1994
355.5	-62.4333	0.063206	0.1046
360.0	-62.4333	0.0772962	0.1343
364.5	-62.4333	0.086061	0.1951
369.0	-62.4333	0.072622	0.129
373.5	-62.4333	0.0717175	0.2381
378.0	-62.4333	0.0594917	0.0913
382.5	-62.4333	0.0510664	0.1066
387.0	-62.4333	0.0671541	0.1672
391.5	-62.4333	0.0940226	0.2606
396.0	-62.4333	0.0818304	0.261
400.5	-62.4333	0.0531837	0.2185
405.0	-62.4333	0.0401551	0.1492
409.5	-62.4333	0.031809	0.1218
414.0	-62.4333	0.0383642	0.1802
418.5	-62.4333	0.0312983	0.121
423.0	-62.4333	0.0407663	0.2487
427.5	-62.4333	0.0386076	0.1766
432.0	-62.4333	0.0574565	0.3422
436.5	-62.4333	0.0774712	0.3803
441.0	-62.4333	0.0429481	0.1335
445.5	-62.4333	0.0456338	0.2114
-450.0	-59.8667	0.0487873	0.276
-445.5	-59.8667	0.030325	0.1439
-441.0	-59.8667	0.0287438	0.1455
-436.5	-59.8667	0.0256295	0.154
-432.0	-59.8667	0.0234455	0.1393
-427.5	-59.8667	0.0371045	0.2711
-423.0	-59.8667	0.0318729	0.1571
-418.5	-59.8667	0.0233329	0.1394
-414.0	-59.8667	0.0378319	0.2705
-409.5	-59.8667	0.0318419	0.1761
-405.0	-59.8667	0.029591	0.1483
-400.5	-59.8667	0.0297257	0.1235
-396.0	-59.8667	0.0505247	0.2577
-391.5	-59.8667	0.0428201	0.1602
-387.0	-59.8667	0.0582381	0.1842
-382.5	-59.8667	0.0457333	0.1229
-378.0	-59.8667	0.055824	0.1975
-373.5	-59.8667	0.0610574	0.1767
-369.0	-59.8667	0.0732421	0.1389
-364.5	-59.8667	0.0615396	0.1738
-360.0	-59.8667	0.0744379	0.1415
-355.5	-59.8667	0.0603876	0.0971
-351.0	-59.8667	0.066795	0.1197
-346.5	-59.8667	0.0755697	0.196
-342.0	-59.8667	0.0602827	0.09
-337.5	-59.8667	0.0760363	0.1126
-333.0	-59.8667	0.0774601	0.2048
-328.5	-59.8667	0.0785683	0.0892
-324.0	-59.8667	0.0808453	0.1044
-319.5	-59.8667	0.0716982	0.0792
-315.0	-59.8667	0.115701	0.2063
-310.5	-59.8667	0.0970874	0.0778
-306.0	-59.8667	0.0973028	0.1052
-301.5	-59.8667	0.0968604	0.0738
-297.0	-59.8667	0.101594	0.0644
-292.5	-59.8667	0.105177	0.0748
-288.0	-59.8667	0.132719	0.0785
-283.5	-59.8667	0.117803	0.0944
-279.0	-59.8667	0.171306	0.159
-274.5	-59.8667	0.156103	0.0682
-270.0	-59.8667	0.155699	0.0743
-265.5	-59.8667	0.175824	0.0867
-261.0	-59.8667	0.179132	0.0617
-256.5	-59.8667	0.205216	0.0587
-252.0	-59.8667	0.224346	0.0561
-247.5	-59.8667	0.252856	0.0719
-243.0	-59.8667	0.276608	0.0713
-238.5	-59.8667	0.288699	0.062
-234.0	-59.8667	0.327453	0.0848
-229.5	-59.8667	0.314231	0.0619
-225.0	-59.8667	0.356883	0.0648
-220.5	-59.8667	0.365722	0.0608
-216.0	-59.8667	0.397658	0.048
-211.5	-59.8667	0.450898	0.0451
-207.0	-59.8667	0.506913	0.0503
-202.5	-59.8667	0.525702	0.0486
-198.0	-59.8667	0.612196	0.0611
-193.5	-59.8667	0.636169	0.0489
-189.0	-59.8667	0.6967	0.0536
-184.5	-59.8667	0.682967	0.0376
-180.0	-59.8667	8.49728	0.9081
-175.5	-59.8667	4.7432	0.7309
-171.0	-59.8667	0.887181	0.04
-166.5	-59.8667	1.03639	0.0603
-162.0	-59.8667	1.07845	0.0506
-157.5	-59.8667	1.07895	0.0352
-153.0	-59.8667	1.20495	0.0412
-148.5	-59.8667	1.30025	0.043
-144.0	-59.8667	1.36879	0.0441
-139.5	-59.8667	1.51689	0.0423
-135.0	-59.8667	1.67091	0.0475
-130.5	-59.8667	3.68916	0.5414
-126.0	-59.8667	1.84517	0.0374
-121.5	-59.8667	1.86567	0.0528
-117.0	-59.8667	2.26473	0.1375
-112.5	-59.8667	2.16042	0.0378
-108.0	-59.8667	2.21627	0.0346
-103.5	-59.8667	2.43927	0.042
-99.0	-59.8667	2.66484	0.0898
-94.5	-59.8667	2.68729	0.0391
-90.0	-59.8667	2.70912	0.0344
-85.5	-59.8667	2.94754	0.0395
-81.0	-59.8667	2.91903	0.033
-76.5	-59.8667	3.21683	0.0372
-72.0	-59.8667	3.39637	0.039
-67.5	-59.8667	3.31712	0.0379
-63.0	-59.8667	3.74233	0.0441
-58.5	-59.8667	3.69024	0.0367
-54.0	-59.8667	3.62907	0.0341
-49.5	-59.8667	3.88642	0.0414
-45.0	-59.8667	3.96463	0.0428
-40.5	-59.8667	3.93067	0.0536
-36.0	-59.8667	3.65092	0.0434
-31.5	-59.8667	3.60462	0.0368
-27.0	-59.8667	3.60374	0.0388
-22.5	-59.8667	3.85603	0.0446
-18.0	-59.8667	3.57044	0.0471
-13.5	-59.8667	3.43985	0.0423
-9.0	-59.8667	6.45498	0.6008
-4.5	-59.8667	2.44968	0.0244
0.0	-59.8667	2.48737	0.0345
4.5	-59.8667	2.40069	0.026
9.0	-59.8667	3.00031	0.1484
13.5	-59.8667	3.34925	0.0403
18.0	-59.8667	3.36194	0.0346
22.5	-59.8667	3.46567	0.044
27.0	-59.8667	3.94079	0.0537
31.5	-59.8667	3.62334	0.0389
36.0	-59.8667	3.69355	0.0379
40.5	-59.8667	3.77274	0.0414
45.0	-59.8667	3.87225	0.0397
49.5	-59.8667	3.65905	0.0374
54.0	-59.8667	3.4677	0.0341
58.5	-59.8667	3.60546	0.0384
63.0	-59.8667	3.37891	0.0318
67.5	-59.8667	3.47411	0.0408
72.0	-59.8667	3.24684	0.0458
76.5	-59.8667	3.13644	0.0364
81.0	-59.8667	3.18687	0.038
85.5	-59.8667	3.15131	0.0429
90.0	-59.8667	3.02072	0.0379
94.5	-59.8667	2.92375	0.0432
99.0	-59.8667	2.96292	0.0676
103.5	-59.8667	2.57473	0.0361
108.0	-59.8667	2.54317	0.0396
112.5	-59.8667	2.30789	0.0355
117.0	-59.8667	2.2843	0.0357
121.5	-59.8667	2.17199	0.0386
126.0	-59.8667	1.84872	0.036
130.5	-59.8667	1.86757	0.0442
135.0	-59.8667	1.76018	0.034
139.5	-59.8667	1.75684	0.0405
144.0	-59.8667	1.66812	0.0425
148.5	-59.8667	1.54082	0.0451
153.0	-59.8667	1.48163	0.063
157.5	-59.8667	1.22778	0.0357
162.0	-59.8667	1.26144	0.0513
166.5	-59.8667	1.15179	0.0558
171.0	-59.8667	1.12253	0.0484
175.5	-59.8667	0.885426	0.0504
180.0	-59.8667	0.827295	0.0459
184.5	-59.8667	0.747808	0.0535
189.0	-59.8667	0.687888	0.0462
193.5	-59.8667	0.681876	0.051
198.0	-59.8667	0.542751	0.0559
202.5	-59.8667	0.47256	0.0533
207.0	-59.8667	0.492714	0.0715
211.5	-59.8667	0.379161	0.0561
216.0	-59.8667	0.338713	0.0622
220.5	-59.8667	0.314936	0.0646
225.0	-59.8667	0.304068	0.0527
229.5	-59.8667	0.267401	0.0693
234.0	-59.8667	0.239518	0.0607
238.5	-59.8667	0.219514	0.0659
243.0	-59.8667	0.198252	0.0682
247.5	-59.8667	0.187239	0.0709
252.0	-59.8667	0.225959	0.1858
256.5	-59.8667	0.17973	0.153
261.0	-59.8667	0.142788	0.1016
265.5	-59.8667	0.162582	0.1323
270.0	-59.8667	0.132658	0.0966
274.5	-59.8667	0.156256	0.1897
279.0	-59.8667	0.141121	0.1188
283.5	-59.8667	0.119185	0.1044
288.0	-59.8667	0.115277	0.0992
292.5	-59.8667	0.12063	0.0843
297.0	-59.8667	0.103944	0.1131
301.5	-59.8667	0.101696	0.1215
306.0	-59.8667	0.145078	0.267
310.5	-59.8667	0.128232	0.153
315.0	-59.8667	0.119117	0.2046
319.5	-59.8667	0.11628	0.1134
324.0	-59.8667	0.132822	0.1528
328.5	-59.8667	0.197553	0.4365
333.0	-59.8667	0.110916	0.1485
337.5	-59.8667	0.117025	0.1965
342.0	-59.8667	0.119521	0.2072
346.5	-59.8667	0.0780663	0.0909
351.0	-59.8667	0.0688989	0.1274
355.5	-59.8667	0.0788255	0.1526
360.0	-59.8667	0.0798554	0.17
364.5	-59.8667	0.0944073	0.1923
369.0	-59.8667	0.0759581	0.2064
373.5	-59.8667	0.0580105	0.1164
378.0	-59.8667	0.0784709	0.1875
382.5	-59.8667	0.0595492	0.1586
387.0	-59.8667	0.0719307	0.1974
391.5	-59.8667	0.0771891	0.2212
396.0	-59.8667	0.0484748	0.169
400.5	-59.8667	0.0537327	0.1704
405.0	-59.8667	0.0399264	0.1197
409.5	-59.8667	0.0350555	0.1155
414.0	-59.8667	0.0366077	0.1294
418.5	-59.8667	0.0338428	0.1239
423.0	-59.8667	0.0361572	0.1259
427.5	-59.8667	0.0305298	0.1089
432.0	-59.8667	0.0472629	0.3048
436.5	-59.8667	0.0544308	0.1885
441.0	-59.8667	0.0569728	0.2826
445.5	-59.8667	0.0767426	0.3568
-450.0	-57.3	0.0313441	0.2983
-445.5	-57.3	0.0518022	0.2407
-441.0	-57.3	0.032799	0.2328
-436.5	-57.3	0.0412895	0.2161
-432.0	-57.3	0.0248551	0.1588
-427.5	-57.3	0.0305562	0.1877
-423.0	-57.3	0.0276231	0.1402
-418.5	-57.3	0.0352655	0.1589
-414.0	-57.3	0.0296039	0.1416
-409.5	-57.3	0.05561	0.3437
-405.0	-57.3	0.046812	0.2546
-400.5	-57.3	0.0304051	0.1277
-396.0	-57.3	0.0443808	0.1037
-391.5	-57.3	0.0469167	0.1376
-387.0	-57.3	0.0601132	0.3245
-382.5	-57.3	0.0590992	0.1223
-378.0	-57.3	0.0680272	0.1421
-373.5	-57.3	0.0815625	0.1633
-369.0	-57.3	0.070051	0.135
-364.5	-57.3	0.0542942	0.1027
-360.0	-57.3	0.0753705	0.1311
-355.5	-57.3	0.065306	0.0959
-351.0	-57.3	0.0552611	0.1004
-346.5	-57.3	0.0696431	0.1413
-342.0	-57.3	0.0727656	0.1143
-337.5	-57.3	0.0981031	0.1986
-333.0	-57.3	0.0859323	0.2693
-328.5	-57.3	0.0623661	0.0833
-324.0	-57.3	0.083387	0.0806
-319.5	-57.3	0.0853037	0.0927
-315.0	-57.3	0.0976942	0.11
-310.5	-57.3	0.0842782	0.0738
-306.0	-57.3	0.102656	0.0894
-301.5	-57.3	0.0993297	0.0694
-297.0	-57.3	0.116394	0.073
-292.5	-57.3	0.142121	0.1495
-288.0	-57.3	0.141458	0.1617
-283.5	-57.3	0.14004	0.0735
-279.0	-57.3	0.165891	0.0992
-274.5	-57.3	0.139214	0.0648
-270.0	-57.3	0.180502	0.0836
-265.5	-57.3	0.220193	0.1871
-261.0	-57.3	0.223623	0.1131
-256.5	-57.3	0.209823	0.0651
-252.0	-57.3	0.243623	0.0708
-247.5	-57.3	0.292748	0.1692
-243.0	-57.3	0.297498	0.0809
-238.5	-57.3	0.286488	0.071
-234.0	-57.3	0.28895	0.0527
-229.5	-57.3	0.352683	0.0677
-225.0	-57.3	0.414479	0.1038
-220.5	-57.3	0.387201	0.0533
-216.0	-57.3	0.473357	0.058
-211.5	-57.3	0.528086	0.0572
-207.0	-57.3	0.554647	0.0464
-202.5	-57.3	0.537466	0.0507
-198.0	-57.3	6.72565	0.9078
-193.5	-57.3	0.808124	0.181
-189.0	-57.3	2.19138	0.6751
-184.5	-57.3	0.776643	0.0488
-180.0	-57.3	0.862815	0.0484
-175.5	-57.3	0.921929	0.0556
-171.0	-57.3	0.941742	0.0432
-166.5	-57.3	1.04143	0.0509
-162.0	-57.3	1.02678	0.04
-157.5	-57.3	1.15756	0.0411
-153.0	-57.3	1.22415	0.0392
-148.5	-57.3	1.49941	0.0916
-144.0	-57.3	1.52704	0.0417
-139.5	-57.3	1.60568	0.038
-135.0	-57.3	1.76545	0.0461
-130.5	-57.3	1.79965	0.0466
-126.0	-57.3	1.81248	0.0361
-121.5	-57.3	2.18733	0.0473
-117.0	-57.3	2.44323	0.1285
-112.5	-57.3	2.21102	0.0403
-108.0	-57.3	2.40006	0.0388
-103.5	-57.3	2.4642	0.0341
-99.0	-57.3	2.56567	0.0373
-94.5	-57.3	2.51876	0.0278
-90.0	-57.3	2.89805	0.0382
-85.5	-57.3	3.02156	0.0424
-81.0	-57.3	3.19239	0.0391
-76.5	-57.3	3.65196	0.0494
-72.0	-57.3	3.58193	0.042
-67.5	-57.3	3.97888	0.046
-63.0	-57.3	3.82124	0.037
-58.5	-57.3	4.05679	0.0451
-54.0	-57.3	3.86745	0.0353
-49.5	-57.3	3.83329	0.0345
-45.0	-57.3	3.66456	0.0333
-40.5	-57.3	3.72881	0.0338
-36.0	-57.3	4.67793	0.1443
-31.5	-57.3	3.87847	0.0357
-27.0	-57.3	3.87089	0.0404
-22.5	-57.3	3.8475	0.0437
-18.0	-57.3	3.62951	0.0403
-13.5	-57.3	3.59538	0.1237
-9.0	-57.3	3.85368	0.3046
-4.5	-57.3	2.41992	0.0245
0.0	-57.3	2.52422	0.0261
4.5	-57.3	2.60526	0.0336
9.0	-57.3	2.68015	0.0273
13.5	-57.3	4.02924	0.1322
18.0	-57.3	5.00419	0.2808
22.5	-57.3	3.66629	0.0412
27.0	-57.3	3.71088	0.0374
31.5	-57.3	3.68802	0.0469
36.0	-57.3	4.07096	0.0459
40.5	-57.3	3.6221	0.036
45.0	-57.3	3.93509	0.0423
49.5	-57.3	3.59438	0.0305
54.0	-57.3	3.78844	0.0373
58.5	-57.3	3.89039	0.0385
63.0	-57.3	3.71023	0.0414
67.5	-57.3	3.57236	0.0442
72.0	-57.3	3.60306	0.0386
76.5	-57.3	7.08539	0.5102
81.0	-57.3	3.44444	0.0414
85.5	-57.3	3.15845	0.0329
90.0	-57.3	3.33338	0.0506
94.5	-57.3	2.96279	0.041
99.0	-57.3	2.84108	0.0415
103.5	-57.3	2.69824	0.0457
108.0	-57.3	2.50179	0.0465
112.5	-57.3	2.27815	0.0288
117.0	-57.3	2.2641	0.0293
121.5	-57.3	2.29282	0.0769
126.0	-57.3	2.82458	0.2994
130.5	-57.3	2.14778	0.0522
135.0	-57.3	1.94076	0.04
139.5	-57.3	1.85471	0.0464
144.0	-57.3	1.87472	0.0519
148.5	-57.3	1.70895	0.0495
153.0	-57.3	1.552	0.0484
157.5	-57.3	1.34952	0.0419
162.0	-57.3	1.34962	0.0502
166.5	-57.3	1.23108	0.0694
171.0	-57.3	1.01631	0.0403
175.5	-57.3	1.04449	0.0429
180.0	-57.3	0.93252	0.042
184.5	-57.3	0.769174	0.0451
189.0	-57.3	0.781415	0.0638
193.5	-57.3	0.657898	0.0503
198.0	-57.3	0.568297	0.0439
202.5	-57.3	0.475179	0.0395
207.0	-57.3	0.478859	0.0585
211.5	-57.3	0.407726	0.0547
216.0	-57.3	0.344395	0.051
220.5	-57.3	0.343921	0.0817
225.0	-57.3	0.320235	0.0745
229.5	-57.3	0.281997	0.0802
234.0	-57.3	0.261913	0.1484
238.5	-57.3	0.232991	0.0782
243.0	-57.3	0.206361	0.0502
247.5	-57.3	0.210675	0.0893
252.0	-57.3	0.213324	0.1158
256.5	-57.3	0.157292	0.0575
261.0	-57.3	0.14459	0.0677
265.5	-57.3	0.150526	0.0845
270.0	-57.3	0.148468	0.1054
274.5	-57.3	0.112387	0.0624
279.0	-57.3	0.133665	0.1028
283.5	-57.3	0.151957	0.2488
288.0	-57.3	0.114343	0.0722
292.5	-57.3	0.111707	0.0882
297.0	-57.3	0.119056	0.1046
301.5	-57.3	0.0998681	0.0824
306.0	-57.3	0.109159	0.1236
310.5	-57.3	0.106327	0.1755
315.0	-57.3	0.127332	0.1501
319.5	-57.3	0.118012	0.1218
324.0	-57.3	0.11038	0.1563
328.5	-57.3	0.0849342	0.0804
333.0	-57.3	0.115208	0.1646
337.5	-57.3	0.110394	0.1338
342.0	-57.3	0.0930188	0.2166
346.5	-57.3	0.121441	0.219
351.0	-57.3	0.0816353	0.1547
355.5	-57.3	0.0910014	0.1539
360.0	-57.3	0.089887	0.1359
364.5	-57.3	0.0964965	0.2488
369.0	-57.3	0.0768012	0.1821
373.5	-57.3	0.102132	0.2716
378.0	-57.3	0.0620177	0.1045
382.5	-57.3	0.0863332	0.2385
387.0	-57.3	0.0771472	0.1942
391.5	-57.3	0.0612989	0.1078
396.0	-57.3	0.045106	0.1145
400.5	-57.3	0.0448215	0.1201
405.0	-57.3	0.0322328	0.1082
409.5	-57.3	0.0474039	0.2043
414.0	-57.3	0.035315	0.1455
418.5	-57.3	0.0524404	0.3618
423.0	-57.3	0.0388102	0.1203
427.5	-57.3	0.0324256	0.116
432.0	-57.3	0.0476397	0.2519
436.5	-57.3	0.0431262	0.202
441.0	-57.3	0.0444461	0.1842
445.5	-57.3	0.0462107	0.1297
-450.0	-54.7333	0.0352699	0.1153
-445.5	-54.7333	0.0378848	0.1763
-441.0	-54.7333	0.0403507	0.1382
-436.5	-54.7333	0.047253	0.208
-432.0	-54.7333	0.0384407	0.2366
-427.5	-54.7333	0.0518499	0.3693
-423.0	-54.7333	0.0310028	0.1804
-418.5	-54.7333	0.0391736	0.2356
-414.0	-54.7333	0.027693	0.1228
-409.5	-54.7333	0.0312191	0.1143
-405.0	-54.7333	0.0391823	0.1145
-400.5	-54.7333	0.0394014	0.1007
-396.0	-54.7333	0.0462638	0.1948
-391.5	-54.7333	0.0457748	0.1132
-387.0	-54.7333	0.0615321	0.1446
-382.5	-54.7333	0.0480242	0.1151
-378.0	-54.7333	0.0601928	0.1352
-373.5	-54.7333	0.219064	0.73
-369.0	-54.7333	0.069492	0.2035
-364.5	-54.7333	0.0558304	0.1291
-360.0	-54.7333	0.0575348	0.1064
-355.5	-54.7333	0.0683203	0.0997
-351.0	-54.7333	0.0757475	0.1438
-346.5	-54.7333	0.0899756	0.225
-342.0	-54.7333	0.086186	0.1004
-337.5	-54.7333	0.0791832	0.146
-333.0	-54.7333	0.0774883	0.1011
-328.5	-54.7333	0.0940205	0.1741
-324.0	-54.7333	0.0828217	0.079
-319.5	-54.7333	0.0940118	0.0921
-315.0	-54.7333	0.0940001	0.0906
-310.5	-54.7333	0.0863638	0.0789
-306.0	-54.7333	0.0991327	0.1076
-301.5	-54.7333	0.113621	0.1244
-297.0	-54.7333	0.125025	0.1232
-292.5	-54.7333	0.122327	0.0778
-288.0	-54.7333	0.129394	0.0641
-283.5	-54.7333	0.148041	0.0892
-279.0	-54.7333	0.136555	0.0631
-274.5	-54.7333	0.14989	0.0644
-270.0	-54.7333	0.166049	0.0675
-265.5	-54.7333	0.189358	0.0788
-261.0	-54.7333	0.221854	0.0827
-256.5	-54.7333	0.202871	0.0567
-252.0	-54.7333	0.233112	0.066
-247.5	-54.7333	0.275137	0.0573
-243.0	-54.7333	0.250993	0.0502
-238.5	-54.7333	0.285343	0.0491
-234.0	-54.7333	0.285379	0.0543
-229.5	-54.7333	0.319669	0.0464
-225.0	-54.7333	0.368082	0.0489
-220.5	-54.7333	0.441288	0.0984
-216.0	-54.7333	0.469961	0.0509
-211.5	-54.7333	0.498881	0.0538
-207.0	-54.7333	0.56646	0.062
-202.5	-54.7333	0.59076	0.0574
-198.0	-54.7333	0.662483	0.0576
-193.5	-54.7333	0.748257	0.1007
-189.0	-54.7333	0.73105	0.0451
-184.5	-54.7333	0.796023	0.0467
-180.0	-54.7333	0.843493	0.0497
-175.5	-54.7333	0.945206	0.0491
-171.0	-54.7333	1.00457	0.05
-166.5	-54.7333	0.99958	0.0368
-162.0	-54.7333	1.11219	0.0363
-157.5	-54.7333	1.14227	0.0361
-153.0	-54.7333	1.35231	0.0447
-148.5	-54.7333	1.54652	0.05
-144.0	-54.7333	1.58909	0.0527
-139.5	-54.7333	1.69202	0.0415
-135.0	-54.7333	1.71393	0.0405
-130.5	-54.7333	1.78156	0.0371
-126.0	-54.7333	1.96529	0.0404
-121.5	-54.7333	2.05808	0.0402
-117.0	-54.7333	2.20065	0.0359
-112.5	-54.7333	2.30704	0.0311
-108.0	-54.7333	2.39685	0.0365
-103.5	-54.7333	2.73671	0.0423
-99.0	-54.7333	2.75054	0.0383
-94.5	-54.7333	2.93308	0.0412
-90.0	-54.7333	3.00148	0.0344
-85.5	-54.7333	3.24369	0.0364
-81.0	-54.7333	3.3488	0.0371
-76.5	-54.7333	4.05243	0.0475
-72.0	-54.7333	3.53626	0.0342
-67.5	-54.7333	3.89166	0.0368
-63.0	-54.7333	3.98922	0.0349
-58.5	-54.7333	7.33294	0.4579
-54.0	-54.7333	3.96836	0.034
-49.5	-54.7333	3.78585	0.0339
-45.0	-54.7333	3.83429	0.0342
-40.5	-54.7333	4.11234	0.0436
-36.0	-54.7333	4.06568	0.0461
-31.5	-54.7333	3.80931	0.0301
-27.0	-54.7333	4.15184	0.0401
-22.5	-54.7333	3.84404	0.0398
-18.0	-54.7333	4.1085	0.0505
-13.5	-54.7333	4.05004	0.137
-9.0	-54.7333	3.08184	0.0952
-4.5	-54.7333	2.59686	0.0232
0.0	-54.7333	2.71682	0.03
4.5	-54.7333	2.54243	0.0266
9.0	-54.7333	3.56338	0.1994
13.5	-54.7333	5.51992	0.3335
18.0	-54.7333	4.86985	0.2301
22.5	-54.7333	3.89203	0.0421
27.0	-54.7333	4.2702	0.0398
31.5	-54.7333	3.863	0.0368
36.0	-54.7333	3.80441	0.0415
40.5	-54.7333	3.82261	0.0337
45.0	-54.7333	4.11502	0.0454
49.5	-54.7333	4.06969	0.0402
54.0	-54.7333	3.79914	0.0353
58.5	-54.7333	3.96432	0.0504
63.0	-54.7333	3.7993	0.0355
67.5	-54.7333	3.59062	0.0319
72.0	-54.7333	3.74847	0.0419
76.5	-54.7333	5.85676	0.3168
81.0	-54.7333	3.40154	0.0338
85.5	-54.7333	3.4566	0.0433
90.0	-54.7333	3.13194	0.0387
94.5	-54.7333	2.90185	0.0317
99.0	-54.7333	2.69043	0.0284
103.5	-54.7333	2.86788	0.0433
108.0	-54.7333	2.75943	0.0353
112.5	-54.7333	2.50299	0.0325
117.0	-54.7333	2.3881	0.0361
121.5	-54.7333	2.29446	0.0354
126.0	-54.7333	2.30544	0.0465
130.5	-54.7333	2.13255	0.0416
135.0	-54.7333	1.9603	0.042
139.5	-54.7333	1.82407	0.0359
144.0	-54.7333	1.70991	0.0355
148.5	-54.7333	1.76898	0.0509
153.0	-54.7333	1.61142	0.0722
157.5	-54.7333	1.48219	0.0435
162.0	-54.7333	1.36496	0.0478
166.5	-54.7333	1.17393	0.0417
171.0	-54.7333	1.15615	0.0534
175.5	-54.7333	1.04857	0.0488
180.0	-54.7333	0.92476	0.0559
184.5	-54.7333	0.909283	0.0599
189.0	-54.7333	0.728304	0.0477
193.5	-54.7333	0.66923	0.0655
198.0	-54.7333	0.587566	0.0555
202.5	-54.7333	0.547021	0.0662
207.0	-54.7333	0.512706	0.1006
211.5	-54.7333	0.466665	0.0616
216.0	-54.7333	0.401185	0.0536
220.5	-54.7333	0.406655	0.1173
225.0	-54.7333	0.311908	0.0705
229.5	-54.7333	0.275435	0.0594
234.0	-54.7333	0.247118	0.0517
238.5	-54.7333	0.234697	0.0509
243.0	-54.7333	0.209915	0.0544
247.5	-54.7333	0.21247	0.101
252.0	-54.7333	0.17142	0.0622
256.5	-54.7333	0.180567	0.0672
261.0	-54.7333	0.184983	0.0914
265.5	-54.7333	0.171351	0.1913
270.0	-54.7333	0.136766	0.0857
274.5	-54.7333	0.176866	0.1173
279.0	-54.7333	0.162929	0.1577
283.5	-54.7333	0.126531	0.0974
288.0	-54.7333	0.120334	0.1115
292.5	-54.7333	0.122198	0.0666
297.0	-54.7333	0.101072	0.0637
301.5	-54.7333	0.126625	0.1089
306.0	-54.7333	0.0912778	0.0627
310.5	-54.7333	0.115963	0.1296
315.0	-54.7333	0.0953688	0.0901
319.5	-54.7333	0.135491	0.1727
324.0	-54.7333	0.10556	0.0976
328.5	-54.7333	0.115959	0.2189
333.0	-54.7333	0.103503	0.1384
337.5	-54.7333	0.146917	0.2467
342.0	-54.7333	0.0898483	0.1162
346.5	-54.7333	0.091741	0.1697
351.0	-54.7333	0.0815862	0.0951
355.5	-54.7333	0.0768363	0.0754
360.0	-54.7333	0.0915288	0.2023
364.5	-54.7333	0.0713084	0.1147
369.0	-54.7333	0.0896198	0.3719
373.5	-54.7333	0.0684216	0.1005
378.0	-54.7333	0.0733578	0.111
382.5	-54.7333	0.0557134	0.1324
387.0	-54.7333	0.0650206	0.1516
391.5	-54.7333	0.0503632	0.1415
396.0	-54.7333	0.0664288	0.2574
400.5	-54.7333	0.0500669	0.13
405.0	-54.7333	0.0455125	0.1068
409.5	-54.7333	0.0418793	0.1067
414.0	-54.7333	0.0370118	0.1198
418.5	-54.7333	0.045405	0.2573
423.0	-54.7333	0.0354362	0.1166
427.5	-54.7333	0.0491727	0.2486
432.0	-54.7333	0.0387162	0.169
436.5	-54.7333	0.0456627	0.1673
441.0	-54.7333	0.0398077	0.1466
445.5	-54.7333	0.0345544	0.1294
-450.0	-52.1667	0.0340159	0.1531
-445.5	-52.1667	0.0273523	0.1195
-441.0	-52.1667	0.0333036	0.1531
-436.5	-52.1667	0.0347664	0.2568
-432.0	-52.1667	0.028015	0.1333
-427.5	-52.1667	0.0444335	0.301
-423.0	-52.1667	0.0352131	0.1794
-418.5	-52.1667	0.0316859	0.1289
-414.0	-52.1667	0.0279628	0.1259
-409.5	-52.1667	0.0302045	0.1405
-405.0	-52.1667	0.0331905	0.1222
-400.5	-52.1667	0.0427493	0.1098
-396.0	-52.1667	0.0398804	0.1079
-391.5	-52.1667	0.0364572	0.1116
-387.0	-52.1667	0.0527235	0.1723
-382.5	-52.1667	0.0455439	0.1194
-378.0	-52.1667	0.0610222	0.2647
-373.5	-52.1667	0.0909516	0.2022
-369.0	-52.1667	0.0642432	0.1141
-364.5	-52.1667	0.0568079	0.1004
-360.0	-52.1667	0.0685021	0.1193
-355.5	-52.1667	0.0729614	0.264
-351.0	-52.1667	0.0767703	0.1761
-346.5	-52.1667	0.068839	0.0991
-342.0	-52.1667	0.0852661	0.1464
-337.5	-52.1667	0.0697185	0.0855
-333.0	-52.1667	0.0963817	0.134
-328.5	-52.1667	0.101178	0.1023
-324.0	-52.1667	0.0800362	0.0827
-319.5	-52.1667	0.102369	0.119
-315.0	-52.1667	0.113025	0.1066
-310.5	-52.1667	0.0942621	0.0725
-306.0	-52.1667	0.1163	0.1246
-301.5	-52.1667	0.11056	0.1492
-297.0	-52.1667	0.111354	0.0763
-292.5	-52.1667	0.151682	0.1394
-288.0	-52.1667	0.127494	0.0903
-283.5	-52.1667	0.141464	0.0816
-279.0	-52.1667	0.175808	0.0853
-274.5	-52.1667	0.199889	0.1013
-270.0	-52.1667	0.187918	0.08
-265.5	-52.1667	0.165002	0.0641
-261.0	-52.1667	0.219421	0.0721
-256.5	-52.1667	0.23686	0.061
-252.0	-52.1667	0.254344	0.0714
-247.5	-52.1667	0.286135	0.064
-243.0	-52.1667	0.281036	0.0499
-238.5	-52.1667	0.299445	0.0637
-234.0	-52.1667	0.280817	0.0527
-229.5	-52.1667	0.340668	0.0534
-225.0	-52.1667	0.364035	0.0592
-220.5	-52.1667	0.403383	0.0472
-216.0	-52.1667	0.490535	0.0572
-211.5	-52.1667	0.491755	0.0575
-207.0	-52.1667	0.820502	0.2898
-202.5	-52.1667	0.675516	0.0766
-198.0	-52.1667	0.69036	0.0709
-193.5	-52.1667	0.702495	0.0635
-189.0	-52.1667	0.786285	0.048
-184.5	-52.1667	0.826831	0.0444
-180.0	-52.1667	0.894731	0.0435
-175.5	-52.1667	0.948615	0.0502
-171.0	-52.1667	1.03326	0.0367
-166.5	-52.1667	1.05154	0.0365
-162.0	-52.1667	1.32297	0.0559
-157.5	-52.1667	1.29509	0.0395
-153.0	-52.1667	1.4766	0.0509
-148.5	-52.1667	1.50857	0.0446
-144.0	-52.1667	1.62922	0.0503
-139.5	-52.1667	1.53605	0.0438
-135.0	-52.1667	1.63757	0.0397
-130.5	-52.1667	1.85511	0.0436
-126.0	-52.1667	2.01469	0.0353
-121.5	-52.1667	2.11007	0.0456
-117.0	-52.1667	2.37693	0.0597
-112.5	-52.1667	2.25722	0.0326
-108.0	-52.1667	2.64795	0.0427
-103.5	-52.1667	2.75797	0.0379
-99.0	-52.1667	6.67925	0.5475
-94.5	-52.1667	3.24163	0.0635
-90.0	-52.1667	3.15981	0.0364
-85.5	-52.1667	3.23113	0.0391
-81.0	-52.1667	3.34999	0.0331
-76.5	-52.1667	3.89241	0.0434
-72.0	-52.1667	3.81914	0.031
-67.5	-52.1667	3.88898	0.0353
-63.0	-52.1667	4.11898	0.0377
-58.5	-52.1667	5.9105	0.2615
-54.0	-52.1667	4.19008	0.0494
-49.5	-52.1667	4.16662	0.0332
-45.0	-52.1667	3.71624	0.0295
-40.5	-52.1667	4.28894	0.051
-36.0	-52.1667	4.46747	0.0471
-31.5	-52.1667	4.11509	0.0368
-27.0	-52.1667	4.02542	0.0371
-22.5	-52.1667	3.91212	0.0384
-18.0	-52.1667	4.20406	0.0651
-13.5	-52.1667	3.48146	0.0348
-9.0	-52.1667	2.78455	0.0226
-4.5	-52.1667	2.7523	0.0375
0.0	-52.1667	2.61747	0.0209
4.5	-52.1667	4.12926	0.3091
9.0	-52.1667	3.00134	0.0414
13.5	-52.1667	3.70209	0.0372
18.0	-52.1667	3.99631	0.0418
22.5	-52.1667	3.78825	0.032
27.0	-52.1667	4.10587	0.0404
31.5	-52.1667	3.9509	0.0359
36.0	-52.1667	4.13278	0.0346
40.5	-52.1667	4.01531	0.0336
45.0	-52.1667	3.96037	0.0296
49.5	-52.1667	4.03716	0.0348
54.0	-52.1667	4.16394	0.0382
58.5	-52.1667	3.79767	0.0377
63.0	-52.1667	3.75661	0.0306
67.5	-52.1667	3.6271	0.0301
72.0	-52.1667	3.87199	0.0385
76.5	-52.1667	3.67321	0.0419
81.0	-52.1667	3.52103	0.0418
85.5	-52.1667	3.51495	0.0479
90.0	-52.1667	3.1271	0.0368
94.5	-52.1667	3.27509	0.042
99.0	-52.1667	3.13695	0.0406
103.5	-52.1667	2.95917	0.038
108.0	-52.1667	2.72466	0.0335
112.5	-52.1667	2.85822	0.0543
117.0	-52.1667	3.02624	0.124
121.5	-52.1667	2.35724	0.0331
126.0	-52.1667	2.24138	0.0355
130.5	-52.1667	2.01954	0.0285
135.0	-52.1667	1.95509	0.0377
139.5	-52.1667	1.83246	0.0342
144.0	-52.1667	1.79262	0.0535
148.5	-52.1667	1.66152	0.0474
153.0	-52.1667	1.64632	0.0477
157.5	-52.1667	1.47506	0.0462
162.0	-52.1667	1.29127	0.039
166.5	-52.1667	1.24368	0.0423
171.0	-52.1667	1.15232	0.0502
175.5	-52.1667	1.11493	0.0538
180.0	-52.1667	0.933495	0.0586
184.5	-52.1667	0.967129	0.0553
189.0	-52.1667	0.788632	0.051
193.5	-52.1667	0.702594	0.053
198.0	-52.1667	0.54948	0.0364
202.5	-52.1667	0.527227	0.0406
207.0	-52.1667	0.52523	0.0724
211.5	-52.1667	0.449235	0.0535
216.0	-52.1667	0.411189	0.0628
220.5	-52.1667	0.337043	0.051
225.0	-52.1667	0.37141	0.0687
229.5	-52.1667	0.262807	0.0491
234.0	-52.1667	0.24142	0.05
238.5	-52.1667	0.270426	0.0917
243.0	-52.1667	0.220378	0.0625
247.5	-52.1667	0.214635	0.0562
252.0	-52.1667	0.191994	0.0591
256.5	-52.1667	0.174548	0.059
261.0	-52.1667	0.180726	0.1101
265.5	-52.1667	0.199024	0.1532
270.0	-52.1667	0.153304	0.0665
274.5	-52.1667	0.141819	0.0637
279.0	-52.1667	0.111235	0.0545
283.5	-52.1667	0.14605	0.1049
288.0	-52.1667	0.129729	0.1187
292.5	-52.1667	0.126809	0.0796
297.0	-52.1667	0.118617	0.0699
301.5	-52.1667	0.129783	0.1234
306.0	-52.1667	0.118708	0.0756
310.5	-52.1667	0.121762	0.0747
315.0	-52.1667	0.122852	0.1139
319.5	-52.1667	0.128434	0.1406
324.0	-52.1667	0.0864551	0.0648
328.5	-52.1667	0.130471	0.1256
333.0	-52.1667	0.105027	0.1077
337.5	-52.1667	0.106658	0.1463
342.0	-52.1667	0.16032	0.3493
346.5	-52.1667	0.0807132	0.134
351.0	-52.1667	0.0712471	0.0809
355.5	-52.1667	0.093171	0.1561
360.0	-52.1667	0.0701859	0.076
364.5	-52.1667	0.0821369	0.0892
369.0	-52.1667	0.0993857	0.2186
373.5	-52.1667	0.0712266	0.0857
378.0	-52.1667	0.0592563	0.0973
382.5	-52.1667	0.0693358	0.1918
387.0	-52.1667	0.0597661	0.1261
391.5	-52.1667	0.0836052	0.2764
396.0	-52.1667	0.055122	0.1481
400.5	-52.1667	0.0480156	0.1138
405.0	-52.1667	0.0477899	0.1667
409.5	-52.1667	0.0364256	0.1096
414.0	-52.1667	0.0388365	0.1551
418.5	-52.1667	0.0409154	0.1649
423.0	-52.1667	0.0450627	0.1598
427.5	-52.1667	0.0469622	0.1919
432.0	-52.1667	0.0327521	0.1748
436.5	-52.1667	0.0525483	0.3243
441.0	-52.1667	0.042133	0.0994
445.5	-52.1667	0.0486598	0.1985
-450.0	-49.6	0.0337854	0.1225
-445.5	-49.6	0.0563074	0.3419
-441.0	-49.6	0.0306023	0.1184
-436.5	-49.6	0.0330228	0.3276
-432.0	-49.6	0.0304821	0.2088
-427.5	-49.6	0.025525	0.1093
-423.0	-49.6	0.0374304	0.202
-418.5	-49.6	0.0279252	0.1267
-414.0	-49.6	0.0255108	0.1181
-409.5	-49.6	0.0555558	0.2383
-405.0	-49.6	0.0312979	0.1011
-400.5	-49.6	0.0515354	0.1468
-396.0	-49.6	0.060127	0.219
-391.5	-49.6	0.0535549	0.1336
-387.0	-49.6	0.0754846	0.4024
-382.5	-49.6	0.0581907	0.1118
-378.0	-49.6	0.0518374	0.1048
-373.5	-49.6	0.448847	0.8489
-369.0	-49.6	0.0614552	0.1223
-364.5	-49.6	0.0697118	0.1853
-360.0	-49.6	0.0576741	0.0935
-355.5	-49.6	0.0940345	0.2204
-351.0	-49.6	0.0742151	0.1699
-346.5	-49.6	0.0653907	0.0861
-342.0	-49.6	0.0809346	0.1054
-337.5	-49.6	0.102196	0.1944
-333.0	-49.6	0.0802763	0.0768
-328.5	-49.6	0.107055	0.107
-324.0	-49.6	0.0869729	0.0728
-319.5	-49.6	0.0916431	0.0827
-315.0	-49.6	0.104802	0.1181
-310.5	-49.6	0.104449	0.0713
-306.0	-49.6	0.132415	0.1023
-301.5	-49.6	0.141518	0.1282
-297.0	-49.6	0.141369	0.1009
-292.5	-49.6	0.140723	0.118
-288.0	-49.6	0.135692	0.0636
-283.5	-49.6	0.180824	0.0925
-279.0	-49.6	0.187996	0.0899
-274.5	-49.6	0.161107	0.0621
-270.0	-49.6	0.195949	0.0711
-265.5	-49.6	0.205516	0.0758
-261.0	-49.6	0.211439	0.0847
-256.5	-49.6	0.247996	0.0705
-252.0	-49.6	0.222532	0.0517
-247.5	-49.6	0.275116	0.0666
-243.0	-49.6	0.268475	0.056
-238.5	-49.6	0.340726	0.0728
-234.0	-49.6	0.357183	0.0822
-229.5	-49.6	0.368644	0.0466
-225.0	-49.6	0.411663	0.067
-220.5	-49.6	0.455063	0.0582
-216.0	-49.6	0.552842	0.0685
-211.5	-49.6	0.785112	0.2109
-207.0	-49.6	0.787787	0.245
-202.5	-49.6	0.612644	0.0447
-198.0	-49.6	0.692176	0.0474
-193.5	-49.6	0.669235	0.0436
-189.0	-49.6	0.764155	0.0401
-184.5	-49.6	3.80405	0.7873
-180.0	-49.6	6.05932	0.8507
-175.5	-49.6	0.943346	0.0473
-171.0	-49.6	1.03275	0.0421
-166.5	-49.6	1.18893	0.0551
-162.0	-49.6	1.25122	0.0445
-157.5	-49.6	1.34838	0.0486
-153.0	-49.6	1.39326	0.0467
-148.5	-49.6	1.45567	0.0418
-144.0	-49.6	1.55273	0.0339
-139.5	-49.6	1.66476	0.0399
-135.0	-49.6	1.9082	0.0496
-130.5	-49.6	1.85023	0.0335
-126.0	-49.6	1.95271	0.0285
-121.5	-49.6	2.23119	0.0359
-117.0	-49.6	2.45964	0.037
-112.5	-49.6	2.57508	0.043
-108.0	-49.6	2.64271	0.0325
-103.5	-49.6	2.82412	0.0469
-99.0	-49.6	2.86118	0.0383
-94.5	-49.6	6.00934	0.5116
-90.0	-49.6	3.03882	0.0283
-85.5	-49.6	3.17836	0.0325
-81.0	-49.6	3.64439	0.0386
-76.5	-49.6	3.69031	0.035
-72.0	-49.6	4.04421	0.041
-67.5	-49.6	3.94579	0.0372
-63.0	-49.6	4.2668	0.0395
-58.5	-49.6	4.40255	0.0674
-54.0	-49.6	4.37775	0.0404
-49.5	-49.6	4.33916	0.0426
-45.0	-49.6	4.10084	0.0329
-40.5	-49.6	4.10945	0.0343
-36.0	-49.6	4.47506	0.0435
-31.5	-49.6	4.42015	0.0527
-27.0	-49.6	4.36548	0.0435
-22.5	-49.6	4.81122	0.0974
-18.0	-49.6	3.92012	0.0338
-13.5	-49.6	3.88118	0.0403
-9.0	-49.6	3.10664	0.0485
-4.5	-49.6	3.17611	0.0902
0.0	-49.6	3.46482	0.1738
4.5	-49.6	5.87753	0.394
9.0	-49.6	3.63106	0.1646
13.5	-49.6	3.94396	0.1372
18.0	-49.6	3.91534	0.0377
22.5	-49.6	5.78463	0.3036
27.0	-49.6	4.05907	0.0347
31.5	-49.6	4.14601	0.0425
36.0	-49.6	4.46087	0.0499
40.5	-49.6	4.31531	0.0388
45.0	-49.6	4.36162	0.0424
49.5	-49.6	3.92433	0.0337
54.0	-49.6	4.49737	0.0467
58.5	-49.6	3.83132	0.0292
63.0	-49.6	3.87633	0.0334
67.5	-49.6	3.88441	0.0302
72.0	-49.6	3.7798	0.0379
76.5	-49.6	3.77513	0.0344
81.0	-49.6	3.54875	0.0344
85.5	-49.6	3.45325	0.0322
90.0	-49.6	3.40507	0.0393
94.5	-49.6	3.18202	0.0343
99.0	-49.6	3.00393	0.0347
103.5	-49.6	3.09285	0.0468
108.0	-49.6	2.83314	0.0389
112.5	-49.6	3.02594	0.0613
117.0	-49.6	2.57768	0.0479
121.5	-49.6	2.66669	0.0516
126.0	-49.6	2.4509	0.0414
130.5	-49.6	2.09373	0.0329
135.0	-49.6	2.10094	0.041
139.5	-49.6	2.00057	0.045
144.0	-49.6	1.76273	0.0384
148.5	-49.6	1.75137	0.0415
153.0	-49.6	1.68171	0.0384
157.5	-49.6	1.49225	0.0346
162.0	-49.6	1.3952	0.0389
166.5	-49.6	1.25013	0.0424
171.0	-49.6	1.17664	0.0424
175.5	-49.6	1.14402	0.0502
180.0	-49.6	0.965519	0.0381
184.5	-49.6	0.854222	0.0402
189.0	-49.6	0.807584	0.0565
193.5	-49.6	0.713295	0.0709
198.0	-49.6	0.652311	0.0704
202.5	-49.6	0.579508	0.0624
207.0	-49.6	0.801944	0.2656
211.5	-49.6	0.616094	0.2543
216.0	-49.6	0.421305	0.0746
220.5	-49.6	0.346341	0.0478
225.0	-49.6	0.313738	0.0485
229.5	-49.6	0.297921	0.0704
234.0	-49.6	0.335065	0.1424
238.5	-49.6	0.275595	0.0662
243.0	-49.6	0.223412	0.0794
247.5	-49.6	0.228146	0.0833
252.0	-49.6	0.204043	0.0681
256.5	-49.6	0.188834	0.0771
261.0	-49.6	0.156106	0.0574
265.5	-49.6	0.155312	0.0604
270.0	-49.6	0.154626	0.0994
274.5	-49.6	0.142765	0.1295
279.0	-49.6	0.14359	0.0725
283.5	-49.6	0.138498	0.0878
288.0	-49.6	0.113472	0.0621
292.5	-49.6	0.125051	0.1002
297.0	-49.6	0.109275	0.0685
301.5	-49.6	0.114638	0.1172
306.0	-49.6	0.138547	0.1589
310.5	-49.6	0.160749	0.2665
315.0	-49.6	0.11494	0.132
319.5	-49.6	0.0862601	0.0695
324.0	-49.6	0.138227	0.1785
328.5	-49.6	0.102683	0.1352
333.0	-49.6	0.0909058	0.0665
337.5	-49.6	0.0995143	0.1477
342.0	-49.6	0.0834182	0.072
346.5	-49.6	0.110954	0.2304
351.0	-49.6	0.100866	0.137
355.5	-49.6	0.0853232	0.1536
360.0	-49.6	0.0818883	0.1038
364.5	-49.6	0.0765045	0.0961
369.0	-49.6	0.13593	0.4308
373.5	-49.6	0.0770842	0.1477
378.0	-49.6	0.0778392	0.1938
382.5	-49.6	0.0565328	0.0971
387.0	-49.6	0.053926	0.1072
391.5	-49.6	0.0560545	0.1244
396.0	-49.6	0.0539589	0.1205
400.5	-49.6	0.0842226	0.2762
405.0	-49.6	0.0627474	0.1609
409.5	-49.6	0.0470343	0.1511
414.0	-49.6	0.0462935	0.1996
418.5	-49.6	0.0409998	0.106
423.0	-49.6	0.0312112	0.1201
427.5	-49.6	0.0335496	0.1645
432.0	-49.6	0.032508	0.1528
436.5	-49.6	0.0422873	0.126
441.0	-49.6	0.0713089	0.353
445.5	-49.6	0.0514475	0.1669
-450.0	-47.0333	0.0715365	0.4847
-445.5	-47.0333	0.0506553	0.2439
-441.0	-47.0333	0.0475662	0.2059
-436.5	-47.0333	0.0273563	0.1507
-432.0	-47.0333	0.0463057	0.2589
-427.5	-47.0333	0.0245971	0.125
-423.0	-47.0333	0.0319795	0.1466
-418.5	-47.0333	0.0408384	0.1844
-414.0	-47.0333	0.0357081	0.1533
-409.5	-47.0333	0.0327812	0.1218
-405.0	-47.0333	0.0403822	0.1237
-400.5	-47.0333	0.0451633	0.1388
-396.0	-47.0333	0.0391486	0.0966
-391.5	-47.0333	0.0486463	0.1397
-387.0	-47.0333	0.0510024	0.0987
-382.5	-47.0333	0.0559431	0.1544
-378.0	-47.0333	0.0563072	0.1117
-373.5	-47.0333	0.0576829	0.1014
-369.0	-47.0333	0.0631375	0.1069
-364.5	-47.0333	0.0792082	0.1552
-360.0	-47.0333	0.0749097	0.1057
-355.5	-47.0333	0.0627775	0.1123
-351.0	-47.0333	0.0746586	0.1278
-346.5	-47.0333	0.0908213	0.184
-342.0	-47.0333	0.0988509	0.1707
-337.5	-47.0333	0.0841307	0.1044
-333.0	-47.0333	0.088512	0.0763
-328.5	-47.0333	0.08285	0.0781
-324.0	-47.0333	0.0835435	0.0876
-319.5	-47.0333	0.0938166	0.09
-315.0	-47.0333	0.11149	0.0996
-310.5	-47.0333	0.108389	0.0875
-306.0	-47.0333	0.129403	0.0877
-301.5	-47.0333	0.144435	0.1124
-297.0	-47.0333	0.13127	0.0779
-292.5	-47.0333	0.149247	0.0876
-288.0	-47.0333	0.134492	0.0675
-283.5	-47.0333	0.158725	0.0673
-279.0	-47.0333	0.158679	0.0618
-274.5	-47.0333	0.198786	0.0958
-270.0	-47.0333	0.201227	0.0893
-265.5	-47.0333	0.19327	0.0725
-261.0	-47.0333	0.22371	0.0702
-256.5	-47.0333	0.235365	0.0607
-252.0	-47.0333	0.27142	0.0761
-247.5	-47.0333	0.261444	0.0545
-243.0	-47.0333	0.31184	0.0543
-238.5	-47.0333	0.311216	0.0591
-234.0	-47.0333	0.324175	0.0542
-229.5	-47.0333	0.391377	0.0637
-225.0	-47.0333	0.407777	0.0482
-220.5	-47.0333	0.468147	0.0551
-216.0	-47.0333	0.47906	0.051
-211.5	-47.0333	0.551488	0.0577
-207.0	-47.0333	0.584867	0.054
-202.5	-47.0333	0.629293	0.0465
-198.0	-47.0333	0.630694	0.0411
-193.5	-47.0333	0.720489	0.0463
-189.0	-47.0333	0.798872	0.0461
-184.5	-47.0333	0.900969	0.0528
-180.0	-47.0333	0.918063	0.0503
-175.5	-47.0333	0.971464	0.0408
-171.0	-47.0333	1.11842	0.0489
-166.5	-47.0333	1.135	0.04
-162.0	-47.0333	1.21463	0.0354
-157.5	-47.0333	1.40418	0.0441
-153.0	-47.0333	1.44104	0.0446
-148.5	-47.0333	1.48632	0.0379
-144.0	-47.0333	1.68174	0.0429
-139.5	-47.0333	1.7598	0.0322
-135.0	-47.0333	1.89386	0.0393
-130.5	-47.0333	2.24379	0.1141
-126.0	-47.0333	2.11314	0.0344
-121.5	-47.0333	2.09841	0.033
-117.0	-47.0333	2.32077	0.0441
-112.5	-47.0333	2.57184	0.0363
-108.0	-47.0333	2.7098	0.0419
-103.5	-47.0333	2.71099	0.0304
-99.0	-47.0333	2.79734	0.0336
-94.5	-47.0333	3.07887	0.0386
-90.0	-47.0333	3.25124	0.0366
-85.5	-47.0333	3.30543	0.0356
-81.0	-47.0333	3.55245	0.031
-76.5	-47.0333	3.84114	0.0413
-72.0	-47.0333	4.04615	0.0337
-67.5	-47.0333	4.21804	0.0337
-63.0	-47.0333	4.53803	0.047
-58.5	-47.0333	5.78148	0.2192
-54.0	-47.0333	4.29832	0.0337
-49.5	-47.0333	4.12317	0.0282
-45.0	-47.0333	4.17281	0.0312
-40.5	-47.0333	4.2567	0.0318
-36.0	-47.0333	4.47274	0.0332
-31.5	-47.0333	4.24426	0.0332
-27.0	-47.0333	4.10981	0.0356
-22.5	-47.0333	6.22454	0.3447
-18.0	-47.0333	4.14978	0.0398
-13.5	-47.0333	4.06189	0.0488
-9.0	-47.0333	3.03223	0.0344
-4.5	-47.0333	3.08171	0.0395
0.0	-47.0333	2.83927	0.025
4.5	-47.0333	3.46449	0.1222
9.0	-47.0333	3.2436	0.0792
13.5	-47.0333	4.05713	0.0472
18.0	-47.0333	3.98752	0.0338
22.5	-47.0333	4.66936	0.1219
27.0	-47.0333	3.96451	0.0328
31.5	-47.0333	4.15247	0.029
36.0	-47.0333	4.43078	0.0417
40.5	-47.0333	5.68232	0.1999
45.0	-47.0333	6.80539	0.3614
49.5	-47.0333	6.88058	0.3866
54.0	-47.0333	4.23798	0.0378
58.5	-47.0333	4.02345	0.0379
63.0	-47.0333	3.99065	0.0369
67.5	-47.0333	4.18357	0.0361
72.0	-47.0333	4.03533	0.0354
76.5	-47.0333	3.78212	0.032
81.0	-47.0333	3.65461	0.0338
85.5	-47.0333	3.69714	0.0541
90.0	-47.0333	3.33835	0.0296
94.5	-47.0333	3.42779	0.0468
99.0	-47.0333	3.09179	0.0361
103.5	-47.0333	2.96184	0.0339
108.0	-47.0333	2.88089	0.0429
112.5	-47.0333	2.61329	0.0298
117.0	-47.0333	2.87427	0.0443
121.5	-47.0333	2.7399	0.04
126.0	-47.0333	2.38271	0.0404
130.5	-47.0333	2.31397	0.0361
135.0	-47.0333	2.10435	0.0363
139.5	-47.0333	2.00845	0.0404
144.0	-47.0333	2.07827	0.0526
148.5	-47.0333	1.72924	0.0326
153.0	-47.0333	1.66914	0.0375
157.5	-47.0333	1.50003	0.0526
162.0	-47.0333	1.4509	0.0478
166.5	-47.0333	1.22606	0.0364
171.0	-47.0333	1.15804	0.0405
175.5	-47.0333	1.11025	0.038
180.0	-47.0333	1.05493	0.0451
184.5	-47.0333	0.914625	0.05
189.0	-47.0333	0.773697	0.0395
193.5	-47.0333	0.714346	0.0683
198.0	-47.0333	0.619732	0.0439
202.5	-47.0333	0.618416	0.0721
207.0	-47.0333	0.523866	0.0563
211.5	-47.0333	0.446396	0.057
216.0	-47.0333	0.438017	0.0614
220.5	-47.0333	0.377293	0.0538
225.0	-47.0333	0.349932	0.0738
229.5	-47.0333	0.331512	0.0833
234.0	-47.0333	0.286806	0.0701
238.5	-47.0333	0.291429	0.0806
243.0	-47.0333	0.277223	0.1633
247.5	-47.0333	0.262836	0.0986
252.0	-47.0333	0.210795	0.0716
256.5	-47.0333	0.182238	0.0654
261.0	-47.0333	0.163552	0.0572
265.5	-47.0333	0.207914	0.1822
270.0	-47.0333	0.152014	0.0809
274.5	-47.0333	0.150448	0.0828
279.0	-47.0333	0.146711	0.066
283.5	-47.0333	0.137875	0.1286
288.0	-47.0333	0.188123	0.1889
292.5	-47.0333	0.125034	0.0716
297.0	-47.0333	0.146527	0.1932
301.5	-47.0333	0.113253	0.0686
306.0	-47.0333	0.0975934	0.0825
310.5	-47.0333	0.13806	0.1158
315.0	-47.0333	0.117957	0.1409
319.5	-47.0333	0.109965	0.1102
324.0	-47.0333	0.096333	0.0803
328.5	-47.0333	0.115868	0.1183
333.0	-47.0333	0.0850287	0.0823
337.5	-47.0333	0.099577	0.1609
342.0	-47.0333	0.12706	0.2079
346.5	-47.0333	0.105817	0.1564
351.0	-47.0333	0.0934773	0.1323
355.5	-47.0333	0.0939872	0.1324
360.0	-47.0333	0.0782242	0.1076
364.5	-47.0333	0.0910239	0.1655
369.0	-47.0333	0.068312	0.0778
373.5	-47.0333	0.0666181	0.0958
378.0	-47.0333	0.0678187	0.1028
382.5	-47.0333	0.0639826	0.1488
387.0	-47.0333	0.0701957	0.1438
391.5	-47.0333	0.0495459	0.0887
396.0	-47.0333	0.0447204	0.1037
400.5	-47.0333	0.0667317	0.2278
405.0	-47.0333	0.0571852	0.1709
409.5	-47.0333	0.0824643	0.4141
414.0	-47.0333	0.0887159	0.5027
418.5	-47.0333	0.0376976	0.1013
423.0	-47.0333	0.0338007	0.0994
427.5	-47.0333	0.0320396	0.0975
432.0	-47.0333	0.0334302	0.1034
436.5	-47.0333	0.0670279	0.3248
441.0	-47.0333	0.0534355	0.119
445.5	-47.0333	0.0486086	0.1519
-450.0	-44.4667	0.0339482	0.1114
-445.5	-44.4667	0.0302723	0.1213
-441.0	-44.4667	0.0368415	0.2094
-436.5	-44.4667	0.0261121	0.125
-432.0	-44.4667	0.0827075	0.6643
-427.5	-44.4667	0.0403657	0.1962
-423.0	-44.4667	0.0286255	0.1251
-418.5	-44.4667	0.0272174	0.1125
-414.0	-44.4667	0.0328736	0.1417
-409.5	-44.4667	0.0337831	0.1106
-405.0	-44.4667	0.0353293	0.1063
-400.5	-44.4667	0.0413045	0.1006
-396.0	-44.4667	0.0450207	0.1981
-391.5	-44.4667	0.0489683	0.0948
-387.0	-44.4667	0.0452159	0.1078
-382.5	-44.4667	0.0813457	0.3245
-378.0	-44.4667	0.0558279	0.1216
-373.5	-44.4667	0.0641165	0.1053
-369.0	-44.4667	0.0648786	0.1205
-364.5	-44.4667	0.0821896	0.1865
-360.0	-44.4667	0.0810802	0.1166
-355.5	-44.4667	0.077839	0.084
-351.0	-44.4667	0.0758592	0.133
-346.5	-44.4667	0.075048	0.0998
-342.0	-44.4667	0.0885598	0.1215
-337.5	-44.4667	0.101373	0.1495
-333.0	-44.4667	0.0797901	0.1304
-328.5	-44.4667	0.0945522	0.0828
-324.0	-44.4667	0.0952489	0.1043
-319.5	-44.4667	0.11274	0.1171
-315.0	-44.4667	0.112366	0.1127
-310.5	-44.4667	0.118376	0.1031
-306.0	-44.4667	0.124113	0.1263
-301.5	-44.4667	0.109108	0.0642
-297.0	-44.4667	0.129308	0.0737
-292.5	-44.4667	0.151356	0.079
-288.0	-44.4667	0.219547	0.2563
-283.5	-44.4667	0.171865	0.0918
-279.0	-44.4667	0.161094	0.0688
-274.5	-44.4667	0.166978	0.0902
-270.0	-44.4667	0.176142	0.0557
-265.5	-44.4667	0.209053	0.0928
-261.0	-44.4667	0.186793	0.0669
-256.5	-44.4667	0.263552	0.1017
-252.0	-44.4667	0.252321	0.0714
-247.5	-44.4667	0.270291	0.0482
-243.0	-44.4667	0.30194	0.0576
-238.5	-44.4667	0.32319	0.0479
-234.0	-44.4667	0.321456	0.041
-229.5	-44.4667	0.383041	0.05
-225.0	-44.4667	0.409085	0.0464
-220.5	-44.4667	0.451212	0.048
-216.0	-44.4667	0.480465	0.0438
-211.5	-44.4667	0.560358	0.071
-207.0	-44.4667	0.671369	0.1341
-202.5	-44.4667	0.616994	0.0595
-198.0	-44.4667	0.653263	0.0398
-193.5	-44.4667	0.750696	0.0441
-189.0	-44.4667	0.828449	0.0512
-184.5	-44.4667	0.811592	0.0384
-180.0	-44.4667	0.977552	0.0541
-175.5	-44.4667	0.9905	0.0487
-171.0	-44.4667	0.985677	0.0398
-166.5	-44.4667	1.21318	0.0471
-162.0	-44.4667	1.28326	0.0349
-157.5	-44.4667	1.33788	0.0399
-153.0	-44.4667	1.38202	0.0339
-148.5	-44.4667	1.57746	0.0391
-144.0	-44.4667	1.63636	0.038
-139.5	-44.4667	1.87958	0.0395
-135.0	-44.4667	1.86506	0.0312
-130.5	-44.4667	2.29938	0.1125
-126.0	-44.4667	2.09978	0.0338
-121.5	-44.4667	2.29311	0.0349
-117.0	-44.4667	2.311	0.0326
-112.5	-44.4667	2.97253	0.1429
-108.0	-44.4667	2.63204	0.035
-103.5	-44.4667	2.85011	0.0298
-99.0	-44.4667	3.05541	0.0369
-94.5	-44.4667	2.93577	0.0339
-90.0	-44.4667	3.16366	0.0259
-85.5	-44.4667	3.47875	0.0416
-81.0	-44.4667	4.37156	0.1402
-76.5	-44.4667	4.12416	0.0382
-72.0	-44.4667	4.2559	0.038
-67.5	-44.4667	4.0496	0.0311
-63.0	-44.4667	4.37101	0.038
-58.5	-44.4667	4.49632	0.0383
-54.0	-44.4667	4.18856	0.0299
-49.5	-44.4667	4.39764	0.0315
-45.0	-44.4667	4.80159	0.0924
-40.5	-44.4667	4.47371	0.0357
-36.0	-44.4667	4.41046	0.0439
-31.5	-44.4667	4.34729	0.0335
-27.0	-44.4667	4.49966	0.0433
-22.5	-44.4667	4.60986	0.0435
-18.0	-44.4667	4.20095	0.0325
-13.5	-44.4667	4.24908	0.0594
-9.0	-44.4667	3.1604	0.0328
-4.5	-44.4667	3.02184	0.0314
0.0	-44.4667	3.05871	0.0407
4.5	-44.4667	2.90937	0.0197
9.0	-44.4667	3.21018	0.0296
13.5	-44.4667	3.99589	0.0384
18.0	-44.4667	3.96655	0.0403
22.5	-44.4667	4.30403	0.0373
27.0	-44.4667	4.50964	0.0477
31.5	-44.4667	4.39406	0.0334
36.0	-44.4667	4.33058	0.0303
40.5	-44.4667	4.34386	0.0325
45.0	-44.4667	4.75412	0.0525
49.5	-44.4667	4.80353	0.0779
54.0	-44.4667	4.45303	0.041
58.5	-44.4667	4.3449	0.0384
63.0	-44.4667	4.13004	0.0346
67.5	-44.4667	3.97702	0.0335
72.0	-44.4667	4.02979	0.0348
76.5	-44.4667	3.49688	0.0272
81.0	-44.4667	3.91317	0.0384
85.5	-44.4667	3.47841	0.0319
90.0	-44.4667	3.51085	0.0362
94.5	-44.4667	3.30968	0.035
99.0	-44.4667	2.99553	0.0263
103.5	-44.4667	3.15324	0.0387
108.0	-44.4667	3.02093	0.0391
112.5	-44.4667	2.83628	0.0371
117.0	-44.4667	2.82308	0.0384
121.5	-44.4667	2.46463	0.0293
126.0	-44.4667	2.51247	0.0379
130.5	-44.4667	2.22577	0.036
135.0	-44.4667	2.19725	0.0371
139.5	-44.4667	2.09491	0.0369
144.0	-44.4667	1.92457	0.0495
148.5	-44.4667	1.95769	0.0509
153.0	-44.4667	1.65368	0.0415
157.5	-44.4667	1.51721	0.0412
162.0	-44.4667	1.41208	0.0365
166.5	-44.4667	1.33257	0.0446
171.0	-44.4667	1.27499	0.0417
175.5	-44.4667	1.15169	0.045
180.0	-44.4667	1.10769	0.0487
184.5	-44.4667	0.975435	0.0442
189.0	-44.4667	0.921985	0.061
193.5	-44.4667	0.710012	0.0489
198.0	-44.4667	0.668617	0.0506
202.5	-44.4667	0.645499	0.0525
207.0	-44.4667	0.505034	0.0424
211.5	-44.4667	0.518515	0.0623
216.0	-44.4667	0.412627	0.0616
220.5	-44.4667	0.379555	0.0568
225.0	-44.4667	0.320743	0.0545
229.5	-44.4667	0.322204	0.0657
234.0	-44.4667	0.252945	0.0469
238.5	-44.4667	0.318424	0.1083
243.0	-44.4667	0.279342	0.0827
247.5	-44.4667	0.234978	0.101
252.0	-44.4667	0.207059	0.0741
256.5	-44.4667	0.207518	0.0986
261.0	-44.4667	0.172225	0.0662
265.5	-44.4667	0.15973	0.0776
270.0	-44.4667	0.16619	0.1327
274.5	-44.4667	0.152053	0.0793
279.0	-44.4667	0.134719	0.066
283.5	-44.4667	0.124528	0.0615
288.0	-44.4667	0.171058	0.156
292.5	-44.4667	0.139061	0.0845
297.0	-44.4667	0.14415	0.1081
301.5	-44.4667	0.120217	0.1
306.0	-44.4667	0.110628	0.0569
310.5	-44.4667	0.112846	0.0631
315.0	-44.4667	0.182509	0.1957
319.5	-44.4667	0.112892	0.0939
324.0	-44.4667	0.127944	0.1212
328.5	-44.4667	0.126226	0.1448
333.0	-44.4667	0.114871	0.1176
337.5	-44.4667	0.112445	0.1167
342.0	-44.4667	0.088043	0.0829
346.5	-44.4667	0.103691	0.1594
351.0	-44.4667	0.0908602	0.0895
355.5	-44.4667	0.0840709	0.084
360.0	-44.4667	0.0821067	0.0858
364.5	-44.4667	0.0996797	0.2303
369.0	-44.4667	0.0769452	0.1117
373.5	-44.4667	0.0662677	0.0938
378.0	-44.4667	0.0583887	0.0962
382.5	-44.4667	0.0856981	0.188
387.0	-44.4667	0.0675864	0.1317
391.5	-44.4667	0.0778714	0.1872
396.0	-44.4667	0.0527622	0.1381
400.5	-44.4667	0.0622312	0.2376
405.0	-44.4667	0.0682062	0.1731
409.5	-44.4667	0.054231	0.132
414.0	-44.4667	0.0497272	0.127
418.5	-44.4667	0.0521582	0.2204
423.0	-44.4667	0.0351678	0.1014
427.5	-44.4667	0.039892	0.1706
432.0	-44.4667	0.0451924	0.1258
436.5	-44.4667	0.0796207	0.3309
441.0	-44.4667	0.0532824	0.1654
445.5	-44.4667	0.0733061	0.409
-450.0	-41.9	0.0350617	0.1244
-445.5	-41.9	0.0351274	0.114
-441.0	-41.9	0.0340423	0.1379
-436.5	-41.9	0.0309436	0.1411
-432.0	-41.9	0.0760628	0.588
-427.5	-41.9	0.0319679	0.1682
-423.0	-41.9	0.037728	0.1914
-418.5	-41.9	0.0363129	0.2089
-414.0	-41.9	0.0332378	0.1103
-409.5	-41.9	0.0334842	0.1193
-405.0	-41.9	0.0331239	0.1178
-400.5	-41.9	0.0412724	0.0926
-396.0	-41.9	0.0489374	0.2256
-391.5	-41.9	0.0505823	0.1334
-387.0	-41.9	0.0522986	0.1044
-382.5	-41.9	0.0459683	0.0939
-378.0	-41.9	0.0481165	0.1033
-373.5	-41.9	0.0649437	0.1233
-369.0	-41.9	0.0700127	0.1157
-364.5	-41.9	0.0695502	0.101
-360.0	-41.9	0.0727385	0.0944
-355.5	-41.9	0.0700723	0.1
-351.0	-41.9	0.0737589	0.0844
-346.5	-41.9	0.0728155	0.0768
-342.0	-41.9	0.0725021	0.0879
-337.5	-41.9	0.0763405	0.072
-333.0	-41.9	0.0751439	0.0708
-328.5	-41.9	0.0879084	0.0833
-324.0	-41.9	0.113983	0.2011
-319.5	-41.9	0.108846	0.0889
-315.0	-41.9	0.131204	0.2599
-310.5	-41.9	0.0997483	0.0756
-306.0	-41.9	0.130742	0.1266
-301.5	-41.9	0.147283	0.0943
-297.0	-41.9	0.157446	0.1445
-292.5	-41.9	0.126536	0.0643
-288.0	-41.9	0.149584	0.0702
-283.5	-41.9	0.148553	0.0664
-279.0	-41.9	0.209764	0.213
-274.5	-41.9	0.178195	0.0682
-270.0	-41.9	0.177064	0.057
-265.5	-41.9	0.220008	0.0635
-261.0	-41.9	0.235243	0.0977
-256.5	-41.9	0.241409	0.0685
-252.0	-41.9	0.260451	0.0449
-247.5	-41.9	0.259952	0.0431
-243.0	-41.9	0.299223	0.0477
-238.5	-41.9	0.317086	0.0555
-234.0	-41.9	0.362444	0.0569
-229.5	-41.9	0.371838	0.0449
-225.0	-41.9	0.391719	0.0471
-220.5	-41.9	0.454754	0.0434
-216.0	-41.9	0.596559	0.078
-211.5	-41.9	0.567668	0.0531
-207.0	-41.9	0.542155	0.0409
-202.5	-41.9	0.614851	0.0423
-198.0	-41.9	0.724685	0.0673
-193.5	-41.9	0.735289	0.0408
-189.0	-41.9	0.813921	0.041
-184.5	-41.9	0.898322	0.0398
-180.0	-41.9	0.995115	0.0473
-175.5	-41.9	0.946749	0.041
-171.0	-41.9	1.04724	0.0384
-166.5	-41.9	1.20957	0.0425
-162.0	-41.9	1.2829	0.0378
-157.5	-41.9	1.37725	0.038
-153.0	-41.9	1.41252	0.0363
-148.5	-41.9	1.55657	0.0386
-144.0	-41.9	1.59781	0.0313
-139.5	-41.9	1.75531	0.0389
-135.0	-41.9	2.0013	0.0456
-130.5	-41.9	2.0635	0.0411
-126.0	-41.9	2.14165	0.0355
-121.5	-41.9	2.2072	0.0341
-117.0	-41.9	2.35388	0.0315
-112.5	-41.9	2.63376	0.0469
-108.0	-41.9	2.66547	0.0316
-103.5	-41.9	2.8549	0.0373
-99.0	-41.9	3.05803	0.0379
-94.5	-41.9	3.14885	0.0297
-90.0	-41.9	3.35197	0.0355
-85.5	-41.9	3.41319	0.0304
-81.0	-41.9	3.67616	0.0346
-76.5	-41.9	4.276	0.0442
-72.0	-41.9	4.4215	0.039
-67.5	-41.9	4.49692	0.0372
-63.0	-41.9	4.6584	0.0408
-58.5	-41.9	4.80149	0.0376
-54.0	-41.9	4.07276	0.0241
-49.5	-41.9	4.55947	0.0382
-45.0	-41.9	4.48255	0.0368
-40.5	-41.9	4.45469	0.0361
-36.0	-41.9	4.91611	0.047
-31.5	-41.9	4.84198	0.0504
-27.0	-41.9	5.39751	0.0968
-22.5	-41.9	5.21563	0.137
-18.0	-41.9	4.30489	0.0368
-13.5	-41.9	4.08648	0.046
-9.0	-41.9	7.38173	0.5933
-4.5	-41.9	3.10748	0.0308
0.0	-41.9	2.94548	0.022
4.5	-41.9	2.9926	0.0196
9.0	-41.9	3.17226	0.0248
13.5	-41.9	3.93327	0.0392
18.0	-41.9	4.48457	0.0499
22.5	-41.9	4.2043	0.0324
27.0	-41.9	4.50589	0.0401
31.5	-41.9	4.40876	0.0378
36.0	-41.9	6.40521	0.3055
40.5	-41.9	4.62865	0.0361
45.0	-41.9	4.50552	0.0361
49.5	-41.9	4.29371	0.0389
54.0	-41.9	4.49786	0.0396
58.5	-41.9	4.32661	0.0318
63.0	-41.9	4.46855	0.0377
67.5	-41.9	4.06464	0.0342
72.0	-41.9	4.24631	0.0367
76.5	-41.9	3.92557	0.033
81.0	-41.9	4.04681	0.0454
85.5	-41.9	3.90129	0.0655
90.0	-41.9	3.48587	0.0307
94.5	-41.9	3.26559	0.0335
99.0	-41.9	3.09337	0.0262
103.5	-41.9	3.18819	0.0316
108.0	-41.9	2.95147	0.0266
112.5	-41.9	2.9308	0.0333
117.0	-41.9	3.15119	0.048
121.5	-41.9	2.9472	0.0943
126.0	-41.9	2.64154	0.0493
130.5	-41.9	2.32223	0.0386
135.0	-41.9	2.1689	0.0327
139.5	-41.9	2.07641	0.0366
144.0	-41.9	1.85757	0.0296
148.5	-41.9	1.85772	0.0338
153.0	-41.9	1.8506	0.0527
157.5	-41.9	1.69968	0.0536
162.0	-41.9	1.47552	0.0458
166.5	-41.9	1.40314	0.0434
171.0	-41.9	1.27565	0.0668
175.5	-41.9	1.17762	0.0509
180.0	-41.9	1.10473	0.0495
184.5	-41.9	0.967553	0.0728
189.0	-41.9	1.11857	0.2437
193.5	-41.9	0.713256	0.0379
198.0	-41.9	0.674003	0.0494
202.5	-41.9	0.613786	0.0441
207.0	-41.9	0.558398	0.0771
211.5	-41.9	0.495346	0.0559
216.0	-41.9	0.450817	0.0747
220.5	-41.9	0.382512	0.0453
225.0	-41.9	0.352425	0.0473
229.5	-41.9	0.315206	0.0573
234.0	-41.9	0.277445	0.0448
238.5	-41.9	0.291634	0.0801
243.0	-41.9	0.234755	0.068
247.5	-41.9	0.245733	0.0849
252.0	-41.9	0.205822	0.0597
256.5	-41.9	0.197836	0.1242
261.0	-41.9	0.167314	0.0523
265.5	-41.9	0.162888	0.0695
270.0	-41.9	0.170267	0.0668
274.5	-41.9	0.148554	0.1018
279.0	-41.9	0.133357	0.062
283.5	-41.9	0.132606	0.0635
288.0	-41.9	0.136477	0.0787
292.5	-41.9	0.158327	0.1389
297.0	-41.9	0.107185	0.0648
301.5	-41.9	0.143823	0.1454
306.0	-41.9	0.125787	0.1222
310.5	-41.9	0.119514	0.0884
315.0	-41.9	0.108149	0.069
319.5	-41.9	0.107051	0.0682
324.0	-41.9	0.10595	0.0722
328.5	-41.9	0.123726	0.1657
333.0	-41.9	0.100151	0.09
337.5	-41.9	0.100995	0.0796
342.0	-41.9	0.147915	0.1779
346.5	-41.9	0.111757	0.1316
351.0	-41.9	0.111958	0.0973
355.5	-41.9	0.104508	0.1194
360.0	-41.9	0.0803462	0.1396
364.5	-41.9	0.103387	0.1844
369.0	-41.9	0.0859265	0.0992
373.5	-41.9	0.0873802	0.227
378.0	-41.9	0.0856206	0.1526
382.5	-41.9	0.0829034	0.1772
387.0	-41.9	0.0608831	0.1692
391.5	-41.9	0.0718358	0.1932
396.0	-41.9	0.0659202	0.1642
400.5	-41.9	0.0766725	0.3384
405.0	-41.9	0.0526375	0.1663
409.5	-41.9	0.053047	0.1747
414.0	-41.9	0.0463974	0.1376
418.5	-41.9	0.0450521	0.168
423.0	-41.9	0.048395	0.2117
427.5	-41.9	0.0414143	0.1165
432.0	-41.9	0.0398896	0.2025
436.5	-41.9	0.0459057	0.118
441.0	-41.9	0.0581017	0.1704
445.5	-41.9	0.0531568	0.1497
-450.0	-39.3333	0.0336115	0.1282
-445.5	-39.3333	0.0441275	0.1785
-441.0	-39.3333	0.0517235	0.2972
-436.5	-39.3333	0.0330009	0.1188
-432.0	-39.3333	0.0364836	0.2039
-427.5	-39.3333	0.0178727	0.1093
-423.0	-39.3333	0.0445718	0.1532
-418.5	-39.3333	0.0273169	0.1213
-414.0	-39.3333	0.0478464	0.1766
-409.5	-39.3333	0.0495417	0.1417
-405.0	-39.3333	0.0489811	0.1677
-400.5	-39.3333	0.0421926	0.0992
-396.0	-39.3333	0.0436755	0.1085
-391.5	-39.3333	0.057888	0.1529
-387.0	-39.3333	0.0466314	0.0993
-382.5	-39.3333	0.0678427	0.1672
-378.0	-39.3333	0.0634475	0.1577
-373.5	-39.3333	0.0959108	0.3792
-369.0	-39.3333	0.0892412	0.1829
-364.5	-39.3333	0.0778023	0.1865
-360.0	-39.3333	0.0612744	0.075
-355.5	-39.3333	0.0689862	0.0878
-351.0	-39.3333	0.0844873	0.1443
-346.5	-39.3333	0.0863512	0.092
-342.0	-39.3333	0.101991	0.1334
-337.5	-39.3333	0.107005	0.1705
-333.0	-39.3333	0.0965206	0.134
-328.5	-39.3333	0.0992083	0.1222
-324.0	-39.3333	0.103796	0.081
-319.5	-39.3333	0.16085	0.3594
-315.0	-39.3333	0.218366	0.4639
-310.5	-39.3333	0.126765	0.1135
-306.0	-39.3333	0.113287	0.0676
-301.5	-39.3333	0.130519	0.0796
-297.0	-39.3333	0.148886	0.0992
-292.5	-39.3333	0.161945	0.1583
-288.0	-39.3333	0.147216	0.0946
-283.5	-39.3333	0.151213	0.1035
-279.0	-39.3333	0.172478	0.0637
-274.5	-39.3333	0.18021	0.0551
-270.0	-39.3333	0.193155	0.0595
-265.5	-39.3333	0.218242	0.0588
-261.0	-39.3333	0.241643	0.1121
-256.5	-39.3333	0.227022	0.0637
-252.0	-39.3333	0.272222	0.0484
-247.5	-39.3333	0.29299	0.0551
-243.0	-39.3333	0.317681	0.058
-238.5	-39.3333	0.338276	0.0619
-234.0	-39.3333	0.440003	0.1305
-229.5	-39.3333	0.433775	0.0831
-225.0	-39.3333	0.438119	0.0508
-220.5	-39.3333	0.528851	0.0597
-216.0	-39.3333	0.540393	0.0679
-211.5	-39.3333	0.517043	0.041
-207.0	-39.3333	0.628096	0.0565
-202.5	-39.3333	0.633098	0.0538
-198.0	-39.3333	0.689367	0.0389
-193.5	-39.3333	0.727882	0.039
-189.0	-39.3333	0.791601	0.0507
-184.5	-39.3333	0.843129	0.034
-180.0	-39.3333	0.9861	0.0409
-175.5	-39.3333	0.983343	0.0362
-171.0	-39.3333	1.19427	0.0465
-166.5	-39.3333	1.24038	0.0415
-162.0	-39.3333	1.3166	0.0372
-157.5	-39.3333	1.39354	0.0442
-153.0	-39.3333	1.89828	0.227
-148.5	-39.3333	1.45566	0.0296
-144.0	-39.3333	1.64821	0.0322
-139.5	-39.3333	1.95282	0.053
-135.0	-39.3333	1.90572	0.0407
-130.5	-39.3333	1.97364	0.0282
-126.0	-39.3333	2.27603	0.0398
-121.5	-39.3333	2.3439	0.0305
-117.0	-39.3333	2.48905	0.0368
-112.5	-39.3333	2.53808	0.028
-108.0	-39.3333	2.85677	0.0446
-103.5	-39.3333	2.89287	0.0376
-99.0	-39.3333	3.13242	0.0398
-94.5	-39.3333	3.26884	0.0405
-90.0	-39.3333	3.49132	0.0343
-85.5	-39.3333	3.57494	0.036
-81.0	-39.3333	3.80949	0.0326
-76.5	-39.3333	4.07348	0.0493
-72.0	-39.3333	4.21517	0.0376
-67.5	-39.3333	4.42556	0.039
-63.0	-39.3333	4.75874	0.0427
-58.5	-39.3333	4.41285	0.032
-54.0	-39.3333	4.44418	0.0293
-49.5	-39.3333	4.66246	0.035
-45.0	-39.3333	5.94629	0.1468
-40.5	-39.3333	4.72924	0.0374
-36.0	-39.3333	4.57163	0.0316
-31.5	-39.3333	4.77795	0.0379
-27.0	-39.3333	4.6792	0.0415
-22.5	-39.3333	6.02024	0.2444
-18.0	-39.3333	4.57277	0.0584
-13.5	-39.3333	3.86921	0.0336
-9.0	-39.3333	3.29066	0.0392
-4.5	-39.3333	3.17255	0.0248
0.0	-39.3333	3.11246	0.0261
4.5	-39.3333	3.19134	0.0308
9.0	-39.3333	3.05936	0.0169
13.5	-39.3333	3.96398	0.0346
18.0	-39.3333	4.13659	0.0337
22.5	-39.3333	4.29275	0.0416
27.0	-39.3333	4.92415	0.0899
31.5	-39.3333	5.89935	0.2489
36.0	-39.3333	4.4813	0.0354
40.5	-39.3333	4.63331	0.0475
45.0	-39.3333	4.52794	0.0392
49.5	-39.3333	4.59712	0.0538
54.0	-39.3333	5.50056	0.179
58.5	-39.3333	4.31621	0.0339
63.0	-39.3333	4.24905	0.0357
67.5	-39.3333	4.08953	0.0319
72.0	-39.3333	4.04452	0.0335
76.5	-39.3333	3.83056	0.0286
81.0	-39.3333	3.94942	0.0338
85.5	-39.3333	4.01876	0.0476
90.0	-39.3333	3.66191	0.0374
94.5	-39.3333	3.64127	0.0369
99.0	-39.3333	3.55147	0.0406
103.5	-39.3333	3.10839	0.0323
108.0	-39.3333	2.88499	0.0288
112.5	-39.3333	3.03492	0.0377
117.0	-39.3333	2.79097	0.0291
121.5	-39.3333	2.56109	0.0385
126.0	-39.3333	2.54865	0.0384
130.5	-39.3333	2.48375	0.0416
135.0	-39.3333	2.1218	0.0334
139.5	-39.3333	2.12484	0.0366
144.0	-39.3333	2.06445	0.0424
148.5	-39.3333	1.80319	0.036
153.0	-39.3333	1.8399	0.0414
157.5	-39.3333	1.60258	0.0414
162.0	-39.3333	1.46007	0.0387
166.5	-39.3333	1.33576	0.0527
171.0	-39.3333	1.23825	0.044
175.5	-39.3333	1.19214	0.0451
180.0	-39.3333	1.07106	0.0476
184.5	-39.3333	0.948062	0.0429
189.0	-39.3333	0.837367	0.0519
193.5	-39.3333	0.74495	0.0525
198.0	-39.3333	0.664569	0.0418
202.5	-39.3333	0.672648	0.06
207.0	-39.3333	0.541152	0.051
211.5	-39.3333	0.493425	0.0659
216.0	-39.3333	0.450656	0.0521
220.5	-39.3333	0.462955	0.0731
225.0	-39.3333	0.339177	0.0513
229.5	-39.3333	0.307746	0.0516
234.0	-39.3333	0.291709	0.0586
238.5	-39.3333	0.279548	0.0531
243.0	-39.3333	0.258932	0.0635
247.5	-39.3333	0.379256	0.3917
252.0	-39.3333	0.235117	0.0913
256.5	-39.3333	0.199047	0.0554
261.0	-39.3333	0.175144	0.0494
265.5	-39.3333	0.155241	0.0716
270.0	-39.3333	0.176148	0.0647
274.5	-39.3333	0.170534	0.0815
279.0	-39.3333	0.180488	0.1091
283.5	-39.3333	0.125231	0.0559
288.0	-39.3333	0.144751	0.1297
292.5	-39.3333	0.180232	0.1828
297.0	-39.3333	0.136745	0.1181
301.5	-39.3333	0.136518	0.0989
306.0	-39.3333	0.11157	0.0823
310.5	-39.3333	0.106609	0.0737
315.0	-39.3333	0.113486	0.1033
319.5	-39.3333	0.126101	0.1283
324.0	-39.3333	0.165201	0.2063
328.5	-39.3333	0.106428	0.0796
333.0	-39.3333	0.109037	0.1388
337.5	-39.3333	0.0936704	0.067
342.0	-39.3333	0.101343	0.1046
346.5	-39.3333	0.137481	0.2452
351.0	-39.3333	0.117566	0.1913
355.5	-39.3333	0.0964285	0.1225
360.0	-39.3333	0.11373	0.1794
364.5	-39.3333	0.123121	0.207
369.0	-39.3333	0.0799174	0.0883
373.5	-39.3333	0.0889671	0.1156
378.0	-39.3333	0.0850076	0.1087
382.5	-39.3333	0.0800516	0.1428
387.0	-39.3333	0.0732422	0.1266
391.5	-39.3333	0.110029	0.217
396.0	-39.3333	0.052549	0.1607
400.5	-39.3333	0.0759554	0.1929
405.0	-39.3333	0.0694959	0.201
409.5	-39.3333	0.0959837	0.3657
414.0	-39.3333	0.0400489	0.1205
418.5	-39.3333	0.0582286	0.2561
423.0	-39.3333	0.0426641	0.1452
427.5	-39.3333	0.0382557	0.1079
432.0	-39.3333	0.0517893	0.111
436.5	-39.3333	0.0626255	0.1793
441.0	-39.3333	0.0489176	0.1263
445.5	-39.3333	0.0459705	0.1776
-450.0	-36.7667	0.0462752	0.2035
-445.5	-36.7667	0.03746	0.1333
-441.0	-36.7667	0.0355382	0.128
-436.5	-36.7667	0.0366599	0.1261
-432.0	-36.7667	0.0260069	0.1129
-427.5	-36.7667	0.0331101	0.1279
-423.0	-36.7667	0.0374871	0.1186
-418.5	-36.7667	0.0427804	0.1304
-414.0	-36.7667	0.0383183	0.119
-409.5	-36.7667	0.041603	0.1098
-405.0	-36.7667	0.0501444	0.1868
-400.5	-36.7667	0.0475029	0.1247
-396.0	-36.7667	0.0447961	0.1109
-391.5	-36.7667	0.0546602	0.2381
-387.0	-36.7667	0.0678876	0.1147
-382.5	-36.7667	0.0727639	0.1373
-378.0	-36.7667	0.0667665	0.0956
-373.5	-36.7667	0.0636367	0.0989
-369.0	-36.7667	0.0600896	0.087
-364.5	-36.7667	0.0620363	0.0825
-360.0	-36.7667	0.0624379	0.0772
-355.5	-36.7667	0.0790486	0.1194
-351.0	-36.7667	0.0693517	0.0811
-346.5	-36.7667	0.076409	0.0817
-342.0	-36.7667	0.0993705	0.1492
-337.5	-36.7667	0.0762865	0.0778
-333.0	-36.7667	0.110902	0.225
-328.5	-36.7667	0.0798977	0.0691
-324.0	-36.7667	0.111778	0.1286
-319.5	-36.7667	0.128533	0.2388
-315.0	-36.7667	0.110414	0.0723
-310.5	-36.7667	0.127059	0.0976
-306.0	-36.7667	0.122444	0.075
-301.5	-36.7667	0.126887	0.0958
-297.0	-36.7667	0.15147	0.1262
-292.5	-36.7667	0.154842	0.1111
-288.0	-36.7667	0.134933	0.0634
-283.5	-36.7667	0.231241	0.3529
-279.0	-36.7667	0.183396	0.1558
-274.5	-36.7667	0.181444	0.064
-270.0	-36.7667	0.205306	0.0724
-265.5	-36.7667	0.229629	0.0713
-261.0	-36.7667	0.235481	0.0629
-256.5	-36.7667	0.265449	0.0902
-252.0	-36.7667	0.261625	0.0466
-247.5	-36.7667	0.308003	0.0509
-243.0	-36.7667	0.316538	0.0668
-238.5	-36.7667	0.336212	0.0438
-234.0	-36.7667	0.391045	0.0414
-229.5	-36.7667	0.415232	0.0546
-225.0	-36.7667	0.438031	0.0499
-220.5	-36.7667	0.50913	0.0648
-216.0	-36.7667	0.531225	0.0585
-211.5	-36.7667	0.550023	0.0449
-207.0	-36.7667	0.57717	0.0454
-202.5	-36.7667	0.623943	0.0433
-198.0	-36.7667	0.68512	0.0449
-193.5	-36.7667	0.782597	0.0462
-189.0	-36.7667	0.807658	0.0435
-184.5	-36.7667	0.899644	0.0387
-180.0	-36.7667	0.919508	0.0308
-175.5	-36.7667	0.999465	0.0389
-171.0	-36.7667	1.09941	0.0439
-166.5	-36.7667	1.20324	0.0423
-162.0	-36.7667	1.3665	0.0581
-157.5	-36.7667	1.33154	0.0315
-153.0	-36.7667	1.50958	0.0316
-148.5	-36.7667	1.66983	0.0413
-144.0	-36.7667	1.67889	0.0362
-139.5	-36.7667	1.8425	0.0448
-135.0	-36.7667	2.03861	0.0387
-130.5	-36.7667	2.4185	0.0712
-126.0	-36.7667	2.69686	0.1835
-121.5	-36.7667	2.4518	0.0854
-117.0	-36.7667	2.46642	0.0379
-112.5	-36.7667	2.65943	0.0341
-108.0	-36.7667	2.76082	0.036
-103.5	-36.7667	2.9626	0.0318
-99.0	-36.7667	3.17882	0.0345
-94.5	-36.7667	3.27097	0.0343
-90.0	-36.7667	3.63579	0.0353
-85.5	-36.7667	3.59267	0.0371
-81.0	-36.7667	3.95282	0.0349
-76.5	-36.7667	4.16138	0.0374
-72.0	-36.7667	4.19589	0.0337
-67.5	-36.7667	4.58123	0.0459
-63.0	-36.7667	4.55558	0.0347
-58.5	-36.7667	5.01465	0.0482
-54.0	-36.7667	4.5785	0.035
-49.5	-36.7667	4.89965	0.0709
-45.0	-36.7667	10.7833	0.5865
-40.5	-36.7667	4.53685	0.0368
-36.0	-36.7667	5.00862	0.0388
-31.5	-36.7667	4.658	0.0343
-27.0	-36.7667	5.09432	0.0454
-22.5	-36.7667	4.61783	0.0368
-18.0	-36.7667	4.39066	0.0401
-13.5	-36.7667	4.17203	0.0378
-9.0	-36.7667	3.3685	0.028
-4.5	-36.7667	3.26153	0.0332
0.0	-36.7667	3.32088	0.0445
4.5	-36.7667	3.11744	0.0218
9.0	-36.7667	3.2522	0.0243
13.5	-36.7667	4.09127	0.0372
18.0	-36.7667	4.10572	0.0397
22.5	-36.7667	4.59799	0.042
27.0	-36.7667	4.60506	0.0374
31.5	-36.7667	5.89143	0.2016
36.0	-36.7667	4.49881	0.0359
40.5	-36.7667	4.6158	0.0379
45.0	-36.7667	4.3816	0.034
49.5	-36.7667	4.8203	0.0423
54.0	-36.7667	6.34819	0.2791
58.5	-36.7667	4.42765	0.0361
63.0	-36.7667	4.39331	0.0343
67.5	-36.7667	4.60948	0.0756
72.0	-36.7667	4.27072	0.0335
76.5	-36.7667	3.86233	0.0346
81.0	-36.7667	3.884	0.0318
85.5	-36.7667	3.87648	0.0388
90.0	-36.7667	3.56148	0.0395
94.5	-36.7667	3.39713	0.0333
99.0	-36.7667	3.29	0.0334
103.5	-36.7667	3.15628	0.0337
108.0	-36.7667	3.1142	0.0336
112.5	-36.7667	2.94537	0.0437
117.0	-36.7667	2.79089	0.0339
121.5	-36.7667	2.73863	0.0401
126.0	-36.7667	2.56473	0.0338
130.5	-36.7667	2.44028	0.0356
135.0	-36.7667	2.24633	0.032
139.5	-36.7667	2.11039	0.038
144.0	-36.7667	2.22683	0.0515
148.5	-36.7667	1.88984	0.0431
153.0	-36.7667	1.78562	0.0388
157.5	-36.7667	1.64556	0.035
162.0	-36.7667	1.50351	0.0413
166.5	-36.7667	1.47601	0.0464
171.0	-36.7667	1.29097	0.0442
175.5	-36.7667	1.211	0.0443
180.0	-36.7667	1.08672	0.0476
184.5	-36.7667	1.1219	0.1198
189.0	-36.7667	0.825411	0.0483
193.5	-36.7667	0.836032	0.0604
198.0	-36.7667	0.720795	0.0594
202.5	-36.7667	0.618982	0.0594
207.0	-36.7667	0.598719	0.0577
211.5	-36.7667	0.49695	0.0454
216.0	-36.7667	0.434415	0.053
220.5	-36.7667	0.474914	0.0777
225.0	-36.7667	0.367674	0.0577
229.5	-36.7667	0.327242	0.0471
234.0	-36.7667	0.307038	0.065
238.5	-36.7667	0.292454	0.0583
243.0	-36.7667	0.239894	0.0486
247.5	-36.7667	0.228875	0.0531
252.0	-36.7667	0.241953	0.1051
256.5	-36.7667	0.187813	0.0512
261.0	-36.7667	0.182636	0.0574
265.5	-36.7667	0.191549	0.0675
270.0	-36.7667	0.158607	0.0551
274.5	-36.7667	0.154151	0.0549
279.0	-36.7667	0.170769	0.1063
283.5	-36.7667	0.141176	0.067
288.0	-36.7667	0.141231	0.0833
292.5	-36.7667	0.135361	0.075
297.0	-36.7667	0.122836	0.0821
301.5	-36.7667	0.121729	0.0744
306.0	-36.7667	0.123839	0.0972
310.5	-36.7667	0.137762	0.093
315.0	-36.7667	0.120763	0.1515
319.5	-36.7667	0.156547	0.223
324.0	-36.7667	0.164024	0.3339
328.5	-36.7667	0.160279	0.3646
333.0	-36.7667	0.101938	0.1061
337.5	-36.7667	0.107261	0.1305
342.0	-36.7667	0.0878309	0.0765
346.5	-36.7667	0.119866	0.1992
351.0	-36.7667	0.086763	0.1266
355.5	-36.7667	0.0900611	0.0928
360.0	-36.7667	0.0954105	0.1314
364.5	-36.7667	0.0868484	0.1153
369.0	-36.7667	0.0718221	0.0776
373.5	-36.7667	0.0839759	0.1493
378.0	-36.7667	0.0953567	0.2481
382.5	-36.7667	0.0666452	0.1435
387.0	-36.7667	0.0563187	0.1472
391.5	-36.7667	0.0642161	0.1471
396.0	-36.7667	0.0566356	0.113
400.5	-36.7667	0.0621263	0.1199
405.0	-36.7667	0.0645603	0.1561
409.5	-36.7667	0.0438548	0.115
414.0	-36.7667	0.040192	0.1142
418.5	-36.7667	0.0402961	0.1231
423.0	-36.7667	0.0468108	0.1125
427.5	-36.7667	0.0719898	0.2096
432.0	-36.7667	0.0538924	0.1883
436.5	-36.7667	0.0618615	0.15
441.0	-36.7667	0.0819868	0.319
445.5	-36.7667	0.0816506	0.2413
-450.0	-34.2	0.0494973	0.1858
-445.5	-34.2	0.0351337	0.1206
-441.0	-34.2	0.0337641	0.113
-436.5	-34.2	0.0264966	0.142
-432.0	-34.2	0.0301262	0.1667
-427.5	-34.2	0.0584586	0.2863
-423.0	-34.2	0.0402472	0.1752
-418.5	-34.2	0.0542758	0.289
-414.0	-34.2	0.0435382	0.2134
-409.5	-34.2	0.0669094	0.3438
-405.0	-34.2	0.0565233	0.1484
-400.5	-34.2	0.0488088	0.1442
-396.0	-34.2	0.0485052	0.1154
-391.5	-34.2	0.0525248	0.1315
-387.0	-34.2	0.0518493	0.1115
-382.5	-34.2	0.0617469	0.1182
-378.0	-34.2	0.0656716	0.1296
-373.5	-34.2	0.0743096	0.0892
-369.0	-34.2	0.0687024	0.1266
-364.5	-34.2	0.0785418	0.111
-360.0	-34.2	0.0862104	0.1581
-355.5	-34.2	0.0747669	0.1132
-351.0	-34.2	0.0844452	0.1426
-346.5	-34.2	0.0839188	0.0926
-342.0	-34.2	0.0759452	0.0894
-337.5	-34.2	0.0922072	0.0791
-333.0	-34.2	0.102758	0.1026
-328.5	-34.2	0.0975948	0.0774
-324.0	-34.2	0.103372	0.0801
-319.5	-34.2	0.114974	0.1239
-315.0	-34.2	0.118353	0.0925
-310.5	-34.2	0.269625	0.5858
-306.0	-34.2	0.208943	0.3975
-301.5	-34.2	0.144445	0.0798
-297.0	-34.2	0.157116	0.0662
-292.5	-34.2	0.141111	0.0582
-288.0	-34.2	0.148246	0.0604
-283.5	-34.2	0.177762	0.066
-279.0	-34.2	0.183427	0.0668
-274.5	-34.2	0.233027	0.2689
-270.0	-34.2	0.187452	0.061
-265.5	-34.2	0.250641	0.1135
-261.0	-34.2	0.310669	0.0963
-256.5	-34.2	0.287654	0.137
-252.0	-34.2	0.292756	0.0556
-247.5	-34.2	0.33133	0.0666
-243.0	-34.2	0.288469	0.0473
-238.5	-34.2	0.345505	0.0716
-234.0	-34.2	0.377656	0.055
-229.5	-34.2	0.397201	0.045
-225.0	-34.2	0.465631	0.0748
-220.5	-34.2	0.471431	0.0511
-216.0	-34.2	0.580845	0.0488
-211.5	-34.2	0.563971	0.0378
-207.0	-34.2	0.631971	0.0386
-202.5	-34.2	0.690231	0.053
-198.0	-34.2	0.640089	0.0357
-193.5	-34.2	0.778587	0.049
-189.0	-34.2	0.881894	0.0472
-184.5	-34.2	0.942012	0.0498
-180.0	-34.2	0.881663	0.0338
-175.5	-34.2	1.05498	0.0432
-171.0	-34.2	1.14807	0.0401
-166.5	-34.2	1.20652	0.0395
-162.0	-34.2	1.38752	0.0379
-157.5	-34.2	1.48953	0.0593
-153.0	-34.2	1.58289	0.0404
-148.5	-34.2	1.6259	0.0387
-144.0	-34.2	1.79623	0.0365
-139.5	-34.2	1.83857	0.0355
-135.0	-34.2	2.11063	0.032
-130.5	-34.2	2.14036	0.038
-126.0	-34.2	2.2254	0.0315
-121.5	-34.2	2.45867	0.0356
-117.0	-34.2	2.48381	0.0383
-112.5	-34.2	2.85075	0.0535
-108.0	-34.2	2.87254	0.0372
-103.5	-34.2	3.0898	0.0345
-99.0	-34.2	3.13658	0.0323
-94.5	-34.2	3.45473	0.0354
-90.0	-34.2	3.42949	0.0303
-85.5	-34.2	3.78798	0.0336
-81.0	-34.2	4.01811	0.0351
-76.5	-34.2	4.26403	0.0339
-72.0	-34.2	4.19338	0.032
-67.5	-34.2	4.39978	0.0292
-63.0	-34.2	4.77459	0.039
-58.5	-34.2	4.8644	0.041
-54.0	-34.2	5.0067	0.0974
-49.5	-34.2	7.89584	0.4227
-45.0	-34.2	4.79271	0.036
-40.5	-34.2	5.09026	0.0714
-36.0	-34.2	4.77512	0.0322
-31.5	-34.2	4.83157	0.0322
-27.0	-34.2	4.69168	0.0349
-22.5	-34.2	4.38594	0.0313
-18.0	-34.2	4.44343	0.0378
-13.5	-34.2	5.4414	0.2232
-9.0	-34.2	3.16632	0.0201
-4.5	-34.2	3.344	0.0386
0.0	-34.2	3.32242	0.0428
4.5	-34.2	3.17587	0.0216
9.0	-34.2	3.45339	0.0386
13.5	-34.2	4.27446	0.0366
18.0	-34.2	4.13608	0.0349
22.5	-34.2	4.47915	0.0401
27.0	-34.2	4.3343	0.029
31.5	-34.2	4.80317	0.0394
36.0	-34.2	4.84322	0.0357
40.5	-34.2	6.89994	0.3089
45.0	-34.2	4.72242	0.0357
49.5	-34.2	6.9448	0.3557
54.0	-34.2	4.59075	0.0437
58.5	-34.2	4.54502	0.0313
63.0	-34.2	4.43498	0.0336
67.5	-34.2	4.25791	0.0325
72.0	-34.2	4.09632	0.0283
76.5	-34.2	4.20063	0.0351
81.0	-34.2	4.17957	0.0404
85.5	-34.2	3.94208	0.0334
90.0	-34.2	3.79026	0.0392
94.5	-34.2	3.53521	0.0378
99.0	-34.2	3.759	0.0513
103.5	-34.2	3.53394	0.0375
108.0	-34.2	2.997	0.0265
112.5	-34.2	3.10338	0.0341
117.0	-34.2	2.98435	0.0348
121.5	-34.2	2.62503	0.0263
126.0	-34.2	2.52822	0.0342
130.5	-34.2	2.55869	0.0465
135.0	-34.2	2.44347	0.0665
139.5	-34.2	2.21595	0.0372
144.0	-34.2	2.05605	0.0356
148.5	-34.2	2.03651	0.0434
153.0	-34.2	1.80557	0.0364
157.5	-34.2	1.74443	0.0396
162.0	-34.2	1.4828	0.0415
166.5	-34.2	1.41344	0.0494
171.0	-34.2	1.41267	0.0437
175.5	-34.2	1.23216	0.0458
180.0	-34.2	1.08852	0.0439
184.5	-34.2	0.905087	0.0363
189.0	-34.2	0.822901	0.041
193.5	-34.2	0.8701	0.0512
198.0	-34.2	0.747898	0.0616
202.5	-34.2	0.699242	0.0617
207.0	-34.2	0.611881	0.0674
211.5	-34.2	0.564287	0.0903
216.0	-34.2	0.476519	0.0534
220.5	-34.2	0.3932	0.055
225.0	-34.2	0.391932	0.0689
229.5	-34.2	0.333795	0.0675
234.0	-34.2	0.320215	0.0728
238.5	-34.2	0.255337	0.0472
243.0	-34.2	0.282557	0.0736
247.5	-34.2	0.248741	0.0656
252.0	-34.2	0.256997	0.1133
256.5	-34.2	0.225147	0.0902
261.0	-34.2	0.197218	0.0647
265.5	-34.2	0.161209	0.0528
270.0	-34.2	0.168712	0.101
274.5	-34.2	0.228804	0.1954
279.0	-34.2	0.153529	0.0897
283.5	-34.2	0.160105	0.0945
288.0	-34.2	0.137351	0.0629
292.5	-34.2	0.148492	0.0992
297.0	-34.2	0.11825	0.1072
301.5	-34.2	0.123812	0.0629
306.0	-34.2	0.135088	0.1622
310.5	-34.2	0.110204	0.0995
315.0	-34.2	0.117639	0.1917
319.5	-34.2	0.138409	0.1957
324.0	-34.2	0.120018	0.0921
328.5	-34.2	0.111625	0.089
333.0	-34.2	0.128581	0.2054
337.5	-34.2	0.120139	0.1592
342.0	-34.2	0.0977521	0.0707
346.5	-34.2	0.0870468	0.0704
351.0	-34.2	0.0853011	0.0724
355.5	-34.2	0.123493	0.2334
360.0	-34.2	0.0968266	0.0884
364.5	-34.2	0.0916058	0.1955
369.0	-34.2	0.0845946	0.1133
373.5	-34.2	0.0848366	0.1616
378.0	-34.2	0.0754469	0.1756
382.5	-34.2	0.0758539	0.1442
387.0	-34.2	0.0889901	0.252
391.5	-34.2	0.118321	0.2583
396.0	-34.2	0.0552647	0.2018
400.5	-34.2	0.0602455	0.1991
405.0	-34.2	0.0503095	0.1883
409.5	-34.2	0.0521209	0.1703
414.0	-34.2	0.0705652	0.3258
418.5	-34.2	0.0731751	0.2102
423.0	-34.2	0.0395222	0.1049
427.5	-34.2	0.0625863	0.2118
432.0	-34.2	0.0508473	0.2382
436.5	-34.2	0.0467234	0.1206
441.0	-34.2	0.0597373	0.2104
445.5	-34.2	0.0926481	0.2621
-450.0	-31.6333	0.0385898	0.1217
-445.5	-31.6333	0.0332353	0.1085
-441.0	-31.6333	0.0409326	0.1922
-436.5	-31.6333	0.0368326	0.1705
-432.0	-31.6333	0.0455395	0.2005
-427.5	-31.6333	0.0324965	0.116
-423.0	-31.6333	0.0573661	0.2962
-418.5	-31.6333	0.0463385	0.1803
-414.0	-31.6333	0.0469485	0.2259
-409.5	-31.6333	0.0503173	0.1997
-405.0	-31.6333	0.0791637	0.3792
-400.5	-31.6333	0.0495649	0.1719
-396.0	-31.6333	0.047878	0.1665
-391.5	-31.6333	0.0587225	0.1059
-387.0	-31.6333	0.0762604	0.2798
-382.5	-31.6333	0.0623817	0.2435
-378.0	-31.6333	0.0774158	0.2413
-373.5	-31.6333	0.0711127	0.1231
-369.0	-31.6333	0.0823817	0.1762
-364.5	-31.6333	0.0629518	0.0875
-360.0	-31.6333	0.0693458	0.0879
-355.5	-31.6333	0.0880643	0.1397
-351.0	-31.6333	0.0755894	0.0767
-346.5	-31.6333	0.0735627	0.0785
-342.0	-31.6333	0.0908047	0.0944
-337.5	-31.6333	0.163152	0.3691
-333.0	-31.6333	0.17068	0.3898
-328.5	-31.6333	0.0966055	0.0803
-324.0	-31.6333	0.109375	0.123
-319.5	-31.6333	0.118905	0.1374
-315.0	-31.6333	0.132566	0.1207
-310.5	-31.6333	0.128653	0.1065
-306.0	-31.6333	0.117795	0.0722
-301.5	-31.6333	0.133061	0.0875
-297.0	-31.6333	0.154637	0.1235
-292.5	-31.6333	0.144707	0.0687
-288.0	-31.6333	0.168541	0.104
-283.5	-31.6333	0.146128	0.0715
-279.0	-31.6333	0.160762	0.0559
-274.5	-31.6333	0.186564	0.068
-270.0	-31.6333	0.222901	0.0678
-265.5	-31.6333	0.227648	0.0551
-261.0	-31.6333	0.231102	0.0521
-256.5	-31.6333	0.256876	0.0634
-252.0	-31.6333	0.234055	0.0451
-247.5	-31.6333	0.299922	0.0504
-243.0	-31.6333	0.352278	0.0691
-238.5	-31.6333	0.34954	0.0487
-234.0	-31.6333	0.44568	0.0731
-229.5	-31.6333	0.446814	0.0736
-225.0	-31.6333	0.476277	0.0623
-220.5	-31.6333	0.491511	0.0532
-216.0	-31.6333	0.551495	0.0455
-211.5	-31.6333	0.616513	0.0769
-207.0	-31.6333	0.632712	0.0527
-202.5	-31.6333	0.669939	0.0454
-198.0	-31.6333	0.712136	0.0425
-193.5	-31.6333	0.738015	0.0406
-189.0	-31.6333	0.867057	0.0426
-184.5	-31.6333	0.946874	0.0455
-180.0	-31.6333	0.965548	0.0482
-175.5	-31.6333	1.07099	0.0364
-171.0	-31.6333	1.07973	0.0357
-166.5	-31.6333	1.20392	0.0352
-162.0	-31.6333	1.27195	0.0401
-157.5	-31.6333	1.40739	0.0418
-153.0	-31.6333	1.5867	0.0379
-148.5	-31.6333	1.6873	0.0334
-144.0	-31.6333	2.01116	0.0488
-139.5	-31.6333	1.9807	0.0401
-135.0	-31.6333	2.07609	0.038
-130.5	-31.6333	2.15173	0.0362
-126.0	-31.6333	2.28406	0.0352
-121.5	-31.6333	2.33608	0.0355
-117.0	-31.6333	2.58905	0.0331
-112.5	-31.6333	2.78554	0.0373
-108.0	-31.6333	2.98029	0.0336
-103.5	-31.6333	3.05516	0.0325
-99.0	-31.6333	3.2516	0.0349
-94.5	-31.6333	3.42859	0.0319
-90.0	-31.6333	3.84986	0.0406
-85.5	-31.6333	3.75379	0.0293
-81.0	-31.6333	4.33419	0.0834
-76.5	-31.6333	4.2327	0.0359
-72.0	-31.6333	4.37643	0.0339
-67.5	-31.6333	5.02515	0.0568
-63.0	-31.6333	4.70029	0.0362
-58.5	-31.6333	4.86121	0.0374
-54.0	-31.6333	4.81286	0.0315
-49.5	-31.6333	4.90003	0.036
-45.0	-31.6333	4.88491	0.0423
-40.5	-31.6333	4.73457	0.0308
-36.0	-31.6333	4.86489	0.0386
-31.5	-31.6333	4.95442	0.0418
-27.0	-31.6333	5.09985	0.047
-22.5	-31.6333	4.72318	0.0341
-18.0	-31.6333	4.37594	0.0368
-13.5	-31.6333	4.27981	0.0429
-9.0	-31.6333	3.41508	0.0267
-4.5	-31.6333	3.38344	0.0304
0.0	-31.6333	3.18765	0.0311
4.5	-31.6333	3.21166	0.0181
9.0	-31.6333	3.3287	0.0306
13.5	-31.6333	4.33507	0.0406
18.0	-31.6333	4.23855	0.0327
22.5	-31.6333	4.34616	0.0327
27.0	-31.6333	4.47289	0.0311
31.5	-31.6333	4.8313	0.0402
36.0	-31.6333	4.80157	0.035
40.5	-31.6333	5.09153	0.1095
45.0	-31.6333	4.75305	0.0375
49.5	-31.6333	5.19659	0.0668
54.0	-31.6333	4.56632	0.0321
58.5	-31.6333	4.34906	0.0308
63.0	-31.6333	4.32278	0.0319
67.5	-31.6333	4.53349	0.0361
72.0	-31.6333	4.39801	0.0342
76.5	-31.6333	4.05845	0.0325
81.0	-31.6333	4.02128	0.0444
85.5	-31.6333	3.89522	0.0324
90.0	-31.6333	3.72219	0.034
94.5	-31.6333	3.60871	0.0299
99.0	-31.6333	3.29569	0.0304
103.5	-31.6333	3.40912	0.0323
108.0	-31.6333	3.20682	0.0428
112.5	-31.6333	3.07561	0.0354
117.0	-31.6333	2.83509	0.0328
121.5	-31.6333	2.88195	0.0475
126.0	-31.6333	2.67896	0.041
130.5	-31.6333	2.4375	0.0357
135.0	-31.6333	2.36553	0.0322
139.5	-31.6333	2.24376	0.0425
144.0	-31.6333	2.11889	0.036
148.5	-31.6333	1.98182	0.0431
153.0	-31.6333	1.78286	0.0355
157.5	-31.6333	1.82526	0.0557
162.0	-31.6333	1.6062	0.0404
166.5	-31.6333	1.42947	0.0387
171.0	-31.6333	1.30562	0.0443
175.5	-31.6333	1.16229	0.043
180.0	-31.6333	1.06413	0.0378
184.5	-31.6333	0.966844	0.0379
189.0	-31.6333	0.857483	0.0496
193.5	-31.6333	0.76543	0.0464
198.0	-31.6333	0.738189	0.0632
202.5	-31.6333	0.63808	0.0712
207.0	-31.6333	0.62872	0.0804
211.5	-31.6333	0.516353	0.0498
216.0	-31.6333	0.508726	0.0737
220.5	-31.6333	0.421003	0.0532
225.0	-31.6333	0.399106	0.0695
229.5	-31.6333	0.336013	0.0711
234.0	-31.6333	0.327933	0.0503
238.5	-31.6333	0.258937	0.0444
243.0	-31.6333	0.270255	0.0757
247.5	-31.6333	0.271852	0.0662
252.0	-31.6333	0.234718	0.0563
256.5	-31.6333	0.213484	0.0664
261.0	-31.6333	0.206193	0.0952
265.5	-31.6333	0.184544	0.0627
270.0	-31.6333	0.202506	0.1175
274.5	-31.6333	0.197331	0.1219
279.0	-31.6333	0.155513	0.0591
283.5	-31.6333	0.196524	0.1807
288.0	-31.6333	0.146764	0.0822
292.5	-31.6333	0.148915	0.0989
297.0	-31.6333	0.131696	0.0764
301.5	-31.6333	0.134845	0.0927
306.0	-31.6333	0.132823	0.073
310.5	-31.6333	0.120042	0.0773
315.0	-31.6333	0.118297	0.0589
319.5	-31.6333	0.150321	0.1416
324.0	-31.6333	0.155963	0.1625
328.5	-31.6333	0.111517	0.0873
333.0	-31.6333	0.129107	0.2058
337.5	-31.6333	0.132642	0.1563
342.0	-31.6333	0.1022	0.1083
346.5	-31.6333	0.115813	0.1966
351.0	-31.6333	0.0892906	0.0914
355.5	-31.6333	0.087542	0.11
360.0	-31.6333	0.0787456	0.1019
364.5	-31.6333	0.0824431	0.0838
369.0	-31.6333	0.0758105	0.0851
373.5	-31.6333	0.108801	0.144
378.0	-31.6333	0.0808892	0.1408
382.5	-31.6333	0.158922	0.3813
387.0	-31.6333	0.0845475	0.1409
391.5	-31.6333	0.078191	0.2557
396.0	-31.6333	0.076362	0.2315
400.5	-31.6333	0.0738896	0.2575
405.0	-31.6333	0.0599339	0.1687
409.5	-31.6333	0.0640972	0.1496
414.0	-31.6333	0.0561322	0.1566
418.5	-31.6333	0.0390397	0.1048
423.0	-31.6333	0.0429205	0.1046
427.5	-31.6333	0.0565761	0.1549
432.0	-31.6333	0.089118	0.4859
436.5	-31.6333	0.037454	0.1243
441.0	-31.6333	0.0516119	0.1781
445.5	-31.6333	0.0787121	0.19
-450.0	-29.0667	0.0392413	0.1321
-445.5	-29.0667	0.0391255	0.1659
-441.0	-29.0667	0.0451531	0.3068
-436.5	-29.0667	0.028	0.1121
-432.0	-29.0667	0.0329866	0.1249
-427.5	-29.0667	0.0352449	0.1497
-423.0	-29.0667	0.0336397	0.1436
-418.5	-29.0667	0.053968	0.2358
-414.0	-29.0667	0.0582614	0.3431
-409.5	-29.0667	0.0479292	0.1536
-405.0	-29.0667	0.0402065	0.1079
-400.5	-29.0667	0.0497632	0.1271
-396.0	-29.0667	0.042207	0.0955
-391.5	-29.0667	0.0523251	0.096
-387.0	-29.0667	0.0581901	0.1359
-382.5	-29.0667	0.0618824	0.2357
-378.0	-29.0667	0.0799976	0.2269
-373.5	-29.0667	0.0630239	0.1203
-369.0	-29.0667	0.0639138	0.1179
-364.5	-29.0667	0.0703069	0.1134
-360.0	-29.0667	0.0750794	0.0887
-355.5	-29.0667	0.0761546	0.0839
-351.0	-29.0667	0.0803998	0.1039
-346.5	-29.0667	0.0904999	0.097
-342.0	-29.0667	0.0875504	0.0958
-337.5	-29.0667	0.0766363	0.0808
-333.0	-29.0667	0.0843863	0.0658
-328.5	-29.0667	0.239976	0.6488
-324.0	-29.0667	0.107023	0.0772
-319.5	-29.0667	0.111836	0.0927
-315.0	-29.0667	0.10972	0.0701
-310.5	-29.0667	0.115486	0.079
-306.0	-29.0667	0.138843	0.0968
-301.5	-29.0667	0.133382	0.0717
-297.0	-29.0667	0.162194	0.1461
-292.5	-29.0667	0.155599	0.0697
-288.0	-29.0667	0.147019	0.0774
-283.5	-29.0667	0.159898	0.0843
-279.0	-29.0667	0.168994	0.0729
-274.5	-29.0667	0.175824	0.056
-270.0	-29.0667	0.192192	0.051
-265.5	-29.0667	0.243051	0.0904
-261.0	-29.0667	0.256531	0.0822
-256.5	-29.0667	0.243099	0.05
-252.0	-29.0667	0.296789	0.0636
-247.5	-29.0667	0.273638	0.0505
-243.0	-29.0667	0.317442	0.05
-238.5	-29.0667	0.407029	0.0649
-234.0	-29.0667	0.426971	0.0631
-229.5	-29.0667	0.447656	0.054
-225.0	-29.0667	0.454136	0.0511
-220.5	-29.0667	0.488784	0.0591
-216.0	-29.0667	0.519738	0.0617
-211.5	-29.0667	0.621826	0.055
-207.0	-29.0667	0.642974	0.0424
-202.5	-29.0667	0.727073	0.0493
-198.0	-29.0667	0.774001	0.0538
-193.5	-29.0667	0.762434	0.0401
-189.0	-29.0667	0.865114	0.0433
-184.5	-29.0667	0.969539	0.0532
-180.0	-29.0667	1.00031	0.0468
-175.5	-29.0667	1.11944	0.0516
-171.0	-29.0667	1.18968	0.0399
-166.5	-29.0667	1.19093	0.0373
-162.0	-29.0667	1.39551	0.0377
-157.5	-29.0667	1.35549	0.0318
-153.0	-29.0667	1.54745	0.0323
-148.5	-29.0667	1.68925	0.0432
-144.0	-29.0667	1.70273	0.0284
-139.5	-29.0667	1.92948	0.0383
-135.0	-29.0667	2.04739	0.0312
-130.5	-29.0667	2.14151	0.0304
-126.0	-29.0667	2.28948	0.0317
-121.5	-29.0667	2.48495	0.0388
-117.0	-29.0667	2.5869	0.0305
-112.5	-29.0667	3.00957	0.042
-108.0	-29.0667	2.95049	0.0321
-103.5	-29.0667	2.83549	0.0251
-99.0	-29.0667	3.25303	0.0307
-94.5	-29.0667	3.27734	0.0244
-90.0	-29.0667	3.43054	0.0299
-85.5	-29.0667	3.75947	0.0325
-81.0	-29.0667	3.84781	0.0293
-76.5	-29.0667	4.5944	0.0418
-72.0	-29.0667	4.67911	0.038
-67.5	-29.0667	4.46779	0.0308
-63.0	-29.0667	4.56209	0.0329
-58.5	-29.0667	5.12622	0.0376
-54.0	-29.0667	4.6465	0.034
-49.5	-29.0667	4.66927	0.0283
-45.0	-29.0667	5.12337	0.0419
-40.5	-29.0667	4.74699	0.0288
-36.0	-29.0667	5.14728	0.0433
-31.5	-29.0667	4.61341	0.0342
-27.0	-29.0667	4.7034	0.0311
-22.5	-29.0667	4.62847	0.0341
-18.0	-29.0667	4.6252	0.0369
-13.5	-29.0667	4.30867	0.039
-9.0	-29.0667	3.35803	0.0242
-4.5	-29.0667	3.22478	0.0214
0.0	-29.0667	3.19904	0.019
4.5	-29.0667	3.18333	0.0302
9.0	-29.0667	3.54448	0.0337
13.5	-29.0667	4.23575	0.0371
18.0	-29.0667	4.39127	0.0401
22.5	-29.0667	4.427	0.0321
27.0	-29.0667	4.62533	0.0365
31.5	-29.0667	4.61429	0.0308
36.0	-29.0667	4.80097	0.0327
40.5	-29.0667	5.01012	0.0375
45.0	-29.0667	4.5788	0.0324
49.5	-29.0667	4.71001	0.0327
54.0	-29.0667	4.51161	0.0353
58.5	-29.0667	4.535	0.0291
63.0	-29.0667	4.60569	0.0325
67.5	-29.0667	4.19186	0.0251
72.0	-29.0667	4.66126	0.0434
76.5	-29.0667	4.03942	0.0289
81.0	-29.0667	3.95491	0.0305
85.5	-29.0667	3.80468	0.0344
90.0	-29.0667	3.95563	0.0422
94.5	-29.0667	3.46718	0.0296
99.0	-29.0667	3.52091	0.0384
103.5	-29.0667	3.39636	0.0348
108.0	-29.0667	3.10169	0.0379
112.5	-29.0667	3.0684	0.0328
117.0	-29.0667	2.92527	0.0409
121.5	-29.0667	2.64098	0.0277
126.0	-29.0667	2.63431	0.0403
130.5	-29.0667	2.49062	0.0399
135.0	-29.0667	2.39649	0.0371
139.5	-29.0667	2.23507	0.034
144.0	-29.0667	2.28835	0.0436
148.5	-29.0667	1.95297	0.035
153.0	-29.0667	1.83793	0.0401
157.5	-29.0667	1.85808	0.0514
162.0	-29.0667	1.61258	0.0392
166.5	-29.0667	1.45814	0.0389
171.0	-29.0667	1.34777	0.041
175.5	-29.0667	1.21836	0.048
180.0	-29.0667	1.04542	0.0357
184.5	-29.0667	0.981947	0.0511
189.0	-29.0667	0.942382	0.0514
193.5	-29.0667	0.903035	0.0597
198.0	-29.0667	0.77898	0.0518
202.5	-29.0667	0.706256	0.0623
207.0	-29.0667	0.806568	0.2588
211.5	-29.0667	0.548727	0.047
216.0	-29.0667	0.452904	0.0436
220.5	-29.0667	0.423648	0.0642
225.0	-29.0667	0.357541	0.0491
229.5	-29.0667	0.329325	0.0471
234.0	-29.0667	0.301989	0.0445
238.5	-29.0667	0.300102	0.0605
243.0	-29.0667	0.282574	0.0933
247.5	-29.0667	0.248648	0.0544
252.0	-29.0667	0.236358	0.0615
256.5	-29.0667	0.221525	0.1039
261.0	-29.0667	0.195007	0.0557
265.5	-29.0667	0.219849	0.1036
270.0	-29.0667	0.174912	0.0709
274.5	-29.0667	0.173447	0.0837
279.0	-29.0667	0.185679	0.1732
283.5	-29.0667	0.142706	0.0529
288.0	-29.0667	0.13134	0.0673
292.5	-29.0667	0.142094	0.0835
297.0	-29.0667	0.152602	0.0876
301.5	-29.0667	0.14845	0.093
306.0	-29.0667	0.146582	0.1009
310.5	-29.0667	0.144675	0.1112
315.0	-29.0667	0.112118	0.0733
319.5	-29.0667	0.124994	0.0955
324.0	-29.0667	0.136243	0.2124
328.5	-29.0667	0.126042	0.1117
333.0	-29.0667	0.0992634	0.0878
337.5	-29.0667	0.123666	0.1639
342.0	-29.0667	0.0986666	0.0807
346.5	-29.0667	0.12295	0.31
351.0	-29.0667	0.182868	0.2701
355.5	-29.0667	0.0899616	0.0844
360.0	-29.0667	0.0905814	0.1248
364.5	-29.0667	0.103696	0.1385
369.0	-29.0667	0.0951517	0.1623
373.5	-29.0667	0.0676402	0.0995
378.0	-29.0667	0.0686387	0.1099
382.5	-29.0667	0.0704294	0.1789
387.0	-29.0667	0.0790508	0.2357
391.5	-29.0667	0.0889404	0.2111
396.0	-29.0667	0.108117	0.2467
400.5	-29.0667	0.0890613	0.4049
405.0	-29.0667	0.0548127	0.2135
409.5	-29.0667	0.0608025	0.1826
414.0	-29.0667	0.0623028	0.2192
418.5	-29.0667	0.0461795	0.1416
423.0	-29.0667	0.0624009	0.1803
427.5	-29.0667	0.0413315	0.1158
432.0	-29.0667	0.0475834	0.1199
436.5	-29.0667	0.049269	0.1191
441.0	-29.0667	0.0444474	0.1132
445.5	-29.0667	0.0481562	0.1461
-450.0	-26.5	0.0469028	0.1655
-445.5	-26.5	0.0356793	0.156
-441.0	-26.5	0.0349162	0.1163
-436.5	-26.5	0.046949	0.1653
-432.0	-26.5	0.0338541	0.1135
-427.5	-26.5	0.0323909	0.1229
-423.0	-26.5	0.0363072	0.1568
-418.5	-26.5	0.0458542	0.2525
-414.0	-26.5	0.0379505	0.113
-409.5	-26.5	0.0323255	0.1489
-405.0	-26.5	0.0403535	0.1359
-400.5	-26.5	0.052641	0.1321
-396.0	-26.5	0.0472847	0.1068
-391.5	-26.5	0.0605647	0.1485
-387.0	-26.5	0.0584298	0.1093
-382.5	-26.5	0.0726249	0.2689
-378.0	-26.5	0.0647914	0.102
-373.5	-26.5	0.066669	0.1072
-369.0	-26.5	0.0742724	0.1203
-364.5	-26.5	0.0730951	0.094
-360.0	-26.5	0.0770665	0.0975
-355.5	-26.5	0.0864675	0.1205
-351.0	-26.5	0.0981183	0.1886
-346.5	-26.5	0.087099	0.0826
-342.0	-26.5	0.0819093	0.0694
-337.5	-26.5	0.0923032	0.0867
-333.0	-26.5	0.0938631	0.0764
-328.5	-26.5	0.0981617	0.0788
-324.0	-26.5	0.102983	0.0791
-319.5	-26.5	0.113939	0.0725
-315.0	-26.5	0.116892	0.09
-310.5	-26.5	0.122201	0.066
-306.0	-26.5	0.133801	0.1753
-301.5	-26.5	0.157921	0.1019
-297.0	-26.5	0.150152	0.0731
-292.5	-26.5	0.156324	0.067
-288.0	-26.5	0.159515	0.0615
-283.5	-26.5	0.169936	0.1014
-279.0	-26.5	0.173149	0.0571
-274.5	-26.5	0.190334	0.0616
-270.0	-26.5	0.210286	0.0665
-265.5	-26.5	0.224212	0.0749
-261.0	-26.5	0.231818	0.0488
-256.5	-26.5	0.244181	0.0448
-252.0	-26.5	0.29486	0.0604
-247.5	-26.5	0.27056	0.0499
-243.0	-26.5	0.315376	0.0529
-238.5	-26.5	0.363387	0.0434
-234.0	-26.5	0.397618	0.0612
-229.5	-26.5	0.445852	0.0635
-225.0	-26.5	0.524307	0.0753
-220.5	-26.5	0.539954	0.0782
-216.0	-26.5	0.487208	0.0515
-211.5	-26.5	0.618871	0.0557
-207.0	-26.5	0.670096	0.0548
-202.5	-26.5	0.66823	0.0452
-198.0	-26.5	0.726588	0.0498
-193.5	-26.5	0.800734	0.0486
-189.0	-26.5	0.77844	0.0335
-184.5	-26.5	0.886532	0.0354
-180.0	-26.5	0.948751	0.0362
-175.5	-26.5	0.985392	0.0385
-171.0	-26.5	1.19295	0.0501
-166.5	-26.5	1.22814	0.0477
-162.0	-26.5	1.27808	0.0329
-157.5	-26.5	1.48047	0.0454
-153.0	-26.5	1.52248	0.0377
-148.5	-26.5	1.69077	0.0327
-144.0	-26.5	1.72745	0.0294
-139.5	-26.5	2.02147	0.0344
-135.0	-26.5	2.10064	0.0372
-130.5	-26.5	2.24546	0.038
-126.0	-26.5	2.37344	0.0327
-121.5	-26.5	2.46993	0.0303
-117.0	-26.5	2.61153	0.03
-112.5	-26.5	2.9132	0.0372
-108.0	-26.5	3.01194	0.0347
-103.5	-26.5	3.53475	0.082
-99.0	-26.5	3.25595	0.0328
-94.5	-26.5	3.63381	0.0522
-90.0	-26.5	3.53682	0.0276
-85.5	-26.5	3.80866	0.0356
-81.0	-26.5	3.93852	0.0322
-76.5	-26.5	4.22298	0.0327
-72.0	-26.5	4.50245	0.0352
-67.5	-26.5	4.63318	0.0347
-63.0	-26.5	4.78282	0.0369
-58.5	-26.5	4.89393	0.0332
-54.0	-26.5	4.63302	0.0329
-49.5	-26.5	5.08785	0.0376
-45.0	-26.5	4.97612	0.0372
-40.5	-26.5	5.15762	0.0468
-36.0	-26.5	5.08761	0.0474
-31.5	-26.5	4.67567	0.0321
-27.0	-26.5	5.04474	0.0464
-22.5	-26.5	4.92515	0.0362
-18.0	-26.5	4.9155	0.042
-13.5	-26.5	4.75596	0.0491
-9.0	-26.5	3.43143	0.0276
-4.5	-26.5	3.29786	0.0388
0.0	-26.5	3.31092	0.0481
4.5	-26.5	3.4027	0.0312
9.0	-26.5	3.50603	0.0263
13.5	-26.5	4.23467	0.0361
18.0	-26.5	4.45058	0.0374
22.5	-26.5	4.51354	0.0349
27.0	-26.5	4.50505	0.0343
31.5	-26.5	4.69896	0.042
36.0	-26.5	4.78191	0.0349
40.5	-26.5	4.83794	0.034
45.0	-26.5	5.08222	0.0386
49.5	-26.5	4.7732	0.0303
54.0	-26.5	4.79779	0.0334
58.5	-26.5	4.7753	0.0349
63.0	-26.5	4.59395	0.0332
67.5	-26.5	4.78963	0.0396
72.0	-26.5	4.27178	0.0293
76.5	-26.5	4.09739	0.0312
81.0	-26.5	3.81778	0.0276
85.5	-26.5	4.01264	0.0355
90.0	-26.5	3.6405	0.0309
94.5	-26.5	3.72044	0.0365
99.0	-26.5	3.44695	0.0312
103.5	-26.5	3.25824	0.0299
108.0	-26.5	3.3218	0.0399
112.5	-26.5	3.27505	0.0383
117.0	-26.5	2.89184	0.0306
121.5	-26.5	2.72095	0.0296
126.0	-26.5	2.45897	0.0267
130.5	-26.5	2.64171	0.0384
135.0	-26.5	2.3766	0.0338
139.5	-26.5	2.22067	0.0341
144.0	-26.5	2.11743	0.0356
148.5	-26.5	2.00464	0.0401
153.0	-26.5	1.85409	0.0483
157.5	-26.5	1.67157	0.0355
162.0	-26.5	1.63843	0.0415
166.5	-26.5	1.44303	0.0341
171.0	-26.5	1.34704	0.0398
175.5	-26.5	1.19354	0.0403
180.0	-26.5	1.10398	0.0444
184.5	-26.5	1.05453	0.0555
189.0	-26.5	0.774122	0.0328
193.5	-26.5	0.817129	0.0416
198.0	-26.5	0.708246	0.0438
202.5	-26.5	0.700402	0.0609
207.0	-26.5	0.58194	0.0591
211.5	-26.5	0.548734	0.0547
216.0	-26.5	0.478535	0.0518
220.5	-26.5	0.385856	0.0478
225.0	-26.5	0.365382	0.0768
229.5	-26.5	0.361969	0.067
234.0	-26.5	0.331831	0.0548
238.5	-26.5	0.329403	0.0938
243.0	-26.5	0.254999	0.0955
247.5	-26.5	0.26718	0.09
252.0	-26.5	0.238473	0.0922
256.5	-26.5	0.198774	0.0582
261.0	-26.5	0.205531	0.1046
265.5	-26.5	0.190038	0.0654
270.0	-26.5	0.232294	0.1522
274.5	-26.5	0.168602	0.1047
279.0	-26.5	0.193814	0.1404
283.5	-26.5	0.165652	0.1436
288.0	-26.5	0.13638	0.0606
292.5	-26.5	0.158528	0.1277
297.0	-26.5	0.168692	0.1516
301.5	-26.5	0.134916	0.0724
306.0	-26.5	0.139401	0.1089
310.5	-26.5	0.132305	0.1509
315.0	-26.5	0.132623	0.0985
319.5	-26.5	0.135052	0.1395
324.0	-26.5	0.131282	0.1107
328.5	-26.5	0.139509	0.149
333.0	-26.5	0.134357	0.1263
337.5	-26.5	0.167201	0.2156
342.0	-26.5	0.103356	0.1301
346.5	-26.5	0.0971698	0.0771
351.0	-26.5	0.0912775	0.0877
355.5	-26.5	0.103444	0.148
360.0	-26.5	0.113718	0.1577
364.5	-26.5	0.0889917	0.1082
369.0	-26.5	0.0847223	0.0995
373.5	-26.5	0.0864619	0.1145
378.0	-26.5	0.0692726	0.1252
382.5	-26.5	0.0677118	0.1922
387.0	-26.5	0.0973954	0.2757
391.5	-26.5	0.103027	0.2466
396.0	-26.5	1.1927	0.9454
400.5	-26.5	0.0698061	0.2657
405.0	-26.5	0.0683414	0.1946
409.5	-26.5	0.070524	0.2418
414.0	-26.5	0.0461009	0.1109
418.5	-26.5	0.0473374	0.1246
423.0	-26.5	0.044577	0.1037
427.5	-26.5	0.0524696	0.1673
432.0	-26.5	0.0607996	0.1361
436.5	-26.5	0.0808453	0.3628
441.0	-26.5	0.0818033	0.3003
445.5	-26.5	0.0608975	0.1372
-450.0	-23.9333	0.0545931	0.4291
-445.5	-23.9333	0.0481026	0.1992
-441.0	-23.9333	0.0636121	0.377
-436.5	-23.9333	0.0321456	0.1126
-432.0	-23.9333	0.0328884	0.1388
-427.5	-23.9333	0.0361684	0.1397
-423.0	-23.9333	0.0284443	0.1123
-418.5	-23.9333	0.0381424	0.1463
-414.0	-23.9333	0.049435	0.2328
-409.5	-23.9333	0.0350819	0.1138
-405.0	-23.9333	0.0589165	0.2148
-400.5	-23.9333	0.0737303	0.3615
-396.0	-23.9333	0.0451043	0.1102
-391.5	-23.9333	0.0573519	0.1926
-387.0	-23.9333	0.0865535	0.2465
-382.5	-23.9333	0.0532902	0.0976
-378.0	-23.9333	0.0798763	0.1881
-373.5	-23.9333	0.0590679	0.0815
-369.0	-23.9333	0.0657412	0.1685
-364.5	-23.9333	0.0884536	0.1541
-360.0	-23.9333	0.0814624	0.12
-355.5	-23.9333	0.0988572	0.2331
-351.0	-23.9333	0.0754228	0.0784
-346.5	-23.9333	0.106831	0.1984
-342.0	-23.9333	0.0801064	0.1047
-337.5	-23.9333	0.0940356	0.0775
-333.0	-23.9333	0.0871755	0.1136
-328.5	-23.9333	0.127786	0.2303
-324.0	-23.9333	0.11454	0.103
-319.5	-23.9333	0.112763	0.0823
-315.0	-23.9333	0.111207	0.0871
-310.5	-23.9333	0.14186	0.0863
-306.0	-23.9333	0.119225	0.0658
-301.5	-23.9333	0.166582	0.1739
-297.0	-23.9333	0.155029	0.0937
-292.5	-23.9333	0.172774	0.0992
-288.0	-23.9333	0.157995	0.0817
-283.5	-23.9333	0.168115	0.0711
-279.0	-23.9333	0.194998	0.0827
-274.5	-23.9333	0.213344	0.0672
-270.0	-23.9333	0.196128	0.0515
-265.5	-23.9333	0.232769	0.0644
-261.0	-23.9333	0.230172	0.059
-256.5	-23.9333	0.286372	0.0831
-252.0	-23.9333	0.307443	0.0619
-247.5	-23.9333	0.319426	0.0913
-243.0	-23.9333	0.326111	0.0567
-238.5	-23.9333	0.39497	0.0625
-234.0	-23.9333	0.415384	0.0623
-229.5	-23.9333	0.420527	0.0558
-225.0	-23.9333	0.484273	0.0522
-220.5	-23.9333	0.530582	0.0518
-216.0	-23.9333	0.541926	0.0522
-211.5	-23.9333	0.606256	0.0464
-207.0	-23.9333	0.633161	0.0419
-202.5	-23.9333	0.682432	0.0397
-198.0	-23.9333	0.727616	0.0379
-193.5	-23.9333	0.820588	0.0483
-189.0	-23.9333	0.846939	0.0525
-184.5	-23.9333	0.913973	0.0393
-180.0	-23.9333	1.09586	0.0461
-175.5	-23.9333	1.09034	0.052
-171.0	-23.9333	1.10216	0.0386
-166.5	-23.9333	1.2665	0.0437
-162.0	-23.9333	1.31374	0.0362
-157.5	-23.9333	1.41523	0.0396
-153.0	-23.9333	1.54495	0.0394
-148.5	-23.9333	1.69995	0.0449
-144.0	-23.9333	1.74235	0.0357
-139.5	-23.9333	2.02494	0.0397
-135.0	-23.9333	2.10935	0.0498
-130.5	-23.9333	2.23533	0.0339
-126.0	-23.9333	2.27888	0.033
-121.5	-23.9333	2.59566	0.0405
-117.0	-23.9333	2.65947	0.0293
-112.5	-23.9333	2.73488	0.0339
-108.0	-23.9333	2.92236	0.0282
-103.5	-23.9333	3.16483	0.0325
-99.0	-23.9333	3.4509	0.0379
-94.5	-23.9333	3.87204	0.1038
-90.0	-23.9333	3.72614	0.0399
-85.5	-23.9333	3.78429	0.0295
-81.0	-23.9333	4.38112	0.0584
-76.5	-23.9333	4.52842	0.0396
-72.0	-23.9333	4.62465	0.0327
-67.5	-23.9333	5.12508	0.0391
-63.0	-23.9333	4.90702	0.041
-58.5	-23.9333	4.62744	0.0299
-54.0	-23.9333	4.66793	0.0269
-49.5	-23.9333	5.01411	0.0366
-45.0	-23.9333	4.82257	0.0302
-40.5	-23.9333	5.20684	0.0538
-36.0	-23.9333	4.91854	0.0338
-31.5	-23.9333	5.04295	0.0425
-27.0	-23.9333	4.77773	0.0333
-22.5	-23.9333	4.87935	0.0399
-18.0	-23.9333	4.46339	0.0329
-13.5	-23.9333	4.11063	0.0303
-9.0	-23.9333	3.53664	0.025
-4.5	-23.9333	3.41787	0.0257
0.0	-23.9333	3.36946	0.0312
4.5	-23.9333	3.20858	0.0176
9.0	-23.9333	3.56528	0.0306
13.5	-23.9333	4.04918	0.0313
18.0	-23.9333	4.64789	0.0375
22.5	-23.9333	4.64523	0.0362
27.0	-23.9333	5.03209	0.0412
31.5	-23.9333	4.77517	0.0394
36.0	-23.9333	6.41481	0.2521
40.5	-23.9333	4.75842	0.0352
45.0	-23.9333	4.93775	0.0358
49.5	-23.9333	4.69943	0.0297
54.0	-23.9333	4.92162	0.0354
58.5	-23.9333	4.62467	0.0306
63.0	-23.9333	4.58584	0.0348
67.5	-23.9333	4.45755	0.0309
72.0	-23.9333	4.37593	0.0315
76.5	-23.9333	4.46695	0.0423
81.0	-23.9333	4.03587	0.0342
85.5	-23.9333	3.88447	0.0327
90.0	-23.9333	3.93811	0.0338
94.5	-23.9333	3.56286	0.0292
99.0	-23.9333	3.73317	0.0371
103.5	-23.9333	3.36329	0.0306
108.0	-23.9333	3.55372	0.0389
112.5	-23.9333	3.18463	0.0333
117.0	-23.9333	2.99665	0.0383
121.5	-23.9333	2.7711	0.031
126.0	-23.9333	2.74568	0.0358
130.5	-23.9333	2.78576	0.0443
135.0	-23.9333	2.44062	0.0356
139.5	-23.9333	2.27554	0.0362
144.0	-23.9333	2.25917	0.0637
148.5	-23.9333	2.01018	0.04
153.0	-23.9333	1.8909	0.0363
157.5	-23.9333	1.7515	0.0453
162.0	-23.9333	1.53494	0.0299
166.5	-23.9333	1.55963	0.0448
171.0	-23.9333	1.31868	0.0401
175.5	-23.9333	1.1981	0.0355
180.0	-23.9333	1.10398	0.0318
184.5	-23.9333	1.08833	0.0541
189.0	-23.9333	0.87525	0.0448
193.5	-23.9333	0.876702	0.0524
198.0	-23.9333	0.718816	0.0408
202.5	-23.9333	0.674367	0.0413
207.0	-23.9333	0.597695	0.0436
211.5	-23.9333	0.584432	0.0637
216.0	-23.9333	0.503405	0.0623
220.5	-23.9333	0.415568	0.0568
225.0	-23.9333	0.426389	0.0741
229.5	-23.9333	0.367979	0.0729
234.0	-23.9333	0.330048	0.061
238.5	-23.9333	0.271084	0.047
243.0	-23.9333	0.252989	0.0455
247.5	-23.9333	0.257423	0.0783
252.0	-23.9333	0.243496	0.0601
256.5	-23.9333	0.194933	0.0496
261.0	-23.9333	0.18825	0.0526
265.5	-23.9333	0.183692	0.0531
270.0	-23.9333	0.185865	0.0718
274.5	-23.9333	0.1831	0.076
279.0	-23.9333	0.171677	0.0704
283.5	-23.9333	0.142434	0.059
288.0	-23.9333	0.150843	0.0724
292.5	-23.9333	0.16986	0.1161
297.0	-23.9333	0.129585	0.069
301.5	-23.9333	0.175911	0.1853
306.0	-23.9333	0.130785	0.0789
310.5	-23.9333	0.130615	0.136
315.0	-23.9333	0.110406	0.0733
319.5	-23.9333	0.123664	0.0733
324.0	-23.9333	0.12031	0.0894
328.5	-23.9333	0.103085	0.0592
333.0	-23.9333	0.115852	0.1174
337.5	-23.9333	0.100284	0.0707
342.0	-23.9333	0.100453	0.0731
346.5	-23.9333	0.121774	0.1611
351.0	-23.9333	0.101868	0.1127
355.5	-23.9333	0.0775692	0.0691
360.0	-23.9333	0.100622	0.1299
364.5	-23.9333	0.0759233	0.0682
369.0	-23.9333	0.0824219	0.0843
373.5	-23.9333	0.0841596	0.0976
378.0	-23.9333	0.0917875	0.1372
382.5	-23.9333	0.101353	0.1952
387.0	-23.9333	0.103723	0.1764
391.5	-23.9333	0.0870408	0.1941
396.0	-23.9333	0.0837582	0.1998
400.5	-23.9333	0.0704802	0.214
405.0	-23.9333	0.0529292	0.2212
409.5	-23.9333	0.0580626	0.1572
414.0	-23.9333	0.053755	0.25
418.5	-23.9333	0.049852	0.3521
423.0	-23.9333	0.0500423	0.1675
427.5	-23.9333	0.052977	0.1409
432.0	-23.9333	0.0466701	0.1293
436.5	-23.9333	0.0476345	0.1301
441.0	-23.9333	0.0553686	0.1634
445.5	-23.9333	0.0615014	0.1521
-450.0	-21.3667	0.0551505	0.3075
-445.5	-21.3667	0.0515732	0.1952
-441.0	-21.3667	0.0358626	0.1152
-436.5	-21.3667	0.0664059	0.4031
-432.0	-21.3667	0.028887	0.1202
-427.5	-21.3667	0.0344152	0.1117
-423.0	-21.3667	0.0382006	0.1242
-418.5	-21.3667	0.0397406	0.2169
-414.0	-21.3667	0.0410457	0.2138
-409.5	-21.3667	0.0474333	0.1811
-405.0	-21.3667	0.0452413	0.1262
-400.5	-21.3667	0.041102	0.1024
-396.0	-21.3667	0.0377421	0.0938
-391.5	-21.3667	0.0520702	0.103
-387.0	-21.3667	0.0509183	0.0881
-382.5	-21.3667	0.0568219	0.0902
-378.0	-21.3667	0.06632	0.1018
-373.5	-21.3667	0.0689316	0.1272
-369.0	-21.3667	0.0649325	0.0764
-364.5	-21.3667	0.0878605	0.2021
-360.0	-21.3667	0.071696	0.0833
-355.5	-21.3667	0.0743957	0.1045
-351.0	-21.3667	0.0756822	0.0729
-346.5	-21.3667	0.0782327	0.0915
-342.0	-21.3667	0.0831705	0.1134
-337.5	-21.3667	0.085753	0.0737
-333.0	-21.3667	0.0824093	0.0761
-328.5	-21.3667	0.0970461	0.1124
-324.0	-21.3667	0.0973889	0.0703
-319.5	-21.3667	0.114624	0.0693
-315.0	-21.3667	0.116138	0.0751
-310.5	-21.3667	0.124845	0.0725
-306.0	-21.3667	0.136401	0.0866
-301.5	-21.3667	0.145989	0.067
-297.0	-21.3667	0.142612	0.0707
-292.5	-21.3667	0.179544	0.0769
-288.0	-21.3667	0.150371	0.0712
-283.5	-21.3667	0.1794	0.0932
-279.0	-21.3667	0.216015	0.1078
-274.5	-21.3667	0.2242	0.0711
-270.0	-21.3667	0.195793	0.0525
-265.5	-21.3667	0.227413	0.058
-261.0	-21.3667	0.25594	0.0563
-256.5	-21.3667	0.271531	0.0685
-252.0	-21.3667	0.294341	0.0521
-247.5	-21.3667	0.316678	0.055
-243.0	-21.3667	0.364083	0.0695
-238.5	-21.3667	0.35744	0.0484
-234.0	-21.3667	0.391643	0.0516
-229.5	-21.3667	0.466689	0.0682
-225.0	-21.3667	0.473128	0.0581
-220.5	-21.3667	0.551243	0.0558
-216.0	-21.3667	0.520756	0.039
-211.5	-21.3667	0.57705	0.0485
-207.0	-21.3667	0.699934	0.052
-202.5	-21.3667	0.696051	0.0442
-198.0	-21.3667	0.77043	0.0494
-193.5	-21.3667	0.795317	0.0586
-189.0	-21.3667	0.922281	0.0636
-184.5	-21.3667	0.928832	0.0412
-180.0	-21.3667	0.940134	0.0322
-175.5	-21.3667	1.11707	0.0371
-171.0	-21.3667	1.2039	0.0391
-166.5	-21.3667	1.30706	0.0366
-162.0	-21.3667	1.47263	0.0452
-157.5	-21.3667	1.54557	0.0484
-153.0	-21.3667	1.60803	0.0382
-148.5	-21.3667	1.69637	0.0396
-144.0	-21.3667	1.77293	0.0369
-139.5	-21.3667	1.9575	0.034
-135.0	-21.3667	2.14206	0.0353
-130.5	-21.3667	2.27108	0.0355
-126.0	-21.3667	2.30353	0.0286
-121.5	-21.3667	2.60611	0.0381
-117.0	-21.3667	2.66795	0.0415
-112.5	-21.3667	2.90546	0.0355
-108.0	-21.3667	3.02184	0.042
-103.5	-21.3667	3.09435	0.035
-99.0	-21.3667	3.56647	0.0385
-94.5	-21.3667	3.54053	0.0356
-90.0	-21.3667	3.7706	0.0321
-85.5	-21.3667	3.71587	0.0305
-81.0	-21.3667	4.02158	0.028
-76.5	-21.3667	4.49938	0.0417
-72.0	-21.3667	4.79948	0.0427
-67.5	-21.3667	4.98533	0.0389
-63.0	-21.3667	5.03734	0.0395
-58.5	-21.3667	5.05512	0.0401
-54.0	-21.3667	4.98067	0.0313
-49.5	-21.3667	4.68968	0.029
-45.0	-21.3667	5.01546	0.0307
-40.5	-21.3667	5.40333	0.0333
-36.0	-21.3667	5.08725	0.0324
-31.5	-21.3667	4.68545	0.0323
-27.0	-21.3667	4.97717	0.034
-22.5	-21.3667	4.81998	0.0369
-18.0	-21.3667	4.64455	0.0321
-13.5	-21.3667	4.47694	0.0405
-9.0	-21.3667	3.55393	0.0252
-4.5	-21.3667	3.65313	0.0341
0.0	-21.3667	3.27062	0.0184
4.5	-21.3667	3.31784	0.0317
9.0	-21.3667	3.55125	0.0288
13.5	-21.3667	4.27581	0.0321
18.0	-21.3667	4.5932	0.04
22.5	-21.3667	4.67653	0.0343
27.0	-21.3667	4.55796	0.0293
31.5	-21.3667	6.16895	0.207
36.0	-21.3667	4.67273	0.052
40.5	-21.3667	4.77557	0.0372
45.0	-21.3667	4.52443	0.0262
49.5	-21.3667	4.87	0.0343
54.0	-21.3667	4.7594	0.0268
58.5	-21.3667	4.74515	0.0324
63.0	-21.3667	4.7601	0.0451
67.5	-21.3667	4.70824	0.0322
72.0	-21.3667	4.4862	0.031
76.5	-21.3667	4.30184	0.0386
81.0	-21.3667	4.28271	0.0433
85.5	-21.3667	4.02003	0.0289
90.0	-21.3667	3.85904	0.0337
94.5	-21.3667	3.67803	0.0284
99.0	-21.3667	3.64888	0.0381
103.5	-21.3667	3.41411	0.033
108.0	-21.3667	3.61733	0.0493
112.5	-21.3667	3.05302	0.0287
117.0	-21.3667	3.02338	0.035
121.5	-21.3667	2.95615	0.0437
126.0	-21.3667	2.842	0.0432
130.5	-21.3667	2.48408	0.032
135.0	-21.3667	2.47986	0.0343
139.5	-21.3667	2.2405	0.0377
144.0	-21.3667	2.08968	0.0401
148.5	-21.3667	2.23271	0.065
153.0	-21.3667	1.89389	0.044
157.5	-21.3667	1.78211	0.0404
162.0	-21.3667	1.73269	0.0393
166.5	-21.3667	1.55702	0.047
171.0	-21.3667	1.37386	0.0456
175.5	-21.3667	1.32404	0.0482
180.0	-21.3667	1.06021	0.0389
184.5	-21.3667	1.04173	0.052
189.0	-21.3667	0.882994	0.0362
193.5	-21.3667	0.828443	0.0453
198.0	-21.3667	0.72211	0.0412
202.5	-21.3667	0.633767	0.0506
207.0	-21.3667	0.622243	0.0862
211.5	-21.3667	0.508331	0.0485
216.0	-21.3667	0.464794	0.0515
220.5	-21.3667	0.446327	0.0709
225.0	-21.3667	0.400592	0.0602
229.5	-21.3667	0.361826	0.0862
234.0	-21.3667	0.317349	0.0562
238.5	-21.3667	0.258857	0.0556
243.0	-21.3667	0.294793	0.0717
247.5	-21.3667	0.244744	0.067
252.0	-21.3667	0.220102	0.0671
256.5	-21.3667	0.210237	0.0528
261.0	-21.3667	0.186814	0.0593
265.5	-21.3667	0.204548	0.071
270.0	-21.3667	0.198287	0.1604
274.5	-21.3667	0.154263	0.0541
279.0	-21.3667	0.180603	0.1617
283.5	-21.3667	0.154855	0.0871
288.0	-21.3667	0.190034	0.1006
292.5	-21.3667	0.142889	0.0795
297.0	-21.3667	0.126758	0.0932
301.5	-21.3667	0.175485	0.254
306.0	-21.3667	0.139621	0.1093
310.5	-21.3667	0.143279	0.1341
315.0	-21.3667	0.13673	0.188
319.5	-21.3667	0.110744	0.0653
324.0	-21.3667	0.111214	0.0731
328.5	-21.3667	0.141423	0.1784
333.0	-21.3667	0.128561	0.1218
337.5	-21.3667	0.108047	0.0892
342.0	-21.3667	0.0956282	0.102
346.5	-21.3667	0.101598	0.1325
351.0	-21.3667	0.14055	0.1689
355.5	-21.3667	0.176458	0.2606
360.0	-21.3667	0.0905562	0.0938
364.5	-21.3667	0.0903318	0.1486
369.0	-21.3667	0.0904555	0.1634
373.5	-21.3667	0.0889218	0.1317
378.0	-21.3667	0.0706971	0.1418
382.5	-21.3667	0.0957057	0.2411
387.0	-21.3667	0.0780069	0.1768
391.5	-21.3667	0.0718663	0.1801
396.0	-21.3667	0.0698233	0.1791
400.5	-21.3667	0.0656403	0.1943
405.0	-21.3667	0.0708398	0.2594
409.5	-21.3667	0.0478025	0.0969
414.0	-21.3667	0.0385625	0.0977
418.5	-21.3667	0.0478604	0.1471
423.0	-21.3667	0.0472477	0.1
427.5	-21.3667	0.0345678	0.116
432.0	-21.3667	0.0668109	0.3898
436.5	-21.3667	0.0605399	0.2237
441.0	-21.3667	0.0630256	0.3271
445.5	-21.3667	0.0477077	0.1138
-450.0	-18.8	0.0455044	0.2878
-445.5	-18.8	0.0424522	0.1884
-441.0	-18.8	0.0506157	0.3991
-436.5	-18.8	0.0324557	0.1278
-432.0	-18.8	0.0281249	0.1081
-427.5	-18.8	0.038011	0.1996
-423.0	-18.8	0.0478162	0.138
-418.5	-18.8	0.0389725	0.1184
-414.0	-18.8	0.0303843	0.112
-409.5	-18.8	0.0439508	0.1411
-405.0	-18.8	0.0521308	0.142
-400.5	-18.8	0.0428529	0.103
-396.0	-18.8	0.0526326	0.1278
-391.5	-18.8	0.051174	0.1093
-387.0	-18.8	0.0473451	0.0938
-382.5	-18.8	0.0615441	0.0906
-378.0	-18.8	0.0597069	0.096
-373.5	-18.8	0.0681832	0.0881
-369.0	-18.8	0.0629189	0.0961
-364.5	-18.8	0.0643108	0.089
-360.0	-18.8	0.0675298	0.0998
-355.5	-18.8	0.0794341	0.076
-351.0	-18.8	0.0866727	0.0967
-346.5	-18.8	0.0967304	0.1465
-342.0	-18.8	0.0790056	0.0723
-337.5	-18.8	0.145812	0.2263
-333.0	-18.8	0.0910699	0.1094
-328.5	-18.8	0.101996	0.0789
-324.0	-18.8	0.111787	0.0852
-319.5	-18.8	0.116458	0.0773
-315.0	-18.8	0.131111	0.0863
-310.5	-18.8	0.123284	0.0697
-306.0	-18.8	0.138241	0.0733
-301.5	-18.8	0.134556	0.0589
-297.0	-18.8	0.157169	0.0699
-292.5	-18.8	0.199257	0.1377
-288.0	-18.8	0.165676	0.0593
-283.5	-18.8	0.197521	0.0714
-279.0	-18.8	0.224909	0.111
-274.5	-18.8	0.203314	0.0622
-270.0	-18.8	0.248592	0.1014
-265.5	-18.8	0.234674	0.0563
-261.0	-18.8	0.226836	0.0565
-256.5	-18.8	0.256511	0.0566
-252.0	-18.8	0.279156	0.0552
-247.5	-18.8	0.331124	0.0607
-243.0	-18.8	0.363187	0.0739
-238.5	-18.8	0.361774	0.0565
-234.0	-18.8	0.383414	0.047
-229.5	-18.8	0.452561	0.0501
-225.0	-18.8	0.494215	0.0683
-220.5	-18.8	0.965705	0.4185
-216.0	-18.8	0.52505	0.0386
-211.5	-18.8	0.642471	0.0528
-207.0	-18.8	0.613124	0.0534
-202.5	-18.8	0.698564	0.0389
-198.0	-18.8	0.740383	0.0409
-193.5	-18.8	0.8492	0.041
-189.0	-18.8	0.889788	0.0453
-184.5	-18.8	0.947787	0.045
-180.0	-18.8	0.986258	0.0368
-175.5	-18.8	1.12222	0.0392
-171.0	-18.8	1.20418	0.0388
-166.5	-18.8	1.27036	0.0344
-162.0	-18.8	1.4475	0.0493
-157.5	-18.8	1.52345	0.0341
-153.0	-18.8	1.6422	0.0358
-148.5	-18.8	1.71597	0.0408
-144.0	-18.8	1.93472	0.0372
-139.5	-18.8	2.16098	0.0404
-135.0	-18.8	2.27411	0.0477
-130.5	-18.8	2.37772	0.0392
-126.0	-18.8	2.38472	0.0349
-121.5	-18.8	2.56013	0.0371
-117.0	-18.8	2.67819	0.0314
-112.5	-18.8	3.05359	0.0414
-108.0	-18.8	3.30163	0.0898
-103.5	-18.8	3.2259	0.03
-99.0	-18.8	3.45115	0.0351
-94.5	-18.8	3.48097	0.0328
-90.0	-18.8	3.95755	0.041
-85.5	-18.8	4.05801	0.0431
-81.0	-18.8	4.31286	0.0316
-76.5	-18.8	4.41394	0.0322
-72.0	-18.8	4.54297	0.0288
-67.5	-18.8	5.17312	0.0422
-63.0	-18.8	4.8959	0.0331
-58.5	-18.8	5.13841	0.0344
-54.0	-18.8	5.1534	0.0695
-49.5	-18.8	5.25562	0.0392
-45.0	-18.8	5.02488	0.0354
-40.5	-18.8	5.01519	0.03
-36.0	-18.8	4.97426	0.047
-31.5	-18.8	4.8564	0.0309
-27.0	-18.8	4.9181	0.0301
-22.5	-18.8	4.85576	0.0445
-18.0	-18.8	5.00275	0.0372
-13.5	-18.8	4.08852	0.0276
-9.0	-18.8	3.43609	0.0222
-4.5	-18.8	3.32741	0.0176
0.0	-18.8	3.37188	0.0296
4.5	-18.8	3.26948	0.0181
9.0	-18.8	3.47694	0.0259
13.5	-18.8	4.7722	0.0548
18.0	-18.8	4.74644	0.0353
22.5	-18.8	4.70241	0.0357
27.0	-18.8	4.93933	0.0381
31.5	-18.8	4.75261	0.0333
36.0	-18.8	4.79777	0.0264
40.5	-18.8	4.95331	0.0334
45.0	-18.8	4.67305	0.032
49.5	-18.8	4.7145	0.0352
54.0	-18.8	4.74996	0.0323
58.5	-18.8	4.7262	0.0332
63.0	-18.8	4.31684	0.0277
67.5	-18.8	4.63447	0.0322
72.0	-18.8	4.20912	0.0286
76.5	-18.8	4.3366	0.0334
81.0	-18.8	4.07891	0.0304
85.5	-18.8	4.26986	0.0402
90.0	-18.8	3.70208	0.0317
94.5	-18.8	3.82614	0.032
99.0	-18.8	3.59946	0.0321
103.5	-18.8	3.59149	0.0364
108.0	-18.8	3.32897	0.0345
112.5	-18.8	3.13408	0.0315
117.0	-18.8	3.23985	0.0657
121.5	-18.8	2.86171	0.0381
126.0	-18.8	2.66644	0.0318
130.5	-18.8	2.49676	0.0341
135.0	-18.8	2.59175	0.0501
139.5	-18.8	2.37465	0.0388
144.0	-18.8	2.12857	0.0321
148.5	-18.8	1.98635	0.0382
153.0	-18.8	1.94431	0.0373
157.5	-18.8	1.78662	0.045
162.0	-18.8	1.67956	0.043
166.5	-18.8	1.52451	0.0371
171.0	-18.8	1.39529	0.0374
175.5	-18.8	1.32487	0.0444
180.0	-18.8	1.22026	0.0485
184.5	-18.8	1.05352	0.0491
189.0	-18.8	0.877048	0.039
193.5	-18.8	0.828735	0.0533
198.0	-18.8	0.701543	0.0332
202.5	-18.8	0.613491	0.0389
207.0	-18.8	0.613087	0.0518
211.5	-18.8	0.536111	0.0409
216.0	-18.8	0.443439	0.039
220.5	-18.8	0.437038	0.0627
225.0	-18.8	0.432756	0.0654
229.5	-18.8	0.337752	0.048
234.0	-18.8	0.290164	0.0538
238.5	-18.8	0.328031	0.0665
243.0	-18.8	0.297948	0.0838
247.5	-18.8	0.263813	0.0607
252.0	-18.8	0.244248	0.1029
256.5	-18.8	0.227552	0.0627
261.0	-18.8	0.183765	0.0607
265.5	-18.8	0.195695	0.0615
270.0	-18.8	0.192017	0.1103
274.5	-18.8	0.176512	0.092
279.0	-18.8	0.182176	0.116
283.5	-18.8	0.191809	0.1304
288.0	-18.8	0.140707	0.0721
292.5	-18.8	0.187408	0.1483
297.0	-18.8	0.123907	0.0539
301.5	-18.8	0.133158	0.1381
306.0	-18.8	0.169093	0.1689
310.5	-18.8	0.158146	0.1796
315.0	-18.8	0.120775	0.087
319.5	-18.8	0.18774	0.2842
324.0	-18.8	0.115372	0.0641
328.5	-18.8	0.173778	0.1778
333.0	-18.8	0.112062	0.0702
337.5	-18.8	0.0993718	0.0756
342.0	-18.8	0.105692	0.1222
346.5	-18.8	0.112413	0.0918
351.0	-18.8	0.136248	0.141
355.5	-18.8	0.0946161	0.0964
360.0	-18.8	0.0884418	0.0942
364.5	-18.8	0.0765519	0.068
369.0	-18.8	0.0855636	0.0943
373.5	-18.8	0.0709258	0.0889
378.0	-18.8	0.0704894	0.1103
382.5	-18.8	0.0803579	0.1117
387.0	-18.8	0.0805744	0.1623
391.5	-18.8	0.0621079	0.1399
396.0	-18.8	0.0623034	0.1981
400.5	-18.8	0.0812457	0.2215
405.0	-18.8	0.0496814	0.1261
409.5	-18.8	0.0516637	0.1341
414.0	-18.8	0.0777625	0.3417
418.5	-18.8	0.0670519	0.2987
423.0	-18.8	0.0505929	0.1733
427.5	-18.8	0.0465976	0.1077
432.0	-18.8	0.0626723	0.2484
436.5	-18.8	0.0707117	0.1643
441.0	-18.8	0.0719051	0.2364
445.5	-18.8	0.0474778	0.1359
-450.0	-16.2333	0.0477567	0.2026
-445.5	-16.2333	0.039752	0.1603
-441.0	-16.2333	0.0638932	0.2577
-436.5	-16.2333	0.0351124	0.1351
-432.0	-16.2333	0.0460921	0.2595
-427.5	-16.2333	0.0332672	0.1144
-423.0	-16.2333	0.0324978	0.1089
-418.5	-16.2333	0.0404358	0.1874
-414.0	-16.2333	0.0351312	0.1052
-409.5	-16.2333	0.0397533	0.1049
-405.0	-16.2333	0.04786	0.1952
-400.5	-16.2333	0.0658666	0.2121
-396.0	-16.2333	0.0608833	0.1657
-391.5	-16.2333	0.0529998	0.1363
-387.0	-16.2333	0.0557428	0.1001
-382.5	-16.2333	0.0526092	0.0804
-378.0	-16.2333	0.0566602	0.0795
-373.5	-16.2333	0.0645466	0.1102
-369.0	-16.2333	0.0856797	0.1631
-364.5	-16.2333	0.0985174	0.2258
-360.0	-16.2333	0.0671204	0.1163
-355.5	-16.2333	0.0845451	0.1594
-351.0	-16.2333	0.115178	0.2652
-346.5	-16.2333	0.0689597	0.0778
-342.0	-16.2333	0.0950447	0.0991
-337.5	-16.2333	0.0835556	0.0997
-333.0	-16.2333	0.099484	0.1349
-328.5	-16.2333	0.0971666	0.077
-324.0	-16.2333	0.0951503	0.0979
-319.5	-16.2333	0.112656	0.0721
-315.0	-16.2333	0.130187	0.1116
-310.5	-16.2333	0.134314	0.1687
-306.0	-16.2333	0.134077	0.0877
-301.5	-16.2333	0.137262	0.0649
-297.0	-16.2333	0.140534	0.0576
-292.5	-16.2333	0.195545	0.1035
-288.0	-16.2333	0.15416	0.0642
-283.5	-16.2333	0.183671	0.0765
-279.0	-16.2333	0.193632	0.0593
-274.5	-16.2333	0.220571	0.0664
-270.0	-16.2333	0.199218	0.0596
-265.5	-16.2333	0.203019	0.0454
-261.0	-16.2333	0.270095	0.0874
-256.5	-16.2333	0.236804	0.0532
-252.0	-16.2333	0.299865	0.0659
-247.5	-16.2333	0.296123	0.0441
-243.0	-16.2333	0.32096	0.0462
-238.5	-16.2333	0.39587	0.0578
-234.0	-16.2333	0.450418	0.0567
-229.5	-16.2333	0.421757	0.0745
-225.0	-16.2333	0.507485	0.0623
-220.5	-16.2333	0.546995	0.072
-216.0	-16.2333	0.542724	0.0437
-211.5	-16.2333	0.599657	0.052
-207.0	-16.2333	0.627099	0.0375
-202.5	-16.2333	0.730579	0.0468
-198.0	-16.2333	0.777452	0.0536
-193.5	-16.2333	0.788593	0.0491
-189.0	-16.2333	0.920336	0.0371
-184.5	-16.2333	0.993944	0.0522
-180.0	-16.2333	0.990895	0.0444
-175.5	-16.2333	1.06321	0.0367
-171.0	-16.2333	1.32965	0.0447
-166.5	-16.2333	1.36758	0.0451
-162.0	-16.2333	1.38378	0.0376
-157.5	-16.2333	1.5042	0.0361
-153.0	-16.2333	1.66487	0.0399
-148.5	-16.2333	1.73334	0.0334
-144.0	-16.2333	1.82019	0.0324
-139.5	-16.2333	2.10128	0.0426
-135.0	-16.2333	2.1208	0.038
-130.5	-16.2333	2.30126	0.0362
-126.0	-16.2333	2.35993	0.0282
-121.5	-16.2333	2.94937	0.1281
-117.0	-16.2333	2.65201	0.0283
-112.5	-16.2333	3.07893	0.0366
-108.0	-16.2333	2.95072	0.0388
-103.5	-16.2333	3.1497	0.0319
-99.0	-16.2333	3.65864	0.0424
-94.5	-16.2333	3.61794	0.0332
-90.0	-16.2333	3.8062	0.0321
-85.5	-16.2333	3.7729	0.0292
-81.0	-16.2333	4.16087	0.0286
-76.5	-16.2333	4.79172	0.0402
-72.0	-16.2333	4.79963	0.0424
-67.5	-16.2333	4.80096	0.0343
-63.0	-16.2333	4.96038	0.0336
-58.5	-16.2333	4.96188	0.0337
-54.0	-16.2333	5.46123	0.0513
-49.5	-16.2333	5.109	0.0365
-45.0	-16.2333	4.98917	0.0347
-40.5	-16.2333	5.02024	0.0319
-36.0	-16.2333	5.02552	0.0361
-31.5	-16.2333	5.07407	0.0351
-27.0	-16.2333	5.10293	0.0465
-22.5	-16.2333	5.07955	0.039
-18.0	-16.2333	4.6832	0.0397
-13.5	-16.2333	4.40012	0.0342
-9.0	-16.2333	3.44856	0.0174
-4.5	-16.2333	3.56554	0.0337
0.0	-16.2333	3.32979	0.0232
4.5	-16.2333	3.42403	0.0305
9.0	-16.2333	3.60645	0.025
13.5	-16.2333	4.451	0.0347
18.0	-16.2333	4.55237	0.0347
22.5	-16.2333	4.61189	0.0373
27.0	-16.2333	5.04986	0.0387
31.5	-16.2333	4.73019	0.0311
36.0	-16.2333	4.90914	0.0391
40.5	-16.2333	4.63554	0.0265
45.0	-16.2333	4.57152	0.0333
49.5	-16.2333	4.75511	0.0326
54.0	-16.2333	4.90012	0.0331
58.5	-16.2333	4.95916	0.0336
63.0	-16.2333	4.507	0.0314
67.5	-16.2333	5.15396	0.0392
72.0	-16.2333	4.27071	0.0303
76.5	-16.2333	4.44258	0.0343
81.0	-16.2333	4.14142	0.0327
85.5	-16.2333	3.83958	0.0246
90.0	-16.2333	4.16358	0.0532
94.5	-16.2333	3.67422	0.0293
99.0	-16.2333	3.59469	0.0314
103.5	-16.2333	3.5144	0.0387
108.0	-16.2333	3.17048	0.0271
112.5	-16.2333	3.19802	0.0565
117.0	-16.2333	3.43089	0.138
121.5	-16.2333	2.89951	0.0325
126.0	-16.2333	2.65575	0.0321
130.5	-16.2333	2.65678	0.0396
135.0	-16.2333	2.55728	0.0382
139.5	-16.2333	2.38641	0.0367
144.0	-16.2333	2.08222	0.0749
148.5	-16.2333	1.96711	0.0347
153.0	-16.2333	1.8976	0.0401
157.5	-16.2333	1.91693	0.0497
162.0	-16.2333	1.7528	0.0496
166.5	-16.2333	1.60391	0.0512
171.0	-16.2333	1.42258	0.0423
175.5	-16.2333	1.26416	0.0552
180.0	-16.2333	1.24446	0.0573
184.5	-16.2333	1.09514	0.0732
189.0	-16.2333	0.97281	0.0462
193.5	-16.2333	0.868113	0.0462
198.0	-16.2333	0.819613	0.0826
202.5	-16.2333	0.637209	0.0404
207.0	-16.2333	0.587747	0.0463
211.5	-16.2333	0.567571	0.0516
216.0	-16.2333	0.458879	0.0571
220.5	-16.2333	0.418337	0.0568
225.0	-16.2333	0.406063	0.051
229.5	-16.2333	0.415481	0.1057
234.0	-16.2333	0.30683	0.0552
238.5	-16.2333	0.295315	0.0526
243.0	-16.2333	0.280349	0.0687
247.5	-16.2333	0.254124	0.0891
252.0	-16.2333	0.233545	0.0813
256.5	-16.2333	0.20156	0.0451
261.0	-16.2333	0.196003	0.0494
265.5	-16.2333	0.208336	0.073
270.0	-16.2333	0.215352	0.0857
274.5	-16.2333	0.193226	0.0808
279.0	-16.2333	0.14718	0.0612
283.5	-16.2333	0.16268	0.1288
288.0	-16.2333	0.162893	0.1172
292.5	-16.2333	0.175373	0.0876
297.0	-16.2333	0.13223	0.0709
301.5	-16.2333	0.140194	0.0978
306.0	-16.2333	0.124832	0.0688
310.5	-16.2333	0.133419	0.1215
315.0	-16.2333	0.133984	0.1147
319.5	-16.2333	0.122853	0.0681
324.0	-16.2333	0.124591	0.0691
328.5	-16.2333	0.167834	0.1806
333.0	-16.2333	0.128578	0.1557
337.5	-16.2333	0.116563	0.1525
342.0	-16.2333	0.130083	0.1482
346.5	-16.2333	0.150751	0.1907
351.0	-16.2333	0.10545	0.1033
355.5	-16.2333	0.101803	0.1111
360.0	-16.2333	0.115298	0.1287
364.5	-16.2333	0.0866419	0.0985
369.0	-16.2333	0.0799532	0.094
373.5	-16.2333	0.086726	0.1002
378.0	-16.2333	0.0853776	0.0998
382.5	-16.2333	0.0762752	0.088
387.0	-16.2333	0.065339	0.1081
391.5	-16.2333	0.0673119	0.1201
396.0	-16.2333	0.0905198	0.2365
400.5	-16.2333	0.0713718	0.2499
405.0	-16.2333	0.0563443	0.1316
409.5	-16.2333	0.0638984	0.129
414.0	-16.2333	0.0676787	0.1465
418.5	-16.2333	0.0518411	0.1585
423.0	-16.2333	0.0443301	0.1545
427.5	-16.2333	0.0375007	0.0874
432.0	-16.2333	0.0516425	0.1885
436.5	-16.2333	0.068842	0.1723
441.0	-16.2333	0.074658	0.2594
445.5	-16.2333	0.053512	0.0995
-450.0	-13.6667	0.0494171	0.1394
-445.5	-13.6667	0.0470341	0.129
-441.0	-13.6667	0.036627	0.1035
-436.5	-13.6667	0.0416455	0.1965
-432.0	-13.6667	0.0312744	0.1616
-427.5	-13.6667	0.0288648	0.1243
-423.0	-13.6667	0.0293137	0.1228
-418.5	-13.6667	0.035302	0.1691
-414.0	-13.6667	0.0375299	0.0945
-409.5	-13.6667	0.051787	0.2055
-405.0	-13.6667	0.0561776	0.2554
-400.5	-13.6667	0.0550028	0.1119
-396.0	-13.6667	0.0475034	0.089
-391.5	-13.6667	0.0684496	0.1775
-387.0	-13.6667	0.0724881	0.1649
-382.5	-13.6667	0.0606365	0.1671
-378.0	-13.6667	0.0677525	0.15
-373.5	-13.6667	0.0850024	0.125
-369.0	-13.6667	0.0826808	0.1342
-364.5	-13.6667	0.0733226	0.085
-360.0	-13.6667	0.0778071	0.0811
-355.5	-13.6667	0.0666685	0.0739
-351.0	-13.6667	0.0844344	0.1556
-346.5	-13.6667	0.0764263	0.0711
-342.0	-13.6667	0.0851892	0.0875
-337.5	-13.6667	0.0856753	0.0897
-333.0	-13.6667	0.0919346	0.08
-328.5	-13.6667	0.10021	0.0653
-324.0	-13.6667	0.142195	0.1631
-319.5	-13.6667	0.104638	0.0641
-315.0	-13.6667	0.128611	0.0891
-310.5	-13.6667	0.113272	0.0653
-306.0	-13.6667	0.134389	0.0754
-301.5	-13.6667	0.166502	0.1017
-297.0	-13.6667	0.137286	0.0651
-292.5	-13.6667	0.144959	0.0667
-288.0	-13.6667	0.183446	0.0555
-283.5	-13.6667	0.181562	0.0647
-279.0	-13.6667	0.189097	0.0693
-274.5	-13.6667	0.177203	0.0465
-270.0	-13.6667	0.221214	0.17
-265.5	-13.6667	0.222741	0.0598
-261.0	-13.6667	0.286928	0.0877
-256.5	-13.6667	0.285765	0.0532
-252.0	-13.6667	0.320649	0.07
-247.5	-13.6667	0.297086	0.0441
-243.0	-13.6667	0.3438	0.065
-238.5	-13.6667	0.395047	0.0542
-234.0	-13.6667	0.402579	0.0465
-229.5	-13.6667	0.414358	0.0414
-225.0	-13.6667	0.457035	0.0439
-220.5	-13.6667	0.549982	0.0525
-216.0	-13.6667	0.589685	0.0485
-211.5	-13.6667	0.654622	0.0486
-207.0	-13.6667	0.662719	0.0484
-202.5	-13.6667	0.714727	0.0467
-198.0	-13.6667	0.761805	0.0467
-193.5	-13.6667	0.868696	0.0496
-189.0	-13.6667	0.863972	0.0381
-184.5	-13.6667	1.00383	0.0433
-180.0	-13.6667	1.03579	0.038
-175.5	-13.6667	1.19514	0.0388
-171.0	-13.6667	1.19174	0.0446
-166.5	-13.6667	1.22212	0.0369
-162.0	-13.6667	1.34284	0.0288
-157.5	-13.6667	1.91688	0.195
-153.0	-13.6667	1.64584	0.045
-148.5	-13.6667	1.72303	0.0393
-144.0	-13.6667	1.81795	0.031
-139.5	-13.6667	2.02664	0.0333
-135.0	-13.6667	2.08468	0.0362
-130.5	-13.6667	2.26719	0.0338
-126.0	-13.6667	2.50853	0.0346
-121.5	-13.6667	2.5423	0.0313
-117.0	-13.6667	2.73389	0.0386
-112.5	-13.6667	2.96561	0.0362
-108.0	-13.6667	3.03382	0.0319
-103.5	-13.6667	3.28026	0.0352
-99.0	-13.6667	3.22433	0.0255
-94.5	-13.6667	3.55274	0.0274
-90.0	-13.6667	3.86721	0.0324
-85.5	-13.6667	4.06821	0.033
-81.0	-13.6667	4.23483	0.0312
-76.5	-13.6667	4.4184	0.0379
-72.0	-13.6667	4.88355	0.0383
-67.5	-13.6667	5.07391	0.0373
-63.0	-13.6667	4.81287	0.0358
-58.5	-13.6667	5.05643	0.0338
-54.0	-13.6667	5.07259	0.033
-49.5	-13.6667	5.24903	0.0336
-45.0	-13.6667	4.82222	0.0253
-40.5	-13.6667	5.13163	0.0293
-36.0	-13.6667	5.24579	0.0298
-31.5	-13.6667	5.12799	0.0379
-27.0	-13.6667	4.98722	0.036
-22.5	-13.6667	5.42859	0.145
-18.0	-13.6667	5.26983	0.0409
-13.5	-13.6667	4.38023	0.0354
-9.0	-13.6667	3.52489	0.0228
-4.5	-13.6667	3.46519	0.0209
0.0	-13.6667	3.37955	0.0228
4.5	-13.6667	3.37841	0.024
9.0	-13.6667	3.72149	0.0328
13.5	-13.6667	4.41738	0.0407
18.0	-13.6667	4.65047	0.0497
22.5	-13.6667	4.59226	0.0342
27.0	-13.6667	4.71573	0.0334
31.5	-13.6667	4.70452	0.0299
36.0	-13.6667	5.11961	0.0405
40.5	-13.6667	4.98188	0.0325
45.0	-13.6667	4.92646	0.0343
49.5	-13.6667	4.72741	0.0311
54.0	-13.6667	4.77702	0.0278
58.5	-13.6667	5.15774	0.0423
63.0	-13.6667	4.71907	0.0294
67.5	-13.6667	4.60084	0.0281
72.0	-13.6667	4.28932	0.027
76.5	-13.6667	4.34138	0.0318
81.0	-13.6667	4.38721	0.0338
85.5	-13.6667	3.94529	0.0255
90.0	-13.6667	4.05225	0.0411
94.5	-13.6667	3.65543	0.0284
99.0	-13.6667	6.56537	0.4401
103.5	-13.6667	3.52696	0.0373
108.0	-13.6667	3.43974	0.0306
112.5	-13.6667	3.24669	0.045
117.0	-13.6667	3.21426	0.0347
121.5	-13.6667	2.98735	0.0348
126.0	-13.6667	2.90091	0.04
130.5	-13.6667	2.77748	0.0435
135.0	-13.6667	2.56944	0.0402
139.5	-13.6667	2.35966	0.034
144.0	-13.6667	2.23779	0.0362
148.5	-13.6667	2.12181	0.0448
153.0	-13.6667	1.8796	0.0332
157.5	-13.6667	1.82603	0.0499
162.0	-13.6667	1.81369	0.0547
166.5	-13.6667	1.61287	0.0511
171.0	-13.6667	1.33696	0.0394
175.5	-13.6667	1.34048	0.0464
180.0	-13.6667	1.2876	0.0527
184.5	-13.6667	1.05298	0.0461
189.0	-13.6667	0.90576	0.039
193.5	-13.6667	0.849085	0.0523
198.0	-13.6667	0.781525	0.0496
202.5	-13.6667	0.682175	0.0518
207.0	-13.6667	0.60012	0.0439
211.5	-13.6667	0.550862	0.0621
216.0	-13.6667	0.499154	0.0553
220.5	-13.6667	0.421561	0.0572
225.0	-13.6667	0.435709	0.0648
229.5	-13.6667	0.375968	0.065
234.0	-13.6667	0.361549	0.0588
238.5	-13.6667	0.318688	0.0575
243.0	-13.6667	0.311087	0.0756
247.5	-13.6667	0.316941	0.1515
252.0	-13.6667	0.308657	0.1768
256.5	-13.6667	0.208977	0.063
261.0	-13.6667	0.203336	0.0707
265.5	-13.6667	0.203282	0.1091
270.0	-13.6667	0.203011	0.0936
274.5	-13.6667	0.200465	0.1666
279.0	-13.6667	0.142853	0.0611
283.5	-13.6667	0.195423	0.1737
288.0	-13.6667	0.173755	0.1528
292.5	-13.6667	0.135589	0.058
297.0	-13.6667	0.131077	0.0759
301.5	-13.6667	0.133146	0.0858
306.0	-13.6667	0.113244	0.0628
310.5	-13.6667	0.119473	0.0649
315.0	-13.6667	0.128312	0.0715
319.5	-13.6667	0.112188	0.0828
324.0	-13.6667	0.140726	0.0988
328.5	-13.6667	0.113445	0.08
333.0	-13.6667	0.121522	0.1211
337.5	-13.6667	0.120146	0.1108
342.0	-13.6667	0.109498	0.0721
346.5	-13.6667	0.102228	0.0996
351.0	-13.6667	0.107735	0.1625
355.5	-13.6667	0.0957114	0.1258
360.0	-13.6667	0.0858271	0.0781
364.5	-13.6667	0.0886122	0.1113
369.0	-13.6667	0.102824	0.1533
373.5	-13.6667	0.0772746	0.0816
378.0	-13.6667	0.0800728	0.0988
382.5	-13.6667	0.0924776	0.156
387.0	-13.6667	0.100597	0.166
391.5	-13.6667	0.0596502	0.106
396.0	-13.6667	0.0559582	0.1343
400.5	-13.6667	0.0529669	0.1417
405.0	-13.6667	0.0565425	0.1062
409.5	-13.6667	0.0494108	0.1108
414.0	-13.6667	0.0684591	0.1853
418.5	-13.6667	0.0380404	0.0985
423.0	-13.6667	0.0707376	0.2346
427.5	-13.6667	0.0650652	0.2196
432.0	-13.6667	0.0503113	0.2823
436.5	-13.6667	0.0458119	0.117
441.0	-13.6667	0.061935	0.2597
445.5	-13.6667	0.100853	0.3552
-450.0	-11.1	0.0960271	0.5015
-445.5	-11.1	0.0373535	0.216
-441.0	-11.1	0.0490618	0.2588
-436.5	-11.1	0.0446111	0.1779
-432.0	-11.1	0.0425349	0.2224
-427.5	-11.1	0.0279212	0.0988
-423.0	-11.1	0.0318202	0.1694
-418.5	-11.1	0.0324555	0.1122
-414.0	-11.1	0.0476161	0.2373
-409.5	-11.1	0.0380215	0.1508
-405.0	-11.1	0.064539	0.2973
-400.5	-11.1	0.0713415	0.2809
-396.0	-11.1	0.0485884	0.0979
-391.5	-11.1	0.0684503	0.1091
-387.0	-11.1	0.0598844	0.107
-382.5	-11.1	0.0695589	0.1637
-378.0	-11.1	0.0760724	0.134
-373.5	-11.1	0.0818272	0.1956
-369.0	-11.1	0.0687236	0.1349
-364.5	-11.1	0.0647742	0.124
-360.0	-11.1	0.0869763	0.1471
-355.5	-11.1	0.0794922	0.0805
-351.0	-11.1	0.0809669	0.0754
-346.5	-11.1	0.0965863	0.1164
-342.0	-11.1	0.107144	0.1598
-337.5	-11.1	0.087983	0.0902
-333.0	-11.1	0.0985068	0.1273
-328.5	-11.1	0.116253	0.0946
-324.0	-11.1	0.11214	0.1048
-319.5	-11.1	0.10472	0.0669
-315.0	-11.1	0.123217	0.0951
-310.5	-11.1	0.118214	0.0754
-306.0	-11.1	0.152337	0.1367
-301.5	-11.1	0.131109	0.0613
-297.0	-11.1	0.140474	0.0603
-292.5	-11.1	0.162742	0.0968
-288.0	-11.1	0.15331	0.0677
-283.5	-11.1	0.167945	0.0543
-279.0	-11.1	0.201213	0.0684
-274.5	-11.1	0.247021	0.1289
-270.0	-11.1	0.206225	0.0646
-265.5	-11.1	0.239114	0.0626
-261.0	-11.1	0.233692	0.0556
-256.5	-11.1	0.259854	0.0523
-252.0	-11.1	0.306774	0.0688
-247.5	-11.1	0.333286	0.0594
-243.0	-11.1	0.338349	0.0591
-238.5	-11.1	0.349179	0.0456
-234.0	-11.1	0.383118	0.0461
-229.5	-11.1	0.470259	0.0575
-225.0	-11.1	0.455257	0.0435
-220.5	-11.1	0.550007	0.0558
-216.0	-11.1	0.50418	0.0365
-211.5	-11.1	0.606327	0.0481
-207.0	-11.1	0.685485	0.0495
-202.5	-11.1	0.769629	0.0598
-198.0	-11.1	0.74989	0.0435
-193.5	-11.1	0.815922	0.045
-189.0	-11.1	0.90356	0.0417
-184.5	-11.1	0.985037	0.0497
-180.0	-11.1	1.06258	0.0478
-175.5	-11.1	1.10844	0.0421
-171.0	-11.1	1.21065	0.0376
-166.5	-11.1	1.28608	0.0363
-162.0	-11.1	1.44677	0.0526
-157.5	-11.1	2.36278	0.3306
-153.0	-11.1	1.75735	0.0451
-148.5	-11.1	1.73445	0.0309
-144.0	-11.1	1.82768	0.0321
-139.5	-11.1	1.99634	0.039
-135.0	-11.1	2.24208	0.0447
-130.5	-11.1	2.32545	0.0372
-126.0	-11.1	2.50092	0.0389
-121.5	-11.1	2.53676	0.0303
-117.0	-11.1	2.78137	0.033
-112.5	-11.1	2.69358	0.0257
-108.0	-11.1	3.10868	0.038
-103.5	-11.1	3.08461	0.0284
-99.0	-11.1	3.34744	0.0342
-94.5	-11.1	3.505	0.035
-90.0	-11.1	3.65321	0.03
-85.5	-11.1	4.01879	0.0386
-81.0	-11.1	4.24711	0.0294
-76.5	-11.1	4.72279	0.0368
-72.0	-11.1	4.56081	0.0327
-67.5	-11.1	4.69574	0.0307
-63.0	-11.1	5.18475	0.0402
-58.5	-11.1	5.27308	0.0391
-54.0	-11.1	5.03984	0.0435
-49.5	-11.1	5.33731	0.0684
-45.0	-11.1	5.04164	0.0299
-40.5	-11.1	5.37467	0.0386
-36.0	-11.1	5.04955	0.029
-31.5	-11.1	5.17494	0.0341
-27.0	-11.1	5.01892	0.0415
-22.5	-11.1	5.08492	0.034
-18.0	-11.1	4.82735	0.0372
-13.5	-11.1	4.26373	0.0367
-9.0	-11.1	3.61584	0.0219
-4.5	-11.1	3.47967	0.0318
0.0	-11.1	3.36182	0.0195
4.5	-11.1	3.53653	0.0314
9.0	-11.1	3.64307	0.03
13.5	-11.1	4.659	0.0406
18.0	-11.1	4.5141	0.0325
22.5	-11.1	4.47789	0.0257
27.0	-11.1	4.77265	0.0271
31.5	-11.1	5.00798	0.0353
36.0	-11.1	5.02498	0.0351
40.5	-11.1	5.02169	0.0334
45.0	-11.1	4.86879	0.0317
49.5	-11.1	4.881	0.0299
54.0	-11.1	4.77148	0.0322
58.5	-11.1	4.85496	0.0309
63.0	-11.1	4.71443	0.0343
67.5	-11.1	5.11955	0.0392
72.0	-11.1	4.54297	0.0357
76.5	-11.1	4.43255	0.0364
81.0	-11.1	4.36405	0.032
85.5	-11.1	4.08929	0.0394
90.0	-11.1	3.93646	0.03
94.5	-11.1	3.67543	0.0282
99.0	-11.1	6.72109	0.4691
103.5	-11.1	3.49394	0.032
108.0	-11.1	3.30622	0.029
112.5	-11.1	3.0816	0.0307
117.0	-11.1	2.9956	0.0322
121.5	-11.1	2.96822	0.0397
126.0	-11.1	2.73409	0.0335
130.5	-11.1	2.74359	0.0389
135.0	-11.1	2.37537	0.0298
139.5	-11.1	2.35285	0.0453
144.0	-11.1	2.20238	0.0494
148.5	-11.1	2.29363	0.0507
153.0	-11.1	1.82753	0.0313
157.5	-11.1	1.81152	0.0363
162.0	-11.1	1.64772	0.0364
166.5	-11.1	1.47936	0.034
171.0	-11.1	1.37619	0.0383
175.5	-11.1	1.33294	0.0399
180.0	-11.1	1.22939	0.0531
184.5	-11.1	1.06561	0.0448
189.0	-11.1	0.943148	0.0421
193.5	-11.1	0.932402	0.0551
198.0	-11.1	0.768894	0.0548
202.5	-11.1	0.725263	0.0642
207.0	-11.1	0.582991	0.0372
211.5	-11.1	0.530581	0.046
216.0	-11.1	0.496565	0.0689
220.5	-11.1	0.453696	0.0587
225.0	-11.1	0.407202	0.0635
229.5	-11.1	0.404018	0.1113
234.0	-11.1	0.332636	0.067
238.5	-11.1	0.277988	0.0404
243.0	-11.1	0.260483	0.0522
247.5	-11.1	0.25291	0.0773
252.0	-11.1	0.272812	0.0844
256.5	-11.1	0.241292	0.0785
261.0	-11.1	0.214591	0.089
265.5	-11.1	0.179365	0.0551
270.0	-11.1	0.182498	0.0567
274.5	-11.1	0.177099	0.0583
279.0	-11.1	0.173391	0.0821
283.5	-11.1	0.197065	0.1649
288.0	-11.1	0.190678	0.1229
292.5	-11.1	0.142079	0.0827
297.0	-11.1	0.128821	0.058
301.5	-11.1	0.163777	0.0982
306.0	-11.1	0.14479	0.1256
310.5	-11.1	0.141227	0.1078
315.0	-11.1	0.163191	0.1783
319.5	-11.1	0.138874	0.1574
324.0	-11.1	0.151271	0.1408
328.5	-11.1	0.140182	0.1412
333.0	-11.1	0.112035	0.1277
337.5	-11.1	0.104055	0.1011
342.0	-11.1	0.115077	0.1663
346.5	-11.1	0.112672	0.0904
351.0	-11.1	0.0976563	0.0719
355.5	-11.1	0.0901967	0.1209
360.0	-11.1	0.117624	0.2135
364.5	-11.1	0.088475	0.1863
369.0	-11.1	0.0991904	0.1763
373.5	-11.1	0.0776984	0.1555
378.0	-11.1	0.11877	0.1964
382.5	-11.1	0.0691644	0.1086
387.0	-11.1	0.073149	0.1601
391.5	-11.1	0.0698658	0.0941
396.0	-11.1	0.0611838	0.13
400.5	-11.1	0.0796892	0.1802
405.0	-11.1	0.0651024	0.1766
409.5	-11.1	0.0658923	0.2382
414.0	-11.1	0.0571111	0.1334
418.5	-11.1	0.042639	0.129
423.0	-11.1	0.0637681	0.2148
427.5	-11.1	0.0447773	0.1626
432.0	-11.1	0.0557634	0.1794
436.5	-11.1	0.0458302	0.1029
441.0	-11.1	0.0516868	0.1203
445.5	-11.1	0.0532201	0.1183
-450.0	-8.53333	0.042602	0.1174
-445.5	-8.53333	0.030212	0.1102
-441.0	-8.53333	0.0310188	0.1075
-436.5	-8.53333	0.0461848	0.2705
-432.0	-8.53333	0.0365243	0.168
-427.5	-8.53333	0.0452229	0.1823
-423.0	-8.53333	0.0405504	0.1771
-418.5	-8.53333	0.0363212	0.1221
-414.0	-8.53333	0.0479016	0.1865
-409.5	-8.53333	0.0411878	0.1766
-405.0	-8.53333	0.0371172	0.1137
-400.5	-8.53333	0.0392827	0.1074
-396.0	-8.53333	0.0497561	0.1197
-391.5	-8.53333	0.0563554	0.1012
-387.0	-8.53333	0.0690631	0.1501
-382.5	-8.53333	0.0848622	0.2345
-378.0	-8.53333	0.0600323	0.0895
-373.5	-8.53333	0.0625437	0.0873
-369.0	-8.53333	0.0683443	0.0988
-364.5	-8.53333	0.083963	0.1117
-360.0	-8.53333	0.0812891	0.1233
-355.5	-8.53333	0.0735126	0.0891
-351.0	-8.53333	0.085162	0.0949
-346.5	-8.53333	0.0680502	0.0713
-342.0	-8.53333	0.10495	0.1455
-337.5	-8.53333	0.109493	0.0899
-333.0	-8.53333	0.0990227	0.0951
-328.5	-8.53333	0.103642	0.1121
-324.0	-8.53333	0.111965	0.0866
-319.5	-8.53333	0.115163	0.1053
-315.0	-8.53333	0.106845	0.0706
-310.5	-8.53333	0.109148	0.0622
-306.0	-8.53333	0.124713	0.0742
-301.5	-8.53333	0.134175	0.0659
-297.0	-8.53333	0.165104	0.1364
-292.5	-8.53333	0.202061	0.1335
-288.0	-8.53333	0.191768	0.1007
-283.5	-8.53333	0.239609	0.1741
-279.0	-8.53333	0.189463	0.069
-274.5	-8.53333	0.19368	0.0504
-270.0	-8.53333	0.227594	0.0625
-265.5	-8.53333	0.261501	0.087
-261.0	-8.53333	0.284683	0.0761
-256.5	-8.53333	0.292984	0.0534
-252.0	-8.53333	0.29039	0.0558
-247.5	-8.53333	0.308691	0.0519
-243.0	-8.53333	0.37471	0.0663
-238.5	-8.53333	0.373766	0.0566
-234.0	-8.53333	0.411184	0.048
-229.5	-8.53333	0.410423	0.0391
-225.0	-8.53333	0.459687	0.0478
-220.5	-8.53333	0.575069	0.0557
-216.0	-8.53333	0.543871	0.0415
-211.5	-8.53333	0.642275	0.056
-207.0	-8.53333	0.608389	0.0328
-202.5	-8.53333	0.734872	0.0499
-198.0	-8.53333	0.767912	0.0528
-193.5	-8.53333	0.851176	0.0705
-189.0	-8.53333	0.919619	0.0447
-184.5	-8.53333	0.979407	0.0563
-180.0	-8.53333	1.12426	0.0473
-175.5	-8.53333	1.11057	0.0381
-171.0	-8.53333	1.21192	0.0464
-166.5	-8.53333	1.4272	0.0544
-162.0	-8.53333	1.49215	0.0454
-157.5	-8.53333	1.73109	0.1236
-153.0	-8.53333	1.77715	0.0416
-148.5	-8.53333	1.80578	0.0459
-144.0	-8.53333	2.0192	0.0464
-139.5	-8.53333	2.04522	0.0396
-135.0	-8.53333	2.14877	0.0328
-130.5	-8.53333	2.17949	0.0296
-126.0	-8.53333	2.51263	0.0361
-121.5	-8.53333	2.65494	0.0359
-117.0	-8.53333	2.82321	0.0394
-112.5	-8.53333	2.9261	0.0331
-108.0	-8.53333	2.97373	0.0366
-103.5	-8.53333	3.27467	0.0353
-99.0	-8.53333	3.44585	0.0358
-94.5	-8.53333	3.63833	0.0334
-90.0	-8.53333	3.87664	0.0322
-85.5	-8.53333	3.89316	0.0292
-81.0	-8.53333	4.14336	0.0294
-76.5	-8.53333	4.7648	0.0367
-72.0	-8.53333	4.95831	0.0375
-67.5	-8.53333	5.27171	0.0387
-63.0	-8.53333	5.61448	0.0443
-58.5	-8.53333	5.2382	0.0393
-54.0	-8.53333	4.97517	0.0324
-49.5	-8.53333	4.96572	0.0336
-45.0	-8.53333	5.14945	0.0292
-40.5	-8.53333	5.68148	0.0464
-36.0	-8.53333	5.05062	0.0369
-31.5	-8.53333	5.30424	0.0325
-27.0	-8.53333	4.96038	0.0319
-22.5	-8.53333	5.2464	0.0342
-18.0	-8.53333	4.74942	0.0345
-13.5	-8.53333	4.41535	0.0341
-9.0	-8.53333	3.64154	0.0321
-4.5	-8.53333	3.45545	0.0231
0.0	-8.53333	3.37759	0.0199
4.5	-8.53333	3.50355	0.0377
9.0	-8.53333	3.73336	0.0362
13.5	-8.53333	4.69715	0.0348
18.0	-8.53333	4.55393	0.0339
22.5	-8.53333	4.559	0.0303
27.0	-8.53333	4.93422	0.0353
31.5	-8.53333	4.96857	0.0345
36.0	-8.53333	4.78975	0.0319
40.5	-8.53333	5.07181	0.0326
45.0	-8.53333	4.83215	0.0356
49.5	-8.53333	4.73224	0.0268
54.0	-8.53333	4.82896	0.0308
58.5	-8.53333	4.87251	0.0318
63.0	-8.53333	4.75587	0.0311
67.5	-8.53333	4.89441	0.0333
72.0	-8.53333	4.42631	0.0272
76.5	-8.53333	4.44907	0.0349
81.0	-8.53333	4.14488	0.0361
85.5	-8.53333	4.0069	0.0265
90.0	-8.53333	3.90342	0.0299
94.5	-8.53333	3.86889	0.034
99.0	-8.53333	3.8671	0.0385
103.5	-8.53333	3.5568	0.0348
108.0	-8.53333	3.42073	0.0302
112.5	-8.53333	3.33363	0.0416
117.0	-8.53333	3.06288	0.029
121.5	-8.53333	3.0181	0.0356
126.0	-8.53333	2.72262	0.0331
130.5	-8.53333	2.54395	0.029
135.0	-8.53333	2.49228	0.0403
139.5	-8.53333	2.394	0.0366
144.0	-8.53333	2.19908	0.0312
148.5	-8.53333	2.16281	0.0614
153.0	-8.53333	2.04154	0.0466
157.5	-8.53333	1.91231	0.0445
162.0	-8.53333	1.71895	0.0499
166.5	-8.53333	1.62203	0.0405
171.0	-8.53333	1.44319	0.0452
175.5	-8.53333	1.34817	0.0444
180.0	-8.53333	1.11329	0.04
184.5	-8.53333	1.03974	0.0379
189.0	-8.53333	0.904377	0.0405
193.5	-8.53333	0.848176	0.04
198.0	-8.53333	0.765758	0.0473
202.5	-8.53333	0.734473	0.0577
207.0	-8.53333	0.663947	0.0589
211.5	-8.53333	0.553654	0.0407
216.0	-8.53333	0.498942	0.044
220.5	-8.53333	0.431134	0.0425
225.0	-8.53333	0.382341	0.0472
229.5	-8.53333	0.36684	0.0543
234.0	-8.53333	0.406524	0.0974
238.5	-8.53333	0.296979	0.0577
243.0	-8.53333	0.270904	0.0617
247.5	-8.53333	0.238557	0.0668
252.0	-8.53333	0.253141	0.0611
256.5	-8.53333	0.222888	0.0656
261.0	-8.53333	0.227426	0.0751
265.5	-8.53333	0.214394	0.0793
270.0	-8.53333	0.167336	0.0535
274.5	-8.53333	0.162478	0.0494
279.0	-8.53333	0.203057	0.0955
283.5	-8.53333	0.163123	0.0807
288.0	-8.53333	0.182587	0.1521
292.5	-8.53333	0.152234	0.0801
297.0	-8.53333	0.141	0.0651
301.5	-8.53333	0.17685	0.145
306.0	-8.53333	0.122762	0.0594
310.5	-8.53333	0.113508	0.0612
315.0	-8.53333	0.115056	0.0597
319.5	-8.53333	0.123084	0.1428
324.0	-8.53333	0.131371	0.081
328.5	-8.53333	0.183211	0.1657
333.0	-8.53333	0.109361	0.0694
337.5	-8.53333	0.103572	0.0687
342.0	-8.53333	0.123258	0.1746
346.5	-8.53333	0.107356	0.1447
351.0	-8.53333	0.119973	0.1467
355.5	-8.53333	0.153881	0.2833
360.0	-8.53333	0.109808	0.155
364.5	-8.53333	0.0869867	0.077
369.0	-8.53333	0.092153	0.0891
373.5	-8.53333	0.0762007	0.1245
378.0	-8.53333	0.0776934	0.1294
382.5	-8.53333	0.0953036	0.2274
387.0	-8.53333	0.106814	0.2389
391.5	-8.53333	0.081272	0.1275
396.0	-8.53333	0.0780095	0.1373
400.5	-8.53333	0.0775628	0.1596
405.0	-8.53333	0.0828112	0.3337
409.5	-8.53333	0.0480478	0.1194
414.0	-8.53333	0.0481718	0.1915
418.5	-8.53333	0.0526474	0.1509
423.0	-8.53333	0.0638184	0.2341
427.5	-8.53333	0.0551802	0.2143
432.0	-8.53333	0.0611384	0.1708
436.5	-8.53333	0.0514822	0.0896
441.0	-8.53333	0.0518969	0.1283
445.5	-8.53333	0.0632796	0.1531
-450.0	-5.96667	0.0470364	0.1245
-445.5	-5.96667	0.0319825	0.107
-441.0	-5.96667	0.0448933	0.2237
-436.5	-5.96667	0.0345212	0.1391
-432.0	-5.96667	0.039857	0.1985
-427.5	-5.96667	0.0463138	0.2518
-423.0	-5.96667	0.0443121	0.1743
-418.5	-5.96667	0.0420332	0.1704
-414.0	-5.96667	0.03548	0.1286
-409.5	-5.96667	0.0381045	0.1374
-405.0	-5.96667	0.0379229	0.1186
-400.5	-5.96667	0.039047	0.0998
-396.0	-5.96667	0.061571	0.1827
-391.5	-5.96667	0.0499319	0.1044
-387.0	-5.96667	0.0671493	0.2059
-382.5	-5.96667	0.0636218	0.1018
-378.0	-5.96667	0.0641707	0.093
-373.5	-5.96667	0.0650605	0.0883
-369.0	-5.96667	0.0633622	0.1092
-364.5	-5.96667	0.0659119	0.0807
-360.0	-5.96667	0.0573955	0.0743
-355.5	-5.96667	0.0745799	0.119
-351.0	-5.96667	0.0888324	0.088
-346.5	-5.96667	0.085906	0.1284
-342.0	-5.96667	0.0905068	0.0945
-337.5	-5.96667	0.0902797	0.0803
-333.0	-5.96667	0.0986179	0.071
-328.5	-5.96667	0.102777	0.1347
-324.0	-5.96667	0.140037	0.2539
-319.5	-5.96667	0.106841	0.077
-315.0	-5.96667	0.123463	0.0926
-310.5	-5.96667	0.121051	0.0742
-306.0	-5.96667	0.121609	0.0797
-301.5	-5.96667	0.12674	0.0568
-297.0	-5.96667	0.141999	0.0565
-292.5	-5.96667	0.187145	0.097
-288.0	-5.96667	0.196855	0.0818
-283.5	-5.96667	0.183894	0.0731
-279.0	-5.96667	0.182757	0.0558
-274.5	-5.96667	0.200846	0.0661
-270.0	-5.96667	0.222755	0.0533
-265.5	-5.96667	0.236692	0.055
-261.0	-5.96667	0.259339	0.0577
-256.5	-5.96667	0.286798	0.0613
-252.0	-5.96667	0.28001	0.0636
-247.5	-5.96667	0.344142	0.0564
-243.0	-5.96667	0.327772	0.043
-238.5	-5.96667	0.357677	0.0464
-234.0	-5.96667	0.385396	0.0557
-229.5	-5.96667	0.458764	0.052
-225.0	-5.96667	0.512637	0.0501
-220.5	-5.96667	0.545559	0.0531
-216.0	-5.96667	0.599905	0.1069
-211.5	-5.96667	0.64976	0.0728
-207.0	-5.96667	0.658666	0.0527
-202.5	-5.96667	0.677761	0.0406
-198.0	-5.96667	0.753341	0.0417
-193.5	-5.96667	0.876484	0.0469
-189.0	-5.96667	0.885989	0.043
-184.5	-5.96667	1.01526	0.0408
-180.0	-5.96667	1.06213	0.042
-175.5	-5.96667	1.09275	0.0358
-171.0	-5.96667	1.27373	0.0445
-166.5	-5.96667	1.27885	0.0302
-162.0	-5.96667	1.43257	0.0413
-157.5	-5.96667	1.45731	0.0332
-153.0	-5.96667	1.72703	0.041
-148.5	-5.96667	1.92373	0.0424
-144.0	-5.96667	1.8013	0.0284
-139.5	-5.96667	2.02008	0.0385
-135.0	-5.96667	2.27689	0.0476
-130.5	-5.96667	2.13868	0.0266
-126.0	-5.96667	2.36262	0.0299
-121.5	-5.96667	2.58402	0.0351
-117.0	-5.96667	2.74038	0.0337
-112.5	-5.96667	2.90397	0.0315
-108.0	-5.96667	3.16835	0.0394
-103.5	-5.96667	3.28635	0.0376
-99.0	-5.96667	3.29317	0.03
-94.5	-5.96667	3.69327	0.0367
-90.0	-5.96667	3.85295	0.0346
-85.5	-5.96667	4.1224	0.0325
-81.0	-5.96667	4.18884	0.0335
-76.5	-5.96667	4.79111	0.0393
-72.0	-5.96667	4.69526	0.041
-67.5	-5.96667	5.51116	0.0446
-63.0	-5.96667	5.55598	0.0405
-58.5	-5.96667	5.24711	0.0403
-54.0	-5.96667	5.14673	0.0317
-49.5	-5.96667	5.18917	0.0354
-45.0	-5.96667	5.01613	0.0308
-40.5	-5.96667	5.16132	0.0358
-36.0	-5.96667	5.4205	0.0395
-31.5	-5.96667	5.21104	0.0374
-27.0	-5.96667	4.98098	0.0335
-22.5	-5.96667	5.48658	0.0394
-18.0	-5.96667	4.62348	0.0313
-13.5	-5.96667	4.36606	0.0314
-9.0	-5.96667	3.60178	0.022
-4.5	-5.96667	3.59414	0.0284
0.0	-5.96667	3.52262	0.0289
4.5	-5.96667	3.41326	0.0232
9.0	-5.96667	4.06863	0.0724
13.5	-5.96667	4.47862	0.0362
18.0	-5.96667	5.30267	0.0939
22.5	-5.96667	4.70896	0.0322
27.0	-5.96667	5.00117	0.0379
31.5	-5.96667	4.94488	0.0354
36.0	-5.96667	5.06765	0.0309
40.5	-5.96667	5.1476	0.0332
45.0	-5.96667	5.01126	0.0343
49.5	-5.96667	4.94164	0.0387
54.0	-5.96667	5.03283	0.0373
58.5	-5.96667	4.65637	0.0294
63.0	-5.96667	4.88406	0.0419
67.5	-5.96667	4.57747	0.0336
72.0	-5.96667	5.35021	0.1167
76.5	-5.96667	4.41525	0.0278
81.0	-5.96667	4.28954	0.0352
85.5	-5.96667	4.0618	0.0296
90.0	-5.96667	3.98535	0.03
94.5	-5.96667	4.02909	0.0335
99.0	-5.96667	3.76668	0.0342
103.5	-5.96667	3.51741	0.0303
108.0	-5.96667	3.48726	0.0344
112.5	-5.96667	3.21813	0.0345
117.0	-5.96667	3.11716	0.0331
121.5	-5.96667	3.05121	0.0416
126.0	-5.96667	2.72416	0.0286
130.5	-5.96667	2.65072	0.0351
135.0	-5.96667	2.67983	0.0461
139.5	-5.96667	2.48499	0.0402
144.0	-5.96667	2.22755	0.0374
148.5	-5.96667	2.10845	0.0401
153.0	-5.96667	2.08007	0.0379
157.5	-5.96667	1.8987	0.0416
162.0	-5.96667	1.70595	0.0417
166.5	-5.96667	1.48531	0.0377
171.0	-5.96667	1.39139	0.0382
175.5	-5.96667	1.31794	0.0575
180.0	-5.96667	1.29363	0.0583
184.5	-5.96667	1.13298	0.0507
189.0	-5.96667	0.866501	0.0384
193.5	-5.96667	0.83419	0.0508
198.0	-5.96667	0.856997	0.0545
202.5	-5.96667	0.655264	0.0574
207.0	-5.96667	0.608744	0.0501
211.5	-5.96667	0.567004	0.049
216.0	-5.96667	0.509003	0.0434
220.5	-5.96667	0.422087	0.0423
225.0	-5.96667	0.422957	0.0734
229.5	-5.96667	0.386597	0.0545
234.0	-5.96667	0.454873	0.2869
238.5	-5.96667	0.303188	0.0611
243.0	-5.96667	0.278689	0.0576
247.5	-5.96667	0.257023	0.0722
252.0	-5.96667	0.24268	0.0601
256.5	-5.96667	0.236548	0.0743
261.0	-5.96667	0.272445	0.1289
265.5	-5.96667	0.196853	0.0771
270.0	-5.96667	0.169147	0.0573
274.5	-5.96667	0.165495	0.0485
279.0	-5.96667	0.19674	0.2001
283.5	-5.96667	0.137435	0.0525
288.0	-5.96667	0.146509	0.0592
292.5	-5.96667	0.143873	0.0573
297.0	-5.96667	0.142556	0.0769
301.5	-5.96667	0.139513	0.0776
306.0	-5.96667	0.131076	0.0591
310.5	-5.96667	0.134385	0.0857
315.0	-5.96667	0.116339	0.0635
319.5	-5.96667	0.129248	0.0702
324.0	-5.96667	0.127719	0.1051
328.5	-5.96667	0.169043	0.2281
333.0	-5.96667	0.111527	0.0584
337.5	-5.96667	0.103516	0.0671
342.0	-5.96667	0.135899	0.1979
346.5	-5.96667	0.11329	0.1332
351.0	-5.96667	0.112338	0.1282
355.5	-5.96667	0.140115	0.1924
360.0	-5.96667	0.112115	0.1391
364.5	-5.96667	0.0862711	0.1035
369.0	-5.96667	0.118578	0.1612
373.5	-5.96667	0.0885803	0.1029
378.0	-5.96667	0.0903034	0.093
382.5	-5.96667	0.0696885	0.0818
387.0	-5.96667	0.0667241	0.0844
391.5	-5.96667	0.0769721	0.1136
396.0	-5.96667	0.0703781	0.1381
400.5	-5.96667	0.0583748	0.1853
405.0	-5.96667	0.0528415	0.1458
409.5	-5.96667	0.0444567	0.089
414.0	-5.96667	0.0682582	0.2322
418.5	-5.96667	0.0403004	0.1056
423.0	-5.96667	0.0387136	0.1516
427.5	-5.96667	0.0699288	0.3283
432.0	-5.96667	0.0704024	0.1992
436.5	-5.96667	0.0453925	0.1385
441.0	-5.96667	0.0480498	0.1164
445.5	-5.96667	0.0767187	0.1794
-450.0	-3.4	0.0479501	0.201
-445.5	-3.4	0.0430996	0.1926
-441.0	-3.4	0.0421918	0.1233
-436.5	-3.4	0.0436477	0.1405
-432.0	-3.4	0.0399792	0.19
-427.5	-3.4	0.0296194	0.1022
-423.0	-3.4	0.0302543	0.1024
-418.5	-3.4	0.0340444	0.1247
-414.0	-3.4	0.0349892	0.1455
-409.5	-3.4	0.0424598	0.1104
-405.0	-3.4	0.036747	0.1037
-400.5	-3.4	0.0453539	0.117
-396.0	-3.4	0.0367059	0.0946
-391.5	-3.4	0.039516	0.0949
-387.0	-3.4	0.0472311	0.0841
-382.5	-3.4	0.0587088	0.1081
-378.0	-3.4	0.0512356	0.0765
-373.5	-3.4	0.0887919	0.2712
-369.0	-3.4	0.0898538	0.2819
-364.5	-3.4	0.0735107	0.1037
-360.0	-3.4	0.075113	0.0928
-355.5	-3.4	0.0637156	0.1268
-351.0	-3.4	0.0799537	0.1792
-346.5	-3.4	0.104128	0.2775
-342.0	-3.4	0.0737642	0.0745
-337.5	-3.4	0.10096	0.1121
-333.0	-3.4	0.0983056	0.0655
-328.5	-3.4	0.104483	0.0701
-324.0	-3.4	0.0998657	0.0732
-319.5	-3.4	0.11141	0.0656
-315.0	-3.4	0.111912	0.078
-310.5	-3.4	0.110196	0.0601
-306.0	-3.4	0.126967	0.0732
-301.5	-3.4	0.144265	0.0672
-297.0	-3.4	0.146689	0.0735
-292.5	-3.4	0.181842	0.0919
-288.0	-3.4	0.187544	0.1642
-283.5	-3.4	0.190462	0.0875
-279.0	-3.4	0.208227	0.0729
-274.5	-3.4	0.214244	0.1143
-270.0	-3.4	0.218952	0.0568
-265.5	-3.4	0.256521	0.0686
-261.0	-3.4	0.255887	0.0678
-256.5	-3.4	0.271213	0.0681
-252.0	-3.4	0.295346	0.0565
-247.5	-3.4	0.330053	0.0666
-243.0	-3.4	0.345385	0.0532
-238.5	-3.4	0.364876	0.0544
-234.0	-3.4	0.423492	0.0553
-229.5	-3.4	0.488526	0.06
-225.0	-3.4	0.464208	0.0429
-220.5	-3.4	0.505528	0.0569
-216.0	-3.4	0.546772	0.0419
-211.5	-3.4	0.628888	0.0439
-207.0	-3.4	0.633818	0.0383
-202.5	-3.4	0.76256	0.0551
-198.0	-3.4	0.758758	0.0407
-193.5	-3.4	0.819614	0.0431
-189.0	-3.4	0.933024	0.0497
-184.5	-3.4	0.927587	0.0357
-180.0	-3.4	1.0268	0.036
-175.5	-3.4	1.20328	0.0421
-171.0	-3.4	1.19431	0.0365
-166.5	-3.4	1.36944	0.0379
-162.0	-3.4	1.51481	0.0376
-157.5	-3.4	1.575	0.0356
-153.0	-3.4	1.71687	0.0418
-148.5	-3.4	1.85774	0.0419
-144.0	-3.4	1.94266	0.0383
-139.5	-3.4	1.8709	0.0253
-135.0	-3.4	2.0798	0.0301
-130.5	-3.4	2.34879	0.0397
-126.0	-3.4	2.52917	0.037
-121.5	-3.4	2.65736	0.0351
-117.0	-3.4	2.98514	0.0395
-112.5	-3.4	2.95355	0.0267
-108.0	-3.4	3.27084	0.0372
-103.5	-3.4	3.20517	0.0294
-99.0	-3.4	3.38774	0.028
-94.5	-3.4	3.69045	0.0327
-90.0	-3.4	3.87226	0.0335
-85.5	-3.4	3.91222	0.0302
-81.0	-3.4	4.26961	0.0342
-76.5	-3.4	4.53132	0.0328
-72.0	-3.4	4.96216	0.0381
-67.5	-3.4	5.12649	0.0375
-63.0	-3.4	5.07243	0.0359
-58.5	-3.4	5.40493	0.0428
-54.0	-3.4	5.25693	0.0347
-49.5	-3.4	5.0346	0.0311
-45.0	-3.4	5.17824	0.0363
-40.5	-3.4	5.2306	0.0331
-36.0	-3.4	5.11135	0.0318
-31.5	-3.4	5.2694	0.0383
-27.0	-3.4	4.78223	0.0302
-22.5	-3.4	4.99973	0.035
-18.0	-3.4	4.94356	0.0382
-13.5	-3.4	4.4952	0.0351
-9.0	-3.4	3.69157	0.0286
-4.5	-3.4	3.51514	0.026
0.0	-3.4	3.37485	0.0221
4.5	-3.4	3.39126	0.0184
9.0	-3.4	3.71191	0.0605
13.5	-3.4	4.26427	0.0384
18.0	-3.4	4.57765	0.04
22.5	-3.4	4.48572	0.0296
27.0	-3.4	4.85102	0.0337
31.5	-3.4	4.67577	0.0272
36.0	-3.4	5.09526	0.0411
40.5	-3.4	4.91622	0.0309
45.0	-3.4	4.94574	0.0318
49.5	-3.4	5.08667	0.0536
54.0	-3.4	4.77062	0.0282
58.5	-3.4	4.73456	0.0326
63.0	-3.4	4.61769	0.0259
67.5	-3.4	5.14265	0.0577
72.0	-3.4	4.71335	0.051
76.5	-3.4	4.58338	0.0397
81.0	-3.4	4.24116	0.0346
85.5	-3.4	4.14582	0.0349
90.0	-3.4	4.05754	0.0381
94.5	-3.4	3.63022	0.0264
99.0	-3.4	3.74882	0.0364
103.5	-3.4	3.62639	0.0339
108.0	-3.4	3.35667	0.0355
112.5	-3.4	3.17419	0.0333
117.0	-3.4	3.0053	0.028
121.5	-3.4	3.1189	0.0431
126.0	-3.4	2.78884	0.031
130.5	-3.4	2.66449	0.0319
135.0	-3.4	2.4701	0.0331
139.5	-3.4	2.39189	0.0392
144.0	-3.4	2.29804	0.0391
148.5	-3.4	2.07883	0.0351
153.0	-3.4	2.00655	0.051
157.5	-3.4	1.79271	0.0427
162.0	-3.4	1.63147	0.0353
166.5	-3.4	1.54711	0.0487
171.0	-3.4	1.44731	0.0413
175.5	-3.4	1.3348	0.0528
180.0	-3.4	1.22349	0.043
184.5	-3.4	1.04079	0.035
189.0	-3.4	0.972275	0.0454
193.5	-3.4	0.894829	0.0538
198.0	-3.4	0.828846	0.0606
202.5	-3.4	0.71421	0.0542
207.0	-3.4	0.652017	0.0597
211.5	-3.4	0.544126	0.0529
216.0	-3.4	0.471923	0.0482
220.5	-3.4	0.472134	0.0568
225.0	-3.4	0.447026	0.0783
229.5	-3.4	0.364574	0.0685
234.0	-3.4	0.33013	0.0569
238.5	-3.4	0.302485	0.0675
243.0	-3.4	0.280336	0.0543
247.5	-3.4	0.258417	0.0511
252.0	-3.4	0.243233	0.071
256.5	-3.4	0.215613	0.0622
261.0	-3.4	0.226644	0.086
265.5	-3.4	0.187	0.0684
270.0	-3.4	0.169066	0.0509
274.5	-3.4	0.177077	0.0591
279.0	-3.4	0.16666	0.0517
283.5	-3.4	0.161014	0.1067
288.0	-3.4	0.265653	0.307
292.5	-3.4	0.13084	0.0565
297.0	-3.4	0.202663	0.1875
301.5	-3.4	0.131421	0.0583
306.0	-3.4	0.152013	0.08
310.5	-3.4	0.128484	0.0744
315.0	-3.4	0.129524	0.084
319.5	-3.4	0.123827	0.076
324.0	-3.4	0.114541	0.0651
328.5	-3.4	0.121332	0.1075
333.0	-3.4	0.161594	0.1939
337.5	-3.4	0.123514	0.1898
342.0	-3.4	0.09921	0.0744
346.5	-3.4	0.105162	0.0864
351.0	-3.4	0.107228	0.0809
355.5	-3.4	0.0941224	0.0829
360.0	-3.4	0.0810386	0.0742
364.5	-3.4	0.109127	0.2148
369.0	-3.4	0.0900305	0.101
373.5	-3.4	0.115739	0.1549
378.0	-3.4	0.11287	0.2026
382.5	-3.4	0.118587	0.1507
387.0	-3.4	0.0714265	0.1394
391.5	-3.4	0.111781	0.1904
396.0	-3.4	0.0829807	0.3036
400.5	-3.4	0.0709991	0.1302
405.0	-3.4	0.0564151	0.1386
409.5	-3.4	0.0643641	0.2482
414.0	-3.4	0.0516267	0.1342
418.5	-3.4	0.0564334	0.2329
423.0	-3.4	0.061586	0.3256
427.5	-3.4	0.0465327	0.1164
432.0	-3.4	0.0479099	0.132
436.5	-3.4	0.0387552	0.1017
441.0	-3.4	0.0501282	0.119
445.5	-3.4	0.0597882	0.1193
-450.0	-0.833333	0.0566506	0.3232
-445.5	-0.833333	0.0418593	0.1075
-441.0	-0.833333	0.0493944	0.229
-436.5	-0.833333	0.0383961	0.2055
-432.0	-0.833333	0.0450323	0.2172
-427.5	-0.833333	0.0393066	0.1388
-423.0	-0.833333	0.0378646	0.2268
-418.5	-0.833333	0.0414086	0.1102
-414.0	-0.833333	0.046293	0.1417
-409.5	-0.833333	0.0522344	0.2033
-405.0	-0.833333	0.0482682	0.1702
-400.5	-0.833333	0.0347834	0.0862
-396.0	-0.833333	0.0530423	0.0984
-391.5	-0.833333	0.0499963	0.1226
-387.0	-0.833333	0.0489504	0.0834
-382.5	-0.833333	0.0740883	0.1116
-378.0	-0.833333	0.0615015	0.1103
-373.5	-0.833333	0.0743232	0.091
-369.0	-0.833333	0.0855484	0.2224
-364.5	-0.833333	0.0862424	0.2027
-360.0	-0.833333	0.072046	0.075
-355.5	-0.833333	0.0724982	0.072
-351.0	-0.833333	0.0794517	0.0697
-346.5	-0.833333	0.0752846	0.0725
-342.0	-0.833333	0.0812761	0.0805
-337.5	-0.833333	0.0903888	0.0742
-333.0	-0.833333	0.0935911	0.0764
-328.5	-0.833333	0.138141	0.1945
-324.0	-0.833333	0.130544	0.1607
-319.5	-0.833333	0.120091	0.191
-315.0	-0.833333	0.109476	0.0657
-310.5	-0.833333	0.11612	0.0647
-306.0	-0.833333	0.139525	0.0764
-301.5	-0.833333	0.149502	0.0874
-297.0	-0.833333	0.168842	0.1353
-292.5	-0.833333	0.159149	0.0963
-288.0	-0.833333	0.162316	0.0753
-283.5	-0.833333	0.18668	0.0645
-279.0	-0.833333	0.21224	0.1031
-274.5	-0.833333	0.208853	0.0794
-270.0	-0.833333	0.239063	0.0725
-265.5	-0.833333	0.225152	0.0546
-261.0	-0.833333	0.314567	0.1865
-256.5	-0.833333	0.263948	0.0545
-252.0	-0.833333	0.326434	0.1133
-247.5	-0.833333	0.380181	0.0707
-243.0	-0.833333	0.341701	0.0551
-238.5	-0.833333	0.389407	0.0549
-234.0	-0.833333	0.397641	0.0494
-229.5	-0.833333	0.434547	0.0519
-225.0	-0.833333	0.523841	0.0722
-220.5	-0.833333	0.564258	0.0499
-216.0	-0.833333	0.527704	0.0419
-211.5	-0.833333	0.595002	0.0455
-207.0	-0.833333	0.695386	0.055
-202.5	-0.833333	0.746168	0.042
-198.0	-0.833333	0.86553	0.0563
-193.5	-0.833333	0.854636	0.045
-189.0	-0.833333	0.938326	0.0501
-184.5	-0.833333	0.948128	0.0357
-180.0	-0.833333	1.05116	0.0435
-175.5	-0.833333	1.16765	0.0341
-171.0	-0.833333	1.2531	0.0358
-166.5	-0.833333	1.30703	0.0358
-162.0	-0.833333	1.51484	0.0469
-157.5	-0.833333	1.58867	0.0393
-153.0	-0.833333	1.63676	0.033
-148.5	-0.833333	1.85304	0.0457
-144.0	-0.833333	1.95208	0.034
-139.5	-0.833333	2.03213	0.0389
-135.0	-0.833333	2.14213	0.0322
-130.5	-0.833333	2.48695	0.0439
-126.0	-0.833333	2.4094	0.0331
-121.5	-0.833333	2.56025	0.037
-117.0	-0.833333	2.83696	0.052
-112.5	-0.833333	3.17316	0.0406
-108.0	-0.833333	3.34712	0.034
-103.5	-0.833333	3.50448	0.0375
-99.0	-0.833333	3.43817	0.0311
-94.5	-0.833333	3.64959	0.0384
-90.0	-0.833333	3.88895	0.0364
-85.5	-0.833333	4.22222	0.0362
-81.0	-0.833333	4.2154	0.0308
-76.5	-0.833333	4.35351	0.0291
-72.0	-0.833333	4.76098	0.0327
-67.5	-0.833333	4.94956	0.0341
-63.0	-0.833333	5.55654	0.0393
-58.5	-0.833333	5.4435	0.0377
-54.0	-0.833333	5.1475	0.0436
-49.5	-0.833333	4.96017	0.0324
-45.0	-0.833333	4.8202	0.0257
-40.5	-0.833333	5.05462	0.0321
-36.0	-0.833333	5.34885	0.032
-31.5	-0.833333	5.12784	0.031
-27.0	-0.833333	5.07385	0.035
-22.5	-0.833333	5.47781	0.041
-18.0	-0.833333	4.79167	0.0324
-13.5	-0.833333	5.54214	0.2072
-9.0	-0.833333	3.58886	0.0189
-4.5	-0.833333	3.43876	0.0241
0.0	-0.833333	3.40016	0.0319
4.5	-0.833333	3.40172	0.0221
9.0	-0.833333	3.63329	0.0289
13.5	-0.833333	4.4301	0.0355
18.0	-0.833333	4.45854	0.029
22.5	-0.833333	4.99224	0.0464
27.0	-0.833333	4.85615	0.0299
31.5	-0.833333	4.90587	0.0329
36.0	-0.833333	5.03192	0.0353
40.5	-0.833333	4.98827	0.0349
45.0	-0.833333	4.87933	0.0329
49.5	-0.833333	5.05714	0.0347
54.0	-0.833333	5.03059	0.0384
58.5	-0.833333	4.74448	0.0318
63.0	-0.833333	4.82606	0.034
67.5	-0.833333	4.87255	0.0488
72.0	-0.833333	4.62501	0.0376
76.5	-0.833333	4.42293	0.0363
81.0	-0.833333	4.35906	0.0343
85.5	-0.833333	4.05723	0.0331
90.0	-0.833333	3.90175	0.0313
94.5	-0.833333	3.94245	0.0331
99.0	-0.833333	3.433	0.0238
103.5	-0.833333	3.54263	0.0341
108.0	-0.833333	3.39949	0.0321
112.5	-0.833333	3.41038	0.0389
117.0	-0.833333	2.99672	0.0446
121.5	-0.833333	2.88905	0.0311
126.0	-0.833333	2.82313	0.0311
130.5	-0.833333	2.55707	0.0281
135.0	-0.833333	2.60213	0.0355
139.5	-0.833333	2.45993	0.0342
144.0	-0.833333	2.30157	0.038
148.5	-0.833333	2.07625	0.0343
153.0	-0.833333	1.99581	0.0653
157.5	-0.833333	1.89815	0.0416
162.0	-0.833333	1.62958	0.0436
166.5	-0.833333	1.42561	0.0372
171.0	-0.833333	1.43646	0.0403
175.5	-0.833333	1.33381	0.0445
180.0	-0.833333	1.17926	0.0423
184.5	-0.833333	1.16509	0.0567
189.0	-0.833333	0.984012	0.0366
193.5	-0.833333	0.914194	0.0646
198.0	-0.833333	0.773541	0.0474
202.5	-0.833333	0.672002	0.0348
207.0	-0.833333	0.684266	0.0717
211.5	-0.833333	0.553761	0.0538
216.0	-0.833333	0.495365	0.0542
220.5	-0.833333	0.402596	0.0433
225.0	-0.833333	0.406024	0.053
229.5	-0.833333	0.377257	0.0505
234.0	-0.833333	0.332842	0.0638
238.5	-0.833333	0.29226	0.0524
243.0	-0.833333	0.286744	0.0666
247.5	-0.833333	0.245712	0.0481
252.0	-0.833333	0.260592	0.0812
256.5	-0.833333	0.207759	0.0504
261.0	-0.833333	0.209195	0.062
265.5	-0.833333	0.196367	0.0832
270.0	-0.833333	0.211976	0.0929
274.5	-0.833333	0.193909	0.1013
279.0	-0.833333	0.186461	0.0814
283.5	-0.833333	0.151997	0.0618
288.0	-0.833333	0.144577	0.0594
292.5	-0.833333	0.168428	0.1126
297.0	-0.833333	0.149767	0.1163
301.5	-0.833333	0.145488	0.0625
306.0	-0.833333	0.136935	0.0822
310.5	-0.833333	0.150513	0.0939
315.0	-0.833333	0.139767	0.1124
319.5	-0.833333	0.128733	0.1076
324.0	-0.833333	0.122634	0.0679
328.5	-0.833333	0.116119	0.0647
333.0	-0.833333	0.104907	0.0612
337.5	-0.833333	0.141254	0.1968
342.0	-0.833333	0.149106	0.1744
346.5	-0.833333	0.110594	0.0783
351.0	-0.833333	0.113954	0.1163
355.5	-0.833333	0.12469	0.141
360.0	-0.833333	0.108113	0.1227
364.5	-0.833333	0.0931511	0.1077
369.0	-0.833333	0.106612	0.1339
373.5	-0.833333	0.101554	0.1861
378.0	-0.833333	0.0982545	0.1588
382.5	-0.833333	0.104352	0.1461
387.0	-0.833333	0.0947806	0.1267
391.5	-0.833333	0.0730271	0.139
396.0	-0.833333	0.0670805	0.1104
400.5	-0.833333	0.054156	0.1455
405.0	-0.833333	0.0504986	0.1002
409.5	-0.833333	0.0869177	0.2543
414.0	-0.833333	0.0467734	0.1007
418.5	-0.833333	0.0608768	0.2573
423.0	-0.833333	0.0774875	0.2114
427.5	-0.833333	0.0758104	0.192
432.0	-0.833333	0.0408402	0.1089
436.5	-0.833333	0.0419878	0.118
441.0	-0.833333	0.072946	0.3571
445.5	-0.833333	0.0615373	0.1291
-450.0	1.73333	0.0505527	0.1704
-445.5	1.73333	0.0638652	0.426
-441.0	1.73333	0.0439832	0.1307
-436.5	1.73333	0.0327983	0.1204
-432.0	1.73333	0.0386978	0.106
-427.5	1.73333	0.0479951	0.2509
-423.0	1.73333	0.0420801	0.1607
-418.5	1.73333	0.0474561	0.2435
-414.0	1.73333	0.0385412	0.1309
-409.5	1.73333	0.0337418	0.1038
-405.0	1.73333	0.0479997	0.1655
-400.5	1.73333	0.0366419	0.1094
-396.0	1.73333	0.0494028	0.1249
-391.5	1.73333	0.0588557	0.1718
-387.0	1.73333	0.0764063	0.2798
-382.5	1.73333	0.0542956	0.1202
-378.0	1.73333	0.0747248	0.1067
-373.5	1.73333	0.0550665	0.0762
-369.0	1.73333	0.0671016	0.0836
-364.5	1.73333	0.0718784	0.0874
-360.0	1.73333	0.07465	0.0971
-355.5	1.73333	0.0841012	0.1102
-351.0	1.73333	0.109246	0.193
-346.5	1.73333	0.0793954	0.0927
-342.0	1.73333	0.0818847	0.0763
-337.5	1.73333	0.103974	0.1292
-333.0	1.73333	0.102628	0.1584
-328.5	1.73333	0.0895546	0.0757
-324.0	1.73333	0.112838	0.0942
-319.5	1.73333	0.120298	0.0751
-315.0	1.73333	0.130893	0.0938
-310.5	1.73333	0.125753	0.0731
-306.0	1.73333	0.138212	0.0688
-301.5	1.73333	0.132284	0.0892
-297.0	1.73333	0.175368	0.1329
-292.5	1.73333	0.157255	0.0697
-288.0	1.73333	0.149593	0.0556
-283.5	1.73333	0.155095	0.0554
-279.0	1.73333	0.224447	0.1036
-274.5	1.73333	0.207719	0.0741
-270.0	1.73333	0.198489	0.0514
-265.5	1.73333	0.279457	0.0795
-261.0	1.73333	0.264739	0.0925
-256.5	1.73333	0.256596	0.0648
-252.0	1.73333	0.27283	0.0563
-247.5	1.73333	0.334577	0.0742
-243.0	1.73333	0.394325	0.105
-238.5	1.73333	0.387274	0.0571
-234.0	1.73333	0.381978	0.0447
-229.5	1.73333	0.522193	0.1796
-225.0	1.73333	0.496433	0.0669
-220.5	1.73333	0.628605	0.068
-216.0	1.73333	0.53084	0.0427
-211.5	1.73333	0.615637	0.0462
-207.0	1.73333	0.708966	0.0453
-202.5	1.73333	0.763538	0.063
-198.0	1.73333	0.788578	0.0459
-193.5	1.73333	0.835557	0.0346
-189.0	1.73333	0.954732	0.0437
-184.5	1.73333	0.918856	0.0326
-180.0	1.73333	1.00543	0.036
-175.5	1.73333	1.11718	0.0346
-171.0	1.73333	1.24723	0.0403
-166.5	1.73333	1.29153	0.036
-162.0	1.73333	1.39316	0.0354
-157.5	1.73333	1.57749	0.0453
-153.0	1.73333	1.5705	0.0342
-148.5	1.73333	1.90917	0.0509
-144.0	1.73333	1.8531	0.0296
-139.5	1.73333	1.89909	0.0279
-135.0	1.73333	2.17019	0.0412
-130.5	1.73333	2.35544	0.0409
-126.0	1.73333	2.47735	0.0421
-121.5	1.73333	2.81854	0.0427
-117.0	1.73333	2.87181	0.0341
-112.5	1.73333	2.92398	0.0376
-108.0	1.73333	3.07536	0.0336
-103.5	1.73333	3.23789	0.0285
-99.0	1.73333	3.44075	0.0307
-94.5	1.73333	3.53606	0.0302
-90.0	1.73333	4.00913	0.0331
-85.5	1.73333	4.03631	0.032
-81.0	1.73333	4.41323	0.0323
-76.5	1.73333	4.5349	0.0342
-72.0	1.73333	4.67042	0.0349
-67.5	1.73333	5.03606	0.0356
-63.0	1.73333	5.01095	0.0351
-58.5	1.73333	5.03048	0.0369
-54.0	1.73333	5.67334	0.0697
-49.5	1.73333	5.02317	0.0366
-45.0	1.73333	5.23244	0.0348
-40.5	1.73333	5.38546	0.0402
-36.0	1.73333	5.06652	0.0302
-31.5	1.73333	5.34688	0.0379
-27.0	1.73333	5.16895	0.0345
-22.5	1.73333	4.99123	0.0323
-18.0	1.73333	4.77253	0.0371
-13.5	1.73333	4.28513	0.0295
-9.0	1.73333	3.60007	0.0245
-4.5	1.73333	3.63203	0.0282
0.0	1.73333	3.47104	0.0225
4.5	1.73333	3.53304	0.0328
9.0	1.73333	3.68655	0.0283
13.5	1.73333	4.56608	0.041
18.0	1.73333	4.91274	0.0408
22.5	1.73333	4.81856	0.0393
27.0	1.73333	4.84453	0.0312
31.5	1.73333	5.03245	0.0345
36.0	1.73333	4.9283	0.0357
40.5	1.73333	4.86127	0.0357
45.0	1.73333	5.14447	0.0346
49.5	1.73333	4.91464	0.0341
54.0	1.73333	4.7616	0.027
58.5	1.73333	4.81821	0.0408
63.0	1.73333	4.93608	0.0316
67.5	1.73333	4.46697	0.0264
72.0	1.73333	4.32034	0.0276
76.5	1.73333	4.48845	0.0337
81.0	1.73333	3.99884	0.023
85.5	1.73333	3.91398	0.0313
90.0	1.73333	4.13835	0.0424
94.5	1.73333	3.82431	0.0329
99.0	1.73333	3.58534	0.032
103.5	1.73333	3.4757	0.0288
108.0	1.73333	3.3834	0.0305
112.5	1.73333	3.33695	0.0309
117.0	1.73333	3.21848	0.0362
121.5	1.73333	2.98154	0.0361
126.0	1.73333	2.86545	0.0319
130.5	1.73333	2.66488	0.0331
135.0	1.73333	2.63018	0.0361
139.5	1.73333	2.69613	0.0891
144.0	1.73333	2.30056	0.0471
148.5	1.73333	2.13446	0.0454
153.0	1.73333	1.80662	0.0309
157.5	1.73333	1.87447	0.0442
162.0	1.73333	1.63392	0.0416
166.5	1.73333	1.61414	0.0519
171.0	1.73333	1.44982	0.0507
175.5	1.73333	1.29479	0.0376
180.0	1.73333	1.11127	0.0379
184.5	1.73333	1.06898	0.0435
189.0	1.73333	0.956507	0.0458
193.5	1.73333	0.890871	0.0565
198.0	1.73333	0.801808	0.0457
202.5	1.73333	0.715506	0.045
207.0	1.73333	0.590599	0.0467
211.5	1.73333	0.50715	0.0452
216.0	1.73333	0.492838	0.0479
220.5	1.73333	0.406794	0.0501
225.0	1.73333	0.396396	0.0623
229.5	1.73333	0.381681	0.0574
234.0	1.73333	0.315575	0.0454
238.5	1.73333	0.288161	0.0408
243.0	1.73333	0.299326	0.0881
247.5	1.73333	0.321513	0.0756
252.0	1.73333	0.271405	0.0917
256.5	1.73333	0.218958	0.0865
261.0	1.73333	0.209327	0.053
265.5	1.73333	0.196867	0.0774
270.0	1.73333	0.210256	0.0852
274.5	1.73333	0.191625	0.0937
279.0	1.73333	0.176702	0.0649
283.5	1.73333	0.172702	0.1807
288.0	1.73333	0.167387	0.0807
292.5	1.73333	0.171839	0.0835
297.0	1.73333	0.171328	0.114
301.5	1.73333	0.129816	0.0589
306.0	1.73333	0.148511	0.1335
310.5	1.73333	0.127523	0.0771
315.0	1.73333	0.118079	0.0843
319.5	1.73333	0.133576	0.1019
324.0	1.73333	0.139545	0.1368
328.5	1.73333	0.132519	0.1474
333.0	1.73333	0.108718	0.0719
337.5	1.73333	0.159871	0.226
342.0	1.73333	0.118956	0.0789
346.5	1.73333	0.0983438	0.0708
351.0	1.73333	0.116674	0.0894
355.5	1.73333	0.113507	0.2213
360.0	1.73333	0.126105	0.3162
364.5	1.73333	0.10774	0.1113
369.0	1.73333	0.0992672	0.1632
373.5	1.73333	0.0982929	0.1568
378.0	1.73333	0.0876556	0.1284
382.5	1.73333	0.0773734	0.0992
387.0	1.73333	0.0767517	0.1486
391.5	1.73333	0.190837	0.6742
396.0	1.73333	0.0864142	0.1817
400.5	1.73333	0.0534271	0.1302
405.0	1.73333	0.0749091	0.1787
409.5	1.73333	0.0990959	0.392
414.0	1.73333	0.0534675	0.2202
418.5	1.73333	0.0456444	0.1358
423.0	1.73333	0.0552076	0.178
427.5	1.73333	0.0522941	0.1774
432.0	1.73333	0.0446039	0.1104
436.5	1.73333	0.0499601	0.1052
441.0	1.73333	0.0577875	0.1081
445.5	1.73333	0.0606787	0.093
-450.0	4.3	0.0448829	0.1838
-445.5	4.3	0.0362573	0.121
-441.0	4.3	0.0355464	0.1158
-436.5	4.3	0.0309059	0.1356
-432.0	4.3	0.0454322	0.2581
-427.5	4.3	0.0329624	0.1503
-423.0	4.3	0.0316362	0.1418
-418.5	4.3	0.0452097	0.2454
-414.0	4.3	0.0506305	0.2102
-409.5	4.3	0.0405858	0.1065
-405.0	4.3	0.04415	0.1235
-400.5	4.3	0.0355783	0.0892
-396.0	4.3	0.0442302	0.0919
-391.5	4.3	0.0442327	0.0868
-387.0	4.3	0.0554539	0.0945
-382.5	4.3	0.0620065	0.0971
-378.0	4.3	0.0737534	0.2323
-373.5	4.3	0.073025	0.0909
-369.0	4.3	0.105358	0.2548
-364.5	4.3	0.0856114	0.1589
-360.0	4.3	0.0695171	0.0796
-355.5	4.3	0.0752157	0.1105
-351.0	4.3	0.0900935	0.1247
-346.5	4.3	0.1042	0.1135
-342.0	4.3	0.122907	0.1415
-337.5	4.3	0.0990571	0.1
-333.0	4.3	0.104014	0.1002
-328.5	4.3	0.104764	0.087
-324.0	4.3	0.110938	0.0729
-319.5	4.3	0.12743	0.1267
-315.0	4.3	0.137079	0.1313
-310.5	4.3	0.135714	0.0615
-306.0	4.3	0.15238	0.0666
-301.5	4.3	0.150894	0.0889
-297.0	4.3	0.151263	0.0824
-292.5	4.3	0.16048	0.061
-288.0	4.3	0.146549	0.0516
-283.5	4.3	0.149669	0.0497
-279.0	4.3	0.192633	0.0703
-274.5	4.3	0.199767	0.0538
-270.0	4.3	0.216663	0.0535
-265.5	4.3	0.243904	0.0817
-261.0	4.3	0.252518	0.0594
-256.5	4.3	0.299252	0.0616
-252.0	4.3	0.316865	0.068
-247.5	4.3	0.336122	0.0681
-243.0	4.3	0.349434	0.0598
-238.5	4.3	0.422517	0.0513
-234.0	4.3	0.414229	0.0491
-229.5	4.3	0.476942	0.0492
-225.0	4.3	0.50172	0.0606
-220.5	4.3	0.510003	0.0464
-216.0	4.3	0.527652	0.0423
-211.5	4.3	0.592474	0.0408
-207.0	4.3	0.68455	0.0554
-202.5	4.3	0.751742	0.0541
-198.0	4.3	0.748981	0.04
-193.5	4.3	0.877544	0.042
-189.0	4.3	0.902397	0.0353
-184.5	4.3	1.0041	0.0423
-180.0	4.3	1.10508	0.0453
-175.5	4.3	1.13234	0.0369
-171.0	4.3	1.27407	0.043
-166.5	4.3	1.44555	0.0513
-162.0	4.3	1.46629	0.0522
-157.5	4.3	1.57092	0.0365
-153.0	4.3	1.60715	0.0361
-148.5	4.3	1.74811	0.0336
-144.0	4.3	1.94063	0.0345
-139.5	4.3	1.90732	0.0272
-135.0	4.3	2.16996	0.0333
-130.5	4.3	2.38951	0.0347
-126.0	4.3	2.34224	0.0294
-121.5	4.3	3.02484	0.1837
-117.0	4.3	2.80175	0.0349
-112.5	4.3	2.91913	0.0309
-108.0	4.3	3.05463	0.0381
-103.5	4.3	3.27084	0.0309
-99.0	4.3	3.44873	0.0333
-94.5	4.3	3.53892	0.0266
-90.0	4.3	3.68862	0.0267
-85.5	4.3	4.14224	0.0345
-81.0	4.3	4.37437	0.0402
-76.5	4.3	4.57352	0.0337
-72.0	4.3	4.65008	0.036
-67.5	4.3	4.92244	0.0363
-63.0	4.3	5.26613	0.0514
-58.5	4.3	5.78517	0.0579
-54.0	4.3	4.95371	0.0542
-49.5	4.3	5.26045	0.0349
-45.0	4.3	5.37938	0.0359
-40.5	4.3	5.53578	0.0359
-36.0	4.3	5.41283	0.0354
-31.5	4.3	5.67042	0.0433
-27.0	4.3	5.89707	0.1403
-22.5	4.3	5.11626	0.0411
-18.0	4.3	4.87238	0.0295
-13.5	4.3	4.5629	0.0362
-9.0	4.3	3.79407	0.0352
-4.5	4.3	3.62117	0.0293
0.0	4.3	3.5657	0.0281
4.5	4.3	3.4961	0.0304
9.0	4.3	3.53808	0.0249
13.5	4.3	4.4831	0.038
18.0	4.3	4.25033	0.0282
22.5	4.3	4.86315	0.0368
27.0	4.3	5.12425	0.0387
31.5	4.3	5.04	0.0378
36.0	4.3	5.15048	0.035
40.5	4.3	4.955	0.0318
45.0	4.3	5.01765	0.0357
49.5	4.3	5.10734	0.036
54.0	4.3	4.93447	0.0325
58.5	4.3	4.73506	0.0304
63.0	4.3	4.79298	0.0307
67.5	4.3	4.41963	0.0297
72.0	4.3	4.70285	0.0396
76.5	4.3	4.41978	0.0267
81.0	4.3	4.33092	0.0374
85.5	4.3	4.06198	0.0349
90.0	4.3	3.92523	0.0392
94.5	4.3	3.57973	0.0294
99.0	4.3	3.78233	0.0407
103.5	4.3	3.88285	0.0391
108.0	4.3	3.3153	0.0306
112.5	4.3	3.42239	0.0418
117.0	4.3	3.10293	0.0333
121.5	4.3	2.78252	0.0297
126.0	4.3	2.91496	0.0505
130.5	4.3	2.61293	0.0352
135.0	4.3	2.68431	0.0416
139.5	4.3	2.69623	0.1717
144.0	4.3	2.1986	0.0384
148.5	4.3	1.99654	0.0304
153.0	4.3	1.98535	0.04
157.5	4.3	1.72761	0.0375
162.0	4.3	1.60669	0.0333
166.5	4.3	1.6169	0.0481
171.0	4.3	1.44593	0.0521
175.5	4.3	1.35597	0.0409
180.0	4.3	1.20715	0.0605
184.5	4.3	1.09614	0.0451
189.0	4.3	0.995043	0.0464
193.5	4.3	0.970256	0.0737
198.0	4.3	0.796534	0.0495
202.5	4.3	0.730657	0.0603
207.0	4.3	0.663866	0.0655
211.5	4.3	0.559661	0.0417
216.0	4.3	0.508307	0.0572
220.5	4.3	0.455305	0.0513
225.0	4.3	0.433096	0.0635
229.5	4.3	0.373229	0.0562
234.0	4.3	0.357105	0.1002
238.5	4.3	0.298391	0.0457
243.0	4.3	0.287049	0.0715
247.5	4.3	0.288733	0.0767
252.0	4.3	0.237984	0.0656
256.5	4.3	0.227908	0.0729
261.0	4.3	0.193647	0.0514
265.5	4.3	0.21307	0.096
270.0	4.3	0.1971	0.0762
274.5	4.3	0.218527	0.1065
279.0	4.3	0.197124	0.1422
283.5	4.3	0.165738	0.0767
288.0	4.3	0.155035	0.0813
292.5	4.3	0.173291	0.1763
297.0	4.3	0.159541	0.0954
301.5	4.3	0.143113	0.0813
306.0	4.3	0.187364	0.1511
310.5	4.3	0.153596	0.0937
315.0	4.3	0.144583	0.1349
319.5	4.3	0.143786	0.1328
324.0	4.3	0.1398	0.1048
328.5	4.3	0.125426	0.086
333.0	4.3	0.132449	0.1554
337.5	4.3	0.117265	0.1034
342.0	4.3	0.113804	0.0714
346.5	4.3	0.151144	0.266
351.0	4.3	0.127795	0.205
355.5	4.3	0.114498	0.16
360.0	4.3	0.0979446	0.1033
364.5	4.3	0.114579	0.1915
369.0	4.3	0.0838236	0.0921
373.5	4.3	0.111634	0.2968
378.0	4.3	0.0933463	0.1624
382.5	4.3	0.0717165	0.0849
387.0	4.3	0.0856023	0.1219
391.5	4.3	0.0687978	0.0916
396.0	4.3	0.0712682	0.1146
400.5	4.3	0.0519177	0.1134
405.0	4.3	0.0495309	0.0964
409.5	4.3	0.0493594	0.1291
414.0	4.3	0.0497908	0.1302
418.5	4.3	0.0474774	0.1258
423.0	4.3	0.0417751	0.1024
427.5	4.3	0.130857	0.6415
432.0	4.3	0.0462152	0.1341
436.5	4.3	0.06842	0.2254
441.0	4.3	0.0640429	0.175
445.5	4.3	0.0535125	0.1939
-450.0	6.86667	0.0601045	0.3023
-445.5	6.86667	0.0691395	0.3099
-441.0	6.86667	0.0424903	0.145
-436.5	6.86667	0.0389088	0.1452
-432.0	6.86667	0.0389542	0.2322
-427.5	6.86667	0.0442355	0.1485
-423.0	6.86667	0.0528564	0.2084
-418.5	6.86667	0.0415043	0.1777
-414.0	6.86667	0.0560327	0.4072
-409.5	6.86667	0.0636735	0.2331
-405.0	6.86667	0.0406879	0.0988
-400.5	6.86667	0.0449266	0.1054
-396.0	6.86667	0.0479297	0.1683
-391.5	6.86667	0.0670212	0.1579
-387.0	6.86667	0.0621336	0.2072
-382.5	6.86667	0.0495441	0.096
-378.0	6.86667	0.0627751	0.1287
-373.5	6.86667	0.0614228	0.0813
-369.0	6.86667	0.0662644	0.0968
-364.5	6.86667	0.0616733	0.0759
-360.0	6.86667	0.0700444	0.0786
-355.5	6.86667	0.080691	0.081
-351.0	6.86667	0.0663221	0.0737
-346.5	6.86667	0.0957417	0.1033
-342.0	6.86667	0.0980079	0.108
-337.5	6.86667	0.0836116	0.0604
-333.0	6.86667	0.104376	0.0994
-328.5	6.86667	0.094703	0.0673
-324.0	6.86667	0.100559	0.0689
-319.5	6.86667	0.142183	0.2636
-315.0	6.86667	0.113099	0.1324
-310.5	6.86667	0.115367	0.0602
-306.0	6.86667	0.146933	0.1355
-301.5	6.86667	0.151471	0.0967
-297.0	6.86667	0.163221	0.0864
-292.5	6.86667	0.167977	0.0652
-288.0	6.86667	0.161622	0.0663
-283.5	6.86667	0.168802	0.0558
-279.0	6.86667	0.209563	0.1025
-274.5	6.86667	0.191299	0.0734
-270.0	6.86667	0.226612	0.0654
-265.5	6.86667	0.223538	0.0442
-261.0	6.86667	0.269235	0.0517
-256.5	6.86667	0.301289	0.0675
-252.0	6.86667	0.327104	0.0852
-247.5	6.86667	0.324641	0.0565
-243.0	6.86667	0.367597	0.0629
-238.5	6.86667	0.38448	0.0584
-234.0	6.86667	0.438895	0.0899
-229.5	6.86667	0.491862	0.0567
-225.0	6.86667	0.466478	0.0617
-220.5	6.86667	0.504271	0.0593
-216.0	6.86667	0.554443	0.0496
-211.5	6.86667	0.62083	0.0437
-207.0	6.86667	0.651692	0.0412
-202.5	6.86667	0.744333	0.0475
-198.0	6.86667	0.855294	0.0459
-193.5	6.86667	0.851091	0.0499
-189.0	6.86667	0.909202	0.0447
-184.5	6.86667	0.956517	0.04
-180.0	6.86667	0.988484	0.0325
-175.5	6.86667	1.13469	0.0378
-171.0	6.86667	1.21533	0.0341
-166.5	6.86667	1.31864	0.0359
-162.0	6.86667	1.45726	0.0428
-157.5	6.86667	1.48326	0.0331
-153.0	6.86667	1.71925	0.0345
-148.5	6.86667	1.97068	0.0486
-144.0	6.86667	1.94053	0.0424
-139.5	6.86667	2.03569	0.037
-135.0	6.86667	2.23408	0.0447
-130.5	6.86667	2.33352	0.0387
-126.0	6.86667	2.49584	0.0362
-121.5	6.86667	2.62169	0.0404
-117.0	6.86667	2.72894	0.0288
-112.5	6.86667	3.18439	0.0359
-108.0	6.86667	2.97808	0.0276
-103.5	6.86667	3.38101	0.041
-99.0	6.86667	3.55318	0.0387
-94.5	6.86667	3.56965	0.032
-90.0	6.86667	3.8382	0.0321
-85.5	6.86667	4.01963	0.0376
-81.0	6.86667	4.10146	0.0268
-76.5	6.86667	4.77723	0.0429
-72.0	6.86667	4.6095	0.0287
-67.5	6.86667	4.86437	0.0396
-63.0	6.86667	5.27754	0.0373
-58.5	6.86667	5.3366	0.04
-54.0	6.86667	4.97263	0.0307
-49.5	6.86667	5.28346	0.0346
-45.0	6.86667	5.43121	0.0373
-40.5	6.86667	5.44705	0.0373
-36.0	6.86667	5.36425	0.0416
-31.5	6.86667	4.75708	0.0262
-27.0	6.86667	5.01694	0.0338
-22.5	6.86667	5.14519	0.0364
-18.0	6.86667	4.71662	0.0338
-13.5	6.86667	4.33675	0.037
-9.0	6.86667	4.65662	0.2177
-4.5	6.86667	3.46752	0.0255
0.0	6.86667	3.36149	0.0211
4.5	6.86667	3.38422	0.0262
9.0	6.86667	3.572	0.0274
13.5	6.86667	4.36268	0.0341
18.0	6.86667	4.55889	0.0344
22.5	6.86667	4.95539	0.0399
27.0	6.86667	4.91935	0.0411
31.5	6.86667	5.0463	0.0367
36.0	6.86667	5.00856	0.0354
40.5	6.86667	4.98364	0.0368
45.0	6.86667	4.61343	0.0242
49.5	6.86667	5.0962	0.0333
54.0	6.86667	5.05234	0.0322
58.5	6.86667	4.99453	0.0364
63.0	6.86667	4.76764	0.0308
67.5	6.86667	4.32574	0.0253
72.0	6.86667	4.63434	0.0365
76.5	6.86667	4.55144	0.0339
81.0	6.86667	4.42511	0.0317
85.5	6.86667	4.121	0.0331
90.0	6.86667	3.94581	0.0345
94.5	6.86667	3.77496	0.0316
99.0	6.86667	3.4299	0.027
103.5	6.86667	3.696	0.0394
108.0	6.86667	3.44184	0.0363
112.5	6.86667	3.21699	0.0328
117.0	6.86667	3.05812	0.0336
121.5	6.86667	2.80579	0.0321
126.0	6.86667	2.9237	0.0393
130.5	6.86667	2.63938	0.0345
135.0	6.86667	2.75515	0.0541
139.5	6.86667	2.77919	0.1667
144.0	6.86667	2.20197	0.0372
148.5	6.86667	2.06395	0.0375
153.0	6.86667	1.91319	0.0346
157.5	6.86667	1.81312	0.0428
162.0	6.86667	1.74712	0.0569
166.5	6.86667	1.64078	0.0504
171.0	6.86667	1.3942	0.0524
175.5	6.86667	1.34331	0.0549
180.0	6.86667	1.18503	0.0521
184.5	6.86667	1.17495	0.0666
189.0	6.86667	0.926669	0.0405
193.5	6.86667	0.920471	0.0521
198.0	6.86667	0.774888	0.0521
202.5	6.86667	0.640677	0.0366
207.0	6.86667	0.598444	0.0418
211.5	6.86667	0.567278	0.042
216.0	6.86667	0.475178	0.0487
220.5	6.86667	0.480948	0.0576
225.0	6.86667	0.414511	0.078
229.5	6.86667	0.354669	0.0515
234.0	6.86667	0.322189	0.0455
238.5	6.86667	0.303916	0.0414
243.0	6.86667	0.27016	0.0473
247.5	6.86667	0.260037	0.0689
252.0	6.86667	0.240318	0.0562
256.5	6.86667	0.232204	0.0729
261.0	6.86667	0.21919	0.0796
265.5	6.86667	0.209978	0.0617
270.0	6.86667	0.190074	0.0691
274.5	6.86667	0.175829	0.0563
279.0	6.86667	0.148926	0.054
283.5	6.86667	0.161011	0.0844
288.0	6.86667	0.182358	0.1958
292.5	6.86667	0.177163	0.1261
297.0	6.86667	0.161836	0.0795
301.5	6.86667	0.137998	0.0681
306.0	6.86667	0.159561	0.1125
310.5	6.86667	0.139512	0.0952
315.0	6.86667	0.127805	0.0758
319.5	6.86667	0.153397	0.2114
324.0	6.86667	0.130025	0.098
328.5	6.86667	0.130581	0.1699
333.0	6.86667	0.118316	0.1849
337.5	6.86667	0.124959	0.1517
342.0	6.86667	0.145758	0.1833
346.5	6.86667	0.105998	0.0841
351.0	6.86667	0.101476	0.0763
355.5	6.86667	0.107145	0.1333
360.0	6.86667	0.126412	0.1707
364.5	6.86667	0.106552	0.1005
369.0	6.86667	0.0857847	0.0828
373.5	6.86667	0.0913601	0.0987
378.0	6.86667	0.110823	0.2211
382.5	6.86667	0.127948	0.1835
387.0	6.86667	0.0850693	0.1589
391.5	6.86667	0.0736161	0.2211
396.0	6.86667	0.0715925	0.2153
400.5	6.86667	0.0551215	0.1158
405.0	6.86667	0.0504868	0.1094
409.5	6.86667	0.0518142	0.1589
414.0	6.86667	0.0477472	0.1179
418.5	6.86667	0.0438856	0.0955
423.0	6.86667	0.0446483	0.1062
427.5	6.86667	0.0439216	0.0919
432.0	6.86667	0.0439216	0.1107
436.5	6.86667	0.0436592	0.0953
441.0	6.86667	0.0749516	0.2019
445.5	6.86667	0.0743776	0.2222
-450.0	9.43333	0.0403971	0.109
-445.5	9.43333	0.0381286	0.1094
-441.0	9.43333	0.0333155	0.114
-436.5	9.43333	0.0328782	0.1241
-432.0	9.43333	0.0367905	0.1188
-427.5	9.43333	0.0297773	0.1373
-423.0	9.43333	0.03227	0.1072
-418.5	9.43333	0.0356198	0.1732
-414.0	9.43333	0.0372528	0.1611
-409.5	9.43333	0.0359438	0.1224
-405.0	9.43333	0.0384745	0.1206
-400.5	9.43333	0.0466332	0.1125
-396.0	9.43333	0.0398627	0.1065
-391.5	9.43333	0.0527024	0.1319
-387.0	9.43333	0.0499138	0.0872
-382.5	9.43333	0.0480676	0.1024
-378.0	9.43333	0.0650756	0.1065
-373.5	9.43333	0.0892281	0.1902
-369.0	9.43333	0.0782271	0.1585
-364.5	9.43333	0.073231	0.0846
-360.0	9.43333	0.0903053	0.1257
-355.5	9.43333	0.0926372	0.207
-351.0	9.43333	0.0811336	0.0939
-346.5	9.43333	0.0915083	0.1268
-342.0	9.43333	0.09785	0.106
-337.5	9.43333	0.117624	0.1258
-333.0	9.43333	0.119179	0.1523
-328.5	9.43333	0.0992881	0.0732
-324.0	9.43333	0.111767	0.0894
-319.5	9.43333	0.104491	0.0702
-315.0	9.43333	0.104458	0.0719
-310.5	9.43333	0.130993	0.0922
-306.0	9.43333	0.140974	0.1055
-301.5	9.43333	0.126785	0.0546
-297.0	9.43333	0.141961	0.0624
-292.5	9.43333	0.148712	0.0527
-288.0	9.43333	0.153552	0.0611
-283.5	9.43333	0.175167	0.0631
-279.0	9.43333	0.190078	0.0623
-274.5	9.43333	0.204558	0.0733
-270.0	9.43333	0.240137	0.0748
-265.5	9.43333	0.237094	0.0654
-261.0	9.43333	0.243303	0.0637
-256.5	9.43333	0.296929	0.0748
-252.0	9.43333	0.331634	0.0619
-247.5	9.43333	0.322287	0.0606
-243.0	9.43333	0.372992	0.0706
-238.5	9.43333	0.376589	0.0505
-234.0	9.43333	0.428959	0.052
-229.5	9.43333	0.504463	0.066
-225.0	9.43333	0.509198	0.0475
-220.5	9.43333	0.510459	0.0429
-216.0	9.43333	0.622783	0.0555
-211.5	9.43333	0.603024	0.0416
-207.0	9.43333	0.670183	0.0564
-202.5	9.43333	0.709889	0.0372
-198.0	9.43333	0.767875	0.05
-193.5	9.43333	0.871805	0.0528
-189.0	9.43333	0.87627	0.0407
-184.5	9.43333	0.990216	0.0382
-180.0	9.43333	1.08902	0.0476
-175.5	9.43333	1.04396	0.0298
-171.0	9.43333	1.27739	0.0457
-166.5	9.43333	1.40791	0.0623
-162.0	9.43333	1.34861	0.0325
-157.5	9.43333	1.48004	0.0358
-153.0	9.43333	1.60806	0.0388
-148.5	9.43333	1.8447	0.0387
-144.0	9.43333	1.83895	0.0426
-139.5	9.43333	2.02959	0.0326
-135.0	9.43333	2.25718	0.0461
-130.5	9.43333	2.33694	0.0363
-126.0	9.43333	2.41525	0.0322
-121.5	9.43333	2.70354	0.0377
-117.0	9.43333	2.94402	0.0385
-112.5	9.43333	2.77316	0.0262
-108.0	9.43333	2.96029	0.0295
-103.5	9.43333	3.32514	0.0341
-99.0	9.43333	3.27375	0.0266
-94.5	9.43333	3.6615	0.0376
-90.0	9.43333	3.87083	0.0385
-85.5	9.43333	4.05645	0.033
-81.0	9.43333	4.26855	0.0303
-76.5	9.43333	4.64028	0.0375
-72.0	9.43333	4.67278	0.0306
-67.5	9.43333	5.34018	0.0491
-63.0	9.43333	5.1977	0.0415
-58.5	9.43333	5.20123	0.0311
-54.0	9.43333	5.00756	0.0277
-49.5	9.43333	4.82	0.0265
-45.0	9.43333	5.34117	0.0404
-40.5	9.43333	4.76753	0.0265
-36.0	9.43333	4.90148	0.0327
-31.5	9.43333	5.22903	0.0357
-27.0	9.43333	4.91841	0.0316
-22.5	9.43333	4.9597	0.038
-18.0	9.43333	4.79911	0.0372
-13.5	9.43333	4.36072	0.0366
-9.0	9.43333	3.71987	0.0232
-4.5	9.43333	3.42836	0.0204
0.0	9.43333	3.5263	0.0293
4.5	9.43333	3.42866	0.0259
9.0	9.43333	6.61089	0.4773
13.5	9.43333	4.58947	0.044
18.0	9.43333	4.68517	0.0392
22.5	9.43333	4.74629	0.0355
27.0	9.43333	4.66832	0.0291
31.5	9.43333	4.93698	0.0355
36.0	9.43333	5.1048	0.0387
40.5	9.43333	4.80816	0.035
45.0	9.43333	4.84416	0.0357
49.5	9.43333	4.89361	0.0322
54.0	9.43333	4.73504	0.0305
58.5	9.43333	4.89029	0.0327
63.0	9.43333	4.7737	0.035
67.5	9.43333	4.56939	0.0333
72.0	9.43333	4.71054	0.0355
76.5	9.43333	4.4753	0.034
81.0	9.43333	4.31195	0.0313
85.5	9.43333	4.2001	0.0359
90.0	9.43333	3.95908	0.0323
94.5	9.43333	3.81031	0.0368
99.0	9.43333	3.73472	0.0427
103.5	9.43333	3.52104	0.0342
108.0	9.43333	3.52053	0.047
112.5	9.43333	3.25474	0.0394
117.0	9.43333	3.03732	0.0323
121.5	9.43333	2.91626	0.0326
126.0	9.43333	2.83254	0.0353
130.5	9.43333	2.94035	0.0806
135.0	9.43333	2.47323	0.0304
139.5	9.43333	2.50494	0.0593
144.0	9.43333	2.24962	0.0359
148.5	9.43333	1.92925	0.0303
153.0	9.43333	2.01032	0.0448
157.5	9.43333	1.82885	0.0409
162.0	9.43333	1.70797	0.045
166.5	9.43333	1.52111	0.0377
171.0	9.43333	1.42981	0.0447
175.5	9.43333	1.30123	0.0395
180.0	9.43333	1.22024	0.0477
184.5	9.43333	1.00698	0.0366
189.0	9.43333	0.951313	0.0468
193.5	9.43333	0.807046	0.0392
198.0	9.43333	0.826443	0.0639
202.5	9.43333	0.695414	0.0445
207.0	9.43333	0.617961	0.0603
211.5	9.43333	0.549905	0.0563
216.0	9.43333	0.46692	0.0451
220.5	9.43333	0.451993	0.0489
225.0	9.43333	0.377383	0.0427
229.5	9.43333	0.350554	0.056
234.0	9.43333	0.335466	0.0656
238.5	9.43333	0.307287	0.0787
243.0	9.43333	0.29931	0.0624
247.5	9.43333	0.238934	0.0451
252.0	9.43333	0.295774	0.1519
256.5	9.43333	0.214071	0.0698
261.0	9.43333	0.212353	0.0692
265.5	9.43333	0.196579	0.0667
270.0	9.43333	0.204092	0.089
274.5	9.43333	0.175303	0.0615
279.0	9.43333	0.171768	0.0644
283.5	9.43333	0.152289	0.0538
288.0	9.43333	0.166273	0.0673
292.5	9.43333	0.148212	0.0622
297.0	9.43333	0.150137	0.0634
301.5	9.43333	0.143633	0.076
306.0	9.43333	0.15916	0.0903
310.5	9.43333	0.160636	0.1231
315.0	9.43333	0.157502	0.1554
319.5	9.43333	0.115377	0.0886
324.0	9.43333	0.151296	0.1409
328.5	9.43333	0.162873	0.3194
333.0	9.43333	0.116275	0.1
337.5	9.43333	0.127556	0.0947
342.0	9.43333	0.111393	0.0847
346.5	9.43333	0.1559	0.1698
351.0	9.43333	0.114026	0.1009
355.5	9.43333	0.101981	0.1001
360.0	9.43333	0.131817	0.2392
364.5	9.43333	0.0798532	0.0764
369.0	9.43333	0.0942611	0.1207
373.5	9.43333	0.0848892	0.0844
378.0	9.43333	0.0772755	0.0878
382.5	9.43333	0.103238	0.1984
387.0	9.43333	0.10458	0.3276
391.5	9.43333	0.0773932	0.1518
396.0	9.43333	0.0675604	0.1205
400.5	9.43333	0.0701072	0.1657
405.0	9.43333	0.0858393	0.2416
409.5	9.43333	0.0585886	0.1366
414.0	9.43333	0.0522962	0.1438
418.5	9.43333	0.0431508	0.1206
423.0	9.43333	0.048744	0.1335
427.5	9.43333	0.0668791	0.2041
432.0	9.43333	0.0500983	0.1293
436.5	9.43333	0.0462996	0.1262
441.0	9.43333	0.04584	0.1326
445.5	9.43333	0.0623575	0.1299
-450.0	12.0	0.0495984	0.1866
-445.5	12.0	0.0365543	0.1431
-441.0	12.0	0.0422739	0.1082
-436.5	12.0	0.0838663	0.2871
-432.0	12.0	0.0314756	0.1237
-427.5	12.0	0.0248043	0.123
-423.0	12.0	0.032536	0.1001
-418.5	12.0	0.0330983	0.1032
-414.0	12.0	0.0371291	0.1339
-409.5	12.0	0.0345535	0.1215
-405.0	12.0	0.0465254	0.1417
-400.5	12.0	0.0511893	0.1531
-396.0	12.0	0.0476751	0.1211
-391.5	12.0	0.0581231	0.1049
-387.0	12.0	0.045918	0.0949
-382.5	12.0	0.0521376	0.0943
-378.0	12.0	0.0764589	0.1936
-373.5	12.0	0.0644871	0.1125
-369.0	12.0	0.0669889	0.0909
-364.5	12.0	0.0650524	0.092
-360.0	12.0	0.0717888	0.0843
-355.5	12.0	0.0671452	0.0699
-351.0	12.0	0.0812583	0.076
-346.5	12.0	0.0925486	0.0726
-342.0	12.0	0.0982	0.1448
-337.5	12.0	0.0937202	0.1012
-333.0	12.0	0.0881225	0.079
-328.5	12.0	0.102094	0.0976
-324.0	12.0	0.0910787	0.0593
-319.5	12.0	0.130066	0.0942
-315.0	12.0	0.114209	0.0827
-310.5	12.0	0.124493	0.0609
-306.0	12.0	0.127831	0.067
-301.5	12.0	0.161441	0.1091
-297.0	12.0	0.151153	0.0778
-292.5	12.0	0.169846	0.0714
-288.0	12.0	0.174366	0.0684
-283.5	12.0	0.190756	0.1158
-279.0	12.0	0.18144	0.0728
-274.5	12.0	0.178826	0.0508
-270.0	12.0	0.217186	0.0617
-265.5	12.0	0.235949	0.0871
-261.0	12.0	0.247184	0.0891
-256.5	12.0	0.333306	0.1431
-252.0	12.0	0.360129	0.1003
-247.5	12.0	0.353859	0.0613
-243.0	12.0	0.363787	0.0597
-238.5	12.0	0.40501	0.0698
-234.0	12.0	0.414275	0.066
-229.5	12.0	0.457708	0.0547
-225.0	12.0	0.460106	0.0554
-220.5	12.0	0.525829	0.0486
-216.0	12.0	0.569419	0.054
-211.5	12.0	0.618772	0.0492
-207.0	12.0	0.707518	0.0599
-202.5	12.0	0.700412	0.0461
-198.0	12.0	0.76815	0.0423
-193.5	12.0	0.847047	0.0407
-189.0	12.0	0.849473	0.0327
-184.5	12.0	0.964316	0.0453
-180.0	12.0	1.10508	0.0379
-175.5	12.0	1.21061	0.0499
-171.0	12.0	1.25565	0.0428
-166.5	12.0	1.37941	0.0497
-162.0	12.0	1.43021	0.0431
-157.5	12.0	1.53614	0.0374
-153.0	12.0	1.63623	0.0449
-148.5	12.0	1.77625	0.0364
-144.0	12.0	1.88227	0.0375
-139.5	12.0	2.06356	0.0386
-135.0	12.0	2.18007	0.0424
-130.5	12.0	2.20044	0.0326
-126.0	12.0	2.35268	0.029
-121.5	12.0	2.74056	0.0376
-117.0	12.0	2.66362	0.0336
-112.5	12.0	2.92574	0.0344
-108.0	12.0	3.12685	0.0365
-103.5	12.0	3.04867	0.0327
-99.0	12.0	3.33173	0.0326
-94.5	12.0	3.45132	0.033
-90.0	12.0	3.804	0.0324
-85.5	12.0	3.96223	0.0314
-81.0	12.0	4.42898	0.0409
-76.5	12.0	4.6198	0.0346
-72.0	12.0	4.91436	0.038
-67.5	12.0	4.99588	0.0435
-63.0	12.0	5.3446	0.0376
-58.5	12.0	4.99294	0.0325
-54.0	12.0	5.22212	0.0386
-49.5	12.0	4.90396	0.0309
-45.0	12.0	5.05902	0.038
-40.5	12.0	5.2846	0.0407
-36.0	12.0	5.27851	0.0344
-31.5	12.0	5.00284	0.0313
-27.0	12.0	4.74653	0.0282
-22.5	12.0	4.59226	0.0253
-18.0	12.0	5.08308	0.0582
-13.5	12.0	4.42709	0.0331
-9.0	12.0	3.87275	0.0372
-4.5	12.0	3.36655	0.021
0.0	12.0	3.3865	0.0253
4.5	12.0	3.57927	0.0393
9.0	12.0	3.68605	0.0273
13.5	12.0	4.27261	0.0321
18.0	12.0	4.83047	0.037
22.5	12.0	4.55027	0.035
27.0	12.0	4.61312	0.0293
31.5	12.0	4.8777	0.0333
36.0	12.0	4.70069	0.0288
40.5	12.0	4.97463	0.0335
45.0	12.0	4.83949	0.0354
49.5	12.0	4.86544	0.0396
54.0	12.0	5.1221	0.0365
58.5	12.0	4.71999	0.0334
63.0	12.0	4.70485	0.0339
67.5	12.0	5.01566	0.0407
72.0	12.0	4.33591	0.027
76.5	12.0	4.48093	0.0341
81.0	12.0	4.22182	0.0359
85.5	12.0	4.30608	0.0358
90.0	12.0	3.93167	0.031
94.5	12.0	4.06514	0.076
99.0	12.0	3.71315	0.0331
103.5	12.0	3.72272	0.0369
108.0	12.0	3.48465	0.0364
112.5	12.0	3.24187	0.0447
117.0	12.0	3.2048	0.0365
121.5	12.0	2.96043	0.0339
126.0	12.0	2.82196	0.0364
130.5	12.0	2.49467	0.0302
135.0	12.0	2.48	0.0347
139.5	12.0	2.29042	0.0371
144.0	12.0	2.1187	0.0311
148.5	12.0	2.11318	0.0393
153.0	12.0	1.77024	0.0317
157.5	12.0	1.79902	0.0404
162.0	12.0	1.68754	0.039
166.5	12.0	1.54294	0.0519
171.0	12.0	1.44795	0.0503
175.5	12.0	1.23693	0.0344
180.0	12.0	1.2071	0.0542
184.5	12.0	1.10779	0.049
189.0	12.0	0.920747	0.0494
193.5	12.0	0.732008	0.0352
198.0	12.0	0.781103	0.0534
202.5	12.0	0.682797	0.0502
207.0	12.0	0.6576	0.0597
211.5	12.0	0.473829	0.0365
216.0	12.0	0.49654	0.0443
220.5	12.0	0.447456	0.0508
225.0	12.0	0.430966	0.0507
229.5	12.0	0.336764	0.0446
234.0	12.0	0.346593	0.0669
238.5	12.0	0.306998	0.0666
243.0	12.0	0.30226	0.0705
247.5	12.0	0.292389	0.0829
252.0	12.0	0.231036	0.0446
256.5	12.0	0.224697	0.0785
261.0	12.0	0.207122	0.0711
265.5	12.0	0.206826	0.0753
270.0	12.0	0.415751	0.5521
274.5	12.0	0.17714	0.0729
279.0	12.0	0.170071	0.0727
283.5	12.0	0.16134	0.082
288.0	12.0	0.159085	0.0776
292.5	12.0	0.158652	0.1291
297.0	12.0	0.148795	0.0696
301.5	12.0	0.161647	0.1124
306.0	12.0	0.170481	0.1202
310.5	12.0	0.153647	0.101
315.0	12.0	0.119931	0.0599
319.5	12.0	0.125197	0.0924
324.0	12.0	0.124456	0.0865
328.5	12.0	0.116333	0.0853
333.0	12.0	0.125063	0.1074
337.5	12.0	0.112237	0.0893
342.0	12.0	0.115207	0.1545
346.5	12.0	0.121501	0.1527
351.0	12.0	0.127305	0.1756
355.5	12.0	0.115292	0.1674
360.0	12.0	0.088998	0.0866
364.5	12.0	0.103854	0.131
369.0	12.0	0.0849224	0.0913
373.5	12.0	0.0899919	0.1182
378.0	12.0	0.0835452	0.119
382.5	12.0	0.0801301	0.1098
387.0	12.0	0.0782161	0.2373
391.5	12.0	0.0590999	0.1102
396.0	12.0	0.0854536	0.1992
400.5	12.0	0.065741	0.1659
405.0	12.0	0.0587254	0.209
409.5	12.0	0.0532877	0.1734
414.0	12.0	0.0381264	0.0948
418.5	12.0	0.0476412	0.1835
423.0	12.0	0.038578	0.0889
427.5	12.0	0.0503702	0.1019
432.0	12.0	0.0550708	0.2175
436.5	12.0	0.0456495	0.1137
441.0	12.0	0.0668256	0.2287
445.5	12.0	0.090533	0.3024
-450.0	14.5667	0.0814432	0.4375
-445.5	14.5667	0.0449871	0.1225
-441.0	14.5667	0.0385204	0.1336
-436.5	14.5667	0.0547955	0.3029
-432.0	14.5667	0.0430391	0.1512
-427.5	14.5667	0.0296811	0.1321
-423.0	14.5667	0.0195557	0.1127
-418.5	14.5667	0.0376868	0.1405
-414.0	14.5667	0.0352477	0.1796
-409.5	14.5667	0.0377044	0.1182
-405.0	14.5667	0.0411124	0.1356
-400.5	14.5667	0.0954555	0.2817
-396.0	14.5667	0.0503558	0.15
-391.5	14.5667	0.0464864	0.0973
-387.0	14.5667	0.0558151	0.1422
-382.5	14.5667	0.0508779	0.1063
-378.0	14.5667	0.057473	0.1283
-373.5	14.5667	0.0545145	0.0796
-369.0	14.5667	0.0705756	0.1067
-364.5	14.5667	0.0641694	0.0804
-360.0	14.5667	0.0667028	0.0731
-355.5	14.5667	0.0920735	0.1759
-351.0	14.5667	0.0776473	0.0712
-346.5	14.5667	0.109624	0.1839
-342.0	14.5667	0.0877593	0.1115
-337.5	14.5667	0.120965	0.1884
-333.0	14.5667	0.100263	0.0949
-328.5	14.5667	0.10706	0.0832
-324.0	14.5667	0.105409	0.0816
-319.5	14.5667	0.118859	0.0716
-315.0	14.5667	0.122416	0.0695
-310.5	14.5667	0.124311	0.0735
-306.0	14.5667	0.131381	0.0722
-301.5	14.5667	0.119713	0.0634
-297.0	14.5667	0.134462	0.0712
-292.5	14.5667	0.146466	0.0619
-288.0	14.5667	0.155014	0.0613
-283.5	14.5667	0.17491	0.0767
-279.0	14.5667	0.192799	0.0823
-274.5	14.5667	0.204369	0.0641
-270.0	14.5667	0.212087	0.0489
-265.5	14.5667	0.238942	0.0516
-261.0	14.5667	0.281529	0.0726
-256.5	14.5667	0.268235	0.0505
-252.0	14.5667	0.353875	0.0932
-247.5	14.5667	0.30685	0.047
-243.0	14.5667	0.364089	0.0647
-238.5	14.5667	0.365083	0.0456
-234.0	14.5667	0.393971	0.0428
-229.5	14.5667	0.448816	0.0482
-225.0	14.5667	0.496318	0.045
-220.5	14.5667	0.499099	0.0412
-216.0	14.5667	0.602924	0.0551
-211.5	14.5667	0.602684	0.0583
-207.0	14.5667	0.62954	0.0379
-202.5	14.5667	0.773927	0.0476
-198.0	14.5667	0.761244	0.0409
-193.5	14.5667	0.851002	0.0487
-189.0	14.5667	0.882179	0.0363
-184.5	14.5667	0.978216	0.0382
-180.0	14.5667	1.04674	0.0395
-175.5	14.5667	1.21806	0.0458
-171.0	14.5667	1.23363	0.0411
-166.5	14.5667	1.34656	0.0415
-162.0	14.5667	1.36152	0.0353
-157.5	14.5667	1.47163	0.0456
-153.0	14.5667	1.6746	0.0327
-148.5	14.5667	1.74623	0.042
-144.0	14.5667	1.82476	0.0325
-139.5	14.5667	2.119	0.0363
-135.0	14.5667	2.12061	0.0342
-130.5	14.5667	2.08211	0.0263
-126.0	14.5667	2.33958	0.028
-121.5	14.5667	2.57456	0.0401
-117.0	14.5667	2.79888	0.0392
-112.5	14.5667	2.69979	0.0279
-108.0	14.5667	3.0166	0.0338
-103.5	14.5667	3.1954	0.0325
-99.0	14.5667	3.27427	0.0313
-94.5	14.5667	3.72834	0.0356
-90.0	14.5667	3.89125	0.0328
-85.5	14.5667	3.88378	0.0304
-81.0	14.5667	4.27584	0.034
-76.5	14.5667	4.65131	0.0348
-72.0	14.5667	4.70084	0.0351
-67.5	14.5667	5.05976	0.0366
-63.0	14.5667	4.72471	0.0342
-58.5	14.5667	4.88585	0.0304
-54.0	14.5667	4.9578	0.0305
-49.5	14.5667	5.05939	0.0283
-45.0	14.5667	5.06139	0.0326
-40.5	14.5667	5.01334	0.034
-36.0	14.5667	5.15947	0.0358
-31.5	14.5667	5.31469	0.0337
-27.0	14.5667	5.06451	0.0337
-22.5	14.5667	4.85454	0.034
-18.0	14.5667	4.92397	0.0396
-13.5	14.5667	4.61294	0.0335
-9.0	14.5667	3.54047	0.0234
-4.5	14.5667	3.84803	0.0736
0.0	14.5667	3.41643	0.0258
4.5	14.5667	3.40846	0.0302
9.0	14.5667	3.61903	0.0265
13.5	14.5667	4.61376	0.0362
18.0	14.5667	4.39394	0.0302
22.5	14.5667	4.80641	0.0384
27.0	14.5667	4.96199	0.0378
31.5	14.5667	4.9745	0.0405
36.0	14.5667	4.9631	0.0339
40.5	14.5667	4.78322	0.0346
45.0	14.5667	4.80643	0.0348
49.5	14.5667	4.83351	0.0378
54.0	14.5667	4.71533	0.0315
58.5	14.5667	4.50877	0.0326
63.0	14.5667	4.43544	0.0288
67.5	14.5667	4.4325	0.0316
72.0	14.5667	4.2986	0.0343
76.5	14.5667	4.40501	0.0342
81.0	14.5667	4.31392	0.0333
85.5	14.5667	4.01302	0.0324
90.0	14.5667	3.85187	0.0335
94.5	14.5667	3.80556	0.0355
99.0	14.5667	4.18867	0.1482
103.5	14.5667	3.3279	0.0351
108.0	14.5667	3.23464	0.0269
112.5	14.5667	3.22436	0.0412
117.0	14.5667	2.9674	0.0322
121.5	14.5667	2.76938	0.0361
126.0	14.5667	2.74374	0.0395
130.5	14.5667	2.636	0.0342
135.0	14.5667	2.32892	0.0316
139.5	14.5667	2.24637	0.0378
144.0	14.5667	2.13839	0.0345
148.5	14.5667	2.04707	0.0335
153.0	14.5667	1.95948	0.0416
157.5	14.5667	1.77699	0.0359
162.0	14.5667	1.61325	0.0367
166.5	14.5667	1.66076	0.0508
171.0	14.5667	1.4305	0.0475
175.5	14.5667	1.32657	0.0519
180.0	14.5667	1.27368	0.0515
184.5	14.5667	1.08513	0.0472
189.0	14.5667	0.905628	0.0364
193.5	14.5667	0.834109	0.0622
198.0	14.5667	0.754928	0.051
202.5	14.5667	0.715466	0.0567
207.0	14.5667	0.594516	0.0447
211.5	14.5667	0.533357	0.042
216.0	14.5667	0.523483	0.0474
220.5	14.5667	0.454741	0.059
225.0	14.5667	0.415986	0.0652
229.5	14.5667	0.367542	0.0493
234.0	14.5667	0.324531	0.0591
238.5	14.5667	0.327816	0.081
243.0	14.5667	0.275045	0.0424
247.5	14.5667	0.288788	0.1011
252.0	14.5667	0.255532	0.1061
256.5	14.5667	0.227536	0.0731
261.0	14.5667	0.267105	0.1137
265.5	14.5667	0.206062	0.1153
270.0	14.5667	0.201312	0.0771
274.5	14.5667	0.183288	0.0683
279.0	14.5667	0.15854	0.0741
283.5	14.5667	0.170904	0.0796
288.0	14.5667	0.15449	0.0744
292.5	14.5667	0.15072	0.0615
297.0	14.5667	0.148192	0.0806
301.5	14.5667	0.138267	0.09
306.0	14.5667	0.15487	0.1069
310.5	14.5667	0.147908	0.1262
315.0	14.5667	0.129666	0.0838
319.5	14.5667	0.139268	0.1436
324.0	14.5667	0.147588	0.1329
328.5	14.5667	0.120417	0.0952
333.0	14.5667	0.113429	0.0745
337.5	14.5667	0.129847	0.1211
342.0	14.5667	0.13717	0.1183
346.5	14.5667	0.113197	0.0706
351.0	14.5667	0.0918105	0.0819
355.5	14.5667	0.11676	0.2142
360.0	14.5667	0.0951315	0.1204
364.5	14.5667	0.0930807	0.0987
369.0	14.5667	0.110693	0.2552
373.5	14.5667	0.0849772	0.0957
378.0	14.5667	0.0730435	0.0855
382.5	14.5667	0.0787099	0.0801
387.0	14.5667	0.08769	0.2804
391.5	14.5667	0.0676602	0.106
396.0	14.5667	0.0660875	0.1399
400.5	14.5667	0.0670005	0.0973
405.0	14.5667	0.0505697	0.0858
409.5	14.5667	0.0551736	0.1356
414.0	14.5667	0.0445397	0.1059
418.5	14.5667	0.0570131	0.1732
423.0	14.5667	0.0618786	0.1812
427.5	14.5667	0.0436654	0.1381
432.0	14.5667	0.0461979	0.1195
436.5	14.5667	0.0479254	0.1257
441.0	14.5667	0.119355	0.2756
445.5	14.5667	0.0524844	0.0999
-450.0	17.1333	0.038476	0.1116
-445.5	17.1333	0.039869	0.1445
-441.0	17.1333	0.0369345	0.1357
-436.5	17.1333	0.0338988	0.1041
-432.0	17.1333	0.0318153	0.1147
-427.5	17.1333	0.0236041	0.1087
-423.0	17.1333	0.0315142	0.1089
-418.5	17.1333	0.0404391	0.1593
-414.0	17.1333	0.0435435	0.1354
-409.5	17.1333	0.0372798	0.1039
-405.0	17.1333	0.0439825	0.1444
-400.5	17.1333	0.0441972	0.1837
-396.0	17.1333	0.0324739	0.0937
-391.5	17.1333	0.0441282	0.0998
-387.0	17.1333	0.0929964	0.2787
-382.5	17.1333	0.0595998	0.1113
-378.0	17.1333	0.0545152	0.1235
-373.5	17.1333	0.0736115	0.2465
-369.0	17.1333	0.0776646	0.2099
-364.5	17.1333	0.0972329	0.2413
-360.0	17.1333	0.0741374	0.1299
-355.5	17.1333	0.0756937	0.0801
-351.0	17.1333	0.0772341	0.0941
-346.5	17.1333	0.0841685	0.0747
-342.0	17.1333	0.120843	0.2875
-337.5	17.1333	0.108618	0.114
-333.0	17.1333	0.0982216	0.0901
-328.5	17.1333	0.124061	0.1407
-324.0	17.1333	0.103415	0.0719
-319.5	17.1333	0.11116	0.0676
-315.0	17.1333	0.100176	0.0671
-310.5	17.1333	0.106797	0.0558
-306.0	17.1333	0.130427	0.0897
-301.5	17.1333	0.164563	0.1337
-297.0	17.1333	0.16533	0.0917
-292.5	17.1333	0.159287	0.0859
-288.0	17.1333	0.178134	0.0802
-283.5	17.1333	0.182889	0.0593
-279.0	17.1333	0.194436	0.0782
-274.5	17.1333	0.185741	0.056
-270.0	17.1333	0.226998	0.0681
-265.5	17.1333	0.268014	0.0782
-261.0	17.1333	0.259073	0.0522
-256.5	17.1333	0.263222	0.0514
-252.0	17.1333	0.323294	0.0645
-247.5	17.1333	0.359945	0.0754
-243.0	17.1333	0.341656	0.0507
-238.5	17.1333	0.394499	0.0541
-234.0	17.1333	0.417049	0.0515
-229.5	17.1333	0.480343	0.0727
-225.0	17.1333	0.52394	0.0681
-220.5	17.1333	0.539196	0.0631
-216.0	17.1333	0.535459	0.0396
-211.5	17.1333	0.636436	0.0543
-207.0	17.1333	0.696716	0.0457
-202.5	17.1333	0.69875	0.0495
-198.0	17.1333	0.764986	0.0383
-193.5	17.1333	0.842717	0.052
-189.0	17.1333	0.889025	0.0486
-184.5	17.1333	0.908887	0.0391
-180.0	17.1333	1.02714	0.0415
-175.5	17.1333	1.14323	0.0435
-171.0	17.1333	1.2804	0.0423
-166.5	17.1333	1.30558	0.0409
-162.0	17.1333	1.46141	0.0457
-157.5	17.1333	1.43926	0.0331
-153.0	17.1333	1.61552	0.0394
-148.5	17.1333	1.85697	0.0374
-144.0	17.1333	1.74407	0.0301
-139.5	17.1333	1.98948	0.0332
-135.0	17.1333	2.22215	0.0403
-130.5	17.1333	2.2689	0.0322
-126.0	17.1333	2.31585	0.0311
-121.5	17.1333	2.56972	0.0363
-117.0	17.1333	2.72956	0.0404
-112.5	17.1333	2.81893	0.0342
-108.0	17.1333	2.91093	0.0269
-103.5	17.1333	3.28731	0.0325
-99.0	17.1333	3.3816	0.0336
-94.5	17.1333	3.7499	0.0381
-90.0	17.1333	3.71855	0.0324
-85.5	17.1333	3.71752	0.0266
-81.0	17.1333	4.1235	0.0323
-76.5	17.1333	4.41654	0.0349
-72.0	17.1333	4.56229	0.0365
-67.5	17.1333	4.73359	0.0316
-63.0	17.1333	5.03516	0.0352
-58.5	17.1333	5.32699	0.0978
-54.0	17.1333	4.8744	0.0325
-49.5	17.1333	5.23708	0.0396
-45.0	17.1333	5.10323	0.0343
-40.5	17.1333	5.35219	0.0449
-36.0	17.1333	5.11422	0.0341
-31.5	17.1333	4.81285	0.0262
-27.0	17.1333	5.20153	0.0333
-22.5	17.1333	4.36033	0.0244
-18.0	17.1333	4.82695	0.0352
-13.5	17.1333	4.35868	0.0352
-9.0	17.1333	3.67061	0.0333
-4.5	17.1333	3.49003	0.0224
0.0	17.1333	3.44773	0.0301
4.5	17.1333	3.52241	0.0262
9.0	17.1333	3.64176	0.0288
13.5	17.1333	4.6649	0.0373
18.0	17.1333	4.73268	0.0436
22.5	17.1333	4.6392	0.0343
27.0	17.1333	4.67628	0.0301
31.5	17.1333	4.83312	0.0306
36.0	17.1333	4.88524	0.0292
40.5	17.1333	4.42724	0.023
45.0	17.1333	4.73311	0.0281
49.5	17.1333	4.60251	0.0332
54.0	17.1333	4.95897	0.0383
58.5	17.1333	4.60662	0.0336
63.0	17.1333	4.44516	0.026
67.5	17.1333	4.56105	0.0331
72.0	17.1333	4.58011	0.0341
76.5	17.1333	4.1229	0.0274
81.0	17.1333	4.31986	0.0395
85.5	17.1333	3.87954	0.0265
90.0	17.1333	3.90163	0.031
94.5	17.1333	3.80419	0.0302
99.0	17.1333	3.48046	0.0282
103.5	17.1333	4.07473	0.1358
108.0	17.1333	3.61524	0.0619
112.5	17.1333	3.26512	0.0396
117.0	17.1333	2.988	0.0298
121.5	17.1333	2.86591	0.0309
126.0	17.1333	2.78504	0.0305
130.5	17.1333	2.54927	0.0381
135.0	17.1333	2.38209	0.0293
139.5	17.1333	2.25734	0.0417
144.0	17.1333	2.14845	0.0344
148.5	17.1333	2.03271	0.0366
153.0	17.1333	1.88013	0.0447
157.5	17.1333	1.71049	0.0386
162.0	17.1333	1.67574	0.0377
166.5	17.1333	1.52153	0.0404
171.0	17.1333	1.46717	0.0409
175.5	17.1333	1.40029	0.0589
180.0	17.1333	1.19335	0.0527
184.5	17.1333	1.00974	0.037
189.0	17.1333	0.91221	0.0438
193.5	17.1333	0.822677	0.0385
198.0	17.1333	0.785534	0.0519
202.5	17.1333	0.688449	0.053
207.0	17.1333	0.581427	0.0446
211.5	17.1333	0.554413	0.0442
216.0	17.1333	0.487624	0.0422
220.5	17.1333	0.429564	0.0453
225.0	17.1333	0.408854	0.0712
229.5	17.1333	0.394944	0.1045
234.0	17.1333	0.336766	0.0643
238.5	17.1333	0.315238	0.0634
243.0	17.1333	0.3287	0.0736
247.5	17.1333	0.254727	0.0693
252.0	17.1333	0.243791	0.064
256.5	17.1333	0.225538	0.0734
261.0	17.1333	0.231932	0.1119
265.5	17.1333	0.181503	0.0604
270.0	17.1333	0.200857	0.1193
274.5	17.1333	0.187752	0.0986
279.0	17.1333	0.162068	0.0679
283.5	17.1333	0.15508	0.067
288.0	17.1333	0.166831	0.099
292.5	17.1333	0.175245	0.1071
297.0	17.1333	0.170079	0.2443
301.5	17.1333	0.13149	0.0717
306.0	17.1333	0.134817	0.0745
310.5	17.1333	0.146061	0.1294
315.0	17.1333	0.15532	0.1279
319.5	17.1333	0.1913	0.1606
324.0	17.1333	0.132156	0.1138
328.5	17.1333	0.140437	0.1246
333.0	17.1333	0.0999611	0.0607
337.5	17.1333	0.117317	0.0746
342.0	17.1333	0.110987	0.1281
346.5	17.1333	0.110135	0.1185
351.0	17.1333	0.108572	0.0911
355.5	17.1333	0.136657	0.1794
360.0	17.1333	0.119213	0.1703
364.5	17.1333	0.0962173	0.1054
369.0	17.1333	0.0908888	0.1201
373.5	17.1333	0.0787347	0.126
378.0	17.1333	0.087079	0.1411
382.5	17.1333	0.0838447	0.1178
387.0	17.1333	0.10183	0.2024
391.5	17.1333	0.0742061	0.1113
396.0	17.1333	0.0621509	0.1129
400.5	17.1333	0.0793153	0.2
405.0	17.1333	0.082948	0.2287
409.5	17.1333	0.0563483	0.1225
414.0	17.1333	0.0369208	0.0926
418.5	17.1333	0.0491944	0.0911
423.0	17.1333	0.0453777	0.1131
427.5	17.1333	0.0522415	0.2053
432.0	17.1333	0.0728393	0.332
436.5	17.1333	0.0460683	0.1541
441.0	17.1333	0.065707	0.1384
445.5	17.1333	0.0499243	0.1222
-450.0	19.7	0.0480459	0.1427
-445.5	19.7	0.0627516	0.2138
-441.0	19.7	0.0308499	0.1013
-436.5	19.7	0.0325603	0.0998
-432.0	19.7	0.0321823	0.1184
-427.5	19.7	0.0297125	0.1246
-423.0	19.7	0.0461222	0.3354
-418.5	19.7	0.0332337	0.1115
-414.0	19.7	0.0436637	0.1952
-409.5	19.7	0.0491878	0.1542
-405.0	19.7	0.0646959	0.2675
-400.5	19.7	0.0387084	0.1001
-396.0	19.7	0.0498841	0.1937
-391.5	19.7	0.0474188	0.1364
-387.0	19.7	0.0494789	0.0908
-382.5	19.7	0.0551256	0.0834
-378.0	19.7	0.0956823	0.35
-373.5	19.7	0.0579529	0.0857
-369.0	19.7	0.0697207	0.114
-364.5	19.7	0.0712848	0.0829
-360.0	19.7	0.0994154	0.281
-355.5	19.7	0.0807501	0.1488
-351.0	19.7	0.0829328	0.1337
-346.5	19.7	0.071117	0.076
-342.0	19.7	0.0818101	0.0814
-337.5	19.7	0.0778324	0.0803
-333.0	19.7	0.086587	0.0687
-328.5	19.7	0.131819	0.2354
-324.0	19.7	0.112027	0.0658
-319.5	19.7	0.0992114	0.0802
-315.0	19.7	0.137545	0.0774
-310.5	19.7	0.112633	0.0646
-306.0	19.7	0.138302	0.1108
-301.5	19.7	0.128223	0.0618
-297.0	19.7	0.147328	0.1035
-292.5	19.7	0.152057	0.0524
-288.0	19.7	0.160556	0.0624
-283.5	19.7	0.196724	0.1168
-279.0	19.7	0.192497	0.1436
-274.5	19.7	0.180762	0.0613
-270.0	19.7	0.205872	0.0532
-265.5	19.7	0.258322	0.0729
-261.0	19.7	0.268877	0.0557
-256.5	19.7	0.294582	0.0561
-252.0	19.7	0.315875	0.0713
-247.5	19.7	0.308	0.0573
-243.0	19.7	0.324604	0.048
-238.5	19.7	0.361416	0.043
-234.0	19.7	0.398096	0.0461
-229.5	19.7	0.417807	0.0459
-225.0	19.7	0.473923	0.0466
-220.5	19.7	0.517466	0.0527
-216.0	19.7	0.611195	0.0487
-211.5	19.7	0.667731	0.0524
-207.0	19.7	0.680181	0.0491
-202.5	19.7	0.670865	0.0388
-198.0	19.7	0.763317	0.0517
-193.5	19.7	0.814972	0.0374
-189.0	19.7	0.855579	0.0366
-184.5	19.7	0.970786	0.0412
-180.0	19.7	0.984878	0.0363
-175.5	19.7	1.12687	0.0365
-171.0	19.7	1.28522	0.0533
-166.5	19.7	1.25571	0.0337
-162.0	19.7	1.3741	0.035
-157.5	19.7	1.5215	0.0351
-153.0	19.7	1.6375	0.0386
-148.5	19.7	1.81762	0.0469
-144.0	19.7	1.99927	0.0456
-139.5	19.7	2.07259	0.0342
-135.0	19.7	2.08332	0.0359
-130.5	19.7	2.17429	0.031
-126.0	19.7	2.35599	0.0418
-121.5	19.7	2.60473	0.0337
-117.0	19.7	2.55564	0.0294
-112.5	19.7	2.93267	0.0374
-108.0	19.7	2.83009	0.0296
-103.5	19.7	3.09336	0.032
-99.0	19.7	3.23913	0.0355
-94.5	19.7	3.61235	0.0386
-90.0	19.7	3.6141	0.0289
-85.5	19.7	3.79856	0.0281
-81.0	19.7	4.31182	0.032
-76.5	19.7	4.53553	0.0403
-72.0	19.7	4.48292	0.03
-67.5	19.7	4.71521	0.0335
-63.0	19.7	5.25136	0.0438
-58.5	19.7	4.73774	0.0315
-54.0	19.7	4.90244	0.0359
-49.5	19.7	5.05466	0.0326
-45.0	19.7	4.68639	0.0263
-40.5	19.7	4.97221	0.0305
-36.0	19.7	5.23467	0.0412
-31.5	19.7	4.99695	0.0342
-27.0	19.7	4.83223	0.0263
-22.5	19.7	4.7604	0.0363
-18.0	19.7	4.8175	0.0388
-13.5	19.7	5.14886	0.1532
-9.0	19.7	3.60906	0.0297
-4.5	19.7	3.40138	0.0234
0.0	19.7	3.43103	0.0241
4.5	19.7	3.39294	0.0244
9.0	19.7	3.60873	0.0356
13.5	19.7	4.64	0.0434
18.0	19.7	4.55865	0.0402
22.5	19.7	4.57962	0.0293
27.0	19.7	5.09904	0.0378
31.5	19.7	4.67389	0.0289
36.0	19.7	4.79968	0.0356
40.5	19.7	5.11965	0.0444
45.0	19.7	4.49179	0.0323
49.5	19.7	4.73485	0.029
54.0	19.7	4.50355	0.0332
58.5	19.7	4.8294	0.0349
63.0	19.7	4.61684	0.0339
67.5	19.7	4.81811	0.0343
72.0	19.7	4.46923	0.0412
76.5	19.7	4.06953	0.0268
81.0	19.7	4.08781	0.0339
85.5	19.7	3.92928	0.0309
90.0	19.7	3.6187	0.0263
94.5	19.7	3.75836	0.0422
99.0	19.7	3.61163	0.04
103.5	19.7	3.58127	0.0345
108.0	19.7	3.44323	0.0459
112.5	19.7	3.02727	0.0305
117.0	19.7	3.12455	0.0383
121.5	19.7	2.99151	0.0443
126.0	19.7	2.54523	0.0326
130.5	19.7	2.39407	0.0323
135.0	19.7	2.39162	0.0313
139.5	19.7	2.29806	0.0329
144.0	19.7	2.20391	0.0388
148.5	19.7	1.9049	0.035
153.0	19.7	1.91233	0.0372
157.5	19.7	1.72195	0.0339
162.0	19.7	1.5182	0.0348
166.5	19.7	1.62055	0.0438
171.0	19.7	1.50705	0.0457
175.5	19.7	1.32862	0.053
180.0	19.7	1.19399	0.0503
184.5	19.7	1.14392	0.0547
189.0	19.7	0.987704	0.0641
193.5	19.7	0.808107	0.0462
198.0	19.7	0.77275	0.0434
202.5	19.7	0.686311	0.0558
207.0	19.7	0.603289	0.0479
211.5	19.7	0.532197	0.045
216.0	19.7	0.460236	0.0456
220.5	19.7	0.441884	0.0655
225.0	19.7	0.412447	0.0576
229.5	19.7	0.394792	0.0817
234.0	19.7	0.335812	0.0622
238.5	19.7	0.298847	0.0512
243.0	19.7	0.292078	0.0574
247.5	19.7	0.263702	0.0536
252.0	19.7	0.267303	0.1155
256.5	19.7	0.233917	0.0603
261.0	19.7	0.202917	0.108
265.5	19.7	0.189768	0.0826
270.0	19.7	0.171933	0.0771
274.5	19.7	0.165026	0.0988
279.0	19.7	0.184771	0.0988
283.5	19.7	0.155382	0.0546
288.0	19.7	0.164001	0.104
292.5	19.7	0.161544	0.0905
297.0	19.7	0.158648	0.0749
301.5	19.7	0.141947	0.084
306.0	19.7	0.13176	0.0723
310.5	19.7	0.151489	0.1055
315.0	19.7	0.153004	0.1093
319.5	19.7	0.131188	0.0953
324.0	19.7	0.137802	0.1207
328.5	19.7	0.156937	0.1823
333.0	19.7	0.112949	0.0717
337.5	19.7	0.149132	0.1866
342.0	19.7	0.130907	0.2237
346.5	19.7	0.106117	0.111
351.0	19.7	0.0970955	0.0998
355.5	19.7	0.105941	0.1103
360.0	19.7	0.113318	0.1605
364.5	19.7	0.081211	0.0722
369.0	19.7	0.0869545	0.0952
373.5	19.7	0.105634	0.169
378.0	19.7	0.0748156	0.0813
382.5	19.7	0.0842786	0.0906
387.0	19.7	0.0748227	0.136
391.5	19.7	0.0783923	0.1586
396.0	19.7	0.0996655	0.2276
400.5	19.7	0.0658306	0.1337
405.0	19.7	0.0722722	0.2367
409.5	19.7	0.0497327	0.1077
414.0	19.7	0.0436074	0.0935
418.5	19.7	0.0541772	0.1709
423.0	19.7	0.057579	0.1717
427.5	19.7	0.0453679	0.1509
432.0	19.7	0.054933	0.1235
436.5	19.7	0.0746369	0.2843
441.0	19.7	0.0515401	0.1208
445.5	19.7	0.0706631	0.3115
-450.0	22.2667	0.047805	0.1996
-445.5	22.2667	0.0446881	0.2156
-441.0	22.2667	0.0577545	0.24
-436.5	22.2667	0.0388295	0.1382
-432.0	22.2667	0.0409483	0.2249
-427.5	22.2667	0.0278378	0.1296
-423.0	22.2667	0.0354314	0.1531
-418.5	22.2667	0.0366209	0.1262
-414.0	22.2667	0.0363145	0.1168
-409.5	22.2667	0.0400959	0.1186
-405.0	22.2667	0.0392043	0.1358
-400.5	22.2667	0.044578	0.1033
-396.0	22.2667	0.0525148	0.1201
-391.5	22.2667	0.0566588	0.1253
-387.0	22.2667	0.058504	0.1124
-382.5	22.2667	0.0773721	0.139
-378.0	22.2667	0.0719933	0.1548
-373.5	22.2667	0.0655381	0.095
-369.0	22.2667	0.0833646	0.1236
-364.5	22.2667	0.0854645	0.1282
-360.0	22.2667	0.0837805	0.1331
-355.5	22.2667	0.0836484	0.0916
-351.0	22.2667	0.0867288	0.0977
-346.5	22.2667	0.0784323	0.075
-342.0	22.2667	0.0935877	0.0985
-337.5	22.2667	0.155705	0.2475
-333.0	22.2667	0.0925639	0.0756
-328.5	22.2667	0.118856	0.1144
-324.0	22.2667	0.127068	0.1397
-319.5	22.2667	0.103301	0.0706
-315.0	22.2667	0.119299	0.0836
-310.5	22.2667	0.148771	0.0839
-306.0	22.2667	0.126582	0.0734
-301.5	22.2667	0.129048	0.0683
-297.0	22.2667	0.172284	0.1827
-292.5	22.2667	0.179958	0.1247
-288.0	22.2667	0.166949	0.0621
-283.5	22.2667	0.184044	0.0592
-279.0	22.2667	0.268971	0.1589
-274.5	22.2667	0.205146	0.0657
-270.0	22.2667	0.220427	0.08
-265.5	22.2667	0.239422	0.0716
-261.0	22.2667	0.249006	0.0585
-256.5	22.2667	0.288727	0.0616
-252.0	22.2667	0.299915	0.0536
-247.5	22.2667	0.342715	0.0575
-243.0	22.2667	0.373369	0.0477
-238.5	22.2667	0.359916	0.0487
-234.0	22.2667	0.358883	0.0423
-229.5	22.2667	0.437975	0.0504
-225.0	22.2667	0.516328	0.0656
-220.5	22.2667	0.495086	0.0425
-216.0	22.2667	0.592189	0.0588
-211.5	22.2667	0.584285	0.043
-207.0	22.2667	0.668156	0.0482
-202.5	22.2667	0.772359	0.0547
-198.0	22.2667	0.726723	0.0447
-193.5	22.2667	0.801716	0.042
-189.0	22.2667	0.909138	0.0438
-184.5	22.2667	0.898393	0.0351
-180.0	22.2667	0.989162	0.0336
-175.5	22.2667	1.10226	0.0373
-171.0	22.2667	1.12143	0.0399
-166.5	22.2667	1.24075	0.041
-162.0	22.2667	1.26273	0.0293
-157.5	22.2667	1.51211	0.0442
-153.0	22.2667	1.66765	0.0397
-148.5	22.2667	1.70338	0.0337
-144.0	22.2667	1.84074	0.0332
-139.5	22.2667	1.87359	0.0368
-135.0	22.2667	2.01839	0.0418
-130.5	22.2667	2.19981	0.0317
-126.0	22.2667	2.42053	0.0391
-121.5	22.2667	2.62669	0.0328
-117.0	22.2667	2.57967	0.0333
-112.5	22.2667	2.88019	0.0351
-108.0	22.2667	2.99907	0.0307
-103.5	22.2667	3.30205	0.0355
-99.0	22.2667	3.3359	0.0393
-94.5	22.2667	3.63019	0.0349
-90.0	22.2667	3.6415	0.0313
-85.5	22.2667	3.7182	0.0274
-81.0	22.2667	4.27287	0.0341
-76.5	22.2667	4.17648	0.0301
-72.0	22.2667	4.44583	0.0329
-67.5	22.2667	4.55609	0.0277
-63.0	22.2667	4.98282	0.0395
-58.5	22.2667	4.86883	0.03
-54.0	22.2667	4.68277	0.028
-49.5	22.2667	4.96401	0.0371
-45.0	22.2667	4.88549	0.0321
-40.5	22.2667	4.83503	0.0321
-36.0	22.2667	5.35313	0.0433
-31.5	22.2667	4.89334	0.0325
-27.0	22.2667	4.76635	0.0357
-22.5	22.2667	5.00582	0.0418
-18.0	22.2667	4.86123	0.0367
-13.5	22.2667	5.39415	0.1959
-9.0	22.2667	4.01875	0.0967
-4.5	22.2667	3.4197	0.0321
0.0	22.2667	3.29856	0.0198
4.5	22.2667	3.48659	0.0341
9.0	22.2667	3.55954	0.0261
13.5	22.2667	4.60458	0.0407
18.0	22.2667	4.28644	0.0317
22.5	22.2667	4.86862	0.0464
27.0	22.2667	4.71953	0.032
31.5	22.2667	4.69676	0.0355
36.0	22.2667	4.67716	0.0265
40.5	22.2667	4.75949	0.0341
45.0	22.2667	4.57012	0.0284
49.5	22.2667	4.60292	0.0301
54.0	22.2667	4.50095	0.0321
58.5	22.2667	4.35541	0.0244
63.0	22.2667	4.46406	0.0315
67.5	22.2667	4.40163	0.0281
72.0	22.2667	4.45672	0.0362
76.5	22.2667	4.23945	0.0311
81.0	22.2667	4.03379	0.0319
85.5	22.2667	3.906	0.0345
90.0	22.2667	3.69277	0.0249
94.5	22.2667	3.81549	0.0405
99.0	22.2667	3.68913	0.0361
103.5	22.2667	3.59719	0.0451
108.0	22.2667	3.28312	0.0311
112.5	22.2667	3.04619	0.037
117.0	22.2667	2.98515	0.0385
121.5	22.2667	2.98219	0.0394
126.0	22.2667	2.62782	0.0305
130.5	22.2667	2.33009	0.0274
135.0	22.2667	2.36478	0.0345
139.5	22.2667	2.34296	0.0373
144.0	22.2667	2.17394	0.037
148.5	22.2667	2.03105	0.0372
153.0	22.2667	1.87739	0.0339
157.5	22.2667	1.81671	0.0424
162.0	22.2667	1.55753	0.034
166.5	22.2667	1.54714	0.0455
171.0	22.2667	1.42811	0.0421
175.5	22.2667	1.29357	0.0392
180.0	22.2667	1.29634	0.0593
184.5	22.2667	0.999074	0.0383
189.0	22.2667	0.932102	0.0476
193.5	22.2667	0.801105	0.056
198.0	22.2667	0.721497	0.0537
202.5	22.2667	0.695673	0.0507
207.0	22.2667	0.575747	0.0467
211.5	22.2667	0.574623	0.0781
216.0	22.2667	0.50448	0.068
220.5	22.2667	0.441189	0.0534
225.0	22.2667	0.434231	0.0506
229.5	22.2667	0.386806	0.0561
234.0	22.2667	0.306544	0.0492
238.5	22.2667	0.29204	0.0645
243.0	22.2667	0.287558	0.0549
247.5	22.2667	0.265147	0.0495
252.0	22.2667	0.240875	0.0532
256.5	22.2667	0.214718	0.0531
261.0	22.2667	0.199543	0.0462
265.5	22.2667	0.233843	0.1281
270.0	22.2667	0.176225	0.0669
274.5	22.2667	0.167095	0.0705
279.0	22.2667	0.194719	0.1377
283.5	22.2667	0.23818	0.1753
288.0	22.2667	0.157273	0.057
292.5	22.2667	0.151567	0.0613
297.0	22.2667	0.151017	0.0668
301.5	22.2667	0.154467	0.0946
306.0	22.2667	0.124913	0.0633
310.5	22.2667	0.147365	0.1307
315.0	22.2667	0.113761	0.0699
319.5	22.2667	0.154115	0.1565
324.0	22.2667	0.148385	0.1239
328.5	22.2667	0.119641	0.0654
333.0	22.2667	0.127084	0.1011
337.5	22.2667	0.131735	0.0885
342.0	22.2667	0.125152	0.0926
346.5	22.2667	0.0921468	0.0818
351.0	22.2667	0.10462	0.1005
355.5	22.2667	0.126813	0.1716
360.0	22.2667	0.088952	0.0714
364.5	22.2667	0.0894325	0.0971
369.0	22.2667	0.0757289	0.0778
373.5	22.2667	0.0925392	0.1719
378.0	22.2667	0.0762386	0.1162
382.5	22.2667	0.122216	0.2853
387.0	22.2667	0.0698061	0.0963
391.5	22.2667	0.10888	0.2334
396.0	22.2667	0.0728976	0.124
400.5	22.2667	0.0540121	0.1026
405.0	22.2667	0.0648474	0.1891
409.5	22.2667	0.0475325	0.1603
414.0	22.2667	0.0433206	0.1235
418.5	22.2667	0.0559669	0.116
423.0	22.2667	0.0524066	0.1598
427.5	22.2667	0.0439086	0.0935
432.0	22.2667	0.0550757	0.1648
436.5	22.2667	0.0524817	0.101
441.0	22.2667	0.0613063	0.1556
445.5	22.2667	0.0584083	0.1454
-450.0	24.8333	0.0457848	0.1574
-445.5	24.8333	0.039701	0.1388
-441.0	24.8333	0.0378424	0.114
-436.5	24.8333	0.0321667	0.1057
-432.0	24.8333	0.0373579	0.1777
-427.5	24.8333	0.0332308	0.136
-423.0	24.8333	0.0329653	0.1003
-418.5	24.8333	0.0336111	0.1045
-414.0	24.8333	0.0418682	0.1829
-409.5	24.8333	0.0406219	0.1467
-405.0	24.8333	0.0433424	0.1475
-400.5	24.8333	0.0539052	0.2113
-396.0	24.8333	0.0612442	0.2376
-391.5	24.8333	0.0502319	0.1351
-387.0	24.8333	0.0565642	0.1019
-382.5	24.8333	0.0544113	0.104
-378.0	24.8333	0.0616036	0.0943
-373.5	24.8333	0.0729635	0.1173
-369.0	24.8333	0.0753186	0.1146
-364.5	24.8333	0.0768561	0.1055
-360.0	24.8333	0.062417	0.083
-355.5	24.8333	0.0763129	0.0849
-351.0	24.8333	0.0872838	0.0742
-346.5	24.8333	0.0889664	0.0901
-342.0	24.8333	0.0860913	0.0815
-337.5	24.8333	0.0982515	0.0876
-333.0	24.8333	0.089079	0.0715
-328.5	24.8333	0.116152	0.2975
-324.0	24.8333	0.0903208	0.0658
-319.5	24.8333	0.112452	0.0818
-315.0	24.8333	0.170792	0.3278
-310.5	24.8333	0.184284	0.2298
-306.0	24.8333	0.135058	0.1491
-301.5	24.8333	0.137976	0.1191
-297.0	24.8333	0.152672	0.065
-292.5	24.8333	0.160636	0.095
-288.0	24.8333	0.162877	0.056
-283.5	24.8333	0.165618	0.0598
-279.0	24.8333	0.182438	0.0581
-274.5	24.8333	0.202241	0.0865
-270.0	24.8333	0.216037	0.057
-265.5	24.8333	0.21414	0.0563
-261.0	24.8333	0.227741	0.056
-256.5	24.8333	0.260075	0.0485
-252.0	24.8333	0.288528	0.0535
-247.5	24.8333	0.309724	0.0441
-243.0	24.8333	0.332102	0.0491
-238.5	24.8333	0.36353	0.0559
-234.0	24.8333	0.438519	0.059
-229.5	24.8333	0.411164	0.0371
-225.0	24.8333	0.436078	0.0413
-220.5	24.8333	0.507872	0.0515
-216.0	24.8333	0.566677	0.0425
-211.5	24.8333	0.674029	0.0629
-207.0	24.8333	0.711007	0.0665
-202.5	24.8333	0.702368	0.049
-198.0	24.8333	0.810104	0.0481
-193.5	24.8333	0.884262	0.0456
-189.0	24.8333	0.918634	0.0469
-184.5	24.8333	1.00266	0.0631
-180.0	24.8333	0.912628	0.033
-175.5	24.8333	1.027	0.0448
-171.0	24.8333	1.18465	0.046
-166.5	24.8333	1.27415	0.039
-162.0	24.8333	1.34816	0.0442
-157.5	24.8333	1.50658	0.0423
-153.0	24.8333	1.58827	0.0487
-148.5	24.8333	1.72726	0.0348
-144.0	24.8333	1.85001	0.0357
-139.5	24.8333	2.0265	0.048
-135.0	24.8333	2.11325	0.0442
-130.5	24.8333	2.12366	0.0377
-126.0	24.8333	2.45352	0.0401
-121.5	24.8333	2.5334	0.03
-117.0	24.8333	2.57762	0.0295
-112.5	24.8333	2.74612	0.0345
-108.0	24.8333	2.87387	0.0311
-103.5	24.8333	3.04852	0.0299
-99.0	24.8333	3.11404	0.028
-94.5	24.8333	3.3972	0.0332
-90.0	24.8333	3.52862	0.026
-85.5	24.8333	3.64685	0.0263
-81.0	24.8333	4.04367	0.0336
-76.5	24.8333	4.07236	0.0248
-72.0	24.8333	4.59684	0.0362
-67.5	24.8333	4.83384	0.0329
-63.0	24.8333	5.02479	0.0417
-58.5	24.8333	4.68468	0.0305
-54.0	24.8333	4.93905	0.0344
-49.5	24.8333	4.83794	0.0284
-45.0	24.8333	4.92567	0.0344
-40.5	24.8333	4.78874	0.0303
-36.0	24.8333	5.02356	0.0359
-31.5	24.8333	4.86541	0.0294
-27.0	24.8333	4.7737	0.0288
-22.5	24.8333	4.93074	0.0349
-18.0	24.8333	4.53249	0.0327
-13.5	24.8333	4.57493	0.077
-9.0	24.8333	3.54256	0.0221
-4.5	24.8333	3.26452	0.0238
0.0	24.8333	3.82117	0.1059
4.5	24.8333	3.29598	0.0264
9.0	24.8333	3.41755	0.0207
13.5	24.8333	4.17796	0.0338
18.0	24.8333	4.52027	0.0403
22.5	24.8333	4.6647	0.0356
27.0	24.8333	4.76243	0.0371
31.5	24.8333	4.95541	0.0402
36.0	24.8333	4.6184	0.0286
40.5	24.8333	5.04144	0.0372
45.0	24.8333	4.67197	0.0361
49.5	24.8333	4.73052	0.0345
54.0	24.8333	4.74751	0.0293
58.5	24.8333	4.61011	0.0327
63.0	24.8333	4.5387	0.0316
67.5	24.8333	4.18838	0.0273
72.0	24.8333	4.28198	0.037
76.5	24.8333	4.11543	0.033
81.0	24.8333	4.03618	0.0309
85.5	24.8333	4.11478	0.0376
90.0	24.8333	3.8455	0.0348
94.5	24.8333	3.68857	0.0328
99.0	24.8333	3.472	0.0312
103.5	24.8333	3.21915	0.0309
108.0	24.8333	3.20068	0.03
112.5	24.8333	2.99976	0.0257
117.0	24.8333	3.0401	0.035
121.5	24.8333	3.03614	0.0387
126.0	24.8333	2.78207	0.0437
130.5	24.8333	2.52206	0.0338
135.0	24.8333	2.35844	0.0351
139.5	24.8333	2.26184	0.0359
144.0	24.8333	2.08761	0.0314
148.5	24.8333	2.08572	0.0449
153.0	24.8333	1.9419	0.0393
157.5	24.8333	1.82306	0.0539
162.0	24.8333	1.50651	0.0386
166.5	24.8333	1.43649	0.0344
171.0	24.8333	1.51797	0.0521
175.5	24.8333	1.29661	0.0446
180.0	24.8333	1.18461	0.0424
184.5	24.8333	1.06829	0.0503
189.0	24.8333	0.872645	0.0377
193.5	24.8333	0.859048	0.0677
198.0	24.8333	0.73617	0.0473
202.5	24.8333	0.665526	0.0465
207.0	24.8333	0.603432	0.0523
211.5	24.8333	0.543912	0.0492
216.0	24.8333	0.491506	0.0529
220.5	24.8333	0.483074	0.1018
225.0	24.8333	0.385142	0.0543
229.5	24.8333	0.329413	0.046
234.0	24.8333	0.329096	0.0596
238.5	24.8333	0.291011	0.0585
243.0	24.8333	0.290926	0.0579
247.5	24.8333	0.303414	0.1258
252.0	24.8333	0.224588	0.0545
256.5	24.8333	0.20967	0.0675
261.0	24.8333	0.213424	0.0652
265.5	24.8333	0.22929	0.0922
270.0	24.8333	0.200292	0.0765
274.5	24.8333	0.185649	0.0741
279.0	24.8333	0.161685	0.0666
283.5	24.8333	0.191697	0.157
288.0	24.8333	0.151155	0.0691
292.5	24.8333	0.17097	0.1267
297.0	24.8333	0.162677	0.0983
301.5	24.8333	0.154821	0.0792
306.0	24.8333	0.171153	0.1239
310.5	24.8333	0.155354	0.1244
315.0	24.8333	0.111787	0.0594
319.5	24.8333	0.123986	0.0809
324.0	24.8333	0.125231	0.0826
328.5	24.8333	0.129336	0.122
333.0	24.8333	0.107613	0.0924
337.5	24.8333	0.106656	0.0809
342.0	24.8333	0.115819	0.0937
346.5	24.8333	0.120026	0.098
351.0	24.8333	0.161848	0.2805
355.5	24.8333	0.10403	0.1253
360.0	24.8333	0.0861234	0.0727
364.5	24.8333	0.0934804	0.0897
369.0	24.8333	0.0853479	0.091
373.5	24.8333	0.0881848	0.1401
378.0	24.8333	0.0853722	0.1057
382.5	24.8333	0.0852394	0.1127
387.0	24.8333	0.0729165	0.1772
391.5	24.8333	0.0660775	0.1102
396.0	24.8333	0.0528483	0.1046
400.5	24.8333	0.0532521	0.1347
405.0	24.8333	0.0473254	0.1138
409.5	24.8333	0.0694001	0.2537
414.0	24.8333	0.0524049	0.165
418.5	24.8333	0.0515788	0.1309
423.0	24.8333	0.0574283	0.2206
427.5	24.8333	0.0866915	0.4354
432.0	24.8333	0.0534371	0.1614
436.5	24.8333	0.0861588	0.2918
441.0	24.8333	0.0743315	0.1887
445.5	24.8333	0.0679957	0.1631
-450.0	27.4	0.0438256	0.1203
-445.5	27.4	0.0523008	0.3046
-441.0	27.4	0.0387302	0.1194
-436.5	27.4	0.0324054	0.1012
-432.0	27.4	0.0312041	0.1398
-427.5	27.4	0.037452	0.2317
-423.0	27.4	0.0433378	0.211
-418.5	27.4	0.0493802	0.2415
-414.0	27.4	0.0425286	0.1628
-409.5	27.4	0.0331473	0.1218
-405.0	27.4	0.0375535	0.1053
-400.5	27.4	0.0512854	0.1108
-396.0	27.4	0.0407037	0.0928
-391.5	27.4	0.0723996	0.2214
-387.0	27.4	0.0728061	0.1337
-382.5	27.4	0.0516935	0.0798
-378.0	27.4	0.0673394	0.1089
-373.5	27.4	0.061617	0.0855
-369.0	27.4	0.0773788	0.1374
-364.5	27.4	0.0902825	0.118
-360.0	27.4	0.101894	0.2094
-355.5	27.4	0.0711177	0.0731
-351.0	27.4	0.105954	0.1986
-346.5	27.4	0.0951978	0.0865
-342.0	27.4	0.0859418	0.1029
-337.5	27.4	0.104585	0.0825
-333.0	27.4	0.116157	0.1382
-328.5	27.4	0.0947708	0.0696
-324.0	27.4	0.108501	0.0826
-319.5	27.4	0.113571	0.0749
-315.0	27.4	0.10688	0.074
-310.5	27.4	0.137647	0.1351
-306.0	27.4	0.129221	0.1102
-301.5	27.4	0.133627	0.0726
-297.0	27.4	0.144337	0.0624
-292.5	27.4	0.152349	0.0729
-288.0	27.4	0.154897	0.0672
-283.5	27.4	0.168529	0.0552
-279.0	27.4	0.184704	0.0549
-274.5	27.4	0.214437	0.0725
-270.0	27.4	0.223109	0.0559
-265.5	27.4	0.214031	0.0539
-261.0	27.4	0.237262	0.0653
-256.5	27.4	0.303458	0.0874
-252.0	27.4	0.30004	0.0959
-247.5	27.4	0.320176	0.0527
-243.0	27.4	0.356815	0.0962
-238.5	27.4	0.34501	0.0515
-234.0	27.4	0.440084	0.0532
-229.5	27.4	0.445024	0.0641
-225.0	27.4	0.476157	0.0511
-220.5	27.4	0.504002	0.052
-216.0	27.4	0.543487	0.0451
-211.5	27.4	0.593363	0.0446
-207.0	27.4	0.671568	0.063
-202.5	27.4	0.615585	0.0342
-198.0	27.4	0.762703	0.0493
-193.5	27.4	0.810843	0.0453
-189.0	27.4	0.870917	0.0451
-184.5	27.4	0.964444	0.0456
-180.0	27.4	0.952091	0.0349
-175.5	27.4	0.992253	0.0318
-171.0	27.4	1.05372	0.035
-166.5	27.4	1.27707	0.0423
-162.0	27.4	1.42393	0.0405
-157.5	27.4	1.41654	0.0348
-153.0	27.4	1.67255	0.0438
-148.5	27.4	1.78422	0.0398
-144.0	27.4	1.79307	0.0302
-139.5	27.4	1.93168	0.0449
-135.0	27.4	2.03239	0.0309
-130.5	27.4	2.22169	0.0367
-126.0	27.4	2.2637	0.0333
-121.5	27.4	2.40864	0.0318
-117.0	27.4	2.48897	0.0297
-112.5	27.4	2.72191	0.0287
-108.0	27.4	2.951	0.0328
-103.5	27.4	3.11682	0.0335
-99.0	27.4	3.21531	0.0323
-94.5	27.4	3.32074	0.0305
-90.0	27.4	3.64037	0.0303
-85.5	27.4	3.59927	0.0286
-81.0	27.4	4.14126	0.035
-76.5	27.4	4.32228	0.0381
-72.0	27.4	4.50034	0.0358
-67.5	27.4	4.52153	0.0348
-63.0	27.4	4.65528	0.0317
-58.5	27.4	5.11636	0.0423
-54.0	27.4	4.69688	0.0323
-49.5	27.4	4.83962	0.0343
-45.0	27.4	4.70248	0.0308
-40.5	27.4	5.0108	0.0331
-36.0	27.4	5.13677	0.0373
-31.5	27.4	4.80365	0.0336
-27.0	27.4	4.87386	0.0321
-22.5	27.4	4.70164	0.0378
-18.0	27.4	4.65963	0.0394
-13.5	27.4	5.06827	0.1564
-9.0	27.4	3.44257	0.0242
-4.5	27.4	3.32459	0.03
0.0	27.4	3.30621	0.0223
4.5	27.4	3.31571	0.0249
9.0	27.4	3.44318	0.0196
13.5	27.4	4.20744	0.0422
18.0	27.4	4.40253	0.032
22.5	27.4	4.44477	0.0278
27.0	27.4	5.12225	0.0436
31.5	27.4	4.92196	0.0317
36.0	27.4	4.57935	0.0288
40.5	27.4	4.58538	0.0311
45.0	27.4	4.6526	0.0302
49.5	27.4	4.60619	0.0321
54.0	27.4	4.76475	0.0359
58.5	27.4	4.31559	0.025
63.0	27.4	4.6847	0.0357
67.5	27.4	4.52745	0.0388
72.0	27.4	4.32342	0.0309
76.5	27.4	4.1472	0.032
81.0	27.4	4.37997	0.0375
85.5	27.4	4.16046	0.0433
90.0	27.4	3.83298	0.0349
94.5	27.4	3.89058	0.0438
99.0	27.4	3.62526	0.0337
103.5	27.4	3.45203	0.0373
108.0	27.4	3.27384	0.037
112.5	27.4	3.19623	0.0411
117.0	27.4	2.99266	0.0343
121.5	27.4	2.81525	0.0399
126.0	27.4	2.69436	0.0412
130.5	27.4	2.41102	0.0276
135.0	27.4	2.33631	0.0386
139.5	27.4	2.26739	0.0357
144.0	27.4	2.24657	0.0476
148.5	27.4	1.96115	0.0438
153.0	27.4	1.94944	0.0478
157.5	27.4	1.80795	0.0425
162.0	27.4	1.5485	0.0366
166.5	27.4	1.63119	0.0631
171.0	27.4	1.45966	0.0827
175.5	27.4	1.39178	0.0534
180.0	27.4	1.13637	0.0454
184.5	27.4	1.10975	0.0475
189.0	27.4	0.994109	0.0795
193.5	27.4	0.895084	0.0545
198.0	27.4	0.684833	0.0387
202.5	27.4	0.691665	0.0675
207.0	27.4	0.565732	0.0434
211.5	27.4	0.514668	0.0415
216.0	27.4	0.484655	0.0531
220.5	27.4	0.421938	0.05
225.0	27.4	0.408571	0.0728
229.5	27.4	0.349075	0.0686
234.0	27.4	0.325797	0.0524
238.5	27.4	0.295132	0.0813
243.0	27.4	0.307768	0.0907
247.5	27.4	0.254722	0.0796
252.0	27.4	0.237209	0.059
256.5	27.4	0.232971	0.0622
261.0	27.4	0.196385	0.0557
265.5	27.4	0.218019	0.0896
270.0	27.4	0.165105	0.0579
274.5	27.4	0.187154	0.1097
279.0	27.4	0.17907	0.0786
283.5	27.4	0.146874	0.0522
288.0	27.4	0.144049	0.0584
292.5	27.4	0.165054	0.0725
297.0	27.4	0.184224	0.1301
301.5	27.4	0.149076	0.0927
306.0	27.4	0.140031	0.0953
310.5	27.4	0.139712	0.1146
315.0	27.4	0.12599	0.0848
319.5	27.4	0.145799	0.1204
324.0	27.4	0.13483	0.1243
328.5	27.4	0.105975	0.0702
333.0	27.4	0.104048	0.0677
337.5	27.4	0.141462	0.2291
342.0	27.4	0.126142	0.1316
346.5	27.4	0.0917299	0.0638
351.0	27.4	0.0984426	0.0736
355.5	27.4	0.108782	0.2289
360.0	27.4	0.087176	0.0778
364.5	27.4	0.091414	0.1072
369.0	27.4	0.0999598	0.1171
373.5	27.4	0.150413	0.2337
378.0	27.4	0.0973918	0.1849
382.5	27.4	0.0784281	0.1352
387.0	27.4	0.0929059	0.1981
391.5	27.4	0.0575593	0.0743
396.0	27.4	0.0545651	0.0798
400.5	27.4	0.0587362	0.1899
405.0	27.4	0.0533897	0.1574
409.5	27.4	0.0633187	0.202
414.0	27.4	0.0454424	0.0895
418.5	27.4	0.045205	0.1095
423.0	27.4	0.0749526	0.3673
427.5	27.4	0.0374338	0.1299
432.0	27.4	0.0507222	0.1107
436.5	27.4	0.0852922	0.3075
441.0	27.4	0.0513454	0.2196
445.5	27.4	0.0544078	0.1112
-450.0	29.9667	0.0336093	0.1266
-445.5	29.9667	0.0403385	0.1282
-441.0	29.9667	0.0342806	0.1259
-436.5	29.9667	0.0448863	0.2012
-432.0	29.9667	0.0361065	0.1085
-427.5	29.9667	0.0354379	0.1622
-423.0	29.9667	0.0244348	0.1074
-418.5	29.9667	0.0487205	0.3817
-414.0	29.9667	0.045344	0.1304
-409.5	29.9667	0.0403443	0.2116
-405.0	29.9667	0.0379559	0.1114
-400.5	29.9667	0.0569725	0.1643
-396.0	29.9667	0.04484	0.1006
-391.5	29.9667	0.0554242	0.1469
-387.0	29.9667	0.0497984	0.1456
-382.5	29.9667	0.0684809	0.1618
-378.0	29.9667	0.0656925	0.1376
-373.5	29.9667	0.0613817	0.0926
-369.0	29.9667	0.0724583	0.1407
-364.5	29.9667	0.0628051	0.0887
-360.0	29.9667	0.0758276	0.197
-355.5	29.9667	0.074019	0.0814
-351.0	29.9667	0.0814381	0.0784
-346.5	29.9667	0.0743586	0.0677
-342.0	29.9667	0.10763	0.2254
-337.5	29.9667	0.110892	0.1693
-333.0	29.9667	0.140872	0.337
-328.5	29.9667	0.0981273	0.0858
-324.0	29.9667	0.123686	0.1087
-319.5	29.9667	0.108215	0.0725
-315.0	29.9667	0.105802	0.0663
-310.5	29.9667	0.114495	0.0583
-306.0	29.9667	0.130433	0.089
-301.5	29.9667	0.175273	0.1743
-297.0	29.9667	0.129642	0.0657
-292.5	29.9667	0.178809	0.1008
-288.0	29.9667	0.168205	0.0755
-283.5	29.9667	0.164748	0.0706
-279.0	29.9667	0.207967	0.1668
-274.5	29.9667	0.208596	0.1119
-270.0	29.9667	0.223227	0.0722
-265.5	29.9667	0.250758	0.0982
-261.0	29.9667	0.227668	0.0643
-256.5	29.9667	0.293216	0.0906
-252.0	29.9667	0.278373	0.0438
-247.5	29.9667	0.31057	0.0473
-243.0	29.9667	0.389293	0.0936
-238.5	29.9667	0.363385	0.0575
-234.0	29.9667	0.368913	0.0466
-229.5	29.9667	0.425131	0.0537
-225.0	29.9667	0.493561	0.0673
-220.5	29.9667	0.459452	0.0392
-216.0	29.9667	0.603584	0.0612
-211.5	29.9667	0.596786	0.0505
-207.0	29.9667	0.594694	0.0401
-202.5	29.9667	0.702687	0.0498
-198.0	29.9667	0.758143	0.0419
-193.5	29.9667	0.788401	0.0417
-189.0	29.9667	0.896921	0.0513
-184.5	29.9667	0.890675	0.0389
-180.0	29.9667	0.965719	0.0388
-175.5	29.9667	1.08855	0.041
-171.0	29.9667	1.19262	0.0426
-166.5	29.9667	1.23181	0.0317
-162.0	29.9667	1.36079	0.0454
-157.5	29.9667	1.4751	0.037
-153.0	29.9667	1.64452	0.0369
-148.5	29.9667	1.8229	0.0411
-144.0	29.9667	1.7474	0.0345
-139.5	29.9667	1.83666	0.0319
-135.0	29.9667	2.13637	0.0388
-130.5	29.9667	2.25391	0.0356
-126.0	29.9667	2.27687	0.0327
-121.5	29.9667	2.5069	0.0354
-117.0	29.9667	2.48783	0.0302
-112.5	29.9667	2.7853	0.0316
-108.0	29.9667	3.04425	0.0398
-103.5	29.9667	3.02452	0.0354
-99.0	29.9667	3.39871	0.0356
-94.5	29.9667	3.301	0.0293
-90.0	29.9667	3.5688	0.0282
-85.5	29.9667	3.82317	0.0334
-81.0	29.9667	4.23246	0.0441
-76.5	29.9667	4.36021	0.0348
-72.0	29.9667	4.51428	0.0372
-67.5	29.9667	4.65073	0.0393
-63.0	29.9667	4.92048	0.0396
-58.5	29.9667	4.82346	0.0341
-54.0	29.9667	4.88971	0.0347
-49.5	29.9667	4.57669	0.0264
-45.0	29.9667	4.68955	0.0314
-40.5	29.9667	4.87086	0.0308
-36.0	29.9667	5.0222	0.0381
-31.5	29.9667	5.01522	0.0372
-27.0	29.9667	4.58507	0.0345
-22.5	29.9667	4.87188	0.0349
-18.0	29.9667	4.39629	0.03
-13.5	29.9667	4.01262	0.0326
-9.0	29.9667	3.33797	0.0278
-4.5	29.9667	3.18342	0.0199
0.0	29.9667	3.25042	0.0246
4.5	29.9667	3.11559	0.0181
9.0	29.9667	3.45242	0.0249
13.5	29.9667	4.29642	0.0368
18.0	29.9667	4.31094	0.0392
22.5	29.9667	4.77615	0.0447
27.0	29.9667	4.81191	0.0437
31.5	29.9667	4.67636	0.0356
36.0	29.9667	4.51134	0.0294
40.5	29.9667	4.7844	0.0361
45.0	29.9667	4.55411	0.0278
49.5	29.9667	4.55433	0.0336
54.0	29.9667	4.47439	0.0354
58.5	29.9667	4.40148	0.0275
63.0	29.9667	4.43357	0.0397
67.5	29.9667	4.42166	0.0325
72.0	29.9667	4.29757	0.0347
76.5	29.9667	4.12102	0.0347
81.0	29.9667	3.92003	0.032
85.5	29.9667	3.88171	0.0343
90.0	29.9667	3.98311	0.0358
94.5	29.9667	3.67015	0.0388
99.0	29.9667	3.67825	0.0414
103.5	29.9667	3.47414	0.0381
108.0	29.9667	3.20791	0.0413
112.5	29.9667	2.9585	0.0346
117.0	29.9667	2.90255	0.0359
121.5	29.9667	2.78402	0.0329
126.0	29.9667	2.95963	0.0454
130.5	29.9667	2.49532	0.0316
135.0	29.9667	2.45162	0.0416
139.5	29.9667	2.41073	0.0446
144.0	29.9667	1.90228	0.0273
148.5	29.9667	1.98837	0.0369
153.0	29.9667	1.87013	0.0402
157.5	29.9667	1.79939	0.0477
162.0	29.9667	1.6272	0.034
166.5	29.9667	1.53573	0.0397
171.0	29.9667	1.44629	0.0486
175.5	29.9667	1.28646	0.0481
180.0	29.9667	1.11852	0.0437
184.5	29.9667	1.07638	0.0439
189.0	29.9667	0.973004	0.0576
193.5	29.9667	0.789397	0.0469
198.0	29.9667	0.730818	0.0438
202.5	29.9667	0.664002	0.0571
207.0	29.9667	0.582334	0.0513
211.5	29.9667	0.52018	0.0498
216.0	29.9667	0.491911	0.0574
220.5	29.9667	0.434153	0.0464
225.0	29.9667	0.375286	0.0496
229.5	29.9667	0.35547	0.0528
234.0	29.9667	0.348152	0.063
238.5	29.9667	0.317954	0.0702
243.0	29.9667	0.275716	0.0617
247.5	29.9667	0.24876	0.0711
252.0	29.9667	0.209583	0.0464
256.5	29.9667	0.205553	0.0816
261.0	29.9667	0.228189	0.1071
265.5	29.9667	0.214967	0.0814
270.0	29.9667	0.186157	0.07
274.5	29.9667	0.184978	0.1415
279.0	29.9667	0.174319	0.0958
283.5	29.9667	0.158012	0.0786
288.0	29.9667	0.154935	0.0753
292.5	29.9667	0.1442	0.0806
297.0	29.9667	0.14147	0.0603
301.5	29.9667	0.215929	0.296
306.0	29.9667	0.132328	0.0801
310.5	29.9667	0.129516	0.0759
315.0	29.9667	0.138747	0.088
319.5	29.9667	0.110597	0.0587
324.0	29.9667	0.145701	0.1611
328.5	29.9667	0.100073	0.0714
333.0	29.9667	0.126756	0.1091
337.5	29.9667	0.121982	0.141
342.0	29.9667	0.10447	0.0946
346.5	29.9667	0.124749	0.1184
351.0	29.9667	0.122642	0.1234
355.5	29.9667	0.0935577	0.1355
360.0	29.9667	0.0840612	0.0674
364.5	29.9667	0.0881777	0.0837
369.0	29.9667	0.0969511	0.1239
373.5	29.9667	0.0941165	0.1068
378.0	29.9667	0.101254	0.1067
382.5	29.9667	0.0753203	0.2261
387.0	29.9667	0.0623484	0.0876
391.5	29.9667	0.071663	0.1102
396.0	29.9667	0.0744568	0.1777
400.5	29.9667	0.0621009	0.1394
405.0	29.9667	0.0498308	0.1015
409.5	29.9667	0.0460006	0.112
414.0	29.9667	0.0415749	0.1193
418.5	29.9667	0.0591479	0.2366
423.0	29.9667	0.0526094	0.1565
427.5	29.9667	0.0598091	0.1593
432.0	29.9667	0.0728431	0.1535
436.5	29.9667	0.0573294	0.1642
441.0	29.9667	0.0671896	0.2647
445.5	29.9667	0.0659594	0.2616
-450.0	32.5333	0.0474054	0.1925
-445.5	32.5333	0.0527165	0.1749
-441.0	32.5333	0.0665237	0.2567
-436.5	32.5333	0.0385482	0.2341
-432.0	32.5333	0.0330008	0.201
-427.5	32.5333	0.030693	0.1106
-423.0	32.5333	0.0307391	0.1149
-418.5	32.5333	0.0364986	0.1955
-414.0	32.5333	0.0366795	0.2056
-409.5	32.5333	0.0612485	0.2216
-405.0	32.5333	0.0708198	0.26
-400.5	32.5333	0.0601579	0.2182
-396.0	32.5333	0.0592685	0.1816
-391.5	32.5333	0.0540938	0.107
-387.0	32.5333	0.0681257	0.1931
-382.5	32.5333	0.0625401	0.21
-378.0	32.5333	0.0586117	0.0981
-373.5	32.5333	0.0504629	0.0806
-369.0	32.5333	0.0879558	0.1119
-364.5	32.5333	0.0938311	0.124
-360.0	32.5333	0.0859796	0.0966
-355.5	32.5333	0.123735	0.3479
-351.0	32.5333	0.0962311	0.1218
-346.5	32.5333	0.0940723	0.0966
-342.0	32.5333	0.0938932	0.1544
-337.5	32.5333	0.0952902	0.0937
-333.0	32.5333	0.095324	0.0707
-328.5	32.5333	0.102213	0.1136
-324.0	32.5333	0.10312	0.1226
-319.5	32.5333	0.115691	0.1145
-315.0	32.5333	0.107608	0.0635
-310.5	32.5333	0.133707	0.0985
-306.0	32.5333	0.119223	0.0643
-301.5	32.5333	0.151567	0.0863
-297.0	32.5333	0.162404	0.1315
-292.5	32.5333	0.137705	0.054
-288.0	32.5333	0.153375	0.064
-283.5	32.5333	0.167531	0.0579
-279.0	32.5333	0.18149	0.0561
-274.5	32.5333	0.191864	0.055
-270.0	32.5333	0.197841	0.062
-265.5	32.5333	0.214836	0.0744
-261.0	32.5333	0.233062	0.0817
-256.5	32.5333	0.350423	0.0954
-252.0	32.5333	0.267227	0.0472
-247.5	32.5333	0.28718	0.0476
-243.0	32.5333	0.332414	0.0479
-238.5	32.5333	0.348865	0.0548
-234.0	32.5333	0.401591	0.0608
-229.5	32.5333	0.42633	0.0507
-225.0	32.5333	0.497424	0.0721
-220.5	32.5333	0.503742	0.0576
-216.0	32.5333	0.513039	0.0392
-211.5	32.5333	0.567183	0.0528
-207.0	32.5333	0.604854	0.0475
-202.5	32.5333	0.723781	0.0544
-198.0	32.5333	0.696682	0.0435
-193.5	32.5333	0.761658	0.0347
-189.0	32.5333	0.834838	0.0377
-184.5	32.5333	0.948316	0.0447
-180.0	32.5333	0.970551	0.0401
-175.5	32.5333	1.05731	0.0452
-171.0	32.5333	1.19472	0.0416
-166.5	32.5333	1.28066	0.0396
-162.0	32.5333	1.29113	0.0368
-157.5	32.5333	1.46001	0.0381
-153.0	32.5333	1.58662	0.0433
-148.5	32.5333	1.70087	0.0458
-144.0	32.5333	1.75445	0.0346
-139.5	32.5333	1.909	0.0357
-135.0	32.5333	2.02528	0.0363
-130.5	32.5333	2.25697	0.0424
-126.0	32.5333	2.20363	0.0303
-121.5	32.5333	2.24274	0.0303
-117.0	32.5333	2.54368	0.0351
-112.5	32.5333	2.71459	0.0333
-108.0	32.5333	3.08695	0.0408
-103.5	32.5333	3.18256	0.0426
-99.0	32.5333	3.16605	0.0324
-94.5	32.5333	3.19706	0.0283
-90.0	32.5333	3.58451	0.0317
-85.5	32.5333	3.57406	0.0272
-81.0	32.5333	3.86528	0.0292
-76.5	32.5333	4.32156	0.035
-72.0	32.5333	4.18249	0.0305
-67.5	32.5333	4.82654	0.0431
-63.0	32.5333	4.83981	0.0421
-58.5	32.5333	4.8718	0.0342
-54.0	32.5333	4.75148	0.0302
-49.5	32.5333	4.61208	0.0329
-45.0	32.5333	4.51511	0.0265
-40.5	32.5333	4.83974	0.0344
-36.0	32.5333	4.8543	0.0319
-31.5	32.5333	4.98389	0.0367
-27.0	32.5333	4.8046	0.0367
-22.5	32.5333	4.50956	0.0334
-18.0	32.5333	4.73787	0.0395
-13.5	32.5333	5.12151	0.2335
-9.0	32.5333	3.45822	0.0323
-4.5	32.5333	3.44581	0.0679
0.0	32.5333	3.07726	0.0175
4.5	32.5333	3.16978	0.0395
9.0	32.5333	3.55383	0.035
13.5	32.5333	4.22158	0.0402
18.0	32.5333	4.4012	0.0354
22.5	32.5333	4.24499	0.0306
27.0	32.5333	4.60173	0.0313
31.5	32.5333	4.59491	0.0338
36.0	32.5333	4.82737	0.0351
40.5	32.5333	4.56892	0.0361
45.0	32.5333	4.59353	0.0356
49.5	32.5333	4.27563	0.0272
54.0	32.5333	4.59734	0.0345
58.5	32.5333	4.22864	0.0298
63.0	32.5333	4.09863	0.0282
67.5	32.5333	4.19208	0.0329
72.0	32.5333	3.95038	0.029
76.5	32.5333	4.14324	0.0441
81.0	32.5333	3.88697	0.0305
85.5	32.5333	3.89327	0.0354
90.0	32.5333	3.65699	0.0313
94.5	32.5333	3.88112	0.0428
99.0	32.5333	3.48817	0.0291
103.5	32.5333	3.32481	0.033
108.0	32.5333	3.25842	0.0372
112.5	32.5333	3.03974	0.0377
117.0	32.5333	2.75344	0.0294
121.5	32.5333	2.79712	0.035
126.0	32.5333	2.70951	0.036
130.5	32.5333	2.55339	0.0419
135.0	32.5333	2.29835	0.0336
139.5	32.5333	2.15438	0.0334
144.0	32.5333	2.06123	0.0329
148.5	32.5333	1.92422	0.0323
153.0	32.5333	1.75075	0.0355
157.5	32.5333	1.8025	0.0476
162.0	32.5333	1.51072	0.0376
166.5	32.5333	1.52492	0.0456
171.0	32.5333	1.37875	0.0429
175.5	32.5333	1.21944	0.0456
180.0	32.5333	1.23213	0.0603
184.5	32.5333	0.912468	0.0342
189.0	32.5333	0.827394	0.0441
193.5	32.5333	0.806273	0.0398
198.0	32.5333	0.756154	0.0452
202.5	32.5333	0.637019	0.039
207.0	32.5333	0.591599	0.0498
211.5	32.5333	0.48782	0.0461
216.0	32.5333	0.500919	0.0635
220.5	32.5333	0.468824	0.0552
225.0	32.5333	0.353765	0.0605
229.5	32.5333	0.391117	0.0583
234.0	32.5333	0.31787	0.0715
238.5	32.5333	0.294352	0.064
243.0	32.5333	0.285604	0.1623
247.5	32.5333	0.228015	0.0457
252.0	32.5333	0.207873	0.0586
256.5	32.5333	0.248115	0.154
261.0	32.5333	0.224221	0.0811
265.5	32.5333	0.188428	0.0593
270.0	32.5333	0.175744	0.0594
274.5	32.5333	0.193521	0.1618
279.0	32.5333	0.172234	0.087
283.5	32.5333	0.188787	0.1673
288.0	32.5333	0.16188	0.1107
292.5	32.5333	0.151047	0.0688
297.0	32.5333	0.131712	0.0577
301.5	32.5333	0.152935	0.1046
306.0	32.5333	0.13862	0.1223
310.5	32.5333	0.124162	0.0655
315.0	32.5333	0.158388	0.1654
319.5	32.5333	0.13244	0.0813
324.0	32.5333	0.110539	0.1185
328.5	32.5333	0.117761	0.087
333.0	32.5333	0.118278	0.0895
337.5	32.5333	0.133476	0.1731
342.0	32.5333	0.145682	0.1666
346.5	32.5333	0.111949	0.1162
351.0	32.5333	0.115728	0.1185
355.5	32.5333	0.0962744	0.0739
360.0	32.5333	0.124234	0.2643
364.5	32.5333	0.102482	0.0971
369.0	32.5333	0.0866069	0.1225
373.5	32.5333	0.090759	0.1736
378.0	32.5333	0.0960212	0.2086
382.5	32.5333	0.0887807	0.1186
387.0	32.5333	0.0896604	0.1415
391.5	32.5333	0.0925319	0.1707
396.0	32.5333	0.0609017	0.1154
400.5	32.5333	0.0777698	0.1997
405.0	32.5333	0.0604426	0.1635
409.5	32.5333	0.0513074	0.2101
414.0	32.5333	0.0534703	0.1679
418.5	32.5333	0.0546402	0.1055
423.0	32.5333	0.052141	0.1866
427.5	32.5333	0.0503193	0.2334
432.0	32.5333	0.0476956	0.2043
436.5	32.5333	0.0518803	0.1901
441.0	32.5333	0.0604886	0.1573
445.5	32.5333	0.0652147	0.1251
-450.0	35.1	0.039594	0.1215
-445.5	35.1	0.0418952	0.1374
-441.0	35.1	0.0409107	0.1346
-436.5	35.1	0.0442422	0.1764
-432.0	35.1	0.0387461	0.1816
-427.5	35.1	0.0361373	0.1284
-423.0	35.1	0.0291391	0.1376
-418.5	35.1	0.0325901	0.1162
-414.0	35.1	0.0454601	0.1559
-409.5	35.1	0.0387092	0.1132
-405.0	35.1	0.0419723	0.124
-400.5	35.1	0.0521356	0.1296
-396.0	35.1	0.0454462	0.1117
-391.5	35.1	0.0512644	0.1025
-387.0	35.1	0.0562401	0.1099
-382.5	35.1	0.0627189	0.1068
-378.0	35.1	0.0687191	0.1198
-373.5	35.1	0.0857518	0.2965
-369.0	35.1	0.0648231	0.0805
-364.5	35.1	0.0837961	0.1281
-360.0	35.1	0.0674017	0.0789
-355.5	35.1	0.0765324	0.0861
-351.0	35.1	0.0906566	0.1201
-346.5	35.1	0.0817483	0.095
-342.0	35.1	0.0810076	0.0756
-337.5	35.1	0.0968368	0.145
-333.0	35.1	0.0936158	0.0908
-328.5	35.1	0.093535	0.067
-324.0	35.1	0.109635	0.0907
-319.5	35.1	0.112147	0.0755
-315.0	35.1	0.124454	0.0803
-310.5	35.1	0.128638	0.0727
-306.0	35.1	0.117915	0.0586
-301.5	35.1	0.150689	0.0959
-297.0	35.1	0.158372	0.0712
-292.5	35.1	0.152211	0.0694
-288.0	35.1	0.143552	0.0641
-283.5	35.1	0.177594	0.0714
-279.0	35.1	0.199323	0.0624
-274.5	35.1	0.185978	0.0602
-270.0	35.1	0.213153	0.0618
-265.5	35.1	0.206526	0.051
-261.0	35.1	0.245686	0.0651
-256.5	35.1	0.261557	0.0563
-252.0	35.1	0.25475	0.0426
-247.5	35.1	0.285259	0.0588
-243.0	35.1	0.336376	0.0586
-238.5	35.1	0.32718	0.0453
-234.0	35.1	0.372278	0.0445
-229.5	35.1	0.448922	0.0555
-225.0	35.1	0.440804	0.0449
-220.5	35.1	0.517007	0.0781
-216.0	35.1	0.539036	0.0492
-211.5	35.1	0.580318	0.0571
-207.0	35.1	0.65253	0.051
-202.5	35.1	0.724204	0.0528
-198.0	35.1	0.700534	0.0435
-193.5	35.1	0.827484	0.0476
-189.0	35.1	0.858971	0.0432
-184.5	35.1	0.898152	0.0403
-180.0	35.1	1.0516	0.0481
-175.5	35.1	1.04336	0.0414
-171.0	35.1	1.17989	0.0385
-166.5	35.1	1.2083	0.0345
-162.0	35.1	1.29396	0.0315
-157.5	35.1	1.36485	0.0348
-153.0	35.1	1.43841	0.0339
-148.5	35.1	1.63988	0.03
-144.0	35.1	1.59931	0.0302
-139.5	35.1	1.84684	0.0411
-135.0	35.1	1.95873	0.031
-130.5	35.1	2.10627	0.0369
-126.0	35.1	2.29519	0.0349
-121.5	35.1	2.38073	0.0284
-117.0	35.1	2.65843	0.0362
-112.5	35.1	2.54519	0.0304
-108.0	35.1	2.84338	0.028
-103.5	35.1	3.1015	0.0372
-99.0	35.1	3.13021	0.0335
-94.5	35.1	3.26925	0.0267
-90.0	35.1	3.51731	0.0356
-85.5	35.1	3.60546	0.0285
-81.0	35.1	3.88494	0.0445
-76.5	35.1	4.23684	0.0415
-72.0	35.1	4.4014	0.0332
-67.5	35.1	4.38048	0.0294
-63.0	35.1	4.85836	0.0377
-58.5	35.1	4.784	0.0401
-54.0	35.1	4.62853	0.0304
-49.5	35.1	4.5092	0.0275
-45.0	35.1	4.57866	0.0336
-40.5	35.1	4.59874	0.0409
-36.0	35.1	4.6994	0.0316
-31.5	35.1	4.55405	0.0265
-27.0	35.1	4.6582	0.0342
-22.5	35.1	4.67437	0.033
-18.0	35.1	4.46823	0.0366
-13.5	35.1	3.77112	0.0279
-9.0	35.1	3.43703	0.0311
-4.5	35.1	3.24822	0.0265
0.0	35.1	3.13688	0.0296
4.5	35.1	3.10308	0.0229
9.0	35.1	3.29104	0.0302
13.5	35.1	3.99876	0.0338
18.0	35.1	4.45572	0.0469
22.5	35.1	4.38749	0.0299
27.0	35.1	4.77195	0.0361
31.5	35.1	4.54445	0.0335
36.0	35.1	4.55786	0.0366
40.5	35.1	4.25526	0.0356
45.0	35.1	4.39837	0.0323
49.5	35.1	4.58936	0.037
54.0	35.1	4.31419	0.0291
58.5	35.1	4.29722	0.0294
63.0	35.1	3.85552	0.0256
67.5	35.1	4.131	0.0365
72.0	35.1	4.21622	0.0339
76.5	35.1	4.21565	0.0392
81.0	35.1	4.05867	0.0362
85.5	35.1	3.98929	0.0389
90.0	35.1	3.78737	0.035
94.5	35.1	3.5463	0.034
99.0	35.1	3.58055	0.0365
103.5	35.1	3.27385	0.0338
108.0	35.1	3.1855	0.0349
112.5	35.1	3.16789	0.0397
117.0	35.1	2.88868	0.0346
121.5	35.1	2.61144	0.0301
126.0	35.1	2.66748	0.0404
130.5	35.1	2.4561	0.035
135.0	35.1	2.53686	0.0482
139.5	35.1	2.13128	0.0565
144.0	35.1	2.07322	0.0387
148.5	35.1	1.99604	0.0435
153.0	35.1	1.84507	0.0408
157.5	35.1	1.59514	0.0346
162.0	35.1	1.54191	0.0471
166.5	35.1	1.55398	0.0557
171.0	35.1	1.40957	0.0503
175.5	35.1	1.29732	0.0513
180.0	35.1	1.13664	0.0608
184.5	35.1	0.936152	0.0353
189.0	35.1	0.918269	0.0398
193.5	35.1	0.850712	0.0574
198.0	35.1	0.715081	0.0446
202.5	35.1	0.655822	0.0541
207.0	35.1	0.59938	0.0565
211.5	35.1	0.500061	0.0382
216.0	35.1	0.506249	0.0564
220.5	35.1	0.486333	0.0835
225.0	35.1	0.43723	0.0737
229.5	35.1	0.374038	0.0761
234.0	35.1	0.318607	0.0662
238.5	35.1	0.302429	0.0614
243.0	35.1	0.295021	0.1003
247.5	35.1	0.306862	0.0793
252.0	35.1	0.241471	0.0982
256.5	35.1	0.230301	0.0886
261.0	35.1	0.189353	0.0486
265.5	35.1	0.210326	0.1255
270.0	35.1	0.166429	0.0507
274.5	35.1	0.170474	0.0519
279.0	35.1	0.166546	0.0564
283.5	35.1	0.171196	0.0925
288.0	35.1	0.172332	0.1448
292.5	35.1	0.136703	0.0662
297.0	35.1	0.170536	0.1238
301.5	35.1	0.133272	0.0859
306.0	35.1	0.131964	0.1015
310.5	35.1	0.15076	0.1791
315.0	35.1	0.151818	0.1455
319.5	35.1	0.149483	0.1364
324.0	35.1	0.107349	0.0925
328.5	35.1	0.106801	0.0797
333.0	35.1	0.144919	0.213
337.5	35.1	0.119953	0.1192
342.0	35.1	0.101317	0.1011
346.5	35.1	0.101976	0.0696
351.0	35.1	0.0933772	0.0784
355.5	35.1	0.0967574	0.1241
360.0	35.1	0.0865343	0.0958
364.5	35.1	0.103187	0.1483
369.0	35.1	0.131208	0.2165
373.5	35.1	0.0781818	0.0858
378.0	35.1	0.0804808	0.1086
382.5	35.1	0.105336	0.2174
387.0	35.1	0.0861613	0.177
391.5	35.1	0.0839334	0.1565
396.0	35.1	0.0650409	0.1116
400.5	35.1	0.0686817	0.1601
405.0	35.1	0.0640661	0.1381
409.5	35.1	0.048771	0.1164
414.0	35.1	0.0435962	0.0978
418.5	35.1	0.0456936	0.1032
423.0	35.1	0.047133	0.1214
427.5	35.1	0.0477769	0.1116
432.0	35.1	0.054837	0.1086
436.5	35.1	0.0471817	0.1161
441.0	35.1	0.0536763	0.1151
445.5	35.1	0.0666076	0.1545
-450.0	37.6667	0.0482296	0.2812
-445.5	37.6667	0.034644	0.1249
-441.0	37.6667	0.049191	0.1508
-436.5	37.6667	0.0602105	0.3455
-432.0	37.6667	0.0345348	0.1367
-427.5	37.6667	0.0478867	0.2577
-423.0	37.6667	0.0342666	0.1244
-418.5	37.6667	0.0438071	0.205
-414.0	37.6667	0.0329631	0.1082
-409.5	37.6667	0.0355609	0.0948
-405.0	37.6667	0.051852	0.1971
-400.5	37.6667	0.052158	0.1122
-396.0	37.6667	0.0522556	0.1006
-391.5	37.6667	0.153256	0.451
-387.0	37.6667	0.0549463	0.1292
-382.5	37.6667	0.0541219	0.1351
-378.0	37.6667	0.0738251	0.1365
-373.5	37.6667	0.0708569	0.1034
-369.0	37.6667	0.0765174	0.1683
-364.5	37.6667	0.0739417	0.0933
-360.0	37.6667	0.0777129	0.1024
-355.5	37.6667	0.0771477	0.1068
-351.0	37.6667	0.0707872	0.0816
-346.5	37.6667	0.112072	0.1492
-342.0	37.6667	0.092977	0.1017
-337.5	37.6667	0.0885699	0.1281
-333.0	37.6667	0.0874008	0.0816
-328.5	37.6667	0.105263	0.1328
-324.0	37.6667	0.109079	0.0931
-319.5	37.6667	0.100225	0.0633
-315.0	37.6667	0.12576	0.0883
-310.5	37.6667	0.125652	0.0653
-306.0	37.6667	0.137517	0.071
-301.5	37.6667	0.130469	0.0784
-297.0	37.6667	0.163625	0.201
-292.5	37.6667	0.174066	0.1553
-288.0	37.6667	0.191474	0.1285
-283.5	37.6667	0.173661	0.068
-279.0	37.6667	0.22227	0.1675
-274.5	37.6667	0.225461	0.0871
-270.0	37.6667	0.198269	0.0511
-265.5	37.6667	0.207354	0.0503
-261.0	37.6667	0.241414	0.0631
-256.5	37.6667	0.272508	0.0572
-252.0	37.6667	0.269028	0.0527
-247.5	37.6667	0.309876	0.0661
-243.0	37.6667	0.325617	0.0532
-238.5	37.6667	0.358515	0.0507
-234.0	37.6667	0.379099	0.0458
-229.5	37.6667	0.455201	0.1089
-225.0	37.6667	0.477209	0.068
-220.5	37.6667	0.504842	0.0499
-216.0	37.6667	0.547453	0.0527
-211.5	37.6667	0.637311	0.057
-207.0	37.6667	0.662068	0.0424
-202.5	37.6667	0.655555	0.0434
-198.0	37.6667	0.686494	0.0355
-193.5	37.6667	0.784416	0.0455
-189.0	37.6667	0.858799	0.0448
-184.5	37.6667	0.921983	0.0443
-180.0	37.6667	0.984477	0.0375
-175.5	37.6667	1.106	0.0423
-171.0	37.6667	1.18112	0.0407
-166.5	37.6667	1.21165	0.0373
-162.0	37.6667	1.32713	0.0376
-157.5	37.6667	1.40065	0.0367
-153.0	37.6667	1.50118	0.034
-148.5	37.6667	1.65602	0.0426
-144.0	37.6667	1.69033	0.0379
-139.5	37.6667	1.74285	0.0356
-135.0	37.6667	1.9376	0.0332
-130.5	37.6667	2.08063	0.0364
-126.0	37.6667	2.17341	0.034
-121.5	37.6667	2.27107	0.0284
-117.0	37.6667	2.28426	0.0237
-112.5	37.6667	2.51693	0.0234
-108.0	37.6667	2.66423	0.0298
-103.5	37.6667	3.09463	0.0435
-99.0	37.6667	3.20987	0.0414
-94.5	37.6667	3.33948	0.0333
-90.0	37.6667	3.53711	0.0406
-85.5	37.6667	3.52578	0.0296
-81.0	37.6667	3.89374	0.0374
-76.5	37.6667	4.46069	0.0445
-72.0	37.6667	4.34218	0.0341
-67.5	37.6667	4.44365	0.0336
-63.0	37.6667	4.39733	0.0269
-58.5	37.6667	4.66864	0.0362
-54.0	37.6667	4.53435	0.034
-49.5	37.6667	4.90596	0.0474
-45.0	37.6667	4.66768	0.0308
-40.5	37.6667	4.6561	0.0364
-36.0	37.6667	5.06941	0.0434
-31.5	37.6667	4.99215	0.0523
-27.0	37.6667	4.55788	0.0331
-22.5	37.6667	4.30887	0.0323
-18.0	37.6667	4.46243	0.0396
-13.5	37.6667	3.94258	0.0369
-9.0	37.6667	3.24372	0.0189
-4.5	37.6667	3.15994	0.0232
0.0	37.6667	3.00969	0.0169
4.5	37.6667	3.03854	0.0174
9.0	37.6667	3.32943	0.027
13.5	37.6667	4.20152	0.0403
18.0	37.6667	4.27449	0.0364
22.5	37.6667	4.24489	0.0298
27.0	37.6667	4.38132	0.034
31.5	37.6667	4.38639	0.0341
36.0	37.6667	4.43754	0.0327
40.5	37.6667	4.54226	0.0333
45.0	37.6667	4.61245	0.0463
49.5	37.6667	4.38413	0.0305
54.0	37.6667	4.26949	0.0316
58.5	37.6667	4.26244	0.0355
63.0	37.6667	4.36553	0.0363
67.5	37.6667	4.10019	0.0331
72.0	37.6667	4.01308	0.0314
76.5	37.6667	4.06721	0.0367
81.0	37.6667	3.86082	0.0332
85.5	37.6667	3.83212	0.0373
90.0	37.6667	3.40432	0.0254
94.5	37.6667	3.50834	0.0334
99.0	37.6667	3.46982	0.0399
103.5	37.6667	3.53471	0.0472
108.0	37.6667	3.17187	0.0362
112.5	37.6667	2.85372	0.0288
117.0	37.6667	3.08338	0.0541
121.5	37.6667	2.77442	0.0395
126.0	37.6667	2.6664	0.046
130.5	37.6667	2.46782	0.0451
135.0	37.6667	2.22456	0.0333
139.5	37.6667	2.06576	0.0372
144.0	37.6667	2.0506	0.042
148.5	37.6667	1.87081	0.0393
153.0	37.6667	1.80752	0.0364
157.5	37.6667	1.75438	0.0509
162.0	37.6667	1.49973	0.0389
166.5	37.6667	1.47867	0.0497
171.0	37.6667	1.27392	0.0502
175.5	37.6667	1.26781	0.0481
180.0	37.6667	1.09611	0.0423
184.5	37.6667	0.97655	0.04
189.0	37.6667	0.902559	0.0467
193.5	37.6667	0.795632	0.0537
198.0	37.6667	0.661626	0.0359
202.5	37.6667	0.686984	0.0533
207.0	37.6667	0.551811	0.0516
211.5	37.6667	0.463143	0.0351
216.0	37.6667	0.49177	0.0588
220.5	37.6667	0.420739	0.0642
225.0	37.6667	0.37334	0.0531
229.5	37.6667	0.327837	0.0673
234.0	37.6667	0.324144	0.0923
238.5	37.6667	0.280437	0.0583
243.0	37.6667	0.251051	0.0456
247.5	37.6667	0.305986	0.0948
252.0	37.6667	0.206651	0.0516
256.5	37.6667	0.203254	0.0541
261.0	37.6667	0.189854	0.0735
265.5	37.6667	0.189054	0.0985
270.0	37.6667	0.161505	0.0635
274.5	37.6667	0.200752	0.1457
279.0	37.6667	0.190237	0.1269
283.5	37.6667	0.15278	0.0705
288.0	37.6667	0.149449	0.0542
292.5	37.6667	0.230397	0.2926
297.0	37.6667	0.134572	0.058
301.5	37.6667	0.13525	0.0686
306.0	37.6667	0.141662	0.0999
310.5	37.6667	0.122266	0.083
315.0	37.6667	0.147193	0.1559
319.5	37.6667	0.148294	0.1043
324.0	37.6667	0.111851	0.0686
328.5	37.6667	0.137588	0.1832
333.0	37.6667	0.10661	0.0658
337.5	37.6667	0.151965	0.2148
342.0	37.6667	0.12335	0.1455
346.5	37.6667	0.106418	0.1024
351.0	37.6667	0.0926071	0.0847
355.5	37.6667	0.106485	0.1294
360.0	37.6667	0.0848917	0.1162
364.5	37.6667	0.0769353	0.0731
369.0	37.6667	0.0917766	0.1213
373.5	37.6667	0.0739811	0.0822
378.0	37.6667	0.0827257	0.1253
382.5	37.6667	0.118685	0.1982
387.0	37.6667	0.0614693	0.0867
391.5	37.6667	0.0681474	0.0874
396.0	37.6667	0.0586397	0.0946
400.5	37.6667	0.0514097	0.0808
405.0	37.6667	0.0551698	0.1475
409.5	37.6667	0.0460898	0.1112
414.0	37.6667	0.0396049	0.117
418.5	37.6667	0.0470021	0.1233
423.0	37.6667	0.039725	0.0987
427.5	37.6667	0.0630031	0.2079
432.0	37.6667	0.0546196	0.1615
436.5	37.6667	0.0757378	0.1809
441.0	37.6667	0.0992121	0.2725
445.5	37.6667	0.0748906	0.225
-450.0	40.2333	0.039024	0.2216
-445.5	40.2333	0.0546612	0.3549
-441.0	40.2333	0.0487298	0.3397
-436.5	40.2333	0.0375371	0.182
-432.0	40.2333	0.0429883	0.214
-427.5	40.2333	0.0375126	0.1188
-423.0	40.2333	0.0309112	0.0991
-418.5	40.2333	0.0314061	0.1216
-414.0	40.2333	0.0356833	0.0976
-409.5	40.2333	0.0416264	0.1129
-405.0	40.2333	0.0890482	0.3713
-400.5	40.2333	0.0417242	0.094
-396.0	40.2333	0.0490516	0.1505
-391.5	40.2333	0.0562941	0.1576
-387.0	40.2333	0.0804312	0.1894
-382.5	40.2333	0.0736639	0.1378
-378.0	40.2333	0.0573198	0.1236
-373.5	40.2333	0.0725824	0.101
-369.0	40.2333	0.0761602	0.1387
-364.5	40.2333	0.0803917	0.1565
-360.0	40.2333	0.0714528	0.0834
-355.5	40.2333	0.0760895	0.0823
-351.0	40.2333	0.0786736	0.0958
-346.5	40.2333	0.0782494	0.0964
-342.0	40.2333	0.0750668	0.0767
-337.5	40.2333	0.0926201	0.0925
-333.0	40.2333	0.0843306	0.0763
-328.5	40.2333	0.100299	0.0796
-324.0	40.2333	0.153666	0.2014
-319.5	40.2333	0.14049	0.1918
-315.0	40.2333	0.107387	0.0784
-310.5	40.2333	0.125786	0.0829
-306.0	40.2333	0.123901	0.0594
-301.5	40.2333	0.139474	0.0749
-297.0	40.2333	0.145696	0.0659
-292.5	40.2333	0.134862	0.0574
-288.0	40.2333	0.199316	0.1662
-283.5	40.2333	0.166672	0.097
-279.0	40.2333	0.173513	0.0557
-274.5	40.2333	0.249662	0.1642
-270.0	40.2333	0.201626	0.0681
-265.5	40.2333	0.228529	0.0756
-261.0	40.2333	0.230566	0.0556
-256.5	40.2333	0.25872	0.0628
-252.0	40.2333	0.280404	0.0585
-247.5	40.2333	0.299249	0.0483
-243.0	40.2333	0.314296	0.0526
-238.5	40.2333	0.379262	0.1041
-234.0	40.2333	0.32737	0.0398
-229.5	40.2333	0.365193	0.0407
-225.0	40.2333	0.457159	0.0542
-220.5	40.2333	0.498486	0.0432
-216.0	40.2333	0.578845	0.0742
-211.5	40.2333	0.574616	0.0663
-207.0	40.2333	0.633452	0.0581
-202.5	40.2333	0.628379	0.0437
-198.0	40.2333	0.693988	0.0408
-193.5	40.2333	0.813438	0.0419
-189.0	40.2333	0.820864	0.0464
-184.5	40.2333	0.930682	0.0466
-180.0	40.2333	1.03286	0.0489
-175.5	40.2333	1.07167	0.045
-171.0	40.2333	1.16429	0.0508
-166.5	40.2333	1.17287	0.0366
-162.0	40.2333	1.25314	0.0391
-157.5	40.2333	1.39768	0.0398
-153.0	40.2333	1.44968	0.0373
-148.5	40.2333	1.57432	0.0369
-144.0	40.2333	1.6441	0.0352
-139.5	40.2333	1.86185	0.0353
-135.0	40.2333	2.05	0.033
-130.5	40.2333	2.07068	0.0354
-126.0	40.2333	2.2356	0.0338
-121.5	40.2333	2.30186	0.0377
-117.0	40.2333	2.51294	0.0355
-112.5	40.2333	2.91535	0.1539
-108.0	40.2333	2.80748	0.0341
-103.5	40.2333	3.0194	0.0325
-99.0	40.2333	3.12523	0.0356
-94.5	40.2333	3.18665	0.0303
-90.0	40.2333	3.29859	0.0378
-85.5	40.2333	3.87604	0.0498
-81.0	40.2333	3.85958	0.0295
-76.5	40.2333	3.9831	0.0341
-72.0	40.2333	4.35525	0.0375
-67.5	40.2333	4.47806	0.0354
-63.0	40.2333	4.53251	0.0373
-58.5	40.2333	4.73972	0.039
-54.0	40.2333	4.66882	0.0357
-49.5	40.2333	4.48913	0.0296
-45.0	40.2333	4.58124	0.0305
-40.5	40.2333	4.91068	0.0367
-36.0	40.2333	4.63108	0.0363
-31.5	40.2333	4.59046	0.0328
-27.0	40.2333	4.84814	0.043
-22.5	40.2333	4.43833	0.0336
-18.0	40.2333	4.40044	0.038
-13.5	40.2333	4.0665	0.0386
-9.0	40.2333	3.25157	0.0236
-4.5	40.2333	3.12451	0.0326
0.0	40.2333	3.04868	0.0282
4.5	40.2333	2.97092	0.0182
9.0	40.2333	3.13956	0.0234
13.5	40.2333	4.07536	0.045
18.0	40.2333	4.18475	0.0397
22.5	40.2333	4.21333	0.0365
27.0	40.2333	4.52417	0.0385
31.5	40.2333	4.47252	0.0366
36.0	40.2333	4.36108	0.0324
40.5	40.2333	4.63978	0.0422
45.0	40.2333	4.29314	0.0334
49.5	40.2333	4.05128	0.0249
54.0	40.2333	4.36245	0.0352
58.5	40.2333	4.32075	0.032
63.0	40.2333	4.21796	0.0353
67.5	40.2333	4.31443	0.0372
72.0	40.2333	4.21386	0.0352
76.5	40.2333	3.85519	0.0312
81.0	40.2333	3.8456	0.0333
85.5	40.2333	3.57862	0.0312
90.0	40.2333	3.73444	0.0404
94.5	40.2333	3.6542	0.0402
99.0	40.2333	3.1677	0.0317
103.5	40.2333	3.47089	0.04
108.0	40.2333	3.01095	0.0339
112.5	40.2333	2.76596	0.031
117.0	40.2333	2.70655	0.0379
121.5	40.2333	2.85033	0.0418
126.0	40.2333	2.28053	0.0239
130.5	40.2333	2.29187	0.0324
135.0	40.2333	2.11771	0.0312
139.5	40.2333	2.1516	0.0379
144.0	40.2333	2.01618	0.0354
148.5	40.2333	1.84245	0.0375
153.0	40.2333	1.81709	0.0393
157.5	40.2333	1.60896	0.0324
162.0	40.2333	1.52805	0.0376
166.5	40.2333	1.31684	0.051
171.0	40.2333	1.33593	0.0423
175.5	40.2333	1.18448	0.05
180.0	40.2333	1.21974	0.0618
184.5	40.2333	1.08062	0.0531
189.0	40.2333	0.844955	0.0446
193.5	40.2333	0.816003	0.0528
198.0	40.2333	0.674299	0.0401
202.5	40.2333	0.610494	0.0627
207.0	40.2333	0.554722	0.0437
211.5	40.2333	0.507749	0.0495
216.0	40.2333	0.479421	0.0501
220.5	40.2333	0.442005	0.0584
225.0	40.2333	0.421199	0.0704
229.5	40.2333	0.374324	0.0656
234.0	40.2333	0.316105	0.0512
238.5	40.2333	0.273579	0.0652
243.0	40.2333	0.258718	0.0545
247.5	40.2333	0.227206	0.0435
252.0	40.2333	0.221878	0.0768
256.5	40.2333	0.186752	0.0463
261.0	40.2333	0.184227	0.0684
265.5	40.2333	0.183762	0.0728
270.0	40.2333	0.196654	0.1251
274.5	40.2333	0.165108	0.0587
279.0	40.2333	0.157979	0.0635
283.5	40.2333	0.150768	0.0908
288.0	40.2333	0.205494	0.1662
292.5	40.2333	0.175495	0.1329
297.0	40.2333	0.134416	0.0911
301.5	40.2333	0.169496	0.1797
306.0	40.2333	0.132641	0.0884
310.5	40.2333	0.131218	0.1003
315.0	40.2333	0.143483	0.1415
319.5	40.2333	0.129489	0.0903
324.0	40.2333	0.130539	0.1312
328.5	40.2333	0.135767	0.1424
333.0	40.2333	0.120998	0.0976
337.5	40.2333	0.109726	0.0664
342.0	40.2333	0.0996288	0.0675
346.5	40.2333	0.118843	0.0905
351.0	40.2333	0.0997345	0.0881
355.5	40.2333	0.10155	0.1471
360.0	40.2333	0.117197	0.1509
364.5	40.2333	0.0829814	0.0685
369.0	40.2333	0.0893143	0.1222
373.5	40.2333	0.075158	0.1025
378.0	40.2333	0.0884559	0.2153
382.5	40.2333	0.0629091	0.0822
387.0	40.2333	0.0632745	0.0844
391.5	40.2333	0.074975	0.1606
396.0	40.2333	0.122858	0.3072
400.5	40.2333	0.0648092	0.1443
405.0	40.2333	0.0526207	0.1203
409.5	40.2333	0.0526878	0.1544
414.0	40.2333	0.0740338	0.3202
418.5	40.2333	0.0446229	0.1695
423.0	40.2333	0.0399455	0.0889
427.5	40.2333	0.0386506	0.1851
432.0	40.2333	0.0746081	0.2341
436.5	40.2333	0.0443227	0.1058
441.0	40.2333	0.107454	0.2832
445.5	40.2333	0.0793419	0.3081
-450.0	42.8	0.0465639	0.1998
-445.5	42.8	0.0373446	0.1692
-441.0	42.8	0.0657652	0.3981
-436.5	42.8	0.0329926	0.1048
-432.0	42.8	0.0439351	0.2217
-427.5	42.8	0.0461027	0.2628
-423.0	42.8	0.0324551	0.1147
-418.5	42.8	0.0412475	0.2972
-414.0	42.8	0.0379818	0.118
-409.5	42.8	0.0375517	0.1228
-405.0	42.8	0.0394798	0.0954
-400.5	42.8	0.0441624	0.1565
-396.0	42.8	0.0506452	0.1033
-391.5	42.8	0.0618833	0.1196
-387.0	42.8	0.0780142	0.2075
-382.5	42.8	0.0690033	0.1617
-378.0	42.8	0.058429	0.1071
-373.5	42.8	0.0618269	0.098
-369.0	42.8	0.0676339	0.0845
-364.5	42.8	0.069557	0.0874
-360.0	42.8	0.0764108	0.2102
-355.5	42.8	0.0705627	0.0855
-351.0	42.8	0.0807969	0.087
-346.5	42.8	0.124507	0.2152
-342.0	42.8	0.0970422	0.126
-337.5	42.8	0.102409	0.1341
-333.0	42.8	0.0943097	0.0957
-328.5	42.8	0.0905116	0.0734
-324.0	42.8	0.119693	0.093
-319.5	42.8	0.107331	0.0666
-315.0	42.8	0.105996	0.0785
-310.5	42.8	0.122769	0.0718
-306.0	42.8	0.134924	0.1101
-301.5	42.8	0.157183	0.1968
-297.0	42.8	0.11522	0.0497
-292.5	42.8	0.144089	0.0679
-288.0	42.8	0.167726	0.0632
-283.5	42.8	0.158471	0.052
-279.0	42.8	0.186574	0.0629
-274.5	42.8	0.203148	0.0747
-270.0	42.8	0.195972	0.0535
-265.5	42.8	0.237476	0.0863
-261.0	42.8	0.232482	0.0626
-256.5	42.8	0.262204	0.0612
-252.0	42.8	0.2719	0.0535
-247.5	42.8	0.31221	0.1377
-243.0	42.8	0.321897	0.0776
-238.5	42.8	0.348078	0.0532
-234.0	42.8	0.3693	0.0434
-229.5	42.8	0.38044	0.0476
-225.0	42.8	0.434719	0.043
-220.5	42.8	0.466257	0.0492
-216.0	42.8	0.554605	0.0715
-211.5	42.8	0.548958	0.0442
-207.0	42.8	0.585367	0.0705
-202.5	42.8	0.643153	0.054
-198.0	42.8	0.710986	0.0559
-193.5	42.8	0.743594	0.037
-189.0	42.8	0.845994	0.0405
-184.5	42.8	0.87014	0.0403
-180.0	42.8	1.03675	0.0477
-175.5	42.8	1.01763	0.0338
-171.0	42.8	1.08765	0.0326
-166.5	42.8	1.15228	0.0327
-162.0	42.8	1.23373	0.0391
-157.5	42.8	1.34423	0.0384
-153.0	42.8	1.52492	0.0394
-148.5	42.8	1.64191	0.0366
-144.0	42.8	1.73373	0.0395
-139.5	42.8	1.76194	0.0299
-135.0	42.8	1.90333	0.037
-130.5	42.8	2.01107	0.0355
-126.0	42.8	2.01244	0.028
-121.5	42.8	2.37147	0.0382
-117.0	42.8	2.56502	0.0369
-112.5	42.8	2.63505	0.0359
-108.0	42.8	2.79739	0.0353
-103.5	42.8	2.8848	0.034
-99.0	42.8	3.14902	0.0375
-94.5	42.8	3.08125	0.035
-90.0	42.8	3.26664	0.0275
-85.5	42.8	3.47722	0.0288
-81.0	42.8	3.73092	0.0328
-76.5	42.8	4.01668	0.036
-72.0	42.8	4.57263	0.046
-67.5	42.8	4.1542	0.0282
-63.0	42.8	4.86077	0.0466
-58.5	42.8	4.61727	0.0364
-54.0	42.8	4.65607	0.0339
-49.5	42.8	4.66548	0.0385
-45.0	42.8	4.5957	0.0392
-40.5	42.8	4.51882	0.0359
-36.0	42.8	4.28636	0.027
-31.5	42.8	4.39475	0.0301
-27.0	42.8	4.6522	0.0383
-22.5	42.8	4.02096	0.0313
-18.0	42.8	4.33195	0.0587
-13.5	42.8	4.16228	0.0389
-9.0	42.8	3.3522	0.0347
-4.5	42.8	2.99676	0.0239
0.0	42.8	3.02181	0.0276
4.5	42.8	2.92304	0.0196
9.0	42.8	3.05194	0.022
13.5	42.8	3.83044	0.0348
18.0	42.8	3.96811	0.0345
22.5	42.8	4.22211	0.0349
27.0	42.8	4.35362	0.0348
31.5	42.8	4.29767	0.0355
36.0	42.8	4.4495	0.0343
40.5	42.8	4.46095	0.0372
45.0	42.8	4.16719	0.0285
49.5	42.8	4.18328	0.0296
54.0	42.8	4.39573	0.0353
58.5	42.8	4.02858	0.0304
63.0	42.8	4.14357	0.0299
67.5	42.8	4.11484	0.034
72.0	42.8	3.95271	0.0293
76.5	42.8	3.74121	0.0331
81.0	42.8	3.94543	0.0376
85.5	42.8	3.96394	0.0456
90.0	42.8	3.60385	0.0356
94.5	42.8	3.42981	0.0316
99.0	42.8	3.52003	0.0425
103.5	42.8	3.20656	0.0318
108.0	42.8	3.07032	0.038
112.5	42.8	3.10074	0.0386
117.0	42.8	2.68606	0.0291
121.5	42.8	2.60719	0.0413
126.0	42.8	2.38728	0.0309
130.5	42.8	2.36308	0.0371
135.0	42.8	2.39166	0.0435
139.5	42.8	2.06255	0.0332
144.0	42.8	2.05559	0.0431
148.5	42.8	1.85001	0.0419
153.0	42.8	1.69198	0.0408
157.5	42.8	1.57063	0.0356
162.0	42.8	1.57682	0.038
166.5	42.8	1.38582	0.0417
171.0	42.8	1.31357	0.0498
175.5	42.8	1.18047	0.0452
180.0	42.8	1.07833	0.04
184.5	42.8	1.00239	0.0461
189.0	42.8	0.896187	0.0427
193.5	42.8	0.72411	0.0377
198.0	42.8	0.749919	0.063
202.5	42.8	0.630171	0.0599
207.0	42.8	0.583385	0.0562
211.5	42.8	0.487459	0.0412
216.0	42.8	0.433644	0.0431
220.5	42.8	0.455304	0.0909
225.0	42.8	0.387971	0.0811
229.5	42.8	0.327471	0.0481
234.0	42.8	0.308703	0.0527
238.5	42.8	0.251693	0.0457
243.0	42.8	0.26063	0.0484
247.5	42.8	0.232036	0.0555
252.0	42.8	0.205848	0.0493
256.5	42.8	0.217081	0.0659
261.0	42.8	0.197285	0.0635
265.5	42.8	0.187781	0.0623
270.0	42.8	0.171165	0.0597
274.5	42.8	0.157473	0.1074
279.0	42.8	0.161049	0.0622
283.5	42.8	0.175698	0.1124
288.0	42.8	0.171598	0.0925
292.5	42.8	0.155158	0.1372
297.0	42.8	0.146692	0.077
301.5	42.8	0.139997	0.0776
306.0	42.8	0.131738	0.0705
310.5	42.8	0.134182	0.1105
315.0	42.8	0.152846	0.2119
319.5	42.8	0.136708	0.1589
324.0	42.8	0.164	0.2515
328.5	42.8	0.195356	0.2321
333.0	42.8	0.106577	0.0727
337.5	42.8	0.0854465	0.0609
342.0	42.8	0.0884431	0.0637
346.5	42.8	0.105935	0.1198
351.0	42.8	0.139876	0.2626
355.5	42.8	0.0975697	0.1111
360.0	42.8	0.100038	0.1379
364.5	42.8	0.0941724	0.0985
369.0	42.8	0.103181	0.2088
373.5	42.8	0.0768359	0.1254
378.0	42.8	0.123553	0.2391
382.5	42.8	0.0959796	0.1237
387.0	42.8	0.0715523	0.1278
391.5	42.8	0.0705139	0.1919
396.0	42.8	0.0600726	0.0891
400.5	42.8	0.0530918	0.0921
405.0	42.8	0.057088	0.1311
409.5	42.8	0.0441206	0.1038
414.0	42.8	0.0529654	0.1314
418.5	42.8	0.040872	0.1058
423.0	42.8	0.0441268	0.1123
427.5	42.8	0.0438647	0.1231
432.0	42.8	0.0432967	0.1039
436.5	42.8	0.0585399	0.2832
441.0	42.8	0.0572553	0.1492
445.5	42.8	0.0695786	0.1235
-450.0	45.3667	0.0734107	0.2974
-445.5	45.3667	0.0432858	0.1107
-441.0	45.3667	0.0269406	0.1222
-436.5	45.3667	0.0342874	0.2496
-432.0	45.3667	0.0643601	0.4446
-427.5	45.3667	0.0351245	0.1181
-423.0	45.3667	0.0316047	0.1308
-418.5	45.3667	0.0595348	0.3236
-414.0	45.3667	0.0413377	0.1489
-409.5	45.3667	0.0426182	0.1436
-405.0	45.3667	0.0438561	0.1646
-400.5	45.3667	0.0433252	0.1116
-396.0	45.3667	0.0937992	0.3208
-391.5	45.3667	0.0588367	0.1336
-387.0	45.3667	0.0570925	0.1421
-382.5	45.3667	0.0895208	0.2983
-378.0	45.3667	0.0608866	0.0956
-373.5	45.3667	0.0710187	0.1148
-369.0	45.3667	0.0756946	0.1048
-364.5	45.3667	0.0717878	0.0899
-360.0	45.3667	0.0734764	0.0878
-355.5	45.3667	0.0743462	0.1114
-351.0	45.3667	0.0699352	0.0834
-346.5	45.3667	0.0736711	0.0843
-342.0	45.3667	0.0748269	0.0841
-337.5	45.3667	0.161958	0.4183
-333.0	45.3667	0.15072	0.4698
-328.5	45.3667	0.0872229	0.0773
-324.0	45.3667	0.100455	0.0758
-319.5	45.3667	0.120816	0.1236
-315.0	45.3667	0.13518	0.077
-310.5	45.3667	0.225253	0.503
-306.0	45.3667	0.128956	0.0804
-301.5	45.3667	0.12542	0.0665
-297.0	45.3667	0.139388	0.0662
-292.5	45.3667	0.137256	0.0609
-288.0	45.3667	0.154022	0.08
-283.5	45.3667	0.169162	0.0593
-279.0	45.3667	0.160365	0.0574
-274.5	45.3667	0.189312	0.0625
-270.0	45.3667	0.211003	0.0795
-265.5	45.3667	0.224563	0.0767
-261.0	45.3667	0.241677	0.063
-256.5	45.3667	0.230723	0.0536
-252.0	45.3667	0.265851	0.0669
-247.5	45.3667	0.294142	0.0738
-243.0	45.3667	0.313875	0.0509
-238.5	45.3667	0.316593	0.0422
-234.0	45.3667	0.368246	0.0447
-229.5	45.3667	0.374546	0.052
-225.0	45.3667	0.434956	0.0537
-220.5	45.3667	0.459884	0.041
-216.0	45.3667	0.531348	0.0628
-211.5	45.3667	0.568889	0.0609
-207.0	45.3667	0.623915	0.0448
-202.5	45.3667	0.682746	0.0498
-198.0	45.3667	0.65889	0.0458
-193.5	45.3667	0.756386	0.0389
-189.0	45.3667	0.789996	0.0435
-184.5	45.3667	0.864379	0.038
-180.0	45.3667	0.924063	0.0352
-175.5	45.3667	1.03038	0.0369
-171.0	45.3667	1.09487	0.0363
-166.5	45.3667	1.12244	0.0417
-162.0	45.3667	1.22143	0.0321
-157.5	45.3667	1.24653	0.0352
-153.0	45.3667	1.46717	0.0397
-148.5	45.3667	1.68304	0.0508
-144.0	45.3667	1.74291	0.0365
-139.5	45.3667	1.69896	0.0316
-135.0	45.3667	1.867	0.0301
-130.5	45.3667	1.95727	0.0342
-126.0	45.3667	2.12416	0.0449
-121.5	45.3667	2.34234	0.0387
-117.0	45.3667	2.43435	0.0373
-112.5	45.3667	2.72242	0.0398
-108.0	45.3667	2.70418	0.0339
-103.5	45.3667	2.6171	0.0271
-99.0	45.3667	2.90442	0.0283
-94.5	45.3667	3.05103	0.0282
-90.0	45.3667	3.35415	0.0336
-85.5	45.3667	3.58563	0.0321
-81.0	45.3667	3.57355	0.0287
-76.5	45.3667	4.02061	0.0353
-72.0	45.3667	4.19501	0.0399
-67.5	45.3667	4.48923	0.0458
-63.0	45.3667	4.83246	0.0473
-58.5	45.3667	4.39376	0.038
-54.0	45.3667	4.76128	0.0407
-49.5	45.3667	4.31459	0.0274
-45.0	45.3667	4.62596	0.0381
-40.5	45.3667	4.26415	0.0282
-36.0	45.3667	4.66567	0.0453
-31.5	45.3667	4.47506	0.0356
-27.0	45.3667	4.32229	0.0309
-22.5	45.3667	4.38333	0.0335
-18.0	45.3667	4.02355	0.0346
-13.5	45.3667	3.91451	0.037
-9.0	45.3667	3.05761	0.0264
-4.5	45.3667	3.00413	0.035
0.0	45.3667	2.89136	0.0196
4.5	45.3667	2.94277	0.0185
9.0	45.3667	3.17711	0.0355
13.5	45.3667	3.80773	0.0396
18.0	45.3667	3.85302	0.0346
22.5	45.3667	4.00951	0.0341
27.0	45.3667	4.26305	0.0404
31.5	45.3667	4.0158	0.0305
36.0	45.3667	4.15769	0.0312
40.5	45.3667	4.01395	0.0303
45.0	45.3667	4.18628	0.0339
49.5	45.3667	4.25935	0.0357
54.0	45.3667	4.23898	0.0336
58.5	45.3667	4.08106	0.0329
63.0	45.3667	4.16207	0.0312
67.5	45.3667	4.13184	0.0347
72.0	45.3667	3.96715	0.0347
76.5	45.3667	3.921	0.0426
81.0	45.3667	3.89864	0.0403
85.5	45.3667	3.80611	0.0422
90.0	45.3667	3.78561	0.0357
94.5	45.3667	3.55783	0.0355
99.0	45.3667	3.0881	0.0288
103.5	45.3667	3.15709	0.037
108.0	45.3667	2.83642	0.0268
112.5	45.3667	2.8561	0.0379
117.0	45.3667	2.69494	0.0302
121.5	45.3667	2.5689	0.0421
126.0	45.3667	2.32079	0.0305
130.5	45.3667	2.31178	0.0354
135.0	45.3667	2.17978	0.0386
139.5	45.3667	1.97857	0.0315
144.0	45.3667	1.90747	0.0353
148.5	45.3667	1.8251	0.0422
153.0	45.3667	1.71876	0.0402
157.5	45.3667	1.57606	0.039
162.0	45.3667	1.58971	0.0522
166.5	45.3667	1.25547	0.0314
171.0	45.3667	1.27847	0.0448
175.5	45.3667	1.22136	0.0487
180.0	45.3667	1.1478	0.0588
184.5	45.3667	1.07235	0.066
189.0	45.3667	0.831126	0.0441
193.5	45.3667	0.793553	0.0558
198.0	45.3667	0.748459	0.0767
202.5	45.3667	0.609079	0.0505
207.0	45.3667	0.55236	0.0473
211.5	45.3667	0.497048	0.058
216.0	45.3667	0.471601	0.0584
220.5	45.3667	0.440562	0.0691
225.0	45.3667	0.36434	0.0422
229.5	45.3667	0.315725	0.0382
234.0	45.3667	0.33996	0.08
238.5	45.3667	0.287867	0.0698
243.0	45.3667	0.237204	0.0633
247.5	45.3667	0.247122	0.0751
252.0	45.3667	0.210278	0.048
256.5	45.3667	0.210119	0.0639
261.0	45.3667	0.198514	0.0741
265.5	45.3667	0.180799	0.0625
270.0	45.3667	0.187799	0.1326
274.5	45.3667	0.191356	0.1061
279.0	45.3667	0.187731	0.1026
283.5	45.3667	0.156777	0.0673
288.0	45.3667	0.140625	0.1071
292.5	45.3667	0.155701	0.0866
297.0	45.3667	0.122166	0.0577
301.5	45.3667	0.136751	0.0617
306.0	45.3667	0.151114	0.1379
310.5	45.3667	0.138285	0.1164
315.0	45.3667	0.105357	0.0725
319.5	45.3667	0.116096	0.0785
324.0	45.3667	0.149262	0.2588
328.5	45.3667	0.130448	0.1366
333.0	45.3667	0.107281	0.0726
337.5	45.3667	0.0948915	0.0664
342.0	45.3667	0.110511	0.0869
346.5	45.3667	0.107034	0.1094
351.0	45.3667	0.085219	0.0883
355.5	45.3667	0.0823867	0.0776
360.0	45.3667	0.0866198	0.1152
364.5	45.3667	0.0853296	0.1194
369.0	45.3667	0.0931257	0.1479
373.5	45.3667	0.0791524	0.0964
378.0	45.3667	0.105289	0.214
382.5	45.3667	0.0783424	0.2384
387.0	45.3667	0.0752237	0.1481
391.5	45.3667	0.100516	0.2546
396.0	45.3667	0.066826	0.126
400.5	45.3667	0.0572769	0.2158
405.0	45.3667	0.0420097	0.078
409.5	45.3667	0.0483384	0.0949
414.0	45.3667	0.0448582	0.1251
418.5	45.3667	0.0372404	0.1181
423.0	45.3667	0.0514062	0.2866
427.5	45.3667	0.040341	0.0944
432.0	45.3667	0.0494044	0.1129
436.5	45.3667	0.0410998	0.111
441.0	45.3667	0.0471339	0.1084
445.5	45.3667	0.0788186	0.2909
-450.0	47.9333	0.0438773	0.1495
-445.5	47.9333	0.0325541	0.1348
-441.0	47.9333	0.0392961	0.1297
-436.5	47.9333	0.032352	0.124
-432.0	47.9333	0.0428885	0.2151
-427.5	47.9333	0.0295897	0.1149
-423.0	47.9333	0.0299632	0.0994
-418.5	47.9333	0.0289166	0.1
-414.0	47.9333	0.0328613	0.1233
-409.5	47.9333	0.0371182	0.1371
-405.0	47.9333	0.0697799	0.2119
-400.5	47.9333	0.053604	0.1477
-396.0	47.9333	0.046864	0.1236
-391.5	47.9333	0.0566143	0.1274
-387.0	47.9333	0.0689238	0.3391
-382.5	47.9333	0.0538445	0.0896
-378.0	47.9333	0.061748	0.1426
-373.5	47.9333	0.0643832	0.1277
-369.0	47.9333	0.0694713	0.1092
-364.5	47.9333	0.050687	0.0691
-360.0	47.9333	0.0851797	0.2183
-355.5	47.9333	0.0679185	0.0808
-351.0	47.9333	0.0667477	0.0818
-346.5	47.9333	0.069852	0.0959
-342.0	47.9333	0.0972729	0.1601
-337.5	47.9333	0.115512	0.1833
-333.0	47.9333	0.120014	0.2501
-328.5	47.9333	0.104882	0.0959
-324.0	47.9333	0.119087	0.1162
-319.5	47.9333	0.114815	0.0749
-315.0	47.9333	0.107848	0.0582
-310.5	47.9333	0.146963	0.2003
-306.0	47.9333	0.117131	0.0808
-301.5	47.9333	0.119983	0.0675
-297.0	47.9333	0.117327	0.0658
-292.5	47.9333	0.148803	0.1713
-288.0	47.9333	0.14305	0.0554
-283.5	47.9333	0.167067	0.0947
-279.0	47.9333	0.171407	0.0688
-274.5	47.9333	0.185673	0.0518
-270.0	47.9333	0.209803	0.0831
-265.5	47.9333	0.25289	0.1274
-261.0	47.9333	0.233737	0.061
-256.5	47.9333	0.237284	0.0637
-252.0	47.9333	0.251694	0.0514
-247.5	47.9333	0.303104	0.0757
-243.0	47.9333	0.280769	0.0423
-238.5	47.9333	0.333318	0.0564
-234.0	47.9333	0.379408	0.0667
-229.5	47.9333	0.410571	0.0588
-225.0	47.9333	0.4391	0.0445
-220.5	47.9333	0.449147	0.0439
-216.0	47.9333	0.527758	0.0451
-211.5	47.9333	0.557609	0.0543
-207.0	47.9333	0.613881	0.0603
-202.5	47.9333	0.671033	0.0487
-198.0	47.9333	0.6742	0.0459
-193.5	47.9333	0.698584	0.0427
-189.0	47.9333	0.775383	0.0396
-184.5	47.9333	0.890881	0.0407
-180.0	47.9333	0.983431	0.0376
-175.5	47.9333	1.03554	0.0441
-171.0	47.9333	1.15259	0.0438
-166.5	47.9333	1.25323	0.0584
-162.0	47.9333	1.20741	0.0314
-157.5	47.9333	1.3955	0.043
-153.0	47.9333	1.4758	0.048
-148.5	47.9333	1.4655	0.0455
-144.0	47.9333	1.64706	0.0369
-139.5	47.9333	1.73361	0.0384
-135.0	47.9333	1.84127	0.0312
-130.5	47.9333	1.93055	0.0303
-126.0	47.9333	2.21037	0.0349
-121.5	47.9333	2.149	0.0445
-117.0	47.9333	2.53984	0.0571
-112.5	47.9333	2.44796	0.0354
-108.0	47.9333	2.68453	0.0327
-103.5	47.9333	2.90045	0.0445
-99.0	47.9333	2.97278	0.0343
-94.5	47.9333	3.08266	0.0311
-90.0	47.9333	3.02271	0.0249
-85.5	47.9333	3.48228	0.034
-81.0	47.9333	3.8295	0.0419
-76.5	47.9333	3.65128	0.0306
-72.0	47.9333	4.00293	0.0371
-67.5	47.9333	4.20575	0.033
-63.0	47.9333	4.24691	0.0289
-58.5	47.9333	4.53496	0.0372
-54.0	47.9333	4.36916	0.0347
-49.5	47.9333	4.15439	0.0374
-45.0	47.9333	4.69443	0.0409
-40.5	47.9333	4.32838	0.0346
-36.0	47.9333	4.37274	0.0375
-31.5	47.9333	4.4342	0.0346
-27.0	47.9333	4.35633	0.0351
-22.5	47.9333	4.31653	0.036
-18.0	47.9333	3.96209	0.0397
-13.5	47.9333	4.11075	0.0724
-9.0	47.9333	2.98656	0.0234
-4.5	47.9333	2.88519	0.0214
0.0	47.9333	2.9536	0.0406
4.5	47.9333	2.72549	0.0194
9.0	47.9333	2.89314	0.0205
13.5	47.9333	3.87286	0.0396
18.0	47.9333	3.96233	0.0356
22.5	47.9333	4.45903	0.0427
27.0	47.9333	3.92852	0.0316
31.5	47.9333	4.13734	0.036
36.0	47.9333	4.29801	0.0378
40.5	47.9333	4.01377	0.0354
45.0	47.9333	4.10542	0.0318
49.5	47.9333	4.03399	0.0308
54.0	47.9333	4.2817	0.0363
58.5	47.9333	4.08656	0.0358
63.0	47.9333	4.06568	0.0367
67.5	47.9333	3.78238	0.0278
72.0	47.9333	3.94306	0.0328
76.5	47.9333	3.4968	0.0276
81.0	47.9333	3.64732	0.0325
85.5	47.9333	3.56272	0.0345
90.0	47.9333	3.63215	0.0424
94.5	47.9333	3.19721	0.0284
99.0	47.9333	3.21145	0.0395
103.5	47.9333	3.02748	0.0324
108.0	47.9333	2.86698	0.031
112.5	47.9333	2.79207	0.0358
117.0	47.9333	2.65778	0.0385
121.5	47.9333	2.6538	0.0416
126.0	47.9333	2.50803	0.0371
130.5	47.9333	2.14947	0.0329
135.0	47.9333	2.26075	0.0382
139.5	47.9333	1.98702	0.0324
144.0	47.9333	1.8595	0.0424
148.5	47.9333	1.83438	0.0365
153.0	47.9333	1.78351	0.0437
157.5	47.9333	1.56808	0.0471
162.0	47.9333	1.40325	0.0354
166.5	47.9333	1.46675	0.0552
171.0	47.9333	1.34808	0.0526
175.5	47.9333	1.26593	0.0487
180.0	47.9333	1.10191	0.052
184.5	47.9333	0.942287	0.0466
189.0	47.9333	0.833769	0.0565
193.5	47.9333	0.700855	0.0405
198.0	47.9333	0.684652	0.0453
202.5	47.9333	0.654495	0.0582
207.0	47.9333	0.53211	0.0408
211.5	47.9333	0.500527	0.056
216.0	47.9333	0.493957	0.0537
220.5	47.9333	0.405642	0.0511
225.0	47.9333	0.347609	0.0594
229.5	47.9333	0.387092	0.1325
234.0	47.9333	0.332401	0.1063
238.5	47.9333	0.275081	0.0712
243.0	47.9333	0.240502	0.045
247.5	47.9333	0.285965	0.1267
252.0	47.9333	0.258644	0.1796
256.5	47.9333	0.188626	0.0572
261.0	47.9333	0.170844	0.048
265.5	47.9333	0.198126	0.1225
270.0	47.9333	0.217598	0.1575
274.5	47.9333	0.146685	0.0577
279.0	47.9333	0.170953	0.0944
283.5	47.9333	0.152583	0.062
288.0	47.9333	0.153182	0.1038
292.5	47.9333	0.168345	0.1068
297.0	47.9333	0.12599	0.0625
301.5	47.9333	0.130578	0.0651
306.0	47.9333	0.129062	0.084
310.5	47.9333	0.116054	0.0651
315.0	47.9333	0.13619	0.1047
319.5	47.9333	0.132356	0.107
324.0	47.9333	0.10605	0.0691
328.5	47.9333	0.113553	0.0682
333.0	47.9333	0.154947	0.2037
337.5	47.9333	0.107985	0.0947
342.0	47.9333	0.127803	0.1605
346.5	47.9333	0.121917	0.1458
351.0	47.9333	0.115372	0.292
355.5	47.9333	0.098653	0.0895
360.0	47.9333	0.0911799	0.1138
364.5	47.9333	0.08273	0.088
369.0	47.9333	0.0734735	0.0679
373.5	47.9333	0.0915836	0.1873
378.0	47.9333	0.0840315	0.1376
382.5	47.9333	0.0706913	0.0973
387.0	47.9333	0.0778219	0.1773
391.5	47.9333	0.060729	0.0976
396.0	47.9333	0.0625131	0.0968
400.5	47.9333	0.0485111	0.0895
405.0	47.9333	0.0403023	0.1083
409.5	47.9333	0.0560626	0.1396
414.0	47.9333	0.0394052	0.1357
418.5	47.9333	0.0526023	0.1932
423.0	47.9333	0.0426067	0.1306
427.5	47.9333	0.0399694	0.099
432.0	47.9333	0.0521064	0.1384
436.5	47.9333	0.043695	0.1201
441.0	47.9333	0.0480056	0.1071
445.5	47.9333	0.0695369	0.3339
-450.0	50.5	0.0303939	0.1306
-445.5	50.5	0.0455816	0.2157
-441.0	50.5	0.0409168	0.2314
-436.5	50.5	0.0268524	0.126
-432.0	50.5	0.0247855	0.1229
-427.5	50.5	0.0589352	0.4885
-423.0	50.5	0.0392052	0.2536
-418.5	50.5	0.0319355	0.1099
-414.0	50.5	0.0326659	0.1452
-409.5	50.5	0.0460485	0.1095
-405.0	50.5	0.0644984	0.2306
-400.5	50.5	0.047335	0.105
-396.0	50.5	0.0543338	0.1522
-391.5	50.5	0.0512322	0.1843
-387.0	50.5	0.0578774	0.144
-382.5	50.5	0.049315	0.1187
-378.0	50.5	0.0698846	0.167
-373.5	50.5	0.0580838	0.1129
-369.0	50.5	0.0953079	0.1894
-364.5	50.5	0.0726983	0.1388
-360.0	50.5	0.0662387	0.0784
-355.5	50.5	0.0591386	0.0755
-351.0	50.5	0.0699358	0.074
-346.5	50.5	0.11452	0.3246
-342.0	50.5	0.0840859	0.0984
-337.5	50.5	0.0964054	0.0761
-333.0	50.5	0.0874923	0.0776
-328.5	50.5	0.0988419	0.1469
-324.0	50.5	0.104448	0.0691
-319.5	50.5	0.0925566	0.0646
-315.0	50.5	0.106607	0.076
-310.5	50.5	0.121927	0.08
-306.0	50.5	0.120364	0.0662
-301.5	50.5	0.110542	0.0646
-297.0	50.5	0.145959	0.0785
-292.5	50.5	0.148835	0.094
-288.0	50.5	0.156998	0.0826
-283.5	50.5	0.145992	0.0655
-279.0	50.5	0.169828	0.0609
-274.5	50.5	0.183682	0.0785
-270.0	50.5	0.179733	0.0553
-265.5	50.5	0.214973	0.0642
-261.0	50.5	0.210062	0.0555
-256.5	50.5	0.223242	0.0519
-252.0	50.5	0.264271	0.0621
-247.5	50.5	0.286889	0.0578
-243.0	50.5	0.336172	0.0728
-238.5	50.5	0.312537	0.0519
-234.0	50.5	0.412598	0.1021
-229.5	50.5	0.427858	0.0689
-225.0	50.5	0.395638	0.0468
-220.5	50.5	0.420812	0.0398
-216.0	50.5	0.475778	0.0333
-211.5	50.5	0.597901	0.0684
-207.0	50.5	0.56022	0.0409
-202.5	50.5	0.631587	0.0445
-198.0	50.5	0.671403	0.0417
-193.5	50.5	0.746789	0.04
-189.0	50.5	0.783	0.036
-184.5	50.5	0.87977	0.046
-180.0	50.5	0.990025	0.0496
-175.5	50.5	1.02778	0.0405
-171.0	50.5	1.04551	0.0414
-166.5	50.5	1.15159	0.0381
-162.0	50.5	1.22636	0.0429
-157.5	50.5	1.3337	0.0355
-153.0	50.5	1.52161	0.0465
-148.5	50.5	1.46423	0.0326
-144.0	50.5	1.58869	0.0356
-139.5	50.5	1.83733	0.0363
-135.0	50.5	1.85451	0.0402
-130.5	50.5	2.00632	0.0371
-126.0	50.5	2.14599	0.0326
-121.5	50.5	2.21384	0.032
-117.0	50.5	2.25923	0.0318
-112.5	50.5	2.42198	0.0322
-108.0	50.5	2.68228	0.0423
-103.5	50.5	2.68945	0.0278
-99.0	50.5	2.95543	0.0363
-94.5	50.5	3.04139	0.0378
-90.0	50.5	3.20019	0.033
-85.5	50.5	3.43884	0.0374
-81.0	50.5	3.79932	0.038
-76.5	50.5	3.94482	0.0369
-72.0	50.5	4.0325	0.0369
-67.5	50.5	4.21652	0.0378
-63.0	50.5	4.25228	0.043
-58.5	50.5	4.22494	0.0407
-54.0	50.5	4.21817	0.0513
-49.5	50.5	3.93526	0.027
-45.0	50.5	4.32293	0.035
-40.5	50.5	4.45447	0.0414
-36.0	50.5	4.26047	0.0403
-31.5	50.5	4.60192	0.0429
-27.0	50.5	4.11634	0.0448
-22.5	50.5	4.83326	0.0819
-18.0	50.5	4.24528	0.0626
-13.5	50.5	3.78671	0.0531
-9.0	50.5	3.02005	0.0319
-4.5	50.5	2.96027	0.029
0.0	50.5	2.93944	0.0768
4.5	50.5	2.73169	0.0185
9.0	50.5	2.94251	0.0278
13.5	50.5	3.85372	0.0441
18.0	50.5	4.11303	0.0406
22.5	50.5	4.17214	0.042
27.0	50.5	4.01467	0.0356
31.5	50.5	4.39129	0.0398
36.0	50.5	4.21531	0.0374
40.5	50.5	4.0079	0.0355
45.0	50.5	3.99023	0.0305
49.5	50.5	4.06938	0.0327
54.0	50.5	4.00797	0.0317
58.5	50.5	3.86639	0.0347
63.0	50.5	3.95831	0.033
67.5	50.5	3.67672	0.0317
72.0	50.5	3.76875	0.0313
76.5	50.5	3.69916	0.0347
81.0	50.5	3.31026	0.0314
85.5	50.5	3.65024	0.0362
90.0	50.5	3.46068	0.0388
94.5	50.5	3.35054	0.0353
99.0	50.5	2.99918	0.0293
103.5	50.5	2.92525	0.0303
108.0	50.5	2.82715	0.0318
112.5	50.5	2.85478	0.0388
117.0	50.5	2.65691	0.0368
121.5	50.5	2.47798	0.0337
126.0	50.5	2.41104	0.0416
130.5	50.5	2.35802	0.0381
135.0	50.5	2.13658	0.0369
139.5	50.5	1.97993	0.0347
144.0	50.5	1.79719	0.0357
148.5	50.5	1.95189	0.0517
153.0	50.5	1.72571	0.0461
157.5	50.5	1.52334	0.0406
162.0	50.5	1.54989	0.0624
166.5	50.5	1.32639	0.046
171.0	50.5	1.27181	0.0474
175.5	50.5	1.20878	0.0546
180.0	50.5	1.00917	0.0398
184.5	50.5	0.989914	0.0607
189.0	50.5	0.772139	0.035
193.5	50.5	0.736581	0.0573
198.0	50.5	0.636348	0.0381
202.5	50.5	0.542217	0.0411
207.0	50.5	0.545713	0.0761
211.5	50.5	0.508542	0.0499
216.0	50.5	0.47341	0.0645
220.5	50.5	0.452082	0.0977
225.0	50.5	0.324107	0.049
229.5	50.5	0.337097	0.0635
234.0	50.5	0.299437	0.059
238.5	50.5	0.266201	0.0446
243.0	50.5	0.240192	0.049
247.5	50.5	0.256287	0.0638
252.0	50.5	0.263192	0.1031
256.5	50.5	0.239705	0.0841
261.0	50.5	0.189335	0.0491
265.5	50.5	0.170078	0.0536
270.0	50.5	0.155509	0.0524
274.5	50.5	0.193132	0.1085
279.0	50.5	0.159023	0.105
283.5	50.5	0.188291	0.155
288.0	50.5	0.146783	0.0691
292.5	50.5	0.159449	0.1267
297.0	50.5	0.128748	0.0807
301.5	50.5	0.150504	0.1144
306.0	50.5	0.150139	0.1289
310.5	50.5	0.149499	0.167
315.0	50.5	0.134369	0.0819
319.5	50.5	0.177519	0.1592
324.0	50.5	0.132484	0.1402
328.5	50.5	0.107456	0.0687
333.0	50.5	0.110637	0.0652
337.5	50.5	0.0900199	0.0743
342.0	50.5	0.102243	0.0906
346.5	50.5	0.110209	0.1227
351.0	50.5	0.0961968	0.0729
355.5	50.5	0.122923	0.1965
360.0	50.5	0.091569	0.1011
364.5	50.5	0.090197	0.1056
369.0	50.5	0.0941779	0.1513
373.5	50.5	0.0806106	0.119
378.0	50.5	0.0820157	0.1274
382.5	50.5	0.0634411	0.1115
387.0	50.5	0.0624097	0.1234
391.5	50.5	0.0641204	0.0911
396.0	50.5	0.0610298	0.1219
400.5	50.5	0.0565245	0.1498
405.0	50.5	0.0567212	0.1148
409.5	50.5	0.0584715	0.1946
414.0	50.5	0.0373649	0.1026
418.5	50.5	0.0516735	0.1437
423.0	50.5	0.056117	0.16
427.5	50.5	0.0623262	0.1984
432.0	50.5	0.0445664	0.0972
436.5	50.5	0.0563383	0.1646
441.0	50.5	0.0436637	0.1082
445.5	50.5	0.0623336	0.1441
-450.0	53.0667	0.0609414	0.2512
-445.5	53.0667	0.0717053	0.5427
-441.0	53.0667	0.032681	0.1244
-436.5	53.0667	0.0364393	0.1255
-432.0	53.0667	0.0266027	0.1042
-427.5	53.0667	0.0365911	0.3253
-423.0	53.0667	0.0430097	0.1487
-418.5	53.0667	0.0332065	0.1138
-414.0	53.0667	0.031854	0.1096
-409.5	53.0667	0.0451269	0.1582
-405.0	53.0667	0.0437088	0.163
-400.5	53.0667	0.0459098	0.1727
-396.0	53.0667	0.0553789	0.141
-391.5	53.0667	0.0705898	0.2499
-387.0	53.0667	0.0622726	0.1414
-382.5	53.0667	0.0530773	0.0892
-378.0	53.0667	0.0621233	0.1023
-373.5	53.0667	0.0649462	0.0986
-369.0	53.0667	0.0700354	0.1952
-364.5	53.0667	0.0951414	0.2306
-360.0	53.0667	0.0667331	0.1001
-355.5	53.0667	0.0635114	0.0773
-351.0	53.0667	0.0694308	0.0864
-346.5	53.0667	0.068059	0.0983
-342.0	53.0667	0.0788136	0.0773
-337.5	53.0667	0.0842761	0.083
-333.0	53.0667	0.102579	0.1164
-328.5	53.0667	0.0886038	0.0743
-324.0	53.0667	0.0991267	0.0958
-319.5	53.0667	0.0974843	0.0652
-315.0	53.0667	0.114379	0.0899
-310.5	53.0667	0.114291	0.1103
-306.0	53.0667	0.111522	0.0757
-301.5	53.0667	0.163508	0.1093
-297.0	53.0667	0.115559	0.0589
-292.5	53.0667	0.140793	0.0915
-288.0	53.0667	0.135092	0.0666
-283.5	53.0667	0.177152	0.0986
-279.0	53.0667	0.170221	0.0667
-274.5	53.0667	0.179084	0.0553
-270.0	53.0667	0.175577	0.0639
-265.5	53.0667	0.191591	0.0517
-261.0	53.0667	0.202339	0.0529
-256.5	53.0667	0.246463	0.0843
-252.0	53.0667	0.264709	0.0548
-247.5	53.0667	0.277633	0.0498
-243.0	53.0667	0.291079	0.0495
-238.5	53.0667	0.354206	0.0602
-234.0	53.0667	0.341832	0.0432
-229.5	53.0667	0.362516	0.0456
-225.0	53.0667	0.405069	0.0557
-220.5	53.0667	0.447497	0.0544
-216.0	53.0667	0.540296	0.0525
-211.5	53.0667	0.49555	0.0396
-207.0	53.0667	0.555608	0.0466
-202.5	53.0667	0.666435	0.0598
-198.0	53.0667	0.609459	0.0441
-193.5	53.0667	0.760252	0.0556
-189.0	53.0667	0.753447	0.0378
-184.5	53.0667	0.846297	0.0412
-180.0	53.0667	0.909559	0.0447
-175.5	53.0667	1.00778	0.0453
-171.0	53.0667	1.0329	0.0386
-166.5	53.0667	1.21471	0.0529
-162.0	53.0667	1.14089	0.0357
-157.5	53.0667	1.35947	0.045
-153.0	53.0667	1.44041	0.0408
-148.5	53.0667	1.49831	0.0332
-144.0	53.0667	1.66137	0.0413
-139.5	53.0667	1.77649	0.0344
-135.0	53.0667	1.78895	0.0415
-130.5	53.0667	1.95791	0.0327
-126.0	53.0667	2.02561	0.0339
-121.5	53.0667	2.20972	0.0391
-117.0	53.0667	2.2302	0.0352
-112.5	53.0667	2.47235	0.0422
-108.0	53.0667	2.63822	0.0447
-103.5	53.0667	2.56539	0.0277
-99.0	53.0667	2.86777	0.0318
-94.5	53.0667	3.07741	0.0425
-90.0	53.0667	3.18918	0.0339
-85.5	53.0667	3.24773	0.0352
-81.0	53.0667	3.52757	0.0333
-76.5	53.0667	3.81271	0.0382
-72.0	53.0667	3.85627	0.0331
-67.5	53.0667	4.05464	0.0413
-63.0	53.0667	4.50936	0.0505
-58.5	53.0667	4.09073	0.0328
-54.0	53.0667	4.086	0.0285
-49.5	53.0667	3.9654	0.0279
-45.0	53.0667	4.29852	0.0445
-40.5	53.0667	4.21059	0.0298
-36.0	53.0667	4.11466	0.0287
-31.5	53.0667	4.2016	0.0354
-27.0	53.0667	4.25689	0.0324
-22.5	53.0667	4.16097	0.0434
-18.0	53.0667	3.94362	0.0426
-13.5	53.0667	3.75857	0.0487
-9.0	53.0667	3.27189	0.1189
-4.5	53.0667	2.72798	0.0214
0.0	53.0667	2.83146	0.0299
4.5	53.0667	2.59851	0.0161
9.0	53.0667	2.90518	0.0215
13.5	53.0667	3.83051	0.0438
18.0	53.0667	3.80345	0.0334
22.5	53.0667	3.94506	0.0429
27.0	53.0667	4.05357	0.0357
31.5	53.0667	3.83136	0.0318
36.0	53.0667	4.00015	0.0349
40.5	53.0667	3.95432	0.0303
45.0	53.0667	3.78474	0.0281
49.5	53.0667	3.84437	0.0298
54.0	53.0667	3.82215	0.0306
58.5	53.0667	3.78705	0.0319
63.0	53.0667	3.72171	0.0359
67.5	53.0667	3.8132	0.0334
72.0	53.0667	3.58886	0.0302
76.5	53.0667	3.48117	0.0323
81.0	53.0667	3.46874	0.038
85.5	53.0667	3.27846	0.036
90.0	53.0667	3.31726	0.0321
94.5	53.0667	2.99716	0.0259
99.0	53.0667	3.07447	0.0388
103.5	53.0667	3.10381	0.0438
108.0	53.0667	3.01914	0.0418
112.5	53.0667	2.66332	0.0315
117.0	53.0667	2.46043	0.0362
121.5	53.0667	2.51292	0.0394
126.0	53.0667	2.36186	0.0403
130.5	53.0667	2.14444	0.0349
135.0	53.0667	2.07339	0.0336
139.5	53.0667	1.94708	0.0347
144.0	53.0667	1.77769	0.0426
148.5	53.0667	1.8794	0.0477
153.0	53.0667	1.59271	0.0382
157.5	53.0667	1.47222	0.0337
162.0	53.0667	1.42948	0.0414
166.5	53.0667	1.35073	0.0423
171.0	53.0667	1.26022	0.0526
175.5	53.0667	1.17971	0.0456
180.0	53.0667	1.06368	0.0432
184.5	53.0667	1.00183	0.0534
189.0	53.0667	0.799626	0.039
193.5	53.0667	0.762097	0.0484
198.0	53.0667	0.636526	0.0435
202.5	53.0667	0.584113	0.0508
207.0	53.0667	0.59947	0.0588
211.5	53.0667	0.47687	0.0442
216.0	53.0667	0.453265	0.0528
220.5	53.0667	0.408491	0.0525
225.0	53.0667	0.363517	0.0627
229.5	53.0667	0.310513	0.0569
234.0	53.0667	0.273511	0.042
238.5	53.0667	0.2834	0.0585
243.0	53.0667	0.226782	0.0436
247.5	53.0667	0.212087	0.0482
252.0	53.0667	0.22308	0.0859
256.5	53.0667	0.224556	0.0778
261.0	53.0667	0.222599	0.1399
265.5	53.0667	0.197502	0.0895
270.0	53.0667	0.147642	0.0576
274.5	53.0667	0.167192	0.0987
279.0	53.0667	0.167995	0.0772
283.5	53.0667	0.145216	0.0668
288.0	53.0667	0.156032	0.0769
292.5	53.0667	0.142199	0.0644
297.0	53.0667	0.132758	0.0889
301.5	53.0667	0.145583	0.0806
306.0	53.0667	0.130015	0.0961
310.5	53.0667	0.10684	0.063
315.0	53.0667	0.123003	0.1001
319.5	53.0667	0.151134	0.2003
324.0	53.0667	0.118782	0.0889
328.5	53.0667	0.17061	0.2677
333.0	53.0667	0.114261	0.0752
337.5	53.0667	0.108803	0.1379
342.0	53.0667	0.134611	0.2415
346.5	53.0667	0.0833758	0.113
351.0	53.0667	0.122717	0.1689
355.5	53.0667	0.128456	0.1677
360.0	53.0667	0.0955606	0.1513
364.5	53.0667	0.112479	0.1937
369.0	53.0667	0.0710503	0.0776
373.5	53.0667	0.0829784	0.1261
378.0	53.0667	0.0809885	0.0991
382.5	53.0667	0.0716047	0.0992
387.0	53.0667	0.0736867	0.1218
391.5	53.0667	0.0591949	0.1051
396.0	53.0667	0.067561	0.1879
400.5	53.0667	0.048295	0.1006
405.0	53.0667	0.0497046	0.1067
409.5	53.0667	0.0464949	0.1092
414.0	53.0667	0.0360344	0.0969
418.5	53.0667	0.0563688	0.189
423.0	53.0667	0.0580251	0.1282
427.5	53.0667	0.0483707	0.1076
432.0	53.0667	0.0638926	0.2258
436.5	53.0667	0.0583511	0.1741
441.0	53.0667	0.0580911	0.1819
445.5	53.0667	0.0832722	0.2096
-450.0	55.6333	0.0284784	0.1174
-445.5	55.6333	0.031509	0.1177
-441.0	55.6333	0.0458004	0.2052
-436.5	55.6333	0.0511987	0.2195
-432.0	55.6333	0.0304656	0.0982
-427.5	55.6333	0.0298476	0.1094
-423.0	55.6333	0.0267127	0.1232
-418.5	55.6333	0.0313101	0.1348
-414.0	55.6333	0.0503443	0.2733
-409.5	55.6333	0.0413173	0.1897
-405.0	55.6333	0.0471462	0.1527
-400.5	55.6333	0.0443986	0.1176
-396.0	55.6333	0.0445059	0.1006
-391.5	55.6333	0.0480248	0.1312
-387.0	55.6333	0.0399979	0.0783
-382.5	55.6333	0.0492078	0.099
-378.0	55.6333	0.0554166	0.0877
-373.5	55.6333	0.056883	0.09
-369.0	55.6333	0.055401	0.0747
-364.5	55.6333	0.0649602	0.0915
-360.0	55.6333	0.0772119	0.1253
-355.5	55.6333	0.0780946	0.0859
-351.0	55.6333	0.0728008	0.0991
-346.5	55.6333	0.07712	0.082
-342.0	55.6333	0.0809645	0.1672
-337.5	55.6333	0.12353	0.2683
-333.0	55.6333	0.0848113	0.0927
-328.5	55.6333	0.105924	0.1276
-324.0	55.6333	0.132985	0.2288
-319.5	55.6333	0.110867	0.0714
-315.0	55.6333	0.117016	0.0766
-310.5	55.6333	0.118168	0.1326
-306.0	55.6333	0.129761	0.077
-301.5	55.6333	0.117477	0.066
-297.0	55.6333	0.123932	0.0597
-292.5	55.6333	0.139935	0.113
-288.0	55.6333	0.138744	0.0625
-283.5	55.6333	0.174203	0.0764
-279.0	55.6333	0.159995	0.0735
-274.5	55.6333	0.180211	0.0556
-270.0	55.6333	0.190676	0.0515
-265.5	55.6333	0.208697	0.0518
-261.0	55.6333	0.211022	0.0492
-256.5	55.6333	0.248576	0.0698
-252.0	55.6333	0.265871	0.0463
-247.5	55.6333	0.293481	0.0528
-243.0	55.6333	0.310847	0.0552
-238.5	55.6333	0.343482	0.0773
-234.0	55.6333	0.3533	0.0536
-229.5	55.6333	0.435364	0.0596
-225.0	55.6333	0.441873	0.0606
-220.5	55.6333	0.470105	0.0489
-216.0	55.6333	0.449265	0.0382
-211.5	55.6333	0.528735	0.0454
-207.0	55.6333	0.557988	0.0483
-202.5	55.6333	0.650857	0.0596
-198.0	55.6333	0.677071	0.0472
-193.5	55.6333	0.66734	0.034
-189.0	55.6333	0.772673	0.0432
-184.5	55.6333	0.819352	0.04
-180.0	55.6333	0.943142	0.0483
-175.5	55.6333	0.937796	0.0389
-171.0	55.6333	1.01205	0.0414
-166.5	55.6333	1.08026	0.0365
-162.0	55.6333	1.24464	0.0402
-157.5	55.6333	1.24614	0.0371
-153.0	55.6333	1.33901	0.0326
-148.5	55.6333	1.55698	0.0396
-144.0	55.6333	1.54719	0.0331
-139.5	55.6333	1.59039	0.0317
-135.0	55.6333	1.837	0.0434
-130.5	55.6333	1.88128	0.0376
-126.0	55.6333	1.95909	0.0314
-121.5	55.6333	2.08465	0.0349
-117.0	55.6333	2.25893	0.0344
-112.5	55.6333	2.3869	0.0294
-108.0	55.6333	2.54709	0.0368
-103.5	55.6333	2.65787	0.0392
-99.0	55.6333	2.8417	0.0373
-94.5	55.6333	2.91853	0.0314
-90.0	55.6333	3.26507	0.0362
-85.5	55.6333	3.14565	0.0287
-81.0	55.6333	3.36806	0.0344
-76.5	55.6333	3.65564	0.0363
-72.0	55.6333	3.99078	0.0427
-67.5	55.6333	3.95791	0.0355
-63.0	55.6333	4.15218	0.0392
-58.5	55.6333	4.24712	0.0405
-54.0	55.6333	3.92498	0.0319
-49.5	55.6333	4.09845	0.0332
-45.0	55.6333	4.12914	0.0298
-40.5	55.6333	4.07905	0.0355
-36.0	55.6333	4.16896	0.0339
-31.5	55.6333	4.08471	0.0328
-27.0	55.6333	4.0565	0.0382
-22.5	55.6333	4.68087	0.0747
-18.0	55.6333	4.01942	0.0452
-13.5	55.6333	3.60333	0.0322
-9.0	55.6333	2.8625	0.0269
-4.5	55.6333	2.56554	0.0161
0.0	55.6333	2.60887	0.0182
4.5	55.6333	2.80272	0.0373
9.0	55.6333	2.89105	0.0289
13.5	55.6333	3.78841	0.0433
18.0	55.6333	3.64803	0.0341
22.5	55.6333	4.2258	0.0419
27.0	55.6333	3.86909	0.0337
31.5	55.6333	3.91546	0.0441
36.0	55.6333	3.9023	0.0334
40.5	55.6333	4.03983	0.0372
45.0	55.6333	4.10176	0.0395
49.5	55.6333	3.73264	0.0282
54.0	55.6333	3.775	0.0293
58.5	55.6333	4.00214	0.0333
63.0	55.6333	3.73385	0.0313
67.5	55.6333	3.66986	0.04
72.0	55.6333	3.52843	0.0342
76.5	55.6333	3.34062	0.0278
81.0	55.6333	3.38282	0.033
85.5	55.6333	3.38688	0.0406
90.0	55.6333	3.0798	0.0326
94.5	55.6333	3.0497	0.0363
99.0	55.6333	2.85191	0.034
103.5	55.6333	3.03115	0.0421
108.0	55.6333	2.77316	0.0365
112.5	55.6333	2.78258	0.0404
117.0	55.6333	2.44142	0.0325
121.5	55.6333	2.4187	0.0357
126.0	55.6333	2.27493	0.045
130.5	55.6333	2.13133	0.0339
135.0	55.6333	2.14246	0.0379
139.5	55.6333	1.90892	0.043
144.0	55.6333	1.86326	0.0386
148.5	55.6333	1.79768	0.0491
153.0	55.6333	1.73809	0.0491
157.5	55.6333	1.48538	0.0364
162.0	55.6333	1.47656	0.046
166.5	55.6333	1.31763	0.0412
171.0	55.6333	1.21288	0.0471
175.5	55.6333	1.17981	0.0547
180.0	55.6333	1.01235	0.042
184.5	55.6333	0.896095	0.0445
189.0	55.6333	0.785516	0.0509
193.5	55.6333	0.777251	0.049
198.0	55.6333	0.71291	0.0491
202.5	55.6333	0.593262	0.0583
207.0	55.6333	0.570623	0.0771
211.5	55.6333	0.484999	0.0674
216.0	55.6333	0.447588	0.0474
220.5	55.6333	0.388364	0.0475
225.0	55.6333	0.341055	0.0546
229.5	55.6333	0.300612	0.0438
234.0	55.6333	0.274311	0.04
238.5	55.6333	0.278033	0.0591
243.0	55.6333	0.259104	0.0697
247.5	55.6333	0.246315	0.0768
252.0	55.6333	0.192253	0.0497
256.5	55.6333	0.21048	0.0691
261.0	55.6333	0.226831	0.115
265.5	55.6333	0.212312	0.1513
270.0	55.6333	0.175081	0.1098
274.5	55.6333	0.195208	0.1216
279.0	55.6333	0.162744	0.0824
283.5	55.6333	0.129375	0.0554
288.0	55.6333	0.154505	0.0712
292.5	55.6333	0.152283	0.1041
297.0	55.6333	0.123023	0.0676
301.5	55.6333	0.150326	0.1635
306.0	55.6333	0.140892	0.1639
310.5	55.6333	0.106599	0.0662
315.0	55.6333	0.111817	0.0632
319.5	55.6333	0.123454	0.1113
324.0	55.6333	0.10706	0.0644
328.5	55.6333	0.132345	0.1465
333.0	55.6333	0.124118	0.0851
337.5	55.6333	0.105187	0.1296
342.0	55.6333	0.0993327	0.0762
346.5	55.6333	0.116031	0.1634
351.0	55.6333	0.0879926	0.066
355.5	55.6333	0.100973	0.1337
360.0	55.6333	0.092682	0.1146
364.5	55.6333	0.0959492	0.176
369.0	55.6333	0.148399	0.3391
373.5	55.6333	0.0718348	0.0765
378.0	55.6333	0.0676014	0.096
382.5	55.6333	0.0725065	0.1182
387.0	55.6333	0.0740808	0.1367
391.5	55.6333	0.0924522	0.1936
396.0	55.6333	0.0774841	0.2242
400.5	55.6333	0.0558695	0.1128
405.0	55.6333	0.0393017	0.0897
409.5	55.6333	0.050998	0.1851
414.0	55.6333	0.0520198	0.1135
418.5	55.6333	0.0501652	0.2874
423.0	55.6333	0.0538534	0.1622
427.5	55.6333	0.0475748	0.0995
432.0	55.6333	0.0608758	0.2301
436.5	55.6333	0.0515842	0.1075
441.0	55.6333	0.0448398	0.0961
445.5	55.6333	0.0587629	0.1152
-450.0	58.2	0.0363313	0.096
-445.5	58.2	0.0402615	0.1654
-441.0	58.2	0.049282	0.2679
-436.5	58.2	0.0420608	0.1727
-432.0	58.2	0.0416739	0.1834
-427.5	58.2	0.0279193	0.1127
-423.0	58.2	0.0302238	0.1068
-418.5	58.2	0.0436059	0.2971
-414.0	58.2	0.0391719	0.1369
-409.5	58.2	0.042532	0.1156
-405.0	58.2	0.042472	0.1361
-400.5	58.2	0.0568989	0.2711
-396.0	58.2	0.0389592	0.0904
-391.5	58.2	0.043963	0.0932
-387.0	58.2	0.0549402	0.1384
-382.5	58.2	0.0480025	0.1035
-378.0	58.2	0.0479553	0.0979
-373.5	58.2	0.0618119	0.0963
-369.0	58.2	0.064737	0.097
-364.5	58.2	0.0669685	0.0883
-360.0	58.2	0.0831078	0.1432
-355.5	58.2	0.0761036	0.1439
-351.0	58.2	0.0637795	0.0716
-346.5	58.2	0.0761823	0.0802
-342.0	58.2	0.0682214	0.0775
-337.5	58.2	0.11116	0.1476
-333.0	58.2	0.0772242	0.0748
-328.5	58.2	0.113191	0.1844
-324.0	58.2	0.0966885	0.0737
-319.5	58.2	0.101711	0.0776
-315.0	58.2	0.124513	0.1193
-310.5	58.2	0.12886	0.086
-306.0	58.2	0.105704	0.0683
-301.5	58.2	0.132396	0.0901
-297.0	58.2	0.132616	0.0696
-292.5	58.2	0.146206	0.1061
-288.0	58.2	0.144913	0.0742
-283.5	58.2	0.172916	0.0739
-279.0	58.2	0.178185	0.0608
-274.5	58.2	0.176193	0.0645
-270.0	58.2	0.191938	0.1046
-265.5	58.2	0.216363	0.058
-261.0	58.2	0.228748	0.0707
-256.5	58.2	0.221286	0.0521
-252.0	58.2	0.242339	0.046
-247.5	58.2	0.282254	0.0476
-243.0	58.2	0.318696	0.062
-238.5	58.2	0.313725	0.0514
-234.0	58.2	0.355408	0.0601
-229.5	58.2	0.361913	0.0429
-225.0	58.2	0.385222	0.0509
-220.5	58.2	0.471403	0.0544
-216.0	58.2	0.497537	0.0518
-211.5	58.2	0.501233	0.0432
-207.0	58.2	0.542124	0.0479
-202.5	58.2	0.572665	0.037
-198.0	58.2	0.733257	0.0525
-193.5	58.2	0.698608	0.049
-189.0	58.2	0.734588	0.0418
-184.5	58.2	0.743213	0.032
-180.0	58.2	0.890358	0.0398
-175.5	58.2	0.933054	0.0391
-171.0	58.2	1.05734	0.0384
-166.5	58.2	1.25196	0.0413
-162.0	58.2	1.28351	0.0535
-157.5	58.2	1.26595	0.0363
-153.0	58.2	1.44256	0.0381
-148.5	58.2	1.5163	0.0452
-144.0	58.2	1.64371	0.0422
-139.5	58.2	1.70861	0.039
-135.0	58.2	1.84629	0.0418
-130.5	58.2	1.8714	0.0322
-126.0	58.2	2.12188	0.0385
-121.5	58.2	2.20932	0.0409
-117.0	58.2	2.33824	0.0377
-112.5	58.2	2.3705	0.0421
-108.0	58.2	2.52349	0.0361
-103.5	58.2	2.36294	0.0305
-99.0	58.2	2.80612	0.0371
-94.5	58.2	2.78821	0.0321
-90.0	58.2	3.10977	0.0352
-85.5	58.2	3.18398	0.0388
-81.0	58.2	3.41464	0.0377
-76.5	58.2	3.84033	0.0422
-72.0	58.2	3.88195	0.0409
-67.5	58.2	4.21677	0.0403
-63.0	58.2	3.89037	0.0378
-58.5	58.2	4.19975	0.0443
-54.0	58.2	4.17811	0.0419
-49.5	58.2	4.09206	0.0358
-45.0	58.2	4.10701	0.0377
-40.5	58.2	4.16507	0.0349
-36.0	58.2	4.1553	0.0433
-31.5	58.2	4.01037	0.0356
-27.0	58.2	3.88754	0.0338
-22.5	58.2	3.82833	0.0335
-18.0	58.2	3.619	0.0343
-13.5	58.2	3.35953	0.035
-9.0	58.2	2.94493	0.0427
-4.5	58.2	2.69559	0.027
0.0	58.2	2.65859	0.0286
4.5	58.2	2.74835	0.0392
9.0	58.2	2.79708	0.0244
13.5	58.2	3.60496	0.0399
18.0	58.2	3.73957	0.0366
22.5	58.2	3.82882	0.0407
27.0	58.2	4.14265	0.0421
31.5	58.2	3.7951	0.0345
36.0	58.2	3.72652	0.0316
40.5	58.2	4.02583	0.0344
45.0	58.2	3.95894	0.037
49.5	58.2	3.71572	0.0375
54.0	58.2	3.84221	0.0321
58.5	58.2	3.62203	0.0277
63.0	58.2	3.76657	0.0323
67.5	58.2	3.60378	0.0384
72.0	58.2	3.45598	0.0274
76.5	58.2	3.56909	0.0375
81.0	58.2	3.25563	0.0311
85.5	58.2	3.26703	0.0319
90.0	58.2	2.98679	0.0313
94.5	58.2	3.09324	0.0386
99.0	58.2	2.87766	0.0308
103.5	58.2	2.89973	0.0387
108.0	58.2	2.60231	0.0308
112.5	58.2	2.48404	0.0314
117.0	58.2	2.34091	0.0342
121.5	58.2	2.34243	0.0374
126.0	58.2	2.20017	0.0358
130.5	58.2	2.07078	0.0395
135.0	58.2	2.16402	0.0421
139.5	58.2	1.87444	0.0342
144.0	58.2	1.91664	0.0447
148.5	58.2	1.61052	0.0349
153.0	58.2	1.6597	0.0484
157.5	58.2	1.47434	0.034
162.0	58.2	1.23363	0.0317
166.5	58.2	1.31262	0.0443
171.0	58.2	1.16585	0.0425
175.5	58.2	1.04376	0.0457
180.0	58.2	1.04646	0.0532
184.5	58.2	0.806681	0.0393
189.0	58.2	0.798079	0.0528
193.5	58.2	0.667954	0.0484
198.0	58.2	0.683936	0.0665
202.5	58.2	0.636681	0.0588
207.0	58.2	0.48318	0.0406
211.5	58.2	0.501185	0.0619
216.0	58.2	0.395333	0.0496
220.5	58.2	0.381897	0.0671
225.0	58.2	0.302616	0.0444
229.5	58.2	0.325825	0.0518
234.0	58.2	0.319659	0.082
238.5	58.2	0.239381	0.0495
243.0	58.2	0.246308	0.0509
247.5	58.2	0.213352	0.0563
252.0	58.2	0.214475	0.0668
256.5	58.2	0.193062	0.1056
261.0	58.2	0.201074	0.0729
265.5	58.2	0.175643	0.0543
270.0	58.2	0.189871	0.0825
274.5	58.2	0.15846	0.0634
279.0	58.2	0.14521	0.0635
283.5	58.2	0.152823	0.0803
288.0	58.2	0.152577	0.1271
292.5	58.2	0.168996	0.1506
297.0	58.2	0.140399	0.0819
301.5	58.2	0.148432	0.1799
306.0	58.2	0.168895	0.1785
310.5	58.2	0.135576	0.0848
315.0	58.2	0.117384	0.0661
319.5	58.2	0.139943	0.1789
324.0	58.2	0.128501	0.0905
328.5	58.2	0.132145	0.106
333.0	58.2	0.130668	0.1021
337.5	58.2	0.131717	0.1403
342.0	58.2	0.104602	0.1101
346.5	58.2	0.123096	0.1492
351.0	58.2	0.137693	0.1835
355.5	58.2	0.120386	0.1505
360.0	58.2	0.0950545	0.0852
364.5	58.2	0.0935451	0.0839
369.0	58.2	0.078948	0.0962
373.5	58.2	0.0788615	0.0984
378.0	58.2	0.0780726	0.1409
382.5	58.2	0.0874145	0.1913
387.0	58.2	0.0887776	0.1434
391.5	58.2	0.0701689	0.1414
396.0	58.2	0.0745649	0.2109
400.5	58.2	0.0591417	0.1623
405.0	58.2	0.0536853	0.1233
409.5	58.2	0.037155	0.1188
414.0	58.2	0.0460644	0.1625
418.5	58.2	0.0496766	0.1995
423.0	58.2	0.0528213	0.132
427.5	58.2	0.0545142	0.3481
432.0	58.2	0.0520447	0.2467
436.5	58.2	0.0594281	0.1601
441.0	58.2	0.0571518	0.1918
445.5	58.2	0.0520579	0.1429
-450.0	60.7667	0.0420294	0.2385
-445.5	60.7667	0.0579806	0.3248
-441.0	60.7667	0.0337551	0.1861
-436.5	60.7667	0.0287845	0.1278
-432.0	60.7667	0.0350566	0.1804
-427.5	60.7667	0.0258145	0.1349
-423.0	60.7667	0.0428591	0.2632
-418.5	60.7667	0.0352066	0.1436
-414.0	60.7667	0.0332385	0.1176
-409.5	60.7667	0.037914	0.138
-405.0	60.7667	0.0414154	0.1593
-400.5	60.7667	0.0365629	0.1076
-396.0	60.7667	0.0525171	0.1595
-391.5	60.7667	0.0449164	0.0872
-387.0	60.7667	0.0644531	0.1733
-382.5	60.7667	0.075676	0.2948
-378.0	60.7667	0.0541701	0.1082
-373.5	60.7667	0.0550283	0.1129
-369.0	60.7667	0.0525234	0.0939
-364.5	60.7667	0.0769543	0.1686
-360.0	60.7667	0.0654269	0.1321
-355.5	60.7667	0.0663923	0.0904
-351.0	60.7667	0.0823546	0.1234
-346.5	60.7667	0.0943192	0.2081
-342.0	60.7667	0.0856113	0.1003
-337.5	60.7667	0.095858	0.0814
-333.0	60.7667	0.0909014	0.0702
-328.5	60.7667	0.099153	0.0896
-324.0	60.7667	0.111568	0.1325
-319.5	60.7667	0.103925	0.0871
-315.0	60.7667	0.100142	0.0692
-310.5	60.7667	0.107003	0.072
-306.0	60.7667	0.131958	0.0702
-301.5	60.7667	0.115552	0.0607
-297.0	60.7667	0.124669	0.0603
-292.5	60.7667	0.125006	0.0589
-288.0	60.7667	0.134416	0.0578
-283.5	60.7667	0.151526	0.0618
-279.0	60.7667	0.194126	0.108
-274.5	60.7667	0.188891	0.0663
-270.0	60.7667	0.198634	0.0653
-265.5	60.7667	0.206638	0.0616
-261.0	60.7667	0.218428	0.0578
-256.5	60.7667	0.237121	0.0668
-252.0	60.7667	0.251613	0.0593
-247.5	60.7667	0.253142	0.0673
-243.0	60.7667	0.303726	0.0789
-238.5	60.7667	0.339839	0.0629
-234.0	60.7667	0.335981	0.0541
-229.5	60.7667	0.351005	0.0538
-225.0	60.7667	0.415504	0.0569
-220.5	60.7667	0.409891	0.045
-216.0	60.7667	0.466628	0.0465
-211.5	60.7667	0.547965	0.0477
-207.0	60.7667	0.562521	0.0537
-202.5	60.7667	0.601899	0.0452
-198.0	60.7667	0.644682	0.0517
-193.5	60.7667	0.730651	0.0498
-189.0	60.7667	0.734053	0.0461
-184.5	60.7667	0.78223	0.0481
-180.0	60.7667	0.815536	0.0434
-175.5	60.7667	0.955951	0.0442
-171.0	60.7667	1.05369	0.0572
-166.5	60.7667	1.13491	0.0533
-162.0	60.7667	1.19645	0.0468
-157.5	60.7667	1.2572	0.0446
-153.0	60.7667	1.38151	0.0632
-148.5	60.7667	1.43952	0.0353
-144.0	60.7667	1.5931	0.0399
-139.5	60.7667	1.57474	0.0342
-135.0	60.7667	1.72446	0.0435
-130.5	60.7667	1.85795	0.0347
-126.0	60.7667	2.03998	0.0376
-121.5	60.7667	2.23125	0.0423
-117.0	60.7667	2.38748	0.0456
-112.5	60.7667	2.39944	0.0419
-108.0	60.7667	2.61645	0.0407
-103.5	60.7667	2.59234	0.0313
-99.0	60.7667	2.76183	0.0348
-94.5	60.7667	2.89506	0.0321
-90.0	60.7667	2.96054	0.0336
-85.5	60.7667	3.1948	0.0391
-81.0	60.7667	3.42737	0.0465
-76.5	60.7667	3.55688	0.0419
-72.0	60.7667	3.89178	0.0465
-67.5	60.7667	3.76037	0.0377
-63.0	60.7667	3.88501	0.0365
-58.5	60.7667	4.02409	0.0379
-54.0	60.7667	3.6079	0.0252
-49.5	60.7667	3.88366	0.0304
-45.0	60.7667	4.1573	0.0377
-40.5	60.7667	4.18682	0.0383
-36.0	60.7667	4.19071	0.0437
-31.5	60.7667	3.82249	0.0351
-27.0	60.7667	3.97599	0.0437
-22.5	60.7667	3.71291	0.0367
-18.0	60.7667	3.99824	0.062
-13.5	60.7667	3.5623	0.0522
-9.0	60.7667	2.69358	0.0272
-4.5	60.7667	2.63829	0.0298
0.0	60.7667	2.60744	0.0377
4.5	60.7667	2.48885	0.0167
9.0	60.7667	2.83825	0.0375
13.5	60.7667	3.67084	0.047
18.0	60.7667	3.51988	0.0353
22.5	60.7667	3.442	0.0343
27.0	60.7667	3.78726	0.0394
31.5	60.7667	3.70726	0.0356
36.0	60.7667	3.87358	0.0427
40.5	60.7667	4.06622	0.0377
45.0	60.7667	3.51391	0.031
49.5	60.7667	3.56801	0.033
54.0	60.7667	3.91638	0.0366
58.5	60.7667	3.48071	0.0313
63.0	60.7667	3.63024	0.036
67.5	60.7667	3.63166	0.0388
72.0	60.7667	3.58345	0.0444
76.5	60.7667	3.44111	0.0424
81.0	60.7667	3.18035	0.0331
85.5	60.7667	3.0575	0.0302
90.0	60.7667	2.94648	0.0298
94.5	60.7667	3.14788	0.0438
99.0	60.7667	2.78111	0.0328
103.5	60.7667	2.75303	0.0355
108.0	60.7667	2.68675	0.0361
112.5	60.7667	2.59724	0.0374
117.0	60.7667	2.4139	0.0328
121.5	60.7667	2.41954	0.0418
126.0	60.7667	2.38787	0.0432
130.5	60.7667	2.19954	0.0512
135.0	60.7667	1.85032	0.0267
139.5	60.7667	1.95173	0.0527
144.0	60.7667	1.81453	0.0369
148.5	60.7667	1.70202	0.0506
153.0	60.7667	1.54026	0.041
157.5	60.7667	1.51243	0.0499
162.0	60.7667	1.39339	0.0572
166.5	60.7667	1.18722	0.0379
171.0	60.7667	1.28969	0.0561
175.5	60.7667	1.12087	0.0668
180.0	60.7667	0.98654	0.0511
184.5	60.7667	0.840756	0.0393
189.0	60.7667	0.720769	0.0403
193.5	60.7667	0.710224	0.0486
198.0	60.7667	0.610586	0.0483
202.5	60.7667	0.569767	0.0662
207.0	60.7667	0.484636	0.0443
211.5	60.7667	0.422905	0.0509
216.0	60.7667	0.410528	0.0448
220.5	60.7667	0.335188	0.0495
225.0	60.7667	0.306673	0.0468
229.5	60.7667	0.324075	0.0611
234.0	60.7667	0.309629	0.0877
238.5	60.7667	0.255511	0.1002
243.0	60.7667	0.23987	0.0542
247.5	60.7667	0.243476	0.0673
252.0	60.7667	0.203848	0.0571
256.5	60.7667	0.21356	0.1135
261.0	60.7667	0.16946	0.0605
265.5	60.7667	0.147371	0.0558
270.0	60.7667	0.170741	0.1134
274.5	60.7667	0.151944	0.1009
279.0	60.7667	0.142845	0.0833
283.5	60.7667	0.132336	0.0602
288.0	60.7667	0.144176	0.1081
292.5	60.7667	0.142497	0.071
297.0	60.7667	0.125051	0.071
301.5	60.7667	0.165928	0.2689
306.0	60.7667	0.140153	0.1414
310.5	60.7667	0.129453	0.154
315.0	60.7667	0.137472	0.1217
319.5	60.7667	0.118278	0.0781
324.0	60.7667	0.111598	0.0685
328.5	60.7667	0.113853	0.1122
333.0	60.7667	0.119868	0.1028
337.5	60.7667	0.108464	0.0822
342.0	60.7667	0.123308	0.1306
346.5	60.7667	0.14804	0.2559
351.0	60.7667	0.09581	0.0802
355.5	60.7667	0.103939	0.2438
360.0	60.7667	0.0891393	0.1694
364.5	60.7667	0.0973776	0.1513
369.0	60.7667	0.069801	0.0785
373.5	60.7667	0.071586	0.1006
378.0	60.7667	0.0736394	0.1305
382.5	60.7667	0.0628671	0.1032
387.0	60.7667	0.0675498	0.1214
391.5	60.7667	0.063339	0.105
396.0	60.7667	0.056513	0.155
400.5	60.7667	0.0534119	0.1187
405.0	60.7667	0.0421187	0.1029
409.5	60.7667	0.0426497	0.1272
414.0	60.7667	0.0521138	0.1671
418.5	60.7667	0.0409449	0.1181
423.0	60.7667	0.0339391	0.0978
427.5	60.7667	0.0368574	0.1348
432.0	60.7667	0.0442139	0.1289
436.5	60.7667	0.0476776	0.1903
441.0	60.7667	0.0495359	0.12
445.5	60.7667	0.0511178	0.0929
-450.0	63.3333	0.0442222	0.1605
-445.5	63.3333	0.0496518	0.1803
-441.0	63.3333	0.0392965	0.1342
-436.5	63.3333	0.0341244	0.1725
-432.0	63.3333	0.0298466	0.1118
-427.5	63.3333	0.0313781	0.1148
-423.0	63.3333	0.0257389	0.1201
-418.5	63.3333	0.0364457	0.1125
-414.0	63.3333	0.0337267	0.1453
-409.5	63.3333	0.0354329	0.1325
-405.0	63.3333	0.0397646	0.1188
-400.5	63.3333	0.0385167	0.1235
-396.0	63.3333	0.048209	0.1163
-391.5	63.3333	0.0379966	0.1125
-387.0	63.3333	0.0618846	0.1836
-382.5	63.3333	0.0548211	0.0965
-378.0	63.3333	0.0522294	0.0927
-373.5	63.3333	0.0570767	0.1086
-369.0	63.3333	0.0544536	0.0974
-364.5	63.3333	0.0687671	0.1388
-360.0	63.3333	0.0622629	0.0801
-355.5	63.3333	0.0658114	0.0915
-351.0	63.3333	0.108513	0.2643
-346.5	63.3333	0.0816426	0.0958
-342.0	63.3333	0.0924962	0.1279
-337.5	63.3333	0.0919245	0.168
-333.0	63.3333	0.0858715	0.1112
-328.5	63.3333	0.10714	0.192
-324.0	63.3333	0.0949331	0.0851
-319.5	63.3333	0.0957965	0.0744
-315.0	63.3333	0.102209	0.065
-310.5	63.3333	0.100173	0.0699
-306.0	63.3333	0.107581	0.0688
-301.5	63.3333	0.137478	0.1194
-297.0	63.3333	0.121594	0.0845
-292.5	63.3333	0.129094	0.0736
-288.0	63.3333	0.14747	0.097
-283.5	63.3333	0.157681	0.0653
-279.0	63.3333	0.151184	0.0595
-274.5	63.3333	0.170504	0.0594
-270.0	63.3333	0.201137	0.0616
-265.5	63.3333	0.192774	0.0976
-261.0	63.3333	0.21159	0.0575
-256.5	63.3333	0.210837	0.0459
-252.0	63.3333	0.26255	0.0731
-247.5	63.3333	0.297993	0.0775
-243.0	63.3333	0.291082	0.0692
-238.5	63.3333	0.296161	0.0528
-234.0	63.3333	0.338698	0.0654
-229.5	63.3333	0.33711	0.049
-225.0	63.3333	0.399983	0.0501
-220.5	63.3333	0.433388	0.0471
-216.0	63.3333	0.474596	0.0536
-211.5	63.3333	0.532732	0.0486
-207.0	63.3333	0.562838	0.0469
-202.5	63.3333	0.571199	0.0399
-198.0	63.3333	0.705716	0.0504
-193.5	63.3333	0.684607	0.0385
-189.0	63.3333	0.767528	0.0416
-184.5	63.3333	0.791018	0.037
-180.0	63.3333	0.866743	0.0355
-175.5	63.3333	0.870308	0.0317
-171.0	63.3333	0.971365	0.0389
-166.5	63.3333	1.1296	0.0504
-162.0	63.3333	1.12209	0.0357
-157.5	63.3333	1.22575	0.0507
-153.0	63.3333	1.16497	0.0314
-148.5	63.3333	1.38148	0.0335
-144.0	63.3333	1.54206	0.0392
-139.5	63.3333	1.55531	0.0421
-135.0	63.3333	1.67888	0.0369
-130.5	63.3333	1.7868	0.0366
-126.0	63.3333	1.97645	0.039
-121.5	63.3333	2.26774	0.0448
-117.0	63.3333	2.11958	0.0314
-112.5	63.3333	2.28415	0.035
-108.0	63.3333	2.2361	0.0372
-103.5	63.3333	2.52667	0.041
-99.0	63.3333	2.67725	0.0439
-94.5	63.3333	2.88732	0.0352
-90.0	63.3333	2.83192	0.0335
-85.5	63.3333	3.05092	0.0341
-81.0	63.3333	3.10442	0.0337
-76.5	63.3333	3.72994	0.0459
-72.0	63.3333	3.91208	0.0527
-67.5	63.3333	4.02912	0.0506
-63.0	63.3333	3.87023	0.0367
-58.5	63.3333	3.81889	0.0342
-54.0	63.3333	3.90666	0.0328
-49.5	63.3333	4.20502	0.0415
-45.0	63.3333	3.95705	0.0446
-40.5	63.3333	3.80123	0.0374
-36.0	63.3333	3.96395	0.036
-31.5	63.3333	3.81581	0.0363
-27.0	63.3333	3.85107	0.043
-22.5	63.3333	3.90705	0.0364
-18.0	63.3333	3.60049	0.0366
-13.5	63.3333	3.31037	0.0408
-9.0	63.3333	2.64998	0.0288
-4.5	63.3333	2.57328	0.0239
0.0	63.3333	2.39538	0.0185
4.5	63.3333	2.53756	0.025
9.0	63.3333	2.70357	0.0312
13.5	63.3333	3.17312	0.0299
18.0	63.3333	3.37151	0.034
22.5	63.3333	3.69205	0.0449
27.0	63.3333	3.63017	0.032
31.5	63.3333	3.72385	0.0557
36.0	63.3333	3.77314	0.0361
40.5	63.3333	3.72791	0.0351
45.0	63.3333	3.62967	0.0389
49.5	63.3333	3.53717	0.0369
54.0	63.3333	3.83738	0.0401
58.5	63.3333	3.45316	0.0296
63.0	63.3333	3.7554	0.0456
67.5	63.3333	3.5319	0.0351
72.0	63.3333	3.54779	0.0401
76.5	63.3333	3.15344	0.0322
81.0	63.3333	3.3667	0.039
85.5	63.3333	3.24459	0.0431
90.0	63.3333	2.95162	0.0324
94.5	63.3333	2.96641	0.0384
99.0	63.3333	2.97842	0.04
103.5	63.3333	2.74367	0.0342
108.0	63.3333	2.74578	0.0451
112.5	63.3333	2.70114	0.0465
117.0	63.3333	2.39129	0.0473
121.5	63.3333	2.24731	0.0386
126.0	63.3333	2.24882	0.0377
130.5	63.3333	1.95626	0.0291
135.0	63.3333	1.88935	0.0306
139.5	63.3333	1.77098	0.0369
144.0	63.3333	1.70761	0.0375
148.5	63.3333	1.78284	0.0475
153.0	63.3333	1.41482	0.0325
157.5	63.3333	1.58659	0.0462
162.0	63.3333	1.36282	0.0363
166.5	63.3333	1.2359	0.062
171.0	63.3333	1.20152	0.0518
175.5	63.3333	0.999355	0.0382
180.0	63.3333	0.994534	0.0465
184.5	63.3333	0.804672	0.0377
189.0	63.3333	0.829468	0.0654
193.5	63.3333	0.740898	0.0629
198.0	63.3333	0.606687	0.0595
202.5	63.3333	0.610442	0.0717
207.0	63.3333	0.516755	0.0557
211.5	63.3333	0.444089	0.0473
216.0	63.3333	0.449355	0.0587
220.5	63.3333	0.39936	0.066
225.0	63.3333	0.351308	0.0507
229.5	63.3333	0.299058	0.0569
234.0	63.3333	0.292145	0.0539
238.5	63.3333	0.24707	0.069
243.0	63.3333	0.212565	0.0467
247.5	63.3333	0.195482	0.0579
252.0	63.3333	0.183445	0.0459
256.5	63.3333	0.197612	0.0877
261.0	63.3333	0.174587	0.0514
265.5	63.3333	0.220732	0.2223
270.0	63.3333	0.162443	0.0517
274.5	63.3333	0.153399	0.0578
279.0	63.3333	0.156724	0.0564
283.5	63.3333	0.139839	0.0582
288.0	63.3333	0.127158	0.1203
292.5	63.3333	0.171858	0.1425
297.0	63.3333	0.158685	0.0956
301.5	63.3333	0.124488	0.0704
306.0	63.3333	0.148809	0.1639
310.5	63.3333	0.126386	0.0879
315.0	63.3333	0.142762	0.12
319.5	63.3333	0.151427	0.1825
324.0	63.3333	0.105815	0.0806
328.5	63.3333	0.106242	0.0941
333.0	63.3333	0.0996356	0.0829
337.5	63.3333	0.101671	0.0978
342.0	63.3333	0.125289	0.1061
346.5	63.3333	0.0940929	0.0911
351.0	63.3333	0.117604	0.1441
355.5	63.3333	0.137271	0.2067
360.0	63.3333	0.0872108	0.091
364.5	63.3333	0.0762895	0.08
369.0	63.3333	0.0623935	0.073
373.5	63.3333	0.0780662	0.1332
378.0	63.3333	0.0698797	0.0958
382.5	63.3333	0.0649036	0.1446
387.0	63.3333	0.0552053	0.0973
391.5	63.3333	0.074208	0.1396
396.0	63.3333	0.0605957	0.183
400.5	63.3333	0.0496847	0.1008
405.0	63.3333	0.0553097	0.235
409.5	63.3333	0.0418717	0.1552
414.0	63.3333	0.0447566	0.1553
418.5	63.3333	0.0556053	0.2569
423.0	63.3333	0.0416064	0.1513
427.5	63.3333	0.0397906	0.1056
432.0	63.3333	0.0447012	0.2395
436.5	63.3333	0.043682	0.108
441.0	63.3333	0.0597783	0.1378
445.5	63.3333	0.0540581	0.094
-450.0	65.9	0.0351404	0.1202
-445.5	65.9	0.0425117	0.2407
-441.0	65.9	0.0670346	0.3306
-436.5	65.9	0.035413	0.1193
-432.0	65.9	0.0325949	0.1121
-427.5	65.9	0.0304746	0.1117
-423.0	65.9	0.0316701	0.1013
-418.5	65.9	0.0394015	0.1308
-414.0	65.9	0.0630818	0.2546
-409.5	65.9	0.0469426	0.1512
-405.0	65.9	0.0404214	0.1249
-400.5	65.9	0.0489682	0.1349
-396.0	65.9	0.0403798	0.1005
-391.5	65.9	0.0437521	0.1214
-387.0	65.9	0.04559	0.0896
-382.5	65.9	0.0498993	0.0869
-378.0	65.9	0.0553092	0.1025
-373.5	65.9	0.0825468	0.1814
-369.0	65.9	0.0563259	0.1029
-364.5	65.9	0.0645189	0.1092
-360.0	65.9	0.082599	0.1709
-355.5	65.9	0.153058	0.2558
-351.0	65.9	0.075025	0.1377
-346.5	65.9	0.0819781	0.2073
-342.0	65.9	0.0934009	0.1796
-337.5	65.9	0.0852541	0.1021
-333.0	65.9	0.0976625	0.0922
-328.5	65.9	0.083533	0.1343
-324.0	65.9	0.0977612	0.0728
-319.5	65.9	0.116002	0.1371
-315.0	65.9	0.105281	0.0848
-310.5	65.9	0.118187	0.1246
-306.0	65.9	0.11934	0.0862
-301.5	65.9	0.124453	0.0727
-297.0	65.9	0.130589	0.0787
-292.5	65.9	0.15223	0.111
-288.0	65.9	0.143763	0.0581
-283.5	65.9	0.17329	0.1037
-279.0	65.9	0.169958	0.1108
-274.5	65.9	0.154543	0.0693
-270.0	65.9	0.182716	0.0733
-265.5	65.9	0.214735	0.1638
-261.0	65.9	0.223275	0.0735
-256.5	65.9	0.262174	0.1089
-252.0	65.9	0.223914	0.0508
-247.5	65.9	0.255893	0.0534
-243.0	65.9	0.272268	0.0457
-238.5	65.9	0.283587	0.0535
-234.0	65.9	0.322257	0.0637
-229.5	65.9	0.335711	0.0418
-225.0	65.9	0.379526	0.0461
-220.5	65.9	0.445893	0.0689
-216.0	65.9	0.465843	0.052
-211.5	65.9	0.520499	0.0545
-207.0	65.9	0.544874	0.0399
-202.5	65.9	0.582249	0.0419
-198.0	65.9	0.651996	0.0459
-193.5	65.9	0.660229	0.036
-189.0	65.9	0.702096	0.0379
-184.5	65.9	0.778897	0.0413
-180.0	65.9	0.80174	0.0477
-175.5	65.9	0.910257	0.0383
-171.0	65.9	0.9688	0.0407
-166.5	65.9	1.01649	0.0404
-162.0	65.9	1.25112	0.0616
-157.5	65.9	1.1578	0.0366
-153.0	65.9	1.31996	0.0407
-148.5	65.9	1.46479	0.0442
-144.0	65.9	1.38372	0.0289
-139.5	65.9	1.58674	0.0379
-135.0	65.9	1.75133	0.055
-130.5	65.9	1.73027	0.031
-126.0	65.9	1.95082	0.0342
-121.5	65.9	2.0348	0.0438
-117.0	65.9	1.99857	0.029
-112.5	65.9	2.29402	0.0377
-108.0	65.9	2.27363	0.0345
-103.5	65.9	2.34838	0.0331
-99.0	65.9	2.47109	0.035
-94.5	65.9	2.59636	0.036
-90.0	65.9	2.70523	0.0297
-85.5	65.9	2.98211	0.033
-81.0	65.9	3.36943	0.0445
-76.5	65.9	3.31151	0.0371
-72.0	65.9	3.428	0.0368
-67.5	65.9	3.74175	0.0359
-63.0	65.9	3.78096	0.0422
-58.5	65.9	3.50247	0.0288
-54.0	65.9	3.88958	0.0406
-49.5	65.9	3.89655	0.0382
-45.0	65.9	3.87617	0.044
-40.5	65.9	3.98698	0.0409
-36.0	65.9	3.85806	0.0458
-31.5	65.9	3.81842	0.0424
-27.0	65.9	3.77536	0.0384
-22.5	65.9	3.79289	0.0422
-18.0	65.9	3.84192	0.0558
-13.5	65.9	3.30592	0.0511
-9.0	65.9	2.65827	0.0307
-4.5	65.9	2.62832	0.0335
0.0	65.9	2.41027	0.0245
4.5	65.9	2.56224	0.0355
9.0	65.9	2.69104	0.0336
13.5	65.9	3.2643	0.0425
18.0	65.9	3.39213	0.0407
22.5	65.9	3.54573	0.0402
27.0	65.9	3.4968	0.029
31.5	65.9	3.49362	0.0319
36.0	65.9	3.59894	0.0351
40.5	65.9	3.68514	0.0419
45.0	65.9	3.69518	0.041
49.5	65.9	3.41064	0.0278
54.0	65.9	3.59617	0.0444
58.5	65.9	3.50683	0.0342
63.0	65.9	3.47706	0.0309
67.5	65.9	3.39087	0.0314
72.0	65.9	3.19371	0.0295
76.5	65.9	3.15388	0.0333
81.0	65.9	3.00015	0.0337
85.5	65.9	3.13598	0.034
90.0	65.9	2.95013	0.0388
94.5	65.9	2.91103	0.037
99.0	65.9	2.70203	0.0304
103.5	65.9	2.56473	0.0327
108.0	65.9	2.7713	0.0432
112.5	65.9	2.39767	0.0398
117.0	65.9	2.45117	0.0437
121.5	65.9	2.0829	0.0341
126.0	65.9	2.13863	0.041
130.5	65.9	2.03329	0.038
135.0	65.9	1.94029	0.0408
139.5	65.9	1.94103	0.045
144.0	65.9	1.62663	0.0352
148.5	65.9	1.63494	0.0502
153.0	65.9	1.4335	0.0522
157.5	65.9	1.44953	0.0435
162.0	65.9	1.24628	0.0401
166.5	65.9	1.16628	0.0422
171.0	65.9	1.10127	0.0403
175.5	65.9	1.05886	0.0469
180.0	65.9	0.913106	0.0416
184.5	65.9	0.897973	0.0783
189.0	65.9	0.756998	0.0561
193.5	65.9	0.678425	0.0516
198.0	65.9	0.605447	0.0605
202.5	65.9	0.539811	0.044
207.0	65.9	0.494435	0.0449
211.5	65.9	0.432612	0.0485
216.0	65.9	0.46647	0.0741
220.5	65.9	0.40571	0.1083
225.0	65.9	0.363666	0.0662
229.5	65.9	0.29964	0.0508
234.0	65.9	0.289947	0.0617
238.5	65.9	0.261166	0.0555
243.0	65.9	0.250392	0.0674
247.5	65.9	0.217857	0.0666
252.0	65.9	0.226639	0.0666
256.5	65.9	0.19982	0.071
261.0	65.9	0.19925	0.1203
265.5	65.9	0.18949	0.1158
270.0	65.9	0.189002	0.0946
274.5	65.9	0.141663	0.0528
279.0	65.9	0.146973	0.0851
283.5	65.9	0.137828	0.0749
288.0	65.9	0.126594	0.076
292.5	65.9	0.155003	0.1689
297.0	65.9	0.127327	0.1081
301.5	65.9	0.123646	0.056
306.0	65.9	0.129679	0.1225
310.5	65.9	0.113787	0.0875
315.0	65.9	0.132655	0.1042
319.5	65.9	0.147801	0.2364
324.0	65.9	0.12176	0.1091
328.5	65.9	0.115378	0.0741
333.0	65.9	0.102332	0.0852
337.5	65.9	0.120376	0.1529
342.0	65.9	0.135098	0.2027
346.5	65.9	0.0933549	0.0835
351.0	65.9	0.101409	0.1095
355.5	65.9	0.104233	0.0922
360.0	65.9	0.0834938	0.1441
364.5	65.9	0.0744609	0.0841
369.0	65.9	0.0811767	0.1349
373.5	65.9	0.098935	0.273
378.0	65.9	0.0610576	0.0775
382.5	65.9	0.0636302	0.0972
387.0	65.9	0.0612018	0.1024
391.5	65.9	0.0953202	0.3407
396.0	65.9	0.0553036	0.14
400.5	65.9	0.0464372	0.1104
405.0	65.9	0.0461872	0.1304
409.5	65.9	0.0569244	0.3044
414.0	65.9	0.0483955	0.2354
418.5	65.9	0.0405432	0.2855
423.0	65.9	0.0325642	0.1396
427.5	65.9	0.0782982	0.4216
432.0	65.9	0.0520665	0.148
436.5	65.9	0.0431771	0.1098
441.0	65.9	0.0583655	0.172
445.5	65.9	0.046141	0.1004
-450.0	68.4667	0.0365461	0.1199
-445.5	68.4667	0.0316672	0.1251
-441.0	68.4667	0.0431739	0.1865
-436.5	68.4667	0.0320884	0.1379
-432.0	68.4667	0.0345594	0.1231
-427.5	68.4667	0.0300227	0.114
-423.0	68.4667	0.031696	0.1476
-418.5	68.4667	0.0360835	0.1915
-414.0	68.4667	0.0409465	0.2359
-409.5	68.4667	0.035092	0.1315
-405.0	68.4667	0.0426921	0.1569
-400.5	68.4667	0.0402148	0.1232
-396.0	68.4667	0.0414655	0.0975
-391.5	68.4667	0.0577335	0.1952
-387.0	68.4667	0.0486938	0.135
-382.5	68.4667	0.0555223	0.0907
-378.0	68.4667	0.0676098	0.1258
-373.5	68.4667	0.0575072	0.1011
-369.0	68.4667	0.053919	0.0998
-364.5	68.4667	0.0652459	0.0804
-360.0	68.4667	0.06967	0.1207
-355.5	68.4667	0.0606148	0.0868
-351.0	68.4667	0.0658835	0.095
-346.5	68.4667	0.0915594	0.1915
-342.0	68.4667	0.0824797	0.0857
-337.5	68.4667	0.0777736	0.1409
-333.0	68.4667	0.0925156	0.1367
-328.5	68.4667	0.119865	0.1602
-324.0	68.4667	0.0865993	0.0692
-319.5	68.4667	0.101163	0.0914
-315.0	68.4667	0.111653	0.1021
-310.5	68.4667	0.131902	0.1444
-306.0	68.4667	0.103345	0.0659
-301.5	68.4667	0.127957	0.0884
-297.0	68.4667	0.141389	0.0783
-292.5	68.4667	0.148366	0.1676
-288.0	68.4667	0.166748	0.1057
-283.5	68.4667	0.175345	0.1606
-279.0	68.4667	0.153057	0.059
-274.5	68.4667	0.163658	0.0532
-270.0	68.4667	0.165171	0.0527
-265.5	68.4667	0.238301	0.2115
-261.0	68.4667	0.204408	0.0557
-256.5	68.4667	0.232721	0.079
-252.0	68.4667	0.26435	0.0631
-247.5	68.4667	0.253121	0.0656
-243.0	68.4667	0.27785	0.0516
-238.5	68.4667	0.310675	0.0546
-234.0	68.4667	0.299051	0.0431
-229.5	68.4667	0.341623	0.0469
-225.0	68.4667	0.380745	0.0667
-220.5	68.4667	0.448877	0.0707
-216.0	68.4667	0.448893	0.0543
-211.5	68.4667	0.468162	0.0466
-207.0	68.4667	0.568178	0.0561
-202.5	68.4667	0.586476	0.0458
-198.0	68.4667	0.648083	0.0446
-193.5	68.4667	0.716852	0.047
-189.0	68.4667	0.720393	0.0696
-184.5	68.4667	0.8023	0.0438
-180.0	68.4667	0.788778	0.0336
-175.5	68.4667	0.959426	0.0469
-171.0	68.4667	0.958066	0.0384
-166.5	68.4667	1.01739	0.0459
-162.0	68.4667	1.07733	0.0337
-157.5	68.4667	1.20795	0.0419
-153.0	68.4667	1.28355	0.0502
-148.5	68.4667	1.3597	0.0374
-144.0	68.4667	1.49208	0.0433
-139.5	68.4667	1.46857	0.0325
-135.0	68.4667	1.81253	0.0504
-130.5	68.4667	1.77134	0.0414
-126.0	68.4667	1.76507	0.0306
-121.5	68.4667	1.9129	0.0317
-117.0	68.4667	2.19736	0.045
-112.5	68.4667	2.08706	0.0348
-108.0	68.4667	2.25803	0.0418
-103.5	68.4667	2.39549	0.0354
-99.0	68.4667	2.4502	0.0316
-94.5	68.4667	2.61549	0.0383
-90.0	68.4667	2.72488	0.0359
-85.5	68.4667	2.91264	0.0407
-81.0	68.4667	3.20649	0.0412
-76.5	68.4667	3.20179	0.035
-72.0	68.4667	3.52864	0.0468
-67.5	68.4667	3.41125	0.036
-63.0	68.4667	3.65502	0.0417
-58.5	68.4667	3.91845	0.0432
-54.0	68.4667	3.80965	0.0428
-49.5	68.4667	3.66859	0.032
-45.0	68.4667	3.60139	0.0344
-40.5	68.4667	3.52548	0.0309
-36.0	68.4667	3.63251	0.0371
-31.5	68.4667	3.3038	0.0249
-27.0	68.4667	3.69533	0.0389
-22.5	68.4667	3.60536	0.0404
-18.0	68.4667	3.43084	0.0448
-13.5	68.4667	3.08797	0.0367
-9.0	68.4667	2.46301	0.0234
-4.5	68.4667	2.45504	0.0345
0.0	68.4667	2.32129	0.0198
4.5	68.4667	2.42532	0.0384
9.0	68.4667	2.56052	0.0347
13.5	68.4667	3.07599	0.0395
18.0	68.4667	3.28049	0.0447
22.5	68.4667	3.20032	0.0353
27.0	68.4667	3.2864	0.0335
31.5	68.4667	3.67824	0.0385
36.0	68.4667	3.43403	0.0385
40.5	68.4667	3.66846	0.0374
45.0	68.4667	3.57339	0.0373
49.5	68.4667	3.53644	0.0362
54.0	68.4667	3.33437	0.0328
58.5	68.4667	3.63989	0.0427
63.0	68.4667	3.8681	0.0511
67.5	68.4667	3.46147	0.0388
72.0	68.4667	3.09155	0.0394
76.5	68.4667	3.15041	0.038
81.0	68.4667	2.94281	0.0325
85.5	68.4667	3.09518	0.0476
90.0	68.4667	3.04296	0.0463
94.5	68.4667	2.73795	0.0323
99.0	68.4667	2.77082	0.0342
103.5	68.4667	2.74051	0.0406
108.0	68.4667	2.61104	0.0469
112.5	68.4667	2.44465	0.0399
117.0	68.4667	2.24271	0.0392
121.5	68.4667	1.9642	0.0334
126.0	68.4667	2.02197	0.0357
130.5	68.4667	2.06182	0.0574
135.0	68.4667	1.88202	0.0418
139.5	68.4667	1.76157	0.038
144.0	68.4667	1.75004	0.0649
148.5	68.4667	1.55333	0.0392
153.0	68.4667	1.51929	0.0489
157.5	68.4667	1.33675	0.0413
162.0	68.4667	1.36299	0.0446
166.5	68.4667	1.18611	0.0526
171.0	68.4667	1.03706	0.0411
175.5	68.4667	1.08207	0.0615
180.0	68.4667	0.959436	0.0527
184.5	68.4667	0.824743	0.0463
189.0	68.4667	0.696723	0.0427
193.5	68.4667	0.629531	0.0447
198.0	68.4667	0.610472	0.0515
202.5	68.4667	0.511151	0.0601
207.0	68.4667	0.52779	0.0669
211.5	68.4667	0.437479	0.0527
216.0	68.4667	0.423616	0.0727
220.5	68.4667	0.35424	0.0761
225.0	68.4667	0.366545	0.1165
229.5	68.4667	0.298444	0.0614
234.0	68.4667	0.255181	0.0494
238.5	68.4667	0.269743	0.099
243.0	68.4667	0.281392	0.1708
247.5	68.4667	0.219916	0.0636
252.0	68.4667	0.206228	0.0742
256.5	68.4667	0.171787	0.0504
261.0	68.4667	0.177067	0.0805
265.5	68.4667	0.17076	0.0628
270.0	68.4667	0.193082	0.1428
274.5	68.4667	0.168327	0.0966
279.0	68.4667	0.144461	0.0714
283.5	68.4667	0.126784	0.0753
288.0	68.4667	0.12793	0.0544
292.5	68.4667	0.126756	0.0641
297.0	68.4667	0.125745	0.0744
301.5	68.4667	0.13971	0.088
306.0	68.4667	0.114307	0.0915
310.5	68.4667	0.103581	0.0566
315.0	68.4667	0.124644	0.1674
319.5	68.4667	0.113969	0.107
324.0	68.4667	0.111423	0.0803
328.5	68.4667	0.11336	0.0841
333.0	68.4667	0.105909	0.0808
337.5	68.4667	0.118975	0.1309
342.0	68.4667	0.113511	0.1227
346.5	68.4667	0.0879123	0.0805
351.0	68.4667	0.0936056	0.1176
355.5	68.4667	0.108282	0.1894
360.0	68.4667	0.0914935	0.1702
364.5	68.4667	0.070181	0.0714
369.0	68.4667	0.0732002	0.0853
373.5	68.4667	0.0716973	0.0746
378.0	68.4667	0.0610289	0.0866
382.5	68.4667	0.0738002	0.1045
387.0	68.4667	0.0743123	0.1661
391.5	68.4667	0.064948	0.1481
396.0	68.4667	0.0685639	0.1725
400.5	68.4667	0.054268	0.1327
405.0	68.4667	0.051688	0.176
409.5	68.4667	0.066164	0.187
414.0	68.4667	0.046528	0.1611
418.5	68.4667	0.0423016	0.0997
423.0	68.4667	0.039006	0.0929
427.5	68.4667	0.0427584	0.1264
432.0	68.4667	0.0441461	0.1663
436.5	68.4667	0.0670144	0.2261
441.0	68.4667	0.051089	0.1312
445.5	68.4667	0.055689	0.1417
-450.0	71.0333	0.0412213	0.1679
-445.5	71.0333	0.0401635	0.123
-441.0	71.0333	0.0340653	0.1123
-436.5	71.0333	0.0270247	0.1366
-432.0	71.0333	0.0442351	0.2701
-427.5	71.0333	0.027198	0.1225
-423.0	71.0333	0.0432591	0.2282
-418.5	71.0333	0.0436012	0.2668
-414.0	71.0333	0.0391844	0.1502
-409.5	71.0333	0.0487955	0.2164
-405.0	71.0333	0.035589	0.3128
-400.5	71.0333	0.0530844	0.1826
-396.0	71.0333	0.0484052	0.1699
-391.5	71.0333	0.0557481	0.1555
-387.0	71.0333	0.0504156	0.1372
-382.5	71.0333	0.0534473	0.1591
-378.0	71.0333	0.0646949	0.2192
-373.5	71.0333	0.0579519	0.1187
-369.0	71.0333	0.0504547	0.0819
-364.5	71.0333	0.0554287	0.0949
-360.0	71.0333	0.0680341	0.1253
-355.5	71.0333	0.0645306	0.089
-351.0	71.0333	0.0643491	0.0787
-346.5	71.0333	0.0722335	0.0826
-342.0	71.0333	0.0823966	0.0801
-337.5	71.0333	0.0862937	0.1897
-333.0	71.0333	0.0730895	0.0682
-328.5	71.0333	0.0781611	0.0748
-324.0	71.0333	0.10587	0.1516
-319.5	71.0333	0.110832	0.187
-315.0	71.0333	0.0923517	0.0785
-310.5	71.0333	0.101674	0.0957
-306.0	71.0333	0.100229	0.0652
-301.5	71.0333	0.130015	0.0878
-297.0	71.0333	0.124859	0.103
-292.5	71.0333	0.151739	0.1374
-288.0	71.0333	0.124722	0.0876
-283.5	71.0333	0.146531	0.0716
-279.0	71.0333	0.168467	0.1179
-274.5	71.0333	0.142604	0.0504
-270.0	71.0333	0.169074	0.0581
-265.5	71.0333	0.18818	0.0642
-261.0	71.0333	0.199231	0.0511
-256.5	71.0333	0.219996	0.0616
-252.0	71.0333	0.239736	0.0577
-247.5	71.0333	0.269676	0.06
-243.0	71.0333	0.279843	0.0655
-238.5	71.0333	0.296518	0.0521
-234.0	71.0333	0.350055	0.0825
-229.5	71.0333	0.333645	0.0498
-225.0	71.0333	0.368397	0.0518
-220.5	71.0333	0.419199	0.0546
-216.0	71.0333	0.439209	0.0813
-211.5	71.0333	0.440892	0.0385
-207.0	71.0333	0.509457	0.0493
-202.5	71.0333	0.545212	0.0457
-198.0	71.0333	0.637539	0.0386
-193.5	71.0333	0.626358	0.0335
-189.0	71.0333	0.695594	0.0505
-184.5	71.0333	0.73758	0.0437
-180.0	71.0333	0.801962	0.0388
-175.5	71.0333	0.877142	0.0472
-171.0	71.0333	0.916203	0.0388
-166.5	71.0333	0.978074	0.0344
-162.0	71.0333	1.07342	0.0421
-157.5	71.0333	1.27235	0.0603
-153.0	71.0333	1.30056	0.0411
-148.5	71.0333	1.39131	0.0539
-144.0	71.0333	1.32717	0.0307
-139.5	71.0333	1.51258	0.0423
-135.0	71.0333	1.58138	0.0355
-130.5	71.0333	1.67084	0.034
-126.0	71.0333	1.79631	0.0339
-121.5	71.0333	1.95583	0.0382
-117.0	71.0333	2.03934	0.036
-112.5	71.0333	1.99803	0.0334
-108.0	71.0333	2.10976	0.0373
-103.5	71.0333	2.24192	0.0363
-99.0	71.0333	2.5158	0.045
-94.5	71.0333	2.63333	0.0389
-90.0	71.0333	2.61058	0.0406
-85.5	71.0333	2.69192	0.0319
-81.0	71.0333	2.89439	0.0356
-76.5	71.0333	3.19208	0.0398
-72.0	71.0333	3.3021	0.0405
-67.5	71.0333	3.30656	0.0384
-63.0	71.0333	3.75461	0.0554
-58.5	71.0333	3.85156	0.0445
-54.0	71.0333	3.66756	0.0392
-49.5	71.0333	3.71048	0.0514
-45.0	71.0333	3.54994	0.0335
-40.5	71.0333	3.82883	0.0479
-36.0	71.0333	3.4634	0.0399
-31.5	71.0333	3.39066	0.0358
-27.0	71.0333	3.55141	0.0358
-22.5	71.0333	3.55751	0.0399
-18.0	71.0333	3.14136	0.0325
-13.5	71.0333	3.11289	0.0413
-9.0	71.0333	2.70466	0.0756
-4.5	71.0333	2.29474	0.0243
0.0	71.0333	2.28448	0.0257
4.5	71.0333	2.30234	0.0257
9.0	71.0333	2.53805	0.0365
13.5	71.0333	3.23756	0.0407
18.0	71.0333	3.25013	0.0524
22.5	71.0333	3.5754	0.0486
27.0	71.0333	3.50784	0.0387
31.5	71.0333	3.45522	0.0343
36.0	71.0333	3.44802	0.0456
40.5	71.0333	3.4917	0.0477
45.0	71.0333	3.39071	0.0381
49.5	71.0333	3.2825	0.0364
54.0	71.0333	3.34705	0.0374
58.5	71.0333	3.28611	0.0345
63.0	71.0333	3.5025	0.0436
67.5	71.0333	3.35162	0.046
72.0	71.0333	3.05729	0.0391
76.5	71.0333	2.99694	0.0315
81.0	71.0333	2.86335	0.0303
85.5	71.0333	3.03022	0.0403
90.0	71.0333	2.83874	0.0374
94.5	71.0333	2.70651	0.0366
99.0	71.0333	2.5564	0.0334
103.5	71.0333	2.64472	0.0403
108.0	71.0333	2.4187	0.0342
112.5	71.0333	2.46176	0.0402
117.0	71.0333	2.23328	0.043
121.5	71.0333	2.06639	0.0321
126.0	71.0333	1.92585	0.038
130.5	71.0333	1.85293	0.0406
135.0	71.0333	1.72465	0.0373
139.5	71.0333	1.66232	0.0345
144.0	71.0333	1.64532	0.0471
148.5	71.0333	1.60388	0.056
153.0	71.0333	1.52404	0.0534
157.5	71.0333	1.38092	0.0498
162.0	71.0333	1.19297	0.0402
166.5	71.0333	1.16202	0.0482
171.0	71.0333	1.08709	0.0523
175.5	71.0333	1.04698	0.0493
180.0	71.0333	0.864488	0.0464
184.5	71.0333	0.781178	0.0476
189.0	71.0333	0.759192	0.0644
193.5	71.0333	0.688624	0.0576
198.0	71.0333	0.594812	0.0543
202.5	71.0333	0.556134	0.0678
207.0	71.0333	0.49231	0.0655
211.5	71.0333	0.423667	0.0602
216.0	71.0333	0.378125	0.0565
220.5	71.0333	0.341397	0.0796
225.0	71.0333	0.345993	0.064
229.5	71.0333	0.26271	0.047
234.0	71.0333	0.283941	0.076
238.5	71.0333	0.249754	0.0557
243.0	71.0333	0.239073	0.0685
247.5	71.0333	0.22516	0.0874
252.0	71.0333	0.195258	0.0943
256.5	71.0333	0.169079	0.0739
261.0	71.0333	0.167584	0.0591
265.5	71.0333	0.168891	0.0613
270.0	71.0333	0.155132	0.0998
274.5	71.0333	0.144088	0.0595
279.0	71.0333	0.158371	0.1156
283.5	71.0333	0.123164	0.053
288.0	71.0333	0.17229	0.1301
292.5	71.0333	0.156122	0.1378
297.0	71.0333	0.143198	0.1126
301.5	71.0333	0.1271	0.0694
306.0	71.0333	0.124593	0.0606
310.5	71.0333	0.12977	0.165
315.0	71.0333	0.0968487	0.0825
319.5	71.0333	0.119426	0.1033
324.0	71.0333	0.104504	0.0935
328.5	71.0333	0.109425	0.0671
333.0	71.0333	0.141916	0.1817
337.5	71.0333	0.106426	0.0693
342.0	71.0333	0.105178	0.1459
346.5	71.0333	0.0756581	0.0707
351.0	71.0333	0.0732759	0.0747
355.5	71.0333	0.0974626	0.1474
360.0	71.0333	0.120262	0.2125
364.5	71.0333	0.16979	0.4403
369.0	71.0333	0.0915558	0.13
373.5	71.0333	0.068266	0.0854
378.0	71.0333	0.0955626	0.2455
382.5	71.0333	0.0765436	0.1324
387.0	71.0333	0.0724413	0.1765
391.5	71.0333	0.0596426	0.0969
396.0	71.0333	0.0572195	0.1511
400.5	71.0333	0.0516372	0.0933
405.0	71.0333	0.0443357	0.0983
409.5	71.0333	0.0594839	0.1932
414.0	71.0333	0.0538231	0.2083
418.5	71.0333	0.0606353	0.2422
423.0	71.0333	0.0469594	0.2219
427.5	71.0333	0.0474259	0.134
432.0	71.0333	0.0379854	0.0918
436.5	71.0333	0.0790519	0.2843
441.0	71.0333	0.0607501	0.1942
445.5	71.0333	0.0802214	0.2598
-450.0	73.6	0.0379688	0.148
-445.5	73.6	0.0418484	0.235
-441.0	73.6	0.0306878	0.2013
-436.5	73.6	0.0519954	0.206
-432.0	73.6	0.0280096	0.1524
-427.5	73.6	0.0292308	0.1134
-423.0	73.6	0.0348811	0.1525
-418.5	73.6	0.0280382	0.118
-414.0	73.6	0.03866	0.1213
-409.5	73.6	0.0543123	0.2912
-405.0	73.6	0.0979404	0.3363
-400.5	73.6	0.0434311	0.1185
-396.0	73.6	0.041799	0.0994
-391.5	73.6	0.0402448	0.0943
-387.0	73.6	0.0514412	0.1162
-382.5	73.6	0.0565284	0.1772
-378.0	73.6	0.0663081	0.1109
-373.5	73.6	0.0587166	0.1201
-369.0	73.6	0.0862135	0.1659
-364.5	73.6	0.0674793	0.1375
-360.0	73.6	0.0613763	0.0901
-355.5	73.6	0.0691641	0.0839
-351.0	73.6	0.0794756	0.1203
-346.5	73.6	0.0721443	0.0974
-342.0	73.6	0.0912395	0.1982
-337.5	73.6	0.0783045	0.0836
-333.0	73.6	0.0880084	0.0869
-328.5	73.6	0.107322	0.1679
-324.0	73.6	0.0939617	0.079
-319.5	73.6	0.105425	0.1158
-315.0	73.6	0.0952597	0.0664
-310.5	73.6	0.0957088	0.0658
-306.0	73.6	0.110512	0.0958
-301.5	73.6	0.123088	0.0891
-297.0	73.6	0.133651	0.0813
-292.5	73.6	0.122929	0.0638
-288.0	73.6	0.133897	0.0709
-283.5	73.6	0.168536	0.0921
-279.0	73.6	0.174921	0.0729
-274.5	73.6	0.173798	0.0728
-270.0	73.6	0.156489	0.0578
-265.5	73.6	0.175839	0.0571
-261.0	73.6	0.187073	0.0501
-256.5	73.6	0.19868	0.0594
-252.0	73.6	0.250286	0.0764
-247.5	73.6	0.221892	0.0488
-243.0	73.6	0.238355	0.0528
-238.5	73.6	0.302226	0.0952
-234.0	73.6	0.307271	0.0516
-229.5	73.6	0.333922	0.0459
-225.0	73.6	0.372636	0.0614
-220.5	73.6	0.376016	0.045
-216.0	73.6	0.450019	0.0723
-211.5	73.6	0.442535	0.0454
-207.0	73.6	0.518319	0.0587
-202.5	73.6	0.538629	0.0535
-198.0	73.6	0.601136	0.0413
-193.5	73.6	0.682873	0.0493
-189.0	73.6	0.661323	0.0338
-184.5	73.6	0.872682	0.0569
-180.0	73.6	0.815163	0.0381
-175.5	73.6	0.920631	0.0594
-171.0	73.6	0.96842	0.0453
-166.5	73.6	1.09147	0.0554
-162.0	73.6	0.999622	0.0326
-157.5	73.6	1.12739	0.043
-153.0	73.6	1.29914	0.0441
-148.5	73.6	1.25251	0.0372
-144.0	73.6	1.42747	0.0407
-139.5	73.6	1.37143	0.0295
-135.0	73.6	1.49659	0.0311
-130.5	73.6	1.61041	0.0423
-126.0	73.6	1.65326	0.0318
-121.5	73.6	1.8891	0.0352
-117.0	73.6	1.93986	0.0389
-112.5	73.6	1.95678	0.0314
-108.0	73.6	2.06926	0.0351
-103.5	73.6	2.42515	0.0486
-99.0	73.6	2.3747	0.0424
-94.5	73.6	2.41822	0.0347
-90.0	73.6	2.56291	0.0349
-85.5	73.6	2.52773	0.0331
-81.0	73.6	2.81245	0.0343
-76.5	73.6	3.2456	0.045
-72.0	73.6	3.17533	0.0418
-67.5	73.6	3.26162	0.0378
-63.0	73.6	3.36865	0.04
-58.5	73.6	3.47319	0.0375
-54.0	73.6	3.4129	0.0343
-49.5	73.6	3.31221	0.0354
-45.0	73.6	3.53127	0.0332
-40.5	73.6	3.27757	0.033
-36.0	73.6	3.68194	0.0487
-31.5	73.6	3.29979	0.0334
-27.0	73.6	3.46225	0.0402
-22.5	73.6	3.57294	0.0515
-18.0	73.6	3.19324	0.0411
-13.5	73.6	3.0699	0.0541
-9.0	73.6	3.45754	0.3218
-4.5	73.6	2.3572	0.0222
0.0	73.6	2.19741	0.0208
4.5	73.6	2.2601	0.0274
9.0	73.6	2.47216	0.0349
13.5	73.6	2.99611	0.0418
18.0	73.6	3.15818	0.0441
22.5	73.6	3.24417	0.0416
27.0	73.6	3.0709	0.0374
31.5	73.6	3.11806	0.0314
36.0	73.6	3.54828	0.0445
40.5	73.6	3.42247	0.0407
45.0	73.6	3.47519	0.0388
49.5	73.6	3.27858	0.0359
54.0	73.6	3.14694	0.0424
58.5	73.6	3.33714	0.0434
63.0	73.6	3.20137	0.043
67.5	73.6	3.212	0.0437
72.0	73.6	2.99804	0.0377
76.5	73.6	2.89979	0.0327
81.0	73.6	2.81951	0.0333
85.5	73.6	2.80809	0.0397
90.0	73.6	2.76492	0.0469
94.5	73.6	2.53821	0.0355
99.0	73.6	2.61362	0.0356
103.5	73.6	2.44434	0.0334
108.0	73.6	2.31566	0.0402
112.5	73.6	2.22772	0.0343
117.0	73.6	2.11722	0.0339
121.5	73.6	1.88815	0.0363
126.0	73.6	2.04454	0.0438
130.5	73.6	1.869	0.0346
135.0	73.6	1.69315	0.0453
139.5	73.6	1.74965	0.0624
144.0	73.6	1.54025	0.0402
148.5	73.6	1.42374	0.0379
153.0	73.6	1.30056	0.0392
157.5	73.6	1.28712	0.0474
162.0	73.6	1.21194	0.0458
166.5	73.6	1.22491	0.0505
171.0	73.6	0.999235	0.0376
175.5	73.6	1.005	0.0499
180.0	73.6	0.834526	0.0434
184.5	73.6	0.755453	0.0501
189.0	73.6	0.696306	0.0525
193.5	73.6	0.547403	0.0373
198.0	73.6	0.570781	0.0502
202.5	73.6	0.576686	0.0497
207.0	73.6	0.47601	0.048
211.5	73.6	0.38445	0.0483
216.0	73.6	0.386145	0.0529
220.5	73.6	0.377997	0.0702
225.0	73.6	0.296763	0.0518
229.5	73.6	0.286045	0.0591
234.0	73.6	0.2451	0.0856
238.5	73.6	0.225715	0.0606
243.0	73.6	0.236818	0.1114
247.5	73.6	0.208657	0.0617
252.0	73.6	0.232253	0.135
256.5	73.6	0.175739	0.0591
261.0	73.6	0.156757	0.0591
265.5	73.6	0.151701	0.0635
270.0	73.6	0.142	0.0666
274.5	73.6	0.143053	0.0612
279.0	73.6	0.183632	0.1617
283.5	73.6	0.154832	0.0769
288.0	73.6	0.175729	0.1726
292.5	73.6	0.115606	0.0649
297.0	73.6	0.127391	0.1096
301.5	73.6	0.146835	0.0994
306.0	73.6	0.165463	0.1705
310.5	73.6	0.138994	0.1394
315.0	73.6	0.127101	0.1037
319.5	73.6	0.121441	0.1286
324.0	73.6	0.0979633	0.0583
328.5	73.6	0.104726	0.0789
333.0	73.6	0.128166	0.2058
337.5	73.6	0.119895	0.1088
342.0	73.6	0.163259	0.2172
346.5	73.6	0.0996849	0.144
351.0	73.6	0.102899	0.1515
355.5	73.6	0.113972	0.1837
360.0	73.6	0.112487	0.275
364.5	73.6	0.10215	0.1395
369.0	73.6	0.0727442	0.1086
373.5	73.6	0.0691319	0.1144
378.0	73.6	0.0721587	0.1312
382.5	73.6	0.0706153	0.1115
387.0	73.6	0.0653572	0.1365
391.5	73.6	0.0664397	0.1848
396.0	73.6	0.0508643	0.0903
400.5	73.6	0.0667628	0.1253
405.0	73.6	0.0443348	0.1208
409.5	73.6	0.0445952	0.1519
414.0	73.6	0.044494	0.1196
418.5	73.6	0.0426876	0.1154
423.0	73.6	0.0442044	0.1252
427.5	73.6	0.0488992	0.1238
432.0	73.6	0.042694	0.0905
436.5	73.6	0.0519411	0.2006
441.0	73.6	0.0434939	0.1006
445.5	73.6	0.054643	0.1373
-450.0	76.1667	0.0413358	0.1364
-445.5	76.1667	0.0335632	0.1823
-441.0	76.1667	0.0286153	0.1148
-436.5	76.1667	0.0302624	0.132
-432.0	76.1667	0.0268837	0.1897
-427.5	76.1667	0.028254	0.2646
-423.0	76.1667	0.0298505	0.1354
-418.5	76.1667	0.0360861	0.1931
-414.0	76.1667	0.0336935	0.1292
-409.5	76.1667	0.0438481	0.2217
-405.0	76.1667	0.0387807	0.1256
-400.5	76.1667	0.0439704	0.1437
-396.0	76.1667	0.0486548	0.1432
-391.5	76.1667	0.0430972	0.1504
-387.0	76.1667	0.048184	0.1126
-382.5	76.1667	0.0450993	0.0902
-378.0	76.1667	0.0736055	0.2146
-373.5	76.1667	0.0629034	0.1264
-369.0	76.1667	0.0585413	0.0869
-364.5	76.1667	0.10366	0.3119
-360.0	76.1667	0.0790522	0.1542
-355.5	76.1667	0.0578335	0.0824
-351.0	76.1667	0.0812822	0.1181
-346.5	76.1667	0.0737656	0.1115
-342.0	76.1667	0.0674923	0.067
-337.5	76.1667	0.0766451	0.0898
-333.0	76.1667	0.0851882	0.0934
-328.5	76.1667	0.110262	0.2499
-324.0	76.1667	0.0871079	0.0759
-319.5	76.1667	0.104187	0.1329
-315.0	76.1667	0.116908	0.0995
-310.5	76.1667	0.105587	0.0653
-306.0	76.1667	0.122449	0.1061
-301.5	76.1667	0.11071	0.0828
-297.0	76.1667	0.128903	0.0781
-292.5	76.1667	0.119591	0.0672
-288.0	76.1667	0.159435	0.2272
-283.5	76.1667	0.147173	0.0821
-279.0	76.1667	0.152254	0.0828
-274.5	76.1667	0.140588	0.0576
-270.0	76.1667	0.162545	0.0753
-265.5	76.1667	0.196851	0.0771
-261.0	76.1667	0.209788	0.0867
-256.5	76.1667	0.223083	0.0807
-252.0	76.1667	0.230179	0.0662
-247.5	76.1667	0.237434	0.0481
-243.0	76.1667	0.24389	0.0458
-238.5	76.1667	0.275863	0.0562
-234.0	76.1667	0.292843	0.0573
-229.5	76.1667	0.336421	0.0465
-225.0	76.1667	0.378327	0.0598
-220.5	76.1667	0.417867	0.0473
-216.0	76.1667	0.443478	0.0505
-211.5	76.1667	0.442227	0.0514
-207.0	76.1667	0.474625	0.038
-202.5	76.1667	0.561551	0.0457
-198.0	76.1667	0.595948	0.0447
-193.5	76.1667	0.681383	0.0821
-189.0	76.1667	0.687982	0.0461
-184.5	76.1667	0.742047	0.0414
-180.0	76.1667	0.771747	0.0459
-175.5	76.1667	0.800959	0.0338
-171.0	76.1667	0.949192	0.046
-166.5	76.1667	0.992965	0.0487
-162.0	76.1667	1.04197	0.0385
-157.5	76.1667	1.10774	0.0369
-153.0	76.1667	1.17802	0.0359
-148.5	76.1667	1.30691	0.0443
-144.0	76.1667	1.34834	0.0381
-139.5	76.1667	1.38804	0.033
-135.0	76.1667	1.54957	0.0432
-130.5	76.1667	1.67338	0.0444
-126.0	76.1667	1.62349	0.0405
-121.5	76.1667	1.9196	0.0426
-117.0	76.1667	1.90309	0.0384
-112.5	76.1667	1.91272	0.0308
-108.0	76.1667	2.08298	0.038
-103.5	76.1667	2.06908	0.0312
-99.0	76.1667	2.26872	0.042
-94.5	76.1667	2.32342	0.0294
-90.0	76.1667	2.48606	0.0323
-85.5	76.1667	2.63796	0.0357
-81.0	76.1667	2.69028	0.0315
-76.5	76.1667	3.07798	0.0357
-72.0	76.1667	3.24367	0.0454
-67.5	76.1667	3.42786	0.0489
-63.0	76.1667	3.31435	0.0403
-58.5	76.1667	3.60253	0.0455
-54.0	76.1667	3.30482	0.0355
-49.5	76.1667	3.36813	0.0365
-45.0	76.1667	3.24598	0.0335
-40.5	76.1667	3.48212	0.0496
-36.0	76.1667	3.51026	0.0465
-31.5	76.1667	3.20918	0.0362
-27.0	76.1667	3.18089	0.0365
-22.5	76.1667	3.23812	0.0459
-18.0	76.1667	3.16375	0.0431
-13.5	76.1667	2.93381	0.0417
-9.0	76.1667	2.47149	0.0729
-4.5	76.1667	2.12197	0.023
0.0	76.1667	2.09602	0.0224
4.5	76.1667	2.1468	0.0245
9.0	76.1667	2.30732	0.0297
13.5	76.1667	2.85928	0.0364
18.0	76.1667	3.01091	0.0429
22.5	76.1667	3.01505	0.0373
27.0	76.1667	2.96388	0.0314
31.5	76.1667	3.18877	0.0382
36.0	76.1667	3.2924	0.0354
40.5	76.1667	3.20161	0.0344
45.0	76.1667	3.30798	0.0436
49.5	76.1667	3.15282	0.0371
54.0	76.1667	2.84097	0.0287
58.5	76.1667	3.20262	0.0396
63.0	76.1667	2.95186	0.0309
67.5	76.1667	2.94566	0.0358
72.0	76.1667	3.02477	0.0438
76.5	76.1667	2.84024	0.0313
81.0	76.1667	2.6097	0.031
85.5	76.1667	2.94517	0.0443
90.0	76.1667	2.59596	0.0369
94.5	76.1667	2.60998	0.038
99.0	76.1667	2.43427	0.0355
103.5	76.1667	2.36793	0.0348
108.0	76.1667	2.08012	0.0275
112.5	76.1667	2.24384	0.0416
117.0	76.1667	2.1309	0.0457
121.5	76.1667	1.91696	0.0498
126.0	76.1667	1.82799	0.0337
130.5	76.1667	1.78824	0.0396
135.0	76.1667	1.7805	0.0401
139.5	76.1667	1.6042	0.0558
144.0	76.1667	1.63974	0.0421
148.5	76.1667	1.40804	0.039
153.0	76.1667	1.44723	0.054
157.5	76.1667	1.37153	0.0624
162.0	76.1667	1.1581	0.038
166.5	76.1667	1.03322	0.0393
171.0	76.1667	1.01454	0.04
175.5	76.1667	0.958362	0.0546
180.0	76.1667	0.920201	0.0682
184.5	76.1667	0.816515	0.0566
189.0	76.1667	0.657608	0.0415
193.5	76.1667	0.609813	0.0427
198.0	76.1667	0.546378	0.0671
202.5	76.1667	0.533172	0.0667
207.0	76.1667	0.444008	0.0492
211.5	76.1667	0.477274	0.08
216.0	76.1667	0.373548	0.0481
220.5	76.1667	0.336425	0.0598
225.0	76.1667	0.334473	0.0572
229.5	76.1667	0.292272	0.0649
234.0	76.1667	0.272002	0.1044
238.5	76.1667	0.25465	0.062
243.0	76.1667	0.23887	0.0786
247.5	76.1667	0.208341	0.0674
252.0	76.1667	0.192629	0.0867
256.5	76.1667	0.18635	0.0581
261.0	76.1667	0.201968	0.0953
265.5	76.1667	0.188339	0.1656
270.0	76.1667	0.145305	0.0933
274.5	76.1667	0.150909	0.0848
279.0	76.1667	0.136233	0.0555
283.5	76.1667	0.134411	0.0811
288.0	76.1667	0.142709	0.0852
292.5	76.1667	0.119172	0.0674
297.0	76.1667	0.114172	0.0895
301.5	76.1667	0.109194	0.0619
306.0	76.1667	0.108029	0.0646
310.5	76.1667	0.123754	0.0811
315.0	76.1667	0.0954893	0.0632
319.5	76.1667	0.103558	0.0713
324.0	76.1667	0.100933	0.0769
328.5	76.1667	0.0915545	0.0678
333.0	76.1667	0.0953291	0.0672
337.5	76.1667	0.106663	0.1688
342.0	76.1667	0.104305	0.1687
346.5	76.1667	0.0840472	0.0962
351.0	76.1667	0.113551	0.2035
355.5	76.1667	0.0849685	0.0825
360.0	76.1667	0.0898096	0.0849
364.5	76.1667	0.073252	0.0885
369.0	76.1667	0.0992042	0.1887
373.5	76.1667	0.0663729	0.0802
378.0	76.1667	0.064236	0.089
382.5	76.1667	0.0819763	0.2262
387.0	76.1667	0.0605837	0.1095
391.5	76.1667	0.0627851	0.1068
396.0	76.1667	0.0688795	0.1504
400.5	76.1667	0.0603497	0.152
405.0	76.1667	0.0491992	0.1331
409.5	76.1667	0.0577536	0.3389
414.0	76.1667	0.0452527	0.1763
418.5	76.1667	0.0417923	0.1414
423.0	76.1667	0.0402145	0.093
427.5	76.1667	0.044432	0.1668
432.0	76.1667	0.0386624	0.1077
436.5	76.1667	0.0442512	0.093
441.0	76.1667	0.046615	0.1869
445.5	76.1667	0.0700434	0.4004
-450.0	78.7333	0.0333877	0.1152
-445.5	78.7333	0.0260749	0.119
-441.0	78.7333	0.0393535	0.1909
-436.5	78.7333	0.0289879	0.1305
-432.0	78.7333	0.0368901	0.1946
-427.5	78.7333	0.0323456	0.1399
-423.0	78.7333	0.0267692	0.1249
-418.5	78.7333	0.0302688	0.1041
-414.0	78.7333	0.0299434	0.1257
-409.5	78.7333	0.0342364	0.117
-405.0	78.7333	0.0456198	0.1875
-400.5	78.7333	0.0491003	0.143
-396.0	78.7333	0.0482135	0.1453
-391.5	78.7333	0.0428783	0.117
-387.0	78.7333	0.0573229	0.1484
-382.5	78.7333	0.0474753	0.0992
-378.0	78.7333	0.0582117	0.1027
-373.5	78.7333	0.0536638	0.0988
-369.0	78.7333	0.0559575	0.0767
-364.5	78.7333	0.0830768	0.1364
-360.0	78.7333	0.0620336	0.092
-355.5	78.7333	0.0656629	0.0943
-351.0	78.7333	0.0785232	0.2114
-346.5	78.7333	0.0782961	0.0851
-342.0	78.7333	0.0830695	0.097
-337.5	78.7333	0.0691461	0.074
-333.0	78.7333	0.0780593	0.078
-328.5	78.7333	0.0729486	0.0679
-324.0	78.7333	0.0851269	0.0825
-319.5	78.7333	0.0899791	0.0864
-315.0	78.7333	0.0981269	0.0782
-310.5	78.7333	0.13383	0.1759
-306.0	78.7333	0.115565	0.1264
-301.5	78.7333	0.111342	0.0633
-297.0	78.7333	0.134562	0.1192
-292.5	78.7333	0.130698	0.0958
-288.0	78.7333	0.124178	0.0713
-283.5	78.7333	0.166619	0.0767
-279.0	78.7333	0.131232	0.0579
-274.5	78.7333	0.1919	0.0951
-270.0	78.7333	0.178489	0.1075
-265.5	78.7333	0.169105	0.0576
-261.0	78.7333	0.228313	0.097
-256.5	78.7333	0.187628	0.0508
-252.0	78.7333	0.22104	0.0657
-247.5	78.7333	0.236261	0.0643
-243.0	78.7333	0.277538	0.0736
-238.5	78.7333	0.292654	0.0654
-234.0	78.7333	0.310241	0.0725
-229.5	78.7333	0.313203	0.0503
-225.0	78.7333	0.34555	0.059
-220.5	78.7333	0.383027	0.0476
-216.0	78.7333	0.408793	0.0464
-211.5	78.7333	0.448554	0.0545
-207.0	78.7333	0.494892	0.0587
-202.5	78.7333	0.532282	0.0611
-198.0	78.7333	0.567542	0.0573
-193.5	78.7333	0.621258	0.0478
-189.0	78.7333	0.63807	0.0402
-184.5	78.7333	0.696408	0.043
-180.0	78.7333	0.768078	0.0435
-175.5	78.7333	0.799228	0.0378
-171.0	78.7333	0.929055	0.0496
-166.5	78.7333	0.920628	0.0453
-162.0	78.7333	1.09813	0.0511
-157.5	78.7333	1.08289	0.0436
-153.0	78.7333	1.14395	0.0341
-148.5	78.7333	1.18222	0.0374
-144.0	78.7333	1.29667	0.0317
-139.5	78.7333	1.44198	0.045
-135.0	78.7333	1.51207	0.0475
-130.5	78.7333	1.45047	0.0311
-126.0	78.7333	1.61211	0.039
-121.5	78.7333	1.86901	0.0423
-117.0	78.7333	1.86052	0.0371
-112.5	78.7333	1.99335	0.0407
-108.0	78.7333	2.04418	0.0458
-103.5	78.7333	2.29572	0.0494
-99.0	78.7333	2.38709	0.0457
-94.5	78.7333	2.26881	0.0355
-90.0	78.7333	2.43292	0.0412
-85.5	78.7333	2.47181	0.0361
-81.0	78.7333	2.65343	0.0408
-76.5	78.7333	3.12352	0.0583
-72.0	78.7333	3.08331	0.0441
-67.5	78.7333	3.30811	0.046
-63.0	78.7333	3.1837	0.0432
-58.5	78.7333	3.30575	0.0465
-54.0	78.7333	3.23841	0.0378
-49.5	78.7333	3.33874	0.0443
-45.0	78.7333	3.15853	0.0332
-40.5	78.7333	3.14908	0.0404
-36.0	78.7333	3.31422	0.0409
-31.5	78.7333	3.34735	0.0416
-27.0	78.7333	3.18719	0.0383
-22.5	78.7333	3.16571	0.0417
-18.0	78.7333	2.96914	0.0421
-13.5	78.7333	2.92478	0.0542
-9.0	78.7333	2.43897	0.053
-4.5	78.7333	2.21322	0.0328
0.0	78.7333	2.11172	0.0292
4.5	78.7333	2.09791	0.0241
9.0	78.7333	2.11272	0.0193
13.5	78.7333	2.66609	0.0345
18.0	78.7333	3.05677	0.0463
22.5	78.7333	3.12432	0.0432
27.0	78.7333	3.07622	0.0404
31.5	78.7333	3.1849	0.0436
36.0	78.7333	3.4749	0.0505
40.5	78.7333	3.21029	0.0386
45.0	78.7333	3.0993	0.0442
49.5	78.7333	3.12219	0.0406
54.0	78.7333	2.96523	0.0345
58.5	78.7333	2.89012	0.0322
63.0	78.7333	3.02425	0.0397
67.5	78.7333	2.94337	0.0384
72.0	78.7333	2.88764	0.039
76.5	78.7333	2.91468	0.0392
81.0	78.7333	2.68887	0.0417
85.5	78.7333	2.60132	0.0352
90.0	78.7333	2.66396	0.0436
94.5	78.7333	2.51389	0.0588
99.0	78.7333	2.45161	0.0458
103.5	78.7333	2.48181	0.043
108.0	78.7333	2.17	0.0391
112.5	78.7333	2.13838	0.0387
117.0	78.7333	2.02256	0.0393
121.5	78.7333	1.89444	0.042
126.0	78.7333	1.66503	0.0312
130.5	78.7333	1.62807	0.033
135.0	78.7333	1.58094	0.0376
139.5	78.7333	1.56554	0.0409
144.0	78.7333	1.54352	0.044
148.5	78.7333	1.36275	0.0373
153.0	78.7333	1.33008	0.0428
157.5	78.7333	1.28215	0.0461
162.0	78.7333	1.1871	0.0442
166.5	78.7333	1.12107	0.0515
171.0	78.7333	1.08537	0.0675
175.5	78.7333	0.904227	0.053
180.0	78.7333	0.744241	0.037
184.5	78.7333	0.768805	0.0511
189.0	78.7333	0.663026	0.0508
193.5	78.7333	0.678317	0.0719
198.0	78.7333	0.528644	0.0521
202.5	78.7333	0.505182	0.061
207.0	78.7333	0.474032	0.0549
211.5	78.7333	0.464672	0.0574
216.0	78.7333	0.342905	0.0492
220.5	78.7333	0.333341	0.0514
225.0	78.7333	0.309918	0.0494
229.5	78.7333	0.283113	0.0697
234.0	78.7333	0.333486	0.1229
238.5	78.7333	0.238626	0.068
243.0	78.7333	0.238436	0.099
247.5	78.7333	0.1842	0.0505
252.0	78.7333	0.191993	0.0745
256.5	78.7333	0.186145	0.0966
261.0	78.7333	0.182322	0.115
265.5	78.7333	0.198463	0.0787
270.0	78.7333	0.156897	0.1061
274.5	78.7333	0.150463	0.1069
279.0	78.7333	0.118121	0.0532
283.5	78.7333	0.125906	0.0685
288.0	78.7333	0.125303	0.0687
292.5	78.7333	0.129108	0.0827
297.0	78.7333	0.140631	0.0954
301.5	78.7333	0.166315	0.1741
306.0	78.7333	0.110091	0.0611
310.5	78.7333	0.130007	0.1398
315.0	78.7333	0.139816	0.2181
319.5	78.7333	0.111582	0.1802
324.0	78.7333	0.105064	0.0946
328.5	78.7333	0.145867	0.2287
333.0	78.7333	0.113842	0.0955
337.5	78.7333	0.107347	0.1198
342.0	78.7333	0.108602	0.1259
346.5	78.7333	0.0821892	0.0754
351.0	78.7333	0.0797356	0.0722
355.5	78.7333	0.0979881	0.1468
360.0	78.7333	0.0861434	0.1254
364.5	78.7333	0.0757111	0.1059
369.0	78.7333	0.08549	0.2671
373.5	78.7333	0.0710611	0.1431
378.0	78.7333	0.0655314	0.0861
382.5	78.7333	0.0590448	0.0943
387.0	78.7333	0.0695799	0.1648
391.5	78.7333	0.0587102	0.1414
396.0	78.7333	0.047572	0.0845
400.5	78.7333	0.0884797	0.2187
405.0	78.7333	0.0624358	0.1659
409.5	78.7333	0.0472641	0.1814
414.0	78.7333	0.0300431	0.0999
418.5	78.7333	0.042948	0.1126
423.0	78.7333	0.0519415	0.1413
427.5	78.7333	0.0454656	0.2446
432.0	78.7333	0.0370826	0.1203
436.5	78.7333	0.036964	0.1093
441.0	78.7333	0.0597989	0.1874
445.5	78.7333	0.0614052	0.3175
-450.0	81.3	0.0447432	0.2035
-445.5	81.3	0.0383388	0.1278
-441.0	81.3	0.0322341	0.1371
-436.5	81.3	0.0444773	0.2721
-432.0	81.3	0.0342238	0.2007
-427.5	81.3	0.0392783	0.2723
-423.0	81.3	0.0323108	0.1278
-418.5	81.3	0.04806	0.2222
-414.0	81.3	0.0321843	0.1452
-409.5	81.3	0.0321485	0.1318
-405.0	81.3	0.0405373	0.1239
-400.5	81.3	0.0348296	0.126
-396.0	81.3	0.0473818	0.1473
-391.5	81.3	0.0588633	0.1225
-387.0	81.3	0.0538527	0.1239
-382.5	81.3	0.0520154	0.1432
-378.0	81.3	0.0532707	0.1298
-373.5	81.3	0.0502466	0.1037
-369.0	81.3	0.0720696	0.2373
-364.5	81.3	0.0631528	0.1029
-360.0	81.3	0.0632617	0.1018
-355.5	81.3	0.0801493	0.2042
-351.0	81.3	0.0994651	0.3498
-346.5	81.3	0.0751481	0.119
-342.0	81.3	0.0766577	0.0959
-337.5	81.3	0.0830428	0.0948
-333.0	81.3	0.0780497	0.1851
-328.5	81.3	0.0764766	0.0769
-324.0	81.3	0.114376	0.1975
-319.5	81.3	0.0955848	0.0688
-315.0	81.3	0.109102	0.0835
-310.5	81.3	0.104034	0.0915
-306.0	81.3	0.10164	0.0782
-301.5	81.3	0.121609	0.1145
-297.0	81.3	0.160394	0.1307
-292.5	81.3	0.136813	0.1386
-288.0	81.3	0.119436	0.0567
-283.5	81.3	0.13884	0.0719
-279.0	81.3	0.146724	0.0881
-274.5	81.3	0.172217	0.0701
-270.0	81.3	0.16995	0.0677
-265.5	81.3	0.185043	0.0929
-261.0	81.3	0.187028	0.0779
-256.5	81.3	0.190709	0.0541
-252.0	81.3	0.191465	0.0518
-247.5	81.3	0.251981	0.0701
-243.0	81.3	0.273005	0.0664
-238.5	81.3	0.298032	0.0678
-234.0	81.3	0.302291	0.0574
-229.5	81.3	0.332444	0.0583
-225.0	81.3	0.374178	0.0745
-220.5	81.3	0.420786	0.0758
-216.0	81.3	0.401166	0.0458
-211.5	81.3	0.423678	0.042
-207.0	81.3	0.513051	0.0707
-202.5	81.3	0.517475	0.0502
-198.0	81.3	0.594875	0.0546
-193.5	81.3	0.654992	0.0647
-189.0	81.3	0.672847	0.0787
-184.5	81.3	0.800867	0.0609
-180.0	81.3	0.845654	0.0497
-175.5	81.3	0.862554	0.0513
-171.0	81.3	0.905576	0.0504
-166.5	81.3	0.8814	0.041
-162.0	81.3	1.03308	0.0491
-157.5	81.3	1.08742	0.0398
-153.0	81.3	1.13683	0.0352
-148.5	81.3	1.14603	0.0353
-144.0	81.3	1.22946	0.0496
-139.5	81.3	1.34258	0.0385
-135.0	81.3	1.43868	0.0364
-130.5	81.3	1.53618	0.0362
-126.0	81.3	1.5671	0.0357
-121.5	81.3	1.78393	0.0435
-117.0	81.3	1.84654	0.0416
-112.5	81.3	1.9779	0.0375
-108.0	81.3	2.03541	0.0405
-103.5	81.3	2.03082	0.0315
-99.0	81.3	2.05	0.0363
-94.5	81.3	2.06606	0.0269
-90.0	81.3	2.4121	0.0555
-85.5	81.3	2.58639	0.0412
-81.0	81.3	2.68397	0.0468
-76.5	81.3	2.84252	0.05
-72.0	81.3	3.1474	0.046
-67.5	81.3	2.9373	0.0358
-63.0	81.3	3.31936	0.0445
-58.5	81.3	3.21564	0.0461
-54.0	81.3	3.03917	0.0486
-49.5	81.3	3.32674	0.0502
-45.0	81.3	3.01178	0.0352
-40.5	81.3	3.2054	0.0435
-36.0	81.3	3.0879	0.0456
-31.5	81.3	3.00204	0.0469
-27.0	81.3	3.3825	0.0574
-22.5	81.3	3.12741	0.0437
-18.0	81.3	3.09743	0.0602
-13.5	81.3	2.9203	0.0773
-9.0	81.3	2.10512	0.0249
-4.5	81.3	2.36149	0.0491
0.0	81.3	2.0947	0.0371
4.5	81.3	2.05527	0.0292
9.0	81.3	2.13598	0.0299
13.5	81.3	2.65671	0.0396
18.0	81.3	3.12726	0.067
22.5	81.3	2.83234	0.0374
27.0	81.3	2.86547	0.0392
31.5	81.3	3.19811	0.0451
36.0	81.3	3.10396	0.0406
40.5	81.3	2.99839	0.0416
45.0	81.3	2.95554	0.0365
49.5	81.3	3.00578	0.0362
54.0	81.3	2.90384	0.0379
58.5	81.3	2.90606	0.036
63.0	81.3	2.98093	0.0433
67.5	81.3	2.90399	0.043
72.0	81.3	2.83631	0.0383
76.5	81.3	2.70639	0.0388
81.0	81.3	2.72107	0.0436
85.5	81.3	2.63165	0.0397
90.0	81.3	2.35821	0.031
94.5	81.3	2.4107	0.0408
99.0	81.3	2.16727	0.033
103.5	81.3	2.36374	0.0529
108.0	81.3	2.21233	0.0485
112.5	81.3	1.94751	0.0376
117.0	81.3	1.76074	0.0362
121.5	81.3	1.71663	0.0312
126.0	81.3	1.72871	0.0476
130.5	81.3	1.75935	0.0458
135.0	81.3	1.57067	0.0422
139.5	81.3	1.51282	0.0438
144.0	81.3	1.47046	0.0402
148.5	81.3	1.39025	0.0501
153.0	81.3	1.30094	0.0473
157.5	81.3	1.17649	0.0441
162.0	81.3	1.18849	0.0702
166.5	81.3	1.05702	0.0467
171.0	81.3	0.993807	0.0549
175.5	81.3	0.865945	0.0511
180.0	81.3	0.810379	0.0557
184.5	81.3	0.770543	0.0582
189.0	81.3	0.688813	0.0603
193.5	81.3	0.566874	0.0485
198.0	81.3	0.50951	0.0549
202.5	81.3	0.46887	0.0522
207.0	81.3	0.474213	0.0786
211.5	81.3	0.399855	0.0623
216.0	81.3	0.399211	0.0848
220.5	81.3	0.330161	0.0876
225.0	81.3	0.288049	0.0573
229.5	81.3	0.285393	0.0604
234.0	81.3	0.238667	0.0584
238.5	81.3	0.230513	0.0587
243.0	81.3	0.206025	0.0754
247.5	81.3	0.192832	0.0563
252.0	81.3	0.208104	0.1076
256.5	81.3	0.186481	0.0825
261.0	81.3	0.157077	0.0619
265.5	81.3	0.12945	0.0479
270.0	81.3	0.183596	0.1954
274.5	81.3	0.145924	0.0872
279.0	81.3	0.136426	0.0794
283.5	81.3	0.121838	0.0663
288.0	81.3	0.11947	0.0747
292.5	81.3	0.117995	0.0641
297.0	81.3	0.109359	0.0844
301.5	81.3	0.118206	0.0614
306.0	81.3	0.103067	0.0698
310.5	81.3	0.141973	0.142
315.0	81.3	0.129197	0.137
319.5	81.3	0.104312	0.0993
324.0	81.3	0.115863	0.1387
328.5	81.3	0.143533	0.2131
333.0	81.3	0.14028	0.1757
337.5	81.3	0.0945301	0.0836
342.0	81.3	0.0998862	0.0957
346.5	81.3	0.111085	0.2532
351.0	81.3	0.0961664	0.1606
355.5	81.3	0.110793	0.1569
360.0	81.3	0.0790486	0.1074
364.5	81.3	0.0676659	0.1103
369.0	81.3	0.0986485	0.1713
373.5	81.3	0.0878554	0.1524
378.0	81.3	0.0777662	0.1846
382.5	81.3	0.0607643	0.1006
387.0	81.3	0.0471971	0.0861
391.5	81.3	0.0601778	0.1303
396.0	81.3	0.047538	0.0982
400.5	81.3	0.0502046	0.0984
405.0	81.3	0.0604501	0.1362
409.5	81.3	0.0374839	0.1085
414.0	81.3	0.0387212	0.1227
418.5	81.3	0.041112	0.1268
423.0	81.3	0.038205	0.1104
427.5	81.3	0.0457459	0.1037
432.0	81.3	0.0614353	0.2329
436.5	81.3	0.0411262	0.1701
441.0	81.3	0.0517552	0.1247
445.5	81.3	0.0590242	0.1716
-450.0	83.8667	0.0496662	0.24
-445.5	83.8667	0.0479776	0.2546
-441.0	83.8667	0.0371512	0.2631
-436.5	83.8667	0.0282552	0.1512
-432.0	83.8667	0.0426954	0.2697
-427.5	83.8667	0.0315925	0.1551
-423.0	83.8667	0.0335839	0.1517
-418.5	83.8667	0.0327099	0.139
-414.0	83.8667	0.0364409	0.1361
-409.5	83.8667	0.036023	0.1363
-405.0	83.8667	0.0481363	0.2271
-400.5	83.8667	0.0366706	0.0994
-396.0	83.8667	0.0334337	0.1156
-391.5	83.8667	0.0437951	0.1158
-387.0	83.8667	0.0393666	0.1021
-382.5	83.8667	0.048677	0.1093
-378.0	83.8667	0.0791961	0.3611
-373.5	83.8667	0.05096	0.0859
-369.0	83.8667	0.048465	0.0839
-364.5	83.8667	0.0580751	0.1256
-360.0	83.8667	0.0649171	0.111
-355.5	83.8667	0.0676045	0.1203
-351.0	83.8667	0.0624374	0.1209
-346.5	83.8667	0.0777528	0.0889
-342.0	83.8667	0.0894283	0.1173
-337.5	83.8667	0.0721039	0.0867
-333.0	83.8667	0.0848315	0.1662
-328.5	83.8667	0.0858102	0.0745
-324.0	83.8667	0.101467	0.1713
-319.5	83.8667	0.111824	0.2856
-315.0	83.8667	0.0877664	0.0875
-310.5	83.8667	0.123556	0.2211
-306.0	83.8667	0.0971928	0.087
-301.5	83.8667	0.100916	0.0761
-297.0	83.8667	0.103799	0.0729
-292.5	83.8667	0.119391	0.0727
-288.0	83.8667	0.122278	0.0852
-283.5	83.8667	0.118085	0.0621
-279.0	83.8667	0.137395	0.0676
-274.5	83.8667	0.146555	0.0663
-270.0	83.8667	0.165241	0.075
-265.5	83.8667	0.174136	0.0547
-261.0	83.8667	0.173604	0.0502
-256.5	83.8667	0.208482	0.0602
-252.0	83.8667	0.228005	0.0758
-247.5	83.8667	0.208619	0.0481
-243.0	83.8667	0.237714	0.0503
-238.5	83.8667	0.293675	0.0794
-234.0	83.8667	0.307557	0.0608
-229.5	83.8667	0.298924	0.0461
-225.0	83.8667	0.34301	0.0614
-220.5	83.8667	0.355939	0.0483
-216.0	83.8667	0.383637	0.0483
-211.5	83.8667	0.462867	0.0566
-207.0	83.8667	0.512632	0.0887
-202.5	83.8667	0.525756	0.0595
-198.0	83.8667	0.586668	0.0684
-193.5	83.8667	0.67852	0.091
-189.0	83.8667	0.662702	0.0491
-184.5	83.8667	0.694189	0.04
-180.0	83.8667	0.79381	0.0672
-175.5	83.8667	0.873511	0.0453
-171.0	83.8667	0.856977	0.0518
-166.5	83.8667	0.894751	0.0331
-162.0	83.8667	1.07351	0.0484
-157.5	83.8667	1.05428	0.0389
-153.0	83.8667	1.1466	0.0465
-148.5	83.8667	1.11679	0.0384
-144.0	83.8667	1.3127	0.0565
-139.5	83.8667	1.29274	0.0351
-135.0	83.8667	1.39861	0.0388
-130.5	83.8667	1.60959	0.0539
-126.0	83.8667	1.60827	0.0432
-121.5	83.8667	1.68785	0.0411
-117.0	83.8667	1.73091	0.042
-112.5	83.8667	1.8945	0.0474
-108.0	83.8667	1.82305	0.0368
-103.5	83.8667	1.93718	0.0394
-99.0	83.8667	1.91393	0.0352
-94.5	83.8667	2.05988	0.0347
-90.0	83.8667	2.19773	0.0418
-85.5	83.8667	2.28925	0.0379
-81.0	83.8667	2.45201	0.0416
-76.5	83.8667	2.58733	0.0422
-72.0	83.8667	2.85383	0.0471
-67.5	83.8667	2.81755	0.0373
-63.0	83.8667	3.03797	0.0475
-58.5	83.8667	3.0032	0.0448
-54.0	83.8667	2.97217	0.0396
-49.5	83.8667	3.0756	0.0476
-45.0	83.8667	2.93001	0.0396
-40.5	83.8667	3.00637	0.0409
-36.0	83.8667	3.11463	0.0463
-31.5	83.8667	3.15589	0.048
-27.0	83.8667	2.94457	0.0398
-22.5	83.8667	3.0437	0.0446
-18.0	83.8667	3.02647	0.0479
-13.5	83.8667	3.65426	0.266
-9.0	83.8667	2.23798	0.0444
-4.5	83.8667	2.00116	0.0376
0.0	83.8667	1.8837	0.0294
4.5	83.8667	1.94285	0.0316
9.0	83.8667	2.0941	0.033
13.5	83.8667	2.62903	0.0438
18.0	83.8667	2.78827	0.0459
22.5	83.8667	2.80201	0.0418
27.0	83.8667	2.84468	0.0411
31.5	83.8667	2.91267	0.0384
36.0	83.8667	2.95556	0.0475
40.5	83.8667	2.9232	0.0382
45.0	83.8667	3.03363	0.0474
49.5	83.8667	2.85925	0.0374
54.0	83.8667	2.6578	0.0332
58.5	83.8667	2.91467	0.0415
63.0	83.8667	2.89743	0.0461
67.5	83.8667	2.87261	0.0453
72.0	83.8667	2.45217	0.0369
76.5	83.8667	2.6092	0.0489
81.0	83.8667	2.43146	0.0377
85.5	83.8667	2.60562	0.0533
90.0	83.8667	2.62783	0.0461
94.5	83.8667	2.44999	0.0415
99.0	83.8667	2.34575	0.0479
103.5	83.8667	2.11382	0.0377
108.0	83.8667	2.14852	0.0381
112.5	83.8667	2.16573	0.0528
117.0	83.8667	1.99618	0.0412
121.5	83.8667	1.83285	0.049
126.0	83.8667	1.63345	0.036
130.5	83.8667	1.64055	0.0459
135.0	83.8667	1.57853	0.0519
139.5	83.8667	1.5641	0.0528
144.0	83.8667	1.39674	0.047
148.5	83.8667	1.31039	0.054
153.0	83.8667	1.21187	0.0456
157.5	83.8667	1.09019	0.051
162.0	83.8667	1.08602	0.0469
166.5	83.8667	0.984455	0.0436
171.0	83.8667	0.963992	0.0556
175.5	83.8667	0.830738	0.0465
180.0	83.8667	0.772345	0.0549
184.5	83.8667	0.726196	0.0652
189.0	83.8667	0.658935	0.0681
193.5	83.8667	0.541679	0.0473
198.0	83.8667	0.464524	0.0371
202.5	83.8667	0.427433	0.0413
207.0	83.8667	0.410593	0.0481
211.5	83.8667	0.375852	0.0718
216.0	83.8667	0.387014	0.0874
220.5	83.8667	0.355071	0.0662
225.0	83.8667	0.291404	0.0586
229.5	83.8667	0.361501	0.1096
234.0	83.8667	0.241692	0.0638
238.5	83.8667	0.229072	0.0767
243.0	83.8667	0.196671	0.055
247.5	83.8667	0.181661	0.051
252.0	83.8667	0.189373	0.1099
256.5	83.8667	0.157662	0.0513
261.0	83.8667	0.183983	0.1057
265.5	83.8667	0.144842	0.0563
270.0	83.8667	0.141108	0.0676
274.5	83.8667	0.123552	0.0687
279.0	83.8667	0.125955	0.0743
283.5	83.8667	0.125729	0.0765
288.0	83.8667	0.117235	0.0712
292.5	83.8667	0.128774	0.1362
297.0	83.8667	0.141914	0.1432
301.5	83.8667	0.118325	0.1513
306.0	83.8667	0.114236	0.1165
310.5	83.8667	0.146037	0.1661
315.0	83.8667	0.134999	0.1528
319.5	83.8667	0.100694	0.0849
324.0	83.8667	0.106761	0.094
328.5	83.8667	0.117752	0.2179
333.0	83.8667	0.150969	0.1878
337.5	83.8667	0.11432	0.1288
342.0	83.8667	0.11521	0.168
346.5	83.8667	0.0838905	0.0685
351.0	83.8667	0.0993809	0.2188
355.5	83.8667	0.107989	0.1735
360.0	83.8667	0.0823426	0.1121
364.5	83.8667	0.0692605	0.0739
369.0	83.8667	0.0761696	0.116
373.5	83.8667	0.0895481	0.1502
378.0	83.8667	0.0741686	0.2042
382.5	83.8667	0.0657209	0.0988
387.0	83.8667	0.0687996	0.1388
391.5	83.8667	0.0529626	0.1185
396.0	83.8667	0.0506114	0.0968
400.5	83.8667	0.0541854	0.2378
405.0	83.8667	0.0661055	0.3089
409.5	83.8667	0.0505632	0.1863
414.0	83.8667	0.0417467	0.1129
418.5	83.8667	0.0452639	0.1548
423.0	83.8667	0.0428941	0.1296
427.5	83.8667	0.0423886	0.1036
432.0	83.8667	0.04781	0.1556
436.5	83.8667	0.0445169	0.1117
441.0	83.8667	0.0445253	0.1063
445.5	83.8667	0.0470331	0.1778
-450.0	86.4333	0.0709151	0.3367
-445.5	86.4333	0.0382192	0.1417
-441.0	86.4333	0.0333861	0.2114
-436.5	86.4333	0.0281545	0.1031
-432.0	86.4333	0.032765	0.1647
-427.5	86.4333	0.0430008	0.1819
-423.0	86.4333	0.0366361	0.139
-418.5	86.4333	0.0303747	0.1752
-414.0	86.4333	0.0317603	0.1264
-409.5	86.4333	0.0376799	0.1224
-405.0	86.4333	0.0419562	0.1365
-400.5	86.4333	0.0406312	0.1193
-396.0	86.4333	0.0548507	0.1548
-391.5	86.4333	0.0402322	0.1158
-387.0	86.4333	0.043543	0.0886
-382.5	86.4333	0.0432991	0.1085
-378.0	86.4333	0.0427861	0.1135
-373.5	86.4333	0.0635792	0.165
-369.0	86.4333	0.0524454	0.1197
-364.5	86.4333	0.0540473	0.1456
-360.0	86.4333	0.050125	0.1158
-355.5	86.4333	0.0587438	0.0982
-351.0	86.4333	0.0624693	0.0811
-346.5	86.4333	0.0693419	0.111
-342.0	86.4333	0.0938769	0.2061
-337.5	86.4333	0.0822921	0.1563
-333.0	86.4333	0.0832304	0.1199
-328.5	86.4333	0.0712024	0.0981
-324.0	86.4333	0.0673508	0.0676
-319.5	86.4333	0.0772867	0.0703
-315.0	86.4333	0.0904705	0.0804
-310.5	86.4333	0.0936167	0.0813
-306.0	86.4333	0.0898662	0.0696
-301.5	86.4333	0.107818	0.1117
-297.0	86.4333	0.119662	0.0701
-292.5	86.4333	0.107826	0.06
-288.0	86.4333	0.111642	0.0584
-283.5	86.4333	0.132712	0.1031
-279.0	86.4333	0.126755	0.0724
-274.5	86.4333	0.145455	0.085
-270.0	86.4333	0.174953	0.1238
-265.5	86.4333	0.16557	0.0612
-261.0	86.4333	0.204144	0.1364
-256.5	86.4333	0.216719	0.1053
-252.0	86.4333	0.186954	0.0622
-247.5	86.4333	0.207415	0.0552
-243.0	86.4333	0.21434	0.0441
-238.5	86.4333	0.27485	0.0684
-234.0	86.4333	0.287305	0.0569
-229.5	86.4333	0.308711	0.0519
-225.0	86.4333	0.32893	0.0564
-220.5	86.4333	0.348467	0.0501
-216.0	86.4333	0.404709	0.0427
-211.5	86.4333	0.436394	0.0496
-207.0	86.4333	0.460811	0.0467
-202.5	86.4333	0.514976	0.0534
-198.0	86.4333	0.542762	0.0429
-193.5	86.4333	0.559658	0.0397
-189.0	86.4333	0.612384	0.0479
-184.5	86.4333	0.647093	0.0434
-180.0	86.4333	0.735605	0.0506
-175.5	86.4333	0.799339	0.0428
-171.0	86.4333	0.876292	0.0447
-166.5	86.4333	0.910825	0.0378
-162.0	86.4333	0.983477	0.0432
-157.5	86.4333	0.988948	0.0393
-153.0	86.4333	1.12427	0.0492
-148.5	86.4333	1.10417	0.0347
-144.0	86.4333	1.16565	0.0332
-139.5	86.4333	1.44396	0.0545
-135.0	86.4333	1.45033	0.0451
-130.5	86.4333	1.45419	0.0422
-126.0	86.4333	1.46395	0.033
-121.5	86.4333	1.64508	0.0456
-117.0	86.4333	1.70389	0.0425
-112.5	86.4333	1.66411	0.0306
-108.0	86.4333	1.79746	0.0576
-103.5	86.4333	1.76593	0.0302
-99.0	86.4333	1.90707	0.0479
-94.5	86.4333	1.88372	0.033
-90.0	86.4333	2.03755	0.037
-85.5	86.4333	2.16737	0.0315
-81.0	86.4333	2.36425	0.05
-76.5	86.4333	2.37542	0.0469
-72.0	86.4333	2.59053	0.0493
-67.5	86.4333	2.69767	0.0522
-63.0	86.4333	2.60615	0.0428
-58.5	86.4333	2.82301	0.0456
-54.0	86.4333	2.72148	0.0425
-49.5	86.4333	2.90302	0.044
-45.0	86.4333	2.61798	0.0337
-40.5	86.4333	2.7681	0.0336
-36.0	86.4333	2.90418	0.0468
-31.5	86.4333	2.96008	0.0465
-27.0	86.4333	2.91475	0.0518
-22.5	86.4333	2.63915	0.0366
-18.0	86.4333	2.53622	0.0391
-13.5	86.4333	2.82015	0.0629
-9.0	86.4333	1.95146	0.0298
-4.5	86.4333	1.90104	0.0255
0.0	86.4333	1.79104	0.0213
4.5	86.4333	1.94992	0.0365
9.0	86.4333	2.10771	0.0408
13.5	86.4333	2.29993	0.0463
18.0	86.4333	2.65156	0.0453
22.5	86.4333	2.70746	0.0418
27.0	86.4333	2.84875	0.0533
31.5	86.4333	2.81857	0.0416
36.0	86.4333	2.73183	0.0347
40.5	86.4333	2.78972	0.0439
45.0	86.4333	2.75347	0.0378
49.5	86.4333	2.72567	0.0348
54.0	86.4333	2.69929	0.0383
58.5	86.4333	2.74489	0.0383
63.0	86.4333	2.63213	0.0333
67.5	86.4333	2.66158	0.0511
72.0	86.4333	2.74919	0.0406
76.5	86.4333	2.42163	0.0353
81.0	86.4333	2.61817	0.043
85.5	86.4333	2.49752	0.0446
90.0	86.4333	2.30192	0.043
94.5	86.4333	2.24998	0.0403
99.0	86.4333	2.10844	0.0366
103.5	86.4333	2.11476	0.0472
108.0	86.4333	1.92345	0.0374
112.5	86.4333	1.83424	0.0419
117.0	86.4333	1.85808	0.0435
121.5	86.4333	1.52079	0.0332
126.0	86.4333	1.76454	0.0536
130.5	86.4333	1.64205	0.0498
135.0	86.4333	1.50853	0.047
139.5	86.4333	1.31725	0.0374
144.0	86.4333	1.33041	0.0382
148.5	86.4333	1.31481	0.0483
153.0	86.4333	1.21882	0.0471
157.5	86.4333	1.14177	0.0518
162.0	86.4333	1.06478	0.0475
166.5	86.4333	1.03788	0.047
171.0	86.4333	0.912134	0.048
175.5	86.4333	0.828242	0.0775
180.0	86.4333	0.766599	0.0442
184.5	86.4333	0.668735	0.0485
189.0	86.4333	0.654082	0.0489
193.5	86.4333	0.571303	0.0623
198.0	86.4333	0.520439	0.0532
202.5	86.4333	0.424202	0.0426
207.0	86.4333	0.432665	0.0685
211.5	86.4333	0.355539	0.0501
216.0	86.4333	0.381061	0.0702
220.5	86.4333	0.366298	0.0953
225.0	86.4333	0.326353	0.0888
229.5	86.4333	0.293889	0.0729
234.0	86.4333	0.250912	0.1073
238.5	86.4333	0.228412	0.0802
243.0	86.4333	0.17687	0.0571
247.5	86.4333	0.222689	0.1075
252.0	86.4333	0.185275	0.0595
256.5	86.4333	0.143911	0.0611
261.0	86.4333	0.16803	0.1241
265.5	86.4333	0.150128	0.1011
270.0	86.4333	0.124648	0.0585
274.5	86.4333	0.134072	0.0665
279.0	86.4333	0.127925	0.0669
283.5	86.4333	0.130931	0.0763
288.0	86.4333	0.112495	0.0722
292.5	86.4333	0.120546	0.0757
297.0	86.4333	0.12584	0.1337
301.5	86.4333	0.109112	0.073
306.0	86.4333	0.116485	0.1205
310.5	86.4333	0.104415	0.0674
315.0	86.4333	0.0961317	0.085
319.5	86.4333	0.123019	0.123
324.0	86.4333	0.0910563	0.0605
328.5	86.4333	0.104049	0.1089
333.0	86.4333	0.122307	0.1853
337.5	86.4333	0.106482	0.2392
342.0	86.4333	0.121072	0.1785
346.5	86.4333	0.0919323	0.1932
351.0	86.4333	0.102274	0.1859
355.5	86.4333	0.118855	0.1672
360.0	86.4333	0.0765116	0.0798
364.5	86.4333	0.0817341	0.0806
369.0	86.4333	0.0844281	0.1321
373.5	86.4333	0.0777212	0.1198
378.0	86.4333	0.102277	0.2725
382.5	86.4333	0.056163	0.1151
387.0	86.4333	0.0634239	0.2257
391.5	86.4333	0.0486391	0.1005
396.0	86.4333	0.0591414	0.1332
400.5	86.4333	0.0609138	0.1616
405.0	86.4333	0.0466614	0.137
409.5	86.4333	0.0484409	0.124
414.0	86.4333	0.038447	0.0917
418.5	86.4333	0.0642147	0.3917
423.0	86.4333	0.0454939	0.1847
427.5	86.4333	0.0411274	0.1858
432.0	86.4333	0.0487389	0.2469
436.5	86.4333	0.061419	0.227
441.0	86.4333	0.0482924	0.1144
445.5	86.4333	0.046045	0.1107
-450.0	89.0	0.0346556	0.1433
-445.5	89.0	0.0285011	0.1392
-441.0	89.0	0.0315386	0.1374
-436.5	89.0	0.0263849	0.1151
-432.0	89.0	0.0300057	0.1429
-427.5	89.0	0.0360937	0.2632
-423.0	89.0	0.0328525	0.1537
-418.5	89.0	0.0317273	0.1311
-414.0	89.0	0.0305853	0.109
-409.5	89.0	0.031282	0.1231
-405.0	89.0	0.0497497	0.182
-400.5	89.0	0.0572305	0.1882
-396.0	89.0	0.0584175	0.2179
-391.5	89.0	0.0702397	0.3731
-387.0	89.0	0.0520822	0.1493
-382.5	89.0	0.0446175	0.1196
-378.0	89.0	0.0406686	0.1052
-373.5	89.0	0.0436557	0.129
-369.0	89.0	0.0593723	0.102
-364.5	89.0	0.0630641	0.2382
-360.0	89.0	0.0603853	0.097
-355.5	89.0	0.058179	0.125
-351.0	89.0	0.0648376	0.0769
-346.5	89.0	0.0569802	0.0766
-342.0	89.0	0.0649422	0.1015
-337.5	89.0	0.0894028	0.1922
-333.0	89.0	0.0710002	0.0801
-328.5	89.0	0.0846364	0.0978
-324.0	89.0	0.0781368	0.0928
-319.5	89.0	0.0855902	0.0951
-315.0	89.0	0.0877049	0.0881
-310.5	89.0	0.0757744	0.0641
-306.0	89.0	0.0934356	0.0694
-301.5	89.0	0.0947099	0.0774
-297.0	89.0	0.09846	0.0594
-292.5	89.0	0.101761	0.0948
-288.0	89.0	0.121339	0.0842
-283.5	89.0	0.120898	0.066
-279.0	89.0	0.167741	0.1277
-274.5	89.0	0.132965	0.07
-270.0	89.0	0.15077	0.0819
-265.5	89.0	0.165687	0.0725
-261.0	89.0	0.174186	0.0649
-256.5	89.0	0.187323	0.0659
-252.0	89.0	0.198861	0.061
-247.5	89.0	0.195017	0.0493
-243.0	89.0	0.248009	0.0625
-238.5	89.0	0.262916	0.0707
-234.0	89.0	0.311042	0.06
-229.5	89.0	0.323288	0.0757
-225.0	89.0	0.325457	0.0479
-220.5	89.0	0.376894	0.054
-216.0	89.0	0.431241	0.0786
-211.5	89.0	0.397103	0.0435
-207.0	89.0	0.445678	0.0485
-202.5	89.0	0.483556	0.0523
-198.0	89.0	0.554725	0.0626
-193.5	89.0	0.528667	0.0406
-189.0	89.0	0.596865	0.0428
-184.5	89.0	0.700431	0.0546
-180.0	89.0	0.707538	0.0434
-175.5	89.0	0.757878	0.0482
-171.0	89.0	0.813557	0.0423
-166.5	89.0	0.865302	0.0456
-162.0	89.0	0.878209	0.0364
-157.5	89.0	0.922355	0.0378
-153.0	89.0	1.07095	0.0389
-148.5	89.0	1.15219	0.0429
-144.0	89.0	1.16904	0.053
-139.5	89.0	1.28076	0.0391
-135.0	89.0	1.31079	0.0332
-130.5	89.0	1.39177	0.0423
-126.0	89.0	1.46573	0.0498
-121.5	89.0	1.46605	0.0431
-117.0	89.0	1.55267	0.038
-112.5	89.0	1.73183	0.0566
-108.0	89.0	1.63531	0.0314
-103.5	89.0	1.74172	0.0426
-99.0	89.0	1.72735	0.0338
-94.5	89.0	1.88537	0.0388
-90.0	89.0	1.86738	0.0436
-85.5	89.0	1.93382	0.0314
-81.0	89.0	2.16558	0.0439
-76.5	89.0	2.31326	0.0478
-72.0	89.0	2.42319	0.0464
-67.5	89.0	2.43572	0.0486
-63.0	89.0	2.5915	0.0519
-58.5	89.0	2.64612	0.051
-54.0	89.0	2.69934	0.0524
-49.5	89.0	2.70791	0.0398
-45.0	89.0	2.50527	0.037
-40.5	89.0	2.40075	0.0411
-36.0	89.0	2.40736	0.0316
-31.5	89.0	2.51808	0.0406
-27.0	89.0	2.56861	0.0481
-22.5	89.0	2.45708	0.0377
-18.0	89.0	2.57821	0.0443
-13.5	89.0	2.4027	0.0721
-9.0	89.0	1.99661	0.0488
-4.5	89.0	1.81923	0.0378
0.0	89.0	1.86159	0.0574
4.5	89.0	1.81755	0.0369
9.0	89.0	1.9431	0.0365
13.5	89.0	2.26365	0.0414
18.0	89.0	2.53142	0.0482
22.5	89.0	2.62754	0.0481
27.0	89.0	2.63242	0.0703
31.5	89.0	2.66681	0.0387
36.0	89.0	2.78686	0.0488
40.5	89.0	2.63606	0.04
45.0	89.0	2.7157	0.0445
49.5	89.0	2.59224	0.0455
54.0	89.0	2.71949	0.0444
58.5	89.0	2.3697	0.0336
63.0	89.0	2.63741	0.0466
67.5	89.0	2.5368	0.0557
72.0	89.0	2.46423	0.042
76.5	89.0	2.36358	0.0395
81.0	89.0	2.37616	0.0446
85.5	89.0	2.22369	0.0444
90.0	89.0	2.25372	0.0395
94.5	89.0	2.1938	0.0467
99.0	89.0	2.12898	0.0404
103.5	89.0	2.05174	0.0594
108.0	89.0	1.79609	0.0356
112.5	89.0	1.84728	0.049
117.0	89.0	1.75241	0.0425
121.5	89.0	1.7668	0.0565
126.0	89.0	1.50839	0.0357
130.5	89.0	1.66114	0.0557
135.0	89.0	1.44677	0.0494
139.5	89.0	1.36454	0.0362
144.0	89.0	1.32406	0.0484
148.5	89.0	1.245	0.0486
153.0	89.0	1.26951	0.0623
157.5	89.0	1.09518	0.0524
162.0	89.0	1.02308	0.052
166.5	89.0	0.982276	0.0571
171.0	89.0	0.883179	0.0438
175.5	89.0	0.803694	0.0483
180.0	89.0	0.73806	0.0571
184.5	89.0	0.665862	0.0598
189.0	89.0	0.627826	0.0488
193.5	89.0	0.517827	0.0443
198.0	89.0	0.50519	0.0551
202.5	89.0	0.491638	0.0613
207.0	89.0	0.373127	0.0505
211.5	89.0	0.388752	0.0578
216.0	89.0	0.313441	0.0439
220.5	89.0	0.300858	0.0534
225.0	89.0	0.287	0.0673
229.5	89.0	0.2399	0.0515
234.0	89.0	0.25423	0.0847
238.5	89.0	0.213937	0.0498
243.0	89.0	0.192922	0.0914
247.5	89.0	0.173388	0.0698
252.0	89.0	0.171077	0.0767
256.5	89.0	0.176662	0.0777
261.0	89.0	0.159729	0.0763
265.5	89.0	0.141111	0.0698
270.0	89.0	0.16026	0.0923
274.5	89.0	0.115173	0.0547
279.0	89.0	0.123763	0.0655
283.5	89.0	0.142511	0.1178
288.0	89.0	0.134358	0.1172
292.5	89.0	0.152367	0.1166
297.0	89.0	0.137844	0.1324
301.5	89.0	0.110867	0.0753
306.0	89.0	0.119218	0.1445
310.5	89.0	0.113938	0.1033
315.0	89.0	0.100975	0.0814
319.5	89.0	0.106166	0.1285
324.0	89.0	0.128554	0.1708
328.5	89.0	0.114425	0.1144
333.0	89.0	0.10485	0.13
337.5	89.0	0.10093	0.1466
342.0	89.0	0.0796587	0.08
346.5	89.0	0.0834897	0.0822
351.0	89.0	0.109947	0.1975
355.5	89.0	0.0994895	0.2038
360.0	89.0	0.0869018	0.0747
364.5	89.0	0.0858291	0.1022
369.0	89.0	0.0914853	0.1797
373.5	89.0	0.0784494	0.2081
378.0	89.0	0.072957	0.1132
382.5	89.0	0.0784026	0.1839
387.0	89.0	0.0547134	0.1601
391.5	89.0	0.0626607	0.1963
396.0	89.0	0.0718721	0.2216
400.5	89.0	0.052185	0.1469
405.0	89.0	0.0462846	0.1333
409.5	89.0	0.061344	0.2767
414.0	89.0	0.0324019	0.1195
418.5	89.0	0.0309918	0.1028
423.0	89.0	0.0404362	0.1693
427.5	89.0	0.0590905	0.2207
432.0	89.0	0.047432	0.1668
436.5	89.0	0.0479011	0.1165
441.0	89.0	0.0474172	0.1194
445.5	89.0	0.0461713	0.1163
-450.0	91.5667	0.0361299	0.1219
-445.5	91.5667	0.0360383	0.2037
-441.0	91.5667	0.0267082	0.1334
-436.5	91.5667	0.0309395	0.1696
-432.0	91.5667	0.030239	0.1878
-427.5	91.5667	0.0287096	0.1453
-423.0	91.5667	0.0301472	0.2331
-418.5	91.5667	0.0359901	0.2059
-414.0	91.5667	0.0334088	0.1334
-409.5	91.5667	0.0391392	0.1945
-405.0	91.5667	0.03914	0.1655
-400.5	91.5667	0.0337078	0.1292
-396.0	91.5667	0.0413907	0.2002
-391.5	91.5667	0.0430994	0.1262
-387.0	91.5667	0.0456267	0.1342
-382.5	91.5667	0.0507271	0.1356
-378.0	91.5667	0.0495082	0.1096
-373.5	91.5667	0.0469221	0.117
-369.0	91.5667	0.051736	0.1182
-364.5	91.5667	0.0476344	0.0871
-360.0	91.5667	0.0543255	0.0786
-355.5	91.5667	0.0534774	0.092
-351.0	91.5667	0.066531	0.0872
-346.5	91.5667	0.0529734	0.076
-342.0	91.5667	0.0571845	0.0801
-337.5	91.5667	0.0699016	0.0961
-333.0	91.5667	0.0753114	0.1104
-328.5	91.5667	0.0764731	0.0912
-324.0	91.5667	0.0689221	0.0755
-319.5	91.5667	0.0812456	0.1505
-315.0	91.5667	0.0840167	0.0861
-310.5	91.5667	0.112783	0.1215
-306.0	91.5667	0.0968708	0.1018
-301.5	91.5667	0.103772	0.1036
-297.0	91.5667	0.124697	0.2362
-292.5	91.5667	0.110095	0.0974
-288.0	91.5667	0.0967459	0.0786
-283.5	91.5667	0.11695	0.0607
-279.0	91.5667	0.118488	0.0652
-274.5	91.5667	0.136047	0.1
-270.0	91.5667	0.14191	0.0875
-265.5	91.5667	0.17119	0.0914
-261.0	91.5667	0.154928	0.0682
-256.5	91.5667	0.18589	0.068
-252.0	91.5667	0.175745	0.0635
-247.5	91.5667	0.22683	0.0637
-243.0	91.5667	0.229302	0.0661
-238.5	91.5667	0.237138	0.0718
-234.0	91.5667	0.236396	0.0449
-229.5	91.5667	0.348229	0.0639
-225.0	91.5667	0.335533	0.0608
-220.5	91.5667	0.345452	0.0525
-216.0	91.5667	0.382042	0.0681
-211.5	91.5667	0.414283	0.0454
-207.0	91.5667	0.428177	0.0449
-202.5	91.5667	0.519222	0.1106
-198.0	91.5667	0.494642	0.0499
-193.5	91.5667	0.56507	0.0485
-189.0	91.5667	0.624537	0.0485
-184.5	91.5667	0.619321	0.0465
-180.0	91.5667	0.691286	0.0486
-175.5	91.5667	0.737217	0.0542
-171.0	91.5667	0.76335	0.0397
-166.5	91.5667	0.855155	0.0434
-162.0	91.5667	0.908955	0.0527
-157.5	91.5667	1.0145	0.0637
-153.0	91.5667	0.991875	0.0405
-148.5	91.5667	1.16631	0.0473
-144.0	91.5667	1.19428	0.0481
-139.5	91.5667	1.33181	0.064
-135.0	91.5667	1.27943	0.0377
-130.5	91.5667	1.32527	0.0373
-126.0	91.5667	1.43193	0.0392
-121.5	91.5667	1.56006	0.0483
-117.0	91.5667	1.54512	0.0376
-112.5	91.5667	1.6525	0.0434
-108.0	91.5667	1.66648	0.0433
-103.5	91.5667	1.66382	0.0394
-99.0	91.5667	1.56925	0.0286
-94.5	91.5667	1.82393	0.0434
-90.0	91.5667	1.97507	0.0574
-85.5	91.5667	1.87539	0.0324
-81.0	91.5667	2.0573	0.0384
-76.5	91.5667	2.35181	0.0505
-72.0	91.5667	2.17276	0.0444
-67.5	91.5667	2.25919	0.0578
-63.0	91.5667	3.81641	0.3923
-58.5	91.5667	3.97545	0.4593
-54.0	91.5667	2.62535	0.0494
-49.5	91.5667	2.28426	0.0324
-45.0	91.5667	2.39144	0.046
-40.5	91.5667	2.5675	0.0489
-36.0	91.5667	2.35005	0.0454
-31.5	91.5667	2.31963	0.0399
-27.0	91.5667	2.44817	0.0475
-22.5	91.5667	2.26955	0.0395
-18.0	91.5667	2.34143	0.0583
-13.5	91.5667	2.32013	0.065
-9.0	91.5667	1.77123	0.0279
-4.5	91.5667	1.66459	0.0262
0.0	91.5667	1.74013	0.035
4.5	91.5667	1.6765	0.0232
9.0	91.5667	1.85647	0.0454
13.5	91.5667	2.03494	0.0328
18.0	91.5667	2.29447	0.0389
22.5	91.5667	2.34656	0.0455
27.0	91.5667	2.30697	0.0382
31.5	91.5667	2.51265	0.0516
36.0	91.5667	2.5941	0.0429
40.5	91.5667	2.61669	0.0476
45.0	91.5667	2.49944	0.0411
49.5	91.5667	2.55283	0.0468
54.0	91.5667	2.29544	0.038
58.5	91.5667	2.5132	0.0515
63.0	91.5667	2.43198	0.0403
67.5	91.5667	2.29216	0.0393
72.0	91.5667	2.35238	0.0448
76.5	91.5667	2.27187	0.0387
81.0	91.5667	2.06625	0.0338
85.5	91.5667	2.2486	0.0558
90.0	91.5667	2.16958	0.052
94.5	91.5667	2.04839	0.0478
99.0	91.5667	1.98868	0.0436
103.5	91.5667	1.85327	0.0409
108.0	91.5667	1.87058	0.0382
112.5	91.5667	1.71791	0.0457
117.0	91.5667	1.72902	0.0452
121.5	91.5667	1.53292	0.0408
126.0	91.5667	1.47777	0.0393
130.5	91.5667	1.51521	0.0514
135.0	91.5667	1.4165	0.0519
139.5	91.5667	1.41434	0.0703
144.0	91.5667	1.23837	0.0483
148.5	91.5667	1.18198	0.0521
153.0	91.5667	1.16854	0.0558
157.5	91.5667	1.06807	0.0602
162.0	91.5667	0.958972	0.0465
166.5	91.5667	0.960058	0.0462
171.0	91.5667	0.839243	0.0484
175.5	91.5667	0.856041	0.0531
180.0	91.5667	0.768	0.055
184.5	91.5667	0.635226	0.048
189.0	91.5667	0.559958	0.0584
193.5	91.5667	0.54614	0.053
198.0	91.5667	0.536404	0.0641
202.5	91.5667	0.432527	0.0666
207.0	91.5667	0.340238	0.0486
211.5	91.5667	0.360565	0.0804
216.0	91.5667	0.31147	0.0595
220.5	91.5667	0.283694	0.0535
225.0	91.5667	0.266263	0.0576
229.5	91.5667	0.247075	0.0701
234.0	91.5667	0.235793	0.1072
238.5	91.5667	0.227898	0.0635
243.0	91.5667	0.178953	0.0753
247.5	91.5667	0.18709	0.0606
252.0	91.5667	0.186868	0.1714
256.5	91.5667	0.161562	0.0982
261.0	91.5667	0.158365	0.0574
265.5	91.5667	0.133658	0.0655
270.0	91.5667	0.141783	0.0792
274.5	91.5667	0.147678	0.1115
279.0	91.5667	0.124039	0.0675
283.5	91.5667	0.131316	0.0693
288.0	91.5667	0.128649	0.1016
292.5	91.5667	0.129003	0.0786
297.0	91.5667	0.126707	0.117
301.5	91.5667	0.119868	0.0749
306.0	91.5667	0.113528	0.0818
310.5	91.5667	0.109873	0.0731
315.0	91.5667	0.107607	0.069
319.5	91.5667	0.111036	0.114
324.0	91.5667	0.126951	0.1872
328.5	91.5667	0.0973418	0.1061
333.0	91.5667	0.107408	0.1399
337.5	91.5667	0.0870008	0.0836
342.0	91.5667	0.101885	0.1194
346.5	91.5667	0.0967954	0.1537
351.0	91.5667	0.0909182	0.1208
355.5	91.5667	0.0756599	0.0849
360.0	91.5667	0.0693089	0.0742
364.5	91.5667	0.0662458	0.0733
369.0	91.5667	0.0769035	0.1122
373.5	91.5667	0.0716439	0.1396
378.0	91.5667	0.0594249	0.0857
382.5	91.5667	0.0509443	0.0964
387.0	91.5667	0.0644749	0.1594
391.5	91.5667	0.0551264	0.1001
396.0	91.5667	0.0559289	0.1101
400.5	91.5667	0.0781922	0.2532
405.0	91.5667	0.0442233	0.1149
409.5	91.5667	0.0670712	0.2502
414.0	91.5667	0.0452233	0.1641
418.5	91.5667	0.0374681	0.1065
423.0	91.5667	0.0313788	0.1269
427.5	91.5667	0.0498249	0.1585
432.0	91.5667	0.0449747	0.1511
436.5	91.5667	0.0818116	0.3733
441.0	91.5667	0.0513454	0.2954
445.5	91.5667	0.0656168	0.2091
-450.0	94.1333	0.0365281	0.1583
-445.5	94.1333	0.0404771	0.1655
-441.0	94.1333	0.0301985	0.119
-436.5	94.1333	0.0386222	0.3297
-432.0	94.1333	0.0266432	0.1464
-427.5	94.1333	0.019678	0.1127
-423.0	94.1333	0.033613	0.1382
-418.5	94.1333	0.0247249	0.1456
-414.0	94.1333	0.0296165	0.1707
-409.5	94.1333	0.0309384	0.1179
-405.0	94.1333	0.0289767	0.1354
-400.5	94.1333	0.0334986	0.1616
-396.0	94.1333	0.0388135	0.1061
-391.5	94.1333	0.0602718	0.2496
-387.0	94.1333	0.0584242	0.1447
-382.5	94.1333	0.0463077	0.1196
-378.0	94.1333	0.0475338	0.1114
-373.5	94.1333	0.0687372	0.1704
-369.0	94.1333	0.0531397	0.1072
-364.5	94.1333	0.0498125	0.1155
-360.0	94.1333	0.073292	0.1562
-355.5	94.1333	0.0883138	0.1748
-351.0	94.1333	0.0660634	0.0883
-346.5	94.1333	0.061169	0.0825
-342.0	94.1333	0.0647074	0.0897
-337.5	94.1333	0.0852197	0.1457
-333.0	94.1333	0.0780355	0.1191
-328.5	94.1333	0.0780459	0.076
-324.0	94.1333	0.0648587	0.0846
-319.5	94.1333	0.076401	0.1138
-315.0	94.1333	0.0784821	0.0875
-310.5	94.1333	0.0955634	0.0857
-306.0	94.1333	0.0911356	0.0725
-301.5	94.1333	0.0970139	0.1294
-297.0	94.1333	0.0891063	0.066
-292.5	94.1333	0.10369	0.1308
-288.0	94.1333	0.14919	0.1186
-283.5	94.1333	0.126986	0.1169
-279.0	94.1333	0.12645	0.1178
-274.5	94.1333	0.136972	0.0794
-270.0	94.1333	0.152318	0.0826
-265.5	94.1333	0.156388	0.068
-261.0	94.1333	0.161639	0.0846
-256.5	94.1333	0.159676	0.0495
-252.0	94.1333	0.176399	0.0502
-247.5	94.1333	0.208939	0.0908
-243.0	94.1333	0.223546	0.0511
-238.5	94.1333	0.241567	0.052
-234.0	94.1333	0.259041	0.0704
-229.5	94.1333	0.273496	0.0488
-225.0	94.1333	0.354677	0.0551
-220.5	94.1333	0.331618	0.0552
-216.0	94.1333	0.401852	0.0567
-211.5	94.1333	0.426991	0.0598
-207.0	94.1333	0.392136	0.0427
-202.5	94.1333	0.440418	0.0565
-198.0	94.1333	0.508102	0.0603
-193.5	94.1333	0.507162	0.0376
-189.0	94.1333	0.579554	0.0396
-184.5	94.1333	0.594512	0.0438
-180.0	94.1333	0.69068	0.0463
-175.5	94.1333	0.793725	0.0623
-171.0	94.1333	0.797731	0.0661
-166.5	94.1333	0.819845	0.091
-162.0	94.1333	0.941676	0.0491
-157.5	94.1333	0.939117	0.0462
-153.0	94.1333	0.998257	0.0472
-148.5	94.1333	1.09126	0.0629
-144.0	94.1333	1.12451	0.0389
-139.5	94.1333	1.20963	0.0412
-135.0	94.1333	1.22166	0.04
-130.5	94.1333	1.45348	0.048
-126.0	94.1333	1.39944	0.0395
-121.5	94.1333	1.43207	0.0401
-117.0	94.1333	1.49076	0.0471
-112.5	94.1333	1.5874	0.0456
-108.0	94.1333	1.43188	0.0387
-103.5	94.1333	1.50421	0.0416
-99.0	94.1333	1.50174	0.0456
-94.5	94.1333	1.69416	0.0474
-90.0	94.1333	1.67996	0.0333
-85.5	94.1333	1.74248	0.0322
-81.0	94.1333	1.85048	0.0399
-76.5	94.1333	2.2282	0.0588
-72.0	94.1333	2.00003	0.0396
-67.5	94.1333	2.18143	0.0478
-63.0	94.1333	2.18578	0.0495
-58.5	94.1333	2.30149	0.0523
-54.0	94.1333	2.21095	0.0437
-49.5	94.1333	2.19585	0.0436
-45.0	94.1333	2.17204	0.0436
-40.5	94.1333	2.30727	0.0503
-36.0	94.1333	2.21351	0.0422
-31.5	94.1333	2.18633	0.0415
-27.0	94.1333	2.26388	0.0427
-22.5	94.1333	2.19085	0.0438
-18.0	94.1333	2.1836	0.0424
-13.5	94.1333	1.88244	0.0417
-9.0	94.1333	1.73872	0.0319
-4.5	94.1333	1.64005	0.0274
0.0	94.1333	1.70073	0.0325
4.5	94.1333	1.69044	0.0499
9.0	94.1333	1.81387	0.045
13.5	94.1333	1.9972	0.0458
18.0	94.1333	2.17877	0.0474
22.5	94.1333	2.02713	0.0345
27.0	94.1333	2.32427	0.0497
31.5	94.1333	2.20353	0.0361
36.0	94.1333	2.24136	0.0453
40.5	94.1333	2.21416	0.0394
45.0	94.1333	2.33708	0.0434
49.5	94.1333	2.2035	0.0348
54.0	94.1333	2.24631	0.0363
58.5	94.1333	2.30954	0.0441
63.0	94.1333	2.14863	0.0357
67.5	94.1333	2.20544	0.0585
72.0	94.1333	2.06622	0.0412
76.5	94.1333	2.01811	0.0362
81.0	94.1333	2.14835	0.0429
85.5	94.1333	1.91927	0.0434
90.0	94.1333	1.96551	0.0411
94.5	94.1333	1.86238	0.0507
99.0	94.1333	1.88274	0.0493
103.5	94.1333	1.73632	0.0463
108.0	94.1333	1.70294	0.0399
112.5	94.1333	1.72546	0.0481
117.0	94.1333	1.55723	0.0497
121.5	94.1333	1.55295	0.0547
126.0	94.1333	1.43019	0.0461
130.5	94.1333	1.31143	0.0397
135.0	94.1333	1.41281	0.0475
139.5	94.1333	1.26799	0.0427
144.0	94.1333	1.24254	0.052
148.5	94.1333	1.17392	0.0535
153.0	94.1333	1.0204	0.0459
157.5	94.1333	0.989662	0.0461
162.0	94.1333	0.955617	0.0422
166.5	94.1333	0.880428	0.0416
171.0	94.1333	0.849179	0.0507
175.5	94.1333	0.713247	0.0454
180.0	94.1333	0.703643	0.0678
184.5	94.1333	0.683565	0.0762
189.0	94.1333	0.568496	0.0633
193.5	94.1333	0.512594	0.0504
198.0	94.1333	0.485498	0.0616
202.5	94.1333	0.415909	0.0702
207.0	94.1333	0.355129	0.0513
211.5	94.1333	0.318203	0.0521
216.0	94.1333	0.289685	0.0523
220.5	94.1333	0.258955	0.05
225.0	94.1333	0.274301	0.0622
229.5	94.1333	0.250738	0.0795
234.0	94.1333	0.246196	0.0671
238.5	94.1333	0.192567	0.048
243.0	94.1333	0.211099	0.1176
247.5	94.1333	0.196434	0.069
252.0	94.1333	0.190275	0.1337
256.5	94.1333	0.168431	0.0722
261.0	94.1333	0.125034	0.0499
265.5	94.1333	0.147661	0.0944
270.0	94.1333	0.153771	0.1354
274.5	94.1333	0.148199	0.1082
279.0	94.1333	0.121602	0.0635
283.5	94.1333	0.117367	0.0677
288.0	94.1333	0.123729	0.085
292.5	94.1333	0.13293	0.1078
297.0	94.1333	0.102436	0.0681
301.5	94.1333	0.134457	0.1149
306.0	94.1333	0.106989	0.0623
310.5	94.1333	0.120882	0.0868
315.0	94.1333	0.113463	0.1324
319.5	94.1333	0.0995765	0.0665
324.0	94.1333	0.102689	0.079
328.5	94.1333	0.101699	0.099
333.0	94.1333	0.10891	0.1346
337.5	94.1333	0.131385	0.1985
342.0	94.1333	0.10185	0.1313
346.5	94.1333	0.080285	0.0719
351.0	94.1333	0.0755425	0.0853
355.5	94.1333	0.084545	0.1429
360.0	94.1333	0.0780282	0.1003
364.5	94.1333	0.0872378	0.119
369.0	94.1333	0.0692913	0.1082
373.5	94.1333	0.0615078	0.0979
378.0	94.1333	0.0535592	0.1424
382.5	94.1333	0.069895	0.132
387.0	94.1333	0.0615937	0.1203
391.5	94.1333	0.0573558	0.186
396.0	94.1333	0.0490514	0.0949
400.5	94.1333	0.0655195	0.2671
405.0	94.1333	0.0454146	0.1237
409.5	94.1333	0.0356582	0.1121
414.0	94.1333	0.0359525	0.1187
418.5	94.1333	0.0518312	0.2312
423.0	94.1333	0.0358408	0.0978
427.5	94.1333	0.0477948	0.1353
432.0	94.1333	0.0430788	0.0987
436.5	94.1333	0.0475795	0.2437
441.0	94.1333	0.0454007	0.1032
445.5	94.1333	0.0507482	0.225
-450.0	96.7	0.0352364	0.1284
-445.5	96.7	0.0331985	0.1186
-441.0	96.7	0.0435689	0.2591
-436.5	96.7	0.0309088	0.1269
-432.0	96.7	0.031148	0.1042
-427.5	96.7	0.031678	0.1355
-423.0	96.7	0.0235211	0.157
-418.5	96.7	0.0238667	0.1116
-414.0	96.7	0.0327131	0.1198
-409.5	96.7	0.0249247	0.1044
-405.0	96.7	0.0272271	0.1124
-400.5	96.7	0.0337537	0.1487
-396.0	96.7	0.040817	0.1153
-391.5	96.7	0.0481271	0.1319
-387.0	96.7	0.0468965	0.1569
-382.5	96.7	0.0445645	0.1101
-378.0	96.7	0.0428026	0.1048
-373.5	96.7	0.053528	0.1104
-369.0	96.7	0.0524	0.0882
-364.5	96.7	0.0608466	0.0955
-360.0	96.7	0.0576634	0.1518
-355.5	96.7	0.0697599	0.1672
-351.0	96.7	0.0693776	0.1626
-346.5	96.7	0.0575126	0.0989
-342.0	96.7	0.0656364	0.1031
-337.5	96.7	0.100044	0.2953
-333.0	96.7	0.0654563	0.0797
-328.5	96.7	0.0642684	0.0772
-324.0	96.7	0.058947	0.0722
-319.5	96.7	0.0926228	0.1938
-315.0	96.7	0.0731604	0.0807
-310.5	96.7	0.104878	0.2006
-306.0	96.7	0.0925619	0.1273
-301.5	96.7	0.115509	0.1561
-297.0	96.7	0.0881844	0.0697
-292.5	96.7	0.102839	0.08
-288.0	96.7	0.111539	0.0826
-283.5	96.7	0.10551	0.0692
-279.0	96.7	0.1178	0.0734
-274.5	96.7	0.129458	0.083
-270.0	96.7	0.126287	0.0599
-265.5	96.7	0.158595	0.082
-261.0	96.7	0.153722	0.0792
-256.5	96.7	0.154007	0.0536
-252.0	96.7	0.186084	0.0587
-247.5	96.7	0.197327	0.0492
-243.0	96.7	0.224485	0.0499
-238.5	96.7	0.253014	0.0604
-234.0	96.7	0.27021	0.0693
-229.5	96.7	0.243122	0.0587
-225.0	96.7	0.337403	0.0591
-220.5	96.7	0.3453	0.048
-216.0	96.7	0.347962	0.0489
-211.5	96.7	0.381319	0.0505
-207.0	96.7	0.397585	0.0387
-202.5	96.7	0.43474	0.0421
-198.0	96.7	0.520757	0.0526
-193.5	96.7	0.500139	0.0517
-189.0	96.7	0.608826	0.0574
-184.5	96.7	0.578409	0.0408
-180.0	96.7	0.620727	0.0444
-175.5	96.7	0.767349	0.0658
-171.0	96.7	0.738618	0.052
-166.5	96.7	0.761662	0.039
-162.0	96.7	0.856116	0.0465
-157.5	96.7	0.919294	0.0515
-153.0	96.7	1.021	0.0453
-148.5	96.7	1.06612	0.0428
-144.0	96.7	1.11409	0.0443
-139.5	96.7	1.11548	0.0402
-135.0	96.7	1.15537	0.0548
-130.5	96.7	1.24283	0.0436
-126.0	96.7	1.30048	0.0499
-121.5	96.7	1.31283	0.0428
-117.0	96.7	1.44498	0.0441
-112.5	96.7	1.34107	0.0372
-108.0	96.7	1.34129	0.0396
-103.5	96.7	1.48363	0.0465
-99.0	96.7	1.5126	0.0378
-94.5	96.7	1.52369	0.0396
-90.0	96.7	1.57876	0.0355
-85.5	96.7	1.66199	0.0364
-81.0	96.7	1.78121	0.042
-76.5	96.7	1.79035	0.0425
-72.0	96.7	1.91418	0.0443
-67.5	96.7	1.85606	0.038
-63.0	96.7	2.14491	0.053
-58.5	96.7	2.06698	0.0524
-54.0	96.7	2.11213	0.0442
-49.5	96.7	2.08586	0.0419
-45.0	96.7	2.271	0.0526
-40.5	96.7	2.23256	0.0432
-36.0	96.7	2.05177	0.0326
-31.5	96.7	2.13233	0.043
-27.0	96.7	2.17764	0.0497
-22.5	96.7	2.19152	0.0534
-18.0	96.7	1.95745	0.0364
-13.5	96.7	1.90292	0.04
-9.0	96.7	1.57802	0.0226
-4.5	96.7	1.58796	0.0321
0.0	96.7	1.6406	0.0393
4.5	96.7	1.63707	0.0505
9.0	96.7	1.6744	0.0381
13.5	96.7	2.02705	0.0451
18.0	96.7	2.02734	0.0382
22.5	96.7	1.95814	0.0389
27.0	96.7	2.01419	0.039
31.5	96.7	2.04346	0.0367
36.0	96.7	2.06077	0.0447
40.5	96.7	2.2219	0.0469
45.0	96.7	2.09497	0.0393
49.5	96.7	2.0637	0.0412
54.0	96.7	2.15481	0.0463
58.5	96.7	2.07729	0.0375
63.0	96.7	2.08158	0.0392
67.5	96.7	2.01117	0.0402
72.0	96.7	1.97585	0.0372
76.5	96.7	1.96206	0.0414
81.0	96.7	1.8718	0.0419
85.5	96.7	1.79786	0.0475
90.0	96.7	1.73296	0.0366
94.5	96.7	1.87288	0.0431
99.0	96.7	1.71001	0.0429
103.5	96.7	1.57968	0.0395
108.0	96.7	1.51964	0.0353
112.5	96.7	1.53464	0.0595
117.0	96.7	1.47515	0.0518
121.5	96.7	1.32321	0.0331
126.0	96.7	1.27732	0.0352
130.5	96.7	1.26818	0.0426
135.0	96.7	1.3319	0.0627
139.5	96.7	1.16535	0.0476
144.0	96.7	1.06958	0.0385
148.5	96.7	1.07944	0.0463
153.0	96.7	0.969272	0.0612
157.5	96.7	0.90878	0.0514
162.0	96.7	0.905157	0.0488
166.5	96.7	0.83958	0.0599
171.0	96.7	0.789912	0.0428
175.5	96.7	0.767051	0.0555
180.0	96.7	0.6699	0.0625
184.5	96.7	0.587962	0.0664
189.0	96.7	0.512366	0.0667
193.5	96.7	0.474912	0.0615
198.0	96.7	0.408977	0.0462
202.5	96.7	0.362879	0.0483
207.0	96.7	0.356876	0.0638
211.5	96.7	0.31731	0.0423
216.0	96.7	0.297943	0.0488
220.5	96.7	0.272415	0.063
225.0	96.7	0.257144	0.0921
229.5	96.7	0.253955	0.0868
234.0	96.7	0.205707	0.0496
238.5	96.7	0.211852	0.0752
243.0	96.7	0.189847	0.0615
247.5	96.7	0.161275	0.0583
252.0	96.7	0.183937	0.0961
256.5	96.7	0.170286	0.1158
261.0	96.7	0.14074	0.0887
265.5	96.7	0.171914	0.1738
270.0	96.7	0.12145	0.0582
274.5	96.7	0.109734	0.0547
279.0	96.7	0.124714	0.0893
283.5	96.7	0.150025	0.2298
288.0	96.7	0.12659	0.0911
292.5	96.7	0.102094	0.0763
297.0	96.7	0.121718	0.1723
301.5	96.7	0.141394	0.1852
306.0	96.7	0.146181	0.2275
310.5	96.7	0.0930015	0.069
315.0	96.7	0.104	0.1774
319.5	96.7	0.0939664	0.0758
324.0	96.7	0.0954872	0.0889
328.5	96.7	0.105159	0.1239
333.0	96.7	0.100759	0.1158
337.5	96.7	0.0884846	0.0834
342.0	96.7	0.0804992	0.1306
346.5	96.7	0.0997596	0.1075
351.0	96.7	0.084161	0.1093
355.5	96.7	0.0911131	0.1746
360.0	96.7	0.0851162	0.155
364.5	96.7	0.0773382	0.0973
369.0	96.7	0.0583498	0.0772
373.5	96.7	0.0619949	0.0988
378.0	96.7	0.0623817	0.0878
382.5	96.7	0.0641132	0.182
387.0	96.7	0.0690135	0.13
391.5	96.7	0.0507366	0.0896
396.0	96.7	0.0527863	0.1088
400.5	96.7	0.0522135	0.1603
405.0	96.7	0.0504462	0.1407
409.5	96.7	0.0559803	0.1978
414.0	96.7	0.0424064	0.1509
418.5	96.7	0.051748	0.2093
423.0	96.7	0.043034	0.1073
427.5	96.7	0.0426745	0.127
432.0	96.7	0.0459809	0.2325
436.5	96.7	0.0381244	0.1608
441.0	96.7	0.0669678	0.2358
445.5	96.7	0.0565527	0.1812
-450.0	99.2667	0.0330138	0.1872
-445.5	99.2667	0.0357984	0.1317
-441.0	99.2667	0.034517	0.14
-436.5	99.2667	0.026801	0.1499
-432.0	99.2667	0.0301546	0.1164
-427.5	99.2667	0.0339159	0.242
-423.0	99.2667	0.0422297	0.3099
-418.5	99.2667	0.0420069	0.1527
-414.0	99.2667	0.0348122	0.1499
-409.5	99.2667	0.0344389	0.1165
-405.0	99.2667	0.0397405	0.2054
-400.5	99.2667	0.0270909	0.1365
-396.0	99.2667	0.038355	0.1012
-391.5	99.2667	0.0536107	0.2832
-387.0	99.2667	0.039262	0.0947
-382.5	99.2667	0.0476642	0.1217
-378.0	99.2667	0.0487636	0.1107
-373.5	99.2667	0.0477431	0.1152
-369.0	99.2667	0.045223	0.0825
-364.5	99.2667	0.0457466	0.0925
-360.0	99.2667	0.0501146	0.1079
-355.5	99.2667	0.0677109	0.2504
-351.0	99.2667	0.0774249	0.3059
-346.5	99.2667	0.0613454	0.0914
-342.0	99.2667	0.0726929	0.1315
-337.5	99.2667	0.086142	0.1379
-333.0	99.2667	0.0562178	0.0891
-328.5	99.2667	0.0845693	0.1428
-324.0	99.2667	0.0734077	0.1142
-319.5	99.2667	0.0737143	0.1023
-315.0	99.2667	0.066443	0.0737
-310.5	99.2667	0.074169	0.0782
-306.0	99.2667	0.0966987	0.0769
-301.5	99.2667	0.10006	0.1767
-297.0	99.2667	0.102304	0.0803
-292.5	99.2667	0.0962739	0.079
-288.0	99.2667	0.0948653	0.0676
-283.5	99.2667	0.100014	0.0696
-279.0	99.2667	0.107547	0.0535
-274.5	99.2667	0.106796	0.0598
-270.0	99.2667	0.130565	0.0581
-265.5	99.2667	0.129649	0.0585
-261.0	99.2667	0.138303	0.0783
-256.5	99.2667	0.15564	0.0626
-252.0	99.2667	0.160326	0.0489
-247.5	99.2667	0.201541	0.0592
-243.0	99.2667	0.214696	0.0706
-238.5	99.2667	0.263214	0.0834
-234.0	99.2667	0.256965	0.0532
-229.5	99.2667	0.274794	0.0693
-225.0	99.2667	0.313177	0.0525
-220.5	99.2667	0.342296	0.0808
-216.0	99.2667	0.316898	0.0489
-211.5	99.2667	0.362822	0.0431
-207.0	99.2667	0.416627	0.0485
-202.5	99.2667	0.472139	0.0588
-198.0	99.2667	0.511727	0.0814
-193.5	99.2667	0.507491	0.0531
-189.0	99.2667	0.539333	0.0486
-184.5	99.2667	0.586513	0.0464
-180.0	99.2667	0.645556	0.0419
-175.5	99.2667	0.690696	0.0429
-171.0	99.2667	0.710189	0.0402
-166.5	99.2667	0.768717	0.0389
-162.0	99.2667	0.836129	0.0373
-157.5	99.2667	0.900308	0.0424
-153.0	99.2667	0.931232	0.0416
-148.5	99.2667	0.937946	0.0424
-144.0	99.2667	1.0229	0.0408
-139.5	99.2667	1.1152	0.0721
-135.0	99.2667	1.16928	0.0441
-130.5	99.2667	1.16393	0.0372
-126.0	99.2667	1.32001	0.0442
-121.5	99.2667	1.36453	0.0576
-117.0	99.2667	1.33887	0.0462
-112.5	99.2667	1.40227	0.0478
-108.0	99.2667	1.27323	0.03
-103.5	99.2667	1.27097	0.0276
-99.0	99.2667	1.36594	0.0345
-94.5	99.2667	1.37607	0.0336
-90.0	99.2667	1.53883	0.0404
-85.5	99.2667	1.5175	0.0366
-81.0	99.2667	1.72004	0.0393
-76.5	99.2667	1.7301	0.0419
-72.0	99.2667	2.01583	0.0534
-67.5	99.2667	1.84122	0.0432
-63.0	99.2667	1.9922	0.0561
-58.5	99.2667	1.93239	0.0526
-54.0	99.2667	1.82843	0.0437
-49.5	99.2667	1.98536	0.047
-45.0	99.2667	2.0469	0.0446
-40.5	99.2667	2.04529	0.0581
-36.0	99.2667	1.94318	0.0436
-31.5	99.2667	1.80001	0.0317
-27.0	99.2667	1.97087	0.0585
-22.5	99.2667	1.97881	0.0548
-18.0	99.2667	2.35284	0.1685
-13.5	99.2667	1.91839	0.0492
-9.0	99.2667	1.5636	0.0251
-4.5	99.2667	1.53651	0.0463
0.0	99.2667	1.67226	0.0533
4.5	99.2667	1.51903	0.0369
9.0	99.2667	1.75965	0.06
13.5	99.2667	1.80522	0.0592
18.0	99.2667	1.78723	0.0365
22.5	99.2667	1.80107	0.0435
27.0	99.2667	2.02944	0.0664
31.5	99.2667	1.86947	0.0432
36.0	99.2667	1.94279	0.0435
40.5	99.2667	1.93118	0.049
45.0	99.2667	2.02629	0.0491
49.5	99.2667	1.80588	0.0284
54.0	99.2667	1.94935	0.0398
58.5	99.2667	2.00929	0.0514
63.0	99.2667	1.99943	0.0448
67.5	99.2667	1.94109	0.0604
72.0	99.2667	1.8602	0.0537
76.5	99.2667	1.90057	0.0518
81.0	99.2667	1.72905	0.0367
85.5	99.2667	1.63936	0.0313
90.0	99.2667	1.72078	0.0475
94.5	99.2667	1.68946	0.04
99.0	99.2667	1.54955	0.0406
103.5	99.2667	1.42515	0.0328
108.0	99.2667	1.43874	0.0447
112.5	99.2667	1.34912	0.0421
117.0	99.2667	1.43021	0.0554
121.5	99.2667	1.22553	0.0308
126.0	99.2667	1.25459	0.045
130.5	99.2667	1.16642	0.0344
135.0	99.2667	1.1239	0.0427
139.5	99.2667	1.15083	0.0583
144.0	99.2667	1.0682	0.0594
148.5	99.2667	1.02891	0.0667
153.0	99.2667	0.884819	0.0419
157.5	99.2667	0.892285	0.0506
162.0	99.2667	0.863672	0.0489
166.5	99.2667	0.771988	0.0441
171.0	99.2667	0.726675	0.0473
175.5	99.2667	0.600022	0.0346
180.0	99.2667	0.612918	0.0546
184.5	99.2667	0.644179	0.0638
189.0	99.2667	0.508445	0.0481
193.5	99.2667	0.460723	0.0696
198.0	99.2667	0.437127	0.0667
202.5	99.2667	0.393236	0.0494
207.0	99.2667	0.369393	0.0771
211.5	99.2667	0.340743	0.0773
216.0	99.2667	0.287093	0.0509
220.5	99.2667	0.272468	0.0575
225.0	99.2667	0.226648	0.0483
229.5	99.2667	0.211822	0.0509
234.0	99.2667	0.211886	0.0697
238.5	99.2667	0.185679	0.0647
243.0	99.2667	0.18689	0.0976
247.5	99.2667	0.163788	0.0532
252.0	99.2667	0.160722	0.0696
256.5	99.2667	0.13463	0.058
261.0	99.2667	0.145293	0.0978
265.5	99.2667	0.146016	0.0731
270.0	99.2667	0.123977	0.0679
274.5	99.2667	0.114529	0.0993
279.0	99.2667	0.106753	0.088
283.5	99.2667	0.121148	0.0929
288.0	99.2667	0.105136	0.0595
292.5	99.2667	0.100758	0.0758
297.0	99.2667	0.127629	0.0987
301.5	99.2667	0.0925915	0.0657
306.0	99.2667	0.114885	0.097
310.5	99.2667	0.106996	0.0761
315.0	99.2667	0.135396	0.1966
319.5	99.2667	0.0959302	0.0933
324.0	99.2667	0.0906524	0.0657
328.5	99.2667	0.125455	0.2891
333.0	99.2667	0.0857478	0.0811
337.5	99.2667	0.0813705	0.0759
342.0	99.2667	0.0881196	0.0792
346.5	99.2667	0.0877609	0.0884
351.0	99.2667	0.0813338	0.0769
355.5	99.2667	0.0705653	0.1038
360.0	99.2667	0.106829	0.1871
364.5	99.2667	0.0792285	0.1057
369.0	99.2667	0.0651138	0.0862
373.5	99.2667	0.074015	0.1835
378.0	99.2667	0.0783167	0.2924
382.5	99.2667	0.0643088	0.1385
387.0	99.2667	0.0597109	0.0935
391.5	99.2667	0.0628161	0.1603
396.0	99.2667	0.0546673	0.1188
400.5	99.2667	0.050247	0.1152
405.0	99.2667	0.060265	0.137
409.5	99.2667	0.0444334	0.1411
414.0	99.2667	0.045606	0.1531
418.5	99.2667	0.0352137	0.1048
423.0	99.2667	0.0458957	0.2975
427.5	99.2667	0.0457738	0.2328
432.0	99.2667	0.0411384	0.1032
436.5	99.2667	0.0355523	0.1512
441.0	99.2667	0.0407127	0.0961
445.5	99.2667	0.0525492	0.1025
-450.0	101.833	0.0308915	0.1585
-445.5	101.833	0.0276849	0.134
-441.0	101.833	0.0327657	0.1728
-436.5	101.833	0.026378	0.1243
-432.0	101.833	0.0324561	0.1755
-427.5	101.833	0.02843	0.1163
-423.0	101.833	0.0297137	0.1692
-418.5	101.833	0.0305773	0.2714
-414.0	101.833	0.0263065	0.1011
-409.5	101.833	0.0343174	0.1416
-405.0	101.833	0.0327597	0.1482
-400.5	101.833	0.0352046	0.1767
-396.0	101.833	0.0389824	0.1193
-391.5	101.833	0.0401417	0.102
-387.0	101.833	0.0406275	0.1165
-382.5	101.833	0.0583365	0.1444
-378.0	101.833	0.0449177	0.14
-373.5	101.833	0.0400974	0.0933
-369.0	101.833	0.0477607	0.0946
-364.5	101.833	0.0454178	0.1245
-360.0	101.833	0.0597978	0.1322
-355.5	101.833	0.0481134	0.0903
-351.0	101.833	0.0670639	0.171
-346.5	101.833	0.0600588	0.1718
-342.0	101.833	0.0651581	0.092
-337.5	101.833	0.0663635	0.1841
-333.0	101.833	0.0644468	0.1338
-328.5	101.833	0.0518217	0.0783
-324.0	101.833	0.0706745	0.0938
-319.5	101.833	0.0635457	0.0777
-315.0	101.833	0.0671177	0.0768
-310.5	101.833	0.0812765	0.1177
-306.0	101.833	0.0800668	0.0802
-301.5	101.833	0.111446	0.3041
-297.0	101.833	0.101114	0.0709
-292.5	101.833	0.0908361	0.0887
-288.0	101.833	0.122776	0.2155
-283.5	101.833	0.104369	0.0784
-279.0	101.833	0.115598	0.08
-274.5	101.833	0.118681	0.0709
-270.0	101.833	0.133998	0.076
-265.5	101.833	0.137495	0.0898
-261.0	101.833	0.141427	0.0627
-256.5	101.833	0.165859	0.1239
-252.0	101.833	0.157372	0.0556
-247.5	101.833	0.180559	0.0583
-243.0	101.833	0.210096	0.0543
-238.5	101.833	0.232128	0.0644
-234.0	101.833	0.268254	0.098
-229.5	101.833	0.2672	0.0566
-225.0	101.833	0.312385	0.0674
-220.5	101.833	0.323185	0.0608
-216.0	101.833	0.323368	0.0507
-211.5	101.833	0.356926	0.0621
-207.0	101.833	0.354099	0.0433
-202.5	101.833	0.466878	0.0551
-198.0	101.833	0.474309	0.0408
-193.5	101.833	0.534319	0.0648
-189.0	101.833	0.562487	0.0517
-184.5	101.833	0.569132	0.0486
-180.0	101.833	0.605026	0.0567
-175.5	101.833	0.609136	0.0385
-171.0	101.833	0.697093	0.0456
-166.5	101.833	0.73546	0.043
-162.0	101.833	0.826463	0.0456
-157.5	101.833	0.83671	0.0371
-153.0	101.833	0.928536	0.0432
-148.5	101.833	0.990325	0.0453
-144.0	101.833	1.02757	0.0444
-139.5	101.833	1.05085	0.0425
-135.0	101.833	1.19258	0.048
-130.5	101.833	1.18572	0.0398
-126.0	101.833	1.31484	0.0543
-121.5	101.833	1.23547	0.0401
-117.0	101.833	1.32933	0.0542
-112.5	101.833	1.27263	0.0383
-108.0	101.833	1.28043	0.0474
-103.5	101.833	1.25376	0.0381
-99.0	101.833	1.33362	0.0465
-94.5	101.833	1.25292	0.0252
-90.0	101.833	1.42292	0.0414
-85.5	101.833	1.50819	0.0358
-81.0	101.833	1.54345	0.0379
-76.5	101.833	1.68695	0.0455
-72.0	101.833	1.74723	0.0506
-67.5	101.833	1.66778	0.0395
-63.0	101.833	1.83667	0.0567
-58.5	101.833	1.87642	0.0556
-54.0	101.833	1.75883	0.0396
-49.5	101.833	1.93643	0.0471
-45.0	101.833	1.86202	0.0446
-40.5	101.833	1.94912	0.0413
-36.0	101.833	1.91615	0.058
-31.5	101.833	1.92017	0.0515
-27.0	101.833	1.91826	0.0768
-22.5	101.833	1.82152	0.0445
-18.0	101.833	1.81887	0.0501
-13.5	101.833	1.7551	0.0425
-9.0	101.833	1.45598	0.0488
-4.5	101.833	1.56237	0.0442
0.0	101.833	1.78664	0.1168
4.5	101.833	1.58862	0.0794
9.0	101.833	1.44172	0.0292
13.5	101.833	1.68268	0.0378
18.0	101.833	1.75292	0.0361
22.5	101.833	1.926	0.0761
27.0	101.833	1.73215	0.037
31.5	101.833	1.68745	0.0358
36.0	101.833	1.71512	0.0342
40.5	101.833	1.93485	0.0609
45.0	101.833	1.80623	0.0415
49.5	101.833	1.93167	0.051
54.0	101.833	1.74335	0.0393
58.5	101.833	1.80766	0.0445
63.0	101.833	1.65621	0.0319
67.5	101.833	1.77282	0.0341
72.0	101.833	1.62631	0.052
76.5	101.833	1.84658	0.0578
81.0	101.833	1.64647	0.0378
85.5	101.833	1.53603	0.0313
90.0	101.833	1.51238	0.0309
94.5	101.833	1.52191	0.0461
99.0	101.833	1.51802	0.0465
103.5	101.833	1.33017	0.0288
108.0	101.833	1.50689	0.0576
112.5	101.833	1.37335	0.0598
117.0	101.833	1.27769	0.0595
121.5	101.833	1.18115	0.0418
126.0	101.833	1.24463	0.0491
130.5	101.833	1.08068	0.0374
135.0	101.833	1.11173	0.05
139.5	101.833	1.05884	0.0433
144.0	101.833	0.926111	0.0453
148.5	101.833	0.988786	0.0858
153.0	101.833	0.892566	0.0543
157.5	101.833	0.781847	0.0469
162.0	101.833	0.793556	0.0782
166.5	101.833	0.676772	0.0408
171.0	101.833	0.669369	0.0451
175.5	101.833	0.610191	0.0519
180.0	101.833	0.572836	0.0579
184.5	101.833	0.547195	0.0452
189.0	101.833	0.449759	0.0447
193.5	101.833	0.449921	0.0724
198.0	101.833	0.380377	0.0404
202.5	101.833	0.405814	0.0663
207.0	101.833	0.339155	0.0564
211.5	101.833	0.315086	0.0522
216.0	101.833	0.260118	0.0482
220.5	101.833	0.260536	0.0517
225.0	101.833	0.244058	0.0619
229.5	101.833	0.194873	0.0554
234.0	101.833	0.193123	0.0695
238.5	101.833	0.175939	0.0567
243.0	101.833	0.202524	0.1224
247.5	101.833	0.159335	0.0645
252.0	101.833	0.154723	0.062
256.5	101.833	0.160982	0.0915
261.0	101.833	0.146272	0.0821
265.5	101.833	0.145374	0.0865
270.0	101.833	0.134543	0.0948
274.5	101.833	0.115348	0.0804
279.0	101.833	0.114226	0.0782
283.5	101.833	0.151088	0.1471
288.0	101.833	0.109608	0.0964
292.5	101.833	0.13063	0.1722
297.0	101.833	0.114099	0.0937
301.5	101.833	0.0990554	0.0722
306.0	101.833	0.112968	0.0973
310.5	101.833	0.139243	0.2396
315.0	101.833	0.0958531	0.0753
319.5	101.833	0.115015	0.1622
324.0	101.833	0.102465	0.1859
328.5	101.833	0.116633	0.188
333.0	101.833	0.103928	0.1922
337.5	101.833	0.0809662	0.1028
342.0	101.833	0.0861061	0.0742
346.5	101.833	0.0939477	0.1134
351.0	101.833	0.0735783	0.0796
355.5	101.833	0.0788909	0.1783
360.0	101.833	0.063171	0.0799
364.5	101.833	0.0749165	0.1911
369.0	101.833	0.0719584	0.1362
373.5	101.833	0.0702153	0.0968
378.0	101.833	0.0703605	0.166
382.5	101.833	0.0597917	0.1413
387.0	101.833	0.0533931	0.1386
391.5	101.833	0.0847806	0.303
396.0	101.833	0.0610705	0.2747
400.5	101.833	0.0550243	0.1138
405.0	101.833	0.037045	0.1033
409.5	101.833	0.0475625	0.1983
414.0	101.833	0.0649854	0.35
418.5	101.833	0.0512301	0.1769
423.0	101.833	0.0461602	0.1667
427.5	101.833	0.0329643	0.104
432.0	101.833	0.0485005	0.249
436.5	101.833	0.0918048	0.5106
441.0	101.833	0.0344606	0.0987
445.5	101.833	0.0445265	0.096
-450.0	104.4	0.0311364	0.1255
-445.5	104.4	0.0336566	0.1246
-441.0	104.4	0.0407988	0.2586
-436.5	104.4	0.0213325	0.1327
-432.0	104.4	0.0238797	0.1104
-427.5	104.4	0.0440951	0.2358
-423.0	104.4	0.039309	0.2319
-418.5	104.4	0.039383	0.3119
-414.0	104.4	0.0433928	0.272
-409.5	104.4	0.0460167	0.273
-405.0	104.4	0.0265148	0.1429
-400.5	104.4	0.06025	0.246
-396.0	104.4	0.0471338	0.2325
-391.5	104.4	0.0303907	0.1009
-387.0	104.4	0.046562	0.1896
-382.5	104.4	0.0353558	0.0962
-378.0	104.4	0.039347	0.0901
-373.5	104.4	0.0433084	0.0988
-369.0	104.4	0.0545394	0.2289
-364.5	104.4	0.0370425	0.0856
-360.0	104.4	0.0463503	0.0877
-355.5	104.4	0.0638835	0.2418
-351.0	104.4	0.0516577	0.1056
-346.5	104.4	0.0601569	0.1171
-342.0	104.4	0.0685707	0.1896
-337.5	104.4	0.0790573	0.2311
-333.0	104.4	0.0577417	0.1063
-328.5	104.4	0.0619748	0.0767
-324.0	104.4	0.0580454	0.0757
-319.5	104.4	0.0705733	0.0842
-315.0	104.4	0.0667978	0.0777
-310.5	104.4	0.0790834	0.1367
-306.0	104.4	0.066531	0.0638
-301.5	104.4	0.0740208	0.074
-297.0	104.4	0.0872126	0.0659
-292.5	104.4	0.104243	0.1578
-288.0	104.4	0.096772	0.1206
-283.5	104.4	0.105347	0.0675
-279.0	104.4	0.10059	0.0577
-274.5	104.4	0.123417	0.0682
-270.0	104.4	0.129386	0.076
-265.5	104.4	0.121618	0.0512
-261.0	104.4	0.144319	0.0681
-256.5	104.4	0.153353	0.0534
-252.0	104.4	0.169824	0.061
-247.5	104.4	0.185907	0.0828
-243.0	104.4	0.194224	0.0562
-238.5	104.4	0.241186	0.0736
-234.0	104.4	0.252602	0.0746
-229.5	104.4	0.304173	0.0809
-225.0	104.4	0.300109	0.0665
-220.5	104.4	0.297717	0.057
-216.0	104.4	0.30479	0.0459
-211.5	104.4	0.352625	0.0513
-207.0	104.4	0.362788	0.0463
-202.5	104.4	0.444105	0.0555
-198.0	104.4	0.509952	0.0662
-193.5	104.4	0.501519	0.0638
-189.0	104.4	0.530796	0.0446
-184.5	104.4	0.573945	0.0561
-180.0	104.4	0.626773	0.0673
-175.5	104.4	0.660073	0.0516
-171.0	104.4	0.71793	0.0469
-166.5	104.4	0.7817	0.0502
-162.0	104.4	0.791382	0.0487
-157.5	104.4	0.799396	0.0504
-153.0	104.4	0.852488	0.0411
-148.5	104.4	0.973494	0.0659
-144.0	104.4	1.07758	0.0545
-139.5	104.4	1.01292	0.0385
-135.0	104.4	1.07606	0.0509
-130.5	104.4	1.14826	0.0528
-126.0	104.4	1.22058	0.0422
-121.5	104.4	1.11855	0.0406
-117.0	104.4	1.23276	0.0475
-112.5	104.4	1.14611	0.0307
-108.0	104.4	1.20234	0.0373
-103.5	104.4	1.26573	0.046
-99.0	104.4	1.26128	0.0615
-94.5	104.4	1.25406	0.0319
-90.0	104.4	1.31446	0.0306
-85.5	104.4	1.41175	0.0379
-81.0	104.4	1.41178	0.0413
-76.5	104.4	1.67014	0.0536
-72.0	104.4	1.53165	0.0354
-67.5	104.4	1.47491	0.0337
-63.0	104.4	1.68162	0.0457
-58.5	104.4	1.63108	0.0428
-54.0	104.4	1.68119	0.0523
-49.5	104.4	1.74216	0.0441
-45.0	104.4	1.64543	0.0296
-40.5	104.4	1.63498	0.0334
-36.0	104.4	1.78094	0.047
-31.5	104.4	1.6829	0.0468
-27.0	104.4	1.75828	0.0496
-22.5	104.4	1.63171	0.0428
-18.0	104.4	1.6193	0.0382
-13.5	104.4	1.60462	0.0396
-9.0	104.4	1.62173	0.1361
-4.5	104.4	1.34339	0.0485
0.0	104.4	1.36126	0.0288
4.5	104.4	1.3876	0.0339
9.0	104.4	1.33727	0.0243
13.5	104.4	1.54662	0.0435
18.0	104.4	1.58567	0.0349
22.5	104.4	1.72493	0.0636
27.0	104.4	1.57721	0.0354
31.5	104.4	1.62242	0.0415
36.0	104.4	1.77687	0.05
40.5	104.4	1.65026	0.0382
45.0	104.4	1.7139	0.0387
49.5	104.4	1.63174	0.0309
54.0	104.4	1.97583	0.0691
58.5	104.4	1.6304	0.0296
63.0	104.4	1.67308	0.035
67.5	104.4	1.62901	0.0388
72.0	104.4	1.56928	0.0367
76.5	104.4	1.69059	0.0659
81.0	104.4	1.518	0.039
85.5	104.4	1.40196	0.0334
90.0	104.4	1.503	0.0521
94.5	104.4	1.47374	0.053
99.0	104.4	1.33267	0.038
103.5	104.4	1.24498	0.0362
108.0	104.4	1.26968	0.0474
112.5	104.4	1.16533	0.0323
117.0	104.4	1.13988	0.0413
121.5	104.4	1.12921	0.0559
126.0	104.4	1.05511	0.0592
130.5	104.4	1.02365	0.0443
135.0	104.4	1.00054	0.0473
139.5	104.4	0.994073	0.0531
144.0	104.4	0.886978	0.0481
148.5	104.4	0.8221	0.0422
153.0	104.4	0.902534	0.0767
157.5	104.4	0.741712	0.0466
162.0	104.4	0.709204	0.0469
166.5	104.4	0.675973	0.0467
171.0	104.4	0.628549	0.0471
175.5	104.4	0.629844	0.0707
180.0	104.4	0.561583	0.0642
184.5	104.4	0.459184	0.0454
189.0	104.4	0.511062	0.0877
193.5	104.4	0.460123	0.0521
198.0	104.4	0.389112	0.0481
202.5	104.4	0.360266	0.0679
207.0	104.4	0.360073	0.0917
211.5	104.4	0.298529	0.0813
216.0	104.4	0.276458	0.0714
220.5	104.4	0.23846	0.06
225.0	104.4	0.251678	0.071
229.5	104.4	0.207098	0.0509
234.0	104.4	0.198147	0.0643
238.5	104.4	0.181043	0.0734
243.0	104.4	0.152012	0.0492
247.5	104.4	0.14937	0.056
252.0	104.4	0.159535	0.0809
256.5	104.4	0.153885	0.1045
261.0	104.4	0.134001	0.0661
265.5	104.4	0.143102	0.0749
270.0	104.4	0.132805	0.0677
274.5	104.4	0.111258	0.0781
279.0	104.4	0.118417	0.0861
283.5	104.4	0.103066	0.0601
288.0	104.4	0.115937	0.1078
292.5	104.4	0.126521	0.1481
297.0	104.4	0.140865	0.1715
301.5	104.4	0.107341	0.113
306.0	104.4	0.101254	0.1145
310.5	104.4	0.0917915	0.0775
315.0	104.4	0.0874617	0.0817
319.5	104.4	0.0899435	0.079
324.0	104.4	0.145982	0.1802
328.5	104.4	0.0862083	0.0738
333.0	104.4	0.0810058	0.0676
337.5	104.4	0.0939896	0.1116
342.0	104.4	0.0745236	0.0721
346.5	104.4	0.0755253	0.0907
351.0	104.4	0.0795402	0.0788
355.5	104.4	0.0806554	0.1117
360.0	104.4	0.0689253	0.0877
364.5	104.4	0.0698385	0.1405
369.0	104.4	0.0610746	0.1425
373.5	104.4	0.0611505	0.0945
378.0	104.4	0.0592987	0.1046
382.5	104.4	0.0630625	0.1317
387.0	104.4	0.053791	0.1737
391.5	104.4	0.0608093	0.1975
396.0	104.4	0.0783854	0.2018
400.5	104.4	0.0525928	0.1537
405.0	104.4	0.0656904	0.2863
409.5	104.4	0.0497071	0.2699
414.0	104.4	0.0357799	0.1089
418.5	104.4	0.0470547	0.1482
423.0	104.4	0.0424686	0.119
427.5	104.4	0.0456371	0.1523
432.0	104.4	0.0447753	0.1208
436.5	104.4	0.0410004	0.1265
441.0	104.4	0.0409962	0.2515
445.5	104.4	0.0748943	0.2435
-450.0	106.967	0.0283644	0.1248
-445.5	106.967	0.0271725	0.1291
-441.0	106.967	0.0348658	0.1976
-436.5	106.967	0.0384527	0.309
-432.0	106.967	0.0491394	0.5245
-427.5	106.967	0.0421964	0.3056
-423.0	106.967	0.029906	0.1226
-418.5	106.967	0.0233306	0.1255
-414.0	106.967	0.0342674	0.1703
-409.5	106.967	0.0241984	0.1825
-405.0	106.967	0.032752	0.2041
-400.5	106.967	0.0326961	0.1061
-396.0	106.967	0.0551246	0.2813
-391.5	106.967	0.0367331	0.114
-387.0	106.967	0.0536307	0.1439
-382.5	106.967	0.041657	0.1575
-378.0	106.967	0.0580192	0.2615
-373.5	106.967	0.0419601	0.1072
-369.0	106.967	0.0662522	0.1862
-364.5	106.967	0.0550102	0.151
-360.0	106.967	0.0460808	0.081
-355.5	106.967	0.0495892	0.0874
-351.0	106.967	0.0526128	0.0892
-346.5	106.967	0.051717	0.0923
-342.0	106.967	0.0679643	0.1311
-337.5	106.967	0.0794916	0.109
-333.0	106.967	0.0658563	0.129
-328.5	106.967	0.0560942	0.0807
-324.0	106.967	0.0853046	0.1707
-319.5	106.967	0.0695575	0.0778
-315.0	106.967	0.0737705	0.0842
-310.5	106.967	0.0720205	0.0863
-306.0	106.967	0.0733943	0.1482
-301.5	106.967	0.10055	0.1588
-297.0	106.967	0.0919121	0.2169
-292.5	106.967	0.0994151	0.1618
-288.0	106.967	0.0967771	0.0781
-283.5	106.967	0.100815	0.0621
-279.0	106.967	0.108198	0.0852
-274.5	106.967	0.104145	0.0587
-270.0	106.967	0.111942	0.0616
-265.5	106.967	0.142968	0.0909
-261.0	106.967	0.128817	0.0502
-256.5	106.967	0.165558	0.0823
-252.0	106.967	0.159037	0.0892
-247.5	106.967	0.172137	0.06
-243.0	106.967	0.193118	0.0686
-238.5	106.967	0.262378	0.1026
-234.0	106.967	0.261608	0.0588
-229.5	106.967	0.264237	0.0587
-225.0	106.967	0.330642	0.0955
-220.5	106.967	0.270858	0.0489
-216.0	106.967	0.340707	0.0652
-211.5	106.967	0.346507	0.0542
-207.0	106.967	0.371981	0.0661
-202.5	106.967	0.390216	0.0507
-198.0	106.967	0.506185	0.0633
-193.5	106.967	0.496621	0.0652
-189.0	106.967	0.488871	0.0403
-184.5	106.967	0.528536	0.0461
-180.0	106.967	0.63264	0.0487
-175.5	106.967	0.67914	0.0436
-171.0	106.967	0.70695	0.0529
-166.5	106.967	0.71771	0.0445
-162.0	106.967	0.799489	0.0461
-157.5	106.967	0.86673	0.0809
-153.0	106.967	0.874057	0.0513
-148.5	106.967	0.901472	0.0433
-144.0	106.967	0.976894	0.0509
-139.5	106.967	1.03349	0.0477
-135.0	106.967	1.10129	0.052
-130.5	106.967	1.04436	0.055
-126.0	106.967	1.04803	0.0405
-121.5	106.967	1.08327	0.041
-117.0	106.967	1.19781	0.0485
-112.5	106.967	1.1442	0.0363
-108.0	106.967	1.13576	0.0336
-103.5	106.967	1.11017	0.0305
-99.0	106.967	1.12636	0.0347
-94.5	106.967	1.28084	0.0413
-90.0	106.967	1.33298	0.056
-85.5	106.967	1.36383	0.0439
-81.0	106.967	1.43621	0.0517
-76.5	106.967	1.3604	0.0386
-72.0	106.967	1.3807	0.0333
-67.5	106.967	1.49197	0.039
-63.0	106.967	1.55159	0.0508
-58.5	106.967	1.56895	0.0383
-54.0	106.967	1.62748	0.0464
-49.5	106.967	1.58514	0.049
-45.0	106.967	1.48427	0.0304
-40.5	106.967	1.50881	0.0307
-36.0	106.967	1.62954	0.0467
-31.5	106.967	1.67194	0.0493
-27.0	106.967	1.65931	0.0649
-22.5	106.967	1.81481	0.1473
-18.0	106.967	1.60939	0.0472
-13.5	106.967	1.54741	0.0476
-9.0	106.967	1.33746	0.0388
-4.5	106.967	1.26531	0.0262
0.0	106.967	1.34542	0.0358
4.5	106.967	1.33084	0.0352
9.0	106.967	1.34569	0.0376
13.5	106.967	1.49894	0.0421
18.0	106.967	1.39786	0.0302
22.5	106.967	1.52164	0.0478
27.0	106.967	1.62359	0.0545
31.5	106.967	1.51412	0.0465
36.0	106.967	1.54332	0.0399
40.5	106.967	1.59173	0.0509
45.0	106.967	1.5447	0.0378
49.5	106.967	1.63232	0.041
54.0	106.967	1.46667	0.037
58.5	106.967	1.56164	0.0538
63.0	106.967	1.53491	0.0394
67.5	106.967	1.43551	0.0327
72.0	106.967	1.43443	0.0409
76.5	106.967	1.48506	0.0342
81.0	106.967	1.40818	0.0353
85.5	106.967	1.39984	0.0414
90.0	106.967	1.25479	0.0322
94.5	106.967	1.34293	0.0446
99.0	106.967	1.19206	0.0337
103.5	106.967	1.29914	0.0475
108.0	106.967	1.21535	0.0393
112.5	106.967	1.12041	0.0478
117.0	106.967	1.0791	0.0453
121.5	106.967	1.11621	0.0618
126.0	106.967	0.987048	0.0424
130.5	106.967	0.914145	0.0371
135.0	106.967	0.886979	0.0469
139.5	106.967	0.897235	0.05
144.0	106.967	0.85448	0.0413
148.5	106.967	0.855082	0.0575
153.0	106.967	0.737842	0.0512
157.5	106.967	0.761767	0.0683
162.0	106.967	0.713814	0.07
166.5	106.967	0.561817	0.038
171.0	106.967	0.588577	0.0614
175.5	106.967	0.533717	0.048
180.0	106.967	0.525956	0.0562
184.5	106.967	0.486554	0.0491
189.0	106.967	0.482295	0.0844
193.5	106.967	0.413504	0.0779
198.0	106.967	0.336098	0.064
202.5	106.967	0.352045	0.0771
207.0	106.967	0.294471	0.0453
211.5	106.967	0.292867	0.0549
216.0	106.967	0.256824	0.0534
220.5	106.967	0.252149	0.0726
225.0	106.967	0.233688	0.0777
229.5	106.967	0.217488	0.061
234.0	106.967	0.177023	0.0486
238.5	106.967	0.2137	0.15
243.0	106.967	0.152013	0.0557
247.5	106.967	0.162636	0.0594
252.0	106.967	0.140208	0.0663
256.5	106.967	0.176336	0.1299
261.0	106.967	0.154497	0.1024
265.5	106.967	0.126249	0.0922
270.0	106.967	0.124176	0.0744
274.5	106.967	0.132055	0.1291
279.0	106.967	0.113931	0.0753
283.5	106.967	0.125418	0.0881
288.0	106.967	0.112881	0.0921
292.5	106.967	0.111359	0.0769
297.0	106.967	0.107633	0.0916
301.5	106.967	0.101525	0.0748
306.0	106.967	0.088891	0.0667
310.5	106.967	0.095821	0.0918
315.0	106.967	0.134985	0.2742
319.5	106.967	0.0809196	0.0778
324.0	106.967	0.0899896	0.093
328.5	106.967	0.121459	0.2056
333.0	106.967	0.100453	0.1253
337.5	106.967	0.078425	0.0973
342.0	106.967	0.0817761	0.0715
346.5	106.967	0.0993321	0.1478
351.0	106.967	0.0769288	0.1439
355.5	106.967	0.0871651	0.1713
360.0	106.967	0.0832149	0.1137
364.5	106.967	0.084771	0.1642
369.0	106.967	0.0667704	0.1217
373.5	106.967	0.0750844	0.1042
378.0	106.967	0.0584333	0.1047
382.5	106.967	0.0931513	0.2829
387.0	106.967	0.0671088	0.2058
391.5	106.967	0.0466509	0.0963
396.0	106.967	0.0694442	0.163
400.5	106.967	0.0769467	0.2751
405.0	106.967	0.0406352	0.1123
409.5	106.967	0.044016	0.2393
414.0	106.967	0.0367466	0.1332
418.5	106.967	0.0304556	0.1088
423.0	106.967	0.0375036	0.1075
427.5	106.967	0.0427467	0.1197
432.0	106.967	0.0362239	0.1373
436.5	106.967	0.0427265	0.1375
441.0	106.967	0.0547984	0.2599
445.5	106.967	0.0425985	0.1483
-450.0	109.533	0.0430166	0.2219
-445.5	109.533	0.0222571	0.1204
-441.0	109.533	0.0269647	0.1155
-436.5	109.533	0.0275402	0.1432
-432.0	109.533	0.0304199	0.1371
-427.5	109.533	0.0237601	0.1196
-423.0	109.533	0.0320309	0.2411
-418.5	109.533	0.0238226	0.1722
-414.0	109.533	0.0281107	0.1462
-409.5	109.533	0.0333451	0.1608
-405.0	109.533	0.0279485	0.1194
-400.5	109.533	0.0326349	0.0979
-396.0	109.533	0.0298745	0.1181
-391.5	109.533	0.036891	0.1041
-387.0	109.533	0.042632	0.248
-382.5	109.533	0.0484392	0.1397
-378.0	109.533	0.0396697	0.1053
-373.5	109.533	0.0575561	0.3732
-369.0	109.533	0.0444903	0.0884
-364.5	109.533	0.0422257	0.0947
-360.0	109.533	0.0494805	0.0882
-355.5	109.533	0.0716127	0.3312
-351.0	109.533	0.050467	0.1038
-346.5	109.533	0.0551859	0.1055
-342.0	109.533	0.0613942	0.1369
-337.5	109.533	0.06149	0.0813
-333.0	109.533	0.0587988	0.0895
-328.5	109.533	0.0628449	0.1163
-324.0	109.533	0.060113	0.077
-319.5	109.533	0.0649841	0.0827
-315.0	109.533	0.0633881	0.0767
-310.5	109.533	0.0695091	0.1006
-306.0	109.533	0.0795882	0.1233
-301.5	109.533	0.102782	0.1312
-297.0	109.533	0.0840513	0.0926
-292.5	109.533	0.0785342	0.072
-288.0	109.533	0.125694	0.232
-283.5	109.533	0.10791	0.0969
-279.0	109.533	0.0920272	0.0674
-274.5	109.533	0.101354	0.0707
-270.0	109.533	0.124026	0.1842
-265.5	109.533	0.146427	0.1574
-261.0	109.533	0.145254	0.0732
-256.5	109.533	0.147751	0.0643
-252.0	109.533	0.171886	0.1007
-247.5	109.533	0.166057	0.0575
-243.0	109.533	0.22185	0.0736
-238.5	109.533	0.21741	0.0547
-234.0	109.533	0.249937	0.0614
-229.5	109.533	0.248477	0.0651
-225.0	109.533	0.262907	0.0676
-220.5	109.533	0.306059	0.06
-216.0	109.533	0.313439	0.0529
-211.5	109.533	0.330185	0.0481
-207.0	109.533	0.351603	0.0444
-202.5	109.533	0.39624	0.061
-198.0	109.533	0.427623	0.0569
-193.5	109.533	0.44124	0.0407
-189.0	109.533	0.571267	0.0682
-184.5	109.533	0.592197	0.0689
-180.0	109.533	0.575541	0.047
-175.5	109.533	0.585104	0.0414
-171.0	109.533	0.674825	0.0526
-166.5	109.533	0.666934	0.0394
-162.0	109.533	0.790499	0.0527
-157.5	109.533	0.799681	0.0403
-153.0	109.533	0.851951	0.051
-148.5	109.533	0.840719	0.0393
-144.0	109.533	0.912216	0.0583
-139.5	109.533	1.00964	0.0513
-135.0	109.533	1.00102	0.0474
-130.5	109.533	0.942144	0.039
-126.0	109.533	0.962026	0.0437
-121.5	109.533	0.958891	0.0351
-117.0	109.533	1.10406	0.0514
-112.5	109.533	1.02212	0.0449
-108.0	109.533	0.971228	0.0269
-103.5	109.533	1.05194	0.0373
-99.0	109.533	1.11077	0.0473
-94.5	109.533	1.17504	0.0466
-90.0	109.533	1.15292	0.0422
-85.5	109.533	1.29726	0.0436
-81.0	109.533	1.20919	0.0439
-76.5	109.533	1.35232	0.044
-72.0	109.533	1.3414	0.0311
-67.5	109.533	1.43113	0.0423
-63.0	109.533	1.4794	0.0472
-58.5	109.533	1.50386	0.0492
-54.0	109.533	1.51277	0.0444
-49.5	109.533	1.51841	0.043
-45.0	109.533	1.5269	0.0811
-40.5	109.533	1.55807	0.0457
-36.0	109.533	1.68927	0.0801
-31.5	109.533	1.62634	0.0597
-27.0	109.533	1.48376	0.0459
-22.5	109.533	1.59363	0.0702
-18.0	109.533	1.48737	0.048
-13.5	109.533	1.42505	0.0475
-9.0	109.533	1.3502	0.0403
-4.5	109.533	1.23023	0.0357
0.0	109.533	1.29305	0.0596
4.5	109.533	1.2399	0.0326
9.0	109.533	1.24703	0.0399
13.5	109.533	1.32518	0.0355
18.0	109.533	1.40704	0.0434
22.5	109.533	1.36892	0.0379
27.0	109.533	1.41413	0.0417
31.5	109.533	1.47124	0.036
36.0	109.533	1.52202	0.0536
40.5	109.533	1.56488	0.0439
45.0	109.533	1.61509	0.0575
49.5	109.533	1.39932	0.0291
54.0	109.533	1.42318	0.0345
58.5	109.533	1.44054	0.0394
63.0	109.533	1.5172	0.0489
67.5	109.533	1.61981	0.0695
72.0	109.533	1.4246	0.0544
76.5	109.533	1.33962	0.0311
81.0	109.533	1.35046	0.0481
85.5	109.533	1.28228	0.0309
90.0	109.533	1.35047	0.0599
94.5	109.533	1.29048	0.055
99.0	109.533	1.20234	0.0393
103.5	109.533	1.10613	0.0372
108.0	109.533	1.14492	0.0473
112.5	109.533	1.07539	0.0419
117.0	109.533	1.07156	0.0632
121.5	109.533	1.01832	0.0514
126.0	109.533	0.971461	0.0388
130.5	109.533	0.923978	0.0447
135.0	109.533	0.785325	0.0439
139.5	109.533	0.820059	0.0401
144.0	109.533	0.835751	0.0526
148.5	109.533	0.725525	0.0432
153.0	109.533	0.680112	0.0459
157.5	109.533	0.671831	0.0408
162.0	109.533	0.627407	0.0643
166.5	109.533	0.605543	0.0452
171.0	109.533	0.559093	0.074
175.5	109.533	0.517032	0.0621
180.0	109.533	0.486378	0.0651
184.5	109.533	0.481221	0.0763
189.0	109.533	0.389282	0.0436
193.5	109.533	0.390313	0.0579
198.0	109.533	0.318099	0.0468
202.5	109.533	0.319108	0.0576
207.0	109.533	0.320731	0.0664
211.5	109.533	0.263537	0.0603
216.0	109.533	0.249992	0.0608
220.5	109.533	0.227778	0.0722
225.0	109.533	0.226431	0.0708
229.5	109.533	0.19078	0.0644
234.0	109.533	0.167977	0.0443
238.5	109.533	0.185395	0.0702
243.0	109.533	0.167942	0.0874
247.5	109.533	0.157575	0.0647
252.0	109.533	0.141324	0.0837
256.5	109.533	0.139268	0.0697
261.0	109.533	0.146022	0.074
265.5	109.533	0.163094	0.178
270.0	109.533	0.143378	0.1254
274.5	109.533	0.11916	0.1307
279.0	109.533	0.155892	0.2162
283.5	109.533	0.118718	0.074
288.0	109.533	0.107582	0.0677
292.5	109.533	0.121237	0.1387
297.0	109.533	0.130744	0.1187
301.5	109.533	0.130306	0.1118
306.0	109.533	0.100421	0.0782
310.5	109.533	0.0928566	0.0719
315.0	109.533	0.099444	0.0725
319.5	109.533	0.0979745	0.1055
324.0	109.533	0.10043	0.1467
328.5	109.533	0.0773756	0.0682
333.0	109.533	0.0894292	0.1135
337.5	109.533	0.0842946	0.0984
342.0	109.533	0.0873527	0.0968
346.5	109.533	0.104152	0.1859
351.0	109.533	0.0708562	0.1228
355.5	109.533	0.0839313	0.1617
360.0	109.533	0.0755347	0.1097
364.5	109.533	0.071391	0.092
369.0	109.533	0.0623085	0.1028
373.5	109.533	0.0537224	0.083
378.0	109.533	0.0685603	0.1083
382.5	109.533	0.0587795	0.1077
387.0	109.533	0.0457554	0.0991
391.5	109.533	0.0489279	0.1088
396.0	109.533	0.0553675	0.1463
400.5	109.533	0.0456148	0.1115
405.0	109.533	0.0406541	0.1154
409.5	109.533	0.0411062	0.1322
414.0	109.533	0.044937	0.1799
418.5	109.533	0.0374655	0.1232
423.0	109.533	0.033648	0.114
427.5	109.533	0.0295533	0.0978
432.0	109.533	0.0330716	0.1214
436.5	109.533	0.034522	0.1414
441.0	109.533	0.0581707	0.1511
445.5	109.533	0.0787257	0.366
-450.0	112.1	0.0262447	0.1765
-445.5	112.1	0.0218918	0.1235
-441.0	112.1	0.0256074	0.136
-436.5	112.1	0.019319	0.1171
-432.0	112.1	0.0196581	0.1193
-427.5	112.1	0.0305113	0.2327
-423.0	112.1	0.0252127	0.1438
-418.5	112.1	0.0346103	0.2152
-414.0	112.1	0.0323624	0.1616
-409.5	112.1	0.0253984	0.1199
-405.0	112.1	0.0273618	0.12
-400.5	112.1	0.0291932	0.1212
-396.0	112.1	0.0489991	0.2212
-391.5	112.1	0.0434695	0.1817
-387.0	112.1	0.0486186	0.1596
-382.5	112.1	0.0453712	0.1358
-378.0	112.1	0.0570372	0.2571
-373.5	112.1	0.0594322	0.2293
-369.0	112.1	0.0490877	0.1025
-364.5	112.1	0.0526786	0.0974
-360.0	112.1	0.0502373	0.0936
-355.5	112.1	0.0483875	0.0883
-351.0	112.1	0.0631382	0.2153
-346.5	112.1	0.0535807	0.0858
-342.0	112.1	0.074117	0.2399
-337.5	112.1	0.0556784	0.0953
-333.0	112.1	0.0572195	0.097
-328.5	112.1	0.0576758	0.0754
-324.0	112.1	0.0588913	0.0735
-319.5	112.1	0.073261	0.1168
-315.0	112.1	0.0752204	0.1297
-310.5	112.1	0.0696444	0.108
-306.0	112.1	0.0770804	0.1474
-301.5	112.1	0.0837643	0.0725
-297.0	112.1	0.0705661	0.0665
-292.5	112.1	0.0985901	0.1246
-288.0	112.1	0.0789473	0.0796
-283.5	112.1	0.109921	0.131
-279.0	112.1	0.116241	0.1453
-274.5	112.1	0.109159	0.0592
-270.0	112.1	0.135066	0.1428
-265.5	112.1	0.129757	0.0653
-261.0	112.1	0.149896	0.0782
-256.5	112.1	0.152017	0.1211
-252.0	112.1	0.154513	0.0715
-247.5	112.1	0.18881	0.0705
-243.0	112.1	0.213325	0.0917
-238.5	112.1	0.240348	0.0822
-234.0	112.1	0.212789	0.0468
-229.5	112.1	0.245306	0.0858
-225.0	112.1	0.268075	0.0568
-220.5	112.1	0.282044	0.0513
-216.0	112.1	0.327131	0.0624
-211.5	112.1	0.361392	0.0779
-207.0	112.1	0.330846	0.0488
-202.5	112.1	0.415427	0.0559
-198.0	112.1	0.472614	0.0519
-193.5	112.1	0.437775	0.0473
-189.0	112.1	0.49707	0.0503
-184.5	112.1	0.510828	0.0415
-180.0	112.1	0.583476	0.0655
-175.5	112.1	0.602759	0.0472
-171.0	112.1	0.69802	0.0613
-166.5	112.1	0.676883	0.0526
-162.0	112.1	0.744623	0.0542
-157.5	112.1	0.796542	0.0505
-153.0	112.1	0.75556	0.0399
-148.5	112.1	0.832883	0.0586
-144.0	112.1	0.80841	0.0463
-139.5	112.1	0.950342	0.0566
-135.0	112.1	0.988327	0.0508
-130.5	112.1	0.859778	0.0315
-126.0	112.1	0.909616	0.0475
-121.5	112.1	1.06469	0.061
-117.0	112.1	0.944954	0.0372
-112.5	112.1	1.12709	0.0735
-108.0	112.1	1.02656	0.0562
-103.5	112.1	1.04496	0.0433
-99.0	112.1	1.09315	0.0425
-94.5	112.1	1.18862	0.0465
-90.0	112.1	1.05929	0.0347
-85.5	112.1	1.11158	0.0364
-81.0	112.1	1.19993	0.0439
-76.5	112.1	1.24846	0.0329
-72.0	112.1	1.28462	0.0484
-67.5	112.1	1.26153	0.0285
-63.0	112.1	1.35107	0.0568
-58.5	112.1	1.47359	0.0808
-54.0	112.1	1.54777	0.053
-49.5	112.1	1.38568	0.0375
-45.0	112.1	1.37293	0.0317
-40.5	112.1	1.24947	0.027
-36.0	112.1	1.4987	0.06
-31.5	112.1	1.50005	0.0554
-27.0	112.1	1.52634	0.0639
-22.5	112.1	1.45565	0.0705
-18.0	112.1	1.62836	0.2055
-13.5	112.1	1.26343	0.04
-9.0	112.1	1.24294	0.0489
-4.5	112.1	1.2305	0.035
0.0	112.1	1.12897	0.0262
4.5	112.1	1.17348	0.0328
9.0	112.1	1.21018	0.038
13.5	112.1	1.40526	0.0903
18.0	112.1	1.35597	0.0632
22.5	112.1	1.26951	0.0339
27.0	112.1	1.30855	0.0391
31.5	112.1	1.46978	0.0567
36.0	112.1	1.39978	0.0556
40.5	112.1	1.38521	0.0466
45.0	112.1	1.47045	0.0518
49.5	112.1	1.40311	0.048
54.0	112.1	1.45958	0.0504
58.5	112.1	1.38997	0.0433
63.0	112.1	1.31389	0.037
67.5	112.1	1.4125	0.0522
72.0	112.1	1.28035	0.0459
76.5	112.1	1.41433	0.07
81.0	112.1	1.39021	0.057
85.5	112.1	1.26069	0.0541
90.0	112.1	1.17275	0.0481
94.5	112.1	1.17217	0.0404
99.0	112.1	1.11761	0.0448
103.5	112.1	1.22355	0.0521
108.0	112.1	1.07649	0.0464
112.5	112.1	0.975994	0.0313
117.0	112.1	0.937808	0.0502
121.5	112.1	0.958967	0.0426
126.0	112.1	0.952384	0.057
130.5	112.1	0.922121	0.0538
135.0	112.1	0.822293	0.0459
139.5	112.1	0.743182	0.0397
144.0	112.1	0.744191	0.0492
148.5	112.1	0.720756	0.0591
153.0	112.1	0.647642	0.049
157.5	112.1	0.652197	0.0693
162.0	112.1	0.573335	0.0559
166.5	112.1	0.562974	0.0547
171.0	112.1	0.551403	0.0477
175.5	112.1	0.469973	0.0508
180.0	112.1	0.464051	0.0575
184.5	112.1	0.460947	0.0914
189.0	112.1	0.379445	0.062
193.5	112.1	0.368968	0.0643
198.0	112.1	0.351271	0.1127
202.5	112.1	0.33239	0.074
207.0	112.1	0.29785	0.0616
211.5	112.1	0.273773	0.0677
216.0	112.1	0.227808	0.0518
220.5	112.1	0.218569	0.0508
225.0	112.1	0.228081	0.0959
229.5	112.1	0.198307	0.0726
234.0	112.1	0.179902	0.0655
238.5	112.1	0.141717	0.0477
243.0	112.1	0.166071	0.0697
247.5	112.1	0.160889	0.0588
252.0	112.1	0.148395	0.1117
256.5	112.1	0.125549	0.0624
261.0	112.1	0.121565	0.0586
265.5	112.1	0.13101	0.0665
270.0	112.1	0.146044	0.1198
274.5	112.1	0.140184	0.118
279.0	112.1	0.104186	0.0662
283.5	112.1	0.114932	0.0897
288.0	112.1	0.110489	0.1482
292.5	112.1	0.113583	0.0906
297.0	112.1	0.116824	0.1
301.5	112.1	0.111208	0.0778
306.0	112.1	0.0976123	0.0958
310.5	112.1	0.120007	0.1706
315.0	112.1	0.10173	0.1609
319.5	112.1	0.0902608	0.1048
324.0	112.1	0.109019	0.1827
328.5	112.1	0.0929678	0.0975
333.0	112.1	0.0732249	0.0722
337.5	112.1	0.0904332	0.0909
342.0	112.1	0.0759422	0.1128
346.5	112.1	0.0883116	0.2122
351.0	112.1	0.0755487	0.1258
355.5	112.1	0.0697798	0.1554
360.0	112.1	0.0527562	0.0817
364.5	112.1	0.0719922	0.1167
369.0	112.1	0.0688556	0.1856
373.5	112.1	0.0568915	0.1033
378.0	112.1	0.0582519	0.1283
382.5	112.1	0.0581844	0.1164
387.0	112.1	0.0537305	0.1132
391.5	112.1	0.0517572	0.1141
396.0	112.1	0.0572653	0.1027
400.5	112.1	0.0583521	0.2553
405.0	112.1	0.0765013	0.2532
409.5	112.1	0.046964	0.146
414.0	112.1	0.0489479	0.1533
418.5	112.1	0.0355573	0.1083
423.0	112.1	0.0387452	0.1408
427.5	112.1	0.0432788	0.2205
432.0	112.1	0.041651	0.1345
436.5	112.1	0.0658347	0.4455
441.0	112.1	0.0394508	0.1265
445.5	112.1	0.0390054	0.1348
-450.0	114.667	0.0266277	0.1589
-445.5	114.667	0.0251338	0.1077
-441.0	114.667	0.024244	0.117
-436.5	114.667	0.0291419	0.303
-432.0	114.667	0.0227708	0.1486
-427.5	114.667	0.0214455	0.1102
-423.0	114.667	0.0282699	0.2032
-418.5	114.667	0.0262669	0.1423
-414.0	114.667	0.0308232	0.1239
-409.5	114.667	0.0302396	0.2049
-405.0	114.667	0.0358441	0.1581
-400.5	114.667	0.0357732	0.1566
-396.0	114.667	0.0307114	0.1032
-391.5	114.667	0.039454	0.1474
-387.0	114.667	0.0415647	0.1222
-382.5	114.667	0.0455836	0.1909
-378.0	114.667	0.0351467	0.0948
-373.5	114.667	0.0420396	0.0904
-369.0	114.667	0.0433381	0.1007
-364.5	114.667	0.056643	0.1342
-360.0	114.667	0.0478306	0.0961
-355.5	114.667	0.0708264	0.213
-351.0	114.667	0.0700674	0.1872
-346.5	114.667	0.0510351	0.1133
-342.0	114.667	0.0519092	0.0912
-337.5	114.667	0.0573439	0.0973
-333.0	114.667	0.0612549	0.0751
-328.5	114.667	0.0771988	0.2196
-324.0	114.667	0.0749123	0.1327
-319.5	114.667	0.0549055	0.0788
-315.0	114.667	0.0753286	0.1063
-310.5	114.667	0.0621541	0.0704
-306.0	114.667	0.0692356	0.1119
-301.5	114.667	0.0874379	0.1372
-297.0	114.667	0.116151	0.2599
-292.5	114.667	0.0782704	0.0776
-288.0	114.667	0.0809511	0.0941
-283.5	114.667	0.0883954	0.0686
-279.0	114.667	0.110385	0.1047
-274.5	114.667	0.102894	0.0718
-270.0	114.667	0.109567	0.0583
-265.5	114.667	0.126342	0.0672
-261.0	114.667	0.122308	0.0595
-256.5	114.667	0.156965	0.0922
-252.0	114.667	0.140849	0.0738
-247.5	114.667	0.157695	0.0608
-243.0	114.667	0.18494	0.0715
-238.5	114.667	0.21529	0.0798
-234.0	114.667	0.237643	0.0772
-229.5	114.667	0.25531	0.0833
-225.0	114.667	0.262568	0.0965
-220.5	114.667	0.260242	0.0581
-216.0	114.667	0.333546	0.0756
-211.5	114.667	0.356872	0.0612
-207.0	114.667	0.365844	0.0493
-202.5	114.667	0.361206	0.05
-198.0	114.667	0.45015	0.0665
-193.5	114.667	0.452647	0.0556
-189.0	114.667	0.5011	0.0554
-184.5	114.667	0.485903	0.052
-180.0	114.667	0.531647	0.0416
-175.5	114.667	0.582902	0.0708
-171.0	114.667	0.593316	0.0438
-166.5	114.667	0.681637	0.0569
-162.0	114.667	0.71358	0.0531
-157.5	114.667	0.772842	0.0419
-153.0	114.667	0.728809	0.0555
-148.5	114.667	0.790997	0.0476
-144.0	114.667	0.810775	0.0415
-139.5	114.667	0.872899	0.0461
-135.0	114.667	0.890694	0.0423
-130.5	114.667	0.902836	0.0525
-126.0	114.667	0.840531	0.0327
-121.5	114.667	0.843566	0.0368
-117.0	114.667	1.02263	0.0674
-112.5	114.667	1.01106	0.0497
-108.0	114.667	0.893022	0.0304
-103.5	114.667	0.965787	0.0502
-99.0	114.667	0.968135	0.0735
-94.5	114.667	0.965201	0.0322
-90.0	114.667	1.04089	0.0467
-85.5	114.667	1.49499	0.2934
-81.0	114.667	1.18209	0.0546
-76.5	114.667	1.17689	0.0393
-72.0	114.667	1.1979	0.0464
-67.5	114.667	1.25216	0.047
-63.0	114.667	1.33338	0.0419
-58.5	114.667	1.50246	0.0633
-54.0	114.667	1.34129	0.0415
-49.5	114.667	1.46107	0.0611
-45.0	114.667	1.29557	0.0396
-40.5	114.667	1.28582	0.0308
-36.0	114.667	1.42981	0.0483
-31.5	114.667	1.41538	0.048
-27.0	114.667	1.34756	0.0517
-22.5	114.667	1.36036	0.0594
-18.0	114.667	1.35279	0.0595
-13.5	114.667	1.258	0.0461
-9.0	114.667	1.20773	0.069
-4.5	114.667	1.19417	0.056
0.0	114.667	1.08629	0.0269
4.5	114.667	1.09349	0.0344
9.0	114.667	1.13224	0.04
13.5	114.667	1.15228	0.0293
18.0	114.667	1.20892	0.031
22.5	114.667	1.23585	0.0483
27.0	114.667	1.26422	0.0421
31.5	114.667	1.28444	0.0504
36.0	114.667	1.27735	0.0409
40.5	114.667	1.39622	0.0679
45.0	114.667	1.38894	0.0453
49.5	114.667	1.27504	0.039
54.0	114.667	1.29919	0.0544
58.5	114.667	1.26367	0.0362
63.0	114.667	1.33938	0.063
67.5	114.667	1.28535	0.0515
72.0	114.667	1.18815	0.048
76.5	114.667	1.20534	0.0434
81.0	114.667	1.11895	0.0311
85.5	114.667	1.15257	0.0586
90.0	114.667	1.11982	0.0464
94.5	114.667	1.10499	0.0516
99.0	114.667	1.01756	0.0589
103.5	114.667	0.972094	0.0352
108.0	114.667	1.05404	0.058
112.5	114.667	0.976189	0.0547
117.0	114.667	0.928017	0.0459
121.5	114.667	0.867228	0.0473
126.0	114.667	0.839956	0.0472
130.5	114.667	0.829136	0.0621
135.0	114.667	0.789955	0.0418
139.5	114.667	0.782113	0.0678
144.0	114.667	0.678723	0.044
148.5	114.667	0.647304	0.0552
153.0	114.667	0.643586	0.065
157.5	114.667	0.608299	0.0636
162.0	114.667	0.527502	0.0379
166.5	114.667	0.467924	0.038
171.0	114.667	0.484416	0.0462
175.5	114.667	0.45583	0.0461
180.0	114.667	0.432312	0.0548
184.5	114.667	0.377787	0.0619
189.0	114.667	0.333858	0.045
193.5	114.667	0.329341	0.0533
198.0	114.667	0.320415	0.0635
202.5	114.667	0.296059	0.0703
207.0	114.667	0.254543	0.0573
211.5	114.667	0.272383	0.0608
216.0	114.667	0.232768	0.0597
220.5	114.667	0.214353	0.0697
225.0	114.667	0.201107	0.067
229.5	114.667	0.166952	0.084
234.0	114.667	0.156176	0.0619
238.5	114.667	0.22984	0.2013
243.0	114.667	0.167918	0.0768
247.5	114.667	0.124995	0.061
252.0	114.667	0.140204	0.1441
256.5	114.667	0.136374	0.0851
261.0	114.667	0.134766	0.1048
265.5	114.667	0.147132	0.1687
270.0	114.667	0.116667	0.0666
274.5	114.667	0.117667	0.1014
279.0	114.667	0.0960022	0.0691
283.5	114.667	0.0913013	0.0697
288.0	114.667	0.0891721	0.0649
292.5	114.667	0.111417	0.1492
297.0	114.667	0.0945411	0.0823
301.5	114.667	0.110058	0.1539
306.0	114.667	0.104891	0.0931
310.5	114.667	0.104623	0.1477
315.0	114.667	0.0822497	0.0777
319.5	114.667	0.0900864	0.0864
324.0	114.667	0.108609	0.1632
328.5	114.667	0.0866742	0.1189
333.0	114.667	0.0775293	0.11
337.5	114.667	0.0981773	0.2244
342.0	114.667	0.0775552	0.1745
346.5	114.667	0.0763058	0.0861
351.0	114.667	0.0754899	0.0972
355.5	114.667	0.0848865	0.2481
360.0	114.667	0.0661905	0.1299
364.5	114.667	0.0693984	0.1196
369.0	114.667	0.0630056	0.0976
373.5	114.667	0.0618332	0.0851
378.0	114.667	0.0819335	0.2288
382.5	114.667	0.0542897	0.0941
387.0	114.667	0.0907581	0.3127
391.5	114.667	0.0474935	0.1496
396.0	114.667	0.0612567	0.1939
400.5	114.667	0.0502352	0.1675
405.0	114.667	0.0382027	0.131
409.5	114.667	0.0328989	0.127
414.0	114.667	0.0572776	0.2721
418.5	114.667	0.0361068	0.105
423.0	114.667	0.0283056	0.1012
427.5	114.667	0.0421923	0.2971
432.0	114.667	0.0446069	0.1899
436.5	114.667	0.0575198	0.2552
441.0	114.667	0.0494305	0.1521
445.5	114.667	0.0447392	0.1188
-450.0	117.233	0.0510706	0.4048
-445.5	117.233	0.0311783	0.1639
-441.0	117.233	0.0284598	0.1584
-436.5	117.233	0.0219199	0.1606
-432.0	117.233	0.0245986	0.135
-427.5	117.233	0.0303329	0.1289
-423.0	117.233	0.0380914	0.3664
-418.5	117.233	0.02373	0.1234
-414.0	117.233	0.0323146	0.2
-409.5	117.233	0.0446934	0.3796
-405.0	117.233	0.0264636	0.1836
-400.5	117.233	0.0637081	0.4474
-396.0	117.233	0.061917	0.4791
-391.5	117.233	0.036157	0.1367
-387.0	117.233	0.0445033	0.1534
-382.5	117.233	0.0346038	0.1438
-378.0	117.233	0.0398544	0.173
-373.5	117.233	0.0366033	0.0833
-369.0	117.233	0.0438527	0.1306
-364.5	117.233	0.0559596	0.203
-360.0	117.233	0.0480443	0.0959
-355.5	117.233	0.045048	0.1001
-351.0	117.233	0.0499739	0.0956
-346.5	117.233	0.0517148	0.1395
-342.0	117.233	0.0627694	0.1444
-337.5	117.233	0.0497694	0.0943
-333.0	117.233	0.0538757	0.1124
-328.5	117.233	0.0698729	0.1738
-324.0	117.233	0.0692757	0.2187
-319.5	117.233	0.0567278	0.0794
-315.0	117.233	0.066228	0.1056
-310.5	117.233	0.0873435	0.1306
-306.0	117.233	0.0654002	0.0733
-301.5	117.233	0.0747889	0.072
-297.0	117.233	0.0737945	0.0942
-292.5	117.233	0.0827132	0.0829
-288.0	117.233	0.0824119	0.0651
-283.5	117.233	0.102776	0.0998
-279.0	117.233	0.106376	0.0766
-274.5	117.233	0.11181	0.0779
-270.0	117.233	0.118351	0.0897
-265.5	117.233	0.126642	0.0679
-261.0	117.233	0.138469	0.0818
-256.5	117.233	0.132298	0.0609
-252.0	117.233	0.151701	0.068
-247.5	117.233	0.188579	0.0829
-243.0	117.233	0.172649	0.0682
-238.5	117.233	0.188444	0.0555
-234.0	117.233	0.203428	0.0611
-229.5	117.233	0.275172	0.097
-225.0	117.233	0.239047	0.0553
-220.5	117.233	0.24321	0.0494
-216.0	117.233	0.296311	0.0622
-211.5	117.233	0.357307	0.0597
-207.0	117.233	0.336686	0.0675
-202.5	117.233	0.375401	0.0651
-198.0	117.233	0.397085	0.0546
-193.5	117.233	0.413652	0.0517
-189.0	117.233	0.472163	0.0576
-184.5	117.233	0.431573	0.0459
-180.0	117.233	0.488261	0.0471
-175.5	117.233	0.576339	0.0433
-171.0	117.233	0.574707	0.0428
-166.5	117.233	0.605378	0.0487
-162.0	117.233	0.68275	0.0489
-157.5	117.233	0.713723	0.0461
-153.0	117.233	0.656775	0.0463
-148.5	117.233	0.822702	0.0563
-144.0	117.233	0.768925	0.0498
-139.5	117.233	0.759158	0.0399
-135.0	117.233	0.79113	0.0437
-130.5	117.233	0.88387	0.0457
-126.0	117.233	0.884554	0.0519
-121.5	117.233	0.937859	0.0615
-117.0	117.233	0.884883	0.0412
-112.5	117.233	0.870215	0.0383
-108.0	117.233	0.887021	0.062
-103.5	117.233	0.930694	0.0384
-99.0	117.233	0.874346	0.0315
-94.5	117.233	0.9443	0.0376
-90.0	117.233	0.966949	0.0537
-85.5	117.233	1.00151	0.0358
-81.0	117.233	1.09487	0.0656
-76.5	117.233	1.20006	0.0587
-72.0	117.233	1.13409	0.0562
-67.5	117.233	1.0705	0.0277
-63.0	117.233	1.14766	0.0348
-58.5	117.233	1.1492	0.0337
-54.0	117.233	1.22177	0.0386
-49.5	117.233	1.34309	0.0541
-45.0	117.233	1.24683	0.038
-40.5	117.233	1.53613	0.0629
-36.0	117.233	1.37947	0.0564
-31.5	117.233	1.27971	0.0523
-27.0	117.233	1.43923	0.0771
-22.5	117.233	1.28982	0.0586
-18.0	117.233	1.24139	0.0511
-13.5	117.233	1.16152	0.059
-9.0	117.233	1.04849	0.0341
-4.5	117.233	1.11441	0.0446
0.0	117.233	1.06581	0.0359
4.5	117.233	1.11534	0.0508
9.0	117.233	1.07328	0.0378
13.5	117.233	1.10612	0.0288
18.0	117.233	1.19375	0.0581
22.5	117.233	1.28437	0.0569
27.0	117.233	1.25014	0.0499
31.5	117.233	1.16207	0.0457
36.0	117.233	1.21992	0.0562
40.5	117.233	1.19443	0.0352
45.0	117.233	1.18877	0.0301
49.5	117.233	1.37149	0.0503
54.0	117.233	1.2028	0.0426
58.5	117.233	1.20551	0.0312
63.0	117.233	1.25949	0.0477
67.5	117.233	1.20117	0.0419
72.0	117.233	1.26938	0.075
76.5	117.233	1.08266	0.0481
81.0	117.233	1.11873	0.0434
85.5	117.233	1.14075	0.055
90.0	117.233	1.02839	0.0492
94.5	117.233	1.02895	0.0435
99.0	117.233	0.917236	0.0333
103.5	117.233	1.00326	0.0515
108.0	117.233	0.916725	0.0397
112.5	117.233	0.906439	0.0438
117.0	117.233	0.871598	0.0464
121.5	117.233	0.801972	0.0529
126.0	117.233	0.748962	0.042
130.5	117.233	0.686394	0.036
135.0	117.233	0.810422	0.0848
139.5	117.233	0.6622	0.0399
144.0	117.233	0.630546	0.0469
148.5	117.233	0.614569	0.0384
153.0	117.233	0.571671	0.044
157.5	117.233	0.616095	0.0695
162.0	117.233	0.550983	0.0653
166.5	117.233	0.477496	0.0548
171.0	117.233	0.507887	0.0665
175.5	117.233	0.45345	0.06
180.0	117.233	0.377657	0.0457
184.5	117.233	0.399159	0.0619
189.0	117.233	0.362608	0.0734
193.5	117.233	0.348568	0.0891
198.0	117.233	0.323496	0.0678
202.5	117.233	0.305554	0.0737
207.0	117.233	0.279063	0.0525
211.5	117.233	0.274752	0.103
216.0	117.233	0.207954	0.0494
220.5	117.233	0.205621	0.061
225.0	117.233	0.230626	0.0868
229.5	117.233	0.173676	0.0543
234.0	117.233	0.174084	0.0729
238.5	117.233	0.151818	0.0561
243.0	117.233	0.167526	0.1069
247.5	117.233	0.150738	0.0982
252.0	117.233	0.135866	0.0668
256.5	117.233	0.125518	0.065
261.0	117.233	0.175492	0.1807
265.5	117.233	0.124333	0.1044
270.0	117.233	0.103192	0.0735
274.5	117.233	0.117212	0.1176
279.0	117.233	0.10738	0.0887
283.5	117.233	0.100817	0.083
288.0	117.233	0.104448	0.0934
292.5	117.233	0.112541	0.1525
297.0	117.233	0.0954274	0.1209
301.5	117.233	0.096347	0.0957
306.0	117.233	0.113938	0.1949
310.5	117.233	0.097197	0.0936
315.0	117.233	0.0847178	0.0814
319.5	117.233	0.0842862	0.0888
324.0	117.233	0.087736	0.0862
328.5	117.233	0.0918683	0.0882
333.0	117.233	0.0871506	0.1025
337.5	117.233	0.0726126	0.0781
342.0	117.233	0.0619615	0.0669
346.5	117.233	0.0715548	0.0874
351.0	117.233	0.0831282	0.1067
355.5	117.233	0.07326	0.123
360.0	117.233	0.0894434	0.1264
364.5	117.233	0.0831115	0.1926
369.0	117.233	0.069848	0.1102
373.5	117.233	0.0630478	0.1198
378.0	117.233	0.0572115	0.0998
382.5	117.233	0.0631241	0.1695
387.0	117.233	0.0498947	0.1174
391.5	117.233	0.0684731	0.2714
396.0	117.233	0.0691843	0.2795
400.5	117.233	0.0763233	0.2666
405.0	117.233	0.0423717	0.1233
409.5	117.233	0.037281	0.1511
414.0	117.233	0.0497994	0.2437
418.5	117.233	0.0276025	0.1526
423.0	117.233	0.027982	0.1141
427.5	117.233	0.0308369	0.1237
432.0	117.233	0.0487414	0.1947
436.5	117.233	0.0337243	0.0973
441.0	117.233	0.0494237	0.2201
445.5	117.233	0.0446155	0.1496
-450.0	119.8	0.0269499	0.1098
-445.5	119.8	0.0282931	0.1185
-441.0	119.8	0.0308363	0.1329
-436.5	119.8	0.0253659	0.1464
-432.0	119.8	0.0264747	0.1149
-427.5	119.8	0.0218302	0.1485
-423.0	119.8	0.0249353	0.3653
-418.5	119.8	0.0310706	0.1549
-414.0	119.8	0.0322792	0.3229
-409.5	119.8	0.0291958	0.1732
-405.0	119.8	0.0292405	0.135
-400.5	119.8	0.0338621	0.1148
-396.0	119.8	0.0299123	0.1201
-391.5	119.8	0.0491645	0.1912
-387.0	119.8	0.0570258	0.1533
-382.5	119.8	0.0349794	0.1017
-378.0	119.8	0.0326348	0.0953
-373.5	119.8	0.0715815	0.3926
-369.0	119.8	0.0405519	0.1108
-364.5	119.8	0.0393889	0.1047
-360.0	119.8	0.0389058	0.105
-355.5	119.8	0.0486114	0.1161
-351.0	119.8	0.0614948	0.2345
-346.5	119.8	0.0549674	0.1262
-342.0	119.8	0.0628703	0.1632
-337.5	119.8	0.0623347	0.1227
-333.0	119.8	0.0470284	0.0744
-328.5	119.8	0.0626939	0.0905
-324.0	119.8	0.0683246	0.264
-319.5	119.8	0.0604318	0.0745
-315.0	119.8	0.0621303	0.0989
-310.5	119.8	0.0623484	0.1311
-306.0	119.8	0.0753117	0.0947
-301.5	119.8	0.076532	0.1083
-297.0	119.8	0.0846479	0.083
-292.5	119.8	0.0704759	0.0606
-288.0	119.8	0.0793933	0.078
-283.5	119.8	0.102877	0.2006
-279.0	119.8	0.109938	0.1347
-274.5	119.8	0.101057	0.0702
-270.0	119.8	0.118221	0.1576
-265.5	119.8	0.112828	0.0791
-261.0	119.8	0.122302	0.0638
-256.5	119.8	0.126064	0.0514
-252.0	119.8	0.166968	0.0816
-247.5	119.8	0.160292	0.08
-243.0	119.8	0.178903	0.0768
-238.5	119.8	0.170242	0.0533
-234.0	119.8	0.192609	0.0481
-229.5	119.8	0.242636	0.078
-225.0	119.8	0.237424	0.0535
-220.5	119.8	0.268873	0.0615
-216.0	119.8	0.346694	0.0904
-211.5	119.8	0.328827	0.0673
-207.0	119.8	0.308864	0.044
-202.5	119.8	0.334931	0.0554
-198.0	119.8	0.401405	0.0415
-193.5	119.8	0.391931	0.0473
-189.0	119.8	0.395902	0.0393
-184.5	119.8	0.453355	0.0536
-180.0	119.8	0.508769	0.0489
-175.5	119.8	0.557586	0.0495
-171.0	119.8	0.571713	0.0529
-166.5	119.8	0.648033	0.0554
-162.0	119.8	0.716564	0.0862
-157.5	119.8	0.753997	0.0512
-153.0	119.8	0.689146	0.0464
-148.5	119.8	0.840159	0.0666
-144.0	119.8	0.740937	0.0622
-139.5	119.8	0.714662	0.0378
-135.0	119.8	0.665326	0.0299
-130.5	119.8	0.8324	0.0575
-126.0	119.8	0.765008	0.0345
-121.5	119.8	0.756537	0.0314
-117.0	119.8	0.836037	0.0577
-112.5	119.8	0.923411	0.0527
-108.0	119.8	0.870808	0.0488
-103.5	119.8	0.899265	0.0537
-99.0	119.8	0.843331	0.0311
-94.5	119.8	0.894533	0.0312
-90.0	119.8	0.977231	0.0445
-85.5	119.8	0.960779	0.0431
-81.0	119.8	1.00622	0.0372
-76.5	119.8	1.13143	0.0559
-72.0	119.8	1.0894	0.0571
-67.5	119.8	1.05062	0.0337
-63.0	119.8	1.16366	0.0493
-58.5	119.8	1.29781	0.0531
-54.0	119.8	1.26877	0.0599
-49.5	119.8	1.27435	0.0546
-45.0	119.8	1.21446	0.0595
-40.5	119.8	1.24575	0.0529
-36.0	119.8	1.38055	0.0795
-31.5	119.8	1.21683	0.0605
-27.0	119.8	1.29003	0.0686
-22.5	119.8	1.22977	0.0628
-18.0	119.8	1.17965	0.0666
-13.5	119.8	1.08573	0.0423
-9.0	119.8	1.13499	0.0461
-4.5	119.8	1.06598	0.0471
0.0	119.8	1.05615	0.0445
4.5	119.8	1.00582	0.0363
9.0	119.8	1.04152	0.0437
13.5	119.8	1.13196	0.0722
18.0	119.8	1.15271	0.0516
22.5	119.8	1.05234	0.032
27.0	119.8	1.09166	0.0317
31.5	119.8	1.05171	0.0314
36.0	119.8	1.14611	0.0511
40.5	119.8	1.20513	0.0565
45.0	119.8	1.06665	0.031
49.5	119.8	1.17633	0.0493
54.0	119.8	1.10244	0.0371
58.5	119.8	1.19681	0.0513
63.0	119.8	1.08901	0.0459
67.5	119.8	1.08489	0.0401
72.0	119.8	1.05926	0.038
76.5	119.8	1.04746	0.0488
81.0	119.8	1.11062	0.0592
85.5	119.8	1.06852	0.0456
90.0	119.8	0.970458	0.04
94.5	119.8	0.949417	0.0484
99.0	119.8	0.911254	0.0361
103.5	119.8	0.843075	0.0391
108.0	119.8	0.908103	0.0492
112.5	119.8	0.892291	0.0495
117.0	119.8	0.826461	0.0414
121.5	119.8	0.79576	0.0551
126.0	119.8	0.739949	0.0482
130.5	119.8	0.732711	0.048
135.0	119.8	0.707319	0.0563
139.5	119.8	0.623198	0.0459
144.0	119.8	0.615415	0.0491
148.5	119.8	0.582368	0.052
153.0	119.8	0.602563	0.0748
157.5	119.8	0.508444	0.048
162.0	119.8	0.516906	0.0411
166.5	119.8	0.460547	0.0561
171.0	119.8	0.41889	0.0633
175.5	119.8	0.481063	0.134
180.0	119.8	0.395672	0.0754
184.5	119.8	0.347114	0.0852
189.0	119.8	0.322838	0.0579
193.5	119.8	0.286373	0.0455
198.0	119.8	0.30833	0.1351
202.5	119.8	0.330455	0.1041
207.0	119.8	0.245337	0.0649
211.5	119.8	0.233384	0.0641
216.0	119.8	0.208501	0.0592
220.5	119.8	0.207115	0.0871
225.0	119.8	0.181175	0.0639
229.5	119.8	0.17472	0.0498
234.0	119.8	0.182735	0.0764
238.5	119.8	0.156222	0.0823
243.0	119.8	0.173562	0.1071
247.5	119.8	0.12746	0.0578
252.0	119.8	0.139969	0.0731
256.5	119.8	0.136806	0.0779
261.0	119.8	0.116958	0.0943
265.5	119.8	0.119676	0.0974
270.0	119.8	0.107231	0.0753
274.5	119.8	0.121462	0.1409
279.0	119.8	0.100464	0.0818
283.5	119.8	0.106721	0.1016
288.0	119.8	0.0953887	0.0835
292.5	119.8	0.099679	0.081
297.0	119.8	0.113326	0.1211
301.5	119.8	0.124048	0.1194
306.0	119.8	0.095163	0.1036
310.5	119.8	0.104892	0.1501
315.0	119.8	0.111622	0.2054
319.5	119.8	0.0752417	0.0685
324.0	119.8	0.085131	0.0787
328.5	119.8	0.0864627	0.1484
333.0	119.8	0.106754	0.2087
337.5	119.8	0.0767745	0.0952
342.0	119.8	0.0795471	0.1258
346.5	119.8	0.0814548	0.1287
351.0	119.8	0.0621462	0.0862
355.5	119.8	0.0713087	0.1009
360.0	119.8	0.0678049	0.0869
364.5	119.8	0.0851095	0.2185
369.0	119.8	0.0620724	0.1332
373.5	119.8	0.0454227	0.0814
378.0	119.8	0.0615077	0.1427
382.5	119.8	0.0530422	0.0874
387.0	119.8	0.061402	0.1903
391.5	119.8	0.0524116	0.19
396.0	119.8	0.0430457	0.1033
400.5	119.8	0.0350852	0.0955
405.0	119.8	0.0463523	0.1317
409.5	119.8	0.0659801	0.2572
414.0	119.8	0.0333931	0.1609
418.5	119.8	0.0408739	0.1904
423.0	119.8	0.034122	0.1459
427.5	119.8	0.0437714	0.2122
432.0	119.8	0.0422461	0.1655
436.5	119.8	0.0633589	0.3553
441.0	119.8	0.0561394	0.1911
445.5	119.8	0.0447062	0.1653
-450.0	122.367	0.0316013	0.1474
-445.5	122.367	0.0278828	0.209
-441.0	122.367	0.0294117	0.2038
-436.5	122.367	0.0374904	0.3621
-432.0	122.367	0.0221682	0.1195
-427.5	122.367	0.0361455	0.3382
-423.0	122.367	0.0280957	0.1728
-418.5	122.367	0.0380364	0.3506
-414.0	122.367	0.0310288	0.313
-409.5	122.367	0.0252454	0.1293
-405.0	122.367	0.0248827	0.1276
-400.5	122.367	0.0309612	0.1413
-396.0	122.367	0.0287559	0.1328
-391.5	122.367	0.035798	0.1145
-387.0	122.367	0.030718	0.092
-382.5	122.367	0.0336514	0.1028
-378.0	122.367	0.0369266	0.1021
-373.5	122.367	0.0453174	0.0907
-369.0	122.367	0.0399346	0.0949
-364.5	122.367	0.043561	0.1073
-360.0	122.367	0.0418421	0.0939
-355.5	122.367	0.0706569	0.3484
-351.0	122.367	0.0464059	0.092
-346.5	122.367	0.0457684	0.0956
-342.0	122.367	0.0485499	0.0877
-337.5	122.367	0.0602944	0.2192
-333.0	122.367	0.0581593	0.0937
-328.5	122.367	0.0541033	0.0869
-324.0	122.367	0.0566432	0.0937
-319.5	122.367	0.0616568	0.115
-315.0	122.367	0.0736479	0.1793
-310.5	122.367	0.0851841	0.1479
-306.0	122.367	0.101797	0.2796
-301.5	122.367	0.0634609	0.07
-297.0	122.367	0.0792927	0.0984
-292.5	122.367	0.0780277	0.0913
-288.0	122.367	0.0899496	0.1016
-283.5	122.367	0.0837357	0.0941
-279.0	122.367	0.099443	0.0727
-274.5	122.367	0.0874863	0.0604
-270.0	122.367	0.107205	0.0704
-265.5	122.367	0.12449	0.066
-261.0	122.367	0.143464	0.0804
-256.5	122.367	0.143568	0.095
-252.0	122.367	0.156568	0.0771
-247.5	122.367	0.147046	0.0586
-243.0	122.367	0.159871	0.0597
-238.5	122.367	0.200362	0.0992
-234.0	122.367	0.179527	0.0599
-229.5	122.367	0.203721	0.0489
-225.0	122.367	0.223883	0.0648
-220.5	122.367	0.241755	0.0524
-216.0	122.367	0.295302	0.0579
-211.5	122.367	0.299527	0.0545
-207.0	122.367	0.347176	0.0868
-202.5	122.367	0.386515	0.0943
-198.0	122.367	0.334887	0.0388
-193.5	122.367	0.405824	0.0611
-189.0	122.367	0.404647	0.0545
-184.5	122.367	0.495479	0.0561
-180.0	122.367	0.493752	0.0688
-175.5	122.367	0.581224	0.0602
-171.0	122.367	0.511008	0.0499
-166.5	122.367	0.615258	0.0568
-162.0	122.367	0.612897	0.0725
-157.5	122.367	0.610121	0.0486
-153.0	122.367	0.667487	0.0578
-148.5	122.367	0.702184	0.0481
-144.0	122.367	0.677969	0.0343
-139.5	122.367	0.710533	0.0449
-135.0	122.367	0.69352	0.0378
-130.5	122.367	0.739527	0.0414
-126.0	122.367	0.750131	0.0397
-121.5	122.367	0.797468	0.0556
-117.0	122.367	0.762477	0.0614
-112.5	122.367	0.796946	0.0396
-108.0	122.367	0.774309	0.029
-103.5	122.367	0.782245	0.0304
-99.0	122.367	0.827386	0.0397
-94.5	122.367	0.867594	0.0323
-90.0	122.367	0.928512	0.0411
-85.5	122.367	0.907724	0.0455
-81.0	122.367	0.966234	0.0554
-76.5	122.367	0.943549	0.0382
-72.0	122.367	1.1149	0.0702
-67.5	122.367	1.0681	0.0594
-63.0	122.367	1.13001	0.0591
-58.5	122.367	1.20357	0.0682
-54.0	122.367	1.0304	0.0301
-49.5	122.367	1.13984	0.0627
-45.0	122.367	1.40506	0.0961
-40.5	122.367	1.19718	0.0685
-36.0	122.367	1.19987	0.0603
-31.5	122.367	1.19071	0.059
-27.0	122.367	1.10407	0.068
-22.5	122.367	1.15012	0.0662
-18.0	122.367	1.11954	0.0703
-13.5	122.367	1.1345	0.0609
-9.0	122.367	1.01504	0.0452
-4.5	122.367	0.996976	0.0489
0.0	122.367	0.958828	0.0344
4.5	122.367	1.0328	0.0622
9.0	122.367	1.00417	0.0588
13.5	122.367	1.04256	0.0582
18.0	122.367	1.0479	0.055
22.5	122.367	1.12086	0.0488
27.0	122.367	1.03771	0.055
31.5	122.367	1.0922	0.0491
36.0	122.367	1.06475	0.0409
40.5	122.367	1.08893	0.0551
45.0	122.367	1.09149	0.0617
49.5	122.367	1.03838	0.0458
54.0	122.367	1.08966	0.0557
58.5	122.367	1.08365	0.0403
63.0	122.367	1.19495	0.0643
67.5	122.367	1.11308	0.0556
72.0	122.367	1.06406	0.0473
76.5	122.367	1.00228	0.0395
81.0	122.367	0.963856	0.0418
85.5	122.367	0.978697	0.0704
90.0	122.367	0.927239	0.0417
94.5	122.367	0.977159	0.0612
99.0	122.367	0.868948	0.0485
103.5	122.367	0.830297	0.0365
108.0	122.367	0.854203	0.0545
112.5	122.367	0.761289	0.0382
117.0	122.367	0.780674	0.0421
121.5	122.367	0.70034	0.0398
126.0	122.367	0.680655	0.0447
130.5	122.367	0.714396	0.0584
135.0	122.367	0.710624	0.0705
139.5	122.367	0.603693	0.0467
144.0	122.367	0.522364	0.0435
148.5	122.367	0.533071	0.0503
153.0	122.367	0.499243	0.053
157.5	122.367	0.551087	0.0572
162.0	122.367	0.494715	0.059
166.5	122.367	0.438209	0.071
171.0	122.367	0.422323	0.0502
175.5	122.367	0.401909	0.0591
180.0	122.367	0.378409	0.0685
184.5	122.367	0.324276	0.0644
189.0	122.367	0.345026	0.0865
193.5	122.367	0.27055	0.0529
198.0	122.367	0.274647	0.063
202.5	122.367	0.274797	0.0705
207.0	122.367	0.229671	0.0495
211.5	122.367	0.228204	0.0701
216.0	122.367	0.229579	0.0629
220.5	122.367	0.194317	0.0584
225.0	122.367	0.186016	0.0712
229.5	122.367	0.201922	0.1126
234.0	122.367	0.175171	0.1034
238.5	122.367	0.193209	0.0992
243.0	122.367	0.138527	0.0794
247.5	122.367	0.132913	0.0612
252.0	122.367	0.194176	0.2625
256.5	122.367	0.109776	0.0563
261.0	122.367	0.103132	0.0711
265.5	122.367	0.0999335	0.071
270.0	122.367	0.103274	0.0635
274.5	122.367	0.139146	0.123
279.0	122.367	0.118624	0.2143
283.5	122.367	0.120171	0.2191
288.0	122.367	0.099841	0.0895
292.5	122.367	0.0868513	0.0769
297.0	122.367	0.0974336	0.1018
301.5	122.367	0.0966249	0.1031
306.0	122.367	0.0795533	0.0689
310.5	122.367	0.129112	0.3968
315.0	122.367	0.0879333	0.1158
319.5	122.367	0.0919879	0.1242
324.0	122.367	0.0803097	0.0698
328.5	122.367	0.0839615	0.1302
333.0	122.367	0.0763602	0.0868
337.5	122.367	0.0770264	0.153
342.0	122.367	0.0797472	0.1654
346.5	122.367	0.064376	0.1109
351.0	122.367	0.0583787	0.1211
355.5	122.367	0.105185	0.2545
360.0	122.367	0.0693427	0.118
364.5	122.367	0.0783991	0.1195
369.0	122.367	0.0583054	0.1089
373.5	122.367	0.0562652	0.1437
378.0	122.367	0.0581991	0.124
382.5	122.367	0.0461264	0.1022
387.0	122.367	0.0459914	0.0916
391.5	122.367	0.0475939	0.1044
396.0	122.367	0.0470875	0.1082
400.5	122.367	0.0473215	0.1337
405.0	122.367	0.059949	0.2629
409.5	122.367	0.0347845	0.1015
414.0	122.367	0.0340559	0.2207
418.5	122.367	0.0388234	0.1732
423.0	122.367	0.0395626	0.1239
427.5	122.367	0.0452416	0.2365
432.0	122.367	0.0552835	0.2795
436.5	122.367	0.0428162	0.1907
441.0	122.367	0.0456149	0.1452
445.5	122.367	0.0438472	0.1371
-450.0	124.933	0.0401723	0.2322
-445.5	124.933	0.0314322	0.154
-441.0	124.933	0.0259675	0.1508
-436.5	124.933	0.019775	0.1143
-432.0	124.933	0.0288749	0.2415
-427.5	124.933	0.0203478	0.1283
-423.0	124.933	0.0248917	0.1646
-418.5	124.933	0.0295825	0.1612
-414.0	124.933	0.023154	0.2276
-409.5	124.933	0.0273495	0.1451
-405.0	124.933	0.034213	0.1814
-400.5	124.933	0.0314716	0.1154
-396.0	124.933	0.0438228	0.1412
-391.5	124.933	0.0351078	0.139
-387.0	124.933	0.0351669	0.1097
-382.5	124.933	0.0354827	0.0986
-378.0	124.933	0.0448549	0.3479
-373.5	124.933	0.0478801	0.1987
-369.0	124.933	0.0393329	0.1154
-364.5	124.933	0.0487202	0.2397
-360.0	124.933	0.0513583	0.1717
-355.5	124.933	0.0493013	0.1088
-351.0	124.933	0.0427713	0.1074
-346.5	124.933	0.0543877	0.1662
-342.0	124.933	0.0558986	0.1413
-337.5	124.933	0.0619189	0.1671
-333.0	124.933	0.0784475	0.2133
-328.5	124.933	0.0728019	0.1548
-324.0	124.933	0.0665297	0.1332
-319.5	124.933	0.0524248	0.0899
-315.0	124.933	0.0798205	0.1885
-310.5	124.933	0.0710749	0.1394
-306.0	124.933	0.0688732	0.1004
-301.5	124.933	0.0750554	0.0727
-297.0	124.933	0.0659081	0.0784
-292.5	124.933	0.0825018	0.0757
-288.0	124.933	0.0918655	0.1516
-283.5	124.933	0.090428	0.0828
-279.0	124.933	0.0936745	0.1177
-274.5	124.933	0.0964449	0.0941
-270.0	124.933	0.103843	0.1023
-265.5	124.933	0.114714	0.1108
-261.0	124.933	0.115372	0.0684
-256.5	124.933	0.122301	0.0808
-252.0	124.933	0.143495	0.1241
-247.5	124.933	0.148137	0.0698
-243.0	124.933	0.170723	0.0926
-238.5	124.933	0.173468	0.0664
-234.0	124.933	0.191607	0.0515
-229.5	124.933	0.194809	0.0518
-225.0	124.933	0.238617	0.0582
-220.5	124.933	0.287562	0.0658
-216.0	124.933	0.267137	0.0595
-211.5	124.933	0.296833	0.0586
-207.0	124.933	0.389747	0.0822
-202.5	124.933	0.388747	0.0821
-198.0	124.933	0.398523	0.059
-193.5	124.933	0.345851	0.0395
-189.0	124.933	0.462803	0.0726
-184.5	124.933	0.484902	0.0516
-180.0	124.933	0.496837	0.0528
-175.5	124.933	0.500504	0.0434
-171.0	124.933	0.530087	0.0602
-166.5	124.933	0.533354	0.0505
-162.0	124.933	0.663006	0.0634
-157.5	124.933	0.608377	0.0594
-153.0	124.933	0.670799	0.0542
-148.5	124.933	0.638457	0.0493
-144.0	124.933	0.624562	0.0528
-139.5	124.933	0.659263	0.0458
-135.0	124.933	0.70156	0.0605
-130.5	124.933	0.668521	0.0443
-126.0	124.933	0.713847	0.0509
-121.5	124.933	0.814194	0.057
-117.0	124.933	0.668127	0.0321
-112.5	124.933	0.734565	0.0357
-108.0	124.933	0.730875	0.0393
-103.5	124.933	0.822961	0.0526
-99.0	124.933	0.771763	0.0346
-94.5	124.933	0.880669	0.0687
-90.0	124.933	0.840743	0.0363
-85.5	124.933	0.993544	0.0846
-81.0	124.933	1.01412	0.0655
-76.5	124.933	0.952324	0.0441
-72.0	124.933	0.934098	0.0481
-67.5	124.933	0.923992	0.0377
-63.0	124.933	1.05609	0.0619
-58.5	124.933	0.993391	0.037
-54.0	124.933	1.16042	0.0798
-49.5	124.933	1.01313	0.0384
-45.0	124.933	1.1111	0.0475
-40.5	124.933	1.20057	0.0671
-36.0	124.933	1.16474	0.0572
-31.5	124.933	1.09894	0.064
-27.0	124.933	1.08624	0.0734
-22.5	124.933	1.03448	0.066
-18.0	124.933	1.05463	0.0656
-13.5	124.933	1.00575	0.0555
-9.0	124.933	1.0606	0.0626
-4.5	124.933	0.88686	0.0352
0.0	124.933	0.962656	0.0517
4.5	124.933	0.905814	0.042
9.0	124.933	0.935672	0.048
13.5	124.933	0.964876	0.045
18.0	124.933	0.936964	0.039
22.5	124.933	0.964873	0.0336
27.0	124.933	1.21576	0.0763
31.5	124.933	1.05592	0.0609
36.0	124.933	0.947001	0.047
40.5	124.933	1.06899	0.0473
45.0	124.933	1.01074	0.0622
49.5	124.933	1.14403	0.09
54.0	124.933	1.07462	0.0513
58.5	124.933	0.962779	0.0326
63.0	124.933	1.04255	0.0459
67.5	124.933	1.03714	0.0585
72.0	124.933	0.935996	0.0469
76.5	124.933	0.99127	0.0485
81.0	124.933	0.923345	0.0438
85.5	124.933	0.834918	0.0352
90.0	124.933	0.836462	0.0465
94.5	124.933	0.888976	0.0567
99.0	124.933	0.906553	0.0665
103.5	124.933	0.795828	0.0444
108.0	124.933	0.748893	0.0311
112.5	124.933	0.80127	0.0423
117.0	124.933	0.712868	0.0716
121.5	124.933	0.699457	0.0623
126.0	124.933	0.688326	0.0544
130.5	124.933	0.591821	0.045
135.0	124.933	0.61448	0.0481
139.5	124.933	0.52813	0.0376
144.0	124.933	0.5605	0.0548
148.5	124.933	0.512672	0.0482
153.0	124.933	0.453004	0.0436
157.5	124.933	0.522886	0.0714
162.0	124.933	0.433005	0.0527
166.5	124.933	0.417033	0.0611
171.0	124.933	0.388517	0.0508
175.5	124.933	0.361731	0.0475
180.0	124.933	0.326627	0.0469
184.5	124.933	0.318753	0.0671
189.0	124.933	0.30185	0.0562
193.5	124.933	0.293299	0.0584
198.0	124.933	0.231969	0.0709
202.5	124.933	0.248798	0.0675
207.0	124.933	0.215426	0.0595
211.5	124.933	0.17367	0.0425
216.0	124.933	0.224349	0.0908
220.5	124.933	0.195371	0.0713
225.0	124.933	0.163191	0.0738
229.5	124.933	0.165653	0.0682
234.0	124.933	0.166781	0.1268
238.5	124.933	0.167938	0.0787
243.0	124.933	0.155065	0.0833
247.5	124.933	0.131077	0.0667
252.0	124.933	0.125239	0.0796
256.5	124.933	0.106082	0.0734
261.0	124.933	0.131158	0.145
265.5	124.933	0.114034	0.1112
270.0	124.933	0.106516	0.0982
274.5	124.933	0.0868786	0.057
279.0	124.933	0.105554	0.1443
283.5	124.933	0.0872892	0.0693
288.0	124.933	0.0912352	0.1004
292.5	124.933	0.108693	0.1237
297.0	124.933	0.0948261	0.1015
301.5	124.933	0.0957002	0.0989
306.0	124.933	0.106813	0.1137
310.5	124.933	0.0833794	0.1004
315.0	124.933	0.0723636	0.1069
319.5	124.933	0.0868002	0.1117
324.0	124.933	0.0825107	0.126
328.5	124.933	0.101109	0.2167
333.0	124.933	0.0746815	0.0928
337.5	124.933	0.0848527	0.1018
342.0	124.933	0.096285	0.1526
346.5	124.933	0.115005	0.2453
351.0	124.933	0.111438	0.1851
355.5	124.933	0.0791799	0.125
360.0	124.933	0.0596935	0.0867
364.5	124.933	0.0628686	0.1125
369.0	124.933	0.050373	0.0823
373.5	124.933	0.0598109	0.0988
378.0	124.933	0.0579569	0.1536
382.5	124.933	0.054823	0.1079
387.0	124.933	0.0456397	0.0984
391.5	124.933	0.0719146	0.2153
396.0	124.933	0.0681777	0.2357
400.5	124.933	0.0415925	0.1041
405.0	124.933	0.0301222	0.1061
409.5	124.933	0.0324479	0.0995
414.0	124.933	0.0402094	0.1246
418.5	124.933	0.0308048	0.1325
423.0	124.933	0.0423466	0.2769
427.5	124.933	0.0360546	0.2475
432.0	124.933	0.0355889	0.1157
436.5	124.933	0.0542129	0.2706
441.0	124.933	0.0484691	0.2731
445.5	124.933	0.0381839	0.1216
-450.0	127.5	0.0255419	0.1608
-445.5	127.5	0.0322286	0.2783
-441.0	127.5	0.0247156	0.1382
-436.5	127.5	0.025338	0.2249
-432.0	127.5	0.0179254	0.111
-427.5	127.5	0.0220538	0.1605
-423.0	127.5	0.0218395	0.1294
-418.5	127.5	0.0354186	0.3231
-414.0	127.5	0.0311653	0.154
-409.5	127.5	0.0386914	0.3087
-405.0	127.5	0.0251204	0.1262
-400.5	127.5	0.0282222	0.1936
-396.0	127.5	0.040246	0.1387
-391.5	127.5	0.0384619	0.2077
-387.0	127.5	0.0331842	0.115
-382.5	127.5	0.0418812	0.1351
-378.0	127.5	0.0342939	0.0999
-373.5	127.5	0.0398445	0.1245
-369.0	127.5	0.0462208	0.137
-364.5	127.5	0.0515843	0.1652
-360.0	127.5	0.050756	0.1642
-355.5	127.5	0.0482253	0.0973
-351.0	127.5	0.0474755	0.111
-346.5	127.5	0.0466425	0.0913
-342.0	127.5	0.0458126	0.1107
-337.5	127.5	0.0548823	0.1327
-333.0	127.5	0.0613075	0.1214
-328.5	127.5	0.0739602	0.1627
-324.0	127.5	0.0632698	0.1214
-319.5	127.5	0.0614126	0.1018
-315.0	127.5	0.066684	0.1144
-310.5	127.5	0.0596111	0.0799
-306.0	127.5	0.0725643	0.1055
-301.5	127.5	0.0645893	0.0765
-297.0	127.5	0.0738078	0.0814
-292.5	127.5	0.0769336	0.0897
-288.0	127.5	0.0939483	0.1614
-283.5	127.5	0.0804737	0.0597
-279.0	127.5	0.0996499	0.1915
-274.5	127.5	0.0895706	0.08
-270.0	127.5	0.115455	0.1314
-265.5	127.5	0.118518	0.0813
-261.0	127.5	0.11251	0.0615
-256.5	127.5	0.136549	0.0839
-252.0	127.5	0.133573	0.0632
-247.5	127.5	0.141986	0.0677
-243.0	127.5	0.146875	0.0666
-238.5	127.5	0.180623	0.0705
-234.0	127.5	0.190082	0.0573
-229.5	127.5	0.205541	0.06
-225.0	127.5	0.204063	0.0514
-220.5	127.5	0.262675	0.0938
-216.0	127.5	0.231045	0.0446
-211.5	127.5	0.290858	0.0529
-207.0	127.5	0.28334	0.0453
-202.5	127.5	0.355604	0.0939
-198.0	127.5	0.391265	0.0674
-193.5	127.5	0.366171	0.0505
-189.0	127.5	0.418746	0.0517
-184.5	127.5	0.431685	0.055
-180.0	127.5	0.492907	0.0606
-175.5	127.5	0.477715	0.0492
-171.0	127.5	0.485116	0.0501
-166.5	127.5	0.57124	0.0555
-162.0	127.5	0.566893	0.0468
-157.5	127.5	0.59231	0.0559
-153.0	127.5	0.663014	0.0826
-148.5	127.5	0.618687	0.0432
-144.0	127.5	0.608201	0.0468
-139.5	127.5	0.670737	0.0734
-135.0	127.5	0.630636	0.0322
-130.5	127.5	0.756488	0.0622
-126.0	127.5	0.699413	0.0433
-121.5	127.5	0.692979	0.0553
-117.0	127.5	0.720006	0.0581
-112.5	127.5	0.69296	0.0374
-108.0	127.5	0.765114	0.0507
-103.5	127.5	0.752237	0.0597
-99.0	127.5	0.770779	0.0405
-94.5	127.5	0.780409	0.0425
-90.0	127.5	0.82016	0.0555
-85.5	127.5	0.820304	0.0456
-81.0	127.5	0.863767	0.0594
-76.5	127.5	0.886662	0.0485
-72.0	127.5	0.860506	0.0358
-67.5	127.5	0.931166	0.0444
-63.0	127.5	1.01246	0.0658
-58.5	127.5	1.01453	0.0566
-54.0	127.5	0.989724	0.0496
-49.5	127.5	1.00628	0.0443
-45.0	127.5	1.13942	0.0553
-40.5	127.5	1.03433	0.0642
-36.0	127.5	1.02213	0.0612
-31.5	127.5	1.04128	0.0773
-27.0	127.5	1.09499	0.0851
-22.5	127.5	1.04329	0.0849
-18.0	127.5	1.08063	0.0759
-13.5	127.5	1.01226	0.0647
-9.0	127.5	0.9671	0.0577
-4.5	127.5	0.91935	0.0513
0.0	127.5	0.91112	0.0512
4.5	127.5	0.939544	0.0483
9.0	127.5	0.94429	0.0642
13.5	127.5	0.998644	0.054
18.0	127.5	0.866492	0.0452
22.5	127.5	1.01985	0.0606
27.0	127.5	0.946138	0.0629
31.5	127.5	0.913098	0.035
36.0	127.5	0.943794	0.039
40.5	127.5	0.955731	0.0436
45.0	127.5	0.926622	0.0447
49.5	127.5	0.952166	0.0382
54.0	127.5	0.939315	0.0495
58.5	127.5	0.99768	0.0649
63.0	127.5	1.008	0.0561
67.5	127.5	0.984197	0.0466
72.0	127.5	0.846338	0.0293
76.5	127.5	0.838757	0.0364
81.0	127.5	0.864231	0.0445
85.5	127.5	0.785375	0.0388
90.0	127.5	0.852993	0.0509
94.5	127.5	0.844392	0.0404
99.0	127.5	0.785064	0.0549
103.5	127.5	0.706631	0.0329
108.0	127.5	0.734435	0.0576
112.5	127.5	0.755687	0.077
117.0	127.5	0.695653	0.0491
121.5	127.5	0.623224	0.0382
126.0	127.5	0.605205	0.0673
130.5	127.5	0.602729	0.0592
135.0	127.5	0.588159	0.0432
139.5	127.5	0.567832	0.0587
144.0	127.5	0.524975	0.0574
148.5	127.5	0.552224	0.0838
153.0	127.5	0.485537	0.0495
157.5	127.5	0.413245	0.0455
162.0	127.5	0.398019	0.045
166.5	127.5	0.417321	0.0699
171.0	127.5	0.389065	0.0723
175.5	127.5	0.347759	0.0528
180.0	127.5	0.289974	0.0527
184.5	127.5	0.328967	0.0668
189.0	127.5	0.243407	0.0424
193.5	127.5	0.261477	0.0573
198.0	127.5	0.238608	0.0464
202.5	127.5	0.265744	0.0871
207.0	127.5	0.21822	0.0583
211.5	127.5	0.184901	0.0523
216.0	127.5	0.184363	0.0554
220.5	127.5	0.187041	0.072
225.0	127.5	0.154953	0.06
229.5	127.5	0.149086	0.0649
234.0	127.5	0.142699	0.074
238.5	127.5	0.165255	0.1244
243.0	127.5	0.13323	0.0819
247.5	127.5	0.140237	0.0804
252.0	127.5	0.12519	0.0603
256.5	127.5	0.106261	0.0746
261.0	127.5	0.123856	0.0984
265.5	127.5	0.153875	0.1748
270.0	127.5	0.0993701	0.0666
274.5	127.5	0.0928747	0.0671
279.0	127.5	0.0926794	0.0695
283.5	127.5	0.0764466	0.0606
288.0	127.5	0.0849584	0.0672
292.5	127.5	0.0901886	0.0791
297.0	127.5	0.124912	0.16
301.5	127.5	0.0875661	0.0777
306.0	127.5	0.115858	0.232
310.5	127.5	0.0917348	0.1425
315.0	127.5	0.0791652	0.0824
319.5	127.5	0.0671636	0.0788
324.0	127.5	0.0704987	0.1052
328.5	127.5	0.0636129	0.0884
333.0	127.5	0.0694893	0.087
337.5	127.5	0.0665617	0.0872
342.0	127.5	0.0872068	0.1492
346.5	127.5	0.0586075	0.0848
351.0	127.5	0.07792	0.1466
355.5	127.5	0.0648522	0.0926
360.0	127.5	0.0551566	0.0904
364.5	127.5	0.0616438	0.1052
369.0	127.5	0.0616663	0.1355
373.5	127.5	0.0723885	0.2307
378.0	127.5	0.0547081	0.1123
382.5	127.5	0.0880493	0.2337
387.0	127.5	0.0620343	0.1396
391.5	127.5	0.0667656	0.1892
396.0	127.5	0.07229	0.26
400.5	127.5	0.0424112	0.1198
405.0	127.5	0.037683	0.1298
409.5	127.5	0.0308902	0.1275
414.0	127.5	0.0334599	0.1584
418.5	127.5	0.0463145	0.2638
423.0	127.5	0.0350348	0.2267
427.5	127.5	0.0308293	0.1185
432.0	127.5	0.0452051	0.2151
436.5	127.5	0.0301893	0.1123
441.0	127.5	0.0508705	0.2007
445.5	127.5	0.0505965	0.1886
-450.0	130.067	0.0218852	0.1274
-445.5	130.067	0.0367566	0.4308
-441.0	130.067	0.0219939	0.1415
-436.5	130.067	0.0252986	0.1648
-432.0	130.067	0.0260096	0.189
-427.5	130.067	0.0406653	0.3264
-423.0	130.067	0.033099	0.1863
-418.5	130.067	0.0210119	0.1556
-414.0	130.067	0.0365411	0.2685
-409.5	130.067	0.0238312	0.1173
-405.0	130.067	0.0418244	0.3404
-400.5	130.067	0.0322108	0.1125
-396.0	130.067	0.0454861	0.2925
-391.5	130.067	0.0344208	0.1412
-387.0	130.067	0.0294607	0.1403
-382.5	130.067	0.0445807	0.3082
-378.0	130.067	0.0355757	0.1375
-373.5	130.067	0.0350937	0.1481
-369.0	130.067	0.0386847	0.1113
-364.5	130.067	0.0674264	0.2428
-360.0	130.067	0.045376	0.1706
-355.5	130.067	0.0383972	0.0951
-351.0	130.067	0.0536529	0.1707
-346.5	130.067	0.0500908	0.1046
-342.0	130.067	0.0433347	0.0986
-337.5	130.067	0.0418339	0.0932
-333.0	130.067	0.0496196	0.0814
-328.5	130.067	0.0447585	0.085
-324.0	130.067	0.0577332	0.1052
-319.5	130.067	0.0741776	0.1552
-315.0	130.067	0.0629702	0.096
-310.5	130.067	0.0701981	0.1073
-306.0	130.067	0.0675909	0.0896
-301.5	130.067	0.0611354	0.0974
-297.0	130.067	0.0710532	0.0742
-292.5	130.067	0.0776655	0.0859
-288.0	130.067	0.0974887	0.1579
-283.5	130.067	0.077544	0.0678
-279.0	130.067	0.0847656	0.0996
-274.5	130.067	0.0807414	0.0663
-270.0	130.067	0.0888863	0.0608
-265.5	130.067	0.105346	0.0827
-261.0	130.067	0.119486	0.072
-256.5	130.067	0.122016	0.0607
-252.0	130.067	0.13539	0.0692
-247.5	130.067	0.15715	0.0844
-243.0	130.067	0.174355	0.0919
-238.5	130.067	0.160641	0.0644
-234.0	130.067	0.203498	0.0743
-229.5	130.067	0.187063	0.0579
-225.0	130.067	0.227506	0.0723
-220.5	130.067	0.242348	0.0609
-216.0	130.067	0.237084	0.0455
-211.5	130.067	0.272693	0.0572
-207.0	130.067	0.301373	0.0533
-202.5	130.067	0.326301	0.0655
-198.0	130.067	0.344763	0.0542
-193.5	130.067	0.408005	0.0903
-189.0	130.067	0.430218	0.0743
-184.5	130.067	0.423758	0.048
-180.0	130.067	0.445005	0.0522
-175.5	130.067	0.483829	0.0636
-171.0	130.067	0.544184	0.0819
-166.5	130.067	0.479596	0.0427
-162.0	130.067	0.531653	0.0509
-157.5	130.067	0.525702	0.0391
-153.0	130.067	0.540385	0.0565
-148.5	130.067	0.589749	0.055
-144.0	130.067	0.565995	0.0408
-139.5	130.067	0.620648	0.069
-135.0	130.067	0.596012	0.0379
-130.5	130.067	0.680234	0.0552
-126.0	130.067	0.657045	0.0595
-121.5	130.067	0.646475	0.0464
-117.0	130.067	0.68703	0.0503
-112.5	130.067	0.682014	0.0433
-108.0	130.067	0.621567	0.0304
-103.5	130.067	0.714183	0.0528
-99.0	130.067	0.680475	0.0395
-94.5	130.067	0.682416	0.0338
-90.0	130.067	0.779592	0.0595
-85.5	130.067	0.814938	0.044
-81.0	130.067	0.871032	0.0607
-76.5	130.067	0.840088	0.0391
-72.0	130.067	0.879608	0.0605
-67.5	130.067	0.832804	0.0336
-63.0	130.067	0.893821	0.0408
-58.5	130.067	0.945662	0.0532
-54.0	130.067	1.04672	0.0745
-49.5	130.067	1.04191	0.0826
-45.0	130.067	1.07225	0.0701
-40.5	130.067	0.916441	0.047
-36.0	130.067	0.969652	0.0708
-31.5	130.067	1.1416	0.0946
-27.0	130.067	0.999629	0.1444
-22.5	130.067	1.12139	0.0985
-18.0	130.067	0.942563	0.0726
-13.5	130.067	0.965087	0.0721
-9.0	130.067	0.859904	0.0436
-4.5	130.067	0.923666	0.053
0.0	130.067	0.902425	0.0473
4.5	130.067	0.934234	0.0828
9.0	130.067	0.813097	0.0379
13.5	130.067	0.9024	0.0537
18.0	130.067	0.969223	0.0858
22.5	130.067	0.908311	0.0511
27.0	130.067	0.890803	0.0522
31.5	130.067	0.809745	0.0267
36.0	130.067	0.862335	0.0408
40.5	130.067	0.89619	0.0372
45.0	130.067	0.891357	0.0429
49.5	130.067	0.933441	0.0538
54.0	130.067	0.909221	0.0403
58.5	130.067	0.867972	0.0404
63.0	130.067	0.784368	0.0344
67.5	130.067	0.899817	0.0471
72.0	130.067	0.824704	0.051
76.5	130.067	0.791472	0.0408
81.0	130.067	0.810424	0.0465
85.5	130.067	0.811486	0.0407
90.0	130.067	0.84392	0.0538
94.5	130.067	0.780497	0.0491
99.0	130.067	0.715642	0.0539
103.5	130.067	0.723951	0.0487
108.0	130.067	0.678325	0.0469
112.5	130.067	0.690084	0.0699
117.0	130.067	0.637651	0.0433
121.5	130.067	0.638746	0.0528
126.0	130.067	0.579256	0.0447
130.5	130.067	0.519957	0.0356
135.0	130.067	0.55724	0.0622
139.5	130.067	0.47269	0.0408
144.0	130.067	0.527325	0.0664
148.5	130.067	0.434227	0.0479
153.0	130.067	0.462156	0.0762
157.5	130.067	0.463889	0.0767
162.0	130.067	0.383009	0.0417
166.5	130.067	0.412504	0.0882
171.0	130.067	0.333753	0.0531
175.5	130.067	0.364677	0.118
180.0	130.067	0.318591	0.0627
184.5	130.067	0.296115	0.099
189.0	130.067	0.277722	0.0598
193.5	130.067	0.281572	0.0751
198.0	130.067	0.259276	0.0804
202.5	130.067	0.241008	0.0672
207.0	130.067	0.213387	0.0792
211.5	130.067	0.19683	0.0735
216.0	130.067	0.178603	0.0557
220.5	130.067	0.161205	0.0544
225.0	130.067	0.17779	0.101
229.5	130.067	0.14227	0.0766
234.0	130.067	0.14439	0.0682
238.5	130.067	0.134279	0.0643
243.0	130.067	0.129121	0.0849
247.5	130.067	0.143731	0.0989
252.0	130.067	0.117155	0.0588
256.5	130.067	0.1034	0.0509
261.0	130.067	0.121955	0.0824
265.5	130.067	0.118047	0.0972
270.0	130.067	0.104649	0.0835
274.5	130.067	0.101541	0.0748
279.0	130.067	0.0956028	0.0795
283.5	130.067	0.0883567	0.0646
288.0	130.067	0.101935	0.2176
292.5	130.067	0.0762211	0.0697
297.0	130.067	0.084684	0.0923
301.5	130.067	0.105299	0.1952
306.0	130.067	0.0847601	0.131
310.5	130.067	0.0806705	0.1296
315.0	130.067	0.0884459	0.1007
319.5	130.067	0.0688116	0.1376
324.0	130.067	0.0607005	0.0699
328.5	130.067	0.0780121	0.0825
333.0	130.067	0.0964541	0.1556
337.5	130.067	0.0790622	0.0776
342.0	130.067	0.0818218	0.13
346.5	130.067	0.0838857	0.1533
351.0	130.067	0.0650286	0.1247
355.5	130.067	0.0754163	0.1504
360.0	130.067	0.0644195	0.1522
364.5	130.067	0.0656484	0.1588
369.0	130.067	0.0733408	0.2164
373.5	130.067	0.0605606	0.1024
378.0	130.067	0.0571014	0.129
382.5	130.067	0.0565704	0.1171
387.0	130.067	0.0690452	0.285
391.5	130.067	0.0598066	0.1472
396.0	130.067	0.0566783	0.1768
400.5	130.067	0.041907	0.1264
405.0	130.067	0.0690555	0.366
409.5	130.067	0.0429419	0.2476
414.0	130.067	0.0316056	0.1923
418.5	130.067	0.0313579	0.1325
423.0	130.067	0.0269657	0.1298
427.5	130.067	0.0320478	0.1717
432.0	130.067	0.0352349	0.1329
436.5	130.067	0.0365556	0.1107
441.0	130.067	0.0529336	0.2643
445.5	130.067	0.0431107	0.1483
-450.0	132.633	0.032753	0.1846
-445.5	132.633	0.0273781	0.3558
-441.0	132.633	0.0174611	0.123
-436.5	132.633	0.0164062	0.1327
-432.0	132.633	0.0288313	0.2166
-427.5	132.633	0.0222944	0.1391
-423.0	132.633	0.0232183	0.1124
-418.5	132.633	0.0202563	0.1532
-414.0	132.633	0.0209095	0.1151
-409.5	132.633	0.0317846	0.1924
-405.0	132.633	0.0237699	0.121
-400.5	132.633	0.0253878	0.126
-396.0	132.633	0.0487599	0.2908
-391.5	132.633	0.0302135	0.118
-387.0	132.633	0.0389091	0.2045
-382.5	132.633	0.0284469	0.0964
-378.0	132.633	0.0281978	0.0974
-373.5	132.633	0.0437771	0.2361
-369.0	132.633	0.0349968	0.1364
-364.5	132.633	0.0337004	0.0897
-360.0	132.633	0.0479758	0.1655
-355.5	132.633	0.0522098	0.1226
-351.0	132.633	0.0449987	0.0956
-346.5	132.633	0.0553461	0.1839
-342.0	132.633	0.0515183	0.1105
-337.5	132.633	0.04802	0.1094
-333.0	132.633	0.0577113	0.1337
-328.5	132.633	0.0523481	0.0848
-324.0	132.633	0.0592617	0.1091
-319.5	132.633	0.0661687	0.225
-315.0	132.633	0.057757	0.0993
-310.5	132.633	0.0746077	0.1314
-306.0	132.633	0.0579215	0.0872
-301.5	132.633	0.0626089	0.0742
-297.0	132.633	0.118632	0.3087
-292.5	132.633	0.086997	0.1352
-288.0	132.633	0.0761692	0.0715
-283.5	132.633	0.0928532	0.1124
-279.0	132.633	0.077961	0.0782
-274.5	132.633	0.0817847	0.0766
-270.0	132.633	0.0924173	0.0753
-265.5	132.633	0.102763	0.075
-261.0	132.633	0.106657	0.0654
-256.5	132.633	0.121964	0.0867
-252.0	132.633	0.12602	0.075
-247.5	132.633	0.154355	0.0702
-243.0	132.633	0.157171	0.0634
-238.5	132.633	0.181321	0.0832
-234.0	132.633	0.193273	0.0698
-229.5	132.633	0.181304	0.0529
-225.0	132.633	0.212825	0.0534
-220.5	132.633	0.228759	0.0632
-216.0	132.633	0.231326	0.0616
-211.5	132.633	0.264376	0.1149
-207.0	132.633	0.349749	0.0944
-202.5	132.633	0.309887	0.0559
-198.0	132.633	0.327859	0.0576
-193.5	132.633	0.393836	0.0755
-189.0	132.633	0.350495	0.0455
-184.5	132.633	0.414205	0.05
-180.0	132.633	0.39341	0.0442
-175.5	132.633	0.44137	0.0543
-171.0	132.633	0.487596	0.0682
-166.5	132.633	0.509747	0.0541
-162.0	132.633	0.464688	0.048
-157.5	132.633	0.523154	0.0528
-153.0	132.633	0.553305	0.0548
-148.5	132.633	0.542853	0.0467
-144.0	132.633	0.542594	0.0513
-139.5	132.633	0.533665	0.0423
-135.0	132.633	0.581397	0.0501
-130.5	132.633	0.584713	0.0426
-126.0	132.633	0.596063	0.0372
-121.5	132.633	0.614289	0.0432
-117.0	132.633	0.632753	0.0461
-112.5	132.633	0.646742	0.0412
-108.0	132.633	0.746894	0.1063
-103.5	132.633	0.680968	0.0368
-99.0	132.633	0.615253	0.0328
-94.5	132.633	0.654343	0.0282
-90.0	132.633	0.693949	0.0378
-85.5	132.633	0.714981	0.0357
-81.0	132.633	0.832095	0.0644
-76.5	132.633	0.792329	0.0479
-72.0	132.633	0.843947	0.0603
-67.5	132.633	0.864064	0.0697
-63.0	132.633	0.900464	0.0573
-58.5	132.633	0.849834	0.0649
-54.0	132.633	0.893825	0.0501
-49.5	132.633	0.903311	0.0434
-45.0	132.633	0.960817	0.0646
-40.5	132.633	1.01464	0.0891
-36.0	132.633	1.09149	0.0881
-31.5	132.633	0.951087	0.0775
-27.0	132.633	4.73073	0.8215
-22.5	132.633	0.90736	0.0797
-18.0	132.633	0.898961	0.077
-13.5	132.633	0.847013	0.0631
-9.0	132.633	0.919227	0.0768
-4.5	132.633	0.829947	0.0542
0.0	132.633	0.760129	0.0373
4.5	132.633	0.889688	0.0669
9.0	132.633	0.830682	0.0655
13.5	132.633	0.905176	0.0708
18.0	132.633	0.854296	0.0593
22.5	132.633	0.885646	0.048
27.0	132.633	0.847698	0.0487
31.5	132.633	0.948138	0.0672
36.0	132.633	0.839829	0.0347
40.5	132.633	0.822255	0.0442
45.0	132.633	0.911103	0.0758
49.5	132.633	0.820436	0.0357
54.0	132.633	0.787651	0.0316
58.5	132.633	0.795016	0.0381
63.0	132.633	0.87704	0.063
67.5	132.633	0.82671	0.0523
72.0	132.633	0.79169	0.0477
76.5	132.633	0.807242	0.0455
81.0	132.633	0.81033	0.0734
85.5	132.633	0.827424	0.0521
90.0	132.633	0.855786	0.1078
94.5	132.633	0.651312	0.0363
99.0	132.633	0.689216	0.0407
103.5	132.633	0.663467	0.0435
108.0	132.633	0.643948	0.0531
112.5	132.633	0.599179	0.0448
117.0	132.633	0.617323	0.0541
121.5	132.633	0.560981	0.0387
126.0	132.633	0.56144	0.0428
130.5	132.633	0.547309	0.0694
135.0	132.633	0.497255	0.0474
139.5	132.633	0.467399	0.0419
144.0	132.633	0.431073	0.038
148.5	132.633	0.400312	0.0388
153.0	132.633	0.432942	0.0712
157.5	132.633	0.412403	0.0736
162.0	132.633	0.332504	0.0372
166.5	132.633	0.367296	0.1039
171.0	132.633	0.338285	0.0836
175.5	132.633	0.300941	0.095
180.0	132.633	0.260981	0.0456
184.5	132.633	0.240137	0.0404
189.0	132.633	0.268827	0.076
193.5	132.633	0.248636	0.0616
198.0	132.633	0.259101	0.083
202.5	132.633	0.198232	0.0616
207.0	132.633	0.202968	0.0864
211.5	132.633	0.213031	0.1179
216.0	132.633	0.160384	0.0806
220.5	132.633	0.165192	0.0799
225.0	132.633	0.168692	0.1121
229.5	132.633	0.153649	0.067
234.0	132.633	0.147179	0.0743
238.5	132.633	0.141763	0.0821
243.0	132.633	0.125949	0.0822
247.5	132.633	0.133464	0.0824
252.0	132.633	0.126986	0.147
256.5	132.633	0.109935	0.0592
261.0	132.633	0.13431	0.1462
265.5	132.633	0.122965	0.1065
270.0	132.633	0.112418	0.1297
274.5	132.633	0.0924587	0.078
279.0	132.633	0.093987	0.075
283.5	132.633	0.0864277	0.075
288.0	132.633	0.0814763	0.0863
292.5	132.633	0.0809493	0.0721
297.0	132.633	0.0837572	0.0784
301.5	132.633	0.0817976	0.072
306.0	132.633	0.0766863	0.0879
310.5	132.633	0.0732166	0.0788
315.0	132.633	0.0810104	0.137
319.5	132.633	0.0783596	0.1255
324.0	132.633	0.0751317	0.0849
328.5	132.633	0.064447	0.0774
333.0	132.633	0.054422	0.0855
337.5	132.633	0.0717685	0.0863
342.0	132.633	0.0838903	0.1311
346.5	132.633	0.0765722	0.1403
351.0	132.633	0.072901	0.1262
355.5	132.633	0.0677592	0.1553
360.0	132.633	0.0551203	0.0774
364.5	132.633	0.0620366	0.1087
369.0	132.633	0.0625517	0.1096
373.5	132.633	0.0584236	0.1325
378.0	132.633	0.0566512	0.1383
382.5	132.633	0.0463776	0.1038
387.0	132.633	0.0472674	0.1133
391.5	132.633	0.0483492	0.1373
396.0	132.633	0.0491457	0.143
400.5	132.633	0.0409554	0.1234
405.0	132.633	0.0568302	0.2654
409.5	132.633	0.0269262	0.1078
414.0	132.633	0.0433223	0.2899
418.5	132.633	0.0360743	0.1422
423.0	132.633	0.0317476	0.1869
427.5	132.633	0.0255444	0.1178
432.0	132.633	0.0297081	0.1178
436.5	132.633	0.0319327	0.1351
441.0	132.633	0.0435706	0.1815
445.5	132.633	0.0477871	0.1607
-450.0	135.2	0.033914	0.2365
-445.5	135.2	0.03641	0.1677
-441.0	135.2	0.0194061	0.164
-436.5	135.2	0.0236843	0.1655
-432.0	135.2	0.0221868	0.1379
-427.5	135.2	0.0237766	0.1188
-423.0	135.2	0.024297	0.1665
-418.5	135.2	0.0171012	0.1418
-414.0	135.2	0.0201024	0.1483
-409.5	135.2	0.0289413	0.1375
-405.0	135.2	0.0448489	0.2266
-400.5	135.2	0.0246862	0.1194
-396.0	135.2	0.0259735	0.1397
-391.5	135.2	0.0272557	0.1222
-387.0	135.2	0.035393	0.1356
-382.5	135.2	0.0401678	0.1475
-378.0	135.2	0.036274	0.1426
-373.5	135.2	0.0330079	0.126
-369.0	135.2	0.0375203	0.1086
-364.5	135.2	0.0447661	0.1064
-360.0	135.2	0.0447301	0.0866
-355.5	135.2	0.0620698	0.3598
-351.0	135.2	0.0465235	0.0883
-346.5	135.2	0.0508316	0.1565
-342.0	135.2	0.0455382	0.1411
-337.5	135.2	0.0420637	0.0786
-333.0	135.2	0.0514811	0.0931
-328.5	135.2	0.0530321	0.0941
-324.0	135.2	0.0644097	0.1398
-319.5	135.2	0.0506376	0.0825
-315.0	135.2	0.0606653	0.1595
-310.5	135.2	0.065829	0.1426
-306.0	135.2	0.0688512	0.0933
-301.5	135.2	0.0693533	0.0995
-297.0	135.2	0.0879748	0.1999
-292.5	135.2	0.0691121	0.0811
-288.0	135.2	0.0651426	0.1044
-283.5	135.2	0.0795228	0.0694
-279.0	135.2	0.0824135	0.0724
-274.5	135.2	0.0839756	0.1039
-270.0	135.2	0.0846867	0.0683
-265.5	135.2	0.100365	0.0706
-261.0	135.2	0.11398	0.0711
-256.5	135.2	0.106908	0.0763
-252.0	135.2	0.125404	0.0705
-247.5	135.2	0.132799	0.0582
-243.0	135.2	0.137022	0.0557
-238.5	135.2	0.163324	0.0903
-234.0	135.2	0.203866	0.1546
-229.5	135.2	0.206891	0.0966
-225.0	135.2	0.235731	0.0798
-220.5	135.2	0.223622	0.065
-216.0	135.2	0.23355	0.0543
-211.5	135.2	0.250991	0.0518
-207.0	135.2	0.302869	0.0721
-202.5	135.2	0.311572	0.0574
-198.0	135.2	0.306969	0.0438
-193.5	135.2	0.360863	0.0645
-189.0	135.2	0.349924	0.0509
-184.5	135.2	0.391663	0.064
-180.0	135.2	0.388575	0.0586
-175.5	135.2	0.434038	0.0491
-171.0	135.2	0.516349	0.0657
-166.5	135.2	0.496841	0.0803
-162.0	135.2	0.473327	0.0518
-157.5	135.2	0.472926	0.0401
-153.0	135.2	0.490632	0.0483
-148.5	135.2	0.48172	0.0445
-144.0	135.2	0.573475	0.0628
-139.5	135.2	0.554075	0.0646
-135.0	135.2	0.585591	0.0641
-130.5	135.2	0.581467	0.0625
-126.0	135.2	0.581626	0.0481
-121.5	135.2	0.559435	0.0548
-117.0	135.2	0.569833	0.0508
-112.5	135.2	0.625992	0.0643
-108.0	135.2	0.611158	0.0349
-103.5	135.2	0.635506	0.0777
-99.0	135.2	0.641717	0.0526
-94.5	135.2	0.641931	0.0463
-90.0	135.2	0.778847	0.0639
-85.5	135.2	0.699643	0.0376
-81.0	135.2	0.715411	0.044
-76.5	135.2	0.788727	0.0663
-72.0	135.2	0.781562	0.0479
-67.5	135.2	0.762104	0.0438
-63.0	135.2	0.809533	0.0616
-58.5	135.2	0.849753	0.0594
-54.0	135.2	0.757207	0.0394
-49.5	135.2	0.774512	0.0375
-45.0	135.2	0.895636	0.0506
-40.5	135.2	0.908028	0.0579
-36.0	135.2	0.939502	0.0718
-31.5	135.2	0.832649	0.0751
-27.0	135.2	1.08699	0.1605
-22.5	135.2	1.45786	0.3503
-18.0	135.2	0.901582	0.0719
-13.5	135.2	0.821722	0.0709
-9.0	135.2	0.862799	0.0646
-4.5	135.2	0.974185	0.2137
0.0	135.2	0.736253	0.0373
4.5	135.2	0.789241	0.0414
9.0	135.2	0.719558	0.0335
13.5	135.2	0.855826	0.0717
18.0	135.2	0.746535	0.0399
22.5	135.2	0.769132	0.0371
27.0	135.2	0.882514	0.0652
31.5	135.2	0.853781	0.0628
36.0	135.2	0.791354	0.0595
40.5	135.2	0.812221	0.0496
45.0	135.2	0.796189	0.0558
49.5	135.2	0.825075	0.0692
54.0	135.2	0.837301	0.0546
58.5	135.2	0.753799	0.0488
63.0	135.2	0.823462	0.0593
67.5	135.2	0.738704	0.0422
72.0	135.2	0.790747	0.0636
76.5	135.2	0.693001	0.0354
81.0	135.2	0.752455	0.0665
85.5	135.2	0.770192	0.0559
90.0	135.2	0.729347	0.0517
94.5	135.2	0.699051	0.0507
99.0	135.2	0.763702	0.1008
103.5	135.2	0.667444	0.0459
108.0	135.2	0.601551	0.0443
112.5	135.2	0.565325	0.0381
117.0	135.2	0.58528	0.0517
121.5	135.2	0.507929	0.0505
126.0	135.2	0.510116	0.053
130.5	135.2	0.52602	0.0912
135.0	135.2	0.482841	0.0597
139.5	135.2	0.417713	0.0368
144.0	135.2	0.413317	0.043
148.5	135.2	0.441216	0.0645
153.0	135.2	0.387456	0.056
157.5	135.2	0.437829	0.0871
162.0	135.2	0.328042	0.0449
166.5	135.2	0.287887	0.0417
171.0	135.2	0.280517	0.0563
175.5	135.2	0.266277	0.0425
180.0	135.2	0.296765	0.0808
184.5	135.2	0.247085	0.0653
189.0	135.2	0.233644	0.0659
193.5	135.2	0.202595	0.0644
198.0	135.2	0.209352	0.0481
202.5	135.2	0.17499	0.0466
207.0	135.2	0.190667	0.076
211.5	135.2	0.193931	0.0685
216.0	135.2	0.15699	0.0492
220.5	135.2	0.158778	0.1531
225.0	135.2	0.148518	0.0897
229.5	135.2	0.145756	0.0859
234.0	135.2	0.133538	0.0745
238.5	135.2	0.133386	0.0724
243.0	135.2	0.12089	0.0764
247.5	135.2	0.151556	0.1409
252.0	135.2	0.122173	0.1338
256.5	135.2	0.106613	0.0747
261.0	135.2	0.103128	0.0777
265.5	135.2	0.106856	0.0847
270.0	135.2	0.114942	0.1552
274.5	135.2	0.119899	0.1936
279.0	135.2	0.108682	0.0956
283.5	135.2	0.0938223	0.0816
288.0	135.2	0.0903826	0.0975
292.5	135.2	0.0807917	0.1103
297.0	135.2	0.0870964	0.1268
301.5	135.2	0.0957384	0.202
306.0	135.2	0.0798969	0.1298
310.5	135.2	0.0822571	0.1426
315.0	135.2	0.0852154	0.1362
319.5	135.2	0.0695776	0.0772
324.0	135.2	0.0648013	0.0933
328.5	135.2	0.0750251	0.1107
333.0	135.2	0.0679423	0.1006
337.5	135.2	0.0598262	0.0737
342.0	135.2	0.0702327	0.0966
346.5	135.2	0.0636525	0.0823
351.0	135.2	0.0659693	0.1134
355.5	135.2	0.0535717	0.0967
360.0	135.2	0.0597004	0.0994
364.5	135.2	0.0572546	0.1164
369.0	135.2	0.0697857	0.1482
373.5	135.2	0.0813485	0.2205
378.0	135.2	0.0694122	0.3047
382.5	135.2	0.0468297	0.0884
387.0	135.2	0.0466894	0.1066
391.5	135.2	0.04856	0.2299
396.0	135.2	0.0389898	0.1285
400.5	135.2	0.0438878	0.166
405.0	135.2	0.050902	0.2311
409.5	135.2	0.0354537	0.1199
414.0	135.2	0.0301416	0.152
418.5	135.2	0.037734	0.2212
423.0	135.2	0.0403576	0.1662
427.5	135.2	0.0490497	0.3004
432.0	135.2	0.0340301	0.1905
436.5	135.2	0.0302807	0.1217
441.0	135.2	0.0493632	0.1801
445.5	135.2	0.0394385	0.1263
-450.0	137.767	0.0290692	0.3033
-445.5	137.767	0.0217828	0.1495
-441.0	137.767	0.0190049	0.1086
-436.5	137.767	0.0408725	0.31
-432.0	137.767	0.0173228	0.1055
-427.5	137.767	0.0152798	0.1727
-423.0	137.767	0.020537	0.1239
-418.5	137.767	0.0207138	0.1367
-414.0	137.767	0.019634	0.1785
-409.5	137.767	0.024796	0.1327
-405.0	137.767	0.0293256	0.1275
-400.5	137.767	0.0248689	0.1362
-396.0	137.767	0.0273388	0.2071
-391.5	137.767	0.0382535	0.2386
-387.0	137.767	0.0419875	0.3041
-382.5	137.767	0.0499988	0.4085
-378.0	137.767	0.0373593	0.1306
-373.5	137.767	0.0380967	0.1394
-369.0	137.767	0.0463849	0.3316
-364.5	137.767	0.0337243	0.094
-360.0	137.767	0.0339705	0.1122
-355.5	137.767	0.04195	0.0863
-351.0	137.767	0.0476964	0.1137
-346.5	137.767	0.0584362	0.2156
-342.0	137.767	0.0660252	0.1722
-337.5	137.767	0.0507668	0.1517
-333.0	137.767	0.0663393	0.1661
-328.5	137.767	0.0488206	0.0797
-324.0	137.767	0.0549595	0.1234
-319.5	137.767	0.0499018	0.0833
-315.0	137.767	0.0492183	0.0916
-310.5	137.767	0.0567798	0.0873
-306.0	137.767	0.061353	0.0836
-301.5	137.767	0.0687344	0.1322
-297.0	137.767	0.102225	0.249
-292.5	137.767	0.0909964	0.1071
-288.0	137.767	0.0700288	0.076
-283.5	137.767	0.0748814	0.0739
-279.0	137.767	0.0877641	0.085
-274.5	137.767	0.0838269	0.1081
-270.0	137.767	0.10743	0.1481
-265.5	137.767	0.10588	0.1926
-261.0	137.767	0.11599	0.0918
-256.5	137.767	0.111865	0.0955
-252.0	137.767	0.141035	0.0973
-247.5	137.767	0.137865	0.0643
-243.0	137.767	0.144441	0.0662
-238.5	137.767	0.164877	0.0757
-234.0	137.767	0.192624	0.0816
-229.5	137.767	0.219305	0.0976
-225.0	137.767	0.244051	0.0923
-220.5	137.767	0.214571	0.0566
-216.0	137.767	0.268118	0.1114
-211.5	137.767	0.266031	0.0628
-207.0	137.767	0.286307	0.0649
-202.5	137.767	0.306943	0.077
-198.0	137.767	0.286283	0.0552
-193.5	137.767	0.333335	0.0504
-189.0	137.767	0.361154	0.0693
-184.5	137.767	0.373394	0.0667
-180.0	137.767	0.395959	0.0551
-175.5	137.767	0.399504	0.0546
-171.0	137.767	0.489744	0.0787
-166.5	137.767	0.459957	0.0853
-162.0	137.767	0.424001	0.0667
-157.5	137.767	0.433855	0.0404
-153.0	137.767	0.587805	0.0636
-148.5	137.767	0.509305	0.0532
-144.0	137.767	0.508625	0.0472
-139.5	137.767	0.507891	0.0477
-135.0	137.767	0.525366	0.0496
-130.5	137.767	0.524375	0.0374
-126.0	137.767	0.554388	0.0534
-121.5	137.767	0.581288	0.0572
-117.0	137.767	0.520125	0.0315
-112.5	137.767	0.633468	0.0705
-108.0	137.767	0.599514	0.042
-103.5	137.767	0.613038	0.0574
-99.0	137.767	0.616457	0.067
-94.5	137.767	0.646363	0.0552
-90.0	137.767	0.624692	0.0524
-85.5	137.767	0.766868	0.0625
-81.0	137.767	0.683685	0.0574
-76.5	137.767	0.615003	0.0266
-72.0	137.767	0.701335	0.0476
-67.5	137.767	0.768577	0.056
-63.0	137.767	0.796545	0.0566
-58.5	137.767	0.79319	0.0632
-54.0	137.767	0.727907	0.0343
-49.5	137.767	0.812625	0.0496
-45.0	137.767	0.797285	0.0485
-40.5	137.767	0.870994	0.0564
-36.0	137.767	0.920149	0.0752
-31.5	137.767	0.821412	0.0729
-27.0	137.767	0.789614	0.0797
-22.5	137.767	0.836183	0.0696
-18.0	137.767	0.900798	0.0872
-13.5	137.767	0.796104	0.0574
-9.0	137.767	0.73974	0.0513
-4.5	137.767	0.779324	0.0708
0.0	137.767	0.837121	0.1453
4.5	137.767	0.72291	0.0486
9.0	137.767	0.689301	0.0611
13.5	137.767	0.771599	0.083
18.0	137.767	0.749424	0.057
22.5	137.767	0.737671	0.0423
27.0	137.767	0.783145	0.0542
31.5	137.767	0.956865	0.1235
36.0	137.767	0.712431	0.0464
40.5	137.767	0.76645	0.0555
45.0	137.767	0.762652	0.0574
49.5	137.767	0.715432	0.0438
54.0	137.767	0.77642	0.0543
58.5	137.767	0.711947	0.0531
63.0	137.767	0.735325	0.0583
67.5	137.767	0.738598	0.0509
72.0	137.767	0.776174	0.0744
76.5	137.767	0.673197	0.0497
81.0	137.767	0.663707	0.0881
85.5	137.767	0.678489	0.0594
90.0	137.767	0.637916	0.0424
94.5	137.767	0.599478	0.0386
99.0	137.767	0.602501	0.0636
103.5	137.767	0.593915	0.0525
108.0	137.767	0.595692	0.0703
112.5	137.767	0.514967	0.0391
117.0	137.767	0.514495	0.0357
121.5	137.767	0.471756	0.0381
126.0	137.767	0.512422	0.0805
130.5	137.767	0.454252	0.05
135.0	137.767	0.456031	0.0717
139.5	137.767	0.407514	0.0441
144.0	137.767	0.376502	0.0447
148.5	137.767	0.426376	0.06
153.0	137.767	0.410091	0.099
157.5	137.767	0.405222	0.1014
162.0	137.767	0.341774	0.081
166.5	137.767	0.306118	0.0657
171.0	137.767	0.282534	0.0849
175.5	137.767	0.264786	0.0433
180.0	137.767	0.252764	0.0493
184.5	137.767	0.249151	0.0573
189.0	137.767	0.227272	0.0945
193.5	137.767	0.239822	0.0842
198.0	137.767	0.189124	0.0885
202.5	137.767	0.187844	0.052
207.0	137.767	0.165867	0.055
211.5	137.767	0.175716	0.0769
216.0	137.767	0.167565	0.0785
220.5	137.767	0.14914	0.063
225.0	137.767	0.161921	0.1432
229.5	137.767	0.12891	0.0578
234.0	137.767	0.128507	0.109
238.5	137.767	0.123065	0.1172
243.0	137.767	0.114555	0.08
247.5	137.767	0.107354	0.0751
252.0	137.767	0.106328	0.1183
256.5	137.767	0.129799	0.1257
261.0	137.767	0.114461	0.1323
265.5	137.767	0.0949834	0.067
270.0	137.767	0.109165	0.1494
274.5	137.767	0.121594	0.2893
279.0	137.767	0.103437	0.1355
283.5	137.767	0.0917909	0.0776
288.0	137.767	0.0793244	0.0886
292.5	137.767	0.0997127	0.2033
297.0	137.767	0.0802477	0.0891
301.5	137.767	0.0667159	0.0677
306.0	137.767	0.0844348	0.126
310.5	137.767	0.0645816	0.0705
315.0	137.767	0.110996	0.1507
319.5	137.767	0.070409	0.0755
324.0	137.767	0.0713738	0.1509
328.5	137.767	0.0820821	0.1579
333.0	137.767	0.0697204	0.118
337.5	137.767	0.0725273	0.0908
342.0	137.767	0.0658097	0.1035
346.5	137.767	0.0635899	0.1055
351.0	137.767	0.0542487	0.1072
355.5	137.767	0.0603138	0.1202
360.0	137.767	0.0598403	0.1715
364.5	137.767	0.0720558	0.142
369.0	137.767	0.056252	0.0978
373.5	137.767	0.0578659	0.1055
378.0	137.767	0.0526742	0.0881
382.5	137.767	0.0483375	0.1165
387.0	137.767	0.0574006	0.2337
391.5	137.767	0.0438381	0.0947
396.0	137.767	0.0445888	0.0967
400.5	137.767	0.0412642	0.1463
405.0	137.767	0.0500406	0.1758
409.5	137.767	0.0358781	0.1281
414.0	137.767	0.0265766	0.1437
418.5	137.767	0.0305815	0.1334
423.0	137.767	0.0410016	0.2516
427.5	137.767	0.0279456	0.1083
432.0	137.767	0.0400985	0.1844
436.5	137.767	0.0347858	0.1391
441.0	137.767	0.0579955	0.3898
445.5	137.767	0.057263	0.3708
-450.0	140.333	0.0392231	0.2534
-445.5	140.333	0.0335134	0.229
-441.0	140.333	0.0238389	0.2138
-436.5	140.333	0.0168407	0.1252
-432.0	140.333	0.0183823	0.1159
-427.5	140.333	0.0204436	0.156
-423.0	140.333	0.0404044	0.5493
-418.5	140.333	0.0213245	0.1398
-414.0	140.333	0.0198601	0.1294
-409.5	140.333	0.030966	0.1633
-405.0	140.333	0.0205851	0.1187
-400.5	140.333	0.0441407	0.3984
-396.0	140.333	0.0308231	0.1213
-391.5	140.333	0.0299976	0.1342
-387.0	140.333	0.0327514	0.2421
-382.5	140.333	0.043435	0.4346
-378.0	140.333	0.0470647	0.3491
-373.5	140.333	0.0382486	0.1345
-369.0	140.333	0.0640743	0.4476
-364.5	140.333	0.0422729	0.2313
-360.0	140.333	0.052411	0.2058
-355.5	140.333	0.042128	0.1262
-351.0	140.333	0.0471214	0.1261
-346.5	140.333	0.0586639	0.2909
-342.0	140.333	0.048885	0.1875
-337.5	140.333	0.0466608	0.104
-333.0	140.333	0.064148	0.2991
-328.5	140.333	0.0397855	0.102
-324.0	140.333	0.0523543	0.2377
-319.5	140.333	0.0438341	0.0799
-315.0	140.333	0.0682554	0.2868
-310.5	140.333	0.0544057	0.096
-306.0	140.333	0.0557005	0.0768
-301.5	140.333	0.0693291	0.0873
-297.0	140.333	0.0664351	0.0805
-292.5	140.333	0.0669795	0.0849
-288.0	140.333	0.0784105	0.0931
-283.5	140.333	0.0729155	0.0746
-279.0	140.333	0.0891914	0.1107
-274.5	140.333	0.0940175	0.1016
-270.0	140.333	0.0819712	0.0665
-265.5	140.333	0.0900925	0.0939
-261.0	140.333	0.107303	0.1097
-256.5	140.333	0.102039	0.0714
-252.0	140.333	0.127555	0.1225
-247.5	140.333	0.159667	0.1377
-243.0	140.333	0.130201	0.055
-238.5	140.333	0.153498	0.0712
-234.0	140.333	0.180304	0.058
-229.5	140.333	0.191224	0.0896
-225.0	140.333	0.192656	0.0706
-220.5	140.333	0.201803	0.0601
-216.0	140.333	0.210927	0.059
-211.5	140.333	0.256486	0.0723
-207.0	140.333	0.272608	0.0546
-202.5	140.333	0.29165	0.0671
-198.0	140.333	0.284399	0.0689
-193.5	140.333	0.299331	0.0633
-189.0	140.333	0.366009	0.0658
-184.5	140.333	0.368123	0.0627
-180.0	140.333	0.385747	0.0614
-175.5	140.333	0.422342	0.0581
-171.0	140.333	0.400521	0.0511
-166.5	140.333	0.404218	0.0403
-162.0	140.333	0.378598	0.0475
-157.5	140.333	0.423491	0.0585
-153.0	140.333	0.502097	0.075
-148.5	140.333	0.439698	0.0403
-144.0	140.333	0.471604	0.0456
-139.5	140.333	0.477505	0.056
-135.0	140.333	0.486123	0.0533
-130.5	140.333	0.487489	0.0409
-126.0	140.333	0.529019	0.058
-121.5	140.333	0.527467	0.0402
-117.0	140.333	0.534289	0.0485
-112.5	140.333	0.574243	0.0671
-108.0	140.333	0.571819	0.0449
-103.5	140.333	0.548557	0.0375
-99.0	140.333	0.59463	0.0582
-94.5	140.333	0.643884	0.0746
-90.0	140.333	0.597059	0.033
-85.5	140.333	0.659258	0.0538
-81.0	140.333	0.671716	0.0791
-76.5	140.333	0.63497	0.0409
-72.0	140.333	0.647268	0.0379
-67.5	140.333	1.74714	0.5454
-63.0	140.333	0.833768	0.107
-58.5	140.333	0.751724	0.0587
-54.0	140.333	0.713298	0.0377
-49.5	140.333	0.805449	0.0625
-45.0	140.333	0.723948	0.054
-40.5	140.333	0.74454	0.05
-36.0	140.333	0.910257	0.0846
-31.5	140.333	0.772706	0.0666
-27.0	140.333	0.788969	0.076
-22.5	140.333	0.751375	0.0664
-18.0	140.333	0.77662	0.0667
-13.5	140.333	0.814743	0.0748
-9.0	140.333	0.713185	0.0597
-4.5	140.333	0.695407	0.0418
0.0	140.333	0.715799	0.0536
4.5	140.333	0.737181	0.0689
9.0	140.333	0.646047	0.0501
13.5	140.333	0.726651	0.0546
18.0	140.333	0.658863	0.0342
22.5	140.333	0.789077	0.0933
27.0	140.333	0.711611	0.0526
31.5	140.333	0.704101	0.0618
36.0	140.333	0.773571	0.0526
40.5	140.333	0.828192	0.0521
45.0	140.333	0.692956	0.0583
49.5	140.333	0.66667	0.0367
54.0	140.333	0.689881	0.0436
58.5	140.333	0.681387	0.0539
63.0	140.333	0.666342	0.0484
67.5	140.333	0.647199	0.0401
72.0	140.333	0.624078	0.0394
76.5	140.333	0.590306	0.0317
81.0	140.333	0.679676	0.0558
85.5	140.333	0.701466	0.0782
90.0	140.333	0.619736	0.0596
94.5	140.333	0.575927	0.0388
99.0	140.333	0.602855	0.0666
103.5	140.333	0.550595	0.0437
108.0	140.333	0.541308	0.0604
112.5	140.333	0.523192	0.0503
117.0	140.333	0.538577	0.0545
121.5	140.333	0.478039	0.0598
126.0	140.333	0.410394	0.0395
130.5	140.333	0.427897	0.0511
135.0	140.333	0.443062	0.0716
139.5	140.333	0.420716	0.0509
144.0	140.333	0.396576	0.0573
148.5	140.333	0.388783	0.04
153.0	140.333	0.327975	0.0404
157.5	140.333	0.322657	0.0469
162.0	140.333	0.31555	0.0571
166.5	140.333	0.312446	0.0738
171.0	140.333	0.266603	0.0599
175.5	140.333	0.247921	0.0495
180.0	140.333	0.241006	0.0683
184.5	140.333	0.242914	0.091
189.0	140.333	0.242762	0.073
193.5	140.333	0.184618	0.0692
198.0	140.333	0.213895	0.0929
202.5	140.333	0.203287	0.1127
207.0	140.333	0.155338	0.0562
211.5	140.333	0.162431	0.0751
216.0	140.333	0.160398	0.0701
220.5	140.333	0.15746	0.0829
225.0	140.333	0.13864	0.0647
229.5	140.333	0.1348	0.167
234.0	140.333	0.123154	0.0915
238.5	140.333	0.138223	0.0875
243.0	140.333	0.128353	0.1344
247.5	140.333	0.0946993	0.073
252.0	140.333	0.107862	0.0887
256.5	140.333	0.121991	0.2271
261.0	140.333	0.104125	0.1166
265.5	140.333	0.084295	0.0886
270.0	140.333	0.0801691	0.0938
274.5	140.333	0.0855163	0.0745
279.0	140.333	0.0838971	0.0919
283.5	140.333	0.0917088	0.1047
288.0	140.333	0.107928	0.2378
292.5	140.333	0.0883432	0.1112
297.0	140.333	0.0940485	0.1992
301.5	140.333	0.0838663	0.0899
306.0	140.333	0.0726851	0.0687
310.5	140.333	0.0760746	0.1235
315.0	140.333	0.0727449	0.101
319.5	140.333	0.0739469	0.088
324.0	140.333	0.0638895	0.0829
328.5	140.333	0.0697449	0.1354
333.0	140.333	0.0869362	0.1512
337.5	140.333	0.0570952	0.0944
342.0	140.333	0.0624185	0.0944
346.5	140.333	0.0640795	0.1306
351.0	140.333	0.0589015	0.128
355.5	140.333	0.0622959	0.1073
360.0	140.333	0.0604728	0.1576
364.5	140.333	0.0566842	0.1299
369.0	140.333	0.0688162	0.1609
373.5	140.333	0.08402	0.2902
378.0	140.333	0.059404	0.1019
382.5	140.333	0.0491683	0.1071
387.0	140.333	0.0480872	0.1394
391.5	140.333	0.0489643	0.1853
396.0	140.333	0.0418689	0.1395
400.5	140.333	0.0383754	0.1222
405.0	140.333	0.0270894	0.1016
409.5	140.333	0.0278963	0.1438
414.0	140.333	0.0336324	0.1607
418.5	140.333	0.0278198	0.1233
423.0	140.333	0.0280084	0.1417
427.5	140.333	0.039273	0.2466
432.0	140.333	0.0313879	0.1386
436.5	140.333	0.0353106	0.1408
441.0	140.333	0.0454907	0.2644
445.5	140.333	0.0317104	0.1161
-450.0	142.9	0.0227469	0.2318
-445.5	142.9	0.0164653	0.1126
-441.0	142.9	0.0278065	0.2411
-436.5	142.9	0.031249	0.1923
-432.0	142.9	0.0187176	0.1108
-427.5	142.9	0.0132846	0.1449
-423.0	142.9	0.0159315	0.1651
-418.5	142.9	0.01776	0.1356
-414.0	142.9	0.0214601	0.1289
-409.5	142.9	0.0211274	0.1561
-405.0	142.9	0.0236923	0.1466
-400.5	142.9	0.0349155	0.267
-396.0	142.9	0.0310296	0.1739
-391.5	142.9	0.0467734	0.1881
-387.0	142.9	0.0291706	0.1523
-382.5	142.9	0.0287073	0.1309
-378.0	142.9	0.0367409	0.1116
-373.5	142.9	0.0490207	0.2988
-369.0	142.9	0.0362645	0.1074
-364.5	142.9	0.0344753	0.0985
-360.0	142.9	0.0353327	0.1342
-355.5	142.9	0.0397285	0.094
-351.0	142.9	0.0350497	0.0861
-346.5	142.9	0.0438378	0.0968
-342.0	142.9	0.0430963	0.1303
-337.5	142.9	0.0419153	0.1005
-333.0	142.9	0.043763	0.121
-328.5	142.9	0.0525501	0.1224
-324.0	142.9	0.0674592	0.3166
-319.5	142.9	0.0494663	0.1202
-315.0	142.9	0.047054	0.0753
-310.5	142.9	0.0563503	0.1073
-306.0	142.9	0.0576459	0.1471
-301.5	142.9	0.0580792	0.0792
-297.0	142.9	0.0847606	0.1946
-292.5	142.9	0.0725902	0.0935
-288.0	142.9	0.0747494	0.0874
-283.5	142.9	0.0695763	0.1284
-279.0	142.9	0.0686681	0.0718
-274.5	142.9	0.0809179	0.073
-270.0	142.9	0.0766922	0.0681
-265.5	142.9	0.096218	0.0997
-261.0	142.9	0.113717	0.1253
-256.5	142.9	0.102812	0.0672
-252.0	142.9	0.105569	0.0728
-247.5	142.9	0.165925	0.117
-243.0	142.9	0.139167	0.0777
-238.5	142.9	0.154458	0.1034
-234.0	142.9	0.158313	0.0593
-229.5	142.9	0.183782	0.088
-225.0	142.9	0.21262	0.0817
-220.5	142.9	0.192063	0.0623
-216.0	142.9	0.226267	0.0723
-211.5	142.9	0.227914	0.067
-207.0	142.9	0.267136	0.0715
-202.5	142.9	0.282167	0.081
-198.0	142.9	0.269388	0.0551
-193.5	142.9	0.302793	0.0554
-189.0	142.9	0.320307	0.0581
-184.5	142.9	0.374006	0.0701
-180.0	142.9	0.364764	0.0519
-175.5	142.9	0.381702	0.0659
-171.0	142.9	0.352606	0.0528
-166.5	142.9	0.361055	0.0422
-162.0	142.9	0.384289	0.0405
-157.5	142.9	0.406493	0.0536
-153.0	142.9	0.441727	0.0651
-148.5	142.9	0.448485	0.0813
-144.0	142.9	0.463958	0.0483
-139.5	142.9	0.4162	0.0459
-135.0	142.9	0.480826	0.0509
-130.5	142.9	0.491898	0.0866
-126.0	142.9	0.475638	0.0369
-121.5	142.9	0.551175	0.0555
-117.0	142.9	0.542967	0.0806
-112.5	142.9	0.501108	0.0402
-108.0	142.9	0.568004	0.061
-103.5	142.9	0.531691	0.0413
-99.0	142.9	0.570445	0.055
-94.5	142.9	0.549635	0.0514
-90.0	142.9	0.630986	0.0684
-85.5	142.9	0.595942	0.0803
-81.0	142.9	0.651868	0.0555
-76.5	142.9	0.700601	0.0983
-72.0	142.9	0.608404	0.0451
-67.5	142.9	1.85949	0.6506
-63.0	142.9	0.663277	0.0529
-58.5	142.9	0.646973	0.0483
-54.0	142.9	0.713546	0.0517
-49.5	142.9	0.745199	0.0673
-45.0	142.9	0.706095	0.0622
-40.5	142.9	0.688223	0.0474
-36.0	142.9	0.722131	0.0579
-31.5	142.9	0.727991	0.0574
-27.0	142.9	0.750166	0.0724
-22.5	142.9	0.700216	0.058
-18.0	142.9	0.704055	0.0677
-13.5	142.9	0.673089	0.0481
-9.0	142.9	0.680302	0.0623
-4.5	142.9	0.78449	0.1032
0.0	142.9	0.691595	0.0504
4.5	142.9	0.665483	0.0455
9.0	142.9	0.611018	0.0484
13.5	142.9	0.754431	0.0928
18.0	142.9	0.723956	0.0805
22.5	142.9	0.695815	0.0597
27.0	142.9	0.737705	0.0896
31.5	142.9	0.654143	0.0411
36.0	142.9	0.708713	0.0621
40.5	142.9	0.691118	0.0432
45.0	142.9	0.614011	0.0318
49.5	142.9	0.679133	0.0585
54.0	142.9	0.67382	0.0642
58.5	142.9	0.653645	0.0518
63.0	142.9	0.629153	0.0385
67.5	142.9	0.627142	0.0608
72.0	142.9	0.660897	0.0583
76.5	142.9	0.669524	0.0699
81.0	142.9	0.619553	0.055
85.5	142.9	0.628102	0.0522
90.0	142.9	0.566202	0.0507
94.5	142.9	0.565618	0.055
99.0	142.9	0.640974	0.1219
103.5	142.9	0.518375	0.0531
108.0	142.9	0.569208	0.0909
112.5	142.9	0.574712	0.0828
117.0	142.9	0.483286	0.0502
121.5	142.9	0.527102	0.0983
126.0	142.9	0.476793	0.0618
130.5	142.9	0.409341	0.0611
135.0	142.9	0.402329	0.0735
139.5	142.9	0.411717	0.0598
144.0	142.9	0.405656	0.0743
148.5	142.9	0.350218	0.0467
153.0	142.9	0.337832	0.0867
157.5	142.9	0.303093	0.0513
162.0	142.9	0.335961	0.0834
166.5	142.9	0.278614	0.0497
171.0	142.9	0.24734	0.0502
175.5	142.9	0.265428	0.1036
180.0	142.9	0.201325	0.0478
184.5	142.9	0.218113	0.0587
189.0	142.9	0.203181	0.0548
193.5	142.9	0.205052	0.0847
198.0	142.9	0.211715	0.1008
202.5	142.9	0.163827	0.0565
207.0	142.9	0.190028	0.1326
211.5	142.9	0.149722	0.0673
216.0	142.9	0.152934	0.0801
220.5	142.9	0.156081	0.0763
225.0	142.9	0.162865	0.1139
229.5	142.9	0.12544	0.0705
234.0	142.9	0.113557	0.0661
238.5	142.9	0.122647	0.0964
243.0	142.9	0.0919774	0.0551
247.5	142.9	0.126324	0.1357
252.0	142.9	0.126376	0.1622
256.5	142.9	0.0950225	0.0732
261.0	142.9	0.088886	0.0745
265.5	142.9	0.10188	0.1082
270.0	142.9	0.094973	0.0981
274.5	142.9	0.0840844	0.0699
279.0	142.9	0.0873375	0.1034
283.5	142.9	0.0858415	0.1161
288.0	142.9	0.0993267	0.1157
292.5	142.9	0.078968	0.0771
297.0	142.9	0.0901581	0.1395
301.5	142.9	0.0746224	0.0972
306.0	142.9	0.0948171	0.1461
310.5	142.9	0.0638253	0.0751
315.0	142.9	0.0726686	0.0876
319.5	142.9	0.0739707	0.0961
324.0	142.9	0.0713568	0.092
328.5	142.9	0.0831263	0.1105
333.0	142.9	0.101544	0.2847
337.5	142.9	0.0831816	0.2889
342.0	142.9	0.0748679	0.107
346.5	142.9	0.0516562	0.1308
351.0	142.9	0.0552995	0.0947
355.5	142.9	0.0515638	0.1098
360.0	142.9	0.048544	0.0776
364.5	142.9	0.0682611	0.1413
369.0	142.9	0.0522644	0.1097
373.5	142.9	0.0689262	0.171
378.0	142.9	0.0423067	0.089
382.5	142.9	0.0510844	0.1412
387.0	142.9	0.0535542	0.3208
391.5	142.9	0.0404402	0.1065
396.0	142.9	0.0387347	0.1169
400.5	142.9	0.0544161	0.2287
405.0	142.9	0.0378239	0.1578
409.5	142.9	0.0370674	0.238
414.0	142.9	0.0355347	0.123
418.5	142.9	0.0318306	0.114
423.0	142.9	0.0294037	0.1451
427.5	142.9	0.0332932	0.1561
432.0	142.9	0.0541136	0.4254
436.5	142.9	0.0441945	0.3616
441.0	142.9	0.0301423	0.1083
445.5	142.9	0.0535285	0.259
-450.0	145.467	0.0260984	0.1258
-445.5	145.467	0.0218983	0.1335
-441.0	145.467	0.0224439	0.1519
-436.5	145.467	0.0220899	0.1616
-432.0	145.467	0.0165362	0.1287
-427.5	145.467	0.0202905	0.1444
-423.0	145.467	0.0181199	0.1343
-418.5	145.467	0.0172913	0.1697
-414.0	145.467	0.0164543	0.151
-409.5	145.467	0.0246385	0.1616
-405.0	145.467	0.02274	0.1413
-400.5	145.467	0.0248409	0.1193
-396.0	145.467	0.0303483	0.1222
-391.5	145.467	0.0396437	0.2748
-387.0	145.467	0.0316972	0.1785
-382.5	145.467	0.055429	0.4426
-378.0	145.467	0.0324961	0.1339
-373.5	145.467	0.0350596	0.1136
-369.0	145.467	0.0368918	0.1053
-364.5	145.467	0.0378634	0.1331
-360.0	145.467	0.0378098	0.1218
-355.5	145.467	0.0487169	0.2691
-351.0	145.467	0.035299	0.091
-346.5	145.467	0.0443925	0.1081
-342.0	145.467	0.042425	0.093
-337.5	145.467	0.0343156	0.0972
-333.0	145.467	0.0821143	0.2597
-328.5	145.467	0.0596744	0.2093
-324.0	145.467	0.0494871	0.1014
-319.5	145.467	0.041756	0.0878
-315.0	145.467	0.0649434	0.2037
-310.5	145.467	0.0710834	0.2172
-306.0	145.467	0.0714421	0.1686
-301.5	145.467	0.0524705	0.0767
-297.0	145.467	0.0844789	0.3433
-292.5	145.467	0.0634732	0.0844
-288.0	145.467	0.0655175	0.0889
-283.5	145.467	0.0786893	0.1443
-279.0	145.467	0.0659188	0.0633
-274.5	145.467	0.0785882	0.0787
-270.0	145.467	0.103432	0.1145
-265.5	145.467	0.0756487	0.0597
-261.0	145.467	0.0859485	0.062
-256.5	145.467	0.0977487	0.0637
-252.0	145.467	0.113491	0.0674
-247.5	145.467	0.122787	0.1058
-243.0	145.467	0.120161	0.0573
-238.5	145.467	0.143541	0.0796
-234.0	145.467	0.148895	0.0801
-229.5	145.467	0.179512	0.0836
-225.0	145.467	0.22234	0.0974
-220.5	145.467	0.187258	0.0572
-216.0	145.467	0.20528	0.0648
-211.5	145.467	0.223675	0.0641
-207.0	145.467	0.263503	0.0725
-202.5	145.467	0.311489	0.0695
-198.0	145.467	0.293138	0.0587
-193.5	145.467	0.296412	0.0501
-189.0	145.467	0.313934	0.069
-184.5	145.467	0.368112	0.0775
-180.0	145.467	0.364505	0.049
-175.5	145.467	0.330186	0.0541
-171.0	145.467	0.328691	0.0491
-166.5	145.467	0.385714	0.0731
-162.0	145.467	0.40827	0.0568
-157.5	145.467	0.378713	0.0555
-153.0	145.467	0.39785	0.0475
-148.5	145.467	0.400515	0.0536
-144.0	145.467	0.41333	0.0593
-139.5	145.467	0.467996	0.0632
-135.0	145.467	0.467481	0.0605
-130.5	145.467	0.427227	0.0405
-126.0	145.467	0.434464	0.039
-121.5	145.467	0.481912	0.0619
-117.0	145.467	0.508288	0.0656
-112.5	145.467	0.563649	0.0808
-108.0	145.467	0.483688	0.0481
-103.5	145.467	0.511636	0.0457
-99.0	145.467	0.509063	0.0515
-94.5	145.467	0.573202	0.0502
-90.0	145.467	0.592794	0.0503
-85.5	145.467	0.533534	0.0368
-81.0	145.467	0.580302	0.0416
-76.5	145.467	0.59175	0.042
-72.0	145.467	0.619638	0.0524
-67.5	145.467	1.81692	0.6661
-63.0	145.467	0.641363	0.042
-58.5	145.467	0.598692	0.0391
-54.0	145.467	0.636761	0.0565
-49.5	145.467	0.665203	0.0617
-45.0	145.467	0.691402	0.0658
-40.5	145.467	0.620386	0.0437
-36.0	145.467	0.722371	0.069
-31.5	145.467	0.763675	0.0659
-27.0	145.467	0.721982	0.0769
-22.5	145.467	0.766122	0.1161
-18.0	145.467	0.626224	0.0509
-13.5	145.467	0.655072	0.0508
-9.0	145.467	0.614152	0.0443
-4.5	145.467	0.689646	0.0899
0.0	145.467	0.596269	0.0412
4.5	145.467	0.603679	0.0422
9.0	145.467	0.662363	0.0805
13.5	145.467	0.591086	0.0365
18.0	145.467	0.60333	0.0532
22.5	145.467	0.591499	0.0348
27.0	145.467	0.61839	0.0446
31.5	145.467	0.688755	0.076
36.0	145.467	0.663597	0.0736
40.5	145.467	0.570949	0.0311
45.0	145.467	0.627889	0.0398
49.5	145.467	0.687918	0.0573
54.0	145.467	0.660717	0.0795
58.5	145.467	0.678843	0.0721
63.0	145.467	0.631763	0.0543
67.5	145.467	0.682925	0.0753
72.0	145.467	0.563424	0.0404
76.5	145.467	0.59352	0.0449
81.0	145.467	0.517504	0.0355
85.5	145.467	0.605773	0.0639
90.0	145.467	0.526348	0.0447
94.5	145.467	0.554025	0.0723
99.0	145.467	0.517194	0.0552
103.5	145.467	0.512666	0.0583
108.0	145.467	0.466222	0.0391
112.5	145.467	0.501315	0.0661
117.0	145.467	0.422019	0.039
121.5	145.467	0.4422	0.073
126.0	145.467	0.400086	0.0526
130.5	145.467	0.410841	0.0432
135.0	145.467	0.410378	0.0704
139.5	145.467	0.342429	0.049
144.0	145.467	0.34894	0.0582
148.5	145.467	0.357935	0.1111
153.0	145.467	0.333082	0.0533
157.5	145.467	0.303682	0.0524
162.0	145.467	0.26855	0.048
166.5	145.467	0.276773	0.0762
171.0	145.467	0.241456	0.0502
175.5	145.467	0.259066	0.0598
180.0	145.467	0.209787	0.0855
184.5	145.467	0.208109	0.0735
189.0	145.467	0.214054	0.0892
193.5	145.467	0.220648	0.1336
198.0	145.467	0.165907	0.049
202.5	145.467	0.149412	0.0573
207.0	145.467	0.15668	0.074
211.5	145.467	0.130854	0.0544
216.0	145.467	0.142687	0.0638
220.5	145.467	0.133003	0.0645
225.0	145.467	0.125081	0.0633
229.5	145.467	0.1166	0.0697
234.0	145.467	0.103506	0.074
238.5	145.467	0.109897	0.0942
243.0	145.467	0.12775	0.1398
247.5	145.467	0.134739	0.2214
252.0	145.467	0.0988498	0.08
256.5	145.467	0.0946723	0.0973
261.0	145.467	0.0820597	0.0839
265.5	145.467	0.0805309	0.0721
270.0	145.467	0.0838916	0.0664
274.5	145.467	0.079995	0.0832
279.0	145.467	0.0896827	0.1144
283.5	145.467	0.0766263	0.1155
288.0	145.467	0.0897705	0.118
292.5	145.467	0.0900688	0.1351
297.0	145.467	0.0923815	0.1711
301.5	145.467	0.0753119	0.0787
306.0	145.467	0.10064	0.1433
310.5	145.467	0.0791134	0.1869
315.0	145.467	0.0625807	0.0858
319.5	145.467	0.063878	0.0795
324.0	145.467	0.0735608	0.1598
328.5	145.467	0.0681455	0.1615
333.0	145.467	0.0786308	0.1009
337.5	145.467	0.0920429	0.2552
342.0	145.467	0.0717715	0.1373
346.5	145.467	0.0603458	0.1123
351.0	145.467	0.0563033	0.0931
355.5	145.467	0.0731333	0.2562
360.0	145.467	0.0573845	0.1306
364.5	145.467	0.0618894	0.1322
369.0	145.467	0.0647001	0.2137
373.5	145.467	0.0561245	0.1028
378.0	145.467	0.0432526	0.1203
382.5	145.467	0.0507663	0.1849
387.0	145.467	0.0534432	0.2258
391.5	145.467	0.049452	0.3296
396.0	145.467	0.0497074	0.2405
400.5	145.467	0.0394554	0.1121
405.0	145.467	0.0353603	0.1306
409.5	145.467	0.0382344	0.2274
414.0	145.467	0.0240654	0.126
418.5	145.467	0.029794	0.1426
423.0	145.467	0.029555	0.1405
427.5	145.467	0.0308034	0.169
432.0	145.467	0.0344482	0.1632
436.5	145.467	0.0419093	0.1641
441.0	145.467	0.0345303	0.1197
445.5	145.467	0.0459767	0.3356
-450.0	148.033	0.0291646	0.2859
-445.5	148.033	0.0353251	0.286
-441.0	148.033	0.0188749	0.1365
-436.5	148.033	0.0170767	0.1194
-432.0	148.033	0.0213553	0.1983
-427.5	148.033	0.0190092	0.1243
-423.0	148.033	0.0204222	0.1637
-418.5	148.033	0.0192846	0.1203
-414.0	148.033	0.02656	0.194
-409.5	148.033	0.0198416	0.1653
-405.0	148.033	0.019446	0.195
-400.5	148.033	0.0371482	0.2711
-396.0	148.033	0.0315649	0.2299
-391.5	148.033	0.0319864	0.1293
-387.0	148.033	0.0362468	0.2104
-382.5	148.033	0.0336369	0.1713
-378.0	148.033	0.0335103	0.1477
-373.5	148.033	0.0332713	0.1055
-369.0	148.033	0.0285398	0.1083
-364.5	148.033	0.0357198	0.2329
-360.0	148.033	0.0492027	0.2855
-355.5	148.033	0.0348387	0.1154
-351.0	148.033	0.037676	0.1463
-346.5	148.033	0.0393727	0.0951
-342.0	148.033	0.0490732	0.1598
-337.5	148.033	0.0418818	0.1534
-333.0	148.033	0.0537261	0.1177
-328.5	148.033	0.0469214	0.095
-324.0	148.033	0.0567927	0.2366
-319.5	148.033	0.0438017	0.0808
-315.0	148.033	0.0569336	0.1162
-310.5	148.033	0.051686	0.0939
-306.0	148.033	0.0518024	0.101
-301.5	148.033	0.0619317	0.1051
-297.0	148.033	0.0550524	0.0951
-292.5	148.033	0.05966	0.0735
-288.0	148.033	0.0682798	0.087
-283.5	148.033	0.0575358	0.0708
-279.0	148.033	0.0759609	0.0858
-274.5	148.033	0.0817191	0.0926
-270.0	148.033	0.082297	0.0843
-265.5	148.033	0.103131	0.1189
-261.0	148.033	0.090321	0.0812
-256.5	148.033	0.0964501	0.0665
-252.0	148.033	0.0914485	0.0609
-247.5	148.033	0.104365	0.0675
-243.0	148.033	0.114435	0.0649
-238.5	148.033	0.142103	0.0698
-234.0	148.033	0.155774	0.0677
-229.5	148.033	0.185976	0.0905
-225.0	148.033	0.177824	0.0647
-220.5	148.033	0.188271	0.0608
-216.0	148.033	0.197672	0.0507
-211.5	148.033	0.197852	0.0626
-207.0	148.033	0.264561	0.0638
-202.5	148.033	0.272535	0.078
-198.0	148.033	0.275482	0.063
-193.5	148.033	0.311555	0.0805
-189.0	148.033	0.292177	0.0635
-184.5	148.033	0.361301	0.0792
-180.0	148.033	0.349897	0.0957
-175.5	148.033	0.341584	0.0557
-171.0	148.033	0.380506	0.069
-166.5	148.033	0.388886	0.08
-162.0	148.033	0.377026	0.0603
-157.5	148.033	0.42623	0.0904
-153.0	148.033	0.362883	0.0401
-148.5	148.033	0.370273	0.0477
-144.0	148.033	0.371012	0.0418
-139.5	148.033	0.403176	0.0564
-135.0	148.033	0.389658	0.0407
-130.5	148.033	0.424808	0.0405
-126.0	148.033	0.435508	0.0559
-121.5	148.033	0.446899	0.0593
-117.0	148.033	0.434381	0.0549
-112.5	148.033	0.413468	0.0324
-108.0	148.033	0.481213	0.0529
-103.5	148.033	0.498555	0.0669
-99.0	148.033	0.519924	0.062
-94.5	148.033	0.526057	0.0587
-90.0	148.033	0.596534	0.0896
-85.5	148.033	0.567967	0.0641
-81.0	148.033	0.565937	0.0803
-76.5	148.033	0.627663	0.0737
-72.0	148.033	0.674319	0.0643
-67.5	148.033	1.83333	0.6604
-63.0	148.033	0.572072	0.0404
-58.5	148.033	0.544451	0.0319
-54.0	148.033	0.641935	0.0701
-49.5	148.033	0.61585	0.0502
-45.0	148.033	0.659132	0.0639
-40.5	148.033	0.62516	0.0556
-36.0	148.033	0.684063	0.0604
-31.5	148.033	0.683988	0.0675
-27.0	148.033	0.650718	0.0572
-22.5	148.033	0.717857	0.1003
-18.0	148.033	0.636687	0.0771
-13.5	148.033	0.651797	0.0745
-9.0	148.033	0.646722	0.0632
-4.5	148.033	0.584969	0.0524
0.0	148.033	0.568391	0.0682
4.5	148.033	0.658125	0.078
9.0	148.033	0.552332	0.0342
13.5	148.033	0.663303	0.0874
18.0	148.033	0.591	0.0423
22.5	148.033	0.595776	0.0569
27.0	148.033	0.580935	0.039
31.5	148.033	0.570438	0.0359
36.0	148.033	0.553837	0.0384
40.5	148.033	0.702834	0.1131
45.0	148.033	0.643872	0.0565
49.5	148.033	0.630398	0.0518
54.0	148.033	0.633898	0.0845
58.5	148.033	0.57748	0.0612
63.0	148.033	0.61581	0.0668
67.5	148.033	0.511488	0.0379
72.0	148.033	0.569663	0.0513
76.5	148.033	0.524318	0.0547
81.0	148.033	0.613153	0.0823
85.5	148.033	0.574168	0.0698
90.0	148.033	0.532806	0.0607
94.5	148.033	0.531747	0.0822
99.0	148.033	0.475613	0.0612
103.5	148.033	0.472612	0.0619
108.0	148.033	0.451396	0.0697
112.5	148.033	0.424684	0.0439
117.0	148.033	0.409288	0.0483
121.5	148.033	0.401049	0.0434
126.0	148.033	0.393438	0.0875
130.5	148.033	0.404348	0.0965
135.0	148.033	0.393033	0.0918
139.5	148.033	0.36573	0.0469
144.0	148.033	0.323688	0.0416
148.5	148.033	0.287472	0.0664
153.0	148.033	0.342451	0.0728
157.5	148.033	0.281775	0.0591
162.0	148.033	0.257798	0.0465
166.5	148.033	0.26498	0.0682
171.0	148.033	0.241374	0.0807
175.5	148.033	0.215216	0.0586
180.0	148.033	0.229822	0.0946
184.5	148.033	0.202346	0.0613
189.0	148.033	0.204341	0.0739
193.5	148.033	0.195138	0.0654
198.0	148.033	0.196976	0.1132
202.5	148.033	0.157031	0.0617
207.0	148.033	0.154693	0.1126
211.5	148.033	0.137373	0.0645
216.0	148.033	0.123914	0.0698
220.5	148.033	0.127929	0.0629
225.0	148.033	0.140916	0.096
229.5	148.033	0.0997982	0.0651
234.0	148.033	0.104107	0.066
238.5	148.033	0.107582	0.0731
243.0	148.033	0.105044	0.0703
247.5	148.033	0.0906829	0.0747
252.0	148.033	0.102868	0.1298
256.5	148.033	0.0997845	0.121
261.0	148.033	0.0793789	0.0744
265.5	148.033	0.0883474	0.0946
270.0	148.033	0.0953512	0.1802
274.5	148.033	0.0885802	0.0937
279.0	148.033	0.0757936	0.0964
283.5	148.033	0.0788402	0.1013
288.0	148.033	0.0806239	0.1018
292.5	148.033	0.0823237	0.1029
297.0	148.033	0.116552	0.337
301.5	148.033	0.065129	0.0776
306.0	148.033	0.0751207	0.1006
310.5	148.033	0.0816239	0.1274
315.0	148.033	0.0895123	0.2467
319.5	148.033	0.0830028	0.124
324.0	148.033	0.081188	0.2974
328.5	148.033	0.0848355	0.1437
333.0	148.033	0.0616932	0.0776
337.5	148.033	0.0747197	0.1236
342.0	148.033	0.0598374	0.1193
346.5	148.033	0.0689253	0.1441
351.0	148.033	0.0563303	0.1072
355.5	148.033	0.0601069	0.1241
360.0	148.033	0.0715974	0.1396
364.5	148.033	0.0737846	0.1904
369.0	148.033	0.0512183	0.1036
373.5	148.033	0.0649411	0.1911
378.0	148.033	0.0443319	0.1029
382.5	148.033	0.0513547	0.1178
387.0	148.033	0.0488126	0.2327
391.5	148.033	0.0352751	0.1024
396.0	148.033	0.0520051	0.2167
400.5	148.033	0.044788	0.2421
405.0	148.033	0.0395399	0.2322
409.5	148.033	0.0372461	0.2883
414.0	148.033	0.0325617	0.103
418.5	148.033	0.0303183	0.1168
423.0	148.033	0.0252942	0.154
427.5	148.033	0.0542049	0.2668
432.0	148.033	0.038747	0.2323
436.5	148.033	0.0327862	0.1386
441.0	148.033	0.0479966	0.2175
445.5	148.033	0.0401996	0.2192
-450.0	150.6	0.0251584	0.1532
-445.5	150.6	0.0193118	0.1169
-441.0	150.6	0.0346418	0.3465
-436.5	150.6	0.0174775	0.1336
-432.0	150.6	0.0186066	0.2564
-427.5	150.6	0.0181379	0.1748
-423.0	150.6	0.0187782	0.1484
-418.5	150.6	0.022005	0.1252
-414.0	150.6	0.0254152	0.2261
-409.5	150.6	0.0217033	0.1814
-405.0	150.6	0.0281723	0.2039
-400.5	150.6	0.0254684	0.2082
-396.0	150.6	0.0357062	0.4072
-391.5	150.6	0.0282095	0.1593
-387.0	150.6	0.0300006	0.1839
-382.5	150.6	0.0273107	0.1151
-378.0	150.6	0.0466131	0.3398
-373.5	150.6	0.0282966	0.1043
-369.0	150.6	0.0301003	0.1401
-364.5	150.6	0.0331264	0.1298
-360.0	150.6	0.0502058	0.2172
-355.5	150.6	0.0511584	0.3308
-351.0	150.6	0.0384972	0.1049
-346.5	150.6	0.0360362	0.0835
-342.0	150.6	0.0650693	0.2541
-337.5	150.6	0.0390098	0.0836
-333.0	150.6	0.0393553	0.0818
-328.5	150.6	0.0409714	0.0896
-324.0	150.6	0.0396499	0.0823
-319.5	150.6	0.0560379	0.1301
-315.0	150.6	0.0623694	0.1549
-310.5	150.6	0.0592857	0.0978
-306.0	150.6	0.0589263	0.1126
-301.5	150.6	0.0557188	0.0792
-297.0	150.6	0.0712524	0.1465
-292.5	150.6	0.0651491	0.0976
-288.0	150.6	0.0818689	0.1565
-283.5	150.6	0.0763546	0.1549
-279.0	150.6	0.0641096	0.0719
-274.5	150.6	0.0775046	0.0981
-270.0	150.6	0.0810475	0.068
-265.5	150.6	0.0833051	0.0703
-261.0	150.6	0.0904599	0.0683
-256.5	150.6	0.0926108	0.0664
-252.0	150.6	0.116971	0.1061
-247.5	150.6	0.111586	0.0658
-243.0	150.6	0.129337	0.0672
-238.5	150.6	0.124955	0.055
-234.0	150.6	0.183745	0.1767
-229.5	150.6	0.167066	0.0909
-225.0	150.6	0.196223	0.0748
-220.5	150.6	0.189415	0.0789
-216.0	150.6	0.174684	0.0477
-211.5	150.6	0.190566	0.0559
-207.0	150.6	0.241138	0.0671
-202.5	150.6	0.237472	0.0588
-198.0	150.6	0.271969	0.0841
-193.5	150.6	0.227874	0.0431
-189.0	150.6	0.278845	0.0525
-184.5	150.6	0.284128	0.0465
-180.0	150.6	0.408477	0.1139
-175.5	150.6	0.329165	0.0562
-171.0	150.6	0.357859	0.0663
-166.5	150.6	0.332624	0.0551
-162.0	150.6	0.339623	0.0539
-157.5	150.6	0.335188	0.0593
-153.0	150.6	0.36973	0.0534
-148.5	150.6	0.370917	0.0475
-144.0	150.6	0.416458	0.1158
-139.5	150.6	0.344963	0.0345
-135.0	150.6	0.411401	0.0516
-130.5	150.6	0.405067	0.052
-126.0	150.6	0.46069	0.0866
-121.5	150.6	0.411077	0.0409
-117.0	150.6	0.426351	0.0414
-112.5	150.6	0.400615	0.0411
-108.0	150.6	0.446821	0.0478
-103.5	150.6	0.539423	0.0804
-99.0	150.6	0.467641	0.0394
-94.5	150.6	0.4715	0.0461
-90.0	150.6	0.514407	0.0831
-85.5	150.6	0.518863	0.0803
-81.0	150.6	0.551571	0.0901
-76.5	150.6	0.537218	0.0376
-72.0	150.6	0.496545	0.046
-67.5	150.6	1.80332	0.6716
-63.0	150.6	0.580781	0.0523
-58.5	150.6	0.586479	0.1021
-54.0	150.6	0.579271	0.0509
-49.5	150.6	0.701064	0.0927
-45.0	150.6	0.564314	0.0442
-40.5	150.6	0.61455	0.0538
-36.0	150.6	0.605409	0.0485
-31.5	150.6	0.680859	0.1112
-27.0	150.6	0.637551	0.0604
-22.5	150.6	0.680355	0.1079
-18.0	150.6	0.964002	0.3638
-13.5	150.6	0.596235	0.0707
-9.0	150.6	0.608635	0.0495
-4.5	150.6	0.601618	0.0581
0.0	150.6	0.504022	0.0408
4.5	150.6	0.562216	0.0468
9.0	150.6	0.537226	0.045
13.5	150.6	0.559553	0.0537
18.0	150.6	0.563448	0.058
22.5	150.6	0.598804	0.0925
27.0	150.6	0.602902	0.0599
31.5	150.6	0.545569	0.0474
36.0	150.6	0.552076	0.0395
40.5	150.6	0.594739	0.0522
45.0	150.6	0.58483	0.0515
49.5	150.6	0.626315	0.0895
54.0	150.6	0.531593	0.0452
58.5	150.6	0.595441	0.0741
63.0	150.6	0.612294	0.0791
67.5	150.6	0.562037	0.0405
72.0	150.6	0.562792	0.0934
76.5	150.6	0.494821	0.0388
81.0	150.6	0.53117	0.0707
85.5	150.6	0.52138	0.0675
90.0	150.6	0.472134	0.0381
94.5	150.6	0.476702	0.0433
99.0	150.6	0.468296	0.0573
103.5	150.6	0.498382	0.072
108.0	150.6	0.432295	0.0692
112.5	150.6	0.428817	0.0494
117.0	150.6	0.40361	0.0641
121.5	150.6	0.379973	0.1008
126.0	150.6	0.362243	0.1208
130.5	150.6	0.351591	0.0478
135.0	150.6	0.346909	0.0678
139.5	150.6	0.358514	0.0746
144.0	150.6	0.289404	0.053
148.5	150.6	0.296712	0.0652
153.0	150.6	0.263576	0.0503
157.5	150.6	0.260207	0.0502
162.0	150.6	0.251073	0.0484
166.5	150.6	0.247736	0.0624
171.0	150.6	0.207094	0.0475
175.5	150.6	0.230038	0.0877
180.0	150.6	0.20133	0.0682
184.5	150.6	0.222278	0.079
189.0	150.6	0.193142	0.0577
193.5	150.6	0.174199	0.0633
198.0	150.6	0.140336	0.0609
202.5	150.6	0.146444	0.0784
207.0	150.6	0.148791	0.0936
211.5	150.6	0.133739	0.0704
216.0	150.6	0.128843	0.071
220.5	150.6	0.111649	0.081
225.0	150.6	0.107823	0.0603
229.5	150.6	0.111155	0.0829
234.0	150.6	0.11009	0.0891
238.5	150.6	0.107276	0.0883
243.0	150.6	0.122468	0.1707
247.5	150.6	0.116587	0.177
252.0	150.6	0.0860434	0.0606
256.5	150.6	0.0846808	0.071
261.0	150.6	0.0883403	0.0854
265.5	150.6	0.0965636	0.1007
270.0	150.6	0.0792024	0.0717
274.5	150.6	0.0813181	0.0964
279.0	150.6	0.0803192	0.075
283.5	150.6	0.0898806	0.1867
288.0	150.6	0.0901073	0.1214
292.5	150.6	0.0694143	0.094
297.0	150.6	0.0656801	0.1048
301.5	150.6	0.0694292	0.1131
306.0	150.6	0.0704915	0.1068
310.5	150.6	0.0721966	0.1507
315.0	150.6	0.0806909	0.1296
319.5	150.6	0.0619313	0.0699
324.0	150.6	0.0584559	0.0906
328.5	150.6	0.0776329	0.1458
333.0	150.6	0.11831	0.3611
337.5	150.6	0.0816774	0.1539
342.0	150.6	0.0532185	0.0877
346.5	150.6	0.0698757	0.1546
351.0	150.6	0.0598645	0.097
355.5	150.6	0.0512498	0.0782
360.0	150.6	0.0452058	0.1562
364.5	150.6	0.0702076	0.1896
369.0	150.6	0.0463053	0.1501
373.5	150.6	0.0521278	0.1009
378.0	150.6	0.0394534	0.0801
382.5	150.6	0.0486643	0.2152
387.0	150.6	0.0390067	0.1357
391.5	150.6	0.0366938	0.1591
396.0	150.6	0.0306974	0.1017
400.5	150.6	0.0333262	0.1136
405.0	150.6	0.0335229	0.122
409.5	150.6	0.0297762	0.1268
414.0	150.6	0.0310096	0.1086
418.5	150.6	0.0278053	0.193
423.0	150.6	0.0285227	0.1461
427.5	150.6	0.0418848	0.346
432.0	150.6	0.0276948	0.1082
436.5	150.6	0.0340627	0.1445
441.0	150.6	0.0411104	0.1884
445.5	150.6	0.0327587	0.1511
-450.0	153.167	0.0185272	0.1618
-445.5	153.167	0.0145103	0.1586
-441.0	153.167	0.0143298	0.1197
-436.5	153.167	0.0203435	0.1491
-432.0	153.167	0.017556	0.1442
-427.5	153.167	0.0161107	0.1643
-423.0	153.167	0.0136674	0.1606
-418.5	153.167	0.0176443	0.1361
-414.0	153.167	0.0217475	0.2342
-409.5	153.167	0.0225143	0.19
-405.0	153.167	0.0452088	0.3577
-400.5	153.167	0.0323375	0.2084
-396.0	153.167	0.0283008	0.2169
-391.5	153.167	0.0219626	0.1395
-387.0	153.167	0.0320209	0.1161
-382.5	153.167	0.0300067	0.1661
-378.0	153.167	0.0376779	0.1507
-373.5	153.167	0.0328716	0.1276
-369.0	153.167	0.0312054	0.1122
-364.5	153.167	0.0269183	0.1337
-360.0	153.167	0.0313257	0.1061
-355.5	153.167	0.03771	0.1201
-351.0	153.167	0.0364782	0.1049
-346.5	153.167	0.0336872	0.0967
-342.0	153.167	0.0559012	0.1673
-337.5	153.167	0.0575356	0.3276
-333.0	153.167	0.04993	0.1549
-328.5	153.167	0.0482851	0.1055
-324.0	153.167	0.054086	0.147
-319.5	153.167	0.0624984	0.1742
-315.0	153.167	0.0442547	0.078
-310.5	153.167	0.0556352	0.2169
-306.0	153.167	0.0649413	0.1695
-301.5	153.167	0.056039	0.0981
-297.0	153.167	0.0707792	0.1475
-292.5	153.167	0.0605542	0.1004
-288.0	153.167	0.0797045	0.1663
-283.5	153.167	0.0767132	0.1666
-279.0	153.167	0.0748183	0.1201
-274.5	153.167	0.0678558	0.0693
-270.0	153.167	0.0799991	0.0833
-265.5	153.167	0.0785211	0.064
-261.0	153.167	0.0920709	0.0915
-256.5	153.167	0.0898382	0.0765
-252.0	153.167	0.101703	0.0657
-247.5	153.167	0.104133	0.082
-243.0	153.167	0.12741	0.0819
-238.5	153.167	0.135587	0.0677
-234.0	153.167	0.154537	0.0794
-229.5	153.167	0.165508	0.1083
-225.0	153.167	0.172759	0.0784
-220.5	153.167	0.167375	0.0557
-216.0	153.167	0.203123	0.0601
-211.5	153.167	0.210714	0.0637
-207.0	153.167	0.223834	0.1141
-202.5	153.167	0.212151	0.0665
-198.0	153.167	0.256482	0.0772
-193.5	153.167	0.256732	0.0595
-189.0	153.167	0.298653	0.0742
-184.5	153.167	0.285262	0.0626
-180.0	153.167	0.298345	0.0588
-175.5	153.167	0.283015	0.0577
-171.0	153.167	0.31572	0.0782
-166.5	153.167	0.314465	0.0513
-162.0	153.167	0.359761	0.0996
-157.5	153.167	0.312339	0.0535
-153.0	153.167	0.325211	0.0458
-148.5	153.167	0.37373	0.1022
-144.0	153.167	0.384795	0.0525
-139.5	153.167	0.335665	0.0462
-135.0	153.167	0.396771	0.0701
-130.5	153.167	0.352888	0.0366
-126.0	153.167	0.365347	0.0412
-121.5	153.167	0.411552	0.0456
-117.0	153.167	0.442223	0.0785
-112.5	153.167	0.413829	0.0565
-108.0	153.167	0.42355	0.0555
-103.5	153.167	0.487413	0.0761
-99.0	153.167	0.397333	0.0384
-94.5	153.167	0.460671	0.0457
-90.0	153.167	0.44749	0.0477
-85.5	153.167	0.496384	0.0478
-81.0	153.167	0.531062	0.0913
-76.5	153.167	0.485404	0.0349
-72.0	153.167	1.38757	0.6001
-67.5	153.167	0.875662	0.4328
-63.0	153.167	0.508285	0.0439
-58.5	153.167	0.542977	0.0733
-54.0	153.167	0.588517	0.0598
-49.5	153.167	0.581299	0.084
-45.0	153.167	0.550929	0.0662
-40.5	153.167	0.579056	0.0559
-36.0	153.167	0.56113	0.0487
-31.5	153.167	0.609306	0.0744
-27.0	153.167	0.572516	0.0673
-22.5	153.167	0.573913	0.0862
-18.0	153.167	0.543631	0.0477
-13.5	153.167	0.51794	0.0405
-9.0	153.167	0.522901	0.0491
-4.5	153.167	0.564159	0.0492
0.0	153.167	0.492726	0.0365
4.5	153.167	0.508346	0.0472
9.0	153.167	0.542095	0.0544
13.5	153.167	0.646377	0.0928
18.0	153.167	0.505607	0.0475
22.5	153.167	0.514495	0.0417
27.0	153.167	0.593953	0.0696
31.5	153.167	0.532716	0.0553
36.0	153.167	0.538915	0.0434
40.5	153.167	0.54397	0.0629
45.0	153.167	0.527629	0.0394
49.5	153.167	0.51993	0.0479
54.0	153.167	0.526296	0.0559
58.5	153.167	0.515286	0.0577
63.0	153.167	0.586477	0.0855
67.5	153.167	0.530526	0.055
72.0	153.167	0.485455	0.0431
76.5	153.167	0.485545	0.0439
81.0	153.167	0.48442	0.0588
85.5	153.167	0.456913	0.038
90.0	153.167	0.425958	0.0464
94.5	153.167	0.448074	0.0538
99.0	153.167	0.423638	0.0523
103.5	153.167	0.464352	0.0576
108.0	153.167	0.440637	0.0628
112.5	153.167	0.423277	0.0571
117.0	153.167	0.426133	0.0963
121.5	153.167	0.409398	0.1169
126.0	153.167	0.408953	0.1329
130.5	153.167	0.327047	0.071
135.0	153.167	0.288802	0.0383
139.5	153.167	0.322019	0.0676
144.0	153.167	0.282576	0.0503
148.5	153.167	0.27331	0.064
153.0	153.167	0.253605	0.0447
157.5	153.167	0.302347	0.1227
162.0	153.167	0.258682	0.0907
166.5	153.167	0.222623	0.0561
171.0	153.167	0.189346	0.0482
175.5	153.167	0.200118	0.061
180.0	153.167	0.193928	0.0496
184.5	153.167	0.215537	0.1022
189.0	153.167	0.205893	0.0979
193.5	153.167	0.167376	0.0734
198.0	153.167	0.152878	0.0634
202.5	153.167	0.151705	0.0842
207.0	153.167	0.126842	0.0684
211.5	153.167	0.135495	0.0814
216.0	153.167	0.126103	0.0708
220.5	153.167	0.116512	0.0705
225.0	153.167	0.138921	0.1806
229.5	153.167	0.110908	0.0827
234.0	153.167	0.104208	0.0989
238.5	153.167	0.0956309	0.0677
243.0	153.167	0.0838791	0.0637
247.5	153.167	0.101559	0.1152
252.0	153.167	0.0950392	0.1333
256.5	153.167	0.0851132	0.0773
261.0	153.167	0.0984819	0.1189
265.5	153.167	0.0807435	0.1543
270.0	153.167	0.0776631	0.0939
274.5	153.167	0.0609024	0.0822
279.0	153.167	0.164181	0.4008
283.5	153.167	0.0873447	0.1546
288.0	153.167	0.0742244	0.126
292.5	153.167	0.0858136	0.1299
297.0	153.167	0.0812641	0.1208
301.5	153.167	0.0796051	0.271
306.0	153.167	0.0775335	0.1566
310.5	153.167	0.0607352	0.085
315.0	153.167	0.0620067	0.0883
319.5	153.167	0.0641807	0.1295
324.0	153.167	0.0592171	0.0875
328.5	153.167	0.0716748	0.1631
333.0	153.167	0.056923	0.0933
337.5	153.167	0.0869004	0.2562
342.0	153.167	0.0662757	0.13
346.5	153.167	0.0622457	0.2356
351.0	153.167	0.0613283	0.1046
355.5	153.167	0.0569418	0.1428
360.0	153.167	0.0530592	0.1541
364.5	153.167	0.0611253	0.1817
369.0	153.167	0.0444599	0.0929
373.5	153.167	0.0500041	0.1283
378.0	153.167	0.0574373	0.1348
382.5	153.167	0.0547281	0.2067
387.0	153.167	0.0453465	0.1285
391.5	153.167	0.0439848	0.1508
396.0	153.167	0.0318692	0.1365
400.5	153.167	0.0251134	0.1114
405.0	153.167	0.0290055	0.1527
409.5	153.167	0.0310359	0.1327
414.0	153.167	0.0302582	0.2002
418.5	153.167	0.0464007	0.4096
423.0	153.167	0.0441798	0.2023
427.5	153.167	0.0357173	0.1442
432.0	153.167	0.0333379	0.138
436.5	153.167	0.0457526	0.1859
441.0	153.167	0.0577413	0.4138
445.5	153.167	0.0322314	0.1135
-450.0	155.733	0.0309266	0.2801
-445.5	155.733	0.0443281	0.3605
-441.0	155.733	0.0244914	0.2636
-436.5	155.733	0.01614	0.1397
-432.0	155.733	0.0150361	0.1371
-427.5	155.733	0.0175502	0.1844
-423.0	155.733	0.019713	0.1877
-418.5	155.733	0.0161607	0.1354
-414.0	155.733	0.0173581	0.1489
-409.5	155.733	0.0203126	0.1565
-405.0	155.733	0.01957	0.1773
-400.5	155.733	0.0201067	0.1241
-396.0	155.733	0.0179953	0.1312
-391.5	155.733	0.0226672	0.131
-387.0	155.733	0.0252148	0.1187
-382.5	155.733	0.0328052	0.223
-378.0	155.733	0.0339231	0.1204
-373.5	155.733	0.0315213	0.1023
-369.0	155.733	0.027371	0.1132
-364.5	155.733	0.0289134	0.1168
-360.0	155.733	0.0330168	0.1388
-355.5	155.733	0.0457727	0.1527
-351.0	155.733	0.0338002	0.0986
-346.5	155.733	0.0322747	0.0968
-342.0	155.733	0.036656	0.0939
-337.5	155.733	0.0430042	0.1262
-333.0	155.733	0.0414358	0.1301
-328.5	155.733	0.0418721	0.1227
-324.0	155.733	0.0408535	0.0888
-319.5	155.733	0.0571874	0.1861
-315.0	155.733	0.0516582	0.0858
-310.5	155.733	0.0581241	0.1287
-306.0	155.733	0.0551105	0.0996
-301.5	155.733	0.0631416	0.1899
-297.0	155.733	0.0578813	0.1141
-292.5	155.733	0.0686393	0.1061
-288.0	155.733	0.0659783	0.12
-283.5	155.733	0.0662608	0.0724
-279.0	155.733	0.0717621	0.0974
-274.5	155.733	0.0831832	0.177
-270.0	155.733	0.0765771	0.0718
-265.5	155.733	0.0867184	0.0881
-261.0	155.733	0.124921	0.3467
-256.5	155.733	0.0891589	0.0612
-252.0	155.733	0.104982	0.0852
-247.5	155.733	0.10628	0.0824
-243.0	155.733	0.115923	0.0724
-238.5	155.733	0.126644	0.0679
-234.0	155.733	0.153626	0.0727
-229.5	155.733	0.131373	0.0584
-225.0	155.733	0.155294	0.0628
-220.5	155.733	0.20096	0.1075
-216.0	155.733	0.193667	0.0839
-211.5	155.733	0.183152	0.0671
-207.0	155.733	0.203734	0.0736
-202.5	155.733	0.241314	0.072
-198.0	155.733	0.223304	0.0566
-193.5	155.733	0.28698	0.0828
-189.0	155.733	0.277	0.0772
-184.5	155.733	0.259269	0.0483
-180.0	155.733	0.292889	0.0738
-175.5	155.733	0.352533	0.1303
-171.0	155.733	0.282547	0.0539
-166.5	155.733	0.333754	0.0659
-162.0	155.733	0.334496	0.0659
-157.5	155.733	0.328228	0.0676
-153.0	155.733	0.316244	0.0563
-148.5	155.733	0.327784	0.0591
-144.0	155.733	0.30879	0.0373
-139.5	155.733	0.382961	0.0623
-135.0	155.733	0.362609	0.0639
-130.5	155.733	0.37838	0.0667
-126.0	155.733	0.428747	0.1117
-121.5	155.733	0.345983	0.0376
-117.0	155.733	0.398788	0.0616
-112.5	155.733	0.384969	0.0424
-108.0	155.733	0.391033	0.0471
-103.5	155.733	0.388806	0.0434
-99.0	155.733	0.397896	0.0349
-94.5	155.733	0.432283	0.0684
-90.0	155.733	0.464635	0.0531
-85.5	155.733	0.415189	0.0371
-81.0	155.733	0.444627	0.0385
-76.5	155.733	0.482838	0.0464
-72.0	155.733	1.45662	0.6759
-67.5	155.733	0.458936	0.0369
-63.0	155.733	0.533334	0.0751
-58.5	155.733	0.49593	0.0646
-54.0	155.733	0.526713	0.0538
-49.5	155.733	0.514295	0.0546
-45.0	155.733	0.613996	0.1532
-40.5	155.733	0.603655	0.1022
-36.0	155.733	0.638429	0.1068
-31.5	155.733	0.612312	0.0738
-27.0	155.733	0.570323	0.0605
-22.5	155.733	0.567945	0.0661
-18.0	155.733	0.571351	0.0721
-13.5	155.733	0.563871	0.068
-9.0	155.733	0.51725	0.0887
-4.5	155.733	0.517527	0.0516
0.0	155.733	0.560699	0.0959
4.5	155.733	0.502355	0.0646
9.0	155.733	0.557257	0.0852
13.5	155.733	0.561995	0.0737
18.0	155.733	0.469011	0.0358
22.5	155.733	0.621248	0.0995
27.0	155.733	0.520252	0.0926
31.5	155.733	0.515874	0.0592
36.0	155.733	0.570761	0.0828
40.5	155.733	0.488753	0.0478
45.0	155.733	0.498224	0.0402
49.5	155.733	0.473744	0.0339
54.0	155.733	0.591921	0.0855
58.5	155.733	0.515877	0.0574
63.0	155.733	0.497032	0.0645
67.5	155.733	0.468718	0.0533
72.0	155.733	0.488723	0.0548
76.5	155.733	0.496494	0.0754
81.0	155.733	0.449195	0.0598
85.5	155.733	0.468619	0.0764
90.0	155.733	0.420318	0.0488
94.5	155.733	0.426974	0.0599
99.0	155.733	0.368684	0.0366
103.5	155.733	0.419171	0.0772
108.0	155.733	0.376899	0.0539
112.5	155.733	0.368406	0.069
117.0	155.733	0.358711	0.0537
121.5	155.733	0.355401	0.0637
126.0	155.733	0.319958	0.0485
130.5	155.733	0.313676	0.0642
135.0	155.733	0.288328	0.063
139.5	155.733	0.30009	0.0988
144.0	155.733	0.24739	0.0368
148.5	155.733	0.284571	0.0714
153.0	155.733	0.247283	0.0453
157.5	155.733	0.265032	0.0577
162.0	155.733	0.236708	0.0917
166.5	155.733	0.211589	0.0571
171.0	155.733	0.240227	0.1507
175.5	155.733	0.191814	0.0643
180.0	155.733	0.22953	0.1446
184.5	155.733	0.179634	0.0666
189.0	155.733	0.148985	0.0567
193.5	155.733	0.205879	0.167
198.0	155.733	0.159494	0.1466
202.5	155.733	0.121576	0.0529
207.0	155.733	0.120628	0.0576
211.5	155.733	0.133564	0.1428
216.0	155.733	0.12406	0.13
220.5	155.733	0.10997	0.0925
225.0	155.733	0.0979582	0.0576
229.5	155.733	0.11491	0.1215
234.0	155.733	0.104247	0.1457
238.5	155.733	0.0908617	0.094
243.0	155.733	0.0883659	0.0911
247.5	155.733	0.108582	0.1218
252.0	155.733	0.0804745	0.0905
256.5	155.733	0.0718746	0.0688
261.0	155.733	0.0844626	0.0958
265.5	155.733	0.0923625	0.1203
270.0	155.733	0.0738894	0.0782
274.5	155.733	0.0799555	0.1024
279.0	155.733	0.0658658	0.083
283.5	155.733	0.0789516	0.1391
288.0	155.733	0.0697372	0.1166
292.5	155.733	0.0802931	0.0937
297.0	155.733	0.0674033	0.097
301.5	155.733	0.0683072	0.0844
306.0	155.733	0.056651	0.1221
310.5	155.733	0.0594323	0.1035
315.0	155.733	0.0529577	0.0815
319.5	155.733	0.0638261	0.0835
324.0	155.733	0.0819887	0.1647
328.5	155.733	0.0582303	0.0792
333.0	155.733	0.0545273	0.0916
337.5	155.733	0.0503167	0.0955
342.0	155.733	0.0635956	0.1261
346.5	155.733	0.0564707	0.1257
351.0	155.733	0.0538186	0.0947
355.5	155.733	0.0483714	0.1088
360.0	155.733	0.0501181	0.1571
364.5	155.733	0.0715674	0.1909
369.0	155.733	0.054673	0.1433
373.5	155.733	0.0926879	0.5987
378.0	155.733	0.0521033	0.1212
382.5	155.733	0.0447226	0.1314
387.0	155.733	0.0487542	0.1239
391.5	155.733	0.0424031	0.1054
396.0	155.733	0.0393666	0.1263
400.5	155.733	0.0308178	0.1256
405.0	155.733	0.0489239	0.1948
409.5	155.733	0.0419964	0.2956
414.0	155.733	0.0333584	0.1537
418.5	155.733	0.0330982	0.1791
423.0	155.733	0.0465818	0.2593
427.5	155.733	0.0266206	0.1321
432.0	155.733	0.0371113	0.1513
436.5	155.733	0.0355386	0.1607
441.0	155.733	0.0331579	0.1358
445.5	155.733	0.0371272	0.2426
-450.0	158.3	0.0287454	0.2959
-445.5	158.3	0.0259531	0.2363
-441.0	158.3	0.0171426	0.1896
-436.5	158.3	0.0200349	0.1764
-432.0	158.3	0.0179374	0.2137
-427.5	158.3	0.0165136	0.1507
-423.0	158.3	0.0164568	0.18
-418.5	158.3	0.0127778	0.1328
-414.0	158.3	0.0341676	0.2946
-409.5	158.3	0.0293293	0.2641
-405.0	158.3	0.0209703	0.2113
-400.5	158.3	0.0275106	0.261
-396.0	158.3	0.0310783	0.1645
-391.5	158.3	0.0251266	0.1851
-387.0	158.3	0.0310263	0.1547
-382.5	158.3	0.0323384	0.1353
-378.0	158.3	0.0290783	0.1279
-373.5	158.3	0.0311298	0.1
-369.0	158.3	0.030596	0.0878
-364.5	158.3	0.0260825	0.1057
-360.0	158.3	0.0382712	0.0981
-355.5	158.3	0.0410851	0.2225
-351.0	158.3	0.0544777	0.3197
-346.5	158.3	0.0289817	0.0878
-342.0	158.3	0.0538357	0.2253
-337.5	158.3	0.0464749	0.1541
-333.0	158.3	0.0400557	0.1085
-328.5	158.3	0.0481711	0.108
-324.0	158.3	0.0370302	0.102
-319.5	158.3	0.050857	0.1419
-315.0	158.3	0.0406658	0.0852
-310.5	158.3	0.0628939	0.1557
-306.0	158.3	0.0559351	0.1215
-301.5	158.3	0.0548435	0.1063
-297.0	158.3	0.0545147	0.0844
-292.5	158.3	0.0620785	0.0823
-288.0	158.3	0.0541382	0.0775
-283.5	158.3	0.0661231	0.0803
-279.0	158.3	0.0875677	0.2003
-274.5	158.3	0.0838117	0.1266
-270.0	158.3	0.073711	0.0861
-265.5	158.3	0.107356	0.2516
-261.0	158.3	0.0977924	0.1269
-256.5	158.3	0.0921246	0.0715
-252.0	158.3	0.107152	0.0922
-247.5	158.3	0.0954267	0.0712
-243.0	158.3	0.139336	0.1573
-238.5	158.3	0.130742	0.0865
-234.0	158.3	0.136339	0.0782
-229.5	158.3	0.171382	0.1162
-225.0	158.3	0.173294	0.0939
-220.5	158.3	0.194628	0.1003
-216.0	158.3	0.162952	0.0495
-211.5	158.3	0.197726	0.0724
-207.0	158.3	0.193755	0.0925
-202.5	158.3	0.193748	0.0707
-198.0	158.3	0.219418	0.0772
-193.5	158.3	0.233911	0.0606
-189.0	158.3	0.249747	0.0521
-184.5	158.3	0.274853	0.071
-180.0	158.3	0.288581	0.1126
-175.5	158.3	0.284074	0.0605
-171.0	158.3	0.278323	0.0534
-166.5	158.3	0.303455	0.0745
-162.0	158.3	0.283115	0.0527
-157.5	158.3	0.304301	0.0604
-153.0	158.3	0.2967	0.0552
-148.5	158.3	0.342837	0.0576
-144.0	158.3	0.311046	0.0486
-139.5	158.3	0.303708	0.0406
-135.0	158.3	0.345387	0.0598
-130.5	158.3	0.35737	0.0608
-126.0	158.3	0.342294	0.0532
-121.5	158.3	0.329308	0.0444
-117.0	158.3	0.33772	0.0365
-112.5	158.3	0.386413	0.1005
-108.0	158.3	0.39211	0.0477
-103.5	158.3	0.42986	0.0833
-99.0	158.3	0.407347	0.0557
-94.5	158.3	0.423111	0.0736
-90.0	158.3	0.45772	0.0666
-85.5	158.3	0.469671	0.0772
-81.0	158.3	0.486535	0.079
-76.5	158.3	0.428923	0.0451
-72.0	158.3	0.431067	0.0533
-67.5	158.3	0.463036	0.0549
-63.0	158.3	0.518489	0.0722
-58.5	158.3	0.528535	0.0722
-54.0	158.3	0.488225	0.0416
-49.5	158.3	0.534464	0.0803
-45.0	158.3	0.590892	0.097
-40.5	158.3	0.514504	0.064
-36.0	158.3	0.426214	0.0346
-31.5	158.3	0.469128	0.0402
-27.0	158.3	0.549129	0.0594
-22.5	158.3	0.588658	0.1592
-18.0	158.3	0.488939	0.0455
-13.5	158.3	0.486757	0.0404
-9.0	158.3	0.827409	0.2251
-4.5	158.3	0.494928	0.0518
0.0	158.3	0.449224	0.05
4.5	158.3	0.499266	0.0636
9.0	158.3	0.511023	0.0854
13.5	158.3	0.524523	0.0833
18.0	158.3	0.476932	0.0451
22.5	158.3	0.478042	0.0532
27.0	158.3	0.448693	0.0407
31.5	158.3	0.558511	0.1114
36.0	158.3	0.559959	0.0821
40.5	158.3	0.486413	0.0512
45.0	158.3	0.469706	0.0509
49.5	158.3	0.531337	0.0742
54.0	158.3	0.507779	0.0688
58.5	158.3	0.603501	0.1154
63.0	158.3	0.488259	0.0476
67.5	158.3	0.434765	0.0394
72.0	158.3	0.434986	0.0448
76.5	158.3	0.517582	0.0725
81.0	158.3	0.422618	0.0572
85.5	158.3	0.424639	0.0495
90.0	158.3	0.376135	0.0374
94.5	158.3	0.420551	0.0654
99.0	158.3	0.379445	0.0455
103.5	158.3	0.38719	0.068
108.0	158.3	0.363842	0.0618
112.5	158.3	0.3801	0.087
117.0	158.3	0.352473	0.0797
121.5	158.3	0.307252	0.0479
126.0	158.3	0.334275	0.0908
130.5	158.3	0.32732	0.0816
135.0	158.3	0.285912	0.053
139.5	158.3	0.277198	0.0617
144.0	158.3	0.250638	0.0531
148.5	158.3	0.246808	0.0725
153.0	158.3	0.234622	0.0628
157.5	158.3	0.255139	0.0757
162.0	158.3	0.236702	0.1056
166.5	158.3	0.2024	0.072
171.0	158.3	0.196423	0.0593
175.5	158.3	0.194392	0.0689
180.0	158.3	0.174945	0.0811
184.5	158.3	0.165534	0.0851
189.0	158.3	0.148793	0.0545
193.5	158.3	0.177575	0.1851
198.0	158.3	0.138278	0.0619
202.5	158.3	0.127223	0.1294
207.0	158.3	0.114693	0.0879
211.5	158.3	0.104432	0.0531
216.0	158.3	0.115716	0.0686
220.5	158.3	0.0931067	0.07
225.0	158.3	0.0895959	0.0658
229.5	158.3	0.103517	0.0764
234.0	158.3	0.0853543	0.0699
238.5	158.3	0.0903976	0.0754
243.0	158.3	0.0825366	0.0661
247.5	158.3	0.0772846	0.0729
252.0	158.3	0.0753933	0.0649
256.5	158.3	0.121916	0.3756
261.0	158.3	0.103209	0.1657
265.5	158.3	0.0720908	0.0695
270.0	158.3	0.0816124	0.0981
274.5	158.3	0.0640062	0.0949
279.0	158.3	0.0650141	0.0772
283.5	158.3	0.0606584	0.0707
288.0	158.3	0.0621008	0.076
292.5	158.3	0.0647827	0.0819
297.0	158.3	0.0610015	0.0775
301.5	158.3	0.068077	0.1007
306.0	158.3	0.0612593	0.1064
310.5	158.3	0.0736501	0.2594
315.0	158.3	0.0620559	0.1216
319.5	158.3	0.0575793	0.0962
324.0	158.3	0.0579677	0.1168
328.5	158.3	0.0633826	0.0942
333.0	158.3	0.0564352	0.1019
337.5	158.3	0.0469466	0.0969
342.0	158.3	0.0664305	0.2547
346.5	158.3	0.0574245	0.0931
351.0	158.3	0.0550196	0.0896
355.5	158.3	0.0527484	0.113
360.0	158.3	0.0406296	0.0948
364.5	158.3	0.0506329	0.097
369.0	158.3	0.0581005	0.2092
373.5	158.3	0.0562085	0.1279
378.0	158.3	0.0361316	0.088
382.5	158.3	0.0378026	0.1238
387.0	158.3	0.0444058	0.1154
391.5	158.3	0.049169	0.1913
396.0	158.3	0.036938	0.1684
400.5	158.3	0.033206	0.1183
405.0	158.3	0.0447207	0.1542
409.5	158.3	0.0373537	0.1285
414.0	158.3	0.0442415	0.294
418.5	158.3	0.0292864	0.1224
423.0	158.3	0.0405955	0.2729
427.5	158.3	0.0308017	0.122
432.0	158.3	0.0468309	0.1638
436.5	158.3	0.0245105	0.1281
441.0	158.3	0.0324443	0.1358
445.5	158.3	0.0453219	0.2292
-450.0	160.867	0.0256682	0.2611
-445.5	160.867	0.0174277	0.1613
-441.0	160.867	0.0221224	0.215
-436.5	160.867	0.0134982	0.1335
-432.0	160.867	0.0155828	0.1952
-427.5	160.867	0.0167285	0.1273
-423.0	160.867	0.0140107	0.1273
-418.5	160.867	0.0206449	0.1744
-414.0	160.867	0.0189886	0.1965
-409.5	160.867	0.0234245	0.1397
-405.0	160.867	0.0165558	0.1383
-400.5	160.867	0.0217708	0.1721
-396.0	160.867	0.0296674	0.1616
-391.5	160.867	0.017307	0.1138
-387.0	160.867	0.0261063	0.1693
-382.5	160.867	0.0215732	0.1227
-378.0	160.867	0.0368915	0.1879
-373.5	160.867	0.0352493	0.1485
-369.0	160.867	0.0336501	0.1208
-364.5	160.867	0.0319344	0.1121
-360.0	160.867	0.0328545	0.1178
-355.5	160.867	0.0543788	0.334
-351.0	160.867	0.0328415	0.1105
-346.5	160.867	0.0452245	0.1855
-342.0	160.867	0.0458806	0.2192
-337.5	160.867	0.0320196	0.0834
-333.0	160.867	0.039709	0.1116
-328.5	160.867	0.0532875	0.3109
-324.0	160.867	0.0704631	0.3707
-319.5	160.867	0.0536861	0.2535
-315.0	160.867	0.0498103	0.1651
-310.5	160.867	0.0605131	0.117
-306.0	160.867	0.055713	0.1021
-301.5	160.867	0.0463785	0.1089
-297.0	160.867	0.0481115	0.0816
-292.5	160.867	0.0606158	0.098
-288.0	160.867	0.0645491	0.1359
-283.5	160.867	0.0688169	0.098
-279.0	160.867	0.0616746	0.0885
-274.5	160.867	0.0641821	0.1252
-270.0	160.867	0.0673659	0.1106
-265.5	160.867	0.0850251	0.0783
-261.0	160.867	0.0778265	0.0672
-256.5	160.867	0.0790882	0.0827
-252.0	160.867	0.0989798	0.1079
-247.5	160.867	0.107043	0.0779
-243.0	160.867	0.121025	0.0897
-238.5	160.867	0.135942	0.1076
-234.0	160.867	0.118434	0.0667
-229.5	160.867	0.172781	0.1479
-225.0	160.867	0.145784	0.079
-220.5	160.867	0.149106	0.0933
-216.0	160.867	0.167741	0.1009
-211.5	160.867	0.186193	0.0804
-207.0	160.867	0.201213	0.0597
-202.5	160.867	0.209146	0.0959
-198.0	160.867	0.220419	0.0702
-193.5	160.867	0.224136	0.0691
-189.0	160.867	0.231146	0.0543
-184.5	160.867	0.233807	0.0512
-180.0	160.867	0.280824	0.1108
-175.5	160.867	0.24477	0.0603
-171.0	160.867	0.263588	0.063
-166.5	160.867	0.250063	0.0578
-162.0	160.867	0.247815	0.0489
-157.5	160.867	0.319106	0.1208
-153.0	160.867	0.284283	0.0529
-148.5	160.867	0.292788	0.0505
-144.0	160.867	0.307651	0.0616
-139.5	160.867	0.288407	0.0435
-135.0	160.867	0.345644	0.052
-130.5	160.867	0.30775	0.0477
-126.0	160.867	0.34247	0.0555
-121.5	160.867	0.318792	0.0404
-117.0	160.867	0.369961	0.0563
-112.5	160.867	0.328305	0.0371
-108.0	160.867	0.378524	0.0646
-103.5	160.867	0.386702	0.05
-99.0	160.867	0.395253	0.0768
-94.5	160.867	0.385943	0.044
-90.0	160.867	0.393987	0.0483
-85.5	160.867	0.48474	0.1118
-81.0	160.867	0.381147	0.0409
-76.5	160.867	0.415397	0.0468
-72.0	160.867	0.470119	0.0909
-67.5	160.867	0.414415	0.0483
-63.0	160.867	0.486434	0.0717
-58.5	160.867	0.447233	0.046
-54.0	160.867	0.518503	0.0913
-49.5	160.867	0.470346	0.0535
-45.0	160.867	0.465572	0.051
-40.5	160.867	0.51402	0.0758
-36.0	160.867	0.450276	0.0473
-31.5	160.867	0.517011	0.074
-27.0	160.867	0.48115	0.0493
-22.5	160.867	0.490068	0.1072
-18.0	160.867	0.525734	0.068
-13.5	160.867	0.487934	0.0655
-9.0	160.867	0.598853	0.1575
-4.5	160.867	0.485494	0.0914
0.0	160.867	0.471263	0.0745
4.5	160.867	0.46453	0.0528
9.0	160.867	0.509837	0.0735
13.5	160.867	0.473897	0.0513
18.0	160.867	0.453969	0.0499
22.5	160.867	0.494344	0.0949
27.0	160.867	0.456798	0.058
31.5	160.867	0.508554	0.0915
36.0	160.867	0.475924	0.0529
40.5	160.867	0.43984	0.0421
45.0	160.867	0.491113	0.0804
49.5	160.867	0.520135	0.0778
54.0	160.867	0.516382	0.1224
58.5	160.867	0.442553	0.0522
63.0	160.867	0.436211	0.0496
67.5	160.867	0.460792	0.0775
72.0	160.867	0.452959	0.1018
76.5	160.867	0.431772	0.0794
81.0	160.867	0.454556	0.0838
85.5	160.867	0.469167	0.1386
90.0	160.867	0.408605	0.0621
94.5	160.867	0.427703	0.0734
99.0	160.867	0.395118	0.0913
103.5	160.867	0.341201	0.0645
108.0	160.867	0.307055	0.0437
112.5	160.867	0.2963	0.0432
117.0	160.867	0.296918	0.0542
121.5	160.867	0.298336	0.0505
126.0	160.867	0.301586	0.0723
130.5	160.867	0.279701	0.0452
135.0	160.867	0.287341	0.0742
139.5	160.867	0.255396	0.0592
144.0	160.867	0.295336	0.0853
148.5	160.867	0.24372	0.0591
153.0	160.867	0.250132	0.1069
157.5	160.867	0.243384	0.0992
162.0	160.867	0.219136	0.0604
166.5	160.867	0.181578	0.0482
171.0	160.867	0.233928	0.1129
175.5	160.867	0.172964	0.0575
180.0	160.867	0.16428	0.0688
184.5	160.867	0.17351	0.0825
189.0	160.867	0.148454	0.085
193.5	160.867	0.147193	0.079
198.0	160.867	0.143227	0.0718
202.5	160.867	0.124675	0.0643
207.0	160.867	0.117877	0.0763
211.5	160.867	0.108365	0.0762
216.0	160.867	0.106884	0.0735
220.5	160.867	0.113305	0.0729
225.0	160.867	0.105311	0.1024
229.5	160.867	0.0908949	0.062
234.0	160.867	0.080783	0.0646
238.5	160.867	0.0768686	0.0614
243.0	160.867	0.085359	0.0819
247.5	160.867	0.0850555	0.116
252.0	160.867	0.0802779	0.0834
256.5	160.867	0.0718268	0.0809
261.0	160.867	0.0680895	0.0893
265.5	160.867	0.0709787	0.1092
270.0	160.867	0.0652926	0.0751
274.5	160.867	0.0755561	0.0817
279.0	160.867	0.0770565	0.1613
283.5	160.867	0.0651786	0.0862
288.0	160.867	0.0610009	0.0816
292.5	160.867	0.0692184	0.1686
297.0	160.867	0.0606682	0.1475
301.5	160.867	0.0619477	0.0788
306.0	160.867	0.0563413	0.0933
310.5	160.867	0.0838588	0.1629
315.0	160.867	0.0650097	0.1111
319.5	160.867	0.071172	0.1854
324.0	160.867	0.0733056	0.1356
328.5	160.867	0.0681717	0.1165
333.0	160.867	0.052795	0.1067
337.5	160.867	0.0542745	0.1033
342.0	160.867	0.0500742	0.1001
346.5	160.867	0.0480382	0.0805
351.0	160.867	0.05419	0.1007
355.5	160.867	0.0539405	0.1053
360.0	160.867	0.0548403	0.1261
364.5	160.867	0.0565599	0.1734
369.0	160.867	0.0572012	0.116
373.5	160.867	0.0500194	0.1312
378.0	160.867	0.0468368	0.1641
382.5	160.867	0.0451297	0.177
387.0	160.867	0.0645644	0.2686
391.5	160.867	0.0519987	0.1968
396.0	160.867	0.0382552	0.1251
400.5	160.867	0.0367887	0.1372
405.0	160.867	0.0383624	0.2363
409.5	160.867	0.047451	0.2565
414.0	160.867	0.0341527	0.1442
418.5	160.867	0.030918	0.1111
423.0	160.867	0.025565	0.1604
427.5	160.867	0.0410424	0.2662
432.0	160.867	0.0266822	0.1424
436.5	160.867	0.0378421	0.2201
441.0	160.867	0.0267058	0.1304
445.5	160.867	0.0330924	0.1332
-450.0	163.433	0.0218037	0.2164
-445.5	163.433	0.0214338	0.1635
-441.0	163.433	0.0300783	0.3203
-436.5	163.433	0.0194667	0.1338
-432.0	163.433	0.0168141	0.1311
-427.5	163.433	0.0127036	0.1552
-423.0	163.433	0.0115965	0.1335
-418.5	163.433	0.0161823	0.1718
-414.0	163.433	0.0178417	0.1612
-409.5	163.433	0.0151799	0.2269
-405.0	163.433	0.0222795	0.1543
-400.5	163.433	0.0232139	0.152
-396.0	163.433	0.0186296	0.1529
-391.5	163.433	0.019518	0.1101
-387.0	163.433	0.0260121	0.1699
-382.5	163.433	0.0274908	0.1208
-378.0	163.433	0.0346818	0.2265
-373.5	163.433	0.0328919	0.1826
-369.0	163.433	0.0298554	0.1154
-364.5	163.433	0.0389824	0.1704
-360.0	163.433	0.0277942	0.1108
-355.5	163.433	0.0298933	0.1086
-351.0	163.433	0.0375777	0.1715
-346.5	163.433	0.0392487	0.1422
-342.0	163.433	0.0363789	0.0974
-337.5	163.433	0.0322469	0.0925
-333.0	163.433	0.0347284	0.092
-328.5	163.433	0.0427128	0.0889
-324.0	163.433	0.0431587	0.1467
-319.5	163.433	0.0384842	0.1036
-315.0	163.433	0.068033	0.3254
-310.5	163.433	0.0379228	0.0842
-306.0	163.433	0.04293	0.0982
-301.5	163.433	0.0504356	0.097
-297.0	163.433	0.061565	0.2696
-292.5	163.433	0.0530069	0.0793
-288.0	163.433	0.0561226	0.0796
-283.5	163.433	0.0690117	0.0938
-279.0	163.433	0.0681317	0.1035
-274.5	163.433	0.0582086	0.085
-270.0	163.433	0.0749249	0.1035
-265.5	163.433	0.0593664	0.0715
-261.0	163.433	0.0701736	0.0678
-256.5	163.433	0.0826514	0.08
-252.0	163.433	0.0891153	0.0747
-247.5	163.433	0.0805893	0.0647
-243.0	163.433	0.101038	0.1017
-238.5	163.433	0.122935	0.0948
-234.0	163.433	0.116578	0.0724
-229.5	163.433	0.158913	0.1006
-225.0	163.433	0.159914	0.0973
-220.5	163.433	0.151514	0.0721
-216.0	163.433	0.160094	0.0951
-211.5	163.433	0.166689	0.0583
-207.0	163.433	0.172047	0.0562
-202.5	163.433	0.211456	0.1127
-198.0	163.433	0.186313	0.0558
-193.5	163.433	0.216425	0.0817
-189.0	163.433	0.210583	0.0583
-184.5	163.433	0.230494	0.0962
-180.0	163.433	0.211808	0.057
-175.5	163.433	0.235596	0.057
-171.0	163.433	0.232886	0.0529
-166.5	163.433	0.232149	0.0476
-162.0	163.433	0.25223	0.1218
-157.5	163.433	0.279147	0.0752
-153.0	163.433	0.292968	0.0655
-148.5	163.433	0.307576	0.0788
-144.0	163.433	0.274331	0.0447
-139.5	163.433	0.311543	0.0491
-135.0	163.433	0.312117	0.0554
-130.5	163.433	0.323154	0.0823
-126.0	163.433	0.307114	0.056
-121.5	163.433	0.340149	0.0736
-117.0	163.433	0.328716	0.0496
-112.5	163.433	0.336669	0.0486
-108.0	163.433	0.333157	0.0568
-103.5	163.433	0.399626	0.0801
-99.0	163.433	0.433532	0.0781
-94.5	163.433	0.377073	0.0586
-90.0	163.433	0.435016	0.0636
-85.5	163.433	0.38464	0.0474
-81.0	163.433	0.405428	0.0938
-76.5	163.433	0.393027	0.0434
-72.0	163.433	0.397779	0.0508
-67.5	163.433	0.503867	0.1447
-63.0	163.433	0.480827	0.0856
-58.5	163.433	0.405352	0.052
-54.0	163.433	0.444591	0.0774
-49.5	163.433	0.397498	0.036
-45.0	163.433	0.478958	0.0781
-40.5	163.433	0.494289	0.1128
-36.0	163.433	0.43602	0.0603
-31.5	163.433	0.461906	0.0447
-27.0	163.433	0.461973	0.0668
-22.5	163.433	0.480276	0.0752
-18.0	163.433	0.470175	0.0626
-13.5	163.433	0.448569	0.0577
-9.0	163.433	0.462478	0.0728
-4.5	163.433	0.645076	0.258
0.0	163.433	0.468711	0.0781
4.5	163.433	0.431284	0.0479
9.0	163.433	0.462301	0.0713
13.5	163.433	0.414592	0.0429
18.0	163.433	0.426788	0.0448
22.5	163.433	0.408709	0.0442
27.0	163.433	0.446013	0.0499
31.5	163.433	0.489398	0.1073
36.0	163.433	0.451617	0.046
40.5	163.433	0.399733	0.0439
45.0	163.433	0.44898	0.0797
49.5	163.433	0.430162	0.0457
54.0	163.433	0.470798	0.1059
58.5	163.433	0.424911	0.0639
63.0	163.433	0.407001	0.0513
67.5	163.433	0.4223	0.056
72.0	163.433	0.417544	0.0826
76.5	163.433	0.389793	0.0747
81.0	163.433	0.369641	0.0584
85.5	163.433	0.397866	0.0835
90.0	163.433	0.373964	0.0459
94.5	163.433	0.372657	0.0682
99.0	163.433	0.364988	0.0653
103.5	163.433	0.33921	0.0804
108.0	163.433	0.302679	0.0627
112.5	163.433	0.275995	0.0437
117.0	163.433	0.278418	0.0521
121.5	163.433	0.292105	0.0656
126.0	163.433	0.30158	0.0791
130.5	163.433	0.282274	0.0977
135.0	163.433	0.262624	0.0636
139.5	163.433	0.263502	0.0842
144.0	163.433	0.242511	0.0659
148.5	163.433	0.250494	0.0605
153.0	163.433	0.210356	0.0538
157.5	163.433	0.237911	0.0903
162.0	163.433	0.225356	0.1363
166.5	163.433	0.198937	0.0731
171.0	163.433	0.193843	0.0776
175.5	163.433	0.163839	0.0583
180.0	163.433	0.167859	0.0606
184.5	163.433	0.16286	0.0903
189.0	163.433	0.143339	0.0594
193.5	163.433	0.148428	0.1553
198.0	163.433	0.137339	0.0884
202.5	163.433	0.117838	0.065
207.0	163.433	0.118576	0.0822
211.5	163.433	0.12132	0.0677
216.0	163.433	0.0939936	0.0798
220.5	163.433	0.114011	0.1476
225.0	163.433	0.0928278	0.0643
229.5	163.433	0.093498	0.0685
234.0	163.433	0.128748	0.1665
238.5	163.433	0.0879873	0.1129
243.0	163.433	0.0958835	0.1296
247.5	163.433	0.0656053	0.1116
252.0	163.433	0.0687352	0.0723
256.5	163.433	0.080061	0.1047
261.0	163.433	0.0731993	0.1084
265.5	163.433	0.080413	0.1273
270.0	163.433	0.0710437	0.131
274.5	163.433	0.0766467	0.1168
279.0	163.433	0.0778037	0.1149
283.5	163.433	0.0861605	0.2415
288.0	163.433	0.0596351	0.109
292.5	163.433	0.0689045	0.1847
297.0	163.433	0.06236	0.0962
301.5	163.433	0.0634602	0.0895
306.0	163.433	0.0559288	0.0871
310.5	163.433	0.0780295	0.1834
315.0	163.433	0.0683046	0.1229
319.5	163.433	0.0664381	0.1274
324.0	163.433	0.054161	0.0781
328.5	163.433	0.0515144	0.08
333.0	163.433	0.068822	0.172
337.5	163.433	0.0799619	0.2368
342.0	163.433	0.0549686	0.1384
346.5	163.433	0.0466262	0.0949
351.0	163.433	0.0490975	0.1053
355.5	163.433	0.0516077	0.1003
360.0	163.433	0.0555664	0.1598
364.5	163.433	0.0410472	0.0951
369.0	163.433	0.0485416	0.1243
373.5	163.433	0.0541034	0.1136
378.0	163.433	0.0473493	0.1204
382.5	163.433	0.0447215	0.1094
387.0	163.433	0.0529898	0.1959
391.5	163.433	0.0489222	0.164
396.0	163.433	0.0451154	0.2102
400.5	163.433	0.0352579	0.2738
405.0	163.433	0.0251236	0.1267
409.5	163.433	0.0234855	0.121
414.0	163.433	0.0307336	0.1655
418.5	163.433	0.0284754	0.1485
423.0	163.433	0.0256698	0.1248
427.5	163.433	0.0237644	0.1363
432.0	163.433	0.0297837	0.164
436.5	163.433	0.0388265	0.2028
441.0	163.433	0.0460618	0.3653
445.5	163.433	0.0658629	0.2886
-450.0	166.0	0.0281201	0.2728
-445.5	166.0	0.020994	0.1527
-441.0	166.0	0.0215004	0.1431
-436.5	166.0	0.0243287	0.1651
-432.0	166.0	0.0204016	0.2091
-427.5	166.0	0.0179621	0.1866
-423.0	166.0	0.0204405	0.1871
-418.5	166.0	0.0163278	0.1425
-414.0	166.0	0.0245545	0.3216
-409.5	166.0	0.0168631	0.2128
-405.0	166.0	0.0164595	0.1451
-400.5	166.0	0.016111	0.1226
-396.0	166.0	0.030032	0.3875
-391.5	166.0	0.0210899	0.1357
-387.0	166.0	0.0273112	0.1163
-382.5	166.0	0.0273365	0.1164
-378.0	166.0	0.0273868	0.1064
-373.5	166.0	0.0257032	0.1162
-369.0	166.0	0.0333889	0.1195
-364.5	166.0	0.0277029	0.1235
-360.0	166.0	0.0276532	0.1174
-355.5	166.0	0.0287696	0.1156
-351.0	166.0	0.030302	0.107
-346.5	166.0	0.0297614	0.0942
-342.0	166.0	0.0376664	0.108
-337.5	166.0	0.0458367	0.1781
-333.0	166.0	0.0427695	0.1233
-328.5	166.0	0.0422852	0.1263
-324.0	166.0	0.0315137	0.0824
-319.5	166.0	0.0366045	0.0953
-315.0	166.0	0.0456036	0.0926
-310.5	166.0	0.04926	0.0802
-306.0	166.0	0.045931	0.119
-301.5	166.0	0.0696808	0.4319
-297.0	166.0	0.0513639	0.127
-292.5	166.0	0.0506216	0.0913
-288.0	166.0	0.0635003	0.142
-283.5	166.0	0.0566387	0.0841
-279.0	166.0	0.0906122	0.3288
-274.5	166.0	0.0647775	0.0907
-270.0	166.0	0.0858029	0.3253
-265.5	166.0	0.0745736	0.0944
-261.0	166.0	0.0659624	0.066
-256.5	166.0	0.0839311	0.0905
-252.0	166.0	0.106439	0.1453
-247.5	166.0	0.0946368	0.0948
-243.0	166.0	0.0892132	0.0674
-238.5	166.0	0.0954295	0.0728
-234.0	166.0	0.108441	0.0918
-229.5	166.0	0.117819	0.0892
-225.0	166.0	0.155612	0.1105
-220.5	166.0	0.140687	0.0621
-216.0	166.0	0.159915	0.0747
-211.5	166.0	0.164559	0.0638
-207.0	166.0	0.182732	0.0796
-202.5	166.0	0.158379	0.0598
-198.0	166.0	0.18451	0.0682
-193.5	166.0	0.220628	0.0654
-189.0	166.0	0.228316	0.0807
-184.5	166.0	0.210271	0.061
-180.0	166.0	0.251278	0.0919
-175.5	166.0	0.251174	0.0666
-171.0	166.0	0.232622	0.091
-166.5	166.0	0.237057	0.0568
-162.0	166.0	0.267633	0.0928
-157.5	166.0	0.28464	0.0754
-153.0	166.0	0.285858	0.0803
-148.5	166.0	0.279778	0.099
-144.0	166.0	0.252171	0.048
-139.5	166.0	0.254809	0.0551
-135.0	166.0	0.276744	0.0513
-130.5	166.0	0.30346	0.0635
-126.0	166.0	0.279434	0.0553
-121.5	166.0	0.290799	0.0495
-117.0	166.0	0.29502	0.0498
-112.5	166.0	0.3051	0.0552
-108.0	166.0	0.323105	0.0403
-103.5	166.0	0.333521	0.053
-99.0	166.0	0.321391	0.0383
-94.5	166.0	0.338574	0.0527
-90.0	166.0	0.384295	0.0544
-85.5	166.0	0.36587	0.0673
-81.0	166.0	0.369507	0.0536
-76.5	166.0	0.384641	0.0641
-72.0	166.0	0.404085	0.0723
-67.5	166.0	0.410364	0.045
-63.0	166.0	0.422234	0.067
-58.5	166.0	0.410103	0.0478
-54.0	166.0	0.45156	0.0739
-49.5	166.0	0.408629	0.0429
-45.0	166.0	0.433857	0.0525
-40.5	166.0	0.496122	0.0807
-36.0	166.0	0.433133	0.0659
-31.5	166.0	0.456208	0.0654
-27.0	166.0	0.454734	0.0676
-22.5	166.0	0.398852	0.0454
-18.0	166.0	0.532012	0.1056
-13.5	166.0	0.432014	0.0695
-9.0	166.0	0.471254	0.1157
-4.5	166.0	0.444839	0.064
0.0	166.0	0.381	0.0338
4.5	166.0	0.432688	0.0695
9.0	166.0	0.445703	0.0753
13.5	166.0	0.473882	0.0953
18.0	166.0	0.407192	0.0499
22.5	166.0	0.417854	0.0788
27.0	166.0	0.477298	0.0897
31.5	166.0	0.445459	0.0776
36.0	166.0	0.41397	0.0845
40.5	166.0	0.416313	0.0458
45.0	166.0	0.436948	0.0542
49.5	166.0	0.437495	0.0864
54.0	166.0	0.460245	0.064
58.5	166.0	0.422405	0.0713
63.0	166.0	0.3878	0.0648
67.5	166.0	0.408573	0.0875
72.0	166.0	0.474078	0.1321
76.5	166.0	0.356615	0.0492
81.0	166.0	0.393974	0.0821
85.5	166.0	0.375987	0.0754
90.0	166.0	0.390552	0.0916
94.5	166.0	0.339639	0.068
99.0	166.0	0.349711	0.065
103.5	166.0	0.289461	0.0409
108.0	166.0	0.30622	0.0589
112.5	166.0	0.278397	0.0533
117.0	166.0	0.261492	0.0486
121.5	166.0	0.300862	0.0684
126.0	166.0	0.244312	0.0442
130.5	166.0	0.235967	0.0615
135.0	166.0	0.276838	0.0795
139.5	166.0	0.225287	0.0667
144.0	166.0	0.255946	0.0921
148.5	166.0	0.219056	0.0798
153.0	166.0	0.21337	0.0911
157.5	166.0	0.200255	0.0928
162.0	166.0	0.181061	0.0754
166.5	166.0	0.176103	0.089
171.0	166.0	0.170718	0.0632
175.5	166.0	0.136991	0.0498
180.0	166.0	0.145897	0.0664
184.5	166.0	0.153882	0.091
189.0	166.0	0.13883	0.0555
193.5	166.0	0.14431	0.1515
198.0	166.0	0.121606	0.064
202.5	166.0	0.12175	0.0572
207.0	166.0	0.111216	0.0742
211.5	166.0	0.116153	0.0955
216.0	166.0	0.0933953	0.0564
220.5	166.0	0.0828238	0.0652
225.0	166.0	0.0970998	0.0747
229.5	166.0	0.0760774	0.0666
234.0	166.0	0.100712	0.1151
238.5	166.0	0.103902	0.2138
243.0	166.0	0.0800419	0.0798
247.5	166.0	0.0903579	0.1913
252.0	166.0	0.0634715	0.0753
256.5	166.0	0.0769213	0.0807
261.0	166.0	0.0611948	0.0623
265.5	166.0	0.0750641	0.1059
270.0	166.0	0.0755469	0.1523
274.5	166.0	0.0658252	0.1067
279.0	166.0	0.075855	0.2433
283.5	166.0	0.0597754	0.0977
288.0	166.0	0.0774667	0.1627
292.5	166.0	0.0647806	0.1416
297.0	166.0	0.0591111	0.1219
301.5	166.0	0.05988	0.0922
306.0	166.0	0.0643322	0.1246
310.5	166.0	0.107162	0.3145
315.0	166.0	0.0678136	0.1821
319.5	166.0	0.0529986	0.0916
324.0	166.0	0.0527212	0.0871
328.5	166.0	0.0528462	0.1333
333.0	166.0	0.0468272	0.0904
337.5	166.0	0.0509145	0.0922
342.0	166.0	0.0573918	0.1466
346.5	166.0	0.0490287	0.1146
351.0	166.0	0.0477768	0.0883
355.5	166.0	0.0478147	0.1195
360.0	166.0	0.0894429	0.3849
364.5	166.0	0.0470836	0.1225
369.0	166.0	0.0463958	0.1218
373.5	166.0	0.0420341	0.1027
378.0	166.0	0.0588001	0.2606
382.5	166.0	0.0468698	0.2125
387.0	166.0	0.0399338	0.1657
391.5	166.0	0.0423611	0.2265
396.0	166.0	0.059835	0.2498
400.5	166.0	0.0498458	0.2228
405.0	166.0	0.0527556	0.3314
409.5	166.0	0.0542619	0.4675
414.0	166.0	0.0459712	0.2864
418.5	166.0	0.0264498	0.1579
423.0	166.0	0.0307961	0.1977
427.5	166.0	0.0253573	0.1388
432.0	166.0	0.0292412	0.1407
436.5	166.0	0.0394176	0.1866
441.0	166.0	0.0465225	0.2423
445.5	166.0	0.0331191	0.1989
-450.0	168.567	0.0378723	0.3931
-445.5	168.567	0.0170496	0.1501
-441.0	168.567	0.0232533	0.4045
-436.5	168.567	0.0181836	0.1768
-432.0	168.567	0.0142449	0.2172
-427.5	168.567	0.01982	0.3246
-423.0	168.567	0.017965	0.18
-418.5	168.567	0.0152771	0.1511
-414.0	168.567	0.0158635	0.204
-409.5	168.567	0.0221227	0.1933
-405.0	168.567	0.0197325	0.2501
-400.5	168.567	0.0177883	0.1494
-396.0	168.567	0.0209167	0.148
-391.5	168.567	0.0186748	0.1231
-387.0	168.567	0.0238371	0.1316
-382.5	168.567	0.0222841	0.1293
-378.0	168.567	0.0263631	0.1265
-373.5	168.567	0.0283966	0.1311
-369.0	168.567	0.0272473	0.1156
-364.5	168.567	0.025941	0.1082
-360.0	168.567	0.0291722	0.1918
-355.5	168.567	0.0317414	0.1184
-351.0	168.567	0.0411728	0.1665
-346.5	168.567	0.0324389	0.1386
-342.0	168.567	0.041637	0.121
-337.5	168.567	0.0479678	0.1394
-333.0	168.567	0.0364603	0.1047
-328.5	168.567	0.0395629	0.1817
-324.0	168.567	0.0305532	0.098
-319.5	168.567	0.0510584	0.1135
-315.0	168.567	0.0570469	0.2308
-310.5	168.567	0.041687	0.1263
-306.0	168.567	0.0422409	0.1089
-301.5	168.567	0.0472205	0.1038
-297.0	168.567	0.0527191	0.08
-292.5	168.567	0.0430167	0.0845
-288.0	168.567	0.072074	0.1874
-283.5	168.567	0.0600169	0.1077
-279.0	168.567	0.0642642	0.1072
-274.5	168.567	0.0707172	0.1104
-270.0	168.567	0.0640221	0.0916
-265.5	168.567	0.0684822	0.0794
-261.0	168.567	0.0712578	0.0706
-256.5	168.567	0.0750905	0.0692
-252.0	168.567	0.0898737	0.1195
-247.5	168.567	0.0966159	0.0748
-243.0	168.567	0.0906345	0.108
-238.5	168.567	0.0960452	0.0843
-234.0	168.567	0.109934	0.063
-229.5	168.567	0.133118	0.0945
-225.0	168.567	0.125852	0.0721
-220.5	168.567	0.13151	0.0661
-216.0	168.567	0.132786	0.0611
-211.5	168.567	0.166591	0.0955
-207.0	168.567	0.166664	0.0681
-202.5	168.567	0.171728	0.0631
-198.0	168.567	0.200098	0.0927
-193.5	168.567	0.198215	0.0768
-189.0	168.567	0.189719	0.0796
-184.5	168.567	0.205364	0.0587
-180.0	168.567	0.221294	0.1109
-175.5	168.567	0.224297	0.0759
-171.0	168.567	0.217813	0.0572
-166.5	168.567	0.190602	0.0445
-162.0	168.567	0.21719	0.0582
-157.5	168.567	0.245898	0.0527
-153.0	168.567	0.26079	0.0785
-148.5	168.567	0.255371	0.062
-144.0	168.567	0.28296	0.091
-139.5	168.567	0.2587	0.0447
-135.0	168.567	0.304393	0.1038
-130.5	168.567	0.270642	0.0524
-126.0	168.567	0.263024	0.0464
-121.5	168.567	0.29758	0.0546
-117.0	168.567	0.331417	0.1051
-112.5	168.567	0.302128	0.061
-108.0	168.567	0.272451	0.0732
-103.5	168.567	0.301878	0.0436
-99.0	168.567	0.313459	0.0583
-94.5	168.567	0.32548	0.0611
-90.0	168.567	0.352193	0.0536
-85.5	168.567	0.34684	0.0688
-81.0	168.567	0.387901	0.1012
-76.5	168.567	0.348036	0.0832
-72.0	168.567	0.370199	0.0524
-67.5	168.567	0.377761	0.054
-63.0	168.567	0.409903	0.0813
-58.5	168.567	0.421579	0.0746
-54.0	168.567	0.410567	0.0488
-49.5	168.567	0.356433	0.0341
-45.0	168.567	0.427819	0.0879
-40.5	168.567	0.446216	0.0885
-36.0	168.567	0.391679	0.0385
-31.5	168.567	0.392915	0.0419
-27.0	168.567	0.415409	0.0525
-22.5	168.567	0.42836	0.0588
-18.0	168.567	0.412441	0.0567
-13.5	168.567	0.486341	0.141
-9.0	168.567	0.433253	0.0554
-4.5	168.567	0.468134	0.0812
0.0	168.567	0.410026	0.0605
4.5	168.567	0.411306	0.1043
9.0	168.567	0.396463	0.0741
13.5	168.567	0.417509	0.0664
18.0	168.567	0.425217	0.0564
22.5	168.567	0.395873	0.0629
27.0	168.567	0.427899	0.069
31.5	168.567	0.398954	0.0518
36.0	168.567	0.403763	0.064
40.5	168.567	0.413073	0.075
45.0	168.567	0.424691	0.0643
49.5	168.567	0.413436	0.0565
54.0	168.567	0.408947	0.0701
58.5	168.567	0.397504	0.0766
63.0	168.567	0.465708	0.226
67.5	168.567	0.34339	0.0598
72.0	168.567	0.351285	0.051
76.5	168.567	0.352294	0.0695
81.0	168.567	0.350829	0.0643
85.5	168.567	0.311518	0.0447
90.0	168.567	0.383441	0.0978
94.5	168.567	0.29207	0.0521
99.0	168.567	0.317316	0.0764
103.5	168.567	0.302439	0.093
108.0	168.567	0.307125	0.0732
112.5	168.567	0.286413	0.0648
117.0	168.567	0.265388	0.0531
121.5	168.567	0.259425	0.0603
126.0	168.567	0.255305	0.1075
130.5	168.567	0.220688	0.0458
135.0	168.567	0.22376	0.0552
139.5	168.567	0.22631	0.092
144.0	168.567	0.206823	0.0882
148.5	168.567	0.209635	0.0628
153.0	168.567	0.207878	0.0898
157.5	168.567	0.170663	0.0692
162.0	168.567	0.166404	0.0567
166.5	168.567	0.169782	0.0695
171.0	168.567	0.157841	0.0759
175.5	168.567	0.149387	0.0721
180.0	168.567	0.148153	0.0733
184.5	168.567	0.124736	0.0621
189.0	168.567	0.146198	0.1922
193.5	168.567	0.120473	0.0563
198.0	168.567	0.106843	0.0665
202.5	168.567	0.138181	0.1072
207.0	168.567	0.0966438	0.0759
211.5	168.567	0.103133	0.0824
216.0	168.567	0.091389	0.0828
220.5	168.567	0.0880787	0.0767
225.0	168.567	0.0863393	0.1073
229.5	168.567	0.0822825	0.0964
234.0	168.567	0.0699006	0.0822
238.5	168.567	0.0889308	0.1142
243.0	168.567	0.0734257	0.0832
247.5	168.567	0.0752699	0.0911
252.0	168.567	0.0729641	0.0915
256.5	168.567	0.0704199	0.081
261.0	168.567	0.0642186	0.0795
265.5	168.567	0.108413	0.4238
270.0	168.567	0.0705465	0.1811
274.5	168.567	0.0738132	0.1167
279.0	168.567	0.0627091	0.1511
283.5	168.567	0.0819005	0.2266
288.0	168.567	0.0610203	0.09
292.5	168.567	0.072948	0.2139
297.0	168.567	0.0597307	0.1012
301.5	168.567	0.0623891	0.1563
306.0	168.567	0.0906372	0.28
310.5	168.567	0.0492134	0.0805
315.0	168.567	0.0515249	0.0945
319.5	168.567	0.0476736	0.0868
324.0	168.567	0.0525626	0.1255
328.5	168.567	0.072858	0.2622
333.0	168.567	0.0581713	0.1173
337.5	168.567	0.0444731	0.0892
342.0	168.567	0.0481483	0.0995
346.5	168.567	0.0570105	0.1524
351.0	168.567	0.0500606	0.1106
355.5	168.567	0.0708865	0.1983
360.0	168.567	0.0489104	0.1634
364.5	168.567	0.0615697	0.2728
369.0	168.567	0.0581034	0.1738
373.5	168.567	0.0510201	0.2645
378.0	168.567	0.0536062	0.1316
382.5	168.567	0.0459954	0.2264
387.0	168.567	0.0388496	0.1088
391.5	168.567	0.0437898	0.178
396.0	168.567	0.0423626	0.2418
400.5	168.567	0.04159	0.1439
405.0	168.567	0.0586004	0.2727
409.5	168.567	0.0452152	0.4674
414.0	168.567	0.045785	0.2417
418.5	168.567	0.0284228	0.1969
423.0	168.567	0.0301813	0.1478
427.5	168.567	0.0379005	0.2575
432.0	168.567	0.0261476	0.2355
436.5	168.567	0.0237849	0.1284
441.0	168.567	0.0277644	0.2347
445.5	168.567	0.0290946	0.1643
-450.0	171.133	0.0198619	0.1759
-445.5	171.133	0.0172862	0.1771
-441.0	171.133	0.014955	0.1674
-436.5	171.133	0.0217691	0.1868
-432.0	171.133	0.0197975	0.1842
-427.5	171.133	0.0127313	0.1594
-423.0	171.133	0.0117082	0.1463
-418.5	171.133	0.0255745	0.2961
-414.0	171.133	0.0237064	0.172
-409.5	171.133	0.0146909	0.1438
-405.0	171.133	0.0205327	0.1708
-400.5	171.133	0.0176083	0.1393
-396.0	171.133	0.0524603	0.4448
-391.5	171.133	0.03792	0.4455
-387.0	171.133	0.0407627	0.4303
-382.5	171.133	0.0289668	0.131
-378.0	171.133	0.0381669	0.2171
-373.5	171.133	0.0429281	0.3393
-369.0	171.133	0.0265626	0.1454
-364.5	171.133	0.0449594	0.3767
-360.0	171.133	0.0359285	0.1865
-355.5	171.133	0.0275279	0.0926
-351.0	171.133	0.0309595	0.1044
-346.5	171.133	0.0366179	0.1018
-342.0	171.133	0.0304919	0.0942
-337.5	171.133	0.0444065	0.2818
-333.0	171.133	0.0336784	0.0993
-328.5	171.133	0.027148	0.0849
-324.0	171.133	0.036682	0.1097
-319.5	171.133	0.0483489	0.1108
-315.0	171.133	0.0363912	0.0794
-310.5	171.133	0.0485852	0.1485
-306.0	171.133	0.0384692	0.0843
-301.5	171.133	0.053931	0.1026
-297.0	171.133	0.0451723	0.0921
-292.5	171.133	0.0478841	0.0834
-288.0	171.133	0.0475501	0.0839
-283.5	171.133	0.0561394	0.1483
-279.0	171.133	0.0666661	0.0989
-274.5	171.133	0.0720555	0.0824
-270.0	171.133	0.0532273	0.091
-265.5	171.133	0.0572358	0.0685
-261.0	171.133	0.0869354	0.2113
-256.5	171.133	0.086873	0.1331
-252.0	171.133	0.0819162	0.1176
-247.5	171.133	0.0908524	0.1034
-243.0	171.133	0.0917366	0.0903
-238.5	171.133	0.105191	0.0951
-234.0	171.133	0.107028	0.067
-229.5	171.133	0.114245	0.0764
-225.0	171.133	0.146312	0.142
-220.5	171.133	0.124314	0.0654
-216.0	171.133	0.160908	0.0801
-211.5	171.133	0.157489	0.1197
-207.0	171.133	0.160087	0.061
-202.5	171.133	0.172478	0.0671
-198.0	171.133	0.1741	0.0735
-193.5	171.133	0.180575	0.0648
-189.0	171.133	0.186192	0.0708
-184.5	171.133	0.207701	0.0952
-180.0	171.133	0.195798	0.0529
-175.5	171.133	0.24123	0.0804
-171.0	171.133	0.208187	0.056
-166.5	171.133	0.222724	0.0593
-162.0	171.133	0.230442	0.0596
-157.5	171.133	0.238096	0.0579
-153.0	171.133	0.23951	0.0491
-148.5	171.133	0.257345	0.0706
-144.0	171.133	0.268749	0.1092
-139.5	171.133	0.267748	0.0687
-135.0	171.133	0.260367	0.0631
-130.5	171.133	0.284218	0.0751
-126.0	171.133	0.2719	0.0573
-121.5	171.133	0.278502	0.0531
-117.0	171.133	0.286084	0.05
-112.5	171.133	0.302109	0.0627
-108.0	171.133	0.28699	0.0425
-103.5	171.133	0.289585	0.04
-99.0	171.133	0.301698	0.0525
-94.5	171.133	0.29279	0.048
-90.0	171.133	0.365278	0.0905
-85.5	171.133	0.385422	0.1191
-81.0	171.133	0.313365	0.0456
-76.5	171.133	0.342091	0.0642
-72.0	171.133	0.355717	0.0522
-67.5	171.133	0.329403	0.0391
-63.0	171.133	0.39142	0.0566
-58.5	171.133	0.421726	0.0965
-54.0	171.133	0.376796	0.0649
-49.5	171.133	0.386707	0.0474
-45.0	171.133	0.393511	0.0708
-40.5	171.133	0.480796	0.0878
-36.0	171.133	0.373152	0.0502
-31.5	171.133	0.358038	0.0472
-27.0	171.133	0.405833	0.0745
-22.5	171.133	0.388414	0.0617
-18.0	171.133	0.546017	0.2499
-13.5	171.133	0.363504	0.045
-9.0	171.133	0.434886	0.0855
-4.5	171.133	0.402295	0.068
0.0	171.133	0.392882	0.0745
4.5	171.133	0.378721	0.0537
9.0	171.133	0.405225	0.0606
13.5	171.133	0.392121	0.0576
18.0	171.133	0.392687	0.0578
22.5	171.133	0.417756	0.0684
27.0	171.133	0.389711	0.0625
31.5	171.133	0.375042	0.0569
36.0	171.133	0.378095	0.0688
40.5	171.133	0.433124	0.0842
45.0	171.133	0.385407	0.1025
49.5	171.133	0.404727	0.0722
54.0	171.133	0.365227	0.0539
58.5	171.133	0.417651	0.0838
63.0	171.133	0.374766	0.1044
67.5	171.133	0.310044	0.0639
72.0	171.133	0.328307	0.054
76.5	171.133	0.324993	0.052
81.0	171.133	0.310143	0.0561
85.5	171.133	0.31454	0.0554
90.0	171.133	0.347908	0.0839
94.5	171.133	0.292331	0.0631
99.0	171.133	0.333803	0.1238
103.5	171.133	0.281881	0.0649
108.0	171.133	0.257053	0.0475
112.5	171.133	0.240765	0.0595
117.0	171.133	0.243381	0.0497
121.5	171.133	0.224941	0.0533
126.0	171.133	0.240225	0.0731
130.5	171.133	0.215671	0.0548
135.0	171.133	0.201188	0.0667
139.5	171.133	0.215733	0.0851
144.0	171.133	0.188942	0.0535
148.5	171.133	0.17773	0.0484
153.0	171.133	0.179488	0.0516
157.5	171.133	0.173232	0.0654
162.0	171.133	0.17404	0.0889
166.5	171.133	0.177578	0.1625
171.0	171.133	0.144778	0.0552
175.5	171.133	0.130877	0.0625
180.0	171.133	0.141337	0.1097
184.5	171.133	0.130881	0.0803
189.0	171.133	0.112417	0.0893
193.5	171.133	0.123883	0.0964
198.0	171.133	0.113192	0.0738
202.5	171.133	0.116513	0.1012
207.0	171.133	0.0892631	0.0561
211.5	171.133	0.0939162	0.0958
216.0	171.133	0.0954095	0.0924
220.5	171.133	0.0877854	0.0716
225.0	171.133	0.0913999	0.1659
229.5	171.133	0.0815885	0.1268
234.0	171.133	0.077111	0.0977
238.5	171.133	0.084911	0.0861
243.0	171.133	0.0689617	0.1216
247.5	171.133	0.0663153	0.0908
252.0	171.133	0.0615254	0.0684
256.5	171.133	0.0676457	0.0823
261.0	171.133	0.0794335	0.1439
265.5	171.133	0.0589433	0.083
270.0	171.133	0.0708284	0.1648
274.5	171.133	0.0607598	0.0997
279.0	171.133	0.0609911	0.1179
283.5	171.133	0.0636301	0.1125
288.0	171.133	0.0510166	0.0631
292.5	171.133	0.0817373	0.2125
297.0	171.133	0.0658499	0.1262
301.5	171.133	0.0600154	0.0953
306.0	171.133	0.0574083	0.0881
310.5	171.133	0.0493723	0.0903
315.0	171.133	0.0476118	0.0739
319.5	171.133	0.0730882	0.1899
324.0	171.133	0.0481806	0.0848
328.5	171.133	0.0474906	0.1319
333.0	171.133	0.0514544	0.1156
337.5	171.133	0.0504569	0.1301
342.0	171.133	0.0490859	0.1011
346.5	171.133	0.0465056	0.0965
351.0	171.133	0.0550652	0.1371
355.5	171.133	0.0553367	0.1182
360.0	171.133	0.0453347	0.0974
364.5	171.133	0.0406067	0.1033
369.0	171.133	0.0418533	0.1188
373.5	171.133	0.0412013	0.1401
378.0	171.133	0.0479332	0.1503
382.5	171.133	0.0375102	0.1625
387.0	171.133	0.0591116	0.2679
391.5	171.133	0.031908	0.1335
396.0	171.133	0.0345974	0.1556
400.5	171.133	0.053205	0.2898
405.0	171.133	0.0714115	0.4636
409.5	171.133	0.0331464	0.2283
414.0	171.133	0.0322048	0.2334
418.5	171.133	0.0390269	0.2137
423.0	171.133	0.025539	0.1405
427.5	171.133	0.0357496	0.2487
432.0	171.133	0.0320182	0.163
436.5	171.133	0.025	0.2169
441.0	171.133	0.0234227	0.1391
445.5	171.133	0.0352151	0.1435
-450.0	173.7	0.0200283	0.2107
-445.5	173.7	0.0152735	0.1267
-441.0	173.7	0.0175034	0.1987
-436.5	173.7	0.0179159	0.1719
-432.0	173.7	0.0153641	0.1503
-427.5	173.7	0.0171441	0.172
-423.0	173.7	0.0150347	0.2056
-418.5	173.7	0.0171142	0.2722
-414.0	173.7	0.0185305	0.2104
-409.5	173.7	0.0214639	0.1589
-405.0	173.7	0.0115083	0.135
-400.5	173.7	0.0166098	0.1451
-396.0	173.7	0.0223009	0.1356
-391.5	173.7	0.0274295	0.2769
-387.0	173.7	0.0215408	0.1593
-382.5	173.7	0.029128	0.1299
-378.0	173.7	0.0258258	0.1129
-373.5	173.7	0.025613	0.128
-369.0	173.7	0.0446339	0.3684
-364.5	173.7	0.0243315	0.1098
-360.0	173.7	0.0463356	0.392
-355.5	173.7	0.0328833	0.1481
-351.0	173.7	0.0313201	0.1031
-346.5	173.7	0.0340265	0.1119
-342.0	173.7	0.0366964	0.1366
-337.5	173.7	0.0371666	0.2083
-333.0	173.7	0.0330674	0.1043
-328.5	173.7	0.0398254	0.2163
-324.0	173.7	0.0451649	0.1536
-319.5	173.7	0.0412896	0.1452
-315.0	173.7	0.0487739	0.0927
-310.5	173.7	0.0469393	0.1144
-306.0	173.7	0.0371041	0.076
-301.5	173.7	0.0430826	0.0919
-297.0	173.7	0.0411704	0.0837
-292.5	173.7	0.0407501	0.0989
-288.0	173.7	0.0515846	0.1308
-283.5	173.7	0.054074	0.101
-279.0	173.7	0.0564645	0.0814
-274.5	173.7	0.0527346	0.0754
-270.0	173.7	0.0603471	0.0976
-265.5	173.7	0.0788311	0.1636
-261.0	173.7	0.0600604	0.0905
-256.5	173.7	0.087403	0.163
-252.0	173.7	0.0945144	0.1327
-247.5	173.7	0.091756	0.1167
-243.0	173.7	0.0896291	0.0722
-238.5	173.7	0.105227	0.1102
-234.0	173.7	0.112676	0.0662
-229.5	173.7	0.136419	0.0987
-225.0	173.7	0.110427	0.0611
-220.5	173.7	0.121035	0.0801
-216.0	173.7	0.124976	0.0618
-211.5	173.7	0.171951	0.1091
-207.0	173.7	0.165812	0.0843
-202.5	173.7	0.143392	0.0621
-198.0	173.7	0.178784	0.0997
-193.5	173.7	0.162242	0.0781
-189.0	173.7	0.198532	0.1357
-184.5	173.7	0.173556	0.0593
-180.0	173.7	0.229534	0.1106
-175.5	173.7	0.182416	0.0538
-171.0	173.7	0.202419	0.0692
-166.5	173.7	0.206991	0.0775
-162.0	173.7	0.237766	0.1277
-157.5	173.7	0.233713	0.0688
-153.0	173.7	0.253174	0.0748
-148.5	173.7	0.22929	0.0642
-144.0	173.7	0.215976	0.0525
-139.5	173.7	0.241589	0.0801
-135.0	173.7	0.242933	0.0826
-130.5	173.7	0.275906	0.1341
-126.0	173.7	0.237875	0.0423
-121.5	173.7	0.238664	0.0543
-117.0	173.7	0.265136	0.058
-112.5	173.7	0.267951	0.0548
-108.0	173.7	0.289911	0.0878
-103.5	173.7	0.316881	0.1021
-99.0	173.7	0.297465	0.0565
-94.5	173.7	0.288113	0.047
-90.0	173.7	0.323062	0.0858
-85.5	173.7	0.358707	0.1057
-81.0	173.7	0.324683	0.0813
-76.5	173.7	0.364498	0.0917
-72.0	173.7	0.314764	0.0449
-67.5	173.7	0.408892	0.0853
-63.0	173.7	0.356722	0.0613
-58.5	173.7	0.357972	0.0723
-54.0	173.7	0.353648	0.0647
-49.5	173.7	0.453304	0.1058
-45.0	173.7	0.452818	0.102
-40.5	173.7	0.463026	0.1902
-36.0	173.7	0.345499	0.0722
-31.5	173.7	0.375456	0.0749
-27.0	173.7	0.358497	0.0451
-22.5	173.7	0.428621	0.0838
-18.0	173.7	0.360538	0.0561
-13.5	173.7	0.342928	0.0515
-9.0	173.7	0.362057	0.0552
-4.5	173.7	0.360939	0.0617
0.0	173.7	0.390335	0.0697
4.5	173.7	0.34159	0.0588
9.0	173.7	0.343603	0.0467
13.5	173.7	0.379922	0.0696
18.0	173.7	0.370847	0.0727
22.5	173.7	0.349438	0.049
27.0	173.7	0.350695	0.0822
31.5	173.7	0.321611	0.0486
36.0	173.7	0.378382	0.0601
40.5	173.7	0.36769	0.0677
45.0	173.7	0.372159	0.0521
49.5	173.7	0.383042	0.0885
54.0	173.7	0.384824	0.0782
58.5	173.7	0.359739	0.076
63.0	173.7	0.369208	0.0796
67.5	173.7	0.316915	0.0639
72.0	173.7	0.349887	0.0577
76.5	173.7	0.303127	0.0515
81.0	173.7	0.286861	0.0708
85.5	173.7	0.305204	0.0676
90.0	173.7	0.329636	0.1091
94.5	173.7	0.300545	0.0709
99.0	173.7	0.257157	0.0481
103.5	173.7	0.277167	0.0712
108.0	173.7	0.276517	0.0706
112.5	173.7	0.234416	0.0592
117.0	173.7	0.326794	0.1655
121.5	173.7	0.213291	0.0573
126.0	173.7	0.216171	0.0595
130.5	173.7	0.21757	0.0701
135.0	173.7	0.226969	0.0664
139.5	173.7	0.201419	0.0718
144.0	173.7	0.166745	0.0534
148.5	173.7	0.166043	0.0542
153.0	173.7	0.214954	0.2075
157.5	173.7	0.180455	0.0867
162.0	173.7	0.152113	0.0522
166.5	173.7	0.144096	0.0566
171.0	173.7	0.13744	0.0608
175.5	173.7	0.138112	0.0726
180.0	173.7	0.171969	0.1163
184.5	173.7	0.161518	0.1469
189.0	173.7	0.113248	0.0773
193.5	173.7	0.107185	0.0763
198.0	173.7	0.107234	0.1043
202.5	173.7	0.0917166	0.0679
207.0	173.7	0.12663	0.1146
211.5	173.7	0.112294	0.1617
216.0	173.7	0.0828609	0.0667
220.5	173.7	0.0869805	0.0758
225.0	173.7	0.0774869	0.0785
229.5	173.7	0.069667	0.0848
234.0	173.7	0.0668182	0.0599
238.5	173.7	0.0723474	0.0678
243.0	173.7	0.0603983	0.0683
247.5	173.7	0.0832144	0.1672
252.0	173.7	0.0655759	0.0792
256.5	173.7	0.0567523	0.0819
261.0	173.7	0.0731414	0.1878
265.5	173.7	0.0718601	0.1336
270.0	173.7	0.0628719	0.1708
274.5	173.7	0.0569398	0.0869
279.0	173.7	0.0617472	0.0973
283.5	173.7	0.0559833	0.0867
288.0	173.7	0.0539356	0.074
292.5	173.7	0.0612331	0.1097
297.0	173.7	0.0591109	0.1112
301.5	173.7	0.0498651	0.0955
306.0	173.7	0.0761533	0.2808
310.5	173.7	0.0499113	0.101
315.0	173.7	0.0450471	0.0956
319.5	173.7	0.0424965	0.0872
324.0	173.7	0.0462009	0.0899
328.5	173.7	0.0546123	0.1359
333.0	173.7	0.046931	0.0935
337.5	173.7	0.0710045	0.2293
342.0	173.7	0.0522555	0.108
346.5	173.7	0.0471078	0.1481
351.0	173.7	0.0710205	0.2846
355.5	173.7	0.050811	0.1152
360.0	173.7	0.0599888	0.1748
364.5	173.7	0.0646928	0.193
369.0	173.7	0.0555984	0.1693
373.5	173.7	0.0457941	0.114
378.0	173.7	0.0473862	0.1174
382.5	173.7	0.0516028	0.3823
387.0	173.7	0.0300873	0.1132
391.5	173.7	0.0291953	0.1291
396.0	173.7	0.026472	0.1207
400.5	173.7	0.0338528	0.2894
405.0	173.7	0.0446849	0.3826
409.5	173.7	0.0263518	0.1302
414.0	173.7	0.0196234	0.1182
418.5	173.7	0.0307338	0.1652
423.0	173.7	0.0258809	0.1497
427.5	173.7	0.0259154	0.1532
432.0	173.7	0.0249344	0.1535
436.5	173.7	0.0263571	0.2096
441.0	173.7	0.0357065	0.2578
445.5	173.7	0.0266465	0.1503
-450.0	176.267	0.020951	0.1441
-445.5	176.267	0.0128588	0.1372
-441.0	176.267	0.0180539	0.1909
-436.5	176.267	0.0130192	0.1519
-432.0	176.267	0.0175851	0.1845
-427.5	176.267	0.0100833	0.1572
-423.0	176.267	0.0128442	0.1796
-418.5	176.267	0.0159065	0.1421
-414.0	176.267	0.022366	0.1936
-409.5	176.267	0.022563	0.165
-405.0	176.267	0.0217206	0.1493
-400.5	176.267	0.0234042	0.1459
-396.0	176.267	0.0332296	0.3716
-391.5	176.267	0.0197128	0.1238
-387.0	176.267	0.0274092	0.1944
-382.5	176.267	0.0261095	0.1587
-378.0	176.267	0.0274375	0.1771
-373.5	176.267	0.0259946	0.1479
-369.0	176.267	0.034785	0.261
-364.5	176.267	0.027438	0.1012
-360.0	176.267	0.0380746	0.406
-355.5	176.267	0.0308787	0.2
-351.0	176.267	0.0475121	0.3709
-346.5	176.267	0.0351095	0.2277
-342.0	176.267	0.0404982	0.1655
-337.5	176.267	0.0556345	0.2638
-333.0	176.267	0.0370298	0.1062
-328.5	176.267	0.0315781	0.1051
-324.0	176.267	0.038128	0.1042
-319.5	176.267	0.0429655	0.1345
-315.0	176.267	0.0463669	0.1539
-310.5	176.267	0.0521615	0.1711
-306.0	176.267	0.0506855	0.1552
-301.5	176.267	0.0457581	0.1046
-297.0	176.267	0.0451194	0.0895
-292.5	176.267	0.0462119	0.0835
-288.0	176.267	0.042662	0.0919
-283.5	176.267	0.0620645	0.1977
-279.0	176.267	0.0536221	0.0946
-274.5	176.267	0.0577459	0.1125
-270.0	176.267	0.0560746	0.0768
-265.5	176.267	0.0701366	0.2236
-261.0	176.267	0.0726248	0.1132
-256.5	176.267	0.07106	0.0666
-252.0	176.267	0.0857346	0.0718
-247.5	176.267	0.0810516	0.0871
-243.0	176.267	0.0969288	0.1033
-238.5	176.267	0.0863828	0.0652
-234.0	176.267	0.113802	0.0946
-229.5	176.267	0.151715	0.2273
-225.0	176.267	0.10586	0.0694
-220.5	176.267	0.115851	0.072
-216.0	176.267	0.130499	0.0782
-211.5	176.267	0.136381	0.0727
-207.0	176.267	0.154856	0.1163
-202.5	176.267	0.151862	0.1322
-198.0	176.267	0.154645	0.0905
-193.5	176.267	0.144328	0.0628
-189.0	176.267	0.161116	0.0597
-184.5	176.267	0.167371	0.0528
-180.0	176.267	0.189677	0.0641
-175.5	176.267	0.175842	0.0689
-171.0	176.267	0.210775	0.1069
-166.5	176.267	0.21318	0.0862
-162.0	176.267	0.214005	0.0681
-157.5	176.267	0.234074	0.0828
-153.0	176.267	0.210466	0.0542
-148.5	176.267	0.207872	0.0953
-144.0	176.267	0.223237	0.0661
-139.5	176.267	0.209951	0.0738
-135.0	176.267	0.222816	0.1214
-130.5	176.267	0.243443	0.082
-126.0	176.267	0.224446	0.0476
-121.5	176.267	0.227024	0.0579
-117.0	176.267	0.284173	0.0914
-112.5	176.267	0.274186	0.0768
-108.0	176.267	0.248098	0.0568
-103.5	176.267	0.301449	0.0945
-99.0	176.267	0.271804	0.0474
-94.5	176.267	0.310861	0.0784
-90.0	176.267	0.270151	0.049
-85.5	176.267	0.282639	0.0744
-81.0	176.267	0.308242	0.0668
-76.5	176.267	0.309323	0.0506
-72.0	176.267	0.349652	0.1072
-67.5	176.267	0.368411	0.0921
-63.0	176.267	0.354624	0.0853
-58.5	176.267	0.410095	0.1066
-54.0	176.267	0.383398	0.0817
-49.5	176.267	0.370999	0.0663
-45.0	176.267	0.367326	0.078
-40.5	176.267	0.365209	0.0597
-36.0	176.267	0.389795	0.1039
-31.5	176.267	0.382973	0.0832
-27.0	176.267	0.351095	0.0653
-22.5	176.267	0.373661	0.0544
-18.0	176.267	0.321617	0.0458
-13.5	176.267	0.337081	0.0619
-9.0	176.267	0.425184	0.1259
-4.5	176.267	0.329399	0.0544
0.0	176.267	0.39161	0.1193
4.5	176.267	0.403825	0.1293
9.0	176.267	0.382586	0.1249
13.5	176.267	0.326687	0.0461
18.0	176.267	0.368987	0.0907
22.5	176.267	0.333201	0.0867
27.0	176.267	0.390141	0.1101
31.5	176.267	0.354899	0.0654
36.0	176.267	0.366804	0.1163
40.5	176.267	0.331074	0.0598
45.0	176.267	0.347746	0.0766
49.5	176.267	0.324943	0.067
54.0	176.267	0.341723	0.0656
58.5	176.267	0.335679	0.058
63.0	176.267	0.353625	0.0977
67.5	176.267	0.300757	0.0477
72.0	176.267	0.327539	0.074
76.5	176.267	0.272252	0.0503
81.0	176.267	0.319861	0.0782
85.5	176.267	0.314231	0.0756
90.0	176.267	0.302151	0.0866
94.5	176.267	0.247008	0.0732
99.0	176.267	0.247314	0.0545
103.5	176.267	0.247027	0.0729
108.0	176.267	0.251423	0.0776
112.5	176.267	0.222986	0.0531
117.0	176.267	0.239511	0.0543
121.5	176.267	0.20012	0.0443
126.0	176.267	0.196441	0.058
130.5	176.267	0.187812	0.0469
135.0	176.267	0.19926	0.058
139.5	176.267	0.194195	0.0854
144.0	176.267	0.155051	0.0599
148.5	176.267	0.178771	0.1329
153.0	176.267	0.166702	0.0618
157.5	176.267	0.151511	0.0675
162.0	176.267	0.139076	0.0521
166.5	176.267	0.134924	0.075
171.0	176.267	0.133417	0.0589
175.5	176.267	0.140633	0.0757
180.0	176.267	0.146747	0.1339
184.5	176.267	0.123183	0.0801
189.0	176.267	0.100841	0.0572
193.5	176.267	0.109584	0.0687
198.0	176.267	0.104197	0.0686
202.5	176.267	0.0915264	0.0704
207.0	176.267	0.146659	0.2464
211.5	176.267	0.0944871	0.1052
216.0	176.267	0.0812909	0.0848
220.5	176.267	0.0845747	0.0768
225.0	176.267	0.0907932	0.2602
229.5	176.267	0.0610797	0.0837
234.0	176.267	0.053935	0.091
238.5	176.267	0.0619671	0.0836
243.0	176.267	0.0641214	0.0832
247.5	176.267	0.0768213	0.1113
252.0	176.267	0.066432	0.0899
256.5	176.267	0.0597305	0.0799
261.0	176.267	0.0548747	0.0839
265.5	176.267	0.0690431	0.1192
270.0	176.267	0.0513851	0.0778
274.5	176.267	0.0784531	0.2554
279.0	176.267	0.058661	0.0988
283.5	176.267	0.0605092	0.1094
288.0	176.267	0.064603	0.1749
292.5	176.267	0.0593993	0.1066
297.0	176.267	0.0511916	0.0935
301.5	176.267	0.0511242	0.1029
306.0	176.267	0.0493436	0.1001
310.5	176.267	0.0618269	0.1258
315.0	176.267	0.0443851	0.0975
319.5	176.267	0.0545503	0.0994
324.0	176.267	0.0543798	0.1384
328.5	176.267	0.0794927	0.3523
333.0	176.267	0.0371103	0.0938
337.5	176.267	0.0391723	0.096
342.0	176.267	0.0437705	0.1142
346.5	176.267	0.0663616	0.2505
351.0	176.267	0.0512694	0.0927
355.5	176.267	0.0470958	0.1044
360.0	176.267	0.0389214	0.1134
364.5	176.267	0.0462716	0.2825
369.0	176.267	0.0481466	0.2192
373.5	176.267	0.0680662	0.3515
378.0	176.267	0.0292063	0.1078
382.5	176.267	0.0333035	0.1138
387.0	176.267	0.0312356	0.1654
391.5	176.267	0.0396622	0.1624
396.0	176.267	0.0225866	0.1193
400.5	176.267	0.0333453	0.251
405.0	176.267	0.0263806	0.1804
409.5	176.267	0.0225153	0.1418
414.0	176.267	0.0225943	0.1366
418.5	176.267	0.020812	0.1228
423.0	176.267	0.0210135	0.1243
427.5	176.267	0.0274143	0.1995
432.0	176.267	0.0242461	0.1536
436.5	176.267	0.0223055	0.1562
441.0	176.267	0.0307985	0.237
445.5	176.267	0.0392361	0.2128
-450.0	178.833	0.0210197	0.146
-445.5	178.833	0.0349221	0.4212
-441.0	178.833	0.0308231	0.3683
-436.5	178.833	0.0177689	0.2174
-432.0	178.833	0.0202261	0.2187
-427.5	178.833	0.0144313	0.1702
-423.0	178.833	0.0141527	0.1349
-418.5	178.833	0.0259652	0.2967
-414.0	178.833	0.0191982	0.1542
-409.5	178.833	0.0138732	0.1374
-405.0	178.833	0.0149571	0.1215
-400.5	178.833	0.0505595	0.4474
-396.0	178.833	0.0330617	0.4265
-391.5	178.833	0.0187879	0.1721
-387.0	178.833	0.0233784	0.1498
-382.5	178.833	0.0215435	0.1248
-378.0	178.833	0.0288982	0.3402
-373.5	178.833	0.0254787	0.1391
-369.0	178.833	0.0623198	0.4494
-364.5	178.833	0.0256634	0.1335
-360.0	178.833	0.0270316	0.1258
-355.5	178.833	0.0246217	0.1372
-351.0	178.833	0.0268118	0.1106
-346.5	178.833	0.0321485	0.148
-342.0	178.833	0.0285775	0.1046
-337.5	178.833	0.0380994	0.1404
-333.0	178.833	0.0375721	0.142
-328.5	178.833	0.0309543	0.1291
-324.0	178.833	0.0387641	0.1268
-319.5	178.833	0.0638941	0.4188
-315.0	178.833	0.0627961	0.3304
-310.5	178.833	0.044612	0.1174
-306.0	178.833	0.0360132	0.0862
-301.5	178.833	0.0392644	0.1049
-297.0	178.833	0.0383325	0.0934
-292.5	178.833	0.0426665	0.0841
-288.0	178.833	0.0467715	0.1039
-283.5	178.833	0.0428858	0.1025
-279.0	178.833	0.0444341	0.0756
-274.5	178.833	0.0468558	0.0808
-270.0	178.833	0.0546197	0.1476
-265.5	178.833	0.058011	0.1054
-261.0	178.833	0.0624805	0.0711
-256.5	178.833	0.0657898	0.0888
-252.0	178.833	0.0691896	0.0886
-247.5	178.833	0.073831	0.0793
-243.0	178.833	0.099047	0.1188
-238.5	178.833	0.0910596	0.0817
-234.0	178.833	0.0921116	0.0732
-229.5	178.833	0.0986259	0.0752
-225.0	178.833	0.117677	0.0871
-220.5	178.833	0.15108	0.156
-216.0	178.833	0.132226	0.0896
-211.5	178.833	0.133794	0.153
-207.0	178.833	0.128223	0.0674
-202.5	178.833	0.130376	0.064
-198.0	178.833	0.140475	0.0647
-193.5	178.833	0.132887	0.0559
-189.0	178.833	0.160286	0.1126
-184.5	178.833	0.161206	0.0697
-180.0	178.833	0.162796	0.05
-175.5	178.833	0.167103	0.0753
-171.0	178.833	0.18841	0.068
-166.5	178.833	0.182839	0.0524
-162.0	178.833	0.191678	0.0564
-157.5	178.833	0.179626	0.0539
-153.0	178.833	0.181003	0.0484
-148.5	178.833	0.219346	0.1019
-144.0	178.833	0.237437	0.0837
-139.5	178.833	0.209857	0.0593
-135.0	178.833	0.193386	0.0611
-130.5	178.833	0.216214	0.1041
-126.0	178.833	0.205353	0.0515
-121.5	178.833	0.227249	0.0511
-117.0	178.833	0.243261	0.0527
-112.5	178.833	0.230466	0.066
-108.0	178.833	0.301312	0.121
-103.5	178.833	0.26649	0.0597
-99.0	178.833	0.271903	0.1302
-94.5	178.833	0.2791	0.0584
-90.0	178.833	0.268046	0.0508
-85.5	178.833	0.292599	0.0782
-81.0	178.833	0.271321	0.0479
-76.5	178.833	0.293986	0.0603
-72.0	178.833	0.367568	0.1308
-67.5	178.833	0.327456	0.0749
-63.0	178.833	0.308066	0.0614
-58.5	178.833	0.305761	0.0661
-54.0	178.833	0.326469	0.0682
-49.5	178.833	0.319825	0.0515
-45.0	178.833	0.335314	0.0864
-40.5	178.833	0.353597	0.0632
-36.0	178.833	0.319326	0.054
-31.5	178.833	0.344111	0.0628
-27.0	178.833	0.374002	0.155
-22.5	178.833	0.328098	0.0723
-18.0	178.833	0.299681	0.0377
-13.5	178.833	0.339671	0.0701
-9.0	178.833	0.337152	0.0565
-4.5	178.833	0.314328	0.0517
0.0	178.833	0.358753	0.1003
4.5	178.833	0.305302	0.043
9.0	178.833	0.293517	0.0406
13.5	178.833	0.290586	0.0369
18.0	178.833	0.35369	0.0883
22.5	178.833	0.32523	0.0576
27.0	178.833	0.331298	0.0687
31.5	178.833	0.37348	0.1257
36.0	178.833	0.336973	0.1029
40.5	178.833	0.397408	0.1428
45.0	178.833	0.323454	0.1139
49.5	178.833	0.349921	0.0916
54.0	178.833	0.37337	0.1052
58.5	178.833	0.327719	0.0991
63.0	178.833	0.310624	0.0657
67.5	178.833	0.27115	0.0756
72.0	178.833	0.31439	0.0783
76.5	178.833	0.249852	0.0372
81.0	178.833	0.254822	0.0627
85.5	178.833	0.268696	0.0596
90.0	178.833	0.300027	0.1121
94.5	178.833	0.269135	0.0665
99.0	178.833	0.284075	0.1037
103.5	178.833	0.233221	0.0689
108.0	178.833	0.234985	0.0644
112.5	178.833	0.22671	0.0762
117.0	178.833	0.222796	0.0696
121.5	178.833	0.216342	0.0627
126.0	178.833	0.201355	0.0598
130.5	178.833	0.217979	0.0688
135.0	178.833	0.198134	0.0712
139.5	178.833	0.179754	0.0798
144.0	178.833	0.173167	0.0558
148.5	178.833	0.15663	0.0631
153.0	178.833	0.153828	0.0649
157.5	178.833	0.138238	0.0512
162.0	178.833	0.14482	0.0887
166.5	178.833	0.141623	0.0715
171.0	178.833	0.159199	0.1447
175.5	178.833	0.140027	0.0822
180.0	178.833	0.123828	0.0892
184.5	178.833	0.12061	0.0742
189.0	178.833	0.113516	0.1006
193.5	178.833	0.10273	0.086
198.0	178.833	0.0889735	0.067
202.5	178.833	0.0935808	0.095
207.0	178.833	0.0943668	0.1184
211.5	178.833	0.0733611	0.0708
216.0	178.833	0.090131	0.1152
220.5	178.833	0.075991	0.0711
225.0	178.833	0.0653599	0.0628
229.5	178.833	0.0680733	0.0836
234.0	178.833	0.071034	0.0837
238.5	178.833	0.0688147	0.1123
243.0	178.833	0.0949744	0.1945
247.5	178.833	0.064371	0.1325
252.0	178.833	0.0733116	0.1373
256.5	178.833	0.0564729	0.089
261.0	178.833	0.0566098	0.0905
265.5	178.833	0.0539854	0.0775
270.0	178.833	0.0558496	0.0921
274.5	178.833	0.063914	0.1786
279.0	178.833	0.0641667	0.1426
283.5	178.833	0.0604305	0.1023
288.0	178.833	0.0528911	0.0982
292.5	178.833	0.057313	0.0905
297.0	178.833	0.0531586	0.1045
301.5	178.833	0.0935812	0.3733
306.0	178.833	0.045586	0.0903
310.5	178.833	0.0555925	0.1337
315.0	178.833	0.0492409	0.104
319.5	178.833	0.0515322	0.1336
324.0	178.833	0.0639845	0.204
328.5	178.833	0.0459369	0.1319
333.0	178.833	0.0683216	0.2514
337.5	178.833	0.044453	0.1025
342.0	178.833	0.0413835	0.1661
346.5	178.833	0.0394186	0.1506
351.0	178.833	0.0422695	0.116
355.5	178.833	0.0554108	0.1311
360.0	178.833	0.0358787	0.1204
364.5	178.833	0.0556927	0.153
369.0	178.833	0.0430826	0.1154
373.5	178.833	0.0428201	0.1352
378.0	178.833	0.0272119	0.1098
382.5	178.833	0.040484	0.1405
387.0	178.833	0.0374704	0.2589
391.5	178.833	0.034812	0.1367
396.0	178.833	0.030564	0.18
400.5	178.833	0.0270863	0.1797
405.0	178.833	0.0275831	0.1238
409.5	178.833	0.0196739	0.2033
414.0	178.833	0.0237819	0.1598
418.5	178.833	0.0253441	0.1467
423.0	178.833	0.0178463	0.12
427.5	178.833	0.0238471	0.111
432.0	178.833	0.0224793	0.1198
436.5	178.833	0.0233984	0.1043
441.0	178.833	0.0305726	0.1668
445.5	178.833	0.0544836	0.2579
-450.0	181.4	0.0372765	0.5259
-445.5	181.4	0.037615	0.3556
-441.0	181.4	0.0121664	0.1391
-436.5	181.4	0.0267457	0.4343
-432.0	181.4	0.0239101	0.2488
-427.5	181.4	0.0226554	0.27
-423.0	181.4	0.0194097	0.2821
-418.5	181.4	0.0188664	0.1681
-414.0	181.4	0.0162705	0.211
-409.5	181.4	0.0169938	0.1651
-405.0	181.4	0.0328254	0.4372
-400.5	181.4	0.0211478	0.154
-396.0	181.4	0.0167475	0.1422
-391.5	181.4	0.0225445	0.1604
-387.0	181.4	0.022869	0.1881
-382.5	181.4	0.0251794	0.1469
-378.0	181.4	0.0170549	0.1347
-373.5	181.4	0.0410195	0.296
-369.0	181.4	0.030378	0.2302
-364.5	181.4	0.0253861	0.1408
-360.0	181.4	0.0287201	0.1126
-355.5	181.4	0.0279091	0.1128
-351.0	181.4	0.0376929	0.2846
-346.5	181.4	0.0308464	0.1373
-342.0	181.4	0.0297418	0.0846
-337.5	181.4	0.0423512	0.2575
-333.0	181.4	0.0287882	0.1697
-328.5	181.4	0.0423857	0.2219
-324.0	181.4	0.0393114	0.1104
-319.5	181.4	0.0479657	0.3157
-315.0	181.4	0.0381942	0.1099
-310.5	181.4	0.0347305	0.0975
-306.0	181.4	0.0365195	0.1006
-301.5	181.4	0.0359839	0.0803
-297.0	181.4	0.0425436	0.0863
-292.5	181.4	0.0335867	0.0745
-288.0	181.4	0.0465772	0.1415
-283.5	181.4	0.0565389	0.2038
-279.0	181.4	0.0439517	0.0783
-274.5	181.4	0.0598344	0.1716
-270.0	181.4	0.0640279	0.1043
-265.5	181.4	0.0563886	0.0815
-261.0	181.4	0.0606348	0.076
-256.5	181.4	0.0682014	0.1258
-252.0	181.4	0.0623996	0.0773
-247.5	181.4	0.0777027	0.0837
-243.0	181.4	0.0902914	0.1338
-238.5	181.4	0.0756236	0.0654
-234.0	181.4	0.100647	0.0907
-229.5	181.4	0.110901	0.121
-225.0	181.4	0.0996202	0.0754
-220.5	181.4	0.115689	0.1027
-216.0	181.4	0.115279	0.0797
-211.5	181.4	0.101216	0.0626
-207.0	181.4	0.116104	0.0855
-202.5	181.4	0.12889	0.096
-198.0	181.4	0.128793	0.0654
-193.5	181.4	0.125663	0.0626
-189.0	181.4	0.124121	0.067
-184.5	181.4	0.156529	0.0661
-180.0	181.4	0.157465	0.0754
-175.5	181.4	0.180778	0.1012
-171.0	181.4	0.194164	0.1001
-166.5	181.4	0.177831	0.0834
-162.0	181.4	0.189205	0.1024
-157.5	181.4	0.185781	0.0749
-153.0	181.4	0.206648	0.0865
-148.5	181.4	0.184359	0.0526
-144.0	181.4	0.199218	0.0695
-139.5	181.4	0.20086	0.0659
-135.0	181.4	0.192877	0.0709
-130.5	181.4	0.194863	0.0809
-126.0	181.4	0.212381	0.0722
-121.5	181.4	0.216545	0.0704
-117.0	181.4	0.212883	0.0475
-112.5	181.4	0.217638	0.0431
-108.0	181.4	0.267187	0.0776
-103.5	181.4	0.235511	0.0571
-99.0	181.4	0.243921	0.0613
-94.5	181.4	0.242431	0.0613
-90.0	181.4	0.23395	0.0493
-85.5	181.4	0.279078	0.0656
-81.0	181.4	0.26755	0.0637
-76.5	181.4	0.278899	0.0699
-72.0	181.4	0.288419	0.0616
-67.5	181.4	0.29978	0.0813
-63.0	181.4	0.282285	0.0458
-58.5	181.4	0.275659	0.0448
-54.0	181.4	0.311464	0.0952
-49.5	181.4	0.403393	0.1015
-45.0	181.4	0.318574	0.0923
-40.5	181.4	0.32455	0.0829
-36.0	181.4	0.344954	0.0981
-31.5	181.4	0.336775	0.1048
-27.0	181.4	0.339489	0.0646
-22.5	181.4	0.302665	0.0667
-18.0	181.4	0.325412	0.0747
-13.5	181.4	0.376031	0.1046
-9.0	181.4	0.330594	0.0993
-4.5	181.4	0.300416	0.0574
0.0	181.4	0.296763	0.0613
4.5	181.4	0.293992	0.0653
9.0	181.4	0.346984	0.0839
13.5	181.4	0.361309	0.1156
18.0	181.4	0.283512	0.0424
22.5	181.4	0.315586	0.0903
27.0	181.4	0.283197	0.0514
31.5	181.4	0.334339	0.0778
36.0	181.4	0.29823	0.0542
40.5	181.4	0.302593	0.0705
45.0	181.4	0.324251	0.0734
49.5	181.4	0.324471	0.0897
54.0	181.4	0.309989	0.0692
58.5	181.4	0.331557	0.1117
63.0	181.4	0.264222	0.0569
67.5	181.4	0.318235	0.0813
72.0	181.4	0.287828	0.0585
76.5	181.4	0.289754	0.1029
81.0	181.4	0.274798	0.0726
85.5	181.4	0.321958	0.1363
90.0	181.4	0.261503	0.076
94.5	181.4	0.227088	0.0567
99.0	181.4	0.208809	0.0437
103.5	181.4	0.229074	0.0673
108.0	181.4	0.248596	0.0891
112.5	181.4	0.218972	0.0698
117.0	181.4	0.224572	0.0671
121.5	181.4	0.189979	0.0513
126.0	181.4	0.194496	0.0967
130.5	181.4	0.205063	0.1019
135.0	181.4	0.189672	0.0676
139.5	181.4	0.203778	0.0974
144.0	181.4	0.160236	0.0645
148.5	181.4	0.173961	0.104
153.0	181.4	0.166876	0.1277
157.5	181.4	0.118883	0.0592
162.0	181.4	0.128214	0.0893
166.5	181.4	0.13006	0.0626
171.0	181.4	0.140501	0.0943
175.5	181.4	0.117862	0.0781
180.0	181.4	0.0997078	0.0667
184.5	181.4	0.116118	0.0766
189.0	181.4	0.0969566	0.0645
193.5	181.4	0.108595	0.1944
198.0	181.4	0.0895012	0.0731
202.5	181.4	0.0862582	0.077
207.0	181.4	0.0819189	0.0854
211.5	181.4	0.0821894	0.0746
216.0	181.4	0.0699652	0.085
220.5	181.4	0.072481	0.1014
225.0	181.4	0.062681	0.0632
229.5	181.4	0.0662029	0.0959
234.0	181.4	0.0618905	0.0898
238.5	181.4	0.0672942	0.0897
243.0	181.4	0.0663625	0.0723
247.5	181.4	0.0594806	0.0942
252.0	181.4	0.0631129	0.1009
256.5	181.4	0.0626169	0.0838
261.0	181.4	0.0494762	0.0812
265.5	181.4	0.0528065	0.0881
270.0	181.4	0.0572204	0.1019
274.5	181.4	0.0627672	0.1282
279.0	181.4	0.0501817	0.0965
283.5	181.4	0.0633113	0.1468
288.0	181.4	0.0509323	0.159
292.5	181.4	0.0476642	0.1068
297.0	181.4	0.0565009	0.1112
301.5	181.4	0.0496067	0.1165
306.0	181.4	0.0535875	0.0877
310.5	181.4	0.0484591	0.1177
315.0	181.4	0.0481939	0.1136
319.5	181.4	0.0467179	0.1159
324.0	181.4	0.0574456	0.214
328.5	181.4	0.0456926	0.0939
333.0	181.4	0.0469945	0.1182
337.5	181.4	0.0445262	0.0996
342.0	181.4	0.0446248	0.2435
346.5	181.4	0.0423478	0.1284
351.0	181.4	0.0442288	0.1455
355.5	181.4	0.0435827	0.197
360.0	181.4	0.0495973	0.1585
364.5	181.4	0.032281	0.1045
369.0	181.4	0.0424825	0.1275
373.5	181.4	0.0309342	0.1136
378.0	181.4	0.0308964	0.1129
382.5	181.4	0.0349437	0.1413
387.0	181.4	0.0351121	0.1004
391.5	181.4	0.0268793	0.1371
396.0	181.4	0.0271122	0.13
400.5	181.4	0.034572	0.1878
405.0	181.4	0.0238232	0.1148
409.5	181.4	0.0198881	0.1217
414.0	181.4	0.0234054	0.1302
418.5	181.4	0.0250192	0.1427
423.0	181.4	0.0254931	0.1458
427.5	181.4	0.0341273	0.2111
432.0	181.4	0.0157421	0.1237
436.5	181.4	0.0225827	0.1247
441.0	181.4	0.0524158	0.5436
445.5	181.4	0.0365166	0.175
-450.0	183.967	0.0151567	0.1704
-445.5	183.967	0.0173338	0.1902
-441.0	183.967	0.0188627	0.2421
-436.5	183.967	0.016739	0.1944
-432.0	183.967	0.0155847	0.1768
-427.5	183.967	0.017515	0.1771
-423.0	183.967	0.0183732	0.3324
-418.5	183.967	0.0123231	0.1444
-414.0	183.967	0.013069	0.1448
-409.5	183.967	0.0206351	0.3715
-405.0	183.967	0.0285001	0.4893
-400.5	183.967	0.0317147	0.3015
-396.0	183.967	0.0238818	0.2957
-391.5	183.967	0.0304131	0.2117
-387.0	183.967	0.0277902	0.2498
-382.5	183.967	0.0219975	0.3105
-378.0	183.967	0.0246307	0.1453
-373.5	183.967	0.0223197	0.1082
-369.0	183.967	0.0269674	0.3126
-364.5	183.967	0.0261591	0.1879
-360.0	183.967	0.0234129	0.0997
-355.5	183.967	0.0427252	0.3203
-351.0	183.967	0.0292086	0.1233
-346.5	183.967	0.0294296	0.1087
-342.0	183.967	0.024747	0.1079
-337.5	183.967	0.0274822	0.0918
-333.0	183.967	0.033842	0.1062
-328.5	183.967	0.0288698	0.0975
-324.0	183.967	0.0282564	0.1009
-319.5	183.967	0.0333555	0.1154
-315.0	183.967	0.0453218	0.1501
-310.5	183.967	0.0357061	0.0955
-306.0	183.967	0.0431197	0.1171
-301.5	183.967	0.0434354	0.1163
-297.0	183.967	0.0444818	0.1291
-292.5	183.967	0.0375854	0.0805
-288.0	183.967	0.0432463	0.1141
-283.5	183.967	0.0440962	0.0992
-279.0	183.967	0.0482125	0.1105
-274.5	183.967	0.0550702	0.104
-270.0	183.967	0.0557808	0.0998
-265.5	183.967	0.0683271	0.1025
-261.0	183.967	0.0497915	0.0743
-256.5	183.967	0.0599263	0.0908
-252.0	183.967	0.0712845	0.0845
-247.5	183.967	0.0724142	0.0798
-243.0	183.967	0.0821028	0.1167
-238.5	183.967	0.0780674	0.0693
-234.0	183.967	0.0836159	0.0853
-229.5	183.967	0.104437	0.1575
-225.0	183.967	0.101024	0.0966
-220.5	183.967	0.113926	0.0857
-216.0	183.967	0.111147	0.0933
-211.5	183.967	0.0988338	0.0612
-207.0	183.967	0.108632	0.0628
-202.5	183.967	0.141745	0.0901
-198.0	183.967	0.139085	0.0868
-193.5	183.967	0.13295	0.1041
-189.0	183.967	0.131981	0.0696
-184.5	183.967	0.139664	0.0753
-180.0	183.967	0.165971	0.0866
-175.5	183.967	0.142734	0.0539
-171.0	183.967	0.15396	0.078
-166.5	183.967	0.166067	0.0743
-162.0	183.967	0.17211	0.0605
-157.5	183.967	0.170876	0.0752
-153.0	183.967	0.182736	0.0608
-148.5	183.967	0.191191	0.0977
-144.0	183.967	0.186618	0.0584
-139.5	183.967	0.208354	0.0908
-135.0	183.967	0.181689	0.0511
-130.5	183.967	0.231373	0.2025
-126.0	183.967	0.202726	0.0797
-121.5	183.967	0.203156	0.0755
-117.0	183.967	0.214579	0.0623
-112.5	183.967	0.215837	0.0657
-108.0	183.967	0.233003	0.098
-103.5	183.967	0.234701	0.0659
-99.0	183.967	0.239473	0.0581
-94.5	183.967	0.223062	0.0474
-90.0	183.967	0.219113	0.0448
-85.5	183.967	0.283669	0.1355
-81.0	183.967	0.231762	0.0486
-76.5	183.967	0.272477	0.0812
-72.0	183.967	0.295684	0.0832
-67.5	183.967	0.290671	0.0705
-63.0	183.967	0.303674	0.0986
-58.5	183.967	0.264205	0.0571
-54.0	183.967	0.261796	0.0443
-49.5	183.967	0.298485	0.071
-45.0	183.967	0.267951	0.0576
-40.5	183.967	0.350219	0.1518
-36.0	183.967	0.311021	0.1096
-31.5	183.967	0.296548	0.0668
-27.0	183.967	0.288122	0.0551
-22.5	183.967	0.287585	0.0608
-18.0	183.967	0.297694	0.0669
-13.5	183.967	0.357711	0.1191
-9.0	183.967	0.326341	0.1003
-4.5	183.967	0.299748	0.0483
0.0	183.967	0.286699	0.0475
4.5	183.967	0.281662	0.0518
9.0	183.967	0.286928	0.0713
13.5	183.967	0.334726	0.129
18.0	183.967	0.298471	0.0613
22.5	183.967	0.308535	0.1103
27.0	183.967	0.279731	0.0613
31.5	183.967	0.28014	0.0534
36.0	183.967	0.297191	0.0843
40.5	183.967	0.289093	0.0659
45.0	183.967	0.34621	0.1377
49.5	183.967	0.304464	0.0567
54.0	183.967	0.343294	0.1156
58.5	183.967	0.330296	0.1617
63.0	183.967	0.272753	0.0646
67.5	183.967	0.322525	0.1057
72.0	183.967	0.275286	0.1019
76.5	183.967	0.248611	0.0708
81.0	183.967	0.221598	0.0484
85.5	183.967	0.247885	0.0527
90.0	183.967	0.210385	0.0484
94.5	183.967	0.227238	0.0541
99.0	183.967	0.283508	0.1947
103.5	183.967	0.22705	0.0713
108.0	183.967	0.195661	0.056
112.5	183.967	0.243275	0.1132
117.0	183.967	0.215991	0.1229
121.5	183.967	0.214736	0.1191
126.0	183.967	0.174006	0.0593
130.5	183.967	0.165164	0.0604
135.0	183.967	0.156036	0.0546
139.5	183.967	0.232087	0.1706
144.0	183.967	0.158505	0.0963
148.5	183.967	0.149496	0.1299
153.0	183.967	0.147255	0.0824
157.5	183.967	0.116337	0.0525
162.0	183.967	0.118581	0.0886
166.5	183.967	0.118018	0.0668
171.0	183.967	0.140865	0.146
175.5	183.967	0.117419	0.0821
180.0	183.967	0.122422	0.1675
184.5	183.967	0.122917	0.0989
189.0	183.967	0.112351	0.1279
193.5	183.967	0.0880632	0.0818
198.0	183.967	0.0850316	0.0713
202.5	183.967	0.0990119	0.1287
207.0	183.967	0.0679838	0.0918
211.5	183.967	0.0740856	0.0769
216.0	183.967	0.0741603	0.0938
220.5	183.967	0.0748023	0.1473
225.0	183.967	0.0700809	0.1266
229.5	183.967	0.0619145	0.0941
234.0	183.967	0.0631271	0.097
238.5	183.967	0.0626203	0.1133
243.0	183.967	0.061962	0.0793
247.5	183.967	0.0649613	0.1011
252.0	183.967	0.0504351	0.0953
256.5	183.967	0.0533514	0.1016
261.0	183.967	0.0630923	0.1007
265.5	183.967	0.0552794	0.1132
270.0	183.967	0.0495456	0.1107
274.5	183.967	0.0543609	0.2215
279.0	183.967	0.0565958	0.1333
283.5	183.967	0.048344	0.1067
288.0	183.967	0.0756807	0.2478
292.5	183.967	0.0547611	0.1826
297.0	183.967	0.054427	0.0923
301.5	183.967	0.0395628	0.0737
306.0	183.967	0.044222	0.0875
310.5	183.967	0.0616771	0.3441
315.0	183.967	0.0522169	0.1624
319.5	183.967	0.0433287	0.101
324.0	183.967	0.0436571	0.1388
328.5	183.967	0.0506516	0.1916
333.0	183.967	0.0488954	0.1844
337.5	183.967	0.0658645	0.2919
342.0	183.967	0.0500603	0.2432
346.5	183.967	0.0396058	0.0944
351.0	183.967	0.0613344	0.1865
355.5	183.967	0.0587706	0.3163
360.0	183.967	0.0451051	0.1343
364.5	183.967	0.0328857	0.1439
369.0	183.967	0.0358363	0.146
373.5	183.967	0.0473976	0.1687
378.0	183.967	0.0572676	0.2289
382.5	183.967	0.0327493	0.1095
387.0	183.967	0.0391624	0.168
391.5	183.967	0.0328163	0.172
396.0	183.967	0.0274888	0.1501
400.5	183.967	0.0291586	0.1182
405.0	183.967	0.0350156	0.2428
409.5	183.967	0.0235562	0.1614
414.0	183.967	0.0280664	0.1839
418.5	183.967	0.020414	0.1281
423.0	183.967	0.0211176	0.2098
427.5	183.967	0.0203389	0.1386
432.0	183.967	0.031505	0.3055
436.5	183.967	0.0259826	0.2472
441.0	183.967	0.0415864	0.3447
445.5	183.967	0.0284742	0.1912
-450.0	186.533	0.0183693	0.1976
-445.5	186.533	0.017719	0.2631
-441.0	186.533	0.0182985	0.2232
-436.5	186.533	0.0192106	0.2043
-432.0	186.533	0.019024	0.2199
-427.5	186.533	0.0154298	0.2181
-423.0	186.533	0.0133404	0.1338
-418.5	186.533	0.0182497	0.1753
-414.0	186.533	0.0181594	0.1645
-409.5	186.533	0.0189811	0.1566
-405.0	186.533	0.0184267	0.3601
-400.5	186.533	0.0317697	0.2493
-396.0	186.533	0.0278852	0.2362
-391.5	186.533	0.02502	0.1829
-387.0	186.533	0.02919	0.2314
-382.5	186.533	0.0213355	0.1473
-378.0	186.533	0.0211063	0.146
-373.5	186.533	0.0312469	0.1956
-369.0	186.533	0.0391714	0.3728
-364.5	186.533	0.0247926	0.1198
-360.0	186.533	0.0275929	0.1526
-355.5	186.533	0.0210489	0.1111
-351.0	186.533	0.0320173	0.1209
-346.5	186.533	0.0294806	0.1663
-342.0	186.533	0.0263506	0.1106
-337.5	186.533	0.0380649	0.192
-333.0	186.533	0.0281702	0.1097
-328.5	186.533	0.027378	0.0987
-324.0	186.533	0.0318038	0.127
-319.5	186.533	0.0264396	0.0953
-315.0	186.533	0.0334261	0.0944
-310.5	186.533	0.0439076	0.2338
-306.0	186.533	0.0395975	0.1779
-301.5	186.533	0.0329639	0.0883
-297.0	186.533	0.0362277	0.0921
-292.5	186.533	0.0329937	0.1076
-288.0	186.533	0.0476677	0.1481
-283.5	186.533	0.0449542	0.0841
-279.0	186.533	0.0403518	0.0913
-274.5	186.533	0.0448943	0.0837
-270.0	186.533	0.0663049	0.1378
-265.5	186.533	0.0683333	0.2361
-261.0	186.533	0.0511141	0.0982
-256.5	186.533	0.0692187	0.12
-252.0	186.533	0.0781068	0.1599
-247.5	186.533	0.0751859	0.0923
-243.0	186.533	0.105726	0.2285
-238.5	186.533	0.0743562	0.0784
-234.0	186.533	0.0892893	0.0971
-229.5	186.533	0.103845	0.2113
-225.0	186.533	0.133609	0.1786
-220.5	186.533	0.101448	0.1049
-216.0	186.533	0.104705	0.0886
-211.5	186.533	0.112506	0.0793
-207.0	186.533	0.124422	0.1181
-202.5	186.533	0.124066	0.078
-198.0	186.533	0.113994	0.0771
-193.5	186.533	0.123944	0.0669
-189.0	186.533	0.126813	0.0627
-184.5	186.533	0.131687	0.0794
-180.0	186.533	0.135649	0.0689
-175.5	186.533	0.146051	0.0723
-171.0	186.533	0.147694	0.0693
-166.5	186.533	0.148149	0.0662
-162.0	186.533	0.156154	0.0569
-157.5	186.533	0.17372	0.0835
-153.0	186.533	0.144611	0.0497
-148.5	186.533	0.179527	0.0978
-144.0	186.533	0.218526	0.1945
-139.5	186.533	0.162077	0.0528
-135.0	186.533	0.191102	0.086
-130.5	186.533	0.222287	0.0971
-126.0	186.533	0.200707	0.0687
-121.5	186.533	0.233956	0.1333
-117.0	186.533	0.2026	0.1144
-112.5	186.533	0.18665	0.0497
-108.0	186.533	0.214787	0.0544
-103.5	186.533	0.189709	0.0415
-99.0	186.533	0.217637	0.0929
-94.5	186.533	0.316373	0.1356
-90.0	186.533	0.233184	0.055
-85.5	186.533	0.258799	0.1072
-81.0	186.533	0.259023	0.0778
-76.5	186.533	0.265639	0.0727
-72.0	186.533	0.26309	0.064
-67.5	186.533	0.248363	0.0413
-63.0	186.533	0.26415	0.057
-58.5	186.533	0.305507	0.1062
-54.0	186.533	0.247966	0.0642
-49.5	186.533	0.276035	0.0786
-45.0	186.533	0.289986	0.0836
-40.5	186.533	0.317908	0.0858
-36.0	186.533	0.302195	0.0918
-31.5	186.533	0.276554	0.0642
-27.0	186.533	0.280714	0.0584
-22.5	186.533	0.29779	0.0685
-18.0	186.533	0.308412	0.0845
-13.5	186.533	0.378302	0.2278
-9.0	186.533	0.26355	0.0504
-4.5	186.533	0.273159	0.0463
0.0	186.533	0.325052	0.0905
4.5	186.533	0.276218	0.0582
9.0	186.533	0.311102	0.0911
13.5	186.533	0.256848	0.0555
18.0	186.533	0.302144	0.0754
22.5	186.533	0.274322	0.056
27.0	186.533	0.289304	0.0723
31.5	186.533	0.314633	0.1392
36.0	186.533	0.288071	0.0586
40.5	186.533	0.324382	0.0957
45.0	186.533	0.287322	0.0784
49.5	186.533	0.263771	0.0803
54.0	186.533	0.267822	0.0552
58.5	186.533	0.301352	0.1221
63.0	186.533	0.273435	0.0563
67.5	186.533	0.254604	0.0665
72.0	186.533	0.239511	0.0627
76.5	186.533	0.252575	0.1141
81.0	186.533	0.26595	0.0933
85.5	186.533	0.239832	0.0966
90.0	186.533	0.214104	0.0562
94.5	186.533	0.234395	0.0797
99.0	186.533	0.219597	0.0702
103.5	186.533	0.197631	0.0578
108.0	186.533	0.228907	0.1851
112.5	186.533	0.219675	0.0976
117.0	186.533	0.194916	0.0754
121.5	186.533	0.170157	0.0691
126.0	186.533	0.169246	0.0514
130.5	186.533	0.168201	0.0588
135.0	186.533	0.182106	0.0935
139.5	186.533	0.168399	0.1246
144.0	186.533	0.147286	0.0646
148.5	186.533	0.150041	0.0915
153.0	186.533	0.145361	0.0988
157.5	186.533	0.117566	0.0675
162.0	186.533	0.104706	0.0657
166.5	186.533	0.10879	0.0741
171.0	186.533	0.106313	0.0766
175.5	186.533	0.133194	0.139
180.0	186.533	0.124179	0.1397
184.5	186.533	0.117516	0.1406
189.0	186.533	0.115237	0.1343
193.5	186.533	0.103525	0.1007
198.0	186.533	0.085442	0.1245
202.5	186.533	0.0736807	0.0738
207.0	186.533	0.0879097	0.1257
211.5	186.533	0.0782298	0.1237
216.0	186.533	0.0615022	0.0648
220.5	186.533	0.0827752	0.1747
225.0	186.533	0.0660288	0.093
229.5	186.533	0.0618972	0.1008
234.0	186.533	0.0654976	0.1688
238.5	186.533	0.055573	0.072
243.0	186.533	0.0630866	0.0859
247.5	186.533	0.0610208	0.091
252.0	186.533	0.0553314	0.0917
256.5	186.533	0.04348	0.0785
261.0	186.533	0.0554505	0.1085
265.5	186.533	0.0461329	0.0961
270.0	186.533	0.0594559	0.1749
274.5	186.533	0.0550127	0.0879
279.0	186.533	0.0683006	0.1456
283.5	186.533	0.0507401	0.1181
288.0	186.533	0.0475089	0.0993
292.5	186.533	0.0473607	0.0896
297.0	186.533	0.0421585	0.0839
301.5	186.533	0.0449533	0.1334
306.0	186.533	0.0484597	0.1196
310.5	186.533	0.059375	0.1552
315.0	186.533	0.0399729	0.0981
319.5	186.533	0.0466957	0.1931
324.0	186.533	0.0397386	0.0963
328.5	186.533	0.0455405	0.1206
333.0	186.533	0.0387867	0.1174
337.5	186.533	0.0468024	0.1569
342.0	186.533	0.0361496	0.1051
346.5	186.533	0.0359151	0.1211
351.0	186.533	0.0339265	0.1243
355.5	186.533	0.0366989	0.1205
360.0	186.533	0.0418068	0.1048
364.5	186.533	0.0415141	0.1269
369.0	186.533	0.0353515	0.1466
373.5	186.533	0.0287167	0.1101
378.0	186.533	0.0391427	0.1749
382.5	186.533	0.0337027	0.129
387.0	186.533	0.0408943	0.1797
391.5	186.533	0.0398188	0.163
396.0	186.533	0.0420138	0.197
400.5	186.533	0.0349857	0.2086
405.0	186.533	0.0287161	0.1508
409.5	186.533	0.023393	0.2537
414.0	186.533	0.0300461	0.1329
418.5	186.533	0.0196248	0.2027
423.0	186.533	0.0284109	0.1792
427.5	186.533	0.0173906	0.1721
432.0	186.533	0.0245165	0.1584
436.5	186.533	0.104996	0.6101
441.0	186.533	0.0264933	0.1446
445.5	186.533	0.0233417	0.1378
-450.0	189.1	0.0155173	0.1253
-445.5	189.1	0.0653817	0.4881
-441.0	189.1	0.0282289	0.4032
-436.5	189.1	0.0178675	0.1363
-432.0	189.1	0.0651232	0.8158
-427.5	189.1	0.014501	0.1953
-423.0	189.1	0.016917	0.252
-418.5	189.1	0.0125453	0.146
-414.0	189.1	0.017608	0.2769
-409.5	189.1	0.0354394	0.5259
-405.0	189.1	0.0171269	0.2718
-400.5	189.1	0.0162821	0.1894
-396.0	189.1	0.0193983	0.1715
-391.5	189.1	0.0289414	0.3099
-387.0	189.1	0.0195995	0.1115
-382.5	189.1	0.0319799	0.2928
-378.0	189.1	0.0235177	0.14
-373.5	189.1	0.0276083	0.1615
-369.0	189.1	0.0253735	0.1484
-364.5	189.1	0.0245577	0.1049
-360.0	189.1	0.0233136	0.1126
-355.5	189.1	0.0208162	0.1144
-351.0	189.1	0.0331327	0.1359
-346.5	189.1	0.0282598	0.1231
-342.0	189.1	0.0255846	0.1196
-337.5	189.1	0.037321	0.218
-333.0	189.1	0.0361662	0.2728
-328.5	189.1	0.0254174	0.1093
-324.0	189.1	0.0301489	0.1173
-319.5	189.1	0.0335044	0.1175
-315.0	189.1	0.034472	0.1301
-310.5	189.1	0.0314619	0.0901
-306.0	189.1	0.0372581	0.1242
-301.5	189.1	0.038766	0.1082
-297.0	189.1	0.0438287	0.1647
-292.5	189.1	0.0371706	0.106
-288.0	189.1	0.0529256	0.1341
-283.5	189.1	0.042054	0.0921
-279.0	189.1	0.0539266	0.1455
-274.5	189.1	0.0565555	0.1921
-270.0	189.1	0.0461747	0.0831
-265.5	189.1	0.064575	0.1866
-261.0	189.1	0.071489	0.3354
-256.5	189.1	0.0572203	0.1397
-252.0	189.1	0.071987	0.239
-247.5	189.1	0.0708375	0.1099
-243.0	189.1	0.0660633	0.0812
-238.5	189.1	0.0805092	0.0979
-234.0	189.1	0.0925666	0.1508
-229.5	189.1	0.128707	0.2551
-225.0	189.1	0.0904403	0.0746
-220.5	189.1	0.107666	0.1016
-216.0	189.1	0.112117	0.0896
-211.5	189.1	0.103689	0.088
-207.0	189.1	0.102238	0.0764
-202.5	189.1	0.108183	0.0628
-198.0	189.1	0.105291	0.0682
-193.5	189.1	0.138174	0.0901
-189.0	189.1	0.127304	0.0735
-184.5	189.1	0.124932	0.0761
-180.0	189.1	0.125386	0.0608
-175.5	189.1	0.157088	0.1085
-171.0	189.1	0.134131	0.0777
-166.5	189.1	0.152122	0.0848
-162.0	189.1	0.143285	0.0707
-157.5	189.1	0.178917	0.0907
-153.0	189.1	0.158551	0.0601
-148.5	189.1	0.181621	0.0816
-144.0	189.1	0.205213	0.2559
-139.5	189.1	0.162533	0.0478
-135.0	189.1	0.171019	0.0553
-130.5	189.1	0.178326	0.0536
-126.0	189.1	0.208479	0.0687
-121.5	189.1	0.173914	0.064
-117.0	189.1	0.172346	0.0593
-112.5	189.1	0.174754	0.044
-108.0	189.1	0.191836	0.0664
-103.5	189.1	0.21499	0.0851
-99.0	189.1	0.21491	0.0613
-94.5	189.1	0.217795	0.0641
-90.0	189.1	0.241698	0.1327
-85.5	189.1	0.233924	0.0667
-81.0	189.1	0.235962	0.0725
-76.5	189.1	0.236886	0.047
-72.0	189.1	0.275818	0.1034
-67.5	189.1	0.258516	0.0724
-63.0	189.1	0.255006	0.0618
-58.5	189.1	0.284514	0.0755
-54.0	189.1	0.248857	0.0552
-49.5	189.1	0.284073	0.0928
-45.0	189.1	0.241712	0.0544
-40.5	189.1	0.259518	0.0457
-36.0	189.1	0.263847	0.0668
-31.5	189.1	0.261705	0.0663
-27.0	189.1	0.266375	0.0685
-22.5	189.1	0.308347	0.1251
-18.0	189.1	0.28854	0.0641
-13.5	189.1	0.273003	0.0694
-9.0	189.1	0.260632	0.053
-4.5	189.1	0.334771	0.1634
0.0	189.1	0.272597	0.0572
4.5	189.1	0.257811	0.0567
9.0	189.1	0.283115	0.0877
13.5	189.1	0.234426	0.0471
18.0	189.1	0.27078	0.0774
22.5	189.1	0.316506	0.1158
27.0	189.1	0.272781	0.0763
31.5	189.1	0.256028	0.051
36.0	189.1	0.342448	0.1566
40.5	189.1	0.247851	0.0797
45.0	189.1	0.280136	0.0963
49.5	189.1	0.294495	0.0816
54.0	189.1	0.255466	0.0998
58.5	189.1	0.269582	0.118
63.0	189.1	0.240789	0.058
67.5	189.1	0.234138	0.0579
72.0	189.1	0.248752	0.0577
76.5	189.1	0.236084	0.1269
81.0	189.1	0.263297	0.0882
85.5	189.1	0.214395	0.0542
90.0	189.1	0.206559	0.0714
94.5	189.1	0.208655	0.0879
99.0	189.1	0.206834	0.0795
103.5	189.1	0.208472	0.0808
108.0	189.1	0.180693	0.0724
112.5	189.1	0.187428	0.0965
117.0	189.1	0.201381	0.1286
121.5	189.1	0.151495	0.0602
126.0	189.1	0.169386	0.1032
130.5	189.1	0.165526	0.0751
135.0	189.1	0.153537	0.1083
139.5	189.1	0.185644	0.1211
144.0	189.1	0.14396	0.0701
148.5	189.1	0.146504	0.0987
153.0	189.1	0.133947	0.0725
157.5	189.1	0.134333	0.1147
162.0	189.1	0.134617	0.1532
166.5	189.1	0.100546	0.0647
171.0	189.1	0.108145	0.0799
175.5	189.1	0.109272	0.1107
180.0	189.1	0.106953	0.0836
184.5	189.1	0.0952806	0.1103
189.0	189.1	0.0835931	0.1036
193.5	189.1	0.101479	0.1019
198.0	189.1	0.0928667	0.1465
202.5	189.1	0.0768386	0.0722
207.0	189.1	0.069012	0.0791
211.5	189.1	0.0687941	0.0892
216.0	189.1	0.0540808	0.0734
220.5	189.1	0.077308	0.1393
225.0	189.1	0.0735906	0.115
229.5	189.1	0.0634342	0.1287
234.0	189.1	0.0620771	0.134
238.5	189.1	0.0563742	0.084
243.0	189.1	0.0542267	0.0875
247.5	189.1	0.0505163	0.0752
252.0	189.1	0.0536214	0.089
256.5	189.1	0.0526879	0.1271
261.0	189.1	0.0477595	0.1489
265.5	189.1	0.0466819	0.0916
270.0	189.1	0.0430801	0.0796
274.5	189.1	0.0470118	0.0931
279.0	189.1	0.0589847	0.1805
283.5	189.1	0.0541884	0.118
288.0	189.1	0.0639822	0.1908
292.5	189.1	0.0397949	0.0762
297.0	189.1	0.0543761	0.1531
301.5	189.1	0.0682637	0.2228
306.0	189.1	0.0490877	0.144
310.5	189.1	0.0360559	0.1009
315.0	189.1	0.0569244	0.2713
319.5	189.1	0.0435551	0.2099
324.0	189.1	0.0369292	0.1068
328.5	189.1	0.0418394	0.098
333.0	189.1	0.0432819	0.1321
337.5	189.1	0.0383581	0.1169
342.0	189.1	0.0406154	0.1043
346.5	189.1	0.0550083	0.2508
351.0	189.1	0.0547631	0.3585
355.5	189.1	0.0382225	0.1643
360.0	189.1	0.0423843	0.1664
364.5	189.1	0.0373156	0.1464
369.0	189.1	0.0445963	0.1608
373.5	189.1	0.0333319	0.1124
378.0	189.1	0.0323116	0.1299
382.5	189.1	0.0302936	0.1339
387.0	189.1	0.0376112	0.1314
391.5	189.1	0.0437333	0.1681
396.0	189.1	0.0259619	0.1214
400.5	189.1	0.0306784	0.1781
405.0	189.1	0.0281331	0.1414
409.5	189.1	0.028784	0.2358
414.0	189.1	0.0423986	0.4371
418.5	189.1	0.0171514	0.1313
423.0	189.1	0.0247451	0.1964
427.5	189.1	0.021299	0.1337
432.0	189.1	0.0282458	0.1617
436.5	189.1	0.0328987	0.136
441.0	189.1	0.0359402	0.1597
445.5	189.1	0.0316674	0.1674
-450.0	191.667	0.0185267	0.1372
-445.5	191.667	0.0152878	0.1584
-441.0	191.667	0.0151844	0.1442
-436.5	191.667	0.0149233	0.1858
-432.0	191.667	0.015447	0.147
-427.5	191.667	0.0224864	0.194
-423.0	191.667	0.0143048	0.1814
-418.5	191.667	0.0132038	0.1369
-414.0	191.667	0.0171735	0.2612
-409.5	191.667	0.0173928	0.1931
-405.0	191.667	0.011988	0.1406
-400.5	191.667	0.0165756	0.1502
-396.0	191.667	0.0334336	0.3535
-391.5	191.667	0.0252239	0.1991
-387.0	191.667	0.021877	0.1916
-382.5	191.667	0.0215608	0.1841
-378.0	191.667	0.0184401	0.1459
-373.5	191.667	0.0171723	0.1155
-369.0	191.667	0.0277558	0.1759
-364.5	191.667	0.0236451	0.1266
-360.0	191.667	0.0324189	0.1907
-355.5	191.667	0.0228303	0.121
-351.0	191.667	0.0356092	0.2002
-346.5	191.667	0.0325477	0.2176
-342.0	191.667	0.0391419	0.1444
-337.5	191.667	0.028934	0.1117
-333.0	191.667	0.0302604	0.1193
-328.5	191.667	0.032334	0.1047
-324.0	191.667	0.0341114	0.1053
-319.5	191.667	0.0281985	0.103
-315.0	191.667	0.0337507	0.1139
-310.5	191.667	0.0318293	0.1538
-306.0	191.667	0.0319698	0.1022
-301.5	191.667	0.0380198	0.19
-297.0	191.667	0.0333549	0.0865
-292.5	191.667	0.0345734	0.1107
-288.0	191.667	0.0457708	0.1043
-283.5	191.667	0.0403647	0.1008
-279.0	191.667	0.0384602	0.0787
-274.5	191.667	0.0444908	0.0802
-270.0	191.667	0.0571508	0.1421
-265.5	191.667	0.051298	0.1128
-261.0	191.667	0.0456558	0.0897
-256.5	191.667	0.0580771	0.0891
-252.0	191.667	0.0528826	0.0736
-247.5	191.667	0.0652748	0.0726
-243.0	191.667	0.0733528	0.1272
-238.5	191.667	0.0755621	0.0994
-234.0	191.667	0.0761484	0.1011
-229.5	191.667	0.0821681	0.0784
-225.0	191.667	0.086978	0.0758
-220.5	191.667	0.0961112	0.0885
-216.0	191.667	0.0989538	0.0775
-211.5	191.667	0.120107	0.1312
-207.0	191.667	0.0945732	0.0606
-202.5	191.667	0.108315	0.0876
-198.0	191.667	0.1002	0.0685
-193.5	191.667	0.132431	0.1067
-189.0	191.667	0.119019	0.0852
-184.5	191.667	0.119923	0.0716
-180.0	191.667	0.123995	0.0894
-175.5	191.667	0.124773	0.0742
-171.0	191.667	0.140641	0.1384
-166.5	191.667	0.176888	0.1228
-162.0	191.667	0.161022	0.0823
-157.5	191.667	0.173894	0.0802
-153.0	191.667	0.162264	0.067
-148.5	191.667	0.157134	0.0594
-144.0	191.667	0.153221	0.0739
-139.5	191.667	0.168189	0.127
-135.0	191.667	0.168142	0.074
-130.5	191.667	0.162091	0.0606
-126.0	191.667	0.17926	0.0673
-121.5	191.667	0.1908	0.0664
-117.0	191.667	0.215014	0.1596
-112.5	191.667	0.19627	0.0785
-108.0	191.667	0.186577	0.0601
-103.5	191.667	0.190975	0.0665
-99.0	191.667	0.203448	0.0581
-94.5	191.667	0.209315	0.0793
-90.0	191.667	0.217903	0.112
-85.5	191.667	0.195317	0.0574
-81.0	191.667	0.242141	0.0847
-76.5	191.667	0.208496	0.059
-72.0	191.667	0.264575	0.0816
-67.5	191.667	0.234913	0.073
-63.0	191.667	0.218371	0.0567
-58.5	191.667	0.215482	0.0455
-54.0	191.667	0.235546	0.0736
-49.5	191.667	0.261148	0.0841
-45.0	191.667	0.30719	0.1233
-40.5	191.667	0.237046	0.0444
-36.0	191.667	0.25248	0.0873
-31.5	191.667	0.315343	0.086
-27.0	191.667	0.262533	0.082
-22.5	191.667	0.239792	0.061
-18.0	191.667	0.248569	0.0653
-13.5	191.667	0.286018	0.088
-9.0	191.667	0.260709	0.054
-4.5	191.667	0.287516	0.0885
0.0	191.667	0.223749	0.0598
4.5	191.667	0.294743	0.1087
9.0	191.667	0.264175	0.1099
13.5	191.667	0.292448	0.0939
18.0	191.667	0.26388	0.069
22.5	191.667	0.247834	0.0686
27.0	191.667	0.307493	0.1988
31.5	191.667	0.235968	0.0527
36.0	191.667	0.266936	0.0762
40.5	191.667	0.211244	0.049
45.0	191.667	0.233847	0.0648
49.5	191.667	0.262557	0.0867
54.0	191.667	0.230481	0.0858
58.5	191.667	0.242638	0.1382
63.0	191.667	0.22179	0.0572
67.5	191.667	0.215046	0.0506
72.0	191.667	0.257112	0.0812
76.5	191.667	0.225853	0.0902
81.0	191.667	0.20622	0.0521
85.5	191.667	0.18798	0.0615
90.0	191.667	0.19921	0.062
94.5	191.667	0.175346	0.0677
99.0	191.667	0.20367	0.0912
103.5	191.667	0.217428	0.1085
108.0	191.667	0.164943	0.054
112.5	191.667	0.184906	0.1917
117.0	191.667	0.16939	0.0917
121.5	191.667	0.154161	0.0975
126.0	191.667	0.166178	0.1634
130.5	191.667	0.150073	0.0754
135.0	191.667	0.141923	0.08
139.5	191.667	0.163034	0.1052
144.0	191.667	0.133341	0.082
148.5	191.667	0.146823	0.1445
153.0	191.667	0.117884	0.0628
157.5	191.667	0.116422	0.0855
162.0	191.667	0.127778	0.1218
166.5	191.667	0.119033	0.1236
171.0	191.667	0.0908527	0.0796
175.5	191.667	0.0978597	0.0668
180.0	191.667	0.0808696	0.0551
184.5	191.667	0.088577	0.0743
189.0	191.667	0.0711218	0.0661
193.5	191.667	0.0834527	0.0717
198.0	191.667	0.074563	0.0841
202.5	191.667	0.0953182	0.1881
207.0	191.667	0.0732627	0.0849
211.5	191.667	0.0839222	0.0993
216.0	191.667	0.0741092	0.1265
220.5	191.667	0.0541153	0.1266
225.0	191.667	0.0473992	0.0762
229.5	191.667	0.0554639	0.0851
234.0	191.667	0.0848588	0.2624
238.5	191.667	0.0494501	0.0814
243.0	191.667	0.0478562	0.0888
247.5	191.667	0.0710275	0.2769
252.0	191.667	0.0650229	0.1459
256.5	191.667	0.0525863	0.1588
261.0	191.667	0.064053	0.1272
265.5	191.667	0.0457843	0.1116
270.0	191.667	0.0415166	0.0889
274.5	191.667	0.0502594	0.1178
279.0	191.667	0.043376	0.1111
283.5	191.667	0.0437276	0.1016
288.0	191.667	0.0419511	0.0841
292.5	191.667	0.036393	0.0856
297.0	191.667	0.0403656	0.1173
301.5	191.667	0.0451639	0.1061
306.0	191.667	0.0387851	0.1052
310.5	191.667	0.0402584	0.099
315.0	191.667	0.0608669	0.3781
319.5	191.667	0.0416113	0.122
324.0	191.667	0.0389395	0.1224
328.5	191.667	0.0405019	0.109
333.0	191.667	0.0407804	0.1082
337.5	191.667	0.041147	0.1258
342.0	191.667	0.0385839	0.1168
346.5	191.667	0.0336018	0.1079
351.0	191.667	0.0497792	0.2177
355.5	191.667	0.0368297	0.1174
360.0	191.667	0.0465187	0.1628
364.5	191.667	0.0347001	0.1153
369.0	191.667	0.0427143	0.1801
373.5	191.667	0.0327531	0.1381
378.0	191.667	0.0511507	0.224
382.5	191.667	0.0329425	0.1443
387.0	191.667	0.052112	0.285
391.5	191.667	0.0670301	0.3643
396.0	191.667	0.0288387	0.1175
400.5	191.667	0.0200742	0.1299
405.0	191.667	0.019372	0.1507
409.5	191.667	0.0365097	0.3872
414.0	191.667	0.0211065	0.275
418.5	191.667	0.0190685	0.1361
423.0	191.667	0.0183772	0.1274
427.5	191.667	0.0218151	0.1251
432.0	191.667	0.0293653	0.1737
436.5	191.667	0.0352028	0.2661
441.0	191.667	0.0333776	0.183
445.5	191.667	0.0260911	0.1361
-450.0	194.233	0.0285829	0.3101
-445.5	194.233	0.0144071	0.1514
-441.0	194.233	0.0155529	0.2029
-436.5	194.233	0.0119958	0.1601
-432.0	194.233	0.0122212	0.1551
-427.5	194.233	0.0130073	0.1735
-423.0	194.233	0.0137244	0.2034
-418.5	194.233	0.0107817	0.156
-414.0	194.233	0.0188284	0.3497
-409.5	194.233	0.0217407	0.2799
-405.0	194.233	0.0101419	0.1432
-400.5	194.233	0.0158526	0.1765
-396.0	194.233	0.0141683	0.1415
-391.5	194.233	0.0179587	0.1404
-387.0	194.233	0.0223273	0.1363
-382.5	194.233	0.023339	0.1596
-378.0	194.233	0.0180421	0.1314
-373.5	194.233	0.0162788	0.1221
-369.0	194.233	0.0218757	0.1284
-364.5	194.233	0.0272354	0.131
-360.0	194.233	0.0235263	0.1794
-355.5	194.233	0.0215851	0.1103
-351.0	194.233	0.0268023	0.1805
-346.5	194.233	0.0233682	0.1785
-342.0	194.233	0.0261955	0.1487
-337.5	194.233	0.0259681	0.1025
-333.0	194.233	0.0280432	0.1246
-328.5	194.233	0.0285473	0.1106
-324.0	194.233	0.0319057	0.1197
-319.5	194.233	0.0510697	0.4194
-315.0	194.233	0.0237071	0.1617
-310.5	194.233	0.0278496	0.1135
-306.0	194.233	0.0287477	0.1051
-301.5	194.233	0.0322754	0.1917
-297.0	194.233	0.032847	0.121
-292.5	194.233	0.0480361	0.226
-288.0	194.233	0.044003	0.1437
-283.5	194.233	0.0382728	0.1035
-279.0	194.233	0.0388025	0.0983
-274.5	194.233	0.0507028	0.1054
-270.0	194.233	0.0515048	0.1248
-265.5	194.233	0.0558261	0.1152
-261.0	194.233	0.0491588	0.0903
-256.5	194.233	0.0624083	0.1367
-252.0	194.233	0.0572058	0.0952
-247.5	194.233	0.0689142	0.1249
-243.0	194.233	0.0526732	0.0745
-238.5	194.233	0.078221	0.134
-234.0	194.233	0.0821402	0.0804
-229.5	194.233	0.0742562	0.088
-225.0	194.233	0.0819287	0.1082
-220.5	194.233	0.0899386	0.0836
-216.0	194.233	0.0905476	0.0611
-211.5	194.233	0.123519	0.1439
-207.0	194.233	0.0910548	0.0769
-202.5	194.233	0.110485	0.165
-198.0	194.233	0.114877	0.0851
-193.5	194.233	0.107384	0.0799
-189.0	194.233	0.134406	0.1107
-184.5	194.233	0.107609	0.072
-180.0	194.233	0.132413	0.1307
-175.5	194.233	0.129896	0.0976
-171.0	194.233	0.146318	0.1095
-166.5	194.233	0.146109	0.0845
-162.0	194.233	0.148704	0.0926
-157.5	194.233	0.141558	0.0806
-153.0	194.233	0.14776	0.0771
-148.5	194.233	0.137041	0.055
-144.0	194.233	0.153129	0.0931
-139.5	194.233	0.158384	0.0702
-135.0	194.233	0.196175	0.2164
-130.5	194.233	0.191637	0.2228
-126.0	194.233	0.164368	0.0473
-121.5	194.233	0.156122	0.0502
-117.0	194.233	0.182447	0.1093
-112.5	194.233	0.176938	0.1202
-108.0	194.233	0.176486	0.0671
-103.5	194.233	0.197867	0.1088
-99.0	194.233	0.17325	0.0503
-94.5	194.233	0.194808	0.097
-90.0	194.233	0.189126	0.0695
-85.5	194.233	0.17399	0.0435
-81.0	194.233	0.218691	0.0822
-76.5	194.233	0.19214	0.0473
-72.0	194.233	0.255656	0.1072
-67.5	194.233	0.233674	0.1271
-63.0	194.233	0.215353	0.0486
-58.5	194.233	0.241497	0.105
-54.0	194.233	0.249706	0.0776
-49.5	194.233	0.238308	0.0991
-45.0	194.233	0.251598	0.0904
-40.5	194.233	0.27655	0.1037
-36.0	194.233	0.272945	0.1111
-31.5	194.233	0.313193	0.162
-27.0	194.233	0.236952	0.0614
-22.5	194.233	0.285287	0.0864
-18.0	194.233	0.248461	0.0964
-13.5	194.233	0.273262	0.1593
-9.0	194.233	0.259623	0.0853
-4.5	194.233	0.242824	0.0866
0.0	194.233	0.271537	0.0686
4.5	194.233	0.239542	0.0717
9.0	194.233	0.210836	0.0442
13.5	194.233	0.246015	0.0786
18.0	194.233	0.281145	0.1293
22.5	194.233	0.204105	0.0459
27.0	194.233	0.258156	0.1173
31.5	194.233	0.224589	0.0668
36.0	194.233	0.280957	0.1133
40.5	194.233	0.218379	0.0498
45.0	194.233	0.24808	0.1189
49.5	194.233	0.251976	0.1147
54.0	194.233	0.243702	0.0983
58.5	194.233	0.256887	0.1048
63.0	194.233	0.24006	0.0637
67.5	194.233	0.217751	0.0543
72.0	194.233	0.233249	0.1668
76.5	194.233	0.233461	0.1083
81.0	194.233	0.206036	0.0708
85.5	194.233	0.219016	0.1156
90.0	194.233	0.213554	0.0953
94.5	194.233	0.17105	0.0614
99.0	194.233	0.214648	0.1454
103.5	194.233	0.203628	0.1017
108.0	194.233	0.197017	0.1193
112.5	194.233	0.165585	0.0914
117.0	194.233	0.163658	0.1162
121.5	194.233	0.136777	0.0608
126.0	194.233	0.149871	0.1081
130.5	194.233	0.13201	0.0839
135.0	194.233	0.140786	0.0946
139.5	194.233	0.134255	0.0681
144.0	194.233	0.147246	0.2501
148.5	194.233	0.134279	0.1307
153.0	194.233	0.113434	0.0819
157.5	194.233	0.0994546	0.0952
162.0	194.233	0.0999415	0.0615
166.5	194.233	0.103725	0.0674
171.0	194.233	0.087226	0.0767
175.5	194.233	0.0949348	0.09
180.0	194.233	0.0859664	0.0901
184.5	194.233	0.0827608	0.0731
189.0	194.233	0.0796838	0.0971
193.5	194.233	0.0752752	0.0852
198.0	194.233	0.0703237	0.0858
202.5	194.233	0.0757111	0.1312
207.0	194.233	0.088859	0.1708
211.5	194.233	0.0659997	0.1204
216.0	194.233	0.0546805	0.0779
220.5	194.233	0.0720233	0.1697
225.0	194.233	0.0595958	0.1283
229.5	194.233	0.0675371	0.1928
234.0	194.233	0.0550044	0.0784
238.5	194.233	0.0498152	0.0776
243.0	194.233	0.0452855	0.087
247.5	194.233	0.0482956	0.0943
252.0	194.233	0.0473526	0.0774
256.5	194.233	0.0593568	0.1022
261.0	194.233	0.0464862	0.1199
265.5	194.233	0.0596148	0.1715
270.0	194.233	0.0409872	0.0981
274.5	194.233	0.0397097	0.0923
279.0	194.233	0.0414361	0.1313
283.5	194.233	0.0373927	0.0883
288.0	194.233	0.0432941	0.1396
292.5	194.233	0.048858	0.1667
297.0	194.233	0.058621	0.2077
301.5	194.233	0.0425935	0.1406
306.0	194.233	0.0426436	0.0863
310.5	194.233	0.0430285	0.1076
315.0	194.233	0.0492658	0.1879
319.5	194.233	0.0609632	0.2223
324.0	194.233	0.0436661	0.1741
328.5	194.233	0.0426128	0.1043
333.0	194.233	0.0356032	0.1151
337.5	194.233	0.0423423	0.131
342.0	194.233	0.0445553	0.1693
346.5	194.233	0.0391757	0.1551
351.0	194.233	0.046834	0.2038
355.5	194.233	0.0322734	0.1136
360.0	194.233	0.0339971	0.1551
364.5	194.233	0.0314548	0.1175
369.0	194.233	0.0367141	0.1663
373.5	194.233	0.024428	0.1078
378.0	194.233	0.0310285	0.1558
382.5	194.233	0.0304768	0.1317
387.0	194.233	0.0348767	0.2589
391.5	194.233	0.0268234	0.1535
396.0	194.233	0.0246158	0.1163
400.5	194.233	0.0260352	0.1349
405.0	194.233	0.043663	0.3014
409.5	194.233	0.0458867	0.4749
414.0	194.233	0.0166457	0.1322
418.5	194.233	0.0185032	0.1372
423.0	194.233	0.0516215	0.3042
427.5	194.233	0.0238977	0.2158
432.0	194.233	0.0175647	0.1302
436.5	194.233	0.0226559	0.1867
441.0	194.233	0.0281993	0.1721
445.5	194.233	0.029701	0.2729
-450.0	196.8	0.0453008	0.4336
-445.5	196.8	0.015056	0.2856
-441.0	196.8	0.0160593	0.2173
-436.5	196.8	0.0147968	0.2014
-432.0	196.8	0.0079724	0.1587
-427.5	196.8	0.0128526	0.1811
-423.0	196.8	0.0116853	0.1848
-418.5	196.8	0.0136523	0.3243
-414.0	196.8	0.0159268	0.3034
-409.5	196.8	0.0122245	0.1497
-405.0	196.8	0.0086415	0.1557
-400.5	196.8	0.0124003	0.1673
-396.0	196.8	0.0198921	0.2714
-391.5	196.8	0.0143154	0.1715
-387.0	196.8	0.0169816	0.1188
-382.5	196.8	0.015102	0.1355
-378.0	196.8	0.0213183	0.1806
-373.5	196.8	0.0172337	0.1217
-369.0	196.8	0.0166203	0.1137
-364.5	196.8	0.0183412	0.1384
-360.0	196.8	0.0297762	0.1686
-355.5	196.8	0.0252023	0.2636
-351.0	196.8	0.0218735	0.1247
-346.5	196.8	0.0248154	0.1591
-342.0	196.8	0.0229136	0.1387
-337.5	196.8	0.0229632	0.1029
-333.0	196.8	0.0400211	0.2876
-328.5	196.8	0.0267676	0.15
-324.0	196.8	0.0256744	0.1045
-319.5	196.8	0.0250588	0.108
-315.0	196.8	0.026962	0.1092
-310.5	196.8	0.0298062	0.1044
-306.0	196.8	0.026883	0.0876
-301.5	196.8	0.0352179	0.1045
-297.0	196.8	0.0335354	0.1655
-292.5	196.8	0.0347677	0.1242
-288.0	196.8	0.0343619	0.0912
-283.5	196.8	0.0378759	0.0873
-279.0	196.8	0.0372879	0.084
-274.5	196.8	0.0388455	0.0844
-270.0	196.8	0.0488845	0.2377
-265.5	196.8	0.0434684	0.0872
-261.0	196.8	0.0452525	0.0837
-256.5	196.8	0.0540076	0.0948
-252.0	196.8	0.0479158	0.0802
-247.5	196.8	0.0513812	0.0908
-243.0	196.8	0.0661504	0.1231
-238.5	196.8	0.0709827	0.1165
-234.0	196.8	0.0685935	0.0766
-229.5	196.8	0.0685663	0.0726
-225.0	196.8	0.0853617	0.1283
-220.5	196.8	0.08117	0.0914
-216.0	196.8	0.0971859	0.1201
-211.5	196.8	0.0897785	0.1111
-207.0	196.8	0.0869803	0.0854
-202.5	196.8	0.0813465	0.0683
-198.0	196.8	0.118299	0.1395
-193.5	196.8	0.0933147	0.0767
-189.0	196.8	0.100075	0.0668
-184.5	196.8	0.120268	0.1241
-180.0	196.8	0.144497	0.2154
-175.5	196.8	0.120954	0.0979
-171.0	196.8	0.123515	0.0773
-166.5	196.8	0.139105	0.0893
-162.0	196.8	0.139608	0.0993
-157.5	196.8	0.130485	0.0697
-153.0	196.8	0.153421	0.1197
-148.5	196.8	0.131396	0.0671
-144.0	196.8	0.130603	0.0678
-139.5	196.8	0.130864	0.0548
-135.0	196.8	0.146956	0.0769
-130.5	196.8	0.159885	0.0724
-126.0	196.8	0.166879	0.1054
-121.5	196.8	0.153219	0.0632
-117.0	196.8	0.16363	0.0562
-112.5	196.8	0.14757	0.0474
-108.0	196.8	0.185065	0.0778
-103.5	196.8	0.182277	0.0969
-99.0	196.8	0.192294	0.0959
-94.5	196.8	0.198307	0.0696
-90.0	196.8	0.206625	0.0777
-85.5	196.8	0.170886	0.079
-81.0	196.8	0.212322	0.0854
-76.5	196.8	0.173791	0.0467
-72.0	196.8	0.238463	0.1199
-67.5	196.8	0.230565	0.0944
-63.0	196.8	0.219907	0.077
-58.5	196.8	0.201351	0.0707
-54.0	196.8	0.220267	0.0652
-49.5	196.8	0.206644	0.0583
-45.0	196.8	0.226287	0.0542
-40.5	196.8	0.256278	0.11
-36.0	196.8	0.254185	0.071
-31.5	196.8	0.197969	0.0474
-27.0	196.8	0.228706	0.074
-22.5	196.8	0.221588	0.069
-18.0	196.8	0.224112	0.0697
-13.5	196.8	0.226018	0.0674
-9.0	196.8	0.227004	0.0732
-4.5	196.8	0.248113	0.0855
0.0	196.8	0.234222	0.0761
4.5	196.8	0.217072	0.0571
9.0	196.8	0.218358	0.0584
13.5	196.8	0.238284	0.0596
18.0	196.8	0.233521	0.1634
22.5	196.8	0.230353	0.0665
27.0	196.8	0.203676	0.0611
31.5	196.8	0.199132	0.0775
36.0	196.8	0.253453	0.1083
40.5	196.8	0.218712	0.0609
45.0	196.8	0.216686	0.0861
49.5	196.8	0.232521	0.0843
54.0	196.8	0.27232	0.1351
58.5	196.8	0.218213	0.1001
63.0	196.8	0.237963	0.1167
67.5	196.8	0.21964	0.0735
72.0	196.8	0.202915	0.0796
76.5	196.8	0.22553	0.1208
81.0	196.8	0.223898	0.0923
85.5	196.8	0.177598	0.0639
90.0	196.8	0.165855	0.0507
94.5	196.8	0.219124	0.1521
99.0	196.8	0.160349	0.0735
103.5	196.8	0.214142	0.1574
108.0	196.8	0.182174	0.1931
112.5	196.8	0.167148	0.0974
117.0	196.8	0.147265	0.0726
121.5	196.8	0.16001	0.0871
126.0	196.8	0.123468	0.0648
130.5	196.8	0.123521	0.0702
135.0	196.8	0.190144	0.2022
139.5	196.8	0.135582	0.0933
144.0	196.8	0.103064	0.057
148.5	196.8	0.108233	0.0692
153.0	196.8	0.119317	0.0896
157.5	196.8	0.0977	0.1122
162.0	196.8	0.106303	0.1283
166.5	196.8	0.0799976	0.0812
171.0	196.8	0.0815765	0.0977
175.5	196.8	0.067995	0.0583
180.0	196.8	0.0753	0.0893
184.5	196.8	0.0846618	0.0839
189.0	196.8	0.07683	0.0734
193.5	196.8	0.0799263	0.1209
198.0	196.8	0.0769243	0.1665
202.5	196.8	0.0714499	0.0828
207.0	196.8	0.0792511	0.1362
211.5	196.8	0.0658617	0.0799
216.0	196.8	0.0591831	0.0743
220.5	196.8	0.0740197	0.2055
225.0	196.8	0.0678177	0.1488
229.5	196.8	0.0526798	0.0781
234.0	196.8	0.0505191	0.0905
238.5	196.8	0.0492998	0.0839
243.0	196.8	0.0479672	0.0874
247.5	196.8	0.0473067	0.0779
252.0	196.8	0.0470186	0.0809
256.5	196.8	0.0528875	0.0953
261.0	196.8	0.0453404	0.1248
265.5	196.8	0.0445241	0.1027
270.0	196.8	0.0379273	0.086
274.5	196.8	0.0383206	0.0965
279.0	196.8	0.049815	0.2467
283.5	196.8	0.0359512	0.1332
288.0	196.8	0.033601	0.0847
292.5	196.8	0.0473676	0.1025
297.0	196.8	0.036869	0.0875
301.5	196.8	0.0387408	0.0907
306.0	196.8	0.0380512	0.124
310.5	196.8	0.0454097	0.1267
315.0	196.8	0.0342793	0.1032
319.5	196.8	0.0351664	0.0972
324.0	196.8	0.0294487	0.0938
328.5	196.8	0.0296753	0.0939
333.0	196.8	0.0369521	0.1738
337.5	196.8	0.038327	0.1329
342.0	196.8	0.0412197	0.139
346.5	196.8	0.0341057	0.1048
351.0	196.8	0.0377762	0.1241
355.5	196.8	0.0308311	0.1112
360.0	196.8	0.0387725	0.1673
364.5	196.8	0.282511	0.8962
369.0	196.8	0.0469827	0.1926
373.5	196.8	0.0392692	0.1685
378.0	196.8	0.0339059	0.1448
382.5	196.8	0.0330145	0.132
387.0	196.8	0.0365227	0.163
391.5	196.8	0.0249008	0.1215
396.0	196.8	0.0337553	0.427
400.5	196.8	0.0196399	0.1407
405.0	196.8	0.0510365	0.5561
409.5	196.8	0.0180059	0.1342
414.0	196.8	0.0336951	0.3565
418.5	196.8	0.0178732	0.13
423.0	196.8	0.0313434	0.3089
427.5	196.8	0.0193435	0.1327
432.0	196.8	0.0193477	0.1408
436.5	196.8	0.0240399	0.1835
441.0	196.8	0.0254943	0.2063
445.5	196.8	0.037436	0.3093
-450.0	199.367	0.0157765	0.1949
-445.5	199.367	0.0137306	0.1513
-441.0	199.367	0.0158028	0.168
-436.5	199.367	0.0133232	0.1749
-432.0	199.367	0.00857566	0.1551
-427.5	199.367	0.0112709	0.1566
-423.0	199.367	0.0117963	0.1571
-418.5	199.367	0.0168554	0.2071
-414.0	199.367	0.012113	0.217
-409.5	199.367	0.0182328	0.3297
-405.0	199.367	0.0168866	0.2047
-400.5	199.367	0.0388278	0.5813
-396.0	199.367	0.0178644	0.1694
-391.5	199.367	0.0202113	0.2091
-387.0	199.367	0.0209926	0.1927
-382.5	199.367	0.0150691	0.1289
-378.0	199.367	0.0219252	0.1706
-373.5	199.367	0.0226693	0.2836
-369.0	199.367	0.0288316	0.3408
-364.5	199.367	0.0214909	0.188
-360.0	199.367	0.0232941	0.1597
-355.5	199.367	0.0200731	0.1652
-351.0	199.367	0.0248938	0.1293
-346.5	199.367	0.0250936	0.1663
-342.0	199.367	0.0228288	0.1064
-337.5	199.367	0.027437	0.1268
-333.0	199.367	0.0243336	0.1381
-328.5	199.367	0.025727	0.1173
-324.0	199.367	0.0273619	0.1519
-319.5	199.367	0.0310483	0.1109
-315.0	199.367	0.0235361	0.1079
-310.5	199.367	0.0246835	0.095
-306.0	199.367	0.0263975	0.0938
-301.5	199.367	0.0295078	0.0971
-297.0	199.367	0.0286456	0.1335
-292.5	199.367	0.0299581	0.0982
-288.0	199.367	0.0351673	0.0969
-283.5	199.367	0.0353348	0.085
-279.0	199.367	0.0393825	0.0946
-274.5	199.367	0.0409563	0.1506
-270.0	199.367	0.0412327	0.1015
-265.5	199.367	0.0381521	0.0827
-261.0	199.367	0.0382947	0.0852
-256.5	199.367	0.052958	0.1239
-252.0	199.367	0.0592664	0.1155
-247.5	199.367	0.0453348	0.0779
-243.0	199.367	0.0527842	0.0852
-238.5	199.367	0.059512	0.0873
-234.0	199.367	0.0773021	0.1075
-229.5	199.367	0.088876	0.1176
-225.0	199.367	0.0749996	0.0953
-220.5	199.367	0.0813575	0.0799
-216.0	199.367	0.0712646	0.0763
-211.5	199.367	0.0772844	0.0781
-207.0	199.367	0.0892249	0.0885
-202.5	199.367	0.0928367	0.0834
-198.0	199.367	0.0913624	0.0804
-193.5	199.367	0.0901412	0.0696
-189.0	199.367	0.0926252	0.0629
-184.5	199.367	0.106847	0.0658
-180.0	199.367	0.112695	0.0845
-175.5	199.367	0.110066	0.0803
-171.0	199.367	0.0965603	0.0619
-166.5	199.367	0.125438	0.0733
-162.0	199.367	0.123141	0.0657
-157.5	199.367	0.127562	0.0913
-153.0	199.367	0.132286	0.0866
-148.5	199.367	0.147164	0.1433
-144.0	199.367	0.126253	0.0805
-139.5	199.367	0.138471	0.0825
-135.0	199.367	0.156584	0.0667
-130.5	199.367	0.162427	0.102
-126.0	199.367	0.145514	0.0881
-121.5	199.367	0.143356	0.0711
-117.0	199.367	0.151102	0.1128
-112.5	199.367	0.148766	0.088
-108.0	199.367	0.150261	0.0501
-103.5	199.367	0.166302	0.0604
-99.0	199.367	0.181307	0.0865
-94.5	199.367	0.17978	0.0692
-90.0	199.367	0.163646	0.0533
-85.5	199.367	0.172137	0.0544
-81.0	199.367	0.200196	0.0853
-76.5	199.367	0.164776	0.0607
-72.0	199.367	0.21822	0.1205
-67.5	199.367	0.223242	0.093
-63.0	199.367	0.18782	0.0544
-58.5	199.367	0.203242	0.0842
-54.0	199.367	0.192716	0.0541
-49.5	199.367	0.255435	0.1021
-45.0	199.367	0.223729	0.0584
-40.5	199.367	0.217771	0.0766
-36.0	199.367	0.2348	0.1061
-31.5	199.367	0.200558	0.069
-27.0	199.367	0.264153	0.154
-22.5	199.367	0.232745	0.0563
-18.0	199.367	0.253096	0.0883
-13.5	199.367	0.266367	0.1108
-9.0	199.367	0.21926	0.071
-4.5	199.367	0.231488	0.1056
0.0	199.367	0.222104	0.111
4.5	199.367	0.221726	0.0821
9.0	199.367	0.214754	0.0734
13.5	199.367	0.227772	0.0688
18.0	199.367	0.200638	0.0702
22.5	199.367	0.275581	0.1592
27.0	199.367	0.193154	0.0518
31.5	199.367	0.195485	0.0667
36.0	199.367	0.272488	0.1586
40.5	199.367	0.197491	0.0453
45.0	199.367	0.231183	0.0854
49.5	199.367	0.202856	0.0717
54.0	199.367	0.226238	0.1292
58.5	199.367	0.174745	0.0527
63.0	199.367	0.169299	0.0405
67.5	199.367	0.217321	0.1127
72.0	199.367	0.213653	0.0912
76.5	199.367	0.19723	0.1164
81.0	199.367	0.198619	0.1126
85.5	199.367	0.167015	0.0711
90.0	199.367	0.19355	0.087
94.5	199.367	0.174928	0.1067
99.0	199.367	0.15985	0.0952
103.5	199.367	0.152624	0.0815
108.0	199.367	0.153856	0.0709
112.5	199.367	0.150245	0.0762
117.0	199.367	0.143539	0.0877
121.5	199.367	0.137414	0.1071
126.0	199.367	0.124207	0.0648
130.5	199.367	0.125105	0.0797
135.0	199.367	0.154965	0.1314
139.5	199.367	0.130395	0.1027
144.0	199.367	0.112551	0.0835
148.5	199.367	0.104775	0.0794
153.0	199.367	0.0947954	0.0639
157.5	199.367	0.0887166	0.0638
162.0	199.367	0.112838	0.1082
166.5	199.367	0.0901614	0.0807
171.0	199.367	0.0861948	0.1026
175.5	199.367	0.0692486	0.0659
180.0	199.367	0.0767214	0.1348
184.5	199.367	0.0683848	0.069
189.0	199.367	0.0785732	0.1385
193.5	199.367	0.109308	0.1865
198.0	199.367	0.0627403	0.1141
202.5	199.367	0.0618745	0.0877
207.0	199.367	0.0609782	0.0717
211.5	199.367	0.0622206	0.1061
216.0	199.367	0.0557706	0.0875
220.5	199.367	0.0637554	0.114
225.0	199.367	0.0510654	0.0805
229.5	199.367	0.04124	0.0685
234.0	199.367	0.0529652	0.1006
238.5	199.367	0.0395772	0.079
243.0	199.367	0.0461738	0.1019
247.5	199.367	0.0432562	0.1088
252.0	199.367	0.0447778	0.1741
256.5	199.367	0.0440174	0.0868
261.0	199.367	0.0405053	0.0956
265.5	199.367	0.0391503	0.0945
270.0	199.367	0.0372327	0.0876
274.5	199.367	0.0410009	0.1046
279.0	199.367	0.0375701	0.0977
283.5	199.367	0.0388163	0.1222
288.0	199.367	0.0358338	0.112
292.5	199.367	0.0430647	0.144
297.0	199.367	0.0422969	0.1295
301.5	199.367	0.039257	0.1317
306.0	199.367	0.0373429	0.1052
310.5	199.367	0.0760567	0.4716
315.0	199.367	0.039575	0.1299
319.5	199.367	0.0326206	0.1133
324.0	199.367	0.0427329	0.2458
328.5	199.367	0.0419408	0.1328
333.0	199.367	0.0351395	0.1009
337.5	199.367	0.0430644	0.1709
342.0	199.367	0.0379263	0.1337
346.5	199.367	0.0463812	0.1794
351.0	199.367	0.0333768	0.1289
355.5	199.367	0.0348438	0.1146
360.0	199.367	0.0431737	0.2054
364.5	199.367	0.0672778	0.6283
369.0	199.367	0.0311517	0.1747
373.5	199.367	0.0267803	0.1405
378.0	199.367	0.0356402	0.2429
382.5	199.367	0.0290193	0.1399
387.0	199.367	0.0334218	0.1626
391.5	199.367	0.0312643	0.1695
396.0	199.367	0.0386996	0.3627
400.5	199.367	0.0255055	0.1429
405.0	199.367	0.0221759	0.211
409.5	199.367	0.0213239	0.1443
414.0	199.367	0.0338003	0.3021
418.5	199.367	0.016644	0.1566
423.0	199.367	0.019362	0.1435
427.5	199.367	0.0195929	0.135
432.0	199.367	0.0282762	0.1576
436.5	199.367	0.0295103	0.3042
441.0	199.367	0.0220006	0.1919
445.5	199.367	0.0545845	0.4616
-450.0	201.933	0.0153079	0.1391
-445.5	201.933	0.0151397	0.2082
-441.0	201.933	0.0132314	0.1344
-436.5	201.933	0.011545	0.3318
-432.0	201.933	0.0165391	0.3169
-427.5	201.933	0.0130361	0.3924
-423.0	201.933	0.0125602	0.1434
-418.5	201.933	0.00821028	0.143
-414.0	201.933	0.012089	0.2356
-409.5	201.933	0.0141373	0.2741
-405.0	201.933	0.0125392	0.1538
-400.5	201.933	0.0169234	0.1841
-396.0	201.933	0.0180158	0.1546
-391.5	201.933	0.0124454	0.131
-387.0	201.933	0.0141712	0.1665
-382.5	201.933	0.0143317	0.1361
-378.0	201.933	0.0240297	0.2085
-373.5	201.933	0.0216135	0.2489
-369.0	201.933	0.0225524	0.2115
-364.5	201.933	0.019385	0.1197
-360.0	201.933	0.0166777	0.1147
-355.5	201.933	0.0197484	0.2232
-351.0	201.933	0.0261356	0.2999
-346.5	201.933	0.0167768	0.1125
-342.0	201.933	0.0303059	0.12
-337.5	201.933	0.0347342	0.1994
-333.0	201.933	0.0227651	0.1197
-328.5	201.933	0.0253904	0.1194
-324.0	201.933	0.0280239	0.1467
-319.5	201.933	0.0241779	0.0997
-315.0	201.933	0.026695	0.1101
-310.5	201.933	0.0376929	0.1462
-306.0	201.933	0.0234518	0.1034
-301.5	201.933	0.0300559	0.0951
-297.0	201.933	0.0864789	0.6688
-292.5	201.933	0.0298981	0.1213
-288.0	201.933	0.0323343	0.1
-283.5	201.933	0.0518912	0.2701
-279.0	201.933	0.0404893	0.1068
-274.5	201.933	0.0474449	0.1618
-270.0	201.933	0.0393218	0.0897
-265.5	201.933	0.0424257	0.0876
-261.0	201.933	0.0414955	0.0845
-256.5	201.933	0.0547024	0.1831
-252.0	201.933	0.0465412	0.0876
-247.5	201.933	0.0559068	0.1686
-243.0	201.933	0.0564338	0.0888
-238.5	201.933	0.0653823	0.1062
-234.0	201.933	0.0612594	0.0936
-229.5	201.933	0.07435	0.1061
-225.0	201.933	0.0742393	0.0939
-220.5	201.933	0.0697181	0.0925
-216.0	201.933	0.084235	0.0967
-211.5	201.933	0.0918992	0.1505
-207.0	201.933	0.0750971	0.0781
-202.5	201.933	0.0822185	0.1069
-198.0	201.933	0.0978529	0.1107
-193.5	201.933	0.0881401	0.0737
-189.0	201.933	0.103936	0.079
-184.5	201.933	0.101986	0.0757
-180.0	201.933	0.10362	0.0916
-175.5	201.933	0.101413	0.0751
-171.0	201.933	0.105992	0.141
-166.5	201.933	0.116818	0.0754
-162.0	201.933	0.117295	0.0951
-157.5	201.933	0.13126	0.114
-153.0	201.933	0.143102	0.0965
-148.5	201.933	0.111909	0.0674
-144.0	201.933	0.122509	0.0739
-139.5	201.933	0.12538	0.0656
-135.0	201.933	0.131132	0.0751
-130.5	201.933	0.13364	0.0759
-126.0	201.933	0.147155	0.0714
-121.5	201.933	0.145781	0.0778
-117.0	201.933	0.168411	0.1592
-112.5	201.933	0.149594	0.0691
-108.0	201.933	0.15769	0.0853
-103.5	201.933	0.185785	0.1373
-99.0	201.933	0.158161	0.1043
-94.5	201.933	0.169354	0.0583
-90.0	201.933	0.222178	0.1084
-85.5	201.933	0.179269	0.1086
-81.0	201.933	0.223069	0.1325
-76.5	201.933	0.177948	0.0676
-72.0	201.933	0.193224	0.0927
-67.5	201.933	0.176265	0.0653
-63.0	201.933	0.196879	0.1105
-58.5	201.933	0.258261	0.187
-54.0	201.933	0.233945	0.0926
-49.5	201.933	0.227966	0.0876
-45.0	201.933	0.214238	0.0892
-40.5	201.933	0.255877	0.1511
-36.0	201.933	0.21447	0.0638
-31.5	201.933	0.209651	0.0732
-27.0	201.933	0.232271	0.1359
-22.5	201.933	0.227795	0.076
-18.0	201.933	0.220395	0.0913
-13.5	201.933	0.237327	0.0997
-9.0	201.933	0.23815	0.1141
-4.5	201.933	0.236284	0.1211
0.0	201.933	0.213526	0.0864
4.5	201.933	0.195262	0.0602
9.0	201.933	0.189582	0.0777
13.5	201.933	0.210356	0.0775
18.0	201.933	0.210169	0.0787
22.5	201.933	0.198763	0.0626
27.0	201.933	0.20187	0.065
31.5	201.933	0.205579	0.1083
36.0	201.933	0.250733	0.1216
40.5	201.933	0.18692	0.0564
45.0	201.933	0.179532	0.0463
49.5	201.933	0.247239	0.1551
54.0	201.933	0.175979	0.056
58.5	201.933	0.185494	0.0802
63.0	201.933	0.176929	0.0558
67.5	201.933	0.183402	0.0673
72.0	201.933	0.197333	0.0776
76.5	201.933	0.154541	0.0502
81.0	201.933	0.163559	0.0814
85.5	201.933	0.161481	0.1221
90.0	201.933	0.178941	0.1287
94.5	201.933	0.152484	0.0743
99.0	201.933	0.130116	0.0481
103.5	201.933	0.152319	0.157
108.0	201.933	0.136851	0.0653
112.5	201.933	0.135306	0.067
117.0	201.933	0.13289	0.0981
121.5	201.933	0.124627	0.07
126.0	201.933	0.131509	0.0757
130.5	201.933	0.107485	0.073
135.0	201.933	0.110145	0.0643
139.5	201.933	0.09961	0.0706
144.0	201.933	0.0985016	0.0923
148.5	201.933	0.0861123	0.0661
153.0	201.933	0.0989709	0.097
157.5	201.933	0.0774945	0.0573
162.0	201.933	0.0886336	0.0918
166.5	201.933	0.0811135	0.0835
171.0	201.933	0.0769238	0.1017
175.5	201.933	0.080029	0.0859
180.0	201.933	0.0649767	0.0671
184.5	201.933	0.0705141	0.0698
189.0	201.933	0.0585823	0.0652
193.5	201.933	0.0734192	0.13
198.0	201.933	0.0621071	0.0937
202.5	201.933	0.0679577	0.1354
207.0	201.933	0.0580485	0.1479
211.5	201.933	0.0565115	0.0744
216.0	201.933	0.0487822	0.0687
220.5	201.933	0.0462703	0.0807
225.0	201.933	0.0481252	0.0831
229.5	201.933	0.0439189	0.0737
234.0	201.933	0.0450171	0.0835
238.5	201.933	0.0517921	0.1469
243.0	201.933	0.0502372	0.1226
247.5	201.933	0.0371618	0.0761
252.0	201.933	0.0471185	0.1904
256.5	201.933	0.0498486	0.1425
261.0	201.933	0.0409109	0.1007
265.5	201.933	0.0374738	0.0919
270.0	201.933	0.0388471	0.0985
274.5	201.933	0.0344946	0.0873
279.0	201.933	0.054171	0.205
283.5	201.933	0.0384997	0.151
288.0	201.933	0.033435	0.0995
292.5	201.933	0.0396675	0.1278
297.0	201.933	0.035598	0.0966
301.5	201.933	0.0337138	0.1226
306.0	201.933	0.0338089	0.1385
310.5	201.933	0.0355411	0.1141
315.0	201.933	0.0310361	0.0947
319.5	201.933	0.0359869	0.1319
324.0	201.933	0.035386	0.1025
328.5	201.933	0.0259415	0.108
333.0	201.933	0.0344843	0.1183
337.5	201.933	0.0334764	0.1625
342.0	201.933	0.0390209	0.1872
346.5	201.933	0.0492562	0.227
351.0	201.933	0.0368909	0.1738
355.5	201.933	0.0296498	0.1514
360.0	201.933	0.0286102	0.2248
364.5	201.933	0.0320703	0.1617
369.0	201.933	0.0315064	0.1982
373.5	201.933	0.0373877	0.201
378.0	201.933	0.0263233	0.14
382.5	201.933	0.0245389	0.1304
387.0	201.933	0.0424213	0.3233
391.5	201.933	0.0308551	0.2075
396.0	201.933	0.0329362	0.2567
400.5	201.933	0.0209555	0.1299
405.0	201.933	0.0248025	0.1781
409.5	201.933	0.0192762	0.178
414.0	201.933	0.023345	0.3359
418.5	201.933	0.0172194	0.1908
423.0	201.933	0.0160168	0.1663
427.5	201.933	0.0162787	0.1621
432.0	201.933	0.018896	0.1592
436.5	201.933	0.0213817	0.233
441.0	201.933	0.0419763	0.36
445.5	201.933	0.0322282	0.209
-450.0	204.5	0.0193004	0.2598
-445.5	204.5	0.0146723	0.1987
-441.0	204.5	0.0140849	0.1681
-436.5	204.5	0.0115942	0.2929
-432.0	204.5	0.0129108	0.1893
-427.5	204.5	0.0115386	0.198
-423.0	204.5	0.00571356	0.1544
-418.5	204.5	0.0103121	0.1877
-414.0	204.5	0.00815557	0.1513
-409.5	204.5	0.0130344	0.2005
-405.0	204.5	0.0116796	0.1693
-400.5	204.5	0.0221417	0.3322
-396.0	204.5	0.0162002	0.1618
-391.5	204.5	0.0136092	0.1501
-387.0	204.5	0.0161423	0.1954
-382.5	204.5	0.0184025	0.2244
-378.0	204.5	0.0223331	0.2692
-373.5	204.5	0.0183688	0.2223
-369.0	204.5	0.0181173	0.1398
-364.5	204.5	0.0198362	0.156
-360.0	204.5	0.0189102	0.1288
-355.5	204.5	0.0284077	0.3075
-351.0	204.5	0.0331027	0.3355
-346.5	204.5	0.0288266	0.2538
-342.0	204.5	0.0219561	0.1534
-337.5	204.5	0.0244841	0.1393
-333.0	204.5	0.0230966	0.1213
-328.5	204.5	0.0258214	0.1284
-324.0	204.5	0.0234619	0.1478
-319.5	204.5	0.0265679	0.1093
-315.0	204.5	0.0258076	0.0987
-310.5	204.5	0.0248364	0.1266
-306.0	204.5	0.0213223	0.0992
-301.5	204.5	0.028939	0.1588
-297.0	204.5	0.0345201	0.1247
-292.5	204.5	0.0354831	0.1255
-288.0	204.5	0.0263546	0.0883
-283.5	204.5	0.0324074	0.1923
-279.0	204.5	0.036428	0.0995
-274.5	204.5	0.0396386	0.1556
-270.0	204.5	0.0358497	0.1124
-265.5	204.5	0.0475986	0.1862
-261.0	204.5	0.0362431	0.0895
-256.5	204.5	0.0441652	0.0922
-252.0	204.5	0.047447	0.0897
-247.5	204.5	0.0546663	0.1009
-243.0	204.5	0.0459286	0.0778
-238.5	204.5	0.0662932	0.1084
-234.0	204.5	0.0740375	0.1509
-229.5	204.5	0.0792761	0.137
-225.0	204.5	0.0669594	0.0905
-220.5	204.5	0.0673389	0.0931
-216.0	204.5	0.081647	0.1185
-211.5	204.5	0.0811228	0.0994
-207.0	204.5	0.069101	0.0897
-202.5	204.5	0.0709258	0.0803
-198.0	204.5	0.0838927	0.1629
-193.5	204.5	0.101038	0.1103
-189.0	204.5	0.0995905	0.0837
-184.5	204.5	0.10048	0.121
-180.0	204.5	0.0789804	0.0651
-175.5	204.5	0.0967491	0.1021
-171.0	204.5	0.128807	0.1274
-166.5	204.5	0.114466	0.1094
-162.0	204.5	0.105443	0.0715
-157.5	204.5	0.124463	0.1023
-153.0	204.5	0.106485	0.0634
-148.5	204.5	0.13351	0.1143
-144.0	204.5	0.132331	0.0838
-139.5	204.5	0.119443	0.0626
-135.0	204.5	0.124831	0.0778
-130.5	204.5	0.111576	0.0868
-126.0	204.5	0.12721	0.065
-121.5	204.5	0.133219	0.0718
-117.0	204.5	0.138454	0.0871
-112.5	204.5	0.145906	0.0675
-108.0	204.5	0.166325	0.1129
-103.5	204.5	0.14889	0.0804
-99.0	204.5	0.137783	0.0583
-94.5	204.5	0.164469	0.1079
-90.0	204.5	0.178306	0.1239
-85.5	204.5	0.163567	0.0584
-81.0	204.5	0.162094	0.0675
-76.5	204.5	0.169296	0.0548
-72.0	204.5	0.173567	0.0829
-67.5	204.5	0.16186	0.0585
-63.0	204.5	0.178975	0.0521
-58.5	204.5	0.181403	0.086
-54.0	204.5	0.188276	0.1004
-49.5	204.5	0.215182	0.12
-45.0	204.5	0.184796	0.081
-40.5	204.5	0.222567	0.1334
-36.0	204.5	0.21592	0.1103
-31.5	204.5	0.173029	0.0578
-27.0	204.5	0.183575	0.054
-22.5	204.5	0.185893	0.0598
-18.0	204.5	0.205772	0.0982
-13.5	204.5	0.185245	0.0724
-9.0	204.5	0.237537	0.0926
-4.5	204.5	0.204094	0.0805
0.0	204.5	0.25305	0.1661
4.5	204.5	0.218648	0.1089
9.0	204.5	0.183476	0.0934
13.5	204.5	0.21332	0.0947
18.0	204.5	0.180956	0.0731
22.5	204.5	0.176609	0.0494
27.0	204.5	0.218615	0.0964
31.5	204.5	0.179474	0.1061
36.0	204.5	0.205267	0.1089
40.5	204.5	0.182635	0.0582
45.0	204.5	0.204892	0.1426
49.5	204.5	0.199847	0.0982
54.0	204.5	0.154636	0.07
58.5	204.5	0.167037	0.0646
63.0	204.5	0.158936	0.0654
67.5	204.5	0.189044	0.0976
72.0	204.5	0.185892	0.1042
76.5	204.5	0.187086	0.1246
81.0	204.5	0.160229	0.0863
85.5	204.5	0.144383	0.0589
90.0	204.5	0.156947	0.0983
94.5	204.5	0.143127	0.0896
99.0	204.5	0.160171	0.1302
103.5	204.5	0.137663	0.0774
108.0	204.5	0.129592	0.0815
112.5	204.5	0.128762	0.069
117.0	204.5	0.125152	0.085
121.5	204.5	0.113255	0.0905
126.0	204.5	0.105486	0.062
130.5	204.5	0.117598	0.0827
135.0	204.5	0.134957	0.1288
139.5	204.5	0.097098	0.0582
144.0	204.5	0.134843	0.2326
148.5	204.5	0.0891628	0.0731
153.0	204.5	0.0862478	0.0773
157.5	204.5	0.0861332	0.1098
162.0	204.5	0.0823206	0.0914
166.5	204.5	0.067121	0.0559
171.0	204.5	0.0773397	0.0895
175.5	204.5	0.0594256	0.0583
180.0	204.5	0.0604627	0.0782
184.5	204.5	0.065368	0.1051
189.0	204.5	0.0640075	0.0717
193.5	204.5	0.0708997	0.1921
198.0	204.5	0.0622095	0.163
202.5	204.5	0.0610478	0.1645
207.0	204.5	0.0540124	0.0966
211.5	204.5	0.0488691	0.0986
216.0	204.5	0.0487718	0.0797
220.5	204.5	0.0552273	0.1078
225.0	204.5	0.0519568	0.1033
229.5	204.5	0.0698305	0.3183
234.0	204.5	0.0404147	0.0911
238.5	204.5	0.0408313	0.1339
243.0	204.5	0.0406262	0.0927
247.5	204.5	0.0412525	0.1431
252.0	204.5	0.0401573	0.1111
256.5	204.5	0.039976	0.1029
261.0	204.5	0.0403047	0.0929
265.5	204.5	0.0360867	0.1151
270.0	204.5	0.0386486	0.0995
274.5	204.5	0.0393267	0.1278
279.0	204.5	0.0323402	0.0992
283.5	204.5	0.0461172	0.244
288.0	204.5	0.0353661	0.0818
292.5	204.5	0.0310766	0.0992
297.0	204.5	0.0387125	0.1134
301.5	204.5	0.0350835	0.1162
306.0	204.5	0.0291587	0.1695
310.5	204.5	0.0337092	0.1073
315.0	204.5	0.0344491	0.1213
319.5	204.5	0.0343149	0.0942
324.0	204.5	0.042315	0.1809
328.5	204.5	0.0398352	0.1684
333.0	204.5	0.026976	0.144
337.5	204.5	0.0262179	0.0977
342.0	204.5	0.0536558	0.4191
346.5	204.5	0.033196	0.1221
351.0	204.5	0.038744	0.1869
355.5	204.5	0.032375	0.1459
360.0	204.5	0.0233547	0.1265
364.5	204.5	0.0299567	0.1153
369.0	204.5	0.0372065	0.2116
373.5	204.5	0.0325161	0.192
378.0	204.5	0.0275347	0.1157
382.5	204.5	0.0269445	0.1436
387.0	204.5	0.0439358	0.3456
391.5	204.5	0.0221907	0.1256
396.0	204.5	0.0227441	0.1479
400.5	204.5	0.02139	0.1479
405.0	204.5	0.0203226	0.1921
409.5	204.5	0.0212334	0.217
414.0	204.5	0.0219349	0.245
418.5	204.5	0.0189458	0.2708
423.0	204.5	0.0201974	0.1761
427.5	204.5	0.031891	0.2621
432.0	204.5	0.0210449	0.1843
436.5	204.5	0.0260266	0.2366
441.0	204.5	0.0170795	0.1779
445.5	204.5	0.0334744	0.3394
-450.0	207.067	0.0140828	0.1332
-445.5	207.067	0.0128717	0.1647
-441.0	207.067	0.024723	0.3169
-436.5	207.067	0.0153688	0.2759
-432.0	207.067	0.012975	0.2562
-427.5	207.067	0.011513	0.1762
-423.0	207.067	0.0107336	0.1413
-418.5	207.067	0.0161114	0.3353
-414.0	207.067	0.00943339	0.1864
-409.5	207.067	0.0095811	0.1467
-405.0	207.067	0.0120467	0.1446
-400.5	207.067	0.0199309	0.2956
-396.0	207.067	0.0173769	0.3567
-391.5	207.067	0.0155117	0.2229
-387.0	207.067	0.0139321	0.1512
-382.5	207.067	0.0142318	0.143
-378.0	207.067	0.0143347	0.1629
-373.5	207.067	0.022708	0.1811
-369.0	207.067	0.0171316	0.1256
-364.5	207.067	0.0318518	0.2696
-360.0	207.067	0.0359578	0.3094
-355.5	207.067	0.0197088	0.1454
-351.0	207.067	0.0256884	0.3819
-346.5	207.067	0.0346968	0.4349
-342.0	207.067	0.0225872	0.1385
-337.5	207.067	0.0255966	0.1447
-333.0	207.067	0.0214455	0.1186
-328.5	207.067	0.0200238	0.1174
-324.0	207.067	0.0276537	0.1988
-319.5	207.067	0.0234357	0.1436
-315.0	207.067	0.024032	0.1307
-310.5	207.067	0.0220323	0.1441
-306.0	207.067	0.0209495	0.1141
-301.5	207.067	0.0314197	0.1281
-297.0	207.067	0.0329648	0.1484
-292.5	207.067	0.0305418	0.1343
-288.0	207.067	0.0315521	0.1322
-283.5	207.067	0.0334868	0.0893
-279.0	207.067	0.0334804	0.0982
-274.5	207.067	0.0421121	0.1179
-270.0	207.067	0.0420616	0.0994
-265.5	207.067	0.0401182	0.1312
-261.0	207.067	0.0373206	0.1083
-256.5	207.067	0.0415563	0.0936
-252.0	207.067	0.0397044	0.085
-247.5	207.067	0.0524971	0.1188
-243.0	207.067	0.0490611	0.0981
-238.5	207.067	0.0478414	0.0801
-234.0	207.067	0.0623952	0.0926
-229.5	207.067	0.0694844	0.1054
-225.0	207.067	0.0630459	0.0998
-220.5	207.067	0.0597736	0.0907
-216.0	207.067	0.0707538	0.0891
-211.5	207.067	0.0769768	0.0944
-207.0	207.067	0.0687478	0.0893
-202.5	207.067	0.087442	0.1725
-198.0	207.067	0.0954709	0.1067
-193.5	207.067	0.0840067	0.0908
-189.0	207.067	0.0985494	0.1404
-184.5	207.067	0.0818469	0.0692
-180.0	207.067	0.0825407	0.0722
-175.5	207.067	0.0851949	0.0774
-171.0	207.067	0.109107	0.0886
-166.5	207.067	0.0973079	0.0711
-162.0	207.067	0.105038	0.0727
-157.5	207.067	0.125436	0.1252
-153.0	207.067	0.104952	0.0944
-148.5	207.067	0.106001	0.0928
-144.0	207.067	0.134719	0.187
-139.5	207.067	0.108022	0.0604
-135.0	207.067	0.103995	0.058
-130.5	207.067	0.110176	0.0625
-126.0	207.067	0.128261	0.0817
-121.5	207.067	0.119314	0.0637
-117.0	207.067	0.134528	0.0878
-112.5	207.067	0.129433	0.0534
-108.0	207.067	0.142809	0.0705
-103.5	207.067	0.133434	0.0564
-99.0	207.067	0.134543	0.0675
-94.5	207.067	0.143863	0.0568
-90.0	207.067	0.12818	0.0502
-85.5	207.067	0.138268	0.052
-81.0	207.067	0.145415	0.0528
-76.5	207.067	0.163671	0.061
-72.0	207.067	0.162769	0.075
-67.5	207.067	0.178966	0.0828
-63.0	207.067	0.176803	0.0783
-58.5	207.067	0.196034	0.1445
-54.0	207.067	0.170021	0.0697
-49.5	207.067	0.183578	0.112
-45.0	207.067	0.217077	0.1374
-40.5	207.067	0.190932	0.0724
-36.0	207.067	0.158759	0.0502
-31.5	207.067	0.186618	0.08
-27.0	207.067	0.20168	0.0888
-22.5	207.067	0.198803	0.12
-18.0	207.067	0.198502	0.128
-13.5	207.067	0.192851	0.0835
-9.0	207.067	0.184828	0.0978
-4.5	207.067	0.180517	0.0696
0.0	207.067	0.211833	0.1045
4.5	207.067	0.185129	0.0741
9.0	207.067	0.201298	0.1256
13.5	207.067	0.203192	0.0858
18.0	207.067	0.196673	0.0972
22.5	207.067	0.190397	0.1078
27.0	207.067	0.18232	0.0877
31.5	207.067	0.165333	0.0553
36.0	207.067	0.168233	0.0717
40.5	207.067	0.193083	0.1415
45.0	207.067	0.176638	0.0782
49.5	207.067	0.196195	0.094
54.0	207.067	0.135104	0.0465
58.5	207.067	0.202058	0.1343
63.0	207.067	0.166304	0.0691
67.5	207.067	0.168603	0.095
72.0	207.067	0.184858	0.1285
76.5	207.067	0.147028	0.0808
81.0	207.067	0.139386	0.067
85.5	207.067	0.159181	0.085
90.0	207.067	0.150661	0.0946
94.5	207.067	0.128787	0.0803
99.0	207.067	0.145131	0.0953
103.5	207.067	0.126971	0.0742
108.0	207.067	0.140267	0.1225
112.5	207.067	0.127148	0.0834
117.0	207.067	0.129322	0.1029
121.5	207.067	0.115419	0.1499
126.0	207.067	0.10458	0.0998
130.5	207.067	0.125646	0.1505
135.0	207.067	0.0966287	0.0635
139.5	207.067	0.0901717	0.0683
144.0	207.067	0.0997737	0.1294
148.5	207.067	0.0916475	0.0824
153.0	207.067	0.0820924	0.0853
157.5	207.067	0.0780026	0.0679
162.0	207.067	0.0769201	0.1281
166.5	207.067	0.0676041	0.0667
171.0	207.067	0.0739053	0.1443
175.5	207.067	0.0702915	0.1392
180.0	207.067	0.0771214	0.1262
184.5	207.067	0.0703901	0.0779
189.0	207.067	0.0538474	0.0641
193.5	207.067	0.0591334	0.091
198.0	207.067	0.070315	0.1661
202.5	207.067	0.0510457	0.1877
207.0	207.067	0.0507253	0.0903
211.5	207.067	0.0535632	0.1013
216.0	207.067	0.0437464	0.0718
220.5	207.067	0.0385257	0.0725
225.0	207.067	0.0403406	0.0946
229.5	207.067	0.046442	0.14
234.0	207.067	0.0494536	0.1413
238.5	207.067	0.0488132	0.1416
243.0	207.067	0.0446509	0.1197
247.5	207.067	0.032623	0.1204
252.0	207.067	0.0377288	0.1059
256.5	207.067	0.0368473	0.0826
261.0	207.067	0.052539	0.275
265.5	207.067	0.0356141	0.1887
270.0	207.067	0.0405231	0.1793
274.5	207.067	0.0384115	0.088
279.0	207.067	0.0395335	0.1124
283.5	207.067	0.0328301	0.0859
288.0	207.067	0.0380001	0.1339
292.5	207.067	0.0559366	0.2579
297.0	207.067	0.0336236	0.1079
301.5	207.067	0.0310398	0.1132
306.0	207.067	0.030129	0.1014
310.5	207.067	0.0419742	0.1762
315.0	207.067	0.0301797	0.0983
319.5	207.067	0.0277186	0.1032
324.0	207.067	0.0356942	0.0986
328.5	207.067	0.0356451	0.1298
333.0	207.067	0.026987	0.1021
337.5	207.067	0.0312462	0.1413
342.0	207.067	0.0618794	0.46
346.5	207.067	0.0405633	0.1924
351.0	207.067	0.0319551	0.1542
355.5	207.067	0.0329657	0.1501
360.0	207.067	0.029612	0.1578
364.5	207.067	0.033616	0.1938
369.0	207.067	0.037169	0.2477
373.5	207.067	0.0308807	0.1313
378.0	207.067	0.0243219	0.1212
382.5	207.067	0.0243198	0.1472
387.0	207.067	0.0235413	0.1993
391.5	207.067	0.0239778	0.1715
396.0	207.067	0.0301316	0.2247
400.5	207.067	0.0197402	0.1281
405.0	207.067	0.0187492	0.177
409.5	207.067	0.0231105	0.1616
414.0	207.067	0.0216076	0.1695
418.5	207.067	0.0136424	0.1484
423.0	207.067	0.0166162	0.1282
427.5	207.067	0.0158109	0.1436
432.0	207.067	0.0172864	0.1416
436.5	207.067	0.0185602	0.1464
441.0	207.067	0.0383773	0.449
445.5	207.067	0.0342885	0.2365
-450.0	209.633	0.0121502	0.1369
-445.5	209.633	0.0151208	0.2303
-441.0	209.633	0.0104956	0.1324
-436.5	209.633	0.0101811	0.1815
-432.0	209.633	0.0156655	0.2189
-427.5	209.633	0.0132363	0.1813
-423.0	209.633	0.00897015	0.2321
-418.5	209.633	0.0153773	0.3421
-414.0	209.633	0.02091	0.3627
-409.5	209.633	0.0102784	0.1565
-405.0	209.633	0.0125084	0.2313
-400.5	209.633	0.0204776	0.2476
-396.0	209.633	0.0218021	0.1836
-391.5	209.633	0.015035	0.1521
-387.0	209.633	0.0130666	0.1602
-382.5	209.633	0.0161618	0.2354
-378.0	209.633	0.0155754	0.1846
-373.5	209.633	0.0155146	0.1717
-369.0	209.633	0.013236	0.1184
-364.5	209.633	0.0313976	0.3372
-360.0	209.633	0.0197274	0.1384
-355.5	209.633	0.0162693	0.1275
-351.0	209.633	0.0163889	0.122
-346.5	209.633	0.0238343	0.1419
-342.0	209.633	0.0234129	0.2036
-337.5	209.633	0.0239278	0.1495
-333.0	209.633	0.0303369	0.2077
-328.5	209.633	0.0237012	0.1444
-324.0	209.633	0.0235169	0.1164
-319.5	209.633	0.0413768	0.4117
-315.0	209.633	0.0242101	0.1741
-310.5	209.633	0.0227472	0.1377
-306.0	209.633	0.0244411	0.1219
-301.5	209.633	0.0270763	0.1126
-297.0	209.633	0.0271335	0.1262
-292.5	209.633	0.0288813	0.1015
-288.0	209.633	0.0306717	0.1294
-283.5	209.633	0.0302163	0.1053
-279.0	209.633	0.0307737	0.1495
-274.5	209.633	0.0306945	0.102
-270.0	209.633	0.0386821	0.1172
-265.5	209.633	0.0720005	0.3494
-261.0	209.633	0.0415058	0.1577
-256.5	209.633	0.047466	0.1388
-252.0	209.633	0.0457161	0.1496
-247.5	209.633	0.0527198	0.1458
-243.0	209.633	0.0417126	0.0923
-238.5	209.633	0.0531194	0.0961
-234.0	209.633	0.0625792	0.1063
-229.5	209.633	0.0532102	0.1012
-225.0	209.633	0.0767233	0.1722
-220.5	209.633	0.0636521	0.0989
-216.0	209.633	0.0759193	0.1082
-211.5	209.633	0.0617079	0.0688
-207.0	209.633	0.078124	0.1254
-202.5	209.633	0.109563	0.303
-198.0	209.633	0.0826333	0.0821
-193.5	209.633	0.0797835	0.0724
-189.0	209.633	0.0781022	0.0709
-184.5	209.633	0.0844855	0.109
-180.0	209.633	0.0814691	0.0847
-175.5	209.633	0.0891568	0.1159
-171.0	209.633	0.10227	0.0815
-166.5	209.633	0.0994664	0.0738
-162.0	209.633	0.0927276	0.0863
-157.5	209.633	0.102139	0.0952
-153.0	209.633	0.0997163	0.102
-148.5	209.633	0.105991	0.117
-144.0	209.633	0.112673	0.0914
-139.5	209.633	0.119434	0.1113
-135.0	209.633	0.110231	0.1208
-130.5	209.633	0.121958	0.0775
-126.0	209.633	0.129623	0.0766
-121.5	209.633	0.13886	0.0826
-117.0	209.633	0.114347	0.0606
-112.5	209.633	0.115924	0.0724
-108.0	209.633	0.139659	0.0701
-103.5	209.633	0.149275	0.119
-99.0	209.633	0.135011	0.0673
-94.5	209.633	0.168383	0.1612
-90.0	209.633	0.153713	0.0716
-85.5	209.633	0.146088	0.0758
-81.0	209.633	0.131386	0.0673
-76.5	209.633	0.151717	0.0666
-72.0	209.633	0.147484	0.0655
-67.5	209.633	0.193353	0.1427
-63.0	209.633	0.165335	0.0815
-58.5	209.633	0.159379	0.0699
-54.0	209.633	0.161123	0.0692
-49.5	209.633	0.148098	0.0553
-45.0	209.633	0.190584	0.0948
-40.5	209.633	0.176932	0.1095
-36.0	209.633	0.182592	0.0888
-31.5	209.633	0.171645	0.0935
-27.0	209.633	0.192493	0.0994
-22.5	209.633	0.181512	0.078
-18.0	209.633	0.175468	0.0586
-13.5	209.633	0.164807	0.0545
-9.0	209.633	0.155526	0.055
-4.5	209.633	0.191941	0.0967
0.0	209.633	0.203926	0.1057
4.5	209.633	0.177599	0.0814
9.0	209.633	0.209448	0.1235
13.5	209.633	0.161979	0.0553
18.0	209.633	0.163527	0.0669
22.5	209.633	0.199404	0.1394
27.0	209.633	0.151236	0.0616
31.5	209.633	0.189082	0.1709
36.0	209.633	0.181452	0.1054
40.5	209.633	0.145999	0.0541
45.0	209.633	0.174382	0.0723
49.5	209.633	0.192611	0.0908
54.0	209.633	0.157905	0.09
58.5	209.633	0.164526	0.0858
63.0	209.633	0.183323	0.1357
67.5	209.633	0.145959	0.0731
72.0	209.633	0.160873	0.0942
76.5	209.633	0.137096	0.0618
81.0	209.633	0.144726	0.107
85.5	209.633	0.171257	0.1136
90.0	209.633	0.127234	0.0761
94.5	209.633	0.153628	0.1555
99.0	209.633	0.119548	0.0716
103.5	209.633	0.125223	0.0811
108.0	209.633	0.119768	0.12
112.5	209.633	0.157692	0.1777
117.0	209.633	0.105844	0.0671
121.5	209.633	0.124652	0.2155
126.0	209.633	0.0987341	0.0851
130.5	209.633	0.0916822	0.0596
135.0	209.633	0.093091	0.0592
139.5	209.633	0.0896462	0.1058
144.0	209.633	0.0718528	0.0574
148.5	209.633	0.0929079	0.1033
153.0	209.633	0.0796958	0.0618
157.5	209.633	0.0738656	0.1116
162.0	209.633	0.0782371	0.0925
166.5	209.633	0.0614928	0.0695
171.0	209.633	0.074449	0.0802
175.5	209.633	0.068267	0.1298
180.0	209.633	0.0536014	0.0669
184.5	209.633	0.0564251	0.0755
189.0	209.633	0.0679406	0.2341
193.5	209.633	0.0650201	0.1226
198.0	209.633	0.0773095	0.2691
202.5	209.633	0.0664426	0.1883
207.0	209.633	0.0433591	0.0681
211.5	209.633	0.0545745	0.0984
216.0	209.633	0.0443919	0.0894
220.5	209.633	0.0394264	0.0783
225.0	209.633	0.0420476	0.1044
229.5	209.633	0.0453175	0.0968
234.0	209.633	0.0338823	0.0882
238.5	209.633	0.0566711	0.2036
243.0	209.633	0.0393653	0.121
247.5	209.633	0.0320812	0.1231
252.0	209.633	0.0414625	0.1583
256.5	209.633	0.0459377	0.2279
261.0	209.633	0.0367335	0.1342
265.5	209.633	0.0287238	0.0912
270.0	209.633	0.0385594	0.2271
274.5	209.633	0.0293972	0.0951
279.0	209.633	0.0472841	0.207
283.5	209.633	0.0423634	0.1731
288.0	209.633	0.0358726	0.1377
292.5	209.633	0.0331747	0.0958
297.0	209.633	0.0338758	0.1031
301.5	209.633	0.0325949	0.1286
306.0	209.633	0.032427	0.15
310.5	209.633	0.0301793	0.0985
315.0	209.633	0.0295089	0.1176
319.5	209.633	0.03451	0.1313
324.0	209.633	0.0518791	0.3349
328.5	209.633	0.0409937	0.2222
333.0	209.633	0.0279205	0.105
337.5	209.633	0.0374802	0.1426
342.0	209.633	0.0300157	0.1267
346.5	209.633	0.040831	0.2265
351.0	209.633	0.0328367	0.1312
355.5	209.633	0.024903	0.1186
360.0	209.633	0.0284401	0.1201
364.5	209.633	0.0350666	0.1337
369.0	209.633	0.0240903	0.1923
373.5	209.633	0.0268673	0.1379
378.0	209.633	0.027962	0.1847
382.5	209.633	0.0404066	0.3202
387.0	209.633	0.027957	0.2868
391.5	209.633	0.0338658	0.345
396.0	209.633	0.0297418	0.2027
400.5	209.633	0.0196156	0.1255
405.0	209.633	0.01826	0.1361
409.5	209.633	0.0177292	0.2567
414.0	209.633	0.0171052	0.1353
418.5	209.633	0.0206995	0.3292
423.0	209.633	0.0165718	0.1476
427.5	209.633	0.0353288	0.3984
432.0	209.633	0.0170483	0.1371
436.5	209.633	0.019673	0.1869
441.0	209.633	0.0178612	0.1527
445.5	209.633	0.0202057	0.164
-450.0	212.2	0.0105961	0.1877
-445.5	212.2	0.00910453	0.1426
-441.0	212.2	0.0076275	0.1557
-436.5	212.2	0.00896582	0.1669
-432.0	212.2	0.00691448	0.1644
-427.5	212.2	0.0102309	0.363
-423.0	212.2	0.00806791	0.1783
-418.5	212.2	0.010621	0.1702
-414.0	212.2	0.0112199	0.1869
-409.5	212.2	0.00868133	0.1433
-405.0	212.2	0.0124495	0.1591
-400.5	212.2	0.0136632	0.1742
-396.0	212.2	0.0160843	0.1767
-391.5	212.2	0.0147496	0.1657
-387.0	212.2	0.0113985	0.1502
-382.5	212.2	0.0184277	0.3324
-378.0	212.2	0.0149572	0.2273
-373.5	212.2	0.0147781	0.1653
-369.0	212.2	0.0138181	0.1179
-364.5	212.2	0.017321	0.1462
-360.0	212.2	0.0151495	0.1718
-355.5	212.2	0.0178584	0.1374
-351.0	212.2	0.014472	0.1223
-346.5	212.2	0.0217821	0.185
-342.0	212.2	0.0183834	0.1518
-337.5	212.2	0.0235048	0.1164
-333.0	212.2	0.0257723	0.181
-328.5	212.2	0.0233108	0.1886
-324.0	212.2	0.0215591	0.1317
-319.5	212.2	0.0308255	0.4496
-315.0	212.2	0.0227645	0.2322
-310.5	212.2	0.027889	0.2485
-306.0	212.2	0.023023	0.1061
-301.5	212.2	0.0287785	0.1475
-297.0	212.2	0.0290121	0.1836
-292.5	212.2	0.0317992	0.1205
-288.0	212.2	0.0228301	0.0894
-283.5	212.2	0.0377413	0.3058
-279.0	212.2	0.0320813	0.1299
-274.5	212.2	0.0411029	0.1521
-270.0	212.2	0.0326949	0.1394
-265.5	212.2	0.0272794	0.0815
-261.0	212.2	0.0445299	0.131
-256.5	212.2	0.0412025	0.1252
-252.0	212.2	0.0404488	0.0996
-247.5	212.2	0.0416068	0.1238
-243.0	212.2	0.059793	0.2992
-238.5	212.2	0.048539	0.0851
-234.0	212.2	0.0637813	0.1348
-229.5	212.2	0.07213	0.1547
-225.0	212.2	0.065004	0.1086
-220.5	212.2	0.0626342	0.1065
-216.0	212.2	0.0613861	0.0791
-211.5	212.2	0.04718	0.0724
-207.0	212.2	0.0674525	0.0868
-202.5	212.2	0.0707493	0.0831
-198.0	212.2	0.0718899	0.1368
-193.5	212.2	0.0679095	0.0707
-189.0	212.2	0.0629438	0.0665
-184.5	212.2	0.0734033	0.0771
-180.0	212.2	0.0772363	0.0788
-175.5	212.2	0.0798035	0.0902
-171.0	212.2	0.0904227	0.1112
-166.5	212.2	0.0930558	0.1127
-162.0	212.2	0.10897	0.1295
-157.5	212.2	0.105769	0.1192
-153.0	212.2	0.096706	0.0836
-148.5	212.2	0.101705	0.0618
-144.0	212.2	0.0914528	0.0637
-139.5	212.2	0.0958868	0.0821
-135.0	212.2	0.112039	0.1055
-130.5	212.2	0.105089	0.0641
-126.0	212.2	0.118558	0.0885
-121.5	212.2	0.110957	0.06
-117.0	212.2	0.107924	0.0586
-112.5	212.2	0.115906	0.1121
-108.0	212.2	0.119074	0.0657
-103.5	212.2	0.163414	0.1307
-99.0	212.2	0.115988	0.0546
-94.5	212.2	0.151872	0.1355
-90.0	212.2	0.124062	0.0542
-85.5	212.2	0.151363	0.0943
-81.0	212.2	0.14053	0.0871
-76.5	212.2	0.141307	0.0604
-72.0	212.2	0.146114	0.0859
-67.5	212.2	0.158148	0.0963
-63.0	212.2	0.1779	0.1641
-58.5	212.2	0.132918	0.0615
-54.0	212.2	0.166756	0.1172
-49.5	212.2	0.174185	0.1845
-45.0	212.2	0.174678	0.0777
-40.5	212.2	0.173017	0.1058
-36.0	212.2	0.158636	0.0683
-31.5	212.2	0.211229	0.1352
-27.0	212.2	0.162188	0.0772
-22.5	212.2	0.191781	0.1
-18.0	212.2	0.157511	0.0514
-13.5	212.2	0.218683	0.1333
-9.0	212.2	0.237829	0.2825
-4.5	212.2	0.175002	0.0875
0.0	212.2	0.169797	0.1468
4.5	212.2	0.154522	0.0566
9.0	212.2	0.185376	0.0816
13.5	212.2	0.169217	0.0884
18.0	212.2	0.153892	0.0584
22.5	212.2	0.24606	0.3486
27.0	212.2	0.202653	0.1663
31.5	212.2	0.180237	0.1308
36.0	212.2	0.148692	0.0679
40.5	212.2	0.14943	0.0801
45.0	212.2	0.165078	0.1015
49.5	212.2	0.152171	0.1057
54.0	212.2	0.164562	0.0997
58.5	212.2	0.14317	0.0584
63.0	212.2	0.134716	0.0613
67.5	212.2	0.145059	0.1533
72.0	212.2	0.139772	0.1038
76.5	212.2	0.147493	0.0865
81.0	212.2	0.130099	0.083
85.5	212.2	0.129518	0.0785
90.0	212.2	0.122134	0.1064
94.5	212.2	0.126233	0.0776
99.0	212.2	0.117936	0.0707
103.5	212.2	0.121276	0.1084
108.0	212.2	0.0970145	0.0564
112.5	212.2	0.110315	0.081
117.0	212.2	0.104554	0.0872
121.5	212.2	0.119418	0.1304
126.0	212.2	0.0905586	0.0688
130.5	212.2	0.0991605	0.1172
135.0	212.2	0.0984843	0.1463
139.5	212.2	0.0855794	0.07
144.0	212.2	0.0932216	0.1032
148.5	212.2	0.0726239	0.0979
153.0	212.2	0.0804921	0.0775
157.5	212.2	0.0777652	0.1017
162.0	212.2	0.0717966	0.1092
166.5	212.2	0.0687793	0.0803
171.0	212.2	0.0594763	0.071
175.5	212.2	0.0606682	0.1032
180.0	212.2	0.0603306	0.1276
184.5	212.2	0.0579097	0.0858
189.0	212.2	0.0517617	0.0955
193.5	212.2	0.0543551	0.0886
198.0	212.2	0.0523361	0.1178
202.5	212.2	0.0459341	0.0884
207.0	212.2	0.0456724	0.0865
211.5	212.2	0.0443741	0.0791
216.0	212.2	0.0409894	0.097
220.5	212.2	0.0410361	0.13
225.0	212.2	0.0467604	0.1902
229.5	212.2	0.042747	0.1089
234.0	212.2	0.0322994	0.089
238.5	212.2	0.0437327	0.1306
243.0	212.2	0.0459547	0.1967
247.5	212.2	0.0288837	0.1044
252.0	212.2	0.0402178	0.1664
256.5	212.2	0.0305875	0.1223
261.0	212.2	0.0263025	0.0898
265.5	212.2	0.0317676	0.1183
270.0	212.2	0.0321394	0.1
274.5	212.2	0.0337289	0.119
279.0	212.2	0.0333205	0.1307
283.5	212.2	0.0297008	0.1063
288.0	212.2	0.0272887	0.1495
292.5	212.2	0.0310451	0.0932
297.0	212.2	0.0290793	0.0883
301.5	212.2	0.0312954	0.1402
306.0	212.2	0.029825	0.1075
310.5	212.2	0.0306698	0.1533
315.0	212.2	0.0346145	0.2188
319.5	212.2	0.0277078	0.0965
324.0	212.2	0.0407388	0.3159
328.5	212.2	0.0286663	0.1429
333.0	212.2	0.0469721	0.2659
337.5	212.2	0.0330953	0.1481
342.0	212.2	0.03238	0.1247
346.5	212.2	0.0306752	0.1204
351.0	212.2	0.0234721	0.1493
355.5	212.2	0.0230533	0.1147
360.0	212.2	0.0261319	0.2272
364.5	212.2	0.0281138	0.1288
369.0	212.2	0.0229546	0.1053
373.5	212.2	0.0188433	0.1369
378.0	212.2	0.0341514	0.1553
382.5	212.2	0.0297025	0.1866
387.0	212.2	0.0361265	0.3051
391.5	212.2	0.0513747	0.295
396.0	212.2	0.0452225	0.3169
400.5	212.2	0.0143288	0.1305
405.0	212.2	0.0161107	0.1415
409.5	212.2	0.0155518	0.171
414.0	212.2	0.00938163	0.144
418.5	212.2	0.0227804	0.2192
423.0	212.2	0.0302538	0.3258
427.5	212.2	0.0257466	0.206
432.0	212.2	0.0174381	0.2502
436.5	212.2	0.0173509	0.1302
441.0	212.2	0.0279378	0.2135
445.5	212.2	0.0219574	0.1427
-450.0	214.767	0.0130731	0.1544
-445.5	214.767	0.0129013	0.1877
-441.0	214.767	0.0158716	0.4132
-436.5	214.767	0.00965209	0.1648
-432.0	214.767	0.00717708	0.185
-427.5	214.767	0.0116555	0.3495
-423.0	214.767	0.0079305	0.1553
-418.5	214.767	0.0139007	0.3573
-414.0	214.767	0.00814612	0.1896
-409.5	214.767	0.0109137	0.2462
-405.0	214.767	0.013352	0.2973
-400.5	214.767	0.0157806	0.3374
-396.0	214.767	0.015581	0.1771
-391.5	214.767	0.0126061	0.1689
-387.0	214.767	0.0164281	0.2811
-382.5	214.767	0.0165947	0.203
-378.0	214.767	0.0235858	0.3209
-373.5	214.767	0.0169767	0.1796
-369.0	214.767	0.0149526	0.1347
-364.5	214.767	0.0141581	0.1637
-360.0	214.767	0.0152023	0.1357
-355.5	214.767	0.016175	0.1325
-351.0	214.767	0.0133278	0.1228
-346.5	214.767	0.0151093	0.1217
-342.0	214.767	0.0188759	0.1369
-337.5	214.767	0.0193001	0.1196
-333.0	214.767	0.0174844	0.1104
-328.5	214.767	0.0203356	0.1437
-324.0	214.767	0.0193896	0.133
-319.5	214.767	0.0265901	0.2986
-315.0	214.767	0.0192902	0.1242
-310.5	214.767	0.0282295	0.1631
-306.0	214.767	0.0230845	0.1286
-301.5	214.767	0.0244402	0.1159
-297.0	214.767	0.0259598	0.1065
-292.5	214.767	0.0280377	0.1139
-288.0	214.767	0.0262298	0.1024
-283.5	214.767	0.02587	0.1231
-279.0	214.767	0.0320603	0.1339
-274.5	214.767	0.0360927	0.1328
-270.0	214.767	0.0365184	0.1526
-265.5	214.767	0.0355698	0.1026
-261.0	214.767	0.0347151	0.1057
-256.5	214.767	0.043478	0.2237
-252.0	214.767	0.0452621	0.1181
-247.5	214.767	0.053161	0.1415
-243.0	214.767	0.0635254	0.2462
-238.5	214.767	0.0444568	0.1032
-234.0	214.767	0.0441156	0.0981
-229.5	214.767	0.0554008	0.1307
-225.0	214.767	0.0482698	0.0685
-220.5	214.767	0.0503701	0.0859
-216.0	214.767	0.0544394	0.0794
-211.5	214.767	0.0691816	0.1483
-207.0	214.767	0.0608449	0.0888
-202.5	214.767	0.0691405	0.1155
-198.0	214.767	0.0649937	0.075
-193.5	214.767	0.0751425	0.155
-189.0	214.767	0.0684753	0.0709
-184.5	214.767	0.0884961	0.2664
-180.0	214.767	0.0768763	0.0807
-175.5	214.767	0.0839147	0.0839
-171.0	214.767	0.0702106	0.0622
-166.5	214.767	0.0950494	0.2059
-162.0	214.767	0.0970364	0.1162
-157.5	214.767	0.0810021	0.0666
-153.0	214.767	0.0898892	0.069
-148.5	214.767	0.0999202	0.1094
-144.0	214.767	0.0927334	0.0905
-139.5	214.767	0.0983463	0.0774
-135.0	214.767	0.100581	0.1049
-130.5	214.767	0.104663	0.0803
-126.0	214.767	0.112023	0.0996
-121.5	214.767	0.109561	0.1006
-117.0	214.767	0.110087	0.0735
-112.5	214.767	0.118949	0.0782
-108.0	214.767	0.120381	0.0757
-103.5	214.767	0.120397	0.0897
-99.0	214.767	0.155148	0.3204
-94.5	214.767	0.120835	0.0582
-90.0	214.767	0.128595	0.1024
-85.5	214.767	0.140962	0.1298
-81.0	214.767	0.126668	0.0721
-76.5	214.767	0.150354	0.0787
-72.0	214.767	0.120897	0.0576
-67.5	214.767	0.152734	0.1311
-63.0	214.767	0.139135	0.0596
-58.5	214.767	0.145649	0.0623
-54.0	214.767	0.158764	0.0828
-49.5	214.767	0.127921	0.045
-45.0	214.767	0.178277	0.1978
-40.5	214.767	0.135719	0.056
-36.0	214.767	0.145744	0.0743
-31.5	214.767	0.17574	0.1633
-27.0	214.767	0.17433	0.1101
-22.5	214.767	0.173408	0.0844
-18.0	214.767	0.186861	0.1123
-13.5	214.767	0.308329	0.4932
-9.0	214.767	0.209674	0.2375
-4.5	214.767	0.158381	0.1163
0.0	214.767	0.151954	0.0665
4.5	214.767	0.154644	0.0525
9.0	214.767	0.160931	0.0654
13.5	214.767	0.196482	0.2306
18.0	214.767	0.171543	0.0861
22.5	214.767	0.170582	0.0939
27.0	214.767	0.153478	0.0823
31.5	214.767	0.135	0.0542
36.0	214.767	0.139542	0.0664
40.5	214.767	0.160202	0.0872
45.0	214.767	0.141386	0.0577
49.5	214.767	0.133535	0.0561
54.0	214.767	0.141526	0.0772
58.5	214.767	0.150704	0.1567
63.0	214.767	0.146878	0.1199
67.5	214.767	0.140096	0.1014
72.0	214.767	0.124369	0.0641
76.5	214.767	0.122416	0.0763
81.0	214.767	0.119427	0.0701
85.5	214.767	0.12556	0.1033
90.0	214.767	0.102685	0.0871
94.5	214.767	0.115882	0.0763
99.0	214.767	0.121311	0.1036
103.5	214.767	0.131075	0.1348
108.0	214.767	0.0906542	0.072
112.5	214.767	0.103194	0.0979
117.0	214.767	0.0972604	0.0768
121.5	214.767	0.108466	0.1909
126.0	214.767	0.112934	0.1801
130.5	214.767	0.088907	0.0828
135.0	214.767	0.112551	0.2353
139.5	214.767	0.0995145	0.1618
144.0	214.767	0.0760737	0.0662
148.5	214.767	0.0892327	0.1439
153.0	214.767	0.0683373	0.0688
157.5	214.767	0.0787948	0.1478
162.0	214.767	0.0720998	0.0984
166.5	214.767	0.0639165	0.085
171.0	214.767	0.048732	0.0608
175.5	214.767	0.0624731	0.1072
180.0	214.767	0.0622158	0.1111
184.5	214.767	0.0669062	0.1875
189.0	214.767	0.053281	0.0843
193.5	214.767	0.0550471	0.0811
198.0	214.767	0.0518866	0.1228
202.5	214.767	0.0440966	0.0971
207.0	214.767	0.0431225	0.076
211.5	214.767	0.0409168	0.1003
216.0	214.767	0.0374677	0.0941
220.5	214.767	0.0357738	0.1116
225.0	214.767	0.0372155	0.092
229.5	214.767	0.037504	0.1051
234.0	214.767	0.0338021	0.0949
238.5	214.767	0.0354164	0.0956
243.0	214.767	0.0479936	0.2031
247.5	214.767	0.041106	0.1347
252.0	214.767	0.0347268	0.1216
256.5	214.767	0.0322397	0.1072
261.0	214.767	0.024697	0.08
265.5	214.767	0.031318	0.1397
270.0	214.767	0.0273768	0.0924
274.5	214.767	0.0301672	0.1088
279.0	214.767	0.0382186	0.3318
283.5	214.767	0.0332703	0.1676
288.0	214.767	0.0459019	0.2408
292.5	214.767	0.0403423	0.139
297.0	214.767	0.0450174	0.2281
301.5	214.767	0.0395384	0.1893
306.0	214.767	0.0296215	0.1494
310.5	214.767	0.0214184	0.0928
315.0	214.767	0.0260808	0.1079
319.5	214.767	0.026364	0.1745
324.0	214.767	0.0213705	0.1167
328.5	214.767	0.0445076	0.3042
333.0	214.767	0.0268874	0.1547
337.5	214.767	0.0340251	0.1523
342.0	214.767	0.0297234	0.1094
346.5	214.767	0.0204447	0.1132
351.0	214.767	0.0317872	0.1635
355.5	214.767	0.0272352	0.1566
360.0	214.767	0.0260621	0.1456
364.5	214.767	0.0511505	0.5413
369.0	214.767	0.0286221	0.1472
373.5	214.767	0.0276391	0.161
378.0	214.767	0.0327936	0.2301
382.5	214.767	0.037484	0.2751
387.0	214.767	0.0204166	0.1441
391.5	214.767	0.0260566	0.1733
396.0	214.767	0.0192547	0.1476
400.5	214.767	0.0227525	0.2174
405.0	214.767	0.0124299	0.1974
409.5	214.767	0.0159027	0.2489
414.0	214.767	0.0220695	0.2203
418.5	214.767	0.0177226	0.1714
423.0	214.767	0.0165768	0.1418
427.5	214.767	0.012398	0.1497
432.0	214.767	0.0175502	0.1457
436.5	214.767	0.0446229	0.3862
441.0	214.767	0.0427547	0.3458
445.5	214.767	0.0333005	0.3
-450.0	217.333	0.0187891	0.3224
-445.5	217.333	0.00778548	0.1506
-441.0	217.333	0.00655751	0.1558
-436.5	217.333	0.0123626	0.1734
-432.0	217.333	0.00902822	0.1976
-427.5	217.333	0.0113288	0.1755
-423.0	217.333	0.0114095	0.2212
-418.5	217.333	0.0139954	0.192
-414.0	217.333	0.0117845	0.1885
-409.5	217.333	0.0136459	0.2511
-405.0	217.333	0.0116855	0.1812
-400.5	217.333	0.0135897	0.2947
-396.0	217.333	0.0167887	0.2626
-391.5	217.333	0.00917036	0.1861
-387.0	217.333	0.0177014	0.2504
-382.5	217.333	0.0158585	0.1693
-378.0	217.333	0.0139034	0.2712
-373.5	217.333	0.024769	0.3102
-369.0	217.333	0.0132635	0.1788
-364.5	217.333	0.0132614	0.1645
-360.0	217.333	0.020127	0.1789
-355.5	217.333	0.0205103	0.1373
-351.0	217.333	0.031902	0.4575
-346.5	217.333	0.018899	0.1448
-342.0	217.333	0.0197393	0.1063
-337.5	217.333	0.0187952	0.103
-333.0	217.333	0.0208181	0.3352
-328.5	217.333	0.0286061	0.3838
-324.0	217.333	0.0179035	0.1575
-319.5	217.333	0.0187693	0.1273
-315.0	217.333	0.0260351	0.1478
-310.5	217.333	0.020274	0.1342
-306.0	217.333	0.0246113	0.0964
-301.5	217.333	0.0223687	0.2158
-297.0	217.333	0.0296433	0.1281
-292.5	217.333	0.0292069	0.1549
-288.0	217.333	0.0219791	0.1152
-283.5	217.333	0.0287173	0.1409
-279.0	217.333	0.0235085	0.1174
-274.5	217.333	0.0355192	0.2776
-270.0	217.333	0.0314428	0.1283
-265.5	217.333	0.0390388	0.1295
-261.0	217.333	0.0315713	0.1038
-256.5	217.333	0.031876	0.0941
-252.0	217.333	0.0353135	0.095
-247.5	217.333	0.0314754	0.0825
-243.0	217.333	0.0396349	0.0971
-238.5	217.333	0.0426167	0.0948
-234.0	217.333	0.0506052	0.1317
-229.5	217.333	0.0410458	0.0783
-225.0	217.333	0.053595	0.1346
-220.5	217.333	0.0471338	0.1112
-216.0	217.333	0.0541141	0.0997
-211.5	217.333	0.0563997	0.0813
-207.0	217.333	0.0509547	0.077
-202.5	217.333	0.0717064	0.1648
-198.0	217.333	0.0700448	0.0917
-193.5	217.333	0.0662047	0.0889
-189.0	217.333	0.0639018	0.0886
-184.5	217.333	0.0696565	0.096
-180.0	217.333	0.0740522	0.1005
-175.5	217.333	0.0743213	0.0753
-171.0	217.333	0.0756508	0.0866
-166.5	217.333	0.0729375	0.0806
-162.0	217.333	0.0808718	0.0759
-157.5	217.333	0.093147	0.1314
-153.0	217.333	0.0886912	0.0819
-148.5	217.333	0.093845	0.1413
-144.0	217.333	0.0848078	0.0806
-139.5	217.333	0.0835076	0.0699
-135.0	217.333	0.0956832	0.1093
-130.5	217.333	0.104807	0.085
-126.0	217.333	0.101553	0.0883
-121.5	217.333	0.0923259	0.0727
-117.0	217.333	0.118786	0.0774
-112.5	217.333	0.113953	0.1141
-108.0	217.333	0.123226	0.1031
-103.5	217.333	0.118947	0.1069
-99.0	217.333	0.121424	0.0982
-94.5	217.333	0.132448	0.0894
-90.0	217.333	0.111714	0.0823
-85.5	217.333	0.118615	0.0652
-81.0	217.333	0.116218	0.0701
-76.5	217.333	0.150695	0.0971
-72.0	217.333	0.132866	0.0667
-67.5	217.333	0.146266	0.0793
-63.0	217.333	0.159521	0.1059
-58.5	217.333	0.124816	0.0597
-54.0	217.333	0.16237	0.1485
-49.5	217.333	0.169372	0.11
-45.0	217.333	0.127557	0.06
-40.5	217.333	0.143049	0.0722
-36.0	217.333	0.146082	0.0713
-31.5	217.333	0.161657	0.0799
-27.0	217.333	0.155573	0.0864
-22.5	217.333	0.190487	0.1082
-18.0	217.333	0.158249	0.1283
-13.5	217.333	0.225605	0.3578
-9.0	217.333	0.148067	0.0805
-4.5	217.333	0.172807	0.1399
0.0	217.333	0.147215	0.081
4.5	217.333	0.180008	0.1842
9.0	217.333	0.175106	0.1312
13.5	217.333	0.137224	0.0597
18.0	217.333	0.167418	0.1143
22.5	217.333	0.174754	0.1215
27.0	217.333	0.133719	0.0736
31.5	217.333	0.136198	0.0665
36.0	217.333	0.139265	0.1092
40.5	217.333	0.137634	0.0934
45.0	217.333	0.148217	0.0857
49.5	217.333	0.129785	0.0661
54.0	217.333	0.133136	0.0746
58.5	217.333	0.119863	0.0627
63.0	217.333	0.140509	0.0836
67.5	217.333	0.148664	0.1028
72.0	217.333	0.112983	0.0708
76.5	217.333	0.117029	0.0653
81.0	217.333	0.141395	0.1028
85.5	217.333	0.121694	0.0784
90.0	217.333	0.113786	0.0775
94.5	217.333	0.0990605	0.0685
99.0	217.333	0.0999843	0.0675
103.5	217.333	0.104536	0.1012
108.0	217.333	0.115553	0.1217
112.5	217.333	0.11785	0.1383
117.0	217.333	0.075404	0.0559
121.5	217.333	0.0814138	0.0687
126.0	217.333	0.0942162	0.0768
130.5	217.333	0.0882738	0.1084
135.0	217.333	0.0886689	0.0972
139.5	217.333	0.0810396	0.083
144.0	217.333	0.0754092	0.0845
148.5	217.333	0.0697466	0.0883
153.0	217.333	0.0869569	0.2392
157.5	217.333	0.0691318	0.114
162.0	217.333	0.0613401	0.0982
166.5	217.333	0.0726995	0.1126
171.0	217.333	0.0550239	0.0695
175.5	217.333	0.060475	0.1067
180.0	217.333	0.050993	0.0747
184.5	217.333	0.0576027	0.1493
189.0	217.333	0.0460401	0.0814
193.5	217.333	0.0516662	0.1277
198.0	217.333	0.0462001	0.153
202.5	217.333	0.0446477	0.0947
207.0	217.333	0.0469418	0.1857
211.5	217.333	0.0416293	0.1185
216.0	217.333	0.0370982	0.0793
220.5	217.333	0.0352593	0.1366
225.0	217.333	0.0354024	0.0861
229.5	217.333	0.0318823	0.0708
234.0	217.333	0.0327729	0.1595
238.5	217.333	0.0400512	0.1283
243.0	217.333	0.034886	0.1201
247.5	217.333	0.0322103	0.0992
252.0	217.333	0.0398382	0.1481
256.5	217.333	0.026861	0.095
261.0	217.333	0.0312432	0.1159
265.5	217.333	0.0272688	0.0885
270.0	217.333	0.0298085	0.0993
274.5	217.333	0.033764	0.1499
279.0	217.333	0.0326563	0.1347
283.5	217.333	0.0286728	0.1226
288.0	217.333	0.0297375	0.1422
292.5	217.333	0.0379263	0.1956
297.0	217.333	0.0332693	0.1499
301.5	217.333	0.0392938	0.1452
306.0	217.333	0.0248735	0.1106
310.5	217.333	0.0335613	0.1275
315.0	217.333	0.0269197	0.1378
319.5	217.333	0.0327989	0.2283
324.0	217.333	0.0394832	0.2233
328.5	217.333	0.0266005	0.0997
333.0	217.333	0.0277053	0.1279
337.5	217.333	0.0264515	0.1263
342.0	217.333	0.0279774	0.1715
346.5	217.333	0.0221725	0.1076
351.0	217.333	0.0247289	0.154
355.5	217.333	0.0204453	0.1343
360.0	217.333	0.0221979	0.1307
364.5	217.333	0.0227927	0.1428
369.0	217.333	0.0399691	0.2179
373.5	217.333	0.0180951	0.1236
378.0	217.333	0.0210419	0.1385
382.5	217.333	0.0263577	0.1877
387.0	217.333	0.0211505	0.1307
391.5	217.333	0.0223723	0.1749
396.0	217.333	0.0172505	0.1488
400.5	217.333	0.0377596	0.4021
405.0	217.333	0.0133387	0.2647
409.5	217.333	0.0169557	0.1872
414.0	217.333	0.0216713	0.3156
418.5	217.333	0.0184757	0.1463
423.0	217.333	0.0146276	0.1639
427.5	217.333	0.016208	0.2477
432.0	217.333	0.0172558	0.1485
436.5	217.333	0.0223304	0.3288
441.0	217.333	0.0155423	0.131
445.5	217.333	0.0318104	0.1629
-450.0	219.9	0.0391572	0.6199
-445.5	219.9	0.0102214	0.1897
-441.0	219.9	0.0089749	0.1641
-436.5	219.9	0.0114154	0.1656
-432.0	219.9	0.0112065	0.1726
-427.5	219.9	0.00837847	0.1603
-423.0	219.9	0.00892034	0.1588
-418.5	219.9	0.00824244	0.1692
-414.0	219.9	0.0183418	0.4796
-409.5	219.9	0.0123587	0.2619
-405.0	219.9	0.0123723	0.2244
-400.5	219.9	0.0112553	0.3524
-396.0	219.9	0.0109	0.1621
-391.5	219.9	0.0102304	0.1491
-387.0	219.9	0.0135277	0.1651
-382.5	219.9	0.0119532	0.1605
-378.0	219.9	0.0184383	0.2248
-373.5	219.9	0.0164977	0.2879
-369.0	219.9	0.0135163	0.1375
-364.5	219.9	0.0126098	0.1179
-360.0	219.9	0.0148587	0.1149
-355.5	219.9	0.0145349	0.1491
-351.0	219.9	0.0174192	0.1208
-346.5	219.9	0.0193113	0.1761
-342.0	219.9	0.0139141	0.1235
-337.5	219.9	0.0231433	0.1817
-333.0	219.9	0.0169249	0.1413
-328.5	219.9	0.0200009	0.1405
-324.0	219.9	0.0178882	0.1232
-319.5	219.9	0.0267198	0.2052
-315.0	219.9	0.0247787	0.1262
-310.5	219.9	0.0202131	0.1261
-306.0	219.9	0.0248679	0.1356
-301.5	219.9	0.0209279	0.1126
-297.0	219.9	0.0186826	0.1034
-292.5	219.9	0.0259239	0.1242
-288.0	219.9	0.0240147	0.1112
-283.5	219.9	0.0252418	0.1731
-279.0	219.9	0.0238411	0.097
-274.5	219.9	0.02818	0.1097
-270.0	219.9	0.0276747	0.1254
-265.5	219.9	0.0280128	0.1017
-261.0	219.9	0.0454307	0.2861
-256.5	219.9	0.0499724	0.1549
-252.0	219.9	0.0314914	0.0963
-247.5	219.9	0.0392062	0.1493
-243.0	219.9	0.0422965	0.0992
-238.5	219.9	0.0403593	0.1121
-234.0	219.9	0.0403418	0.1467
-229.5	219.9	0.0497459	0.1105
-225.0	219.9	0.0488879	0.1311
-220.5	219.9	0.0453251	0.0853
-216.0	219.9	0.0512888	0.0967
-211.5	219.9	0.050076	0.0781
-207.0	219.9	0.0519958	0.1258
-202.5	219.9	0.0481595	0.0758
-198.0	219.9	0.0613444	0.0946
-193.5	219.9	0.0696095	0.2351
-189.0	219.9	0.0623168	0.0871
-184.5	219.9	0.0655296	0.1201
-180.0	219.9	0.0648389	0.0864
-175.5	219.9	0.0757421	0.1213
-171.0	219.9	0.0676731	0.0736
-166.5	219.9	0.0733958	0.0953
-162.0	219.9	0.0887721	0.1009
-157.5	219.9	0.0806846	0.1113
-153.0	219.9	0.0895413	0.121
-148.5	219.9	0.0763335	0.0675
-144.0	219.9	0.101121	0.129
-139.5	219.9	0.0876537	0.0696
-135.0	219.9	0.104338	0.176
-130.5	219.9	0.0893245	0.0712
-126.0	219.9	0.0840563	0.0776
-121.5	219.9	0.09826	0.0728
-117.0	219.9	0.108848	0.0987
-112.5	219.9	0.0940906	0.0857
-108.0	219.9	0.158251	0.1971
-103.5	219.9	0.142127	0.1705
-99.0	219.9	0.127242	0.1694
-94.5	219.9	0.114344	0.067
-90.0	219.9	0.105893	0.0553
-85.5	219.9	0.11349	0.0721
-81.0	219.9	0.114616	0.0721
-76.5	219.9	0.123975	0.1064
-72.0	219.9	0.126564	0.0959
-67.5	219.9	0.107075	0.0783
-63.0	219.9	0.12534	0.0958
-58.5	219.9	0.129358	0.075
-54.0	219.9	0.114262	0.0604
-49.5	219.9	0.136517	0.0674
-45.0	219.9	0.123521	0.0581
-40.5	219.9	0.152504	0.0923
-36.0	219.9	0.163078	0.1058
-31.5	219.9	0.133157	0.1791
-27.0	219.9	0.127542	0.058
-22.5	219.9	0.140641	0.0635
-18.0	219.9	0.144252	0.068
-13.5	219.9	0.161038	0.0961
-9.0	219.9	0.136202	0.0769
-4.5	219.9	0.161042	0.1046
0.0	219.9	0.125522	0.0575
4.5	219.9	0.147167	0.0807
9.0	219.9	0.138102	0.0828
13.5	219.9	0.143274	0.0886
18.0	219.9	0.146303	0.0868
22.5	219.9	0.153502	0.1428
27.0	219.9	0.128512	0.0913
31.5	219.9	0.133667	0.0807
36.0	219.9	0.143639	0.0947
40.5	219.9	0.135588	0.0949
45.0	219.9	0.133849	0.0707
49.5	219.9	0.124995	0.0678
54.0	219.9	0.133959	0.1313
58.5	219.9	0.12658	0.0798
63.0	219.9	0.131414	0.0943
67.5	219.9	0.117842	0.0901
72.0	219.9	0.146298	0.2138
76.5	219.9	0.115197	0.1049
81.0	219.9	0.135894	0.1645
85.5	219.9	0.127807	0.1474
90.0	219.9	0.0978707	0.0753
94.5	219.9	0.0940934	0.0887
99.0	219.9	0.10106	0.0836
103.5	219.9	0.0886266	0.0671
108.0	219.9	0.0926079	0.0767
112.5	219.9	0.0954153	0.1263
117.0	219.9	0.0840358	0.0982
121.5	219.9	0.0997566	0.0937
126.0	219.9	0.0803086	0.1022
130.5	219.9	0.0809221	0.1439
135.0	219.9	0.0883554	0.1236
139.5	219.9	0.0730584	0.1108
144.0	219.9	0.0776221	0.1126
148.5	219.9	0.0731179	0.0908
153.0	219.9	0.0693781	0.0763
157.5	219.9	0.0659435	0.0897
162.0	219.9	0.0640739	0.1079
166.5	219.9	0.0541814	0.0751
171.0	219.9	0.058303	0.1235
175.5	219.9	0.0470102	0.0748
180.0	219.9	0.0632675	0.2002
184.5	219.9	0.0470811	0.0765
189.0	219.9	0.0508919	0.1028
193.5	219.9	0.0386994	0.0961
198.0	219.9	0.0410758	0.1197
202.5	219.9	0.0400617	0.1109
207.0	219.9	0.0502819	0.1452
211.5	219.9	0.0409392	0.1501
216.0	219.9	0.0383566	0.0812
220.5	219.9	0.0376232	0.0946
225.0	219.9	0.0412632	0.1267
229.5	219.9	0.0311384	0.0899
234.0	219.9	0.0349683	0.1058
238.5	219.9	0.0368832	0.1154
243.0	219.9	0.028924	0.105
247.5	219.9	0.0260769	0.0947
252.0	219.9	0.0362675	0.1141
256.5	219.9	0.0294533	0.1342
261.0	219.9	0.0299935	0.114
265.5	219.9	0.0327921	0.1474
270.0	219.9	0.0288786	0.1295
274.5	219.9	0.0326249	0.1283
279.0	219.9	0.0302412	0.106
283.5	219.9	0.0349787	0.2512
288.0	219.9	0.0311245	0.1213
292.5	219.9	0.0207709	0.0913
297.0	219.9	0.0290971	0.1158
301.5	219.9	0.0173597	0.0883
306.0	219.9	0.0257268	0.1059
310.5	219.9	0.028545	0.1095
315.0	219.9	0.0240837	0.1154
319.5	219.9	0.0297051	0.1626
324.0	219.9	0.0381926	0.268
328.5	219.9	0.0309413	0.1298
333.0	219.9	0.0273778	0.1394
337.5	219.9	0.0235365	0.1179
342.0	219.9	0.0268004	0.2067
346.5	219.9	0.0219325	0.1186
351.0	219.9	0.0241334	0.126
355.5	219.9	0.0234053	0.1194
360.0	219.9	0.0242132	0.1286
364.5	219.9	0.0245208	0.1345
369.0	219.9	0.0232004	0.1273
373.5	219.9	0.019439	0.1418
378.0	219.9	0.0204421	0.1808
382.5	219.9	0.024695	0.1602
387.0	219.9	0.0185061	0.1464
391.5	219.9	0.0141291	0.1604
396.0	219.9	0.0156875	0.1633
400.5	219.9	0.0209136	0.2077
405.0	219.9	0.0154246	0.1487
409.5	219.9	0.0196844	0.174
414.0	219.9	0.0120282	0.1878
418.5	219.9	0.0123111	0.1659
423.0	219.9	0.0115242	0.1327
427.5	219.9	0.0158532	0.2352
432.0	219.9	0.017934	0.1432
436.5	219.9	0.0224419	0.2548
441.0	219.9	0.0192488	0.1492
445.5	219.9	0.0233541	0.2085
-450.0	222.467	0.0125754	0.2054
-445.5	222.467	0.00953185	0.1681
-441.0	222.467	0.0083984	0.1711
-436.5	222.467	0.00871283	0.1724
-432.0	222.467	0.00969543	0.1622
-427.5	222.467	0.00982391	0.1729
-423.0	222.467	0.00948063	0.1489
-418.5	222.467	0.0108761	0.1853
-414.0	222.467	0.0113968	0.2172
-409.5	222.467	0.00849465	0.1949
-405.0	222.467	0.0103142	0.1689
-400.5	222.467	0.0114362	0.2257
-396.0	222.467	0.0129384	0.334
-391.5	222.467	0.0137548	0.2402
-387.0	222.467	0.0135241	0.2792
-382.5	222.467	0.0145076	0.1946
-378.0	222.467	0.0192171	0.2425
-373.5	222.467	0.01541	0.1983
-369.0	222.467	0.0559345	0.6594
-364.5	222.467	0.0165182	0.1385
-360.0	222.467	0.0169662	0.1869
-355.5	222.467	0.0200983	0.1732
-351.0	222.467	0.0126824	0.1189
-346.5	222.467	0.0145507	0.1123
-342.0	222.467	0.0155345	0.2919
-337.5	222.467	0.0177346	0.1244
-333.0	222.467	0.0260204	0.2009
-328.5	222.467	0.0274785	0.227
-324.0	222.467	0.0195938	0.222
-319.5	222.467	0.0191007	0.1153
-315.0	222.467	0.0219176	0.1221
-310.5	222.467	0.0235452	0.1474
-306.0	222.467	0.0231592	0.1409
-301.5	222.467	0.0242974	0.1178
-297.0	222.467	0.016926	0.1193
-292.5	222.467	0.0184457	0.1473
-288.0	222.467	0.0317879	0.2254
-283.5	222.467	0.0256718	0.1351
-279.0	222.467	0.0341901	0.161
-274.5	222.467	0.0302324	0.1026
-270.0	222.467	0.0319498	0.2155
-265.5	222.467	0.0272774	0.1138
-261.0	222.467	0.0272771	0.1011
-256.5	222.467	0.0348755	0.12
-252.0	222.467	0.0351865	0.1093
-247.5	222.467	0.043936	0.1911
-243.0	222.467	0.0448177	0.2188
-238.5	222.467	0.0480398	0.1313
-234.0	222.467	0.0470193	0.1244
-229.5	222.467	0.0438011	0.1652
-225.0	222.467	0.0504986	0.0951
-220.5	222.467	0.0489255	0.0941
-216.0	222.467	0.0464804	0.0904
-211.5	222.467	0.0469937	0.1275
-207.0	222.467	0.0437735	0.0858
-202.5	222.467	0.0569114	0.0747
-198.0	222.467	0.0633763	0.1246
-193.5	222.467	0.0593629	0.0907
-189.0	222.467	0.0592283	0.0976
-184.5	222.467	0.0696688	0.1066
-180.0	222.467	0.0734489	0.1238
-175.5	222.467	0.0700394	0.1287
-171.0	222.467	0.0654663	0.0895
-166.5	222.467	0.0698582	0.225
-162.0	222.467	0.0924904	0.1769
-157.5	222.467	0.0755545	0.0871
-153.0	222.467	0.0807927	0.1162
-148.5	222.467	0.0882066	0.1502
-144.0	222.467	0.0906815	0.1187
-139.5	222.467	0.0827464	0.0813
-135.0	222.467	0.103544	0.1663
-130.5	222.467	0.0961188	0.0868
-126.0	222.467	0.0785547	0.0684
-121.5	222.467	0.0935439	0.0887
-117.0	222.467	0.083687	0.0671
-112.5	222.467	0.106601	0.0921
-108.0	222.467	0.116245	0.126
-103.5	222.467	0.109046	0.0883
-99.0	222.467	0.105606	0.1409
-94.5	222.467	0.111179	0.0873
-90.0	222.467	0.13111	0.1924
-85.5	222.467	0.122157	0.0966
-81.0	222.467	0.121634	0.1146
-76.5	222.467	0.127983	0.1516
-72.0	222.467	0.118686	0.1215
-67.5	222.467	0.110788	0.0717
-63.0	222.467	0.136637	0.117
-58.5	222.467	0.132415	0.1123
-54.0	222.467	0.122457	0.0792
-49.5	222.467	0.13271	0.1106
-45.0	222.467	0.118144	0.0594
-40.5	222.467	0.134826	0.0984
-36.0	222.467	0.141719	0.0872
-31.5	222.467	0.161448	0.1194
-27.0	222.467	0.114396	0.0553
-22.5	222.467	0.120986	0.075
-18.0	222.467	0.128583	0.0823
-13.5	222.467	0.16334	0.2404
-9.0	222.467	0.133915	0.0862
-4.5	222.467	0.139795	0.0773
0.0	222.467	0.118514	0.0516
4.5	222.467	0.111414	0.0592
9.0	222.467	0.149484	0.1309
13.5	222.467	0.157191	0.1791
18.0	222.467	0.130329	0.0729
22.5	222.467	0.131006	0.1013
27.0	222.467	0.137579	0.1245
31.5	222.467	0.135077	0.0716
36.0	222.467	0.14671	0.2086
40.5	222.467	0.129801	0.1135
45.0	222.467	0.157485	0.1474
49.5	222.467	0.117698	0.0708
54.0	222.467	0.107749	0.052
58.5	222.467	0.0999402	0.0783
63.0	222.467	0.116842	0.0832
67.5	222.467	0.119972	0.1008
72.0	222.467	0.113322	0.0711
76.5	222.467	0.102796	0.0666
81.0	222.467	0.0988959	0.103
85.5	222.467	0.0999489	0.0772
90.0	222.467	0.10241	0.1748
94.5	222.467	0.12016	0.2249
99.0	222.467	0.0908759	0.0641
103.5	222.467	0.0887432	0.0674
108.0	222.467	0.0793506	0.0758
112.5	222.467	0.105431	0.2897
117.0	222.467	0.0754724	0.0802
121.5	222.467	0.0902445	0.2069
126.0	222.467	0.0952101	0.1214
130.5	222.467	0.101527	0.1659
135.0	222.467	0.0723306	0.1025
139.5	222.467	0.0712518	0.1038
144.0	222.467	0.0696941	0.106
148.5	222.467	0.0629566	0.0782
153.0	222.467	0.0561675	0.0864
157.5	222.467	0.0565667	0.0811
162.0	222.467	0.0527147	0.0683
166.5	222.467	0.0509059	0.08
171.0	222.467	0.0549853	0.1
175.5	222.467	0.0457695	0.0741
180.0	222.467	0.0503472	0.1153
184.5	222.467	0.0509794	0.1059
189.0	222.467	0.0581721	0.2136
193.5	222.467	0.0396065	0.0857
198.0	222.467	0.0381928	0.148
202.5	222.467	0.0428422	0.1125
207.0	222.467	0.0402736	0.131
211.5	222.467	0.0309172	0.0875
216.0	222.467	0.0388834	0.1008
220.5	222.467	0.0304252	0.1176
225.0	222.467	0.0485175	0.17
229.5	222.467	0.0324246	0.0951
234.0	222.467	0.0352895	0.1316
238.5	222.467	0.0362194	0.0987
243.0	222.467	0.02604	0.0927
247.5	222.467	0.0262795	0.0959
252.0	222.467	0.0387917	0.1776
256.5	222.467	0.02672	0.0925
261.0	222.467	0.0269017	0.1127
265.5	222.467	0.0250131	0.0893
270.0	222.467	0.0300087	0.1216
274.5	222.467	0.0302747	0.1202
279.0	222.467	0.0304157	0.2043
283.5	222.467	0.0325827	0.1419
288.0	222.467	0.0273793	0.122
292.5	222.467	0.0285884	0.1148
297.0	222.467	0.0254137	0.1244
301.5	222.467	0.0347872	0.3425
306.0	222.467	0.0228112	0.1105
310.5	222.467	0.0297671	0.1016
315.0	222.467	0.0307407	0.201
319.5	222.467	0.0277571	0.1407
324.0	222.467	0.0297274	0.1855
328.5	222.467	0.0227587	0.1448
333.0	222.467	0.0259574	0.1208
337.5	222.467	0.0257644	0.1298
342.0	222.467	0.0314384	0.147
346.5	222.467	0.0247488	0.1421
351.0	222.467	0.0274186	0.2606
355.5	222.467	0.0316492	0.1613
360.0	222.467	0.0474168	0.4015
364.5	222.467	0.0251048	0.1461
369.0	222.467	0.0197203	0.1287
373.5	222.467	0.0256429	0.1945
378.0	222.467	0.0217708	0.1612
382.5	222.467	0.0171328	0.1666
387.0	222.467	0.0258488	0.1569
391.5	222.467	0.0152838	0.1535
396.0	222.467	0.0199031	0.3169
400.5	222.467	0.0189031	0.1786
405.0	222.467	0.0177815	0.1623
409.5	222.467	0.0148227	0.1514
414.0	222.467	0.0157928	0.2267
418.5	222.467	0.0194034	0.2485
423.0	222.467	0.0145193	0.1688
427.5	222.467	0.0164502	0.1851
432.0	222.467	0.0200059	0.2009
436.5	222.467	0.0157316	0.1529
441.0	222.467	0.0192316	0.1589
445.5	222.467	0.0453051	0.4456
-450.0	225.033	0.0113312	0.2414
-445.5	225.033	0.0143433	0.2135
-441.0	225.033	0.0105407	0.1637
-436.5	225.033	0.0135853	0.165
-432.0	225.033	0.0100736	0.2178
-427.5	225.033	0.00889323	0.1912
-423.0	225.033	0.00864255	0.1493
-418.5	225.033	0.0143059	0.2685
-414.0	225.033	0.00865405	0.1986
-409.5	225.033	0.0110889	0.3045
-405.0	225.033	0.0108991	0.1949
-400.5	225.033	0.0192252	0.3967
-396.0	225.033	0.0109696	0.1554
-391.5	225.033	0.0122299	0.2179
-387.0	225.033	0.0131548	0.181
-382.5	225.033	0.0154342	0.2827
-378.0	225.033	0.0155022	0.2101
-373.5	225.033	0.0139688	0.1579
-369.0	225.033	0.0186077	0.321
-364.5	225.033	0.024778	0.4214
-360.0	225.033	0.0159671	0.1512
-355.5	225.033	0.0208067	0.3303
-351.0	225.033	0.0142077	0.1533
-346.5	225.033	0.0138518	0.1325
-342.0	225.033	0.012819	0.1484
-337.5	225.033	0.0143647	0.1448
-333.0	225.033	0.0177999	0.3094
-328.5	225.033	0.0173445	0.1858
-324.0	225.033	0.0169825	0.1376
-319.5	225.033	0.022653	0.1568
-315.0	225.033	0.0184989	0.1097
-310.5	225.033	0.0155074	0.1086
-306.0	225.033	0.0187836	0.0964
-301.5	225.033	0.0204043	0.0989
-297.0	225.033	0.0206446	0.1781
-292.5	225.033	0.0216608	0.1686
-288.0	225.033	0.0190007	0.1071
-283.5	225.033	0.0235166	0.1222
-279.0	225.033	0.0235501	0.1154
-274.5	225.033	0.0231129	0.1688
-270.0	225.033	0.0206354	0.1072
-265.5	225.033	0.0255693	0.0945
-261.0	225.033	0.0273974	0.1168
-256.5	225.033	0.0289585	0.1425
-252.0	225.033	0.0338852	0.1056
-247.5	225.033	0.0300567	0.0947
-243.0	225.033	0.0316046	0.0997
-238.5	225.033	0.0352589	0.0995
-234.0	225.033	0.0469001	0.2415
-229.5	225.033	0.0328425	0.0766
-225.0	225.033	0.050422	0.1842
-220.5	225.033	0.0501447	0.1069
-216.0	225.033	0.0499661	0.0964
-211.5	225.033	0.0375703	0.0806
-207.0	225.033	0.0437903	0.0922
-202.5	225.033	0.0603397	0.1339
-198.0	225.033	0.0513759	0.0906
-193.5	225.033	0.0467952	0.0701
-189.0	225.033	0.05258	0.0804
-184.5	225.033	0.0682397	0.1173
-180.0	225.033	0.0667155	0.1482
-175.5	225.033	0.0591014	0.0775
-171.0	225.033	0.0699035	0.1057
-166.5	225.033	0.0600638	0.0785
-162.0	225.033	0.0749195	0.141
-157.5	225.033	0.0755615	0.1122
-153.0	225.033	0.0770908	0.0964
-148.5	225.033	0.0810973	0.0982
-144.0	225.033	0.0815037	0.0858
-139.5	225.033	0.0673119	0.0841
-135.0	225.033	0.0727352	0.109
-130.5	225.033	0.130801	0.4209
-126.0	225.033	0.0858643	0.1092
-121.5	225.033	0.0845487	0.0801
-117.0	225.033	0.0870147	0.0649
-112.5	225.033	0.153012	0.2709
-108.0	225.033	0.0946863	0.0957
-103.5	225.033	0.0994785	0.1
-99.0	225.033	0.0853021	0.0543
-94.5	225.033	0.127625	0.1112
-90.0	225.033	0.0976784	0.0741
-85.5	225.033	0.12287	0.113
-81.0	225.033	0.144225	0.1528
-76.5	225.033	0.121971	0.0816
-72.0	225.033	0.126429	0.1316
-67.5	225.033	0.10271	0.0653
-63.0	225.033	0.127117	0.1539
-58.5	225.033	0.10497	0.057
-54.0	225.033	0.135491	0.1029
-49.5	225.033	0.120143	0.0841
-45.0	225.033	0.111117	0.0785
-40.5	225.033	0.125916	0.0921
-36.0	225.033	0.112758	0.0682
-31.5	225.033	0.127563	0.0743
-27.0	225.033	0.138924	0.1191
-22.5	225.033	0.127888	0.0644
-18.0	225.033	0.137011	0.186
-13.5	225.033	0.1515	0.1547
-9.0	225.033	0.12739	0.0936
-4.5	225.033	0.142209	0.0846
0.0	225.033	0.120667	0.0691
4.5	225.033	0.119003	0.0932
9.0	225.033	0.141695	0.1211
13.5	225.033	0.13374	0.0918
18.0	225.033	0.136607	0.1279
22.5	225.033	0.105279	0.0588
27.0	225.033	0.106728	0.0719
31.5	225.033	0.116308	0.0622
36.0	225.033	0.157836	0.1089
40.5	225.033	0.122459	0.1016
45.0	225.033	0.1148	0.0815
49.5	225.033	0.108487	0.0822
54.0	225.033	0.096481	0.0783
58.5	225.033	0.105706	0.0747
63.0	225.033	0.0924147	0.0568
67.5	225.033	0.105308	0.09
72.0	225.033	0.095873	0.0944
76.5	225.033	0.110199	0.1015
81.0	225.033	0.0991296	0.1129
85.5	225.033	0.0948252	0.0854
90.0	225.033	0.0820361	0.0713
94.5	225.033	0.0809276	0.0753
99.0	225.033	0.0889434	0.0842
103.5	225.033	0.0892575	0.1228
108.0	225.033	0.0848988	0.0707
112.5	225.033	0.0784223	0.0783
117.0	225.033	0.0688916	0.0968
121.5	225.033	0.0633588	0.0825
126.0	225.033	0.0785384	0.1381
130.5	225.033	0.0932779	0.1466
135.0	225.033	0.0648621	0.0743
139.5	225.033	0.0915868	0.2613
144.0	225.033	0.0626805	0.0847
148.5	225.033	0.0575637	0.0796
153.0	225.033	0.0493553	0.0949
157.5	225.033	0.051482	0.068
162.0	225.033	0.0710983	0.164
166.5	225.033	0.0597759	0.1065
171.0	225.033	0.0658068	0.1868
175.5	225.033	0.0399989	0.0813
180.0	225.033	0.0402293	0.0801
184.5	225.033	0.052938	0.1581
189.0	225.033	0.0484168	0.1693
193.5	225.033	0.0327408	0.0865
198.0	225.033	0.0313381	0.0786
202.5	225.033	0.0499554	0.2585
207.0	225.033	0.0318578	0.0909
211.5	225.033	0.0362798	0.1408
216.0	225.033	0.0290842	0.122
220.5	225.033	0.0383625	0.1479
225.0	225.033	0.0286639	0.115
229.5	225.033	0.0271981	0.1102
234.0	225.033	0.0438856	0.1674
238.5	225.033	0.0336661	0.1454
243.0	225.033	0.0337202	0.1197
247.5	225.033	0.0289909	0.1149
252.0	225.033	0.0284701	0.1245
256.5	225.033	0.0284417	0.1227
261.0	225.033	0.0294102	0.1477
265.5	225.033	0.0292094	0.1637
270.0	225.033	0.0259954	0.1059
274.5	225.033	0.0321578	0.1804
279.0	225.033	0.0385665	0.2062
283.5	225.033	0.0564247	0.5736
288.0	225.033	0.0262307	0.1521
292.5	225.033	0.0317914	0.1611
297.0	225.033	0.0268233	0.1182
301.5	225.033	0.029721	0.1762
306.0	225.033	0.0268582	0.1244
310.5	225.033	0.027734	0.1178
315.0	225.033	0.0387299	0.4122
319.5	225.033	0.0259319	0.1712
324.0	225.033	0.0353207	0.186
328.5	225.033	0.0230986	0.1298
333.0	225.033	0.0242756	0.2025
337.5	225.033	0.0255263	0.143
342.0	225.033	0.0332552	0.2762
346.5	225.033	0.023618	0.1547
351.0	225.033	0.0374189	0.3339
355.5	225.033	0.034848	0.2014
360.0	225.033	0.0250459	0.2342
364.5	225.033	0.0174929	0.1725
369.0	225.033	0.0193287	0.1953
373.5	225.033	0.0287356	0.1706
378.0	225.033	0.0258173	0.1413
382.5	225.033	0.0202915	0.1337
387.0	225.033	0.0344284	0.4308
391.5	225.033	0.0158049	0.2081
396.0	225.033	0.0162211	0.1483
400.5	225.033	0.0161055	0.1892
405.0	225.033	0.0171064	0.2123
409.5	225.033	0.0184064	0.3403
414.0	225.033	0.0148021	0.1706
418.5	225.033	0.0164395	0.2104
423.0	225.033	0.0141669	0.179
427.5	225.033	0.019507	0.2541
432.0	225.033	0.0199608	0.27
436.5	225.033	0.0226248	0.3547
441.0	225.033	0.0149488	0.1525
445.5	225.033	0.0141785	0.1414
-450.0	227.6	0.00788136	0.2148
-445.5	227.6	0.0135785	0.3706
-441.0	227.6	0.0124391	0.2494
-436.5	227.6	0.0078436	0.1808
-432.0	227.6	0.009435	0.167
-427.5	227.6	0.00576811	0.212
-423.0	227.6	0.00709026	0.1921
-418.5	227.6	0.00933141	0.1951
-414.0	227.6	0.014247	0.2724
-409.5	227.6	0.00876039	0.1903
-405.0	227.6	0.0116301	0.1878
-400.5	227.6	0.00890356	0.2288
-396.0	227.6	0.0104816	0.1655
-391.5	227.6	0.0112905	0.1953
-387.0	227.6	0.0175771	0.3595
-382.5	227.6	0.0155443	0.2523
-378.0	227.6	0.0131286	0.1502
-373.5	227.6	0.0125191	0.1408
-369.0	227.6	0.0111017	0.1424
-364.5	227.6	0.0112515	0.1432
-360.0	227.6	0.0167502	0.1355
-355.5	227.6	0.013634	0.1509
-351.0	227.6	0.0124965	0.1314
-346.5	227.6	0.0140361	0.1317
-342.0	227.6	0.0202458	0.2061
-337.5	227.6	0.0198046	0.3581
-333.0	227.6	0.0211067	0.2323
-328.5	227.6	0.0163158	0.1373
-324.0	227.6	0.018589	0.1385
-319.5	227.6	0.021744	0.2394
-315.0	227.6	0.0171883	0.1016
-310.5	227.6	0.018502	0.1111
-306.0	227.6	0.0235977	0.0949
-301.5	227.6	0.0186789	0.1537
-297.0	227.6	0.0178298	0.1265
-292.5	227.6	0.0191243	0.1137
-288.0	227.6	0.0260356	0.1228
-283.5	227.6	0.0271968	0.1347
-279.0	227.6	0.0311874	0.3475
-274.5	227.6	0.0265202	0.1871
-270.0	227.6	0.0200093	0.0992
-265.5	227.6	0.0274237	0.1121
-261.0	227.6	0.0232667	0.0976
-256.5	227.6	0.0258614	0.1098
-252.0	227.6	0.0277451	0.1031
-247.5	227.6	0.0284352	0.1008
-243.0	227.6	0.0326611	0.099
-238.5	227.6	0.0465633	0.1986
-234.0	227.6	0.0345911	0.0999
-229.5	227.6	0.0373181	0.1234
-225.0	227.6	0.040825	0.1119
-220.5	227.6	0.0374137	0.0883
-216.0	227.6	0.0426866	0.0909
-211.5	227.6	0.0494199	0.1852
-207.0	227.6	0.0496422	0.1247
-202.5	227.6	0.052277	0.0959
-198.0	227.6	0.0514753	0.1869
-193.5	227.6	0.0484551	0.0973
-189.0	227.6	0.0656052	0.1236
-184.5	227.6	0.0672293	0.1019
-180.0	227.6	0.0523419	0.076
-175.5	227.6	0.0620407	0.1025
-171.0	227.6	0.0611138	0.0899
-166.5	227.6	0.0755593	0.0942
-162.0	227.6	0.0636331	0.0965
-157.5	227.6	0.0674559	0.0892
-153.0	227.6	0.0810582	0.1811
-148.5	227.6	0.0748221	0.0858
-144.0	227.6	0.0686323	0.0852
-139.5	227.6	0.0840913	0.1282
-135.0	227.6	0.0681438	0.072
-130.5	227.6	0.0697966	0.0673
-126.0	227.6	0.074224	0.0587
-121.5	227.6	0.0810331	0.0734
-117.0	227.6	0.0829846	0.0783
-112.5	227.6	0.0937504	0.1332
-108.0	227.6	0.120518	0.2306
-103.5	227.6	0.087151	0.0784
-99.0	227.6	0.0959233	0.1155
-94.5	227.6	0.117433	0.1331
-90.0	227.6	0.0831054	0.0713
-85.5	227.6	0.10729	0.0933
-81.0	227.6	0.102574	0.0762
-76.5	227.6	0.105091	0.0921
-72.0	227.6	0.10754	0.1201
-67.5	227.6	0.106888	0.0729
-63.0	227.6	0.097608	0.0692
-58.5	227.6	0.128607	0.1394
-54.0	227.6	0.13372	0.1822
-49.5	227.6	0.0999773	0.1134
-45.0	227.6	0.110463	0.0601
-40.5	227.6	0.127002	0.1249
-36.0	227.6	0.13575	0.1299
-31.5	227.6	0.117502	0.0913
-27.0	227.6	0.111508	0.0659
-22.5	227.6	0.128774	0.1238
-18.0	227.6	0.103718	0.0677
-13.5	227.6	0.104355	0.0795
-9.0	227.6	0.123494	0.0691
-4.5	227.6	0.119726	0.0646
0.0	227.6	0.14778	0.1344
4.5	227.6	0.150227	0.1597
9.0	227.6	0.107888	0.0833
13.5	227.6	0.138015	0.1523
18.0	227.6	0.132616	0.0902
22.5	227.6	0.107155	0.0653
27.0	227.6	0.141802	0.1327
31.5	227.6	0.133955	0.1139
36.0	227.6	0.112016	0.1612
40.5	227.6	0.104606	0.0991
45.0	227.6	0.116136	0.0718
49.5	227.6	0.108558	0.0975
54.0	227.6	0.123191	0.1123
58.5	227.6	0.115486	0.082
63.0	227.6	0.114718	0.0835
67.5	227.6	0.0971558	0.0628
72.0	227.6	0.0937059	0.0778
76.5	227.6	0.0977569	0.0807
81.0	227.6	0.0925717	0.0949
85.5	227.6	0.0825116	0.0842
90.0	227.6	0.0900754	0.1261
94.5	227.6	0.0764322	0.0927
99.0	227.6	0.0792317	0.0844
103.5	227.6	0.0866789	0.1199
108.0	227.6	0.0828946	0.1495
112.5	227.6	0.0797623	0.1144
117.0	227.6	0.069662	0.0994
121.5	227.6	0.0852572	0.1336
126.0	227.6	0.0536396	0.0682
130.5	227.6	0.0626563	0.0652
135.0	227.6	0.0800591	0.1523
139.5	227.6	0.0648703	0.0958
144.0	227.6	0.0562962	0.0704
148.5	227.6	0.0549498	0.0849
153.0	227.6	0.0503495	0.0723
157.5	227.6	0.0499115	0.0947
162.0	227.6	0.0514723	0.086
166.5	227.6	0.0463963	0.0967
171.0	227.6	0.050101	0.1306
175.5	227.6	0.0559697	0.1397
180.0	227.6	0.0403672	0.0957
184.5	227.6	0.0578973	0.1629
189.0	227.6	0.0451314	0.1098
193.5	227.6	0.033947	0.0843
198.0	227.6	0.0389178	0.099
202.5	227.6	0.046696	0.2041
207.0	227.6	0.0447264	0.2214
211.5	227.6	0.030762	0.1242
216.0	227.6	0.0288572	0.0903
220.5	227.6	0.0326494	0.1419
225.0	227.6	0.0300915	0.126
229.5	227.6	0.030614	0.1487
234.0	227.6	0.0330021	0.1166
238.5	227.6	0.0242369	0.0924
243.0	227.6	0.0275911	0.1139
247.5	227.6	0.0352747	0.2034
252.0	227.6	0.0296637	0.1021
256.5	227.6	0.0355443	0.1328
261.0	227.6	0.024312	0.1079
265.5	227.6	0.0296826	0.1141
270.0	227.6	0.0307054	0.2078
274.5	227.6	0.0263996	0.1504
279.0	227.6	0.0278945	0.139
283.5	227.6	0.0347546	0.368
288.0	227.6	0.0247889	0.1302
292.5	227.6	0.0213942	0.1279
297.0	227.6	0.0223584	0.1159
301.5	227.6	0.0256593	0.1433
306.0	227.6	0.0202679	0.1327
310.5	227.6	0.0233181	0.1061
315.0	227.6	0.0257264	0.2079
319.5	227.6	0.0239048	0.1268
324.0	227.6	0.0247488	0.1202
328.5	227.6	0.0206404	0.1289
333.0	227.6	0.0196039	0.1216
337.5	227.6	0.0197688	0.1368
342.0	227.6	0.026665	0.1563
346.5	227.6	0.0289514	0.2092
351.0	227.6	0.0211382	0.1446
355.5	227.6	0.023713	0.3062
360.0	227.6	0.0222884	0.1493
364.5	227.6	0.0206009	0.3728
369.0	227.6	0.0252668	0.3061
373.5	227.6	0.019532	0.2585
378.0	227.6	0.0183825	0.138
382.5	227.6	0.0193705	0.1429
387.0	227.6	0.0118254	0.1602
391.5	227.6	0.0274034	0.4213
396.0	227.6	0.017447	0.1411
400.5	227.6	0.0133203	0.1553
405.0	227.6	0.0180119	0.1487
409.5	227.6	0.0120226	0.1708
414.0	227.6	0.0159504	0.217
418.5	227.6	0.0115097	0.1403
423.0	227.6	0.0211176	0.1918
427.5	227.6	0.012358	0.1285
432.0	227.6	0.0170339	0.2485
436.5	227.6	0.016881	0.1409
441.0	227.6	0.0423677	0.4244
445.5	227.6	0.0161821	0.1726
-450.0	230.167	0.0155717	0.3225
-445.5	230.167	0.0147693	0.3385
-441.0	230.167	0.0142988	0.4671
-436.5	230.167	0.00910841	0.29
-432.0	230.167	0.00865188	0.1496
-427.5	230.167	0.0175255	0.4217
-423.0	230.167	0.0115312	0.2418
-418.5	230.167	0.0114581	0.2923
-414.0	230.167	0.00871041	0.2205
-409.5	230.167	0.0131277	0.3573
-405.0	230.167	0.00933451	0.1711
-400.5	230.167	0.0101299	0.2731
-396.0	230.167	0.00954414	0.2279
-391.5	230.167	0.00834993	0.1679
-387.0	230.167	0.0121434	0.2397
-382.5	230.167	0.0212336	0.2567
-378.0	230.167	0.0149565	0.1664
-373.5	230.167	0.0171376	0.2947
-369.0	230.167	0.0136386	0.2506
-364.5	230.167	0.0268658	0.4243
-360.0	230.167	0.0142872	0.2191
-355.5	230.167	0.0181287	0.1769
-351.0	230.167	0.0131945	0.216
-346.5	230.167	0.0151893	0.2043
-342.0	230.167	0.0152896	0.1807
-337.5	230.167	0.0220534	0.3264
-333.0	230.167	0.0257912	0.3351
-328.5	230.167	0.0189943	0.1889
-324.0	230.167	0.0144533	0.1169
-319.5	230.167	0.0157323	0.137
-315.0	230.167	0.0160706	0.1115
-310.5	230.167	0.0158508	0.0998
-306.0	230.167	0.0178584	0.0987
-301.5	230.167	0.0202985	0.1595
-297.0	230.167	0.0184078	0.2054
-292.5	230.167	0.0212108	0.1596
-288.0	230.167	0.0194566	0.1119
-283.5	230.167	0.027566	0.1789
-279.0	230.167	0.0244831	0.3144
-274.5	230.167	0.0267086	0.1673
-270.0	230.167	0.0354933	0.2704
-265.5	230.167	0.0291712	0.1943
-261.0	230.167	0.021839	0.2203
-256.5	230.167	0.0261031	0.1026
-252.0	230.167	0.0399365	0.1752
-247.5	230.167	0.0307696	0.1291
-243.0	230.167	0.0398308	0.2883
-238.5	230.167	0.0309744	0.1517
-234.0	230.167	0.0318995	0.0844
-229.5	230.167	0.0303376	0.2409
-225.0	230.167	0.055084	0.2674
-220.5	230.167	0.0365024	0.0987
-216.0	230.167	0.0391922	0.0862
-211.5	230.167	0.0380078	0.1726
-207.0	230.167	0.0451121	0.0988
-202.5	230.167	0.0433569	0.1327
-198.0	230.167	0.0516093	0.1725
-193.5	230.167	0.0675825	0.3575
-189.0	230.167	0.0389036	0.0879
-184.5	230.167	0.0587755	0.1144
-180.0	230.167	0.051161	0.092
-175.5	230.167	0.065792	0.1167
-171.0	230.167	0.057653	0.1354
-166.5	230.167	0.0647846	0.1214
-162.0	230.167	0.0738548	0.2057
-157.5	230.167	0.0536406	0.0752
-153.0	230.167	0.070533	0.0975
-148.5	230.167	0.0741358	0.0934
-144.0	230.167	0.0624594	0.0793
-139.5	230.167	0.0844865	0.1629
-135.0	230.167	0.0705372	0.0817
-130.5	230.167	0.0838497	0.1385
-126.0	230.167	0.0782877	0.0939
-121.5	230.167	0.101598	0.1658
-117.0	230.167	0.0901717	0.1191
-112.5	230.167	0.081273	0.0932
-108.0	230.167	0.0743205	0.0672
-103.5	230.167	0.101641	0.2178
-99.0	230.167	0.0819722	0.0824
-94.5	230.167	0.104034	0.1063
-90.0	230.167	0.0878448	0.0729
-85.5	230.167	0.0920561	0.0794
-81.0	230.167	0.108313	0.1306
-76.5	230.167	0.0967119	0.0871
-72.0	230.167	0.0916652	0.0729
-67.5	230.167	0.112237	0.1477
-63.0	230.167	0.113046	0.0976
-58.5	230.167	0.0972319	0.0769
-54.0	230.167	0.0932333	0.0679
-49.5	230.167	0.112684	0.1119
-45.0	230.167	0.110126	0.0899
-40.5	230.167	0.105607	0.1062
-36.0	230.167	0.115433	0.1516
-31.5	230.167	0.140148	0.1252
-27.0	230.167	0.112394	0.0916
-22.5	230.167	0.114739	0.0688
-18.0	230.167	0.126849	0.1148
-13.5	230.167	0.116181	0.1001
-9.0	230.167	0.123186	0.1044
-4.5	230.167	0.102344	0.1186
0.0	230.167	0.102713	0.0796
4.5	230.167	0.123491	0.0951
9.0	230.167	0.106613	0.0846
13.5	230.167	0.129848	0.1041
18.0	230.167	0.11111	0.0824
22.5	230.167	0.0983115	0.0547
27.0	230.167	0.115459	0.108
31.5	230.167	0.150645	0.1692
36.0	230.167	0.115941	0.0997
40.5	230.167	0.102775	0.0866
45.0	230.167	0.115414	0.1238
49.5	230.167	0.0895868	0.0614
54.0	230.167	0.108264	0.1476
58.5	230.167	0.101275	0.0857
63.0	230.167	0.0950023	0.0832
67.5	230.167	0.0828645	0.0831
72.0	230.167	0.10058	0.1481
76.5	230.167	0.0874099	0.0815
81.0	230.167	0.096661	0.1338
85.5	230.167	0.0806306	0.1035
90.0	230.167	0.086674	0.1129
94.5	230.167	0.0913326	0.1093
99.0	230.167	0.0739443	0.0629
103.5	230.167	0.0695254	0.0684
108.0	230.167	0.0669712	0.0746
112.5	230.167	0.0824608	0.1413
117.0	230.167	0.0677192	0.1017
121.5	230.167	0.069609	0.0939
126.0	230.167	0.0625336	0.0912
130.5	230.167	0.059267	0.0747
135.0	230.167	0.0557039	0.0878
139.5	230.167	0.0619503	0.1212
144.0	230.167	0.0639816	0.105
148.5	230.167	0.0610925	0.109
153.0	230.167	0.0534664	0.0889
157.5	230.167	0.0569547	0.159
162.0	230.167	0.0429318	0.0877
166.5	230.167	0.0412018	0.0822
171.0	230.167	0.0465776	0.1386
175.5	230.167	0.045038	0.0843
180.0	230.167	0.0405372	0.086
184.5	230.167	0.0416534	0.0999
189.0	230.167	0.0340976	0.0876
193.5	230.167	0.0341265	0.0896
198.0	230.167	0.0293093	0.0838
202.5	230.167	0.0330547	0.0884
207.0	230.167	0.0377991	0.1116
211.5	230.167	0.0281261	0.0933
216.0	230.167	0.0249752	0.0926
220.5	230.167	0.0306757	0.117
225.0	230.167	0.0318731	0.121
229.5	230.167	0.0260648	0.1014
234.0	230.167	0.029423	0.1287
238.5	230.167	0.0263877	0.1542
243.0	230.167	0.0285736	0.1713
247.5	230.167	0.0218997	0.0998
252.0	230.167	0.0258706	0.096
256.5	230.167	0.0251207	0.1041
261.0	230.167	0.0229887	0.1254
265.5	230.167	0.0268752	0.1232
270.0	230.167	0.0276397	0.1315
274.5	230.167	0.022012	0.1285
279.0	230.167	0.0228441	0.104
283.5	230.167	0.0255363	0.1101
288.0	230.167	0.0302555	0.2838
292.5	230.167	0.022761	0.1167
297.0	230.167	0.0222623	0.1053
301.5	230.167	0.0251904	0.1369
306.0	230.167	0.0218667	0.1817
310.5	230.167	0.018825	0.1395
315.0	230.167	0.0332449	0.3462
319.5	230.167	0.0243542	0.1331
324.0	230.167	0.0200079	0.1364
328.5	230.167	0.0173608	0.1285
333.0	230.167	0.0208482	0.1285
337.5	230.167	0.0139531	0.1172
342.0	230.167	0.0217979	0.1188
346.5	230.167	0.0205275	0.1277
351.0	230.167	0.0205594	0.152
355.5	230.167	0.0213916	0.1358
360.0	230.167	0.0195797	0.1614
364.5	230.167	0.0228718	0.2329
369.0	230.167	0.0187321	0.2101
373.5	230.167	0.0193289	0.1707
378.0	230.167	0.0194752	0.134
382.5	230.167	0.0164204	0.1801
387.0	230.167	0.0131064	0.1506
391.5	230.167	0.0254634	0.2892
396.0	230.167	0.0172015	0.1669
400.5	230.167	0.0142855	0.1647
405.0	230.167	0.0159538	0.1983
409.5	230.167	0.0139056	0.3156
414.0	230.167	0.0117744	0.1669
418.5	230.167	0.0126125	0.2137
423.0	230.167	0.0173158	0.2771
427.5	230.167	0.0137352	0.2101
432.0	230.167	0.0266266	0.4664
436.5	230.167	0.0331056	0.6226
441.0	230.167	0.0142685	0.1454
445.5	230.167	0.0142941	0.1522
-450.0	232.733	0.0119729	0.3671
-445.5	232.733	0.025175	0.6188
-441.0	232.733	0.00816824	0.1828
-436.5	232.733	0.011913	0.3864
-432.0	232.733	0.00644407	0.1837
-427.5	232.733	0.00728164	0.1718
-423.0	232.733	0.0102582	0.2083
-418.5	232.733	0.009342	0.2028
-414.0	232.733	0.00700588	0.1923
-409.5	232.733	0.00883645	0.3272
-405.0	232.733	0.00860999	0.1685
-400.5	232.733	0.0113417	0.3933
-396.0	232.733	0.00757796	0.2095
-391.5	232.733	0.00940304	0.2127
-387.0	232.733	0.0137701	0.2042
-382.5	232.733	0.0106232	0.1466
-378.0	232.733	0.0124543	0.1649
-373.5	232.733	0.0145096	0.2104
-369.0	232.733	0.0158046	0.1673
-364.5	232.733	0.0107484	0.1435
-360.0	232.733	0.0106607	0.1509
-355.5	232.733	0.0172959	0.2853
-351.0	232.733	0.0113617	0.2007
-346.5	232.733	0.00924815	0.1326
-342.0	232.733	0.0164965	0.1679
-337.5	232.733	0.0130584	0.1461
-333.0	232.733	0.0200207	0.1613
-328.5	232.733	0.0147091	0.2271
-324.0	232.733	0.0173192	0.1691
-319.5	232.733	0.0149255	0.1518
-315.0	232.733	0.0125086	0.1116
-310.5	232.733	0.0142399	0.1295
-306.0	232.733	0.017182	0.184
-301.5	232.733	0.0159121	0.114
-297.0	232.733	0.0205696	0.3554
-292.5	232.733	0.0225769	0.2826
-288.0	232.733	0.0168277	0.1413
-283.5	232.733	0.019662	0.0994
-279.0	232.733	0.01595	0.1016
-274.5	232.733	0.0164697	0.1103
-270.0	232.733	0.0228421	0.1329
-265.5	232.733	0.0226111	0.0847
-261.0	232.733	0.0229005	0.1263
-256.5	232.733	0.0284232	0.1178
-252.0	232.733	0.0275597	0.0926
-247.5	232.733	0.026663	0.1055
-243.0	232.733	0.0256684	0.1099
-238.5	232.733	0.0299096	0.0874
-234.0	232.733	0.0310468	0.1365
-229.5	232.733	0.0276175	0.1142
-225.0	232.733	0.0404642	0.1821
-220.5	232.733	0.040691	0.1508
-216.0	232.733	0.0387854	0.1491
-211.5	232.733	0.0362454	0.1057
-207.0	232.733	0.0347596	0.085
-202.5	232.733	0.0391473	0.1211
-198.0	232.733	0.0611133	0.2782
-193.5	232.733	0.0442676	0.0912
-189.0	232.733	0.044303	0.1116
-184.5	232.733	0.0608253	0.2441
-180.0	232.733	0.0476561	0.0863
-175.5	232.733	0.0488747	0.1114
-171.0	232.733	0.050764	0.1137
-166.5	232.733	0.0607933	0.2051
-162.0	232.733	0.0671346	0.2239
-157.5	232.733	0.0558238	0.1053
-153.0	232.733	0.0600845	0.0769
-148.5	232.733	0.0683793	0.1545
-144.0	232.733	0.0652508	0.138
-139.5	232.733	0.0664812	0.0962
-135.0	232.733	0.0652662	0.0646
-130.5	232.733	0.0750148	0.1775
-126.0	232.733	0.0704063	0.0958
-121.5	232.733	0.0983696	0.1475
-117.0	232.733	0.0805305	0.1314
-112.5	232.733	0.0768307	0.0763
-108.0	232.733	0.0672601	0.0676
-103.5	232.733	0.0849257	0.0875
-99.0	232.733	0.0692553	0.0625
-94.5	232.733	0.0840556	0.0774
-90.0	232.733	0.0835675	0.0756
-85.5	232.733	0.105387	0.1473
-81.0	232.733	0.0939184	0.1488
-76.5	232.733	0.0944602	0.1029
-72.0	232.733	0.0938706	0.1052
-67.5	232.733	0.102316	0.1196
-63.0	232.733	0.122	0.1027
-58.5	232.733	0.107638	0.0865
-54.0	232.733	0.0966613	0.0791
-49.5	232.733	0.0937537	0.0675
-45.0	232.733	0.0920605	0.0655
-40.5	232.733	0.0958953	0.0669
-36.0	232.733	0.0958857	0.1294
-31.5	232.733	0.103076	0.0811
-27.0	232.733	0.11977	0.1178
-22.5	232.733	0.114881	0.0894
-18.0	232.733	0.110349	0.0891
-13.5	232.733	0.141964	0.2085
-9.0	232.733	0.11929	0.1758
-4.5	232.733	0.093874	0.0715
0.0	232.733	0.0968301	0.0682
4.5	232.733	0.133865	0.1474
9.0	232.733	0.124681	0.1317
13.5	232.733	0.113008	0.1182
18.0	232.733	0.104223	0.0856
22.5	232.733	0.101724	0.0784
27.0	232.733	0.104934	0.1047
31.5	232.733	0.133152	0.3165
36.0	232.733	0.111375	0.1235
40.5	232.733	0.107806	0.0742
45.0	232.733	0.11234	0.1104
49.5	232.733	0.100827	0.0958
54.0	232.733	0.10665	0.1297
58.5	232.733	0.086974	0.0662
63.0	232.733	0.113316	0.1095
67.5	232.733	0.0960845	0.1149
72.0	232.733	0.0823511	0.0902
76.5	232.733	0.0862534	0.0921
81.0	232.733	0.0767354	0.098
85.5	232.733	0.0836249	0.1271
90.0	232.733	0.101396	0.2513
94.5	232.733	0.0793239	0.0724
99.0	232.733	0.0753056	0.1324
103.5	232.733	0.0722166	0.0702
108.0	232.733	0.0727966	0.1219
112.5	232.733	0.0731981	0.1509
117.0	232.733	0.0576203	0.1086
121.5	232.733	0.0819802	0.238
126.0	232.733	0.0597334	0.0809
130.5	232.733	0.0611044	0.1371
135.0	232.733	0.0605077	0.143
139.5	232.733	0.0548137	0.1112
144.0	232.733	0.0467205	0.0768
148.5	232.733	0.0442506	0.0655
153.0	232.733	0.0608828	0.1754
157.5	232.733	0.0571257	0.1904
162.0	232.733	0.037551	0.075
166.5	232.733	0.0418727	0.1274
171.0	232.733	0.0421976	0.087
175.5	232.733	0.0412939	0.1041
180.0	232.733	0.041463	0.1108
184.5	232.733	0.0383761	0.0952
189.0	232.733	0.0360263	0.1134
193.5	232.733	0.0315514	0.1035
198.0	232.733	0.0314539	0.0911
202.5	232.733	0.030223	0.0912
207.0	232.733	0.0321477	0.1045
211.5	232.733	0.027491	0.0961
216.0	232.733	0.0312835	0.1749
220.5	232.733	0.0298788	0.1491
225.0	232.733	0.0288014	0.1038
229.5	232.733	0.019068	0.1123
234.0	232.733	0.0374045	0.1858
238.5	232.733	0.030375	0.122
243.0	232.733	0.0236183	0.1144
247.5	232.733	0.0173307	0.1053
252.0	232.733	0.0249703	0.0983
256.5	232.733	0.0238131	0.1129
261.0	232.733	0.0198734	0.1025
265.5	232.733	0.0248088	0.1383
270.0	232.733	0.0286985	0.176
274.5	232.733	0.0278882	0.1943
279.0	232.733	0.0221549	0.1282
283.5	232.733	0.0226098	0.1437
288.0	232.733	0.0285783	0.2542
292.5	232.733	0.0183265	0.1045
297.0	232.733	0.0183343	0.1058
301.5	232.733	0.0203087	0.1171
306.0	232.733	0.0228051	0.1585
310.5	232.733	0.0173495	0.1177
315.0	232.733	0.0175422	0.1277
319.5	232.733	0.0138016	0.1131
324.0	232.733	0.0175017	0.1413
328.5	232.733	0.0164651	0.1411
333.0	232.733	0.0260046	0.1587
337.5	232.733	0.0240077	0.1432
342.0	232.733	0.0276192	0.397
346.5	232.733	0.0234078	0.1703
351.0	232.733	0.0286781	0.1831
355.5	232.733	0.0171797	0.1548
360.0	232.733	0.0271044	0.3649
364.5	232.733	0.0296221	0.4468
369.0	232.733	0.0178024	0.1484
373.5	232.733	0.018122	0.1958
378.0	232.733	0.0169244	0.3055
382.5	232.733	0.0167043	0.1547
387.0	232.733	0.013067	0.144
391.5	232.733	0.0224429	0.2524
396.0	232.733	0.0204689	0.2437
400.5	232.733	0.0147157	0.256
405.0	232.733	0.0129373	0.1723
409.5	232.733	0.0117129	0.2906
414.0	232.733	0.0149287	0.3009
418.5	232.733	0.0121028	0.1845
423.0	232.733	0.0166875	0.2462
427.5	232.733	0.0121135	0.1522
432.0	232.733	0.0150794	0.172
436.5	232.733	0.011329	0.1678
441.0	232.733	0.0117927	0.1448
445.5	232.733	0.0111081	0.1584
-450.0	235.3	0.00917592	0.1658
-445.5	235.3	0.00799389	0.1651
-441.0	235.3	0.00997756	0.2102
-436.5	235.3	0.0131992	0.2803
-432.0	235.3	0.00636938	0.2043
-427.5	235.3	0.00816158	0.2042
-423.0	235.3	0.0178411	0.3459
-418.5	235.3	0.00756454	0.1793
-414.0	235.3	0.00712561	0.198
-409.5	235.3	0.00984036	0.1617
-405.0	235.3	0.00669702	0.1651
-400.5	235.3	0.00855206	0.2108
-396.0	235.3	0.0351783	0.5139
-391.5	235.3	0.0115776	0.2654
-387.0	235.3	0.0106118	0.2444
-382.5	235.3	0.0145319	0.3562
-378.0	235.3	0.011196	0.1533
-373.5	235.3	0.0154275	0.2163
-369.0	235.3	0.017009	0.1773
-364.5	235.3	0.010561	0.2098
-360.0	235.3	0.0123864	0.2045
-355.5	235.3	0.00960663	0.1458
-351.0	235.3	0.00955998	0.1461
-346.5	235.3	0.0144924	0.1381
-342.0	235.3	0.0114505	0.1323
-337.5	235.3	0.0130001	0.1627
-333.0	235.3	0.0138568	0.1217
-328.5	235.3	0.0168787	0.2631
-324.0	235.3	0.020518	0.2647
-319.5	235.3	0.0164328	0.1611
-315.0	235.3	0.0141277	0.2131
-310.5	235.3	0.013372	0.1269
-306.0	235.3	0.0142968	0.222
-301.5	235.3	0.0152203	0.1175
-297.0	235.3	0.0176916	0.1441
-292.5	235.3	0.0176088	0.1203
-288.0	235.3	0.0145683	0.1364
-283.5	235.3	0.0186771	0.1112
-279.0	235.3	0.0187315	0.1261
-274.5	235.3	0.0236392	0.1224
-270.0	235.3	0.027468	0.1401
-265.5	235.3	0.0197575	0.1105
-261.0	235.3	0.0213484	0.1078
-256.5	235.3	0.0272374	0.1145
-252.0	235.3	0.0215964	0.0922
-247.5	235.3	0.0292493	0.1205
-243.0	235.3	0.0238659	0.0914
-238.5	235.3	0.0304736	0.1151
-234.0	235.3	0.0223864	0.0946
-229.5	235.3	0.025043	0.0932
-225.0	235.3	0.0377464	0.1304
-220.5	235.3	0.0476362	0.1321
-216.0	235.3	0.0307789	0.1243
-211.5	235.3	0.0342077	0.1264
-207.0	235.3	0.0338754	0.0839
-202.5	235.3	0.0436284	0.1373
-198.0	235.3	0.0412986	0.0913
-193.5	235.3	0.0423987	0.1142
-189.0	235.3	0.0430466	0.1091
-184.5	235.3	0.0461517	0.1042
-180.0	235.3	0.0471285	0.1249
-175.5	235.3	0.0546446	0.1039
-171.0	235.3	0.0472654	0.0749
-166.5	235.3	0.0414844	0.0876
-162.0	235.3	0.056543	0.1566
-157.5	235.3	0.0768837	0.3379
-153.0	235.3	0.072925	0.2013
-148.5	235.3	0.0470521	0.083
-144.0	235.3	0.0607716	0.084
-139.5	235.3	0.0700896	0.1141
-135.0	235.3	0.0592881	0.0625
-130.5	235.3	0.0815548	0.1567
-126.0	235.3	0.0666362	0.0786
-121.5	235.3	0.0767926	0.1039
-117.0	235.3	0.0878179	0.1682
-112.5	235.3	0.0698653	0.0892
-108.0	235.3	0.0678276	0.0866
-103.5	235.3	0.0609345	0.0604
-99.0	235.3	0.0982289	0.2163
-94.5	235.3	0.0821561	0.0798
-90.0	235.3	0.094815	0.1524
-85.5	235.3	0.12025	0.2525
-81.0	235.3	0.0897573	0.1189
-76.5	235.3	0.0768176	0.0893
-72.0	235.3	0.0916285	0.0757
-67.5	235.3	0.0933848	0.1288
-63.0	235.3	0.124672	0.367
-58.5	235.3	0.10031	0.1408
-54.0	235.3	0.100567	0.0961
-49.5	235.3	0.0763174	0.0665
-45.0	235.3	0.0854597	0.0699
-40.5	235.3	0.0895667	0.0684
-36.0	235.3	0.102604	0.094
-31.5	235.3	0.101761	0.0858
-27.0	235.3	0.10293	0.0964
-22.5	235.3	0.0960226	0.0774
-18.0	235.3	0.167566	0.3179
-13.5	235.3	0.225226	0.5162
-9.0	235.3	0.105043	0.1223
-4.5	235.3	0.107586	0.1141
0.0	235.3	0.0930845	0.0649
4.5	235.3	0.0870982	0.057
9.0	235.3	0.0977735	0.0777
13.5	235.3	0.0916945	0.0612
18.0	235.3	0.105771	0.0946
22.5	235.3	0.0953284	0.0934
27.0	235.3	0.108011	0.1204
31.5	235.3	0.0920658	0.0935
36.0	235.3	0.0778732	0.0687
40.5	235.3	0.099571	0.102
45.0	235.3	0.0938591	0.0941
49.5	235.3	0.0924871	0.1314
54.0	235.3	0.109221	0.2104
58.5	235.3	0.0903388	0.0895
63.0	235.3	0.0770428	0.0894
67.5	235.3	0.092763	0.0895
72.0	235.3	0.0824821	0.0975
76.5	235.3	0.0914009	0.1008
81.0	235.3	0.0746269	0.0742
85.5	235.3	0.0694157	0.0625
90.0	235.3	0.0793915	0.0963
94.5	235.3	0.0870046	0.1106
99.0	235.3	0.0608154	0.074
103.5	235.3	0.0657028	0.0928
108.0	235.3	0.063325	0.0858
112.5	235.3	0.0627037	0.1447
117.0	235.3	0.0562392	0.0845
121.5	235.3	0.0559852	0.0871
126.0	235.3	0.0501269	0.0944
130.5	235.3	0.062013	0.2077
135.0	235.3	0.0535549	0.1034
139.5	235.3	0.0577776	0.1768
144.0	235.3	0.0473302	0.1324
148.5	235.3	0.0463818	0.0934
153.0	235.3	0.0620385	0.1503
157.5	235.3	0.0533177	0.1757
162.0	235.3	0.0477969	0.0893
166.5	235.3	0.0443937	0.1008
171.0	235.3	0.0373853	0.0859
175.5	235.3	0.0320939	0.0873
180.0	235.3	0.0322156	0.1187
184.5	235.3	0.0462207	0.1535
189.0	235.3	0.0332584	0.087
193.5	235.3	0.0337228	0.1205
198.0	235.3	0.0334208	0.1672
202.5	235.3	0.0309748	0.1024
207.0	235.3	0.0321167	0.0965
211.5	235.3	0.0284028	0.1123
216.0	235.3	0.0260501	0.1241
220.5	235.3	0.0250503	0.1637
225.0	235.3	0.0350552	0.1556
229.5	235.3	0.0230255	0.1523
234.0	235.3	0.0223159	0.1349
238.5	235.3	0.0289012	0.1586
243.0	235.3	0.0220159	0.1668
247.5	235.3	0.0285309	0.1966
252.0	235.3	0.0223483	0.1411
256.5	235.3	0.0228218	0.1716
261.0	235.3	0.0176377	0.1097
265.5	235.3	0.022742	0.1123
270.0	235.3	0.0266698	0.2046
274.5	235.3	0.0528265	0.5704
279.0	235.3	0.0240031	0.1444
283.5	235.3	0.0198736	0.1391
288.0	235.3	0.0193475	0.1206
292.5	235.3	0.0163155	0.1562
297.0	235.3	0.0193376	0.1186
301.5	235.3	0.0210438	0.1554
306.0	235.3	0.0219696	0.1241
310.5	235.3	0.0181458	0.1084
315.0	235.3	0.018804	0.1486
319.5	235.3	0.0162462	0.1181
324.0	235.3	0.0174041	0.1289
328.5	235.3	0.0175762	0.1344
333.0	235.3	0.0221513	0.1617
337.5	235.3	0.015193	0.1432
342.0	235.3	0.0158292	0.1409
346.5	235.3	0.017862	0.1745
351.0	235.3	0.0181479	0.1733
355.5	235.3	0.02333	0.168
360.0	235.3	0.0211703	0.1661
364.5	235.3	0.0442419	0.4055
369.0	235.3	0.0182674	0.1819
373.5	235.3	0.015584	0.1862
378.0	235.3	0.0172099	0.2462
382.5	235.3	0.0174744	0.2354
387.0	235.3	0.0166683	0.1647
391.5	235.3	0.0138296	0.152
396.0	235.3	0.0148526	0.1807
400.5	235.3	0.0208794	0.2243
405.0	235.3	0.0157771	0.1803
409.5	235.3	0.0100815	0.1691
414.0	235.3	0.0105753	0.1918
418.5	235.3	0.0182609	0.3243
423.0	235.3	0.00981247	0.1523
427.5	235.3	0.0123959	0.1837
432.0	235.3	0.01466	0.1506
436.5	235.3	0.0166578	0.1472
441.0	235.3	0.0230795	0.2367
445.5	235.3	0.0187029	0.1925
-450.0	237.867	0.0231798	0.356
-445.5	237.867	0.00999583	0.2451
-441.0	237.867	0.00725716	0.1638
-436.5	237.867	0.00803787	0.2088
-432.0	237.867	0.00527611	0.1745
-427.5	237.867	0.00674853	0.193
-423.0	237.867	0.00619535	0.1861
-418.5	237.867	0.00733936	0.2079
-414.0	237.867	0.00736015	0.2573
-409.5	237.867	0.00577795	0.207
-405.0	237.867	0.00553721	0.2388
-400.5	237.867	0.0103528	0.2089
-396.0	237.867	0.0266151	0.5704
-391.5	237.867	0.0110949	0.1978
-387.0	237.867	0.0151199	0.261
-382.5	237.867	0.01324	0.3907
-378.0	237.867	0.00978692	0.1932
-373.5	237.867	0.0129505	0.2799
-369.0	237.867	0.0104573	0.1529
-364.5	237.867	0.00877089	0.1431
-360.0	237.867	0.0107656	0.1587
-355.5	237.867	0.00843601	0.1745
-351.0	237.867	0.00865233	0.1348
-346.5	237.867	0.0139409	0.1288
-342.0	237.867	0.0124251	0.1495
-337.5	237.867	0.012744	0.151
-333.0	237.867	0.0109402	0.1581
-328.5	237.867	0.0106933	0.1329
-324.0	237.867	0.012586	0.1151
-319.5	237.867	0.0148504	0.1424
-315.0	237.867	0.012142	0.1411
-310.5	237.867	0.010848	0.1526
-306.0	237.867	0.0163984	0.2219
-301.5	237.867	0.0150759	0.135
-297.0	237.867	0.0153633	0.1344
-292.5	237.867	0.014571	0.1826
-288.0	237.867	0.0268353	0.2162
-283.5	237.867	0.0170821	0.1418
-279.0	237.867	0.0226965	0.2344
-274.5	237.867	0.0218614	0.1715
-270.0	237.867	0.0173928	0.1281
-265.5	237.867	0.0220301	0.1658
-261.0	237.867	0.0181145	0.0979
-256.5	237.867	0.0246428	0.1232
-252.0	237.867	0.0200217	0.0949
-247.5	237.867	0.0212109	0.1362
-243.0	237.867	0.0369228	0.2262
-238.5	237.867	0.0299052	0.1381
-234.0	237.867	0.0262848	0.1212
-229.5	237.867	0.02445	0.1145
-225.0	237.867	0.0374029	0.1878
-220.5	237.867	0.0440987	0.2364
-216.0	237.867	0.0341932	0.1708
-211.5	237.867	0.0386975	0.1591
-207.0	237.867	0.0359052	0.089
-202.5	237.867	0.0517598	0.2021
-198.0	237.867	0.0460562	0.1547
-193.5	237.867	0.0480994	0.2554
-189.0	237.867	0.0387324	0.0926
-184.5	237.867	0.0568112	0.2104
-180.0	237.867	0.0486641	0.0957
-175.5	237.867	0.047654	0.0847
-171.0	237.867	0.0491692	0.1182
-166.5	237.867	0.0490964	0.1098
-162.0	237.867	0.0625277	0.1874
-157.5	237.867	0.0617903	0.117
-153.0	237.867	0.0576952	0.1599
-148.5	237.867	0.0577396	0.118
-144.0	237.867	0.0559065	0.0957
-139.5	237.867	0.0650144	0.1414
-135.0	237.867	0.0481741	0.0775
-130.5	237.867	0.0523557	0.0673
-126.0	237.867	0.0612513	0.1131
-121.5	237.867	0.0702427	0.0722
-117.0	237.867	0.0666204	0.0801
-112.5	237.867	0.0615125	0.0922
-108.0	237.867	0.0603128	0.0843
-103.5	237.867	0.0639736	0.074
-99.0	237.867	0.0873635	0.1042
-94.5	237.867	0.069155	0.0899
-90.0	237.867	0.0790653	0.0811
-85.5	237.867	0.0705076	0.0602
-81.0	237.867	0.0768707	0.0857
-76.5	237.867	0.0768992	0.0844
-72.0	237.867	0.0825656	0.0917
-67.5	237.867	0.0877002	0.1263
-63.0	237.867	0.0801055	0.0983
-58.5	237.867	0.0679577	0.0561
-54.0	237.867	0.0837024	0.0863
-49.5	237.867	0.0777325	0.0783
-45.0	237.867	0.0833106	0.0695
-40.5	237.867	0.0880823	0.0949
-36.0	237.867	0.101998	0.1193
-31.5	237.867	0.117287	0.1532
-27.0	237.867	0.0818913	0.0785
-22.5	237.867	0.103177	0.0993
-18.0	237.867	0.103901	0.0899
-13.5	237.867	0.0977041	0.0915
-9.0	237.867	0.113472	0.108
-4.5	237.867	0.104277	0.1248
0.0	237.867	0.0879001	0.0688
4.5	237.867	0.101029	0.0816
9.0	237.867	0.0949872	0.0872
13.5	237.867	0.0823779	0.0632
18.0	237.867	0.094167	0.0923
22.5	237.867	0.0787859	0.0796
27.0	237.867	0.0917764	0.1029
31.5	237.867	0.0832019	0.0764
36.0	237.867	0.0831561	0.0786
40.5	237.867	0.106635	0.2414
45.0	237.867	0.0762138	0.0832
49.5	237.867	0.0768046	0.0785
54.0	237.867	0.126591	0.2482
58.5	237.867	0.0725375	0.0893
63.0	237.867	0.0758562	0.0866
67.5	237.867	0.0795631	0.0833
72.0	237.867	0.0865525	0.1446
76.5	237.867	0.06599	0.0664
81.0	237.867	0.0689445	0.0666
85.5	237.867	0.0686877	0.096
90.0	237.867	0.0687019	0.0719
94.5	237.867	0.0732624	0.0909
99.0	237.867	0.0584916	0.066
103.5	237.867	0.0624989	0.0913
108.0	237.867	0.0580096	0.0897
112.5	237.867	0.0560052	0.0947
117.0	237.867	0.0551358	0.0696
121.5	237.867	0.0468161	0.0655
126.0	237.867	0.0498157	0.1467
130.5	237.867	0.0482824	0.079
135.0	237.867	0.0490451	0.155
139.5	237.867	0.0489815	0.257
144.0	237.867	0.0407625	0.0868
148.5	237.867	0.0453666	0.0937
153.0	237.867	0.0399394	0.0908
157.5	237.867	0.0477771	0.1731
162.0	237.867	0.0428192	0.0866
166.5	237.867	0.0412757	0.0779
171.0	237.867	0.0424791	0.1287
175.5	237.867	0.0374374	0.1002
180.0	237.867	0.0334654	0.0993
184.5	237.867	0.0464037	0.2472
189.0	237.867	0.0321829	0.1121
193.5	237.867	0.0422727	0.2734
198.0	237.867	0.026309	0.1019
202.5	237.867	0.0272268	0.1077
207.0	237.867	0.0310695	0.1501
211.5	237.867	0.0252343	0.1057
216.0	237.867	0.0260703	0.1314
220.5	237.867	0.0253081	0.1059
225.0	237.867	0.0231478	0.0942
229.5	237.867	0.0246834	0.1527
234.0	237.867	0.0411652	0.4019
238.5	237.867	0.0269852	0.1576
243.0	237.867	0.0226904	0.1519
247.5	237.867	0.0208673	0.106
252.0	237.867	0.0200486	0.0995
256.5	237.867	0.0209108	0.1237
261.0	237.867	0.0190202	0.1089
265.5	237.867	0.0216865	0.1128
270.0	237.867	0.0215453	0.1946
274.5	237.867	0.0196487	0.2037
279.0	237.867	0.0181514	0.131
283.5	237.867	0.0199019	0.1365
288.0	237.867	0.0330346	0.2957
292.5	237.867	0.0200899	0.1439
297.0	237.867	0.0268088	0.1834
301.5	237.867	0.0182301	0.1238
306.0	237.867	0.0294473	0.4212
310.5	237.867	0.0166778	0.1322
315.0	237.867	0.0169025	0.1234
319.5	237.867	0.0172449	0.1282
324.0	237.867	0.0187792	0.1994
328.5	237.867	0.0223909	0.3477
333.0	237.867	0.0185813	0.1344
337.5	237.867	0.0166025	0.152
342.0	237.867	0.0190491	0.1695
346.5	237.867	0.0171057	0.1577
351.0	237.867	0.0229714	0.213
355.5	237.867	0.0169399	0.1535
360.0	237.867	0.0193687	0.149
364.5	237.867	0.0153113	0.1425
369.0	237.867	0.0185643	0.2
373.5	237.867	0.0145623	0.164
378.0	237.867	0.0188989	0.2341
382.5	237.867	0.0180257	0.1685
387.0	237.867	0.0137297	0.2473
391.5	237.867	0.0141977	0.2673
396.0	237.867	0.0218174	0.254
400.5	237.867	0.0161203	0.33
405.0	237.867	0.015223	0.2248
409.5	237.867	0.0205391	0.2395
414.0	237.867	0.0139986	0.191
418.5	237.867	0.00840053	0.1573
423.0	237.867	0.0109039	0.1662
427.5	237.867	0.0129096	0.1742
432.0	237.867	0.0157612	0.2115
436.5	237.867	0.0241048	0.1985
441.0	237.867	0.0216937	0.2555
445.5	237.867	0.0154117	0.1609
-450.0	240.433	0.0100948	0.3098
-445.5	240.433	0.00848816	0.186
-441.0	240.433	0.00865081	0.1483
-436.5	240.433	0.00856613	0.1806
-432.0	240.433	0.0039374	0.1831
-427.5	240.433	0.00633923	0.2224
-423.0	240.433	0.00582514	0.2564
-418.5	240.433	0.00559154	0.2071
-414.0	240.433	0.00616071	0.1874
-409.5	240.433	0.00513335	0.2047
-405.0	240.433	0.00608403	0.2237
-400.5	240.433	0.0120716	0.2371
-396.0	240.433	0.00770192	0.2007
-391.5	240.433	0.00991126	0.2052
-387.0	240.433	0.0132875	0.4523
-382.5	240.433	0.0100381	0.3565
-378.0	240.433	0.0103575	0.2557
-373.5	240.433	0.00736303	0.1491
-369.0	240.433	0.00878916	0.182
-364.5	240.433	0.00933974	0.1889
-360.0	240.433	0.0104414	0.1409
-355.5	240.433	0.00973628	0.1481
-351.0	240.433	0.0163763	0.2605
-346.5	240.433	0.0145512	0.2942
-342.0	240.433	0.0178932	0.2991
-337.5	240.433	0.0119175	0.1265
-333.0	240.433	0.0103848	0.1377
-328.5	240.433	0.0118904	0.1461
-324.0	240.433	0.0143365	0.1615
-319.5	240.433	0.0155194	0.2189
-315.0	240.433	0.0101218	0.1377
-310.5	240.433	0.0129404	0.1212
-306.0	240.433	0.013729	0.1292
-301.5	240.433	0.0143905	0.1561
-297.0	240.433	0.0123671	0.1112
-292.5	240.433	0.016027	0.13
-288.0	240.433	0.0192738	0.1421
-283.5	240.433	0.0242083	0.4065
-279.0	240.433	0.0220568	0.1435
-274.5	240.433	0.017334	0.139
-270.0	240.433	0.0184549	0.1618
-265.5	240.433	0.0215252	0.1604
-261.0	240.433	0.0208562	0.1178
-256.5	240.433	0.0245282	0.1133
-252.0	240.433	0.0215703	0.1164
-247.5	240.433	0.0223928	0.1438
-243.0	240.433	0.0240423	0.1096
-238.5	240.433	0.0287923	0.1978
-234.0	240.433	0.0289982	0.135
-229.5	240.433	0.02433	0.1064
-225.0	240.433	0.0238641	0.0945
-220.5	240.433	0.0259213	0.0915
-216.0	240.433	0.0355662	0.1405
-211.5	240.433	0.032728	0.1147
-207.0	240.433	0.0336142	0.0884
-202.5	240.433	0.0349059	0.098
-198.0	240.433	0.0383781	0.1311
-193.5	240.433	0.037517	0.0951
-189.0	240.433	0.0348974	0.0826
-184.5	240.433	0.0423044	0.0936
-180.0	240.433	0.0477114	0.1291
-175.5	240.433	0.0377179	0.0824
-171.0	240.433	0.0446782	0.0957
-166.5	240.433	0.043208	0.0983
-162.0	240.433	0.0685475	0.2359
-157.5	240.433	0.0429392	0.1193
-153.0	240.433	0.045474	0.0979
-148.5	240.433	0.0447826	0.0897
-144.0	240.433	0.0464233	0.0862
-139.5	240.433	0.0588324	0.1591
-135.0	240.433	0.0740435	0.1819
-130.5	240.433	0.0582278	0.1169
-126.0	240.433	0.0649259	0.1082
-121.5	240.433	0.0505773	0.0692
-117.0	240.433	0.0612433	0.081
-112.5	240.433	0.0935907	0.3621
-108.0	240.433	0.0643061	0.1188
-103.5	240.433	0.0796608	0.1127
-99.0	240.433	0.0846176	0.1092
-94.5	240.433	0.0778626	0.0914
-90.0	240.433	0.0663813	0.0862
-85.5	240.433	0.0728363	0.1011
-81.0	240.433	0.0894563	0.1195
-76.5	240.433	0.0635132	0.0679
-72.0	240.433	0.0694327	0.0936
-67.5	240.433	0.0846574	0.0947
-63.0	240.433	0.0715739	0.0726
-58.5	240.433	0.10442	0.1854
-54.0	240.433	0.0651086	0.0688
-49.5	240.433	0.0664404	0.0822
-45.0	240.433	0.0809069	0.1034
-40.5	240.433	0.090878	0.0939
-36.0	240.433	0.0967721	0.1058
-31.5	240.433	0.0878688	0.0832
-27.0	240.433	0.0926493	0.1431
-22.5	240.433	0.111899	0.1907
-18.0	240.433	0.0976424	0.1066
-13.5	240.433	0.0874429	0.08
-9.0	240.433	0.112274	0.1209
-4.5	240.433	0.107871	0.1437
0.0	240.433	0.103242	0.1052
4.5	240.433	0.0919337	0.0953
9.0	240.433	0.102532	0.1385
13.5	240.433	0.0919024	0.0762
18.0	240.433	0.0906992	0.1171
22.5	240.433	0.0786862	0.0792
27.0	240.433	0.0964499	0.1317
31.5	240.433	0.098406	0.1808
36.0	240.433	0.122714	0.2076
40.5	240.433	0.0772856	0.1048
45.0	240.433	0.069779	0.0986
49.5	240.433	0.076384	0.068
54.0	240.433	0.0930269	0.102
58.5	240.433	0.0678173	0.0775
63.0	240.433	0.0913011	0.2019
67.5	240.433	0.0678494	0.079
72.0	240.433	0.069326	0.0971
76.5	240.433	0.0803681	0.1708
81.0	240.433	0.0620183	0.0766
85.5	240.433	0.0704841	0.1005
90.0	240.433	0.0731678	0.0881
94.5	240.433	0.0609428	0.1028
99.0	240.433	0.0598039	0.0951
103.5	240.433	0.0729709	0.1885
108.0	240.433	0.0562613	0.0986
112.5	240.433	0.0650866	0.1898
117.0	240.433	0.0508705	0.0877
121.5	240.433	0.0554399	0.1164
126.0	240.433	0.0546891	0.1774
130.5	240.433	0.0558036	0.1271
135.0	240.433	0.0400334	0.1035
139.5	240.433	0.0490854	0.1371
144.0	240.433	0.0619963	0.2421
148.5	240.433	0.0394421	0.1095
153.0	240.433	0.0359031	0.0831
157.5	240.433	0.0359269	0.0815
162.0	240.433	0.0358746	0.1151
166.5	240.433	0.0352735	0.1006
171.0	240.433	0.0409477	0.1148
175.5	240.433	0.0395227	0.1272
180.0	240.433	0.0372563	0.1407
184.5	240.433	0.0288651	0.0931
189.0	240.433	0.0314353	0.1062
193.5	240.433	0.0417817	0.2784
198.0	240.433	0.029485	0.1127
202.5	240.433	0.0337668	0.1652
207.0	240.433	0.0320595	0.1292
211.5	240.433	0.0239696	0.0895
216.0	240.433	0.0291738	0.1369
220.5	240.433	0.0260499	0.125
225.0	240.433	0.0208089	0.1041
229.5	240.433	0.018994	0.1063
234.0	240.433	0.0278134	0.1652
238.5	240.433	0.023953	0.1501
243.0	240.433	0.0314781	0.1804
247.5	240.433	0.0167608	0.1036
252.0	240.433	0.0170056	0.0976
256.5	240.433	0.0198278	0.1325
261.0	240.433	0.0156102	0.1098
265.5	240.433	0.0181817	0.1174
270.0	240.433	0.0157027	0.1311
274.5	240.433	0.0187096	0.1709
279.0	240.433	0.0321563	0.2532
283.5	240.433	0.0244593	0.2531
288.0	240.433	0.0182761	0.1797
292.5	240.433	0.0196775	0.188
297.0	240.433	0.0164908	0.1113
301.5	240.433	0.0149344	0.1243
306.0	240.433	0.0163652	0.1159
310.5	240.433	0.0217036	0.1765
315.0	240.433	0.0181782	0.1863
319.5	240.433	0.014917	0.1237
324.0	240.433	0.0151912	0.1137
328.5	240.433	0.0321397	0.3359
333.0	240.433	0.0168215	0.1283
337.5	240.433	0.0165201	0.1425
342.0	240.433	0.0151147	0.1522
346.5	240.433	0.0164051	0.1743
351.0	240.433	0.0207962	0.144
355.5	240.433	0.0207642	0.2107
360.0	240.433	0.0172369	0.1786
364.5	240.433	0.0152053	0.133
369.0	240.433	0.0159174	0.1872
373.5	240.433	0.0161725	0.1775
378.0	240.433	0.0252365	0.3925
382.5	240.433	0.0119756	0.1596
387.0	240.433	0.0126519	0.2064
391.5	240.433	0.0269015	0.5519
396.0	240.433	0.0147078	0.2
400.5	240.433	0.0105879	0.1996
405.0	240.433	0.00933218	0.1733
409.5	240.433	0.0102927	0.2004
414.0	240.433	0.0127624	0.157
418.5	240.433	0.00920072	0.2645
423.0	240.433	0.0218234	0.4122
427.5	240.433	0.0111509	0.1952
432.0	240.433	0.0126113	0.1684
436.5	240.433	0.01202	0.1552
441.0	240.433	0.0134337	0.2268
445.5	240.433	0.0141469	0.1737
-450.0	243.0	0.00862089	0.1676
-445.5	243.0	0.00769435	0.2307
-441.0	243.0	0.00859413	0.213
-436.5	243.0	0.00497106	0.186
-432.0	243.0	0.00690821	0.3111
-427.5	243.0	0.00919294	0.3154
-423.0	243.0	0.0049122	0.2538
-418.5	243.0	0.00608307	0.2049
-414.0	243.0	0.00643333	0.2298
-409.5	243.0	0.00668101	0.2323
-405.0	243.0	0.00495995	0.2411
-400.5	243.0	0.00418433	0.2
-396.0	243.0	0.00627457	0.2085
-391.5	243.0	0.00539655	0.189
-387.0	243.0	0.0107059	0.1911
-382.5	243.0	0.00724322	0.1731
-378.0	243.0	0.00889487	0.1523
-373.5	243.0	0.00951344	0.1511
-369.0	243.0	0.0100356	0.3704
-364.5	243.0	0.0124525	0.196
-360.0	243.0	0.011134	0.2124
-355.5	243.0	0.0123883	0.3145
-351.0	243.0	0.0144679	0.2286
-346.5	243.0	0.0139781	0.1806
-342.0	243.0	0.0122578	0.2168
-337.5	243.0	0.00952386	0.2014
-333.0	243.0	0.0120919	0.1624
-328.5	243.0	0.0137871	0.2243
-324.0	243.0	0.0129714	0.1559
-319.5	243.0	0.011044	0.1253
-315.0	243.0	0.0124376	0.172
-310.5	243.0	0.0142072	0.1698
-306.0	243.0	0.0180599	0.2396
-301.5	243.0	0.0133593	0.1527
-297.0	243.0	0.0166301	0.1409
-292.5	243.0	0.0137033	0.1377
-288.0	243.0	0.0139422	0.1277
-283.5	243.0	0.0159583	0.1861
-279.0	243.0	0.0196696	0.1805
-274.5	243.0	0.0315911	0.3179
-270.0	243.0	0.0189045	0.1612
-265.5	243.0	0.0203522	0.1563
-261.0	243.0	0.0185099	0.1295
-256.5	243.0	0.0179117	0.1071
-252.0	243.0	0.0245496	0.1482
-247.5	243.0	0.0208255	0.1069
-243.0	243.0	0.0297786	0.1882
-238.5	243.0	0.0238393	0.1011
-234.0	243.0	0.0370021	0.2011
-229.5	243.0	0.0301858	0.1984
-225.0	243.0	0.023252	0.1055
-220.5	243.0	0.0222756	0.0933
-216.0	243.0	0.0311302	0.1381
-211.5	243.0	0.027805	0.1274
-207.0	243.0	0.0313645	0.122
-202.5	243.0	0.033506	0.0924
-198.0	243.0	0.0409478	0.1406
-193.5	243.0	0.033191	0.0951
-189.0	243.0	0.0321046	0.0955
-184.5	243.0	0.0399596	0.088
-180.0	243.0	0.0434284	0.1454
-175.5	243.0	0.0409704	0.1154
-171.0	243.0	0.0482311	0.1158
-166.5	243.0	0.0449901	0.0887
-162.0	243.0	0.0418234	0.084
-157.5	243.0	0.0467311	0.1546
-153.0	243.0	0.0476682	0.1113
-148.5	243.0	0.0579694	0.1542
-144.0	243.0	0.046532	0.0861
-139.5	243.0	0.0468739	0.094
-135.0	243.0	0.0620086	0.1753
-130.5	243.0	0.0583704	0.173
-126.0	243.0	0.0497211	0.078
-121.5	243.0	0.0478028	0.1071
-117.0	243.0	0.0466022	0.0754
-112.5	243.0	0.0721848	0.144
-108.0	243.0	0.0535145	0.0808
-103.5	243.0	0.0581404	0.0876
-99.0	243.0	0.0589709	0.0765
-94.5	243.0	0.0862086	0.2332
-90.0	243.0	0.0661048	0.1098
-85.5	243.0	0.0635685	0.0803
-81.0	243.0	0.0668532	0.0839
-76.5	243.0	0.065912	0.096
-72.0	243.0	0.0645351	0.0829
-67.5	243.0	0.0730299	0.1074
-63.0	243.0	0.0657334	0.0942
-58.5	243.0	0.0838628	0.1285
-54.0	243.0	0.0910298	0.1341
-49.5	243.0	0.0752746	0.0735
-45.0	243.0	0.073597	0.0951
-40.5	243.0	0.0819728	0.1268
-36.0	243.0	0.0759521	0.0688
-31.5	243.0	0.0748631	0.0731
-27.0	243.0	0.0883179	0.1093
-22.5	243.0	0.0864422	0.0878
-18.0	243.0	0.100563	0.1312
-13.5	243.0	0.0892393	0.0799
-9.0	243.0	0.105105	0.2609
-4.5	243.0	0.119099	0.1962
0.0	243.0	0.0851477	0.0956
4.5	243.0	0.078836	0.1222
9.0	243.0	0.0764432	0.0779
13.5	243.0	0.075936	0.0734
18.0	243.0	0.0823878	0.2421
22.5	243.0	0.0681934	0.0744
27.0	243.0	0.0891253	0.212
31.5	243.0	0.0754123	0.0992
36.0	243.0	0.077049	0.1218
40.5	243.0	0.0852277	0.1085
45.0	243.0	0.0671083	0.0692
49.5	243.0	0.0821274	0.1065
54.0	243.0	0.0846254	0.1285
58.5	243.0	0.0702733	0.102
63.0	243.0	0.0635653	0.0758
67.5	243.0	0.0711071	0.0971
72.0	243.0	0.0633442	0.0827
76.5	243.0	0.065881	0.1221
81.0	243.0	0.0734192	0.2297
85.5	243.0	0.0521109	0.0956
90.0	243.0	0.060688	0.1259
94.5	243.0	0.0579002	0.0893
99.0	243.0	0.0658292	0.1738
103.5	243.0	0.0724867	0.2475
108.0	243.0	0.0579416	0.1032
112.5	243.0	0.0461193	0.0949
117.0	243.0	0.074575	0.325
121.5	243.0	0.0507569	0.0901
126.0	243.0	0.0446212	0.0822
130.5	243.0	0.0450715	0.0768
135.0	243.0	0.0507845	0.1616
139.5	243.0	0.0407512	0.1119
144.0	243.0	0.0472922	0.1345
148.5	243.0	0.0355155	0.0859
153.0	243.0	0.0394905	0.1076
157.5	243.0	0.0335741	0.0969
162.0	243.0	0.0356803	0.1127
166.5	243.0	0.0267836	0.0869
171.0	243.0	0.0337165	0.1113
175.5	243.0	0.0405861	0.178
180.0	243.0	0.0266004	0.0803
184.5	243.0	0.0318016	0.1072
189.0	243.0	0.0257339	0.1249
193.5	243.0	0.0357255	0.1339
198.0	243.0	0.0332168	0.2173
202.5	243.0	0.0308921	0.161
207.0	243.0	0.0200931	0.1033
211.5	243.0	0.0222965	0.1781
216.0	243.0	0.0290647	0.2156
220.5	243.0	0.0250556	0.151
225.0	243.0	0.0249798	0.2365
229.5	243.0	0.0169224	0.0983
234.0	243.0	0.0192872	0.0935
238.5	243.0	0.0177141	0.1161
243.0	243.0	0.0223101	0.1824
247.5	243.0	0.0229271	0.1408
252.0	243.0	0.0224291	0.1443
256.5	243.0	0.0180885	0.1278
261.0	243.0	0.015647	0.1108
265.5	243.0	0.0287408	0.4121
270.0	243.0	0.0161539	0.1337
274.5	243.0	0.0178149	0.1497
279.0	243.0	0.0155763	0.1673
283.5	243.0	0.0167852	0.1072
288.0	243.0	0.0208161	0.1599
292.5	243.0	0.0190935	0.1984
297.0	243.0	0.0169103	0.17
301.5	243.0	0.0314942	0.4527
306.0	243.0	0.0156409	0.1228
310.5	243.0	0.017081	0.1502
315.0	243.0	0.0168256	0.1468
319.5	243.0	0.0144552	0.1896
324.0	243.0	0.0319158	0.3385
328.5	243.0	0.0216941	0.2375
333.0	243.0	0.0199997	0.3024
337.5	243.0	0.0191078	0.2542
342.0	243.0	0.0159242	0.1337
346.5	243.0	0.020002	0.1995
351.0	243.0	0.0152254	0.1854
355.5	243.0	0.0147954	0.2585
360.0	243.0	0.0121983	0.1788
364.5	243.0	0.0194558	0.2314
369.0	243.0	0.0124248	0.1518
373.5	243.0	0.0146441	0.1927
378.0	243.0	0.0213138	0.2834
382.5	243.0	0.0111566	0.1613
387.0	243.0	0.0093932	0.1478
391.5	243.0	0.00957866	0.164
396.0	243.0	0.0095532	0.1617
400.5	243.0	0.0076984	0.176
405.0	243.0	0.00791815	0.1848
409.5	243.0	0.0109064	0.2067
414.0	243.0	0.00924379	0.1958
418.5	243.0	0.00713111	0.2496
423.0	243.0	0.010987	0.2086
427.5	243.0	0.0118977	0.3167
432.0	243.0	0.014014	0.2186
436.5	243.0	0.0150038	0.2191
441.0	243.0	0.0166433	0.287
445.5	243.0	0.0103479	0.1406
-450.0	245.567	0.00693936	0.1737
-445.5	245.567	0.00377938	0.2436
-441.0	245.567	0.0103819	0.2957
-436.5	245.567	0.00678853	0.3763
-432.0	245.567	0.00619596	0.2511
-427.5	245.567	0.00654747	0.2422
-423.0	245.567	0.00677184	0.2721
-418.5	245.567	0.00780905	0.299
-414.0	245.567	0.0065533	0.2807
-409.5	245.567	0.0041398	0.2279
-405.0	245.567	0.00432796	0.2853
-400.5	245.567	0.00729698	0.26
-396.0	245.567	0.00781726	0.215
-391.5	245.567	0.0083182	0.1612
-387.0	245.567	0.0103981	0.3305
-382.5	245.567	0.00991645	0.2007
-378.0	245.567	0.00712191	0.1451
-373.5	245.567	0.0103302	0.1795
-369.0	245.567	0.0107359	0.2679
-364.5	245.567	0.0107232	0.2706
-360.0	245.567	0.0119534	0.1594
-355.5	245.567	0.00980063	0.1671
-351.0	245.567	0.00991449	0.1612
-346.5	245.567	0.0110654	0.1536
-342.0	245.567	0.00703808	0.1414
-337.5	245.567	0.00932959	0.1431
-333.0	245.567	0.0110154	0.1997
-328.5	245.567	0.010913	0.1699
-324.0	245.567	0.0120443	0.1477
-319.5	245.567	0.0123511	0.1598
-315.0	245.567	0.00808018	0.1238
-310.5	245.567	0.0172299	0.1927
-306.0	245.567	0.0117909	0.1367
-301.5	245.567	0.0148517	0.1782
-297.0	245.567	0.01229	0.1117
-292.5	245.567	0.013327	0.1163
-288.0	245.567	0.0116035	0.1358
-283.5	245.567	0.0155107	0.1222
-279.0	245.567	0.0133225	0.1143
-274.5	245.567	0.0242854	0.3159
-270.0	245.567	0.0132371	0.1486
-265.5	245.567	0.0237679	0.2043
-261.0	245.567	0.033187	0.4036
-256.5	245.567	0.0165953	0.1467
-252.0	245.567	0.0201743	0.1439
-247.5	245.567	0.0198993	0.1661
-243.0	245.567	0.0215351	0.126
-238.5	245.567	0.0206442	0.1102
-234.0	245.567	0.0200785	0.1366
-229.5	245.567	0.0207622	0.1082
-225.0	245.567	0.0265386	0.1377
-220.5	245.567	0.0275624	0.1572
-216.0	245.567	0.0232272	0.1359
-211.5	245.567	0.024795	0.126
-207.0	245.567	0.0289738	0.1218
-202.5	245.567	0.0353509	0.1158
-198.0	245.567	0.0330068	0.1108
-193.5	245.567	0.026561	0.0885
-189.0	245.567	0.0324871	0.1031
-184.5	245.567	0.0423182	0.1079
-180.0	245.567	0.0368702	0.0969
-175.5	245.567	0.0438298	0.2532
-171.0	245.567	0.042219	0.0986
-166.5	245.567	0.0428199	0.0912
-162.0	245.567	0.0391634	0.0851
-157.5	245.567	0.0400639	0.0891
-153.0	245.567	0.0447427	0.1155
-148.5	245.567	0.0438588	0.0927
-144.0	245.567	0.0541606	0.1136
-139.5	245.567	0.0428292	0.0777
-135.0	245.567	0.0440188	0.0789
-130.5	245.567	0.0572325	0.1056
-126.0	245.567	0.0480495	0.0974
-121.5	245.567	0.0508508	0.0962
-117.0	245.567	0.0624333	0.1205
-112.5	245.567	0.0617583	0.0986
-108.0	245.567	0.0586401	0.1466
-103.5	245.567	0.065423	0.1304
-99.0	245.567	0.0482909	0.0698
-94.5	245.567	0.062409	0.227
-90.0	245.567	0.0640248	0.1855
-85.5	245.567	0.0542259	0.0737
-81.0	245.567	0.0793991	0.1784
-76.5	245.567	0.0589942	0.0987
-72.0	245.567	0.0548435	0.0741
-67.5	245.567	0.0707624	0.0972
-63.0	245.567	0.0706416	0.1664
-58.5	245.567	0.0728815	0.0884
-54.0	245.567	0.0781689	0.1895
-49.5	245.567	0.0621423	0.0818
-45.0	245.567	0.0906416	0.1931
-40.5	245.567	0.0885641	0.1573
-36.0	245.567	0.0823384	0.1329
-31.5	245.567	0.078228	0.1043
-27.0	245.567	0.0743876	0.093
-22.5	245.567	0.0741867	0.1037
-18.0	245.567	0.0733272	0.1499
-13.5	245.567	0.0739244	0.0873
-9.0	245.567	0.0852945	0.108
-4.5	245.567	0.101956	0.1323
0.0	245.567	0.072502	0.0932
4.5	245.567	0.0844933	0.1053
9.0	245.567	0.0683166	0.074
13.5	245.567	0.0632348	0.0669
18.0	245.567	0.0799003	0.1929
22.5	245.567	0.0719378	0.1039
27.0	245.567	0.0658059	0.0763
31.5	245.567	0.0628601	0.0675
36.0	245.567	0.0713453	0.0905
40.5	245.567	0.0980168	0.2197
45.0	245.567	0.0593661	0.0768
49.5	245.567	0.0852831	0.1718
54.0	245.567	0.0555066	0.0694
58.5	245.567	0.0663373	0.0849
63.0	245.567	0.0782234	0.1806
67.5	245.567	0.0659695	0.1009
72.0	245.567	0.0631245	0.1566
76.5	245.567	0.0711087	0.1452
81.0	245.567	0.0624614	0.0857
85.5	245.567	0.0527823	0.091
90.0	245.567	0.0552895	0.0974
94.5	245.567	0.0474945	0.083
99.0	245.567	0.0641338	0.1653
103.5	245.567	0.0558459	0.137
108.0	245.567	0.0456539	0.1096
112.5	245.567	0.0489862	0.0891
117.0	245.567	0.0436522	0.0868
121.5	245.567	0.0393128	0.0949
126.0	245.567	0.0483262	0.1289
130.5	245.567	0.0473158	0.1523
135.0	245.567	0.0344978	0.0843
139.5	245.567	0.0371825	0.1075
144.0	245.567	0.0380937	0.0875
148.5	245.567	0.0497996	0.1771
153.0	245.567	0.0446266	0.1981
157.5	245.567	0.0327218	0.1122
162.0	245.567	0.0437857	0.1822
166.5	245.567	0.0363895	0.1034
171.0	245.567	0.0275021	0.0966
175.5	245.567	0.031544	0.1774
180.0	245.567	0.0285838	0.1839
184.5	245.567	0.0290578	0.112
189.0	245.567	0.0278123	0.1381
193.5	245.567	0.0270777	0.2225
198.0	245.567	0.0471134	0.4506
202.5	245.567	0.0218956	0.1139
207.0	245.567	0.0234323	0.1114
211.5	245.567	0.0281602	0.2554
216.0	245.567	0.0217341	0.1239
220.5	245.567	0.0236494	0.1708
225.0	245.567	0.0277667	0.1697
229.5	245.567	0.0230898	0.1347
234.0	245.567	0.0177283	0.1166
238.5	245.567	0.0165497	0.106
243.0	245.567	0.0155511	0.1229
247.5	245.567	0.020028	0.1047
252.0	245.567	0.0202667	0.1468
256.5	245.567	0.0151713	0.1167
261.0	245.567	0.0304063	0.4676
265.5	245.567	0.0209092	0.162
270.0	245.567	0.0236202	0.1623
274.5	245.567	0.0151247	0.1185
279.0	245.567	0.0159753	0.1225
283.5	245.567	0.0136406	0.1229
288.0	245.567	0.0163926	0.1658
292.5	245.567	0.0150147	0.1825
297.0	245.567	0.0102167	0.1303
301.5	245.567	0.0185822	0.1357
306.0	245.567	0.0199818	0.1595
310.5	245.567	0.0204409	0.1818
315.0	245.567	0.0202993	0.2548
319.5	245.567	0.0151565	0.233
324.0	245.567	0.0117888	0.168
328.5	245.567	0.011526	0.147
333.0	245.567	0.0176505	0.3322
337.5	245.567	0.0144833	0.1604
342.0	245.567	0.0137156	0.1382
346.5	245.567	0.0141014	0.1623
351.0	245.567	0.0125294	0.137
355.5	245.567	0.013632	0.1417
360.0	245.567	0.017589	0.4934
364.5	245.567	0.0150168	0.2117
369.0	245.567	0.00812452	0.1607
373.5	245.567	0.0174797	0.2137
378.0	245.567	0.0180218	0.3798
382.5	245.567	0.0151264	0.1783
387.0	245.567	0.0093112	0.1524
391.5	245.567	0.0121707	0.1444
396.0	245.567	0.0180718	0.3994
400.5	245.567	0.00836806	0.189
405.0	245.567	0.0136682	0.2569
409.5	245.567	0.0086454	0.2426
414.0	245.567	0.00777623	0.2197
418.5	245.567	0.0150055	0.3716
423.0	245.567	0.00971964	0.1712
427.5	245.567	0.0105038	0.1675
432.0	245.567	0.0096222	0.1935
436.5	245.567	0.011623	0.1935
441.0	245.567	0.0133535	0.1739
445.5	245.567	0.0217792	0.5651
-450.0	248.133	0.00699331	0.1727
-445.5	248.133	0.00742357	0.159
-441.0	248.133	0.00563325	0.1746
-436.5	248.133	0.00511491	0.1999
-432.0	248.133	0.00504766	0.2469
-427.5	248.133	0.00866553	0.5818
-423.0	248.133	0.00440422	0.2199
-418.5	248.133	0.00484034	0.1835
-414.0	248.133	0.00369279	0.1928
-409.5	248.133	0.00444486	0.2068
-405.0	248.133	0.00430377	0.2005
-400.5	248.133	0.00556861	0.1897
-396.0	248.133	0.00926886	0.2226
-391.5	248.133	0.006962	0.2333
-387.0	248.133	0.00450559	0.2357
-382.5	248.133	0.0104532	0.3786
-378.0	248.133	0.0117268	0.2112
-373.5	248.133	0.0094796	0.2485
-369.0	248.133	0.0102674	0.2074
-364.5	248.133	0.0126141	0.1678
-360.0	248.133	0.0107468	0.1944
-355.5	248.133	0.0133024	0.1939
-351.0	248.133	0.00810575	0.1855
-346.5	248.133	0.00803412	0.1903
-342.0	248.133	0.00923605	0.1576
-337.5	248.133	0.0100391	0.1532
-333.0	248.133	0.00897374	0.1426
-328.5	248.133	0.00993641	0.1764
-324.0	248.133	0.00915918	0.1697
-319.5	248.133	0.00937408	0.1299
-315.0	248.133	0.010238	0.1489
-310.5	248.133	0.0107813	0.1343
-306.0	248.133	0.0101373	0.1592
-301.5	248.133	0.0104159	0.1246
-297.0	248.133	0.0117009	0.1378
-292.5	248.133	0.0157372	0.1592
-288.0	248.133	0.0133886	0.2349
-283.5	248.133	0.0122881	0.1112
-279.0	248.133	0.0109946	0.1207
-274.5	248.133	0.0150479	0.1735
-270.0	248.133	0.0194533	0.3016
-265.5	248.133	0.0162189	0.1105
-261.0	248.133	0.0132717	0.1156
-256.5	248.133	0.0281331	0.3708
-252.0	248.133	0.0169015	0.0942
-247.5	248.133	0.0229386	0.1404
-243.0	248.133	0.0163222	0.1056
-238.5	248.133	0.0185501	0.1034
-234.0	248.133	0.0170486	0.1232
-229.5	248.133	0.0261642	0.2367
-225.0	248.133	0.0289452	0.1765
-220.5	248.133	0.0282597	0.1574
-216.0	248.133	0.0286065	0.1646
-211.5	248.133	0.0268663	0.1419
-207.0	248.133	0.0287326	0.1428
-202.5	248.133	0.0269159	0.1163
-198.0	248.133	0.027631	0.0997
-193.5	248.133	0.0262123	0.1177
-189.0	248.133	0.0390578	0.1978
-184.5	248.133	0.0292982	0.1391
-180.0	248.133	0.0319029	0.0913
-175.5	248.133	0.0402475	0.1001
-171.0	248.133	0.0410457	0.1593
-166.5	248.133	0.0351386	0.081
-162.0	248.133	0.0443082	0.1636
-157.5	248.133	0.0362911	0.1136
-153.0	248.133	0.0403493	0.0877
-148.5	248.133	0.0415342	0.1004
-144.0	248.133	0.0397227	0.101
-139.5	248.133	0.0380734	0.0979
-135.0	248.133	0.0458472	0.1261
-130.5	248.133	0.0436655	0.106
-126.0	248.133	0.0556638	0.126
-121.5	248.133	0.0480129	0.0989
-117.0	248.133	0.0617971	0.1259
-112.5	248.133	0.0597902	0.105
-108.0	248.133	0.053072	0.1008
-103.5	248.133	0.0489487	0.0864
-99.0	248.133	0.0568972	0.1147
-94.5	248.133	0.0540177	0.1413
-90.0	248.133	0.0565566	0.0908
-85.5	248.133	0.0604818	0.0787
-81.0	248.133	0.0622291	0.1503
-76.5	248.133	0.0690817	0.2545
-72.0	248.133	0.0647208	0.1559
-67.5	248.133	0.0695788	0.1953
-63.0	248.133	0.0592198	0.089
-58.5	248.133	0.0635724	0.0963
-54.0	248.133	0.0625946	0.1315
-49.5	248.133	0.0564797	0.0783
-45.0	248.133	0.0680449	0.1057
-40.5	248.133	0.0826393	0.1544
-36.0	248.133	0.0658513	0.0696
-31.5	248.133	0.0666314	0.1018
-27.0	248.133	0.0834599	0.1431
-22.5	248.133	0.0660675	0.0701
-18.0	248.133	0.0761987	0.0922
-13.5	248.133	0.106868	0.173
-9.0	248.133	0.0783636	0.1155
-4.5	248.133	0.0668908	0.0744
0.0	248.133	0.0726331	0.1186
4.5	248.133	0.0802669	0.1044
9.0	248.133	0.0632221	0.0773
13.5	248.133	0.0617967	0.0828
18.0	248.133	0.0632799	0.1007
22.5	248.133	0.0782703	0.1371
27.0	248.133	0.0716675	0.1214
31.5	248.133	0.0486921	0.0795
36.0	248.133	0.0577143	0.0842
40.5	248.133	0.0626324	0.1049
45.0	248.133	0.0609265	0.1162
49.5	248.133	0.0658912	0.1112
54.0	248.133	0.0557301	0.0853
58.5	248.133	0.065849	0.0899
63.0	248.133	0.060941	0.0981
67.5	248.133	0.0582153	0.1002
72.0	248.133	0.0568308	0.1187
76.5	248.133	0.0549146	0.1331
81.0	248.133	0.0615561	0.1662
85.5	248.133	0.0668241	0.1593
90.0	248.133	0.0672422	0.1444
94.5	248.133	0.0531825	0.136
99.0	248.133	0.0475417	0.0799
103.5	248.133	0.0536411	0.1764
108.0	248.133	0.0527627	0.1523
112.5	248.133	0.0464492	0.1415
117.0	248.133	0.0478658	0.2174
121.5	248.133	0.0394178	0.0845
126.0	248.133	0.0410377	0.1007
130.5	248.133	0.0335222	0.0871
135.0	248.133	0.042107	0.1445
139.5	248.133	0.0402246	0.1157
144.0	248.133	0.039173	0.0997
148.5	248.133	0.049082	0.2649
153.0	248.133	0.0345432	0.0931
157.5	248.133	0.0263246	0.0896
162.0	248.133	0.0471247	0.2134
166.5	248.133	0.0295869	0.098
171.0	248.133	0.0318203	0.1414
175.5	248.133	0.0245977	0.1264
180.0	248.133	0.0233347	0.1392
184.5	248.133	0.0318272	0.1781
189.0	248.133	0.0324017	0.1554
193.5	248.133	0.028866	0.1348
198.0	248.133	0.0195619	0.122
202.5	248.133	0.0297362	0.2448
207.0	248.133	0.0217022	0.127
211.5	248.133	0.0190686	0.1045
216.0	248.133	0.0158197	0.1194
220.5	248.133	0.0230354	0.1716
225.0	248.133	0.0369187	0.5153
229.5	248.133	0.0222541	0.1399
234.0	248.133	0.0130013	0.0985
238.5	248.133	0.0237131	0.3028
243.0	248.133	0.0185235	0.1693
247.5	248.133	0.0205678	0.1337
252.0	248.133	0.0228309	0.3405
256.5	248.133	0.0215163	0.2169
261.0	248.133	0.0254763	0.2429
265.5	248.133	0.0146458	0.1342
270.0	248.133	0.0189004	0.2029
274.5	248.133	0.0207258	0.3598
279.0	248.133	0.0143856	0.1312
283.5	248.133	0.0152217	0.1438
288.0	248.133	0.016978	0.1622
292.5	248.133	0.00873969	0.1125
297.0	248.133	0.00988479	0.1356
301.5	248.133	0.0173624	0.1706
306.0	248.133	0.0142895	0.1215
310.5	248.133	0.0118662	0.1782
315.0	248.133	0.0160789	0.1486
319.5	248.133	0.0204295	0.2973
324.0	248.133	0.0182973	0.3882
328.5	248.133	0.0126877	0.2047
333.0	248.133	0.0141447	0.2671
337.5	248.133	0.0142551	0.15
342.0	248.133	0.0163327	0.3384
346.5	248.133	0.0116429	0.1413
351.0	248.133	0.0156503	0.1736
355.5	248.133	0.010824	0.1316
360.0	248.133	0.0103144	0.1492
364.5	248.133	0.0107021	0.1527
369.0	248.133	0.0144466	0.3163
373.5	248.133	0.0131163	0.185
378.0	248.133	0.0135512	0.1722
382.5	248.133	0.0138231	0.1607
387.0	248.133	0.0277794	0.5513
391.5	248.133	0.00875368	0.2092
396.0	248.133	0.0101244	0.1979
400.5	248.133	0.014394	0.2214
405.0	248.133	0.00955527	0.2184
409.5	248.133	0.0115761	0.362
414.0	248.133	0.0129674	0.3126
418.5	248.133	0.0067538	0.217
423.0	248.133	0.0127131	0.1877
427.5	248.133	0.00829492	0.2708
432.0	248.133	0.00740018	0.2057
436.5	248.133	0.010427	0.1684
441.0	248.133	0.00916217	0.1547
445.5	248.133	0.0205171	0.4663
-450.0	250.7	0.00517723	0.1818
-445.5	250.7	0.00838269	0.2189
-441.0	250.7	0.0062054	0.1877
-436.5	250.7	0.00720354	0.1813
-432.0	250.7	0.00466228	0.1957
-427.5	250.7	0.0096988	0.5015
-423.0	250.7	0.00679203	0.2106
-418.5	250.7	0.0048685	0.2047
-414.0	250.7	0.00764116	0.1738
-409.5	250.7	0.00635633	0.2271
-405.0	250.7	0.00480774	0.2283
-400.5	250.7	0.00489935	0.2724
-396.0	250.7	0.00535232	0.2046
-391.5	250.7	0.00610214	0.2191
-387.0	250.7	0.00495767	0.2128
-382.5	250.7	0.00616593	0.2025
-378.0	250.7	0.00821396	0.2077
-373.5	250.7	0.0172251	0.4032
-369.0	250.7	0.015249	0.4014
-364.5	250.7	0.00943175	0.2356
-360.0	250.7	0.00644249	0.1499
-355.5	250.7	0.00748335	0.1479
-351.0	250.7	0.00929229	0.2114
-346.5	250.7	0.00941759	0.215
-342.0	250.7	0.0109549	0.2389
-337.5	250.7	0.0175467	0.4258
-333.0	250.7	0.00771422	0.1521
-328.5	250.7	0.0106749	0.1756
-324.0	250.7	0.00890619	0.1435
-319.5	250.7	0.00878225	0.1306
-315.0	250.7	0.00871289	0.1298
-310.5	250.7	0.00794539	0.144
-306.0	250.7	0.012764	0.163
-301.5	250.7	0.00948125	0.1292
-297.0	250.7	0.0149697	0.1428
-292.5	250.7	0.00959561	0.1304
-288.0	250.7	0.0111593	0.1733
-283.5	250.7	0.0139411	0.1357
-279.0	250.7	0.01598	0.25
-274.5	250.7	0.0151232	0.1989
-270.0	250.7	0.0131741	0.1246
-265.5	250.7	0.014236	0.1152
-261.0	250.7	0.0140453	0.1192
-256.5	250.7	0.0176158	0.1273
-252.0	250.7	0.0180229	0.1272
-247.5	250.7	0.0233331	0.2457
-243.0	250.7	0.0152469	0.1449
-238.5	250.7	0.017995	0.1239
-234.0	250.7	0.0203239	0.1272
-229.5	250.7	0.0211413	0.124
-225.0	250.7	0.0226207	0.0995
-220.5	250.7	0.0282376	0.1447
-216.0	250.7	0.025247	0.1052
-211.5	250.7	0.021803	0.1314
-207.0	250.7	0.0251611	0.1685
-202.5	250.7	0.027678	0.092
-198.0	250.7	0.0233394	0.0937
-193.5	250.7	0.0219503	0.0917
-189.0	250.7	0.0368774	0.2698
-184.5	250.7	0.0279009	0.0892
-180.0	250.7	0.0361918	0.1866
-175.5	250.7	0.0394515	0.1468
-171.0	250.7	0.0384048	0.2617
-166.5	250.7	0.0363788	0.1069
-162.0	250.7	0.0344422	0.0937
-157.5	250.7	0.0429289	0.1494
-153.0	250.7	0.040064	0.1115
-148.5	250.7	0.0327574	0.0784
-144.0	250.7	0.0397545	0.1048
-139.5	250.7	0.0358104	0.0842
-135.0	250.7	0.0487091	0.1966
-130.5	250.7	0.036376	0.0928
-126.0	250.7	0.0377827	0.0856
-121.5	250.7	0.0423185	0.095
-117.0	250.7	0.0564111	0.1608
-112.5	250.7	0.0494346	0.0997
-108.0	250.7	0.0482857	0.1282
-103.5	250.7	0.0480506	0.1027
-99.0	250.7	0.0612675	0.1245
-94.5	250.7	0.0538117	0.1218
-90.0	250.7	0.049916	0.0753
-85.5	250.7	0.0487155	0.0885
-81.0	250.7	0.071669	0.1874
-76.5	250.7	0.0471094	0.0715
-72.0	250.7	0.063302	0.0923
-67.5	250.7	0.0854409	0.1946
-63.0	250.7	0.0594885	0.0854
-58.5	250.7	0.05471	0.0979
-54.0	250.7	0.0607213	0.1033
-49.5	250.7	0.063863	0.1233
-45.0	250.7	0.0919328	0.1945
-40.5	250.7	0.0775145	0.1169
-36.0	250.7	0.0662384	0.1141
-31.5	250.7	0.0757408	0.1115
-27.0	250.7	0.0603071	0.0739
-22.5	250.7	0.103197	0.4014
-18.0	250.7	0.0829688	0.1692
-13.5	250.7	0.0728061	0.111
-9.0	250.7	0.0798958	0.1284
-4.5	250.7	0.0607336	0.0813
0.0	250.7	0.0605511	0.0756
4.5	250.7	0.070651	0.1075
9.0	250.7	0.0638977	0.0951
13.5	250.7	0.0654697	0.1145
18.0	250.7	0.0655961	0.0786
22.5	250.7	0.0522151	0.0792
27.0	250.7	0.0666275	0.1504
31.5	250.7	0.063183	0.1201
36.0	250.7	0.0526838	0.0712
40.5	250.7	0.0648438	0.1565
45.0	250.7	0.0729357	0.1865
49.5	250.7	0.0668057	0.1095
54.0	250.7	0.0819968	0.2204
58.5	250.7	0.0491673	0.0906
63.0	250.7	0.0584085	0.1025
67.5	250.7	0.0605622	0.1351
72.0	250.7	0.0444657	0.0737
76.5	250.7	0.0456141	0.0945
81.0	250.7	0.0586549	0.1224
85.5	250.7	0.0634983	0.1526
90.0	250.7	0.0501163	0.1026
94.5	250.7	0.0469232	0.1019
99.0	250.7	0.0409287	0.0742
103.5	250.7	0.0480353	0.1033
108.0	250.7	0.0411258	0.0806
112.5	250.7	0.053378	0.1456
117.0	250.7	0.039551	0.1036
121.5	250.7	0.0345728	0.0817
126.0	250.7	0.0479816	0.1073
130.5	250.7	0.0299342	0.0863
135.0	250.7	0.0422675	0.1562
139.5	250.7	0.035435	0.0922
144.0	250.7	0.030177	0.0916
148.5	250.7	0.0307714	0.0875
153.0	250.7	0.0285703	0.0902
157.5	250.7	0.0298083	0.0848
162.0	250.7	0.0307301	0.1093
166.5	250.7	0.029908	0.0967
171.0	250.7	0.024004	0.1087
175.5	250.7	0.0346508	0.1957
180.0	250.7	0.0246837	0.1062
184.5	250.7	0.0290054	0.147
189.0	250.7	0.0252485	0.1306
193.5	250.7	0.0249311	0.1052
198.0	250.7	0.0204716	0.1071
202.5	250.7	0.0199694	0.1002
207.0	250.7	0.0190328	0.0976
211.5	250.7	0.0212301	0.1008
216.0	250.7	0.0160856	0.1119
220.5	250.7	0.0184386	0.1987
225.0	250.7	0.01818	0.1235
229.5	250.7	0.0205253	0.1238
234.0	250.7	0.0166707	0.1229
238.5	250.7	0.0179884	0.1205
243.0	250.7	0.0150851	0.1246
247.5	250.7	0.0174234	0.1348
252.0	250.7	0.0243708	0.2695
256.5	250.7	0.0198645	0.1952
261.0	250.7	0.0240093	0.2458
265.5	250.7	0.0138268	0.1844
270.0	250.7	0.0183283	0.3346
274.5	250.7	0.0114126	0.1181
279.0	250.7	0.013039	0.1366
283.5	250.7	0.0118234	0.1281
288.0	250.7	0.0132187	0.1175
292.5	250.7	0.0138937	0.1257
297.0	250.7	0.0132682	0.1588
301.5	250.7	0.0181076	0.3774
306.0	250.7	0.014014	0.1451
310.5	250.7	0.0132658	0.1501
315.0	250.7	0.0118493	0.1324
319.5	250.7	0.0162089	0.2456
324.0	250.7	0.0117614	0.1453
328.5	250.7	0.0160151	0.1496
333.0	250.7	0.0128635	0.1616
337.5	250.7	0.014943	0.149
342.0	250.7	0.00896312	0.2243
346.5	250.7	0.0104532	0.1525
351.0	250.7	0.0216894	0.2983
355.5	250.7	0.0148209	0.1845
360.0	250.7	0.0140171	0.3092
364.5	250.7	0.00707865	0.1479
369.0	250.7	0.0160559	0.3218
373.5	250.7	0.0114439	0.1493
378.0	250.7	0.0123745	0.1978
382.5	250.7	0.00982717	0.1631
387.0	250.7	0.0115323	0.3066
391.5	250.7	0.0074106	0.1749
396.0	250.7	0.00686228	0.193
400.5	250.7	0.0106445	0.2267
405.0	250.7	0.0106828	0.2694
409.5	250.7	0.00839183	0.1902
414.0	250.7	0.00611007	0.2027
418.5	250.7	0.00613853	0.19
423.0	250.7	0.00765549	0.1455
427.5	250.7	0.0082806	0.1705
432.0	250.7	0.0100376	0.2009
436.5	250.7	0.0122462	0.2506
441.0	250.7	0.0124531	0.2103
445.5	250.7	0.0106037	0.2535
-450.0	253.267	0.0105283	0.4677
-445.5	253.267	0.0106565	0.3257
-441.0	253.267	0.0071686	0.2448
-436.5	253.267	0.00540537	0.1993
-432.0	253.267	0.00531006	0.2009
-427.5	253.267	0.0106224	0.4029
-423.0	253.267	0.00628466	0.1929
-418.5	253.267	0.00481905	0.231
-414.0	253.267	0.00515748	0.2341
-409.5	253.267	0.00391938	0.3143
-405.0	253.267	0.00563459	0.2396
-400.5	253.267	0.00590192	0.2812
-396.0	253.267	0.0052528	0.3223
-391.5	253.267	0.00949053	0.2291
-387.0	253.267	0.00805934	0.2681
-382.5	253.267	0.00457671	0.1712
-378.0	253.267	0.00530767	0.1991
-373.5	253.267	0.00718838	0.173
-369.0	253.267	0.0130274	0.3676
-364.5	253.267	0.00660749	0.1451
-360.0	253.267	0.00745035	0.3626
-355.5	253.267	0.00745273	0.186
-351.0	253.267	0.00758058	0.1847
-346.5	253.267	0.00803885	0.1848
-342.0	253.267	0.00696973	0.1967
-337.5	253.267	0.0204072	0.3765
-333.0	253.267	0.0102344	0.1991
-328.5	253.267	0.00867707	0.1396
-324.0	253.267	0.00883468	0.1305
-319.5	253.267	0.00779906	0.1382
-315.0	253.267	0.00883066	0.1249
-310.5	253.267	0.0116348	0.2247
-306.0	253.267	0.0123982	0.2303
-301.5	253.267	0.00907084	0.1173
-297.0	253.267	0.00998859	0.1759
-292.5	253.267	0.00993073	0.1386
-288.0	253.267	0.010386	0.1256
-283.5	253.267	0.0112474	0.1311
-279.0	253.267	0.0133776	0.1564
-274.5	253.267	0.00906973	0.1195
-270.0	253.267	0.0120767	0.1391
-265.5	253.267	0.0120085	0.1252
-261.0	253.267	0.0140242	0.1351
-256.5	253.267	0.0127044	0.1279
-252.0	253.267	0.0164451	0.1984
-247.5	253.267	0.018266	0.13
-243.0	253.267	0.0167953	0.1286
-238.5	253.267	0.0186088	0.1234
-234.0	253.267	0.0217507	0.1659
-229.5	253.267	0.0174911	0.1129
-225.0	253.267	0.0187986	0.1247
-220.5	253.267	0.022294	0.1497
-216.0	253.267	0.0255918	0.1512
-211.5	253.267	0.0167326	0.1125
-207.0	253.267	0.0273308	0.1619
-202.5	253.267	0.0249929	0.0983
-198.0	253.267	0.0273497	0.0989
-193.5	253.267	0.0297529	0.1482
-189.0	253.267	0.0292644	0.1609
-184.5	253.267	0.0234859	0.0974
-180.0	253.267	0.0277428	0.1031
-175.5	253.267	0.0340132	0.138
-171.0	253.267	0.032625	0.1603
-166.5	253.267	0.0336245	0.1026
-162.0	253.267	0.034257	0.0937
-157.5	253.267	0.0344171	0.098
-153.0	253.267	0.0314311	0.1197
-148.5	253.267	0.0393651	0.1057
-144.0	253.267	0.0367668	0.0932
-139.5	253.267	0.0419081	0.1943
-135.0	253.267	0.0364232	0.1298
-130.5	253.267	0.0452134	0.1468
-126.0	253.267	0.0511178	0.1252
-121.5	253.267	0.0345659	0.0863
-117.0	253.267	0.0629629	0.288
-112.5	253.267	0.0494991	0.1173
-108.0	253.267	0.0446101	0.083
-103.5	253.267	0.0494811	0.108
-99.0	253.267	0.0469554	0.1019
-94.5	253.267	0.057777	0.2507
-90.0	253.267	0.0592262	0.2149
-85.5	253.267	0.0480727	0.0807
-81.0	253.267	0.0621529	0.1624
-76.5	253.267	0.0519186	0.0882
-72.0	253.267	0.076105	0.2721
-67.5	253.267	0.0625943	0.1736
-63.0	253.267	0.0563152	0.1124
-58.5	253.267	0.0508083	0.0788
-54.0	253.267	0.0638654	0.1006
-49.5	253.267	0.0513494	0.0835
-45.0	253.267	0.0685627	0.1217
-40.5	253.267	0.0811816	0.1844
-36.0	253.267	0.0753885	0.1407
-31.5	253.267	0.0732897	0.1284
-27.0	253.267	0.0611335	0.1308
-22.5	253.267	0.057619	0.0846
-18.0	253.267	0.0761765	0.2193
-13.5	253.267	0.0669848	0.1013
-9.0	253.267	0.0608365	0.0985
-4.5	253.267	0.065986	0.1114
0.0	253.267	0.062933	0.0777
4.5	253.267	0.0560103	0.0836
9.0	253.267	0.0622834	0.0938
13.5	253.267	0.0609293	0.0955
18.0	253.267	0.0588628	0.0974
22.5	253.267	0.0650617	0.129
27.0	253.267	0.0618436	0.1426
31.5	253.267	0.062631	0.1153
36.0	253.267	0.057186	0.0937
40.5	253.267	0.0517359	0.1063
45.0	253.267	0.0552684	0.112
49.5	253.267	0.059935	0.1711
54.0	253.267	0.0617028	0.1303
58.5	253.267	0.0576701	0.2101
63.0	253.267	0.0498662	0.0737
67.5	253.267	0.0488362	0.0753
72.0	253.267	0.0525974	0.1393
76.5	253.267	0.0620847	0.1746
81.0	253.267	0.0578992	0.2107
85.5	253.267	0.0445646	0.0877
90.0	253.267	0.0716046	0.2943
94.5	253.267	0.0526926	0.1038
99.0	253.267	0.0399974	0.095
103.5	253.267	0.0365041	0.0954
108.0	253.267	0.0359879	0.1024
112.5	253.267	0.042324	0.1155
117.0	253.267	0.0377862	0.0951
121.5	253.267	0.0391291	0.1144
126.0	253.267	0.0311351	0.0961
130.5	253.267	0.0415989	0.1777
135.0	253.267	0.0297507	0.0986
139.5	253.267	0.0257696	0.1022
144.0	253.267	0.0281963	0.1183
148.5	253.267	0.0300801	0.1753
153.0	253.267	0.0227198	0.0897
157.5	253.267	0.0294115	0.1002
162.0	253.267	0.0198347	0.0899
166.5	253.267	0.0293753	0.1328
171.0	253.267	0.0368024	0.1578
175.5	253.267	0.0236078	0.1212
180.0	253.267	0.0304015	0.2836
184.5	253.267	0.0237966	0.1105
189.0	253.267	0.0256116	0.1402
193.5	253.267	0.0230416	0.1321
198.0	253.267	0.0262024	0.1159
202.5	253.267	0.019505	0.0984
207.0	253.267	0.0229966	0.1705
211.5	253.267	0.0182375	0.1236
216.0	253.267	0.0183188	0.1492
220.5	253.267	0.0212755	0.1258
225.0	253.267	0.0188148	0.1619
229.5	253.267	0.0154214	0.1354
234.0	253.267	0.015947	0.1352
238.5	253.267	0.0156611	0.1605
243.0	253.267	0.0159323	0.1269
247.5	253.267	0.0162389	0.1468
252.0	253.267	0.0141117	0.1178
256.5	253.267	0.0122947	0.1317
261.0	253.267	0.0150531	0.1327
265.5	253.267	0.0157552	0.1277
270.0	253.267	0.0150664	0.1387
274.5	253.267	0.0134879	0.1111
279.0	253.267	0.0105234	0.1304
283.5	253.267	0.0138428	0.1382
288.0	253.267	0.0141058	0.3162
292.5	253.267	0.0197409	0.1836
297.0	253.267	0.0135646	0.1459
301.5	253.267	0.0350377	0.6562
306.0	253.267	0.0167134	0.2388
310.5	253.267	0.0147964	0.2093
315.0	253.267	0.00969603	0.164
319.5	253.267	0.0134517	0.1699
324.0	253.267	0.0156032	0.1463
328.5	253.267	0.0181715	0.2594
333.0	253.267	0.0113013	0.1668
337.5	253.267	0.0161682	0.282
342.0	253.267	0.0123051	0.1631
346.5	253.267	0.0102572	0.17
351.0	253.267	0.00950616	0.1559
355.5	253.267	0.00775209	0.1435
360.0	253.267	0.00938805	0.1918
364.5	253.267	0.00763845	0.1702
369.0	253.267	0.00778472	0.1616
373.5	253.267	0.01056	0.1414
378.0	253.267	0.00913402	0.1675
382.5	253.267	0.00715549	0.1858
387.0	253.267	0.00819311	0.1679
391.5	253.267	0.00701404	0.2115
396.0	253.267	0.00557592	0.2581
400.5	253.267	0.00681666	0.2
405.0	253.267	0.00834013	0.1932
409.5	253.267	0.015385	0.2707
414.0	253.267	0.0123048	0.2783
418.5	253.267	0.00719747	0.2157
423.0	253.267	0.0066148	0.2237
427.5	253.267	0.0140083	0.2901
432.0	253.267	0.0182316	0.3394
436.5	253.267	0.0129164	0.2175
441.0	253.267	0.01157	0.2068
445.5	253.267	0.0129314	0.3292
-450.0	255.833	0.00709516	0.2198
-445.5	255.833	0.00526249	0.2078
-441.0	255.833	0.00486591	0.1909
-436.5	255.833	0.00478658	0.1619
-432.0	255.833	0.00667652	0.2206
-427.5	255.833	0.00669019	0.1909
-423.0	255.833	0.00506011	0.314
-418.5	255.833	0.00626201	0.503
-414.0	255.833	0.00337669	0.2244
-409.5	255.833	0.00608478	0.2056
-405.0	255.833	0.00801383	0.3938
-400.5	255.833	0.00454814	0.2915
-396.0	255.833	0.00506499	0.2443
-391.5	255.833	0.0132057	0.3945
-387.0	255.833	0.00902041	0.2183
-382.5	255.833	0.00841104	0.376
-378.0	255.833	0.00707008	0.1956
-373.5	255.833	0.00784346	0.1733
-369.0	255.833	0.00893905	0.1657
-364.5	255.833	0.00727694	0.1449
-360.0	255.833	0.00779634	0.2322
-355.5	255.833	0.00605215	0.1972
-351.0	255.833	0.00684488	0.1686
-346.5	255.833	0.0108235	0.3195
-342.0	255.833	0.00799472	0.1919
-337.5	255.833	0.0163493	0.3017
-333.0	255.833	0.00801511	0.1358
-328.5	255.833	0.00671918	0.1313
-324.0	255.833	0.0116628	0.2376
-319.5	255.833	0.0125013	0.226
-315.0	255.833	0.0107814	0.1465
-310.5	255.833	0.0104448	0.1725
-306.0	255.833	0.00863875	0.1423
-301.5	255.833	0.00712007	0.1246
-297.0	255.833	0.00820972	0.1733
-292.5	255.833	0.00986228	0.1489
-288.0	255.833	0.0103032	0.1445
-283.5	255.833	0.0103641	0.1425
-279.0	255.833	0.0140664	0.1687
-274.5	255.833	0.0137169	0.1879
-270.0	255.833	0.0140401	0.2054
-265.5	255.833	0.0117208	0.1184
-261.0	255.833	0.0111691	0.1241
-256.5	255.833	0.0142021	0.1446
-252.0	255.833	0.0141477	0.2249
-247.5	255.833	0.0163229	0.1527
-243.0	255.833	0.0157019	0.1115
-238.5	255.833	0.0172595	0.1859
-234.0	255.833	0.0189147	0.2032
-229.5	255.833	0.0300869	0.4276
-225.0	255.833	0.0220527	0.2196
-220.5	255.833	0.0168003	0.1084
-216.0	255.833	0.0176521	0.1199
-211.5	255.833	0.0178168	0.1075
-207.0	255.833	0.0192756	0.0983
-202.5	255.833	0.0219553	0.1067
-198.0	255.833	0.0206981	0.1199
-193.5	255.833	0.0296899	0.1344
-189.0	255.833	0.0285537	0.1487
-184.5	255.833	0.0230586	0.1301
-180.0	255.833	0.0461584	0.3307
-175.5	255.833	0.0291422	0.1064
-171.0	255.833	0.0283675	0.0995
-166.5	255.833	0.0278905	0.1114
-162.0	255.833	0.0359179	0.1412
-157.5	255.833	0.0292804	0.0945
-153.0	255.833	0.0265926	0.0949
-148.5	255.833	0.0321225	0.1316
-144.0	255.833	0.0329004	0.1098
-139.5	255.833	0.0334614	0.1046
-135.0	255.833	0.0362147	0.1046
-130.5	255.833	0.0356701	0.1009
-126.0	255.833	0.0365913	0.1518
-121.5	255.833	0.0422615	0.1058
-117.0	255.833	0.0415135	0.0837
-112.5	255.833	0.0409218	0.1489
-108.0	255.833	0.0487307	0.2386
-103.5	255.833	0.034346	0.0792
-99.0	255.833	0.0386478	0.1062
-94.5	255.833	0.0469374	0.0983
-90.0	255.833	0.0594044	0.1728
-85.5	255.833	0.0514242	0.0865
-81.0	255.833	0.0491614	0.1331
-76.5	255.833	0.0470065	0.0912
-72.0	255.833	0.0501284	0.1239
-67.5	255.833	0.056983	0.1641
-63.0	255.833	0.0453211	0.0924
-58.5	255.833	0.0413329	0.073
-54.0	255.833	0.0555218	0.1307
-49.5	255.833	0.0461461	0.0726
-45.0	255.833	0.0535265	0.0993
-40.5	255.833	0.0643818	0.1836
-36.0	255.833	0.0553936	0.1046
-31.5	255.833	0.0545072	0.095
-27.0	255.833	0.057215	0.0858
-22.5	255.833	0.0709084	0.1315
-18.0	255.833	0.0535487	0.0765
-13.5	255.833	0.0665117	0.1202
-9.0	255.833	0.0614224	0.0997
-4.5	255.833	0.0588864	0.0863
0.0	255.833	0.056514	0.0777
4.5	255.833	0.0701264	0.1406
9.0	255.833	0.0678997	0.1189
13.5	255.833	0.0537055	0.1066
18.0	255.833	0.0712622	0.2033
22.5	255.833	0.0657915	0.1404
27.0	255.833	0.0735735	0.2072
31.5	255.833	0.0840047	0.2972
36.0	255.833	0.060139	0.167
40.5	255.833	0.0608234	0.1067
45.0	255.833	0.050736	0.0928
49.5	255.833	0.052942	0.1565
54.0	255.833	0.0481676	0.1001
58.5	255.833	0.0514345	0.1144
63.0	255.833	0.0461953	0.0941
67.5	255.833	0.0452012	0.122
72.0	255.833	0.049239	0.1196
76.5	255.833	0.0499486	0.2002
81.0	255.833	0.0401966	0.0993
85.5	255.833	0.0476794	0.1741
90.0	255.833	0.0440602	0.1027
94.5	255.833	0.0356357	0.078
99.0	255.833	0.0407349	0.0841
103.5	255.833	0.0396063	0.2004
108.0	255.833	0.0371405	0.1017
112.5	255.833	0.043624	0.1191
117.0	255.833	0.0365673	0.1466
121.5	255.833	0.046439	0.3176
126.0	255.833	0.0374448	0.1171
130.5	255.833	0.0348223	0.1788
135.0	255.833	0.0326828	0.0975
139.5	255.833	0.0238962	0.1252
144.0	255.833	0.0210775	0.0988
148.5	255.833	0.0288123	0.1327
153.0	255.833	0.0453667	0.2608
157.5	255.833	0.0266197	0.1295
162.0	255.833	0.0252492	0.1448
166.5	255.833	0.0258804	0.119
171.0	255.833	0.0320048	0.158
175.5	255.833	0.0171332	0.0895
180.0	255.833	0.0201666	0.1069
184.5	255.833	0.0261657	0.2083
189.0	255.833	0.0187017	0.1392
193.5	255.833	0.0215948	0.1152
198.0	255.833	0.0192184	0.1239
202.5	255.833	0.0213669	0.194
207.0	255.833	0.0208034	0.1081
211.5	255.833	0.0174511	0.1109
216.0	255.833	0.0303922	0.4286
220.5	255.833	0.0128722	0.111
225.0	255.833	0.019341	0.3123
229.5	255.833	0.0240664	0.2361
234.0	255.833	0.0130171	0.1333
238.5	255.833	0.0190797	0.1653
243.0	255.833	0.0169391	0.1253
247.5	255.833	0.0167236	0.1806
252.0	255.833	0.0121561	0.1441
256.5	255.833	0.0109417	0.127
261.0	255.833	0.0117431	0.1259
265.5	255.833	0.0126262	0.1067
270.0	255.833	0.012574	0.121
274.5	255.833	0.0126867	0.1418
279.0	255.833	0.013957	0.1907
283.5	255.833	0.0111173	0.1438
288.0	255.833	0.0120533	0.1385
292.5	255.833	0.0158668	0.3583
297.0	255.833	0.0165126	0.3448
301.5	255.833	0.012695	0.1242
306.0	255.833	0.0127715	0.1297
310.5	255.833	0.00939607	0.1661
315.0	255.833	0.0108361	0.169
319.5	255.833	0.0127445	0.2212
324.0	255.833	0.0132622	0.1821
328.5	255.833	0.00911012	0.1652
333.0	255.833	0.0102522	0.1591
337.5	255.833	0.0104046	0.1814
342.0	255.833	0.0196714	0.4432
346.5	255.833	0.00904147	0.1442
351.0	255.833	0.00667801	0.1382
355.5	255.833	0.00759346	0.1675
360.0	255.833	0.00931818	0.1722
364.5	255.833	0.0096801	0.2125
369.0	255.833	0.00725888	0.2394
373.5	255.833	0.00709622	0.1766
378.0	255.833	0.0124694	0.1471
382.5	255.833	0.00830081	0.2175
387.0	255.833	0.00792528	0.195
391.5	255.833	0.0124401	0.21
396.0	255.833	0.00790989	0.1903
400.5	255.833	0.00623296	0.209
405.0	255.833	0.0074592	0.2428
409.5	255.833	0.00887076	0.2096
414.0	255.833	0.00966595	0.2339
418.5	255.833	0.00811914	0.2626
423.0	255.833	0.00828209	0.2126
427.5	255.833	0.00648594	0.1979
432.0	255.833	0.0105757	0.1995
436.5	255.833	0.0204478	0.2677
441.0	255.833	0.0131254	0.346
445.5	255.833	0.0111009	0.1733
-450.0	258.4	0.00558269	0.2062
-445.5	258.4	0.00640055	0.2184
-441.0	258.4	0.0065182	0.3875
-436.5	258.4	0.00515866	0.1771
-432.0	258.4	0.0050263	0.2048
-427.5	258.4	0.00618125	0.322
-423.0	258.4	0.0047189	0.2736
-418.5	258.4	0.00346735	0.2275
-414.0	258.4	0.00440763	0.2973
-409.5	258.4	0.00558049	0.2423
-405.0	258.4	0.0056602	0.2897
-400.5	258.4	0.00575989	0.244
-396.0	258.4	0.00467101	0.2064
-391.5	258.4	0.0142737	0.5677
-387.0	258.4	0.00524251	0.2025
-382.5	258.4	0.00566804	0.2563
-378.0	258.4	0.00803219	0.3331
-373.5	258.4	0.006832	0.2741
-369.0	258.4	0.00605266	0.1746
-364.5	258.4	0.00441959	0.1914
-360.0	258.4	0.00681928	0.1708
-355.5	258.4	0.00629077	0.1645
-351.0	258.4	0.00550109	0.1496
-346.5	258.4	0.00844476	0.2739
-342.0	258.4	0.00560171	0.1835
-337.5	258.4	0.0120779	0.33
-333.0	258.4	0.00755532	0.1851
-328.5	258.4	0.00813001	0.1389
-324.0	258.4	0.0098984	0.1421
-319.5	258.4	0.00735606	0.1477
-315.0	258.4	0.00897345	0.1298
-310.5	258.4	0.00853662	0.1395
-306.0	258.4	0.0102685	0.1763
-301.5	258.4	0.00824067	0.1298
-297.0	258.4	0.00723879	0.1464
-292.5	258.4	0.00994235	0.1883
-288.0	258.4	0.0119899	0.1756
-283.5	258.4	0.00951397	0.2009
-279.0	258.4	0.014044	0.2033
-274.5	258.4	0.0121603	0.1867
-270.0	258.4	0.0108113	0.1482
-265.5	258.4	0.00961998	0.1273
-261.0	258.4	0.015212	0.2352
-256.5	258.4	0.0144815	0.1275
-252.0	258.4	0.0128458	0.1595
-247.5	258.4	0.0150686	0.1353
-243.0	258.4	0.0227225	0.2595
-238.5	258.4	0.0183523	0.1975
-234.0	258.4	0.0192371	0.1443
-229.5	258.4	0.0157386	0.1328
-225.0	258.4	0.018695	0.1211
-220.5	258.4	0.0187852	0.128
-216.0	258.4	0.0209516	0.125
-211.5	258.4	0.019642	0.1089
-207.0	258.4	0.0207613	0.0965
-202.5	258.4	0.0190978	0.0966
-198.0	258.4	0.0194246	0.0967
-193.5	258.4	0.0276461	0.117
-189.0	258.4	0.0263586	0.1108
-184.5	258.4	0.0254424	0.1168
-180.0	258.4	0.0255464	0.1232
-175.5	258.4	0.02073	0.0894
-171.0	258.4	0.0372695	0.1978
-166.5	258.4	0.028851	0.2191
-162.0	258.4	0.0257633	0.085
-157.5	258.4	0.0259701	0.0963
-153.0	258.4	0.0332564	0.1109
-148.5	258.4	0.031592	0.1102
-144.0	258.4	0.0357197	0.0992
-139.5	258.4	0.034362	0.0855
-135.0	258.4	0.0285405	0.0857
-130.5	258.4	0.037796	0.1442
-126.0	258.4	0.0314844	0.1064
-121.5	258.4	0.0386208	0.1388
-117.0	258.4	0.0396039	0.0791
-112.5	258.4	0.0354066	0.0848
-108.0	258.4	0.0361285	0.0979
-103.5	258.4	0.0343589	0.0823
-99.0	258.4	0.0432582	0.1168
-94.5	258.4	0.0414109	0.1331
-90.0	258.4	0.0439444	0.1134
-85.5	258.4	0.0640337	0.161
-81.0	258.4	0.0491022	0.1091
-76.5	258.4	0.0709822	0.2379
-72.0	258.4	0.0645273	0.2253
-67.5	258.4	0.0549831	0.1639
-63.0	258.4	0.0416531	0.0841
-58.5	258.4	0.0438676	0.0996
-54.0	258.4	0.0554349	0.1052
-49.5	258.4	0.0439992	0.1224
-45.0	258.4	0.0587625	0.1376
-40.5	258.4	0.0476702	0.0912
-36.0	258.4	0.0440176	0.0951
-31.5	258.4	0.0562737	0.1266
-27.0	258.4	0.0502375	0.0921
-22.5	258.4	0.0496566	0.0909
-18.0	258.4	0.0468405	0.0724
-13.5	258.4	0.0578802	0.1081
-9.0	258.4	0.0648776	0.1899
-4.5	258.4	0.0506288	0.1361
0.0	258.4	0.0593278	0.1068
4.5	258.4	0.0699603	0.1688
9.0	258.4	0.0522946	0.0974
13.5	258.4	0.0524232	0.0874
18.0	258.4	0.0537882	0.0979
22.5	258.4	0.0556466	0.1341
27.0	258.4	0.0535128	0.1213
31.5	258.4	0.0439161	0.0751
36.0	258.4	0.0622496	0.1953
40.5	258.4	0.054943	0.1228
45.0	258.4	0.0475502	0.0922
49.5	258.4	0.0381341	0.0843
54.0	258.4	0.0438	0.1154
58.5	258.4	0.04681	0.0765
63.0	258.4	0.0407034	0.0901
67.5	258.4	0.0406154	0.0946
72.0	258.4	0.0390639	0.1105
76.5	258.4	0.0408954	0.1397
81.0	258.4	0.0322712	0.0904
85.5	258.4	0.0431822	0.1929
90.0	258.4	0.0466833	0.2513
94.5	258.4	0.0480449	0.2074
99.0	258.4	0.0300757	0.0805
103.5	258.4	0.0351079	0.1007
108.0	258.4	0.050326	0.2005
112.5	258.4	0.0374612	0.1282
117.0	258.4	0.0377172	0.1457
121.5	258.4	0.0392703	0.199
126.0	258.4	0.0286154	0.0956
130.5	258.4	0.0288855	0.122
135.0	258.4	0.0318824	0.0948
139.5	258.4	0.0271024	0.1441
144.0	258.4	0.0227339	0.0966
148.5	258.4	0.0224605	0.0878
153.0	258.4	0.0386216	0.1467
157.5	258.4	0.0265584	0.1375
162.0	258.4	0.0232762	0.1002
166.5	258.4	0.0240875	0.1412
171.0	258.4	0.0195059	0.1013
175.5	258.4	0.0191452	0.1077
180.0	258.4	0.0234359	0.1583
184.5	258.4	0.0184553	0.0976
189.0	258.4	0.0190019	0.1982
193.5	258.4	0.0168508	0.1394
198.0	258.4	0.0188618	0.0925
202.5	258.4	0.0167163	0.0946
207.0	258.4	0.0192393	0.1267
211.5	258.4	0.0155707	0.1256
216.0	258.4	0.0125725	0.0945
220.5	258.4	0.0129464	0.113
225.0	258.4	0.0139001	0.1407
229.5	258.4	0.0226696	0.4119
234.0	258.4	0.01382	0.1282
238.5	258.4	0.020756	0.2893
243.0	258.4	0.0143785	0.1082
247.5	258.4	0.0132353	0.1396
252.0	258.4	0.0120234	0.1982
256.5	258.4	0.0123205	0.1239
261.0	258.4	0.0140171	0.3357
265.5	258.4	0.0120174	0.1213
270.0	258.4	0.0185138	0.1411
274.5	258.4	0.0127533	0.1506
279.0	258.4	0.0166364	0.2202
283.5	258.4	0.0151514	0.1828
288.0	258.4	0.00994572	0.1218
292.5	258.4	0.0123475	0.1523
297.0	258.4	0.0128905	0.2068
301.5	258.4	0.0133233	0.1697
306.0	258.4	0.0131041	0.1808
310.5	258.4	0.0127539	0.1721
315.0	258.4	0.0109698	0.2413
319.5	258.4	0.0114223	0.1714
324.0	258.4	0.0119421	0.1984
328.5	258.4	0.0101776	0.2199
333.0	258.4	0.00973036	0.1597
337.5	258.4	0.00898741	0.1824
342.0	258.4	0.00963524	0.1469
346.5	258.4	0.0133245	0.3046
351.0	258.4	0.0088967	0.185
355.5	258.4	0.00741109	0.1626
360.0	258.4	0.0109591	0.179
364.5	258.4	0.00678133	0.212
369.0	258.4	0.00880387	0.1513
373.5	258.4	0.00820277	0.2376
378.0	258.4	0.00881987	0.1881
382.5	258.4	0.00792528	0.171
387.0	258.4	0.00757659	0.1782
391.5	258.4	0.0092502	0.1917
396.0	258.4	0.0131342	0.3189
400.5	258.4	0.0054976	0.1932
405.0	258.4	0.00684444	0.2706
409.5	258.4	0.00960701	0.2796
414.0	258.4	0.00810971	0.1949
418.5	258.4	0.00620285	0.2029
423.0	258.4	0.00510999	0.2231
427.5	258.4	0.00885086	0.2334
432.0	258.4	0.013475	0.2724
436.5	258.4	0.0113083	0.2004
441.0	258.4	0.0179154	0.3467
445.5	258.4	0.0107199	0.2073
-450.0	260.967	0.00833082	0.2584
-445.5	260.967	0.00855737	0.3229
-441.0	260.967	0.00508787	0.2638
-436.5	260.967	0.00472748	0.242
-432.0	260.967	0.00933239	0.4221
-427.5	260.967	0.00657359	0.5286
-423.0	260.967	0.0054511	0.2828
-418.5	260.967	0.00460536	0.2748
-414.0	260.967	0.0032415	0.2441
-409.5	260.967	0.0038688	0.242
-405.0	260.967	0.00442787	0.2386
-400.5	260.967	0.00487684	0.245
-396.0	260.967	0.00404416	0.1995
-391.5	260.967	0.00472799	0.2783
-387.0	260.967	0.00343994	0.1856
-382.5	260.967	0.00516267	0.1997
-378.0	260.967	0.00563018	0.2011
-373.5	260.967	0.00482037	0.1819
-369.0	260.967	0.00702124	0.2158
-364.5	260.967	0.00610474	0.2074
-360.0	260.967	0.00597861	0.2192
-355.5	260.967	0.0069257	0.2598
-351.0	260.967	0.00822675	0.2083
-346.5	260.967	0.00668459	0.1654
-342.0	260.967	0.00585252	0.1696
-337.5	260.967	0.00678668	0.1783
-333.0	260.967	0.0063378	0.1444
-328.5	260.967	0.00906373	0.2104
-324.0	260.967	0.00950152	0.1869
-319.5	260.967	0.00628207	0.1315
-315.0	260.967	0.00870966	0.1509
-310.5	260.967	0.00621151	0.1467
-306.0	260.967	0.0102671	0.158
-301.5	260.967	0.00942333	0.1964
-297.0	260.967	0.00641208	0.1267
-292.5	260.967	0.0153318	0.3031
-288.0	260.967	0.0114202	0.2011
-283.5	260.967	0.00964722	0.1327
-279.0	260.967	0.00849663	0.1237
-274.5	260.967	0.0148303	0.2304
-270.0	260.967	0.0121273	0.1315
-265.5	260.967	0.0096882	0.1373
-261.0	260.967	0.0109999	0.1351
-256.5	260.967	0.0123234	0.17
-252.0	260.967	0.0111616	0.126
-247.5	260.967	0.0152463	0.1786
-243.0	260.967	0.0235243	0.4739
-238.5	260.967	0.0154593	0.1871
-234.0	260.967	0.0166319	0.1533
-229.5	260.967	0.0183279	0.177
-225.0	260.967	0.014827	0.1143
-220.5	260.967	0.0228168	0.1671
-216.0	260.967	0.0180486	0.149
-211.5	260.967	0.0161093	0.1362
-207.0	260.967	0.0166481	0.1391
-202.5	260.967	0.0207874	0.1326
-198.0	260.967	0.026792	0.1458
-193.5	260.967	0.0209025	0.174
-189.0	260.967	0.0200622	0.0922
-184.5	260.967	0.0240044	0.1193
-180.0	260.967	0.0270569	0.249
-175.5	260.967	0.0276975	0.109
-171.0	260.967	0.021121	0.1
-166.5	260.967	0.0243734	0.1523
-162.0	260.967	0.0310474	0.1832
-157.5	260.967	0.0264586	0.0994
-153.0	260.967	0.0284361	0.1005
-148.5	260.967	0.0292505	0.0829
-144.0	260.967	0.0344757	0.0931
-139.5	260.967	0.0262378	0.1074
-135.0	260.967	0.0293884	0.088
-130.5	260.967	0.027195	0.0797
-126.0	260.967	0.0298818	0.1001
-121.5	260.967	0.0395789	0.144
-117.0	260.967	0.0328163	0.0972
-112.5	260.967	0.0374111	0.1972
-108.0	260.967	0.0359028	0.1293
-103.5	260.967	0.0332287	0.1083
-99.0	260.967	0.0469975	0.1526
-94.5	260.967	0.0405337	0.1193
-90.0	260.967	0.0556677	0.2299
-85.5	260.967	0.0411849	0.0939
-81.0	260.967	0.0403713	0.1157
-76.5	260.967	0.0472457	0.1072
-72.0	260.967	0.0465035	0.1377
-67.5	260.967	0.0452766	0.0898
-63.0	260.967	0.0431452	0.0855
-58.5	260.967	0.0391526	0.0797
-54.0	260.967	0.0588735	0.1712
-49.5	260.967	0.0408533	0.0844
-45.0	260.967	0.0466643	0.0941
-40.5	260.967	0.0458951	0.0894
-36.0	260.967	0.0376918	0.0916
-31.5	260.967	0.051709	0.1433
-27.0	260.967	0.0369752	0.0723
-22.5	260.967	0.0495238	0.0984
-18.0	260.967	0.0421081	0.1154
-13.5	260.967	0.0535558	0.1046
-9.0	260.967	0.0513431	0.1472
-4.5	260.967	0.0399214	0.075
0.0	260.967	0.0440125	0.0784
4.5	260.967	0.0557436	0.1297
9.0	260.967	0.0474011	0.1239
13.5	260.967	0.052546	0.0957
18.0	260.967	0.0823729	0.2621
22.5	260.967	0.0414694	0.0931
27.0	260.967	0.0483971	0.1113
31.5	260.967	0.0495207	0.09
36.0	260.967	0.0420743	0.079
40.5	260.967	0.0470816	0.0984
45.0	260.967	0.0476589	0.1121
49.5	260.967	0.0468307	0.1655
54.0	260.967	0.0406422	0.0878
58.5	260.967	0.0407547	0.1074
63.0	260.967	0.0391701	0.0774
67.5	260.967	0.0417576	0.1285
72.0	260.967	0.0403912	0.1155
76.5	260.967	0.041312	0.1043
81.0	260.967	0.035139	0.0855
85.5	260.967	0.0407255	0.1135
90.0	260.967	0.0312045	0.104
94.5	260.967	0.0378594	0.1175
99.0	260.967	0.0339723	0.1159
103.5	260.967	0.0285977	0.1218
108.0	260.967	0.0305434	0.0905
112.5	260.967	0.0378964	0.1272
117.0	260.967	0.0434115	0.1799
121.5	260.967	0.0275006	0.1057
126.0	260.967	0.0284154	0.0948
130.5	260.967	0.0253914	0.0859
135.0	260.967	0.0335535	0.1867
139.5	260.967	0.0334477	0.1821
144.0	260.967	0.0216115	0.113
148.5	260.967	0.0212268	0.0942
153.0	260.967	0.0280925	0.1236
157.5	260.967	0.0298123	0.1776
162.0	260.967	0.0284942	0.3336
166.5	260.967	0.0266587	0.1647
171.0	260.967	0.0179574	0.1046
175.5	260.967	0.0196213	0.1147
180.0	260.967	0.0211174	0.126
184.5	260.967	0.0186424	0.1436
189.0	260.967	0.0176722	0.1268
193.5	260.967	0.0118743	0.1228
198.0	260.967	0.0174106	0.113
202.5	260.967	0.0136247	0.0966
207.0	260.967	0.0155954	0.103
211.5	260.967	0.0142219	0.1201
216.0	260.967	0.0148677	0.1087
220.5	260.967	0.0133521	0.0987
225.0	260.967	0.0178179	0.1718
229.5	260.967	0.0155915	0.1408
234.0	260.967	0.0145214	0.1395
238.5	260.967	0.0139887	0.1308
243.0	260.967	0.0116894	0.1219
247.5	260.967	0.0102706	0.1144
252.0	260.967	0.0131649	0.1901
256.5	260.967	0.00888061	0.1307
261.0	260.967	0.0106032	0.1091
265.5	260.967	0.0107577	0.1429
270.0	260.967	0.0146283	0.1984
274.5	260.967	0.011948	0.1225
279.0	260.967	0.0125912	0.166
283.5	260.967	0.0148377	0.2206
288.0	260.967	0.00975484	0.1582
292.5	260.967	0.0119213	0.1455
297.0	260.967	0.00971178	0.2211
301.5	260.967	0.00957375	0.1389
306.0	260.967	0.00971873	0.1299
310.5	260.967	0.0117352	0.1552
315.0	260.967	0.00959471	0.283
319.5	260.967	0.0104304	0.1636
324.0	260.967	0.0116812	0.1498
328.5	260.967	0.00799173	0.1535
333.0	260.967	0.0064507	0.1861
337.5	260.967	0.00624687	0.1453
342.0	260.967	0.00920414	0.1528
346.5	260.967	0.0103304	0.1689
351.0	260.967	0.0105401	0.2571
355.5	260.967	0.0106083	0.2801
360.0	260.967	0.00674996	0.1801
364.5	260.967	0.00712026	0.1832
369.0	260.967	0.00867655	0.1801
373.5	260.967	0.0060341	0.1592
378.0	260.967	0.00915522	0.1872
382.5	260.967	0.00966069	0.2513
387.0	260.967	0.00773196	0.2032
391.5	260.967	0.00903888	0.1705
396.0	260.967	0.00760638	0.1799
400.5	260.967	0.00819134	0.2457
405.0	260.967	0.00506215	0.233
409.5	260.967	0.00399708	0.1934
414.0	260.967	0.00674192	0.2508
418.5	260.967	0.0062613	0.2051
423.0	260.967	0.00718634	0.1764
427.5	260.967	0.00818265	0.1697
432.0	260.967	0.00944548	0.1525
436.5	260.967	0.00713176	0.2034
441.0	260.967	0.0140403	0.3285
445.5	260.967	0.0208406	0.3652
-450.0	263.533	0.012873	0.4169
-445.5	263.533	0.00615559	0.1924
-441.0	263.533	0.00260781	0.2213
-436.5	263.533	0.00403513	0.2025
-432.0	263.533	0.00623121	0.2299
-427.5	263.533	0.00348545	0.2306
-423.0	263.533	0.00405049	0.2687
-418.5	263.533	0.00651382	0.2729
-414.0	263.533	0.00313137	0.2983
-409.5	263.533	0.0048144	0.2482
-405.0	263.533	0.00425281	0.2271
-400.5	263.533	0.00499282	0.2023
-396.0	263.533	0.00410127	0.2107
-391.5	263.533	0.00384344	0.194
-387.0	263.533	0.00345664	0.1798
-382.5	263.533	0.0052813	0.2009
-378.0	263.533	0.00409147	0.2102
-373.5	263.533	0.00549519	0.1751
-369.0	263.533	0.0049778	0.1829
-364.5	263.533	0.00535358	0.2672
-360.0	263.533	0.0120808	0.382
-355.5	263.533	0.00720309	0.1807
-351.0	263.533	0.00565697	0.1492
-346.5	263.533	0.00604271	0.154
-342.0	263.533	0.006257	0.1865
-337.5	263.533	0.00781128	0.1569
-333.0	263.533	0.00679617	0.1652
-328.5	263.533	0.0065886	0.1442
-324.0	263.533	0.00588954	0.1352
-319.5	263.533	0.00699856	0.2202
-315.0	263.533	0.00769469	0.1374
-310.5	263.533	0.007333	0.1411
-306.0	263.533	0.00994529	0.3835
-301.5	263.533	0.00759368	0.1686
-297.0	263.533	0.00841674	0.1686
-292.5	263.533	0.0129874	0.2066
-288.0	263.533	0.0101654	0.15
-283.5	263.533	0.00793131	0.1334
-279.0	263.533	0.0104345	0.1461
-274.5	263.533	0.0108176	0.1929
-270.0	263.533	0.0100705	0.1336
-265.5	263.533	0.0101476	0.1381
-261.0	263.533	0.0103635	0.1134
-256.5	263.533	0.0101819	0.1208
-252.0	263.533	0.0115457	0.1575
-247.5	263.533	0.0114078	0.1223
-243.0	263.533	0.0124743	0.1145
-238.5	263.533	0.0155272	0.151
-234.0	263.533	0.0130669	0.1125
-229.5	263.533	0.0164634	0.1643
-225.0	263.533	0.0132466	0.1209
-220.5	263.533	0.0180729	0.1304
-216.0	263.533	0.0168027	0.1548
-211.5	263.533	0.0194379	0.1642
-207.0	263.533	0.0168533	0.1109
-202.5	263.533	0.0169437	0.0942
-198.0	263.533	0.0185892	0.1089
-193.5	263.533	0.0217591	0.123
-189.0	263.533	0.0288755	0.1267
-184.5	263.533	0.0206706	0.1039
-180.0	263.533	0.0227422	0.1146
-175.5	263.533	0.0234857	0.117
-171.0	263.533	0.0245445	0.1677
-166.5	263.533	0.0273663	0.1737
-162.0	263.533	0.0355558	0.2294
-157.5	263.533	0.0294428	0.1084
-153.0	263.533	0.0292372	0.1072
-148.5	263.533	0.0266128	0.0939
-144.0	263.533	0.0271947	0.0916
-139.5	263.533	0.0224828	0.1052
-135.0	263.533	0.0337506	0.1393
-130.5	263.533	0.0269632	0.0977
-126.0	263.533	0.0294959	0.0992
-121.5	263.533	0.0342349	0.1571
-117.0	263.533	0.0319117	0.091
-112.5	263.533	0.0285568	0.1016
-108.0	263.533	0.0267298	0.0854
-103.5	263.533	0.0397931	0.1232
-99.0	263.533	0.0417319	0.1371
-94.5	263.533	0.0426294	0.267
-90.0	263.533	0.0435523	0.1363
-85.5	263.533	0.0424777	0.1204
-81.0	263.533	0.0374083	0.1282
-76.5	263.533	0.0433427	0.1288
-72.0	263.533	0.0340232	0.0806
-67.5	263.533	0.0404718	0.1088
-63.0	263.533	0.0360282	0.0946
-58.5	263.533	0.0431289	0.1022
-54.0	263.533	0.0722531	0.2326
-49.5	263.533	0.0531023	0.1489
-45.0	263.533	0.0376328	0.0895
-40.5	263.533	0.0376795	0.0744
-36.0	263.533	0.0411111	0.091
-31.5	263.533	0.0404394	0.0959
-27.0	263.533	0.0365304	0.0802
-22.5	263.533	0.0431367	0.074
-18.0	263.533	0.0489357	0.1871
-13.5	263.533	0.0538921	0.2671
-9.0	263.533	0.0671398	0.2564
-4.5	263.533	0.0406263	0.0815
0.0	263.533	0.047075	0.1042
4.5	263.533	0.0461499	0.1007
9.0	263.533	0.0479513	0.2471
13.5	263.533	0.0417838	0.0835
18.0	263.533	0.0432402	0.0859
22.5	263.533	0.0458152	0.1612
27.0	263.533	0.0423987	0.0836
31.5	263.533	0.0546293	0.2012
36.0	263.533	0.0334033	0.0832
40.5	263.533	0.0453865	0.0975
45.0	263.533	0.0345316	0.0727
49.5	263.533	0.0402842	0.1075
54.0	263.533	0.0404976	0.1104
58.5	263.533	0.0419638	0.1436
63.0	263.533	0.0412155	0.1077
67.5	263.533	0.0411896	0.141
72.0	263.533	0.0614192	0.3407
76.5	263.533	0.0343973	0.0886
81.0	263.533	0.02763	0.0803
85.5	263.533	0.0335242	0.0907
90.0	263.533	0.0327806	0.1856
94.5	263.533	0.039581	0.1557
99.0	263.533	0.0330003	0.1125
103.5	263.533	0.0252396	0.1506
108.0	263.533	0.0272036	0.0876
112.5	263.533	0.0274863	0.0883
117.0	263.533	0.0307711	0.1433
121.5	263.533	0.0352645	0.2683
126.0	263.533	0.0305354	0.1077
130.5	263.533	0.0224681	0.0911
135.0	263.533	0.0295482	0.1271
139.5	263.533	0.026196	0.1848
144.0	263.533	0.0207878	0.1132
148.5	263.533	0.0223811	0.1481
153.0	263.533	0.0304804	0.2083
157.5	263.533	0.0208317	0.1285
162.0	263.533	0.0243333	0.1234
166.5	263.533	0.022257	0.1245
171.0	263.533	0.0171857	0.0975
175.5	263.533	0.0204025	0.1715
180.0	263.533	0.0213642	0.1928
184.5	263.533	0.0223998	0.1808
189.0	263.533	0.0146503	0.1168
193.5	263.533	0.0131941	0.1034
198.0	263.533	0.0138033	0.0939
202.5	263.533	0.0150423	0.2171
207.0	263.533	0.0144758	0.1361
211.5	263.533	0.0153314	0.1313
216.0	263.533	0.0109617	0.1025
220.5	263.533	0.014823	0.1181
225.0	263.533	0.0124377	0.1174
229.5	263.533	0.0129049	0.1462
234.0	263.533	0.0146857	0.1771
238.5	263.533	0.0127812	0.1487
243.0	263.533	0.00960215	0.1526
247.5	263.533	0.0119098	0.1475
252.0	263.533	0.0127736	0.1494
256.5	263.533	0.0122784	0.1406
261.0	263.533	0.0127575	0.238
265.5	263.533	0.0107638	0.1327
270.0	263.533	0.0106091	0.1358
274.5	263.533	0.0113217	0.1265
279.0	263.533	0.0152116	0.3158
283.5	263.533	0.0115753	0.138
288.0	263.533	0.0148187	0.2904
292.5	263.533	0.0112899	0.1664
297.0	263.533	0.00956472	0.1764
301.5	263.533	0.0103295	0.1557
306.0	263.533	0.0161308	0.2776
310.5	263.533	0.0112523	0.135
315.0	263.533	0.00952786	0.1641
319.5	263.533	0.0101044	0.1602
324.0	263.533	0.0103052	0.1592
328.5	263.533	0.00843543	0.1616
333.0	263.533	0.00692277	0.1904
337.5	263.533	0.0121821	0.278
342.0	263.533	0.0111228	0.2007
346.5	263.533	0.00772709	0.1724
351.0	263.533	0.00750077	0.1742
355.5	263.533	0.00938247	0.2511
360.0	263.533	0.00795517	0.2184
364.5	263.533	0.00766188	0.2057
369.0	263.533	0.006432	0.2036
373.5	263.533	0.0074792	0.1661
378.0	263.533	0.00627995	0.1605
382.5	263.533	0.00695241	0.1622
387.0	263.533	0.01072	0.3658
391.5	263.533	0.0153342	0.4868
396.0	263.533	0.00552322	0.2056
400.5	263.533	0.0148543	0.315
405.0	263.533	0.00654218	0.2232
409.5	263.533	0.00437518	0.2079
414.0	263.533	0.010613	0.4012
418.5	263.533	0.00674133	0.3263
423.0	263.533	0.014682	0.3167
427.5	263.533	0.00651282	0.2914
432.0	263.533	0.00564634	0.1845
436.5	263.533	0.0160877	0.545
441.0	263.533	0.0153455	0.3671
445.5	263.533	0.0114293	0.2036
-450.0	266.1	0.0065242	0.1803
-445.5	266.1	0.00717041	0.3946
-441.0	266.1	0.0062753	0.3012
-436.5	266.1	0.00336474	0.2106
-432.0	266.1	0.00397773	0.2053
-427.5	266.1	0.00431436	0.2087
-423.0	266.1	0.00579466	0.1918
-418.5	266.1	0.00458563	0.2196
-414.0	266.1	0.00376434	0.1952
-409.5	266.1	0.00608693	0.2396
-405.0	266.1	0.0057233	0.2627
-400.5	266.1	0.00389202	0.2293
-396.0	266.1	0.00300508	0.2027
-391.5	266.1	0.00541541	0.2298
-387.0	266.1	0.00404071	0.193
-382.5	266.1	0.00291969	0.2273
-378.0	266.1	0.00644541	0.2934
-373.5	266.1	0.00440758	0.1678
-369.0	266.1	0.00525098	0.2139
-364.5	266.1	0.00422715	0.2192
-360.0	266.1	0.006183	0.2087
-355.5	266.1	0.00467769	0.1613
-351.0	266.1	0.00568772	0.1782
-346.5	266.1	0.00705059	0.2011
-342.0	266.1	0.00818722	0.2885
-337.5	266.1	0.0112563	0.4827
-333.0	266.1	0.0067879	0.1772
-328.5	266.1	0.00575686	0.1425
-324.0	266.1	0.00710842	0.1915
-319.5	266.1	0.00715677	0.1363
-315.0	266.1	0.00783203	0.1353
-310.5	266.1	0.00591729	0.1597
-306.0	266.1	0.00571161	0.1304
-301.5	266.1	0.00786099	0.1625
-297.0	266.1	0.00730001	0.1291
-292.5	266.1	0.0082108	0.1412
-288.0	266.1	0.00835242	0.1308
-283.5	266.1	0.00993135	0.1369
-279.0	266.1	0.00876277	0.1458
-274.5	266.1	0.00824904	0.1291
-270.0	266.1	0.00917629	0.1298
-265.5	266.1	0.0131943	0.1382
-261.0	266.1	0.00931408	0.1216
-256.5	266.1	0.00968835	0.1407
-252.0	266.1	0.0164469	0.3674
-247.5	266.1	0.0116624	0.1642
-243.0	266.1	0.0130445	0.1505
-238.5	266.1	0.0125527	0.1664
-234.0	266.1	0.0139669	0.1916
-229.5	266.1	0.0158318	0.231
-225.0	266.1	0.013229	0.1209
-220.5	266.1	0.0162352	0.135
-216.0	266.1	0.0132179	0.1285
-211.5	266.1	0.0207767	0.2619
-207.0	266.1	0.0158291	0.1249
-202.5	266.1	0.0199226	0.1401
-198.0	266.1	0.018299	0.1087
-193.5	266.1	0.0177792	0.1297
-189.0	266.1	0.022681	0.1557
-184.5	266.1	0.0226587	0.117
-180.0	266.1	0.0213462	0.1417
-175.5	266.1	0.023691	0.1191
-171.0	266.1	0.0205415	0.1243
-166.5	266.1	0.0259735	0.2389
-162.0	266.1	0.0206533	0.102
-157.5	266.1	0.0256164	0.1015
-153.0	266.1	0.0236028	0.1164
-148.5	266.1	0.0254376	0.0867
-144.0	266.1	0.028515	0.1209
-139.5	266.1	0.0282703	0.1355
-135.0	266.1	0.0310105	0.1158
-130.5	266.1	0.0277224	0.0908
-126.0	266.1	0.0293644	0.1107
-121.5	266.1	0.0300254	0.1294
-117.0	266.1	0.033922	0.1685
-112.5	266.1	0.0278849	0.0908
-108.0	266.1	0.0300351	0.0888
-103.5	266.1	0.0314097	0.0795
-99.0	266.1	0.0326751	0.1072
-94.5	266.1	0.0271659	0.0698
-90.0	266.1	0.0331816	0.1519
-85.5	266.1	0.0351513	0.0904
-81.0	266.1	0.0297964	0.1525
-76.5	266.1	0.0347662	0.0957
-72.0	266.1	0.0432912	0.1643
-67.5	266.1	0.0328486	0.1064
-63.0	266.1	0.0347575	0.0796
-58.5	266.1	0.0381206	0.1186
-54.0	266.1	0.0407742	0.1042
-49.5	266.1	0.0363659	0.0841
-45.0	266.1	0.0386581	0.1049
-40.5	266.1	0.0351766	0.093
-36.0	266.1	0.0344522	0.0779
-31.5	266.1	0.0387862	0.0938
-27.0	266.1	0.0396185	0.1211
-22.5	266.1	0.0381981	0.1043
-18.0	266.1	0.0415165	0.0813
-13.5	266.1	0.0404113	0.1548
-9.0	266.1	0.0448955	0.1198
-4.5	266.1	0.0453075	0.1865
0.0	266.1	0.0427479	0.1087
4.5	266.1	0.0398073	0.0808
9.0	266.1	0.0398362	0.0998
13.5	266.1	0.0388536	0.1482
18.0	266.1	0.0420599	0.087
22.5	266.1	0.03767	0.1189
27.0	266.1	0.0366196	0.0959
31.5	266.1	0.0464852	0.2051
36.0	266.1	0.0342222	0.1009
40.5	266.1	0.0377224	0.1317
45.0	266.1	0.0354605	0.1072
49.5	266.1	0.0352388	0.0835
54.0	266.1	0.0445455	0.208
58.5	266.1	0.0354369	0.1093
63.0	266.1	0.0404734	0.0993
67.5	266.1	0.0313797	0.0852
72.0	266.1	0.0289122	0.0797
76.5	266.1	0.0353384	0.1066
81.0	266.1	0.0262165	0.0796
85.5	266.1	0.030684	0.0927
90.0	266.1	0.0306402	0.1198
94.5	266.1	0.0277884	0.1109
99.0	266.1	0.0265812	0.1053
103.5	266.1	0.0307494	0.1011
108.0	266.1	0.027767	0.0903
112.5	266.1	0.0291418	0.0978
117.0	266.1	0.0244493	0.0987
121.5	266.1	0.0299305	0.1608
126.0	266.1	0.0258693	0.1545
130.5	266.1	0.0252956	0.1233
135.0	266.1	0.0260101	0.0964
139.5	266.1	0.0180541	0.1057
144.0	266.1	0.0193897	0.1315
148.5	266.1	0.0177554	0.0938
153.0	266.1	0.0258757	0.1914
157.5	266.1	0.0225574	0.1699
162.0	266.1	0.0169478	0.094
166.5	266.1	0.0242939	0.134
171.0	266.1	0.0218611	0.1912
175.5	266.1	0.0154482	0.1287
180.0	266.1	0.0156811	0.1796
184.5	266.1	0.0178758	0.112
189.0	266.1	0.0121509	0.105
193.5	266.1	0.0140114	0.1353
198.0	266.1	0.0138954	0.106
202.5	266.1	0.0172732	0.1618
207.0	266.1	0.0139571	0.1406
211.5	266.1	0.0135155	0.1806
216.0	266.1	0.0124061	0.1301
220.5	266.1	0.0150626	0.1959
225.0	266.1	0.0113913	0.1491
229.5	266.1	0.0143956	0.2247
234.0	266.1	0.0138203	0.1245
238.5	266.1	0.0101726	0.1108
243.0	266.1	0.0101933	0.1502
247.5	266.1	0.0090904	0.1222
252.0	266.1	0.008127	0.119
256.5	266.1	0.0125758	0.1535
261.0	266.1	0.00717879	0.1392
265.5	266.1	0.00981939	0.1337
270.0	266.1	0.0175307	0.3925
274.5	266.1	0.0097667	0.1272
279.0	266.1	0.0106842	0.187
283.5	266.1	0.00796171	0.1503
288.0	266.1	0.00947838	0.138
292.5	266.1	0.0098456	0.149
297.0	266.1	0.00766188	0.1461
301.5	266.1	0.0229032	0.3107
306.0	266.1	0.0118137	0.3337
310.5	266.1	0.00922822	0.1908
315.0	266.1	0.0116571	0.2115
319.5	266.1	0.0102544	0.1571
324.0	266.1	0.0115785	0.2751
328.5	266.1	0.0131911	0.2301
333.0	266.1	0.00693018	0.1505
337.5	266.1	0.00821993	0.1702
342.0	266.1	0.00815093	0.1808
346.5	266.1	0.00815035	0.2011
351.0	266.1	0.0101615	0.2988
355.5	266.1	0.00970974	0.2352
360.0	266.1	0.00642532	0.1752
364.5	266.1	0.00753886	0.3327
369.0	266.1	0.00484067	0.2213
373.5	266.1	0.00710825	0.2134
378.0	266.1	0.00731109	0.2065
382.5	266.1	0.00585693	0.1674
387.0	266.1	0.00851482	0.2667
391.5	266.1	0.00942031	0.3065
396.0	266.1	0.00727967	0.271
400.5	266.1	0.00727248	0.3623
405.0	266.1	0.00518006	0.1933
409.5	266.1	0.00718747	0.1945
414.0	266.1	0.00642123	0.2405
418.5	266.1	0.00561025	0.3014
423.0	266.1	0.00923328	0.3782
427.5	266.1	0.0139923	0.4125
432.0	266.1	0.00587857	0.1565
436.5	266.1	0.00990187	0.327
441.0	266.1	0.00605815	0.1677
445.5	266.1	0.00772648	0.2274
-450.0	268.667	0.00370471	0.2399
-445.5	268.667	0.00521964	0.2927
-441.0	268.667	0.0057254	0.2204
-436.5	268.667	0.00618333	0.2895
-432.0	268.667	0.00585518	0.2014
-427.5	268.667	0.00438064	0.2243
-423.0	268.667	0.00502537	0.187
-418.5	268.667	0.00395627	0.2175
-414.0	268.667	0.00708084	0.2462
-409.5	268.667	0.005079	0.2414
-405.0	268.667	0.00337689	0.2205
-400.5	268.667	0.00508884	0.565
-396.0	268.667	0.00462014	0.2284
-391.5	268.667	0.00549547	0.2042
-387.0	268.667	0.00338422	0.179
-382.5	268.667	0.00368758	0.1939
-378.0	268.667	0.00508077	0.1754
-373.5	268.667	0.00582837	0.2595
-369.0	268.667	0.00637735	0.2444
-364.5	268.667	0.00474812	0.1687
-360.0	268.667	0.00551272	0.1646
-355.5	268.667	0.00562943	0.1943
-351.0	268.667	0.00438715	0.1549
-346.5	268.667	0.00505924	0.1828
-342.0	268.667	0.00687678	0.2281
-337.5	268.667	0.00487794	0.1348
-333.0	268.667	0.0066969	0.1494
-328.5	268.667	0.00590202	0.1506
-324.0	268.667	0.00716002	0.1395
-319.5	268.667	0.0102801	0.193
-315.0	268.667	0.00848066	0.1657
-310.5	268.667	0.00623883	0.1391
-306.0	268.667	0.0156046	0.5124
-301.5	268.667	0.00691577	0.1288
-297.0	268.667	0.00844986	0.1801
-292.5	268.667	0.00891083	0.1412
-288.0	268.667	0.00866829	0.1236
-283.5	268.667	0.00915472	0.153
-279.0	268.667	0.00785638	0.139
-274.5	268.667	0.00955867	0.1317
-270.0	268.667	0.00880401	0.1258
-265.5	268.667	0.0113266	0.1281
-261.0	268.667	0.00851841	0.1295
-256.5	268.667	0.0111257	0.1657
-252.0	268.667	0.0100587	0.136
-247.5	268.667	0.0100611	0.1135
-243.0	268.667	0.00961999	0.1079
-238.5	268.667	0.0108579	0.1209
-234.0	268.667	0.00999874	0.1514
-229.5	268.667	0.0104468	0.098
-225.0	268.667	0.0118515	0.1194
-220.5	268.667	0.0125138	0.1108
-216.0	268.667	0.0114339	0.1073
-211.5	268.667	0.0135231	0.1141
-207.0	268.667	0.0163979	0.1077
-202.5	268.667	0.02635	0.2766
-198.0	268.667	0.0140502	0.1327
-193.5	268.667	0.0179722	0.1155
-189.0	268.667	0.0204432	0.1129
-184.5	268.667	0.0164152	0.106
-180.0	268.667	0.0252523	0.1879
-175.5	268.667	0.0218617	0.1006
-171.0	268.667	0.0182241	0.1088
-166.5	268.667	0.0215075	0.1383
-162.0	268.667	0.0169545	0.0852
-157.5	268.667	0.0248867	0.1044
-153.0	268.667	0.0225609	0.0917
-148.5	268.667	0.0253696	0.1018
-144.0	268.667	0.0281494	0.2179
-139.5	268.667	0.0269661	0.2476
-135.0	268.667	0.0304155	0.1152
-130.5	268.667	0.0269473	0.1195
-126.0	268.667	0.0220949	0.0906
-121.5	268.667	0.0253421	0.093
-117.0	268.667	0.0328936	0.1608
-112.5	268.667	0.0287177	0.0872
-108.0	268.667	0.041667	0.1843
-103.5	268.667	0.0309238	0.1025
-99.0	268.667	0.0295254	0.1587
-94.5	268.667	0.0323426	0.1055
-90.0	268.667	0.0375474	0.1016
-85.5	268.667	0.0370408	0.1066
-81.0	268.667	0.0319794	0.13
-76.5	268.667	0.0335592	0.0976
-72.0	268.667	0.0356256	0.0927
-67.5	268.667	0.0356945	0.125
-63.0	268.667	0.0355359	0.0883
-58.5	268.667	0.043443	0.2045
-54.0	268.667	0.0372767	0.1042
-49.5	268.667	0.0332246	0.084
-45.0	268.667	0.0307947	0.0911
-40.5	268.667	0.0432707	0.1409
-36.0	268.667	0.0329578	0.1011
-31.5	268.667	0.0376071	0.1786
-27.0	268.667	0.0296989	0.0765
-22.5	268.667	0.0325196	0.1128
-18.0	268.667	0.0399913	0.0943
-13.5	268.667	0.0357383	0.078
-9.0	268.667	0.0352852	0.0815
-4.5	268.667	0.0381944	0.0963
0.0	268.667	0.0352824	0.0999
4.5	268.667	0.0347081	0.1039
9.0	268.667	0.04099	0.1078
13.5	268.667	0.0372626	0.1403
18.0	268.667	0.0358496	0.1017
22.5	268.667	0.0289661	0.0844
27.0	268.667	0.0367679	0.1262
31.5	268.667	0.0345925	0.1407
36.0	268.667	0.0319467	0.0875
40.5	268.667	0.0374236	0.1093
45.0	268.667	0.0397539	0.1351
49.5	268.667	0.0372209	0.1161
54.0	268.667	0.032516	0.0844
58.5	268.667	0.0312786	0.0884
63.0	268.667	0.0298922	0.0797
67.5	268.667	0.0370851	0.1395
72.0	268.667	0.0299794	0.1032
76.5	268.667	0.040799	0.2619
81.0	268.667	0.0265665	0.1014
85.5	268.667	0.0296316	0.1219
90.0	268.667	0.0293621	0.1115
94.5	268.667	0.0265614	0.1215
99.0	268.667	0.0278106	0.1384
103.5	268.667	0.0222249	0.0828
108.0	268.667	0.026412	0.1253
112.5	268.667	0.0270405	0.1043
117.0	268.667	0.0225012	0.0824
121.5	268.667	0.0233568	0.0903
126.0	268.667	0.0216424	0.0863
130.5	268.667	0.02796	0.1401
135.0	268.667	0.0224137	0.0948
139.5	268.667	0.0166916	0.0869
144.0	268.667	0.0206493	0.1051
148.5	268.667	0.0210671	0.1267
153.0	268.667	0.020367	0.1155
157.5	268.667	0.0171624	0.1043
162.0	268.667	0.0154109	0.1393
166.5	268.667	0.0304658	0.2667
171.0	268.667	0.0183004	0.1314
175.5	268.667	0.0115995	0.1019
180.0	268.667	0.0152578	0.1268
184.5	268.667	0.0214887	0.2145
189.0	268.667	0.0164654	0.1577
193.5	268.667	0.0157746	0.1381
198.0	268.667	0.012462	0.1236
202.5	268.667	0.0144267	0.101
207.0	268.667	0.0127782	0.1088
211.5	268.667	0.014984	0.3107
216.0	268.667	0.0112575	0.1397
220.5	268.667	0.0106449	0.1344
225.0	268.667	0.0140789	0.1802
229.5	268.667	0.0136406	0.134
234.0	268.667	0.0130038	0.1222
238.5	268.667	0.0114552	0.1158
243.0	268.667	0.0136723	0.1915
247.5	268.667	0.0131362	0.2287
252.0	268.667	0.0087666	0.1758
256.5	268.667	0.0101379	0.192
261.0	268.667	0.0118125	0.313
265.5	268.667	0.0108029	0.1904
270.0	268.667	0.00970553	0.1748
274.5	268.667	0.0089176	0.1237
279.0	268.667	0.00913178	0.1321
283.5	268.667	0.0074966	0.1368
288.0	268.667	0.0102162	0.155
292.5	268.667	0.00959209	0.1388
297.0	268.667	0.00704904	0.1567
301.5	268.667	0.00824882	0.1866
306.0	268.667	0.00820814	0.161
310.5	268.667	0.0077304	0.1375
315.0	268.667	0.00821668	0.1393
319.5	268.667	0.00739539	0.1398
324.0	268.667	0.01186	0.1721
328.5	268.667	0.0092897	0.243
333.0	268.667	0.00510607	0.162
337.5	268.667	0.00772061	0.1558
342.0	268.667	0.00602178	0.1658
346.5	268.667	0.00729617	0.1685
351.0	268.667	0.00724868	0.2423
355.5	268.667	0.0125124	0.4895
360.0	268.667	0.00399471	0.1745
364.5	268.667	0.00584827	0.2101
369.0	268.667	0.00440148	0.1803
373.5	268.667	0.00861817	0.2409
378.0	268.667	0.00861033	0.2403
382.5	268.667	0.00550329	0.1868
387.0	268.667	0.00719242	0.2193
391.5	268.667	0.00540591	0.3043
396.0	268.667	0.00487387	0.1938
400.5	268.667	0.00377246	0.2003
405.0	268.667	0.00722477	0.1885
409.5	268.667	0.00573492	0.1841
414.0	268.667	0.00625675	0.2841
418.5	268.667	0.00484501	0.1824
423.0	268.667	0.00601026	0.3116
427.5	268.667	0.00533309	0.1791
432.0	268.667	0.0052655	0.1708
436.5	268.667	0.0125847	0.3368
441.0	268.667	0.00625179	0.1961
445.5	268.667	0.00874325	0.1704
-450.0	271.233	0.00407	0.2031
-445.5	271.233	0.00421077	0.1754
-441.0	271.233	0.00574498	0.2502
-436.5	271.233	0.00533355	0.2182
-432.0	271.233	0.00445387	0.2261
-427.5	271.233	0.00382448	0.2333
-423.0	271.233	0.00368353	0.2148
-418.5	271.233	0.00426126	0.1982
-414.0	271.233	0.00493083	0.3372
-409.5	271.233	0.00448051	0.2511
-405.0	271.233	0.00319883	0.2063
-400.5	271.233	0.00305393	0.2016
-396.0	271.233	0.00371742	0.1975
-391.5	271.233	0.00498694	0.2377
-387.0	271.233	0.00259955	0.1929
-382.5	271.233	0.00532174	0.2902
-378.0	271.233	0.0060268	0.5262
-373.5	271.233	0.00395501	0.1748
-369.0	271.233	0.00439326	0.1695
-364.5	271.233	0.00523148	0.1701
-360.0	271.233	0.00903754	0.26
-355.5	271.233	0.00693666	0.2175
-351.0	271.233	0.00371808	0.1822
-346.5	271.233	0.00487714	0.2033
-342.0	271.233	0.0073185	0.2518
-337.5	271.233	0.0044513	0.1353
-333.0	271.233	0.00644485	0.151
-328.5	271.233	0.0114771	0.4193
-324.0	271.233	0.0067693	0.1352
-319.5	271.233	0.00757502	0.2829
-315.0	271.233	0.00726466	0.1455
-310.5	271.233	0.00611975	0.1559
-306.0	271.233	0.00940572	0.2735
-301.5	271.233	0.00862896	0.2665
-297.0	271.233	0.00597899	0.153
-292.5	271.233	0.00809937	0.2057
-288.0	271.233	0.00998465	0.2084
-283.5	271.233	0.00681029	0.1694
-279.0	271.233	0.00775711	0.1512
-274.5	271.233	0.00883192	0.1341
-270.0	271.233	0.010097	0.1311
-265.5	271.233	0.0108823	0.1512
-261.0	271.233	0.0101679	0.1344
-256.5	271.233	0.00978213	0.1212
-252.0	271.233	0.0120625	0.2314
-247.5	271.233	0.0112178	0.1244
-243.0	271.233	0.0103492	0.1359
-238.5	271.233	0.00925928	0.1297
-234.0	271.233	0.0122021	0.1318
-229.5	271.233	0.0159907	0.1495
-225.0	271.233	0.0128731	0.1377
-220.5	271.233	0.0100535	0.1143
-216.0	271.233	0.0105579	0.1263
-211.5	271.233	0.0119117	0.1015
-207.0	271.233	0.0169151	0.1533
-202.5	271.233	0.0217304	0.2831
-198.0	271.233	0.0164596	0.1355
-193.5	271.233	0.0144534	0.1037
-189.0	271.233	0.0174833	0.1044
-184.5	271.233	0.0154696	0.1015
-180.0	271.233	0.020645	0.106
-175.5	271.233	0.0190101	0.1619
-171.0	271.233	0.0186341	0.1235
-166.5	271.233	0.0237521	0.1866
-162.0	271.233	0.0195214	0.0872
-157.5	271.233	0.0303588	0.2
-153.0	271.233	0.0227364	0.1159
-148.5	271.233	0.0253634	0.1161
-144.0	271.233	0.0236808	0.1284
-139.5	271.233	0.022984	0.1182
-135.0	271.233	0.0239195	0.0916
-130.5	271.233	0.0239145	0.0967
-126.0	271.233	0.021374	0.0865
-121.5	271.233	0.0259218	0.1578
-117.0	271.233	0.0262691	0.1186
-112.5	271.233	0.0297887	0.1138
-108.0	271.233	0.0256703	0.1336
-103.5	271.233	0.0316996	0.1284
-99.0	271.233	0.0242525	0.0814
-94.5	271.233	0.0262711	0.0772
-90.0	271.233	0.0286951	0.0747
-85.5	271.233	0.0370119	0.1679
-81.0	271.233	0.032844	0.1124
-76.5	271.233	0.0335174	0.0883
-72.0	271.233	0.0312493	0.0915
-67.5	271.233	0.0370232	0.1509
-63.0	271.233	0.0333164	0.1258
-58.5	271.233	0.0376348	0.1267
-54.0	271.233	0.0349077	0.1177
-49.5	271.233	0.0335655	0.0968
-45.0	271.233	0.0378555	0.1837
-40.5	271.233	0.0352114	0.1019
-36.0	271.233	0.034272	0.098
-31.5	271.233	0.0317983	0.0924
-27.0	271.233	0.0352873	0.1064
-22.5	271.233	0.0402242	0.232
-18.0	271.233	0.0373568	0.0841
-13.5	271.233	0.0377736	0.0964
-9.0	271.233	0.0387654	0.1049
-4.5	271.233	0.0367558	0.099
0.0	271.233	0.040754	0.1534
4.5	271.233	0.0524203	0.2486
9.0	271.233	0.0355476	0.132
13.5	271.233	0.0320832	0.1214
18.0	271.233	0.0282349	0.084
22.5	271.233	0.0295312	0.0715
27.0	271.233	0.0261433	0.0864
31.5	271.233	0.0287928	0.0861
36.0	271.233	0.0306003	0.0962
40.5	271.233	0.0269483	0.0882
45.0	271.233	0.0306558	0.1184
49.5	271.233	0.0371387	0.17
54.0	271.233	0.0314298	0.1275
58.5	271.233	0.0283875	0.0796
63.0	271.233	0.0299399	0.0858
67.5	271.233	0.0334993	0.1099
72.0	271.233	0.0293772	0.0911
76.5	271.233	0.0294976	0.1234
81.0	271.233	0.0238332	0.0797
85.5	271.233	0.0228367	0.0889
90.0	271.233	0.028593	0.1589
94.5	271.233	0.02372	0.0887
99.0	271.233	0.0275882	0.1188
103.5	271.233	0.0268262	0.1208
108.0	271.233	0.025136	0.2395
112.5	271.233	0.0212838	0.0871
117.0	271.233	0.0238848	0.1263
121.5	271.233	0.0225178	0.1001
126.0	271.233	0.0316407	0.2178
130.5	271.233	0.0243467	0.1124
135.0	271.233	0.0205037	0.0857
139.5	271.233	0.0185857	0.0883
144.0	271.233	0.0156479	0.1139
148.5	271.233	0.0188324	0.1135
153.0	271.233	0.0157448	0.0979
157.5	271.233	0.0151864	0.0971
162.0	271.233	0.0132877	0.11
166.5	271.233	0.0224606	0.2622
171.0	271.233	0.0138947	0.1181
175.5	271.233	0.0169944	0.1613
180.0	271.233	0.0152531	0.1287
184.5	271.233	0.0141306	0.1123
189.0	271.233	0.0125864	0.1022
193.5	271.233	0.0153667	0.1173
198.0	271.233	0.0146707	0.1127
202.5	271.233	0.0110032	0.104
207.0	271.233	0.0120618	0.1341
211.5	271.233	0.0140604	0.1255
216.0	271.233	0.0112917	0.1282
220.5	271.233	0.00907865	0.1117
225.0	271.233	0.00820273	0.1029
229.5	271.233	0.0112434	0.1015
234.0	271.233	0.011743	0.1603
238.5	271.233	0.0116491	0.1275
243.0	271.233	0.0116346	0.1326
247.5	271.233	0.0102349	0.1412
252.0	271.233	0.00992799	0.1243
256.5	271.233	0.00803826	0.1353
261.0	271.233	0.0118057	0.1644
265.5	271.233	0.00832553	0.1396
270.0	271.233	0.00904049	0.1334
274.5	271.233	0.00816823	0.1407
279.0	271.233	0.00835695	0.1279
283.5	271.233	0.00907512	0.1224
288.0	271.233	0.00763726	0.1334
292.5	271.233	0.00727339	0.118
297.0	271.233	0.00515295	0.1461
301.5	271.233	0.00783489	0.182
306.0	271.233	0.00714991	0.1577
310.5	271.233	0.00779089	0.1496
315.0	271.233	0.0117891	0.2561
319.5	271.233	0.0106988	0.2521
324.0	271.233	0.00912791	0.2153
328.5	271.233	0.00800234	0.1374
333.0	271.233	0.00871523	0.1807
337.5	271.233	0.0078785	0.1659
342.0	271.233	0.00607131	0.1619
346.5	271.233	0.00631872	0.1533
351.0	271.233	0.00696278	0.203
355.5	271.233	0.00532208	0.1669
360.0	271.233	0.00578093	0.2254
364.5	271.233	0.00581332	0.2424
369.0	271.233	0.00473225	0.2068
373.5	271.233	0.00769966	0.2255
378.0	271.233	0.00537372	0.1861
382.5	271.233	0.00499032	0.3028
387.0	271.233	0.00605687	0.2459
391.5	271.233	0.00502415	0.2442
396.0	271.233	0.00434024	0.2536
400.5	271.233	0.00450893	0.2501
405.0	271.233	0.00347816	0.2296
409.5	271.233	0.00475695	0.1941
414.0	271.233	0.00412868	0.1893
418.5	271.233	0.00430987	0.1916
423.0	271.233	0.00528677	0.2151
427.5	271.233	0.00390814	0.1678
432.0	271.233	0.00509395	0.2482
436.5	271.233	0.00772951	0.2482
441.0	271.233	0.00833395	0.1972
445.5	271.233	0.0144618	0.2385
-450.0	273.8	0.0044043	0.1818
-445.5	273.8	0.00321251	0.1868
-441.0	273.8	0.00528771	0.2419
-436.5	273.8	0.00549169	0.2606
-432.0	273.8	0.00556123	0.1895
-427.5	273.8	0.00350899	0.1716
-423.0	273.8	0.0040744	0.2087
-418.5	273.8	0.007525	0.3098
-414.0	273.8	0.00251844	0.2134
-409.5	273.8	0.00305742	0.1944
-405.0	273.8	0.00441575	0.2076
-400.5	273.8	0.00349409	0.2155
-396.0	273.8	0.00522237	0.2096
-391.5	273.8	0.00301328	0.2212
-387.0	273.8	0.00494417	0.1976
-382.5	273.8	0.00384794	0.2071
-378.0	273.8	0.0043082	0.2084
-373.5	273.8	0.0045555	0.2185
-369.0	273.8	0.00400212	0.2216
-364.5	273.8	0.00642735	0.1609
-360.0	273.8	0.0046458	0.158
-355.5	273.8	0.0076367	0.2215
-351.0	273.8	0.00371105	0.1719
-346.5	273.8	0.00436197	0.1454
-342.0	273.8	0.00506393	0.1634
-337.5	273.8	0.00548266	0.1838
-333.0	273.8	0.0078854	0.207
-328.5	273.8	0.00606033	0.2031
-324.0	273.8	0.00604215	0.145
-319.5	273.8	0.00427462	0.1482
-315.0	273.8	0.00635659	0.2092
-310.5	273.8	0.00576654	0.1666
-306.0	273.8	0.00820568	0.3469
-301.5	273.8	0.00690863	0.1402
-297.0	273.8	0.00634554	0.1556
-292.5	273.8	0.0069964	0.1632
-288.0	273.8	0.00630403	0.1634
-283.5	273.8	0.00533086	0.1778
-279.0	273.8	0.00713816	0.1229
-274.5	273.8	0.00901628	0.1327
-270.0	273.8	0.00756539	0.1452
-265.5	273.8	0.00905949	0.1336
-261.0	273.8	0.010972	0.1197
-256.5	273.8	0.00964426	0.1171
-252.0	273.8	0.00917089	0.1249
-247.5	273.8	0.0115096	0.144
-243.0	273.8	0.00928612	0.1256
-238.5	273.8	0.0113113	0.1432
-234.0	273.8	0.0103396	0.1264
-229.5	273.8	0.0117837	0.1102
-225.0	273.8	0.0152773	0.175
-220.5	273.8	0.0112827	0.1143
-216.0	273.8	0.0137391	0.1235
-211.5	273.8	0.0145166	0.1239
-207.0	273.8	0.0112346	0.1042
-202.5	273.8	0.0138504	0.1249
-198.0	273.8	0.0128637	0.1103
-193.5	273.8	0.0118865	0.1007
-189.0	273.8	0.0189166	0.1266
-184.5	273.8	0.018096	0.2191
-180.0	273.8	0.0199734	0.1509
-175.5	273.8	0.0171447	0.1152
-171.0	273.8	0.0170126	0.0885
-166.5	273.8	0.0221956	0.2052
-162.0	273.8	0.0184116	0.1085
-157.5	273.8	0.021686	0.0995
-153.0	273.8	0.0214514	0.1371
-148.5	273.8	0.0185617	0.116
-144.0	273.8	0.021565	0.1103
-139.5	273.8	0.0186999	0.0777
-135.0	273.8	0.0225412	0.1005
-130.5	273.8	0.0172963	0.094
-126.0	273.8	0.0196774	0.0846
-121.5	273.8	0.0206718	0.0864
-117.0	273.8	0.026329	0.1402
-112.5	273.8	0.0288714	0.1081
-108.0	273.8	0.0247161	0.1116
-103.5	273.8	0.0304744	0.1384
-99.0	273.8	0.023798	0.1317
-94.5	273.8	0.0252962	0.1009
-90.0	273.8	0.0229395	0.0755
-85.5	273.8	0.0250112	0.0883
-81.0	273.8	0.0306066	0.0898
-76.5	273.8	0.0329472	0.0782
-72.0	273.8	0.0277092	0.0927
-67.5	273.8	0.0270696	0.08
-63.0	273.8	0.0277814	0.0966
-58.5	273.8	0.0308817	0.0848
-54.0	273.8	0.0341478	0.1452
-49.5	273.8	0.0352553	0.0928
-45.0	273.8	0.0316262	0.1174
-40.5	273.8	0.0363764	0.1269
-36.0	273.8	0.035783	0.0871
-31.5	273.8	0.0295809	0.1012
-27.0	273.8	0.0376264	0.1092
-22.5	273.8	0.0376955	0.2301
-18.0	273.8	0.0483925	0.1548
-13.5	273.8	0.0339401	0.1279
-9.0	273.8	0.0333774	0.0939
-4.5	273.8	0.034927	0.0798
0.0	273.8	0.0326704	0.1182
4.5	273.8	0.036824	0.121
9.0	273.8	0.0373092	0.1438
13.5	273.8	0.0294814	0.09
18.0	273.8	0.0312085	0.083
22.5	273.8	0.0302982	0.0977
27.0	273.8	0.0271296	0.0794
31.5	273.8	0.0263017	0.088
36.0	273.8	0.0288095	0.0907
40.5	273.8	0.0286762	0.1356
45.0	273.8	0.0372109	0.1239
49.5	273.8	0.0305225	0.0823
54.0	273.8	0.0379683	0.1469
58.5	273.8	0.0316808	0.1196
63.0	273.8	0.0292103	0.0941
67.5	273.8	0.0252366	0.1011
72.0	273.8	0.0264151	0.0876
76.5	273.8	0.0276052	0.1266
81.0	273.8	0.0278841	0.1109
85.5	273.8	0.0211327	0.0907
90.0	273.8	0.0234719	0.1111
94.5	273.8	0.0246263	0.0969
99.0	273.8	0.0223093	0.0884
103.5	273.8	0.0262338	0.113
108.0	273.8	0.0201254	0.0889
112.5	273.8	0.0233109	0.1024
117.0	273.8	0.0252185	0.0931
121.5	273.8	0.0192941	0.0924
126.0	273.8	0.0225754	0.1017
130.5	273.8	0.0219691	0.1349
135.0	273.8	0.0200062	0.0944
139.5	273.8	0.0204521	0.1536
144.0	273.8	0.0162916	0.0869
148.5	273.8	0.0170161	0.0947
153.0	273.8	0.0172348	0.135
157.5	273.8	0.0143892	0.0872
162.0	273.8	0.0149234	0.1239
166.5	273.8	0.0135833	0.1112
171.0	273.8	0.0134719	0.1172
175.5	273.8	0.0175555	0.1038
180.0	273.8	0.0138155	0.151
184.5	273.8	0.0157494	0.1185
189.0	273.8	0.012375	0.0994
193.5	273.8	0.0171871	0.2233
198.0	273.8	0.0109876	0.1056
202.5	273.8	0.0108925	0.1013
207.0	273.8	0.0123479	0.1368
211.5	273.8	0.0106656	0.1055
216.0	273.8	0.00927622	0.1361
220.5	273.8	0.0114052	0.1035
225.0	273.8	0.01128	0.1008
229.5	273.8	0.0106243	0.1104
234.0	273.8	0.00931614	0.1127
238.5	273.8	0.0120433	0.1336
243.0	273.8	0.0119515	0.1712
247.5	273.8	0.0111127	0.1882
252.0	273.8	0.0112779	0.1417
256.5	273.8	0.00810574	0.133
261.0	273.8	0.00881439	0.1567
265.5	273.8	0.0080236	0.1268
270.0	273.8	0.00679887	0.1205
274.5	273.8	0.00771654	0.1206
279.0	273.8	0.0106529	0.1491
283.5	273.8	0.00817273	0.1229
288.0	273.8	0.00929206	0.1407
292.5	273.8	0.00757817	0.135
297.0	273.8	0.00830588	0.2161
301.5	273.8	0.00702839	0.1613
306.0	273.8	0.00811696	0.2618
310.5	273.8	0.00559883	0.145
315.0	273.8	0.00605785	0.1553
319.5	273.8	0.00762804	0.1504
324.0	273.8	0.00665545	0.1525
328.5	273.8	0.00706344	0.1744
333.0	273.8	0.00522179	0.1487
337.5	273.8	0.00617812	0.1427
342.0	273.8	0.00752156	0.1588
346.5	273.8	0.00461338	0.1605
351.0	273.8	0.00445691	0.151
355.5	273.8	0.00417762	0.1485
360.0	273.8	0.00755457	0.1711
364.5	273.8	0.00475487	0.184
369.0	273.8	0.00663002	0.2773
373.5	273.8	0.00474152	0.2609
378.0	273.8	0.00585031	0.2452
382.5	273.8	0.00489805	0.2683
387.0	273.8	0.00530626	0.1987
391.5	273.8	0.00429683	0.2311
396.0	273.8	0.00396156	0.192
400.5	273.8	0.00505063	0.228
405.0	273.8	0.00467885	0.2147
409.5	273.8	0.00433742	0.2149
414.0	273.8	0.00318275	0.235
418.5	273.8	0.00517472	0.2007
423.0	273.8	0.00686913	0.3909
427.5	273.8	0.00525196	0.1826
432.0	273.8	0.00544154	0.3093
436.5	273.8	0.00653024	0.2036
441.0	273.8	0.00715712	0.2835
445.5	273.8	0.00393868	0.2151
-450.0	276.367	0.00542986	0.2324
-445.5	276.367	0.0104409	0.4941
-441.0	276.367	0.00567907	0.1983
-436.5	276.367	0.00487617	0.2562
-432.0	276.367	0.00411668	0.2489
-427.5	276.367	0.00210107	0.2063
-423.0	276.367	0.00487152	0.2247
-418.5	276.367	0.00346435	0.2079
-414.0	276.367	0.00420284	0.2257
-409.5	276.367	0.00346602	0.2128
-405.0	276.367	0.00456621	0.1844
-400.5	276.367	0.00419685	0.198
-396.0	276.367	0.0052062	0.2135
-391.5	276.367	0.00359275	0.1992
-387.0	276.367	0.00381051	0.2013
-382.5	276.367	0.00570967	0.2586
-378.0	276.367	0.0047732	0.2056
-373.5	276.367	0.00403676	0.192
-369.0	276.367	0.00484024	0.1811
-364.5	276.367	0.00632122	0.1819
-360.0	276.367	0.00483039	0.1748
-355.5	276.367	0.00368495	0.156
-351.0	276.367	0.00386983	0.1529
-346.5	276.367	0.00567986	0.1735
-342.0	276.367	0.00598863	0.194
-337.5	276.367	0.00681286	0.1593
-333.0	276.367	0.00911129	0.3856
-328.5	276.367	0.00586252	0.1575
-324.0	276.367	0.00609126	0.1636
-319.5	276.367	0.00602368	0.141
-315.0	276.367	0.00436403	0.1599
-310.5	276.367	0.00582238	0.2001
-306.0	276.367	0.00598975	0.1569
-301.5	276.367	0.00889069	0.1403
-297.0	276.367	0.00923674	0.1493
-292.5	276.367	0.00859729	0.2023
-288.0	276.367	0.00507885	0.16
-283.5	276.367	0.00827825	0.2519
-279.0	276.367	0.00845645	0.1659
-274.5	276.367	0.00785926	0.1438
-270.0	276.367	0.00798931	0.1264
-265.5	276.367	0.00818692	0.1195
-261.0	276.367	0.0100988	0.1323
-256.5	276.367	0.009908	0.1397
-252.0	276.367	0.0107071	0.1781
-247.5	276.367	0.00899695	0.1583
-243.0	276.367	0.00962856	0.1249
-238.5	276.367	0.0141293	0.2386
-234.0	276.367	0.00919392	0.1253
-229.5	276.367	0.0135296	0.1744
-225.0	276.367	0.0116446	0.1193
-220.5	276.367	0.011324	0.1121
-216.0	276.367	0.0129005	0.1128
-211.5	276.367	0.0124922	0.1311
-207.0	276.367	0.0151973	0.1038
-202.5	276.367	0.0114033	0.1311
-198.0	276.367	0.0148721	0.1276
-193.5	276.367	0.0132204	0.104
-189.0	276.367	0.0140635	0.1025
-184.5	276.367	0.0116154	0.0974
-180.0	276.367	0.023609	0.1963
-175.5	276.367	0.0173788	0.129
-171.0	276.367	0.0176637	0.1128
-166.5	276.367	0.0175477	0.1149
-162.0	276.367	0.0175409	0.0956
-157.5	276.367	0.0196642	0.0938
-153.0	276.367	0.016108	0.0888
-148.5	276.367	0.0217529	0.1384
-144.0	276.367	0.0222977	0.1194
-139.5	276.367	0.0208995	0.1056
-135.0	276.367	0.0216646	0.1111
-130.5	276.367	0.0181646	0.1234
-126.0	276.367	0.0198624	0.095
-121.5	276.367	0.0188059	0.0924
-117.0	276.367	0.0237279	0.0911
-112.5	276.367	0.0211922	0.0792
-108.0	276.367	0.024661	0.1085
-103.5	276.367	0.0308938	0.1136
-99.0	276.367	0.0262001	0.1181
-94.5	276.367	0.0240126	0.1321
-90.0	276.367	0.0250087	0.1009
-85.5	276.367	0.0289145	0.1237
-81.0	276.367	0.023598	0.0809
-76.5	276.367	0.0310577	0.1243
-72.0	276.367	0.0240002	0.0908
-67.5	276.367	0.0254364	0.1008
-63.0	276.367	0.0338323	0.128
-58.5	276.367	0.0277827	0.0931
-54.0	276.367	0.0331997	0.1499
-49.5	276.367	0.0355002	0.0961
-45.0	276.367	0.032537	0.1101
-40.5	276.367	0.0294048	0.0916
-36.0	276.367	0.0315927	0.1026
-31.5	276.367	0.0324568	0.0775
-27.0	276.367	0.0371139	0.2153
-22.5	276.367	0.024843	0.0778
-18.0	276.367	0.0340278	0.1469
-13.5	276.367	0.0356197	0.1397
-9.0	276.367	0.0329698	0.1306
-4.5	276.367	0.0395029	0.1067
0.0	276.367	0.0294423	0.0859
4.5	276.367	0.0250789	0.0772
9.0	276.367	0.0305283	0.0809
13.5	276.367	0.0273674	0.0778
18.0	276.367	0.0307973	0.0955
22.5	276.367	0.0260845	0.0692
27.0	276.367	0.0275214	0.0775
31.5	276.367	0.0308092	0.076
36.0	276.367	0.035207	0.1833
40.5	276.367	0.0289664	0.1
45.0	276.367	0.0249385	0.0774
49.5	276.367	0.0306143	0.1023
54.0	276.367	0.0280875	0.0949
58.5	276.367	0.0264457	0.0831
63.0	276.367	0.0301233	0.0976
67.5	276.367	0.0220301	0.1019
72.0	276.367	0.0269358	0.1155
76.5	276.367	0.0299534	0.1246
81.0	276.367	0.0262801	0.1112
85.5	276.367	0.0205493	0.0989
90.0	276.367	0.0232026	0.1186
94.5	276.367	0.0199057	0.0829
99.0	276.367	0.020625	0.0839
103.5	276.367	0.021276	0.0973
108.0	276.367	0.0201657	0.105
112.5	276.367	0.0255888	0.1942
117.0	276.367	0.0217695	0.0945
121.5	276.367	0.0196252	0.1218
126.0	276.367	0.0219959	0.132
130.5	276.367	0.0193305	0.0923
135.0	276.367	0.0183773	0.1138
139.5	276.367	0.0197467	0.1235
144.0	276.367	0.0184939	0.0988
148.5	276.367	0.0188651	0.1494
153.0	276.367	0.0144104	0.1127
157.5	276.367	0.014453	0.0905
162.0	276.367	0.0169647	0.1636
166.5	276.367	0.0155565	0.0997
171.0	276.367	0.0127628	0.1149
175.5	276.367	0.014216	0.108
180.0	276.367	0.0118046	0.0903
184.5	276.367	0.0142061	0.1906
189.0	276.367	0.0114	0.0902
193.5	276.367	0.0133538	0.1015
198.0	276.367	0.0111594	0.1613
202.5	276.367	0.014924	0.1253
207.0	276.367	0.0101694	0.1238
211.5	276.367	0.0139763	0.1628
216.0	276.367	0.0109542	0.1672
220.5	276.367	0.0137353	0.1651
225.0	276.367	0.0106093	0.1062
229.5	276.367	0.0104457	0.1131
234.0	276.367	0.00855137	0.1217
238.5	276.367	0.00815455	0.1279
243.0	276.367	0.00865049	0.118
247.5	276.367	0.00776755	0.1101
252.0	276.367	0.0110881	0.2768
256.5	276.367	0.0124219	0.1744
261.0	276.367	0.00888004	0.2007
265.5	276.367	0.0120134	0.1618
270.0	276.367	0.00677714	0.1241
274.5	276.367	0.00574758	0.1154
279.0	276.367	0.00805517	0.1245
283.5	276.367	0.00865891	0.1364
288.0	276.367	0.00878277	0.1554
292.5	276.367	0.00809679	0.1247
297.0	276.367	0.0093074	0.2463
301.5	276.367	0.00556468	0.1477
306.0	276.367	0.00742411	0.2207
310.5	276.367	0.00529653	0.1406
315.0	276.367	0.00638911	0.1458
319.5	276.367	0.00622833	0.1418
324.0	276.367	0.00708901	0.1433
328.5	276.367	0.00559778	0.1841
333.0	276.367	0.00745791	0.3963
337.5	276.367	0.00874914	0.2115
342.0	276.367	0.0104615	0.3737
346.5	276.367	0.00851404	0.215
351.0	276.367	0.00523429	0.177
355.5	276.367	0.00400135	0.1413
360.0	276.367	0.00452531	0.1808
364.5	276.367	0.00792465	0.3102
369.0	276.367	0.00579267	0.1683
373.5	276.367	0.00344628	0.1961
378.0	276.367	0.00521691	0.2104
382.5	276.367	0.0074613	0.2778
387.0	276.367	0.00495837	0.3536
391.5	276.367	0.00402603	0.2418
396.0	276.367	0.00628851	0.3155
400.5	276.367	0.0043546	0.202
405.0	276.367	0.00431689	0.2743
409.5	276.367	0.00295837	0.2814
414.0	276.367	0.00422436	0.2079
418.5	276.367	0.00554477	0.2346
423.0	276.367	0.00381429	0.1967
427.5	276.367	0.00520645	0.1894
432.0	276.367	0.00508213	0.19
436.5	276.367	0.00455039	0.1853
441.0	276.367	0.00671422	0.2202
445.5	276.367	0.00444782	0.2375
-450.0	278.933	0.00899853	0.5213
-445.5	278.933	0.00304397	0.2109
-441.0	278.933	0.00689883	0.4596
-436.5	278.933	0.00243656	0.2021
-432.0	278.933	0.00340942	0.2772
-427.5	278.933	0.00226434	0.2543
-423.0	278.933	0.00307986	0.2821
-418.5	278.933	0.00449827	0.2031
-414.0	278.933	0.00477549	0.2412
-409.5	278.933	0.00369881	0.1862
-405.0	278.933	0.00492149	0.2188
-400.5	278.933	0.00460777	0.2239
-396.0	278.933	0.0045309	0.2115
-391.5	278.933	0.00315194	0.1714
-387.0	278.933	0.00460744	0.2458
-382.5	278.933	0.00392476	0.1772
-378.0	278.933	0.00509143	0.4678
-373.5	278.933	0.00452008	0.151
-369.0	278.933	0.00486262	0.1663
-364.5	278.933	0.00592279	0.3339
-360.0	278.933	0.00511235	0.1726
-355.5	278.933	0.00536851	0.1658
-351.0	278.933	0.00572383	0.3002
-346.5	278.933	0.00515391	0.1475
-342.0	278.933	0.00603006	0.1725
-337.5	278.933	0.00512007	0.138
-333.0	278.933	0.0106063	0.1961
-328.5	278.933	0.00659386	0.2155
-324.0	278.933	0.00541185	0.1554
-319.5	278.933	0.00722036	0.205
-315.0	278.933	0.00638719	0.1646
-310.5	278.933	0.0055508	0.1897
-306.0	278.933	0.00676719	0.1546
-301.5	278.933	0.00546854	0.1315
-297.0	278.933	0.00687272	0.1491
-292.5	278.933	0.00786758	0.1408
-288.0	278.933	0.00543257	0.1397
-283.5	278.933	0.00777844	0.1352
-279.0	278.933	0.00705048	0.1598
-274.5	278.933	0.00625911	0.1577
-270.0	278.933	0.00641434	0.1216
-265.5	278.933	0.00779659	0.1652
-261.0	278.933	0.00752557	0.1161
-256.5	278.933	0.00768021	0.1239
-252.0	278.933	0.00770957	0.1213
-247.5	278.933	0.0100264	0.1202
-243.0	278.933	0.00957154	0.1266
-238.5	278.933	0.0108259	0.1365
-234.0	278.933	0.0104281	0.1311
-229.5	278.933	0.011132	0.1366
-225.0	278.933	0.0112818	0.1168
-220.5	278.933	0.0117283	0.1576
-216.0	278.933	0.0101497	0.0982
-211.5	278.933	0.0105062	0.1189
-207.0	278.933	0.0146117	0.1245
-202.5	278.933	0.0123673	0.1241
-198.0	278.933	0.0148076	0.1953
-193.5	278.933	0.0132252	0.0973
-189.0	278.933	0.0162833	0.1044
-184.5	278.933	0.0121113	0.1085
-180.0	278.933	0.0147706	0.1127
-175.5	278.933	0.0172067	0.1201
-171.0	278.933	0.0201693	0.1349
-166.5	278.933	0.0180057	0.1058
-162.0	278.933	0.018187	0.0959
-157.5	278.933	0.0171537	0.0894
-153.0	278.933	0.0150846	0.0919
-148.5	278.933	0.0169379	0.1019
-144.0	278.933	0.0176774	0.0901
-139.5	278.933	0.0191749	0.0925
-135.0	278.933	0.0220478	0.1546
-130.5	278.933	0.0193518	0.0841
-126.0	278.933	0.0210673	0.1122
-121.5	278.933	0.017945	0.0944
-117.0	278.933	0.0224714	0.0966
-112.5	278.933	0.0185566	0.0958
-108.0	278.933	0.0238747	0.1075
-103.5	278.933	0.0237714	0.1023
-99.0	278.933	0.022916	0.117
-94.5	278.933	0.0218254	0.096
-90.0	278.933	0.0223531	0.086
-85.5	278.933	0.0331932	0.2167
-81.0	278.933	0.0242474	0.1052
-76.5	278.933	0.0327388	0.1176
-72.0	278.933	0.0286835	0.1096
-67.5	278.933	0.0292156	0.1034
-63.0	278.933	0.0255674	0.0783
-58.5	278.933	0.031323	0.131
-54.0	278.933	0.0312742	0.1311
-49.5	278.933	0.028546	0.0838
-45.0	278.933	0.0278871	0.0828
-40.5	278.933	0.0284094	0.1106
-36.0	278.933	0.0315671	0.1686
-31.5	278.933	0.0268531	0.0775
-27.0	278.933	0.0353188	0.1517
-22.5	278.933	0.0213474	0.0844
-18.0	278.933	0.0301607	0.0859
-13.5	278.933	0.0299703	0.1208
-9.0	278.933	0.0254602	0.0944
-4.5	278.933	0.0283826	0.0797
0.0	278.933	0.0270024	0.074
4.5	278.933	0.026512	0.1009
9.0	278.933	0.027778	0.08
13.5	278.933	0.0283715	0.1229
18.0	278.933	0.032016	0.1164
22.5	278.933	0.0326171	0.1795
27.0	278.933	0.0309405	0.1411
31.5	278.933	0.0293835	0.1228
36.0	278.933	0.0310972	0.1236
40.5	278.933	0.028959	0.1288
45.0	278.933	0.0278487	0.0875
49.5	278.933	0.0306715	0.1349
54.0	278.933	0.026329	0.0995
58.5	278.933	0.0273719	0.1234
63.0	278.933	0.0260366	0.1253
67.5	278.933	0.0189373	0.0837
72.0	278.933	0.0260561	0.1421
76.5	278.933	0.0236961	0.0886
81.0	278.933	0.0269191	0.1226
85.5	278.933	0.0248532	0.1559
90.0	278.933	0.0269064	0.1436
94.5	278.933	0.0222881	0.0956
99.0	278.933	0.020587	0.0992
103.5	278.933	0.024357	0.1281
108.0	278.933	0.0212346	0.1083
112.5	278.933	0.0174162	0.0913
117.0	278.933	0.0181738	0.096
121.5	278.933	0.0223541	0.1076
126.0	278.933	0.0191594	0.153
130.5	278.933	0.0176158	0.102
135.0	278.933	0.0128346	0.1
139.5	278.933	0.0220678	0.1232
144.0	278.933	0.0198852	0.1188
148.5	278.933	0.0166089	0.0948
153.0	278.933	0.0156315	0.1037
157.5	278.933	0.0136374	0.1094
162.0	278.933	0.0143648	0.1115
166.5	278.933	0.0151616	0.1035
171.0	278.933	0.0129326	0.1055
175.5	278.933	0.01697	0.2728
180.0	278.933	0.0137911	0.1322
184.5	278.933	0.0115847	0.1188
189.0	278.933	0.0101952	0.109
193.5	278.933	0.0144031	0.1387
198.0	278.933	0.0140009	0.1617
202.5	278.933	0.0155091	0.22
207.0	278.933	0.00942196	0.1057
211.5	278.933	0.0117644	0.1284
216.0	278.933	0.0109584	0.1117
220.5	278.933	0.00959262	0.1293
225.0	278.933	0.0114361	0.1224
229.5	278.933	0.0105751	0.1293
234.0	278.933	0.00932608	0.1125
238.5	278.933	0.00811718	0.1201
243.0	278.933	0.00832611	0.1227
247.5	278.933	0.00742292	0.1157
252.0	278.933	0.0088821	0.143
256.5	278.933	0.00683004	0.1649
261.0	278.933	0.00783192	0.1509
265.5	278.933	0.0104328	0.1275
270.0	278.933	0.00777663	0.1254
274.5	278.933	0.00586893	0.1336
279.0	278.933	0.00853928	0.1379
283.5	278.933	0.00981813	0.1997
288.0	278.933	0.00688268	0.1429
292.5	278.933	0.00808398	0.1687
297.0	278.933	0.00740832	0.1355
301.5	278.933	0.00840519	0.167
306.0	278.933	0.00709855	0.138
310.5	278.933	0.00704665	0.1848
315.0	278.933	0.00608944	0.1346
319.5	278.933	0.00724159	0.1519
324.0	278.933	0.00806848	0.1791
328.5	278.933	0.00723493	0.2112
333.0	278.933	0.00476785	0.167
337.5	278.933	0.006395	0.1865
342.0	278.933	0.0072572	0.212
346.5	278.933	0.00856836	0.19
351.0	278.933	0.00695571	0.2137
355.5	278.933	0.00526459	0.1804
360.0	278.933	0.0038545	0.1964
364.5	278.933	0.00632785	0.2089
369.0	278.933	0.00559295	0.1742
373.5	278.933	0.00397984	0.1708
378.0	278.933	0.00609632	0.2518
382.5	278.933	0.00771256	0.4102
387.0	278.933	0.00480039	0.2024
391.5	278.933	0.0056072	0.2319
396.0	278.933	0.00417038	0.3293
400.5	278.933	0.00323605	0.2215
405.0	278.933	0.00454635	0.1902
409.5	278.933	0.00458074	0.2359
414.0	278.933	0.00853654	0.5257
418.5	278.933	0.00458087	0.1989
423.0	278.933	0.00464303	0.2104
427.5	278.933	0.00543863	0.2002
432.0	278.933	0.00583218	0.2435
436.5	278.933	0.00786197	0.1973
441.0	278.933	0.00615255	0.2773
445.5	278.933	0.0064501	0.1753
-450.0	281.5	0.00498335	0.2379
-445.5	281.5	0.00530296	0.2569
-441.0	281.5	0.00380751	0.2256
-436.5	281.5	0.00381271	0.2276
-432.0	281.5	0.00350944	0.2805
-427.5	281.5	0.00255295	0.2106
-423.0	281.5	0.00300349	0.2049
-418.5	281.5	0.00591397	0.2839
-414.0	281.5	0.00473152	0.2126
-409.5	281.5	0.00376285	0.256
-405.0	281.5	0.00297462	0.1893
-400.5	281.5	0.00376603	0.244
-396.0	281.5	0.00247999	0.1991
-391.5	281.5	0.00361447	0.1858
-387.0	281.5	0.00363268	0.1761
-382.5	281.5	0.00434007	0.2972
-378.0	281.5	0.00433576	0.2544
-373.5	281.5	0.00487465	0.145
-369.0	281.5	0.00294192	0.1768
-364.5	281.5	0.00300512	0.1603
-360.0	281.5	0.00383673	0.1484
-355.5	281.5	0.00495586	0.1663
-351.0	281.5	0.00457057	0.1826
-346.5	281.5	0.00463416	0.1467
-342.0	281.5	0.00627932	0.2212
-337.5	281.5	0.00574091	0.1963
-333.0	281.5	0.00610528	0.1932
-328.5	281.5	0.00557745	0.2132
-324.0	281.5	0.00608407	0.1579
-319.5	281.5	0.00316337	0.1632
-315.0	281.5	0.00683784	0.1422
-310.5	281.5	0.00764316	0.1693
-306.0	281.5	0.00744514	0.1469
-301.5	281.5	0.0064582	0.1462
-297.0	281.5	0.00578005	0.1622
-292.5	281.5	0.00659151	0.1573
-288.0	281.5	0.00640453	0.1493
-283.5	281.5	0.0094325	0.139
-279.0	281.5	0.00770874	0.1376
-274.5	281.5	0.00695664	0.1528
-270.0	281.5	0.00669676	0.2029
-265.5	281.5	0.00857616	0.1374
-261.0	281.5	0.00860286	0.1361
-256.5	281.5	0.00690595	0.1306
-252.0	281.5	0.00843113	0.1204
-247.5	281.5	0.00971855	0.1261
-243.0	281.5	0.009855	0.1212
-238.5	281.5	0.0101592	0.1661
-234.0	281.5	0.0093864	0.122
-229.5	281.5	0.00991459	0.1257
-225.0	281.5	0.0108254	0.1078
-220.5	281.5	0.0128066	0.1277
-216.0	281.5	0.0120256	0.1202
-211.5	281.5	0.0119788	0.1467
-207.0	281.5	0.0119954	0.1141
-202.5	281.5	0.0111923	0.1142
-198.0	281.5	0.0122355	0.1031
-193.5	281.5	0.0128698	0.1211
-189.0	281.5	0.0145375	0.0998
-184.5	281.5	0.0161946	0.1787
-180.0	281.5	0.0167455	0.115
-175.5	281.5	0.0151289	0.1069
-171.0	281.5	0.0164016	0.1258
-166.5	281.5	0.0150503	0.1042
-162.0	281.5	0.0144121	0.0906
-157.5	281.5	0.015433	0.0991
-153.0	281.5	0.016801	0.1182
-148.5	281.5	0.0148084	0.0889
-144.0	281.5	0.019261	0.1092
-139.5	281.5	0.0177196	0.1304
-135.0	281.5	0.0172036	0.0843
-130.5	281.5	0.0218397	0.1159
-126.0	281.5	0.0187175	0.0885
-121.5	281.5	0.0202446	0.1056
-117.0	281.5	0.0231665	0.1097
-112.5	281.5	0.0176968	0.0867
-108.0	281.5	0.0219487	0.0883
-103.5	281.5	0.0188141	0.1072
-99.0	281.5	0.0224166	0.0937
-94.5	281.5	0.0223821	0.0969
-90.0	281.5	0.0235145	0.0832
-85.5	281.5	0.0211013	0.0888
-81.0	281.5	0.0227262	0.0859
-76.5	281.5	0.027093	0.0964
-72.0	281.5	0.0207472	0.0865
-67.5	281.5	0.0278167	0.1171
-63.0	281.5	0.0336737	0.1451
-58.5	281.5	0.0302592	0.0757
-54.0	281.5	0.0301047	0.1479
-49.5	281.5	0.0222222	0.0788
-45.0	281.5	0.0269278	0.0767
-40.5	281.5	0.0305964	0.11
-36.0	281.5	0.0296257	0.0967
-31.5	281.5	0.0257629	0.0893
-27.0	281.5	0.0234633	0.075
-22.5	281.5	0.0269015	0.1128
-18.0	281.5	0.0304307	0.091
-13.5	281.5	0.0263363	0.0862
-9.0	281.5	0.0285322	0.094
-4.5	281.5	0.0252372	0.095
0.0	281.5	0.0310707	0.0962
4.5	281.5	0.0242214	0.0929
9.0	281.5	0.0289047	0.0749
13.5	281.5	0.0294435	0.113
18.0	281.5	0.028043	0.0916
22.5	281.5	0.0315867	0.0871
27.0	281.5	0.0255495	0.0823
31.5	281.5	0.0289269	0.1037
36.0	281.5	0.0348773	0.1301
40.5	281.5	0.0276829	0.1734
45.0	281.5	0.0236754	0.0793
49.5	281.5	0.0259976	0.1471
54.0	281.5	0.0259878	0.0904
58.5	281.5	0.0239539	0.0832
63.0	281.5	0.0243624	0.1059
67.5	281.5	0.0201632	0.0852
72.0	281.5	0.0239031	0.1453
76.5	281.5	0.0214554	0.0991
81.0	281.5	0.0236488	0.1197
85.5	281.5	0.023613	0.0952
90.0	281.5	0.0235774	0.0888
94.5	281.5	0.018974	0.0891
99.0	281.5	0.0190628	0.0817
103.5	281.5	0.0189335	0.086
108.0	281.5	0.0208633	0.1093
112.5	281.5	0.0198591	0.097
117.0	281.5	0.0227514	0.2041
121.5	281.5	0.0194906	0.1357
126.0	281.5	0.0161081	0.1205
130.5	281.5	0.0160639	0.0951
135.0	281.5	0.0150609	0.1095
139.5	281.5	0.0174316	0.1232
144.0	281.5	0.015394	0.106
148.5	281.5	0.0155432	0.0952
153.0	281.5	0.0168936	0.098
157.5	281.5	0.0146069	0.0992
162.0	281.5	0.0150261	0.1351
166.5	281.5	0.0140565	0.0987
171.0	281.5	0.0187638	0.1723
175.5	281.5	0.0168121	0.2033
180.0	281.5	0.0132725	0.1227
184.5	281.5	0.0141776	0.147
189.0	281.5	0.0120385	0.1173
193.5	281.5	0.01005	0.1127
198.0	281.5	0.0118396	0.1301
202.5	281.5	0.0154263	0.2761
207.0	281.5	0.00807999	0.1158
211.5	281.5	0.0102543	0.1844
216.0	281.5	0.00819323	0.1162
220.5	281.5	0.0127998	0.1962
225.0	281.5	0.0105772	0.1279
229.5	281.5	0.0121204	0.1331
234.0	281.5	0.0115687	0.1504
238.5	281.5	0.00819621	0.1463
243.0	281.5	0.0118236	0.1963
247.5	281.5	0.00963545	0.1249
252.0	281.5	0.00794696	0.15
256.5	281.5	0.0074177	0.1578
261.0	281.5	0.00771201	0.1762
265.5	281.5	0.0105102	0.1386
270.0	281.5	0.0103	0.2204
274.5	281.5	0.00806681	0.1451
279.0	281.5	0.0117483	0.3603
283.5	281.5	0.00941285	0.1939
288.0	281.5	0.00642536	0.1286
292.5	281.5	0.00778459	0.236
297.0	281.5	0.00733959	0.1854
301.5	281.5	0.00813406	0.2588
306.0	281.5	0.00765148	0.1552
310.5	281.5	0.00617351	0.1407
315.0	281.5	0.00727227	0.1725
319.5	281.5	0.0085798	0.1497
324.0	281.5	0.00810453	0.1728
328.5	281.5	0.0059022	0.1388
333.0	281.5	0.00486526	0.1552
337.5	281.5	0.00473119	0.1597
342.0	281.5	0.00855708	0.2209
346.5	281.5	0.00508527	0.1489
351.0	281.5	0.00529809	0.165
355.5	281.5	0.00515085	0.1652
360.0	281.5	0.00412099	0.1523
364.5	281.5	0.00743903	0.1712
369.0	281.5	0.00527051	0.1727
373.5	281.5	0.00339731	0.1844
378.0	281.5	0.00533943	0.1771
382.5	281.5	0.00493131	0.2014
387.0	281.5	0.00562059	0.1834
391.5	281.5	0.00503933	0.3089
396.0	281.5	0.00502331	0.2725
400.5	281.5	0.00428006	0.2505
405.0	281.5	0.0047337	0.1969
409.5	281.5	0.00482982	0.2047
414.0	281.5	0.00458538	0.2357
418.5	281.5	0.00440872	0.2159
423.0	281.5	0.00297601	0.1819
427.5	281.5	0.0032918	0.2001
432.0	281.5	0.00456344	0.1809
436.5	281.5	0.00606507	0.1788
441.0	281.5	0.00565562	0.19
445.5	281.5	0.00627423	0.1725
-450.0	284.067	0.00764743	0.2922
-445.5	284.067	0.00569458	0.2739
-441.0	284.067	0.00379532	0.2805
-436.5	284.067	0.00436417	0.2017
-432.0	284.067	0.00406193	0.2313
-427.5	284.067	0.00329452	0.2082
-423.0	284.067	0.00447872	0.2449
-418.5	284.067	0.00372873	0.207
-414.0	284.067	0.00393247	0.2365
-409.5	284.067	0.00312353	0.2085
-405.0	284.067	0.00369544	0.1994
-400.5	284.067	0.00306902	0.2252
-396.0	284.067	0.00365595	0.1862
-391.5	284.067	0.00564896	0.246
-387.0	284.067	0.00295734	0.1907
-382.5	284.067	0.00468267	0.1942
-378.0	284.067	0.00371153	0.1765
-373.5	284.067	0.00383647	0.1542
-369.0	284.067	0.00515398	0.166
-364.5	284.067	0.00412139	0.1992
-360.0	284.067	0.00373595	0.1548
-355.5	284.067	0.00671465	0.2879
-351.0	284.067	0.00469205	0.2015
-346.5	284.067	0.00523394	0.1665
-342.0	284.067	0.00510189	0.1754
-337.5	284.067	0.00490253	0.1821
-333.0	284.067	0.00642214	0.1923
-328.5	284.067	0.010078	0.3136
-324.0	284.067	0.00586744	0.1742
-319.5	284.067	0.00494194	0.1419
-315.0	284.067	0.00636015	0.1795
-310.5	284.067	0.00858228	0.1594
-306.0	284.067	0.00703915	0.166
-301.5	284.067	0.00875645	0.3951
-297.0	284.067	0.00577644	0.1513
-292.5	284.067	0.00786334	0.2045
-288.0	284.067	0.0119263	0.3309
-283.5	284.067	0.00870532	0.1556
-279.0	284.067	0.00777061	0.1454
-274.5	284.067	0.00583233	0.1303
-270.0	284.067	0.00874712	0.1627
-265.5	284.067	0.00780052	0.1417
-261.0	284.067	0.00807802	0.1229
-256.5	284.067	0.00865649	0.1237
-252.0	284.067	0.00973823	0.1303
-247.5	284.067	0.00865941	0.1108
-243.0	284.067	0.0117077	0.1546
-238.5	284.067	0.00996432	0.1317
-234.0	284.067	0.0104636	0.106
-229.5	284.067	0.0101254	0.1198
-225.0	284.067	0.014163	0.156
-220.5	284.067	0.0196816	0.1789
-216.0	284.067	0.0127633	0.1951
-211.5	284.067	0.010916	0.1254
-207.0	284.067	0.0115998	0.1018
-202.5	284.067	0.0124491	0.1128
-198.0	284.067	0.0120929	0.1102
-193.5	284.067	0.0134618	0.125
-189.0	284.067	0.0177031	0.1659
-184.5	284.067	0.0176841	0.2568
-180.0	284.067	0.0136667	0.1306
-175.5	284.067	0.0139952	0.1101
-171.0	284.067	0.0168086	0.1153
-166.5	284.067	0.0174878	0.1188
-162.0	284.067	0.014391	0.1105
-157.5	284.067	0.014997	0.0899
-153.0	284.067	0.0194635	0.1742
-148.5	284.067	0.0166356	0.1323
-144.0	284.067	0.0225064	0.1113
-139.5	284.067	0.0190644	0.1259
-135.0	284.067	0.0181495	0.0871
-130.5	284.067	0.0201501	0.1211
-126.0	284.067	0.0187212	0.1232
-121.5	284.067	0.0263408	0.1395
-117.0	284.067	0.0224932	0.1182
-112.5	284.067	0.0237867	0.1094
-108.0	284.067	0.0230592	0.127
-103.5	284.067	0.027309	0.1545
-99.0	284.067	0.0227831	0.1014
-94.5	284.067	0.0242365	0.0872
-90.0	284.067	0.0230818	0.1119
-85.5	284.067	0.0236216	0.0818
-81.0	284.067	0.0196448	0.0931
-76.5	284.067	0.0295304	0.1623
-72.0	284.067	0.0210351	0.0898
-67.5	284.067	0.0216161	0.0806
-63.0	284.067	0.0244847	0.1013
-58.5	284.067	0.0297146	0.0816
-54.0	284.067	0.0276789	0.1044
-49.5	284.067	0.0253241	0.1403
-45.0	284.067	0.0281694	0.0942
-40.5	284.067	0.0321038	0.1326
-36.0	284.067	0.0251903	0.0852
-31.5	284.067	0.0288564	0.1284
-27.0	284.067	0.0270015	0.1166
-22.5	284.067	0.023374	0.0854
-18.0	284.067	0.0296669	0.1233
-13.5	284.067	0.0287529	0.1359
-9.0	284.067	0.0309861	0.1419
-4.5	284.067	0.0283683	0.119
0.0	284.067	0.0316392	0.1117
4.5	284.067	0.0306502	0.159
9.0	284.067	0.0328591	0.0954
13.5	284.067	0.0334077	0.0916
18.0	284.067	0.0310736	0.0856
22.5	284.067	0.027294	0.088
27.0	284.067	0.027046	0.098
31.5	284.067	0.0254162	0.0857
36.0	284.067	0.0283198	0.1056
40.5	284.067	0.0252222	0.0816
45.0	284.067	0.0246335	0.0856
49.5	284.067	0.0221843	0.0956
54.0	284.067	0.0445357	0.4364
58.5	284.067	0.0250041	0.0809
63.0	284.067	0.0299925	0.1442
67.5	284.067	0.0240797	0.0855
72.0	284.067	0.0219873	0.0819
76.5	284.067	0.0208686	0.0873
81.0	284.067	0.0248159	0.1162
85.5	284.067	0.0253216	0.1534
90.0	284.067	0.020768	0.1031
94.5	284.067	0.0198471	0.127
99.0	284.067	0.0208754	0.0874
103.5	284.067	0.0185542	0.0909
108.0	284.067	0.0198462	0.1309
112.5	284.067	0.0232366	0.1954
117.0	284.067	0.0157183	0.0907
121.5	284.067	0.0157962	0.0933
126.0	284.067	0.0169434	0.0995
130.5	284.067	0.0143489	0.0894
135.0	284.067	0.0146356	0.0966
139.5	284.067	0.0175659	0.1263
144.0	284.067	0.0158287	0.1
148.5	284.067	0.0149074	0.1001
153.0	284.067	0.0174105	0.1758
157.5	284.067	0.013623	0.1058
162.0	284.067	0.0142243	0.1016
166.5	284.067	0.0142466	0.1084
171.0	284.067	0.0149011	0.1227
175.5	284.067	0.0142335	0.1021
180.0	284.067	0.0123606	0.1397
184.5	284.067	0.0117763	0.1783
189.0	284.067	0.0130387	0.1095
193.5	284.067	0.0126433	0.2187
198.0	284.067	0.00965515	0.1184
202.5	284.067	0.0145993	0.2502
207.0	284.067	0.0102391	0.1148
211.5	284.067	0.00754752	0.1047
216.0	284.067	0.0105411	0.1339
220.5	284.067	0.00994284	0.126
225.0	284.067	0.00772433	0.1136
229.5	284.067	0.00858731	0.1078
234.0	284.067	0.0100926	0.1058
238.5	284.067	0.0108461	0.1141
243.0	284.067	0.00873713	0.1462
247.5	284.067	0.0105259	0.1446
252.0	284.067	0.00696871	0.114
256.5	284.067	0.0100469	0.1888
261.0	284.067	0.00820169	0.1371
265.5	284.067	0.00889414	0.1529
270.0	284.067	0.00893303	0.1886
274.5	284.067	0.00852988	0.1299
279.0	284.067	0.00755971	0.1381
283.5	284.067	0.0094286	0.1716
288.0	284.067	0.00656969	0.1352
292.5	284.067	0.00861167	0.2867
297.0	284.067	0.00697901	0.159
301.5	284.067	0.00700274	0.1297
306.0	284.067	0.00631699	0.1854
310.5	284.067	0.00637911	0.1297
315.0	284.067	0.00812558	0.1562
319.5	284.067	0.00747778	0.1509
324.0	284.067	0.00952302	0.3077
328.5	284.067	0.00581398	0.1393
333.0	284.067	0.0067028	0.1802
337.5	284.067	0.00689618	0.215
342.0	284.067	0.00580484	0.212
346.5	284.067	0.00357071	0.1746
351.0	284.067	0.00637951	0.1719
355.5	284.067	0.00604203	0.1787
360.0	284.067	0.00588626	0.256
364.5	284.067	0.0060396	0.1671
369.0	284.067	0.00548985	0.1996
373.5	284.067	0.00702249	0.3353
378.0	284.067	0.00541832	0.2792
382.5	284.067	0.00502473	0.1979
387.0	284.067	0.00355374	0.1938
391.5	284.067	0.00464556	0.184
396.0	284.067	0.0053466	0.1874
400.5	284.067	0.0046735	0.3769
405.0	284.067	0.00508339	0.2468
409.5	284.067	0.00448191	0.1704
414.0	284.067	0.00481586	0.2929
418.5	284.067	0.00343049	0.2039
423.0	284.067	0.00392743	0.1807
427.5	284.067	0.00343268	0.2074
432.0	284.067	0.00468424	0.1886
436.5	284.067	0.0046949	0.1851
441.0	284.067	0.00594182	0.207
445.5	284.067	0.00597171	0.266
-450.0	286.633	0.00520932	0.1921
-445.5	286.633	0.00324089	0.2752
-441.0	286.633	0.00302292	0.232
-436.5	286.633	0.00373571	0.2038
-432.0	286.633	0.00330167	0.2512
-427.5	286.633	0.00500468	0.2352
-423.0	286.633	0.00402185	0.229
-418.5	286.633	0.00297009	0.2312
-414.0	286.633	0.00324083	0.2165
-409.5	286.633	0.00217124	0.207
-405.0	286.633	0.00370416	0.1793
-400.5	286.633	0.0033715	0.1773
-396.0	286.633	0.00413571	0.1588
-391.5	286.633	0.00386596	0.2199
-387.0	286.633	0.00429309	0.2088
-382.5	286.633	0.00691839	0.2037
-378.0	286.633	0.00533362	0.2008
-373.5	286.633	0.00448832	0.2287
-369.0	286.633	0.00426755	0.1641
-364.5	286.633	0.00354878	0.1665
-360.0	286.633	0.00494215	0.1654
-355.5	286.633	0.00574455	0.2685
-351.0	286.633	0.00560701	0.2286
-346.5	286.633	0.00555916	0.1982
-342.0	286.633	0.00505099	0.2083
-337.5	286.633	0.00643868	0.1915
-333.0	286.633	0.00521655	0.1603
-328.5	286.633	0.00519569	0.1411
-324.0	286.633	0.00517021	0.1445
-319.5	286.633	0.00565679	0.1719
-315.0	286.633	0.00682728	0.2532
-310.5	286.633	0.00632925	0.1321
-306.0	286.633	0.0065699	0.1837
-301.5	286.633	0.00992284	0.2514
-297.0	286.633	0.00929118	0.2947
-292.5	286.633	0.00669931	0.147
-288.0	286.633	0.00620962	0.1475
-283.5	286.633	0.00712395	0.1453
-279.0	286.633	0.00697067	0.1863
-274.5	286.633	0.00796051	0.1424
-270.0	286.633	0.00865108	0.1454
-265.5	286.633	0.00826675	0.1266
-261.0	286.633	0.00840773	0.1309
-256.5	286.633	0.00870472	0.14
-252.0	286.633	0.0084653	0.1228
-247.5	286.633	0.00911343	0.117
-243.0	286.633	0.00876928	0.104
-238.5	286.633	0.00944783	0.1208
-234.0	286.633	0.013556	0.2504
-229.5	286.633	0.00915212	0.1203
-225.0	286.633	0.00977944	0.1204
-220.5	286.633	0.0106705	0.1174
-216.0	286.633	0.0107165	0.1088
-211.5	286.633	0.0119943	0.1883
-207.0	286.633	0.012175	0.1251
-202.5	286.633	0.0130769	0.1082
-198.0	286.633	0.0176129	0.2645
-193.5	286.633	0.0225771	0.2292
-189.0	286.633	0.0118742	0.0854
-184.5	286.633	0.0107633	0.1337
-180.0	286.633	0.0139304	0.1264
-175.5	286.633	0.0158333	0.1308
-171.0	286.633	0.0180599	0.134
-166.5	286.633	0.0147994	0.1023
-162.0	286.633	0.0171707	0.1595
-157.5	286.633	0.0207015	0.1637
-153.0	286.633	0.0159858	0.0929
-148.5	286.633	0.0201915	0.1423
-144.0	286.633	0.0231509	0.2053
-139.5	286.633	0.0158455	0.1085
-135.0	286.633	0.016993	0.1001
-130.5	286.633	0.0167024	0.0909
-126.0	286.633	0.0193594	0.1178
-121.5	286.633	0.0193297	0.1035
-117.0	286.633	0.0218162	0.0931
-112.5	286.633	0.0210735	0.0963
-108.0	286.633	0.0263635	0.1132
-103.5	286.633	0.0246367	0.1185
-99.0	286.633	0.027414	0.171
-94.5	286.633	0.0274321	0.1784
-90.0	286.633	0.020545	0.0838
-85.5	286.633	0.0226717	0.0903
-81.0	286.633	0.0247365	0.1577
-76.5	286.633	0.0249162	0.1118
-72.0	286.633	0.0187361	0.0894
-67.5	286.633	0.0223571	0.0871
-63.0	286.633	0.0339282	0.2693
-58.5	286.633	0.0286978	0.1415
-54.0	286.633	0.0226228	0.0858
-49.5	286.633	0.023866	0.083
-45.0	286.633	0.0244159	0.0875
-40.5	286.633	0.0266198	0.1453
-36.0	286.633	0.030697	0.1525
-31.5	286.633	0.0243965	0.0847
-27.0	286.633	0.0247248	0.1036
-22.5	286.633	0.0304657	0.1362
-18.0	286.633	0.0253891	0.1003
-13.5	286.633	0.0274877	0.1163
-9.0	286.633	0.0240167	0.0813
-4.5	286.633	0.0297598	0.1336
0.0	286.633	0.0240453	0.0769
4.5	286.633	0.0268072	0.0924
9.0	286.633	0.0323797	0.1196
13.5	286.633	0.0308957	0.0867
18.0	286.633	0.0271723	0.0919
22.5	286.633	0.0240988	0.075
27.0	286.633	0.0238601	0.0888
31.5	286.633	0.0254735	0.0815
36.0	286.633	0.0282069	0.0949
40.5	286.633	0.0269058	0.0833
45.0	286.633	0.0278994	0.1105
49.5	286.633	0.0254106	0.0968
54.0	286.633	0.0228735	0.0972
58.5	286.633	0.0254727	0.0953
63.0	286.633	0.0224801	0.1106
67.5	286.633	0.0303474	0.143
72.0	286.633	0.0235953	0.0879
76.5	286.633	0.0209679	0.103
81.0	286.633	0.0216383	0.1069
85.5	286.633	0.0227924	0.0909
90.0	286.633	0.0191362	0.0949
94.5	286.633	0.0292506	0.163
99.0	286.633	0.0190176	0.0893
103.5	286.633	0.0241848	0.1372
108.0	286.633	0.0207686	0.126
112.5	286.633	0.0175235	0.1028
117.0	286.633	0.0160979	0.0882
121.5	286.633	0.020125	0.0996
126.0	286.633	0.017243	0.0932
130.5	286.633	0.0157463	0.0902
135.0	286.633	0.0170104	0.1164
139.5	286.633	0.0173526	0.1371
144.0	286.633	0.0128794	0.0876
148.5	286.633	0.0203451	0.1423
153.0	286.633	0.0149953	0.1496
157.5	286.633	0.0178705	0.1086
162.0	286.633	0.0116831	0.1023
166.5	286.633	0.0117871	0.1075
171.0	286.633	0.0135408	0.1327
175.5	286.633	0.0139378	0.1025
180.0	286.633	0.0146911	0.136
184.5	286.633	0.0123997	0.1463
189.0	286.633	0.0111066	0.0987
193.5	286.633	0.0100133	0.102
198.0	286.633	0.0110533	0.1349
202.5	286.633	0.0105711	0.1454
207.0	286.633	0.0122347	0.1251
211.5	286.633	0.0100851	0.1026
216.0	286.633	0.0122076	0.1505
220.5	286.633	0.00919972	0.1146
225.0	286.633	0.00906122	0.1187
229.5	286.633	0.00988452	0.1422
234.0	286.633	0.0117867	0.1317
238.5	286.633	0.00952409	0.1081
243.0	286.633	0.00686058	0.1202
247.5	286.633	0.00983676	0.1912
252.0	286.633	0.00701429	0.146
256.5	286.633	0.00832014	0.1178
261.0	286.633	0.00754685	0.1173
265.5	286.633	0.00705346	0.138
270.0	286.633	0.00784074	0.1409
274.5	286.633	0.00657356	0.1205
279.0	286.633	0.00791942	0.1412
283.5	286.633	0.00628837	0.1585
288.0	286.633	0.0115178	0.4276
292.5	286.633	0.00977257	0.2964
297.0	286.633	0.00642915	0.1652
301.5	286.633	0.00643091	0.1289
306.0	286.633	0.00786613	0.1436
310.5	286.633	0.00759186	0.1583
315.0	286.633	0.00726446	0.1825
319.5	286.633	0.00892091	0.1748
324.0	286.633	0.0112875	0.321
328.5	286.633	0.00644321	0.1483
333.0	286.633	0.00568904	0.1577
337.5	286.633	0.00590032	0.1479
342.0	286.633	0.00603656	0.219
346.5	286.633	0.00457485	0.1767
351.0	286.633	0.0113028	0.2876
355.5	286.633	0.00495854	0.1731
360.0	286.633	0.00744542	0.1662
364.5	286.633	0.00547634	0.1864
369.0	286.633	0.00765129	0.2391
373.5	286.633	0.00800671	0.4473
378.0	286.633	0.00475847	0.1854
382.5	286.633	0.00601341	0.2908
387.0	286.633	0.00400221	0.1814
391.5	286.633	0.00348416	0.1782
396.0	286.633	0.00572303	0.2343
400.5	286.633	0.00816968	0.2481
405.0	286.633	0.00374729	0.1999
409.5	286.633	0.004294	0.275
414.0	286.633	0.00487672	0.3057
418.5	286.633	0.00414434	0.2074
423.0	286.633	0.00436731	0.1522
427.5	286.633	0.00354053	0.1861
432.0	286.633	0.00338342	0.2273
436.5	286.633	0.00621381	0.2172
441.0	286.633	0.0063669	0.1985
445.5	286.633	0.0157051	0.6506
-450.0	289.2	0.00303596	0.1937
-445.5	289.2	0.00475143	0.2044
-441.0	289.2	0.0035901	0.2234
-436.5	289.2	0.00374863	0.3015
-432.0	289.2	0.00235548	0.1911
-427.5	289.2	0.00327179	0.1767
-423.0	289.2	0.00314003	0.2049
-418.5	289.2	0.00405044	0.1998
-414.0	289.2	0.00567897	0.2339
-409.5	289.2	0.00311289	0.1999
-405.0	289.2	0.00428821	0.1954
-400.5	289.2	0.00440687	0.2179
-396.0	289.2	0.00431966	0.2004
-391.5	289.2	0.00651487	0.3137
-387.0	289.2	0.00513975	0.2056
-382.5	289.2	0.00626802	0.254
-378.0	289.2	0.00501953	0.1883
-373.5	289.2	0.00406977	0.2092
-369.0	289.2	0.00425469	0.3835
-364.5	289.2	0.00416694	0.171
-360.0	289.2	0.00479733	0.1666
-355.5	289.2	0.00524786	0.1758
-351.0	289.2	0.00575665	0.2545
-346.5	289.2	0.00673304	0.2083
-342.0	289.2	0.00549681	0.1639
-337.5	289.2	0.00911986	0.22
-333.0	289.2	0.00789972	0.2384
-328.5	289.2	0.00495244	0.1439
-324.0	289.2	0.00662672	0.1423
-319.5	289.2	0.00658592	0.2002
-315.0	289.2	0.00517897	0.1419
-310.5	289.2	0.00655116	0.1862
-306.0	289.2	0.00517427	0.1792
-301.5	289.2	0.00725832	0.1592
-297.0	289.2	0.00723456	0.2128
-292.5	289.2	0.00664572	0.1841
-288.0	289.2	0.0101264	0.1865
-283.5	289.2	0.00695093	0.1351
-279.0	289.2	0.00895275	0.1458
-274.5	289.2	0.00749702	0.1251
-270.0	289.2	0.00849304	0.1239
-265.5	289.2	0.00791974	0.1097
-261.0	289.2	0.010153	0.171
-256.5	289.2	0.00799217	0.1445
-252.0	289.2	0.00780645	0.1175
-247.5	289.2	0.00846445	0.1283
-243.0	289.2	0.00857874	0.1329
-238.5	289.2	0.0126196	0.171
-234.0	289.2	0.00960915	0.114
-229.5	289.2	0.0109052	0.1591
-225.0	289.2	0.00979055	0.1048
-220.5	289.2	0.011376	0.1243
-216.0	289.2	0.0110312	0.1113
-211.5	289.2	0.0106472	0.1328
-207.0	289.2	0.0124836	0.1177
-202.5	289.2	0.0106192	0.0976
-198.0	289.2	0.0139088	0.1449
-193.5	289.2	0.0130153	0.1667
-189.0	289.2	0.0138443	0.1059
-184.5	289.2	0.0140328	0.111
-180.0	289.2	0.0128613	0.1404
-175.5	289.2	0.0141145	0.0967
-171.0	289.2	0.0244297	0.2009
-166.5	289.2	0.0152434	0.0973
-162.0	289.2	0.0191586	0.1064
-157.5	289.2	0.0223856	0.2574
-153.0	289.2	0.018186	0.122
-148.5	289.2	0.0181329	0.1093
-144.0	289.2	0.0227279	0.1723
-139.5	289.2	0.0174432	0.0998
-135.0	289.2	0.015252	0.0925
-130.5	289.2	0.0166709	0.0864
-126.0	289.2	0.0189649	0.1113
-121.5	289.2	0.020055	0.0967
-117.0	289.2	0.0217439	0.113
-112.5	289.2	0.027351	0.3028
-108.0	289.2	0.0255648	0.1427
-103.5	289.2	0.0229419	0.1205
-99.0	289.2	0.0207053	0.0908
-94.5	289.2	0.0237819	0.1265
-90.0	289.2	0.0239499	0.1475
-85.5	289.2	0.023408	0.1316
-81.0	289.2	0.0234216	0.086
-76.5	289.2	0.022076	0.0853
-72.0	289.2	0.0204588	0.0839
-67.5	289.2	0.0249746	0.098
-63.0	289.2	0.0315578	0.157
-58.5	289.2	0.0237508	0.0795
-54.0	289.2	0.0242135	0.0864
-49.5	289.2	0.0256268	0.1051
-45.0	289.2	0.0296513	0.1495
-40.5	289.2	0.0234832	0.0917
-36.0	289.2	0.0255167	0.1144
-31.5	289.2	0.0247308	0.1056
-27.0	289.2	0.0247305	0.105
-22.5	289.2	0.0293639	0.1602
-18.0	289.2	0.0265481	0.1093
-13.5	289.2	0.028845	0.089
-9.0	289.2	0.0312625	0.0941
-4.5	289.2	0.028088	0.0746
0.0	289.2	0.0248458	0.0742
4.5	289.2	0.0344996	0.1348
9.0	289.2	0.0318549	0.159
13.5	289.2	0.02659	0.0911
18.0	289.2	0.0300534	0.0845
22.5	289.2	0.0238186	0.0779
27.0	289.2	0.0232488	0.1043
31.5	289.2	0.0292437	0.0932
36.0	289.2	0.0244721	0.0881
40.5	289.2	0.0263908	0.0905
45.0	289.2	0.0296047	0.1791
49.5	289.2	0.0264164	0.093
54.0	289.2	0.021484	0.0986
58.5	289.2	0.0252353	0.1262
63.0	289.2	0.0213458	0.1065
67.5	289.2	0.0289207	0.1122
72.0	289.2	0.0256027	0.0929
76.5	289.2	0.0249298	0.2124
81.0	289.2	0.020705	0.1276
85.5	289.2	0.0255975	0.1176
90.0	289.2	0.0187496	0.0944
94.5	289.2	0.0217284	0.0993
99.0	289.2	0.0184509	0.0951
103.5	289.2	0.0207296	0.1079
108.0	289.2	0.017454	0.1209
112.5	289.2	0.0180594	0.1042
117.0	289.2	0.0180357	0.0874
121.5	289.2	0.0180697	0.0975
126.0	289.2	0.0151599	0.098
130.5	289.2	0.0180467	0.1189
135.0	289.2	0.0190313	0.1714
139.5	289.2	0.0162509	0.1059
144.0	289.2	0.0151895	0.127
148.5	289.2	0.0199166	0.2984
153.0	289.2	0.0135919	0.1057
157.5	289.2	0.0133749	0.1014
162.0	289.2	0.0109766	0.0914
166.5	289.2	0.012121	0.1598
171.0	289.2	0.0138059	0.1154
175.5	289.2	0.0143113	0.1068
180.0	289.2	0.0135514	0.1168
184.5	289.2	0.012189	0.1072
189.0	289.2	0.0107347	0.1855
193.5	289.2	0.0107917	0.1124
198.0	289.2	0.0106277	0.1301
202.5	289.2	0.0107521	0.1142
207.0	289.2	0.0136706	0.1513
211.5	289.2	0.00930785	0.0995
216.0	289.2	0.0111651	0.1094
220.5	289.2	0.00871006	0.1095
225.0	289.2	0.0103803	0.1412
229.5	289.2	0.00699766	0.1141
234.0	289.2	0.00986366	0.1622
238.5	289.2	0.00863075	0.1456
243.0	289.2	0.00829692	0.1863
247.5	289.2	0.00679886	0.1254
252.0	289.2	0.00598818	0.1111
256.5	289.2	0.00933963	0.1389
261.0	289.2	0.0103211	0.1906
265.5	289.2	0.0110881	0.1996
270.0	289.2	0.00651647	0.1212
274.5	289.2	0.0104085	0.2605
279.0	289.2	0.00692149	0.1259
283.5	289.2	0.00905051	0.1462
288.0	289.2	0.0068104	0.2233
292.5	289.2	0.00695986	0.1626
297.0	289.2	0.00714675	0.1706
301.5	289.2	0.00858586	0.2095
306.0	289.2	0.0054994	0.1362
310.5	289.2	0.00777735	0.1531
315.0	289.2	0.00716542	0.1563
319.5	289.2	0.00902724	0.174
324.0	289.2	0.00727098	0.152
328.5	289.2	0.00751801	0.1707
333.0	289.2	0.00698998	0.3532
337.5	289.2	0.00814257	0.2808
342.0	289.2	0.00718769	0.1973
346.5	289.2	0.00692555	0.261
351.0	289.2	0.00647523	0.2612
355.5	289.2	0.00567249	0.1895
360.0	289.2	0.00795898	0.3211
364.5	289.2	0.00549542	0.1633
369.0	289.2	0.00509362	0.1713
373.5	289.2	0.00396164	0.1664
378.0	289.2	0.00516783	0.1918
382.5	289.2	0.00727091	0.3559
387.0	289.2	0.00704181	0.3372
391.5	289.2	0.00848414	0.385
396.0	289.2	0.00525864	0.3799
400.5	289.2	0.00316378	0.2376
405.0	289.2	0.00462177	0.196
409.5	289.2	0.00680627	0.2876
414.0	289.2	0.00501395	0.2085
418.5	289.2	0.00549485	0.2234
423.0	289.2	0.00578853	0.2464
427.5	289.2	0.00422783	0.2181
432.0	289.2	0.0053017	0.2128
436.5	289.2	0.00559239	0.1959
441.0	289.2	0.00753634	0.2311
445.5	289.2	0.00618716	0.2649
-450.0	291.767	0.00394596	0.1949
-445.5	291.767	0.0046677	0.2472
-441.0	291.767	0.003507	0.2107
-436.5	291.767	0.00312714	0.203
-432.0	291.767	0.00331094	0.2046
-427.5	291.767	0.00412622	0.226
-423.0	291.767	0.00393759	0.191
-418.5	291.767	0.00424574	0.2402
-414.0	291.767	0.00536746	0.2095
-409.5	291.767	0.00420198	0.2122
-405.0	291.767	0.00470473	0.4911
-400.5	291.767	0.00471765	0.2229
-396.0	291.767	0.00610317	0.4302
-391.5	291.767	0.00419946	0.1927
-387.0	291.767	0.00407806	0.1677
-382.5	291.767	0.00551078	0.2678
-378.0	291.767	0.00424485	0.1864
-373.5	291.767	0.0046141	0.1831
-369.0	291.767	0.00443999	0.2598
-364.5	291.767	0.00409555	0.1861
-360.0	291.767	0.0047213	0.1746
-355.5	291.767	0.00418754	0.2086
-351.0	291.767	0.00559426	0.2087
-346.5	291.767	0.0049501	0.1429
-342.0	291.767	0.00656818	0.1896
-337.5	291.767	0.00733038	0.3312
-333.0	291.767	0.00589119	0.3435
-328.5	291.767	0.00595666	0.1716
-324.0	291.767	0.00624306	0.14
-319.5	291.767	0.00451602	0.1397
-315.0	291.767	0.00428021	0.1827
-310.5	291.767	0.00554135	0.1673
-306.0	291.767	0.0063337	0.2208
-301.5	291.767	0.00766955	0.2529
-297.0	291.767	0.00465912	0.153
-292.5	291.767	0.00719274	0.1467
-288.0	291.767	0.0113704	0.2581
-283.5	291.767	0.00678556	0.1344
-279.0	291.767	0.00742686	0.1605
-274.5	291.767	0.00715133	0.1465
-270.0	291.767	0.00829667	0.1394
-265.5	291.767	0.0065855	0.1226
-261.0	291.767	0.00769111	0.1111
-256.5	291.767	0.0106196	0.1875
-252.0	291.767	0.0105188	0.1563
-247.5	291.767	0.0102884	0.1402
-243.0	291.767	0.00848006	0.1131
-238.5	291.767	0.0101228	0.1248
-234.0	291.767	0.0100144	0.1088
-229.5	291.767	0.010782	0.1357
-225.0	291.767	0.0104724	0.1131
-220.5	291.767	0.0105351	0.1523
-216.0	291.767	0.0108442	0.1008
-211.5	291.767	0.0121487	0.1165
-207.0	291.767	0.0112249	0.108
-202.5	291.767	0.0150237	0.1691
-198.0	291.767	0.0148626	0.1731
-193.5	291.767	0.014775	0.1343
-189.0	291.767	0.0135229	0.1142
-184.5	291.767	0.0170866	0.1323
-180.0	291.767	0.0191404	0.2657
-175.5	291.767	0.0142571	0.1057
-171.0	291.767	0.016041	0.1172
-166.5	291.767	0.0152133	0.1035
-162.0	291.767	0.0162521	0.1535
-157.5	291.767	0.0211223	0.1246
-153.0	291.767	0.0204091	0.1268
-148.5	291.767	0.0192721	0.1279
-144.0	291.767	0.0195871	0.1538
-139.5	291.767	0.0200577	0.0938
-135.0	291.767	0.0201165	0.1479
-130.5	291.767	0.0214632	0.1065
-126.0	291.767	0.0207565	0.0829
-121.5	291.767	0.0246831	0.1132
-117.0	291.767	0.0192591	0.0904
-112.5	291.767	0.0161846	0.0948
-108.0	291.767	0.0221286	0.1773
-103.5	291.767	0.0236199	0.1054
-99.0	291.767	0.0204666	0.1074
-94.5	291.767	0.0229929	0.092
-90.0	291.767	0.0208852	0.0925
-85.5	291.767	0.0237532	0.1065
-81.0	291.767	0.0249757	0.116
-76.5	291.767	0.0282063	0.1628
-72.0	291.767	0.0228419	0.0868
-67.5	291.767	0.0263123	0.1164
-63.0	291.767	0.0312988	0.1206
-58.5	291.767	0.0341781	0.1915
-54.0	291.767	0.0242186	0.0864
-49.5	291.767	0.0212222	0.078
-45.0	291.767	0.0303648	0.1034
-40.5	291.767	0.0230137	0.0809
-36.0	291.767	0.024622	0.1021
-31.5	291.767	0.0230907	0.0902
-27.0	291.767	0.028373	0.1305
-22.5	291.767	0.0359028	0.2241
-18.0	291.767	0.0259485	0.1027
-13.5	291.767	0.0370791	0.2561
-9.0	291.767	0.0289027	0.0933
-4.5	291.767	0.0362443	0.164
0.0	291.767	0.0317589	0.1126
4.5	291.767	0.0261119	0.0883
9.0	291.767	0.024336	0.0914
13.5	291.767	0.0263124	0.1237
18.0	291.767	0.0282775	0.1022
22.5	291.767	0.0230858	0.0963
27.0	291.767	0.0261606	0.1163
31.5	291.767	0.0239136	0.1025
36.0	291.767	0.0235253	0.0788
40.5	291.767	0.0318039	0.1028
45.0	291.767	0.0247634	0.096
49.5	291.767	0.031756	0.1381
54.0	291.767	0.0286338	0.1133
58.5	291.767	0.0236397	0.105
63.0	291.767	0.0200687	0.092
67.5	291.767	0.0203959	0.0818
72.0	291.767	0.0294894	0.1517
76.5	291.767	0.0243892	0.1936
81.0	291.767	0.0213222	0.117
85.5	291.767	0.0237123	0.1375
90.0	291.767	0.0226932	0.1159
94.5	291.767	0.0193427	0.0878
99.0	291.767	0.0230097	0.1598
103.5	291.767	0.0228104	0.1465
108.0	291.767	0.0147908	0.0947
112.5	291.767	0.0196051	0.1201
117.0	291.767	0.0201011	0.1173
121.5	291.767	0.0158762	0.0909
126.0	291.767	0.0210885	0.1497
130.5	291.767	0.0189607	0.1145
135.0	291.767	0.0164138	0.146
139.5	291.767	0.0156735	0.1267
144.0	291.767	0.0146389	0.0928
148.5	291.767	0.016078	0.1075
153.0	291.767	0.0172524	0.1046
157.5	291.767	0.0122092	0.0984
162.0	291.767	0.0138255	0.1142
166.5	291.767	0.0129691	0.1356
171.0	291.767	0.0148179	0.1113
175.5	291.767	0.0138702	0.0966
180.0	291.767	0.0150406	0.111
184.5	291.767	0.0135965	0.1509
189.0	291.767	0.0117128	0.1661
193.5	291.767	0.00943346	0.1211
198.0	291.767	0.00998969	0.0988
202.5	291.767	0.0114459	0.105
207.0	291.767	0.0117562	0.1238
211.5	291.767	0.0116093	0.1088
216.0	291.767	0.0108966	0.1631
220.5	291.767	0.0076387	0.1082
225.0	291.767	0.0110191	0.1462
229.5	291.767	0.00897978	0.1652
234.0	291.767	0.00737161	0.1033
238.5	291.767	0.00858066	0.1159
243.0	291.767	0.00860394	0.1387
247.5	291.767	0.0078155	0.1398
252.0	291.767	0.00932811	0.1314
256.5	291.767	0.0073815	0.1512
261.0	291.767	0.00606255	0.1205
265.5	291.767	0.00910369	0.1576
270.0	291.767	0.0061261	0.1672
274.5	291.767	0.00758234	0.1985
279.0	291.767	0.00756723	0.183
283.5	291.767	0.00854512	0.1207
288.0	291.767	0.00615698	0.1455
292.5	291.767	0.00668762	0.1349
297.0	291.767	0.0102994	0.2354
301.5	291.767	0.00688582	0.1501
306.0	291.767	0.00548957	0.1289
310.5	291.767	0.00663188	0.158
315.0	291.767	0.00796891	0.1629
319.5	291.767	0.00812112	0.1616
324.0	291.767	0.0103184	0.305
328.5	291.767	0.00663542	0.149
333.0	291.767	0.00592587	0.1588
337.5	291.767	0.0064376	0.1589
342.0	291.767	0.00578005	0.1943
346.5	291.767	0.0060705	0.1446
351.0	291.767	0.00642704	0.1809
355.5	291.767	0.00631374	0.1599
360.0	291.767	0.0101852	0.2386
364.5	291.767	0.00564244	0.1439
369.0	291.767	0.00577977	0.1659
373.5	291.767	0.00408073	0.2046
378.0	291.767	0.00418797	0.2104
382.5	291.767	0.00659846	0.2399
387.0	291.767	0.00542614	0.2051
391.5	291.767	0.0144983	0.3646
396.0	291.767	0.004132	0.2128
400.5	291.767	0.00506301	0.2348
405.0	291.767	0.00369957	0.1994
409.5	291.767	0.00551576	0.2443
414.0	291.767	0.00721999	0.3004
418.5	291.767	0.00324065	0.1796
423.0	291.767	0.00412635	0.1836
427.5	291.767	0.00422426	0.182
432.0	291.767	0.00558266	0.1843
436.5	291.767	0.00495118	0.1942
441.0	291.767	0.00447427	0.2064
445.5	291.767	0.00277845	0.163
-450.0	294.333	0.00679679	0.203
-445.5	294.333	0.00315655	0.1982
-441.0	294.333	0.0028003	0.1988
-436.5	294.333	0.00319449	0.1966
-432.0	294.333	0.00302912	0.213
-427.5	294.333	0.00386817	0.2605
-423.0	294.333	0.00359381	0.1763
-418.5	294.333	0.00540417	0.2638
-414.0	294.333	0.00515895	0.2685
-409.5	294.333	0.00627445	0.317
-405.0	294.333	0.00389026	0.2747
-400.5	294.333	0.00594453	0.3825
-396.0	294.333	0.00404138	0.3475
-391.5	294.333	0.00677619	0.1861
-387.0	294.333	0.00415031	0.1834
-382.5	294.333	0.00267112	0.1875
-378.0	294.333	0.00458067	0.2483
-373.5	294.333	0.00680562	0.2858
-369.0	294.333	0.00458103	0.1716
-364.5	294.333	0.00415547	0.1767
-360.0	294.333	0.00543113	0.1996
-355.5	294.333	0.0053785	0.2029
-351.0	294.333	0.0066296	0.2224
-346.5	294.333	0.00706172	0.2491
-342.0	294.333	0.00562285	0.1988
-337.5	294.333	0.00396745	0.1392
-333.0	294.333	0.00603598	0.178
-328.5	294.333	0.00561044	0.1576
-324.0	294.333	0.006079	0.1884
-319.5	294.333	0.00510408	0.1621
-315.0	294.333	0.00692092	0.1486
-310.5	294.333	0.00482997	0.1511
-306.0	294.333	0.00582778	0.1546
-301.5	294.333	0.00551719	0.1615
-297.0	294.333	0.00388635	0.1419
-292.5	294.333	0.00596542	0.1285
-288.0	294.333	0.00693259	0.139
-283.5	294.333	0.00646739	0.1138
-279.0	294.333	0.00775244	0.2942
-274.5	294.333	0.00750448	0.179
-270.0	294.333	0.0103122	0.1746
-265.5	294.333	0.00736887	0.1379
-261.0	294.333	0.00800209	0.1309
-256.5	294.333	0.0101764	0.1632
-252.0	294.333	0.00782788	0.1388
-247.5	294.333	0.0109449	0.1752
-243.0	294.333	0.00764179	0.129
-238.5	294.333	0.0100859	0.1351
-234.0	294.333	0.00985369	0.1789
-229.5	294.333	0.0122254	0.2162
-225.0	294.333	0.0115037	0.1197
-220.5	294.333	0.00887651	0.1149
-216.0	294.333	0.0133656	0.1295
-211.5	294.333	0.0122861	0.1863
-207.0	294.333	0.0121667	0.1109
-202.5	294.333	0.0127728	0.0946
-198.0	294.333	0.0141616	0.1431
-193.5	294.333	0.016762	0.1363
-189.0	294.333	0.0142631	0.1016
-184.5	294.333	0.0145907	0.1123
-180.0	294.333	0.0148444	0.1528
-175.5	294.333	0.0156679	0.1456
-171.0	294.333	0.0173239	0.1198
-166.5	294.333	0.0160309	0.1003
-162.0	294.333	0.0258513	0.2066
-157.5	294.333	0.0199882	0.1205
-153.0	294.333	0.018337	0.1294
-148.5	294.333	0.0159095	0.083
-144.0	294.333	0.0168832	0.0999
-139.5	294.333	0.0223593	0.1868
-135.0	294.333	0.0157238	0.0889
-130.5	294.333	0.0198503	0.108
-126.0	294.333	0.0185571	0.1115
-121.5	294.333	0.0181206	0.0866
-117.0	294.333	0.020476	0.0939
-112.5	294.333	0.015914	0.0993
-108.0	294.333	0.0220707	0.089
-103.5	294.333	0.0207141	0.0897
-99.0	294.333	0.0179643	0.0809
-94.5	294.333	0.0206589	0.0964
-90.0	294.333	0.0225089	0.1217
-85.5	294.333	0.0237314	0.0839
-81.0	294.333	0.0259578	0.0869
-76.5	294.333	0.0252606	0.1112
-72.0	294.333	0.0250206	0.0903
-67.5	294.333	0.0243424	0.0919
-63.0	294.333	0.0201698	0.0887
-58.5	294.333	0.0349572	0.2764
-54.0	294.333	0.0330277	0.1633
-49.5	294.333	0.0329421	0.1603
-45.0	294.333	0.0252612	0.1079
-40.5	294.333	0.0273633	0.085
-36.0	294.333	0.029371	0.1318
-31.5	294.333	0.0203382	0.0836
-27.0	294.333	0.0253252	0.0992
-22.5	294.333	0.0307356	0.1697
-18.0	294.333	0.0226958	0.0817
-13.5	294.333	0.0216774	0.092
-9.0	294.333	0.0216929	0.0838
-4.5	294.333	0.0243419	0.0922
0.0	294.333	0.0367909	0.1359
4.5	294.333	0.031178	0.1695
9.0	294.333	0.0233153	0.088
13.5	294.333	0.0237226	0.0991
18.0	294.333	0.0228668	0.0941
22.5	294.333	0.0253861	0.0954
27.0	294.333	0.025388	0.0852
31.5	294.333	0.0254783	0.0852
36.0	294.333	0.0221046	0.0812
40.5	294.333	0.0253563	0.1659
45.0	294.333	0.0225279	0.0876
49.5	294.333	0.024617	0.091
54.0	294.333	0.0292207	0.1583
58.5	294.333	0.0225389	0.0883
63.0	294.333	0.025382	0.1005
67.5	294.333	0.0261557	0.106
72.0	294.333	0.0290183	0.1397
76.5	294.333	0.0238058	0.1185
81.0	294.333	0.0226045	0.0844
85.5	294.333	0.0219034	0.0884
90.0	294.333	0.0235537	0.1389
94.5	294.333	0.0197298	0.1012
99.0	294.333	0.022899	0.1527
103.5	294.333	0.0226557	0.117
108.0	294.333	0.0234386	0.1279
112.5	294.333	0.0227886	0.123
117.0	294.333	0.0192149	0.1029
121.5	294.333	0.0185528	0.099
126.0	294.333	0.0176376	0.085
130.5	294.333	0.0186112	0.1183
135.0	294.333	0.0180962	0.1038
139.5	294.333	0.0163037	0.1184
144.0	294.333	0.0195111	0.1077
148.5	294.333	0.013856	0.1056
153.0	294.333	0.0132854	0.1027
157.5	294.333	0.0158029	0.1366
162.0	294.333	0.0175574	0.1611
166.5	294.333	0.0171082	0.1745
171.0	294.333	0.0137856	0.1279
175.5	294.333	0.0145488	0.1031
180.0	294.333	0.013932	0.1345
184.5	294.333	0.0132567	0.1211
189.0	294.333	0.0113244	0.1143
193.5	294.333	0.0111034	0.117
198.0	294.333	0.0100449	0.1441
202.5	294.333	0.0114834	0.1286
207.0	294.333	0.0154499	0.2409
211.5	294.333	0.0110619	0.1156
216.0	294.333	0.00979209	0.1241
220.5	294.333	0.0116431	0.1447
225.0	294.333	0.00943337	0.1653
229.5	294.333	0.0082881	0.1044
234.0	294.333	0.00905298	0.1398
238.5	294.333	0.0122961	0.3764
243.0	294.333	0.0111144	0.3013
247.5	294.333	0.0114716	0.3412
252.0	294.333	0.00685947	0.1137
256.5	294.333	0.00985772	0.2141
261.0	294.333	0.00733866	0.1204
265.5	294.333	0.00794285	0.1227
270.0	294.333	0.00765262	0.185
274.5	294.333	0.00982262	0.2565
279.0	294.333	0.00714667	0.1492
283.5	294.333	0.00797698	0.1399
288.0	294.333	0.0110133	0.3615
292.5	294.333	0.00751133	0.2171
297.0	294.333	0.00753707	0.1454
301.5	294.333	0.00866074	0.2063
306.0	294.333	0.00603191	0.1611
310.5	294.333	0.00607096	0.1434
315.0	294.333	0.0107497	0.2041
319.5	294.333	0.00639504	0.1693
324.0	294.333	0.00581586	0.1543
328.5	294.333	0.00959144	0.2115
333.0	294.333	0.00734242	0.1755
337.5	294.333	0.00570433	0.1726
342.0	294.333	0.00524707	0.1462
346.5	294.333	0.00472641	0.1883
351.0	294.333	0.00559552	0.1387
355.5	294.333	0.00569797	0.1723
360.0	294.333	0.00570225	0.2396
364.5	294.333	0.00489845	0.1652
369.0	294.333	0.00579977	0.1396
373.5	294.333	0.00431003	0.1767
378.0	294.333	0.00392128	0.172
382.5	294.333	0.00522798	0.1918
387.0	294.333	0.00597971	0.2078
391.5	294.333	0.00570122	0.2784
396.0	294.333	0.00400411	0.1842
400.5	294.333	0.0063486	0.185
405.0	294.333	0.00399349	0.3555
409.5	294.333	0.00430672	0.2446
414.0	294.333	0.00757423	0.4395
418.5	294.333	0.00535947	0.2218
423.0	294.333	0.0037061	0.1878
427.5	294.333	0.00422568	0.1831
432.0	294.333	0.0040228	0.1778
436.5	294.333	0.00431492	0.1968
441.0	294.333	0.00521229	0.2223
445.5	294.333	0.00468756	0.2977
-450.0	296.9	0.00811551	0.3061
-445.5	296.9	0.0066919	0.4834
-441.0	296.9	0.00489883	0.1876
-436.5	296.9	0.00354921	0.2724
-432.0	296.9	0.00405531	0.3043
-427.5	296.9	0.0034623	0.1829
-423.0	296.9	0.00325122	0.1844
-418.5	296.9	0.00335381	0.2165
-414.0	296.9	0.00432784	0.1934
-409.5	296.9	0.00500049	0.252
-405.0	296.9	0.00385498	0.2048
-400.5	296.9	0.00515862	0.3192
-396.0	296.9	0.00375409	0.2236
-391.5	296.9	0.00551181	0.2256
-387.0	296.9	0.00449546	0.2332
-382.5	296.9	0.00262911	0.1966
-378.0	296.9	0.00429296	0.2248
-373.5	296.9	0.0056982	0.229
-369.0	296.9	0.003803	0.1595
-364.5	296.9	0.00547085	0.1771
-360.0	296.9	0.00444294	0.1977
-355.5	296.9	0.00639935	0.1758
-351.0	296.9	0.00487898	0.191
-346.5	296.9	0.00366768	0.17
-342.0	296.9	0.00448532	0.2013
-337.5	296.9	0.00624365	0.1673
-333.0	296.9	0.00657307	0.1651
-328.5	296.9	0.00550045	0.165
-324.0	296.9	0.00600308	0.2073
-319.5	296.9	0.0055025	0.1507
-315.0	296.9	0.0068245	0.1772
-310.5	296.9	0.00573235	0.1484
-306.0	296.9	0.0053104	0.145
-301.5	296.9	0.00583419	0.1987
-297.0	296.9	0.0059091	0.1321
-292.5	296.9	0.0082878	0.1791
-288.0	296.9	0.00699609	0.1282
-283.5	296.9	0.00589097	0.142
-279.0	296.9	0.00673149	0.1764
-274.5	296.9	0.00983866	0.2269
-270.0	296.9	0.00856491	0.1524
-265.5	296.9	0.0133279	0.2095
-261.0	296.9	0.0124118	0.4492
-256.5	296.9	0.00866531	0.1607
-252.0	296.9	0.00609425	0.1253
-247.5	296.9	0.00858176	0.1336
-243.0	296.9	0.00825637	0.118
-238.5	296.9	0.0111452	0.2154
-234.0	296.9	0.0114604	0.1227
-229.5	296.9	0.0113281	0.1139
-225.0	296.9	0.0108177	0.1274
-220.5	296.9	0.00837677	0.1108
-216.0	296.9	0.0144323	0.1363
-211.5	296.9	0.0121421	0.1486
-207.0	296.9	0.0112558	0.1144
-202.5	296.9	0.0150739	0.1134
-198.0	296.9	0.0146873	0.1303
-193.5	296.9	0.0173129	0.1207
-189.0	296.9	0.0145365	0.1272
-184.5	296.9	0.015208	0.0978
-180.0	296.9	0.0116381	0.1161
-175.5	296.9	0.013699	0.1152
-171.0	296.9	0.0147526	0.1102
-166.5	296.9	0.013926	0.0861
-162.0	296.9	0.0192364	0.1212
-157.5	296.9	0.0193378	0.1047
-153.0	296.9	0.0178695	0.257
-148.5	296.9	0.0182666	0.1
-144.0	296.9	0.0156408	0.0923
-139.5	296.9	0.0179521	0.104
-135.0	296.9	0.0183254	0.0919
-130.5	296.9	0.0207357	0.1038
-126.0	296.9	0.0186378	0.1213
-121.5	296.9	0.0206828	0.1099
-117.0	296.9	0.024014	0.121
-112.5	296.9	0.0180294	0.0936
-108.0	296.9	0.024894	0.0988
-103.5	296.9	0.0251774	0.1108
-99.0	296.9	0.0197937	0.0858
-94.5	296.9	0.022243	0.0883
-90.0	296.9	0.0243915	0.1273
-85.5	296.9	0.0202558	0.0803
-81.0	296.9	0.0215674	0.0823
-76.5	296.9	0.0228882	0.1049
-72.0	296.9	0.0226455	0.0846
-67.5	296.9	0.0216244	0.089
-63.0	296.9	0.0242979	0.1405
-58.5	296.9	0.0275631	0.1293
-54.0	296.9	0.0334764	0.1682
-49.5	296.9	0.0255194	0.0879
-45.0	296.9	0.0355271	0.208
-40.5	296.9	0.0268775	0.0974
-36.0	296.9	0.0260939	0.0976
-31.5	296.9	0.0309035	0.2071
-27.0	296.9	0.0275537	0.114
-22.5	296.9	0.0267033	0.1014
-18.0	296.9	0.0236961	0.0819
-13.5	296.9	0.0256996	0.1111
-9.0	296.9	0.0243317	0.1158
-4.5	296.9	0.0323082	0.1119
0.0	296.9	0.0266159	0.0936
4.5	296.9	0.0360185	0.1581
9.0	296.9	0.0250504	0.0892
13.5	296.9	0.0244664	0.1084
18.0	296.9	0.0299696	0.1378
22.5	296.9	0.0223349	0.0909
27.0	296.9	0.0271153	0.1255
31.5	296.9	0.0235075	0.0909
36.0	296.9	0.0228037	0.0909
40.5	296.9	0.0280217	0.1334
45.0	296.9	0.0257968	0.0973
49.5	296.9	0.0242725	0.0984
54.0	296.9	0.0242099	0.1144
58.5	296.9	0.0230259	0.0896
63.0	296.9	0.024566	0.0833
67.5	296.9	0.0231868	0.0923
72.0	296.9	0.0268869	0.1131
76.5	296.9	0.0236265	0.1144
81.0	296.9	0.0204685	0.0946
85.5	296.9	0.0304516	0.1338
90.0	296.9	0.0234621	0.0924
94.5	296.9	0.024303	0.1411
99.0	296.9	0.0198537	0.0853
103.5	296.9	0.0217775	0.1161
108.0	296.9	0.0237864	0.1372
112.5	296.9	0.0171522	0.0889
117.0	296.9	0.0175827	0.0881
121.5	296.9	0.018776	0.1019
126.0	296.9	0.0160726	0.0826
130.5	296.9	0.0163024	0.1162
135.0	296.9	0.0162077	0.137
139.5	296.9	0.0176293	0.1234
144.0	296.9	0.0207207	0.1567
148.5	296.9	0.0131476	0.1156
153.0	296.9	0.0170628	0.1081
157.5	296.9	0.0136476	0.1051
162.0	296.9	0.0166458	0.1772
166.5	296.9	0.0164514	0.1044
171.0	296.9	0.0128096	0.0915
175.5	296.9	0.0173746	0.2226
180.0	296.9	0.0126512	0.1414
184.5	296.9	0.0110261	0.0999
189.0	296.9	0.0141408	0.1129
193.5	296.9	0.0102994	0.2003
198.0	296.9	0.0086579	0.1214
202.5	296.9	0.00957944	0.1098
207.0	296.9	0.0133165	0.1315
211.5	296.9	0.0108348	0.1201
216.0	296.9	0.0137649	0.1426
220.5	296.9	0.00860032	0.1246
225.0	296.9	0.00846778	0.1101
229.5	296.9	0.00931059	0.1099
234.0	296.9	0.00756116	0.1335
238.5	296.9	0.00822937	0.1284
243.0	296.9	0.0130467	0.1812
247.5	296.9	0.00991031	0.1699
252.0	296.9	0.0119624	0.1827
256.5	296.9	0.0104423	0.2292
261.0	296.9	0.00901077	0.1645
265.5	296.9	0.00785635	0.1312
270.0	296.9	0.00901702	0.1611
274.5	296.9	0.00527536	0.1152
279.0	296.9	0.00743257	0.1347
283.5	296.9	0.00923841	0.1968
288.0	296.9	0.0107194	0.3897
292.5	296.9	0.00837521	0.2296
297.0	296.9	0.00786217	0.136
301.5	296.9	0.00564758	0.1497
306.0	296.9	0.00580881	0.1432
310.5	296.9	0.00703952	0.1472
315.0	296.9	0.00746889	0.1284
319.5	296.9	0.00582742	0.1639
324.0	296.9	0.0069819	0.3009
328.5	296.9	0.00817706	0.313
333.0	296.9	0.00616105	0.1622
337.5	296.9	0.0058573	0.183
342.0	296.9	0.00688514	0.1717
346.5	296.9	0.00862094	0.1765
351.0	296.9	0.00434208	0.1628
355.5	296.9	0.00510357	0.1944
360.0	296.9	0.00510276	0.1665
364.5	296.9	0.00467752	0.1774
369.0	296.9	0.00574735	0.1674
373.5	296.9	0.00445648	0.2376
378.0	296.9	0.00475426	0.1997
382.5	296.9	0.00348636	0.1835
387.0	296.9	0.00510652	0.2004
391.5	296.9	0.00450146	0.2073
396.0	296.9	0.00405168	0.1795
400.5	296.9	0.00458747	0.2093
405.0	296.9	0.00323403	0.209
409.5	296.9	0.0037457	0.3195
414.0	296.9	0.0042941	0.2421
418.5	296.9	0.00451214	0.1782
423.0	296.9	0.00372766	0.1686
427.5	296.9	0.00770702	0.345
432.0	296.9	0.00515892	0.1945
436.5	296.9	0.00469027	0.2028
441.0	296.9	0.00493415	0.2144
445.5	296.9	0.00461212	0.2292
-450.0	299.467	0.00386557	0.2162
-445.5	299.467	0.00293719	0.1695
-441.0	299.467	0.0045392	0.256
-436.5	299.467	0.00521477	0.2246
-432.0	299.467	0.0057828	0.3623
-427.5	299.467	0.00400963	0.1897
-423.0	299.467	0.00426672	0.1813
-418.5	299.467	0.00337698	0.2308
-414.0	299.467	0.00328304	0.2226
-409.5	299.467	0.00453479	0.2831
-405.0	299.467	0.0054038	0.2258
-400.5	299.467	0.00497145	0.2544
-396.0	299.467	0.00357474	0.2197
-391.5	299.467	0.00419751	0.2345
-387.0	299.467	0.00336192	0.2447
-382.5	299.467	0.003716	0.179
-378.0	299.467	0.00516039	0.1779
-373.5	299.467	0.00388661	0.2127
-369.0	299.467	0.00452781	0.1784
-364.5	299.467	0.0064743	0.2147
-360.0	299.467	0.00608698	0.3462
-355.5	299.467	0.00646815	0.2064
-351.0	299.467	0.00656914	0.1816
-346.5	299.467	0.00507009	0.212
-342.0	299.467	0.00627195	0.1995
-337.5	299.467	0.00910572	0.179
-333.0	299.467	0.00576165	0.1986
-328.5	299.467	0.00640727	0.2528
-324.0	299.467	0.00517424	0.1819
-319.5	299.467	0.00543917	0.1911
-315.0	299.467	0.00643924	0.1625
-310.5	299.467	0.00700711	0.1586
-306.0	299.467	0.00644957	0.1842
-301.5	299.467	0.00665248	0.1637
-297.0	299.467	0.0102301	0.2455
-292.5	299.467	0.00702613	0.1272
-288.0	299.467	0.00781638	0.2321
-283.5	299.467	0.00656511	0.1333
-279.0	299.467	0.00922884	0.1485
-274.5	299.467	0.00686274	0.1332
-270.0	299.467	0.00844608	0.1204
-265.5	299.467	0.0112657	0.2239
-261.0	299.467	0.00761086	0.1506
-256.5	299.467	0.0103252	0.1322
-252.0	299.467	0.00741956	0.1142
-247.5	299.467	0.0131323	0.2119
-243.0	299.467	0.00926367	0.1378
-238.5	299.467	0.0100946	0.1859
-234.0	299.467	0.0108659	0.1051
-229.5	299.467	0.0109225	0.1234
-225.0	299.467	0.014422	0.283
-220.5	299.467	0.0125245	0.1671
-216.0	299.467	0.0117555	0.1209
-211.5	299.467	0.0103239	0.102
-207.0	299.467	0.0117449	0.1099
-202.5	299.467	0.0121439	0.1101
-198.0	299.467	0.0152735	0.1658
-193.5	299.467	0.0137054	0.0951
-189.0	299.467	0.0159023	0.1094
-184.5	299.467	0.0134181	0.0985
-180.0	299.467	0.0138944	0.1314
-175.5	299.467	0.0137285	0.1102
-171.0	299.467	0.0132694	0.1119
-166.5	299.467	0.0179873	0.1739
-162.0	299.467	0.0161216	0.0898
-157.5	299.467	0.0193624	0.1018
-153.0	299.467	0.014358	0.1107
-148.5	299.467	0.023297	0.1438
-144.0	299.467	0.0174673	0.1128
-139.5	299.467	0.0183007	0.1372
-135.0	299.467	0.0214925	0.1009
-130.5	299.467	0.0231042	0.1396
-126.0	299.467	0.0186717	0.1443
-121.5	299.467	0.0186448	0.1026
-117.0	299.467	0.0181923	0.1028
-112.5	299.467	0.0211327	0.1285
-108.0	299.467	0.0245313	0.1037
-103.5	299.467	0.0212989	0.1457
-99.0	299.467	0.0210517	0.0951
-94.5	299.467	0.0217292	0.1415
-90.0	299.467	0.0250361	0.1173
-85.5	299.467	0.0208237	0.0884
-81.0	299.467	0.0187867	0.0901
-76.5	299.467	0.0238018	0.1517
-72.0	299.467	0.0228344	0.0944
-67.5	299.467	0.0216249	0.086
-63.0	299.467	0.0281919	0.0972
-58.5	299.467	0.0249754	0.1142
-54.0	299.467	0.0215563	0.1032
-49.5	299.467	0.0294415	0.2211
-45.0	299.467	0.0318252	0.1777
-40.5	299.467	0.0266972	0.1072
-36.0	299.467	0.0332256	0.2403
-31.5	299.467	0.0269444	0.099
-27.0	299.467	0.045406	0.2982
-22.5	299.467	0.0269011	0.1124
-18.0	299.467	0.0237237	0.0895
-13.5	299.467	0.0233818	0.1061
-9.0	299.467	0.0248003	0.0735
-4.5	299.467	0.0234007	0.0744
0.0	299.467	0.0254507	0.1042
4.5	299.467	0.0346547	0.244
9.0	299.467	0.0264148	0.0967
13.5	299.467	0.0297383	0.1521
18.0	299.467	0.0289053	0.1069
22.5	299.467	0.0248531	0.1531
27.0	299.467	0.0251083	0.1022
31.5	299.467	0.0258064	0.0849
36.0	299.467	0.0275996	0.1244
40.5	299.467	0.0334021	0.1874
45.0	299.467	0.0284359	0.1523
49.5	299.467	0.0221522	0.0779
54.0	299.467	0.0211605	0.1003
58.5	299.467	0.0216698	0.0862
63.0	299.467	0.0222507	0.1084
67.5	299.467	0.0249351	0.1129
72.0	299.467	0.0245416	0.1015
76.5	299.467	0.0197772	0.0801
81.0	299.467	0.0271094	0.1345
85.5	299.467	0.0230595	0.1319
90.0	299.467	0.0202589	0.1288
94.5	299.467	0.0240382	0.1175
99.0	299.467	0.0205822	0.1068
103.5	299.467	0.0188258	0.1172
108.0	299.467	0.0211123	0.0961
112.5	299.467	0.0195916	0.0992
117.0	299.467	0.0177556	0.1166
121.5	299.467	0.019264	0.0933
126.0	299.467	0.0188685	0.1389
130.5	299.467	0.0178321	0.1237
135.0	299.467	0.0166708	0.1075
139.5	299.467	0.0144358	0.1312
144.0	299.467	0.0182877	0.2096
148.5	299.467	0.0145781	0.1229
153.0	299.467	0.0162517	0.0923
157.5	299.467	0.0149516	0.1202
162.0	299.467	0.0168794	0.2112
166.5	299.467	0.0169265	0.1565
171.0	299.467	0.0134527	0.0901
175.5	299.467	0.0100834	0.1206
180.0	299.467	0.0171792	0.1806
184.5	299.467	0.0127705	0.1306
189.0	299.467	0.0150101	0.1835
193.5	299.467	0.012179	0.2015
198.0	299.467	0.00784572	0.1039
202.5	299.467	0.0103628	0.1354
207.0	299.467	0.0092738	0.1846
211.5	299.467	0.00838067	0.116
216.0	299.467	0.0116648	0.1258
220.5	299.467	0.0102997	0.1633
225.0	299.467	0.0103433	0.1094
229.5	299.467	0.0119189	0.1221
234.0	299.467	0.00949532	0.152
238.5	299.467	0.0104725	0.1237
243.0	299.467	0.00725407	0.1154
247.5	299.467	0.00785021	0.1353
252.0	299.467	0.0116822	0.1724
256.5	299.467	0.0110671	0.153
261.0	299.467	0.00970915	0.1712
265.5	299.467	0.00710523	0.1262
270.0	299.467	0.00832253	0.1317
274.5	299.467	0.0081406	0.149
279.0	299.467	0.00890705	0.1413
283.5	299.467	0.00778413	0.2191
288.0	299.467	0.0076635	0.2461
292.5	299.467	0.00579332	0.1457
297.0	299.467	0.00635435	0.1505
301.5	299.467	0.00490017	0.1895
306.0	299.467	0.00610883	0.1404
310.5	299.467	0.00537776	0.157
315.0	299.467	0.00875066	0.1841
319.5	299.467	0.00735886	0.1553
324.0	299.467	0.00741065	0.1306
328.5	299.467	0.00586245	0.187
333.0	299.467	0.0047166	0.1562
337.5	299.467	0.00691175	0.197
342.0	299.467	0.00814705	0.1807
346.5	299.467	0.00805592	0.1611
351.0	299.467	0.0069373	0.1954
355.5	299.467	0.00535989	0.182
360.0	299.467	0.00421811	0.1856
364.5	299.467	0.00466837	0.1754
369.0	299.467	0.00484615	0.1431
373.5	299.467	0.00510547	0.2073
378.0	299.467	0.00509971	0.2125
382.5	299.467	0.00651198	0.2294
387.0	299.467	0.00609066	0.2422
391.5	299.467	0.00513697	0.2153
396.0	299.467	0.00434723	0.2121
400.5	299.467	0.00382754	0.2166
405.0	299.467	0.00514429	0.2243
409.5	299.467	0.00423082	0.2395
414.0	299.467	0.00294702	0.195
418.5	299.467	0.00425772	0.1726
423.0	299.467	0.00684839	0.1866
427.5	299.467	0.0049168	0.2613
432.0	299.467	0.00522796	0.1905
436.5	299.467	0.00560758	0.1982
441.0	299.467	0.00583331	0.1711
445.5	299.467	0.00328877	0.1599
-450.0	302.033	0.00309429	0.2034
-445.5	302.033	0.00268661	0.1793
-441.0	302.033	0.00477342	0.2407
-436.5	302.033	0.00357725	0.2225
-432.0	302.033	0.00478327	0.1951
-427.5	302.033	0.00328729	0.1957
-423.0	302.033	0.00345427	0.202
-418.5	302.033	0.00329917	0.1869
-414.0	302.033	0.003007	0.2363
-409.5	302.033	0.00552786	0.2693
-405.0	302.033	0.00374434	0.2446
-400.5	302.033	0.00414893	0.2358
-396.0	302.033	0.00323805	0.2001
-391.5	302.033	0.00556286	0.2767
-387.0	302.033	0.00455901	0.1898
-382.5	302.033	0.00451094	0.1811
-378.0	302.033	0.00434604	0.1735
-373.5	302.033	0.00417093	0.2641
-369.0	302.033	0.0051868	0.202
-364.5	302.033	0.00476603	0.1697
-360.0	302.033	0.00522181	0.2029
-355.5	302.033	0.00544773	0.172
-351.0	302.033	0.00733253	0.1381
-346.5	302.033	0.00607604	0.1514
-342.0	302.033	0.0055096	0.1701
-337.5	302.033	0.00611123	0.1591
-333.0	302.033	0.00791889	0.3148
-328.5	302.033	0.0075685	0.1843
-324.0	302.033	0.00799591	0.2202
-319.5	302.033	0.0063963	0.1909
-315.0	302.033	0.00693338	0.1938
-310.5	302.033	0.00905102	0.3717
-306.0	302.033	0.00483629	0.1888
-301.5	302.033	0.00848897	0.1724
-297.0	302.033	0.0075016	0.1343
-292.5	302.033	0.00600053	0.127
-288.0	302.033	0.0088274	0.3143
-283.5	302.033	0.00829607	0.1791
-279.0	302.033	0.00847997	0.1822
-274.5	302.033	0.00708627	0.1309
-270.0	302.033	0.00871624	0.1208
-265.5	302.033	0.00733779	0.1219
-261.0	302.033	0.00668888	0.146
-256.5	302.033	0.0126873	0.1657
-252.0	302.033	0.0103039	0.1751
-247.5	302.033	0.00793495	0.1194
-243.0	302.033	0.00819382	0.1654
-238.5	302.033	0.0111505	0.1618
-234.0	302.033	0.00977424	0.1285
-229.5	302.033	0.0103194	0.1222
-225.0	302.033	0.0121936	0.2523
-220.5	302.033	0.0146369	0.1253
-216.0	302.033	0.0132397	0.1762
-211.5	302.033	0.0101602	0.1144
-207.0	302.033	0.0120318	0.1412
-202.5	302.033	0.0189968	0.1304
-198.0	302.033	0.0130634	0.1306
-193.5	302.033	0.0129875	0.105
-189.0	302.033	0.0140762	0.129
-184.5	302.033	0.0120377	0.092
-180.0	302.033	0.0141326	0.1264
-175.5	302.033	0.0148853	0.1076
-171.0	302.033	0.0152094	0.1255
-166.5	302.033	0.0155992	0.1505
-162.0	302.033	0.0167808	0.1125
-157.5	302.033	0.017008	0.0972
-153.0	302.033	0.0164008	0.0927
-148.5	302.033	0.0167137	0.1321
-144.0	302.033	0.0217049	0.1376
-139.5	302.033	0.0196832	0.1438
-135.0	302.033	0.0157885	0.0835
-130.5	302.033	0.0202504	0.0985
-126.0	302.033	0.0181952	0.0974
-121.5	302.033	0.0229287	0.1257
-117.0	302.033	0.0204466	0.1136
-112.5	302.033	0.0194196	0.1017
-108.0	302.033	0.0228149	0.1162
-103.5	302.033	0.0186221	0.0981
-99.0	302.033	0.022023	0.0993
-94.5	302.033	0.0218714	0.1028
-90.0	302.033	0.0244188	0.1048
-85.5	302.033	0.0233664	0.1315
-81.0	302.033	0.0202867	0.0834
-76.5	302.033	0.0229644	0.1094
-72.0	302.033	0.0226877	0.0862
-67.5	302.033	0.0258177	0.1138
-63.0	302.033	0.0245772	0.0995
-58.5	302.033	0.0232839	0.0835
-54.0	302.033	0.0277664	0.0995
-49.5	302.033	0.0267821	0.0847
-45.0	302.033	0.033967	0.1052
-40.5	302.033	0.0302334	0.1208
-36.0	302.033	0.0235798	0.1022
-31.5	302.033	0.025423	0.1095
-27.0	302.033	0.0352862	0.2993
-22.5	302.033	0.023712	0.1019
-18.0	302.033	0.0224402	0.0781
-13.5	302.033	0.0262267	0.0913
-9.0	302.033	0.0248651	0.0786
-4.5	302.033	0.0255754	0.1283
0.0	302.033	0.0282931	0.0818
4.5	302.033	0.0240241	0.0859
9.0	302.033	0.0248113	0.0862
13.5	302.033	0.0246846	0.1428
18.0	302.033	0.0257233	0.1129
22.5	302.033	0.0307409	0.0997
27.0	302.033	0.0256008	0.087
31.5	302.033	0.0245468	0.0927
36.0	302.033	0.0290361	0.099
40.5	302.033	0.0287357	0.1365
45.0	302.033	0.0246128	0.0942
49.5	302.033	0.0262389	0.0987
54.0	302.033	0.0235734	0.1094
58.5	302.033	0.0226495	0.0984
63.0	302.033	0.0247641	0.1252
67.5	302.033	0.0206306	0.0807
72.0	302.033	0.0241621	0.101
76.5	302.033	0.0219071	0.1711
81.0	302.033	0.0228529	0.1021
85.5	302.033	0.0223051	0.1059
90.0	302.033	0.0198657	0.1171
94.5	302.033	0.0186394	0.0972
99.0	302.033	0.0194438	0.0952
103.5	302.033	0.0177123	0.0968
108.0	302.033	0.0220487	0.1188
112.5	302.033	0.0173541	0.098
117.0	302.033	0.0240809	0.183
121.5	302.033	0.0176151	0.1015
126.0	302.033	0.0205607	0.1226
130.5	302.033	0.0171871	0.1099
135.0	302.033	0.0197366	0.1758
139.5	302.033	0.0174349	0.1197
144.0	302.033	0.0173428	0.1856
148.5	302.033	0.0160687	0.2555
153.0	302.033	0.0150661	0.1073
157.5	302.033	0.0131026	0.105
162.0	302.033	0.0123767	0.0914
166.5	302.033	0.0139527	0.0973
171.0	302.033	0.0124679	0.0996
175.5	302.033	0.00982876	0.1024
180.0	302.033	0.0123022	0.1177
184.5	302.033	0.0105103	0.1177
189.0	302.033	0.0114615	0.1165
193.5	302.033	0.014507	0.1288
198.0	302.033	0.00886448	0.1113
202.5	302.033	0.0123701	0.1675
207.0	302.033	0.0101838	0.1248
211.5	302.033	0.00911833	0.1482
216.0	302.033	0.01582	0.3005
220.5	302.033	0.00807105	0.1096
225.0	302.033	0.0100484	0.1032
229.5	302.033	0.00974566	0.1027
234.0	302.033	0.0115599	0.1968
238.5	302.033	0.00856494	0.1057
243.0	302.033	0.0103586	0.1718
247.5	302.033	0.00863608	0.144
252.0	302.033	0.0102058	0.1076
256.5	302.033	0.00974682	0.1953
261.0	302.033	0.00704859	0.113
265.5	302.033	0.00721386	0.1108
270.0	302.033	0.00932211	0.1904
274.5	302.033	0.0107612	0.211
279.0	302.033	0.00705218	0.1427
283.5	302.033	0.00843696	0.157
288.0	302.033	0.00673181	0.1295
292.5	302.033	0.00971449	0.4123
297.0	302.033	0.00810576	0.1832
301.5	302.033	0.00880961	0.1989
306.0	302.033	0.00700786	0.1328
310.5	302.033	0.00789359	0.1528
315.0	302.033	0.00640047	0.1958
319.5	302.033	0.00544148	0.14
324.0	302.033	0.0077988	0.2139
328.5	302.033	0.00534492	0.1655
333.0	302.033	0.00544014	0.1451
337.5	302.033	0.00659594	0.1983
342.0	302.033	0.0077823	0.1856
346.5	302.033	0.00658204	0.2206
351.0	302.033	0.0058991	0.1758
355.5	302.033	0.00668438	0.1752
360.0	302.033	0.00409712	0.1976
364.5	302.033	0.00738311	0.5009
369.0	302.033	0.00528067	0.1451
373.5	302.033	0.00583544	0.1926
378.0	302.033	0.00419202	0.1644
382.5	302.033	0.00429608	0.1648
387.0	302.033	0.00571343	0.1974
391.5	302.033	0.00351816	0.1868
396.0	302.033	0.00290233	0.1704
400.5	302.033	0.00342593	0.1879
405.0	302.033	0.00467964	0.1835
409.5	302.033	0.00521143	0.1955
414.0	302.033	0.00549463	0.2933
418.5	302.033	0.00425037	0.1933
423.0	302.033	0.00861684	0.3326
427.5	302.033	0.00458741	0.2167
432.0	302.033	0.00366198	0.1813
436.5	302.033	0.00451207	0.2796
441.0	302.033	0.00644766	0.1884
445.5	302.033	0.00399023	0.2202
-450.0	304.6	0.00244586	0.2205
-445.5	304.6	0.00574861	0.1905
-441.0	304.6	0.00348337	0.19
-436.5	304.6	0.00319825	0.1868
-432.0	304.6	0.00386207	0.1974
-427.5	304.6	0.00303124	0.266
-423.0	304.6	0.00309681	0.2309
-418.5	304.6	0.00763896	0.2181
-414.0	304.6	0.0043719	0.253
-409.5	304.6	0.00311534	0.2397
-405.0	304.6	0.00463956	0.2357
-400.5	304.6	0.00498982	0.2879
-396.0	304.6	0.00450174	0.1998
-391.5	304.6	0.00560743	0.1674
-387.0	304.6	0.00586648	0.1711
-382.5	304.6	0.00399953	0.2238
-378.0	304.6	0.00405957	0.1885
-373.5	304.6	0.00460938	0.1567
-369.0	304.6	0.00510991	0.2813
-364.5	304.6	0.00423554	0.1602
-360.0	304.6	0.0049314	0.1612
-355.5	304.6	0.00551679	0.1748
-351.0	304.6	0.00514897	0.1314
-346.5	304.6	0.00579043	0.1861
-342.0	304.6	0.0047767	0.1594
-337.5	304.6	0.00570413	0.2182
-333.0	304.6	0.0109786	0.2806
-328.5	304.6	0.00614451	0.1389
-324.0	304.6	0.0059971	0.1703
-319.5	304.6	0.00614839	0.1751
-315.0	304.6	0.00824526	0.4349
-310.5	304.6	0.0058602	0.1536
-306.0	304.6	0.00520683	0.1505
-301.5	304.6	0.00657189	0.1374
-297.0	304.6	0.0102119	0.2012
-292.5	304.6	0.00729186	0.1882
-288.0	304.6	0.00613184	0.1368
-283.5	304.6	0.00872988	0.1496
-279.0	304.6	0.00859848	0.1375
-274.5	304.6	0.00814819	0.1459
-270.0	304.6	0.00900653	0.1135
-265.5	304.6	0.0076422	0.1522
-261.0	304.6	0.0075265	0.1324
-256.5	304.6	0.0102409	0.1263
-252.0	304.6	0.0110578	0.1575
-247.5	304.6	0.0087778	0.1257
-243.0	304.6	0.00969149	0.1348
-238.5	304.6	0.00933814	0.1153
-234.0	304.6	0.00869407	0.1092
-229.5	304.6	0.00926351	0.1375
-225.0	304.6	0.0104227	0.1395
-220.5	304.6	0.0139477	0.1321
-216.0	304.6	0.010819	0.1353
-211.5	304.6	0.012225	0.1679
-207.0	304.6	0.0111257	0.1082
-202.5	304.6	0.0107533	0.1073
-198.0	304.6	0.0123517	0.1492
-193.5	304.6	0.017648	0.1339
-189.0	304.6	0.0135141	0.0968
-184.5	304.6	0.013794	0.1014
-180.0	304.6	0.0170674	0.1713
-175.5	304.6	0.0163348	0.1006
-171.0	304.6	0.0180783	0.1183
-166.5	304.6	0.0141243	0.114
-162.0	304.6	0.0157675	0.1122
-157.5	304.6	0.0164025	0.1527
-153.0	304.6	0.0204053	0.143
-148.5	304.6	0.0154256	0.1207
-144.0	304.6	0.0188363	0.1061
-139.5	304.6	0.0202062	0.1127
-135.0	304.6	0.0175811	0.1032
-130.5	304.6	0.0237879	0.1287
-126.0	304.6	0.0148858	0.0899
-121.5	304.6	0.0162097	0.0962
-117.0	304.6	0.02054	0.1186
-112.5	304.6	0.0176145	0.0979
-108.0	304.6	0.0227924	0.0969
-103.5	304.6	0.0214107	0.0875
-99.0	304.6	0.0278716	0.2506
-94.5	304.6	0.0213002	0.1123
-90.0	304.6	0.021627	0.0875
-85.5	304.6	0.0239129	0.0988
-81.0	304.6	0.0234434	0.116
-76.5	304.6	0.0216691	0.107
-72.0	304.6	0.0234049	0.0899
-67.5	304.6	0.0290565	0.1317
-63.0	304.6	0.0262364	0.1194
-58.5	304.6	0.0341666	0.2017
-54.0	304.6	0.0271033	0.0947
-49.5	304.6	0.023516	0.0867
-45.0	304.6	0.0243529	0.0994
-40.5	304.6	0.0303065	0.1016
-36.0	304.6	0.0256103	0.0915
-31.5	304.6	0.0231224	0.1167
-27.0	304.6	0.0210342	0.078
-22.5	304.6	0.0224572	0.0874
-18.0	304.6	0.0253103	0.0965
-13.5	304.6	0.0242647	0.0752
-9.0	304.6	0.0225362	0.0903
-4.5	304.6	0.0313908	0.1139
0.0	304.6	0.0315278	0.1005
4.5	304.6	0.032308	0.1452
9.0	304.6	0.0237096	0.0781
13.5	304.6	0.0326934	0.1216
18.0	304.6	0.0250424	0.1724
22.5	304.6	0.0385297	0.1321
27.0	304.6	0.032078	0.1243
31.5	304.6	0.0208868	0.0829
36.0	304.6	0.0241438	0.0814
40.5	304.6	0.0229981	0.0823
45.0	304.6	0.024928	0.0888
49.5	304.6	0.0249165	0.1081
54.0	304.6	0.0241152	0.1161
58.5	304.6	0.0300226	0.1246
63.0	304.6	0.0206684	0.0843
67.5	304.6	0.0241116	0.0808
72.0	304.6	0.0244816	0.119
76.5	304.6	0.0162331	0.0857
81.0	304.6	0.0242832	0.1063
85.5	304.6	0.0179787	0.0919
90.0	304.6	0.0270492	0.1893
94.5	304.6	0.021334	0.1215
99.0	304.6	0.0215601	0.1451
103.5	304.6	0.0194428	0.1115
108.0	304.6	0.0175258	0.0915
112.5	304.6	0.0192442	0.0956
117.0	304.6	0.0212523	0.1155
121.5	304.6	0.019867	0.1075
126.0	304.6	0.0147395	0.0893
130.5	304.6	0.0134906	0.1218
135.0	304.6	0.0212315	0.2216
139.5	304.6	0.0178239	0.1359
144.0	304.6	0.0203352	0.1696
148.5	304.6	0.014354	0.1042
153.0	304.6	0.0163047	0.1258
157.5	304.6	0.0168099	0.1315
162.0	304.6	0.0124757	0.2058
166.5	304.6	0.0142451	0.1014
171.0	304.6	0.0147714	0.1279
175.5	304.6	0.0106218	0.1016
180.0	304.6	0.0102612	0.1083
184.5	304.6	0.00933076	0.1265
189.0	304.6	0.0102086	0.1166
193.5	304.6	0.0125099	0.168
198.0	304.6	0.0107571	0.1266
202.5	304.6	0.0105669	0.1333
207.0	304.6	0.0156816	0.267
211.5	304.6	0.01178	0.1789
216.0	304.6	0.0114946	0.1438
220.5	304.6	0.00868419	0.1274
225.0	304.6	0.0093101	0.1079
229.5	304.6	0.00713618	0.1034
234.0	304.6	0.00984508	0.1156
238.5	304.6	0.00783965	0.1093
243.0	304.6	0.00778572	0.1323
247.5	304.6	0.00968197	0.1443
252.0	304.6	0.0084683	0.1213
256.5	304.6	0.00839254	0.1344
261.0	304.6	0.00674259	0.1287
265.5	304.6	0.00941643	0.1353
270.0	304.6	0.0121469	0.2684
274.5	304.6	0.00858977	0.1915
279.0	304.6	0.00713399	0.1391
283.5	304.6	0.00679754	0.1455
288.0	304.6	0.0103392	0.1304
292.5	304.6	0.00537438	0.1537
297.0	304.6	0.00845518	0.1555
301.5	304.6	0.00587811	0.1711
306.0	304.6	0.00740807	0.1452
310.5	304.6	0.00862261	0.1487
315.0	304.6	0.00679863	0.1769
319.5	304.6	0.0060011	0.1426
324.0	304.6	0.00558088	0.1663
328.5	304.6	0.00931445	0.2848
333.0	304.6	0.00542541	0.1677
337.5	304.6	0.00644666	0.1565
342.0	304.6	0.00602158	0.1496
346.5	304.6	0.00561947	0.1509
351.0	304.6	0.00442557	0.1802
355.5	304.6	0.00597021	0.1527
360.0	304.6	0.00459364	0.1626
364.5	304.6	0.00608268	0.2005
369.0	304.6	0.00411919	0.1321
373.5	304.6	0.00465595	0.1871
378.0	304.6	0.00490549	0.1549
382.5	304.6	0.00541499	0.2427
387.0	304.6	0.00629682	0.2109
391.5	304.6	0.00662573	0.3435
396.0	304.6	0.00558452	0.2276
400.5	304.6	0.00307093	0.1929
405.0	304.6	0.00379028	0.172
409.5	304.6	0.00511915	0.2119
414.0	304.6	0.00531731	0.2339
418.5	304.6	0.00446082	0.1832
423.0	304.6	0.006204	0.3079
427.5	304.6	0.00360079	0.1553
432.0	304.6	0.00381816	0.1786
436.5	304.6	0.00384201	0.214
441.0	304.6	0.0056439	0.3382
445.5	304.6	0.00611076	0.254
-450.0	307.167	0.00504075	0.2342
-445.5	307.167	0.00573224	0.3931
-441.0	307.167	0.00320848	0.2017
-436.5	307.167	0.00431188	0.2226
-432.0	307.167	0.00407175	0.1798
-427.5	307.167	0.00351826	0.1854
-423.0	307.167	0.00295743	0.1799
-418.5	307.167	0.00436949	0.2284
-414.0	307.167	0.00554911	0.2833
-409.5	307.167	0.00378863	0.2171
-405.0	307.167	0.00310525	0.2705
-400.5	307.167	0.00467277	0.239
-396.0	307.167	0.00540701	0.2039
-391.5	307.167	0.00524529	0.1921
-387.0	307.167	0.00372048	0.1505
-382.5	307.167	0.00510942	0.1986
-378.0	307.167	0.00592731	0.313
-373.5	307.167	0.0051052	0.2082
-369.0	307.167	0.00547103	0.4846
-364.5	307.167	0.00399523	0.1795
-360.0	307.167	0.00486985	0.1551
-355.5	307.167	0.00579385	0.1409
-351.0	307.167	0.00607172	0.1523
-346.5	307.167	0.00529388	0.1536
-342.0	307.167	0.0067349	0.1849
-337.5	307.167	0.00579199	0.1759
-333.0	307.167	0.00615781	0.1587
-328.5	307.167	0.00584347	0.1316
-324.0	307.167	0.00686499	0.1667
-319.5	307.167	0.00523709	0.187
-315.0	307.167	0.00710406	0.1547
-310.5	307.167	0.00574902	0.1915
-306.0	307.167	0.00514763	0.1775
-301.5	307.167	0.0094426	0.2152
-297.0	307.167	0.00701368	0.1423
-292.5	307.167	0.00849813	0.1957
-288.0	307.167	0.00692454	0.1406
-283.5	307.167	0.00643832	0.1345
-279.0	307.167	0.0112622	0.2483
-274.5	307.167	0.0106603	0.1617
-270.0	307.167	0.00898798	0.1245
-265.5	307.167	0.00775557	0.1376
-261.0	307.167	0.00943795	0.1149
-256.5	307.167	0.00803754	0.1218
-252.0	307.167	0.0094938	0.1322
-247.5	307.167	0.00746461	0.1087
-243.0	307.167	0.0111472	0.1289
-238.5	307.167	0.0115008	0.2237
-234.0	307.167	0.0127914	0.1682
-229.5	307.167	0.00915952	0.1136
-225.0	307.167	0.0135306	0.1384
-220.5	307.167	0.011084	0.1377
-216.0	307.167	0.0113905	0.1275
-211.5	307.167	0.010903	0.1346
-207.0	307.167	0.0123179	0.1412
-202.5	307.167	0.0140775	0.1764
-198.0	307.167	0.0104193	0.0929
-193.5	307.167	0.0172197	0.1535
-189.0	307.167	0.0143189	0.0904
-184.5	307.167	0.0167258	0.1471
-180.0	307.167	0.0145224	0.1054
-175.5	307.167	0.0144361	0.0935
-171.0	307.167	0.0148522	0.1051
-166.5	307.167	0.0146572	0.1067
-162.0	307.167	0.0145649	0.088
-157.5	307.167	0.0149285	0.0959
-153.0	307.167	0.0186978	0.139
-148.5	307.167	0.0170124	0.1135
-144.0	307.167	0.0224133	0.099
-139.5	307.167	0.0171951	0.1106
-135.0	307.167	0.0182248	0.1093
-130.5	307.167	0.0211154	0.1167
-126.0	307.167	0.0230138	0.1507
-121.5	307.167	0.0217285	0.1806
-117.0	307.167	0.0181235	0.0952
-112.5	307.167	0.0189229	0.0843
-108.0	307.167	0.0214724	0.0954
-103.5	307.167	0.0229215	0.1069
-99.0	307.167	0.0214217	0.1518
-94.5	307.167	0.0211339	0.0873
-90.0	307.167	0.027959	0.2449
-85.5	307.167	0.0218601	0.1139
-81.0	307.167	0.0229471	0.0998
-76.5	307.167	0.0224439	0.0972
-72.0	307.167	0.0248337	0.0832
-67.5	307.167	0.0228303	0.1081
-63.0	307.167	0.0231021	0.0881
-58.5	307.167	0.0271998	0.1324
-54.0	307.167	0.0247258	0.09
-49.5	307.167	0.0261869	0.0819
-45.0	307.167	0.0265052	0.0895
-40.5	307.167	0.0339279	0.1122
-36.0	307.167	0.0300662	0.1962
-31.5	307.167	0.0263676	0.0939
-27.0	307.167	0.0222734	0.0914
-22.5	307.167	0.0227311	0.0871
-18.0	307.167	0.0257403	0.1269
-13.5	307.167	0.0328922	0.1329
-9.0	307.167	0.0262156	0.0927
-4.5	307.167	0.0273952	0.1147
0.0	307.167	0.0301752	0.0931
4.5	307.167	0.0261784	0.0968
9.0	307.167	0.0238013	0.0958
13.5	307.167	0.0327178	0.1891
18.0	307.167	0.0256289	0.1113
22.5	307.167	0.0258213	0.1145
27.0	307.167	0.0244767	0.0934
31.5	307.167	0.0255718	0.1046
36.0	307.167	0.0225901	0.0798
40.5	307.167	0.0321883	0.1654
45.0	307.167	0.0262068	0.1459
49.5	307.167	0.0283491	0.1152
54.0	307.167	0.020933	0.0836
58.5	307.167	0.0253608	0.1064
63.0	307.167	0.022205	0.1104
67.5	307.167	0.0245916	0.1102
72.0	307.167	0.0220215	0.0985
76.5	307.167	0.0224253	0.1167
81.0	307.167	0.0237691	0.12
85.5	307.167	0.0185241	0.13
90.0	307.167	0.019841	0.0905
94.5	307.167	0.0229908	0.109
99.0	307.167	0.0240501	0.1241
103.5	307.167	0.0217484	0.1007
108.0	307.167	0.0234537	0.1203
112.5	307.167	0.016601	0.0903
117.0	307.167	0.0182444	0.0956
121.5	307.167	0.0180683	0.0983
126.0	307.167	0.0167539	0.096
130.5	307.167	0.0178424	0.1105
135.0	307.167	0.0218526	0.1079
139.5	307.167	0.0223879	0.1895
144.0	307.167	0.0160878	0.1117
148.5	307.167	0.0159423	0.1139
153.0	307.167	0.0154518	0.1181
157.5	307.167	0.0171557	0.1484
162.0	307.167	0.0146438	0.1363
166.5	307.167	0.0154708	0.1229
171.0	307.167	0.0136045	0.0969
175.5	307.167	0.0136421	0.1045
180.0	307.167	0.012623	0.0965
184.5	307.167	0.0115282	0.1124
189.0	307.167	0.010889	0.1177
193.5	307.167	0.0121441	0.0982
198.0	307.167	0.0109203	0.1075
202.5	307.167	0.00916417	0.1389
207.0	307.167	0.011258	0.1634
211.5	307.167	0.00955521	0.1266
216.0	307.167	0.00939964	0.1176
220.5	307.167	0.0089494	0.1083
225.0	307.167	0.00942746	0.115
229.5	307.167	0.00945247	0.118
234.0	307.167	0.0103046	0.1266
238.5	307.167	0.0109213	0.1224
243.0	307.167	0.0102521	0.1588
247.5	307.167	0.0107342	0.1968
252.0	307.167	0.00660917	0.1143
256.5	307.167	0.0103675	0.14
261.0	307.167	0.00823537	0.1419
265.5	307.167	0.0109546	0.1347
270.0	307.167	0.0120057	0.2024
274.5	307.167	0.00857833	0.262
279.0	307.167	0.0075404	0.1348
283.5	307.167	0.00795572	0.1269
288.0	307.167	0.00802971	0.1379
292.5	307.167	0.00608846	0.1289
297.0	307.167	0.00613282	0.1349
301.5	307.167	0.00852731	0.2148
306.0	307.167	0.00714385	0.156
310.5	307.167	0.0100534	0.2346
315.0	307.167	0.00678514	0.1502
319.5	307.167	0.00642097	0.1348
324.0	307.167	0.00756852	0.2594
328.5	307.167	0.01223	0.3484
333.0	307.167	0.0116962	0.2839
337.5	307.167	0.00913079	0.2917
342.0	307.167	0.00551592	0.1653
346.5	307.167	0.0102942	0.3309
351.0	307.167	0.00681005	0.1727
355.5	307.167	0.00574102	0.1768
360.0	307.167	0.00705805	0.1605
364.5	307.167	0.00601393	0.1736
369.0	307.167	0.0070478	0.1984
373.5	307.167	0.00506643	0.2265
378.0	307.167	0.0039377	0.148
382.5	307.167	0.00431035	0.168
387.0	307.167	0.0062392	0.2068
391.5	307.167	0.00542755	0.2105
396.0	307.167	0.00398564	0.2366
400.5	307.167	0.00350425	0.1755
405.0	307.167	0.00571945	0.2303
409.5	307.167	0.00327545	0.1944
414.0	307.167	0.00542334	0.1986
418.5	307.167	0.0054546	0.2986
423.0	307.167	0.0035969	0.2189
427.5	307.167	0.00651787	0.2047
432.0	307.167	0.00982548	0.4772
436.5	307.167	0.0056297	0.2709
441.0	307.167	0.00543437	0.2021
445.5	307.167	0.00728834	0.263
-450.0	309.733	0.00471906	0.2039
-445.5	309.733	0.0031308	0.2083
-441.0	309.733	0.00368936	0.2355
-436.5	309.733	0.00379046	0.2093
-432.0	309.733	0.0035684	0.2083
-427.5	309.733	0.00352781	0.2758
-423.0	309.733	0.00242109	0.2556
-418.5	309.733	0.00295748	0.2339
-414.0	309.733	0.00420851	0.2173
-409.5	309.733	0.00283962	0.1815
-405.0	309.733	0.00343377	0.227
-400.5	309.733	0.00263818	0.201
-396.0	309.733	0.00487837	0.1952
-391.5	309.733	0.00379894	0.1889
-387.0	309.733	0.00343721	0.1859
-382.5	309.733	0.00373693	0.178
-378.0	309.733	0.00473434	0.2168
-373.5	309.733	0.00417336	0.2583
-369.0	309.733	0.00761772	0.4853
-364.5	309.733	0.00680426	0.2352
-360.0	309.733	0.00556243	0.225
-355.5	309.733	0.0063039	0.1848
-351.0	309.733	0.00489565	0.1714
-346.5	309.733	0.00525056	0.1789
-342.0	309.733	0.00552173	0.1502
-337.5	309.733	0.00562427	0.1739
-333.0	309.733	0.00552717	0.1468
-328.5	309.733	0.00543695	0.1605
-324.0	309.733	0.0068214	0.2058
-319.5	309.733	0.00648577	0.1471
-315.0	309.733	0.00569538	0.22
-310.5	309.733	0.00519143	0.1315
-306.0	309.733	0.00648926	0.1902
-301.5	309.733	0.00728106	0.1869
-297.0	309.733	0.00774544	0.1452
-292.5	309.733	0.00735509	0.1553
-288.0	309.733	0.00577807	0.1505
-283.5	309.733	0.00762846	0.1782
-279.0	309.733	0.0109139	0.202
-274.5	309.733	0.0123115	0.1796
-270.0	309.733	0.0120168	0.2768
-265.5	309.733	0.010219	0.1168
-261.0	309.733	0.00998761	0.2383
-256.5	309.733	0.0101831	0.1396
-252.0	309.733	0.0120774	0.215
-247.5	309.733	0.00906928	0.1428
-243.0	309.733	0.0091623	0.1369
-238.5	309.733	0.00906415	0.2318
-234.0	309.733	0.0098146	0.1367
-229.5	309.733	0.0112642	0.1343
-225.0	309.733	0.0128219	0.1634
-220.5	309.733	0.0115564	0.1254
-216.0	309.733	0.0104119	0.0991
-211.5	309.733	0.00995103	0.1123
-207.0	309.733	0.0123675	0.1281
-202.5	309.733	0.0121265	0.1493
-198.0	309.733	0.0126275	0.1121
-193.5	309.733	0.0131147	0.1006
-189.0	309.733	0.0143354	0.1166
-184.5	309.733	0.0177642	0.1654
-180.0	309.733	0.0177149	0.1552
-175.5	309.733	0.0149751	0.1235
-171.0	309.733	0.0182885	0.1931
-166.5	309.733	0.0157593	0.1184
-162.0	309.733	0.0150003	0.1032
-157.5	309.733	0.0192419	0.1367
-153.0	309.733	0.0132339	0.1416
-148.5	309.733	0.0159198	0.0933
-144.0	309.733	0.0190762	0.0981
-139.5	309.733	0.0159249	0.104
-135.0	309.733	0.0195495	0.1448
-130.5	309.733	0.0215112	0.1684
-126.0	309.733	0.0201081	0.1206
-121.5	309.733	0.015295	0.1052
-117.0	309.733	0.0220298	0.1495
-112.5	309.733	0.0259209	0.1663
-108.0	309.733	0.0250576	0.1329
-103.5	309.733	0.0210909	0.0986
-99.0	309.733	0.0199632	0.1187
-94.5	309.733	0.0209836	0.0851
-90.0	309.733	0.0195589	0.081
-85.5	309.733	0.0237072	0.1112
-81.0	309.733	0.0183661	0.0874
-76.5	309.733	0.0297794	0.1441
-72.0	309.733	0.0229297	0.0847
-67.5	309.733	0.0239832	0.1497
-63.0	309.733	0.0217481	0.098
-58.5	309.733	0.0263999	0.1212
-54.0	309.733	0.031485	0.1237
-49.5	309.733	0.031304	0.161
-45.0	309.733	0.0246803	0.1049
-40.5	309.733	0.0225769	0.0932
-36.0	309.733	0.0242374	0.0795
-31.5	309.733	0.0285916	0.0938
-27.0	309.733	0.0293571	0.1501
-22.5	309.733	0.0264229	0.089
-18.0	309.733	0.021732	0.0852
-13.5	309.733	0.0294291	0.1039
-9.0	309.733	0.0308231	0.1202
-4.5	309.733	0.027109	0.0905
0.0	309.733	0.0335666	0.1531
4.5	309.733	0.0282871	0.0883
9.0	309.733	0.0310663	0.1101
13.5	309.733	0.0291821	0.1259
18.0	309.733	0.0267008	0.102
22.5	309.733	0.0263693	0.09
27.0	309.733	0.026624	0.0989
31.5	309.733	0.028057	0.1123
36.0	309.733	0.0282818	0.1162
40.5	309.733	0.0335593	0.1473
45.0	309.733	0.0230789	0.0975
49.5	309.733	0.0246097	0.0935
54.0	309.733	0.0231375	0.0989
58.5	309.733	0.0275142	0.1077
63.0	309.733	0.0233729	0.0917
67.5	309.733	0.0285059	0.1291
72.0	309.733	0.02288	0.1072
76.5	309.733	0.022472	0.1477
81.0	309.733	0.0236171	0.1311
85.5	309.733	0.0227192	0.1055
90.0	309.733	0.0221836	0.1206
94.5	309.733	0.0233404	0.1475
99.0	309.733	0.021568	0.1127
103.5	309.733	0.019502	0.0861
108.0	309.733	0.0235561	0.1206
112.5	309.733	0.0202466	0.1018
117.0	309.733	0.0226047	0.1857
121.5	309.733	0.0176751	0.1055
126.0	309.733	0.0171531	0.1018
130.5	309.733	0.0153146	0.0852
135.0	309.733	0.0222228	0.2022
139.5	309.733	0.0202903	0.1147
144.0	309.733	0.0151855	0.0934
148.5	309.733	0.0176692	0.1031
153.0	309.733	0.0158083	0.1229
157.5	309.733	0.0125459	0.0946
162.0	309.733	0.0145244	0.1047
166.5	309.733	0.0128023	0.104
171.0	309.733	0.0125297	0.1011
175.5	309.733	0.0139625	0.1008
180.0	309.733	0.0142646	0.1926
184.5	309.733	0.0109482	0.11
189.0	309.733	0.0148233	0.1731
193.5	309.733	0.0137642	0.1446
198.0	309.733	0.0113787	0.1075
202.5	309.733	0.0114897	0.1263
207.0	309.733	0.0102287	0.1269
211.5	309.733	0.00972106	0.1179
216.0	309.733	0.0099745	0.1179
220.5	309.733	0.0115132	0.1624
225.0	309.733	0.0120456	0.1518
229.5	309.733	0.00813536	0.1122
234.0	309.733	0.0088667	0.112
238.5	309.733	0.0125366	0.2235
243.0	309.733	0.00812804	0.1246
247.5	309.733	0.0099562	0.1395
252.0	309.733	0.00659811	0.1164
256.5	309.733	0.010385	0.1211
261.0	309.733	0.009537	0.1261
265.5	309.733	0.0130073	0.3078
270.0	309.733	0.00982991	0.1485
274.5	309.733	0.00715841	0.1375
279.0	309.733	0.00748506	0.178
283.5	309.733	0.00719206	0.1325
288.0	309.733	0.00603488	0.1127
292.5	309.733	0.00663235	0.1388
297.0	309.733	0.00961898	0.1587
301.5	309.733	0.00691209	0.1859
306.0	309.733	0.00583635	0.1621
310.5	309.733	0.0064265	0.1477
315.0	309.733	0.00778488	0.1847
319.5	309.733	0.00995791	0.2055
324.0	309.733	0.0110031	0.221
328.5	309.733	0.00655901	0.1522
333.0	309.733	0.00758825	0.1879
337.5	309.733	0.0085072	0.197
342.0	309.733	0.00502478	0.1684
346.5	309.733	0.0112093	0.2779
351.0	309.733	0.00520256	0.2136
355.5	309.733	0.00525119	0.2127
360.0	309.733	0.00579816	0.1484
364.5	309.733	0.00461883	0.1883
369.0	309.733	0.00717243	0.2152
373.5	309.733	0.00626419	0.1916
378.0	309.733	0.00396855	0.1676
382.5	309.733	0.00566536	0.2356
387.0	309.733	0.00589184	0.2422
391.5	309.733	0.00441114	0.1862
396.0	309.733	0.00522548	0.1934
400.5	309.733	0.00491105	0.2354
405.0	309.733	0.00527777	0.445
409.5	309.733	0.00391474	0.244
414.0	309.733	0.00595774	0.3689
418.5	309.733	0.00447992	0.1931
423.0	309.733	0.00335061	0.1965
427.5	309.733	0.00473209	0.2259
432.0	309.733	0.00516011	0.2283
436.5	309.733	0.00465747	0.2035
441.0	309.733	0.00509399	0.1918
445.5	309.733	0.00622394	0.1788
-450.0	312.3	0.00465854	0.1792
-445.5	312.3	0.0032849	0.2185
-441.0	312.3	0.00506294	0.3051
-436.5	312.3	0.00350701	0.3174
-432.0	312.3	0.00346543	0.1848
-427.5	312.3	0.00308944	0.2013
-423.0	312.3	0.0114092	0.6927
-418.5	312.3	0.00425956	0.24
-414.0	312.3	0.0036966	0.2597
-409.5	312.3	0.00298306	0.2002
-405.0	312.3	0.0048352	0.2769
-400.5	312.3	0.00412434	0.2074
-396.0	312.3	0.00486855	0.221
-391.5	312.3	0.00327306	0.1642
-387.0	312.3	0.00570068	0.3994
-382.5	312.3	0.00367465	0.1913
-378.0	312.3	0.00447007	0.2065
-373.5	312.3	0.00520755	0.2117
-369.0	312.3	0.00665825	0.2264
-364.5	312.3	0.00562426	0.1412
-360.0	312.3	0.00518177	0.2954
-355.5	312.3	0.00591662	0.1787
-351.0	312.3	0.00432134	0.1704
-346.5	312.3	0.00430264	0.1684
-342.0	312.3	0.00503219	0.1461
-337.5	312.3	0.00743497	0.1424
-333.0	312.3	0.00699405	0.1476
-328.5	312.3	0.00658367	0.1442
-324.0	312.3	0.00812944	0.1894
-319.5	312.3	0.00660859	0.1359
-315.0	312.3	0.00938864	0.4302
-310.5	312.3	0.00546143	0.1254
-306.0	312.3	0.00936534	0.26
-301.5	312.3	0.00851181	0.1425
-297.0	312.3	0.00885902	0.2382
-292.5	312.3	0.0072141	0.1642
-288.0	312.3	0.00576204	0.13
-283.5	312.3	0.00762425	0.1568
-279.0	312.3	0.00878218	0.1982
-274.5	312.3	0.00763566	0.1416
-270.0	312.3	0.0107979	0.1609
-265.5	312.3	0.00956071	0.1102
-261.0	312.3	0.00988274	0.1202
-256.5	312.3	0.00882392	0.1282
-252.0	312.3	0.00812469	0.151
-247.5	312.3	0.00872742	0.132
-243.0	312.3	0.00960328	0.1586
-238.5	312.3	0.00941942	0.1587
-234.0	312.3	0.00911826	0.1331
-229.5	312.3	0.0123042	0.1526
-225.0	312.3	0.0117274	0.1849
-220.5	312.3	0.0101002	0.1239
-216.0	312.3	0.013625	0.1373
-211.5	312.3	0.0133995	0.144
-207.0	312.3	0.0114239	0.1118
-202.5	312.3	0.0145146	0.1138
-198.0	312.3	0.0117985	0.1018
-193.5	312.3	0.0144404	0.1284
-189.0	312.3	0.0145568	0.1061
-184.5	312.3	0.0133325	0.0925
-180.0	312.3	0.0193762	0.0982
-175.5	312.3	0.0190053	0.1087
-171.0	312.3	0.0188337	0.11
-166.5	312.3	0.0134973	0.0903
-162.0	312.3	0.0181809	0.2154
-157.5	312.3	0.0190763	0.1324
-153.0	312.3	0.015243	0.1308
-148.5	312.3	0.0164413	0.0983
-144.0	312.3	0.0190556	0.1336
-139.5	312.3	0.016226	0.1096
-135.0	312.3	0.0207372	0.1171
-130.5	312.3	0.0218678	0.104
-126.0	312.3	0.0215803	0.122
-121.5	312.3	0.0206922	0.0959
-117.0	312.3	0.0245464	0.1955
-112.5	312.3	0.0252432	0.1216
-108.0	312.3	0.021032	0.0863
-103.5	312.3	0.0192099	0.0855
-99.0	312.3	0.0268736	0.1284
-94.5	312.3	0.0216694	0.106
-90.0	312.3	0.0234894	0.134
-85.5	312.3	0.0237917	0.1368
-81.0	312.3	0.0246302	0.2002
-76.5	312.3	0.0229924	0.0847
-72.0	312.3	0.0261884	0.0897
-67.5	312.3	0.0239011	0.0882
-63.0	312.3	0.0258821	0.1069
-58.5	312.3	0.0270597	0.1439
-54.0	312.3	0.0264528	0.1147
-49.5	312.3	0.0338315	0.1411
-45.0	312.3	0.024172	0.0968
-40.5	312.3	0.0308231	0.1123
-36.0	312.3	0.0285318	0.102
-31.5	312.3	0.0289827	0.0937
-27.0	312.3	0.0217954	0.0982
-22.5	312.3	0.0275405	0.1009
-18.0	312.3	0.0229688	0.0917
-13.5	312.3	0.0300835	0.1541
-9.0	312.3	0.0308634	0.1688
-4.5	312.3	0.0251631	0.0956
0.0	312.3	0.0241747	0.0854
4.5	312.3	0.0226249	0.0827
9.0	312.3	0.0269243	0.1152
13.5	312.3	0.0281396	0.1119
18.0	312.3	0.0244632	0.0962
22.5	312.3	0.0269233	0.0944
27.0	312.3	0.0212451	0.0762
31.5	312.3	0.025812	0.0892
36.0	312.3	0.0272832	0.1228
40.5	312.3	0.0291545	0.1105
45.0	312.3	0.0218118	0.0889
49.5	312.3	0.0229868	0.0909
54.0	312.3	0.025025	0.1075
58.5	312.3	0.0287184	0.1504
63.0	312.3	0.0250604	0.0843
67.5	312.3	0.0277872	0.1159
72.0	312.3	0.0239231	0.0959
76.5	312.3	0.0288363	0.1111
81.0	312.3	0.022351	0.0881
85.5	312.3	0.023828	0.0935
90.0	312.3	0.0255628	0.1316
94.5	312.3	0.0207137	0.1056
99.0	312.3	0.0201495	0.0883
103.5	312.3	0.0194122	0.1046
108.0	312.3	0.0213824	0.1101
112.5	312.3	0.0185908	0.1132
117.0	312.3	0.0213414	0.1318
121.5	312.3	0.0201952	0.114
126.0	312.3	0.0162934	0.0969
130.5	312.3	0.0154238	0.0943
135.0	312.3	0.0188765	0.1521
139.5	312.3	0.0175341	0.1117
144.0	312.3	0.0157007	0.0967
148.5	312.3	0.0167448	0.1169
153.0	312.3	0.0188106	0.154
157.5	312.3	0.0177269	0.1328
162.0	312.3	0.0138222	0.0857
166.5	312.3	0.0124494	0.102
171.0	312.3	0.013055	0.1191
175.5	312.3	0.0119713	0.099
180.0	312.3	0.0125671	0.117
184.5	312.3	0.0129908	0.0973
189.0	312.3	0.0126979	0.1381
193.5	312.3	0.0147838	0.1111
198.0	312.3	0.0112988	0.1213
202.5	312.3	0.0125264	0.1397
207.0	312.3	0.0105465	0.1262
211.5	312.3	0.0114727	0.1548
216.0	312.3	0.0132711	0.1112
220.5	312.3	0.00942446	0.1051
225.0	312.3	0.0112255	0.1364
229.5	312.3	0.0126218	0.1386
234.0	312.3	0.0107756	0.1231
238.5	312.3	0.0125871	0.1865
243.0	312.3	0.00982662	0.1527
247.5	312.3	0.0108809	0.13
252.0	312.3	0.00896485	0.1103
256.5	312.3	0.00976203	0.1095
261.0	312.3	0.00850984	0.1443
265.5	312.3	0.00944047	0.122
270.0	312.3	0.0079211	0.1389
274.5	312.3	0.00975876	0.1551
279.0	312.3	0.00651323	0.2094
283.5	312.3	0.0104894	0.2359
288.0	312.3	0.00715385	0.1343
292.5	312.3	0.00618934	0.1337
297.0	312.3	0.0094219	0.1549
301.5	312.3	0.00871816	0.148
306.0	312.3	0.0070836	0.1499
310.5	312.3	0.00854361	0.1908
315.0	312.3	0.00565191	0.1326
319.5	312.3	0.00550949	0.1427
324.0	312.3	0.00776668	0.1819
328.5	312.3	0.00757563	0.2134
333.0	312.3	0.00591381	0.1212
337.5	312.3	0.00686986	0.2223
342.0	312.3	0.00553539	0.1752
346.5	312.3	0.00575128	0.1549
351.0	312.3	0.00648172	0.1746
355.5	312.3	0.00458118	0.1647
360.0	312.3	0.00578328	0.1874
364.5	312.3	0.00546689	0.2596
369.0	312.3	0.00504983	0.2057
373.5	312.3	0.00500287	0.1557
378.0	312.3	0.0035095	0.1664
382.5	312.3	0.00625917	0.2477
387.0	312.3	0.00635579	0.2872
391.5	312.3	0.00481726	0.2136
396.0	312.3	0.00289072	0.2055
400.5	312.3	0.00458828	0.1975
405.0	312.3	0.0048641	0.2634
409.5	312.3	0.00511207	0.2916
414.0	312.3	0.0032058	0.1936
418.5	312.3	0.00535357	0.1868
423.0	312.3	0.00483448	0.1835
427.5	312.3	0.00645036	0.3608
432.0	312.3	0.00327314	0.2018
436.5	312.3	0.00452381	0.209
441.0	312.3	0.00352843	0.1974
445.5	312.3	0.00311701	0.2132
-450.0	314.867	0.00426103	0.2608
-445.5	314.867	0.0039052	0.1818
-441.0	314.867	0.00301036	0.1923
-436.5	314.867	0.0033499	0.1934
-432.0	314.867	0.00365751	0.2569
-427.5	314.867	0.00641148	0.4151
-423.0	314.867	0.00514327	0.3245
-418.5	314.867	0.0027552	0.2081
-414.0	314.867	0.00308197	0.1854
-409.5	314.867	0.00315039	0.2009
-405.0	314.867	0.00478428	0.3595
-400.5	314.867	0.00396337	0.1942
-396.0	314.867	0.00500549	0.1872
-391.5	314.867	0.00397016	0.2132
-387.0	314.867	0.00386759	0.2457
-382.5	314.867	0.00417889	0.2581
-378.0	314.867	0.00473142	0.1953
-373.5	314.867	0.00421393	0.1719
-369.0	314.867	0.00591647	0.1969
-364.5	314.867	0.00504043	0.1508
-360.0	314.867	0.00543752	0.1898
-355.5	314.867	0.00488585	0.1629
-351.0	314.867	0.00448727	0.2148
-346.5	314.867	0.00487712	0.1593
-342.0	314.867	0.00475595	0.1548
-337.5	314.867	0.00701267	0.1737
-333.0	314.867	0.00611501	0.1277
-328.5	314.867	0.00549591	0.1672
-324.0	314.867	0.00603074	0.2272
-319.5	314.867	0.00579022	0.1595
-315.0	314.867	0.00608491	0.1651
-310.5	314.867	0.00861788	0.1717
-306.0	314.867	0.00741028	0.1191
-301.5	314.867	0.0105298	0.1342
-297.0	314.867	0.00754338	0.1558
-292.5	314.867	0.00653	0.1289
-288.0	314.867	0.00701597	0.1735
-283.5	314.867	0.00767022	0.1254
-279.0	314.867	0.0078248	0.1204
-274.5	314.867	0.0103029	0.1766
-270.0	314.867	0.00850667	0.1847
-265.5	314.867	0.0100999	0.1359
-261.0	314.867	0.00735091	0.1111
-256.5	314.867	0.00925533	0.1181
-252.0	314.867	0.00738858	0.1161
-247.5	314.867	0.00774317	0.1213
-243.0	314.867	0.01209	0.1201
-238.5	314.867	0.00979579	0.1208
-234.0	314.867	0.00994281	0.1977
-229.5	314.867	0.0117389	0.1624
-225.0	314.867	0.0125279	0.1697
-220.5	314.867	0.0112844	0.1229
-216.0	314.867	0.0122086	0.1259
-211.5	314.867	0.0115163	0.167
-207.0	314.867	0.0139629	0.1856
-202.5	314.867	0.0109235	0.1347
-198.0	314.867	0.0124327	0.1029
-193.5	314.867	0.0143323	0.1059
-189.0	314.867	0.0126983	0.1145
-184.5	314.867	0.01555	0.1511
-180.0	314.867	0.018172	0.1119
-175.5	314.867	0.0212139	0.1582
-171.0	314.867	0.0166823	0.1118
-166.5	314.867	0.0186004	0.1391
-162.0	314.867	0.0195632	0.1277
-157.5	314.867	0.0147484	0.1088
-153.0	314.867	0.0142523	0.0975
-148.5	314.867	0.0226866	0.1567
-144.0	314.867	0.0196537	0.1036
-139.5	314.867	0.0173938	0.0981
-135.0	314.867	0.0201221	0.256
-130.5	314.867	0.0275972	0.1375
-126.0	314.867	0.0184822	0.0994
-121.5	314.867	0.018525	0.103
-117.0	314.867	0.0219301	0.1119
-112.5	314.867	0.0239714	0.0911
-108.0	314.867	0.0223595	0.104
-103.5	314.867	0.0251032	0.1096
-99.0	314.867	0.0213709	0.1005
-94.5	314.867	0.0215012	0.1437
-90.0	314.867	0.0252262	0.1032
-85.5	314.867	0.0208313	0.087
-81.0	314.867	0.0250151	0.1048
-76.5	314.867	0.0254924	0.1039
-72.0	314.867	0.0266418	0.1153
-67.5	314.867	0.0225828	0.1067
-63.0	314.867	0.0211489	0.0989
-58.5	314.867	0.0270737	0.1237
-54.0	314.867	0.0228392	0.0898
-49.5	314.867	0.0292422	0.1049
-45.0	314.867	0.0325455	0.1879
-40.5	314.867	0.0371819	0.1219
-36.0	314.867	0.0292698	0.1199
-31.5	314.867	0.032763	0.1214
-27.0	314.867	0.028115	0.0937
-22.5	314.867	0.0268991	0.0902
-18.0	314.867	0.0276028	0.1072
-13.5	314.867	0.0312105	0.1334
-9.0	314.867	0.0246133	0.1081
-4.5	314.867	0.024541	0.0953
0.0	314.867	0.0252318	0.0827
4.5	314.867	0.0244932	0.0943
9.0	314.867	0.0408263	0.2769
13.5	314.867	0.0303263	0.1237
18.0	314.867	0.0273226	0.108
22.5	314.867	0.0289455	0.1141
27.0	314.867	0.0224754	0.0906
31.5	314.867	0.0301147	0.182
36.0	314.867	0.0349192	0.2081
40.5	314.867	0.0266896	0.0894
45.0	314.867	0.0244274	0.1198
49.5	314.867	0.0259726	0.1187
54.0	314.867	0.0277998	0.1921
58.5	314.867	0.0278344	0.1191
63.0	314.867	0.0256203	0.088
67.5	314.867	0.0281378	0.1357
72.0	314.867	0.0243658	0.1092
76.5	314.867	0.0244102	0.1185
81.0	314.867	0.0265111	0.1558
85.5	314.867	0.0170223	0.0865
90.0	314.867	0.024546	0.0945
94.5	314.867	0.0185578	0.0868
99.0	314.867	0.0224498	0.176
103.5	314.867	0.0209461	0.0881
108.0	314.867	0.0207277	0.1111
112.5	314.867	0.0198995	0.1038
117.0	314.867	0.0219065	0.1445
121.5	314.867	0.0227694	0.1099
126.0	314.867	0.0182492	0.0961
130.5	314.867	0.0212324	0.1898
135.0	314.867	0.0173443	0.1037
139.5	314.867	0.0181771	0.1145
144.0	314.867	0.0164239	0.1001
148.5	314.867	0.0158571	0.1134
153.0	314.867	0.0154207	0.1169
157.5	314.867	0.0144749	0.115
162.0	314.867	0.0162018	0.1291
166.5	314.867	0.0145237	0.0909
171.0	314.867	0.0120522	0.0925
175.5	314.867	0.0142794	0.098
180.0	314.867	0.0114512	0.1051
184.5	314.867	0.013013	0.1131
189.0	314.867	0.0112305	0.1054
193.5	314.867	0.0109019	0.1237
198.0	314.867	0.0123756	0.0918
202.5	314.867	0.0126962	0.1231
207.0	314.867	0.0121533	0.1154
211.5	314.867	0.00984505	0.1387
216.0	314.867	0.0134485	0.1551
220.5	314.867	0.0136808	0.1825
225.0	314.867	0.0130621	0.1697
229.5	314.867	0.0124187	0.1793
234.0	314.867	0.0115215	0.1358
238.5	314.867	0.0134016	0.2119
243.0	314.867	0.00902586	0.1271
247.5	314.867	0.0104694	0.131
252.0	314.867	0.00980238	0.1239
256.5	314.867	0.00975845	0.1777
261.0	314.867	0.0095486	0.1285
265.5	314.867	0.0101379	0.1128
270.0	314.867	0.0120904	0.1687
274.5	314.867	0.00949237	0.1158
279.0	314.867	0.00885995	0.2041
283.5	314.867	0.00942128	0.2241
288.0	314.867	0.00944759	0.1703
292.5	314.867	0.00713422	0.117
297.0	314.867	0.00616697	0.1629
301.5	314.867	0.00709201	0.2336
306.0	314.867	0.00736049	0.1212
310.5	314.867	0.00742121	0.1343
315.0	314.867	0.0109783	0.3592
319.5	314.867	0.00805077	0.1546
324.0	314.867	0.00576975	0.1924
328.5	314.867	0.00787693	0.2446
333.0	314.867	0.00727449	0.1446
337.5	314.867	0.00637624	0.266
342.0	314.867	0.00432109	0.156
346.5	314.867	0.00855049	0.429
351.0	314.867	0.00717465	0.1658
355.5	314.867	0.00576555	0.1703
360.0	314.867	0.0074446	0.2399
364.5	314.867	0.00788853	0.2404
369.0	314.867	0.0074809	0.2082
373.5	314.867	0.00480082	0.1568
378.0	314.867	0.00348653	0.1781
382.5	314.867	0.0070449	0.2027
387.0	314.867	0.00540973	0.1777
391.5	314.867	0.00545503	0.1774
396.0	314.867	0.0039531	0.2647
400.5	314.867	0.00375524	0.2203
405.0	314.867	0.00262743	0.2117
409.5	314.867	0.00457377	0.2201
414.0	314.867	0.00284427	0.2281
418.5	314.867	0.00357704	0.1923
423.0	314.867	0.00403428	0.2225
427.5	314.867	0.00569007	0.4196
432.0	314.867	0.00403827	0.1991
436.5	314.867	0.00726355	0.3627
441.0	314.867	0.00442114	0.1833
445.5	314.867	0.00323091	0.1936
-450.0	317.433	0.0058814	0.2647
-445.5	317.433	0.00371171	0.1784
-441.0	317.433	0.00450159	0.2307
-436.5	317.433	0.0057019	0.3241
-432.0	317.433	0.00236252	0.1956
-427.5	317.433	0.00944608	0.4772
-423.0	317.433	0.004848	0.2047
-418.5	317.433	0.00394425	0.3142
-414.0	317.433	0.00477665	0.2157
-409.5	317.433	0.00496981	0.2604
-405.0	317.433	0.00298916	0.1996
-400.5	317.433	0.00705644	0.3531
-396.0	317.433	0.00506379	0.2716
-391.5	317.433	0.00698146	0.2889
-387.0	317.433	0.00579312	0.207
-382.5	317.433	0.00430277	0.2454
-378.0	317.433	0.00460718	0.1561
-373.5	317.433	0.00473586	0.198
-369.0	317.433	0.00535898	0.1859
-364.5	317.433	0.00438949	0.1946
-360.0	317.433	0.00419023	0.1673
-355.5	317.433	0.00480161	0.1496
-351.0	317.433	0.00653608	0.3146
-346.5	317.433	0.00731164	0.2118
-342.0	317.433	0.00528831	0.2254
-337.5	317.433	0.00558095	0.1527
-333.0	317.433	0.00616155	0.1448
-328.5	317.433	0.00552281	0.1643
-324.0	317.433	0.00435805	0.132
-319.5	317.433	0.00696047	0.1577
-315.0	317.433	0.0046333	0.1328
-310.5	317.433	0.00666992	0.1669
-306.0	317.433	0.0111265	0.2648
-301.5	317.433	0.00848427	0.1203
-297.0	317.433	0.00641027	0.138
-292.5	317.433	0.00975898	0.1811
-288.0	317.433	0.0151627	0.4296
-283.5	317.433	0.0097913	0.1356
-279.0	317.433	0.0109614	0.1533
-274.5	317.433	0.00763122	0.1515
-270.0	317.433	0.0096013	0.1356
-265.5	317.433	0.0096727	0.1521
-261.0	317.433	0.00825903	0.1389
-256.5	317.433	0.00993167	0.1409
-252.0	317.433	0.0079668	0.1268
-247.5	317.433	0.00797957	0.1173
-243.0	317.433	0.00933142	0.105
-238.5	317.433	0.00867244	0.1116
-234.0	317.433	0.0101251	0.1622
-229.5	317.433	0.0106775	0.1195
-225.0	317.433	0.0141633	0.1547
-220.5	317.433	0.0102785	0.124
-216.0	317.433	0.0112387	0.1706
-211.5	317.433	0.0161845	0.1624
-207.0	317.433	0.0138566	0.1246
-202.5	317.433	0.0105046	0.1168
-198.0	317.433	0.0135686	0.1384
-193.5	317.433	0.0143365	0.1054
-189.0	317.433	0.0172979	0.1274
-184.5	317.433	0.0143482	0.1457
-180.0	317.433	0.0167788	0.1177
-175.5	317.433	0.0170646	0.1013
-171.0	317.433	0.0146537	0.1086
-166.5	317.433	0.0188255	0.1233
-162.0	317.433	0.0194972	0.1271
-157.5	317.433	0.0159071	0.1085
-153.0	317.433	0.0152315	0.0971
-148.5	317.433	0.0197063	0.1126
-144.0	317.433	0.0188525	0.0956
-139.5	317.433	0.019039	0.131
-135.0	317.433	0.018764	0.1198
-130.5	317.433	0.0245432	0.1353
-126.0	317.433	0.0271252	0.2135
-121.5	317.433	0.0177808	0.1072
-117.0	317.433	0.0201441	0.0868
-112.5	317.433	0.0217141	0.1018
-108.0	317.433	0.0202081	0.0936
-103.5	317.433	0.0256136	0.1111
-99.0	317.433	0.0230253	0.086
-94.5	317.433	0.0241832	0.1167
-90.0	317.433	0.0285121	0.2419
-85.5	317.433	0.0235341	0.1015
-81.0	317.433	0.0242361	0.0839
-76.5	317.433	0.0233998	0.0811
-72.0	317.433	0.0243621	0.0995
-67.5	317.433	0.0251652	0.1094
-63.0	317.433	0.0244005	0.147
-58.5	317.433	0.0231823	0.0987
-54.0	317.433	0.0253625	0.1078
-49.5	317.433	0.0227511	0.083
-45.0	317.433	0.0266311	0.094
-40.5	317.433	0.0275449	0.1072
-36.0	317.433	0.0281724	0.1171
-31.5	317.433	0.03453	0.2746
-27.0	317.433	0.030407	0.1729
-22.5	317.433	0.0252442	0.0926
-18.0	317.433	0.0296355	0.1195
-13.5	317.433	0.0259539	0.1136
-9.0	317.433	0.0291263	0.0925
-4.5	317.433	0.0254939	0.098
0.0	317.433	0.0298101	0.1658
4.5	317.433	0.0287412	0.1478
9.0	317.433	0.0301979	0.1263
13.5	317.433	0.0280845	0.0989
18.0	317.433	0.0267842	0.0908
22.5	317.433	0.0228574	0.0946
27.0	317.433	0.0352785	0.1846
31.5	317.433	0.0233242	0.0843
36.0	317.433	0.0256123	0.0821
40.5	317.433	0.0245304	0.0938
45.0	317.433	0.0216164	0.0915
49.5	317.433	0.0292036	0.0962
54.0	317.433	0.0238084	0.094
58.5	317.433	0.0214445	0.0878
63.0	317.433	0.0248373	0.127
67.5	317.433	0.0194937	0.0896
72.0	317.433	0.0281765	0.1047
76.5	317.433	0.0269345	0.1251
81.0	317.433	0.0183461	0.0853
85.5	317.433	0.0216927	0.0956
90.0	317.433	0.0231476	0.0969
94.5	317.433	0.0201681	0.195
99.0	317.433	0.020176	0.1033
103.5	317.433	0.0191761	0.095
108.0	317.433	0.0193574	0.094
112.5	317.433	0.0216037	0.1174
117.0	317.433	0.0236682	0.178
121.5	317.433	0.0191988	0.0977
126.0	317.433	0.0174849	0.1148
130.5	317.433	0.0161601	0.096
135.0	317.433	0.017751	0.1262
139.5	317.433	0.0155828	0.1034
144.0	317.433	0.019977	0.1778
148.5	317.433	0.0188975	0.1216
153.0	317.433	0.0145222	0.1078
157.5	317.433	0.0155091	0.1294
162.0	317.433	0.0150534	0.097
166.5	317.433	0.0153742	0.1036
171.0	317.433	0.0135396	0.1189
175.5	317.433	0.0131523	0.1464
180.0	317.433	0.0194604	0.183
184.5	317.433	0.0169152	0.1703
189.0	317.433	0.0139892	0.1235
193.5	317.433	0.00843535	0.1377
198.0	317.433	0.0138634	0.1774
202.5	317.433	0.0128483	0.1208
207.0	317.433	0.0136616	0.1224
211.5	317.433	0.00989696	0.1227
216.0	317.433	0.0112193	0.1197
220.5	317.433	0.0112306	0.1126
225.0	317.433	0.0134273	0.1078
229.5	317.433	0.0111873	0.126
234.0	317.433	0.0126737	0.1847
238.5	317.433	0.0105394	0.1461
243.0	317.433	0.00943995	0.1287
247.5	317.433	0.0105322	0.28
252.0	317.433	0.00847907	0.1136
256.5	317.433	0.00955996	0.1326
261.0	317.433	0.0117974	0.2401
265.5	317.433	0.00871509	0.1405
270.0	317.433	0.0116799	0.1717
274.5	317.433	0.0092462	0.1406
279.0	317.433	0.00852065	0.1437
283.5	317.433	0.00748647	0.1488
288.0	317.433	0.00822098	0.2802
292.5	317.433	0.00811528	0.1265
297.0	317.433	0.00715698	0.1364
301.5	317.433	0.00715778	0.1964
306.0	317.433	0.00715738	0.1641
310.5	317.433	0.0074882	0.1357
315.0	317.433	0.0063137	0.1692
319.5	317.433	0.0072145	0.1267
324.0	317.433	0.00604634	0.1572
328.5	317.433	0.00756625	0.2
333.0	317.433	0.00810198	0.2688
337.5	317.433	0.00602002	0.1354
342.0	317.433	0.00646908	0.2281
346.5	317.433	0.00383438	0.1624
351.0	317.433	0.00796203	0.2021
355.5	317.433	0.00615203	0.2227
360.0	317.433	0.00862019	0.3348
364.5	317.433	0.00570464	0.1966
369.0	317.433	0.00699791	0.1518
373.5	317.433	0.004934	0.1566
378.0	317.433	0.00591779	0.2761
382.5	317.433	0.00890515	0.362
387.0	317.433	0.00712901	0.1716
391.5	317.433	0.00500405	0.2244
396.0	317.433	0.00518381	0.2188
400.5	317.433	0.00768933	0.3213
405.0	317.433	0.00466003	0.1645
409.5	317.433	0.00455884	0.188
414.0	317.433	0.00607507	0.2571
418.5	317.433	0.00389572	0.2182
423.0	317.433	0.00444289	0.1818
427.5	317.433	0.005407	0.255
432.0	317.433	0.00443425	0.2025
436.5	317.433	0.00665048	0.499
441.0	317.433	0.00897595	0.4079
445.5	317.433	0.00541482	0.1908
