# Detector n:     1  
Th        
# A/Z Isotopes:
  234   84   0.000       0.000    
  234   85   0.000       0.000    
  234   86   0.000       0.000    
  234   87   0.000       0.000    
  234   88   0.000       0.000    
  234   89   0.000       0.000    
  234   90  2.8615E+08   99.00    
  234   91  3.7635E+05   99.00    
  234   92   19.61       99.00    
  234   93   0.000       0.000    
  234   94   0.000       0.000    
  233   84   0.000       0.000    
  233   85   0.000       0.000    
  233   86   0.000       0.000    
  233   87   0.000       0.000    
  233   88   0.000       0.000    
  233   89   0.000       0.000    
  233   90   0.000       0.000    
  233   91  6.9608E+11   1.601    
  233   92  7.2432E+04   1.601    
  233   93   0.000       0.000    
  233   94   0.000       0.000    
  232   84   0.000       0.000    
  232   85   0.000       0.000    
  232   86   0.000       0.000    
  232   87   0.000       0.000    
  232   88   0.000       0.000    
  232   89   0.000       0.000    
  232   90   127.1      0.5104    
  232   91  7.5658E+10   3.018    
  232   92  9.8543E+07   3.018    
  232   93   0.000       0.000    
  232   94   0.000       0.000    
  231   84   0.000       0.000    
  231   85   0.000       0.000    
  231   86   0.000       0.000    
  231   87   0.000       0.000    
  231   88   0.000       0.000    
  231   89   0.000       0.000    
  231   90  1.5083E+12  0.6389    
  231   91  7.0080E+06  0.6726    
  231   92   0.000       0.000    
  231   93   0.000       0.000    
  231   94   0.000       0.000    
  230   84   0.000       0.000    
  230   85   0.000       0.000    
  230   86   0.000       0.000    
  230   87   0.000       0.000    
  230   88  3.2421E-05   54.77    
  230   89  3.3146E-05   54.77    
  230   90  2.8680E+06  0.5729    
  230   91  8.4601E+10   4.328    
  230   92  1.8689E+09   4.328    
  230   93   0.000       0.000    
  230   94   0.000       0.000    
  229   84   0.000       0.000    
  229   85   0.000       0.000    
  229   86   0.000       0.000    
  229   87   0.000       0.000    
  229   88   0.000       0.000    
  229   89  1.4014E-09   1.775    
  229   90  2.0608E+07  0.8156    
  229   91  2.2614E+11   2.765    
  229   92   0.000       0.000    
  229   93   0.000       0.000    
  229   94   0.000       0.000    
  228   84   0.000       0.000    
  228   85   0.000       0.000    
  228   86   0.000       0.000    
  228   87   0.000       0.000    
  228   88  3.6998E+07   25.76    
  228   89  2.3966E+08   5.078    
  228   90  8.1077E+10  0.5818    
  228   91  1.0260E+10   5.917    
  228   92   0.000       0.000    
  228   93   0.000       0.000    
  228   94   0.000       0.000    
  227   84   0.000       0.000    
  227   85   0.000       0.000    
  227   86   0.000       0.000    
  227   87   0.000       0.000    
  227   88   155.1      0.6389    
  227   89  7.3477E+08   3.700    
  227   90  8.7279E+11  0.5178    
  227   91  1.2409E-23   8.718    
  227   92   0.000       0.000    
  227   93   0.000       0.000    
  227   94   0.000       0.000    
  226   84   0.000       0.000    
  226   85   0.000       0.000    
  226   86   0.000       0.000    
  226   87   0.000       0.000    
  226   88  1.4086E+06   3.648    
  226   89  1.1297E+11   3.428    
  226   90  9.7280E+10   3.438    
  226   91   0.000       0.000    
  226   92   0.000       0.000    
  226   93   0.000       0.000    
  226   94   0.000       0.000    
  225   84   0.000       0.000    
  225   85   0.000       0.000    
  225   86   0.000       0.000    
  225   87   0.000       0.000    
  225   88  4.8514E+09   16.65    
  225   89  2.8183E+11   2.474    
  225   90   0.000       0.000    
  225   91   0.000       0.000    
  225   92   0.000       0.000    
  225   93   0.000       0.000    
  225   94   0.000       0.000    
  224   84   0.000       0.000    
  224   85   0.000       0.000    
  224   86   0.000       0.000    
  224   87   13.28       5.051    
  224   88  2.1390E+11   1.708    
  224   89  2.1867E+08   5.916    
  224   90  3.4437E+06   5.916    
  224   91   0.000       0.000    
  224   92   0.000       0.000    
  224   93   0.000       0.000    
  224   94   0.000       0.000    
  223   84   0.000       0.000    
  223   85   0.000       0.000    
  223   86   0.000       0.000    
  223   87  1.0140E+07   3.700    
  223   88  3.7633E+11  0.6637    
  223   89  1.1160E-23   8.718    
  223   90   0.000       0.000    
  223   91   0.000       0.000    
  223   92   0.000       0.000    
  223   93   0.000       0.000    
  223   94   0.000       0.000    
  222   84   0.000       0.000    
  222   85   0.000       0.000    
  222   86  9.2187E+05   3.686    
  222   87  6.8330E+06   3.428    
  222   88  9.7321E+10   3.438    
  222   89   0.000       0.000    
  222   90   0.000       0.000    
  222   91   0.000       0.000    
  222   92   0.000       0.000    
  222   93   0.000       0.000    
  222   94   0.000       0.000    
  221   84   0.000       0.000    
  221   85   0.000       0.000    
  221   86   0.000       0.000    
  221   87  2.8192E+11   2.474    
  221   88  2.8165E+08   2.474    
  221   89   0.000       0.000    
  221   90   0.000       0.000    
  221   91   0.000       0.000    
  221   92   0.000       0.000    
  221   93   0.000       0.000    
  221   94   0.000       0.000    
  220   84   0.000       0.000    
  220   85   0.000       0.000    
  220   86  2.1393E+11   1.708    
  220   87  1.9593E+07   5.916    
  220   88  3.5123E+06   5.916    
  220   89   0.000       0.000    
  220   90   0.000       0.000    
  220   91   0.000       0.000    
  220   92   0.000       0.000    
  220   93   0.000       0.000    
  220   94   0.000       0.000    
  219   84   0.000       0.000    
  219   85   608.4       3.700    
  219   86  3.7632E+11  0.6637    
  219   87  1.1048E-23   8.718    
  219   88   0.000       0.000    
  219   89   0.000       0.000    
  219   90   0.000       0.000    
  219   91   0.000       0.000    
  219   92   0.000       0.000    
  219   93   0.000       0.000    
  219   94   0.000       0.000    
  218   84  9.2160E+05   3.686    
  218   85   184.3       3.686    
  218   86  9.7321E+10   3.438    
  218   87   0.000       0.000    
  218   88   0.000       0.000    
  218   89   0.000       0.000    
  218   90   0.000       0.000    
  218   91   0.000       0.000    
  218   92   0.000       0.000    
  218   93   0.000       0.000    
  218   94   0.000       0.000    
  217   84   0.000       0.000    
  217   85  2.8164E+11   2.474    
  217   86  3.0981E+08   2.474    
  217   87   0.000       0.000    
  217   88   0.000       0.000    
  217   89   0.000       0.000    
  217   90   0.000       0.000    
  217   91   0.000       0.000    
  217   92   0.000       0.000    
  217   93   0.000       0.000    
  217   94   0.000       0.000    
  216   84  2.1393E+11   1.708    
  216   85  1.9524E+07   5.916    
  216   86  3.5123E+06   5.916    
  216   87   0.000       0.000    
  216   88   0.000       0.000    
  216   89   0.000       0.000    
  216   90   0.000       0.000    
  216   91   0.000       0.000    
  216   92   0.000       0.000    
  216   93   0.000       0.000    
  216   94   0.000       0.000    
  215   84  3.7632E+11  0.6637    
  215   85  8.6554E+05  0.6637    
  215   86   0.000       0.000    
  215   87   0.000       0.000    
  215   88   0.000       0.000    
  215   89   0.000       0.000    
  215   90   0.000       0.000    
  215   91   0.000       0.000    
  215   92   0.000       0.000    
  215   93   0.000       0.000    
  215   94   0.000       0.000    
  214   84  9.7322E+10   3.438    
  214   85   0.000       0.000    
  214   86   0.000       0.000    
  214   87   0.000       0.000    
  214   88   0.000       0.000    
  214   89   0.000       0.000    
  214   90   0.000       0.000    
  214   91   0.000       0.000    
  214   92   0.000       0.000    
  214   93   0.000       0.000    
  214   94   0.000       0.000    
  213   84  2.7689E+11   2.474    
  213   85   0.000       0.000    
  213   86   0.000       0.000    
  213   87   0.000       0.000    
  213   88   0.000       0.000    
  213   89   0.000       0.000    
  213   90   0.000       0.000    
  213   91   0.000       0.000    
  213   92   0.000       0.000    
  213   93   0.000       0.000    
  213   94   0.000       0.000    
  212   84  1.4947E+11   1.805    
  212   85   0.000       0.000    
  212   86  2.5223E-44   4.833    
  212   87   0.000       0.000    
  212   88   0.000       0.000    
  212   89   0.000       0.000    
  212   90   0.000       0.000    
  212   91   0.000       0.000    
  212   92   0.000       0.000    
  212   93   0.000       0.000    
  212   94   0.000       0.000    
  211   84  1.3796E+09   7.760    
  211   85  5.6558E+08   33.50    
  211   86  3.1084E+08   44.87    
  211   87   0.000       0.000    
  211   88   0.000       0.000    
  211   89   0.000       0.000    
  211   90   0.000       0.000    
  211   91   0.000       0.000    
  211   92   0.000       0.000    
  211   93   0.000       0.000    
  211   94   0.000       0.000    
  210   84  1.9791E+10   2.369    
  210   85  1.2389E+08   5.142    
  210   86   1.162       61.24    
  210   87   0.000       0.000    
  210   88   0.000       0.000    
  210   89   0.000       0.000    
  210   90   0.000       0.000    
  210   91   0.000       0.000    
  210   92   0.000       0.000    
  210   93   0.000       0.000    
  210   94   0.000       0.000    
  209   84  2.3608E+07   4.747    
  209   85  4.1498E+06   10.66    
  209   86   0.000       0.000    
  209   87   0.000       0.000    
  209   88   0.000       0.000    
  209   89   0.000       0.000    
  209   90   0.000       0.000    
  209   91   0.000       0.000    
  209   92   0.000       0.000    
  209   93   0.000       0.000    
  209   94   0.000       0.000    
  208   84  3.0904E+08   2.463    
  208   85  1.8725E-04   17.01    
  208   86   0.000       0.000    
  208   87   0.000       0.000    
  208   88   0.000       0.000    
  208   89   0.000       0.000    
  208   90   0.000       0.000    
  208   91   0.000       0.000    
  208   92   0.000       0.000    
  208   93   0.000       0.000    
  208   94   0.000       0.000    
  207   84  1.4097E+08   44.81    
  207   85  4.6703E-04   99.00    
  207   86   0.000       0.000    
  207   87   0.000       0.000    
  207   88   0.000       0.000    
  207   89   0.000       0.000    
  207   90   0.000       0.000    
  207   91   0.000       0.000    
  207   92   0.000       0.000    
  207   93   0.000       0.000    
  207   94   0.000       0.000    
  206   84  5.2124E+08   61.24    
  206   85   0.000       0.000    
  206   86   0.000       0.000    
  206   87   0.000       0.000    
  206   88   0.000       0.000    
  206   89   0.000       0.000    
  206   90   0.000       0.000    
  206   91   0.000       0.000    
  206   92   0.000       0.000    
  206   93   0.000       0.000    
  206   94   0.000       0.000    
  215   73   0.000       0.000    
  215   74   0.000       0.000    
  215   75   0.000       0.000    
  215   76   0.000       0.000    
  215   77   0.000       0.000    
  215   78   0.000       0.000    
  215   79   0.000       0.000    
  215   80   0.000       0.000    
  215   81   0.000       0.000    
  215   82   0.000       0.000    
  215   83   590.2       3.700    
  214   73   0.000       0.000    
  214   74   0.000       0.000    
  214   75   0.000       0.000    
  214   76   0.000       0.000    
  214   77   0.000       0.000    
  214   78   0.000       0.000    
  214   79   0.000       0.000    
  214   80   0.000       0.000    
  214   81   0.000       0.000    
  214   82  9.1904E+05   3.687    
  214   83  9.1745E+05   3.687    
  213   73   0.000       0.000    
  213   74   0.000       0.000    
  213   75   0.000       0.000    
  213   76   0.000       0.000    
  213   77   0.000       0.000    
  213   78   0.000       0.000    
  213   79   0.000       0.000    
  213   80   0.000       0.000    
  213   81   0.000       0.000    
  213   82   0.000       0.000    
  213   83  2.8249E+11   2.474    
  212   73   0.000       0.000    
  212   74   0.000       0.000    
  212   75   0.000       0.000    
  212   76   0.000       0.000    
  212   77   0.000       0.000    
  212   78   0.000       0.000    
  212   79   0.000       0.000    
  212   80   0.000       0.000    
  212   81   0.000       0.000    
  212   82  2.3166E+11   1.797    
  212   83  2.3338E+11   1.805    
  211   73   0.000       0.000    
  211   74   0.000       0.000    
  211   75   0.000       0.000    
  211   76   0.000       0.000    
  211   77   0.000       0.000    
  211   78   0.000       0.000    
  211   79   0.000       0.000    
  211   80   0.000       0.000    
  211   81   0.000       0.000    
  211   82  3.7523E+11  0.6645    
  211   83  3.7516E+11  0.6645    
  210   73   0.000       0.000    
  210   74   0.000       0.000    
  210   75   0.000       0.000    
  210   76   0.000       0.000    
  210   77   0.000       0.000    
  210   78   0.000       0.000    
  210   79   0.000       0.000    
  210   80   0.000       0.000    
  210   81   183.5       3.687    
  210   82  4.1780E+09   1.250    
  210   83  1.3856E+11   4.766    
  209   73   0.000       0.000    
  209   74   0.000       0.000    
  209   75   0.000       0.000    
  209   76   0.000       0.000    
  209   77   0.000       0.000    
  209   78   0.000       0.000    
  209   79   0.000       0.000    
  209   80   0.000       0.000    
  209   81  5.9049E+09   2.474    
  209   82  2.8660E+11   2.477    
  209   83   0.000       0.000    
  208   73   0.000       0.000    
  208   74   0.000       0.000    
  208   75   0.000       0.000    
  208   76   0.000       0.000    
  208   77   0.000       0.000    
  208   78   0.000       0.000    
  208   79   0.000       0.000    
  208   80   0.000       0.000    
  208   81  8.3907E+10   1.805    
  208   82   0.000       0.000    
  208   83  1.0006E+04   6.128    
  207   73   0.000       0.000    
  207   74   0.000       0.000    
  207   75   0.000       0.000    
  207   76   0.000       0.000    
  207   77   0.000       0.000    
  207   78   0.000       0.000    
  207   79   0.000       0.000    
  207   80   0.000       0.000    
  207   81  3.7397E+11  0.6646    
  207   82   0.000       0.000    
  207   83  3.5563E+07   10.64    
  206   73   0.000       0.000    
  206   74   0.000       0.000    
  206   75   0.000       0.000    
  206   76   0.000       0.000    
  206   77   0.000       0.000    
  206   78   0.000       0.000    
  206   79   0.000       0.000    
  206   80   79.38       1.250    
  206   81  1.8031E+05   4.763    
  206   82   0.000       0.000    
  206   83  3.9980E+08   52.94    
  205   73   0.000       0.000    
  205   74   0.000       0.000    
  205   75   0.000       0.000    
  205   76   0.000       0.000    
  205   77   0.000       0.000    
  205   78   0.000       0.000    
  205   79   0.000       0.000    
  205   80   0.000       0.000    
  205   81   0.000       0.000    
  205   82  0.6377       10.28    
  205   83  5.5599E+08   10.66    
  204   73   0.000       0.000    
  204   74   0.000       0.000    
  204   75   0.000       0.000    
  204   76   0.000       0.000    
  204   77   0.000       0.000    
  204   78   0.000       0.000    
  204   79   0.000       0.000    
  204   80   0.000       0.000    
  204   81   0.000       0.000    
  204   82   0.000       0.000    
  204   83  2.2907E+05   17.01    
  203   73   0.000       0.000    
  203   74   0.000       0.000    
  203   75   0.000       0.000    
  203   76   0.000       0.000    
  203   77   0.000       0.000    
  203   78   0.000       0.000    
  203   79   0.000       0.000    
  203   80   0.000       0.000    
  203   81   0.000       0.000    
  203   82  2.1205E+07   98.44    
  203   83  7.3029E+05   99.00    
  202   73   0.000       0.000    
  202   74   0.000       0.000    
  202   75   0.000       0.000    
  202   76   0.000       0.000    
  202   77   0.000       0.000    
  202   78   0.000       0.000    
  202   79   0.000       0.000    
  202   80   0.000       0.000    
  202   81   2.402       61.24    
  202   82   10.56       61.24    
  202   83   0.000       0.000    
  201   73   0.000       0.000    
  201   74   0.000       0.000    
  201   75   0.000       0.000    
  201   76   0.000       0.000    
  201   77   0.000       0.000    
  201   78   0.000       0.000    
  201   79   0.000       0.000    
  201   80   0.000       0.000    
  201   81   0.000       0.000    
  201   82   0.000       0.000    
  201   83   0.000       0.000    
  200   73   0.000       0.000    
  200   74   0.000       0.000    
  200   75   0.000       0.000    
  200   76   0.000       0.000    
  200   77   0.000       0.000    
  200   78   0.000       0.000    
  200   79   0.000       0.000    
  200   80   0.000       0.000    
  200   81   0.000       0.000    
  200   82   0.000       0.000    
  200   83   0.000       0.000    
  199   73   0.000       0.000    
  199   74   0.000       0.000    
  199   75   0.000       0.000    
  199   76   0.000       0.000    
  199   77   0.000       0.000    
  199   78   0.000       0.000    
  199   79   0.000       0.000    
  199   80   0.000       0.000    
  199   81  0.1862       99.00    
  199   82   0.000       0.000    
  199   83   0.000       0.000    
  172   62   0.000       0.000    
  172   63   0.000       0.000    
  172   64   0.000       0.000    
  172   65   0.000       0.000    
  172   66   0.000       0.000    
  172   67   0.000       0.000    
  172   68  2.1899E+08   99.00    
  172   69  4.1869E+08   99.00    
  172   70   0.000       0.000    
  172   71   0.000       0.000    
  172   72   0.000       0.000    
  171   62   0.000       0.000    
  171   63   0.000       0.000    
  171   64   0.000       0.000    
  171   65   0.000       0.000    
  171   66   0.000       0.000    
  171   67   0.000       0.000    
  171   68   0.000       0.000    
  171   69   0.000       0.000    
  171   70   0.000       0.000    
  171   71   0.000       0.000    
  171   72   0.000       0.000    
  170   62   0.000       0.000    
  170   63   0.000       0.000    
  170   64   0.000       0.000    
  170   65   0.000       0.000    
  170   66   0.000       0.000    
  170   67   0.000       0.000    
  170   68   0.000       0.000    
  170   69   0.000       0.000    
  170   70   0.000       0.000    
  170   71   0.000       0.000    
  170   72   0.000       0.000    
  169   62   0.000       0.000    
  169   63   0.000       0.000    
  169   64   0.000       0.000    
  169   65   0.000       0.000    
  169   66   0.000       0.000    
  169   67   0.000       0.000    
  169   68   0.000       0.000    
  169   69   0.000       0.000    
  169   70   0.000       0.000    
  169   71   0.000       0.000    
  169   72   0.000       0.000    
  168   62   0.000       0.000    
  168   63   0.000       0.000    
  168   64   0.000       0.000    
  168   65   0.000       0.000    
  168   66   0.000       0.000    
  168   67   0.000       0.000    
  168   68   0.000       0.000    
  168   69   0.000       0.000    
  168   70   0.000       0.000    
  168   71   0.000       0.000    
  168   72   0.000       0.000    
  167   62   0.000       0.000    
  167   63   0.000       0.000    
  167   64   0.000       0.000    
  167   65   0.000       0.000    
  167   66   0.000       0.000    
  167   67   0.000       0.000    
  167   68   0.000       0.000    
  167   69   0.000       0.000    
  167   70   0.000       0.000    
  167   71   0.000       0.000    
  167   72   0.000       0.000    
  166   62   0.000       0.000    
  166   63   0.000       0.000    
  166   64   0.000       0.000    
  166   65   0.000       0.000    
  166   66  2.9443E+08   99.00    
  166   67  3.9118E+08   99.00    
  166   68   0.000       0.000    
  166   69   0.000       0.000    
  166   70   0.000       0.000    
  166   71   0.000       0.000    
  166   72   0.000       0.000    
  165   62   0.000       0.000    
  165   63   0.000       0.000    
  165   64   0.000       0.000    
  165   65   0.000       0.000    
  165   66  0.9734       40.83    
  165   67   0.000       0.000    
  165   68   0.000       0.000    
  165   69   0.000       0.000    
  165   70   0.000       0.000    
  165   71   0.000       0.000    
  165   72   0.000       0.000    
  164   62   0.000       0.000    
  164   63   0.000       0.000    
  164   64   0.000       0.000    
  164   65   0.000       0.000    
  164   66   0.000       0.000    
  164   67   0.000       0.000    
  164   68   0.000       0.000    
  164   69   0.000       0.000    
  164   70   0.000       0.000    
  164   71   0.000       0.000    
  164   72   0.000       0.000    
  163   62   0.000       0.000    
  163   63   0.000       0.000    
  163   64   0.000       0.000    
  163   65   0.000       0.000    
  163   66   0.000       0.000    
  163   67   0.000       0.000    
  163   68   0.000       0.000    
  163   69   0.000       0.000    
  163   70   0.000       0.000    
  163   71   0.000       0.000    
  163   72   0.000       0.000    
  162   62   0.000       0.000    
  162   63   0.000       0.000    
  162   64   0.000       0.000    
  162   65   0.000       0.000    
  162   66   0.000       0.000    
  162   67   0.000       0.000    
  162   68   0.000       0.000    
  162   69   0.000       0.000    
  162   70   0.000       0.000    
  162   71   0.000       0.000    
  162   72   0.000       0.000    
  161   62   0.000       0.000    
  161   63   0.000       0.000    
  161   64   0.000       0.000    
  161   65  3.2222E+09   17.01    
  161   66   0.000       0.000    
  161   67   0.000       0.000    
  161   68   0.000       0.000    
  161   69   0.000       0.000    
  161   70   0.000       0.000    
  161   71   0.000       0.000    
  161   72   0.000       0.000    
  160   62   0.000       0.000    
  160   63   0.000       0.000    
  160   64   0.000       0.000    
  160   65  1.6628E+08   40.82    
  160   66   0.000       0.000    
  160   67   0.000       0.000    
  160   68   0.000       0.000    
  160   69   0.000       0.000    
  160   70   0.000       0.000    
  160   71   0.000       0.000    
  160   72   0.000       0.000    
  159   62   0.000       0.000    
  159   63   0.000       0.000    
  159   64  1.5043E+09   10.05    
  159   65   0.000       0.000    
  159   66   0.000       0.000    
  159   67   0.000       0.000    
  159   68   0.000       0.000    
  159   69   0.000       0.000    
  159   70   0.000       0.000    
  159   71   0.000       0.000    
  159   72   0.000       0.000    
  158   62   0.000       0.000    
  158   63  1.6611E-18   10.56    
  158   64   0.000       0.000    
  158   65   0.000       0.000    
  158   66   0.000       0.000    
  158   67   0.000       0.000    
  158   68   0.000       0.000    
  158   69   0.000       0.000    
  158   70   0.000       0.000    
  158   71   0.000       0.000    
  158   72   0.000       0.000    
  157   62   0.000       0.000    
  157   63  1.7354E+09   8.382    
  157   64   0.000       0.000    
  157   65   0.000       0.000    
  157   66   0.000       0.000    
  157   67   0.000       0.000    
  157   68   0.000       0.000    
  157   69   0.000       0.000    
  157   70   0.000       0.000    
  157   71   0.000       0.000    
  157   72   0.000       0.000    
  156   62  3.8595E+08   5.653    
  156   63  2.7565E+10   5.603    
  156   64   0.000       0.000    
  156   65   0.000       0.000    
  156   66   0.000       0.000    
  156   67   0.000       0.000    
  156   68   0.000       0.000    
  156   69   0.000       0.000    
  156   70   0.000       0.000    
  156   71   0.000       0.000    
  156   72   0.000       0.000    
  155   62   0.000       0.000    
  155   63  4.3915E+08   10.34    
  155   64   0.000       0.000    
  155   65   0.000       0.000    
  155   66   0.000       0.000    
  155   67   0.000       0.000    
  155   68   0.000       0.000    
  155   69   0.000       0.000    
  155   70   0.000       0.000    
  155   71   0.000       0.000    
  155   72   0.000       0.000    
  154   62   0.000       0.000    
  154   63  5.5064E+06   25.00    
  154   64   0.000       0.000    
  154   65   0.000       0.000    
  154   66   0.000       0.000    
  154   67   0.000       0.000    
  154   68   0.000       0.000    
  154   69   0.000       0.000    
  154   70   0.000       0.000    
  154   71   0.000       0.000    
  154   72   0.000       0.000    
  153   62  8.3741E+10   8.757    
  153   63   0.000       0.000    
  153   64   0.000       0.000    
  153   65   0.000       0.000    
  153   66   0.000       0.000    
  153   67   0.000       0.000    
  153   68   0.000       0.000    
  153   69   0.000       0.000    
  153   70   0.000       0.000    
  153   71   0.000       0.000    
  153   72   0.000       0.000    
  152   62   0.000       0.000    
  152   63  1.1654E+06   61.24    
  152   64   0.000       0.000    
  152   65   0.000       0.000    
  152   66   0.000       0.000    
  152   67   0.000       0.000    
  152   68   0.000       0.000    
  152   69   0.000       0.000    
  152   70   0.000       0.000    
  152   71   0.000       0.000    
  152   72   0.000       0.000    
  151   62  9.4719E+07   3.808    
  151   63   0.000       0.000    
  151   64   0.000       0.000    
  151   65   0.000       0.000    
  151   66   0.000       0.000    
  151   67   0.000       0.000    
  151   68   0.000       0.000    
  151   69   0.000       0.000    
  151   70   0.000       0.000    
  151   71   0.000       0.000    
  151   72   0.000       0.000    
  150   62   0.000       0.000    
  150   63   0.000       0.000    
  150   64   0.000       0.000    
  150   65   0.000       0.000    
  150   66   0.000       0.000    
  150   67   0.000       0.000    
  150   68   0.000       0.000    
  150   69   0.000       0.000    
  150   70   0.000       0.000    
  150   71   0.000       0.000    
  150   72   0.000       0.000    
  149   62   0.000       0.000    
  149   63   0.000       0.000    
  149   64   0.000       0.000    
  149   65   0.000       0.000    
  149   66   0.000       0.000    
  149   67   0.000       0.000    
  149   68   0.000       0.000    
  149   69   0.000       0.000    
  149   70   0.000       0.000    
  149   71   0.000       0.000    
  149   72   0.000       0.000    
  148   62   0.000       0.000    
  148   63   0.000       0.000    
  148   64   0.000       0.000    
  148   65   0.000       0.000    
  148   66   0.000       0.000    
  148   67   0.000       0.000    
  148   68   0.000       0.000    
  148   69   0.000       0.000    
  148   70   0.000       0.000    
  148   71   0.000       0.000    
  148   72   0.000       0.000    
  147   62   0.000       0.000    
  147   63   0.000       0.000    
  147   64   0.000       0.000    
  147   65   0.000       0.000    
  147   66   0.000       0.000    
  147   67   0.000       0.000    
  147   68   0.000       0.000    
  147   69   0.000       0.000    
  147   70   0.000       0.000    
  147   71   0.000       0.000    
  147   72   0.000       0.000    
  146   62  2.1460E-04   61.24    
  146   63   0.000       0.000    
  146   64   0.000       0.000    
  146   65   0.000       0.000    
  146   66   0.000       0.000    
  146   67   0.000       0.000    
  146   68   0.000       0.000    
  146   69   0.000       0.000    
  146   70   0.000       0.000    
  146   71   0.000       0.000    
  146   72   0.000       0.000    
  151   51   0.000       0.000    
  151   52   0.000       0.000    
  151   53   0.000       0.000    
  151   54   0.000       0.000    
  151   55   0.000       0.000    
  151   56   0.000       0.000    
  151   57   0.000       0.000    
  151   58   0.000       0.000    
  151   59   0.000       0.000    
  151   60   0.000       0.000    
  151   61  7.8631E+10   4.008    
  150   51   0.000       0.000    
  150   52   0.000       0.000    
  150   53   0.000       0.000    
  150   54   0.000       0.000    
  150   55   0.000       0.000    
  150   56   0.000       0.000    
  150   57   0.000       0.000    
  150   58   0.000       0.000    
  150   59   0.000       0.000    
  150   60   0.000       0.000    
  150   61   321.5       10.53    
  149   51   0.000       0.000    
  149   52   0.000       0.000    
  149   53   0.000       0.000    
  149   54   0.000       0.000    
  149   55   0.000       0.000    
  149   56   0.000       0.000    
  149   57   0.000       0.000    
  149   58   0.000       0.000    
  149   59   0.000       0.000    
  149   60  0.1755       3.958    
  149   61  2.7994E+11   4.262    
  148   51   0.000       0.000    
  148   52   0.000       0.000    
  148   53   0.000       0.000    
  148   54   0.000       0.000    
  148   55   0.000       0.000    
  148   56   0.000       0.000    
  148   57   0.000       0.000    
  148   58   0.000       0.000    
  148   59   0.000       0.000    
  148   60   0.000       0.000    
  148   61  2.3257E+09   33.33    
  147   51   0.000       0.000    
  147   52   0.000       0.000    
  147   53   0.000       0.000    
  147   54   0.000       0.000    
  147   55   0.000       0.000    
  147   56   0.000       0.000    
  147   57   0.000       0.000    
  147   58   0.000       0.000    
  147   59   0.000       0.000    
  147   60  4.3955E+11   2.016    
  147   61  3.2060E+09   1.792    
  146   51   0.000       0.000    
  146   52   0.000       0.000    
  146   53   0.000       0.000    
  146   54   0.000       0.000    
  146   55   0.000       0.000    
  146   56   0.000       0.000    
  146   57   0.000       0.000    
  146   58   0.000       0.000    
  146   59  3.7022E-42   1.236    
  146   60   0.000       0.000    
  146   61  4.2739E+06   61.24    
  145   51   0.000       0.000    
  145   52   0.000       0.000    
  145   53   0.000       0.000    
  145   54   0.000       0.000    
  145   55   0.000       0.000    
  145   56   0.000       0.000    
  145   57   0.000       0.000    
  145   58   0.000       0.000    
  145   59  3.7417E+08   1.459    
  145   60   0.000       0.000    
  145   61  2.6757E+06   46.77    
  144   51   0.000       0.000    
  144   52   0.000       0.000    
  144   53   0.000       0.000    
  144   54   0.000       0.000    
  144   55   0.000       0.000    
  144   56   0.000       0.000    
  144   57   0.000       0.000    
  144   58  4.1387E+10   1.795    
  144   59  4.1388E+10   1.795    
  144   60   0.000       0.000    
  144   61   0.000       0.000    
  143   51   0.000       0.000    
  143   52   0.000       0.000    
  143   53   0.000       0.000    
  143   54   0.000       0.000    
  143   55   0.000       0.000    
  143   56   0.000       0.000    
  143   57   0.000       0.000    
  143   58  4.3853E+11   1.238    
  143   59  7.3665E+11   1.242    
  143   60   0.000       0.000    
  143   61   0.000       0.000    
  142   51   0.000       0.000    
  142   52   0.000       0.000    
  142   53   0.000       0.000    
  142   54   0.000       0.000    
  142   55   0.000       0.000    
  142   56   0.000       0.000    
  142   57  1.1190E-02   1.452    
  142   58   0.000       0.000    
  142   59  2.2621E+09   9.352    
  142   60   0.000       0.000    
  142   61   0.000       0.000    
  141   51   0.000       0.000    
  141   52   0.000       0.000    
  141   53   0.000       0.000    
  141   54   0.000       0.000    
  141   55   0.000       0.000    
  141   56   0.000       0.000    
  141   57  7.0034E+06   2.205    
  141   58  4.3825E+11   2.016    
  141   59   0.000       0.000    
  141   60   0.000       0.000    
  141   61   0.000       0.000    
  140   51   0.000       0.000    
  140   52   0.000       0.000    
  140   53   0.000       0.000    
  140   54   0.000       0.000    
  140   55   0.000       0.000    
  140   56  7.3498E+11   2.301    
  140   57  8.8510E+11   1.159    
  140   58   0.000       0.000    
  140   59   0.000       0.000    
  140   60   0.000       0.000    
  140   61   0.000       0.000    
  139   51   0.000       0.000    
  139   52   0.000       0.000    
  139   53   0.000       0.000    
  139   54   0.000       0.000    
  139   55   0.000       0.000    
  139   56  5.2646E-04   1.355    
  139   57   0.000       0.000    
  139   58  1.6301E+09   6.805    
  139   59   7593.       99.00    
  139   60   0.000       0.000    
  139   61   0.000       0.000    
  138   51   0.000       0.000    
  138   52   0.000       0.000    
  138   53   0.000       0.000    
  138   54   0.000       0.000    
  138   55  2.6297E-27   1.146    
  138   56   0.000       0.000    
  138   57  3.1825E-02   3.201    
  138   58   0.000       0.000    
  138   59   0.000       0.000    
  138   60   0.000       0.000    
  138   61   0.000       0.000    
  137   51   0.000       0.000    
  137   52   0.000       0.000    
  137   53   0.000       0.000    
  137   54   0.000       0.000    
  137   55  1.5628E+09   1.434    
  137   56   0.000       0.000    
  137   57  3.0593E+04   9.830    
  137   58  2.9484E+08   40.82    
  137   59   0.000       0.000    
  137   60   0.000       0.000    
  137   61   0.000       0.000    
  136   51   0.000       0.000    
  136   52   0.000       0.000    
  136   53   0.000       0.000    
  136   54   0.000       0.000    
  136   55  2.7815E+11   1.345    
  136   56   0.000       0.000    
  136   57   0.000       0.000    
  136   58   0.000       0.000    
  136   59   0.000       0.000    
  136   60   0.000       0.000    
  136   61   0.000       0.000    
  135   51   0.000       0.000    
  135   52   0.000       0.000    
  135   53  5.2027E+08   2.224    
  135   54  1.9636E+10   1.454    
  135   55  2.5991E+04  0.7934    
  135   56   0.000       0.000    
  135   57  9.1697E+08   22.64    
  135   58   0.000       0.000    
  135   59   0.000       0.000    
  135   60   0.000       0.000    
  135   61   0.000       0.000    
  134   51   0.000       0.000    
  134   52  2.7385E-20   6.082    
  134   53  5.1206E-13   3.844    
  134   54   0.000       0.000    
  134   55  4.3245E+09   1.424    
  134   56   0.000       0.000    
  134   57   0.000       0.000    
  134   58   0.000       0.000    
  134   59   0.000       0.000    
  134   60   0.000       0.000    
  134   61   0.000       0.000    
  133   51   0.000       0.000    
  133   52  1.9105E-13   2.232    
  133   53  1.6721E+11   2.222    
  133   54  1.5347E+12   2.420    
  133   55   0.000       0.000    
  133   56  3.7025E+07   14.26    
  133   57   0.000       0.000    
  133   58   0.000       0.000    
  133   59   0.000       0.000    
  133   60   0.000       0.000    
  133   61   0.000       0.000    
  132   51   0.000       0.000    
  132   52  4.5631E+11   2.448    
  132   53  4.7034E+11   2.448    
  132   54   0.000       0.000    
  132   55  5.3827E+10   8.073    
  132   56   0.000       0.000    
  132   57   0.000       0.000    
  132   58   0.000       0.000    
  132   59   0.000       0.000    
  132   60   0.000       0.000    
  132   61   0.000       0.000    
  131   51  1.4013E-45   0.000    
  131   52  1.7513E+10   2.379    
  131   53  1.0742E+12  0.9491    
  131   54   0.000       0.000    
  131   55  2.9189E+10   5.966    
  131   56  2.3252E+08   99.00    
  131   57   0.000       0.000    
  131   58   0.000       0.000    
  131   59   0.000       0.000    
  131   60   0.000       0.000    
  131   61   0.000       0.000    
  130   51  3.0297E-22   1.732    
  130   52   0.000       0.000    
  130   53  1.2850E+10   3.319    
  130   54   0.000       0.000    
  130   55  6.6202E-35   12.31    
  130   56   0.000       0.000    
  130   57   0.000       0.000    
  130   58   0.000       0.000    
  130   59   0.000       0.000    
  130   60   0.000       0.000    
  130   61   0.000       0.000    
  129   51  6.5379E+06   2.346    
  129   52  6.8414E+10   2.081    
  129   53   2733.       1.048    
  129   54   0.000       0.000    
  129   55  9.1581E+08   53.45    
  129   56   0.000       0.000    
  129   57   0.000       0.000    
  129   58   0.000       0.000    
  129   59   0.000       0.000    
  129   60   0.000       0.000    
  129   61   0.000       0.000    
  128   51  1.7115E+09   1.978    
  128   52   0.000       0.000    
  128   53  3.6466E-41   2.353    
  128   54   0.000       0.000    
  128   55   0.000       0.000    
  128   56   0.000       0.000    
  128   57   0.000       0.000    
  128   58   0.000       0.000    
  128   59   0.000       0.000    
  128   60   0.000       0.000    
  128   61   0.000       0.000    
  127   51  9.4230E+11   2.082    
  127   52  9.0620E+11   2.010    
  127   53   0.000       0.000    
  127   54  2.7591E+09   29.63    
  127   55   0.000       0.000    
  127   56   0.000       0.000    
  127   57   0.000       0.000    
  127   58   0.000       0.000    
  127   59   0.000       0.000    
  127   60   0.000       0.000    
  127   61   0.000       0.000    
  126   51  1.8213E+11  0.9714    
  126   52   0.000       0.000    
  126   53  3.2142E+10   4.110    
  126   54   0.000       0.000    
  126   55   0.000       0.000    
  126   56   0.000       0.000    
  126   57   0.000       0.000    
  126   58   0.000       0.000    
  126   59   0.000       0.000    
  126   60   0.000       0.000    
  126   61   0.000       0.000    
  125   51  1.8415E+10   1.004    
  125   52   0.000       0.000    
  125   53  4.0477E+09   8.752    
  125   54   0.000       0.000    
  125   55   0.000       0.000    
  125   56   0.000       0.000    
  125   57   0.000       0.000    
  125   58   0.000       0.000    
  125   59   0.000       0.000    
  125   60   0.000       0.000    
  125   61   0.000       0.000    
  124   51  9.2996E+10   3.499    
  124   52   0.000       0.000    
  124   53  2.7644E+09   32.39    
  124   54   0.000       0.000    
  124   55   0.000       0.000    
  124   56   0.000       0.000    
  124   57   0.000       0.000    
  124   58   0.000       0.000    
  124   59   0.000       0.000    
  124   60   0.000       0.000    
  124   61   0.000       0.000    
  123   51   0.000       0.000    
  123   52   0.000       0.000    
  123   53  1.4517E+07   99.00    
  123   54   0.000       0.000    
  123   55   0.000       0.000    
  123   56   0.000       0.000    
  123   57   0.000       0.000    
  123   58   0.000       0.000    
  123   59   0.000       0.000    
  123   60   0.000       0.000    
  123   61   0.000       0.000    
  122   51  1.8546E+11   4.995    
  122   52   0.000       0.000    
  122   53   0.000       0.000    
  122   54   0.000       0.000    
  122   55   0.000       0.000    
  122   56   0.000       0.000    
  122   57   0.000       0.000    
  122   58   0.000       0.000    
  122   59   0.000       0.000    
  122   60   0.000       0.000    
  122   61   0.000       0.000    
  121   51   0.000       0.000    
  121   52  4.8319E+08   44.72    
  121   53   0.000       0.000    
  121   54   0.000       0.000    
  121   55   0.000       0.000    
  121   56   0.000       0.000    
  121   57   0.000       0.000    
  121   58   0.000       0.000    
  121   59   0.000       0.000    
  121   60   0.000       0.000    
  121   61   0.000       0.000    
  120   51   0.000       0.000    
  120   52   0.000       0.000    
  120   53   0.000       0.000    
  120   54   0.000       0.000    
  120   55   0.000       0.000    
  120   56   0.000       0.000    
  120   57   0.000       0.000    
  120   58   0.000       0.000    
  120   59   0.000       0.000    
  120   60   0.000       0.000    
  120   61   0.000       0.000    
  119   51  7.6701E+09   6.338    
  119   52   0.000       0.000    
  119   53   0.000       0.000    
  119   54   0.000       0.000    
  119   55   0.000       0.000    
  119   56   0.000       0.000    
  119   57   0.000       0.000    
  119   58   0.000       0.000    
  119   59   0.000       0.000    
  119   60   0.000       0.000    
  119   61   0.000       0.000    
  118   51   0.000       0.000    
  118   52   0.000       0.000    
  118   53   0.000       0.000    
  118   54   0.000       0.000    
  118   55   0.000       0.000    
  118   56   0.000       0.000    
  118   57   0.000       0.000    
  118   58   0.000       0.000    
  118   59   0.000       0.000    
  118   60   0.000       0.000    
  118   61   0.000       0.000    
  117   51   34.00       99.00    
  117   52   0.000       0.000    
  117   53   0.000       0.000    
  117   54   0.000       0.000    
  117   55   0.000       0.000    
  117   56   0.000       0.000    
  117   57   0.000       0.000    
  117   58   0.000       0.000    
  117   59   0.000       0.000    
  117   60   0.000       0.000    
  117   61   0.000       0.000    
  128   40   0.000       0.000    
  128   41   0.000       0.000    
  128   42   0.000       0.000    
  128   43   0.000       0.000    
  128   44   0.000       0.000    
  128   45   0.000       0.000    
  128   46   0.000       0.000    
  128   47   0.000       0.000    
  128   48   0.000       0.000    
  128   49   0.000       0.000    
  128   50  3.5202E-11   3.900    
  127   40   0.000       0.000    
  127   41   0.000       0.000    
  127   42   0.000       0.000    
  127   43   0.000       0.000    
  127   44   0.000       0.000    
  127   45   0.000       0.000    
  127   46   0.000       0.000    
  127   47   0.000       0.000    
  127   48   0.000       0.000    
  127   49   0.000       0.000    
  127   50   12.52       3.658    
  126   40   0.000       0.000    
  126   41   0.000       0.000    
  126   42   0.000       0.000    
  126   43   0.000       0.000    
  126   44   0.000       0.000    
  126   45   0.000       0.000    
  126   46   0.000       0.000    
  126   47   0.000       0.000    
  126   48   0.000       0.000    
  126   49   0.000       0.000    
  126   50  2.0998E+05   4.059    
  125   40   0.000       0.000    
  125   41   0.000       0.000    
  125   42   0.000       0.000    
  125   43   0.000       0.000    
  125   44   0.000       0.000    
  125   45   0.000       0.000    
  125   46   0.000       0.000    
  125   47   0.000       0.000    
  125   48   0.000       0.000    
  125   49   0.000       0.000    
  125   50  3.0160E+11  0.8450    
  124   40   0.000       0.000    
  124   41   0.000       0.000    
  124   42   0.000       0.000    
  124   43   0.000       0.000    
  124   44   0.000       0.000    
  124   45   0.000       0.000    
  124   46   0.000       0.000    
  124   47   0.000       0.000    
  124   48   0.000       0.000    
  124   49   0.000       0.000    
  124   50   0.000       0.000    
  123   40   0.000       0.000    
  123   41   0.000       0.000    
  123   42   0.000       0.000    
  123   43   0.000       0.000    
  123   44   0.000       0.000    
  123   45   0.000       0.000    
  123   46   0.000       0.000    
  123   47   0.000       0.000    
  123   48   0.000       0.000    
  123   49   0.000       0.000    
  123   50  3.9784E+10   1.781    
  122   40   0.000       0.000    
  122   41   0.000       0.000    
  122   42   0.000       0.000    
  122   43   0.000       0.000    
  122   44   0.000       0.000    
  122   45   0.000       0.000    
  122   46   0.000       0.000    
  122   47   0.000       0.000    
  122   48   0.000       0.000    
  122   49   0.000       0.000    
  122   50   0.000       0.000    
  121   40   0.000       0.000    
  121   41   0.000       0.000    
  121   42   0.000       0.000    
  121   43   0.000       0.000    
  121   44   0.000       0.000    
  121   45   0.000       0.000    
  121   46   0.000       0.000    
  121   47   0.000       0.000    
  121   48   0.000       0.000    
  121   49   0.000       0.000    
  121   50  6.0196E+11  0.8763    
  120   40   0.000       0.000    
  120   41   0.000       0.000    
  120   42   0.000       0.000    
  120   43   0.000       0.000    
  120   44   0.000       0.000    
  120   45   0.000       0.000    
  120   46   0.000       0.000    
  120   47   0.000       0.000    
  120   48   0.000       0.000    
  120   49   0.000       0.000    
  120   50   0.000       0.000    
  119   40   0.000       0.000    
  119   41   0.000       0.000    
  119   42   0.000       0.000    
  119   43   0.000       0.000    
  119   44   0.000       0.000    
  119   45   0.000       0.000    
  119   46   0.000       0.000    
  119   47   0.000       0.000    
  119   48   0.000       0.000    
  119   49   0.000       0.000    
  119   50   0.000       0.000    
  118   40   0.000       0.000    
  118   41   0.000       0.000    
  118   42   0.000       0.000    
  118   43   0.000       0.000    
  118   44   0.000       0.000    
  118   45   0.000       0.000    
  118   46   0.000       0.000    
  118   47   0.000       0.000    
  118   48  6.8387E-14  0.7363    
  118   49  6.8501E-14  0.7363    
  118   50   0.000       0.000    
  117   40   0.000       0.000    
  117   41   0.000       0.000    
  117   42   0.000       0.000    
  117   43   0.000       0.000    
  117   44   0.000       0.000    
  117   45   0.000       0.000    
  117   46   0.000       0.000    
  117   47   0.000       0.000    
  117   48   5713.       1.485    
  117   49  1.1468E+06   1.518    
  117   50   0.000       0.000    
  116   40   0.000       0.000    
  116   41   0.000       0.000    
  116   42   0.000       0.000    
  116   43   0.000       0.000    
  116   44   0.000       0.000    
  116   45   0.000       0.000    
  116   46   0.000       0.000    
  116   47   0.000       0.000    
  116   48   0.000       0.000    
  116   49   0.000       0.000    
  116   50   0.000       0.000    
  115   40   0.000       0.000    
  115   41   0.000       0.000    
  115   42   0.000       0.000    
  115   43   0.000       0.000    
  115   44   0.000       0.000    
  115   45   0.000       0.000    
  115   46   0.000       0.000    
  115   47   0.000       0.000    
  115   48  2.2546E+12  0.9378    
  115   49   0.000       0.000    
  115   50   0.000       0.000    
  114   40   0.000       0.000    
  114   41   0.000       0.000    
  114   42   0.000       0.000    
  114   43   0.000       0.000    
  114   44   0.000       0.000    
  114   45   0.000       0.000    
  114   46   0.000       0.000    
  114   47   0.000       0.000    
  114   48   0.000       0.000    
  114   49  1.2455E+09   6.325    
  114   50   0.000       0.000    
  113   40   0.000       0.000    
  113   41   0.000       0.000    
  113   42   0.000       0.000    
  113   43   0.000       0.000    
  113   44   0.000       0.000    
  113   45   0.000       0.000    
  113   46   0.000       0.000    
  113   47  5.7985E+08   1.636    
  113   48   0.000       0.000    
  113   49   0.000       0.000    
  113   50   0.000       0.000    
  112   40   0.000       0.000    
  112   41   0.000       0.000    
  112   42   0.000       0.000    
  112   43   0.000       0.000    
  112   44   0.000       0.000    
  112   45   0.000       0.000    
  112   46  6.1456E+11   1.601    
  112   47  7.2203E+11   1.601    
  112   48   0.000       0.000    
  112   49   0.000       0.000    
  112   50   0.000       0.000    
  111   40   0.000       0.000    
  111   41   0.000       0.000    
  111   42   0.000       0.000    
  111   43   0.000       0.000    
  111   44   0.000       0.000    
  111   45   0.000       0.000    
  111   46  8.9237E+07  0.6186    
  111   47  3.3006E+12  0.8313    
  111   48   0.000       0.000    
  111   49   0.000       0.000    
  111   50   0.000       0.000    
  110   40   0.000       0.000    
  110   41   0.000       0.000    
  110   42   0.000       0.000    
  110   43   0.000       0.000    
  110   44   0.000       0.000    
  110   45   0.000       0.000    
  110   46   0.000       0.000    
  110   47  2.6833E+07   7.873    
  110   48   0.000       0.000    
  110   49   0.000       0.000    
  110   50   0.000       0.000    
  109   40   0.000       0.000    
  109   41   0.000       0.000    
  109   42   0.000       0.000    
  109   43   0.000       0.000    
  109   44   0.000       0.000    
  109   45   0.000       0.000    
  109   46  1.8623E+11  0.8111    
  109   47   0.000       0.000    
  109   48  2.7716E+07   40.82    
  109   49   0.000       0.000    
  109   50   0.000       0.000    
  108   40   0.000       0.000    
  108   41   0.000       0.000    
  108   42   0.000       0.000    
  108   43   0.000       0.000    
  108   44   0.000       0.000    
  108   45   0.000       0.000    
  108   46   0.000       0.000    
  108   47  1.3565E+04   22.27    
  108   48   0.000       0.000    
  108   49   0.000       0.000    
  108   50   0.000       0.000    
  107   40   0.000       0.000    
  107   41   0.000       0.000    
  107   42   0.000       0.000    
  107   43   0.000       0.000    
  107   44   0.000       0.000    
  107   45   0.000       0.000    
  107   46  2.0108E+04   1.069    
  107   47   0.000       0.000    
  107   48   0.000       0.000    
  107   49   0.000       0.000    
  107   50   0.000       0.000    
  106   40   0.000       0.000    
  106   41   0.000       0.000    
  106   42   0.000       0.000    
  106   43   0.000       0.000    
  106   44  1.1642E+11   1.582    
  106   45  1.1642E+11   1.582    
  106   46   0.000       0.000    
  106   47   0.000       0.000    
  106   48   0.000       0.000    
  106   49   0.000       0.000    
  106   50   0.000       0.000    
  105   40   0.000       0.000    
  105   41   0.000       0.000    
  105   42   0.000       0.000    
  105   43   0.000       0.000    
  105   44  8.0201E+07  0.7417    
  105   45  1.7057E+12  0.8413    
  105   46   0.000       0.000    
  105   47   0.000       0.000    
  105   48   0.000       0.000    
  105   49   0.000       0.000    
  105   50   0.000       0.000    
  104   40   0.000       0.000    
  104   41   0.000       0.000    
  104   42   0.000       0.000    
  104   43   0.000       0.000    
  104   44   0.000       0.000    
  104   45   0.000       0.000    
  104   46   0.000       0.000    
  104   47   0.000       0.000    
  104   48   0.000       0.000    
  104   49   0.000       0.000    
  104   50   0.000       0.000    
  103   40   0.000       0.000    
  103   41   0.000       0.000    
  103   42   0.000       0.000    
  103   43   0.000       0.000    
  103   44  8.1765E+11  0.8218    
  103   45   0.000       0.000    
  103   46   0.000       0.000    
  103   47   0.000       0.000    
  103   48   0.000       0.000    
  103   49   0.000       0.000    
  103   50   0.000       0.000    
  102   40   0.000       0.000    
  102   41   0.000       0.000    
  102   42   0.000       0.000    
  102   43   0.000       0.000    
  102   44   0.000       0.000    
  102   45  2.0344E+07   61.24    
  102   46   0.000       0.000    
  102   47   0.000       0.000    
  102   48   0.000       0.000    
  102   49   0.000       0.000    
  102   50   0.000       0.000    
  101   40   0.000       0.000    
  101   41   0.000       0.000    
  101   42   0.000       0.000    
  101   43   0.000       0.000    
  101   44   0.000       0.000    
  101   45   0.000       0.000    
  101   46   0.000       0.000    
  101   47   0.000       0.000    
  101   48   0.000       0.000    
  101   49   0.000       0.000    
  101   50   0.000       0.000    
  100   40   0.000       0.000    
  100   41   0.000       0.000    
  100   42   0.000       0.000    
  100   43   0.000       0.000    
  100   44   0.000       0.000    
  100   45   0.000       0.000    
  100   46   0.000       0.000    
  100   47   0.000       0.000    
  100   48   0.000       0.000    
  100   49   0.000       0.000    
  100   50   0.000       0.000    
   99   40   0.000       0.000    
   99   41   0.000       0.000    
   99   42  1.7015E+12   1.434    
   99   43  2.9317E+05   1.477    
   99   44   0.000       0.000    
   99   45   0.000       0.000    
   99   46   0.000       0.000    
   99   47   0.000       0.000    
   99   48   0.000       0.000    
   99   49   0.000       0.000    
   99   50   0.000       0.000    
   98   40   0.000       0.000    
   98   41  5.0598E-17   2.467    
   98   42   0.000       0.000    
   98   43   39.50       13.36    
   98   44   0.000       0.000    
   98   45   0.000       0.000    
   98   46   0.000       0.000    
   98   47   0.000       0.000    
   98   48   0.000       0.000    
   98   49   0.000       0.000    
   98   50   0.000       0.000    
   97   40  1.5522E+11   1.623    
   97   41  1.6724E+11   1.623    
   97   42   0.000       0.000    
   97   43   12.07       99.00    
   97   44   0.000       0.000    
   97   45   0.000       0.000    
   97   46   0.000       0.000    
   97   47   0.000       0.000    
   97   48   0.000       0.000    
   97   49   0.000       0.000    
   97   50   0.000       0.000    
   96   40   0.000       0.000    
   96   41  4.1337E+10   2.707    
   96   42   0.000       0.000    
   96   43  3.0606E+08   99.00    
   96   44   0.000       0.000    
   96   45   0.000       0.000    
   96   46   0.000       0.000    
   96   47   0.000       0.000    
   96   48   0.000       0.000    
   96   49   0.000       0.000    
   96   50   0.000       0.000    
   95   40  3.5875E+11   1.888    
   95   41  7.7939E+10   2.030    
   95   42   0.000       0.000    
   95   43   0.000       0.000    
   95   44   0.000       0.000    
   95   45   0.000       0.000    
   95   46   0.000       0.000    
   95   47   0.000       0.000    
   95   48   0.000       0.000    
   95   49   0.000       0.000    
   95   50   0.000       0.000    
   94   40   0.000       0.000    
   94   41  2.8532E+04   8.163    
   94   42   0.000       0.000    
   94   43   0.000       0.000    
   94   44   0.000       0.000    
   94   45   0.000       0.000    
   94   46   0.000       0.000    
   94   47   0.000       0.000    
   94   48   0.000       0.000    
   94   49   0.000       0.000    
   94   50   0.000       0.000    
   93   40  4.4835E+04  0.9295    
   93   41   0.000       0.000    
   93   42   0.000       0.000    
   93   43   0.000       0.000    
   93   44   0.000       0.000    
   93   45   0.000       0.000    
   93   46   0.000       0.000    
   93   47   0.000       0.000    
   93   48   0.000       0.000    
   93   49   0.000       0.000    
   93   50   0.000       0.000    
   93   29   0.000       0.000    
   93   30   0.000       0.000    
   93   31   0.000       0.000    
   93   32   0.000       0.000    
   93   33   0.000       0.000    
   93   34   0.000       0.000    
   93   35   0.000       0.000    
   93   36   0.000       0.000    
   93   37   0.000       0.000    
   93   38   0.000       0.000    
   93   39  2.5725E+10   1.125    
   92   29   0.000       0.000    
   92   30   0.000       0.000    
   92   31   0.000       0.000    
   92   32   0.000       0.000    
   92   33   0.000       0.000    
   92   34   0.000       0.000    
   92   35   0.000       0.000    
   92   36   0.000       0.000    
   92   37   0.000       0.000    
   92   38  3.2605E+04  0.6975    
   92   39  1.0719E+07  0.6568    
   91   29   0.000       0.000    
   91   30   0.000       0.000    
   91   31   0.000       0.000    
   91   32   0.000       0.000    
   91   33   0.000       0.000    
   91   34   0.000       0.000    
   91   35   0.000       0.000    
   91   36   0.000       0.000    
   91   37   0.000       0.000    
   91   38  1.9733E+10  0.9398    
   91   39  4.0754E+11  0.7784    
   90   29   0.000       0.000    
   90   30   0.000       0.000    
   90   31   0.000       0.000    
   90   32   0.000       0.000    
   90   33   0.000       0.000    
   90   34   0.000       0.000    
   90   35   0.000       0.000    
   90   36   0.000       0.000    
   90   37   0.000       0.000    
   90   38  2.3812E+09   1.552    
   90   39  3.8169E+10   15.95    
   89   29   0.000       0.000    
   89   30   0.000       0.000    
   89   31   0.000       0.000    
   89   32   0.000       0.000    
   89   33   0.000       0.000    
   89   34   0.000       0.000    
   89   35   0.000       0.000    
   89   36   0.000       0.000    
   89   37   0.000       0.000    
   89   38  4.3884E+11  0.4896    
   89   39   0.000       0.000    
   88   29   0.000       0.000    
   88   30   0.000       0.000    
   88   31   0.000       0.000    
   88   32   0.000       0.000    
   88   33   0.000       0.000    
   88   34   0.000       0.000    
   88   35   0.000       0.000    
   88   36  6.8325E+04   1.461    
   88   37  7.6285E+04   1.461    
   88   38   0.000       0.000    
   88   39  1.5403E+08   46.77    
   87   29   0.000       0.000    
   87   30   0.000       0.000    
   87   31   0.000       0.000    
   87   32   0.000       0.000    
   87   33   0.000       0.000    
   87   34   0.000       0.000    
   87   35   0.000       0.000    
   87   36  2.6684E-05   1.765    
   87   37   1.344       1.545    
   87   38   0.000       0.000    
   87   39  6.3508E+08   61.24    
   86   29   0.000       0.000    
   86   30   0.000       0.000    
   86   31   0.000       0.000    
   86   32   0.000       0.000    
   86   33   0.000       0.000    
   86   34   0.000       0.000    
   86   35   0.000       0.000    
   86   36   0.000       0.000    
   86   37  3.5025E+10   4.469    
   86   38   0.000       0.000    
   86   39   0.000       0.000    
   85   29   0.000       0.000    
   85   30   0.000       0.000    
   85   31   0.000       0.000    
   85   32   0.000       0.000    
   85   33   0.000       0.000    
   85   34   0.000       0.000    
   85   35   0.000       0.000    
   85   36  1.3876E+09   1.158    
   85   37   0.000       0.000    
   85   38  5.7182E+07   99.00    
   85   39   0.000       0.000    
   84   29   0.000       0.000    
   84   30   0.000       0.000    
   84   31   0.000       0.000    
   84   32   0.000       0.000    
   84   33   0.000       0.000    
   84   34   0.000       0.000    
   84   35  3.3849E-29   1.359    
   84   36   0.000       0.000    
   84   37  8.9338E+08   46.77    
   84   38   0.000       0.000    
   84   39   0.000       0.000    
   83   29   0.000       0.000    
   83   30   0.000       0.000    
   83   31   0.000       0.000    
   83   32   0.000       0.000    
   83   33   0.000       0.000    
   83   34   0.000       0.000    
   83   35   2277.       1.821    
   83   36   0.000       0.000    
   83   37  9.4127E+07   61.24    
   83   38   0.000       0.000    
   83   39   0.000       0.000    
   82   29   0.000       0.000    
   82   30   0.000       0.000    
   82   31   0.000       0.000    
   82   32   0.000       0.000    
   82   33   0.000       0.000    
   82   34   0.000       0.000    
   82   35  3.4376E+10   6.175    
   82   36   0.000       0.000    
   82   37   0.000       0.000    
   82   38   0.000       0.000    
   82   39   0.000       0.000    
   81   29   0.000       0.000    
   81   30   0.000       0.000    
   81   31   0.000       0.000    
   81   32   0.000       0.000    
   81   33   0.000       0.000    
   81   34  5.3617E-12   4.309    
   81   35   0.000       0.000    
   81   36   103.5       61.24    
   81   37   0.000       0.000    
   81   38   0.000       0.000    
   81   39   0.000       0.000    
   80   29   0.000       0.000    
   80   30   0.000       0.000    
   80   31   0.000       0.000    
   80   32   0.000       0.000    
   80   33   0.000       0.000    
   80   34   0.000       0.000    
   80   35  1.0864E+05   15.38    
   80   36   0.000       0.000    
   80   37   0.000       0.000    
   80   38   0.000       0.000    
   80   39   0.000       0.000    
   79   29   0.000       0.000    
   79   30   0.000       0.000    
   79   31   0.000       0.000    
   79   32   0.000       0.000    
   79   33   0.000       0.000    
   79   34  3.4593E+04   3.554    
   79   35   0.000       0.000    
   79   36   0.000       0.000    
   79   37   0.000       0.000    
   79   38   0.000       0.000    
   79   39   0.000       0.000    
   78   29   0.000       0.000    
   78   30   0.000       0.000    
   78   31   0.000       0.000    
   78   32  1.3441E-03   1.671    
   78   33  8.1175E-02   1.662    
   78   34   0.000       0.000    
   78   35   0.000       0.000    
   78   36   0.000       0.000    
   78   37   0.000       0.000    
   78   38   0.000       0.000    
   78   39   0.000       0.000    
   77   29   0.000       0.000    
   77   30   0.000       0.000    
   77   31   0.000       0.000    
   77   32  2.8170E+09   4.271    
   77   33  2.3113E+11   3.326    
   77   34   0.000       0.000    
   77   35   0.000       0.000    
   77   36   0.000       0.000    
   77   37   0.000       0.000    
   77   38   0.000       0.000    
   77   39   0.000       0.000    
   76   29   0.000       0.000    
   76   30   0.000       0.000    
   76   31   0.000       0.000    
   76   32   0.000       0.000    
   76   33  3.7409E+09   16.30    
   76   34   0.000       0.000    
   76   35   0.000       0.000    
   76   36   0.000       0.000    
   76   37   0.000       0.000    
   76   38   0.000       0.000    
   76   39   0.000       0.000    
   75   29   0.000       0.000    
   75   30   0.000       0.000    
   75   31   0.000       0.000    
   75   32  8.5350E-05   5.811    
   75   33   0.000       0.000    
   75   34   0.000       0.000    
   75   35   0.000       0.000    
   75   36   0.000       0.000    
   75   37   0.000       0.000    
   75   38   0.000       0.000    
   75   39   0.000       0.000    
   74   29   0.000       0.000    
   74   30   0.000       0.000    
   74   31   0.000       0.000    
   74   32   0.000       0.000    
   74   33   0.000       0.000    
   74   34   0.000       0.000    
   74   35   0.000       0.000    
   74   36   0.000       0.000    
   74   37   0.000       0.000    
   74   38   0.000       0.000    
   74   39   0.000       0.000    
   73   29   0.000       0.000    
   73   30   0.000       0.000    
   73   31  7.8458E+06   5.376    
   73   32   0.000       0.000    
   73   33  5.0285E+07   99.00    
   73   34   0.000       0.000    
   73   35   0.000       0.000    
   73   36   0.000       0.000    
   73   37   0.000       0.000    
   73   38   0.000       0.000    
   73   39   0.000       0.000    
   72   29   0.000       0.000    
   72   30  4.4588E+10   2.439    
   72   31  6.2713E+10   2.341    
   72   32   0.000       0.000    
   72   33   0.000       0.000    
   72   34   0.000       0.000    
   72   35   0.000       0.000    
   72   36   0.000       0.000    
   72   37   0.000       0.000    
   72   38   0.000       0.000    
   72   39   0.000       0.000    
   71   29   0.000       0.000    
   71   30   15.37       11.44    
   71   31   0.000       0.000    
   71   32  2.3654E+08   99.00    
   71   33   0.000       0.000    
   71   34   0.000       0.000    
   71   35   0.000       0.000    
   71   36   0.000       0.000    
   71   37   0.000       0.000    
   71   38   0.000       0.000    
   71   39   0.000       0.000    
   70   29   0.000       0.000    
   70   30   0.000       0.000    
   70   31   0.000       0.000    
   70   32   0.000       0.000    
   70   33   0.000       0.000    
   70   34   0.000       0.000    
   70   35   0.000       0.000    
   70   36   0.000       0.000    
   70   37   0.000       0.000    
   70   38   0.000       0.000    
   70   39   0.000       0.000    
   69   29   0.000       0.000    
   69   30  2.6713E+07   40.82    
   69   31   0.000       0.000    
   69   32   0.000       0.000    
   69   33   0.000       0.000    
   69   34   0.000       0.000    
   69   35   0.000       0.000    
   69   36   0.000       0.000    
   69   37   0.000       0.000    
   69   38   0.000       0.000    
   69   39   0.000       0.000    
   68   29   0.000       0.000    
   68   30   0.000       0.000    
   68   31   0.000       0.000    
   68   32   0.000       0.000    
   68   33   0.000       0.000    
   68   34   0.000       0.000    
   68   35   0.000       0.000    
   68   36   0.000       0.000    
   68   37   0.000       0.000    
   68   38   0.000       0.000    
   68   39   0.000       0.000    
   67   29  8.0449E+09   16.45    
   67   30   0.000       0.000    
   67   31   0.000       0.000    
   67   32   0.000       0.000    
   67   33   0.000       0.000    
   67   34   0.000       0.000    
   67   35   0.000       0.000    
   67   36   0.000       0.000    
   67   37   0.000       0.000    
   67   38   0.000       0.000    
   67   39   0.000       0.000    
   66   29  5.2503E+09   13.64    
   66   30   0.000       0.000    
   66   31   0.000       0.000    
   66   32   0.000       0.000    
   66   33   0.000       0.000    
   66   34   0.000       0.000    
   66   35   0.000       0.000    
   66   36   0.000       0.000    
   66   37   0.000       0.000    
   66   38   0.000       0.000    
   66   39   0.000       0.000    
   66   18   0.000       0.000    
   66   19   0.000       0.000    
   66   20   0.000       0.000    
   66   21   0.000       0.000    
   66   22   0.000       0.000    
   66   23   0.000       0.000    
   66   24   0.000       0.000    
   66   25   0.000       0.000    
   66   26   0.000       0.000    
   66   27   0.000       0.000    
   66   28  5.2421E+09   13.64    
   65   18   0.000       0.000    
   65   19   0.000       0.000    
   65   20   0.000       0.000    
   65   21   0.000       0.000    
   65   22   0.000       0.000    
   65   23   0.000       0.000    
   65   24   0.000       0.000    
   65   25   0.000       0.000    
   65   26   0.000       0.000    
   65   27   0.000       0.000    
   65   28   19.90       19.61    
   64   18   0.000       0.000    
   64   19   0.000       0.000    
   64   20   0.000       0.000    
   64   21   0.000       0.000    
   64   22   0.000       0.000    
   64   23   0.000       0.000    
   64   24   0.000       0.000    
   64   25   0.000       0.000    
   64   26   0.000       0.000    
   64   27   0.000       0.000    
   64   28   0.000       0.000    
   63   18   0.000       0.000    
   63   19   0.000       0.000    
   63   20   0.000       0.000    
   63   21   0.000       0.000    
   63   22   0.000       0.000    
   63   23   0.000       0.000    
   63   24   0.000       0.000    
   63   25   0.000       0.000    
   63   26   0.000       0.000    
   63   27   0.000       0.000    
   63   28  4.7345E+05   46.77    
   62   18   0.000       0.000    
   62   19   0.000       0.000    
   62   20   0.000       0.000    
   62   21   0.000       0.000    
   62   22   0.000       0.000    
   62   23   0.000       0.000    
   62   24   0.000       0.000    
   62   25   0.000       0.000    
   62   26   0.000       0.000    
   62   27   0.000       0.000    
   62   28   0.000       0.000    
   61   18   0.000       0.000    
   61   19   0.000       0.000    
   61   20   0.000       0.000    
   61   21   0.000       0.000    
   61   22   0.000       0.000    
   61   23   0.000       0.000    
   61   24   0.000       0.000    
   61   25   0.000       0.000    
   61   26   0.000       0.000    
   61   27  4.8572E-05   99.00    
   61   28   0.000       0.000    
   60   18   0.000       0.000    
   60   19   0.000       0.000    
   60   20   0.000       0.000    
   60   21   0.000       0.000    
   60   22   0.000       0.000    
   60   23   0.000       0.000    
   60   24   0.000       0.000    
   60   25   0.000       0.000    
   60   26   23.70       66.67    
   60   27  6.7940E-02   66.67    
   60   28   0.000       0.000    
   59   18   0.000       0.000    
   59   19   0.000       0.000    
   59   20   0.000       0.000    
   59   21   0.000       0.000    
   59   22   0.000       0.000    
   59   23   0.000       0.000    
   59   24   0.000       0.000    
   59   25   0.000       0.000    
   59   26  8.5891E+07   99.00    
   59   27   0.000       0.000    
   59   28   0.000       0.000    
   58   18   0.000       0.000    
   58   19   0.000       0.000    
   58   20   0.000       0.000    
   58   21   0.000       0.000    
   58   22   0.000       0.000    
   58   23   0.000       0.000    
   58   24   0.000       0.000    
   58   25   0.000       0.000    
   58   26   0.000       0.000    
   58   27   0.000       0.000    
   58   28   0.000       0.000    
   57   18   0.000       0.000    
   57   19   0.000       0.000    
   57   20   0.000       0.000    
   57   21   0.000       0.000    
   57   22   0.000       0.000    
   57   23   0.000       0.000    
   57   24   0.000       0.000    
   57   25   0.000       0.000    
   57   26   0.000       0.000    
   57   27   0.000       0.000    
   57   28   0.000       0.000    
   56   18   0.000       0.000    
   56   19   0.000       0.000    
   56   20   0.000       0.000    
   56   21   0.000       0.000    
   56   22   0.000       0.000    
   56   23   0.000       0.000    
   56   24   0.000       0.000    
   56   25   0.000       0.000    
   56   26   0.000       0.000    
   56   27   0.000       0.000    
   56   28   0.000       0.000    
   55   18   0.000       0.000    
   55   19   0.000       0.000    
   55   20   0.000       0.000    
   55   21   0.000       0.000    
   55   22   0.000       0.000    
   55   23   0.000       0.000    
   55   24   0.000       0.000    
   55   25   0.000       0.000    
   55   26   0.000       0.000    
   55   27   0.000       0.000    
   55   28   0.000       0.000    
   54   18   0.000       0.000    
   54   19   0.000       0.000    
   54   20   0.000       0.000    
   54   21   0.000       0.000    
   54   22   0.000       0.000    
   54   23   0.000       0.000    
   54   24   0.000       0.000    
   54   25   0.000       0.000    
   54   26   0.000       0.000    
   54   27   0.000       0.000    
   54   28   0.000       0.000    
   53   18   0.000       0.000    
   53   19   0.000       0.000    
   53   20   0.000       0.000    
   53   21   0.000       0.000    
   53   22   0.000       0.000    
   53   23   0.000       0.000    
   53   24   0.000       0.000    
   53   25   0.000       0.000    
   53   26   0.000       0.000    
   53   27   0.000       0.000    
   53   28   0.000       0.000    
   52   18   0.000       0.000    
   52   19   0.000       0.000    
   52   20   0.000       0.000    
   52   21   0.000       0.000    
   52   22   0.000       0.000    
   52   23   0.000       0.000    
   52   24   0.000       0.000    
   52   25   0.000       0.000    
   52   26   0.000       0.000    
   52   27   0.000       0.000    
   52   28   0.000       0.000    
   51   18   0.000       0.000    
   51   19   0.000       0.000    
   51   20   0.000       0.000    
   51   21   0.000       0.000    
   51   22   0.000       0.000    
   51   23   0.000       0.000    
   51   24   0.000       0.000    
   51   25   0.000       0.000    
   51   26   0.000       0.000    
   51   27   0.000       0.000    
   51   28   0.000       0.000    
   50   18   0.000       0.000    
   50   19   0.000       0.000    
   50   20   0.000       0.000    
   50   21   0.000       0.000    
   50   22   0.000       0.000    
   50   23   0.000       0.000    
   50   24   0.000       0.000    
   50   25   0.000       0.000    
   50   26   0.000       0.000    
   50   27   0.000       0.000    
   50   28   0.000       0.000    
   49   18   0.000       0.000    
   49   19   0.000       0.000    
   49   20   0.000       0.000    
   49   21   0.000       0.000    
   49   22   0.000       0.000    
   49   23   0.000       0.000    
   49   24   0.000       0.000    
   49   25   0.000       0.000    
   49   26   0.000       0.000    
   49   27   0.000       0.000    
   49   28   0.000       0.000    
   48   18   0.000       0.000    
   48   19   0.000       0.000    
   48   20   0.000       0.000    
   48   21   0.000       0.000    
   48   22   0.000       0.000    
   48   23  1.9286E+08   99.00    
   48   24   0.000       0.000    
   48   25   0.000       0.000    
   48   26   0.000       0.000    
   48   27   0.000       0.000    
   48   28   0.000       0.000    
   14    1   0.000       0.000    
   14    2   0.000       0.000    
   14    3   0.000       0.000    
   14    4   0.000       0.000    
   14    5   0.000       0.000    
   14    6   2068.       99.00    
   13    1   0.000       0.000    
   13    2   0.000       0.000    
   13    3   0.000       0.000    
   13    4   0.000       0.000    
   13    5   0.000       0.000    
   13    6   0.000       0.000    
   12    1   0.000       0.000    
   12    2   0.000       0.000    
   12    3   0.000       0.000    
   12    4   0.000       0.000    
   12    5   0.000       0.000    
   12    6   0.000       0.000    
   11    1   0.000       0.000    
   11    2   0.000       0.000    
   11    3   0.000       0.000    
   11    4   0.000       0.000    
   11    5   0.000       0.000    
   11    6   0.000       0.000    
   10    1   0.000       0.000    
   10    2   0.000       0.000    
   10    3   0.000       0.000    
   10    4   0.000       0.000    
   10    5   0.000       0.000    
   10    6   0.000       0.000    
    9    1   0.000       0.000    
    9    2   0.000       0.000    
    9    3   0.000       0.000    
    9    4   0.000       0.000    
    9    5   0.000       0.000    
    9    6   0.000       0.000    
    8    1   0.000       0.000    
    8    2   0.000       0.000    
    8    3   0.000       0.000    
    8    4   0.000       0.000    
    8    5   0.000       0.000    
    8    6   0.000       0.000    
    7    1   0.000       0.000    
    7    2   0.000       0.000    
    7    3   0.000       0.000    
    7    4   0.000       0.000    
    7    5   0.000       0.000    
    7    6   0.000       0.000    
    6    1   0.000       0.000    
    6    2   0.000       0.000    
    6    3   0.000       0.000    
    6    4   0.000       0.000    
    6    5   0.000       0.000    
    6    6   0.000       0.000    
    5    1   0.000       0.000    
    5    2   0.000       0.000    
    5    3   0.000       0.000    
    5    4   0.000       0.000    
    5    5   0.000       0.000    
    5    6   0.000       0.000    
    4    1   0.000       0.000    
    4    2   0.000       0.000    
    4    3   0.000       0.000    
    4    4   0.000       0.000    
    4    5   0.000       0.000    
    4    6   0.000       0.000    
    3    1  1.3483E+10  0.6705    
    3    2   0.000       0.000    
    3    3   0.000       0.000    
    3    4   0.000       0.000    
    3    5   0.000       0.000    
    3    6   0.000       0.000    
# A/Z/m Isomers:
   60   27    1   23.70       66.67    
   69   30    1  2.4895E+07   40.82    
   71   30    1  3.0428E+04   11.44    
   73   32    1  7.7769E+06   5.376    
   77   34    1  4.9438E+08   3.326    
   80   35    1  1.0140E+05   15.38    
   81   34    1  3.6365E-12   4.309    
   83   36    1   9575.       1.821    
   85   36    1  4.0374E+07   1.247    
   85   38    1  1.8419E-11   99.00    
   87   38    1   196.4       9.755    
   87   39    1  1.4931E+07   61.24    
   89   39    1  4.0812E+07  0.4896    
   90   39    1   6662.       16.80    
   90   40    1  0.1199       16.80    
   91   39    1  1.0795E+10  0.9398    
   93   41    1  5.1378E+06   17.50    
   95   41    1  4.2430E+10   3.958    
   96   43    1  1.7487E-17   99.00    
   97   41    1  1.4709E+11   1.623    
   97   43    1  1.1288E+08   99.00    
   98   41    1  2.5301E-14   2.467    
   99   43    1  1.6381E+12   1.434    
  102   45    1  4.0649E+06   61.24    
  103   45    1  8.1641E+11  0.8218    
  105   45    1  2.2513E+07  0.7417    
  106   45    1   21.76       2.732    
  108   47    1  1.5592E+05   22.27    
  109   47    1  1.8631E+11  0.8153    
  110   47    1  1.9730E+09   7.873    
  111   46    1  1.1357E+08  0.6186    
  111   47    1  1.1108E+08  0.6186    
  111   48    1  1.4630E-17   23.39    
  113   48    1  3.1227E+08   3.102    
  113   49    1  3.9751E-04   23.57    
  114   49    1  1.3028E+09   6.325    
  115   48    1  1.0901E+11   2.277    
  115   49    1  2.4611E+12  0.9378    
  116   49    1  2.6347E-13   5.536    
  117   48    1  8.8691E+05   1.519    
  117   49    1  5.2804E+04   1.503    
  117   50    1  1.3047E+10   4.941    
  118   51    1  2.8864E+04   99.00    
  119   50    1  5.5051E+09   1.671    
  120   51    1  1.5827E+10   6.521    
  121   50    1  2.7324E+08  0.9562    
  121   52    1  6.7737E+07   44.72    
  123   50    1  8.1154E-21   1.966    
  123   52    1  1.8977E+09   8.743    
  125   52    1  2.2003E+10   4.264    
  126   51    1  2.0998E+05   4.059    
  127   52    1  4.1580E+10   1.226    
  128   51    1  4.2719E-11   3.900    
  129   52    1  1.0673E+11   2.082    
  129   54    1  2.2462E+10   2.595    
  131   52    1  7.7792E+10   2.379    
  131   54    1  8.2476E+10   3.441    
  132   53    1  1.2995E-04   1.547    
  133   52    1  8.4539E-13   2.232    
  133   53    1  8.6464E-14   2.232    
  133   54    1  1.9677E+11   3.194    
  133   56    1  2.8999E+09   14.26    
  134   53    1  3.0637E-21   6.082    
  134   54    1  7.0474E-23   6.082    
  134   55    1   8427.       1.424    
  135   54    1  8.3897E+07   2.224    
  135   55    1  1.3045E-13   1.240    
  135   56    1  1.3445E+10   8.799    
  136   56    1  3.1153E+10   1.345    
  137   56    1  1.4784E+09   1.434    
  137   58    1  2.1765E+08   40.82    
  144   59    1  6.2082E+08   1.795    
  148   61    1  6.8772E+08   33.33    
  152   63    1  1.9143E+06   61.24    
  152   63    2  1.1823E-05   61.24    
  154   63    1  1.0204E-19   25.00    
  207   82    1  3.3074E+07   10.64    
  234   91    1  2.8616E+08   99.00    
# Detector n:     2  
RbCl      
# A/Z Isotopes:
   87   31   0.000       0.000    
   87   32   0.000       0.000    
   87   33   0.000       0.000    
   87   34   0.000       0.000    
   87   35   0.000       0.000    
   87   36  2.8200E-08   63.25    
   87   37  0.3887      0.3878    
   87   38   0.000       0.000    
   87   39   0.000       0.000    
   87   40   0.000       0.000    
   87   41   0.000       0.000    
   86   31   0.000       0.000    
   86   32   0.000       0.000    
   86   33   0.000       0.000    
   86   34   0.000       0.000    
   86   35   0.000       0.000    
   86   36   0.000       0.000    
   86   37  3.5111E+11   3.197    
   86   38   0.000       0.000    
   86   39   0.000       0.000    
   86   40   0.000       0.000    
   86   41   0.000       0.000    
   85   31   0.000       0.000    
   85   32   0.000       0.000    
   85   33   0.000       0.000    
   85   34   0.000       0.000    
   85   35   0.000       0.000    
   85   36  6.9689E+07   10.74    
   85   37   0.000       0.000    
   85   38  7.2907E+10   3.055    
   85   39   0.000       0.000    
   85   40   0.000       0.000    
   85   41   0.000       0.000    
   84   31   0.000       0.000    
   84   32   0.000       0.000    
   84   33   0.000       0.000    
   84   34   0.000       0.000    
   84   35   0.000       0.000    
   84   36   0.000       0.000    
   84   37  6.6121E+11   1.816    
   84   38   0.000       0.000    
   84   39   0.000       0.000    
   84   40   0.000       0.000    
   84   41   0.000       0.000    
   83   31   0.000       0.000    
   83   32   0.000       0.000    
   83   33   0.000       0.000    
   83   34   0.000       0.000    
   83   35   1.743       66.67    
   83   36   0.000       0.000    
   83   37  4.3761E+11   1.239    
   83   38  4.3360E+11   1.984    
   83   39   0.000       0.000    
   83   40   0.000       0.000    
   83   41   0.000       0.000    
   82   31   0.000       0.000    
   82   32   0.000       0.000    
   82   33   0.000       0.000    
   82   34   0.000       0.000    
   82   35  2.3810E+09   6.250    
   82   36   0.000       0.000    
   82   37  6.2136E+11   1.894    
   82   38  6.2133E+11   1.894    
   82   39   0.000       0.000    
   82   40   0.000       0.000    
   82   41   0.000       0.000    
   81   31   0.000       0.000    
   81   32   0.000       0.000    
   81   33   0.000       0.000    
   81   34  9.1074E-15   99.00    
   81   35   0.000       0.000    
   81   36  3.0758E+05  0.6862    
   81   37  5.9872E+07  0.5582    
   81   38   0.000       0.000    
   81   39   0.000       0.000    
   81   40   0.000       0.000    
   81   41   0.000       0.000    
   80   31   0.000       0.000    
   80   32   0.000       0.000    
   80   33   0.000       0.000    
   80   34   0.000       0.000    
   80   35  3.0085E+05   8.947    
   80   36   0.000       0.000    
   80   37  1.2085E-02   28.99    
   80   38  1.2021E-02   28.99    
   80   39   0.000       0.000    
   80   40   0.000       0.000    
   80   41   0.000       0.000    
   79   31   0.000       0.000    
   79   32   0.000       0.000    
   79   33   0.000       0.000    
   79   34   54.68       66.67    
   79   35   0.000       0.000    
   79   36  1.4371E+11   1.779    
   79   37   0.000       0.000    
   79   38   0.000       0.000    
   79   39   0.000       0.000    
   79   40   0.000       0.000    
   79   41   0.000       0.000    
   78   31   0.000       0.000    
   78   32   0.000       0.000    
   78   33   0.000       0.000    
   78   34   0.000       0.000    
   78   35   0.000       0.000    
   78   36   0.000       0.000    
   78   37   0.000       0.000    
   78   38   0.000       0.000    
   78   39   0.000       0.000    
   78   40   0.000       0.000    
   78   41   0.000       0.000    
   77   31   0.000       0.000    
   77   32   0.000       0.000    
   77   33   0.000       0.000    
   77   34   0.000       0.000    
   77   35  7.4126E+09   7.588    
   77   36  1.0351E-08   54.77    
   77   37   0.000       0.000    
   77   38   0.000       0.000    
   77   39   0.000       0.000    
   77   40   0.000       0.000    
   77   41   0.000       0.000    
   76   31   0.000       0.000    
   76   32   0.000       0.000    
   76   33  9.3523E+07   99.00    
   76   34   0.000       0.000    
   76   35   0.000       0.000    
   76   36   0.000       0.000    
   76   37   0.000       0.000    
   76   38   0.000       0.000    
   76   39   0.000       0.000    
   76   40   0.000       0.000    
   76   41   0.000       0.000    
   75   31   0.000       0.000    
   75   32   0.000       0.000    
   75   33   0.000       0.000    
   75   34  9.6548E+08   21.58    
   75   35   0.000       0.000    
   75   36   0.000       0.000    
   75   37   0.000       0.000    
   75   38   0.000       0.000    
   75   39   0.000       0.000    
   75   40   0.000       0.000    
   75   41   0.000       0.000    
   74   31   0.000       0.000    
   74   32   0.000       0.000    
   74   33   0.000       0.000    
   74   34   0.000       0.000    
   74   35   0.000       0.000    
   74   36   0.000       0.000    
   74   37   0.000       0.000    
   74   38   0.000       0.000    
   74   39   0.000       0.000    
   74   40   0.000       0.000    
   74   41   0.000       0.000    
   73   31   0.000       0.000    
   73   32   0.000       0.000    
   73   33   0.000       0.000    
   73   34   0.000       0.000    
   73   35   0.000       0.000    
   73   36   0.000       0.000    
   73   37   0.000       0.000    
   73   38   0.000       0.000    
   73   39   0.000       0.000    
   73   40   0.000       0.000    
   73   41   0.000       0.000    
   72   31   0.000       0.000    
   72   32   0.000       0.000    
   72   33   0.000       0.000    
   72   34   0.000       0.000    
   72   35   0.000       0.000    
   72   36   0.000       0.000    
   72   37   0.000       0.000    
   72   38   0.000       0.000    
   72   39   0.000       0.000    
   72   40   0.000       0.000    
   72   41   0.000       0.000    
   71   31   0.000       0.000    
   71   32  2.3654E+08   99.00    
   71   33   0.000       0.000    
   71   34   0.000       0.000    
   71   35   0.000       0.000    
   71   36   0.000       0.000    
   71   37   0.000       0.000    
   71   38   0.000       0.000    
   71   39   0.000       0.000    
   71   40   0.000       0.000    
   71   41   0.000       0.000    
   70   31   0.000       0.000    
   70   32   0.000       0.000    
   70   33   0.000       0.000    
   70   34   0.000       0.000    
   70   35   0.000       0.000    
   70   36   0.000       0.000    
   70   37   0.000       0.000    
   70   38   0.000       0.000    
   70   39   0.000       0.000    
   70   40   0.000       0.000    
   70   41   0.000       0.000    
   69   31   0.000       0.000    
   69   32   0.000       0.000    
   69   33   0.000       0.000    
   69   34   0.000       0.000    
   69   35   0.000       0.000    
   69   36   0.000       0.000    
   69   37   0.000       0.000    
   69   38   0.000       0.000    
   69   39   0.000       0.000    
   69   40   0.000       0.000    
   69   41   0.000       0.000    
   68   31  3.6814E-11   99.00    
   68   32   0.000       0.000    
   68   33   0.000       0.000    
   68   34   0.000       0.000    
   68   35   0.000       0.000    
   68   36   0.000       0.000    
   68   37   0.000       0.000    
   68   38   0.000       0.000    
   68   39   0.000       0.000    
   68   40   0.000       0.000    
   68   41   0.000       0.000    
   38    9   0.000       0.000    
   38   10   0.000       0.000    
   38   11   0.000       0.000    
   38   12   0.000       0.000    
   38   13   0.000       0.000    
   38   14   0.000       0.000    
   38   15   0.000       0.000    
   38   16   0.000       0.000    
   38   17  7.4900E-27   99.00    
   38   18   0.000       0.000    
   38   19   0.000       0.000    
   37    9   0.000       0.000    
   37   10   0.000       0.000    
   37   11   0.000       0.000    
   37   12   0.000       0.000    
   37   13   0.000       0.000    
   37   14   0.000       0.000    
   37   15   0.000       0.000    
   37   16   0.000       0.000    
   37   17   0.000       0.000    
   37   18  2.8918E+10   4.137    
   37   19   0.000       0.000    
   36    9   0.000       0.000    
   36   10   0.000       0.000    
   36   11   0.000       0.000    
   36   12   0.000       0.000    
   36   13   0.000       0.000    
   36   14   0.000       0.000    
   36   15   0.000       0.000    
   36   16   0.000       0.000    
   36   17  1.2405E+05  0.6030    
   36   18   0.000       0.000    
   36   19   0.000       0.000    
   35    9   0.000       0.000    
   35   10   0.000       0.000    
   35   11   0.000       0.000    
   35   12   0.000       0.000    
   35   13   0.000       0.000    
   35   14   0.000       0.000    
   35   15   0.000       0.000    
   35   16  8.3108E+10   2.674    
   35   17   0.000       0.000    
   35   18   0.000       0.000    
   35   19   0.000       0.000    
   34    9   0.000       0.000    
   34   10   0.000       0.000    
   34   11   0.000       0.000    
   34   12   0.000       0.000    
   34   13   0.000       0.000    
   34   14   0.000       0.000    
   34   15   0.000       0.000    
   34   16   0.000       0.000    
   34   17  1.7369E-29   1.712    
   34   18   0.000       0.000    
   34   19   0.000       0.000    
   33    9   0.000       0.000    
   33   10   0.000       0.000    
   33   11   0.000       0.000    
   33   12   0.000       0.000    
   33   13   0.000       0.000    
   33   14   0.000       0.000    
   33   15  1.1803E+11   5.573    
   33   16   0.000       0.000    
   33   17   0.000       0.000    
   33   18   0.000       0.000    
   33   19   0.000       0.000    
   32    9   0.000       0.000    
   32   10   0.000       0.000    
   32   11   0.000       0.000    
   32   12   0.000       0.000    
   32   13   0.000       0.000    
   32   14  2.8933E+06   6.070    
   32   15  6.2261E+11   1.072    
   32   16   0.000       0.000    
   32   17   0.000       0.000    
   32   18   0.000       0.000    
   32   19   0.000       0.000    
   31    9   0.000       0.000    
   31   10   0.000       0.000    
   31   11   0.000       0.000    
   31   12   0.000       0.000    
   31   13   0.000       0.000    
   31   14   735.1       6.094    
   31   15   0.000       0.000    
   31   16   0.000       0.000    
   31   17   0.000       0.000    
   31   18   0.000       0.000    
   31   19   0.000       0.000    
   30    9   0.000       0.000    
   30   10   0.000       0.000    
   30   11   0.000       0.000    
   30   12   0.000       0.000    
   30   13   0.000       0.000    
   30   14   0.000       0.000    
   30   15   0.000       0.000    
   30   16   0.000       0.000    
   30   17   0.000       0.000    
   30   18   0.000       0.000    
   30   19   0.000       0.000    
   29    9   0.000       0.000    
   29   10   0.000       0.000    
   29   11   0.000       0.000    
   29   12   0.000       0.000    
   29   13   0.000       0.000    
   29   14   0.000       0.000    
   29   15   0.000       0.000    
   29   16   0.000       0.000    
   29   17   0.000       0.000    
   29   18   0.000       0.000    
   29   19   0.000       0.000    
   28    9   0.000       0.000    
   28   10   0.000       0.000    
   28   11   0.000       0.000    
   28   12  1.1469E+08   61.24    
   28   13  1.1489E+08   61.24    
   28   14   0.000       0.000    
   28   15   0.000       0.000    
   28   16   0.000       0.000    
   28   17   0.000       0.000    
   28   18   0.000       0.000    
   28   19   0.000       0.000    
   27    9   0.000       0.000    
   27   10   0.000       0.000    
   27   11   0.000       0.000    
   27   12   0.000       0.000    
   27   13   0.000       0.000    
   27   14   0.000       0.000    
   27   15   0.000       0.000    
   27   16   0.000       0.000    
   27   17   0.000       0.000    
   27   18   0.000       0.000    
   27   19   0.000       0.000    
   26    9   0.000       0.000    
   26   10   0.000       0.000    
   26   11   0.000       0.000    
   26   12   0.000       0.000    
   26   13   3227.       8.374    
   26   14   0.000       0.000    
   26   15   0.000       0.000    
   26   16   0.000       0.000    
   26   17   0.000       0.000    
   26   18   0.000       0.000    
   26   19   0.000       0.000    
   25    9   0.000       0.000    
   25   10   0.000       0.000    
   25   11   0.000       0.000    
   25   12   0.000       0.000    
   25   13   0.000       0.000    
   25   14   0.000       0.000    
   25   15   0.000       0.000    
   25   16   0.000       0.000    
   25   17   0.000       0.000    
   25   18   0.000       0.000    
   25   19   0.000       0.000    
   24    9   0.000       0.000    
   24   10   0.000       0.000    
   24   11  1.7752E+08   31.87    
   24   12   0.000       0.000    
   24   13   0.000       0.000    
   24   14   0.000       0.000    
   24   15   0.000       0.000    
   24   16   0.000       0.000    
   24   17   0.000       0.000    
   24   18   0.000       0.000    
   24   19   0.000       0.000    
   23    9   0.000       0.000    
   23   10   0.000       0.000    
   23   11   0.000       0.000    
   23   12   0.000       0.000    
   23   13   0.000       0.000    
   23   14   0.000       0.000    
   23   15   0.000       0.000    
   23   16   0.000       0.000    
   23   17   0.000       0.000    
   23   18   0.000       0.000    
   23   19   0.000       0.000    
   22    9   0.000       0.000    
   22   10   0.000       0.000    
   22   11  1.9470E+08   16.69    
   22   12   0.000       0.000    
   22   13   0.000       0.000    
   22   14   0.000       0.000    
   22   15   0.000       0.000    
   22   16   0.000       0.000    
   22   17   0.000       0.000    
   22   18   0.000       0.000    
   22   19   0.000       0.000    
   21    9   0.000       0.000    
   21   10   0.000       0.000    
   21   11   0.000       0.000    
   21   12   0.000       0.000    
   21   13   0.000       0.000    
   21   14   0.000       0.000    
   21   15   0.000       0.000    
   21   16   0.000       0.000    
   21   17   0.000       0.000    
   21   18   0.000       0.000    
   21   19   0.000       0.000    
   20    9   0.000       0.000    
   20   10   0.000       0.000    
   20   11   0.000       0.000    
   20   12   0.000       0.000    
   20   13   0.000       0.000    
   20   14   0.000       0.000    
   20   15   0.000       0.000    
   20   16   0.000       0.000    
   20   17   0.000       0.000    
   20   18   0.000       0.000    
   20   19   0.000       0.000    
   19    9   0.000       0.000    
   19   10   0.000       0.000    
   19   11   0.000       0.000    
   19   12   0.000       0.000    
   19   13   0.000       0.000    
   19   14   0.000       0.000    
   19   15   0.000       0.000    
   19   16   0.000       0.000    
   19   17   0.000       0.000    
   19   18   0.000       0.000    
   19   19   0.000       0.000    
   18    9  6.2122E-03   36.42    
   18   10   0.000       0.000    
   18   11   0.000       0.000    
   18   12   0.000       0.000    
   18   13   0.000       0.000    
   18   14   0.000       0.000    
   18   15   0.000       0.000    
   18   16   0.000       0.000    
   18   17   0.000       0.000    
   18   18   0.000       0.000    
   18   19   0.000       0.000    
   14    1   0.000       0.000    
   14    2   0.000       0.000    
   14    3   0.000       0.000    
   14    4   0.000       0.000    
   14    5   0.000       0.000    
   14    6   2068.       99.00    
   14    7   0.000       0.000    
   14    8   0.000       0.000    
   13    1   0.000       0.000    
   13    2   0.000       0.000    
   13    3   0.000       0.000    
   13    4   0.000       0.000    
   13    5   0.000       0.000    
   13    6   0.000       0.000    
   13    7   0.000       0.000    
   13    8   0.000       0.000    
   12    1   0.000       0.000    
   12    2   0.000       0.000    
   12    3   0.000       0.000    
   12    4   0.000       0.000    
   12    5   0.000       0.000    
   12    6   0.000       0.000    
   12    7   0.000       0.000    
   12    8   0.000       0.000    
   11    1   0.000       0.000    
   11    2   0.000       0.000    
   11    3   0.000       0.000    
   11    4   0.000       0.000    
   11    5   0.000       0.000    
   11    6   0.000       0.000    
   11    7   0.000       0.000    
   11    8   0.000       0.000    
   10    1   0.000       0.000    
   10    2   0.000       0.000    
   10    3   0.000       0.000    
   10    4   7.848       99.00    
   10    5   0.000       0.000    
   10    6   0.000       0.000    
   10    7   0.000       0.000    
   10    8   0.000       0.000    
    9    1   0.000       0.000    
    9    2   0.000       0.000    
    9    3   0.000       0.000    
    9    4   0.000       0.000    
    9    5   0.000       0.000    
    9    6   0.000       0.000    
    9    7   0.000       0.000    
    9    8   0.000       0.000    
    8    1   0.000       0.000    
    8    2   0.000       0.000    
    8    3   0.000       0.000    
    8    4   0.000       0.000    
    8    5   0.000       0.000    
    8    6   0.000       0.000    
    8    7   0.000       0.000    
    8    8   0.000       0.000    
    7    1   0.000       0.000    
    7    2   0.000       0.000    
    7    3   0.000       0.000    
    7    4  3.6597E+09   21.45    
    7    5   0.000       0.000    
    7    6   0.000       0.000    
    7    7   0.000       0.000    
    7    8   0.000       0.000    
    6    1   0.000       0.000    
    6    2   0.000       0.000    
    6    3   0.000       0.000    
    6    4   0.000       0.000    
    6    5   0.000       0.000    
    6    6   0.000       0.000    
    6    7   0.000       0.000    
    6    8   0.000       0.000    
    5    1   0.000       0.000    
    5    2   0.000       0.000    
    5    3   0.000       0.000    
    5    4   0.000       0.000    
    5    5   0.000       0.000    
    5    6   0.000       0.000    
    5    7   0.000       0.000    
    5    8   0.000       0.000    
    4    1   0.000       0.000    
    4    2   0.000       0.000    
    4    3   0.000       0.000    
    4    4   0.000       0.000    
    4    5   0.000       0.000    
    4    6   0.000       0.000    
    4    7   0.000       0.000    
    4    8   0.000       0.000    
    3    1  9.2821E+08   3.244    
    3    2   0.000       0.000    
    3    3   0.000       0.000    
    3    4   0.000       0.000    
    3    5   0.000       0.000    
    3    6   0.000       0.000    
    3    7   0.000       0.000    
    3    8   0.000       0.000    
# A/Z/m Isomers:
   34   17    1  3.8925E-29   1.712    
   80   35    1  2.8079E+05   8.947    
   81   34    1  6.1770E-15   99.00    
   82   37    1  6.8879E+08  0.7250    
   83   36    1   7.502       65.03    
   85   36    1  4.8034E+05   11.11    
   85   38    1  2.3484E-08   3.055    
   87   38    1   993.6       4.172    
# Detector n:     3  
Ga        
# A/Z Isotopes:
   72   25   0.000       0.000    
   72   26   0.000       0.000    
   72   27   0.000       0.000    
   72   28   0.000       0.000    
   72   29   0.000       0.000    
   72   30   0.000       0.000    
   72   31  1.1955E+09   12.07    
   72   32   0.000       0.000    
   72   33   0.000       0.000    
   72   34   0.000       0.000    
   72   35   0.000       0.000    
   71   25   0.000       0.000    
   71   26   0.000       0.000    
   71   27   0.000       0.000    
   71   28   0.000       0.000    
   71   29   0.000       0.000    
   71   30   6.888       15.38    
   71   31   0.000       0.000    
   71   32  6.4741E+11   1.767    
   71   33   0.000       0.000    
   71   34   0.000       0.000    
   71   35   0.000       0.000    
   70   25   0.000       0.000    
   70   26   0.000       0.000    
   70   27   0.000       0.000    
   70   28   0.000       0.000    
   70   29   0.000       0.000    
   70   30   0.000       0.000    
   70   31   0.000       0.000    
   70   32   0.000       0.000    
   70   33   0.000       0.000    
   70   34   0.000       0.000    
   70   35   0.000       0.000    
   69   25   0.000       0.000    
   69   26   0.000       0.000    
   69   27   0.000       0.000    
   69   28   0.000       0.000    
   69   29   0.000       0.000    
   69   30  1.3267E+09   6.661    
   69   31   0.000       0.000    
   69   32  2.3104E+12   1.429    
   69   33   0.000       0.000    
   69   34   0.000       0.000    
   69   35   0.000       0.000    
   68   25   0.000       0.000    
   68   26   0.000       0.000    
   68   27   0.000       0.000    
   68   28   0.000       0.000    
   68   29   0.000       0.000    
   68   30   0.000       0.000    
   68   31  2.3292E+11  0.8476    
   68   32  2.3288E+11  0.8476    
   68   33   0.000       0.000    
   68   34   0.000       0.000    
   68   35   0.000       0.000    
   67   25   0.000       0.000    
   67   26   0.000       0.000    
   67   27   0.000       0.000    
   67   28   0.000       0.000    
   67   29  7.0064E+09   13.86    
   67   30   0.000       0.000    
   67   31  4.9623E+12  0.4238    
   67   32   0.000       0.000    
   67   33   0.000       0.000    
   67   34   0.000       0.000    
   67   35   0.000       0.000    
   66   25   0.000       0.000    
   66   26   0.000       0.000    
   66   27   0.000       0.000    
   66   28   0.000       0.000    
   66   29   0.000       0.000    
   66   30   0.000       0.000    
   66   31  3.2667E+09   1.584    
   66   32   11.54       11.11    
   66   33   0.000       0.000    
   66   34   0.000       0.000    
   66   35   0.000       0.000    
   65   25   0.000       0.000    
   65   26   0.000       0.000    
   65   27   0.000       0.000    
   65   28   0.000       0.000    
   65   29   0.000       0.000    
   65   30  4.4194E+10   1.421    
   65   31   0.000       0.000    
   65   32   0.000       0.000    
   65   33   0.000       0.000    
   65   34   0.000       0.000    
   65   35   0.000       0.000    
   64   25   0.000       0.000    
   64   26   0.000       0.000    
   64   27   0.000       0.000    
   64   28   0.000       0.000    
   64   29  1.5045E+10   3.630    
   64   30   0.000       0.000    
   64   31   0.000       0.000    
   64   32   0.000       0.000    
   64   33   0.000       0.000    
   64   34   0.000       0.000    
   64   35   0.000       0.000    
   63   25   0.000       0.000    
   63   26   0.000       0.000    
   63   27   0.000       0.000    
   63   28  3.3142E+06   9.105    
   63   29   0.000       0.000    
   63   30  4.7008E-24   17.92    
   63   31   0.000       0.000    
   63   32   0.000       0.000    
   63   33   0.000       0.000    
   63   34   0.000       0.000    
   63   35   0.000       0.000    
   62   25   0.000       0.000    
   62   26   0.000       0.000    
   62   27   0.000       0.000    
   62   28   0.000       0.000    
   62   29   0.000       0.000    
   62   30   0.000       0.000    
   62   31   0.000       0.000    
   62   32   0.000       0.000    
   62   33   0.000       0.000    
   62   34   0.000       0.000    
   62   35   0.000       0.000    
   61   25   0.000       0.000    
   61   26   0.000       0.000    
   61   27  9.1277E-05   61.24    
   61   28   0.000       0.000    
   61   29   0.000       0.000    
   61   30   0.000       0.000    
   61   31   0.000       0.000    
   61   32   0.000       0.000    
   61   33   0.000       0.000    
   61   34   0.000       0.000    
   61   35   0.000       0.000    
   60   25   0.000       0.000    
   60   26   0.000       0.000    
   60   27  2.2388E+06   99.00    
   60   28   0.000       0.000    
   60   29   0.000       0.000    
   60   30   0.000       0.000    
   60   31   0.000       0.000    
   60   32   0.000       0.000    
   60   33   0.000       0.000    
   60   34   0.000       0.000    
   60   35   0.000       0.000    
   59   25   0.000       0.000    
   59   26   0.000       0.000    
   59   27   0.000       0.000    
   59   28   0.000       0.000    
   59   29   0.000       0.000    
   59   30   0.000       0.000    
   59   31   0.000       0.000    
   59   32   0.000       0.000    
   59   33   0.000       0.000    
   59   34   0.000       0.000    
   59   35   0.000       0.000    
   58   25   0.000       0.000    
   58   26   0.000       0.000    
   58   27   0.000       0.000    
   58   28   0.000       0.000    
   58   29   0.000       0.000    
   58   30   0.000       0.000    
   58   31   0.000       0.000    
   58   32   0.000       0.000    
   58   33   0.000       0.000    
   58   34   0.000       0.000    
   58   35   0.000       0.000    
   57   25   0.000       0.000    
   57   26   0.000       0.000    
   57   27   0.000       0.000    
   57   28   0.000       0.000    
   57   29   0.000       0.000    
   57   30   0.000       0.000    
   57   31   0.000       0.000    
   57   32   0.000       0.000    
   57   33   0.000       0.000    
   57   34   0.000       0.000    
   57   35   0.000       0.000    
   56   25   2.452       99.00    
   56   26   0.000       0.000    
   56   27   0.000       0.000    
   56   28   0.000       0.000    
   56   29   0.000       0.000    
   56   30   0.000       0.000    
   56   31   0.000       0.000    
   56   32   0.000       0.000    
   56   33   0.000       0.000    
   56   34   0.000       0.000    
   56   35   0.000       0.000    
    3    1  1.3150E+08   12.08    
    3    2   0.000       0.000    
# A/Z/m Isomers:
   69   30    1  1.2365E+09   6.661    
   71   30    1  1.3640E+04   15.38    
