Cor C	Cor A	Value	Error
-450.0	-65.0	9.76342e-05	0.8216
-445.5	-65.0	7.02817e-05	0.882
-441.0	-65.0	1.92683e-05	1.0
-436.5	-65.0	0.0	0.0
-432.0	-65.0	5.9013e-06	1.0
-427.5	-65.0	4.72093e-05	1.0
-423.0	-65.0	2.12648e-05	1.0
-418.5	-65.0	6.05197e-05	1.0
-414.0	-65.0	0.0	0.0
-409.5	-65.0	5.58292e-05	1.0
-405.0	-65.0	0.0	0.0
-400.5	-65.0	0.0	0.0
-396.0	-65.0	3.59393e-05	0.9859
-391.5	-65.0	6.00187e-05	0.6277
-387.0	-65.0	2.66901e-05	0.7995
-382.5	-65.0	0.000107177	0.4708
-378.0	-65.0	0.000295841	0.8505
-373.5	-65.0	0.000103827	0.6245
-369.0	-65.0	0.00187914	0.8352
-364.5	-65.0	0.00773677	0.6266
-360.0	-65.0	0.000481162	0.9083
-355.5	-65.0	0.00126804	0.9494
-351.0	-65.0	5.10493e-05	1.0
-346.5	-65.0	6.86601e-05	0.5284
-342.0	-65.0	0.000102058	0.5432
-337.5	-65.0	4.77833e-05	0.5064
-333.0	-65.0	0.00455124	0.9555
-328.5	-65.0	0.000190184	0.385
-324.0	-65.0	9.4396e-05	0.6646
-319.5	-65.0	0.000180247	0.3873
-315.0	-65.0	0.000254248	0.3445
-310.5	-65.0	0.000203866	0.4387
-306.0	-65.0	6.66618e-05	0.5746
-301.5	-65.0	0.000272734	0.3816
-297.0	-65.0	0.000397331	0.3296
-292.5	-65.0	0.000868932	0.6842
-288.0	-65.0	0.00383593	0.903
-283.5	-65.0	0.00333887	0.8925
-279.0	-65.0	0.00169419	0.7541
-274.5	-65.0	0.00262233	0.8777
-270.0	-65.0	0.000227793	0.3584
-265.5	-65.0	0.000578701	0.4669
-261.0	-65.0	0.000259991	0.4022
-256.5	-65.0	0.00119092	0.759
-252.0	-65.0	0.000295788	0.3073
-247.5	-65.0	0.000541036	0.544
-243.0	-65.0	0.00222568	0.7978
-238.5	-65.0	0.00152071	0.5653
-234.0	-65.0	0.0025665	0.5694
-229.5	-65.0	0.00282818	0.4629
-225.0	-65.0	0.000246722	0.3107
-220.5	-65.0	0.00109244	0.6429
-216.0	-65.0	0.00367623	0.5683
-211.5	-65.0	0.00410936	0.6518
-207.0	-65.0	0.00241892	0.6097
-202.5	-65.0	0.00694102	0.4022
-198.0	-65.0	0.00681802	0.4447
-193.5	-65.0	0.00873361	0.5777
-189.0	-65.0	0.0113171	0.4761
-184.5	-65.0	0.0110972	0.3893
-180.0	-65.0	0.0146666	0.5675
-175.5	-65.0	0.0174246	0.387
-171.0	-65.0	0.0104111	0.4117
-166.5	-65.0	0.0101668	0.4705
-162.0	-65.0	0.0133053	0.3051
-157.5	-65.0	0.0142107	0.3355
-153.0	-65.0	0.0219853	0.2951
-148.5	-65.0	0.0167354	0.2743
-144.0	-65.0	0.0140119	0.3699
-139.5	-65.0	0.0193685	0.3424
-135.0	-65.0	0.0149147	0.311
-130.5	-65.0	0.0276752	0.2345
-126.0	-65.0	0.026554	0.2432
-121.5	-65.0	0.0261758	0.2623
-117.0	-65.0	0.0276599	0.2211
-112.5	-65.0	0.0291426	0.2493
-108.0	-65.0	0.0334107	0.2289
-103.5	-65.0	0.0382162	0.2345
-99.0	-65.0	0.0403038	0.1976
-94.5	-65.0	0.0379592	0.2236
-90.0	-65.0	0.0320028	0.1962
-85.5	-65.0	0.0419329	0.221
-81.0	-65.0	0.0508279	0.1823
-76.5	-65.0	0.0548051	0.1753
-72.0	-65.0	0.0517352	0.1741
-67.5	-65.0	0.079643	0.1578
-63.0	-65.0	0.0414178	0.1815
-58.5	-65.0	0.0534319	0.1655
-54.0	-65.0	0.0617526	0.1557
-49.5	-65.0	0.057588	0.1723
-45.0	-65.0	0.0823076	0.1579
-40.5	-65.0	0.0734034	0.1585
-36.0	-65.0	0.0693875	0.1515
-31.5	-65.0	0.0747047	0.1535
-27.0	-65.0	0.0896384	0.1311
-22.5	-65.0	0.0754507	0.1482
-18.0	-65.0	0.0775235	0.1421
-13.5	-65.0	0.0936723	0.1321
-9.0	-65.0	0.0652984	0.1611
-4.5	-65.0	0.0818596	0.1282
0.0	-65.0	0.0824258	0.1496
4.5	-65.0	0.0910121	0.1375
9.0	-65.0	0.09832	0.1429
13.5	-65.0	0.0673151	0.1502
18.0	-65.0	0.0779033	0.1473
22.5	-65.0	0.0555944	0.17
27.0	-65.0	0.0702031	0.1512
31.5	-65.0	0.0778094	0.1488
36.0	-65.0	0.0798012	0.1387
40.5	-65.0	0.0879449	0.1433
45.0	-65.0	0.0855992	0.1432
49.5	-65.0	0.0897744	0.1514
54.0	-65.0	0.0712823	0.1605
58.5	-65.0	0.071701	0.1392
63.0	-65.0	0.0695646	0.1514
67.5	-65.0	0.0647643	0.1639
72.0	-65.0	0.0504489	0.208
76.5	-65.0	0.0442393	0.1775
81.0	-65.0	0.0477977	0.173
85.5	-65.0	0.0563299	0.1758
90.0	-65.0	0.0508071	0.1895
94.5	-65.0	0.031964	0.205
99.0	-65.0	0.0476396	0.1973
103.5	-65.0	0.0310189	0.2185
108.0	-65.0	0.0521847	0.1848
112.5	-65.0	0.0323472	0.204
117.0	-65.0	0.0216736	0.2585
121.5	-65.0	0.0248897	0.2892
126.0	-65.0	0.0226755	0.2181
130.5	-65.0	0.0255262	0.2459
135.0	-65.0	0.0332718	0.2532
139.5	-65.0	0.0382874	0.2595
144.0	-65.0	0.0255932	0.2653
148.5	-65.0	0.017956	0.3062
153.0	-65.0	0.0295617	0.2519
157.5	-65.0	0.0179795	0.2694
162.0	-65.0	0.0168679	0.303
166.5	-65.0	0.0128529	0.3268
171.0	-65.0	0.00922934	0.3859
175.5	-65.0	0.00963228	0.3741
180.0	-65.0	0.00641991	0.4059
184.5	-65.0	0.018702	0.3001
189.0	-65.0	0.00377357	0.4239
193.5	-65.0	0.0150574	0.3734
198.0	-65.0	0.0131727	0.3439
202.5	-65.0	0.00496791	0.4241
207.0	-65.0	0.00790952	0.5087
211.5	-65.0	0.0093489	0.3917
216.0	-65.0	0.00976103	0.4464
220.5	-65.0	0.00858005	0.4736
225.0	-65.0	0.00465833	0.6038
229.5	-65.0	0.00309923	0.5687
234.0	-65.0	0.00793148	0.36
238.5	-65.0	0.00318567	0.6017
243.0	-65.0	0.00594766	0.6176
247.5	-65.0	0.00199882	0.6755
252.0	-65.0	0.000768937	0.3628
256.5	-65.0	0.0028436	0.4972
261.0	-65.0	0.00290833	0.5316
265.5	-65.0	0.0013751	0.7399
270.0	-65.0	0.00167889	0.7385
274.5	-65.0	0.000911674	0.6813
279.0	-65.0	0.00155836	0.4558
283.5	-65.0	0.00231323	0.6417
288.0	-65.0	0.000792117	0.5762
292.5	-65.0	0.00378899	0.6999
297.0	-65.0	0.00470034	0.5167
301.5	-65.0	0.00236418	0.5202
306.0	-65.0	0.000594459	0.8286
310.5	-65.0	0.000149252	0.4596
315.0	-65.0	0.000212868	0.4028
319.5	-65.0	0.00360204	0.5934
324.0	-65.0	0.000320938	0.3496
328.5	-65.0	0.00486192	0.741
333.0	-65.0	0.000869664	0.6256
337.5	-65.0	0.000159464	0.5805
342.0	-65.0	0.00209786	0.7425
346.5	-65.0	0.000595285	0.8497
351.0	-65.0	0.000131229	0.4684
355.5	-65.0	0.00132951	0.9332
360.0	-65.0	0.000852242	0.6956
364.5	-65.0	0.000130732	0.5984
369.0	-65.0	0.00189404	0.8699
373.5	-65.0	8.9542e-05	0.582
378.0	-65.0	5.07186e-05	0.6604
382.5	-65.0	4.07735e-05	0.9991
387.0	-65.0	6.72673e-05	0.6058
391.5	-65.0	0.00024571	0.8309
396.0	-65.0	0.000683132	0.9488
400.5	-65.0	1.18467e-05	1.0
405.0	-65.0	0.00243236	0.9969
409.5	-65.0	4.84925e-05	1.0
414.0	-65.0	5.07481e-06	1.0
418.5	-65.0	5.37586e-05	0.7066
423.0	-65.0	6.5593e-05	0.6202
427.5	-65.0	6.48683e-05	0.7354
432.0	-65.0	4.36917e-05	0.7127
436.5	-65.0	0.00140203	0.6929
441.0	-65.0	9.56404e-05	0.57
445.5	-65.0	0.00123797	0.9818
-450.0	-62.4333	3.4122e-05	1.0
-445.5	-62.4333	7.46368e-05	0.6162
-441.0	-62.4333	6.6063e-06	1.0
-436.5	-62.4333	4.33468e-05	0.6484
-432.0	-62.4333	4.26009e-05	0.7518
-427.5	-62.4333	1.84465e-06	1.0
-423.0	-62.4333	3.01589e-05	0.7567
-418.5	-62.4333	6.94928e-07	1.0
-414.0	-62.4333	9.79243e-05	0.6809
-409.5	-62.4333	3.89268e-05	0.7702
-405.0	-62.4333	8.75442e-05	0.7693
-400.5	-62.4333	3.33586e-05	1.0
-396.0	-62.4333	1.15725e-05	1.0
-391.5	-62.4333	1.33452e-05	1.0
-387.0	-62.4333	5.01447e-06	0.8044
-382.5	-62.4333	0.000176936	0.5298
-378.0	-62.4333	0.00267882	0.9723
-373.5	-62.4333	0.000809241	0.7977
-369.0	-62.4333	0.000173385	0.5473
-364.5	-62.4333	0.00300611	0.7224
-360.0	-62.4333	0.00462238	0.6923
-355.5	-62.4333	0.00112655	0.6672
-351.0	-62.4333	0.00013477	0.478
-346.5	-62.4333	7.03054e-05	0.9146
-342.0	-62.4333	0.000188407	0.4441
-337.5	-62.4333	0.00181188	0.9369
-333.0	-62.4333	0.00169352	0.7586
-328.5	-62.4333	0.000111283	0.669
-324.0	-62.4333	7.43896e-05	0.7226
-319.5	-62.4333	8.00535e-05	0.584
-315.0	-62.4333	0.00010786	0.4788
-310.5	-62.4333	0.000151993	0.4119
-306.0	-62.4333	0.000303014	0.3603
-301.5	-62.4333	0.000163762	0.4164
-297.0	-62.4333	0.000262826	0.4192
-292.5	-62.4333	0.000240383	0.5426
-288.0	-62.4333	0.00213893	0.8636
-283.5	-62.4333	0.000695386	0.7096
-279.0	-62.4333	0.00426574	0.8181
-274.5	-62.4333	0.00330871	0.6813
-270.0	-62.4333	0.000359929	0.4275
-265.5	-62.4333	0.000463286	0.4937
-261.0	-62.4333	0.00158438	0.6206
-256.5	-62.4333	0.00213197	0.5599
-252.0	-62.4333	0.00246082	0.5831
-247.5	-62.4333	0.00265524	0.6765
-243.0	-62.4333	0.00304697	0.6976
-238.5	-62.4333	0.00436755	0.4888
-234.0	-62.4333	0.00399439	0.589
-229.5	-62.4333	0.00381183	0.3895
-225.0	-62.4333	0.00360023	0.5366
-220.5	-62.4333	0.00385928	0.7037
-216.0	-62.4333	0.00743953	0.496
-211.5	-62.4333	0.00527815	0.6443
-207.0	-62.4333	0.00415703	0.6253
-202.5	-62.4333	0.00788845	0.403
-198.0	-62.4333	0.00564664	0.4737
-193.5	-62.4333	0.00246951	0.3313
-189.0	-62.4333	0.00347022	0.4384
-184.5	-62.4333	0.0103152	0.3674
-180.0	-62.4333	0.0120308	0.3825
-175.5	-62.4333	0.0047116	0.4686
-171.0	-62.4333	0.00978116	0.3607
-166.5	-62.4333	0.0116835	0.3535
-162.0	-62.4333	0.0162444	0.3695
-157.5	-62.4333	0.0126854	0.5022
-153.0	-62.4333	0.0198272	0.3355
-148.5	-62.4333	0.0152245	0.3246
-144.0	-62.4333	0.0258022	0.2507
-139.5	-62.4333	0.00879116	0.3395
-135.0	-62.4333	0.0189533	0.2517
-130.5	-62.4333	0.0176238	0.3182
-126.0	-62.4333	0.0296049	0.2352
-121.5	-62.4333	0.0302602	0.2237
-117.0	-62.4333	0.047669	0.1941
-112.5	-62.4333	0.0480138	0.2145
-108.0	-62.4333	0.0491805	0.1786
-103.5	-62.4333	0.0355486	0.2133
-99.0	-62.4333	0.0413594	0.1904
-94.5	-62.4333	0.0367966	0.174
-90.0	-62.4333	0.0459089	0.1811
-85.5	-62.4333	0.0362338	0.2022
-81.0	-62.4333	0.0543581	0.1809
-76.5	-62.4333	0.0473191	0.1955
-72.0	-62.4333	0.0492646	0.1726
-67.5	-62.4333	0.0419388	0.1711
-63.0	-62.4333	0.057182	0.1637
-58.5	-62.4333	0.0578629	0.1568
-54.0	-62.4333	0.0823988	0.1382
-49.5	-62.4333	0.0638426	0.1507
-45.0	-62.4333	0.0830571	0.152
-40.5	-62.4333	0.0885455	0.1336
-36.0	-62.4333	0.0783854	0.1483
-31.5	-62.4333	0.0878309	0.1364
-27.0	-62.4333	0.0843791	0.1423
-22.5	-62.4333	0.0844558	0.14
-18.0	-62.4333	0.0866297	0.1351
-13.5	-62.4333	0.0892554	0.1371
-9.0	-62.4333	0.0778135	0.1443
-4.5	-62.4333	0.0875171	0.1318
0.0	-62.4333	0.0883861	0.143
4.5	-62.4333	0.0899694	0.1358
9.0	-62.4333	0.0877488	0.1398
13.5	-62.4333	0.0948837	0.1267
18.0	-62.4333	0.0741903	0.142
22.5	-62.4333	0.108768	0.1291
27.0	-62.4333	0.0967708	0.1433
31.5	-62.4333	0.0878204	0.1441
36.0	-62.4333	0.094706	0.1298
40.5	-62.4333	0.0858652	0.1368
45.0	-62.4333	0.104658	0.1357
49.5	-62.4333	0.0690653	0.1445
54.0	-62.4333	0.0796158	0.1382
58.5	-62.4333	0.0737293	0.1428
63.0	-62.4333	0.0685063	0.1435
67.5	-62.4333	0.0750709	0.1536
72.0	-62.4333	0.0707347	0.173
76.5	-62.4333	0.0523141	0.1901
81.0	-62.4333	0.055462	0.1729
85.5	-62.4333	0.040689	0.1754
90.0	-62.4333	0.0562216	0.1631
94.5	-62.4333	0.0541704	0.1788
99.0	-62.4333	0.0587378	0.1621
103.5	-62.4333	0.0490708	0.1881
108.0	-62.4333	0.0405894	0.2145
112.5	-62.4333	0.031349	0.1979
117.0	-62.4333	0.024217	0.2223
121.5	-62.4333	0.0209987	0.2661
126.0	-62.4333	0.0243103	0.2337
130.5	-62.4333	0.028779	0.2363
135.0	-62.4333	0.0265299	0.2698
139.5	-62.4333	0.0204003	0.2615
144.0	-62.4333	0.0190418	0.276
148.5	-62.4333	0.0231272	0.2355
153.0	-62.4333	0.0175421	0.3212
157.5	-62.4333	0.02012	0.2862
162.0	-62.4333	0.024142	0.2705
166.5	-62.4333	0.0166982	0.3345
171.0	-62.4333	0.0106802	0.2895
175.5	-62.4333	0.0119582	0.4526
180.0	-62.4333	0.0201194	0.2965
184.5	-62.4333	0.0230445	0.2364
189.0	-62.4333	0.00768215	0.4429
193.5	-62.4333	0.012914	0.3753
198.0	-62.4333	0.017622	0.3054
202.5	-62.4333	0.00803687	0.3808
207.0	-62.4333	0.00576288	0.4817
211.5	-62.4333	0.00967421	0.4266
216.0	-62.4333	0.00541167	0.415
220.5	-62.4333	0.00362556	0.5682
225.0	-62.4333	0.0047253	0.6759
229.5	-62.4333	0.00147222	0.5159
234.0	-62.4333	0.00795684	0.4131
238.5	-62.4333	0.0018825	0.4948
243.0	-62.4333	0.00205292	0.5575
247.5	-62.4333	0.00519487	0.5432
252.0	-62.4333	0.00213697	0.5564
256.5	-62.4333	0.00347317	0.5083
261.0	-62.4333	0.00340396	0.6714
265.5	-62.4333	0.000254167	0.3826
270.0	-62.4333	0.00318726	0.858
274.5	-62.4333	0.00167017	0.7125
279.0	-62.4333	0.0048217	0.5054
283.5	-62.4333	0.0024589	0.6116
288.0	-62.4333	0.00144324	0.961
292.5	-62.4333	0.00144459	0.6008
297.0	-62.4333	0.00160714	0.8559
301.5	-62.4333	0.000494217	0.3706
306.0	-62.4333	0.00188559	0.7854
310.5	-62.4333	0.000269122	0.425
315.0	-62.4333	0.000486106	0.5337
319.5	-62.4333	0.00224035	0.9002
324.0	-62.4333	0.000139207	0.4339
328.5	-62.4333	0.00081888	0.5144
333.0	-62.4333	0.00260917	0.9049
337.5	-62.4333	0.000534842	0.6101
342.0	-62.4333	0.00197502	0.6824
346.5	-62.4333	0.00236492	0.701
351.0	-62.4333	0.00168315	0.9166
355.5	-62.4333	0.000121871	0.4158
360.0	-62.4333	0.000376982	0.8047
364.5	-62.4333	1.98517e-05	0.6105
369.0	-62.4333	0.0018191	0.9022
373.5	-62.4333	7.57963e-05	0.598
378.0	-62.4333	3.23041e-05	0.7423
382.5	-62.4333	1.89307e-05	0.7172
387.0	-62.4333	0.000124676	0.6117
391.5	-62.4333	1.32204e-05	1.0
396.0	-62.4333	4.7801e-05	1.0
400.5	-62.4333	5.58999e-05	1.0
405.0	-62.4333	6.84054e-06	1.0
409.5	-62.4333	1.66492e-05	1.0
414.0	-62.4333	0.0	0.0
418.5	-62.4333	0.00171174	1.0
423.0	-62.4333	0.00107101	0.9804
427.5	-62.4333	7.11828e-06	1.0
432.0	-62.4333	1.00452e-05	1.0
436.5	-62.4333	0.00508445	0.5834
441.0	-62.4333	4.7791e-05	0.6649
445.5	-62.4333	2.15933e-05	0.694
-450.0	-59.8667	6.50072e-05	0.9078
-445.5	-59.8667	0.000115884	0.5812
-441.0	-59.8667	0.000152641	0.9133
-436.5	-59.8667	0.000144892	0.8474
-432.0	-59.8667	6.16511e-05	0.6772
-427.5	-59.8667	0.00113972	1.0
-423.0	-59.8667	3.43226e-05	1.0
-418.5	-59.8667	0.0	0.0
-414.0	-59.8667	2.20513e-05	1.0
-409.5	-59.8667	5.5203e-06	1.0
-405.0	-59.8667	7.75049e-05	1.0
-400.5	-59.8667	3.64089e-05	0.7265
-396.0	-59.8667	3.26128e-05	1.0
-391.5	-59.8667	0.00113521	1.0
-387.0	-59.8667	0.00361083	0.9878
-382.5	-59.8667	0.00370728	0.9623
-378.0	-59.8667	0.00369285	0.9661
-373.5	-59.8667	0.00637509	0.6812
-369.0	-59.8667	0.00468529	0.7817
-364.5	-59.8667	0.00356558	0.899
-360.0	-59.8667	0.000165309	0.4305
-355.5	-59.8667	0.00369663	0.7287
-351.0	-59.8667	0.0014356	0.8977
-346.5	-59.8667	0.000180775	0.3815
-342.0	-59.8667	0.000105716	0.5055
-337.5	-59.8667	0.000135474	0.5353
-333.0	-59.8667	0.000148474	0.4189
-328.5	-59.8667	0.000185706	0.395
-324.0	-59.8667	0.000991864	0.9093
-319.5	-59.8667	0.00104271	0.8437
-315.0	-59.8667	7.55764e-05	0.5808
-310.5	-59.8667	0.000383948	0.4924
-306.0	-59.8667	0.000484372	0.4618
-301.5	-59.8667	0.000103015	0.4724
-297.0	-59.8667	0.00215455	0.6503
-292.5	-59.8667	0.00053005	0.5737
-288.0	-59.8667	0.00240703	0.6091
-283.5	-59.8667	0.00212755	0.9663
-279.0	-59.8667	0.00122427	0.8866
-274.5	-59.8667	0.000283376	0.3109
-270.0	-59.8667	0.00198793	0.8259
-265.5	-59.8667	0.000688867	0.5261
-261.0	-59.8667	0.00116562	0.479
-256.5	-59.8667	0.00313036	0.7392
-252.0	-59.8667	0.00275363	0.5371
-247.5	-59.8667	0.000346805	0.3678
-243.0	-59.8667	0.00057719	0.3323
-238.5	-59.8667	0.00244801	0.8237
-234.0	-59.8667	0.000924244	0.4968
-229.5	-59.8667	0.00460868	0.8579
-225.0	-59.8667	0.00657006	0.4425
-220.5	-59.8667	0.00959034	0.3904
-216.0	-59.8667	0.00729812	0.4815
-211.5	-59.8667	0.0162907	0.3735
-207.0	-59.8667	0.00560842	0.4442
-202.5	-59.8667	0.00286053	0.5333
-198.0	-59.8667	0.00561516	0.4401
-193.5	-59.8667	0.00887221	0.3623
-189.0	-59.8667	0.00384787	0.5743
-184.5	-59.8667	0.0167658	0.4199
-180.0	-59.8667	0.00910905	0.5423
-175.5	-59.8667	0.00739131	0.5554
-171.0	-59.8667	0.00836079	0.4504
-166.5	-59.8667	0.00866045	0.3082
-162.0	-59.8667	0.00910388	0.4018
-157.5	-59.8667	0.0178214	0.3561
-153.0	-59.8667	0.0125833	0.3479
-148.5	-59.8667	0.0189599	0.2933
-144.0	-59.8667	0.0272661	0.2798
-139.5	-59.8667	0.0396307	0.2252
-135.0	-59.8667	0.0195686	0.2793
-130.5	-59.8667	0.0180241	0.2886
-126.0	-59.8667	0.0354597	0.2177
-121.5	-59.8667	0.039218	0.202
-117.0	-59.8667	0.0283482	0.22
-112.5	-59.8667	0.0436137	0.1897
-108.0	-59.8667	0.0487438	0.2073
-103.5	-59.8667	0.0464734	0.1994
-99.0	-59.8667	0.0408397	0.1644
-94.5	-59.8667	0.0741869	0.1485
-90.0	-59.8667	0.0456169	0.1765
-85.5	-59.8667	0.0384388	0.2275
-81.0	-59.8667	0.0412837	0.1898
-76.5	-59.8667	0.0593478	0.1646
-72.0	-59.8667	0.0507346	0.171
-67.5	-59.8667	0.0523263	0.1722
-63.0	-59.8667	0.0677247	0.1685
-58.5	-59.8667	0.0710414	0.1487
-54.0	-59.8667	0.0925329	0.1555
-49.5	-59.8667	0.0643864	0.162
-45.0	-59.8667	0.0910669	0.1493
-40.5	-59.8667	0.0759606	0.1504
-36.0	-59.8667	0.0711527	0.1451
-31.5	-59.8667	0.0708286	0.1487
-27.0	-59.8667	0.0902292	0.1331
-22.5	-59.8667	0.0954572	0.128
-18.0	-59.8667	0.102452	0.1232
-13.5	-59.8667	0.105758	0.1228
-9.0	-59.8667	0.118059	0.1321
-4.5	-59.8667	0.118935	0.127
0.0	-59.8667	0.119835	0.1145
4.5	-59.8667	0.0887056	0.1316
9.0	-59.8667	0.095037	0.1313
13.5	-59.8667	0.105906	0.1329
18.0	-59.8667	0.0958217	0.1317
22.5	-59.8667	0.0999815	0.1288
27.0	-59.8667	0.0847613	0.1371
31.5	-59.8667	0.0953508	0.134
36.0	-59.8667	0.0749804	0.1507
40.5	-59.8667	0.0710782	0.149
45.0	-59.8667	0.0786491	0.1378
49.5	-59.8667	0.077152	0.145
54.0	-59.8667	0.0837346	0.1341
58.5	-59.8667	0.0749713	0.1542
63.0	-59.8667	0.0721099	0.1422
67.5	-59.8667	0.0583149	0.1793
72.0	-59.8667	0.0781264	0.1499
76.5	-59.8667	0.069825	0.1669
81.0	-59.8667	0.0582149	0.1776
85.5	-59.8667	0.0583179	0.1636
90.0	-59.8667	0.0644248	0.1731
94.5	-59.8667	0.0617629	0.1765
99.0	-59.8667	0.038962	0.1916
103.5	-59.8667	0.052363	0.1787
108.0	-59.8667	0.0575817	0.1747
112.5	-59.8667	0.0359604	0.2216
117.0	-59.8667	0.0280981	0.2234
121.5	-59.8667	0.0345509	0.2044
126.0	-59.8667	0.037696	0.202
130.5	-59.8667	0.0365603	0.213
135.0	-59.8667	0.0245009	0.2619
139.5	-59.8667	0.0204526	0.2791
144.0	-59.8667	0.0342003	0.2564
148.5	-59.8667	0.0171347	0.2453
153.0	-59.8667	0.0150689	0.3135
157.5	-59.8667	0.0203423	0.2976
162.0	-59.8667	0.0106637	0.3311
166.5	-59.8667	0.0119805	0.3008
171.0	-59.8667	0.0280878	0.309
175.5	-59.8667	0.024628	0.2738
180.0	-59.8667	0.0144696	0.2718
184.5	-59.8667	0.00825066	0.3918
189.0	-59.8667	0.00691781	0.3262
193.5	-59.8667	0.0089761	0.4754
198.0	-59.8667	0.0148239	0.3809
202.5	-59.8667	0.00245627	0.5669
207.0	-59.8667	0.00591385	0.4181
211.5	-59.8667	0.0100467	0.376
216.0	-59.8667	0.0051618	0.4426
220.5	-59.8667	0.0079682	0.4935
225.0	-59.8667	0.00362796	0.4841
229.5	-59.8667	0.00721816	0.5225
234.0	-59.8667	0.00366881	0.447
238.5	-59.8667	0.00101504	0.5558
243.0	-59.8667	0.00305109	0.8298
247.5	-59.8667	0.00162353	0.4323
252.0	-59.8667	0.00391747	0.602
256.5	-59.8667	0.00281281	0.5264
261.0	-59.8667	0.00488699	0.5946
265.5	-59.8667	0.00513893	0.5169
270.0	-59.8667	0.00513388	0.5197
274.5	-59.8667	0.00337457	0.6531
279.0	-59.8667	0.00347584	0.5347
283.5	-59.8667	0.0020639	0.5535
288.0	-59.8667	0.00321689	0.8932
292.5	-59.8667	0.0011876	0.6128
297.0	-59.8667	0.00438339	0.6359
301.5	-59.8667	0.00171865	0.6045
306.0	-59.8667	0.00082852	0.5086
310.5	-59.8667	0.00428481	0.6953
315.0	-59.8667	0.00157013	0.8966
319.5	-59.8667	0.00433041	0.7657
324.0	-59.8667	0.0013065	0.8345
328.5	-59.8667	0.000683187	0.558
333.0	-59.8667	0.00163028	0.7007
337.5	-59.8667	0.000398772	0.3536
342.0	-59.8667	0.0001969	0.4176
346.5	-59.8667	0.000141946	0.4415
351.0	-59.8667	0.00139193	0.8494
355.5	-59.8667	0.000123973	0.46
360.0	-59.8667	0.000126095	0.4867
364.5	-59.8667	0.00139507	0.6767
369.0	-59.8667	0.000102512	1.0
373.5	-59.8667	0.0	0.0
378.0	-59.8667	4.02794e-05	1.0
382.5	-59.8667	0.000992	0.7387
387.0	-59.8667	0.000123796	0.5656
391.5	-59.8667	5.77419e-05	1.0
396.0	-59.8667	9.28747e-05	0.7074
400.5	-59.8667	0.000207924	0.7867
405.0	-59.8667	1.71096e-05	0.791
409.5	-59.8667	0.0	0.0
414.0	-59.8667	0.00152758	0.9933
418.5	-59.8667	0.000556227	0.9654
423.0	-59.8667	0.0	0.0
427.5	-59.8667	0.0	0.0
432.0	-59.8667	5.60704e-05	0.6145
436.5	-59.8667	0.00237645	0.5833
441.0	-59.8667	8.91744e-06	1.0
445.5	-59.8667	4.56356e-05	0.626
-450.0	-57.3	0.00018127	0.5042
-445.5	-57.3	0.000122792	0.5434
-441.0	-57.3	0.00013335	0.5838
-436.5	-57.3	0.000124139	0.533
-432.0	-57.3	0.000168304	0.8427
-427.5	-57.3	0.000256316	0.6285
-423.0	-57.3	0.000765748	0.8876
-418.5	-57.3	0.0	0.0
-414.0	-57.3	0.0	0.0
-409.5	-57.3	0.0	0.0
-405.0	-57.3	0.0	0.0
-400.5	-57.3	7.81724e-06	1.0
-396.0	-57.3	1.59312e-05	1.0
-391.5	-57.3	1.48434e-05	1.0
-387.0	-57.3	0.0	0.0
-382.5	-57.3	5.40255e-05	0.5936
-378.0	-57.3	6.43103e-05	0.6893
-373.5	-57.3	0.000104359	0.6667
-369.0	-57.3	0.00237959	0.9628
-364.5	-57.3	0.001189	0.8493
-360.0	-57.3	0.000145113	0.4004
-355.5	-57.3	0.000206001	0.4232
-351.0	-57.3	0.000442616	0.7991
-346.5	-57.3	0.00102006	0.8179
-342.0	-57.3	9.79402e-05	0.5411
-337.5	-57.3	0.000104696	0.4937
-333.0	-57.3	0.000177267	0.3885
-328.5	-57.3	0.000294102	0.3122
-324.0	-57.3	0.000145413	0.4869
-319.5	-57.3	0.000362368	0.8187
-315.0	-57.3	0.000319668	0.3681
-310.5	-57.3	0.00025097	0.3937
-306.0	-57.3	0.000321938	0.3486
-301.5	-57.3	0.000584178	0.4755
-297.0	-57.3	0.00140904	0.757
-292.5	-57.3	0.0004493	0.3025
-288.0	-57.3	0.00168952	0.7784
-283.5	-57.3	0.000845607	0.6227
-279.0	-57.3	0.00156205	0.6527
-274.5	-57.3	0.00194516	0.7485
-270.0	-57.3	0.000788579	0.7461
-265.5	-57.3	0.00196019	0.8112
-261.0	-57.3	0.000492908	0.5961
-256.5	-57.3	0.00269571	0.5774
-252.0	-57.3	0.00214904	0.8264
-247.5	-57.3	0.00205606	0.592
-243.0	-57.3	0.00208461	0.5862
-238.5	-57.3	0.00129833	0.5117
-234.0	-57.3	0.00753624	0.6604
-229.5	-57.3	0.00415985	0.5253
-225.0	-57.3	0.0119285	0.5727
-220.5	-57.3	0.00534946	0.5595
-216.0	-57.3	0.00965669	0.6272
-211.5	-57.3	0.00635913	0.3818
-207.0	-57.3	0.0124444	0.4368
-202.5	-57.3	0.0127289	0.35
-198.0	-57.3	0.00633259	0.4549
-193.5	-57.3	0.0147858	0.3285
-189.0	-57.3	0.00451133	0.3853
-184.5	-57.3	0.0131079	0.3617
-180.0	-57.3	0.00933908	0.4353
-175.5	-57.3	0.00769333	0.394
-171.0	-57.3	0.0125299	0.4079
-166.5	-57.3	0.0109659	0.3947
-162.0	-57.3	0.0163808	0.3225
-157.5	-57.3	0.0178013	0.2552
-153.0	-57.3	0.019529	0.3058
-148.5	-57.3	0.0154602	0.3192
-144.0	-57.3	0.0333422	0.255
-139.5	-57.3	0.0240076	0.2501
-135.0	-57.3	0.023037	0.293
-130.5	-57.3	0.0299302	0.2504
-126.0	-57.3	0.035508	0.2244
-121.5	-57.3	0.0291973	0.2407
-117.0	-57.3	0.0315993	0.2303
-112.5	-57.3	0.0291001	0.2418
-108.0	-57.3	0.0361917	0.1946
-103.5	-57.3	0.0450315	0.175
-99.0	-57.3	0.0567642	0.1709
-94.5	-57.3	0.0529558	0.1539
-90.0	-57.3	0.0424021	0.1867
-85.5	-57.3	0.0678101	0.1567
-81.0	-57.3	0.0486592	0.1966
-76.5	-57.3	0.0617354	0.1631
-72.0	-57.3	0.056415	0.1924
-67.5	-57.3	0.0674312	0.1746
-63.0	-57.3	0.0812966	0.1431
-58.5	-57.3	0.0612137	0.1488
-54.0	-57.3	0.088578	0.1336
-49.5	-57.3	0.0730187	0.145
-45.0	-57.3	0.090241	0.1346
-40.5	-57.3	0.0899637	0.1399
-36.0	-57.3	0.0923464	0.131
-31.5	-57.3	0.110973	0.1302
-27.0	-57.3	0.083426	0.1307
-22.5	-57.3	0.0728052	0.1442
-18.0	-57.3	0.129065	0.1211
-13.5	-57.3	0.117008	0.1221
-9.0	-57.3	0.105085	0.12
-4.5	-57.3	0.110915	0.1359
0.0	-57.3	0.118927	0.1212
4.5	-57.3	0.0972688	0.1303
9.0	-57.3	0.0783263	0.1439
13.5	-57.3	0.0963043	0.1317
18.0	-57.3	0.0997097	0.1263
22.5	-57.3	0.0963818	0.1342
27.0	-57.3	0.0767502	0.1348
31.5	-57.3	0.0878794	0.1396
36.0	-57.3	0.0904013	0.1276
40.5	-57.3	0.0965547	0.1371
45.0	-57.3	0.0837377	0.1433
49.5	-57.3	0.0780277	0.1491
54.0	-57.3	0.0612966	0.1494
58.5	-57.3	0.0727917	0.1405
63.0	-57.3	0.0781239	0.1485
67.5	-57.3	0.0770135	0.1444
72.0	-57.3	0.0906105	0.1331
76.5	-57.3	0.0686787	0.1567
81.0	-57.3	0.0718668	0.1525
85.5	-57.3	0.0727348	0.1604
90.0	-57.3	0.0557482	0.1802
94.5	-57.3	0.0588507	0.1734
99.0	-57.3	0.0648528	0.1659
103.5	-57.3	0.0553954	0.1784
108.0	-57.3	0.0508886	0.1614
112.5	-57.3	0.0696855	0.1822
117.0	-57.3	0.038436	0.2109
121.5	-57.3	0.0387767	0.1969
126.0	-57.3	0.0349515	0.2045
130.5	-57.3	0.039018	0.1985
135.0	-57.3	0.0446153	0.2043
139.5	-57.3	0.0274299	0.2246
144.0	-57.3	0.0277644	0.23
148.5	-57.3	0.0286348	0.2321
153.0	-57.3	0.0149517	0.265
157.5	-57.3	0.020116	0.2869
162.0	-57.3	0.0141339	0.2942
166.5	-57.3	0.0198115	0.2546
171.0	-57.3	0.0261253	0.2806
175.5	-57.3	0.0116633	0.3174
180.0	-57.3	0.0137083	0.2873
184.5	-57.3	0.0108847	0.3628
189.0	-57.3	0.0156986	0.3169
193.5	-57.3	0.0144652	0.4058
198.0	-57.3	0.0106105	0.3843
202.5	-57.3	0.011107	0.4044
207.0	-57.3	0.00488889	0.3541
211.5	-57.3	0.00824334	0.4029
216.0	-57.3	0.0108992	0.4171
220.5	-57.3	0.0141131	0.3474
225.0	-57.3	0.00794061	0.4289
229.5	-57.3	0.006217	0.3956
234.0	-57.3	0.00430244	0.4162
238.5	-57.3	0.00403032	0.4719
243.0	-57.3	0.00564388	0.6549
247.5	-57.3	0.00876954	0.3875
252.0	-57.3	0.00746016	0.4613
256.5	-57.3	0.00665022	0.509
261.0	-57.3	0.00329468	0.5954
265.5	-57.3	0.00602589	0.5998
270.0	-57.3	0.00216249	0.6009
274.5	-57.3	0.00543649	0.5676
279.0	-57.3	0.00475496	0.5419
283.5	-57.3	0.00219589	0.6637
288.0	-57.3	0.00352023	0.9076
292.5	-57.3	0.0034082	0.7598
297.0	-57.3	0.00401251	0.9051
301.5	-57.3	0.00323335	0.6002
306.0	-57.3	0.00204125	0.5814
310.5	-57.3	0.00453614	0.9407
315.0	-57.3	0.00564277	0.9403
319.5	-57.3	0.00862292	0.6123
324.0	-57.3	0.00314601	0.5757
328.5	-57.3	0.000118539	0.4769
333.0	-57.3	0.00314989	0.5901
337.5	-57.3	0.00474854	0.5316
342.0	-57.3	9.8185e-05	0.5768
346.5	-57.3	0.000268671	0.3501
351.0	-57.3	0.000135982	0.4173
355.5	-57.3	0.000167069	0.4663
360.0	-57.3	0.00118598	0.8818
364.5	-57.3	5.27343e-05	0.837
369.0	-57.3	0.00134066	0.9481
373.5	-57.3	9.69022e-05	0.7783
378.0	-57.3	0.0	0.0
382.5	-57.3	0.00147138	0.6749
387.0	-57.3	5.41676e-06	1.0
391.5	-57.3	0.00181259	0.9916
396.0	-57.3	0.000220419	0.6711
400.5	-57.3	3.62781e-05	0.9594
405.0	-57.3	3.00561e-05	1.0
409.5	-57.3	5.8893e-05	0.8755
414.0	-57.3	1.95874e-05	1.0
418.5	-57.3	0.0	0.0
423.0	-57.3	0.0	0.0
427.5	-57.3	4.66402e-05	0.7695
432.0	-57.3	0.00124947	0.8599
436.5	-57.3	0.000435069	0.6666
441.0	-57.3	8.38732e-05	0.5954
445.5	-57.3	0.00243816	0.9871
-450.0	-54.7333	0.000228653	0.5379
-445.5	-54.7333	0.00018192	0.4749
-441.0	-54.7333	6.9891e-05	0.494
-436.5	-54.7333	4.30362e-05	0.5261
-432.0	-54.7333	0.000482025	0.8661
-427.5	-54.7333	3.98656e-05	0.7297
-423.0	-54.7333	0.000173353	0.5762
-418.5	-54.7333	0.000162737	0.8651
-414.0	-54.7333	0.000174102	0.7808
-409.5	-54.7333	2.17291e-05	1.0
-405.0	-54.7333	3.56931e-05	0.9252
-400.5	-54.7333	9.03991e-05	0.7443
-396.0	-54.7333	4.0389e-05	0.9279
-391.5	-54.7333	3.5653e-05	0.6772
-387.0	-54.7333	9.12023e-05	0.7072
-382.5	-54.7333	7.70534e-06	1.0
-378.0	-54.7333	7.91618e-05	0.5964
-373.5	-54.7333	2.77434e-05	0.8248
-369.0	-54.7333	0.000141663	0.4854
-364.5	-54.7333	0.00219726	0.96
-360.0	-54.7333	0.00459672	0.742
-355.5	-54.7333	0.00119688	0.6643
-351.0	-54.7333	0.0001773	0.4039
-346.5	-54.7333	0.000193497	0.4199
-342.0	-54.7333	0.000224621	0.3706
-337.5	-54.7333	0.000101779	0.4325
-333.0	-54.7333	0.000210584	0.3587
-328.5	-54.7333	0.00027672	0.2943
-324.0	-54.7333	0.000258947	0.3279
-319.5	-54.7333	0.00168056	0.9354
-315.0	-54.7333	0.000401311	0.3542
-310.5	-54.7333	0.000298854	0.2795
-306.0	-54.7333	0.000786811	0.6971
-301.5	-54.7333	0.00129939	0.9448
-297.0	-54.7333	0.000617677	0.7495
-292.5	-54.7333	0.000598682	0.4523
-288.0	-54.7333	0.00173755	0.7592
-283.5	-54.7333	0.00171062	0.7143
-279.0	-54.7333	0.0012283	0.6065
-274.5	-54.7333	0.00377304	0.4813
-270.0	-54.7333	0.00174425	0.8431
-265.5	-54.7333	0.000469895	0.3192
-261.0	-54.7333	0.00083062	0.6481
-256.5	-54.7333	0.00108231	0.5989
-252.0	-54.7333	0.000665496	0.246
-247.5	-54.7333	0.00330384	0.5886
-243.0	-54.7333	0.00209827	0.5076
-238.5	-54.7333	0.00408495	0.7009
-234.0	-54.7333	0.0086424	0.3897
-229.5	-54.7333	0.002671	0.5343
-225.0	-54.7333	0.00358426	0.7214
-220.5	-54.7333	0.0102502	0.6249
-216.0	-54.7333	0.00527934	0.4823
-211.5	-54.7333	0.00183582	0.5575
-207.0	-54.7333	0.00427196	0.7192
-202.5	-54.7333	0.0112607	0.4328
-198.0	-54.7333	0.00178785	0.2938
-193.5	-54.7333	0.0100089	0.3314
-189.0	-54.7333	0.0151373	0.3589
-184.5	-54.7333	0.0101546	0.3638
-180.0	-54.7333	0.00891301	0.358
-175.5	-54.7333	0.00729998	0.4652
-171.0	-54.7333	0.010833	0.3413
-166.5	-54.7333	0.00759034	0.4641
-162.0	-54.7333	0.0119489	0.3049
-157.5	-54.7333	0.0272436	0.2379
-153.0	-54.7333	0.0135201	0.3559
-148.5	-54.7333	0.0145306	0.3384
-144.0	-54.7333	0.0192544	0.268
-139.5	-54.7333	0.0226106	0.2441
-135.0	-54.7333	0.0224685	0.2567
-130.5	-54.7333	0.0210577	0.2411
-126.0	-54.7333	0.0390901	0.2067
-121.5	-54.7333	0.0258175	0.2442
-117.0	-54.7333	0.026857	0.2107
-112.5	-54.7333	0.0252775	0.2115
-108.0	-54.7333	0.0349945	0.2017
-103.5	-54.7333	0.0347219	0.2022
-99.0	-54.7333	0.049965	0.1996
-94.5	-54.7333	0.0448084	0.1707
-90.0	-54.7333	0.0643976	0.1725
-85.5	-54.7333	0.0882816	0.1397
-81.0	-54.7333	0.0518319	0.1728
-76.5	-54.7333	0.0507907	0.1846
-72.0	-54.7333	0.069057	0.1636
-67.5	-54.7333	0.065703	0.1495
-63.0	-54.7333	0.078863	0.1546
-58.5	-54.7333	0.0754383	0.1877
-54.0	-54.7333	0.0888113	0.1295
-49.5	-54.7333	0.121509	0.1246
-45.0	-54.7333	0.0873475	0.1421
-40.5	-54.7333	0.0974345	0.1458
-36.0	-54.7333	0.089137	0.1416
-31.5	-54.7333	0.1309	0.1172
-27.0	-54.7333	0.104075	0.1205
-22.5	-54.7333	0.0957157	0.136
-18.0	-54.7333	0.126485	0.1176
-13.5	-54.7333	0.107986	0.1266
-9.0	-54.7333	0.112067	0.1361
-4.5	-54.7333	0.103446	0.1264
0.0	-54.7333	0.127028	0.113
4.5	-54.7333	0.104002	0.1254
9.0	-54.7333	0.126727	0.1111
13.5	-54.7333	0.105614	0.1307
18.0	-54.7333	0.118607	0.1229
22.5	-54.7333	0.109726	0.1267
27.0	-54.7333	0.0979781	0.1283
31.5	-54.7333	0.112079	0.1213
36.0	-54.7333	0.104081	0.1358
40.5	-54.7333	0.0956866	0.1281
45.0	-54.7333	0.0874002	0.1312
49.5	-54.7333	0.090952	0.132
54.0	-54.7333	0.0811025	0.142
58.5	-54.7333	0.0655703	0.1437
63.0	-54.7333	0.0827079	0.1468
67.5	-54.7333	0.0839391	0.1412
72.0	-54.7333	0.0747777	0.14
76.5	-54.7333	0.0731871	0.1481
81.0	-54.7333	0.0693468	0.1523
85.5	-54.7333	0.0625966	0.1686
90.0	-54.7333	0.0430882	0.181
94.5	-54.7333	0.0700905	0.1762
99.0	-54.7333	0.0726185	0.1502
103.5	-54.7333	0.0457528	0.1819
108.0	-54.7333	0.0663015	0.1647
112.5	-54.7333	0.0422606	0.1903
117.0	-54.7333	0.0463167	0.1854
121.5	-54.7333	0.038823	0.195
126.0	-54.7333	0.0465767	0.1833
130.5	-54.7333	0.0382009	0.2232
135.0	-54.7333	0.059003	0.184
139.5	-54.7333	0.0420729	0.1903
144.0	-54.7333	0.0286257	0.2264
148.5	-54.7333	0.0327015	0.2367
153.0	-54.7333	0.0283883	0.2626
157.5	-54.7333	0.0117747	0.284
162.0	-54.7333	0.0154987	0.2774
166.5	-54.7333	0.0233135	0.2459
171.0	-54.7333	0.0113315	0.2852
175.5	-54.7333	0.0292135	0.2466
180.0	-54.7333	0.0240173	0.2455
184.5	-54.7333	0.0181878	0.3199
189.0	-54.7333	0.01657	0.2959
193.5	-54.7333	0.0110925	0.3232
198.0	-54.7333	0.00576031	0.4847
202.5	-54.7333	0.00972334	0.377
207.0	-54.7333	0.0124187	0.402
211.5	-54.7333	0.0102647	0.3885
216.0	-54.7333	0.0102084	0.3688
220.5	-54.7333	0.00769449	0.3492
225.0	-54.7333	0.00890284	0.3631
229.5	-54.7333	0.0025841	0.4194
234.0	-54.7333	0.00337243	0.4212
238.5	-54.7333	0.00796741	0.4772
243.0	-54.7333	0.00433141	0.4913
247.5	-54.7333	0.00293556	0.5405
252.0	-54.7333	0.00258458	0.8482
256.5	-54.7333	0.009113	0.4694
261.0	-54.7333	0.00547058	0.7795
265.5	-54.7333	0.00110026	0.7016
270.0	-54.7333	0.00321258	0.6256
274.5	-54.7333	0.00445138	0.5678
279.0	-54.7333	0.00221711	0.6255
283.5	-54.7333	0.000443509	0.3791
288.0	-54.7333	0.000780561	0.8492
292.5	-54.7333	0.00528211	0.7062
297.0	-54.7333	0.000764622	0.6229
301.5	-54.7333	0.00824243	0.5047
306.0	-54.7333	0.00684041	0.794
310.5	-54.7333	0.00126797	0.822
315.0	-54.7333	0.00346753	0.5633
319.5	-54.7333	0.00407416	0.8119
324.0	-54.7333	0.00397239	0.7571
328.5	-54.7333	0.000185886	0.3817
333.0	-54.7333	0.00231432	0.6608
337.5	-54.7333	0.00466779	0.604
342.0	-54.7333	0.00122194	0.538
346.5	-54.7333	0.00381277	0.6814
351.0	-54.7333	6.76583e-05	0.5856
355.5	-54.7333	0.000185563	0.531
360.0	-54.7333	0.00053744	0.7383
364.5	-54.7333	4.08343e-05	0.7604
369.0	-54.7333	2.97546e-05	0.8458
373.5	-54.7333	0.000136075	0.7061
378.0	-54.7333	0.000173029	0.6351
382.5	-54.7333	0.000225192	0.749
387.0	-54.7333	0.00183714	1.0
391.5	-54.7333	0.000265238	0.5646
396.0	-54.7333	0.00249696	0.9584
400.5	-54.7333	0.000132414	0.7452
405.0	-54.7333	1.83902e-05	1.0
409.5	-54.7333	2.76018e-05	0.9747
414.0	-54.7333	0.0	0.0
418.5	-54.7333	3.40245e-05	1.0
423.0	-54.7333	3.89484e-05	0.6136
427.5	-54.7333	0.000136463	0.6671
432.0	-54.7333	6.22666e-05	0.6252
436.5	-54.7333	7.62601e-05	0.5439
441.0	-54.7333	8.84566e-05	0.5949
445.5	-54.7333	0.000678389	0.9025
-450.0	-52.1667	5.44822e-05	0.7072
-445.5	-52.1667	0.000124873	0.8696
-441.0	-52.1667	6.66778e-05	0.7276
-436.5	-52.1667	0.000105144	0.6673
-432.0	-52.1667	0.00224085	0.9811
-427.5	-52.1667	0.0	0.0
-423.0	-52.1667	2.45291e-05	1.0
-418.5	-52.1667	4.6545e-05	0.7521
-414.0	-52.1667	0.00128016	0.9214
-409.5	-52.1667	0.000971849	0.794
-405.0	-52.1667	5.06663e-05	0.7169
-400.5	-52.1667	1.04565e-05	1.0
-396.0	-52.1667	3.83736e-05	0.6196
-391.5	-52.1667	0.00130979	0.9299
-387.0	-52.1667	0.00012314	0.7684
-382.5	-52.1667	0.000130101	0.6696
-378.0	-52.1667	0.000126828	0.5004
-373.5	-52.1667	4.19746e-05	0.6012
-369.0	-52.1667	9.80551e-05	0.7825
-364.5	-52.1667	0.000166485	0.5389
-360.0	-52.1667	0.00314656	0.6696
-355.5	-52.1667	0.00141843	0.9318
-351.0	-52.1667	0.000243144	0.3689
-346.5	-52.1667	0.000978497	0.8151
-342.0	-52.1667	0.000286597	0.4013
-337.5	-52.1667	0.000232625	0.3987
-333.0	-52.1667	0.000258954	0.3485
-328.5	-52.1667	0.000307583	0.3433
-324.0	-52.1667	0.00117551	0.7265
-319.5	-52.1667	0.00255833	0.6703
-315.0	-52.1667	0.000183244	0.445
-310.5	-52.1667	0.000246071	0.3321
-306.0	-52.1667	0.00149278	0.8043
-301.5	-52.1667	0.000895978	0.7391
-297.0	-52.1667	0.00277528	0.5829
-292.5	-52.1667	0.00121868	0.7463
-288.0	-52.1667	0.000424083	0.2875
-283.5	-52.1667	0.000244108	0.3341
-279.0	-52.1667	0.000209508	0.3428
-274.5	-52.1667	0.00183039	0.6126
-270.0	-52.1667	0.000673725	0.3931
-265.5	-52.1667	0.00233474	0.6108
-261.0	-52.1667	0.000242667	0.304
-256.5	-52.1667	0.004364	0.6546
-252.0	-52.1667	0.000534365	0.3276
-247.5	-52.1667	0.00155689	0.4512
-243.0	-52.1667	0.00316723	0.6281
-238.5	-52.1667	0.00505261	0.6373
-234.0	-52.1667	0.00305848	0.4453
-229.5	-52.1667	0.0011718	0.6345
-225.0	-52.1667	0.000493044	0.4272
-220.5	-52.1667	0.00351763	0.5114
-216.0	-52.1667	0.0106483	0.3903
-211.5	-52.1667	0.00422452	0.511
-207.0	-52.1667	0.00214568	0.478
-202.5	-52.1667	0.0131386	0.3423
-198.0	-52.1667	0.00571826	0.4797
-193.5	-52.1667	0.00681674	0.3891
-189.0	-52.1667	0.00763947	0.3659
-184.5	-52.1667	0.0119372	0.3368
-180.0	-52.1667	0.0144543	0.2863
-175.5	-52.1667	0.0118702	0.3655
-171.0	-52.1667	0.0164564	0.2523
-166.5	-52.1667	0.0188497	0.3731
-162.0	-52.1667	0.0188267	0.301
-157.5	-52.1667	0.012301	0.3436
-153.0	-52.1667	0.0137823	0.3327
-148.5	-52.1667	0.0180521	0.2994
-144.0	-52.1667	0.0151968	0.2968
-139.5	-52.1667	0.0181041	0.2691
-135.0	-52.1667	0.0211487	0.2892
-130.5	-52.1667	0.0222803	0.2429
-126.0	-52.1667	0.0296608	0.2675
-121.5	-52.1667	0.0366693	0.2195
-117.0	-52.1667	0.0341477	0.2377
-112.5	-52.1667	0.0433715	0.1883
-108.0	-52.1667	0.0523529	0.2137
-103.5	-52.1667	0.0542933	0.1802
-99.0	-52.1667	0.0489141	0.1799
-94.5	-52.1667	0.0476774	0.1877
-90.0	-52.1667	0.0570822	0.1704
-85.5	-52.1667	0.0559675	0.1739
-81.0	-52.1667	0.0661718	0.151
-76.5	-52.1667	0.0723522	0.1531
-72.0	-52.1667	0.0702008	0.1434
-67.5	-52.1667	0.0727678	0.151
-63.0	-52.1667	0.0897139	0.1399
-58.5	-52.1667	0.0942576	0.2181
-54.0	-52.1667	0.0919841	0.1374
-49.5	-52.1667	0.0977162	0.1341
-45.0	-52.1667	0.0859667	0.135
-40.5	-52.1667	0.106868	0.1214
-36.0	-52.1667	0.114001	0.1217
-31.5	-52.1667	0.115991	0.1222
-27.0	-52.1667	0.109426	0.1313
-22.5	-52.1667	0.0918751	0.1255
-18.0	-52.1667	0.100852	0.1263
-13.5	-52.1667	0.105709	0.1235
-9.0	-52.1667	0.125756	0.1122
-4.5	-52.1667	0.0988309	0.1222
0.0	-52.1667	0.137633	0.1193
4.5	-52.1667	0.112755	0.1138
9.0	-52.1667	0.133267	0.1055
13.5	-52.1667	0.112143	0.1145
18.0	-52.1667	0.132697	0.1128
22.5	-52.1667	0.114191	0.1182
27.0	-52.1667	0.103625	0.1272
31.5	-52.1667	0.107145	0.1206
36.0	-52.1667	0.114651	0.1174
40.5	-52.1667	0.0994253	0.1313
45.0	-52.1667	0.0885812	0.1376
49.5	-52.1667	0.119956	0.122
54.0	-52.1667	0.101468	0.1239
58.5	-52.1667	0.0953224	0.1289
63.0	-52.1667	0.0738517	0.1376
67.5	-52.1667	0.0717174	0.1442
72.0	-52.1667	0.0652773	0.1455
76.5	-52.1667	0.0882609	0.1373
81.0	-52.1667	0.0640817	0.1566
85.5	-52.1667	0.0732195	0.1574
90.0	-52.1667	0.0523205	0.1746
94.5	-52.1667	0.0638307	0.1696
99.0	-52.1667	0.0661677	0.1639
103.5	-52.1667	0.0455326	0.1716
108.0	-52.1667	0.0584867	0.1721
112.5	-52.1667	0.0608643	0.16
117.0	-52.1667	0.04387	0.1792
121.5	-52.1667	0.0446647	0.1969
126.0	-52.1667	0.0355732	0.2084
130.5	-52.1667	0.0398965	0.2083
135.0	-52.1667	0.0428192	0.2149
139.5	-52.1667	0.0313922	0.2131
144.0	-52.1667	0.0251265	0.2518
148.5	-52.1667	0.0315308	0.2403
153.0	-52.1667	0.018079	0.2883
157.5	-52.1667	0.0123935	0.3039
162.0	-52.1667	0.0294699	0.2191
166.5	-52.1667	0.0332289	0.2422
171.0	-52.1667	0.0128576	0.333
175.5	-52.1667	0.0220859	0.2444
180.0	-52.1667	0.0130741	0.3338
184.5	-52.1667	0.0118682	0.3503
189.0	-52.1667	0.011608	0.4185
193.5	-52.1667	0.0102239	0.3252
198.0	-52.1667	0.0108948	0.3888
202.5	-52.1667	0.0158026	0.4204
207.0	-52.1667	0.00603803	0.4038
211.5	-52.1667	0.0111617	0.4035
216.0	-52.1667	0.00466564	0.4749
220.5	-52.1667	0.00236435	0.4566
225.0	-52.1667	0.00857024	0.581
229.5	-52.1667	0.00407311	0.3579
234.0	-52.1667	0.0112483	0.4474
238.5	-52.1667	0.00310648	0.5292
243.0	-52.1667	0.00598161	0.4475
247.5	-52.1667	0.00201759	0.4914
252.0	-52.1667	0.00770286	0.4326
256.5	-52.1667	0.00598951	0.561
261.0	-52.1667	0.00198991	0.7324
265.5	-52.1667	0.00317861	0.7871
270.0	-52.1667	0.0042582	0.4956
274.5	-52.1667	0.0032348	0.6042
279.0	-52.1667	0.00101412	0.6375
283.5	-52.1667	0.00124212	0.7429
288.0	-52.1667	0.00338564	0.937
292.5	-52.1667	0.000530462	0.4027
297.0	-52.1667	0.000200235	0.3901
301.5	-52.1667	0.000978646	0.4752
306.0	-52.1667	0.00394409	0.547
310.5	-52.1667	0.00170912	0.8379
315.0	-52.1667	0.00143217	0.5847
319.5	-52.1667	0.00053269	0.4203
324.0	-52.1667	0.00133233	0.6797
328.5	-52.1667	0.00482037	0.6991
333.0	-52.1667	0.00295324	0.6413
337.5	-52.1667	0.00274811	0.6703
342.0	-52.1667	0.000202622	0.4983
346.5	-52.1667	0.000128505	0.4326
351.0	-52.1667	0.000428915	0.4944
355.5	-52.1667	0.000975785	0.8251
360.0	-52.1667	0.000517915	0.6585
364.5	-52.1667	0.000206835	0.588
369.0	-52.1667	0.000897617	0.8002
373.5	-52.1667	0.000139048	0.5261
378.0	-52.1667	0.000166012	0.435
382.5	-52.1667	0.000315769	0.4967
387.0	-52.1667	0.00029839	0.6087
391.5	-52.1667	0.000101619	0.6876
396.0	-52.1667	1.49577e-05	0.7842
400.5	-52.1667	3.40316e-05	1.0
405.0	-52.1667	3.47806e-06	1.0
409.5	-52.1667	3.04659e-05	1.0
414.0	-52.1667	6.38644e-07	1.0
418.5	-52.1667	0.000104692	0.5802
423.0	-52.1667	0.000384448	0.7107
427.5	-52.1667	0.00338988	0.7057
432.0	-52.1667	0.0056348	0.7254
436.5	-52.1667	0.00429541	0.9337
441.0	-52.1667	0.00403619	0.9916
445.5	-52.1667	0.00571015	0.7433
-450.0	-49.6	4.67397e-05	0.6588
-445.5	-49.6	4.07257e-05	1.0
-441.0	-49.6	0.00146299	0.951
-436.5	-49.6	7.04946e-05	0.6809
-432.0	-49.6	7.61802e-05	0.7176
-427.5	-49.6	0.00160462	0.9853
-423.0	-49.6	0.000800334	0.9777
-418.5	-49.6	2.81888e-05	1.0
-414.0	-49.6	0.0	0.0
-409.5	-49.6	0.000140705	0.5844
-405.0	-49.6	1.09324e-05	0.729
-400.5	-49.6	1.14525e-05	1.0
-396.0	-49.6	0.0001805	0.628
-391.5	-49.6	0.000210708	0.5486
-387.0	-49.6	0.000224594	0.4498
-382.5	-49.6	0.000334851	0.4233
-378.0	-49.6	0.000183879	0.5776
-373.5	-49.6	0.000166662	0.4049
-369.0	-49.6	0.000121955	0.5582
-364.5	-49.6	7.11336e-05	0.4849
-360.0	-49.6	7.47082e-05	0.7637
-355.5	-49.6	5.44051e-05	1.0
-351.0	-49.6	0.000163023	0.5427
-346.5	-49.6	0.000345496	0.697
-342.0	-49.6	0.000319567	0.3512
-337.5	-49.6	0.000253494	0.3984
-333.0	-49.6	0.000386498	0.3234
-328.5	-49.6	0.000218817	0.4585
-324.0	-49.6	0.00378143	0.9062
-319.5	-49.6	0.00247438	0.7482
-315.0	-49.6	0.000434954	0.4187
-310.5	-49.6	0.00032636	0.5178
-306.0	-49.6	0.000519956	0.3959
-301.5	-49.6	0.000298702	0.5524
-297.0	-49.6	0.0023256	0.6218
-292.5	-49.6	0.00210683	0.5848
-288.0	-49.6	0.0013698	0.5461
-283.5	-49.6	0.00151569	0.7466
-279.0	-49.6	0.00162793	0.7383
-274.5	-49.6	0.000761777	0.501
-270.0	-49.6	0.00251331	0.6404
-265.5	-49.6	0.00116395	0.6915
-261.0	-49.6	0.00144102	0.8138
-256.5	-49.6	0.00226919	0.5895
-252.0	-49.6	0.00545646	0.6553
-247.5	-49.6	0.00400482	0.671
-243.0	-49.6	0.00220078	0.7555
-238.5	-49.6	0.0037464	0.6612
-234.0	-49.6	0.00991424	0.4211
-229.5	-49.6	0.00383277	0.4138
-225.0	-49.6	0.0142058	0.4199
-220.5	-49.6	0.00769459	0.5476
-216.0	-49.6	0.00104007	0.2793
-211.5	-49.6	0.00520098	0.8555
-207.0	-49.6	0.00688612	0.4445
-202.5	-49.6	0.0148341	0.398
-198.0	-49.6	0.00395873	0.4256
-193.5	-49.6	0.00630108	0.4477
-189.0	-49.6	0.0151425	0.3433
-184.5	-49.6	0.00583866	0.5723
-180.0	-49.6	0.0196311	0.3067
-175.5	-49.6	0.00744207	0.3888
-171.0	-49.6	0.0171963	0.319
-166.5	-49.6	0.011594	0.2998
-162.0	-49.6	0.0270397	0.3144
-157.5	-49.6	0.0201818	0.3266
-153.0	-49.6	0.0176604	0.2786
-148.5	-49.6	0.0286089	0.221
-144.0	-49.6	0.0271048	0.2479
-139.5	-49.6	0.0349058	0.2231
-135.0	-49.6	0.0382265	0.2131
-130.5	-49.6	0.030955	0.2256
-126.0	-49.6	0.0437145	0.1869
-121.5	-49.6	0.0337921	0.2128
-117.0	-49.6	0.025728	0.2305
-112.5	-49.6	0.0396975	0.2427
-108.0	-49.6	0.0436816	0.1963
-103.5	-49.6	0.0498219	0.1722
-99.0	-49.6	0.0587462	0.1733
-94.5	-49.6	0.0562079	0.1736
-90.0	-49.6	0.0535582	0.1684
-85.5	-49.6	0.0513302	0.1777
-81.0	-49.6	0.0601514	0.1582
-76.5	-49.6	0.0623737	0.1752
-72.0	-49.6	0.0597731	0.1511
-67.5	-49.6	0.0876094	0.135
-63.0	-49.6	0.0651403	0.1478
-58.5	-49.6	0.0966206	0.1328
-54.0	-49.6	0.0906368	0.1248
-49.5	-49.6	0.100473	0.128
-45.0	-49.6	0.102815	0.1211
-40.5	-49.6	0.0852998	0.1367
-36.0	-49.6	0.114359	0.124
-31.5	-49.6	0.142196	0.1188
-27.0	-49.6	0.108088	0.1217
-22.5	-49.6	0.109716	0.1157
-18.0	-49.6	0.119358	0.121
-13.5	-49.6	0.115786	0.1186
-9.0	-49.6	0.125001	0.111
-4.5	-49.6	0.120054	0.1168
0.0	-49.6	0.151338	0.1079
4.5	-49.6	0.116372	0.1168
9.0	-49.6	0.136353	0.1095
13.5	-49.6	0.102682	0.1234
18.0	-49.6	0.123039	0.1141
22.5	-49.6	0.115536	0.1194
27.0	-49.6	0.096859	0.1234
31.5	-49.6	0.117976	0.1152
36.0	-49.6	0.112912	0.1196
40.5	-49.6	0.126273	0.1205
45.0	-49.6	0.0988323	0.1268
49.5	-49.6	0.109464	0.1168
54.0	-49.6	0.0979017	0.1298
58.5	-49.6	0.102417	0.1209
63.0	-49.6	0.0971696	0.1318
67.5	-49.6	0.0810285	0.1384
72.0	-49.6	0.0947365	0.1366
76.5	-49.6	0.076447	0.1452
81.0	-49.6	0.0705297	0.1469
85.5	-49.6	0.0845453	0.1363
90.0	-49.6	0.0741023	0.1518
94.5	-49.6	0.0777326	0.1516
99.0	-49.6	0.0592386	0.1743
103.5	-49.6	0.0488842	0.1569
108.0	-49.6	0.0515929	0.1673
112.5	-49.6	0.0622003	0.1451
117.0	-49.6	0.0890787	0.1765
121.5	-49.6	0.0441819	0.178
126.0	-49.6	0.0470672	0.178
130.5	-49.6	0.0332131	0.2142
135.0	-49.6	0.0312415	0.2133
139.5	-49.6	0.0466444	0.1884
144.0	-49.6	0.037433	0.2026
148.5	-49.6	0.0477203	0.2069
153.0	-49.6	0.0186704	0.2578
157.5	-49.6	0.0270026	0.2554
162.0	-49.6	0.0374423	0.3029
166.5	-49.6	0.0243783	0.2689
171.0	-49.6	0.0246092	0.2634
175.5	-49.6	0.0199069	0.2463
180.0	-49.6	0.0228997	0.252
184.5	-49.6	0.0167791	0.298
189.0	-49.6	0.0132356	0.3255
193.5	-49.6	0.00762864	0.3331
198.0	-49.6	0.00880138	0.4193
202.5	-49.6	0.0115597	0.41
207.0	-49.6	0.0169463	0.4317
211.5	-49.6	0.0086803	0.3876
216.0	-49.6	0.0114005	0.5356
220.5	-49.6	0.00215011	0.4158
225.0	-49.6	0.0101545	0.3717
229.5	-49.6	0.00946449	0.4096
234.0	-49.6	0.00656339	0.4735
238.5	-49.6	0.00645463	0.443
243.0	-49.6	0.00474712	0.5344
247.5	-49.6	0.00517726	0.456
252.0	-49.6	0.00616659	0.3706
256.5	-49.6	0.00313637	0.7449
261.0	-49.6	0.00447452	0.7235
265.5	-49.6	0.00148937	0.5004
270.0	-49.6	0.00327439	0.4791
274.5	-49.6	0.00128923	0.3623
279.0	-49.6	0.00259726	0.6222
283.5	-49.6	0.00479591	0.5385
288.0	-49.6	0.00383864	0.7034
292.5	-49.6	0.0052589	0.664
297.0	-49.6	0.00555065	0.684
301.5	-49.6	0.00224235	0.6876
306.0	-49.6	0.00373716	0.5365
310.5	-49.6	0.000738229	0.538
315.0	-49.6	0.000840205	0.6182
319.5	-49.6	0.00143456	0.7456
324.0	-49.6	0.00213122	0.7112
328.5	-49.6	0.0059582	0.4871
333.0	-49.6	0.00200994	0.5959
337.5	-49.6	0.00178082	0.6299
342.0	-49.6	0.000307705	0.307
346.5	-49.6	0.000733301	0.5224
351.0	-49.6	0.000989469	0.7624
355.5	-49.6	0.00247697	0.8775
360.0	-49.6	0.00021625	0.4335
364.5	-49.6	8.26844e-05	0.7204
369.0	-49.6	0.00160209	0.9243
373.5	-49.6	0.000192382	0.445
378.0	-49.6	0.000153849	0.8184
382.5	-49.6	0.000134461	0.728
387.0	-49.6	0.000154821	0.6442
391.5	-49.6	1.27919e-05	0.7625
396.0	-49.6	3.79234e-05	1.0
400.5	-49.6	2.97638e-06	1.0
405.0	-49.6	0.00014488	0.5896
409.5	-49.6	3.81948e-05	0.7124
414.0	-49.6	0.000115946	0.7231
418.5	-49.6	7.39833e-05	0.6374
423.0	-49.6	0.000336077	0.7587
427.5	-49.6	0.00365616	1.0
432.0	-49.6	0.00192124	0.9821
436.5	-49.6	0.00122802	0.9835
441.0	-49.6	0.00114103	0.9518
445.5	-49.6	0.00249094	0.6988
-450.0	-47.0333	1.74655e-06	1.0
-445.5	-47.0333	1.94217e-05	1.0
-441.0	-47.0333	3.55039e-05	1.0
-436.5	-47.0333	6.98883e-05	0.6064
-432.0	-47.0333	4.29224e-05	1.0
-427.5	-47.0333	6.63655e-05	0.7372
-423.0	-47.0333	0.00021554	0.6693
-418.5	-47.0333	3.74168e-05	0.7098
-414.0	-47.0333	0.0	0.0
-409.5	-47.0333	7.59621e-05	0.8481
-405.0	-47.0333	4.70161e-05	0.7086
-400.5	-47.0333	4.359e-06	1.0
-396.0	-47.0333	5.85337e-06	1.0
-391.5	-47.0333	7.39073e-05	1.0
-387.0	-47.0333	0.000187031	0.5406
-382.5	-47.0333	0.00020087	0.4474
-378.0	-47.0333	0.000134549	0.6185
-373.5	-47.0333	0.000521071	0.4892
-369.0	-47.0333	0.000153967	0.515
-364.5	-47.0333	0.000221854	0.4597
-360.0	-47.0333	0.00016037	0.4969
-355.5	-47.0333	7.65796e-05	0.6766
-351.0	-47.0333	0.000717367	0.8613
-346.5	-47.0333	0.00105486	0.7322
-342.0	-47.0333	0.000155891	0.522
-337.5	-47.0333	0.0013508	0.8123
-333.0	-47.0333	0.00181767	0.7731
-328.5	-47.0333	0.000375727	0.2768
-324.0	-47.0333	0.000250136	0.3743
-319.5	-47.0333	0.000360962	0.3316
-315.0	-47.0333	0.000723402	0.7814
-310.5	-47.0333	0.00522638	0.6623
-306.0	-47.0333	0.00226869	0.8341
-301.5	-47.0333	0.000267839	0.3608
-297.0	-47.0333	0.00220451	0.8258
-292.5	-47.0333	0.00160584	0.5969
-288.0	-47.0333	0.00124207	0.5692
-283.5	-47.0333	0.00279324	0.7282
-279.0	-47.0333	0.00098835	0.7108
-274.5	-47.0333	0.000503743	0.2654
-270.0	-47.0333	0.000249903	0.3187
-265.5	-47.0333	0.00129472	0.6954
-261.0	-47.0333	0.00152457	0.5542
-256.5	-47.0333	0.000286491	0.2805
-252.0	-47.0333	0.00333523	0.8441
-247.5	-47.0333	0.00358163	0.7435
-243.0	-47.0333	0.00439384	0.6652
-238.5	-47.0333	0.00604968	0.5573
-234.0	-47.0333	0.00152417	0.3262
-229.5	-47.0333	0.00699317	0.4835
-225.0	-47.0333	0.00943621	0.3726
-220.5	-47.0333	0.00648719	0.4423
-216.0	-47.0333	0.0101279	0.3996
-211.5	-47.0333	0.00481466	0.479
-207.0	-47.0333	0.00485183	0.5195
-202.5	-47.0333	0.0133917	0.3432
-198.0	-47.0333	0.0074194	0.5831
-193.5	-47.0333	0.0132277	0.4708
-189.0	-47.0333	0.0102794	0.4772
-184.5	-47.0333	0.0140349	0.3914
-180.0	-47.0333	0.0164444	0.3157
-175.5	-47.0333	0.0150415	0.3047
-171.0	-47.0333	0.0130458	0.3244
-166.5	-47.0333	0.00999883	0.3488
-162.0	-47.0333	0.0118928	0.3087
-157.5	-47.0333	0.0229494	0.2729
-153.0	-47.0333	0.0253899	0.2443
-148.5	-47.0333	0.0376449	0.1853
-144.0	-47.0333	0.0271027	0.2212
-139.5	-47.0333	0.0369545	0.1988
-135.0	-47.0333	0.0369034	0.2051
-130.5	-47.0333	0.0468016	0.2099
-126.0	-47.0333	0.056011	0.186
-121.5	-47.0333	0.0387326	0.1945
-117.0	-47.0333	0.0421608	0.1794
-112.5	-47.0333	0.0466489	0.1853
-108.0	-47.0333	0.0530109	0.1816
-103.5	-47.0333	0.0462921	0.1742
-99.0	-47.0333	0.073973	0.1503
-94.5	-47.0333	0.0630277	0.1584
-90.0	-47.0333	0.0537763	0.17
-85.5	-47.0333	0.0677301	0.1794
-81.0	-47.0333	0.0818296	0.1589
-76.5	-47.0333	0.0451872	0.1642
-72.0	-47.0333	0.0799179	0.1508
-67.5	-47.0333	0.0768289	0.1378
-63.0	-47.0333	0.0784753	0.1444
-58.5	-47.0333	0.108422	0.1312
-54.0	-47.0333	0.0892398	0.1339
-49.5	-47.0333	0.101191	0.1287
-45.0	-47.0333	0.0877488	0.1323
-40.5	-47.0333	0.116789	0.1212
-36.0	-47.0333	0.111143	0.1279
-31.5	-47.0333	0.123013	0.1151
-27.0	-47.0333	0.117878	0.1334
-22.5	-47.0333	0.109149	0.1162
-18.0	-47.0333	0.130537	0.1283
-13.5	-47.0333	0.143483	0.1159
-9.0	-47.0333	0.123177	0.1185
-4.5	-47.0333	0.138933	0.1121
0.0	-47.0333	0.202069	0.1478
4.5	-47.0333	0.135491	0.1236
9.0	-47.0333	0.103331	0.1205
13.5	-47.0333	0.136486	0.1167
18.0	-47.0333	0.110541	0.1112
22.5	-47.0333	0.124354	0.1083
27.0	-47.0333	0.116313	0.1084
31.5	-47.0333	0.113512	0.1122
36.0	-47.0333	0.110274	0.1159
40.5	-47.0333	0.0984292	0.13
45.0	-47.0333	0.106679	0.1271
49.5	-47.0333	0.130067	0.1157
54.0	-47.0333	0.125006	0.1244
58.5	-47.0333	0.121049	0.1134
63.0	-47.0333	0.105138	0.1216
67.5	-47.0333	0.119352	0.1196
72.0	-47.0333	0.0914642	0.1348
76.5	-47.0333	0.0710173	0.1502
81.0	-47.0333	0.0854015	0.1521
85.5	-47.0333	0.0860695	0.1379
90.0	-47.0333	0.0805848	0.1337
94.5	-47.0333	0.0566272	0.1562
99.0	-47.0333	0.063153	0.163
103.5	-47.0333	0.0620655	0.1624
108.0	-47.0333	0.0530615	0.1601
112.5	-47.0333	0.064441	0.1525
117.0	-47.0333	0.0415993	0.1845
121.5	-47.0333	0.0548045	0.1655
126.0	-47.0333	0.0563604	0.1664
130.5	-47.0333	0.0446866	0.1913
135.0	-47.0333	0.0403241	0.1992
139.5	-47.0333	0.0464203	0.1766
144.0	-47.0333	0.0381502	0.2037
148.5	-47.0333	0.0362266	0.2103
153.0	-47.0333	0.0448911	0.1951
157.5	-47.0333	0.030506	0.2252
162.0	-47.0333	0.0290889	0.2908
166.5	-47.0333	0.0257584	0.2677
171.0	-47.0333	0.0245859	0.2696
175.5	-47.0333	0.0173332	0.2612
180.0	-47.0333	0.0191155	0.2644
184.5	-47.0333	0.011867	0.2765
189.0	-47.0333	0.0075908	0.3167
193.5	-47.0333	0.0217136	0.3096
198.0	-47.0333	0.0112672	0.3139
202.5	-47.0333	0.00923729	0.4408
207.0	-47.0333	0.0182674	0.256
211.5	-47.0333	0.0159436	0.2898
216.0	-47.0333	0.00731925	0.363
220.5	-47.0333	0.00648087	0.3569
225.0	-47.0333	0.0130939	0.3871
229.5	-47.0333	0.0104348	0.3817
234.0	-47.0333	0.00984952	0.3469
238.5	-47.0333	0.00573238	0.5494
243.0	-47.0333	0.0110358	0.5101
247.5	-47.0333	0.0081274	0.6648
252.0	-47.0333	0.00987016	0.5968
256.5	-47.0333	0.00525918	0.6023
261.0	-47.0333	0.000659124	0.2518
265.5	-47.0333	0.00642171	0.6485
270.0	-47.0333	0.00394788	0.5383
274.5	-47.0333	0.00327963	0.6072
279.0	-47.0333	0.00145987	0.6504
283.5	-47.0333	0.000997711	0.5584
288.0	-47.0333	0.00367245	0.6639
292.5	-47.0333	0.00144011	0.5416
297.0	-47.0333	0.000806233	0.6701
301.5	-47.0333	0.000442819	0.2714
306.0	-47.0333	0.000297583	0.3698
310.5	-47.0333	0.00174189	0.7715
315.0	-47.0333	0.00240402	0.7425
319.5	-47.0333	0.00276454	0.7255
324.0	-47.0333	0.00268841	0.7392
328.5	-47.0333	0.00154762	0.7569
333.0	-47.0333	0.000262304	0.6608
337.5	-47.0333	0.00142445	0.5629
342.0	-47.0333	0.00154883	0.8829
346.5	-47.0333	0.0021611	0.6274
351.0	-47.0333	0.000237867	0.4001
355.5	-47.0333	0.00474976	0.9646
360.0	-47.0333	0.0016814	0.6743
364.5	-47.0333	0.000263699	0.3643
369.0	-47.0333	0.00169063	0.8734
373.5	-47.0333	0.00331722	0.7621
378.0	-47.0333	0.00266428	0.7016
382.5	-47.0333	0.000184124	0.5854
387.0	-47.0333	5.61208e-05	0.7101
391.5	-47.0333	0.0	0.0
396.0	-47.0333	1.11389e-05	0.7076
400.5	-47.0333	5.7037e-06	1.0
405.0	-47.0333	0.000135381	0.4789
409.5	-47.0333	0.000140514	0.6472
414.0	-47.0333	0.000103515	0.681
418.5	-47.0333	6.26564e-05	0.7478
423.0	-47.0333	1.76834e-05	1.0
427.5	-47.0333	0.0	0.0
432.0	-47.0333	2.49034e-05	0.7834
436.5	-47.0333	0.000594455	0.7005
441.0	-47.0333	0.000565453	0.7703
445.5	-47.0333	0.000309047	0.5292
-450.0	-44.4667	4.52783e-05	0.765
-445.5	-44.4667	0.00486735	0.7614
-441.0	-44.4667	2.65248e-05	1.0
-436.5	-44.4667	4.60025e-05	0.7179
-432.0	-44.4667	1.57211e-05	1.0
-427.5	-44.4667	0.000116289	0.5497
-423.0	-44.4667	3.01771e-05	0.9314
-418.5	-44.4667	5.52329e-05	0.809
-414.0	-44.4667	3.35688e-06	1.0
-409.5	-44.4667	0.0	0.0
-405.0	-44.4667	2.10496e-05	1.0
-400.5	-44.4667	6.46826e-05	0.6153
-396.0	-44.4667	0.000114411	1.0
-391.5	-44.4667	0.0	0.0
-387.0	-44.4667	0.00209613	0.9934
-382.5	-44.4667	9.40277e-05	0.5161
-378.0	-44.4667	0.000178979	0.5203
-373.5	-44.4667	0.00220857	0.8367
-369.0	-44.4667	0.000113935	0.5927
-364.5	-44.4667	0.000136304	0.4883
-360.0	-44.4667	0.000156323	0.4765
-355.5	-44.4667	0.000123145	0.4232
-351.0	-44.4667	0.000966143	0.7238
-346.5	-44.4667	0.00097107	0.823
-342.0	-44.4667	0.000107624	0.5276
-337.5	-44.4667	0.00022022	0.4094
-333.0	-44.4667	0.00019504	0.4164
-328.5	-44.4667	0.00189373	0.85
-324.0	-44.4667	0.000574208	0.6506
-319.5	-44.4667	0.000317796	0.3002
-315.0	-44.4667	0.000279814	0.441
-310.5	-44.4667	0.000889567	0.5761
-306.0	-44.4667	0.00347526	0.6658
-301.5	-44.4667	0.00312402	0.8084
-297.0	-44.4667	0.00353988	0.6264
-292.5	-44.4667	0.000473416	0.3492
-288.0	-44.4667	0.00138497	0.7461
-283.5	-44.4667	0.00583773	0.618
-279.0	-44.4667	0.000243957	0.3266
-274.5	-44.4667	0.00345363	0.605
-270.0	-44.4667	0.00113639	0.5394
-265.5	-44.4667	0.00319338	0.5757
-261.0	-44.4667	0.000839234	0.3633
-256.5	-44.4667	0.00791976	0.5066
-252.0	-44.4667	0.00570901	0.4413
-247.5	-44.4667	0.00240875	0.5994
-243.0	-44.4667	0.00182347	0.6669
-238.5	-44.4667	0.0010827	0.3725
-234.0	-44.4667	0.00157539	0.5698
-229.5	-44.4667	0.00501598	0.6291
-225.0	-44.4667	0.00491872	0.5319
-220.5	-44.4667	0.0076871	0.5699
-216.0	-44.4667	0.00288995	0.4256
-211.5	-44.4667	0.00461082	0.3726
-207.0	-44.4667	0.00518127	0.5311
-202.5	-44.4667	0.00607502	0.4165
-198.0	-44.4667	0.0170332	0.3553
-193.5	-44.4667	0.00652033	0.3986
-189.0	-44.4667	0.0114623	0.4332
-184.5	-44.4667	0.0133087	0.475
-180.0	-44.4667	0.0114846	0.4251
-175.5	-44.4667	0.0213307	0.2562
-171.0	-44.4667	0.0132525	0.3448
-166.5	-44.4667	0.0104359	0.4171
-162.0	-44.4667	0.0200728	0.354
-157.5	-44.4667	0.0156606	0.2751
-153.0	-44.4667	0.0279443	0.2584
-148.5	-44.4667	0.0292971	0.2366
-144.0	-44.4667	0.0260813	0.2272
-139.5	-44.4667	0.0335203	0.2255
-135.0	-44.4667	0.0381764	0.211
-130.5	-44.4667	0.0490369	0.2142
-126.0	-44.4667	0.0535606	0.2056
-121.5	-44.4667	0.0456074	0.1861
-117.0	-44.4667	0.061066	0.1807
-112.5	-44.4667	0.0215745	0.208
-108.0	-44.4667	0.0374966	0.1958
-103.5	-44.4667	0.0487726	0.1762
-99.0	-44.4667	0.0607076	0.1799
-94.5	-44.4667	0.0666757	0.1668
-90.0	-44.4667	0.0627911	0.1661
-85.5	-44.4667	0.0732147	0.1722
-81.0	-44.4667	0.0850231	0.1286
-76.5	-44.4667	0.0751467	0.1401
-72.0	-44.4667	0.0834792	0.1498
-67.5	-44.4667	0.0946656	0.1323
-63.0	-44.4667	0.0876247	0.1399
-58.5	-44.4667	0.0755136	0.1433
-54.0	-44.4667	0.0866534	0.1346
-49.5	-44.4667	0.117376	0.1229
-45.0	-44.4667	0.126913	0.116
-40.5	-44.4667	0.129065	0.1444
-36.0	-44.4667	0.118521	0.1193
-31.5	-44.4667	0.124756	0.1157
-27.0	-44.4667	0.11505	0.1249
-22.5	-44.4667	0.139139	0.1078
-18.0	-44.4667	0.124221	0.1171
-13.5	-44.4667	0.155574	0.1515
-9.0	-44.4667	0.124072	0.1144
-4.5	-44.4667	0.131069	0.1107
0.0	-44.4667	0.140792	0.1106
4.5	-44.4667	0.152609	0.1031
9.0	-44.4667	0.116021	0.1132
13.5	-44.4667	0.138779	0.1105
18.0	-44.4667	0.124928	0.1085
22.5	-44.4667	0.123939	0.1068
27.0	-44.4667	0.126485	0.1088
31.5	-44.4667	0.106587	0.1212
36.0	-44.4667	0.123311	0.1105
40.5	-44.4667	0.110261	0.1176
45.0	-44.4667	0.11066	0.1243
49.5	-44.4667	0.0919375	0.1327
54.0	-44.4667	0.101746	0.1139
58.5	-44.4667	0.125239	0.1105
63.0	-44.4667	0.120704	0.1154
67.5	-44.4667	0.0883894	0.1351
72.0	-44.4667	0.094492	0.1267
76.5	-44.4667	0.0841035	0.1471
81.0	-44.4667	0.0805118	0.1397
85.5	-44.4667	0.0766516	0.1307
90.0	-44.4667	0.0740145	0.1412
94.5	-44.4667	0.0888196	0.137
99.0	-44.4667	0.0677702	0.1523
103.5	-44.4667	0.0684454	0.1567
108.0	-44.4667	0.0541956	0.1547
112.5	-44.4667	0.0721593	0.1565
117.0	-44.4667	0.0786456	0.1497
121.5	-44.4667	0.0447084	0.1773
126.0	-44.4667	0.0599052	0.1748
130.5	-44.4667	0.0391263	0.1903
135.0	-44.4667	0.0536227	0.1761
139.5	-44.4667	0.0439648	0.1834
144.0	-44.4667	0.0375583	0.2198
148.5	-44.4667	0.039624	0.2111
153.0	-44.4667	0.0348049	0.2148
157.5	-44.4667	0.0331456	0.2074
162.0	-44.4667	0.0311266	0.1938
166.5	-44.4667	0.0297657	0.2322
171.0	-44.4667	0.0184514	0.2973
175.5	-44.4667	0.0108711	0.3253
180.0	-44.4667	0.018348	0.2922
184.5	-44.4667	0.00816284	0.3122
189.0	-44.4667	0.0213825	0.3178
193.5	-44.4667	0.0261332	0.3301
198.0	-44.4667	0.0136791	0.3175
202.5	-44.4667	0.0102829	0.3647
207.0	-44.4667	0.0153189	0.3315
211.5	-44.4667	0.011152	0.3647
216.0	-44.4667	0.00938623	0.3849
220.5	-44.4667	0.0105024	0.4049
225.0	-44.4667	0.00789178	0.4384
229.5	-44.4667	0.00501601	0.4066
234.0	-44.4667	0.00253375	0.4093
238.5	-44.4667	0.00412844	0.4208
243.0	-44.4667	0.00485049	0.6004
247.5	-44.4667	0.00666895	0.6019
252.0	-44.4667	0.011977	0.3409
256.5	-44.4667	0.00393174	0.4344
261.0	-44.4667	0.000507176	0.2539
265.5	-44.4667	0.00113157	0.6925
270.0	-44.4667	0.0009324	0.6142
274.5	-44.4667	0.00138478	0.7048
279.0	-44.4667	0.00111823	0.5139
283.5	-44.4667	0.0014324	0.5392
288.0	-44.4667	0.00178478	0.5979
292.5	-44.4667	0.00060625	0.3931
297.0	-44.4667	0.00080647	0.3375
301.5	-44.4667	0.000596628	0.2513
306.0	-44.4667	0.000374814	0.2606
310.5	-44.4667	0.00114591	0.5138
315.0	-44.4667	0.00184566	0.7689
319.5	-44.4667	0.00154653	0.7514
324.0	-44.4667	0.00435268	0.6552
328.5	-44.4667	0.000208782	0.3868
333.0	-44.4667	0.00702878	0.4833
337.5	-44.4667	0.00615874	0.5073
342.0	-44.4667	0.00502524	0.5237
346.5	-44.4667	0.000186785	0.4289
351.0	-44.4667	0.00131144	0.8442
355.5	-44.4667	8.85747e-05	0.5633
360.0	-44.4667	0.0001532	0.3916
364.5	-44.4667	0.000152765	0.5449
369.0	-44.4667	8.78204e-05	0.7293
373.5	-44.4667	0.0031038	0.7428
378.0	-44.4667	0.00026576	0.5086
382.5	-44.4667	0.00219263	0.9972
387.0	-44.4667	0.0	0.0
391.5	-44.4667	0.0	0.0
396.0	-44.4667	0.000371276	0.8858
400.5	-44.4667	0.000616099	0.7928
405.0	-44.4667	0.000106574	0.6727
409.5	-44.4667	8.02055e-05	0.7689
414.0	-44.4667	4.71746e-05	1.0
418.5	-44.4667	4.89461e-05	1.0
423.0	-44.4667	0.000110985	0.5317
427.5	-44.4667	2.23143e-05	0.7529
432.0	-44.4667	3.65103e-05	0.6431
436.5	-44.4667	0.00166342	0.9947
441.0	-44.4667	0.000189514	0.6895
445.5	-44.4667	0.000241316	0.5105
-450.0	-41.9	3.24843e-05	0.7438
-445.5	-41.9	0.000256627	0.9832
-441.0	-41.9	0.0	0.0
-436.5	-41.9	0.00580855	0.996
-432.0	-41.9	0.000367344	0.7323
-427.5	-41.9	0.00118315	0.9528
-423.0	-41.9	0.0	0.0
-418.5	-41.9	1.13717e-06	1.0
-414.0	-41.9	7.26469e-05	0.7466
-409.5	-41.9	5.92435e-05	1.0
-405.0	-41.9	5.92435e-05	1.0
-400.5	-41.9	8.65934e-05	0.7214
-396.0	-41.9	0.00012234	0.6081
-391.5	-41.9	0.000168731	0.5194
-387.0	-41.9	0.000164187	0.4795
-382.5	-41.9	0.000169445	0.4884
-378.0	-41.9	9.36098e-05	0.498
-373.5	-41.9	0.00221612	0.9453
-369.0	-41.9	0.00111172	0.9361
-364.5	-41.9	0.0030224	0.9656
-360.0	-41.9	0.00158069	0.8918
-355.5	-41.9	0.000293847	0.3262
-351.0	-41.9	0.000195009	0.4628
-346.5	-41.9	0.000318076	0.3408
-342.0	-41.9	0.000125767	0.6157
-337.5	-41.9	0.000315465	0.4126
-333.0	-41.9	0.000586873	0.498
-328.5	-41.9	0.00046876	0.2756
-324.0	-41.9	0.000274079	0.3178
-319.5	-41.9	0.000506043	0.47
-315.0	-41.9	9.02886e-05	0.4273
-310.5	-41.9	0.000304161	0.4162
-306.0	-41.9	0.00123214	0.7205
-301.5	-41.9	0.000205772	0.3312
-297.0	-41.9	0.00200833	0.7952
-292.5	-41.9	0.000413758	0.305
-288.0	-41.9	0.00333436	0.501
-283.5	-41.9	0.00233602	0.5609
-279.0	-41.9	0.000368009	0.2972
-274.5	-41.9	0.00107439	0.6456
-270.0	-41.9	0.00365194	0.5069
-265.5	-41.9	0.00324349	0.7745
-261.0	-41.9	0.00426164	0.652
-256.5	-41.9	0.00446258	0.5762
-252.0	-41.9	0.00333891	0.7976
-247.5	-41.9	0.00450383	0.684
-243.0	-41.9	0.00229855	0.5989
-238.5	-41.9	0.00327322	0.5963
-234.0	-41.9	0.00490516	0.4426
-229.5	-41.9	0.00435205	0.4814
-225.0	-41.9	0.011622	0.4364
-220.5	-41.9	0.00863368	0.4232
-216.0	-41.9	0.00969789	0.4566
-211.5	-41.9	0.00780668	0.4223
-207.0	-41.9	0.0128353	0.3788
-202.5	-41.9	0.00502279	0.4711
-198.0	-41.9	0.00762607	0.4008
-193.5	-41.9	0.00741408	0.4937
-189.0	-41.9	0.0104267	0.3209
-184.5	-41.9	0.00918429	0.3771
-180.0	-41.9	0.00705792	0.3915
-175.5	-41.9	0.0120183	0.3591
-171.0	-41.9	0.014038	0.3241
-166.5	-41.9	0.0100976	0.3669
-162.0	-41.9	0.0131465	0.336
-157.5	-41.9	0.0150519	0.3279
-153.0	-41.9	0.0244017	0.2673
-148.5	-41.9	0.0232126	0.2394
-144.0	-41.9	0.0250163	0.2351
-139.5	-41.9	0.0259112	0.2415
-135.0	-41.9	0.0298698	0.216
-130.5	-41.9	0.0334255	0.1981
-126.0	-41.9	0.043936	0.2023
-121.5	-41.9	0.0582701	0.1738
-117.0	-41.9	0.0526806	0.1708
-112.5	-41.9	0.061571	0.1738
-108.0	-41.9	0.0625162	0.1731
-103.5	-41.9	0.0512958	0.1834
-99.0	-41.9	0.0581002	0.159
-94.5	-41.9	0.0670414	0.1701
-90.0	-41.9	0.0795693	0.1496
-85.5	-41.9	0.0943335	0.1377
-81.0	-41.9	0.0871508	0.1976
-76.5	-41.9	0.08314	0.1336
-72.0	-41.9	0.0895135	0.1489
-67.5	-41.9	0.0907569	0.1286
-63.0	-41.9	0.112008	0.1273
-58.5	-41.9	0.113728	0.133
-54.0	-41.9	0.106022	0.1216
-49.5	-41.9	0.140968	0.1122
-45.0	-41.9	0.120638	0.1173
-40.5	-41.9	0.106379	0.1162
-36.0	-41.9	0.0970216	0.1193
-31.5	-41.9	0.132278	0.1113
-27.0	-41.9	0.107611	0.1137
-22.5	-41.9	0.133944	0.1072
-18.0	-41.9	0.139845	0.1097
-13.5	-41.9	0.21719	0.2943
-9.0	-41.9	0.155528	0.104
-4.5	-41.9	0.153806	0.1043
0.0	-41.9	0.155274	0.1822
4.5	-41.9	0.141203	0.1124
9.0	-41.9	0.176171	0.104
13.5	-41.9	0.139431	0.1099
18.0	-41.9	0.138792	0.1069
22.5	-41.9	0.136517	0.1137
27.0	-41.9	0.128469	0.1076
31.5	-41.9	0.111676	0.1117
36.0	-41.9	0.147721	0.1096
40.5	-41.9	0.117636	0.1185
45.0	-41.9	0.0971381	0.1237
49.5	-41.9	0.121658	0.1157
54.0	-41.9	0.125024	0.1212
58.5	-41.9	0.112315	0.122
63.0	-41.9	0.108028	0.1312
67.5	-41.9	0.106003	0.1334
72.0	-41.9	0.109338	0.1194
76.5	-41.9	0.101087	0.1543
81.0	-41.9	0.0596498	0.1483
85.5	-41.9	0.0964028	0.1378
90.0	-41.9	0.0842065	0.1363
94.5	-41.9	0.0746844	0.1378
99.0	-41.9	0.0735956	0.1486
103.5	-41.9	0.0735129	0.1541
108.0	-41.9	0.0548876	0.1739
112.5	-41.9	0.0631107	0.1675
117.0	-41.9	0.0569559	0.1475
121.5	-41.9	0.0555946	0.1761
126.0	-41.9	0.0554864	0.1748
130.5	-41.9	0.0443154	0.1794
135.0	-41.9	0.0603625	0.1657
139.5	-41.9	0.0257148	0.2253
144.0	-41.9	0.0424336	0.194
148.5	-41.9	0.0422368	0.2003
153.0	-41.9	0.0505028	0.202
157.5	-41.9	0.0364707	0.2189
162.0	-41.9	0.0339106	0.2123
166.5	-41.9	0.0229467	0.247
171.0	-41.9	0.0326011	0.2229
175.5	-41.9	0.0137625	0.2728
180.0	-41.9	0.0141431	0.2667
184.5	-41.9	0.0179444	0.3001
189.0	-41.9	0.0163598	0.2906
193.5	-41.9	0.0205382	0.3918
198.0	-41.9	0.0147218	0.3315
202.5	-41.9	0.0177113	0.3348
207.0	-41.9	0.00453758	0.3143
211.5	-41.9	0.0098626	0.4473
216.0	-41.9	0.0144272	0.3269
220.5	-41.9	0.0111433	0.4217
225.0	-41.9	0.0130403	0.3915
229.5	-41.9	0.0109264	0.3784
234.0	-41.9	0.0035504	0.5254
238.5	-41.9	0.00139296	0.3943
243.0	-41.9	0.00773517	0.4933
247.5	-41.9	0.0058967	0.459
252.0	-41.9	0.00162805	0.5531
256.5	-41.9	0.00453137	0.511
261.0	-41.9	0.00524592	0.4544
265.5	-41.9	0.00243854	0.549
270.0	-41.9	0.000425194	0.2743
274.5	-41.9	0.00292665	0.5315
279.0	-41.9	0.00144326	0.6033
283.5	-41.9	0.00188797	0.6178
288.0	-41.9	0.00543741	0.5686
292.5	-41.9	0.00136237	0.5476
297.0	-41.9	0.00224864	0.6995
301.5	-41.9	0.00070334	0.5382
306.0	-41.9	0.00035369	0.2842
310.5	-41.9	0.000372776	0.3038
315.0	-41.9	0.00035177	0.2713
319.5	-41.9	0.000326504	0.3422
324.0	-41.9	0.00183299	0.8466
328.5	-41.9	0.00342579	0.6503
333.0	-41.9	0.00321715	0.7392
337.5	-41.9	0.00103382	0.6911
342.0	-41.9	0.000408678	0.313
346.5	-41.9	0.000133066	0.5702
351.0	-41.9	0.000266625	0.3419
355.5	-41.9	4.54761e-05	0.568
360.0	-41.9	0.000151616	0.4902
364.5	-41.9	0.00150827	0.9291
369.0	-41.9	7.90437e-05	0.547
373.5	-41.9	0.00350415	0.6679
378.0	-41.9	0.000956092	0.9027
382.5	-41.9	0.000139514	0.5638
387.0	-41.9	0.000164428	0.6853
391.5	-41.9	0.000647823	0.8478
396.0	-41.9	0.000322364	0.7065
400.5	-41.9	3.47484e-05	0.7139
405.0	-41.9	5.35154e-05	0.901
409.5	-41.9	7.42729e-05	0.7634
414.0	-41.9	0.0047847	0.9932
418.5	-41.9	7.14266e-05	0.7298
423.0	-41.9	0.000382282	0.8382
427.5	-41.9	0.00010722	0.8308
432.0	-41.9	1.81651e-05	1.0
436.5	-41.9	2.54068e-05	0.7934
441.0	-41.9	9.30515e-05	0.6114
445.5	-41.9	0.00011396	0.6187
-450.0	-39.3333	7.2998e-05	0.634
-445.5	-39.3333	4.32379e-05	0.6525
-441.0	-39.3333	7.59126e-05	0.6567
-436.5	-39.3333	1.58643e-05	1.0
-432.0	-39.3333	4.5798e-07	1.0
-427.5	-39.3333	0.000105643	0.5563
-423.0	-39.3333	0.000102623	0.7033
-418.5	-39.3333	8.23378e-05	0.5939
-414.0	-39.3333	3.32467e-06	1.0
-409.5	-39.3333	4.96282e-05	1.0
-405.0	-39.3333	0.00011214	0.6669
-400.5	-39.3333	0.000101349	0.6226
-396.0	-39.3333	0.000102439	0.7074
-391.5	-39.3333	0.000119814	0.5968
-387.0	-39.3333	0.000232629	0.4814
-382.5	-39.3333	0.000215312	0.5422
-378.0	-39.3333	0.00031674	0.3754
-373.5	-39.3333	0.0012592	0.9296
-369.0	-39.3333	9.18817e-05	0.6802
-364.5	-39.3333	9.11498e-05	0.5842
-360.0	-39.3333	0.000155535	0.4159
-355.5	-39.3333	0.000259843	0.3812
-351.0	-39.3333	0.000193901	0.429
-346.5	-39.3333	0.000210007	0.3311
-342.0	-39.3333	0.000135392	0.5457
-337.5	-39.3333	0.000283886	0.3375
-333.0	-39.3333	0.00025069	0.4022
-328.5	-39.3333	0.000356018	0.3193
-324.0	-39.3333	0.000282335	0.3272
-319.5	-39.3333	0.0011259	0.8788
-315.0	-39.3333	0.00033271	0.3196
-310.5	-39.3333	0.000198149	0.3806
-306.0	-39.3333	0.00240523	0.8329
-301.5	-39.3333	0.000367152	0.3381
-297.0	-39.3333	0.000282415	0.342
-292.5	-39.3333	0.0012678	0.5749
-288.0	-39.3333	0.00521087	0.4585
-283.5	-39.3333	0.000497388	0.3281
-279.0	-39.3333	0.0013302	0.7368
-274.5	-39.3333	0.000838816	0.423
-270.0	-39.3333	0.00449111	0.6472
-265.5	-39.3333	0.00142155	0.4472
-261.0	-39.3333	0.00191624	0.5464
-256.5	-39.3333	0.0025223	0.569
-252.0	-39.3333	0.00079159	0.257
-247.5	-39.3333	0.00442752	0.6051
-243.0	-39.3333	0.000487855	0.3151
-238.5	-39.3333	0.0040518	0.6059
-234.0	-39.3333	0.00307433	0.5233
-229.5	-39.3333	0.00387402	0.5511
-225.0	-39.3333	0.00577849	0.4779
-220.5	-39.3333	0.00727025	0.5162
-216.0	-39.3333	0.00620122	0.4463
-211.5	-39.3333	0.011413	0.3744
-207.0	-39.3333	0.00449848	0.6331
-202.5	-39.3333	0.0100034	0.3727
-198.0	-39.3333	0.014294	0.3381
-193.5	-39.3333	0.00598065	0.3765
-189.0	-39.3333	0.0155528	0.3261
-184.5	-39.3333	0.011143	0.3652
-180.0	-39.3333	0.0260275	0.2554
-175.5	-39.3333	0.0151505	0.3104
-171.0	-39.3333	0.0209047	0.3356
-166.5	-39.3333	0.0157848	0.2942
-162.0	-39.3333	0.0251311	0.3198
-157.5	-39.3333	0.0221258	0.2912
-153.0	-39.3333	0.0334626	0.2286
-148.5	-39.3333	0.0197492	0.2725
-144.0	-39.3333	0.0357648	0.2274
-139.5	-39.3333	0.0252529	0.2651
-135.0	-39.3333	0.0407449	0.2172
-130.5	-39.3333	0.0344743	0.2036
-126.0	-39.3333	0.0472282	0.2101
-121.5	-39.3333	0.0347095	0.2067
-117.0	-39.3333	0.0439431	0.1791
-112.5	-39.3333	0.0590443	0.179
-108.0	-39.3333	0.0550561	0.1779
-103.5	-39.3333	0.047373	0.169
-99.0	-39.3333	0.0735758	0.162
-94.5	-39.3333	0.0601352	0.1642
-90.0	-39.3333	0.0682169	0.1437
-85.5	-39.3333	0.0759473	0.1446
-81.0	-39.3333	0.0924999	0.1319
-76.5	-39.3333	0.0711366	0.1427
-72.0	-39.3333	0.088457	0.1425
-67.5	-39.3333	0.0828337	0.1346
-63.0	-39.3333	0.10166	0.1235
-58.5	-39.3333	0.129418	0.1156
-54.0	-39.3333	0.0982586	0.1292
-49.5	-39.3333	0.127852	0.1152
-45.0	-39.3333	0.124231	0.1157
-40.5	-39.3333	0.117094	0.1155
-36.0	-39.3333	0.0888768	0.1224
-31.5	-39.3333	0.11237	0.1087
-27.0	-39.3333	0.125046	0.115
-22.5	-39.3333	0.153213	0.1029
-18.0	-39.3333	0.143288	0.1039
-13.5	-39.3333	0.170071	0.1663
-9.0	-39.3333	0.137346	0.1159
-4.5	-39.3333	0.15537	0.1063
0.0	-39.3333	0.145352	0.1011
4.5	-39.3333	0.139382	0.1058
9.0	-39.3333	0.141689	0.1042
13.5	-39.3333	0.138025	0.1109
18.0	-39.3333	0.123065	0.1093
22.5	-39.3333	0.148378	0.1033
27.0	-39.3333	0.149174	0.1025
31.5	-39.3333	0.102093	0.1119
36.0	-39.3333	0.143037	0.1046
40.5	-39.3333	0.113765	0.1104
45.0	-39.3333	0.124549	0.1119
49.5	-39.3333	0.105352	0.1349
54.0	-39.3333	0.105127	0.1225
58.5	-39.3333	0.113575	0.1278
63.0	-39.3333	0.119858	0.1173
67.5	-39.3333	0.101597	0.1539
72.0	-39.3333	0.125051	0.1191
76.5	-39.3333	0.0813261	0.1386
81.0	-39.3333	0.0923684	0.1275
85.5	-39.3333	0.0820123	0.134
90.0	-39.3333	0.0853177	0.1363
94.5	-39.3333	0.0744488	0.1402
99.0	-39.3333	0.0763832	0.1396
103.5	-39.3333	0.0578411	0.1637
108.0	-39.3333	0.062053	0.1547
112.5	-39.3333	0.0626281	0.1657
117.0	-39.3333	0.0686481	0.1772
121.5	-39.3333	0.0296473	0.2217
126.0	-39.3333	0.0355053	0.1761
130.5	-39.3333	0.0584712	0.1758
135.0	-39.3333	0.0393227	0.1962
139.5	-39.3333	0.0414407	0.1987
144.0	-39.3333	0.0331254	0.206
148.5	-39.3333	0.0277356	0.2238
153.0	-39.3333	0.0309902	0.1959
157.5	-39.3333	0.0359665	0.2126
162.0	-39.3333	0.0344702	0.2284
166.5	-39.3333	0.029821	0.2553
171.0	-39.3333	0.0415023	0.2228
175.5	-39.3333	0.0147464	0.2575
180.0	-39.3333	0.0193592	0.3069
184.5	-39.3333	0.0201577	0.3244
189.0	-39.3333	0.0133704	0.2946
193.5	-39.3333	0.0263357	0.3099
198.0	-39.3333	0.00890423	0.3673
202.5	-39.3333	0.010816	0.3439
207.0	-39.3333	0.0112685	0.3457
211.5	-39.3333	0.00852689	0.376
216.0	-39.3333	0.0069995	0.427
220.5	-39.3333	0.00594626	0.3451
225.0	-39.3333	0.0109188	0.3845
229.5	-39.3333	0.00949547	0.3871
234.0	-39.3333	0.00707362	0.5195
238.5	-39.3333	0.0126783	0.5188
243.0	-39.3333	0.0119004	0.4984
247.5	-39.3333	0.0113266	0.5054
252.0	-39.3333	0.0122641	0.5234
256.5	-39.3333	0.00403191	0.4776
261.0	-39.3333	0.00378376	0.5106
265.5	-39.3333	0.0022367	0.6866
270.0	-39.3333	0.00298949	0.752
274.5	-39.3333	0.00206764	0.7354
279.0	-39.3333	0.00232325	0.7982
283.5	-39.3333	0.000239038	0.3223
288.0	-39.3333	0.00081037	0.6536
292.5	-39.3333	0.0051516	0.5857
297.0	-39.3333	0.00160857	0.5589
301.5	-39.3333	0.00216622	0.7311
306.0	-39.3333	0.00568398	0.6534
310.5	-39.3333	0.00483855	0.7943
315.0	-39.3333	0.00721741	0.6023
319.5	-39.3333	0.00630877	0.6349
324.0	-39.3333	0.00869586	0.5255
328.5	-39.3333	0.00474964	0.4876
333.0	-39.3333	0.0013394	0.6246
337.5	-39.3333	0.000524024	0.2765
342.0	-39.3333	0.00176249	0.9109
346.5	-39.3333	0.00134607	0.8843
351.0	-39.3333	0.000165848	0.3804
355.5	-39.3333	0.00263383	0.9161
360.0	-39.3333	0.000264546	0.3585
364.5	-39.3333	0.00428946	0.5737
369.0	-39.3333	0.0050952	0.6106
373.5	-39.3333	0.00236723	0.9719
378.0	-39.3333	0.0024259	0.9486
382.5	-39.3333	0.00273347	0.8555
387.0	-39.3333	0.00276372	0.8476
391.5	-39.3333	0.00158502	0.9584
396.0	-39.3333	0.0	0.0
400.5	-39.3333	6.64352e-05	0.7774
405.0	-39.3333	4.54109e-05	0.7097
409.5	-39.3333	0.0	0.0
414.0	-39.3333	3.98485e-05	0.9361
418.5	-39.3333	0.0	0.0
423.0	-39.3333	2.87146e-05	1.0
427.5	-39.3333	6.19849e-05	0.7149
432.0	-39.3333	8.282e-05	0.7698
436.5	-39.3333	2.81799e-05	0.6582
441.0	-39.3333	0.000205864	0.4006
445.5	-39.3333	0.000148849	0.4328
-450.0	-36.7667	4.04436e-05	0.7541
-445.5	-36.7667	8.88449e-05	0.5254
-441.0	-36.7667	3.27522e-05	1.0
-436.5	-36.7667	9.23051e-05	1.0
-432.0	-36.7667	0.000133824	0.8307
-427.5	-36.7667	0.000148671	0.6483
-423.0	-36.7667	0.00103534	0.9615
-418.5	-36.7667	3.74852e-05	0.8579
-414.0	-36.7667	6.02227e-05	1.0
-409.5	-36.7667	2.61369e-05	0.7671
-405.0	-36.7667	5.61946e-05	0.6061
-400.5	-36.7667	0.000116228	0.6141
-396.0	-36.7667	9.64399e-05	1.0
-391.5	-36.7667	5.34226e-05	0.7119
-387.0	-36.7667	2.55594e-05	0.8933
-382.5	-36.7667	5.27695e-05	0.9963
-378.0	-36.7667	0.000216526	0.3828
-373.5	-36.7667	0.000279205	0.4587
-369.0	-36.7667	0.000215218	0.4659
-364.5	-36.7667	0.000227325	0.4998
-360.0	-36.7667	0.000652441	0.8939
-355.5	-36.7667	0.000151122	0.3578
-351.0	-36.7667	0.000459161	0.652
-346.5	-36.7667	0.000302596	0.4336
-342.0	-36.7667	0.00141614	0.8479
-337.5	-36.7667	0.000259416	0.4008
-333.0	-36.7667	0.00025913	0.3986
-328.5	-36.7667	0.000244657	0.4651
-324.0	-36.7667	0.00042254	0.3376
-319.5	-36.7667	0.000372633	0.3099
-315.0	-36.7667	0.00027046	0.3499
-310.5	-36.7667	0.000315547	0.3491
-306.0	-36.7667	0.000438402	0.2528
-301.5	-36.7667	0.000466072	0.2597
-297.0	-36.7667	0.000399541	0.3261
-292.5	-36.7667	0.00141756	0.6832
-288.0	-36.7667	0.00210347	0.4963
-283.5	-36.7667	0.00047561	0.2621
-279.0	-36.7667	0.00083542	0.3103
-274.5	-36.7667	0.00100073	0.309
-270.0	-36.7667	0.000447509	0.5563
-265.5	-36.7667	0.00261984	0.5431
-261.0	-36.7667	0.00556118	0.7527
-256.5	-36.7667	0.0128803	0.4299
-252.0	-36.7667	0.00733756	0.4626
-247.5	-36.7667	0.0121926	0.5433
-243.0	-36.7667	0.00422299	0.5234
-238.5	-36.7667	0.00748225	0.4754
-234.0	-36.7667	0.00554115	0.4624
-229.5	-36.7667	0.00660936	0.4135
-225.0	-36.7667	0.00730437	0.4555
-220.5	-36.7667	0.00505241	0.5094
-216.0	-36.7667	0.0101153	0.3823
-211.5	-36.7667	0.0135092	0.3765
-207.0	-36.7667	0.00899616	0.5212
-202.5	-36.7667	0.00815028	0.3705
-198.0	-36.7667	0.0103344	0.3707
-193.5	-36.7667	0.0144587	0.3665
-189.0	-36.7667	0.0154355	0.3526
-184.5	-36.7667	0.00752289	0.2871
-180.0	-36.7667	0.0191645	0.2779
-175.5	-36.7667	0.0228857	0.2661
-171.0	-36.7667	0.020599	0.2999
-166.5	-36.7667	0.0184567	0.2692
-162.0	-36.7667	0.0310098	0.2572
-157.5	-36.7667	0.0120806	0.2835
-153.0	-36.7667	0.0393932	0.2274
-148.5	-36.7667	0.0238195	0.2254
-144.0	-36.7667	0.0279839	0.2423
-139.5	-36.7667	0.0172646	0.2535
-135.0	-36.7667	0.0488251	0.2193
-130.5	-36.7667	0.0282334	0.2418
-126.0	-36.7667	0.0503363	0.1993
-121.5	-36.7667	0.0558333	0.2039
-117.0	-36.7667	0.0662856	0.1544
-112.5	-36.7667	0.0496097	0.177
-108.0	-36.7667	0.0497117	0.1606
-103.5	-36.7667	0.0481049	0.1866
-99.0	-36.7667	0.0750385	0.1468
-94.5	-36.7667	0.0688196	0.1586
-90.0	-36.7667	0.0775925	0.1394
-85.5	-36.7667	0.0807852	0.1478
-81.0	-36.7667	0.0868771	0.1364
-76.5	-36.7667	0.085227	0.1379
-72.0	-36.7667	0.067424	0.1474
-67.5	-36.7667	0.0723265	0.1512
-63.0	-36.7667	0.0973934	0.1256
-58.5	-36.7667	0.106172	0.1511
-54.0	-36.7667	0.104814	0.1181
-49.5	-36.7667	0.102513	0.124
-45.0	-36.7667	0.113313	0.1182
-40.5	-36.7667	0.120848	0.1179
-36.0	-36.7667	0.132896	0.1105
-31.5	-36.7667	0.138421	0.1071
-27.0	-36.7667	0.132352	0.1092
-22.5	-36.7667	0.137948	0.106
-18.0	-36.7667	0.120664	0.1143
-13.5	-36.7667	0.146166	0.1033
-9.0	-36.7667	0.157233	0.1011
-4.5	-36.7667	0.153509	0.108
0.0	-36.7667	0.159312	0.1069
4.5	-36.7667	0.1417	0.1035
9.0	-36.7667	0.116913	0.1114
13.5	-36.7667	0.144226	0.1018
18.0	-36.7667	0.132991	0.0964
22.5	-36.7667	0.157782	0.1037
27.0	-36.7667	0.147249	0.1021
31.5	-36.7667	0.146387	0.1171
36.0	-36.7667	0.150873	0.1071
40.5	-36.7667	0.130626	0.1217
45.0	-36.7667	0.127658	0.1091
49.5	-36.7667	0.136607	0.1183
54.0	-36.7667	0.129577	0.1177
58.5	-36.7667	0.1096	0.1261
63.0	-36.7667	0.120119	0.1222
67.5	-36.7667	0.121546	0.1169
72.0	-36.7667	0.108796	0.1388
76.5	-36.7667	0.113602	0.1163
81.0	-36.7667	0.101084	0.1203
85.5	-36.7667	0.0742799	0.1543
90.0	-36.7667	0.0953363	0.1399
94.5	-36.7667	0.075977	0.1431
99.0	-36.7667	0.0768068	0.1444
103.5	-36.7667	0.0591695	0.1564
108.0	-36.7667	0.0659336	0.1569
112.5	-36.7667	0.0643775	0.1541
117.0	-36.7667	0.0648012	0.1826
121.5	-36.7667	0.0696591	0.1632
126.0	-36.7667	0.0558259	0.1682
130.5	-36.7667	0.0597492	0.1934
135.0	-36.7667	0.0407801	0.2094
139.5	-36.7667	0.0466435	0.1792
144.0	-36.7667	0.0245175	0.267
148.5	-36.7667	0.0537501	0.1748
153.0	-36.7667	0.0314769	0.2058
157.5	-36.7667	0.0174457	0.2479
162.0	-36.7667	0.0325763	0.2311
166.5	-36.7667	0.0303841	0.2241
171.0	-36.7667	0.0199136	0.2498
175.5	-36.7667	0.0124068	0.2974
180.0	-36.7667	0.0211691	0.2914
184.5	-36.7667	0.0217906	0.2699
189.0	-36.7667	0.0210654	0.3146
193.5	-36.7667	0.0125265	0.2986
198.0	-36.7667	0.0140219	0.3681
202.5	-36.7667	0.0131422	0.3173
207.0	-36.7667	0.00823746	0.3432
211.5	-36.7667	0.0169932	0.3255
216.0	-36.7667	0.0107717	0.3765
220.5	-36.7667	0.0114606	0.297
225.0	-36.7667	0.010193	0.432
229.5	-36.7667	0.0079342	0.3776
234.0	-36.7667	0.0106779	0.3559
238.5	-36.7667	0.00836602	0.6535
243.0	-36.7667	0.00285024	0.4182
247.5	-36.7667	0.0037571	0.5338
252.0	-36.7667	0.00221328	0.6847
256.5	-36.7667	0.000909785	0.2367
261.0	-36.7667	0.00592819	0.5778
265.5	-36.7667	0.00234677	0.4527
270.0	-36.7667	0.00322404	0.576
274.5	-36.7667	0.00452557	0.5108
279.0	-36.7667	0.00325533	0.4989
283.5	-36.7667	0.00418118	0.6803
288.0	-36.7667	0.00270367	0.5029
292.5	-36.7667	0.00284569	0.6251
297.0	-36.7667	0.00162802	0.58
301.5	-36.7667	0.00537963	0.5722
306.0	-36.7667	0.000598021	0.4742
310.5	-36.7667	0.000241879	0.4936
315.0	-36.7667	0.00559172	0.7048
319.5	-36.7667	0.00939174	0.628
324.0	-36.7667	0.00984159	0.604
328.5	-36.7667	0.00603018	0.8569
333.0	-36.7667	0.0060945	0.8505
337.5	-36.7667	0.0072236	0.7574
342.0	-36.7667	0.00551353	0.5688
346.5	-36.7667	0.000197112	0.5031
351.0	-36.7667	0.000611839	0.5195
355.5	-36.7667	0.00133505	0.895
360.0	-36.7667	0.000292668	0.3385
364.5	-36.7667	0.00164084	0.6242
369.0	-36.7667	0.000419286	0.5231
373.5	-36.7667	9.11799e-05	0.5302
378.0	-36.7667	0.000570024	0.8805
382.5	-36.7667	0.000384258	0.4909
387.0	-36.7667	0.000124499	0.5497
391.5	-36.7667	6.86666e-05	0.97
396.0	-36.7667	6.82598e-05	0.7759
400.5	-36.7667	6.02738e-05	0.8597
405.0	-36.7667	6.9995e-05	0.6421
409.5	-36.7667	7.21869e-05	0.7092
414.0	-36.7667	3.21247e-05	0.709
418.5	-36.7667	2.42659e-05	1.0
423.0	-36.7667	1.64747e-05	0.9005
427.5	-36.7667	5.42791e-05	1.0
432.0	-36.7667	2.39004e-05	1.0
436.5	-36.7667	0.000140806	0.4314
441.0	-36.7667	0.000118811	0.5085
445.5	-36.7667	9.65027e-05	0.5803
-450.0	-34.2	0.00354127	1.0
-445.5	-34.2	0.00359696	0.9846
-441.0	-34.2	0.00361508	0.9797
-436.5	-34.2	0.00299556	0.99
-432.0	-34.2	1.22052e-05	1.0
-427.5	-34.2	4.79412e-05	0.7071
-423.0	-34.2	0.000131481	0.8416
-418.5	-34.2	0.000959761	0.7685
-414.0	-34.2	0.00127645	0.9777
-409.5	-34.2	0.00256011	0.9743
-405.0	-34.2	0.00118681	0.9064
-400.5	-34.2	1.4771e-06	1.0
-396.0	-34.2	9.37298e-05	0.6892
-391.5	-34.2	0.000155987	0.5605
-387.0	-34.2	0.00020394	0.6353
-382.5	-34.2	0.00011924	0.7728
-378.0	-34.2	0.000221511	0.4999
-373.5	-34.2	0.000240993	0.4632
-369.0	-34.2	0.000186138	0.4529
-364.5	-34.2	0.00025824	0.3882
-360.0	-34.2	0.000139373	0.7669
-355.5	-34.2	0.00252182	0.94
-351.0	-34.2	0.0015006	0.9084
-346.5	-34.2	0.000421463	0.665
-342.0	-34.2	0.00212872	0.7973
-337.5	-34.2	0.000355968	0.3508
-333.0	-34.2	0.00390644	0.9346
-328.5	-34.2	0.000861049	0.7091
-324.0	-34.2	0.000241978	0.4558
-319.5	-34.2	0.000235792	0.4068
-315.0	-34.2	0.000324425	0.4248
-310.5	-34.2	0.000524353	0.3522
-306.0	-34.2	0.000378762	0.2973
-301.5	-34.2	0.00178574	0.8264
-297.0	-34.2	0.000187939	0.3848
-292.5	-34.2	0.000407209	0.3253
-288.0	-34.2	0.00209495	0.7712
-283.5	-34.2	0.00204152	0.8153
-279.0	-34.2	0.000365798	0.332
-274.5	-34.2	0.00232172	0.5635
-270.0	-34.2	0.00439725	0.5199
-265.5	-34.2	0.00173455	0.6084
-261.0	-34.2	0.0129021	0.4476
-256.5	-34.2	0.00737658	0.6247
-252.0	-34.2	0.0132465	0.4884
-247.5	-34.2	0.00797616	0.4682
-243.0	-34.2	0.00186876	0.5983
-238.5	-34.2	0.00416904	0.5616
-234.0	-34.2	0.00359067	0.5218
-229.5	-34.2	0.00649686	0.4297
-225.0	-34.2	0.00197671	0.4112
-220.5	-34.2	0.00312483	0.591
-216.0	-34.2	0.00421465	0.4431
-211.5	-34.2	0.00349756	0.5178
-207.0	-34.2	0.00832768	0.5121
-202.5	-34.2	0.00722965	0.4505
-198.0	-34.2	0.00659607	0.4015
-193.5	-34.2	0.00998322	0.3914
-189.0	-34.2	0.0131818	0.3551
-184.5	-34.2	0.0115689	0.3536
-180.0	-34.2	0.0131232	0.3277
-175.5	-34.2	0.0130113	0.3478
-171.0	-34.2	0.029422	0.2637
-166.5	-34.2	0.0248868	0.2901
-162.0	-34.2	0.0219654	0.2513
-157.5	-34.2	0.0268146	0.235
-153.0	-34.2	0.0256055	0.2414
-148.5	-34.2	0.0342134	0.2114
-144.0	-34.2	0.0374069	0.2042
-139.5	-34.2	0.0252801	0.2239
-135.0	-34.2	0.0395941	0.2039
-130.5	-34.2	0.0331051	0.2288
-126.0	-34.2	0.0367467	0.217
-121.5	-34.2	0.0399254	0.1886
-117.0	-34.2	0.0736429	0.1446
-112.5	-34.2	0.0519157	0.1755
-108.0	-34.2	0.0735214	0.1736
-103.5	-34.2	0.0398498	0.1712
-99.0	-34.2	0.0712445	0.1687
-94.5	-34.2	0.0602325	0.1527
-90.0	-34.2	0.075193	0.1572
-85.5	-34.2	0.0935131	0.1403
-81.0	-34.2	0.0911104	0.1404
-76.5	-34.2	0.0867894	0.1448
-72.0	-34.2	0.112717	0.1125
-67.5	-34.2	0.100228	0.125
-63.0	-34.2	0.0925829	0.1371
-58.5	-34.2	0.107748	0.1168
-54.0	-34.2	0.106232	0.1193
-49.5	-34.2	0.125976	0.1114
-45.0	-34.2	0.106265	0.1171
-40.5	-34.2	0.12519	0.1123
-36.0	-34.2	0.128511	0.1137
-31.5	-34.2	0.126228	0.1172
-27.0	-34.2	0.157722	0.1036
-22.5	-34.2	0.148204	0.1067
-18.0	-34.2	0.189412	0.1054
-13.5	-34.2	0.144271	0.1077
-9.0	-34.2	0.159493	0.0975
-4.5	-34.2	0.148108	0.1089
0.0	-34.2	0.171815	0.1006
4.5	-34.2	0.13305	0.1065
9.0	-34.2	0.196269	0.0971
13.5	-34.2	0.13006	0.1094
18.0	-34.2	0.166469	0.1021
22.5	-34.2	0.167208	0.0988
27.0	-34.2	0.14914	0.1145
31.5	-34.2	0.128535	0.1107
36.0	-34.2	0.139371	0.1054
40.5	-34.2	0.121984	0.1142
45.0	-34.2	0.128234	0.1109
49.5	-34.2	0.118294	0.1142
54.0	-34.2	0.0903766	0.1208
58.5	-34.2	0.120317	0.1276
63.0	-34.2	0.121405	0.1231
67.5	-34.2	0.102958	0.1286
72.0	-34.2	0.076084	0.1361
76.5	-34.2	0.104807	0.1265
81.0	-34.2	0.0936161	0.1372
85.5	-34.2	0.105321	0.1375
90.0	-34.2	0.105753	0.1431
94.5	-34.2	0.0622252	0.1371
99.0	-34.2	0.0713966	0.1465
103.5	-34.2	0.0799531	0.1513
108.0	-34.2	0.0593257	0.1565
112.5	-34.2	0.06126	0.1586
117.0	-34.2	0.0594707	0.1454
121.5	-34.2	0.0488763	0.1674
126.0	-34.2	0.0560304	0.1591
130.5	-34.2	0.0512278	0.1692
135.0	-34.2	0.0327513	0.2023
139.5	-34.2	0.0428659	0.197
144.0	-34.2	0.0440817	0.2099
148.5	-34.2	0.0428406	0.1816
153.0	-34.2	0.0280353	0.2358
157.5	-34.2	0.0394564	0.2145
162.0	-34.2	0.0443916	0.182
166.5	-34.2	0.0230462	0.2344
171.0	-34.2	0.0253928	0.2652
175.5	-34.2	0.0333344	0.2558
180.0	-34.2	0.0225098	0.2577
184.5	-34.2	0.0202573	0.2854
189.0	-34.2	0.0201596	0.2703
193.5	-34.2	0.0179667	0.2788
198.0	-34.2	0.0183436	0.2909
202.5	-34.2	0.0158812	0.3505
207.0	-34.2	0.00741543	0.4232
211.5	-34.2	0.0121189	0.3262
216.0	-34.2	0.00984083	0.3053
220.5	-34.2	0.00851354	0.3688
225.0	-34.2	0.0105745	0.3507
229.5	-34.2	0.00507725	0.3952
234.0	-34.2	0.00305102	0.3793
238.5	-34.2	0.00273004	0.6435
243.0	-34.2	0.00302379	0.4202
247.5	-34.2	0.0114773	0.3914
252.0	-34.2	0.000856559	0.203
256.5	-34.2	0.000611746	0.233
261.0	-34.2	0.00920084	0.5835
265.5	-34.2	0.00501648	0.5112
270.0	-34.2	0.000992642	0.2636
274.5	-34.2	0.00265881	0.426
279.0	-34.2	0.0073057	0.5883
283.5	-34.2	0.0047108	0.6395
288.0	-34.2	0.00202016	0.6108
292.5	-34.2	0.00134398	0.4579
297.0	-34.2	0.00473004	0.469
301.5	-34.2	0.00406441	0.6869
306.0	-34.2	0.0036204	0.7684
310.5	-34.2	0.000704568	0.3852
315.0	-34.2	0.000814634	0.481
319.5	-34.2	0.00564678	0.5047
324.0	-34.2	0.00592513	0.6054
328.5	-34.2	0.00167443	0.8872
333.0	-34.2	0.00494203	0.5921
337.5	-34.2	0.000399422	0.3063
342.0	-34.2	0.000692432	0.6432
346.5	-34.2	0.00123035	0.8619
351.0	-34.2	0.00148096	0.78
355.5	-34.2	0.000329776	0.3886
360.0	-34.2	0.000228793	0.3599
364.5	-34.2	0.00015955	0.3936
369.0	-34.2	0.000266821	0.3703
373.5	-34.2	0.000191439	0.5169
378.0	-34.2	0.000177356	0.4736
382.5	-34.2	0.00128559	0.9371
387.0	-34.2	9.06559e-05	0.7154
391.5	-34.2	5.69945e-05	0.7157
396.0	-34.2	7.99847e-05	0.6975
400.5	-34.2	0.00016141	0.4558
405.0	-34.2	4.361e-05	0.8401
409.5	-34.2	5.78096e-06	1.0
414.0	-34.2	5.96011e-06	1.0
418.5	-34.2	1.4935e-05	1.0
423.0	-34.2	0.00139256	0.9481
427.5	-34.2	7.77851e-05	0.5339
432.0	-34.2	8.73099e-06	1.0
436.5	-34.2	0.000110796	0.5536
441.0	-34.2	4.60521e-05	0.7599
445.5	-34.2	0.00226159	0.972
-450.0	-31.6333	9.28652e-05	0.5451
-445.5	-31.6333	8.65555e-06	1.0
-441.0	-31.6333	6.76242e-05	0.7843
-436.5	-31.6333	9.3234e-05	0.6341
-432.0	-31.6333	9.88042e-05	0.7734
-427.5	-31.6333	3.14492e-05	1.0
-423.0	-31.6333	0.0	0.0
-418.5	-31.6333	2.39293e-05	1.0
-414.0	-31.6333	0.0	0.0
-409.5	-31.6333	0.00267562	1.0
-405.0	-31.6333	8.01297e-07	1.0
-400.5	-31.6333	0.000115819	0.6782
-396.0	-31.6333	7.09664e-05	0.6587
-391.5	-31.6333	5.24618e-05	0.7089
-387.0	-31.6333	5.9742e-05	0.8347
-382.5	-31.6333	6.13923e-05	0.9449
-378.0	-31.6333	1.42285e-05	0.9755
-373.5	-31.6333	0.000218651	0.4813
-369.0	-31.6333	0.00024107	0.5417
-364.5	-31.6333	0.000332128	0.4433
-360.0	-31.6333	0.000191726	0.6617
-355.5	-31.6333	0.000304738	0.5427
-351.0	-31.6333	0.000179952	0.5871
-346.5	-31.6333	0.000206873	0.4035
-342.0	-31.6333	8.4302e-05	0.5937
-337.5	-31.6333	0.000257641	0.3369
-333.0	-31.6333	0.000123975	0.3985
-328.5	-31.6333	0.00468422	0.954
-324.0	-31.6333	0.00410522	0.9261
-319.5	-31.6333	0.000201783	0.3437
-315.0	-31.6333	0.000226621	0.3817
-310.5	-31.6333	0.000531849	0.459
-306.0	-31.6333	0.000327435	0.3054
-301.5	-31.6333	0.00231449	0.516
-297.0	-31.6333	0.000827385	0.4697
-292.5	-31.6333	0.00204083	0.5594
-288.0	-31.6333	0.00100344	0.6436
-283.5	-31.6333	0.00063188	0.2877
-279.0	-31.6333	0.00252927	0.7803
-274.5	-31.6333	0.00202376	0.4394
-270.0	-31.6333	0.00503274	0.6056
-265.5	-31.6333	0.00133279	0.6941
-261.0	-31.6333	0.000776001	0.293
-256.5	-31.6333	0.00982881	0.5193
-252.0	-31.6333	0.00135445	0.5403
-247.5	-31.6333	0.00490092	0.5568
-243.0	-31.6333	0.00509954	0.6791
-238.5	-31.6333	0.00461983	0.4665
-234.0	-31.6333	0.0129381	0.4026
-229.5	-31.6333	0.0133618	0.3934
-225.0	-31.6333	0.0124529	0.3595
-220.5	-31.6333	0.00409488	0.4432
-216.0	-31.6333	0.00614917	0.4775
-211.5	-31.6333	0.00708264	0.429
-207.0	-31.6333	0.0136041	0.3662
-202.5	-31.6333	0.0120739	0.4694
-198.0	-31.6333	0.00830327	0.4176
-193.5	-31.6333	0.00978276	0.3496
-189.0	-31.6333	0.0153955	0.3162
-184.5	-31.6333	0.0174813	0.3014
-180.0	-31.6333	0.0207501	0.2431
-175.5	-31.6333	0.0156934	0.2762
-171.0	-31.6333	0.011506	0.3407
-166.5	-31.6333	0.0202936	0.3665
-162.0	-31.6333	0.0219999	0.2664
-157.5	-31.6333	0.0260273	0.2424
-153.0	-31.6333	0.02678	0.2643
-148.5	-31.6333	0.0199227	0.2446
-144.0	-31.6333	0.039172	0.2257
-139.5	-31.6333	0.0511294	0.187
-135.0	-31.6333	0.0470607	0.1984
-130.5	-31.6333	0.0439243	0.1993
-126.0	-31.6333	0.0385054	0.2154
-121.5	-31.6333	0.058474	0.1651
-117.0	-31.6333	0.0627319	0.1685
-112.5	-31.6333	0.0585214	0.1661
-108.0	-31.6333	0.0615905	0.1478
-103.5	-31.6333	0.0615575	0.1573
-99.0	-31.6333	0.0529172	0.1615
-94.5	-31.6333	0.0748083	0.1546
-90.0	-31.6333	0.0994321	0.1353
-85.5	-31.6333	0.0821238	0.1486
-81.0	-31.6333	0.0921793	0.1492
-76.5	-31.6333	0.0748405	0.1312
-72.0	-31.6333	0.104933	0.1199
-67.5	-31.6333	0.125946	0.1259
-63.0	-31.6333	0.106127	0.1249
-58.5	-31.6333	0.12961	0.1135
-54.0	-31.6333	0.105661	0.1159
-49.5	-31.6333	0.117807	0.1231
-45.0	-31.6333	0.134547	0.1279
-40.5	-31.6333	0.140286	0.1076
-36.0	-31.6333	0.15201	0.1027
-31.5	-31.6333	0.12887	0.106
-27.0	-31.6333	0.160573	0.1015
-22.5	-31.6333	0.177132	0.0994
-18.0	-31.6333	0.186308	0.0949
-13.5	-31.6333	0.173866	0.1006
-9.0	-31.6333	0.141542	0.107
-4.5	-31.6333	0.169603	0.1078
0.0	-31.6333	0.168192	0.0945
4.5	-31.6333	0.164378	0.1031
9.0	-31.6333	0.166724	0.1042
13.5	-31.6333	0.145009	0.1034
18.0	-31.6333	0.138643	0.1082
22.5	-31.6333	0.165158	0.1071
27.0	-31.6333	0.160109	0.0995
31.5	-31.6333	0.148996	0.097
36.0	-31.6333	0.137996	0.1029
40.5	-31.6333	0.140984	0.1133
45.0	-31.6333	0.151751	0.1078
49.5	-31.6333	0.110438	0.115
54.0	-31.6333	0.115385	0.1189
58.5	-31.6333	0.118827	0.1137
63.0	-31.6333	0.112837	0.1251
67.5	-31.6333	0.122624	0.1178
72.0	-31.6333	0.111989	0.1248
76.5	-31.6333	0.122373	0.1199
81.0	-31.6333	0.0856445	0.133
85.5	-31.6333	0.0719777	0.1386
90.0	-31.6333	0.106293	0.1324
94.5	-31.6333	0.0678105	0.1397
99.0	-31.6333	0.0873597	0.1554
103.5	-31.6333	0.0808444	0.1421
108.0	-31.6333	0.0738082	0.1561
112.5	-31.6333	0.0533115	0.1612
117.0	-31.6333	0.0516384	0.1667
121.5	-31.6333	0.0424035	0.1738
126.0	-31.6333	0.0559915	0.1563
130.5	-31.6333	0.0618344	0.1538
135.0	-31.6333	0.0559812	0.1746
139.5	-31.6333	0.0602267	0.1575
144.0	-31.6333	0.0271573	0.2265
148.5	-31.6333	0.052446	0.1921
153.0	-31.6333	0.0256237	0.2399
157.5	-31.6333	0.0461993	0.1821
162.0	-31.6333	0.0343852	0.2247
166.5	-31.6333	0.0287242	0.2125
171.0	-31.6333	0.019886	0.2993
175.5	-31.6333	0.0255081	0.2383
180.0	-31.6333	0.0113102	0.295
184.5	-31.6333	0.00968243	0.3036
189.0	-31.6333	0.0133661	0.2955
193.5	-31.6333	0.0222046	0.2577
198.0	-31.6333	0.0159327	0.291
202.5	-31.6333	0.0193197	0.3162
207.0	-31.6333	0.0252831	0.318
211.5	-31.6333	0.0118081	0.3546
216.0	-31.6333	0.0146956	0.3541
220.5	-31.6333	0.0110864	0.3407
225.0	-31.6333	0.00925518	0.38
229.5	-31.6333	0.00972707	0.4058
234.0	-31.6333	0.0145425	0.4219
238.5	-31.6333	0.00498115	0.3854
243.0	-31.6333	0.0105918	0.3549
247.5	-31.6333	0.00613926	0.3919
252.0	-31.6333	0.00612291	0.4817
256.5	-31.6333	0.00906154	0.4971
261.0	-31.6333	0.0127204	0.4889
265.5	-31.6333	0.00625435	0.4364
270.0	-31.6333	0.00405529	0.5156
274.5	-31.6333	0.00744439	0.5488
279.0	-31.6333	0.00650719	0.4625
283.5	-31.6333	0.00309795	0.4968
288.0	-31.6333	0.00454716	0.5117
292.5	-31.6333	0.00143196	0.6431
297.0	-31.6333	0.00786851	0.4554
301.5	-31.6333	0.00304172	0.5231
306.0	-31.6333	0.00210128	0.4624
310.5	-31.6333	0.00121177	0.612
315.0	-31.6333	0.00372215	0.5152
319.5	-31.6333	0.00179889	0.8127
324.0	-31.6333	0.00029678	0.3196
328.5	-31.6333	0.00149727	0.7632
333.0	-31.6333	0.000486185	0.5342
337.5	-31.6333	0.00025829	0.361
342.0	-31.6333	0.000455328	0.591
346.5	-31.6333	0.000231615	0.4436
351.0	-31.6333	0.000265347	0.3651
355.5	-31.6333	0.000844062	0.7052
360.0	-31.6333	0.000495964	0.6698
364.5	-31.6333	0.000277306	0.4311
369.0	-31.6333	0.000857507	0.7214
373.5	-31.6333	0.000144643	0.4885
378.0	-31.6333	0.00238581	0.9284
382.5	-31.6333	5.36063e-05	0.9771
387.0	-31.6333	5.13081e-05	0.6424
391.5	-31.6333	0.000106113	0.626
396.0	-31.6333	0.00011912	0.5519
400.5	-31.6333	0.0	0.0
405.0	-31.6333	3.54233e-05	1.0
409.5	-31.6333	0.00255487	1.0
414.0	-31.6333	0.000629763	0.9266
418.5	-31.6333	0.00181641	0.7867
423.0	-31.6333	0.000123564	0.6184
427.5	-31.6333	8.26993e-05	0.5705
432.0	-31.6333	0.000149565	0.549
436.5	-31.6333	0.00207281	0.9369
441.0	-31.6333	0.00339077	0.733
445.5	-31.6333	0.000756866	0.6631
-450.0	-29.0667	3.53957e-05	0.8624
-445.5	-29.0667	1.99723e-05	1.0
-441.0	-29.0667	0.000705379	0.8928
-436.5	-29.0667	7.34743e-05	0.7265
-432.0	-29.0667	0.000110651	0.7145
-427.5	-29.0667	0.000136132	0.5147
-423.0	-29.0667	7.25457e-05	0.9828
-418.5	-29.0667	6.57992e-05	0.731
-414.0	-29.0667	0.000193145	1.0
-409.5	-29.0667	0.00209163	1.0
-405.0	-29.0667	0.0	0.0
-400.5	-29.0667	3.72699e-05	0.7741
-396.0	-29.0667	4.4179e-05	1.0
-391.5	-29.0667	4.04565e-05	0.7204
-387.0	-29.0667	8.89998e-05	0.5846
-382.5	-29.0667	0.000158639	0.5002
-378.0	-29.0667	4.78379e-05	0.7083
-373.5	-29.0667	2.98024e-05	0.8413
-369.0	-29.0667	8.30301e-05	0.5764
-364.5	-29.0667	7.70442e-05	0.5934
-360.0	-29.0667	0.000163936	0.4746
-355.5	-29.0667	0.000186827	0.3688
-351.0	-29.0667	0.000147389	0.3873
-346.5	-29.0667	0.00027821	0.3024
-342.0	-29.0667	0.000306399	0.3378
-337.5	-29.0667	0.000227259	0.3457
-333.0	-29.0667	0.000309742	0.3176
-328.5	-29.0667	0.000263581	0.2973
-324.0	-29.0667	0.00162599	0.8344
-319.5	-29.0667	0.000426762	0.3722
-315.0	-29.0667	0.000286062	0.433
-310.5	-29.0667	0.0019123	0.8
-306.0	-29.0667	0.000300927	0.2937
-301.5	-29.0667	0.0021868	0.609
-297.0	-29.0667	0.00148267	0.7434
-292.5	-29.0667	0.000218942	0.377
-288.0	-29.0667	0.00114739	0.8113
-283.5	-29.0667	0.00162544	0.7413
-279.0	-29.0667	0.00342357	0.6155
-274.5	-29.0667	0.00466377	0.6608
-270.0	-29.0667	0.00939507	0.535
-265.5	-29.0667	0.00247491	0.4943
-261.0	-29.0667	0.00143485	0.663
-256.5	-29.0667	0.00358739	0.6093
-252.0	-29.0667	0.00267927	0.4162
-247.5	-29.0667	0.00111339	0.2551
-243.0	-29.0667	0.003668	0.4468
-238.5	-29.0667	0.00736501	0.6106
-234.0	-29.0667	0.00573843	0.4631
-229.5	-29.0667	0.00237841	0.4003
-225.0	-29.0667	0.00651073	0.3793
-220.5	-29.0667	0.00701921	0.3967
-216.0	-29.0667	0.00817658	0.4276
-211.5	-29.0667	0.00442013	0.5605
-207.0	-29.0667	0.002448	0.3884
-202.5	-29.0667	0.00423902	0.445
-198.0	-29.0667	0.0116159	0.4676
-193.5	-29.0667	0.0102354	0.3631
-189.0	-29.0667	0.0130349	0.3273
-184.5	-29.0667	0.00931076	0.4988
-180.0	-29.0667	0.0216087	0.2776
-175.5	-29.0667	0.019125	0.251
-171.0	-29.0667	0.0255505	0.2293
-166.5	-29.0667	0.0201145	0.2572
-162.0	-29.0667	0.0182337	0.2976
-157.5	-29.0667	0.0317424	0.219
-153.0	-29.0667	0.0254242	0.2367
-148.5	-29.0667	0.0288598	0.2496
-144.0	-29.0667	0.0287126	0.2229
-139.5	-29.0667	0.0441737	0.1916
-135.0	-29.0667	0.0526975	0.194
-130.5	-29.0667	0.0436162	0.1943
-126.0	-29.0667	0.0463193	0.2091
-121.5	-29.0667	0.0451912	0.1759
-117.0	-29.0667	0.0658001	0.1592
-112.5	-29.0667	0.0536396	0.1666
-108.0	-29.0667	0.0553979	0.1568
-103.5	-29.0667	0.0798856	0.151
-99.0	-29.0667	0.0750971	0.1327
-94.5	-29.0667	0.0801635	0.1475
-90.0	-29.0667	0.0706873	0.1514
-85.5	-29.0667	0.092713	0.1359
-81.0	-29.0667	0.0890832	0.1269
-76.5	-29.0667	0.116853	0.1322
-72.0	-29.0667	0.105177	0.1273
-67.5	-29.0667	0.0982888	0.1261
-63.0	-29.0667	0.100804	0.1169
-58.5	-29.0667	0.128232	0.1103
-54.0	-29.0667	0.116825	0.1126
-49.5	-29.0667	0.126199	0.1117
-45.0	-29.0667	0.146822	0.1063
-40.5	-29.0667	0.125781	0.1271
-36.0	-29.0667	0.141244	0.1103
-31.5	-29.0667	0.138798	0.1067
-27.0	-29.0667	0.152057	0.1103
-22.5	-29.0667	0.14446	0.1107
-18.0	-29.0667	0.160349	0.0957
-13.5	-29.0667	0.146501	0.1023
-9.0	-29.0667	0.158779	0.1058
-4.5	-29.0667	0.144628	0.1023
0.0	-29.0667	0.187877	0.1064
4.5	-29.0667	0.18334	0.1008
9.0	-29.0667	0.182638	0.0938
13.5	-29.0667	0.225011	0.1157
18.0	-29.0667	0.174166	0.0982
22.5	-29.0667	0.134392	0.103
27.0	-29.0667	0.152674	0.0989
31.5	-29.0667	0.162793	0.1047
36.0	-29.0667	0.146214	0.0978
40.5	-29.0667	0.145812	0.1083
45.0	-29.0667	0.160373	0.112
49.5	-29.0667	0.134775	0.1107
54.0	-29.0667	0.164708	0.0986
58.5	-29.0667	0.10999	0.1205
63.0	-29.0667	0.131396	0.1127
67.5	-29.0667	0.0878053	0.123
72.0	-29.0667	0.108345	0.12
76.5	-29.0667	0.114258	0.1212
81.0	-29.0667	0.0892248	0.1245
85.5	-29.0667	0.105298	0.1491
90.0	-29.0667	0.103323	0.1345
94.5	-29.0667	0.0612851	0.1415
99.0	-29.0667	0.0737647	0.1454
103.5	-29.0667	0.0574033	0.1678
108.0	-29.0667	0.0617604	0.1733
112.5	-29.0667	0.0656944	0.1662
117.0	-29.0667	0.0569668	0.1725
121.5	-29.0667	0.060411	0.1648
126.0	-29.0667	0.047577	0.1763
130.5	-29.0667	0.0462532	0.2115
135.0	-29.0667	0.0417656	0.1802
139.5	-29.0667	0.0554764	0.1817
144.0	-29.0667	0.0371277	0.1885
148.5	-29.0667	0.0640621	0.1684
153.0	-29.0667	0.039508	0.2175
157.5	-29.0667	0.0385803	0.2112
162.0	-29.0667	0.0222072	0.2194
166.5	-29.0667	0.0286563	0.2315
171.0	-29.0667	0.0251085	0.2344
175.5	-29.0667	0.0152825	0.249
180.0	-29.0667	0.0178793	0.3018
184.5	-29.0667	0.018274	0.2911
189.0	-29.0667	0.0252433	0.2876
193.5	-29.0667	0.0183915	0.272
198.0	-29.0667	0.0115838	0.312
202.5	-29.0667	0.0128189	0.3134
207.0	-29.0667	0.0118239	0.2948
211.5	-29.0667	0.0107978	0.4032
216.0	-29.0667	0.00967998	0.3607
220.5	-29.0667	0.0080844	0.3334
225.0	-29.0667	0.00627267	0.4165
229.5	-29.0667	0.00731358	0.4121
234.0	-29.0667	0.00853667	0.378
238.5	-29.0667	0.0117608	0.4419
243.0	-29.0667	0.00670683	0.498
247.5	-29.0667	0.00594525	0.4047
252.0	-29.0667	0.0043427	0.3945
256.5	-29.0667	0.00932387	0.4224
261.0	-29.0667	0.000758343	0.2181
265.5	-29.0667	0.00101773	0.3561
270.0	-29.0667	0.00178111	0.4751
274.5	-29.0667	0.00975877	0.3758
279.0	-29.0667	0.00232702	0.7226
283.5	-29.0667	0.00271458	0.5451
288.0	-29.0667	0.00149503	0.4402
292.5	-29.0667	0.000598491	0.2367
297.0	-29.0667	0.00140996	0.6915
301.5	-29.0667	0.00403705	0.6263
306.0	-29.0667	0.00176749	0.4852
310.5	-29.0667	0.00492239	0.6482
315.0	-29.0667	0.00124959	0.4824
319.5	-29.0667	0.00447354	0.6379
324.0	-29.0667	0.00241403	0.8638
328.5	-29.0667	0.00238588	0.8738
333.0	-29.0667	0.000518473	0.4549
337.5	-29.0667	0.00167251	0.7641
342.0	-29.0667	0.00256136	0.8159
346.5	-29.0667	0.00145739	0.8536
351.0	-29.0667	0.00024842	0.4137
355.5	-29.0667	0.00196793	0.8318
360.0	-29.0667	0.000885558	0.8969
364.5	-29.0667	0.000554974	0.7431
369.0	-29.0667	0.002955	0.669
373.5	-29.0667	0.00142438	0.8546
378.0	-29.0667	0.000224777	0.5298
382.5	-29.0667	0.000106912	0.6871
387.0	-29.0667	0.00169138	0.9355
391.5	-29.0667	7.44738e-05	0.6475
396.0	-29.0667	8.47983e-05	0.8979
400.5	-29.0667	1.81045e-05	1.0
405.0	-29.0667	4.43296e-05	0.7188
409.5	-29.0667	9.47757e-06	1.0
414.0	-29.0667	4.72667e-06	1.0
418.5	-29.0667	0.0025584	0.876
423.0	-29.0667	0.000215711	0.4966
427.5	-29.0667	0.000204884	0.4446
432.0	-29.0667	9.12056e-05	0.7786
436.5	-29.0667	0.000125899	0.5755
441.0	-29.0667	0.00012099	0.5541
445.5	-29.0667	0.00010186	0.6153
-450.0	-26.5	0.000140486	0.4556
-445.5	-26.5	1.37706e-05	1.0
-441.0	-26.5	1.01763e-05	0.6008
-436.5	-26.5	5.9828e-05	0.7167
-432.0	-26.5	0.000107727	0.6242
-427.5	-26.5	1.67378e-05	1.0
-423.0	-26.5	0.000453828	0.9792
-418.5	-26.5	3.78374e-05	0.8151
-414.0	-26.5	9.67645e-05	0.7824
-409.5	-26.5	5.15932e-05	1.0
-405.0	-26.5	0.000729126	0.9951
-400.5	-26.5	6.31743e-05	0.6231
-396.0	-26.5	4.35315e-05	0.8168
-391.5	-26.5	0.0	0.0
-387.0	-26.5	1.68872e-05	1.0
-382.5	-26.5	0.000206256	0.4337
-378.0	-26.5	9.74278e-05	0.4763
-373.5	-26.5	0.000171939	0.4782
-369.0	-26.5	0.000166444	0.4217
-364.5	-26.5	0.000180349	0.413
-360.0	-26.5	4.59011e-05	0.5821
-355.5	-26.5	0.000149436	0.4567
-351.0	-26.5	0.00018856	0.3919
-346.5	-26.5	0.000285797	0.3472
-342.0	-26.5	0.00183312	0.8034
-337.5	-26.5	0.00244676	0.858
-333.0	-26.5	0.000254958	0.339
-328.5	-26.5	0.000412539	0.2687
-324.0	-26.5	0.000302383	0.3439
-319.5	-26.5	0.00237214	0.8233
-315.0	-26.5	0.00201696	0.6388
-310.5	-26.5	0.00249643	0.6745
-306.0	-26.5	0.00143297	0.7401
-301.5	-26.5	0.00274188	0.5725
-297.0	-26.5	0.000357687	0.3426
-292.5	-26.5	0.000335006	0.3455
-288.0	-26.5	0.00122696	0.6692
-283.5	-26.5	0.00305201	0.5763
-279.0	-26.5	0.00119701	0.5801
-274.5	-26.5	0.00216269	0.7127
-270.0	-26.5	0.00171196	0.4919
-265.5	-26.5	0.000525728	0.3935
-261.0	-26.5	0.00326956	0.6807
-256.5	-26.5	0.00344059	0.571
-252.0	-26.5	0.00119994	0.3181
-247.5	-26.5	0.000824784	0.2298
-243.0	-26.5	0.00163207	0.4864
-238.5	-26.5	0.00660783	0.4314
-234.0	-26.5	0.00768069	0.5916
-229.5	-26.5	0.0184146	0.4137
-225.0	-26.5	0.0139108	0.4309
-220.5	-26.5	0.0116869	0.4183
-216.0	-26.5	0.00340907	0.5087
-211.5	-26.5	0.00185467	0.3262
-207.0	-26.5	0.0102166	0.3801
-202.5	-26.5	0.0100231	0.4223
-198.0	-26.5	0.0109187	0.3603
-193.5	-26.5	0.0116707	0.3244
-189.0	-26.5	0.00986387	0.2976
-184.5	-26.5	0.0149344	0.4574
-180.0	-26.5	0.0188146	0.2747
-175.5	-26.5	0.0190819	0.2819
-171.0	-26.5	0.0260424	0.2608
-166.5	-26.5	0.01866	0.2985
-162.0	-26.5	0.0195737	0.2611
-157.5	-26.5	0.0273017	0.2389
-153.0	-26.5	0.0216332	0.269
-148.5	-26.5	0.0189006	0.2307
-144.0	-26.5	0.0255508	0.2343
-139.5	-26.5	0.0373937	0.2033
-135.0	-26.5	0.0375086	0.1901
-130.5	-26.5	0.0331244	0.2226
-126.0	-26.5	0.0488846	0.1941
-121.5	-26.5	0.058511	0.1706
-117.0	-26.5	0.0532314	0.1581
-112.5	-26.5	0.067916	0.1626
-108.0	-26.5	0.0600058	0.1683
-103.5	-26.5	0.0768376	0.1433
-99.0	-26.5	0.074694	0.1527
-94.5	-26.5	0.0678066	0.1461
-90.0	-26.5	0.0749004	0.1666
-85.5	-26.5	0.0820492	0.1387
-81.0	-26.5	0.0998746	0.133
-76.5	-26.5	0.0802369	0.1337
-72.0	-26.5	0.0826834	0.1362
-67.5	-26.5	0.123887	0.1157
-63.0	-26.5	0.124574	0.1121
-58.5	-26.5	0.108315	0.1185
-54.0	-26.5	0.115602	0.1214
-49.5	-26.5	0.13651	0.1058
-45.0	-26.5	0.151115	0.1002
-40.5	-26.5	0.153211	0.1051
-36.0	-26.5	0.176822	0.105
-31.5	-26.5	0.146953	0.0992
-27.0	-26.5	0.163599	0.1105
-22.5	-26.5	0.149097	0.1058
-18.0	-26.5	0.17382	0.0991
-13.5	-26.5	0.191277	0.1081
-9.0	-26.5	0.187054	0.0985
-4.5	-26.5	0.174471	0.0983
0.0	-26.5	0.167853	0.0982
4.5	-26.5	0.194181	0.0967
9.0	-26.5	0.204852	0.107
13.5	-26.5	0.196599	0.1016
18.0	-26.5	0.207705	0.0913
22.5	-26.5	0.192707	0.0916
27.0	-26.5	0.160911	0.1029
31.5	-26.5	0.158541	0.0999
36.0	-26.5	0.158847	0.1047
40.5	-26.5	0.136084	0.1013
45.0	-26.5	0.138326	0.1179
49.5	-26.5	0.123101	0.1126
54.0	-26.5	0.16401	0.0978
58.5	-26.5	0.129119	0.1208
63.0	-26.5	0.127973	0.1193
67.5	-26.5	0.104429	0.1292
72.0	-26.5	0.109196	0.1134
76.5	-26.5	0.11565	0.1195
81.0	-26.5	0.102351	0.1239
85.5	-26.5	0.0820762	0.1414
90.0	-26.5	0.0781919	0.1329
94.5	-26.5	0.0842344	0.1315
99.0	-26.5	0.0885308	0.1351
103.5	-26.5	0.0714365	0.1373
108.0	-26.5	0.0544535	0.1557
112.5	-26.5	0.0866791	0.141
117.0	-26.5	0.0441041	0.2066
121.5	-26.5	0.0768401	0.1397
126.0	-26.5	0.0829482	0.1484
130.5	-26.5	0.0480922	0.1923
135.0	-26.5	0.0538533	0.1532
139.5	-26.5	0.057996	0.1642
144.0	-26.5	0.0622815	0.1674
148.5	-26.5	0.060189	0.1755
153.0	-26.5	0.0406319	0.2061
157.5	-26.5	0.0221156	0.2467
162.0	-26.5	0.0414878	0.2146
166.5	-26.5	0.0234669	0.232
171.0	-26.5	0.0376437	0.2156
175.5	-26.5	0.0153249	0.2661
180.0	-26.5	0.0159245	0.3746
184.5	-26.5	0.0197746	0.2393
189.0	-26.5	0.0163945	0.236
193.5	-26.5	0.0177713	0.2773
198.0	-26.5	0.0114302	0.3015
202.5	-26.5	0.0192037	0.2989
207.0	-26.5	0.0213752	0.343
211.5	-26.5	0.0206446	0.2969
216.0	-26.5	0.0052562	0.4869
220.5	-26.5	0.00863579	0.3038
225.0	-26.5	0.00642895	0.3677
229.5	-26.5	0.00653525	0.4269
234.0	-26.5	0.00726837	0.5317
238.5	-26.5	0.00742504	0.3679
243.0	-26.5	0.00444302	0.4492
247.5	-26.5	0.00407928	0.3882
252.0	-26.5	0.00578973	0.4301
256.5	-26.5	0.00485238	0.5121
261.0	-26.5	0.00260799	0.5545
265.5	-26.5	0.00579501	0.4772
270.0	-26.5	0.00167152	0.5227
274.5	-26.5	0.00796557	0.4364
279.0	-26.5	0.00470367	0.5005
283.5	-26.5	0.00460171	0.4262
288.0	-26.5	0.00147206	0.4346
292.5	-26.5	0.00135809	0.7573
297.0	-26.5	0.00359227	0.8741
301.5	-26.5	0.00424946	0.8009
306.0	-26.5	0.00112552	0.606
310.5	-26.5	0.00572119	0.5225
315.0	-26.5	0.00545867	0.5137
319.5	-26.5	0.0026097	0.81
324.0	-26.5	0.000385932	0.3774
328.5	-26.5	0.000355345	0.3754
333.0	-26.5	0.00156603	0.8452
337.5	-26.5	0.00173062	0.7021
342.0	-26.5	0.00143251	0.7818
346.5	-26.5	0.000374166	0.3235
351.0	-26.5	0.00611785	0.4956
355.5	-26.5	0.00253938	0.6784
360.0	-26.5	0.00324644	0.5002
364.5	-26.5	0.000775019	0.707
369.0	-26.5	0.000197234	0.4444
373.5	-26.5	0.000668841	0.7734
378.0	-26.5	0.00153556	0.8499
382.5	-26.5	0.00174039	0.7081
387.0	-26.5	0.000486565	0.7641
391.5	-26.5	5.69066e-05	0.8365
396.0	-26.5	6.69225e-05	0.59
400.5	-26.5	0.00160523	0.9316
405.0	-26.5	0.0	0.0
409.5	-26.5	0.000117106	0.6226
414.0	-26.5	0.000346452	0.8442
418.5	-26.5	0.000116866	0.5051
423.0	-26.5	9.83117e-07	1.0
427.5	-26.5	0.000119061	0.596
432.0	-26.5	3.03623e-05	1.0
436.5	-26.5	0.000741448	0.9133
441.0	-26.5	0.000110838	0.7014
445.5	-26.5	0.00150127	0.9798
-450.0	-23.9333	0.00370499	0.7139
-445.5	-23.9333	0.000850082	0.9747
-441.0	-23.9333	5.7894e-05	0.5656
-436.5	-23.9333	4.62858e-05	0.766
-432.0	-23.9333	1.69435e-05	1.0
-427.5	-23.9333	6.4729e-05	1.0
-423.0	-23.9333	7.70674e-05	0.7173
-418.5	-23.9333	3.63104e-05	0.7044
-414.0	-23.9333	0.000105969	0.581
-409.5	-23.9333	7.5815e-05	0.6318
-405.0	-23.9333	7.37461e-05	0.9673
-400.5	-23.9333	7.00217e-05	0.8887
-396.0	-23.9333	4.79802e-05	0.8019
-391.5	-23.9333	0.00114492	0.9611
-387.0	-23.9333	4.11873e-05	0.6974
-382.5	-23.9333	0.000911954	0.9321
-378.0	-23.9333	8.51524e-05	0.6103
-373.5	-23.9333	0.00012952	0.5233
-369.0	-23.9333	8.97259e-05	0.5588
-364.5	-23.9333	5.3954e-05	0.5381
-360.0	-23.9333	0.000238911	0.3491
-355.5	-23.9333	0.000293177	0.3276
-351.0	-23.9333	0.000790284	0.7544
-346.5	-23.9333	0.000953369	0.8764
-342.0	-23.9333	0.000222385	0.416
-337.5	-23.9333	0.000200919	0.4591
-333.0	-23.9333	0.000331124	0.2946
-328.5	-23.9333	0.00036287	0.3136
-324.0	-23.9333	0.00185968	0.5639
-319.5	-23.9333	0.00147044	0.5498
-315.0	-23.9333	0.000317332	0.2923
-310.5	-23.9333	0.000333657	0.2938
-306.0	-23.9333	0.00199911	0.8195
-301.5	-23.9333	0.000481043	0.3017
-297.0	-23.9333	0.00135732	0.7363
-292.5	-23.9333	0.000696684	0.537
-288.0	-23.9333	0.000293011	0.2932
-283.5	-23.9333	0.000435967	0.2485
-279.0	-23.9333	0.00219491	0.6212
-274.5	-23.9333	0.00206448	0.7278
-270.0	-23.9333	0.000421891	0.2462
-265.5	-23.9333	0.00159458	0.6884
-261.0	-23.9333	0.00130233	0.5362
-256.5	-23.9333	0.00389541	0.4494
-252.0	-23.9333	0.00646902	0.8
-247.5	-23.9333	0.00747907	0.6657
-243.0	-23.9333	0.00344713	0.4815
-238.5	-23.9333	0.0129443	0.4648
-234.0	-23.9333	0.0050601	0.3759
-229.5	-23.9333	0.00670764	0.4824
-225.0	-23.9333	0.0102484	0.5522
-220.5	-23.9333	0.00600696	0.4835
-216.0	-23.9333	0.0102189	0.4286
-211.5	-23.9333	0.0122576	0.2993
-207.0	-23.9333	0.00822102	0.3327
-202.5	-23.9333	0.0110514	0.3546
-198.0	-23.9333	0.0118283	0.3486
-193.5	-23.9333	0.0101588	0.3532
-189.0	-23.9333	0.0103527	0.3113
-184.5	-23.9333	0.00987345	0.4747
-180.0	-23.9333	0.0200582	0.3286
-175.5	-23.9333	0.0155133	0.275
-171.0	-23.9333	0.0163334	0.3158
-166.5	-23.9333	0.0242687	0.2366
-162.0	-23.9333	0.0284572	0.2208
-157.5	-23.9333	0.0249795	0.2614
-153.0	-23.9333	0.0179298	0.2717
-148.5	-23.9333	0.0318986	0.2478
-144.0	-23.9333	0.0480666	0.207
-139.5	-23.9333	0.0343777	0.2265
-135.0	-23.9333	0.0335086	0.2038
-130.5	-23.9333	0.0434639	0.2026
-126.0	-23.9333	0.0380504	0.1895
-121.5	-23.9333	0.0511457	0.1579
-117.0	-23.9333	0.058333	0.1673
-112.5	-23.9333	0.0580129	0.1594
-108.0	-23.9333	0.0597348	0.1599
-103.5	-23.9333	0.0712035	0.1535
-99.0	-23.9333	0.0682866	0.153
-94.5	-23.9333	0.068116	0.1423
-90.0	-23.9333	0.0784832	0.1361
-85.5	-23.9333	0.0888388	0.1598
-81.0	-23.9333	0.0954997	0.1286
-76.5	-23.9333	0.0884873	0.1401
-72.0	-23.9333	0.111657	0.123
-67.5	-23.9333	0.0956241	0.1252
-63.0	-23.9333	0.101184	0.1246
-58.5	-23.9333	0.099708	0.1256
-54.0	-23.9333	0.141241	0.1227
-49.5	-23.9333	0.136615	0.1176
-45.0	-23.9333	0.147888	0.1065
-40.5	-23.9333	0.155306	0.1032
-36.0	-23.9333	0.150569	0.0994
-31.5	-23.9333	0.165163	0.1061
-27.0	-23.9333	0.174791	0.0973
-22.5	-23.9333	0.171914	0.1022
-18.0	-23.9333	0.147504	0.1018
-13.5	-23.9333	0.179002	0.0924
-9.0	-23.9333	0.139153	0.1037
-4.5	-23.9333	0.173167	0.103
0.0	-23.9333	0.184543	0.0946
4.5	-23.9333	0.161157	0.1048
9.0	-23.9333	0.178079	0.0997
13.5	-23.9333	0.173846	0.1032
18.0	-23.9333	0.189725	0.0956
22.5	-23.9333	0.19969	0.0917
27.0	-23.9333	0.205735	0.0993
31.5	-23.9333	0.16861	0.1059
36.0	-23.9333	0.123508	0.1067
40.5	-23.9333	0.13436	0.1137
45.0	-23.9333	0.120584	0.106
49.5	-23.9333	0.132028	0.1089
54.0	-23.9333	0.115334	0.1133
58.5	-23.9333	0.15269	0.1039
63.0	-23.9333	0.136277	0.1082
67.5	-23.9333	0.121529	0.1169
72.0	-23.9333	0.132686	0.1138
76.5	-23.9333	0.104427	0.116
81.0	-23.9333	0.0886716	0.1289
85.5	-23.9333	0.0910771	0.1305
90.0	-23.9333	0.105687	0.129
94.5	-23.9333	0.0975665	0.1225
99.0	-23.9333	0.085181	0.1387
103.5	-23.9333	0.0879427	0.1363
108.0	-23.9333	0.0775749	0.1399
112.5	-23.9333	0.080424	0.1346
117.0	-23.9333	0.0622352	0.1752
121.5	-23.9333	0.0676857	0.1444
126.0	-23.9333	0.0668825	0.1493
130.5	-23.9333	0.074816	0.1501
135.0	-23.9333	0.0596019	0.1604
139.5	-23.9333	0.0422519	0.1944
144.0	-23.9333	0.0333228	0.2316
148.5	-23.9333	0.0440452	0.2067
153.0	-23.9333	0.0295474	0.2128
157.5	-23.9333	0.0388171	0.2102
162.0	-23.9333	0.046669	0.1897
166.5	-23.9333	0.0485948	0.2188
171.0	-23.9333	0.0342231	0.245
175.5	-23.9333	0.0168041	0.2874
180.0	-23.9333	0.0163842	0.285
184.5	-23.9333	0.0178594	0.2292
189.0	-23.9333	0.0221018	0.2593
193.5	-23.9333	0.0317047	0.2248
198.0	-23.9333	0.0230346	0.3198
202.5	-23.9333	0.018641	0.3062
207.0	-23.9333	0.0259657	0.2864
211.5	-23.9333	0.00904179	0.4892
216.0	-23.9333	0.00789533	0.4248
220.5	-23.9333	0.0130607	0.4102
225.0	-23.9333	0.0173108	0.3125
229.5	-23.9333	0.00859955	0.3861
234.0	-23.9333	0.00702464	0.41
238.5	-23.9333	0.00433828	0.4456
243.0	-23.9333	0.0135493	0.3972
247.5	-23.9333	0.010772	0.5472
252.0	-23.9333	0.0120738	0.5808
256.5	-23.9333	0.00678065	0.4655
261.0	-23.9333	0.00919836	0.4627
265.5	-23.9333	0.00937298	0.4172
270.0	-23.9333	0.00281026	0.5341
274.5	-23.9333	0.0057973	0.5461
279.0	-23.9333	0.00130695	0.4213
283.5	-23.9333	0.00315776	0.502
288.0	-23.9333	0.00232926	0.5699
292.5	-23.9333	0.00249463	0.533
297.0	-23.9333	0.00391747	0.4663
301.5	-23.9333	0.00435453	0.5813
306.0	-23.9333	0.00415911	0.5363
310.5	-23.9333	0.00243112	0.5588
315.0	-23.9333	0.00286535	0.794
319.5	-23.9333	0.00370139	0.723
324.0	-23.9333	0.00424578	0.557
328.5	-23.9333	0.00105295	0.4617
333.0	-23.9333	0.000467671	0.4321
337.5	-23.9333	0.000461072	0.6187
342.0	-23.9333	0.000284952	0.3017
346.5	-23.9333	0.00226712	0.8588
351.0	-23.9333	0.000975065	0.5526
355.5	-23.9333	0.00524464	0.672
360.0	-23.9333	0.00193153	0.6752
364.5	-23.9333	9.98262e-05	0.4088
369.0	-23.9333	0.000253257	0.5356
373.5	-23.9333	0.000197229	0.4858
378.0	-23.9333	0.00289199	0.6654
382.5	-23.9333	0.0012228	0.8059
387.0	-23.9333	0.00157742	0.9065
391.5	-23.9333	0.000160361	0.5352
396.0	-23.9333	8.99688e-05	0.6067
400.5	-23.9333	5.10155e-05	0.5865
405.0	-23.9333	2.7179e-05	0.922
409.5	-23.9333	7.17535e-05	0.8197
414.0	-23.9333	0.000821894	0.9423
418.5	-23.9333	2.59598e-05	0.7322
423.0	-23.9333	0.0	0.0
427.5	-23.9333	0.000806626	0.9076
432.0	-23.9333	0.00302234	0.8035
436.5	-23.9333	0.00249498	0.9354
441.0	-23.9333	0.00246645	0.946
445.5	-23.9333	0.00249142	0.9366
-450.0	-21.3667	1.18688e-06	1.0
-445.5	-21.3667	0.00045485	0.9153
-441.0	-21.3667	7.9474e-05	0.5656
-436.5	-21.3667	4.97049e-05	0.6812
-432.0	-21.3667	0.00168474	0.9634
-427.5	-21.3667	6.19421e-05	0.6047
-423.0	-21.3667	0.000102745	0.6543
-418.5	-21.3667	0.0	0.0
-414.0	-21.3667	2.93912e-05	1.0
-409.5	-21.3667	7.49875e-06	1.0
-405.0	-21.3667	7.66462e-05	0.6133
-400.5	-21.3667	7.66339e-05	0.6457
-396.0	-21.3667	5.38706e-05	0.7758
-391.5	-21.3667	0.000696265	0.9458
-387.0	-21.3667	0.000140122	0.4811
-382.5	-21.3667	0.000503396	0.7651
-378.0	-21.3667	0.000577119	0.8354
-373.5	-21.3667	8.34142e-05	0.5198
-369.0	-21.3667	0.00278102	0.9337
-364.5	-21.3667	6.67065e-05	0.7436
-360.0	-21.3667	8.57237e-05	0.6303
-355.5	-21.3667	0.000114434	0.4484
-351.0	-21.3667	0.00131219	0.9455
-346.5	-21.3667	0.00184907	0.8497
-342.0	-21.3667	0.000755907	0.7133
-337.5	-21.3667	0.000519774	0.4046
-333.0	-21.3667	0.000221728	0.3912
-328.5	-21.3667	0.000339846	0.3582
-324.0	-21.3667	0.000212847	0.3679
-319.5	-21.3667	0.000195449	0.3904
-315.0	-21.3667	0.0002709	0.2899
-310.5	-21.3667	0.000202441	0.3361
-306.0	-21.3667	0.000237671	0.4658
-301.5	-21.3667	0.00311951	0.6145
-297.0	-21.3667	0.00162301	0.5692
-292.5	-21.3667	0.00307465	0.6331
-288.0	-21.3667	0.00259092	0.8959
-283.5	-21.3667	0.000337245	0.2813
-279.0	-21.3667	0.000538018	0.3506
-274.5	-21.3667	0.000909977	0.3279
-270.0	-21.3667	0.00151936	0.4855
-265.5	-21.3667	0.000499168	0.2553
-261.0	-21.3667	0.00118055	0.357
-256.5	-21.3667	0.00336128	0.567
-252.0	-21.3667	0.00311674	0.6087
-247.5	-21.3667	0.0042919	0.4365
-243.0	-21.3667	0.00166054	0.3952
-238.5	-21.3667	0.000907606	0.355
-234.0	-21.3667	0.0044346	0.5799
-229.5	-21.3667	0.00674002	0.4426
-225.0	-21.3667	0.00390137	0.4422
-220.5	-21.3667	0.00476924	0.5321
-216.0	-21.3667	0.010373	0.4039
-211.5	-21.3667	0.00212276	0.3842
-207.0	-21.3667	0.011149	0.3389
-202.5	-21.3667	0.00692541	0.318
-198.0	-21.3667	0.0107894	0.4058
-193.5	-21.3667	0.00490486	0.4549
-189.0	-21.3667	0.0113492	0.3308
-184.5	-21.3667	0.0159726	0.3381
-180.0	-21.3667	0.0170789	0.2771
-175.5	-21.3667	0.0279788	0.2731
-171.0	-21.3667	0.016095	0.3139
-166.5	-21.3667	0.0217383	0.2746
-162.0	-21.3667	0.0431864	0.23
-157.5	-21.3667	0.036973	0.2168
-153.0	-21.3667	0.0342483	0.2443
-148.5	-21.3667	0.0280209	0.2214
-144.0	-21.3667	0.0382818	0.2474
-139.5	-21.3667	0.0389468	0.2128
-135.0	-21.3667	0.0434366	0.1975
-130.5	-21.3667	0.0443302	0.1821
-126.0	-21.3667	0.0432433	0.2062
-121.5	-21.3667	0.0564193	0.1724
-117.0	-21.3667	0.0520708	0.1676
-112.5	-21.3667	0.0722145	0.164
-108.0	-21.3667	0.0501197	0.1699
-103.5	-21.3667	0.0644227	0.1502
-99.0	-21.3667	0.0806276	0.1453
-94.5	-21.3667	0.0903849	0.1364
-90.0	-21.3667	0.0842822	0.1475
-85.5	-21.3667	0.0817497	0.1371
-81.0	-21.3667	0.0951331	0.1302
-76.5	-21.3667	0.101834	0.1262
-72.0	-21.3667	0.0972525	0.127
-67.5	-21.3667	0.117244	0.1202
-63.0	-21.3667	0.10728	0.1123
-58.5	-21.3667	0.11395	0.1159
-54.0	-21.3667	0.137956	0.1194
-49.5	-21.3667	0.138289	0.1133
-45.0	-21.3667	0.140829	0.1015
-40.5	-21.3667	0.14553	0.1074
-36.0	-21.3667	0.1571	0.1
-31.5	-21.3667	0.152334	0.1012
-27.0	-21.3667	0.182896	0.1022
-22.5	-21.3667	0.196645	0.0976
-18.0	-21.3667	0.180834	0.0995
-13.5	-21.3667	0.199236	0.0994
-9.0	-21.3667	0.163393	0.1008
-4.5	-21.3667	0.203286	0.0951
0.0	-21.3667	0.180259	0.0923
4.5	-21.3667	0.179105	0.0926
9.0	-21.3667	0.176822	0.0966
13.5	-21.3667	0.158494	0.099
18.0	-21.3667	0.166802	0.1007
22.5	-21.3667	0.171423	0.0983
27.0	-21.3667	0.13568	0.1039
31.5	-21.3667	0.158494	0.0945
36.0	-21.3667	0.154316	0.0979
40.5	-21.3667	0.139257	0.111
45.0	-21.3667	0.146293	0.1048
49.5	-21.3667	0.145493	0.0989
54.0	-21.3667	0.125621	0.1131
58.5	-21.3667	0.142927	0.1122
63.0	-21.3667	0.112203	0.1159
67.5	-21.3667	0.0910337	0.1207
72.0	-21.3667	0.122237	0.1165
76.5	-21.3667	0.102768	0.1231
81.0	-21.3667	0.107593	0.1177
85.5	-21.3667	0.0909693	0.1257
90.0	-21.3667	0.110797	0.1277
94.5	-21.3667	0.105613	0.1215
99.0	-21.3667	0.0821644	0.1443
103.5	-21.3667	0.0781838	0.1323
108.0	-21.3667	0.0938897	0.1397
112.5	-21.3667	0.0614305	0.1578
117.0	-21.3667	0.0663927	0.1541
121.5	-21.3667	0.0634762	0.1521
126.0	-21.3667	0.0634514	0.1631
130.5	-21.3667	0.0396159	0.1787
135.0	-21.3667	0.0544289	0.1726
139.5	-21.3667	0.0450018	0.1884
144.0	-21.3667	0.0400629	0.1719
148.5	-21.3667	0.0374268	0.204
153.0	-21.3667	0.0432953	0.196
157.5	-21.3667	0.0343045	0.2312
162.0	-21.3667	0.0288331	0.2461
166.5	-21.3667	0.0372145	0.1989
171.0	-21.3667	0.0390001	0.2553
175.5	-21.3667	0.022441	0.2586
180.0	-21.3667	0.0269718	0.2607
184.5	-21.3667	0.0199314	0.2513
189.0	-21.3667	0.0176045	0.2882
193.5	-21.3667	0.0189382	0.2875
198.0	-21.3667	0.0184357	0.3138
202.5	-21.3667	0.0140866	0.2833
207.0	-21.3667	0.0177315	0.2899
211.5	-21.3667	0.0142856	0.3514
216.0	-21.3667	0.0127908	0.3604
220.5	-21.3667	0.0100087	0.3727
225.0	-21.3667	0.0121895	0.3696
229.5	-21.3667	0.0104653	0.5361
234.0	-21.3667	0.00720104	0.4045
238.5	-21.3667	0.00930294	0.3482
243.0	-21.3667	0.00866845	0.3715
247.5	-21.3667	0.00394314	0.5246
252.0	-21.3667	0.00448934	0.4772
256.5	-21.3667	0.00402641	0.4733
261.0	-21.3667	0.00974322	0.4685
265.5	-21.3667	0.00439408	0.5331
270.0	-21.3667	0.0125034	0.3896
274.5	-21.3667	0.00488326	0.4892
279.0	-21.3667	0.0032945	0.5053
283.5	-21.3667	0.00767798	0.4404
288.0	-21.3667	0.0013047	0.5328
292.5	-21.3667	0.00735361	0.4313
297.0	-21.3667	0.00203699	0.6214
301.5	-21.3667	0.00179782	0.7062
306.0	-21.3667	0.00121999	0.4232
310.5	-21.3667	0.000814543	0.335
315.0	-21.3667	0.000241711	0.3665
319.5	-21.3667	0.00745367	0.4727
324.0	-21.3667	0.00124497	0.687
328.5	-21.3667	0.00262384	0.5725
333.0	-21.3667	0.000438458	0.7568
337.5	-21.3667	0.00115989	0.648
342.0	-21.3667	0.00369677	0.6736
346.5	-21.3667	0.00159563	0.861
351.0	-21.3667	0.00404658	0.6358
355.5	-21.3667	0.00419666	0.4904
360.0	-21.3667	0.000796287	0.648
364.5	-21.3667	0.00160887	0.7751
369.0	-21.3667	0.00233102	0.9031
373.5	-21.3667	0.000482746	0.5281
378.0	-21.3667	7.14064e-05	0.5605
382.5	-21.3667	0.000110919	0.5869
387.0	-21.3667	0.000212089	0.4591
391.5	-21.3667	1.56549e-05	0.6325
396.0	-21.3667	1.95705e-05	0.7911
400.5	-21.3667	0.000182766	0.4543
405.0	-21.3667	0.000121572	0.5648
409.5	-21.3667	4.93538e-05	0.8496
414.0	-21.3667	0.000103351	0.5926
418.5	-21.3667	0.000113735	0.6618
423.0	-21.3667	0.000134971	0.58
427.5	-21.3667	0.000144843	0.5597
432.0	-21.3667	0.0014224	0.8183
436.5	-21.3667	4.25632e-05	0.7271
441.0	-21.3667	5.04621e-05	0.7753
445.5	-21.3667	0.000221943	0.759
-450.0	-18.8	2.53002e-05	0.7769
-445.5	-18.8	5.79187e-05	0.7002
-441.0	-18.8	7.33931e-05	0.694
-436.5	-18.8	1.01161e-05	0.7109
-432.0	-18.8	5.94132e-05	0.5919
-427.5	-18.8	1.13927e-05	1.0
-423.0	-18.8	9.1326e-05	0.5954
-418.5	-18.8	0.000110307	0.6441
-414.0	-18.8	6.5562e-05	0.7122
-409.5	-18.8	5.49204e-05	0.7287
-405.0	-18.8	3.72271e-05	0.6089
-400.5	-18.8	0.000569318	0.9764
-396.0	-18.8	0.00214726	0.9534
-391.5	-18.8	0.00207235	0.9873
-387.0	-18.8	0.00210138	0.9738
-382.5	-18.8	0.000897084	0.7086
-378.0	-18.8	0.00302895	0.7615
-373.5	-18.8	0.0013095	0.8732
-369.0	-18.8	0.000171628	0.4728
-364.5	-18.8	0.000193905	0.4307
-360.0	-18.8	0.000160455	0.5327
-355.5	-18.8	0.000148952	0.4593
-351.0	-18.8	0.00237889	0.9099
-346.5	-18.8	0.000173391	0.472
-342.0	-18.8	0.00146651	0.8178
-337.5	-18.8	0.00136374	0.7831
-333.0	-18.8	0.000148078	0.4817
-328.5	-18.8	0.000168416	0.3569
-324.0	-18.8	0.000313191	0.3335
-319.5	-18.8	0.000226422	0.3408
-315.0	-18.8	0.000339209	0.3695
-310.5	-18.8	0.000332405	0.3173
-306.0	-18.8	0.00082405	0.5595
-301.5	-18.8	0.00231153	0.808
-297.0	-18.8	0.00373459	0.6293
-292.5	-18.8	0.00408102	0.5648
-288.0	-18.8	0.000896026	0.5856
-283.5	-18.8	0.00101275	0.6815
-279.0	-18.8	0.000516368	0.2402
-274.5	-18.8	0.0084411	0.5509
-270.0	-18.8	0.00717928	0.6695
-265.5	-18.8	0.00514796	0.9005
-261.0	-18.8	0.00129101	0.4254
-256.5	-18.8	0.00999409	0.5057
-252.0	-18.8	0.00124072	0.5788
-247.5	-18.8	0.00431905	0.4865
-243.0	-18.8	0.00251484	0.555
-238.5	-18.8	0.00369502	0.6636
-234.0	-18.8	0.00271269	0.5938
-229.5	-18.8	0.00911519	0.3659
-225.0	-18.8	0.00442913	0.5413
-220.5	-18.8	0.00600693	0.5902
-216.0	-18.8	0.00220982	0.3734
-211.5	-18.8	0.00412822	0.527
-207.0	-18.8	0.00996302	0.3072
-202.5	-18.8	0.00655939	0.3689
-198.0	-18.8	0.0199568	0.2951
-193.5	-18.8	0.015609	0.3134
-189.0	-18.8	0.0236387	0.2782
-184.5	-18.8	0.015261	0.3096
-180.0	-18.8	0.0258501	0.2966
-175.5	-18.8	0.018538	0.2396
-171.0	-18.8	0.0277646	0.2452
-166.5	-18.8	0.0249381	0.2408
-162.0	-18.8	0.0265648	0.2432
-157.5	-18.8	0.0490749	0.2056
-153.0	-18.8	0.0432037	0.2238
-148.5	-18.8	0.0251743	0.1942
-144.0	-18.8	0.0423582	0.1894
-139.5	-18.8	0.0464036	0.2208
-135.0	-18.8	0.0461049	0.1571
-130.5	-18.8	0.0453877	0.1883
-126.0	-18.8	0.0410693	0.1792
-121.5	-18.8	0.0535025	0.1658
-117.0	-18.8	0.0553517	0.1641
-112.5	-18.8	0.0463058	0.1728
-108.0	-18.8	0.0709664	0.1495
-103.5	-18.8	0.0669119	0.1473
-99.0	-18.8	0.0645995	0.149
-94.5	-18.8	0.0762898	0.1459
-90.0	-18.8	0.0959698	0.1246
-85.5	-18.8	0.0908735	0.1397
-81.0	-18.8	0.103756	0.1259
-76.5	-18.8	0.0868524	0.1279
-72.0	-18.8	0.120025	0.1328
-67.5	-18.8	0.119129	0.1192
-63.0	-18.8	0.120606	0.1207
-58.5	-18.8	0.118629	0.115
-54.0	-18.8	0.130206	0.1159
-49.5	-18.8	0.16475	0.0974
-45.0	-18.8	0.16895	0.1214
-40.5	-18.8	0.157329	0.1145
-36.0	-18.8	0.180114	0.0949
-31.5	-18.8	0.151399	0.1027
-27.0	-18.8	0.166259	0.0965
-22.5	-18.8	0.164348	0.095
-18.0	-18.8	0.161987	0.0998
-13.5	-18.8	0.185462	0.1332
-9.0	-18.8	0.172949	0.0958
-4.5	-18.8	0.172982	0.094
0.0	-18.8	0.189833	0.0949
4.5	-18.8	0.177971	0.1081
9.0	-18.8	0.157689	0.1047
13.5	-18.8	0.188763	0.1037
18.0	-18.8	0.130781	0.107
22.5	-18.8	0.164929	0.1011
27.0	-18.8	0.143916	0.1105
31.5	-18.8	0.140594	0.0991
36.0	-18.8	0.17129	0.0976
40.5	-18.8	0.159176	0.102
45.0	-18.8	0.175767	0.0989
49.5	-18.8	0.145536	0.1059
54.0	-18.8	0.142627	0.1048
58.5	-18.8	0.122605	0.117
63.0	-18.8	0.156588	0.1021
67.5	-18.8	0.107196	0.1185
72.0	-18.8	0.104546	0.1188
76.5	-18.8	0.0798958	0.1312
81.0	-18.8	0.0880844	0.1257
85.5	-18.8	0.0986669	0.1252
90.0	-18.8	0.117017	0.1167
94.5	-18.8	0.114379	0.1222
99.0	-18.8	0.080993	0.1337
103.5	-18.8	0.105983	0.1305
108.0	-18.8	0.0933635	0.1312
112.5	-18.8	0.0755393	0.1392
117.0	-18.8	0.0659905	0.1487
121.5	-18.8	0.0849912	0.1367
126.0	-18.8	0.0576871	0.1572
130.5	-18.8	0.0680337	0.1593
135.0	-18.8	0.035304	0.1864
139.5	-18.8	0.0561262	0.1773
144.0	-18.8	0.0499533	0.194
148.5	-18.8	0.031019	0.1828
153.0	-18.8	0.0383128	0.2027
157.5	-18.8	0.0389533	0.2084
162.0	-18.8	0.028375	0.2136
166.5	-18.8	0.0210166	0.2346
171.0	-18.8	0.0276021	0.2356
175.5	-18.8	0.0255506	0.2422
180.0	-18.8	0.0204713	0.2498
184.5	-18.8	0.0143484	0.3564
189.0	-18.8	0.0259957	0.2745
193.5	-18.8	0.010051	0.2871
198.0	-18.8	0.0139263	0.3059
202.5	-18.8	0.0120549	0.3103
207.0	-18.8	0.0294308	0.2563
211.5	-18.8	0.0136905	0.356
216.0	-18.8	0.0133626	0.3243
220.5	-18.8	0.0130146	0.4192
225.0	-18.8	0.0161662	0.3199
229.5	-18.8	0.0121808	0.2838
234.0	-18.8	0.00979875	0.3426
238.5	-18.8	0.0057296	0.4181
243.0	-18.8	0.00684099	0.4455
247.5	-18.8	0.00652036	0.3587
252.0	-18.8	0.0061065	0.4899
256.5	-18.8	0.00415424	0.5324
261.0	-18.8	0.00508433	0.4066
265.5	-18.8	0.00300621	0.3988
270.0	-18.8	0.00844835	0.4036
274.5	-18.8	0.00728875	0.4476
279.0	-18.8	0.00552727	0.4443
283.5	-18.8	0.00468919	0.554
288.0	-18.8	0.00133694	0.4903
292.5	-18.8	0.0014296	0.6142
297.0	-18.8	0.00185053	0.6581
301.5	-18.8	0.00164864	0.6981
306.0	-18.8	0.000414333	0.2603
310.5	-18.8	0.00160784	0.6603
315.0	-18.8	0.00148842	0.6694
319.5	-18.8	0.00114045	0.6222
324.0	-18.8	0.00061534	0.3468
328.5	-18.8	0.0028508	0.7665
333.0	-18.8	0.00141903	0.4921
337.5	-18.8	0.00235039	0.7536
342.0	-18.8	0.00200988	0.8594
346.5	-18.8	0.000809309	0.6821
351.0	-18.8	0.00244077	0.8583
355.5	-18.8	0.00128708	0.7241
360.0	-18.8	0.000873438	0.6856
364.5	-18.8	0.00120305	0.6967
369.0	-18.8	0.000100006	0.5481
373.5	-18.8	0.000167759	0.4481
378.0	-18.8	4.32458e-05	0.6687
382.5	-18.8	0.000123938	0.5379
387.0	-18.8	2.90825e-05	0.6872
391.5	-18.8	0.000107973	0.5083
396.0	-18.8	0.0001897	0.5318
400.5	-18.8	0.00111178	0.9066
405.0	-18.8	0.000125123	0.5784
409.5	-18.8	0.000139841	0.5932
414.0	-18.8	0.0023948	0.9867
418.5	-18.8	0.000230757	1.0
423.0	-18.8	4.59185e-05	0.6167
427.5	-18.8	0.000406097	1.0
432.0	-18.8	4.37808e-05	0.7071
436.5	-18.8	2.41901e-05	1.0
441.0	-18.8	0.0	0.0
445.5	-18.8	0.000723798	1.0
-450.0	-16.2333	7.32553e-05	0.6679
-445.5	-16.2333	6.62057e-05	0.6677
-441.0	-16.2333	0.000113934	0.5326
-436.5	-16.2333	0.000143464	0.4468
-432.0	-16.2333	6.75705e-05	0.7552
-427.5	-16.2333	8.08414e-05	0.6543
-423.0	-16.2333	7.94889e-05	0.6827
-418.5	-16.2333	0.000111188	0.7166
-414.0	-16.2333	0.000933318	0.915
-409.5	-16.2333	1.38406e-05	1.0
-405.0	-16.2333	2.41221e-05	1.0
-400.5	-16.2333	7.20126e-05	0.5661
-396.0	-16.2333	0.000117652	0.724
-391.5	-16.2333	0.000172511	0.8245
-387.0	-16.2333	0.00010017	0.6092
-382.5	-16.2333	0.00177689	0.8407
-378.0	-16.2333	0.00296391	0.748
-373.5	-16.2333	0.000167087	0.7621
-369.0	-16.2333	0.000130741	0.4175
-364.5	-16.2333	0.000251046	0.3958
-360.0	-16.2333	0.000834067	0.8006
-355.5	-16.2333	0.000218869	0.4146
-351.0	-16.2333	0.00164803	0.9301
-346.5	-16.2333	0.000181444	0.3966
-342.0	-16.2333	0.000104758	0.4741
-337.5	-16.2333	0.000149967	0.4237
-333.0	-16.2333	0.00024791	0.3593
-328.5	-16.2333	0.000283081	0.3461
-324.0	-16.2333	0.000719593	0.6434
-319.5	-16.2333	0.00193404	0.6109
-315.0	-16.2333	0.00392108	0.6567
-310.5	-16.2333	0.00140244	0.6591
-306.0	-16.2333	0.0030042	0.6476
-301.5	-16.2333	0.000856592	0.6744
-297.0	-16.2333	0.000349291	0.3002
-292.5	-16.2333	0.0013413	0.52
-288.0	-16.2333	0.00309462	0.6985
-283.5	-16.2333	0.0034896	0.724
-279.0	-16.2333	0.00300115	0.8086
-274.5	-16.2333	0.000983252	0.531
-270.0	-16.2333	0.00448791	0.5536
-265.5	-16.2333	0.00181105	0.6835
-261.0	-16.2333	0.00424654	0.6624
-256.5	-16.2333	0.00399947	0.4801
-252.0	-16.2333	0.00370429	0.5532
-247.5	-16.2333	0.00336974	0.535
-243.0	-16.2333	0.00247841	0.5618
-238.5	-16.2333	0.00624136	0.4889
-234.0	-16.2333	0.00798313	0.3792
-229.5	-16.2333	0.00507903	0.4092
-225.0	-16.2333	0.00489627	0.418
-220.5	-16.2333	0.00583435	0.591
-216.0	-16.2333	0.00166581	0.3063
-211.5	-16.2333	0.00448195	0.4217
-207.0	-16.2333	0.00498583	0.4845
-202.5	-16.2333	0.00846674	0.374
-198.0	-16.2333	0.0178424	0.3341
-193.5	-16.2333	0.0166588	0.289
-189.0	-16.2333	0.0142492	0.2745
-184.5	-16.2333	0.0216003	0.2881
-180.0	-16.2333	0.0168993	0.2902
-175.5	-16.2333	0.0241589	0.2946
-171.0	-16.2333	0.0201761	0.2697
-166.5	-16.2333	0.0237688	0.2402
-162.0	-16.2333	0.0153617	0.2536
-157.5	-16.2333	0.0237529	0.2083
-153.0	-16.2333	0.0382539	0.2009
-148.5	-16.2333	0.032508	0.2357
-144.0	-16.2333	0.0273951	0.1991
-139.5	-16.2333	0.0414429	0.2102
-135.0	-16.2333	0.0374968	0.2174
-130.5	-16.2333	0.0409279	0.1938
-126.0	-16.2333	0.0314725	0.2105
-121.5	-16.2333	0.0457267	0.1707
-117.0	-16.2333	0.0560782	0.1683
-112.5	-16.2333	0.0584036	0.2299
-108.0	-16.2333	0.0756811	0.1426
-103.5	-16.2333	0.0763957	0.144
-99.0	-16.2333	0.0744453	0.1476
-94.5	-16.2333	0.0683781	0.1417
-90.0	-16.2333	0.0832048	0.1402
-85.5	-16.2333	0.0922823	0.1401
-81.0	-16.2333	0.0856423	0.1309
-76.5	-16.2333	0.0903033	0.1249
-72.0	-16.2333	0.10507	0.1224
-67.5	-16.2333	0.0927368	0.1253
-63.0	-16.2333	0.122523	0.1132
-58.5	-16.2333	0.117232	0.1171
-54.0	-16.2333	0.154615	0.1028
-49.5	-16.2333	0.177962	0.1047
-45.0	-16.2333	0.133375	0.1143
-40.5	-16.2333	0.128196	0.1104
-36.0	-16.2333	0.116468	0.1149
-31.5	-16.2333	0.173804	0.1055
-27.0	-16.2333	0.138803	0.1024
-22.5	-16.2333	0.145308	0.1062
-18.0	-16.2333	0.19361	0.0923
-13.5	-16.2333	0.209732	0.0993
-9.0	-16.2333	0.19276	0.104
-4.5	-16.2333	0.161369	0.0974
0.0	-16.2333	0.178134	0.1148
4.5	-16.2333	0.161183	0.0978
9.0	-16.2333	0.170727	0.1056
13.5	-16.2333	0.132518	0.0968
18.0	-16.2333	0.151619	0.1019
22.5	-16.2333	0.21107	0.091
27.0	-16.2333	0.182044	0.0973
31.5	-16.2333	0.134966	0.1141
36.0	-16.2333	0.148425	0.103
40.5	-16.2333	0.147459	0.1032
45.0	-16.2333	0.138476	0.0988
49.5	-16.2333	0.145257	0.1025
54.0	-16.2333	0.155511	0.1017
58.5	-16.2333	0.13815	0.1201
63.0	-16.2333	0.118139	0.1109
67.5	-16.2333	0.13017	0.113
72.0	-16.2333	0.13357	0.1111
76.5	-16.2333	0.128134	0.1155
81.0	-16.2333	0.0808387	0.1393
85.5	-16.2333	0.135091	0.1183
90.0	-16.2333	0.119539	0.1201
94.5	-16.2333	0.0969216	0.1337
99.0	-16.2333	0.100225	0.1301
103.5	-16.2333	0.0725454	0.15
108.0	-16.2333	0.0673097	0.1469
112.5	-16.2333	0.0569142	0.1493
117.0	-16.2333	0.0547299	0.1791
121.5	-16.2333	0.0484081	0.1872
126.0	-16.2333	0.0639018	0.1611
130.5	-16.2333	0.0445486	0.1779
135.0	-16.2333	0.0592524	0.1818
139.5	-16.2333	0.0525245	0.1702
144.0	-16.2333	0.0383283	0.1908
148.5	-16.2333	0.0331177	0.2082
153.0	-16.2333	0.0467161	0.2047
157.5	-16.2333	0.0369377	0.2236
162.0	-16.2333	0.0454478	0.2212
166.5	-16.2333	0.0296974	0.2327
171.0	-16.2333	0.0210195	0.2404
175.5	-16.2333	0.0266589	0.2197
180.0	-16.2333	0.0202898	0.2752
184.5	-16.2333	0.0273113	0.2659
189.0	-16.2333	0.0263531	0.2631
193.5	-16.2333	0.0218475	0.3066
198.0	-16.2333	0.0197081	0.2595
202.5	-16.2333	0.0203417	0.2858
207.0	-16.2333	0.018821	0.3303
211.5	-16.2333	0.0138573	0.3627
216.0	-16.2333	0.0143581	0.3311
220.5	-16.2333	0.00533075	0.3746
225.0	-16.2333	0.0124125	0.2895
229.5	-16.2333	0.00813311	0.4604
234.0	-16.2333	0.00548025	0.4351
238.5	-16.2333	0.00750835	0.3475
243.0	-16.2333	0.00595016	0.3998
247.5	-16.2333	0.00204327	0.2886
252.0	-16.2333	0.00679323	0.3886
256.5	-16.2333	0.0019406	0.3321
261.0	-16.2333	0.00264621	0.3484
265.5	-16.2333	0.00475686	0.5384
270.0	-16.2333	0.00307673	0.5566
274.5	-16.2333	0.0055861	0.5172
279.0	-16.2333	0.00592325	0.4791
283.5	-16.2333	0.00397878	0.5851
288.0	-16.2333	0.00298476	0.5457
292.5	-16.2333	0.00488448	0.5809
297.0	-16.2333	0.00326849	0.6223
301.5	-16.2333	0.000673526	0.3633
306.0	-16.2333	0.00100841	0.6309
310.5	-16.2333	0.00167156	0.5517
315.0	-16.2333	0.00392043	0.4841
319.5	-16.2333	0.000609899	0.3341
324.0	-16.2333	0.000569459	0.4013
328.5	-16.2333	0.00137374	0.7238
333.0	-16.2333	0.00779813	0.6371
337.5	-16.2333	0.000406027	0.3177
342.0	-16.2333	0.000430465	0.3523
346.5	-16.2333	0.00230365	0.6088
351.0	-16.2333	0.000686578	0.346
355.5	-16.2333	0.00342575	0.8092
360.0	-16.2333	0.00155689	0.8071
364.5	-16.2333	0.000384374	0.3531
369.0	-16.2333	0.00263032	0.7203
373.5	-16.2333	0.00157863	0.9428
378.0	-16.2333	0.00132765	0.7933
382.5	-16.2333	0.00117135	0.8548
387.0	-16.2333	0.00252846	0.9001
391.5	-16.2333	0.000257216	0.4496
396.0	-16.2333	0.000177103	0.5944
400.5	-16.2333	0.00337861	0.9479
405.0	-16.2333	0.0007499	0.8852
409.5	-16.2333	6.24397e-05	1.0
414.0	-16.2333	9.05538e-05	0.6918
418.5	-16.2333	0.00344928	0.9908
423.0	-16.2333	0.0006809	0.9858
427.5	-16.2333	0.00117507	0.8654
432.0	-16.2333	0.00102969	0.9021
436.5	-16.2333	0.00135218	0.9978
441.0	-16.2333	0.00191551	0.9998
445.5	-16.2333	2.07491e-05	0.7158
-450.0	-13.6667	8.15454e-05	0.5404
-445.5	-13.6667	0.000117954	0.4572
-441.0	-13.6667	0.000352552	0.63
-436.5	-13.6667	8.57226e-05	0.4756
-432.0	-13.6667	3.45048e-05	0.708
-427.5	-13.6667	7.9336e-05	0.7241
-423.0	-13.6667	4.28065e-05	0.6211
-418.5	-13.6667	2.26153e-05	0.8259
-414.0	-13.6667	0.00172076	0.9764
-409.5	-13.6667	3.98185e-05	0.7101
-405.0	-13.6667	5.22531e-06	1.0
-400.5	-13.6667	0.000123199	0.7294
-396.0	-13.6667	0.000151532	0.6998
-391.5	-13.6667	0.000169732	0.6439
-387.0	-13.6667	0.000115924	1.0
-382.5	-13.6667	0.000137975	1.0
-378.0	-13.6667	0.000862823	0.7426
-373.5	-13.6667	0.000422798	0.4565
-369.0	-13.6667	0.000366575	0.3901
-364.5	-13.6667	0.000243909	0.5188
-360.0	-13.6667	0.000693071	0.6552
-355.5	-13.6667	0.00028575	0.4643
-351.0	-13.6667	0.000366426	0.3981
-346.5	-13.6667	0.00022103	0.4323
-342.0	-13.6667	0.000255791	0.3313
-337.5	-13.6667	0.001692	0.7618
-333.0	-13.6667	0.00143145	0.5811
-328.5	-13.6667	0.00172718	0.5499
-324.0	-13.6667	0.0013757	0.751
-319.5	-13.6667	0.000990626	0.8282
-315.0	-13.6667	0.00178698	0.7811
-310.5	-13.6667	0.000664963	0.4314
-306.0	-13.6667	0.000242468	0.4072
-301.5	-13.6667	0.00170769	0.8197
-297.0	-13.6667	0.00237108	0.6122
-292.5	-13.6667	0.00199507	0.5519
-288.0	-13.6667	0.00245504	0.7898
-283.5	-13.6667	0.00127569	0.6433
-279.0	-13.6667	0.0032182	0.5973
-274.5	-13.6667	0.00503062	0.4558
-270.0	-13.6667	0.000751364	0.389
-265.5	-13.6667	0.0016747	0.5386
-261.0	-13.6667	0.00705773	0.4869
-256.5	-13.6667	0.00580992	0.5434
-252.0	-13.6667	0.00359605	0.7229
-247.5	-13.6667	0.0072248	0.4111
-243.0	-13.6667	0.0104866	0.5025
-238.5	-13.6667	0.00555178	0.4726
-234.0	-13.6667	0.00720021	0.4209
-229.5	-13.6667	0.00185058	0.3867
-225.0	-13.6667	0.00520153	0.6028
-220.5	-13.6667	0.000980631	0.2953
-216.0	-13.6667	0.00161158	0.37
-211.5	-13.6667	0.0040266	0.4058
-207.0	-13.6667	0.00769623	0.4302
-202.5	-13.6667	0.00841968	0.4055
-198.0	-13.6667	0.0107307	0.3883
-193.5	-13.6667	0.0231092	0.2768
-189.0	-13.6667	0.0139002	0.2859
-184.5	-13.6667	0.0274564	0.2644
-180.0	-13.6667	0.025942	0.2581
-175.5	-13.6667	0.0170129	0.2757
-171.0	-13.6667	0.0200632	0.2467
-166.5	-13.6667	0.0173267	0.2612
-162.0	-13.6667	0.0265668	0.247
-157.5	-13.6667	0.0258345	0.2769
-153.0	-13.6667	0.0304874	0.2249
-148.5	-13.6667	0.0281992	0.2451
-144.0	-13.6667	0.0434042	0.2218
-139.5	-13.6667	0.0411972	0.1988
-135.0	-13.6667	0.0441757	0.1867
-130.5	-13.6667	0.044423	0.1848
-126.0	-13.6667	0.0414053	0.2205
-121.5	-13.6667	0.05436	0.1714
-117.0	-13.6667	0.0487902	0.1773
-112.5	-13.6667	0.0633122	0.1591
-108.0	-13.6667	0.0705087	0.1665
-103.5	-13.6667	0.061462	0.1592
-99.0	-13.6667	0.0835822	0.1348
-94.5	-13.6667	0.0787544	0.147
-90.0	-13.6667	0.0854696	0.1408
-85.5	-13.6667	0.0903923	0.1334
-81.0	-13.6667	0.123206	0.1194
-76.5	-13.6667	0.119296	0.1218
-72.0	-13.6667	0.115178	0.1207
-67.5	-13.6667	0.103642	0.1281
-63.0	-13.6667	0.128489	0.1104
-58.5	-13.6667	0.132805	0.1068
-54.0	-13.6667	0.145674	0.104
-49.5	-13.6667	0.144441	0.1142
-45.0	-13.6667	0.148258	0.1059
-40.5	-13.6667	0.131403	0.1125
-36.0	-13.6667	0.144763	0.1139
-31.5	-13.6667	0.161584	0.1135
-27.0	-13.6667	0.148585	0.1125
-22.5	-13.6667	0.17684	0.0942
-18.0	-13.6667	0.169103	0.0985
-13.5	-13.6667	0.164174	0.0946
-9.0	-13.6667	0.207063	0.0936
-4.5	-13.6667	0.172366	0.1003
0.0	-13.6667	0.190126	0.0923
4.5	-13.6667	0.176309	0.0949
9.0	-13.6667	0.172527	0.1161
13.5	-13.6667	0.22179	0.087
18.0	-13.6667	0.174137	0.0964
22.5	-13.6667	0.165408	0.0956
27.0	-13.6667	0.170196	0.0945
31.5	-13.6667	0.200501	0.1059
36.0	-13.6667	0.133681	0.1072
40.5	-13.6667	0.153015	0.106
45.0	-13.6667	0.161875	0.1019
49.5	-13.6667	0.142356	0.1046
54.0	-13.6667	0.151506	0.1052
58.5	-13.6667	0.119769	0.1183
63.0	-13.6667	0.120653	0.1116
67.5	-13.6667	0.1072	0.1173
72.0	-13.6667	0.12905	0.1163
76.5	-13.6667	0.121052	0.116
81.0	-13.6667	0.150481	0.1218
85.5	-13.6667	0.0920547	0.1306
90.0	-13.6667	0.101562	0.1295
94.5	-13.6667	0.0979299	0.1574
99.0	-13.6667	0.0695531	0.1568
103.5	-13.6667	0.0929316	0.1407
108.0	-13.6667	0.0928777	0.1663
112.5	-13.6667	0.0585145	0.1577
117.0	-13.6667	0.0695315	0.1758
121.5	-13.6667	0.0571481	0.1668
126.0	-13.6667	0.0342811	0.1951
130.5	-13.6667	0.0596857	0.1696
135.0	-13.6667	0.0476137	0.1802
139.5	-13.6667	0.0580422	0.1652
144.0	-13.6667	0.0545451	0.1734
148.5	-13.6667	0.0415966	0.1874
153.0	-13.6667	0.0436795	0.1859
157.5	-13.6667	0.0336482	0.2272
162.0	-13.6667	0.014022	0.2279
166.5	-13.6667	0.0315947	0.2289
171.0	-13.6667	0.0260239	0.2202
175.5	-13.6667	0.0173317	0.2779
180.0	-13.6667	0.0199956	0.2797
184.5	-13.6667	0.022796	0.2769
189.0	-13.6667	0.0241545	0.286
193.5	-13.6667	0.0106073	0.3419
198.0	-13.6667	0.0159515	0.3008
202.5	-13.6667	0.018323	0.2991
207.0	-13.6667	0.00852051	0.4869
211.5	-13.6667	0.00396797	0.418
216.0	-13.6667	0.0110388	0.3744
220.5	-13.6667	0.00600163	0.3999
225.0	-13.6667	0.00711667	0.438
229.5	-13.6667	0.00356448	0.5439
234.0	-13.6667	0.00872722	0.4274
238.5	-13.6667	0.0114464	0.3454
243.0	-13.6667	0.0109908	0.3786
247.5	-13.6667	0.00620663	0.3723
252.0	-13.6667	0.00427421	0.3796
256.5	-13.6667	0.00258397	0.5493
261.0	-13.6667	0.00676454	0.3494
265.5	-13.6667	0.00554681	0.4698
270.0	-13.6667	0.00312796	0.4481
274.5	-13.6667	0.00612177	0.4834
279.0	-13.6667	0.00632151	0.5004
283.5	-13.6667	0.00328859	0.5121
288.0	-13.6667	0.00324602	0.8109
292.5	-13.6667	0.00187762	0.6613
297.0	-13.6667	0.00359044	0.628
301.5	-13.6667	0.00281864	0.8072
306.0	-13.6667	0.0012809	0.5541
310.5	-13.6667	0.00390423	0.6057
315.0	-13.6667	0.00287686	0.5904
319.5	-13.6667	0.00275258	0.6746
324.0	-13.6667	0.00409311	0.568
328.5	-13.6667	0.00230049	0.5071
333.0	-13.6667	0.00664987	0.5174
337.5	-13.6667	0.00261506	0.72
342.0	-13.6667	0.0024451	0.6705
346.5	-13.6667	0.00158774	0.8792
351.0	-13.6667	0.0018132	0.8309
355.5	-13.6667	0.00137114	0.7781
360.0	-13.6667	0.00388151	0.6844
364.5	-13.6667	0.000747285	0.9216
369.0	-13.6667	0.000124917	0.4285
373.5	-13.6667	0.000550897	0.8208
378.0	-13.6667	0.0013401	0.8198
382.5	-13.6667	0.00202257	0.8932
387.0	-13.6667	0.00157856	0.6226
391.5	-13.6667	0.000644549	0.6855
396.0	-13.6667	0.00114062	0.9297
400.5	-13.6667	8.43674e-05	0.6041
405.0	-13.6667	0.00090706	0.8497
409.5	-13.6667	2.49784e-05	1.0
414.0	-13.6667	8.35983e-06	1.0
418.5	-13.6667	4.63048e-05	0.7254
423.0	-13.6667	0.00264065	0.7219
427.5	-13.6667	0.000896055	0.8238
432.0	-13.6667	0.000139129	0.5393
436.5	-13.6667	0.000395628	0.5154
441.0	-13.6667	0.00308685	0.6255
445.5	-13.6667	0.00204237	0.9283
-450.0	-11.1	8.18578e-05	0.745
-445.5	-11.1	5.41833e-05	0.6558
-441.0	-11.1	0.0	0.0
-436.5	-11.1	0.000775148	0.8899
-432.0	-11.1	6.14615e-05	0.6057
-427.5	-11.1	9.74882e-05	0.5446
-423.0	-11.1	1.82521e-05	0.9757
-418.5	-11.1	1.69838e-06	1.0
-414.0	-11.1	2.28171e-05	1.0
-409.5	-11.1	3.52246e-05	1.0
-405.0	-11.1	0.000944337	0.9969
-400.5	-11.1	0.00110696	0.96
-396.0	-11.1	5.23674e-05	0.7743
-391.5	-11.1	0.000782998	0.8672
-387.0	-11.1	8.86702e-05	0.7113
-382.5	-11.1	7.22934e-05	0.6122
-378.0	-11.1	0.000137527	0.4632
-373.5	-11.1	0.000202934	0.3885
-369.0	-11.1	8.19831e-05	0.5673
-364.5	-11.1	8.67386e-05	0.5634
-360.0	-11.1	0.00015959	0.4069
-355.5	-11.1	0.000163059	0.4936
-351.0	-11.1	0.000328747	0.3233
-346.5	-11.1	0.000378741	0.3227
-342.0	-11.1	0.000312131	0.3502
-337.5	-11.1	0.000152453	0.3561
-333.0	-11.1	0.000504985	0.2941
-328.5	-11.1	0.00128394	0.6125
-324.0	-11.1	0.0041104	0.686
-319.5	-11.1	0.000237721	0.3258
-315.0	-11.1	0.000216628	0.5943
-310.5	-11.1	0.000321696	0.3047
-306.0	-11.1	0.000277472	0.3044
-301.5	-11.1	0.00148206	0.8007
-297.0	-11.1	0.000557865	0.6576
-292.5	-11.1	0.00579752	0.4895
-288.0	-11.1	0.00352789	0.6305
-283.5	-11.1	0.00666751	0.6433
-279.0	-11.1	0.00610418	0.6458
-274.5	-11.1	0.00450501	0.6334
-270.0	-11.1	0.00363563	0.5016
-265.5	-11.1	0.0033204	0.7103
-261.0	-11.1	0.00215344	0.4913
-256.5	-11.1	0.00447917	0.4764
-252.0	-11.1	0.00235596	0.678
-247.5	-11.1	0.00676334	0.4908
-243.0	-11.1	0.00345737	0.4291
-238.5	-11.1	0.0105327	0.3829
-234.0	-11.1	0.00377223	0.4091
-229.5	-11.1	0.00714191	0.4495
-225.0	-11.1	0.00102989	0.3967
-220.5	-11.1	0.00417106	0.4696
-216.0	-11.1	0.004643	0.5695
-211.5	-11.1	0.0122324	0.4019
-207.0	-11.1	0.0169297	0.3336
-202.5	-11.1	0.012218	0.3304
-198.0	-11.1	0.00569223	0.435
-193.5	-11.1	0.0168266	0.3367
-189.0	-11.1	0.021023	0.2687
-184.5	-11.1	0.0159381	0.2797
-180.0	-11.1	0.024081	0.3044
-175.5	-11.1	0.0312945	0.2378
-171.0	-11.1	0.0268307	0.2231
-166.5	-11.1	0.0230426	0.2733
-162.0	-11.1	0.0178008	0.2609
-157.5	-11.1	0.0254007	0.2354
-153.0	-11.1	0.0229682	0.2857
-148.5	-11.1	0.0250572	0.2175
-144.0	-11.1	0.0388371	0.232
-139.5	-11.1	0.0439953	0.1954
-135.0	-11.1	0.0427579	0.2052
-130.5	-11.1	0.0463948	0.2394
-126.0	-11.1	0.0519997	0.1954
-121.5	-11.1	0.0643729	0.1622
-117.0	-11.1	0.0546284	0.1631
-112.5	-11.1	0.0581887	0.1422
-108.0	-11.1	0.0671826	0.1535
-103.5	-11.1	0.0973403	0.137
-99.0	-11.1	0.0827367	0.1536
-94.5	-11.1	0.0977497	0.1353
-90.0	-11.1	0.0933872	0.1258
-85.5	-11.1	0.071096	0.1357
-81.0	-11.1	0.0977799	0.1299
-76.5	-11.1	0.107451	0.1278
-72.0	-11.1	0.120341	0.1228
-67.5	-11.1	0.107572	0.121
-63.0	-11.1	0.106313	0.1222
-58.5	-11.1	0.121898	0.1161
-54.0	-11.1	0.153382	0.105
-49.5	-11.1	0.132982	0.1135
-45.0	-11.1	0.165698	0.1004
-40.5	-11.1	0.131833	0.1074
-36.0	-11.1	0.16979	0.1057
-31.5	-11.1	0.151272	0.1019
-27.0	-11.1	0.147742	0.1001
-22.5	-11.1	0.153035	0.0981
-18.0	-11.1	0.189836	0.1
-13.5	-11.1	0.183366	0.097
-9.0	-11.1	0.219201	0.1106
-4.5	-11.1	0.216318	0.0941
0.0	-11.1	0.185295	0.0906
4.5	-11.1	0.184046	0.0969
9.0	-11.1	0.169838	0.1074
13.5	-11.1	0.16735	0.0977
18.0	-11.1	0.174888	0.0956
22.5	-11.1	0.158371	0.1008
27.0	-11.1	0.208596	0.0895
31.5	-11.1	0.194947	0.095
36.0	-11.1	0.194297	0.0981
40.5	-11.1	0.15598	0.1058
45.0	-11.1	0.17352	0.1107
49.5	-11.1	0.144238	0.1005
54.0	-11.1	0.137924	0.1038
58.5	-11.1	0.143626	0.1048
63.0	-11.1	0.13484	0.1056
67.5	-11.1	0.122584	0.1094
72.0	-11.1	0.14445	0.1648
76.5	-11.1	0.0883096	0.1241
81.0	-11.1	0.128719	0.1186
85.5	-11.1	0.0966731	0.1229
90.0	-11.1	0.0880936	0.1365
94.5	-11.1	0.102218	0.1278
99.0	-11.1	0.0954058	0.1311
103.5	-11.1	0.0796837	0.1371
108.0	-11.1	0.0748602	0.1494
112.5	-11.1	0.0612832	0.1571
117.0	-11.1	0.0722144	0.1501
121.5	-11.1	0.0567471	0.1569
126.0	-11.1	0.0586154	0.1666
130.5	-11.1	0.0584151	0.1592
135.0	-11.1	0.0656067	0.1573
139.5	-11.1	0.0462818	0.172
144.0	-11.1	0.0497497	0.1761
148.5	-11.1	0.0484972	0.1932
153.0	-11.1	0.0407531	0.1793
157.5	-11.1	0.0298519	0.239
162.0	-11.1	0.0470393	0.1939
166.5	-11.1	0.0282757	0.2634
171.0	-11.1	0.0275201	0.2375
175.5	-11.1	0.0275559	0.2571
180.0	-11.1	0.0198709	0.2633
184.5	-11.1	0.0209626	0.2803
189.0	-11.1	0.0289569	0.2407
193.5	-11.1	0.0193651	0.28
198.0	-11.1	0.0165006	0.2635
202.5	-11.1	0.017184	0.2847
207.0	-11.1	0.00682051	0.3208
211.5	-11.1	0.0141887	0.3295
216.0	-11.1	0.011599	0.3563
220.5	-11.1	0.0227413	0.3322
225.0	-11.1	0.00762025	0.3371
229.5	-11.1	0.00731638	0.3861
234.0	-11.1	0.00574949	0.3824
238.5	-11.1	0.0020395	0.5587
243.0	-11.1	0.00922891	0.4617
247.5	-11.1	0.00498235	0.4396
252.0	-11.1	0.00615456	0.3686
256.5	-11.1	0.0118206	0.3816
261.0	-11.1	0.00907952	0.3665
265.5	-11.1	0.00136155	0.3703
270.0	-11.1	0.00148271	0.3519
274.5	-11.1	0.00457745	0.4931
279.0	-11.1	0.000541673	0.2314
283.5	-11.1	0.000566003	0.2684
288.0	-11.1	0.00711996	0.5274
292.5	-11.1	0.00921609	0.6207
297.0	-11.1	0.00665821	0.5677
301.5	-11.1	0.00153911	0.6586
306.0	-11.1	0.00056747	0.2562
310.5	-11.1	0.000756612	0.3923
315.0	-11.1	0.0016354	0.5704
319.5	-11.1	0.00467007	0.5382
324.0	-11.1	0.00382046	0.542
328.5	-11.1	0.00823641	0.4912
333.0	-11.1	0.00652351	0.6478
337.5	-11.1	0.00190454	0.6703
342.0	-11.1	0.0024291	0.8641
346.5	-11.1	0.00234051	0.8966
351.0	-11.1	0.00217688	0.8408
355.5	-11.1	0.00162619	0.8516
360.0	-11.1	0.00250742	0.914
364.5	-11.1	0.00397845	0.9589
369.0	-11.1	0.00390515	0.9768
373.5	-11.1	0.00425759	0.8972
378.0	-11.1	0.00543317	0.7482
382.5	-11.1	0.00209817	0.6688
387.0	-11.1	0.000295182	0.6219
391.5	-11.1	6.66991e-05	0.5939
396.0	-11.1	0.00118921	0.946
400.5	-11.1	4.44185e-05	0.7698
405.0	-11.1	0.000404576	0.5628
409.5	-11.1	0.00129717	0.9026
414.0	-11.1	0.000151167	0.6604
418.5	-11.1	0.000556889	0.7931
423.0	-11.1	0.00231031	0.9422
427.5	-11.1	0.000658407	0.6381
432.0	-11.1	0.00138773	0.8789
436.5	-11.1	0.000289802	0.3947
441.0	-11.1	0.00201697	0.9251
445.5	-11.1	0.00012096	0.682
-450.0	-8.53333	0.000106821	0.5736
-445.5	-8.53333	0.000151116	0.5144
-441.0	-8.53333	1.44567e-05	1.0
-436.5	-8.53333	1.61234e-05	0.974
-432.0	-8.53333	0.000213051	0.7972
-427.5	-8.53333	5.55864e-05	0.5606
-423.0	-8.53333	3.18601e-05	1.0
-418.5	-8.53333	0.0	0.0
-414.0	-8.53333	0.0	0.0
-409.5	-8.53333	1.37974e-05	0.931
-405.0	-8.53333	0.0	0.0
-400.5	-8.53333	0.0	0.0
-396.0	-8.53333	0.000114373	0.6506
-391.5	-8.53333	0.00302296	0.9852
-387.0	-8.53333	3.69712e-05	1.0
-382.5	-8.53333	0.000190572	0.7456
-378.0	-8.53333	0.000526747	0.912
-373.5	-8.53333	0.000188926	0.4105
-369.0	-8.53333	0.00214623	0.9539
-364.5	-8.53333	0.000233209	0.3967
-360.0	-8.53333	0.00010672	0.5848
-355.5	-8.53333	0.000181774	0.4801
-351.0	-8.53333	0.000301836	0.3224
-346.5	-8.53333	0.00139361	0.6038
-342.0	-8.53333	0.00178088	0.8516
-337.5	-8.53333	0.000277744	0.2846
-333.0	-8.53333	0.00289374	0.8829
-328.5	-8.53333	0.00161333	0.8556
-324.0	-8.53333	0.00026866	0.3206
-319.5	-8.53333	0.00134639	0.7687
-315.0	-8.53333	0.000168283	0.4102
-310.5	-8.53333	0.000402567	0.2595
-306.0	-8.53333	0.000269278	0.3061
-301.5	-8.53333	0.00162111	0.6836
-297.0	-8.53333	0.000327741	0.2711
-292.5	-8.53333	0.00282035	0.6228
-288.0	-8.53333	0.00416088	0.4395
-283.5	-8.53333	0.00198914	0.5791
-279.0	-8.53333	0.000646846	0.2429
-274.5	-8.53333	0.0032077	0.5959
-270.0	-8.53333	0.00359977	0.7407
-265.5	-8.53333	0.0014251	0.5798
-261.0	-8.53333	0.00112966	0.395
-256.5	-8.53333	0.00384894	0.5404
-252.0	-8.53333	0.000799291	0.2136
-247.5	-8.53333	0.00152237	0.3336
-243.0	-8.53333	0.00312332	0.5178
-238.5	-8.53333	0.0122906	0.4137
-234.0	-8.53333	0.00621735	0.4796
-229.5	-8.53333	0.00649528	0.392
-225.0	-8.53333	0.0045138	0.5828
-220.5	-8.53333	0.00653868	0.516
-216.0	-8.53333	0.0153734	0.3269
-211.5	-8.53333	0.0102104	0.3876
-207.0	-8.53333	0.010105	0.4535
-202.5	-8.53333	0.0103649	0.3966
-198.0	-8.53333	0.0195705	0.298
-193.5	-8.53333	0.0263534	0.3387
-189.0	-8.53333	0.01575	0.3345
-184.5	-8.53333	0.0246306	0.2685
-180.0	-8.53333	0.0246824	0.297
-175.5	-8.53333	0.0153093	0.2787
-171.0	-8.53333	0.017395	0.2591
-166.5	-8.53333	0.0193504	0.2445
-162.0	-8.53333	0.0271363	0.2283
-157.5	-8.53333	0.0280112	0.2331
-153.0	-8.53333	0.0277284	0.2244
-148.5	-8.53333	0.0330563	0.1992
-144.0	-8.53333	0.0301464	0.235
-139.5	-8.53333	0.0442486	0.1826
-135.0	-8.53333	0.037643	0.185
-130.5	-8.53333	0.0503918	0.1684
-126.0	-8.53333	0.0436572	0.182
-121.5	-8.53333	0.0614597	0.1658
-117.0	-8.53333	0.0575281	0.155
-112.5	-8.53333	0.0693146	0.1503
-108.0	-8.53333	0.074919	0.1533
-103.5	-8.53333	0.0775176	0.1371
-99.0	-8.53333	0.0828008	0.1416
-94.5	-8.53333	0.0819946	0.1427
-90.0	-8.53333	0.0966817	0.1257
-85.5	-8.53333	0.105312	0.1206
-81.0	-8.53333	0.0859617	0.1354
-76.5	-8.53333	0.0946451	0.1328
-72.0	-8.53333	0.128563	0.1161
-67.5	-8.53333	0.12673	0.1193
-63.0	-8.53333	0.119025	0.1115
-58.5	-8.53333	0.141868	0.1153
-54.0	-8.53333	0.0959775	0.1255
-49.5	-8.53333	0.126071	0.1058
-45.0	-8.53333	0.140152	0.1198
-40.5	-8.53333	0.147634	0.1036
-36.0	-8.53333	0.175155	0.0992
-31.5	-8.53333	0.153604	0.1005
-27.0	-8.53333	0.147483	0.1108
-22.5	-8.53333	0.168492	0.0949
-18.0	-8.53333	0.183287	0.0994
-13.5	-8.53333	0.186572	0.0993
-9.0	-8.53333	0.204727	0.0878
-4.5	-8.53333	0.178811	0.0927
0.0	-8.53333	0.188674	0.0964
4.5	-8.53333	0.178273	0.0947
9.0	-8.53333	0.165289	0.0945
13.5	-8.53333	0.186912	0.1113
18.0	-8.53333	0.20424	0.0914
22.5	-8.53333	0.197403	0.0925
27.0	-8.53333	0.213542	0.0918
31.5	-8.53333	0.170882	0.1073
36.0	-8.53333	0.183372	0.0975
40.5	-8.53333	0.150268	0.1039
45.0	-8.53333	0.154854	0.0989
49.5	-8.53333	0.142918	0.1077
54.0	-8.53333	0.131495	0.107
58.5	-8.53333	0.149094	0.1028
63.0	-8.53333	0.167603	0.1046
67.5	-8.53333	0.145071	0.107
72.0	-8.53333	0.13018	0.1289
76.5	-8.53333	0.123274	0.1299
81.0	-8.53333	0.130647	0.1135
85.5	-8.53333	0.110668	0.1181
90.0	-8.53333	0.110687	0.1217
94.5	-8.53333	0.0810793	0.1376
99.0	-8.53333	0.0949574	0.1262
103.5	-8.53333	0.0793294	0.1323
108.0	-8.53333	0.0793758	0.1365
112.5	-8.53333	0.0808623	0.1463
117.0	-8.53333	0.0836777	0.1467
121.5	-8.53333	0.0624855	0.1607
126.0	-8.53333	0.0640076	0.1508
130.5	-8.53333	0.0551798	0.161
135.0	-8.53333	0.0717491	0.1507
139.5	-8.53333	0.0546356	0.1694
144.0	-8.53333	0.0684477	0.2053
148.5	-8.53333	0.0440418	0.1897
153.0	-8.53333	0.055174	0.1709
157.5	-8.53333	0.036764	0.2257
162.0	-8.53333	0.035928	0.2451
166.5	-8.53333	0.0341445	0.2154
171.0	-8.53333	0.0233534	0.2303
175.5	-8.53333	0.0229007	0.2463
180.0	-8.53333	0.0181882	0.2366
184.5	-8.53333	0.0391265	0.2215
189.0	-8.53333	0.0300418	0.2106
193.5	-8.53333	0.0249615	0.2567
198.0	-8.53333	0.0151474	0.2908
202.5	-8.53333	0.0196415	0.2727
207.0	-8.53333	0.0150765	0.3365
211.5	-8.53333	0.0118034	0.3634
216.0	-8.53333	0.0169308	0.2858
220.5	-8.53333	0.0155986	0.3333
225.0	-8.53333	0.0151773	0.2945
229.5	-8.53333	0.00933107	0.3848
234.0	-8.53333	0.0119887	0.3896
238.5	-8.53333	0.00439923	0.4671
243.0	-8.53333	0.00498307	0.4158
247.5	-8.53333	0.00666562	0.4195
252.0	-8.53333	0.00589059	0.4585
256.5	-8.53333	0.00673288	0.3516
261.0	-8.53333	0.00366744	0.5201
265.5	-8.53333	0.00150558	0.5237
270.0	-8.53333	0.00816089	0.4121
274.5	-8.53333	0.00313584	0.5653
279.0	-8.53333	0.00416854	0.4954
283.5	-8.53333	0.00230561	0.7485
288.0	-8.53333	0.00103056	0.3713
292.5	-8.53333	0.00326488	0.5448
297.0	-8.53333	0.00241601	0.5616
301.5	-8.53333	0.00368776	0.4455
306.0	-8.53333	0.000749419	0.2896
310.5	-8.53333	0.000787174	0.2204
315.0	-8.53333	0.00087624	0.3829
319.5	-8.53333	0.00332114	0.5131
324.0	-8.53333	0.00249765	0.5876
328.5	-8.53333	0.00111317	0.6413
333.0	-8.53333	0.00101491	0.6498
337.5	-8.53333	0.0018516	0.5506
342.0	-8.53333	0.0019708	0.6323
346.5	-8.53333	0.000181951	0.3603
351.0	-8.53333	0.00170633	0.7153
355.5	-8.53333	0.0016865	0.6585
360.0	-8.53333	0.000239962	0.4313
364.5	-8.53333	0.000319597	0.3403
369.0	-8.53333	0.000172314	0.4335
373.5	-8.53333	0.000292482	0.335
378.0	-8.53333	0.00537039	0.68
382.5	-8.53333	0.00387982	0.7319
387.0	-8.53333	0.0019664	0.9601
391.5	-8.53333	0.000234696	0.6164
396.0	-8.53333	0.000188907	0.7028
400.5	-8.53333	0.00175766	0.8573
405.0	-8.53333	0.00298542	0.9013
409.5	-8.53333	0.000123884	0.6649
414.0	-8.53333	4.47074e-05	1.0
418.5	-8.53333	5.60609e-05	0.7074
423.0	-8.53333	8.10125e-05	0.6775
427.5	-8.53333	0.00217728	0.7258
432.0	-8.53333	0.000168487	0.6863
436.5	-8.53333	7.94449e-05	0.5749
441.0	-8.53333	0.00256836	0.7184
445.5	-8.53333	1.82157e-07	1.0
-450.0	-5.96667	8.24664e-05	0.4964
-445.5	-5.96667	0.00106935	0.9445
-441.0	-5.96667	0.000153377	0.512
-436.5	-5.96667	7.73008e-05	0.6005
-432.0	-5.96667	0.000149602	0.4621
-427.5	-5.96667	4.46167e-05	0.7072
-423.0	-5.96667	6.87067e-05	0.8766
-418.5	-5.96667	7.44934e-06	1.0
-414.0	-5.96667	0.0	0.0
-409.5	-5.96667	4.24697e-05	0.9378
-405.0	-5.96667	5.82197e-05	1.0
-400.5	-5.96667	8.03135e-05	0.6719
-396.0	-5.96667	0.000139697	0.5463
-391.5	-5.96667	3.60042e-05	0.6156
-387.0	-5.96667	6.30952e-05	0.5243
-382.5	-5.96667	6.29211e-05	0.5573
-378.0	-5.96667	0.000926825	0.8408
-373.5	-5.96667	0.000228462	0.4161
-369.0	-5.96667	0.000197655	0.3843
-364.5	-5.96667	0.000267146	0.3689
-360.0	-5.96667	0.000189947	0.4631
-355.5	-5.96667	0.000149658	0.4269
-351.0	-5.96667	9.64208e-05	0.6384
-346.5	-5.96667	0.00417444	0.5862
-342.0	-5.96667	0.00220055	0.8808
-337.5	-5.96667	0.000340783	0.2914
-333.0	-5.96667	0.000282064	0.3304
-328.5	-5.96667	0.000251209	0.377
-324.0	-5.96667	0.000524805	0.2568
-319.5	-5.96667	0.00188916	0.6934
-315.0	-5.96667	0.000250234	0.3371
-310.5	-5.96667	0.000535434	0.7176
-306.0	-5.96667	0.000280895	0.3238
-301.5	-5.96667	0.00280021	0.6127
-297.0	-5.96667	0.000543596	0.2966
-292.5	-5.96667	0.000433089	0.2988
-288.0	-5.96667	0.000748508	0.2392
-283.5	-5.96667	0.00460368	0.6342
-279.0	-5.96667	0.00569129	0.5529
-274.5	-5.96667	0.00320615	0.7204
-270.0	-5.96667	0.00554944	0.5142
-265.5	-5.96667	0.00171863	0.7012
-261.0	-5.96667	0.00155604	0.6836
-256.5	-5.96667	0.0041589	0.4511
-252.0	-5.96667	0.00320881	0.6329
-247.5	-5.96667	0.00205698	0.7595
-243.0	-5.96667	0.00214514	0.5095
-238.5	-5.96667	0.00679941	0.4573
-234.0	-5.96667	0.00672991	0.5855
-229.5	-5.96667	0.00933606	0.4402
-225.0	-5.96667	0.00542966	0.6088
-220.5	-5.96667	0.00347902	0.4118
-216.0	-5.96667	0.00998415	0.431
-211.5	-5.96667	0.00344642	0.3623
-207.0	-5.96667	0.00651402	0.3257
-202.5	-5.96667	0.0139706	0.4094
-198.0	-5.96667	0.0237737	0.323
-193.5	-5.96667	0.0194138	0.294
-189.0	-5.96667	0.0161933	0.2912
-184.5	-5.96667	0.0159937	0.3967
-180.0	-5.96667	0.0152932	0.2586
-175.5	-5.96667	0.0198445	0.248
-171.0	-5.96667	0.0235205	0.3268
-166.5	-5.96667	0.0185612	0.2709
-162.0	-5.96667	0.0304746	0.2666
-157.5	-5.96667	0.0278571	0.2235
-153.0	-5.96667	0.0255693	0.2359
-148.5	-5.96667	0.0389039	0.2286
-144.0	-5.96667	0.0229467	0.2949
-139.5	-5.96667	0.0455476	0.1924
-135.0	-5.96667	0.0304936	0.2176
-130.5	-5.96667	0.0450346	0.1662
-126.0	-5.96667	0.0434056	0.17
-121.5	-5.96667	0.0642768	0.1608
-117.0	-5.96667	0.0594306	0.1548
-112.5	-5.96667	0.0786584	0.1484
-108.0	-5.96667	0.053377	0.1737
-103.5	-5.96667	0.0662644	0.1585
-99.0	-5.96667	0.0780499	0.1444
-94.5	-5.96667	0.0818822	0.1505
-90.0	-5.96667	0.081528	0.1327
-85.5	-5.96667	0.111243	0.1355
-81.0	-5.96667	0.0971916	0.1309
-76.5	-5.96667	0.0912375	0.1221
-72.0	-5.96667	0.10789	0.1239
-67.5	-5.96667	0.15477	0.1064
-63.0	-5.96667	0.121993	0.1207
-58.5	-5.96667	0.10864	0.1146
-54.0	-5.96667	0.14997	0.1122
-49.5	-5.96667	0.131702	0.1091
-45.0	-5.96667	0.150017	0.1118
-40.5	-5.96667	0.158206	0.1041
-36.0	-5.96667	0.138668	0.1212
-31.5	-5.96667	0.18104	0.0914
-27.0	-5.96667	0.1779	0.1023
-22.5	-5.96667	0.145322	0.1009
-18.0	-5.96667	0.202557	0.0984
-13.5	-5.96667	0.150758	0.1049
-9.0	-5.96667	0.17427	0.0954
-4.5	-5.96667	0.152648	0.1074
0.0	-5.96667	0.148392	0.1014
4.5	-5.96667	0.157032	0.0929
9.0	-5.96667	0.196728	0.0905
13.5	-5.96667	0.193398	0.0897
18.0	-5.96667	0.187823	0.0915
22.5	-5.96667	0.149192	0.0991
27.0	-5.96667	0.17959	0.105
31.5	-5.96667	0.172468	0.1038
36.0	-5.96667	0.154621	0.1023
40.5	-5.96667	0.130612	0.1088
45.0	-5.96667	0.147186	0.1014
49.5	-5.96667	0.151459	0.102
54.0	-5.96667	0.162309	0.1005
58.5	-5.96667	0.138627	0.1075
63.0	-5.96667	0.161167	0.1058
67.5	-5.96667	0.148162	0.1029
72.0	-5.96667	0.125345	0.1124
76.5	-5.96667	0.123718	0.12
81.0	-5.96667	0.114806	0.1208
85.5	-5.96667	0.110255	0.1215
90.0	-5.96667	0.0992564	0.1285
94.5	-5.96667	0.126858	0.1147
99.0	-5.96667	0.0959285	0.1219
103.5	-5.96667	0.0909044	0.1316
108.0	-5.96667	0.0869729	0.1354
112.5	-5.96667	0.0693334	0.1535
117.0	-5.96667	0.0930774	0.1315
121.5	-5.96667	0.049786	0.1809
126.0	-5.96667	0.0634456	0.152
130.5	-5.96667	0.0833889	0.1404
135.0	-5.96667	0.0522094	0.162
139.5	-5.96667	0.0553702	0.1717
144.0	-5.96667	0.048172	0.19
148.5	-5.96667	0.0488204	0.2051
153.0	-5.96667	0.0384666	0.1908
157.5	-5.96667	0.0375853	0.195
162.0	-5.96667	0.0393731	0.2002
166.5	-5.96667	0.0162775	0.373
171.0	-5.96667	0.0190987	0.2728
175.5	-5.96667	0.0241784	0.2731
180.0	-5.96667	0.0318011	0.225
184.5	-5.96667	0.025863	0.2379
189.0	-5.96667	0.014382	0.2997
193.5	-5.96667	0.0110346	0.3474
198.0	-5.96667	0.00830953	0.3027
202.5	-5.96667	0.0223562	0.3428
207.0	-5.96667	0.0217729	0.2878
211.5	-5.96667	0.00803505	0.4409
216.0	-5.96667	0.00526627	0.378
220.5	-5.96667	0.00544787	0.3596
225.0	-5.96667	0.0188622	0.2813
229.5	-5.96667	0.0133403	0.3254
234.0	-5.96667	0.00880909	0.3858
238.5	-5.96667	0.00680372	0.3719
243.0	-5.96667	0.0105588	0.3961
247.5	-5.96667	0.0115848	0.3906
252.0	-5.96667	0.00786331	0.4427
256.5	-5.96667	0.0120439	0.4107
261.0	-5.96667	0.00547538	0.4267
265.5	-5.96667	0.000529679	0.2552
270.0	-5.96667	0.00603836	0.5712
274.5	-5.96667	0.00562143	0.5184
279.0	-5.96667	0.00793982	0.4786
283.5	-5.96667	0.00289024	0.5718
288.0	-5.96667	0.00501345	0.5705
292.5	-5.96667	0.00562358	0.6009
297.0	-5.96667	0.00312722	0.5515
301.5	-5.96667	0.00145965	0.7145
306.0	-5.96667	0.00168988	0.5125
310.5	-5.96667	0.00190211	0.5212
315.0	-5.96667	0.00319295	0.5297
319.5	-5.96667	0.00699051	0.5009
324.0	-5.96667	0.00106962	0.3873
328.5	-5.96667	0.000588304	0.2557
333.0	-5.96667	0.00143462	0.7699
337.5	-5.96667	0.0021734	0.8886
342.0	-5.96667	0.00104481	0.8842
346.5	-5.96667	0.000354584	0.3835
351.0	-5.96667	0.00202603	0.5892
355.5	-5.96667	0.00361616	0.6263
360.0	-5.96667	0.0032266	0.8772
364.5	-5.96667	0.00685157	0.7738
369.0	-5.96667	0.00609629	0.8413
373.5	-5.96667	0.00515733	0.9793
378.0	-5.96667	0.00140876	0.7607
382.5	-5.96667	0.00360607	0.5115
387.0	-5.96667	0.00339627	0.73
391.5	-5.96667	0.00247128	0.9597
396.0	-5.96667	0.00150249	0.9485
400.5	-5.96667	0.000623416	0.7254
405.0	-5.96667	0.00219269	0.7055
409.5	-5.96667	0.000117379	0.7149
414.0	-5.96667	0.00017785	0.6796
418.5	-5.96667	0.00439503	0.9224
423.0	-5.96667	0.00454108	0.9299
427.5	-5.96667	0.000981341	0.9482
432.0	-5.96667	0.000116958	0.5498
436.5	-5.96667	0.000168612	0.5683
441.0	-5.96667	0.00127501	0.9422
445.5	-5.96667	0.000109011	0.5273
-450.0	-3.4	0.000165061	0.4052
-445.5	-3.4	3.8735e-05	0.8465
-441.0	-3.4	0.0	0.0
-436.5	-3.4	4.62633e-05	0.746
-432.0	-3.4	0.000156199	0.5623
-427.5	-3.4	0.00241017	0.909
-423.0	-3.4	0.000101351	0.7074
-418.5	-3.4	1.35543e-05	0.9284
-414.0	-3.4	9.1379e-05	0.6745
-409.5	-3.4	2.18688e-05	0.8342
-405.0	-3.4	4.39445e-05	1.0
-400.5	-3.4	0.000297616	0.9056
-396.0	-3.4	0.00115696	0.9225
-391.5	-3.4	0.00024274	0.4484
-387.0	-3.4	0.000181357	0.6384
-382.5	-3.4	0.00011753	0.881
-378.0	-3.4	0.000111149	0.6823
-373.5	-3.4	0.000673778	0.9828
-369.0	-3.4	9.57647e-05	0.5204
-364.5	-3.4	0.000189971	0.3646
-360.0	-3.4	0.000162582	0.4494
-355.5	-3.4	6.94935e-05	0.5544
-351.0	-3.4	9.5917e-05	0.561
-346.5	-3.4	0.00340982	0.952
-342.0	-3.4	0.00311834	0.8023
-337.5	-3.4	0.000191908	0.3447
-333.0	-3.4	0.000296831	0.3318
-328.5	-3.4	0.00133838	0.8306
-324.0	-3.4	0.00370647	0.6495
-319.5	-3.4	0.00017517	0.3677
-315.0	-3.4	0.0024723	0.6727
-310.5	-3.4	0.00295866	0.7435
-306.0	-3.4	0.00451942	0.6405
-301.5	-3.4	0.00252597	0.8692
-297.0	-3.4	0.000317998	0.3168
-292.5	-3.4	0.00072055	0.3538
-288.0	-3.4	0.00328228	0.5326
-283.5	-3.4	0.000671908	0.2385
-279.0	-3.4	0.000722143	0.2284
-274.5	-3.4	0.00464177	0.7
-270.0	-3.4	0.00319745	0.6001
-265.5	-3.4	0.00644711	0.4333
-261.0	-3.4	0.00799737	0.567
-256.5	-3.4	0.00410838	0.5869
-252.0	-3.4	0.00138564	0.5305
-247.5	-3.4	0.000826687	0.223
-243.0	-3.4	0.00488373	0.6869
-238.5	-3.4	0.0108228	0.3872
-234.0	-3.4	0.00306105	0.7068
-229.5	-3.4	0.0066564	0.4465
-225.0	-3.4	0.00331225	0.4263
-220.5	-3.4	0.00555375	0.4327
-216.0	-3.4	0.0117052	0.3293
-211.5	-3.4	0.0182185	0.3249
-207.0	-3.4	0.00674155	0.407
-202.5	-3.4	0.00950238	0.3509
-198.0	-3.4	0.013911	0.3268
-193.5	-3.4	0.0111993	0.4103
-189.0	-3.4	0.00778857	0.3213
-184.5	-3.4	0.0160933	0.2871
-180.0	-3.4	0.019751	0.2754
-175.5	-3.4	0.013221	0.3149
-171.0	-3.4	0.0147842	0.3233
-166.5	-3.4	0.0204313	0.2768
-162.0	-3.4	0.0320785	0.2091
-157.5	-3.4	0.025687	0.2313
-153.0	-3.4	0.0243739	0.294
-148.5	-3.4	0.0430195	0.2201
-144.0	-3.4	0.0238147	0.2357
-139.5	-3.4	0.0238749	0.2017
-135.0	-3.4	0.038973	0.1994
-130.5	-3.4	0.048378	0.1747
-126.0	-3.4	0.0347298	0.1863
-121.5	-3.4	0.0619204	0.1484
-117.0	-3.4	0.066047	0.1716
-112.5	-3.4	0.0730751	0.1511
-108.0	-3.4	0.0607561	0.156
-103.5	-3.4	0.0883081	0.1509
-99.0	-3.4	0.0728227	0.1454
-94.5	-3.4	0.0775175	0.1343
-90.0	-3.4	0.080128	0.1363
-85.5	-3.4	0.100143	0.1246
-81.0	-3.4	0.108137	0.119
-76.5	-3.4	0.0953566	0.1407
-72.0	-3.4	0.106983	0.1228
-67.5	-3.4	0.118093	0.1226
-63.0	-3.4	0.116618	0.1146
-58.5	-3.4	0.105727	0.1168
-54.0	-3.4	0.128034	0.1079
-49.5	-3.4	0.141734	0.1146
-45.0	-3.4	0.137626	0.1112
-40.5	-3.4	0.161043	0.1015
-36.0	-3.4	0.171198	0.0972
-31.5	-3.4	0.160787	0.1014
-27.0	-3.4	0.152769	0.1012
-22.5	-3.4	0.222415	0.0935
-18.0	-3.4	0.167342	0.1012
-13.5	-3.4	0.201804	0.098
-9.0	-3.4	0.175014	0.0922
-4.5	-3.4	0.182993	0.0987
0.0	-3.4	0.185785	0.0978
4.5	-3.4	0.180087	0.0966
9.0	-3.4	0.226143	0.0957
13.5	-3.4	0.208449	0.0936
18.0	-3.4	0.232183	0.0854
22.5	-3.4	0.161807	0.0954
27.0	-3.4	0.157494	0.1003
31.5	-3.4	0.153209	0.1026
36.0	-3.4	0.158754	0.1005
40.5	-3.4	0.183441	0.0952
45.0	-3.4	0.164415	0.0986
49.5	-3.4	0.212841	0.1061
54.0	-3.4	0.154527	0.1006
58.5	-3.4	0.135259	0.1155
63.0	-3.4	0.145035	0.1113
67.5	-3.4	0.141959	0.103
72.0	-3.4	0.155815	0.1073
76.5	-3.4	0.121117	0.119
81.0	-3.4	0.117501	0.1194
85.5	-3.4	0.101445	0.1223
90.0	-3.4	0.107263	0.1156
94.5	-3.4	0.105829	0.1257
99.0	-3.4	0.0780398	0.1455
103.5	-3.4	0.0902441	0.1341
108.0	-3.4	0.071711	0.1446
112.5	-3.4	0.0700328	0.1503
117.0	-3.4	0.0765594	0.1524
121.5	-3.4	0.062456	0.1628
126.0	-3.4	0.0826366	0.1447
130.5	-3.4	0.0717447	0.1593
135.0	-3.4	0.0619527	0.1868
139.5	-3.4	0.0438261	0.1705
144.0	-3.4	0.0608049	0.1668
148.5	-3.4	0.0219754	0.2346
153.0	-3.4	0.0483785	0.2035
157.5	-3.4	0.0368996	0.2337
162.0	-3.4	0.0362339	0.2085
166.5	-3.4	0.0289817	0.2453
171.0	-3.4	0.0240832	0.2351
175.5	-3.4	0.0278637	0.2208
180.0	-3.4	0.023891	0.2201
184.5	-3.4	0.0215674	0.279
189.0	-3.4	0.0103935	0.3173
193.5	-3.4	0.0116698	0.3146
198.0	-3.4	0.0183276	0.3502
202.5	-3.4	0.0161803	0.3105
207.0	-3.4	0.0127805	0.329
211.5	-3.4	0.00830711	0.3292
216.0	-3.4	0.0130503	0.3412
220.5	-3.4	0.0181163	0.348
225.0	-3.4	0.0127864	0.3325
229.5	-3.4	0.00684924	0.4054
234.0	-3.4	0.00917538	0.3485
238.5	-3.4	0.00602898	0.4725
243.0	-3.4	0.00686204	0.4458
247.5	-3.4	0.00307276	0.5169
252.0	-3.4	0.00773381	0.3777
256.5	-3.4	0.00507146	0.4099
261.0	-3.4	0.00639635	0.5893
265.5	-3.4	0.00251202	0.3997
270.0	-3.4	0.00270829	0.663
274.5	-3.4	0.00112889	0.4435
279.0	-3.4	0.00175888	0.504
283.5	-3.4	0.00558417	0.566
288.0	-3.4	0.0119915	0.551
292.5	-3.4	0.00709306	0.4671
297.0	-3.4	0.00184466	0.4948
301.5	-3.4	0.000360064	0.2796
306.0	-3.4	0.000636454	0.2203
310.5	-3.4	0.00134796	0.5102
315.0	-3.4	0.00562919	0.4776
319.5	-3.4	0.00525394	0.4647
324.0	-3.4	0.00446494	0.5045
328.5	-3.4	0.000335555	0.3705
333.0	-3.4	0.000540526	0.3152
337.5	-3.4	0.00118153	0.4298
342.0	-3.4	0.00226269	0.8488
346.5	-3.4	0.000375652	0.4226
351.0	-3.4	0.00359052	0.6949
355.5	-3.4	0.00103596	0.7393
360.0	-3.4	0.00153631	0.5426
364.5	-3.4	0.00401636	0.7154
369.0	-3.4	0.000120304	0.4466
373.5	-3.4	0.00103296	0.9106
378.0	-3.4	0.00175414	0.9361
382.5	-3.4	0.000840252	0.9483
387.0	-3.4	0.00258977	0.9442
391.5	-3.4	0.00108997	0.8621
396.0	-3.4	0.000168683	0.7189
400.5	-3.4	0.00057757	0.825
405.0	-3.4	0.000429208	0.7031
409.5	-3.4	0.00230584	0.9684
414.0	-3.4	7.20224e-05	0.5826
418.5	-3.4	5.90751e-05	0.7109
423.0	-3.4	3.51285e-05	1.0
427.5	-3.4	1.03222e-05	0.7551
432.0	-3.4	4.73777e-05	0.6956
436.5	-3.4	3.24588e-05	0.599
441.0	-3.4	0.000107491	0.7107
445.5	-3.4	8.53172e-05	0.7167
-450.0	-0.833333	0.000167767	1.0
-445.5	-0.833333	5.51817e-05	0.5944
-441.0	-0.833333	3.40543e-05	0.7128
-436.5	-0.833333	0.00185536	1.0
-432.0	-0.833333	7.36654e-05	0.7104
-427.5	-0.833333	4.90818e-05	0.6515
-423.0	-0.833333	0.00017496	1.0
-418.5	-0.833333	0.000282188	0.8138
-414.0	-0.833333	0.000241258	0.6306
-409.5	-0.833333	2.447e-05	0.8243
-405.0	-0.833333	3.95172e-05	1.0
-400.5	-0.833333	0.00099522	0.8688
-396.0	-0.833333	0.000138791	0.472
-391.5	-0.833333	0.000234629	0.4157
-387.0	-0.833333	0.000131281	0.5771
-382.5	-0.833333	6.52022e-05	1.0
-378.0	-0.833333	0.000114349	0.6664
-373.5	-0.833333	0.00125307	0.81
-369.0	-0.833333	0.000285994	0.439
-364.5	-0.833333	0.000182499	0.6097
-360.0	-0.833333	9.45398e-05	0.5294
-355.5	-0.833333	7.43062e-05	0.5696
-351.0	-0.833333	0.000209186	0.3973
-346.5	-0.833333	0.000130962	0.5348
-342.0	-0.833333	0.000250743	0.3614
-337.5	-0.833333	0.000214422	0.3839
-333.0	-0.833333	0.00037623	0.2668
-328.5	-0.833333	0.000338024	0.2695
-324.0	-0.833333	0.00197456	0.8613
-319.5	-0.833333	0.0019784	0.6695
-315.0	-0.833333	0.00174869	0.6192
-310.5	-0.833333	0.000923271	0.6146
-306.0	-0.833333	0.0018007	0.5326
-301.5	-0.833333	0.000976965	0.6615
-297.0	-0.833333	0.00245205	0.8433
-292.5	-0.833333	0.00184082	0.6305
-288.0	-0.833333	0.000479886	0.2529
-283.5	-0.833333	0.00183398	0.6964
-279.0	-0.833333	0.00251347	0.6645
-274.5	-0.833333	0.00107693	0.5649
-270.0	-0.833333	0.00406668	0.5132
-265.5	-0.833333	0.00442307	0.7502
-261.0	-0.833333	0.00263845	0.4382
-256.5	-0.833333	0.00323527	0.6871
-252.0	-0.833333	0.00844436	0.47
-247.5	-0.833333	0.0126804	0.4058
-243.0	-0.833333	0.00514897	0.4682
-238.5	-0.833333	0.00159756	0.3526
-234.0	-0.833333	0.00299935	0.6554
-229.5	-0.833333	0.00200596	0.6378
-225.0	-0.833333	0.00473028	0.4719
-220.5	-0.833333	0.00201086	0.4462
-216.0	-0.833333	0.00355166	0.4317
-211.5	-0.833333	0.00349525	0.4272
-207.0	-0.833333	0.00219733	0.4458
-202.5	-0.833333	0.00621269	0.3993
-198.0	-0.833333	0.00877166	0.3755
-193.5	-0.833333	0.00649941	0.3889
-189.0	-0.833333	0.013647	0.3316
-184.5	-0.833333	0.00921124	0.4043
-180.0	-0.833333	0.014062	0.2896
-175.5	-0.833333	0.0153482	0.3155
-171.0	-0.833333	0.0160787	0.2727
-166.5	-0.833333	0.0270839	0.2437
-162.0	-0.833333	0.0293031	0.2453
-157.5	-0.833333	0.0200114	0.2377
-153.0	-0.833333	0.0353208	0.2454
-148.5	-0.833333	0.0270584	0.2407
-144.0	-0.833333	0.0320971	0.2119
-139.5	-0.833333	0.0403911	0.1979
-135.0	-0.833333	0.0364199	0.2037
-130.5	-0.833333	0.0500648	0.1807
-126.0	-0.833333	0.0598865	0.1664
-121.5	-0.833333	0.0430731	0.1769
-117.0	-0.833333	0.0536295	0.1583
-112.5	-0.833333	0.0701306	0.1507
-108.0	-0.833333	0.0704488	0.1537
-103.5	-0.833333	0.0659704	0.1576
-99.0	-0.833333	0.0795734	0.1461
-94.5	-0.833333	0.0949473	0.1361
-90.0	-0.833333	0.104892	0.1241
-85.5	-0.833333	0.0924307	0.1305
-81.0	-0.833333	0.103841	0.118
-76.5	-0.833333	0.105201	0.1217
-72.0	-0.833333	0.112992	0.1561
-67.5	-0.833333	0.113284	0.1149
-63.0	-0.833333	0.139098	0.119
-58.5	-0.833333	0.136239	0.1082
-54.0	-0.833333	0.107025	0.113
-49.5	-0.833333	0.152543	0.1036
-45.0	-0.833333	0.160078	0.1019
-40.5	-0.833333	0.149969	0.106
-36.0	-0.833333	0.18318	0.0966
-31.5	-0.833333	0.160777	0.1014
-27.0	-0.833333	0.176085	0.0963
-22.5	-0.833333	0.181009	0.0975
-18.0	-0.833333	0.175541	0.0994
-13.5	-0.833333	0.187257	0.0922
-9.0	-0.833333	0.199733	0.0931
-4.5	-0.833333	0.184095	0.0933
0.0	-0.833333	0.197256	0.0923
4.5	-0.833333	0.18794	0.0949
9.0	-0.833333	0.172493	0.0971
13.5	-0.833333	0.179475	0.0971
18.0	-0.833333	0.175392	0.0983
22.5	-0.833333	0.156268	0.096
27.0	-0.833333	0.170755	0.1026
31.5	-0.833333	0.181311	0.1082
36.0	-0.833333	0.170524	0.0975
40.5	-0.833333	0.181908	0.093
45.0	-0.833333	0.164044	0.108
49.5	-0.833333	0.178354	0.1024
54.0	-0.833333	0.144364	0.1051
58.5	-0.833333	0.14609	0.1002
63.0	-0.833333	0.11741	0.1084
67.5	-0.833333	0.134197	0.1131
72.0	-0.833333	0.111497	0.1198
76.5	-0.833333	0.0853113	0.1308
81.0	-0.833333	0.125279	0.1248
85.5	-0.833333	0.101889	0.1218
90.0	-0.833333	0.0754791	0.138
94.5	-0.833333	0.131824	0.1174
99.0	-0.833333	0.108246	0.1346
103.5	-0.833333	0.0963743	0.1286
108.0	-0.833333	0.0699766	0.142
112.5	-0.833333	0.0669102	0.1448
117.0	-0.833333	0.0750769	0.1439
121.5	-0.833333	0.0620238	0.161
126.0	-0.833333	0.0546234	0.1659
130.5	-0.833333	0.0673544	0.1477
135.0	-0.833333	0.0706722	0.1583
139.5	-0.833333	0.066767	0.1622
144.0	-0.833333	0.0477164	0.1977
148.5	-0.833333	0.0294882	0.2639
153.0	-0.833333	0.0487165	0.1951
157.5	-0.833333	0.0439846	0.1984
162.0	-0.833333	0.0470946	0.1795
166.5	-0.833333	0.0441806	0.1934
171.0	-0.833333	0.0260879	0.223
175.5	-0.833333	0.0275645	0.2439
180.0	-0.833333	0.0262694	0.2321
184.5	-0.833333	0.02253	0.2553
189.0	-0.833333	0.0195901	0.2566
193.5	-0.833333	0.0220581	0.2757
198.0	-0.833333	0.023109	0.304
202.5	-0.833333	0.0099834	0.3079
207.0	-0.833333	0.0175902	0.3114
211.5	-0.833333	0.00917943	0.3668
216.0	-0.833333	0.00430915	0.4283
220.5	-0.833333	0.0112031	0.3565
225.0	-0.833333	0.00963329	0.4306
229.5	-0.833333	0.00958735	0.3705
234.0	-0.833333	0.00883993	0.3713
238.5	-0.833333	0.00835387	0.4451
243.0	-0.833333	0.00772221	0.429
247.5	-0.833333	0.00341033	0.457
252.0	-0.833333	0.00346593	0.3616
256.5	-0.833333	0.00687393	0.3678
261.0	-0.833333	0.00530627	0.4482
265.5	-0.833333	0.00186823	0.4778
270.0	-0.833333	0.00415117	0.4171
274.5	-0.833333	0.00581513	0.4129
279.0	-0.833333	0.00347694	0.4806
283.5	-0.833333	0.00340736	0.5496
288.0	-0.833333	0.00442939	0.5887
292.5	-0.833333	0.00544977	0.4415
297.0	-0.833333	0.000893901	0.3302
301.5	-0.833333	0.000483514	0.2322
306.0	-0.833333	0.00471975	0.5804
310.5	-0.833333	0.00178351	0.5862
315.0	-0.833333	0.00175642	0.5873
319.5	-0.833333	0.00267367	0.6409
324.0	-0.833333	0.00144412	0.464
328.5	-0.833333	0.00504263	0.6312
333.0	-0.833333	0.000199083	0.4147
337.5	-0.833333	0.00304549	0.6305
342.0	-0.833333	0.000152278	0.408
346.5	-0.833333	0.000274166	0.2883
351.0	-0.833333	0.0015514	0.8029
355.5	-0.833333	0.00271579	0.7119
360.0	-0.833333	0.0028127	0.6245
364.5	-0.833333	0.000852851	0.4912
369.0	-0.833333	0.00123549	0.8816
373.5	-0.833333	9.23147e-05	0.4936
378.0	-0.833333	0.00225232	0.5514
382.5	-0.833333	0.00159547	0.7335
387.0	-0.833333	0.00168197	0.9315
391.5	-0.833333	6.6472e-05	0.5616
396.0	-0.833333	0.000975552	0.9563
400.5	-0.833333	0.00137729	0.7384
405.0	-0.833333	0.00255981	0.8272
409.5	-0.833333	5.64006e-05	0.7105
414.0	-0.833333	0.0	0.0
418.5	-0.833333	2.9881e-06	1.0
423.0	-0.833333	0.00213962	0.9841
427.5	-0.833333	0.000854618	0.8575
432.0	-0.833333	0.000219759	0.8844
436.5	-0.833333	0.000501583	0.864
441.0	-0.833333	0.000432778	0.997
445.5	-0.833333	0.000345675	0.9154
-450.0	1.73333	0.0	0.0
-445.5	1.73333	0.0	0.0
-441.0	1.73333	7.51532e-06	0.9386
-436.5	1.73333	5.50639e-05	0.7215
-432.0	1.73333	0.0011403	0.9796
-427.5	1.73333	0.000152026	0.5445
-423.0	1.73333	0.000101978	0.7423
-418.5	1.73333	5.89602e-05	0.6592
-414.0	1.73333	0.00023104	0.6196
-409.5	1.73333	0.000247224	0.9218
-405.0	1.73333	0.000160088	0.9048
-400.5	1.73333	5.58101e-05	0.6558
-396.0	1.73333	0.0017641	0.9465
-391.5	1.73333	0.000122147	0.5777
-387.0	1.73333	0.00013581	0.5784
-382.5	1.73333	5.74863e-05	0.7234
-378.0	1.73333	0.000133127	0.4399
-373.5	1.73333	7.27904e-05	0.6378
-369.0	1.73333	0.000117082	0.4382
-364.5	1.73333	0.00115027	0.7984
-360.0	1.73333	0.00155633	0.8437
-355.5	1.73333	0.000204451	0.4414
-351.0	1.73333	0.000130295	0.4466
-346.5	1.73333	0.00245147	0.9703
-342.0	1.73333	0.000172371	0.3876
-337.5	1.73333	0.000164527	0.3708
-333.0	1.73333	0.000494414	0.2687
-328.5	1.73333	0.000452331	0.2696
-324.0	1.73333	0.00246362	0.8237
-319.5	1.73333	0.00220784	0.6409
-315.0	1.73333	0.00310584	0.9106
-310.5	1.73333	0.00640634	0.7203
-306.0	1.73333	0.00569845	0.6774
-301.5	1.73333	0.000416127	0.2618
-297.0	1.73333	0.000445704	0.2959
-292.5	1.73333	0.000362435	0.3095
-288.0	1.73333	0.00102327	0.4365
-283.5	1.73333	0.00288919	0.6241
-279.0	1.73333	0.0010606	0.365
-274.5	1.73333	0.000675854	0.4726
-270.0	1.73333	0.00239307	0.5589
-265.5	1.73333	0.00168497	0.3437
-261.0	1.73333	0.00471109	0.5006
-256.5	1.73333	0.00205001	0.4828
-252.0	1.73333	0.00888741	0.513
-247.5	1.73333	0.012365	0.4763
-243.0	1.73333	0.0074515	0.441
-238.5	1.73333	0.00856944	0.4465
-234.0	1.73333	0.00244252	0.6844
-229.5	1.73333	0.00664926	0.4147
-225.0	1.73333	0.00596664	0.4236
-220.5	1.73333	0.00216003	0.363
-216.0	1.73333	0.00569397	0.441
-211.5	1.73333	0.00732052	0.4215
-207.0	1.73333	0.00635093	0.4571
-202.5	1.73333	0.00977719	0.3501
-198.0	1.73333	0.0107895	0.3332
-193.5	1.73333	0.0222962	0.2747
-189.0	1.73333	0.0134368	0.2938
-184.5	1.73333	0.0124054	0.3033
-180.0	1.73333	0.0161265	0.2646
-175.5	1.73333	0.02009	0.2792
-171.0	1.73333	0.0204474	0.2752
-166.5	1.73333	0.0151201	0.2724
-162.0	1.73333	0.028065	0.2483
-157.5	1.73333	0.0192722	0.2406
-153.0	1.73333	0.0348139	0.2056
-148.5	1.73333	0.0385027	0.2059
-144.0	1.73333	0.0324235	0.203
-139.5	1.73333	0.0478221	0.1797
-135.0	1.73333	0.0657012	0.19
-130.5	1.73333	0.0612458	0.1709
-126.0	1.73333	0.0559126	0.1773
-121.5	1.73333	0.0456659	0.1921
-117.0	1.73333	0.0473737	0.1656
-112.5	1.73333	0.0700232	0.1653
-108.0	1.73333	0.062475	0.1584
-103.5	1.73333	0.0672107	0.1514
-99.0	1.73333	0.0652431	0.1536
-94.5	1.73333	0.0692263	0.155
-90.0	1.73333	0.0824127	0.134
-85.5	1.73333	0.0837364	0.129
-81.0	1.73333	0.0907003	0.135
-76.5	1.73333	0.0956126	0.1384
-72.0	1.73333	0.0980877	0.1446
-67.5	1.73333	0.126981	0.1154
-63.0	1.73333	0.111235	0.1148
-58.5	1.73333	0.136487	0.1077
-54.0	1.73333	0.133706	0.1214
-49.5	1.73333	0.132017	0.1105
-45.0	1.73333	0.133616	0.1082
-40.5	1.73333	0.140819	0.1049
-36.0	1.73333	0.152813	0.1002
-31.5	1.73333	0.174996	0.103
-27.0	1.73333	0.184529	0.0949
-22.5	1.73333	0.179984	0.1018
-18.0	1.73333	0.175157	0.0967
-13.5	1.73333	0.183602	0.0938
-9.0	1.73333	0.223422	0.0975
-4.5	1.73333	0.201945	0.1004
0.0	1.73333	0.192497	0.0938
4.5	1.73333	0.204726	0.0909
9.0	1.73333	0.184743	0.0957
13.5	1.73333	0.185857	0.094
18.0	1.73333	0.149329	0.097
22.5	1.73333	0.183512	0.0964
27.0	1.73333	0.170621	0.1012
31.5	1.73333	0.175578	0.0946
36.0	1.73333	0.170351	0.0948
40.5	1.73333	0.161723	0.095
45.0	1.73333	0.170418	0.0977
49.5	1.73333	0.157312	0.1096
54.0	1.73333	0.147883	0.1117
58.5	1.73333	0.113445	0.1084
63.0	1.73333	0.123324	0.1155
67.5	1.73333	0.136159	0.1114
72.0	1.73333	0.0979829	0.1242
76.5	1.73333	0.115813	0.1172
81.0	1.73333	0.153948	0.1103
85.5	1.73333	0.110754	0.1227
90.0	1.73333	0.112029	0.1236
94.5	1.73333	0.108115	0.1311
99.0	1.73333	0.0834506	0.1387
103.5	1.73333	0.0917413	0.1314
108.0	1.73333	0.0914308	0.1341
112.5	1.73333	0.0561408	0.1576
117.0	1.73333	0.0755065	0.1457
121.5	1.73333	0.0647891	0.1541
126.0	1.73333	0.0652766	0.1471
130.5	1.73333	0.0721141	0.1589
135.0	1.73333	0.059261	0.1782
139.5	1.73333	0.056663	0.1818
144.0	1.73333	0.0539227	0.2087
148.5	1.73333	0.0343036	0.1971
153.0	1.73333	0.0435794	0.182
157.5	1.73333	0.0207039	0.2159
162.0	1.73333	0.0352838	0.2018
166.5	1.73333	0.0334175	0.1976
171.0	1.73333	0.0337937	0.2384
175.5	1.73333	0.020832	0.2611
180.0	1.73333	0.0328508	0.2224
184.5	1.73333	0.0270575	0.2403
189.0	1.73333	0.0140641	0.2628
193.5	1.73333	0.0192751	0.2876
198.0	1.73333	0.00896336	0.3969
202.5	1.73333	0.00853832	0.3634
207.0	1.73333	0.00936308	0.2486
211.5	1.73333	0.0184108	0.3568
216.0	1.73333	0.0120931	0.3003
220.5	1.73333	0.00591096	0.3112
225.0	1.73333	0.0056953	0.4918
229.5	1.73333	0.00706045	0.4165
234.0	1.73333	0.00711964	0.4462
238.5	1.73333	0.00167468	0.495
243.0	1.73333	0.00422047	0.3904
247.5	1.73333	0.00236802	0.4241
252.0	1.73333	0.00407725	0.4199
256.5	1.73333	0.00821854	0.3898
261.0	1.73333	0.00834896	0.4089
265.5	1.73333	0.00559482	0.4137
270.0	1.73333	0.00627835	0.3908
274.5	1.73333	0.00442372	0.5363
279.0	1.73333	0.00553096	0.4323
283.5	1.73333	0.00444602	0.422
288.0	1.73333	0.00939787	0.44
292.5	1.73333	0.00557385	0.6159
297.0	1.73333	0.00564518	0.5353
301.5	1.73333	0.00320492	0.7454
306.0	1.73333	0.00369866	0.4757
310.5	1.73333	0.00641728	0.5287
315.0	1.73333	0.000353645	0.2804
319.5	1.73333	0.00227607	0.5783
324.0	1.73333	0.00419413	0.4351
328.5	1.73333	0.00190156	0.5422
333.0	1.73333	0.00151027	0.8589
337.5	1.73333	0.00115503	0.8137
342.0	1.73333	0.000487685	0.487
346.5	1.73333	0.000221675	0.3276
351.0	1.73333	0.00196155	0.5784
355.5	1.73333	0.000811981	0.5655
360.0	1.73333	0.000742962	0.5255
364.5	1.73333	0.000280802	0.3814
369.0	1.73333	0.000525494	0.6435
373.5	1.73333	0.00148523	0.9294
378.0	1.73333	0.00250016	0.9522
382.5	1.73333	0.000655337	0.788
387.0	1.73333	0.000156639	0.4739
391.5	1.73333	7.13396e-05	0.6167
396.0	1.73333	7.68475e-05	0.8175
400.5	1.73333	0.000908032	0.8752
405.0	1.73333	0.000387176	0.8551
409.5	1.73333	0.0018141	0.9729
414.0	1.73333	0.000130947	0.6399
418.5	1.73333	8.56502e-05	0.6296
423.0	1.73333	0.000113788	0.5829
427.5	1.73333	0.000785628	0.8676
432.0	1.73333	0.000326492	0.8592
436.5	1.73333	0.00173524	0.9902
441.0	1.73333	8.41401e-05	0.6062
445.5	1.73333	0.000217496	0.6
-450.0	4.3	6.59547e-05	0.7073
-445.5	4.3	6.39507e-05	0.583
-441.0	4.3	2.11198e-05	0.8877
-436.5	4.3	0.00014687	0.524
-432.0	4.3	7.6214e-05	0.4854
-427.5	4.3	6.6909e-05	0.7839
-423.0	4.3	2.48203e-05	1.0
-418.5	4.3	8.54411e-06	0.7202
-414.0	4.3	6.87009e-05	0.6643
-409.5	4.3	0.0	0.0
-405.0	4.3	0.0	0.0
-400.5	4.3	2.21337e-06	1.0
-396.0	4.3	1.17406e-05	1.0
-391.5	4.3	8.55072e-05	0.5225
-387.0	4.3	4.92641e-05	0.5793
-382.5	4.3	2.72004e-05	0.7801
-378.0	4.3	7.53882e-05	0.5955
-373.5	4.3	0.000127848	0.4984
-369.0	4.3	0.000205475	0.4225
-364.5	4.3	0.00388689	0.8133
-360.0	4.3	0.000978302	0.8305
-355.5	4.3	0.000126111	0.4766
-351.0	4.3	0.000260227	0.3955
-346.5	4.3	0.00078752	0.6847
-342.0	4.3	0.0014573	0.7533
-337.5	4.3	0.00030385	0.3259
-333.0	4.3	0.000359803	0.3453
-328.5	4.3	0.000444859	0.4265
-324.0	4.3	0.00197852	0.5958
-319.5	4.3	0.00338736	0.646
-315.0	4.3	0.000352898	0.303
-310.5	4.3	0.0037748	0.5181
-306.0	4.3	0.0032288	0.7095
-301.5	4.3	0.00582099	0.7503
-297.0	4.3	0.00552367	0.7797
-292.5	4.3	0.00379325	0.6403
-288.0	4.3	0.00260539	0.7151
-283.5	4.3	0.00530523	0.6639
-279.0	4.3	0.000776477	0.6196
-274.5	4.3	0.000473197	0.2542
-270.0	4.3	0.00221304	0.5641
-265.5	4.3	0.00184414	0.4756
-261.0	4.3	0.00359303	0.4951
-256.5	4.3	0.00386136	0.6913
-252.0	4.3	0.00211111	0.6434
-247.5	4.3	0.002626	0.5746
-243.0	4.3	0.00536859	0.4862
-238.5	4.3	0.00384558	0.4858
-234.0	4.3	0.00158052	0.2302
-229.5	4.3	0.00442352	0.5168
-225.0	4.3	0.0107304	0.3129
-220.5	4.3	0.0104939	0.43
-216.0	4.3	0.00608479	0.4055
-211.5	4.3	0.00287443	0.3208
-207.0	4.3	0.00833509	0.4247
-202.5	4.3	0.0149617	0.3708
-198.0	4.3	0.0109569	0.3581
-193.5	4.3	0.00780647	0.3666
-189.0	4.3	0.0145064	0.3186
-184.5	4.3	0.0232824	0.2784
-180.0	4.3	0.0173872	0.2932
-175.5	4.3	0.0169106	0.268
-171.0	4.3	0.0188873	0.2498
-166.5	4.3	0.0336704	0.2828
-162.0	4.3	0.0207454	0.2623
-157.5	4.3	0.0313291	0.1978
-153.0	4.3	0.0290705	0.227
-148.5	4.3	0.0356585	0.1972
-144.0	4.3	0.0466345	0.1825
-139.5	4.3	0.0465656	0.1973
-135.0	4.3	0.0350707	0.1712
-130.5	4.3	0.0453765	0.1861
-126.0	4.3	0.045585	0.1832
-121.5	4.3	0.0567667	0.1885
-117.0	4.3	0.0397125	0.1774
-112.5	4.3	0.0581635	0.1665
-108.0	4.3	0.0678304	0.1453
-103.5	4.3	0.0717798	0.146
-99.0	4.3	0.0656893	0.1618
-94.5	4.3	0.0638327	0.1476
-90.0	4.3	0.0898632	0.1412
-85.5	4.3	0.0724001	0.1382
-81.0	4.3	0.088789	0.1339
-76.5	4.3	0.0892994	0.1362
-72.0	4.3	0.133655	0.1092
-67.5	4.3	0.131904	0.116
-63.0	4.3	0.119601	0.1154
-58.5	4.3	0.135975	0.1082
-54.0	4.3	0.123605	0.1224
-49.5	4.3	0.109067	0.1102
-45.0	4.3	0.128338	0.1177
-40.5	4.3	0.166721	0.0985
-36.0	4.3	0.199815	0.0948
-31.5	4.3	0.176096	0.1074
-27.0	4.3	0.191274	0.0947
-22.5	4.3	0.177315	0.0961
-18.0	4.3	0.179121	0.0957
-13.5	4.3	0.196464	0.1027
-9.0	4.3	0.165642	0.1034
-4.5	4.3	0.170774	0.1048
0.0	4.3	0.214795	0.0909
4.5	4.3	0.185556	0.0968
9.0	4.3	0.180641	0.0936
13.5	4.3	0.192555	0.0961
18.0	4.3	0.18256	0.0983
22.5	4.3	0.189597	0.0918
27.0	4.3	0.185318	0.0911
31.5	4.3	0.169371	0.1
36.0	4.3	0.1783	0.0963
40.5	4.3	0.149552	0.1065
45.0	4.3	0.15405	0.1051
49.5	4.3	0.142288	0.1084
54.0	4.3	0.164854	0.1035
58.5	4.3	0.151567	0.1026
63.0	4.3	0.14685	0.1006
67.5	4.3	0.128824	0.1259
72.0	4.3	0.0996972	0.1222
76.5	4.3	0.144149	0.1063
81.0	4.3	0.143123	0.1125
85.5	4.3	0.0915333	0.1281
90.0	4.3	0.116802	0.1166
94.5	4.3	0.105562	0.1249
99.0	4.3	0.103324	0.127
103.5	4.3	0.0924207	0.133
108.0	4.3	0.0850273	0.1426
112.5	4.3	0.0788689	0.1339
117.0	4.3	0.0669627	0.1501
121.5	4.3	0.0756754	0.1453
126.0	4.3	0.0636737	0.1732
130.5	4.3	0.0469118	0.17
135.0	4.3	0.0595949	0.1753
139.5	4.3	0.0580483	0.173
144.0	4.3	0.0513022	0.1654
148.5	4.3	0.0443041	0.1919
153.0	4.3	0.0393014	0.2054
157.5	4.3	0.0389782	0.1861
162.0	4.3	0.0361041	0.2091
166.5	4.3	0.0391434	0.211
171.0	4.3	0.0231447	0.2348
175.5	4.3	0.0291515	0.2288
180.0	4.3	0.0256961	0.2245
184.5	4.3	0.0269561	0.2855
189.0	4.3	0.0213661	0.2842
193.5	4.3	0.0230641	0.3133
198.0	4.3	0.0157152	0.3055
202.5	4.3	0.0115768	0.3213
207.0	4.3	0.016037	0.2798
211.5	4.3	0.0137429	0.2707
216.0	4.3	0.0173004	0.2895
220.5	4.3	0.0158873	0.3432
225.0	4.3	0.0106872	0.3424
229.5	4.3	0.00902425	0.3807
234.0	4.3	0.00454979	0.3687
238.5	4.3	0.0150151	0.391
243.0	4.3	0.00275413	0.374
247.5	4.3	0.00516585	0.4646
252.0	4.3	0.00749861	0.4537
256.5	4.3	0.00990064	0.388
261.0	4.3	0.0036518	0.4553
265.5	4.3	0.00788281	0.4356
270.0	4.3	0.0121715	0.3338
274.5	4.3	0.00729534	0.4508
279.0	4.3	0.00906177	0.4159
283.5	4.3	0.00694147	0.5725
288.0	4.3	0.00400252	0.4247
292.5	4.3	0.00464584	0.4513
297.0	4.3	0.00203868	0.5665
301.5	4.3	0.00839789	0.603
306.0	4.3	0.00321081	0.493
310.5	4.3	0.00777481	0.5431
315.0	4.3	0.000372656	0.3098
319.5	4.3	0.00166482	0.754
324.0	4.3	0.0059637	0.6363
328.5	4.3	0.00465768	0.7944
333.0	4.3	0.00290141	0.5995
337.5	4.3	0.00181638	0.6327
342.0	4.3	0.00148041	0.7264
346.5	4.3	0.00197397	0.6491
351.0	4.3	0.000276145	0.3279
355.5	4.3	0.00125646	0.6537
360.0	4.3	0.00214112	0.6223
364.5	4.3	0.0016103	0.9013
369.0	4.3	0.00357977	0.6696
373.5	4.3	0.00162317	0.7534
378.0	4.3	0.000786413	0.7135
382.5	4.3	0.00017855	0.554
387.0	4.3	0.000489086	0.6528
391.5	4.3	6.27339e-05	0.638
396.0	4.3	0.000128582	0.5283
400.5	4.3	4.46467e-05	0.7159
405.0	4.3	7.8445e-05	0.6373
409.5	4.3	0.000123088	0.5986
414.0	4.3	0.000103444	0.6678
418.5	4.3	0.00213848	0.9503
423.0	4.3	4.5466e-05	0.653
427.5	4.3	0.00354954	0.9825
432.0	4.3	8.04012e-05	0.6128
436.5	4.3	0.000146568	0.5848
441.0	4.3	0.00175662	0.8428
445.5	4.3	0.000125959	0.459
-450.0	6.86667	4.08296e-05	1.0
-445.5	6.86667	0.00204728	0.9777
-441.0	6.86667	5.9065e-05	0.623
-436.5	6.86667	5.27172e-05	0.6868
-432.0	6.86667	0.000123657	0.6442
-427.5	6.86667	8.96532e-05	0.7975
-423.0	6.86667	0.000106208	0.7423
-418.5	6.86667	0.000146436	0.5679
-414.0	6.86667	2.13262e-05	0.9714
-409.5	6.86667	3.87719e-05	1.0
-405.0	6.86667	1.52966e-05	1.0
-400.5	6.86667	4.25136e-05	1.0
-396.0	6.86667	4.37756e-05	0.9716
-391.5	6.86667	4.25136e-05	1.0
-387.0	6.86667	9.20506e-05	0.5012
-382.5	6.86667	1.25252e-05	0.7946
-378.0	6.86667	3.62106e-05	1.0
-373.5	6.86667	6.18871e-05	0.7278
-369.0	6.86667	0.000189752	0.3991
-364.5	6.86667	9.32503e-05	0.5734
-360.0	6.86667	0.00135191	0.8885
-355.5	6.86667	0.000183742	0.4698
-351.0	6.86667	7.52662e-05	0.5805
-346.5	6.86667	0.000202915	0.3596
-342.0	6.86667	0.000114123	0.4857
-337.5	6.86667	0.000282545	0.345
-333.0	6.86667	0.000706866	0.5763
-328.5	6.86667	0.000320104	0.3336
-324.0	6.86667	0.000357245	0.347
-319.5	6.86667	0.000453075	0.2951
-315.0	6.86667	0.00196111	0.7454
-310.5	6.86667	0.00131634	0.6335
-306.0	6.86667	0.00365777	0.5714
-301.5	6.86667	0.00385553	0.5469
-297.0	6.86667	0.00163153	0.7203
-292.5	6.86667	0.000562306	0.264
-288.0	6.86667	0.000226867	0.3269
-283.5	6.86667	0.000625755	0.256
-279.0	6.86667	0.000473369	0.3467
-274.5	6.86667	0.00136503	0.5555
-270.0	6.86667	0.000761995	0.2279
-265.5	6.86667	0.000948746	0.2373
-261.0	6.86667	0.00202075	0.5928
-256.5	6.86667	0.000519656	0.238
-252.0	6.86667	0.000616474	0.2337
-247.5	6.86667	0.00403327	0.6411
-243.0	6.86667	0.0022459	0.4947
-238.5	6.86667	0.00664275	0.5211
-234.0	6.86667	0.0013501	0.2326
-229.5	6.86667	0.0041258	0.4409
-225.0	6.86667	0.00758594	0.3786
-220.5	6.86667	0.00737001	0.4703
-216.0	6.86667	0.00686588	0.4355
-211.5	6.86667	0.0130578	0.3346
-207.0	6.86667	0.00919612	0.4262
-202.5	6.86667	0.00767819	0.3998
-198.0	6.86667	0.0155964	0.4475
-193.5	6.86667	0.0136069	0.3174
-189.0	6.86667	0.017096	0.3527
-184.5	6.86667	0.0173086	0.327
-180.0	6.86667	0.0134559	0.3144
-175.5	6.86667	0.0352443	0.2419
-171.0	6.86667	0.0237409	0.2459
-166.5	6.86667	0.0218343	0.2485
-162.0	6.86667	0.0270405	0.2376
-157.5	6.86667	0.0368261	0.2088
-153.0	6.86667	0.0268018	0.2666
-148.5	6.86667	0.0361717	0.2309
-144.0	6.86667	0.0294664	0.1999
-139.5	6.86667	0.0410017	0.1991
-135.0	6.86667	0.0483182	0.1879
-130.5	6.86667	0.0482983	0.1927
-126.0	6.86667	0.0624841	0.2122
-121.5	6.86667	0.0517021	0.1993
-117.0	6.86667	0.0673913	0.1577
-112.5	6.86667	0.0615652	0.1678
-108.0	6.86667	0.0920244	0.1452
-103.5	6.86667	0.0807011	0.1337
-99.0	6.86667	0.0961645	0.1385
-94.5	6.86667	0.0835316	0.1382
-90.0	6.86667	0.0714951	0.1439
-85.5	6.86667	0.0815534	0.1452
-81.0	6.86667	0.101317	0.1316
-76.5	6.86667	0.093078	0.1385
-72.0	6.86667	0.109067	0.1252
-67.5	6.86667	0.124739	0.1141
-63.0	6.86667	0.134475	0.1143
-58.5	6.86667	0.126392	0.1126
-54.0	6.86667	0.134067	0.1128
-49.5	6.86667	0.127939	0.1091
-45.0	6.86667	0.118744	0.1069
-40.5	6.86667	0.131168	0.1072
-36.0	6.86667	0.161446	0.1009
-31.5	6.86667	0.153787	0.1113
-27.0	6.86667	0.164406	0.098
-22.5	6.86667	0.188138	0.0992
-18.0	6.86667	0.186785	0.0944
-13.5	6.86667	0.197791	0.0945
-9.0	6.86667	0.153458	0.1056
-4.5	6.86667	0.170266	0.0922
0.0	6.86667	0.198244	0.0871
4.5	6.86667	0.186642	0.0937
9.0	6.86667	0.22022	0.1267
13.5	6.86667	0.1714	0.0985
18.0	6.86667	0.18916	0.0916
22.5	6.86667	0.172923	0.0995
27.0	6.86667	0.167048	0.0993
31.5	6.86667	0.172162	0.0969
36.0	6.86667	0.177526	0.1037
40.5	6.86667	0.154501	0.1006
45.0	6.86667	0.146089	0.1053
49.5	6.86667	0.155279	0.098
54.0	6.86667	0.162176	0.0977
58.5	6.86667	0.139724	0.1182
63.0	6.86667	0.145601	0.1105
67.5	6.86667	0.121696	0.1115
72.0	6.86667	0.143239	0.1231
76.5	6.86667	0.138207	0.106
81.0	6.86667	0.114087	0.1235
85.5	6.86667	0.0932422	0.1376
90.0	6.86667	0.0994096	0.1228
94.5	6.86667	0.0792041	0.1392
99.0	6.86667	0.0957215	0.124
103.5	6.86667	0.0763222	0.1532
108.0	6.86667	0.0814171	0.1521
112.5	6.86667	0.0963587	0.1543
117.0	6.86667	0.0716639	0.1442
121.5	6.86667	0.0666194	0.1485
126.0	6.86667	0.0585752	0.1712
130.5	6.86667	0.0613886	0.1717
135.0	6.86667	0.0524982	0.1803
139.5	6.86667	0.0513719	0.1835
144.0	6.86667	0.0750686	0.1572
148.5	6.86667	0.0572922	0.1754
153.0	6.86667	0.0382068	0.1841
157.5	6.86667	0.0447967	0.2053
162.0	6.86667	0.0331645	0.2123
166.5	6.86667	0.0287786	0.2061
171.0	6.86667	0.0304508	0.2289
175.5	6.86667	0.0254399	0.2501
180.0	6.86667	0.0214269	0.2481
184.5	6.86667	0.0175206	0.2846
189.0	6.86667	0.0117932	0.3096
193.5	6.86667	0.00566961	0.3681
198.0	6.86667	0.0114389	0.3859
202.5	6.86667	0.0171974	0.284
207.0	6.86667	0.0192531	0.2851
211.5	6.86667	0.00986378	0.4785
216.0	6.86667	0.0165824	0.3148
220.5	6.86667	0.0176602	0.3472
225.0	6.86667	0.017258	0.3734
229.5	6.86667	0.0157336	0.4082
234.0	6.86667	0.0135068	0.3026
238.5	6.86667	0.00931437	0.4183
243.0	6.86667	0.00872153	0.3358
247.5	6.86667	0.00487638	0.4273
252.0	6.86667	0.00730015	0.4146
256.5	6.86667	0.0138828	0.3857
261.0	6.86667	0.00279849	0.7198
265.5	6.86667	0.00837696	0.4336
270.0	6.86667	0.0037951	0.4336
274.5	6.86667	0.00346405	0.6366
279.0	6.86667	0.00668436	0.3955
283.5	6.86667	0.00316522	0.4759
288.0	6.86667	0.00560166	0.4681
292.5	6.86667	0.00913121	0.4268
297.0	6.86667	0.0067086	0.4749
301.5	6.86667	0.00769829	0.4298
306.0	6.86667	0.00464012	0.4762
310.5	6.86667	0.00466962	0.523
315.0	6.86667	0.0014995	0.6816
319.5	6.86667	0.000779032	0.2105
324.0	6.86667	0.00222386	0.5846
328.5	6.86667	0.00343285	0.6117
333.0	6.86667	0.00377897	0.6618
337.5	6.86667	0.00247766	0.6328
342.0	6.86667	0.00336135	0.6303
346.5	6.86667	0.00036056	0.6169
351.0	6.86667	0.00061539	0.3597
355.5	6.86667	0.00179231	0.5937
360.0	6.86667	0.000994243	0.4684
364.5	6.86667	0.00208823	0.8021
369.0	6.86667	0.000565982	0.2962
373.5	6.86667	0.00115051	0.7486
378.0	6.86667	0.00227372	0.9107
382.5	6.86667	0.000132963	0.4931
387.0	6.86667	0.00016721	0.5211
391.5	6.86667	0.000129679	0.4696
396.0	6.86667	5.39184e-05	1.0
400.5	6.86667	8.15607e-05	0.7429
405.0	6.86667	0.000183228	0.4737
409.5	6.86667	4.63126e-05	0.7363
414.0	6.86667	4.57531e-05	1.0
418.5	6.86667	0.000533733	0.9657
423.0	6.86667	0.0	0.0
427.5	6.86667	0.00236543	0.7023
432.0	6.86667	0.00011975	0.5802
436.5	6.86667	4.83222e-05	0.8997
441.0	6.86667	3.34894e-05	0.6109
445.5	6.86667	4.8523e-05	0.8406
-450.0	9.43333	0.00055947	0.791
-445.5	9.43333	0.000518221	0.8491
-441.0	9.43333	0.00054696	0.8085
-436.5	9.43333	0.000455799	0.9621
-432.0	9.43333	0.000454662	0.964
-427.5	9.43333	0.0022568	0.7985
-423.0	9.43333	5.48205e-05	0.6626
-418.5	9.43333	0.0002899	0.8151
-414.0	9.43333	9.18653e-05	0.7091
-409.5	9.43333	0.00012535	0.6617
-405.0	9.43333	0.000139068	0.5243
-400.5	9.43333	3.60931e-05	1.0
-396.0	9.43333	0.0	0.0
-391.5	9.43333	2.11789e-05	0.9625
-387.0	9.43333	2.97704e-05	0.81
-382.5	9.43333	0.0001138	0.471
-378.0	9.43333	0.000145111	0.5177
-373.5	9.43333	9.65737e-05	0.506
-369.0	9.43333	0.000178365	0.5714
-364.5	9.43333	0.000135486	0.4441
-360.0	9.43333	0.000103253	0.5574
-355.5	9.43333	0.000190281	0.3877
-351.0	9.43333	0.000328347	0.3281
-346.5	9.43333	0.00104412	0.6098
-342.0	9.43333	0.000760988	0.558
-337.5	9.43333	0.000129266	0.4029
-333.0	9.43333	0.000878699	0.7858
-328.5	9.43333	0.000715108	0.4951
-324.0	9.43333	0.00168516	0.8396
-319.5	9.43333	0.000372216	0.298
-315.0	9.43333	0.000414062	0.2848
-310.5	9.43333	0.000494804	0.328
-306.0	9.43333	0.000460218	0.321
-301.5	9.43333	0.00180124	0.5652
-297.0	9.43333	0.00713046	0.656
-292.5	9.43333	0.00137569	0.4807
-288.0	9.43333	0.00291265	0.739
-283.5	9.43333	0.00446076	0.5154
-279.0	9.43333	0.00382494	0.6689
-274.5	9.43333	0.00106721	0.5422
-270.0	9.43333	0.00332976	0.8207
-265.5	9.43333	0.00377186	0.5192
-261.0	9.43333	0.00212487	0.459
-256.5	9.43333	0.00289444	0.5382
-252.0	9.43333	0.0030078	0.6678
-247.5	9.43333	0.00213186	0.4944
-243.0	9.43333	0.00487776	0.424
-238.5	9.43333	0.00634628	0.5318
-234.0	9.43333	0.0126256	0.3939
-229.5	9.43333	0.0101158	0.4357
-225.0	9.43333	0.00823457	0.4601
-220.5	9.43333	0.00261627	0.4809
-216.0	9.43333	0.0109648	0.3637
-211.5	9.43333	0.0168821	0.3347
-207.0	9.43333	0.00626894	0.4074
-202.5	9.43333	0.0138299	0.2954
-198.0	9.43333	0.00817811	0.4202
-193.5	9.43333	0.0152364	0.3274
-189.0	9.43333	0.0106243	0.3749
-184.5	9.43333	0.0113497	0.3281
-180.0	9.43333	0.0229914	0.2727
-175.5	9.43333	0.0261666	0.2456
-171.0	9.43333	0.0120553	0.3568
-166.5	9.43333	0.0284313	0.2829
-162.0	9.43333	0.0366318	0.2163
-157.5	9.43333	0.0244595	0.2599
-153.0	9.43333	0.0243977	0.2401
-148.5	9.43333	0.0277957	0.2159
-144.0	9.43333	0.0240952	0.2531
-139.5	9.43333	0.0263269	0.265
-135.0	9.43333	0.0337837	0.2413
-130.5	9.43333	0.0462611	0.1662
-126.0	9.43333	0.0530333	0.1646
-121.5	9.43333	0.0686602	0.1637
-117.0	9.43333	0.070881	0.1504
-112.5	9.43333	0.057008	0.1687
-108.0	9.43333	0.0578231	0.1748
-103.5	9.43333	0.0531656	0.1518
-99.0	9.43333	0.0859564	0.1364
-94.5	9.43333	0.0768757	0.1414
-90.0	9.43333	0.0969257	0.1419
-85.5	9.43333	0.099291	0.1285
-81.0	9.43333	0.103661	0.1262
-76.5	9.43333	0.0941243	0.1166
-72.0	9.43333	0.101957	0.1209
-67.5	9.43333	0.119656	0.1219
-63.0	9.43333	0.126269	0.1146
-58.5	9.43333	0.134812	0.1083
-54.0	9.43333	0.114875	0.1202
-49.5	9.43333	0.107568	0.1208
-45.0	9.43333	0.142093	0.1085
-40.5	9.43333	0.172636	0.0995
-36.0	9.43333	0.163498	0.0993
-31.5	9.43333	0.198883	0.0925
-27.0	9.43333	0.153536	0.0973
-22.5	9.43333	0.172522	0.1023
-18.0	9.43333	0.139394	0.1032
-13.5	9.43333	0.192536	0.0954
-9.0	9.43333	0.229772	0.1759
-4.5	9.43333	0.165185	0.1011
0.0	9.43333	0.217894	0.1072
4.5	9.43333	0.189333	0.0922
9.0	9.43333	0.210879	0.0889
13.5	9.43333	0.186599	0.0949
18.0	9.43333	0.155547	0.0989
22.5	9.43333	0.172838	0.0917
27.0	9.43333	0.140256	0.1032
31.5	9.43333	0.19211	0.0941
36.0	9.43333	0.18589	0.0993
40.5	9.43333	0.178792	0.0998
45.0	9.43333	0.159147	0.1024
49.5	9.43333	0.15106	0.1011
54.0	9.43333	0.148188	0.1078
58.5	9.43333	0.150072	0.1033
63.0	9.43333	0.126701	0.1153
67.5	9.43333	0.13866	0.1103
72.0	9.43333	0.119377	0.1258
76.5	9.43333	0.117561	0.113
81.0	9.43333	0.126943	0.1153
85.5	9.43333	0.10529	0.1179
90.0	9.43333	0.125689	0.1204
94.5	9.43333	0.103727	0.125
99.0	9.43333	0.086114	0.139
103.5	9.43333	0.085407	0.1312
108.0	9.43333	0.0743965	0.1502
112.5	9.43333	0.0690616	0.1514
117.0	9.43333	0.045935	0.176
121.5	9.43333	0.0871352	0.1509
126.0	9.43333	0.0639538	0.1593
130.5	9.43333	0.0621172	0.1519
135.0	9.43333	0.0404821	0.174
139.5	9.43333	0.0403434	0.1858
144.0	9.43333	0.0585285	0.197
148.5	9.43333	0.046351	0.1979
153.0	9.43333	0.0482731	0.1926
157.5	9.43333	0.0344038	0.2337
162.0	9.43333	0.0197987	0.2393
166.5	9.43333	0.0319317	0.2092
171.0	9.43333	0.0194574	0.2421
175.5	9.43333	0.014385	0.2586
180.0	9.43333	0.0163936	0.3021
184.5	9.43333	0.0276531	0.257
189.0	9.43333	0.0185847	0.3005
193.5	9.43333	0.0115882	0.3202
198.0	9.43333	0.0250908	0.2487
202.5	9.43333	0.0144597	0.313
207.0	9.43333	0.0135935	0.3431
211.5	9.43333	0.0216453	0.3074
216.0	9.43333	0.0109318	0.461
220.5	9.43333	0.00902165	0.3563
225.0	9.43333	0.00725565	0.4424
229.5	9.43333	0.00921596	0.3381
234.0	9.43333	0.0152827	0.3717
238.5	9.43333	0.00453826	0.5413
243.0	9.43333	0.00888843	0.4478
247.5	9.43333	0.00479509	0.4757
252.0	9.43333	0.00458063	0.5518
256.5	9.43333	0.00401659	0.7723
261.0	9.43333	0.0032152	0.4894
265.5	9.43333	0.00542372	0.5001
270.0	9.43333	0.00124341	0.3657
274.5	9.43333	0.00813401	0.4764
279.0	9.43333	0.00697767	0.3933
283.5	9.43333	0.00403521	0.6268
288.0	9.43333	0.00222704	0.4505
292.5	9.43333	0.00736873	0.4574
297.0	9.43333	0.00552891	0.4565
301.5	9.43333	0.00479805	0.6192
306.0	9.43333	0.00376255	0.6827
310.5	9.43333	0.00217609	0.5899
315.0	9.43333	0.00478234	0.4304
319.5	9.43333	0.00151586	0.6666
324.0	9.43333	0.000806843	0.6967
328.5	9.43333	0.00318888	0.7928
333.0	9.43333	0.000425958	0.2778
337.5	9.43333	0.000359407	0.2608
342.0	9.43333	0.000273397	0.3274
346.5	9.43333	0.000815657	0.5415
351.0	9.43333	0.00137983	0.8609
355.5	9.43333	0.000250587	0.3364
360.0	9.43333	0.000187642	0.476
364.5	9.43333	0.00262033	0.6408
369.0	9.43333	0.000790304	0.7543
373.5	9.43333	0.000159431	0.4355
378.0	9.43333	0.000176044	0.4511
382.5	9.43333	6.62257e-05	0.5958
387.0	9.43333	9.14874e-05	0.6489
391.5	9.43333	0.000155253	0.4805
396.0	9.43333	0.00282148	0.885
400.5	9.43333	0.00322896	0.9604
405.0	9.43333	5.65564e-05	0.9123
409.5	9.43333	6.75906e-05	0.7886
414.0	9.43333	0.000148968	0.607
418.5	9.43333	3.61718e-05	0.8967
423.0	9.43333	8.50572e-05	0.6538
427.5	9.43333	0.00130359	0.646
432.0	9.43333	0.0017801	0.6745
436.5	9.43333	0.000191907	0.532
441.0	9.43333	0.000884088	0.9915
445.5	9.43333	0.00146323	0.9411
-450.0	12.0	9.49463e-06	1.0
-445.5	12.0	7.42003e-05	0.6379
-441.0	12.0	0.00178686	0.9608
-436.5	12.0	3.74981e-05	0.7382
-432.0	12.0	6.68981e-05	0.617
-427.5	12.0	1.83554e-05	1.0
-423.0	12.0	0.000430048	1.0
-418.5	12.0	0.000590638	0.7408
-414.0	12.0	4.03018e-05	0.7393
-409.5	12.0	0.0	0.0
-405.0	12.0	1.40429e-05	1.0
-400.5	12.0	0.0	0.0
-396.0	12.0	0.0	0.0
-391.5	12.0	4.28494e-05	0.7409
-387.0	12.0	4.88098e-05	0.8495
-382.5	12.0	5.05344e-05	0.5807
-378.0	12.0	0.000242142	0.4445
-373.5	12.0	0.000199723	0.5274
-369.0	12.0	0.000138657	0.5324
-364.5	12.0	3.41813e-05	1.0
-360.0	12.0	9.44168e-05	0.5665
-355.5	12.0	0.00109382	0.8666
-351.0	12.0	0.000683972	0.73
-346.5	12.0	0.000746026	0.7927
-342.0	12.0	0.000394726	0.2854
-337.5	12.0	0.000602771	0.449
-333.0	12.0	0.000249837	0.404
-328.5	12.0	0.000753547	0.4812
-324.0	12.0	0.00302358	0.8958
-319.5	12.0	0.000521616	0.4908
-315.0	12.0	0.000606585	0.59
-310.5	12.0	0.00193135	0.8446
-306.0	12.0	0.00343202	0.714
-301.5	12.0	0.00038204	0.2778
-297.0	12.0	0.00597672	0.737
-292.5	12.0	0.00549975	0.9115
-288.0	12.0	0.00661102	0.5465
-283.5	12.0	0.00519913	0.8796
-279.0	12.0	0.0054843	0.5053
-274.5	12.0	0.00571193	0.6578
-270.0	12.0	0.00880249	0.5154
-265.5	12.0	0.00907422	0.6531
-261.0	12.0	0.00745226	0.4665
-256.5	12.0	0.00338995	0.5898
-252.0	12.0	0.00904684	0.4564
-247.5	12.0	0.00214786	0.6009
-243.0	12.0	0.00700817	0.4079
-238.5	12.0	0.0105901	0.4741
-234.0	12.0	0.0096235	0.485
-229.5	12.0	0.00852217	0.4005
-225.0	12.0	0.00387233	0.4237
-220.5	12.0	0.00720649	0.4703
-216.0	12.0	0.00725655	0.4422
-211.5	12.0	0.00329864	0.2755
-207.0	12.0	0.00406606	0.497
-202.5	12.0	0.00989885	0.3214
-198.0	12.0	0.0133873	0.3197
-193.5	12.0	0.0252813	0.2595
-189.0	12.0	0.0234527	0.2978
-184.5	12.0	0.0202306	0.2869
-180.0	12.0	0.0214064	0.2541
-175.5	12.0	0.0134285	0.2785
-171.0	12.0	0.0213837	0.2574
-166.5	12.0	0.0271308	0.248
-162.0	12.0	0.0254148	0.2386
-157.5	12.0	0.0348771	0.2647
-153.0	12.0	0.0332699	0.2137
-148.5	12.0	0.025253	0.2462
-144.0	12.0	0.0336077	0.2281
-139.5	12.0	0.0270154	0.2258
-135.0	12.0	0.0345853	0.2164
-130.5	12.0	0.0428672	0.1894
-126.0	12.0	0.0437957	0.1812
-121.5	12.0	0.0643063	0.165
-117.0	12.0	0.056179	0.157
-112.5	12.0	0.0590653	0.1669
-108.0	12.0	0.0847141	0.1435
-103.5	12.0	0.0526997	0.1548
-99.0	12.0	0.0623483	0.1422
-94.5	12.0	0.0721912	0.1422
-90.0	12.0	0.0875098	0.1346
-85.5	12.0	0.0800815	0.1403
-81.0	12.0	0.124648	0.1161
-76.5	12.0	0.106536	0.1229
-72.0	12.0	0.117115	0.1139
-67.5	12.0	0.129842	0.1222
-63.0	12.0	0.119469	0.1123
-58.5	12.0	0.124012	0.1138
-54.0	12.0	0.12969	0.1159
-49.5	12.0	0.127522	0.1078
-45.0	12.0	0.137142	0.1094
-40.5	12.0	0.155682	0.1009
-36.0	12.0	0.161838	0.1082
-31.5	12.0	0.167411	0.101
-27.0	12.0	0.164157	0.1
-22.5	12.0	0.186173	0.0986
-18.0	12.0	0.179405	0.0959
-13.5	12.0	0.209965	0.0861
-9.0	12.0	0.185279	0.0949
-4.5	12.0	0.180303	0.0943
0.0	12.0	0.17398	0.1048
4.5	12.0	0.228386	0.0864
9.0	12.0	0.199593	0.0982
13.5	12.0	0.196572	0.0914
18.0	12.0	0.223974	0.097
22.5	12.0	0.170375	0.1059
27.0	12.0	0.155912	0.098
31.5	12.0	0.149439	0.1062
36.0	12.0	0.149834	0.0996
40.5	12.0	0.153818	0.1061
45.0	12.0	0.149177	0.1032
49.5	12.0	0.165739	0.0988
54.0	12.0	0.112107	0.1199
58.5	12.0	0.1419	0.1095
63.0	12.0	0.151878	0.1021
67.5	12.0	0.145224	0.1056
72.0	12.0	0.125323	0.1139
76.5	12.0	0.0951123	0.1237
81.0	12.0	0.110704	0.1186
85.5	12.0	0.106143	0.1165
90.0	12.0	0.0995824	0.1356
94.5	12.0	0.0972827	0.1194
99.0	12.0	0.0988336	0.1299
103.5	12.0	0.0896101	0.1305
108.0	12.0	0.089515	0.1378
112.5	12.0	0.0805573	0.1354
117.0	12.0	0.0835861	0.1428
121.5	12.0	0.0752621	0.1423
126.0	12.0	0.0506924	0.1711
130.5	12.0	0.0522214	0.1531
135.0	12.0	0.0443006	0.1891
139.5	12.0	0.058319	0.193
144.0	12.0	0.042204	0.1819
148.5	12.0	0.0226994	0.1992
153.0	12.0	0.0360746	0.1977
157.5	12.0	0.0359189	0.2301
162.0	12.0	0.017966	0.2757
166.5	12.0	0.0320459	0.1993
171.0	12.0	0.0283315	0.2353
175.5	12.0	0.0229774	0.2339
180.0	12.0	0.0172336	0.2803
184.5	12.0	0.0193177	0.2496
189.0	12.0	0.0295433	0.27
193.5	12.0	0.0212173	0.2894
198.0	12.0	0.0205035	0.3259
202.5	12.0	0.0140825	0.3575
207.0	12.0	0.0286588	0.2595
211.5	12.0	0.0211006	0.2752
216.0	12.0	0.00687963	0.3274
220.5	12.0	0.00929988	0.4316
225.0	12.0	0.00326025	0.4089
229.5	12.0	0.00985414	0.3474
234.0	12.0	0.0103194	0.3458
238.5	12.0	0.0131418	0.3989
243.0	12.0	0.00945126	0.3431
247.5	12.0	0.00712779	0.4145
252.0	12.0	0.00541259	0.4305
256.5	12.0	0.00420929	0.4242
261.0	12.0	0.00534426	0.5632
265.5	12.0	0.00791219	0.7285
270.0	12.0	0.00616614	0.4452
274.5	12.0	0.00219836	0.6621
279.0	12.0	0.00167007	0.4314
283.5	12.0	0.00870623	0.4452
288.0	12.0	0.0102763	0.4094
292.5	12.0	0.00459693	0.8411
297.0	12.0	0.00246715	0.6608
301.5	12.0	0.00312288	0.7272
306.0	12.0	0.000768208	0.5133
310.5	12.0	0.00221099	0.4803
315.0	12.0	0.00379699	0.5547
319.5	12.0	0.00530643	0.5844
324.0	12.0	0.000900406	0.4043
328.5	12.0	0.00173867	0.7816
333.0	12.0	0.00146829	0.731
337.5	12.0	0.00107882	0.638
342.0	12.0	0.0026039	0.7522
346.5	12.0	0.00560109	0.4817
351.0	12.0	0.000246124	0.4085
355.5	12.0	0.0010082	0.4818
360.0	12.0	0.00508028	0.8535
364.5	12.0	0.00438509	0.977
369.0	12.0	0.00104264	0.6539
373.5	12.0	0.000341002	0.3518
378.0	12.0	0.000148862	0.5651
382.5	12.0	8.50342e-05	0.7027
387.0	12.0	0.000118886	0.6027
391.5	12.0	6.60704e-05	0.8152
396.0	12.0	0.00100955	0.9414
400.5	12.0	6.05027e-05	0.8769
405.0	12.0	0.000108497	0.6827
409.5	12.0	0.000785192	0.7743
414.0	12.0	0.00178621	0.6646
418.5	12.0	0.00101193	0.8728
423.0	12.0	0.00104529	0.8448
427.5	12.0	0.000276045	0.7308
432.0	12.0	7.63283e-05	0.5792
436.5	12.0	0.00130181	0.9351
441.0	12.0	0.000127007	0.4869
445.5	12.0	0.000101627	0.6155
-450.0	14.5667	7.39912e-05	0.5828
-445.5	14.5667	0.000103279	0.5324
-441.0	14.5667	0.00174519	0.9517
-436.5	14.5667	4.62914e-05	0.6322
-432.0	14.5667	8.02789e-05	0.5663
-427.5	14.5667	6.81944e-05	0.6308
-423.0	14.5667	0.0	0.0
-418.5	14.5667	1.46173e-05	1.0
-414.0	14.5667	2.29051e-05	0.7094
-409.5	14.5667	3.97733e-05	0.9226
-405.0	14.5667	3.66657e-07	1.0
-400.5	14.5667	5.23465e-05	0.8716
-396.0	14.5667	2.85673e-05	1.0
-391.5	14.5667	5.53992e-06	1.0
-387.0	14.5667	3.44784e-05	1.0
-382.5	14.5667	0.000106383	0.7286
-378.0	14.5667	0.000164134	0.4472
-373.5	14.5667	6.24776e-05	0.6572
-369.0	14.5667	7.7906e-05	0.4054
-364.5	14.5667	1.03815e-05	1.0
-360.0	14.5667	0.000106624	0.4947
-355.5	14.5667	0.000308395	0.4713
-351.0	14.5667	0.000254699	0.3806
-346.5	14.5667	0.00155817	0.8605
-342.0	14.5667	0.00159277	0.8174
-337.5	14.5667	0.000509731	0.6411
-333.0	14.5667	0.000449567	0.3186
-328.5	14.5667	0.00300283	0.6282
-324.0	14.5667	0.00216274	0.8264
-319.5	14.5667	0.000148643	0.3362
-315.0	14.5667	0.00174002	0.7564
-310.5	14.5667	0.000866368	0.5144
-306.0	14.5667	0.000895206	0.7277
-301.5	14.5667	0.00447343	0.9279
-297.0	14.5667	0.00109063	0.679
-292.5	14.5667	0.00592337	0.7205
-288.0	14.5667	0.00698052	0.5456
-283.5	14.5667	0.00267215	0.4673
-279.0	14.5667	0.0032002	0.5992
-274.5	14.5667	0.00281736	0.4916
-270.0	14.5667	0.00552882	0.6755
-265.5	14.5667	0.00220086	0.673
-261.0	14.5667	0.00690066	0.6038
-256.5	14.5667	0.00389376	0.6476
-252.0	14.5667	0.00261063	0.6987
-247.5	14.5667	0.00215524	0.5559
-243.0	14.5667	0.0102588	0.4067
-238.5	14.5667	0.00187769	0.4451
-234.0	14.5667	0.00698339	0.4553
-229.5	14.5667	0.0109896	0.4206
-225.0	14.5667	0.00639631	0.4765
-220.5	14.5667	0.00483453	0.5441
-216.0	14.5667	0.00725429	0.5316
-211.5	14.5667	0.00742698	0.408
-207.0	14.5667	0.00489053	0.4538
-202.5	14.5667	0.00527483	0.4415
-198.0	14.5667	0.00693842	0.3217
-193.5	14.5667	0.0195394	0.2852
-189.0	14.5667	0.0182285	0.2886
-184.5	14.5667	0.0133126	0.3073
-180.0	14.5667	0.0224744	0.269
-175.5	14.5667	0.0155669	0.2972
-171.0	14.5667	0.0283694	0.2763
-166.5	14.5667	0.0288167	0.2383
-162.0	14.5667	0.0274863	0.242
-157.5	14.5667	0.0465923	0.2075
-153.0	14.5667	0.0307907	0.2299
-148.5	14.5667	0.0229408	0.2437
-144.0	14.5667	0.0305462	0.2029
-139.5	14.5667	0.0360292	0.1852
-135.0	14.5667	0.0442847	0.196
-130.5	14.5667	0.0559251	0.1747
-126.0	14.5667	0.0521718	0.1773
-121.5	14.5667	0.0496092	0.1677
-117.0	14.5667	0.0455433	0.1775
-112.5	14.5667	0.0473488	0.1848
-108.0	14.5667	0.0818964	0.1377
-103.5	14.5667	0.0735845	0.1542
-99.0	14.5667	0.0541214	0.1667
-94.5	14.5667	0.0912771	0.1356
-90.0	14.5667	0.105502	0.1208
-85.5	14.5667	0.0899828	0.1363
-81.0	14.5667	0.079287	0.1296
-76.5	14.5667	0.0952315	0.132
-72.0	14.5667	0.101677	0.1217
-67.5	14.5667	0.0915143	0.1183
-63.0	14.5667	0.129434	0.1188
-58.5	14.5667	0.115976	0.1066
-54.0	14.5667	0.173266	0.1132
-49.5	14.5667	0.139678	0.1183
-45.0	14.5667	0.171985	0.1005
-40.5	14.5667	0.142889	0.101
-36.0	14.5667	0.157411	0.0965
-31.5	14.5667	0.175665	0.0936
-27.0	14.5667	0.204533	0.0948
-22.5	14.5667	0.189178	0.0915
-18.0	14.5667	0.160274	0.1029
-13.5	14.5667	0.187998	0.0927
-9.0	14.5667	0.174211	0.0986
-4.5	14.5667	0.199131	0.0916
0.0	14.5667	0.184433	0.0916
4.5	14.5667	0.157903	0.0943
9.0	14.5667	0.209802	0.0988
13.5	14.5667	0.196283	0.0904
18.0	14.5667	0.197442	0.0879
22.5	14.5667	0.178221	0.0963
27.0	14.5667	0.167822	0.0964
31.5	14.5667	0.189844	0.0958
36.0	14.5667	0.172131	0.095
40.5	14.5667	0.136769	0.1041
45.0	14.5667	0.14973	0.0985
49.5	14.5667	0.176297	0.0986
54.0	14.5667	0.168608	0.102
58.5	14.5667	0.144984	0.1035
63.0	14.5667	0.148551	0.1048
67.5	14.5667	0.133652	0.1093
72.0	14.5667	0.150518	0.1114
76.5	14.5667	0.107654	0.1234
81.0	14.5667	0.112218	0.1316
85.5	14.5667	0.129656	0.119
90.0	14.5667	0.101785	0.1265
94.5	14.5667	0.0947412	0.1162
99.0	14.5667	0.120483	0.1249
103.5	14.5667	0.0749345	0.142
108.0	14.5667	0.0974435	0.1266
112.5	14.5667	0.0953285	0.1302
117.0	14.5667	0.0950368	0.1335
121.5	14.5667	0.0694314	0.168
126.0	14.5667	0.0574732	0.1608
130.5	14.5667	0.0657933	0.1561
135.0	14.5667	0.0656867	0.1598
139.5	14.5667	0.051873	0.1811
144.0	14.5667	0.0532523	0.1848
148.5	14.5667	0.0392471	0.1871
153.0	14.5667	0.0486375	0.1982
157.5	14.5667	0.0302799	0.2356
162.0	14.5667	0.021676	0.2525
166.5	14.5667	0.019703	0.2598
171.0	14.5667	0.016487	0.2408
175.5	14.5667	0.0230652	0.2383
180.0	14.5667	0.0246151	0.2811
184.5	14.5667	0.0181754	0.2529
189.0	14.5667	0.020467	0.2868
193.5	14.5667	0.0201496	0.2846
198.0	14.5667	0.0154702	0.2999
202.5	14.5667	0.0160921	0.2833
207.0	14.5667	0.00918818	0.2699
211.5	14.5667	0.012756	0.3051
216.0	14.5667	0.0157864	0.2917
220.5	14.5667	0.00954001	0.3884
225.0	14.5667	0.0150246	0.3194
229.5	14.5667	0.00891344	0.3399
234.0	14.5667	0.0103705	0.3578
238.5	14.5667	0.003671	0.4214
243.0	14.5667	0.0111144	0.3773
247.5	14.5667	0.00795064	0.4929
252.0	14.5667	0.0122556	0.4021
256.5	14.5667	0.00596294	0.4441
261.0	14.5667	0.00440207	0.5432
265.5	14.5667	0.00132854	0.4275
270.0	14.5667	0.00848049	0.5374
274.5	14.5667	0.014794	0.3839
279.0	14.5667	0.0067863	0.4018
283.5	14.5667	0.0056086	0.4736
288.0	14.5667	0.00315757	0.4212
292.5	14.5667	0.00276744	0.4955
297.0	14.5667	0.00508904	0.4743
301.5	14.5667	0.00132747	0.528
306.0	14.5667	0.00389311	0.5056
310.5	14.5667	0.00129693	0.3445
315.0	14.5667	0.00283485	0.6256
319.5	14.5667	0.00146009	0.5795
324.0	14.5667	0.00332859	0.5688
328.5	14.5667	0.00498533	0.6765
333.0	14.5667	0.00111871	0.8524
337.5	14.5667	0.000451173	0.2499
342.0	14.5667	0.00337627	0.6006
346.5	14.5667	0.00361456	0.6009
351.0	14.5667	0.00416394	0.633
355.5	14.5667	0.00425033	0.5983
360.0	14.5667	0.00266801	0.8378
364.5	14.5667	0.000270399	0.3763
369.0	14.5667	0.000112397	0.4981
373.5	14.5667	0.000507579	0.4022
378.0	14.5667	0.00132779	0.8973
382.5	14.5667	0.00171843	0.6821
387.0	14.5667	0.00347229	0.7226
391.5	14.5667	4.67975e-05	0.7802
396.0	14.5667	2.81991e-05	0.615
400.5	14.5667	6.96847e-05	0.6077
405.0	14.5667	0.00115065	0.956
409.5	14.5667	0.00113628	0.7098
414.0	14.5667	7.45869e-05	1.0
418.5	14.5667	0.000992071	0.9701
423.0	14.5667	0.000634006	1.0
427.5	14.5667	5.27343e-05	0.6436
432.0	14.5667	7.44362e-05	0.7581
436.5	14.5667	0.000218388	0.4014
441.0	14.5667	0.000111576	0.4659
445.5	14.5667	4.52971e-05	0.7081
-450.0	17.1333	0.000136123	0.5166
-445.5	17.1333	0.000117796	0.4932
-441.0	17.1333	0.000115325	0.5939
-436.5	17.1333	0.000120053	0.5113
-432.0	17.1333	6.90049e-05	0.834
-427.5	17.1333	4.83929e-05	0.6127
-423.0	17.1333	4.69225e-06	1.0
-418.5	17.1333	0.00243585	0.9968
-414.0	17.1333	3.41898e-06	1.0
-409.5	17.1333	6.61861e-05	0.9851
-405.0	17.1333	0.000105214	0.7247
-400.5	17.1333	0.000116281	0.7205
-396.0	17.1333	9.95453e-05	0.7608
-391.5	17.1333	0.000128373	0.7082
-387.0	17.1333	0.000136967	0.6656
-382.5	17.1333	0.000136227	0.6203
-378.0	17.1333	0.000897101	0.7127
-373.5	17.1333	0.0016035	0.8765
-369.0	17.1333	0.00165992	0.8466
-364.5	17.1333	0.00153824	0.9135
-360.0	17.1333	0.0015392	0.9122
-355.5	17.1333	0.00157647	0.891
-351.0	17.1333	0.000935451	0.6783
-346.5	17.1333	0.00122993	0.7174
-342.0	17.1333	0.000361579	0.2889
-337.5	17.1333	0.0003861	0.3033
-333.0	17.1333	0.000326129	0.285
-328.5	17.1333	0.000609737	0.3351
-324.0	17.1333	0.000661059	0.235
-319.5	17.1333	0.000363256	0.3882
-315.0	17.1333	0.0020248	0.729
-310.5	17.1333	0.00072077	0.3171
-306.0	17.1333	0.00151141	0.8241
-301.5	17.1333	0.00097097	0.5733
-297.0	17.1333	0.00028716	0.2926
-292.5	17.1333	0.00246355	0.7968
-288.0	17.1333	0.000670567	0.2825
-283.5	17.1333	0.00322289	0.5933
-279.0	17.1333	0.00185007	0.6242
-274.5	17.1333	0.00294715	0.5308
-270.0	17.1333	0.00552445	0.5528
-265.5	17.1333	0.00390231	0.5725
-261.0	17.1333	0.0034975	0.5003
-256.5	17.1333	0.0011637	0.3131
-252.0	17.1333	0.0040607	0.6131
-247.5	17.1333	0.00207086	0.3654
-243.0	17.1333	0.007662	0.3721
-238.5	17.1333	0.00826145	0.4301
-234.0	17.1333	0.00527776	0.4526
-229.5	17.1333	0.00411987	0.4245
-225.0	17.1333	0.00734436	0.5329
-220.5	17.1333	0.00848162	0.4885
-216.0	17.1333	0.0124087	0.41
-211.5	17.1333	0.00827095	0.4743
-207.0	17.1333	0.00845593	0.3746
-202.5	17.1333	0.00721044	0.4265
-198.0	17.1333	0.00618394	0.4173
-193.5	17.1333	0.024188	0.2904
-189.0	17.1333	0.0119208	0.4134
-184.5	17.1333	0.0127094	0.3224
-180.0	17.1333	0.0186588	0.2553
-175.5	17.1333	0.0216811	0.3167
-171.0	17.1333	0.0228179	0.2266
-166.5	17.1333	0.0230851	0.2431
-162.0	17.1333	0.0212017	0.2398
-157.5	17.1333	0.0241393	0.2148
-153.0	17.1333	0.0348026	0.2119
-148.5	17.1333	0.0260891	0.2498
-144.0	17.1333	0.03127	0.2642
-139.5	17.1333	0.0386291	0.2076
-135.0	17.1333	0.0277142	0.1837
-130.5	17.1333	0.0589563	0.1844
-126.0	17.1333	0.0457127	0.1904
-121.5	17.1333	0.0383811	0.1833
-117.0	17.1333	0.0514366	0.1821
-112.5	17.1333	0.0683364	0.1645
-108.0	17.1333	0.0665194	0.1524
-103.5	17.1333	0.0736928	0.1482
-99.0	17.1333	0.0846503	0.1439
-94.5	17.1333	0.080048	0.141
-90.0	17.1333	0.0940116	0.1396
-85.5	17.1333	0.100446	0.1289
-81.0	17.1333	0.109113	0.125
-76.5	17.1333	0.109472	0.1268
-72.0	17.1333	0.101289	0.1266
-67.5	17.1333	0.107842	0.1259
-63.0	17.1333	0.137827	0.1129
-58.5	17.1333	0.106696	0.125
-54.0	17.1333	0.135773	0.1042
-49.5	17.1333	0.160223	0.1107
-45.0	17.1333	0.155631	0.1093
-40.5	17.1333	0.166401	0.0979
-36.0	17.1333	0.167227	0.1012
-31.5	17.1333	0.152288	0.0991
-27.0	17.1333	0.20857	0.0906
-22.5	17.1333	0.193802	0.0942
-18.0	17.1333	0.191256	0.0907
-13.5	17.1333	0.155538	0.0985
-9.0	17.1333	0.148243	0.0997
-4.5	17.1333	0.178783	0.0947
0.0	17.1333	0.16679	0.1017
4.5	17.1333	0.198635	0.0895
9.0	17.1333	0.174896	0.0991
13.5	17.1333	0.141336	0.0935
18.0	17.1333	0.178297	0.0911
22.5	17.1333	0.155174	0.0996
27.0	17.1333	0.158172	0.0999
31.5	17.1333	0.189682	0.1095
36.0	17.1333	0.161097	0.113
40.5	17.1333	0.147549	0.1049
45.0	17.1333	0.158799	0.104
49.5	17.1333	0.167305	0.0927
54.0	17.1333	0.145805	0.1055
58.5	17.1333	0.13223	0.1045
63.0	17.1333	0.108612	0.1122
67.5	17.1333	0.131543	0.1148
72.0	17.1333	0.135328	0.1109
76.5	17.1333	0.125943	0.1143
81.0	17.1333	0.114685	0.1199
85.5	17.1333	0.0998989	0.129
90.0	17.1333	0.101639	0.1811
94.5	17.1333	0.101952	0.1246
99.0	17.1333	0.0925845	0.1292
103.5	17.1333	0.0826272	0.1349
108.0	17.1333	0.102655	0.1308
112.5	17.1333	0.0831889	0.1345
117.0	17.1333	0.0848875	0.1443
121.5	17.1333	0.0571644	0.1627
126.0	17.1333	0.0765946	0.1436
130.5	17.1333	0.0632703	0.1541
135.0	17.1333	0.0339553	0.2045
139.5	17.1333	0.0530866	0.1624
144.0	17.1333	0.0512481	0.1745
148.5	17.1333	0.0461208	0.1838
153.0	17.1333	0.0383734	0.2237
157.5	17.1333	0.0346681	0.2129
162.0	17.1333	0.0271623	0.2243
166.5	17.1333	0.0161669	0.2343
171.0	17.1333	0.0219724	0.2561
175.5	17.1333	0.0351415	0.224
180.0	17.1333	0.0295428	0.2315
184.5	17.1333	0.0195349	0.3138
189.0	17.1333	0.0108755	0.3346
193.5	17.1333	0.0201389	0.2358
198.0	17.1333	0.0140726	0.3032
202.5	17.1333	0.0201423	0.3561
207.0	17.1333	0.0129479	0.3346
211.5	17.1333	0.0167642	0.3605
216.0	17.1333	0.0153518	0.3688
220.5	17.1333	0.0063774	0.4538
225.0	17.1333	0.0128796	0.3328
229.5	17.1333	0.00559784	0.3931
234.0	17.1333	0.0136252	0.4568
238.5	17.1333	0.0114008	0.3973
243.0	17.1333	0.00701677	0.4774
247.5	17.1333	0.00286434	0.5588
252.0	17.1333	0.00925037	0.4121
256.5	17.1333	0.0116201	0.3874
261.0	17.1333	0.00602658	0.4579
265.5	17.1333	0.00764403	0.4463
270.0	17.1333	0.00611405	0.7818
274.5	17.1333	0.00453055	0.4365
279.0	17.1333	0.00329453	0.4809
283.5	17.1333	0.00597287	0.4671
288.0	17.1333	0.003931	0.4217
292.5	17.1333	0.00520875	0.516
297.0	17.1333	0.0036952	0.5104
301.5	17.1333	0.00252371	0.5959
306.0	17.1333	0.00487079	0.4998
310.5	17.1333	0.00298236	0.6237
315.0	17.1333	0.00123431	0.5506
319.5	17.1333	0.00163103	0.5092
324.0	17.1333	0.00532438	0.4792
328.5	17.1333	0.00259441	0.4477
333.0	17.1333	0.00329694	0.6419
337.5	17.1333	0.00167292	0.8066
342.0	17.1333	0.00041321	0.3503
346.5	17.1333	0.000871124	0.6285
351.0	17.1333	0.00281468	0.6892
355.5	17.1333	0.00019767	0.3441
360.0	17.1333	0.000363436	0.4232
364.5	17.1333	0.000563468	0.5375
369.0	17.1333	0.0011768	0.9421
373.5	17.1333	0.00180168	0.9766
378.0	17.1333	0.000177029	0.3743
382.5	17.1333	0.000155825	0.4937
387.0	17.1333	7.56846e-05	0.609
391.5	17.1333	0.000243266	0.5155
396.0	17.1333	0.00212408	0.9564
400.5	17.1333	0.000101708	0.5806
405.0	17.1333	8.2735e-05	0.7906
409.5	17.1333	9.92922e-05	0.5822
414.0	17.1333	3.76234e-05	1.0
418.5	17.1333	0.0	0.0
423.0	17.1333	0.000144124	0.5422
427.5	17.1333	0.000169159	0.7161
432.0	17.1333	0.000921999	0.8626
436.5	17.1333	0.00012072	0.6687
441.0	17.1333	9.38633e-05	0.5629
445.5	17.1333	5.91592e-05	0.7051
-450.0	19.7	0.000100999	0.7568
-445.5	19.7	0.000102327	0.5275
-441.0	19.7	0.000120442	0.5314
-436.5	19.7	0.000112967	0.4821
-432.0	19.7	2.40609e-05	0.7186
-427.5	19.7	0.002009	0.9741
-423.0	19.7	0.00142447	0.987
-418.5	19.7	0.000532027	0.9808
-414.0	19.7	0.0	0.0
-409.5	19.7	6.99159e-06	1.0
-405.0	19.7	2.05627e-06	1.0
-400.5	19.7	5.72258e-05	1.0
-396.0	19.7	1.71972e-05	0.6846
-391.5	19.7	0.000109292	0.5917
-387.0	19.7	4.85601e-05	0.6577
-382.5	19.7	0.000162049	0.4949
-378.0	19.7	0.000272385	0.4116
-373.5	19.7	0.000204456	0.3744
-369.0	19.7	0.000241278	0.4012
-364.5	19.7	0.000203031	0.5446
-360.0	19.7	0.00010894	0.4515
-355.5	19.7	0.000106436	0.4453
-351.0	19.7	0.000927664	0.8407
-346.5	19.7	0.00128859	0.8575
-342.0	19.7	0.00040183	0.3021
-337.5	19.7	0.00028273	0.3507
-333.0	19.7	0.000801253	0.6968
-328.5	19.7	0.00221513	0.7988
-324.0	19.7	0.0014962	0.7659
-319.5	19.7	0.000180575	0.4432
-315.0	19.7	0.00318939	0.8615
-310.5	19.7	0.000789177	0.5149
-306.0	19.7	0.000665889	0.5877
-301.5	19.7	0.000869804	0.6038
-297.0	19.7	0.000379491	0.2734
-292.5	19.7	0.0028224	0.5529
-288.0	19.7	0.00215379	0.6071
-283.5	19.7	0.0059524	0.5186
-279.0	19.7	0.0112753	0.4393
-274.5	19.7	0.00866967	0.5936
-270.0	19.7	0.00508969	0.8011
-265.5	19.7	0.00319307	0.5811
-261.0	19.7	0.00129302	0.4365
-256.5	19.7	0.00234117	0.3841
-252.0	19.7	0.00392589	0.4384
-247.5	19.7	0.00508779	0.5654
-243.0	19.7	0.00529286	0.4619
-238.5	19.7	0.00227116	0.4691
-234.0	19.7	0.00712953	0.4029
-229.5	19.7	0.00958924	0.4733
-225.0	19.7	0.0127205	0.4376
-220.5	19.7	0.00493032	0.809
-216.0	19.7	0.0100684	0.5031
-211.5	19.7	0.014748	0.3749
-207.0	19.7	0.00300093	0.3843
-202.5	19.7	0.00996951	0.4241
-198.0	19.7	0.0177041	0.3249
-193.5	19.7	0.0161756	0.2629
-189.0	19.7	0.0125531	0.2925
-184.5	19.7	0.00904418	0.3114
-180.0	19.7	0.0104004	0.423
-175.5	19.7	0.0142671	0.3224
-171.0	19.7	0.0228771	0.2607
-166.5	19.7	0.027264	0.2505
-162.0	19.7	0.0325971	0.2534
-157.5	19.7	0.0253263	0.224
-153.0	19.7	0.0404675	0.2152
-148.5	19.7	0.0300657	0.2406
-144.0	19.7	0.0164596	0.2673
-139.5	19.7	0.0382562	0.23
-135.0	19.7	0.0454866	0.2012
-130.5	19.7	0.0548414	0.1817
-126.0	19.7	0.0441481	0.1975
-121.5	19.7	0.0391582	0.1804
-117.0	19.7	0.0466175	0.1737
-112.5	19.7	0.0674334	0.1707
-108.0	19.7	0.0689721	0.1481
-103.5	19.7	0.0651653	0.145
-99.0	19.7	0.0805065	0.1351
-94.5	19.7	0.0789097	0.1444
-90.0	19.7	0.092068	0.1301
-85.5	19.7	0.104318	0.1332
-81.0	19.7	0.105726	0.1218
-76.5	19.7	0.0811898	0.1336
-72.0	19.7	0.101341	0.1267
-67.5	19.7	0.112686	0.126
-63.0	19.7	0.102902	0.1176
-58.5	19.7	0.104937	0.1179
-54.0	19.7	0.134445	0.1131
-49.5	19.7	0.124417	0.1072
-45.0	19.7	0.163316	0.1017
-40.5	19.7	0.15807	0.1009
-36.0	19.7	0.15946	0.099
-31.5	19.7	0.151694	0.1023
-27.0	19.7	0.139183	0.1042
-22.5	19.7	0.163684	0.1019
-18.0	19.7	0.16111	0.0975
-13.5	19.7	0.18638	0.0922
-9.0	19.7	0.188113	0.1025
-4.5	19.7	0.165519	0.0951
0.0	19.7	0.189172	0.0927
4.5	19.7	0.222537	0.1006
9.0	19.7	0.205783	0.0916
13.5	19.7	0.170567	0.0962
18.0	19.7	0.188146	0.099
22.5	19.7	0.167171	0.0973
27.0	19.7	0.201705	0.0898
31.5	19.7	0.188718	0.1007
36.0	19.7	0.151034	0.1107
40.5	19.7	0.169596	0.0986
45.0	19.7	0.184594	0.0964
49.5	19.7	0.145853	0.1035
54.0	19.7	0.160946	0.096
58.5	19.7	0.152906	0.1192
63.0	19.7	0.147109	0.1046
67.5	19.7	0.109809	0.1136
72.0	19.7	0.143131	0.1102
76.5	19.7	0.135647	0.1181
81.0	19.7	0.132322	0.1211
85.5	19.7	0.107614	0.124
90.0	19.7	0.0873346	0.1391
94.5	19.7	0.0937358	0.1265
99.0	19.7	0.0891503	0.1452
103.5	19.7	0.0983804	0.1212
108.0	19.7	0.0757689	0.1503
112.5	19.7	0.0793373	0.1436
117.0	19.7	0.0511817	0.1623
121.5	19.7	0.0823534	0.138
126.0	19.7	0.071058	0.1451
130.5	19.7	0.0616238	0.1563
135.0	19.7	0.0537239	0.1796
139.5	19.7	0.071427	0.1654
144.0	19.7	0.0526379	0.1731
148.5	19.7	0.0543414	0.1813
153.0	19.7	0.0368346	0.2031
157.5	19.7	0.0437126	0.1958
162.0	19.7	0.0301058	0.2096
166.5	19.7	0.0444429	0.1885
171.0	19.7	0.0382453	0.252
175.5	19.7	0.0316514	0.2404
180.0	19.7	0.0284213	0.2354
184.5	19.7	0.0283356	0.2176
189.0	19.7	0.0161931	0.2994
193.5	19.7	0.0216507	0.2518
198.0	19.7	0.0154426	0.321
202.5	19.7	0.0140642	0.2984
207.0	19.7	0.0157413	0.4216
211.5	19.7	0.019128	0.3406
216.0	19.7	0.0268187	0.3071
220.5	19.7	0.0128258	0.4731
225.0	19.7	0.0122328	0.4027
229.5	19.7	0.0166795	0.3764
234.0	19.7	0.00830573	0.4334
238.5	19.7	0.00368191	0.5537
243.0	19.7	0.0083038	0.4243
247.5	19.7	0.00661503	0.5034
252.0	19.7	0.00894869	0.4513
256.5	19.7	0.00515991	0.4292
261.0	19.7	0.00568182	0.465
265.5	19.7	0.00668123	0.5211
270.0	19.7	0.000836169	0.2124
274.5	19.7	0.00453681	0.5044
279.0	19.7	0.00397349	0.3563
283.5	19.7	0.00244908	0.3733
288.0	19.7	0.00265948	0.4634
292.5	19.7	0.00673777	0.4909
297.0	19.7	0.00674872	0.5208
301.5	19.7	0.00201536	0.501
306.0	19.7	0.00293623	0.6539
310.5	19.7	0.00172144	0.4966
315.0	19.7	0.000791839	0.3327
319.5	19.7	0.00219093	0.6227
324.0	19.7	0.00192665	0.6018
328.5	19.7	0.00437403	0.5059
333.0	19.7	0.00144037	0.6616
337.5	19.7	0.00378629	0.6105
342.0	19.7	0.00260153	0.7364
346.5	19.7	0.000456978	0.5505
351.0	19.7	0.00241398	0.833
355.5	19.7	0.00266935	0.615
360.0	19.7	0.000240363	0.392
364.5	19.7	0.00177656	0.8061
369.0	19.7	0.00754299	0.7138
373.5	19.7	0.0022006	0.9735
378.0	19.7	0.00217512	0.8154
382.5	19.7	0.000171501	0.4707
387.0	19.7	0.000572569	0.5034
391.5	19.7	0.000614088	0.906
396.0	19.7	0.00274492	0.6232
400.5	19.7	0.00077497	0.9613
405.0	19.7	0.000973954	0.7806
409.5	19.7	0.000888754	0.8533
414.0	19.7	0.000832185	0.8998
418.5	19.7	0.000317863	0.7912
423.0	19.7	0.0	0.0
427.5	19.7	0.000116459	0.6036
432.0	19.7	0.00173755	0.9689
436.5	19.7	8.60356e-05	0.6734
441.0	19.7	0.00207311	0.7188
445.5	19.7	0.000817825	0.8433
-450.0	22.2667	0.000154714	0.4224
-445.5	22.2667	8.12273e-05	0.5012
-441.0	22.2667	0.000128866	0.5887
-436.5	22.2667	3.60836e-05	0.7074
-432.0	22.2667	3.99251e-05	0.7656
-427.5	22.2667	8.60332e-05	0.5779
-423.0	22.2667	6.13546e-05	0.7696
-418.5	22.2667	6.20538e-05	0.6151
-414.0	22.2667	3.5891e-05	0.7825
-409.5	22.2667	8.11365e-05	0.7221
-405.0	22.2667	0.000130283	1.0
-400.5	22.2667	4.99762e-05	0.7073
-396.0	22.2667	7.20953e-05	0.7219
-391.5	22.2667	0.000130125	0.5575
-387.0	22.2667	0.00015821	0.5562
-382.5	22.2667	0.000138417	0.461
-378.0	22.2667	7.96931e-05	0.6159
-373.5	22.2667	1.7597e-05	0.7805
-369.0	22.2667	4.02091e-05	0.7442
-364.5	22.2667	0.000236768	0.3805
-360.0	22.2667	0.000206012	0.48
-355.5	22.2667	0.000231181	0.3698
-351.0	22.2667	0.000228928	0.3507
-346.5	22.2667	0.000287355	0.2988
-342.0	22.2667	0.000103923	0.4369
-337.5	22.2667	0.000223657	0.3653
-333.0	22.2667	0.00107141	0.8019
-328.5	22.2667	0.00551854	0.6329
-324.0	22.2667	0.00338238	0.5905
-319.5	22.2667	0.000807627	0.6158
-315.0	22.2667	0.00100844	0.5753
-310.5	22.2667	0.00206505	0.7987
-306.0	22.2667	0.00185716	0.724
-301.5	22.2667	0.000659957	0.2618
-297.0	22.2667	0.000939134	0.5266
-292.5	22.2667	0.0015236	0.518
-288.0	22.2667	0.00158285	0.6813
-283.5	22.2667	0.00191997	0.7625
-279.0	22.2667	0.00427349	0.605
-274.5	22.2667	0.00112541	0.4429
-270.0	22.2667	0.00645479	0.5726
-265.5	22.2667	0.000803227	0.2303
-261.0	22.2667	0.00183052	0.6212
-256.5	22.2667	0.0057341	0.4558
-252.0	22.2667	0.00395117	0.4773
-247.5	22.2667	0.00438221	0.4331
-243.0	22.2667	0.00536379	0.4582
-238.5	22.2667	0.00908957	0.6239
-234.0	22.2667	0.00296204	0.3329
-229.5	22.2667	0.003287	0.5444
-225.0	22.2667	0.00394858	0.7662
-220.5	22.2667	0.0109159	0.4758
-216.0	22.2667	0.00716146	0.461
-211.5	22.2667	0.0075721	0.3883
-207.0	22.2667	0.00462039	0.3406
-202.5	22.2667	0.00819069	0.3377
-198.0	22.2667	0.00424686	0.3738
-193.5	22.2667	0.0135369	0.3524
-189.0	22.2667	0.0209218	0.29
-184.5	22.2667	0.0104901	0.4083
-180.0	22.2667	0.0147566	0.3048
-175.5	22.2667	0.0223711	0.2615
-171.0	22.2667	0.0220014	0.2339
-166.5	22.2667	0.0324421	0.2171
-162.0	22.2667	0.0191353	0.2266
-157.5	22.2667	0.0415808	0.1916
-153.0	22.2667	0.040778	0.1993
-148.5	22.2667	0.0392921	0.2317
-144.0	22.2667	0.0283886	0.2342
-139.5	22.2667	0.0398474	0.1987
-135.0	22.2667	0.0422568	0.1942
-130.5	22.2667	0.0344751	0.1921
-126.0	22.2667	0.0515161	0.1922
-121.5	22.2667	0.0512337	0.1861
-117.0	22.2667	0.0470569	0.1932
-112.5	22.2667	0.0600888	0.1647
-108.0	22.2667	0.057092	0.1583
-103.5	22.2667	0.0584883	0.1521
-99.0	22.2667	0.0699983	0.1434
-94.5	22.2667	0.078487	0.1417
-90.0	22.2667	0.0966137	0.1317
-85.5	22.2667	0.0934372	0.1263
-81.0	22.2667	0.115317	0.1174
-76.5	22.2667	0.0946497	0.1272
-72.0	22.2667	0.108057	0.12
-67.5	22.2667	0.094203	0.1231
-63.0	22.2667	0.0952886	0.1227
-58.5	22.2667	0.115757	0.116
-54.0	22.2667	0.130412	0.1059
-49.5	22.2667	0.160424	0.1072
-45.0	22.2667	0.135052	0.1074
-40.5	22.2667	0.13966	0.1195
-36.0	22.2667	0.13789	0.112
-31.5	22.2667	0.157105	0.1024
-27.0	22.2667	0.190204	0.0918
-22.5	22.2667	0.190564	0.0988
-18.0	22.2667	0.160633	0.0999
-13.5	22.2667	0.171007	0.0977
-9.0	22.2667	0.146002	0.1059
-4.5	22.2667	0.200578	0.0922
0.0	22.2667	0.1867	0.098
4.5	22.2667	0.19168	0.091
9.0	22.2667	0.18194	0.0972
13.5	22.2667	0.194856	0.0951
18.0	22.2667	0.186832	0.098
22.5	22.2667	0.169477	0.0973
27.0	22.2667	0.167944	0.1022
31.5	22.2667	0.171593	0.0956
36.0	22.2667	0.147617	0.1078
40.5	22.2667	0.177779	0.0931
45.0	22.2667	0.150418	0.0988
49.5	22.2667	0.148047	0.1057
54.0	22.2667	0.153912	0.0999
58.5	22.2667	0.164536	0.1049
63.0	22.2667	0.143222	0.1073
67.5	22.2667	0.130772	0.1054
72.0	22.2667	0.116381	0.125
76.5	22.2667	0.128285	0.1108
81.0	22.2667	0.0933108	0.1236
85.5	22.2667	0.117973	0.1238
90.0	22.2667	0.109319	0.1307
94.5	22.2667	0.0765128	0.1299
99.0	22.2667	0.084974	0.1374
103.5	22.2667	0.0950432	0.1367
108.0	22.2667	0.0922739	0.1384
112.5	22.2667	0.0736928	0.1443
117.0	22.2667	0.0786051	0.1427
121.5	22.2667	0.103826	0.1395
126.0	22.2667	0.0532406	0.1571
130.5	22.2667	0.0783606	0.137
135.0	22.2667	0.0568535	0.1495
139.5	22.2667	0.0539438	0.1635
144.0	22.2667	0.05179	0.1777
148.5	22.2667	0.0442013	0.188
153.0	22.2667	0.0402358	0.1858
157.5	22.2667	0.0309923	0.2345
162.0	22.2667	0.0316631	0.2626
166.5	22.2667	0.0482135	0.2064
171.0	22.2667	0.0237005	0.2508
175.5	22.2667	0.020462	0.2711
180.0	22.2667	0.0200879	0.2311
184.5	22.2667	0.0295281	0.2537
189.0	22.2667	0.00960791	0.2942
193.5	22.2667	0.0270049	0.2514
198.0	22.2667	0.0155352	0.2813
202.5	22.2667	0.0206756	0.2766
207.0	22.2667	0.0247833	0.2855
211.5	22.2667	0.0136174	0.3536
216.0	22.2667	0.00976008	0.3007
220.5	22.2667	0.00860301	0.3655
225.0	22.2667	0.0121038	0.3466
229.5	22.2667	0.0166242	0.3082
234.0	22.2667	0.00414842	0.4467
238.5	22.2667	0.0119681	0.3306
243.0	22.2667	0.00604596	0.4487
247.5	22.2667	0.00657431	0.5287
252.0	22.2667	0.00617783	0.5425
256.5	22.2667	0.0106663	0.3591
261.0	22.2667	0.00489328	0.3961
265.5	22.2667	0.00644765	0.4251
270.0	22.2667	0.00419193	0.464
274.5	22.2667	0.00705472	0.5102
279.0	22.2667	0.0030381	0.4118
283.5	22.2667	0.00314421	0.4485
288.0	22.2667	0.00150531	0.5193
292.5	22.2667	0.00107033	0.5717
297.0	22.2667	0.00512245	0.5282
301.5	22.2667	0.00687013	0.573
306.0	22.2667	0.00264262	0.5002
310.5	22.2667	0.00432599	0.4322
315.0	22.2667	0.00329772	0.5512
319.5	22.2667	0.00221829	0.6151
324.0	22.2667	0.000953955	0.5773
328.5	22.2667	0.00129516	0.5667
333.0	22.2667	0.000535325	0.5828
337.5	22.2667	0.00416508	0.6628
342.0	22.2667	0.00189276	0.8353
346.5	22.2667	0.000363815	0.3445
351.0	22.2667	0.00176656	0.6222
355.5	22.2667	0.000213373	0.3425
360.0	22.2667	0.000226644	0.3522
364.5	22.2667	0.00341973	0.5386
369.0	22.2667	0.00138265	0.8565
373.5	22.2667	0.00275344	0.6691
378.0	22.2667	0.000501915	0.5253
382.5	22.2667	8.39428e-05	0.5154
387.0	22.2667	0.00350973	0.9592
391.5	22.2667	0.000801462	0.9594
396.0	22.2667	6.90916e-05	0.6624
400.5	22.2667	0.000748443	0.8515
405.0	22.2667	7.46292e-05	0.8475
409.5	22.2667	2.0795e-05	0.9933
414.0	22.2667	0.00014295	0.4652
418.5	22.2667	0.000109282	0.546
423.0	22.2667	6.26816e-05	0.6066
427.5	22.2667	0.00214512	0.9542
432.0	22.2667	0.000837747	0.9291
436.5	22.2667	0.000114521	0.4926
441.0	22.2667	0.000847206	0.93
445.5	22.2667	7.41228e-05	0.5801
-450.0	24.8333	2.79148e-05	0.8731
-445.5	24.8333	7.56268e-05	0.5892
-441.0	24.8333	5.39345e-05	0.5682
-436.5	24.8333	0.000109886	0.4579
-432.0	24.8333	7.64497e-05	0.5943
-427.5	24.8333	6.4833e-06	0.8482
-423.0	24.8333	0.000100309	0.5951
-418.5	24.8333	9.07809e-05	0.7504
-414.0	24.8333	2.12371e-05	1.0
-409.5	24.8333	0.0	0.0
-405.0	24.8333	0.00173151	0.915
-400.5	24.8333	0.000208296	0.4183
-396.0	24.8333	0.000733527	0.7487
-391.5	24.8333	5.50208e-05	0.7071
-387.0	24.8333	8.93754e-06	1.0
-382.5	24.8333	0.000132881	0.4595
-378.0	24.8333	0.000135848	0.4692
-373.5	24.8333	9.03603e-05	0.5598
-369.0	24.8333	7.65039e-05	0.5811
-364.5	24.8333	0.000158001	0.4316
-360.0	24.8333	0.000267975	0.3446
-355.5	24.8333	0.000185365	0.3808
-351.0	24.8333	0.000316454	0.322
-346.5	24.8333	0.00026342	0.3038
-342.0	24.8333	0.000595822	0.7153
-337.5	24.8333	0.00196858	0.8515
-333.0	24.8333	0.00149043	0.5571
-328.5	24.8333	0.000391323	0.332
-324.0	24.8333	0.00328899	0.7247
-319.5	24.8333	0.000684234	0.398
-315.0	24.8333	0.000461779	0.3643
-310.5	24.8333	0.000449057	0.2871
-306.0	24.8333	0.000393824	0.2914
-301.5	24.8333	0.0025421	0.8156
-297.0	24.8333	0.00147818	0.7291
-292.5	24.8333	0.000337073	0.3091
-288.0	24.8333	0.000476784	0.2534
-283.5	24.8333	0.00294099	0.6043
-279.0	24.8333	0.00082967	0.5283
-274.5	24.8333	0.000466038	0.2913
-270.0	24.8333	0.00197551	0.5848
-265.5	24.8333	0.00182449	0.4079
-261.0	24.8333	0.00722488	0.5727
-256.5	24.8333	0.00669388	0.603
-252.0	24.8333	0.00408005	0.7648
-247.5	24.8333	0.00421952	0.3763
-243.0	24.8333	0.00922032	0.4431
-238.5	24.8333	0.00538964	0.5907
-234.0	24.8333	0.00709913	0.3802
-229.5	24.8333	0.0112141	0.5313
-225.0	24.8333	0.00853007	0.5515
-220.5	24.8333	0.00302091	0.3582
-216.0	24.8333	0.0084873	0.3997
-211.5	24.8333	0.0221589	0.3057
-207.0	24.8333	0.00326201	0.3076
-202.5	24.8333	0.0102853	0.3564
-198.0	24.8333	0.0196496	0.3232
-193.5	24.8333	0.0175695	0.3151
-189.0	24.8333	0.0172776	0.3276
-184.5	24.8333	0.0183406	0.3136
-180.0	24.8333	0.0163468	0.2669
-175.5	24.8333	0.0187575	0.2961
-171.0	24.8333	0.0269863	0.2308
-166.5	24.8333	0.032765	0.218
-162.0	24.8333	0.0308769	0.2159
-157.5	24.8333	0.0318992	0.2176
-153.0	24.8333	0.040846	0.2295
-148.5	24.8333	0.0264105	0.2193
-144.0	24.8333	0.0242769	0.2551
-139.5	24.8333	0.0453266	0.1774
-135.0	24.8333	0.0426866	0.1835
-130.5	24.8333	0.0339974	0.2029
-126.0	24.8333	0.0568669	0.1887
-121.5	24.8333	0.0608608	0.1666
-117.0	24.8333	0.049932	0.168
-112.5	24.8333	0.0549563	0.1766
-108.0	24.8333	0.0724446	0.1601
-103.5	24.8333	0.0731022	0.1506
-99.0	24.8333	0.0623397	0.1503
-94.5	24.8333	0.0808744	0.146
-90.0	24.8333	0.105764	0.1289
-85.5	24.8333	0.0923891	0.1409
-81.0	24.8333	0.103542	0.1286
-76.5	24.8333	0.102522	0.1183
-72.0	24.8333	0.094458	0.1303
-67.5	24.8333	0.104318	0.1246
-63.0	24.8333	0.109968	0.1161
-58.5	24.8333	0.143614	0.1137
-54.0	24.8333	0.127488	0.1087
-49.5	24.8333	0.138891	0.1116
-45.0	24.8333	0.136257	0.1102
-40.5	24.8333	0.154233	0.1108
-36.0	24.8333	0.172557	0.1001
-31.5	24.8333	0.155998	0.0973
-27.0	24.8333	0.159249	0.1018
-22.5	24.8333	0.163718	0.0965
-18.0	24.8333	0.151699	0.1019
-13.5	24.8333	0.186835	0.098
-9.0	24.8333	0.180905	0.0974
-4.5	24.8333	0.179456	0.0913
0.0	24.8333	0.188957	0.1009
4.5	24.8333	0.210742	0.088
9.0	24.8333	0.196847	0.0933
13.5	24.8333	0.202639	0.0928
18.0	24.8333	0.196547	0.0957
22.5	24.8333	0.179058	0.0956
27.0	24.8333	0.154248	0.0993
31.5	24.8333	0.194499	0.0944
36.0	24.8333	0.151318	0.1021
40.5	24.8333	0.164161	0.0966
45.0	24.8333	0.155056	0.1025
49.5	24.8333	0.133225	0.1063
54.0	24.8333	0.149118	0.1069
58.5	24.8333	0.146965	0.1165
63.0	24.8333	0.158353	0.1036
67.5	24.8333	0.127678	0.1072
72.0	24.8333	0.110433	0.1224
76.5	24.8333	0.122583	0.114
81.0	24.8333	0.104769	0.1141
85.5	24.8333	0.0917646	0.1237
90.0	24.8333	0.101896	0.1237
94.5	24.8333	0.0945537	0.1296
99.0	24.8333	0.106441	0.1285
103.5	24.8333	0.0729265	0.1412
108.0	24.8333	0.0940406	0.1384
112.5	24.8333	0.0695894	0.149
117.0	24.8333	0.0831099	0.1576
121.5	24.8333	0.0741182	0.1392
126.0	24.8333	0.0799872	0.154
130.5	24.8333	0.0525758	0.1671
135.0	24.8333	0.0517928	0.1597
139.5	24.8333	0.0525217	0.1919
144.0	24.8333	0.0660548	0.1772
148.5	24.8333	0.0445096	0.1911
153.0	24.8333	0.0343079	0.1993
157.5	24.8333	0.0376662	0.204
162.0	24.8333	0.0312962	0.2079
166.5	24.8333	0.0306473	0.2274
171.0	24.8333	0.0313391	0.215
175.5	24.8333	0.020054	0.2581
180.0	24.8333	0.0201462	0.2655
184.5	24.8333	0.0176128	0.2581
189.0	24.8333	0.0225536	0.2736
193.5	24.8333	0.0200594	0.3042
198.0	24.8333	0.0121379	0.3562
202.5	24.8333	0.0107119	0.4124
207.0	24.8333	0.00893425	0.3957
211.5	24.8333	0.0114641	0.3866
216.0	24.8333	0.0109846	0.356
220.5	24.8333	0.0144021	0.4001
225.0	24.8333	0.0147794	0.3354
229.5	24.8333	0.00668758	0.3573
234.0	24.8333	0.0086939	0.326
238.5	24.8333	0.0175358	0.4182
243.0	24.8333	0.0102227	0.4197
247.5	24.8333	0.00771151	0.5114
252.0	24.8333	0.0069245	0.4537
256.5	24.8333	0.00507604	0.3865
261.0	24.8333	0.00212361	0.4678
265.5	24.8333	0.0023905	0.5245
270.0	24.8333	0.00385372	0.6257
274.5	24.8333	0.00389099	0.5228
279.0	24.8333	0.00147052	0.3992
283.5	24.8333	0.00112694	0.2632
288.0	24.8333	0.00693463	0.4026
292.5	24.8333	0.00751588	0.4008
297.0	24.8333	0.0113696	0.5045
301.5	24.8333	0.00222753	0.5275
306.0	24.8333	0.000787678	0.2494
310.5	24.8333	0.00361561	0.6561
315.0	24.8333	0.00572444	0.5888
319.5	24.8333	0.00733481	0.4919
324.0	24.8333	0.00021907	0.3302
328.5	24.8333	0.00283019	0.9055
333.0	24.8333	0.000782441	0.3752
337.5	24.8333	0.00162723	0.8265
342.0	24.8333	0.00351272	0.628
346.5	24.8333	0.000640405	0.5609
351.0	24.8333	0.0016992	0.7824
355.5	24.8333	0.000136368	0.4412
360.0	24.8333	0.000244132	0.4124
364.5	24.8333	0.000346228	0.5847
369.0	24.8333	0.000279754	0.3477
373.5	24.8333	0.000199021	0.3834
378.0	24.8333	9.35689e-05	0.5317
382.5	24.8333	0.000151563	0.4338
387.0	24.8333	3.474e-05	0.4887
391.5	24.8333	6.44489e-05	0.584
396.0	24.8333	1.47666e-05	0.7978
400.5	24.8333	0.000909869	0.8349
405.0	24.8333	5.46495e-05	0.6612
409.5	24.8333	8.06826e-05	0.739
414.0	24.8333	0.000130426	0.6777
418.5	24.8333	2.57246e-05	0.8123
423.0	24.8333	2.2615e-05	0.9811
427.5	24.8333	6.83285e-05	0.7673
432.0	24.8333	0.001808	0.979
436.5	24.8333	5.18309e-05	0.7215
441.0	24.8333	0.00314634	0.7031
445.5	24.8333	1.67557e-06	1.0
-450.0	27.4	2.48887e-05	1.0
-445.5	27.4	0.000872673	0.8337
-441.0	27.4	3.50194e-05	0.7105
-436.5	27.4	8.78625e-05	0.5486
-432.0	27.4	3.13576e-05	0.9211
-427.5	27.4	1.88693e-05	1.0
-423.0	27.4	7.11405e-05	0.6027
-418.5	27.4	2.14141e-05	1.0
-414.0	27.4	0.0	0.0
-409.5	27.4	0.00157383	0.9821
-405.0	27.4	9.49665e-05	0.574
-400.5	27.4	0.00134898	0.9392
-396.0	27.4	0.00325343	0.7501
-391.5	27.4	0.00245089	0.945
-387.0	27.4	0.00236676	0.9783
-382.5	27.4	0.00245824	0.9421
-378.0	27.4	0.00234357	0.9879
-373.5	27.4	0.00239745	0.9658
-369.0	27.4	0.000525866	0.7684
-364.5	27.4	7.73159e-05	0.7001
-360.0	27.4	0.00124191	0.7694
-355.5	27.4	0.000142469	0.4255
-351.0	27.4	0.000131295	0.4434
-346.5	27.4	0.000505665	0.4041
-342.0	27.4	0.00115554	0.8018
-337.5	27.4	0.000290306	0.3623
-333.0	27.4	0.00109253	0.7337
-328.5	27.4	0.000224068	0.3812
-324.0	27.4	0.00245322	0.5129
-319.5	27.4	0.000467164	0.2736
-315.0	27.4	0.000390385	0.2955
-310.5	27.4	0.000279253	0.3284
-306.0	27.4	0.000446007	0.2739
-301.5	27.4	0.000698257	0.2307
-297.0	27.4	0.000317987	0.3522
-292.5	27.4	0.0047212	0.6546
-288.0	27.4	0.000690278	0.3689
-283.5	27.4	0.00430766	0.5375
-279.0	27.4	0.00261691	0.8143
-274.5	27.4	0.0037067	0.5766
-270.0	27.4	0.00550349	0.4795
-265.5	27.4	0.00740132	0.5524
-261.0	27.4	0.00183258	0.5443
-256.5	27.4	0.00212661	0.4794
-252.0	27.4	0.00771264	0.5071
-247.5	27.4	0.00870285	0.3854
-243.0	27.4	0.00425496	0.4956
-238.5	27.4	0.00231381	0.4053
-234.0	27.4	0.00311376	0.3995
-229.5	27.4	0.00446734	0.3976
-225.0	27.4	0.00601087	0.3922
-220.5	27.4	0.00352639	0.5195
-216.0	27.4	0.00587466	0.4366
-211.5	27.4	0.0126521	0.3431
-207.0	27.4	0.00796381	0.5392
-202.5	27.4	0.00678052	0.4535
-198.0	27.4	0.0142127	0.3748
-193.5	27.4	0.00905091	0.321
-189.0	27.4	0.0143689	0.2917
-184.5	27.4	0.0201895	0.2741
-180.0	27.4	0.0257151	0.2477
-175.5	27.4	0.0179287	0.2919
-171.0	27.4	0.0230664	0.2569
-166.5	27.4	0.0216745	0.2689
-162.0	27.4	0.0242436	0.2348
-157.5	27.4	0.0235364	0.2483
-153.0	27.4	0.033268	0.1959
-148.5	27.4	0.0324019	0.1918
-144.0	27.4	0.0369993	0.2102
-139.5	27.4	0.0425271	0.1967
-135.0	27.4	0.042864	0.2059
-130.5	27.4	0.0383249	0.1898
-126.0	27.4	0.0294561	0.1969
-121.5	27.4	0.0376844	0.1927
-117.0	27.4	0.0599213	0.1607
-112.5	27.4	0.060788	0.1603
-108.0	27.4	0.065747	0.1483
-103.5	27.4	0.0848408	0.1413
-99.0	27.4	0.0852458	0.1327
-94.5	27.4	0.0700073	0.1441
-90.0	27.4	0.0783871	0.1451
-85.5	27.4	0.109399	0.1224
-81.0	27.4	0.109365	0.1241
-76.5	27.4	0.119771	0.1121
-72.0	27.4	0.104069	0.1151
-67.5	27.4	0.106683	0.1135
-63.0	27.4	0.135107	0.1216
-58.5	27.4	0.109738	0.1158
-54.0	27.4	0.129076	0.1166
-49.5	27.4	0.169899	0.1141
-45.0	27.4	0.164612	0.1108
-40.5	27.4	0.14407	0.1091
-36.0	27.4	0.153305	0.1086
-31.5	27.4	0.145881	0.0995
-27.0	27.4	0.173219	0.0983
-22.5	27.4	0.187141	0.103
-18.0	27.4	0.154527	0.104
-13.5	27.4	0.215601	0.1316
-9.0	27.4	0.161348	0.1018
-4.5	27.4	0.141822	0.101
0.0	27.4	0.202546	0.0978
4.5	27.4	0.220465	0.2113
9.0	27.4	0.187459	0.0963
13.5	27.4	0.201048	0.1029
18.0	27.4	0.155477	0.098
22.5	27.4	0.181751	0.0979
27.0	27.4	0.153749	0.0966
31.5	27.4	0.164837	0.0993
36.0	27.4	0.155967	0.0971
40.5	27.4	0.200953	0.0915
45.0	27.4	0.192681	0.0935
49.5	27.4	0.148869	0.1003
54.0	27.4	0.138712	0.1139
58.5	27.4	0.188244	0.0959
63.0	27.4	0.133019	0.1091
67.5	27.4	0.117938	0.1154
72.0	27.4	0.118283	0.1207
76.5	27.4	0.109284	0.1191
81.0	27.4	0.100955	0.1241
85.5	27.4	0.101333	0.1314
90.0	27.4	0.101978	0.1226
94.5	27.4	0.124771	0.1343
99.0	27.4	0.0845727	0.1425
103.5	27.4	0.0657201	0.1423
108.0	27.4	0.0650602	0.1513
112.5	27.4	0.0656106	0.1702
117.0	27.4	0.100765	0.1321
121.5	27.4	0.0838225	0.1566
126.0	27.4	0.0788486	0.1581
130.5	27.4	0.0499723	0.1662
135.0	27.4	0.0460153	0.201
139.5	27.4	0.0438307	0.1814
144.0	27.4	0.0419991	0.1722
148.5	27.4	0.0421148	0.1769
153.0	27.4	0.0378725	0.1945
157.5	27.4	0.040656	0.2121
162.0	27.4	0.0312947	0.2106
166.5	27.4	0.0316142	0.2093
171.0	27.4	0.0291478	0.2637
175.5	27.4	0.0269694	0.229
180.0	27.4	0.0247676	0.2369
184.5	27.4	0.0247558	0.2527
189.0	27.4	0.0239987	0.2628
193.5	27.4	0.0208305	0.2982
198.0	27.4	0.0131704	0.3011
202.5	27.4	0.0243654	0.3194
207.0	27.4	0.0232331	0.3454
211.5	27.4	0.0128649	0.3474
216.0	27.4	0.0264271	0.2528
220.5	27.4	0.0114667	0.3295
225.0	27.4	0.0107039	0.3116
229.5	27.4	0.0113108	0.3367
234.0	27.4	0.00879876	0.3877
238.5	27.4	0.00568388	0.4471
243.0	27.4	0.00891873	0.4222
247.5	27.4	0.00871012	0.3421
252.0	27.4	0.00758255	0.6233
256.5	27.4	0.00852082	0.4869
261.0	27.4	0.00847874	0.3991
265.5	27.4	0.0114639	0.4253
270.0	27.4	0.00304021	0.7526
274.5	27.4	0.00514496	0.4186
279.0	27.4	0.00394004	0.7393
283.5	27.4	0.0023403	0.5317
288.0	27.4	0.00673153	0.5901
292.5	27.4	0.00819305	0.6357
297.0	27.4	0.00245593	0.8199
301.5	27.4	0.00171942	0.7262
306.0	27.4	0.00208889	0.6548
310.5	27.4	0.00169903	0.5883
315.0	27.4	0.00275256	0.8008
319.5	27.4	0.00457233	0.5131
324.0	27.4	0.00108457	0.4144
328.5	27.4	0.0014121	0.728
333.0	27.4	0.00352944	0.8311
337.5	27.4	0.000324321	0.5945
342.0	27.4	0.00483291	0.5399
346.5	27.4	0.000941232	0.3651
351.0	27.4	0.00375557	0.8101
355.5	27.4	0.00305396	0.9283
360.0	27.4	0.000401486	0.2548
364.5	27.4	0.000166104	0.4821
369.0	27.4	8.66435e-05	0.4673
373.5	27.4	0.00025353	0.4295
378.0	27.4	0.00129849	0.8527
382.5	27.4	0.000112092	0.643
387.0	27.4	0.000243544	0.4957
391.5	27.4	9.69768e-05	0.7181
396.0	27.4	0.000153916	0.5358
400.5	27.4	0.0	0.0
405.0	27.4	3.46041e-05	1.0
409.5	27.4	1.84883e-05	1.0
414.0	27.4	6.17981e-05	0.7528
418.5	27.4	6.27788e-05	0.726
423.0	27.4	0.000123412	0.5915
427.5	27.4	0.00241449	0.9607
432.0	27.4	5.34192e-05	0.785
436.5	27.4	5.24444e-05	0.5424
441.0	27.4	0.000616737	0.6806
445.5	27.4	0.000102837	0.4648
-450.0	29.9667	0.00162994	0.9809
-445.5	29.9667	0.00125576	0.9661
-441.0	29.9667	6.74862e-05	0.5986
-436.5	29.9667	4.58711e-05	0.8054
-432.0	29.9667	0.00010126	0.5656
-427.5	29.9667	9.30827e-05	0.5249
-423.0	29.9667	2.7688e-05	1.0
-418.5	29.9667	7.8336e-05	0.7631
-414.0	29.9667	0.0	0.0
-409.5	29.9667	0.000914694	0.9586
-405.0	29.9667	1.43798e-05	0.7072
-400.5	29.9667	9.91433e-05	0.7195
-396.0	29.9667	9.77621e-05	0.6985
-391.5	29.9667	0.000122412	0.46
-387.0	29.9667	0.000103922	0.5614
-382.5	29.9667	0.000461491	0.8162
-378.0	29.9667	0.000381459	0.9211
-373.5	29.9667	0.00184245	0.8886
-369.0	29.9667	0.000117438	0.4137
-364.5	29.9667	0.000326682	0.3372
-360.0	29.9667	0.000479996	0.2874
-355.5	29.9667	0.000320455	0.367
-351.0	29.9667	0.000130124	0.475
-346.5	29.9667	0.000179854	0.388
-342.0	29.9667	0.000248938	0.3957
-337.5	29.9667	0.000363276	0.3517
-333.0	29.9667	0.000349185	0.3311
-328.5	29.9667	0.00066913	0.4039
-324.0	29.9667	0.000668106	0.6386
-319.5	29.9667	0.000346809	0.3032
-315.0	29.9667	0.000504216	0.4415
-310.5	29.9667	0.000447292	0.2605
-306.0	29.9667	0.00060482	0.278
-301.5	29.9667	0.000635436	0.2357
-297.0	29.9667	0.00053971	0.2583
-292.5	29.9667	0.00438223	0.8753
-288.0	29.9667	0.00665185	0.6809
-283.5	29.9667	0.00477529	0.5766
-279.0	29.9667	0.00473907	0.9119
-274.5	29.9667	0.0044799	0.7539
-270.0	29.9667	0.00269064	0.7911
-265.5	29.9667	0.00111476	0.367
-261.0	29.9667	0.00183384	0.4573
-256.5	29.9667	0.0050007	0.3918
-252.0	29.9667	0.00177016	0.3598
-247.5	29.9667	0.00683331	0.4854
-243.0	29.9667	0.00752365	0.5913
-238.5	29.9667	0.00711722	0.5593
-234.0	29.9667	0.00194653	0.319
-229.5	29.9667	0.00530093	0.463
-225.0	29.9667	0.00983281	0.3798
-220.5	29.9667	0.00747479	0.3733
-216.0	29.9667	0.00255392	0.4956
-211.5	29.9667	0.00836736	0.3788
-207.0	29.9667	0.0109295	0.3928
-202.5	29.9667	0.0112014	0.3996
-198.0	29.9667	0.0127724	0.379
-193.5	29.9667	0.013832	0.3461
-189.0	29.9667	0.017	0.2981
-184.5	29.9667	0.0122141	0.3065
-180.0	29.9667	0.0124944	0.3072
-175.5	29.9667	0.0266461	0.2672
-171.0	29.9667	0.0330064	0.2494
-166.5	29.9667	0.026245	0.2495
-162.0	29.9667	0.0285209	0.2238
-157.5	29.9667	0.0280255	0.2642
-153.0	29.9667	0.0279656	0.2132
-148.5	29.9667	0.0452771	0.186
-144.0	29.9667	0.0443315	0.2
-139.5	29.9667	0.0223314	0.2321
-135.0	29.9667	0.0488371	0.1731
-130.5	29.9667	0.0594381	0.1721
-126.0	29.9667	0.0468055	0.1696
-121.5	29.9667	0.0479953	0.1725
-117.0	29.9667	0.0511003	0.1629
-112.5	29.9667	0.0517024	0.1645
-108.0	29.9667	0.0647955	0.1597
-103.5	29.9667	0.0696923	0.1543
-99.0	29.9667	0.0689392	0.1452
-94.5	29.9667	0.0738603	0.1344
-90.0	29.9667	0.0719083	0.145
-85.5	29.9667	0.0861014	0.1341
-81.0	29.9667	0.0880643	0.1325
-76.5	29.9667	0.111148	0.1197
-72.0	29.9667	0.104006	0.122
-67.5	29.9667	0.0919035	0.1215
-63.0	29.9667	0.131541	0.1229
-58.5	29.9667	0.119053	0.1207
-54.0	29.9667	0.110133	0.1243
-49.5	29.9667	0.119648	0.1196
-45.0	29.9667	0.145302	0.1124
-40.5	29.9667	0.146292	0.1036
-36.0	29.9667	0.160731	0.0951
-31.5	29.9667	0.146582	0.101
-27.0	29.9667	0.138973	0.1052
-22.5	29.9667	0.18624	0.0939
-18.0	29.9667	0.153696	0.1029
-13.5	29.9667	0.152834	0.1088
-9.0	29.9667	0.177016	0.1007
-4.5	29.9667	0.194614	0.094
0.0	29.9667	0.219484	0.1763
4.5	29.9667	0.183779	0.1042
9.0	29.9667	0.180332	0.1208
13.5	29.9667	0.186624	0.0966
18.0	29.9667	0.153768	0.1089
22.5	29.9667	0.165276	0.099
27.0	29.9667	0.158263	0.1012
31.5	29.9667	0.142582	0.1037
36.0	29.9667	0.148095	0.1012
40.5	29.9667	0.164208	0.1039
45.0	29.9667	0.179141	0.0933
49.5	29.9667	0.168254	0.0976
54.0	29.9667	0.152091	0.1074
58.5	29.9667	0.126956	0.1096
63.0	29.9667	0.131327	0.1129
67.5	29.9667	0.120245	0.1107
72.0	29.9667	0.135909	0.1082
76.5	29.9667	0.0974623	0.1328
81.0	29.9667	0.100127	0.1219
85.5	29.9667	0.12009	0.1311
90.0	29.9667	0.100705	0.1297
94.5	29.9667	0.102085	0.121
99.0	29.9667	0.0947391	0.128
103.5	29.9667	0.105191	0.1308
108.0	29.9667	0.081936	0.1393
112.5	29.9667	0.0651207	0.1552
117.0	29.9667	0.0806377	0.1425
121.5	29.9667	0.069348	0.1525
126.0	29.9667	0.0530433	0.16
130.5	29.9667	0.0658666	0.1882
135.0	29.9667	0.0410017	0.178
139.5	29.9667	0.059591	0.1669
144.0	29.9667	0.0493373	0.1852
148.5	29.9667	0.0291674	0.2042
153.0	29.9667	0.0332385	0.2324
157.5	29.9667	0.032599	0.2093
162.0	29.9667	0.0431954	0.2184
166.5	29.9667	0.0236383	0.2342
171.0	29.9667	0.0263557	0.2169
175.5	29.9667	0.0232018	0.248
180.0	29.9667	0.0201101	0.2497
184.5	29.9667	0.0204992	0.2748
189.0	29.9667	0.0154728	0.3252
193.5	29.9667	0.0179259	0.28
198.0	29.9667	0.0115101	0.3329
202.5	29.9667	0.0109319	0.3713
207.0	29.9667	0.0119782	0.3166
211.5	29.9667	0.0166165	0.2978
216.0	29.9667	0.0201313	0.3124
220.5	29.9667	0.00847312	0.3026
225.0	29.9667	0.00944624	0.331
229.5	29.9667	0.00552524	0.3727
234.0	29.9667	0.00710164	0.458
238.5	29.9667	0.00413331	0.4098
243.0	29.9667	0.00615843	0.4591
247.5	29.9667	0.0103211	0.3145
252.0	29.9667	0.0130288	0.3701
256.5	29.9667	0.00627829	0.3501
261.0	29.9667	0.0113313	0.3961
265.5	29.9667	0.0061767	0.5365
270.0	29.9667	0.00201576	0.4566
274.5	29.9667	0.00765251	0.4437
279.0	29.9667	0.00400105	0.4701
283.5	29.9667	0.0071793	0.5232
288.0	29.9667	0.00835009	0.5354
292.5	29.9667	0.00763626	0.575
297.0	29.9667	0.0107155	0.446
301.5	29.9667	0.00614003	0.6317
306.0	29.9667	0.0050635	0.742
310.5	29.9667	0.00106725	0.3247
315.0	29.9667	0.0015499	0.6025
319.5	29.9667	0.000857315	0.372
324.0	29.9667	0.000903384	0.5382
328.5	29.9667	0.00156528	0.7591
333.0	29.9667	0.00823799	0.4803
337.5	29.9667	0.00123783	0.4868
342.0	29.9667	0.00305075	0.6783
346.5	29.9667	0.000195294	0.3526
351.0	29.9667	0.00268263	0.5384
355.5	29.9667	0.000578324	0.379
360.0	29.9667	0.00398662	0.773
364.5	29.9667	0.00308933	0.9044
369.0	29.9667	0.000268862	0.3709
373.5	29.9667	0.000147421	0.4127
378.0	29.9667	0.00108813	0.8714
382.5	29.9667	0.00132373	0.7994
387.0	29.9667	0.00120836	0.871
391.5	29.9667	0.00107937	0.9574
396.0	29.9667	2.9019e-05	1.0
400.5	29.9667	0.0	0.0
405.0	29.9667	4.73543e-05	0.8512
409.5	29.9667	5.46365e-05	0.667
414.0	29.9667	4.72603e-05	0.8148
418.5	29.9667	0.000109076	0.6508
423.0	29.9667	4.58666e-05	0.8163
427.5	29.9667	0.0	0.0
432.0	29.9667	9.51556e-05	0.7165
436.5	29.9667	0.000171886	0.4892
441.0	29.9667	5.88163e-05	0.5967
445.5	29.9667	3.50239e-05	0.7262
-450.0	32.5333	0.000588961	0.9062
-445.5	32.5333	6.95907e-05	0.7673
-441.0	32.5333	7.07466e-05	0.5909
-436.5	32.5333	0.0	0.0
-432.0	32.5333	3.1302e-05	0.7526
-427.5	32.5333	1.49452e-05	1.0
-423.0	32.5333	8.73624e-05	0.6481
-418.5	32.5333	6.68654e-05	0.6695
-414.0	32.5333	5.37923e-05	0.7439
-409.5	32.5333	0.000148859	0.5102
-405.0	32.5333	5.46053e-05	1.0
-400.5	32.5333	5.98359e-05	0.7209
-396.0	32.5333	5.77203e-05	0.8225
-391.5	32.5333	0.000161537	0.4231
-387.0	32.5333	0.000110802	0.5208
-382.5	32.5333	4.70374e-05	0.7123
-378.0	32.5333	0.000394288	0.7631
-373.5	32.5333	0.00463475	0.8269
-369.0	32.5333	0.00384455	0.9783
-364.5	32.5333	0.00392406	0.9585
-360.0	32.5333	0.00395595	0.9266
-355.5	32.5333	0.000188555	0.3325
-351.0	32.5333	0.000277817	0.3902
-346.5	32.5333	0.000129808	0.5561
-342.0	32.5333	0.00030048	0.3322
-337.5	32.5333	0.00153081	0.6366
-333.0	32.5333	0.000638479	0.6923
-328.5	32.5333	0.00038779	0.3033
-324.0	32.5333	0.00028673	0.2644
-319.5	32.5333	0.000289342	0.3525
-315.0	32.5333	0.000497548	0.3671
-310.5	32.5333	0.00241596	0.9122
-306.0	32.5333	0.00040104	0.3055
-301.5	32.5333	0.00427654	0.7664
-297.0	32.5333	0.00661577	0.7315
-292.5	32.5333	0.00134524	0.6
-288.0	32.5333	0.00255318	0.7983
-283.5	32.5333	0.00369326	0.5739
-279.0	32.5333	0.00186855	0.6085
-274.5	32.5333	0.00408998	0.5499
-270.0	32.5333	0.00306929	0.6637
-265.5	32.5333	0.00392403	0.5861
-261.0	32.5333	0.00601093	0.4315
-256.5	32.5333	0.00202141	0.5058
-252.0	32.5333	0.00367705	0.6932
-247.5	32.5333	0.00152779	0.4173
-243.0	32.5333	0.00207694	0.5492
-238.5	32.5333	0.00553238	0.5276
-234.0	32.5333	0.00380475	0.4569
-229.5	32.5333	0.00591931	0.4551
-225.0	32.5333	0.00779101	0.3304
-220.5	32.5333	0.0049801	0.4631
-216.0	32.5333	0.0107085	0.384
-211.5	32.5333	0.0196496	0.3005
-207.0	32.5333	0.0169747	0.3638
-202.5	32.5333	0.0163427	0.3588
-198.0	32.5333	0.0135763	0.416
-193.5	32.5333	0.010221	0.437
-189.0	32.5333	0.0108664	0.3523
-184.5	32.5333	0.0193766	0.3064
-180.0	32.5333	0.0232185	0.2723
-175.5	32.5333	0.0195516	0.2551
-171.0	32.5333	0.0195048	0.2667
-166.5	32.5333	0.0273656	0.2569
-162.0	32.5333	0.018128	0.2244
-157.5	32.5333	0.0285121	0.2147
-153.0	32.5333	0.0265396	0.2679
-148.5	32.5333	0.0277458	0.2291
-144.0	32.5333	0.0223418	0.2392
-139.5	32.5333	0.0285689	0.2286
-135.0	32.5333	0.0407702	0.1895
-130.5	32.5333	0.0359003	0.1828
-126.0	32.5333	0.0519071	0.1739
-121.5	32.5333	0.0463363	0.1755
-117.0	32.5333	0.0436971	0.1844
-112.5	32.5333	0.0536256	0.2
-108.0	32.5333	0.0612866	0.1547
-103.5	32.5333	0.0636679	0.1534
-99.0	32.5333	0.0864499	0.148
-94.5	32.5333	0.0719889	0.1331
-90.0	32.5333	0.094345	0.1317
-85.5	32.5333	0.114509	0.1392
-81.0	32.5333	0.0699394	0.1332
-76.5	32.5333	0.0887474	0.1352
-72.0	32.5333	0.103099	0.1207
-67.5	32.5333	0.100433	0.1225
-63.0	32.5333	0.122441	0.1136
-58.5	32.5333	0.137757	0.1111
-54.0	32.5333	0.131068	0.1177
-49.5	32.5333	0.139905	0.1188
-45.0	32.5333	0.123605	0.1107
-40.5	32.5333	0.119592	0.1171
-36.0	32.5333	0.150159	0.1023
-31.5	32.5333	0.170112	0.1033
-27.0	32.5333	0.19067	0.0925
-22.5	32.5333	0.184183	0.1001
-18.0	32.5333	0.168041	0.1043
-13.5	32.5333	0.174609	0.0955
-9.0	32.5333	0.162242	0.0952
-4.5	32.5333	0.200047	0.0933
0.0	32.5333	0.186611	0.0996
4.5	32.5333	0.208576	0.214
9.0	32.5333	0.171647	0.0987
13.5	32.5333	0.156887	0.1009
18.0	32.5333	0.166651	0.1005
22.5	32.5333	0.160887	0.0979
27.0	32.5333	0.160122	0.0966
31.5	32.5333	0.180722	0.1019
36.0	32.5333	0.146519	0.1113
40.5	32.5333	0.16987	0.105
45.0	32.5333	0.151025	0.1017
49.5	32.5333	0.154503	0.1008
54.0	32.5333	0.166837	0.1061
58.5	32.5333	0.124346	0.1113
63.0	32.5333	0.119926	0.1127
67.5	32.5333	0.155997	0.1384
72.0	32.5333	0.121674	0.122
76.5	32.5333	0.110005	0.1213
81.0	32.5333	0.116844	0.1198
85.5	32.5333	0.0941959	0.1439
90.0	32.5333	0.0844993	0.1274
94.5	32.5333	0.101157	0.1267
99.0	32.5333	0.0962015	0.139
103.5	32.5333	0.0736366	0.1552
108.0	32.5333	0.0672981	0.138
112.5	32.5333	0.050696	0.1841
117.0	32.5333	0.0756025	0.15
121.5	32.5333	0.0532585	0.1779
126.0	32.5333	0.0764459	0.161
130.5	32.5333	0.0569666	0.1621
135.0	32.5333	0.0528703	0.1715
139.5	32.5333	0.0404369	0.1873
144.0	32.5333	0.0424393	0.2002
148.5	32.5333	0.0401923	0.1978
153.0	32.5333	0.031239	0.2328
157.5	32.5333	0.0357726	0.1947
162.0	32.5333	0.045492	0.1933
166.5	32.5333	0.0279884	0.2172
171.0	32.5333	0.03897	0.2085
175.5	32.5333	0.0243918	0.263
180.0	32.5333	0.0148977	0.2505
184.5	32.5333	0.0168931	0.2862
189.0	32.5333	0.0170388	0.2808
193.5	32.5333	0.0112769	0.3285
198.0	32.5333	0.0143538	0.4324
202.5	32.5333	0.0143852	0.3304
207.0	32.5333	0.00723958	0.3291
211.5	32.5333	0.0138289	0.3384
216.0	32.5333	0.0174671	0.3277
220.5	32.5333	0.0150562	0.2945
225.0	32.5333	0.00805966	0.3352
229.5	32.5333	0.00224394	0.3926
234.0	32.5333	0.0165256	0.364
238.5	32.5333	0.00611542	0.5147
243.0	32.5333	0.0085196	0.3966
247.5	32.5333	0.00447301	0.3545
252.0	32.5333	0.00408758	0.3918
256.5	32.5333	0.0100801	0.4456
261.0	32.5333	0.00333481	0.3864
265.5	32.5333	0.0107018	0.3969
270.0	32.5333	0.00808626	0.6961
274.5	32.5333	0.00562553	0.5862
279.0	32.5333	0.00346751	0.4453
283.5	32.5333	0.00322459	0.5735
288.0	32.5333	0.00841425	0.5257
292.5	32.5333	0.00691075	0.4383
297.0	32.5333	0.00378031	0.5762
301.5	32.5333	0.00273338	0.674
306.0	32.5333	0.00287746	0.5956
310.5	32.5333	0.00458037	0.599
315.0	32.5333	0.00253342	0.5792
319.5	32.5333	0.00102137	0.711
324.0	32.5333	0.00515705	0.5864
328.5	32.5333	0.003541	0.8798
333.0	32.5333	0.00374242	0.5081
337.5	32.5333	0.00378391	0.4502
342.0	32.5333	0.00248841	0.6268
346.5	32.5333	0.000799047	0.7017
351.0	32.5333	0.00331045	0.6119
355.5	32.5333	0.00133759	0.6442
360.0	32.5333	0.000675933	0.9067
364.5	32.5333	0.000352949	0.6423
369.0	32.5333	0.00113947	0.6476
373.5	32.5333	0.00405588	0.9578
378.0	32.5333	0.00597069	0.8308
382.5	32.5333	0.00529144	0.9265
387.0	32.5333	0.00538558	0.9125
391.5	32.5333	0.00503609	0.9727
396.0	32.5333	0.00484206	0.9677
400.5	32.5333	0.00015818	0.7678
405.0	32.5333	0.00109187	0.7565
409.5	32.5333	0.000299282	0.4922
414.0	32.5333	0.00079442	0.658
418.5	32.5333	0.000272184	0.5159
423.0	32.5333	0.000296397	0.5258
427.5	32.5333	0.000195154	0.5067
432.0	32.5333	0.000166475	0.5405
436.5	32.5333	0.000227189	0.4621
441.0	32.5333	0.000217948	0.4622
445.5	32.5333	0.000738514	0.8178
-450.0	35.1	8.56228e-05	0.5995
-445.5	35.1	9.38225e-05	0.4854
-441.0	35.1	5.72033e-05	1.0
-436.5	35.1	3.99913e-05	0.7096
-432.0	35.1	1.52018e-05	1.0
-427.5	35.1	6.58323e-05	0.5793
-423.0	35.1	9.62939e-05	0.4694
-418.5	35.1	3.57785e-05	1.0
-414.0	35.1	0.000123974	0.4738
-409.5	35.1	4.45998e-05	0.582
-405.0	35.1	0.000128506	0.5575
-400.5	35.1	9.08442e-05	0.558
-396.0	35.1	0.0	0.0
-391.5	35.1	0.00012786	0.6018
-387.0	35.1	0.000233676	0.4743
-382.5	35.1	0.000893208	0.9472
-378.0	35.1	0.00026318	0.3434
-373.5	35.1	6.54981e-05	0.62
-369.0	35.1	0.0	0.0
-364.5	35.1	0.000152566	0.4133
-360.0	35.1	0.000177921	0.5555
-355.5	35.1	0.000156494	0.405
-351.0	35.1	0.0008969	0.7548
-346.5	35.1	0.00120587	0.8243
-342.0	35.1	0.000216732	0.3299
-337.5	35.1	0.000976641	0.8012
-333.0	35.1	0.000666541	0.8912
-328.5	35.1	0.0011878	0.8673
-324.0	35.1	0.000627373	0.2818
-319.5	35.1	0.000302794	0.3175
-315.0	35.1	0.000537588	0.2503
-310.5	35.1	0.00199838	0.809
-306.0	35.1	0.00359288	0.846
-301.5	35.1	0.00161074	0.8809
-297.0	35.1	0.000326607	0.2786
-292.5	35.1	0.00708723	0.493
-288.0	35.1	0.00057039	0.2437
-283.5	35.1	0.00308206	0.5813
-279.0	35.1	0.00152606	0.6633
-274.5	35.1	0.00347421	0.583
-270.0	35.1	0.00538121	0.5872
-265.5	35.1	0.00313752	0.497
-261.0	35.1	0.00190359	0.6311
-256.5	35.1	0.00334356	0.8015
-252.0	35.1	0.00121842	0.4516
-247.5	35.1	0.00711008	0.3661
-243.0	35.1	0.0070396	0.3898
-238.5	35.1	0.0012146	0.1967
-234.0	35.1	0.00688261	0.4494
-229.5	35.1	0.00510212	0.5678
-225.0	35.1	0.00985922	0.4153
-220.5	35.1	0.00722618	0.444
-216.0	35.1	0.00411835	0.5864
-211.5	35.1	0.00901734	0.6138
-207.0	35.1	0.00979684	0.3484
-202.5	35.1	0.00760996	0.3838
-198.0	35.1	0.0177616	0.3873
-193.5	35.1	0.00825343	0.3333
-189.0	35.1	0.0121957	0.2312
-184.5	35.1	0.0180368	0.2639
-180.0	35.1	0.027711	0.2678
-175.5	35.1	0.0210873	0.3021
-171.0	35.1	0.0306223	0.2517
-166.5	35.1	0.0234533	0.2298
-162.0	35.1	0.0182846	0.2648
-157.5	35.1	0.029541	0.231
-153.0	35.1	0.0296521	0.2387
-148.5	35.1	0.0420744	0.2016
-144.0	35.1	0.0290241	0.2221
-139.5	35.1	0.0289272	0.2006
-135.0	35.1	0.0319136	0.2214
-130.5	35.1	0.0516271	0.1809
-126.0	35.1	0.0588518	0.1791
-121.5	35.1	0.057189	0.1855
-117.0	35.1	0.0443865	0.172
-112.5	35.1	0.0517526	0.1776
-108.0	35.1	0.0632009	0.1388
-103.5	35.1	0.0719834	0.1402
-99.0	35.1	0.0746158	0.1469
-94.5	35.1	0.0675185	0.1625
-90.0	35.1	0.0881946	0.1379
-85.5	35.1	0.0807344	0.1318
-81.0	35.1	0.0679203	0.1347
-76.5	35.1	0.0997832	0.1361
-72.0	35.1	0.0873547	0.1265
-67.5	35.1	0.117534	0.1104
-63.0	35.1	0.0992081	0.1275
-58.5	35.1	0.133928	0.1107
-54.0	35.1	0.107593	0.1132
-49.5	35.1	0.122774	0.1092
-45.0	35.1	0.150982	0.1029
-40.5	35.1	0.152227	0.0974
-36.0	35.1	0.144927	0.1066
-31.5	35.1	0.134872	0.1119
-27.0	35.1	0.131168	0.1137
-22.5	35.1	0.14914	0.0976
-18.0	35.1	0.179885	0.1067
-13.5	35.1	0.204301	0.1747
-9.0	35.1	0.181376	0.0959
-4.5	35.1	0.177937	0.0946
0.0	35.1	0.209412	0.0895
4.5	35.1	0.21276	0.111
9.0	35.1	0.18716	0.0912
13.5	35.1	0.175753	0.0955
18.0	35.1	0.167993	0.0982
22.5	35.1	0.17276	0.1023
27.0	35.1	0.188404	0.1038
31.5	35.1	0.171372	0.0987
36.0	35.1	0.152505	0.0982
40.5	35.1	0.129577	0.1007
45.0	35.1	0.134333	0.1218
49.5	35.1	0.136379	0.103
54.0	35.1	0.123807	0.1074
58.5	35.1	0.128536	0.1151
63.0	35.1	0.119289	0.1248
67.5	35.1	0.11131	0.1165
72.0	35.1	0.132275	0.1141
76.5	35.1	0.119689	0.1125
81.0	35.1	0.110377	0.1306
85.5	35.1	0.103198	0.1206
90.0	35.1	0.079788	0.1361
94.5	35.1	0.0887118	0.1268
99.0	35.1	0.101637	0.1312
103.5	35.1	0.0732328	0.1419
108.0	35.1	0.0745322	0.1544
112.5	35.1	0.0745585	0.1507
117.0	35.1	0.0646637	0.145
121.5	35.1	0.0602118	0.1497
126.0	35.1	0.0533737	0.1885
130.5	35.1	0.0534192	0.1672
135.0	35.1	0.0422217	0.1785
139.5	35.1	0.0367841	0.1879
144.0	35.1	0.04765	0.1993
148.5	35.1	0.044622	0.1777
153.0	35.1	0.0285387	0.2214
157.5	35.1	0.0287552	0.2048
162.0	35.1	0.03244	0.2046
166.5	35.1	0.0274086	0.2454
171.0	35.1	0.0263854	0.2218
175.5	35.1	0.0379867	0.2422
180.0	35.1	0.0199198	0.2697
184.5	35.1	0.0125414	0.291
189.0	35.1	0.0192699	0.3242
193.5	35.1	0.014645	0.3074
198.0	35.1	0.00876587	0.4006
202.5	35.1	0.00964353	0.3613
207.0	35.1	0.00891355	0.3267
211.5	35.1	0.0118335	0.3649
216.0	35.1	0.00894438	0.3144
220.5	35.1	0.00818922	0.3497
225.0	35.1	0.00674885	0.3576
229.5	35.1	0.00735107	0.553
234.0	35.1	0.00895053	0.3158
238.5	35.1	0.00286103	0.389
243.0	35.1	0.00387679	0.4855
247.5	35.1	0.00453947	0.54
252.0	35.1	0.00535996	0.3542
256.5	35.1	0.00580157	0.4206
261.0	35.1	0.00431027	0.3178
265.5	35.1	0.00660392	0.4611
270.0	35.1	0.00803545	0.4067
274.5	35.1	0.0065597	0.4516
279.0	35.1	0.00883599	0.4775
283.5	35.1	0.00406909	0.6233
288.0	35.1	0.00823478	0.5901
292.5	35.1	0.00649152	0.4935
297.0	35.1	0.00683513	0.5012
301.5	35.1	0.0041444	0.6589
306.0	35.1	0.00576429	0.4944
310.5	35.1	0.000707346	0.4223
315.0	35.1	0.00154015	0.4056
319.5	35.1	0.00464334	0.538
324.0	35.1	0.00120248	0.6756
328.5	35.1	0.00204093	0.7638
333.0	35.1	0.00547846	0.4594
337.5	35.1	0.00649017	0.5549
342.0	35.1	0.00151123	0.5945
346.5	35.1	0.000569542	0.5558
351.0	35.1	0.00151402	0.7393
355.5	35.1	0.00127585	0.8854
360.0	35.1	0.000158071	0.4178
364.5	35.1	7.48606e-05	0.4848
369.0	35.1	0.00339939	0.6969
373.5	35.1	0.000160607	0.4194
378.0	35.1	0.00185763	0.9297
382.5	35.1	0.00137997	0.9421
387.0	35.1	3.2544e-07	1.0
391.5	35.1	0.00169937	0.9723
396.0	35.1	0.000108923	0.5944
400.5	35.1	0.00268196	0.6835
405.0	35.1	0.00189975	0.9705
409.5	35.1	0.000150418	0.4523
414.0	35.1	0.00152494	0.7166
418.5	35.1	0.000720917	0.8884
423.0	35.1	0.000132623	0.5164
427.5	35.1	9.38556e-06	0.8163
432.0	35.1	5.97229e-05	0.5636
436.5	35.1	9.22275e-05	0.6913
441.0	35.1	9.98126e-05	0.5368
445.5	35.1	0.000373533	0.6742
-450.0	37.6667	0.00151718	0.9963
-445.5	37.6667	0.00013521	0.4256
-441.0	37.6667	3.66582e-05	1.0
-436.5	37.6667	4.10539e-05	0.9489
-432.0	37.6667	2.36073e-05	0.8623
-427.5	37.6667	3.68025e-05	1.0
-423.0	37.6667	1.39235e-06	1.0
-418.5	37.6667	0.0	0.0
-414.0	37.6667	0.000121484	0.5084
-409.5	37.6667	0.00123738	0.9337
-405.0	37.6667	9.54804e-05	0.7364
-400.5	37.6667	3.66719e-05	1.0
-396.0	37.6667	3.64722e-05	0.8717
-391.5	37.6667	7.63532e-05	0.5832
-387.0	37.6667	1.26104e-05	0.7662
-382.5	37.6667	0.000144756	0.7357
-378.0	37.6667	8.80668e-05	0.5797
-373.5	37.6667	0.000102906	0.5822
-369.0	37.6667	0.000103636	0.6631
-364.5	37.6667	0.000766723	0.8974
-360.0	37.6667	0.00295781	0.9579
-355.5	37.6667	0.00143901	0.5925
-351.0	37.6667	0.00141298	0.7934
-346.5	37.6667	0.000346946	0.3187
-342.0	37.6667	0.00015006	0.3819
-337.5	37.6667	0.000109213	0.4376
-333.0	37.6667	0.00115237	0.8328
-328.5	37.6667	0.000438263	0.2734
-324.0	37.6667	0.00385458	0.6487
-319.5	37.6667	0.00107571	0.7723
-315.0	37.6667	0.000235749	0.3303
-310.5	37.6667	0.000639851	0.5195
-306.0	37.6667	0.00093655	0.3963
-301.5	37.6667	0.00245331	0.6831
-297.0	37.6667	0.000343921	0.2897
-292.5	37.6667	0.00173305	0.7721
-288.0	37.6667	0.00166135	0.6354
-283.5	37.6667	0.00268604	0.6132
-279.0	37.6667	0.00397924	0.5932
-274.5	37.6667	0.00263557	0.5135
-270.0	37.6667	0.00086908	0.3518
-265.5	37.6667	0.00131621	0.3743
-261.0	37.6667	0.00226205	0.6445
-256.5	37.6667	0.00490615	0.6258
-252.0	37.6667	0.00113003	0.4893
-247.5	37.6667	0.00685379	0.5369
-243.0	37.6667	0.0026609	0.539
-238.5	37.6667	0.00491108	0.4897
-234.0	37.6667	0.00438425	0.3732
-229.5	37.6667	0.00780465	0.5244
-225.0	37.6667	0.0044671	0.3636
-220.5	37.6667	0.0110118	0.4907
-216.0	37.6667	0.00270929	0.4218
-211.5	37.6667	0.00396206	0.3614
-207.0	37.6667	0.00645181	0.355
-202.5	37.6667	0.00603375	0.341
-198.0	37.6667	0.0128033	0.3326
-193.5	37.6667	0.0208174	0.2798
-189.0	37.6667	0.0267539	0.2777
-184.5	37.6667	0.0207985	0.2988
-180.0	37.6667	0.0195374	0.2518
-175.5	37.6667	0.011698	0.2597
-171.0	37.6667	0.0326148	0.2315
-166.5	37.6667	0.0258091	0.2959
-162.0	37.6667	0.0180296	0.2658
-157.5	37.6667	0.0267697	0.2353
-153.0	37.6667	0.0251709	0.2184
-148.5	37.6667	0.0399416	0.1845
-144.0	37.6667	0.0375537	0.1995
-139.5	37.6667	0.0266127	0.2148
-135.0	37.6667	0.0273926	0.211
-130.5	37.6667	0.0498512	0.1959
-126.0	37.6667	0.0496982	0.1821
-121.5	37.6667	0.0609475	0.1765
-117.0	37.6667	0.0641117	0.1603
-112.5	37.6667	0.0750976	0.1578
-108.0	37.6667	0.0722377	0.1583
-103.5	37.6667	0.0838753	0.1416
-99.0	37.6667	0.074699	0.1543
-94.5	37.6667	0.0852111	0.1401
-90.0	37.6667	0.0701647	0.152
-85.5	37.6667	0.0632129	0.1552
-81.0	37.6667	0.0807587	0.146
-76.5	37.6667	0.0981172	0.1285
-72.0	37.6667	0.10995	0.1246
-67.5	37.6667	0.103974	0.1207
-63.0	37.6667	0.13508	0.1131
-58.5	37.6667	0.113327	0.1156
-54.0	37.6667	0.109032	0.1183
-49.5	37.6667	0.153573	0.1165
-45.0	37.6667	0.121456	0.117
-40.5	37.6667	0.141088	0.0974
-36.0	37.6667	0.153276	0.1147
-31.5	37.6667	0.144231	0.1028
-27.0	37.6667	0.137015	0.1048
-22.5	37.6667	0.149776	0.1057
-18.0	37.6667	0.146366	0.1033
-13.5	37.6667	0.15925	0.0979
-9.0	37.6667	0.164908	0.1003
-4.5	37.6667	0.164518	0.1076
0.0	37.6667	0.159334	0.0968
4.5	37.6667	0.169412	0.1035
9.0	37.6667	0.152279	0.0999
13.5	37.6667	0.156448	0.098
18.0	37.6667	0.164012	0.0988
22.5	37.6667	0.173142	0.1012
27.0	37.6667	0.147767	0.1058
31.5	37.6667	0.128878	0.1058
36.0	37.6667	0.13817	0.0985
40.5	37.6667	0.185125	0.0988
45.0	37.6667	0.145281	0.1032
49.5	37.6667	0.15472	0.1021
54.0	37.6667	0.127185	0.1119
58.5	37.6667	0.139157	0.1303
63.0	37.6667	0.108047	0.1248
67.5	37.6667	0.109669	0.1191
72.0	37.6667	0.124093	0.1139
76.5	37.6667	0.096015	0.1281
81.0	37.6667	0.0958542	0.1312
85.5	37.6667	0.0991247	0.1239
90.0	37.6667	0.110231	0.1282
94.5	37.6667	0.0866506	0.1335
99.0	37.6667	0.113062	0.1266
103.5	37.6667	0.0691051	0.1386
108.0	37.6667	0.0782936	0.1416
112.5	37.6667	0.0545441	0.1534
117.0	37.6667	0.0689881	0.15
121.5	37.6667	0.0706384	0.1703
126.0	37.6667	0.0687269	0.1742
130.5	37.6667	0.0662497	0.1559
135.0	37.6667	0.0521676	0.1615
139.5	37.6667	0.0579027	0.1676
144.0	37.6667	0.0473584	0.1789
148.5	37.6667	0.0450062	0.1995
153.0	37.6667	0.0448613	0.1953
157.5	37.6667	0.0281286	0.2102
162.0	37.6667	0.0334694	0.1939
166.5	37.6667	0.038269	0.2234
171.0	37.6667	0.030626	0.2289
175.5	37.6667	0.0291425	0.2409
180.0	37.6667	0.0325427	0.2739
184.5	37.6667	0.0153181	0.4119
189.0	37.6667	0.013618	0.3243
193.5	37.6667	0.0172741	0.2542
198.0	37.6667	0.00930823	0.3546
202.5	37.6667	0.0209328	0.2595
207.0	37.6667	0.0131638	0.3656
211.5	37.6667	0.0141613	0.3124
216.0	37.6667	0.0182262	0.2815
220.5	37.6667	0.00738139	0.3832
225.0	37.6667	0.0109199	0.3608
229.5	37.6667	0.016422	0.3122
234.0	37.6667	0.00834843	0.4059
238.5	37.6667	0.00893426	0.4389
243.0	37.6667	0.00740433	0.4121
247.5	37.6667	0.0076486	0.4468
252.0	37.6667	0.0057402	0.5218
256.5	37.6667	0.00196275	0.4439
261.0	37.6667	0.00180899	0.4982
265.5	37.6667	0.00575649	0.6939
270.0	37.6667	0.00264101	0.6156
274.5	37.6667	0.00480804	0.4979
279.0	37.6667	0.00203364	0.6064
283.5	37.6667	0.00720935	0.4834
288.0	37.6667	0.00368855	0.5877
292.5	37.6667	0.00415629	0.4085
297.0	37.6667	0.00165965	0.4084
301.5	37.6667	0.00157984	0.5999
306.0	37.6667	0.00459201	0.4168
310.5	37.6667	0.0038486	0.6463
315.0	37.6667	0.0021268	0.5768
319.5	37.6667	0.00361444	0.7068
324.0	37.6667	0.00676659	0.5131
328.5	37.6667	0.0024263	0.6805
333.0	37.6667	0.00318535	0.648
337.5	37.6667	0.00039451	0.2913
342.0	37.6667	0.000307553	0.3221
346.5	37.6667	0.00127629	0.5337
351.0	37.6667	0.00117797	0.6281
355.5	37.6667	0.000151053	0.4068
360.0	37.6667	0.00272614	0.5945
364.5	37.6667	0.000516037	0.8044
369.0	37.6667	0.000193859	0.3687
373.5	37.6667	0.00018552	0.4566
378.0	37.6667	0.000196206	0.3616
382.5	37.6667	0.000198418	0.4535
387.0	37.6667	8.15027e-05	0.724
391.5	37.6667	5.06544e-05	0.7361
396.0	37.6667	0.0	0.0
400.5	37.6667	0.0012266	0.925
405.0	37.6667	7.41876e-05	0.7029
409.5	37.6667	0.00057635	0.9069
414.0	37.6667	1.91777e-05	0.9834
418.5	37.6667	0.000213936	0.7482
423.0	37.6667	1.31847e-05	0.7737
427.5	37.6667	0.000172199	0.4643
432.0	37.6667	0.00104941	0.9102
436.5	37.6667	0.000108535	0.4582
441.0	37.6667	5.24138e-05	0.5921
445.5	37.6667	0.00140699	0.9139
-450.0	40.2333	0.000102741	0.5948
-445.5	40.2333	0.000999233	0.8913
-441.0	40.2333	2.20402e-05	0.8831
-436.5	40.2333	7.2765e-05	0.6569
-432.0	40.2333	0.000164663	0.5295
-427.5	40.2333	0.000128001	0.5779
-423.0	40.2333	9.05274e-05	0.7519
-418.5	40.2333	8.72739e-05	0.7649
-414.0	40.2333	6.74503e-05	0.581
-409.5	40.2333	7.49609e-06	1.0
-405.0	40.2333	4.73484e-05	1.0
-400.5	40.2333	2.96554e-05	1.0
-396.0	40.2333	4.18998e-05	0.7265
-391.5	40.2333	2.04754e-05	1.0
-387.0	40.2333	0.000233794	0.5856
-382.5	40.2333	0.000183879	0.8233
-378.0	40.2333	0.000163525	0.5015
-373.5	40.2333	0.000215354	0.4388
-369.0	40.2333	0.000238083	0.4803
-364.5	40.2333	0.000198386	0.4487
-360.0	40.2333	0.000273161	0.3261
-355.5	40.2333	0.000971695	0.6427
-351.0	40.2333	0.000238424	0.3928
-346.5	40.2333	0.00131117	0.8328
-342.0	40.2333	0.00344862	0.9098
-337.5	40.2333	0.00312007	0.9459
-333.0	40.2333	0.000242713	0.5446
-328.5	40.2333	0.000592213	0.3137
-324.0	40.2333	0.00147809	0.7253
-319.5	40.2333	0.000503523	0.4686
-315.0	40.2333	0.00099079	0.7515
-310.5	40.2333	0.000258041	0.3074
-306.0	40.2333	0.00434025	0.6745
-301.5	40.2333	0.00307672	0.7107
-297.0	40.2333	0.00296022	0.7348
-292.5	40.2333	0.00345442	0.6634
-288.0	40.2333	0.0051433	0.5384
-283.5	40.2333	0.00180762	0.4976
-279.0	40.2333	0.00419222	0.4591
-274.5	40.2333	0.0047425	0.5735
-270.0	40.2333	0.000677371	0.3064
-265.5	40.2333	0.00116898	0.4928
-261.0	40.2333	0.00104672	0.4051
-256.5	40.2333	0.00190121	0.5861
-252.0	40.2333	0.00795863	0.44
-247.5	40.2333	0.0047396	0.505
-243.0	40.2333	0.00205824	0.3795
-238.5	40.2333	0.00294496	0.4801
-234.0	40.2333	0.00289597	0.47
-229.5	40.2333	0.00301547	0.5153
-225.0	40.2333	0.00999436	0.3753
-220.5	40.2333	0.00584778	0.4732
-216.0	40.2333	0.00668501	0.4313
-211.5	40.2333	0.0132318	0.3352
-207.0	40.2333	0.00605417	0.4629
-202.5	40.2333	0.00880226	0.3722
-198.0	40.2333	0.0117893	0.3708
-193.5	40.2333	0.0169942	0.3153
-189.0	40.2333	0.0199001	0.3292
-184.5	40.2333	0.0157416	0.3076
-180.0	40.2333	0.0158917	0.3475
-175.5	40.2333	0.0109929	0.4171
-171.0	40.2333	0.0161873	0.2779
-166.5	40.2333	0.0253729	0.2256
-162.0	40.2333	0.0179326	0.2532
-157.5	40.2333	0.0280257	0.2591
-153.0	40.2333	0.0383842	0.2046
-148.5	40.2333	0.0274872	0.2069
-144.0	40.2333	0.0263164	0.2268
-139.5	40.2333	0.0237613	0.2183
-135.0	40.2333	0.0413506	0.2515
-130.5	40.2333	0.0404738	0.2237
-126.0	40.2333	0.0588841	0.1692
-121.5	40.2333	0.0589039	0.1697
-117.0	40.2333	0.0458491	0.1776
-112.5	40.2333	0.062911	0.167
-108.0	40.2333	0.0625198	0.1823
-103.5	40.2333	0.065705	0.1559
-99.0	40.2333	0.0743078	0.1382
-94.5	40.2333	0.0937508	0.1368
-90.0	40.2333	0.055998	0.167
-85.5	40.2333	0.0881664	0.1612
-81.0	40.2333	0.0850429	0.1317
-76.5	40.2333	0.107597	0.1299
-72.0	40.2333	0.107672	0.1197
-67.5	40.2333	0.11116	0.1211
-63.0	40.2333	0.133111	0.1216
-58.5	40.2333	0.124412	0.1148
-54.0	40.2333	0.0980617	0.1199
-49.5	40.2333	0.118364	0.1221
-45.0	40.2333	0.147445	0.115
-40.5	40.2333	0.131036	0.1133
-36.0	40.2333	0.148303	0.1093
-31.5	40.2333	0.190366	0.1018
-27.0	40.2333	0.142563	0.1033
-22.5	40.2333	0.151483	0.1005
-18.0	40.2333	0.15382	0.1089
-13.5	40.2333	0.142335	0.1103
-9.0	40.2333	0.154908	0.1003
-4.5	40.2333	0.176907	0.0979
0.0	40.2333	0.189039	0.1057
4.5	40.2333	0.194836	0.0975
9.0	40.2333	0.161612	0.096
13.5	40.2333	0.197274	0.0926
18.0	40.2333	0.143449	0.1002
22.5	40.2333	0.179708	0.1154
27.0	40.2333	0.172291	0.0978
31.5	40.2333	0.188688	0.0993
36.0	40.2333	0.153018	0.1057
40.5	40.2333	0.13853	0.1059
45.0	40.2333	0.119489	0.1096
49.5	40.2333	0.15032	0.103
54.0	40.2333	0.138638	0.1109
58.5	40.2333	0.123718	0.1096
63.0	40.2333	0.119029	0.1151
67.5	40.2333	0.123855	0.1168
72.0	40.2333	0.111138	0.1218
76.5	40.2333	0.103812	0.1226
81.0	40.2333	0.105211	0.1218
85.5	40.2333	0.0894395	0.128
90.0	40.2333	0.0714184	0.1376
94.5	40.2333	0.0833248	0.1357
99.0	40.2333	0.0783862	0.1556
103.5	40.2333	0.0829477	0.1417
108.0	40.2333	0.0751306	0.1366
112.5	40.2333	0.072406	0.1629
117.0	40.2333	0.0683361	0.1451
121.5	40.2333	0.0607765	0.1817
126.0	40.2333	0.0571604	0.1684
130.5	40.2333	0.0599389	0.1656
135.0	40.2333	0.0448107	0.1876
139.5	40.2333	0.0734694	0.1485
144.0	40.2333	0.0478948	0.1789
148.5	40.2333	0.0424666	0.2049
153.0	40.2333	0.0420382	0.1875
157.5	40.2333	0.0354235	0.1942
162.0	40.2333	0.0310696	0.234
166.5	40.2333	0.0321248	0.2296
171.0	40.2333	0.0330387	0.2746
175.5	40.2333	0.0198961	0.2788
180.0	40.2333	0.0232	0.304
184.5	40.2333	0.0249674	0.2838
189.0	40.2333	0.0222949	0.3161
193.5	40.2333	0.0255537	0.2595
198.0	40.2333	0.0117626	0.3794
202.5	40.2333	0.0149252	0.2837
207.0	40.2333	0.0131506	0.2697
211.5	40.2333	0.0109457	0.3233
216.0	40.2333	0.011186	0.3396
220.5	40.2333	0.0126977	0.3796
225.0	40.2333	0.0057252	0.4193
229.5	40.2333	0.00827273	0.427
234.0	40.2333	0.0117152	0.4145
238.5	40.2333	0.00466326	0.4135
243.0	40.2333	0.00410963	0.6219
247.5	40.2333	0.00347489	0.6183
252.0	40.2333	0.00353411	0.4309
256.5	40.2333	0.00652977	0.4064
261.0	40.2333	0.00763939	0.4609
265.5	40.2333	0.00829311	0.4277
270.0	40.2333	0.00432125	0.5346
274.5	40.2333	0.00410198	0.4196
279.0	40.2333	0.008844	0.3989
283.5	40.2333	0.0019443	0.5951
288.0	40.2333	0.00369858	0.58
292.5	40.2333	0.00180881	0.5697
297.0	40.2333	0.000783219	0.4519
301.5	40.2333	0.00049029	0.2433
306.0	40.2333	0.00156071	0.7291
310.5	40.2333	0.0010962	0.4528
315.0	40.2333	0.000914058	0.4905
319.5	40.2333	0.00055886	0.333
324.0	40.2333	0.00174637	0.529
328.5	40.2333	0.00201361	0.7135
333.0	40.2333	0.00218417	0.6459
337.5	40.2333	0.000432071	0.2741
342.0	40.2333	0.000282894	0.3116
346.5	40.2333	0.00106369	0.581
351.0	40.2333	0.000364869	0.4051
355.5	40.2333	0.00104072	0.8347
360.0	40.2333	0.000116871	0.3668
364.5	40.2333	0.00658776	0.5211
369.0	40.2333	0.0064838	0.5094
373.5	40.2333	0.000112069	0.5903
378.0	40.2333	0.00176013	0.7038
382.5	40.2333	0.000690502	0.8633
387.0	40.2333	0.00013392	0.5902
391.5	40.2333	4.54992e-05	0.713
396.0	40.2333	3.34779e-05	0.7817
400.5	40.2333	9.46784e-05	0.6214
405.0	40.2333	0.000150139	0.578
409.5	40.2333	0.000628892	0.8157
414.0	40.2333	0.00024968	0.4381
418.5	40.2333	0.00134825	0.9099
423.0	40.2333	0.00115918	0.9778
427.5	40.2333	6.6641e-05	0.718
432.0	40.2333	0.00109662	0.9523
436.5	40.2333	0.000911035	0.8913
441.0	40.2333	0.000113054	0.5326
445.5	40.2333	0.00181637	0.8881
-450.0	42.8	0.000108141	0.5393
-445.5	42.8	2.36157e-06	1.0
-441.0	42.8	6.05584e-05	0.7402
-436.5	42.8	0.000324453	0.889
-432.0	42.8	1.35151e-05	1.0
-427.5	42.8	0.000122368	0.5091
-423.0	42.8	4.27879e-05	1.0
-418.5	42.8	7.2426e-05	0.7187
-414.0	42.8	1.76774e-05	1.0
-409.5	42.8	5.93727e-05	0.7281
-405.0	42.8	1.02338e-05	1.0
-400.5	42.8	3.57106e-05	1.0
-396.0	42.8	9.29121e-05	0.5803
-391.5	42.8	0.000178065	0.8472
-387.0	42.8	0.00142232	0.8322
-382.5	42.8	6.88418e-05	0.6837
-378.0	42.8	0.0	0.0
-373.5	42.8	0.000219427	0.5007
-369.0	42.8	0.000162513	0.5031
-364.5	42.8	0.000219002	0.3569
-360.0	42.8	0.00148534	0.8557
-355.5	42.8	0.00110552	0.7202
-351.0	42.8	0.000312201	0.33
-346.5	42.8	0.00033543	0.429
-342.0	42.8	0.000271694	0.3688
-337.5	42.8	0.000431267	0.4825
-333.0	42.8	0.00343215	0.9143
-328.5	42.8	0.0033203	0.9447
-324.0	42.8	0.00383955	0.823
-319.5	42.8	0.000874253	0.6591
-315.0	42.8	0.000265344	0.4647
-310.5	42.8	0.000656962	0.2159
-306.0	42.8	0.00204612	0.8461
-301.5	42.8	0.000247699	0.3151
-297.0	42.8	0.00203536	0.5152
-292.5	42.8	0.0027485	0.5577
-288.0	42.8	0.0058151	0.5395
-283.5	42.8	0.00407985	0.4735
-279.0	42.8	0.00841096	0.5423
-274.5	42.8	0.00122951	0.4205
-270.0	42.8	0.00231442	0.3599
-265.5	42.8	0.00188912	0.3717
-261.0	42.8	0.00256451	0.4825
-256.5	42.8	0.00327064	0.5327
-252.0	42.8	0.00355537	0.4105
-247.5	42.8	0.00510727	0.5071
-243.0	42.8	0.00271438	0.5629
-238.5	42.8	0.00145398	0.4292
-234.0	42.8	0.0051092	0.5768
-229.5	42.8	0.0112292	0.4442
-225.0	42.8	0.0115793	0.393
-220.5	42.8	0.00772896	0.4555
-216.0	42.8	0.0113996	0.3193
-211.5	42.8	0.0118605	0.3552
-207.0	42.8	0.0101111	0.4035
-202.5	42.8	0.0133074	0.3869
-198.0	42.8	0.0139568	0.3674
-193.5	42.8	0.00813613	0.4399
-189.0	42.8	0.0102785	0.4048
-184.5	42.8	0.0143307	0.2984
-180.0	42.8	0.0145239	0.3463
-175.5	42.8	0.0191548	0.2591
-171.0	42.8	0.0224328	0.2384
-166.5	42.8	0.0229073	0.2343
-162.0	42.8	0.0249677	0.2901
-157.5	42.8	0.0344865	0.2263
-153.0	42.8	0.0261213	0.2119
-148.5	42.8	0.0307058	0.225
-144.0	42.8	0.0268072	0.2411
-139.5	42.8	0.0289584	0.234
-135.0	42.8	0.0341136	0.2103
-130.5	42.8	0.0519659	0.1814
-126.0	42.8	0.0477689	0.1832
-121.5	42.8	0.0386613	0.1971
-117.0	42.8	0.0633838	0.1814
-112.5	42.8	0.0507085	0.1759
-108.0	42.8	0.0608164	0.1814
-103.5	42.8	0.061736	0.1569
-99.0	42.8	0.0634481	0.1479
-94.5	42.8	0.0934552	0.1419
-90.0	42.8	0.0816042	0.1369
-85.5	42.8	0.0876507	0.1378
-81.0	42.8	0.0881717	0.1638
-76.5	42.8	0.0632902	0.1531
-72.0	42.8	0.102449	0.1193
-67.5	42.8	0.0878186	0.1354
-63.0	42.8	0.0931586	0.1257
-58.5	42.8	0.112872	0.1118
-54.0	42.8	0.123138	0.1232
-49.5	42.8	0.10734	0.1231
-45.0	42.8	0.11292	0.1187
-40.5	42.8	0.121163	0.1174
-36.0	42.8	0.152594	0.1082
-31.5	42.8	0.161454	0.1022
-27.0	42.8	0.161654	0.1022
-22.5	42.8	0.13063	0.1112
-18.0	42.8	0.158413	0.1051
-13.5	42.8	0.164283	0.1149
-9.0	42.8	0.149595	0.13
-4.5	42.8	0.196564	0.1012
0.0	42.8	0.171319	0.0983
4.5	42.8	0.195531	0.1108
9.0	42.8	0.186836	0.0991
13.5	42.8	0.173614	0.0998
18.0	42.8	0.167667	0.1017
22.5	42.8	0.141854	0.1009
27.0	42.8	0.15366	0.1045
31.5	42.8	0.168282	0.1216
36.0	42.8	0.146932	0.1105
40.5	42.8	0.160538	0.1079
45.0	42.8	0.133976	0.1131
49.5	42.8	0.121528	0.1163
54.0	42.8	0.135651	0.1072
58.5	42.8	0.126093	0.1155
63.0	42.8	0.119426	0.1104
67.5	42.8	0.124056	0.1129
72.0	42.8	0.131964	0.1191
76.5	42.8	0.129768	0.1184
81.0	42.8	0.121289	0.1265
85.5	42.8	0.0952435	0.1263
90.0	42.8	0.0726408	0.1384
94.5	42.8	0.0807347	0.1373
99.0	42.8	0.0684827	0.1512
103.5	42.8	0.0827808	0.1433
108.0	42.8	0.0910886	0.1373
112.5	42.8	0.0757233	0.1473
117.0	42.8	0.0709489	0.1512
121.5	42.8	0.0540877	0.1687
126.0	42.8	0.0547745	0.2177
130.5	42.8	0.0501032	0.1882
135.0	42.8	0.0433663	0.1673
139.5	42.8	0.0431552	0.1784
144.0	42.8	0.0295048	0.205
148.5	42.8	0.052783	0.1797
153.0	42.8	0.0243826	0.2046
157.5	42.8	0.0251618	0.232
162.0	42.8	0.0398983	0.1838
166.5	42.8	0.0202336	0.2351
171.0	42.8	0.0258713	0.2711
175.5	42.8	0.0250309	0.2285
180.0	42.8	0.0200846	0.2734
184.5	42.8	0.0241996	0.2469
189.0	42.8	0.00996598	0.348
193.5	42.8	0.0202878	0.2498
198.0	42.8	0.0163022	0.301
202.5	42.8	0.0123382	0.3226
207.0	42.8	0.00862659	0.3855
211.5	42.8	0.0155349	0.351
216.0	42.8	0.0128032	0.3664
220.5	42.8	0.0122527	0.3042
225.0	42.8	0.0089417	0.3163
229.5	42.8	0.00938437	0.3508
234.0	42.8	0.0137178	0.3018
238.5	42.8	0.0155851	0.3054
243.0	42.8	0.014228	0.3309
247.5	42.8	0.00422201	0.4661
252.0	42.8	0.00677139	0.4781
256.5	42.8	0.00584881	0.4607
261.0	42.8	0.0214075	0.3404
265.5	42.8	0.00715448	0.3669
270.0	42.8	0.00468511	0.451
274.5	42.8	0.0057846	0.5054
279.0	42.8	0.0041938	0.4782
283.5	42.8	0.00180133	0.6202
288.0	42.8	0.00188398	0.4252
292.5	42.8	0.00618775	0.4497
297.0	42.8	0.00342438	0.8283
301.5	42.8	0.000705915	0.2778
306.0	42.8	0.00200763	0.5092
310.5	42.8	0.00324044	0.611
315.0	42.8	0.000390904	0.2571
319.5	42.8	0.00299746	0.7721
324.0	42.8	0.000346405	0.2999
328.5	42.8	0.00112735	0.4193
333.0	42.8	0.0018225	0.7609
337.5	42.8	0.000396356	0.2721
342.0	42.8	0.000371825	0.3116
346.5	42.8	0.0038189	0.5415
351.0	42.8	0.00261392	0.6386
355.5	42.8	0.000559829	0.7136
360.0	42.8	0.0019513	0.7622
364.5	42.8	0.000109489	0.4639
369.0	42.8	0.00156371	0.9393
373.5	42.8	0.00376516	0.982
378.0	42.8	0.00385224	0.96
382.5	42.8	0.00378164	0.9779
387.0	42.8	0.00459063	0.8231
391.5	42.8	0.00108058	0.6329
396.0	42.8	0.000177787	0.5709
400.5	42.8	0.00101061	0.8915
405.0	42.8	0.00127995	0.8689
409.5	42.8	8.44467e-05	0.6495
414.0	42.8	0.000506571	0.7534
418.5	42.8	0.000851532	0.677
423.0	42.8	0.000405693	0.5549
427.5	42.8	0.000253485	0.4637
432.0	42.8	2.78878e-05	0.7477
436.5	42.8	0.000101679	0.5749
441.0	42.8	1.94253e-05	0.8831
445.5	42.8	3.28309e-05	0.8296
-450.0	45.3667	0.000104167	0.4854
-445.5	45.3667	5.7101e-05	0.6509
-441.0	45.3667	0.00208239	0.974
-436.5	45.3667	0.000679022	0.9492
-432.0	45.3667	1.65541e-05	1.0
-427.5	45.3667	0.00192699	0.9504
-423.0	45.3667	0.000295336	0.9263
-418.5	45.3667	7.64802e-06	1.0
-414.0	45.3667	2.51105e-05	1.0
-409.5	45.3667	6.94316e-05	0.7097
-405.0	45.3667	1.20493e-05	1.0
-400.5	45.3667	0.000136566	0.9073
-396.0	45.3667	0.000165336	0.7215
-391.5	45.3667	0.00314988	0.9571
-387.0	45.3667	0.0047154	0.9959
-382.5	45.3667	1.16786e-05	1.0
-378.0	45.3667	0.00010567	0.6123
-373.5	45.3667	5.51051e-05	0.4608
-369.0	45.3667	2.92637e-05	0.8432
-364.5	45.3667	0.00021564	0.4123
-360.0	45.3667	0.00356886	0.9301
-355.5	45.3667	0.00102521	0.813
-351.0	45.3667	0.000202346	0.3891
-346.5	45.3667	0.00126971	0.7052
-342.0	45.3667	0.000326359	0.31
-337.5	45.3667	0.000405687	0.6887
-333.0	45.3667	0.000349935	0.6611
-328.5	45.3667	0.000307092	0.3562
-324.0	45.3667	0.00167778	0.6114
-319.5	45.3667	0.00311125	0.829
-315.0	45.3667	0.00428679	0.6553
-310.5	45.3667	0.00195371	0.6914
-306.0	45.3667	0.00197235	0.6582
-301.5	45.3667	0.000537272	0.4854
-297.0	45.3667	0.000684412	0.4423
-292.5	45.3667	0.00100864	0.4126
-288.0	45.3667	0.000380326	0.2643
-283.5	45.3667	0.000448439	0.3322
-279.0	45.3667	0.000504645	0.3285
-274.5	45.3667	0.00452946	0.8675
-270.0	45.3667	0.00575937	0.6306
-265.5	45.3667	0.000884584	0.2305
-261.0	45.3667	0.00120843	0.6051
-256.5	45.3667	0.00101083	0.3697
-252.0	45.3667	0.00276682	0.5143
-247.5	45.3667	0.00295288	0.501
-243.0	45.3667	0.00263941	0.5053
-238.5	45.3667	0.00105594	0.4101
-234.0	45.3667	0.00221382	0.4155
-229.5	45.3667	0.00560966	0.4423
-225.0	45.3667	0.00922324	0.3804
-220.5	45.3667	0.0116122	0.4308
-216.0	45.3667	0.0105972	0.3872
-211.5	45.3667	0.0124433	0.4435
-207.0	45.3667	0.00839741	0.413
-202.5	45.3667	0.013037	0.3423
-198.0	45.3667	0.0132187	0.3686
-193.5	45.3667	0.00943592	0.4716
-189.0	45.3667	0.0132661	0.3026
-184.5	45.3667	0.0146958	0.2531
-180.0	45.3667	0.0119026	0.2757
-175.5	45.3667	0.0181445	0.2764
-171.0	45.3667	0.0181816	0.2637
-166.5	45.3667	0.0220741	0.2595
-162.0	45.3667	0.0207282	0.2585
-157.5	45.3667	0.028004	0.2523
-153.0	45.3667	0.0342998	0.2113
-148.5	45.3667	0.0324784	0.2368
-144.0	45.3667	0.0316568	0.2422
-139.5	45.3667	0.0269782	0.2262
-135.0	45.3667	0.0361249	0.2028
-130.5	45.3667	0.0375686	0.1904
-126.0	45.3667	0.0504522	0.173
-121.5	45.3667	0.0428573	0.1767
-117.0	45.3667	0.053588	0.1866
-112.5	45.3667	0.0579388	0.1625
-108.0	45.3667	0.0424837	0.1954
-103.5	45.3667	0.0500227	0.1694
-99.0	45.3667	0.0520161	0.1597
-94.5	45.3667	0.0751511	0.1366
-90.0	45.3667	0.0861708	0.1377
-85.5	45.3667	0.108707	0.1247
-81.0	45.3667	0.0802549	0.1348
-76.5	45.3667	0.117676	0.1182
-72.0	45.3667	0.11932	0.1256
-67.5	45.3667	0.11282	0.1269
-63.0	45.3667	0.0932146	0.1301
-58.5	45.3667	0.123122	0.1077
-54.0	45.3667	0.116246	0.1151
-49.5	45.3667	0.121167	0.1105
-45.0	45.3667	0.0921093	0.1278
-40.5	45.3667	0.111112	0.1258
-36.0	45.3667	0.161019	0.1039
-31.5	45.3667	0.145459	0.106
-27.0	45.3667	0.150192	0.1044
-22.5	45.3667	0.118472	0.1144
-18.0	45.3667	0.138719	0.106
-13.5	45.3667	0.191519	0.097
-9.0	45.3667	0.148748	0.1135
-4.5	45.3667	0.177959	0.0914
0.0	45.3667	0.174613	0.1026
4.5	45.3667	0.167675	0.1018
9.0	45.3667	0.175497	0.1038
13.5	45.3667	0.154996	0.1081
18.0	45.3667	0.137716	0.1073
22.5	45.3667	0.166396	0.1032
27.0	45.3667	0.135218	0.1108
31.5	45.3667	0.133237	0.1248
36.0	45.3667	0.124728	0.1138
40.5	45.3667	0.129083	0.1236
45.0	45.3667	0.127159	0.1151
49.5	45.3667	0.118597	0.1098
54.0	45.3667	0.127003	0.117
58.5	45.3667	0.125431	0.1135
63.0	45.3667	0.114108	0.1177
67.5	45.3667	0.0984833	0.121
72.0	45.3667	0.104599	0.1187
76.5	45.3667	0.110096	0.1138
81.0	45.3667	0.0909873	0.1278
85.5	45.3667	0.122672	0.1168
90.0	45.3667	0.089861	0.13
94.5	45.3667	0.0869438	0.1331
99.0	45.3667	0.0708073	0.1742
103.5	45.3667	0.0861838	0.1384
108.0	45.3667	0.0706064	0.1487
112.5	45.3667	0.0866281	0.1507
117.0	45.3667	0.0796386	0.1448
121.5	45.3667	0.0554016	0.1566
126.0	45.3667	0.050125	0.1683
130.5	45.3667	0.0409107	0.1956
135.0	45.3667	0.0479091	0.192
139.5	45.3667	0.0342343	0.2007
144.0	45.3667	0.0404612	0.2004
148.5	45.3667	0.0435052	0.1817
153.0	45.3667	0.0380276	0.2027
157.5	45.3667	0.0483479	0.1849
162.0	45.3667	0.0326209	0.2082
166.5	45.3667	0.0262226	0.2315
171.0	45.3667	0.0181046	0.257
175.5	45.3667	0.0200492	0.2953
180.0	45.3667	0.0204647	0.2696
184.5	45.3667	0.0245068	0.2679
189.0	45.3667	0.0184796	0.2816
193.5	45.3667	0.0139342	0.3343
198.0	45.3667	0.00873167	0.3371
202.5	45.3667	0.0089804	0.3865
207.0	45.3667	0.00524085	0.3729
211.5	45.3667	0.00770866	0.3483
216.0	45.3667	0.0192836	0.3723
220.5	45.3667	0.00891719	0.3813
225.0	45.3667	0.0111037	0.3738
229.5	45.3667	0.0116547	0.3593
234.0	45.3667	0.00847181	0.3886
238.5	45.3667	0.00944926	0.4085
243.0	45.3667	0.0125764	0.3632
247.5	45.3667	0.00478032	0.3788
252.0	45.3667	0.00779648	0.413
256.5	45.3667	0.000913641	0.3238
261.0	45.3667	0.00199406	0.4274
265.5	45.3667	0.00524337	0.3296
270.0	45.3667	0.00521161	0.6686
274.5	45.3667	0.00360735	0.537
279.0	45.3667	0.00415486	0.5157
283.5	45.3667	0.00469631	0.5368
288.0	45.3667	0.00471243	0.4854
292.5	45.3667	0.00303536	0.5756
297.0	45.3667	0.00104834	0.5154
301.5	45.3667	0.00138534	0.5398
306.0	45.3667	0.000485657	0.2562
310.5	45.3667	0.00156015	0.579
315.0	45.3667	0.00250716	0.8169
319.5	45.3667	0.000711367	0.2902
324.0	45.3667	0.00145175	0.7386
328.5	45.3667	0.000782138	0.2929
333.0	45.3667	0.00336366	0.5675
337.5	45.3667	0.000307878	0.322
342.0	45.3667	0.00120559	0.7099
346.5	45.3667	0.000320935	0.3405
351.0	45.3667	0.0056905	0.7866
355.5	45.3667	0.00328629	0.7088
360.0	45.3667	0.00301208	0.717
364.5	45.3667	0.000400842	0.5206
369.0	45.3667	0.00207635	0.9133
373.5	45.3667	0.00454011	0.9711
378.0	45.3667	0.00454338	0.9704
382.5	45.3667	0.00452476	0.9744
387.0	45.3667	0.00233937	0.7844
391.5	45.3667	0.00327272	0.9506
396.0	45.3667	0.00375822	0.9839
400.5	45.3667	0.00642238	0.7098
405.0	45.3667	0.00017587	0.9935
409.5	45.3667	9.69588e-05	0.6992
414.0	45.3667	0.0024139	0.7166
418.5	45.3667	0.000418623	0.8627
423.0	45.3667	8.4282e-05	0.6746
427.5	45.3667	0.00171776	0.8274
432.0	45.3667	0.000393243	0.8356
436.5	45.3667	0.000384643	0.5913
441.0	45.3667	0.000159293	0.623
445.5	45.3667	8.50808e-05	0.5385
-450.0	47.9333	3.48267e-05	0.6403
-445.5	47.9333	0.00148635	0.9493
-441.0	47.9333	0.00372402	0.9925
-436.5	47.9333	0.00460163	0.8258
-432.0	47.9333	0.00372845	0.9914
-427.5	47.9333	0.00190679	0.9785
-423.0	47.9333	5.09068e-06	0.5869
-418.5	47.9333	0.000103978	0.6106
-414.0	47.9333	0.000131675	0.578
-409.5	47.9333	0.000137691	0.5682
-405.0	47.9333	0.0014515	0.9078
-400.5	47.9333	0.00475029	0.9887
-396.0	47.9333	0.00484687	0.969
-391.5	47.9333	0.00251167	0.7265
-387.0	47.9333	3.84601e-05	0.5596
-382.5	47.9333	0.000132753	0.5271
-378.0	47.9333	0.000119781	0.4057
-373.5	47.9333	0.000223862	0.4367
-369.0	47.9333	0.000530878	0.5214
-364.5	47.9333	0.00026648	0.4313
-360.0	47.9333	0.000118751	0.5645
-355.5	47.9333	0.000216881	0.3277
-351.0	47.9333	0.000214977	0.3872
-346.5	47.9333	9.34723e-05	0.3857
-342.0	47.9333	0.00333464	0.7926
-337.5	47.9333	0.00123975	0.4972
-333.0	47.9333	0.000405661	0.3353
-328.5	47.9333	0.000265801	0.3186
-324.0	47.9333	0.00118944	0.5698
-319.5	47.9333	0.00193644	0.8463
-315.0	47.9333	0.00193053	0.8673
-310.5	47.9333	0.000146149	0.3737
-306.0	47.9333	0.00235185	0.6287
-301.5	47.9333	0.00130493	0.6135
-297.0	47.9333	0.000369575	0.303
-292.5	47.9333	0.000458629	0.2764
-288.0	47.9333	0.00277447	0.836
-283.5	47.9333	0.00356049	0.8809
-279.0	47.9333	0.00092375	0.6109
-274.5	47.9333	0.000908097	0.6741
-270.0	47.9333	0.00164467	0.7522
-265.5	47.9333	0.00263027	0.5424
-261.0	47.9333	0.001426	0.5104
-256.5	47.9333	0.00313972	0.461
-252.0	47.9333	0.00280372	0.5868
-247.5	47.9333	0.00311409	0.6844
-243.0	47.9333	0.000907981	0.2759
-238.5	47.9333	0.00221283	0.3875
-234.0	47.9333	0.00329682	0.5467
-229.5	47.9333	0.0042344	0.5854
-225.0	47.9333	0.00607213	0.4995
-220.5	47.9333	0.00552302	0.3668
-216.0	47.9333	0.0168676	0.3897
-211.5	47.9333	0.00666182	0.3839
-207.0	47.9333	0.00199782	0.3686
-202.5	47.9333	0.0106163	0.3443
-198.0	47.9333	0.0121253	0.3321
-193.5	47.9333	0.0189269	0.3016
-189.0	47.9333	0.0125715	0.3795
-184.5	47.9333	0.0267661	0.2822
-180.0	47.9333	0.0173621	0.3197
-175.5	47.9333	0.0223462	0.2681
-171.0	47.9333	0.00931548	0.3107
-166.5	47.9333	0.0173742	0.2739
-162.0	47.9333	0.0298591	0.2829
-157.5	47.9333	0.0175119	0.2509
-153.0	47.9333	0.0165317	0.3096
-148.5	47.9333	0.023967	0.2561
-144.0	47.9333	0.0248888	0.2548
-139.5	47.9333	0.0401092	0.2097
-135.0	47.9333	0.0469675	0.1856
-130.5	47.9333	0.0375891	0.1889
-126.0	47.9333	0.0500127	0.1786
-121.5	47.9333	0.0398202	0.1834
-117.0	47.9333	0.0393743	0.1782
-112.5	47.9333	0.0493844	0.1562
-108.0	47.9333	0.0771304	0.1549
-103.5	47.9333	0.0883185	0.147
-99.0	47.9333	0.0568067	0.1655
-94.5	47.9333	0.0652703	0.1583
-90.0	47.9333	0.102558	0.1282
-85.5	47.9333	0.0915848	0.1397
-81.0	47.9333	0.0789179	0.1309
-76.5	47.9333	0.0812471	0.129
-72.0	47.9333	0.0901842	0.1298
-67.5	47.9333	0.107579	0.1207
-63.0	47.9333	0.107138	0.1187
-58.5	47.9333	0.115973	0.1256
-54.0	47.9333	0.108553	0.1209
-49.5	47.9333	0.129625	0.1093
-45.0	47.9333	0.133551	0.115
-40.5	47.9333	0.12202	0.1165
-36.0	47.9333	0.1705	0.1052
-31.5	47.9333	0.15449	0.1088
-27.0	47.9333	0.126216	0.1074
-22.5	47.9333	0.143388	0.1013
-18.0	47.9333	0.128866	0.1133
-13.5	47.9333	0.151379	0.1001
-9.0	47.9333	0.192464	0.1004
-4.5	47.9333	0.15167	0.1044
0.0	47.9333	0.152832	0.103
4.5	47.9333	0.149255	0.1023
9.0	47.9333	0.150744	0.1059
13.5	47.9333	0.177777	0.1018
18.0	47.9333	0.131903	0.1099
22.5	47.9333	0.142674	0.1107
27.0	47.9333	0.132768	0.1113
31.5	47.9333	0.137716	0.1022
36.0	47.9333	0.151407	0.1077
40.5	47.9333	0.134004	0.1099
45.0	47.9333	0.163929	0.1073
49.5	47.9333	0.131425	0.1236
54.0	47.9333	0.120588	0.1184
58.5	47.9333	0.130354	0.1107
63.0	47.9333	0.114487	0.1151
67.5	47.9333	0.11382	0.1212
72.0	47.9333	0.128906	0.1174
76.5	47.9333	0.0809337	0.128
81.0	47.9333	0.103493	0.1223
85.5	47.9333	0.0933153	0.1302
90.0	47.9333	0.0822263	0.1352
94.5	47.9333	0.093214	0.1331
99.0	47.9333	0.0969596	0.1379
103.5	47.9333	0.090967	0.1407
108.0	47.9333	0.0594683	0.1543
112.5	47.9333	0.0912059	0.1381
117.0	47.9333	0.0783343	0.1629
121.5	47.9333	0.0547316	0.1481
126.0	47.9333	0.0623639	0.1486
130.5	47.9333	0.0382023	0.2115
135.0	47.9333	0.0553633	0.1761
139.5	47.9333	0.0418758	0.1926
144.0	47.9333	0.0444613	0.1963
148.5	47.9333	0.041452	0.2059
153.0	47.9333	0.042219	0.1922
157.5	47.9333	0.0276476	0.2679
162.0	47.9333	0.0347013	0.2071
166.5	47.9333	0.0357228	0.2044
171.0	47.9333	0.0248806	0.2317
175.5	47.9333	0.0269727	0.2208
180.0	47.9333	0.0174028	0.2743
184.5	47.9333	0.025189	0.2586
189.0	47.9333	0.0222664	0.2932
193.5	47.9333	0.0147799	0.2755
198.0	47.9333	0.00605806	0.2766
202.5	47.9333	0.018841	0.32
207.0	47.9333	0.0203844	0.3056
211.5	47.9333	0.0108123	0.3388
216.0	47.9333	0.014052	0.3384
220.5	47.9333	0.015139	0.2987
225.0	47.9333	0.0126013	0.3138
229.5	47.9333	0.00728851	0.4008
234.0	47.9333	0.00722845	0.3721
238.5	47.9333	0.00496546	0.5535
243.0	47.9333	0.00392672	0.4849
247.5	47.9333	0.00619253	0.3739
252.0	47.9333	0.00662304	0.4833
256.5	47.9333	0.00375965	0.3489
261.0	47.9333	0.00751347	0.3728
265.5	47.9333	0.011254	0.3859
270.0	47.9333	0.00739295	0.4588
274.5	47.9333	0.00511322	0.4665
279.0	47.9333	0.00834544	0.4538
283.5	47.9333	0.00573146	0.6307
288.0	47.9333	0.00177351	0.4883
292.5	47.9333	0.0018022	0.4294
297.0	47.9333	0.00135351	0.596
301.5	47.9333	0.00143053	0.4498
306.0	47.9333	0.00350144	0.6198
310.5	47.9333	0.00541864	0.449
315.0	47.9333	0.00205018	0.534
319.5	47.9333	0.0013667	0.6478
324.0	47.9333	0.000496163	0.4367
328.5	47.9333	0.00134957	0.4638
333.0	47.9333	0.00123026	0.508
337.5	47.9333	0.00160957	0.6371
342.0	47.9333	0.00219982	0.5391
346.5	47.9333	0.000957586	0.7989
351.0	47.9333	0.000349889	0.578
355.5	47.9333	0.000745008	0.8732
360.0	47.9333	0.00233833	0.8998
364.5	47.9333	0.00171938	0.8324
369.0	47.9333	0.00233373	0.8782
373.5	47.9333	0.000166121	0.5614
378.0	47.9333	0.00011015	0.4712
382.5	47.9333	0.000135395	0.5429
387.0	47.9333	1.81334e-05	0.8306
391.5	47.9333	6.35005e-05	0.6777
396.0	47.9333	0.00135969	0.9526
400.5	47.9333	0.000118161	0.5968
405.0	47.9333	8.62672e-05	0.627
409.5	47.9333	8.10149e-05	0.6777
414.0	47.9333	0.00202726	0.7048
418.5	47.9333	0.000171728	0.862
423.0	47.9333	0.000343043	0.7946
427.5	47.9333	0.000299126	0.5538
432.0	47.9333	5.17587e-05	0.7241
436.5	47.9333	3.16115e-05	1.0
441.0	47.9333	0.00021365	0.4877
445.5	47.9333	0.000212849	0.5481
-450.0	50.5	0.00373786	0.9889
-445.5	50.5	0.00231402	0.9879
-441.0	50.5	0.000130811	0.4636
-436.5	50.5	0.000763929	0.8624
-432.0	50.5	2.50704e-05	1.0
-427.5	50.5	0.0	0.0
-423.0	50.5	0.0	0.0
-418.5	50.5	5.33709e-05	0.7697
-414.0	50.5	1.81589e-05	0.8672
-409.5	50.5	8.53021e-05	0.6033
-405.0	50.5	0.00178333	0.8964
-400.5	50.5	0.000233374	0.5088
-396.0	50.5	0.000201709	0.4745
-391.5	50.5	0.00069558	0.9512
-387.0	50.5	5.84268e-05	0.6507
-382.5	50.5	0.00018924	0.694
-378.0	50.5	0.000120674	0.5115
-373.5	50.5	0.00114346	0.944
-369.0	50.5	0.000650247	0.7902
-364.5	50.5	0.000348994	0.7979
-360.0	50.5	0.000221147	0.4604
-355.5	50.5	0.000574475	0.3937
-351.0	50.5	0.000254623	0.395
-346.5	50.5	0.00283407	0.87
-342.0	50.5	0.000753354	0.5257
-337.5	50.5	0.000275677	0.3593
-333.0	50.5	0.000590769	0.4848
-328.5	50.5	0.000996169	0.853
-324.0	50.5	0.000493711	0.6079
-319.5	50.5	0.00144039	0.7277
-315.0	50.5	0.00134144	0.7796
-310.5	50.5	0.000467953	0.4113
-306.0	50.5	0.000127796	0.391
-301.5	50.5	0.00040278	0.3046
-297.0	50.5	0.000273942	0.2843
-292.5	50.5	0.000453821	0.2737
-288.0	50.5	0.00160098	0.5263
-283.5	50.5	0.00231829	0.5151
-279.0	50.5	0.000493075	0.2748
-274.5	50.5	0.00172154	0.5636
-270.0	50.5	0.000818156	0.2127
-265.5	50.5	0.00110734	0.3986
-261.0	50.5	0.0028034	0.722
-256.5	50.5	0.0071407	0.4621
-252.0	50.5	0.00560637	0.567
-247.5	50.5	0.00402585	0.6038
-243.0	50.5	0.0012445	0.499
-238.5	50.5	0.00345093	0.5562
-234.0	50.5	0.00278725	0.4573
-229.5	50.5	0.00331792	0.4781
-225.0	50.5	0.00390924	0.3743
-220.5	50.5	0.00901127	0.4045
-216.0	50.5	0.00684186	0.5324
-211.5	50.5	0.00861024	0.3623
-207.0	50.5	0.00654046	0.4961
-202.5	50.5	0.0136864	0.3419
-198.0	50.5	0.0145062	0.3466
-193.5	50.5	0.0220902	0.2632
-189.0	50.5	0.0140922	0.3271
-184.5	50.5	0.0160772	0.2927
-180.0	50.5	0.020216	0.2468
-175.5	50.5	0.0280936	0.3001
-171.0	50.5	0.0103641	0.4547
-166.5	50.5	0.0259687	0.2843
-162.0	50.5	0.0237794	0.2568
-157.5	50.5	0.0252192	0.2415
-153.0	50.5	0.0311755	0.2662
-148.5	50.5	0.0187545	0.2307
-144.0	50.5	0.0418151	0.2434
-139.5	50.5	0.0317935	0.2295
-135.0	50.5	0.0554907	0.2019
-130.5	50.5	0.031801	0.2253
-126.0	50.5	0.0525725	0.1842
-121.5	50.5	0.0495388	0.1793
-117.0	50.5	0.0432542	0.188
-112.5	50.5	0.0520796	0.1641
-108.0	50.5	0.0567146	0.172
-103.5	50.5	0.0722003	0.1438
-99.0	50.5	0.0703081	0.1423
-94.5	50.5	0.0551642	0.1663
-90.0	50.5	0.0802232	0.1422
-85.5	50.5	0.0996776	0.1304
-81.0	50.5	0.0850803	0.156
-76.5	50.5	0.1106	0.1215
-72.0	50.5	0.0732287	0.1386
-67.5	50.5	0.105816	0.1388
-63.0	50.5	0.107758	0.1296
-58.5	50.5	0.115992	0.1165
-54.0	50.5	0.128062	0.1154
-49.5	50.5	0.117948	0.1152
-45.0	50.5	0.133536	0.1219
-40.5	50.5	0.144011	0.117
-36.0	50.5	0.13589	0.1102
-31.5	50.5	0.141831	0.107
-27.0	50.5	0.139489	0.1097
-22.5	50.5	0.127553	0.1247
-18.0	50.5	0.159177	0.1096
-13.5	50.5	0.147587	0.1054
-9.0	50.5	0.160701	0.1032
-4.5	50.5	0.134813	0.1096
0.0	50.5	0.139603	0.135
4.5	50.5	0.132021	0.1219
9.0	50.5	0.157801	0.1025
13.5	50.5	0.161596	0.0964
18.0	50.5	0.140426	0.0996
22.5	50.5	0.11498	0.1123
27.0	50.5	0.125264	0.1101
31.5	50.5	0.12502	0.1157
36.0	50.5	0.127038	0.1062
40.5	50.5	0.159598	0.1005
45.0	50.5	0.140722	0.1085
49.5	50.5	0.148115	0.1068
54.0	50.5	0.13076	0.106
58.5	50.5	0.133449	0.1146
63.0	50.5	0.0896043	0.1279
67.5	50.5	0.0813454	0.1407
72.0	50.5	0.0992481	0.1229
76.5	50.5	0.11432	0.1171
81.0	50.5	0.12274	0.1169
85.5	50.5	0.092492	0.131
90.0	50.5	0.107969	0.1202
94.5	50.5	0.0648692	0.1444
99.0	50.5	0.0667326	0.1477
103.5	50.5	0.0756764	0.1374
108.0	50.5	0.0587827	0.1556
112.5	50.5	0.0697125	0.1557
117.0	50.5	0.0669914	0.1515
121.5	50.5	0.0701846	0.1562
126.0	50.5	0.0521233	0.1555
130.5	50.5	0.0368746	0.1831
135.0	50.5	0.0565766	0.1733
139.5	50.5	0.0440491	0.1806
144.0	50.5	0.0468491	0.1794
148.5	50.5	0.0437765	0.191
153.0	50.5	0.0311899	0.2004
157.5	50.5	0.0311048	0.2212
162.0	50.5	0.0290131	0.2388
166.5	50.5	0.0280812	0.2705
171.0	50.5	0.0359617	0.208
175.5	50.5	0.0250824	0.2331
180.0	50.5	0.0232286	0.2864
184.5	50.5	0.0168126	0.2679
189.0	50.5	0.018026	0.3029
193.5	50.5	0.0253436	0.2737
198.0	50.5	0.0265225	0.2458
202.5	50.5	0.0173729	0.2957
207.0	50.5	0.0153324	0.3566
211.5	50.5	0.00812835	0.4582
216.0	50.5	0.00737838	0.5391
220.5	50.5	0.0050483	0.3381
225.0	50.5	0.00524498	0.3271
229.5	50.5	0.00406385	0.3473
234.0	50.5	0.00191185	0.3363
238.5	50.5	0.00425977	0.5726
243.0	50.5	0.00500888	0.5053
247.5	50.5	0.00286712	0.4556
252.0	50.5	0.00261331	0.3361
256.5	50.5	0.00274133	0.5238
261.0	50.5	0.0034862	0.4133
265.5	50.5	0.00530734	0.346
270.0	50.5	0.00979571	0.4748
274.5	50.5	0.0120467	0.4025
279.0	50.5	0.00325694	0.4808
283.5	50.5	0.00137944	0.579
288.0	50.5	0.00340762	0.7894
292.5	50.5	0.000854297	0.2448
297.0	50.5	0.0040757	0.4627
301.5	50.5	0.00222666	0.6776
306.0	50.5	0.00197383	0.7595
310.5	50.5	0.00599775	0.7981
315.0	50.5	0.000735837	0.3007
319.5	50.5	0.00794828	0.524
324.0	50.5	0.00301498	0.5649
328.5	50.5	0.00195111	0.5511
333.0	50.5	0.0019405	0.629
337.5	50.5	0.00191457	0.6821
342.0	50.5	0.0015289	0.5883
346.5	50.5	0.000394115	0.2906
351.0	50.5	0.00229795	0.8488
355.5	50.5	0.000970606	0.7997
360.0	50.5	0.00161299	0.5696
364.5	50.5	0.000156147	0.365
369.0	50.5	0.00174213	0.6653
373.5	50.5	0.00299588	0.7422
378.0	50.5	0.00228291	0.9144
382.5	50.5	0.000419274	0.6801
387.0	50.5	9.76568e-05	0.6099
391.5	50.5	8.10942e-05	0.5943
396.0	50.5	0.000139249	0.5571
400.5	50.5	8.12727e-05	0.6724
405.0	50.5	0.000128728	0.5802
409.5	50.5	0.000165212	0.4714
414.0	50.5	0.00221312	0.698
418.5	50.5	0.0	0.0
423.0	50.5	0.0	0.0
427.5	50.5	0.00199037	0.6762
432.0	50.5	0.000803683	0.8897
436.5	50.5	3.14344e-05	0.9031
441.0	50.5	8.08012e-05	0.4724
445.5	50.5	0.000104791	0.519
-450.0	53.0667	9.7913e-05	0.5812
-445.5	53.0667	0.000155019	0.4625
-441.0	53.0667	8.98923e-05	0.5149
-436.5	53.0667	4.98053e-05	0.6052
-432.0	53.0667	4.11513e-05	0.7913
-427.5	53.0667	0.0	0.0
-423.0	53.0667	3.54682e-05	0.6354
-418.5	53.0667	4.32373e-05	0.9023
-414.0	53.0667	0.000105427	0.5241
-409.5	53.0667	0.00015064	0.529
-405.0	53.0667	0.00145663	0.9884
-400.5	53.0667	3.96038e-05	1.0
-396.0	53.0667	0.000100123	0.5808
-391.5	53.0667	8.30225e-05	0.6966
-387.0	53.0667	0.00509194	0.7219
-382.5	53.0667	0.00549615	0.9767
-378.0	53.0667	0.00414066	0.9625
-373.5	53.0667	9.15451e-05	0.5664
-369.0	53.0667	0.000445764	0.5087
-364.5	53.0667	0.000121622	0.4763
-360.0	53.0667	0.000161932	0.4084
-355.5	53.0667	0.000285072	0.3829
-351.0	53.0667	0.000413561	0.4898
-346.5	53.0667	0.00216646	0.8355
-342.0	53.0667	0.000374113	0.492
-337.5	53.0667	0.00152309	0.828
-333.0	53.0667	0.000915674	0.6617
-328.5	53.0667	0.000325528	0.3938
-324.0	53.0667	0.00131838	0.6745
-319.5	53.0667	0.00259383	0.7033
-315.0	53.0667	0.00186717	0.7744
-310.5	53.0667	0.000460306	0.4445
-306.0	53.0667	0.000518952	0.2693
-301.5	53.0667	0.00031258	0.29
-297.0	53.0667	0.000280927	0.3285
-292.5	53.0667	0.00215647	0.7698
-288.0	53.0667	0.00225394	0.6973
-283.5	53.0667	0.000527442	0.2491
-279.0	53.0667	0.00122704	0.3679
-274.5	53.0667	0.00497451	0.7284
-270.0	53.0667	0.00244479	0.6391
-265.5	53.0667	0.000620444	0.2202
-261.0	53.0667	0.00434301	0.7089
-256.5	53.0667	0.00628811	0.6933
-252.0	53.0667	0.00374334	0.5058
-247.5	53.0667	0.00363822	0.4827
-243.0	53.0667	0.00300912	0.5139
-238.5	53.0667	0.00222159	0.4543
-234.0	53.0667	0.00219556	0.4546
-229.5	53.0667	0.00371184	0.4059
-225.0	53.0667	0.0104992	0.4176
-220.5	53.0667	0.00624167	0.5339
-216.0	53.0667	0.00875978	0.3952
-211.5	53.0667	0.0026454	0.3646
-207.0	53.0667	0.0110714	0.3314
-202.5	53.0667	0.00927202	0.4134
-198.0	53.0667	0.0131614	0.4018
-193.5	53.0667	0.01465	0.3203
-189.0	53.0667	0.0158622	0.2738
-184.5	53.0667	0.0264779	0.2694
-180.0	53.0667	0.0257154	0.2556
-175.5	53.0667	0.0240934	0.3319
-171.0	53.0667	0.0245898	0.2646
-166.5	53.0667	0.0237027	0.2637
-162.0	53.0667	0.03329	0.2463
-157.5	53.0667	0.0279277	0.2665
-153.0	53.0667	0.0253039	0.2555
-148.5	53.0667	0.0275333	0.2092
-144.0	53.0667	0.0274616	0.2271
-139.5	53.0667	0.0254405	0.2314
-135.0	53.0667	0.03063	0.2008
-130.5	53.0667	0.0328034	0.2103
-126.0	53.0667	0.0609534	0.1734
-121.5	53.0667	0.0627694	0.1691
-117.0	53.0667	0.0410333	0.1982
-112.5	53.0667	0.0540389	0.1606
-108.0	53.0667	0.0557854	0.1858
-103.5	53.0667	0.0533197	0.1682
-99.0	53.0667	0.0682268	0.1644
-94.5	53.0667	0.0664875	0.1498
-90.0	53.0667	0.0784701	0.1522
-85.5	53.0667	0.0685282	0.1421
-81.0	53.0667	0.093711	0.1387
-76.5	53.0667	0.101296	0.1319
-72.0	53.0667	0.0943267	0.1412
-67.5	53.0667	0.0959259	0.1414
-63.0	53.0667	0.103673	0.1265
-58.5	53.0667	0.113406	0.1343
-54.0	53.0667	0.131522	0.1174
-49.5	53.0667	0.114037	0.1183
-45.0	53.0667	0.143232	0.1169
-40.5	53.0667	0.133144	0.1349
-36.0	53.0667	0.129916	0.123
-31.5	53.0667	0.136397	0.1069
-27.0	53.0667	0.128285	0.1101
-22.5	53.0667	0.115264	0.1292
-18.0	53.0667	0.141073	0.1022
-13.5	53.0667	0.157235	0.1039
-9.0	53.0667	0.147314	0.1012
-4.5	53.0667	0.144324	0.1059
0.0	53.0667	0.147398	0.1025
4.5	53.0667	0.152557	0.1015
9.0	53.0667	0.140345	0.1063
13.5	53.0667	0.1286	0.1126
18.0	53.0667	0.12889	0.1166
22.5	53.0667	0.139476	0.1037
27.0	53.0667	0.15035	0.1052
31.5	53.0667	0.13673	0.1183
36.0	53.0667	0.144969	0.1081
40.5	53.0667	0.135961	0.1244
45.0	53.0667	0.135319	0.1093
49.5	53.0667	0.124459	0.1112
54.0	53.0667	0.133586	0.1155
58.5	53.0667	0.102676	0.1182
63.0	53.0667	0.0935805	0.1149
67.5	53.0667	0.104937	0.1408
72.0	53.0667	0.0921374	0.126
76.5	53.0667	0.109637	0.1202
81.0	53.0667	0.0891589	0.1244
85.5	53.0667	0.0736064	0.1336
90.0	53.0667	0.113485	0.129
94.5	53.0667	0.072436	0.1433
99.0	53.0667	0.0600163	0.1558
103.5	53.0667	0.0683369	0.1569
108.0	53.0667	0.0598522	0.1643
112.5	53.0667	0.0647147	0.1684
117.0	53.0667	0.0384693	0.1979
121.5	53.0667	0.0417782	0.1839
126.0	53.0667	0.0404332	0.1814
130.5	53.0667	0.0479841	0.1851
135.0	53.0667	0.046216	0.1887
139.5	53.0667	0.0515673	0.1832
144.0	53.0667	0.0546861	0.1568
148.5	53.0667	0.0548667	0.1652
153.0	53.0667	0.0390845	0.2299
157.5	53.0667	0.0450432	0.2296
162.0	53.0667	0.029815	0.2054
166.5	53.0667	0.0182142	0.2901
171.0	53.0667	0.0205155	0.2451
175.5	53.0667	0.0364225	0.22
180.0	53.0667	0.0251828	0.2508
184.5	53.0667	0.0075249	0.3269
189.0	53.0667	0.0158278	0.316
193.5	53.0667	0.0234936	0.2737
198.0	53.0667	0.0347797	0.2409
202.5	53.0667	0.0109842	0.2944
207.0	53.0667	0.0167582	0.3415
211.5	53.0667	0.00336267	0.3827
216.0	53.0667	0.015877	0.3388
220.5	53.0667	0.0201794	0.3827
225.0	53.0667	0.00431384	0.3549
229.5	53.0667	0.0104048	0.3889
234.0	53.0667	0.00704888	0.4385
238.5	53.0667	0.00553547	0.4159
243.0	53.0667	0.00584148	0.3973
247.5	53.0667	0.0137533	0.3376
252.0	53.0667	0.0098273	0.33
256.5	53.0667	0.0035438	0.6209
261.0	53.0667	0.00407189	0.5577
265.5	53.0667	0.00436993	0.3837
270.0	53.0667	0.00571735	0.4216
274.5	53.0667	0.0128592	0.4879
279.0	53.0667	0.00552754	0.4366
283.5	53.0667	0.00192171	0.7206
288.0	53.0667	0.0031085	0.6932
292.5	53.0667	0.00191259	0.5899
297.0	53.0667	0.00323332	0.5088
301.5	53.0667	0.00456008	0.5441
306.0	53.0667	0.00407044	0.5248
310.5	53.0667	0.000641822	0.2973
315.0	53.0667	0.00282532	0.5714
319.5	53.0667	0.00211662	0.5847
324.0	53.0667	0.00173968	0.6788
328.5	53.0667	0.00199985	0.4679
333.0	53.0667	0.00194325	0.7952
337.5	53.0667	0.00348566	0.8204
342.0	53.0667	0.000647479	0.5329
346.5	53.0667	0.00145014	0.8505
351.0	53.0667	0.000979316	0.6982
355.5	53.0667	0.000264885	0.3187
360.0	53.0667	0.000215525	0.362
364.5	53.0667	0.000370862	0.3869
369.0	53.0667	0.000194758	0.4129
373.5	53.0667	0.00176553	0.9276
378.0	53.0667	0.0043774	0.7724
382.5	53.0667	0.00743953	0.5603
387.0	53.0667	0.00561902	0.6532
391.5	53.0667	0.00355759	0.9086
396.0	53.0667	0.00310661	0.6934
400.5	53.0667	0.00132493	0.9652
405.0	53.0667	0.00132227	0.9672
409.5	53.0667	0.00139637	0.9167
414.0	53.0667	0.000132066	0.7267
418.5	53.0667	8.69888e-05	0.5896
423.0	53.0667	0.00366075	0.9807
427.5	53.0667	0.00251283	0.6811
432.0	53.0667	2.79045e-05	0.7202
436.5	53.0667	5.60433e-05	0.7094
441.0	53.0667	0.00103139	0.9412
445.5	53.0667	0.00390323	0.9731
-450.0	55.6333	7.3838e-05	0.547
-445.5	55.6333	7.2073e-05	0.9906
-441.0	55.6333	0.000103373	0.4769
-436.5	55.6333	0.000292693	0.7126
-432.0	55.6333	9.59056e-05	0.5305
-427.5	55.6333	0.000120797	0.4892
-423.0	55.6333	5.20605e-05	0.8063
-418.5	55.6333	2.49687e-05	0.7102
-414.0	55.6333	1.14384e-08	1.0
-409.5	55.6333	3.43689e-05	1.0
-405.0	55.6333	6.64651e-05	0.6826
-400.5	55.6333	0.00287909	0.987
-396.0	55.6333	0.00539874	0.9942
-391.5	55.6333	0.0075376	0.767
-387.0	55.6333	0.00268754	0.8126
-382.5	55.6333	6.08827e-05	0.6142
-378.0	55.6333	0.000121973	0.6383
-373.5	55.6333	0.00023276	0.3378
-369.0	55.6333	0.00349706	0.911
-364.5	55.6333	0.00013891	0.4795
-360.0	55.6333	0.000166068	0.358
-355.5	55.6333	0.000130852	0.4636
-351.0	55.6333	0.000322218	0.3172
-346.5	55.6333	0.00161483	0.5993
-342.0	55.6333	0.00215066	0.6665
-337.5	55.6333	0.000234466	0.5608
-333.0	55.6333	0.00107016	0.8097
-328.5	55.6333	0.00020728	0.3847
-324.0	55.6333	0.00023611	0.3065
-319.5	55.6333	0.000452064	0.237
-315.0	55.6333	0.000322277	0.291
-310.5	55.6333	0.000417778	0.2718
-306.0	55.6333	0.00101582	0.6525
-301.5	55.6333	0.00271167	0.5644
-297.0	55.6333	0.000530106	0.2862
-292.5	55.6333	0.00265183	0.6007
-288.0	55.6333	0.00196336	0.8326
-283.5	55.6333	0.00115745	0.4659
-279.0	55.6333	0.00263759	0.654
-274.5	55.6333	0.00378927	0.5255
-270.0	55.6333	0.0080791	0.6381
-265.5	55.6333	0.00853597	0.6238
-261.0	55.6333	0.00624225	0.7746
-256.5	55.6333	0.00884192	0.5833
-252.0	55.6333	0.00833585	0.4357
-247.5	55.6333	0.00372528	0.5371
-243.0	55.6333	0.00270142	0.631
-238.5	55.6333	0.00417732	0.5157
-234.0	55.6333	0.00353878	0.57
-229.5	55.6333	0.00575708	0.5773
-225.0	55.6333	0.00869512	0.419
-220.5	55.6333	0.00751618	0.4224
-216.0	55.6333	0.00637295	0.3883
-211.5	55.6333	0.00728633	0.3946
-207.0	55.6333	0.00749393	0.3697
-202.5	55.6333	0.0107194	0.3565
-198.0	55.6333	0.0129553	0.304
-193.5	55.6333	0.00797709	0.4228
-189.0	55.6333	0.0136868	0.338
-184.5	55.6333	0.0113806	0.2617
-180.0	55.6333	0.00999093	0.3114
-175.5	55.6333	0.0157327	0.2637
-171.0	55.6333	0.012652	0.2983
-166.5	55.6333	0.0263278	0.2521
-162.0	55.6333	0.0179338	0.276
-157.5	55.6333	0.0252504	0.261
-153.0	55.6333	0.0200958	0.2548
-148.5	55.6333	0.0188203	0.2418
-144.0	55.6333	0.0293554	0.2192
-139.5	55.6333	0.0360673	0.2138
-135.0	55.6333	0.0274229	0.2359
-130.5	55.6333	0.0410521	0.2053
-126.0	55.6333	0.0335631	0.1738
-121.5	55.6333	0.0337064	0.2147
-117.0	55.6333	0.0463464	0.1781
-112.5	55.6333	0.0494574	0.1728
-108.0	55.6333	0.0445811	0.1843
-103.5	55.6333	0.0635469	0.1588
-99.0	55.6333	0.0694993	0.1561
-94.5	55.6333	0.0694627	0.1603
-90.0	55.6333	0.0487258	0.1705
-85.5	55.6333	0.0738934	0.1522
-81.0	55.6333	0.0949377	0.128
-76.5	55.6333	0.0826731	0.132
-72.0	55.6333	0.111697	0.1697
-67.5	55.6333	0.0722666	0.1361
-63.0	55.6333	0.110884	0.1244
-58.5	55.6333	0.122025	0.1094
-54.0	55.6333	0.111102	0.1206
-49.5	55.6333	0.117383	0.1235
-45.0	55.6333	0.113185	0.1237
-40.5	55.6333	0.107836	0.1116
-36.0	55.6333	0.122843	0.1136
-31.5	55.6333	0.119812	0.1113
-27.0	55.6333	0.123732	0.1125
-22.5	55.6333	0.111132	0.1212
-18.0	55.6333	0.139348	0.1021
-13.5	55.6333	0.148454	0.1106
-9.0	55.6333	0.145	0.1046
-4.5	55.6333	0.133376	0.1112
0.0	55.6333	0.145366	0.1049
4.5	55.6333	0.1542	0.1079
9.0	55.6333	0.134665	0.1024
13.5	55.6333	0.150093	0.1113
18.0	55.6333	0.125109	0.1057
22.5	55.6333	0.149095	0.1018
27.0	55.6333	0.149509	0.1053
31.5	55.6333	0.137974	0.1085
36.0	55.6333	0.128306	0.1059
40.5	55.6333	0.143992	0.1113
45.0	55.6333	0.0902754	0.123
49.5	55.6333	0.111247	0.1224
54.0	55.6333	0.119044	0.1173
58.5	55.6333	0.12332	0.1363
63.0	55.6333	0.100369	0.1201
67.5	55.6333	0.106508	0.1235
72.0	55.6333	0.0980429	0.1289
76.5	55.6333	0.0966363	0.1292
81.0	55.6333	0.0891624	0.1264
85.5	55.6333	0.108354	0.1244
90.0	55.6333	0.0836154	0.1245
94.5	55.6333	0.0909433	0.1302
99.0	55.6333	0.0840201	0.1387
103.5	55.6333	0.0899961	0.136
108.0	55.6333	0.0635369	0.1564
112.5	55.6333	0.0797036	0.1425
117.0	55.6333	0.0326808	0.1772
121.5	55.6333	0.0532333	0.1646
126.0	55.6333	0.056982	0.165
130.5	55.6333	0.0487853	0.184
135.0	55.6333	0.0499487	0.1758
139.5	55.6333	0.0343446	0.1936
144.0	55.6333	0.0452875	0.1801
148.5	55.6333	0.0283098	0.2072
153.0	55.6333	0.0296233	0.2095
157.5	55.6333	0.0348472	0.2064
162.0	55.6333	0.0330212	0.1946
166.5	55.6333	0.0189309	0.2713
171.0	55.6333	0.0257243	0.2452
175.5	55.6333	0.0122483	0.3337
180.0	55.6333	0.0218232	0.296
184.5	55.6333	0.0191582	0.2961
189.0	55.6333	0.0100062	0.3425
193.5	55.6333	0.0158292	0.32
198.0	55.6333	0.0126993	0.3267
202.5	55.6333	0.00795012	0.3575
207.0	55.6333	0.014194	0.4004
211.5	55.6333	0.0088486	0.2719
216.0	55.6333	0.021162	0.2793
220.5	55.6333	0.0085304	0.5313
225.0	55.6333	0.0177142	0.3706
229.5	55.6333	0.0186334	0.3415
234.0	55.6333	0.00819307	0.396
238.5	55.6333	0.00608621	0.3681
243.0	55.6333	0.00512274	0.414
247.5	55.6333	0.00945625	0.3456
252.0	55.6333	0.00918085	0.4286
256.5	55.6333	0.00465709	0.4949
261.0	55.6333	0.000560348	0.2464
265.5	55.6333	0.00135585	0.3873
270.0	55.6333	0.00428033	0.4082
274.5	55.6333	0.00921777	0.5006
279.0	55.6333	0.00721148	0.4184
283.5	55.6333	0.00627111	0.4676
288.0	55.6333	0.00574094	0.4415
292.5	55.6333	0.0077362	0.5943
297.0	55.6333	0.0104112	0.5222
301.5	55.6333	0.00425861	0.6391
306.0	55.6333	0.00480253	0.6385
310.5	55.6333	0.00377885	0.4985
315.0	55.6333	0.00185035	0.5033
319.5	55.6333	0.000990635	0.3599
324.0	55.6333	0.000947922	0.4064
328.5	55.6333	0.00708147	0.468
333.0	55.6333	0.00233142	0.5019
337.5	55.6333	0.00338474	0.5586
342.0	55.6333	0.000209923	0.3337
346.5	55.6333	0.000701182	0.7313
351.0	55.6333	0.000195926	0.3409
355.5	55.6333	0.000114051	0.5029
360.0	55.6333	0.000372457	0.5646
364.5	55.6333	0.000183272	0.4266
369.0	55.6333	0.000106918	0.5376
373.5	55.6333	0.00162168	0.9121
378.0	55.6333	0.000170556	0.4364
382.5	55.6333	0.00181705	0.6864
387.0	55.6333	0.00419401	0.6883
391.5	55.6333	0.00198605	0.9406
396.0	55.6333	0.00126777	0.7931
400.5	55.6333	0.000113266	0.5885
405.0	55.6333	2.74404e-05	0.7005
409.5	55.6333	4.27865e-05	0.6269
414.0	55.6333	1.36519e-05	1.0
418.5	55.6333	5.80332e-05	0.7111
423.0	55.6333	0.000138627	0.5594
427.5	55.6333	4.85661e-05	0.7102
432.0	55.6333	0.00364198	0.9903
436.5	55.6333	9.11953e-05	0.5229
441.0	55.6333	0.00211397	0.9689
445.5	55.6333	0.000953661	0.6454
-450.0	58.2	9.46258e-05	0.7007
-445.5	58.2	5.15423e-05	0.5605
-441.0	58.2	9.46994e-05	0.6771
-436.5	58.2	0.000356904	0.7003
-432.0	58.2	0.000110713	0.4736
-427.5	58.2	3.68911e-06	1.0
-423.0	58.2	1.86449e-05	1.0
-418.5	58.2	4.42645e-05	0.7227
-414.0	58.2	8.00178e-06	1.0
-409.5	58.2	6.53226e-05	1.0
-405.0	58.2	0.00464177	0.9947
-400.5	58.2	0.00261028	0.9678
-396.0	58.2	0.000146785	0.5513
-391.5	58.2	6.11469e-05	0.9507
-387.0	58.2	9.52903e-05	0.5292
-382.5	58.2	3.39807e-05	0.6673
-378.0	58.2	0.00496599	0.6954
-373.5	58.2	0.00452612	0.9713
-369.0	58.2	0.00117138	0.8522
-364.5	58.2	0.000258428	0.3651
-360.0	58.2	0.000103142	0.5528
-355.5	58.2	0.000245799	0.3761
-351.0	58.2	0.000911642	0.7184
-346.5	58.2	0.00523673	0.5813
-342.0	58.2	0.000293238	0.4522
-337.5	58.2	0.000301168	0.355
-333.0	58.2	0.00175452	0.8606
-328.5	58.2	0.000126754	0.4762
-324.0	58.2	0.000876052	0.8772
-319.5	58.2	0.00136718	0.7487
-315.0	58.2	0.0017652	0.6526
-310.5	58.2	0.00263302	0.6472
-306.0	58.2	0.000469276	0.3655
-301.5	58.2	0.000505663	0.3226
-297.0	58.2	0.00214454	0.5534
-292.5	58.2	0.00378234	0.5031
-288.0	58.2	0.00288789	0.7525
-283.5	58.2	0.0045936	0.5576
-279.0	58.2	0.00197588	0.639
-274.5	58.2	0.00372751	0.5866
-270.0	58.2	0.0015183	0.4538
-265.5	58.2	0.0053559	0.5753
-261.0	58.2	0.00276702	0.5929
-256.5	58.2	0.0022284	0.6106
-252.0	58.2	0.00255045	0.5417
-247.5	58.2	0.00634502	0.4924
-243.0	58.2	0.00378171	0.4777
-238.5	58.2	0.00215217	0.5306
-234.0	58.2	0.00541965	0.5306
-229.5	58.2	0.00622643	0.564
-225.0	58.2	0.0032767	0.4246
-220.5	58.2	0.00815538	0.4353
-216.0	58.2	0.00601516	0.4802
-211.5	58.2	0.00569973	0.4113
-207.0	58.2	0.00541655	0.3574
-202.5	58.2	0.00925411	0.4505
-198.0	58.2	0.00683008	0.3503
-193.5	58.2	0.0119112	0.3007
-189.0	58.2	0.00602285	0.4965
-184.5	58.2	0.0139005	0.3366
-180.0	58.2	0.00921627	0.285
-175.5	58.2	0.0130081	0.292
-171.0	58.2	0.0229068	0.2987
-166.5	58.2	0.0220917	0.2633
-162.0	58.2	0.0270326	0.2559
-157.5	58.2	0.0215888	0.2507
-153.0	58.2	0.0202396	0.2576
-148.5	58.2	0.0219082	0.2629
-144.0	58.2	0.0264111	0.2102
-139.5	58.2	0.0410994	0.2155
-135.0	58.2	0.0405053	0.2009
-130.5	58.2	0.0328404	0.2338
-126.0	58.2	0.0348255	0.2018
-121.5	58.2	0.0430903	0.2006
-117.0	58.2	0.0358597	0.1957
-112.5	58.2	0.0605188	0.1568
-108.0	58.2	0.076153	0.1552
-103.5	58.2	0.0543238	0.1647
-99.0	58.2	0.0558984	0.1845
-94.5	58.2	0.0669626	0.181
-90.0	58.2	0.0753991	0.1485
-85.5	58.2	0.0624446	0.1474
-81.0	58.2	0.0801654	0.139
-76.5	58.2	0.0796976	0.147
-72.0	58.2	0.0743767	0.1372
-67.5	58.2	0.0927187	0.1346
-63.0	58.2	0.100253	0.1227
-58.5	58.2	0.111137	0.119
-54.0	58.2	0.0861782	0.1214
-49.5	58.2	0.108909	0.1294
-45.0	58.2	0.0927689	0.1266
-40.5	58.2	0.101478	0.1212
-36.0	58.2	0.111815	0.1179
-31.5	58.2	0.126358	0.1229
-27.0	58.2	0.0980497	0.1217
-22.5	58.2	0.126766	0.112
-18.0	58.2	0.127454	0.1124
-13.5	58.2	0.1714	0.0989
-9.0	58.2	0.111337	0.1136
-4.5	58.2	0.134195	0.1093
0.0	58.2	0.141	0.1099
4.5	58.2	0.137631	0.1156
9.0	58.2	0.142737	0.1038
13.5	58.2	0.179089	0.0997
18.0	58.2	0.148159	0.1122
22.5	58.2	0.125558	0.1202
27.0	58.2	0.135912	0.1118
31.5	58.2	0.139154	0.1193
36.0	58.2	0.140238	0.1142
40.5	58.2	0.126056	0.1094
45.0	58.2	0.145212	0.1121
49.5	58.2	0.105663	0.1177
54.0	58.2	0.130122	0.1181
58.5	58.2	0.128407	0.1086
63.0	58.2	0.0998668	0.1262
67.5	58.2	0.0893769	0.1302
72.0	58.2	0.0964319	0.1183
76.5	58.2	0.123803	0.1211
81.0	58.2	0.0922804	0.1311
85.5	58.2	0.0723892	0.1386
90.0	58.2	0.101007	0.1187
94.5	58.2	0.0959167	0.1272
99.0	58.2	0.0726334	0.1451
103.5	58.2	0.0619893	0.1519
108.0	58.2	0.0690773	0.1497
112.5	58.2	0.0609746	0.1514
117.0	58.2	0.0468171	0.1616
121.5	58.2	0.0540996	0.1522
126.0	58.2	0.0352611	0.1905
130.5	58.2	0.052959	0.1761
135.0	58.2	0.0551645	0.1747
139.5	58.2	0.0521197	0.1809
144.0	58.2	0.0387832	0.2076
148.5	58.2	0.030713	0.2838
153.0	58.2	0.0318825	0.2324
157.5	58.2	0.0283368	0.223
162.0	58.2	0.02179	0.2384
166.5	58.2	0.026282	0.2255
171.0	58.2	0.0261749	0.2481
175.5	58.2	0.0203184	0.2839
180.0	58.2	0.0233057	0.24
184.5	58.2	0.0165345	0.2694
189.0	58.2	0.0156113	0.3018
193.5	58.2	0.0156591	0.3532
198.0	58.2	0.0145091	0.3064
202.5	58.2	0.00260588	0.232
207.0	58.2	0.0129337	0.3359
211.5	58.2	0.0218538	0.2881
216.0	58.2	0.0152619	0.3724
220.5	58.2	0.00304624	0.3471
225.0	58.2	0.00386729	0.4213
229.5	58.2	0.00436648	0.4311
234.0	58.2	0.0112132	0.4954
238.5	58.2	0.0073295	0.385
243.0	58.2	0.0108435	0.4354
247.5	58.2	0.0177434	0.338
252.0	58.2	0.00688756	0.3811
256.5	58.2	0.00599273	0.5095
261.0	58.2	0.00314879	0.5371
265.5	58.2	0.0031749	0.6641
270.0	58.2	0.00186358	0.561
274.5	58.2	0.00474467	0.4857
279.0	58.2	0.0114257	0.3552
283.5	58.2	0.00609749	0.6458
288.0	58.2	0.00989753	0.392
292.5	58.2	0.00650274	0.4781
297.0	58.2	0.00455631	0.542
301.5	58.2	0.00333195	0.8675
306.0	58.2	0.00693024	0.5494
310.5	58.2	0.00436603	0.4157
315.0	58.2	0.00751693	0.4848
319.5	58.2	0.00159073	0.6542
324.0	58.2	0.00191522	0.6963
328.5	58.2	0.00150786	0.4338
333.0	58.2	0.00120276	0.667
337.5	58.2	0.00170593	0.5666
342.0	58.2	0.00235632	0.6333
346.5	58.2	0.00253952	0.6478
351.0	58.2	0.000803102	0.6718
355.5	58.2	0.00148749	0.857
360.0	58.2	0.000189548	0.4087
364.5	58.2	0.000300256	0.3202
369.0	58.2	0.000372789	0.4182
373.5	58.2	0.00392719	0.6395
378.0	58.2	0.00178276	0.8865
382.5	58.2	0.0024065	0.6216
387.0	58.2	8.86029e-05	0.6151
391.5	58.2	0.0029919	0.9525
396.0	58.2	8.48645e-05	0.5164
400.5	58.2	4.25226e-05	0.57
405.0	58.2	0.000105902	0.7502
409.5	58.2	0.000111206	0.6099
414.0	58.2	0.0	0.0
418.5	58.2	2.93251e-05	0.7749
423.0	58.2	0.00228285	0.9824
427.5	58.2	4.60659e-05	1.0
432.0	58.2	6.55977e-05	0.7628
436.5	58.2	0.000170923	0.4234
441.0	58.2	0.00029379	0.3425
445.5	58.2	0.00155023	0.9295
-450.0	60.7667	0.000138108	0.5877
-445.5	60.7667	0.00177656	0.9426
-441.0	60.7667	4.72683e-05	0.6218
-436.5	60.7667	9.23118e-05	0.5605
-432.0	60.7667	4.21065e-05	0.7125
-427.5	60.7667	0.0	0.0
-423.0	60.7667	7.4659e-05	0.6069
-418.5	60.7667	0.0	0.0
-414.0	60.7667	0.0036081	0.7872
-409.5	60.7667	0.000132484	0.602
-405.0	60.7667	0.00010524	0.6364
-400.5	60.7667	0.000683978	0.8869
-396.0	60.7667	0.00220615	0.9676
-391.5	60.7667	0.00218488	0.9769
-387.0	60.7667	0.00198596	0.9712
-382.5	60.7667	2.65808e-05	0.7148
-378.0	60.7667	0.000871591	0.7923
-373.5	60.7667	0.0001766	0.5822
-369.0	60.7667	0.000230845	0.5282
-364.5	60.7667	0.000239313	0.3831
-360.0	60.7667	0.000130307	0.5697
-355.5	60.7667	0.000152487	0.4202
-351.0	60.7667	0.000395753	0.2773
-346.5	60.7667	0.000140379	0.3996
-342.0	60.7667	0.000221188	0.4063
-337.5	60.7667	0.000201059	0.3534
-333.0	60.7667	0.00114951	0.7018
-328.5	60.7667	0.00236007	0.6559
-324.0	60.7667	0.00367374	0.6557
-319.5	60.7667	0.000677369	0.5532
-315.0	60.7667	0.000316768	0.3293
-310.5	60.7667	0.00195626	0.7579
-306.0	60.7667	0.000372071	0.3065
-301.5	60.7667	0.0003937	0.258
-297.0	60.7667	0.00187454	0.6768
-292.5	60.7667	0.00187236	0.8623
-288.0	60.7667	0.00113392	0.4299
-283.5	60.7667	0.000772729	0.2522
-279.0	60.7667	0.000453476	0.2921
-274.5	60.7667	0.00117763	0.5917
-270.0	60.7667	0.0016378	0.4951
-265.5	60.7667	0.00536865	0.5716
-261.0	60.7667	0.00430266	0.638
-256.5	60.7667	0.00195911	0.7032
-252.0	60.7667	0.00180436	0.359
-247.5	60.7667	0.00156325	0.4025
-243.0	60.7667	0.00303504	0.6628
-238.5	60.7667	0.00354915	0.5574
-234.0	60.7667	0.00750267	0.5506
-229.5	60.7667	0.00358015	0.4049
-225.0	60.7667	0.0160617	0.4618
-220.5	60.7667	0.00727258	0.4901
-216.0	60.7667	0.00518313	0.4584
-211.5	60.7667	0.00780522	0.4259
-207.0	60.7667	0.0133268	0.3757
-202.5	60.7667	0.0128128	0.3652
-198.0	60.7667	0.00965332	0.3916
-193.5	60.7667	0.0120165	0.3197
-189.0	60.7667	0.00486825	0.5421
-184.5	60.7667	0.00933951	0.412
-180.0	60.7667	0.0187282	0.3077
-175.5	60.7667	0.020888	0.3108
-171.0	60.7667	0.0329563	0.2642
-166.5	60.7667	0.0158428	0.3661
-162.0	60.7667	0.00842568	0.3396
-157.5	60.7667	0.0314866	0.2195
-153.0	60.7667	0.0233126	0.2446
-148.5	60.7667	0.0354205	0.1956
-144.0	60.7667	0.0302286	0.2568
-139.5	60.7667	0.0246053	0.2399
-135.0	60.7667	0.0249935	0.2332
-130.5	60.7667	0.0384699	0.2025
-126.0	60.7667	0.0245269	0.2515
-121.5	60.7667	0.0497624	0.1948
-117.0	60.7667	0.0432555	0.2005
-112.5	60.7667	0.0555825	0.1502
-108.0	60.7667	0.0330729	0.1949
-103.5	60.7667	0.0346744	0.1852
-99.0	60.7667	0.057137	0.1467
-94.5	60.7667	0.0588459	0.1561
-90.0	60.7667	0.0550055	0.1523
-85.5	60.7667	0.0615507	0.1904
-81.0	60.7667	0.0644567	0.1723
-76.5	60.7667	0.0791298	0.1541
-72.0	60.7667	0.0921682	0.1431
-67.5	60.7667	0.0797538	0.1357
-63.0	60.7667	0.0828259	0.1373
-58.5	60.7667	0.116296	0.1221
-54.0	60.7667	0.109712	0.1316
-49.5	60.7667	0.108866	0.1182
-45.0	60.7667	0.0887701	0.133
-40.5	60.7667	0.119885	0.1243
-36.0	60.7667	0.127414	0.1226
-31.5	60.7667	0.141288	0.117
-27.0	60.7667	0.114701	0.118
-22.5	60.7667	0.128401	0.1124
-18.0	60.7667	0.123671	0.1127
-13.5	60.7667	0.168278	0.0993
-9.0	60.7667	0.13796	0.1114
-4.5	60.7667	0.145143	0.1094
0.0	60.7667	0.151545	0.107
4.5	60.7667	0.124164	0.1127
9.0	60.7667	0.130668	0.107
13.5	60.7667	0.125199	0.1169
18.0	60.7667	0.143471	0.116
22.5	60.7667	0.147671	0.1045
27.0	60.7667	0.128806	0.1258
31.5	60.7667	0.115111	0.12
36.0	60.7667	0.119872	0.1129
40.5	60.7667	0.120216	0.1139
45.0	60.7667	0.104247	0.1193
49.5	60.7667	0.0796353	0.1264
54.0	60.7667	0.10916	0.1168
58.5	60.7667	0.10812	0.1181
63.0	60.7667	0.106821	0.1209
67.5	60.7667	0.107614	0.1301
72.0	60.7667	0.110012	0.127
76.5	60.7667	0.103885	0.1571
81.0	60.7667	0.106674	0.1308
85.5	60.7667	0.0681741	0.1402
90.0	60.7667	0.0625803	0.1399
94.5	60.7667	0.0815876	0.1511
99.0	60.7667	0.0760639	0.1466
103.5	60.7667	0.0689522	0.1574
108.0	60.7667	0.0584419	0.1576
112.5	60.7667	0.0593594	0.152
117.0	60.7667	0.056667	0.1744
121.5	60.7667	0.0536167	0.1837
126.0	60.7667	0.040166	0.1936
130.5	60.7667	0.0471219	0.2224
135.0	60.7667	0.0394533	0.2023
139.5	60.7667	0.0429282	0.1875
144.0	60.7667	0.0433993	0.1801
148.5	60.7667	0.0340538	0.2041
153.0	60.7667	0.0381031	0.2152
157.5	60.7667	0.0359872	0.2219
162.0	60.7667	0.0327296	0.2282
166.5	60.7667	0.031977	0.218
171.0	60.7667	0.0312435	0.2556
175.5	60.7667	0.0202233	0.2568
180.0	60.7667	0.0287815	0.2595
184.5	60.7667	0.0286793	0.2597
189.0	60.7667	0.0262183	0.2449
193.5	60.7667	0.0139791	0.2812
198.0	60.7667	0.00457691	0.3674
202.5	60.7667	0.0103269	0.3169
207.0	60.7667	0.013342	0.3625
211.5	60.7667	0.0112033	0.2952
216.0	60.7667	0.0134616	0.2862
220.5	60.7667	0.0138096	0.4157
225.0	60.7667	0.015972	0.3529
229.5	60.7667	0.0115039	0.435
234.0	60.7667	0.00747259	0.4824
238.5	60.7667	0.01627	0.3463
243.0	60.7667	0.00747055	0.5297
247.5	60.7667	0.00359317	0.4735
252.0	60.7667	0.00802556	0.6335
256.5	60.7667	0.00917501	0.3372
261.0	60.7667	0.00550659	0.4776
265.5	60.7667	0.00302864	0.7591
270.0	60.7667	0.00439083	0.6304
274.5	60.7667	0.00346417	0.4439
279.0	60.7667	0.00490957	0.5077
283.5	60.7667	0.00165189	0.5945
288.0	60.7667	0.00433375	0.4464
292.5	60.7667	0.00633067	0.5287
297.0	60.7667	0.00174131	0.3761
301.5	60.7667	0.0025282	0.7271
306.0	60.7667	0.00391616	0.6306
310.5	60.7667	0.00564659	0.5542
315.0	60.7667	0.00300878	0.5922
319.5	60.7667	0.00204415	0.6291
324.0	60.7667	0.00201736	0.6656
328.5	60.7667	0.00135982	0.8105
333.0	60.7667	0.000459908	0.2936
337.5	60.7667	0.0034319	0.6138
342.0	60.7667	0.000361099	0.3326
346.5	60.7667	0.000297485	0.3211
351.0	60.7667	0.00289982	0.7964
355.5	60.7667	0.00236823	0.8951
360.0	60.7667	0.000198423	0.4048
364.5	60.7667	0.000255396	0.3279
369.0	60.7667	0.00232031	0.6954
373.5	60.7667	0.000893119	0.9212
378.0	60.7667	9.52088e-05	0.4654
382.5	60.7667	5.92482e-05	0.7475
387.0	60.7667	0.000186435	0.5
391.5	60.7667	0.000220329	0.5741
396.0	60.7667	0.000214138	0.5994
400.5	60.7667	0.0003814	0.8317
405.0	60.7667	0.00260435	0.9796
409.5	60.7667	7.85342e-05	0.7206
414.0	60.7667	0.0023543	0.9363
418.5	60.7667	9.25253e-05	0.8001
423.0	60.7667	0.00179929	0.9461
427.5	60.7667	0.000113429	0.6488
432.0	60.7667	0.000400351	0.7419
436.5	60.7667	1.67243e-05	0.8816
441.0	60.7667	0.000334319	0.6279
445.5	60.7667	0.000117056	0.4837
-450.0	63.3333	0.000633613	0.9243
-445.5	63.3333	0.000755052	0.8362
-441.0	63.3333	5.86457e-05	0.7165
-436.5	63.3333	4.85972e-05	0.6731
-432.0	63.3333	0.00131873	0.9606
-427.5	63.3333	0.0	0.0
-423.0	63.3333	0.00310648	0.9879
-418.5	63.3333	0.0045081	0.7474
-414.0	63.3333	0.000342837	0.8528
-409.5	63.3333	3.93151e-05	0.855
-405.0	63.3333	6.83007e-05	0.7081
-400.5	63.3333	0.0	0.0
-396.0	63.3333	5.81588e-06	1.0
-391.5	63.3333	0.00231526	0.9868
-387.0	63.3333	0.00381857	0.974
-382.5	63.3333	0.00391357	0.9505
-378.0	63.3333	0.00236994	0.942
-373.5	63.3333	0.00011651	0.4558
-369.0	63.3333	0.000213221	0.4123
-364.5	63.3333	0.000261014	0.3805
-360.0	63.3333	0.000138861	0.5135
-355.5	63.3333	0.000132568	0.4347
-351.0	63.3333	0.000184248	0.3514
-346.5	63.3333	0.000850659	0.6872
-342.0	63.3333	0.00148112	0.9312
-337.5	63.3333	0.00156266	0.8833
-333.0	63.3333	0.000901886	0.6508
-328.5	63.3333	0.00219491	0.8336
-324.0	63.3333	0.000306555	0.2871
-319.5	63.3333	0.000223213	0.3626
-315.0	63.3333	0.00373005	0.7109
-310.5	63.3333	0.00161177	0.5643
-306.0	63.3333	0.000425952	0.2934
-301.5	63.3333	0.000344293	0.2866
-297.0	63.3333	0.00212688	0.8857
-292.5	63.3333	0.000527767	0.2507
-288.0	63.3333	0.00171717	0.6691
-283.5	63.3333	0.00245301	0.5561
-279.0	63.3333	0.000899987	0.4935
-274.5	63.3333	0.00131022	0.6981
-270.0	63.3333	0.00298183	0.7945
-265.5	63.3333	0.00409286	0.8542
-261.0	63.3333	0.000453342	0.2633
-256.5	63.3333	0.00457526	0.6077
-252.0	63.3333	0.00681875	0.4169
-247.5	63.3333	0.00275196	0.4886
-243.0	63.3333	0.00124872	0.2517
-238.5	63.3333	0.00175237	0.338
-234.0	63.3333	0.0057924	0.5433
-229.5	63.3333	0.00644528	0.4142
-225.0	63.3333	0.00562983	0.5987
-220.5	63.3333	0.00331515	0.494
-216.0	63.3333	0.00587154	0.8229
-211.5	63.3333	0.00279434	0.3225
-207.0	63.3333	0.0133519	0.4328
-202.5	63.3333	0.00878989	0.4082
-198.0	63.3333	0.0091312	0.4527
-193.5	63.3333	0.0123458	0.332
-189.0	63.3333	0.0139487	0.3627
-184.5	63.3333	0.0161865	0.3336
-180.0	63.3333	0.0237707	0.2997
-175.5	63.3333	0.0238314	0.2905
-171.0	63.3333	0.0234454	0.2911
-166.5	63.3333	0.0195866	0.2549
-162.0	63.3333	0.0202345	0.2772
-157.5	63.3333	0.0254457	0.2672
-153.0	63.3333	0.0239728	0.2872
-148.5	63.3333	0.0243689	0.2523
-144.0	63.3333	0.0188921	0.2618
-139.5	63.3333	0.0297031	0.2423
-135.0	63.3333	0.0341018	0.2485
-130.5	63.3333	0.0481748	0.2096
-126.0	63.3333	0.029111	0.225
-121.5	63.3333	0.0489839	0.1923
-117.0	63.3333	0.0484064	0.1665
-112.5	63.3333	0.0517767	0.1642
-108.0	63.3333	0.0588152	0.1612
-103.5	63.3333	0.0357607	0.197
-99.0	63.3333	0.0450404	0.191
-94.5	63.3333	0.0681227	0.1548
-90.0	63.3333	0.0748199	0.1527
-85.5	63.3333	0.0450193	0.1647
-81.0	63.3333	0.0452412	0.1537
-76.5	63.3333	0.0760535	0.1435
-72.0	63.3333	0.0648884	0.1383
-67.5	63.3333	0.0773536	0.1376
-63.0	63.3333	0.101013	0.1264
-58.5	63.3333	0.101536	0.1359
-54.0	63.3333	0.115021	0.1267
-49.5	63.3333	0.0955758	0.1239
-45.0	63.3333	0.102204	0.1192
-40.5	63.3333	0.0971942	0.126
-36.0	63.3333	0.149116	0.114
-31.5	63.3333	0.11779	0.1279
-27.0	63.3333	0.116965	0.1238
-22.5	63.3333	0.0907014	0.1142
-18.0	63.3333	0.142826	0.111
-13.5	63.3333	0.156264	0.1062
-9.0	63.3333	0.14501	0.1688
-4.5	63.3333	0.12856	0.1194
0.0	63.3333	0.145177	0.1642
4.5	63.3333	0.140199	0.1061
9.0	63.3333	0.115475	0.114
13.5	63.3333	0.154469	0.1095
18.0	63.3333	0.152046	0.1049
22.5	63.3333	0.0994338	0.1158
27.0	63.3333	0.142948	0.1166
31.5	63.3333	0.131766	0.107
36.0	63.3333	0.115497	0.1113
40.5	63.3333	0.133306	0.1159
45.0	63.3333	0.109534	0.1251
49.5	63.3333	0.0917294	0.1265
54.0	63.3333	0.112632	0.1213
58.5	63.3333	0.11701	0.1192
63.0	63.3333	0.112876	0.1164
67.5	63.3333	0.0882565	0.1473
72.0	63.3333	0.108209	0.1278
76.5	63.3333	0.0917491	0.1282
81.0	63.3333	0.0919997	0.1364
85.5	63.3333	0.0698578	0.1425
90.0	63.3333	0.0771886	0.1389
94.5	63.3333	0.0812613	0.1448
99.0	63.3333	0.0742628	0.1517
103.5	63.3333	0.0586266	0.1629
108.0	63.3333	0.048346	0.1725
112.5	63.3333	0.0722613	0.155
117.0	63.3333	0.0744931	0.1556
121.5	63.3333	0.0436174	0.1752
126.0	63.3333	0.048018	0.1986
130.5	63.3333	0.048143	0.1911
135.0	63.3333	0.0297618	0.2109
139.5	63.3333	0.036152	0.203
144.0	63.3333	0.035947	0.2083
148.5	63.3333	0.0413812	0.2168
153.0	63.3333	0.0272581	0.2463
157.5	63.3333	0.0276683	0.2368
162.0	63.3333	0.0270937	0.2353
166.5	63.3333	0.0172605	0.3139
171.0	63.3333	0.0217433	0.2429
175.5	63.3333	0.0273428	0.2344
180.0	63.3333	0.0149354	0.2296
184.5	63.3333	0.0190742	0.2421
189.0	63.3333	0.0155307	0.2405
193.5	63.3333	0.0194514	0.3139
198.0	63.3333	0.0132296	0.2862
202.5	63.3333	0.0134989	0.3998
207.0	63.3333	0.0114699	0.2821
211.5	63.3333	0.00896795	0.4089
216.0	63.3333	0.0116686	0.3635
220.5	63.3333	0.00908561	0.4453
225.0	63.3333	0.0098069	0.4046
229.5	63.3333	0.00150837	0.2671
234.0	63.3333	0.00445075	0.4665
238.5	63.3333	0.0104111	0.303
243.0	63.3333	0.00520356	0.531
247.5	63.3333	0.00668899	0.405
252.0	63.3333	0.00357197	0.5986
256.5	63.3333	0.00654791	0.485
261.0	63.3333	0.00665909	0.4858
265.5	63.3333	0.0024944	0.5255
270.0	63.3333	0.00542973	0.4425
274.5	63.3333	0.00578148	0.779
279.0	63.3333	0.00582603	0.4964
283.5	63.3333	0.000717019	0.226
288.0	63.3333	0.00527493	0.5838
292.5	63.3333	0.00216609	0.6319
297.0	63.3333	0.00193817	0.6146
301.5	63.3333	0.00441312	0.4637
306.0	63.3333	0.00226261	0.5346
310.5	63.3333	0.00121718	0.5409
315.0	63.3333	0.000992361	0.6508
319.5	63.3333	0.00335781	0.6537
324.0	63.3333	0.00451695	0.6624
328.5	63.3333	0.00127413	0.7138
333.0	63.3333	0.000251981	0.306
337.5	63.3333	0.00160854	0.7124
342.0	63.3333	0.00394787	0.5945
346.5	63.3333	0.00335603	0.6668
351.0	63.3333	0.00264945	0.7002
355.5	63.3333	0.00158458	0.6612
360.0	63.3333	0.00183632	0.8687
364.5	63.3333	0.00200152	0.5504
369.0	63.3333	0.000251338	0.3251
373.5	63.3333	0.000228193	0.4128
378.0	63.3333	0.000102056	0.5161
382.5	63.3333	0.000102134	0.6676
387.0	63.3333	0.000111544	0.5531
391.5	63.3333	0.000169097	0.5523
396.0	63.3333	0.000358356	0.8581
400.5	63.3333	0.00210485	0.9329
405.0	63.3333	0.00317127	0.7096
409.5	63.3333	0.00204542	0.9586
414.0	63.3333	0.00203098	0.9655
418.5	63.3333	0.00196214	0.999
423.0	63.3333	0.000928842	0.6464
427.5	63.3333	5.04175e-05	0.715
432.0	63.3333	0.00456568	0.7118
436.5	63.3333	0.00529344	0.9882
441.0	63.3333	0.005582	0.9374
445.5	63.3333	0.00534714	0.9783
-450.0	65.9	8.48419e-05	0.5191
-445.5	65.9	0.000108746	0.4922
-441.0	65.9	0.0	0.0
-436.5	65.9	0.000119549	0.4382
-432.0	65.9	0.000626959	0.9842
-427.5	65.9	0.00310463	1.0
-423.0	65.9	5.36998e-05	0.7455
-418.5	65.9	2.26266e-05	1.0
-414.0	65.9	9.41595e-05	0.5925
-409.5	65.9	0.000100823	0.7293
-405.0	65.9	5.05208e-05	0.6191
-400.5	65.9	0.0	0.0
-396.0	65.9	7.78946e-05	0.8953
-391.5	65.9	0.0021253	0.9225
-387.0	65.9	0.000126632	0.6373
-382.5	65.9	0.000119097	0.665
-378.0	65.9	0.00155907	0.9551
-373.5	65.9	0.00115402	0.9082
-369.0	65.9	0.000232604	0.4161
-364.5	65.9	0.000237022	0.3726
-360.0	65.9	0.000140781	0.3978
-355.5	65.9	0.00138266	0.9152
-351.0	65.9	0.000303123	0.3331
-346.5	65.9	0.000475555	0.4337
-342.0	65.9	0.00205755	0.8236
-337.5	65.9	0.000114098	0.3994
-333.0	65.9	0.000268033	0.3005
-328.5	65.9	0.00168958	0.8824
-324.0	65.9	0.000256733	0.3193
-319.5	65.9	0.000274628	0.3189
-315.0	65.9	0.000535222	0.2512
-310.5	65.9	0.000507071	0.2722
-306.0	65.9	0.00048449	0.243
-301.5	65.9	0.000334676	0.2875
-297.0	65.9	0.000853796	0.3651
-292.5	65.9	0.00324051	0.6011
-288.0	65.9	0.00115231	0.4574
-283.5	65.9	0.000716554	0.2572
-279.0	65.9	0.00212389	0.7028
-274.5	65.9	0.00216646	0.4469
-270.0	65.9	0.000701559	0.2294
-265.5	65.9	0.000475179	0.2739
-261.0	65.9	0.00113283	0.5651
-256.5	65.9	0.0012535	0.435
-252.0	65.9	0.00551766	0.5463
-247.5	65.9	0.00648021	0.4998
-243.0	65.9	0.00111964	0.2317
-238.5	65.9	0.00510406	0.5044
-234.0	65.9	0.0062514	0.4429
-229.5	65.9	0.00468664	0.4001
-225.0	65.9	0.00348637	0.4955
-220.5	65.9	0.00491401	0.356
-216.0	65.9	0.00326053	0.368
-211.5	65.9	0.00744745	0.3793
-207.0	65.9	0.00793849	0.373
-202.5	65.9	0.00864585	0.4057
-198.0	65.9	0.00907423	0.3125
-193.5	65.9	0.00974101	0.3835
-189.0	65.9	0.0184774	0.352
-184.5	65.9	0.0132488	0.3793
-180.0	65.9	0.024864	0.2909
-175.5	65.9	0.0106242	0.3323
-171.0	65.9	0.0201651	0.2401
-166.5	65.9	0.0151645	0.4689
-162.0	65.9	0.0205173	0.3213
-157.5	65.9	0.0210172	0.2627
-153.0	65.9	0.0233215	0.2864
-148.5	65.9	0.0201655	0.2874
-144.0	65.9	0.0359603	0.232
-139.5	65.9	0.0265013	0.2712
-135.0	65.9	0.0308382	0.2015
-130.5	65.9	0.0474991	0.1801
-126.0	65.9	0.028821	0.1933
-121.5	65.9	0.0382563	0.2008
-117.0	65.9	0.0425994	0.1851
-112.5	65.9	0.0440684	0.203
-108.0	65.9	0.0458182	0.1939
-103.5	65.9	0.0466922	0.1822
-99.0	65.9	0.0474777	0.1959
-94.5	65.9	0.0821721	0.1431
-90.0	65.9	0.0397357	0.1869
-85.5	65.9	0.0693784	0.145
-81.0	65.9	0.0754733	0.1334
-76.5	65.9	0.0797671	0.1436
-72.0	65.9	0.0868115	0.1349
-67.5	65.9	0.0808232	0.1312
-63.0	65.9	0.0869321	0.1323
-58.5	65.9	0.112336	0.1242
-54.0	65.9	0.0857165	0.1399
-49.5	65.9	0.12247	0.1148
-45.0	65.9	0.0901298	0.1294
-40.5	65.9	0.110807	0.1248
-36.0	65.9	0.132618	0.1115
-31.5	65.9	0.111729	0.1229
-27.0	65.9	0.128355	0.1072
-22.5	65.9	0.146535	0.1114
-18.0	65.9	0.116397	0.1158
-13.5	65.9	0.119317	0.1167
-9.0	65.9	0.132709	0.1091
-4.5	65.9	0.12908	0.1554
0.0	65.9	0.141484	0.11
4.5	65.9	0.142163	0.1041
9.0	65.9	0.13646	0.1123
13.5	65.9	0.133034	0.1092
18.0	65.9	0.11299	0.1172
22.5	65.9	0.120142	0.1215
27.0	65.9	0.107115	0.1412
31.5	65.9	0.104292	0.1174
36.0	65.9	0.121177	0.1088
40.5	65.9	0.10041	0.1204
45.0	65.9	0.116733	0.1186
49.5	65.9	0.101456	0.1147
54.0	65.9	0.111264	0.1208
58.5	65.9	0.118783	0.117
63.0	65.9	0.0980351	0.125
67.5	65.9	0.0814387	0.1295
72.0	65.9	0.0836964	0.1279
76.5	65.9	0.103379	0.1264
81.0	65.9	0.0677648	0.1678
85.5	65.9	0.0747171	0.1448
90.0	65.9	0.0671666	0.1406
94.5	65.9	0.0674852	0.1516
99.0	65.9	0.0634484	0.1498
103.5	65.9	0.0660753	0.1512
108.0	65.9	0.0661755	0.1628
112.5	65.9	0.0523127	0.1656
117.0	65.9	0.0562889	0.1735
121.5	65.9	0.0620963	0.1793
126.0	65.9	0.0535234	0.1898
130.5	65.9	0.0499404	0.189
135.0	65.9	0.0683188	0.1815
139.5	65.9	0.0274272	0.2337
144.0	65.9	0.0293654	0.2113
148.5	65.9	0.0405183	0.2166
153.0	65.9	0.0168514	0.2523
157.5	65.9	0.0270287	0.2752
162.0	65.9	0.0307677	0.2602
166.5	65.9	0.0165039	0.2671
171.0	65.9	0.0279755	0.2432
175.5	65.9	0.0205871	0.284
180.0	65.9	0.0233033	0.2567
184.5	65.9	0.022939	0.2727
189.0	65.9	0.0160719	0.3255
193.5	65.9	0.0204591	0.2702
198.0	65.9	0.0191307	0.2829
202.5	65.9	0.0049604	0.3527
207.0	65.9	0.00845842	0.4322
211.5	65.9	0.0123983	0.4428
216.0	65.9	0.0156695	0.3574
220.5	65.9	0.0131206	0.3282
225.0	65.9	0.00913032	0.3723
229.5	65.9	0.0066673	0.382
234.0	65.9	0.00591024	0.4199
238.5	65.9	0.0110426	0.481
243.0	65.9	0.00439161	0.4811
247.5	65.9	0.00436197	0.511
252.0	65.9	0.00767855	0.4183
256.5	65.9	0.00760031	0.4098
261.0	65.9	0.00381729	0.3992
265.5	65.9	0.00664063	0.4001
270.0	65.9	0.00770953	0.5072
274.5	65.9	0.00735311	0.3892
279.0	65.9	0.00692595	0.4574
283.5	65.9	0.000911219	0.3171
288.0	65.9	0.00279106	0.7107
292.5	65.9	0.0011951	0.4756
297.0	65.9	0.00086533	0.4532
301.5	65.9	0.005479	0.6058
306.0	65.9	0.00461927	0.4252
310.5	65.9	0.00286361	0.7866
315.0	65.9	0.00272733	0.8367
319.5	65.9	0.0029636	0.7522
324.0	65.9	0.00116292	0.6003
328.5	65.9	0.000827919	0.4766
333.0	65.9	0.00480787	0.4794
337.5	65.9	0.00194645	0.572
342.0	65.9	0.000320685	0.3617
346.5	65.9	0.000313298	0.3314
351.0	65.9	0.00107556	0.6466
355.5	65.9	0.000240117	0.3622
360.0	65.9	0.000319351	0.5139
364.5	65.9	0.0011832	0.7184
369.0	65.9	0.00645038	0.4793
373.5	65.9	0.00118225	0.8967
378.0	65.9	0.000112212	0.5339
382.5	65.9	0.000111199	0.488
387.0	65.9	5.22154e-05	0.7706
391.5	65.9	0.00108118	0.9725
396.0	65.9	6.79719e-06	1.0
400.5	65.9	1.65222e-05	0.986
405.0	65.9	3.67432e-05	0.9814
409.5	65.9	0.000111998	0.559
414.0	65.9	0.0	0.0
418.5	65.9	6.5005e-05	0.6151
423.0	65.9	0.0013176	0.8862
427.5	65.9	0.000334763	0.7719
432.0	65.9	0.000309617	0.9293
436.5	65.9	4.36299e-05	0.7095
441.0	65.9	6.05695e-05	0.5946
445.5	65.9	0.000593086	0.8138
-450.0	68.4667	0.000142772	0.4855
-445.5	68.4667	4.72085e-05	0.9271
-441.0	68.4667	7.11665e-05	0.5794
-436.5	68.4667	0.000106009	0.4077
-432.0	68.4667	9.9048e-05	0.576
-427.5	68.4667	6.64565e-05	0.656
-423.0	68.4667	0.000272826	0.7506
-418.5	68.4667	0.000185562	0.6274
-414.0	68.4667	8.98492e-05	0.7426
-409.5	68.4667	0.000725878	0.8869
-405.0	68.4667	5.08061e-05	0.6774
-400.5	68.4667	0.000104468	0.7768
-396.0	68.4667	0.000100913	0.5381
-391.5	68.4667	7.44908e-05	0.5944
-387.0	68.4667	0.000134364	0.5059
-382.5	68.4667	0.000274582	0.8643
-378.0	68.4667	9.55978e-05	0.9568
-373.5	68.4667	9.9672e-05	0.5601
-369.0	68.4667	7.62782e-05	0.651
-364.5	68.4667	0.000154203	0.4378
-360.0	68.4667	0.000169245	0.3696
-355.5	68.4667	0.000367692	0.3489
-351.0	68.4667	0.00040633	0.3567
-346.5	68.4667	0.00053073	0.292
-342.0	68.4667	0.000328634	0.2755
-337.5	68.4667	0.000150228	0.464
-333.0	68.4667	0.000167903	0.3598
-328.5	68.4667	0.00022797	0.3721
-324.0	68.4667	0.000450419	0.2892
-319.5	68.4667	0.000388662	0.3074
-315.0	68.4667	0.000380889	0.2646
-310.5	68.4667	0.000369447	0.264
-306.0	68.4667	0.00268982	0.6004
-301.5	68.4667	0.00185148	0.5855
-297.0	68.4667	0.000847339	0.5442
-292.5	68.4667	0.000945157	0.5701
-288.0	68.4667	0.00274883	0.5269
-283.5	68.4667	0.00338914	0.5878
-279.0	68.4667	0.000565964	0.2264
-274.5	68.4667	0.00178448	0.6289
-270.0	68.4667	0.00044698	0.3058
-265.5	68.4667	0.00123192	0.6246
-261.0	68.4667	0.000863044	0.2328
-256.5	68.4667	0.00377249	0.508
-252.0	68.4667	0.00894942	0.5237
-247.5	68.4667	0.00491569	0.521
-243.0	68.4667	0.0034515	0.5574
-238.5	68.4667	0.00408229	0.5467
-234.0	68.4667	0.00301603	0.5643
-229.5	68.4667	0.00307321	0.4803
-225.0	68.4667	0.00503062	0.7327
-220.5	68.4667	0.00127556	0.252
-216.0	68.4667	0.00903522	0.411
-211.5	68.4667	0.0100338	0.3453
-207.0	68.4667	0.0108854	0.3905
-202.5	68.4667	0.0031664	0.2938
-198.0	68.4667	0.0120487	0.3826
-193.5	68.4667	0.0105823	0.4032
-189.0	68.4667	0.0123869	0.3971
-184.5	68.4667	0.00889179	0.3111
-180.0	68.4667	0.0105635	0.3309
-175.5	68.4667	0.0146425	0.2946
-171.0	68.4667	0.0162128	0.2719
-166.5	68.4667	0.00992202	0.354
-162.0	68.4667	0.0202508	0.2889
-157.5	68.4667	0.019826	0.2578
-153.0	68.4667	0.0244722	0.2501
-148.5	68.4667	0.0276201	0.2385
-144.0	68.4667	0.0350176	0.2133
-139.5	68.4667	0.0250793	0.252
-135.0	68.4667	0.0269283	0.244
-130.5	68.4667	0.0277312	0.2128
-126.0	68.4667	0.0460289	0.1827
-121.5	68.4667	0.0283237	0.2409
-117.0	68.4667	0.0427357	0.1944
-112.5	68.4667	0.0329002	0.2071
-108.0	68.4667	0.0472666	0.1772
-103.5	68.4667	0.0389781	0.1722
-99.0	68.4667	0.0536385	0.1848
-94.5	68.4667	0.0616439	0.1495
-90.0	68.4667	0.0432996	0.1713
-85.5	68.4667	0.06567	0.158
-81.0	68.4667	0.0696711	0.1492
-76.5	68.4667	0.0815443	0.1387
-72.0	68.4667	0.0958079	0.1526
-67.5	68.4667	0.0701769	0.1587
-63.0	68.4667	0.110007	0.1318
-58.5	68.4667	0.0948789	0.1222
-54.0	68.4667	0.101286	0.1186
-49.5	68.4667	0.116684	0.118
-45.0	68.4667	0.122104	0.1207
-40.5	68.4667	0.0957885	0.121
-36.0	68.4667	0.0771705	0.1333
-31.5	68.4667	0.0784818	0.1327
-27.0	68.4667	0.116697	0.1152
-22.5	68.4667	0.14289	0.1106
-18.0	68.4667	0.10708	0.1126
-13.5	68.4667	0.144158	0.1703
-9.0	68.4667	0.129856	0.1237
-4.5	68.4667	0.139054	0.1138
0.0	68.4667	0.147165	0.1367
4.5	68.4667	0.123885	0.1206
9.0	68.4667	0.14381	0.1119
13.5	68.4667	0.102085	0.1167
18.0	68.4667	0.117994	0.1378
22.5	68.4667	0.153554	0.1156
27.0	68.4667	0.099574	0.1274
31.5	68.4667	0.108617	0.12
36.0	68.4667	0.112906	0.1175
40.5	68.4667	0.0994257	0.1194
45.0	68.4667	0.105258	0.1205
49.5	68.4667	0.111078	0.1156
54.0	68.4667	0.0936363	0.1266
58.5	68.4667	0.106452	0.1272
63.0	68.4667	0.0834831	0.1391
67.5	68.4667	0.0914653	0.1321
72.0	68.4667	0.0821979	0.1342
76.5	68.4667	0.0788073	0.142
81.0	68.4667	0.0886548	0.1325
85.5	68.4667	0.0862652	0.1568
90.0	68.4667	0.0591717	0.1518
94.5	68.4667	0.0927778	0.1397
99.0	68.4667	0.0695728	0.151
103.5	68.4667	0.0540511	0.16
108.0	68.4667	0.0658155	0.171
112.5	68.4667	0.0406115	0.1788
117.0	68.4667	0.0547958	0.1574
121.5	68.4667	0.0530401	0.1595
126.0	68.4667	0.0400569	0.1668
130.5	68.4667	0.0373478	0.197
135.0	68.4667	0.0483649	0.1715
139.5	68.4667	0.0430648	0.1989
144.0	68.4667	0.0422333	0.1852
148.5	68.4667	0.0290968	0.234
153.0	68.4667	0.030107	0.2207
157.5	68.4667	0.0179333	0.2891
162.0	68.4667	0.023719	0.2578
166.5	68.4667	0.0242313	0.2631
171.0	68.4667	0.0261281	0.2145
175.5	68.4667	0.0294608	0.2292
180.0	68.4667	0.0231788	0.222
184.5	68.4667	0.0171003	0.2858
189.0	68.4667	0.0211178	0.3287
193.5	68.4667	0.0259104	0.2897
198.0	68.4667	0.0167711	0.322
202.5	68.4667	0.0130545	0.2972
207.0	68.4667	0.015294	0.2998
211.5	68.4667	0.014093	0.307
216.0	68.4667	0.00744533	0.3613
220.5	68.4667	0.00750324	0.6262
225.0	68.4667	0.0113496	0.3966
229.5	68.4667	0.00529696	0.4346
234.0	68.4667	0.00444695	0.5301
238.5	68.4667	0.00834379	0.4729
243.0	68.4667	0.00461365	0.7736
247.5	68.4667	0.00366188	0.5693
252.0	68.4667	0.00523462	0.4832
256.5	68.4667	0.0109357	0.4916
261.0	68.4667	0.00502936	0.4791
265.5	68.4667	0.00470515	0.5212
270.0	68.4667	0.00711643	0.6174
274.5	68.4667	0.00675705	0.4826
279.0	68.4667	0.00789072	0.8018
283.5	68.4667	0.00599439	0.439
288.0	68.4667	0.00639532	0.4135
292.5	68.4667	0.00350191	0.6826
297.0	68.4667	0.00133097	0.4505
301.5	68.4667	0.00421477	0.4706
306.0	68.4667	0.00453971	0.511
310.5	68.4667	0.00353417	0.7014
315.0	68.4667	0.00243869	0.4915
319.5	68.4667	0.00464023	0.6411
324.0	68.4667	0.00284381	0.8659
328.5	68.4667	0.00348212	0.6686
333.0	68.4667	0.000684224	0.2323
337.5	68.4667	0.00138158	0.6991
342.0	68.4667	0.000433821	0.2962
346.5	68.4667	0.000342573	0.3307
351.0	68.4667	0.000308828	0.3946
355.5	68.4667	0.00215429	0.8015
360.0	68.4667	0.00150838	0.7018
364.5	68.4667	0.000233773	0.399
369.0	68.4667	0.000226198	0.4025
373.5	68.4667	0.000122504	0.4685
378.0	68.4667	0.000212625	0.4591
382.5	68.4667	0.000229547	0.387
387.0	68.4667	0.000191244	0.4356
391.5	68.4667	0.000105108	0.6677
396.0	68.4667	2.51083e-05	0.7073
400.5	68.4667	0.000895564	1.0
405.0	68.4667	0.0	0.0
409.5	68.4667	8.56044e-06	1.0
414.0	68.4667	6.88044e-05	0.7955
418.5	68.4667	5.80626e-05	0.6331
423.0	68.4667	0.00142757	0.9409
427.5	68.4667	0.000189768	0.5339
432.0	68.4667	0.00198026	0.7344
436.5	68.4667	8.16529e-05	0.5405
441.0	68.4667	5.86227e-05	0.522
445.5	68.4667	3.6283e-05	0.7417
-450.0	71.0333	2.23063e-06	1.0
-445.5	71.0333	5.6165e-05	0.683
-441.0	71.0333	3.3846e-05	0.9443
-436.5	71.0333	7.88837e-05	0.5818
-432.0	71.0333	0.000218784	0.4326
-427.5	71.0333	0.000115649	0.6434
-423.0	71.0333	0.000153535	0.5532
-418.5	71.0333	0.000421963	0.5982
-414.0	71.0333	0.000553177	0.7003
-409.5	71.0333	0.000797105	0.9393
-405.0	71.0333	5.07692e-05	0.7634
-400.5	71.0333	0.000222893	0.4694
-396.0	71.0333	0.00011482	0.5046
-391.5	71.0333	0.000788897	0.8881
-387.0	71.0333	4.27817e-05	0.7073
-382.5	71.0333	2.50162e-05	0.7446
-378.0	71.0333	7.31827e-05	0.5806
-373.5	71.0333	0.00111853	0.9357
-369.0	71.0333	0.000341124	0.5717
-364.5	71.0333	0.00434442	0.6794
-360.0	71.0333	0.00029555	0.3177
-355.5	71.0333	0.000297648	0.2982
-351.0	71.0333	0.000944982	0.7841
-346.5	71.0333	0.000963425	0.8283
-342.0	71.0333	0.000991551	0.8061
-337.5	71.0333	0.000823536	0.6929
-333.0	71.0333	0.000278403	0.3252
-328.5	71.0333	0.000375878	0.307
-324.0	71.0333	0.00034155	0.3096
-319.5	71.0333	0.00170358	0.7085
-315.0	71.0333	0.00417679	0.6508
-310.5	71.0333	0.00291202	0.7861
-306.0	71.0333	0.00540491	0.5576
-301.5	71.0333	0.00149811	0.7909
-297.0	71.0333	0.000837278	0.2854
-292.5	71.0333	0.000644129	0.2714
-288.0	71.0333	0.000535955	0.2552
-283.5	71.0333	0.000498148	0.2413
-279.0	71.0333	0.000444727	0.2803
-274.5	71.0333	0.0011666	0.643
-270.0	71.0333	0.00159602	0.6082
-265.5	71.0333	0.00190934	0.3984
-261.0	71.0333	0.000548214	0.2698
-256.5	71.0333	0.00328197	0.5041
-252.0	71.0333	0.00926716	0.4783
-247.5	71.0333	0.00194355	0.6244
-243.0	71.0333	0.00540004	0.5693
-238.5	71.0333	0.00829259	0.4705
-234.0	71.0333	0.00655863	0.4569
-229.5	71.0333	0.00414477	0.4856
-225.0	71.0333	0.00470327	0.5717
-220.5	71.0333	0.00522139	0.4374
-216.0	71.0333	0.00749088	0.6592
-211.5	71.0333	0.0064826	0.4241
-207.0	71.0333	0.00732927	0.5046
-202.5	71.0333	0.0131582	0.3308
-198.0	71.0333	0.00799018	0.3291
-193.5	71.0333	0.0049934	0.4046
-189.0	71.0333	0.0132501	0.3916
-184.5	71.0333	0.0156124	0.3293
-180.0	71.0333	0.0108789	0.2731
-175.5	71.0333	0.0150553	0.2725
-171.0	71.0333	0.0148797	0.2881
-166.5	71.0333	0.0121726	0.3006
-162.0	71.0333	0.0189926	0.2719
-157.5	71.0333	0.0230111	0.2548
-153.0	71.0333	0.0338959	0.2322
-148.5	71.0333	0.0247599	0.2283
-144.0	71.0333	0.0289613	0.248
-139.5	71.0333	0.0193331	0.256
-135.0	71.0333	0.0167444	0.2646
-130.5	71.0333	0.0327012	0.3202
-126.0	71.0333	0.0448303	0.1837
-121.5	71.0333	0.0466926	0.2041
-117.0	71.0333	0.0449885	0.2338
-112.5	71.0333	0.0455864	0.18
-108.0	71.0333	0.0392702	0.1877
-103.5	71.0333	0.050307	0.1869
-99.0	71.0333	0.0560637	0.1663
-94.5	71.0333	0.0512693	0.1705
-90.0	71.0333	0.0730664	0.1469
-85.5	71.0333	0.0563363	0.1656
-81.0	71.0333	0.0564569	0.1742
-76.5	71.0333	0.0802074	0.1423
-72.0	71.0333	0.0855315	0.1389
-67.5	71.0333	0.0710024	0.142
-63.0	71.0333	0.0932541	0.1306
-58.5	71.0333	0.0901173	0.1345
-54.0	71.0333	0.0935643	0.13
-49.5	71.0333	0.0920761	0.1411
-45.0	71.0333	0.121756	0.1181
-40.5	71.0333	0.0976976	0.1359
-36.0	71.0333	0.0818595	0.1411
-31.5	71.0333	0.101369	0.1247
-27.0	71.0333	0.086281	0.1327
-22.5	71.0333	0.110418	0.1236
-18.0	71.0333	0.109404	0.1282
-13.5	71.0333	0.0959313	0.1255
-9.0	71.0333	0.114924	0.1189
-4.5	71.0333	0.105325	0.1309
0.0	71.0333	0.11028	0.1196
4.5	71.0333	0.0996548	0.1278
9.0	71.0333	0.127597	0.1085
13.5	71.0333	0.12954	0.1651
18.0	71.0333	0.127894	0.1096
22.5	71.0333	0.11603	0.128
27.0	71.0333	0.0993452	0.1136
31.5	71.0333	0.112794	0.1192
36.0	71.0333	0.0975108	0.1286
40.5	71.0333	0.114596	0.1238
45.0	71.0333	0.0982955	0.122
49.5	71.0333	0.0992866	0.1292
54.0	71.0333	0.107962	0.1256
58.5	71.0333	0.102872	0.1245
63.0	71.0333	0.0951788	0.1274
67.5	71.0333	0.0930567	0.1298
72.0	71.0333	0.0789974	0.1527
76.5	71.0333	0.073313	0.1395
81.0	71.0333	0.0768081	0.1416
85.5	71.0333	0.0766107	0.142
90.0	71.0333	0.0613801	0.1541
94.5	71.0333	0.0653717	0.1648
99.0	71.0333	0.0696586	0.1632
103.5	71.0333	0.0653595	0.1604
108.0	71.0333	0.069407	0.1523
112.5	71.0333	0.0404994	0.1828
117.0	71.0333	0.0530098	0.1668
121.5	71.0333	0.0594064	0.1707
126.0	71.0333	0.0531447	0.1667
130.5	71.0333	0.0403321	0.2007
135.0	71.0333	0.0284281	0.2267
139.5	71.0333	0.0528951	0.1915
144.0	71.0333	0.029716	0.2282
148.5	71.0333	0.032069	0.2351
153.0	71.0333	0.0343704	0.2033
157.5	71.0333	0.0207248	0.2317
162.0	71.0333	0.0273833	0.2356
166.5	71.0333	0.0220094	0.2792
171.0	71.0333	0.0214047	0.2655
175.5	71.0333	0.0249178	0.2453
180.0	71.0333	0.00970683	0.2885
184.5	71.0333	0.0189658	0.2645
189.0	71.0333	0.0202151	0.3559
193.5	71.0333	0.0110544	0.2917
198.0	71.0333	0.0194237	0.2872
202.5	71.0333	0.0158973	0.3084
207.0	71.0333	0.0127172	0.3375
211.5	71.0333	0.011768	0.3374
216.0	71.0333	0.00785707	0.4397
220.5	71.0333	0.0182844	0.4072
225.0	71.0333	0.00869395	0.4477
229.5	71.0333	0.0119266	0.3747
234.0	71.0333	0.00383529	0.4728
238.5	71.0333	0.00487314	0.4853
243.0	71.0333	0.00342166	0.3899
247.5	71.0333	0.00457519	0.4403
252.0	71.0333	0.0074693	0.5139
256.5	71.0333	0.00697377	0.43
261.0	71.0333	0.00248068	0.4586
265.5	71.0333	0.00291927	0.5869
270.0	71.0333	0.00452671	0.5213
274.5	71.0333	0.00678585	0.4766
279.0	71.0333	0.00561612	0.3718
283.5	71.0333	0.00501535	0.5303
288.0	71.0333	0.00536463	0.5623
292.5	71.0333	0.00780131	0.4822
297.0	71.0333	0.00403829	0.6568
301.5	71.0333	0.00396214	0.8442
306.0	71.0333	0.00044388	0.2817
310.5	71.0333	0.00170634	0.4896
315.0	71.0333	0.00502268	0.6681
319.5	71.0333	0.00461738	0.8986
324.0	71.0333	0.000759464	0.2832
328.5	71.0333	0.000634373	0.2282
333.0	71.0333	0.000309448	0.2904
337.5	71.0333	0.000285441	0.2658
342.0	71.0333	0.00100382	0.8214
346.5	71.0333	0.000365008	0.4658
351.0	71.0333	0.000148413	0.3544
355.5	71.0333	0.00193342	0.6534
360.0	71.0333	0.0012143	0.706
364.5	71.0333	0.000296826	0.4915
369.0	71.0333	0.00230076	0.8415
373.5	71.0333	0.000249671	0.4629
378.0	71.0333	0.000282721	0.4311
382.5	71.0333	0.00296062	0.9395
387.0	71.0333	0.000717607	0.7274
391.5	71.0333	0.00012439	0.634
396.0	71.0333	0.000157061	0.5838
400.5	71.0333	0.000163107	0.6072
405.0	71.0333	0.000960937	0.9509
409.5	71.0333	0.000904812	0.9811
414.0	71.0333	1.55264e-05	1.0
418.5	71.0333	0.00159056	0.9216
423.0	71.0333	0.00147291	0.9901
427.5	71.0333	0.000516706	0.9131
432.0	71.0333	0.000522476	0.8902
436.5	71.0333	0.000113961	0.5824
441.0	71.0333	7.03203e-05	0.6326
445.5	71.0333	0.000109501	0.4895
-450.0	73.6	3.44438e-06	1.0
-445.5	73.6	0.000112964	0.635
-441.0	73.6	0.000212456	0.4712
-436.5	73.6	7.92476e-05	0.5423
-432.0	73.6	0.00184005	0.9548
-427.5	73.6	8.96598e-05	0.5656
-423.0	73.6	0.000136813	0.5154
-418.5	73.6	9.35527e-05	0.567
-414.0	73.6	0.0	0.0
-409.5	73.6	0.000104139	0.7191
-405.0	73.6	8.48472e-05	0.7686
-400.5	73.6	6.39296e-05	1.0
-396.0	73.6	0.00104745	0.9502
-391.5	73.6	0.000557162	0.895
-387.0	73.6	7.03559e-05	0.5251
-382.5	73.6	0.000899012	0.8809
-378.0	73.6	0.000897292	0.5697
-373.5	73.6	9.76688e-05	0.6796
-369.0	73.6	7.62612e-05	0.5486
-364.5	73.6	0.000544301	0.7642
-360.0	73.6	0.00246017	0.889
-355.5	73.6	0.000213	0.3922
-351.0	73.6	0.000177286	0.5161
-346.5	73.6	0.00134227	0.7025
-342.0	73.6	0.000182791	0.4881
-337.5	73.6	0.000350604	0.3232
-333.0	73.6	0.000406603	0.3091
-328.5	73.6	0.000777346	0.4232
-324.0	73.6	0.000336585	0.3186
-319.5	73.6	0.00169452	0.5598
-315.0	73.6	0.00316693	0.8906
-310.5	73.6	0.00505054	0.7023
-306.0	73.6	0.004797	0.5875
-301.5	73.6	0.00295074	0.7817
-297.0	73.6	0.000410569	0.2502
-292.5	73.6	0.00165878	0.6333
-288.0	73.6	0.000330446	0.2999
-283.5	73.6	0.00281474	0.6582
-279.0	73.6	0.00183736	0.5375
-274.5	73.6	0.00304245	0.7925
-270.0	73.6	0.00318165	0.7789
-265.5	73.6	0.00246111	0.7368
-261.0	73.6	0.000431157	0.259
-256.5	73.6	0.00149385	0.5138
-252.0	73.6	0.00663344	0.5327
-247.5	73.6	0.00348382	0.4593
-243.0	73.6	0.00389704	0.4793
-238.5	73.6	0.00494417	0.477
-234.0	73.6	0.00787652	0.5255
-229.5	73.6	0.00859242	0.4492
-225.0	73.6	0.00674499	0.3782
-220.5	73.6	0.0124856	0.4911
-216.0	73.6	0.0130365	0.3868
-211.5	73.6	0.014375	0.3946
-207.0	73.6	0.00857373	0.3946
-202.5	73.6	0.00762291	0.3408
-198.0	73.6	0.00539603	0.4
-193.5	73.6	0.0158302	0.3558
-189.0	73.6	0.0168819	0.3403
-184.5	73.6	0.0156828	0.3713
-180.0	73.6	0.0152341	0.3172
-175.5	73.6	0.0149321	0.3274
-171.0	73.6	0.0133746	0.3685
-166.5	73.6	0.0184813	0.3436
-162.0	73.6	0.0177882	0.2874
-157.5	73.6	0.0217962	0.2697
-153.0	73.6	0.0333872	0.2756
-148.5	73.6	0.0212092	0.2775
-144.0	73.6	0.0253202	0.2368
-139.5	73.6	0.0235015	0.272
-135.0	73.6	0.0166414	0.2325
-130.5	73.6	0.0248994	0.2355
-126.0	73.6	0.0269405	0.2126
-121.5	73.6	0.0227664	0.2263
-117.0	73.6	0.0495113	0.1918
-112.5	73.6	0.0399501	0.1835
-108.0	73.6	0.0435245	0.1745
-103.5	73.6	0.0287314	0.1978
-99.0	73.6	0.0544965	0.1783
-94.5	73.6	0.0497216	0.2375
-90.0	73.6	0.0662026	0.159
-85.5	73.6	0.0623013	0.1507
-81.0	73.6	0.0719232	0.1662
-76.5	73.6	0.0747334	0.1392
-72.0	73.6	0.0703852	0.139
-67.5	73.6	0.0673379	0.1509
-63.0	73.6	0.0726956	0.1531
-58.5	73.6	0.0983921	0.1336
-54.0	73.6	0.104663	0.1247
-49.5	73.6	0.103453	0.1217
-45.0	73.6	0.0838518	0.1346
-40.5	73.6	0.112784	0.1295
-36.0	73.6	0.0713356	0.1481
-31.5	73.6	0.11267	0.1229
-27.0	73.6	0.120433	0.1432
-22.5	73.6	0.133952	0.1083
-18.0	73.6	0.125276	0.1158
-13.5	73.6	0.116183	0.119
-9.0	73.6	0.116611	0.1358
-4.5	73.6	0.134061	0.1174
0.0	73.6	0.13308	0.1179
4.5	73.6	0.132395	0.1288
9.0	73.6	0.132984	0.1064
13.5	73.6	0.144388	0.1079
18.0	73.6	0.125412	0.1136
22.5	73.6	0.110723	0.1233
27.0	73.6	0.128529	0.115
31.5	73.6	0.116296	0.1201
36.0	73.6	0.0966606	0.1186
40.5	73.6	0.104752	0.1155
45.0	73.6	0.117351	0.1334
49.5	73.6	0.118751	0.1235
54.0	73.6	0.0730899	0.1421
58.5	73.6	0.0884484	0.1265
63.0	73.6	0.0918862	0.1305
67.5	73.6	0.0933392	0.1305
72.0	73.6	0.0846261	0.1457
76.5	73.6	0.0701132	0.1389
81.0	73.6	0.0570992	0.1534
85.5	73.6	0.0836799	0.1358
90.0	73.6	0.0591323	0.1599
94.5	73.6	0.0764367	0.1493
99.0	73.6	0.0753766	0.1509
103.5	73.6	0.0659176	0.1537
108.0	73.6	0.0532358	0.1635
112.5	73.6	0.0452982	0.179
117.0	73.6	0.0589529	0.1589
121.5	73.6	0.0589176	0.188
126.0	73.6	0.0388509	0.2003
130.5	73.6	0.0455799	0.1883
135.0	73.6	0.0425287	0.1962
139.5	73.6	0.0480773	0.2233
144.0	73.6	0.0584793	0.1975
148.5	73.6	0.0367354	0.2105
153.0	73.6	0.0220142	0.2371
157.5	73.6	0.0325038	0.2265
162.0	73.6	0.0187239	0.3214
166.5	73.6	0.0205632	0.2592
171.0	73.6	0.0208289	0.2619
175.5	73.6	0.0207524	0.316
180.0	73.6	0.0171341	0.3368
184.5	73.6	0.0191046	0.3006
189.0	73.6	0.0118647	0.3002
193.5	73.6	0.0211854	0.3087
198.0	73.6	0.0187556	0.2573
202.5	73.6	0.0167856	0.2667
207.0	73.6	0.0212886	0.2917
211.5	73.6	0.0152838	0.3272
216.0	73.6	0.00659606	0.4556
220.5	73.6	0.00874282	0.3701
225.0	73.6	0.00900175	0.3771
229.5	73.6	0.0129599	0.3282
234.0	73.6	0.00641713	0.3509
238.5	73.6	0.00317865	0.4149
243.0	73.6	0.00224076	0.4317
247.5	73.6	0.0063297	0.3801
252.0	73.6	0.00448607	0.7433
256.5	73.6	0.00375406	0.5468
261.0	73.6	0.00278477	0.4462
265.5	73.6	0.0061355	0.4366
270.0	73.6	0.00511772	0.4793
274.5	73.6	0.00733222	0.5456
279.0	73.6	0.0085619	0.4111
283.5	73.6	0.00413996	0.591
288.0	73.6	0.00245912	0.7949
292.5	73.6	0.00211041	0.6708
297.0	73.6	0.00514351	0.8946
301.5	73.6	0.00980757	0.4983
306.0	73.6	0.0028591	0.7707
310.5	73.6	0.00445184	0.3797
315.0	73.6	0.00439536	0.4539
319.5	73.6	0.000548007	0.3706
324.0	73.6	0.00725255	0.6332
328.5	73.6	0.00402275	0.8766
333.0	73.6	0.0032139	0.6186
337.5	73.6	0.00436138	0.6289
342.0	73.6	0.0022462	0.5896
346.5	73.6	0.00907604	0.4801
351.0	73.6	0.000339189	0.3394
355.5	73.6	0.00236891	0.8354
360.0	73.6	0.000378793	0.42
364.5	73.6	0.000254473	0.3743
369.0	73.6	0.00261912	0.7609
373.5	73.6	0.000695703	0.8038
378.0	73.6	0.00111138	0.7951
382.5	73.6	0.00185962	0.9319
387.0	73.6	0.000166734	0.4817
391.5	73.6	9.60355e-05	0.5481
396.0	73.6	1.41752e-05	1.0
400.5	73.6	0.000109331	0.7032
405.0	73.6	0.00165956	0.7766
409.5	73.6	0.000910497	0.9602
414.0	73.6	5.34494e-05	0.7337
418.5	73.6	6.84014e-05	0.6636
423.0	73.6	0.000125521	0.4625
427.5	73.6	8.01765e-05	0.5189
432.0	73.6	0.000786803	1.0
436.5	73.6	0.0012233	0.9273
441.0	73.6	9.42849e-05	0.46
445.5	73.6	9.82902e-05	0.5523
-450.0	76.1667	6.20895e-05	0.7357
-445.5	76.1667	7.34209e-05	0.61
-441.0	76.1667	0.00011752	0.5223
-436.5	76.1667	7.83123e-05	0.59
-432.0	76.1667	8.59008e-05	0.5779
-427.5	76.1667	5.32758e-05	0.7126
-423.0	76.1667	4.36329e-05	0.9661
-418.5	76.1667	0.00164334	0.7582
-414.0	76.1667	0.00107585	0.9034
-409.5	76.1667	0.000142897	0.865
-405.0	76.1667	8.39788e-05	0.6109
-400.5	76.1667	0.0	0.0
-396.0	76.1667	0.000595681	0.8296
-391.5	76.1667	0.00174559	0.8982
-387.0	76.1667	0.000154368	0.5387
-382.5	76.1667	0.000983392	0.8775
-378.0	76.1667	0.000655962	0.6926
-373.5	76.1667	0.000127878	0.5055
-369.0	76.1667	0.000158992	0.4918
-364.5	76.1667	0.00100754	0.7316
-360.0	76.1667	0.000234079	0.3361
-355.5	76.1667	6.92748e-05	0.5809
-351.0	76.1667	0.000328091	0.3124
-346.5	76.1667	0.000128428	0.4113
-342.0	76.1667	0.000299547	0.3447
-337.5	76.1667	0.000399717	0.3928
-333.0	76.1667	0.00135873	0.6824
-328.5	76.1667	0.00411218	0.6623
-324.0	76.1667	0.000343838	0.3956
-319.5	76.1667	0.00319433	0.839
-315.0	76.1667	0.0032664	0.7458
-310.5	76.1667	0.00794091	0.6314
-306.0	76.1667	0.00222715	0.5513
-301.5	76.1667	0.000413796	0.3099
-297.0	76.1667	0.00090004	0.5148
-292.5	76.1667	0.00156348	0.628
-288.0	76.1667	0.00259063	0.7695
-283.5	76.1667	0.000592502	0.2471
-279.0	76.1667	0.00190748	0.5627
-274.5	76.1667	0.00274687	0.6429
-270.0	76.1667	0.00197837	0.7581
-265.5	76.1667	0.00137603	0.3913
-261.0	76.1667	0.00123276	0.3333
-256.5	76.1667	0.00222709	0.4851
-252.0	76.1667	0.003932	0.5563
-247.5	76.1667	0.00272272	0.5691
-243.0	76.1667	0.00354122	0.7412
-238.5	76.1667	0.00694024	0.6463
-234.0	76.1667	0.00503069	0.4828
-229.5	76.1667	0.00153095	0.251
-225.0	76.1667	0.0060709	0.4504
-220.5	76.1667	0.00347557	0.5322
-216.0	76.1667	0.00510757	0.5132
-211.5	76.1667	0.00733861	0.3353
-207.0	76.1667	0.0091752	0.4945
-202.5	76.1667	0.00875742	0.4705
-198.0	76.1667	0.0064728	0.2954
-193.5	76.1667	0.0130807	0.3572
-189.0	76.1667	0.0123972	0.3652
-184.5	76.1667	0.00787403	0.4267
-180.0	76.1667	0.0171585	0.2973
-175.5	76.1667	0.0157765	0.3133
-171.0	76.1667	0.0147356	0.3389
-166.5	76.1667	0.018081	0.2869
-162.0	76.1667	0.0230989	0.2752
-157.5	76.1667	0.0202614	0.2759
-153.0	76.1667	0.01381	0.3363
-148.5	76.1667	0.0281382	0.2288
-144.0	76.1667	0.0142318	0.2604
-139.5	76.1667	0.0264798	0.2293
-135.0	76.1667	0.0223064	0.2395
-130.5	76.1667	0.0275165	0.2095
-126.0	76.1667	0.0188391	0.2502
-121.5	76.1667	0.0302556	0.2222
-117.0	76.1667	0.0369965	0.1919
-112.5	76.1667	0.0416603	0.1856
-108.0	76.1667	0.0635683	0.1677
-103.5	76.1667	0.0473436	0.189
-99.0	76.1667	0.0526523	0.1778
-94.5	76.1667	0.0676089	0.1611
-90.0	76.1667	0.0462796	0.1716
-85.5	76.1667	0.0578614	0.154
-81.0	76.1667	0.0667686	0.1489
-76.5	76.1667	0.0513617	0.1653
-72.0	76.1667	0.0759408	0.1348
-67.5	76.1667	0.0665293	0.1569
-63.0	76.1667	0.0652458	0.1478
-58.5	76.1667	0.0787873	0.1403
-54.0	76.1667	0.0946717	0.1351
-49.5	76.1667	0.0913652	0.1537
-45.0	76.1667	0.0900551	0.1371
-40.5	76.1667	0.10082	0.1234
-36.0	76.1667	0.0852883	0.1336
-31.5	76.1667	0.0958373	0.1304
-27.0	76.1667	0.110371	0.1321
-22.5	76.1667	0.130935	0.1169
-18.0	76.1667	0.128905	0.1139
-13.5	76.1667	0.117167	0.1101
-9.0	76.1667	0.117384	0.1181
-4.5	76.1667	0.116322	0.1198
0.0	76.1667	0.0932439	0.1215
4.5	76.1667	0.113902	0.133
9.0	76.1667	0.138909	0.1143
13.5	76.1667	0.121425	0.1252
18.0	76.1667	0.110881	0.1189
22.5	76.1667	0.121327	0.1173
27.0	76.1667	0.117651	0.1173
31.5	76.1667	0.11652	0.1343
36.0	76.1667	0.132395	0.1183
40.5	76.1667	0.0939698	0.1399
45.0	76.1667	0.090741	0.1363
49.5	76.1667	0.0804004	0.1361
54.0	76.1667	0.106768	0.1373
58.5	76.1667	0.100984	0.1226
63.0	76.1667	0.0853793	0.1446
67.5	76.1667	0.0732406	0.1379
72.0	76.1667	0.0806537	0.1514
76.5	76.1667	0.0828718	0.1766
81.0	76.1667	0.0567794	0.1646
85.5	76.1667	0.0624587	0.1732
90.0	76.1667	0.0720443	0.1503
94.5	76.1667	0.068058	0.1416
99.0	76.1667	0.0646179	0.1591
103.5	76.1667	0.0610505	0.1668
108.0	76.1667	0.0414987	0.1753
112.5	76.1667	0.0473512	0.1841
117.0	76.1667	0.0508548	0.1711
121.5	76.1667	0.0415452	0.2016
126.0	76.1667	0.03954	0.1989
130.5	76.1667	0.030591	0.2009
135.0	76.1667	0.0416625	0.2032
139.5	76.1667	0.0396132	0.206
144.0	76.1667	0.0280906	0.2319
148.5	76.1667	0.029259	0.2095
153.0	76.1667	0.0263928	0.2641
157.5	76.1667	0.0274586	0.2207
162.0	76.1667	0.0352758	0.2221
166.5	76.1667	0.0200628	0.2793
171.0	76.1667	0.0162921	0.2808
175.5	76.1667	0.00846992	0.2267
180.0	76.1667	0.0136721	0.3024
184.5	76.1667	0.0182194	0.3073
189.0	76.1667	0.0134546	0.304
193.5	76.1667	0.0115899	0.344
198.0	76.1667	0.017061	0.3007
202.5	76.1667	0.00696599	0.3023
207.0	76.1667	0.0170576	0.3
211.5	76.1667	0.0115088	0.301
216.0	76.1667	0.00625539	0.393
220.5	76.1667	0.0107731	0.4143
225.0	76.1667	0.0074599	0.5459
229.5	76.1667	0.00968827	0.4269
234.0	76.1667	0.0113371	0.3045
238.5	76.1667	0.0049359	0.3874
243.0	76.1667	0.00660138	0.3412
247.5	76.1667	0.00856902	0.3599
252.0	76.1667	0.00422152	0.4381
256.5	76.1667	0.00386032	0.4446
261.0	76.1667	0.00549618	0.5116
265.5	76.1667	0.00250314	0.487
270.0	76.1667	0.000650633	0.2456
274.5	76.1667	0.00159009	0.6057
279.0	76.1667	0.00303457	0.4515
283.5	76.1667	0.00145743	0.4968
288.0	76.1667	0.00135238	0.4711
292.5	76.1667	0.000773721	0.2924
297.0	76.1667	0.00064593	0.2203
301.5	76.1667	0.00135871	0.6115
306.0	76.1667	0.000566053	0.273
310.5	76.1667	0.00534177	0.4834
315.0	76.1667	0.00519492	0.4896
319.5	76.1667	0.00316709	0.6581
324.0	76.1667	0.001872	0.519
328.5	76.1667	0.00215846	0.4723
333.0	76.1667	0.00442275	0.938
337.5	76.1667	0.0031055	0.8083
342.0	76.1667	0.00147294	0.6031
346.5	76.1667	0.000983741	0.5553
351.0	76.1667	0.00112742	0.6257
355.5	76.1667	0.000684464	0.7622
360.0	76.1667	0.00889983	0.4798
364.5	76.1667	0.000853405	0.742
369.0	76.1667	0.00018912	0.4504
373.5	76.1667	0.00022267	0.5243
378.0	76.1667	0.0002082	0.4637
382.5	76.1667	0.00015796	0.6172
387.0	76.1667	0.000133947	0.681
391.5	76.1667	0.00019927	0.5084
396.0	76.1667	8.76196e-05	0.7697
400.5	76.1667	5.96608e-05	0.6108
405.0	76.1667	0.00168572	0.9748
409.5	76.1667	6.20188e-05	0.7814
414.0	76.1667	0.000169468	0.5639
418.5	76.1667	0.00211994	0.9709
423.0	76.1667	5.28147e-05	0.5833
427.5	76.1667	0.00150383	0.9476
432.0	76.1667	0.000231591	0.6531
436.5	76.1667	0.000272133	0.8746
441.0	76.1667	6.41381e-05	0.6343
445.5	76.1667	0.000146338	0.5053
-450.0	78.7333	9.44493e-05	0.7072
-445.5	78.7333	0.000109488	0.5913
-441.0	78.7333	0.00012621	0.5019
-436.5	78.7333	5.94812e-05	0.5892
-432.0	78.7333	1.69558e-05	0.7513
-427.5	78.7333	7.85855e-05	0.5326
-423.0	78.7333	9.20479e-05	0.584
-418.5	78.7333	0.00150721	0.921
-414.0	78.7333	0.000528235	0.6591
-409.5	78.7333	0.00208685	0.7095
-405.0	78.7333	0.00120353	0.6898
-400.5	78.7333	0.00222366	0.9777
-396.0	78.7333	0.00184202	0.9438
-391.5	78.7333	0.000120281	0.5425
-387.0	78.7333	0.000691968	0.8246
-382.5	78.7333	0.000506199	0.7332
-378.0	78.7333	0.000154312	0.4279
-373.5	78.7333	0.000118041	0.4815
-369.0	78.7333	0.000190017	0.442
-364.5	78.7333	0.000183717	0.3898
-360.0	78.7333	0.000148177	0.4922
-355.5	78.7333	0.000136403	0.549
-351.0	78.7333	0.000182062	0.4316
-346.5	78.7333	0.000146306	0.4446
-342.0	78.7333	0.000383187	0.3003
-337.5	78.7333	0.0034413	0.9175
-333.0	78.7333	0.000264897	0.3691
-328.5	78.7333	0.000251209	0.3433
-324.0	78.7333	0.0002978	0.3314
-319.5	78.7333	0.00482027	0.7075
-315.0	78.7333	0.00468492	0.7728
-310.5	78.7333	0.000368152	0.4508
-306.0	78.7333	0.00225262	0.7669
-301.5	78.7333	0.00047721	0.2275
-297.0	78.7333	0.000457606	0.2537
-292.5	78.7333	0.0019114	0.7729
-288.0	78.7333	0.00286011	0.589
-283.5	78.7333	0.000562112	0.2481
-279.0	78.7333	0.00277675	0.843
-274.5	78.7333	0.00132287	0.6551
-270.0	78.7333	0.00124703	0.4879
-265.5	78.7333	0.00817792	0.5383
-261.0	78.7333	0.0027907	0.5597
-256.5	78.7333	0.00263539	0.7708
-252.0	78.7333	0.00137056	0.5006
-247.5	78.7333	0.000685058	0.2102
-243.0	78.7333	0.00234244	0.4141
-238.5	78.7333	0.00308175	0.5133
-234.0	78.7333	0.00316091	0.403
-229.5	78.7333	0.0025156	0.6575
-225.0	78.7333	0.00138547	0.4159
-220.5	78.7333	0.00141616	0.5166
-216.0	78.7333	0.00398221	0.4275
-211.5	78.7333	0.0166698	0.3626
-207.0	78.7333	0.00745492	0.4252
-202.5	78.7333	0.0100632	0.3531
-198.0	78.7333	0.00910626	0.3357
-193.5	78.7333	0.011111	0.4233
-189.0	78.7333	0.00601073	0.4436
-184.5	78.7333	0.0140114	0.3772
-180.0	78.7333	0.0184376	0.3263
-175.5	78.7333	0.0117983	0.2998
-171.0	78.7333	0.0192287	0.2875
-166.5	78.7333	0.0204287	0.2513
-162.0	78.7333	0.0159759	0.2995
-157.5	78.7333	0.020899	0.2955
-153.0	78.7333	0.0301728	0.2589
-148.5	78.7333	0.0295947	0.2323
-144.0	78.7333	0.0239252	0.2314
-139.5	78.7333	0.0310543	0.2467
-135.0	78.7333	0.0257813	0.2436
-130.5	78.7333	0.029649	0.2374
-126.0	78.7333	0.0413535	0.2
-121.5	78.7333	0.0374869	0.1946
-117.0	78.7333	0.0362228	0.2026
-112.5	78.7333	0.0378813	0.1997
-108.0	78.7333	0.0346935	0.201
-103.5	78.7333	0.0414362	0.179
-99.0	78.7333	0.0465047	0.1774
-94.5	78.7333	0.0851402	0.1483
-90.0	78.7333	0.0573226	0.1651
-85.5	78.7333	0.0568926	0.1596
-81.0	78.7333	0.0591075	0.1618
-76.5	78.7333	0.0670474	0.1639
-72.0	78.7333	0.0653621	0.1535
-67.5	78.7333	0.0830338	0.1383
-63.0	78.7333	0.0947438	0.2185
-58.5	78.7333	0.0832609	0.1442
-54.0	78.7333	0.0745941	0.1392
-49.5	78.7333	0.09536	0.1285
-45.0	78.7333	0.0942408	0.1285
-40.5	78.7333	0.0786151	0.14
-36.0	78.7333	0.113732	0.1276
-31.5	78.7333	0.0884462	0.1252
-27.0	78.7333	0.0806055	0.1376
-22.5	78.7333	0.11657	0.1224
-18.0	78.7333	0.11009	0.1243
-13.5	78.7333	0.122361	0.1193
-9.0	78.7333	0.116581	0.1231
-4.5	78.7333	0.111528	0.1343
0.0	78.7333	0.127245	0.1148
4.5	78.7333	0.107942	0.1214
9.0	78.7333	0.103375	0.1205
13.5	78.7333	0.107222	0.1185
18.0	78.7333	0.100679	0.1384
22.5	78.7333	0.11267	0.119
27.0	78.7333	0.112256	0.1205
31.5	78.7333	0.109805	0.1251
36.0	78.7333	0.10184	0.1268
40.5	78.7333	0.0922729	0.1339
45.0	78.7333	0.112765	0.133
49.5	78.7333	0.0951958	0.13
54.0	78.7333	0.0863043	0.127
58.5	78.7333	0.0791243	0.1395
63.0	78.7333	0.0720954	0.1517
67.5	78.7333	0.0784595	0.1446
72.0	78.7333	0.0825895	0.1451
76.5	78.7333	0.085915	0.1415
81.0	78.7333	0.0742868	0.1433
85.5	78.7333	0.0668621	0.1546
90.0	78.7333	0.0753418	0.1403
94.5	78.7333	0.0536402	0.1594
99.0	78.7333	0.0631892	0.1622
103.5	78.7333	0.0581526	0.1712
108.0	78.7333	0.045463	0.1774
112.5	78.7333	0.0373967	0.2019
117.0	78.7333	0.04552	0.1994
121.5	78.7333	0.0526337	0.1844
126.0	78.7333	0.0283974	0.2046
130.5	78.7333	0.0323444	0.2095
135.0	78.7333	0.041614	0.1894
139.5	78.7333	0.0388001	0.2014
144.0	78.7333	0.0332422	0.2121
148.5	78.7333	0.0262543	0.2363
153.0	78.7333	0.0307558	0.2076
157.5	78.7333	0.0283281	0.2354
162.0	78.7333	0.0325443	0.2425
166.5	78.7333	0.0227998	0.2422
171.0	78.7333	0.0210319	0.2729
175.5	78.7333	0.0145027	0.3305
180.0	78.7333	0.0197581	0.331
184.5	78.7333	0.0174779	0.3251
189.0	78.7333	0.01331	0.3658
193.5	78.7333	0.0137016	0.3202
198.0	78.7333	0.0199525	0.2739
202.5	78.7333	0.00657365	0.2873
207.0	78.7333	0.011711	0.3437
211.5	78.7333	0.0085187	0.3444
216.0	78.7333	0.012863	0.2893
220.5	78.7333	0.010757	0.4536
225.0	78.7333	0.0124749	0.5269
229.5	78.7333	0.00615686	0.3333
234.0	78.7333	0.012479	0.2841
238.5	78.7333	0.00884615	0.3876
243.0	78.7333	0.00520713	0.5896
247.5	78.7333	0.00756876	0.4542
252.0	78.7333	0.0101604	0.4298
256.5	78.7333	0.00499371	0.3843
261.0	78.7333	0.00624254	0.3742
265.5	78.7333	0.00315909	0.5204
270.0	78.7333	0.00306027	0.4871
274.5	78.7333	0.00341844	0.6243
279.0	78.7333	0.00294409	0.4688
283.5	78.7333	0.00485293	0.514
288.0	78.7333	0.00206157	0.4479
292.5	78.7333	0.00578391	0.5197
297.0	78.7333	0.00336109	0.4485
301.5	78.7333	0.00175249	0.6526
306.0	78.7333	0.00172044	0.4658
310.5	78.7333	0.00469383	0.5372
315.0	78.7333	0.00192939	0.5029
319.5	78.7333	0.000541748	0.3765
324.0	78.7333	0.00182323	0.6588
328.5	78.7333	0.00657663	0.4295
333.0	78.7333	0.00307195	0.5402
337.5	78.7333	0.00310118	0.5411
342.0	78.7333	0.00200833	0.6639
346.5	78.7333	0.00229429	0.8625
351.0	78.7333	0.00279517	0.8556
355.5	78.7333	0.00589605	0.6727
360.0	78.7333	0.00231864	0.9142
364.5	78.7333	0.00143336	0.8698
369.0	78.7333	0.000101909	0.4625
373.5	78.7333	0.00312448	0.958
378.0	78.7333	0.000138379	0.3881
382.5	78.7333	9.27648e-05	0.5835
387.0	78.7333	5.14985e-06	1.0
391.5	78.7333	7.45838e-05	0.6659
396.0	78.7333	4.36444e-05	0.7083
400.5	78.7333	0.000378059	0.6752
405.0	78.7333	0.000171112	0.5495
409.5	78.7333	0.00112305	0.8343
414.0	78.7333	0.00145374	0.8834
418.5	78.7333	0.000270756	0.495
423.0	78.7333	5.31051e-05	0.7987
427.5	78.7333	0.000843956	0.9618
432.0	78.7333	0.00174951	0.9482
436.5	78.7333	0.000606342	0.8311
441.0	78.7333	0.000101752	0.6017
445.5	78.7333	9.11351e-05	0.5848
-450.0	81.3	2.26435e-05	1.0
-445.5	81.3	3.73544e-05	0.7007
-441.0	81.3	6.64474e-05	0.6308
-436.5	81.3	0.00013898	0.4542
-432.0	81.3	0.000345613	0.9329
-427.5	81.3	0.0011662	0.9972
-423.0	81.3	8.80873e-06	1.0
-418.5	81.3	8.61002e-05	0.5796
-414.0	81.3	1.75781e-07	1.0
-409.5	81.3	0.000606415	1.0
-405.0	81.3	0.0028641	0.8052
-400.5	81.3	0.000452366	0.7749
-396.0	81.3	4.13964e-05	0.632
-391.5	81.3	0.00014862	0.5654
-387.0	81.3	0.00102016	0.96
-382.5	81.3	0.000397013	0.8899
-378.0	81.3	9.69179e-05	0.5853
-373.5	81.3	0.000144881	0.4691
-369.0	81.3	6.35696e-05	0.7352
-364.5	81.3	7.28133e-05	0.5558
-360.0	81.3	0.000116707	0.4985
-355.5	81.3	0.000293895	0.3712
-351.0	81.3	0.000361519	0.3323
-346.5	81.3	0.000314427	0.4631
-342.0	81.3	0.00229016	0.6559
-337.5	81.3	0.000140328	0.4625
-333.0	81.3	0.00111217	0.7725
-328.5	81.3	0.00124282	0.7995
-324.0	81.3	0.00290515	0.8202
-319.5	81.3	0.00118736	0.6321
-315.0	81.3	0.0012319	0.3594
-310.5	81.3	0.00295077	0.5562
-306.0	81.3	0.00193238	0.623
-301.5	81.3	0.00153223	0.5811
-297.0	81.3	0.000314738	0.2822
-292.5	81.3	0.000301436	0.3013
-288.0	81.3	0.00288934	0.6055
-283.5	81.3	0.00153868	0.5398
-279.0	81.3	0.000928476	0.3395
-274.5	81.3	0.000495751	0.2596
-270.0	81.3	0.000582452	0.2318
-265.5	81.3	0.00349347	0.6269
-261.0	81.3	0.00183103	0.5774
-256.5	81.3	0.00512196	0.6004
-252.0	81.3	0.00174781	0.4658
-247.5	81.3	0.00163314	0.8255
-243.0	81.3	0.00668441	0.4175
-238.5	81.3	0.000865897	0.2029
-234.0	81.3	0.00421207	0.4567
-229.5	81.3	0.0012648	0.5341
-225.0	81.3	0.00187337	0.5705
-220.5	81.3	0.00227513	0.4204
-216.0	81.3	0.00559999	0.4954
-211.5	81.3	0.0140562	0.371
-207.0	81.3	0.00664285	0.4523
-202.5	81.3	0.0101149	0.4289
-198.0	81.3	0.006504	0.545
-193.5	81.3	0.00762699	0.4143
-189.0	81.3	0.00602449	0.3918
-184.5	81.3	0.0122559	0.2801
-180.0	81.3	0.0155211	0.3824
-175.5	81.3	0.0145835	0.2969
-171.0	81.3	0.0145832	0.3044
-166.5	81.3	0.00947673	0.3082
-162.0	81.3	0.0128367	0.2827
-157.5	81.3	0.0227023	0.2411
-153.0	81.3	0.0329102	0.2558
-148.5	81.3	0.024121	0.2551
-144.0	81.3	0.0216759	0.2469
-139.5	81.3	0.0277679	0.2429
-135.0	81.3	0.0234258	0.2533
-130.5	81.3	0.033055	0.2193
-126.0	81.3	0.0354162	0.2334
-121.5	81.3	0.0329369	0.2551
-117.0	81.3	0.0283793	0.2441
-112.5	81.3	0.0381293	0.2057
-108.0	81.3	0.0471291	0.1771
-103.5	81.3	0.0407264	0.1904
-99.0	81.3	0.0445772	0.1787
-94.5	81.3	0.0702044	0.1805
-90.0	81.3	0.047878	0.1778
-85.5	81.3	0.0510915	0.1692
-81.0	81.3	0.0714405	0.1716
-76.5	81.3	0.0676558	0.1587
-72.0	81.3	0.0640332	0.1478
-67.5	81.3	0.0561555	0.1594
-63.0	81.3	0.0676696	0.1475
-58.5	81.3	0.107936	0.1334
-54.0	81.3	0.0896174	0.1346
-49.5	81.3	0.0815356	0.1345
-45.0	81.3	0.0766766	0.1507
-40.5	81.3	0.0877313	0.13
-36.0	81.3	0.0862369	0.1317
-31.5	81.3	0.110416	0.1196
-27.0	81.3	0.120014	0.1197
-22.5	81.3	0.0758736	0.1313
-18.0	81.3	0.11142	0.1171
-13.5	81.3	0.12806	0.1106
-9.0	81.3	0.117295	0.1168
-4.5	81.3	0.0945926	0.125
0.0	81.3	0.114249	0.13
4.5	81.3	0.103961	0.1209
9.0	81.3	0.105512	0.1196
13.5	81.3	0.120185	0.1201
18.0	81.3	0.0868315	0.1321
22.5	81.3	0.0834195	0.1275
27.0	81.3	0.124161	0.1155
31.5	81.3	0.121578	0.111
36.0	81.3	0.0781178	0.138
40.5	81.3	0.0884694	0.1284
45.0	81.3	0.0836511	0.1347
49.5	81.3	0.107115	0.1286
54.0	81.3	0.0782198	0.1394
58.5	81.3	0.0672262	0.1488
63.0	81.3	0.070985	0.1299
67.5	81.3	0.0639697	0.1464
72.0	81.3	0.0796626	0.1483
76.5	81.3	0.0613981	0.1605
81.0	81.3	0.0622792	0.1532
85.5	81.3	0.0777432	0.149
90.0	81.3	0.0524326	0.1605
94.5	81.3	0.0491809	0.162
99.0	81.3	0.0578896	0.1887
103.5	81.3	0.0591411	0.1642
108.0	81.3	0.038594	0.1814
112.5	81.3	0.0490287	0.1867
117.0	81.3	0.0424404	0.1789
121.5	81.3	0.041269	0.2078
126.0	81.3	0.0362282	0.2281
130.5	81.3	0.0275475	0.2234
135.0	81.3	0.0521976	0.1788
139.5	81.3	0.0509379	0.2105
144.0	81.3	0.0525061	0.2022
148.5	81.3	0.046303	0.1972
153.0	81.3	0.0334904	0.2176
157.5	81.3	0.0261269	0.2366
162.0	81.3	0.0245599	0.2847
166.5	81.3	0.0217515	0.2674
171.0	81.3	0.024572	0.2476
175.5	81.3	0.0152547	0.2872
180.0	81.3	0.0169875	0.2767
184.5	81.3	0.0171614	0.3029
189.0	81.3	0.00979706	0.3874
193.5	81.3	0.00779557	0.3561
198.0	81.3	0.0118154	0.3411
202.5	81.3	0.0155617	0.4169
207.0	81.3	0.00740653	0.4002
211.5	81.3	0.00345345	0.3685
216.0	81.3	0.0066368	0.3373
220.5	81.3	0.015549	0.3106
225.0	81.3	0.00555984	0.5902
229.5	81.3	0.0115515	0.4738
234.0	81.3	0.00420104	0.3946
238.5	81.3	0.0021581	0.3259
243.0	81.3	0.00291833	0.5015
247.5	81.3	0.0050322	0.5722
252.0	81.3	0.00312098	0.5264
256.5	81.3	0.00671599	0.5136
261.0	81.3	0.00324839	0.5907
265.5	81.3	0.00653842	0.4143
270.0	81.3	0.00160303	0.4924
274.5	81.3	0.004155	0.5394
279.0	81.3	0.00119882	0.4689
283.5	81.3	0.000519729	0.2406
288.0	81.3	0.00405508	0.5431
292.5	81.3	0.00362583	0.65
297.0	81.3	0.00136302	0.5764
301.5	81.3	0.00288566	0.5686
306.0	81.3	0.00671665	0.5476
310.5	81.3	0.000486189	0.2232
315.0	81.3	0.00202062	0.5226
319.5	81.3	0.0024734	0.727
324.0	81.3	0.0020194	0.5848
328.5	81.3	0.00142812	0.5565
333.0	81.3	0.00239971	0.822
337.5	81.3	0.000366875	0.3865
342.0	81.3	0.000419176	0.3681
346.5	81.3	0.00290878	0.8511
351.0	81.3	0.00224156	0.784
355.5	81.3	0.000563737	0.4384
360.0	81.3	0.000227953	0.3533
364.5	81.3	0.00135942	0.9163
369.0	81.3	0.00134414	0.9086
373.5	81.3	0.000163517	0.4025
378.0	81.3	0.00203433	0.7929
382.5	81.3	0.00284575	0.712
387.0	81.3	0.00267274	0.9886
391.5	81.3	0.00369393	1.0
396.0	81.3	5.46934e-05	0.584
400.5	81.3	0.000142767	0.7435
405.0	81.3	0.000938867	0.8955
409.5	81.3	0.000606768	0.8595
414.0	81.3	0.00105822	0.7984
418.5	81.3	0.000254974	0.4323
423.0	81.3	0.00129514	0.9336
427.5	81.3	0.000771347	0.7351
432.0	81.3	1.49247e-05	1.0
436.5	81.3	0.000172103	0.5408
441.0	81.3	5.73654e-05	0.7261
445.5	81.3	0.000766968	0.8866
-450.0	83.8667	5.5402e-05	1.0
-445.5	83.8667	0.000111571	0.6106
-441.0	83.8667	8.77126e-05	0.4832
-436.5	83.8667	0.00263418	0.951
-432.0	83.8667	0.00152109	0.9661
-427.5	83.8667	3.53224e-05	0.9667
-423.0	83.8667	5.07068e-05	0.708
-418.5	83.8667	0.0	0.0
-414.0	83.8667	4.92769e-05	0.599
-409.5	83.8667	5.34644e-05	1.0
-405.0	83.8667	5.03803e-05	0.9185
-400.5	83.8667	6.30066e-05	0.609
-396.0	83.8667	6.54726e-05	0.7789
-391.5	83.8667	0.000586562	0.921
-387.0	83.8667	9.55534e-05	0.6086
-382.5	83.8667	0.000152472	0.3955
-378.0	83.8667	0.00224997	0.6526
-373.5	83.8667	0.0035766	0.7864
-369.0	83.8667	0.00286998	0.9599
-364.5	83.8667	0.00284485	0.9683
-360.0	83.8667	0.00189945	0.9189
-355.5	83.8667	0.00250807	0.9582
-351.0	83.8667	0.00212747	0.8934
-346.5	83.8667	0.000360037	0.275
-342.0	83.8667	0.00149301	0.875
-337.5	83.8667	0.00118976	0.8303
-333.0	83.8667	0.00375048	0.8835
-328.5	83.8667	0.00275022	0.8452
-324.0	83.8667	0.00043971	0.2905
-319.5	83.8667	0.0018332	0.7257
-315.0	83.8667	0.000499666	0.2711
-310.5	83.8667	0.000313727	0.2944
-306.0	83.8667	0.000340731	0.2764
-301.5	83.8667	0.000399958	0.24
-297.0	83.8667	0.00214843	0.7939
-292.5	83.8667	0.000872779	0.4775
-288.0	83.8667	0.00140238	0.8087
-283.5	83.8667	0.00027524	0.369
-279.0	83.8667	0.00229009	0.8255
-274.5	83.8667	0.00169926	0.7617
-270.0	83.8667	0.00302132	0.6007
-265.5	83.8667	0.00360763	0.5976
-261.0	83.8667	0.00285286	0.5557
-256.5	83.8667	0.000738311	0.2121
-252.0	83.8667	0.00343231	0.5865
-247.5	83.8667	0.00326938	0.7985
-243.0	83.8667	0.00682465	0.4752
-238.5	83.8667	0.00366109	0.4583
-234.0	83.8667	0.00488147	0.4857
-229.5	83.8667	0.00667004	0.4992
-225.0	83.8667	0.00107215	0.2761
-220.5	83.8667	0.00326279	0.5352
-216.0	83.8667	0.0087571	0.4846
-211.5	83.8667	0.00968926	0.4022
-207.0	83.8667	0.0045953	0.4667
-202.5	83.8667	0.00911486	0.421
-198.0	83.8667	0.00703287	0.392
-193.5	83.8667	0.00936563	0.4444
-189.0	83.8667	0.00984485	0.404
-184.5	83.8667	0.00408506	0.3537
-180.0	83.8667	0.0145297	0.2838
-175.5	83.8667	0.0158981	0.3451
-171.0	83.8667	0.0162065	0.2887
-166.5	83.8667	0.0110631	0.3964
-162.0	83.8667	0.0165981	0.2849
-157.5	83.8667	0.0212658	0.2564
-153.0	83.8667	0.0269463	0.2335
-148.5	83.8667	0.0248038	0.2223
-144.0	83.8667	0.0342336	0.232
-139.5	83.8667	0.0295646	0.231
-135.0	83.8667	0.0161705	0.2532
-130.5	83.8667	0.0248847	0.2404
-126.0	83.8667	0.0319586	0.2125
-121.5	83.8667	0.0450264	0.2116
-117.0	83.8667	0.0357383	0.2098
-112.5	83.8667	0.0364158	0.2091
-108.0	83.8667	0.0525645	0.2601
-103.5	83.8667	0.0430931	0.1818
-99.0	83.8667	0.0491154	0.1817
-94.5	83.8667	0.0653789	0.1785
-90.0	83.8667	0.0567833	0.1703
-85.5	83.8667	0.0658238	0.177
-81.0	83.8667	0.0593585	0.1647
-76.5	83.8667	0.0535261	0.1613
-72.0	83.8667	0.0711448	0.1725
-67.5	83.8667	0.0704215	0.1783
-63.0	83.8667	0.0735927	0.1428
-58.5	83.8667	0.0770579	0.1434
-54.0	83.8667	0.0723142	0.1548
-49.5	83.8667	0.0631683	0.1475
-45.0	83.8667	0.0703487	0.1498
-40.5	83.8667	0.0784966	0.1386
-36.0	83.8667	0.0968084	0.1261
-31.5	83.8667	0.0818204	0.136
-27.0	83.8667	0.0904428	0.1375
-22.5	83.8667	0.0838585	0.1183
-18.0	83.8667	0.0749115	0.1252
-13.5	83.8667	0.125492	0.1245
-9.0	83.8667	0.105016	0.1388
-4.5	83.8667	0.0859155	0.1326
0.0	83.8667	0.114592	0.1848
4.5	83.8667	0.0972504	0.1214
9.0	83.8667	0.109183	0.1379
13.5	83.8667	0.112947	0.131
18.0	83.8667	0.0803451	0.1356
22.5	83.8667	0.0848787	0.1283
27.0	83.8667	0.114931	0.1208
31.5	83.8667	0.0922927	0.123
36.0	83.8667	0.12094	0.1223
40.5	83.8667	0.111745	0.1396
45.0	83.8667	0.0604334	0.1466
49.5	83.8667	0.083423	0.1379
54.0	83.8667	0.0887694	0.1335
58.5	83.8667	0.0814758	0.145
63.0	83.8667	0.0729331	0.1404
67.5	83.8667	0.0910869	0.1338
72.0	83.8667	0.0703142	0.1392
76.5	83.8667	0.0698653	0.1533
81.0	83.8667	0.0583269	0.1554
85.5	83.8667	0.0818042	0.151
90.0	83.8667	0.0841842	0.1433
94.5	83.8667	0.0784844	0.1485
99.0	83.8667	0.0482473	0.1702
103.5	83.8667	0.0626929	0.1844
108.0	83.8667	0.0486448	0.1937
112.5	83.8667	0.0536252	0.1875
117.0	83.8667	0.0428548	0.1914
121.5	83.8667	0.0417896	0.1825
126.0	83.8667	0.0411129	0.1922
130.5	83.8667	0.0284441	0.2243
135.0	83.8667	0.0303937	0.2362
139.5	83.8667	0.0278948	0.2245
144.0	83.8667	0.0436582	0.2104
148.5	83.8667	0.0277423	0.2386
153.0	83.8667	0.0246788	0.2564
157.5	83.8667	0.0300077	0.2492
162.0	83.8667	0.0305264	0.247
166.5	83.8667	0.0162625	0.2271
171.0	83.8667	0.0182031	0.2404
175.5	83.8667	0.0166476	0.3141
180.0	83.8667	0.0139847	0.3051
184.5	83.8667	0.0118706	0.337
189.0	83.8667	0.0139635	0.3565
193.5	83.8667	0.0128333	0.2968
198.0	83.8667	0.0178705	0.3124
202.5	83.8667	0.00842362	0.348
207.0	83.8667	0.0173623	0.2788
211.5	83.8667	0.00657319	0.3621
216.0	83.8667	0.00633331	0.488
220.5	83.8667	0.00661135	0.3529
225.0	83.8667	0.0098697	0.3403
229.5	83.8667	0.0104432	0.4229
234.0	83.8667	0.00619415	0.4211
238.5	83.8667	0.00752636	0.4698
243.0	83.8667	0.00961368	0.4453
247.5	83.8667	0.0127237	0.3936
252.0	83.8667	0.0108619	0.4911
256.5	83.8667	0.00532328	0.5116
261.0	83.8667	0.00406307	0.5875
265.5	83.8667	0.00639979	0.4297
270.0	83.8667	0.0044986	0.6014
274.5	83.8667	0.00381938	0.5955
279.0	83.8667	0.00180823	0.5598
283.5	83.8667	0.000619009	0.2121
288.0	83.8667	0.000586607	0.3901
292.5	83.8667	0.0028589	0.5997
297.0	83.8667	0.0027981	0.6423
301.5	83.8667	0.0030563	0.6497
306.0	83.8667	0.000923919	0.4777
310.5	83.8667	0.00473781	0.6615
315.0	83.8667	0.00212674	0.502
319.5	83.8667	0.000457873	0.2238
324.0	83.8667	0.00107282	0.7398
328.5	83.8667	0.000432274	0.2602
333.0	83.8667	0.000473758	0.2967
337.5	83.8667	0.000362596	0.2757
342.0	83.8667	0.000253713	0.3817
346.5	83.8667	0.000433538	0.2704
351.0	83.8667	0.000320768	0.3642
355.5	83.8667	0.00315426	0.6535
360.0	83.8667	0.000971571	0.7139
364.5	83.8667	0.000812983	0.5515
369.0	83.8667	0.00184778	0.8686
373.5	83.8667	0.000266704	0.4359
378.0	83.8667	0.00116001	0.8794
382.5	83.8667	0.00217097	0.9778
387.0	83.8667	0.00139443	0.9427
391.5	83.8667	6.92416e-05	1.0
396.0	83.8667	5.77041e-05	0.9497
400.5	83.8667	6.58072e-05	0.6719
405.0	83.8667	0.000174144	0.5234
409.5	83.8667	0.000155378	0.5029
414.0	83.8667	0.000973874	0.9265
418.5	83.8667	0.000177887	0.5324
423.0	83.8667	0.000106139	0.6891
427.5	83.8667	0.00195333	0.9429
432.0	83.8667	9.66677e-05	0.7491
436.5	83.8667	9.81947e-05	0.587
441.0	83.8667	4.28376e-05	0.701
445.5	83.8667	3.09761e-05	1.0
-450.0	86.4333	1.86754e-05	1.0
-445.5	86.4333	1.61602e-05	0.9105
-441.0	86.4333	0.000199214	0.5705
-436.5	86.4333	0.000112251	0.6146
-432.0	86.4333	0.000131764	0.507
-427.5	86.4333	6.24233e-05	0.7526
-423.0	86.4333	4.88247e-05	0.6272
-418.5	86.4333	1.61135e-05	1.0
-414.0	86.4333	1.07926e-05	1.0
-409.5	86.4333	5.83099e-05	0.7246
-405.0	86.4333	0.000168966	0.9405
-400.5	86.4333	0.000740291	0.979
-396.0	86.4333	0.00105735	0.9529
-391.5	86.4333	0.00335166	0.842
-387.0	86.4333	9.69833e-05	0.57
-382.5	86.4333	0.00248748	0.929
-378.0	86.4333	0.00179172	0.8502
-373.5	86.4333	0.000192418	0.5095
-369.0	86.4333	0.000130176	0.4192
-364.5	86.4333	6.90655e-05	0.9297
-360.0	86.4333	0.000153631	0.4254
-355.5	86.4333	0.00327448	0.9034
-351.0	86.4333	0.00025173	0.3895
-346.5	86.4333	0.000234002	0.3394
-342.0	86.4333	0.00146329	0.855
-337.5	86.4333	0.00037888	0.2885
-333.0	86.4333	0.000625783	0.2364
-328.5	86.4333	0.000341169	0.3008
-324.0	86.4333	0.000178522	0.3676
-319.5	86.4333	0.00386968	0.7011
-315.0	86.4333	0.00156108	0.7757
-310.5	86.4333	0.000309316	0.2923
-306.0	86.4333	0.00038292	0.2699
-301.5	86.4333	0.000372053	0.2857
-297.0	86.4333	0.00036637	0.3085
-292.5	86.4333	0.00181024	0.6771
-288.0	86.4333	0.000737381	0.2301
-283.5	86.4333	0.000991208	0.6244
-279.0	86.4333	0.00269881	0.6038
-274.5	86.4333	0.00295305	0.6486
-270.0	86.4333	0.00233385	0.6352
-265.5	86.4333	0.00190428	0.6676
-261.0	86.4333	0.00353449	0.8022
-256.5	86.4333	0.00435212	0.8907
-252.0	86.4333	0.0045129	0.8603
-247.5	86.4333	0.0076054	0.4919
-243.0	86.4333	0.00286027	0.4584
-238.5	86.4333	0.00294903	0.5577
-234.0	86.4333	0.0024967	0.4881
-229.5	86.4333	0.00612912	0.5148
-225.0	86.4333	0.00506267	0.4514
-220.5	86.4333	0.0034089	0.6865
-216.0	86.4333	0.00440139	0.4237
-211.5	86.4333	0.0093407	0.4295
-207.0	86.4333	0.00584637	0.3745
-202.5	86.4333	0.0182093	0.3109
-198.0	86.4333	0.0129121	0.3582
-193.5	86.4333	0.0133005	0.3801
-189.0	86.4333	0.011087	0.3592
-184.5	86.4333	0.0111213	0.4177
-180.0	86.4333	0.0100401	0.4676
-175.5	86.4333	0.0131996	0.2991
-171.0	86.4333	0.00825976	0.3553
-166.5	86.4333	0.0162446	0.3312
-162.0	86.4333	0.0186784	0.2674
-157.5	86.4333	0.0136869	0.3385
-153.0	86.4333	0.0174621	0.2495
-148.5	86.4333	0.0172917	0.3531
-144.0	86.4333	0.0191481	0.2576
-139.5	86.4333	0.023251	0.2513
-135.0	86.4333	0.0250643	0.2653
-130.5	86.4333	0.0263003	0.2543
-126.0	86.4333	0.0265989	0.2138
-121.5	86.4333	0.0383334	0.2062
-117.0	86.4333	0.0493409	0.2068
-112.5	86.4333	0.0285146	0.216
-108.0	86.4333	0.036807	0.2178
-103.5	86.4333	0.0350259	0.202
-99.0	86.4333	0.0587322	0.1642
-94.5	86.4333	0.0442412	0.1628
-90.0	86.4333	0.0483288	0.1729
-85.5	86.4333	0.0651245	0.1581
-81.0	86.4333	0.0703968	0.1524
-76.5	86.4333	0.0541986	0.1562
-72.0	86.4333	0.0707894	0.1537
-67.5	86.4333	0.0609735	0.1536
-63.0	86.4333	0.0742323	0.1432
-58.5	86.4333	0.0921324	0.1312
-54.0	86.4333	0.0778854	0.1455
-49.5	86.4333	0.0617262	0.1507
-45.0	86.4333	0.0862404	0.1304
-40.5	86.4333	0.0828856	0.1399
-36.0	86.4333	0.128129	0.1264
-31.5	86.4333	0.0675704	0.1459
-27.0	86.4333	0.0715444	0.1449
-22.5	86.4333	0.0895092	0.1358
-18.0	86.4333	0.0816725	0.1378
-13.5	86.4333	0.120455	0.1325
-9.0	86.4333	0.0874505	0.1334
-4.5	86.4333	0.0859143	0.1375
0.0	86.4333	0.103506	0.1204
4.5	86.4333	0.0949199	0.1231
9.0	86.4333	0.101691	0.1296
13.5	86.4333	0.10589	0.1195
18.0	86.4333	0.121353	0.1164
22.5	86.4333	0.0965549	0.1234
27.0	86.4333	0.113206	0.1341
31.5	86.4333	0.0748698	0.1267
36.0	86.4333	0.102865	0.1252
40.5	86.4333	0.0947875	0.1293
45.0	86.4333	0.0987814	0.1265
49.5	86.4333	0.0808162	0.145
54.0	86.4333	0.0949128	0.1256
58.5	86.4333	0.0779132	0.1364
63.0	86.4333	0.0761459	0.1335
67.5	86.4333	0.0638172	0.1388
72.0	86.4333	0.0755204	0.147
76.5	86.4333	0.0860114	0.1361
81.0	86.4333	0.066367	0.1506
85.5	86.4333	0.0533056	0.1746
90.0	86.4333	0.049823	0.146
94.5	86.4333	0.049603	0.1613
99.0	86.4333	0.053254	0.1706
103.5	86.4333	0.0295536	0.1893
108.0	86.4333	0.0491229	0.1761
112.5	86.4333	0.061726	0.1626
117.0	86.4333	0.039373	0.1884
121.5	86.4333	0.0459939	0.1984
126.0	86.4333	0.037846	0.214
130.5	86.4333	0.0231656	0.2503
135.0	86.4333	0.0231765	0.2041
139.5	86.4333	0.0328961	0.2318
144.0	86.4333	0.0378601	0.2317
148.5	86.4333	0.0226058	0.2565
153.0	86.4333	0.0282598	0.2527
157.5	86.4333	0.0171466	0.2409
162.0	86.4333	0.0283281	0.2693
166.5	86.4333	0.0331054	0.2327
171.0	86.4333	0.0198795	0.2951
175.5	86.4333	0.0143439	0.3087
180.0	86.4333	0.0128592	0.3012
184.5	86.4333	0.0185987	0.3287
189.0	86.4333	0.00996928	0.4146
193.5	86.4333	0.0142712	0.3447
198.0	86.4333	0.0110753	0.3375
202.5	86.4333	0.00978325	0.4022
207.0	86.4333	0.00816067	0.3462
211.5	86.4333	0.0153663	0.3837
216.0	86.4333	0.00952614	0.3718
220.5	86.4333	0.0055003	0.4193
225.0	86.4333	0.00655933	0.3369
229.5	86.4333	0.0126148	0.3858
234.0	86.4333	0.00946474	0.3954
238.5	86.4333	0.00535474	0.4972
243.0	86.4333	0.00459067	0.5251
247.5	86.4333	0.00483732	0.5304
252.0	86.4333	0.000731359	0.2064
256.5	86.4333	0.00486948	0.7993
261.0	86.4333	0.00677314	0.6236
265.5	86.4333	0.0118384	0.4209
270.0	86.4333	0.00496709	0.4398
274.5	86.4333	0.00280706	0.6782
279.0	86.4333	0.00514721	0.5313
283.5	86.4333	0.00221004	0.7261
288.0	86.4333	0.00365758	0.5847
292.5	86.4333	0.00375759	0.6092
297.0	86.4333	0.00236114	0.735
301.5	86.4333	0.00322688	0.5801
306.0	86.4333	0.00428266	0.5247
310.5	86.4333	0.00129936	0.3758
315.0	86.4333	0.00491676	0.5636
319.5	86.4333	0.00792669	0.5171
324.0	86.4333	0.0045422	0.714
328.5	86.4333	0.00389821	0.6245
333.0	86.4333	0.00264714	0.5587
337.5	86.4333	0.00010862	0.3775
342.0	86.4333	0.000302263	0.2981
346.5	86.4333	0.00154906	0.7397
351.0	86.4333	0.000328987	0.3157
355.5	86.4333	0.00191726	0.6538
360.0	86.4333	0.000946862	0.6944
364.5	86.4333	0.000383581	0.3512
369.0	86.4333	0.000344131	0.3132
373.5	86.4333	0.00155118	0.969
378.0	86.4333	0.00297121	0.8651
382.5	86.4333	0.000117422	0.5653
387.0	86.4333	0.000201068	0.3741
391.5	86.4333	0.000111623	0.7121
396.0	86.4333	0.000111338	0.6319
400.5	86.4333	8.18263e-05	0.7124
405.0	86.4333	0.000926828	0.9102
409.5	86.4333	0.000343826	0.668
414.0	86.4333	9.09392e-05	0.6466
418.5	86.4333	0.000108991	0.5522
423.0	86.4333	0.000354021	0.6807
427.5	86.4333	0.000227783	0.3634
432.0	86.4333	0.00010165	0.5171
436.5	86.4333	0.000133776	0.8014
441.0	86.4333	0.000129206	0.5839
445.5	86.4333	8.86764e-05	0.6886
-450.0	89.0	0.000143971	0.4664
-445.5	89.0	0.000769695	0.8173
-441.0	89.0	0.000142273	0.5023
-436.5	89.0	0.000122642	0.5827
-432.0	89.0	3.5688e-05	0.8215
-427.5	89.0	3.29769e-05	1.0
-423.0	89.0	2.08347e-05	1.0
-418.5	89.0	0.0	0.0
-414.0	89.0	3.00985e-05	0.7111
-409.5	89.0	0.00153193	0.9291
-405.0	89.0	0.00190584	1.0
-400.5	89.0	3.38497e-05	0.8379
-396.0	89.0	7.59861e-05	0.4854
-391.5	89.0	0.000155906	0.5845
-387.0	89.0	0.000119391	0.5867
-382.5	89.0	0.000256301	0.4133
-378.0	89.0	7.23812e-05	0.5194
-373.5	89.0	7.60546e-05	0.5817
-369.0	89.0	0.000103591	0.509
-364.5	89.0	8.1842e-05	0.5951
-360.0	89.0	0.000122015	0.5416
-355.5	89.0	0.00185902	0.7723
-351.0	89.0	0.000192201	0.3779
-346.5	89.0	0.000483312	0.6413
-342.0	89.0	0.00033225	0.3105
-337.5	89.0	0.000263101	0.3938
-333.0	89.0	0.000440838	0.446
-328.5	89.0	0.00199704	0.903
-324.0	89.0	0.000278538	0.3357
-319.5	89.0	0.000531971	0.2656
-315.0	89.0	0.0014783	0.7483
-310.5	89.0	0.00256142	0.7302
-306.0	89.0	0.000224241	0.3379
-301.5	89.0	0.00358742	0.817
-297.0	89.0	0.000240199	0.4352
-292.5	89.0	0.000612362	0.2908
-288.0	89.0	0.000425675	0.2446
-283.5	89.0	0.0033389	0.779
-279.0	89.0	0.00169194	0.4424
-274.5	89.0	0.00515428	0.5804
-270.0	89.0	0.00160394	0.6885
-265.5	89.0	0.000708184	0.2497
-261.0	89.0	0.00266566	0.4217
-256.5	89.0	0.00192173	0.6692
-252.0	89.0	0.00736643	0.5387
-247.5	89.0	0.0013598	0.4565
-243.0	89.0	0.00251105	0.7176
-238.5	89.0	0.00249718	0.5137
-234.0	89.0	0.0028956	0.5065
-229.5	89.0	0.00506475	0.4383
-225.0	89.0	0.0023862	0.4947
-220.5	89.0	0.0039556	0.7298
-216.0	89.0	0.00701873	0.4842
-211.5	89.0	0.00858657	0.3828
-207.0	89.0	0.0112463	0.3811
-202.5	89.0	0.0107814	0.3639
-198.0	89.0	0.0108317	0.3525
-193.5	89.0	0.0149794	0.3634
-189.0	89.0	0.0120266	0.4423
-184.5	89.0	0.0148873	0.3489
-180.0	89.0	0.0165992	0.3536
-175.5	89.0	0.0199219	0.283
-171.0	89.0	0.0108664	0.392
-166.5	89.0	0.0178408	0.364
-162.0	89.0	0.00819635	0.4086
-157.5	89.0	0.0104011	0.2871
-153.0	89.0	0.00989842	0.2862
-148.5	89.0	0.0130609	0.2896
-144.0	89.0	0.0173798	0.2702
-139.5	89.0	0.0286303	0.2311
-135.0	89.0	0.0154155	0.317
-130.5	89.0	0.0184174	0.2552
-126.0	89.0	0.0401068	0.2029
-121.5	89.0	0.0355447	0.2021
-117.0	89.0	0.0346273	0.2149
-112.5	89.0	0.0340419	0.2066
-108.0	89.0	0.0239019	0.194
-103.5	89.0	0.0408517	0.2008
-99.0	89.0	0.0449426	0.1764
-94.5	89.0	0.0508003	0.1893
-90.0	89.0	0.0413429	0.1855
-85.5	89.0	0.060206	0.1685
-81.0	89.0	0.0458519	0.1933
-76.5	89.0	0.0543479	0.1567
-72.0	89.0	0.0607613	0.159
-67.5	89.0	0.0612334	0.162
-63.0	89.0	0.0789375	0.1345
-58.5	89.0	0.0812537	0.1352
-54.0	89.0	0.0741338	0.1499
-49.5	89.0	0.0719787	0.1481
-45.0	89.0	0.0838391	0.1531
-40.5	89.0	0.0815755	0.1381
-36.0	89.0	0.0897061	0.1325
-31.5	89.0	0.0843983	0.1446
-27.0	89.0	0.0740124	0.1496
-22.5	89.0	0.0684559	0.1347
-18.0	89.0	0.0770899	0.1288
-13.5	89.0	0.0838563	0.1418
-9.0	89.0	0.101297	0.1266
-4.5	89.0	0.0834258	0.1301
0.0	89.0	0.08401	0.1363
4.5	89.0	0.0543163	0.1538
9.0	89.0	0.118011	0.1317
13.5	89.0	0.0873939	0.134
18.0	89.0	0.100873	0.1284
22.5	89.0	0.10069	0.1306
27.0	89.0	0.0936948	0.1326
31.5	89.0	0.0718117	0.1341
36.0	89.0	0.0807131	0.1436
40.5	89.0	0.0809806	0.1491
45.0	89.0	0.0704605	0.1357
49.5	89.0	0.0810639	0.1408
54.0	89.0	0.0887195	0.1312
58.5	89.0	0.0740652	0.1332
63.0	89.0	0.0878613	0.1305
67.5	89.0	0.0681505	0.1499
72.0	89.0	0.0648001	0.1702
76.5	89.0	0.0667616	0.1453
81.0	89.0	0.0608667	0.1574
85.5	89.0	0.0567223	0.1603
90.0	89.0	0.0486423	0.1543
94.5	89.0	0.0655212	0.1865
99.0	89.0	0.0335206	0.2073
103.5	89.0	0.0442841	0.1756
108.0	89.0	0.0512652	0.171
112.5	89.0	0.0436568	0.1794
117.0	89.0	0.037096	0.1876
121.5	89.0	0.0461328	0.1842
126.0	89.0	0.0252509	0.2334
130.5	89.0	0.0371607	0.2495
135.0	89.0	0.032268	0.2471
139.5	89.0	0.0377141	0.2202
144.0	89.0	0.0168395	0.2584
148.5	89.0	0.0296125	0.2274
153.0	89.0	0.0175532	0.2449
157.5	89.0	0.0231432	0.2565
162.0	89.0	0.0189592	0.2706
166.5	89.0	0.0268192	0.2709
171.0	89.0	0.0329568	0.2553
175.5	89.0	0.0256204	0.2951
180.0	89.0	0.01394	0.294
184.5	89.0	0.0204311	0.2653
189.0	89.0	0.010678	0.3431
193.5	89.0	0.0111735	0.3319
198.0	89.0	0.0130179	0.2932
202.5	89.0	0.016741	0.3277
207.0	89.0	0.0164714	0.3286
211.5	89.0	0.00295277	0.3011
216.0	89.0	0.00555068	0.4576
220.5	89.0	0.00630457	0.4213
225.0	89.0	0.00170201	0.4019
229.5	89.0	0.0044992	0.3476
234.0	89.0	0.00434135	0.4388
238.5	89.0	0.013408	0.3513
243.0	89.0	0.00438619	0.4666
247.5	89.0	0.00349795	0.4761
252.0	89.0	0.00854268	0.3988
256.5	89.0	0.00452674	0.4796
261.0	89.0	0.00347879	0.4886
265.5	89.0	0.00126702	0.4071
270.0	89.0	0.00637169	0.3919
274.5	89.0	0.00204916	0.6355
279.0	89.0	0.00236987	0.7435
283.5	89.0	0.00189059	0.7298
288.0	89.0	0.0028854	0.5043
292.5	89.0	0.00264395	0.8421
297.0	89.0	0.000672323	0.2567
301.5	89.0	0.00622977	0.5067
306.0	89.0	0.00487823	0.6069
310.5	89.0	0.00110891	0.3955
315.0	89.0	0.00353192	0.5758
319.5	89.0	0.0013667	0.5245
324.0	89.0	0.000386532	0.2674
328.5	89.0	0.00167855	0.6734
333.0	89.0	0.00325788	0.6426
337.5	89.0	0.0025872	0.6629
342.0	89.0	0.000516311	0.3816
346.5	89.0	0.00576567	0.7006
351.0	89.0	0.00364907	0.9622
355.5	89.0	0.000446798	0.4937
360.0	89.0	0.000842022	0.8303
364.5	89.0	0.000209922	0.3497
369.0	89.0	0.000313296	0.3133
373.5	89.0	0.0038589	0.9201
378.0	89.0	0.000139719	0.5893
382.5	89.0	0.00151473	0.8718
387.0	89.0	0.00153749	0.7138
391.5	89.0	5.24835e-05	0.797
396.0	89.0	0.000151836	0.4381
400.5	89.0	0.000129863	0.5821
405.0	89.0	0.000131192	0.5078
409.5	89.0	8.00413e-05	0.9013
414.0	89.0	0.0012244	0.7916
418.5	89.0	0.000697946	0.7466
423.0	89.0	0.000183819	0.3935
427.5	89.0	0.000321946	0.6164
432.0	89.0	7.10639e-05	0.7083
436.5	89.0	0.000215151	0.4896
441.0	89.0	0.000130495	0.4651
445.5	89.0	0.000200692	0.3751
-450.0	91.5667	0.000121345	0.4911
-445.5	91.5667	7.13154e-05	0.6865
-441.0	91.5667	0.000165889	0.553
-436.5	91.5667	0.00336742	0.9569
-432.0	91.5667	0.0	0.0
-427.5	91.5667	3.28431e-05	0.7155
-423.0	91.5667	4.83818e-05	0.6088
-418.5	91.5667	0.0	0.0
-414.0	91.5667	5.55958e-05	0.652
-409.5	91.5667	6.57795e-05	0.721
-405.0	91.5667	2.29372e-05	1.0
-400.5	91.5667	4.39669e-05	1.0
-396.0	91.5667	3.23909e-05	0.678
-391.5	91.5667	7.51256e-05	0.6824
-387.0	91.5667	7.34963e-05	0.6204
-382.5	91.5667	3.5275e-05	0.6986
-378.0	91.5667	0.000111155	0.6663
-373.5	91.5667	0.0040651	0.7854
-369.0	91.5667	0.000119479	0.3959
-364.5	91.5667	0.000140075	0.5357
-360.0	91.5667	0.000244475	0.3896
-355.5	91.5667	0.00236588	0.9254
-351.0	91.5667	0.000247847	0.3722
-346.5	91.5667	0.00048907	0.5902
-342.0	91.5667	0.000202841	0.3159
-337.5	91.5667	0.000486456	0.3844
-333.0	91.5667	0.000268275	0.4116
-328.5	91.5667	0.000205874	0.3331
-324.0	91.5667	0.000207246	0.3431
-319.5	91.5667	0.00310643	0.8971
-315.0	91.5667	0.00116442	0.6741
-310.5	91.5667	0.00242192	0.5851
-306.0	91.5667	0.00062186	0.3919
-301.5	91.5667	0.000715203	0.5889
-297.0	91.5667	0.00153343	0.8824
-292.5	91.5667	0.00360135	0.8509
-288.0	91.5667	0.00042936	0.2766
-283.5	91.5667	0.000687126	0.2727
-279.0	91.5667	0.00196914	0.6954
-274.5	91.5667	0.00369187	0.6329
-270.0	91.5667	0.00122781	0.4512
-265.5	91.5667	0.00125164	0.3581
-261.0	91.5667	0.00332683	0.5569
-256.5	91.5667	0.00900543	0.4607
-252.0	91.5667	0.0022902	0.3501
-247.5	91.5667	0.00926697	0.4553
-243.0	91.5667	0.00298462	0.4276
-238.5	91.5667	0.00480715	0.6151
-234.0	91.5667	0.00181087	0.3418
-229.5	91.5667	0.00564232	0.4125
-225.0	91.5667	0.00799006	0.5227
-220.5	91.5667	0.00428356	0.3813
-216.0	91.5667	0.00691834	0.4719
-211.5	91.5667	0.0142254	0.4244
-207.0	91.5667	0.00703588	0.3631
-202.5	91.5667	0.00431864	0.4173
-198.0	91.5667	0.00832908	0.438
-193.5	91.5667	0.0110168	0.2901
-189.0	91.5667	0.0101564	0.3033
-184.5	91.5667	0.0171429	0.4453
-180.0	91.5667	0.0276984	0.3207
-175.5	91.5667	0.0161095	0.2857
-171.0	91.5667	0.0170445	0.2879
-166.5	91.5667	0.0126974	0.3394
-162.0	91.5667	0.0162474	0.2726
-157.5	91.5667	0.0103881	0.3733
-153.0	91.5667	0.0129979	0.312
-148.5	91.5667	0.0142129	0.2797
-144.0	91.5667	0.0119281	0.2966
-139.5	91.5667	0.0154106	0.2421
-135.0	91.5667	0.0130875	0.2723
-130.5	91.5667	0.0224089	0.2323
-126.0	91.5667	0.0315472	0.2296
-121.5	91.5667	0.017229	0.292
-117.0	91.5667	0.0281423	0.2065
-112.5	91.5667	0.0317167	0.2075
-108.0	91.5667	0.0326528	0.2039
-103.5	91.5667	0.0458786	0.2006
-99.0	91.5667	0.0400673	0.1857
-94.5	91.5667	0.0449445	0.1816
-90.0	91.5667	0.0567014	0.1593
-85.5	91.5667	0.054966	0.1628
-81.0	91.5667	0.0553139	0.165
-76.5	91.5667	0.0430623	0.1751
-72.0	91.5667	0.0505405	0.172
-67.5	91.5667	0.0708719	0.156
-63.0	91.5667	0.0659116	0.1497
-58.5	91.5667	0.0737167	0.1506
-54.0	91.5667	0.0513073	0.1949
-49.5	91.5667	0.0585546	0.159
-45.0	91.5667	0.0591482	0.1583
-40.5	91.5667	0.0826431	0.1507
-36.0	91.5667	0.0804605	0.1461
-31.5	91.5667	0.0664292	0.1664
-27.0	91.5667	0.0752449	0.1463
-22.5	91.5667	0.0908584	0.146
-18.0	91.5667	0.0898691	0.1299
-13.5	91.5667	0.0943884	0.1454
-9.0	91.5667	0.0786048	0.1332
-4.5	91.5667	0.0788756	0.1387
0.0	91.5667	0.0858208	0.1331
4.5	91.5667	0.0760553	0.1354
9.0	91.5667	0.100507	0.1269
13.5	91.5667	0.0750911	0.1358
18.0	91.5667	0.0833615	0.1377
22.5	91.5667	0.100464	0.1267
27.0	91.5667	0.0957334	0.1235
31.5	91.5667	0.092001	0.1331
36.0	91.5667	0.0922997	0.1303
40.5	91.5667	0.0739981	0.143
45.0	91.5667	0.088394	0.131
49.5	91.5667	0.0746339	0.1523
54.0	91.5667	0.0826445	0.137
58.5	91.5667	0.0775325	0.1378
63.0	91.5667	0.0834762	0.1352
67.5	91.5667	0.0853352	0.1376
72.0	91.5667	0.0560408	0.1717
76.5	91.5667	0.0569155	0.163
81.0	91.5667	0.0480928	0.178
85.5	91.5667	0.0670101	0.1616
90.0	91.5667	0.0566892	0.1562
94.5	91.5667	0.0411187	0.184
99.0	91.5667	0.0466575	0.1751
103.5	91.5667	0.0438126	0.1945
108.0	91.5667	0.0352767	0.1936
112.5	91.5667	0.0344947	0.2129
117.0	91.5667	0.0558406	0.1704
121.5	91.5667	0.0386575	0.1873
126.0	91.5667	0.0346141	0.2015
130.5	91.5667	0.0371278	0.2083
135.0	91.5667	0.0281802	0.2137
139.5	91.5667	0.030698	0.2617
144.0	91.5667	0.024119	0.2393
148.5	91.5667	0.0303706	0.2191
153.0	91.5667	0.0245421	0.3025
157.5	91.5667	0.015818	0.2998
162.0	91.5667	0.0193181	0.2561
166.5	91.5667	0.020796	0.2857
171.0	91.5667	0.0142487	0.2747
175.5	91.5667	0.0175668	0.3047
180.0	91.5667	0.0152188	0.336
184.5	91.5667	0.00743556	0.3868
189.0	91.5667	0.0170889	0.3065
193.5	91.5667	0.00775559	0.4039
198.0	91.5667	0.00546512	0.5549
202.5	91.5667	0.0112927	0.3237
207.0	91.5667	0.0108418	0.3659
211.5	91.5667	0.00439766	0.6206
216.0	91.5667	0.00657878	0.3769
220.5	91.5667	0.00457338	0.4797
225.0	91.5667	0.00638197	0.3882
229.5	91.5667	0.00839943	0.4422
234.0	91.5667	0.012516	0.4142
238.5	91.5667	0.0120843	0.3862
243.0	91.5667	0.008723	0.4141
247.5	91.5667	0.00825099	0.3573
252.0	91.5667	0.00628757	0.437
256.5	91.5667	0.00357491	0.6078
261.0	91.5667	0.00125078	0.2565
265.5	91.5667	0.00863533	0.5116
270.0	91.5667	0.00361304	0.469
274.5	91.5667	0.00304837	0.461
279.0	91.5667	0.00794648	0.4641
283.5	91.5667	0.00221803	0.7368
288.0	91.5667	0.00443409	0.5009
292.5	91.5667	0.00751614	0.4244
297.0	91.5667	0.0044485	0.5323
301.5	91.5667	0.00778079	0.5432
306.0	91.5667	0.00534835	0.5028
310.5	91.5667	0.0029744	0.7751
315.0	91.5667	0.00283686	0.6822
319.5	91.5667	0.00811682	0.4819
324.0	91.5667	0.000322503	0.3636
328.5	91.5667	0.0021294	0.6694
333.0	91.5667	0.00207667	0.6353
337.5	91.5667	0.00118592	0.5368
342.0	91.5667	0.00266561	0.9137
346.5	91.5667	0.000557237	0.4065
351.0	91.5667	0.0017474	0.8694
355.5	91.5667	0.00350597	0.9433
360.0	91.5667	0.00361027	0.9725
364.5	91.5667	0.00123949	0.8905
369.0	91.5667	0.0053724	0.5991
373.5	91.5667	0.00175912	0.8991
378.0	91.5667	0.000107229	0.5233
382.5	91.5667	0.000164387	0.4571
387.0	91.5667	8.8303e-05	0.5182
391.5	91.5667	3.76165e-05	0.8908
396.0	91.5667	2.62893e-05	0.676
400.5	91.5667	8.32075e-05	0.5596
405.0	91.5667	0.000122476	0.5193
409.5	91.5667	0.00067222	0.619
414.0	91.5667	0.00301973	0.9418
418.5	91.5667	4.3159e-05	0.7895
423.0	91.5667	8.45117e-05	0.7099
427.5	91.5667	9.67985e-05	0.4877
432.0	91.5667	0.000152708	0.5588
436.5	91.5667	0.00011964	0.4541
441.0	91.5667	8.31625e-05	0.6825
445.5	91.5667	0.00221669	0.7044
-450.0	94.1333	0.000121676	0.6006
-445.5	94.1333	2.73356e-05	0.8716
-441.0	94.1333	3.84849e-05	0.726
-436.5	94.1333	8.39207e-06	0.7071
-432.0	94.1333	0.000113148	0.7071
-427.5	94.1333	7.49072e-05	0.5625
-423.0	94.1333	9.25626e-06	1.0
-418.5	94.1333	5.71162e-05	0.7081
-414.0	94.1333	1.4817e-05	1.0
-409.5	94.1333	2.41895e-05	1.0
-405.0	94.1333	2.32274e-05	1.0
-400.5	94.1333	4.83084e-05	1.0
-396.0	94.1333	8.3451e-05	0.7285
-391.5	94.1333	0.000610422	0.917
-387.0	94.1333	8.06182e-05	0.5293
-382.5	94.1333	0.000245279	0.7764
-378.0	94.1333	0.00059552	0.8958
-373.5	94.1333	0.00194141	0.7477
-369.0	94.1333	0.000397675	0.3022
-364.5	94.1333	0.000358108	0.3438
-360.0	94.1333	0.000244091	0.372
-355.5	94.1333	0.000228947	0.3554
-351.0	94.1333	0.00127628	0.8677
-346.5	94.1333	0.000291695	0.3175
-342.0	94.1333	0.000436745	0.2901
-337.5	94.1333	0.00158436	0.6895
-333.0	94.1333	0.000217135	0.4078
-328.5	94.1333	0.000235627	0.3499
-324.0	94.1333	0.00284524	0.8522
-319.5	94.1333	0.00153977	0.82
-315.0	94.1333	0.00227448	0.8604
-310.5	94.1333	0.000241997	0.3345
-306.0	94.1333	0.000206191	0.3328
-301.5	94.1333	0.00237448	0.8561
-297.0	94.1333	0.00095534	0.5744
-292.5	94.1333	0.000496703	0.3068
-288.0	94.1333	0.0020597	0.558
-283.5	94.1333	0.00155411	0.584
-279.0	94.1333	0.00180234	0.6084
-274.5	94.1333	0.00211389	0.5869
-270.0	94.1333	0.00234271	0.6419
-265.5	94.1333	0.00996112	0.4815
-261.0	94.1333	0.00323052	0.836
-256.5	94.1333	0.00431399	0.4594
-252.0	94.1333	0.00396113	0.4998
-247.5	94.1333	0.0033476	0.4427
-243.0	94.1333	0.00091451	0.1904
-238.5	94.1333	0.00145359	0.4843
-234.0	94.1333	0.0049089	0.5121
-229.5	94.1333	0.00673624	0.5072
-225.0	94.1333	0.00192241	0.4637
-220.5	94.1333	0.00485703	0.4204
-216.0	94.1333	0.00717806	0.4121
-211.5	94.1333	0.0114523	0.5234
-207.0	94.1333	0.00557143	0.4621
-202.5	94.1333	0.00620602	0.3979
-198.0	94.1333	0.00730364	0.4685
-193.5	94.1333	0.00967848	0.3922
-189.0	94.1333	0.0139542	0.3175
-184.5	94.1333	0.00989468	0.3876
-180.0	94.1333	0.0149857	0.3525
-175.5	94.1333	0.0126706	0.3336
-171.0	94.1333	0.0108242	0.3704
-166.5	94.1333	0.0195947	0.294
-162.0	94.1333	0.0132413	0.2656
-157.5	94.1333	0.0100669	0.3456
-153.0	94.1333	0.0185055	0.31
-148.5	94.1333	0.0175944	0.2418
-144.0	94.1333	0.0173136	0.3144
-139.5	94.1333	0.0246945	0.2646
-135.0	94.1333	0.0224649	0.2886
-130.5	94.1333	0.0207036	0.2658
-126.0	94.1333	0.0241501	0.242
-121.5	94.1333	0.0261163	0.2292
-117.0	94.1333	0.0351553	0.219
-112.5	94.1333	0.0256076	0.2341
-108.0	94.1333	0.0426064	0.2068
-103.5	94.1333	0.0362652	0.1858
-99.0	94.1333	0.0428404	0.1822
-94.5	94.1333	0.0551058	0.1687
-90.0	94.1333	0.0489122	0.1955
-85.5	94.1333	0.0580383	0.1601
-81.0	94.1333	0.0363181	0.176
-76.5	94.1333	0.066731	0.1573
-72.0	94.1333	0.0600219	0.1675
-67.5	94.1333	0.0634262	0.1545
-63.0	94.1333	0.0549593	0.1709
-58.5	94.1333	0.0575552	0.1678
-54.0	94.1333	0.0639453	0.1547
-49.5	94.1333	0.0551105	0.1521
-45.0	94.1333	0.0662721	0.1657
-40.5	94.1333	0.0736683	0.1582
-36.0	94.1333	0.0716654	0.1503
-31.5	94.1333	0.0874091	0.1454
-27.0	94.1333	0.0885461	0.1436
-22.5	94.1333	0.0806109	0.1341
-18.0	94.1333	0.0794	0.1411
-13.5	94.1333	0.0809728	0.1309
-9.0	94.1333	0.0971271	0.1362
-4.5	94.1333	0.0750284	0.1475
0.0	94.1333	0.0863967	0.1364
4.5	94.1333	0.0962834	0.1235
9.0	94.1333	0.0870934	0.136
13.5	94.1333	0.106121	0.1238
18.0	94.1333	0.0816367	0.137
22.5	94.1333	0.081423	0.1357
27.0	94.1333	0.0796409	0.1505
31.5	94.1333	0.0742925	0.164
36.0	94.1333	0.067763	0.1499
40.5	94.1333	0.0661485	0.1507
45.0	94.1333	0.0603011	0.1498
49.5	94.1333	0.0918289	0.1405
54.0	94.1333	0.0632704	0.1563
58.5	94.1333	0.0670765	0.1658
63.0	94.1333	0.0631872	0.1539
67.5	94.1333	0.0729964	0.1501
72.0	94.1333	0.0396303	0.1642
76.5	94.1333	0.0505716	0.1712
81.0	94.1333	0.0493677	0.1889
85.5	94.1333	0.0576643	0.1597
90.0	94.1333	0.0694953	0.1492
94.5	94.1333	0.0552653	0.1928
99.0	94.1333	0.0552317	0.1607
103.5	94.1333	0.0391671	0.1998
108.0	94.1333	0.0366439	0.1938
112.5	94.1333	0.0362191	0.2354
117.0	94.1333	0.0374618	0.1853
121.5	94.1333	0.0516279	0.1857
126.0	94.1333	0.0375384	0.2086
130.5	94.1333	0.0386601	0.2106
135.0	94.1333	0.0269512	0.2512
139.5	94.1333	0.0261395	0.2633
144.0	94.1333	0.0191229	0.2964
148.5	94.1333	0.0286441	0.2454
153.0	94.1333	0.0189487	0.2802
157.5	94.1333	0.0201884	0.2559
162.0	94.1333	0.0216012	0.2743
166.5	94.1333	0.0254244	0.2398
171.0	94.1333	0.0198304	0.2564
175.5	94.1333	0.016033	0.3309
180.0	94.1333	0.0174955	0.284
184.5	94.1333	0.0196399	0.2934
189.0	94.1333	0.0108189	0.3933
193.5	94.1333	0.00549819	0.4138
198.0	94.1333	0.0116836	0.4057
202.5	94.1333	0.0136308	0.3272
207.0	94.1333	0.00983429	0.3183
211.5	94.1333	0.00464426	0.3886
216.0	94.1333	0.0114289	0.352
220.5	94.1333	0.00573055	0.5142
225.0	94.1333	0.0096506	0.3777
229.5	94.1333	0.013415	0.3977
234.0	94.1333	0.0127938	0.3842
238.5	94.1333	0.00730108	0.5777
243.0	94.1333	0.00505149	0.5574
247.5	94.1333	0.0032055	0.6647
252.0	94.1333	0.00234812	0.7369
256.5	94.1333	0.00233841	0.5923
261.0	94.1333	0.00859089	0.419
265.5	94.1333	0.00517946	0.4639
270.0	94.1333	0.00758344	0.6078
274.5	94.1333	0.00677498	0.462
279.0	94.1333	0.0094052	0.4744
283.5	94.1333	0.0037634	0.5602
288.0	94.1333	0.000570625	0.2293
292.5	94.1333	0.00455211	0.555
297.0	94.1333	0.00590446	0.5971
301.5	94.1333	0.00115509	0.5186
306.0	94.1333	0.00328996	0.6187
310.5	94.1333	0.000416648	0.2484
315.0	94.1333	0.00258001	0.7288
319.5	94.1333	0.00426056	0.6243
324.0	94.1333	0.00201198	0.8009
328.5	94.1333	0.00141093	0.5813
333.0	94.1333	0.000352809	0.3511
337.5	94.1333	0.000456934	0.2872
342.0	94.1333	0.000311282	0.3147
346.5	94.1333	0.000492549	0.3861
351.0	94.1333	0.00136318	0.6181
355.5	94.1333	0.000342711	0.3348
360.0	94.1333	0.000153526	0.391
364.5	94.1333	0.00186431	0.918
369.0	94.1333	0.00216329	0.7362
373.5	94.1333	0.000587164	0.5778
378.0	94.1333	9.49289e-05	0.4818
382.5	94.1333	4.12547e-05	0.7639
387.0	94.1333	4.18281e-05	0.5604
391.5	94.1333	6.23929e-05	0.608
396.0	94.1333	9.53179e-05	0.7405
400.5	94.1333	8.57187e-05	0.6016
405.0	94.1333	1.58266e-05	1.0
409.5	94.1333	0.000130399	0.5385
414.0	94.1333	0.000105346	0.5859
418.5	94.1333	2.9191e-05	1.0
423.0	94.1333	4.72977e-05	1.0
427.5	94.1333	5.49408e-05	0.9333
432.0	94.1333	7.09344e-05	0.4817
436.5	94.1333	0.00194741	0.9358
441.0	94.1333	0.00150006	0.9949
445.5	94.1333	5.08897e-05	0.7041
-450.0	96.7	0.000109209	0.5041
-445.5	96.7	0.000209501	0.7069
-441.0	96.7	0.000102115	0.5569
-436.5	96.7	8.83018e-05	0.557
-432.0	96.7	9.97836e-05	0.5359
-427.5	96.7	0.00108339	0.8653
-423.0	96.7	5.29638e-05	0.6918
-418.5	96.7	2.01166e-05	1.0
-414.0	96.7	0.0	0.0
-409.5	96.7	4.08917e-05	1.0
-405.0	96.7	7.002e-05	0.7856
-400.5	96.7	9.11307e-05	0.6143
-396.0	96.7	0.000119493	0.5843
-391.5	96.7	0.00138817	0.8424
-387.0	96.7	0.000266769	0.4833
-382.5	96.7	0.000200489	0.4962
-378.0	96.7	0.000176144	0.4046
-373.5	96.7	0.000228708	0.3757
-369.0	96.7	0.000188859	0.3849
-364.5	96.7	0.000315764	0.391
-360.0	96.7	0.000230315	0.4027
-355.5	96.7	0.000210995	0.3162
-351.0	96.7	0.000236898	0.3669
-346.5	96.7	0.000234542	0.439
-342.0	96.7	0.000141464	0.3863
-337.5	96.7	0.000147125	0.4144
-333.0	96.7	6.75367e-05	0.4957
-328.5	96.7	0.000173332	0.4237
-324.0	96.7	0.0031892	0.6382
-319.5	96.7	0.00072609	0.6757
-315.0	96.7	0.00271037	0.8396
-310.5	96.7	0.000302153	0.313
-306.0	96.7	0.00142175	0.8288
-301.5	96.7	0.00285949	0.637
-297.0	96.7	0.000289833	0.2976
-292.5	96.7	0.000329658	0.3502
-288.0	96.7	0.00165629	0.6529
-283.5	96.7	0.00134173	0.743
-279.0	96.7	0.00277821	0.6727
-274.5	96.7	0.00482266	0.6523
-270.0	96.7	0.00263444	0.8922
-265.5	96.7	0.00162412	0.4987
-261.0	96.7	0.000821681	0.5408
-256.5	96.7	0.00665192	0.489
-252.0	96.7	0.00265	0.497
-247.5	96.7	0.00720148	0.44
-243.0	96.7	0.00232164	0.6096
-238.5	96.7	0.0033165	0.5362
-234.0	96.7	0.00491931	0.5554
-229.5	96.7	0.00302647	0.5965
-225.0	96.7	0.00539835	0.4373
-220.5	96.7	0.00848912	0.613
-216.0	96.7	0.00590981	0.5845
-211.5	96.7	0.0083124	0.4344
-207.0	96.7	0.00649507	0.5367
-202.5	96.7	0.00447895	0.4567
-198.0	96.7	0.00553792	0.3813
-193.5	96.7	0.00543136	0.442
-189.0	96.7	0.00839654	0.3931
-184.5	96.7	0.00974838	0.3208
-180.0	96.7	0.0125509	0.2907
-175.5	96.7	0.0107905	0.2985
-171.0	96.7	0.0191269	0.3335
-166.5	96.7	0.00977432	0.3686
-162.0	96.7	0.00893144	0.2966
-157.5	96.7	0.0176924	0.2886
-153.0	96.7	0.023991	0.2356
-148.5	96.7	0.0196793	0.309
-144.0	96.7	0.0195205	0.2626
-139.5	96.7	0.0146855	0.2739
-135.0	96.7	0.0155074	0.267
-130.5	96.7	0.0194315	0.258
-126.0	96.7	0.0254461	0.2296
-121.5	96.7	0.0460129	0.2416
-117.0	96.7	0.0334324	0.2141
-112.5	96.7	0.0262036	0.2285
-108.0	96.7	0.0301587	0.236
-103.5	96.7	0.0377552	0.2045
-99.0	96.7	0.030789	0.2076
-94.5	96.7	0.0437062	0.1862
-90.0	96.7	0.0510861	0.1715
-85.5	96.7	0.0422779	0.2173
-81.0	96.7	0.0353193	0.2139
-76.5	96.7	0.058318	0.1739
-72.0	96.7	0.0503063	0.1699
-67.5	96.7	0.062973	0.1689
-63.0	96.7	0.0607536	0.1543
-58.5	96.7	0.0507597	0.1582
-54.0	96.7	0.0768219	0.1527
-49.5	96.7	0.0567338	0.162
-45.0	96.7	0.0732102	0.1513
-40.5	96.7	0.0592727	0.1696
-36.0	96.7	0.0720765	0.1468
-31.5	96.7	0.0871966	0.1444
-27.0	96.7	0.0852458	0.1315
-22.5	96.7	0.0991066	0.1342
-18.0	96.7	0.0747741	0.1439
-13.5	96.7	0.0861954	0.1296
-9.0	96.7	0.0568087	0.1437
-4.5	96.7	0.0909725	0.1353
0.0	96.7	0.0871093	0.1287
4.5	96.7	0.0792583	0.1339
9.0	96.7	0.10022	0.1306
13.5	96.7	0.0876551	0.1296
18.0	96.7	0.0645402	0.1364
22.5	96.7	0.069537	0.1558
27.0	96.7	0.0755299	0.1438
31.5	96.7	0.0755384	0.145
36.0	96.7	0.0713269	0.1362
40.5	96.7	0.0617734	0.1463
45.0	96.7	0.0656952	0.1436
49.5	96.7	0.08353	0.1446
54.0	96.7	0.0682646	0.1622
58.5	96.7	0.0587678	0.1615
63.0	96.7	0.071035	0.16
67.5	96.7	0.0685336	0.1482
72.0	96.7	0.0506474	0.1724
76.5	96.7	0.0647541	0.1589
81.0	96.7	0.0458784	0.1612
85.5	96.7	0.0630529	0.1639
90.0	96.7	0.0479081	0.171
94.5	96.7	0.0540271	0.183
99.0	96.7	0.0475675	0.1731
103.5	96.7	0.0458565	0.1786
108.0	96.7	0.0361619	0.2101
112.5	96.7	0.0397128	0.1884
117.0	96.7	0.0484583	0.1858
121.5	96.7	0.0306312	0.2122
126.0	96.7	0.03254	0.202
130.5	96.7	0.0355565	0.2316
135.0	96.7	0.021938	0.289
139.5	96.7	0.0281984	0.2674
144.0	96.7	0.0185708	0.259
148.5	96.7	0.0303605	0.2195
153.0	96.7	0.0166494	0.2687
157.5	96.7	0.0188768	0.3024
162.0	96.7	0.0176557	0.3162
166.5	96.7	0.0247824	0.2562
171.0	96.7	0.0316074	0.254
175.5	96.7	0.0191478	0.2643
180.0	96.7	0.00798257	0.3487
184.5	96.7	0.0207894	0.3161
189.0	96.7	0.0143231	0.2745
193.5	96.7	0.0143345	0.422
198.0	96.7	0.0149431	0.2973
202.5	96.7	0.00977405	0.3531
207.0	96.7	0.00624861	0.366
211.5	96.7	0.0141358	0.3731
216.0	96.7	0.00480356	0.3884
220.5	96.7	0.00280559	0.7026
225.0	96.7	0.00703432	0.3616
229.5	96.7	0.00876655	0.3762
234.0	96.7	0.00727932	0.4845
238.5	96.7	0.00471891	0.4768
243.0	96.7	0.0050704	0.4684
247.5	96.7	0.00285323	0.7042
252.0	96.7	0.00634183	0.593
256.5	96.7	0.00165815	0.5451
261.0	96.7	0.0036468	0.4957
265.5	96.7	0.00555662	0.5735
270.0	96.7	0.00198678	0.4089
274.5	96.7	0.0137053	0.4287
279.0	96.7	0.00738179	0.5465
283.5	96.7	0.00752665	0.4411
288.0	96.7	0.000642725	0.4407
292.5	96.7	0.00180305	0.7305
297.0	96.7	0.00301694	0.6835
301.5	96.7	0.00474971	0.5298
306.0	96.7	0.00237301	0.8111
310.5	96.7	0.00113337	0.691
315.0	96.7	0.0020574	0.5409
319.5	96.7	0.00214264	0.6557
324.0	96.7	0.00116883	0.671
328.5	96.7	0.00326836	0.5564
333.0	96.7	0.000257435	0.3174
337.5	96.7	0.00123856	0.7247
342.0	96.7	0.00117963	0.7267
346.5	96.7	0.00272996	0.8107
351.0	96.7	0.000569649	0.6505
355.5	96.7	0.00250284	0.7291
360.0	96.7	0.000869931	0.7942
364.5	96.7	0.00267142	0.9136
369.0	96.7	0.00305048	0.9175
373.5	96.7	0.000246128	0.4444
378.0	96.7	0.00271395	0.9128
382.5	96.7	0.00118192	0.9192
387.0	96.7	0.000929894	0.9563
391.5	96.7	3.02823e-05	1.0
396.0	96.7	0.00378737	0.9955
400.5	96.7	0.00560886	0.9852
405.0	96.7	0.00144554	1.0
409.5	96.7	3.74225e-05	0.6768
414.0	96.7	5.51846e-05	0.722
418.5	96.7	7.70406e-05	1.0
423.0	96.7	6.66627e-05	0.6011
427.5	96.7	0.000151108	0.6534
432.0	96.7	0.000901056	0.9401
436.5	96.7	0.0012439	0.9577
441.0	96.7	3.8625e-05	0.6499
445.5	96.7	2.8938e-05	0.8597
-450.0	99.2667	0.00181941	0.946
-445.5	99.2667	0.000539509	0.9047
-441.0	99.2667	0.000106603	0.527
-436.5	99.2667	0.00167658	0.9298
-432.0	99.2667	0.000124955	0.5924
-427.5	99.2667	0.000208679	0.4364
-423.0	99.2667	0.000121101	0.6161
-418.5	99.2667	0.000160415	0.5207
-414.0	99.2667	0.000116237	0.558
-409.5	99.2667	0.000105357	0.6951
-405.0	99.2667	3.49529e-05	0.7229
-400.5	99.2667	3.09776e-05	1.0
-396.0	99.2667	7.5222e-05	0.6937
-391.5	99.2667	0.000131874	0.4403
-387.0	99.2667	8.2471e-05	0.4475
-382.5	99.2667	0.000165688	0.5144
-378.0	99.2667	0.00018852	0.4012
-373.5	99.2667	7.91509e-05	0.621
-369.0	99.2667	8.72662e-05	0.5855
-364.5	99.2667	0.00256334	0.7696
-360.0	99.2667	0.000166566	0.5242
-355.5	99.2667	0.000241853	0.6731
-351.0	99.2667	0.000239338	0.7283
-346.5	99.2667	0.000213485	0.3152
-342.0	99.2667	6.63589e-05	0.559
-337.5	99.2667	0.000272541	0.3537
-333.0	99.2667	0.000226215	0.335
-328.5	99.2667	0.00205562	0.9175
-324.0	99.2667	0.000349772	0.2913
-319.5	99.2667	0.00139873	0.8215
-315.0	99.2667	0.0010125	0.5858
-310.5	99.2667	0.000940728	0.5768
-306.0	99.2667	0.00036239	0.4778
-301.5	99.2667	0.00147739	0.7339
-297.0	99.2667	0.000430804	0.2657
-292.5	99.2667	0.000968214	0.6722
-288.0	99.2667	0.00133174	0.7059
-283.5	99.2667	0.00358809	0.6329
-279.0	99.2667	0.00372379	0.7457
-274.5	99.2667	0.00352424	0.9096
-270.0	99.2667	0.00217412	0.6553
-265.5	99.2667	0.000470747	0.2558
-261.0	99.2667	0.00197304	0.5636
-256.5	99.2667	0.00278465	0.5769
-252.0	99.2667	0.00697469	0.5723
-247.5	99.2667	0.0093212	0.4825
-243.0	99.2667	0.00705522	0.4454
-238.5	99.2667	0.000980304	0.239
-234.0	99.2667	0.00614632	0.5331
-229.5	99.2667	0.00637235	0.5083
-225.0	99.2667	0.00543031	0.8209
-220.5	99.2667	0.00412147	0.5816
-216.0	99.2667	0.00551203	0.4414
-211.5	99.2667	0.0106709	0.4587
-207.0	99.2667	0.00699643	0.4395
-202.5	99.2667	0.00294291	0.6655
-198.0	99.2667	0.00368833	0.4958
-193.5	99.2667	0.00301402	0.4679
-189.0	99.2667	0.00415821	0.4354
-184.5	99.2667	0.00712522	0.4763
-180.0	99.2667	0.00736684	0.4019
-175.5	99.2667	0.0112929	0.3626
-171.0	99.2667	0.00633598	0.3525
-166.5	99.2667	0.01032	0.3183
-162.0	99.2667	0.0104025	0.3433
-157.5	99.2667	0.00840262	0.3484
-153.0	99.2667	0.0173181	0.2626
-148.5	99.2667	0.0105032	0.3445
-144.0	99.2667	0.0138242	0.2856
-139.5	99.2667	0.00898998	0.3038
-135.0	99.2667	0.0150895	0.3314
-130.5	99.2667	0.0267844	0.2517
-126.0	99.2667	0.028125	0.2205
-121.5	99.2667	0.0351603	0.2103
-117.0	99.2667	0.0287163	0.2514
-112.5	99.2667	0.0366586	0.2081
-108.0	99.2667	0.0184635	0.2408
-103.5	99.2667	0.0373463	0.1899
-99.0	99.2667	0.0403686	0.1977
-94.5	99.2667	0.0406973	0.2424
-90.0	99.2667	0.0441802	0.1885
-85.5	99.2667	0.0336521	0.1928
-81.0	99.2667	0.0419666	0.1833
-76.5	99.2667	0.0445538	0.1844
-72.0	99.2667	0.061207	0.1565
-67.5	99.2667	0.0675247	0.1512
-63.0	99.2667	0.0909614	0.1488
-58.5	99.2667	0.0718675	0.1584
-54.0	99.2667	0.0620948	0.1646
-49.5	99.2667	0.0525872	0.1701
-45.0	99.2667	0.0666009	0.1542
-40.5	99.2667	0.067244	0.1722
-36.0	99.2667	0.0521126	0.161
-31.5	99.2667	0.0950983	0.1434
-27.0	99.2667	0.0774909	0.148
-22.5	99.2667	0.0897041	0.1387
-18.0	99.2667	0.073683	0.1444
-13.5	99.2667	0.0832792	0.1347
-9.0	99.2667	0.0957874	0.1322
-4.5	99.2667	0.0867061	0.1502
0.0	99.2667	0.0993683	0.1436
4.5	99.2667	0.0759664	0.1615
9.0	99.2667	0.082863	0.1467
13.5	99.2667	0.0849525	0.1433
18.0	99.2667	0.0684419	0.1429
22.5	99.2667	0.0603688	0.1506
27.0	99.2667	0.076411	0.1457
31.5	99.2667	0.0775086	0.1443
36.0	99.2667	0.0803252	0.1493
40.5	99.2667	0.0639718	0.1488
45.0	99.2667	0.0792708	0.14
49.5	99.2667	0.0683858	0.153
54.0	99.2667	0.093609	0.1378
58.5	99.2667	0.0616903	0.1638
63.0	99.2667	0.0663707	0.155
67.5	99.2667	0.0464764	0.1712
72.0	99.2667	0.0586717	0.1602
76.5	99.2667	0.040719	0.1791
81.0	99.2667	0.0571728	0.1681
85.5	99.2667	0.0433202	0.1693
90.0	99.2667	0.046558	0.165
94.5	99.2667	0.0346	0.1881
99.0	99.2667	0.0327433	0.2034
103.5	99.2667	0.0394644	0.2218
108.0	99.2667	0.0345242	0.1961
112.5	99.2667	0.0366288	0.207
117.0	99.2667	0.0440652	0.1967
121.5	99.2667	0.0269475	0.2499
126.0	99.2667	0.0256761	0.2598
130.5	99.2667	0.0230869	0.2775
135.0	99.2667	0.016886	0.2238
139.5	99.2667	0.0316346	0.2495
144.0	99.2667	0.0207535	0.2529
148.5	99.2667	0.0298274	0.2807
153.0	99.2667	0.015368	0.2781
157.5	99.2667	0.022997	0.26
162.0	99.2667	0.018772	0.319
166.5	99.2667	0.020949	0.3267
171.0	99.2667	0.0179329	0.2707
175.5	99.2667	0.0166027	0.3036
180.0	99.2667	0.0113229	0.3784
184.5	99.2667	0.0206631	0.2885
189.0	99.2667	0.0119064	0.3001
193.5	99.2667	0.0128445	0.3088
198.0	99.2667	0.00774712	0.4144
202.5	99.2667	0.00642068	0.3995
207.0	99.2667	0.00875113	0.388
211.5	99.2667	0.00643265	0.4577
216.0	99.2667	0.00605756	0.4953
220.5	99.2667	0.00272129	0.6616
225.0	99.2667	0.00290149	0.4436
229.5	99.2667	0.00568413	0.5327
234.0	99.2667	0.00681052	0.45
238.5	99.2667	0.00354212	0.4937
243.0	99.2667	0.00477634	0.4228
247.5	99.2667	0.000681131	0.2179
252.0	99.2667	0.00577102	0.5217
256.5	99.2667	0.00130761	0.4078
261.0	99.2667	0.00365118	0.4165
265.5	99.2667	0.00544868	0.6431
270.0	99.2667	0.00330719	0.4211
274.5	99.2667	0.0068065	0.6041
279.0	99.2667	0.00221994	0.5578
283.5	99.2667	0.00561915	0.5187
288.0	99.2667	0.00428775	0.5165
292.5	99.2667	0.000364114	0.2975
297.0	99.2667	0.00161205	0.5858
301.5	99.2667	0.00235042	0.7683
306.0	99.2667	0.00039568	0.2678
310.5	99.2667	0.0028889	0.5266
315.0	99.2667	0.00276901	0.5017
319.5	99.2667	0.000452398	0.3254
324.0	99.2667	0.000265354	0.3019
328.5	99.2667	0.000397922	0.3294
333.0	99.2667	0.000505563	0.2759
337.5	99.2667	0.000626377	0.236
342.0	99.2667	0.00103437	0.8057
346.5	99.2667	0.00055789	0.6339
351.0	99.2667	0.00323674	0.7624
355.5	99.2667	0.000191077	0.47
360.0	99.2667	7.34177e-06	1.0
364.5	99.2667	0.000998184	0.8349
369.0	99.2667	0.000576567	0.5319
373.5	99.2667	0.000477927	0.545
378.0	99.2667	0.00021169	0.4033
382.5	99.2667	0.000154138	0.4343
387.0	99.2667	0.000184903	0.6497
391.5	99.2667	0.000157488	0.8625
396.0	99.2667	1.52563e-05	1.0
400.5	99.2667	8.30686e-06	1.0
405.0	99.2667	0.00410492	0.994
409.5	99.2667	0.00559995	0.9868
414.0	99.2667	0.00335301	0.9543
418.5	99.2667	0.0018552	0.9573
423.0	99.2667	2.8568e-05	0.9219
427.5	99.2667	3.58017e-05	1.0
432.0	99.2667	0.0	0.0
436.5	99.2667	0.00116474	0.93
441.0	99.2667	0.000112604	0.4906
445.5	99.2667	2.74527e-05	1.0
-450.0	101.833	9.00872e-05	0.6258
-445.5	101.833	0.000234019	1.0
-441.0	101.833	1.06634e-05	1.0
-436.5	101.833	8.66085e-05	0.7554
-432.0	101.833	9.50221e-05	0.5288
-427.5	101.833	9.85629e-05	0.5414
-423.0	101.833	0.00128527	0.856
-418.5	101.833	0.000140595	0.4903
-414.0	101.833	8.82548e-07	1.0
-409.5	101.833	5.93444e-05	0.6681
-405.0	101.833	9.07627e-05	0.7065
-400.5	101.833	0.000109214	0.5739
-396.0	101.833	6.41681e-05	0.6042
-391.5	101.833	0.000194751	0.4378
-387.0	101.833	5.97421e-05	0.8234
-382.5	101.833	0.000688941	0.9427
-378.0	101.833	0.000151123	0.3873
-373.5	101.833	0.000108472	0.5178
-369.0	101.833	9.30957e-05	0.5197
-364.5	101.833	0.000151848	0.4727
-360.0	101.833	0.00013446	0.4332
-355.5	101.833	0.000261896	0.3781
-351.0	101.833	0.000138905	0.4437
-346.5	101.833	0.000805557	0.8955
-342.0	101.833	0.000144053	0.3986
-337.5	101.833	9.86633e-05	0.5546
-333.0	101.833	0.000241284	0.2957
-328.5	101.833	0.00294112	0.9043
-324.0	101.833	0.000271967	0.3853
-319.5	101.833	0.00031989	0.3239
-315.0	101.833	0.00162918	0.8198
-310.5	101.833	0.000490407	0.2294
-306.0	101.833	0.00343771	0.7583
-301.5	101.833	0.00176975	0.4982
-297.0	101.833	0.0020291	0.779
-292.5	101.833	0.0006365	0.5235
-288.0	101.833	0.000530639	0.3202
-283.5	101.833	0.00229854	0.5829
-279.0	101.833	0.000784751	0.2809
-274.5	101.833	0.000365945	0.3723
-270.0	101.833	0.00507624	0.4915
-265.5	101.833	0.000976554	0.4443
-261.0	101.833	0.00135545	0.5735
-256.5	101.833	0.00143138	0.3584
-252.0	101.833	0.000884476	0.2163
-247.5	101.833	0.00628513	0.5114
-243.0	101.833	0.00520826	0.4749
-238.5	101.833	0.0019956	0.4672
-234.0	101.833	0.00213821	0.6067
-229.5	101.833	0.00242119	0.5511
-225.0	101.833	0.00372336	0.5407
-220.5	101.833	0.00710616	0.5579
-216.0	101.833	0.00981724	0.3697
-211.5	101.833	0.00415174	0.4121
-207.0	101.833	0.00777634	0.4592
-202.5	101.833	0.00500548	0.5158
-198.0	101.833	0.00722577	0.4317
-193.5	101.833	0.00408462	0.5212
-189.0	101.833	0.0084522	0.4072
-184.5	101.833	0.00692077	0.3979
-180.0	101.833	0.00661343	0.4621
-175.5	101.833	0.00997866	0.3849
-171.0	101.833	0.0125761	0.2916
-166.5	101.833	0.0134371	0.4019
-162.0	101.833	0.015648	0.3016
-157.5	101.833	0.0144821	0.2826
-153.0	101.833	0.0139223	0.3085
-148.5	101.833	0.0131406	0.2958
-144.0	101.833	0.0150861	0.2969
-139.5	101.833	0.0183641	0.241
-135.0	101.833	0.0263434	0.2489
-130.5	101.833	0.0382786	0.2216
-126.0	101.833	0.0236124	0.261
-121.5	101.833	0.0173182	0.253
-117.0	101.833	0.0291233	0.2354
-112.5	101.833	0.0352067	0.2231
-108.0	101.833	0.0290852	0.2084
-103.5	101.833	0.0439538	0.2043
-99.0	101.833	0.034495	0.208
-94.5	101.833	0.0326058	0.199
-90.0	101.833	0.0490188	0.1842
-85.5	101.833	0.059467	0.1786
-81.0	101.833	0.0505874	0.174
-76.5	101.833	0.0469253	0.1777
-72.0	101.833	0.0648058	0.1669
-67.5	101.833	0.0587947	0.1627
-63.0	101.833	0.0627302	0.1483
-58.5	101.833	0.0601822	0.1615
-54.0	101.833	0.0650874	0.155
-49.5	101.833	0.0614724	0.1587
-45.0	101.833	0.0538099	0.1556
-40.5	101.833	0.0509197	0.1718
-36.0	101.833	0.0681879	0.1514
-31.5	101.833	0.0728136	0.1477
-27.0	101.833	0.0813466	0.1453
-22.5	101.833	0.0761362	0.1458
-18.0	101.833	0.0835001	0.136
-13.5	101.833	0.0781311	0.1443
-9.0	101.833	0.080392	0.1291
-4.5	101.833	0.0854715	0.1328
0.0	101.833	0.0826249	0.1322
4.5	101.833	0.0856891	0.147
9.0	101.833	0.0862169	0.1362
13.5	101.833	0.0777451	0.1445
18.0	101.833	0.0837846	0.135
22.5	101.833	0.0839844	0.1334
27.0	101.833	0.0851925	0.1475
31.5	101.833	0.078282	0.1432
36.0	101.833	0.0865734	0.1493
40.5	101.833	0.0601409	0.1488
45.0	101.833	0.0532806	0.1677
49.5	101.833	0.0723309	0.1514
54.0	101.833	0.0720882	0.1434
58.5	101.833	0.0719115	0.144
63.0	101.833	0.0538562	0.1656
67.5	101.833	0.0467815	0.1795
72.0	101.833	0.0495373	0.1611
76.5	101.833	0.0602376	0.1603
81.0	101.833	0.0519423	0.1847
85.5	101.833	0.0432255	0.1823
90.0	101.833	0.0491172	0.1691
94.5	101.833	0.0430954	0.229
99.0	101.833	0.042175	0.1855
103.5	101.833	0.0356802	0.2078
108.0	101.833	0.0360451	0.1898
112.5	101.833	0.0293223	0.1977
117.0	101.833	0.0397682	0.212
121.5	101.833	0.0389827	0.2142
126.0	101.833	0.037027	0.2101
130.5	101.833	0.0168646	0.3012
135.0	101.833	0.0229557	0.2394
139.5	101.833	0.0238151	0.2242
144.0	101.833	0.0286201	0.2599
148.5	101.833	0.0248866	0.2745
153.0	101.833	0.0201175	0.2946
157.5	101.833	0.0203157	0.2713
162.0	101.833	0.027132	0.2495
166.5	101.833	0.0139929	0.3393
171.0	101.833	0.0162765	0.2648
175.5	101.833	0.00812722	0.3978
180.0	101.833	0.0122996	0.4107
184.5	101.833	0.00363968	0.3924
189.0	101.833	0.00958017	0.3231
193.5	101.833	0.00406362	0.3037
198.0	101.833	0.0085517	0.3524
202.5	101.833	0.0141063	0.3389
207.0	101.833	0.0125007	0.3348
211.5	101.833	0.00470987	0.3647
216.0	101.833	0.00538915	0.4673
220.5	101.833	0.006159	0.4727
225.0	101.833	0.00748861	0.395
229.5	101.833	0.00228225	0.3336
234.0	101.833	0.00474867	0.4574
238.5	101.833	0.00921319	0.337
243.0	101.833	0.00862562	0.5362
247.5	101.833	0.00187935	0.5459
252.0	101.833	0.000976333	0.2862
256.5	101.833	0.000887141	0.2435
261.0	101.833	0.00759367	0.716
265.5	101.833	0.0013297	0.7434
270.0	101.833	0.00207611	0.7479
274.5	101.833	0.00138866	0.3991
279.0	101.833	0.00272343	0.7387
283.5	101.833	0.00218048	0.4344
288.0	101.833	0.00391404	0.5412
292.5	101.833	0.00165443	0.7503
297.0	101.833	0.00199454	0.3978
301.5	101.833	0.00221469	0.5809
306.0	101.833	0.000566373	0.4498
310.5	101.833	0.00102662	0.7094
315.0	101.833	0.00609559	0.5035
319.5	101.833	0.00126192	0.4962
324.0	101.833	0.000376614	0.3447
328.5	101.833	0.00148703	0.918
333.0	101.833	0.000375049	0.3319
337.5	101.833	0.00147627	0.7096
342.0	101.833	0.000597341	0.2961
346.5	101.833	0.00185388	0.5454
351.0	101.833	0.000233202	0.3636
355.5	101.833	0.000153321	0.4147
360.0	101.833	0.000267265	0.3983
364.5	101.833	0.00102464	0.6487
369.0	101.833	0.000544429	0.6812
373.5	101.833	0.00128349	0.8343
378.0	101.833	0.000132583	0.4667
382.5	101.833	0.000134017	0.4764
387.0	101.833	0.000160573	0.5093
391.5	101.833	0.000104493	0.6332
396.0	101.833	0.000151577	0.8075
400.5	101.833	0.000164806	0.8331
405.0	101.833	2.17121e-05	1.0
409.5	101.833	5.39735e-05	0.8922
414.0	101.833	0.00237689	0.9799
418.5	101.833	0.0058599	0.9434
423.0	101.833	0.00509839	0.9711
427.5	101.833	1.04598e-05	1.0
432.0	101.833	5.87292e-05	0.7799
436.5	101.833	8.98748e-05	0.5017
441.0	101.833	0.000139022	0.4829
445.5	101.833	1.30865e-05	1.0
-450.0	104.4	1.60092e-05	1.0
-445.5	104.4	5.67147e-05	0.7289
-441.0	104.4	2.73829e-05	0.8132
-436.5	104.4	0.000127144	0.5324
-432.0	104.4	0.000197482	0.4238
-427.5	104.4	0.00024306	0.4333
-423.0	104.4	0.000255339	0.4384
-418.5	104.4	6.20077e-05	0.6271
-414.0	104.4	0.000117797	0.6039
-409.5	104.4	0.000109873	0.585
-405.0	104.4	0.000150378	0.4989
-400.5	104.4	5.77543e-05	0.7303
-396.0	104.4	0.000125589	0.5099
-391.5	104.4	0.000105684	0.481
-387.0	104.4	3.41568e-05	0.7128
-382.5	104.4	1.38572e-05	0.7149
-378.0	104.4	6.71197e-05	0.7175
-373.5	104.4	0.000117994	0.4857
-369.0	104.4	0.000130754	0.4303
-364.5	104.4	0.00195643	0.874
-360.0	104.4	0.000121545	0.4922
-355.5	104.4	0.000116974	0.4576
-351.0	104.4	7.07614e-05	0.4805
-346.5	104.4	0.00263579	0.9418
-342.0	104.4	0.00122379	0.8398
-337.5	104.4	0.00109272	0.6721
-333.0	104.4	0.00220098	0.8271
-328.5	104.4	0.00124675	0.6104
-324.0	104.4	0.00231423	0.8301
-319.5	104.4	0.00090422	0.6759
-315.0	104.4	0.000291496	0.3947
-310.5	104.4	0.000465135	0.2707
-306.0	104.4	0.000754278	0.2934
-301.5	104.4	0.00148798	0.764
-297.0	104.4	0.00230034	0.5564
-292.5	104.4	0.00275634	0.8197
-288.0	104.4	0.0016648	0.8189
-283.5	104.4	0.00189224	0.6763
-279.0	104.4	0.000459998	0.2917
-274.5	104.4	0.00039594	0.2955
-270.0	104.4	0.00233111	0.7947
-265.5	104.4	0.00509641	0.4527
-261.0	104.4	0.00521973	0.7944
-256.5	104.4	0.00458225	0.6164
-252.0	104.4	0.000572303	0.2962
-247.5	104.4	0.00651437	0.6526
-243.0	104.4	0.00353749	0.4899
-238.5	104.4	0.000835641	0.2536
-234.0	104.4	0.00255871	0.6918
-229.5	104.4	0.00267168	0.5527
-225.0	104.4	0.0041104	0.4706
-220.5	104.4	0.00676916	0.4761
-216.0	104.4	0.00565696	0.5541
-211.5	104.4	0.00519269	0.4006
-207.0	104.4	0.00375096	0.405
-202.5	104.4	0.0114586	0.3755
-198.0	104.4	0.00657863	0.3339
-193.5	104.4	0.00856758	0.3981
-189.0	104.4	0.0124291	0.4164
-184.5	104.4	0.0195675	0.3215
-180.0	104.4	0.00930311	0.4132
-175.5	104.4	0.00251215	0.2895
-171.0	104.4	0.0103237	0.4383
-166.5	104.4	0.00790984	0.2931
-162.0	104.4	0.0121046	0.327
-157.5	104.4	0.0130924	0.36
-153.0	104.4	0.0160373	0.2794
-148.5	104.4	0.018304	0.3006
-144.0	104.4	0.0144409	0.2852
-139.5	104.4	0.0253879	0.2381
-135.0	104.4	0.0138365	0.2995
-130.5	104.4	0.0273915	0.2564
-126.0	104.4	0.0195974	0.2556
-121.5	104.4	0.0302931	0.2172
-117.0	104.4	0.029999	0.2184
-112.5	104.4	0.0303565	0.209
-108.0	104.4	0.0211888	0.2129
-103.5	104.4	0.0276204	0.2211
-99.0	104.4	0.0301254	0.197
-94.5	104.4	0.0373507	0.1937
-90.0	104.4	0.0456229	0.1912
-85.5	104.4	0.0392931	0.1867
-81.0	104.4	0.059161	0.1915
-76.5	104.4	0.05749	0.1792
-72.0	104.4	0.0396588	0.1797
-67.5	104.4	0.0437925	0.1975
-63.0	104.4	0.0673179	0.1594
-58.5	104.4	0.0640545	0.1623
-54.0	104.4	0.0550004	0.1726
-49.5	104.4	0.0569104	0.1597
-45.0	104.4	0.0630893	0.1586
-40.5	104.4	0.0542701	0.1668
-36.0	104.4	0.0462499	0.1729
-31.5	104.4	0.0741984	0.1537
-27.0	104.4	0.0768845	0.1395
-22.5	104.4	0.0640153	0.1462
-18.0	104.4	0.067794	0.1645
-13.5	104.4	0.0696738	0.1431
-9.0	104.4	0.0899212	0.1239
-4.5	104.4	0.0720144	0.1366
0.0	104.4	0.0842447	0.1398
4.5	104.4	0.0940808	0.1399
9.0	104.4	0.0775921	0.1407
13.5	104.4	0.0815773	0.1711
18.0	104.4	0.0743423	0.1503
22.5	104.4	0.0622762	0.1427
27.0	104.4	0.0925533	0.1298
31.5	104.4	0.0713466	0.1419
36.0	104.4	0.0737368	0.1407
40.5	104.4	0.0744973	0.1464
45.0	104.4	0.0685685	0.1457
49.5	104.4	0.0630829	0.175
54.0	104.4	0.0565038	0.1534
58.5	104.4	0.0630607	0.1497
63.0	104.4	0.0795143	0.1416
67.5	104.4	0.0489233	0.1671
72.0	104.4	0.0479404	0.1764
76.5	104.4	0.0467415	0.1658
81.0	104.4	0.0408041	0.196
85.5	104.4	0.0299592	0.1815
90.0	104.4	0.0473948	0.1798
94.5	104.4	0.0427152	0.1673
99.0	104.4	0.0462521	0.1938
103.5	104.4	0.0514581	0.1872
108.0	104.4	0.049057	0.1828
112.5	104.4	0.0483166	0.2149
117.0	104.4	0.0304731	0.2099
121.5	104.4	0.0320746	0.2474
126.0	104.4	0.0349232	0.2272
130.5	104.4	0.0229386	0.2715
135.0	104.4	0.0238138	0.253
139.5	104.4	0.0299769	0.2284
144.0	104.4	0.0180171	0.2652
148.5	104.4	0.0212325	0.2498
153.0	104.4	0.015688	0.2802
157.5	104.4	0.0188402	0.2322
162.0	104.4	0.0129652	0.2579
166.5	104.4	0.0190336	0.3712
171.0	104.4	0.0117293	0.2914
175.5	104.4	0.0193789	0.2703
180.0	104.4	0.0129314	0.3377
184.5	104.4	0.0144903	0.3062
189.0	104.4	0.013671	0.4884
193.5	104.4	0.00983525	0.4034
198.0	104.4	0.00905331	0.3615
202.5	104.4	0.0144351	0.3271
207.0	104.4	0.00900124	0.3422
211.5	104.4	0.0112406	0.3445
216.0	104.4	0.00645823	0.3819
220.5	104.4	0.00567256	0.419
225.0	104.4	0.00958937	0.3755
229.5	104.4	0.00799656	0.4595
234.0	104.4	0.00570391	0.4867
238.5	104.4	0.00317003	0.4567
243.0	104.4	0.00199374	0.4249
247.5	104.4	0.00180845	0.3886
252.0	104.4	0.00513971	0.4452
256.5	104.4	0.00383345	0.5451
261.0	104.4	0.00129698	0.3121
265.5	104.4	0.00201371	0.7222
270.0	104.4	0.000660576	0.2267
274.5	104.4	0.00212843	0.5465
279.0	104.4	0.00368605	0.5066
283.5	104.4	0.00389939	0.4395
288.0	104.4	0.00225648	0.5779
292.5	104.4	0.00211799	0.5691
297.0	104.4	0.00213613	0.7261
301.5	104.4	0.0017594	0.7826
306.0	104.4	0.00115686	0.4901
310.5	104.4	0.00129418	0.75
315.0	104.4	0.000344536	0.3346
319.5	104.4	0.000533444	0.2634
324.0	104.4	0.000973276	0.4643
328.5	104.4	0.000470891	0.2677
333.0	104.4	0.00142723	0.7499
337.5	104.4	0.00160631	0.3952
342.0	104.4	0.000151366	0.3722
346.5	104.4	0.00125109	0.71
351.0	104.4	0.0058607	0.6165
355.5	104.4	0.00010206	0.5132
360.0	104.4	0.000187671	0.4619
364.5	104.4	0.00144203	0.8339
369.0	104.4	0.000178594	0.3632
373.5	104.4	0.00114086	0.863
378.0	104.4	0.000186031	0.4345
382.5	104.4	7.35845e-05	0.667
387.0	104.4	9.8796e-05	0.5247
391.5	104.4	0.000175832	0.4574
396.0	104.4	7.30632e-05	0.7808
400.5	104.4	0.00173142	0.9657
405.0	104.4	0.000112032	1.0
409.5	104.4	0.00015055	0.8954
414.0	104.4	2.81679e-05	1.0
418.5	104.4	3.63652e-05	0.8286
423.0	104.4	0.000717251	0.8118
427.5	104.4	0.0055913	0.9883
432.0	104.4	0.00560899	0.9852
436.5	104.4	0.00120031	0.9789
441.0	104.4	5.02297e-05	0.5924
445.5	104.4	3.39389e-06	1.0
-450.0	106.967	6.72582e-05	0.6053
-445.5	106.967	0.000619189	0.9808
-441.0	106.967	0.000141522	0.5798
-436.5	106.967	0.000135909	0.5919
-432.0	106.967	0.00133164	0.9533
-427.5	106.967	0.000773447	0.8613
-423.0	106.967	0.000111577	0.5802
-418.5	106.967	0.000153436	0.4597
-414.0	106.967	5.476e-05	0.7707
-409.5	106.967	5.47522e-05	0.931
-405.0	106.967	6.98274e-05	0.5897
-400.5	106.967	0.000111743	0.5428
-396.0	106.967	0.000124601	0.5797
-391.5	106.967	5.32844e-05	0.7795
-387.0	106.967	6.33465e-05	0.67
-382.5	106.967	6.39086e-05	0.5816
-378.0	106.967	6.23505e-05	0.5318
-373.5	106.967	0.000646976	0.7111
-369.0	106.967	0.00148051	0.8716
-364.5	106.967	0.000297196	0.7089
-360.0	106.967	0.000144049	0.4459
-355.5	106.967	0.000277629	0.3352
-351.0	106.967	0.000148119	0.3744
-346.5	106.967	0.00143436	0.6914
-342.0	106.967	0.000419459	0.3221
-337.5	106.967	0.00457724	0.6578
-333.0	106.967	0.00331727	0.8919
-328.5	106.967	0.000405661	0.31
-324.0	106.967	0.000205441	0.3819
-319.5	106.967	0.00156825	0.8431
-315.0	106.967	0.00492593	0.5709
-310.5	106.967	0.00218503	0.7995
-306.0	106.967	0.000685254	0.5539
-301.5	106.967	0.00118525	0.6385
-297.0	106.967	0.000813495	0.6099
-292.5	106.967	0.00330278	0.6251
-288.0	106.967	0.00144404	0.8086
-283.5	106.967	0.00122595	0.6108
-279.0	106.967	0.000892834	0.4564
-274.5	106.967	0.00137165	0.3893
-270.0	106.967	0.00662483	0.4804
-265.5	106.967	0.00763419	0.7469
-261.0	106.967	0.00384163	0.6402
-256.5	106.967	0.00509998	0.6174
-252.0	106.967	0.00204005	0.4188
-247.5	106.967	0.00349327	0.5933
-243.0	106.967	0.00420008	0.4758
-238.5	106.967	0.000505754	0.2786
-234.0	106.967	0.00276517	0.825
-229.5	106.967	0.0032212	0.4871
-225.0	106.967	0.00722245	0.5938
-220.5	106.967	0.00575453	0.4818
-216.0	106.967	0.0051968	0.452
-211.5	106.967	0.000910846	0.1711
-207.0	106.967	0.00587444	0.4387
-202.5	106.967	0.0054826	0.5835
-198.0	106.967	0.0121847	0.3779
-193.5	106.967	0.00499981	0.3848
-189.0	106.967	0.0132199	0.3177
-184.5	106.967	0.00706391	0.3845
-180.0	106.967	0.00764464	0.4418
-175.5	106.967	0.00513247	0.5935
-171.0	106.967	0.0113532	0.3473
-166.5	106.967	0.0137745	0.3221
-162.0	106.967	0.0188212	0.3112
-157.5	106.967	0.0148082	0.3272
-153.0	106.967	0.01545	0.3276
-148.5	106.967	0.0127286	0.3288
-144.0	106.967	0.0189704	0.2686
-139.5	106.967	0.0238875	0.2483
-135.0	106.967	0.0219994	0.2601
-130.5	106.967	0.0299387	0.242
-126.0	106.967	0.0218878	0.2925
-121.5	106.967	0.0211758	0.2588
-117.0	106.967	0.0384656	0.2018
-112.5	106.967	0.0388403	0.1926
-108.0	106.967	0.0323757	0.2404
-103.5	106.967	0.0472019	0.195
-99.0	106.967	0.0425212	0.1846
-94.5	106.967	0.0354894	0.1883
-90.0	106.967	0.0521888	0.1779
-85.5	106.967	0.0591795	0.1928
-81.0	106.967	0.043623	0.1907
-76.5	106.967	0.0441307	0.1979
-72.0	106.967	0.0291598	0.2097
-67.5	106.967	0.0526101	0.1679
-63.0	106.967	0.0524592	0.154
-58.5	106.967	0.0414064	0.168
-54.0	106.967	0.0490576	0.1931
-49.5	106.967	0.0632306	0.1579
-45.0	106.967	0.0570394	0.153
-40.5	106.967	0.0671258	0.1578
-36.0	106.967	0.0471522	0.1732
-31.5	106.967	0.0584915	0.1666
-27.0	106.967	0.0807709	0.1575
-22.5	106.967	0.0556196	0.158
-18.0	106.967	0.0649986	0.1426
-13.5	106.967	0.0744914	0.1737
-9.0	106.967	0.0761175	0.1353
-4.5	106.967	0.0832377	0.1479
0.0	106.967	0.0715053	0.1425
4.5	106.967	0.108319	0.1407
9.0	106.967	0.0714845	0.1502
13.5	106.967	0.0557047	0.141
18.0	106.967	0.0705574	0.1469
22.5	106.967	0.0772474	0.1548
27.0	106.967	0.0761836	0.1559
31.5	106.967	0.0542186	0.1515
36.0	106.967	0.0772351	0.1539
40.5	106.967	0.0659274	0.1616
45.0	106.967	0.0682443	0.1656
49.5	106.967	0.053029	0.16
54.0	106.967	0.0637033	0.1641
58.5	106.967	0.0673495	0.1565
63.0	106.967	0.059177	0.1656
67.5	106.967	0.0749816	0.1517
72.0	106.967	0.0541897	0.17
76.5	106.967	0.0412937	0.1671
81.0	106.967	0.0477591	0.2044
85.5	106.967	0.0335477	0.207
90.0	106.967	0.0446577	0.1756
94.5	106.967	0.067846	0.162
99.0	106.967	0.0330721	0.1842
103.5	106.967	0.0312328	0.2
108.0	106.967	0.033836	0.2214
112.5	106.967	0.026874	0.2225
117.0	106.967	0.0311414	0.22
121.5	106.967	0.0232133	0.2143
126.0	106.967	0.0287856	0.2173
130.5	106.967	0.0231904	0.2848
135.0	106.967	0.0271127	0.2271
139.5	106.967	0.0171782	0.3478
144.0	106.967	0.0274995	0.229
148.5	106.967	0.0188947	0.217
153.0	106.967	0.0262176	0.2627
157.5	106.967	0.0167457	0.2725
162.0	106.967	0.00496136	0.2656
166.5	106.967	0.0134566	0.323
171.0	106.967	0.0239262	0.2358
175.5	106.967	0.0101562	0.3591
180.0	106.967	0.0114354	0.328
184.5	106.967	0.0132937	0.2809
189.0	106.967	0.0148248	0.3567
193.5	106.967	0.0169458	0.3927
198.0	106.967	0.0069825	0.4134
202.5	106.967	0.00294146	0.4735
207.0	106.967	0.00325275	0.6402
211.5	106.967	0.0096177	0.3738
216.0	106.967	0.00562385	0.4186
220.5	106.967	0.0146489	0.3513
225.0	106.967	0.0103483	0.3769
229.5	106.967	0.00488778	0.4126
234.0	106.967	0.00522753	0.455
238.5	106.967	0.00743804	0.5619
243.0	106.967	0.00935974	0.5547
247.5	106.967	0.00484168	0.5903
252.0	106.967	0.00681397	0.392
256.5	106.967	0.0106562	0.4554
261.0	106.967	0.00704001	0.4092
265.5	106.967	0.00269149	0.5239
270.0	106.967	0.00626224	0.4497
274.5	106.967	0.00808091	0.4321
279.0	106.967	0.0028405	0.569
283.5	106.967	0.00269059	0.5945
288.0	106.967	0.00284298	0.5095
292.5	106.967	0.00526066	0.5947
297.0	106.967	0.00125817	0.391
301.5	106.967	0.00347092	0.7262
306.0	106.967	0.000667911	0.2189
310.5	106.967	0.000608006	0.2298
315.0	106.967	0.000436018	0.2796
319.5	106.967	0.000320243	0.2857
324.0	106.967	0.000679271	0.4799
328.5	106.967	0.000400438	0.2907
333.0	106.967	0.000296872	0.3391
337.5	106.967	0.000998245	0.6495
342.0	106.967	0.000239482	0.3206
346.5	106.967	0.000711053	0.6911
351.0	106.967	0.00200261	0.6884
355.5	106.967	0.00114408	0.8409
360.0	106.967	0.000215368	0.3754
364.5	106.967	0.000412054	0.4246
369.0	106.967	0.000110519	0.4984
373.5	106.967	0.000294933	0.5364
378.0	106.967	9.55722e-05	0.5992
382.5	106.967	6.59029e-05	0.663
387.0	106.967	7.42903e-05	0.6662
391.5	106.967	9.38327e-05	0.5515
396.0	106.967	0.00182174	0.9559
400.5	106.967	0.000844909	0.9672
405.0	106.967	2.59446e-05	1.0
409.5	106.967	5.20973e-05	0.7491
414.0	106.967	0.000136276	0.7946
418.5	106.967	7.0756e-05	0.5184
423.0	106.967	5.22707e-05	0.7104
427.5	106.967	8.60128e-05	0.7527
432.0	106.967	0.000116616	0.6467
436.5	106.967	0.00232956	0.9518
441.0	106.967	9.91685e-05	0.6521
445.5	106.967	0.000146733	0.4292
-450.0	109.533	6.63364e-05	0.7036
-445.5	109.533	0.00011537	0.6607
-441.0	109.533	8.36785e-05	0.5687
-436.5	109.533	3.224e-05	0.7611
-432.0	109.533	0.000146393	0.4649
-427.5	109.533	8.18646e-05	0.5863
-423.0	109.533	0.00131715	0.9879
-418.5	109.533	1.73854e-05	0.8424
-414.0	109.533	3.97752e-05	0.9807
-409.5	109.533	0.00129237	0.9371
-405.0	109.533	9.26598e-05	0.5503
-400.5	109.533	0.000108547	0.5578
-396.0	109.533	7.4371e-05	0.8625
-391.5	109.533	6.10374e-05	0.7207
-387.0	109.533	0.000155623	0.4231
-382.5	109.533	2.44326e-05	1.0
-378.0	109.533	0.000103752	0.4674
-373.5	109.533	2.02385e-05	0.846
-369.0	109.533	6.23438e-05	0.4768
-364.5	109.533	0.000153386	0.4756
-360.0	109.533	0.000226712	0.4033
-355.5	109.533	0.00017364	0.4268
-351.0	109.533	0.000381064	0.3132
-346.5	109.533	0.000506705	0.3656
-342.0	109.533	0.00107415	0.8606
-337.5	109.533	0.000328503	0.2817
-333.0	109.533	0.00139469	0.6008
-328.5	109.533	0.000331179	0.6699
-324.0	109.533	0.000227947	0.3536
-319.5	109.533	0.00357741	0.6609
-315.0	109.533	0.00223813	0.705
-310.5	109.533	0.00285617	0.699
-306.0	109.533	0.00174353	0.7298
-301.5	109.533	0.00162301	0.8502
-297.0	109.533	0.000333063	0.3169
-292.5	109.533	0.000423847	0.3042
-288.0	109.533	0.000331659	0.3023
-283.5	109.533	0.00152124	0.634
-279.0	109.533	0.00137203	0.5375
-274.5	109.533	0.00320809	0.6997
-270.0	109.533	0.003407	0.8163
-265.5	109.533	0.00312094	0.6314
-261.0	109.533	0.00544055	0.7548
-256.5	109.533	0.00373982	0.4272
-252.0	109.533	0.00135048	0.3643
-247.5	109.533	0.00485545	0.6532
-243.0	109.533	0.00230343	0.5696
-238.5	109.533	0.00761478	0.5938
-234.0	109.533	0.0021707	0.5045
-229.5	109.533	0.00596267	0.513
-225.0	109.533	0.00725955	0.4745
-220.5	109.533	0.00118436	0.191
-216.0	109.533	0.0037069	0.3712
-211.5	109.533	0.00543833	0.5188
-207.0	109.533	0.00575287	0.4191
-202.5	109.533	0.00286281	0.4361
-198.0	109.533	0.00608965	0.4495
-193.5	109.533	0.0064501	0.3995
-189.0	109.533	0.0081703	0.3335
-184.5	109.533	0.00981223	0.3947
-180.0	109.533	0.00951869	0.4465
-175.5	109.533	0.00967301	0.4292
-171.0	109.533	0.00733694	0.4175
-166.5	109.533	0.0132032	0.3328
-162.0	109.533	0.0221681	0.277
-157.5	109.533	0.01551	0.3023
-153.0	109.533	0.021593	0.2926
-148.5	109.533	0.025917	0.2581
-144.0	109.533	0.0118671	0.2991
-139.5	109.533	0.0246271	0.2918
-135.0	109.533	0.014799	0.2703
-130.5	109.533	0.0250121	0.2534
-126.0	109.533	0.0266887	0.2325
-121.5	109.533	0.0255585	0.2302
-117.0	109.533	0.0338373	0.2222
-112.5	109.533	0.0350989	0.2164
-108.0	109.533	0.0279373	0.2465
-103.5	109.533	0.0347093	0.2258
-99.0	109.533	0.0286172	0.2049
-94.5	109.533	0.0429252	0.1906
-90.0	109.533	0.0398779	0.1778
-85.5	109.533	0.0302643	0.2011
-81.0	109.533	0.0300665	0.2199
-76.5	109.533	0.0415433	0.1731
-72.0	109.533	0.0444333	0.1898
-67.5	109.533	0.0458594	0.1656
-63.0	109.533	0.0568876	0.1548
-58.5	109.533	0.0491706	0.172
-54.0	109.533	0.0440165	0.1734
-49.5	109.533	0.0467054	0.1811
-45.0	109.533	0.0480467	0.1782
-40.5	109.533	0.0508367	0.1745
-36.0	109.533	0.0543782	0.1688
-31.5	109.533	0.0605504	0.1564
-27.0	109.533	0.0740537	0.1364
-22.5	109.533	0.0711284	0.148
-18.0	109.533	0.0731558	0.1537
-13.5	109.533	0.0654431	0.1579
-9.0	109.533	0.0724845	0.1414
-4.5	109.533	0.0724529	0.16
0.0	109.533	0.0543695	0.1547
4.5	109.533	0.0764827	0.1539
9.0	109.533	0.0631507	0.1586
13.5	109.533	0.0460701	0.1853
18.0	109.533	0.0673377	0.1513
22.5	109.533	0.0738105	0.1516
27.0	109.533	0.0639437	0.1588
31.5	109.533	0.0763121	0.1496
36.0	109.533	0.0561647	0.1559
40.5	109.533	0.044173	0.1734
45.0	109.533	0.0568911	0.1548
49.5	109.533	0.0556866	0.1774
54.0	109.533	0.0547505	0.1664
58.5	109.533	0.0575477	0.1619
63.0	109.533	0.079173	0.1441
67.5	109.533	0.0417625	0.1625
72.0	109.533	0.0602363	0.17
76.5	109.533	0.0635407	0.1688
81.0	109.533	0.0540327	0.1805
85.5	109.533	0.0364234	0.2049
90.0	109.533	0.0349649	0.1911
94.5	109.533	0.0396521	0.1962
99.0	109.533	0.0338484	0.2008
103.5	109.533	0.0413848	0.2001
108.0	109.533	0.0331185	0.2531
112.5	109.533	0.0328662	0.209
117.0	109.533	0.0309267	0.2358
121.5	109.533	0.0286952	0.2203
126.0	109.533	0.0155416	0.2522
130.5	109.533	0.0176524	0.2628
135.0	109.533	0.0223939	0.2373
139.5	109.533	0.0229367	0.2195
144.0	109.533	0.0167181	0.2585
148.5	109.533	0.0131881	0.2741
153.0	109.533	0.0184924	0.2907
157.5	109.533	0.0152884	0.2834
162.0	109.533	0.0110786	0.3479
166.5	109.533	0.0104552	0.3783
171.0	109.533	0.0162629	0.3253
175.5	109.533	0.0226754	0.3049
180.0	109.533	0.0110707	0.3322
184.5	109.533	0.00838401	0.3248
189.0	109.533	0.0168033	0.3469
193.5	109.533	0.00986987	0.2862
198.0	109.533	0.0164059	0.3431
202.5	109.533	0.00707701	0.5046
207.0	109.533	0.00828071	0.6624
211.5	109.533	0.0159187	0.3581
216.0	109.533	0.00314063	0.3951
220.5	109.533	0.0078131	0.3409
225.0	109.533	0.00657642	0.4412
229.5	109.533	0.00442708	0.4782
234.0	109.533	0.0025429	0.465
238.5	109.533	0.0105208	0.4551
243.0	109.533	0.00234767	0.4922
247.5	109.533	0.0059761	0.5128
252.0	109.533	0.00833434	0.6252
256.5	109.533	0.00546771	0.551
261.0	109.533	0.00755368	0.4426
265.5	109.533	0.00113951	0.383
270.0	109.533	0.00375143	0.6092
274.5	109.533	0.0028612	0.4637
279.0	109.533	0.00243364	0.7224
283.5	109.533	0.00165003	0.6291
288.0	109.533	0.000763785	0.299
292.5	109.533	0.00196901	0.7813
297.0	109.533	0.00289325	0.6197
301.5	109.533	0.00282901	0.7311
306.0	109.533	0.000481325	0.2435
310.5	109.533	0.000662444	0.4307
315.0	109.533	0.000393613	0.3182
319.5	109.533	0.000548771	0.2401
324.0	109.533	0.000416915	0.2811
328.5	109.533	0.000452037	0.2642
333.0	109.533	0.00161471	0.6213
337.5	109.533	0.000343856	0.2903
342.0	109.533	0.00401827	0.5502
346.5	109.533	0.00619338	0.7291
351.0	109.533	0.000353153	0.3225
355.5	109.533	0.000585024	0.6897
360.0	109.533	0.000215051	0.3742
364.5	109.533	0.00122843	0.8462
369.0	109.533	0.00020943	0.4111
373.5	109.533	0.000224033	0.4175
378.0	109.533	0.000106925	0.5809
382.5	109.533	0.000131342	0.4904
387.0	109.533	7.59206e-05	0.5196
391.5	109.533	7.79124e-05	0.5244
396.0	109.533	4.69298e-05	0.6887
400.5	109.533	0.000937424	0.9536
405.0	109.533	0.000104417	0.5773
409.5	109.533	0.000415084	0.7134
414.0	109.533	0.000284464	0.7431
418.5	109.533	9.70076e-05	0.5866
423.0	109.533	2.11897e-05	0.7536
427.5	109.533	7.09274e-05	0.583
432.0	109.533	0.000127165	0.5124
436.5	109.533	0.00118598	0.8726
441.0	109.533	0.00264153	0.6974
445.5	109.533	9.05037e-05	0.7731
-450.0	112.1	1.92531e-05	0.7533
-445.5	112.1	0.000288494	0.7207
-441.0	112.1	0.00207482	0.9504
-436.5	112.1	0.00205851	0.9578
-432.0	112.1	0.0020433	0.9648
-427.5	112.1	0.00202986	0.9712
-423.0	112.1	0.00206682	0.9541
-418.5	112.1	0.00134598	0.6998
-414.0	112.1	3.5581e-05	1.0
-409.5	112.1	1.80621e-05	1.0
-405.0	112.1	1.25584e-05	1.0
-400.5	112.1	9.72604e-05	0.6082
-396.0	112.1	8.68297e-05	0.6147
-391.5	112.1	1.88252e-05	0.8355
-387.0	112.1	0.00142167	0.8753
-382.5	112.1	0.000116917	0.462
-378.0	112.1	0.000219055	0.4561
-373.5	112.1	7.48543e-05	0.5998
-369.0	112.1	0.000179406	0.5207
-364.5	112.1	0.000330453	0.352
-360.0	112.1	0.000977014	0.658
-355.5	112.1	0.00161413	0.7842
-351.0	112.1	0.000357139	0.2697
-346.5	112.1	0.000317276	0.3006
-342.0	112.1	0.000285625	0.5678
-337.5	112.1	0.0014993	0.6933
-333.0	112.1	0.00180941	0.6855
-328.5	112.1	0.000574694	0.5953
-324.0	112.1	0.00251275	0.7412
-319.5	112.1	0.00353772	0.6032
-315.0	112.1	0.000369681	0.3083
-310.5	112.1	0.000323516	0.299
-306.0	112.1	0.00021799	0.3207
-301.5	112.1	0.00302357	0.631
-297.0	112.1	0.00162008	0.8145
-292.5	112.1	0.00210279	0.8217
-288.0	112.1	0.000336371	0.3008
-283.5	112.1	0.000295626	0.3061
-279.0	112.1	0.000243167	0.3476
-274.5	112.1	0.000444925	0.2592
-270.0	112.1	0.00322676	0.8272
-265.5	112.1	0.00478919	0.8764
-261.0	112.1	0.002729	0.5971
-256.5	112.1	0.00438159	0.5844
-252.0	112.1	0.00599412	0.4352
-247.5	112.1	0.00167802	0.4991
-243.0	112.1	0.00248944	0.5874
-238.5	112.1	0.00125779	0.3062
-234.0	112.1	0.00215767	0.463
-229.5	112.1	0.0020895	0.5671
-225.0	112.1	0.00357875	0.7746
-220.5	112.1	0.0019793	0.4999
-216.0	112.1	0.00740419	0.3907
-211.5	112.1	0.00816236	0.4508
-207.0	112.1	0.00376846	0.3677
-202.5	112.1	0.0105886	0.3986
-198.0	112.1	0.00491334	0.4599
-193.5	112.1	0.00515955	0.3969
-189.0	112.1	0.00900323	0.3231
-184.5	112.1	0.00763815	0.4287
-180.0	112.1	0.00467913	0.3678
-175.5	112.1	0.007244	0.397
-171.0	112.1	0.00550346	0.4671
-166.5	112.1	0.00715749	0.2935
-162.0	112.1	0.0144754	0.3238
-157.5	112.1	0.010023	0.3096
-153.0	112.1	0.0150709	0.3386
-148.5	112.1	0.02452	0.3092
-144.0	112.1	0.0205336	0.2819
-139.5	112.1	0.0153781	0.2699
-135.0	112.1	0.0227108	0.256
-130.5	112.1	0.0224146	0.2485
-126.0	112.1	0.024686	0.268
-121.5	112.1	0.0241107	0.2523
-117.0	112.1	0.0177805	0.2922
-112.5	112.1	0.0291589	0.2091
-108.0	112.1	0.0296834	0.2531
-103.5	112.1	0.040261	0.2107
-99.0	112.1	0.0291216	0.2327
-94.5	112.1	0.0299922	0.2172
-90.0	112.1	0.03076	0.2119
-85.5	112.1	0.023234	0.2409
-81.0	112.1	0.0337392	0.242
-76.5	112.1	0.0443887	0.1721
-72.0	112.1	0.0424971	0.1913
-67.5	112.1	0.0497255	0.1828
-63.0	112.1	0.0580589	0.1596
-58.5	112.1	0.0614216	0.1497
-54.0	112.1	0.0443134	0.171
-49.5	112.1	0.0438938	0.1716
-45.0	112.1	0.0497877	0.1826
-40.5	112.1	0.0710871	0.167
-36.0	112.1	0.0580597	0.161
-31.5	112.1	0.0639001	0.1502
-27.0	112.1	0.0639376	0.1506
-22.5	112.1	0.0559917	0.1592
-18.0	112.1	0.0597336	0.1701
-13.5	112.1	0.0765993	0.1582
-9.0	112.1	0.0667698	0.1411
-4.5	112.1	0.0607274	0.1413
0.0	112.1	0.0648407	0.1557
4.5	112.1	0.0644716	0.1464
9.0	112.1	0.0719308	0.1373
13.5	112.1	0.0502802	0.164
18.0	112.1	0.0690904	0.1499
22.5	112.1	0.0677827	0.1575
27.0	112.1	0.0696384	0.1466
31.5	112.1	0.0623775	0.1551
36.0	112.1	0.0437571	0.1723
40.5	112.1	0.0540334	0.1609
45.0	112.1	0.0507603	0.169
49.5	112.1	0.0601548	0.1475
54.0	112.1	0.0426671	0.1726
58.5	112.1	0.0342725	0.1882
63.0	112.1	0.0712702	0.143
67.5	112.1	0.0446924	0.1739
72.0	112.1	0.0331298	0.2144
76.5	112.1	0.0380209	0.1822
81.0	112.1	0.0411413	0.1776
85.5	112.1	0.0384874	0.199
90.0	112.1	0.0342677	0.2003
94.5	112.1	0.0415611	0.1747
99.0	112.1	0.0274946	0.2512
103.5	112.1	0.0347061	0.2049
108.0	112.1	0.0368266	0.2004
112.5	112.1	0.0183192	0.2389
117.0	112.1	0.0242242	0.2364
121.5	112.1	0.0160777	0.2939
126.0	112.1	0.0178624	0.2343
130.5	112.1	0.0364855	0.2505
135.0	112.1	0.0190728	0.2385
139.5	112.1	0.0338757	0.2461
144.0	112.1	0.0158975	0.2612
148.5	112.1	0.0102544	0.3201
153.0	112.1	0.0161446	0.2794
157.5	112.1	0.0239191	0.2415
162.0	112.1	0.0214399	0.3129
166.5	112.1	0.0099537	0.2887
171.0	112.1	0.00781252	0.3509
175.5	112.1	0.00960748	0.4279
180.0	112.1	0.0122031	0.3091
184.5	112.1	0.0108538	0.3648
189.0	112.1	0.0134712	0.3119
193.5	112.1	0.0143571	0.3948
198.0	112.1	0.0078706	0.4084
202.5	112.1	0.00903078	0.3729
207.0	112.1	0.00276171	0.5617
211.5	112.1	0.00497282	0.4649
216.0	112.1	0.00908219	0.4489
220.5	112.1	0.0117003	0.3799
225.0	112.1	0.0104597	0.3911
229.5	112.1	0.00502565	0.3908
234.0	112.1	0.0050177	0.5904
238.5	112.1	0.0029622	0.5074
243.0	112.1	0.00841362	0.5652
247.5	112.1	0.00371933	0.5306
252.0	112.1	0.0029774	0.6668
256.5	112.1	0.000878272	0.3662
261.0	112.1	0.00293831	0.566
265.5	112.1	0.000305497	0.2727
270.0	112.1	0.00194976	0.5725
274.5	112.1	0.00394337	0.6508
279.0	112.1	0.000643455	0.3168
283.5	112.1	0.00584881	0.4576
288.0	112.1	0.00335138	0.5179
292.5	112.1	0.00109584	0.2875
297.0	112.1	0.00164408	0.6911
301.5	112.1	0.00258927	0.583
306.0	112.1	0.000418246	0.2691
310.5	112.1	0.000513123	0.3428
315.0	112.1	0.00225716	0.8997
319.5	112.1	0.00188164	0.7645
324.0	112.1	0.00684486	0.6515
328.5	112.1	0.00498091	0.9282
333.0	112.1	0.00581491	0.7907
337.5	112.1	0.00118694	0.7536
342.0	112.1	0.00065475	0.6146
346.5	112.1	0.000923224	0.4326
351.0	112.1	0.000248797	0.3625
355.5	112.1	0.00127473	0.7834
360.0	112.1	0.000224193	0.4238
364.5	112.1	0.00133734	0.7972
369.0	112.1	0.000208956	0.444
373.5	112.1	0.000172628	0.488
378.0	112.1	0.000204542	0.3852
382.5	112.1	8.54234e-05	0.5414
387.0	112.1	5.26367e-05	0.6483
391.5	112.1	0.000105654	0.5473
396.0	112.1	0.000287836	0.4449
400.5	112.1	0.000926388	0.7982
405.0	112.1	0.0039488	0.9695
409.5	112.1	0.00316765	0.9865
414.0	112.1	6.32925e-05	0.6167
418.5	112.1	8.5253e-05	0.5809
423.0	112.1	3.42814e-05	0.8644
427.5	112.1	6.85014e-05	0.6036
432.0	112.1	2.37621e-05	0.6198
436.5	112.1	0.000120479	0.5407
441.0	112.1	0.00251176	0.9431
445.5	112.1	0.000103439	0.5542
-450.0	114.667	0.00209005	0.9434
-445.5	114.667	0.00401751	0.6805
-441.0	114.667	0.000879525	0.9315
-436.5	114.667	5.05909e-05	1.0
-432.0	114.667	5.41799e-05	1.0
-427.5	114.667	0.000117887	0.6373
-423.0	114.667	4.74719e-05	0.7187
-418.5	114.667	0.000485804	0.8367
-414.0	114.667	1.60139e-06	1.0
-409.5	114.667	4.19898e-05	1.0
-405.0	114.667	6.56112e-05	0.7343
-400.5	114.667	6.29624e-05	0.7084
-396.0	114.667	1.74309e-05	1.0
-391.5	114.667	5.90644e-05	0.537
-387.0	114.667	0.00104451	0.9738
-382.5	114.667	0.000119891	0.5644
-378.0	114.667	0.000172743	0.4194
-373.5	114.667	8.58301e-05	0.5137
-369.0	114.667	0.000113316	0.6654
-364.5	114.667	0.000238105	0.355
-360.0	114.667	0.000267828	0.3311
-355.5	114.667	0.000301134	0.3624
-351.0	114.667	0.00030239	0.3173
-346.5	114.667	0.00349184	0.9354
-342.0	114.667	0.000192238	0.3461
-337.5	114.667	0.000336443	0.2665
-333.0	114.667	0.000899211	0.5735
-328.5	114.667	0.000383821	0.2777
-324.0	114.667	0.00429264	0.6556
-319.5	114.667	0.000277034	0.2904
-315.0	114.667	0.00265912	0.8867
-310.5	114.667	0.000257523	0.3474
-306.0	114.667	0.000439452	0.2509
-301.5	114.667	0.000982428	0.6995
-297.0	114.667	0.00300338	0.6258
-292.5	114.667	0.000334508	0.2835
-288.0	114.667	0.000330173	0.2931
-283.5	114.667	0.000495796	0.2375
-279.0	114.667	0.000304761	0.3581
-274.5	114.667	0.000864121	0.2247
-270.0	114.667	0.000906389	0.3522
-265.5	114.667	0.00156779	0.7831
-261.0	114.667	0.00246708	0.4484
-256.5	114.667	0.00132891	0.4646
-252.0	114.667	0.000674012	0.2098
-247.5	114.667	0.000680871	0.213
-243.0	114.667	0.00120014	0.4885
-238.5	114.667	0.00441519	0.4469
-234.0	114.667	0.00459434	0.7116
-229.5	114.667	0.00136183	0.3499
-225.0	114.667	0.00136474	0.6407
-220.5	114.667	0.00513155	0.583
-216.0	114.667	0.00481148	0.3496
-211.5	114.667	0.00823492	0.5416
-207.0	114.667	0.00946212	0.5189
-202.5	114.667	0.0067217	0.3713
-198.0	114.667	0.00704439	0.3836
-193.5	114.667	0.00702622	0.4151
-189.0	114.667	0.00945238	0.3668
-184.5	114.667	0.00476602	0.4674
-180.0	114.667	0.00842464	0.3896
-175.5	114.667	0.00899088	0.3942
-171.0	114.667	0.00543599	0.3914
-166.5	114.667	0.0132494	0.2955
-162.0	114.667	0.0151162	0.2888
-157.5	114.667	0.00577145	0.2835
-153.0	114.667	0.00983408	0.3546
-148.5	114.667	0.0119167	0.3193
-144.0	114.667	0.015002	0.2917
-139.5	114.667	0.0139174	0.3396
-135.0	114.667	0.0189607	0.2665
-130.5	114.667	0.0182817	0.2522
-126.0	114.667	0.0232864	0.2556
-121.5	114.667	0.0210322	0.2698
-117.0	114.667	0.0243689	0.2598
-112.5	114.667	0.0176246	0.3129
-108.0	114.667	0.0172783	0.2647
-103.5	114.667	0.0234449	0.2376
-99.0	114.667	0.0134941	0.2343
-94.5	114.667	0.036473	0.2045
-90.0	114.667	0.0318914	0.2077
-85.5	114.667	0.031108	0.2381
-81.0	114.667	0.0280962	0.2055
-76.5	114.667	0.0353337	0.2152
-72.0	114.667	0.0519284	0.1821
-67.5	114.667	0.0449533	0.1842
-63.0	114.667	0.03734	0.1757
-58.5	114.667	0.048539	0.1845
-54.0	114.667	0.0550319	0.1837
-49.5	114.667	0.0498344	0.1777
-45.0	114.667	0.0459258	0.1649
-40.5	114.667	0.0532425	0.1737
-36.0	114.667	0.0548113	0.1807
-31.5	114.667	0.0495919	0.1648
-27.0	114.667	0.0565482	0.1584
-22.5	114.667	0.0358423	0.1892
-18.0	114.667	0.0664453	0.1584
-13.5	114.667	0.0630106	0.1866
-9.0	114.667	0.0627536	0.1568
-4.5	114.667	0.0944943	0.1372
0.0	114.667	0.0603899	0.1537
4.5	114.667	0.0824633	0.1395
9.0	114.667	0.0820579	0.1398
13.5	114.667	0.0585321	0.1539
18.0	114.667	0.0449901	0.1837
22.5	114.667	0.0589646	0.1536
27.0	114.667	0.0656665	0.1581
31.5	114.667	0.0544792	0.1626
36.0	114.667	0.0384627	0.1736
40.5	114.667	0.0469236	0.1744
45.0	114.667	0.0492118	0.1842
49.5	114.667	0.0695983	0.1648
54.0	114.667	0.0532343	0.1619
58.5	114.667	0.046809	0.1921
63.0	114.667	0.0508367	0.176
67.5	114.667	0.0408269	0.1693
72.0	114.667	0.0387591	0.1686
76.5	114.667	0.0535207	0.1745
81.0	114.667	0.0472021	0.1709
85.5	114.667	0.0522368	0.1708
90.0	114.667	0.032502	0.2381
94.5	114.667	0.0468486	0.1756
99.0	114.667	0.0294549	0.2211
103.5	114.667	0.0257339	0.2396
108.0	114.667	0.0381959	0.2578
112.5	114.667	0.0205947	0.2372
117.0	114.667	0.0258833	0.3692
121.5	114.667	0.0249788	0.2416
126.0	114.667	0.0269871	0.2317
130.5	114.667	0.0222049	0.2271
135.0	114.667	0.0186511	0.2728
139.5	114.667	0.0242532	0.2907
144.0	114.667	0.0184003	0.2937
148.5	114.667	0.0122609	0.3018
153.0	114.667	0.023554	0.2317
157.5	114.667	0.0147867	0.3937
162.0	114.667	0.00662328	0.3624
166.5	114.667	0.0112047	0.3684
171.0	114.667	0.0146141	0.3196
175.5	114.667	0.0068659	0.3627
180.0	114.667	0.0156504	0.325
184.5	114.667	0.00904144	0.3936
189.0	114.667	0.00669415	0.3767
193.5	114.667	0.00524125	0.4033
198.0	114.667	0.00919099	0.3853
202.5	114.667	0.00810392	0.394
207.0	114.667	0.00732312	0.3672
211.5	114.667	0.00891849	0.4252
216.0	114.667	0.00903687	0.4523
220.5	114.667	0.00350426	0.4002
225.0	114.667	0.00654979	0.4622
229.5	114.667	0.00461682	0.4053
234.0	114.667	0.00395301	0.4314
238.5	114.667	0.00996756	0.4502
243.0	114.667	0.0029585	0.5221
247.5	114.667	0.00653898	0.511
252.0	114.667	0.0091174	0.3937
256.5	114.667	0.00528541	0.5008
261.0	114.667	0.00142952	0.4562
265.5	114.667	0.00522156	0.4586
270.0	114.667	0.000959454	0.286
274.5	114.667	0.00414481	0.5458
279.0	114.667	0.00259081	0.8715
283.5	114.667	0.00426976	0.4506
288.0	114.667	0.00648216	0.4858
292.5	114.667	0.00142077	0.5595
297.0	114.667	0.00068353	0.2197
301.5	114.667	0.0017843	0.6567
306.0	114.667	0.000405024	0.3265
310.5	114.667	0.000318681	0.2707
315.0	114.667	0.0011693	0.7744
319.5	114.667	0.00126248	0.5211
324.0	114.667	0.000615194	0.448
328.5	114.667	0.000202575	0.3452
333.0	114.667	0.00525883	0.5024
337.5	114.667	0.00267871	0.7081
342.0	114.667	0.00141977	0.605
346.5	114.667	0.000822016	0.6563
351.0	114.667	0.00107411	0.8218
355.5	114.667	0.00108669	0.8165
360.0	114.667	0.00021189	0.3879
364.5	114.667	0.000147802	0.3885
369.0	114.667	0.000244827	0.4095
373.5	114.667	0.000181207	0.5194
378.0	114.667	0.000223822	0.3427
382.5	114.667	0.000159709	0.4948
387.0	114.667	0.000163298	0.4622
391.5	114.667	0.000194339	0.4638
396.0	114.667	0.000118255	0.51
400.5	114.667	0.000215999	0.4722
405.0	114.667	8.81652e-05	0.6114
409.5	114.667	0.00075555	0.9318
414.0	114.667	0.00382772	1.0
418.5	114.667	0.00320564	0.9817
423.0	114.667	8.57878e-05	0.5283
427.5	114.667	5.6322e-05	0.7161
432.0	114.667	0.000980072	1.0
436.5	114.667	4.40216e-05	0.5953
441.0	114.667	7.19179e-05	0.708
445.5	114.667	9.61008e-05	0.5035
-450.0	117.233	0.000102563	0.42
-445.5	117.233	8.14764e-06	1.0
-441.0	117.233	0.000499397	0.9105
-436.5	117.233	0.0	0.0
-432.0	117.233	7.69631e-05	0.7435
-427.5	117.233	4.89597e-05	0.7094
-423.0	117.233	1.99626e-05	1.0
-418.5	117.233	8.2886e-06	1.0
-414.0	117.233	0.000108509	0.5964
-409.5	117.233	2.97465e-05	1.0
-405.0	117.233	1.03975e-05	1.0
-400.5	117.233	9.23716e-05	0.6441
-396.0	117.233	0.000143619	0.5128
-391.5	117.233	0.000120296	0.6692
-387.0	117.233	4.94911e-05	0.7643
-382.5	117.233	9.2937e-05	0.5537
-378.0	117.233	0.000144267	0.4306
-373.5	117.233	0.000102174	0.7018
-369.0	117.233	9.17131e-05	0.5832
-364.5	117.233	0.00013991	0.3923
-360.0	117.233	0.000272264	0.3904
-355.5	117.233	0.0022245	0.8219
-351.0	117.233	0.000353039	0.304
-346.5	117.233	0.000273789	0.3807
-342.0	117.233	0.00019569	0.3955
-337.5	117.233	0.000196066	0.3686
-333.0	117.233	0.000463833	0.3156
-328.5	117.233	0.000869135	0.6274
-324.0	117.233	0.000760327	0.6451
-319.5	117.233	0.00109249	0.8581
-315.0	117.233	0.00101668	0.4326
-310.5	117.233	0.000980479	0.7279
-306.0	117.233	0.000472651	0.2613
-301.5	117.233	0.000382165	0.2914
-297.0	117.233	0.000581986	0.3914
-292.5	117.233	0.000224149	0.3657
-288.0	117.233	0.000276408	0.2989
-283.5	117.233	0.00290965	0.862
-279.0	117.233	0.00325594	0.8166
-274.5	117.233	0.00144262	0.4484
-270.0	117.233	0.000354181	0.3019
-265.5	117.233	0.00173909	0.6536
-261.0	117.233	0.000978874	0.4327
-256.5	117.233	0.00167114	0.6635
-252.0	117.233	0.00183863	0.7536
-247.5	117.233	0.00103451	0.3206
-243.0	117.233	0.00530279	0.542
-238.5	117.233	0.00116708	0.4013
-234.0	117.233	0.000550768	0.2323
-229.5	117.233	0.00662861	0.677
-225.0	117.233	0.00332642	0.4082
-220.5	117.233	0.00613264	0.4534
-216.0	117.233	0.00337354	0.4874
-211.5	117.233	0.00543465	0.4588
-207.0	117.233	0.00346762	0.5457
-202.5	117.233	0.00228038	0.3748
-198.0	117.233	0.00571671	0.5398
-193.5	117.233	0.00454153	0.477
-189.0	117.233	0.009905	0.445
-184.5	117.233	0.00435488	0.3965
-180.0	117.233	0.0107058	0.3753
-175.5	117.233	0.0129026	0.3779
-171.0	117.233	0.00519624	0.3595
-166.5	117.233	0.00632633	0.3762
-162.0	117.233	0.00695413	0.3768
-157.5	117.233	0.0186695	0.2844
-153.0	117.233	0.0141628	0.3642
-148.5	117.233	0.0147961	0.2907
-144.0	117.233	0.00653157	0.458
-139.5	117.233	0.00959023	0.347
-135.0	117.233	0.0244095	0.2371
-130.5	117.233	0.018358	0.2919
-126.0	117.233	0.0155184	0.2541
-121.5	117.233	0.0141678	0.2869
-117.0	117.233	0.018448	0.2346
-112.5	117.233	0.0252365	0.2423
-108.0	117.233	0.0238494	0.2504
-103.5	117.233	0.029272	0.2327
-99.0	117.233	0.027025	0.2409
-94.5	117.233	0.0372183	0.1976
-90.0	117.233	0.0360715	0.2176
-85.5	117.233	0.0331405	0.2417
-81.0	117.233	0.031185	0.2352
-76.5	117.233	0.0288762	0.2059
-72.0	117.233	0.0430525	0.2066
-67.5	117.233	0.0503381	0.1729
-63.0	117.233	0.0509732	0.1693
-58.5	117.233	0.0420834	0.1837
-54.0	117.233	0.0545148	0.159
-49.5	117.233	0.065148	0.1668
-45.0	117.233	0.0533458	0.1716
-40.5	117.233	0.0515965	0.1756
-36.0	117.233	0.0522751	0.1644
-31.5	117.233	0.0497453	0.1866
-27.0	117.233	0.0567114	0.181
-22.5	117.233	0.0587035	0.1764
-18.0	117.233	0.0703032	0.1499
-13.5	117.233	0.0663767	0.1596
-9.0	117.233	0.0672041	0.1808
-4.5	117.233	0.0761944	0.1428
0.0	117.233	0.0630248	0.1518
4.5	117.233	0.0765224	0.1649
9.0	117.233	0.0695921	0.1873
13.5	117.233	0.0556454	0.155
18.0	117.233	0.0552219	0.1638
22.5	117.233	0.0768075	0.1538
27.0	117.233	0.0496099	0.1704
31.5	117.233	0.0479241	0.1658
36.0	117.233	0.0594779	0.1551
40.5	117.233	0.049746	0.1685
45.0	117.233	0.0483906	0.1768
49.5	117.233	0.0654648	0.1822
54.0	117.233	0.0535949	0.1613
58.5	117.233	0.041983	0.1756
63.0	117.233	0.0407948	0.1878
67.5	117.233	0.0330488	0.1976
72.0	117.233	0.0553222	0.179
76.5	117.233	0.0384787	0.1934
81.0	117.233	0.0465628	0.1683
85.5	117.233	0.0359717	0.1832
90.0	117.233	0.0434222	0.2007
94.5	117.233	0.0178064	0.2509
99.0	117.233	0.0251214	0.2381
103.5	117.233	0.0268281	0.2101
108.0	117.233	0.0330192	0.2389
112.5	117.233	0.0274609	0.229
117.0	117.233	0.0208991	0.2343
121.5	117.233	0.0255452	0.2167
126.0	117.233	0.0192567	0.244
130.5	117.233	0.0273475	0.2174
135.0	117.233	0.0186409	0.2902
139.5	117.233	0.0306408	0.2161
144.0	117.233	0.0152349	0.3124
148.5	117.233	0.0183214	0.3805
153.0	117.233	0.0199532	0.3008
157.5	117.233	0.0160657	0.2988
162.0	117.233	0.0121645	0.2886
166.5	117.233	0.0152118	0.2933
171.0	117.233	0.0148767	0.3521
175.5	117.233	0.00872673	0.4592
180.0	117.233	0.00990177	0.3235
184.5	117.233	0.00971458	0.3484
189.0	117.233	0.00600377	0.3788
193.5	117.233	0.00728306	0.4151
198.0	117.233	0.00943918	0.3556
202.5	117.233	0.00419367	0.5229
207.0	117.233	0.0114458	0.426
211.5	117.233	0.00530299	0.4628
216.0	117.233	0.00487392	0.3813
220.5	117.233	0.00452061	0.5135
225.0	117.233	0.00464614	0.4894
229.5	117.233	0.00432103	0.4131
234.0	117.233	0.00185333	0.5541
238.5	117.233	0.00561187	0.4848
243.0	117.233	0.0100826	0.4536
247.5	117.233	0.0100146	0.3767
252.0	117.233	0.00370183	0.5151
256.5	117.233	0.00451756	0.5958
261.0	117.233	0.00468914	0.4746
265.5	117.233	0.00397778	0.4894
270.0	117.233	0.00593633	0.5952
274.5	117.233	0.00371593	0.5278
279.0	117.233	0.00256042	0.5677
283.5	117.233	0.00308605	0.641
288.0	117.233	0.00204942	0.6632
292.5	117.233	0.000647592	0.2153
297.0	117.233	0.00152621	0.6093
301.5	117.233	0.000299226	0.3365
306.0	117.233	0.000806518	0.3181
310.5	117.233	0.0057846	0.6591
315.0	117.233	0.000433425	0.2926
319.5	117.233	0.00287606	0.6439
324.0	117.233	0.00154471	0.4144
328.5	117.233	0.00159623	0.5352
333.0	117.233	0.00135444	0.438
337.5	117.233	0.000734119	0.3686
342.0	117.233	0.00226986	0.8672
346.5	117.233	0.00249446	0.893
351.0	117.233	0.000713686	0.5664
355.5	117.233	0.00022486	0.3716
360.0	117.233	0.00359477	0.6682
364.5	117.233	0.000123502	0.5777
369.0	117.233	0.000199035	0.5176
373.5	117.233	0.000247915	0.4479
378.0	117.233	0.000110424	0.659
382.5	117.233	0.000152747	0.4997
387.0	117.233	0.000191379	0.4744
391.5	117.233	9.52105e-05	0.7248
396.0	117.233	0.00120691	0.9888
400.5	117.233	4.85328e-05	0.6218
405.0	117.233	7.91076e-05	0.6679
409.5	117.233	9.89632e-05	0.5209
414.0	117.233	6.80627e-05	0.7348
418.5	117.233	0.000727641	0.9373
423.0	117.233	0.00478861	0.8188
427.5	117.233	0.0032009	0.99
432.0	117.233	8.87439e-05	0.6009
436.5	117.233	8.84647e-05	0.4975
441.0	117.233	4.28786e-05	0.714
445.5	117.233	2.51579e-05	0.8143
-450.0	119.8	0.000295612	0.3763
-445.5	119.8	0.000124887	0.6031
-441.0	119.8	1.16366e-05	1.0
-436.5	119.8	0.0	0.0
-432.0	119.8	3.80256e-05	0.7073
-427.5	119.8	4.476e-05	1.0
-423.0	119.8	8.11286e-05	0.7086
-418.5	119.8	0.0013026	0.972
-414.0	119.8	7.08066e-06	0.708
-409.5	119.8	5.17444e-05	0.9173
-405.0	119.8	6.07388e-05	0.7231
-400.5	119.8	8.81259e-05	0.5778
-396.0	119.8	5.81274e-06	1.0
-391.5	119.8	8.76268e-05	0.5799
-387.0	119.8	7.12864e-05	0.7183
-382.5	119.8	5.05845e-05	0.8446
-378.0	119.8	0.000153166	0.4573
-373.5	119.8	0.00011694	0.4655
-369.0	119.8	0.00230507	0.9278
-364.5	119.8	0.00151543	0.92
-360.0	119.8	0.000360029	0.295
-355.5	119.8	0.000259297	0.3202
-351.0	119.8	0.000176013	0.4049
-346.5	119.8	0.000221047	0.2867
-342.0	119.8	0.000310015	0.3152
-337.5	119.8	0.000190644	0.3553
-333.0	119.8	0.00227549	0.865
-328.5	119.8	0.000710402	0.5138
-324.0	119.8	0.00114579	0.6425
-319.5	119.8	0.0013833	0.6489
-315.0	119.8	0.000196015	0.3364
-310.5	119.8	0.00060655	0.3382
-306.0	119.8	0.000624929	0.4101
-301.5	119.8	0.000266659	0.3375
-297.0	119.8	0.00106078	0.7166
-292.5	119.8	0.000617014	0.4967
-288.0	119.8	0.000214458	0.3501
-283.5	119.8	0.000318822	0.2719
-279.0	119.8	0.00041446	0.2827
-274.5	119.8	0.000567615	0.2532
-270.0	119.8	0.000412568	0.2858
-265.5	119.8	0.000415774	0.2846
-261.0	119.8	0.000427942	0.251
-256.5	119.8	0.00266033	0.8368
-252.0	119.8	0.000284487	0.2705
-247.5	119.8	0.000542236	0.2342
-243.0	119.8	0.000719222	0.4622
-238.5	119.8	0.00360453	0.55
-234.0	119.8	0.00331739	0.593
-229.5	119.8	0.00353036	0.8224
-225.0	119.8	0.00179287	0.6411
-220.5	119.8	0.00357421	0.7759
-216.0	119.8	0.00137189	0.3934
-211.5	119.8	0.0029953	0.6017
-207.0	119.8	0.00419767	0.5472
-202.5	119.8	0.00505617	0.4278
-198.0	119.8	0.00205859	0.3646
-193.5	119.8	0.0121163	0.4255
-189.0	119.8	0.0087921	0.3619
-184.5	119.8	0.00738615	0.4096
-180.0	119.8	0.009767	0.4404
-175.5	119.8	0.00679714	0.368
-171.0	119.8	0.00628183	0.3279
-166.5	119.8	0.00439109	0.329
-162.0	119.8	0.00450096	0.3163
-157.5	119.8	0.0210092	0.2835
-153.0	119.8	0.00699076	0.3489
-148.5	119.8	0.0162171	0.3503
-144.0	119.8	0.00778504	0.3456
-139.5	119.8	0.0132699	0.2676
-135.0	119.8	0.0224991	0.2883
-130.5	119.8	0.0186637	0.2543
-126.0	119.8	0.012133	0.3582
-121.5	119.8	0.0136982	0.2587
-117.0	119.8	0.0235692	0.2521
-112.5	119.8	0.0213014	0.2394
-108.0	119.8	0.0320202	0.22
-103.5	119.8	0.0336088	0.2425
-99.0	119.8	0.0330172	0.2435
-94.5	119.8	0.0280337	0.2156
-90.0	119.8	0.0279111	0.2379
-85.5	119.8	0.0419607	0.1855
-81.0	119.8	0.0305792	0.2013
-76.5	119.8	0.0425661	0.2238
-72.0	119.8	0.0288787	0.2426
-67.5	119.8	0.0480389	0.1712
-63.0	119.8	0.0427433	0.1916
-58.5	119.8	0.0543791	0.1744
-54.0	119.8	0.0451988	0.1728
-49.5	119.8	0.0506962	0.1756
-45.0	119.8	0.0549986	0.191
-40.5	119.8	0.0577852	0.1619
-36.0	119.8	0.0475638	0.1751
-31.5	119.8	0.0472304	0.1689
-27.0	119.8	0.0492833	0.1727
-22.5	119.8	0.0587224	0.1641
-18.0	119.8	0.0516946	0.168
-13.5	119.8	0.0747989	0.1436
-9.0	119.8	0.0627285	0.1814
-4.5	119.8	0.0545329	0.1694
0.0	119.8	0.0546037	0.1635
4.5	119.8	0.0625163	0.1707
9.0	119.8	0.0681119	0.1602
13.5	119.8	0.0530471	0.1651
18.0	119.8	0.0551587	0.1817
22.5	119.8	0.040135	0.195
27.0	119.8	0.0561334	0.1805
31.5	119.8	0.0713158	0.1587
36.0	119.8	0.0598417	0.1706
40.5	119.8	0.054484	0.1678
45.0	119.8	0.0446549	0.201
49.5	119.8	0.0478972	0.1699
54.0	119.8	0.0411787	0.1695
58.5	119.8	0.0602181	0.1643
63.0	119.8	0.0507163	0.1768
67.5	119.8	0.0333481	0.2044
72.0	119.8	0.0315128	0.1983
76.5	119.8	0.038476	0.2102
81.0	119.8	0.024779	0.2231
85.5	119.8	0.0406899	0.1997
90.0	119.8	0.0355365	0.207
94.5	119.8	0.0312021	0.2146
99.0	119.8	0.0325549	0.2316
103.5	119.8	0.0287176	0.2063
108.0	119.8	0.0325594	0.2095
112.5	119.8	0.0242026	0.2096
117.0	119.8	0.0273702	0.2237
121.5	119.8	0.0240914	0.2565
126.0	119.8	0.029101	0.2311
130.5	119.8	0.0288826	0.2313
135.0	119.8	0.0147145	0.2819
139.5	119.8	0.0238095	0.2589
144.0	119.8	0.028919	0.2686
148.5	119.8	0.0117245	0.3313
153.0	119.8	0.0154981	0.3107
157.5	119.8	0.0159919	0.2604
162.0	119.8	0.0151795	0.3426
166.5	119.8	0.0144624	0.2993
171.0	119.8	0.0164435	0.3079
175.5	119.8	0.00965685	0.3521
180.0	119.8	0.0128372	0.3532
184.5	119.8	0.0167948	0.392
189.0	119.8	0.0152758	0.3307
193.5	119.8	0.0092269	0.3535
198.0	119.8	0.00595698	0.3706
202.5	119.8	0.00670794	0.3986
207.0	119.8	0.00516836	0.5709
211.5	119.8	0.00401662	0.5825
216.0	119.8	0.00680179	0.4125
220.5	119.8	0.00803958	0.5411
225.0	119.8	0.00298881	0.6977
229.5	119.8	0.00335429	0.4178
234.0	119.8	0.00324664	0.4205
238.5	119.8	0.00744085	0.5368
243.0	119.8	0.00350486	0.4832
247.5	119.8	0.00730728	0.4195
252.0	119.8	0.0112353	0.5579
256.5	119.8	0.00334617	0.6713
261.0	119.8	0.0087948	0.489
265.5	119.8	0.0111801	0.5612
270.0	119.8	0.0043487	0.5358
274.5	119.8	0.0052748	0.5233
279.0	119.8	0.00650227	0.4555
283.5	119.8	0.00244061	0.4955
288.0	119.8	0.000878733	0.2305
292.5	119.8	0.00115335	0.3112
297.0	119.8	0.00120397	0.5837
301.5	119.8	0.00156049	0.8426
306.0	119.8	0.000473018	0.2679
310.5	119.8	0.000275793	0.2709
315.0	119.8	0.00252975	0.7858
319.5	119.8	0.00463238	0.56
324.0	119.8	0.000453063	0.2903
328.5	119.8	0.000379969	0.2963
333.0	119.8	0.00160909	0.6144
337.5	119.8	0.000218089	0.356
342.0	119.8	0.000228139	0.369
346.5	119.8	0.00183775	0.8312
351.0	119.8	0.000392465	0.4306
355.5	119.8	0.0021066	0.9171
360.0	119.8	0.000223645	0.3754
364.5	119.8	9.62952e-05	0.6347
369.0	119.8	0.00029404	0.3417
373.5	119.8	0.000421552	0.3676
378.0	119.8	0.000283563	0.5321
382.5	119.8	0.000298309	0.5782
387.0	119.8	0.000939015	0.8966
391.5	119.8	0.000785041	0.8493
396.0	119.8	0.00134437	0.9823
400.5	119.8	0.000848153	0.9854
405.0	119.8	4.11356e-05	0.7588
409.5	119.8	0.000102672	0.6994
414.0	119.8	3.7321e-05	0.8616
418.5	119.8	7.34024e-05	0.5233
423.0	119.8	0.000110182	0.5297
427.5	119.8	0.000734181	0.9005
432.0	119.8	0.00361344	0.9955
436.5	119.8	0.000163584	0.5643
441.0	119.8	0.00102689	0.9259
445.5	119.8	5.49761e-05	1.0
-450.0	122.367	0.0	0.0
-445.5	122.367	3.62469e-05	0.7457
-441.0	122.367	0.000221558	0.4913
-436.5	122.367	0.0001213	0.6057
-432.0	122.367	3.87841e-05	0.9353
-427.5	122.367	2.36308e-05	1.0
-423.0	122.367	5.13991e-05	0.6732
-418.5	122.367	7.05438e-05	0.7265
-414.0	122.367	4.38888e-05	1.0
-409.5	122.367	4.40276e-05	1.0
-405.0	122.367	1.18148e-05	1.0
-400.5	122.367	3.81118e-05	0.8331
-396.0	122.367	0.0	0.0
-391.5	122.367	1.61355e-05	0.7249
-387.0	122.367	2.1501e-05	0.8677
-382.5	122.367	0.000195449	0.494
-378.0	122.367	0.000101492	0.5109
-373.5	122.367	0.000154984	0.3699
-369.0	122.367	0.000242766	0.4755
-364.5	122.367	0.000152288	0.5333
-360.0	122.367	0.000219069	0.3149
-355.5	122.367	0.000342812	0.3811
-351.0	122.367	0.00114251	0.7337
-346.5	122.367	0.000332433	0.3356
-342.0	122.367	0.000222081	0.3267
-337.5	122.367	0.000323901	0.3178
-333.0	122.367	0.000288359	0.3822
-328.5	122.367	0.000467172	0.2666
-324.0	122.367	0.00057072	0.5342
-319.5	122.367	0.0013434	0.7659
-315.0	122.367	0.000290596	0.3056
-310.5	122.367	0.000331435	0.3282
-306.0	122.367	0.000506403	0.2671
-301.5	122.367	0.00104259	0.763
-297.0	122.367	0.00189357	0.4337
-292.5	122.367	0.00138377	0.827
-288.0	122.367	0.000306003	0.2994
-283.5	122.367	0.000895078	0.477
-279.0	122.367	0.00517575	0.7909
-274.5	122.367	0.000791746	0.6954
-270.0	122.367	0.00205723	0.4787
-265.5	122.367	0.0010029	0.5522
-261.0	122.367	0.00348769	0.6455
-256.5	122.367	0.00130402	0.5799
-252.0	122.367	0.00070122	0.2349
-247.5	122.367	0.00146776	0.2753
-243.0	122.367	0.00167633	0.6458
-238.5	122.367	0.00464749	0.5779
-234.0	122.367	0.0104306	0.4968
-229.5	122.367	0.00685142	0.5252
-225.0	122.367	0.00673184	0.4849
-220.5	122.367	0.000703419	0.2068
-216.0	122.367	0.00370144	0.442
-211.5	122.367	0.00338863	0.5706
-207.0	122.367	0.00692137	0.4918
-202.5	122.367	0.00495612	0.4562
-198.0	122.367	0.00254029	0.3283
-193.5	122.367	0.0071426	0.5041
-189.0	122.367	0.00733357	0.4106
-184.5	122.367	0.00727493	0.3828
-180.0	122.367	0.00569901	0.5357
-175.5	122.367	0.00806549	0.3807
-171.0	122.367	0.0107425	0.3307
-166.5	122.367	0.00302469	0.4222
-162.0	122.367	0.00864329	0.4256
-157.5	122.367	0.0124442	0.3231
-153.0	122.367	0.0130982	0.361
-148.5	122.367	0.0204471	0.31
-144.0	122.367	0.0107063	0.3024
-139.5	122.367	0.0130664	0.2929
-135.0	122.367	0.0223404	0.2889
-130.5	122.367	0.00780674	0.2572
-126.0	122.367	0.00993614	0.3091
-121.5	122.367	0.0191337	0.258
-117.0	122.367	0.0206173	0.3531
-112.5	122.367	0.0292932	0.2274
-108.0	122.367	0.0268197	0.2258
-103.5	122.367	0.0302272	0.2396
-99.0	122.367	0.0155291	0.2318
-94.5	122.367	0.042118	0.2087
-90.0	122.367	0.035409	0.2086
-85.5	122.367	0.0396925	0.2095
-81.0	122.367	0.0352311	0.1979
-76.5	122.367	0.0286475	0.1953
-72.0	122.367	0.0399979	0.1871
-67.5	122.367	0.0337929	0.2063
-63.0	122.367	0.0338769	0.222
-58.5	122.367	0.0384165	0.1922
-54.0	122.367	0.0356859	0.1999
-49.5	122.367	0.0495005	0.1835
-45.0	122.367	0.0440083	0.1912
-40.5	122.367	0.0466788	0.1711
-36.0	122.367	0.0535272	0.1625
-31.5	122.367	0.0569706	0.1775
-27.0	122.367	0.0709851	0.1575
-22.5	122.367	0.0644566	0.1927
-18.0	122.367	0.0630674	0.1485
-13.5	122.367	0.0596336	0.1599
-9.0	122.367	0.063006	0.1534
-4.5	122.367	0.0667611	0.1515
0.0	122.367	0.0447143	0.2018
4.5	122.367	0.0648261	0.1756
9.0	122.367	0.0773004	0.1549
13.5	122.367	0.0612204	0.1508
18.0	122.367	0.0550518	0.177
22.5	122.367	0.0542374	0.1821
27.0	122.367	0.0447659	0.1837
31.5	122.367	0.0505951	0.1684
36.0	122.367	0.0378994	0.1735
40.5	122.367	0.05139	0.1966
45.0	122.367	0.0561302	0.1747
49.5	122.367	0.057565	0.1565
54.0	122.367	0.0409486	0.1991
58.5	122.367	0.0294637	0.1911
63.0	122.367	0.0465766	0.2105
67.5	122.367	0.0382092	0.1819
72.0	122.367	0.0505022	0.1902
76.5	122.367	0.0416089	0.193
81.0	122.367	0.0417001	0.1894
85.5	122.367	0.0257535	0.2366
90.0	122.367	0.0344014	0.2081
94.5	122.367	0.0298384	0.2092
99.0	122.367	0.0339249	0.2088
103.5	122.367	0.0432379	0.2002
108.0	122.367	0.0350717	0.2081
112.5	122.367	0.027957	0.215
117.0	122.367	0.0177076	0.2674
121.5	122.367	0.041649	0.2358
126.0	122.367	0.0243598	0.2437
130.5	122.367	0.0222698	0.2226
135.0	122.367	0.0244241	0.259
139.5	122.367	0.0107981	0.3747
144.0	122.367	0.0207307	0.2644
148.5	122.367	0.0208141	0.3099
153.0	122.367	0.0169583	0.2717
157.5	122.367	0.0254063	0.2105
162.0	122.367	0.0202328	0.2825
166.5	122.367	0.0110432	0.2878
171.0	122.367	0.00680228	0.2994
175.5	122.367	0.0105422	0.3118
180.0	122.367	0.0125421	0.3321
184.5	122.367	0.0106778	0.3226
189.0	122.367	0.00796505	0.3495
193.5	122.367	0.00370924	0.5404
198.0	122.367	0.00964431	0.3957
202.5	122.367	0.00866882	0.3776
207.0	122.367	0.00760125	0.3737
211.5	122.367	0.00722717	0.4952
216.0	122.367	0.00451879	0.3906
220.5	122.367	0.00736396	0.4289
225.0	122.367	0.0112917	0.4128
229.5	122.367	0.00404108	0.5601
234.0	122.367	0.00155662	0.4113
238.5	122.367	0.00332984	0.5214
243.0	122.367	0.00790714	0.3767
247.5	122.367	0.00427642	0.5082
252.0	122.367	0.00459194	0.6197
256.5	122.367	0.00191852	0.7467
261.0	122.367	0.00171307	0.4884
265.5	122.367	0.00294639	0.5806
270.0	122.367	0.00123091	0.4584
274.5	122.367	0.00495277	0.7096
279.0	122.367	0.00135666	0.4993
283.5	122.367	0.000861625	0.3764
288.0	122.367	0.00319832	0.542
292.5	122.367	0.00218703	0.4424
297.0	122.367	0.00197179	0.5538
301.5	122.367	0.000312198	0.3073
306.0	122.367	0.000650771	0.2715
310.5	122.367	0.000501086	0.2833
315.0	122.367	0.00371097	0.631
319.5	122.367	0.0037982	0.6747
324.0	122.367	0.000386286	0.3686
328.5	122.367	0.00296657	0.6143
333.0	122.367	0.00072979	0.2954
337.5	122.367	0.000354471	0.3052
342.0	122.367	0.00114476	0.5703
346.5	122.367	0.000487707	0.3974
351.0	122.367	0.00605759	0.7649
355.5	122.367	0.000120594	0.6557
360.0	122.367	0.00100216	0.702
364.5	122.367	0.000360674	0.3274
369.0	122.367	0.00173128	0.7769
373.5	122.367	0.000169654	0.4432
378.0	122.367	0.000128262	0.5053
382.5	122.367	0.0002157	0.4923
387.0	122.367	0.000131376	0.7813
391.5	122.367	0.000130001	0.5377
396.0	122.367	4.46893e-05	0.7173
400.5	122.367	0.0018771	0.9975
405.0	122.367	0.000427824	0.723
409.5	122.367	0.00187763	0.959
414.0	122.367	9.6981e-05	0.6663
418.5	122.367	1.84856e-05	1.0
423.0	122.367	3.92177e-05	0.718
427.5	122.367	0.00051499	0.8166
432.0	122.367	4.6211e-05	0.7404
436.5	122.367	0.000118329	0.4871
441.0	122.367	7.37695e-05	0.5928
445.5	122.367	4.51191e-05	0.7417
-450.0	124.933	5.41803e-05	0.6288
-445.5	124.933	5.27238e-06	1.0
-441.0	124.933	5.67533e-05	0.9335
-436.5	124.933	1.94782e-05	1.0
-432.0	124.933	0.0	0.0
-427.5	124.933	6.85091e-05	0.5976
-423.0	124.933	7.30965e-05	0.5042
-418.5	124.933	6.51109e-06	0.7128
-414.0	124.933	0.0	0.0
-409.5	124.933	3.26136e-05	0.7269
-405.0	124.933	1.15581e-05	1.0
-400.5	124.933	1.84862e-06	1.0
-396.0	124.933	0.0	0.0
-391.5	124.933	5.37813e-05	0.5784
-387.0	124.933	7.2911e-05	0.6354
-382.5	124.933	7.38224e-05	0.6972
-378.0	124.933	0.000179715	0.5688
-373.5	124.933	0.000149956	0.5592
-369.0	124.933	0.000132854	0.4276
-364.5	124.933	0.000224227	0.3637
-360.0	124.933	8.79349e-05	0.4993
-355.5	124.933	0.00012751	0.4583
-351.0	124.933	0.00322151	0.6281
-346.5	124.933	0.00029402	0.4072
-342.0	124.933	0.000270089	0.344
-337.5	124.933	0.000308616	0.3083
-333.0	124.933	0.000174746	0.3934
-328.5	124.933	0.000926798	0.5027
-324.0	124.933	0.00142822	0.8414
-319.5	124.933	0.000219408	0.3673
-315.0	124.933	0.000313074	0.3385
-310.5	124.933	0.000878503	0.4467
-306.0	124.933	0.00148804	0.7436
-301.5	124.933	0.000848464	0.4075
-297.0	124.933	0.000339052	0.2813
-292.5	124.933	0.000296005	0.3878
-288.0	124.933	0.00387563	0.6526
-283.5	124.933	0.00432836	0.8447
-279.0	124.933	0.000498513	0.3308
-274.5	124.933	0.00190494	0.7015
-270.0	124.933	0.00333389	0.6605
-265.5	124.933	0.00377568	0.6963
-261.0	124.933	0.00338921	0.6338
-256.5	124.933	0.00267296	0.6681
-252.0	124.933	0.00179208	0.5261
-247.5	124.933	0.00259978	0.7147
-243.0	124.933	0.000810859	0.4215
-238.5	124.933	0.00196625	0.7522
-234.0	124.933	0.000836146	0.54
-229.5	124.933	0.00400018	0.827
-225.0	124.933	0.00162996	0.318
-220.5	124.933	0.00642372	0.5197
-216.0	124.933	0.00429922	0.4616
-211.5	124.933	0.00530165	0.5481
-207.0	124.933	0.00514374	0.5046
-202.5	124.933	0.00524814	0.5811
-198.0	124.933	0.00498486	0.5699
-193.5	124.933	0.0108053	0.3669
-189.0	124.933	0.00788513	0.3614
-184.5	124.933	0.00918025	0.443
-180.0	124.933	0.00366149	0.4775
-175.5	124.933	0.00511724	0.3752
-171.0	124.933	0.00492107	0.5141
-166.5	124.933	0.00693171	0.3239
-162.0	124.933	0.00429574	0.3745
-157.5	124.933	0.0139792	0.3714
-153.0	124.933	0.012434	0.3029
-148.5	124.933	0.0100426	0.3695
-144.0	124.933	0.00984557	0.3775
-139.5	124.933	0.0150677	0.3632
-135.0	124.933	0.0170742	0.3301
-130.5	124.933	0.0187741	0.3175
-126.0	124.933	0.00847646	0.3574
-121.5	124.933	0.0149524	0.3159
-117.0	124.933	0.0240354	0.2328
-112.5	124.933	0.0230809	0.247
-108.0	124.933	0.0155072	0.2795
-103.5	124.933	0.0223405	0.2382
-99.0	124.933	0.0222105	0.2448
-94.5	124.933	0.0419183	0.1895
-90.0	124.933	0.0345385	0.2042
-85.5	124.933	0.0275985	0.232
-81.0	124.933	0.0326347	0.2019
-76.5	124.933	0.0241594	0.2281
-72.0	124.933	0.0391158	0.2263
-67.5	124.933	0.0397465	0.2067
-63.0	124.933	0.0420945	0.1798
-58.5	124.933	0.0375944	0.2062
-54.0	124.933	0.041108	0.21
-49.5	124.933	0.0500403	0.1788
-45.0	124.933	0.0549701	0.1757
-40.5	124.933	0.0459142	0.1786
-36.0	124.933	0.047803	0.1845
-31.5	124.933	0.0456035	0.1953
-27.0	124.933	0.0450346	0.1704
-22.5	124.933	0.0615644	0.1833
-18.0	124.933	0.0497188	0.1995
-13.5	124.933	0.0513711	0.1667
-9.0	124.933	0.0635324	0.1574
-4.5	124.933	0.0558898	0.216
0.0	124.933	0.0502696	0.1962
4.5	124.933	0.0633092	0.15
9.0	124.933	0.074226	0.1843
13.5	124.933	0.0480238	0.1951
18.0	124.933	0.0638007	0.1964
22.5	124.933	0.0432335	0.2013
27.0	124.933	0.0337003	0.2083
31.5	124.933	0.0468409	0.1756
36.0	124.933	0.0524985	0.1785
40.5	124.933	0.0275677	0.188
45.0	124.933	0.0344672	0.2053
49.5	124.933	0.0402545	0.1834
54.0	124.933	0.0420341	0.1913
58.5	124.933	0.0519033	0.1846
63.0	124.933	0.0281597	0.2025
67.5	124.933	0.0328243	0.202
72.0	124.933	0.0393998	0.189
76.5	124.933	0.0359865	0.205
81.0	124.933	0.036631	0.2042
85.5	124.933	0.0392928	0.2067
90.0	124.933	0.0329189	0.1798
94.5	124.933	0.0382851	0.2164
99.0	124.933	0.0309591	0.1989
103.5	124.933	0.028523	0.215
108.0	124.933	0.0234772	0.2461
112.5	124.933	0.0234219	0.2384
117.0	124.933	0.0161769	0.2518
121.5	124.933	0.0209203	0.2397
126.0	124.933	0.0318659	0.2392
130.5	124.933	0.0212355	0.2659
135.0	124.933	0.0152572	0.2732
139.5	124.933	0.0290756	0.2916
144.0	124.933	0.0188476	0.3412
148.5	124.933	0.017913	0.3195
153.0	124.933	0.0204313	0.2611
157.5	124.933	0.0176295	0.2737
162.0	124.933	0.0139078	0.2662
166.5	124.933	0.0126908	0.3358
171.0	124.933	0.0113343	0.3289
175.5	124.933	0.0131439	0.3546
180.0	124.933	0.0120413	0.3091
184.5	124.933	0.00662084	0.5362
189.0	124.933	0.0136418	0.4022
193.5	124.933	0.00832046	0.5469
198.0	124.933	0.0100377	0.3136
202.5	124.933	0.0133335	0.3449
207.0	124.933	0.0036657	0.5031
211.5	124.933	0.00204392	0.337
216.0	124.933	0.00343936	0.4948
220.5	124.933	0.00555052	0.4848
225.0	124.933	0.0109749	0.4808
229.5	124.933	0.00945239	0.4852
234.0	124.933	0.00479028	0.4886
238.5	124.933	0.00102452	0.2873
243.0	124.933	0.00408272	0.5111
247.5	124.933	0.00245576	0.4133
252.0	124.933	0.00125822	0.5698
256.5	124.933	0.00336117	0.6962
261.0	124.933	0.00539444	0.6641
265.5	124.933	0.00192265	0.6732
270.0	124.933	0.00200549	0.4691
274.5	124.933	0.0061386	0.5361
279.0	124.933	0.000949326	0.3609
283.5	124.933	0.000651162	0.274
288.0	124.933	0.000361221	0.2572
292.5	124.933	0.00326044	0.7282
297.0	124.933	0.00412101	0.606
301.5	124.933	0.000336644	0.3356
306.0	124.933	0.000476215	0.2747
310.5	124.933	0.000537272	0.2437
315.0	124.933	0.00862329	0.5311
319.5	124.933	0.0034623	0.6345
324.0	124.933	0.00365106	0.6605
328.5	124.933	0.000282274	0.3599
333.0	124.933	0.000879562	0.5149
337.5	124.933	0.00202992	0.56
342.0	124.933	0.00134254	0.6993
346.5	124.933	0.000422467	0.2629
351.0	124.933	0.00029787	0.309
355.5	124.933	0.000329429	0.3842
360.0	124.933	0.000516939	0.3747
364.5	124.933	0.000455176	0.5891
369.0	124.933	0.000151628	0.5606
373.5	124.933	9.65545e-05	0.5558
378.0	124.933	0.00034984	0.847
382.5	124.933	0.00302106	0.97
387.0	124.933	0.000212405	0.413
391.5	124.933	0.00013037	0.5861
396.0	124.933	0.00014771	0.5895
400.5	124.933	9.16481e-05	0.6391
405.0	124.933	0.00224315	0.9615
409.5	124.933	0.000846545	0.9057
414.0	124.933	0.00251699	0.7508
418.5	124.933	0.000132664	0.5114
423.0	124.933	4.02959e-05	0.7979
427.5	124.933	5.8736e-05	1.0
432.0	124.933	0.000118481	0.5812
436.5	124.933	0.0	0.0
441.0	124.933	1.04846e-05	1.0
445.5	124.933	5.36853e-05	0.8342
-450.0	127.5	0.00010102	0.4652
-445.5	127.5	8.17796e-05	0.7515
-441.0	127.5	2.77346e-06	1.0
-436.5	127.5	0.0	0.0
-432.0	127.5	0.0	0.0
-427.5	127.5	2.55675e-05	1.0
-423.0	127.5	0.0	0.0
-418.5	127.5	0.00172725	0.9853
-414.0	127.5	0.0	0.0
-409.5	127.5	0.0	0.0
-405.0	127.5	0.0	0.0
-400.5	127.5	0.0	0.0
-396.0	127.5	4.63416e-05	0.6063
-391.5	127.5	0.000105365	0.7034
-387.0	127.5	5.45621e-05	0.5761
-382.5	127.5	0.000109065	0.5415
-378.0	127.5	0.000125659	0.4402
-373.5	127.5	0.000205032	0.4264
-369.0	127.5	0.000119148	0.4672
-364.5	127.5	0.000183261	0.5715
-360.0	127.5	0.000297396	0.3402
-355.5	127.5	0.00014232	0.3888
-351.0	127.5	0.000277619	0.4627
-346.5	127.5	0.000250273	0.333
-342.0	127.5	2.18763e-05	0.8197
-337.5	127.5	0.000267264	0.3642
-333.0	127.5	0.000254396	0.3068
-328.5	127.5	0.000221778	0.4477
-324.0	127.5	0.000146376	0.4209
-319.5	127.5	0.00023122	0.3059
-315.0	127.5	0.000196378	0.3766
-310.5	127.5	0.00351484	0.6337
-306.0	127.5	0.0034092	0.8275
-301.5	127.5	0.000431837	0.3151
-297.0	127.5	0.000575467	0.2491
-292.5	127.5	0.00434933	0.8662
-288.0	127.5	0.004362	0.6217
-283.5	127.5	0.00036057	0.2827
-279.0	127.5	0.00126846	0.4286
-274.5	127.5	0.00137223	0.4697
-270.0	127.5	0.00295246	0.9262
-265.5	127.5	0.00517906	0.656
-261.0	127.5	0.00142678	0.5048
-256.5	127.5	0.00262586	0.7627
-252.0	127.5	0.00200908	0.6001
-247.5	127.5	0.0028664	0.6132
-243.0	127.5	0.00250726	0.573
-238.5	127.5	0.000517916	0.2184
-234.0	127.5	0.00051091	0.2369
-229.5	127.5	0.00168895	0.335
-225.0	127.5	0.00498976	0.4249
-220.5	127.5	0.00283323	0.5828
-216.0	127.5	0.00191686	0.568
-211.5	127.5	0.00347694	0.5958
-207.0	127.5	0.000520224	0.2255
-202.5	127.5	0.00232013	0.4701
-198.0	127.5	0.0101928	0.3205
-193.5	127.5	0.0054476	0.4341
-189.0	127.5	0.00775633	0.4047
-184.5	127.5	0.00534522	0.4512
-180.0	127.5	0.00769408	0.4642
-175.5	127.5	0.00638307	0.391
-171.0	127.5	0.00756318	0.3611
-166.5	127.5	0.018399	0.3548
-162.0	127.5	0.0120281	0.3406
-157.5	127.5	0.0102946	0.3171
-153.0	127.5	0.0161155	0.3264
-148.5	127.5	0.011171	0.3846
-144.0	127.5	0.0171884	0.3181
-139.5	127.5	0.0115488	0.3756
-135.0	127.5	0.00560072	0.3525
-130.5	127.5	0.0116846	0.3003
-126.0	127.5	0.0181893	0.2799
-121.5	127.5	0.0187809	0.2638
-117.0	127.5	0.0226489	0.2928
-112.5	127.5	0.0222714	0.2664
-108.0	127.5	0.0151289	0.2444
-103.5	127.5	0.0221833	0.2508
-99.0	127.5	0.0116499	0.2766
-94.5	127.5	0.0249547	0.2314
-90.0	127.5	0.0429383	0.1967
-85.5	127.5	0.0246903	0.2301
-81.0	127.5	0.036842	0.2231
-76.5	127.5	0.0378242	0.2116
-72.0	127.5	0.0355669	0.2174
-67.5	127.5	0.0300475	0.2331
-63.0	127.5	0.045324	0.1958
-58.5	127.5	0.0395605	0.2221
-54.0	127.5	0.0276849	0.2139
-49.5	127.5	0.0523531	0.1703
-45.0	127.5	0.047068	0.1824
-40.5	127.5	0.0467168	0.1876
-36.0	127.5	0.040286	0.174
-31.5	127.5	0.0519235	0.2085
-27.0	127.5	0.0558576	0.2164
-22.5	127.5	0.0390662	0.2085
-18.0	127.5	0.0490072	0.1914
-13.5	127.5	0.0571488	0.21
-9.0	127.5	0.0560014	0.1686
-4.5	127.5	0.0594717	0.1668
0.0	127.5	0.051548	0.1746
4.5	127.5	0.0457933	0.1779
9.0	127.5	0.0507538	0.2063
13.5	127.5	0.0364843	0.1891
18.0	127.5	0.0451395	0.173
22.5	127.5	0.0311552	0.205
27.0	127.5	0.0518034	0.181
31.5	127.5	0.0703987	0.1666
36.0	127.5	0.0525922	0.1774
40.5	127.5	0.0464782	0.1854
45.0	127.5	0.0536426	0.1727
49.5	127.5	0.0526503	0.1701
54.0	127.5	0.0449504	0.1861
58.5	127.5	0.0510708	0.2242
63.0	127.5	0.0376734	0.1864
67.5	127.5	0.0426039	0.1833
72.0	127.5	0.0466242	0.2882
76.5	127.5	0.0490448	0.1748
81.0	127.5	0.0343801	0.2053
85.5	127.5	0.0380724	0.2029
90.0	127.5	0.0231448	0.1912
94.5	127.5	0.0293213	0.2259
99.0	127.5	0.0308345	0.2268
103.5	127.5	0.0194988	0.2254
108.0	127.5	0.0236112	0.2512
112.5	127.5	0.0202386	0.2892
117.0	127.5	0.0233195	0.2463
121.5	127.5	0.0114756	0.2892
126.0	127.5	0.0184378	0.2445
130.5	127.5	0.0169096	0.3018
135.0	127.5	0.0152547	0.2788
139.5	127.5	0.0126208	0.306
144.0	127.5	0.0177578	0.315
148.5	127.5	0.00807245	0.3106
153.0	127.5	0.0239886	0.2652
157.5	127.5	0.00652821	0.2798
162.0	127.5	0.0134965	0.3226
166.5	127.5	0.0160005	0.2718
171.0	127.5	0.0080502	0.3583
175.5	127.5	0.0134464	0.4063
180.0	127.5	0.0110211	0.3062
184.5	127.5	0.00696019	0.4203
189.0	127.5	0.0100645	0.4105
193.5	127.5	0.00965011	0.4653
198.0	127.5	0.00580561	0.4137
202.5	127.5	0.00851549	0.3993
207.0	127.5	0.0064975	0.4281
211.5	127.5	0.00449928	0.3829
216.0	127.5	0.00751637	0.5532
220.5	127.5	0.00525272	0.4978
225.0	127.5	0.00454072	0.3853
229.5	127.5	0.00485579	0.4876
234.0	127.5	0.0150128	0.3755
238.5	127.5	0.0032129	0.4137
243.0	127.5	0.000626436	0.2807
247.5	127.5	0.00491619	0.4945
252.0	127.5	0.00297249	0.6249
256.5	127.5	0.00331444	0.6663
261.0	127.5	0.00487819	0.5077
265.5	127.5	0.00480757	0.5357
270.0	127.5	0.00143191	0.4645
274.5	127.5	0.00190928	0.6619
279.0	127.5	0.00439552	0.6811
283.5	127.5	0.00326235	0.8079
288.0	127.5	0.00236819	0.5651
292.5	127.5	0.003357	0.6991
297.0	127.5	0.000611806	0.2815
301.5	127.5	0.000495975	0.2711
306.0	127.5	0.00286449	0.8249
310.5	127.5	0.00039356	0.2479
315.0	127.5	0.00303461	0.547
319.5	127.5	0.00509959	0.474
324.0	127.5	0.00162215	0.531
328.5	127.5	0.00200903	0.731
333.0	127.5	0.00184207	0.7078
337.5	127.5	0.000308114	0.3222
342.0	127.5	0.000277202	0.3397
346.5	127.5	0.00140278	0.7974
351.0	127.5	0.000312236	0.4214
355.5	127.5	0.000289609	0.3735
360.0	127.5	0.000133272	0.4219
364.5	127.5	0.00229328	0.851
369.0	127.5	0.00170272	0.9209
373.5	127.5	0.000556687	0.9106
378.0	127.5	3.91441e-05	0.7668
382.5	127.5	0.00102358	0.958
387.0	127.5	6.46608e-05	0.7901
391.5	127.5	0.00182952	0.9763
396.0	127.5	0.000146805	0.5814
400.5	127.5	1.61628e-06	1.0
405.0	127.5	0.000271612	0.9882
409.5	127.5	0.0011572	0.9659
414.0	127.5	0.00185261	0.7079
418.5	127.5	0.000678095	0.8819
423.0	127.5	4.85904e-05	0.7909
427.5	127.5	9.76495e-05	0.676
432.0	127.5	0.0	0.0
436.5	127.5	9.59424e-05	0.7621
441.0	127.5	0.0	0.0
445.5	127.5	9.31096e-05	0.581
-450.0	130.067	0.00103639	0.9744
-445.5	130.067	4.48489e-05	0.6612
-441.0	130.067	5.11864e-05	0.7416
-436.5	130.067	5.05959e-05	0.8264
-432.0	130.067	1.26129e-05	0.7133
-427.5	130.067	4.37151e-05	0.7255
-423.0	130.067	6.35755e-05	0.7328
-418.5	130.067	0.000430606	0.9183
-414.0	130.067	0.00401061	0.9989
-409.5	130.067	0.00129322	1.0
-405.0	130.067	0.00244944	1.0
-400.5	130.067	4.44814e-05	0.757
-396.0	130.067	0.000155742	0.4237
-391.5	130.067	9.92986e-05	0.5156
-387.0	130.067	9.98908e-05	0.6491
-382.5	130.067	0.000215541	0.3741
-378.0	130.067	0.000304093	0.4068
-373.5	130.067	0.00100212	0.8454
-369.0	130.067	0.00088107	0.7807
-364.5	130.067	0.000637755	0.7778
-360.0	130.067	0.000187819	0.4573
-355.5	130.067	0.000248154	0.3673
-351.0	130.067	8.94665e-05	0.5179
-346.5	130.067	0.000171353	0.4051
-342.0	130.067	0.000236255	0.3495
-337.5	130.067	0.000205727	0.3156
-333.0	130.067	0.000156863	0.4233
-328.5	130.067	0.000123269	0.4481
-324.0	130.067	0.00469248	0.6715
-319.5	130.067	0.000272551	0.3409
-315.0	130.067	0.00195949	0.7942
-310.5	130.067	0.00358215	0.8598
-306.0	130.067	0.00408818	0.9217
-301.5	130.067	0.0016532	0.5099
-297.0	130.067	0.00622797	0.6572
-292.5	130.067	0.00196446	0.5955
-288.0	130.067	0.00199759	0.5917
-283.5	130.067	0.00152323	0.7731
-279.0	130.067	0.00180424	0.5621
-274.5	130.067	0.000784275	0.2814
-270.0	130.067	0.00144883	0.6632
-265.5	130.067	0.00156445	0.4231
-261.0	130.067	0.00308376	0.5173
-256.5	130.067	0.000491021	0.2612
-252.0	130.067	0.000453426	0.2321
-247.5	130.067	0.00113261	0.4601
-243.0	130.067	0.00126909	0.4587
-238.5	130.067	0.00440633	0.5841
-234.0	130.067	0.00441681	0.4354
-229.5	130.067	0.00559623	0.6431
-225.0	130.067	0.00436644	0.4382
-220.5	130.067	0.000652579	0.2205
-216.0	130.067	0.00379187	0.5758
-211.5	130.067	0.00521512	0.6998
-207.0	130.067	0.00106875	0.42
-202.5	130.067	0.00288839	0.3856
-198.0	130.067	0.00497717	0.4363
-193.5	130.067	0.00515881	0.6299
-189.0	130.067	0.0109611	0.4074
-184.5	130.067	0.00915944	0.5471
-180.0	130.067	0.00666483	0.3899
-175.5	130.067	0.00947704	0.4603
-171.0	130.067	0.00771933	0.4381
-166.5	130.067	0.0113285	0.4008
-162.0	130.067	0.0135711	0.3272
-157.5	130.067	0.0146591	0.3239
-153.0	130.067	0.00915501	0.3453
-148.5	130.067	0.00905633	0.4787
-144.0	130.067	0.0133614	0.3268
-139.5	130.067	0.00490263	0.2833
-135.0	130.067	0.0106199	0.3698
-130.5	130.067	0.0166908	0.3224
-126.0	130.067	0.0219102	0.2396
-121.5	130.067	0.0254488	0.2542
-117.0	130.067	0.0232349	0.2553
-112.5	130.067	0.015957	0.2714
-108.0	130.067	0.0258732	0.3082
-103.5	130.067	0.0203548	0.3047
-99.0	130.067	0.0153765	0.285
-94.5	130.067	0.0190617	0.2152
-90.0	130.067	0.0278297	0.253
-85.5	130.067	0.039075	0.2064
-81.0	130.067	0.022038	0.2278
-76.5	130.067	0.0273109	0.2396
-72.0	130.067	0.037983	0.2489
-67.5	130.067	0.0238846	0.2345
-63.0	130.067	0.0256825	0.2293
-58.5	130.067	0.0355306	0.1972
-54.0	130.067	0.0311764	0.222
-49.5	130.067	0.0443964	0.1921
-45.0	130.067	0.033154	0.2032
-40.5	130.067	0.0307991	0.2127
-36.0	130.067	0.0278658	0.2041
-31.5	130.067	0.0618512	0.1587
-27.0	130.067	0.0483182	0.1781
-22.5	130.067	0.0489397	0.1708
-18.0	130.067	0.0578718	0.1972
-13.5	130.067	0.048645	0.1759
-9.0	130.067	0.0547895	0.1896
-4.5	130.067	0.0443098	0.1874
0.0	130.067	0.0626607	0.1714
4.5	130.067	0.0535214	0.1755
9.0	130.067	0.0491415	0.1799
13.5	130.067	0.0288113	0.205
18.0	130.067	0.0500946	0.1672
22.5	130.067	0.0450512	0.1899
27.0	130.067	0.0546745	0.169
31.5	130.067	0.0414756	0.179
36.0	130.067	0.0403054	0.1688
40.5	130.067	0.0465073	0.1901
45.0	130.067	0.035488	0.2046
49.5	130.067	0.0552192	0.1744
54.0	130.067	0.0279126	0.2401
58.5	130.067	0.0450865	0.1865
63.0	130.067	0.0400961	0.1697
67.5	130.067	0.0241694	0.2532
72.0	130.067	0.0189382	0.2563
76.5	130.067	0.0358141	0.2104
81.0	130.067	0.0403312	0.1894
85.5	130.067	0.0246109	0.2119
90.0	130.067	0.0231999	0.2111
94.5	130.067	0.0376809	0.1866
99.0	130.067	0.0390227	0.2039
103.5	130.067	0.0321554	0.2252
108.0	130.067	0.0195459	0.2592
112.5	130.067	0.0285462	0.2952
117.0	130.067	0.0213604	0.234
121.5	130.067	0.0387486	0.2559
126.0	130.067	0.00930327	0.2768
130.5	130.067	0.0151385	0.2791
135.0	130.067	0.0160926	0.3503
139.5	130.067	0.0160379	0.2903
144.0	130.067	0.0125583	0.2435
148.5	130.067	0.0127209	0.3725
153.0	130.067	0.014733	0.2856
157.5	130.067	0.010452	0.3451
162.0	130.067	0.00953088	0.4232
166.5	130.067	0.00852367	0.285
171.0	130.067	0.0118472	0.404
175.5	130.067	0.00874045	0.3441
180.0	130.067	0.0147919	0.3018
184.5	130.067	0.017474	0.2775
189.0	130.067	0.0113617	0.4187
193.5	130.067	0.00987929	0.4731
198.0	130.067	0.00236459	0.4652
202.5	130.067	0.0123897	0.3556
207.0	130.067	0.0074694	0.3454
211.5	130.067	0.00388902	0.5611
216.0	130.067	0.0036825	0.4142
220.5	130.067	0.00753428	0.453
225.0	130.067	0.005257	0.4805
229.5	130.067	0.00413633	0.5415
234.0	130.067	0.0053662	0.5878
238.5	130.067	0.00527159	0.4361
243.0	130.067	0.0020647	0.6479
247.5	130.067	0.00351601	0.4923
252.0	130.067	0.0097863	0.3788
256.5	130.067	0.00160145	0.6083
261.0	130.067	0.00124617	0.7051
265.5	130.067	0.00187285	0.441
270.0	130.067	0.0034308	0.5916
274.5	130.067	0.00665422	0.6133
279.0	130.067	0.000356005	0.3008
283.5	130.067	0.00191039	0.7794
288.0	130.067	0.00552827	0.5428
292.5	130.067	0.00472781	0.5157
297.0	130.067	0.00128306	0.61
301.5	130.067	0.00483694	0.6711
306.0	130.067	0.00207293	0.5791
310.5	130.067	0.00236952	0.8407
315.0	130.067	0.000675509	0.3694
319.5	130.067	0.00114571	0.5442
324.0	130.067	0.00567928	0.5794
328.5	130.067	0.00144753	0.7482
333.0	130.067	0.000278166	0.328
337.5	130.067	0.000238566	0.3481
342.0	130.067	0.00165973	0.7675
346.5	130.067	0.00277896	0.5367
351.0	130.067	0.000202404	0.3317
355.5	130.067	0.000269517	0.291
360.0	130.067	0.000707482	0.5317
364.5	130.067	0.000205129	0.5495
369.0	130.067	0.000423426	0.4202
373.5	130.067	0.000176684	0.5187
378.0	130.067	9.32322e-05	0.4843
382.5	130.067	9.51817e-05	0.6313
387.0	130.067	3.57247e-05	0.7609
391.5	130.067	9.2152e-05	0.5974
396.0	130.067	6.97847e-05	0.791
400.5	130.067	7.27943e-05	0.7096
405.0	130.067	1.74933e-05	1.0
409.5	130.067	0.00229552	1.0
414.0	130.067	0.000188204	0.874
418.5	130.067	0.00140685	0.6459
423.0	130.067	9.24949e-05	0.7073
427.5	130.067	0.000967911	0.7952
432.0	130.067	0.000106854	0.6062
436.5	130.067	3.04503e-06	1.0
441.0	130.067	0.0	0.0
445.5	130.067	0.000920116	0.8793
-450.0	132.633	0.0015271	0.9647
-445.5	132.633	0.000119873	0.5229
-441.0	132.633	0.000137301	0.5424
-436.5	132.633	0.000114276	0.6815
-432.0	132.633	0.00170271	0.9607
-427.5	132.633	0.00553834	0.7504
-423.0	132.633	0.00179357	0.9817
-418.5	132.633	5.25443e-05	0.7078
-414.0	132.633	0.00122382	0.9322
-409.5	132.633	3.661e-05	0.7203
-405.0	132.633	4.6948e-05	0.8731
-400.5	132.633	6.19621e-05	0.7101
-396.0	132.633	5.42416e-05	0.6591
-391.5	132.633	0.000112042	0.4236
-387.0	132.633	0.000142912	0.7066
-382.5	132.633	0.00161656	0.9503
-378.0	132.633	0.000650498	0.9302
-373.5	132.633	0.000810041	0.8473
-369.0	132.633	0.000186897	0.4647
-364.5	132.633	0.000328151	0.5489
-360.0	132.633	0.000345802	0.6717
-355.5	132.633	0.000412661	0.5756
-351.0	132.633	0.00035351	0.663
-346.5	132.633	0.000425705	0.5499
-342.0	132.633	0.000455889	0.3144
-337.5	132.633	0.000224032	0.3513
-333.0	132.633	0.000232952	0.3368
-328.5	132.633	0.000177082	0.4994
-324.0	132.633	0.00260947	0.836
-319.5	132.633	0.00143472	0.741
-315.0	132.633	0.00361338	0.9246
-310.5	132.633	0.0045163	0.9046
-306.0	132.633	0.0021434	0.6579
-301.5	132.633	0.000384465	0.2835
-297.0	132.633	0.000341361	0.3065
-292.5	132.633	0.00284723	0.5166
-288.0	132.633	0.00133876	0.5024
-283.5	132.633	0.00210581	0.5594
-279.0	132.633	0.000686602	0.2417
-274.5	132.633	0.00295058	0.7264
-270.0	132.633	0.000602819	0.2243
-265.5	132.633	0.000522911	0.2728
-261.0	132.633	0.00217784	0.7546
-256.5	132.633	0.00164156	0.6304
-252.0	132.633	0.00349981	0.8098
-247.5	132.633	0.00135908	0.6691
-243.0	132.633	0.00464742	0.5372
-238.5	132.633	0.00345773	0.4442
-234.0	132.633	0.00741444	0.5581
-229.5	132.633	0.00395087	0.6628
-225.0	132.633	0.000951102	0.36
-220.5	132.633	0.0063043	0.6232
-216.0	132.633	0.00608077	0.598
-211.5	132.633	0.00443693	0.6775
-207.0	132.633	0.00725936	0.4839
-202.5	132.633	0.00923138	0.3261
-198.0	132.633	0.00945054	0.3736
-193.5	132.633	0.00564967	0.5304
-189.0	132.633	0.00298745	0.392
-184.5	132.633	0.00366484	0.3481
-180.0	132.633	0.0102144	0.4059
-175.5	132.633	0.0038706	0.385
-171.0	132.633	0.0103733	0.4361
-166.5	132.633	0.0218225	0.3123
-162.0	132.633	0.0113841	0.3548
-157.5	132.633	0.0102184	0.3892
-153.0	132.633	0.00741982	0.3682
-148.5	132.633	0.00738614	0.32
-144.0	132.633	0.0224554	0.2365
-139.5	132.633	0.0119373	0.3511
-135.0	132.633	0.0125565	0.3271
-130.5	132.633	0.0108737	0.3166
-126.0	132.633	0.0182504	0.2532
-121.5	132.633	0.0187461	0.2885
-117.0	132.633	0.0256509	0.2368
-112.5	132.633	0.015044	0.2757
-108.0	132.633	0.0197488	0.2758
-103.5	132.633	0.0207198	0.2993
-99.0	132.633	0.0121931	0.333
-94.5	132.633	0.0168594	0.2587
-90.0	132.633	0.0208114	0.3069
-85.5	132.633	0.0311041	0.2072
-81.0	132.633	0.0217009	0.2037
-76.5	132.633	0.0309027	0.2135
-72.0	132.633	0.0337965	0.2116
-67.5	132.633	0.0408616	0.191
-63.0	132.633	0.0287117	0.2186
-58.5	132.633	0.0437945	0.1964
-54.0	132.633	0.0363668	0.2706
-49.5	132.633	0.0428044	0.1902
-45.0	132.633	0.0441359	0.2116
-40.5	132.633	0.0385453	0.2004
-36.0	132.633	0.045905	0.2017
-31.5	132.633	0.0463414	0.1627
-27.0	132.633	0.0361345	0.1959
-22.5	132.633	0.0466129	0.1942
-18.0	132.633	0.0422161	0.1596
-13.5	132.633	0.15574	0.7035
-9.0	132.633	0.0490873	0.1599
-4.5	132.633	0.0484822	0.2552
0.0	132.633	0.0621147	0.1751
4.5	132.633	0.0567913	0.1671
9.0	132.633	0.049464	0.1865
13.5	132.633	0.0352994	0.1879
18.0	132.633	0.0500311	0.1835
22.5	132.633	0.0417411	0.1887
27.0	132.633	0.0558647	0.1661
31.5	132.633	0.044265	0.1893
36.0	132.633	0.0462107	0.1649
40.5	132.633	0.0382237	0.1848
45.0	132.633	0.0346167	0.188
49.5	132.633	0.0441497	0.1729
54.0	132.633	0.0460298	0.2016
58.5	132.633	0.0363669	0.1956
63.0	132.633	0.0373506	0.1852
67.5	132.633	0.0317757	0.2049
72.0	132.633	0.0307736	0.2072
76.5	132.633	0.0353725	0.1988
81.0	132.633	0.0428915	0.213
85.5	132.633	0.020453	0.2258
90.0	132.633	0.0271027	0.2242
94.5	132.633	0.0146907	0.3209
99.0	132.633	0.0184464	0.2557
103.5	132.633	0.0346935	0.2395
108.0	132.633	0.0124226	0.293
112.5	132.633	0.0232748	0.2447
117.0	132.633	0.0161947	0.2708
121.5	132.633	0.0291847	0.2462
126.0	132.633	0.02277	0.3064
130.5	132.633	0.0193025	0.2628
135.0	132.633	0.0213542	0.2935
139.5	132.633	0.0344036	0.2813
144.0	132.633	0.0184245	0.4008
148.5	132.633	0.0179449	0.2688
153.0	132.633	0.0150574	0.4521
157.5	132.633	0.0134313	0.2938
162.0	132.633	0.0150415	0.3862
166.5	132.633	0.0110082	0.3527
171.0	132.633	0.0162872	0.3608
175.5	132.633	0.00520006	0.4871
180.0	132.633	0.00258952	0.3822
184.5	132.633	0.0159273	0.446
189.0	132.633	0.0055739	0.3972
193.5	132.633	0.00752534	0.3642
198.0	132.633	0.00441936	0.53
202.5	132.633	0.0081866	0.4494
207.0	132.633	0.00569401	0.5168
211.5	132.633	0.00748997	0.4237
216.0	132.633	0.00890633	0.4076
220.5	132.633	0.00327877	0.4659
225.0	132.633	0.00953908	0.3321
229.5	132.633	0.0043218	0.5337
234.0	132.633	0.00451644	0.5905
238.5	132.633	0.00523146	0.4345
243.0	132.633	0.00176901	0.6144
247.5	132.633	0.00607794	0.5055
252.0	132.633	0.0114596	0.3576
256.5	132.633	0.00499241	0.5769
261.0	132.633	0.00048771	0.3961
265.5	132.633	0.00299524	0.6026
270.0	132.633	0.00153014	0.5514
274.5	132.633	0.00411281	0.4585
279.0	132.633	0.00218249	0.8688
283.5	132.633	0.000491511	0.3063
288.0	132.633	0.00246011	0.7236
292.5	132.633	0.00349507	0.7764
297.0	132.633	0.00589061	0.6562
301.5	132.633	0.00702549	0.6252
306.0	132.633	0.00367825	0.5875
310.5	132.633	0.000449399	0.2521
315.0	132.633	0.00185402	0.8096
319.5	132.633	0.00460895	0.5197
324.0	132.633	0.00544577	0.5834
328.5	132.633	0.00108969	0.5422
333.0	132.633	0.0016414	0.8926
337.5	132.633	0.00509778	0.7241
342.0	132.633	0.00329923	0.5095
346.5	132.633	0.000289404	0.2979
351.0	132.633	0.00141251	0.7838
355.5	132.633	0.000638263	0.7861
360.0	132.633	0.000519978	0.868
364.5	132.633	0.000181179	0.3848
369.0	132.633	0.000126223	0.4338
373.5	132.633	0.00137511	0.8077
378.0	132.633	0.000773612	0.7491
382.5	132.633	7.21007e-05	0.5985
387.0	132.633	0.00282825	0.9698
391.5	132.633	0.00234476	0.9604
396.0	132.633	8.96558e-05	0.7328
400.5	132.633	0.000120306	0.59
405.0	132.633	2.35565e-05	1.0
409.5	132.633	0.000281513	0.9788
414.0	132.633	4.35434e-05	0.956
418.5	132.633	1.65506e-05	0.7524
423.0	132.633	0.000193664	0.8748
427.5	132.633	0.00130893	0.8427
432.0	132.633	9.56397e-05	0.4939
436.5	132.633	0.00136949	0.9625
441.0	132.633	0.000264129	0.6656
445.5	132.633	0.00209583	0.9605
-450.0	135.2	3.45037e-05	0.6157
-445.5	135.2	5.4895e-05	0.7549
-441.0	135.2	0.00254181	0.9955
-436.5	135.2	0.00378288	0.9985
-432.0	135.2	0.00218748	0.9793
-427.5	135.2	6.465e-05	0.7429
-423.0	135.2	0.0	0.0
-418.5	135.2	3.32175e-05	1.0
-414.0	135.2	0.0	0.0
-409.5	135.2	5.02097e-05	1.0
-405.0	135.2	5.72343e-05	0.6375
-400.5	135.2	2.93146e-05	0.8087
-396.0	135.2	0.000127977	0.6304
-391.5	135.2	8.96098e-05	1.0
-387.0	135.2	0.000549653	0.9572
-382.5	135.2	0.0007333	0.9345
-378.0	135.2	0.000177192	0.5282
-373.5	135.2	0.000210725	0.3615
-369.0	135.2	0.000699483	0.6939
-364.5	135.2	0.000665921	0.7234
-360.0	135.2	0.00020084	0.3797
-355.5	135.2	0.000606741	0.5153
-351.0	135.2	0.000200093	0.4209
-346.5	135.2	0.000259652	0.3287
-342.0	135.2	0.000378959	0.3144
-337.5	135.2	0.000264708	0.2961
-333.0	135.2	0.0015728	0.8528
-328.5	135.2	0.000269756	0.3735
-324.0	135.2	0.000195589	0.3442
-319.5	135.2	0.000215554	0.4228
-315.0	135.2	0.00461074	0.9547
-310.5	135.2	0.00136115	0.7576
-306.0	135.2	0.00268133	0.8767
-301.5	135.2	0.000234529	0.384
-297.0	135.2	0.000354993	0.2959
-292.5	135.2	0.000367345	0.2824
-288.0	135.2	0.0010189	0.3686
-283.5	135.2	0.00149522	0.8454
-279.0	135.2	0.000329829	0.3149
-274.5	135.2	0.00267054	0.6801
-270.0	135.2	0.0019026	0.7242
-265.5	135.2	0.00237079	0.6032
-261.0	135.2	0.000323444	0.2815
-256.5	135.2	0.000346806	0.3082
-252.0	135.2	0.00468377	0.8808
-247.5	135.2	0.00136304	0.6369
-243.0	135.2	0.0029462	0.5403
-238.5	135.2	0.00215341	0.6745
-234.0	135.2	0.00310611	0.8239
-229.5	135.2	0.00395874	0.6399
-225.0	135.2	0.00253439	0.5033
-220.5	135.2	0.00174339	0.4554
-216.0	135.2	0.00331127	0.5698
-211.5	135.2	0.00419008	0.4774
-207.0	135.2	0.00820831	0.406
-202.5	135.2	0.0108349	0.3686
-198.0	135.2	0.00551451	0.4117
-193.5	135.2	0.0060114	0.3999
-189.0	135.2	0.00631845	0.4667
-184.5	135.2	0.00493833	0.5772
-180.0	135.2	0.00388628	0.5943
-175.5	135.2	0.00674175	0.4531
-171.0	135.2	0.0125319	0.4014
-166.5	135.2	0.0122348	0.3896
-162.0	135.2	0.00656805	0.3445
-157.5	135.2	0.00644843	0.3874
-153.0	135.2	0.00460926	0.342
-148.5	135.2	0.0106234	0.3108
-144.0	135.2	0.0194053	0.3089
-139.5	135.2	0.0102842	0.2985
-135.0	135.2	0.0229178	0.4077
-130.5	135.2	0.0192649	0.286
-126.0	135.2	0.0251439	0.2397
-121.5	135.2	0.017361	0.2942
-117.0	135.2	0.0183202	0.2841
-112.5	135.2	0.0209471	0.281
-108.0	135.2	0.0181504	0.2814
-103.5	135.2	0.0261363	0.2468
-99.0	135.2	0.0161857	0.2712
-94.5	135.2	0.0282284	0.2301
-90.0	135.2	0.0176884	0.2801
-85.5	135.2	0.0284204	0.2218
-81.0	135.2	0.0242559	0.2293
-76.5	135.2	0.0341719	0.2091
-72.0	135.2	0.0266492	0.2005
-67.5	135.2	0.0253282	0.234
-63.0	135.2	0.0307666	0.2271
-58.5	135.2	0.0276824	0.2057
-54.0	135.2	0.035133	0.2073
-49.5	135.2	0.0348581	0.2289
-45.0	135.2	0.047293	0.2017
-40.5	135.2	0.035901	0.2021
-36.0	135.2	0.0456025	0.189
-31.5	135.2	0.0317405	0.2432
-27.0	135.2	0.036787	0.231
-22.5	135.2	0.0432815	0.1961
-18.0	135.2	0.0552881	0.1808
-13.5	135.2	0.0506018	0.1517
-9.0	135.2	0.0398345	0.2563
-4.5	135.2	0.0575759	0.1915
0.0	135.2	0.05117	0.1759
4.5	135.2	0.0399283	0.1924
9.0	135.2	0.0466157	0.1781
13.5	135.2	0.0494954	0.1727
18.0	135.2	0.0470696	0.1683
22.5	135.2	0.0388079	0.2015
27.0	135.2	0.0320078	0.1982
31.5	135.2	0.0540784	0.1844
36.0	135.2	0.0468038	0.2145
40.5	135.2	0.0463193	0.1718
45.0	135.2	0.0503615	0.1854
49.5	135.2	0.0350495	0.2107
54.0	135.2	0.0430778	0.1916
58.5	135.2	0.0303445	0.2074
63.0	135.2	0.0382333	0.2051
67.5	135.2	0.0376537	0.1967
72.0	135.2	0.0249473	0.2131
76.5	135.2	0.0248618	0.2312
81.0	135.2	0.0241335	0.2121
85.5	135.2	0.0299664	0.2263
90.0	135.2	0.0338428	0.2203
94.5	135.2	0.0272014	0.2376
99.0	135.2	0.0227622	0.2636
103.5	135.2	0.0191351	0.2313
108.0	135.2	0.0227475	0.2852
112.5	135.2	0.0188168	0.3035
117.0	135.2	0.0225665	0.2472
121.5	135.2	0.0197999	0.2509
126.0	135.2	0.0250296	0.2405
130.5	135.2	0.026308	0.2592
135.0	135.2	0.0223992	0.269
139.5	135.2	0.0202451	0.2686
144.0	135.2	0.015174	0.3364
148.5	135.2	0.0136682	0.3013
153.0	135.2	0.010735	0.3495
157.5	135.2	0.00791127	0.4056
162.0	135.2	0.0129138	0.3738
166.5	135.2	0.0123752	0.3067
171.0	135.2	0.0154541	0.3581
175.5	135.2	0.00717454	0.3714
180.0	135.2	0.00858356	0.5034
184.5	135.2	0.00836066	0.4469
189.0	135.2	0.00878512	0.3543
193.5	135.2	0.0056884	0.33
198.0	135.2	0.013686	0.4215
202.5	135.2	0.0106228	0.3981
207.0	135.2	0.00187154	0.4456
211.5	135.2	0.00425086	0.5721
216.0	135.2	0.00558401	0.4451
220.5	135.2	0.00912786	0.4189
225.0	135.2	0.0155033	0.3391
229.5	135.2	0.00262106	0.4525
234.0	135.2	0.00225013	0.5015
238.5	135.2	0.00224173	0.5645
243.0	135.2	0.00087661	0.3451
247.5	135.2	0.00172625	0.5047
252.0	135.2	0.0062693	0.5072
256.5	135.2	0.00402441	0.4271
261.0	135.2	0.000953954	0.2417
265.5	135.2	0.00191115	0.5347
270.0	135.2	0.000314524	0.2975
274.5	135.2	0.00124664	0.5749
279.0	135.2	0.000356864	0.2991
283.5	135.2	0.00144952	0.6315
288.0	135.2	0.00298508	0.4634
292.5	135.2	0.00934292	0.5181
297.0	135.2	0.00093117	0.463
301.5	135.2	0.00519013	0.6995
306.0	135.2	0.00553443	0.5935
310.5	135.2	0.000769082	0.2948
315.0	135.2	0.000333244	0.3002
319.5	135.2	0.00191123	0.7156
324.0	135.2	0.00373014	0.6164
328.5	135.2	0.00792448	0.6019
333.0	135.2	0.000542104	0.2648
337.5	135.2	0.00481773	0.679
342.0	135.2	0.00518903	0.6992
346.5	135.2	0.00216815	0.8873
351.0	135.2	0.00019786	0.3345
355.5	135.2	0.000215146	0.331
360.0	135.2	0.00016467	0.4178
364.5	135.2	0.000704574	0.7142
369.0	135.2	0.000310583	0.393
373.5	135.2	0.00212808	0.9214
378.0	135.2	5.92915e-05	1.0
382.5	135.2	6.26451e-05	0.5479
387.0	135.2	4.35222e-05	1.0
391.5	135.2	0.00197777	0.8313
396.0	135.2	0.000647126	0.8168
400.5	135.2	0.000177026	0.4766
405.0	135.2	1.22654e-05	1.0
409.5	135.2	0.0	0.0
414.0	135.2	5.34285e-05	0.6587
418.5	135.2	0.00051693	0.9483
423.0	135.2	0.00133335	0.9901
427.5	135.2	0.000103505	0.5491
432.0	135.2	0.0002929	0.6239
436.5	135.2	0.000172006	0.6532
441.0	135.2	0.000129032	0.4005
445.5	135.2	0.000235069	0.4205
-450.0	137.767	0.0028633	0.8961
-445.5	137.767	0.00483398	0.807
-441.0	137.767	0.00128822	0.9683
-436.5	137.767	5.88895e-05	0.63
-432.0	137.767	4.85572e-05	0.6879
-427.5	137.767	8.81247e-05	0.6071
-423.0	137.767	6.96015e-05	0.6552
-418.5	137.767	6.47159e-05	0.7131
-414.0	137.767	9.40752e-05	0.7291
-409.5	137.767	8.64539e-06	1.0
-405.0	137.767	7.59406e-05	0.5879
-400.5	137.767	7.82474e-05	0.9463
-396.0	137.767	8.2365e-05	0.6495
-391.5	137.767	0.000513856	0.7205
-387.0	137.767	0.000384951	0.5878
-382.5	137.767	0.000102152	0.6072
-378.0	137.767	0.000124371	0.5812
-373.5	137.767	0.00132718	0.5784
-369.0	137.767	0.000709965	0.7121
-364.5	137.767	0.000112247	0.5189
-360.0	137.767	0.0001255	0.4321
-355.5	137.767	0.00322746	0.9816
-351.0	137.767	0.000376988	0.4161
-346.5	137.767	0.000300477	0.4043
-342.0	137.767	0.00096257	0.7908
-337.5	137.767	0.000259073	0.3829
-333.0	137.767	0.000238907	0.3819
-328.5	137.767	0.0014483	0.7877
-324.0	137.767	0.000270818	0.3631
-319.5	137.767	0.00497601	0.9485
-315.0	137.767	0.00347955	0.7441
-310.5	137.767	0.000201523	0.4301
-306.0	137.767	0.00280106	0.8396
-301.5	137.767	0.000398779	0.2606
-297.0	137.767	0.000333608	0.2649
-292.5	137.767	0.000220167	0.3708
-288.0	137.767	0.00343513	0.6173
-283.5	137.767	0.000681123	0.4645
-279.0	137.767	0.00187945	0.7553
-274.5	137.767	0.000736816	0.1913
-270.0	137.767	0.00121022	0.6779
-265.5	137.767	0.00288431	0.6618
-261.0	137.767	0.000259483	0.3416
-256.5	137.767	0.000650398	0.2453
-252.0	137.767	0.000644605	0.306
-247.5	137.767	0.00284679	0.5167
-243.0	137.767	0.00149241	0.6718
-238.5	137.767	0.00441954	0.4796
-234.0	137.767	0.00336018	0.634
-229.5	137.767	0.0024419	0.5219
-225.0	137.767	0.00357102	0.4919
-220.5	137.767	0.00331644	0.5124
-216.0	137.767	0.00430611	0.6248
-211.5	137.767	0.00728658	0.3414
-207.0	137.767	0.0102774	0.4166
-202.5	137.767	0.00693786	0.4891
-198.0	137.767	0.00282888	0.4601
-193.5	137.767	0.00795273	0.4704
-189.0	137.767	0.00907573	0.4444
-184.5	137.767	0.00660588	0.4421
-180.0	137.767	0.00283097	0.4633
-175.5	137.767	0.00696516	0.4268
-171.0	137.767	0.0127427	0.3492
-166.5	137.767	0.00907645	0.346
-162.0	137.767	0.0095088	0.4492
-157.5	137.767	0.00715098	0.3988
-153.0	137.767	0.0135167	0.4007
-148.5	137.767	0.0119198	0.3197
-144.0	137.767	0.00958443	0.3681
-139.5	137.767	0.0273225	0.2795
-135.0	137.767	0.0252376	0.2571
-130.5	137.767	0.0273242	0.2293
-126.0	137.767	0.0249473	0.2343
-121.5	137.767	0.0150587	0.2678
-117.0	137.767	0.0171833	0.3689
-112.5	137.767	0.0112037	0.3459
-108.0	137.767	0.0165679	0.2719
-103.5	137.767	0.02144	0.2677
-99.0	137.767	0.0215038	0.252
-94.5	137.767	0.0277608	0.237
-90.0	137.767	0.0159308	0.2815
-85.5	137.767	0.0221984	0.2563
-81.0	137.767	0.0276997	0.254
-76.5	137.767	0.0241003	0.228
-72.0	137.767	0.0350813	0.2166
-67.5	137.767	0.0212169	0.2758
-63.0	137.767	0.0224219	0.2241
-58.5	137.767	0.0313948	0.1989
-54.0	137.767	0.0407857	0.195
-49.5	137.767	0.0304069	0.2278
-45.0	137.767	0.0348332	0.2095
-40.5	137.767	0.0327462	0.2227
-36.0	137.767	0.045467	0.2006
-31.5	137.767	0.033678	0.1896
-27.0	137.767	0.0383668	0.1955
-22.5	137.767	0.0308437	0.2057
-18.0	137.767	0.0456496	0.2033
-13.5	137.767	0.0437528	0.1982
-9.0	137.767	0.0414156	0.2018
-4.5	137.767	0.0422264	0.2093
0.0	137.767	0.0424743	0.1911
4.5	137.767	0.0374542	0.1852
9.0	137.767	0.0472033	0.1724
13.5	137.767	0.0615826	0.1972
18.0	137.767	0.0458881	0.2096
22.5	137.767	0.0349858	0.2132
27.0	137.767	0.0401991	0.1771
31.5	137.767	0.0462788	0.1884
36.0	137.767	0.0411465	0.185
40.5	137.767	0.0351413	0.1847
45.0	137.767	0.0328882	0.2003
49.5	137.767	0.0281543	0.2248
54.0	137.767	0.0379703	0.1855
58.5	137.767	0.0305722	0.2225
63.0	137.767	0.0314358	0.216
67.5	137.767	0.0154111	0.2727
72.0	137.767	0.0353255	0.1906
76.5	137.767	0.0383893	0.1817
81.0	137.767	0.0290079	0.2294
85.5	137.767	0.0425027	0.2068
90.0	137.767	0.0238455	0.3711
94.5	137.767	0.0253145	0.233
99.0	137.767	0.0181486	0.2474
103.5	137.767	0.0240004	0.2215
108.0	137.767	0.0218266	0.2415
112.5	137.767	0.0189289	0.256
117.0	137.767	0.0213099	0.2697
121.5	137.767	0.0221195	0.2634
126.0	137.767	0.0180515	0.2668
130.5	137.767	0.0132502	0.3228
135.0	137.767	0.0186586	0.293
139.5	137.767	0.0158216	0.2956
144.0	137.767	0.0217656	0.2593
148.5	137.767	0.0143561	0.3456
153.0	137.767	0.0169866	0.327
157.5	137.767	0.0100093	0.5564
162.0	137.767	0.00856438	0.4767
166.5	137.767	0.0205789	0.3001
171.0	137.767	0.0098372	0.3547
175.5	137.767	0.0141628	0.3844
180.0	137.767	0.0146231	0.2891
184.5	137.767	0.00916702	0.3389
189.0	137.767	0.00851195	0.4066
193.5	137.767	0.00390094	0.5612
198.0	137.767	0.00410033	0.472
202.5	137.767	0.00428221	0.4884
207.0	137.767	0.00586675	0.4365
211.5	137.767	0.0100492	0.3485
216.0	137.767	0.00454801	0.3615
220.5	137.767	0.00925776	0.4389
225.0	137.767	0.00549189	0.5246
229.5	137.767	0.0014283	0.3399
234.0	137.767	0.00259846	0.6118
238.5	137.767	0.00449329	0.53
243.0	137.767	0.00197461	0.7388
247.5	137.767	0.0022959	0.6132
252.0	137.767	0.00443973	0.777
256.5	137.767	0.00552944	0.5056
261.0	137.767	0.00516253	0.6521
265.5	137.767	0.00273272	0.4745
270.0	137.767	0.00162406	0.6085
274.5	137.767	0.000632147	0.2682
279.0	137.767	0.00105194	0.7013
283.5	137.767	0.00130856	0.4568
288.0	137.767	0.000651726	0.4526
292.5	137.767	0.00390359	0.7885
297.0	137.767	0.00178761	0.5379
301.5	137.767	0.00254212	0.7449
306.0	137.767	0.0035259	0.7624
310.5	137.767	0.00342516	0.523
315.0	137.767	0.00115853	0.4724
319.5	137.767	0.00153065	0.4854
324.0	137.767	0.00453107	0.5973
328.5	137.767	0.00256703	0.4966
333.0	137.767	0.00484478	0.9035
337.5	137.767	0.00382928	0.6484
342.0	137.767	0.00409827	0.6625
346.5	137.767	0.00176959	0.67
351.0	137.767	0.000159224	0.5217
355.5	137.767	0.000421862	0.3138
360.0	137.767	0.00157398	0.8114
364.5	137.767	0.00129677	0.8028
369.0	137.767	0.000246633	0.3252
373.5	137.767	0.000764548	0.892
378.0	137.767	0.00191544	0.8935
382.5	137.767	0.000117896	0.6152
387.0	137.767	4.73867e-05	0.8236
391.5	137.767	0.00313283	0.9876
396.0	137.767	4.29773e-05	0.6542
400.5	137.767	2.81051e-05	1.0
405.0	137.767	6.42138e-05	0.8
409.5	137.767	1.01026e-05	0.8172
414.0	137.767	2.90868e-05	1.0
418.5	137.767	7.18175e-05	0.7087
423.0	137.767	4.55465e-05	0.7374
427.5	137.767	4.25343e-05	0.7034
432.0	137.767	6.13892e-05	0.558
436.5	137.767	0.0010039	0.8931
441.0	137.767	0.000202981	0.8383
445.5	137.767	0.000116538	0.6735
-450.0	140.333	0.000159429	0.522
-445.5	140.333	0.000145899	0.4993
-441.0	140.333	0.00015391	0.4517
-436.5	140.333	4.66253e-05	0.7268
-432.0	140.333	7.36243e-05	0.7127
-427.5	140.333	1.26944e-06	1.0
-423.0	140.333	7.15179e-05	0.5972
-418.5	140.333	0.000139244	0.8929
-414.0	140.333	0.000321918	1.0
-409.5	140.333	0.0	0.0
-405.0	140.333	6.552e-06	1.0
-400.5	140.333	7.38146e-05	0.858
-396.0	140.333	8.905e-06	1.0
-391.5	140.333	1.50107e-05	1.0
-387.0	140.333	0.000203761	0.735
-382.5	140.333	0.00034989	0.5194
-378.0	140.333	0.00128801	0.7649
-373.5	140.333	0.000594724	0.4411
-369.0	140.333	0.00017525	0.775
-364.5	140.333	0.000217211	0.6379
-360.0	140.333	0.000367039	0.4402
-355.5	140.333	0.000298597	0.4537
-351.0	140.333	0.000241435	0.4401
-346.5	140.333	0.00124838	0.684
-342.0	140.333	0.000751254	0.4578
-337.5	140.333	0.000316422	0.3757
-333.0	140.333	0.000307047	0.3526
-328.5	140.333	0.00392076	0.7355
-324.0	140.333	0.00736545	0.7331
-319.5	140.333	0.00418895	0.6228
-315.0	140.333	0.00103077	0.6017
-310.5	140.333	0.000343361	0.2914
-306.0	140.333	0.000757352	0.4921
-301.5	140.333	0.00027515	0.2995
-297.0	140.333	0.0001899	0.3722
-292.5	140.333	0.00245748	0.7254
-288.0	140.333	0.00174291	0.7973
-283.5	140.333	0.000490742	0.2737
-279.0	140.333	0.0011451	0.6062
-274.5	140.333	0.00158578	0.7462
-270.0	140.333	0.00330296	0.6957
-265.5	140.333	0.002918	0.5382
-261.0	140.333	0.00497549	0.8906
-256.5	140.333	0.00158625	0.7289
-252.0	140.333	0.00090223	0.3641
-247.5	140.333	0.00271792	0.6663
-243.0	140.333	0.00350188	0.5259
-238.5	140.333	0.00644247	0.4171
-234.0	140.333	0.0064543	0.4243
-229.5	140.333	0.000565084	0.2353
-225.0	140.333	0.00204114	0.5069
-220.5	140.333	0.00395556	0.5917
-216.0	140.333	0.00394962	0.3913
-211.5	140.333	0.00572763	0.4132
-207.0	140.333	0.0118182	0.4151
-202.5	140.333	0.00491647	0.6275
-198.0	140.333	0.00673062	0.6727
-193.5	140.333	0.00519637	0.4931
-189.0	140.333	0.00167301	0.3647
-184.5	140.333	0.00392756	0.4706
-180.0	140.333	0.00347829	0.4766
-175.5	140.333	0.00521679	0.4133
-171.0	140.333	0.00331146	0.3536
-166.5	140.333	0.0142673	0.3299
-162.0	140.333	0.00924116	0.3556
-157.5	140.333	0.00686743	0.4916
-153.0	140.333	0.0110341	0.3001
-148.5	140.333	0.0133852	0.392
-144.0	140.333	0.00700652	0.3671
-139.5	140.333	0.0136398	0.3481
-135.0	140.333	0.0247892	0.2434
-130.5	140.333	0.0155376	0.2871
-126.0	140.333	0.0171647	0.32
-121.5	140.333	0.0148114	0.3043
-117.0	140.333	0.0216871	0.2858
-112.5	140.333	0.0129574	0.3472
-108.0	140.333	0.00688091	0.2996
-103.5	140.333	0.0233274	0.2468
-99.0	140.333	0.0137977	0.2654
-94.5	140.333	0.0270356	0.239
-90.0	140.333	0.0280817	0.2229
-85.5	140.333	0.0139152	0.2486
-81.0	140.333	0.0269228	0.2192
-76.5	140.333	0.0350747	0.2302
-72.0	140.333	0.0265868	0.2551
-67.5	140.333	0.020278	0.268
-63.0	140.333	0.0273493	0.2561
-58.5	140.333	0.028227	0.2192
-54.0	140.333	0.0275459	0.2305
-49.5	140.333	0.0428205	0.2033
-45.0	140.333	0.0399975	0.2111
-40.5	140.333	0.0442733	0.2122
-36.0	140.333	0.036228	0.1871
-31.5	140.333	0.0296226	0.1957
-27.0	140.333	0.0332939	0.2092
-22.5	140.333	0.0572481	0.1735
-18.0	140.333	0.0380665	0.2098
-13.5	140.333	0.0350464	0.2153
-9.0	140.333	0.0294447	0.2254
-4.5	140.333	0.046857	0.2222
0.0	140.333	0.0311279	0.2098
4.5	140.333	0.0375096	0.1887
9.0	140.333	0.0289001	0.2023
13.5	140.333	0.0394924	0.1937
18.0	140.333	0.0418453	0.1871
22.5	140.333	0.0487292	0.1832
27.0	140.333	0.0431458	0.1834
31.5	140.333	0.0273911	0.2178
36.0	140.333	0.0448954	0.1792
40.5	140.333	0.0332363	0.2039
45.0	140.333	0.0518328	0.1822
49.5	140.333	0.0196353	0.2496
54.0	140.333	0.0496393	0.1709
58.5	140.333	0.033428	0.2201
63.0	140.333	0.0279334	0.221
67.5	140.333	0.0224224	0.2486
72.0	140.333	0.0293953	0.1971
76.5	140.333	0.0361582	0.2214
81.0	140.333	0.0307703	0.251
85.5	140.333	0.0276477	0.2211
90.0	140.333	0.0191851	0.2657
94.5	140.333	0.0270683	0.2179
99.0	140.333	0.0153682	0.2907
103.5	140.333	0.0202306	0.2617
108.0	140.333	0.0165402	0.2828
112.5	140.333	0.0136642	0.2511
117.0	140.333	0.0111171	0.2537
121.5	140.333	0.0145272	0.3122
126.0	140.333	0.020857	0.2688
130.5	140.333	0.0167766	0.2713
135.0	140.333	0.0112923	0.313
139.5	140.333	0.00931603	0.3544
144.0	140.333	0.0128463	0.2572
148.5	140.333	0.0156381	0.2818
153.0	140.333	0.00906615	0.3481
157.5	140.333	0.00739854	0.33
162.0	140.333	0.0103419	0.3056
166.5	140.333	0.0119147	0.3572
171.0	140.333	0.00432589	0.3602
175.5	140.333	0.0085307	0.4931
180.0	140.333	0.0153534	0.3477
184.5	140.333	0.00842718	0.379
189.0	140.333	0.00409494	0.2835
193.5	140.333	0.0100145	0.435
198.0	140.333	0.00651508	0.4907
202.5	140.333	0.00509425	0.6143
207.0	140.333	0.00336444	0.4603
211.5	140.333	0.00892304	0.5079
216.0	140.333	0.0063317	0.3864
220.5	140.333	0.00330142	0.3734
225.0	140.333	0.000564967	0.2219
229.5	140.333	0.00568216	0.6152
234.0	140.333	0.00265286	0.3951
238.5	140.333	0.00242425	0.4529
243.0	140.333	0.00367431	0.5775
247.5	140.333	0.00349572	0.703
252.0	140.333	0.00152213	0.4693
256.5	140.333	0.00192631	0.5202
261.0	140.333	0.0041275	0.5334
265.5	140.333	0.00610887	0.4501
270.0	140.333	0.00431162	0.774
274.5	140.333	0.00244922	0.8196
279.0	140.333	0.000504428	0.3653
283.5	140.333	0.00740135	0.4803
288.0	140.333	0.00158686	0.4893
292.5	140.333	0.000355778	0.2965
297.0	140.333	0.000440182	0.2662
301.5	140.333	0.000368861	0.3232
306.0	140.333	0.000408072	0.2527
310.5	140.333	0.000531861	0.2148
315.0	140.333	0.00304077	0.7282
319.5	140.333	0.00259287	0.785
324.0	140.333	0.00160958	0.8904
328.5	140.333	0.00256956	0.6068
333.0	140.333	0.00184782	0.7306
337.5	140.333	0.00254189	0.7432
342.0	140.333	0.00158258	0.8677
346.5	140.333	0.000729074	0.4336
351.0	140.333	0.000140565	0.391
355.5	140.333	0.00192452	0.8604
360.0	140.333	0.00105794	0.8149
364.5	140.333	0.000160875	0.4184
369.0	140.333	0.000228644	0.3305
373.5	140.333	0.000133597	0.4024
378.0	140.333	0.00560515	0.613
382.5	140.333	0.000200782	0.4785
387.0	140.333	0.000121317	0.5757
391.5	140.333	0.00472226	0.7267
396.0	140.333	0.00111755	0.8874
400.5	140.333	0.000100439	0.5053
405.0	140.333	2.73851e-05	1.0
409.5	140.333	7.82894e-05	0.5787
414.0	140.333	0.0	0.0
418.5	140.333	4.55234e-05	0.7153
423.0	140.333	8.79466e-05	0.5714
427.5	140.333	0.000159369	0.4524
432.0	140.333	0.0017771	0.5841
436.5	140.333	0.00209398	0.7752
441.0	140.333	0.0010012	1.0
445.5	140.333	0.000179886	0.5769
-450.0	142.9	5.52502e-05	0.8409
-445.5	142.9	0.000109409	0.5085
-441.0	142.9	3.0561e-05	1.0
-436.5	142.9	0.000105215	0.5092
-432.0	142.9	4.274e-05	1.0
-427.5	142.9	2.77807e-05	0.8306
-423.0	142.9	2.41434e-05	1.0
-418.5	142.9	0.000116179	0.6243
-414.0	142.9	3.51912e-05	1.0
-409.5	142.9	3.28796e-05	1.0
-405.0	142.9	5.57236e-05	1.0
-400.5	142.9	0.000522369	0.9287
-396.0	142.9	0.000181088	0.7798
-391.5	142.9	0.000188371	0.7222
-387.0	142.9	0.000412492	0.7523
-382.5	142.9	0.00104045	0.901
-378.0	142.9	6.06073e-05	0.4634
-373.5	142.9	0.000231024	0.4387
-369.0	142.9	0.000549929	0.5916
-364.5	142.9	0.000944106	0.8704
-360.0	142.9	0.000213769	0.3773
-355.5	142.9	0.000184503	0.3869
-351.0	142.9	0.000165058	0.3811
-346.5	142.9	0.000135126	0.4179
-342.0	142.9	0.000358132	0.2831
-337.5	142.9	0.000196055	0.3548
-333.0	142.9	0.00292971	0.9082
-328.5	142.9	0.00681087	0.7345
-324.0	142.9	0.000360464	0.3964
-319.5	142.9	0.000565554	0.6768
-315.0	142.9	0.00281512	0.9088
-310.5	142.9	0.000300322	0.3302
-306.0	142.9	0.000317139	0.294
-301.5	142.9	0.000282274	0.3605
-297.0	142.9	0.000364689	0.2809
-292.5	142.9	0.00353315	0.5996
-288.0	142.9	0.00387048	0.6978
-283.5	142.9	0.00200747	0.772
-279.0	142.9	0.00168234	0.7589
-274.5	142.9	0.000578595	0.2256
-270.0	142.9	0.00398972	0.5969
-265.5	142.9	0.00639507	0.7589
-261.0	142.9	0.00270246	0.798
-256.5	142.9	0.000422947	0.2628
-252.0	142.9	0.000380436	0.2602
-247.5	142.9	0.000539479	0.264
-243.0	142.9	0.00534666	0.6294
-238.5	142.9	0.00234518	0.4535
-234.0	142.9	0.00224642	0.5596
-229.5	142.9	0.000947774	0.3858
-225.0	142.9	0.00519727	0.3914
-220.5	142.9	0.00254094	0.5641
-216.0	142.9	0.0048836	0.4299
-211.5	142.9	0.0162512	0.3847
-207.0	142.9	0.00839159	0.6475
-202.5	142.9	0.00370749	0.5324
-198.0	142.9	0.00605763	0.5192
-193.5	142.9	0.00108484	0.1909
-189.0	142.9	0.00210649	0.3984
-184.5	142.9	0.000950768	0.2096
-180.0	142.9	0.00263017	0.3821
-175.5	142.9	0.0106135	0.3064
-171.0	142.9	0.00832518	0.3254
-166.5	142.9	0.00715735	0.3676
-162.0	142.9	0.00971798	0.359
-157.5	142.9	0.00832321	0.4026
-153.0	142.9	0.00898968	0.4196
-148.5	142.9	0.00929228	0.4021
-144.0	142.9	0.0120862	0.3786
-139.5	142.9	0.0155023	0.3743
-135.0	142.9	0.00974793	0.3016
-130.5	142.9	0.00731873	0.366
-126.0	142.9	0.0202091	0.3414
-121.5	142.9	0.00947176	0.3794
-117.0	142.9	0.0137987	0.3112
-112.5	142.9	0.0183034	0.3019
-108.0	142.9	0.0156666	0.2697
-103.5	142.9	0.0135153	0.2934
-99.0	142.9	0.0131551	0.2736
-94.5	142.9	0.0209858	0.2514
-90.0	142.9	0.0212416	0.2327
-85.5	142.9	0.015737	0.2657
-81.0	142.9	0.0163774	0.2729
-76.5	142.9	0.0427491	0.1999
-72.0	142.9	0.0285476	0.2233
-67.5	142.9	0.030705	0.2727
-63.0	142.9	0.0237872	0.2681
-58.5	142.9	0.0311695	0.3113
-54.0	142.9	0.0314309	0.2253
-49.5	142.9	0.0454695	0.2052
-45.0	142.9	0.0341571	0.2042
-40.5	142.9	0.0230585	0.2441
-36.0	142.9	0.0370888	0.2051
-31.5	142.9	0.0352903	0.195
-27.0	142.9	0.0345328	0.1863
-22.5	142.9	0.0304783	0.2013
-18.0	142.9	0.0384551	0.1957
-13.5	142.9	0.0408256	0.2529
-9.0	142.9	0.0347075	0.2455
-4.5	142.9	0.0354526	0.2179
0.0	142.9	0.0332927	0.1967
4.5	142.9	0.0316814	0.2153
9.0	142.9	0.0439146	0.1851
13.5	142.9	0.0327755	0.2057
18.0	142.9	0.0320773	0.234
22.5	142.9	0.0449252	0.186
27.0	142.9	0.0334438	0.1904
31.5	142.9	0.0299621	0.2462
36.0	142.9	0.0456883	0.1874
40.5	142.9	0.0352573	0.2026
45.0	142.9	0.035598	0.2024
49.5	142.9	0.0339128	0.2289
54.0	142.9	0.0362195	0.2062
58.5	142.9	0.0244252	0.2365
63.0	142.9	0.0284794	0.2216
67.5	142.9	0.0219314	0.272
72.0	142.9	0.0260641	0.283
76.5	142.9	0.0164504	0.2428
81.0	142.9	0.0248805	0.2318
85.5	142.9	0.0169445	0.2302
90.0	142.9	0.0264108	0.2422
94.5	142.9	0.0205068	0.2476
99.0	142.9	0.0173726	0.259
103.5	142.9	0.0173306	0.2797
108.0	142.9	0.0114021	0.3263
112.5	142.9	0.0139537	0.2834
117.0	142.9	0.0230582	0.2371
121.5	142.9	0.0191223	0.3149
126.0	142.9	0.0142268	0.3345
130.5	142.9	0.0179959	0.2473
135.0	142.9	0.0106923	0.3375
139.5	142.9	0.0163057	0.2718
144.0	142.9	0.00982518	0.3374
148.5	142.9	0.0155858	0.4261
153.0	142.9	0.0084113	0.379
157.5	142.9	0.00766578	0.4822
162.0	142.9	0.0103801	0.3388
166.5	142.9	0.00974249	0.3462
171.0	142.9	0.00783281	0.3664
175.5	142.9	0.0106549	0.3684
180.0	142.9	0.00750713	0.3898
184.5	142.9	0.00679724	0.3886
189.0	142.9	0.00939283	0.312
193.5	142.9	0.00495269	0.4942
198.0	142.9	0.00546351	0.5173
202.5	142.9	0.00818549	0.4687
207.0	142.9	0.00301922	0.3707
211.5	142.9	0.00528116	0.3797
216.0	142.9	0.00626566	0.6228
220.5	142.9	0.00360864	0.4718
225.0	142.9	0.00497712	0.5074
229.5	142.9	0.00583619	0.6733
234.0	142.9	0.00180018	0.4423
238.5	142.9	0.00469429	0.3931
243.0	142.9	0.00230731	0.7299
247.5	142.9	0.00374925	0.5086
252.0	142.9	0.00309875	0.5212
256.5	142.9	0.00672519	0.5428
261.0	142.9	0.0022053	0.6344
265.5	142.9	0.00234892	0.6045
270.0	142.9	0.00228963	0.7386
274.5	142.9	0.00119154	0.5181
279.0	142.9	0.00106744	0.5116
283.5	142.9	0.0014515	0.6194
288.0	142.9	0.00346019	0.6267
292.5	142.9	0.000232301	0.321
297.0	142.9	0.00427635	0.6404
301.5	142.9	0.00529336	0.4976
306.0	142.9	0.00250228	0.6213
310.5	142.9	0.000337479	0.283
315.0	142.9	0.000460015	0.2461
319.5	142.9	0.00120639	0.6681
324.0	142.9	0.00157998	0.8339
328.5	142.9	0.00225201	0.6884
333.0	142.9	0.000391326	0.2698
337.5	142.9	0.000228267	0.3741
342.0	142.9	0.000263886	0.4573
346.5	142.9	0.000893213	0.8918
351.0	142.9	0.000446434	0.3909
355.5	142.9	0.000258811	0.4144
360.0	142.9	0.000132075	0.5028
364.5	142.9	0.000197564	0.4174
369.0	142.9	0.000203162	0.4695
373.5	142.9	0.000248523	0.3969
378.0	142.9	0.0014333	0.8787
382.5	142.9	0.000961785	0.9187
387.0	142.9	0.000628426	0.9779
391.5	142.9	0.00029562	0.837
396.0	142.9	0.000438371	1.0
400.5	142.9	4.6228e-05	1.0
405.0	142.9	4.04336e-05	1.0
409.5	142.9	0.000134594	0.4679
414.0	142.9	0.000121596	0.4757
418.5	142.9	8.62963e-05	0.7014
423.0	142.9	3.07176e-05	0.6
427.5	142.9	6.91874e-05	0.6051
432.0	142.9	0.000177065	0.5151
436.5	142.9	0.000225434	0.4296
441.0	142.9	0.000118871	0.5933
445.5	142.9	0.00266001	0.673
-450.0	145.467	9.75953e-05	0.4817
-445.5	145.467	6.83624e-05	0.7482
-441.0	145.467	0.0	0.0
-436.5	145.467	5.61376e-05	0.523
-432.0	145.467	3.27327e-06	1.0
-427.5	145.467	4.54844e-05	0.5922
-423.0	145.467	1.3728e-05	1.0
-418.5	145.467	4.72504e-05	0.7522
-414.0	145.467	1.7892e-05	0.7133
-409.5	145.467	2.36144e-05	1.0
-405.0	145.467	0.0	0.0
-400.5	145.467	4.29233e-05	0.7107
-396.0	145.467	2.42986e-05	0.8626
-391.5	145.467	0.000582458	0.9839
-387.0	145.467	0.000702483	0.9504
-382.5	145.467	0.00010569	0.5053
-378.0	145.467	4.79568e-05	1.0
-373.5	145.467	0.000880354	0.9288
-369.0	145.467	0.00243131	0.9699
-364.5	145.467	0.000696793	0.9204
-360.0	145.467	0.000178475	0.4018
-355.5	145.467	0.000173658	0.4251
-351.0	145.467	0.000199612	0.3968
-346.5	145.467	0.000194455	0.4483
-342.0	145.467	0.000444693	0.2902
-337.5	145.467	0.00024068	0.3619
-333.0	145.467	0.000603119	0.3846
-328.5	145.467	0.00170828	0.9159
-324.0	145.467	0.00523448	0.6811
-319.5	145.467	0.000434472	0.2655
-315.0	145.467	0.000839652	0.6723
-310.5	145.467	0.000377501	0.3051
-306.0	145.467	0.00029164	0.3079
-301.5	145.467	0.000401618	0.2712
-297.0	145.467	0.00193326	0.6119
-292.5	145.467	0.00416734	0.5984
-288.0	145.467	0.00399292	0.565
-283.5	145.467	0.00181991	0.8225
-279.0	145.467	0.00118297	0.6091
-274.5	145.467	0.00133608	0.635
-270.0	145.467	0.00648033	0.765
-265.5	145.467	0.00470101	0.6229
-261.0	145.467	0.00357299	0.6712
-256.5	145.467	0.00025652	0.3475
-252.0	145.467	0.000403616	0.2692
-247.5	145.467	0.000614292	0.2177
-243.0	145.467	0.0019078	0.4989
-238.5	145.467	0.00377766	0.7193
-234.0	145.467	0.00310101	0.6197
-229.5	145.467	0.000675583	0.2166
-225.0	145.467	0.00222727	0.5003
-220.5	145.467	0.00329759	0.611
-216.0	145.467	0.00335352	0.6492
-211.5	145.467	0.00890159	0.3815
-207.0	145.467	0.00261602	0.5148
-202.5	145.467	0.00687331	0.6569
-198.0	145.467	0.00402574	0.4583
-193.5	145.467	0.0062174	0.4835
-189.0	145.467	0.00292566	0.4173
-184.5	145.467	0.00148115	0.3152
-180.0	145.467	0.00168507	0.4423
-175.5	145.467	0.00671963	0.3649
-171.0	145.467	0.00476875	0.372
-166.5	145.467	0.00932728	0.3347
-162.0	145.467	0.013279	0.3472
-157.5	145.467	0.00798382	0.319
-153.0	145.467	0.00181095	0.2175
-148.5	145.467	0.0083309	0.4369
-144.0	145.467	0.00647631	0.4349
-139.5	145.467	0.00969494	0.335
-135.0	145.467	0.0114451	0.3467
-130.5	145.467	0.0106938	0.3494
-126.0	145.467	0.00999498	0.3292
-121.5	145.467	0.00638782	0.3437
-117.0	145.467	0.0159409	0.3236
-112.5	145.467	0.014894	0.3203
-108.0	145.467	0.0116192	0.3472
-103.5	145.467	0.0127032	0.2841
-99.0	145.467	0.0144288	0.319
-94.5	145.467	0.0188735	0.2714
-90.0	145.467	0.0286199	0.2562
-85.5	145.467	0.0307744	0.2127
-81.0	145.467	0.0157739	0.2674
-76.5	145.467	0.0266287	0.2171
-72.0	145.467	0.0151943	0.227
-67.5	145.467	0.0195695	0.2571
-63.0	145.467	0.0144907	0.2678
-58.5	145.467	0.0184702	0.3143
-54.0	145.467	0.0401667	0.2149
-49.5	145.467	0.0362217	0.185
-45.0	145.467	0.0389593	0.1845
-40.5	145.467	0.0320146	0.2144
-36.0	145.467	0.0345833	0.2129
-31.5	145.467	0.0331684	0.2585
-27.0	145.467	0.0563807	0.1799
-22.5	145.467	0.0326757	0.2199
-18.0	145.467	0.0413597	0.2045
-13.5	145.467	0.0446322	0.1851
-9.0	145.467	0.0373623	0.2045
-4.5	145.467	0.0337578	0.2226
0.0	145.467	0.0444789	0.2395
4.5	145.467	0.0346443	0.2063
9.0	145.467	0.0350719	0.2033
13.5	145.467	0.0363011	0.2191
18.0	145.467	0.043949	0.1824
22.5	145.467	0.0321424	0.2099
27.0	145.467	0.0343703	0.2158
31.5	145.467	0.0249727	0.2389
36.0	145.467	0.0390498	0.1914
40.5	145.467	0.0284756	0.2331
45.0	145.467	0.0265665	0.2344
49.5	145.467	0.0396708	0.214
54.0	145.467	0.0283897	0.2133
58.5	145.467	0.0281092	0.2194
63.0	145.467	0.0376547	0.2155
67.5	145.467	0.0290348	0.3145
72.0	145.467	0.0200678	0.2335
76.5	145.467	0.0281459	0.2434
81.0	145.467	0.021038	0.244
85.5	145.467	0.0129242	0.2977
90.0	145.467	0.0196838	0.2246
94.5	145.467	0.0313617	0.2236
99.0	145.467	0.0148244	0.2364
103.5	145.467	0.0165317	0.272
108.0	145.467	0.0172078	0.2545
112.5	145.467	0.00859037	0.3432
117.0	145.467	0.0115227	0.336
121.5	145.467	0.0253284	0.2658
126.0	145.467	0.0124893	0.2948
130.5	145.467	0.0183831	0.2873
135.0	145.467	0.0114959	0.3042
139.5	145.467	0.00568582	0.3282
144.0	145.467	0.0115397	0.3833
148.5	145.467	0.0104821	0.3401
153.0	145.467	0.00813609	0.3327
157.5	145.467	0.00700366	0.325
162.0	145.467	0.0121338	0.3645
166.5	145.467	0.00554232	0.3513
171.0	145.467	0.0129035	0.3206
175.5	145.467	0.00669241	0.3523
180.0	145.467	0.00967738	0.3948
184.5	145.467	0.00994892	0.4312
189.0	145.467	0.00536449	0.4413
193.5	145.467	0.00831175	0.4259
198.0	145.467	0.00589318	0.4508
202.5	145.467	0.00344496	0.5228
207.0	145.467	0.00689099	0.4974
211.5	145.467	0.0021859	0.4575
216.0	145.467	0.00441281	0.6551
220.5	145.467	0.00461225	0.5341
225.0	145.467	0.00347631	0.4281
229.5	145.467	0.00407188	0.6623
234.0	145.467	0.00846351	0.4999
238.5	145.467	0.00291016	0.4307
243.0	145.467	0.00232991	0.5425
247.5	145.467	0.00582286	0.3791
252.0	145.467	0.00319491	0.45
256.5	145.467	0.00037082	0.3052
261.0	145.467	0.00276139	0.6304
265.5	145.467	0.00190322	0.6248
270.0	145.467	0.00596968	0.5568
274.5	145.467	0.00483364	0.4455
279.0	145.467	0.00359213	0.8677
283.5	145.467	0.00137657	0.4034
288.0	145.467	0.000785564	0.3587
292.5	145.467	0.000194843	0.3335
297.0	145.467	0.00200974	0.6967
301.5	145.467	0.00502697	0.4839
306.0	145.467	0.00411633	0.674
310.5	145.467	0.0022394	0.9077
315.0	145.467	0.000391848	0.2571
319.5	145.467	0.0027195	0.7997
324.0	145.467	0.00334097	0.6516
328.5	145.467	0.00290712	0.6415
333.0	145.467	0.000760924	0.4429
337.5	145.467	0.00200081	0.8699
342.0	145.467	0.00024381	0.3679
346.5	145.467	0.000143492	0.435
351.0	145.467	0.00227667	0.8979
355.5	145.467	0.000131578	0.4287
360.0	145.467	0.000149421	0.4064
364.5	145.467	0.0025016	0.9592
369.0	145.467	6.37582e-05	0.5041
373.5	145.467	5.40934e-05	0.5688
378.0	145.467	4.15559e-05	0.6386
382.5	145.467	0.000922412	0.8813
387.0	145.467	0.00121558	0.6078
391.5	145.467	8.54952e-05	0.5878
396.0	145.467	1.74731e-05	0.8908
400.5	145.467	6.26519e-05	0.9928
405.0	145.467	0.0021502	0.9691
409.5	145.467	3.49815e-05	0.7092
414.0	145.467	7.07443e-05	0.6548
418.5	145.467	0.000154918	0.5258
423.0	145.467	0.000163615	0.5358
427.5	145.467	0.000199798	0.5346
432.0	145.467	7.37151e-05	0.6575
436.5	145.467	6.95741e-05	0.6243
441.0	145.467	0.000171455	0.4185
445.5	145.467	0.00076501	0.6384
-450.0	148.033	0.000116778	0.5608
-445.5	148.033	7.39613e-05	0.5106
-441.0	148.033	0.000131864	0.5098
-436.5	148.033	6.37777e-05	0.5391
-432.0	148.033	3.37851e-05	1.0
-427.5	148.033	7.37109e-06	1.0
-423.0	148.033	5.42459e-05	0.6698
-418.5	148.033	0.0001018	0.6144
-414.0	148.033	8.15001e-05	0.6355
-409.5	148.033	5.76103e-05	0.8089
-405.0	148.033	7.85998e-05	0.6861
-400.5	148.033	0.000101716	0.5591
-396.0	148.033	0.000958899	0.8795
-391.5	148.033	0.000571051	0.7135
-387.0	148.033	0.00148856	0.8436
-382.5	148.033	0.000107157	0.5777
-378.0	148.033	5.13226e-05	0.6277
-373.5	148.033	2.27833e-05	0.7099
-369.0	148.033	9.0276e-05	0.5551
-364.5	148.033	0.000141637	0.4208
-360.0	148.033	0.000171376	0.6981
-355.5	148.033	0.000130199	0.4443
-351.0	148.033	0.00029918	0.3546
-346.5	148.033	0.00038432	0.3943
-342.0	148.033	0.000300549	0.4248
-337.5	148.033	0.000303049	0.3453
-333.0	148.033	0.000192549	0.3728
-328.5	148.033	0.000182782	0.3635
-324.0	148.033	0.00140948	0.9051
-319.5	148.033	0.00079367	0.777
-315.0	148.033	0.000335414	0.2971
-310.5	148.033	0.000541541	0.4154
-306.0	148.033	0.00119664	0.6871
-301.5	148.033	0.00154957	0.6699
-297.0	148.033	0.00274576	0.5458
-292.5	148.033	0.00208135	0.4027
-288.0	148.033	0.00317839	0.7092
-283.5	148.033	0.000138632	0.3623
-279.0	148.033	0.00282382	0.8014
-274.5	148.033	0.002772	0.7996
-270.0	148.033	0.000260636	0.2817
-265.5	148.033	0.000651418	0.4545
-261.0	148.033	0.00201511	0.4992
-256.5	148.033	0.00844434	0.5588
-252.0	148.033	0.00633228	0.6118
-247.5	148.033	0.00539818	0.6831
-243.0	148.033	0.00327241	0.7914
-238.5	148.033	0.00170812	0.4606
-234.0	148.033	0.00399553	0.6806
-229.5	148.033	0.00061348	0.2127
-225.0	148.033	0.00325423	0.638
-220.5	148.033	0.00073723	0.3629
-216.0	148.033	0.00124072	0.349
-211.5	148.033	0.00365482	0.4431
-207.0	148.033	0.00329813	0.4851
-202.5	148.033	0.00361033	0.747
-198.0	148.033	0.00414443	0.6555
-193.5	148.033	0.00408587	0.4831
-189.0	148.033	0.00776453	0.4056
-184.5	148.033	0.00373022	0.4339
-180.0	148.033	0.00578702	0.4452
-175.5	148.033	0.00867808	0.4041
-171.0	148.033	0.00512884	0.4732
-166.5	148.033	0.00815247	0.4605
-162.0	148.033	0.00994166	0.3902
-157.5	148.033	0.00859123	0.3356
-153.0	148.033	0.0124517	0.3334
-148.5	148.033	0.0117827	0.3272
-144.0	148.033	0.00600383	0.473
-139.5	148.033	0.0142132	0.3262
-135.0	148.033	0.0188833	0.3104
-130.5	148.033	0.0129395	0.3699
-126.0	148.033	0.00716206	0.2596
-121.5	148.033	0.0119345	0.3446
-117.0	148.033	0.00669272	0.4587
-112.5	148.033	0.0150015	0.2653
-108.0	148.033	0.0118612	0.2554
-103.5	148.033	0.0191406	0.29
-99.0	148.033	0.0193799	0.2765
-94.5	148.033	0.0211036	0.2459
-90.0	148.033	0.0213044	0.3011
-85.5	148.033	0.0305	0.2365
-81.0	148.033	0.0265373	0.241
-76.5	148.033	0.0274257	0.2212
-72.0	148.033	0.0238193	0.2167
-67.5	148.033	0.0249138	0.2504
-63.0	148.033	0.0217182	0.2193
-58.5	148.033	0.0254428	0.2728
-54.0	148.033	0.0247575	0.215
-49.5	148.033	0.0218225	0.2045
-45.0	148.033	0.0254883	0.2415
-40.5	148.033	0.0397387	0.2091
-36.0	148.033	0.0290964	0.2777
-31.5	148.033	0.028088	0.223
-27.0	148.033	0.0324339	0.2364
-22.5	148.033	0.0463656	0.2008
-18.0	148.033	0.0347501	0.2093
-13.5	148.033	0.0348156	0.2583
-9.0	148.033	0.0428191	0.2297
-4.5	148.033	0.0377273	0.2054
0.0	148.033	0.023898	0.2207
4.5	148.033	0.0502178	0.2089
9.0	148.033	0.0493674	0.226
13.5	148.033	0.0339347	0.209
18.0	148.033	0.0334064	0.2332
22.5	148.033	0.0237166	0.2232
27.0	148.033	0.0300271	0.2236
31.5	148.033	0.0221018	0.2557
36.0	148.033	0.0189628	0.251
40.5	148.033	0.0220469	0.2683
45.0	148.033	0.0310082	0.2357
49.5	148.033	0.0274177	0.2485
54.0	148.033	0.0222186	0.2354
58.5	148.033	0.0173262	0.2346
63.0	148.033	0.0252887	0.219
67.5	148.033	0.0125308	0.2403
72.0	148.033	0.0230192	0.2144
76.5	148.033	0.0142382	0.2453
81.0	148.033	0.0190907	0.2321
85.5	148.033	0.0195592	0.2781
90.0	148.033	0.0258167	0.2309
94.5	148.033	0.0177759	0.2233
99.0	148.033	0.0174094	0.2507
103.5	148.033	0.0212859	0.251
108.0	148.033	0.0199904	0.2649
112.5	148.033	0.0181675	0.2978
117.0	148.033	0.00806629	0.2852
121.5	148.033	0.0124236	0.276
126.0	148.033	0.022627	0.2528
130.5	148.033	0.0134259	0.3626
135.0	148.033	0.00919921	0.3234
139.5	148.033	0.0161842	0.2855
144.0	148.033	0.00782663	0.3051
148.5	148.033	0.00945469	0.3355
153.0	148.033	0.0140235	0.383
157.5	148.033	0.00750093	0.381
162.0	148.033	0.00333981	0.3959
166.5	148.033	0.00279745	0.3199
171.0	148.033	0.00737694	0.4357
175.5	148.033	0.00755707	0.3981
180.0	148.033	0.0155895	0.3472
184.5	148.033	0.0187341	0.3937
189.0	148.033	0.0128656	0.3663
193.5	148.033	0.00959814	0.4524
198.0	148.033	0.00928109	0.4752
202.5	148.033	0.000917453	0.2071
207.0	148.033	0.00433753	0.4955
211.5	148.033	0.00461334	0.4179
216.0	148.033	0.0046309	0.5037
220.5	148.033	0.00938043	0.5009
225.0	148.033	0.0115655	0.4126
229.5	148.033	0.00542317	0.5257
234.0	148.033	0.00391941	0.613
238.5	148.033	0.0069186	0.4385
243.0	148.033	0.00312769	0.4446
247.5	148.033	0.00206883	0.3719
252.0	148.033	0.00434844	0.6309
256.5	148.033	0.0023217	0.7469
261.0	148.033	0.000510224	0.2443
265.5	148.033	0.000954781	0.4323
270.0	148.033	0.00100546	0.5141
274.5	148.033	0.00280417	0.571
279.0	148.033	0.000317485	0.3064
283.5	148.033	0.000612519	0.3039
288.0	148.033	0.000558933	0.2191
292.5	148.033	0.000939978	0.4475
297.0	148.033	0.000633065	0.2168
301.5	148.033	0.00219412	0.8017
306.0	148.033	0.00167296	0.5631
310.5	148.033	8.77887e-05	0.4673
315.0	148.033	0.000448163	0.3587
319.5	148.033	0.000466652	0.5744
324.0	148.033	0.00441011	0.6229
328.5	148.033	0.00243102	0.9218
333.0	148.033	0.00137962	0.5988
337.5	148.033	0.00187436	0.8618
342.0	148.033	0.00133236	0.8452
346.5	148.033	0.000179623	0.3791
351.0	148.033	0.00213808	0.8604
355.5	148.033	0.00146601	0.8887
360.0	148.033	0.000278597	0.4311
364.5	148.033	0.000371457	0.3619
369.0	148.033	0.000200204	0.4003
373.5	148.033	0.00392605	0.68
378.0	148.033	4.61806e-05	0.7195
382.5	148.033	1.25384e-05	0.9274
387.0	148.033	2.80437e-05	0.8181
391.5	148.033	5.84831e-06	1.0
396.0	148.033	0.000136683	0.6469
400.5	148.033	0.000161819	0.4942
405.0	148.033	5.56184e-05	0.7605
409.5	148.033	9.07091e-06	0.7396
414.0	148.033	3.79985e-05	0.7131
418.5	148.033	8.27999e-05	0.6997
423.0	148.033	0.0019458	0.8918
427.5	148.033	0.000145425	0.579
432.0	148.033	0.000138603	0.5418
436.5	148.033	6.42955e-05	0.7667
441.0	148.033	0.00044844	0.9366
445.5	148.033	0.000430995	0.6388
-450.0	150.6	8.78227e-05	0.7387
-445.5	150.6	0.000169152	0.4663
-441.0	150.6	0.000109467	0.5663
-436.5	150.6	0.00014333	0.4807
-432.0	150.6	2.37359e-05	1.0
-427.5	150.6	0.000167741	0.4388
-423.0	150.6	0.000159495	0.5296
-418.5	150.6	1.55855e-05	0.7734
-414.0	150.6	0.0	0.0
-409.5	150.6	6.35414e-05	0.9653
-405.0	150.6	9.8976e-05	0.5155
-400.5	150.6	0.000140489	0.8532
-396.0	150.6	0.000199812	0.7113
-391.5	150.6	0.00148382	0.9246
-387.0	150.6	0.000124426	0.4583
-382.5	150.6	9.50554e-05	0.7553
-378.0	150.6	0.000128716	0.6041
-373.5	150.6	0.000215088	0.439
-369.0	150.6	0.000150335	0.552
-364.5	150.6	0.000209572	0.4705
-360.0	150.6	0.000260582	0.3788
-355.5	150.6	0.000179955	0.4606
-351.0	150.6	0.00015434	0.4855
-346.5	150.6	0.000167299	0.3525
-342.0	150.6	0.000196735	0.3468
-337.5	150.6	0.000174146	0.368
-333.0	150.6	0.000207514	0.387
-328.5	150.6	0.000228697	0.3651
-324.0	150.6	0.00012818	0.4571
-319.5	150.6	0.00021685	0.4039
-315.0	150.6	0.000343408	0.2993
-310.5	150.6	0.000997274	0.7075
-306.0	150.6	0.00110547	0.6106
-301.5	150.6	0.000653741	0.2551
-297.0	150.6	0.00181485	0.7045
-292.5	150.6	0.000829217	0.4301
-288.0	150.6	0.00468502	0.6312
-283.5	150.6	0.000380899	0.307
-279.0	150.6	0.00406169	0.6252
-274.5	150.6	0.00048102	0.2559
-270.0	150.6	0.0020128	0.8099
-265.5	150.6	0.0022353	0.5737
-261.0	150.6	0.00500361	0.6846
-256.5	150.6	0.00246999	0.7665
-252.0	150.6	0.00349418	0.8469
-247.5	150.6	0.000610733	0.2329
-243.0	150.6	0.00100064	0.4401
-238.5	150.6	0.00237748	0.5408
-234.0	150.6	0.000351938	0.2859
-229.5	150.6	0.00247696	0.7553
-225.0	150.6	0.000466451	0.2343
-220.5	150.6	0.000482942	0.2444
-216.0	150.6	0.0062495	0.5854
-211.5	150.6	0.00427847	0.4446
-207.0	150.6	0.00867565	0.4443
-202.5	150.6	0.00324664	0.6062
-198.0	150.6	0.00140057	0.486
-193.5	150.6	0.00481276	0.5467
-189.0	150.6	0.00703738	0.4347
-184.5	150.6	0.00238259	0.4108
-180.0	150.6	0.0159178	0.3434
-175.5	150.6	0.0110134	0.3715
-171.0	150.6	0.00914229	0.4775
-166.5	150.6	0.00322579	0.3937
-162.0	150.6	0.0129723	0.3484
-157.5	150.6	0.00417076	0.3882
-153.0	150.6	0.0108565	0.3759
-148.5	150.6	0.0167627	0.3339
-144.0	150.6	0.0099713	0.4375
-139.5	150.6	0.016504	0.3256
-135.0	150.6	0.0122847	0.3556
-130.5	150.6	0.0115196	0.3662
-126.0	150.6	0.00949026	0.3755
-121.5	150.6	0.0123072	0.3266
-117.0	150.6	0.0153059	0.3541
-112.5	150.6	0.0157676	0.2906
-108.0	150.6	0.0160385	0.2658
-103.5	150.6	0.0198861	0.244
-99.0	150.6	0.0161045	0.2697
-94.5	150.6	0.027555	0.2329
-90.0	150.6	0.0189205	0.2561
-85.5	150.6	0.034513	0.2055
-81.0	150.6	0.0256842	0.2298
-76.5	150.6	0.0197245	0.2847
-72.0	150.6	0.0310882	0.206
-67.5	150.6	0.0343512	0.2278
-63.0	150.6	0.0258095	0.2145
-58.5	150.6	0.0292591	0.2427
-54.0	150.6	0.0241206	0.2703
-49.5	150.6	0.0310473	0.2178
-45.0	150.6	0.0425084	0.2103
-40.5	150.6	0.0310433	0.2085
-36.0	150.6	0.0256669	0.2349
-31.5	150.6	0.0255016	0.2568
-27.0	150.6	0.0316063	0.219
-22.5	150.6	0.038133	0.2295
-18.0	150.6	0.0376271	0.1883
-13.5	150.6	0.0421529	0.2555
-9.0	150.6	0.0357557	0.2181
-4.5	150.6	0.0306859	0.2097
0.0	150.6	0.0390846	0.2497
4.5	150.6	0.036611	0.2053
9.0	150.6	0.0379069	0.2136
13.5	150.6	0.050603	0.2073
18.0	150.6	0.0374763	0.1973
22.5	150.6	0.0296708	0.2221
27.0	150.6	0.0294802	0.2377
31.5	150.6	0.0178289	0.2671
36.0	150.6	0.0237606	0.2403
40.5	150.6	0.0386887	0.2269
45.0	150.6	0.0349753	0.2249
49.5	150.6	0.0272429	0.2202
54.0	150.6	0.0160936	0.2445
58.5	150.6	0.0170321	0.2885
63.0	150.6	0.022157	0.2392
67.5	150.6	0.022101	0.2668
72.0	150.6	0.0146791	0.2463
76.5	150.6	0.0241055	0.2385
81.0	150.6	0.0203484	0.2741
85.5	150.6	0.0205694	0.2511
90.0	150.6	0.0183639	0.2679
94.5	150.6	0.0208526	0.2211
99.0	150.6	0.0128552	0.2713
103.5	150.6	0.0166073	0.2937
108.0	150.6	0.0075169	0.2781
112.5	150.6	0.0128651	0.2904
117.0	150.6	0.0134407	0.386
121.5	150.6	0.0144309	0.2884
126.0	150.6	0.0158273	0.3072
130.5	150.6	0.0131655	0.2834
135.0	150.6	0.022431	0.3024
139.5	150.6	0.0100924	0.3702
144.0	150.6	0.0113371	0.3486
148.5	150.6	0.0114075	0.3494
153.0	150.6	0.00808274	0.3919
157.5	150.6	0.0150556	0.3803
162.0	150.6	0.00469259	0.3568
166.5	150.6	0.00913794	0.4173
171.0	150.6	0.00692923	0.3581
175.5	150.6	0.00264632	0.4826
180.0	150.6	0.010155	0.4156
184.5	150.6	0.00816895	0.3678
189.0	150.6	0.0116189	0.3674
193.5	150.6	0.00472151	0.3965
198.0	150.6	0.00946265	0.4363
202.5	150.6	0.0074245	0.4448
207.0	150.6	0.00685953	0.522
211.5	150.6	0.00311108	0.414
216.0	150.6	0.00664119	0.4075
220.5	150.6	0.00695524	0.4214
225.0	150.6	0.009752	0.5124
229.5	150.6	0.00886891	0.4212
234.0	150.6	0.00401749	0.4889
238.5	150.6	0.00433737	0.4044
243.0	150.6	0.001796	0.5143
247.5	150.6	0.00223874	0.493
252.0	150.6	0.00375554	0.5211
256.5	150.6	0.00642413	0.4762
261.0	150.6	0.00161574	0.5252
265.5	150.6	0.000805039	0.3136
270.0	150.6	0.00204132	0.5784
274.5	150.6	0.00166088	0.7206
279.0	150.6	0.000456249	0.4982
283.5	150.6	0.0032979	0.6179
288.0	150.6	0.000541204	0.2904
292.5	150.6	0.000505483	0.3434
297.0	150.6	0.000331347	0.4315
301.5	150.6	0.00107413	0.5899
306.0	150.6	0.00279944	0.6696
310.5	150.6	0.00332275	0.6485
315.0	150.6	0.000389286	0.3097
319.5	150.6	9.37129e-05	0.4439
324.0	150.6	0.000396547	0.294
328.5	150.6	0.000495912	0.3095
333.0	150.6	0.00029091	0.3149
337.5	150.6	0.000372084	0.3704
342.0	150.6	0.000831889	0.8319
346.5	150.6	0.00025163	0.3405
351.0	150.6	6.8323e-05	0.5251
355.5	150.6	6.54037e-05	0.6479
360.0	150.6	0.000139648	0.3994
364.5	150.6	0.000495019	0.8156
369.0	150.6	0.000306513	0.3796
373.5	150.6	0.00133988	0.7635
378.0	150.6	0.00460966	0.9541
382.5	150.6	0.00453705	0.9693
387.0	150.6	0.00439701	1.0
391.5	150.6	0.00441623	0.9957
396.0	150.6	0.00312074	0.9016
400.5	150.6	4.32339e-05	1.0
405.0	150.6	4.68407e-05	0.7152
409.5	150.6	0.00016859	0.622
414.0	150.6	0.00141056	0.9742
418.5	150.6	0.00120509	0.9542
423.0	150.6	0.0010104	0.9515
427.5	150.6	0.000108374	0.4774
432.0	150.6	0.00012332	0.4828
436.5	150.6	0.000138796	0.5657
441.0	150.6	0.000110996	0.6811
445.5	150.6	0.000149648	0.5825
-450.0	153.167	2.30109e-05	1.0
-445.5	153.167	5.6849e-05	0.5248
-441.0	153.167	5.46777e-05	0.7248
-436.5	153.167	0.000138461	0.553
-432.0	153.167	0.00018832	0.4807
-427.5	153.167	0.000177473	0.4879
-423.0	153.167	8.89616e-05	0.5433
-418.5	153.167	0.0	0.0
-414.0	153.167	2.22537e-05	0.7875
-409.5	153.167	0.0	0.0
-405.0	153.167	0.000137267	0.4673
-400.5	153.167	3.85595e-05	0.8335
-396.0	153.167	7.15826e-05	0.7558
-391.5	153.167	0.000137838	0.808
-387.0	153.167	1.8978e-05	0.7075
-382.5	153.167	5.92254e-05	0.7559
-378.0	153.167	0.00011222	0.6773
-373.5	153.167	9.97867e-05	0.7236
-369.0	153.167	9.06843e-05	0.5014
-364.5	153.167	6.33141e-05	0.461
-360.0	153.167	0.000203238	0.3831
-355.5	153.167	0.000252848	0.3612
-351.0	153.167	0.00130899	0.8608
-346.5	153.167	9.11099e-05	0.498
-342.0	153.167	0.00192213	0.8657
-337.5	153.167	0.00255099	0.9086
-333.0	153.167	0.000800789	0.6372
-328.5	153.167	0.00133245	0.9438
-324.0	153.167	0.000256795	0.3605
-319.5	153.167	0.000244164	0.325
-315.0	153.167	0.000533216	0.3928
-310.5	153.167	0.00428024	0.8649
-306.0	153.167	0.00322868	0.5216
-301.5	153.167	0.000792402	0.5086
-297.0	153.167	0.000450448	0.3144
-292.5	153.167	0.000710648	0.3268
-288.0	153.167	0.00266342	0.6129
-283.5	153.167	0.000217172	0.3703
-279.0	153.167	0.000404427	0.2755
-274.5	153.167	0.000556426	0.2788
-270.0	153.167	0.000352585	0.2737
-265.5	153.167	0.000397522	0.2653
-261.0	153.167	0.00321501	0.6195
-256.5	153.167	0.00350176	0.4762
-252.0	153.167	0.0037568	0.5446
-247.5	153.167	0.00197804	0.6475
-243.0	153.167	0.00371628	0.8483
-238.5	153.167	0.000893816	0.4777
-234.0	153.167	0.000702028	0.3385
-229.5	153.167	0.000872313	0.3222
-225.0	153.167	0.00041565	0.236
-220.5	153.167	0.00132239	0.4179
-216.0	153.167	0.00658913	0.6195
-211.5	153.167	0.00223472	0.4604
-207.0	153.167	0.00440043	0.5682
-202.5	153.167	0.00116441	0.4487
-198.0	153.167	0.00420016	0.4642
-193.5	153.167	0.00821715	0.4872
-189.0	153.167	0.00642485	0.4062
-184.5	153.167	0.00312646	0.6134
-180.0	153.167	0.00985099	0.4305
-175.5	153.167	0.0117997	0.3956
-171.0	153.167	0.00267971	0.436
-166.5	153.167	0.00515171	0.6085
-162.0	153.167	0.0153188	0.3761
-157.5	153.167	0.0076911	0.3799
-153.0	153.167	0.0116482	0.3102
-148.5	153.167	0.0124533	0.3939
-144.0	153.167	0.0101519	0.3384
-139.5	153.167	0.0125554	0.3454
-135.0	153.167	0.00663848	0.3228
-130.5	153.167	0.00999692	0.3864
-126.0	153.167	0.0102903	0.4236
-121.5	153.167	0.0104514	0.3337
-117.0	153.167	0.00694221	0.3166
-112.5	153.167	0.0149557	0.3235
-108.0	153.167	0.0133209	0.348
-103.5	153.167	0.0264188	0.2763
-99.0	153.167	0.0143981	0.3019
-94.5	153.167	0.0267356	0.2561
-90.0	153.167	0.0275935	0.2488
-85.5	153.167	0.0221738	0.253
-81.0	153.167	0.0238094	0.2919
-76.5	153.167	0.0182599	0.2497
-72.0	153.167	0.0182828	0.2801
-67.5	153.167	0.0277073	0.2248
-63.0	153.167	0.0217366	0.2604
-58.5	153.167	0.0236115	0.2221
-54.0	153.167	0.0146254	0.2336
-49.5	153.167	0.0392729	0.2305
-45.0	153.167	0.0171684	0.2439
-40.5	153.167	0.0337179	0.2209
-36.0	153.167	0.028444	0.2411
-31.5	153.167	0.0250702	0.2563
-27.0	153.167	0.0336634	0.2383
-22.5	153.167	0.0384707	0.1932
-18.0	153.167	0.0368152	0.2038
-13.5	153.167	0.0364554	0.3079
-9.0	153.167	0.0322834	0.2472
-4.5	153.167	0.0403228	0.23
0.0	153.167	0.0230384	0.2214
4.5	153.167	0.0230102	0.2316
9.0	153.167	0.0274853	0.243
13.5	153.167	0.0174564	0.208
18.0	153.167	0.0465114	0.2338
22.5	153.167	0.0272787	0.2145
27.0	153.167	0.0359748	0.2201
31.5	153.167	0.0260109	0.2271
36.0	153.167	0.0375477	0.2049
40.5	153.167	0.0323389	0.2144
45.0	153.167	0.0263857	0.2418
49.5	153.167	0.0280473	0.2427
54.0	153.167	0.0211362	0.2419
58.5	153.167	0.0142847	0.2613
63.0	153.167	0.0312094	0.205
67.5	153.167	0.0174361	0.2709
72.0	153.167	0.0172166	0.2885
76.5	153.167	0.0116723	0.3387
81.0	153.167	0.02165	0.2831
85.5	153.167	0.0113791	0.3058
90.0	153.167	0.0185321	0.2749
94.5	153.167	0.0233559	0.2696
99.0	153.167	0.0210233	0.3298
103.5	153.167	0.0153761	0.3102
108.0	153.167	0.00672546	0.3469
112.5	153.167	0.0123454	0.3338
117.0	153.167	0.0174627	0.2896
121.5	153.167	0.0134203	0.2739
126.0	153.167	0.0210219	0.3003
130.5	153.167	0.0106817	0.468
135.0	153.167	0.014715	0.337
139.5	153.167	0.00454821	0.33
144.0	153.167	0.00660533	0.3542
148.5	153.167	0.0098063	0.4603
153.0	153.167	0.0128861	0.3341
157.5	153.167	0.00938406	0.3856
162.0	153.167	0.00709727	0.493
166.5	153.167	0.00353666	0.5528
171.0	153.167	0.00817505	0.398
175.5	153.167	0.00698138	0.4223
180.0	153.167	0.00382557	0.4413
184.5	153.167	0.00925012	0.3838
189.0	153.167	0.00876552	0.3489
193.5	153.167	0.00478028	0.5474
198.0	153.167	0.00601909	0.6315
202.5	153.167	0.00580319	0.4736
207.0	153.167	0.00443714	0.4605
211.5	153.167	0.00412922	0.5888
216.0	153.167	0.00374275	0.4258
220.5	153.167	0.00988084	0.3867
225.0	153.167	0.00574815	0.3952
229.5	153.167	0.00213183	0.5757
234.0	153.167	0.000973296	0.5801
238.5	153.167	0.00492679	0.617
243.0	153.167	0.00723141	0.5588
247.5	153.167	0.00506903	0.5299
252.0	153.167	0.00201794	0.4337
256.5	153.167	0.00321238	0.4621
261.0	153.167	0.00431401	0.6643
265.5	153.167	0.00324994	0.6378
270.0	153.167	0.000582288	0.3424
274.5	153.167	0.00323457	0.6019
279.0	153.167	0.000517632	0.4132
283.5	153.167	0.00119391	0.6745
288.0	153.167	0.00140603	0.861
292.5	153.167	0.00393752	0.5898
297.0	153.167	0.000268964	0.3084
301.5	153.167	0.00312682	0.5354
306.0	153.167	0.00348489	0.5757
310.5	153.167	0.0018693	0.7094
315.0	153.167	0.00586998	0.5349
319.5	153.167	0.0021328	0.7443
324.0	153.167	0.00021324	0.3773
328.5	153.167	0.000348169	0.3023
333.0	153.167	0.00464759	0.9293
337.5	153.167	0.000216112	0.3204
342.0	153.167	0.000140354	0.3955
346.5	153.167	0.00023448	0.3039
351.0	153.167	0.000853442	0.5446
355.5	153.167	0.00151884	0.8593
360.0	153.167	0.000568548	0.7902
364.5	153.167	0.00136528	0.5799
369.0	153.167	0.00050252	0.5681
373.5	153.167	0.000660422	0.7236
378.0	153.167	0.000372739	0.3684
382.5	153.167	0.000259152	0.3549
387.0	153.167	0.000209403	0.4441
391.5	153.167	0.000107938	0.5637
396.0	153.167	0.0016324	0.9803
400.5	153.167	0.00026181	0.8204
405.0	153.167	2.73428e-05	1.0
409.5	153.167	0.0	0.0
414.0	153.167	0.00321802	1.0
418.5	153.167	0.000556211	0.9803
423.0	153.167	2.08464e-05	0.7734
427.5	153.167	0.000486204	0.7699
432.0	153.167	0.000172895	0.4562
436.5	153.167	0.000144266	0.43
441.0	153.167	5.53218e-05	0.6442
445.5	153.167	6.60147e-05	0.63
-450.0	155.733	2.58171e-05	0.9757
-445.5	155.733	7.78694e-05	0.5593
-441.0	155.733	0.000122317	0.5472
-436.5	155.733	0.00013431	0.4518
-432.0	155.733	0.000116979	0.4474
-427.5	155.733	5.48071e-05	0.5519
-423.0	155.733	0.000102575	0.5952
-418.5	155.733	0.000113855	0.6173
-414.0	155.733	6.734e-05	0.533
-409.5	155.733	0.0	0.0
-405.0	155.733	1.90591e-05	0.7079
-400.5	155.733	9.09978e-05	1.0
-396.0	155.733	1.93372e-05	1.0
-391.5	155.733	7.32758e-05	0.6368
-387.0	155.733	0.000132631	0.5766
-382.5	155.733	6.08848e-05	0.589
-378.0	155.733	2.82857e-06	1.0
-373.5	155.733	0.000148962	0.5073
-369.0	155.733	0.000170371	0.4762
-364.5	155.733	0.000148496	0.4678
-360.0	155.733	0.000225958	0.3915
-355.5	155.733	0.000227773	0.3667
-351.0	155.733	0.0028337	0.6856
-346.5	155.733	0.00366761	0.7076
-342.0	155.733	0.000925875	0.713
-337.5	155.733	8.95755e-05	0.4979
-333.0	155.733	0.00026576	0.366
-328.5	155.733	0.0002151	0.3529
-324.0	155.733	0.00021364	0.3822
-319.5	155.733	0.003576	0.7007
-315.0	155.733	0.00159826	0.6238
-310.5	155.733	0.00132136	0.7723
-306.0	155.733	0.000528082	0.2845
-301.5	155.733	0.00200263	0.7346
-297.0	155.733	0.000333834	0.2879
-292.5	155.733	0.000534538	0.2355
-288.0	155.733	0.000260526	0.3368
-283.5	155.733	0.000466891	0.2953
-279.0	155.733	0.000581798	0.2605
-274.5	155.733	0.000516355	0.2328
-270.0	155.733	0.00155851	0.6884
-265.5	155.733	0.00048171	0.2904
-261.0	155.733	0.00217105	0.8239
-256.5	155.733	0.00138262	0.5502
-252.0	155.733	0.00242599	0.5961
-247.5	155.733	0.00266013	0.5416
-243.0	155.733	0.000440694	0.2604
-238.5	155.733	0.000984173	0.4532
-234.0	155.733	0.00212266	0.6893
-229.5	155.733	0.00316233	0.5347
-225.0	155.733	0.00407543	0.5364
-220.5	155.733	0.000870005	0.2811
-216.0	155.733	0.0026187	0.5951
-211.5	155.733	0.0022836	0.4864
-207.0	155.733	0.000517693	0.2393
-202.5	155.733	0.00634075	0.5076
-198.0	155.733	0.00218549	0.6865
-193.5	155.733	0.00191434	0.539
-189.0	155.733	0.00272875	0.4262
-184.5	155.733	0.00381967	0.4153
-180.0	155.733	0.00521651	0.4748
-175.5	155.733	0.00921448	0.4666
-171.0	155.733	0.00318145	0.4184
-166.5	155.733	0.00441805	0.3666
-162.0	155.733	0.0174386	0.3412
-157.5	155.733	0.00817535	0.6583
-153.0	155.733	0.0132226	0.3468
-148.5	155.733	0.00692744	0.4871
-144.0	155.733	0.00984617	0.4246
-139.5	155.733	0.00566074	0.3912
-135.0	155.733	0.0187884	0.3598
-130.5	155.733	0.0134561	0.3409
-126.0	155.733	0.0185145	0.2773
-121.5	155.733	0.0148879	0.3245
-117.0	155.733	0.0109708	0.3459
-112.5	155.733	0.0112601	0.4266
-108.0	155.733	0.0120559	0.3453
-103.5	155.733	0.0142099	0.3223
-99.0	155.733	0.0103836	0.3208
-94.5	155.733	0.0215139	0.2689
-90.0	155.733	0.0149087	0.3604
-85.5	155.733	0.015427	0.2688
-81.0	155.733	0.0247485	0.2592
-76.5	155.733	0.0125139	0.2912
-72.0	155.733	0.0187287	0.2505
-67.5	155.733	0.0175432	0.2406
-63.0	155.733	0.0205926	0.2855
-58.5	155.733	0.0270838	0.2612
-54.0	155.733	0.02521	0.2856
-49.5	155.733	0.0193996	0.3025
-45.0	155.733	0.0208498	0.2571
-40.5	155.733	0.0213035	0.2654
-36.0	155.733	0.0266178	0.2657
-31.5	155.733	0.0285486	0.2648
-27.0	155.733	0.0221209	0.2722
-22.5	155.733	0.0367114	0.225
-18.0	155.733	0.0412804	0.2126
-13.5	155.733	0.0260263	0.252
-9.0	155.733	0.0459517	0.227
-4.5	155.733	0.0265917	0.2239
0.0	155.733	0.0196071	0.3162
4.5	155.733	0.0303428	0.2359
9.0	155.733	0.0286977	0.2932
13.5	155.733	0.0251335	0.2226
18.0	155.733	0.0327136	0.2108
22.5	155.733	0.0176784	0.2163
27.0	155.733	0.0250975	0.2239
31.5	155.733	0.0173952	0.2815
36.0	155.733	0.0261872	0.2414
40.5	155.733	0.0385744	0.2102
45.0	155.733	0.0289401	0.2223
49.5	155.733	0.0214225	0.2452
54.0	155.733	0.028048	0.2419
58.5	155.733	0.0240307	0.2474
63.0	155.733	0.0195536	0.2829
67.5	155.733	0.0241961	0.2288
72.0	155.733	0.0190123	0.2877
76.5	155.733	0.0196203	0.3027
81.0	155.733	0.0207357	0.255
85.5	155.733	0.02029	0.2494
90.0	155.733	0.0237839	0.2413
94.5	155.733	0.0214475	0.2568
99.0	155.733	0.0277244	0.3352
103.5	155.733	0.00964383	0.3837
108.0	155.733	0.0118167	0.3766
112.5	155.733	0.0080409	0.3972
117.0	155.733	0.0127662	0.3932
121.5	155.733	0.015415	0.3155
126.0	155.733	0.0182657	0.2838
130.5	155.733	0.0135836	0.3065
135.0	155.733	0.0148509	0.3364
139.5	155.733	0.0125911	0.358
144.0	155.733	0.010068	0.3668
148.5	155.733	0.0104113	0.4629
153.0	155.733	0.00836024	0.3953
157.5	155.733	0.00620654	0.4332
162.0	155.733	0.0105413	0.3593
166.5	155.733	0.00729691	0.4768
171.0	155.733	0.00511921	0.5822
175.5	155.733	0.00163733	0.1635
180.0	155.733	0.00274406	0.6997
184.5	155.733	0.00604591	0.5937
189.0	155.733	0.0046772	0.3481
193.5	155.733	0.0111406	0.4179
198.0	155.733	0.00453521	0.5041
202.5	155.733	0.00455042	0.5918
207.0	155.733	0.00151985	0.4185
211.5	155.733	0.00495745	0.4979
216.0	155.733	0.00580521	0.452
220.5	155.733	0.00338169	0.404
225.0	155.733	0.00574678	0.5411
229.5	155.733	0.00203072	0.4982
234.0	155.733	0.000574172	0.2344
238.5	155.733	0.0019322	0.6063
243.0	155.733	0.00528683	0.4976
247.5	155.733	0.00868918	0.4579
252.0	155.733	0.000868766	0.307
256.5	155.733	0.000949148	0.3796
261.0	155.733	0.00554408	0.5746
265.5	155.733	0.00113042	0.5489
270.0	155.733	0.000496204	0.2584
274.5	155.733	0.00311452	0.5497
279.0	155.733	0.00084373	0.2981
283.5	155.733	0.000444893	0.2715
288.0	155.733	0.00240749	0.8272
292.5	155.733	0.0022301	0.7413
297.0	155.733	0.000505115	0.2479
301.5	155.733	0.000386931	0.3285
306.0	155.733	0.000338057	0.3267
310.5	155.733	0.000815062	0.7798
315.0	155.733	0.000332304	0.2703
319.5	155.733	0.00392389	0.6398
324.0	155.733	0.00169408	0.5579
328.5	155.733	0.000518507	0.2451
333.0	155.733	0.000605441	0.5841
337.5	155.733	0.00229744	0.8244
342.0	155.733	0.00041432	0.2854
346.5	155.733	0.000190842	0.4263
351.0	155.733	0.0021995	0.9163
355.5	155.733	0.000461124	0.6346
360.0	155.733	0.000352083	0.5576
364.5	155.733	0.00298408	0.5998
369.0	155.733	0.00156071	0.6232
373.5	155.733	6.79323e-05	0.6536
378.0	155.733	0.000158856	0.5039
382.5	155.733	0.000264207	0.4529
387.0	155.733	0.000250805	0.4748
391.5	155.733	0.000225576	0.4147
396.0	155.733	6.21868e-05	0.7474
400.5	155.733	6.00145e-05	0.7094
405.0	155.733	1.3013e-05	1.0
409.5	155.733	3.71291e-06	1.0
414.0	155.733	0.0	0.0
418.5	155.733	0.00334115	0.9969
423.0	155.733	0.00228336	0.971
427.5	155.733	9.89043e-05	0.5308
432.0	155.733	0.000984291	0.9529
436.5	155.733	0.000168483	0.4279
441.0	155.733	0.000180527	0.3931
445.5	155.733	0.00014905	0.4358
-450.0	158.3	0.000125019	0.5189
-445.5	158.3	4.38925e-05	0.6974
-441.0	158.3	0.000126262	0.4422
-436.5	158.3	4.39292e-05	0.6652
-432.0	158.3	0.0	0.0
-427.5	158.3	6.44352e-05	0.7076
-423.0	158.3	0.000114493	0.5963
-418.5	158.3	0.0	0.0
-414.0	158.3	8.18047e-06	1.0
-409.5	158.3	4.43363e-06	1.0
-405.0	158.3	6.00663e-05	0.7121
-400.5	158.3	4.29176e-05	0.9384
-396.0	158.3	6.27864e-05	0.6699
-391.5	158.3	0.000108968	0.5133
-387.0	158.3	6.83629e-05	0.5779
-382.5	158.3	0.000169017	0.4008
-378.0	158.3	3.57763e-05	0.865
-373.5	158.3	3.82858e-05	0.7686
-369.0	158.3	0.000117844	0.4913
-364.5	158.3	0.000208162	0.4526
-360.0	158.3	0.00161035	0.9742
-355.5	158.3	0.00239642	0.9811
-351.0	158.3	0.00153859	0.6459
-346.5	158.3	0.00145275	0.9469
-342.0	158.3	0.000127362	0.3725
-337.5	158.3	4.32299e-05	0.6684
-333.0	158.3	0.000176372	0.4023
-328.5	158.3	0.000326021	0.2923
-324.0	158.3	0.00456035	0.9508
-319.5	158.3	0.00121244	0.464
-315.0	158.3	0.00190435	0.5113
-310.5	158.3	0.000382014	0.5044
-306.0	158.3	0.000374812	0.3116
-301.5	158.3	0.000429402	0.2261
-297.0	158.3	0.000486961	0.289
-292.5	158.3	0.000479142	0.2528
-288.0	158.3	0.00123163	0.5951
-283.5	158.3	0.000302842	0.2704
-279.0	158.3	0.00037496	0.2795
-274.5	158.3	0.00119969	0.7616
-270.0	158.3	0.000890332	0.6137
-265.5	158.3	0.00279521	0.6034
-261.0	158.3	0.000442827	0.2592
-256.5	158.3	0.00107003	0.5866
-252.0	158.3	0.00297269	0.6901
-247.5	158.3	0.000345389	0.2987
-243.0	158.3	0.000471124	0.2281
-238.5	158.3	0.00131495	0.448
-234.0	158.3	0.00126351	0.5847
-229.5	158.3	0.00308358	0.4549
-225.0	158.3	0.00349475	0.4846
-220.5	158.3	0.00295174	0.748
-216.0	158.3	0.00329489	0.5303
-211.5	158.3	0.00155074	0.6451
-207.0	158.3	0.00601142	0.4644
-202.5	158.3	0.00455946	0.463
-198.0	158.3	0.00353663	0.604
-193.5	158.3	0.00337978	0.5953
-189.0	158.3	0.00292289	0.6104
-184.5	158.3	0.00505249	0.5118
-180.0	158.3	0.00453766	0.5666
-175.5	158.3	0.00680349	0.512
-171.0	158.3	0.00150642	0.3735
-166.5	158.3	0.0212689	0.3044
-162.0	158.3	0.0104688	0.3152
-157.5	158.3	0.00555025	0.5977
-153.0	158.3	0.0107503	0.3966
-148.5	158.3	0.00761474	0.4479
-144.0	158.3	0.00569364	0.4234
-139.5	158.3	0.00702904	0.4113
-135.0	158.3	0.00829573	0.4335
-130.5	158.3	0.00889807	0.3676
-126.0	158.3	0.00543682	0.4539
-121.5	158.3	0.00764341	0.421
-117.0	158.3	0.0112804	0.3651
-112.5	158.3	0.00840505	0.34
-108.0	158.3	0.0171491	0.2932
-103.5	158.3	0.0167348	0.2692
-99.0	158.3	0.0124183	0.3133
-94.5	158.3	0.0184566	0.2803
-90.0	158.3	0.015563	0.2922
-85.5	158.3	0.0202028	0.2741
-81.0	158.3	0.020352	0.2758
-76.5	158.3	0.016471	0.292
-72.0	158.3	0.0157683	0.2727
-67.5	158.3	0.0242002	0.241
-63.0	158.3	0.0165983	0.2851
-58.5	158.3	0.0131981	0.2799
-54.0	158.3	0.0184313	0.2178
-49.5	158.3	0.0180092	0.2669
-45.0	158.3	0.0327637	0.2304
-40.5	158.3	0.0240891	0.2402
-36.0	158.3	0.0297095	0.2481
-31.5	158.3	0.025423	0.3182
-27.0	158.3	0.0365419	0.218
-22.5	158.3	0.0206444	0.2511
-18.0	158.3	0.0446672	0.2174
-13.5	158.3	0.0211797	0.2514
-9.0	158.3	0.0316896	0.2305
-4.5	158.3	0.0416972	0.2351
0.0	158.3	0.0206623	0.2383
4.5	158.3	0.0223599	0.2212
9.0	158.3	0.0299491	0.2757
13.5	158.3	0.028986	0.2581
18.0	158.3	0.025498	0.2267
22.5	158.3	0.0262186	0.2697
27.0	158.3	0.0310314	0.259
31.5	158.3	0.0143165	0.2848
36.0	158.3	0.0205916	0.2711
40.5	158.3	0.0275493	0.2223
45.0	158.3	0.0235597	0.2479
49.5	158.3	0.0300838	0.2304
54.0	158.3	0.0209549	0.2635
58.5	158.3	0.0167701	0.2545
63.0	158.3	0.0286504	0.2301
67.5	158.3	0.0287949	0.2774
72.0	158.3	0.0237417	0.2954
76.5	158.3	0.0107022	0.2649
81.0	158.3	0.010908	0.3123
85.5	158.3	0.0251276	0.2785
90.0	158.3	0.0276535	0.2322
94.5	158.3	0.0143694	0.265
99.0	158.3	0.0163872	0.2706
103.5	158.3	0.0119612	0.4317
108.0	158.3	0.0157758	0.2662
112.5	158.3	0.0146298	0.3113
117.0	158.3	0.00717259	0.3734
121.5	158.3	0.00966188	0.4183
126.0	158.3	0.0230599	0.2787
130.5	158.3	0.0101519	0.34
135.0	158.3	0.0103384	0.3598
139.5	158.3	0.00927963	0.3908
144.0	158.3	0.00869618	0.3183
148.5	158.3	0.00466936	0.4309
153.0	158.3	0.016255	0.3149
157.5	158.3	0.00538222	0.3669
162.0	158.3	0.00821767	0.4332
166.5	158.3	0.00640838	0.3504
171.0	158.3	0.00506606	0.4318
175.5	158.3	0.00163007	0.4572
180.0	158.3	0.0124035	0.5616
184.5	158.3	0.00615219	0.4552
189.0	158.3	0.00200215	0.3561
193.5	158.3	0.00128626	0.4208
198.0	158.3	0.00707161	0.4504
202.5	158.3	0.00350706	0.5113
207.0	158.3	0.00153759	0.4008
211.5	158.3	0.0032291	0.5149
216.0	158.3	0.0055815	0.523
220.5	158.3	0.00154199	0.405
225.0	158.3	0.00374253	0.6948
229.5	158.3	0.00375971	0.7214
234.0	158.3	0.00221121	0.8679
238.5	158.3	0.000678036	0.3343
243.0	158.3	0.00148852	0.5281
247.5	158.3	0.00126556	0.3557
252.0	158.3	0.002534	0.689
256.5	158.3	0.000742772	0.2028
261.0	158.3	0.00168282	0.5377
265.5	158.3	0.00131423	0.4089
270.0	158.3	0.000458054	0.2773
274.5	158.3	0.00106368	0.486
279.0	158.3	0.000770791	0.2173
283.5	158.3	0.000613605	0.2627
288.0	158.3	0.000738871	0.2555
292.5	158.3	0.00769625	0.4496
297.0	158.3	0.00238211	0.8007
301.5	158.3	0.000592288	0.2519
306.0	158.3	0.000444763	0.2701
310.5	158.3	0.00121235	0.7111
315.0	158.3	0.00379341	0.6557
319.5	158.3	0.00119234	0.5499
324.0	158.3	0.00395701	0.6245
328.5	158.3	0.00174448	0.7455
333.0	158.3	0.000368151	0.306
337.5	158.3	0.000358025	0.3023
342.0	158.3	0.0022346	0.852
346.5	158.3	0.000320526	0.3252
351.0	158.3	0.00216347	0.6465
355.5	158.3	0.000842748	0.5698
360.0	158.3	0.00191972	0.8702
364.5	158.3	0.00039636	0.4459
369.0	158.3	0.000518942	0.4763
373.5	158.3	0.000134001	0.5784
378.0	158.3	0.00040872	0.7858
382.5	158.3	3.67302e-05	0.918
387.0	158.3	8.64603e-05	0.7116
391.5	158.3	0.0001774	0.4018
396.0	158.3	0.000272076	0.4089
400.5	158.3	0.000168956	0.5205
405.0	158.3	0.000100026	0.6141
409.5	158.3	6.77278e-05	0.5596
414.0	158.3	4.04958e-05	0.74
418.5	158.3	9.15236e-05	0.5469
423.0	158.3	0.00177405	0.936
427.5	158.3	0.00393355	0.9854
432.0	158.3	9.83688e-05	0.4964
436.5	158.3	0.000143859	0.4862
441.0	158.3	0.000961678	0.8845
445.5	158.3	0.000812402	0.9304
-450.0	160.867	0.000125129	0.7989
-445.5	160.867	2.44134e-05	0.7654
-441.0	160.867	0.000419422	0.828
-436.5	160.867	0.000387705	1.0
-432.0	160.867	2.1501e-05	1.0
-427.5	160.867	0.00011835	0.5456
-423.0	160.867	6.73907e-05	0.5802
-418.5	160.867	0.000107607	0.7693
-414.0	160.867	8.51549e-05	0.6071
-409.5	160.867	8.71447e-05	0.7092
-405.0	160.867	1.37325e-05	1.0
-400.5	160.867	0.0	0.0
-396.0	160.867	3.63454e-05	0.9651
-391.5	160.867	2.00012e-05	0.8204
-387.0	160.867	0.000222174	0.3844
-382.5	160.867	6.72474e-05	0.566
-378.0	160.867	0.000136544	0.4994
-373.5	160.867	0.000158419	0.4428
-369.0	160.867	0.000148657	0.4734
-364.5	160.867	0.000187389	0.5183
-360.0	160.867	0.000457586	0.7095
-355.5	160.867	7.52856e-05	0.6582
-351.0	160.867	0.000105783	0.3837
-346.5	160.867	0.00147086	0.8551
-342.0	160.867	0.000348052	0.2607
-337.5	160.867	0.000302107	0.3282
-333.0	160.867	0.00224378	0.8546
-328.5	160.867	0.00429039	0.7933
-324.0	160.867	0.00135512	0.882
-319.5	160.867	0.00276255	0.5269
-315.0	160.867	0.0017238	0.6463
-310.5	160.867	0.000862001	0.7924
-306.0	160.867	0.000338351	0.3124
-301.5	160.867	0.00226211	0.8347
-297.0	160.867	0.000348219	0.334
-292.5	160.867	0.000744388	0.6122
-288.0	160.867	0.000507542	0.3408
-283.5	160.867	0.000463871	0.2811
-279.0	160.867	0.00115861	0.5
-274.5	160.867	0.00114082	0.8787
-270.0	160.867	0.000411554	0.2601
-265.5	160.867	0.000471463	0.2426
-261.0	160.867	0.000378554	0.2851
-256.5	160.867	0.000592792	0.4144
-252.0	160.867	0.000487426	0.2669
-247.5	160.867	0.000388934	0.2897
-243.0	160.867	0.00330365	0.3765
-238.5	160.867	0.0030919	0.513
-234.0	160.867	0.00144654	0.5001
-229.5	160.867	0.00492721	0.5571
-225.0	160.867	0.00129711	0.1946
-220.5	160.867	0.00266538	0.616
-216.0	160.867	0.00337166	0.5755
-211.5	160.867	0.00195483	0.552
-207.0	160.867	0.00294471	0.6124
-202.5	160.867	0.00544804	0.4905
-198.0	160.867	0.00355009	0.7027
-193.5	160.867	0.00372501	0.8142
-189.0	160.867	0.00531474	0.6437
-184.5	160.867	0.00265554	0.5141
-180.0	160.867	0.00301914	0.4637
-175.5	160.867	0.00236651	0.3333
-171.0	160.867	0.00329717	0.4134
-166.5	160.867	0.0134846	0.3171
-162.0	160.867	0.00389554	0.422
-157.5	160.867	0.00693735	0.4646
-153.0	160.867	0.00324506	0.3547
-148.5	160.867	0.00318042	0.4056
-144.0	160.867	0.00940773	0.4535
-139.5	160.867	0.0158174	0.3868
-135.0	160.867	0.00358285	0.4635
-130.5	160.867	0.00779774	0.5021
-126.0	160.867	0.0122714	0.304
-121.5	160.867	0.0141608	0.3345
-117.0	160.867	0.00697942	0.3415
-112.5	160.867	0.0118451	0.338
-108.0	160.867	0.0148552	0.3602
-103.5	160.867	0.0179347	0.2724
-99.0	160.867	0.0215298	0.3006
-94.5	160.867	0.0204591	0.2568
-90.0	160.867	0.0209613	0.2593
-85.5	160.867	0.0214367	0.2529
-81.0	160.867	0.0262892	0.2596
-76.5	160.867	0.0163835	0.2951
-72.0	160.867	0.0232646	0.2308
-67.5	160.867	0.0327294	0.22
-63.0	160.867	0.0263859	0.2761
-58.5	160.867	0.0248443	0.2522
-54.0	160.867	0.0227468	0.2487
-49.5	160.867	0.0216418	0.2694
-45.0	160.867	0.0235536	0.269
-40.5	160.867	0.0215894	0.2551
-36.0	160.867	0.0225454	0.288
-31.5	160.867	0.0234299	0.2411
-27.0	160.867	0.030405	0.2559
-22.5	160.867	0.0220345	0.241
-18.0	160.867	0.0261616	0.239
-13.5	160.867	0.0269411	0.2529
-9.0	160.867	0.0266401	0.2453
-4.5	160.867	0.0287475	0.2655
0.0	160.867	0.0243641	0.2542
4.5	160.867	0.0266293	0.2362
9.0	160.867	0.0245735	0.2279
13.5	160.867	0.0231733	0.2529
18.0	160.867	0.0233999	0.2647
22.5	160.867	0.0262168	0.2464
27.0	160.867	0.0184707	0.2538
31.5	160.867	0.02224	0.2411
36.0	160.867	0.0223054	0.268
40.5	160.867	0.0169042	0.2823
45.0	160.867	0.0163546	0.2841
49.5	160.867	0.0232716	0.2833
54.0	160.867	0.0181134	0.2494
58.5	160.867	0.0110148	0.275
63.0	160.867	0.0233467	0.303
67.5	160.867	0.012346	0.3325
72.0	160.867	0.0147353	0.2835
76.5	160.867	0.0168245	0.2857
81.0	160.867	0.0103726	0.2855
85.5	160.867	0.0229508	0.274
90.0	160.867	0.0142469	0.2725
94.5	160.867	0.0198604	0.2606
99.0	160.867	0.0195376	0.2637
103.5	160.867	0.00638911	0.3359
108.0	160.867	0.0161655	0.3139
112.5	160.867	0.0167563	0.3431
117.0	160.867	0.0132243	0.2867
121.5	160.867	0.00966549	0.4563
126.0	160.867	0.0231607	0.3037
130.5	160.867	0.00750454	0.2927
135.0	160.867	0.0153123	0.3811
139.5	160.867	0.0199294	0.3431
144.0	160.867	0.00993104	0.3211
148.5	160.867	0.0103312	0.3735
153.0	160.867	0.0138919	0.3477
157.5	160.867	0.00637454	0.5517
162.0	160.867	0.0124743	0.3915
166.5	160.867	0.0103545	0.4215
171.0	160.867	0.00371231	0.3608
175.5	160.867	0.00800395	0.4155
180.0	160.867	0.00322409	0.4331
184.5	160.867	0.00474809	0.4314
189.0	160.867	0.00223158	0.57
193.5	160.867	0.00351178	0.5588
198.0	160.867	0.00471184	0.4517
202.5	160.867	0.00536304	0.5938
207.0	160.867	0.00286851	0.5346
211.5	160.867	0.00649666	0.571
216.0	160.867	0.00607685	0.5567
220.5	160.867	0.000983401	0.363
225.0	160.867	0.00211289	0.6297
229.5	160.867	0.00383853	0.5457
234.0	160.867	0.00259368	0.8136
238.5	160.867	0.00036586	0.2849
243.0	160.867	0.000872974	0.4408
247.5	160.867	0.00066375	0.3551
252.0	160.867	0.00336101	0.4553
256.5	160.867	0.00079172	0.2089
261.0	160.867	0.000477279	0.3535
265.5	160.867	0.00583566	0.6324
270.0	160.867	0.00149803	0.7108
274.5	160.867	0.000622204	0.2246
279.0	160.867	0.00332128	0.6306
283.5	160.867	0.000411705	0.2761
288.0	160.867	0.00183808	0.8466
292.5	160.867	0.00260473	0.5306
297.0	160.867	0.00167268	0.5215
301.5	160.867	0.00226019	0.8351
306.0	160.867	0.000329869	0.3104
310.5	160.867	0.000268902	0.2921
315.0	160.867	0.00125202	0.6658
319.5	160.867	0.000376625	0.4229
324.0	160.867	0.000967284	0.814
328.5	160.867	0.00256257	0.6166
333.0	160.867	0.000975016	0.5494
337.5	160.867	0.000154022	0.3598
342.0	160.867	0.00298276	0.5983
346.5	160.867	0.000514113	0.5076
351.0	160.867	0.000584371	0.7632
355.5	160.867	0.000234814	0.4192
360.0	160.867	0.000184619	0.4337
364.5	160.867	0.00015786	0.4195
369.0	160.867	0.000226053	0.4774
373.5	160.867	0.000214566	0.7378
378.0	160.867	0.00113219	0.7445
382.5	160.867	0.000178191	0.4034
387.0	160.867	4.42062e-05	0.7599
391.5	160.867	0.000103905	0.5139
396.0	160.867	0.000136241	0.4637
400.5	160.867	0.00408268	0.9424
405.0	160.867	0.000969661	0.8893
409.5	160.867	6.91479e-05	0.6364
414.0	160.867	0.000116804	0.5823
418.5	160.867	4.18971e-05	0.5878
423.0	160.867	0.000110664	0.4934
427.5	160.867	0.00013254	0.6564
432.0	160.867	0.00395777	0.9763
436.5	160.867	0.00165801	0.941
441.0	160.867	0.00119474	0.9133
445.5	160.867	0.000164542	0.4932
-450.0	163.433	0.00143705	0.839
-445.5	163.433	0.00128889	0.9159
-441.0	163.433	0.000876536	0.9528
-436.5	163.433	0.000109597	0.5676
-432.0	163.433	6.41093e-05	0.6109
-427.5	163.433	2.53005e-05	0.8857
-423.0	163.433	6.03248e-05	0.7451
-418.5	163.433	3.27286e-05	0.7526
-414.0	163.433	7.91852e-05	0.5982
-409.5	163.433	5.58283e-05	0.6038
-405.0	163.433	0.0	0.0
-400.5	163.433	7.3179e-05	0.7115
-396.0	163.433	6.04308e-05	0.8758
-391.5	163.433	6.85971e-05	0.7318
-387.0	163.433	0.000114473	0.4395
-382.5	163.433	0.000284185	0.3475
-378.0	163.433	0.000242565	0.4339
-373.5	163.433	0.00242346	0.9501
-369.0	163.433	0.000340332	0.3311
-364.5	163.433	0.000123098	0.4614
-360.0	163.433	0.00207997	0.9491
-355.5	163.433	0.000225918	0.3696
-351.0	163.433	0.000141063	0.5103
-346.5	163.433	0.000205762	0.4214
-342.0	163.433	0.000345321	0.2944
-337.5	163.433	0.000237736	0.3461
-333.0	163.433	0.00246195	0.9283
-328.5	163.433	0.00242773	0.9142
-324.0	163.433	0.000297918	0.3369
-319.5	163.433	0.00435025	0.5569
-315.0	163.433	0.000251305	0.3255
-310.5	163.433	0.000163175	0.4015
-306.0	163.433	0.000190748	0.3584
-301.5	163.433	0.000367079	0.302
-297.0	163.433	0.000431916	0.3528
-292.5	163.433	0.00128112	0.7973
-288.0	163.433	0.000550285	0.2615
-283.5	163.433	0.000268371	0.3299
-279.0	163.433	0.00217945	0.6309
-274.5	163.433	0.000346984	0.2757
-270.0	163.433	0.000364129	0.284
-265.5	163.433	0.000373068	0.2878
-261.0	163.433	0.000331902	0.3022
-256.5	163.433	0.000433903	0.2864
-252.0	163.433	0.000298804	0.2756
-247.5	163.433	0.00343579	0.5521
-243.0	163.433	0.0110207	0.5172
-238.5	163.433	0.000893129	0.3647
-234.0	163.433	0.00437769	0.6605
-229.5	163.433	0.00171002	0.5322
-225.0	163.433	0.00148432	0.4158
-220.5	163.433	0.000563242	0.2041
-216.0	163.433	0.00351518	0.5173
-211.5	163.433	0.00180314	0.7464
-207.0	163.433	0.00400091	0.5148
-202.5	163.433	0.00414257	0.4395
-198.0	163.433	0.00140805	0.4049
-193.5	163.433	0.00170709	0.3997
-189.0	163.433	0.00268155	0.4837
-184.5	163.433	0.0062915	0.4859
-180.0	163.433	0.00686453	0.4491
-175.5	163.433	0.00437083	0.4532
-171.0	163.433	0.0135593	0.3814
-166.5	163.433	0.0117128	0.4046
-162.0	163.433	0.00364994	0.45
-157.5	163.433	0.0102626	0.3926
-153.0	163.433	0.00862975	0.4117
-148.5	163.433	0.00596311	0.4516
-144.0	163.433	0.00836228	0.4902
-139.5	163.433	0.00529262	0.3444
-135.0	163.433	0.00591362	0.3266
-130.5	163.433	0.00887398	0.4154
-126.0	163.433	0.0188388	0.3054
-121.5	163.433	0.00549781	0.5114
-117.0	163.433	0.00657793	0.3537
-112.5	163.433	0.00859258	0.4261
-108.0	163.433	0.0138234	0.3054
-103.5	163.433	0.0254055	0.4205
-99.0	163.433	0.024156	0.2805
-94.5	163.433	0.012082	0.3411
-90.0	163.433	0.0122277	0.2555
-85.5	163.433	0.0162569	0.2713
-81.0	163.433	0.0122601	0.3159
-76.5	163.433	0.0112939	0.3212
-72.0	163.433	0.014947	0.2804
-67.5	163.433	0.0216548	0.3046
-63.0	163.433	0.0194915	0.2787
-58.5	163.433	0.0154396	0.3305
-54.0	163.433	0.0191098	0.3144
-49.5	163.433	0.0305721	0.2198
-45.0	163.433	0.0201932	0.3341
-40.5	163.433	0.033023	0.2252
-36.0	163.433	0.0323738	0.2537
-31.5	163.433	0.0250789	0.2073
-27.0	163.433	0.0182853	0.2918
-22.5	163.433	0.0261199	0.2294
-18.0	163.433	0.0305978	0.2143
-13.5	163.433	0.0216995	0.2415
-9.0	163.433	0.021141	0.2325
-4.5	163.433	0.0243828	0.2229
0.0	163.433	0.0284661	0.2662
4.5	163.433	0.0288866	0.2505
9.0	163.433	0.0222803	0.2387
13.5	163.433	0.025671	0.2347
18.0	163.433	0.0267017	0.22
22.5	163.433	0.0344122	0.236
27.0	163.433	0.0181061	0.2542
31.5	163.433	0.02013	0.2295
36.0	163.433	0.0209382	0.2987
40.5	163.433	0.0220841	0.2909
45.0	163.433	0.0187343	0.2892
49.5	163.433	0.017051	0.2894
54.0	163.433	0.0173545	0.2607
58.5	163.433	0.0210636	0.2531
63.0	163.433	0.0160701	0.3049
67.5	163.433	0.0159417	0.2879
72.0	163.433	0.0174047	0.2643
76.5	163.433	0.00899861	0.2941
81.0	163.433	0.0143933	0.3123
85.5	163.433	0.0166515	0.3415
90.0	163.433	0.0156739	0.3255
94.5	163.433	0.0154807	0.3246
99.0	163.433	0.014977	0.2749
103.5	163.433	0.013064	0.3675
108.0	163.433	0.013888	0.3867
112.5	163.433	0.00815371	0.3501
117.0	163.433	0.0140974	0.3949
121.5	163.433	0.0135872	0.3262
126.0	163.433	0.013236	0.3501
130.5	163.433	0.0124557	0.4037
135.0	163.433	0.00619039	0.376
139.5	163.433	0.00699353	0.332
144.0	163.433	0.00862934	0.3897
148.5	163.433	0.012648	0.3649
153.0	163.433	0.00808562	0.4119
157.5	163.433	0.00799801	0.5033
162.0	163.433	0.00932286	0.3692
166.5	163.433	0.00601244	0.5938
171.0	163.433	0.00300669	0.3766
175.5	163.433	0.00571819	0.466
180.0	163.433	0.00756003	0.3979
184.5	163.433	0.00607635	0.457
189.0	163.433	0.00611229	0.3863
193.5	163.433	0.00387738	0.4265
198.0	163.433	0.00347145	0.4435
202.5	163.433	0.00552696	0.4477
207.0	163.433	0.00347137	0.4431
211.5	163.433	0.0014136	0.3495
216.0	163.433	0.00501664	0.5885
220.5	163.433	0.00449397	0.5373
225.0	163.433	0.00534411	0.4979
229.5	163.433	0.00394261	0.5832
234.0	163.433	0.00291843	0.639
238.5	163.433	0.000408101	0.259
243.0	163.433	0.000686545	0.2929
247.5	163.433	0.000466721	0.2466
252.0	163.433	0.0014987	0.4474
256.5	163.433	0.000776965	0.2403
261.0	163.433	0.00187264	0.6545
265.5	163.433	0.00630349	0.6102
270.0	163.433	0.00642167	0.5906
274.5	163.433	0.00346964	0.5154
279.0	163.433	0.00501718	0.6627
283.5	163.433	0.000466128	0.3901
288.0	163.433	0.000375738	0.3
292.5	163.433	0.00224156	0.6567
297.0	163.433	0.00341178	0.6338
301.5	163.433	0.00504361	0.6059
306.0	163.433	0.000748023	0.5907
310.5	163.433	0.00151004	0.5866
315.0	163.433	0.00120802	0.5943
319.5	163.433	0.00121985	0.5906
324.0	163.433	0.000194488	0.3418
328.5	163.433	0.0044684	0.6875
333.0	163.433	0.000270453	0.332
337.5	163.433	0.00160026	0.8387
342.0	163.433	0.000209271	0.3548
346.5	163.433	0.00170982	0.915
351.0	163.433	0.000304814	0.3518
355.5	163.433	0.000258432	0.3037
360.0	163.433	0.000111977	0.3935
364.5	163.433	0.000195213	0.3772
369.0	163.433	0.000160757	0.3667
373.5	163.433	6.62789e-05	0.9599
378.0	163.433	0.000283712	0.5843
382.5	163.433	0.000204774	0.4764
387.0	163.433	3.39054e-05	0.7174
391.5	163.433	6.12837e-05	0.6745
396.0	163.433	0.00145411	0.9806
400.5	163.433	0.00112608	0.954
405.0	163.433	7.1304e-05	0.8283
409.5	163.433	7.11548e-05	0.9155
414.0	163.433	4.46145e-05	0.7314
418.5	163.433	7.77484e-05	0.6677
423.0	163.433	4.5779e-05	0.7238
427.5	163.433	0.000115805	0.6365
432.0	163.433	8.01139e-05	0.7883
436.5	163.433	6.86739e-05	0.5951
441.0	163.433	3.44837e-05	1.0
445.5	163.433	0.00108556	0.9397
-450.0	166.0	5.66944e-05	0.731
-445.5	166.0	0.000138566	0.4673
-441.0	166.0	5.89484e-05	0.8699
-436.5	166.0	7.07843e-06	0.7383
-432.0	166.0	1.1012e-05	1.0
-427.5	166.0	5.12561e-05	0.7114
-423.0	166.0	0.0	0.0
-418.5	166.0	1.72989e-05	1.0
-414.0	166.0	4.96854e-05	0.7466
-409.5	166.0	1.64642e-05	1.0
-405.0	166.0	3.73098e-05	0.745
-400.5	166.0	6.03534e-05	0.6228
-396.0	166.0	0.000107614	0.5858
-391.5	166.0	9.18909e-05	0.5685
-387.0	166.0	0.000214047	0.4055
-382.5	166.0	1.81217e-05	0.7775
-378.0	166.0	0.00141818	0.8734
-373.5	166.0	0.00026728	0.3765
-369.0	166.0	0.00036693	0.3298
-364.5	166.0	0.000491698	0.8547
-360.0	166.0	0.00235428	0.9744
-355.5	166.0	8.67913e-05	0.5003
-351.0	166.0	0.000152136	0.4891
-346.5	166.0	8.5809e-05	0.605
-342.0	166.0	0.000138553	0.5058
-337.5	166.0	0.00140433	0.8977
-333.0	166.0	0.00352828	0.9197
-328.5	166.0	0.00034316	0.2998
-324.0	166.0	0.000319002	0.3697
-319.5	166.0	0.000775052	0.6813
-315.0	166.0	0.000247698	0.3513
-310.5	166.0	0.000267825	0.3206
-306.0	166.0	0.000190268	0.4092
-301.5	166.0	0.000158681	0.3803
-297.0	166.0	0.000291999	0.3125
-292.5	166.0	0.00042296	0.2968
-288.0	166.0	0.000504031	0.2965
-283.5	166.0	0.0002231	0.3302
-279.0	166.0	0.00112126	0.8189
-274.5	166.0	0.00111289	0.5639
-270.0	166.0	0.000291926	0.3364
-265.5	166.0	0.00105501	0.7494
-261.0	166.0	0.00152989	0.8767
-256.5	166.0	0.000675082	0.5556
-252.0	166.0	0.00358796	0.6119
-247.5	166.0	0.00554374	0.8866
-243.0	166.0	0.00155685	0.6153
-238.5	166.0	0.00419195	0.6656
-234.0	166.0	0.004295	0.6587
-229.5	166.0	0.00193033	0.6143
-225.0	166.0	0.00273014	0.7942
-220.5	166.0	0.00208347	0.7457
-216.0	166.0	0.000672655	0.3564
-211.5	166.0	0.00145675	0.4968
-207.0	166.0	0.00492752	0.5579
-202.5	166.0	0.00517189	0.8589
-198.0	166.0	0.00143842	0.2935
-193.5	166.0	0.000956995	0.2042
-189.0	166.0	0.00283097	0.7551
-184.5	166.0	0.00566923	0.4051
-180.0	166.0	0.00546637	0.4591
-175.5	166.0	0.00333641	0.4161
-171.0	166.0	0.010153	0.4324
-166.5	166.0	0.00387508	0.5286
-162.0	166.0	0.00201857	0.3255
-157.5	166.0	0.0042956	0.4071
-153.0	166.0	0.00818074	0.3879
-148.5	166.0	0.00700303	0.48
-144.0	166.0	0.00436122	0.3548
-139.5	166.0	0.0148092	0.3104
-135.0	166.0	0.0103492	0.4181
-130.5	166.0	0.00992147	0.4186
-126.0	166.0	0.00499728	0.3616
-121.5	166.0	0.00738112	0.454
-117.0	166.0	0.0146989	0.336
-112.5	166.0	0.0137622	0.3266
-108.0	166.0	0.0157323	0.3406
-103.5	166.0	0.0113587	0.3073
-99.0	166.0	0.0195502	0.3156
-94.5	166.0	0.0112428	0.3379
-90.0	166.0	0.0053221	0.3126
-85.5	166.0	0.013269	0.3226
-81.0	166.0	0.0151252	0.313
-76.5	166.0	0.012568	0.3664
-72.0	166.0	0.0145276	0.3442
-67.5	166.0	0.0190301	0.2974
-63.0	166.0	0.00968588	0.2703
-58.5	166.0	0.0132743	0.3041
-54.0	166.0	0.018297	0.2771
-49.5	166.0	0.0227711	0.2743
-45.0	166.0	0.0186193	0.2908
-40.5	166.0	0.0266074	0.2214
-36.0	166.0	0.0195636	0.2497
-31.5	166.0	0.0141867	0.2866
-27.0	166.0	0.0221052	0.2853
-22.5	166.0	0.0164417	0.2618
-18.0	166.0	0.0267374	0.223
-13.5	166.0	0.0226779	0.241
-9.0	166.0	0.0238072	0.2643
-4.5	166.0	0.0279565	0.254
0.0	166.0	0.0276078	0.2699
4.5	166.0	0.0281154	0.2635
9.0	166.0	0.0188321	0.2461
13.5	166.0	0.0292838	0.2232
18.0	166.0	0.0260491	0.2412
22.5	166.0	0.0298454	0.2395
27.0	166.0	0.0239068	0.2673
31.5	166.0	0.0185855	0.2758
36.0	166.0	0.0214414	0.3152
40.5	166.0	0.017633	0.2383
45.0	166.0	0.0187367	0.2715
49.5	166.0	0.0161669	0.2852
54.0	166.0	0.0300043	0.2308
58.5	166.0	0.0149372	0.2553
63.0	166.0	0.0224008	0.2823
67.5	166.0	0.0140347	0.2787
72.0	166.0	0.0113916	0.3195
76.5	166.0	0.0130011	0.3309
81.0	166.0	0.0178771	0.3167
85.5	166.0	0.00949776	0.3878
90.0	166.0	0.0241026	0.2849
94.5	166.0	0.0192843	0.2843
99.0	166.0	0.0104244	0.3594
103.5	166.0	0.0138469	0.2847
108.0	166.0	0.0158343	0.3532
112.5	166.0	0.0162968	0.3209
117.0	166.0	0.0112773	0.331
121.5	166.0	0.0139973	0.3731
126.0	166.0	0.00576028	0.3313
130.5	166.0	0.00857476	0.4251
135.0	166.0	0.0105035	0.3222
139.5	166.0	0.0080431	0.3247
144.0	166.0	0.00586771	0.4385
148.5	166.0	0.00839996	0.2639
153.0	166.0	0.0143633	0.3051
157.5	166.0	0.00442438	0.3609
162.0	166.0	0.00918228	0.3961
166.5	166.0	0.0036063	0.3177
171.0	166.0	0.00651316	0.4543
175.5	166.0	0.00527797	0.5648
180.0	166.0	0.0076391	0.3996
184.5	166.0	0.00340045	0.4868
189.0	166.0	0.0059604	0.4393
193.5	166.0	0.00723011	0.4733
198.0	166.0	0.00287079	0.5288
202.5	166.0	0.00235164	0.321
207.0	166.0	0.00623454	0.526
211.5	166.0	0.00562869	0.6182
216.0	166.0	0.00734089	0.4118
220.5	166.0	0.0042493	0.6046
225.0	166.0	0.00816606	0.4878
229.5	166.0	0.00277152	0.564
234.0	166.0	0.00217366	0.6794
238.5	166.0	0.00334052	0.5756
243.0	166.0	0.000893034	0.5555
247.5	166.0	0.00227272	0.5945
252.0	166.0	0.00265993	0.582
256.5	166.0	0.000515777	0.2318
261.0	166.0	0.000456295	0.2455
265.5	166.0	0.00108934	0.5219
270.0	166.0	0.00667939	0.5096
274.5	166.0	0.00275695	0.4755
279.0	166.0	0.000639408	0.341
283.5	166.0	0.00204246	0.5891
288.0	166.0	0.000255266	0.3101
292.5	166.0	0.00229894	0.7234
297.0	166.0	0.000612463	0.5933
301.5	166.0	0.000505882	0.3578
306.0	166.0	0.000748034	0.5631
310.5	166.0	0.00210195	0.7263
315.0	166.0	0.000277349	0.3735
319.5	166.0	0.000411438	0.3199
324.0	166.0	0.000255492	0.2847
328.5	166.0	0.00027697	0.4158
333.0	166.0	0.00195791	0.926
337.5	166.0	0.000220038	0.3341
342.0	166.0	0.00176945	0.7696
346.5	166.0	0.000315379	0.4218
351.0	166.0	0.0032005	0.6206
355.5	166.0	0.00417198	0.7301
360.0	166.0	0.00252672	0.6534
364.5	166.0	6.5149e-05	0.6306
369.0	166.0	8.01122e-05	0.4819
373.5	166.0	6.5354e-05	0.8769
378.0	166.0	0.000325513	0.3456
382.5	166.0	0.000197446	0.5268
387.0	166.0	0.000241221	0.6029
391.5	166.0	5.96715e-05	0.5872
396.0	166.0	2.25031e-05	1.0
400.5	166.0	1.01725e-05	1.0
405.0	166.0	3.77738e-05	1.0
409.5	166.0	5.15682e-05	0.7171
414.0	166.0	4.65758e-05	0.8149
418.5	166.0	0.000104286	0.6446
423.0	166.0	0.00112421	0.9555
427.5	166.0	5.30634e-05	0.5826
432.0	166.0	0.00208458	0.9672
436.5	166.0	0.00216806	0.9605
441.0	166.0	4.34628e-05	0.8158
445.5	166.0	6.6146e-05	0.6558
-450.0	168.567	0.000490168	0.6916
-445.5	168.567	0.000130903	0.4544
-441.0	168.567	2.49955e-05	1.0
-436.5	168.567	0.000597938	0.9701
-432.0	168.567	3.91146e-05	0.7074
-427.5	168.567	8.16293e-05	0.7994
-423.0	168.567	7.24585e-05	0.6201
-418.5	168.567	2.30397e-05	1.0
-414.0	168.567	0.0	0.0
-409.5	168.567	0.0	0.0
-405.0	168.567	2.35809e-05	0.7789
-400.5	168.567	6.1917e-05	0.7081
-396.0	168.567	2.00643e-05	0.5795
-391.5	168.567	6.54887e-05	0.7394
-387.0	168.567	9.24346e-05	0.7091
-382.5	168.567	0.000139355	0.5025
-378.0	168.567	0.000225254	0.4591
-373.5	168.567	0.000158372	0.4752
-369.0	168.567	0.000109992	0.5841
-364.5	168.567	4.90205e-05	0.4424
-360.0	168.567	0.000135977	0.463
-355.5	168.567	0.000233813	0.3738
-351.0	168.567	0.0002186	0.3611
-346.5	168.567	9.12128e-05	0.4873
-342.0	168.567	0.000103303	0.4458
-337.5	168.567	0.00116651	0.7649
-333.0	168.567	0.000221354	0.3725
-328.5	168.567	0.000243474	0.3736
-324.0	168.567	9.18506e-05	0.5218
-319.5	168.567	0.000174829	0.405
-315.0	168.567	0.00254905	0.8869
-310.5	168.567	0.000339012	0.3575
-306.0	168.567	0.000186027	0.4266
-301.5	168.567	0.000422071	0.295
-297.0	168.567	0.000470876	0.288
-292.5	168.567	0.000304301	0.2984
-288.0	168.567	0.000308684	0.314
-283.5	168.567	0.000975936	0.8016
-279.0	168.567	0.000684395	0.4975
-274.5	168.567	0.000465229	0.2551
-270.0	168.567	0.000174317	0.385
-265.5	168.567	0.000455764	0.3117
-261.0	168.567	0.00250428	0.8976
-256.5	168.567	0.00169058	0.7448
-252.0	168.567	0.00566375	0.8529
-247.5	168.567	0.00252093	0.5337
-243.0	168.567	0.0038126	0.6989
-238.5	168.567	0.0010196	0.3738
-234.0	168.567	0.00306345	0.6447
-229.5	168.567	0.00311708	0.4808
-225.0	168.567	0.000961104	0.5111
-220.5	168.567	0.000426301	0.2896
-216.0	168.567	0.00083906	0.6006
-211.5	168.567	0.001849	0.5226
-207.0	168.567	0.00321922	0.567
-202.5	168.567	0.00258501	0.7572
-198.0	168.567	0.00395676	0.6116
-193.5	168.567	0.00122778	0.2513
-189.0	168.567	0.0084191	0.3651
-184.5	168.567	0.0061361	0.4981
-180.0	168.567	0.0136513	0.4215
-175.5	168.567	0.00867875	0.5178
-171.0	168.567	0.0113689	0.4636
-166.5	168.567	0.00283007	0.3731
-162.0	168.567	0.00977446	0.4072
-157.5	168.567	0.00631861	0.3703
-153.0	168.567	0.00720939	0.3536
-148.5	168.567	0.00897634	0.4337
-144.0	168.567	0.00576979	0.5553
-139.5	168.567	0.0111536	0.3824
-135.0	168.567	0.00317021	0.5015
-130.5	168.567	0.0125285	0.3672
-126.0	168.567	0.00787137	0.4264
-121.5	168.567	0.00365165	0.3706
-117.0	168.567	0.0174594	0.3421
-112.5	168.567	0.0104943	0.3044
-108.0	168.567	0.0164125	0.2808
-103.5	168.567	0.011577	0.3624
-99.0	168.567	0.0114631	0.4241
-94.5	168.567	0.00526033	0.3695
-90.0	168.567	0.00942566	0.3147
-85.5	168.567	0.019493	0.3092
-81.0	168.567	0.0220225	0.2549
-76.5	168.567	0.0116299	0.4493
-72.0	168.567	0.0175064	0.2737
-67.5	168.567	0.0172082	0.2706
-63.0	168.567	0.0157778	0.2544
-58.5	168.567	0.0248864	0.2758
-54.0	168.567	0.0189146	0.267
-49.5	168.567	0.0176218	0.307
-45.0	168.567	0.0174468	0.2738
-40.5	168.567	0.0333428	0.2301
-36.0	168.567	0.00948454	0.3071
-31.5	168.567	0.016247	0.2723
-27.0	168.567	0.0173835	0.2763
-22.5	168.567	0.0211969	0.2448
-18.0	168.567	0.0257611	0.2578
-13.5	168.567	0.0170461	0.3321
-9.0	168.567	0.0197248	0.283
-4.5	168.567	0.027442	0.251
0.0	168.567	0.034697	0.2505
4.5	168.567	0.0295031	0.2511
9.0	168.567	0.0316151	0.255
13.5	168.567	0.0193729	0.2707
18.0	168.567	0.0173506	0.257
22.5	168.567	0.0253746	0.2217
27.0	168.567	0.0183163	0.2983
31.5	168.567	0.013301	0.2354
36.0	168.567	0.019849	0.2914
40.5	168.567	0.0189768	0.2397
45.0	168.567	0.0165285	0.3121
49.5	168.567	0.0165542	0.3039
54.0	168.567	0.0291134	0.2329
58.5	168.567	0.0153768	0.2908
63.0	168.567	0.019399	0.2866
67.5	168.567	0.0181094	0.3218
72.0	168.567	0.0187621	0.2636
76.5	168.567	0.0175869	0.2982
81.0	168.567	0.0100216	0.2538
85.5	168.567	0.0171382	0.2905
90.0	168.567	0.0203277	0.3005
94.5	168.567	0.0111714	0.3444
99.0	168.567	0.0170834	0.3085
103.5	168.567	0.0124176	0.3322
108.0	168.567	0.0149936	0.339
112.5	168.567	0.00914277	0.3343
117.0	168.567	0.0133958	0.3496
121.5	168.567	0.0132897	0.3062
126.0	168.567	0.00781596	0.3572
130.5	168.567	0.0075007	0.4348
135.0	168.567	0.00785958	0.3628
139.5	168.567	0.00803556	0.4293
144.0	168.567	0.00973419	0.494
148.5	168.567	0.0163584	0.3172
153.0	168.567	0.0155955	0.3394
157.5	168.567	0.00768819	0.3778
162.0	168.567	0.0119365	0.3551
166.5	168.567	0.00379576	0.5046
171.0	168.567	0.00403335	0.548
175.5	168.567	0.00802149	0.4315
180.0	168.567	0.00814221	0.6199
184.5	168.567	0.00766672	0.5409
189.0	168.567	0.00113014	0.1699
193.5	168.567	0.00545302	0.4406
198.0	168.567	0.00309916	0.5284
202.5	168.567	0.00634049	0.4556
207.0	168.567	0.0054731	0.4842
211.5	168.567	0.00954014	0.4048
216.0	168.567	0.00428851	0.4064
220.5	168.567	0.00447485	0.4811
225.0	168.567	0.00395902	0.6414
229.5	168.567	0.00369588	0.5495
234.0	168.567	0.000556085	0.2352
238.5	168.567	0.00324843	0.5734
243.0	168.567	0.00432422	0.4967
247.5	168.567	0.000999615	0.3187
252.0	168.567	0.00282443	0.5521
256.5	168.567	0.00381822	0.5904
261.0	168.567	0.000317535	0.2784
265.5	168.567	0.00594891	0.5355
270.0	168.567	0.00323092	0.4783
274.5	168.567	0.00511861	0.6849
279.0	168.567	0.000613595	0.331
283.5	168.567	0.00315958	0.6037
288.0	168.567	0.000457509	0.3042
292.5	168.567	0.000697434	0.3677
297.0	168.567	0.000387426	0.5067
301.5	168.567	0.000382917	0.2823
306.0	168.567	0.000502998	0.2512
310.5	168.567	0.00247886	0.916
315.0	168.567	0.000535802	0.5737
319.5	168.567	0.000477701	0.318
324.0	168.567	0.0003582	0.2953
328.5	168.567	0.000150357	0.5205
333.0	168.567	0.000226234	0.4971
337.5	168.567	0.000269498	0.3314
342.0	168.567	0.000244688	0.3566
346.5	168.567	0.000312193	0.3835
351.0	168.567	0.000738226	0.3506
355.5	168.567	0.00152907	0.7137
360.0	168.567	0.00289829	0.629
364.5	168.567	0.000109719	0.4653
369.0	168.567	0.000783611	0.8364
373.5	168.567	0.000162386	0.5249
378.0	168.567	5.12222e-05	0.7
382.5	168.567	0.000141213	0.4951
387.0	168.567	0.000131501	0.5164
391.5	168.567	0.000155961	0.6739
396.0	168.567	0.000105821	0.9752
400.5	168.567	0.0	0.0
405.0	168.567	7.36258e-05	0.7525
409.5	168.567	6.6413e-05	0.5878
414.0	168.567	4.63784e-05	0.7418
418.5	168.567	8.30073e-05	0.5719
423.0	168.567	9.7213e-05	0.7084
427.5	168.567	8.75984e-05	0.4693
432.0	168.567	4.81866e-05	0.7391
436.5	168.567	0.00064092	0.8715
441.0	168.567	8.12176e-05	0.5089
445.5	168.567	2.92851e-05	0.7508
-450.0	171.133	0.000135875	0.5648
-445.5	171.133	8.82421e-05	0.5451
-441.0	171.133	1.19879e-05	1.0
-436.5	171.133	0.000643479	0.8767
-432.0	171.133	3.82826e-05	0.7071
-427.5	171.133	5.68537e-05	0.6998
-423.0	171.133	8.16518e-05	0.6052
-418.5	171.133	5.79065e-05	0.8143
-414.0	171.133	4.54866e-05	1.0
-409.5	171.133	4.96311e-05	0.9203
-405.0	171.133	5.2693e-05	0.6236
-400.5	171.133	2.72386e-05	1.0
-396.0	171.133	6.97872e-05	0.7165
-391.5	171.133	0.000123525	0.5535
-387.0	171.133	0.000168207	0.5628
-382.5	171.133	0.000140984	0.4673
-378.0	171.133	0.000139626	0.499
-373.5	171.133	0.000110998	0.651
-369.0	171.133	0.000192741	0.4329
-364.5	171.133	0.00015377	0.4295
-360.0	171.133	0.000278683	0.3394
-355.5	171.133	0.00166227	0.8926
-351.0	171.133	0.000178798	0.4089
-346.5	171.133	0.000121908	0.4164
-342.0	171.133	0.00113091	0.6253
-337.5	171.133	0.000338379	0.3292
-333.0	171.133	0.000705081	0.65
-328.5	171.133	0.00155586	0.8674
-324.0	171.133	0.000174697	0.4083
-319.5	171.133	0.000171868	0.4125
-315.0	171.133	0.00012652	0.3703
-310.5	171.133	0.00013836	0.389
-306.0	171.133	0.00017022	0.4208
-301.5	171.133	0.000241033	0.3404
-297.0	171.133	0.00217326	0.6616
-292.5	171.133	0.00305518	0.7834
-288.0	171.133	0.000728639	0.3877
-283.5	171.133	0.000642197	0.7515
-279.0	171.133	0.000428101	0.2775
-274.5	171.133	0.000355614	0.3144
-270.0	171.133	0.00168944	0.8334
-265.5	171.133	0.00103506	0.5951
-261.0	171.133	0.000266438	0.3091
-256.5	171.133	0.00374528	0.8779
-252.0	171.133	0.000838497	0.5112
-247.5	171.133	0.00178426	0.6704
-243.0	171.133	0.00367971	0.5685
-238.5	171.133	0.00252357	0.7939
-234.0	171.133	0.00061933	0.2454
-229.5	171.133	0.000740792	0.2328
-225.0	171.133	0.000389678	0.3336
-220.5	171.133	0.00145589	0.5827
-216.0	171.133	0.00552317	0.6542
-211.5	171.133	0.00165902	0.6959
-207.0	171.133	0.00421895	0.5747
-202.5	171.133	0.00193445	0.7083
-198.0	171.133	0.00110898	0.2025
-193.5	171.133	0.00386081	0.3908
-189.0	171.133	0.00339426	0.6381
-184.5	171.133	0.00259955	0.5971
-180.0	171.133	0.0124292	0.4887
-175.5	171.133	0.00187046	0.4916
-171.0	171.133	0.00470855	0.7112
-166.5	171.133	0.0115869	0.48
-162.0	171.133	0.00317821	0.5275
-157.5	171.133	0.00756671	0.4627
-153.0	171.133	0.00394914	0.453
-148.5	171.133	0.01205	0.3607
-144.0	171.133	0.00456939	0.5304
-139.5	171.133	0.00438957	0.4333
-135.0	171.133	0.00291831	0.4358
-130.5	171.133	0.00531929	0.4424
-126.0	171.133	0.00789696	0.3964
-121.5	171.133	0.0032847	0.3456
-117.0	171.133	0.018047	0.2656
-112.5	171.133	0.0178955	0.2924
-108.0	171.133	0.00774429	0.3703
-103.5	171.133	0.010807	0.3635
-99.0	171.133	0.00902844	0.2988
-94.5	171.133	0.011255	0.3485
-90.0	171.133	0.00832769	0.3088
-85.5	171.133	0.0116611	0.3451
-81.0	171.133	0.0049942	0.3113
-76.5	171.133	0.0139854	0.38
-72.0	171.133	0.0168785	0.3258
-67.5	171.133	0.024241	0.2445
-63.0	171.133	0.0223255	0.2725
-58.5	171.133	0.018882	0.3225
-54.0	171.133	0.0199762	0.2751
-49.5	171.133	0.02056	0.2914
-45.0	171.133	0.0199284	0.2302
-40.5	171.133	0.0259712	0.2569
-36.0	171.133	0.0177327	0.2511
-31.5	171.133	0.0235016	0.3256
-27.0	171.133	0.021222	0.2635
-22.5	171.133	0.0138756	0.2159
-18.0	171.133	0.0261829	0.2766
-13.5	171.133	0.0234433	0.2485
-9.0	171.133	0.0165913	0.2861
-4.5	171.133	0.0234359	0.2633
0.0	171.133	0.0184403	0.2784
4.5	171.133	0.0206817	0.286
9.0	171.133	0.0205168	0.2392
13.5	171.133	0.0170337	0.2643
18.0	171.133	0.0260161	0.2546
22.5	171.133	0.0179458	0.276
27.0	171.133	0.0203375	0.2444
31.5	171.133	0.0206888	0.2841
36.0	171.133	0.0207555	0.2904
40.5	171.133	0.0225203	0.2447
45.0	171.133	0.0127827	0.2966
49.5	171.133	0.0173129	0.3023
54.0	171.133	0.0201805	0.2667
58.5	171.133	0.0218022	0.2793
63.0	171.133	0.0137929	0.2861
67.5	171.133	0.0225515	0.2689
72.0	171.133	0.015038	0.3205
76.5	171.133	0.019659	0.2837
81.0	171.133	0.0153211	0.2874
85.5	171.133	0.0106877	0.2692
90.0	171.133	0.0186562	0.2965
94.5	171.133	0.0212156	0.3039
99.0	171.133	0.0124385	0.3297
103.5	171.133	0.0198527	0.2792
108.0	171.133	0.0137456	0.3726
112.5	171.133	0.0132313	0.336
117.0	171.133	0.00902332	0.3601
121.5	171.133	0.0108115	0.3488
126.0	171.133	0.00815476	0.3033
130.5	171.133	0.0134179	0.3791
135.0	171.133	0.00699	0.45
139.5	171.133	0.00948237	0.3382
144.0	171.133	0.00806523	0.4084
148.5	171.133	0.0122567	0.3644
153.0	171.133	0.00551175	0.471
157.5	171.133	0.00184558	0.4016
162.0	171.133	0.00686222	0.4496
166.5	171.133	0.00358347	0.5695
171.0	171.133	0.00547696	0.4015
175.5	171.133	0.0137711	0.3707
180.0	171.133	0.00707987	0.4223
184.5	171.133	0.00295182	0.4886
189.0	171.133	0.00430129	0.5588
193.5	171.133	0.00232071	0.6385
198.0	171.133	0.0026641	0.5807
202.5	171.133	0.00702567	0.4433
207.0	171.133	0.00366411	0.7513
211.5	171.133	0.00181053	0.5475
216.0	171.133	0.00837484	0.409
220.5	171.133	0.00413127	0.5854
225.0	171.133	0.0028137	0.5502
229.5	171.133	0.00352411	0.4934
234.0	171.133	0.000853079	0.4587
238.5	171.133	0.000896604	0.459
243.0	171.133	0.00540604	0.5415
247.5	171.133	0.00179006	0.6904
252.0	171.133	0.000474651	0.2678
256.5	171.133	0.00114522	0.7561
261.0	171.133	0.00244159	0.5813
265.5	171.133	0.00275519	0.6342
270.0	171.133	0.00278052	0.6656
274.5	171.133	0.00453133	0.5581
279.0	171.133	0.00333442	0.6836
283.5	171.133	0.0025816	0.7914
288.0	171.133	0.000590789	0.3582
292.5	171.133	0.00274898	0.7726
297.0	171.133	0.00053444	0.3582
301.5	171.133	0.00108246	0.7748
306.0	171.133	0.000271027	0.3114
310.5	171.133	0.000666893	0.6365
315.0	171.133	0.000291143	0.3675
319.5	171.133	0.00235815	0.6934
324.0	171.133	0.000199565	0.3275
328.5	171.133	0.000197096	0.3816
333.0	171.133	0.000356585	0.2673
337.5	171.133	0.000257345	0.4431
342.0	171.133	6.33193e-05	0.5814
346.5	171.133	6.13323e-05	0.7296
351.0	171.133	0.000269221	0.3425
355.5	171.133	0.000322442	0.3829
360.0	171.133	0.00392913	0.5094
364.5	171.133	0.00240793	0.7816
369.0	171.133	0.000231075	0.404
373.5	171.133	0.000914966	0.8286
378.0	171.133	0.000202901	0.7118
382.5	171.133	0.000808336	0.8732
387.0	171.133	0.00339748	0.9597
391.5	171.133	0.000160654	0.5194
396.0	171.133	6.90835e-05	0.682
400.5	171.133	0.000116398	1.0
405.0	171.133	8.28567e-05	0.8517
409.5	171.133	0.0	0.0
414.0	171.133	6.02254e-05	0.5221
418.5	171.133	0.00171303	0.9402
423.0	171.133	0.000136706	0.5573
427.5	171.133	0.000160898	0.4298
432.0	171.133	7.0505e-05	0.5819
436.5	171.133	7.17687e-06	1.0
441.0	171.133	0.000123066	0.4362
445.5	171.133	6.81322e-05	0.5644
-450.0	173.7	1.69693e-05	1.0
-445.5	173.7	1.14456e-05	1.0
-441.0	173.7	5.68609e-05	0.5907
-436.5	173.7	2.40594e-05	0.6054
-432.0	173.7	7.66808e-05	0.5825
-427.5	173.7	7.41915e-05	0.7636
-423.0	173.7	9.01163e-05	0.5672
-418.5	173.7	3.92349e-05	0.5568
-414.0	173.7	2.11397e-05	1.0
-409.5	173.7	4.37914e-05	1.0
-405.0	173.7	5.03965e-05	0.9374
-400.5	173.7	3.51062e-05	0.7185
-396.0	173.7	0.001095	0.9895
-391.5	173.7	1.5538e-05	1.0
-387.0	173.7	5.93037e-05	0.6985
-382.5	173.7	0.0001356	0.5798
-378.0	173.7	0.000150686	0.4766
-373.5	173.7	0.000108851	0.4965
-369.0	173.7	0.000123638	0.4969
-364.5	173.7	0.000117348	0.3976
-360.0	173.7	0.000307858	0.4483
-355.5	173.7	6.61176e-05	0.6059
-351.0	173.7	7.60562e-05	0.5076
-346.5	173.7	0.000307116	0.6185
-342.0	173.7	0.00165251	0.6915
-337.5	173.7	0.000175774	0.494
-333.0	173.7	0.00110759	0.6681
-328.5	173.7	0.000310533	0.3232
-324.0	173.7	0.000229284	0.3505
-319.5	173.7	0.000211558	0.3721
-315.0	173.7	0.000223243	0.3477
-310.5	173.7	0.000253889	0.3434
-306.0	173.7	0.0022798	0.9005
-301.5	173.7	0.000837562	0.7105
-297.0	173.7	0.00242002	0.8707
-292.5	173.7	0.000775725	0.6507
-288.0	173.7	0.000538072	0.4974
-283.5	173.7	0.000331966	0.3538
-279.0	173.7	0.000480653	0.2976
-274.5	173.7	0.000410308	0.2736
-270.0	173.7	0.00121054	0.4652
-265.5	173.7	0.00159631	0.6311
-261.0	173.7	0.000334239	0.2879
-256.5	173.7	0.000448716	0.3174
-252.0	173.7	0.000302468	0.3493
-247.5	173.7	0.00315859	0.6198
-243.0	173.7	0.0035346	0.7639
-238.5	173.7	0.000504866	0.2418
-234.0	173.7	0.000438826	0.257
-229.5	173.7	0.00163464	0.4664
-225.0	173.7	0.000270783	0.3189
-220.5	173.7	0.00510379	0.6554
-216.0	173.7	0.0021354	0.444
-211.5	173.7	0.00309295	0.5884
-207.0	173.7	0.00146056	0.6546
-202.5	173.7	0.00087704	0.2876
-198.0	173.7	0.000778004	0.2583
-193.5	173.7	0.0020461	0.5788
-189.0	173.7	0.00499868	0.4336
-184.5	173.7	0.00601523	0.5234
-180.0	173.7	0.00911342	0.4189
-175.5	173.7	0.00725945	0.4653
-171.0	173.7	0.00548941	0.4798
-166.5	173.7	0.00350832	0.4129
-162.0	173.7	0.00617813	0.4762
-157.5	173.7	0.0065758	0.4988
-153.0	173.7	0.00317765	0.3771
-148.5	173.7	0.00996454	0.3895
-144.0	173.7	0.00287452	0.4436
-139.5	173.7	0.00420301	0.4149
-135.0	173.7	0.00846835	0.3796
-130.5	173.7	0.00349893	0.4438
-126.0	173.7	0.0111942	0.3838
-121.5	173.7	0.00782512	0.3343
-117.0	173.7	0.0110931	0.4103
-112.5	173.7	0.012532	0.3469
-108.0	173.7	0.012233	0.3116
-103.5	173.7	0.00547855	0.3993
-99.0	173.7	0.0186297	0.3105
-94.5	173.7	0.00953543	0.3096
-90.0	173.7	0.00911074	0.3492
-85.5	173.7	0.00778182	0.3763
-81.0	173.7	0.0123794	0.2997
-76.5	173.7	0.0139449	0.2715
-72.0	173.7	0.0121217	0.358
-67.5	173.7	0.0128091	0.2883
-63.0	173.7	0.0187448	0.2763
-58.5	173.7	0.0195888	0.3222
-54.0	173.7	0.0156681	0.3538
-49.5	173.7	0.0294414	0.2296
-45.0	173.7	0.0279303	0.2413
-40.5	173.7	0.0277625	0.2916
-36.0	173.7	0.020576	0.2672
-31.5	173.7	0.0166647	0.2899
-27.0	173.7	0.0135702	0.3456
-22.5	173.7	0.0114467	0.2724
-18.0	173.7	0.0194041	0.3678
-13.5	173.7	0.0184098	0.3698
-9.0	173.7	0.0246309	0.2843
-4.5	173.7	0.016455	0.2638
0.0	173.7	0.0287833	0.2361
4.5	173.7	0.0204052	0.2735
9.0	173.7	0.0254997	0.2579
13.5	173.7	0.0175305	0.2579
18.0	173.7	0.0181139	0.3279
22.5	173.7	0.0214805	0.2467
27.0	173.7	0.0211073	0.2747
31.5	173.7	0.0189479	0.2515
36.0	173.7	0.0156591	0.2647
40.5	173.7	0.0199783	0.3149
45.0	173.7	0.0217803	0.2578
49.5	173.7	0.00621042	0.3618
54.0	173.7	0.0167052	0.2629
58.5	173.7	0.0221833	0.2802
63.0	173.7	0.0207767	0.2582
67.5	173.7	0.0175577	0.2878
72.0	173.7	0.0129615	0.3516
76.5	173.7	0.0123623	0.3356
81.0	173.7	0.0164463	0.392
85.5	173.7	0.0115434	0.3368
90.0	173.7	0.0157843	0.3184
94.5	173.7	0.011039	0.3946
99.0	173.7	0.022486	0.288
103.5	173.7	0.0155376	0.3214
108.0	173.7	0.0156282	0.3828
112.5	173.7	0.013541	0.3707
117.0	173.7	0.0107198	0.4337
121.5	173.7	0.00685055	0.4065
126.0	173.7	0.00818363	0.4172
130.5	173.7	0.00408644	0.3835
135.0	173.7	0.0107495	0.3689
139.5	173.7	0.00733745	0.4757
144.0	173.7	0.00692904	0.4335
148.5	173.7	0.00490895	0.3502
153.0	173.7	0.00280803	0.4343
157.5	173.7	0.00596806	0.4169
162.0	173.7	0.00175363	0.3485
166.5	173.7	0.0036374	0.3582
171.0	173.7	0.00195363	0.4409
175.5	173.7	0.0111531	0.4203
180.0	173.7	0.00627134	0.627
184.5	173.7	0.00546569	0.4103
189.0	173.7	0.0042812	0.4876
193.5	173.7	0.00406803	0.4943
198.0	173.7	0.00428798	0.5351
202.5	173.7	0.00247818	0.5048
207.0	173.7	0.00248366	0.6027
211.5	173.7	0.00257623	0.7816
216.0	173.7	0.00176687	0.3095
220.5	173.7	0.00325879	0.5412
225.0	173.7	0.000540759	0.2728
229.5	173.7	0.00377162	0.4116
234.0	173.7	0.00168529	0.6304
238.5	173.7	0.0012772	0.6337
243.0	173.7	0.00524909	0.5298
247.5	173.7	0.00236874	0.6314
252.0	173.7	0.00344844	0.6412
256.5	173.7	0.000570325	0.219
261.0	173.7	0.00142895	0.5014
265.5	173.7	0.00222969	0.5508
270.0	173.7	0.00361711	0.7229
274.5	173.7	0.00300888	0.6203
279.0	173.7	0.00161794	0.604
283.5	173.7	0.000642807	0.4646
288.0	173.7	0.000402515	0.2843
292.5	173.7	0.00109483	0.6606
297.0	173.7	0.000553159	0.244
301.5	173.7	0.00679608	0.7232
306.0	173.7	0.00053407	0.5097
310.5	173.7	0.00109146	0.7611
315.0	173.7	0.00217597	0.8684
319.5	173.7	0.000352685	0.2883
324.0	173.7	0.000310451	0.3657
328.5	173.7	0.000181215	0.3604
333.0	173.7	0.000326978	0.3175
337.5	173.7	0.000303569	0.3152
342.0	173.7	0.000194533	0.3623
346.5	173.7	0.000238508	0.6727
351.0	173.7	0.000232193	0.3461
355.5	173.7	0.000136172	0.541
360.0	173.7	0.0011625	0.9077
364.5	173.7	0.00122273	0.4736
369.0	173.7	0.00067247	0.7439
373.5	173.7	0.00217691	0.9559
378.0	173.7	0.000206224	0.6526
382.5	173.7	0.000345768	0.7984
387.0	173.7	0.00125149	0.9667
391.5	173.7	0.00475111	0.6931
396.0	173.7	0.000189037	0.5858
400.5	173.7	5.01891e-05	0.8797
405.0	173.7	7.59497e-05	0.6847
409.5	173.7	0.000155939	0.7883
414.0	173.7	6.95519e-05	0.6614
418.5	173.7	1.8351e-05	1.0
423.0	173.7	0.00010964	0.5167
427.5	173.7	0.00016646	0.4319
432.0	173.7	0.00010664	0.5889
436.5	173.7	0.000877795	0.9372
441.0	173.7	0.000453565	0.8555
445.5	173.7	0.00132576	0.8548
-450.0	176.267	0.0	0.0
-445.5	176.267	6.51221e-05	0.7071
-441.0	176.267	7.98915e-05	0.7062
-436.5	176.267	7.0318e-05	0.7703
-432.0	176.267	1.91411e-05	1.0
-427.5	176.267	0.0	0.0
-423.0	176.267	5.99984e-05	1.0
-418.5	176.267	0.00140351	0.9861
-414.0	176.267	0.000826733	0.8269
-409.5	176.267	0.000126877	0.6148
-405.0	176.267	9.10519e-06	0.7251
-400.5	176.267	4.81274e-05	0.854
-396.0	176.267	0.000634356	0.9786
-391.5	176.267	0.00129013	0.9701
-387.0	176.267	0.000118208	0.5067
-382.5	176.267	5.85786e-05	0.8331
-378.0	176.267	0.000146734	0.5807
-373.5	176.267	5.27527e-05	0.9042
-369.0	176.267	8.68343e-05	0.593
-364.5	176.267	0.000504155	0.7693
-360.0	176.267	4.4999e-05	0.7377
-355.5	176.267	6.76572e-05	0.5059
-351.0	176.267	0.00326747	0.7047
-346.5	176.267	0.00188076	0.8652
-342.0	176.267	0.000155981	0.3388
-337.5	176.267	0.000306968	0.5739
-333.0	176.267	0.00156506	0.8683
-328.5	176.267	0.00197383	0.8707
-324.0	176.267	0.000155293	0.4725
-319.5	176.267	0.000202916	0.3473
-315.0	176.267	0.000345927	0.3063
-310.5	176.267	0.00143244	0.8009
-306.0	176.267	0.00122069	0.8954
-301.5	176.267	0.000172936	0.3726
-297.0	176.267	0.000401571	0.3484
-292.5	176.267	0.00132209	0.6672
-288.0	176.267	0.000364823	0.3768
-283.5	176.267	0.00042361	0.2727
-279.0	176.267	0.000301446	0.2783
-274.5	176.267	0.000327956	0.3488
-270.0	176.267	0.00198411	0.645
-265.5	176.267	0.000440572	0.2655
-261.0	176.267	0.00053303	0.255
-256.5	176.267	0.00122725	0.7506
-252.0	176.267	0.00174114	0.6624
-247.5	176.267	0.00334638	0.6853
-243.0	176.267	0.00230471	0.581
-238.5	176.267	0.000795362	0.5238
-234.0	176.267	0.00307304	0.79
-229.5	176.267	0.00213567	0.7027
-225.0	176.267	0.00257234	0.8674
-220.5	176.267	0.00180936	0.663
-216.0	176.267	0.00369919	0.5012
-211.5	176.267	0.00369607	0.5748
-207.0	176.267	0.00233687	0.5743
-202.5	176.267	0.00498243	0.5217
-198.0	176.267	0.00572465	0.6004
-193.5	176.267	0.00694454	0.5541
-189.0	176.267	0.00166099	0.518
-184.5	176.267	0.00277356	0.5608
-180.0	176.267	0.00349855	0.5454
-175.5	176.267	0.00624914	0.5679
-171.0	176.267	0.00544831	0.398
-166.5	176.267	0.00355084	0.5526
-162.0	176.267	0.00399416	0.5027
-157.5	176.267	0.00236354	0.5326
-153.0	176.267	0.00322115	0.4164
-148.5	176.267	0.00431146	0.475
-144.0	176.267	0.00386207	0.3645
-139.5	176.267	0.00482648	0.4919
-135.0	176.267	0.00532444	0.3632
-130.5	176.267	0.00374604	0.3809
-126.0	176.267	0.0143383	0.3458
-121.5	176.267	0.00865003	0.4229
-117.0	176.267	0.00934438	0.3443
-112.5	176.267	0.00853961	0.4722
-108.0	176.267	0.0103468	0.4297
-103.5	176.267	0.00511647	0.3904
-99.0	176.267	0.0103333	0.343
-94.5	176.267	0.00456543	0.3662
-90.0	176.267	0.00777238	0.3508
-85.5	176.267	0.00944921	0.3585
-81.0	176.267	0.00950806	0.3178
-76.5	176.267	0.00844117	0.2648
-72.0	176.267	0.0104187	0.3916
-67.5	176.267	0.00938291	0.3996
-63.0	176.267	0.0147009	0.3274
-58.5	176.267	0.0217171	0.3277
-54.0	176.267	0.0119307	0.3006
-49.5	176.267	0.0172876	0.2858
-45.0	176.267	0.0148761	0.3113
-40.5	176.267	0.0257145	0.266
-36.0	176.267	0.0221295	0.2879
-31.5	176.267	0.0168486	0.3043
-27.0	176.267	0.0274605	0.2737
-22.5	176.267	0.0297882	0.2749
-18.0	176.267	0.0215573	0.2581
-13.5	176.267	0.0176702	0.3187
-9.0	176.267	0.0179523	0.2709
-4.5	176.267	0.0210641	0.2336
0.0	176.267	0.0160908	0.2713
4.5	176.267	0.0308959	0.2261
9.0	176.267	0.0251157	0.2516
13.5	176.267	0.0237624	0.2577
18.0	176.267	0.0143032	0.2729
22.5	176.267	0.0180081	0.2919
27.0	176.267	0.0154177	0.2635
31.5	176.267	0.0255423	0.2628
36.0	176.267	0.0148542	0.2871
40.5	176.267	0.0167806	0.3067
45.0	176.267	0.0160297	0.3296
49.5	176.267	0.0179489	0.2835
54.0	176.267	0.0088473	0.3292
58.5	176.267	0.0111183	0.3113
63.0	176.267	0.0262395	0.2398
67.5	176.267	0.00621609	0.3286
72.0	176.267	0.0220698	0.3149
76.5	176.267	0.00685951	0.346
81.0	176.267	0.0112418	0.2999
85.5	176.267	0.020313	0.2814
90.0	176.267	0.00919979	0.4227
94.5	176.267	0.00562507	0.4258
99.0	176.267	0.0162417	0.2974
103.5	176.267	0.00957276	0.343
108.0	176.267	0.00823229	0.4763
112.5	176.267	0.0150959	0.4274
117.0	176.267	0.007988	0.3634
121.5	176.267	0.00894006	0.3252
126.0	176.267	0.00544891	0.3848
130.5	176.267	0.00644362	0.4631
135.0	176.267	0.00699131	0.3648
139.5	176.267	0.0146845	0.362
144.0	176.267	0.00448079	0.395
148.5	176.267	0.00652273	0.4304
153.0	176.267	0.0061651	0.3402
157.5	176.267	0.00863998	0.4033
162.0	176.267	0.00215062	0.3978
166.5	176.267	0.00258326	0.5839
171.0	176.267	0.00268373	0.4875
175.5	176.267	0.00410383	0.5854
180.0	176.267	0.00854984	0.4256
184.5	176.267	0.00565791	0.5818
189.0	176.267	0.0029938	0.3838
193.5	176.267	0.00470193	0.4318
198.0	176.267	0.000837386	0.1763
202.5	176.267	0.000770217	0.2055
207.0	176.267	0.0011718	0.3967
211.5	176.267	0.00774089	0.5108
216.0	176.267	0.0012508	0.61
220.5	176.267	0.00778509	0.4126
225.0	176.267	0.00630675	0.4787
229.5	176.267	0.00396716	0.6047
234.0	176.267	0.00162676	0.4918
238.5	176.267	0.00529714	0.6971
243.0	176.267	0.00039156	0.2682
247.5	176.267	0.00297712	0.7131
252.0	176.267	0.00265318	0.8722
256.5	176.267	0.00178804	0.798
261.0	176.267	0.000736311	0.5067
265.5	176.267	0.000650476	0.3088
270.0	176.267	0.000370357	0.3011
274.5	176.267	0.00549703	0.5289
279.0	176.267	0.00255856	0.8626
283.5	176.267	0.00436979	0.5753
288.0	176.267	0.00298795	0.5371
292.5	176.267	0.00552123	0.559
297.0	176.267	0.00235263	0.6998
301.5	176.267	0.00147515	0.4925
306.0	176.267	0.00109565	0.7535
310.5	176.267	0.000550746	0.4171
315.0	176.267	0.000216027	0.369
319.5	176.267	0.000446692	0.3202
324.0	176.267	0.00141752	0.6117
328.5	176.267	0.00151381	0.91
333.0	176.267	0.000153224	0.4171
337.5	176.267	0.000254014	0.4102
342.0	176.267	0.00109315	0.89
346.5	176.267	0.00133398	0.8854
351.0	176.267	0.000108647	0.5285
355.5	176.267	8.83348e-05	0.4816
360.0	176.267	0.00126689	0.8906
364.5	176.267	0.00160392	0.8852
369.0	176.267	0.000102051	0.469
373.5	176.267	0.000681714	0.8037
378.0	176.267	0.000987921	0.9859
382.5	176.267	9.85635e-05	0.6739
387.0	176.267	6.40152e-05	0.8102
391.5	176.267	0.0026795	0.9878
396.0	176.267	0.00128372	0.8381
400.5	176.267	8.22694e-05	0.7996
405.0	176.267	0.00123688	0.9439
409.5	176.267	4.25328e-05	0.7164
414.0	176.267	0.000106834	0.7453
418.5	176.267	7.18425e-05	1.0
423.0	176.267	2.17048e-05	0.7968
427.5	176.267	0.00101403	0.8613
432.0	176.267	0.000188509	0.4736
436.5	176.267	0.00213942	0.9202
441.0	176.267	0.000236955	0.3617
445.5	176.267	0.000142474	0.4465
-450.0	178.833	1.35607e-05	1.0
-445.5	178.833	4.50373e-05	0.7254
-441.0	178.833	2.89002e-05	0.7856
-436.5	178.833	7.34987e-05	0.632
-432.0	178.833	3.67778e-05	0.6127
-427.5	178.833	0.0	0.0
-423.0	178.833	0.00145327	0.9707
-418.5	178.833	0.00104142	0.8664
-414.0	178.833	8.2873e-05	0.6989
-409.5	178.833	2.06994e-06	1.0
-405.0	178.833	0.0	0.0
-400.5	178.833	8.02229e-05	0.7207
-396.0	178.833	3.45449e-05	0.8823
-391.5	178.833	0.000202702	0.5292
-387.0	178.833	0.0014785	0.9171
-382.5	178.833	0.000108878	0.6364
-378.0	178.833	0.000709372	0.9087
-373.5	178.833	0.00121995	0.9114
-369.0	178.833	9.08017e-05	0.5151
-364.5	178.833	0.000201822	0.4069
-360.0	178.833	7.08075e-05	0.5985
-355.5	178.833	0.000153787	0.494
-351.0	178.833	0.00021991	0.4055
-346.5	178.833	0.000279715	0.304
-342.0	178.833	0.000189045	0.3535
-337.5	178.833	0.000753659	0.7322
-333.0	178.833	0.000357802	0.3128
-328.5	178.833	0.000136564	0.4095
-324.0	178.833	0.000136628	0.4528
-319.5	178.833	0.00030486	0.2877
-315.0	178.833	0.000259249	0.3068
-310.5	178.833	0.000268264	0.3454
-306.0	178.833	0.000379152	0.416
-301.5	178.833	0.00135588	0.9019
-297.0	178.833	0.00194683	0.9036
-292.5	178.833	0.00060805	0.2418
-288.0	178.833	0.000758228	0.614
-283.5	178.833	0.00195109	0.869
-279.0	178.833	0.000480783	0.2653
-274.5	178.833	0.000471437	0.2886
-270.0	178.833	0.00224545	0.6206
-265.5	178.833	0.000411978	0.2763
-261.0	178.833	0.00067209	0.3409
-256.5	178.833	0.000339968	0.3164
-252.0	178.833	0.000599015	0.6473
-247.5	178.833	0.0101896	0.4491
-243.0	178.833	0.00200001	0.496
-238.5	178.833	0.00137744	0.5726
-234.0	178.833	0.000802497	0.5443
-229.5	178.833	0.00338007	0.5764
-225.0	178.833	0.00386136	0.5936
-220.5	178.833	0.00392964	0.5466
-216.0	178.833	0.00237776	0.5216
-211.5	178.833	0.00269035	0.5901
-207.0	178.833	0.00105949	0.4881
-202.5	178.833	0.00147553	0.4135
-198.0	178.833	0.00647033	0.446
-193.5	178.833	0.00293492	0.5373
-189.0	178.833	0.000450128	0.246
-184.5	178.833	0.00152396	0.4167
-180.0	178.833	0.00505543	0.4929
-175.5	178.833	0.00263664	0.4745
-171.0	178.833	0.00674966	0.3884
-166.5	178.833	0.00400315	0.5617
-162.0	178.833	0.00283188	0.3716
-157.5	178.833	0.00635335	0.4358
-153.0	178.833	0.00316232	0.477
-148.5	178.833	0.00789422	0.4577
-144.0	178.833	0.00911396	0.342
-139.5	178.833	0.00192273	0.5032
-135.0	178.833	0.00731161	0.4491
-130.5	178.833	0.0096203	0.3448
-126.0	178.833	0.00605387	0.3825
-121.5	178.833	0.0159209	0.3214
-117.0	178.833	0.00421616	0.3837
-112.5	178.833	0.0118454	0.3867
-108.0	178.833	0.004513	0.4118
-103.5	178.833	0.00967434	0.3614
-99.0	178.833	0.00824051	0.4289
-94.5	178.833	0.0105506	0.466
-90.0	178.833	0.0138247	0.3412
-85.5	178.833	0.00938911	0.3834
-81.0	178.833	0.0190131	0.2852
-76.5	178.833	0.019846	0.3159
-72.0	178.833	0.00283034	0.2282
-67.5	178.833	0.0180263	0.3359
-63.0	178.833	0.0122942	0.3662
-58.5	178.833	0.00861974	0.3193
-54.0	178.833	0.0141265	0.3038
-49.5	178.833	0.0130509	0.3159
-45.0	178.833	0.0211013	0.2624
-40.5	178.833	0.0181368	0.2929
-36.0	178.833	0.0167842	0.3403
-31.5	178.833	0.0210889	0.2955
-27.0	178.833	0.0236827	0.2958
-22.5	178.833	0.0173939	0.2934
-18.0	178.833	0.0124343	0.3377
-13.5	178.833	0.0151951	0.3565
-9.0	178.833	0.017724	0.2977
-4.5	178.833	0.0215584	0.2579
0.0	178.833	0.0201784	0.2957
4.5	178.833	0.0222609	0.2889
9.0	178.833	0.00768875	0.2971
13.5	178.833	0.0156037	0.3029
18.0	178.833	0.0213093	0.2952
22.5	178.833	0.0197571	0.2672
27.0	178.833	0.0210254	0.2298
31.5	178.833	0.01748	0.3082
36.0	178.833	0.0187918	0.2654
40.5	178.833	0.0119725	0.2969
45.0	178.833	0.0116783	0.2803
49.5	178.833	0.0218071	0.2682
54.0	178.833	0.0104593	0.3107
58.5	178.833	0.0111165	0.3664
63.0	178.833	0.0179015	0.2869
67.5	178.833	0.0128403	0.3482
72.0	178.833	0.0075531	0.3517
76.5	178.833	0.0142467	0.3195
81.0	178.833	0.00843364	0.3915
85.5	178.833	0.0127765	0.3554
90.0	178.833	0.0110531	0.3269
94.5	178.833	0.00603539	0.3012
99.0	178.833	0.0172308	0.3075
103.5	178.833	0.0114103	0.3906
108.0	178.833	0.00602757	0.4266
112.5	178.833	0.0149393	0.3187
117.0	178.833	0.0131431	0.348
121.5	178.833	0.01423	0.3027
126.0	178.833	0.00647546	0.3672
130.5	178.833	0.00405996	0.4592
135.0	178.833	0.00586677	0.4843
139.5	178.833	0.0075863	0.42
144.0	178.833	0.00697688	0.4209
148.5	178.833	0.00692191	0.4536
153.0	178.833	0.0110535	0.4473
157.5	178.833	0.00403507	0.4572
162.0	178.833	0.0031724	0.4156
166.5	178.833	0.00224613	0.3104
171.0	178.833	0.00168511	0.4278
175.5	178.833	0.00186868	0.4034
180.0	178.833	0.00739302	0.3857
184.5	178.833	0.00315047	0.5777
189.0	178.833	0.00123004	0.3272
193.5	178.833	0.00353363	0.474
198.0	178.833	0.00344486	0.748
202.5	178.833	0.00217331	0.7588
207.0	178.833	0.00373456	0.4861
211.5	178.833	0.00247407	0.6465
216.0	178.833	0.00302272	0.7886
220.5	178.833	0.00409061	0.5687
225.0	178.833	0.00439032	0.6118
229.5	178.833	0.00417518	0.4643
234.0	178.833	0.00122762	0.5994
238.5	178.833	0.00183092	0.5425
243.0	178.833	0.000689151	0.265
247.5	178.833	0.0052555	0.6732
252.0	178.833	0.00236811	0.5762
256.5	178.833	0.000488636	0.2686
261.0	178.833	0.00124218	0.8629
265.5	178.833	0.00103304	0.5849
270.0	178.833	0.000375142	0.2793
274.5	178.833	0.000905327	0.6648
279.0	178.833	0.00249311	0.5945
283.5	178.833	0.000488614	0.2504
288.0	178.833	0.00223218	0.8915
292.5	178.833	0.00350522	0.5883
297.0	178.833	0.000436788	0.2873
301.5	178.833	0.00578254	0.7422
306.0	178.833	0.000220055	0.353
310.5	178.833	0.000234476	0.3689
315.0	178.833	0.00122712	0.7567
319.5	178.833	0.000257647	0.3487
324.0	178.833	0.00225296	0.8903
328.5	178.833	0.00164017	0.8077
333.0	178.833	0.000551436	0.5559
337.5	178.833	0.000316041	0.3319
342.0	178.833	0.0031107	0.895
346.5	178.833	0.00394321	0.8991
351.0	178.833	0.00131735	0.8757
355.5	178.833	0.000109644	0.5821
360.0	178.833	0.000156002	0.4838
364.5	178.833	0.00158279	0.8971
369.0	178.833	0.000155068	0.5132
373.5	178.833	6.76833e-05	0.6275
378.0	178.833	1.58987e-05	0.6799
382.5	178.833	6.02946e-05	0.7099
387.0	178.833	0.000102747	0.7072
391.5	178.833	4.99844e-05	0.9629
396.0	178.833	0.00553902	0.7418
400.5	178.833	0.000103394	0.6201
405.0	178.833	0.000728761	0.8184
409.5	178.833	0.000144628	0.6168
414.0	178.833	6.51224e-05	0.8405
418.5	178.833	5.21729e-05	0.8199
423.0	178.833	0.000286317	0.851
427.5	178.833	4.73587e-05	1.0
432.0	178.833	5.46789e-05	0.6569
436.5	178.833	0.00141963	0.9511
441.0	178.833	0.000189063	0.4852
445.5	178.833	0.00013797	0.5769
-450.0	181.4	6.63584e-06	1.0
-445.5	181.4	5.43767e-05	0.7122
-441.0	181.4	6.47248e-05	0.7077
-436.5	181.4	6.56894e-06	1.0
-432.0	181.4	8.01971e-05	0.6401
-427.5	181.4	0.00156009	0.9222
-423.0	181.4	0.00108609	0.8095
-418.5	181.4	5.65935e-05	0.6723
-414.0	181.4	0.0	0.0
-409.5	181.4	0.0	0.0
-405.0	181.4	1.53905e-05	1.0
-400.5	181.4	6.4774e-05	0.7275
-396.0	181.4	0.000163129	0.5213
-391.5	181.4	8.81016e-05	0.5818
-387.0	181.4	0.000122459	0.6002
-382.5	181.4	3.02477e-05	0.6818
-378.0	181.4	0.000151655	0.5371
-373.5	181.4	1.84846e-05	1.0
-369.0	181.4	0.000149307	0.4672
-364.5	181.4	0.000243564	0.3552
-360.0	181.4	0.000163034	0.4107
-355.5	181.4	0.000100397	0.5222
-351.0	181.4	0.000142367	0.4233
-346.5	181.4	7.73744e-05	0.5555
-342.0	181.4	2.54987e-05	0.7219
-337.5	181.4	0.000320753	0.3633
-333.0	181.4	0.000206632	0.3401
-328.5	181.4	0.000103894	0.413
-324.0	181.4	0.00270577	0.8644
-319.5	181.4	0.00278252	0.9267
-315.0	181.4	0.00141733	0.8547
-310.5	181.4	0.000204686	0.4241
-306.0	181.4	0.00143274	0.6671
-301.5	181.4	0.000278388	0.2856
-297.0	181.4	0.00281593	0.8966
-292.5	181.4	0.000423935	0.3012
-288.0	181.4	0.00020391	0.3195
-283.5	181.4	0.000504522	0.491
-279.0	181.4	0.00022709	0.3709
-274.5	181.4	0.00021093	0.3523
-270.0	181.4	0.00019671	0.399
-265.5	181.4	0.00103567	0.5691
-261.0	181.4	0.000595114	0.2371
-256.5	181.4	0.00224224	0.8025
-252.0	181.4	0.00322397	0.8455
-247.5	181.4	0.00212385	0.5342
-243.0	181.4	0.00186265	0.5061
-238.5	181.4	0.000766202	0.4013
-234.0	181.4	0.00449503	0.7795
-229.5	181.4	0.00640433	0.6382
-225.0	181.4	0.00259395	0.539
-220.5	181.4	0.00169565	0.5513
-216.0	181.4	0.00260117	0.4256
-211.5	181.4	0.00382033	0.6174
-207.0	181.4	0.000540288	0.2448
-202.5	181.4	0.0012849	0.5278
-198.0	181.4	0.00103664	0.4171
-193.5	181.4	0.000496818	0.2296
-189.0	181.4	0.000645055	0.222
-184.5	181.4	0.00922885	0.4961
-180.0	181.4	0.00126935	0.2852
-175.5	181.4	0.00545646	0.4033
-171.0	181.4	0.0102635	0.3467
-166.5	181.4	0.00416362	0.5709
-162.0	181.4	0.0065199	0.4398
-157.5	181.4	0.00332711	0.5235
-153.0	181.4	0.00633528	0.4063
-148.5	181.4	0.00885268	0.4376
-144.0	181.4	0.00644446	0.3981
-139.5	181.4	0.00765175	0.4558
-135.0	181.4	0.0102711	0.495
-130.5	181.4	0.00728646	0.3882
-126.0	181.4	0.00642758	0.3821
-121.5	181.4	0.0113926	0.346
-117.0	181.4	0.00637547	0.3977
-112.5	181.4	0.00753333	0.3867
-108.0	181.4	0.00645223	0.3064
-103.5	181.4	0.0120052	0.3335
-99.0	181.4	0.0125689	0.3864
-94.5	181.4	0.00693084	0.4296
-90.0	181.4	0.0142831	0.3495
-85.5	181.4	0.00644412	0.4463
-81.0	181.4	0.0135467	0.3535
-76.5	181.4	0.0134499	0.2839
-72.0	181.4	0.00966924	0.3964
-67.5	181.4	0.00775475	0.4544
-63.0	181.4	0.00692624	0.3615
-58.5	181.4	0.0147209	0.3209
-54.0	181.4	0.0172288	0.2812
-49.5	181.4	0.0152049	0.298
-45.0	181.4	0.0171934	0.3215
-40.5	181.4	0.0116802	0.2633
-36.0	181.4	0.0147887	0.2845
-31.5	181.4	0.0158778	0.3172
-27.0	181.4	0.0195692	0.259
-22.5	181.4	0.0150644	0.2848
-18.0	181.4	0.0103957	0.3363
-13.5	181.4	0.00885838	0.3225
-9.0	181.4	0.0153415	0.3681
-4.5	181.4	0.015976	0.2941
0.0	181.4	0.0190547	0.2514
4.5	181.4	0.0253219	0.2887
9.0	181.4	0.0177343	0.317
13.5	181.4	0.0182396	0.2978
18.0	181.4	0.0218401	0.2537
22.5	181.4	0.0212732	0.2676
27.0	181.4	0.0126748	0.3646
31.5	181.4	0.0160281	0.2965
36.0	181.4	0.0239583	0.2228
40.5	181.4	0.0113449	0.3151
45.0	181.4	0.00862096	0.3836
49.5	181.4	0.0164421	0.3213
54.0	181.4	0.0147586	0.3289
58.5	181.4	0.00828171	0.3713
63.0	181.4	0.0113581	0.3161
67.5	181.4	0.00905716	0.364
72.0	181.4	0.00763277	0.3059
76.5	181.4	0.00969142	0.3069
81.0	181.4	0.0103818	0.3721
85.5	181.4	0.0184276	0.3601
90.0	181.4	0.00673139	0.3278
94.5	181.4	0.00804418	0.3307
99.0	181.4	0.0144124	0.3421
103.5	181.4	0.0113276	0.3218
108.0	181.4	0.00784158	0.5751
112.5	181.4	0.00723268	0.4626
117.0	181.4	0.00352796	0.4597
121.5	181.4	0.0121964	0.3347
126.0	181.4	0.00566432	0.3699
130.5	181.4	0.00598526	0.4089
135.0	181.4	0.0149668	0.3409
139.5	181.4	0.00519154	0.4634
144.0	181.4	0.00952491	0.416
148.5	181.4	0.0031029	0.3417
153.0	181.4	0.00940703	0.3751
157.5	181.4	0.00522336	0.4242
162.0	181.4	0.00673999	0.3715
166.5	181.4	0.00518235	0.4255
171.0	181.4	0.00602178	0.4107
175.5	181.4	0.0023772	0.4376
180.0	181.4	0.00434637	0.5453
184.5	181.4	0.00434639	0.5761
189.0	181.4	0.00344156	0.7715
193.5	181.4	0.00443845	0.4987
198.0	181.4	0.00228376	0.6895
202.5	181.4	0.00217837	0.6341
207.0	181.4	0.00191592	0.6658
211.5	181.4	0.00338893	0.5854
216.0	181.4	0.00282294	0.7684
220.5	181.4	0.00485404	0.6611
225.0	181.4	0.00406024	0.6157
229.5	181.4	0.00587255	0.5481
234.0	181.4	0.00155615	0.6164
238.5	181.4	0.00159073	0.5228
243.0	181.4	0.0019427	0.6328
247.5	181.4	0.00101934	0.6035
252.0	181.4	0.005075	0.8027
256.5	181.4	0.000552716	0.234
261.0	181.4	0.00352799	0.5407
265.5	181.4	0.000414463	0.3233
270.0	181.4	0.00389699	0.4897
274.5	181.4	0.00032488	0.3428
279.0	181.4	0.00207464	0.851
283.5	181.4	0.00123235	0.7559
288.0	181.4	0.00111254	0.7025
292.5	181.4	0.00308994	0.7145
297.0	181.4	0.000307976	0.3471
301.5	181.4	0.000366214	0.3187
306.0	181.4	0.000273458	0.306
310.5	181.4	0.000108837	0.5437
315.0	181.4	0.000463373	0.3419
319.5	181.4	0.00162797	0.8419
324.0	181.4	0.000334036	0.3005
328.5	181.4	0.00246442	0.8783
333.0	181.4	0.00218067	0.6713
337.5	181.4	0.000122332	0.5066
342.0	181.4	0.000199656	0.399
346.5	181.4	0.00258923	0.6639
351.0	181.4	0.00207465	0.6646
355.5	181.4	0.00161779	0.954
360.0	181.4	0.000232425	0.3936
364.5	181.4	0.000864444	0.8368
369.0	181.4	0.0019469	0.8914
373.5	181.4	0.00035816	1.0
378.0	181.4	8.63971e-05	0.579
382.5	181.4	4.07469e-05	0.623
387.0	181.4	3.35741e-06	1.0
391.5	181.4	9.74973e-05	0.7075
396.0	181.4	0.000439169	0.8888
400.5	181.4	0.00335157	0.9877
405.0	181.4	8.9608e-05	0.7454
409.5	181.4	7.52663e-05	0.7524
414.0	181.4	0.00155588	0.9598
418.5	181.4	0.000114864	0.5521
423.0	181.4	0.00126159	0.9373
427.5	181.4	0.000640376	0.9056
432.0	181.4	1.4326e-05	1.0
436.5	181.4	5.00607e-05	1.0
441.0	181.4	5.72073e-05	0.898
445.5	181.4	0.000211769	0.3922
-450.0	183.967	6.77193e-05	0.7135
-445.5	183.967	5.12047e-05	0.622
-441.0	183.967	0.0	0.0
-436.5	183.967	2.2794e-05	1.0
-432.0	183.967	0.0015596	0.9385
-427.5	183.967	0.00100413	0.8473
-423.0	183.967	6.60201e-05	0.5408
-418.5	183.967	1.41753e-05	1.0
-414.0	183.967	1.77319e-06	1.0
-409.5	183.967	4.95779e-05	0.7138
-405.0	183.967	0.000110523	0.9578
-400.5	183.967	0.000212133	0.5054
-396.0	183.967	5.80888e-05	0.7795
-391.5	183.967	7.32999e-05	0.7752
-387.0	183.967	2.7776e-05	0.728
-382.5	183.967	4.9908e-05	0.7904
-378.0	183.967	7.5799e-05	0.5581
-373.5	183.967	0.000177128	0.4362
-369.0	183.967	0.000148369	0.4302
-364.5	183.967	0.000136191	0.4585
-360.0	183.967	0.000246311	0.3586
-355.5	183.967	0.000184912	0.4364
-351.0	183.967	0.000300985	0.344
-346.5	183.967	0.000154787	0.4191
-342.0	183.967	0.000858752	0.8617
-337.5	183.967	0.00278927	0.9245
-333.0	183.967	0.00271867	0.9483
-328.5	183.967	0.00281301	0.9167
-324.0	183.967	0.0003893	0.6336
-319.5	183.967	0.00181177	0.8769
-315.0	183.967	0.000328381	0.3324
-310.5	183.967	0.000564944	0.3326
-306.0	183.967	0.000230582	0.5322
-301.5	183.967	0.000431083	0.629
-297.0	183.967	0.000349022	0.2758
-292.5	183.967	0.000329282	0.3295
-288.0	183.967	0.00165167	0.774
-283.5	183.967	0.000512227	0.3024
-279.0	183.967	0.000449269	0.2561
-274.5	183.967	0.00344736	0.6208
-270.0	183.967	0.000884111	0.7287
-265.5	183.967	0.000200225	0.3579
-261.0	183.967	0.000275048	0.3038
-256.5	183.967	0.00233819	0.7077
-252.0	183.967	0.00125754	0.5306
-247.5	183.967	0.00208286	0.6466
-243.0	183.967	0.000487296	0.2587
-238.5	183.967	0.0018396	0.6728
-234.0	183.967	0.00721609	0.6276
-229.5	183.967	0.000363444	0.3059
-225.0	183.967	0.000627161	0.2302
-220.5	183.967	0.000883619	0.3501
-216.0	183.967	0.00593042	0.4672
-211.5	183.967	0.000658645	0.3606
-207.0	183.967	0.000452309	0.2408
-202.5	183.967	0.00171863	0.6014
-198.0	183.967	0.00142719	0.6823
-193.5	183.967	0.00288521	0.768
-189.0	183.967	0.00803252	0.4389
-184.5	183.967	0.0025138	0.4062
-180.0	183.967	0.00156294	0.3491
-175.5	183.967	0.00179452	0.6638
-171.0	183.967	0.00441644	0.566
-166.5	183.967	0.00339615	0.6509
-162.0	183.967	0.0034989	0.4209
-157.5	183.967	0.00767991	0.4243
-153.0	183.967	0.00544725	0.33
-148.5	183.967	0.0116625	0.4243
-144.0	183.967	0.00217353	0.5415
-139.5	183.967	0.00531324	0.4709
-135.0	183.967	0.00577166	0.3244
-130.5	183.967	0.0134584	0.3702
-126.0	183.967	0.0108212	0.3149
-121.5	183.967	0.00718393	0.3817
-117.0	183.967	0.00556235	0.3108
-112.5	183.967	0.00696328	0.3981
-108.0	183.967	0.00648573	0.4321
-103.5	183.967	0.00717084	0.3796
-99.0	183.967	0.00886303	0.3548
-94.5	183.967	0.0099877	0.3693
-90.0	183.967	0.0061887	0.5066
-85.5	183.967	0.00704708	0.4125
-81.0	183.967	0.00971895	0.343
-76.5	183.967	0.0104836	0.2813
-72.0	183.967	0.012279	0.3914
-67.5	183.967	0.00999743	0.3744
-63.0	183.967	0.00892662	0.3673
-58.5	183.967	0.0144585	0.3016
-54.0	183.967	0.016185	0.5272
-49.5	183.967	0.014211	0.2848
-45.0	183.967	0.0104889	0.3217
-40.5	183.967	0.0155981	0.2708
-36.0	183.967	0.012521	0.3065
-31.5	183.967	0.019882	0.2709
-27.0	183.967	0.026852	0.2677
-22.5	183.967	0.0149353	0.3383
-18.0	183.967	0.0126143	0.2687
-13.5	183.967	0.0391397	0.7124
-9.0	183.967	0.0172945	0.2976
-4.5	183.967	0.0142935	0.286
0.0	183.967	0.018039	0.3001
4.5	183.967	0.01709	0.2664
9.0	183.967	0.0226207	0.254
13.5	183.967	0.0241117	0.3021
18.0	183.967	0.00983054	0.3082
22.5	183.967	0.0150572	0.3074
27.0	183.967	0.0190895	0.2872
31.5	183.967	0.0179632	0.2926
36.0	183.967	0.0135611	0.3377
40.5	183.967	0.0143711	0.3117
45.0	183.967	0.0123255	0.3012
49.5	183.967	0.0164359	0.2984
54.0	183.967	0.017753	0.272
58.5	183.967	0.022712	0.2627
63.0	183.967	0.0149652	0.3255
67.5	183.967	0.0102719	0.3463
72.0	183.967	0.0116993	0.3653
76.5	183.967	0.0150001	0.3235
81.0	183.967	0.0064638	0.3548
85.5	183.967	0.007838	0.357
90.0	183.967	0.0115386	0.3635
94.5	183.967	0.00493481	0.3166
99.0	183.967	0.00758053	0.3264
103.5	183.967	0.00733629	0.3009
108.0	183.967	0.00297792	0.5073
112.5	183.967	0.0058464	0.4061
117.0	183.967	0.00476794	0.3915
121.5	183.967	0.00613685	0.421
126.0	183.967	0.0120747	0.3686
130.5	183.967	0.00871944	0.362
135.0	183.967	0.00605201	0.5146
139.5	183.967	0.00689075	0.3566
144.0	183.967	0.00682747	0.3982
148.5	183.967	0.00725642	0.4399
153.0	183.967	0.00305162	0.5021
157.5	183.967	0.00290566	0.752
162.0	183.967	0.00444794	0.4369
166.5	183.967	0.00581034	0.457
171.0	183.967	0.00820302	0.368
175.5	183.967	0.00533732	0.4852
180.0	183.967	0.00324361	0.3399
184.5	183.967	0.00530264	0.5014
189.0	183.967	0.000652973	0.2289
193.5	183.967	0.00910958	0.4354
198.0	183.967	0.00344171	0.4399
202.5	183.967	0.00104039	0.2426
207.0	183.967	0.00303494	0.5339
211.5	183.967	0.00380506	0.5408
216.0	183.967	0.00100941	0.3525
220.5	183.967	0.000793773	0.2036
225.0	183.967	0.00148684	0.4379
229.5	183.967	0.00220181	0.6113
234.0	183.967	0.00381746	0.7136
238.5	183.967	0.00153163	0.498
243.0	183.967	0.0033486	0.5346
247.5	183.967	0.00684542	0.4883
252.0	183.967	0.00303765	0.666
256.5	183.967	0.00390017	0.8643
261.0	183.967	0.00378806	0.5847
265.5	183.967	0.000705857	0.3318
270.0	183.967	0.00217004	0.5718
274.5	183.967	0.000297392	0.2955
279.0	183.967	0.000559897	0.2932
283.5	183.967	0.000315903	0.2987
288.0	183.967	0.00242102	0.6451
292.5	183.967	0.000966743	0.4781
297.0	183.967	0.00146383	0.8258
301.5	183.967	0.00156933	0.8915
306.0	183.967	0.00365681	0.6118
310.5	183.967	0.00276643	0.6483
315.0	183.967	0.000255338	0.3127
319.5	183.967	0.00035675	0.2818
324.0	183.967	0.000648145	0.4904
328.5	183.967	0.000801262	0.7811
333.0	183.967	0.000121764	0.4229
337.5	183.967	0.000219713	0.3753
342.0	183.967	0.000362761	0.3085
346.5	183.967	0.000952081	0.5568
351.0	183.967	0.00195279	0.8029
355.5	183.967	0.00226616	0.8466
360.0	183.967	0.00294387	0.7136
364.5	183.967	0.000104184	0.4325
369.0	183.967	0.000226497	0.7266
373.5	183.967	0.00108417	0.9484
378.0	183.967	0.000102265	0.452
382.5	183.967	0.000102622	0.6222
387.0	183.967	5.48952e-06	1.0
391.5	183.967	2.24391e-05	0.7688
396.0	183.967	1.10068e-05	1.0
400.5	183.967	0.00188744	0.9667
405.0	183.967	0.00137575	0.9454
409.5	183.967	0.0013542	0.8926
414.0	183.967	0.00214032	0.7179
418.5	183.967	0.000313792	0.9903
423.0	183.967	0.000943563	1.0
427.5	183.967	0.000435765	0.9048
432.0	183.967	3.97833e-05	1.0
436.5	183.967	3.97833e-05	1.0
441.0	183.967	2.29777e-05	1.0
445.5	183.967	3.0567e-05	0.7175
-450.0	186.533	4.30087e-05	0.8875
-445.5	186.533	9.74449e-05	0.6097
-441.0	186.533	3.43052e-05	0.7244
-436.5	186.533	0.00107552	0.6728
-432.0	186.533	0.00102466	0.8054
-427.5	186.533	5.88944e-05	0.5581
-423.0	186.533	1.61461e-05	1.0
-418.5	186.533	3.83489e-05	0.7745
-414.0	186.533	0.000122652	0.8732
-409.5	186.533	0.000100542	0.7886
-405.0	186.533	8.4339e-05	0.7347
-400.5	186.533	4.22334e-05	0.6736
-396.0	186.533	6.94177e-05	0.7702
-391.5	186.533	6.80873e-05	0.8265
-387.0	186.533	4.0349e-05	1.0
-382.5	186.533	0.000105298	0.5085
-378.0	186.533	0.000144203	0.5961
-373.5	186.533	0.000112896	0.4908
-369.0	186.533	0.000129218	0.5397
-364.5	186.533	0.000107601	0.593
-360.0	186.533	0.000234251	0.422
-355.5	186.533	0.000201002	0.467
-351.0	186.533	0.00137792	0.8304
-346.5	186.533	0.00270207	0.9541
-342.0	186.533	0.00204214	0.9015
-337.5	186.533	0.000182902	0.4286
-333.0	186.533	8.81602e-05	0.4449
-328.5	186.533	0.000244721	0.3105
-324.0	186.533	0.000257916	0.3009
-319.5	186.533	7.85169e-05	0.4727
-315.0	186.533	0.00118683	0.84
-310.5	186.533	0.000295987	0.3432
-306.0	186.533	0.000574704	0.3952
-301.5	186.533	0.00012774	0.3755
-297.0	186.533	0.000304767	0.3285
-292.5	186.533	0.00371722	0.654
-288.0	186.533	0.000313134	0.3767
-283.5	186.533	0.000416228	0.4378
-279.0	186.533	0.00102694	0.4847
-274.5	186.533	0.00153866	0.8509
-270.0	186.533	0.000806406	0.6948
-265.5	186.533	0.00039805	0.2829
-261.0	186.533	0.000342682	0.3286
-256.5	186.533	0.000384103	0.2709
-252.0	186.533	0.00060912	0.4054
-247.5	186.533	0.00589066	0.7116
-243.0	186.533	0.00158527	0.5422
-238.5	186.533	0.00578713	0.6491
-234.0	186.533	0.000700261	0.4709
-229.5	186.533	0.00246356	0.5496
-225.0	186.533	0.0011219	0.5531
-220.5	186.533	0.00580456	0.5282
-216.0	186.533	0.00491168	0.4522
-211.5	186.533	0.000769814	0.2021
-207.0	186.533	0.00213085	0.7076
-202.5	186.533	0.00109675	0.5394
-198.0	186.533	0.00311897	0.5855
-193.5	186.533	0.00252258	0.5713
-189.0	186.533	0.0010994	0.2635
-184.5	186.533	0.00231124	0.5022
-180.0	186.533	0.00238497	0.6612
-175.5	186.533	0.0108757	0.4355
-171.0	186.533	0.00407744	0.4338
-166.5	186.533	0.00672492	0.6175
-162.0	186.533	0.00446995	0.5658
-157.5	186.533	0.00493586	0.4977
-153.0	186.533	0.00658473	0.6595
-148.5	186.533	0.000785302	0.1861
-144.0	186.533	0.00623875	0.4139
-139.5	186.533	0.00519881	0.471
-135.0	186.533	0.00328708	0.5559
-130.5	186.533	0.00134084	0.1978
-126.0	186.533	0.00938484	0.4249
-121.5	186.533	0.00876712	0.3672
-117.0	186.533	0.0048272	0.5052
-112.5	186.533	0.0046047	0.5229
-108.0	186.533	0.00811458	0.4484
-103.5	186.533	0.00624328	0.4208
-99.0	186.533	0.0201326	0.283
-94.5	186.533	0.0182328	0.3367
-90.0	186.533	0.00382693	0.4742
-85.5	186.533	0.00250673	0.3499
-81.0	186.533	0.00572133	0.3517
-76.5	186.533	0.0131873	0.2822
-72.0	186.533	0.0209478	0.2958
-67.5	186.533	0.00651226	0.3539
-63.0	186.533	0.00914908	0.3637
-58.5	186.533	0.0113255	0.3437
-54.0	186.533	0.0183745	0.3409
-49.5	186.533	0.0149763	0.2718
-45.0	186.533	0.01801	0.2898
-40.5	186.533	0.0126378	0.3035
-36.0	186.533	0.0172318	0.3221
-31.5	186.533	0.0184715	0.2673
-27.0	186.533	0.0164542	0.3168
-22.5	186.533	0.0166765	0.3268
-18.0	186.533	0.0217324	0.3016
-13.5	186.533	0.0173281	0.4154
-9.0	186.533	0.0146362	0.288
-4.5	186.533	0.0149113	0.2904
0.0	186.533	0.0178433	0.2651
4.5	186.533	0.0142334	0.3001
9.0	186.533	0.0241126	0.3408
13.5	186.533	0.0124436	0.2801
18.0	186.533	0.00884765	0.3298
22.5	186.533	0.0210354	0.3275
27.0	186.533	0.0186374	0.2456
31.5	186.533	0.0191972	0.2421
36.0	186.533	0.0129863	0.2795
40.5	186.533	0.0196873	0.2963
45.0	186.533	0.00870519	0.3178
49.5	186.533	0.0278665	0.2521
54.0	186.533	0.009419	0.3066
58.5	186.533	0.00815949	0.4094
63.0	186.533	0.00930039	0.3731
67.5	186.533	0.0106718	0.3654
72.0	186.533	0.0142574	0.2932
76.5	186.533	0.013402	0.4352
81.0	186.533	0.00661636	0.4071
85.5	186.533	0.00977956	0.3339
90.0	186.533	0.0120534	0.3734
94.5	186.533	0.0115632	0.3373
99.0	186.533	0.00803583	0.3877
103.5	186.533	0.0101314	0.4054
108.0	186.533	0.00555263	0.395
112.5	186.533	0.00825505	0.436
117.0	186.533	0.0031685	0.4575
121.5	186.533	0.0048145	0.4224
126.0	186.533	0.00564494	0.4558
130.5	186.533	0.00429066	0.3765
135.0	186.533	0.0131955	0.3938
139.5	186.533	0.00175715	0.3331
144.0	186.533	0.00947751	0.4279
148.5	186.533	0.0104896	0.5748
153.0	186.533	0.00632001	0.4431
157.5	186.533	0.00343054	0.4766
162.0	186.533	0.00408745	0.5976
166.5	186.533	0.00470464	0.418
171.0	186.533	0.0115962	0.3885
175.5	186.533	0.00354067	0.6364
180.0	186.533	0.004542	0.4658
184.5	186.533	0.00685799	0.5082
189.0	186.533	0.0014351	0.4732
193.5	186.533	0.00678864	0.4929
198.0	186.533	0.0076089	0.5182
202.5	186.533	0.00455798	0.4887
207.0	186.533	0.00387538	0.7319
211.5	186.533	0.00362573	0.6981
216.0	186.533	0.00250329	0.6488
220.5	186.533	0.00280001	0.6439
225.0	186.533	0.00202241	0.5504
229.5	186.533	0.00262715	0.6342
234.0	186.533	0.00140676	0.4989
238.5	186.533	0.00280017	0.7182
243.0	186.533	0.00081487	0.3494
247.5	186.533	0.00645371	0.7062
252.0	186.533	0.00256271	0.8618
256.5	186.533	0.00281238	0.8686
261.0	186.533	0.00370455	0.6352
265.5	186.533	0.000539331	0.3035
270.0	186.533	0.00360331	0.7426
274.5	186.533	0.000357687	0.309
279.0	186.533	0.000315439	0.2711
283.5	186.533	0.000208915	0.3302
288.0	186.533	0.000339814	0.3027
292.5	186.533	0.000291263	0.2929
297.0	186.533	0.00138586	0.7432
301.5	186.533	0.000390303	0.4624
306.0	186.533	0.00175374	0.7145
310.5	186.533	0.000886321	0.6964
315.0	186.533	0.000271463	0.337
319.5	186.533	0.000281558	0.3167
324.0	186.533	0.0034824	0.8931
328.5	186.533	0.00178434	0.5969
333.0	186.533	0.00312044	0.7913
337.5	186.533	0.00102532	0.5547
342.0	186.533	0.000116711	0.447
346.5	186.533	0.00280175	0.65
351.0	186.533	0.00189348	0.7576
355.5	186.533	0.000204389	0.6097
360.0	186.533	0.00270234	0.9288
364.5	186.533	0.00211823	0.8201
369.0	186.533	8.35888e-05	0.5475
373.5	186.533	8.60481e-05	0.5807
378.0	186.533	4.52255e-05	0.882
382.5	186.533	9.90298e-05	0.7989
387.0	186.533	8.62835e-05	0.7691
391.5	186.533	0.000120302	0.7453
396.0	186.533	7.98335e-05	0.7071
400.5	186.533	0.000229258	0.7949
405.0	186.533	0.00113252	0.9997
409.5	186.533	0.00283806	0.6843
414.0	186.533	0.00124101	0.9133
418.5	186.533	0.00128989	0.8799
423.0	186.533	0.00117329	0.9653
427.5	186.533	0.00115893	0.9772
432.0	186.533	0.000787519	0.9672
436.5	186.533	0.0	0.0
441.0	186.533	5.5844e-05	0.5791
445.5	186.533	0.000180662	0.4377
-450.0	189.1	7.46995e-05	0.7661
-445.5	189.1	7.98038e-05	0.5196
-441.0	189.1	0.000101139	0.6035
-436.5	189.1	0.00157917	0.8987
-432.0	189.1	0.000129038	0.4757
-427.5	189.1	8.43329e-05	0.6063
-423.0	189.1	0.0	0.0
-418.5	189.1	7.28723e-05	0.7165
-414.0	189.1	7.4848e-05	1.0
-409.5	189.1	4.0324e-05	1.0
-405.0	189.1	3.18238e-05	0.8465
-400.5	189.1	0.000102496	0.6025
-396.0	189.1	1.64014e-05	1.0
-391.5	189.1	0.0	0.0
-387.0	189.1	7.62384e-05	0.5777
-382.5	189.1	0.000137466	0.6376
-378.0	189.1	0.00227223	0.965
-373.5	189.1	0.000129741	0.4598
-369.0	189.1	4.46311e-05	0.8778
-364.5	189.1	5.4978e-05	0.5635
-360.0	189.1	0.000130021	0.5831
-355.5	189.1	0.000176544	0.4709
-351.0	189.1	0.000202179	0.4466
-346.5	189.1	0.00035371	0.3135
-342.0	189.1	0.00132035	0.7989
-337.5	189.1	0.000224814	0.404
-333.0	189.1	0.00181027	0.8917
-328.5	189.1	0.000226373	0.3075
-324.0	189.1	0.000288167	0.3885
-319.5	189.1	0.000158347	0.3845
-315.0	189.1	0.000394798	0.4751
-310.5	189.1	0.000275691	0.6743
-306.0	189.1	0.00114303	0.6203
-301.5	189.1	0.000296066	0.3039
-297.0	189.1	0.00151819	0.7396
-292.5	189.1	0.000492205	0.5305
-288.0	189.1	0.00014383	0.5246
-283.5	189.1	0.00018455	0.4092
-279.0	189.1	0.00171447	0.6969
-274.5	189.1	0.000168519	0.3992
-270.0	189.1	0.000444328	0.3005
-265.5	189.1	0.000476234	0.2568
-261.0	189.1	0.000333316	0.2794
-256.5	189.1	0.000440679	0.4054
-252.0	189.1	0.000501722	0.2287
-247.5	189.1	0.00265099	0.6345
-243.0	189.1	0.00324861	0.7142
-238.5	189.1	0.00119602	0.735
-234.0	189.1	0.00105131	0.5253
-229.5	189.1	0.00488647	0.5084
-225.0	189.1	0.000427494	0.2255
-220.5	189.1	0.00780966	0.489
-216.0	189.1	0.000514027	0.3914
-211.5	189.1	0.000648937	0.4356
-207.0	189.1	0.000594073	0.3325
-202.5	189.1	0.000468544	0.3476
-198.0	189.1	0.00130159	0.5451
-193.5	189.1	0.00063483	0.2068
-189.0	189.1	0.00426383	0.5656
-184.5	189.1	0.0078989	0.5306
-180.0	189.1	0.00383509	0.4551
-175.5	189.1	0.0142131	0.4013
-171.0	189.1	0.00851365	0.4421
-166.5	189.1	0.00281414	0.6855
-162.0	189.1	0.00284286	0.4124
-157.5	189.1	0.00339254	0.4483
-153.0	189.1	0.00670974	0.5041
-148.5	189.1	0.00370256	0.6187
-144.0	189.1	0.0122645	0.4077
-139.5	189.1	0.00410171	0.4676
-135.0	189.1	0.00659407	0.4921
-130.5	189.1	0.00776538	0.4579
-126.0	189.1	0.00261154	0.4143
-121.5	189.1	0.00632531	0.4967
-117.0	189.1	0.00745489	0.3837
-112.5	189.1	0.00896223	0.3404
-108.0	189.1	0.00420898	0.4591
-103.5	189.1	0.00546429	0.4463
-99.0	189.1	0.00899244	0.3665
-94.5	189.1	0.00801209	0.4121
-90.0	189.1	0.00675367	0.4363
-85.5	189.1	0.00816248	0.3989
-81.0	189.1	0.0120015	0.3914
-76.5	189.1	0.0125273	0.4437
-72.0	189.1	0.0066068	0.326
-67.5	189.1	0.00783133	0.4268
-63.0	189.1	0.00883382	0.4039
-58.5	189.1	0.0122855	0.295
-54.0	189.1	0.0170145	0.3276
-49.5	189.1	0.013227	0.3318
-45.0	189.1	0.0131352	0.3074
-40.5	189.1	0.00878293	0.3172
-36.0	189.1	0.0125568	0.279
-31.5	189.1	0.016471	0.3753
-27.0	189.1	0.0218618	0.2411
-22.5	189.1	0.0174216	0.3124
-18.0	189.1	0.011909	0.3969
-13.5	189.1	0.0113848	0.3276
-9.0	189.1	0.0151239	0.2917
-4.5	189.1	0.0112254	0.2954
0.0	189.1	0.00711512	0.2632
4.5	189.1	0.0212426	0.2629
9.0	189.1	0.011617	0.3338
13.5	189.1	0.0140438	0.276
18.0	189.1	0.0138	0.3263
22.5	189.1	0.0139226	0.3251
27.0	189.1	0.00886344	0.3534
31.5	189.1	0.0131506	0.3089
36.0	189.1	0.0218354	0.303
40.5	189.1	0.011633	0.3277
45.0	189.1	0.0122577	0.3141
49.5	189.1	0.00955757	0.3624
54.0	189.1	0.00871124	0.317
58.5	189.1	0.00593539	0.3936
63.0	189.1	0.0106318	0.4873
67.5	189.1	0.0141578	0.3782
72.0	189.1	0.00585485	0.3162
76.5	189.1	0.00908624	0.396
81.0	189.1	0.0180293	0.2956
85.5	189.1	0.00971201	0.5489
90.0	189.1	0.0100158	0.4118
94.5	189.1	0.0113688	0.333
99.0	189.1	0.00871913	0.396
103.5	189.1	0.00983763	0.3354
108.0	189.1	0.0110808	0.4339
112.5	189.1	0.00916393	0.3371
117.0	189.1	0.0148709	0.3685
121.5	189.1	0.00366095	0.4732
126.0	189.1	0.00342168	0.4675
130.5	189.1	0.00439393	0.5307
135.0	189.1	0.0110388	0.5105
139.5	189.1	0.00719081	0.4665
144.0	189.1	0.00911723	0.3501
148.5	189.1	0.0116878	0.4467
153.0	189.1	0.0109947	0.3875
157.5	189.1	0.0016814	0.3921
162.0	189.1	0.00501447	0.4686
166.5	189.1	0.00555915	0.457
171.0	189.1	0.00479037	0.4573
175.5	189.1	0.00582106	0.51
180.0	189.1	0.00576	0.4709
184.5	189.1	0.00125601	0.325
189.0	189.1	0.00266316	0.7792
193.5	189.1	0.0023338	0.519
198.0	189.1	0.00909523	0.543
202.5	189.1	0.00230258	0.5063
207.0	189.1	0.00196153	0.4741
211.5	189.1	0.00656839	0.4934
216.0	189.1	0.00359913	0.5781
220.5	189.1	0.00208905	0.6085
225.0	189.1	0.0011788	0.5205
229.5	189.1	0.00252452	0.5193
234.0	189.1	0.00173881	0.6045
238.5	189.1	0.00266124	0.5667
243.0	189.1	0.00276701	0.5453
247.5	189.1	0.00123955	0.7334
252.0	189.1	0.00594788	0.6827
256.5	189.1	0.000255901	0.4048
261.0	189.1	0.00448565	0.8968
265.5	189.1	0.00334251	0.6649
270.0	189.1	0.000964915	0.4727
274.5	189.1	0.000571438	0.2488
279.0	189.1	0.000296387	0.2808
283.5	189.1	0.000270616	0.31
288.0	189.1	0.000424663	0.2657
292.5	189.1	0.000194346	0.364
297.0	189.1	0.00116085	0.7131
301.5	189.1	0.0015934	0.8161
306.0	189.1	0.000446827	0.3728
310.5	189.1	0.00026427	0.3472
315.0	189.1	0.00025231	0.4117
319.5	189.1	0.00054668	0.4689
324.0	189.1	0.00167533	0.5735
328.5	189.1	0.00276051	0.87
333.0	189.1	0.00126311	0.7443
337.5	189.1	0.00144596	0.7506
342.0	189.1	0.000129461	0.4559
346.5	189.1	0.000176506	0.3642
351.0	189.1	0.00138174	0.8667
355.5	189.1	0.000211924	0.3655
360.0	189.1	0.000237706	0.409
364.5	189.1	0.00433523	0.7281
369.0	189.1	8.72145e-05	0.47
373.5	189.1	0.000105508	0.5158
378.0	189.1	9.47917e-06	0.717
382.5	189.1	1.33922e-05	1.0
387.0	189.1	7.55972e-05	0.5627
391.5	189.1	0.00138088	0.9226
396.0	189.1	7.77793e-05	1.0
400.5	189.1	5.22514e-05	0.9662
405.0	189.1	3.63329e-05	0.9257
409.5	189.1	0.00127903	0.9074
414.0	189.1	0.000103023	0.7175
418.5	189.1	2.54985e-05	0.7071
423.0	189.1	3.68869e-05	0.7076
427.5	189.1	3.05837e-05	0.7164
432.0	189.1	0.000438286	0.8543
436.5	189.1	0.000431646	0.9239
441.0	189.1	8.77211e-05	0.5586
445.5	189.1	3.58808e-05	0.6618
-450.0	191.667	9.05863e-05	0.524
-445.5	191.667	0.000111086	0.486
-441.0	191.667	7.41258e-05	0.6387
-436.5	191.667	0.000155936	0.496
-432.0	191.667	1.95079e-05	1.0
-427.5	191.667	3.36294e-05	1.0
-423.0	191.667	4.62006e-05	0.8848
-418.5	191.667	4.25791e-05	0.9885
-414.0	191.667	6.20261e-05	0.7508
-409.5	191.667	9.35632e-05	0.7243
-405.0	191.667	7.61744e-05	0.6075
-400.5	191.667	3.40911e-05	0.7136
-396.0	191.667	1.33484e-05	1.0
-391.5	191.667	2.80881e-05	1.0
-387.0	191.667	4.87016e-05	0.7173
-382.5	191.667	0.0008212	0.923
-378.0	191.667	0.000765578	0.6733
-373.5	191.667	0.000222048	0.4291
-369.0	191.667	0.000193114	0.4855
-364.5	191.667	0.000201741	0.3821
-360.0	191.667	9.33522e-05	0.5445
-355.5	191.667	6.09422e-05	0.7814
-351.0	191.667	0.000124201	0.5218
-346.5	191.667	5.96905e-05	0.4991
-342.0	191.667	0.000158282	0.5196
-337.5	191.667	0.000152931	0.4714
-333.0	191.667	8.5524e-05	0.4866
-328.5	191.667	0.000194638	0.427
-324.0	191.667	0.000223722	0.3427
-319.5	191.667	0.000167375	0.3901
-315.0	191.667	0.000130276	0.5423
-310.5	191.667	0.000416083	0.3081
-306.0	191.667	0.000636621	0.4925
-301.5	191.667	0.000976306	0.8249
-297.0	191.667	0.000788792	0.7138
-292.5	191.667	0.000306832	0.3087
-288.0	191.667	0.000361229	0.334
-283.5	191.667	0.000366805	0.3032
-279.0	191.667	0.000226054	0.3046
-274.5	191.667	0.000316701	0.3251
-270.0	191.667	0.000380092	0.2777
-265.5	191.667	0.000407564	0.2777
-261.0	191.667	0.000234465	0.3048
-256.5	191.667	0.000515658	0.414
-252.0	191.667	0.00030856	0.3056
-247.5	191.667	0.000661051	0.41
-243.0	191.667	0.00167147	0.6302
-238.5	191.667	0.00547408	0.6913
-234.0	191.667	0.000496709	0.2638
-229.5	191.667	0.00150674	0.7018
-225.0	191.667	0.00145419	0.7157
-220.5	191.667	0.00120826	0.8596
-216.0	191.667	0.000405746	0.2704
-211.5	191.667	0.00137976	0.6962
-207.0	191.667	0.00231943	0.7247
-202.5	191.667	0.000556359	0.2559
-198.0	191.667	0.000643924	0.2321
-193.5	191.667	0.00177302	0.675
-189.0	191.667	0.00427658	0.5365
-184.5	191.667	0.00508862	0.472
-180.0	191.667	0.0067022	0.4171
-175.5	191.667	0.0102268	0.4034
-171.0	191.667	0.0041346	0.64
-166.5	191.667	0.00390152	0.5031
-162.0	191.667	0.00379131	0.6868
-157.5	191.667	0.0106825	0.5356
-153.0	191.667	0.00299138	0.7312
-148.5	191.667	0.00645302	0.5077
-144.0	191.667	0.00271709	0.4667
-139.5	191.667	0.0058652	0.6229
-135.0	191.667	0.00384465	0.46
-130.5	191.667	0.00847056	0.4591
-126.0	191.667	0.00471129	0.5223
-121.5	191.667	0.00853205	0.4977
-117.0	191.667	0.00759598	0.356
-112.5	191.667	0.00642462	0.3875
-108.0	191.667	0.0063855	0.5016
-103.5	191.667	0.00368551	0.4001
-99.0	191.667	0.0109145	0.3339
-94.5	191.667	0.00969058	0.4022
-90.0	191.667	0.00742501	0.4659
-85.5	191.667	0.0107276	0.513
-81.0	191.667	0.0113134	0.5104
-76.5	191.667	0.00942912	0.3917
-72.0	191.667	0.00501477	0.3617
-67.5	191.667	0.0086541	0.4111
-63.0	191.667	0.00469219	0.3293
-58.5	191.667	0.00819445	0.4589
-54.0	191.667	0.0145907	0.3285
-49.5	191.667	0.00877437	0.3436
-45.0	191.667	0.0133755	0.3992
-40.5	191.667	0.0117072	0.3294
-36.0	191.667	0.0183519	0.2659
-31.5	191.667	0.0202497	0.3099
-27.0	191.667	0.0234863	0.2652
-22.5	191.667	0.0134298	0.353
-18.0	191.667	0.0103325	0.3102
-13.5	191.667	0.00851733	0.3225
-9.0	191.667	0.0172036	0.2934
-4.5	191.667	0.00716176	0.302
0.0	191.667	0.0108737	0.3052
4.5	191.667	0.0132359	0.306
9.0	191.667	0.0145316	0.347
13.5	191.667	0.01022	0.3462
18.0	191.667	0.0191774	0.2916
22.5	191.667	0.0143779	0.4026
27.0	191.667	0.00592036	0.41
31.5	191.667	0.013367	0.3351
36.0	191.667	0.0168967	0.2877
40.5	191.667	0.0137645	0.3069
45.0	191.667	0.0142492	0.3036
49.5	191.667	0.00724022	0.3589
54.0	191.667	0.0152532	0.3208
58.5	191.667	0.00630635	0.3263
63.0	191.667	0.00658404	0.3181
67.5	191.667	0.0157359	0.2994
72.0	191.667	0.00368374	0.3746
76.5	191.667	0.00571418	0.3762
81.0	191.667	0.00605266	0.4517
85.5	191.667	0.0102707	0.3888
90.0	191.667	0.00470374	0.3983
94.5	191.667	0.0108706	0.3791
99.0	191.667	0.00946261	0.3426
103.5	191.667	0.00981481	0.3729
108.0	191.667	0.0100453	0.4209
112.5	191.667	0.0147912	0.4083
117.0	191.667	0.0109087	0.4091
121.5	191.667	0.00456301	0.4255
126.0	191.667	0.00184161	0.1702
130.5	191.667	0.00403428	0.5934
135.0	191.667	0.00575384	0.3314
139.5	191.667	0.0121916	0.3683
144.0	191.667	0.00516158	0.3597
148.5	191.667	0.00483214	0.5812
153.0	191.667	0.000660845	0.1953
157.5	191.667	0.000986712	0.2579
162.0	191.667	0.00295675	0.7689
166.5	191.667	0.0068009	0.4085
171.0	191.667	0.00511387	0.5888
175.5	191.667	0.00861925	0.4818
180.0	191.667	0.00282248	0.5629
184.5	191.667	0.00766842	0.7832
189.0	191.667	0.00310791	0.6914
193.5	191.667	0.000953684	0.451
198.0	191.667	0.00613573	0.6069
202.5	191.667	0.0106975	0.4361
207.0	191.667	0.00202771	0.4407
211.5	191.667	0.00417952	0.5083
216.0	191.667	0.00456178	0.4151
220.5	191.667	0.00158742	0.4706
225.0	191.667	0.00142361	0.6328
229.5	191.667	0.00141491	0.7446
234.0	191.667	0.00120244	0.57
238.5	191.667	0.00259068	0.5448
243.0	191.667	0.00351592	0.6388
247.5	191.667	0.00224197	0.5829
252.0	191.667	0.00304528	0.8778
256.5	191.667	0.00205529	0.7566
261.0	191.667	0.000902431	0.444
265.5	191.667	0.00418607	0.909
270.0	191.667	0.0029856	0.7972
274.5	191.667	0.000667373	0.2699
279.0	191.667	0.000363414	0.28
283.5	191.667	0.00416544	0.6457
288.0	191.667	0.0017628	0.8819
292.5	191.667	0.00050331	0.3423
297.0	191.667	0.00317865	0.6844
301.5	191.667	0.000309415	0.3096
306.0	191.667	0.00357765	0.6448
310.5	191.667	0.000415357	0.3162
315.0	191.667	0.000172361	0.3409
319.5	191.667	0.000292277	0.373
324.0	191.667	0.000280023	0.3312
328.5	191.667	0.00103921	0.6519
333.0	191.667	0.00376632	0.6711
337.5	191.667	0.000986632	0.7772
342.0	191.667	0.000254981	0.3678
346.5	191.667	6.92168e-05	0.5372
351.0	191.667	0.00010342	0.5944
355.5	191.667	0.000175061	0.4151
360.0	191.667	6.17334e-05	0.6911
364.5	191.667	0.000642479	0.6707
369.0	191.667	0.0025886	0.9928
373.5	191.667	2.41501e-05	0.8842
378.0	191.667	7.85167e-05	0.5404
382.5	191.667	2.58462e-05	0.9502
387.0	191.667	7.78207e-05	0.5476
391.5	191.667	0.00239199	0.9387
396.0	191.667	0.00247337	0.9568
400.5	191.667	0.000859079	0.8792
405.0	191.667	2.24034e-05	1.0
409.5	191.667	6.59918e-05	0.7931
414.0	191.667	7.99212e-05	0.5798
418.5	191.667	2.98871e-05	1.0
423.0	191.667	0.000124607	0.7284
427.5	191.667	0.00196274	0.9778
432.0	191.667	2.51522e-05	0.7411
436.5	191.667	9.87927e-05	0.6453
441.0	191.667	7.06222e-05	0.6256
445.5	191.667	0.00012506	0.5038
-450.0	194.233	0.000140401	0.547
-445.5	194.233	7.98635e-05	0.5165
-441.0	194.233	0.000122089	0.5972
-436.5	194.233	8.51799e-05	0.6056
-432.0	194.233	7.42469e-05	0.7134
-427.5	194.233	5.22798e-05	0.8283
-423.0	194.233	5.88467e-05	0.7277
-418.5	194.233	0.000102121	0.7156
-414.0	194.233	6.18364e-05	0.9554
-409.5	194.233	7.04522e-05	0.6982
-405.0	194.233	2.78397e-05	1.0
-400.5	194.233	3.09534e-05	0.7657
-396.0	194.233	4.92164e-05	0.727
-391.5	194.233	3.43877e-05	0.7962
-387.0	194.233	0.000220874	0.4416
-382.5	194.233	0.00160863	0.9257
-378.0	194.233	0.00107557	0.8044
-373.5	194.233	8.5088e-05	0.5192
-369.0	194.233	3.88103e-05	0.7024
-364.5	194.233	0.000150287	0.4839
-360.0	194.233	0.000166698	0.5186
-355.5	194.233	6.85396e-05	0.4929
-351.0	194.233	0.000233756	0.4407
-346.5	194.233	8.62724e-05	0.5588
-342.0	194.233	0.00322246	0.9508
-337.5	194.233	0.000192353	0.3968
-333.0	194.233	0.000175914	0.399
-328.5	194.233	0.000233112	0.3922
-324.0	194.233	0.000496775	0.6105
-319.5	194.233	0.000232415	0.3399
-315.0	194.233	0.000234761	0.3537
-310.5	194.233	0.000216359	0.3574
-306.0	194.233	0.000813059	0.6116
-301.5	194.233	0.00328498	0.6405
-297.0	194.233	0.000235908	0.3303
-292.5	194.233	0.000329262	0.334
-288.0	194.233	0.00030192	0.3169
-283.5	194.233	0.00034915	0.2973
-279.0	194.233	0.000219092	0.3666
-274.5	194.233	0.000812799	0.5733
-270.0	194.233	0.00313133	0.6481
-265.5	194.233	0.00112228	0.5587
-261.0	194.233	0.000416996	0.2766
-256.5	194.233	0.000527309	0.2887
-252.0	194.233	0.000310001	0.2864
-247.5	194.233	0.000354281	0.3224
-243.0	194.233	0.00306466	0.6446
-238.5	194.233	0.00241571	0.7702
-234.0	194.233	0.000602086	0.2966
-229.5	194.233	0.000296983	0.3236
-225.0	194.233	0.00411006	0.6194
-220.5	194.233	0.000296875	0.2868
-216.0	194.233	0.00250776	0.8395
-211.5	194.233	0.00200686	0.8186
-207.0	194.233	0.00350516	0.6835
-202.5	194.233	0.00272152	0.6985
-198.0	194.233	0.000689498	0.2003
-193.5	194.233	0.000835032	0.3565
-189.0	194.233	0.00402778	0.9054
-184.5	194.233	0.00403575	0.6262
-180.0	194.233	0.00290292	0.8287
-175.5	194.233	0.00341713	0.4519
-171.0	194.233	0.00497825	0.6008
-166.5	194.233	0.00497944	0.4992
-162.0	194.233	0.00314807	0.633
-157.5	194.233	0.00586411	0.592
-153.0	194.233	0.00147948	0.2557
-148.5	194.233	0.00608941	0.5577
-144.0	194.233	0.00303247	0.5613
-139.5	194.233	0.0116542	0.4932
-135.0	194.233	0.00437045	0.4923
-130.5	194.233	0.00470508	0.5868
-126.0	194.233	0.0060492	0.5869
-121.5	194.233	0.0163565	0.3434
-117.0	194.233	0.00537411	0.5018
-112.5	194.233	0.0065645	0.5415
-108.0	194.233	0.00205871	0.3557
-103.5	194.233	0.00652694	0.3974
-99.0	194.233	0.0084208	0.3506
-94.5	194.233	0.00723986	0.3734
-90.0	194.233	0.0210945	0.3012
-85.5	194.233	0.0118851	0.5338
-81.0	194.233	0.00723862	0.443
-76.5	194.233	0.0122583	0.3232
-72.0	194.233	0.0128709	0.3276
-67.5	194.233	0.0128014	0.3554
-63.0	194.233	0.00891816	0.3649
-58.5	194.233	0.00995742	0.4428
-54.0	194.233	0.0104885	0.2705
-49.5	194.233	0.0125802	0.4789
-45.0	194.233	0.0115595	0.5392
-40.5	194.233	0.00657515	0.4932
-36.0	194.233	0.0129518	0.3188
-31.5	194.233	0.0205651	0.2723
-27.0	194.233	0.0217341	0.2641
-22.5	194.233	0.0141579	0.2723
-18.0	194.233	0.00962777	0.2921
-13.5	194.233	0.00990548	0.3333
-9.0	194.233	0.00702281	0.2561
-4.5	194.233	0.0149195	0.3341
0.0	194.233	0.0120994	0.2539
4.5	194.233	0.0168402	0.268
9.0	194.233	0.0111085	0.3675
13.5	194.233	0.0131189	0.3361
18.0	194.233	0.0119157	0.3118
22.5	194.233	0.00824998	0.3025
27.0	194.233	0.0170239	0.3068
31.5	194.233	0.0130978	0.2887
36.0	194.233	0.0141694	0.3712
40.5	194.233	0.00881355	0.3457
45.0	194.233	0.00706377	0.3797
49.5	194.233	0.00540107	0.339
54.0	194.233	0.0101173	0.3297
58.5	194.233	0.00827464	0.3904
63.0	194.233	0.011121	0.3779
67.5	194.233	0.0150034	0.334
72.0	194.233	0.00508562	0.3911
76.5	194.233	0.00244883	0.4864
81.0	194.233	0.0124702	0.3792
85.5	194.233	0.0065456	0.4561
90.0	194.233	0.00529035	0.4268
94.5	194.233	0.00775261	0.3876
99.0	194.233	0.00493766	0.3855
103.5	194.233	0.00594704	0.4498
108.0	194.233	0.0146651	0.3552
112.5	194.233	0.0151616	0.2873
117.0	194.233	0.0130245	0.422
121.5	194.233	0.00625124	0.4129
126.0	194.233	0.0014074	0.1911
130.5	194.233	0.00805115	0.4378
135.0	194.233	0.00803517	0.3808
139.5	194.233	0.0144432	0.4267
144.0	194.233	0.00423882	0.7695
148.5	194.233	0.0059054	0.4271
153.0	194.233	0.00527755	0.469
157.5	194.233	0.00188215	0.5382
162.0	194.233	0.00142754	0.3809
166.5	194.233	0.00430167	0.4241
171.0	194.233	0.00461723	0.4999
175.5	194.233	0.0076593	0.501
180.0	194.233	0.00196548	0.4608
184.5	194.233	0.00100404	0.4864
189.0	194.233	0.000977085	0.4616
193.5	194.233	0.00348946	0.7011
198.0	194.233	0.00407105	0.5539
202.5	194.233	0.00297534	0.5261
207.0	194.233	0.00664175	0.5626
211.5	194.233	0.00518884	0.6201
216.0	194.233	0.00377538	0.5137
220.5	194.233	0.000753764	0.3271
225.0	194.233	0.00170302	0.4159
229.5	194.233	0.00105138	0.5734
234.0	194.233	0.000454877	0.2612
238.5	194.233	0.00440037	0.5443
243.0	194.233	0.00170365	0.3879
247.5	194.233	0.00135642	0.5297
252.0	194.233	0.00371871	0.6665
256.5	194.233	0.00651548	0.6815
261.0	194.233	0.00276917	0.541
265.5	194.233	0.00256655	0.7892
270.0	194.233	0.00227636	0.885
274.5	194.233	0.000353278	0.2599
279.0	194.233	0.000450011	0.2972
283.5	194.233	0.000300467	0.2951
288.0	194.233	0.000890208	0.6918
292.5	194.233	0.00147409	0.5731
297.0	194.233	0.00285215	0.664
301.5	194.233	0.000413712	0.5983
306.0	194.233	0.00104712	0.5913
310.5	194.233	0.00325057	0.7918
315.0	194.233	0.00161909	0.8438
319.5	194.233	0.00020191	0.3356
324.0	194.233	0.000122677	0.4366
328.5	194.233	8.20456e-05	0.6116
333.0	194.233	0.000302516	0.5058
337.5	194.233	0.0013325	0.6552
342.0	194.233	0.00094549	0.7511
346.5	194.233	0.000131566	0.4229
351.0	194.233	0.00012813	0.5886
355.5	194.233	0.000145567	0.4839
360.0	194.233	0.000103859	0.5409
364.5	194.233	4.73507e-05	0.7075
369.0	194.233	0.000753226	0.8671
373.5	194.233	0.000120063	0.6671
378.0	194.233	8.17239e-05	0.6745
382.5	194.233	8.36004e-05	0.7091
387.0	194.233	0.000125087	0.5038
391.5	194.233	0.0018051	0.9772
396.0	194.233	0.000536822	0.8983
400.5	194.233	9.14887e-05	0.5896
405.0	194.233	8.38882e-05	0.7073
409.5	194.233	5.49627e-06	1.0
414.0	194.233	0.000144885	0.5478
418.5	194.233	7.93072e-05	0.5982
423.0	194.233	2.27219e-06	1.0
427.5	194.233	0.000380686	0.9958
432.0	194.233	4.0058e-05	0.7452
436.5	194.233	3.58014e-05	0.7313
441.0	194.233	0.00125613	0.9859
445.5	194.233	0.000827673	0.8958
-450.0	196.8	7.07439e-05	0.5143
-445.5	196.8	8.81632e-05	0.6673
-441.0	196.8	5.48633e-05	0.7481
-436.5	196.8	8.95288e-05	0.543
-432.0	196.8	5.90108e-05	1.0
-427.5	196.8	6.78996e-05	0.8789
-423.0	196.8	7.65505e-05	0.5952
-418.5	196.8	5.80668e-05	0.7149
-414.0	196.8	4.01694e-06	1.0
-409.5	196.8	0.0	0.0
-405.0	196.8	3.98347e-05	0.693
-400.5	196.8	0.000158815	0.5453
-396.0	196.8	0.000106311	0.7025
-391.5	196.8	0.000142546	0.6018
-387.0	196.8	0.00187649	0.953
-382.5	196.8	0.000668508	0.8416
-378.0	196.8	0.000101631	0.5142
-373.5	196.8	9.34004e-05	0.5879
-369.0	196.8	0.00014811	0.4845
-364.5	196.8	0.000374123	0.3866
-360.0	196.8	0.000138448	0.5451
-355.5	196.8	0.000233529	0.3998
-351.0	196.8	0.000160062	0.4182
-346.5	196.8	9.67485e-05	0.6177
-342.0	196.8	0.000220462	0.3302
-337.5	196.8	0.000229504	0.4589
-333.0	196.8	0.000284155	0.3106
-328.5	196.8	0.00133927	0.8108
-324.0	196.8	0.00177527	0.8822
-319.5	196.8	0.000335044	0.2927
-315.0	196.8	0.000598814	0.7587
-310.5	196.8	0.000342977	0.5297
-306.0	196.8	0.00170255	0.7019
-301.5	196.8	0.000365686	0.2757
-297.0	196.8	0.000277896	0.3295
-292.5	196.8	0.000305859	0.3149
-288.0	196.8	0.000286674	0.3248
-283.5	196.8	0.000448712	0.2944
-279.0	196.8	0.00461192	0.6734
-274.5	196.8	0.00391064	0.9186
-270.0	196.8	0.00122513	0.6715
-265.5	196.8	0.00172795	0.6399
-261.0	196.8	0.000317938	0.2738
-256.5	196.8	0.00151814	0.7823
-252.0	196.8	0.00211088	0.7717
-247.5	196.8	0.000477856	0.2628
-243.0	196.8	0.000748868	0.395
-238.5	196.8	0.000351176	0.28
-234.0	196.8	0.00239479	0.7485
-229.5	196.8	0.00175893	0.5719
-225.0	196.8	0.00346155	0.726
-220.5	196.8	0.000431804	0.3334
-216.0	196.8	0.000811068	0.6315
-211.5	196.8	0.00188225	0.7167
-207.0	196.8	0.00559153	0.5033
-202.5	196.8	0.000465641	0.2804
-198.0	196.8	0.000609957	0.2193
-193.5	196.8	0.00404275	0.6222
-189.0	196.8	0.000731862	0.3098
-184.5	196.8	0.000535651	0.2557
-180.0	196.8	0.00141578	0.4914
-175.5	196.8	0.00337822	0.6012
-171.0	196.8	0.00526636	0.5689
-166.5	196.8	0.00525222	0.527
-162.0	196.8	0.0085309	0.4345
-157.5	196.8	0.0071364	0.406
-153.0	196.8	0.00571477	0.5201
-148.5	196.8	0.00544258	0.4183
-144.0	196.8	0.0033914	0.6142
-139.5	196.8	0.00257802	0.4812
-135.0	196.8	0.00237322	0.5153
-130.5	196.8	0.00425867	0.5468
-126.0	196.8	0.00432048	0.5269
-121.5	196.8	0.00612863	0.4676
-117.0	196.8	0.00495889	0.8148
-112.5	196.8	0.00464749	0.5214
-108.0	196.8	0.00744331	0.5445
-103.5	196.8	0.00748762	0.4759
-99.0	196.8	0.00309143	0.3393
-94.5	196.8	0.01067	0.4161
-90.0	196.8	0.0169997	0.3397
-85.5	196.8	0.00288935	0.498
-81.0	196.8	0.0120038	0.3314
-76.5	196.8	0.00903456	0.318
-72.0	196.8	0.00965125	0.3328
-67.5	196.8	0.0143173	0.3411
-63.0	196.8	0.0125444	0.4049
-58.5	196.8	0.0129565	0.3257
-54.0	196.8	0.00678615	0.3238
-49.5	196.8	0.0126714	0.343
-45.0	196.8	0.0088788	0.3794
-40.5	196.8	0.0159423	0.3571
-36.0	196.8	0.00944583	0.384
-31.5	196.8	0.0157905	0.318
-27.0	196.8	0.0131234	0.3295
-22.5	196.8	0.0288123	0.264
-18.0	196.8	0.0181278	0.3271
-13.5	196.8	0.00851137	0.3571
-9.0	196.8	0.00777191	0.3361
-4.5	196.8	0.0115754	0.4037
0.0	196.8	0.00829628	0.3133
4.5	196.8	0.0114857	0.3205
9.0	196.8	0.0146795	0.3267
13.5	196.8	0.0130126	0.3353
18.0	196.8	0.0111461	0.2845
22.5	196.8	0.0164897	0.2996
27.0	196.8	0.0137975	0.3628
31.5	196.8	0.0149374	0.3291
36.0	196.8	0.00828267	0.3491
40.5	196.8	0.00713267	0.3656
45.0	196.8	0.0122755	0.3046
49.5	196.8	0.0071574	0.3794
54.0	196.8	0.0107496	0.3733
58.5	196.8	0.0039234	0.3726
63.0	196.8	0.00504238	0.3765
67.5	196.8	0.0200077	0.327
72.0	196.8	0.0107637	0.4109
76.5	196.8	0.00711734	0.3979
81.0	196.8	0.00761996	0.4718
85.5	196.8	0.00483289	0.4728
90.0	196.8	0.00436358	0.3714
94.5	196.8	0.00752219	0.3669
99.0	196.8	0.0144139	0.296
103.5	196.8	0.00509564	0.4386
108.0	196.8	0.00625674	0.5559
112.5	196.8	0.00408098	0.4622
117.0	196.8	0.00527136	0.4959
121.5	196.8	0.0107269	0.3298
126.0	196.8	0.00098841	0.2094
130.5	196.8	0.00901796	0.38
135.0	196.8	0.00675481	0.3985
139.5	196.8	0.00677013	0.4362
144.0	196.8	0.00612601	0.3969
148.5	196.8	0.00798692	0.4293
153.0	196.8	0.00413467	0.4572
157.5	196.8	0.00397944	0.5308
162.0	196.8	0.00408181	0.4982
166.5	196.8	0.00121063	0.4144
171.0	196.8	0.00783522	0.5296
175.5	196.8	0.00237759	0.396
180.0	196.8	0.00498247	0.5041
184.5	196.8	0.000706288	0.2553
189.0	196.8	0.00199128	0.5033
193.5	196.8	0.00217599	0.7364
198.0	196.8	0.00287157	0.5052
202.5	196.8	0.00664004	0.555
207.0	196.8	0.00508485	0.5988
211.5	196.8	0.00209778	0.7726
216.0	196.8	0.00209863	0.7122
220.5	196.8	0.00183488	0.693
225.0	196.8	0.00313673	0.6432
229.5	196.8	0.000946536	0.4847
234.0	196.8	0.000860427	0.335
238.5	196.8	0.000347609	0.2941
243.0	196.8	0.00141508	0.572
247.5	196.8	0.0035005	0.6266
252.0	196.8	0.0019693	0.8331
256.5	196.8	0.00170083	0.6761
261.0	196.8	0.00373461	0.5154
265.5	196.8	0.00343899	0.636
270.0	196.8	0.00429783	0.6617
274.5	196.8	0.00073112	0.5547
279.0	196.8	0.00216033	0.8705
283.5	196.8	0.000875661	0.6215
288.0	196.8	0.000416262	0.2951
292.5	196.8	0.00324551	0.6464
297.0	196.8	0.00317095	0.738
301.5	196.8	0.00205585	0.9036
306.0	196.8	0.00157747	0.6619
310.5	196.8	0.00319598	0.7021
315.0	196.8	0.000327403	0.3166
319.5	196.8	0.000293689	0.3339
324.0	196.8	0.00308411	0.921
328.5	196.8	0.000207713	0.4163
333.0	196.8	4.44356e-05	0.5526
337.5	196.8	0.00198177	0.6415
342.0	196.8	0.000126343	0.4464
346.5	196.8	0.000102285	0.5327
351.0	196.8	0.00010855	0.4595
355.5	196.8	0.00016041	0.5529
360.0	196.8	0.000169579	0.4473
364.5	196.8	7.54649e-05	0.6387
369.0	196.8	4.70438e-05	1.0
373.5	196.8	0.00161413	0.899
378.0	196.8	8.78514e-05	0.5104
382.5	196.8	5.72075e-05	0.8675
387.0	196.8	0.000137384	0.4946
391.5	196.8	0.00019041	0.5075
396.0	196.8	0.00245192	0.916
400.5	196.8	6.82359e-05	0.6226
405.0	196.8	5.7681e-05	1.0
409.5	196.8	8.17583e-05	0.5676
414.0	196.8	4.76357e-05	0.7497
418.5	196.8	6.40068e-05	0.6288
423.0	196.8	0.000120357	0.5782
427.5	196.8	0.00251835	0.9493
432.0	196.8	3.62809e-05	0.7252
436.5	196.8	0.0	0.0
441.0	196.8	0.0	0.0
445.5	196.8	0.0	0.0
-450.0	199.367	7.11014e-05	0.7134
-445.5	199.367	3.0382e-05	1.0
-441.0	199.367	1.40397e-05	0.7509
-436.5	199.367	3.92783e-05	1.0
-432.0	199.367	6.62767e-05	0.8269
-427.5	199.367	2.14185e-05	1.0
-423.0	199.367	3.58947e-05	1.0
-418.5	199.367	3.09224e-05	1.0
-414.0	199.367	2.32402e-05	0.8242
-409.5	199.367	3.19434e-05	1.0
-405.0	199.367	6.06575e-05	1.0
-400.5	199.367	7.10954e-06	1.0
-396.0	199.367	0.00011509	0.6038
-391.5	199.367	0.00216301	0.9468
-387.0	199.367	0.000382958	0.7064
-382.5	199.367	6.50999e-05	0.6376
-378.0	199.367	1.05821e-05	1.0
-373.5	199.367	0.000115568	0.5144
-369.0	199.367	0.000796861	0.8456
-364.5	199.367	0.00011867	0.4008
-360.0	199.367	2.6524e-05	0.6236
-355.5	199.367	7.50623e-05	0.6421
-351.0	199.367	9.83034e-05	0.4978
-346.5	199.367	0.000199218	0.4227
-342.0	199.367	9.20345e-05	0.4654
-337.5	199.367	8.80123e-05	0.4896
-333.0	199.367	0.000185785	0.4173
-328.5	199.367	0.000181553	0.3878
-324.0	199.367	0.000181347	0.4113
-319.5	199.367	0.00025036	0.422
-315.0	199.367	0.000210906	0.3424
-310.5	199.367	0.000548453	0.3636
-306.0	199.367	0.000177055	0.3678
-301.5	199.367	0.000340578	0.3326
-297.0	199.367	0.00225759	0.6289
-292.5	199.367	0.000256942	0.296
-288.0	199.367	0.00159197	0.8368
-283.5	199.367	0.00651771	0.7034
-279.0	199.367	0.00604772	0.7833
-274.5	199.367	0.00037632	0.3108
-270.0	199.367	0.00376498	0.714
-265.5	199.367	0.00192985	0.8128
-261.0	199.367	0.000461373	0.4343
-256.5	199.367	0.000479	0.3191
-252.0	199.367	0.00416751	0.6399
-247.5	199.367	0.00251462	0.8161
-243.0	199.367	0.000295722	0.309
-238.5	199.367	0.00104551	0.6472
-234.0	199.367	0.00273981	0.4843
-229.5	199.367	0.00358206	0.9266
-225.0	199.367	0.000444148	0.2633
-220.5	199.367	0.000397616	0.2821
-216.0	199.367	0.000694786	0.5067
-211.5	199.367	0.00246075	0.8635
-207.0	199.367	0.004492	0.59
-202.5	199.367	0.00194847	0.567
-198.0	199.367	0.00261292	0.5535
-193.5	199.367	0.000594542	0.2544
-189.0	199.367	0.00206532	0.6593
-184.5	199.367	0.00171884	0.5303
-180.0	199.367	0.00228067	0.5543
-175.5	199.367	0.00230163	0.6874
-171.0	199.367	0.00194973	0.4626
-166.5	199.367	0.0037114	0.5848
-162.0	199.367	0.00524872	0.5031
-157.5	199.367	0.00616779	0.4578
-153.0	199.367	0.00634689	0.6095
-148.5	199.367	0.00177954	0.5164
-144.0	199.367	0.00335928	0.7102
-139.5	199.367	0.00220225	0.5548
-135.0	199.367	0.00380959	0.5366
-130.5	199.367	0.00218547	0.5605
-126.0	199.367	0.00645055	0.4037
-121.5	199.367	0.00303309	0.4347
-117.0	199.367	0.00261435	0.5343
-112.5	199.367	0.00429315	0.5172
-108.0	199.367	0.00371955	0.4592
-103.5	199.367	0.00369549	0.7167
-99.0	199.367	0.00296215	0.5191
-94.5	199.367	0.00246561	0.3551
-90.0	199.367	0.00686707	0.4427
-85.5	199.367	0.0101708	0.3954
-81.0	199.367	0.0128058	0.3261
-76.5	199.367	0.0143186	0.3175
-72.0	199.367	0.0091689	0.4136
-67.5	199.367	0.0120581	0.381
-63.0	199.367	0.00755375	0.4023
-58.5	199.367	0.00372943	0.397
-54.0	199.367	0.0124304	0.3941
-49.5	199.367	0.0130527	0.3126
-45.0	199.367	0.0103558	0.3026
-40.5	199.367	0.00848725	0.339
-36.0	199.367	0.0142363	0.3921
-31.5	199.367	0.0147086	0.3325
-27.0	199.367	0.0107748	0.3642
-22.5	199.367	0.0100048	0.3871
-18.0	199.367	0.0149764	0.4186
-13.5	199.367	0.0125275	0.3676
-9.0	199.367	0.0120929	0.3238
-4.5	199.367	0.0157414	0.307
0.0	199.367	0.0172907	0.2841
4.5	199.367	0.0177995	0.2619
9.0	199.367	0.0181301	0.2861
13.5	199.367	0.0199317	0.2875
18.0	199.367	0.00953216	0.3438
22.5	199.367	0.0190891	0.2947
27.0	199.367	0.0148691	0.3424
31.5	199.367	0.0149979	0.3159
36.0	199.367	0.00408075	0.3576
40.5	199.367	0.00640089	0.3601
45.0	199.367	0.0128725	0.3281
49.5	199.367	0.0100683	0.4
54.0	199.367	0.00615794	0.4042
58.5	199.367	0.00449117	0.3907
63.0	199.367	0.00845884	0.4398
67.5	199.367	0.00652688	0.5508
72.0	199.367	0.0104428	0.3484
76.5	199.367	0.00773637	0.4104
81.0	199.367	0.00457266	0.4641
85.5	199.367	0.00954115	0.3477
90.0	199.367	0.00330675	0.3567
94.5	199.367	0.00339415	0.3915
99.0	199.367	0.0063973	0.4712
103.5	199.367	0.00312177	0.3991
108.0	199.367	0.00807522	0.4762
112.5	199.367	0.00706372	0.5254
117.0	199.367	0.00563869	0.4362
121.5	199.367	0.00763307	0.4098
126.0	199.367	0.00253454	0.6361
130.5	199.367	0.0032505	0.4538
135.0	199.367	0.0098341	0.3858
139.5	199.367	0.00251655	0.4481
144.0	199.367	0.0111681	0.4162
148.5	199.367	0.00787225	0.4016
153.0	199.367	0.00903576	0.414
157.5	199.367	0.00487527	0.4985
162.0	199.367	0.00250074	0.5664
166.5	199.367	0.00538961	0.563
171.0	199.367	0.0101583	0.3999
175.5	199.367	0.0067418	0.4406
180.0	199.367	0.00386853	0.4223
184.5	199.367	0.00226882	0.4835
189.0	199.367	0.00448994	0.5272
193.5	199.367	0.00546404	0.5157
198.0	199.367	0.00392915	0.5321
202.5	199.367	0.00356674	0.4736
207.0	199.367	0.00677698	0.4883
211.5	199.367	0.0037576	0.7294
216.0	199.367	0.00188812	0.8238
220.5	199.367	0.0021852	0.8787
225.0	199.367	0.0018062	0.6406
229.5	199.367	0.00162668	0.7264
234.0	199.367	0.00120117	0.5309
238.5	199.367	0.00132109	0.6946
243.0	199.367	0.00121457	0.7167
247.5	199.367	0.0022786	0.6042
252.0	199.367	0.00616783	0.6867
256.5	199.367	0.00118548	0.5932
261.0	199.367	0.00194581	0.6056
265.5	199.367	0.000312231	0.2973
270.0	199.367	0.00750973	0.863
274.5	199.367	0.000364132	0.365
279.0	199.367	0.000324495	0.335
283.5	199.367	0.00528842	0.5934
288.0	199.367	0.00286998	0.9195
292.5	199.367	0.00138396	0.8188
297.0	199.367	0.0011776	0.7441
301.5	199.367	0.00149428	0.8905
306.0	199.367	0.00024857	0.3575
310.5	199.367	0.00180104	0.7715
315.0	199.367	0.00041157	0.4125
319.5	199.367	0.000234794	0.4348
324.0	199.367	0.00026576	0.3642
328.5	199.367	0.000118153	0.4254
333.0	199.367	0.000117954	0.4939
337.5	199.367	0.000336149	0.7892
342.0	199.367	0.000773807	0.8774
346.5	199.367	0.000156804	0.435
351.0	199.367	0.00171202	0.9309
355.5	199.367	0.00102683	0.6745
360.0	199.367	0.00218005	0.6847
364.5	199.367	5.50963e-05	0.6463
369.0	199.367	5.56986e-05	0.7071
373.5	199.367	0.000795208	0.8362
378.0	199.367	0.00151786	0.7535
382.5	199.367	0.00187803	0.9629
387.0	199.367	0.000118207	0.5852
391.5	199.367	0.000169694	0.4531
396.0	199.367	0.00231532	0.9693
400.5	199.367	0.000109409	0.5187
405.0	199.367	0.000183983	0.5697
409.5	199.367	0.000141761	0.5975
414.0	199.367	4.09201e-06	1.0
418.5	199.367	5.19783e-05	0.7181
423.0	199.367	8.55366e-05	0.5679
427.5	199.367	0.00153279	0.9105
432.0	199.367	0.000101671	0.6373
436.5	199.367	2.46533e-05	0.7873
441.0	199.367	1.7432e-05	1.0
445.5	199.367	2.89759e-05	1.0
-450.0	201.933	0.0	0.0
-445.5	201.933	5.87402e-05	0.5244
-441.0	201.933	2.3626e-05	1.0
-436.5	201.933	0.0	0.0
-432.0	201.933	3.80784e-05	0.7111
-427.5	201.933	0.000118545	0.5214
-423.0	201.933	1.33842e-05	1.0
-418.5	201.933	5.39093e-05	1.0
-414.0	201.933	6.34782e-05	0.711
-409.5	201.933	7.06181e-06	1.0
-405.0	201.933	5.15104e-05	1.0
-400.5	201.933	0.000452799	0.7654
-396.0	201.933	0.0021677	0.9264
-391.5	201.933	0.00212682	0.9347
-387.0	201.933	3.5384e-05	0.9076
-382.5	201.933	3.89687e-05	0.8222
-378.0	201.933	4.67272e-05	0.9267
-373.5	201.933	0.000134248	0.6039
-369.0	201.933	0.00028087	0.4687
-364.5	201.933	0.00011662	0.5236
-360.0	201.933	9.50183e-05	0.692
-355.5	201.933	6.95418e-05	0.7606
-351.0	201.933	0.0001037	0.4203
-346.5	201.933	5.80697e-05	0.6111
-342.0	201.933	0.000299473	0.386
-337.5	201.933	0.000488156	0.8588
-333.0	201.933	0.00014801	0.4582
-328.5	201.933	0.000109254	0.5445
-324.0	201.933	0.000160558	0.4146
-319.5	201.933	0.000234874	0.3873
-315.0	201.933	0.000232763	0.377
-310.5	201.933	0.000197165	0.3982
-306.0	201.933	0.00104568	0.8552
-301.5	201.933	0.0015081	0.8321
-297.0	201.933	0.00085459	0.6175
-292.5	201.933	0.00516858	0.7106
-288.0	201.933	0.00790465	0.7036
-283.5	201.933	0.00302176	0.8927
-279.0	201.933	0.000317423	0.3636
-274.5	201.933	0.000439925	0.5031
-270.0	201.933	0.00138184	0.5619
-265.5	201.933	0.000597504	0.4053
-261.0	201.933	0.00403785	0.635
-256.5	201.933	0.000604371	0.7461
-252.0	201.933	0.000422633	0.2833
-247.5	201.933	0.000464834	0.2821
-243.0	201.933	0.000865284	0.4989
-238.5	201.933	0.00461507	0.5879
-234.0	201.933	0.0034125	0.6828
-229.5	201.933	0.00149577	0.7292
-225.0	201.933	0.00146401	0.5699
-220.5	201.933	0.000236444	0.3314
-216.0	201.933	0.000412018	0.3324
-211.5	201.933	0.00558576	0.73
-207.0	201.933	0.00271114	0.7359
-202.5	201.933	0.000389389	0.2472
-198.0	201.933	0.0014462	0.6003
-193.5	201.933	0.000563098	0.2507
-189.0	201.933	0.000576485	0.2124
-184.5	201.933	0.00385265	0.6083
-180.0	201.933	0.00461845	0.5181
-175.5	201.933	0.0021565	0.5481
-171.0	201.933	0.000476045	0.2356
-166.5	201.933	0.00115913	0.3663
-162.0	201.933	0.00148674	0.6262
-157.5	201.933	0.00409922	0.4939
-153.0	201.933	0.00152778	0.7554
-148.5	201.933	0.00577269	0.5052
-144.0	201.933	0.00387702	0.544
-139.5	201.933	0.00123455	0.5167
-135.0	201.933	0.00461407	0.5856
-130.5	201.933	0.00067339	0.1965
-126.0	201.933	0.00684132	0.5316
-121.5	201.933	0.00244974	0.4861
-117.0	201.933	0.00433709	0.5207
-112.5	201.933	0.00750944	0.4326
-108.0	201.933	0.00834352	0.4853
-103.5	201.933	0.00571993	0.5565
-99.0	201.933	0.00257141	0.4571
-94.5	201.933	0.00490806	0.4007
-90.0	201.933	0.00471401	0.5358
-85.5	201.933	0.0122185	0.3639
-81.0	201.933	0.00859199	0.3443
-76.5	201.933	0.00859938	0.3705
-72.0	201.933	0.0103924	0.3383
-67.5	201.933	0.00688089	0.3532
-63.0	201.933	0.008763	0.3737
-58.5	201.933	0.00744202	0.3909
-54.0	201.933	0.00994831	0.4204
-49.5	201.933	0.0136287	0.3509
-45.0	201.933	0.00652377	0.318
-40.5	201.933	0.00841201	0.4032
-36.0	201.933	0.00860631	0.3957
-31.5	201.933	0.0204997	0.2853
-27.0	201.933	0.00880347	0.4011
-22.5	201.933	0.00677384	0.3711
-18.0	201.933	0.0100515	0.5674
-13.5	201.933	0.0103172	0.3396
-9.0	201.933	0.0111638	0.3662
-4.5	201.933	0.00789809	0.3393
0.0	201.933	0.00906422	0.268
4.5	201.933	0.0122903	0.2973
9.0	201.933	0.0194004	0.2772
13.5	201.933	0.00736601	0.458
18.0	201.933	0.0119585	0.4175
22.5	201.933	0.0140114	0.3002
27.0	201.933	0.00871269	0.4066
31.5	201.933	0.0152733	0.3092
36.0	201.933	0.00693988	0.423
40.5	201.933	0.00513425	0.5202
45.0	201.933	0.0145823	0.3458
49.5	201.933	0.0117272	0.3567
54.0	201.933	0.0119525	0.3586
58.5	201.933	0.00586924	0.4871
63.0	201.933	0.0070429	0.3826
67.5	201.933	0.00900773	0.4349
72.0	201.933	0.0109795	0.3551
76.5	201.933	0.0041371	0.5483
81.0	201.933	0.00708724	0.4794
85.5	201.933	0.00991177	0.3836
90.0	201.933	0.00677339	0.3837
94.5	201.933	0.00550418	0.3779
99.0	201.933	0.00344085	0.59
103.5	201.933	0.0103391	0.397
108.0	201.933	0.00445987	0.425
112.5	201.933	0.00643657	0.4172
117.0	201.933	0.00888153	0.4141
121.5	201.933	0.0049747	0.5097
126.0	201.933	0.00418438	0.4994
130.5	201.933	0.000970119	0.198
135.0	201.933	0.00182965	0.389
139.5	201.933	0.00204969	0.545
144.0	201.933	0.00554002	0.4261
148.5	201.933	0.00206448	0.3602
153.0	201.933	0.00747428	0.4444
157.5	201.933	0.00297001	0.5757
162.0	201.933	0.0037973	0.5531
166.5	201.933	0.00249076	0.6632
171.0	201.933	0.00131007	0.591
175.5	201.933	0.00585815	0.5554
180.0	201.933	0.00263018	0.479
184.5	201.933	0.00500936	0.5403
189.0	201.933	0.00343882	0.6047
193.5	201.933	0.0040606	0.513
198.0	201.933	0.000924026	0.4422
202.5	201.933	0.0027827	0.5299
207.0	201.933	0.00288048	0.741
211.5	201.933	0.00127803	0.5157
216.0	201.933	0.00306337	0.4958
220.5	201.933	0.000285601	0.3283
225.0	201.933	0.00271813	0.6228
229.5	201.933	0.00583542	0.4896
234.0	201.933	0.00201613	0.8372
238.5	201.933	0.00211545	0.6054
243.0	201.933	0.000438096	0.5121
247.5	201.933	0.00190625	0.8315
252.0	201.933	0.000700337	0.3496
256.5	201.933	0.00316386	0.8546
261.0	201.933	0.00126678	0.6202
265.5	201.933	0.00192007	0.8777
270.0	201.933	0.000220198	0.3464
274.5	201.933	0.000372189	0.3858
279.0	201.933	0.00275895	0.7581
283.5	201.933	0.000324484	0.3224
288.0	201.933	0.000390718	0.3368
292.5	201.933	0.000289947	0.3748
297.0	201.933	0.000281127	0.3387
301.5	201.933	0.000509019	0.6705
306.0	201.933	0.00188099	0.8847
310.5	201.933	0.00100308	0.7136
315.0	201.933	0.000391568	0.3523
319.5	201.933	0.00271794	0.6481
324.0	201.933	0.00126635	0.9431
328.5	201.933	0.000440089	0.5615
333.0	201.933	0.00141515	0.7776
337.5	201.933	0.00017635	0.4192
342.0	201.933	0.000931002	0.8084
346.5	201.933	0.000141155	0.4325
351.0	201.933	3.19012e-05	1.0
355.5	201.933	0.00196334	0.9298
360.0	201.933	6.72204e-05	0.5077
364.5	201.933	3.75087e-05	0.7396
369.0	201.933	6.82116e-05	0.5777
373.5	201.933	9.17356e-05	0.5372
378.0	201.933	0.00121802	0.9373
382.5	201.933	0.00151033	0.6663
387.0	201.933	1.28814e-05	1.0
391.5	201.933	0.00183454	0.8961
396.0	201.933	0.0013106	0.9047
400.5	201.933	0.00111996	0.9475
405.0	201.933	0.0	0.0
409.5	201.933	0.0013302	0.8934
414.0	201.933	0.000130078	0.6872
418.5	201.933	9.63271e-06	0.8817
423.0	201.933	3.12413e-06	1.0
427.5	201.933	5.29381e-05	0.731
432.0	201.933	0.000108166	0.5509
436.5	201.933	0.000157486	0.4841
441.0	201.933	1.65332e-05	1.0
445.5	201.933	5.1898e-06	1.0
-450.0	204.5	4.01487e-05	1.0
-445.5	204.5	0.0001091	0.4725
-441.0	204.5	0.0	0.0
-436.5	204.5	5.14818e-05	0.6312
-432.0	204.5	7.41487e-05	0.5766
-427.5	204.5	6.04728e-05	0.8957
-423.0	204.5	4.0525e-05	1.0
-418.5	204.5	0.0	0.0
-414.0	204.5	0.000534585	0.9929
-409.5	204.5	4.94945e-05	0.7822
-405.0	204.5	0.000640855	0.9986
-400.5	204.5	0.0017616	0.9694
-396.0	204.5	9.69232e-05	0.6475
-391.5	204.5	0.000508875	0.7461
-387.0	204.5	7.75299e-05	0.7262
-382.5	204.5	7.15253e-05	0.7395
-378.0	204.5	1.31253e-05	1.0
-373.5	204.5	0.000165863	0.4522
-369.0	204.5	8.08432e-05	0.5781
-364.5	204.5	0.000109982	0.5321
-360.0	204.5	0.000323761	0.6309
-355.5	204.5	0.00011061	0.4179
-351.0	204.5	0.000256952	0.7759
-346.5	204.5	9.92109e-05	0.5784
-342.0	204.5	0.000107262	0.5179
-337.5	204.5	0.00262017	0.9715
-333.0	204.5	0.000136348	0.4267
-328.5	204.5	0.000142501	0.368
-324.0	204.5	0.000198873	0.3755
-319.5	204.5	0.000150196	0.4231
-315.0	204.5	0.000192575	0.3841
-310.5	204.5	0.000219781	0.4004
-306.0	204.5	0.000232476	0.4764
-301.5	204.5	0.00158301	0.8631
-297.0	204.5	0.000283411	0.3649
-292.5	204.5	0.00418396	0.8871
-288.0	204.5	0.00282122	0.6518
-283.5	204.5	0.000315876	0.3344
-279.0	204.5	0.000182181	0.4315
-274.5	204.5	0.000359275	0.3107
-270.0	204.5	0.00046014	0.3157
-265.5	204.5	0.00136642	0.7659
-261.0	204.5	0.00297451	0.6459
-256.5	204.5	0.000258504	0.3481
-252.0	204.5	0.000383777	0.2789
-247.5	204.5	0.00100201	0.4296
-243.0	204.5	0.00392162	0.6827
-238.5	204.5	0.00074875	0.4799
-234.0	204.5	0.00502015	0.6336
-229.5	204.5	0.00169755	0.5574
-225.0	204.5	0.00265675	0.7584
-220.5	204.5	0.00028081	0.3086
-216.0	204.5	0.0012238	0.8004
-211.5	204.5	0.00158907	0.5452
-207.0	204.5	0.0017213	0.5467
-202.5	204.5	0.000471891	0.2643
-198.0	204.5	0.00240643	0.8286
-193.5	204.5	0.00139604	0.7405
-189.0	204.5	0.00155125	0.6579
-184.5	204.5	0.00517478	0.5871
-180.0	204.5	0.00341648	0.6179
-175.5	204.5	0.00236775	0.5468
-171.0	204.5	0.0021496	0.8508
-166.5	204.5	0.00435584	0.4004
-162.0	204.5	0.000940334	0.3272
-157.5	204.5	0.00723748	0.48
-153.0	204.5	0.00200374	0.4818
-148.5	204.5	0.00613882	0.5542
-144.0	204.5	0.000703973	0.2168
-139.5	204.5	0.0011352	0.4348
-135.0	204.5	0.00456045	0.545
-130.5	204.5	0.00293862	0.7352
-126.0	204.5	0.00823066	0.4702
-121.5	204.5	0.00281764	0.5421
-117.0	204.5	0.00499188	0.5722
-112.5	204.5	0.00860574	0.4982
-108.0	204.5	0.00413661	0.5054
-103.5	204.5	0.00682006	0.4586
-99.0	204.5	0.00547418	0.3813
-94.5	204.5	0.00517487	0.4917
-90.0	204.5	0.00854081	0.4884
-85.5	204.5	0.00848427	0.4594
-81.0	204.5	0.00694401	0.4033
-76.5	204.5	0.00587313	0.3923
-72.0	204.5	0.0127056	0.3162
-67.5	204.5	0.0100998	0.4585
-63.0	204.5	0.00562044	0.3659
-58.5	204.5	0.00730724	0.3787
-54.0	204.5	0.0093606	0.3357
-49.5	204.5	0.0129575	0.3495
-45.0	204.5	0.00896064	0.3823
-40.5	204.5	0.00562914	0.3636
-36.0	204.5	0.00806599	0.4058
-31.5	204.5	0.0100092	0.3236
-27.0	204.5	0.00916722	0.3757
-22.5	204.5	0.0180429	0.2854
-18.0	204.5	0.00868291	0.4176
-13.5	204.5	0.00457457	0.5358
-9.0	204.5	0.006115	0.4154
-4.5	204.5	0.0107448	0.3495
0.0	204.5	0.00910996	0.3593
4.5	204.5	0.0128258	0.3998
9.0	204.5	0.0221746	0.3401
13.5	204.5	0.00637336	0.4588
18.0	204.5	0.0179	0.3838
22.5	204.5	0.0159309	0.3269
27.0	204.5	0.0100643	0.366
31.5	204.5	0.0128303	0.3505
36.0	204.5	0.0109943	0.3546
40.5	204.5	0.0145027	0.3661
45.0	204.5	0.00730047	0.424
49.5	204.5	0.00502031	0.354
54.0	204.5	0.0118003	0.4217
58.5	204.5	0.00906612	0.4765
63.0	204.5	0.00194845	0.3041
67.5	204.5	0.00504466	0.3348
72.0	204.5	0.00632392	0.397
76.5	204.5	0.00766343	0.3985
81.0	204.5	0.00603851	0.4685
85.5	204.5	0.00502032	0.4898
90.0	204.5	0.00883259	0.3919
94.5	204.5	0.0128193	0.3488
99.0	204.5	0.0084108	0.3907
103.5	204.5	0.00467782	0.3721
108.0	204.5	0.00976563	0.4087
112.5	204.5	0.00395447	0.4729
117.0	204.5	0.00610594	0.508
121.5	204.5	0.00475882	0.4299
126.0	204.5	0.00770456	0.4221
130.5	204.5	0.00487182	0.4134
135.0	204.5	0.00151136	0.3578
139.5	204.5	0.000609567	0.291
144.0	204.5	0.00342352	0.4956
148.5	204.5	0.00505343	0.4786
153.0	204.5	0.000993069	0.2451
157.5	204.5	0.00435046	0.5259
162.0	204.5	0.00444663	0.5283
166.5	204.5	0.000591452	0.2109
171.0	204.5	0.00203255	0.7059
175.5	204.5	0.00219621	0.414
180.0	204.5	0.00958705	0.4633
184.5	204.5	0.00318363	0.5
189.0	204.5	0.0073057	0.5926
193.5	204.5	0.00363508	0.6564
198.0	204.5	0.00177567	0.7873
202.5	204.5	0.00320609	0.519
207.0	204.5	0.00437454	0.5833
211.5	204.5	0.00571206	0.455
216.0	204.5	0.00279427	0.5402
220.5	204.5	0.00116684	0.6341
225.0	204.5	0.000547423	0.2489
229.5	204.5	0.00180689	0.6963
234.0	204.5	0.00354395	0.894
238.5	204.5	0.00417855	0.5522
243.0	204.5	0.000615284	0.5784
247.5	204.5	0.0018918	0.8378
252.0	204.5	0.00151265	0.8303
256.5	204.5	0.000273585	0.3752
261.0	204.5	0.000192868	0.3949
265.5	204.5	0.00216384	0.7069
270.0	204.5	0.000369778	0.337
274.5	204.5	0.000276257	0.3038
279.0	204.5	0.00183077	0.8195
283.5	204.5	0.00227797	0.7557
288.0	204.5	0.000654609	0.625
292.5	204.5	0.00064934	0.6301
297.0	204.5	0.000578173	0.601
301.5	204.5	0.000141091	0.4628
306.0	204.5	0.000235805	0.3759
310.5	204.5	0.00163377	0.8945
315.0	204.5	0.00042322	0.6548
319.5	204.5	0.000139149	0.4423
324.0	204.5	0.00198123	0.7305
328.5	204.5	8.43134e-05	0.535
333.0	204.5	0.00269498	0.7425
337.5	204.5	0.000246325	0.3671
342.0	204.5	0.000119163	0.4806
346.5	204.5	0.000136807	0.6184
351.0	204.5	6.06701e-05	0.715
355.5	204.5	0.000135219	0.5541
360.0	204.5	0.00238247	0.9433
364.5	204.5	0.00254403	0.9838
369.0	204.5	6.18943e-05	0.7377
373.5	204.5	6.0101e-05	0.628
378.0	204.5	6.68257e-05	0.7141
382.5	204.5	0.00170905	0.948
387.0	204.5	0.00014582	0.981
391.5	204.5	0.000201611	1.0
396.0	204.5	0.00401822	1.0
400.5	204.5	0.00173294	0.8949
405.0	204.5	0.000154652	0.5566
409.5	204.5	0.00128097	0.9279
414.0	204.5	0.000626749	0.4902
418.5	204.5	0.000153637	0.5938
423.0	204.5	7.65219e-05	1.0
427.5	204.5	4.34858e-05	0.7587
432.0	204.5	3.58071e-05	0.6657
436.5	204.5	5.11413e-05	0.8492
441.0	204.5	1.08419e-05	1.0
445.5	204.5	2.4959e-05	1.0
-450.0	207.067	2.65992e-05	1.0
-445.5	207.067	2.1458e-05	0.6232
-441.0	207.067	2.14648e-05	0.8943
-436.5	207.067	9.91223e-05	0.6009
-432.0	207.067	7.55156e-05	0.76
-427.5	207.067	6.35891e-05	0.7143
-423.0	207.067	4.6267e-05	0.7078
-418.5	207.067	0.00146158	1.0
-414.0	207.067	0.0	0.0
-409.5	207.067	0.00094976	0.9896
-405.0	207.067	0.00144142	0.9764
-400.5	207.067	4.51485e-05	0.9151
-396.0	207.067	0.000180301	0.532
-391.5	207.067	0.00013898	0.5896
-387.0	207.067	6.71595e-05	0.7887
-382.5	207.067	2.61494e-05	1.0
-378.0	207.067	8.92383e-05	0.6256
-373.5	207.067	5.37847e-05	0.7332
-369.0	207.067	0.00085369	0.885
-364.5	207.067	8.9831e-05	0.4603
-360.0	207.067	0.000733813	0.9644
-355.5	207.067	9.11065e-05	0.4886
-351.0	207.067	0.000537439	0.9458
-346.5	207.067	3.86436e-05	1.0
-342.0	207.067	0.000119324	0.5206
-337.5	207.067	0.000101342	0.4659
-333.0	207.067	0.000116274	0.4062
-328.5	207.067	0.000448148	0.289
-324.0	207.067	0.000147354	0.4699
-319.5	207.067	0.00303708	0.9741
-315.0	207.067	0.000100009	0.5326
-310.5	207.067	0.000152015	0.3795
-306.0	207.067	5.14251e-05	0.6752
-301.5	207.067	0.000572588	0.6731
-297.0	207.067	0.000300201	0.4029
-292.5	207.067	0.000160432	0.4672
-288.0	207.067	0.000369304	0.3149
-283.5	207.067	0.000530472	0.6443
-279.0	207.067	0.00161315	0.8604
-274.5	207.067	0.000395347	0.6433
-270.0	207.067	0.00037332	0.2961
-265.5	207.067	0.000299614	0.2948
-261.0	207.067	0.00186394	0.6691
-256.5	207.067	0.000278543	0.4085
-252.0	207.067	0.00115871	0.7412
-247.5	207.067	0.00369575	0.6603
-243.0	207.067	0.000158285	0.4268
-238.5	207.067	0.00383964	0.8657
-234.0	207.067	0.00389869	0.8356
-229.5	207.067	0.00249885	0.5529
-225.0	207.067	0.00145937	0.6263
-220.5	207.067	0.00024992	0.3609
-216.0	207.067	0.00135916	0.6703
-211.5	207.067	0.000302849	0.3491
-207.0	207.067	0.00107395	0.6487
-202.5	207.067	0.00141639	0.7458
-198.0	207.067	0.00292189	0.5895
-193.5	207.067	0.0030862	0.8086
-189.0	207.067	0.00255639	0.6253
-184.5	207.067	0.000592674	0.2274
-180.0	207.067	0.00521038	0.6389
-175.5	207.067	0.00335395	0.5646
-171.0	207.067	0.000613216	0.2081
-166.5	207.067	0.00677743	0.5008
-162.0	207.067	0.00544415	0.665
-157.5	207.067	0.00482935	0.4804
-153.0	207.067	0.00490475	0.4477
-148.5	207.067	0.00942894	0.5139
-144.0	207.067	0.00313994	0.5511
-139.5	207.067	0.0029673	0.6141
-135.0	207.067	0.00135304	0.4659
-130.5	207.067	0.00271321	0.5643
-126.0	207.067	0.00526737	0.6365
-121.5	207.067	0.00160537	0.4332
-117.0	207.067	0.00108368	0.4563
-112.5	207.067	0.004724	0.6088
-108.0	207.067	0.00772156	0.4914
-103.5	207.067	0.00640729	0.588
-99.0	207.067	0.00416108	0.3521
-94.5	207.067	0.00247349	0.4775
-90.0	207.067	0.00239648	0.4405
-85.5	207.067	0.00330373	0.4031
-81.0	207.067	0.00677037	0.3808
-76.5	207.067	0.00826824	0.4018
-72.0	207.067	0.00738805	0.4064
-67.5	207.067	0.00663344	0.4465
-63.0	207.067	0.00809159	0.4066
-58.5	207.067	0.0073656	0.4788
-54.0	207.067	0.0140077	0.3098
-49.5	207.067	0.00698557	0.3298
-45.0	207.067	0.00628898	0.4223
-40.5	207.067	0.010379	0.4201
-36.0	207.067	0.0102683	0.3217
-31.5	207.067	0.00379985	0.3624
-27.0	207.067	0.00665683	0.4744
-22.5	207.067	0.0120557	0.3068
-18.0	207.067	0.00699903	0.3687
-13.5	207.067	0.0117205	0.3729
-9.0	207.067	0.0158747	0.3619
-4.5	207.067	0.0096805	0.4532
0.0	207.067	0.0115878	0.445
4.5	207.067	0.0122703	0.3505
9.0	207.067	0.0131777	0.3853
13.5	207.067	0.00732624	0.3832
18.0	207.067	0.00941484	0.3564
22.5	207.067	0.0169014	0.3106
27.0	207.067	0.00677875	0.4983
31.5	207.067	0.00803072	0.4326
36.0	207.067	0.010649	0.379
40.5	207.067	0.0135599	0.3097
45.0	207.067	0.0113639	0.394
49.5	207.067	0.00172564	0.2085
54.0	207.067	0.0118108	0.3488
58.5	207.067	0.00844586	0.3649
63.0	207.067	0.00247723	0.6357
67.5	207.067	0.00723559	0.4688
72.0	207.067	0.00946693	0.4101
76.5	207.067	0.00741922	0.3917
81.0	207.067	0.0105343	0.3928
85.5	207.067	0.00874343	0.3804
90.0	207.067	0.00622478	0.4156
94.5	207.067	0.0165633	0.3731
99.0	207.067	0.00731519	0.4857
103.5	207.067	0.00631924	0.4138
108.0	207.067	0.00659851	0.4339
112.5	207.067	0.0025224	0.591
117.0	207.067	0.00696473	0.4943
121.5	207.067	0.00683088	0.5126
126.0	207.067	0.00874319	0.4307
130.5	207.067	0.00778996	0.4326
135.0	207.067	0.0033805	0.4123
139.5	207.067	0.00811088	0.4314
144.0	207.067	0.00417539	0.4544
148.5	207.067	0.00489867	0.4654
153.0	207.067	0.00262764	0.5517
157.5	207.067	0.00825688	0.6087
162.0	207.067	0.00659832	0.5283
166.5	207.067	0.00181552	0.467
171.0	207.067	0.00125728	0.3434
175.5	207.067	0.00490716	0.6741
180.0	207.067	0.00502014	0.4035
184.5	207.067	0.00977976	0.4204
189.0	207.067	0.00518062	0.5387
193.5	207.067	0.000840815	0.4954
198.0	207.067	0.000473394	0.2852
202.5	207.067	0.00417749	0.5579
207.0	207.067	0.00368676	0.6528
211.5	207.067	0.00309354	0.584
216.0	207.067	0.00661611	0.5547
220.5	207.067	0.00188721	0.5164
225.0	207.067	0.000663464	0.522
229.5	207.067	0.00171532	0.6904
234.0	207.067	0.00313269	0.8846
238.5	207.067	0.00297078	0.7025
243.0	207.067	0.00235807	0.6452
247.5	207.067	0.00128676	0.8404
252.0	207.067	0.00151713	0.5191
256.5	207.067	0.000310244	0.2929
261.0	207.067	0.000339576	0.318
265.5	207.067	0.00288949	0.6091
270.0	207.067	0.0023763	0.6427
274.5	207.067	0.00102424	0.6982
279.0	207.067	0.000297539	0.3978
283.5	207.067	0.000316696	0.3407
288.0	207.067	0.00017157	0.3981
292.5	207.067	0.00110193	0.7716
297.0	207.067	0.000258201	0.3626
301.5	207.067	0.00138781	0.6116
306.0	207.067	0.000452145	0.8219
310.5	207.067	0.000383374	0.4842
315.0	207.067	0.000904126	0.7743
319.5	207.067	0.00127175	0.6994
324.0	207.067	0.000496139	0.6994
328.5	207.067	1.9958e-05	0.7282
333.0	207.067	0.000492003	0.6488
337.5	207.067	0.000271459	0.5857
342.0	207.067	0.000133574	0.4895
346.5	207.067	0.000146736	0.5208
351.0	207.067	0.000878423	0.7594
355.5	207.067	0.000118453	0.4185
360.0	207.067	0.000183818	0.5929
364.5	207.067	0.000266699	0.8269
369.0	207.067	8.87149e-05	0.6033
373.5	207.067	0.000174079	0.5024
378.0	207.067	5.53224e-05	0.874
382.5	207.067	4.03142e-05	0.7751
387.0	207.067	0.00180517	0.9763
391.5	207.067	0.0	0.0
396.0	207.067	0.000340307	1.0
400.5	207.067	0.00396086	0.9796
405.0	207.067	0.000131386	0.5107
409.5	207.067	0.000136655	0.5961
414.0	207.067	7.42969e-05	0.4514
418.5	207.067	4.621e-05	0.7296
423.0	207.067	4.69564e-05	0.5846
427.5	207.067	9.27964e-06	1.0
432.0	207.067	0.00224015	0.7178
436.5	207.067	0.000834738	0.9949
441.0	207.067	3.29312e-05	1.0
445.5	207.067	0.0	0.0
-450.0	209.633	4.03333e-05	0.7583
-445.5	209.633	0.000121074	0.5294
-441.0	209.633	8.48876e-05	0.6893
-436.5	209.633	6.69459e-05	0.523
-432.0	209.633	5.96413e-05	0.671
-427.5	209.633	0.000128684	0.7419
-423.0	209.633	4.04191e-05	0.7077
-418.5	209.633	3.66049e-05	0.7743
-414.0	209.633	3.32557e-05	1.0
-409.5	209.633	0.000853505	0.9933
-405.0	209.633	0.000102942	0.7084
-400.5	209.633	4.56715e-05	0.645
-396.0	209.633	0.000112621	0.6432
-391.5	209.633	0.000135469	0.5174
-387.0	209.633	1.10056e-07	1.0
-382.5	209.633	2.10022e-05	1.0
-378.0	209.633	0.000130339	0.4672
-373.5	209.633	0.000178106	0.5848
-369.0	209.633	0.00037663	0.6506
-364.5	209.633	0.000126901	0.577
-360.0	209.633	8.21491e-05	0.5295
-355.5	209.633	2.67837e-05	0.7835
-351.0	209.633	0.000104134	0.595
-346.5	209.633	4.83968e-05	0.781
-342.0	209.633	0.000156383	0.424
-337.5	209.633	7.96603e-05	0.4679
-333.0	209.633	0.000199501	0.4388
-328.5	209.633	0.000213764	0.3722
-324.0	209.633	0.0018182	0.9554
-319.5	209.633	0.000585252	0.8279
-315.0	209.633	0.00203732	0.8631
-310.5	209.633	0.000159459	0.3968
-306.0	209.633	0.000209541	0.3597
-301.5	209.633	0.000340443	0.4206
-297.0	209.633	0.00021123	0.3374
-292.5	209.633	0.00124947	0.7522
-288.0	209.633	0.00283673	0.9489
-283.5	209.633	0.000598113	0.7278
-279.0	209.633	0.00248816	0.9028
-274.5	209.633	0.000311664	0.3615
-270.0	209.633	0.000429951	0.2941
-265.5	209.633	0.00021281	0.3774
-261.0	209.633	0.000136241	0.4353
-256.5	209.633	0.00345882	0.6478
-252.0	209.633	0.00182965	0.8023
-247.5	209.633	0.000367556	0.3813
-243.0	209.633	0.00227111	0.7644
-238.5	209.633	0.00317294	0.5807
-234.0	209.633	0.00105629	0.6635
-229.5	209.633	0.00432864	0.9097
-225.0	209.633	0.000358239	0.3936
-220.5	209.633	0.00049266	0.3957
-216.0	209.633	0.00370615	0.6764
-211.5	209.633	0.000427892	0.3125
-207.0	209.633	0.000214643	0.3285
-202.5	209.633	0.00118419	0.5199
-198.0	209.633	0.00377612	0.667
-193.5	209.633	0.00325567	0.5582
-189.0	209.633	0.0003795	0.3
-184.5	209.633	0.00458782	0.6326
-180.0	209.633	0.00380014	0.5976
-175.5	209.633	0.000520683	0.2355
-171.0	209.633	0.000950155	0.3286
-166.5	209.633	0.00277918	0.7944
-162.0	209.633	0.00122519	0.5423
-157.5	209.633	0.00418499	0.6342
-153.0	209.633	0.00348644	0.5851
-148.5	209.633	0.00470886	0.3896
-144.0	209.633	0.00867387	0.5349
-139.5	209.633	0.00210491	0.5851
-135.0	209.633	0.00222025	0.5885
-130.5	209.633	0.00171134	0.3901
-126.0	209.633	0.00265573	0.6245
-121.5	209.633	0.00151282	0.5984
-117.0	209.633	0.00451047	0.6556
-112.5	209.633	0.00462129	0.5802
-108.0	209.633	0.00252488	0.4071
-103.5	209.633	0.00630653	0.3854
-99.0	209.633	0.00536954	0.3246
-94.5	209.633	0.00517067	0.4866
-90.0	209.633	0.0112013	0.445
-85.5	209.633	0.0096172	0.3714
-81.0	209.633	0.00408197	0.43
-76.5	209.633	0.00787731	0.4178
-72.0	209.633	0.00457002	0.5264
-67.5	209.633	0.00429699	0.4214
-63.0	209.633	0.0127554	0.3755
-58.5	209.633	0.013864	0.3874
-54.0	209.633	0.0116464	0.4623
-49.5	209.633	0.00773943	0.3393
-45.0	209.633	0.0111116	0.4093
-40.5	209.633	0.0058464	0.3919
-36.0	209.633	0.0103922	0.4069
-31.5	209.633	0.00845884	0.3728
-27.0	209.633	0.00476104	0.4335
-22.5	209.633	0.0122548	0.2956
-18.0	209.633	0.00665933	0.4018
-13.5	209.633	0.00750069	0.4431
-9.0	209.633	0.00837437	0.3612
-4.5	209.633	0.00578463	0.3961
0.0	209.633	0.0099375	0.3385
4.5	209.633	0.0125188	0.3962
9.0	209.633	0.00598241	0.4602
13.5	209.633	0.00799907	0.4366
18.0	209.633	0.00714347	0.3842
22.5	209.633	0.0132288	0.3617
27.0	209.633	0.00533036	0.4142
31.5	209.633	0.00706506	0.3806
36.0	209.633	0.0096957	0.3596
40.5	209.633	0.0142924	0.3072
45.0	209.633	0.0123873	0.3186
49.5	209.633	0.00383711	0.3787
54.0	209.633	0.00672452	0.4592
58.5	209.633	0.00586081	0.4466
63.0	209.633	0.0078506	0.4212
67.5	209.633	0.00567586	0.3726
72.0	209.633	0.0031396	0.5504
76.5	209.633	0.00645044	0.3807
81.0	209.633	0.00967292	0.392
85.5	209.633	0.00418205	0.486
90.0	209.633	0.00518946	0.5204
94.5	209.633	0.00360956	0.7143
99.0	209.633	0.00658514	0.3546
103.5	209.633	0.00546608	0.3662
108.0	209.633	0.00592322	0.4265
112.5	209.633	0.00419779	0.4088
117.0	209.633	0.00815623	0.4386
121.5	209.633	0.00678387	0.5365
126.0	209.633	0.00732055	0.3945
130.5	209.633	0.00864618	0.6081
135.0	209.633	0.00800399	0.428
139.5	209.633	0.00404048	0.5201
144.0	209.633	0.00428032	0.4878
148.5	209.633	0.00349381	0.4292
153.0	209.633	0.00258813	0.5447
157.5	209.633	0.00263938	0.727
162.0	209.633	0.00683488	0.4909
166.5	209.633	0.000844056	0.3272
171.0	209.633	0.000800209	0.5435
175.5	209.633	0.0035619	0.6009
180.0	209.633	0.000443819	0.2764
184.5	209.633	0.0055146	0.4929
189.0	209.633	0.00618326	0.6617
193.5	209.633	0.0014964	0.7143
198.0	209.633	0.000590656	0.3337
202.5	209.633	0.00252827	0.7383
207.0	209.633	0.00062654	0.2246
211.5	209.633	0.00340567	0.5915
216.0	209.633	0.0087299	0.5864
220.5	209.633	0.00131839	0.4278
225.0	209.633	0.0015051	0.8288
229.5	209.633	0.00147012	0.5716
234.0	209.633	0.00110334	0.5658
238.5	209.633	0.0102	0.4857
243.0	209.633	0.00317371	0.6098
247.5	209.633	0.00177407	0.8557
252.0	209.633	0.00407982	0.5791
256.5	209.633	0.00336735	0.6521
261.0	209.633	0.000412672	0.3846
265.5	209.633	0.000299198	0.3525
270.0	209.633	0.00207678	0.7032
274.5	209.633	0.000569437	0.4061
279.0	209.633	0.000337844	0.3143
283.5	209.633	0.00110683	0.7995
288.0	209.633	0.000266165	0.3438
292.5	209.633	0.00187277	0.8013
297.0	209.633	0.00198921	0.6464
301.5	209.633	0.00176763	0.9117
306.0	209.633	0.000182314	0.4006
310.5	209.633	0.000716079	0.7653
315.0	209.633	0.000212857	0.5741
319.5	209.633	0.000157377	0.428
324.0	209.633	0.000145908	0.4337
328.5	209.633	3.4695e-05	0.7277
333.0	209.633	0.00306368	0.7159
337.5	209.633	0.000524461	0.8721
342.0	209.633	4.86009e-05	0.7717
346.5	209.633	1.59335e-05	0.5981
351.0	209.633	0.00317241	0.9846
355.5	209.633	0.000178289	0.45
360.0	209.633	0.000188739	0.5298
364.5	209.633	0.000100657	0.5649
369.0	209.633	0.000368881	0.7187
373.5	209.633	0.000533826	0.8647
378.0	209.633	0.000457586	1.0
382.5	209.633	0.000368541	0.8133
387.0	209.633	0.000389058	0.8679
391.5	209.633	0.000842609	0.9778
396.0	209.633	2.51198e-05	1.0
400.5	209.633	0.000537061	0.895
405.0	209.633	0.00376227	0.9943
409.5	209.633	0.000185339	0.5131
414.0	209.633	0.000130986	0.448
418.5	209.633	4.34505e-05	0.7261
423.0	209.633	0.000323362	0.7517
427.5	209.633	0.0	0.0
432.0	209.633	0.000677354	0.8825
436.5	209.633	0.00267408	0.7881
441.0	209.633	0.00191097	0.9727
445.5	209.633	0.0	0.0
-450.0	212.2	7.62931e-05	0.7658
-445.5	212.2	1.09236e-05	0.9673
-441.0	212.2	0.0	0.0
-436.5	212.2	0.000108189	0.6468
-432.0	212.2	0.000154161	0.5881
-427.5	212.2	5.15555e-05	1.0
-423.0	212.2	4.1531e-05	0.7217
-418.5	212.2	8.83875e-06	1.0
-414.0	212.2	0.0	0.0
-409.5	212.2	2.67144e-05	0.7362
-405.0	212.2	3.1147e-05	0.7384
-400.5	212.2	4.17231e-05	0.7159
-396.0	212.2	4.78458e-05	0.9722
-391.5	212.2	6.2838e-05	0.6716
-387.0	212.2	4.62111e-05	0.7515
-382.5	212.2	0.000101726	0.5661
-378.0	212.2	9.68186e-05	0.5822
-373.5	212.2	1.37733e-06	1.0
-369.0	212.2	7.35774e-05	0.6306
-364.5	212.2	4.0363e-05	0.6846
-360.0	212.2	8.05989e-05	0.6193
-355.5	212.2	0.000121305	0.4914
-351.0	212.2	8.76202e-05	0.6338
-346.5	212.2	0.000157932	0.4169
-342.0	212.2	0.000113443	0.4484
-337.5	212.2	0.000261655	0.4773
-333.0	212.2	0.000138852	0.5217
-328.5	212.2	0.000121855	0.4124
-324.0	212.2	0.000219311	0.4064
-319.5	212.2	0.000199754	0.3894
-315.0	212.2	0.000210602	0.3729
-310.5	212.2	0.000115717	0.4091
-306.0	212.2	0.000351646	0.3504
-301.5	212.2	0.000207384	0.4002
-297.0	212.2	0.000226747	0.397
-292.5	212.2	0.000193687	0.3285
-288.0	212.2	0.00241065	0.6346
-283.5	212.2	0.000692771	0.6566
-279.0	212.2	0.000256593	0.3423
-274.5	212.2	0.000323961	0.3366
-270.0	212.2	0.000284477	0.3199
-265.5	212.2	0.000121727	0.4399
-261.0	212.2	0.00199213	0.8779
-256.5	212.2	0.00233155	0.631
-252.0	212.2	0.00558352	0.7747
-247.5	212.2	0.00259249	0.6626
-243.0	212.2	0.00213795	0.5277
-238.5	212.2	0.00114237	0.6429
-234.0	212.2	0.00357276	0.7571
-229.5	212.2	0.00377019	0.5276
-225.0	212.2	0.000300488	0.3573
-220.5	212.2	0.000438142	0.3476
-216.0	212.2	0.00108424	0.6381
-211.5	212.2	0.000305917	0.2998
-207.0	212.2	0.000291039	0.3325
-202.5	212.2	0.00269211	0.611
-198.0	212.2	0.000396995	0.2691
-193.5	212.2	0.00102478	0.7179
-189.0	212.2	0.00389278	0.6421
-184.5	212.2	0.00278265	0.6107
-180.0	212.2	0.000385693	0.4209
-175.5	212.2	0.00243319	0.858
-171.0	212.2	0.000635739	0.2317
-166.5	212.2	0.0051742	0.5086
-162.0	212.2	0.00123728	0.5325
-157.5	212.2	0.00193441	0.7204
-153.0	212.2	0.00443165	0.4819
-148.5	212.2	0.00181272	0.4336
-144.0	212.2	0.0038322	0.6286
-139.5	212.2	0.00267903	0.5707
-135.0	212.2	0.00655295	0.5021
-130.5	212.2	0.0035695	0.8009
-126.0	212.2	0.00157643	0.5971
-121.5	212.2	0.00343669	0.49
-117.0	212.2	0.00574406	0.4286
-112.5	212.2	0.00524357	0.6237
-108.0	212.2	0.00121562	0.3119
-103.5	212.2	0.00383028	0.5807
-99.0	212.2	0.00426115	0.5162
-94.5	212.2	0.00388727	0.4333
-90.0	212.2	0.00614346	0.5016
-85.5	212.2	0.00489014	0.4041
-81.0	212.2	0.00318897	0.6608
-76.5	212.2	0.00368687	0.5977
-72.0	212.2	0.00309055	0.4296
-67.5	212.2	0.00241602	0.6144
-63.0	212.2	0.00919584	0.4199
-58.5	212.2	0.00894628	0.4003
-54.0	212.2	0.00270722	0.3203
-49.5	212.2	0.00642701	0.4246
-45.0	212.2	0.00490026	0.5818
-40.5	212.2	0.0114143	0.3556
-36.0	212.2	0.00727109	0.3809
-31.5	212.2	0.0106197	0.3516
-27.0	212.2	0.00428963	0.3885
-22.5	212.2	0.00793854	0.4045
-18.0	212.2	0.0110134	0.3811
-13.5	212.2	0.00585531	0.4449
-9.0	212.2	0.00900198	0.4345
-4.5	212.2	0.00894674	0.3772
0.0	212.2	0.0107089	0.3818
4.5	212.2	0.0145746	0.3296
9.0	212.2	0.0109125	0.4143
13.5	212.2	0.00662681	0.4737
18.0	212.2	0.00948502	0.3357
22.5	212.2	0.0116044	0.3524
27.0	212.2	0.00467871	0.3524
31.5	212.2	0.00464518	0.489
36.0	212.2	0.0107608	0.4067
40.5	212.2	0.0123422	0.3662
45.0	212.2	0.00758059	0.3913
49.5	212.2	0.00736899	0.3691
54.0	212.2	0.0056579	0.5492
58.5	212.2	0.00129803	0.2357
63.0	212.2	0.00292049	0.4519
67.5	212.2	0.00425929	0.4153
72.0	212.2	0.00199108	0.3488
76.5	212.2	0.00808751	0.4774
81.0	212.2	0.00794584	0.4658
85.5	212.2	0.00825339	0.4926
90.0	212.2	0.00244178	0.6932
94.5	212.2	0.00971043	0.3985
99.0	212.2	0.00545515	0.4644
103.5	212.2	0.00539995	0.5172
108.0	212.2	0.00467106	0.5578
112.5	212.2	0.0062938	0.512
117.0	212.2	0.00534902	0.535
121.5	212.2	0.00405117	0.5868
126.0	212.2	0.009649	0.3968
130.5	212.2	0.00264156	0.4842
135.0	212.2	0.00174703	0.4058
139.5	212.2	0.00401295	0.4951
144.0	212.2	0.00420687	0.5058
148.5	212.2	0.00376841	0.7632
153.0	212.2	0.00200004	0.528
157.5	212.2	0.00226471	0.5396
162.0	212.2	0.00412704	0.606
166.5	212.2	0.00216169	0.6353
171.0	212.2	0.00477004	0.6279
175.5	212.2	0.00218551	0.6281
180.0	212.2	0.00229785	0.7718
184.5	212.2	0.00259511	0.6448
189.0	212.2	0.00587258	0.4768
193.5	212.2	0.00865571	0.5078
198.0	212.2	0.00251795	0.5853
202.5	212.2	0.00224968	0.8283
207.0	212.2	0.00190746	0.7596
211.5	212.2	0.000592599	0.5234
216.0	212.2	0.00165475	0.5747
220.5	212.2	0.00908397	0.5652
225.0	212.2	0.00107842	0.429
229.5	212.2	0.000623928	0.5896
234.0	212.2	0.00194807	0.6588
238.5	212.2	0.00396129	0.5926
243.0	212.2	0.00463609	0.6207
247.5	212.2	0.00331051	0.6551
252.0	212.2	0.00365741	0.6636
256.5	212.2	0.00102727	0.5274
261.0	212.2	0.00174817	0.4317
265.5	212.2	0.000175474	0.3394
270.0	212.2	0.00018597	0.4433
274.5	212.2	0.000533392	0.6273
279.0	212.2	0.00039565	0.3389
283.5	212.2	0.00021573	0.4148
288.0	212.2	0.000163182	0.3806
292.5	212.2	0.000571204	0.7716
297.0	212.2	0.00257506	0.659
301.5	212.2	0.000108185	0.4813
306.0	212.2	9.90568e-05	0.5982
310.5	212.2	0.000663148	0.8185
315.0	212.2	0.0012082	0.8348
319.5	212.2	0.000168334	0.3768
324.0	212.2	0.000188539	0.3795
328.5	212.2	0.000113097	0.611
333.0	212.2	0.00072286	0.8327
337.5	212.2	0.00200748	0.8546
342.0	212.2	0.000447356	0.719
346.5	212.2	6.20842e-05	0.5151
351.0	212.2	6.74685e-05	0.6388
355.5	212.2	4.53441e-05	0.8238
360.0	212.2	0.000200772	0.4873
364.5	212.2	8.24817e-05	0.5118
369.0	212.2	0.000557379	0.7657
373.5	212.2	0.000159616	1.0
378.0	212.2	2.44259e-05	1.0
382.5	212.2	3.81557e-05	0.8217
387.0	212.2	6.26425e-05	0.5806
391.5	212.2	1.92472e-05	1.0
396.0	212.2	0.000110652	0.5796
400.5	212.2	4.39626e-05	0.9277
405.0	212.2	0.00011564	0.8488
409.5	212.2	5.18631e-05	1.0
414.0	212.2	0.000150243	0.5581
418.5	212.2	6.60479e-05	0.5921
423.0	212.2	9.2124e-05	0.6236
427.5	212.2	7.97321e-05	0.5171
432.0	212.2	1.02425e-05	1.0
436.5	212.2	0.000696845	1.0
441.0	212.2	0.00154932	0.7372
445.5	212.2	0.00332854	0.8689
-450.0	214.767	1.26436e-06	1.0
-445.5	214.767	6.61702e-05	0.6332
-441.0	214.767	0.00018024	0.602
-436.5	214.767	0.00012215	0.5024
-432.0	214.767	0.0	0.0
-427.5	214.767	1.77187e-05	1.0
-423.0	214.767	6.41914e-05	0.6524
-418.5	214.767	1.29632e-05	1.0
-414.0	214.767	5.98623e-06	1.0
-409.5	214.767	4.93411e-05	1.0
-405.0	214.767	4.13095e-05	1.0
-400.5	214.767	3.03227e-05	0.7021
-396.0	214.767	1.40721e-06	1.0
-391.5	214.767	2.27099e-05	0.622
-387.0	214.767	0.000153265	0.5149
-382.5	214.767	0.000154132	0.4485
-378.0	214.767	5.22712e-05	0.6504
-373.5	214.767	2.36558e-05	1.0
-369.0	214.767	2.52378e-05	0.5895
-364.5	214.767	6.63829e-05	0.5883
-360.0	214.767	9.03539e-05	0.5274
-355.5	214.767	0.00019378	0.3977
-351.0	214.767	0.000116743	0.5514
-346.5	214.767	9.16908e-05	0.6405
-342.0	214.767	5.51365e-05	0.6007
-337.5	214.767	0.000310956	0.5788
-333.0	214.767	0.000261896	0.4852
-328.5	214.767	0.00015712	0.4303
-324.0	214.767	2.58802e-05	0.7903
-319.5	214.767	0.000128021	0.4186
-315.0	214.767	0.000166584	0.4077
-310.5	214.767	0.000216444	0.3564
-306.0	214.767	0.000266811	0.4058
-301.5	214.767	0.000315053	0.365
-297.0	214.767	0.000282695	0.3681
-292.5	214.767	0.00141188	0.8973
-288.0	214.767	0.00329234	0.8867
-283.5	214.767	0.000699857	0.4671
-279.0	214.767	0.00034146	0.3642
-274.5	214.767	0.000331982	0.3074
-270.0	214.767	0.000196761	0.3874
-265.5	214.767	2.39528e-05	0.6166
-261.0	214.767	0.00305022	0.9264
-256.5	214.767	0.0036675	0.8724
-252.0	214.767	0.00628607	0.6868
-247.5	214.767	0.000191793	0.3472
-243.0	214.767	0.000691771	0.7957
-238.5	214.767	0.000642431	0.364
-234.0	214.767	0.002541	0.7072
-229.5	214.767	0.00021656	0.3861
-225.0	214.767	0.00436325	0.6652
-220.5	214.767	0.000329378	0.3416
-216.0	214.767	0.00170955	0.855
-211.5	214.767	0.000272603	0.3791
-207.0	214.767	0.000323867	0.3291
-202.5	214.767	0.00203091	0.7318
-198.0	214.767	0.000341365	0.2912
-193.5	214.767	0.00130758	0.7492
-189.0	214.767	0.00332485	0.5969
-184.5	214.767	0.00189657	0.747
-180.0	214.767	0.00415444	0.8061
-175.5	214.767	0.00240825	0.7884
-171.0	214.767	0.000655069	0.241
-166.5	214.767	0.00558633	0.6786
-162.0	214.767	0.0070785	0.4737
-157.5	214.767	0.00197023	0.6266
-153.0	214.767	0.00461644	0.5067
-148.5	214.767	0.000667409	0.2907
-144.0	214.767	0.00242636	0.6802
-139.5	214.767	0.00253999	0.6474
-135.0	214.767	0.00729697	0.504
-130.5	214.767	0.0027932	0.7655
-126.0	214.767	0.00221479	0.6304
-121.5	214.767	0.00185134	0.3761
-117.0	214.767	0.00301281	0.5241
-112.5	214.767	0.0034077	0.4317
-108.0	214.767	0.00429361	0.4789
-103.5	214.767	0.00362276	0.6136
-99.0	214.767	0.00317263	0.3996
-94.5	214.767	0.00921012	0.4837
-90.0	214.767	0.00311144	0.4191
-85.5	214.767	0.00343662	0.4172
-81.0	214.767	0.00616628	0.4865
-76.5	214.767	0.00291272	0.6913
-72.0	214.767	0.00475306	0.4882
-67.5	214.767	0.00448935	0.4996
-63.0	214.767	0.0136618	0.3697
-58.5	214.767	0.0101302	0.4099
-54.0	214.767	0.00876838	0.5089
-49.5	214.767	0.00742203	0.387
-45.0	214.767	0.00163295	0.2379
-40.5	214.767	0.00772583	0.3864
-36.0	214.767	0.00519459	0.4921
-31.5	214.767	0.00554412	0.5138
-27.0	214.767	0.00969905	0.3567
-22.5	214.767	0.0059407	0.3367
-18.0	214.767	0.0048976	0.3709
-13.5	214.767	0.00756484	0.451
-9.0	214.767	0.0113476	0.3753
-4.5	214.767	0.00868079	0.4322
0.0	214.767	0.00937468	0.394
4.5	214.767	0.00494005	0.4229
9.0	214.767	0.0105185	0.5409
13.5	214.767	0.0130398	0.334
18.0	214.767	0.00659104	0.4531
22.5	214.767	0.0104897	0.3712
27.0	214.767	0.00763617	0.3609
31.5	214.767	0.00797908	0.3487
36.0	214.767	0.00816028	0.3553
40.5	214.767	0.00399545	0.4295
45.0	214.767	0.00740624	0.4063
49.5	214.767	0.00777762	0.4105
54.0	214.767	0.00829132	0.4425
58.5	214.767	0.00124616	0.1864
63.0	214.767	0.00318945	0.4561
67.5	214.767	0.00548815	0.499
72.0	214.767	0.00378942	0.6465
76.5	214.767	0.00735284	0.4182
81.0	214.767	0.00403312	0.4906
85.5	214.767	0.00674969	0.5414
90.0	214.767	0.0064214	0.4658
94.5	214.767	0.0120853	0.4056
99.0	214.767	0.00236594	0.4819
103.5	214.767	0.00567183	0.5948
108.0	214.767	0.00788347	0.4067
112.5	214.767	0.00300198	0.5105
117.0	214.767	0.0111071	0.4226
121.5	214.767	0.00107862	0.3049
126.0	214.767	0.00103496	0.3277
130.5	214.767	0.00623002	0.5477
135.0	214.767	0.00463932	0.4497
139.5	214.767	0.00362623	0.5228
144.0	214.767	0.00589933	0.5084
148.5	214.767	0.0076234	0.433
153.0	214.767	0.00329386	0.4476
157.5	214.767	0.00135039	0.4622
162.0	214.767	0.00403538	0.5011
166.5	214.767	0.00209752	0.5414
171.0	214.767	0.000462439	0.2442
175.5	214.767	0.00362928	0.8947
180.0	214.767	0.00423238	0.4718
184.5	214.767	0.00145025	0.4761
189.0	214.767	0.00382833	0.867
193.5	214.767	0.00446378	0.7082
198.0	214.767	0.00540442	0.5903
202.5	214.767	0.00329139	0.6221
207.0	214.767	0.000520465	0.2845
211.5	214.767	0.000808592	0.3893
216.0	214.767	0.000253647	0.4023
220.5	214.767	0.00375263	0.5921
225.0	214.767	0.0107933	0.4675
229.5	214.767	0.000470612	0.3578
234.0	214.767	0.00125506	0.4733
238.5	214.767	0.000142006	0.4347
243.0	214.767	0.00569118	0.702
247.5	214.767	0.000444884	0.4986
252.0	214.767	0.00093882	0.5185
256.5	214.767	0.00264447	0.6896
261.0	214.767	0.00150336	0.8777
265.5	214.767	0.00136667	0.8017
270.0	214.767	0.000533132	0.6406
274.5	214.767	0.000902881	0.5447
279.0	214.767	0.00215664	0.6158
283.5	214.767	0.000324199	0.3676
288.0	214.767	0.000285838	0.3648
292.5	214.767	0.00025925	0.3486
297.0	214.767	0.00168811	0.8769
301.5	214.767	0.00268843	0.904
306.0	214.767	0.000133886	0.4349
310.5	214.767	0.000713983	0.7636
315.0	214.767	0.000123517	0.452
319.5	214.767	7.25383e-05	0.634
324.0	214.767	0.00012375	0.5131
328.5	214.767	0.000137332	0.4087
333.0	214.767	0.000160862	0.49
337.5	214.767	0.000950119	0.8497
342.0	214.767	0.00202249	0.7734
346.5	214.767	0.000458568	0.8796
351.0	214.767	0.00201416	0.6893
355.5	214.767	6.17169e-06	1.0
360.0	214.767	0.000135243	0.6513
364.5	214.767	8.62207e-05	0.5644
369.0	214.767	0.00215376	0.9846
373.5	214.767	0.000280802	0.7561
378.0	214.767	0.000217852	0.6212
382.5	214.767	8.63069e-06	1.0
387.0	214.767	5.84047e-05	0.7208
391.5	214.767	3.40515e-05	0.6952
396.0	214.767	0.0	0.0
400.5	214.767	1.85751e-05	1.0
405.0	214.767	0.000463386	0.8208
409.5	214.767	3.82931e-05	0.7303
414.0	214.767	8.00349e-05	0.9434
418.5	214.767	8.88882e-05	0.6506
423.0	214.767	0.0	0.0
427.5	214.767	6.84722e-05	0.6974
432.0	214.767	8.58785e-05	0.5718
436.5	214.767	4.88282e-05	0.7091
441.0	214.767	0.0	0.0
445.5	214.767	5.12041e-05	0.6647
-450.0	217.333	0.00018514	0.49
-445.5	217.333	0.000173492	0.5036
-441.0	217.333	2.13908e-05	0.9042
-436.5	217.333	7.12519e-05	0.7359
-432.0	217.333	5.84135e-05	0.8858
-427.5	217.333	8.34578e-05	0.7116
-423.0	217.333	1.71486e-05	0.7124
-418.5	217.333	2.79316e-05	0.8337
-414.0	217.333	3.88347e-05	0.6615
-409.5	217.333	0.000108776	0.7202
-405.0	217.333	3.4032e-05	0.8771
-400.5	217.333	9.92494e-06	1.0
-396.0	217.333	2.35551e-06	1.0
-391.5	217.333	7.85881e-05	0.7734
-387.0	217.333	5.2263e-05	0.6063
-382.5	217.333	0.000101426	0.5314
-378.0	217.333	2.54909e-05	1.0
-373.5	217.333	1.86448e-05	1.0
-369.0	217.333	1.94873e-05	1.0
-364.5	217.333	2.13076e-05	0.7711
-360.0	217.333	0.00011937	0.5244
-355.5	217.333	0.0002162	0.5118
-351.0	217.333	8.98524e-05	0.5268
-346.5	217.333	0.000166762	0.4024
-342.0	217.333	0.000130844	0.441
-337.5	217.333	0.000195367	0.5286
-333.0	217.333	0.00019366	0.3832
-328.5	217.333	9.8793e-05	0.4746
-324.0	217.333	6.3775e-05	0.5804
-319.5	217.333	4.99528e-05	0.7513
-315.0	217.333	0.000166012	0.4183
-310.5	217.333	0.000263328	0.4706
-306.0	217.333	0.000131866	0.5344
-301.5	217.333	0.000839925	0.8233
-297.0	217.333	0.00019647	0.4072
-292.5	217.333	0.00156594	0.7186
-288.0	217.333	0.000171678	0.3946
-283.5	217.333	0.000899116	0.7422
-279.0	217.333	0.000279037	0.3396
-274.5	217.333	0.000132682	0.4673
-270.0	217.333	6.8522e-05	0.6097
-265.5	217.333	0.000213194	0.3583
-261.0	217.333	0.00060755	0.7252
-256.5	217.333	0.00545391	0.6132
-252.0	217.333	0.000777003	0.5791
-247.5	217.333	0.00037741	0.3063
-243.0	217.333	0.00184618	0.6567
-238.5	217.333	0.000794151	0.562
-234.0	217.333	0.000328798	0.6107
-229.5	217.333	0.00102033	0.714
-225.0	217.333	0.000342119	0.3169
-220.5	217.333	0.000223959	0.3387
-216.0	217.333	0.000207324	0.3702
-211.5	217.333	0.00042055	0.2953
-207.0	217.333	0.000338279	0.3254
-202.5	217.333	0.000624982	0.2261
-198.0	217.333	0.000201357	0.3329
-193.5	217.333	0.00377218	0.7304
-189.0	217.333	0.00102974	0.4454
-184.5	217.333	0.00306279	0.9076
-180.0	217.333	0.00256262	0.7173
-175.5	217.333	0.000338077	0.2942
-171.0	217.333	0.00537879	0.5721
-166.5	217.333	0.00259716	0.5627
-162.0	217.333	0.000446563	0.2418
-157.5	217.333	0.00343607	0.6067
-153.0	217.333	0.00499658	0.5486
-148.5	217.333	0.000948824	0.6078
-144.0	217.333	0.00270529	0.7234
-139.5	217.333	0.000990407	0.3782
-135.0	217.333	0.00736245	0.4899
-130.5	217.333	0.0036545	0.87
-126.0	217.333	0.00177438	0.5916
-121.5	217.333	0.00484627	0.8784
-117.0	217.333	0.00132374	0.5066
-112.5	217.333	0.00210248	0.5633
-108.0	217.333	0.00338162	0.6037
-103.5	217.333	0.00290498	0.5237
-99.0	217.333	0.0077465	0.3815
-94.5	217.333	0.00630172	0.592
-90.0	217.333	0.00631466	0.4052
-85.5	217.333	0.00469005	0.6568
-81.0	217.333	0.00508373	0.4554
-76.5	217.333	0.00863823	0.4136
-72.0	217.333	0.00484026	0.4214
-67.5	217.333	0.00479808	0.4409
-63.0	217.333	0.00918251	0.4385
-58.5	217.333	0.00504335	0.5229
-54.0	217.333	0.00556606	0.5118
-49.5	217.333	0.0121857	0.3781
-45.0	217.333	0.00340155	0.5346
-40.5	217.333	0.00247702	0.2924
-36.0	217.333	0.00431992	0.4613
-31.5	217.333	0.00578697	0.5441
-27.0	217.333	0.0124109	0.3779
-22.5	217.333	0.00580935	0.378
-18.0	217.333	0.00182801	0.2303
-13.5	217.333	0.00716596	0.4372
-9.0	217.333	0.00522382	0.4625
-4.5	217.333	0.00755869	0.486
0.0	217.333	0.00670356	0.3668
4.5	217.333	0.00836795	0.3828
9.0	217.333	0.0144931	0.3807
13.5	217.333	0.0125741	0.3283
18.0	217.333	0.00759441	0.3219
22.5	217.333	0.00883926	0.4122
27.0	217.333	0.00688091	0.476
31.5	217.333	0.00590181	0.7234
36.0	217.333	0.00468719	0.4267
40.5	217.333	0.0138635	0.4385
45.0	217.333	0.00643721	0.4553
49.5	217.333	0.0039428	0.5096
54.0	217.333	0.0073014	0.486
58.5	217.333	0.00449265	0.5244
63.0	217.333	0.00427952	0.3592
67.5	217.333	0.00126568	0.336
72.0	217.333	0.00556581	0.4882
76.5	217.333	0.00265742	0.4939
81.0	217.333	0.00386821	0.444
85.5	217.333	0.00893666	0.4651
90.0	217.333	0.00984335	0.4947
94.5	217.333	0.00923663	0.4664
99.0	217.333	0.00732604	0.4211
103.5	217.333	0.0054682	0.4703
108.0	217.333	0.00606555	0.5194
112.5	217.333	0.00424233	0.4193
117.0	217.333	0.00522879	0.4696
121.5	217.333	0.00403514	0.412
126.0	217.333	0.000751036	0.2678
130.5	217.333	0.00350784	0.7941
135.0	217.333	0.00162125	0.4315
139.5	217.333	0.00682044	0.5193
144.0	217.333	0.00328309	0.6025
148.5	217.333	0.00242191	0.7546
153.0	217.333	0.00893719	0.4873
157.5	217.333	0.00136515	0.7383
162.0	217.333	0.00155213	0.5785
166.5	217.333	0.00595146	0.4798
171.0	217.333	0.00303754	0.6504
175.5	217.333	0.0014181	0.6143
180.0	217.333	0.0068308	0.4987
184.5	217.333	0.00205382	0.624
189.0	217.333	0.00050133	0.376
193.5	217.333	0.00360173	0.8748
198.0	217.333	0.00178397	0.7467
202.5	217.333	0.00430007	0.6594
207.0	217.333	0.00234308	0.5741
211.5	217.333	0.00124351	0.7179
216.0	217.333	0.00152266	0.546
220.5	217.333	0.000502278	0.2792
225.0	217.333	0.00402072	0.5101
229.5	217.333	0.00433023	0.7086
234.0	217.333	0.00120204	0.743
238.5	217.333	0.000507058	0.4433
243.0	217.333	0.00100539	0.4575
247.5	217.333	0.00606293	0.5691
252.0	217.333	0.000183329	0.534
256.5	217.333	0.00208873	0.7671
261.0	217.333	0.000332614	0.3114
265.5	217.333	0.000467755	0.3994
270.0	217.333	0.00125627	0.7758
274.5	217.333	0.00287806	0.6812
279.0	217.333	0.00272282	0.6268
283.5	217.333	0.000283399	0.4835
288.0	217.333	0.000313207	0.365
292.5	217.333	0.00163739	0.923
297.0	217.333	0.00161686	0.9156
301.5	217.333	0.000900216	0.8013
306.0	217.333	0.000354453	0.683
310.5	217.333	0.000620189	0.8743
315.0	217.333	0.000902656	0.81
319.5	217.333	0.00117378	0.8478
324.0	217.333	0.000362963	0.7851
328.5	217.333	7.59074e-05	0.5964
333.0	217.333	0.000168588	0.4333
337.5	217.333	0.00075441	0.8678
342.0	217.333	0.00120118	0.8474
346.5	217.333	0.00178856	0.7624
351.0	217.333	0.00240292	0.9716
355.5	217.333	1.28551e-06	1.0
360.0	217.333	5.508e-05	0.7131
364.5	217.333	5.62852e-05	0.6832
369.0	217.333	0.000460953	0.7055
373.5	217.333	2.34948e-05	1.0
378.0	217.333	0.000320421	0.8636
382.5	217.333	0.000101116	0.9131
387.0	217.333	0.000111065	0.9076
391.5	217.333	6.93847e-05	0.6501
396.0	217.333	0.0	0.0
400.5	217.333	0.0	0.0
405.0	217.333	2.19344e-05	0.8722
409.5	217.333	8.00932e-05	0.784
414.0	217.333	0.000190397	0.5546
418.5	217.333	8.44867e-06	0.7378
423.0	217.333	0.0	0.0
427.5	217.333	4.4446e-06	1.0
432.0	217.333	6.50408e-05	0.6994
436.5	217.333	0.0	0.0
441.0	217.333	0.0	0.0
445.5	217.333	9.55983e-05	0.654
-450.0	219.9	0.000164341	0.3606
-445.5	219.9	9.45513e-05	0.6041
-441.0	219.9	5.96503e-05	0.8706
-436.5	219.9	4.392e-05	0.7183
-432.0	219.9	6.52591e-05	0.7137
-427.5	219.9	0.000189885	0.7607
-423.0	219.9	3.20259e-05	0.8489
-418.5	219.9	4.62901e-05	0.7843
-414.0	219.9	2.57481e-05	1.0
-409.5	219.9	0.0	0.0
-405.0	219.9	4.02862e-05	1.0
-400.5	219.9	0.0	0.0
-396.0	219.9	6.92751e-05	0.6747
-391.5	219.9	0.000127516	0.5615
-387.0	219.9	5.63877e-05	0.9161
-382.5	219.9	0.0	0.0
-378.0	219.9	1.23323e-05	1.0
-373.5	219.9	0.0	0.0
-369.0	219.9	5.1498e-05	1.0
-364.5	219.9	7.5219e-05	0.5922
-360.0	219.9	0.000113341	0.7621
-355.5	219.9	3.247e-05	0.6006
-351.0	219.9	6.74749e-05	0.7781
-346.5	219.9	0.000100205	0.5422
-342.0	219.9	0.000128833	0.4614
-337.5	219.9	2.18292e-05	0.7638
-333.0	219.9	0.000193589	0.4892
-328.5	219.9	0.000179443	0.4256
-324.0	219.9	0.000129635	0.398
-319.5	219.9	0.000108992	0.4558
-315.0	219.9	0.00020173	0.4031
-310.5	219.9	0.001276	0.9171
-306.0	219.9	0.0020911	0.9116
-301.5	219.9	0.00122564	0.7707
-297.0	219.9	0.00126551	0.9676
-292.5	219.9	0.000446064	0.9288
-288.0	219.9	0.00113056	0.6799
-283.5	219.9	0.000312146	0.6347
-279.0	219.9	0.000201937	0.3565
-274.5	219.9	0.000154278	0.3837
-270.0	219.9	0.000138724	0.4156
-265.5	219.9	0.00119226	0.7703
-261.0	219.9	0.00277685	0.6795
-256.5	219.9	0.00170104	0.8555
-252.0	219.9	9.56363e-05	0.5488
-247.5	219.9	0.000144848	0.4098
-243.0	219.9	0.000315004	0.3342
-238.5	219.9	0.000551393	0.4369
-234.0	219.9	0.000948922	0.7569
-229.5	219.9	0.00104976	0.5249
-225.0	219.9	0.00259814	0.888
-220.5	219.9	0.000214091	0.363
-216.0	219.9	0.00178067	0.878
-211.5	219.9	0.000168878	0.3802
-207.0	219.9	0.000418566	0.2577
-202.5	219.9	0.000675755	0.2602
-198.0	219.9	0.00180617	0.7509
-193.5	219.9	0.00427829	0.6872
-189.0	219.9	0.00162591	0.8215
-184.5	219.9	0.00390304	0.5371
-180.0	219.9	0.00136146	0.6841
-175.5	219.9	0.00101141	0.6118
-171.0	219.9	0.00107207	0.7956
-166.5	219.9	0.00326672	0.4934
-162.0	219.9	0.00152882	0.6194
-157.5	219.9	0.00302866	0.6621
-153.0	219.9	0.00532781	0.4929
-148.5	219.9	0.00195634	0.5521
-144.0	219.9	0.00220066	0.6793
-139.5	219.9	0.0025128	0.7028
-135.0	219.9	0.00778111	0.5204
-130.5	219.9	0.00121652	0.4683
-126.0	219.9	0.00491989	0.9097
-121.5	219.9	0.00298007	0.529
-117.0	219.9	0.000779449	0.3361
-112.5	219.9	0.00432589	0.5394
-108.0	219.9	0.00446406	0.6717
-103.5	219.9	0.00428226	0.4657
-99.0	219.9	0.0103514	0.4393
-94.5	219.9	0.0027171	0.612
-90.0	219.9	0.00607966	0.403
-85.5	219.9	0.00529681	0.6164
-81.0	219.9	0.00235203	0.3469
-76.5	219.9	0.00491904	0.5299
-72.0	219.9	0.00358079	0.6115
-67.5	219.9	0.00362921	0.3338
-63.0	219.9	0.0113766	0.4028
-58.5	219.9	0.00460221	0.6042
-54.0	219.9	0.00324333	0.5037
-49.5	219.9	0.00253781	0.497
-45.0	219.9	0.00258829	0.431
-40.5	219.9	0.00276729	0.3782
-36.0	219.9	0.00659248	0.5025
-31.5	219.9	0.00739073	0.4702
-27.0	219.9	0.00586087	0.502
-22.5	219.9	0.00318262	0.469
-18.0	219.9	0.00278887	0.5109
-13.5	219.9	0.00198701	0.3975
-9.0	219.9	0.00587795	0.432
-4.5	219.9	0.00277814	0.6124
0.0	219.9	0.00388342	0.4472
4.5	219.9	0.00560197	0.4469
9.0	219.9	0.00950198	0.4257
13.5	219.9	0.0112994	0.4265
18.0	219.9	0.00436757	0.48
22.5	219.9	0.0101255	0.3729
27.0	219.9	0.00733299	0.5185
31.5	219.9	0.00535984	0.5501
36.0	219.9	0.00888126	0.4225
40.5	219.9	0.00892007	0.5297
45.0	219.9	0.0077079	0.4358
49.5	219.9	0.00819024	0.4557
54.0	219.9	0.00558085	0.7232
58.5	219.9	0.00281494	0.3988
63.0	219.9	0.00931553	0.3546
67.5	219.9	0.00786073	0.48
72.0	219.9	0.00147917	0.457
76.5	219.9	0.0019973	0.594
81.0	219.9	0.00229332	0.5271
85.5	219.9	0.00711415	0.5036
90.0	219.9	0.00917653	0.4128
94.5	219.9	0.00918023	0.376
99.0	219.9	0.0108167	0.3955
103.5	219.9	0.00566718	0.5082
108.0	219.9	0.00437571	0.5447
112.5	219.9	0.00555946	0.4106
117.0	219.9	0.00526781	0.5422
121.5	219.9	0.00318416	0.5518
126.0	219.9	0.0021897	0.7195
130.5	219.9	0.003771	0.5073
135.0	219.9	0.00260633	0.6044
139.5	219.9	0.00216722	0.5712
144.0	219.9	0.00380938	0.5651
148.5	219.9	0.00165036	0.7354
153.0	219.9	0.00549981	0.4746
157.5	219.9	0.00327665	0.4572
162.0	219.9	0.00200083	0.5865
166.5	219.9	0.00527976	0.4975
171.0	219.9	0.00488831	0.5448
175.5	219.9	0.00394066	0.498
180.0	219.9	0.00088622	0.615
184.5	219.9	0.00474411	0.7101
189.0	219.9	0.00437355	0.6585
193.5	219.9	0.00324288	0.8061
198.0	219.9	0.00648848	0.5791
202.5	219.9	0.0033289	0.6201
207.0	219.9	0.00462941	0.601
211.5	219.9	0.00254324	0.6814
216.0	219.9	0.00062107	0.4007
220.5	219.9	0.000456755	0.3196
225.0	219.9	0.00269919	0.5375
229.5	219.9	0.0030251	0.6323
234.0	219.9	0.00515916	0.5654
238.5	219.9	0.00060351	0.4491
243.0	219.9	5.78498e-05	0.501
247.5	219.9	0.00152918	0.6636
252.0	219.9	0.00122135	0.6193
256.5	219.9	0.00192216	0.7954
261.0	219.9	0.00167215	0.842
265.5	219.9	0.00333796	0.6784
270.0	219.9	0.000907662	0.5816
274.5	219.9	0.000132901	0.3841
279.0	219.9	0.000659836	0.7227
283.5	219.9	0.00021637	0.5183
288.0	219.9	0.000371867	0.3319
292.5	219.9	0.00135318	0.8907
297.0	219.9	0.000910574	0.8445
301.5	219.9	0.00150109	0.6257
306.0	219.9	0.000191805	0.4041
310.5	219.9	0.000639733	0.8488
315.0	219.9	0.000225142	0.4138
319.5	219.9	0.00346803	0.95
324.0	219.9	0.00159241	0.9544
328.5	219.9	0.000160492	0.4222
333.0	219.9	5.52507e-05	0.6554
337.5	219.9	0.00278124	0.9522
342.0	219.9	0.00337271	0.715
346.5	219.9	0.00112487	0.9204
351.0	219.9	0.000925376	0.8505
355.5	219.9	3.43985e-05	0.5853
360.0	219.9	0.00151403	0.9722
364.5	219.9	2.9354e-05	0.7269
369.0	219.9	5.48898e-05	0.6808
373.5	219.9	6.87616e-07	1.0
378.0	219.9	3.48878e-05	0.7736
382.5	219.9	0.000294601	0.9575
387.0	219.9	3.10848e-05	1.0
391.5	219.9	1.55558e-05	1.0
396.0	219.9	0.0	0.0
400.5	219.9	2.9773e-05	1.0
405.0	219.9	1.332e-05	1.0
409.5	219.9	2.63974e-05	1.0
414.0	219.9	8.89502e-05	0.708
418.5	219.9	0.000108163	0.6191
423.0	219.9	6.28994e-06	1.0
427.5	219.9	0.0	0.0
432.0	219.9	9.29385e-05	0.6534
436.5	219.9	5.85958e-05	0.7071
441.0	219.9	7.8074e-05	0.606
445.5	219.9	2.1234e-05	0.7576
-450.0	222.467	9.80964e-05	0.555
-445.5	222.467	0.0	0.0
-441.0	222.467	0.0	0.0
-436.5	222.467	3.37274e-05	1.0
-432.0	222.467	8.24824e-05	0.5577
-427.5	222.467	5.24609e-05	0.7427
-423.0	222.467	1.53196e-05	1.0
-418.5	222.467	0.0	0.0
-414.0	222.467	0.0	0.0
-409.5	222.467	3.2391e-05	1.0
-405.0	222.467	1.73034e-05	0.7393
-400.5	222.467	5.4505e-05	0.7845
-396.0	222.467	9.53686e-05	0.5989
-391.5	222.467	0.000105001	0.6349
-387.0	222.467	2.83943e-05	1.0
-382.5	222.467	3.83673e-05	0.8614
-378.0	222.467	3.61735e-05	0.7579
-373.5	222.467	5.073e-05	0.7714
-369.0	222.467	0.00167163	0.9576
-364.5	222.467	0.000132163	0.5802
-360.0	222.467	6.0266e-05	0.716
-355.5	222.467	2.33062e-05	0.9595
-351.0	222.467	0.000121634	0.5213
-346.5	222.467	3.23251e-05	0.5761
-342.0	222.467	0.000105322	0.5231
-337.5	222.467	9.87743e-05	0.7082
-333.0	222.467	0.000114871	0.4577
-328.5	222.467	9.58875e-05	0.4728
-324.0	222.467	0.000329815	0.4745
-319.5	222.467	0.000118951	0.4486
-315.0	222.467	0.000134149	0.581
-310.5	222.467	0.00138071	0.8101
-306.0	222.467	0.000333205	0.5344
-301.5	222.467	0.000195624	0.516
-297.0	222.467	5.06645e-05	0.6864
-292.5	222.467	0.00167288	0.9241
-288.0	222.467	5.54986e-05	0.6918
-283.5	222.467	0.000172445	0.3827
-279.0	222.467	0.000209608	0.3829
-274.5	222.467	0.000187233	0.4061
-270.0	222.467	0.000267728	0.4179
-265.5	222.467	0.00190153	0.6772
-261.0	222.467	0.00369846	0.7331
-256.5	222.467	6.52931e-05	0.5313
-252.0	222.467	0.000250363	0.3757
-247.5	222.467	0.000104329	0.4125
-243.0	222.467	0.000370869	0.3707
-238.5	222.467	0.000183477	0.383
-234.0	222.467	0.000111213	0.476
-229.5	222.467	0.0026774	0.8841
-225.0	222.467	0.00127269	0.786
-220.5	222.467	0.000190095	0.4313
-216.0	222.467	0.000165004	0.403
-211.5	222.467	0.000329281	0.3232
-207.0	222.467	0.00041106	0.2839
-202.5	222.467	0.000368984	0.2998
-198.0	222.467	0.00313096	0.7012
-193.5	222.467	0.000675696	0.8134
-189.0	222.467	0.00383889	0.6804
-184.5	222.467	0.000759487	0.6883
-180.0	222.467	0.00182166	0.6692
-175.5	222.467	0.00132665	0.6717
-171.0	222.467	0.00117062	0.6924
-166.5	222.467	0.00513011	0.4781
-162.0	222.467	0.00228309	0.5181
-157.5	222.467	0.00163618	0.5176
-153.0	222.467	0.000526986	0.4115
-148.5	222.467	0.00507005	0.5287
-144.0	222.467	0.000520617	0.2601
-139.5	222.467	0.00362675	0.6968
-135.0	222.467	0.00822852	0.5453
-130.5	222.467	0.00286168	0.6233
-126.0	222.467	0.000417801	0.2433
-121.5	222.467	0.00213389	0.776
-117.0	222.467	0.00161262	0.699
-112.5	222.467	0.00244153	0.5322
-108.0	222.467	0.00353947	0.5716
-103.5	222.467	0.00348717	0.4848
-99.0	222.467	0.00681139	0.5154
-94.5	222.467	0.000859392	0.1913
-90.0	222.467	0.00507075	0.5418
-85.5	222.467	0.00838724	0.5581
-81.0	222.467	0.00405917	0.5306
-76.5	222.467	0.00634488	0.5026
-72.0	222.467	0.00306328	0.6796
-67.5	222.467	0.00635636	0.4635
-63.0	222.467	0.0101103	0.46
-58.5	222.467	0.00436294	0.4702
-54.0	222.467	0.00461757	0.4734
-49.5	222.467	0.00379589	0.4864
-45.0	222.467	0.00919431	0.3811
-40.5	222.467	0.00837971	0.4549
-36.0	222.467	0.00474107	0.4264
-31.5	222.467	0.0113593	0.4
-27.0	222.467	0.00912585	0.4349
-22.5	222.467	0.00401104	0.492
-18.0	222.467	0.00413183	0.456
-13.5	222.467	0.00351188	0.4136
-9.0	222.467	0.00735835	0.5043
-4.5	222.467	0.00599822	0.5444
0.0	222.467	0.00449078	0.4249
4.5	222.467	0.00554781	0.4291
9.0	222.467	0.0071488	0.4757
13.5	222.467	0.00586393	0.3987
18.0	222.467	0.00617045	0.4744
22.5	222.467	0.00952102	0.4331
27.0	222.467	0.00208065	0.4556
31.5	222.467	0.00858469	0.4286
36.0	222.467	0.0039991	0.5395
40.5	222.467	0.00217886	0.5447
45.0	222.467	0.00713767	0.4485
49.5	222.467	0.00872907	0.4104
54.0	222.467	0.000713994	0.2151
58.5	222.467	0.00432088	0.6145
63.0	222.467	0.00411795	0.5326
67.5	222.467	0.00537359	0.568
72.0	222.467	0.00232891	0.3789
76.5	222.467	0.00335817	0.6178
81.0	222.467	0.00346921	0.7022
85.5	222.467	0.0063771	0.4899
90.0	222.467	0.00410654	0.5204
94.5	222.467	0.00574339	0.5759
99.0	222.467	0.00678781	0.5244
103.5	222.467	0.0034996	0.6226
108.0	222.467	0.000428593	0.2449
112.5	222.467	0.0032727	0.5522
117.0	222.467	0.00491005	0.5301
121.5	222.467	0.00582122	0.4447
126.0	222.467	0.00450141	0.5355
130.5	222.467	0.00452673	0.5074
135.0	222.467	0.00673282	0.523
139.5	222.467	0.00257193	0.6508
144.0	222.467	0.0082551	0.4902
148.5	222.467	0.00144469	0.6171
153.0	222.467	0.0015894	0.6806
157.5	222.467	0.0101752	0.5183
162.0	222.467	0.00449979	0.683
166.5	222.467	0.00347469	0.5902
171.0	222.467	0.00384671	0.6803
175.5	222.467	0.00469185	0.7411
180.0	222.467	0.000418314	0.3295
184.5	222.467	0.00071744	0.4353
189.0	222.467	0.00426772	0.7231
193.5	222.467	0.00148384	0.8679
198.0	222.467	0.00466607	0.7462
202.5	222.467	0.00029938	0.3178
207.0	222.467	0.00202719	0.9018
211.5	222.467	0.00496693	0.4827
216.0	222.467	0.00158982	0.6664
220.5	222.467	0.00189202	0.813
225.0	222.467	0.00241058	0.4982
229.5	222.467	0.000798902	0.5656
234.0	222.467	0.000133418	0.4692
238.5	222.467	0.000262586	0.3608
243.0	222.467	0.000103826	0.5493
247.5	222.467	0.000829986	0.8334
252.0	222.467	0.00195764	0.6767
256.5	222.467	0.00280432	0.7548
261.0	222.467	0.000377084	0.7437
265.5	222.467	0.000158239	0.3868
270.0	222.467	0.00482661	0.889
274.5	222.467	0.00197599	0.6677
279.0	222.467	0.00138983	0.907
283.5	222.467	0.000284815	0.505
288.0	222.467	0.000219967	0.491
292.5	222.467	0.000547496	0.8397
297.0	222.467	0.000694084	0.8428
301.5	222.467	0.00154737	0.9558
306.0	222.467	0.000186395	0.3453
310.5	222.467	0.000377511	0.7239
315.0	222.467	2.54329e-05	0.737
319.5	222.467	0.000275358	0.6175
324.0	222.467	0.000753804	0.8678
328.5	222.467	0.000892913	0.9709
333.0	222.467	6.58108e-05	0.6958
337.5	222.467	0.00193534	0.8346
342.0	222.467	9.0465e-05	0.6929
346.5	222.467	0.00018922	0.6213
351.0	222.467	0.000130613	0.5574
355.5	222.467	0.000306918	0.4708
360.0	222.467	0.00280628	0.9609
364.5	222.467	0.000132463	0.8355
369.0	222.467	9.85481e-05	0.5498
373.5	222.467	0.000153673	0.5906
378.0	222.467	0.000709851	0.9452
382.5	222.467	6.593e-05	1.0
387.0	222.467	0.000249359	0.876
391.5	222.467	0.0	0.0
396.0	222.467	3.16644e-07	1.0
400.5	222.467	0.0	0.0
405.0	222.467	6.659e-07	1.0
409.5	222.467	0.0	0.0
414.0	222.467	2.53179e-05	1.0
418.5	222.467	3.12139e-05	1.0
423.0	222.467	7.19108e-05	0.7991
427.5	222.467	7.09721e-06	1.0
432.0	222.467	6.90447e-05	0.7071
436.5	222.467	2.19365e-05	0.7723
441.0	222.467	6.34932e-05	0.6478
445.5	222.467	4.35092e-05	0.7157
-450.0	225.033	0.0	0.0
-445.5	225.033	0.0	0.0
-441.0	225.033	7.23799e-05	0.6083
-436.5	225.033	1.39277e-05	1.0
-432.0	225.033	0.0	0.0
-427.5	225.033	4.20367e-06	1.0
-423.0	225.033	8.63153e-06	1.0
-418.5	225.033	2.02723e-05	1.0
-414.0	225.033	0.0	0.0
-409.5	225.033	3.86699e-05	1.0
-405.0	225.033	2.92081e-05	0.7257
-400.5	225.033	5.7925e-05	0.7474
-396.0	225.033	0.000100907	0.6608
-391.5	225.033	1.5985e-05	0.7263
-387.0	225.033	0.0	0.0
-382.5	225.033	0.0	0.0
-378.0	225.033	2.42535e-05	1.0
-373.5	225.033	8.78741e-05	0.7691
-369.0	225.033	4.20902e-05	1.0
-364.5	225.033	3.16763e-05	0.7681
-360.0	225.033	0.0	0.0
-355.5	225.033	0.00072177	0.8411
-351.0	225.033	0.000125529	0.4675
-346.5	225.033	0.000127607	0.6173
-342.0	225.033	4.92099e-05	0.6727
-337.5	225.033	6.38252e-05	0.5929
-333.0	225.033	0.000135616	0.4849
-328.5	225.033	0.00356651	0.9275
-324.0	225.033	0.00239865	0.7459
-319.5	225.033	0.00116653	0.7977
-315.0	225.033	0.00228865	0.9634
-310.5	225.033	0.00121176	0.9016
-306.0	225.033	0.000239232	0.3951
-301.5	225.033	0.00184306	0.8629
-297.0	225.033	0.000726079	0.7363
-292.5	225.033	0.00114064	0.8929
-288.0	225.033	5.13204e-06	0.7153
-283.5	225.033	4.29274e-05	0.648
-279.0	225.033	0.00298349	0.9195
-274.5	225.033	0.000206845	0.5254
-270.0	225.033	9.88285e-05	0.4677
-265.5	225.033	0.00282683	0.8209
-261.0	225.033	0.00081148	0.7438
-256.5	225.033	0.000156872	0.4307
-252.0	225.033	0.000884922	0.882
-247.5	225.033	9.72339e-05	0.573
-243.0	225.033	0.00085115	0.6928
-238.5	225.033	0.000313865	0.3503
-234.0	225.033	0.000197289	0.4425
-229.5	225.033	0.00365527	0.9197
-225.0	225.033	0.000252949	0.344
-220.5	225.033	0.000216736	0.3722
-216.0	225.033	0.00160243	0.8467
-211.5	225.033	0.00251359	0.9332
-207.0	225.033	0.000177709	0.3901
-202.5	225.033	0.000730549	0.6906
-198.0	225.033	0.000149629	0.5275
-193.5	225.033	0.000471721	0.3837
-189.0	225.033	0.000589485	0.2521
-184.5	225.033	0.000284553	0.3026
-180.0	225.033	0.000824837	0.4961
-175.5	225.033	0.00316811	0.541
-171.0	225.033	0.00617916	0.5889
-166.5	225.033	0.005005	0.5958
-162.0	225.033	0.000633768	0.5799
-157.5	225.033	0.00253437	0.6263
-153.0	225.033	0.000645777	0.3496
-148.5	225.033	0.00567588	0.7252
-144.0	225.033	0.00130281	0.7604
-139.5	225.033	0.00610541	0.593
-135.0	225.033	0.00290913	0.4535
-130.5	225.033	0.00363866	0.6292
-126.0	225.033	0.000467451	0.2517
-121.5	225.033	0.000987349	0.5728
-117.0	225.033	0.000441619	0.2555
-112.5	225.033	0.00038707	0.2964
-108.0	225.033	0.000316236	0.3028
-103.5	225.033	0.00154785	0.3829
-99.0	225.033	0.00520203	0.4199
-94.5	225.033	0.000915847	0.195
-90.0	225.033	0.00804506	0.5004
-85.5	225.033	0.00165933	0.3964
-81.0	225.033	0.00800864	0.4281
-76.5	225.033	0.00371411	0.4483
-72.0	225.033	0.0108275	0.4283
-67.5	225.033	0.00785982	0.4646
-63.0	225.033	0.00704817	0.4957
-58.5	225.033	0.0108795	0.4633
-54.0	225.033	0.00277245	0.4884
-49.5	225.033	0.00344476	0.4991
-45.0	225.033	0.00522779	0.5074
-40.5	225.033	0.00475895	0.4134
-36.0	225.033	0.00372079	0.5627
-31.5	225.033	0.00678671	0.3998
-27.0	225.033	0.0107218	0.4273
-22.5	225.033	0.00513088	0.5642
-18.0	225.033	0.00706802	0.4495
-13.5	225.033	0.00678946	0.4548
-9.0	225.033	0.002703	0.5424
-4.5	225.033	0.00550683	0.3982
0.0	225.033	0.00622922	0.6331
4.5	225.033	0.00167713	0.2659
9.0	225.033	0.00984675	0.3452
13.5	225.033	0.00234577	0.3472
18.0	225.033	0.00570741	0.3989
22.5	225.033	0.00627989	0.5262
27.0	225.033	0.00104255	0.2859
31.5	225.033	0.00887499	0.4111
36.0	225.033	0.00366512	0.5594
40.5	225.033	0.00835742	0.4419
45.0	225.033	0.00408885	0.4997
49.5	225.033	0.00540961	0.4497
54.0	225.033	0.00536123	0.5274
58.5	225.033	0.00186179	0.659
63.0	225.033	0.00075053	0.3449
67.5	225.033	0.00729877	0.4399
72.0	225.033	0.0045414	0.4695
76.5	225.033	0.00296294	0.4682
81.0	225.033	0.00526158	0.5421
85.5	225.033	0.00571111	0.3555
90.0	225.033	0.00847217	0.4336
94.5	225.033	0.00761016	0.4502
99.0	225.033	0.00796983	0.3703
103.5	225.033	0.00693407	0.4304
108.0	225.033	0.000676142	0.3164
112.5	225.033	0.00245436	0.6092
117.0	225.033	0.00308388	0.6117
121.5	225.033	0.00668126	0.4717
126.0	225.033	0.00434619	0.4169
130.5	225.033	0.0057524	0.4396
135.0	225.033	0.00491137	0.4339
139.5	225.033	0.00443337	0.4637
144.0	225.033	0.00423781	0.5233
148.5	225.033	0.00153564	0.6699
153.0	225.033	0.00116893	0.7844
157.5	225.033	0.00395773	0.8448
162.0	225.033	0.00330222	0.5756
166.5	225.033	0.000922395	0.272
171.0	225.033	0.0035544	0.7783
175.5	225.033	0.00507236	0.7042
180.0	225.033	0.000565989	0.2851
184.5	225.033	0.000372823	0.2762
189.0	225.033	0.00158825	0.7857
193.5	225.033	0.00332003	0.6215
198.0	225.033	0.00303	0.6604
202.5	225.033	0.00189229	0.8392
207.0	225.033	0.00011225	0.4997
211.5	225.033	0.00297854	0.7022
216.0	225.033	0.0012214	0.6232
220.5	225.033	0.00636706	0.6591
225.0	225.033	0.000200075	0.3399
229.5	225.033	0.00200324	0.6767
234.0	225.033	0.000582607	0.6801
238.5	225.033	0.000308727	0.3172
243.0	225.033	0.00113744	0.8107
247.5	225.033	0.000589675	0.6636
252.0	225.033	0.000366381	0.4903
256.5	225.033	0.00376509	0.6232
261.0	225.033	0.000917762	0.6957
265.5	225.033	0.000153167	0.3999
270.0	225.033	0.000286322	0.4119
274.5	225.033	0.0061077	0.8111
279.0	225.033	0.00169529	0.848
283.5	225.033	0.00084708	0.6624
288.0	225.033	0.000132725	0.4756
292.5	225.033	0.00103627	0.9066
297.0	225.033	0.00157064	0.8668
301.5	225.033	0.00163297	0.9064
306.0	225.033	0.000322116	0.3612
310.5	225.033	0.000902398	0.7958
315.0	225.033	4.8449e-05	0.5523
319.5	225.033	0.000171459	0.4542
324.0	225.033	5.80467e-05	0.6448
328.5	225.033	0.000519909	0.7402
333.0	225.033	3.91015e-05	0.8212
337.5	225.033	0.00153211	0.9571
342.0	225.033	0.00160184	0.9867
346.5	225.033	0.0001145	0.4911
351.0	225.033	0.000111533	0.5656
355.5	225.033	8.06607e-05	0.6068
360.0	225.033	9.75219e-05	0.7739
364.5	225.033	0.00276256	0.9374
369.0	225.033	0.000658037	0.9059
373.5	225.033	2.48574e-06	1.0
378.0	225.033	0.000121578	0.6695
382.5	225.033	1.9407e-05	1.0
387.0	225.033	0.000182001	0.7979
391.5	225.033	0.000154464	0.915
396.0	225.033	8.41558e-05	0.6463
400.5	225.033	2.61957e-06	1.0
405.0	225.033	6.76397e-05	0.7285
409.5	225.033	6.75672e-05	0.7071
414.0	225.033	1.75179e-05	1.0
418.5	225.033	1.25652e-05	1.0
423.0	225.033	4.91775e-05	0.7229
427.5	225.033	0.00010096	0.6437
432.0	225.033	1.9733e-05	0.6369
436.5	225.033	0.0	0.0
441.0	225.033	3.82262e-06	1.0
445.5	225.033	3.08761e-05	1.0
-450.0	227.6	0.0	0.0
-445.5	227.6	3.12399e-05	0.8257
-441.0	227.6	0.0	0.0
-436.5	227.6	0.0	0.0
-432.0	227.6	0.0	0.0
-427.5	227.6	2.00588e-05	1.0
-423.0	227.6	1.18221e-05	1.0
-418.5	227.6	1.93337e-05	1.0
-414.0	227.6	3.75981e-05	1.0
-409.5	227.6	3.25838e-05	0.7462
-405.0	227.6	8.75885e-05	0.56
-400.5	227.6	7.09324e-05	0.8125
-396.0	227.6	2.02167e-05	1.0
-391.5	227.6	3.18171e-05	1.0
-387.0	227.6	0.000972388	1.0
-382.5	227.6	0.000325223	0.865
-378.0	227.6	2.54346e-05	0.9348
-373.5	227.6	5.00645e-05	0.7086
-369.0	227.6	2.22632e-05	0.7375
-364.5	227.6	6.16542e-05	0.5839
-360.0	227.6	5.47731e-05	0.8008
-355.5	227.6	0.0001165	0.5081
-351.0	227.6	9.76841e-05	0.6245
-346.5	227.6	2.30668e-05	0.8377
-342.0	227.6	4.06075e-05	0.7732
-337.5	227.6	0.000161356	0.4161
-333.0	227.6	0.00017329	0.5158
-328.5	227.6	0.00181978	0.8404
-324.0	227.6	0.000358811	0.6013
-319.5	227.6	0.000617869	0.9147
-315.0	227.6	7.33798e-05	0.7112
-310.5	227.6	0.000223961	0.3957
-306.0	227.6	0.000251108	0.4705
-301.5	227.6	0.000150581	0.4162
-297.0	227.6	0.00172078	0.8992
-292.5	227.6	0.000103417	0.5917
-288.0	227.6	0.00184038	0.9174
-283.5	227.6	3.69485e-05	0.7452
-279.0	227.6	0.00188495	0.8968
-274.5	227.6	0.000173755	0.4263
-270.0	227.6	0.000119674	0.5422
-265.5	227.6	0.00345819	0.7683
-261.0	227.6	0.000261304	0.3104
-256.5	227.6	0.000230037	0.5007
-252.0	227.6	0.000857811	0.9811
-247.5	227.6	0.00021067	0.556
-243.0	227.6	0.000722963	0.7077
-238.5	227.6	0.000243411	0.3828
-234.0	227.6	0.000827194	0.6391
-229.5	227.6	0.00367203	0.9154
-225.0	227.6	0.000112306	0.4915
-220.5	227.6	0.000225314	0.3393
-216.0	227.6	0.000700493	0.461
-211.5	227.6	0.000427802	0.5588
-207.0	227.6	0.00175078	0.8756
-202.5	227.6	0.000749988	0.7416
-198.0	227.6	0.000989071	0.7141
-193.5	227.6	0.00347777	0.8815
-189.0	227.6	0.000352225	0.3008
-184.5	227.6	0.00251901	0.8186
-180.0	227.6	0.00140705	0.4764
-175.5	227.6	0.00266665	0.895
-171.0	227.6	0.00257116	0.8926
-166.5	227.6	0.00771489	0.5396
-162.0	227.6	0.00257872	0.8949
-157.5	227.6	0.00169341	0.7842
-153.0	227.6	0.00395871	0.546
-148.5	227.6	0.00481644	0.6565
-144.0	227.6	0.00054862	0.2762
-139.5	227.6	0.0039542	0.6428
-135.0	227.6	0.00136905	0.5949
-130.5	227.6	0.00191372	0.5873
-126.0	227.6	0.00608603	0.5727
-121.5	227.6	0.00221016	0.5997
-117.0	227.6	0.000319328	0.3449
-112.5	227.6	0.000283139	0.3023
-108.0	227.6	0.000382268	0.2696
-103.5	227.6	0.00723728	0.5301
-99.0	227.6	0.000764474	0.2509
-94.5	227.6	0.00294593	0.6324
-90.0	227.6	0.00177048	0.4686
-85.5	227.6	0.00129376	0.5711
-81.0	227.6	0.00563501	0.5392
-76.5	227.6	0.0127118	0.4279
-72.0	227.6	0.00453025	0.4076
-67.5	227.6	0.00505993	0.5926
-63.0	227.6	0.00386246	0.4856
-58.5	227.6	0.00501364	0.507
-54.0	227.6	0.00357086	0.4857
-49.5	227.6	0.00430483	0.5047
-45.0	227.6	0.0053806	0.5063
-40.5	227.6	0.00377822	0.4322
-36.0	227.6	0.00402226	0.5909
-31.5	227.6	0.00711328	0.4447
-27.0	227.6	0.00287888	0.4314
-22.5	227.6	0.00414391	0.5232
-18.0	227.6	0.00259649	0.4875
-13.5	227.6	0.00740841	0.4779
-9.0	227.6	0.0029609	0.4238
-4.5	227.6	0.00882641	0.4178
0.0	227.6	0.00575448	0.4202
4.5	227.6	0.00350828	0.3441
9.0	227.6	0.00525007	0.5406
13.5	227.6	0.00140596	0.3376
18.0	227.6	0.00677592	0.4539
22.5	227.6	0.00151779	0.29
27.0	227.6	0.00378864	0.5314
31.5	227.6	0.00368317	0.6013
36.0	227.6	0.00693319	0.4065
40.5	227.6	0.00543514	0.5059
45.0	227.6	0.00554119	0.5496
49.5	227.6	0.00543833	0.4651
54.0	227.6	0.00448476	0.4422
58.5	227.6	0.00350822	0.6897
63.0	227.6	0.00328591	0.7202
67.5	227.6	0.0030363	0.5196
72.0	227.6	0.00706	0.5447
76.5	227.6	0.00283062	0.387
81.0	227.6	0.00234145	0.5204
85.5	227.6	0.00366612	0.7343
90.0	227.6	0.0105693	0.4186
94.5	227.6	0.00370788	0.5477
99.0	227.6	0.00558093	0.5293
103.5	227.6	0.00505007	0.4989
108.0	227.6	0.000655797	0.2332
112.5	227.6	0.000349967	0.3318
117.0	227.6	0.00502524	0.5083
121.5	227.6	0.00426882	0.5279
126.0	227.6	0.000779764	0.2277
130.5	227.6	0.00704101	0.4624
135.0	227.6	0.00386815	0.5789
139.5	227.6	0.00555404	0.584
144.0	227.6	0.00752719	0.4941
148.5	227.6	0.00253565	0.6249
153.0	227.6	0.00260894	0.5701
157.5	227.6	0.000886135	0.5447
162.0	227.6	0.00494886	0.6218
166.5	227.6	0.00304319	0.735
171.0	227.6	0.00162327	0.6085
175.5	227.6	0.00270073	0.6726
180.0	227.6	0.00416242	0.7101
184.5	227.6	0.00110807	0.4959
189.0	227.6	0.000258369	0.4042
193.5	227.6	0.00171719	0.4939
198.0	227.6	0.00037016	0.3508
202.5	227.6	0.00479197	0.7268
207.0	227.6	0.00133158	0.8226
211.5	227.6	0.00325808	0.656
216.0	227.6	0.00101099	0.7545
220.5	227.6	0.0053593	0.5939
225.0	227.6	0.00202646	0.5765
229.5	227.6	0.0016955	0.8495
234.0	227.6	0.000299552	0.3088
238.5	227.6	0.000386679	0.278
243.0	227.6	0.00127369	0.8461
247.5	227.6	0.000242977	0.3874
252.0	227.6	0.000190387	0.3403
256.5	227.6	0.00137262	0.8458
261.0	227.6	0.00121176	0.728
265.5	227.6	0.00104099	0.7855
270.0	227.6	0.000107988	0.4648
274.5	227.6	0.00154958	0.6373
279.0	227.6	0.00544337	0.8
283.5	227.6	0.00346579	0.7086
288.0	227.6	0.00214221	0.9386
292.5	227.6	0.000252532	0.4672
297.0	227.6	0.000626334	0.645
301.5	227.6	0.0020807	0.5705
306.0	227.6	9.55537e-05	0.4579
310.5	227.6	0.000715028	0.7075
315.0	227.6	0.000190669	0.529
319.5	227.6	0.000129936	0.3985
324.0	227.6	0.000110834	0.5673
328.5	227.6	0.000151705	0.4075
333.0	227.6	5.07408e-05	0.7613
337.5	227.6	1.31603e-05	1.0
342.0	227.6	0.000934431	0.9761
346.5	227.6	7.74512e-05	0.5444
351.0	227.6	8.93727e-05	0.5039
355.5	227.6	3e-05	0.931
360.0	227.6	6.7317e-05	0.8208
364.5	227.6	9.30038e-05	0.5714
369.0	227.6	0.00217975	0.965
373.5	227.6	0.0011447	0.9444
378.0	227.6	0.0	0.0
382.5	227.6	6.09713e-05	1.0
387.0	227.6	6.20465e-05	0.6316
391.5	227.6	0.000127508	0.8121
396.0	227.6	3.2281e-05	0.9894
400.5	227.6	9.26945e-05	0.6236
405.0	227.6	6.29987e-05	0.7219
409.5	227.6	8.23923e-05	0.5309
414.0	227.6	6.54752e-05	0.9333
418.5	227.6	3.31162e-05	1.0
423.0	227.6	0.0	0.0
427.5	227.6	0.0	0.0
432.0	227.6	7.10588e-05	0.7772
436.5	227.6	8.71176e-06	1.0
441.0	227.6	0.0	0.0
445.5	227.6	1.16888e-05	1.0
-450.0	230.167	9.35812e-05	0.6067
-445.5	230.167	1.97292e-05	0.7943
-441.0	230.167	0.0	0.0
-436.5	230.167	0.0	0.0
-432.0	230.167	0.0	0.0
-427.5	230.167	0.0	0.0
-423.0	230.167	1.88435e-05	1.0
-418.5	230.167	6.2485e-05	0.7203
-414.0	230.167	4.88061e-05	0.7079
-409.5	230.167	9.26577e-05	0.596
-405.0	230.167	0.000110846	0.6475
-400.5	230.167	3.27558e-05	1.0
-396.0	230.167	0.0	0.0
-391.5	230.167	1.28976e-05	1.0
-387.0	230.167	0.00362258	0.9936
-382.5	230.167	3.69606e-05	1.0
-378.0	230.167	1.25615e-05	1.0
-373.5	230.167	3.64585e-05	1.0
-369.0	230.167	0.00018039	0.7476
-364.5	230.167	7.31141e-05	0.6615
-360.0	230.167	8.46318e-05	0.5946
-355.5	230.167	4.84167e-05	0.7403
-351.0	230.167	2.21818e-05	0.7531
-346.5	230.167	5.86426e-05	0.7685
-342.0	230.167	6.72669e-05	1.0
-337.5	230.167	0.000137539	0.4617
-333.0	230.167	0.000299586	0.5836
-328.5	230.167	0.00165448	0.9516
-324.0	230.167	0.000108206	0.5329
-319.5	230.167	7.56719e-05	0.5208
-315.0	230.167	0.000134251	0.5212
-310.5	230.167	0.00117781	0.8163
-306.0	230.167	0.00169524	0.9698
-301.5	230.167	0.00109468	0.9683
-297.0	230.167	0.000743148	0.669
-292.5	230.167	7.76709e-05	0.639
-288.0	230.167	0.00187746	0.9541
-283.5	230.167	0.00152977	0.9292
-279.0	230.167	0.00018993	0.4425
-274.5	230.167	0.000153809	0.4281
-270.0	230.167	8.40945e-05	0.595
-265.5	230.167	0.000137427	0.5495
-261.0	230.167	0.000192757	0.3575
-256.5	230.167	0.00101797	0.9265
-252.0	230.167	0.000116611	0.4912
-247.5	230.167	0.000147098	0.4248
-243.0	230.167	0.000304111	0.3181
-238.5	230.167	0.000268391	0.3397
-234.0	230.167	0.00143357	0.665
-229.5	230.167	0.00105022	0.832
-225.0	230.167	6.41613e-05	0.6652
-220.5	230.167	0.000196288	0.4126
-216.0	230.167	0.000718047	0.5408
-211.5	230.167	0.000944659	0.8476
-207.0	230.167	0.00291763	0.6133
-202.5	230.167	0.00245575	0.9007
-198.0	230.167	0.000650174	0.4832
-193.5	230.167	0.000413413	0.3207
-189.0	230.167	0.00399687	0.6623
-184.5	230.167	0.00281523	0.652
-180.0	230.167	0.00554824	0.719
-175.5	230.167	0.00391876	0.6907
-171.0	230.167	0.000354405	0.3022
-166.5	230.167	0.00584164	0.5739
-162.0	230.167	0.00253993	0.9083
-157.5	230.167	0.00201319	0.7823
-153.0	230.167	0.0096442	0.5338
-148.5	230.167	0.00468124	0.4814
-144.0	230.167	0.00185336	0.5539
-139.5	230.167	0.00289711	0.5001
-135.0	230.167	0.000294181	0.3093
-130.5	230.167	0.000400767	0.2692
-126.0	230.167	0.00529749	0.698
-121.5	230.167	0.0019943	0.5378
-117.0	230.167	0.000404363	0.3031
-112.5	230.167	0.000598622	0.2404
-108.0	230.167	0.00087708	0.5528
-103.5	230.167	0.00514128	0.6768
-99.0	230.167	0.00285465	0.5953
-94.5	230.167	0.00358466	0.4051
-90.0	230.167	0.00454284	0.5833
-85.5	230.167	0.00088214	0.2143
-81.0	230.167	0.00402956	0.5241
-76.5	230.167	0.00387072	0.4329
-72.0	230.167	0.00365297	0.8157
-67.5	230.167	0.00897039	0.3766
-63.0	230.167	0.00387341	0.5068
-58.5	230.167	0.00240062	0.4114
-54.0	230.167	0.00240762	0.3212
-49.5	230.167	0.00351688	0.5055
-45.0	230.167	0.00225447	0.5912
-40.5	230.167	0.00586355	0.4917
-36.0	230.167	0.00415707	0.516
-31.5	230.167	0.00609571	0.4884
-27.0	230.167	0.00340558	0.6137
-22.5	230.167	0.0050813	0.6974
-18.0	230.167	0.00175067	0.3724
-13.5	230.167	0.00612167	0.457
-9.0	230.167	0.00582251	0.4714
-4.5	230.167	0.00399062	0.5029
0.0	230.167	0.00481209	0.639
4.5	230.167	0.00311628	0.5846
9.0	230.167	0.00485223	0.4492
13.5	230.167	0.00983468	0.4902
18.0	230.167	0.00422221	0.5137
22.5	230.167	0.00278777	0.6502
27.0	230.167	0.00322916	0.5745
31.5	230.167	0.00454184	0.6127
36.0	230.167	0.00188671	0.5601
40.5	230.167	0.00110046	0.4416
45.0	230.167	0.00613591	0.4642
49.5	230.167	0.00451401	0.5093
54.0	230.167	0.00426887	0.4891
58.5	230.167	0.0062123	0.4909
63.0	230.167	0.00606891	0.5376
67.5	230.167	0.000727201	0.3141
72.0	230.167	0.00675434	0.4972
76.5	230.167	0.0013998	0.4736
81.0	230.167	0.00220919	0.7322
85.5	230.167	0.00858753	0.4894
90.0	230.167	0.0137471	0.3682
94.5	230.167	0.00352029	0.5104
99.0	230.167	0.00672229	0.4883
103.5	230.167	0.00305609	0.5245
108.0	230.167	0.00331846	0.7036
112.5	230.167	0.00177389	0.7766
117.0	230.167	0.00378719	0.5533
121.5	230.167	0.00551758	0.5851
126.0	230.167	0.00335221	0.4973
130.5	230.167	0.00518164	0.489
135.0	230.167	0.00749908	0.482
139.5	230.167	0.00691929	0.5303
144.0	230.167	0.00150898	0.6338
148.5	230.167	0.00221408	0.7692
153.0	230.167	0.0010272	0.5051
157.5	230.167	0.000732477	0.7805
162.0	230.167	0.000128939	0.3758
166.5	230.167	0.00204532	0.6594
171.0	230.167	0.000356304	0.328
175.5	230.167	0.00499924	0.6624
180.0	230.167	0.00564026	0.6717
184.5	230.167	0.00131981	0.5503
189.0	230.167	0.000690396	0.4491
193.5	230.167	0.00143701	0.5908
198.0	230.167	0.000778193	0.4915
202.5	230.167	0.0026443	0.5272
207.0	230.167	0.000289742	0.3852
211.5	230.167	0.000197191	0.4109
216.0	230.167	0.00386701	0.6773
220.5	230.167	0.00130524	0.6856
225.0	230.167	0.00397358	0.8539
229.5	230.167	0.000476804	0.3603
234.0	230.167	0.00292145	0.6536
238.5	230.167	0.000611943	0.4501
243.0	230.167	0.0015046	0.8058
247.5	230.167	0.00130388	0.8538
252.0	230.167	0.000241302	0.4149
256.5	230.167	0.000298797	0.4544
261.0	230.167	0.00131741	0.73
265.5	230.167	0.00102177	0.6816
270.0	230.167	0.000263391	0.7243
274.5	230.167	0.000137777	0.4568
279.0	230.167	0.00187178	0.91
283.5	230.167	0.00447509	0.7477
288.0	230.167	0.000851138	0.5557
292.5	230.167	0.000284142	0.6907
297.0	230.167	4.85195e-05	0.535
301.5	230.167	0.0017618	0.7828
306.0	230.167	8.75888e-05	0.5312
310.5	230.167	0.000283985	0.4955
315.0	230.167	0.00013423	0.4891
319.5	230.167	0.000901343	0.7775
324.0	230.167	0.000245638	0.4436
328.5	230.167	0.000312101	0.6551
333.0	230.167	0.000103822	0.4959
337.5	230.167	3.27398e-05	1.0
342.0	230.167	7.90346e-06	0.8326
346.5	230.167	5.15966e-05	0.6349
351.0	230.167	3.95448e-05	0.6078
355.5	230.167	0.000110228	0.5836
360.0	230.167	6.39489e-05	0.7419
364.5	230.167	0.000126151	0.4818
369.0	230.167	5.2587e-05	0.6526
373.5	230.167	0.00162477	0.9949
378.0	230.167	0.00164305	0.9534
382.5	230.167	6.65637e-05	1.0
387.0	230.167	6.90155e-05	0.936
391.5	230.167	3.1014e-05	0.7205
396.0	230.167	2.18036e-05	1.0
400.5	230.167	5.58244e-05	0.8522
405.0	230.167	0.0	0.0
409.5	230.167	3.79176e-05	1.0
414.0	230.167	4.32429e-05	0.6907
418.5	230.167	1.52479e-05	1.0
423.0	230.167	1.53694e-05	1.0
427.5	230.167	8.30386e-06	1.0
432.0	230.167	4.92787e-05	0.857
436.5	230.167	5.24611e-05	1.0
441.0	230.167	3.24151e-05	0.765
445.5	230.167	3.17116e-05	0.7658
-450.0	232.733	0.0	0.0
-445.5	232.733	1.56044e-05	1.0
-441.0	232.733	1.86407e-05	1.0
-436.5	232.733	3.38253e-05	0.7473
-432.0	232.733	0.0	0.0
-427.5	232.733	0.0	0.0
-423.0	232.733	7.87707e-05	0.7478
-418.5	232.733	6.50283e-05	0.7103
-414.0	232.733	5.92142e-05	0.709
-409.5	232.733	7.73503e-05	0.7783
-405.0	232.733	9.43996e-05	0.6307
-400.5	232.733	2.0789e-05	1.0
-396.0	232.733	2.27179e-06	1.0
-391.5	232.733	0.00268623	1.0
-387.0	232.733	0.000912927	1.0
-382.5	232.733	2.99854e-05	1.0
-378.0	232.733	4.902e-05	1.0
-373.5	232.733	7.86735e-05	0.6185
-369.0	232.733	0.00170245	0.9743
-364.5	232.733	4.53642e-05	0.9993
-360.0	232.733	6.91074e-05	0.7121
-355.5	232.733	7.3936e-05	0.7075
-351.0	232.733	0.000517861	0.8942
-346.5	232.733	0.000897147	0.9155
-342.0	232.733	7.98434e-05	0.6601
-337.5	232.733	0.000133209	0.5678
-333.0	232.733	0.00128244	0.9629
-328.5	232.733	6.31705e-05	0.7645
-324.0	232.733	0.0	0.0
-319.5	232.733	6.29609e-05	0.7631
-315.0	232.733	0.000123512	0.466
-310.5	232.733	0.00353967	0.9633
-306.0	232.733	7.55921e-05	0.7174
-301.5	232.733	0.00165086	0.9105
-297.0	232.733	8.95698e-05	0.5311
-292.5	232.733	0.000159936	0.462
-288.0	232.733	0.000139586	0.5495
-283.5	232.733	0.000124428	0.4684
-279.0	232.733	0.00149061	0.8919
-274.5	232.733	0.000260516	0.4154
-270.0	232.733	3.31596e-05	0.5715
-265.5	232.733	0.000118576	0.4844
-261.0	232.733	0.000148958	0.3572
-256.5	232.733	0.00099836	0.9442
-252.0	232.733	0.00168524	0.939
-247.5	232.733	0.000121446	0.551
-243.0	232.733	0.00123358	0.814
-238.5	232.733	0.000410578	0.8997
-234.0	232.733	0.000366971	0.7854
-229.5	232.733	8.57927e-05	0.5201
-225.0	232.733	4.76988e-05	0.8171
-220.5	232.733	0.000129084	0.4209
-216.0	232.733	0.000292221	0.3449
-211.5	232.733	0.00222231	0.9087
-207.0	232.733	0.000572454	0.6153
-202.5	232.733	0.00211936	0.5931
-198.0	232.733	0.0028785	0.6853
-193.5	232.733	0.00203259	0.8747
-189.0	232.733	0.000272792	0.3461
-184.5	232.733	0.00618052	0.7136
-180.0	232.733	0.00162719	0.7649
-175.5	232.733	0.00112572	0.7594
-171.0	232.733	0.000372353	0.2628
-166.5	232.733	0.00331588	0.9191
-162.0	232.733	0.00266943	0.8648
-157.5	232.733	0.00275507	0.6977
-153.0	232.733	0.00641899	0.5822
-148.5	232.733	0.00413951	0.5648
-144.0	232.733	0.00102927	0.5361
-139.5	232.733	0.00536136	0.5051
-135.0	232.733	0.000352929	0.281
-130.5	232.733	0.00021437	0.3786
-126.0	232.733	0.000298808	0.3296
-121.5	232.733	0.00279094	0.5422
-117.0	232.733	0.00169465	0.8035
-112.5	232.733	0.00125416	0.7154
-108.0	232.733	0.0045823	0.5489
-103.5	232.733	0.00237386	0.6053
-99.0	232.733	0.00562034	0.662
-94.5	232.733	0.00260336	0.5783
-90.0	232.733	0.000662729	0.2195
-85.5	232.733	0.0011046	0.4501
-81.0	232.733	0.00311639	0.7754
-76.5	232.733	0.00368813	0.533
-72.0	232.733	0.0111493	0.4402
-67.5	232.733	0.00698766	0.3443
-63.0	232.733	0.00291085	0.5632
-58.5	232.733	0.0124561	0.5034
-54.0	232.733	0.00300093	0.592
-49.5	232.733	0.00728648	0.5232
-45.0	232.733	0.00335821	0.5247
-40.5	232.733	0.00431036	0.5122
-36.0	232.733	0.00405937	0.4097
-31.5	232.733	0.00507105	0.4081
-27.0	232.733	0.00303962	0.6015
-22.5	232.733	0.00424618	0.7337
-18.0	232.733	0.000877174	0.3766
-13.5	232.733	0.00688471	0.5529
-9.0	232.733	0.00876605	0.4945
-4.5	232.733	0.00591944	0.4464
0.0	232.733	0.00513038	0.4815
4.5	232.733	0.0051072	0.4659
9.0	232.733	0.00492416	0.5928
13.5	232.733	0.00952159	0.4103
18.0	232.733	0.00607524	0.4431
22.5	232.733	0.0062159	0.5256
27.0	232.733	0.00539392	0.3928
31.5	232.733	0.0020893	0.3827
36.0	232.733	0.0029464	0.7265
40.5	232.733	0.00166807	0.6047
45.0	232.733	0.00431991	0.6172
49.5	232.733	0.00497022	0.4472
54.0	232.733	0.000729613	0.2044
58.5	232.733	0.00465656	0.5328
63.0	232.733	0.00329384	0.4776
67.5	232.733	0.0052561	0.596
72.0	232.733	0.00501519	0.4172
76.5	232.733	0.000822575	0.263
81.0	232.733	0.00621423	0.6611
85.5	232.733	0.00856063	0.4694
90.0	232.733	0.00559905	0.5306
94.5	232.733	0.00372272	0.6167
99.0	232.733	0.00573831	0.4075
103.5	232.733	0.00124819	0.6184
108.0	232.733	0.00046734	0.2811
112.5	232.733	0.00133867	0.5809
117.0	232.733	0.00527672	0.6059
121.5	232.733	0.00221569	0.6215
126.0	232.733	0.00725027	0.5786
130.5	232.733	0.00468312	0.6478
135.0	232.733	0.00418253	0.5437
139.5	232.733	0.00427779	0.5562
144.0	232.733	0.00105044	0.7191
148.5	232.733	0.00392133	0.6105
153.0	232.733	0.00110151	0.5456
157.5	232.733	0.00102671	0.5663
162.0	232.733	0.000417391	0.2998
166.5	232.733	0.000193087	0.3884
171.0	232.733	0.000608486	0.5058
175.5	232.733	0.00319964	0.6668
180.0	232.733	0.00538467	0.6608
184.5	232.733	0.000404258	0.3159
189.0	232.733	0.00109366	0.652
193.5	232.733	0.0011985	0.8698
198.0	232.733	0.00335231	0.4709
202.5	232.733	0.000775693	0.6482
207.0	232.733	0.00128298	0.7483
211.5	232.733	0.000461838	0.5762
216.0	232.733	0.00384158	0.684
220.5	232.733	0.000998289	0.8288
225.0	232.733	0.00402403	0.7691
229.5	232.733	0.00064832	0.5697
234.0	232.733	0.00245303	0.674
238.5	232.733	0.0013494	0.7051
243.0	232.733	0.00031355	0.312
247.5	232.733	9.93021e-05	0.5187
252.0	232.733	0.000171082	0.4424
256.5	232.733	0.000187364	0.4402
261.0	232.733	0.00185689	0.7533
265.5	232.733	0.00032486	0.3769
270.0	232.733	0.0027775	0.6702
274.5	232.733	0.000189624	0.4249
279.0	232.733	0.000353719	0.6938
283.5	232.733	0.00540985	0.5901
288.0	232.733	0.00491647	0.6373
292.5	232.733	0.000101842	0.5253
297.0	232.733	0.000734486	0.7297
301.5	232.733	0.00183679	0.8472
306.0	232.733	0.00169094	0.815
310.5	232.733	0.000333243	0.6708
315.0	232.733	0.000259141	0.5598
319.5	232.733	0.00122511	0.9234
324.0	232.733	7.00573e-05	0.5732
328.5	232.733	0.000182865	0.542
333.0	232.733	0.000100503	0.4733
337.5	232.733	1.86992e-05	1.0
342.0	232.733	0.0	0.0
346.5	232.733	0.000130348	0.5564
351.0	232.733	0.00179108	0.9668
355.5	232.733	7.6392e-05	0.5873
360.0	232.733	6.73231e-05	0.743
364.5	232.733	4.75887e-05	0.7092
369.0	232.733	3.58831e-05	0.6086
373.5	232.733	4.21315e-05	1.0
378.0	232.733	0.00123465	0.9173
382.5	232.733	0.000849766	0.9366
387.0	232.733	0.00147385	0.9469
391.5	232.733	6.79037e-05	1.0
396.0	232.733	3.3494e-05	0.779
400.5	232.733	9.14526e-05	0.625
405.0	232.733	0.0	0.0
409.5	232.733	8.45421e-06	1.0
414.0	232.733	5.53402e-05	0.734
418.5	232.733	2.80147e-05	1.0
423.0	232.733	3.43413e-05	0.735
427.5	232.733	3.81748e-05	0.8588
432.0	232.733	7.44052e-05	0.6142
436.5	232.733	4.22752e-05	0.7883
441.0	232.733	6.98986e-05	0.7696
445.5	232.733	4.12251e-05	0.5821
-450.0	235.3	4.43178e-05	0.8159
-445.5	235.3	0.0	0.0
-441.0	235.3	0.0	0.0
-436.5	235.3	7.07415e-05	0.5865
-432.0	235.3	1.59678e-05	1.0
-427.5	235.3	4.21762e-06	1.0
-423.0	235.3	0.000117604	0.4778
-418.5	235.3	4.67934e-05	0.7071
-414.0	235.3	7.09558e-05	0.7171
-409.5	235.3	6.14072e-05	0.7641
-405.0	235.3	6.89561e-05	0.613
-400.5	235.3	2.42773e-05	0.9246
-396.0	235.3	1.52611e-05	1.0
-391.5	235.3	0.000843627	1.0
-387.0	235.3	3.29548e-05	1.0
-382.5	235.3	7.76123e-05	0.6982
-378.0	235.3	1.53133e-06	1.0
-373.5	235.3	0.00178048	0.948
-369.0	235.3	9.74982e-05	0.8299
-364.5	235.3	9.57713e-05	0.8196
-360.0	235.3	9.19402e-05	0.622
-355.5	235.3	0.00147035	0.956
-351.0	235.3	0.00142011	0.9681
-346.5	235.3	0.000147117	0.5344
-342.0	235.3	9.09158e-05	0.5883
-337.5	235.3	9.32287e-05	0.6244
-333.0	235.3	4.96985e-05	0.7349
-328.5	235.3	0.000248864	0.7557
-324.0	235.3	0.000873777	0.9166
-319.5	235.3	9.70056e-05	0.5321
-315.0	235.3	0.00012407	0.4703
-310.5	235.3	0.00350519	0.9727
-306.0	235.3	0.00189324	0.8336
-301.5	235.3	0.00138595	0.886
-297.0	235.3	9.98606e-05	0.4873
-292.5	235.3	0.000133568	0.4772
-288.0	235.3	0.000115556	0.667
-283.5	235.3	6.05427e-05	0.5415
-279.0	235.3	0.00137913	0.9744
-274.5	235.3	0.000853268	0.9404
-270.0	235.3	0.000197179	0.3827
-265.5	235.3	0.000121444	0.5677
-261.0	235.3	0.000523866	0.9194
-256.5	235.3	0.000484671	0.9537
-252.0	235.3	0.000513359	0.6223
-247.5	235.3	0.00160926	0.9359
-243.0	235.3	0.00240064	0.7848
-238.5	235.3	0.00447781	0.7742
-234.0	235.3	0.000672316	0.7613
-229.5	235.3	0.000395774	0.6931
-225.0	235.3	0.000858198	0.6021
-220.5	235.3	0.000172758	0.3833
-216.0	235.3	0.00342198	0.6859
-211.5	235.3	0.000253595	0.3756
-207.0	235.3	0.000171358	0.3852
-202.5	235.3	0.000888923	0.7154
-198.0	235.3	0.00460317	0.9386
-193.5	235.3	0.000227133	0.423
-189.0	235.3	0.00440873	0.93
-184.5	235.3	0.000397514	0.4168
-180.0	235.3	0.000279288	0.3647
-175.5	235.3	0.000235059	0.3858
-171.0	235.3	0.000438044	0.282
-166.5	235.3	0.000691484	0.7617
-162.0	235.3	0.00256695	0.8989
-157.5	235.3	0.006344	0.6622
-153.0	235.3	0.000777393	0.3987
-148.5	235.3	0.00475002	0.5447
-144.0	235.3	0.00238334	0.6822
-139.5	235.3	0.00424368	0.6654
-135.0	235.3	0.00206735	0.8617
-130.5	235.3	0.00150449	0.7083
-126.0	235.3	0.000381528	0.3028
-121.5	235.3	0.00088955	0.2609
-117.0	235.3	0.00188563	0.7765
-112.5	235.3	0.000438716	0.4966
-108.0	235.3	0.00234218	0.6499
-103.5	235.3	0.00150024	0.669
-99.0	235.3	0.000501904	0.2616
-94.5	235.3	0.00280129	0.786
-90.0	235.3	0.00047115	0.281
-85.5	235.3	0.00645087	0.488
-81.0	235.3	0.00181307	0.4715
-76.5	235.3	0.00244881	0.7326
-72.0	235.3	0.0106383	0.5446
-67.5	235.3	0.00291786	0.4128
-63.0	235.3	0.00707432	0.4882
-58.5	235.3	0.00912882	0.4864
-54.0	235.3	0.004681	0.5322
-49.5	235.3	0.00239225	0.521
-45.0	235.3	0.0040921	0.6118
-40.5	235.3	0.00373067	0.5299
-36.0	235.3	0.00372453	0.5291
-31.5	235.3	0.00471109	0.4637
-27.0	235.3	0.00550979	0.5017
-22.5	235.3	0.002762	0.5659
-18.0	235.3	0.000749628	0.2663
-13.5	235.3	0.00444031	0.6675
-9.0	235.3	0.00916683	0.3795
-4.5	235.3	0.00778997	0.4969
0.0	235.3	0.00250812	0.3865
4.5	235.3	0.00730195	0.4156
9.0	235.3	0.00235476	0.4787
13.5	235.3	0.00638803	0.3954
18.0	235.3	0.00707076	0.5029
22.5	235.3	0.00740766	0.5681
27.0	235.3	0.00382971	0.6703
31.5	235.3	0.000770324	0.2023
36.0	235.3	0.00178609	0.4764
40.5	235.3	0.00308006	0.5678
45.0	235.3	0.0029373	0.5782
49.5	235.3	0.00172655	0.6667
54.0	235.3	0.000689836	0.2174
58.5	235.3	0.00254326	0.781
63.0	235.3	0.00473323	0.482
67.5	235.3	0.0017839	0.6571
72.0	235.3	0.0010707	0.4758
76.5	235.3	0.00257848	0.453
81.0	235.3	0.00361881	0.6872
85.5	235.3	0.00692833	0.5713
90.0	235.3	0.00408102	0.6546
94.5	235.3	0.00185544	0.7748
99.0	235.3	0.00542549	0.4981
103.5	235.3	0.00104473	0.7786
108.0	235.3	0.00161017	0.6525
112.5	235.3	0.00280124	0.7736
117.0	235.3	0.00549293	0.5848
121.5	235.3	0.00574241	0.5697
126.0	235.3	0.000623261	0.4737
130.5	235.3	0.0024088	0.7521
135.0	235.3	0.00130851	0.4493
139.5	235.3	0.00262002	0.7305
144.0	235.3	0.00244029	0.8909
148.5	235.3	0.00152573	0.5485
153.0	235.3	0.00190884	0.6467
157.5	235.3	0.000819648	0.4069
162.0	235.3	0.000636579	0.5297
166.5	235.3	0.00110648	0.8128
171.0	235.3	0.00269717	0.6785
175.5	235.3	0.000473559	0.4772
180.0	235.3	0.00324093	0.8521
184.5	235.3	0.000633099	0.794
189.0	235.3	0.000231658	0.3629
193.5	235.3	0.000977689	0.8264
198.0	235.3	0.0016429	0.5961
202.5	235.3	0.00136761	0.8207
207.0	235.3	0.0011299	0.9457
211.5	235.3	0.000957249	0.7941
216.0	235.3	0.0021571	0.8145
220.5	235.3	0.00246738	0.6772
225.0	235.3	0.000229595	0.4431
229.5	235.3	0.00357394	0.9457
234.0	235.3	0.00125187	0.8388
238.5	235.3	0.000564997	0.4108
243.0	235.3	0.000469093	0.3328
247.5	235.3	0.000162036	0.4337
252.0	235.3	0.000124872	0.4253
256.5	235.3	9.89474e-05	0.4548
261.0	235.3	0.000356669	0.9439
265.5	235.3	0.000194945	0.4448
270.0	235.3	0.00204917	0.6648
274.5	235.3	0.000109082	0.5652
279.0	235.3	0.000157922	0.471
283.5	235.3	9.4501e-05	0.6213
288.0	235.3	0.0041168	0.9598
292.5	235.3	0.00104508	0.8466
297.0	235.3	0.000139389	0.4773
301.5	235.3	0.00141744	0.9777
306.0	235.3	0.00102293	0.9516
310.5	235.3	0.000601838	0.6659
315.0	235.3	0.00074966	0.7969
319.5	235.3	0.000135494	0.4593
324.0	235.3	6.41603e-05	0.8565
328.5	235.3	0.0	0.0
333.0	235.3	5.12729e-05	0.6457
337.5	235.3	0.000117677	0.582
342.0	235.3	5.55678e-05	0.7095
346.5	235.3	6.77807e-05	0.6793
351.0	235.3	7.04338e-05	0.5473
355.5	235.3	3.22373e-05	1.0
360.0	235.3	3.444e-05	0.8786
364.5	235.3	0.000155861	0.715
369.0	235.3	3.87351e-05	0.7703
373.5	235.3	0.0	0.0
378.0	235.3	6.09948e-06	1.0
382.5	235.3	3.14511e-05	0.7123
387.0	235.3	0.000224643	0.878
391.5	235.3	0.00114396	0.9639
396.0	235.3	0.000113501	0.7302
400.5	235.3	5.7883e-05	0.6038
405.0	235.3	3.02174e-05	0.7478
409.5	235.3	4.50688e-05	1.0
414.0	235.3	3.49274e-05	0.7882
418.5	235.3	7.92667e-05	0.7109
423.0	235.3	2.12213e-05	1.0
427.5	235.3	2.88345e-05	1.0
432.0	235.3	0.0	0.0
436.5	235.3	6.85659e-06	1.0
441.0	235.3	5.57227e-05	1.0
445.5	235.3	0.00012115	0.7162
-450.0	237.867	2.20266e-05	1.0
-445.5	237.867	2.20002e-05	1.0
-441.0	237.867	2.38752e-06	1.0
-436.5	237.867	3.44156e-05	0.7557
-432.0	237.867	6.07507e-05	1.0
-427.5	237.867	4.84163e-05	0.7099
-423.0	237.867	0.000625137	0.9355
-418.5	237.867	0.000442639	0.9179
-414.0	237.867	3.81397e-05	1.0
-409.5	237.867	3.89942e-05	1.0
-405.0	237.867	5.14135e-05	0.8785
-400.5	237.867	3.08713e-05	1.0
-396.0	237.867	4.0547e-05	1.0
-391.5	237.867	0.000694508	0.9721
-387.0	237.867	0.00011037	0.7085
-382.5	237.867	8.44243e-06	0.9363
-378.0	237.867	0.0017851	0.9011
-373.5	237.867	0.000443342	0.5754
-369.0	237.867	0.00218815	0.9647
-364.5	237.867	3.70567e-05	0.7359
-360.0	237.867	6.55013e-05	0.9671
-355.5	237.867	0.000207826	0.8919
-351.0	237.867	4.20795e-05	0.7437
-346.5	237.867	8.13812e-05	0.5837
-342.0	237.867	0.00010448	0.7298
-337.5	237.867	6.75349e-05	0.5059
-333.0	237.867	7.42388e-05	0.5917
-328.5	237.867	0.00136156	0.9327
-324.0	237.867	5.17711e-05	1.0
-319.5	237.867	0.00010241	0.5477
-315.0	237.867	0.00341757	0.9847
-310.5	237.867	0.000736743	0.7931
-306.0	237.867	0.00261045	0.6887
-301.5	237.867	3.9847e-05	0.8358
-297.0	237.867	0.00012703	0.5798
-292.5	237.867	0.000168372	0.5532
-288.0	237.867	4.67363e-05	0.5388
-283.5	237.867	0.000141416	0.4287
-279.0	237.867	0.000975403	0.9178
-274.5	237.867	1.17035e-05	0.7958
-270.0	237.867	0.00128344	0.9243
-265.5	237.867	9.89792e-05	0.5387
-261.0	237.867	0.000991748	0.9507
-256.5	237.867	1.64952e-05	0.7121
-252.0	237.867	0.000174465	0.4215
-247.5	237.867	0.000751782	0.8635
-243.0	237.867	0.000127295	0.5377
-238.5	237.867	0.000252892	0.368
-234.0	237.867	0.00252381	0.942
-229.5	237.867	0.00164452	0.9577
-225.0	237.867	0.00100336	0.7174
-220.5	237.867	0.000246734	0.3672
-216.0	237.867	0.000261856	0.4356
-211.5	237.867	0.000228279	0.3945
-207.0	237.867	0.000189725	0.4953
-202.5	237.867	0.00430043	0.9479
-198.0	237.867	0.000475799	0.5446
-193.5	237.867	0.00251252	0.934
-189.0	237.867	0.00232033	0.8288
-184.5	237.867	0.00284058	0.6516
-180.0	237.867	0.000793932	0.4883
-175.5	237.867	0.000393773	0.3515
-171.0	237.867	0.0012444	0.7083
-166.5	237.867	0.000632637	0.5524
-162.0	237.867	0.000320425	0.3208
-157.5	237.867	0.00296471	0.6157
-153.0	237.867	0.00147845	0.8425
-148.5	237.867	0.00590756	0.6142
-144.0	237.867	0.00335379	0.8937
-139.5	237.867	0.000847802	0.6023
-135.0	237.867	0.0014672	0.794
-130.5	237.867	0.00133327	0.8176
-126.0	237.867	0.00202465	0.7787
-121.5	237.867	0.000954698	0.5885
-117.0	237.867	0.00521037	0.5919
-112.5	237.867	0.000675979	0.5875
-108.0	237.867	0.00027458	0.3869
-103.5	237.867	0.0028622	0.5479
-99.0	237.867	0.000608953	0.2777
-94.5	237.867	0.00389078	0.6096
-90.0	237.867	0.00071211	0.4175
-85.5	237.867	0.00766156	0.4808
-81.0	237.867	0.00273744	0.5786
-76.5	237.867	0.00327104	0.5797
-72.0	237.867	0.00328038	0.4786
-67.5	237.867	0.00412758	0.4903
-63.0	237.867	0.00945215	0.4683
-58.5	237.867	0.00625269	0.4706
-54.0	237.867	0.00419818	0.4927
-49.5	237.867	0.00181804	0.6367
-45.0	237.867	0.00299472	0.5261
-40.5	237.867	0.00584206	0.4426
-36.0	237.867	0.00234789	0.6277
-31.5	237.867	0.00734017	0.5505
-27.0	237.867	0.0088905	0.4676
-22.5	237.867	0.00215764	0.6139
-18.0	237.867	0.00178377	0.5075
-13.5	237.867	0.00125078	0.3687
-9.0	237.867	0.00356016	0.5401
-4.5	237.867	0.00666187	0.4647
0.0	237.867	0.00816724	0.4649
4.5	237.867	0.00559803	0.4955
9.0	237.867	0.00246104	0.5063
13.5	237.867	0.00404302	0.4905
18.0	237.867	0.00989692	0.5637
22.5	237.867	0.00517445	0.6492
27.0	237.867	0.00316091	0.7997
31.5	237.867	0.00420753	0.4707
36.0	237.867	0.00316738	0.6396
40.5	237.867	0.00625767	0.5067
45.0	237.867	0.00264508	0.4404
49.5	237.867	0.00262402	0.7807
54.0	237.867	0.00408912	0.694
58.5	237.867	0.00075566	0.4112
63.0	237.867	0.00749148	0.4436
67.5	237.867	0.000389436	0.2496
72.0	237.867	0.00197912	0.738
76.5	237.867	0.00239473	0.4957
81.0	237.867	0.00409815	0.5759
85.5	237.867	0.0033484	0.624
90.0	237.867	0.00583275	0.5518
94.5	237.867	0.0060628	0.5241
99.0	237.867	0.00316094	0.61
103.5	237.867	0.00155009	0.6381
108.0	237.867	0.000239269	0.3479
112.5	237.867	0.001679	0.613
117.0	237.867	0.00582552	0.4328
121.5	237.867	0.00313319	0.6637
126.0	237.867	0.000430258	0.2656
130.5	237.867	0.00208605	0.8587
135.0	237.867	0.0020303	0.7262
139.5	237.867	0.000305491	0.375
144.0	237.867	0.00138516	0.7161
148.5	237.867	0.0014797	0.7864
153.0	237.867	0.00277097	0.6298
157.5	237.867	0.000714079	0.4107
162.0	237.867	0.00188565	0.6217
166.5	237.867	0.00115926	0.7669
171.0	237.867	0.00036849	0.2946
175.5	237.867	0.000334751	0.341
180.0	237.867	0.00174416	0.8447
184.5	237.867	0.0014284	0.8562
189.0	237.867	0.00139014	0.9059
193.5	237.867	0.00102015	0.7529
198.0	237.867	0.000881065	0.6787
202.5	237.867	0.00108268	0.5425
207.0	237.867	0.000513243	0.671
211.5	237.867	0.000968071	0.7633
216.0	237.867	0.00135543	0.8562
220.5	237.867	0.000899098	0.6671
225.0	237.867	0.00120799	0.717
229.5	237.867	0.00417148	0.8194
234.0	237.867	0.00014639	0.4231
238.5	237.867	0.000844211	0.7415
243.0	237.867	0.000595754	0.4343
247.5	237.867	0.00123703	0.718
252.0	237.867	0.000172569	0.4623
256.5	237.867	0.000223167	0.4495
261.0	237.867	6.20546e-05	0.7727
265.5	237.867	8.51189e-05	0.7652
270.0	237.867	8.83171e-05	0.4856
274.5	237.867	0.000131528	0.4754
279.0	237.867	0.000105022	0.6123
283.5	237.867	0.000201008	0.7417
288.0	237.867	0.00264665	0.9628
292.5	237.867	0.00586861	0.7809
297.0	237.867	0.000111978	0.5726
301.5	237.867	0.00236725	0.9407
306.0	237.867	7.98605e-05	0.5785
310.5	237.867	0.00136321	0.9777
315.0	237.867	0.000146866	0.5345
319.5	237.867	0.000122045	0.4809
324.0	237.867	2.53605e-05	0.8405
328.5	237.867	6.58827e-05	1.0
333.0	237.867	0.00216245	0.716
337.5	237.867	0.000107031	0.5825
342.0	237.867	0.000104534	0.6545
346.5	237.867	0.0	0.0
351.0	237.867	5.49104e-05	0.6075
355.5	237.867	2.11165e-05	1.0
360.0	237.867	2.28249e-07	1.0
364.5	237.867	8.19866e-05	0.6517
369.0	237.867	3.13686e-05	0.7282
373.5	237.867	2.17329e-05	0.7124
378.0	237.867	1.45975e-05	1.0
382.5	237.867	2.33279e-05	0.9643
387.0	237.867	0.0	0.0
391.5	237.867	0.0	0.0
396.0	237.867	0.0	0.0
400.5	237.867	7.48361e-05	1.0
405.0	237.867	5.9642e-05	0.7067
409.5	237.867	9.06201e-06	0.7126
414.0	237.867	8.9321e-05	0.7125
418.5	237.867	7.1654e-05	0.7616
423.0	237.867	9.70907e-05	0.6195
427.5	237.867	0.00011468	0.753
432.0	237.867	3.56278e-05	1.0
436.5	237.867	5.6465e-05	0.6188
441.0	237.867	3.72577e-05	0.6053
445.5	237.867	0.000106312	0.5893
-450.0	240.433	4.0812e-05	0.7941
-445.5	240.433	0.0	0.0
-441.0	240.433	0.0	0.0
-436.5	240.433	2.41342e-05	0.7982
-432.0	240.433	7.27674e-05	0.5363
-427.5	240.433	0.00071113	0.9255
-423.0	240.433	0.000461968	0.8886
-418.5	240.433	3.30043e-05	1.0
-414.0	240.433	4.41296e-05	1.0
-409.5	240.433	3.41486e-05	1.0
-405.0	240.433	7.73088e-05	0.6307
-400.5	240.433	5.02444e-05	1.0
-396.0	240.433	0.00115623	0.9703
-391.5	240.433	0.000839833	0.9096
-387.0	240.433	9.67987e-05	0.5444
-382.5	240.433	0.00171966	0.8714
-378.0	240.433	0.000325276	0.6576
-373.5	240.433	4.27316e-05	0.8596
-369.0	240.433	5.48126e-05	1.0
-364.5	240.433	3.59811e-05	1.0
-360.0	240.433	4.9266e-05	0.7113
-355.5	240.433	0.0	0.0
-351.0	240.433	1.08799e-05	1.0
-346.5	240.433	6.42588e-05	1.0
-342.0	240.433	3.72306e-05	0.8596
-337.5	240.433	6.35146e-05	0.7404
-333.0	240.433	2.26121e-06	1.0
-328.5	240.433	0.00129917	0.9767
-324.0	240.433	6.9254e-05	0.6165
-319.5	240.433	7.36386e-05	0.5872
-315.0	240.433	0.00352664	0.9669
-310.5	240.433	0.0016595	0.9321
-306.0	240.433	5.55142e-05	0.5972
-301.5	240.433	0.000119094	0.5236
-297.0	240.433	0.000220056	0.4453
-292.5	240.433	4.96354e-05	0.5828
-288.0	240.433	8.12048e-05	0.5524
-283.5	240.433	0.00044457	0.6764
-279.0	240.433	0.00422486	0.6496
-274.5	240.433	0.000117558	0.5183
-270.0	240.433	7.55559e-05	0.5335
-265.5	240.433	3.07993e-05	0.7685
-261.0	240.433	0.00109324	0.864
-256.5	240.433	6.93811e-05	0.6494
-252.0	240.433	0.000135241	0.4725
-247.5	240.433	0.000978918	0.8886
-243.0	240.433	0.000145235	0.4938
-238.5	240.433	0.000329469	0.3137
-234.0	240.433	8.4689e-05	0.4609
-229.5	240.433	5.78174e-05	0.6818
-225.0	240.433	0.000142557	0.5542
-220.5	240.433	0.000180399	0.5456
-216.0	240.433	0.00251844	0.6509
-211.5	240.433	0.000179866	0.4792
-207.0	240.433	0.00281831	0.7432
-202.5	240.433	0.0025023	0.9268
-198.0	240.433	0.000773102	0.7718
-193.5	240.433	0.00375862	0.9713
-189.0	240.433	0.00198974	0.9265
-184.5	240.433	0.000593941	0.3999
-180.0	240.433	0.000312097	0.3322
-175.5	240.433	0.000339126	0.3427
-171.0	240.433	0.000332991	0.299
-166.5	240.433	0.000110115	0.5719
-162.0	240.433	0.0019017	0.7977
-157.5	240.433	0.0048158	0.5018
-153.0	240.433	0.00470125	0.9484
-148.5	240.433	0.00254431	0.7974
-144.0	240.433	0.00356736	0.8098
-139.5	240.433	0.000654009	0.5153
-135.0	240.433	0.000296838	0.3248
-130.5	240.433	0.00496713	0.5746
-126.0	240.433	0.000434853	0.3868
-121.5	240.433	0.0023196	0.61
-117.0	240.433	0.00069339	0.5758
-112.5	240.433	0.00216594	0.8162
-108.0	240.433	0.00115206	0.5867
-103.5	240.433	0.0029245	0.6046
-99.0	240.433	0.00486888	0.634
-94.5	240.433	0.0027705	0.7842
-90.0	240.433	0.00053046	0.2753
-85.5	240.433	0.000908539	0.3622
-81.0	240.433	0.000580415	0.2304
-76.5	240.433	0.00266541	0.4336
-72.0	240.433	0.00745825	0.4788
-67.5	240.433	0.00059906	0.2804
-63.0	240.433	0.00544898	0.6775
-58.5	240.433	0.00307466	0.734
-54.0	240.433	0.00291728	0.4591
-49.5	240.433	0.00136651	0.4341
-45.0	240.433	0.000614652	0.3144
-40.5	240.433	0.00692173	0.4161
-36.0	240.433	0.00287577	0.5978
-31.5	240.433	0.00979265	0.4704
-27.0	240.433	0.0046812	0.5956
-22.5	240.433	0.00206395	0.6343
-18.0	240.433	0.00142333	0.6284
-13.5	240.433	0.00201617	0.5858
-9.0	240.433	0.00401421	0.5104
-4.5	240.433	0.00500675	0.5288
0.0	240.433	0.0052414	0.551
4.5	240.433	0.00465382	0.4634
9.0	240.433	0.00112823	0.2971
13.5	240.433	0.00845377	0.4667
18.0	240.433	0.00299026	0.4088
22.5	240.433	0.0109703	0.4512
27.0	240.433	0.00334611	0.6456
31.5	240.433	0.00300501	0.821
36.0	240.433	0.00667215	0.5048
40.5	240.433	0.00353931	0.487
45.0	240.433	0.000814801	0.4309
49.5	240.433	0.00172023	0.4953
54.0	240.433	0.00243722	0.5298
58.5	240.433	0.000447587	0.2845
63.0	240.433	0.00669925	0.439
67.5	240.433	0.00204925	0.6938
72.0	240.433	0.00128783	0.3452
76.5	240.433	0.00103345	0.4786
81.0	240.433	0.00510412	0.4485
85.5	240.433	0.0021305	0.8414
90.0	240.433	0.00629835	0.5024
94.5	240.433	0.00371789	0.6777
99.0	240.433	0.000267688	0.3438
103.5	240.433	0.00273316	0.6332
108.0	240.433	0.000178868	0.3927
112.5	240.433	0.00237389	0.4879
117.0	240.433	0.00553212	0.5781
121.5	240.433	0.00291238	0.9111
126.0	240.433	0.00222276	0.6818
130.5	240.433	0.00189457	0.897
135.0	240.433	0.00330892	0.8828
139.5	240.433	0.000145366	0.488
144.0	240.433	0.00162904	0.868
148.5	240.433	0.000401046	0.3486
153.0	240.433	0.00113096	0.4585
157.5	240.433	0.000471041	0.267
162.0	240.433	0.000781645	0.5355
166.5	240.433	0.00189527	0.9077
171.0	240.433	0.00381953	0.6565
175.5	240.433	0.000232136	0.3531
180.0	240.433	0.000433552	0.5153
184.5	240.433	0.000178374	0.3921
189.0	240.433	0.0014637	0.7654
193.5	240.433	0.00159021	0.8625
198.0	240.433	0.00190373	0.8502
202.5	240.433	0.000497252	0.4456
207.0	240.433	0.000233573	0.3482
211.5	240.433	0.000324843	0.3367
216.0	240.433	0.000301224	0.3722
220.5	240.433	0.000286594	0.5576
225.0	240.433	0.000630944	0.6678
229.5	240.433	0.00246492	0.5841
234.0	240.433	0.00197849	0.7171
238.5	240.433	0.0028824	0.6949
243.0	240.433	0.000244935	0.5112
247.5	240.433	0.00150839	0.583
252.0	240.433	0.000256864	0.3924
256.5	240.433	0.000191006	0.4502
261.0	240.433	0.00200011	0.9764
265.5	240.433	0.000684728	0.8207
270.0	240.433	0.000175206	0.428
274.5	240.433	0.000225684	0.4431
279.0	240.433	0.000157456	0.5796
283.5	240.433	3.56634e-05	1.0
288.0	240.433	0.000181092	0.8559
292.5	240.433	0.00217869	0.9534
297.0	240.433	7.9451e-05	0.7142
301.5	240.433	0.00254999	0.9683
306.0	240.433	6.01499e-05	0.7219
310.5	240.433	5.05898e-06	1.0
315.0	240.433	4.47583e-05	0.7776
319.5	240.433	0.000194821	0.4538
324.0	240.433	3.74253e-05	1.0
328.5	240.433	6.94338e-07	1.0
333.0	240.433	1.20869e-05	0.7358
337.5	240.433	0.000219927	0.6327
342.0	240.433	0.000125188	0.4772
346.5	240.433	4.88051e-05	1.0
351.0	240.433	6.54746e-06	0.8768
355.5	240.433	9.09761e-06	1.0
360.0	240.433	0.0	0.0
364.5	240.433	1.92719e-05	0.8448
369.0	240.433	4.7263e-05	0.7078
373.5	240.433	3.94038e-05	1.0
378.0	240.433	4.0368e-05	0.6736
382.5	240.433	3.68756e-05	0.9921
387.0	240.433	4.28913e-05	1.0
391.5	240.433	0.0	0.0
396.0	240.433	3.78413e-05	1.0
400.5	240.433	0.0	0.0
405.0	240.433	1.87619e-05	0.8476
409.5	240.433	4.0343e-05	1.0
414.0	240.433	3.45871e-05	1.0
418.5	240.433	4.07034e-05	0.8948
423.0	240.433	3.4111e-05	1.0
427.5	240.433	5.72715e-05	0.8401
432.0	240.433	7.33806e-05	0.902
436.5	240.433	4.24211e-05	1.0
441.0	240.433	0.0	0.0
445.5	240.433	0.000101622	0.5756
-450.0	243.0	0.000397211	1.0
-445.5	243.0	0.0	0.0
-441.0	243.0	0.0	0.0
-436.5	243.0	2.90403e-05	0.7152
-432.0	243.0	0.000743639	0.9811
-427.5	243.0	0.000360631	0.9319
-423.0	243.0	3.26029e-05	0.867
-418.5	243.0	4.92651e-05	1.0
-414.0	243.0	2.5765e-06	1.0
-409.5	243.0	8.507e-05	0.6221
-405.0	243.0	8.42026e-05	0.7425
-400.5	243.0	0.000466472	0.907
-396.0	243.0	0.0015623	0.9363
-391.5	243.0	5.72951e-05	0.7846
-387.0	243.0	0.00146634	0.9407
-382.5	243.0	0.000424166	0.7501
-378.0	243.0	0.0	0.0
-373.5	243.0	3.8986e-06	1.0
-369.0	243.0	1.1111e-06	1.0
-364.5	243.0	6.21953e-05	1.0
-360.0	243.0	3.59566e-05	1.0
-355.5	243.0	2.09461e-05	0.7528
-351.0	243.0	4.01481e-05	0.9886
-346.5	243.0	0.000120389	0.7384
-342.0	243.0	1.60219e-05	0.6689
-337.5	243.0	8.12069e-05	0.615
-333.0	243.0	0.000123768	0.7667
-328.5	243.0	0.00134337	0.9449
-324.0	243.0	3.16119e-05	0.68
-319.5	243.0	4.22119e-05	0.8588
-315.0	243.0	0.00121123	0.7302
-310.5	243.0	0.000559964	0.7952
-306.0	243.0	0.000114444	0.6157
-301.5	243.0	0.000175063	0.4759
-297.0	243.0	0.000133466	0.4391
-292.5	243.0	0.000841611	0.8976
-288.0	243.0	0.0	0.0
-283.5	243.0	8.61302e-06	0.9414
-279.0	243.0	0.000116523	0.5542
-274.5	243.0	0.000155402	0.4897
-270.0	243.0	4.92076e-05	0.7118
-265.5	243.0	0.000896899	0.8914
-261.0	243.0	9.98368e-05	0.829
-256.5	243.0	6.73983e-05	0.4754
-252.0	243.0	0.000360417	0.9456
-247.5	243.0	0.000894669	0.6841
-243.0	243.0	4.80758e-05	0.5447
-238.5	243.0	0.000277667	0.3913
-234.0	243.0	0.000113717	0.5287
-229.5	243.0	0.000207925	0.3791
-225.0	243.0	9.53188e-05	0.5025
-220.5	243.0	0.000123345	0.4775
-216.0	243.0	0.000444995	0.3523
-211.5	243.0	0.00205086	0.7429
-207.0	243.0	0.00475095	0.9114
-202.5	243.0	0.000266494	0.3523
-198.0	243.0	0.00125106	0.8338
-193.5	243.0	0.000656636	0.832
-189.0	243.0	0.00203338	0.9068
-184.5	243.0	0.000768744	0.5261
-180.0	243.0	0.000196087	0.3804
-175.5	243.0	0.000190614	0.3831
-171.0	243.0	0.00172795	0.796
-166.5	243.0	0.000476112	0.6928
-162.0	243.0	0.000870943	0.5304
-157.5	243.0	0.00532319	0.6065
-153.0	243.0	0.00258263	0.6881
-148.5	243.0	0.00460592	0.698
-144.0	243.0	0.000382524	0.2619
-139.5	243.0	0.00172112	0.6937
-135.0	243.0	0.000431327	0.5635
-130.5	243.0	0.00323071	0.6671
-126.0	243.0	0.000635265	0.6288
-121.5	243.0	0.000312851	0.338
-117.0	243.0	0.00206617	0.78
-112.5	243.0	0.000401284	0.3355
-108.0	243.0	0.00161954	0.7107
-103.5	243.0	0.00217746	0.5997
-99.0	243.0	0.00246827	0.8913
-94.5	243.0	0.000577905	0.272
-90.0	243.0	0.000427136	0.3127
-85.5	243.0	0.000781279	0.3053
-81.0	243.0	0.00424034	0.5524
-76.5	243.0	0.00127384	0.5294
-72.0	243.0	0.00395358	0.6693
-67.5	243.0	0.0017476	0.6075
-63.0	243.0	0.00543368	0.6793
-58.5	243.0	0.00127464	0.5533
-54.0	243.0	0.00335031	0.5326
-49.5	243.0	0.00285998	0.5391
-45.0	243.0	0.000593077	0.2671
-40.5	243.0	0.00339512	0.6777
-36.0	243.0	0.00379996	0.4975
-31.5	243.0	0.00269686	0.6903
-27.0	243.0	0.00657868	0.5828
-22.5	243.0	0.00400581	0.6181
-18.0	243.0	0.00470088	0.4738
-13.5	243.0	0.0056157	0.4457
-9.0	243.0	0.00254745	0.4688
-4.5	243.0	0.00614669	0.534
0.0	243.0	0.00333611	0.6278
4.5	243.0	0.00244032	0.7346
9.0	243.0	0.00168731	0.5527
13.5	243.0	0.00608234	0.6304
18.0	243.0	0.00120913	0.2922
22.5	243.0	0.00537321	0.5414
27.0	243.0	0.00192779	0.8995
31.5	243.0	0.00439198	0.6326
36.0	243.0	0.00518706	0.699
40.5	243.0	0.00147133	0.4775
45.0	243.0	0.00121359	0.6431
49.5	243.0	0.00326161	0.7548
54.0	243.0	0.000616162	0.2512
58.5	243.0	0.000324122	0.3237
63.0	243.0	0.00719586	0.4904
67.5	243.0	0.00204064	0.8126
72.0	243.0	0.00644815	0.536
76.5	243.0	0.00194206	0.5242
81.0	243.0	0.00576757	0.4887
85.5	243.0	0.00251829	0.4948
90.0	243.0	0.00176239	0.5523
94.5	243.0	0.00232724	0.7947
99.0	243.0	0.00132908	0.6736
103.5	243.0	0.00256669	0.65
108.0	243.0	0.000336977	0.3512
112.5	243.0	0.00307869	0.8786
117.0	243.0	0.0014424	0.6915
121.5	243.0	0.00294135	0.9022
126.0	243.0	0.00103384	0.7882
130.5	243.0	0.00199299	0.8639
135.0	243.0	0.00030206	0.3198
139.5	243.0	0.00412009	0.9557
144.0	243.0	0.000641002	0.6065
148.5	243.0	0.00142467	0.7368
153.0	243.0	0.00319606	0.7737
157.5	243.0	0.000460919	0.2692
162.0	243.0	0.00035011	0.2784
166.5	243.0	0.000399571	0.2984
171.0	243.0	0.00464004	0.732
175.5	243.0	0.00019286	0.3946
180.0	243.0	0.000341087	0.55
184.5	243.0	0.000315001	0.3768
189.0	243.0	0.00029939	0.3445
193.5	243.0	0.000805223	0.604
198.0	243.0	0.000970683	0.6445
202.5	243.0	0.000634356	0.6853
207.0	243.0	0.000457393	0.4238
211.5	243.0	0.000230902	0.3842
216.0	243.0	0.000352072	0.4233
220.5	243.0	4.47797e-05	0.7667
225.0	243.0	0.000204498	0.4722
229.5	243.0	0.000934968	0.8016
234.0	243.0	0.000457248	0.5326
238.5	243.0	0.00173206	0.9546
243.0	243.0	0.00082649	0.9328
247.5	243.0	0.00175901	0.7963
252.0	243.0	0.000469716	0.5742
256.5	243.0	0.00308773	0.9082
261.0	243.0	0.000574074	0.8267
265.5	243.0	0.00122628	0.8228
270.0	243.0	0.00060888	0.617
274.5	243.0	0.000928766	0.9174
279.0	243.0	0.000207434	0.5901
283.5	243.0	7.02966e-05	0.7259
288.0	243.0	0.000156126	0.5558
292.5	243.0	0.00145836	0.8566
297.0	243.0	5.52323e-05	0.609
301.5	243.0	0.00170433	0.9358
306.0	243.0	0.000681577	0.9264
310.5	243.0	5.05102e-05	0.6155
315.0	243.0	1.12056e-05	1.0
319.5	243.0	9.09603e-05	0.4781
324.0	243.0	0.000104468	0.5123
328.5	243.0	3.00703e-05	1.0
333.0	243.0	2.82325e-05	1.0
337.5	243.0	0.000192137	0.7326
342.0	243.0	0.000205131	0.4854
346.5	243.0	8.76311e-05	0.6663
351.0	243.0	4.42408e-05	0.8713
355.5	243.0	2.23426e-05	1.0
360.0	243.0	4.1675e-05	1.0
364.5	243.0	3.44792e-05	1.0
369.0	243.0	4.4909e-05	0.7145
373.5	243.0	1.67386e-05	1.0
378.0	243.0	0.000112774	0.5343
382.5	243.0	8.06529e-05	0.5981
387.0	243.0	0.0	0.0
391.5	243.0	0.0	0.0
396.0	243.0	3.07678e-05	1.0
400.5	243.0	2.20166e-05	1.0
405.0	243.0	4.43232e-05	1.0
409.5	243.0	1.98143e-06	1.0
414.0	243.0	3.83616e-05	1.0
418.5	243.0	3.91417e-05	0.759
423.0	243.0	0.0	0.0
427.5	243.0	1.40363e-05	1.0
432.0	243.0	8.33792e-05	0.8079
436.5	243.0	7.15619e-05	0.7424
441.0	243.0	3.62887e-05	0.6912
445.5	243.0	0.000231267	0.8777
-450.0	245.567	3.28077e-05	1.0
-445.5	245.567	0.0	0.0
-441.0	245.567	2.75964e-05	1.0
-436.5	245.567	0.000836131	0.96
-432.0	245.567	0.00026248	1.0
-427.5	245.567	2.27334e-05	1.0
-423.0	245.567	8.57373e-05	0.7322
-418.5	245.567	2.13746e-05	0.9543
-414.0	245.567	6.74736e-05	0.7047
-409.5	245.567	0.000139259	0.5766
-405.0	245.567	5.42598e-05	0.7736
-400.5	245.567	0.00194593	0.9681
-396.0	245.567	0.000111789	0.4739
-391.5	245.567	0.0013751	0.9226
-387.0	245.567	0.000478665	0.8816
-382.5	245.567	1.32876e-05	1.0
-378.0	245.567	4.55665e-05	1.0
-373.5	245.567	5.13258e-05	0.8098
-369.0	245.567	0.000116683	0.6327
-364.5	245.567	3.02936e-05	1.0
-360.0	245.567	2.93096e-05	0.7246
-355.5	245.567	6.15867e-05	0.6265
-351.0	245.567	0.000125179	0.5319
-346.5	245.567	0.00011593	0.6076
-342.0	245.567	0.000129416	0.7397
-337.5	245.567	8.17832e-05	0.724
-333.0	245.567	7.27743e-05	0.5826
-328.5	245.567	0.00133565	0.9504
-324.0	245.567	3.91799e-06	1.0
-319.5	245.567	9.05352e-05	1.0
-315.0	245.567	0.000141885	0.5355
-310.5	245.567	0.000173193	0.5455
-306.0	245.567	7.83984e-05	0.6387
-301.5	245.567	0.000114285	0.5259
-297.0	245.567	8.66915e-05	0.5364
-292.5	245.567	0.00152198	0.9712
-288.0	245.567	1.70781e-05	1.0
-283.5	245.567	4.12694e-05	0.7121
-279.0	245.567	0.00265733	0.9595
-274.5	245.567	5.32291e-05	0.8558
-270.0	245.567	4.73374e-05	0.7156
-265.5	245.567	0.000120169	0.5466
-261.0	245.567	2.87885e-05	0.8765
-256.5	245.567	0.000331338	0.8689
-252.0	245.567	0.000924411	0.9156
-247.5	245.567	0.000132279	0.5292
-243.0	245.567	7.52236e-05	0.6217
-238.5	245.567	0.000151495	0.4968
-234.0	245.567	8.36035e-05	0.5221
-229.5	245.567	0.000192677	0.421
-225.0	245.567	7.23852e-05	0.6064
-220.5	245.567	0.000116486	0.4115
-216.0	245.567	0.000196753	0.3692
-211.5	245.567	0.00496783	0.8079
-207.0	245.567	0.000244984	0.4312
-202.5	245.567	0.000191141	0.3808
-198.0	245.567	0.000403573	0.7235
-193.5	245.567	0.00228786	0.6682
-189.0	245.567	0.00592338	0.5651
-184.5	245.567	0.00161374	0.6552
-180.0	245.567	0.000128424	0.4523
-175.5	245.567	0.00186393	0.7613
-171.0	245.567	0.00185519	0.898
-166.5	245.567	0.000326732	0.4514
-162.0	245.567	0.00149955	0.5267
-157.5	245.567	0.00382248	0.7719
-153.0	245.567	0.0021319	0.6381
-148.5	245.567	0.00339242	0.8836
-144.0	245.567	0.00252141	0.5805
-139.5	245.567	0.00021071	0.584
-135.0	245.567	0.00316078	0.8714
-130.5	245.567	0.00288448	0.8993
-126.0	245.567	0.00226895	0.7714
-121.5	245.567	0.00103887	0.5974
-117.0	245.567	0.000705449	0.482
-112.5	245.567	0.00145038	0.4861
-108.0	245.567	0.00121734	0.6806
-103.5	245.567	0.00130459	0.7674
-99.0	245.567	0.00317669	0.7275
-94.5	245.567	0.000416162	0.3072
-90.0	245.567	0.000417622	0.2969
-85.5	245.567	0.000952402	0.5656
-81.0	245.567	0.00248304	0.5889
-76.5	245.567	0.00052579	0.2742
-72.0	245.567	0.0056937	0.4926
-67.5	245.567	0.00222381	0.7191
-63.0	245.567	0.00500829	0.5321
-58.5	245.567	0.00275662	0.5631
-54.0	245.567	0.00504535	0.5319
-49.5	245.567	0.005746	0.609
-45.0	245.567	0.00163589	0.5965
-40.5	245.567	0.00187549	0.804
-36.0	245.567	0.00181125	0.3952
-31.5	245.567	0.00117195	0.6067
-27.0	245.567	0.00660326	0.4589
-22.5	245.567	0.00279348	0.5489
-18.0	245.567	0.0106601	0.4295
-13.5	245.567	0.00333391	0.618
-9.0	245.567	0.00548949	0.6329
-4.5	245.567	0.00496037	0.6371
0.0	245.567	0.000770258	0.2573
4.5	245.567	0.00142881	0.58
9.0	245.567	0.00208204	0.7139
13.5	245.567	0.00313299	0.7929
18.0	245.567	0.0019659	0.5488
22.5	245.567	0.00256395	0.5632
27.0	245.567	0.00409429	0.589
31.5	245.567	0.00133546	0.5339
36.0	245.567	0.0017096	0.7791
40.5	245.567	0.0033506	0.7262
45.0	245.567	0.00511832	0.5586
49.5	245.567	0.00235248	0.7618
54.0	245.567	0.00139069	0.575
58.5	245.567	0.00158691	0.6944
63.0	245.567	0.005013	0.5379
67.5	245.567	0.000341563	0.2661
72.0	245.567	0.00377585	0.6399
76.5	245.567	0.0020216	0.4849
81.0	245.567	0.00780381	0.4004
85.5	245.567	0.00047285	0.2767
90.0	245.567	0.00120292	0.6946
94.5	245.567	0.0033371	0.8324
99.0	245.567	0.000492774	0.2418
103.5	245.567	0.00354463	0.6082
108.0	245.567	0.00108593	0.5773
112.5	245.567	0.00530973	0.6742
117.0	245.567	0.000337781	0.3179
121.5	245.567	0.00291938	0.9091
126.0	245.567	0.000314672	0.2984
130.5	245.567	0.00057865	0.3942
135.0	245.567	0.00247917	0.9135
139.5	245.567	0.00164701	0.6663
144.0	245.567	0.00130136	0.6591
148.5	245.567	0.00163617	0.8642
153.0	245.567	0.00115659	0.658
157.5	245.567	0.000441959	0.2997
162.0	245.567	0.00234043	0.8497
166.5	245.567	0.000462395	0.3007
171.0	245.567	0.00438876	0.7769
175.5	245.567	0.000195696	0.3801
180.0	245.567	0.000126553	0.5234
184.5	245.567	0.000228721	0.482
189.0	245.567	0.000121767	0.5044
193.5	245.567	0.000251023	0.3313
198.0	245.567	0.00274745	0.627
202.5	245.567	0.00245553	0.8791
207.0	245.567	0.000417268	0.3882
211.5	245.567	0.00026731	0.3303
216.0	245.567	0.000170746	0.3573
220.5	245.567	0.000411973	0.4162
225.0	245.567	0.000196508	0.5131
229.5	245.567	6.94213e-05	0.59
234.0	245.567	0.000214986	0.5103
238.5	245.567	6.8834e-05	0.7759
243.0	245.567	0.002184	0.9911
247.5	245.567	0.000255985	0.3714
252.0	245.567	0.000120306	0.5792
256.5	245.567	0.000266866	0.3649
261.0	245.567	0.000455773	0.8479
265.5	245.567	0.000259711	0.7837
270.0	245.567	0.000185292	0.3596
274.5	245.567	0.00163825	0.9696
279.0	245.567	5.97571e-05	0.6823
283.5	245.567	0.000205556	0.4852
288.0	245.567	6.78059e-05	0.719
292.5	245.567	0.00111445	0.8818
297.0	245.567	0.00262271	0.929
301.5	245.567	8.37034e-05	0.8197
306.0	245.567	0.000151527	0.5402
310.5	245.567	5.48757e-05	0.6054
315.0	245.567	0.00106325	0.8393
319.5	245.567	0.000141816	0.7049
324.0	245.567	0.000220901	0.4403
328.5	245.567	8.9238e-05	0.5863
333.0	245.567	6.68195e-05	0.7085
337.5	245.567	0.0	0.0
342.0	245.567	0.000241134	0.8211
346.5	245.567	0.000167709	0.5144
351.0	245.567	0.000119637	0.7076
355.5	245.567	5.5822e-05	0.7073
360.0	245.567	0.0	0.0
364.5	245.567	9.48627e-06	1.0
369.0	245.567	0.0	0.0
373.5	245.567	0.0	0.0
378.0	245.567	3.86856e-05	0.6891
382.5	245.567	0.000104506	0.5315
387.0	245.567	2.77423e-05	1.0
391.5	245.567	0.0	0.0
396.0	245.567	0.0	0.0
400.5	245.567	5.13042e-05	1.0
405.0	245.567	4.58033e-05	0.9682
409.5	245.567	0.0	0.0
414.0	245.567	7.9277e-06	1.0
418.5	245.567	2.53791e-05	1.0
423.0	245.567	0.0	0.0
427.5	245.567	0.0	0.0
432.0	245.567	1.39146e-05	1.0
436.5	245.567	0.000103403	0.8226
441.0	245.567	3.03108e-05	1.0
445.5	245.567	0.00119496	0.9817
-450.0	248.133	8.6158e-05	0.6128
-445.5	248.133	0.0	0.0
-441.0	248.133	0.000924704	0.9469
-436.5	248.133	0.000189844	1.0
-432.0	248.133	1.92865e-06	1.0
-427.5	248.133	0.000558114	0.8997
-423.0	248.133	0.0	0.0
-418.5	248.133	5.25381e-05	0.6928
-414.0	248.133	0.000148009	0.6016
-409.5	248.133	0.00011008	0.559
-405.0	248.133	0.00164183	0.9781
-400.5	248.133	0.000361313	0.7798
-396.0	248.133	0.00129459	0.8931
-391.5	248.133	0.00054911	0.9706
-387.0	248.133	3.31773e-05	1.0
-382.5	248.133	7.36195e-05	0.7221
-378.0	248.133	5.79388e-05	0.676
-373.5	248.133	8.23268e-05	0.6293
-369.0	248.133	5.59651e-05	0.722
-364.5	248.133	6.42967e-05	0.7131
-360.0	248.133	0.0	0.0
-355.5	248.133	7.02017e-05	0.6599
-351.0	248.133	0.000298591	0.4752
-346.5	248.133	0.000144303	0.5831
-342.0	248.133	1.6863e-05	1.0
-337.5	248.133	5.30791e-05	0.7072
-333.0	248.133	8.45833e-05	0.616
-328.5	248.133	0.00136992	0.7264
-324.0	248.133	0.00115853	0.9014
-319.5	248.133	5.04783e-05	0.6613
-315.0	248.133	0.000134287	0.5116
-310.5	248.133	4.24926e-05	0.8341
-306.0	248.133	3.49375e-05	0.6424
-301.5	248.133	4.58103e-05	0.9675
-297.0	248.133	1.9417e-05	1.0
-292.5	248.133	2.57391e-05	1.0
-288.0	248.133	4.57548e-06	1.0
-283.5	248.133	0.000104642	0.8744
-279.0	248.133	6.51244e-05	0.7462
-274.5	248.133	3.14247e-05	1.0
-270.0	248.133	0.000147942	0.5796
-265.5	248.133	0.000389692	0.7066
-261.0	248.133	0.000288646	0.8158
-256.5	248.133	0.00197537	0.701
-252.0	248.133	0.000178343	0.4542
-247.5	248.133	0.000143928	0.4788
-243.0	248.133	0.000136743	0.5021
-238.5	248.133	0.000103894	0.6331
-234.0	248.133	0.000226961	0.3751
-229.5	248.133	0.000699526	0.8461
-225.0	248.133	0.000721929	0.8366
-220.5	248.133	0.000136062	0.4373
-216.0	248.133	0.000167447	0.4333
-211.5	248.133	6.57381e-05	0.792
-207.0	248.133	0.000159268	0.4736
-202.5	248.133	0.000190684	0.3835
-198.0	248.133	0.00066071	0.7379
-193.5	248.133	0.00277289	0.7089
-189.0	248.133	0.00308555	0.6886
-184.5	248.133	0.000288994	0.3777
-180.0	248.133	0.000381593	0.6875
-175.5	248.133	0.00363647	0.6681
-171.0	248.133	0.000259866	0.349
-166.5	248.133	0.00143269	0.6187
-162.0	248.133	0.000314376	0.3937
-157.5	248.133	0.000243173	0.3811
-153.0	248.133	0.00140671	0.7472
-148.5	248.133	0.000629662	0.5243
-144.0	248.133	0.00409416	0.6684
-139.5	248.133	0.000795236	0.9795
-135.0	248.133	0.00225737	0.938
-130.5	248.133	0.000520139	0.7282
-126.0	248.133	0.00348862	0.7374
-121.5	248.133	0.00206105	0.5885
-117.0	248.133	0.00107248	0.6118
-112.5	248.133	0.00157114	0.6661
-108.0	248.133	0.000429393	0.2816
-103.5	248.133	0.00176129	0.6706
-99.0	248.133	0.0018939	0.7805
-94.5	248.133	0.000338889	0.3239
-90.0	248.133	0.00165442	0.7314
-85.5	248.133	0.00146222	0.4659
-81.0	248.133	0.000668074	0.3808
-76.5	248.133	0.00177866	0.7183
-72.0	248.133	0.00066196	0.5361
-67.5	248.133	0.00446236	0.5604
-63.0	248.133	0.00178106	0.6076
-58.5	248.133	0.00253506	0.8464
-54.0	248.133	0.00102285	0.4525
-49.5	248.133	0.00564712	0.6369
-45.0	248.133	0.00206784	0.489
-40.5	248.133	0.00218178	0.8613
-36.0	248.133	0.00255277	0.5403
-31.5	248.133	0.000588345	0.2628
-27.0	248.133	0.00089197	0.6172
-22.5	248.133	0.00206219	0.5345
-18.0	248.133	0.00427456	0.6057
-13.5	248.133	0.000684159	0.4366
-9.0	248.133	0.000690896	0.3956
-4.5	248.133	0.00432808	0.663
0.0	248.133	0.00222518	0.7133
4.5	248.133	0.000770265	0.3901
9.0	248.133	0.00124135	0.5374
13.5	248.133	0.00293084	0.6441
18.0	248.133	0.00228855	0.5193
22.5	248.133	0.00565095	0.4412
27.0	248.133	0.00111128	0.6047
31.5	248.133	0.00030576	0.2916
36.0	248.133	0.00147519	0.7981
40.5	248.133	0.00297632	0.6289
45.0	248.133	0.000825287	0.5621
49.5	248.133	0.00252503	0.5772
54.0	248.133	0.00186661	0.582
58.5	248.133	0.00209717	0.6095
63.0	248.133	0.00452831	0.4461
67.5	248.133	0.00115007	0.6309
72.0	248.133	0.000227821	0.389
76.5	248.133	0.000900738	0.6943
81.0	248.133	0.00371922	0.5896
85.5	248.133	0.00186951	0.7823
90.0	248.133	0.00122378	0.6851
94.5	248.133	0.000413644	0.2616
99.0	248.133	0.000704121	0.5911
103.5	248.133	0.0023098	0.6977
108.0	248.133	0.00508311	0.724
112.5	248.133	0.0029617	0.912
117.0	248.133	0.000232248	0.3844
121.5	248.133	0.0022181	0.8167
126.0	248.133	0.00126452	0.802
130.5	248.133	0.00102209	0.675
135.0	248.133	0.000186095	0.3239
139.5	248.133	0.000236367	0.4104
144.0	248.133	0.00162879	0.6737
148.5	248.133	0.00032696	0.5728
153.0	248.133	0.000104951	0.4788
157.5	248.133	0.00403928	0.9266
162.0	248.133	0.0023673	0.7489
166.5	248.133	0.000267359	0.3342
171.0	248.133	0.00442685	0.766
175.5	248.133	0.000263784	0.4483
180.0	248.133	0.000126438	0.4547
184.5	248.133	0.000245754	0.4435
189.0	248.133	0.000206946	0.3925
193.5	248.133	0.000151058	0.3658
198.0	248.133	0.00427716	0.6684
202.5	248.133	0.00135907	0.6377
207.0	248.133	0.00248193	0.639
211.5	248.133	0.000611495	0.5539
216.0	248.133	0.000159361	0.3805
220.5	248.133	0.00429347	0.6454
225.0	248.133	0.00209031	0.9431
229.5	248.133	0.000161383	0.5005
234.0	248.133	0.000144567	0.5738
238.5	248.133	0.000182462	0.6138
243.0	248.133	0.00146978	0.7062
247.5	248.133	7.13534e-05	1.0
252.0	248.133	6.68074e-05	0.8403
256.5	248.133	0.000174237	0.4651
261.0	248.133	0.00187047	0.9901
265.5	248.133	0.00031334	0.8812
270.0	248.133	0.00070015	0.6124
274.5	248.133	0.00134642	0.9543
279.0	248.133	2.05539e-05	0.6607
283.5	248.133	0.000784608	0.7235
288.0	248.133	4.44665e-05	0.6008
292.5	248.133	4.72872e-05	0.7165
297.0	248.133	0.00238736	0.9442
301.5	248.133	0.00122921	0.9457
306.0	248.133	8.16266e-05	0.4573
310.5	248.133	8.22063e-05	0.6684
315.0	248.133	6.63921e-05	1.0
319.5	248.133	0.000215909	0.5743
324.0	248.133	0.00041458	0.4802
328.5	248.133	0.00021693	0.5608
333.0	248.133	0.000712837	0.77
337.5	248.133	0.00178426	0.9983
342.0	248.133	0.0002165	0.9039
346.5	248.133	7.35111e-05	0.6855
351.0	248.133	4.11104e-05	0.8723
355.5	248.133	0.000162753	0.615
360.0	248.133	5.7902e-05	0.7695
364.5	248.133	2.45163e-05	1.0
369.0	248.133	0.0	0.0
373.5	248.133	2.84803e-05	1.0
378.0	248.133	5.00891e-05	1.0
382.5	248.133	2.75168e-06	1.0
387.0	248.133	6.50526e-05	0.7077
391.5	248.133	3.04611e-05	1.0
396.0	248.133	1.44678e-06	1.0
400.5	248.133	2.46268e-05	1.0
405.0	248.133	5.65036e-05	0.9365
409.5	248.133	7.2797e-05	0.7118
414.0	248.133	0.0	0.0
418.5	248.133	2.09669e-05	1.0
423.0	248.133	0.0	0.0
427.5	248.133	4.54933e-05	1.0
432.0	248.133	1.7479e-05	1.0
436.5	248.133	2.68693e-05	1.0
441.0	248.133	0.000142297	0.7356
445.5	248.133	0.000138599	0.6629
-450.0	250.7	8.84119e-05	0.5581
-445.5	250.7	0.000952105	0.9951
-441.0	250.7	0.000122231	0.9598
-436.5	250.7	1.36148e-05	1.0
-432.0	250.7	0.00187658	0.9919
-427.5	250.7	0.000625557	1.0
-423.0	250.7	2.47937e-05	1.0
-418.5	250.7	0.000168941	0.4927
-414.0	250.7	5.1001e-05	0.9022
-409.5	250.7	0.000922155	0.9829
-405.0	250.7	0.00101655	0.9618
-400.5	250.7	0.00115762	0.873
-396.0	250.7	0.000690372	0.935
-391.5	250.7	6.11753e-05	0.7432
-387.0	250.7	0.000137004	0.5815
-382.5	250.7	7.45503e-05	0.6223
-378.0	250.7	0.0	0.0
-373.5	250.7	9.7443e-05	0.7381
-369.0	250.7	0.0	0.0
-364.5	250.7	1.34341e-05	0.7411
-360.0	250.7	6.9459e-06	1.0
-355.5	250.7	0.000241617	0.5143
-351.0	250.7	7.88782e-05	0.6674
-346.5	250.7	2.17729e-05	1.0
-342.0	250.7	3.62464e-06	1.0
-337.5	250.7	8.4488e-06	1.0
-333.0	250.7	3.07255e-05	0.7171
-328.5	250.7	0.000200809	0.6429
-324.0	250.7	6.28598e-05	0.6204
-319.5	250.7	0.000144733	0.58
-315.0	250.7	6.1149e-05	0.5838
-310.5	250.7	2.83314e-05	0.7118
-306.0	250.7	1.02469e-05	1.0
-301.5	250.7	4.415e-05	0.8591
-297.0	250.7	9.71381e-06	1.0
-292.5	250.7	2.57391e-05	1.0
-288.0	250.7	0.000147092	0.6983
-283.5	250.7	0.00106695	0.9
-279.0	250.7	0.00172702	0.9068
-274.5	250.7	0.000136487	0.6769
-270.0	250.7	0.00012128	0.5424
-265.5	250.7	0.00104926	0.8268
-261.0	250.7	0.000987367	0.9648
-256.5	250.7	0.00174702	0.9944
-252.0	250.7	0.000192383	0.4658
-247.5	250.7	5.52954e-05	0.6117
-243.0	250.7	0.000524872	0.8952
-238.5	250.7	0.000282635	0.65
-234.0	250.7	8.7549e-05	0.475
-229.5	250.7	0.000656815	0.9372
-225.0	250.7	0.00181718	0.9509
-220.5	250.7	0.000559157	0.9263
-216.0	250.7	0.000160323	0.4974
-211.5	250.7	0.0020461	0.7143
-207.0	250.7	0.000113441	0.4513
-202.5	250.7	0.000209245	0.4946
-198.0	250.7	0.000394577	0.4726
-193.5	250.7	0.0026197	0.7501
-189.0	250.7	0.000107306	0.5973
-184.5	250.7	0.000194065	0.3685
-180.0	250.7	0.002845	0.7092
-175.5	250.7	0.00118768	0.8496
-171.0	250.7	0.000292576	0.2945
-166.5	250.7	0.00109618	0.7451
-162.0	250.7	0.000835841	0.6146
-157.5	250.7	0.00211582	0.8437
-153.0	250.7	0.00347845	0.6719
-148.5	250.7	0.000389995	0.3447
-144.0	250.7	0.00359723	0.6854
-139.5	250.7	0.00230444	0.9484
-135.0	250.7	0.000171014	0.3865
-130.5	250.7	0.00230211	0.9094
-126.0	250.7	0.000284145	0.3607
-121.5	250.7	0.000558362	0.6891
-117.0	250.7	0.000217112	0.4286
-112.5	250.7	0.00152751	0.6719
-108.0	250.7	0.000348441	0.3032
-103.5	250.7	0.000305887	0.3134
-99.0	250.7	0.00421456	0.7638
-94.5	250.7	0.000969875	0.6746
-90.0	250.7	0.00535891	0.6646
-85.5	250.7	0.00222288	0.6391
-81.0	250.7	0.00125444	0.8382
-76.5	250.7	0.00377173	0.6348
-72.0	250.7	0.000391702	0.2787
-67.5	250.7	0.00259231	0.6636
-63.0	250.7	0.000240558	0.3411
-58.5	250.7	0.00270473	0.7948
-54.0	250.7	0.004718	0.49
-49.5	250.7	0.00301441	0.8104
-45.0	250.7	0.00237611	0.5096
-40.5	250.7	0.00312579	0.6974
-36.0	250.7	0.00366252	0.5734
-31.5	250.7	0.000332511	0.2847
-27.0	250.7	0.000702934	0.2445
-22.5	250.7	0.00733056	0.5505
-18.0	250.7	0.0030683	0.6153
-13.5	250.7	0.000424072	0.2765
-9.0	250.7	0.00343236	0.594
-4.5	250.7	0.000767738	0.4244
0.0	250.7	0.000622491	0.3604
4.5	250.7	0.000650235	0.4772
9.0	250.7	0.000356125	0.2745
13.5	250.7	0.000552781	0.3228
18.0	250.7	0.0062345	0.5932
22.5	250.7	0.0084735	0.4897
27.0	250.7	0.000735912	0.3423
31.5	250.7	0.00317811	0.6773
36.0	250.7	0.00163016	0.8015
40.5	250.7	0.00583686	0.6287
45.0	250.7	0.000432275	0.2801
49.5	250.7	0.00073193	0.2978
54.0	250.7	0.0043306	0.8127
58.5	250.7	0.00426329	0.6638
63.0	250.7	0.000848152	0.3732
67.5	250.7	0.00482168	0.5343
72.0	250.7	0.00375936	0.8982
76.5	250.7	0.00141322	0.5607
81.0	250.7	0.00478634	0.539
85.5	250.7	0.00193238	0.7751
90.0	250.7	0.00112232	0.7425
94.5	250.7	0.000281896	0.4049
99.0	250.7	0.0012407	0.7244
103.5	250.7	0.00188171	0.8238
108.0	250.7	0.00064766	0.5692
112.5	250.7	0.00212355	0.6283
117.0	250.7	0.000964628	0.5975
121.5	250.7	0.000544092	0.3845
126.0	250.7	0.00027744	0.3253
130.5	250.7	0.00180825	0.7062
135.0	250.7	0.00033103	0.329
139.5	250.7	0.000409718	0.3561
144.0	250.7	0.00202791	0.6456
148.5	250.7	0.000136886	0.5406
153.0	250.7	0.000147529	0.4993
157.5	250.7	0.000463127	0.6147
162.0	250.7	0.000364351	0.4511
166.5	250.7	0.00129766	0.7566
171.0	250.7	0.00336233	0.9676
175.5	250.7	0.00136393	0.7603
180.0	250.7	0.000314466	0.6392
184.5	250.7	0.000109193	0.6612
189.0	250.7	0.000502194	0.7423
193.5	250.7	0.000496943	0.696
198.0	250.7	0.00181414	0.9291
202.5	250.7	0.00143938	0.8616
207.0	250.7	0.00239111	0.9025
211.5	250.7	0.000290892	0.3567
216.0	250.7	0.00151104	0.6585
220.5	250.7	0.000194802	0.4154
225.0	250.7	0.00270932	0.934
229.5	250.7	0.00122801	0.8712
234.0	250.7	0.00154488	0.9376
238.5	250.7	0.000146871	0.4544
243.0	250.7	0.000888297	0.8864
247.5	250.7	0.000101274	0.764
252.0	250.7	0.0	0.0
256.5	250.7	0.000146829	0.6669
261.0	250.7	0.000919223	0.9895
265.5	250.7	0.000948491	0.9934
270.0	250.7	0.000557885	0.8762
274.5	250.7	4.41555e-05	0.6068
279.0	250.7	6.34028e-06	1.0
283.5	250.7	0.00458037	0.7297
288.0	250.7	0.000105692	0.4295
292.5	250.7	7.15718e-05	0.6481
297.0	250.7	5.7303e-05	0.9471
301.5	250.7	0.00353639	0.9653
306.0	250.7	4.14222e-05	0.7628
310.5	250.7	9.7762e-05	0.7415
315.0	250.7	5.78073e-06	0.7307
319.5	250.7	2.7373e-05	0.736
324.0	250.7	0.00206536	0.9562
328.5	250.7	0.000280422	0.4132
333.0	250.7	0.000162737	0.4037
337.5	250.7	0.0011823	0.9572
342.0	250.7	0.00235628	0.9862
346.5	250.7	0.000199653	0.9245
351.0	250.7	0.0	0.0
355.5	250.7	0.0	0.0
360.0	250.7	0.00012291	0.7172
364.5	250.7	7.737e-05	0.9285
369.0	250.7	9.55986e-06	1.0
373.5	250.7	1.95993e-05	1.0
378.0	250.7	2.77116e-05	0.7103
382.5	250.7	0.0	0.0
387.0	250.7	2.45482e-05	1.0
391.5	250.7	7.69283e-05	0.621
396.0	250.7	0.000115476	0.7684
400.5	250.7	1.77255e-05	1.0
405.0	250.7	1.90563e-05	1.0
409.5	250.7	4.17548e-05	0.8303
414.0	250.7	0.0	0.0
418.5	250.7	0.0	0.0
423.0	250.7	1.71339e-05	1.0
427.5	250.7	4.88283e-05	0.7708
432.0	250.7	2.32638e-06	1.0
436.5	250.7	1.46653e-05	1.0
441.0	250.7	0.000993316	0.9775
445.5	250.7	0.00115217	0.5823
-450.0	253.267	0.000154733	0.8632
-445.5	253.267	6.15966e-05	0.7746
-441.0	253.267	3.49923e-05	1.0
-436.5	253.267	2.64609e-05	1.0
-432.0	253.267	2.92078e-05	0.8306
-427.5	253.267	0.0	0.0
-423.0	253.267	0.000113782	0.5045
-418.5	253.267	5.76488e-05	0.5857
-414.0	253.267	0.000240966	0.8654
-409.5	253.267	0.00173685	0.9656
-405.0	253.267	0.000110451	0.5969
-400.5	253.267	0.000153236	0.5185
-396.0	253.267	1.74507e-05	1.0
-391.5	253.267	8.41984e-05	0.7071
-387.0	253.267	0.000127849	0.7706
-382.5	253.267	0.0	0.0
-378.0	253.267	0.000107334	0.6311
-373.5	253.267	1.27394e-05	0.7166
-369.0	253.267	0.0	0.0
-364.5	253.267	8.90255e-06	0.7074
-360.0	253.267	0.000156335	0.5974
-355.5	253.267	9.83136e-05	0.6206
-351.0	253.267	7.04704e-05	0.7276
-346.5	253.267	0.0	0.0
-342.0	253.267	4.91203e-05	1.0
-337.5	253.267	2.67205e-05	0.7665
-333.0	253.267	0.00018703	0.4832
-328.5	253.267	6.41042e-05	0.832
-324.0	253.267	0.000118877	0.5437
-319.5	253.267	3.70901e-05	0.6347
-315.0	253.267	7.00248e-05	0.6161
-310.5	253.267	1.29667e-05	1.0
-306.0	253.267	0.0	0.0
-301.5	253.267	0.00117978	0.959
-297.0	253.267	5.27384e-05	0.7078
-292.5	253.267	0.00168271	0.915
-288.0	253.267	7.38909e-05	0.5651
-283.5	253.267	5.34094e-05	1.0
-279.0	253.267	0.000120354	0.4569
-274.5	253.267	9.01961e-05	0.6363
-270.0	253.267	0.000636321	0.8262
-265.5	253.267	0.00150989	0.7355
-261.0	253.267	5.52317e-05	0.6501
-256.5	253.267	0.000114181	0.5524
-252.0	253.267	0.0	0.0
-247.5	253.267	6.3557e-05	0.7096
-243.0	253.267	0.00104649	0.9521
-238.5	253.267	5.08376e-05	0.7125
-234.0	253.267	8.48685e-05	0.5798
-229.5	253.267	9.37936e-05	0.5429
-225.0	253.267	0.000108927	0.5242
-220.5	253.267	7.0963e-05	0.5898
-216.0	253.267	0.00100176	0.8727
-211.5	253.267	0.000507093	0.8324
-207.0	253.267	0.000141236	0.4618
-202.5	253.267	0.000205827	0.4971
-198.0	253.267	0.000981325	0.8621
-193.5	253.267	0.00198952	0.9267
-189.0	253.267	0.000100039	0.5926
-184.5	253.267	0.000776167	0.7568
-180.0	253.267	0.00287052	0.7227
-175.5	253.267	0.000109131	0.4629
-171.0	253.267	0.00242969	0.6478
-166.5	253.267	0.000351842	0.3469
-162.0	253.267	0.00255795	0.9019
-157.5	253.267	0.000244602	0.4617
-153.0	253.267	0.000277332	0.3273
-148.5	253.267	0.000235613	0.3684
-144.0	253.267	0.00247225	0.8985
-139.5	253.267	8.79606e-05	0.5949
-135.0	253.267	0.00144164	0.6262
-130.5	253.267	0.000251992	0.388
-126.0	253.267	0.000234139	0.4181
-121.5	253.267	0.000139418	0.422
-117.0	253.267	0.000252053	0.4436
-112.5	253.267	0.000832724	0.5643
-108.0	253.267	0.00115192	0.8421
-103.5	253.267	0.000838089	0.6673
-99.0	253.267	0.000712646	0.5507
-94.5	253.267	0.000408336	0.3223
-90.0	253.267	0.000454459	0.4865
-85.5	253.267	0.0018379	0.6772
-81.0	253.267	0.00124066	0.8129
-76.5	253.267	0.00372558	0.6062
-72.0	253.267	0.000500891	0.2517
-67.5	253.267	0.00255592	0.647
-63.0	253.267	0.00054222	0.4337
-58.5	253.267	0.00480198	0.6621
-54.0	253.267	0.00404369	0.5512
-49.5	253.267	0.000337209	0.4456
-45.0	253.267	0.000644385	0.2707
-40.5	253.267	0.00179125	0.797
-36.0	253.267	0.00497223	0.4982
-31.5	253.267	0.000376675	0.3675
-27.0	253.267	0.00265489	0.5726
-22.5	253.267	0.00464914	0.5754
-18.0	253.267	0.000593136	0.2752
-13.5	253.267	0.00159895	0.7628
-9.0	253.267	0.00247846	0.5987
-4.5	253.267	0.00581635	0.6567
0.0	253.267	0.000640597	0.4726
4.5	253.267	0.00273011	0.8625
9.0	253.267	0.00372911	0.8739
13.5	253.267	0.00123905	0.6727
18.0	253.267	0.00777967	0.4249
22.5	253.267	0.0025291	0.8284
27.0	253.267	0.00261851	0.7972
31.5	253.267	0.00394589	0.5424
36.0	253.267	0.000930647	0.5807
40.5	253.267	0.000342308	0.2826
45.0	253.267	0.00115966	0.3752
49.5	253.267	0.00167309	0.6445
54.0	253.267	0.000973217	0.706
58.5	253.267	0.00113997	0.7377
63.0	253.267	0.000637705	0.2617
67.5	253.267	0.00457469	0.5164
72.0	253.267	0.00368963	0.9172
76.5	253.267	0.00208754	0.5188
81.0	253.267	0.00127293	0.3873
85.5	253.267	0.00188661	0.5261
90.0	253.267	0.00410445	0.5761
94.5	253.267	0.00205735	0.8898
99.0	253.267	0.00036717	0.3106
103.5	253.267	0.00153151	0.8522
108.0	253.267	0.00155285	0.7899
112.5	253.267	0.00165389	0.7291
117.0	253.267	0.000447213	0.7278
121.5	253.267	0.00155064	0.6059
126.0	253.267	0.000241508	0.3965
130.5	253.267	0.00262572	0.9189
135.0	253.267	0.00148264	0.6563
139.5	253.267	0.00299135	0.7567
144.0	253.267	0.000253254	0.3424
148.5	253.267	3.45805e-05	0.8057
153.0	253.267	0.000198108	0.3741
157.5	253.267	0.00084165	0.7726
162.0	253.267	0.000185469	0.4668
166.5	253.267	0.00120863	0.8818
171.0	253.267	0.00193559	0.8632
175.5	253.267	0.00291009	0.6494
180.0	253.267	0.000374462	0.6101
184.5	253.267	8.73697e-05	0.5021
189.0	253.267	0.00346799	0.9422
193.5	253.267	0.00114767	0.8967
198.0	253.267	7.2512e-05	0.516
202.5	253.267	0.00158416	0.7857
207.0	253.267	0.00219798	0.9804
211.5	253.267	0.000177916	0.4422
216.0	253.267	0.000776957	0.5557
220.5	253.267	0.000143006	0.4325
225.0	253.267	0.000796729	0.7972
229.5	253.267	0.00196009	0.9723
234.0	253.267	0.00314883	0.9484
238.5	253.267	0.00195033	0.9356
243.0	253.267	0.000197555	0.4252
247.5	253.267	4.89053e-05	0.7077
252.0	253.267	7.58742e-05	0.623
256.5	253.267	0.000642112	0.8983
261.0	253.267	0.000110697	0.5484
265.5	253.267	0.00188787	0.981
270.0	253.267	0.00240042	0.9721
274.5	253.267	0.00112213	0.5953
279.0	253.267	0.000582967	0.9266
283.5	253.267	5.30991e-06	1.0
288.0	253.267	9.67499e-05	0.5867
292.5	253.267	0.000132484	0.5094
297.0	253.267	5.73515e-05	0.614
301.5	253.267	0.000287188	0.4912
306.0	253.267	0.00333347	0.9909
310.5	253.267	2.32184e-05	1.0
315.0	253.267	7.92997e-05	0.7303
319.5	253.267	4.9709e-05	1.0
324.0	253.267	0.00197352	1.0
328.5	253.267	0.000117306	0.5828
333.0	253.267	0.000343912	0.3715
337.5	253.267	6.46739e-05	0.6847
342.0	253.267	0.000620381	0.9492
346.5	253.267	0.00306708	0.9367
351.0	253.267	0.0	0.0
355.5	253.267	0.0	0.0
360.0	253.267	2.55807e-05	1.0
364.5	253.267	6.46939e-05	0.9072
369.0	253.267	5.27662e-05	1.0
373.5	253.267	3.09149e-05	1.0
378.0	253.267	2.54548e-05	1.0
382.5	253.267	0.0	0.0
387.0	253.267	0.0	0.0
391.5	253.267	1.68556e-05	1.0
396.0	253.267	2.66675e-05	0.9684
400.5	253.267	9.68869e-05	0.7304
405.0	253.267	0.0	0.0
409.5	253.267	3.95928e-05	1.0
414.0	253.267	8.82404e-06	1.0
418.5	253.267	1.67977e-05	0.7104
423.0	253.267	0.0	0.0
427.5	253.267	2.93239e-05	0.7454
432.0	253.267	3.06636e-05	1.0
436.5	253.267	8.80853e-06	1.0
441.0	253.267	0.000131961	0.7926
445.5	253.267	0.00515348	0.8047
-450.0	255.833	5.04877e-05	0.8253
-445.5	255.833	0.0	0.0
-441.0	255.833	7.12198e-06	1.0
-436.5	255.833	0.0	0.0
-432.0	255.833	0.0	0.0
-427.5	255.833	0.0	0.0
-423.0	255.833	0.00014151	0.4521
-418.5	255.833	0.0	0.0
-414.0	255.833	0.00163326	0.9548
-409.5	255.833	6.70489e-05	0.6467
-405.0	255.833	5.43168e-05	0.7155
-400.5	255.833	3.70414e-05	0.7162
-396.0	255.833	7.18811e-05	0.7141
-391.5	255.833	0.000140166	0.7803
-387.0	255.833	0.0	0.0
-382.5	255.833	5.36188e-05	0.6408
-378.0	255.833	9.43763e-05	0.5884
-373.5	255.833	0.0	0.0
-369.0	255.833	2.22931e-06	1.0
-364.5	255.833	0.000116201	0.6137
-360.0	255.833	0.00012767	0.7106
-355.5	255.833	3.83471e-05	0.8425
-351.0	255.833	2.90789e-05	1.0
-346.5	255.833	1.09116e-05	1.0
-342.0	255.833	0.000111606	0.5733
-337.5	255.833	0.000234787	0.5089
-333.0	255.833	0.00221539	0.972
-328.5	255.833	1.56766e-05	1.0
-324.0	255.833	6.11186e-05	0.7161
-319.5	255.833	0.000128889	0.4819
-315.0	255.833	3.53384e-05	1.0
-310.5	255.833	0.0	0.0
-306.0	255.833	0.0	0.0
-301.5	255.833	2.05428e-05	1.0
-297.0	255.833	0.000134686	0.5774
-292.5	255.833	0.001783	0.8933
-288.0	255.833	2.524e-05	1.0
-283.5	255.833	0.0	0.0
-279.0	255.833	7.19825e-05	0.6656
-274.5	255.833	0.000164627	0.5761
-270.0	255.833	0.00209879	0.6229
-265.5	255.833	6.81832e-05	0.5928
-261.0	255.833	0.000176429	0.4515
-256.5	255.833	0.000116041	0.6678
-252.0	255.833	3.41811e-05	0.7098
-247.5	255.833	6.12755e-05	0.785
-243.0	255.833	5.94996e-05	0.6721
-238.5	255.833	7.28832e-05	0.6283
-234.0	255.833	8.86883e-05	0.585
-229.5	255.833	8.07854e-05	0.5374
-225.0	255.833	0.000181525	0.4515
-220.5	255.833	0.000285432	0.7018
-216.0	255.833	0.000128236	0.5683
-211.5	255.833	6.41576e-05	0.5927
-207.0	255.833	0.00100114	0.8547
-202.5	255.833	0.000365882	0.6607
-198.0	255.833	0.000934357	0.9049
-193.5	255.833	0.0012021	0.8828
-189.0	255.833	4.65474e-05	1.0
-184.5	255.833	0.00162072	0.927
-180.0	255.833	0.000430002	0.8131
-175.5	255.833	5.25915e-05	0.4917
-171.0	255.833	0.000363929	0.2896
-166.5	255.833	0.00113763	0.7072
-162.0	255.833	0.000262185	0.4198
-157.5	255.833	0.000134735	0.4161
-153.0	255.833	0.000212689	0.3868
-148.5	255.833	0.00014072	0.4345
-144.0	255.833	0.00249645	0.8898
-139.5	255.833	0.000275873	0.6875
-135.0	255.833	0.00247913	0.7593
-130.5	255.833	0.000132718	0.4392
-126.0	255.833	0.00153143	0.8155
-121.5	255.833	0.00019658	0.3937
-117.0	255.833	0.00102725	0.7119
-112.5	255.833	0.000291765	0.4281
-108.0	255.833	0.00273535	0.9493
-103.5	255.833	0.000234522	0.3802
-99.0	255.833	0.000287029	0.3375
-94.5	255.833	0.000424513	0.3597
-90.0	255.833	0.000193341	0.4189
-85.5	255.833	0.00145784	0.8535
-81.0	255.833	0.000330223	0.406
-76.5	255.833	0.00486448	0.5449
-72.0	255.833	0.00147994	0.5878
-67.5	255.833	0.000567567	0.5271
-63.0	255.833	0.00219659	0.6774
-58.5	255.833	0.00185915	0.8287
-54.0	255.833	0.00286718	0.5873
-49.5	255.833	0.000450519	0.5674
-45.0	255.833	0.00118386	0.6574
-40.5	255.833	0.00213725	0.849
-36.0	255.833	0.00736313	0.4736
-31.5	255.833	0.00318453	0.5498
-27.0	255.833	0.00307865	0.6928
-22.5	255.833	0.00376726	0.5729
-18.0	255.833	0.0011224	0.6952
-13.5	255.833	0.00585828	0.6021
-9.0	255.833	0.000616399	0.281
-4.5	255.833	0.00807995	0.5607
0.0	255.833	0.00184334	0.7374
4.5	255.833	0.00456042	0.7362
9.0	255.833	0.00150061	0.7149
13.5	255.833	0.00190234	0.898
18.0	255.833	0.00324914	0.5414
22.5	255.833	0.00143717	0.7911
27.0	255.833	0.001099	0.815
31.5	255.833	0.00130487	0.8099
36.0	255.833	0.000641606	0.6331
40.5	255.833	0.000983122	0.7153
45.0	255.833	0.000708686	0.3914
49.5	255.833	0.00249329	0.6757
54.0	255.833	0.000167044	0.3888
58.5	255.833	0.0002281	0.3346
63.0	255.833	0.000890874	0.7464
67.5	255.833	0.00280721	0.6143
72.0	255.833	0.000361968	0.3035
76.5	255.833	0.00452	0.8212
81.0	255.833	0.00242772	0.847
85.5	255.833	0.000370843	0.343
90.0	255.833	0.00273387	0.6267
94.5	255.833	0.000410158	0.3697
99.0	255.833	0.00416295	0.5514
103.5	255.833	0.000399551	0.4197
108.0	255.833	0.000880768	0.7018
112.5	255.833	0.00336326	0.545
117.0	255.833	0.000963811	0.684
121.5	255.833	0.000429007	0.7995
126.0	255.833	0.00202634	0.6466
130.5	255.833	0.00145405	0.791
135.0	255.833	0.000832973	0.3274
139.5	255.833	0.0033052	0.8113
144.0	255.833	0.000217705	0.385
148.5	255.833	7.35158e-05	0.5483
153.0	255.833	0.000194215	0.4535
157.5	255.833	0.000787631	0.823
162.0	255.833	0.000115443	0.6085
166.5	255.833	0.00110916	0.9466
171.0	255.833	0.00024907	0.4204
175.5	255.833	0.00379505	0.8599
180.0	255.833	0.000928482	0.8597
184.5	255.833	0.000648379	0.8677
189.0	255.833	0.002291	0.7048
193.5	255.833	0.00109514	0.9388
198.0	255.833	7.31774e-05	0.6463
202.5	255.833	0.0014681	0.8467
207.0	255.833	0.000421925	0.8336
211.5	255.833	0.00198938	0.909
216.0	255.833	0.000309925	0.8649
220.5	255.833	0.000259351	0.3976
225.0	255.833	0.000174168	0.5748
229.5	255.833	0.000113638	0.6088
234.0	255.833	3.06066e-05	0.9762
238.5	255.833	0.00284199	0.9187
243.0	255.833	0.00242184	0.9092
247.5	255.833	0.0	0.0
252.0	255.833	6.53636e-05	0.6555
256.5	255.833	0.000504698	0.9263
261.0	255.833	0.000134188	0.835
265.5	255.833	0.00188214	0.9839
270.0	255.833	0.00123294	0.9635
274.5	255.833	0.00125952	0.7797
279.0	255.833	0.000375984	0.781
283.5	255.833	3.47879e-05	0.8949
288.0	255.833	0.000126033	0.5937
292.5	255.833	2.27891e-05	0.7948
297.0	255.833	8.95864e-05	0.7228
301.5	255.833	0.000844018	0.9157
306.0	255.833	0.00152878	0.9059
310.5	255.833	0.00214132	0.9489
315.0	255.833	6.65248e-06	1.0
319.5	255.833	7.87551e-06	0.9361
324.0	255.833	0.00199095	0.9913
328.5	255.833	4.82131e-05	0.8196
333.0	255.833	0.000130657	0.4582
337.5	255.833	0.000275514	0.4282
342.0	255.833	0.000124941	0.5356
346.5	255.833	0.000617878	0.7006
351.0	255.833	0.00431766	0.7384
355.5	255.833	0.000496652	1.0
360.0	255.833	2.55807e-05	1.0
364.5	255.833	0.0	0.0
369.0	255.833	2.19204e-05	1.0
373.5	255.833	2.18513e-05	1.0
378.0	255.833	7.8221e-05	0.749
382.5	255.833	0.000485583	0.894
387.0	255.833	8.24467e-05	0.9876
391.5	255.833	0.00211349	0.9882
396.0	255.833	0.0	0.0
400.5	255.833	2.27028e-05	1.0
405.0	255.833	0.0	0.0
409.5	255.833	4.01318e-05	1.0
414.0	255.833	5.12621e-06	1.0
418.5	255.833	0.000153206	0.6035
423.0	255.833	4.82101e-05	0.7278
427.5	255.833	9.75465e-07	1.0
432.0	255.833	5.40133e-06	1.0
436.5	255.833	0.0	0.0
441.0	255.833	2.77684e-05	1.0
445.5	255.833	2.01946e-05	1.0
-450.0	258.4	1.9148e-05	0.7157
-445.5	258.4	0.0	0.0
-441.0	258.4	0.0	0.0
-436.5	258.4	0.0	0.0
-432.0	258.4	0.0	0.0
-427.5	258.4	8.11811e-06	1.0
-423.0	258.4	2.82374e-06	1.0
-418.5	258.4	6.9718e-05	0.6478
-414.0	258.4	3.80279e-05	0.7463
-409.5	258.4	0.0	0.0
-405.0	258.4	4.70952e-05	1.0
-400.5	258.4	4.75893e-05	0.7175
-396.0	258.4	0.000178642	0.6874
-391.5	258.4	0.0	0.0
-387.0	258.4	3.89541e-05	1.0
-382.5	258.4	7.03278e-05	0.607
-378.0	258.4	7.02992e-06	1.0
-373.5	258.4	2.13773e-05	1.0
-369.0	258.4	6.37988e-05	0.9527
-364.5	258.4	9.9321e-05	0.7635
-360.0	258.4	4.85603e-05	0.7916
-355.5	258.4	4.29432e-05	0.7307
-351.0	258.4	2.74209e-05	1.0
-346.5	258.4	0.000103298	0.5853
-342.0	258.4	0.000165032	0.4794
-337.5	258.4	1.59329e-05	1.0
-333.0	258.4	0.00243152	1.0
-328.5	258.4	9.48339e-05	0.7093
-324.0	258.4	7.14284e-05	0.6624
-319.5	258.4	9.21644e-05	0.604
-315.0	258.4	7.09123e-05	0.7071
-310.5	258.4	0.0	0.0
-306.0	258.4	6.59246e-06	1.0
-301.5	258.4	0.000394172	0.7498
-297.0	258.4	0.00118776	0.9472
-292.5	258.4	0.000528729	0.884
-288.0	258.4	2.43946e-05	0.9975
-283.5	258.4	1.11641e-05	1.0
-279.0	258.4	0.000107785	0.5409
-274.5	258.4	0.000595076	0.9384
-270.0	258.4	0.000534621	1.0
-265.5	258.4	7.55253e-05	0.6175
-261.0	258.4	9.31204e-05	0.4372
-256.5	258.4	5.87968e-05	0.6736
-252.0	258.4	0.0	0.0
-247.5	258.4	0.000113219	0.5915
-243.0	258.4	9.3882e-06	0.7107
-238.5	258.4	0.00130469	0.9318
-234.0	258.4	0.00158106	0.9772
-229.5	258.4	0.000120585	0.4877
-225.0	258.4	0.000127155	0.4529
-220.5	258.4	0.00125813	0.8747
-216.0	258.4	6.47704e-05	0.6085
-211.5	258.4	8.85892e-05	0.6012
-207.0	258.4	0.00131851	0.801
-202.5	258.4	0.00195974	0.7404
-198.0	258.4	0.000955224	0.8857
-193.5	258.4	0.000287786	0.3695
-189.0	258.4	0.000145893	0.5977
-184.5	258.4	0.00021157	0.6533
-180.0	258.4	8.97038e-05	0.5123
-175.5	258.4	0.000208258	0.3816
-171.0	258.4	0.00264665	0.9282
-166.5	258.4	0.000667271	0.7176
-162.0	258.4	0.000221064	0.3998
-157.5	258.4	0.000104216	0.5474
-153.0	258.4	0.000612275	0.7486
-148.5	258.4	0.000154939	0.4831
-144.0	258.4	0.000812033	0.7043
-139.5	258.4	0.000780929	0.7107
-135.0	258.4	0.00203329	0.908
-130.5	258.4	0.000245261	0.4029
-126.0	258.4	0.00250971	0.8752
-121.5	258.4	0.000235578	0.407
-117.0	258.4	0.000346285	0.3576
-112.5	258.4	0.00252934	0.9078
-108.0	258.4	0.00396983	0.5755
-103.5	258.4	0.000903567	0.6592
-99.0	258.4	0.000716393	0.6625
-94.5	258.4	0.000506471	0.3292
-90.0	258.4	0.000189411	0.389
-85.5	258.4	0.00183138	0.8458
-81.0	258.4	0.00115254	0.8389
-76.5	258.4	0.00267677	0.7746
-72.0	258.4	0.00195964	0.6671
-67.5	258.4	0.00415883	0.4703
-63.0	258.4	0.00188722	0.5235
-58.5	258.4	0.000421571	0.3488
-54.0	258.4	0.0023284	0.9209
-49.5	258.4	0.00240513	0.5374
-45.0	258.4	0.00154407	0.7925
-40.5	258.4	0.000664243	0.486
-36.0	258.4	0.0072095	0.4845
-31.5	258.4	0.00394509	0.7407
-27.0	258.4	0.00537821	0.6483
-22.5	258.4	0.00100271	0.619
-18.0	258.4	0.002243	0.8059
-13.5	258.4	0.00625975	0.5598
-9.0	258.4	0.000467608	0.3066
-4.5	258.4	0.00939835	0.4983
0.0	258.4	0.00236296	0.4896
4.5	258.4	0.00274905	0.7085
9.0	258.4	0.00293184	0.5324
13.5	258.4	0.00068564	0.5868
18.0	258.4	0.00289375	0.544
22.5	258.4	0.000233468	0.3179
27.0	258.4	0.0013764	0.7268
31.5	258.4	0.000192508	0.3673
36.0	258.4	0.00243711	0.6643
40.5	258.4	0.00112623	0.8045
45.0	258.4	0.000500807	0.3871
49.5	258.4	0.00160196	0.845
54.0	258.4	0.000380425	0.7368
58.5	258.4	0.000216759	0.448
63.0	258.4	0.000409564	0.3583
67.5	258.4	0.00237473	0.5914
72.0	258.4	0.000443826	0.6856
76.5	258.4	0.00675677	0.6451
81.0	258.4	0.000537402	0.2835
85.5	258.4	0.000459486	0.2942
90.0	258.4	0.00113986	0.429
94.5	258.4	0.00143208	0.8292
99.0	258.4	0.00146188	0.7476
103.5	258.4	0.000649169	0.4429
108.0	258.4	0.0021598	0.6224
112.5	258.4	0.00106122	0.4568
117.0	258.4	0.00376188	0.8874
121.5	258.4	0.00190877	0.9361
126.0	258.4	0.00186817	0.7101
130.5	258.4	0.000639384	0.6255
135.0	258.4	0.00148365	0.8197
139.5	258.4	0.00298986	0.8945
144.0	258.4	0.00120602	0.7392
148.5	258.4	0.000222459	0.4024
153.0	258.4	0.000156654	0.4353
157.5	258.4	0.000830626	0.7822
162.0	258.4	0.00022657	0.3433
166.5	258.4	0.000108135	0.518
171.0	258.4	0.000172269	0.4257
175.5	258.4	0.00310191	0.6636
180.0	258.4	0.00259694	0.6457
184.5	258.4	0.000101243	0.4716
189.0	258.4	0.000950079	0.8955
193.5	258.4	0.00105897	0.9706
198.0	258.4	6.38299e-05	0.6244
202.5	258.4	0.00133426	0.9283
207.0	258.4	0.000258895	0.4647
211.5	258.4	0.00178672	0.9075
216.0	258.4	0.000167196	0.467
220.5	258.4	0.00238999	0.8631
225.0	258.4	0.000111295	0.4812
229.5	258.4	0.00210126	0.9529
234.0	258.4	5.00555e-05	0.6154
238.5	258.4	0.000126717	0.5211
243.0	258.4	0.00244892	0.9125
247.5	258.4	0.0026567	0.9698
252.0	258.4	4.90081e-05	0.698
256.5	258.4	5.72979e-05	0.7843
261.0	258.4	0.00148176	0.6974
265.5	258.4	0.00186009	0.9955
270.0	258.4	0.0	0.0
274.5	258.4	7.90936e-05	0.5941
279.0	258.4	0.00053831	0.7836
283.5	258.4	0.000105279	0.7778
288.0	258.4	0.000100575	0.5222
292.5	258.4	0.000117163	0.6517
297.0	258.4	1.01433e-05	0.7499
301.5	258.4	0.00101603	0.8849
306.0	258.4	6.20961e-05	0.8702
310.5	258.4	0.00279992	0.9485
315.0	258.4	0.000852072	0.8943
319.5	258.4	4.29499e-06	1.0
324.0	258.4	0.00201056	0.9817
328.5	258.4	6.37578e-06	1.0
333.0	258.4	3.08843e-05	0.7088
337.5	258.4	0.000139228	0.5723
342.0	258.4	0.000101569	0.5375
346.5	258.4	0.000106487	0.7015
351.0	258.4	0.00139341	0.8717
355.5	258.4	0.00081832	0.7466
360.0	258.4	7.63593e-05	0.7446
364.5	258.4	1.53759e-05	1.0
369.0	258.4	4.25618e-06	1.0
373.5	258.4	2.83606e-05	1.0
378.0	258.4	5.51783e-05	0.7372
382.5	258.4	0.000136487	0.4893
387.0	258.4	0.000806773	0.9008
391.5	258.4	0.00283603	0.9718
396.0	258.4	0.000401962	0.9552
400.5	258.4	0.0	0.0
405.0	258.4	0.0	0.0
409.5	258.4	0.0	0.0
414.0	258.4	0.0	0.0
418.5	258.4	3.42356e-05	0.8211
423.0	258.4	0.000122689	0.7011
427.5	258.4	6.41743e-05	0.7063
432.0	258.4	3.46043e-05	0.8384
436.5	258.4	4.38131e-05	1.0
441.0	258.4	2.88251e-05	0.9354
445.5	258.4	2.86817e-05	0.7789
-450.0	260.967	1.9559e-05	1.0
-445.5	260.967	0.0	0.0
-441.0	260.967	0.0	0.0
-436.5	260.967	0.0	0.0
-432.0	260.967	0.0	0.0
-427.5	260.967	0.0	0.0
-423.0	260.967	0.0	0.0
-418.5	260.967	4.18119e-05	1.0
-414.0	260.967	1.04906e-05	0.7108
-409.5	260.967	4.45255e-07	1.0
-405.0	260.967	3.55545e-05	0.7973
-400.5	260.967	0.000148486	0.8574
-396.0	260.967	0.0	0.0
-391.5	260.967	0.0	0.0
-387.0	260.967	2.2353e-05	0.9915
-382.5	260.967	1.19751e-05	1.0
-378.0	260.967	0.0	0.0
-373.5	260.967	0.00134867	0.936
-369.0	260.967	8.94673e-06	0.9857
-364.5	260.967	0.000122224	0.5418
-360.0	260.967	2.88863e-05	1.0
-355.5	260.967	0.0	0.0
-351.0	260.967	4.53506e-05	1.0
-346.5	260.967	2.91361e-05	0.9475
-342.0	260.967	6.19856e-05	0.6182
-337.5	260.967	9.97274e-06	1.0
-333.0	260.967	0.00343248	0.7541
-328.5	260.967	1.54684e-05	0.7078
-324.0	260.967	0.000136852	0.5235
-319.5	260.967	7.01505e-05	0.7142
-315.0	260.967	5.75458e-05	0.7253
-310.5	260.967	0.0	0.0
-306.0	260.967	1.65125e-06	1.0
-301.5	260.967	0.00333663	0.9758
-297.0	260.967	0.00166403	0.9569
-292.5	260.967	8.11994e-05	0.5586
-288.0	260.967	0.00111869	0.8684
-283.5	260.967	0.00341245	0.9358
-279.0	260.967	9.54243e-05	0.579
-274.5	260.967	0.00110922	0.985
-270.0	260.967	1.14988e-05	0.9368
-265.5	260.967	9.14101e-05	0.5675
-261.0	260.967	0.00100228	0.8355
-256.5	260.967	2.98138e-05	0.804
-252.0	260.967	5.59715e-05	0.6377
-247.5	260.967	0.000110149	0.5217
-243.0	260.967	9.94252e-06	0.7156
-238.5	260.967	5.88602e-05	0.5257
-234.0	260.967	8.93935e-05	0.5173
-229.5	260.967	9.23667e-05	0.4763
-225.0	260.967	0.000142881	0.4217
-220.5	260.967	0.00120483	0.913
-216.0	260.967	8.89271e-05	0.5823
-211.5	260.967	0.000404178	0.707
-207.0	260.967	0.000978829	0.7887
-202.5	260.967	0.00332086	0.6969
-198.0	260.967	0.000201676	0.471
-193.5	260.967	0.000235303	0.3783
-189.0	260.967	0.00016464	0.4191
-184.5	260.967	5.41861e-05	0.5335
-180.0	260.967	0.000140067	0.5099
-175.5	260.967	0.00102682	0.7615
-171.0	260.967	0.000904069	0.6368
-166.5	260.967	0.00020866	0.3812
-162.0	260.967	0.000235886	0.3738
-157.5	260.967	0.000189455	0.3991
-153.0	260.967	0.00016111	0.4492
-148.5	260.967	0.000158981	0.4036
-144.0	260.967	0.0002007	0.3753
-139.5	260.967	0.000677629	0.6134
-135.0	260.967	0.00273495	0.7262
-130.5	260.967	0.00242624	0.6901
-126.0	260.967	0.000909898	0.6933
-121.5	260.967	0.000329246	0.3325
-117.0	260.967	0.000321427	0.3204
-112.5	260.967	0.00261439	0.8786
-108.0	260.967	0.00220088	0.6067
-103.5	260.967	0.00281258	0.6824
-99.0	260.967	0.00341127	0.923
-94.5	260.967	0.000607839	0.3227
-90.0	260.967	0.000948532	0.5022
-85.5	260.967	0.00383419	0.9329
-81.0	260.967	0.00150442	0.8003
-76.5	260.967	0.00254643	0.8119
-72.0	260.967	0.00148327	0.7653
-67.5	260.967	0.00285006	0.5527
-63.0	260.967	0.00124403	0.5342
-58.5	260.967	0.00052857	0.3829
-54.0	260.967	0.00525846	0.5226
-49.5	260.967	0.00328287	0.4428
-45.0	260.967	0.00451433	0.5555
-40.5	260.967	0.00167091	0.8162
-36.0	260.967	0.00339724	0.5622
-31.5	260.967	0.00264354	0.655
-27.0	260.967	0.00244935	0.8277
-22.5	260.967	0.00307985	0.4683
-18.0	260.967	0.00509178	0.6174
-13.5	260.967	0.00565934	0.5884
-9.0	260.967	0.000348859	0.311
-4.5	260.967	0.00997195	0.4586
0.0	260.967	0.00172579	0.776
4.5	260.967	0.000305917	0.6291
9.0	260.967	0.00504412	0.4689
13.5	260.967	0.00244306	0.7057
18.0	260.967	0.00182106	0.5814
22.5	260.967	0.00263154	0.8719
27.0	260.967	0.000258592	0.3332
31.5	260.967	0.000333086	0.3129
36.0	260.967	0.00431414	0.6076
40.5	260.967	0.000510704	0.6352
45.0	260.967	0.000241182	0.3585
49.5	260.967	0.00178047	0.5564
54.0	260.967	0.000670442	0.7567
58.5	260.967	0.000293413	0.3213
63.0	260.967	0.00137525	0.8075
67.5	260.967	0.000934951	0.598
72.0	260.967	0.000273632	0.656
76.5	260.967	0.00494781	0.5479
81.0	260.967	0.00362196	0.9039
85.5	260.967	0.000486606	0.3042
90.0	260.967	0.000901727	0.5954
94.5	260.967	0.00156574	0.6118
99.0	260.967	0.000463055	0.4714
103.5	260.967	0.000324451	0.3222
108.0	260.967	0.00365383	0.534
112.5	260.967	0.000766659	0.5302
117.0	260.967	0.000904093	0.5206
121.5	260.967	0.000398031	0.3858
126.0	260.967	0.00230461	0.8567
130.5	260.967	0.00114782	0.8454
135.0	260.967	0.00292464	0.9207
139.5	260.967	0.0040847	0.7089
144.0	260.967	0.000757219	0.5943
148.5	260.967	0.0020036	0.9121
153.0	260.967	0.000248793	0.3824
157.5	260.967	0.000601026	0.5018
162.0	260.967	0.000463121	0.5538
166.5	260.967	0.000180756	0.5229
171.0	260.967	0.000197925	0.4153
175.5	260.967	0.000533582	0.7036
180.0	260.967	0.00413809	0.6139
184.5	260.967	0.00148722	0.6042
189.0	260.967	0.000164176	0.4631
193.5	260.967	0.00116314	0.8855
198.0	260.967	9.76336e-05	0.5356
202.5	260.967	0.000741692	0.8255
207.0	260.967	0.000254785	0.4845
211.5	260.967	5.40872e-05	0.6356
216.0	260.967	0.000267222	0.4769
220.5	260.967	0.0010211	0.8173
225.0	260.967	0.0042269	0.9803
229.5	260.967	0.00275477	0.8619
234.0	260.967	0.000106477	0.7384
238.5	260.967	0.000114252	0.5314
243.0	260.967	0.000302601	0.3458
247.5	260.967	0.00187072	0.9925
252.0	260.967	0.00312252	0.9457
256.5	260.967	1.45463e-05	0.8225
261.0	260.967	0.000626024	0.9204
265.5	260.967	0.00189243	0.9788
270.0	260.967	4.11257e-06	1.0
274.5	260.967	9.79601e-05	0.9084
279.0	260.967	0.000108455	0.533
283.5	260.967	0.000531257	0.9321
288.0	260.967	2.74191e-05	0.6084
292.5	260.967	0.00013541	0.5361
297.0	260.967	9.93739e-05	1.0
301.5	260.967	6.9653e-05	0.7597
306.0	260.967	9.29059e-05	0.6602
310.5	260.967	0.00014005	0.4998
315.0	260.967	0.00348117	0.9805
319.5	260.967	0.00014583	0.6032
324.0	260.967	0.000811258	0.8907
328.5	260.967	0.00127342	0.9836
333.0	260.967	3.72472e-05	0.83
337.5	260.967	0.000104691	0.5066
342.0	260.967	8.31589e-05	0.5824
346.5	260.967	4.59747e-05	0.7816
351.0	260.967	0.000227319	0.5167
355.5	260.967	0.000398977	0.9417
360.0	260.967	2.55807e-05	1.0
364.5	260.967	1.25533e-05	1.0
369.0	260.967	0.0	0.0
373.5	260.967	2.1944e-05	1.0
378.0	260.967	1.29477e-05	0.8428
382.5	260.967	3.92583e-05	0.718
387.0	260.967	0.000105239	0.7127
391.5	260.967	8.74364e-05	0.5419
396.0	260.967	0.00316627	0.9915
400.5	260.967	0.0	0.0
405.0	260.967	6.82303e-05	1.0
409.5	260.967	1.65777e-06	1.0
414.0	260.967	3.79954e-05	1.0
418.5	260.967	7.91317e-05	0.7117
423.0	260.967	0.000136941	0.5672
427.5	260.967	0.000187976	0.5039
432.0	260.967	0.00025863	0.3926
436.5	260.967	0.000991271	0.8673
441.0	260.967	2.1176e-05	0.7113
445.5	260.967	4.08384e-05	0.7254
-450.0	263.533	5.62134e-06	1.0
-445.5	263.533	0.0	0.0
-441.0	263.533	0.0	0.0
-436.5	263.533	0.0	0.0
-432.0	263.533	5.90501e-06	1.0
-427.5	263.533	0.0	0.0
-423.0	263.533	1.1059e-05	1.0
-418.5	263.533	4.72618e-05	0.745
-414.0	263.533	5.6012e-06	1.0
-409.5	263.533	0.0	0.0
-405.0	263.533	0.000133668	1.0
-400.5	263.533	0.0	0.0
-396.0	263.533	0.0	0.0
-391.5	263.533	0.0	0.0
-387.0	263.533	1.97312e-05	1.0
-382.5	263.533	0.0	0.0
-378.0	263.533	7.72058e-05	0.7931
-373.5	263.533	1.48985e-05	0.6499
-369.0	263.533	6.93383e-05	0.746
-364.5	263.533	2.07213e-05	1.0
-360.0	263.533	0.0	0.0
-355.5	263.533	1.9413e-05	1.0
-351.0	263.533	6.69894e-05	0.6152
-346.5	263.533	4.46361e-05	1.0
-342.0	263.533	0.000196594	0.4107
-337.5	263.533	0.000344814	0.8697
-333.0	263.533	0.00346131	0.7547
-328.5	263.533	0.000124069	0.5919
-324.0	263.533	9.31532e-05	0.5667
-319.5	263.533	4.13247e-05	0.7224
-315.0	263.533	6.81171e-08	1.0
-310.5	263.533	2.15398e-05	1.0
-306.0	263.533	0.00141573	0.9785
-301.5	263.533	0.00037622	0.845
-297.0	263.533	0.00175547	0.9076
-292.5	263.533	0.00010885	0.6015
-288.0	263.533	0.00153166	0.9943
-283.5	263.533	0.00177897	0.9609
-279.0	263.533	0.000642814	0.9425
-274.5	263.533	0.000487778	1.0
-270.0	263.533	8.83587e-05	0.5803
-265.5	263.533	3.68988e-05	0.9291
-261.0	263.533	9.30657e-05	0.5872
-256.5	263.533	9.26756e-05	0.7275
-252.0	263.533	3.97099e-05	0.9611
-247.5	263.533	6.9042e-05	0.7646
-243.0	263.533	5.15608e-05	0.6136
-238.5	263.533	0.000123493	0.5128
-234.0	263.533	0.00150265	0.9774
-229.5	263.533	0.000204244	0.3869
-225.0	263.533	0.000170917	0.4956
-220.5	263.533	0.00129655	0.8499
-216.0	263.533	0.000187422	0.4727
-211.5	263.533	0.00113851	0.9184
-207.0	263.533	0.00110945	0.9089
-202.5	263.533	0.00054571	0.7151
-198.0	263.533	9.35599e-05	0.6082
-193.5	263.533	0.000285195	0.3563
-189.0	263.533	0.000750975	0.8809
-184.5	263.533	0.0012947	0.9034
-180.0	263.533	0.000116255	0.7708
-175.5	263.533	0.00254371	0.9146
-171.0	263.533	0.000258738	0.3271
-166.5	263.533	0.0002268	0.3525
-162.0	263.533	0.000293661	0.3664
-157.5	263.533	0.000206279	0.3841
-153.0	263.533	0.000186427	0.3774
-148.5	263.533	0.000223921	0.392
-144.0	263.533	0.000345687	0.3578
-139.5	263.533	0.000264806	0.3433
-135.0	263.533	0.00563751	0.556
-130.5	263.533	0.00382715	0.6766
-126.0	263.533	0.00136505	0.8161
-121.5	263.533	0.000114547	0.5146
-117.0	263.533	0.000295267	0.3359
-112.5	263.533	0.00272499	0.8431
-108.0	263.533	0.00074698	0.6618
-103.5	263.533	0.000158424	0.4398
-99.0	263.533	0.000194274	0.4256
-94.5	263.533	0.00146102	0.5663
-90.0	263.533	0.00148395	0.8658
-85.5	263.533	0.00350531	0.6905
-81.0	263.533	0.00420212	0.589
-76.5	263.533	0.00360331	0.6827
-72.0	263.533	0.000416094	0.3247
-67.5	263.533	0.00151114	0.5042
-63.0	263.533	0.000940884	0.5655
-58.5	263.533	0.000946583	0.5301
-54.0	263.533	0.00969431	0.479
-49.5	263.533	0.00110941	0.3675
-45.0	263.533	0.0034891	0.5505
-40.5	263.533	0.000265117	0.3312
-36.0	263.533	0.00487477	0.4671
-31.5	263.533	0.00438747	0.7343
-27.0	263.533	0.00210228	0.5271
-22.5	263.533	0.00860357	0.4868
-18.0	263.533	0.000670849	0.4056
-13.5	263.533	0.00243594	0.6003
-9.0	263.533	0.000512244	0.3831
-4.5	263.533	0.0024351	0.6546
0.0	263.533	0.000549037	0.6197
4.5	263.533	0.00158672	0.9039
9.0	263.533	0.00320015	0.5608
13.5	263.533	0.0037401	0.5557
18.0	263.533	0.000946808	0.6487
22.5	263.533	0.00179278	0.6186
27.0	263.533	0.00150655	0.7812
31.5	263.533	0.000243067	0.36
36.0	263.533	0.00342909	0.9297
40.5	263.533	0.00023735	0.3634
45.0	263.533	0.000845549	0.6491
49.5	263.533	0.00116815	0.6401
54.0	263.533	0.000849953	0.6104
58.5	263.533	0.000447281	0.277
63.0	263.533	0.00418044	0.6279
67.5	263.533	0.000606196	0.6569
72.0	263.533	0.000265944	0.4114
76.5	263.533	0.00404234	0.5994
81.0	263.533	0.00394145	0.9383
85.5	263.533	0.000438652	0.3302
90.0	263.533	0.000693599	0.366
94.5	263.533	0.0043977	0.5426
99.0	263.533	0.00146197	0.747
103.5	263.533	0.000323478	0.3634
108.0	263.533	0.00540312	0.6369
112.5	263.533	0.000554749	0.6998
117.0	263.533	0.000333727	0.4573
121.5	263.533	0.000856135	0.4475
126.0	263.533	0.00234771	0.8817
130.5	263.533	0.000246386	0.3502
135.0	263.533	0.00328169	0.6828
139.5	263.533	0.00189462	0.9316
144.0	263.533	0.0002449	0.3659
148.5	263.533	0.00248122	0.9115
153.0	263.533	0.000184593	0.4364
157.5	263.533	0.00271669	0.625
162.0	263.533	0.000551205	0.7121
166.5	263.533	0.000298401	0.3965
171.0	263.533	0.000142208	0.4385
175.5	263.533	0.00064703	0.7947
180.0	263.533	0.00280239	0.9397
184.5	263.533	0.00264219	0.6824
189.0	263.533	7.63245e-05	0.5269
193.5	263.533	0.00110224	0.9333
198.0	263.533	0.00117908	0.9248
202.5	263.533	7.09834e-05	0.4896
207.0	263.533	0.000150052	0.5524
211.5	263.533	0.000139975	0.608
216.0	263.533	0.000241052	0.359
220.5	263.533	0.000303213	0.403
225.0	263.533	3.74942e-05	0.6066
229.5	263.533	0.0019047	0.9397
234.0	263.533	0.00415931	0.9961
238.5	263.533	0.00147651	0.9437
243.0	263.533	0.00109096	0.7356
247.5	263.533	0.000338275	0.7153
252.0	263.533	0.00168657	0.7215
256.5	263.533	8.33854e-05	0.7202
261.0	263.533	0.00063043	0.8976
265.5	263.533	0.00119199	0.901
270.0	263.533	4.11021e-06	1.0
274.5	263.533	5.78679e-05	0.7113
279.0	263.533	0.00201306	0.9673
283.5	263.533	0.000153403	0.8955
288.0	263.533	0.000268336	0.907
292.5	263.533	0.000110636	0.5918
297.0	263.533	0.00120693	0.99
301.5	263.533	0.000142963	0.5198
306.0	263.533	0.00014047	0.7929
310.5	263.533	0.00105432	0.8832
315.0	263.533	0.000592291	0.8692
319.5	263.533	0.000892718	0.9682
324.0	263.533	0.000120135	0.6118
328.5	263.533	0.00202266	0.9759
333.0	263.533	1.22839e-05	1.0
337.5	263.533	5.54568e-05	0.7231
342.0	263.533	0.000109719	0.6925
346.5	263.533	1.31732e-05	0.7926
351.0	263.533	6.58738e-05	0.679
355.5	263.533	0.0	0.0
360.0	263.533	2.90005e-05	0.8899
364.5	263.533	8.68094e-05	0.9923
369.0	263.533	3.82618e-05	1.0
373.5	263.533	0.000622811	0.9432
378.0	263.533	6.39024e-05	0.7073
382.5	263.533	3.80408e-05	0.8735
387.0	263.533	4.3465e-05	0.8612
391.5	263.533	0.000164618	0.5769
396.0	263.533	0.00137011	0.978
400.5	263.533	0.0018294	0.9838
405.0	263.533	6.3838e-05	0.6107
409.5	263.533	0.000152294	0.9504
414.0	263.533	6.80957e-05	0.5944
418.5	263.533	7.14463e-05	0.6591
423.0	263.533	8.60678e-05	0.5946
427.5	263.533	0.000121443	0.7426
432.0	263.533	0.000163506	0.5021
436.5	263.533	0.000195104	0.4702
441.0	263.533	0.000124554	0.52
445.5	263.533	0.000142342	0.5362
-450.0	266.1	0.00027962	0.918
-445.5	266.1	0.000222026	0.9046
-441.0	266.1	8.77501e-06	1.0
-436.5	266.1	2.14103e-05	1.0
-432.0	266.1	9.97133e-07	1.0
-427.5	266.1	0.0	0.0
-423.0	266.1	3.00614e-05	1.0
-418.5	266.1	0.0	0.0
-414.0	266.1	3.34916e-06	1.0
-409.5	266.1	0.000105511	1.0
-405.0	266.1	2.65844e-06	1.0
-400.5	266.1	0.0	0.0
-396.0	266.1	0.0	0.0
-391.5	266.1	0.0	0.0
-387.0	266.1	1.60168e-05	1.0
-382.5	266.1	0.000467376	0.9556
-378.0	266.1	0.00139625	0.9927
-373.5	266.1	4.94827e-05	1.0
-369.0	266.1	4.37375e-05	1.0
-364.5	266.1	0.0	0.0
-360.0	266.1	3.42526e-06	1.0
-355.5	266.1	0.000101949	0.8546
-351.0	266.1	4.6711e-05	0.8001
-346.5	266.1	6.97872e-05	0.7271
-342.0	266.1	0.000187271	0.3837
-337.5	266.1	0.00125047	1.0
-333.0	266.1	0.000404878	0.964
-328.5	266.1	0.000919731	0.937
-324.0	266.1	4.3129e-05	0.753
-319.5	266.1	3.62015e-05	1.0
-315.0	266.1	5.16447e-05	0.7194
-310.5	266.1	0.000108303	0.5417
-306.0	266.1	4.71346e-05	0.7387
-301.5	266.1	0.00161137	0.9311
-297.0	266.1	0.000117368	0.8169
-292.5	266.1	0.0	0.0
-288.0	266.1	0.00059561	0.8936
-283.5	266.1	0.000969909	0.9623
-279.0	266.1	0.000212994	0.8741
-274.5	266.1	4.11042e-05	0.8962
-270.0	266.1	1.21768e-05	0.7092
-265.5	266.1	2.04215e-05	1.0
-261.0	266.1	0.00427997	0.6917
-256.5	266.1	0.00213165	0.852
-252.0	266.1	0.000123017	0.497
-247.5	266.1	7.5555e-05	0.654
-243.0	266.1	0.000187371	0.4385
-238.5	266.1	5.33089e-05	0.6786
-234.0	266.1	0.000188458	0.6837
-229.5	266.1	0.000139063	0.4261
-225.0	266.1	0.000950941	0.8892
-220.5	266.1	0.000181788	0.421
-216.0	266.1	0.000111491	0.5172
-211.5	266.1	0.00115898	0.9024
-207.0	266.1	0.00149808	0.9274
-202.5	266.1	8.09784e-05	0.6395
-198.0	266.1	8.76527e-05	0.503
-193.5	266.1	0.000277851	0.4047
-189.0	266.1	0.00416911	0.7746
-184.5	266.1	0.000950027	0.8712
-180.0	266.1	0.00199278	0.929
-175.5	266.1	0.000705659	0.6845
-171.0	266.1	0.000218028	0.3639
-166.5	266.1	0.000196835	0.5013
-162.0	266.1	0.000109668	0.4775
-157.5	266.1	0.000211883	0.3604
-153.0	266.1	0.00022916	0.3772
-148.5	266.1	0.0011193	0.8238
-144.0	266.1	0.000247727	0.339
-139.5	266.1	0.000264335	0.3811
-135.0	266.1	0.003697	0.6639
-130.5	266.1	0.00354785	0.6574
-126.0	266.1	0.000201762	0.3242
-121.5	266.1	0.000266514	0.3199
-117.0	266.1	0.000597094	0.6188
-112.5	266.1	0.00300375	0.6643
-108.0	266.1	0.0010551	0.7126
-103.5	266.1	0.00190782	0.6532
-99.0	266.1	0.000375667	0.3408
-94.5	266.1	0.000444693	0.3816
-90.0	266.1	0.00121544	0.8514
-85.5	266.1	0.00284564	0.861
-81.0	266.1	0.00232206	0.878
-76.5	266.1	0.00367406	0.6696
-72.0	266.1	0.00282653	0.7379
-67.5	266.1	0.00188632	0.5734
-63.0	266.1	0.000485008	0.5884
-58.5	266.1	0.000490452	0.5877
-54.0	266.1	0.00729668	0.4496
-49.5	266.1	0.00378515	0.5698
-45.0	266.1	0.00145735	0.8387
-40.5	266.1	0.00396311	0.9
-36.0	266.1	0.00342652	0.5575
-31.5	266.1	0.00128338	0.7587
-27.0	266.1	0.000323387	0.2722
-22.5	266.1	0.00650024	0.6074
-18.0	266.1	0.000586689	0.4486
-13.5	266.1	0.000478527	0.2585
-9.0	266.1	0.000248656	0.3379
-4.5	266.1	0.000461992	0.3515
0.0	266.1	0.00189125	0.8628
4.5	266.1	0.000453707	0.492
9.0	266.1	0.00268435	0.6527
13.5	266.1	0.00107899	0.7787
18.0	266.1	0.00293604	0.6696
22.5	266.1	0.00109044	0.5403
27.0	266.1	0.00441395	0.6405
31.5	266.1	0.000251615	0.3408
36.0	266.1	0.00106165	0.8014
40.5	266.1	0.000986073	0.7782
45.0	266.1	0.000847061	0.5555
49.5	266.1	0.000768453	0.6714
54.0	266.1	0.000921153	0.5682
58.5	266.1	0.000289731	0.3314
63.0	266.1	0.00353875	0.8998
67.5	266.1	0.00348482	0.6679
72.0	266.1	0.000950052	0.7757
76.5	266.1	0.00188254	0.8052
81.0	266.1	0.00142468	0.8214
85.5	266.1	0.0029266	0.866
90.0	266.1	0.0037613	0.879
94.5	266.1	0.00135763	0.8421
99.0	266.1	0.00163159	0.8212
103.5	266.1	0.00317038	0.6958
108.0	266.1	0.000429161	0.4171
112.5	266.1	0.00366381	0.6418
117.0	266.1	0.00100511	0.6478
121.5	266.1	0.00538014	0.6271
126.0	266.1	0.00194408	0.8264
130.5	266.1	0.00285073	0.5963
135.0	266.1	0.00280364	0.6789
139.5	266.1	0.000138343	0.455
144.0	266.1	0.000102458	0.5579
148.5	266.1	0.00134283	0.7987
153.0	266.1	0.00185309	0.7212
157.5	266.1	0.000203431	0.3396
162.0	266.1	0.000597037	0.6645
166.5	266.1	0.000339209	0.3498
171.0	266.1	0.000126605	0.505
175.5	266.1	0.00112376	0.8417
180.0	266.1	0.000426506	0.5821
184.5	266.1	0.000992492	0.7634
189.0	266.1	0.00299595	0.7119
193.5	266.1	0.000165723	0.3993
198.0	266.1	0.000143024	0.4127
202.5	266.1	0.000177253	0.4907
207.0	266.1	0.000109867	0.5544
211.5	266.1	0.000532906	0.6817
216.0	266.1	3.36287e-05	0.7718
220.5	266.1	0.000200063	0.4025
225.0	266.1	0.000107585	0.655
229.5	266.1	3.51184e-05	0.731
234.0	266.1	1.91279e-05	0.708
238.5	266.1	0.00177012	0.9627
243.0	266.1	0.000195956	0.4515
247.5	266.1	0.000225522	0.3896
252.0	266.1	0.00133194	0.8878
256.5	266.1	0.00243891	0.9482
261.0	266.1	6.48038e-05	0.5895
265.5	266.1	0.000115001	0.6058
270.0	266.1	0.0	0.0
274.5	266.1	2.72924e-05	1.0
279.0	266.1	4.98088e-05	0.7497
283.5	266.1	0.00176954	1.0
288.0	266.1	3.79956e-05	0.7394
292.5	266.1	2.37374e-05	0.8536
297.0	266.1	0.000514457	0.9037
301.5	266.1	1.9682e-05	1.0
306.0	266.1	4.33645e-05	0.7213
310.5	266.1	0.00187706	0.9866
315.0	266.1	0.000205645	0.6235
319.5	266.1	2.21031e-05	1.0
324.0	266.1	0.0	0.0
328.5	266.1	0.00215655	0.916
333.0	266.1	0.000262587	0.7487
337.5	266.1	7.04715e-05	0.6448
342.0	266.1	0.000100479	0.5841
346.5	266.1	6.30811e-05	0.6742
351.0	266.1	7.13655e-05	0.7152
355.5	266.1	0.0	0.0
360.0	266.1	9.7424e-06	1.0
364.5	266.1	0.000130319	0.7227
369.0	266.1	4.15243e-05	1.0
373.5	266.1	0.00226248	0.9752
378.0	266.1	9.30216e-05	0.6689
382.5	266.1	2.56019e-05	1.0
387.0	266.1	3.94413e-05	1.0
391.5	266.1	7.88291e-05	0.7141
396.0	266.1	0.000140732	0.6298
400.5	266.1	0.00310017	0.988
405.0	266.1	0.00013445	0.6749
409.5	266.1	1.1909e-05	1.0
414.0	266.1	0.000167327	0.9372
418.5	266.1	2.71586e-05	0.785
423.0	266.1	3.8316e-05	1.0
427.5	266.1	9.12142e-06	0.723
432.0	266.1	0.00111398	0.8721
436.5	266.1	0.000165221	0.3975
441.0	266.1	0.000162634	0.5795
445.5	266.1	6.19535e-05	0.7536
-450.0	268.667	0.000437342	1.0
-445.5	268.667	2.7407e-05	0.7114
-441.0	268.667	0.0	0.0
-436.5	268.667	0.0	0.0
-432.0	268.667	0.0	0.0
-427.5	268.667	0.0	0.0
-423.0	268.667	7.09429e-06	1.0
-418.5	268.667	1.39338e-05	1.0
-414.0	268.667	2.43287e-05	1.0
-409.5	268.667	0.0	0.0
-405.0	268.667	3.84852e-05	1.0
-400.5	268.667	0.0	0.0
-396.0	268.667	2.85815e-05	1.0
-391.5	268.667	6.88964e-05	0.5973
-387.0	268.667	0.00109774	0.9545
-382.5	268.667	0.0	0.0
-378.0	268.667	0.00275305	1.0
-373.5	268.667	2.78376e-05	1.0
-369.0	268.667	6.42729e-05	0.6146
-364.5	268.667	2.65543e-05	0.8489
-360.0	268.667	0.000114181	0.8101
-355.5	268.667	3.36413e-05	1.0
-351.0	268.667	2.41269e-05	1.0
-346.5	268.667	4.23887e-05	1.0
-342.0	268.667	0.000767228	0.9068
-337.5	268.667	0.000575693	0.966
-333.0	268.667	4.8599e-05	0.7289
-328.5	268.667	0.000132001	0.4578
-324.0	268.667	0.00011332	0.5087
-319.5	268.667	5.24462e-05	0.9239
-315.0	268.667	7.40876e-05	0.6901
-310.5	268.667	2.47755e-05	1.0
-306.0	268.667	9.06267e-05	0.5599
-301.5	268.667	0.00174023	0.9156
-297.0	268.667	2.47319e-05	1.0
-292.5	268.667	0.000107637	0.5217
-288.0	268.667	6.93077e-05	0.7608
-283.5	268.667	0.0	0.0
-279.0	268.667	0.0	0.0
-274.5	268.667	4.7257e-05	0.8725
-270.0	268.667	5.40048e-05	1.0
-265.5	268.667	0.000107414	0.6137
-261.0	268.667	0.00169714	0.9764
-256.5	268.667	0.000154097	0.4179
-252.0	268.667	6.38617e-05	0.5306
-247.5	268.667	6.80241e-05	0.5292
-243.0	268.667	0.00014719	0.4768
-238.5	268.667	4.54075e-05	0.6075
-234.0	268.667	0.000177334	0.4492
-229.5	268.667	0.000150971	0.4931
-225.0	268.667	0.000169473	0.4337
-220.5	268.667	0.000107695	0.5652
-216.0	268.667	0.00191924	0.931
-211.5	268.667	0.00137101	0.7755
-207.0	268.667	0.0013368	0.9021
-202.5	268.667	0.000191501	0.4643
-198.0	268.667	0.000225742	0.4103
-193.5	268.667	0.000169715	0.5048
-189.0	268.667	0.000765124	0.6471
-184.5	268.667	0.00176828	0.6371
-180.0	268.667	0.00192466	0.8967
-175.5	268.667	0.0020859	0.8908
-171.0	268.667	0.000231193	0.3957
-166.5	268.667	9.68102e-05	0.4716
-162.0	268.667	0.000146018	0.4222
-157.5	268.667	9.50016e-05	0.5292
-153.0	268.667	0.000146963	0.5214
-148.5	268.667	0.000179314	0.3643
-144.0	268.667	0.000889981	0.643
-139.5	268.667	0.00187947	0.8399
-135.0	268.667	0.000509992	0.5631
-130.5	268.667	0.000327472	0.4536
-126.0	268.667	0.00135829	0.7833
-121.5	268.667	0.000358738	0.3524
-117.0	268.667	0.00264507	0.8682
-112.5	268.667	0.00236261	0.896
-108.0	268.667	0.000314069	0.3818
-103.5	268.667	0.00236958	0.6506
-99.0	268.667	0.00251446	0.8384
-94.5	268.667	0.00156575	0.8979
-90.0	268.667	0.000275177	0.3333
-85.5	268.667	0.00146943	0.8208
-81.0	268.667	0.000396595	0.3598
-76.5	268.667	0.00143308	0.5598
-72.0	268.667	0.00150657	0.5872
-67.5	268.667	0.00146313	0.6841
-63.0	268.667	0.000478622	0.6297
-58.5	268.667	0.000896379	0.7658
-54.0	268.667	0.00215219	0.5931
-49.5	268.667	0.00615456	0.5627
-45.0	268.667	0.00154987	0.7891
-40.5	268.667	0.00169503	0.7435
-36.0	268.667	0.00296041	0.5434
-31.5	268.667	0.00166404	0.7354
-27.0	268.667	0.000752933	0.3695
-22.5	268.667	0.00146406	0.5355
-18.0	268.667	0.00246193	0.8632
-13.5	268.667	0.000889554	0.6072
-9.0	268.667	0.00226015	0.8394
-4.5	268.667	0.000354887	0.3474
0.0	268.667	0.00244326	0.7122
4.5	268.667	0.0024485	0.8525
9.0	268.667	0.00177552	0.8246
13.5	268.667	0.000312758	0.4701
18.0	268.667	0.00390005	0.5444
22.5	268.667	0.00202365	0.866
27.0	268.667	0.000699764	0.6092
31.5	268.667	0.000721389	0.789
36.0	268.667	0.00030622	0.4308
40.5	268.667	0.00059572	0.3264
45.0	268.667	0.00360306	0.5777
49.5	268.667	0.000605612	0.5914
54.0	268.667	0.00127012	0.4754
58.5	268.667	0.000347767	0.3112
63.0	268.667	0.00337504	0.9432
67.5	268.667	0.00220693	0.8812
72.0	268.667	0.00237916	0.9434
76.5	268.667	0.00118928	0.6178
81.0	268.667	0.00151761	0.8092
85.5	268.667	0.000748513	0.5035
90.0	268.667	0.0020559	0.6037
94.5	268.667	0.000791465	0.577
99.0	268.667	0.00153439	0.8641
103.5	268.667	0.00257426	0.8411
108.0	268.667	0.00074468	0.6737
112.5	268.667	0.00405191	0.6804
117.0	268.667	0.000457546	0.7699
121.5	268.667	0.000744782	0.4421
126.0	268.667	0.000323143	0.3077
130.5	268.667	0.00529657	0.563
135.0	268.667	0.000106546	0.5907
139.5	268.667	0.000276776	0.3614
144.0	268.667	0.000178937	0.4219
148.5	268.667	0.000324739	0.3417
153.0	268.667	0.00379627	0.7016
157.5	268.667	0.000161953	0.3632
162.0	268.667	0.000366925	0.5239
166.5	268.667	0.000344237	0.3727
171.0	268.667	0.000988114	0.7742
175.5	268.667	0.000145626	0.4549
180.0	268.667	0.00342447	0.6771
184.5	268.667	0.000702342	0.5904
189.0	268.667	0.00178855	0.9482
193.5	268.667	0.00118656	0.8225
198.0	268.667	0.000175458	0.4007
202.5	268.667	5.15738e-05	0.6781
207.0	268.667	0.00010103	0.5601
211.5	268.667	0.000311161	0.5897
216.0	268.667	0.00025333	0.428
220.5	268.667	0.000221722	0.3761
225.0	268.667	0.000149738	0.5276
229.5	268.667	4.80115e-05	0.7073
234.0	268.667	0.00126428	0.9692
238.5	268.667	3.29056e-05	1.0
243.0	268.667	0.00197402	0.9684
247.5	268.667	0.000293527	0.3402
252.0	268.667	8.14841e-05	0.6098
256.5	268.667	0.000655474	0.9158
261.0	268.667	0.00180864	0.9584
265.5	268.667	7.81541e-05	0.6234
270.0	268.667	0.0	0.0
274.5	268.667	1.78462e-05	1.0
279.0	268.667	0.000309475	0.7511
283.5	268.667	0.000138448	0.7941
288.0	268.667	3.31591e-05	1.0
292.5	268.667	3.20436e-05	0.8425
297.0	268.667	0.00126357	0.9381
301.5	268.667	0.0	0.0
306.0	268.667	4.38643e-05	0.8151
310.5	268.667	6.98622e-05	0.5973
315.0	268.667	9.49231e-05	0.7134
319.5	268.667	0.000185904	1.0
324.0	268.667	0.000216782	1.0
328.5	268.667	0.00090853	0.8788
333.0	268.667	0.000102354	0.5873
337.5	268.667	2.51407e-05	0.8773
342.0	268.667	8.41852e-05	0.7184
346.5	268.667	0.000189294	0.4587
351.0	268.667	5.49875e-05	0.6467
355.5	268.667	1.01059e-05	1.0
360.0	268.667	0.0	0.0
364.5	268.667	3.89079e-05	0.7179
369.0	268.667	0.000131123	1.0
373.5	268.667	0.0	0.0
378.0	268.667	3.2302e-05	1.0
382.5	268.667	2.47027e-05	1.0
387.0	268.667	1.08413e-05	0.7783
391.5	268.667	8.8505e-05	0.7178
396.0	268.667	9.91855e-05	0.6237
400.5	268.667	7.77907e-05	0.7927
405.0	268.667	0.00320608	0.9792
409.5	268.667	0.000114897	0.5126
414.0	268.667	0.0	0.0
418.5	268.667	0.000149413	1.0
423.0	268.667	4.59412e-05	0.7131
427.5	268.667	3.84762e-05	1.0
432.0	268.667	0.00135105	1.0
436.5	268.667	9.79106e-05	0.7212
441.0	268.667	0.000166326	0.4824
445.5	268.667	0.000189096	0.4618
-450.0	271.233	0.0	0.0
-445.5	271.233	3.10944e-05	1.0
-441.0	271.233	9.07575e-06	1.0
-436.5	271.233	7.49217e-05	1.0
-432.0	271.233	2.81168e-05	0.7545
-427.5	271.233	0.00112158	0.9668
-423.0	271.233	7.34179e-05	0.7988
-418.5	271.233	7.52082e-06	0.7426
-414.0	271.233	2.43287e-05	1.0
-409.5	271.233	1.23547e-05	1.0
-405.0	271.233	5.53828e-05	0.5921
-400.5	271.233	3.46289e-05	0.7463
-396.0	271.233	9.33554e-05	0.6182
-391.5	271.233	4.53598e-05	1.0
-387.0	271.233	0.0	0.0
-382.5	271.233	0.0	0.0
-378.0	271.233	1.88912e-05	1.0
-373.5	271.233	0.0	0.0
-369.0	271.233	0.0	0.0
-364.5	271.233	0.000100117	0.7993
-360.0	271.233	1.69904e-05	0.784
-355.5	271.233	3.19555e-06	1.0
-351.0	271.233	2.02155e-05	1.0
-346.5	271.233	4.4772e-05	0.7071
-342.0	271.233	0.0012705	0.9843
-337.5	271.233	0.000391395	0.9705
-333.0	271.233	0.000972151	0.9097
-328.5	271.233	0.00136735	0.9456
-324.0	271.233	0.0014308	0.9462
-319.5	271.233	5.03314e-05	0.8288
-315.0	271.233	0.000131374	0.6375
-310.5	271.233	3.70123e-05	0.8392
-306.0	271.233	0.00042338	0.6848
-301.5	271.233	0.00137703	0.9518
-297.0	271.233	0.000116723	0.6219
-292.5	271.233	9.03027e-05	0.6598
-288.0	271.233	4.21295e-05	0.8209
-283.5	271.233	2.15099e-05	1.0
-279.0	271.233	1.91292e-05	1.0
-274.5	271.233	8.42591e-05	0.6064
-270.0	271.233	1.49117e-05	0.7139
-265.5	271.233	0.00011164	0.4602
-261.0	271.233	7.00066e-05	0.7076
-256.5	271.233	0.000119685	0.5199
-252.0	271.233	0.000111598	0.5403
-247.5	271.233	9.73561e-05	0.5354
-243.0	271.233	0.000684762	0.8058
-238.5	271.233	0.00271892	0.7075
-234.0	271.233	0.000204066	0.4051
-229.5	271.233	0.0015855	0.9176
-225.0	271.233	0.000801157	0.838
-220.5	271.233	9.98051e-05	0.5232
-216.0	271.233	0.000173024	0.393
-211.5	271.233	0.00262296	0.6632
-207.0	271.233	0.000126743	0.5021
-202.5	271.233	6.00684e-05	0.7121
-198.0	271.233	0.000193365	0.591
-193.5	271.233	4.52114e-05	0.6661
-189.0	271.233	0.000455377	0.3621
-184.5	271.233	0.00470059	0.6532
-180.0	271.233	0.000167817	0.4106
-175.5	271.233	7.59899e-05	0.5724
-171.0	271.233	0.000243189	0.3986
-166.5	271.233	0.000119403	0.3915
-162.0	271.233	0.000139246	0.449
-157.5	271.233	9.20255e-05	0.575
-153.0	271.233	0.000261159	0.3546
-148.5	271.233	0.000369347	0.7464
-144.0	271.233	0.00154862	0.8077
-139.5	271.233	0.0021747	0.8502
-135.0	271.233	0.000298085	0.3857
-130.5	271.233	0.000133261	0.4349
-126.0	271.233	0.000925315	0.722
-121.5	271.233	0.00151975	0.6798
-117.0	271.233	0.00261615	0.8776
-112.5	271.233	0.00246924	0.8577
-108.0	271.233	0.000217249	0.3662
-103.5	271.233	0.000465994	0.3796
-99.0	271.233	0.000600666	0.555
-94.5	271.233	0.00154103	0.9122
-90.0	271.233	0.000503322	0.2966
-85.5	271.233	0.000143336	0.4538
-81.0	271.233	0.00188714	0.8719
-76.5	271.233	0.000610032	0.6121
-72.0	271.233	0.00121417	0.5656
-67.5	271.233	0.00271656	0.6186
-63.0	271.233	0.00192462	0.8007
-58.5	271.233	0.000354282	0.2973
-54.0	271.233	0.000247995	0.3742
-49.5	271.233	0.000636216	0.5538
-45.0	271.233	0.00134518	0.8337
-40.5	271.233	0.000466652	0.2772
-36.0	271.233	0.00173386	0.5903
-31.5	271.233	0.00438902	0.547
-27.0	271.233	0.000385999	0.2815
-22.5	271.233	0.00156083	0.7267
-18.0	271.233	0.00141955	0.7826
-13.5	271.233	0.000706438	0.6018
-9.0	271.233	0.000490297	0.3229
-4.5	271.233	0.000483263	0.3273
0.0	271.233	0.00100432	0.7725
4.5	271.233	0.00137527	0.6999
9.0	271.233	0.00162095	0.8912
13.5	271.233	0.000307781	0.3123
18.0	271.233	0.00331581	0.4786
22.5	271.233	0.00152576	0.9263
27.0	271.233	0.00253997	0.7908
31.5	271.233	0.0031623	0.8875
36.0	271.233	0.000756956	0.8357
40.5	271.233	0.00071681	0.5718
45.0	271.233	0.0037343	0.5827
49.5	271.233	0.00040492	0.2936
54.0	271.233	0.000474857	0.2484
58.5	271.233	0.000330901	0.2905
63.0	271.233	0.0034038	0.9354
67.5	271.233	0.00433492	0.5911
72.0	271.233	0.0047181	0.5275
76.5	271.233	0.000883558	0.7663
81.0	271.233	0.00160747	0.7024
85.5	271.233	0.00257887	0.8389
90.0	271.233	0.00197382	0.8541
94.5	271.233	0.000985614	0.4876
99.0	271.233	0.00144746	0.9143
103.5	271.233	0.000405511	0.5899
108.0	271.233	0.00297358	0.8869
112.5	271.233	0.00303716	0.8136
117.0	271.233	0.00197887	0.9099
121.5	271.233	0.000346256	0.3256
126.0	271.233	0.000301795	0.3096
130.5	271.233	0.00220311	0.9391
135.0	271.233	0.00102402	0.5751
139.5	271.233	0.000260882	0.3717
144.0	271.233	0.0013245	0.7498
148.5	271.233	0.00151625	0.8344
153.0	271.233	0.00217105	0.7873
157.5	271.233	0.00175363	0.6833
162.0	271.233	0.000301341	0.3249
166.5	271.233	0.00201376	0.7594
171.0	271.233	0.00141786	0.9068
175.5	271.233	0.0012094	0.8899
180.0	271.233	0.000136039	0.4735
184.5	271.233	0.00171621	0.7866
189.0	271.233	0.000173026	0.5051
193.5	271.233	0.00131784	0.9077
198.0	271.233	0.000167121	0.4816
202.5	271.233	0.000747417	0.7874
207.0	271.233	0.000125577	0.5441
211.5	271.233	0.000141034	0.4189
216.0	271.233	0.000176711	0.3328
220.5	271.233	0.000138663	0.463
225.0	271.233	6.96658e-05	0.6452
229.5	271.233	8.42471e-05	0.5539
234.0	271.233	0.00132275	0.9477
238.5	271.233	2.76118e-05	0.7385
243.0	271.233	2.23102e-05	0.7826
247.5	271.233	0.000216655	0.3634
252.0	271.233	7.73499e-05	0.5044
256.5	271.233	7.83005e-05	0.6115
261.0	271.233	0.00237108	0.7173
265.5	271.233	3.44565e-05	0.9359
270.0	271.233	6.09023e-05	0.7104
274.5	271.233	1.21744e-05	0.7084
279.0	271.233	3.38625e-05	0.9945
283.5	271.233	7.91881e-05	0.6828
288.0	271.233	7.56816e-05	0.5922
292.5	271.233	8.06064e-05	0.5491
297.0	271.233	3.85501e-05	0.7134
301.5	271.233	8.41499e-05	0.7879
306.0	271.233	0.000423843	0.9104
310.5	271.233	0.00176291	0.9513
315.0	271.233	7.02952e-05	0.7172
319.5	271.233	2.46279e-05	1.0
324.0	271.233	0.0	0.0
328.5	271.233	6.41012e-05	0.7446
333.0	271.233	0.000124518	0.5701
337.5	271.233	0.000500088	0.886
342.0	271.233	2.22225e-06	1.0
346.5	271.233	5.92157e-05	0.719
351.0	271.233	0.000173445	0.5037
355.5	271.233	2.19726e-05	0.7136
360.0	271.233	3.70318e-05	0.7368
364.5	271.233	9.29109e-05	0.6123
369.0	271.233	1.67123e-05	0.8359
373.5	271.233	0.000178334	0.7422
378.0	271.233	6.09257e-05	1.0
382.5	271.233	0.0	0.0
387.0	271.233	5.30748e-05	0.7254
391.5	271.233	7.32294e-05	0.7399
396.0	271.233	2.97367e-05	0.9115
400.5	271.233	7.27777e-05	0.7204
405.0	271.233	0.00173786	0.9481
409.5	271.233	0.00255098	0.7071
414.0	271.233	6.40954e-06	1.0
418.5	271.233	0.0	0.0
423.0	271.233	0.00013047	1.0
427.5	271.233	7.27085e-05	0.6841
432.0	271.233	8.68646e-05	0.5836
436.5	271.233	8.00338e-05	0.5634
441.0	271.233	0.00198692	0.6917
445.5	271.233	3.83801e-05	0.5288
-450.0	273.8	3.44296e-05	1.0
-445.5	273.8	0.0	0.0
-441.0	273.8	6.58437e-05	0.5042
-436.5	273.8	4.27988e-05	1.0
-432.0	273.8	8.07348e-07	1.0
-427.5	273.8	0.000526316	0.9452
-423.0	273.8	0.0	0.0
-418.5	273.8	4.16073e-06	1.0
-414.0	273.8	2.0168e-05	1.0
-409.5	273.8	0.0	0.0
-405.0	273.8	0.0	0.0
-400.5	273.8	3.36355e-05	1.0
-396.0	273.8	4.98192e-05	0.8193
-391.5	273.8	3.3675e-05	1.0
-387.0	273.8	2.64286e-05	1.0
-382.5	273.8	0.0	0.0
-378.0	273.8	3.24128e-05	0.8171
-373.5	273.8	1.98667e-05	1.0
-369.0	273.8	8.81324e-05	0.7544
-364.5	273.8	7.18225e-05	0.7218
-360.0	273.8	1.91305e-05	0.9333
-355.5	273.8	0.0	0.0
-351.0	273.8	8.82638e-05	0.6051
-346.5	273.8	0.00103896	0.9645
-342.0	273.8	0.000167372	0.9449
-337.5	273.8	3.95555e-05	1.0
-333.0	273.8	2.37318e-05	0.8395
-328.5	273.8	9.37298e-05	0.5915
-324.0	273.8	0.00042049	0.7999
-319.5	273.8	0.00157537	0.9722
-315.0	273.8	8.91004e-05	0.83
-310.5	273.8	0.000106575	0.4758
-306.0	273.8	0.00170368	0.9349
-301.5	273.8	1.0521e-05	0.979
-297.0	273.8	9.63332e-05	0.464
-292.5	273.8	0.000111694	0.533
-288.0	273.8	0.00145507	0.943
-283.5	273.8	0.000557902	1.0
-279.0	273.8	0.000232972	0.6735
-274.5	273.8	0.000141783	0.4759
-270.0	273.8	0.000142818	0.4005
-265.5	273.8	0.000200376	0.404
-261.0	273.8	0.000591634	0.9199
-256.5	273.8	0.00045339	0.8006
-252.0	273.8	0.000123832	0.5845
-247.5	273.8	0.00247874	0.912
-243.0	273.8	0.0031223	0.6399
-238.5	273.8	3.84065e-05	0.8842
-234.0	273.8	5.44438e-05	0.6787
-229.5	273.8	6.24847e-05	0.5251
-225.0	273.8	5.38372e-05	0.6092
-220.5	273.8	6.69309e-05	0.6018
-216.0	273.8	0.000791641	0.7716
-211.5	273.8	0.00356086	0.6283
-207.0	273.8	0.00218437	0.9802
-202.5	273.8	0.000656069	0.8593
-198.0	273.8	0.000151028	0.6729
-193.5	273.8	0.000178021	0.5146
-189.0	273.8	0.000715515	0.5905
-184.5	273.8	0.00190082	0.6697
-180.0	273.8	0.000172802	0.3835
-175.5	273.8	0.00123166	0.8372
-171.0	273.8	0.000223477	0.3375
-166.5	273.8	0.000280819	0.3275
-162.0	273.8	0.000228594	0.4291
-157.5	273.8	0.000994209	0.8463
-153.0	273.8	0.000244037	0.3449
-148.5	273.8	0.00262777	0.6815
-144.0	273.8	0.000691678	0.6825
-139.5	273.8	0.0004066	0.6526
-135.0	273.8	0.000672183	0.5604
-130.5	273.8	0.00127987	0.8136
-126.0	273.8	0.00513458	0.6036
-121.5	273.8	0.00230446	0.7627
-117.0	273.8	0.00269887	0.6438
-112.5	273.8	0.00150341	0.8164
-108.0	273.8	0.00510591	0.5869
-103.5	273.8	0.000551298	0.4349
-99.0	273.8	0.00255561	0.628
-94.5	273.8	0.0014936	0.9406
-90.0	273.8	0.00271325	0.8533
-85.5	273.8	8.28804e-05	0.5833
-81.0	273.8	0.000229982	0.3331
-76.5	273.8	0.00377427	0.497
-72.0	273.8	0.00229746	0.6314
-67.5	273.8	0.00057044	0.364
-63.0	273.8	0.000454417	0.2687
-58.5	273.8	0.00375267	0.8324
-54.0	273.8	0.000351728	0.3298
-49.5	273.8	0.000425225	0.2899
-45.0	273.8	0.000808895	0.5044
-40.5	273.8	0.00115836	0.5945
-36.0	273.8	0.00140486	0.7866
-31.5	273.8	0.00532144	0.6119
-27.0	273.8	0.000405746	0.273
-22.5	273.8	0.00183228	0.623
-18.0	273.8	0.00205123	0.5946
-13.5	273.8	0.00189819	0.8063
-9.0	273.8	0.00302167	0.6783
-4.5	273.8	0.00226041	0.865
0.0	273.8	0.000280971	0.3102
4.5	273.8	0.00116724	0.7599
9.0	273.8	0.00156078	0.9253
13.5	273.8	0.000567825	0.4829
18.0	273.8	0.00184616	0.6052
22.5	273.8	0.00157524	0.853
27.0	273.8	0.00145911	0.7268
31.5	273.8	0.00300434	0.9326
36.0	273.8	0.000151614	0.4296
40.5	273.8	0.00193805	0.9216
45.0	273.8	0.00157702	0.6947
49.5	273.8	0.000417209	0.2765
54.0	273.8	0.000545533	0.24
58.5	273.8	0.000188304	0.3838
63.0	273.8	0.00376559	0.8512
67.5	273.8	0.00315281	0.5726
72.0	273.8	0.00384149	0.5747
76.5	273.8	0.000290852	0.3757
81.0	273.8	0.000349167	0.3542
85.5	273.8	0.00238621	0.8486
90.0	273.8	0.000361197	0.2854
94.5	273.8	0.00161561	0.7794
99.0	273.8	0.00032777	0.3788
103.5	273.8	0.000167923	0.466
108.0	273.8	0.00126455	0.6904
112.5	273.8	0.00550472	0.6956
117.0	273.8	0.00528484	0.5619
121.5	273.8	0.000285643	0.3756
126.0	273.8	0.000331712	0.2958
130.5	273.8	0.00311938	0.5725
135.0	273.8	0.0035951	0.5671
139.5	273.8	0.000439526	0.2778
144.0	273.8	0.0034706	0.6262
148.5	273.8	0.00197783	0.7356
153.0	273.8	0.00035532	0.3471
157.5	273.8	0.00324549	0.7093
162.0	273.8	0.0020136	0.8711
166.5	273.8	9.68029e-05	0.5564
171.0	273.8	0.00138973	0.8854
175.5	273.8	0.00187998	0.8637
180.0	273.8	0.00209673	0.8776
184.5	273.8	0.000239072	0.6348
189.0	273.8	0.00146442	0.8236
193.5	273.8	0.00130481	0.9167
198.0	273.8	8.86153e-05	0.4661
202.5	273.8	0.000619039	0.6708
207.0	273.8	4.22902e-05	0.8748
211.5	273.8	0.000103177	0.4656
216.0	273.8	0.000123242	0.5671
220.5	273.8	0.000224346	0.3607
225.0	273.8	0.000169922	0.4408
229.5	273.8	9.70469e-05	0.6685
234.0	273.8	9.39931e-05	0.4719
238.5	273.8	8.20124e-05	0.5103
243.0	273.8	8.06897e-05	0.5562
247.5	273.8	0.000133644	0.5109
252.0	273.8	9.30581e-05	0.5426
256.5	273.8	7.67027e-05	0.4812
261.0	273.8	0.000641779	0.7926
265.5	273.8	0.00328697	0.9089
270.0	273.8	0.00457018	0.9443
274.5	273.8	0.000401906	0.7981
279.0	273.8	6.56474e-05	0.6265
283.5	273.8	4.25076e-05	0.7346
288.0	273.8	7.34213e-05	0.6341
292.5	273.8	2.39756e-05	0.9727
297.0	273.8	2.43831e-05	1.0
301.5	273.8	0.0	0.0
306.0	273.8	2.46787e-05	1.0
310.5	273.8	0.000501782	0.895
315.0	273.8	0.00221818	0.9571
319.5	273.8	0.000138537	0.6348
324.0	273.8	9.23391e-05	0.7828
328.5	273.8	5.95903e-05	0.8557
333.0	273.8	0.000395354	0.8188
337.5	273.8	0.00230144	0.7538
342.0	273.8	0.0	0.0
346.5	273.8	0.000390942	1.0
351.0	273.8	5.71203e-05	0.7008
355.5	273.8	8.68388e-05	0.6861
360.0	273.8	6.7796e-05	0.7289
364.5	273.8	4.00147e-05	0.6554
369.0	273.8	5.00144e-05	0.8461
373.5	273.8	8.03775e-05	0.7194
378.0	273.8	9.18167e-05	0.9132
382.5	273.8	6.48692e-05	1.0
387.0	273.8	9.77371e-06	1.0
391.5	273.8	0.000104884	0.6126
396.0	273.8	2.20315e-05	1.0
400.5	273.8	4.51902e-05	0.7255
405.0	273.8	6.14035e-05	0.7241
409.5	273.8	0.00522187	0.7175
414.0	273.8	4.77244e-05	1.0
418.5	273.8	3.42702e-05	0.8382
423.0	273.8	0.0	0.0
427.5	273.8	0.000141984	0.8143
432.0	273.8	7.41596e-05	0.7814
436.5	273.8	3.87968e-05	1.0
441.0	273.8	0.00217445	0.9966
445.5	273.8	6.98316e-05	0.6907
-450.0	276.367	7.07512e-06	1.0
-445.5	276.367	2.33217e-05	1.0
-441.0	276.367	0.000138559	0.4821
-436.5	276.367	0.000112769	0.6419
-432.0	276.367	2.87839e-05	1.0
-427.5	276.367	0.0	0.0
-423.0	276.367	2.51569e-05	1.0
-418.5	276.367	1.76972e-05	1.0
-414.0	276.367	0.0	0.0
-409.5	276.367	0.0	0.0
-405.0	276.367	2.21782e-05	1.0
-400.5	276.367	3.3614e-05	1.0
-396.0	276.367	9.16874e-05	1.0
-391.5	276.367	0.0	0.0
-387.0	276.367	1.01041e-05	0.8213
-382.5	276.367	0.000152091	0.588
-378.0	276.367	7.58622e-05	0.6235
-373.5	276.367	4.85418e-05	0.793
-369.0	276.367	7.62694e-05	0.6796
-364.5	276.367	1.52581e-05	1.0
-360.0	276.367	3.53128e-05	0.7337
-355.5	276.367	2.14605e-05	1.0
-351.0	276.367	2.6395e-05	0.8195
-346.5	276.367	0.0	0.0
-342.0	276.367	4.04313e-05	1.0
-337.5	276.367	0.000531107	0.9516
-333.0	276.367	9.51805e-07	1.0
-328.5	276.367	2.99828e-05	0.5147
-324.0	276.367	9.63705e-05	0.5533
-319.5	276.367	0.000111628	0.434
-315.0	276.367	4.87781e-05	0.671
-310.5	276.367	0.000110568	0.5365
-306.0	276.367	0.000995775	0.8896
-301.5	276.367	0.000104667	0.6605
-297.0	276.367	8.24781e-05	0.682
-292.5	276.367	4.20918e-05	0.7804
-288.0	276.367	0.000144427	0.5198
-283.5	276.367	0.00089963	0.7684
-279.0	276.367	0.000111991	0.5371
-274.5	276.367	0.000100395	0.5117
-270.0	276.367	0.000328389	0.3548
-265.5	276.367	8.02233e-05	0.598
-261.0	276.367	5.91821e-05	0.7174
-256.5	276.367	0.00185536	0.9699
-252.0	276.367	0.0022981	0.9631
-247.5	276.367	5.83606e-05	0.7656
-243.0	276.367	0.000970991	0.9774
-238.5	276.367	0.000109522	0.7198
-234.0	276.367	9.83106e-05	0.5497
-229.5	276.367	0.0001508	0.3979
-225.0	276.367	0.000131713	0.6461
-220.5	276.367	0.000151535	0.4278
-216.0	276.367	0.00243555	0.6256
-211.5	276.367	0.0045321	0.8442
-207.0	276.367	0.00210575	0.9879
-202.5	276.367	0.00164544	0.8901
-198.0	276.367	0.000169044	0.5064
-193.5	276.367	0.000156549	0.4347
-189.0	276.367	0.000359634	0.4129
-184.5	276.367	8.00498e-05	0.65
-180.0	276.367	0.000183318	0.3918
-175.5	276.367	0.0019382	0.8972
-171.0	276.367	0.000143616	0.4179
-166.5	276.367	0.000371067	0.3391
-162.0	276.367	0.000428341	0.6251
-157.5	276.367	0.00451345	0.5502
-153.0	276.367	0.0011688	0.8699
-148.5	276.367	0.00263438	0.6128
-144.0	276.367	0.000501089	0.7111
-139.5	276.367	0.00248396	0.9428
-135.0	276.367	0.000330629	0.3751
-130.5	276.367	0.00100468	0.7087
-126.0	276.367	0.00529315	0.5102
-121.5	276.367	0.000670899	0.3493
-117.0	276.367	0.00191237	0.5535
-112.5	276.367	0.000402802	0.3127
-108.0	276.367	0.00282198	0.756
-103.5	276.367	0.00196179	0.8157
-99.0	276.367	0.000688033	0.5732
-94.5	276.367	0.00382897	0.5644
-90.0	276.367	0.000194554	0.3334
-85.5	276.367	0.000227083	0.3994
-81.0	276.367	0.000271009	0.3259
-76.5	276.367	0.00124856	0.6425
-72.0	276.367	0.00110954	0.6571
-67.5	276.367	0.00278681	0.5542
-63.0	276.367	0.0022635	0.6837
-58.5	276.367	0.00629966	0.6017
-54.0	276.367	0.00185917	0.6445
-49.5	276.367	0.000351737	0.3046
-45.0	276.367	0.0014394	0.4532
-40.5	276.367	0.00130881	0.8722
-36.0	276.367	0.000277998	0.3324
-31.5	276.367	0.00244606	0.547
-27.0	276.367	0.000962195	0.4228
-22.5	276.367	0.00165566	0.6877
-18.0	276.367	0.00163687	0.6823
-13.5	276.367	0.00396294	0.5296
-9.0	276.367	0.00221538	0.6297
-4.5	276.367	0.00423862	0.6969
0.0	276.367	0.000961673	0.5156
4.5	276.367	0.00142788	0.6359
9.0	276.367	0.00204343	0.7339
13.5	276.367	0.00235267	0.8614
18.0	276.367	0.00176117	0.5799
22.5	276.367	0.0019531	0.8152
27.0	276.367	0.00017111	0.3807
31.5	276.367	0.00316376	0.886
36.0	276.367	0.000204403	0.3535
40.5	276.367	0.00181013	0.8311
45.0	276.367	0.000327993	0.3706
49.5	276.367	0.000361594	0.3123
54.0	276.367	0.000500769	0.2439
58.5	276.367	0.000246447	0.3231
63.0	276.367	0.000933604	0.9052
67.5	276.367	0.00707401	0.5804
72.0	276.367	0.00249589	0.5564
76.5	276.367	0.00277561	0.925
81.0	276.367	0.000209756	0.5016
85.5	276.367	0.000190628	0.432
90.0	276.367	0.00222906	0.7206
94.5	276.367	0.00212086	0.6723
99.0	276.367	0.000410389	0.3098
103.5	276.367	0.000128407	0.514
108.0	276.367	0.000249014	0.3742
112.5	276.367	0.00130614	0.8694
117.0	276.367	0.00278624	0.8855
121.5	276.367	9.96471e-05	0.5066
126.0	276.367	0.0007341	0.5099
130.5	276.367	0.00362406	0.6814
135.0	276.367	0.00259058	0.8127
139.5	276.367	0.00055962	0.3876
144.0	276.367	0.00380264	0.7816
148.5	276.367	0.0027107	0.6724
153.0	276.367	0.000297622	0.3822
157.5	276.367	0.00130732	0.881
162.0	276.367	0.000243437	0.3713
166.5	276.367	0.000555242	0.7604
171.0	276.367	0.00016072	0.3716
175.5	276.367	0.00217759	0.6585
180.0	276.367	0.00294739	0.8788
184.5	276.367	0.00088998	0.9787
189.0	276.367	0.00384825	0.7333
193.5	276.367	0.00146326	0.823
198.0	276.367	0.000150436	0.4402
202.5	276.367	0.000210225	0.4791
207.0	276.367	6.71949e-05	0.561
211.5	276.367	0.000149201	0.4305
216.0	276.367	4.36097e-05	0.7939
220.5	276.367	0.00102826	0.768
225.0	276.367	0.000178547	0.548
229.5	276.367	0.000166398	0.451
234.0	276.367	0.000192254	0.4711
238.5	276.367	0.000571731	0.8375
243.0	276.367	0.000155246	0.4525
247.5	276.367	0.000171691	0.4125
252.0	276.367	0.000114497	0.4672
256.5	276.367	5.43847e-05	0.7104
261.0	276.367	0.00015388	0.4619
265.5	276.367	3.56084e-05	1.0
270.0	276.367	0.000266808	0.5757
274.5	276.367	0.000484639	0.9043
279.0	276.367	5.56897e-05	0.7224
283.5	276.367	3.50065e-05	0.8275
288.0	276.367	5.46846e-05	0.5954
292.5	276.367	2.93985e-05	0.7004
297.0	276.367	7.06285e-05	0.7176
301.5	276.367	8.64055e-05	0.6652
306.0	276.367	2.36614e-05	1.0
310.5	276.367	7.12506e-05	0.6001
315.0	276.367	0.0016574	0.9165
319.5	276.367	0.00219285	0.9378
324.0	276.367	0.00108873	0.6752
328.5	276.367	9.09323e-05	0.7434
333.0	276.367	0.0	0.0
337.5	276.367	0.000114489	0.6083
342.0	276.367	4.44794e-05	0.9421
346.5	276.367	0.000110123	0.7773
351.0	276.367	0.000411039	0.9543
355.5	276.367	3.61016e-05	1.0
360.0	276.367	8.83382e-05	0.7077
364.5	276.367	0.0	0.0
369.0	276.367	6.04369e-05	0.6571
373.5	276.367	1.85707e-05	1.0
378.0	276.367	0.000132467	0.7291
382.5	276.367	7.76667e-05	0.5936
387.0	276.367	8.68544e-05	0.8076
391.5	276.367	0.000103633	0.6135
396.0	276.367	5.15531e-06	1.0
400.5	276.367	3.15836e-05	1.0
405.0	276.367	7.8577e-06	1.0
409.5	276.367	0.000257133	0.8998
414.0	276.367	0.000198691	0.7604
418.5	276.367	5.30948e-05	0.6611
423.0	276.367	4.29358e-05	0.7326
427.5	276.367	2.42951e-05	0.9192
432.0	276.367	0.0	0.0
436.5	276.367	1.94836e-05	1.0
441.0	276.367	8.916e-05	0.6522
445.5	276.367	7.85765e-05	0.8661
-450.0	278.933	2.2659e-05	0.7095
-445.5	278.933	2.87281e-05	1.0
-441.0	278.933	7.91919e-06	1.0
-436.5	278.933	2.23864e-05	1.0
-432.0	278.933	1.50795e-05	1.0
-427.5	278.933	3.79013e-05	1.0
-423.0	278.933	3.0183e-05	0.7571
-418.5	278.933	0.0	0.0
-414.0	278.933	4.89553e-05	1.0
-409.5	278.933	0.0	0.0
-405.0	278.933	6.33354e-06	1.0
-400.5	278.933	0.00109587	1.0
-396.0	278.933	0.000867528	1.0
-391.5	278.933	0.000654846	0.9371
-387.0	278.933	8.315e-05	0.7629
-382.5	278.933	1.45191e-06	1.0
-378.0	278.933	0.0	0.0
-373.5	278.933	3.92086e-05	0.9356
-369.0	278.933	3.8451e-05	0.7673
-364.5	278.933	9.24877e-06	1.0
-360.0	278.933	1.44531e-05	0.7846
-355.5	278.933	4.73581e-05	0.8095
-351.0	278.933	3.6167e-05	1.0
-346.5	278.933	0.0	0.0
-342.0	278.933	0.000602785	0.9497
-337.5	278.933	0.000256912	0.9098
-333.0	278.933	0.0	0.0
-328.5	278.933	0.000118123	0.522
-324.0	278.933	3.03134e-05	0.9194
-319.5	278.933	3.72335e-05	0.7994
-315.0	278.933	0.000123575	0.4787
-310.5	278.933	0.000177478	0.4481
-306.0	278.933	0.00181213	0.9623
-301.5	278.933	0.000191249	0.4326
-297.0	278.933	0.000139365	0.4525
-292.5	278.933	0.000110539	0.5113
-288.0	278.933	0.000249856	0.6742
-283.5	278.933	5.57133e-05	0.6623
-279.0	278.933	9.89135e-05	0.4996
-274.5	278.933	0.000189805	0.4586
-270.0	278.933	0.000180039	0.3956
-265.5	278.933	7.30743e-05	0.5726
-261.0	278.933	0.00047085	0.919
-256.5	278.933	0.000492777	0.9319
-252.0	278.933	1.27997e-06	1.0
-247.5	278.933	0.000294736	0.7806
-243.0	278.933	0.00158295	0.5811
-238.5	278.933	0.00285038	0.6811
-234.0	278.933	8.4117e-05	0.578
-229.5	278.933	4.48313e-05	0.6844
-225.0	278.933	9.41709e-05	0.5328
-220.5	278.933	0.00210895	0.7103
-216.0	278.933	0.00765476	0.6542
-211.5	278.933	0.000210648	0.3669
-207.0	278.933	0.00279001	0.9571
-202.5	278.933	0.00077119	0.5567
-198.0	278.933	8.00903e-05	0.5691
-193.5	278.933	0.000412882	0.4424
-189.0	278.933	0.000178854	0.428
-184.5	278.933	0.000188724	0.4133
-180.0	278.933	0.00019089	0.4604
-175.5	278.933	0.000148493	0.4733
-171.0	278.933	0.000312883	0.3954
-166.5	278.933	0.00237219	0.8806
-162.0	278.933	0.000529737	0.6415
-157.5	278.933	0.00100459	0.6346
-153.0	278.933	0.0024031	0.6385
-148.5	278.933	0.00142248	0.5895
-144.0	278.933	0.000345701	0.3272
-139.5	278.933	0.000903867	0.7206
-135.0	278.933	0.00018894	0.4269
-130.5	278.933	0.000279493	0.3418
-126.0	278.933	0.00081897	0.5061
-121.5	278.933	0.00345812	0.8404
-117.0	278.933	0.00196026	0.6128
-112.5	278.933	0.000257329	0.38
-108.0	278.933	0.00428117	0.6469
-103.5	278.933	0.00395975	0.8774
-99.0	278.933	0.00034594	0.3071
-94.5	278.933	0.00269341	0.6338
-90.0	278.933	0.000109974	0.4312
-85.5	278.933	0.000508255	0.4587
-81.0	278.933	0.00149035	0.6833
-76.5	278.933	0.00265632	0.7157
-72.0	278.933	0.000377151	0.3188
-67.5	278.933	0.000772144	0.6641
-63.0	278.933	0.00548463	0.5965
-58.5	278.933	0.00448914	0.75
-54.0	278.933	0.00259504	0.6632
-49.5	278.933	0.00274349	0.7211
-45.0	278.933	0.00280491	0.5675
-40.5	278.933	0.0013245	0.8622
-36.0	278.933	0.000154609	0.3814
-31.5	278.933	0.00125787	0.6603
-27.0	278.933	0.0027061	0.8097
-22.5	278.933	0.0020782	0.5972
-18.0	278.933	0.00164095	0.6416
-13.5	278.933	0.00385842	0.4612
-9.0	278.933	0.00421478	0.499
-4.5	278.933	0.00277122	0.9275
0.0	278.933	0.000990179	0.6687
4.5	278.933	0.00233491	0.6449
9.0	278.933	0.00283133	0.5943
13.5	278.933	0.000964514	0.8219
18.0	278.933	0.00248915	0.8907
22.5	278.933	0.00236274	0.7082
27.0	278.933	0.000783436	0.7772
31.5	278.933	0.00250888	0.8766
36.0	278.933	0.00102007	0.6926
40.5	278.933	0.000364298	0.2851
45.0	278.933	0.000857127	0.7131
49.5	278.933	0.000300287	0.3259
54.0	278.933	0.000483231	0.2606
58.5	278.933	0.00166959	0.8563
63.0	278.933	0.000198496	0.3793
67.5	278.933	0.00527442	0.6903
72.0	278.933	0.00384649	0.6176
76.5	278.933	0.00212254	0.8455
81.0	278.933	0.00200826	0.9035
85.5	278.933	0.000194376	0.3771
90.0	278.933	0.000559075	0.7201
94.5	278.933	0.00369966	0.6128
99.0	278.933	0.00396063	0.8647
103.5	278.933	0.00103153	0.8492
108.0	278.933	0.0016295	0.6413
112.5	278.933	0.0014178	0.8318
117.0	278.933	0.00256283	0.9619
121.5	278.933	0.000201312	0.3749
126.0	278.933	0.000311803	0.292
130.5	278.933	0.000164513	0.4213
135.0	278.933	0.00180329	0.9736
139.5	278.933	0.00148219	0.5608
144.0	278.933	0.00342831	0.5601
148.5	278.933	0.00402505	0.6775
153.0	278.933	0.000100631	0.5369
157.5	278.933	0.000243538	0.3228
162.0	278.933	0.000238043	0.4329
166.5	278.933	0.000906904	0.8807
171.0	278.933	0.00014497	0.4723
175.5	278.933	0.00138087	0.9307
180.0	278.933	0.000190618	0.4476
184.5	278.933	0.00356513	0.9701
189.0	278.933	0.000899623	0.8798
193.5	278.933	0.00309809	0.6028
198.0	278.933	0.000185195	0.414
202.5	278.933	0.000329552	0.4382
207.0	278.933	0.000355848	0.3506
211.5	278.933	0.00208796	0.9314
216.0	278.933	3.29343e-05	1.0
220.5	278.933	0.000855073	0.775
225.0	278.933	0.000185385	0.5149
229.5	278.933	0.000178367	0.4515
234.0	278.933	0.000270432	0.4821
238.5	278.933	0.000113127	0.5651
243.0	278.933	0.000221768	0.3944
247.5	278.933	0.00024208	0.4204
252.0	278.933	5.65475e-05	0.8262
256.5	278.933	0.0016008	0.9169
261.0	278.933	0.000192628	0.4548
265.5	278.933	4.45143e-05	0.8382
270.0	278.933	0.00118818	0.9268
274.5	278.933	0.000289077	0.7654
279.0	278.933	0.000415216	0.8551
283.5	278.933	0.000265344	0.897
288.0	278.933	0.000105457	0.4561
292.5	278.933	9.58068e-05	0.5996
297.0	278.933	4.7712e-05	0.708
301.5	278.933	7.2601e-05	0.5145
306.0	278.933	8.57214e-05	0.7635
310.5	278.933	3.449e-05	1.0
315.0	278.933	4.6434e-05	0.8928
319.5	278.933	0.000490981	0.6357
324.0	278.933	0.00174916	0.8846
328.5	278.933	0.00113964	0.9609
333.0	278.933	1.9737e-05	1.0
337.5	278.933	0.0	0.0
342.0	278.933	0.000127883	0.5643
346.5	278.933	7.89162e-05	0.6305
351.0	278.933	0.000694419	0.7514
355.5	278.933	0.00025714	1.0
360.0	278.933	3.79673e-05	0.9651
364.5	278.933	9.37843e-05	0.6575
369.0	278.933	3.21705e-05	1.0
373.5	278.933	5.48754e-05	0.7362
378.0	278.933	3.0219e-05	1.0
382.5	278.933	0.000154299	0.7176
387.0	278.933	0.000104293	0.6782
391.5	278.933	0.000116402	0.7199
396.0	278.933	2.73338e-05	0.7285
400.5	278.933	2.31767e-05	1.0
405.0	278.933	7.10883e-05	0.6403
409.5	278.933	1.30873e-05	1.0
414.0	278.933	4.22381e-05	0.7498
418.5	278.933	6.11257e-06	0.7241
423.0	278.933	3.48972e-05	0.777
427.5	278.933	4.90021e-05	0.9741
432.0	278.933	0.0	0.0
436.5	278.933	3.01532e-05	0.5821
441.0	278.933	2.28962e-05	0.8532
445.5	278.933	3.91173e-05	1.0
-450.0	281.5	3.39834e-05	0.713
-445.5	281.5	8.12738e-05	0.691
-441.0	281.5	3.47396e-05	1.0
-436.5	281.5	0.0	0.0
-432.0	281.5	0.0	0.0
-427.5	281.5	3.95478e-05	1.0
-423.0	281.5	3.23545e-05	0.8267
-418.5	281.5	0.0	0.0
-414.0	281.5	2.48292e-06	1.0
-409.5	281.5	4.72079e-05	1.0
-405.0	281.5	0.000624156	0.9631
-400.5	281.5	2.28183e-05	1.0
-396.0	281.5	6.04844e-05	1.0
-391.5	281.5	8.96582e-05	0.5673
-387.0	281.5	2.53075e-05	1.0
-382.5	281.5	6.40356e-05	1.0
-378.0	281.5	1.77207e-05	1.0
-373.5	281.5	2.10211e-05	0.776
-369.0	281.5	2.73243e-05	1.0
-364.5	281.5	0.00158982	0.9861
-360.0	281.5	6.70461e-05	0.7088
-355.5	281.5	7.34797e-05	0.5828
-351.0	281.5	0.000159776	0.5522
-346.5	281.5	0.000986741	1.0
-342.0	281.5	0.0	0.0
-337.5	281.5	2.18e-05	1.0
-333.0	281.5	5.855e-05	0.6032
-328.5	281.5	0.000105393	0.5351
-324.0	281.5	5.51352e-05	0.6161
-319.5	281.5	7.99765e-05	0.6051
-315.0	281.5	3.60832e-05	0.736
-310.5	281.5	0.000118939	0.7028
-306.0	281.5	0.000146571	0.4443
-301.5	281.5	0.000138754	0.4914
-297.0	281.5	0.000191337	0.4446
-292.5	281.5	0.000243876	0.6201
-288.0	281.5	0.000967639	0.9007
-283.5	281.5	6.97847e-05	0.6428
-279.0	281.5	8.40824e-05	0.5346
-274.5	281.5	0.000212979	0.4387
-270.0	281.5	0.000106171	0.4701
-265.5	281.5	4.93599e-05	0.9159
-261.0	281.5	0.000119042	0.6173
-256.5	281.5	0.000168249	0.5715
-252.0	281.5	7.47216e-05	0.6519
-247.5	281.5	0.00103514	0.9179
-243.0	281.5	0.000105582	0.4595
-238.5	281.5	0.000441699	0.5901
-234.0	281.5	0.00133526	0.9595
-229.5	281.5	0.000566885	0.66
-225.0	281.5	0.00168426	0.7436
-220.5	281.5	0.00484904	0.684
-216.0	281.5	0.000942914	0.8681
-211.5	281.5	0.000212273	0.6682
-207.0	281.5	0.00232259	0.6913
-202.5	281.5	0.000225674	0.3925
-198.0	281.5	0.000264656	0.3357
-193.5	281.5	0.000268308	0.4396
-189.0	281.5	0.000147609	0.4886
-184.5	281.5	5.9365e-05	0.7311
-180.0	281.5	0.000163256	0.4783
-175.5	281.5	0.00113696	0.7007
-171.0	281.5	0.000352195	0.3956
-166.5	281.5	0.000377692	0.5892
-162.0	281.5	0.000274718	0.3627
-157.5	281.5	0.00252434	0.6907
-153.0	281.5	0.00243554	0.6596
-148.5	281.5	0.000206391	0.3653
-144.0	281.5	0.000264936	0.3871
-139.5	281.5	0.000297965	0.366
-135.0	281.5	0.000223933	0.4166
-130.5	281.5	0.000342236	0.2968
-126.0	281.5	0.00227937	0.7783
-121.5	281.5	0.0025598	0.622
-117.0	281.5	0.0011879	0.7382
-112.5	281.5	0.00101971	0.7542
-108.0	281.5	0.00463338	0.6474
-103.5	281.5	0.000268095	0.2784
-99.0	281.5	0.000246696	0.3936
-94.5	281.5	0.0034987	0.5469
-90.0	281.5	0.000827065	0.6147
-85.5	281.5	0.000752141	0.4555
-81.0	281.5	0.00117976	0.5286
-76.5	281.5	0.00446412	0.6548
-72.0	281.5	0.000242601	0.3746
-67.5	281.5	0.00197457	0.9097
-63.0	281.5	0.00348334	0.6593
-58.5	281.5	0.00316542	0.6097
-54.0	281.5	0.00161195	0.8125
-49.5	281.5	0.000901766	0.7058
-45.0	281.5	0.00298291	0.5386
-40.5	281.5	0.00137363	0.8314
-36.0	281.5	0.0023002	0.575
-31.5	281.5	0.000974948	0.8402
-27.0	281.5	0.00503394	0.5132
-22.5	281.5	0.00301854	0.5415
-18.0	281.5	0.00159129	0.5814
-13.5	281.5	0.0028094	0.624
-9.0	281.5	0.00466053	0.5753
-4.5	281.5	0.00359607	0.7447
0.0	281.5	0.00418007	0.636
4.5	281.5	0.00118272	0.7504
9.0	281.5	0.000885041	0.506
13.5	281.5	0.00129317	0.6295
18.0	281.5	0.00213008	0.8237
22.5	281.5	0.00184279	0.8632
27.0	281.5	0.00297132	0.943
31.5	281.5	0.000368091	0.3381
36.0	281.5	0.000225602	0.3917
40.5	281.5	0.000289209	0.3023
45.0	281.5	0.00357475	0.6512
49.5	281.5	0.00107019	0.663
54.0	281.5	0.000380315	0.3172
58.5	281.5	0.000285639	0.3318
63.0	281.5	0.000196058	0.3596
67.5	281.5	0.00342028	0.8084
72.0	281.5	0.00331303	0.6724
76.5	281.5	0.00269629	0.4792
81.0	281.5	0.00119162	0.6228
85.5	281.5	0.00163398	0.8301
90.0	281.5	0.000686926	0.7129
94.5	281.5	0.00259654	0.6249
99.0	281.5	0.000807931	0.4596
103.5	281.5	0.000336489	0.3858
108.0	281.5	0.000853385	0.842
112.5	281.5	0.00143391	0.8231
117.0	281.5	0.00262608	0.939
121.5	281.5	0.00128276	0.7283
126.0	281.5	0.000246411	0.3359
130.5	281.5	0.000104356	0.5007
135.0	281.5	0.0013758	0.9201
139.5	281.5	0.000852904	0.6626
144.0	281.5	0.000432861	0.3463
148.5	281.5	0.00514637	0.6361
153.0	281.5	0.00112012	0.6738
157.5	281.5	0.000275076	0.3668
162.0	281.5	0.000112877	0.4349
166.5	281.5	0.000892655	0.8921
171.0	281.5	0.000131019	0.5242
175.5	281.5	0.00157252	0.8229
180.0	281.5	0.000172296	0.3998
184.5	281.5	0.000236578	0.5056
189.0	281.5	0.00213479	0.7054
193.5	281.5	0.00206956	0.6789
198.0	281.5	9.68754e-05	0.5674
202.5	281.5	0.00105733	0.8861
207.0	281.5	0.000338188	0.4725
211.5	281.5	0.00062583	0.7565
216.0	281.5	8.1045e-05	0.56
220.5	281.5	0.000106753	0.4873
225.0	281.5	0.000209276	0.445
229.5	281.5	0.000100762	0.5595
234.0	281.5	7.48555e-05	0.5511
238.5	281.5	5.1794e-05	0.8952
243.0	281.5	0.000148187	0.4416
247.5	281.5	0.000128688	0.4163
252.0	281.5	0.000440872	0.7766
256.5	281.5	0.000103369	0.5156
261.0	281.5	0.000134482	0.4368
265.5	281.5	4.2929e-05	0.6911
270.0	281.5	0.0022477	0.9759
274.5	281.5	0.000186588	0.3844
279.0	281.5	0.00030793	0.9718
283.5	281.5	0.00028801	0.9392
288.0	281.5	0.00012213	0.562
292.5	281.5	2.33917e-05	0.7406
297.0	281.5	2.50481e-05	1.0
301.5	281.5	0.000163594	0.4089
306.0	281.5	0.000108405	0.5051
310.5	281.5	8.09808e-05	0.5594
315.0	281.5	1.71061e-05	0.7074
319.5	281.5	8.86629e-05	0.5689
324.0	281.5	0.000159339	0.77
328.5	281.5	0.0010568	0.9728
333.0	281.5	0.000491103	0.922
337.5	281.5	3.23956e-05	0.8543
342.0	281.5	4.93142e-05	0.8039
346.5	281.5	0.00012261	0.4678
351.0	281.5	0.00051375	0.9206
355.5	281.5	0.00104921	0.9952
360.0	281.5	0.00347267	0.7032
364.5	281.5	7.9519e-05	0.7086
369.0	281.5	4.49208e-05	1.0
373.5	281.5	1.0237e-05	1.0
378.0	281.5	0.0	0.0
382.5	281.5	0.0	0.0
387.0	281.5	0.0	0.0
391.5	281.5	0.0	0.0
396.0	281.5	0.000118124	0.6808
400.5	281.5	8.67055e-05	0.6866
405.0	281.5	7.60271e-05	0.978
409.5	281.5	3.77469e-05	1.0
414.0	281.5	4.30791e-05	0.9067
418.5	281.5	4.07518e-05	0.7172
423.0	281.5	7.02992e-05	0.7216
427.5	281.5	2.96904e-05	0.9626
432.0	281.5	2.07347e-05	1.0
436.5	281.5	3.66934e-05	0.7248
441.0	281.5	3.76574e-05	0.5975
445.5	281.5	0.000427728	0.8816
-450.0	284.067	0.000214332	0.8675
-445.5	284.067	1.88775e-05	1.0
-441.0	284.067	1.79638e-05	1.0
-436.5	284.067	3.67573e-06	1.0
-432.0	284.067	0.000120254	0.7125
-427.5	284.067	7.56016e-05	0.5893
-423.0	284.067	1.78764e-05	1.0
-418.5	284.067	3.58588e-05	1.0
-414.0	284.067	0.00130863	1.0
-409.5	284.067	0.00184989	0.9873
-405.0	284.067	3.93648e-05	0.836
-400.5	284.067	3.76661e-05	1.0
-396.0	284.067	2.34991e-07	1.0
-391.5	284.067	0.000712902	0.9974
-387.0	284.067	8.1148e-05	0.5845
-382.5	284.067	4.40151e-05	0.6276
-378.0	284.067	2.06546e-05	0.8724
-373.5	284.067	2.9444e-05	1.0
-369.0	284.067	3.71034e-05	0.7822
-364.5	284.067	7.15423e-05	0.7354
-360.0	284.067	1.37409e-05	0.79
-355.5	284.067	5.96031e-05	1.0
-351.0	284.067	4.74796e-05	0.7117
-346.5	284.067	2.41936e-05	1.0
-342.0	284.067	0.0	0.0
-337.5	284.067	0.0	0.0
-333.0	284.067	0.0	0.0
-328.5	284.067	2.15558e-05	1.0
-324.0	284.067	6.38964e-05	0.6128
-319.5	284.067	8.42622e-05	0.5382
-315.0	284.067	2.10558e-05	0.7833
-310.5	284.067	0.000163743	0.5387
-306.0	284.067	2.64593e-05	0.9264
-301.5	284.067	0.000112159	0.4504
-297.0	284.067	0.000156501	0.7398
-292.5	284.067	7.04278e-05	0.5299
-288.0	284.067	0.000127204	0.5094
-283.5	284.067	4.72918e-05	0.8491
-279.0	284.067	0.000228444	0.6948
-274.5	284.067	0.00239342	0.9449
-270.0	284.067	0.000135862	0.4692
-265.5	284.067	0.000146301	0.4518
-261.0	284.067	0.000185238	0.6913
-256.5	284.067	0.000308729	0.7245
-252.0	284.067	0.000172582	0.593
-247.5	284.067	0.00112642	0.7623
-243.0	284.067	0.000163381	0.463
-238.5	284.067	0.000377836	0.563
-234.0	284.067	8.74791e-05	0.6294
-229.5	284.067	0.0	0.0
-225.0	284.067	0.00316713	0.756
-220.5	284.067	0.00282337	0.7155
-216.0	284.067	0.000113026	0.4504
-211.5	284.067	0.00216915	0.924
-207.0	284.067	0.000293881	0.7133
-202.5	284.067	0.000360683	0.3123
-198.0	284.067	0.00106923	0.8378
-193.5	284.067	0.00237055	0.8763
-189.0	284.067	0.000157055	0.4328
-184.5	284.067	0.0002038	0.4434
-180.0	284.067	0.00296886	0.8668
-175.5	284.067	0.00116061	0.5551
-171.0	284.067	0.000218449	0.3861
-166.5	284.067	0.000629398	0.4869
-162.0	284.067	0.00094745	0.7537
-157.5	284.067	0.00222793	0.7515
-153.0	284.067	0.00235794	0.72
-148.5	284.067	0.000220802	0.3666
-144.0	284.067	0.000350554	0.3687
-139.5	284.067	0.000331525	0.3407
-135.0	284.067	0.000216736	0.3484
-130.5	284.067	0.000441149	0.6319
-126.0	284.067	0.00270277	0.6385
-121.5	284.067	0.000142668	0.3951
-117.0	284.067	0.00117681	0.4895
-112.5	284.067	0.000398197	0.2965
-108.0	284.067	0.0025268	0.843
-103.5	284.067	0.000492133	0.5658
-99.0	284.067	0.000787851	0.6443
-94.5	284.067	0.00161787	0.8693
-90.0	284.067	0.000421652	0.322
-85.5	284.067	0.00105235	0.5547
-81.0	284.067	0.00280978	0.7043
-76.5	284.067	0.00397098	0.6741
-72.0	284.067	0.00035369	0.2849
-67.5	284.067	0.00040899	0.647
-63.0	284.067	0.000435399	0.2719
-58.5	284.067	0.00503088	0.5375
-54.0	284.067	0.000304695	0.2992
-49.5	284.067	0.00252792	0.9009
-45.0	284.067	0.00271817	0.5853
-40.5	284.067	0.00146207	0.7817
-36.0	284.067	0.00479038	0.6077
-31.5	284.067	0.00319414	0.655
-27.0	284.067	0.00350114	0.5087
-22.5	284.067	0.00297483	0.597
-18.0	284.067	0.000565584	0.4693
-13.5	284.067	0.00168546	0.7708
-9.0	284.067	0.00493436	0.5523
-4.5	284.067	0.0038468	0.7153
0.0	284.067	0.0005346	0.2589
4.5	284.067	0.00124579	0.7137
9.0	284.067	0.00246454	0.6246
13.5	284.067	0.00250318	0.5392
18.0	284.067	0.000699909	0.5923
22.5	284.067	0.00203328	0.7886
27.0	284.067	0.00160908	0.6071
31.5	284.067	0.000873634	0.6296
36.0	284.067	0.00335903	0.6671
40.5	284.067	0.000161468	0.3904
45.0	284.067	0.00244652	0.6197
49.5	284.067	0.00171205	0.6251
54.0	284.067	0.000821025	0.5022
58.5	284.067	0.00321076	0.6578
63.0	284.067	0.00221958	0.757
67.5	284.067	0.000762302	0.6829
72.0	284.067	0.00319097	0.7098
76.5	284.067	0.000652508	0.6111
81.0	284.067	0.00428104	0.6738
85.5	284.067	0.000228099	0.3193
90.0	284.067	0.000402639	0.4141
94.5	284.067	0.00181382	0.6228
99.0	284.067	0.00279573	0.6171
103.5	284.067	0.00345838	0.676
108.0	284.067	0.00189301	0.6605
112.5	284.067	0.00319483	0.8097
117.0	284.067	0.00347026	0.7387
121.5	284.067	0.000226878	0.438
126.0	284.067	0.00119999	0.8539
130.5	284.067	0.00023973	0.5346
135.0	284.067	0.000119244	0.476
139.5	284.067	0.00120078	0.6218
144.0	284.067	0.00224535	0.6277
148.5	284.067	0.00443718	0.606
153.0	284.067	0.00450499	0.6809
157.5	284.067	0.000110527	0.428
162.0	284.067	0.000201584	0.3611
166.5	284.067	0.000188642	0.4885
171.0	284.067	0.000198309	0.4171
175.5	284.067	0.00388632	0.6908
180.0	284.067	0.00342536	0.9752
184.5	284.067	0.000966391	0.6939
189.0	284.067	0.000192736	0.3742
193.5	284.067	0.00132893	0.9021
198.0	284.067	0.00011489	0.5645
202.5	284.067	0.00117229	0.7787
207.0	284.067	0.000673157	0.6027
211.5	284.067	0.0004397	0.6344
216.0	284.067	0.000351509	0.4539
220.5	284.067	0.000148833	0.4166
225.0	284.067	0.000168468	0.4484
229.5	284.067	1.69404e-05	1.0
234.0	284.067	0.000112224	0.547
238.5	284.067	0.000106369	0.7229
243.0	284.067	0.00194228	0.9056
247.5	284.067	0.000774526	0.8823
252.0	284.067	0.000461569	0.6027
256.5	284.067	0.000541379	0.9814
261.0	284.067	3.90606e-05	1.0
265.5	284.067	0.000215228	0.4087
270.0	284.067	0.00203428	0.9779
274.5	284.067	5.77285e-05	0.5156
279.0	284.067	0.000175925	0.4402
283.5	284.067	0.000461747	0.7002
288.0	284.067	0.000119725	0.5154
292.5	284.067	5.24762e-05	0.7096
297.0	284.067	2.50481e-05	1.0
301.5	284.067	4.5335e-05	0.7009
306.0	284.067	0.00142674	0.9143
310.5	284.067	0.00137818	0.8679
315.0	284.067	5.76993e-05	0.7107
319.5	284.067	6.5133e-06	1.0
324.0	284.067	5.39082e-05	1.0
328.5	284.067	6.80305e-05	1.0
333.0	284.067	2.31815e-05	1.0
337.5	284.067	0.000152202	0.4366
342.0	284.067	6.40749e-05	0.7349
346.5	284.067	0.00127112	0.9443
351.0	284.067	0.00164165	0.9745
355.5	284.067	0.000962039	0.6335
360.0	284.067	0.00196662	0.9805
364.5	284.067	2.11559e-05	0.8728
369.0	284.067	3.00495e-05	1.0
373.5	284.067	3.06259e-05	1.0
378.0	284.067	2.8863e-05	1.0
382.5	284.067	0.0	0.0
387.0	284.067	2.7703e-05	1.0
391.5	284.067	0.0	0.0
396.0	284.067	0.00272377	1.0
400.5	284.067	6.19421e-05	1.0
405.0	284.067	3.77585e-05	0.7616
409.5	284.067	1.12466e-05	1.0
414.0	284.067	8.47731e-05	0.5822
418.5	284.067	2.1038e-05	0.7754
423.0	284.067	0.0	0.0
427.5	284.067	4.19552e-06	1.0
432.0	284.067	1.37838e-05	1.0
436.5	284.067	0.0	0.0
441.0	284.067	0.000624222	0.8916
445.5	284.067	3.52135e-05	0.7974
-450.0	286.633	3.40657e-05	1.0
-445.5	286.633	2.64824e-05	1.0
-441.0	286.633	0.00323201	0.9888
-436.5	286.633	7.68779e-05	1.0
-432.0	286.633	7.2085e-05	1.0
-427.5	286.633	3.38361e-05	1.0
-423.0	286.633	2.76134e-05	1.0
-418.5	286.633	0.0	0.0
-414.0	286.633	0.0	0.0
-409.5	286.633	1.67109e-05	1.0
-405.0	286.633	0.0	0.0
-400.5	286.633	4.04915e-05	1.0
-396.0	286.633	5.31198e-05	0.7586
-391.5	286.633	4.97011e-05	0.8207
-387.0	286.633	0.00176749	0.9679
-382.5	286.633	0.00107139	0.9337
-378.0	286.633	0.0	0.0
-373.5	286.633	0.000118768	0.5618
-369.0	286.633	7.90356e-05	0.5843
-364.5	286.633	2.80095e-05	1.0
-360.0	286.633	0.0	0.0
-355.5	286.633	3.02241e-05	1.0
-351.0	286.633	1.47848e-06	1.0
-346.5	286.633	0.0	0.0
-342.0	286.633	9.08895e-06	1.0
-337.5	286.633	1.60758e-05	0.9657
-333.0	286.633	0.0	0.0
-328.5	286.633	1.41045e-05	1.0
-324.0	286.633	8.56154e-05	0.5861
-319.5	286.633	7.65364e-05	0.5629
-315.0	286.633	7.71523e-05	0.7103
-310.5	286.633	1.24891e-05	0.7526
-306.0	286.633	0.000120654	0.5565
-301.5	286.633	9.9261e-05	0.4873
-297.0	286.633	8.35812e-05	0.5755
-292.5	286.633	4.54248e-05	0.7142
-288.0	286.633	8.81676e-05	0.7788
-283.5	286.633	0.000592146	0.8283
-279.0	286.633	8.24348e-05	0.7108
-274.5	286.633	0.00109203	1.0
-270.0	286.633	8.73478e-05	0.5091
-265.5	286.633	0.000383245	0.4093
-261.0	286.633	5.58017e-05	0.6214
-256.5	286.633	0.00030219	0.7352
-252.0	286.633	0.00108823	0.8747
-247.5	286.633	0.000107024	0.5649
-243.0	286.633	0.000723851	0.8118
-238.5	286.633	0.00011739	0.4812
-234.0	286.633	1.51244e-05	0.7287
-229.5	286.633	0.00159087	0.9292
-225.0	286.633	0.000154649	0.4269
-220.5	286.633	0.000330474	0.8972
-216.0	286.633	0.000103801	0.4541
-211.5	286.633	0.00318998	0.715
-207.0	286.633	0.00111776	0.8574
-202.5	286.633	0.000300292	0.4303
-198.0	286.633	0.00272924	0.7274
-193.5	286.633	0.00190282	0.662
-189.0	286.633	0.000163925	0.394
-184.5	286.633	0.00174741	0.8478
-180.0	286.633	0.00191546	0.93
-175.5	286.633	0.00144501	0.8936
-171.0	286.633	0.000169425	0.3934
-166.5	286.633	0.000685686	0.5099
-162.0	286.633	0.000259809	0.3474
-157.5	286.633	0.00354016	0.4834
-153.0	286.633	0.00178319	0.8521
-148.5	286.633	0.000407268	0.2697
-144.0	286.633	0.00276517	0.8975
-139.5	286.633	0.000579483	0.4088
-135.0	286.633	0.000167036	0.4385
-130.5	286.633	0.000197243	0.3692
-126.0	286.633	0.000300006	0.3451
-121.5	286.633	0.000230859	0.3804
-117.0	286.633	0.000483733	0.2817
-112.5	286.633	0.00025899	0.3481
-108.0	286.633	0.00231411	0.9182
-103.5	286.633	0.000179442	0.3427
-99.0	286.633	0.00136965	0.7494
-94.5	286.633	0.00193882	0.7475
-90.0	286.633	0.000855029	0.3991
-85.5	286.633	0.000691182	0.5362
-81.0	286.633	0.000754848	0.7546
-76.5	286.633	0.00886789	0.4376
-72.0	286.633	0.00129701	0.8337
-67.5	286.633	0.00219601	0.687
-63.0	286.633	0.00387985	0.6198
-58.5	286.633	0.00307099	0.6187
-54.0	286.633	0.00145143	0.8189
-49.5	286.633	0.00166644	0.4237
-45.0	286.633	0.00234766	0.5706
-40.5	286.633	0.00173518	0.6123
-36.0	286.633	0.000990531	0.7984
-31.5	286.633	0.00559874	0.507
-27.0	286.633	0.000515663	0.2611
-22.5	286.633	0.000384361	0.3306
-18.0	286.633	0.000485896	0.4077
-13.5	286.633	0.00165832	0.7827
-9.0	286.633	0.00406449	0.466
-4.5	286.633	0.00347541	0.6381
0.0	286.633	0.000251048	0.3234
4.5	286.633	0.000896278	0.7665
9.0	286.633	0.00283328	0.6134
13.5	286.633	0.000990487	0.4662
18.0	286.633	0.000523957	0.3524
22.5	286.633	0.00186186	0.8549
27.0	286.633	0.00258271	0.7623
31.5	286.633	0.00230363	0.6868
36.0	286.633	0.000449864	0.4367
40.5	286.633	0.0037601	0.5342
45.0	286.633	0.00105515	0.7862
49.5	286.633	0.00382544	0.6915
54.0	286.633	0.00365809	0.8712
58.5	286.633	0.000290683	0.3437
63.0	286.633	0.00261893	0.8196
67.5	286.633	0.000212453	0.3512
72.0	286.633	0.00307444	0.7203
76.5	286.633	0.000504891	0.3894
81.0	286.633	0.00083055	0.8147
85.5	286.633	0.00397994	0.6857
90.0	286.633	0.000831613	0.5071
94.5	286.633	0.00137161	0.6768
99.0	286.633	0.00291775	0.6489
103.5	286.633	0.00136639	0.7137
108.0	286.633	0.000714427	0.6628
112.5	286.633	0.00025157	0.3272
117.0	286.633	0.00473056	0.6554
121.5	286.633	0.000652354	0.5474
126.0	286.633	0.000223643	0.3848
130.5	286.633	0.000307354	0.3547
135.0	286.633	0.000113217	0.4814
139.5	286.633	9.91836e-05	0.4215
144.0	286.633	0.000714173	0.7942
148.5	286.633	0.000321603	0.4582
153.0	286.633	0.00225018	0.7031
157.5	286.633	0.000714306	0.8165
162.0	286.633	0.000822604	0.892
166.5	286.633	7.9086e-05	0.5228
171.0	286.633	0.000376286	0.3931
175.5	286.633	0.00152399	0.6228
180.0	286.633	0.000558456	0.7673
184.5	286.633	0.00288056	0.9296
189.0	286.633	0.00440929	0.7715
193.5	286.633	0.00224058	0.7418
198.0	286.633	0.00136346	0.7304
202.5	286.633	0.000149028	0.4998
207.0	286.633	0.00021766	0.3417
211.5	286.633	0.000474092	0.5538
216.0	286.633	0.000171761	0.4357
220.5	286.633	0.00019757	0.4749
225.0	286.633	0.000117786	0.4715
229.5	286.633	8.43017e-05	0.5016
234.0	286.633	0.00135488	0.967
238.5	286.633	0.001706	0.8931
243.0	286.633	0.000529203	0.7667
247.5	286.633	0.00078798	0.8177
252.0	286.633	9.66273e-05	0.4741
256.5	286.633	8.47805e-05	0.5844
261.0	286.633	0.000403253	0.863
265.5	286.633	0.000136194	0.5009
270.0	286.633	0.00117192	0.9789
274.5	286.633	0.000123384	0.4638
279.0	286.633	0.000133847	0.4517
283.5	286.633	0.000232943	0.8341
288.0	286.633	0.000183733	0.4939
292.5	286.633	0.00028444	0.7441
297.0	286.633	5.75504e-05	0.6676
301.5	286.633	0.000129396	0.4657
306.0	286.633	0.000111838	0.4436
310.5	286.633	0.000119121	0.5079
315.0	286.633	0.000151817	0.4756
319.5	286.633	4.18388e-05	0.7569
324.0	286.633	5.11951e-05	0.7663
328.5	286.633	0.000138349	0.7903
333.0	286.633	7.36315e-05	0.8015
337.5	286.633	4.07568e-05	0.8548
342.0	286.633	7.41638e-05	0.6306
346.5	286.633	9.05592e-06	1.0
351.0	286.633	3.56856e-05	1.0
355.5	286.633	0.00186312	0.7844
360.0	286.633	0.00286056	0.9908
364.5	286.633	0.00183942	0.9348
369.0	286.633	9.2162e-05	0.6855
373.5	286.633	2.82576e-05	0.6456
378.0	286.633	7.28142e-05	1.0
382.5	286.633	4.04582e-05	1.0
387.0	286.633	0.0	0.0
391.5	286.633	0.0	0.0
396.0	286.633	3.39828e-05	0.867
400.5	286.633	3.88422e-05	1.0
405.0	286.633	6.64173e-05	0.7417
409.5	286.633	2.84093e-05	1.0
414.0	286.633	1.80512e-05	0.8426
418.5	286.633	3.42833e-05	1.0
423.0	286.633	2.76803e-05	1.0
427.5	286.633	1.54629e-05	1.0
432.0	286.633	8.30915e-06	1.0
436.5	286.633	0.0	0.0
441.0	286.633	0.00168194	0.9693
445.5	286.633	0.00123831	0.9553
-450.0	289.2	3.25169e-05	1.0
-445.5	289.2	3.99945e-05	0.7203
-441.0	289.2	3.41254e-05	0.9312
-436.5	289.2	0.000117279	1.0
-432.0	289.2	0.0	0.0
-427.5	289.2	0.0	0.0
-423.0	289.2	0.0	0.0
-418.5	289.2	0.0	0.0
-414.0	289.2	4.8876e-05	0.8653
-409.5	289.2	4.13524e-05	1.0
-405.0	289.2	4.24731e-05	1.0
-400.5	289.2	0.00103847	0.9574
-396.0	289.2	0.00352719	0.985
-391.5	289.2	0.000740337	0.9813
-387.0	289.2	0.0	0.0
-382.5	289.2	0.0028104	0.9888
-378.0	289.2	3.90504e-05	1.0
-373.5	289.2	9.3273e-05	0.4895
-369.0	289.2	0.000165613	0.4586
-364.5	289.2	8.00416e-06	1.0
-360.0	289.2	2.68861e-05	1.0
-355.5	289.2	0.000836063	0.9438
-351.0	289.2	3.64677e-05	1.0
-346.5	289.2	0.0	0.0
-342.0	289.2	1.05433e-05	1.0
-337.5	289.2	4.81292e-05	0.6212
-333.0	289.2	5.78971e-06	1.0
-328.5	289.2	4.62567e-05	0.7555
-324.0	289.2	0.00108032	0.9836
-319.5	289.2	0.000125961	0.667
-315.0	289.2	5.23205e-05	1.0
-310.5	289.2	5.50808e-05	0.7277
-306.0	289.2	0.000123722	0.4549
-301.5	289.2	0.00112457	0.9087
-297.0	289.2	0.000149992	0.4649
-292.5	289.2	8.27509e-05	0.6992
-288.0	289.2	6.61914e-05	0.5809
-283.5	289.2	0.000546547	0.783
-279.0	289.2	0.00016044	0.4787
-274.5	289.2	2.56642e-05	1.0
-270.0	289.2	0.000154712	0.5666
-265.5	289.2	0.000342981	0.3558
-261.0	289.2	8.0587e-05	0.5938
-256.5	289.2	0.000315886	0.7189
-252.0	289.2	0.000983911	0.965
-247.5	289.2	0.000154514	0.5055
-243.0	289.2	0.000186073	0.418
-238.5	289.2	0.000111765	0.4025
-234.0	289.2	0.00010307	0.5074
-229.5	289.2	0.000146059	0.5076
-225.0	289.2	0.000223989	0.6567
-220.5	289.2	0.000487604	0.8252
-216.0	289.2	0.00347317	0.6842
-211.5	289.2	0.00292252	0.8106
-207.0	289.2	0.000175405	0.4071
-202.5	289.2	0.00245337	0.9205
-198.0	289.2	0.00133536	0.7894
-193.5	289.2	0.00335537	0.501
-189.0	289.2	0.000679294	0.5804
-184.5	289.2	0.00304918	0.9428
-180.0	289.2	0.000879643	0.7077
-175.5	289.2	0.000139326	0.3948
-171.0	289.2	0.000404168	0.3617
-166.5	289.2	0.000682916	0.4646
-162.0	289.2	0.000139944	0.4216
-157.5	289.2	0.00117072	0.7071
-153.0	289.2	0.00416021	0.676
-148.5	289.2	0.000783975	0.7024
-144.0	289.2	0.000316724	0.3694
-139.5	289.2	0.000236903	0.4021
-135.0	289.2	0.00161447	0.8096
-130.5	289.2	0.00044101	0.3305
-126.0	289.2	0.000316803	0.3202
-121.5	289.2	0.00299126	0.9382
-117.0	289.2	0.000291784	0.362
-112.5	289.2	0.00130026	0.8069
-108.0	289.2	0.000652921	0.5462
-103.5	289.2	0.0026635	0.6897
-99.0	289.2	0.000169669	0.4537
-94.5	289.2	0.000960502	0.7682
-90.0	289.2	0.00201761	0.7825
-85.5	289.2	0.000523344	0.386
-81.0	289.2	0.00231788	0.7847
-76.5	289.2	0.0047128	0.5731
-72.0	289.2	0.00249975	0.5381
-67.5	289.2	0.00355474	0.5882
-63.0	289.2	0.000311255	0.4167
-58.5	289.2	0.00399297	0.5743
-54.0	289.2	0.00459718	0.6378
-49.5	289.2	0.00288788	0.5572
-45.0	289.2	0.00187365	0.5615
-40.5	289.2	0.00170718	0.6263
-36.0	289.2	0.00134121	0.5551
-31.5	289.2	0.00669596	0.5071
-27.0	289.2	0.000474163	0.4266
-22.5	289.2	0.00152822	0.7799
-18.0	289.2	0.00121816	0.6758
-13.5	289.2	0.00162516	0.8011
-9.0	289.2	0.00298432	0.6435
-4.5	289.2	0.00263007	0.626
0.0	289.2	0.00133751	0.8238
4.5	289.2	0.00112107	0.6987
9.0	289.2	0.00130079	0.6865
13.5	289.2	0.00249688	0.5512
18.0	289.2	0.00239946	0.8392
22.5	289.2	0.00190301	0.8361
27.0	289.2	0.000259022	0.3282
31.5	289.2	0.00376363	0.5338
36.0	289.2	0.00132174	0.6163
40.5	289.2	0.00356769	0.54
45.0	289.2	0.00194102	0.6108
49.5	289.2	0.00316947	0.6787
54.0	289.2	0.00474599	0.7107
58.5	289.2	0.00145522	0.7983
63.0	289.2	0.000375071	0.2887
67.5	289.2	0.000298432	0.2988
72.0	289.2	0.000854442	0.4084
76.5	289.2	0.0004426	0.3538
81.0	289.2	0.000238402	0.3483
85.5	289.2	0.00361041	0.6248
90.0	289.2	0.0031035	0.5379
94.5	289.2	0.00232227	0.8107
99.0	289.2	0.00229684	0.6974
103.5	289.2	0.00103166	0.5636
108.0	289.2	0.00075001	0.8479
112.5	289.2	6.3544e-05	0.5071
117.0	289.2	0.00177754	0.8449
121.5	289.2	0.00138396	0.7178
126.0	289.2	0.000118208	0.636
130.5	289.2	9.51336e-05	0.4908
135.0	289.2	0.000967638	0.8971
139.5	289.2	0.000134666	0.4949
144.0	289.2	0.000478471	0.6109
148.5	289.2	0.000220674	0.3767
153.0	289.2	0.0010898	0.6835
157.5	289.2	0.00576237	0.4844
162.0	289.2	0.00207003	0.9159
166.5	289.2	0.000112617	0.4381
171.0	289.2	0.000170515	0.4973
175.5	289.2	0.000291646	0.3543
180.0	289.2	0.000408623	0.6424
184.5	289.2	0.000997762	0.8098
189.0	289.2	0.00019568	0.4483
193.5	289.2	0.0041577	0.748
198.0	289.2	0.00376256	0.6415
202.5	289.2	0.00040371	0.2887
207.0	289.2	0.00014588	0.4577
211.5	289.2	0.000367441	0.5016
216.0	289.2	0.00146925	0.7636
220.5	289.2	0.000537589	0.7338
225.0	289.2	4.15255e-05	0.7318
229.5	289.2	7.81632e-05	0.5402
234.0	289.2	5.88765e-05	0.7164
238.5	289.2	0.000449051	0.7111
243.0	289.2	0.00501138	0.9484
247.5	289.2	0.000289875	0.8739
252.0	289.2	8.32362e-06	1.0
256.5	289.2	5.64849e-05	0.5865
261.0	289.2	4.7613e-05	0.7636
265.5	289.2	0.00126455	0.9235
270.0	289.2	0.000166274	0.4512
274.5	289.2	0.0012053	0.9312
279.0	289.2	0.000327315	0.9829
283.5	289.2	9.48436e-05	0.513
288.0	289.2	6.99959e-05	0.555
292.5	289.2	7.79301e-05	0.5701
297.0	289.2	0.000984914	0.9356
301.5	289.2	0.000163052	0.4258
306.0	289.2	6.20661e-05	0.6586
310.5	289.2	4.22596e-05	0.7084
315.0	289.2	0.000110667	0.6262
319.5	289.2	0.000175021	0.5034
324.0	289.2	5.52268e-05	0.7175
328.5	289.2	3.68003e-05	0.8869
333.0	289.2	0.000158501	0.7826
337.5	289.2	0.000145039	0.4273
342.0	289.2	0.00111489	0.9572
346.5	289.2	3.25846e-05	1.0
351.0	289.2	0.0	0.0
355.5	289.2	0.00186854	0.7783
360.0	289.2	8.87572e-05	0.5889
364.5	289.2	0.0032701	0.975
369.0	289.2	0.00138783	0.9829
373.5	289.2	7.07075e-05	0.8551
378.0	289.2	7.57363e-05	0.7808
382.5	289.2	5.44625e-05	0.7132
387.0	289.2	6.0667e-08	1.0
391.5	289.2	0.0	0.0
396.0	289.2	0.000254213	0.8531
400.5	289.2	4.26257e-05	0.8365
405.0	289.2	3.82596e-05	0.6916
409.5	289.2	5.67955e-06	1.0
414.0	289.2	2.66214e-05	1.0
418.5	289.2	3.84069e-05	0.7441
423.0	289.2	9.30819e-05	0.6134
427.5	289.2	2.89894e-05	1.0
432.0	289.2	1.53985e-05	1.0
436.5	289.2	4.37352e-05	1.0
441.0	289.2	1.01632e-05	1.0
445.5	289.2	9.74744e-05	0.5786
-450.0	291.767	0.0	0.0
-445.5	291.767	2.24588e-05	0.8487
-441.0	291.767	0.000158427	0.9422
-436.5	291.767	2.63103e-05	0.9305
-432.0	291.767	3.52268e-05	0.8635
-427.5	291.767	7.74591e-05	0.579
-423.0	291.767	4.30624e-05	0.7527
-418.5	291.767	4.9554e-05	0.7633
-414.0	291.767	0.000125526	0.6445
-409.5	291.767	0.00295189	0.992
-405.0	291.767	0.0034635	0.8836
-400.5	291.767	0.00251474	0.9865
-396.0	291.767	3.67269e-05	1.0
-391.5	291.767	0.0	0.0
-387.0	291.767	0.0	0.0
-382.5	291.767	3.18293e-05	1.0
-378.0	291.767	5.18396e-05	0.6418
-373.5	291.767	0.000144975	0.4656
-369.0	291.767	9.97804e-05	0.5453
-364.5	291.767	7.52219e-05	0.7718
-360.0	291.767	3.13807e-05	1.0
-355.5	291.767	3.39436e-05	1.0
-351.0	291.767	6.26792e-05	0.6826
-346.5	291.767	4.98641e-05	0.68
-342.0	291.767	0.000100174	0.56
-337.5	291.767	0.00016121	0.4817
-333.0	291.767	0.00011741	0.6112
-328.5	291.767	0.00082811	0.921
-324.0	291.767	0.000133415	0.6258
-319.5	291.767	1.15933e-05	0.6149
-315.0	291.767	7.63221e-05	0.5878
-310.5	291.767	0.000100712	0.6169
-306.0	291.767	7.68711e-05	0.5427
-301.5	291.767	5.09639e-05	0.6924
-297.0	291.767	0.000115172	0.6015
-292.5	291.767	0.000192474	0.3958
-288.0	291.767	5.71339e-05	0.5761
-283.5	291.767	0.000158579	0.4357
-279.0	291.767	8.91077e-05	0.5772
-274.5	291.767	0.000119973	0.4538
-270.0	291.767	0.000221489	0.5645
-265.5	291.767	0.000151707	0.5016
-261.0	291.767	0.000328798	0.3766
-256.5	291.767	0.00105254	0.8726
-252.0	291.767	0.00033715	0.3447
-247.5	291.767	0.000227883	0.4099
-243.0	291.767	0.000149851	0.5515
-238.5	291.767	8.55496e-05	0.6299
-234.0	291.767	0.000117084	0.4661
-229.5	291.767	0.000150633	0.5334
-225.0	291.767	7.9605e-05	0.5817
-220.5	291.767	6.1873e-05	0.5397
-216.0	291.767	0.00211038	0.9493
-211.5	291.767	0.000142667	0.4562
-207.0	291.767	0.000169521	0.4635
-202.5	291.767	0.000128894	0.4373
-198.0	291.767	0.0011885	0.9201
-193.5	291.767	0.00433424	0.5973
-189.0	291.767	0.00335008	0.9712
-184.5	291.767	0.000228329	0.3395
-180.0	291.767	0.000136506	0.488
-175.5	291.767	0.000168367	0.405
-171.0	291.767	0.000505781	0.4194
-166.5	291.767	0.000434392	0.6708
-162.0	291.767	0.000341313	0.4183
-157.5	291.767	0.0017778	0.6342
-153.0	291.767	0.00276936	0.5762
-148.5	291.767	0.00125951	0.6527
-144.0	291.767	0.000383845	0.3319
-139.5	291.767	0.000211938	0.4202
-135.0	291.767	0.00303508	0.713
-130.5	291.767	0.000867206	0.6815
-126.0	291.767	0.000289406	0.3262
-121.5	291.767	0.000275221	0.3194
-117.0	291.767	0.00112404	0.7853
-112.5	291.767	0.0026375	0.8963
-108.0	291.767	0.000296227	0.3303
-103.5	291.767	0.000246086	0.431
-99.0	291.767	0.000187211	0.4421
-94.5	291.767	0.000354976	0.357
-90.0	291.767	0.000312562	0.2995
-85.5	291.767	0.000501274	0.2497
-81.0	291.767	0.000344004	0.3646
-76.5	291.767	0.00353114	0.6854
-72.0	291.767	0.000498442	0.2866
-67.5	291.767	0.00305851	0.6689
-63.0	291.767	0.00171417	0.6
-58.5	291.767	0.00346248	0.608
-54.0	291.767	0.00462394	0.6439
-49.5	291.767	0.00176165	0.7264
-45.0	291.767	0.00432498	0.5667
-40.5	291.767	0.000877297	0.8987
-36.0	291.767	0.00261829	0.7615
-31.5	291.767	0.00309365	0.7316
-27.0	291.767	0.000304116	0.2974
-22.5	291.767	0.000396217	0.3246
-18.0	291.767	0.000316957	0.2992
-13.5	291.767	0.00365889	0.5477
-9.0	291.767	0.0044829	0.6703
-4.5	291.767	0.000966527	0.7053
0.0	291.767	0.00142509	0.8314
4.5	291.767	0.00166543	0.6606
9.0	291.767	0.000319682	0.3336
13.5	291.767	0.00189399	0.7098
18.0	291.767	0.0051949	0.5768
22.5	291.767	0.00204369	0.5077
27.0	291.767	0.000341608	0.2806
31.5	291.767	0.00113443	0.3504
36.0	291.767	0.000699556	0.4297
40.5	291.767	0.00453871	0.5232
45.0	291.767	0.0011888	0.5463
49.5	291.767	0.00438912	0.6705
54.0	291.767	0.000795509	0.4046
58.5	291.767	0.00156196	0.7272
63.0	291.767	0.000272408	0.3441
67.5	291.767	0.000420697	0.2666
72.0	291.767	0.000422297	0.265
76.5	291.767	0.000364647	0.3652
81.0	291.767	0.00297637	0.6719
85.5	291.767	0.00126123	0.7591
90.0	291.767	0.000342454	0.4645
94.5	291.767	0.00216488	0.6335
99.0	291.767	0.000344868	0.3615
103.5	291.767	0.00280881	0.6517
108.0	291.767	0.000190271	0.4161
112.5	291.767	0.000666511	0.6024
117.0	291.767	0.00225115	0.8234
121.5	291.767	0.00321478	0.5948
126.0	291.767	0.000120837	0.5419
130.5	291.767	0.000166233	0.5048
135.0	291.767	0.00108446	0.8656
139.5	291.767	0.00129776	0.8608
144.0	291.767	0.000123041	0.4439
148.5	291.767	0.002397	0.9123
153.0	291.767	0.000814106	0.7287
157.5	291.767	0.00580911	0.596
162.0	291.767	0.00104033	0.8448
166.5	291.767	0.000966512	0.8869
171.0	291.767	0.00224883	0.8884
175.5	291.767	0.00106035	0.7545
180.0	291.767	0.00032758	0.4012
184.5	291.767	0.000279027	0.5685
189.0	291.767	0.00026852	0.3488
193.5	291.767	0.000138375	0.4838
198.0	291.767	0.000979399	0.5928
202.5	291.767	0.000235015	0.319
207.0	291.767	0.00014645	0.4304
211.5	291.767	0.000196382	0.4405
216.0	291.767	0.00219601	0.5515
220.5	291.767	0.00179919	0.9465
225.0	291.767	0.000133061	0.5146
229.5	291.767	0.00177431	0.8747
234.0	291.767	5.24017e-05	0.5984
238.5	291.767	4.71995e-05	0.6362
243.0	291.767	0.00127883	0.8829
247.5	291.767	0.000201952	0.426
252.0	291.767	0.00149897	0.9728
256.5	291.767	0.000101503	0.4858
261.0	291.767	0.000776318	0.8702
265.5	291.767	0.00290025	0.6748
270.0	291.767	0.000118875	0.5366
274.5	291.767	3.18507e-05	0.8966
279.0	291.767	4.06527e-05	0.8471
283.5	291.767	0.000178615	0.4141
288.0	291.767	0.000178127	0.476
292.5	291.767	7.78927e-05	0.5815
297.0	291.767	0.00170728	0.978
301.5	291.767	0.00100589	0.8529
306.0	291.767	9.65388e-05	0.4739
310.5	291.767	3.23157e-05	0.7672
315.0	291.767	0.00113716	0.893
319.5	291.767	0.00351913	0.9571
324.0	291.767	9.84373e-05	0.5245
328.5	291.767	0.000111483	0.5151
333.0	291.767	7.065e-05	0.6085
337.5	291.767	0.000147245	0.668
342.0	291.767	0.00154441	0.6927
346.5	291.767	5.31641e-05	0.7361
351.0	291.767	6.14052e-05	0.6242
355.5	291.767	0.00147438	0.9389
360.0	291.767	0.000734839	0.7162
364.5	291.767	0.000708364	0.942
369.0	291.767	0.00527637	0.7442
373.5	291.767	0.00105872	0.955
378.0	291.767	0.000475425	0.9751
382.5	291.767	0.000591118	0.8646
387.0	291.767	9.69471e-05	0.6671
391.5	291.767	6.28104e-05	0.8266
396.0	291.767	5.64617e-05	0.5985
400.5	291.767	2.00352e-05	1.0
405.0	291.767	7.12277e-05	0.6123
409.5	291.767	7.2179e-05	0.8571
414.0	291.767	8.24721e-06	1.0
418.5	291.767	0.0	0.0
423.0	291.767	2.0414e-05	1.0
427.5	291.767	1.63788e-05	0.7734
432.0	291.767	3.9487e-05	0.7089
436.5	291.767	6.42244e-06	1.0
441.0	291.767	3.47091e-05	1.0
445.5	291.767	0.000583682	0.9364
-450.0	294.333	1.38242e-05	1.0
-445.5	294.333	0.000149212	0.9125
-441.0	294.333	1.35099e-05	1.0
-436.5	294.333	4.29946e-05	0.7219
-432.0	294.333	2.15584e-05	0.7403
-427.5	294.333	3.29145e-05	0.7122
-423.0	294.333	4.3482e-05	0.8304
-418.5	294.333	6.25006e-05	0.7253
-414.0	294.333	0.0016062	0.9926
-409.5	294.333	0.00374753	0.9297
-405.0	294.333	0.00309088	0.8333
-400.5	294.333	2.65151e-05	0.9195
-396.0	294.333	3.1685e-05	1.0
-391.5	294.333	3.06693e-05	1.0
-387.0	294.333	2.59845e-05	0.7598
-382.5	294.333	6.31753e-05	1.0
-378.0	294.333	1.23205e-05	0.7461
-373.5	294.333	0.000124533	0.4237
-369.0	294.333	0.000123901	0.6023
-364.5	294.333	4.20399e-06	1.0
-360.0	294.333	0.0	0.0
-355.5	294.333	6.28995e-05	0.6895
-351.0	294.333	4.09271e-05	0.7772
-346.5	294.333	0.000823656	0.9147
-342.0	294.333	8.48722e-05	0.604
-337.5	294.333	9.91296e-05	0.5055
-333.0	294.333	0.000166804	0.4233
-328.5	294.333	0.000152976	0.5482
-324.0	294.333	1.39518e-05	1.0
-319.5	294.333	8.67528e-05	0.5963
-315.0	294.333	0.000122164	0.5242
-310.5	294.333	0.000110611	0.4264
-306.0	294.333	5.34122e-05	0.8171
-301.5	294.333	0.000110418	0.5147
-297.0	294.333	6.79954e-05	0.6637
-292.5	294.333	0.00092619	0.9371
-288.0	294.333	0.0	0.0
-283.5	294.333	6.17059e-05	0.7628
-279.0	294.333	5.95392e-05	0.5157
-274.5	294.333	0.000294478	0.5108
-270.0	294.333	0.000195783	0.4826
-265.5	294.333	7.3743e-05	0.6453
-261.0	294.333	0.000143852	0.4144
-256.5	294.333	0.00113449	0.8394
-252.0	294.333	0.000208851	0.4355
-247.5	294.333	7.50843e-05	0.6591
-243.0	294.333	0.000166475	0.4246
-238.5	294.333	0.000185941	0.3904
-234.0	294.333	5.89604e-05	0.5813
-229.5	294.333	0.000104866	0.6337
-225.0	294.333	6.59254e-05	0.5812
-220.5	294.333	0.00201762	0.9126
-216.0	294.333	0.000282778	0.6092
-211.5	294.333	0.000204005	0.3761
-207.0	294.333	0.00019666	0.3841
-202.5	294.333	0.000335318	0.493
-198.0	294.333	1.03907e-05	1.0
-193.5	294.333	0.00481772	0.6072
-189.0	294.333	0.00109684	0.668
-184.5	294.333	0.00119648	0.9288
-180.0	294.333	7.79803e-05	0.5511
-175.5	294.333	0.000193382	0.3777
-171.0	294.333	0.00185645	0.7778
-166.5	294.333	0.000525725	0.5196
-162.0	294.333	0.00119822	0.6692
-157.5	294.333	0.00175962	0.8628
-153.0	294.333	0.00399847	0.6839
-148.5	294.333	0.000253314	0.4076
-144.0	294.333	0.00175966	0.7121
-139.5	294.333	0.000387306	0.2842
-135.0	294.333	0.000594362	0.7223
-130.5	294.333	0.00184973	0.8971
-126.0	294.333	0.000296569	0.301
-121.5	294.333	0.000351912	0.2755
-117.0	294.333	0.00272185	0.93
-112.5	294.333	0.00142842	0.7243
-108.0	294.333	0.000131202	0.5062
-103.5	294.333	0.000494404	0.3244
-99.0	294.333	0.00141697	0.8481
-94.5	294.333	0.000550092	0.453
-90.0	294.333	0.00374952	0.602
-85.5	294.333	0.00058657	0.2545
-81.0	294.333	0.00209958	0.8517
-76.5	294.333	0.00576014	0.5198
-72.0	294.333	0.000203919	0.3533
-67.5	294.333	0.00309914	0.6601
-63.0	294.333	0.00563828	0.4898
-58.5	294.333	0.00552858	0.5305
-54.0	294.333	0.00274281	0.6446
-49.5	294.333	0.00218273	0.6427
-45.0	294.333	0.00336638	0.5436
-40.5	294.333	0.00241602	0.5536
-36.0	294.333	0.00244333	0.6346
-31.5	294.333	0.00251319	0.8709
-27.0	294.333	0.00156944	0.7638
-22.5	294.333	0.00390125	0.6327
-18.0	294.333	0.00202482	0.6364
-13.5	294.333	0.00179304	0.4991
-9.0	294.333	0.00347915	0.7257
-4.5	294.333	0.000560866	0.2304
0.0	294.333	0.000373958	0.3099
4.5	294.333	0.000426198	0.2934
9.0	294.333	0.000253668	0.3414
13.5	294.333	0.000605054	0.4945
18.0	294.333	0.00216993	0.7451
22.5	294.333	0.00307159	0.5849
27.0	294.333	0.000331818	0.2739
31.5	294.333	0.000547763	0.5162
36.0	294.333	0.00219157	0.5379
40.5	294.333	0.00118143	0.7617
45.0	294.333	0.00208745	0.7297
49.5	294.333	0.00486918	0.6175
54.0	294.333	0.000396112	0.3121
58.5	294.333	0.000411066	0.3277
63.0	294.333	0.000213896	0.3684
67.5	294.333	0.000191791	0.3876
72.0	294.333	0.000205866	0.377
76.5	294.333	0.00301483	0.9235
81.0	294.333	0.00267408	0.581
85.5	294.333	0.00174695	0.929
90.0	294.333	0.0001874	0.3615
94.5	294.333	0.00148234	0.7508
99.0	294.333	0.000218516	0.4041
103.5	294.333	0.00285185	0.6637
108.0	294.333	0.00027872	0.5914
112.5	294.333	0.000273833	0.3209
117.0	294.333	0.00366139	0.6871
121.5	294.333	0.000108	0.4152
126.0	294.333	0.000261998	0.3671
130.5	294.333	0.00147697	0.8522
135.0	294.333	0.000166658	0.4486
139.5	294.333	0.0029915	0.6024
144.0	294.333	0.000298769	0.3314
148.5	294.333	0.000305232	0.3722
153.0	294.333	0.00179889	0.8634
157.5	294.333	0.00195957	0.7812
162.0	294.333	0.00270776	0.7095
166.5	294.333	6.27332e-05	0.5819
171.0	294.333	0.00179854	0.7722
175.5	294.333	0.000324537	0.3383
180.0	294.333	0.000556576	0.6249
184.5	294.333	0.00276077	0.9283
189.0	294.333	0.00149397	0.8416
193.5	294.333	0.000235535	0.4803
198.0	294.333	0.000685083	0.7145
202.5	294.333	0.000295575	0.3551
207.0	294.333	5.83056e-05	0.5743
211.5	294.333	0.000207367	0.4667
216.0	294.333	0.00147563	0.6087
220.5	294.333	0.000153167	0.4128
225.0	294.333	8.23385e-05	0.5336
229.5	294.333	0.000200881	0.3587
234.0	294.333	0.000111196	0.4797
238.5	294.333	6.92875e-05	0.5864
243.0	294.333	0.000182752	0.3978
247.5	294.333	0.000210968	0.3785
252.0	294.333	0.00143261	0.9119
256.5	294.333	0.000601056	0.7178
261.0	294.333	9.23762e-05	0.5892
265.5	294.333	0.00195542	0.9237
270.0	294.333	9.60524e-05	0.4594
274.5	294.333	0.000361936	0.5996
279.0	294.333	0.000135885	0.4482
283.5	294.333	8.91138e-05	0.5344
288.0	294.333	4.57015e-05	0.7304
292.5	294.333	0.000102226	0.498
297.0	294.333	5.81841e-05	0.8058
301.5	294.333	8.61331e-05	0.4229
306.0	294.333	0.000986071	0.8327
310.5	294.333	0.000145053	0.4898
315.0	294.333	5.74195e-05	0.6011
319.5	294.333	0.000189415	0.4332
324.0	294.333	9.75592e-05	0.8957
328.5	294.333	4.75107e-05	0.7512
333.0	294.333	0.000100913	0.5971
337.5	294.333	0.000153117	0.5657
342.0	294.333	8.93462e-05	0.5789
346.5	294.333	0.000112618	0.6477
351.0	294.333	0.000171567	0.412
355.5	294.333	0.00271058	0.6847
360.0	294.333	0.000536137	0.6118
364.5	294.333	5.6833e-05	0.7055
369.0	294.333	2.6686e-05	0.809
373.5	294.333	0.00392409	0.9929
378.0	294.333	0.00255268	0.7634
382.5	294.333	5.62583e-05	0.7472
387.0	294.333	0.000333131	0.7904
391.5	294.333	0.000346428	0.6375
396.0	294.333	3.46114e-05	1.0
400.5	294.333	3.263e-05	1.0
405.0	294.333	4.12086e-05	0.7206
409.5	294.333	5.88296e-05	0.7446
414.0	294.333	5.82478e-05	1.0
418.5	294.333	0.000294134	0.8637
423.0	294.333	0.000562637	0.8737
427.5	294.333	8.62846e-05	0.6062
432.0	294.333	0.0	0.0
436.5	294.333	6.43202e-05	0.6657
441.0	294.333	1.94537e-05	0.7272
445.5	294.333	9.76505e-05	0.6376
-450.0	296.9	0.000119588	0.7785
-445.5	296.9	0.000152826	0.6133
-441.0	296.9	5.31844e-05	0.8634
-436.5	296.9	5.18272e-05	0.6545
-432.0	296.9	0.0	0.0
-427.5	296.9	0.0	0.0
-423.0	296.9	0.000205164	0.7862
-418.5	296.9	0.0035401	0.9815
-414.0	296.9	0.00190312	0.9879
-409.5	296.9	4.10477e-05	1.0
-405.0	296.9	4.53932e-05	1.0
-400.5	296.9	0.000105723	0.6372
-396.0	296.9	0.000309209	0.9979
-391.5	296.9	2.43354e-05	0.7133
-387.0	296.9	0.000130243	0.7232
-382.5	296.9	3.06511e-05	1.0
-378.0	296.9	0.000128992	0.4747
-373.5	296.9	6.42784e-05	0.6611
-369.0	296.9	6.54043e-05	0.7028
-364.5	296.9	4.31148e-05	0.7814
-360.0	296.9	0.000846595	0.9062
-355.5	296.9	0.000381755	0.7555
-351.0	296.9	2.22452e-05	1.0
-346.5	296.9	0.0	0.0
-342.0	296.9	2.10827e-05	0.6864
-337.5	296.9	0.00175416	0.9247
-333.0	296.9	0.000123874	0.6158
-328.5	296.9	4.44888e-05	0.6017
-324.0	296.9	9.04085e-05	0.6848
-319.5	296.9	0.00212785	0.9404
-315.0	296.9	0.000456349	0.6185
-310.5	296.9	3.51961e-05	0.7137
-306.0	296.9	9.93095e-05	0.4738
-301.5	296.9	0.000128468	0.5193
-297.0	296.9	2.68189e-05	0.8311
-292.5	296.9	6.16769e-05	0.6508
-288.0	296.9	6.76243e-05	0.596
-283.5	296.9	3.60406e-05	0.7535
-279.0	296.9	0.000150913	0.6201
-274.5	296.9	0.000273674	0.3635
-270.0	296.9	8.07546e-05	0.5016
-265.5	296.9	3.77703e-05	0.7614
-261.0	296.9	0.000510364	0.7376
-256.5	296.9	0.000376033	0.5127
-252.0	296.9	5.57384e-05	0.578
-247.5	296.9	0.000184283	0.4173
-243.0	296.9	7.81512e-05	0.5768
-238.5	296.9	9.78412e-05	0.534
-234.0	296.9	0.000456502	0.6206
-229.5	296.9	0.000345822	0.6561
-225.0	296.9	9.08511e-05	0.529
-220.5	296.9	0.00153375	0.9434
-216.0	296.9	0.000177266	0.4199
-211.5	296.9	0.00276822	0.6631
-207.0	296.9	0.000134715	0.4719
-202.5	296.9	0.00262147	0.6712
-198.0	296.9	0.00163173	0.8889
-193.5	296.9	0.00202837	0.8912
-189.0	296.9	0.0023998	0.9388
-184.5	296.9	0.000216723	0.4071
-180.0	296.9	0.00100224	0.8217
-175.5	296.9	0.00246595	0.8943
-171.0	296.9	0.00248432	0.8864
-166.5	296.9	0.000634004	0.498
-162.0	296.9	0.00110673	0.7228
-157.5	296.9	0.0029255	0.663
-153.0	296.9	0.00209885	0.9544
-148.5	296.9	0.00169062	0.5996
-144.0	296.9	0.00088805	0.6944
-139.5	296.9	0.000234965	0.3754
-135.0	296.9	0.00135672	0.872
-130.5	296.9	0.00199422	0.907
-126.0	296.9	0.00030762	0.3328
-121.5	296.9	0.000222783	0.3652
-117.0	296.9	0.00019866	0.3608
-112.5	296.9	0.00143163	0.8546
-108.0	296.9	0.00106628	0.7124
-103.5	296.9	0.000379145	0.3082
-99.0	296.9	0.00264677	0.9295
-94.5	296.9	0.000378656	0.3159
-90.0	296.9	0.000253922	0.3171
-85.5	296.9	0.000445213	0.3923
-81.0	296.9	0.000339286	0.283
-76.5	296.9	0.00346819	0.6788
-72.0	296.9	0.00028343	0.327
-67.5	296.9	0.00278358	0.6701
-63.0	296.9	0.00657693	0.4734
-58.5	296.9	0.00418804	0.6836
-54.0	296.9	0.00471781	0.4673
-49.5	296.9	0.00313967	0.5744
-45.0	296.9	0.00339915	0.5921
-40.5	296.9	0.00101625	0.778
-36.0	296.9	0.00082785	0.3657
-31.5	296.9	0.00261227	0.8378
-27.0	296.9	0.00048242	0.3969
-22.5	296.9	0.00505092	0.5667
-18.0	296.9	0.0033353	0.6201
-13.5	296.9	0.00163009	0.7746
-9.0	296.9	0.00371826	0.6938
-4.5	296.9	0.000595414	0.5621
0.0	296.9	0.000552034	0.285
4.5	296.9	0.000398056	0.2903
9.0	296.9	0.00116665	0.7947
13.5	296.9	0.000750936	0.4958
18.0	296.9	0.00105222	0.7624
22.5	296.9	0.00246406	0.5458
27.0	296.9	0.000335289	0.2967
31.5	296.9	0.00408576	0.5495
36.0	296.9	0.000705873	0.7238
40.5	296.9	0.00117854	0.7625
45.0	296.9	0.00297648	0.7269
49.5	296.9	0.00634447	0.5534
54.0	296.9	0.00101844	0.8133
58.5	296.9	0.00132448	0.87
63.0	296.9	0.00159341	0.7411
67.5	296.9	0.000226156	0.3485
72.0	296.9	0.0011085	0.5965
76.5	296.9	0.00484919	0.5061
81.0	296.9	0.000597236	0.2763
85.5	296.9	0.001858	0.8742
90.0	296.9	0.000226864	0.3424
94.5	296.9	0.000791873	0.5195
99.0	296.9	0.000981996	0.7134
103.5	296.9	0.00461239	0.5394
108.0	296.9	0.000728979	0.7025
112.5	296.9	0.00239991	0.7755
117.0	296.9	0.000385529	0.273
121.5	296.9	0.000182413	0.3565
126.0	296.9	0.00213608	0.937
130.5	296.9	0.000694909	0.6325
135.0	296.9	0.00353372	0.8855
139.5	296.9	0.00106103	0.8808
144.0	296.9	0.000351601	0.2732
148.5	296.9	0.000168504	0.363
153.0	296.9	0.00270499	0.8191
157.5	296.9	0.00247337	0.6598
162.0	296.9	0.00328893	0.6176
166.5	296.9	0.00151249	0.9117
171.0	296.9	0.0030856	0.7982
175.5	296.9	0.000194883	0.4379
180.0	296.9	0.00169133	0.8221
184.5	296.9	0.00258433	0.9214
189.0	296.9	0.000345951	0.3133
193.5	296.9	0.000456989	0.7245
198.0	296.9	0.00061832	0.7883
202.5	296.9	0.00023354	0.3647
207.0	296.9	0.000118403	0.4545
211.5	296.9	0.00124258	0.8384
216.0	296.9	0.000280492	0.5231
220.5	296.9	0.000265324	0.5048
225.0	296.9	0.00176334	0.7703
229.5	296.9	0.00116635	0.8365
234.0	296.9	0.000315937	0.5226
238.5	296.9	0.00028095	0.7615
243.0	296.9	8.62063e-05	0.4934
247.5	296.9	0.00151726	0.9762
252.0	296.9	0.000123969	0.5589
256.5	296.9	0.000155315	0.3708
261.0	296.9	0.0001606	0.4923
265.5	296.9	0.00197638	0.9139
270.0	296.9	1.40152e-05	0.7944
274.5	296.9	0.000492073	0.7719
279.0	296.9	4.19312e-05	0.913
283.5	296.9	0.000105508	0.4732
288.0	296.9	0.000188606	0.4027
292.5	296.9	0.00254205	0.9697
297.0	296.9	9.79939e-05	0.6494
301.5	296.9	5.50489e-05	0.5812
306.0	296.9	0.00152984	0.9528
310.5	296.9	8.00402e-05	0.7657
315.0	296.9	0.000465747	0.8005
319.5	296.9	0.000300489	0.6726
324.0	296.9	0.000161876	0.5045
328.5	296.9	9.29232e-05	0.5502
333.0	296.9	0.000129776	0.5072
337.5	296.9	8.47611e-05	0.5313
342.0	296.9	0.000144864	0.5629
346.5	296.9	3.11009e-05	1.0
351.0	296.9	2.97191e-05	0.8006
355.5	296.9	0.00147285	0.9398
360.0	296.9	9.37565e-05	0.5809
364.5	296.9	5.39985e-05	0.6109
369.0	296.9	9.65208e-05	0.5697
373.5	296.9	0.0	0.0
378.0	296.9	0.0042503	1.0
382.5	296.9	0.0004466	0.6925
387.0	296.9	1.30207e-05	0.9184
391.5	296.9	0.00112131	0.9464
396.0	296.9	3.77409e-05	0.6553
400.5	296.9	1.70115e-05	1.0
405.0	296.9	4.60238e-05	0.7039
409.5	296.9	1.6711e-05	0.7515
414.0	296.9	0.0	0.0
418.5	296.9	5.56802e-05	1.0
423.0	296.9	3.91096e-05	0.7415
427.5	296.9	3.70257e-05	0.8766
432.0	296.9	7.63835e-05	0.6431
436.5	296.9	3.02447e-05	0.9146
441.0	296.9	4.58896e-05	0.6986
445.5	296.9	7.66858e-05	0.5569
-450.0	299.467	0.000144873	0.7709
-445.5	299.467	0.0	0.0
-441.0	299.467	0.0	0.0
-436.5	299.467	0.0	0.0
-432.0	299.467	3.445e-05	1.0
-427.5	299.467	0.00225507	0.9735
-423.0	299.467	0.00339221	0.9781
-418.5	299.467	2.32154e-05	1.0
-414.0	299.467	6.36616e-05	0.7232
-409.5	299.467	7.35196e-05	0.7027
-405.0	299.467	6.03639e-05	0.5939
-400.5	299.467	7.979e-05	0.5612
-396.0	299.467	9.70551e-06	1.0
-391.5	299.467	8.96934e-05	0.6165
-387.0	299.467	0.000145967	0.5495
-382.5	299.467	0.000206922	0.4721
-378.0	299.467	0.000102053	0.5346
-373.5	299.467	3.09688e-05	0.7171
-369.0	299.467	0.0	0.0
-364.5	299.467	2.27156e-05	0.9673
-360.0	299.467	0.000112386	0.5272
-355.5	299.467	7.0446e-05	0.5811
-351.0	299.467	6.20834e-05	0.5123
-346.5	299.467	7.61811e-05	0.9549
-342.0	299.467	0.00176289	0.9676
-337.5	299.467	0.000215614	0.7211
-333.0	299.467	7.31485e-05	0.6028
-328.5	299.467	3.14707e-05	0.6385
-324.0	299.467	5.0053e-05	0.5568
-319.5	299.467	0.00013211	0.4032
-315.0	299.467	0.000102104	0.4276
-310.5	299.467	6.39239e-05	0.7426
-306.0	299.467	8.99059e-05	0.5344
-301.5	299.467	0.000158717	0.4176
-297.0	299.467	5.32085e-05	0.5923
-292.5	299.467	1.3559e-05	0.7086
-288.0	299.467	0.00132322	0.9563
-283.5	299.467	8.04565e-05	0.5301
-279.0	299.467	0.000102956	0.6195
-274.5	299.467	0.00149635	0.7976
-270.0	299.467	0.00191345	0.9768
-265.5	299.467	0.00120582	0.6992
-261.0	299.467	0.000228842	0.4086
-256.5	299.467	0.000169033	0.4196
-252.0	299.467	0.000148956	0.4437
-247.5	299.467	3.6377e-05	0.5898
-243.0	299.467	0.000209469	0.3773
-238.5	299.467	0.00201032	0.9207
-234.0	299.467	0.00078207	0.7115
-229.5	299.467	0.000373265	0.5131
-225.0	299.467	0.000167122	0.4199
-220.5	299.467	0.000135073	0.4478
-216.0	299.467	0.000222461	0.3975
-211.5	299.467	0.000232627	0.348
-207.0	299.467	0.000183694	0.4935
-202.5	299.467	0.0010572	0.5823
-198.0	299.467	0.00297263	0.9753
-193.5	299.467	0.000964768	0.8034
-189.0	299.467	0.000179324	0.3829
-184.5	299.467	0.000486953	0.5906
-180.0	299.467	0.000677122	0.657
-175.5	299.467	0.000529744	0.4044
-171.0	299.467	0.00174051	0.8737
-166.5	299.467	0.00148782	0.6293
-162.0	299.467	0.00171079	0.6237
-157.5	299.467	0.00291002	0.6922
-153.0	299.467	0.00220777	0.9081
-148.5	299.467	0.0028796	0.519
-144.0	299.467	0.000156431	0.4556
-139.5	299.467	0.000248693	0.4139
-135.0	299.467	0.00227278	0.9224
-130.5	299.467	0.000217793	0.3804
-126.0	299.467	0.000207416	0.3283
-121.5	299.467	0.000329311	0.3391
-117.0	299.467	0.000133739	0.386
-112.5	299.467	0.000647464	0.3724
-108.0	299.467	0.00322876	0.7285
-103.5	299.467	0.000328157	0.3123
-99.0	299.467	0.0002	0.3279
-94.5	299.467	0.00218802	0.6643
-90.0	299.467	7.05365e-05	0.5434
-85.5	299.467	0.000435116	0.2932
-81.0	299.467	0.00152499	0.8149
-76.5	299.467	0.0046463	0.5796
-72.0	299.467	0.00144077	0.774
-67.5	299.467	0.000954258	0.5755
-63.0	299.467	0.0077307	0.4483
-58.5	299.467	0.0040596	0.6883
-54.0	299.467	0.00138113	0.6371
-49.5	299.467	0.000615911	0.3559
-45.0	299.467	0.00447112	0.4898
-40.5	299.467	0.00113153	0.4507
-36.0	299.467	0.0038212	0.6581
-31.5	299.467	0.00381244	0.6662
-27.0	299.467	0.00151003	0.5916
-22.5	299.467	0.00612607	0.4702
-18.0	299.467	0.00268457	0.7859
-13.5	299.467	0.0027992	0.5786
-9.0	299.467	0.00320924	0.7758
-4.5	299.467	0.00232469	0.5865
0.0	299.467	0.000456152	0.2555
4.5	299.467	0.000401294	0.2692
9.0	299.467	0.0079737	0.7177
13.5	299.467	0.00185355	0.8046
18.0	299.467	0.00182759	0.7882
22.5	299.467	0.00461439	0.5035
27.0	299.467	0.00463241	0.5521
31.5	299.467	0.00549292	0.5181
36.0	299.467	0.000755666	0.6792
40.5	299.467	0.000554418	0.4174
45.0	299.467	0.00583495	0.5805
49.5	299.467	0.00368569	0.5274
54.0	299.467	0.00225488	0.8362
58.5	299.467	0.000362911	0.2847
63.0	299.467	0.00149059	0.6873
67.5	299.467	0.00268934	0.6495
72.0	299.467	0.00223841	0.6274
76.5	299.467	0.00589642	0.6809
81.0	299.467	0.00152793	0.7894
85.5	299.467	0.000686419	0.6277
90.0	299.467	0.000226169	0.3666
94.5	299.467	0.000333649	0.2969
99.0	299.467	0.00313192	0.5374
103.5	299.467	0.00434041	0.6525
108.0	299.467	0.00160797	0.7499
112.5	299.467	0.00781945	0.5804
117.0	299.467	0.000405964	0.3115
121.5	299.467	0.000279578	0.2976
126.0	299.467	0.00303195	0.9612
130.5	299.467	0.000374474	0.4791
135.0	299.467	0.00366578	0.9636
139.5	299.467	8.0171e-05	0.5025
144.0	299.467	0.000956421	0.7264
148.5	299.467	0.00194261	0.9487
153.0	299.467	0.000218867	0.352
157.5	299.467	0.00176979	0.8643
162.0	299.467	0.00277822	0.6943
166.5	299.467	0.00422304	0.6338
171.0	299.467	0.00019928	0.4801
175.5	299.467	0.00018846	0.4461
180.0	299.467	0.00137226	0.8616
184.5	299.467	0.000234629	0.4081
189.0	299.467	0.000182782	0.469
193.5	299.467	0.000126792	0.4704
198.0	299.467	0.000647876	0.756
202.5	299.467	0.000990154	0.7248
207.0	299.467	0.000608507	0.8304
211.5	299.467	0.00010262	0.5399
216.0	299.467	0.000119298	0.5041
220.5	299.467	0.00044261	0.6056
225.0	299.467	0.000409673	0.4561
229.5	299.467	0.000270398	0.5932
234.0	299.467	0.000111461	0.4767
238.5	299.467	0.000198964	0.405
243.0	299.467	0.000106528	0.8957
247.5	299.467	0.000174771	0.495
252.0	299.467	0.00033391	0.6249
256.5	299.467	0.000153051	0.4839
261.0	299.467	6.49925e-05	0.5325
265.5	299.467	0.00180486	1.0
270.0	299.467	0.00277796	0.9518
274.5	299.467	0.00409285	0.8747
279.0	299.467	5.13559e-05	0.6215
283.5	299.467	3.20282e-05	0.7391
288.0	299.467	0.000200619	0.4935
292.5	299.467	0.000440749	0.7346
297.0	299.467	3.84907e-05	0.7129
301.5	299.467	0.000107345	0.5801
306.0	299.467	0.000102206	0.5051
310.5	299.467	0.000176705	0.4967
315.0	299.467	0.000293431	0.7962
319.5	299.467	0.00125399	0.937
324.0	299.467	0.000113602	0.5041
328.5	299.467	0.000116859	0.7642
333.0	299.467	8.36321e-05	0.5437
337.5	299.467	0.000132117	0.4907
342.0	299.467	0.000148216	0.4398
346.5	299.467	1.4026e-05	1.0
351.0	299.467	4.21556e-05	0.7202
355.5	299.467	0.00148926	0.9296
360.0	299.467	8.20496e-05	0.5802
364.5	299.467	5.18336e-05	0.7337
369.0	299.467	8.56084e-05	0.6132
373.5	299.467	0.000123424	0.4155
378.0	299.467	2.45492e-05	1.0
382.5	299.467	0.00460125	0.9894
387.0	299.467	4.50368e-05	0.7169
391.5	299.467	7.67204e-05	0.5999
396.0	299.467	5.63423e-05	0.7129
400.5	299.467	5.40829e-05	0.8066
405.0	299.467	2.59553e-05	0.7075
409.5	299.467	2.92649e-05	0.7626
414.0	299.467	0.0	0.0
418.5	299.467	0.0	0.0
423.0	299.467	5.3461e-05	0.9935
427.5	299.467	3.94601e-05	0.72
432.0	299.467	6.62739e-05	0.7122
436.5	299.467	1.82231e-05	0.7756
441.0	299.467	3.02433e-05	0.8044
445.5	299.467	4.49194e-05	0.7081
-450.0	302.033	2.79673e-05	1.0
-445.5	302.033	0.0	0.0
-441.0	302.033	4.22524e-06	1.0
-436.5	302.033	8.44487e-05	0.8262
-432.0	302.033	0.00281965	0.9934
-427.5	302.033	0.00131295	0.9749
-423.0	302.033	0.0	0.0
-418.5	302.033	3.62058e-05	1.0
-414.0	302.033	4.84192e-06	1.0
-409.5	302.033	4.12988e-05	1.0
-405.0	302.033	0.000130989	0.9044
-400.5	302.033	7.66456e-05	0.66
-396.0	302.033	5.42917e-05	0.7103
-391.5	302.033	4.16449e-05	0.762
-387.0	302.033	3.05013e-05	0.8309
-382.5	302.033	0.0	0.0
-378.0	302.033	2.70363e-05	0.9869
-373.5	302.033	2.25454e-05	0.7202
-369.0	302.033	1.0496e-05	1.0
-364.5	302.033	0.000105345	0.583
-360.0	302.033	7.58136e-05	0.6979
-355.5	302.033	4.72705e-05	0.7471
-351.0	302.033	2.53265e-05	1.0
-346.5	302.033	0.000283823	1.0
-342.0	302.033	0.00160708	0.9786
-337.5	302.033	6.45939e-05	0.7133
-333.0	302.033	2.65604e-05	1.0
-328.5	302.033	9.43734e-05	0.7714
-324.0	302.033	6.94527e-05	0.6112
-319.5	302.033	0.000150067	0.5004
-315.0	302.033	2.82275e-05	0.7996
-310.5	302.033	9.27707e-05	0.4804
-306.0	302.033	0.000166273	0.4859
-301.5	302.033	0.000113728	0.5251
-297.0	302.033	1.21828e-05	1.0
-292.5	302.033	0.000180454	0.5944
-288.0	302.033	5.30402e-05	1.0
-283.5	302.033	2.8708e-05	0.5787
-279.0	302.033	0.000205633	0.4451
-274.5	302.033	6.09454e-05	0.7109
-270.0	302.033	9.02768e-05	0.5751
-265.5	302.033	0.000166958	0.3965
-261.0	302.033	0.000200534	0.4393
-256.5	302.033	0.000227392	0.3691
-252.0	302.033	0.000120201	0.504
-247.5	302.033	0.000164818	0.4665
-243.0	302.033	0.000189737	0.3902
-238.5	302.033	0.000560327	0.7738
-234.0	302.033	0.000889406	0.5705
-229.5	302.033	0.000163682	0.4214
-225.0	302.033	0.000187428	0.381
-220.5	302.033	0.000150253	0.4209
-216.0	302.033	0.000116412	0.5514
-211.5	302.033	3.7412e-05	0.7118
-207.0	302.033	0.00323127	0.9191
-202.5	302.033	0.00176532	0.9395
-198.0	302.033	0.000143985	0.4087
-193.5	302.033	7.66839e-05	0.5325
-189.0	302.033	0.000407474	0.6373
-184.5	302.033	0.00342484	0.7928
-180.0	302.033	0.00250664	0.9802
-175.5	302.033	0.000406448	0.4603
-171.0	302.033	0.000173409	0.3863
-166.5	302.033	0.000129028	0.553
-162.0	302.033	0.000254633	0.3257
-157.5	302.033	0.000541523	0.6884
-153.0	302.033	0.00312145	0.6657
-148.5	302.033	0.00133535	0.6572
-144.0	302.033	0.00156565	0.6083
-139.5	302.033	0.00152918	0.6113
-135.0	302.033	0.00195254	0.7604
-130.5	302.033	0.000286135	0.3372
-126.0	302.033	0.000255614	0.3332
-121.5	302.033	0.000471696	0.2622
-117.0	302.033	0.000258202	0.3112
-112.5	302.033	0.000373577	0.2888
-108.0	302.033	0.00126623	0.6976
-103.5	302.033	0.00107639	0.7517
-99.0	302.033	6.13246e-05	0.6032
-94.5	302.033	0.000172694	0.3475
-90.0	302.033	0.00239901	0.8778
-85.5	302.033	0.000316012	0.343
-81.0	302.033	9.69455e-05	0.5475
-76.5	302.033	0.00171094	0.5479
-72.0	302.033	0.000282457	0.3233
-67.5	302.033	0.00373972	0.593
-63.0	302.033	0.00481141	0.577
-58.5	302.033	0.000786254	0.3386
-54.0	302.033	0.00387722	0.4985
-49.5	302.033	0.000289352	0.3544
-45.0	302.033	0.00166301	0.6371
-40.5	302.033	0.000208171	0.3007
-36.0	302.033	0.00150953	0.7123
-31.5	302.033	0.0018585	0.611
-27.0	302.033	0.00117547	0.4906
-22.5	302.033	0.00563487	0.5464
-18.0	302.033	0.000373303	0.283
-13.5	302.033	0.00486089	0.6661
-9.0	302.033	0.00450935	0.5762
-4.5	302.033	0.00249265	0.9038
0.0	302.033	0.00192501	0.7755
4.5	302.033	0.00279252	0.6726
9.0	302.033	0.00130142	0.5447
13.5	302.033	0.000820603	0.574
18.0	302.033	0.000463754	0.2968
22.5	302.033	0.00416887	0.6301
27.0	302.033	0.000666229	0.5951
31.5	302.033	0.000498769	0.3237
36.0	302.033	0.00172123	0.5528
40.5	302.033	0.000977052	0.6489
45.0	302.033	0.00388815	0.7074
49.5	302.033	0.00549535	0.5075
54.0	302.033	0.00286846	0.5258
58.5	302.033	0.00181131	0.8539
63.0	302.033	0.0016226	0.7551
67.5	302.033	0.00508264	0.6577
72.0	302.033	0.00202291	0.6056
76.5	302.033	0.00427371	0.7115
81.0	302.033	0.00318849	0.6705
85.5	302.033	0.000165659	0.3707
90.0	302.033	0.00241431	0.9127
94.5	302.033	0.000315366	0.3253
99.0	302.033	0.00365862	0.4981
103.5	302.033	0.00193646	0.7684
108.0	302.033	0.0015418	0.7821
112.5	302.033	0.000344322	0.2795
117.0	302.033	0.000645237	0.3577
121.5	302.033	0.000396555	0.2787
126.0	302.033	0.000105046	0.5769
130.5	302.033	0.000301481	0.3162
135.0	302.033	0.00300539	0.867
139.5	302.033	0.00115371	0.8093
144.0	302.033	0.000860358	0.896
148.5	302.033	0.000109093	0.4291
153.0	302.033	0.000710003	0.6742
157.5	302.033	0.000641899	0.4158
162.0	302.033	0.00302675	0.5507
166.5	302.033	0.00121348	0.5877
171.0	302.033	0.00227488	0.7965
175.5	302.033	0.000318531	0.3301
180.0	302.033	0.000478348	0.4389
184.5	302.033	0.000187102	0.4981
189.0	302.033	0.000679268	0.813
193.5	302.033	0.000437788	0.7491
198.0	302.033	0.000367583	0.4676
202.5	302.033	0.000190474	0.4282
207.0	302.033	0.000106859	0.6555
211.5	302.033	6.06248e-05	0.5622
216.0	302.033	0.000108025	0.4077
220.5	302.033	0.000760568	0.8393
225.0	302.033	0.000256227	0.3568
229.5	302.033	0.00262478	0.8442
234.0	302.033	0.000157937	0.4297
238.5	302.033	0.000153015	0.4661
243.0	302.033	8.68422e-05	0.5885
247.5	302.033	0.000130064	0.4913
252.0	302.033	0.00135311	0.6491
256.5	302.033	0.00172095	0.6634
261.0	302.033	0.00013717	0.4893
265.5	302.033	0.00204147	0.8856
270.0	302.033	0.000182447	0.3843
274.5	302.033	0.000448392	0.8407
279.0	302.033	0.00011777	0.5062
283.5	302.033	5.23463e-05	0.4962
288.0	302.033	7.18168e-05	0.5107
292.5	302.033	0.00116233	0.9398
297.0	302.033	4.48082e-05	0.6992
301.5	302.033	0.00011355	0.5748
306.0	302.033	0.000177252	0.4265
310.5	302.033	0.00013614	0.523
315.0	302.033	9.52097e-05	0.6097
319.5	302.033	0.000713544	0.8628
324.0	302.033	0.000265834	0.6054
328.5	302.033	0.000201768	0.3953
333.0	302.033	8.73764e-05	0.7105
337.5	302.033	0.000145277	0.4158
342.0	302.033	0.000131071	0.3964
346.5	302.033	7.52912e-05	0.4436
351.0	302.033	6.03369e-05	0.6613
355.5	302.033	0.00148637	0.9317
360.0	302.033	1.58062e-05	1.0
364.5	302.033	1.1718e-05	1.0
369.0	302.033	3.19405e-05	1.0
373.5	302.033	6.06375e-05	0.6296
378.0	302.033	1.44341e-06	1.0
382.5	302.033	0.000128878	0.6156
387.0	302.033	0.000827756	0.8916
391.5	302.033	1.23212e-05	0.8381
396.0	302.033	6.08589e-05	0.6538
400.5	302.033	8.74328e-05	0.6226
405.0	302.033	6.52819e-05	0.5838
409.5	302.033	3.46472e-05	1.0
414.0	302.033	2.37396e-07	1.0
418.5	302.033	5.72465e-05	0.6869
423.0	302.033	0.000136559	0.451
427.5	302.033	8.55268e-05	0.7187
432.0	302.033	4.31022e-05	0.6085
436.5	302.033	4.53986e-05	0.7071
441.0	302.033	0.0	0.0
445.5	302.033	3.05422e-05	1.0
-450.0	304.6	0.0	0.0
-445.5	304.6	2.5849e-05	1.0
-441.0	304.6	3.51943e-05	0.708
-436.5	304.6	2.82003e-05	1.0
-432.0	304.6	0.0	0.0
-427.5	304.6	0.0	0.0
-423.0	304.6	3.199e-05	1.0
-418.5	304.6	3.53357e-05	0.7866
-414.0	304.6	0.00068991	0.9894
-409.5	304.6	0.000623494	0.9724
-405.0	304.6	1.80707e-05	0.7373
-400.5	304.6	0.000540004	0.9628
-396.0	304.6	3.45307e-05	1.0
-391.5	304.6	0.00117655	0.9594
-387.0	304.6	0.00016641	0.9457
-382.5	304.6	0.000103646	0.5272
-378.0	304.6	8.9997e-05	0.5581
-373.5	304.6	0.000553972	0.914
-369.0	304.6	0.000103012	0.5799
-364.5	304.6	8.95676e-05	0.6067
-360.0	304.6	3.99483e-05	0.7158
-355.5	304.6	0.000222612	0.9128
-351.0	304.6	0.00015046	0.4548
-346.5	304.6	0.00202453	0.9178
-342.0	304.6	1.82392e-05	0.7523
-337.5	304.6	5.93266e-05	0.7229
-333.0	304.6	0.00171582	0.9948
-328.5	304.6	0.000128	0.4828
-324.0	304.6	0.000130173	0.4573
-319.5	304.6	0.000108949	0.6247
-315.0	304.6	0.00168459	0.8794
-310.5	304.6	0.000404135	0.6771
-306.0	304.6	0.000113468	0.4382
-301.5	304.6	9.26496e-05	0.5994
-297.0	304.6	1.23024e-05	0.8093
-292.5	304.6	6.64788e-05	0.6518
-288.0	304.6	0.00178787	0.7504
-283.5	304.6	0.000348708	0.6203
-279.0	304.6	8.89701e-05	0.5556
-274.5	304.6	1.23961e-06	1.0
-270.0	304.6	4.5623e-05	1.0
-265.5	304.6	0.00068153	0.5644
-261.0	304.6	0.000257116	0.5645
-256.5	304.6	0.000822102	0.9446
-252.0	304.6	8.33221e-05	0.6185
-247.5	304.6	0.000248578	0.3686
-243.0	304.6	0.00157234	0.8913
-238.5	304.6	0.000559139	0.4138
-234.0	304.6	0.000116866	0.4714
-229.5	304.6	0.000261211	0.3372
-225.0	304.6	0.000161524	0.4433
-220.5	304.6	0.0001082	0.4518
-216.0	304.6	0.000895773	0.8889
-211.5	304.6	0.000463488	0.7862
-207.0	304.6	0.00026638	0.4036
-202.5	304.6	0.000202754	0.3732
-198.0	304.6	0.000102581	0.7013
-193.5	304.6	0.000445687	0.544
-189.0	304.6	0.0039719	0.7294
-184.5	304.6	0.000155313	0.4369
-180.0	304.6	0.000287085	0.6474
-175.5	304.6	0.000468675	0.4044
-171.0	304.6	0.000179409	0.3838
-166.5	304.6	8.41272e-05	0.633
-162.0	304.6	0.000303921	0.3659
-157.5	304.6	0.00355104	0.5714
-153.0	304.6	0.00502723	0.513
-148.5	304.6	0.000552214	0.3212
-144.0	304.6	0.00065522	0.5839
-139.5	304.6	0.00277404	0.7667
-135.0	304.6	0.000221697	0.4074
-130.5	304.6	0.00185561	0.7882
-126.0	304.6	0.000254537	0.3549
-121.5	304.6	0.000410383	0.296
-117.0	304.6	0.000429556	0.2738
-112.5	304.6	0.000363352	0.2955
-108.0	304.6	0.00221349	0.853
-103.5	304.6	0.000590985	0.6053
-99.0	304.6	0.00146322	0.7554
-94.5	304.6	0.0017529	0.7404
-90.0	304.6	0.000390894	0.2997
-85.5	304.6	0.00111204	0.7174
-81.0	304.6	0.000269763	0.3519
-76.5	304.6	0.00205499	0.6431
-72.0	304.6	0.000189686	0.3983
-67.5	304.6	0.00395421	0.6312
-63.0	304.6	0.00515909	0.5596
-58.5	304.6	0.00104811	0.6581
-54.0	304.6	0.00163449	0.5632
-49.5	304.6	0.00255328	0.6268
-45.0	304.6	0.00265699	0.8155
-40.5	304.6	0.00181203	0.8045
-36.0	304.6	0.000335447	0.3265
-31.5	304.6	0.00201706	0.6566
-27.0	304.6	0.00184291	0.8541
-22.5	304.6	0.00303824	0.7587
-18.0	304.6	0.00185772	0.6967
-13.5	304.6	0.00824177	0.4929
-9.0	304.6	0.00141144	0.4392
-4.5	304.6	0.00335343	0.619
0.0	304.6	0.00304388	0.666
4.5	304.6	0.00198858	0.5907
9.0	304.6	0.00129639	0.4856
13.5	304.6	0.00190087	0.7412
18.0	304.6	0.000318756	0.324
22.5	304.6	0.00286098	0.8723
27.0	304.6	0.00145659	0.6094
31.5	304.6	0.000502213	0.2504
36.0	304.6	0.00523112	0.5035
40.5	304.6	0.000876644	0.6219
45.0	304.6	0.00606784	0.6292
49.5	304.6	0.00209637	0.5292
54.0	304.6	0.000467242	0.2521
58.5	304.6	0.00217547	0.8663
63.0	304.6	0.00420382	0.5415
67.5	304.6	0.00161681	0.4904
72.0	304.6	0.00443964	0.7822
76.5	304.6	0.00144034	0.5285
81.0	304.6	0.00487925	0.6098
85.5	304.6	0.000235618	0.3345
90.0	304.6	0.000234006	0.3581
94.5	304.6	0.000561775	0.4356
99.0	304.6	0.00029565	0.2951
103.5	304.6	0.00154589	0.6971
108.0	304.6	0.00261505	0.6251
112.5	304.6	0.00146016	0.4938
117.0	304.6	0.0030625	0.5777
121.5	304.6	0.000347427	0.3025
126.0	304.6	0.000153278	0.4154
130.5	304.6	0.000701841	0.4726
135.0	304.6	0.000963526	0.6019
139.5	304.6	0.00367146	0.9621
144.0	304.6	0.00328129	0.9351
148.5	304.6	0.000586845	0.5204
153.0	304.6	0.00101569	0.6346
157.5	304.6	0.000352025	0.3616
162.0	304.6	0.00183553	0.8349
166.5	304.6	0.00535296	0.5676
171.0	304.6	0.00176114	0.7225
175.5	304.6	0.000437164	0.6098
180.0	304.6	0.00383643	0.5966
184.5	304.6	0.00021631	0.3625
189.0	304.6	0.000814143	0.706
193.5	304.6	0.000734947	0.6699
198.0	304.6	0.00180513	0.8974
202.5	304.6	0.000241014	0.3339
207.0	304.6	0.000832878	0.6084
211.5	304.6	0.00538081	0.8579
216.0	304.6	0.00180482	0.9167
220.5	304.6	0.000246624	0.3451
225.0	304.6	7.83649e-05	0.5752
229.5	304.6	0.00320294	0.6401
234.0	304.6	0.00031789	0.4605
238.5	304.6	0.000153036	0.4881
243.0	304.6	0.000197652	0.4404
247.5	304.6	0.00125775	0.8856
252.0	304.6	9.7724e-05	0.5416
256.5	304.6	0.00210999	0.6669
261.0	304.6	0.000952361	0.8525
265.5	304.6	0.000375101	0.6259
270.0	304.6	0.00175578	0.9014
274.5	304.6	9.037e-05	0.4819
279.0	304.6	0.00237737	0.7721
283.5	304.6	8.9825e-05	0.5011
288.0	304.6	0.000152226	0.4828
292.5	304.6	0.00123718	0.8837
297.0	304.6	3.97085e-05	0.7751
301.5	304.6	4.39953e-05	0.9358
306.0	304.6	0.000136129	0.4825
310.5	304.6	0.000105079	0.5811
315.0	304.6	0.000167907	0.5186
319.5	304.6	0.000189713	0.5678
324.0	304.6	0.000323178	0.8428
328.5	304.6	0.000161155	0.3572
333.0	304.6	0.000242914	0.4523
337.5	304.6	0.000125562	0.4846
342.0	304.6	7.06465e-05	0.7111
346.5	304.6	7.72166e-05	0.561
351.0	304.6	1.81946e-05	1.0
355.5	304.6	0.0015552	0.8916
360.0	304.6	0.000636478	0.8769
364.5	304.6	0.00116753	0.9629
369.0	304.6	0.00207519	0.9783
373.5	304.6	4.10319e-05	1.0
378.0	304.6	4.19296e-05	0.7309
382.5	304.6	3.42738e-05	1.0
387.0	304.6	3.29864e-05	0.7228
391.5	304.6	2.43974e-05	0.8092
396.0	304.6	5.00329e-05	1.0
400.5	304.6	2.89585e-06	1.0
405.0	304.6	0.000110182	0.5812
409.5	304.6	4.53365e-05	0.8497
414.0	304.6	4.9896e-05	0.7135
418.5	304.6	2.89839e-05	1.0
423.0	304.6	0.00251684	0.9858
427.5	304.6	0.000427983	0.9122
432.0	304.6	6.58323e-05	0.7776
436.5	304.6	7.0989e-05	0.6493
441.0	304.6	0.000635322	0.8927
445.5	304.6	0.000224719	0.6505
-450.0	307.167	6.91178e-05	0.9478
-445.5	307.167	8.47518e-05	0.5207
-441.0	307.167	4.88183e-05	0.7161
-436.5	307.167	0.0	0.0
-432.0	307.167	0.0	0.0
-427.5	307.167	3.46981e-05	0.8392
-423.0	307.167	1.32735e-05	1.0
-418.5	307.167	0.0	0.0
-414.0	307.167	0.0	0.0
-409.5	307.167	9.21621e-06	1.0
-405.0	307.167	0.00017475	1.0
-400.5	307.167	0.000344763	1.0
-396.0	307.167	1.9267e-05	0.7215
-391.5	307.167	0.00328466	0.696
-387.0	307.167	7.72827e-05	0.5965
-382.5	307.167	0.0	0.0
-378.0	307.167	0.00102023	0.9742
-373.5	307.167	0.00214311	0.9679
-369.0	307.167	4.67621e-05	0.7372
-364.5	307.167	1.65654e-05	0.9823
-360.0	307.167	6.25593e-05	0.7809
-355.5	307.167	7.41139e-05	0.7363
-351.0	307.167	0.00153868	0.6965
-346.5	307.167	0.00119319	0.9537
-342.0	307.167	4.48823e-05	0.7081
-337.5	307.167	0.0	0.0
-333.0	307.167	3.14222e-05	1.0
-328.5	307.167	4.92113e-05	0.7518
-324.0	307.167	7.57126e-05	0.6412
-319.5	307.167	0.000118625	0.4981
-315.0	307.167	0.000135776	0.4872
-310.5	307.167	0.000162289	0.4662
-306.0	307.167	9.38493e-05	0.7204
-301.5	307.167	8.58447e-05	0.5292
-297.0	307.167	0.000175214	0.4957
-292.5	307.167	7.28627e-05	0.5836
-288.0	307.167	5.46772e-05	0.782
-283.5	307.167	9.82249e-05	0.5171
-279.0	307.167	0.000446249	0.5686
-274.5	307.167	4.74632e-05	0.6641
-270.0	307.167	0.00014671	0.4894
-265.5	307.167	0.00179443	0.8184
-261.0	307.167	0.000112945	0.5199
-256.5	307.167	7.79379e-05	0.5586
-252.0	307.167	0.000226515	0.4072
-247.5	307.167	0.0020231	0.6656
-243.0	307.167	0.000291436	0.4349
-238.5	307.167	0.000349006	0.3832
-234.0	307.167	0.000851483	0.9703
-229.5	307.167	0.000162084	0.3997
-225.0	307.167	7.44408e-05	0.6734
-220.5	307.167	6.37128e-05	0.6581
-216.0	307.167	0.000117198	0.4104
-211.5	307.167	0.00021187	0.5233
-207.0	307.167	0.000218278	0.3671
-202.5	307.167	0.00179417	0.8678
-198.0	307.167	0.0023871	0.7104
-193.5	307.167	0.000580185	0.7234
-189.0	307.167	6.81143e-05	0.4852
-184.5	307.167	8.71855e-05	0.5433
-180.0	307.167	0.000247383	0.7506
-175.5	307.167	0.000200852	0.3657
-171.0	307.167	0.000284025	0.3448
-166.5	307.167	0.000629768	0.5876
-162.0	307.167	0.00019772	0.4425
-157.5	307.167	0.00451013	0.6903
-153.0	307.167	0.00338657	0.6048
-148.5	307.167	0.00025003	0.4239
-144.0	307.167	0.00102559	0.6896
-139.5	307.167	0.00365936	0.6325
-135.0	307.167	0.000258925	0.357
-130.5	307.167	0.00231182	0.623
-126.0	307.167	0.000355862	0.3299
-121.5	307.167	0.000507291	0.6223
-117.0	307.167	0.000262803	0.3424
-112.5	307.167	0.000276194	0.3233
-108.0	307.167	0.000304566	0.3127
-103.5	307.167	0.00113756	0.635
-99.0	307.167	0.000757178	0.5464
-94.5	307.167	0.000476422	0.2798
-90.0	307.167	0.00149923	0.7331
-85.5	307.167	0.00100917	0.6727
-81.0	307.167	0.00254582	0.7781
-76.5	307.167	0.000813113	0.6177
-72.0	307.167	0.00019473	0.3711
-67.5	307.167	0.00702544	0.5584
-63.0	307.167	0.00398777	0.6475
-58.5	307.167	0.00092045	0.5347
-54.0	307.167	0.000519396	0.2737
-49.5	307.167	0.000314429	0.2908
-45.0	307.167	0.000498294	0.2918
-40.5	307.167	0.000329599	0.3087
-36.0	307.167	0.00196844	0.8236
-31.5	307.167	0.000832843	0.5062
-27.0	307.167	0.00208712	0.5879
-22.5	307.167	0.0041551	0.5615
-18.0	307.167	0.000494869	0.2694
-13.5	307.167	0.00793713	0.5147
-9.0	307.167	0.00157798	0.8131
-4.5	307.167	0.000985469	0.8521
0.0	307.167	0.00138976	0.4576
4.5	307.167	0.00316077	0.5053
9.0	307.167	0.000391747	0.2503
13.5	307.167	0.0029642	0.9084
18.0	307.167	0.00062342	0.3291
22.5	307.167	0.00509535	0.5545
27.0	307.167	0.000366687	0.2556
31.5	307.167	0.000544869	0.3033
36.0	307.167	0.00243888	0.6752
40.5	307.167	0.00290991	0.569
45.0	307.167	0.0031814	0.6239
49.5	307.167	0.00174928	0.5819
54.0	307.167	0.000639324	0.233
58.5	307.167	0.00207466	0.9077
63.0	307.167	0.00378989	0.6499
67.5	307.167	0.00295283	0.5599
72.0	307.167	0.00269319	0.864
76.5	307.167	0.00241534	0.8733
81.0	307.167	0.00184466	0.8802
85.5	307.167	0.000233441	0.3701
90.0	307.167	0.00377827	0.7482
94.5	307.167	0.00200688	0.6868
99.0	307.167	0.00412222	0.65
103.5	307.167	0.000261179	0.3076
108.0	307.167	0.00234436	0.5077
112.5	307.167	0.000269756	0.3444
117.0	307.167	0.000130183	0.4073
121.5	307.167	0.000217303	0.3584
126.0	307.167	0.000288673	0.3391
130.5	307.167	0.000916513	0.8075
135.0	307.167	0.00261974	0.6146
139.5	307.167	0.00473256	0.7748
144.0	307.167	0.00052522	0.499
148.5	307.167	0.00178101	0.7802
153.0	307.167	0.000473216	0.2717
157.5	307.167	0.00125865	0.5769
162.0	307.167	0.00331905	0.6488
166.5	307.167	0.00219185	0.8224
171.0	307.167	0.0041747	0.6717
175.5	307.167	0.000166473	0.412
180.0	307.167	0.000644966	0.5127
184.5	307.167	0.000218289	0.3234
189.0	307.167	0.00211864	0.8491
193.5	307.167	0.00301865	0.8349
198.0	307.167	0.000126133	0.3891
202.5	307.167	0.000203068	0.3946
207.0	307.167	0.00061522	0.7141
211.5	307.167	0.00126096	0.8504
216.0	307.167	0.00137378	0.9531
220.5	307.167	0.000132692	0.4698
225.0	307.167	0.000989246	0.8133
229.5	307.167	0.00012781	0.3865
234.0	307.167	0.000508867	0.6363
238.5	307.167	0.00107839	0.9251
243.0	307.167	0.00173651	0.6452
247.5	307.167	0.000491388	0.6577
252.0	307.167	0.000689831	0.6987
256.5	307.167	0.00029226	0.658
261.0	307.167	7.50115e-05	0.5187
265.5	307.167	0.000188487	0.3694
270.0	307.167	0.000571714	0.7442
274.5	307.167	5.64284e-05	0.5584
279.0	307.167	0.00196775	0.5781
283.5	307.167	5.28409e-05	0.7859
288.0	307.167	0.00012247	0.5011
292.5	307.167	0.00110072	0.8443
297.0	307.167	7.64788e-05	0.5857
301.5	307.167	0.000249829	0.5126
306.0	307.167	0.000211735	0.5405
310.5	307.167	0.000265433	0.4534
315.0	307.167	0.000102065	0.5263
319.5	307.167	4.91272e-05	0.6852
324.0	307.167	0.000299974	0.3797
328.5	307.167	0.000284306	0.3329
333.0	307.167	6.30907e-05	0.8135
337.5	307.167	0.000199385	0.4571
342.0	307.167	2.55956e-05	0.7186
346.5	307.167	0.000134574	0.4676
351.0	307.167	0.00116097	0.8424
355.5	307.167	0.000840578	0.8233
360.0	307.167	0.000802837	0.8677
364.5	307.167	1.47572e-07	1.0
369.0	307.167	9.25475e-05	0.5865
373.5	307.167	3.29905e-05	0.7298
378.0	307.167	3.31472e-06	1.0
382.5	307.167	0.0001029	0.7079
387.0	307.167	0.000116982	0.5611
391.5	307.167	3.34462e-05	0.9574
396.0	307.167	3.31505e-05	1.0
400.5	307.167	0.0	0.0
405.0	307.167	8.86292e-05	0.6676
409.5	307.167	0.000128177	0.5402
414.0	307.167	8.00632e-05	0.6671
418.5	307.167	0.000595481	1.0
423.0	307.167	5.56085e-05	0.7175
427.5	307.167	6.99494e-05	0.7082
432.0	307.167	2.04864e-06	1.0
436.5	307.167	8.89853e-05	0.5808
441.0	307.167	0.00205771	0.9927
445.5	307.167	0.000174751	1.0
-450.0	309.733	9.47452e-05	0.6271
-445.5	309.733	0.000125073	0.5343
-441.0	309.733	5.64247e-06	1.0
-436.5	309.733	7.46146e-05	1.0
-432.0	309.733	4.68678e-05	0.6761
-427.5	309.733	2.22873e-05	0.7523
-423.0	309.733	3.53872e-05	1.0
-418.5	309.733	7.31915e-05	0.7255
-414.0	309.733	0.000126306	0.5765
-409.5	309.733	3.82422e-05	0.9195
-405.0	309.733	0.000576655	0.9036
-400.5	309.733	0.000536679	0.7728
-396.0	309.733	5.06081e-05	0.7215
-391.5	309.733	1.22035e-05	1.0
-387.0	309.733	3.96946e-05	0.7112
-382.5	309.733	2.92315e-05	0.7255
-378.0	309.733	3.73288e-05	0.7534
-373.5	309.733	4.6456e-05	0.6472
-369.0	309.733	2.94448e-05	0.8814
-364.5	309.733	4.48504e-05	1.0
-360.0	309.733	0.00011783	0.6448
-355.5	309.733	9.43052e-05	0.6543
-351.0	309.733	0.00400788	0.6915
-346.5	309.733	0.000340801	0.7148
-342.0	309.733	4.99136e-05	1.0
-337.5	309.733	5.24193e-05	0.6514
-333.0	309.733	4.30977e-05	0.7112
-328.5	309.733	0.00126711	0.9522
-324.0	309.733	0.000175109	0.763
-319.5	309.733	0.000166545	0.3938
-315.0	309.733	0.000178583	0.5108
-310.5	309.733	0.000115995	0.4473
-306.0	309.733	5.51816e-05	0.738
-301.5	309.733	7.08084e-05	0.6929
-297.0	309.733	0.000389112	0.7884
-292.5	309.733	8.89491e-05	0.5204
-288.0	309.733	4.98407e-05	0.7622
-283.5	309.733	7.69169e-05	0.5104
-279.0	309.733	8.2427e-05	0.5868
-274.5	309.733	0.00132329	0.9323
-270.0	309.733	0.000907245	0.7155
-265.5	309.733	0.00153792	0.7444
-261.0	309.733	0.000166502	0.3987
-256.5	309.733	0.000239027	0.3499
-252.0	309.733	0.000243586	0.3159
-247.5	309.733	0.00340852	0.5777
-243.0	309.733	0.000341312	0.3387
-238.5	309.733	0.00262399	0.8863
-234.0	309.733	0.000157827	0.4473
-229.5	309.733	0.000200986	0.3707
-225.0	309.733	2.72341e-05	0.8245
-220.5	309.733	7.67003e-05	0.5603
-216.0	309.733	0.000276344	0.349
-211.5	309.733	0.000223362	0.5146
-207.0	309.733	0.0001859	0.3479
-202.5	309.733	9.22582e-05	0.4561
-198.0	309.733	0.000213368	0.3624
-193.5	309.733	0.000398638	0.3788
-189.0	309.733	0.000826138	0.7924
-184.5	309.733	0.00249494	0.9048
-180.0	309.733	0.000720991	0.749
-175.5	309.733	0.000992249	0.883
-171.0	309.733	0.000204539	0.3725
-166.5	309.733	0.00225132	0.884
-162.0	309.733	0.000401599	0.4554
-157.5	309.733	0.00522106	0.4783
-153.0	309.733	0.000940059	0.6284
-148.5	309.733	0.00232451	0.8829
-144.0	309.733	0.000974053	0.728
-139.5	309.733	0.00271262	0.7789
-135.0	309.733	0.000416841	0.2933
-130.5	309.733	0.000841905	0.6377
-126.0	309.733	0.0013071	0.758
-121.5	309.733	0.000326299	0.326
-117.0	309.733	0.00168667	0.7251
-112.5	309.733	0.000686453	0.8148
-108.0	309.733	0.000166354	0.4064
-103.5	309.733	0.00227123	0.8026
-99.0	309.733	0.00280471	0.7445
-94.5	309.733	0.000429801	0.2956
-90.0	309.733	0.00317107	0.6515
-85.5	309.733	0.000120736	0.4155
-81.0	309.733	0.000562075	0.5088
-76.5	309.733	0.00094418	0.537
-72.0	309.733	0.000267852	0.3045
-67.5	309.733	0.00261484	0.5215
-63.0	309.733	0.00365607	0.6549
-58.5	309.733	0.0015342	0.669
-54.0	309.733	0.000259309	0.3102
-49.5	309.733	0.000518105	0.2802
-45.0	309.733	0.000866054	0.6545
-40.5	309.733	0.0028236	0.8125
-36.0	309.733	0.0012111	0.7017
-31.5	309.733	0.00160612	0.8756
-27.0	309.733	0.00472708	0.6225
-22.5	309.733	0.00220484	0.8688
-18.0	309.733	0.00170761	0.6075
-13.5	309.733	0.00791664	0.5163
-9.0	309.733	0.00137032	0.7315
-4.5	309.733	0.000406688	0.2703
0.0	309.733	0.00388034	0.4976
4.5	309.733	0.00199686	0.7902
9.0	309.733	0.00406269	0.5532
13.5	309.733	0.00285627	0.775
18.0	309.733	0.000817541	0.5487
22.5	309.733	0.00361707	0.7796
27.0	309.733	0.00236331	0.6584
31.5	309.733	0.00240701	0.6496
36.0	309.733	0.00153214	0.5647
40.5	309.733	0.0019469	0.6256
45.0	309.733	0.00293385	0.6938
49.5	309.733	0.00186753	0.8606
54.0	309.733	0.00103554	0.8357
58.5	309.733	0.0026731	0.7296
63.0	309.733	0.00103265	0.8066
67.5	309.733	0.000288154	0.3331
72.0	309.733	0.000352745	0.2708
76.5	309.733	0.000903231	0.6533
81.0	309.733	0.00317092	0.5743
85.5	309.733	0.000941869	0.4556
90.0	309.733	0.000447624	0.2385
94.5	309.733	0.000638218	0.819
99.0	309.733	0.00102958	0.5718
103.5	309.733	0.00109055	0.7423
108.0	309.733	0.000621219	0.6106
112.5	309.733	0.000644064	0.3201
117.0	309.733	0.000174637	0.3954
121.5	309.733	0.000306219	0.285
126.0	309.733	0.00100806	0.792
130.5	309.733	0.000203717	0.3525
135.0	309.733	0.00049649	0.2884
139.5	309.733	0.00164084	0.7743
144.0	309.733	0.00430422	0.6199
148.5	309.733	0.00162847	0.8108
153.0	309.733	0.000272362	0.3493
157.5	309.733	0.00100775	0.7021
162.0	309.733	0.000270659	0.4134
166.5	309.733	0.00122307	0.669
171.0	309.733	0.0061729	0.5623
175.5	309.733	0.00147781	0.8148
180.0	309.733	0.00168194	0.5967
184.5	309.733	0.000254892	0.3281
189.0	309.733	0.00309091	0.6709
193.5	309.733	0.00048412	0.494
198.0	309.733	0.000195785	0.3529
202.5	309.733	0.000160681	0.4258
207.0	309.733	0.000561727	0.7764
211.5	309.733	0.00313145	0.9682
216.0	309.733	0.000348676	0.4306
220.5	309.733	0.00105605	0.8792
225.0	309.733	0.00664737	0.5638
229.5	309.733	0.00133114	0.9467
234.0	309.733	0.00170543	0.5912
238.5	309.733	0.00110263	0.5717
243.0	309.733	0.00368293	0.9429
247.5	309.733	0.000331536	0.3578
252.0	309.733	0.000217491	0.7116
256.5	309.733	0.000376675	0.3009
261.0	309.733	0.000170689	0.422
265.5	309.733	0.000162471	0.3972
270.0	309.733	0.000258894	0.3841
274.5	309.733	7.96238e-05	0.6563
279.0	309.733	0.000931196	0.5716
283.5	309.733	3.70948e-05	0.6682
288.0	309.733	6.18635e-05	0.6831
292.5	309.733	0.000200093	0.4416
297.0	309.733	0.000604743	0.8498
301.5	309.733	0.000195289	0.4018
306.0	309.733	3.62724e-05	0.7035
310.5	309.733	5.43968e-05	0.6401
315.0	309.733	0.0	0.0
319.5	309.733	6.36124e-05	0.606
324.0	309.733	0.0010679	0.9373
328.5	309.733	0.000119361	0.5328
333.0	309.733	0.000249043	0.4279
337.5	309.733	0.000259825	0.4191
342.0	309.733	4.29993e-05	0.7918
346.5	309.733	0.000129837	0.4423
351.0	309.733	0.00152829	0.635
355.5	309.733	6.53301e-05	0.7247
360.0	309.733	0.00019019	0.7162
364.5	309.733	3.26858e-05	0.8654
369.0	309.733	5.09588e-05	0.7238
373.5	309.733	7.84224e-05	0.6846
378.0	309.733	4.22885e-05	0.7469
382.5	309.733	6.89866e-05	0.7644
387.0	309.733	0.00020997	0.6694
391.5	309.733	0.000189541	0.4238
396.0	309.733	0.00015742	0.441
400.5	309.733	9.61938e-05	0.4622
405.0	309.733	0.0	0.0
409.5	309.733	0.00127758	0.9127
414.0	309.733	0.000342099	0.9104
418.5	309.733	0.000143462	0.6537
423.0	309.733	0.00186326	0.9477
427.5	309.733	5.70107e-05	0.7125
432.0	309.733	5.49023e-05	0.7075
436.5	309.733	1.36795e-05	0.9429
441.0	309.733	7.0891e-05	0.7071
445.5	309.733	4.06972e-05	0.856
-450.0	312.3	6.01746e-05	0.7234
-445.5	312.3	0.0	0.0
-441.0	312.3	7.92792e-05	0.71
-436.5	312.3	8.3053e-05	0.7184
-432.0	312.3	3.00814e-05	0.7913
-427.5	312.3	6.32359e-05	0.7402
-423.0	312.3	0.000504023	0.8297
-418.5	312.3	2.47475e-05	0.906
-414.0	312.3	8.30832e-05	0.6102
-409.5	312.3	0.000113519	0.5213
-405.0	312.3	0.000621613	0.8416
-400.5	312.3	9.92265e-05	0.5915
-396.0	312.3	0.000107728	0.7222
-391.5	312.3	8.2183e-05	0.5693
-387.0	312.3	4.90693e-05	0.6067
-382.5	312.3	3.67033e-05	0.8805
-378.0	312.3	7.62836e-05	0.5835
-373.5	312.3	0.0	0.0
-369.0	312.3	7.80859e-05	0.5861
-364.5	312.3	3.66846e-05	0.9918
-360.0	312.3	0.000145151	0.5445
-355.5	312.3	0.00128744	0.8987
-351.0	312.3	0.000809578	0.8698
-346.5	312.3	0.000671412	0.692
-342.0	312.3	8.8627e-05	0.7178
-337.5	312.3	0.00101437	0.7757
-333.0	312.3	0.000505401	0.8966
-328.5	312.3	0.000116795	0.488
-324.0	312.3	4.9459e-05	0.6925
-319.5	312.3	0.000150867	0.5308
-315.0	312.3	0.000111411	0.4591
-310.5	312.3	0.000119892	0.5521
-306.0	312.3	5.11338e-05	0.7058
-301.5	312.3	5.87557e-06	1.0
-297.0	312.3	0.000173983	0.6614
-292.5	312.3	5.90997e-05	0.7178
-288.0	312.3	7.15131e-05	0.6158
-283.5	312.3	0.000142012	0.4349
-279.0	312.3	0.0	0.0
-274.5	312.3	0.000156974	0.4062
-270.0	312.3	0.000870749	0.7087
-265.5	312.3	0.000294061	0.3491
-261.0	312.3	0.000122021	0.4327
-256.5	312.3	0.000190158	0.4052
-252.0	312.3	0.000975587	0.6659
-247.5	312.3	0.00192609	0.8769
-243.0	312.3	0.000244913	0.4365
-238.5	312.3	0.00154443	0.802
-234.0	312.3	0.00277615	0.954
-229.5	312.3	0.000177659	0.423
-225.0	312.3	6.37522e-05	0.6271
-220.5	312.3	0.00200745	0.9461
-216.0	312.3	0.00018769	0.5725
-211.5	312.3	0.000117536	0.4546
-207.0	312.3	0.000142388	0.4823
-202.5	312.3	0.00015917	0.4025
-198.0	312.3	0.0019741	0.8683
-193.5	312.3	0.000236664	0.411
-189.0	312.3	0.00127258	0.7024
-184.5	312.3	0.00142613	0.8421
-180.0	312.3	0.000549144	0.7306
-175.5	312.3	0.000716321	0.4607
-171.0	312.3	0.00418588	0.6027
-166.5	312.3	0.00226505	0.8188
-162.0	312.3	0.000172992	0.3536
-157.5	312.3	0.0040799	0.5149
-153.0	312.3	0.000406524	0.3006
-148.5	312.3	0.00342868	0.7146
-144.0	312.3	0.00147628	0.6793
-139.5	312.3	0.004384	0.6497
-135.0	312.3	0.000743922	0.3824
-130.5	312.3	0.0041459	0.7371
-126.0	312.3	0.000249481	0.3669
-121.5	312.3	0.000513976	0.4534
-117.0	312.3	0.00248173	0.8461
-112.5	312.3	0.00251957	0.6165
-108.0	312.3	0.00251544	0.8884
-103.5	312.3	0.000919297	0.4729
-99.0	312.3	0.00324833	0.9105
-94.5	312.3	0.000833392	0.5786
-90.0	312.3	0.00112414	0.6544
-85.5	312.3	0.00140474	0.8116
-81.0	312.3	0.000807855	0.5827
-76.5	312.3	0.000457816	0.2529
-72.0	312.3	0.000159559	0.4203
-67.5	312.3	0.00468059	0.4864
-63.0	312.3	0.00412311	0.6204
-58.5	312.3	0.00276314	0.6225
-54.0	312.3	0.000740271	0.3927
-49.5	312.3	0.00147453	0.5355
-45.0	312.3	0.00275622	0.7515
-40.5	312.3	0.00210995	0.6286
-36.0	312.3	0.00416897	0.6576
-31.5	312.3	0.00231383	0.6377
-27.0	312.3	0.00751608	0.4921
-22.5	312.3	0.00221344	0.8335
-18.0	312.3	0.00159854	0.6292
-13.5	312.3	0.0075682	0.4918
-9.0	312.3	0.000804187	0.3129
-4.5	312.3	0.0003333	0.2731
0.0	312.3	0.000691265	0.2128
4.5	312.3	0.00411716	0.5168
9.0	312.3	0.00774027	0.6386
13.5	312.3	0.000171281	0.3951
18.0	312.3	0.00276183	0.6643
22.5	312.3	0.000381602	0.3031
27.0	312.3	0.00550234	0.6507
31.5	312.3	0.00250233	0.5607
36.0	312.3	0.000723214	0.2486
40.5	312.3	0.000706186	0.4409
45.0	312.3	0.00236973	0.8254
49.5	312.3	0.00310336	0.6426
54.0	312.3	0.00238104	0.8829
58.5	312.3	0.00267012	0.7352
63.0	312.3	0.000317131	0.2745
67.5	312.3	0.000399178	0.3306
72.0	312.3	0.000568861	0.29
76.5	312.3	0.00175875	0.8048
81.0	312.3	0.00407504	0.6172
85.5	312.3	0.000364239	0.3098
90.0	312.3	0.000235585	0.2796
94.5	312.3	0.00341838	0.6418
99.0	312.3	0.000289615	0.3226
103.5	312.3	0.00118871	0.7729
108.0	312.3	0.000256264	0.3273
112.5	312.3	0.00180397	0.626
117.0	312.3	0.000313845	0.466
121.5	312.3	0.00085867	0.6152
126.0	312.3	0.000222015	0.3192
130.5	312.3	0.000352526	0.3087
135.0	312.3	0.000489599	0.4734
139.5	312.3	0.000540926	0.3101
144.0	312.3	0.0032351	0.7715
148.5	312.3	0.000779017	0.8207
153.0	312.3	0.00179353	0.883
157.5	312.3	0.00301667	0.7039
162.0	312.3	0.0013935	0.6853
166.5	312.3	0.000282088	0.3349
171.0	312.3	0.00142591	0.7032
175.5	312.3	0.00404605	0.6762
180.0	312.3	0.00163292	0.7294
184.5	312.3	0.00217966	0.8532
189.0	312.3	0.00225684	0.8017
193.5	312.3	0.000167723	0.3985
198.0	312.3	0.00148003	0.8311
202.5	312.3	0.000978261	0.6735
207.0	312.3	0.000825635	0.5629
211.5	312.3	0.00267335	0.9165
216.0	312.3	0.00133796	0.9241
220.5	312.3	0.000797971	0.7491
225.0	312.3	0.00313359	0.5288
229.5	312.3	7.47959e-05	0.545
234.0	312.3	0.000656827	0.4068
238.5	312.3	0.000524083	0.5883
243.0	312.3	0.000803025	0.8779
247.5	312.3	0.00289324	0.957
252.0	312.3	0.000207418	0.4432
256.5	312.3	0.000208522	0.3768
261.0	312.3	0.000324187	0.3053
265.5	312.3	9.8237e-05	0.7193
270.0	312.3	0.000441455	0.9345
274.5	312.3	0.000552261	0.8132
279.0	312.3	0.000320589	0.7011
283.5	312.3	0.000226982	0.7319
288.0	312.3	0.0	0.0
292.5	312.3	0.000132254	0.5138
297.0	312.3	0.000312523	0.3422
301.5	312.3	0.00032371	0.7878
306.0	312.3	0.000184468	0.4357
310.5	312.3	7.07075e-05	0.6405
315.0	312.3	2.74926e-05	0.9486
319.5	312.3	0.000180631	0.378
324.0	312.3	0.000593158	0.9133
328.5	312.3	2.90533e-05	1.0
333.0	312.3	7.73938e-05	0.6159
337.5	312.3	0.000186993	0.5261
342.0	312.3	0.000283735	0.4106
346.5	312.3	0.000112694	0.4794
351.0	312.3	0.000153779	0.4795
355.5	312.3	0.000111005	0.5778
360.0	312.3	9.14031e-05	0.7338
364.5	312.3	7.83923e-05	0.6012
369.0	312.3	7.47797e-05	0.6701
373.5	312.3	0.00109796	0.8344
378.0	312.3	3.42284e-05	0.7172
382.5	312.3	4.8571e-05	1.0
387.0	312.3	9.21326e-05	0.6701
391.5	312.3	0.000164248	0.4495
396.0	312.3	7.66662e-05	0.553
400.5	312.3	1.01093e-05	1.0
405.0	312.3	0.0	0.0
409.5	312.3	4.5629e-05	0.7387
414.0	312.3	0.000385457	0.7298
418.5	312.3	2.0238e-05	1.0
423.0	312.3	2.97854e-05	0.8654
427.5	312.3	3.45876e-05	1.0
432.0	312.3	0.00019562	0.8292
436.5	312.3	9.72133e-07	1.0
441.0	312.3	5.39375e-05	0.7533
445.5	312.3	5.55972e-05	0.6626
-450.0	314.867	4.1677e-05	1.0
-445.5	314.867	0.0	0.0
-441.0	314.867	1.34542e-05	0.9238
-436.5	314.867	0.0	0.0
-432.0	314.867	7.03067e-05	0.7884
-427.5	314.867	0.000126204	0.5121
-423.0	314.867	5.69277e-05	1.0
-418.5	314.867	7.93128e-06	1.0
-414.0	314.867	6.22573e-05	0.7434
-409.5	314.867	0.000250525	0.775
-405.0	314.867	0.000360336	0.7961
-400.5	314.867	0.000130251	0.9847
-396.0	314.867	0.000113991	0.5288
-391.5	314.867	4.68069e-05	0.7166
-387.0	314.867	0.00119963	0.9807
-382.5	314.867	0.0	0.0
-378.0	314.867	5.94335e-05	0.7117
-373.5	314.867	4.96978e-05	0.8336
-369.0	314.867	9.45508e-05	0.5319
-364.5	314.867	6.02232e-05	0.6695
-360.0	314.867	3.22191e-05	0.7928
-355.5	314.867	0.00187939	0.9877
-351.0	314.867	8.98092e-05	0.6503
-346.5	314.867	4.18727e-05	0.8749
-342.0	314.867	7.43561e-05	0.5384
-337.5	314.867	0.00280157	0.9579
-333.0	314.867	0.000498092	0.7459
-328.5	314.867	8.07861e-05	0.4467
-324.0	314.867	8.15106e-05	0.7031
-319.5	314.867	2.90639e-05	0.8448
-315.0	314.867	0.000125765	0.5858
-310.5	314.867	0.000234639	0.416
-306.0	314.867	4.39737e-05	0.6853
-301.5	314.867	0.000101282	0.5337
-297.0	314.867	0.000127059	0.6164
-292.5	314.867	4.86022e-05	0.7268
-288.0	314.867	7.53588e-05	0.4867
-283.5	314.867	0.000122489	0.7348
-279.0	314.867	0.000172556	0.4441
-274.5	314.867	0.000218095	0.4192
-270.0	314.867	0.000393788	0.4557
-265.5	314.867	0.000123346	0.4709
-261.0	314.867	0.000127117	0.4165
-256.5	314.867	0.000148023	0.4053
-252.0	314.867	0.00398827	0.823
-247.5	314.867	0.0010892	0.6552
-243.0	314.867	0.000163438	0.6029
-238.5	314.867	0.000436256	0.5356
-234.0	314.867	0.00144092	0.9273
-229.5	314.867	0.000138193	0.4555
-225.0	314.867	0.000144744	0.4368
-220.5	314.867	0.00170165	0.9057
-216.0	314.867	0.000679755	0.7925
-211.5	314.867	0.00196625	0.8887
-207.0	314.867	0.000206128	0.3189
-202.5	314.867	0.00075055	0.7886
-198.0	314.867	0.000986284	0.5372
-193.5	314.867	0.0016643	0.8857
-189.0	314.867	0.000277245	0.3072
-184.5	314.867	0.00024423	0.3353
-180.0	314.867	0.00147101	0.8872
-175.5	314.867	0.000370814	0.2815
-171.0	314.867	0.00230416	0.8645
-166.5	314.867	0.000141898	0.3987
-162.0	314.867	0.000338152	0.4002
-157.5	314.867	0.00432983	0.55
-153.0	314.867	0.000241369	0.3273
-148.5	314.867	0.0022461	0.5144
-144.0	314.867	0.00467554	0.7738
-139.5	314.867	0.0025458	0.6702
-135.0	314.867	0.00158356	0.8619
-130.5	314.867	0.00527802	0.5156
-126.0	314.867	0.000437995	0.2446
-121.5	314.867	0.00248274	0.8651
-117.0	314.867	0.000634678	0.2361
-112.5	314.867	0.00246356	0.7625
-108.0	314.867	0.000678716	0.3761
-103.5	314.867	0.00258817	0.5316
-99.0	314.867	0.000637771	0.5146
-94.5	314.867	0.000295597	0.2871
-90.0	314.867	0.000435883	0.3151
-85.5	314.867	0.00019614	0.3489
-81.0	314.867	0.00125267	0.5645
-76.5	314.867	0.000400519	0.4989
-72.0	314.867	0.00105523	0.7412
-67.5	314.867	0.00348047	0.671
-63.0	314.867	0.00273603	0.8472
-58.5	314.867	0.000427682	0.2917
-54.0	314.867	0.00263446	0.7606
-49.5	314.867	0.00242606	0.5971
-45.0	314.867	0.000343828	0.2926
-40.5	314.867	0.00313096	0.858
-36.0	314.867	0.00481871	0.5597
-31.5	314.867	0.00237331	0.7792
-27.0	314.867	0.00642665	0.5437
-22.5	314.867	0.00144989	0.6032
-18.0	314.867	0.000808211	0.4305
-13.5	314.867	0.00604939	0.6025
-9.0	314.867	0.00506123	0.4932
-4.5	314.867	0.00126846	0.446
0.0	314.867	0.0011505	0.5421
4.5	314.867	0.00535495	0.5268
9.0	314.867	0.00298007	0.4967
13.5	314.867	0.00250982	0.7423
18.0	314.867	0.00249155	0.5933
22.5	314.867	0.00182473	0.84
27.0	314.867	0.00312628	0.6271
31.5	314.867	0.000845292	0.2592
36.0	314.867	0.000558024	0.2429
40.5	314.867	0.0021437	0.7732
45.0	314.867	0.00165758	0.5599
49.5	314.867	0.00493704	0.4893
54.0	314.867	0.000631252	0.5742
58.5	314.867	0.0025443	0.7507
63.0	314.867	0.00530117	0.5718
67.5	314.867	0.000432079	0.2704
72.0	314.867	0.00304806	0.5061
76.5	314.867	0.00164717	0.494
81.0	314.867	0.00145035	0.6674
85.5	314.867	0.000289192	0.2979
90.0	314.867	0.000759917	0.3928
94.5	314.867	0.00167301	0.778
99.0	314.867	0.000388869	0.4267
103.5	314.867	0.00202532	0.5196
108.0	314.867	0.000433178	0.2825
112.5	314.867	0.00359209	0.4534
117.0	314.867	0.000606756	0.5617
121.5	314.867	0.00156059	0.7639
126.0	314.867	0.000733818	0.4566
130.5	314.867	0.000231876	0.3951
135.0	314.867	0.00173623	0.6475
139.5	314.867	0.000385738	0.342
144.0	314.867	0.000198124	0.3399
148.5	314.867	0.000349998	0.509
153.0	314.867	0.00094672	0.7268
157.5	314.867	0.000461722	0.6145
162.0	314.867	0.000773434	0.8638
166.5	314.867	0.000541524	0.5189
171.0	314.867	0.00332623	0.8657
175.5	314.867	0.00274727	0.9174
180.0	314.867	0.00283905	0.8135
184.5	314.867	0.00153932	0.7557
189.0	314.867	0.00232955	0.6505
193.5	314.867	0.000163127	0.4255
198.0	314.867	0.00187189	0.774
202.5	314.867	0.00112509	0.9039
207.0	314.867	0.000590245	0.7392
211.5	314.867	0.00122606	0.8163
216.0	314.867	0.00546664	0.7293
220.5	314.867	0.00159435	0.8598
225.0	314.867	0.00130825	0.8315
229.5	314.867	0.000207847	0.4876
234.0	314.867	7.19818e-05	0.534
238.5	314.867	0.000245205	0.3679
243.0	314.867	0.000222629	0.3553
247.5	314.867	0.00281709	0.7821
252.0	314.867	0.000511574	0.6854
256.5	314.867	0.000268767	0.3185
261.0	314.867	0.000183746	0.4013
265.5	314.867	3.85759e-05	0.7307
270.0	314.867	0.00116065	0.6703
274.5	314.867	0.00236674	0.7005
279.0	314.867	0.000142908	0.3922
283.5	314.867	0.000571996	0.6746
288.0	314.867	5.37454e-05	0.8173
292.5	314.867	6.6951e-05	0.7632
297.0	314.867	0.000253213	0.4409
301.5	314.867	0.00252693	0.8218
306.0	314.867	0.000162856	0.4513
310.5	314.867	0.00018618	0.4203
315.0	314.867	4.31022e-05	1.0
319.5	314.867	0.000161687	0.4377
324.0	314.867	5.92429e-05	0.6706
328.5	314.867	0.000140647	0.4551
333.0	314.867	0.000501923	0.6392
337.5	314.867	3.71246e-05	0.9917
342.0	314.867	0.000280684	0.4571
346.5	314.867	0.000189271	0.4536
351.0	314.867	7.16083e-05	0.7874
355.5	314.867	5.16883e-05	0.7467
360.0	314.867	9.50143e-05	0.5456
364.5	314.867	0.000110572	0.5661
369.0	314.867	0.000137617	0.5298
373.5	314.867	0.00053949	0.8985
378.0	314.867	7.16133e-05	0.5267
382.5	314.867	0.000162098	0.5739
387.0	314.867	0.000199076	0.6799
391.5	314.867	0.000104235	0.5078
396.0	314.867	0.000142298	0.4714
400.5	314.867	9.20759e-05	0.8166
405.0	314.867	4.02397e-05	0.7315
409.5	314.867	0.0	0.0
414.0	314.867	0.000120651	0.6025
418.5	314.867	4.70943e-05	0.7207
423.0	314.867	8.5369e-07	1.0
427.5	314.867	3.23795e-05	1.0
432.0	314.867	0.00011693	0.5867
436.5	314.867	5.24383e-05	0.7442
441.0	314.867	0.00139938	0.9643
445.5	314.867	0.0	0.0
-450.0	317.433	2.25619e-06	1.0
-445.5	317.433	0.0	0.0
-441.0	317.433	2.5774e-05	1.0
-436.5	317.433	2.18444e-05	0.733
-432.0	317.433	4.51858e-05	0.7276
-427.5	317.433	3.39592e-05	0.7416
-423.0	317.433	4.65645e-05	0.7164
-418.5	317.433	5.36783e-05	1.0
-414.0	317.433	3.5549e-05	0.8421
-409.5	317.433	9.65736e-05	0.6459
-405.0	317.433	3.57658e-05	0.5805
-400.5	317.433	1.66305e-05	0.7073
-396.0	317.433	3.47714e-05	1.0
-391.5	317.433	0.0	0.0
-387.0	317.433	1.09468e-05	1.0
-382.5	317.433	0.0	0.0
-378.0	317.433	1.27034e-05	0.8992
-373.5	317.433	1.83005e-05	0.8164
-369.0	317.433	7.99686e-05	0.572
-364.5	317.433	7.03703e-05	0.7804
-360.0	317.433	0.00164364	0.9159
-355.5	317.433	0.000305353	0.8831
-351.0	317.433	8.01099e-05	0.7075
-346.5	317.433	6.84554e-05	0.6003
-342.0	317.433	8.10314e-05	0.6782
-337.5	317.433	0.000182283	0.4821
-333.0	317.433	0.00017915	0.455
-328.5	317.433	0.000159828	0.4321
-324.0	317.433	0.000174214	0.4281
-319.5	317.433	0.000191433	0.4802
-315.0	317.433	0.000326733	0.5061
-310.5	317.433	0.000110693	0.481
-306.0	317.433	0.000142164	0.4779
-301.5	317.433	0.000126991	0.4968
-297.0	317.433	3.56132e-05	0.7419
-292.5	317.433	0.000673781	0.868
-288.0	317.433	0.00116417	0.6832
-283.5	317.433	3.53023e-06	0.8326
-279.0	317.433	0.000118867	0.5331
-274.5	317.433	0.000117405	0.4689
-270.0	317.433	6.77541e-05	0.6113
-265.5	317.433	0.000261217	0.3297
-261.0	317.433	0.000179513	0.4295
-256.5	317.433	0.00252687	0.9716
-252.0	317.433	0.000998627	0.7795
-247.5	317.433	0.000345252	0.3375
-243.0	317.433	0.000124156	0.5254
-238.5	317.433	9.73724e-05	0.6332
-234.0	317.433	0.000165954	0.4485
-229.5	317.433	0.00064294	0.7703
-225.0	317.433	0.00013993	0.3836
-220.5	317.433	0.000528475	0.5151
-216.0	317.433	0.00134019	0.6159
-211.5	317.433	0.000156093	0.3897
-207.0	317.433	0.000290545	0.4859
-202.5	317.433	0.00211173	0.7991
-198.0	317.433	0.00198071	0.8312
-193.5	317.433	0.000285868	0.3119
-189.0	317.433	0.000310691	0.314
-184.5	317.433	0.000961454	0.8027
-180.0	317.433	0.00052841	0.6123
-175.5	317.433	0.00257473	0.8555
-171.0	317.433	0.00218085	0.9122
-166.5	317.433	0.000343597	0.3617
-162.0	317.433	0.000888272	0.7829
-157.5	317.433	0.00471844	0.5182
-153.0	317.433	0.000198407	0.351
-148.5	317.433	0.0021232	0.5513
-144.0	317.433	0.000511128	0.3529
-139.5	317.433	0.00027832	0.3458
-135.0	317.433	0.00204148	0.7504
-130.5	317.433	0.00292422	0.6546
-126.0	317.433	0.00159713	0.6461
-121.5	317.433	0.000583999	0.4321
-117.0	317.433	0.0016638	0.627
-112.5	317.433	0.00349975	0.5508
-108.0	317.433	0.00137569	0.5067
-103.5	317.433	0.000724241	0.421
-99.0	317.433	0.00348686	0.6859
-94.5	317.433	0.000324035	0.41
-90.0	317.433	0.000444642	0.3087
-85.5	317.433	0.000515241	0.3307
-81.0	317.433	0.000717334	0.542
-76.5	317.433	0.00027482	0.3183
-72.0	317.433	0.0019056	0.6313
-67.5	317.433	0.00235482	0.6748
-63.0	317.433	0.000569344	0.4361
-58.5	317.433	0.00136869	0.614
-54.0	317.433	0.00368294	0.6902
-49.5	317.433	0.0045822	0.4946
-45.0	317.433	0.00262064	0.8683
-40.5	317.433	0.000822152	0.508
-36.0	317.433	0.00299272	0.6175
-31.5	317.433	0.00044425	0.2501
-27.0	317.433	0.00799696	0.4842
-22.5	317.433	0.000506408	0.2623
-18.0	317.433	0.0026616	0.6067
-13.5	317.433	0.000455734	0.3256
-9.0	317.433	0.00889754	0.4718
-4.5	317.433	0.00524948	0.534
0.0	317.433	0.00181591	0.4304
4.5	317.433	0.00214245	0.7393
9.0	317.433	0.000816886	0.5791
13.5	317.433	0.000427721	0.4537
18.0	317.433	0.00575113	0.5561
22.5	317.433	0.00220124	0.751
27.0	317.433	0.00465643	0.5555
31.5	317.433	0.000774559	0.2372
36.0	317.433	0.000522282	0.2982
40.5	317.433	0.000538803	0.3317
45.0	317.433	0.00142938	0.5983
49.5	317.433	0.00440063	0.5903
54.0	317.433	0.00205804	0.7809
58.5	317.433	0.001366	0.696
63.0	317.433	0.00737172	0.5241
67.5	317.433	0.000563357	0.5131
72.0	317.433	0.000504739	0.2775
76.5	317.433	0.00172953	0.5453
81.0	317.433	0.0014442	0.629
85.5	317.433	0.000503293	0.2842
90.0	317.433	0.00037335	0.261
94.5	317.433	0.000316269	0.3057
99.0	317.433	0.00261056	0.6278
103.5	317.433	0.000602647	0.4293
108.0	317.433	0.00036584	0.3204
112.5	317.433	0.00229618	0.644
117.0	317.433	0.00023928	0.3618
121.5	317.433	0.00202291	0.8477
126.0	317.433	0.00220198	0.8709
130.5	317.433	0.000462846	0.5245
135.0	317.433	0.00213254	0.8004
139.5	317.433	0.000319473	0.3498
144.0	317.433	0.0002047	0.332
148.5	317.433	0.0025861	0.7244
153.0	317.433	0.000703859	0.5754
157.5	317.433	0.000821427	0.7351
162.0	317.433	0.00102676	0.9118
166.5	317.433	7.07827e-05	0.5696
171.0	317.433	0.000343467	0.2985
175.5	317.433	0.00354477	0.704
180.0	317.433	0.00281145	0.4703
184.5	317.433	0.00899583	0.4728
189.0	317.433	0.00143778	0.7897
193.5	317.433	0.000328122	0.3222
198.0	317.433	0.000225745	0.3414
202.5	317.433	0.00264869	0.8985
207.0	317.433	0.000889205	0.4722
211.5	317.433	0.00124555	0.8451
216.0	317.433	0.00419165	0.5872
220.5	317.433	0.00272636	0.9452
225.0	317.433	0.0018386	0.7517
229.5	317.433	0.000208903	0.3729
234.0	317.433	0.000299497	0.4433
238.5	317.433	0.0004915	0.6976
243.0	317.433	0.00143356	0.5755
247.5	317.433	0.000142942	0.5612
252.0	317.433	0.000144453	0.4283
256.5	317.433	0.000167943	0.4752
261.0	317.433	8.54926e-05	0.4833
265.5	317.433	4.93971e-05	0.7258
270.0	317.433	0.000153965	0.4732
274.5	317.433	0.000473	0.9846
279.0	317.433	0.000218506	0.4572
283.5	317.433	0.00131763	0.6748
288.0	317.433	0.00146476	0.8482
292.5	317.433	6.48612e-05	0.6134
297.0	317.433	0.000170944	0.4797
301.5	317.433	0.0010537	0.774
306.0	317.433	0.000175628	0.4407
310.5	317.433	9.70726e-05	0.5891
315.0	317.433	0.000113612	0.5858
319.5	317.433	0.000138225	0.5423
324.0	317.433	0.00010734	0.6227
328.5	317.433	2.73569e-05	0.7909
333.0	317.433	0.000609538	0.6161
337.5	317.433	0.00214228	0.8631
342.0	317.433	0.000169067	0.4364
346.5	317.433	0.00270546	0.9126
351.0	317.433	8.85633e-05	0.5083
355.5	317.433	9.37012e-05	0.6104
360.0	317.433	0.000187156	0.4228
364.5	317.433	6.53402e-05	0.6022
369.0	317.433	9.80162e-05	0.6935
373.5	317.433	7.30487e-05	0.6325
378.0	317.433	2.57294e-05	1.0
382.5	317.433	0.0	0.0
387.0	317.433	4.77647e-05	0.7437
391.5	317.433	8.29313e-05	0.7559
396.0	317.433	0.00128816	0.9073
400.5	317.433	0.000190505	0.495
405.0	317.433	0.00016981	0.8339
409.5	317.433	0.000117928	0.5469
414.0	317.433	5.91927e-05	0.6054
418.5	317.433	0.000475028	0.8693
423.0	317.433	0.000186558	0.4395
427.5	317.433	5.36118e-05	0.5499
432.0	317.433	1.36877e-05	1.0
436.5	317.433	0.0	0.0
441.0	317.433	1.06332e-05	1.0
445.5	317.433	0.00126106	0.9901
