nuclide,original_nuclide,total_atom_number_EOL,total_atom_number_cooled,total_activity_EOL_Bq,total_activity_EOL_GBq,total_activity_cooled_Bq,total_activity_cooled_GBq,is_stable,decay_constant,half_life,half_life_seconds
Th232,Th-232,1.9279183663562244e+20,1.9279183663554432e+20,301.3998868581682,3.013998868581682e-07,301.3998868580461,3.013998868580461e-07,不稳定,1.5633436151542845e-18,14059323041.10 年,4.43374811424e+17
Pa231,Pa-231,1.0492869397608974e+19,1.049286757406558e+19,7035276.047083846,0.007035276047083846,7035274.824431522,0.0070352748244315215,不稳定,6.704816176104303e-13,32781.74 年,1033804898380.8
Th228,Th-228,9.592878402316403e+18,9.564350416246479e+18,110225654465.91315,110.22565446591315,109897857552.07,109.89785755207001,不稳定,1.1490362938333175e-08,1.91 年,60324219.894528
Th230,Th-230,8.552201037673469e+18,8.552200391740403e+18,2492025.814182348,0.002492025814182348,2492025.6259639156,0.0024920256259639154,不稳定,2.9138999459959797e-13,75430.02 年,2378761087910.4
Th229,Th229,7.629746025435529e+18,7.629740107372052e+18,22832043.871157143,0.022832043871157143,22832026.161329783,0.022832026161329785,不稳定,2.9925037865010483e-12,7344.87 年,231627837427.2
Th227,Th-227,3.811835813806276e+18,3.4102710455587215e+18,1637076720433.5972,1637.076720433597,1464615899465.5632,1464.6158994655632,不稳定,4.294719920790366e-07,18.68 天,1613952.0
Cd114,Cd-114,3.5614850539832694e+18,3.5614850539832694e+18,0.0,0.0,0.0,0.0,稳定,0.0,稳定,inf
Pd108,Pd-108,3.326107067615048e+18,3.326107067615048e+18,0.0,0.0,0.0,0.0,稳定,0.0,稳定,inf
Cd116,Cd-116,2.857723252821944e+18,2.857723252821944e+18,0.0,0.0,0.0,0.0,稳定,0.0,稳定,inf
Zr94,Zr-94,2.8292640096358533e+18,2.8292640096358533e+18,0.0,0.0,0.0,0.0,稳定,0.0,稳定,inf
Sn118,Sn-118,2.794748297282931e+18,2.794748297282931e+18,0.0,0.0,0.0,0.0,稳定,0.0,稳定,inf
Sn119,Sn-119,2.6091208732893117e+18,2.6091208732893117e+18,0.0,0.0,0.0,0.0,稳定,0.0,稳定,inf
Cs135,Cs-135,2.5660478093447434e+18,2.5660478029928576e+18,24505.731803401042,2.4505731803401043e-05,24505.731742740594,2.4505731742740596e-05,不稳定,9.549990344746825e-15,2301526.19 年,72580929984000.0
Sr89,Sr-89,2.478319037777714e+18,2.3783998030157317e+18,393477255344.1985,393.4772553441985,377613298504.52875,377.61329850452876,不稳定,1.5876779758631315e-07,50.53 天,4365792.0
Xe134,Xe-134,2.435375426076378e+18,2.435375426076378e+18,0.0,0.0,0.0,0.0,稳定,0.0,稳定,inf
Ba138,Ba-138,2.4001909314689377e+18,2.4001909314689377e+18,0.0,0.0,0.0,0.0,稳定,0.0,稳定,inf
Ru102,Ru-102,2.373458812567328e+18,2.373458812567328e+18,0.0,0.0,0.0,0.0,稳定,0.0,稳定,inf
Cd112,Cd-112,2.3566800914097213e+18,2.3566800914097213e+18,0.0,0.0,0.0,0.0,稳定,0.0,稳定,inf
Sr88,Sr-88,2.3165986077335803e+18,2.3165986077335803e+18,0.0,0.0,0.0,0.0,稳定,0.0,稳定,inf
Pd107,Pd-107,2.3165796418613504e+18,2.3165796398322683e+18,7828.249290616891,7.82824929061689e-06,7828.249283760161,7.82824928376016e-06,不稳定,3.3792273527565687e-15,6504313.15 年,205120019520000.0
Xe132,Xe-132,2.304730454483079e+18,2.304730454483079e+18,0.0,0.0,0.0,0.0,稳定,0.0,稳定,inf
Kr84,Kr-84,2.2339379962057375e+18,2.2339379962057375e+18,0.0,0.0,0.0,0.0,稳定,0.0,稳定,inf
Te128,Te-128,2.186912677015321e+18,2.186912677015321e+18,0.0,0.0,0.0,0.0,稳定,0.0,稳定,inf
Zr93,Zr-93,2.149833013679726e+18,2.1498330056799273e+18,30863.42117905654,3.086342117905654e-05,30863.42106420987,3.086342106420987e-05,不稳定,1.4356194635893918e-14,1531015.25 年,48282096902400.0
La139,La-139,2.1242786776854728e+18,2.1242786776854728e+18,0.0,0.0,0.0,0.0,稳定,0.0,稳定,inf
Ag109,Ag-109,2.085474592223049e+18,2.085474592223049e+18,0.0,0.0,0.0,0.0,稳定,0.0,稳定,inf
Cs137,Cs-137,2.0456776523057684e+18,2.0452916157582723e+18,1489479075.0308847,1.4894790750308848,1489197997.8244908,1.4891979978244907,不稳定,7.28110351771224e-10,30.19 年,951980944.7479681
Zr95,Zr-95,2.0252302842794542e+18,1.9605173218859067e+18,253740075407.34125,253.74007540734124,245632221162.30496,245.63222116230497,不稳定,1.2528949294159802e-07,64.03 天,5532364.8
Sr90,Sr-90,2.0185443896728694e+18,2.0181452549929303e+18,1540023712.858047,1.540023712858047,1539719197.9437976,1.5397191979437976,不稳定,7.629377489724798e-10,28.81 年,908523901.8432001
Pa230,Pa230,1.9949412694232415e+18,1.7702246801074217e+18,919798262747.0454,919.7982627470454,816189233433.1702,816.1892334331702,不稳定,4.6106533402508075e-07,17.40 天,1503359.9999999998
Zr92,Zr-92,1.9319117543902305e+18,1.9319117543902305e+18,0.0,0.0,0.0,0.0,稳定,0.0,稳定,inf
Ru104,Ru-104,1.8770449869310518e+18,1.8770449869310518e+18,0.0,0.0,0.0,0.0,稳定,0.0,稳定,inf
Ac227,Ac-227,1.7831558440547628e+18,1.7826896143296356e+18,1798960982.7289305,1.7989609827289306,1798490620.5408533,1.7984906205408533,不稳定,1.0088635767461738e-09,21.79 年,687057394.61376
Mo97,Mo-97,1.764998850120246e+18,1.764998850120246e+18,0.0,0.0,0.0,0.0,稳定,0.0,稳定,inf
I129,I-129,1.748585033679487e+18,1.748585033045394e+18,2446.345951197336,2.446345951197336e-06,2446.345950310212,2.446345950310212e-06,不稳定,1.3990431715234201e-15,15710417.92 年,495443739456000.0
Ce142,Ce-142,1.6854738361601626e+18,1.6854738361601626e+18,0.0,0.0,0.0,0.0,稳定,0.0,稳定,inf
Ru106,Ru106,1.648296107483449e+18,1.639147002689436e+18,35395798065.8537,35.3957980658537,35199328593.95363,35.19932859395363,不稳定,2.1474174394487017e-08,1.02 年,32278175.999999996
Te130,Te-130,1.5843195802285568e+18,1.5843195802285568e+18,0.0,0.0,0.0,0.0,稳定,0.0,稳定,inf
U232,U-232,1.5323346730797683e+18,1.5322080589339505e+18,488500683.0989101,0.4885006830989101,488460319.1380805,0.48846031913808047,不稳定,3.187950332789215e-10,68.95 年,2174272206.912
Rb87,Rb-87,1.5044744001557637e+18,1.5044744001555896e+18,0.6712522199763258,6.712522199763258e-10,0.6712522199762481,6.71252219976248e-10,不稳定,4.461705828339974e-19,49262667139.73 年,1.5535474709184e+18
Sb125,Sb-125,1.4709318362539812e+18,1.467899147845221e+18,11712264775.177753,11.712264775177754,11688117055.515593,11.688117055515592,不稳定,7.962479624484403e-09,2.76 年,87051674.00724481
I131,I-131,1.4591170052283146e+18,1.1258880507467754e+18,1459451156072.7202,1459.4511560727203,1126145889180.2356,1126.1458891802356,不稳定,1.000229008943908e-06,8.02 天,692988.48
Ce141,Ce-141,1.4051109000023626e+18,1.3180444503652882e+18,346762456018.9047,346.76245601890474,325275628243.9957,325.27562824399575,不稳定,2.4678653906842633e-07,32.51 天,2808691.2
Sn122,Sn122,1.4012989158181312e+18,1.4012989158181312e+18,0.0,0.0,0.0,0.0,稳定,0.0,稳定,inf
Sn124,Sn124,1.3643419680000003e+18,1.3643419680000003e+18,0.0,0.0,0.0,0.0,稳定,0.0,稳定,inf
Th231,Th-231,1.3518272787738842e+18,1.9125829404148957e+17,10199138659070.674,10199.138659070673,1442987496446.8335,1442.9874964468336,不稳定,7.544705465864957e-06,1.06 天,91872.0
Ru101,Ru-101,1.320802251893088e+18,1.320802251893088e+18,0.0,0.0,0.0,0.0,稳定,0.0,稳定,inf
Xe133,Xe-133,1.2872940861026816e+18,8.658266940738979e+17,1969743313689.781,1969.743313689781,1324838170141.4507,1324.8381701414507,不稳定,1.5301424398314711e-06,5.24 天,452995.2
Ac225,Ac-225,1.2759058908575972e+18,1.0363576173741207e+18,1023600197809.9176,1023.6001978099176,831421713581.8221,831.4217135818221,不稳定,8.022536812036404e-07,10.00 天,864000.0
Ba140,Ba-140,1.1939184868214833e+18,1.0142737799450262e+18,751117864734.6415,751.1178647346414,638099806861.0636,638.0998068610636,不稳定,6.291198880204206e-07,12.75 天,1101772.8
Sn117,Sn-117,1.1917605380402186e+18,1.1917605380402186e+18,0.0,0.0,0.0,0.0,稳定,0.0,稳定,inf
Ra224,Ra-224,1.1758069254259395e+18,6.66177738281057e+17,2577309929802.443,2577.309929802443,1460228259212.823,1460.228259212823,不稳定,2.191949948643826e-06,3.66 天,316224.0
Cs133,Cs-133,1.1410247868935543e+18,1.1410247868935543e+18,0.0,0.0,0.0,0.0,稳定,0.0,稳定,inf
Rb85,Rb-85,1.1286133164394753e+18,1.1286133164394753e+18,0.0,0.0,0.0,0.0,稳定,0.0,稳定,inf
Pd110,Pd110,1.0895810109116023e+18,1.0895810109116023e+18,0.0,0.0,0.0,0.0,稳定,0.0,稳定,inf
Kr86,Kr86,1.0569615144653329e+18,1.0569615144653329e+18,0.0,0.0,0.0,0.0,稳定,0.0,稳定,inf
Sn123,Sn123,1.0553611168370733e+18,1.0385113052681501e+18,65531527939.76219,65.53152793976219,64485256781.963715,64.48525678196371,不稳定,6.209393817365639e-08,129.20 天,11162879.999999998
Xe131,Xe-131,1.0466987465238738e+18,1.0466987465238738e+18,0.0,0.0,0.0,0.0,稳定,0.0,稳定,inf
Xe130,Xe-130,1.0219175399484758e+18,1.0219175399484758e+18,0.0,0.0,0.0,0.0,稳定,0.0,稳定,inf
Te126,Te-126,9.90504569953082e+17,9.90504569953082e+17,0.0,0.0,0.0,0.0,稳定,0.0,稳定,inf
I127,I-127,9.699400123238167e+17,9.699400123238167e+17,0.0,0.0,0.0,0.0,稳定,0.0,稳定,inf
Ag111,Ag-111,9.674932170061389e+17,7.318596378538519e+17,1041845630715.0704,1041.8456307150705,788103474620.9608,788.1034746209608,不稳定,1.0768505787968328e-06,7.45 天,643680.0
Cs136,Cs136,8.321443583279953e+17,7.105175571234301e+17,507287898754.9205,507.2878987549205,433142344804.0195,433.14234480401944,不稳定,6.096152592732829e-07,13.16 天,1137024.0
Sb121,Sb-121,8.300358508434967e+17,8.300358508434967e+17,0.0,0.0,0.0,0.0,稳定,0.0,稳定,inf
Pr143,Pr-143,8.045506299404022e+17,6.902444147972476e+17,475647534697.4174,475.6475346974174,408070097790.2317,408.07009779023167,不稳定,5.911965226261167e-07,13.57 天,1172448.0
Sb123,Sb-123,7.947753039022508e+17,7.947753039022508e+17,0.0,0.0,0.0,0.0,稳定,0.0,稳定,inf
Cd115,Cd-115,7.721051879540183e+17,3.035630215675295e+17,2780804620931.717,2780.8046209317167,1093308873310.216,1093.3088733102159,不稳定,3.6015877944046708e-06,2.23 天,192456.0
Sb126,Sb-126,7.634582042433489e+17,6.451498062060867e+17,495941016031.8602,495.9410160318602,419088102798.90546,419.0881027989055,不稳定,6.495981224320975e-07,12.35 天,1067040.0
Sn120,Sn120,7.476132019462902e+17,7.476132019462902e+17,0.0,0.0,0.0,0.0,稳定,0.0,稳定,inf
Sn126,Sn126,7.280085301096477e+17,7.280085120888343e+17,69524.74433440463,6.952474433440464e-05,69524.7426134187,6.95247426134187e-05,不稳定,9.549990344746824e-14,230152.62 年,7258092998400.0
Ra223,Ra-223,7.277277460172375e+17,6.066782648785734e+17,510780632682.7267,510.78063268272666,425817910153.1695,425.8179101531695,不稳定,7.018842355237448e-07,11.43 天,987552.0
Sb124,Sb124,7.258635096574716e+17,7.012186679987446e+17,96732005427.59149,96.73200542759149,93447717231.01431,93.44771723101431,不稳定,1.3326473109695023e-07,60.20 天,5201280.0
Y91,Y-91,7.17217757641577e+17,6.921755213646445e+17,98340554826.96556,98.34055482696556,94906915066.45618,94.90691506645618,不稳定,1.3711394312145624e-07,58.51 天,5055264.0
Sb127,Sb-127,7.006650175777416e+17,4.082644895252502e+17,1460028804265.8613,1460.0288042658613,850731661367.1611,850.7316613671611,不稳定,2.083775795334131e-06,3.85 天,332640.0
Pa233,Pa-233,6.952939424428823e+17,6.436944102464503e+17,206846191583.56302,206.846191583563,191495609519.19794,191.49560951919793,不稳定,2.974945975464977e-07,26.97 天,2329948.8
Pd105,Pd-105,6.901330219544489e+17,6.901330219544489e+17,0.0,0.0,0.0,0.0,稳定,0.0,稳定,inf
Ba136,Ba-136,6.639139064632792e+17,6.639139064632792e+17,0.0,0.0,0.0,0.0,稳定,0.0,稳定,inf
Nd145,Nd-145,6.633162613083236e+17,6.633162613083236e+17,0.0,0.0,0.0,0.0,稳定,0.0,稳定,inf
Kr85,Kr-85,6.38816383235962e+17,6.384783370164997e+17,1304535856.4085073,1.3045358564085074,1303845527.5033875,1.3038455275033876,不稳定,2.0421139636405443e-09,10.76 年,339426296.91648
Se78,Se-78,6.161576942521951e+17,6.161576942521951e+17,0.0,0.0,0.0,0.0,稳定,0.0,稳定,inf
Mo99,Mo-99,6.065217972551314e+17,2.8454518468845926e+17,1771007623578.4429,1771.007623578443,830855038708.2299,830.8550387082298,不稳定,2.9199406049268075e-06,2.75 天,237384.0
Rh105,Rh-105,5.960779016380657e+17,1.45326902405239e+17,3245739983302.803,3245.739983302803,791328342302.2072,791.3283423022071,不稳定,5.445160732151406e-06,1.47 天,127296.0
Ba137,Ba-137,5.855616099397627e+17,5.855616099397627e+17,0.0,0.0,0.0,0.0,稳定,0.0,稳定,inf
Ra226,Ra226,5.821481841372881e+17,5.821461126677198e+17,7991794.960476808,0.007991794960476807,7991766.523112393,0.007991766523112393,不稳定,1.372811112057356e-11,1601.06 年,50491081728.0
Ce144,Ce144,5.673879906188922e+17,5.632619332954627e+17,15976592753.667572,15.976592753667571,15860410637.329832,15.860410637329831,不稳定,2.8158144017536774e-08,284.91 天,24616224.000000004
Sn125,Sn125,5.5186685546946874e+17,4.447877089638164e+17,459270971301.5131,459.2709713015131,370158274761.7792,370.1582747617792,不稳定,8.322133622444402e-07,9.64 天,832896.0
Pa229,Pa229,5.0957851455545165e+17,1.2739462863886291e+17,2725408261095.9595,2725.4082610959595,681352065273.9899,681.3520652739899,不稳定,5.3483578746909356e-06,1.50 天,129600.0
Kr83,Kr-83,4.5707014370339085e+17,4.5707014370339085e+17,0.0,0.0,0.0,0.0,稳定,0.0,稳定,inf
Cs134,Cs134,4.482237904297821e+17,4.469895946120318e+17,4768125534.215207,4.768125534215207,4754996377.043085,4.754996377043085,不稳定,1.0637823417724572e-08,2.07 年,65158740.969984
Nd148,Nd-148,4.1813675548369446e+17,4.1813675548369446e+17,0.0,0.0,0.0,0.0,稳定,0.0,稳定,inf
Se79,Se-79,4.0202414186661376e+17,4.0202413410779014e+17,29933.733384125302,2.9933733384125303e-05,29933.73280642229,2.993373280642229e-05,不稳定,7.445755184039897e-14,295195.75 年,9309293193600.0
Xe128,Xe-128,3.745305221899786e+17,3.745305221899786e+17,0.0,0.0,0.0,0.0,稳定,0.0,稳定,inf
Br81,Br-81,3.701519997917439e+17,3.701519997917439e+17,0.0,0.0,0.0,0.0,稳定,0.0,稳定,inf
Pa232,Pa232,3.549147822837969e+17,7.256754296531565e+16,2173524355731.0278,2173.5243557310278,444408996029.22,444.40899602921996,不稳定,6.124073902317865e-06,1.31 天,113184.0
Sn121,Sn-121,3.538413388556457e+17,5.584095863497622e+16,2520492933708.9146,2520.4929337089147,397767943412.6516,397.7679434126516,不稳定,7.1232291338836e-06,1.13 天,97308.0
Te125,Te-125,3.346188718497479e+17,3.346188718497479e+17,0.0,0.0,0.0,0.0,稳定,0.0,稳定,inf
Nd147,Nd-147,3.1104334950334566e+17,2.5737851294190902e+17,227263817989.95407,227.26381798995408,188053606075.01395,188.05360607501396,不稳定,7.306499828812754e-07,10.98 天,948672.0
Pd106,Pd-106,3.024499586689921e+17,3.024499586689921e+17,0.0,0.0,0.0,0.0,稳定,0.0,稳定,inf
Nd146,Nd-146,2.906455357674194e+17,2.906455357674194e+17,0.0,0.0,0.0,0.0,稳定,0.0,稳定,inf
Te132,Te132,2.779809501047982e+17,1.4526190761832006e+17,696040076548.2516,696.0400765482516,363723158943.38446,363.7231589433845,不稳定,2.503912862683022e-06,3.20 天,276825.60000000003
Ac226,Ac226,2.6755705381454506e+17,4.891556331409555e+16,1754023545288.8193,1754.0235452888194,320675715929.5845,320.6757159295845,不稳定,6.555699131388277e-06,1.22 天,105732.0
Te124,Te-124,2.6705072682352506e+17,2.6705072682352506e+17,0.0,0.0,0.0,0.0,稳定,0.0,稳定,inf
Pd112,Pd112,2.603210407932541e+17,2.425932758330986e+16,2383378182837.6733,2383.378182837673,222107102507.6787,222.10710250767872,不稳定,9.15553416494882e-06,21.03 小时,75708.0
Mo96,Mo-96,2.5800259520879446e+17,2.5800259520879446e+17,0.0,0.0,0.0,0.0,稳定,0.0,稳定,inf
Sm152,Sm-152,2.5051665403309872e+17,2.5051665403309872e+17,0.0,0.0,0.0,0.0,稳定,0.0,稳定,inf
La140,La-140,2.3360127923197997e+17,6.7657043698380616e+16,1116783780452.5085,1116.7837804525086,323449808511.89685,323.44980851189683,不稳定,4.780726304771113e-06,1.68 天,144987.84
Tc99,Tc-99,2.3105367421288058e+17,2.3105366798141206e+17,24041.159749208724,2.4041159749208723e-05,24041.159100823752,2.4041159100823752e-05,不稳定,1.0405010797213499e-13,211240.08 年,6661667095488.0
Mo98,Mo98,2.2757008320000003e+17,2.2757008320000003e+17,0.0,0.0,0.0,0.0,稳定,0.0,稳定,inf
Ce143,Ce-143,2.245053619752296e+17,4.956890137048614e+16,1308346522070.8887,1308.3465220708886,288871941143.68604,288.87194114368606,不稳定,5.827684962888516e-06,1.38 天,118940.40000000001
Te122,Te-122,2.1456196411592262e+17,2.1456196411592262e+17,0.0,0.0,0.0,0.0,稳定,0.0,稳定,inf
Nb95,Nb-95,2.107013114231165e+17,1.9854457775348314e+17,48308394365.30247,48.30839436530247,45521167839.08841,45.521167839088406,不稳定,2.292742937337145e-07,34.99 天,3023222.4
I133,I-133,2.0486067115538816e+17,1.8596520069062904e+16,1896348779633.7527,1896.3487796337527,172143769419.03564,172.14376941903564,不稳定,9.256773244657388e-06,20.80 小时,74880.0
Se80,Se80,2.008136896371749e+17,2.008136896371749e+17,0.0,0.0,0.0,0.0,稳定,0.0,稳定,inf
Se77,Se-77,1.997692239682459e+17,1.997692239682459e+17,0.0,0.0,0.0,0.0,稳定,0.0,稳定,inf
Sm151,Sm-151,1.9267975549558954e+17,1.926675671262407e+17,47024517.228949286,0.047024517228949285,47021542.59270396,0.04702154259270396,不稳定,2.440553088101966e-10,90.06 年,2840123347.2000003
Pd109,Pd-109,1.8431912417656925e+17,4826735588140255.0,2590208668791.935,2590.208668791935,67829382426.91976,67.82938242691976,不稳定,1.4052848180369142e-05,13.70 小时,49324.32
Pa228,Pa228,1.8318753115855565e+17,1.895425996881193e+16,1603231322427.9038,1603.2313224279037,165884998194.22,165.88499819422,不稳定,8.75185834040335e-06,22.00 小时,79200.0
La138,La138,1.8013126088342083e+17,1.8013126088341078e+17,0.038789991618770614,3.878999161877061e-11,0.03878999161876845,3.878999161876845e-11,不稳定,2.153429195384088e-19,102067683287.67 年,3.21880646016e+18
Sn121m,Sn-121m,1.7959575524093626e+17,1.795724652589748e+17,89859152.06308535,0.08985915206308535,89847499.12603338,0.08984749912603338,不稳定,5.003411797931138e-10,43.93 年,1385349054.912
Ba135,Ba-135,1.5631680792305168e+17,1.5631680792305168e+17,0.0,0.0,0.0,0.0,稳定,0.0,稳定,inf
Te129m,Te-129m,1.5377932191484774e+17,1.4455072138738992e+17,36717269969.99591,36.71726996999591,34513794152.87957,34.51379415287957,不稳定,2.387659765487025e-07,33.60 天,2903040.0
In113,In-113,1.4672607652507174e+17,1.4672607652507174e+17,0.0,0.0,0.0,0.0,稳定,0.0,稳定,inf
Ru103,Ru103,1.4607843624094832e+17,1.3854259232171638e+17,29850219872.33114,29.850219872331138,28310317038.61237,28.310317038612368,不稳定,2.0434378023526244e-07,39.26 天,3392064.0
Te127m,Te-127m,1.3948555473239693e+17,1.3684974884915805e+17,10266311904.476816,10.266311904476817,10072313283.122082,10.072313283122082,不稳定,7.360125515629728e-08,109.00 天,9417600.0
Mo92,Mo92,1.3893218689937197e+17,1.3893218689937197e+17,0.0,0.0,0.0,0.0,稳定,0.0,稳定,inf
Y93,Y-93,1.298549454980802e+17,964642044634397.2,2456030052220.03,2456.0300522200296,18244895041.69159,18.24489504169159,不稳定,1.891364277886775e-05,10.18 小时,36648.0
Cd111,Cd-111,1.2566438250796282e+17,1.2566438250796282e+17,0.0,0.0,0.0,0.0,稳定,0.0,稳定,inf
Y89,Y-89,1.200104664048975e+17,1.200104664048975e+17,0.0,0.0,0.0,0.0,稳定,0.0,稳定,inf
Zr97,Zr97,1.175065548864027e+17,5965113747299088.0,1351219296079.8975,1351.2192960798975,68593422779.29959,68.59342277929959,不稳定,1.149909719833216e-05,16.74 小时,60278.4
Pm147,Pm-147,1.1746444690040746e+17,1.1720980109880976e+17,983496213.9303229,0.9834962139303229,981364137.4733765,0.9813641374733765,不稳定,8.372713956284856e-09,2.63 年,82786439.87827201
Sm149,Sm-149,1.1458195807208667e+17,1.1458195807208667e+17,0.0,0.0,0.0,0.0,稳定,0.0,稳定,inf
Kr82,Kr-82,1.125800636544457e+17,1.125800636544457e+17,0.0,0.0,0.0,0.0,稳定,0.0,稳定,inf
Sm154,Sm-154,1.094590008950958e+17,1.094590008950958e+17,0.0,0.0,0.0,0.0,稳定,0.0,稳定,inf
Sb122,Sb122,1.083790545505724e+17,5.05114903483526e+16,319213949183.372,319.213949183372,148773878680.69617,148.77387868069616,不稳定,2.945347239898819e-06,2.72 天,235336.32
Ge74,Ge-74,1.0582753871802459e+17,1.0582753871802459e+17,0.0,0.0,0.0,0.0,稳定,0.0,稳定,inf
Pr141,Pr-141,1.0560127639872168e+17,1.0560127639872168e+17,0.0,0.0,0.0,0.0,稳定,0.0,稳定,inf
Cd115m,Cd-115m,1.0515686252224126e+17,1.0036654296545776e+17,18915354274.056767,18.915354274056767,18053683534.466778,18.053683534466778,不稳定,1.7987750699633193e-07,44.60 天,3853440.0
Te127,Te-127,9.979331264552552e+16,479743936168019.75,2055004554336.992,2055.004554336992,9879178750.611801,9.879178750611802,不稳定,2.0592607859772586e-05,9.35 小时,33660.0
Xe135,Xe-135,9.529126398341408e+16,405229285855229.4,2007381198702.1921,2007.3811987021923,8536455658.001226,8.536455658001227,不稳定,2.1065742176025568e-05,9.14 小时,32904.0
La137,La137,9.496831499645389e+16,9.496830598503398e+16,34766.28216546537,3.476628216546537e-05,34766.27886653807,3.476627886653807e-05,不稳定,3.6608296321529493e-13,60039.81 年,1893415564800.0
Eu153,Eu-153,9.339319286209824e+16,9.339319286209824e+16,0.0,0.0,0.0,0.0,稳定,0.0,稳定,inf
U233,U-233,9.296510693616253e+16,9.296510361153752e+16,12826.485611614502,1.2826485611614502e-05,12826.485152912777,1.2826485152912777e-05,不稳定,1.3797096603591517e-13,159305.64 年,5023862631936.0
Rb86,Rb86,9.142350655191053e+16,8.177377347328733e+16,39343871193.97884,39.34387119397884,35191133352.031624,35.19113335203162,不稳定,4.303474311788651e-07,18.64 天,1610668.8
Sn115,Sn-115,9.122229546974893e+16,9.122229546974893e+16,0.0,0.0,0.0,0.0,稳定,0.0,稳定,inf
Cd110,Cd-110,9.04093899958344e+16,9.04093899958344e+16,0.0,0.0,0.0,0.0,稳定,0.0,稳定,inf
Xe129,Xe-129,8.989498180594142e+16,8.989498180594142e+16,0.0,0.0,0.0,0.0,稳定,0.0,稳定,inf
Ba134,Ba-134,8.51356141558438e+16,8.51356141558438e+16,0.0,0.0,0.0,0.0,稳定,0.0,稳定,inf
Ra225,Ra225,7.78427078184925e+16,6.770299303725922e+16,41912482484.728195,41.912482484728194,36453003619.225266,36.453003619225264,不稳定,5.384252893984164e-07,14.90 天,1287360.0
Nd143,Nd-143,7.532671811844362e+16,7.532671811844362e+16,0.0,0.0,0.0,0.0,稳定,0.0,稳定,inf
Ru105,Ru-105,7.239639980568336e+16,950932022584.092,3139474499999.9995,3139.4744999999994,41237227.875270866,0.041237227875270864,不稳定,4.336506384884542e-05,4.44 小时,15984.000000000002
Cs132,Cs132,6.722084631821498e+16,4.876595424825021e+16,83235331706.14624,83.23533170614624,60383803539.22988,60.38380353922988,不稳定,1.2382368902664616e-06,6.48 天,559785.6
Ge72,Ge-72,6.636021261541169e+16,6.636021261541169e+16,0.0,0.0,0.0,0.0,稳定,0.0,稳定,inf
As77,As-77,6.2851109144431624e+16,1.7383297633895528e+16,311650993636.9944,311.6509936369944,86196123728.56792,86.19612372856791,不稳定,4.958559966234192e-06,1.62 天,139788.0
I126,I126,6.136212058909837e+16,5.224633289359288e+16,38072689194.946526,38.07268919494653,32416715308.02454,32.41671530802454,不稳定,6.204591501961642e-07,12.93 天,1117152.0
I130,I130,5.949908934723432e+16,1049391467055685.1,926861426351.1268,926.8614263511269,16347148882.895378,16.34714888289538,不稳定,1.5577741382594957e-05,12.36 小时,44496.0
Ru98,Ru-98,5.6203610860833464e+16,5.6203610860833464e+16,0.0,0.0,0.0,0.0,稳定,0.0,稳定,inf
Ge73,Ge-73,5.561685677155697e+16,5.561685677155697e+16,0.0,0.0,0.0,0.0,稳定,0.0,稳定,inf
Sr91,Sr91,5.416163513177007e+16,304088650164208.7,1082900215936.9708,1082.9002159369709,6079906268.074327,6.079906268074327,不稳定,1.999386121379789e-05,9.63 小时,34668.0
Ac228,Ac-228,5.153942034369144e+16,15412955411210.271,1613568378451.834,1613.568378451834,482540496.2681369,0.48254049626813694,不稳定,3.130746072989816e-05,6.15 小时,22140.0
Pm149,Pm-149,4.988742920989479e+16,1.9483234718365704e+16,180960242936.3562,180.9602429363562,70672931912.11812,70.67293191211812,不稳定,3.627371580423393e-06,2.21 天,191088.0
As75,As-75,4.961740981537326e+16,4.961740981537326e+16,0.0,0.0,0.0,0.0,稳定,0.0,稳定,inf
Ag112,Ag-112,4.888875673073486e+16,5815101982.729979,3007375212015.4346,3007.3752120154345,357714.01703921123,0.0003577140170392112,不稳定,6.151465926162098e-05,3.13 小时,11268.0
Tc99m,Tc-99m,4.811291387376005e+16,11992510045754.504,1540100240145.943,1540.1002401459432,383881708.9707008,0.3838817089707008,不稳定,3.20101219432874e-05,6.01 小时,21654.0
Zr90,Zr-90,4.809827592396519e+16,4.809827592396519e+16,0.0,0.0,0.0,0.0,稳定,0.0,稳定,inf
Sm150,Sm-150,4.648027855507845e+16,4.648027855507845e+16,0.0,0.0,0.0,0.0,稳定,0.0,稳定,inf
Eu155,Eu-155,4.564263140222293e+16,4.558808457452487e+16,210568857.0204689,0.2105688570204689,210317209.3216048,0.21031720932160478,不稳定,4.613425005338618e-09,4.76 年,150245680.75948802
Y92,Y-92,4.12542001525562e+16,31104569270.995617,2243819249999.9995,2243.8192499999996,1691780.0135532112,0.0016917800135532112,不稳定,5.439008008160274e-05,3.54 小时,12744.0
Eu156,Eu-156,4.097803388233961e+16,3.5735362216425584e+16,21642382179.45652,21.64238217945652,18873486430.067745,18.873486430067747,不稳定,5.281459389095723e-07,15.19 天,1312416.0
Gd157,Gd-157,4.08939451393645e+16,4.08939451393645e+16,0.0,0.0,0.0,0.0,稳定,0.0,稳定,inf
Sb128,Sb-128,3.9753240792875016e+16,156244747434420.28,849514328946.2917,849.5143289462917,3338901410.8234415,3.3389014108234414,不稳定,2.1369687401650797e-05,9.01 小时,32436.0
Nb96,Nb96,3.895025412679653e+16,4594949667858623.0,321178430050.94446,321.1784300509445,37889321997.27649,37.88932199727649,不稳定,8.245862247917504e-06,23.35 小时,84060.0
Ag113,Ag113,3.890611155802979e+16,3579822235741.929,1394975249999.951,1394.9752499999508,128354215.27055235,0.12835421527055235,不稳定,3.5854913126419684e-05,5.37 小时,19332.0
Kr85m,Kr-85m,3.876207004303726e+16,562891756906.3846,1665911431237.4995,1665.9114312374995,24191892.005214196,0.024191892005214197,不稳定,4.297787577876644e-05,4.48 小时,16128.000000000002
Cd117,Cd-117,3.870222113205031e+16,76428280.29740849,2992674638452.5,2992.6746384525,5909.866912449121,5.909866912449121e-06,不稳定,7.7325656019628e-05,2.49 小时,8964.0
Ru97,Ru97,3.865387590691092e+16,1.887046959232504e+16,106931773238.3034,106.9317732383034,52203116194.772835,52.20311619477283,不稳定,2.766392004150484e-06,2.90 天,250560.0
Ra228,Ra228,3.822474309319634e+16,3.8186913862700664e+16,146018370.98818114,0.14601837098818116,145873863.473788,0.145873863473788,不稳定,3.81999613789873e-09,5.75 年,181452324.96
Ce139,Ce139,3.794860213048847e+16,3.7379594343093224e+16,2211870427.831583,2.211870427831583,2178705266.864184,2.178705266864184,不稳定,5.8285952674249715e-08,137.64 天,11892182.399999999
Pm151,Pm-151,3.782096303933916e+16,6524660912332442.0,256411325281.49292,256.4113252814929,44234647060.76792,44.23464706076792,不稳定,6.77960857355189e-06,1.18 天,102240.0
Cs131,Cs131,3.75896444937323e+16,3.03291653162569e+16,31124399494.512222,31.12439949451222,25112689155.538105,25.112689155538106,不稳定,8.280046250424609e-07,9.69 天,837129.6
Ni60,Ni-60,3.5348991518923296e+16,3.5348991518923296e+16,0.0,0.0,0.0,0.0,稳定,0.0,稳定,inf
La141,La-141,3.386486081215469e+16,100144459199.56493,1663359750000.0,1663.35975,4918852.717040739,0.004918852717040739,不稳定,4.911757231859023e-05,3.92 小时,14112.0
Sm153,Sm-153,3.3472039002812664e+16,1.1443824999077554e+16,138596472296.24924,138.59647229624923,47385036039.02046,47.38503603902046,不稳定,4.140664161051047e-06,1.94 天,167400.0
I125,I125,3.274341182664293e+16,3.161698078523367e+16,4422310214.325102,4.422310214325102,4270174953.450922,4.270174953450922,不稳定,1.3505954229017514e-07,59.40 天,5132160.0
U230,U-230,3.1831450706890336e+16,2.880306099174629e+16,12277355051.757208,12.277355051757208,11109308514.692999,11.109308514693,不稳定,3.856988851940579e-07,20.80 天,1797120.0
Ga71,Ga-71,3.1649360346615876e+16,3.1649360346615876e+16,0.0,0.0,0.0,0.0,稳定,0.0,稳定,inf
Nd142,Nd-142,3.0625740846341388e+16,3.0625740846341388e+16,0.0,0.0,0.0,0.0,稳定,0.0,稳定,inf
Ga69,Ga-69,2.972549655858889e+16,2.972549655858889e+16,0.0,0.0,0.0,0.0,稳定,0.0,稳定,inf
Mo95,Mo-95,2.9595322311434144e+16,2.9595322311434144e+16,0.0,0.0,0.0,0.0,稳定,0.0,稳定,inf
In117m,In-117m,2.7545187826570772e+16,177243.01749098607,2738506781408.729,2738.506781408729,17.621270488785722,1.7621270488785722e-08,不稳定,9.941870059666456e-05,1.94 小时,6972.0
Br82,Br82,2.7500103671757884e+16,6688603827871717.0,149997004447.47543,149.99700444747543,36482427487.97402,36.48242748797402,不稳定,5.454415962857612e-06,1.47 天,127079.99999999999
Nb94,Nb94,2.669363472316652e+16,2.6693627236691492e+16,28883.009552049723,2.8883009552049724e-05,28883.001451544416,2.8883001451544415e-05,不稳定,1.0820186104885565e-12,20313.47 年,640605599424.0
Kr88,Kr88,2.6145845748603864e+16,610458753.72648,1772586000000.0,1772.586,41386.71400563846,4.138671400563846e-05,不稳定,6.77960857355189e-05,2.84 小时,10224.0
Mo94,Mo-94,2.5959665443045684e+16,2.5959665443045684e+16,0.0,0.0,0.0,0.0,稳定,0.0,稳定,inf
I135,I135,2.5557162254502452e+16,12839667391438.719,748979999992.4501,748.9799999924501,376280198.3639107,0.3762801983639107,不稳定,2.9306070546251702e-05,6.57 小时,23652.0
Y90,Y-90,2.5518947462355496e+16,1.1714731563937152e+16,76652740875.32104,76.65274087532104,35188217865.139694,35.18821786513969,不稳定,3.0037579327437396e-06,2.67 天,230759.99999999997
Co57,Co57,2.5292870456968016e+16,2.510005997342993e+16,746717392.8133286,0.7467173928133286,741025079.5656255,0.7410250795656256,不稳定,2.952284099520278e-08,271.74 天,23478336.0
Pd104,Pd-104,2.5009147839793684e+16,2.5009147839793684e+16,0.0,0.0,0.0,0.0,稳定,0.0,稳定,inf
Nb91,Nb91,2.4795860587405108e+16,2.479565298412031e+16,800941.951703877,0.000800941951703877,800935.2458192589,0.0008009352458192588,不稳定,3.2301437930761316e-11,680.45 年,21458709734.4
Ni59,Ni59,2.447983053313808e+16,2.447982915322165e+16,5323.751822126401,5.323751822126401e-06,5323.751522029037,5.323751522029037e-06,不稳定,2.1747502765265047e-13,101067.02 年,3187249534080.0
Zr91,Zr-91,2.4380914957483536e+16,2.4380914957483536e+16,0.0,0.0,0.0,0.0,稳定,0.0,稳定,inf
In115m,In-115m,2.401198514218889e+16,353929503492.2701,1030603841640.3828,1030.6038416403828,15190793.4229113,0.015190793422911299,不稳定,4.2920393109423474e-05,4.49 小时,16149.599999999999
Pr145,Pr-145,2.3898371461778364e+16,5706234863361.146,768952799999.3469,768.9527999993469,183603526.4014986,0.18360352640149857,不稳定,3.217594978089467e-05,5.98 小时,21542.4
Sr92,Sr92,2.3195296651155532e+16,164899598.2050626,1678963499999.9998,1678.9634999999998,11936.058017053776,1.1936058017053776e-05,不稳定,7.238379078529086e-05,2.66 小时,9576.0
I132,I-132,2.295651757589861e+16,8257103.196758531,1925955632196.6777,1925.9556321966777,692.7363592865755,6.927363592865755e-07,不稳定,8.389580979907351e-05,2.29 小时,8262.0
Zn72,Zn72,2.2271712115717184e+16,7614521955495023.0,92219680162.79654,92.21968016279654,31529178164.65458,31.529178164654578,不稳定,4.140664161051047e-06,1.94 天,167400.0
Ac224,Ac224,2.1595565277845264e+16,345067658.6663307,1495693963323.0112,1495.6939633230113,23899.148152177127,2.3899148152177127e-05,不稳定,6.925931060750853e-05,2.78 小时,10008.0
Sr86,Sr-86,2.1416917877577056e+16,2.1416917877577056e+16,0.0,0.0,0.0,0.0,稳定,0.0,稳定,inf
Ba133,Ba133,2.123147160157593e+16,2.121998444315922e+16,44329734.053191826,0.04432973405319183,44305749.7205372,0.0443057497205372,不稳定,2.08792564571461e-09,10.53 年,331978862.3616
Sb129,Sb-129,2.0389325107812016e+16,241800651768.89474,892222425000.0,892.222425,10581025.254492836,0.010581025254492836,不稳定,4.375929170201674e-05,4.40 小时,15840.000000000002
Cd113m,Cd-113m,2.0267320786052756e+16,2.0259138864383944e+16,31572429.148055885,0.031572429148055886,31559683.35176093,0.03155968335176093,不稳定,1.55779984346934e-09,14.11 年,444952657.72800004
Sn114,Sn-114,1.9935231982262316e+16,1.9935231982262316e+16,0.0,0.0,0.0,0.0,稳定,0.0,稳定,inf
Rh103,Rh-103,1.9457366845316224e+16,1.9457366845316224e+16,0.0,0.0,0.0,0.0,稳定,0.0,稳定,inf
Gd158,Gd-158,1.8972618604939388e+16,1.8972618604939388e+16,0.0,0.0,0.0,0.0,稳定,0.0,稳定,inf
Sr87,Sr-87,1.8148762244059384e+16,1.8148762244059384e+16,0.0,0.0,0.0,0.0,稳定,0.0,稳定,inf
Br83,Br-83,1.8010602928392564e+16,16773681.089647654,1444907250000.0,1444.90725,1345.674740150572,1.345674740150572e-06,不稳定,8.022536812036404e-05,2.40 小时,8640.0
Tb159,Tb-159,1.680420192858678e+16,1.680420192858678e+16,0.0,0.0,0.0,0.0,稳定,0.0,稳定,inf
Zn70,Zn70,1.6748366798683276e+16,1.6748366798683276e+16,0.0,0.0,0.0,0.0,稳定,0.0,稳定,inf
Ce138,Ce-138,1.5910303274248734e+16,1.5910303274248734e+16,0.0,0.0,0.0,0.0,稳定,0.0,稳定,inf
Th226,Th-226,1.5751106961688246e+16,4.542059427814096e-27,5952369087990.586,5952.369087990586,1.7164516881065638e-30,1.7164516881065638e-39,不稳定,0.00037790163589572853,30.57 分钟,1834.2
Ni61,Ni-61,1.4352120654888852e+16,1.4352120654888852e+16,0.0,0.0,0.0,0.0,稳定,0.0,稳定,inf
Ba139,Ba-139,1.4068384717402262e+16,3.1009525713912933,1956710250000.0,1956.71025,0.0004312979637029431,4.312979637029431e-13,不稳定,0.0001390856370013535,1.38 小时,4983.6
Ge77,Ge77,1.4047843193620006e+16,169645530378457.72,239361428284.31476,239.36142828431477,2890592946.8147616,2.8905929468147615,不稳定,1.7039016237953423e-05,11.30 小时,40680.0
Kr83m,Kr-83m,1.3712199856584718e+16,19647.352019078982,1442709877028.8682,1442.7098770288683,2.067168587961953,2.067168587961953e-09,不稳定,0.00010521359753490366,1.83 小时,6588.0
Xe133m,Xe-133m,1.3511133742301822e+16,5227835768827315.0,49494779826.46737,49.49477982646737,19150915480.68391,19.15091548068391,不稳定,3.6632588182814627e-06,2.19 天,189216.0
Nb97,Nb-97,1.328281179139398e+16,0.01220509935295324,2128280985463.0452,2128.280985463045,1.9556010644830214e-06,1.9556010644830215e-15,不稳定,0.00016022819707811958,1.20 小时,4326.0
Sn119m,Sn-119m,1.30027799378655e+16,1.2910856250450716e+16,355903380.1103186,0.3559033801103186,353387306.53071016,0.35338730653071015,不稳定,2.7371329962594347e-08,293.10 天,25323840.000000004
La142,La-142,1.2501636231138916e+16,66.37413839682497,1585341000000.0,1585.341,0.008416949669201397,8.416949669201397e-12,不稳定,0.00012681068067324283,1.52 小时,5466.0
Se76,Se-76,1.2216555165864794e+16,1.2216555165864794e+16,0.0,0.0,0.0,0.0,稳定,0.0,稳定,inf
Gd156,Gd-156,1.176092100580148e+16,1.176092100580148e+16,0.0,0.0,0.0,0.0,稳定,0.0,稳定,inf
Sn116,Sn116,1.162705352990843e+16,1.162705352990843e+16,0.0,0.0,0.0,0.0,稳定,0.0,稳定,inf
Ni62,Ni-62,1.1499712030372774e+16,1.1499712030372774e+16,0.0,0.0,0.0,0.0,稳定,0.0,稳定,inf
Te129,Te-129,1.08904735360306e+16,0.002251263569228889,1807639134689.25,1807.63913468925,3.7367265222900475e-07,3.7367265222900476e-16,不稳定,0.00016598352024902905,1.16 小时,4176.0
Xe126,Xe-126,1.0846858362956472e+16,1.0846858362956472e+16,0.0,0.0,0.0,0.0,稳定,0.0,稳定,inf
Cd118,Cd118,9606654403644546.0,1.344942608539608e-10,2206370250000.0,2206.37025,3.088943595507513e-14,3.088943595507513e-23,不稳定,0.00022967103398275192,50.30 分钟,3018.0
Pm148,Pm148,8630137066928899.0,5858438211166667.0,12897837614.075441,12.897837614075442,8755502274.613503,8.755502274613503,不稳定,1.4945113286207905e-06,5.37 天,463795.2
Kr80,Kr-80,8407837918445591.0,8407837918445591.0,0.0,0.0,0.0,0.0,稳定,0.0,稳定,inf
Kr87,Kr87,8079702564000633.0,0.07302897847743077,1223334000000.0,1223.334,1.105719321336917e-05,1.1057193213369171e-14,不稳定,0.00015140829632152584,1.27 小时,4578.0
Ga72,Ga-72,7788711000796253.0,226095096595525.25,106357822505.87376,106.35782250587377,3087414868.865579,3.087414868865579,不稳定,1.3655381807721538e-05,14.10 小时,50760.0
Xe127,Xe127,7659099423271270.0,7233817413728043.0,1688060633.7978172,1.6880606337978172,1594328749.812725,1.594328749812725,不稳定,2.2039936296803306e-07,36.40 天,3144960.0
Ba132,Ba-132,7649380663391801.0,7649380663391801.0,0.0,0.0,0.0,0.0,稳定,0.0,稳定,inf
Dy162,Dy-162,7363219859553334.0,7363219859553334.0,0.0,0.0,0.0,0.0,稳定,0.0,稳定,inf
Gd160,Gd160,6848673119999999.0,6848673119999999.0,0.0,0.0,0.0,0.0,稳定,0.0,稳定,inf
Ni57,Ni57,6722266457308288.0,1654592352580464.2,36357054009.4876,36.357054009487605,8948782960.106083,8.948782960106083,不稳定,5.408451783395328e-06,1.48 天,128160.0
Ru96,Ru96,6716115597922478.0,6716115597922478.0,0.0,0.0,0.0,0.0,稳定,0.0,稳定,inf
Br84,Br-84,6623175553121898.0,8.441611208417529e-26,2406098250000.0,2406.09825,3.0667080757326217e-29,3.066708075732622e-38,不稳定,0.00036328468582806357,31.80 分钟,1908.0
Ni58,Ni58,6417260640000000.0,6417260640000000.0,0.0,0.0,0.0,0.0,稳定,0.0,稳定,inf
Zn66,Zn-66,6379070157992682.0,6379070157992682.0,0.0,0.0,0.0,0.0,稳定,0.0,稳定,inf
Xe131m,Xe-131m,6331048698678156.0,5311304029478503.0,4289786422.6301246,4.289786422630125,3598828724.358832,3.5988287243588317,不稳定,6.775791226382097e-07,11.84 天,1022976.0
Nb93,Nb-93,5716213962271916.0,5716213962271916.0,0.0,0.0,0.0,0.0,稳定,0.0,稳定,inf
As78,As-78,5515279809061252.0,25.330568368179076,702480825000.0001,702.4808250000001,0.003226352819989758,3.226352819989758e-12,不稳定,0.00012736993395074335,1.51 小时,5442.0
Eu154,Eu154,5467506092160343.0,5463884776641101.0,13975753.508314226,0.013975753508314226,13966496.890723012,0.013966496890723013,不稳定,2.5561477706176768e-09,8.60 年,271168665.80544
I134,I-134,5297057387990726.0,8.986001017737055e-10,1165600125000.0,1165.600125,1.9773400856994407e-13,1.9773400856994406e-22,不稳定,0.0002200467239872842,52.50 分钟,3150.0
Co56,Co56,5203198328664478.0,5064969883371237.0,540500454.9014251,0.5405004549014252,526141490.8869802,0.5261414908869801,不稳定,1.0387850332819375e-07,77.23 天,6672672.0
Tc98,Tc98,5149986434559290.0,5149986427578211.0,26.933175635457662,2.6933175635457663e-08,26.933175598948317,2.6933175598948316e-08,不稳定,5.2297566173613555e-15,4202786.96 年,132539089536000.02
Ni56,Ni56,5001255068306746.0,3551585028050568.5,6604568377.263293,6.604568377263293,4690159938.866343,4.690159938866342,不稳定,1.3205821912817126e-06,6.08 天,524880.0
Rh107,Rh-107,4935789092060114.0,5.81841188512836e-45,2627671500000.0005,2627.6715000000004,3.097554372898003e-48,3.0975543728980027e-57,不稳定,0.0005323711064208489,21.70 分钟,1302.0
In117,In-117,4803183102143448.0,3.789043369899142e-15,1284457108396.5674,1284.4571083965675,1.0132579972472779e-18,1.0132579972472779e-27,不稳定,0.0002674178937345468,43.20 分钟,2592.0
Cd117m,Cd-117m,4740169039747554.0,1679388075.4968252,271629861547.50003,271.6298615475,96235.37612405894,9.623537612405894e-05,不稳定,5.73038343716886e-05,3.36 小时,12096.0
Cd108,Cd-108,4698707695843180.0,4698707695843180.0,0.0,0.0,0.0,0.0,稳定,0.0,稳定,inf
Ru100,Ru100,4620411272463712.0,4620411272463712.0,0.0,0.0,0.0,0.0,稳定,0.0,稳定,inf
Y94,Y-94,4425175316333457.0,1.2681543759295862e-54,2733777000000.0,2733.777,7.83438173075178e-58,7.83438173075178e-67,不稳定,0.0006177782357931777,18.70 分钟,1122.0
Cs138,Cs-138,4314089401163467.0,5.139570362383159e-24,1491718500000.0,1491.7185,1.77715190360937e-27,1.77715190360937e-36,不稳定,0.00034577830018953673,33.41 分钟,2004.6
Ge78,Ge78,4207660655337211.5,7.017857674311762,552372750000.0,552.37275,0.0009212894432803358,9.212894432803358e-13,不稳定,0.00013127787510605024,1.47 小时,5280.0
Sb119,Sb119,4195574920123643.0,1135681449700896.2,21152649957.17117,21.15264995717117,5725716409.723369,5.725716409723368,不稳定,5.041657069622249e-06,1.59 天,137484.0
Sn127,Sn127,4050440669371222.0,193407.7409385041,371369250000.0,371.36925,17.732808244707993,1.7732808244707993e-08,不稳定,9.168613499470175e-05,2.10 小时,7560.0
Te121,Te121,4013621970695789.5,3600827630399280.0,1680554802.1662352,1.6805548021662353,1507712537.509188,1.507712537509188,不稳定,4.187127772461589e-07,19.16 天,1655424.0
Ag115,Ag115,3938603772137683.0,3.739927894203828e-50,2275026750000.0,2275.02675,2.160267062804064e-53,2.1602670628040638e-62,不稳定,0.0005776226504666211,20.00 分钟,1200.0
Rb88,Rb-88,3924086586491958.0,2.835256002981584e-58,2549652750000.0005,2549.6527500000007,1.842191324177301e-61,1.842191324177301e-70,不稳定,0.0006497442637419809,17.78 分钟,1066.8000000000002
Eu157,Eu-157,3791428158007770.0,141576957491575.4,48089916154.638275,48.089916154638274,1795741269.900833,1.7957412699008328,不稳定,1.2683852667251232e-05,15.18 小时,54648.0
Pr142,Pr142,3718200820842495.5,273367628154881.12,37442765221.44715,37.442765221447154,2752847523.1275477,2.7528475231275475,不稳定,1.0070129889585444e-05,19.12 小时,68832.0
Tc95,Tc95,3700962765032609.5,305215602871028.3,35629332026.94017,35.62933202694017,2938324091.56885,2.93832409156885,不稳定,9.627044174443684e-06,20.00 小时,72000.0
Ru99,Ru-99,3614313041312779.0,3614313041312779.0,0.0,0.0,0.0,0.0,稳定,0.0,稳定,inf
Rb89,Rb-89,3597379673730569.0,5.220716219871049e-71,2743139249999.9995,2743.1392499999997,3.980995300667979e-74,3.980995300667978e-83,不稳定,0.0007625381524311829,15.15 分钟,909.0
Pa227,Pa227,3590153497399658.0,3.9885574899181124e-19,1082900249999.9999,1082.90025,1.2030710960130513e-22,1.2030710960130513e-31,不稳定,0.00030163062687552013,38.30 分钟,2298.0
Te131m,Te-131m,3537479891807300.0,670227109463716.9,22703650123.090096,22.703650123090096,4301537326.477937,4.301537326477937,不稳定,6.418029449629123e-06,1.25 天,108000.0
I124,I124,3459849359003315.5,2102809882239644.8,6646735834.938854,6.646735834938855,4039719753.108593,4.039719753108593,不稳定,1.921105558437836e-06,4.18 天,360806.4
Dy163,Dy-163,3370535316443843.0,3370535316443843.0,0.0,0.0,0.0,0.0,稳定,0.0,稳定,inf
Pm146,Pm146,3364633357916859.5,3361171136492445.0,13364212.83688136,0.01336421283688136,13350461.007459763,0.013350461007459763,不稳定,3.971967051160524e-09,5.53 年,174509801.2224
Rb84,Rb84,3280840073785387.0,3079120064983256.0,803193782.9218032,0.8031937829218032,753810011.2910616,0.7538100112910616,不稳定,2.4481345169473304e-07,32.77 天,2831328.0000000005
Dy164,Dy-164,2832249147884432.5,2832249147884432.5,0.0,0.0,0.0,0.0,稳定,0.0,稳定,inf
Pd111,Pd111,2749728929807234.5,7.320174813865562e-41,1357526250000.0,1357.52625,3.613930579370966e-44,3.6139305793709663e-53,不稳定,0.000493694573048394,23.40 分钟,1404.0
Zn67,Zn-67,2749664395364605.0,2749664395364605.0,0.0,0.0,0.0,0.0,稳定,0.0,稳定,inf
Y91m,Y-91m,2714135675161402.0,1.8745961898760982e-11,630756886909.1697,630.7568869091697,4.356504605716601e-15,4.356504605716601e-24,不稳定,0.00023239696256955185,49.71 分钟,2982.6
Cu65,Cu-65,2655334167902145.5,2655334167902145.5,0.0,0.0,0.0,0.0,稳定,0.0,稳定,inf
Br79,Br-79,2440178250115920.0,2440178250115920.0,0.0,0.0,0.0,0.0,稳定,0.0,稳定,inf
Tc104,Tc104,2407491816026628.5,2.083272931153436e-56,1519805250000.0,1519.80525,1.31513183840242e-59,1.3151318384024201e-68,不稳定,0.000631281585209422,18.30 分钟,1098.0
Te131,Te-131,2375154812014518.0,2.278812910979167e-37,1097554574227.5,1097.5545742275,1.0530351628458741e-40,1.053035162845874e-49,不稳定,0.00046209812037329687,25.00 分钟,1500.0
Ni66,Ni66,2360189145024984.0,946202686934648.1,8322946944.761169,8.322946944761169,3336679511.024603,3.336679511024603,不稳定,3.526389807488529e-06,2.27 天,196560.0
Sm156,Sm156,2270126884588407.0,11227639585480.06,46499174041.54215,46.499174041542155,229976558.0088279,0.2299765580088279,不稳定,2.0483072711582307e-05,9.40 小时,33840.0
Cu63,Cu-63,2209508211171788.5,2209508211171788.5,0.0,0.0,0.0,0.0,稳定,0.0,稳定,inf
As76,As76,2130606122135208.8,309458133874135.94,15859033259.213064,15.859033259213064,2303432242.335633,2.303432242335633,不稳定,7.443437383592877e-06,1.08 天,93121.92000000001
Fe55,Fe55,2071693948898613.5,2067389030247257.0,16625762.360716116,0.016625762360716115,16591214.519072942,0.01659121451907294,不稳定,8.025201970375482e-09,2.74 年,86371306.68096001
Mo102,Mo102,1993317103856430.2,1.6426409779981872e-100,2037849750000.0002,2037.8497500000003,1.6793391778343282e-103,1.6793391778343282e-112,不稳定,0.0010223409742772054,11.30 分钟,678.0
Gd159,Gd-159,1943591884421124.2,130526132191767.95,20251144464.973656,20.251144464973656,1360009568.1902983,1.3600095681902984,不稳定,1.0419442799332956e-05,18.48 小时,66524.4
Pd100,Pd100,1888487545073953.8,1064949476843738.6,4173680674.7735677,4.173680674773568,2353607818.440166,2.353607818440166,不稳定,2.210065237475593e-06,3.63 天,313632.0
Tc101,Tc-101,1868108403692794.0,4.902816587610694e-77,1519805250000.0002,1519.8052500000003,3.988701284630146e-80,3.988701284630146e-89,不稳定,0.0008135530288262268,14.20 分钟,852.0
Ge70,Ge-70,1860006204985022.2,1860006204985022.2,0.0,0.0,0.0,0.0,稳定,0.0,稳定,inf
In119m,In-119m,1831112228618570.2,1.0363727937303166e-57,1175213220885.0,1175.213220885,6.65147111095558e-61,6.65147111095558e-70,不稳定,0.0006418029449629123,18.00 分钟,1080.0
Tc97,Tc97,1811771188502049.5,1811771184534743.0,15.305966892806008,1.530596689280601e-08,15.305966859289931,1.530596685928993e-08,不稳定,8.448068381891422e-15,2601725.26 年,82048007808000.0
Se83,Se83,1807219426310089.0,8.727425811578735e-44,936224999999.9999,936.2249999999999,4.521218680748798e-47,4.521218680748798e-56,不稳定,0.0005180472201494359,22.30 分钟,1338.0
Th233,Th233,1765050973029520.8,8.523785875975234e-44,914379750000.0001,914.3797500000002,4.415723578197994e-47,4.415723578197994e-56,不稳定,0.0005180472201494359,22.30 分钟,1338.0
Y88,Y88,1667172376636856.5,1634981015125124.8,125409768.05981623,0.12540976805981624,122988236.10709761,0.12298823610709761,不稳定,7.522303621224945e-08,106.65 天,9214560.0
Pm145,Pm145,1609178094769445.5,1608660575212405.5,1996924.3568621739,0.0019969243568621737,1996282.1362080616,0.0019962821362080616,不稳定,1.2409591973399828e-09,17.71 年,558557591.616
Ga73,Ga73,1575441508855071.2,54663652182.61353,62414999999.99992,62.41499999999992,2165635.3674833146,0.0021656353674833146,不稳定,3.9617465738451376e-05,4.86 小时,17496.0
Sn117m,Sn-117m,1536094066951120.2,1320645548956512.5,895593837.1268951,0.8955938371268951,769980198.5578232,0.7699801985578232,不稳定,5.830331985491573e-07,13.76 天,1188864.0
Tb161,Tb161,1506074787211529.5,1114493765700371.5,1749571448.3180406,1.7495714483180407,1294681039.9820886,1.2946810399820885,不稳定,1.161676341157892e-06,6.91 天,596678.4
Mo93,Mo93,1496660646248275.2,1496658516006954.0,8218.529464594303,8.218529464594302e-06,8218.517766918474,8.218517766918475e-06,不稳定,5.491244448229424e-12,4002.65 年,126227704320.00002
Ni64,Ni64,1475322291713363.5,1475322291713363.5,0.0,0.0,0.0,0.0,稳定,0.0,稳定,inf
Tc105,Tc105,1474085944019266.8,1.1395563251814598e-156,2240698500000.0,2240.6985,1.732193539229783e-159,1.732193539229783e-168,不稳定,0.001520059606491108,7.60 分钟,456.0
Mo101,Mo101,1452388505406228.0,1.4163156713782903e-74,1148436000000.0,1148.436,1.1199124052004655e-77,1.1199124052004655e-86,不稳定,0.0007907223141226847,14.61 分钟,876.5999999999999
Y95,Y95,1441291259661412.2,7.970964099824197e-112,1616548500000.0,1616.5485,8.940212446824733e-115,8.940212446824734e-124,不稳定,0.001121597379546837,10.30 分钟,618.0
Sn128,Sn128,1424961721978151.0,1.3753234114870138e-07,278682975000.0,278.682975,2.6897509876144382e-11,2.689750987614438e-20,不稳定,0.00019557225341683464,59.07 分钟,3544.2
Eu152,Eu152,1401108212312223.0,1400519065283206.2,2273421.789828809,0.002273421789828809,2272465.846753599,0.002272465846753599,不稳定,1.622588298213614e-09,13.55 年,427186108.34496003
Tb160,Tb160,1367831319672396.5,1329051079414644.0,151777000.20370865,0.15177700020370866,147473875.65256846,0.14747387565256845,不稳定,1.1096178163259204e-07,72.30 天,6246720.0
Nd149,Nd149,1355579893841520.8,388.33687610012714,151044300000.0,151.0443,0.0432700956108957,4.3270095610895694e-11,不稳定,0.0001114241223893945,1.73 小时,6220.8
Cu67,Cu67,1354538455425509.2,604292144004300.8,4218082337.494451,4.218082337494451,1881787858.5148592,1.8817878585148593,不稳定,3.1140366082625535e-06,2.58 天,222588.0
Sb130,Sb130,1333803575098066.5,1.5933737856516159e-18,390093750000.0,390.09375,4.660095135453773e-22,4.660095135453773e-31,不稳定,0.00029246716479322586,39.50 分钟,2370.0
Zn68,Zn68,1324072084394659.8,1324072084394659.8,0.0,0.0,0.0,0.0,稳定,0.0,稳定,inf
Dy161,Dy-161,1295408586881388.5,1295408586881388.5,0.0,0.0,0.0,0.0,稳定,0.0,稳定,inf
Ho165,Ho-165,1288219691838419.8,1288219691838419.8,0.0,0.0,0.0,0.0,稳定,0.0,稳定,inf
Ba141,Ba141,1268400601211080.5,8.389770390502439e-57,802032750000.0,802.03275,5.305004279987299e-60,5.305004279987299e-69,不稳定,0.0006323181723772535,18.27 分钟,1096.2
Er168,Er-168,1236205764045362.5,1236205764045362.5,0.0,0.0,0.0,0.0,稳定,0.0,稳定,inf
Ge68,Ge-68,1200321184373701.8,1191144420182794.8,35540213.64792456,0.035540213647924555,35268499.57323576,0.03526849957323576,不稳定,2.960891977130985e-08,270.95 天,23410080.0
Gd155,Gd-155,1185582456920513.5,1185582456920513.5,0.0,0.0,0.0,0.0,稳定,0.0,稳定,inf
Er167,Er-167,1173520959583642.0,1173520959583642.0,0.0,0.0,0.0,0.0,稳定,0.0,稳定,inf
La135,La135,1173132703317763.0,90751073940488.1,11583384981.871428,11.583384981871427,896066254.0546503,0.8960662540546503,不稳定,9.873891460967882e-06,19.50 小时,70200.0
Zn65,Zn65,1162806105654874.2,1152940844495163.0,38222792.70620717,0.03822279270620717,37898510.06745385,0.037898510067453844,不稳定,3.2871166156012474e-08,244.06 天,21086784.0
La143,La143,1116261900358527.8,2.9296090903382177e-77,908138250000.0001,908.1382500000001,2.383392348721504e-80,2.383392348721504e-89,不稳定,0.0008135530288262268,14.20 分钟,852.0
Sm144,Sm-144,1094203023653607.4,1094203023653607.4,0.0,0.0,0.0,0.0,稳定,0.0,稳定,inf
Te125m,Te-125m,1077075686536022.6,1038754569776553.2,150537967.67569032,0.15053796767569033,145181999.5592933,0.1451819995592933,不稳定,1.3976544968704536e-07,57.40 天,4959360.0
Zr89,Zr89,1037810786938204.8,549158006357204.0,2548412266.4375105,2.5484122664375106,1348493402.8695903,1.3484934028695903,不稳定,2.45556540605629e-06,3.27 天,282276.0
Te120,Te120,1029997296000000.0,1029997296000000.0,0.0,0.0,0.0,0.0,稳定,0.0,稳定,inf
Ag107,Ag-107,984216124953477.0,984216124953477.0,0.0,0.0,0.0,0.0,稳定,0.0,稳定,inf
Ru108,Ru108,942739120315136.6,1.4497621090903464e-271,2393615250000.0,2393.61525,3.6809469538410746e-274,3.6809469538410744e-283,不稳定,0.002539000661391741,4.55 分钟,273.0
I128,I128,897847681710620.8,8.211148289815466e-38,415059750000.0,415.05975,3.795874540646397e-41,3.795874540646397e-50,不稳定,0.0004622830335867316,24.99 分钟,1499.3999999999999
Er166,Er-166,891732059749043.8,891732059749043.8,0.0,0.0,0.0,0.0,稳定,0.0,稳定,inf
Zn64,Zn-64,866921914761662.8,866921914761662.8,0.0,0.0,0.0,0.0,稳定,0.0,稳定,inf
Sr93,Sr93,866259431128237.6,5.568439232826995e-161,1348164000000.0,1348.164,8.666190566153435e-164,8.666190566153435e-173,不稳定,0.001556305133952906,7.42 分钟,445.38
Ba131,Ba131,862688293254299.6,719986478861166.9,601821616.5169978,0.6018216165169978,502271133.11584187,0.5022711331158418,不稳定,6.976118966988177e-07,11.50 天,993600.0
Te134,Te134,852526724587744.5,6.598937275252757e-17,235616625000.00003,235.61662500000003,1.823777817796402e-20,1.823777817796402e-29,不稳定,0.0002763744739074742,41.80 分钟,2508.0
Ce136,Ce136,819683712000000.1,819683712000000.1,0.0,0.0,0.0,0.0,稳定,0.0,稳定,inf
Cs139,Cs139,803839855050544.4,4.162423962063529e-126,1001760750000.0001,1001.7607500000001,5.1872931204593534e-129,5.1872931204593535e-138,不稳定,0.001246219310607597,9.27 分钟,556.1999999999999
Kr81,Kr81,797514541235575.8,797514521408033.4,76.49514929156491,7.649514929156491e-08,76.49514738976785,7.649514738976785e-08,不稳定,9.591693359352706e-14,229151.96 年,7226536072320.0
Tc95m,Tc-95m,771165106799522.1,745319727943078.2,101421318.97470741,0.10142131897470741,98022212.36328366,0.09802221236328366,不稳定,1.3151699691862958e-07,61.00 天,5270400.0
Cs129,Cs129,728600140937018.0,153617026438100.4,4375711629.636036,4.375711629636036,922568870.5341709,0.9225688705341709,不稳定,6.0056420302206385e-06,1.34 天,115416.00000000001
Ba142,Ba142,715864197267823.0,1.482203659851323e-108,780187500000.0,780.1875,1.6153856727068815e-111,1.6153856727068815e-120,不稳定,0.0010898540574841907,10.60 分钟,636.0
Nb95m,Nb-95m,693845826385428.5,390031379413677.44,1541940078.6855733,1.5419400786855733,866770387.5887991,0.8667703875887991,不稳定,2.2223093662150703e-06,3.61 天,311904.0
Rb83,Rb83,668595226285599.2,652659388111507.8,62225403.888956256,0.062225403888956254,60742273.3972822,0.0607422733972822,不稳定,9.306887252942464e-08,86.20 天,7447680.0
Pm150,Pm150,651571488230184.5,5328304.725490241,46811250000.0,46.81125,382.80466393426553,3.828046639342655e-07,不稳定,7.184361324211705e-05,2.68 小时,9648.0
Tb158,Tb158,622818934933216.9,622799235750889.1,76001.133748982,7.6001133748982e-05,75998.72990396885,7.599872990396885e-05,不稳定,1.220276544050983e-10,180.12 年,5680246694.400001
Nb92,Nb92,612066462057599.0,612066461957175.6,0.38743591489581736,3.8743591489581733e-10,0.3874359148322497,3.874359148322497e-10,不稳定,6.329964781820661e-16,34723025.59 年,1095025334976000.1
Xe138,Xe138,608565608907529.0,2.647472536310878e-78,499320000000.0001,499.3200000000001,2.1722160560532346e-81,2.1722160560532345e-90,不稳定,0.0008204867194128141,14.08 分钟,844.8
Rh99,Rh99,605732350582218.1,532338924737474.0,301832924.2724959,0.3018329242724959,265261404.9805131,0.2652614049805131,不稳定,4.982942119277268e-07,16.10 天,1391040.0000000002
Eu151,Eu-151,597302143177986.6,597302143177986.6,0.0,0.0,0.0,0.0,稳定,0.0,稳定,inf
Cr52,Cr-52,593606847247512.9,593606847247512.9,0.0,0.0,0.0,0.0,稳定,0.0,稳定,inf
Se81,Se81,593100240872214.6,1.9411359147135996e-56,371369250000.0,371.36925,1.2154407284258193e-59,1.2154407284258193e-68,不稳定,0.0006261492145979632,18.45 分钟,1107.0
Tc94m,Tc-94m,588715910335740.4,5.771118333597923e-11,130790632500.0,130.7906325,1.2821264107728237e-14,1.2821264107728237e-23,不稳定,0.00022216255787177734,52.00 分钟,3120.0
Ru94,Ru94,586451618372910.6,4.602861609505933e-11,130790632500.0,130.7906325,1.0265317075729245e-14,1.0265317075729245e-23,不稳定,0.00022302032836549077,51.80 分钟,3108.0
Gd154,Gd-154,585749059890090.0,585749059890090.0,0.0,0.0,0.0,0.0,稳定,0.0,稳定,inf
Rh99m,Rh-99m,572503975103748.8,14004098882.906818,23453281099.439983,23.453281099439984,573693.9513575379,0.0005736939513575379,不稳定,4.096614542316461e-05,4.70 小时,16920.0
Rh102,Rh102,570112043541114.9,564413589694571.8,22095385.77919756,0.02209538577919756,21874535.268301025,0.021874535268301024,不稳定,3.875621648326765e-08,207.00 天,17884800.0
Rh101m,Rh-101m,564501948851001.2,349607060723160.06,1043487941.2726841,1.043487941272684,646252422.6726724,0.6462524226726724,不稳定,1.8485107861835032e-06,4.34 天,374976.0
Ru107,Ru107,562223532288172.4,0.0,1732016250000.0002,1732.0162500000004,0.0,0.0,不稳定,0.003080654135821979,3.75 分钟,225.0
Pr146,Pr146,561700816355450.4,7.955383316163786e-40,268696575000.00003,268.69657500000005,3.805556601706388e-43,3.8055566017063884e-52,不稳定,0.0004783624434506179,24.15 分钟,1449.0
Ba130,Ba-130,555274023670083.4,555274023670083.4,0.0,0.0,0.0,0.0,稳定,0.0,稳定,inf
Sb131,Sb131,553692592156203.4,1.886409630838482e-42,277746750000.0,277.74675,9.462726277296431e-46,9.46272627729643e-55,不稳定,0.0005016262704877299,23.03 分钟,1381.8000000000002
Fe60,Fe60,514998649782830.9,514998647828128.7,7.541289270574986,7.541289270574986e-09,7.5412892419516595,7.54128924195166e-09,不稳定,1.46433185286118e-14,1500995.34 年,47335389120000.0
Er170,Er-170,503340512884079.3,503340512884079.3,0.0,0.0,0.0,0.0,稳定,0.0,稳定,inf
Pr147,Pr147,466959566564965.6,4.176409386088891e-83,402576750000.0,402.57675,3.6005800880990136e-86,3.600580088099014e-95,不稳定,0.0008621233589054045,13.40 分钟,804.0
Fe56,Fe-56,464575055065540.56,464575055065540.56,0.0,0.0,0.0,0.0,稳定,0.0,稳定,inf
As74,As74,462158679229081.5,411121384690943.4,208648565.96046317,0.20864856596046316,185607002.97684145,0.18560700297684146,不稳定,4.514652117071696e-07,17.77 天,1535328.0
Te133,Te-133,448641033976774.7,4.129833010946079e-90,414632357046.0,414.632357046,3.8167761436275524e-93,3.816776143627552e-102,不稳定,0.0009241962407465937,12.50 分钟,750.0
Pb210,Pb-210,447399164183206.75,447284440713812.25,442662.7344979312,0.0004426627344979312,442549.22555840074,0.0004425492255584007,不稳定,9.894134140953916e-10,22.21 年,700563758.9760001
Pd114,Pd114,439308298930122.4,0.0,2097144000000.0,2097.144,0.0,0.0,不稳定,0.004773740912947282,2.42 分钟,145.2
Fr221,Fr221,437440206433913.6,1.750027888179437e-251,1031328046779.686,1031.328046779686,4.125941825145756e-254,4.125941825145756e-263,不稳定,0.002357643471292331,4.90 分钟,294.0
Se84,Se84,432949263758920.7,0.0,1613427750000.0,1613.42775,0.0,0.0,不稳定,0.0037265977449459425,3.10 分钟,186.0
Pm144,Pm144,432661165144601.94,430189755856978.1,9562094.006917715,0.009562094006917715,9507474.249376198,0.009507474249376199,不稳定,2.2100652374755932e-08,363.00 天,31363200.0
Rh100,Rh100,429076685822334.4,38950049094633.99,3971865585.226449,3.971865585226449,360551772.33729964,0.3605517723372996,不稳定,9.256773244657388e-06,20.80 小时,74880.0
Br85,Br85,419118227192840.5,0.0,1669601250000.0,1669.60125,0.0,0.0,不稳定,0.003983604485976697,2.90 分钟,174.0
Dy166,Dy166,410688741909052.75,222791232355513.72,969048691.2512627,0.9690486912512627,525691430.2856072,0.5256914302856072,不稳定,2.359569650598942e-06,3.40 天,293760.0
Ac223,Ac223,397073661978485.56,0.0,2184368962500.0,2184.3689625,0.0,0.0,不稳定,0.005501168099682105,2.10 分钟,126.0
Ag116,Ag116,384427178055808.9,0.0,1657118250000.0,1657.11825,0.0,0.0,不稳定,0.004310616794527023,2.68 分钟,160.8
Sm147,Sm-147,378164895094920.06,378164895094899.75,7.83621087058582e-05,7.83621087058582e-14,7.8362108705854e-05,7.8362108705854e-14,不稳定,2.0721677163129903e-19,106070337534.25 年,3.34503416448e+18
Ge75,Ge75,373445010857421.75,0.07286504360960377,52116525000.0,52.116525,1.0168760477445097e-05,1.0168760477445097e-14,不稳定,0.00013955608853989394,1.38 小时,4966.8
Gd146,Gd146,367905988003826.0,352393363243131.56,61146453.94922969,0.061146453949229684,58568235.527974695,0.058568235527974695,不稳定,1.6620130126447902e-07,48.27 天,4170528.0000000005
Kr89,Kr89,364199287077916.56,0.0,1335681000000.0,1335.681,0.0,0.0,不稳定,0.0036674453997880704,3.15 分钟,189.0
Zr88,Zr-88,356552829914697.06,347772686822255.2,34298059.993122436,0.03429805999312244,33453467.413097713,0.033453467413097716,不稳定,9.619348695487293e-08,83.40 天,7205760.000000001
In119,In-119,347562171743381.94,0.0,1672998190369.5603,1672.9981903695602,0.0,0.0,不稳定,0.004813522087221842,2.40 分钟,144.0
Ge71,Ge71,345437815691090.2,287978046451936.44,242457357.1873331,0.2424573571873331,202127250.9815389,0.2021272509815389,不稳定,7.018842355237448e-07,11.43 天,987552.0
Rb90,Rb90,340030991411667.06,0.0,1491718499999.9998,1491.7184999999997,0.0,0.0,不稳定,0.004387007471898388,2.63 分钟,158.0
Ra222,Ra-222,334578278390977.8,0.0,6102947114297.546,6102.947114297546,0.0,0.0,不稳定,0.018240715277893296,38.00 秒,38.0
As79,As79,333449543087351.94,1.545266354924544e-130,427542750000.0,427.54275,1.9813115374215527e-133,1.9813115374215526e-142,不稳定,0.001282181244099048,9.01 分钟,540.6
Pd102,Pd-102,331358943825130.06,331358943825130.06,0.0,0.0,0.0,0.0,稳定,0.0,稳定,inf
Rh97,Rh97,312761561651566.7,1.3655014290664722e-28,117692613814.49997,117.69261381449996,5.138401007643873e-32,5.138401007643873e-41,不稳定,0.00037630140095545346,30.70 分钟,1842.0
Ru95,Ru95,311386322181878.8,20.02072868697003,36490929750.00001,36.49092975000001,0.002346201332611228,2.346201332611228e-12,不稳定,0.0001171886083316334,1.64 小时,5914.8
Dy160,Dy-160,307397266727603.75,307397266727603.75,0.0,0.0,0.0,0.0,稳定,0.0,稳定,inf
Cd119,Cd119,303747932336560.56,0.0,1304473499999.9998,1304.4734999999998,0.0,0.0,不稳定,0.004294592196777852,2.69 分钟,161.4
Co58,Co58,303100522732983.8,294335047183778.1,34316047.15457013,0.03431604715457013,33323648.75958696,0.03332364875958696,不稳定,1.1321672046339831e-07,70.86 天,6122304.0
Tb157,Tb157,285772573919422.7,285749659410675.0,88408.28506993027,8.840828506993027e-05,88401.19610266578,8.840119610266579e-05,不稳定,3.0936588440729144e-10,71.05 年,2240541751.6800003
Cr51,Cr51,280518464526823.62,260232700560726.34,81237061.93023628,0.08123706193023628,75362383.17639469,0.07536238317639468,不稳定,2.8959613074763664e-07,27.70 天,2393496.0
Mn53,Mn53,273527864986216.84,273527864565329.75,1.623792832477417,1.623792832477417e-09,1.623792829978829,1.623792829978829e-09,不稳定,5.93648048457235e-15,3702455.18 年,116760626496000.0
Y87m,Y-87m,270077280078411.9,6462255286311.121,3889373082.765102,3.889373082765102,93062703.22789735,0.09306270322789735,不稳定,1.440096361173326e-05,13.37 小时,48132.0
Ac231,Ac231,269462089348925.8,1.0894822785391776e-159,415059750000.0,415.05975,1.6781590436432354e-162,1.6781590436432354e-171,不稳定,0.0015403270679109895,7.50 分钟,450.0
Cu61,Cu61,258549693246716.12,81216791.90349784,14935909500.0,14.9359095,4691.7350336728105,4.691735033672811e-06,不稳定,5.776804185084719e-05,3.33 小时,11998.800000000001
Sb128m,Sb-128m,250882036711914.16,2.2711227025404995e-111,278682975000.0,278.682975,2.5227921441853053e-114,2.5227921441853052e-123,不稳定,0.0011108127893588867,10.40 分钟,624.0
Rh109,Rh109,245644972345486.94,0.0,2128351500000.0,2128.3515,0.0,0.0,不稳定,0.008664339756999316,1.33 分钟,80.0
Co55,Co55,243481468840078.22,14127393817144.365,2674280497.6404634,2.6742804976404635,155168333.5395452,0.1551683335395452,不稳定,1.0983507329656228e-05,17.53 小时,63108.00000000001
Tm171,Tm-171,243247294342702.3,242527068311992.78,2782771.5720962347,0.002782771572096235,2774532.119611643,0.0027745321196116428,不稳定,1.1440092600477966e-08,1.92 年,60589298.0736
Sn112,Sn-112,235736390772596.9,235736390772596.9,0.0,0.0,0.0,0.0,稳定,0.0,稳定,inf
Pr144,Pr-144,223412937771159.28,1.234836344307613e-61,149361543129.52695,149.36154312952695,8.255433357540236e-65,8.255433357540235e-74,不稳定,0.0006685447343363669,17.28 分钟,1036.8000000000002
Yb173,Yb-173,220224386701861.88,220224386701861.88,0.0,0.0,0.0,0.0,稳定,0.0,稳定,inf
Ni63,Ni63,207867183634189.94,207855361244522.5,45612.368355657614,4.561236835565761e-05,45609.77416458364,4.5609774164583645e-05,不稳定,2.1943034758159538e-10,100.17 年,3158848300.608
Yb174,Yb-174,207798051403806.22,207798051403806.22,0.0,0.0,0.0,0.0,稳定,0.0,稳定,inf
Eu145,Eu-145,207061179703164.03,145816593852117.47,280127476.6462594,0.2801274766462594,197271330.85739857,0.19727133085739856,不稳定,1.3528729868526819e-06,5.93 天,512352.0
Sr85,Sr85,196308847943154.47,190113036290960.3,24288941.381129146,0.024288941381129147,23522344.72690071,0.02352234472690071,不稳定,1.2372820499747694e-07,64.84 天,5602176.0
Ho166,Ho-166,195389402341903.5,30350349927952.066,1403748065.3460114,1.4037480653460115,218047880.19867033,0.21804788019867033,不稳定,7.184361324211705e-06,1.12 天,96480.0
Xe137,Xe137,191837557721264.12,0.0,580459500000.0,580.4595,0.0,0.0,不稳定,0.0030257865398984865,3.82 分钟,229.08
Ra227,Ra-227,190209077428827.34,2.903290217488221e-17,52070649975.0,52.070649975,7.94789663743772e-21,7.94789663743772e-30,不稳定,0.0002737548106476877,42.20 分钟,2532.0
Ag117,Ag117,188548724521137.06,0.0,1775706750000.0,1775.70675,0.0,0.0,不稳定,0.00941776060543404,1.23 分钟,73.6
Rh96,Rh96,183942521106415.28,8.05635457641219e-118,214645184999.99997,214.64518499999997,9.401076532375963e-121,9.401076532375962e-130,不稳定,0.0011669144453871133,9.90 分钟,594.0
Nd151,Nd151,179451216146500.28,5.202339800291767e-91,166648050000.0,166.64805,4.831172514586049e-94,4.83117251458605e-103,不稳定,0.0009286537788852429,12.44 分钟,746.4
Yb172,Yb-172,176672582111234.03,176672582111234.03,0.0,0.0,0.0,0.0,稳定,0.0,稳定,inf
Nd152,Nd152,174919390571645.56,1.4733749537407787e-100,177258600000.0,177.2586,1.4930785015980417e-103,1.4930785015980416e-112,不稳定,0.001013373070994072,11.40 分钟,684.0
Sm145,Sm145,174774476810295.4,173708817428233.4,4123925.511808817,0.004123925511808817,4098780.5364509216,0.004098780536450922,不稳定,2.3595696505989422e-08,340.00 天,29376000.0
Se74,Se-74,174378576258378.25,174378576258378.25,0.0,0.0,0.0,0.0,稳定,0.0,稳定,inf
Er169,Er169,170332308143200.16,136528597408159.73,145372043.86786717,0.14537204386786717,116521882.83007014,0.11652188283007014,不稳定,8.534613629825961e-07,9.40 天,812160.0
Zn69,Zn-69,165612615732298.0,1.450363051534837e-09,33922552499.999996,33.922552499999995,2.9707891842780463e-13,2.970789184278046e-22,不稳定,0.00020483072711582307,56.40 分钟,3384.0
Xe135m,Xe-135m,164237974939466.5,1.4560597224176573e-71,124091006398.69867,124.09100639869867,1.1001348281237145e-74,1.1001348281237145e-83,不稳定,0.0007555561157182748,15.29 分钟,917.4
Ho163,Ho163,164015924845773.16,164015720514278.28,788.3164435278479,7.883164435278479e-07,788.3154614410323,7.883154614410323e-07,不稳定,4.806340873723785e-12,4573.03 年,144215152185.6
Gd152,Gd-152,158597147338989.4,158597147338989.4,3.2255396475194424e-08,3.2255396475194424e-17,3.2255396475194424e-08,3.2255396475194424e-17,不稳定,2.0337942400849716e-22,108071664657534.25 年,3.40814801664e+21
Tm169,Tm-169,158080442256799.84,158080442256799.84,0.0,0.0,0.0,0.0,稳定,0.0,稳定,inf
Fe59,Fe59,152055337053351.16,145112635831085.62,27415879.06454911,0.02741587906454911,26164096.25455708,0.02616409625455708,不稳定,1.80301984763151e-07,44.49 天,3844368.0
Sr94,Sr94,151543047812939.5,0.0,1394975250000.0,1394.97525,0.0,0.0,不稳定,0.009205141840105515,1.25 分钟,75.3
I123,I123,149267359830420.12,3472518782980.789,2165792715.734793,2.1657927157347934,50384463.783483766,0.05038446378348377,不稳定,1.4509486321693571e-05,13.27 小时,47772.0
Fe57,Fe-57,145539594875336.12,145539594875336.12,0.0,0.0,0.0,0.0,稳定,0.0,稳定,inf
Rh103m,Rh-103m,142655240345415.16,9.531291105403346e-10,29369105047.322083,29.369105047322083,1.962251712824611e-13,1.962251712824611e-22,不稳定,0.00020587470166682863,56.11 分钟,3366.8399999999997
Eu150,Eu150,142329515091369.22,142307556682575.72,84722.61892299916,8.472261892299916e-05,84709.54802973311,8.47095480297331e-05,不稳定,5.952568507565771e-10,36.92 年,1164450572.352
Ce137,Ce137,142098987794429.16,555074171071.989,3039984961.423785,3.039984961423785,11874941.255561665,0.011874941255561666,不稳定,2.1393431498763742e-05,9.00 小时,32400.0
Se79m,Se-79m,140995109033083.66,0.0,415520247870.00006,415.52024787000005,0.0,0.0,不稳定,0.002947054339115414,3.92 分钟,235.2
As71,As71,134698224548654.9,62710966443698.19,397287303.29320943,0.39728730329320944,184963616.47534865,0.18496361647534865,不稳定,2.949462063248678e-06,2.72 天,235008.0
Ce145,Ce145,134163756065307.28,0.0,514923750000.0,514.92375,0.0,0.0,不稳定,0.0038380242555921666,3.01 分钟,180.6
Ag111m,Ag-111m,126600904210084.83,0.0,1354213885950.0,1354.21388595,0.0,0.0,不稳定,0.010696715749381872,1.08 分钟,64.8
Ge69,Ge-69,121667442276496.58,33895206081097.86,599896461.6580844,0.5998964616580844,167124530.72706854,0.16712453072706854,不稳定,4.930624417128648e-06,1.63 天,140580.0
Rh101,Rh101,115642477900899.69,115443137817583.33,769722.5633367385,0.0007697225633367385,768395.7450024106,0.0007683957450024106,不稳定,6.6560538766417264e-09,3.30 年,104137856.064
Se72,Se72,111721894754064.5,87222309082332.02,106701549.2113023,0.1067015492113023,83302879.21950307,0.08330287921950308,不稳定,9.5506390619481e-07,8.40 天,725760.0
Cd109,Cd109,108652744836716.95,108164169484038.3,1889186.4871724318,0.0018891864871724317,1880691.4421955827,0.0018806914421955828,不稳定,1.7387379306537502e-08,1.26 年,39864960.0
Pm143,Pm143,108070935973021.47,107226227354139.81,3271709.668508657,0.0032717096685086567,3246137.1930731,0.0032461371930731,不稳定,3.02737238190053e-08,265.00 天,22896000.0
Tm172,Tm-172,106275542439160.84,48489159473611.09,321735642.0518132,0.3217356420518132,146794742.21198064,0.14679474221198063,不稳定,3.0273723819005295e-06,2.65 天,228960.0
Rn220,Rn220,106113764477670.17,0.0,1322885911264.3733,1322.8859112643734,0.0,0.0,不稳定,0.012466675909351533,55.60 秒,55.6
Pd98,Pd98,98975654051682.14,3.340416537288905e-60,64599525000.0,64.599525,2.180226275628644e-63,2.180226275628644e-72,不稳定,0.0006526809609792328,17.70 分钟,1062.0
Pb208,Pb-208,98415971992555.86,98415971992555.86,0.0,0.0,0.0,0.0,稳定,0.0,稳定,inf
Gd153,Gd153,97010692894496.73,96175176634870.72,3237403.7225759504,0.0032374037225759503,3209521.193666197,0.0032095211936661967,不稳定,3.337161735456075e-08,240.40 天,20770560.0
Pm152,Pm-152,94602129012525.16,2.1517839183875312e-302,265263750000.00003,265.26375,6.033588010536199e-305,6.0335880107e-314,不稳定,0.0028039934488670922,4.12 分钟,247.20000000000002
Ac230,Ac-230,92235004733559.53,0.0,524036340000.0,524.03634,0.0,0.0,不稳定,0.0056815342668847975,2.03 分钟,122.0
V51,V-51,91091131091656.17,91091131091656.17,0.0,0.0,0.0,0.0,稳定,0.0,稳定,inf
Pd103,Pd103,89891986967496.44,79537127250884.36,42443751.0772666,0.042443751077266605,37554560.13735764,0.03755456013735764,不稳定,4.721638992429171e-07,16.99 天,1468022.4
Eu147,Eu-147,89779151748792.53,82357448662057.78,29886163.894526575,0.029886163894526575,27415587.70276999,0.02741558770276999,不稳定,3.3288534489777605e-07,24.10 天,2082240.0000000002
Rh108,Rh-108,86832976441422.28,0.0,3582621000000.0,3582.621,0.0,0.0,不稳定,0.04125876074761579,16.80 秒,16.8
Cu60,Cu60,80988553079954.6,1.0892643527940093e-41,39477487500.0,39.4774875,5.3095676161998674e-45,5.309567616199868e-54,不稳定,0.00048744527465537644,23.70 分钟,1422.0
Fe58,Fe58,80856584467016.19,80856584467016.19,0.0,0.0,0.0,0.0,稳定,0.0,稳定,inf
Sb120,Sb120,78552453709780.56,1.1334588097364012e-68,57109725000.00001,57.109725000000005,8.240547286024941e-72,8.240547286024941e-81,不稳定,0.0007270266211033619,15.89 分钟,953.4000000000001
Sm155,Sm155,77108028855897.14,3.7237016796069273e-45,39945600000.0,39.9456,1.929053303786154e-48,1.9290533037861542e-57,不稳定,0.0005180472201494359,22.30 分钟,1338.0
Cu64,Cu64,76779924797764.56,1508762688007.519,1164037366.5173914,1.1640373665173915,22873897.71055241,0.02287389771055241,不稳定,1.5160699487312889e-05,12.70 小时,45720.0
Cr53,Cr-53,76563363613490.45,76563363613490.45,0.0,0.0,0.0,0.0,稳定,0.0,稳定,inf
Co60,Co-60,76438039720069.12,76355526589983.8,318509.6361401322,0.0003185096361401322,318165.8122124582,0.0003181658122124582,不稳定,4.1668995869932835e-09,5.27 年,166346024.445504
Mn54,Mn54,75731688905571.31,75228817594458.36,1946559.8554486567,0.0019465598554486566,1933634.3665177305,0.0019336343665177305,不稳定,2.5703373100206342e-08,312.12 天,26967168.0
V49,V-49,75459296207977.06,74985296661042.56,1834469.6413298636,0.0018344696413298636,1822946.3721960133,0.0018229463721960134,不稳定,2.4310717612231527e-08,330.00 天,28512000.0
Tm170,Tm170,74548603063378.84,73352857572148.31,4650613.626452928,0.004650613626452928,4576018.663612932,0.004576018663612932,不稳定,6.238364550572631e-08,128.60 天,11111040.0
As73,As73,73085585295567.33,71217262944942.62,7301765.858815882,0.007301765858815882,7115107.268098111,0.007115107268098111,不稳定,9.990705868040354e-08,80.30 天,6937920.0
Lu175,Lu-175,72555675788985.69,72555675788985.69,0.0,0.0,0.0,0.0,稳定,0.0,稳定,inf
Sm146,Sm-146,71002868326085.69,71002868322161.0,0.0151415186991838,1.5141518699183802e-11,0.015141518698346852,1.5141518698346854e-11,不稳定,2.1325221158172522e-16,103068346.85 年,3250363386240000.0
Yb175,Yb-175,69390937563224.08,42219262616293.96,133020633.45822817,0.13302063345822818,80933235.0098568,0.0809332350098568,不稳定,1.9169741486347443e-06,4.18 天,361583.99999999994
Er164,Er-164,67728085265078.27,67728085265078.27,0.0,0.0,0.0,0.0,稳定,0.0,稳定,inf
Cr50,Cr-50,67651408785600.0,67651408785600.0,0.0,0.0,0.0,0.0,稳定,0.0,稳定,inf
Ga74,Ga74,66682885044214.17,4.678698531033504e-147,94870800000.0,94.8708,6.656458734556304e-150,6.656458734556304e-159,不稳定,0.0014227158878488205,8.12 分钟,487.19999999999993
Yb176,Yb-176,65570638955482.5,65570638955482.5,0.0,0.0,0.0,0.0,稳定,0.0,稳定,inf
Gd148,Gd-148,65157834008483.664,65152861483142.49,19184.85760095122,1.9184857600951223e-05,19183.393507000907,1.9183393507000906e-05,不稳定,2.9443669963696646e-10,74.65 年,2354146685.568
Hf179,Hf-179,63948779070231.78,63948779070231.78,0.0,0.0,0.0,0.0,稳定,0.0,稳定,inf
Pr148,Pr148,63717316305494.88,0.0,321437250000.0,321.43725,0.0,0.0,不稳定,0.005044739305385336,2.29 分钟,137.4
Se75,Se75,63608697626747.125,62513939513182.586,4260372.171050614,0.004260372171050614,4187047.6545130983,0.004187047654513098,不稳定,6.697782425998217e-08,119.78 天,10348905.6
Eu158,Eu158,63484457838308.125,2.9541499029353606e-15,15978240000.0,15.97824,7.435223951238495e-19,7.435223951238495e-28,不稳定,0.00025168742939722053,45.90 分钟,2754.0
V48,V-48,63301508734345.98,55574721877207.57,31792574.20594952,0.03179257420594952,27911869.789249863,0.027911869789249862,不稳定,5.022403863922375e-07,15.97 天,1380110.4
Zn62,Zn62,61640023437962.34,269392414922.45245,1291990482.3666615,1.2919904823666615,5646533.156365147,0.005646533156365147,不稳定,2.0960252938044166e-05,9.19 小时,33069.6
Mn55,Mn-55,61137071557557.34,61137071557557.34,0.0,0.0,0.0,0.0,稳定,0.0,稳定,inf
In121,In121,61049709155298.734,0.0,1831880249999.9998,1831.8802499999997,0.0,0.0,不稳定,0.030006371452811483,23.10 秒,23.1
Pd96,Pd96,60970018612584.016,0.0,346403250000.0,346.40325,0.0,0.0,不稳定,0.0056815342668847975,2.03 分钟,122.0
Tc92,Tc92,59183734837326.09,6.082268655752615e-293,160874662500.0,160.8746625,1.6532970078992368e-295,1.6532970078992367e-304,不稳定,0.0027182242374899817,4.25 分钟,255.0
Pd101,Pd101,59045780878068.57,163025748816.48462,1342234571.021696,1.342234571021696,3705917.5570910447,0.0037059175570910447,不稳定,2.2732099585463243e-05,8.47 小时,30492.000000000004
Er172,Er172,56411717529605.125,20498930124898.53,220315657.85547575,0.22031565785547574,80058460.7875183,0.0800584607875183,不稳定,3.905494594094801e-06,2.05 天,177480.0
Y87,Y87,55156703753689.94,29511568553955.363,133081710.16377865,0.13308171016377865,71205306.79850912,0.07120530679850912,不稳定,2.412793026176362e-06,3.33 天,287280.0
Fe54,Fe-54,54735460847676.25,54735460847676.25,0.0,0.0,0.0,0.0,稳定,0.0,稳定,inf
Dy159,Dy159,53442526100159.87,52678438397316.66,2969145.6576644657,0.0029691456576644657,2926694.67619851,0.00292669467619851,不稳定,5.555773415537676e-08,144.40 天,12476160.0
Te133m,Te-133m,52932657605930.97,1.7778885902509667e-10,11037942953.999998,11.037942953999998,3.7073961001268154e-14,3.7073961001268157e-23,不稳定,0.00020852803265943,55.40 分钟,3324.0
Pm153,Pm153,52332374194607.18,1.0329713866864542e-234,115155675000.00002,115.15567500000002,2.2730196961295645e-237,2.2730196961295645e-246,不稳定,0.0022004672398728423,5.25 分钟,315.0
Cs140,Cs140,51336467525200.62,0.0,558614250000.0,558.61425,0.0,0.0,不稳定,0.010881431405964604,1.06 分钟,63.7
Rh98,Rh98,49050933755561.34,1.6356256592725973e-136,65133173249.99999,65.13317325,2.1718952378856372e-139,2.1718952378856372e-148,不稳定,0.0013278681619922324,8.70 分钟,522.0
Mn52,Mn52,48383475050920.09,33355802491270.18,69425542.78130054,0.06942554278130054,47862306.095730744,0.04786230609573074,不稳定,1.4349019517146133e-06,5.59 天,483062.4
Ra230,Ra230,48235740024204.7,0.5012335294565387,5991839999.999999,5.991839999999999,6.226319135213441e-05,6.226319135213441e-14,不稳定,0.0001242199248315314,1.55 小时,5580.0
Ru92,Ru92,48018279390695.05,0.0,151980525000.0,151.980525,0.0,0.0,不稳定,0.003165055618995184,3.65 分钟,219.0
Ti47,Ti-47,46087348717682.16,46087348717682.16,0.0,0.0,0.0,0.0,稳定,0.0,稳定,inf
Rh96m,Rh-96m,45277735133607.48,0.0,346403250000.00006,346.40325000000007,0.0,0.0,不稳定,0.007650631132008227,1.51 分钟,90.6
Pd99,Pd99,44952597719331.42,7.657425353762753e-48,24266952000.0,24.266952,4.133740494010042e-51,4.1337404940100416e-60,不稳定,0.000539834252772543,21.40 分钟,1284.0
Nb90,Nb90,44085336393044.94,1444650105254.1155,581385590.2754157,0.5813855902754157,19051658.054652177,0.019051658054652178,不稳定,1.3187731745813266e-05,14.60 小时,52560.0
Ca46,Ca-46,43840373953539.02,43840373953539.02,0.0,0.0,0.0,0.0,稳定,0.0,稳定,inf
Li7,Li7,43680513600000.0,43680513600000.0,0.0,0.0,0.0,0.0,稳定,0.0,稳定,inf
Pb207,Pb-207,43680475964285.09,43680475964285.09,0.0,0.0,0.0,0.0,稳定,0.0,稳定,inf
Tb156,Tb156,42925534470520.04,29101397467836.535,64368538.404875636,0.06436853840487564,43638697.657461986,0.043638697657461985,不稳定,1.499539591034842e-06,5.35 天,462239.99999999994
Tm168,Tm168,42094079076366.16,41164305997005.94,3627296.4442418786,0.0036272964442418784,3547176.801320205,0.003547176801320205,不稳定,8.617117950629866e-08,93.10 天,8043839.999999999
Ti50,Ti-50,41923613877976.18,41923613877976.18,0.0,0.0,0.0,0.0,稳定,0.0,稳定,inf
In111,In111,40553937427483.64,19321523811848.605,116000091.23435962,0.11600009123435963,55267100.2407364,0.0552671002407364,不稳定,2.86039034906992e-06,2.80 天,242326.08
Sm142,Sm-142,39648206910448.9,4.5552635083363455e-05,6318582524.999999,6.318582524999999,7.259548575690769e-09,7.259548575690769e-18,不稳定,0.0001593661609785132,1.21 小时,4349.4
Mo91,Mo91,38447136377657.805,4.272942550735108e-71,28673901636.299995,28.673901636299995,3.186763591281107e-74,3.186763591281107e-83,不稳定,0.0007458007107380518,15.49 分钟,929.4
Cs130,Cs130,37559800619788.38,1.132466929508283e-31,14854770000.0,14.85477,4.4788671645900066e-35,4.4788671645900067e-44,不稳定,0.000395496508364684,29.21 分钟,1752.6000000000001
Sb130m,Sb-130m,35909368959551.59,1.3634503193175099e-193,65847825000.00001,65.84782500000001,2.5001898007102887e-196,2.5001898007102885e-205,不稳定,0.0018337226998940352,6.30 分钟,378.0
Sr84,Sr-84,35543886956155.3,35543886956155.3,0.0,0.0,0.0,0.0,稳定,0.0,稳定,inf
Co59,Co-59,34047518025851.66,34047518025851.66,0.0,0.0,0.0,0.0,稳定,0.0,稳定,inf
Zr87,Zr-87,34037316549338.004,4.272379132512489,3900937500.0000005,3.9009375000000004,0.0004896474123651086,4.896474123651086e-13,不稳定,0.0001146076687433772,1.68 小时,6048.0
Ni65,Ni65,33292175505418.926,81636.39380630032,2546532000.0,2.546532,6.244400855044983,6.244400855044983e-09,不稳定,7.649040536823748e-05,2.52 小时,9061.884
Bi212,Bi-212,33154541253232.137,1.1047358407030484e-08,6325619816.250001,6.325619816250001,2.1077471325263937e-12,2.107747132526394e-21,不稳定,0.0001907919572144083,1.01 小时,3633.0
Xe124,Xe124,32895201600000.0,32895201600000.0,0.0,0.0,0.0,0.0,稳定,0.0,稳定,inf
Hf180,Hf-180,32835023519527.1,32835023519527.1,0.0,0.0,0.0,0.0,稳定,0.0,稳定,inf
Hf178,Hf-178,32585511079600.15,32585511079600.15,0.0,0.0,0.0,0.0,稳定,0.0,稳定,inf
Tc96,Tc96,32580427608993.27,20042617881310.043,61069551.365662545,0.06106955136566254,37568373.77625909,0.03756837377625909,不稳定,1.8744244887935522e-06,4.28 天,369792.0
Nb99,Nb99,32213888877052.035,0.0,1488597750000.0,1488.59775,0.0,0.0,不稳定,0.046209812037329684,15.00 秒,15.0
Bi213,Bi-213,31893487141621.574,9.52391214622274e-16,8081772570.9,8.0817725709,2.4133482679150795e-19,2.4133482679150797e-28,不稳定,0.00025339883766905944,45.59 分钟,2735.4
Pr139,Pr139,31664915585849.14,385303447.77363855,1382492250.0,1.38249225,16822.373298332306,1.6822373298332305e-05,不稳定,4.366006428319131e-05,4.41 小时,15876.0
Pd97,Pd97,31570961786675.65,0.0,117652275000.0,117.652275,0.0,0.0,不稳定,0.0037265977449459425,3.10 分钟,186.0
Gd147,Gd147,29682007009866.33,8009726389922.226,149999996.15229934,0.14999999615229934,40477684.92440347,0.04047768492440346,不稳定,5.053566495770963e-06,1.59 天,137160.0
Nb89,Nb89,29392017044406.17,618.4483514940459,2787765974.9999995,2.7877659749999997,0.05865841969896606,5.865841969896606e-11,不稳定,9.484772585658803e-05,2.03 小时,7307.999999999999
Dy165,Dy-165,28236740634126.39,14606.366876404101,2329360320.7116003,2.3293603207116003,1.2049369249980575,1.2049369249980574e-09,不稳定,8.24939517947188e-05,2.33 小时,8402.4
La136,La136,26289288725490.355,4.5916543072967974e-119,30770595000.0,30.770595,5.374353659589166e-122,5.374353659589165e-131,不稳定,0.0011704612978047035,9.87 分钟,592.1999999999999
Rb81,Rb81,24963815267331.074,457957329.69025224,1050383532.9599998,1.0503835329599998,19269.123439415773,1.926912343941577e-05,不稳定,4.207624202116995e-05,4.58 小时,16473.6
Tc93,Tc93,24604117391378.61,323217.73065827665,1722654000.0,1.722654,22.630046334623056,2.2630046334623055e-08,不稳定,7.00148667232268e-05,2.75 小时,9900.0
Ag114,Ag-114,23734274857339.97,0.0,3576379500000.0,3576.3795,0.0,0.0,不稳定,0.15068416968694465,4.60 秒,4.6
Fe52,Fe52,22935073219382.316,55114558372.98885,533648249.0080819,0.5336482490080819,1282393.4455872357,0.0012823934455872357,不稳定,2.3267780482039118e-05,8.28 小时,29790.0
Cr54,Cr54,22738209654428.684,22738209654428.684,0.0,0.0,0.0,0.0,稳定,0.0,稳定,inf
Eu159,Eu159,22638327291937.875,3.2121895907291455e-59,14449072500.0,14.4490725,2.0502027239759777e-62,2.0502027239759775e-71,不稳定,0.0006382570723388078,18.10 分钟,1086.0
Ti49,Ti-49,22560611738444.215,22560611738444.215,0.0,0.0,0.0,0.0,稳定,0.0,稳定,inf
In118,In-118,22151269500362.83,0.0,3070818000000.0005,3070.8180000000007,0.0,0.0,不稳定,0.13862943611198905,5.00 秒,5.0
Be9,Be9,21894183359999.996,21894183359999.996,0.0,0.0,0.0,0.0,稳定,0.0,稳定,inf
Ti44,Ti44,21890721207220.727,21888644123601.76,8013.820086459261,8.013820086459261e-06,8013.059701533184,8.013059701533184e-06,不稳定,3.660829632152949e-10,60.04 年,1893415564.8000002
Ca44,Ca-44,21822904676057.01,21822904676057.01,0.0,0.0,0.0,0.0,稳定,0.0,稳定,inf
Sn130,Sn130,21203627385639.99,0.0,65847825000.0,65.847825,0.0,0.0,不稳定,0.003105498120788285,3.72 分钟,223.20000000000002
Rn222,Rn222,21162378700646.777,12284851161604.773,44403285.51227772,0.04440328551227772,25776296.763269898,0.025776296763269896,不稳定,2.0982180755947176e-06,3.82 天,330350.4
Ti48,Ti-48,21114148997331.31,21114148997331.31,0.0,0.0,0.0,0.0,稳定,0.0,稳定,inf
Eu149,Eu149,21099007537042.785,20632973129363.47,1818126.365879262,0.0018181263658792622,1777967.6312790161,0.0017779676312790161,不稳定,8.617117950629866e-08,93.10 天,8043839.999999999
Tc102,Tc-102,20325140453747.555,0.0,2668241250000.001,2668.241250000001,0.0,0.0,不稳定,0.13127787510605024,5.28 秒,5.28
Hf181,Hf-181,20191336974631.484,19224752618574.793,3821319.749073197,0.0038213197490731972,3638388.430875431,0.0036383884308754306,不稳定,1.8925540957858937e-07,42.39 天,3662496.0
Ag105,Ag105,20155123014070.363,19165209528841.555,3916086.614955234,0.0039160866149552335,3723749.066493636,0.003723749066493636,不稳定,1.9429733136440794e-07,41.29 天,3567456.0
Xe125,Xe125,20022441935802.695,1044774073382.1967,228114713.60497785,0.22811471360497784,11903060.540548965,0.011903060540548965,不稳定,1.1392951685732172e-05,16.90 小时,60839.99999999999
Ho167,Ho-167,19796751634934.016,2018038.8332844954,1229575500.0,1.2295755,125.34031608885569,1.2534031608885568e-07,不稳定,6.21099624157657e-05,3.10 小时,11160.0
Sm157,Sm157,19783136708314.28,2.225388444157241e-149,28461240000.000004,28.461240000000004,3.2015809998303756e-152,3.2015809998303758e-161,不稳定,0.001438661644997811,8.03 分钟,481.79999999999995
Sn129,Sn129,19216766566430.617,0.0,99551925000.00002,99.55192500000001,0.0,0.0,不稳定,0.005180472201494359,2.23 分钟,133.8
Eu146,Eu-146,16760552175250.553,10675550454329.748,29167493.886335004,0.029167493886335005,18578090.348939773,0.01857809034893977,不稳定,1.7402465969710203e-06,4.61 天,398304.0
Pb212,Pb-212,16107363237710.324,147903812582.24612,291478002.67527735,0.29147800267527735,2676459.656575043,0.0026764596565750434,不稳定,1.8095947696322715e-05,10.64 小时,38304.0
Br80,Br80,15951939579510.064,4.446035504807486e-61,10423305000.0,10.423305,2.9051253533434408e-64,2.905125353343441e-73,不稳定,0.0006534192878581686,17.68 分钟,1060.8
Mo90,Mo90,14959562705892.293,1890987851.8810935,518044499.99994755,0.5180444999999475,65484.257494228994,6.5484257494229e-05,不稳定,3.462965530375426e-05,5.56 小时,20016.0
Rh106,Rh-106,14938498015907.66,0.0,347469053071.3668,347.46905307136683,0.0,0.0,不稳定,0.023259972502011585,29.80 秒,29.8
Sr83,Sr83,14861821418933.273,3186565843111.3657,88290904.85206045,0.08829090485206045,18930706.656221233,0.018930706656221232,不稳定,5.940786284753895e-06,1.35 天,116675.99999999999
Rh95,Rh95,14645771063800.865,1.29422800574259e-246,33704100000.0,33.7041,2.9783880915743585e-249,2.9783880915743584e-258,不稳定,0.0023012854600263787,5.02 分钟,301.2
Nd140,Nd140,13923383540518.287,7512172673158.2705,33145654.89670911,0.03314565489670911,17883288.370559685,0.017883288370559684,不稳定,2.380574721672523e-06,3.37 天,291168.0
Sb133,Sb133,13777009079493.951,0.0,63663299999.99999,63.66329999999999,0.0,0.0,不稳定,0.0046209812037329686,2.50 分钟,150.0
Ga67,Ga67,13629270809886.18,7203657999618.03,33527942.718485557,0.033527942718485554,17720965.13039868,0.01772096513039868,不稳定,2.4599953428297573e-06,3.26 天,281767.68
Lu177,Lu-177,13505632422593.045,9877581637897.154,16300501.471353255,0.016300501471353254,11921658.23738901,0.01192165823738901,不稳定,1.2069409977488195e-06,6.65 天,574300.8
As72,As-72,12750858383065.26,1870328517955.7007,94425443.7814191,0.0944254437814191,13850565.58698563,0.01385056558698563,不稳定,7.4054185957259116e-06,1.08 天,93600.0
Ta183,Ta-183,11952717638324.205,7950422201250.035,18802179.854378976,0.018802179854378976,12506383.290345082,0.012506383290345082,不稳定,1.5730464337326284e-06,5.10 天,440639.99999999994
Pm154,Pm154,11917112853762.268,0.0,79579125000.0,79.579125,0.0,0.0,不稳定,0.00667771850250429,1.73 分钟,103.8
Cr48,Cr48,11352056389551.293,1121449091643.8794,101379172.85063635,0.10137917285063634,10015064.883715557,0.010015064883715556,不稳定,8.930467694289132e-06,21.56 小时,77616.0
Dy158,Dy-158,10952541969085.998,10952541969085.998,0.0,0.0,0.0,0.0,稳定,0.0,稳定,inf
Lu176,Lu176,10947329089344.521,10947329089342.902,6.2456581906289435e-06,6.245658190628943e-15,6.245658190628019e-06,6.2456581906280194e-15,不稳定,5.705189037121479e-19,38525547123.29 年,1.21494165408e+18
Er162,Er162,10947091679999.998,10947091679999.998,0.0,0.0,0.0,0.0,稳定,0.0,稳定,inf
W186,W-186,10935575721234.139,10935575721234.139,0.0,0.0,0.0,0.0,稳定,0.0,稳定,inf
Co61,Co-61,10860578339824.84,0.7943256674669883,1267336574.9999998,1.2673365749999999,9.269100957089892e-05,9.269100957089892e-14,不稳定,0.00011669144453871133,1.65 小时,5940.0
Ca45,Ca-45,10698954393882.078,10563058070295.389,527649.5695286016,0.0005276495695286016,520947.4532281489,0.0005209474532281489,不稳定,4.931786323253461e-08,162.67 天,14054687.999999998
Br77,Br77,10668023302431.271,4447086176726.088,36012880.14113909,0.03601288014113909,15012376.418717975,0.015012376418717974,不稳定,3.3757781662261325e-06,2.38 天,205329.6
Fr223,Fr-223,10590446975052.85,8.195391160771287e-47,5561165501.232943,5.561165501232942,4.303494148995845e-50,4.303494148995845e-59,不稳定,0.000525111500424201,22.00 分钟,1320.0
W185,W-185,10407666886420.293,10123442424769.283,1111796.1481187632,0.0011117961481187633,1081433.948298837,0.0010814339482988372,不稳定,1.0682472452778169e-07,75.10 天,6488639.999999999
W184,W-184,10374584018481.357,10374584018481.357,0.0,0.0,0.0,0.0,稳定,0.0,稳定,inf
Rh94,Rh94,10298719493071.125,0.0,101112300000.0,101.1123,0.0,0.0,不稳定,0.009817948733143702,1.18 分钟,70.6
W183,W-183,9871251275943.379,9871251275943.379,0.0,0.0,0.0,0.0,稳定,0.0,稳定,inf
Tm173,Tm-173,9762939697414.818,22867643939.023663,228126824.61029688,0.22812682461029687,534339.3649670635,0.0005343393649670635,不稳定,2.3366612073892437e-05,8.24 小时,29664.0
Te119,Te119,9494896389106.273,423716421841.909,113903784.38590893,0.11390378438590894,5083036.399388501,0.005083036399388501,不稳定,1.1996316728278734e-05,16.05 小时,57780.0
Re187,Re-187,9387750850801.938,9387750850800.64,5.004896576779339e-06,5.004896576779339e-15,5.004896576778647e-06,5.0048965767786474e-15,不稳定,5.33130528954313e-19,41227338739.73 年,1.300145354496e+18
Ga66,Ga66,9367409659174.102,48721979011.551254,190053670.36665866,0.19005367036665866,988511.3681992033,0.0009885113681992032,不稳定,2.0288818070481948e-05,9.49 小时,34164.0
Ce135,Ce135,9323021119447.756,555939935183.7455,101415973.05784741,0.10141597305784741,6047523.519040991,0.006047523519040991,不稳定,1.0878016016320548e-05,17.70 小时,63720.0
Ce134,Ce-134,8861933653041.46,4589237394521.717,22498477.518148534,0.022498477518148534,11651052.51162168,0.01165105251162168,不稳定,2.538777472163419e-06,3.16 天,273024.0
Fr222,Fr222,8261573858156.929,2.1682350591365156e-79,6721228435.175146,6.721228435175146,1.7639741995677254e-82,1.7639741995677254e-91,不稳定,0.0008135530288262268,14.20 分钟,852.0
Hf177,Hf-177,8137042397960.584,8137042397960.584,0.0,0.0,0.0,0.0,稳定,0.0,稳定,inf
Cu62,Cu62,8137004641520.531,2.9463184922075164e-122,9718015482.051664,9.718015482051664,3.518784858033132e-125,3.518784858033132e-134,不稳定,0.0011942988741168636,9.67 分钟,580.38
Nb91m,Nb-91m,8012374788653.239,7743235101351.292,1056187.5072921955,0.0010561875072921955,1020709.6392514488,0.0010207096392514487,不稳定,1.3181953355301354e-07,60.86 天,5258304.0
Tc91,Tc91,7820694793306.147,0.0,28773315000.0,28.773315,0.0,0.0,不稳定,0.0036791251622077773,3.14 分钟,188.4
Er171,Er171,7418909662549.039,9696256477.884811,190053674.95361015,0.19005367495361014,248393.5323026419,0.00024839353230264187,不稳定,2.561746720181928e-05,7.52 小时,27057.6
Cu69,Cu69,7337067747129.323,0.0,29740747500.0,29.7407475,0.0,0.0,不稳定,0.004053492283976288,2.85 分钟,171.0
La133,La133,7228359041369.128,20826215.037449382,355765500.0,0.3557655,1025.0250110019865,1.0250250110019864e-06,不稳定,4.921801725175708e-05,3.91 小时,14083.199999999999
Tc94,Tc94,7068118918902.956,257578359.244236,278682974.9999996,0.27868297499999956,10155.842632730313,1.0155842632730313e-05,不稳定,3.942816726734615e-05,4.88 小时,17580.0
Sb117,Sb117,6988995664797.402,126953.14205533148,480595500.0,0.4805955,8.729882190365004,8.729882190365003e-09,不稳定,6.876460124602632e-05,2.80 小时,10080.0
Gd150,Gd-150,6854543933484.119,6854543911682.372,0.08411167892712704,8.411167892712704e-11,0.08411167865959916,8.411167865959916e-11,不稳定,1.227093731447916e-14,1791187.78 年,56486897683200.0
Zn71,Zn71,6439671194931.697,0.0,30364897500.0,30.3648975,0.0,0.0,不稳定,0.004715286942584662,2.45 分钟,147.0
Fr220,Fr220,5630760360329.08,0.0,142443272560.97824,142.44327256097824,0.0,0.0,不稳定,0.025297342356202384,27.40 秒,27.4
Ca47,Ca47,5609672462973.874,3546856287582.041,9921473.509187572,0.009921473509187572,6273100.779129123,0.006273100779129123,不稳定,1.7686368633237223e-06,4.54 天,391910.39999999997
Ra221,Ra221,5509002715578.039,0.0,136376774999.99998,136.37677499999998,0.0,0.0,不稳定,0.024755256448569473,28.00 秒,28.0
Rh97m,Rh-97m,5468257602024.256,3.886777057688163e-16,1367354740.05,1.36735474005,9.719006345604725e-20,9.719006345604725e-29,不稳定,0.0002500530954400957,46.20 分钟,2772.0
Tb163,Tb163,5267679942159.453,1.0762105957810917e-54,3120750000.0000005,3.1207500000000006,6.375831967131647e-58,6.375831967131647e-67,不稳定,0.0005924334876580728,19.50 分钟,1170.0
Tb162,Tb-162,5087444246907.72,3.9328977350970155e-159,7733218500.0,7.7332185,5.97823898358134e-162,5.97823898358134e-171,不稳定,0.001520059606491108,7.60 分钟,456.0
As70,As70,4506030691658.977,8.519577849667919e-13,989652239.9999999,0.9896522399999998,1.871141117255475e-16,1.871141117255475e-25,不稳定,0.0002196283842078407,52.60 分钟,3156.0
Mn56,Mn-56,4242643723039.2417,16719.22702735109,316756125.0,0.316756125,1.2482588479961358,1.2482588479961358e-09,不稳定,7.466008123187162e-05,2.58 小时,9284.039999999999
Cu66,Cu-66,4193240923160.0635,4.250998718817619e-242,9461370844.065691,9.46137084406569,9.591691980834545e-245,9.591691980834545e-254,不稳定,0.0022563384783852386,5.12 分钟,307.2
Gd162,Gd162,3744104820427.18,5.726927132391324e-143,5149237500.0,5.1492375,7.876197212478767e-146,7.876197212478767e-155,不稳定,0.0013752920249205263,8.40 分钟,504.0
Gd149,Gd-149,3639151825858.094,2908602971208.125,3146037.660294833,0.003146037660294833,2514480.0008745305,0.0025144800008745304,不稳定,8.644975012970263e-07,9.28 天,801792.0
Ag110,Ag110,3621732563309.3223,0.0,102048525000.0,102.048525,0.0,0.0,不稳定,0.028176714656908342,24.60 秒,24.6
Se70,Se70,3430718384483.632,7.839277470458224e-20,964311750.0,0.96431175,2.20347651106051e-23,2.20347651106051e-32,不稳定,0.00028108158173558204,41.10 分钟,2466.0
Nd141,Nd141,3277112837370.262,6471.569103132281,253404900.0,0.2534049,0.5004183263760592,5.004183263760592e-10,不稳定,7.7325656019628e-05,2.49 小时,8964.0
Rn219,Rn219,2841923236607.981,0.0,497442191621.8728,497.4421916218728,0.0,0.0,不稳定,0.175037166808067,3.96 秒,3.96
Cu59,Cu59,2825412433933.474,0.0,24029775000.000004,24.029775000000004,0.0,0.0,不稳定,0.008504873381103624,1.36 分钟,81.5
Sc48,Sc48,2810037558771.4185,896179921404.3494,12389446.169058088,0.012389446169058089,3951254.266823513,0.003951254266823513,不稳定,4.408996645039471e-06,1.82 天,157212.0
Sc47,Sc-47,2787919118264.317,1498430750625.6633,6678067.52515692,0.00667806752515692,3589279.785376127,0.003589279785376127,不稳定,2.3953591341324507e-06,3.35 天,289370.88
Pb209,Pb-209,2783902395622.77,605106.8791633622,164775600.0,0.1647756,35.815497423703924,3.581549742370392e-08,不稳定,5.918871303070202e-05,3.25 小时,11710.800000000001
Zn60,Zn60,2603854716024.3564,0.0,12639037500.0,12.6390375,0.0,0.0,不稳定,0.004853971852660682,2.38 分钟,142.79999999999998
Mg24,Mg-24,2453872437315.189,2453872437315.189,0.0,0.0,0.0,0.0,稳定,0.0,稳定,inf
In114,In114,2372828681091.0,0.0,22875097500.0,22.8750975,0.0,0.0,不稳定,0.00964043366564597,1.20 分钟,71.9
Kr79,Kr-79,2285584540284.695,550101088374.3658,12559031.583188538,0.012559031583188537,3022743.9944004393,0.003022743994400439,不稳定,5.4948882274221945e-06,1.46 天,126144.0
Ga70,Ga70,2158646615559.016,6.57836708701208e-50,1179643500.0,1.1796435,3.5949042881194914e-53,3.5949042881194914e-62,不稳定,0.0005464736522863018,21.14 分钟,1268.4
Cs127,Cs127,2056421208183.5007,700239369.0094206,63351224.99982533,0.06335122499982533,21571.953082042448,2.1571953082042447e-05,不稳定,3.080654135821979e-05,6.25 小时,22500.0
Er165,Er165,2048592407718.249,16571247466.040426,38073145.95469794,0.038073145954697935,307977.08760851185,0.00030797708760851183,不稳定,1.8585027363790896e-05,10.36 小时,37296.0
Yb170,Yb-170,2024456619722.1875,2024456619722.1875,0.0,0.0,0.0,0.0,稳定,0.0,稳定,inf
Sr81,Sr-81,2006013563204.1985,9.687442650852394e-47,1039209749.9999998,1.0392097499999997,5.018552735631165e-50,5.018552735631165e-59,不稳定,0.0005180472201494359,22.30 分钟,1338.0
Sr87m,Sr-87m,1935587462396.3997,38662.41093605052,132390664.32674596,0.13239066432674595,2.644438635679239,2.644438635679239e-09,不稳定,6.839818241167804e-05,2.81 小时,10134.0
Lu179,Lu-179,1815258716314.1226,34427016.1375374,76146299.99999999,0.07614629999999999,1444.141198912236,1.4441411989122359e-06,不稳定,4.1947904899536755e-05,4.59 小时,16524.0
Ga65,Ga65,1782042617560.8962,4.954782345502112e-74,1354405500.0,1.3544055,3.765782251176515e-77,3.765782251176515e-86,不稳定,0.000760029803245554,15.20 分钟,912.0
Ac232,Ac232,1757334047028.784,0.0,10236060000.0,10.23606,0.0,0.0,不稳定,0.005824766223192818,1.98 分钟,119.0
Rh104,Rh104,1755920327796.4438,0.0,28773315000.000004,28.773315000000004,0.0,0.0,不稳定,0.016386458169265847,42.30 秒,42.3
Ta181,Ta-181,1695169079524.608,1695169079524.608,0.0,0.0,0.0,0.0,稳定,0.0,稳定,inf
W187,W187,1559501388216.143,190210881073.18707,12658843.806461263,0.012658843806461264,1543986.976856177,0.001543986976856177,不稳定,8.11723792111609e-06,23.72 小时,85392.0
Pr140,Pr140,1435079382694.5637,0.0,4890468180.896969,4.890468180896969,0.0,0.0,不稳定,0.0034078032475906845,3.39 分钟,203.4
Mn51,Mn51,1422759831762.3284,1.0112819613046384e-16,355765500.0,0.3557655,2.528741847869559e-20,2.528741847869559e-29,不稳定,0.0002500530954400957,46.20 分钟,2772.0
Nb87,Nb87,1266269216865.2532,0.0,3900937500.0000005,3.9009375000000004,0.0,0.0,不稳定,0.003080654135821979,3.75 分钟,225.0
La134,La134,1237094374108.6775,2.9669669783389726e-190,2215732500.0,2.2157325,5.314069239922788e-193,5.314069239922788e-202,不稳定,0.0017910779859430111,6.45 分钟,387.0
Bi211,Bi-211,1208216682528.3264,0.0,6522367500.0,6.5223675,0.0,0.0,不稳定,0.005398342527725431,2.14 分钟,128.4
Yb171,Yb-171,1170831194747.9307,1170831194747.9307,0.0,0.0,0.0,0.0,稳定,0.0,稳定,inf
Ag108,Ag108,1146004031724.2588,0.0,5586142500.0,5.5861425,0.0,0.0,不稳定,0.004874452746553764,2.37 分钟,142.20000000000002
Th224,Th224,1054211332014.2186,0.0,695927250000.0,695.92725,0.0,0.0,不稳定,0.6601401719618526,1.05 秒,1.05
Pb211,Pb-211,984948094210.6451,9.329948296873393e-25,315195750.0,0.31519575,2.9857005340479483e-28,2.9857005340479483e-37,不稳定,0.0003200125487349701,36.10 分钟,2166.0
Mn52m,Mn-52m,974682869867.1572,2.270815012278962e-50,533648248.96405697,0.5336482489640569,1.2432930674047076e-53,1.2432930674047078e-62,不稳定,0.0005475096212953754,21.10 分钟,1266.0
Sb118,Sb118,848987924216.3448,0.0,2724414750.0,2.72441475,0.0,0.0,不稳定,0.0032090147248145617,3.60 分钟,216.0
Fr224,Fr224,810501444146.6293,0.0,2811795750.0,2.81179575,0.0,0.0,不稳定,0.0034692051079076337,3.33 分钟,199.8
Gd145,Gd145,807710924464.4495,2.322575362185428e-45,405697500.0,0.4056975,1.1665844666208861e-48,1.1665844666208861e-57,不稳定,0.0005022805656231487,23.00 分钟,1380.0
In112,In112,804747516825.1936,1.0846263100810543e-75,621029250.0,0.62102925,8.370136593117565e-79,8.370136593117565e-88,不稳定,0.0007717069478511971,14.97 分钟,898.2
As69,As69,802267655190.8846,3.2881640316411396e-74,608546250.0,0.60854625,2.494179938444603e-77,2.494179938444603e-86,不稳定,0.0007585326992339081,15.23 分钟,913.8000000000001
Nd136,Nd-136,777163783548.5831,1.641718562043957e-14,177258600.0,0.1772586,3.744496849469221e-18,3.744496849469221e-27,不稳定,0.00022808396859491455,50.65 分钟,3039.0
Tb147,Tb147,754915264572.3651,0.0459142165130361,88629300.0,0.0886293,5.390465739097198e-06,5.390465739097198e-15,不稳定,0.0001174029777371181,1.64 小时,5904.0
Gd142,Gd142,625800377128.543,0.0,6179085000.0,6.179085,0.0,0.0,不稳定,0.009873891460967881,1.17 分钟,70.2
Ta184,Ta184,572507661518.6405,1847134756.27413,12670244.937120473,0.012670244937120472,40879.19056276166,4.0879190562761656e-05,不稳定,2.2131136033203875e-05,8.70 小时,31319.999999999996
Nb88,Nb88,540545003295.4392,1.113406721212052e-78,430663500.0,0.4306635,8.870744018673871e-82,8.870744018673872e-91,不稳定,0.0007967208971953394,14.50 分钟,870.0
Fe61,Fe61,537935475693.32324,1.8375747900425778e-206,1039209749.9999999,1.03920975,3.5499157881439417e-209,3.5499157881439417e-218,不稳定,0.0019318483293198029,5.98 分钟,358.8
Dy168,Dy168,533494416295.9334,1.778961356211392e-138,708410250.0,0.70841025,2.3622261463276303e-141,2.3622261463276304e-150,不稳定,0.0013278681619922324,8.70 分钟,522.0
Gd144,Gd144,490250816032.2983,5.782296643574029e-280,1267024500.0,1.2670245,1.4944006769778424e-282,1.4944006769778424e-291,不稳定,0.002584441389112399,4.47 分钟,268.2
Re185,Re-185,485244949481.27386,485244949481.27386,0.0,0.0,0.0,0.0,稳定,0.0,稳定,inf
Tb164,Tb164,480574493184.7008,0.0,1850604750.0,1.85060475,0.0,0.0,不稳定,0.003850817669777474,3.00 分钟,180.0
Se73,Se73,470509172396.6939,437740862.17007446,12670244.999003947,0.012670244999003946,11787.833893903136,1.1787833893903137e-05,不稳定,2.6928794893548767e-05,7.15 小时,25740.0
Ag99,Ag99,466725447456.42523,0.0,2608947000.0,2.608947,0.0,0.0,不稳定,0.005589896617418913,2.07 分钟,124.0
Mo89,Mo89,460551906655.83624,0.0,2521566000.0,2.521566,0.0,0.0,不稳定,0.005475096212953754,2.11 分钟,126.6
Co62,Co-62,445726764336.569,0.0,3432824999.9999995,3.4328249999999993,0.0,0.0,不稳定,0.007701635339554948,1.50 分钟,90.0
Tb150,Tb-150,439685886228.37634,259977.47313686702,24326870.399999995,0.024326870399999995,14.383992058901523,1.4383992058901522e-08,不稳定,5.532784008300968e-05,3.48 小时,12528.0
Zn63,Zn63,421922794021.5328,6.621872446314345e-23,126702450.0,0.12670245,1.9885331497228908e-26,1.9885331497228908e-35,不稳定,0.0003002977127458389,38.47 分钟,2308.2
Ho164,Ho164,413634437304.33606,5.936461829458346e-34,164775600.0,0.1647756,2.3648515974659695e-37,2.3648515974659694e-46,不稳定,0.0003983604485976697,29.00 分钟,1740.0
Tb148,Tb148,394184542133.28577,8.347182362131107e-11,75896640.0,0.07589664,1.607173866647467e-14,1.607173866647467e-23,不稳定,0.0001925408834888737,1.00 小时,3600.0
Zn61,Zn61,387514848914.21313,0.0,3014644500.0,3.0146445,0.0,0.0,不稳定,0.007779429635914089,1.48 分钟,89.1
Br74,Br74,362012254420.90515,2.2904502331586347e-40,164650770.0,0.16465077,1.041744830266914e-43,1.041744830266914e-52,不稳定,0.00045482098461938666,25.40 分钟,1524.0
Ga68,Ga68,355431786441.9249,2.2110016265274112e-08,60642578.80510139,0.060642578805101384,3.772336788364418e-12,3.772336788364418e-21,不稳定,0.00017061664465119514,1.13 小时,4062.5999999999995
Dy167,Dy167,346694381423.9713,6.166153627744963e-199,645995250.0,0.64599525,1.148938710207231e-201,1.148938710207231e-210,不稳定,0.0018632988724729713,6.20 分钟,372.0
Tc97m,Tc-97m,343462433281.74194,335626347029.7278,30582.020139338205,3.05820201393382e-05,29884.292165763556,2.9884292165763558e-05,不稳定,8.9040364173545e-08,90.10 天,7784639.999999999
Cr49,Cr49,324521500928.974,5.858070002249265e-20,88629300.0,0.0886293,1.5998836507414775e-23,1.5998836507414774e-32,不稳定,0.00027310763615443075,42.30 分钟,2538.0
Br75,Br-75,318691935126.31757,0.01135224385844318,38073150.0,0.03807315,1.3562178254927345e-06,1.3562178254927345e-15,不稳定,0.00011946693908306538,1.61 小时,5802.0
La132,La132,315866297577.85626,9639474.41338673,12670244.999999985,0.012670244999999985,386.66519165039034,3.8666519165039036e-07,不稳定,4.011268406018202e-05,4.80 小时,17280.0
Ba137m,Ba-137m,310525471875.1319,0.0,1405693934.9679615,1.4056939349679616,0.0,0.0,不稳定,0.004526823279518974,2.55 分钟,153.12
Y85m,Y-85m,309711682252.83887,10746175.964263447,12269991.960449982,0.012269991960449983,425.7362580835768,4.2573625808357677e-07,不稳定,3.9617465738451376e-05,4.86 小时,17496.0
As68,As68,307828808490.04205,0.0,1407458250.0,1.40745825,0.0,0.0,不稳定,0.004572210953561645,2.53 分钟,151.6
Ho168,Ho-168,304507018523.0974,0.0,1176522750.0,1.17652275,0.0,0.0,不稳定,0.0038636966586396058,2.99 分钟,179.4
Fe62,Fe62,278295583405.77783,0.0,2836761750.0,2.83676175,0.0,0.0,不稳定,0.01019334089058743,1.13 分钟,68.0
Tb165,Tb165,270745242155.3493,0.0,1482356250.0,1.48235625,0.0,0.0,不稳定,0.005475096212953754,2.11 分钟,126.6
Yb177,Yb177,251508539446.36832,1.1448886755160343,25340489.999999996,0.025340489999999997,0.00011535210731567958,1.1535210731567958e-13,不稳定,0.00010075399449967226,1.91 小时,6879.6
Na24,Na24,242455562684.81085,8624379030.978642,3120703.806813656,0.003120703806813656,111006.45485443839,0.00011100645485443839,不稳定,1.2871240289382558e-05,14.96 小时,53852.4
Rn218,Rn218,234681939881.9324,0.0,4647689284500.0,4647.6892845,0.0,0.0,不稳定,19.804205158855577,3.50e-02 秒,0.035
Sc45,Sc-45,229163373103.6969,229163373103.6969,0.0,0.0,0.0,0.0,稳定,0.0,稳定,inf
Ag101,Ag101,219192214454.74878,1.5247729898474095e-106,228126825.0,0.228126825,1.5869250734334683e-109,1.5869250734334683e-118,不稳定,0.0010407615323722902,11.10 分钟,666.0
Cd106,Cd-106,218416267177.0857,218416267177.0857,0.0,0.0,0.0,0.0,稳定,0.0,稳定,inf
Pr136,Pr-136,201003861095.48743,1.0770701691794796e-88,177258600.0,0.1772586,9.49832253221348e-92,9.49832253221348e-101,不稳定,0.0008818666419337727,13.10 分钟,786.0
Cs128,Cs128,187810348871.125,0.0,596063250.0,0.59606325,0.0,0.0,不稳定,0.003173750826739676,3.64 分钟,218.4
Pr137,Pr137,168462025374.85684,1.965915114644746e-06,25340489.999999996,0.025340489999999997,2.957179945608045e-10,2.957179945608045e-19,不稳定,0.00015042256522568257,1.28 小时,4608.0
Se71,Se71,166458686172.2387,7.325794268173526e-264,405697500.0,0.4056975,1.785461899559313e-266,1.785461899559313e-275,不稳定,0.002437226373276882,4.74 分钟,284.40000000000003
Ho161,Ho161,163197587081.89258,297.25776904260107,12670244.999999998,0.012670244999999998,0.023078336078787894,2.3078336078787895e-11,不稳定,7.763745301970713e-05,2.48 小时,8928.0
Br78,Br78,162991202083.13315,8.020093774501098e-191,291478050.0,0.29147805,1.4342377161046969e-193,1.4342377161046968e-202,不稳定,0.0017883054194013034,6.46 分钟,387.6
Yb178,Yb178,162320180699.73184,4.3324097784070157e-07,25340489.999999996,0.025340489999999997,6.76350815975937e-11,6.76350815975937e-20,不稳定,0.00015611422985584354,1.23 小时,4440.0
Tb149,Tb-149,153600829307.89713,837761.1228360543,7181748.270899999,0.0071817482708999986,39.17029304115705,3.917029304115705e-08,不稳定,4.675592119690959e-05,4.12 小时,14824.800000000001
Kr74,Kr74,151290469313.1488,1.250948082878997e-102,151980525.0,0.151980525,1.2566538212673121e-105,1.2566538212673121e-114,不稳定,0.0010045611312462974,11.50 分钟,690.0
Tm175,Tm175,149872247790.25974,4.1670404518623764e-75,113907375.00000003,0.11390737500000003,3.167074934745226e-78,3.1670749347452263e-87,不稳定,0.000760029803245554,15.20 分钟,912.0
Fe53,Fe53,149426521025.92313,2.2916105591467456e-142,202848750.0,0.20284875,3.1108958049627233e-145,3.110895804962723e-154,不稳定,0.0013575150422247264,8.51 分钟,510.59999999999997
Ag103,Ag-103,144113998269.89706,2.3171440198043906e-09,25340489.999999996,0.025340489999999997,4.074383166612764e-13,4.074383166612764e-22,不稳定,0.00017583642327751023,1.09 小时,3942.0
Dy165m,Dy-165m,143595315759.1862,0.0,1319712122.25,1.31971212225,0.0,0.0,不稳定,0.009190495631927146,1.26 分钟,75.41999999999999
Cr56,Cr56,143292240198.92023,1.68002883188243e-208,278682975.0,0.278682975,3.2674165209840757e-211,3.2674165209840757e-220,不稳定,0.001944857408978522,5.94 分钟,356.40000000000003
V47,V47,142664981079.65384,1.83326789598876e-29,50556149.99999999,0.050556149999999994,6.496546387094437e-33,6.496546387094437e-42,不稳定,0.00035436972421265094,32.60 分钟,1956.0
I121,I121,139507614763.5533,8.335615687308946,12670244.999999996,0.012670244999999997,0.0007570503815368772,7.570503815368772e-13,不稳定,9.082117145701589e-05,2.12 小时,7632.0
Sc49,Sc49,125469112648.98192,2.308895550992548e-12,25340489.999999996,0.025340489999999997,4.66318310424792e-16,4.66318310424792e-25,不稳定,0.00020196596170161577,57.20 分钟,3432.0
Ga64,Ga64,121350327209.0791,0.0,533648250.0,0.53364825,0.0,0.0,不稳定,0.004397583939601227,2.63 分钟,157.61999999999998
Y81,Y81,105548097794.89955,0.0,1039209749.9999999,1.03920975,0.0,0.0,不稳定,0.009845840632953767,1.17 分钟,70.4
Pb214,Pb-214,98019806693.20804,2.931404395146e-38,42252582.492803484,0.04225258249280348,1.2636161017266676e-41,1.2636161017266676e-50,不稳定,0.00043106167945270227,26.80 分钟,1608.0
Nd139,Nd-139,97881597448.31056,1.6014738848003118e-33,38073150.0,0.03807315,6.229276700279005e-37,6.2292767002790046e-46,不稳定,0.0003889714817957044,29.70 分钟,1782.0
Pr144m,Pr-144m,97212692447.32104,2.342747986689271e-170,155978480.75116128,0.15597848075116127,3.7589563929077696e-173,3.7589563929077694e-182,不稳定,0.0016045073624072809,7.20 分钟,432.0
Lu178,Lu-178,93443779700.1159,1.513812835240111e-35,38010734.99999999,0.03801073499999999,6.157835085928051e-39,6.157835085928051e-48,不稳定,0.0004067765144131134,28.40 分钟,1704.0
Tm174,Tm174,88837396193.77217,1.332291600265822e-230,190053675.0,0.190053675,2.850228908666519e-233,2.8502289086665187e-242,不稳定,0.0021393431498763745,5.40 分钟,324.0
Th223,Th223,84553016507.48248,0.0,97679475000.0,97.679475,0.0,0.0,不稳定,1.1552453009332422,6.00e-01 秒,0.6
Er163,Er163,82256848327.56682,3.765687833899257e-07,12670244.999999998,0.012670244999999998,5.8003908998581277e-11,5.800390899858127e-20,不稳定,0.00015403270679109895,1.25 小时,4500.0
I122,I122,75604173766.76883,0.0,240609825.0,0.240609825,0.0,0.0,不稳定,0.003182493941964855,3.63 分钟,217.79999999999998
Te123m,Te-123m,74466218761.77722,73178957821.82205,5009.710534754831,5.009710534754832e-06,4923.110129912174,4.923110129912174e-06,不稳定,6.727494182001177e-08,119.25 天,10303200.0
Hf183,Hf183,70214445732.41103,3.413890855912828e-10,12670244.999999998,0.012670244999999998,6.160389517638643e-14,6.160389517638644e-23,不稳定,0.00018045068743099691,1.07 小时,3841.2
Ho170,Ho170,66580232819.700294,0.0,278682975.0,0.278682975,0.0,0.0,不稳定,0.004185671380192907,2.76 分钟,165.6
Fr219,Fr219,62585485484.41841,0.0,2169047640375.0002,2169.0476403750004,0.0,0.0,不稳定,34.657359027997266,2.00e-02 秒,0.02
Cd105,Cd-105,60870067762.39944,2.253615382779336e-13,12670244.999999996,0.012670244999999997,4.6909523983183746e-17,4.690952398318375e-26,不稳定,0.00020815230647445806,55.50 分钟,3330.0
Fr227,Fr227,56915525881.718834,0.0,266199975.0,0.266199975,0.0,0.0,不稳定,0.004677106481511101,2.47 分钟,148.20000000000002
Ta185,Ta185,54179844098.42401,2.5641737030047334e-16,12670244.999999998,0.012670244999999998,5.99645672302188e-20,5.99645672302188e-29,不稳定,0.0002338553240755551,49.40 分钟,2964.0
Ag106,Ag106,52556642291.4267,2.7846372410647556e-44,25340489.999999996,0.025340489999999997,1.3426290014790345e-47,1.3426290014790345e-56,不稳定,0.0004821558017250593,23.96 分钟,1437.6000000000001
Sb116,Sb116,52071691571.828514,2.5684207083539336e-72,38073150.0,0.03807315,1.8779468064212094e-75,1.8779468064212095e-84,不稳定,0.0007311679119830646,15.80 分钟,948.0
K44,K-44,48542508093.04143,8.356415588637432e-49,25340489.999999993,0.025340489999999993,4.362272861011607e-52,4.362272861011607e-61,不稳定,0.0005220267966259567,22.13 分钟,1327.8
At217,At-217,47477978958.422134,0.0,1018861524882.8083,1018.8615248828083,0.0,0.0,不稳定,21.459665032815643,3.23e-02 秒,0.0323
Y83,Y83,46666781813.73998,9.765364635953008e-174,76146300.0,0.0761463,1.5934168937266063e-176,1.5934168937266063e-185,不稳定,0.001631702402448082,7.08 分钟,424.8
V52,V-52,45197261192.33726,0.0,139497525.0,0.139497525,0.0,0.0,不稳定,0.003086415444651996,3.74 分钟,224.57999999999998
Pr134m,Pr-134m,37289771241.83029,1.1872864922994593e-66,25340489.999999996,0.025340489999999997,8.068277300532132e-70,8.068277300532132e-79,不稳定,0.0006795560593724954,17.00 分钟,1020.0
Sb115,Sb115,35205931084.1986,1.0818519193564655e-30,12670244.999999998,0.012670244999999998,3.893471483308927e-34,3.893471483308927e-43,不稳定,0.00035988950184836203,32.10 分钟,1926.0
Ho162,Ho162,32902739331.02673,6.615966623348257e-77,25340489.999999996,0.025340489999999997,5.095376235169496e-80,5.0953762351694956e-89,不稳定,0.0007701635339554948,15.00 分钟,900.0
Po216,Po-216,31782306216.017284,0.0,151929765140.17383,151.92976514017383,0.0,0.0,不稳定,4.780325383172037,1.45e-01 秒,0.145
Ti51,Ti51,31586629757.785656,5.33342929289411e-216,63351225.0,0.063351225,1.0696908209159073e-218,1.0696908209159074e-227,不稳定,0.0020056342030091013,5.76 分钟,345.59999999999997
Te121m,Te-121m,30265660038.817364,29859733604.955433,1576.6712454674769,1.576671245467477e-06,1555.5247535282822,1.5555247535282823e-06,不稳定,5.209439488335327e-08,154.00 天,13305600.0
Ag102,Ag102,28296355824.682983,4.3821319305485006e-91,25340489.999999996,0.025340489999999997,3.924370016151684e-94,3.9243700161516836e-103,不稳定,0.0008955389929715056,12.90 分钟,774.0
Pm136,Pm136,27363121039.716484,0.0,177258600.0,0.1772586,0.0,0.0,不稳定,0.006478011033270517,1.78 分钟,107.0
Po211,Po-211,26986545856.37788,0.0,36251256150.0,36.25125615,0.0,0.0,不稳定,1.3433084894572582,5.16e-01 秒,0.516
Rn223,Rn223,26651218858.13165,8.11471744199476e-44,12670244.999999998,0.012670244999999998,3.8578144828252945e-47,3.8578144828252943e-56,不稳定,0.00047540958886141654,24.30 分钟,1458.0
Yb179,Yb179,26365413454.09039,7.325494179858995e-153,38073150.0,0.03807315,1.0578428410369898e-155,1.0578428410369898e-164,不稳定,0.0014440566261665526,8.00 分钟,480.0
Ar44,Ar44,26037034390.61915,7.209718103304371e-100,25340489.999999996,0.025340489999999997,7.016843268656869e-103,7.016843268656869e-112,不稳定,0.0009732479367592605,11.87 分钟,712.1999999999999
Kr78,Kr-78,25167404399.791687,25167404399.791687,0.0,0.0,0.0,0.0,稳定,0.0,稳定,inf
Rb79,Rb-79,25115757689.3504,4.0902981210193315e-47,12670244.999999996,0.012670244999999997,2.063448770185001e-50,2.063448770185001e-59,不稳定,0.0005044739305385337,22.90 分钟,1374.0
Dy150,Dy150,23591264100.34616,9.977689288518513e-172,38010734.99999999,0.03801073499999999,1.6076260341329088e-174,1.607626034132909e-183,不稳定,0.0016112207823336712,7.17 分钟,430.2
Eu142,Eu142,21330943157.780487,0.0,6318582525.000001,6.318582525000001,0.0,0.0,不稳定,0.29621674382903646,2.34 秒,2.34
Ra220,Ra-220,20748675512.836994,0.0,803457314641.1251,803.4573146411251,0.0,0.0,不稳定,38.72330617653326,1.79e-02 秒,0.0179
Pr138,Pr138,20681721865.2168,0.0,164775600.0,0.1647756,0.0,0.0,不稳定,0.007967208971953394,1.45 分钟,87.0
Ti52,Ti52,20527743528.445988,0.0,139497525.0,0.139497525,0.0,0.0,不稳定,0.006795560593724954,1.70 分钟,102.0
Br72,Br72,20100386109.548744,0.0,177258600.0,0.1772586,0.0,0.0,不稳定,0.008818666419337727,1.31 分钟,78.6
Sm143,Sm-143,19170040759.587776,4.5689220479777994e-139,25309828.007099997,0.025309828007099997,6.0322579728647295e-142,6.0322579728647294e-151,不稳定,0.0013202803439237053,8.75 分钟,525.0
K45,K45,18973913014.22541,1.2813296568040943e-65,12670244.999999998,0.012670244999999998,8.556358757048173e-69,8.5563587570481725e-78,不稳定,0.000667771850250429,17.30 分钟,1038.0
Mo91m,Mo-91m,18714745803.01526,0.0,200806088.05349997,0.20080608805349998,0.0,0.0,不稳定,0.010729832516407823,1.08 分钟,64.6
Eu144,Eu-144,18644885620.91515,0.0,1267024500.0000002,1.2670245000000002,0.0,0.0,不稳定,0.06795560593724954,10.20 秒,10.2
Nd134,Nd134,18644885620.915146,1.8901285363953392e-143,25340489.999999996,0.025340489999999997,2.568896599800638e-146,2.5688965998006383e-155,不稳定,0.0013591121187449908,8.50 分钟,510.0
Sm140,Sm140,16253953229.527205,2.8928415201903285e-78,12670244.999999998,0.012670244999999998,2.2550213040111024e-81,2.2550213040111026e-90,不稳定,0.0007795177469185169,14.82 分钟,889.2
Cd103,Cd-103,16012666474.433008,1.1499670638893463e-168,25340490.0,0.02534049,1.8198548586111846e-171,1.8198548586111846e-180,不稳定,0.001582527809497592,7.30 分钟,438.0
Cr55,Cr55,15303663767.96164,0.0,50556150.0,0.05055615,0.0,0.0,不稳定,0.003303532459059886,3.50 分钟,209.82
Dy148,Dy148,14441547164.504837,0.0,50556150.0,0.05055615,0.0,0.0,不稳定,0.00350074333616134,3.30 分钟,198.0
Kr75,Kr75,14138452964.755968,1.0358607146368955e-293,38073150.0,0.03807315,2.789448072274181e-296,2.7894480722741814e-305,不稳定,0.002692879489354877,4.29 分钟,257.4
Pm139,Pm-139,13677058229.30939,5.95179291332031e-304,38073150.0,0.03807315,1.656814649455677e-306,1.65681465e-315,不稳定,0.0027837236167066073,4.15 分钟,249.00000000000003
V53,V53,12351763983.348658,0.0,88629300.0,0.0886293,0.0,0.0,不稳定,0.0071754366517592675,1.61 分钟,96.60000000000001
Zr89m,Zr-89m,12328420738.206425,3.61379188792553e-303,34228190.64105,0.03422819064105,1.0033203790138523e-305,1.003320379e-314,不稳定,0.0027763645780659514,4.16 分钟,249.65999999999997
Po218,Po-218,11529210759.50092,0.0,42964730.81736262,0.04296473081736262,0.0,0.0,不稳定,0.0037265977449459425,3.10 分钟,186.0
Ta186,Ta186,11515958765.859354,1.6179273926798036e-114,12670244.999999998,0.012670244999999998,1.780098112042396e-117,1.7800981120423958e-126,不稳定,0.0011002336199364211,10.50 分钟,630.0
Tb146,Tb146,9671820557.048662,0.0,291478050.0,0.29147805,0.0,0.0,不稳定,0.030136833937388925,23.00 秒,23.0
Er173,Er173,9452000723.291403,0.0,76146300.0,0.0761463,0.0,0.0,不稳定,0.008056103911668356,1.43 分钟,86.03999999999999
Nb93m,Nb-93m,9152931591.11581,9149701498.524061,12.46397638803184,1.246397638803184e-08,12.459577819399055,1.2459577819399054e-08,不稳定,1.3617469183457963e-09,16.14 年,509013217.6704
Zr85,Zr85,8620517704.729004,3.0474225569385723e-156,12670244.999999998,0.012670244999999998,4.479033828067749e-159,4.479033828067749e-168,不稳定,0.0014697777365562876,7.86 分钟,471.6
Sm139,Sm139,8469889072.126536,0.0,38073150.0,0.03807315,0.0,0.0,不稳定,0.0044951179024639775,2.57 分钟,154.2
Pm142,Pm-142,8150721695.118259,0.0,139497525.0,0.139497525,0.0,0.0,不稳定,0.017114745199010996,40.50 秒,40.5
Mn57,Mn57,7805260941.304675,0.0,63351225.0,0.063351225,0.0,0.0,不稳定,0.00811647752412114,1.42 分钟,85.4
Lu181,Lu181,7677305843.906236,0.0,25340489.999999996,0.025340489999999997,0.0,0.0,不稳定,0.0033007008598092634,3.50 分钟,210.0
Cu57,Cu57,7132263052.352494,0.0,25184452500.000004,25.184452500000003,0.0,0.0,不稳定,3.531060522465335,1.96e-01 秒,0.1963
Ag105m,Ag-105m,6578601011.119129,8.904067024026277e-171,10511615.359349998,0.010511615359349998,1.4227360426972328e-173,1.4227360426972328e-182,不稳定,0.0015978496555093251,7.23 分钟,433.8
Lu180,Lu180,6251520472.895078,4.4354359525596665e-219,12670244.999999998,0.012670244999999998,8.989502704885813e-222,8.989502704885814e-231,不稳定,0.002026746141988144,5.70 分钟,342.0
Eu143,Eu143,5681206324.490615,0.0,25340489.999999996,0.025340489999999997,0.0,0.0,不稳定,0.0044604065673098155,2.59 分钟,155.39999999999998
Y85,Y-85,5570818072.738212,45.556039203684676,400227.69905999996,0.00040022769905999995,0.003272910461392244,3.272910461392244e-12,不稳定,7.184361324211705e-05,2.68 小时,9648.0
In105,In105,5560562946.943518,1.7627370986391356e-247,12670244.999999998,0.012670244999999998,4.016555719888675e-250,4.016555719888675e-259,不稳定,0.002278590337146434,5.07 分钟,304.20000000000005
Dy149,Dy149,4606383506.343742,1.0777236406997335e-300,12670245.0,0.012670245,2.964369456245316e-303,2.964369456243e-312,不稳定,0.0027505840498410527,4.20 分钟,252.0
Rb82,Rb82,4195396415.882132,0.0,38073150.0,0.03807315,0.0,0.0,不稳定,0.00907498272532005,1.27 分钟,76.38
Tm176,Tm176,4058004517.4932966,0.0,25340489.999999996,0.025340489999999997,0.0,0.0,不稳定,0.006244569194233741,1.85 分钟,111.0
Rb81m,Rb-81m,3956893237.9380903,9.11303720794027e-34,1498748.30145,0.00149874830145,3.451735544820587e-37,3.4517355448205866e-46,不稳定,0.00037876895112565315,30.50 分钟,1830.0
Sc50,Sc50,3747256423.8113775,0.0,25340489.999999996,0.025340489999999997,0.0,0.0,不稳定,0.006762411517658003,1.71 分钟,102.5
Sr85m,Sr-85m,2873080079.657885,1.6961389179861065e-10,490775.13843407907,0.000490775138434079,2.897318519493484e-14,2.897318519493484e-23,不稳定,0.00017081846827343518,1.13 小时,4057.7999999999997
Ho150,Ho150,2807700422.914281,0.0,25340490.0,0.02534049,0.0,0.0,不稳定,0.009025353913540955,1.28 分钟,76.8
Sr79,Sr79,2467705449.8270044,0.0,12670244.999999998,0.012670244999999998,0.0,0.0,不稳定,0.005134423559703298,2.25 分钟,135.0
In103,In103,2193515955.401782,0.0,25340489.999999996,0.025340489999999997,0.0,0.0,不稳定,0.011552453009332421,1.00 分钟,60.0
Tb149m,Tb-149m,1976389462.4467635,4.873041493796972e-304,5488496.729099999,0.005488496729099999,1.3532592035965523e-306,1.353259203e-315,不稳定,0.0027770319733972162,4.16 分钟,249.60000000000002
Ra219,Ra219,1931482645.4584656,0.0,133880174999.99998,133.88017499999998,0.0,0.0,不稳定,69.31471805599453,1.00e-02 秒,0.01
K46,K46,1919326460.976559,0.0,12670244.999999998,0.012670244999999998,0.0,0.0,不稳定,0.006601401719618527,1.75 分钟,105.0
Tl208,Tl-208,1203415716.8679426,0.0,4553686.052999998,0.004553686052999999,0.0,0.0,不稳定,0.0037839675759359388,3.05 分钟,183.18
Kr81m,Kr-81m,229140544.3564508,0.0,12124284.142949997,0.012124284142949996,0.0,0.0,不稳定,0.05291199851602636,13.10 秒,13.1
Bi215,Bi-215,211492325.12144947,1.634961772733188e-163,321480.94049999997,0.00032148094049999995,2.485239348888814e-166,2.485239348888814e-175,不稳定,0.001520059606491108,7.60 分钟,456.0
Po215,Po-215,195145355.89877886,0.0,75948598113.75949,75.94859811375949,0.0,0.0,不稳定,389.1898824031136,1.78e-03 秒,0.001781
At215,At-215,181460318.28102097,0.0,1257787079999.9998,1257.7870799999998,0.0,0.0,不稳定,6931.471805599453,1.00e-04 秒,0.0001
Pm140,Pm-140,168169556.58080328,0.0,12670245.0,0.012670245,0.0,0.0,不稳定,0.07534208484347232,9.20 秒,9.2
Sc44,Sc-44,161294220.18806,559.9287118919128,7822.602432407556,7.822602432407556e-06,0.027155961934119878,2.7155961934119877e-11,不稳定,4.849896309543418e-05,3.97 小时,14292.0
Yb168,Yb-168,158643452.36338472,158643452.36338472,0.0,0.0,0.0,0.0,稳定,0.0,稳定,inf
Sb126m,Sb-126m,115027038.19326577,1.4197295287924277e-60,69391.3552757383,6.93913552757383e-05,8.564678155266936e-64,8.564678155266936e-73,不稳定,0.0006032612537510403,19.15 分钟,1149.0
Rn217,Rn217,106373421.67999111,0.0,136541550600.0,136.5415506,0.0,0.0,不稳定,1283.6058899258246,5.40e-04 秒,0.00054
At216,At216,60181998.680949494,0.0,139049942353.87497,139.04994235387497,0.0,0.0,不稳定,2310.4906018664847,3.00e-04 秒,0.0003
Rn216,Rn216,52138605.62698097,0.0,803105055303.75,803.10505530375,0.0,0.0,不稳定,15403.270679109894,4.50e-05 秒,4.5e-05
Po214,Po-214,49684459.16281362,0.0,209608294500.0,209.6082945,0.0,0.0,不稳定,4218.789899938803,1.64e-04 秒,0.0001643
At219,At-219,26954490.405196495,0.0,333632.6612105723,0.0003336326612105723,0.0,0.0,不稳定,0.012377628224284737,56.00 秒,56.0
Cd111m,Cd-111m,24321547.236970786,3.7376426023719196e-20,5793.268692151831,5.793268692151831e-06,8.902874335995989e-24,8.902874335995988e-33,不稳定,0.00023819490740891591,48.50 分钟,2910.0
Sm143m,Sm-143m,2912089.847231851,0.0,30583.437380999992,3.058343738099999e-05,0.0,0.0,不稳定,0.01050223000848402,1.10 分钟,66.0
Po213,Po-213,827348.8352888197,0.0,136541550600.0,136.5415506,0.0,0.0,不稳定,165035.04299046317,4.20e-06 秒,4.2e-06
Rn215,Rn215,444408.76380129735,0.0,133930731150.0,133.93073115,0.0,0.0,不稳定,301368.3393738893,2.30e-06 秒,2.2999999999999996e-06
Po212,Po-212,46226.77813587251,0.0,107163748933.947,107.163748933947,0.0,0.0,不稳定,2318217.9951837636,2.99e-07 秒,2.99e-07
At218,At-218,18308.394825421,0.0,8460.274835879238,8.460274835879238e-06,0.0,0.0,不稳定,0.46209812037329684,1.50 秒,1.5
Co60m,Co-60m,6825.554640121329,3.902289136267709e-121,7.533381030155013,7.533381030155013e-09,4.306965880917275e-124,4.3069658809172755e-133,不稳定,0.0011037023989044065,10.47 分钟,628.02
Bi209,Bi-209,0.0,0.0,0.0,0.0,0.0,0.0,稳定,0.0,稳定,inf
Bi214,Bi-214,0.0,0.0,0.0,0.0,0.0,0.0,不稳定,0.0005805252768508755,19.90 分钟,1194.0
Tl207,Tl-207,0.0,0.0,0.0,0.0,0.0,0.0,不稳定,0.002421897905520424,4.77 分钟,286.2
Tl209,Tl-209,0.0,0.0,0.0,0.0,0.0,0.0,不稳定,0.005345882928890524,2.16 分钟,129.66
V50,V50,0.0,0.0,0.0,0.0,0.0,0.0,不稳定,1.4643318528611795e-25,150099534246575360.00 年,4.7335389120000005e+24
Bi210,Bi-210,0.0,0.0,0.0,0.0,0.0,0.0,不稳定,1.6003464616071022e-06,5.01 天,433123.2
Hg206,Hg-206,0.0,0.0,0.0,0.0,0.0,0.0,不稳定,0.0014174788968506038,8.15 分钟,489.0
Os187,Os-187,0.0,0.0,0.0,0.0,0.0,0.0,稳定,0.0,稳定,inf
Hf176,Hf-176,-237409344.5234375,-237409344.5234375,0.0,0.0,0.0,0.0,稳定,0.0,稳定,inf
Te123,Te123,-149261389136026.9,-149261389136026.9,-5.4642051628547956e-09,-5.464205162854795e-18,-5.4642051628547956e-09,-5.464205162854795e-18,不稳定,3.660829632152949e-23,600398136986301.50 年,1.8934155648000003e+22
Sm148,Sm-148,-9188254357993714.0,-9188254357993714.0,-2.8831400418430167e-08,-2.8831400418430164e-17,-2.8831400418430167e-08,-2.8831400418430164e-17,不稳定,3.1378539704168136e-24,7004644931506850.00 年,2.2089848256e+23
Cd113,Cd-113,-3.8229534278035656e+16,-3.8229534278035656e+16,-1.0905335992865441e-07,-1.0905335992865441e-16,-1.0905335992865441e-07,-1.0905335992865441e-16,不稳定,2.8525945185607395e-24,7705109424657535.00 年,2.42988330816e+23
In115,In-115,-2.0965023653873286e+17,-2.0965023653873286e+17,-1.0442092493998208e-05,-1.0442092493998209e-14,-1.0442092493998208e-05,-1.0442092493998209e-14,不稳定,4.9807205879631965e-23,441292630684931.50 年,1.391660440128e+22
Nd144,Nd-144,-5.624860056987384e+17,-5.624860056987384e+17,-5.395193285589417e-06,-5.3951932855894166e-15,-5.395193285589417e-06,-5.3951932855894166e-15,不稳定,9.591693359352705e-24,2291519556164383.50 年,7.22653607232e+22
Ce140,Ce-140,-1.6025291868443197e+18,-1.6025291868443197e+18,0.0,0.0,0.0,0.0,稳定,0.0,稳定,inf
